t,v,vw,o,c,h,l,n
2023-08-21 10:08:00,100,15.2,15.2,15.2,15.2,15.2,1
2023-08-21 10:10:00,313,15.2,15.2,15.2,15.2,15.2,4
2023-08-21 10:18:00,100,15.15,15.15,15.15,15.15,15.15,1
2023-08-21 10:40:00,120,15.19,15.19,15.19,15.19,15.19,2
2023-08-21 11:02:00,2300,15.1996,15.19,15.2,15.2,15.19,14
2023-08-21 11:14:00,100,15.2,15.2,15.2,15.2,15.2,1
2023-08-21 11:26:00,200,15.2,15.2,15.2,15.2,15.2,2
2023-08-21 11:41:00,250,15.2,15.2,15.2,15.2,15.2,3
2023-08-21 11:47:00,1304,15.2,15.2,15.2,15.2,15.2,5
2023-08-21 11:57:00,155,15.19,15.19,15.19,15.19,15.19,2
2023-08-21 12:00:00,5027,15.1877,15.1996,15.19,15.2,15.17,15
2023-08-21 12:13:00,350,15.1982,15.2,15.2,15.2,15.2,4
2023-08-21 12:16:00,500,15.1701,15.1701,15.1701,15.1701,15.1701,1
2023-08-21 12:20:00,1000,15.2,15.2,15.2,15.2,15.2,10
2023-08-21 12:21:00,1000,15.2,15.2,15.2,15.2,15.2,10
2023-08-21 12:22:00,518,15.2,15.2,15.2,15.2,15.2,6
2023-08-21 12:23:00,3291,15.2,15.2,15.2,15.2,15.2,14
2023-08-21 12:27:00,1500,15.2,15.2,15.2,15.2,15.2,15
2023-08-21 12:33:00,100,15.19,15.19,15.19,15.19,15.19,1
2023-08-21 12:38:00,500,15.2,15.2,15.2,15.2,15.2,1
2023-08-21 12:41:00,200,15.2,15.2,15.2,15.2,15.2,2
2023-08-21 12:45:00,150,15.2,15.2,15.2,15.2,15.2,1
2023-08-21 12:46:00,150,15.18,15.18,15.18,15.18,15.18,2
2023-08-21 12:49:00,950,15.1758,15.18,15.18,15.18,15.17,6
2023-08-21 12:51:00,500,15.198,15.198,15.198,15.198,15.198,1
2023-08-21 12:55:00,1787,15.1724,15.19,15.17,15.19,15.17,8
2023-08-21 12:56:00,250,15.18,15.18,15.18,15.18,15.18,1
2023-08-21 12:57:00,100,15.18,15.18,15.18,15.18,15.18,1
2023-08-21 13:00:00,627,15.18,15.18,15.18,15.18,15.18,2
2023-08-21 13:03:00,400,15.17,15.17,15.17,15.17,15.17,3
2023-08-21 13:10:00,100,15.18,15.18,15.18,15.18,15.18,1
2023-08-21 13:17:00,100,15.16,15.16,15.16,15.16,15.16,1
2023-08-21 13:19:00,800,15.1842,15.18,15.1882,15.1882,15.18,3
2023-08-21 13:23:00,305,15.19,15.19,15.19,15.19,15.19,2
2023-08-21 13:25:00,400,15.19,15.19,15.19,15.19,15.19,2
2023-08-21 13:27:00,579,15.1943,15.2,15.19,15.2,15.19,4
2023-08-21 13:28:00,155,15.1929,15.19,15.19,15.19,15.19,3
2023-08-21 13:29:00,7739,15.1094,15.2,15.06,15.2,15.06,26
2023-08-21 13:30:00,180795,15.0769,15.07,15.12,15.15,15.05,265
2023-08-21 13:31:00,50089,15.1522,15.1295,15.175,15.19,15.1295,208
2023-08-21 13:32:00,38179,15.1636,15.175,15.16,15.1899,15.1401,279
2023-08-21 13:33:00,38360,15.1722,15.17,15.1292,15.21,15.12,288
2023-08-21 13:34:00,16561,15.137,15.125,15.14,15.15,15.115,126
2023-08-21 13:35:00,29031,15.1471,15.14,15.14,15.16,15.13,213
2023-08-21 13:36:00,47127,15.1139,15.14,15.1,15.14,15.09,204
2023-08-21 13:37:00,20422,15.1349,15.1,15.17,15.17,15.0999,157
2023-08-21 13:38:00,40729,15.1859,15.165,15.18,15.2,15.165,237
2023-08-21 13:39:00,25085,15.1646,15.18,15.155,15.18,15.155,133
2023-08-21 13:40:00,49992,15.152,15.16,15.125,15.19,15.12,319
2023-08-21 13:41:00,28434,15.1436,15.13,15.15,15.16,15.13,193
2023-08-21 13:42:00,41545,15.1403,15.14,15.13,15.155,15.13,217
2023-08-21 13:43:00,20563,15.139,15.14,15.14,15.15,15.13,213
2023-08-21 13:44:00,56043,15.1238,15.15,15.105,15.16,15.09,243
2023-08-21 13:45:00,50031,15.111,15.105,15.0899,15.13,15.0817,261
2023-08-21 13:46:00,131670,15.1324,15.09,15.165,15.17,15.085,557
2023-08-21 13:47:00,39800,15.1671,15.16,15.18,15.18,15.15,211
2023-08-21 13:48:00,17586,15.1843,15.1801,15.17,15.2,15.17,157
2023-08-21 13:49:00,33033,15.1727,15.1699,15.17,15.19,15.155,131
2023-08-21 13:50:00,34850,15.1569,15.1664,15.16,15.17,15.145,251
2023-08-21 13:51:00,28882,15.1442,15.15,15.14,15.155,15.135,199
2023-08-21 13:52:00,19759,15.1639,15.15,15.18,15.185,15.1494,192
2023-08-21 13:53:00,26351,15.1741,15.175,15.175,15.185,15.16,135
2023-08-21 13:54:00,43360,15.1497,15.17,15.13,15.17,15.12,147
2023-08-21 13:55:00,35828,15.1255,15.125,15.13,15.135,15.115,206
2023-08-21 13:56:00,8153,15.1345,15.125,15.165,15.165,15.1194,83
2023-08-21 13:57:00,13694,15.1674,15.17,15.175,15.18,15.155,174
2023-08-21 13:58:00,19221,15.1807,15.18,15.185,15.185,15.17,105
2023-08-21 13:59:00,39463,15.1834,15.19,15.175,15.19,15.165,272
2023-08-21 14:00:00,19698,15.1823,15.175,15.18,15.2,15.16,167
2023-08-21 14:01:00,26437,15.1585,15.175,15.14,15.19,15.13,174
2023-08-21 14:02:00,16056,15.1288,15.135,15.13,15.14,15.115,144
2023-08-21 14:03:00,108259,15.14,15.135,15.15,15.155,15.1301,67
2023-08-21 14:04:00,10193,15.1456,15.145,15.155,15.16,15.135,102
2023-08-21 14:05:00,13889,15.1418,15.16,15.135,15.16,15.135,103
2023-08-21 14:06:00,43824,15.1127,15.14,15.115,15.14,15.1,261
2023-08-21 14:07:00,24565,15.0987,15.11,15.0899,15.11,15.085,227
2023-08-21 14:08:00,21691,15.1005,15.085,15.11,15.11,15.08,152
2023-08-21 14:09:00,20327,15.1061,15.105,15.09,15.12,15.09,177
2023-08-21 14:10:00,13244,15.0979,15.085,15.095,15.105,15.085,131
2023-08-21 14:11:00,39837,15.0907,15.095,15.0884,15.1,15.085,221
2023-08-21 14:12:00,17494,15.0839,15.085,15.085,15.095,15.0701,143
2023-08-21 14:13:00,60693,15.0656,15.085,15.055,15.09,15.045,302
2023-08-21 14:14:00,64718,15.0779,15.0501,15.075,15.095,15.0501,449
2023-08-21 14:15:00,90779,15.0567,15.075,15.05,15.08,15.03,398
2023-08-21 14:16:00,29510,15.0499,15.045,15.03,15.07,15.03,167
2023-08-21 14:17:00,16174,15.0379,15.03,15.0481,15.0481,15.02,138
2023-08-21 14:18:00,24762,15.0554,15.05,15.055,15.06,15.05,119
2023-08-21 14:19:00,68631,15.069,15.055,15.08,15.08,15.05,307
2023-08-21 14:20:00,26115,15.0704,15.08,15.07,15.085,15.05,230
2023-08-21 14:21:00,18441,15.0597,15.07,15.05,15.07,15.045,157
2023-08-21 14:22:00,14386,15.06,15.05,15.07,15.07,15.05,122
2023-08-21 14:23:00,29954,15.0628,15.07,15.06,15.075,15.05,264
2023-08-21 14:24:00,9906,15.0538,15.06,15.05,15.06,15.05,80
2023-08-21 14:25:00,74854,15.0176,15.055,14.99,15.06,14.987,349
2023-08-21 14:26:00,34880,14.9972,14.98,14.995,15.01,14.98,269
2023-08-21 14:27:00,24602,14.9996,14.995,15.0088,15.01,14.99,189
2023-08-21 14:28:00,87134,14.9888,15.0099,14.975,15.0099,14.965,258
2023-08-21 14:29:00,39625,14.9736,14.9781,14.965,14.98,14.955,133
2023-08-21 14:30:00,29973,14.962,14.97,14.96,14.97,14.95,274
2023-08-21 14:31:00,23270,14.9672,14.955,14.965,14.975,14.95,227
2023-08-21 14:32:00,39248,14.9777,14.9689,14.98,14.99,14.96,278
2023-08-21 14:33:00,69837,14.9666,14.975,14.975,14.9799,14.955,305
2023-08-21 14:34:00,42043,14.9668,14.975,14.96,14.98,14.9503,265
2023-08-21 14:35:00,22010,14.9685,14.965,14.975,14.98,14.96,180
2023-08-21 14:36:00,78781,14.9918,14.975,14.99,15.005,14.975,460
2023-08-21 14:37:00,26344,14.9866,14.989,14.99,14.99,14.98,203
2023-08-21 14:38:00,19087,14.9858,14.99,14.99,14.99,14.97,141
2023-08-21 14:39:00,10461,14.9902,14.995,14.999,14.999,14.98,86
2023-08-21 14:40:00,38455,14.9997,14.995,14.9993,15.01,14.99,148
2023-08-21 14:41:00,26305,14.991,14.9998,14.99,14.9998,14.98,168
2023-08-21 14:42:00,12233,14.99,14.99,14.985,14.995,14.985,107
2023-08-21 14:43:00,12551,14.9952,14.99,14.995,15.0,14.985,97
2023-08-21 14:44:00,32376,14.9917,14.995,14.99,15.0,14.985,248
2023-08-21 14:45:00,13567,14.9762,14.985,14.975,14.985,14.965,134
2023-08-21 14:46:00,50413,14.9864,14.97,15.0,15.0,14.97,209
2023-08-21 14:47:00,20625,14.9768,14.99,14.9708,14.99,14.97,83
2023-08-21 14:48:00,11906,14.9708,14.97,14.965,14.98,14.965,101
2023-08-21 14:49:00,20975,14.9579,14.965,14.96,14.965,14.95,170
2023-08-21 14:50:00,34279,14.9347,14.955,14.9164,14.96,14.915,178
2023-08-21 14:51:00,94213,14.8962,14.915,14.8812,14.915,14.88,312
2023-08-21 14:52:00,95822,14.903,14.8824,14.92,14.92,14.8824,351
2023-08-21 14:53:00,41943,14.9302,14.915,14.94,14.94,14.915,182
2023-08-21 14:54:00,45758,14.9426,14.9391,14.9471,14.955,14.9331,167
2023-08-21 14:55:00,22168,14.9516,14.945,14.965,14.9676,14.94,142
2023-08-21 14:56:00,13374,14.9621,14.965,14.965,14.975,14.955,151
2023-08-21 14:57:00,9557,14.9581,14.965,14.945,14.97,14.945,107
2023-08-21 14:58:00,8921,14.9489,14.945,14.95,14.955,14.9446,91
2023-08-21 14:59:00,48012,14.9635,14.945,14.97,14.97,14.945,249
2023-08-21 15:00:00,12472,14.9608,14.965,14.9601,14.965,14.9517,112
2023-08-21 15:01:00,2870,14.9619,14.9669,14.965,14.9699,14.96,24
2023-08-21 15:02:00,11672,14.9749,14.96,14.985,14.99,14.96,134
2023-08-21 15:03:00,7533,14.9811,14.98,14.975,14.985,14.975,70
2023-08-21 15:04:00,17522,14.987,14.975,14.99,14.995,14.975,174
2023-08-21 15:05:00,2983,15.0025,15.0,15.01,15.01,15.0,38
2023-08-21 15:06:00,29836,14.9987,15.01,14.99,15.01,14.99,174
2023-08-21 15:07:00,20906,14.9974,14.99,15.0,15.0,14.99,115
2023-08-21 15:08:00,40435,14.985,14.995,14.98,14.995,14.975,250
2023-08-21 15:09:00,7695,14.9783,14.98,14.985,14.985,14.97,86
2023-08-21 15:10:00,8758,14.9714,14.985,14.96,14.985,14.96,106
2023-08-21 15:11:00,10280,14.9572,14.955,14.94,14.96,14.94,85
2023-08-21 15:12:00,6139,14.9435,14.94,14.94,14.9478,14.94,65
2023-08-21 15:13:00,11089,14.9496,14.95,14.95,14.9599,14.94,142
2023-08-21 15:14:00,13000,14.9381,14.94,14.935,14.94,14.9332,81
2023-08-21 15:15:00,21668,14.9201,14.935,14.91,14.935,14.905,171
2023-08-21 15:16:00,16741,14.9089,14.91,14.905,14.915,14.9,118
2023-08-21 15:17:00,16371,14.9173,14.9025,14.92,14.925,14.9025,174
2023-08-21 15:18:00,7427,14.922,14.92,14.925,14.93,14.92,87
2023-08-21 15:19:00,43663,14.944,14.9256,14.94,14.95,14.925,192
2023-08-21 15:20:00,54198,14.9514,14.945,14.95,14.96,14.935,235
2023-08-21 15:21:00,13031,14.9472,14.95,14.94,14.96,14.93,100
2023-08-21 15:22:00,10799,14.9293,14.935,14.93,14.935,14.92,57
2023-08-21 15:23:00,14300,14.9134,14.925,14.905,14.925,14.9,100
2023-08-21 15:24:00,24202,14.8964,14.905,14.895,14.9067,14.885,175
2023-08-21 15:25:00,3824,14.9015,14.895,14.895,14.9,14.89,48
2023-08-21 15:26:00,37362,14.8764,14.89,14.87,14.9,14.86,174
2023-08-21 15:27:00,38683,14.8596,14.86,14.86,14.87,14.85,222
2023-08-21 15:28:00,2963,14.8655,14.865,14.865,14.87,14.86,45
2023-08-21 15:29:00,19824,14.8826,14.86,14.89,14.89,14.86,145
2023-08-21 15:30:00,10140,14.8923,14.89,14.89,14.9,14.885,114
2023-08-21 15:31:00,3940,14.8883,14.89,14.8896,14.89,14.885,43
2023-08-21 15:32:00,6844,14.8832,14.89,14.885,14.89,14.88,60
2023-08-21 15:33:00,19304,14.8711,14.88,14.86,14.8899,14.86,172
2023-08-21 15:34:00,10230,14.871,14.865,14.875,14.8798,14.865,102
2023-08-21 15:35:00,24911,14.8735,14.875,14.875,14.885,14.865,162
2023-08-21 15:36:00,31780,14.8767,14.88,14.8699,14.885,14.865,104
2023-08-21 15:37:00,8800,14.8682,14.865,14.86,14.875,14.86,77
2023-08-21 15:38:00,59519,14.8525,14.86,14.835,14.87,14.83,304
2023-08-21 15:39:00,11064,14.8376,14.835,14.835,14.84,14.83,118
2023-08-21 15:40:00,21871,14.8379,14.835,14.84,14.845,14.83,139
2023-08-21 15:41:00,13259,14.8463,14.845,14.8473,14.855,14.84,140
2023-08-21 15:42:00,12931,14.8407,14.845,14.84,14.85,14.835,85
2023-08-21 15:43:00,9755,14.848,14.845,14.845,14.85,14.84,105
2023-08-21 15:44:00,24692,14.844,14.845,14.836,14.85,14.83,113
2023-08-21 15:45:00,16543,14.8404,14.835,14.85,14.85,14.83,139
2023-08-21 15:46:00,21648,14.8343,14.84,14.835,14.845,14.825,136
2023-08-21 15:47:00,7231,14.8354,14.835,14.835,14.84,14.83,60
2023-08-21 15:48:00,12287,14.844,14.835,14.85,14.85,14.83,111
2023-08-21 15:49:00,19022,14.8494,14.85,14.845,14.855,14.84,116
2023-08-21 15:50:00,9128,14.8513,14.8425,14.855,14.86,14.8425,94
2023-08-21 15:51:00,33389,14.8536,14.855,14.855,14.86,14.85,197
2023-08-21 15:52:00,7910,14.8546,14.855,14.855,14.855,14.85,79
2023-08-21 15:53:00,43453,14.8556,14.855,14.855,14.86,14.845,199
2023-08-21 15:54:00,14846,14.8476,14.85,14.845,14.86,14.84,149
2023-08-21 15:55:00,32215,14.8308,14.845,14.845,14.845,14.82,279
2023-08-21 15:56:00,9087,14.8358,14.845,14.825,14.845,14.82,72
2023-08-21 15:57:00,17000,14.8326,14.825,14.83,14.845,14.82,163
2023-08-21 15:58:00,6945,14.8293,14.825,14.82,14.8356,14.82,80
2023-08-21 15:59:00,7697,14.8278,14.825,14.825,14.83,14.82,51
2023-08-21 16:00:00,19784,14.8193,14.825,14.82,14.83,14.8136,175
2023-08-21 16:01:00,38187,14.8386,14.815,14.855,14.86,14.81,290
2023-08-21 16:02:00,17178,14.8533,14.85,14.855,14.86,14.84,115
2023-08-21 16:03:00,13679,14.8506,14.855,14.845,14.86,14.845,136
2023-08-21 16:04:00,20489,14.8415,14.85,14.83,14.85,14.83,117
2023-08-21 16:05:00,16583,14.829,14.835,14.83,14.835,14.82,145
2023-08-21 16:06:00,7638,14.8226,14.825,14.8232,14.83,14.82,60
2023-08-21 16:07:00,103631,14.8277,14.82,14.825,14.83,14.81,208
2023-08-21 16:08:00,9627,14.821,14.82,14.825,14.83,14.81,123
2023-08-21 16:09:00,8407,14.8204,14.825,14.815,14.83,14.815,80
2023-08-21 16:10:00,4418,14.8123,14.815,14.81,14.815,14.81,56
2023-08-21 16:11:00,121823,14.7845,14.81,14.785,14.81,14.76,491
2023-08-21 16:12:00,2047,14.7851,14.78,14.785,14.79,14.78,32
2023-08-21 16:13:00,17484,14.7952,14.785,14.805,14.805,14.785,135
2023-08-21 16:14:00,18005,14.8084,14.8,14.805,14.81,14.8,28
2023-08-21 16:15:00,14197,14.8014,14.805,14.79,14.81,14.79,81
2023-08-21 16:16:00,24643,14.79,14.79,14.795,14.8,14.78,237
2023-08-21 16:17:00,13883,14.7966,14.795,14.7999,14.8,14.79,104
2023-08-21 16:18:00,18117,14.7798,14.7901,14.78,14.8,14.77,196
2023-08-21 16:19:00,52547,14.86,14.775,14.78,14.78,14.77,88
2023-08-21 16:20:00,29324,14.7793,14.775,14.78,14.7874,14.77,131
2023-08-21 16:21:00,8065,14.7902,14.785,14.78,14.8,14.78,108
2023-08-21 16:22:00,43990,14.796,14.78,14.795,14.81,14.78,291
2023-08-21 16:23:00,44567,14.8102,14.8,14.82,14.83,14.795,297
2023-08-21 16:24:00,5956,14.8186,14.8291,14.815,14.8291,14.815,74
2023-08-21 16:25:00,45204,14.8122,14.815,14.805,14.82,14.8,368
2023-08-21 16:26:00,5347,14.8011,14.81,14.795,14.81,14.795,69
2023-08-21 16:27:00,44800,14.8078,14.8,14.815,14.82,14.795,288
2023-08-21 16:28:00,12313,14.8156,14.8191,14.805,14.8191,14.8,52
2023-08-21 16:29:00,10072,14.8013,14.805,14.805,14.81,14.795,100
2023-08-21 16:30:00,14666,14.7997,14.805,14.795,14.805,14.79,141
2023-08-21 16:31:00,11404,14.7966,14.795,14.797,14.8,14.79,94
2023-08-21 16:32:00,21794,14.7816,14.795,14.77,14.8,14.77,140
2023-08-21 16:33:00,38940,14.7711,14.77,14.775,14.78,14.765,278
2023-08-21 16:34:00,11378,14.7846,14.78,14.795,14.8,14.775,110
2023-08-21 16:35:00,27572,14.799,14.795,14.81,14.81,14.79,177
2023-08-21 16:36:00,17345,14.8019,14.8082,14.795,14.8083,14.79,92
2023-08-21 16:37:00,11359,14.7855,14.795,14.775,14.8,14.77,91
2023-08-21 16:38:00,77068,14.7805,14.775,14.795,14.795,14.775,153
2023-08-21 16:39:00,14708,14.803,14.8,14.81,14.815,14.7936,163
2023-08-21 16:40:00,5540,14.8093,14.805,14.805,14.8189,14.8033,79
2023-08-21 16:41:00,12557,14.7983,14.8,14.8,14.8,14.7918,132
2023-08-21 16:42:00,23162,14.7914,14.795,14.8,14.8,14.79,213
2023-08-21 16:43:00,27783,14.7715,14.79,14.775,14.79,14.76,216
2023-08-21 16:44:00,44209,14.7682,14.775,14.7601,14.785,14.75,306
2023-08-21 16:45:00,14747,14.7692,14.765,14.7739,14.78,14.76,132
2023-08-21 16:46:00,7005,14.7756,14.77,14.775,14.78,14.77,63
2023-08-21 16:47:00,29882,14.7774,14.78,14.785,14.79,14.77,232
2023-08-21 16:48:00,3038,14.7853,14.785,14.785,14.79,14.785,52
2023-08-21 16:49:00,24873,14.7811,14.785,14.785,14.79,14.78,211
2023-08-21 16:50:00,8648,14.7902,14.785,14.795,14.8,14.78,95
2023-08-21 16:51:00,2672,14.7959,14.795,14.795,14.8,14.795,43
2023-08-21 16:52:00,6970,14.7919,14.795,14.785,14.8,14.785,78
2023-08-21 16:53:00,61768,14.7712,14.785,14.76,14.79,14.76,225
2023-08-21 16:54:00,20828,14.7621,14.7696,14.765,14.77,14.76,159
2023-08-21 16:55:00,18176,14.768,14.765,14.7693,14.775,14.76,163
2023-08-21 16:56:00,8275,14.7736,14.77,14.76,14.77,14.76,128
2023-08-21 16:57:00,18537,14.7564,14.765,14.755,14.765,14.75,145
2023-08-21 16:58:00,13720,14.7543,14.755,14.755,14.76,14.75,112
2023-08-21 16:59:00,24548,14.7597,14.755,14.76,14.765,14.755,273
2023-08-21 17:00:00,5495,14.7575,14.76,14.75,14.76,14.75,41
2023-08-21 17:01:00,223760,14.7492,14.755,14.74,14.76,14.73,250
2023-08-21 17:02:00,38823,14.753,14.735,14.765,14.77,14.735,341
2023-08-21 17:03:00,24387,14.7602,14.77,14.76,14.77,14.755,200
2023-08-21 17:04:00,22810,14.7638,14.76,14.765,14.77,14.755,143
2023-08-21 17:05:00,27986,14.7693,14.765,14.78,14.78,14.76,186
2023-08-21 17:06:00,17159,14.7745,14.785,14.765,14.785,14.765,138
2023-08-21 17:07:00,41739,14.7657,14.765,14.785,14.79,14.755,231
2023-08-21 17:08:00,7674,14.7896,14.785,14.795,14.795,14.785,69
2023-08-21 17:09:00,27976,14.7794,14.79,14.765,14.79,14.76,178
2023-08-21 17:10:00,11892,14.7614,14.765,14.76,14.765,14.755,92
2023-08-21 17:11:00,19218,14.7484,14.755,14.745,14.76,14.74,117
2023-08-21 17:12:00,53252,14.7276,14.745,14.73,14.745,14.71,319
2023-08-21 17:13:00,48721,14.6352,14.725,14.73,14.73,14.71,202
2023-08-21 17:14:00,13173,14.7174,14.72,14.711,14.73,14.711,82
2023-08-21 17:15:00,16738,14.7115,14.715,14.715,14.72,14.705,184
2023-08-21 17:16:00,18471,14.7104,14.715,14.71,14.72,14.7047,184
2023-08-21 17:17:00,70252,14.7132,14.71,14.72,14.7222,14.7012,234
2023-08-21 17:18:00,22498,14.7389,14.72,14.745,14.75,14.72,134
2023-08-21 17:19:00,28069,14.7434,14.745,14.745,14.75,14.7333,109
2023-08-21 17:20:00,19925,14.7509,14.745,14.77,14.77,14.735,182
2023-08-21 17:21:00,5379,14.7595,14.765,14.755,14.765,14.755,61
2023-08-21 17:22:00,55343,14.7502,14.76,14.76,14.76,14.7409,237
2023-08-21 17:23:00,50697,14.7545,14.76,14.755,14.77,14.745,379
2023-08-21 17:24:00,30341,14.7614,14.755,14.755,14.77,14.7501,222
2023-08-21 17:25:00,24304,14.7609,14.755,14.765,14.77,14.75,136
2023-08-21 17:26:00,14245,14.7705,14.765,14.78,14.78,14.765,91
2023-08-21 17:27:00,7517,14.771,14.77,14.775,14.775,14.77,72
2023-08-21 17:28:00,12887,14.7641,14.775,14.76,14.7775,14.75,118
2023-08-21 17:29:00,15450,14.7673,14.765,14.7671,14.775,14.76,154
2023-08-21 17:30:00,18312,14.7677,14.765,14.76,14.7699,14.76,68
2023-08-21 17:31:00,52902,14.7801,14.765,14.785,14.79,14.765,399
2023-08-21 17:32:00,45589,14.7851,14.785,14.79,14.8,14.775,310
2023-08-21 17:33:00,20996,14.7935,14.79,14.81,14.81,14.785,168
2023-08-21 17:34:00,73647,14.8166,14.81,14.81,14.83,14.805,439
2023-08-21 17:35:00,3729,14.8143,14.815,14.82,14.82,14.8101,52
2023-08-21 17:36:00,17823,14.8245,14.815,14.835,14.84,14.815,118
2023-08-21 17:37:00,24384,14.8212,14.835,14.815,14.835,14.81,198
2023-08-21 17:38:00,6591,14.8096,14.81,14.805,14.81,14.805,69
2023-08-21 17:39:00,38755,14.8143,14.8,14.82,14.83,14.795,187
2023-08-21 17:40:00,29357,14.8348,14.825,14.821,14.845,14.821,214
2023-08-21 17:41:00,75570,14.8216,14.83,14.83,14.835,14.81,437
2023-08-21 17:42:00,21701,14.8327,14.83,14.84,14.84,14.825,145
2023-08-21 17:43:00,103621,14.848,14.845,14.85,14.865,14.835,640
2023-08-21 17:44:00,45095,14.849,14.85,14.8492,14.8599,14.845,158
2023-08-21 17:45:00,80888,14.8443,14.845,14.84,14.86,14.83,422
2023-08-21 17:46:00,53421,14.8193,14.83,14.815,14.835,14.8,348
2023-08-21 17:47:00,16947,14.8165,14.81,14.815,14.825,14.81,102
2023-08-21 17:48:00,12024,14.8126,14.82,14.815,14.82,14.81,84
2023-08-21 17:49:00,9876,14.8116,14.815,14.8,14.82,14.8,94
2023-08-21 17:50:00,11613,14.8013,14.805,14.805,14.8063,14.8,53
2023-08-21 17:51:00,77078,14.7988,14.805,14.815,14.82,14.781,467
2023-08-21 17:52:00,58215,14.8095,14.815,14.795,14.82,14.795,447
2023-08-21 17:53:00,50867,14.8013,14.8,14.795,14.815,14.79,268
2023-08-21 17:54:00,4940,14.804,14.795,14.79,14.8,14.79,41
2023-08-21 17:55:00,12724,14.7923,14.795,14.79,14.8,14.785,92
2023-08-21 17:56:00,10023,14.7916,14.8,14.7891,14.8,14.785,62
2023-08-21 17:57:00,7542,14.7837,14.785,14.785,14.785,14.78,56
2023-08-21 17:58:00,16038,14.787,14.785,14.79,14.79,14.78,156
2023-08-21 17:59:00,20925,14.7865,14.785,14.795,14.8,14.78,127
2023-08-21 18:00:00,18516,14.8113,14.8,14.82,14.82,14.795,139
2023-08-21 18:01:00,3688,14.8155,14.82,14.8199,14.82,14.815,43
2023-08-21 18:02:00,15309,14.8089,14.81,14.805,14.82,14.8,120
2023-08-21 18:03:00,17105,14.8064,14.81,14.815,14.82,14.8,143
2023-08-21 18:04:00,24274,14.8054,14.815,14.805,14.815,14.8,107
2023-08-21 18:05:00,41276,14.8209,14.805,14.835,14.835,14.805,350
2023-08-21 18:06:00,16519,14.8244,14.83,14.825,14.8313,14.8207,70
2023-08-21 18:07:00,23458,14.8196,14.82,14.82,14.825,14.81,196
2023-08-21 18:08:00,3867,14.8144,14.82,14.81,14.82,14.81,51
2023-08-21 18:09:00,9725,14.8102,14.81,14.81,14.815,14.81,67
2023-08-21 18:10:00,47348,14.8027,14.815,14.805,14.82,14.8,184
2023-08-21 18:11:00,16342,14.8066,14.8,14.8015,14.81,14.8,161
2023-08-21 18:12:00,2570,14.8059,14.81,14.8064,14.81,14.805,44
2023-08-21 18:13:00,2305,14.8039,14.805,14.805,14.805,14.8,49
2023-08-21 18:14:00,25102,14.8073,14.8,14.825,14.825,14.795,226
2023-08-21 18:15:00,15568,14.8273,14.825,14.825,14.83,14.82,52
2023-08-21 18:16:00,25302,14.8236,14.825,14.835,14.835,14.815,191
2023-08-21 18:17:00,6078,14.8249,14.83,14.825,14.83,14.82,54
2023-08-21 18:18:00,3464,14.8208,14.82,14.825,14.825,14.82,46
2023-08-21 18:19:00,15836,14.8275,14.825,14.835,14.84,14.82,145
2023-08-21 18:20:00,5278,14.8342,14.835,14.835,14.84,14.83,52
2023-08-21 18:21:00,2758,14.8334,14.835,14.835,14.835,14.83,38
2023-08-21 18:22:00,9232,14.8271,14.83,14.825,14.8399,14.82,94
2023-08-21 18:23:00,7884,14.8237,14.825,14.825,14.83,14.82,73
2023-08-21 18:24:00,8130,14.8272,14.825,14.8275,14.83,14.82,74
2023-08-21 18:25:00,11435,14.8198,14.825,14.81,14.825,14.81,99
2023-08-21 18:26:00,20533,14.8024,14.815,14.79,14.815,14.79,125
2023-08-21 18:27:00,7639,14.7958,14.795,14.785,14.795,14.785,90
2023-08-21 18:28:00,14315,14.782,14.785,14.785,14.79,14.775,141
2023-08-21 18:29:00,1711,14.787,14.79,14.785,14.79,14.7825,33
2023-08-21 18:30:00,6943,14.7849,14.785,14.78,14.79,14.78,72
2023-08-21 18:31:00,3249,14.786,14.785,14.789,14.79,14.78,53
2023-08-21 18:32:00,27095,14.7747,14.785,14.765,14.7882,14.76,274
2023-08-21 18:33:00,19167,14.7607,14.76,14.7601,14.765,14.755,166
2023-08-21 18:34:00,9113,14.7595,14.7632,14.755,14.7672,14.75,67
2023-08-21 18:35:00,16718,14.7627,14.755,14.755,14.765,14.755,186
2023-08-21 18:36:00,2940,14.754,14.755,14.75,14.76,14.75,47
2023-08-21 18:37:00,45761,14.7625,14.75,14.76,14.77,14.75,314
2023-08-21 18:38:00,2398,14.7566,14.76,14.75,14.76,14.75,34
2023-08-21 18:39:00,13247,14.7597,14.755,14.76,14.765,14.755,121
2023-08-21 18:40:00,6536,14.7587,14.76,14.765,14.765,14.7501,62
2023-08-21 18:41:00,5590,14.7641,14.765,14.765,14.7675,14.76,68
2023-08-21 18:42:00,3469,14.7646,14.765,14.765,14.765,14.76,32
2023-08-21 18:43:00,17558,14.7694,14.765,14.77,14.78,14.76,190
2023-08-21 18:44:00,2106,14.7731,14.775,14.775,14.775,14.77,53
2023-08-21 18:45:00,37866,14.7644,14.775,14.765,14.775,14.755,291
2023-08-21 18:46:00,15459,14.7796,14.765,14.79,14.79,14.765,141
2023-08-21 18:47:00,122190,14.7338,14.79,14.805,14.81,14.79,92
2023-08-21 18:48:00,17044,14.7994,14.81,14.7981,14.81,14.79,102
2023-08-21 18:49:00,7263,14.7942,14.795,14.795,14.8,14.79,65
2023-08-21 18:50:00,11306,14.7945,14.795,14.795,14.8,14.79,94
2023-08-21 18:51:00,12209,14.7887,14.79,14.785,14.795,14.7825,105
2023-08-21 18:52:00,13902,14.7933,14.79,14.8,14.8,14.785,106
2023-08-21 18:53:00,37504,14.7905,14.8,14.79,14.8,14.785,145
2023-08-21 18:54:00,5122,14.7952,14.79,14.795,14.8,14.79,49
2023-08-21 18:55:00,12027,14.7924,14.795,14.785,14.8,14.785,104
2023-08-21 18:56:00,17821,14.7815,14.785,14.78,14.79,14.78,104
2023-08-21 18:57:00,21953,14.7882,14.7856,14.79,14.795,14.78,168
2023-08-21 18:58:00,5714,14.7846,14.79,14.78,14.79,14.78,50
2023-08-21 18:59:00,6294,14.7843,14.785,14.7838,14.785,14.78,36
2023-08-21 19:00:00,13698,14.7905,14.785,14.8,14.8,14.785,121
2023-08-21 19:01:00,37759,14.8,14.8,14.79,14.81,14.79,249
2023-08-21 19:02:00,44231,14.7936,14.79,14.805,14.805,14.79,244
2023-08-21 19:03:00,14693,14.8052,14.805,14.815,14.815,14.805,92
2023-08-21 19:04:00,4273,14.8142,14.8166,14.815,14.8166,14.8116,41
2023-08-21 19:05:00,20075,14.8173,14.815,14.815,14.82,14.81,94
2023-08-21 19:06:00,47892,14.8151,14.815,14.825,14.83,14.81,333
2023-08-21 19:07:00,4321,14.8245,14.825,14.825,14.83,14.82,48
2023-08-21 19:08:00,29831,14.8203,14.82,14.8225,14.83,14.815,248
2023-08-21 19:09:00,34013,14.8295,14.825,14.825,14.835,14.82,316
2023-08-21 19:10:00,11761,14.8208,14.825,14.815,14.83,14.815,98
2023-08-21 19:11:00,9874,14.8148,14.815,14.8199,14.82,14.81,89
2023-08-21 19:12:00,41324,14.8088,14.815,14.8,14.815,14.8,275
2023-08-21 19:13:00,51409,14.7993,14.805,14.8,14.8099,14.79,352
2023-08-21 19:14:00,24853,14.8011,14.8,14.805,14.81,14.7947,169
2023-08-21 19:15:00,27059,14.8085,14.805,14.8,14.815,14.8,216
2023-08-21 19:16:00,20489,14.8043,14.8,14.795,14.8,14.79,107
2023-08-21 19:17:00,62708,14.7893,14.795,14.785,14.7999,14.78,327
2023-08-21 19:18:00,34772,14.7877,14.79,14.79,14.795,14.78,204
2023-08-21 19:19:00,26585,14.789,14.79,14.78,14.795,14.78,109
2023-08-21 19:20:00,25306,14.7808,14.785,14.77,14.785,14.77,155
2023-08-21 19:21:00,44940,14.7742,14.77,14.7799,14.79,14.76,362
2023-08-21 19:22:00,13519,14.7801,14.775,14.7877,14.79,14.77,126
2023-08-21 19:23:00,13280,14.7788,14.785,14.77,14.785,14.77,109
2023-08-21 19:24:00,36241,14.7724,14.775,14.775,14.7799,14.765,211
2023-08-21 19:25:00,6850,14.7742,14.775,14.775,14.7778,14.77,53
2023-08-21 19:26:00,13310,14.7727,14.775,14.77,14.775,14.77,92
2023-08-21 19:27:00,22620,14.7717,14.77,14.765,14.78,14.765,205
2023-08-21 19:28:00,10927,14.7638,14.76,14.765,14.77,14.76,107
2023-08-21 19:29:00,75753,14.7717,14.765,14.78,14.785,14.76,470
2023-08-21 19:30:00,54368,14.7697,14.78,14.765,14.78,14.76,258
2023-08-21 19:31:00,31925,14.7687,14.76,14.765,14.7791,14.76,235
2023-08-21 19:32:00,45183,14.7648,14.765,14.765,14.77,14.76,212
2023-08-21 19:33:00,41185,14.7612,14.765,14.755,14.77,14.755,259
2023-08-21 19:34:00,17343,14.7544,14.755,14.76,14.76,14.75,126
2023-08-21 19:35:00,40778,14.7506,14.755,14.76,14.76,14.745,253
2023-08-21 19:36:00,36626,14.7652,14.7574,14.775,14.78,14.75,229
2023-08-21 19:37:00,17638,14.7671,14.775,14.75,14.7785,14.75,140
2023-08-21 19:38:00,30118,14.7589,14.75,14.765,14.77,14.75,180
2023-08-21 19:39:00,23203,14.769,14.76,14.765,14.7763,14.76,174
2023-08-21 19:40:00,75113,14.7636,14.765,14.775,14.78,14.76,213
2023-08-21 19:41:00,74920,14.7723,14.775,14.77,14.78,14.77,137
2023-08-21 19:42:00,80607,14.783,14.775,14.795,14.8,14.77,224
2023-08-21 19:43:00,37948,14.8004,14.8,14.805,14.81,14.795,235
2023-08-21 19:44:00,32724,14.8062,14.81,14.805,14.81,14.8,145
2023-08-21 19:45:00,36485,14.8011,14.805,14.805,14.805,14.8,217
2023-08-21 19:46:00,59154,14.7998,14.81,14.795,14.81,14.79,317
2023-08-21 19:47:00,17074,14.7934,14.8,14.79,14.8,14.79,146
2023-08-21 19:48:00,28051,14.792,14.795,14.79,14.7999,14.79,209
2023-08-21 19:49:00,90622,14.792,14.795,14.79,14.8,14.785,438
2023-08-21 19:50:00,57059,14.7862,14.795,14.785,14.795,14.78,358
2023-08-21 19:51:00,141917,14.7732,14.78,14.775,14.7868,14.76,769
2023-08-21 19:52:00,38722,14.7745,14.77,14.77,14.78,14.77,187
2023-08-21 19:53:00,84970,14.7709,14.77,14.76,14.7799,14.76,514
2023-08-21 19:54:00,120375,14.7659,14.76,14.765,14.77,14.76,606
2023-08-21 19:55:00,137394,14.7562,14.76,14.745,14.77,14.74,739
2023-08-21 19:56:00,243497,14.7277,14.74,14.725,14.7457,14.715,1137
2023-08-21 19:57:00,143739,14.7322,14.725,14.73,14.74,14.72,725
2023-08-21 19:58:00,182605,14.7294,14.735,14.72,14.74,14.72,890
2023-08-21 19:59:00,426402,14.7236,14.725,14.72,14.74,14.71,2123
2023-08-21 20:00:00,2593,14.7304,14.73,14.73,14.73,14.73,10
2023-08-21 20:02:00,2500,14.75,14.75,14.75,14.75,14.75,1
2023-08-21 20:03:00,3380,14.7312,14.73,14.73,14.73,14.73,5
2023-08-21 20:07:00,7996,14.7113,14.71,14.76,14.76,14.71,8
2023-08-21 20:08:00,1045,14.7594,14.7594,14.76,14.76,14.7594,3
2023-08-21 20:09:00,9120,14.7102,14.73,14.71,14.73,14.71,3
2023-08-21 20:10:00,1510,14.7116,14.71,14.73,14.73,14.71,5
2023-08-21 20:12:00,1500,14.72,14.72,14.72,14.72,14.72,1
2023-08-21 20:13:00,1400,14.7598,14.7597,14.76,14.76,14.7597,2
2023-08-21 20:14:00,400,14.8008,14.78,14.82,14.82,14.78,7
2023-08-21 20:15:00,4756,14.8088,14.8,14.79,14.82,14.79,11
2023-08-21 20:17:00,1008,14.7902,14.79,14.79,14.79,14.79,3
2023-08-21 20:18:00,2001,14.79,14.79,14.79,14.79,14.79,2
2023-08-21 20:22:00,150,14.78,14.78,14.78,14.78,14.78,2
2023-08-21 20:26:00,1175,14.7697,14.7697,14.77,14.77,14.7697,4
2023-08-21 20:27:00,2087,14.7468,14.74,14.75,14.77,14.74,17
2023-08-21 20:28:00,300,14.7792,14.7792,14.7792,14.7792,14.7792,1
2023-08-21 20:30:00,100,14.77,14.77,14.77,14.77,14.77,1
2023-08-21 20:31:00,325,14.77,14.77,14.77,14.77,14.77,2
2023-08-21 20:32:00,1068,14.75,14.75,14.75,14.75,14.75,4
2023-08-21 20:33:00,496,14.73,14.73,14.73,14.73,14.73,2
2023-08-21 20:34:00,3170,14.759,14.7656,14.75,14.7656,14.75,4
2023-08-21 20:35:00,1500,14.76,14.76,14.76,14.76,14.76,1
2023-08-21 20:36:00,539,14.77,14.77,14.77,14.77,14.77,3
2023-08-21 20:38:00,400,14.76,14.76,14.76,14.76,14.76,1
2023-08-21 20:42:00,200,14.77,14.77,14.77,14.77,14.77,1
2023-08-21 20:43:00,378,14.7626,14.77,14.76,14.77,14.76,2
2023-08-21 20:44:00,100327,14.7301,14.76,14.76,14.76,14.76,2
2023-08-21 20:45:00,350,14.76,14.76,14.76,14.76,14.76,2
2023-08-21 20:46:00,1156,14.7596,14.76,14.7595,14.76,14.7595,2
2023-08-21 20:47:00,566,14.76,14.76,14.76,14.76,14.76,2
2023-08-21 20:48:00,2121,14.74,14.75,14.73,14.75,14.73,9
2023-08-21 20:49:00,300,14.731,14.73,14.73,14.73,14.73,4
2023-08-21 20:50:00,1000,14.73,14.73,14.73,14.73,14.73,1
2023-08-21 20:51:00,806,14.7588,14.77,14.74,14.77,14.74,3
2023-08-21 20:53:00,2000,14.7501,14.7501,14.7501,14.7501,14.7501,1
2023-08-21 20:55:00,300,14.76,14.76,14.76,14.76,14.76,1
2023-08-21 20:57:00,200,14.77,14.77,14.77,14.77,14.77,2
2023-08-21 20:58:00,125,14.7688,14.77,14.77,14.77,14.77,4
2023-08-21 21:03:00,2000,14.76,14.76,14.76,14.76,14.76,1
2023-08-21 21:05:00,3001,14.76,14.76,14.76,14.76,14.76,2
2023-08-21 21:07:00,300,14.77,14.77,14.77,14.77,14.77,1
2023-08-21 21:12:00,1000,14.77,14.77,14.77,14.77,14.77,1
2023-08-21 21:13:00,450,14.7633,14.76,14.76,14.76,14.76,2
2023-08-21 21:16:00,1200,14.79,14.79,14.79,14.79,14.79,1
2023-08-21 21:17:00,500,14.79,14.79,14.79,14.79,14.79,1
2023-08-21 21:19:00,166,14.7886,14.7885,14.7885,14.7885,14.7885,3
2023-08-21 21:21:00,2271,14.7899,14.79,14.7889,14.79,14.7889,2
2023-08-21 21:24:00,378,14.7879,14.79,14.79,14.79,14.79,4
2023-08-21 21:29:00,501,14.78,14.78,14.78,14.78,14.78,2
2023-08-21 21:31:00,100,14.78,14.78,14.78,14.78,14.78,1
2023-08-21 21:37:00,931,14.7789,14.77,14.78,14.78,14.77,11
2023-08-21 21:39:00,446,14.7654,14.7692,14.76,14.7692,14.76,6
2023-08-21 21:41:00,1115,14.7709,14.77,14.77,14.77,14.77,4
2023-08-21 21:43:00,354,14.7829,14.78,14.79,14.79,14.78,5
2023-08-21 21:47:00,110,14.79,14.79,14.79,14.79,14.79,2
2023-08-21 21:49:00,212,14.7841,14.78,14.78,14.78,14.78,4
2023-08-21 21:51:00,172,14.7842,14.78,14.78,14.78,14.78,6
2023-08-21 21:52:00,125,14.79,14.79,14.79,14.79,14.79,2
2023-08-21 21:56:00,1251,14.786,14.79,14.78,14.79,14.78,3
2023-08-21 21:58:00,200,14.79,14.79,14.79,14.79,14.79,1
2023-08-21 22:00:00,500,14.78,14.78,14.78,14.78,14.78,1
2023-08-21 22:01:00,1100,14.7791,14.77,14.78,14.78,14.77,2
2023-08-21 22:02:00,1014,14.78,14.78,14.78,14.78,14.78,2
2023-08-21 22:04:00,3200,14.7741,14.78,14.78,14.78,14.76,6
2023-08-21 22:05:00,1025,14.77,14.77,14.77,14.77,14.77,2
2023-08-21 22:06:00,1600,14.7693,14.7693,14.7693,14.7693,14.7693,1
2023-08-21 22:07:00,1900,14.77,14.77,14.77,14.77,14.77,2
2023-08-21 22:08:00,400,14.7807,14.77,14.79,14.79,14.77,5
2023-08-21 22:09:00,100,14.78,14.78,14.78,14.78,14.78,1
2023-08-21 22:12:00,600,14.7833,14.79,14.78,14.79,14.78,3
2023-08-21 22:13:00,300,14.78,14.78,14.78,14.78,14.78,2
2023-08-21 22:14:00,1200,14.7867,14.78,14.79,14.79,14.78,7
2023-08-21 22:17:00,850,14.77,14.77,14.77,14.77,14.77,1
2023-08-21 22:18:00,250,14.766,14.76,14.77,14.77,14.76,2
2023-08-21 22:19:00,4850,14.78,14.78,14.78,14.78,14.78,4
2023-08-21 22:23:00,500,14.79,14.79,14.79,14.79,14.79,1
2023-08-21 22:25:00,287,14.79,14.79,14.79,14.79,14.79,4
2023-08-21 22:33:00,1000,14.7998,14.8,14.8,14.8,14.8,4
2023-08-21 22:34:00,310,14.8,14.8,14.8,14.8,14.8,4
2023-08-21 22:35:00,2406,14.7883,14.79,14.78,14.79,14.78,5
2023-08-21 22:36:00,1850,14.7793,14.7793,14.78,14.78,14.7793,2
2023-08-21 22:37:00,100,14.78,14.78,14.78,14.78,14.78,1
2023-08-21 22:38:00,1081,14.77,14.77,14.77,14.77,14.77,1
2023-08-21 22:40:00,2903,14.7736,14.78,14.77,14.78,14.77,8
2023-08-21 22:41:00,900,14.8,14.8,14.8,14.8,14.8,1
2023-08-21 22:42:00,502,14.8,14.8,14.8,14.8,14.8,5
2023-08-21 22:43:00,1350,14.7926,14.8,14.79,14.8,14.79,2
2023-08-21 22:45:00,1010,14.7996,14.8,14.8,14.8,14.8,2
2023-08-21 23:00:00,218,14.8,14.8,14.8,14.8,14.8,1
2023-08-21 23:01:00,300,14.81,14.81,14.81,14.81,14.81,1
2023-08-21 23:03:00,300,14.82,14.82,14.82,14.82,14.82,1
2023-08-21 23:07:00,179,14.8144,14.82,14.82,14.82,14.82,3
2023-08-21 23:09:00,100,14.8,14.8,14.8,14.8,14.8,1
2023-08-21 23:11:00,900,14.82,14.82,14.82,14.82,14.82,5
2023-08-21 23:12:00,717,14.8,14.8,14.8,14.8,14.8,3
2023-08-21 23:13:00,490,14.8084,14.8,14.82,14.82,14.8,4
2023-08-21 23:14:00,3290,14.7914,14.8,14.79,14.8,14.79,3
2023-08-21 23:15:00,340,14.7717,14.7717,14.7717,14.7717,14.7717,1
2023-08-21 23:19:00,230,14.81,14.81,14.81,14.81,14.81,1
2023-08-21 23:20:00,422,14.7818,14.82,14.77,14.82,14.77,2
2023-08-21 23:22:00,100,14.8199,14.8199,14.8199,14.8199,14.8199,1
2023-08-21 23:26:00,900,14.81,14.81,14.81,14.81,14.81,2
2023-08-21 23:28:00,334,14.8003,14.8,14.8,14.8,14.8,2
2023-08-21 23:31:00,3100,14.7867,14.78,14.78,14.81,14.77,8
2023-08-21 23:33:00,1801,14.7755,14.7798,14.78,14.78,14.77,6
2023-08-21 23:34:00,350,14.7957,14.8,14.78,14.8,14.78,4
2023-08-21 23:35:00,600,14.8,14.8,14.8,14.8,14.8,1
2023-08-21 23:37:00,707,14.7999,14.8,14.8,14.8,14.8,2
2023-08-21 23:38:00,500,14.79,14.79,14.79,14.79,14.79,1
2023-08-21 23:39:00,1900,14.77,14.77,14.77,14.77,14.77,3
2023-08-21 23:40:00,1567,14.7538,14.77,14.73,14.77,14.73,20
2023-08-21 23:44:00,377,14.74,14.74,14.74,14.74,14.74,2
2023-08-21 23:45:00,1309,14.7376,14.75,14.73,14.75,14.73,6
2023-08-21 23:46:00,3100,14.7306,14.73,14.75,14.75,14.73,3
2023-08-21 23:48:00,2352,14.7335,14.74,14.75,14.75,14.73,7
2023-08-21 23:49:00,810,14.74,14.74,14.74,14.74,14.74,2
2023-08-21 23:50:00,2633,14.7318,14.74,14.73,14.74,14.73,7
2023-08-21 23:51:00,4126,14.7252,14.73,14.71,14.73,14.71,11
2023-08-21 23:52:00,1180,14.7283,14.7488,14.71,14.7488,14.71,3
2023-08-21 23:53:00,500,14.714,14.71,14.71,14.72,14.71,3
2023-08-21 23:55:00,2002,14.7102,14.71,14.71,14.71,14.71,4
2023-08-21 23:56:00,2221,14.72,14.72,14.72,14.72,14.72,10
2023-08-21 23:57:00,1590,14.7245,14.72,14.74,14.74,14.71,8
2023-08-21 23:58:00,4324,14.7079,14.71,14.71,14.71,14.7,16
2023-08-21 23:59:00,5753,14.8077,14.74,14.83,14.85,14.74,17
2023-08-22 08:50:00,2979,14.8397,14.83,14.84,14.84,14.83,12
2023-08-22 08:51:00,1613,14.8412,14.85,14.84,14.85,14.84,12
2023-08-22 09:12:00,100,14.95,14.95,14.95,14.95,14.95,1
2023-08-22 09:29:00,2450,14.95,14.95,14.95,14.95,14.95,2
2023-08-22 09:56:00,945,15.0948,15.09,15.1,15.1,15.09,4
2023-08-22 10:00:00,131,15.1,15.1,15.1,15.1,15.1,1
2023-08-22 10:04:00,143,14.972,14.96,14.96,14.96,14.96,2
2023-08-22 10:22:00,500,15.098,15.09,15.1,15.1,15.09,2
2023-08-22 10:28:00,130,15.01,15.01,15.01,15.01,15.01,3
2023-08-22 10:29:00,661,15.0028,15.0,15.01,15.01,15.0,4
2023-08-22 10:30:00,288,15.0,15.0,15.0,15.0,15.0,1
2023-08-22 10:36:00,200,14.99,14.99,14.99,14.99,14.99,1
2023-08-22 10:41:00,200,14.99,14.99,14.99,14.99,14.99,1
2023-08-22 10:43:00,2000,14.99,14.99,14.99,14.99,14.99,5
2023-08-22 10:46:00,388,15.0,15.0,15.0,15.0,15.0,1
2023-08-22 10:49:00,410,15.0451,15.04,15.05,15.05,15.04,4
2023-08-22 10:55:00,7788,15.3557,15.12,14.98,15.7,14.98,60
2023-08-22 10:56:00,6300,15.2264,15.03,15.39,15.44,14.88,46
2023-08-22 10:57:00,5414,15.5238,15.38,15.75,16.0,15.38,35
2023-08-22 10:58:00,28397,15.301,15.61,15.5,15.61,14.99,85
2023-08-22 10:59:00,2959,15.4967,15.4,15.5,15.6,15.37,35
2023-08-22 11:00:00,31280,15.4255,15.3,15.55,15.56,15.3,193
2023-08-22 11:01:00,3536,15.4255,15.47,15.35,15.5,15.35,30
2023-08-22 11:02:00,13101,15.394,15.35,15.45,15.51,15.3,57
2023-08-22 11:03:00,36853,15.3869,15.45,15.4,15.45,15.31,45
2023-08-22 11:04:00,16020,15.2921,15.4,15.25,15.4,15.23,52
2023-08-22 11:05:00,23505,15.2877,15.25,15.33,15.33,15.2,73
2023-08-22 11:06:00,2400,15.3224,15.32,15.32,15.33,15.32,18
2023-08-22 11:07:00,2685,15.3809,15.34,15.33,15.4,15.33,14
2023-08-22 11:08:00,30498,15.3003,15.34,15.21,15.35,15.21,38
2023-08-22 11:09:00,8018,15.0683,15.15,15.05,15.15,15.02,84
2023-08-22 11:10:00,25610,14.9514,15.15,14.75,15.18,14.7,131
2023-08-22 11:11:00,4576,14.9336,14.85,14.99,15.0,14.82,48
2023-08-22 11:12:00,2485,14.8655,14.99,14.89,14.99,14.8,25
2023-08-22 11:13:00,1251,14.8406,14.83,14.84,14.84,14.83,16
2023-08-22 11:14:00,8449,14.8036,14.83,14.8,14.84,14.75,56
2023-08-22 11:15:00,17243,14.7042,14.73,14.7,14.73,14.7,99
2023-08-22 11:16:00,15555,14.5254,14.66,14.58,14.66,14.46,123
2023-08-22 11:17:00,310,14.68,14.68,14.68,14.68,14.68,4
2023-08-22 11:18:00,5860,14.6579,14.67,14.69,14.7,14.6,50
2023-08-22 11:19:00,2555,14.6546,14.65,14.68,14.68,14.64,15
2023-08-22 11:20:00,10577,14.6902,14.7,14.65,14.7,14.65,56
2023-08-22 11:21:00,573,14.6612,14.66,14.66,14.66,14.66,6
2023-08-22 11:22:00,700,14.66,14.66,14.66,14.66,14.66,6
2023-08-22 11:23:00,300,14.66,14.66,14.66,14.66,14.66,1
2023-08-22 11:24:00,10591,14.5572,14.66,14.49,14.67,14.49,65
2023-08-22 11:25:00,8024,14.6593,14.66,14.66,14.66,14.66,7
2023-08-22 11:26:00,2365,14.5986,14.61,14.6,14.61,14.59,18
2023-08-22 11:27:00,800,14.65,14.65,14.65,14.65,14.65,7
2023-08-22 11:28:00,200,14.63,14.63,14.63,14.63,14.63,1
2023-08-22 11:29:00,5883,14.6615,14.7,14.66,14.7,14.65,18
2023-08-22 11:30:00,6109,14.6903,14.7,14.65,14.7,14.63,27
2023-08-22 11:31:00,2551,14.6602,14.66,14.66,14.66,14.66,15
2023-08-22 11:32:00,2934,14.6733,14.69,14.66,14.69,14.66,26
2023-08-22 11:33:00,7550,14.6432,14.65,14.61,14.65,14.61,15
2023-08-22 11:34:00,1675,14.5704,14.63,14.54,14.63,14.54,21
2023-08-22 11:35:00,1623,14.5505,14.55,14.55,14.55,14.55,10
2023-08-22 11:36:00,4049,14.5471,14.55,14.54,14.565,14.54,23
2023-08-22 11:37:00,2215,14.5435,14.53,14.54,14.555,14.53,14
2023-08-22 11:39:00,13395,14.4818,14.53,14.44,14.53,14.44,65
2023-08-22 11:40:00,5447,14.4048,14.43,14.42,14.43,14.4,44
2023-08-22 11:41:00,9791,14.4033,14.4,14.39,14.42,14.39,26
2023-08-22 11:42:00,22807,14.4825,14.4,14.42,14.55,14.38,95
2023-08-22 11:44:00,3002,14.4965,14.49,14.5,14.5,14.49,4
2023-08-22 11:45:00,916,14.5369,14.54,14.54,14.54,14.54,10
2023-08-22 11:46:00,785,14.4831,14.48,14.48,14.48,14.48,4
2023-08-22 11:47:00,600,14.4833,14.48,14.48,14.5,14.48,5
2023-08-22 11:48:00,3530,14.5109,14.48,14.5,14.54,14.48,20
2023-08-22 11:50:00,100,14.5,14.5,14.5,14.5,14.5,1
2023-08-22 11:51:00,5450,14.497,14.5,14.46,14.5,14.46,8
2023-08-22 11:52:00,833,14.4602,14.46,14.46,14.46,14.46,20
2023-08-22 11:53:00,345,14.49,14.49,14.49,14.49,14.49,1
2023-08-22 11:54:00,9594,14.51,14.49,14.51,14.53,14.49,18
2023-08-22 11:55:00,7079,14.5223,14.51,14.53,14.53,14.51,16
2023-08-22 11:56:00,1499,14.5134,14.52,14.51,14.54,14.5,5
2023-08-22 11:57:00,4056,14.6103,14.54,14.7,14.7,14.53,23
2023-08-22 11:58:00,1350,14.6548,14.69,14.61,14.69,14.61,10
2023-08-22 11:59:00,876,14.6502,14.65,14.65,14.65,14.64,10
2023-08-22 12:00:00,208026,14.94,15.551,14.56,15.57,14.37,417
2023-08-22 12:01:00,13148,14.6725,14.66,14.65,14.7,14.65,47
2023-08-22 12:02:00,2428,14.6108,14.65,14.59,14.65,14.56,16
2023-08-22 12:03:00,1441,14.6754,14.6285,14.7,14.7,14.6285,20
2023-08-22 12:04:00,1616,14.6686,14.67,14.67,14.67,14.67,13
2023-08-22 12:05:00,1345,14.6286,14.67,14.6,14.67,14.6,9
2023-08-22 12:06:00,2083,14.6015,14.6,14.67,14.67,14.56,25
2023-08-22 12:07:00,1400,14.5914,14.67,14.56,14.67,14.56,2
2023-08-22 12:08:00,500,14.635,14.6,14.6699,14.6699,14.6,2
2023-08-22 12:09:00,2269,14.6544,14.6,14.67,14.67,14.6,18
2023-08-22 12:10:00,1145,14.5812,14.6,14.65,14.65,14.56,17
2023-08-22 12:11:00,46257,14.47,14.56,14.42,14.56,14.37,125
2023-08-22 12:12:00,6685,14.3622,14.4,14.34,14.4,14.34,37
2023-08-22 12:13:00,12818,14.3773,14.35,14.35,14.39,14.3333,53
2023-08-22 12:14:00,6024,14.3613,14.35,14.36,14.39,14.34,39
2023-08-22 12:15:00,6166,14.3551,14.3896,14.35,14.3896,14.35,49
2023-08-22 12:16:00,9593,14.3289,14.3405,14.35,14.36,14.3,72
2023-08-22 12:17:00,8667,14.3411,14.35,14.35,14.35,14.32,32
2023-08-22 12:18:00,7524,14.3454,14.39,14.3,14.39,14.3,52
2023-08-22 12:19:00,13770,14.3075,14.32,14.36,14.37,14.29,40
2023-08-22 12:21:00,1185,14.3651,14.35,14.3699,14.3699,14.35,9
2023-08-22 12:22:00,4768,14.3665,14.37,14.38,14.38,14.35,36
2023-08-22 12:23:00,2531,14.3561,14.35,14.35,14.37,14.35,12
2023-08-22 12:24:00,10420,14.3285,14.34,14.32,14.34,14.32,24
2023-08-22 12:25:00,20511,14.2762,14.3,14.23,14.31,14.21,119
2023-08-22 12:26:00,2963,14.2867,14.27,14.29,14.31,14.25,26
2023-08-22 12:27:00,9992,14.2581,14.29,14.22,14.3,14.22,52
2023-08-22 12:28:00,783,14.2935,14.29,14.2999,14.2999,14.29,6
2023-08-22 12:29:00,20981,14.2786,14.28,14.28,14.29,14.21,36
2023-08-22 12:30:00,4160,14.2848,14.29,14.26,14.3,14.25,23
2023-08-22 12:31:00,2225,14.2641,14.2682,14.2488,14.27,14.2488,8
2023-08-22 12:32:00,1943,14.2528,14.21,14.27,14.27,14.21,20
2023-08-22 12:33:00,4140,14.2626,14.27,14.27,14.27,14.26,12
2023-08-22 12:34:00,232,14.2901,14.3,14.3,14.3,14.3,6
2023-08-22 12:35:00,4612,14.2945,14.28,14.27,14.3,14.27,25
2023-08-22 12:36:00,12303,14.3052,14.3,14.36,14.36,14.2981,58
2023-08-22 12:37:00,2481,14.2978,14.32,14.28,14.37,14.28,24
2023-08-22 12:38:00,8786,14.2397,14.29,14.23,14.29,14.22,52
2023-08-22 12:39:00,71489,14.0886,14.24,14.1,14.24,13.93,335
2023-08-22 12:40:00,4406,14.0699,14.1186,14.0418,14.12,14.02,25
2023-08-22 12:41:00,4882,14.1014,14.05,14.1,14.13,14.05,44
2023-08-22 12:42:00,25755,14.1423,14.14,14.15,14.19,14.1,65
2023-08-22 12:43:00,3187,14.1468,14.1798,14.1,14.1798,14.1,22
2023-08-22 12:44:00,4493,14.1428,14.14,14.14,14.17,14.14,17
2023-08-22 12:45:00,15653,14.0065,14.14,13.92,14.14,13.9,172
2023-08-22 12:46:00,14118,14.0003,13.93,14.0,14.0897,13.9,67
2023-08-22 12:47:00,36185,13.9657,14.0,13.97,14.0,13.93,121
2023-08-22 12:48:00,7995,13.9692,13.97,13.97,14.0,13.95,36
2023-08-22 12:49:00,42725,13.8434,13.98,13.78,13.98,13.75,230
2023-08-22 12:50:00,30729,13.7704,13.78,13.82,13.93,13.72,112
2023-08-22 12:51:00,19580,13.7996,13.89,13.79,13.89,13.75,62
2023-08-22 12:52:00,20662,13.7369,13.79,13.72,13.79,13.71,68
2023-08-22 12:53:00,68971,13.659,13.72,13.67,13.72,13.57,212
2023-08-22 12:54:00,40898,13.6224,13.67,13.56,13.72,13.54,165
2023-08-22 12:55:00,41026,13.5089,13.55,13.504,13.6,13.47,294
2023-08-22 12:56:00,83475,13.5353,13.53,13.6,13.6,13.4,258
2023-08-22 12:57:00,52962,13.5888,13.6,13.56,13.63,13.4905,142
2023-08-22 12:58:00,42945,13.5792,13.56,13.61,13.66,13.54,126
2023-08-22 12:59:00,71175,13.5659,13.6,13.58,13.62,13.5,161
2023-08-22 13:00:00,17233,13.5731,13.56,13.6,13.62,13.51,115
2023-08-22 13:01:00,23241,13.5992,13.6,13.57,13.65,13.55,151
2023-08-22 13:02:00,15530,13.6421,13.61,13.64,13.68,13.57,119
2023-08-22 13:03:00,24646,13.6424,13.65,13.65,13.7,13.6,182
2023-08-22 13:04:00,18149,13.6629,13.65,13.67,13.7,13.62,114
2023-08-22 13:05:00,81989,13.6194,13.66,13.57,13.85,13.55,277
2023-08-22 13:06:00,24980,13.6187,13.57,13.6,13.7,13.55,117
2023-08-22 13:07:00,24664,13.6095,13.5601,13.65,13.69,13.56,123
2023-08-22 13:08:00,45216,13.7026,13.64,13.74,13.74,13.6,121
2023-08-22 13:09:00,44527,13.7623,13.73,13.78,13.81,13.68,195
2023-08-22 13:10:00,47440,13.7702,13.8,13.73,13.81,13.68,152
2023-08-22 13:11:00,12347,13.7371,13.7002,13.76,13.76,13.7,62
2023-08-22 13:12:00,29515,13.734,13.74,13.69,13.76,13.66,81
2023-08-22 13:13:00,3970,13.7013,13.7,13.7,13.729,13.7,29
2023-08-22 13:14:00,10952,13.7407,13.7,13.68,13.79,13.68,63
2023-08-22 13:15:00,5648,13.7444,13.73,13.75,13.75,13.73,25
2023-08-22 13:16:00,22810,13.7144,13.75,13.7014,13.76,13.7,49
2023-08-22 13:17:00,6739,13.7041,13.7,13.7,13.72,13.7,36
2023-08-22 13:18:00,8492,13.7143,13.71,13.73,13.73,13.7,43
2023-08-22 13:19:00,6563,13.7596,13.73,13.8,13.8,13.7299,36
2023-08-22 13:20:00,12504,13.7824,13.7999,13.76,13.81,13.75,60
2023-08-22 13:21:00,3708,13.7528,13.76,13.74,13.76,13.74,32
2023-08-22 13:22:00,45325,13.6782,13.74,13.59,13.75,13.59,184
2023-08-22 13:23:00,8299,13.6221,13.61,13.61,13.67,13.59,78
2023-08-22 13:24:00,35922,13.5842,13.61,13.6,13.63,13.55,163
2023-08-22 13:25:00,38253,13.5903,13.56,13.6,13.6,13.55,114
2023-08-22 13:26:00,14138,13.6095,13.6,13.63,13.63,13.59,90
2023-08-22 13:27:00,15800,13.637,13.65,13.61,13.67,13.6,83
2023-08-22 13:28:00,12823,13.5915,13.6,13.61,13.61,13.55,85
2023-08-22 13:29:00,8635,13.5899,13.6,13.55,13.661,13.54,87
2023-08-22 13:30:00,793416,13.4372,13.61,13.43,13.67,13.25,2113
2023-08-22 13:31:00,497704,13.5121,13.445,13.585,13.65,13.42,1727
2023-08-22 13:32:00,475671,13.5076,13.585,13.51,13.69,13.3925,1713
2023-08-22 13:33:00,221701,13.4094,13.5024,13.43,13.51,13.36,1183
2023-08-22 13:34:00,384332,13.5819,13.43,13.66,13.71,13.39,1828
2023-08-22 13:35:00,443718,13.7672,13.655,13.8501,13.88,13.635,1980
2023-08-22 13:36:00,364463,13.822,13.86,13.71,13.89,13.7007,1531
2023-08-22 13:37:00,216120,13.691,13.71,13.6,13.75,13.6,976
2023-08-22 13:38:00,155802,13.6309,13.59,13.711,13.72,13.55,1009
2023-08-22 13:39:00,201764,13.7973,13.7194,13.8131,13.87,13.7194,1017
2023-08-22 13:40:00,334579,13.9254,13.8199,13.965,13.97,13.8152,1293
2023-08-22 13:41:00,225132,13.9207,13.97,13.895,13.97,13.85,1016
2023-08-22 13:42:00,170004,13.8702,13.885,13.85,13.92,13.82,722
2023-08-22 13:43:00,125608,13.8506,13.8514,13.861,13.88,13.825,560
2023-08-22 13:44:00,201052,13.8129,13.87,13.73,13.92,13.7201,958
2023-08-22 13:45:00,150602,13.7534,13.7289,13.7986,13.8,13.7,731
2023-08-22 13:46:00,144031,13.7985,13.8,13.8,13.82,13.775,638
2023-08-22 13:47:00,130810,13.8107,13.7997,13.855,13.86,13.77,638
2023-08-22 13:48:00,122093,13.8288,13.855,13.8095,13.86,13.78,536
2023-08-22 13:49:00,99708,13.792,13.8,13.7842,13.81,13.78,504
2023-08-22 13:50:00,209478,13.7219,13.785,13.715,13.785,13.685,945
2023-08-22 13:51:00,139896,13.6941,13.715,13.6599,13.73,13.65,740
2023-08-22 13:52:00,101558,13.649,13.656,13.6331,13.6899,13.62,580
2023-08-22 13:53:00,188764,13.6041,13.635,13.622,13.64,13.57,1251
2023-08-22 13:54:00,155614,13.6233,13.62,13.5826,13.66,13.58,918
2023-08-22 13:55:00,150421,13.5741,13.585,13.5684,13.59,13.55,698
2023-08-22 13:56:00,178719,13.5247,13.56,13.4701,13.57,13.47,973
2023-08-22 13:57:00,325152,13.4621,13.475,13.46,13.49,13.43,1409
2023-08-22 13:58:00,168542,13.5003,13.4697,13.54,13.55,13.46,996
2023-08-22 13:59:00,164308,13.5254,13.545,13.515,13.56,13.481,791
2023-08-22 14:00:00,193846,13.552,13.515,13.54,13.58,13.5117,1019
2023-08-22 14:01:00,122523,13.5202,13.54,13.475,13.55,13.475,646
2023-08-22 14:02:00,114600,13.4832,13.47,13.4701,13.5,13.47,552
2023-08-22 14:03:00,106761,13.4669,13.475,13.435,13.49,13.435,574
2023-08-22 14:04:00,168622,13.4466,13.4301,13.46,13.47,13.43,764
2023-08-22 14:05:00,135596,13.4522,13.46,13.425,13.48,13.4112,675
2023-08-22 14:06:00,183595,13.4282,13.425,13.405,13.47,13.4,745
2023-08-22 14:07:00,287648,13.3929,13.405,13.405,13.41,13.37,1067
2023-08-22 14:08:00,143778,13.4035,13.4,13.371,13.43,13.3701,667
2023-08-22 14:09:00,178586,13.3724,13.375,13.3688,13.385,13.36,691
2023-08-22 14:10:00,215754,13.3473,13.3625,13.355,13.3697,13.33,934
2023-08-22 14:11:00,174325,13.3488,13.36,13.34,13.367,13.33,730
2023-08-22 14:12:00,204244,13.3311,13.335,13.36,13.36,13.32,745
2023-08-22 14:13:00,168874,13.3886,13.355,13.385,13.41,13.355,842
2023-08-22 14:14:00,139130,13.3727,13.385,13.3501,13.39,13.35,569
2023-08-22 14:15:00,203563,13.353,13.351,13.355,13.37,13.34,632
2023-08-22 14:16:00,170951,13.3572,13.355,13.35,13.38,13.34,615
2023-08-22 14:17:00,171709,13.3447,13.35,13.335,13.365,13.33,623
2023-08-22 14:18:00,177343,13.3205,13.335,13.3,13.34,13.3,798
2023-08-22 14:19:00,123380,13.3231,13.305,13.315,13.34,13.305,794
2023-08-22 14:20:00,291396,13.2918,13.3101,13.2601,13.32,13.26,1054
2023-08-22 14:21:00,63902,13.2657,13.26,13.265,13.27,13.26,434
2023-08-22 14:22:00,147390,13.2701,13.2601,13.285,13.29,13.2501,786
2023-08-22 14:23:00,486757,13.2521,13.28,13.2578,13.285,13.24,1108
2023-08-22 14:24:00,294367,13.2512,13.2501,13.25,13.26,13.2401,652
2023-08-22 14:25:00,283601,13.2479,13.255,13.245,13.2599,13.23,787
2023-08-22 14:26:00,273315,13.2411,13.245,13.225,13.25,13.22,509
2023-08-22 14:27:00,92317,13.2232,13.22,13.2101,13.2372,13.21,557
2023-08-22 14:28:00,196771,13.1998,13.211,13.17,13.22,13.17,846
2023-08-22 14:29:00,164070,13.1869,13.1791,13.22,13.22,13.16,917
2023-08-22 14:30:00,110767,13.205,13.2107,13.2192,13.22,13.19,548
2023-08-22 14:31:00,86259,13.2016,13.2173,13.1899,13.22,13.18,366
2023-08-22 14:32:00,149652,13.2182,13.18,13.26,13.265,13.18,884
2023-08-22 14:33:00,260391,13.2785,13.259,13.28,13.3,13.255,1243
2023-08-22 14:34:00,149569,13.2641,13.2782,13.25,13.29,13.245,623
2023-08-22 14:35:00,186905,13.2242,13.2501,13.2,13.2599,13.2,736
2023-08-22 14:36:00,104176,13.21,13.2001,13.215,13.23,13.195,674
2023-08-22 14:37:00,83345,13.211,13.215,13.215,13.22,13.2,440
2023-08-22 14:38:00,53685,13.216,13.215,13.205,13.22,13.205,198
2023-08-22 14:39:00,113787,13.212,13.21,13.205,13.22,13.2,489
2023-08-22 14:40:00,555301,13.2097,13.205,13.165,13.23,13.16,1069
2023-08-22 14:41:00,166574,13.1492,13.17,13.1262,13.17,13.12,670
2023-08-22 14:42:00,273685,13.145,13.13,13.13,13.17,13.13,747
2023-08-22 14:43:00,139154,13.1813,13.1358,13.185,13.2,13.1358,660
2023-08-22 14:44:00,58494,13.1791,13.195,13.1799,13.195,13.16,319
2023-08-22 14:45:00,86512,13.1567,13.18,13.13,13.18,13.13,409
2023-08-22 14:46:00,78154,13.1186,13.13,13.1001,13.1399,13.1,503
2023-08-22 14:47:00,115332,13.0952,13.105,13.085,13.1099,13.08,684
2023-08-22 14:48:00,166825,13.0729,13.08,13.0601,13.0894,13.06,706
2023-08-22 14:49:00,199528,13.0762,13.06,13.0975,13.1,13.06,831
2023-08-22 14:50:00,133596,13.079,13.0977,13.075,13.1,13.06,463
2023-08-22 14:51:00,82201,13.0947,13.08,13.105,13.11,13.075,502
2023-08-22 14:52:00,76904,13.1055,13.105,13.095,13.12,13.09,494
2023-08-22 14:53:00,99260,13.1009,13.095,13.095,13.11,13.09,471
2023-08-22 14:54:00,144837,13.0897,13.0948,13.085,13.1,13.075,536
2023-08-22 14:55:00,125151,13.0786,13.082,13.085,13.09,13.07,471
2023-08-22 14:56:00,76931,13.0917,13.09,13.0872,13.1,13.08,390
2023-08-22 14:57:00,138909,13.136,13.085,13.16,13.17,13.08,613
2023-08-22 14:58:00,127251,13.1524,13.1609,13.13,13.17,13.12,546
2023-08-22 14:59:00,141256,13.1474,13.125,13.165,13.17,13.125,958
2023-08-22 15:00:00,107638,13.1662,13.1681,13.175,13.18,13.15,690
2023-08-22 15:01:00,135587,13.1833,13.18,13.16,13.2,13.15,590
2023-08-22 15:02:00,107548,13.134,13.1595,13.1218,13.1595,13.12,518
2023-08-22 15:03:00,85190,13.1378,13.125,13.14,13.155,13.125,556
2023-08-22 15:04:00,79077,13.1357,13.1462,13.135,13.15,13.12,415
2023-08-22 15:05:00,114814,13.1576,13.135,13.155,13.18,13.125,675
2023-08-22 15:06:00,123455,13.1431,13.155,13.145,13.16,13.11,445
2023-08-22 15:07:00,68397,13.1483,13.1495,13.16,13.165,13.13,428
2023-08-22 15:08:00,52287,13.1596,13.155,13.165,13.17,13.15,344
2023-08-22 15:09:00,39132,13.1605,13.165,13.1501,13.17,13.15,304
2023-08-22 15:10:00,76224,13.1483,13.1501,13.145,13.16,13.14,254
2023-08-22 15:11:00,106519,13.1379,13.1475,13.135,13.15,13.12,536
2023-08-22 15:12:00,66292,13.1415,13.135,13.15,13.155,13.13,498
2023-08-22 15:13:00,45633,13.1709,13.16,13.175,13.18,13.155,305
2023-08-22 15:14:00,65504,13.1609,13.175,13.145,13.18,13.145,381
2023-08-22 15:15:00,46792,13.1566,13.145,13.165,13.17,13.14,407
2023-08-22 15:16:00,39971,13.1615,13.16,13.165,13.17,13.1525,275
2023-08-22 15:17:00,47783,13.1596,13.165,13.145,13.17,13.14,333
2023-08-22 15:18:00,47548,13.1641,13.145,13.175,13.18,13.145,347
2023-08-22 15:19:00,60526,13.165,13.1792,13.155,13.1792,13.15,471
2023-08-22 15:20:00,47661,13.1549,13.155,13.15,13.16,13.15,191
2023-08-22 15:21:00,37063,13.1407,13.156,13.135,13.156,13.13,230
2023-08-22 15:22:00,101553,13.127,13.135,13.125,13.135,13.12,446
2023-08-22 15:23:00,98730,13.1245,13.125,13.115,13.14,13.111,439
2023-08-22 15:24:00,144301,13.0937,13.115,13.0776,13.12,13.07,550
2023-08-22 15:25:00,72049,13.0815,13.075,13.075,13.09,13.075,456
2023-08-22 15:26:00,64185,13.0835,13.075,13.09,13.09,13.07,373
2023-08-22 15:27:00,60109,13.084,13.08,13.075,13.09,13.075,449
2023-08-22 15:28:00,91463,13.0815,13.075,13.0982,13.1,13.07,436
2023-08-22 15:29:00,57111,13.1064,13.09,13.115,13.12,13.09,382
2023-08-22 15:30:00,97733,13.1343,13.12,13.145,13.155,13.115,604
2023-08-22 15:31:00,64839,13.1391,13.15,13.125,13.15,13.125,411
2023-08-22 15:32:00,92213,13.1186,13.125,13.11,13.13,13.1,291
2023-08-22 15:33:00,60299,13.1036,13.115,13.08,13.12,13.08,335
2023-08-22 15:34:00,36970,13.0873,13.085,13.08,13.09,13.08,231
2023-08-22 15:35:00,193371,13.0617,13.08,13.0387,13.0887,13.02,831
2023-08-22 15:36:00,87259,13.0277,13.03,13.02,13.04,13.02,350
2023-08-22 15:37:00,96946,13.0261,13.0225,13.0297,13.03,13.02,513
2023-08-22 15:38:00,80562,13.0242,13.025,13.025,13.03,13.02,348
2023-08-22 15:39:00,111397,13.0168,13.025,13.01,13.03,13.0,615
2023-08-22 15:40:00,89522,13.0101,13.005,13.005,13.02,13.0,400
2023-08-22 15:41:00,310927,13.0024,13.005,13.0157,13.02,12.99,1104
2023-08-22 15:42:00,71099,13.0084,13.0101,13.01,13.02,13.0,359
2023-08-22 15:43:00,54426,13.0054,13.0096,13.0,13.01,13.0,309
2023-08-22 15:44:00,467327,12.9852,13.005,12.95,13.0085,12.95,1428
2023-08-22 15:45:00,65981,12.9493,12.955,12.9358,12.9599,12.93,460
2023-08-22 15:46:00,141658,12.9366,12.94,12.945,12.9485,12.9201,956
2023-08-22 15:47:00,81318,12.9504,12.945,12.9401,12.96,12.94,374
2023-08-22 15:48:00,51717,12.9383,12.945,12.92,12.95,12.92,308
2023-08-22 15:49:00,89126,12.9189,12.925,12.9199,12.93,12.91,290
2023-08-22 15:50:00,293373,12.8876,12.9199,12.8758,12.9199,12.87,707
2023-08-22 15:51:00,268800,12.8353,12.875,12.8297,12.8755,12.81,1038
2023-08-22 15:52:00,506803,12.7882,12.825,12.7899,12.83,12.76,1755
2023-08-22 15:53:00,134341,12.782,12.79,12.7544,12.8,12.75,538
2023-08-22 15:54:00,159516,12.7733,12.756,12.778,12.7996,12.75,708
2023-08-22 15:55:00,106752,12.774,12.7799,12.755,12.8,12.7501,505
2023-08-22 15:56:00,179381,12.7545,12.7599,12.755,12.76,12.75,570
2023-08-22 15:57:00,207982,12.7684,12.755,12.7569,12.78,12.7501,593
2023-08-22 15:58:00,84032,12.7741,12.76,12.7756,12.8,12.75,518
2023-08-22 15:59:00,135265,12.7912,12.7762,12.795,12.8,12.77,456
2023-08-22 16:00:00,91980,12.7854,12.795,12.775,12.795,12.77,234
2023-08-22 16:01:00,86548,12.7901,12.775,12.79,12.8,12.7711,322
2023-08-22 16:02:00,56607,12.791,12.7999,12.78,12.8,12.78,308
2023-08-22 16:03:00,126812,12.7957,12.7861,12.8,12.81,12.78,606
2023-08-22 16:04:00,141936,12.8103,12.795,12.8001,12.82,12.7916,522
2023-08-22 16:05:00,50271,12.7913,12.805,12.7801,12.805,12.78,282
2023-08-22 16:06:00,62018,12.7877,12.7849,12.7973,12.8,12.78,297
2023-08-22 16:07:00,85288,12.8109,12.795,12.805,12.825,12.79,355
2023-08-22 16:08:00,94503,12.822,12.8,12.825,12.83,12.8,427
2023-08-22 16:09:00,124401,12.8234,12.825,12.81,12.84,12.805,557
2023-08-22 16:10:00,47712,12.8051,12.8101,12.805,12.815,12.8,232
2023-08-22 16:11:00,49880,12.8011,12.8003,12.8,12.8099,12.79,359
2023-08-22 16:12:00,45314,12.7925,12.8,12.795,12.805,12.78,301
2023-08-22 16:13:00,109326,12.7896,12.795,12.775,12.8088,12.77,663
2023-08-22 16:14:00,36672,12.7737,12.775,12.77,12.78,12.77,158
2023-08-22 16:15:00,76244,12.768,12.7799,12.77,12.7799,12.76,395
2023-08-22 16:16:00,174681,12.7633,12.765,12.7768,12.7792,12.75,549
2023-08-22 16:17:00,110352,12.7815,12.775,12.7832,12.79,12.7715,373
2023-08-22 16:18:00,62538,12.787,12.7801,12.785,12.79,12.78,243
2023-08-22 16:19:00,79662,12.7989,12.785,12.8001,12.81,12.78,409
2023-08-22 16:20:00,49774,12.7993,12.805,12.7899,12.8099,12.78,272
2023-08-22 16:21:00,45309,12.7855,12.785,12.785,12.79,12.78,333
2023-08-22 16:22:00,95221,12.7887,12.785,12.805,12.81,12.78,427
2023-08-22 16:23:00,54242,12.7941,12.805,12.8,12.8099,12.785,263
2023-08-22 16:24:00,64765,12.8002,12.8,12.795,12.81,12.79,240
2023-08-22 16:25:00,74121,12.7881,12.79,12.795,12.8,12.78,342
2023-08-22 16:26:00,25930,12.7998,12.7986,12.795,12.8099,12.795,214
2023-08-22 16:27:00,84371,12.8065,12.791,12.805,12.82,12.791,460
2023-08-22 16:28:00,57479,12.8091,12.795,12.825,12.83,12.795,395
2023-08-22 16:29:00,173610,12.8607,12.825,12.875,12.88,12.825,624
2023-08-22 16:30:00,137017,12.8905,12.8793,12.908,12.915,12.87,645
2023-08-22 16:31:00,88992,12.9068,12.905,12.8901,12.92,12.89,389
2023-08-22 16:32:00,85239,12.8978,12.891,12.895,12.91,12.89,409
2023-08-22 16:33:00,134263,12.8962,12.8999,12.885,12.9182,12.88,674
2023-08-22 16:34:00,50355,12.8753,12.8801,12.875,12.8801,12.87,227
2023-08-22 16:35:00,116134,12.8498,12.875,12.835,12.88,12.83,603
2023-08-22 16:36:00,74524,12.8409,12.84,12.855,12.8568,12.83,514
2023-08-22 16:37:00,42449,12.8431,12.855,12.8392,12.86,12.83,269
2023-08-22 16:38:00,103601,12.81,12.835,12.805,12.84,12.8,416
2023-08-22 16:39:00,214737,12.7856,12.805,12.785,12.81,12.76,922
2023-08-22 16:40:00,47141,12.7926,12.785,12.79,12.8,12.78,294
2023-08-22 16:41:00,42604,12.7975,12.795,12.79,12.7999,12.79,129
2023-08-22 16:42:00,61718,12.8015,12.7955,12.8095,12.81,12.79,389
2023-08-22 16:43:00,36408,12.8045,12.8032,12.805,12.81,12.8,220
2023-08-22 16:44:00,51342,12.8064,12.805,12.795,12.82,12.79,253
2023-08-22 16:45:00,66171,12.8157,12.7919,12.825,12.84,12.79,450
2023-08-22 16:46:00,42845,12.8051,12.825,12.8062,12.835,12.79,292
2023-08-22 16:47:00,38823,12.7966,12.81,12.795,12.81,12.79,207
2023-08-22 16:48:00,97519,12.8026,12.7963,12.805,12.81,12.79,480
2023-08-22 16:49:00,36964,12.8061,12.8091,12.795,12.8091,12.79,132
2023-08-22 16:50:00,70980,12.7958,12.795,12.79,12.8,12.79,284
2023-08-22 16:51:00,99788,12.8011,12.795,12.805,12.8099,12.79,361
2023-08-22 16:52:00,48346,12.7949,12.805,12.795,12.805,12.79,254
2023-08-22 16:53:00,87991,12.7981,12.795,12.7951,12.81,12.79,505
2023-08-22 16:54:00,7747,12.7954,12.795,12.7944,12.7999,12.79,96
2023-08-22 16:55:00,10423,12.7952,12.795,12.7901,12.8,12.79,129
2023-08-22 16:56:00,63258,12.8083,12.795,12.8279,12.8279,12.795,441
2023-08-22 16:57:00,61429,12.8334,12.825,12.835,12.845,12.82,362
2023-08-22 16:58:00,17689,12.8315,12.8366,12.8299,12.84,12.82,136
2023-08-22 16:59:00,47299,12.8333,12.82,12.835,12.84,12.82,316
2023-08-22 17:00:00,58659,12.8443,12.835,12.835,12.86,12.83,423
2023-08-22 17:01:00,57343,12.799,12.835,12.7896,12.835,12.78,277
2023-08-22 17:02:00,47477,12.7786,12.7801,12.7701,12.7867,12.77,262
2023-08-22 17:03:00,48538,12.7777,12.775,12.7715,12.79,12.7701,334
2023-08-22 17:04:00,18046,12.7728,12.7735,12.7778,12.7799,12.77,133
2023-08-22 17:05:00,32632,12.7668,12.77,12.765,12.77,12.76,147
2023-08-22 17:06:00,69482,12.7681,12.7601,12.765,12.77,12.76,280
2023-08-22 17:07:00,89832,12.7825,12.765,12.8,12.8,12.765,534
2023-08-22 17:08:00,47514,12.8011,12.8,12.7958,12.8199,12.79,220
2023-08-22 17:09:00,39276,12.7867,12.79,12.785,12.79,12.78,174
2023-08-22 17:10:00,106120,12.7821,12.79,12.785,12.79,12.76,489
2023-08-22 17:11:00,24261,12.7762,12.7899,12.7701,12.7899,12.77,121
2023-08-22 17:12:00,44892,12.7774,12.7787,12.775,12.78,12.7709,262
2023-08-22 17:13:00,73793,12.7647,12.775,12.765,12.775,12.76,308
2023-08-22 17:14:00,384694,12.7203,12.76,12.685,12.7687,12.68,1404
2023-08-22 17:15:00,102128,12.6848,12.685,12.685,12.69,12.68,402
2023-08-22 17:16:00,113252,12.6916,12.685,12.705,12.71,12.68,667
2023-08-22 17:17:00,33517,12.7036,12.7001,12.71,12.71,12.7,86
2023-08-22 17:18:00,31352,12.7068,12.705,12.705,12.71,12.7,116
2023-08-22 17:19:00,31907,12.7046,12.705,12.705,12.71,12.7,250
2023-08-22 17:20:00,29088,12.7048,12.705,12.705,12.71,12.7,234
2023-08-22 17:21:00,78823,12.6969,12.705,12.6823,12.71,12.68,407
2023-08-22 17:22:00,48923,12.6771,12.68,12.675,12.685,12.67,246
2023-08-22 17:23:00,139042,12.6982,12.6732,12.729,12.73,12.67,605
2023-08-22 17:24:00,49248,12.7233,12.725,12.7201,12.73,12.715,208
2023-08-22 17:25:00,14564,12.7242,12.725,12.7245,12.7299,12.72,112
2023-08-22 17:26:00,121669,12.7437,12.725,12.76,12.76,12.72,548
2023-08-22 17:27:00,49708,12.7511,12.76,12.75,12.76,12.74,259
2023-08-22 17:28:00,114028,12.727,12.7474,12.7,12.7474,12.7,240
2023-08-22 17:29:00,69676,12.7073,12.7097,12.715,12.715,12.7,381
2023-08-22 17:30:00,63045,12.7308,12.716,12.725,12.74,12.71,320
2023-08-22 17:31:00,69174,12.7317,12.725,12.755,12.76,12.72,346
2023-08-22 17:32:00,44687,12.7473,12.755,12.735,12.76,12.73,238
2023-08-22 17:33:00,44868,12.739,12.73,12.7466,12.75,12.73,315
2023-08-22 17:34:00,92208,12.7712,12.745,12.7851,12.79,12.74,373
2023-08-22 17:35:00,32035,12.7839,12.785,12.785,12.79,12.78,169
2023-08-22 17:36:00,139101,12.8213,12.79,12.835,12.85,12.785,772
2023-08-22 17:37:00,77667,12.8299,12.835,12.835,12.84,12.82,345
2023-08-22 17:38:00,42266,12.8228,12.835,12.815,12.8399,12.81,336
2023-08-22 17:39:00,20779,12.8062,12.815,12.8,12.815,12.8,196
2023-08-22 17:40:00,87974,12.8163,12.805,12.825,12.83,12.805,649
2023-08-22 17:41:00,101030,12.8036,12.82,12.81,12.825,12.79,598
2023-08-22 17:42:00,27898,12.7966,12.81,12.8,12.81,12.79,248
2023-08-22 17:43:00,57745,12.8002,12.8,12.795,12.81,12.79,390
2023-08-22 17:44:00,25446,12.7874,12.795,12.78,12.8,12.78,176
2023-08-22 17:45:00,116080,12.7486,12.785,12.75,12.7871,12.735,606
2023-08-22 17:46:00,59947,12.7476,12.745,12.735,12.76,12.7301,310
2023-08-22 17:47:00,48639,12.7348,12.735,12.735,12.74,12.73,255
2023-08-22 17:48:00,29758,12.7288,12.73,12.725,12.7397,12.72,207
2023-08-22 17:49:00,58770,12.7105,12.725,12.7099,12.725,12.7,389
2023-08-22 17:50:00,79993,12.6951,12.705,12.685,12.71,12.68,397
2023-08-22 17:51:00,79552,12.6838,12.685,12.685,12.69,12.68,294
2023-08-22 17:52:00,50317,12.6764,12.68,12.675,12.685,12.67,263
2023-08-22 17:53:00,135519,12.6784,12.675,12.675,12.69,12.665,664
2023-08-22 17:54:00,21509,12.6755,12.6711,12.675,12.6799,12.67,78
2023-08-22 17:55:00,87126,12.6578,12.675,12.6501,12.675,12.65,301
2023-08-22 17:56:00,103789,12.6602,12.655,12.67,12.6799,12.65,660
2023-08-22 17:57:00,48851,12.6709,12.675,12.665,12.6799,12.66,137
2023-08-22 17:58:00,58253,12.673,12.665,12.68,12.68,12.6643,371
2023-08-22 17:59:00,121121,12.6549,12.675,12.648,12.675,12.64,497
2023-08-22 18:00:00,37687,12.6429,12.645,12.645,12.65,12.64,196
2023-08-22 18:01:00,79678,12.6435,12.645,12.6473,12.6499,12.64,340
2023-08-22 18:02:00,84325,12.6545,12.645,12.6655,12.67,12.64,521
2023-08-22 18:03:00,71903,12.6588,12.665,12.6597,12.6699,12.65,142
2023-08-22 18:04:00,107782,12.6667,12.655,12.6788,12.68,12.655,594
2023-08-22 18:05:00,23173,12.6765,12.675,12.675,12.68,12.67,82
2023-08-22 18:06:00,69533,12.6726,12.67,12.6615,12.68,12.66,159
2023-08-22 18:07:00,28757,12.658,12.66,12.6553,12.665,12.65,189
2023-08-22 18:08:00,86485,12.657,12.6537,12.655,12.66,12.65,437
2023-08-22 18:09:00,58669,12.6615,12.6599,12.6733,12.68,12.65,305
2023-08-22 18:10:00,30255,12.6643,12.675,12.65,12.68,12.65,156
2023-08-22 18:11:00,81692,12.664,12.65,12.6501,12.68,12.65,431
2023-08-22 18:12:00,54316,12.6488,12.655,12.645,12.6573,12.64,250
2023-08-22 18:13:00,77834,12.6485,12.645,12.6585,12.66,12.64,368
2023-08-22 18:14:00,11316,12.652,12.655,12.65,12.6574,12.65,73
2023-08-22 18:15:00,171777,12.6418,12.655,12.6455,12.655,12.63,647
2023-08-22 18:16:00,10083,12.6452,12.645,12.64,12.6499,12.64,82
2023-08-22 18:17:00,56706,12.6414,12.649,12.645,12.6499,12.64,253
2023-08-22 18:18:00,23492,12.6452,12.64,12.6464,12.6499,12.64,84
2023-08-22 18:19:00,44265,12.6445,12.645,12.645,12.65,12.64,281
2023-08-22 18:20:00,16367,12.6452,12.645,12.64,12.65,12.64,169
2023-08-22 18:21:00,20851,12.6451,12.6428,12.645,12.65,12.64,187
2023-08-22 18:22:00,68697,12.6373,12.645,12.63,12.6492,12.63,285
2023-08-22 18:23:00,23364,12.6322,12.6328,12.63,12.6399,12.63,134
2023-08-22 18:24:00,56228,12.6306,12.635,12.62,12.64,12.62,326
2023-08-22 18:25:00,134153,12.605,12.625,12.605,12.6262,12.6,573
2023-08-22 18:26:00,125552,12.5875,12.605,12.5899,12.6099,12.57,599
2023-08-22 18:27:00,121624,12.58,12.583,12.585,12.59,12.57,546
2023-08-22 18:28:00,154859,12.6196,12.585,12.6492,12.65,12.585,590
2023-08-22 18:29:00,94617,12.6522,12.645,12.645,12.66,12.64,309
2023-08-22 18:30:00,69059,12.6491,12.645,12.645,12.66,12.64,375
2023-08-22 18:31:00,73215,12.6412,12.645,12.636,12.65,12.63,392
2023-08-22 18:32:00,178149,12.6576,12.6301,12.67,12.67,12.6301,712
2023-08-22 18:33:00,134208,12.6858,12.665,12.695,12.7,12.665,539
2023-08-22 18:34:00,185553,12.7188,12.695,12.72,12.74,12.69,894
2023-08-22 18:35:00,104820,12.6998,12.725,12.695,12.7261,12.68,476
2023-08-22 18:36:00,97175,12.6998,12.69,12.72,12.72,12.685,625
2023-08-22 18:37:00,74635,12.725,12.715,12.7305,12.74,12.71,348
2023-08-22 18:38:00,67470,12.7333,12.735,12.7376,12.74,12.73,210
2023-08-22 18:39:00,100157,12.7219,12.73,12.71,12.7368,12.71,332
2023-08-22 18:40:00,124243,12.6764,12.715,12.6599,12.715,12.655,687
2023-08-22 18:41:00,125446,12.6641,12.6585,12.6799,12.68,12.65,495
2023-08-22 18:42:00,62583,12.6681,12.6799,12.6698,12.6799,12.66,271
2023-08-22 18:43:00,76670,12.6689,12.665,12.655,12.68,12.655,384
2023-08-22 18:44:00,46326,12.6531,12.6583,12.655,12.66,12.65,181
2023-08-22 18:45:00,148297,12.6556,12.655,12.65,12.66,12.65,738
2023-08-22 18:46:00,118128,12.6317,12.65,12.635,12.655,12.62,482
2023-08-22 18:47:00,39881,12.6425,12.635,12.645,12.65,12.635,220
2023-08-22 18:48:00,66957,12.6255,12.645,12.615,12.645,12.61,326
2023-08-22 18:49:00,92624,12.6256,12.615,12.635,12.64,12.61,419
2023-08-22 18:50:00,45336,12.6253,12.635,12.625,12.6399,12.62,173
2023-08-22 18:51:00,35327,12.6141,12.62,12.615,12.62,12.61,199
2023-08-22 18:52:00,99085,12.6095,12.615,12.615,12.6169,12.6,494
2023-08-22 18:53:00,104202,12.6264,12.615,12.63,12.64,12.615,501
2023-08-22 18:54:00,36710,12.6344,12.635,12.633,12.6497,12.6245,221
2023-08-22 18:55:00,31656,12.6281,12.635,12.6176,12.6399,12.61,183
2023-08-22 18:56:00,95139,12.6154,12.615,12.6299,12.6299,12.6,463
2023-08-22 18:57:00,52697,12.6179,12.625,12.61,12.63,12.605,394
2023-08-22 18:58:00,40638,12.6087,12.61,12.605,12.62,12.6,222
2023-08-22 18:59:00,16103,12.6041,12.6,12.6099,12.6099,12.6,157
2023-08-22 19:00:00,138509,12.6084,12.605,12.62,12.62,12.6,652
2023-08-22 19:01:00,76198,12.6265,12.62,12.635,12.64,12.6101,463
2023-08-22 19:02:00,46903,12.6277,12.6315,12.625,12.635,12.62,197
2023-08-22 19:03:00,46951,12.6256,12.6282,12.625,12.63,12.62,208
2023-08-22 19:04:00,100862,12.6326,12.625,12.645,12.645,12.62,549
2023-08-22 19:05:00,197332,12.6816,12.645,12.678,12.705,12.64,917
2023-08-22 19:06:00,43547,12.6732,12.675,12.675,12.68,12.66,248
2023-08-22 19:07:00,135968,12.6869,12.67,12.705,12.71,12.665,639
2023-08-22 19:08:00,196050,12.7064,12.7059,12.71,12.72,12.68,691
2023-08-22 19:09:00,204592,12.7749,12.72,12.72,12.7294,12.71,402
2023-08-22 19:10:00,199127,12.7251,12.72,12.7464,12.7464,12.71,808
2023-08-22 19:11:00,189250,12.752,12.75,12.7541,12.77,12.73,786
2023-08-22 19:12:00,48732,12.7515,12.758,12.755,12.76,12.75,237
2023-08-22 19:13:00,59753,12.7427,12.755,12.735,12.755,12.73,372
2023-08-22 19:14:00,138943,12.7072,12.735,12.695,12.735,12.69,622
2023-08-22 19:15:00,108359,12.6978,12.6999,12.705,12.71,12.69,613
2023-08-22 19:16:00,85403,12.7113,12.705,12.6907,12.7274,12.6907,408
2023-08-22 19:17:00,110847,12.6878,12.6999,12.685,12.6999,12.68,518
2023-08-22 19:18:00,29549,12.6842,12.685,12.685,12.6899,12.68,115
2023-08-22 19:19:00,115048,12.6837,12.685,12.675,12.69,12.67,637
2023-08-22 19:20:00,125202,12.6753,12.675,12.685,12.6888,12.66,515
2023-08-22 19:21:00,152739,12.7044,12.685,12.715,12.72,12.68,582
2023-08-22 19:22:00,82336,12.7135,12.7199,12.7199,12.72,12.71,385
2023-08-22 19:23:00,89231,12.7138,12.71,12.715,12.72,12.71,503
2023-08-22 19:24:00,185359,12.7282,12.7101,12.7301,12.75,12.71,980
2023-08-22 19:25:00,107538,12.7288,12.74,12.7201,12.74,12.72,329
2023-08-22 19:26:00,18184,12.7246,12.725,12.725,12.73,12.7201,141
2023-08-22 19:27:00,83142,12.7263,12.725,12.7299,12.73,12.72,429
2023-08-22 19:28:00,92773,12.7196,12.725,12.7155,12.7299,12.71,422
2023-08-22 19:29:00,129180,12.687,12.71,12.675,12.71,12.67,527
2023-08-22 19:30:00,234633,12.676,12.675,12.6773,12.69,12.67,1071
2023-08-22 19:31:00,140312,12.6789,12.675,12.685,12.6899,12.67,724
2023-08-22 19:32:00,97946,12.6727,12.6842,12.665,12.6898,12.66,486
2023-08-22 19:33:00,66730,12.6631,12.665,12.665,12.67,12.66,281
2023-08-22 19:34:00,116675,12.6697,12.66,12.675,12.68,12.66,535
2023-08-22 19:35:00,124805,12.6802,12.675,12.695,12.695,12.67,703
2023-08-22 19:36:00,101513,12.6963,12.695,12.7097,12.7097,12.685,522
2023-08-22 19:37:00,94384,12.7095,12.705,12.705,12.72,12.7001,480
2023-08-22 19:38:00,67922,12.7041,12.705,12.705,12.7075,12.7,401
2023-08-22 19:39:00,50547,12.7028,12.705,12.705,12.7099,12.7,332
2023-08-22 19:40:00,135159,12.7034,12.705,12.7,12.71,12.7,621
2023-08-22 19:41:00,121501,12.704,12.705,12.7,12.71,12.7,693
2023-08-22 19:42:00,206228,12.7152,12.705,12.725,12.73,12.7,796
2023-08-22 19:43:00,78149,12.7251,12.725,12.72,12.73,12.72,274
2023-08-22 19:44:00,119159,12.7137,12.7299,12.7,12.73,12.7,676
2023-08-22 19:45:00,115646,12.7034,12.7,12.705,12.71,12.7,778
2023-08-22 19:46:00,109765,12.7041,12.705,12.7,12.71,12.7,708
2023-08-22 19:47:00,95045,12.7034,12.705,12.705,12.71,12.7,452
2023-08-22 19:48:00,159457,12.706,12.7075,12.7,12.71,12.7,948
2023-08-22 19:49:00,177745,12.7064,12.7,12.705,12.71,12.7,929
2023-08-22 19:50:00,369928,12.7189,12.71,12.71,12.73,12.7,1643
2023-08-22 19:51:00,122424,12.7138,12.715,12.715,12.72,12.71,780
2023-08-22 19:52:00,138396,12.7147,12.715,12.7175,12.72,12.71,898
2023-08-22 19:53:00,157550,12.7147,12.715,12.7175,12.72,12.71,949
2023-08-22 19:54:00,135995,12.7132,12.715,12.71,12.72,12.71,808
2023-08-22 19:55:00,440478,12.7133,12.715,12.705,12.72,12.7,1886
2023-08-22 19:56:00,610326,12.6763,12.7,12.665,12.7097,12.66,2678
2023-08-22 19:57:00,431335,12.6771,12.665,12.6653,12.69,12.66,1833
2023-08-22 19:58:00,507142,12.6664,12.665,12.665,12.67,12.66,2066
2023-08-22 19:59:00,670899,12.6639,12.665,12.655,12.67,12.65,2470
2023-08-22 20:00:00,793,12.6633,12.66,12.67,12.67,12.64,11
2023-08-22 20:01:00,10481,12.6604,12.67,12.66,12.67,12.66,20
2023-08-22 20:02:00,10478,12.6605,12.66,12.67,12.67,12.66,11
2023-08-22 20:03:00,524,12.67,12.67,12.67,12.67,12.67,6
2023-08-22 20:04:00,361,12.663,12.6699,12.66,12.6699,12.66,4
2023-08-22 20:05:00,988,12.6751,12.67,12.68,12.69,12.67,7
2023-08-22 20:06:00,4378,12.6616,12.66,12.68,12.68,12.66,8
2023-08-22 20:07:00,2206,12.6798,12.68,12.68,12.68,12.68,7
2023-08-22 20:08:00,5840,12.6836,12.67,12.6701,12.69,12.67,7
2023-08-22 20:09:00,840,12.6773,12.67,12.68,12.68,12.67,6
2023-08-22 20:10:00,6415,12.6799,12.68,12.68,12.68,12.68,8
2023-08-22 20:11:00,4515,12.6709,12.68,12.67,12.68,12.67,6
2023-08-22 20:12:00,300,12.67,12.67,12.6701,12.6701,12.67,2
2023-08-22 20:13:00,501,12.68,12.68,12.68,12.68,12.68,2
2023-08-22 20:15:00,3085,12.6797,12.68,12.67,12.68,12.67,10
2023-08-22 20:16:00,1600,12.67,12.67,12.67,12.67,12.67,1
2023-08-22 20:17:00,542,12.6708,12.67,12.67,12.67,12.67,4
2023-08-22 20:20:00,19366,12.6701,12.67,12.67,12.67,12.67,18
2023-08-22 20:21:00,518,12.6741,12.67,12.67,12.68,12.67,7
2023-08-22 20:22:00,1227,12.6604,12.66,12.66,12.66,12.66,8
2023-08-22 20:23:00,100,12.67,12.67,12.67,12.67,12.67,1
2023-08-22 20:24:00,555,12.68,12.68,12.68,12.68,12.68,5
2023-08-22 20:25:00,3977,12.6801,12.68,12.68,12.68,12.68,5
2023-08-22 20:26:00,9200,12.6802,12.68,12.69,12.69,12.68,5
2023-08-22 20:27:00,1165,12.68,12.68,12.68,12.68,12.68,4
2023-08-22 20:28:00,290,12.68,12.68,12.68,12.68,12.68,5
2023-08-22 20:29:00,1012,12.678,12.68,12.67,12.68,12.67,5
2023-08-22 20:30:00,431,12.6799,12.68,12.68,12.68,12.68,5
2023-08-22 20:31:00,1121,12.68,12.68,12.68,12.68,12.68,5
2023-08-22 20:32:00,477,12.671,12.6703,12.67,12.6703,12.67,9
2023-08-22 20:33:00,664,12.67,12.67,12.67,12.67,12.67,9
2023-08-22 20:34:00,4011,12.6737,12.67,12.68,12.68,12.67,10
2023-08-22 20:35:00,144,12.68,12.68,12.68,12.68,12.68,2
2023-08-22 20:37:00,1362,12.6801,12.68,12.68,12.68,12.68,5
2023-08-22 20:38:00,1500,12.69,12.69,12.69,12.69,12.69,1
2023-08-22 20:40:00,402,12.6825,12.68,12.69,12.69,12.68,3
2023-08-22 20:41:00,1300,12.6823,12.69,12.68,12.69,12.68,4
2023-08-22 20:42:00,251,12.6808,12.68,12.68,12.68,12.68,4
2023-08-22 20:43:00,2790,12.6896,12.69,12.69,12.69,12.6808,8
2023-08-22 20:44:00,548,12.6983,12.7,12.7,12.7,12.7,7
2023-08-22 20:45:00,925,12.7,12.7,12.7,12.7,12.7,6
2023-08-22 20:47:00,353,12.7,12.7,12.7,12.7,12.7,4
2023-08-22 20:48:00,301,12.6867,12.68,12.7,12.7,12.68,3
2023-08-22 20:50:00,401,12.68,12.68,12.68,12.68,12.68,3
2023-08-22 20:51:00,1000,12.7,12.7,12.7,12.7,12.7,1
2023-08-22 20:52:00,1331,12.69,12.69,12.69,12.69,12.69,5
2023-08-22 20:55:00,101915,12.7002,12.7,12.72,12.72,12.7,9
2023-08-22 20:57:00,671,12.7185,12.72,12.72,12.72,12.72,5
2023-08-22 21:00:00,332,12.7037,12.7,12.7,12.7,12.7,5
2023-08-22 21:02:00,752,12.7067,12.72,12.7,12.72,12.7,11
2023-08-22 21:04:00,471,12.7145,12.71,12.72,12.72,12.71,6
2023-08-22 21:05:00,1040,12.72,12.72,12.72,12.72,12.72,6
2023-08-22 21:07:00,2526,12.7327,12.73,12.74,12.74,12.73,10
2023-08-22 21:08:00,135,12.7499,12.75,12.75,12.75,12.75,3
2023-08-22 21:09:00,1054,12.7412,12.74,12.75,12.75,12.74,8
2023-08-22 21:10:00,312,12.7404,12.74,12.74,12.74,12.74,3
2023-08-22 21:11:00,244,12.7418,12.7401,12.74,12.7401,12.74,4
2023-08-22 21:12:00,5806,12.7501,12.75,12.7509,12.7509,12.75,11
2023-08-22 21:13:00,706,12.76,12.76,12.76,12.76,12.76,4
2023-08-22 21:14:00,4349,12.7581,12.76,12.75,12.76,12.75,9
2023-08-22 21:15:00,2888,12.748,12.75,12.74,12.75,12.74,11
2023-08-22 21:18:00,500,12.7494,12.7492,12.75,12.75,12.7492,2
2023-08-22 21:19:00,621,12.7457,12.7401,12.75,12.75,12.7401,6
2023-08-22 21:20:00,2337,12.7509,12.75,12.75,12.7693,12.75,9
2023-08-22 21:22:00,213,12.75,12.75,12.75,12.75,12.75,3
2023-08-22 21:23:00,700,12.7571,12.76,12.75,12.76,12.75,2
2023-08-22 21:24:00,5100,12.75,12.75,12.75,12.75,12.75,3
2023-08-22 21:25:00,370,12.7595,12.76,12.76,12.76,12.76,3
2023-08-22 21:27:00,778,12.743,12.75,12.74,12.75,12.74,9
2023-08-22 21:28:00,4014,12.7668,12.76,12.77,12.77,12.76,9
2023-08-22 21:29:00,5377,12.7547,12.75,12.78,12.78,12.75,10
2023-08-22 21:30:00,459,12.7777,12.78,12.77,12.78,12.77,5
2023-08-22 21:31:00,661,12.7606,12.7606,12.7606,12.7606,12.7606,3
2023-08-22 21:32:00,500,12.76,12.76,12.76,12.76,12.76,1
2023-08-22 21:33:00,123,12.7699,12.77,12.77,12.77,12.77,4
2023-08-22 21:34:00,670,12.7676,12.77,12.77,12.77,12.77,16
2023-08-22 21:36:00,1102,12.76,12.76,12.76,12.76,12.76,4
2023-08-22 21:37:00,5382,12.7599,12.7601,12.76,12.7601,12.7598,11
2023-08-22 21:38:00,2141,12.7594,12.76,12.76,12.76,12.75,10
2023-08-22 21:39:00,1265,12.7584,12.76,12.75,12.76,12.75,5
2023-08-22 21:44:00,301,12.75,12.75,12.75,12.75,12.75,2
2023-08-22 21:45:00,7906,12.7518,12.76,12.76,12.76,12.75,6
2023-08-22 21:47:00,2335,12.76,12.76,12.76,12.76,12.76,5
2023-08-22 21:48:00,350,12.7529,12.76,12.75,12.76,12.75,2
2023-08-22 21:49:00,2278,12.76,12.76,12.76,12.76,12.76,9
2023-08-22 21:51:00,3556,12.7516,12.75,12.76,12.76,12.75,7
2023-08-22 21:53:00,553,12.76,12.76,12.76,12.76,12.76,6
2023-08-22 21:55:00,103,12.7594,12.7594,12.7594,12.7594,12.7594,2
2023-08-22 21:56:00,255,12.76,12.76,12.76,12.76,12.76,3
2023-08-22 21:58:00,353,12.7515,12.75,12.75,12.75,12.75,3
2023-08-22 21:59:00,2037,12.76,12.76,12.76,12.76,12.76,5
2023-08-22 22:00:00,250,12.76,12.76,12.76,12.76,12.76,3
2023-08-22 22:01:00,840,12.7594,12.76,12.76,12.76,12.76,12
2023-08-22 22:03:00,580,12.76,12.76,12.76,12.76,12.76,4
2023-08-22 22:04:00,1366,12.7615,12.76,12.78,12.78,12.76,12
2023-08-22 22:09:00,444,12.76,12.76,12.76,12.76,12.76,2
2023-08-22 22:13:00,1767,12.77,12.77,12.77,12.77,12.77,2
2023-08-22 22:14:00,1794,12.7645,12.76,12.77,12.77,12.76,8
2023-08-22 22:15:00,254,12.77,12.77,12.77,12.77,12.77,2
2023-08-22 22:16:00,166,12.76,12.76,12.76,12.76,12.76,3
2023-08-22 22:17:00,236,12.76,12.76,12.76,12.76,12.76,2
2023-08-22 22:18:00,6724,12.7581,12.77,12.75,12.77,12.75,6
2023-08-22 22:22:00,1100,12.7609,12.76,12.77,12.77,12.76,2
2023-08-22 22:23:00,1722,12.7761,12.77,12.78,12.78,12.77,9
2023-08-22 22:24:00,1101,12.76,12.76,12.7601,12.7601,12.76,4
2023-08-22 22:26:00,293,12.7607,12.76,12.76,12.76,12.76,4
2023-08-22 22:27:00,1288,12.7539,12.7501,12.76,12.76,12.7501,2
2023-08-22 22:29:00,1600,12.7538,12.76,12.75,12.76,12.75,3
2023-08-22 22:30:00,5097,12.7502,12.75,12.75,12.75,12.75,3
2023-08-22 22:31:00,300,12.76,12.76,12.76,12.76,12.76,1
2023-08-22 22:34:00,514,12.76,12.76,12.76,12.76,12.76,4
2023-08-22 22:35:00,1241,12.7532,12.77,12.75,12.77,12.75,4
2023-08-22 22:37:00,845,12.7641,12.76,12.77,12.77,12.76,5
2023-08-22 22:40:00,656,12.7624,12.76,12.77,12.77,12.76,4
2023-08-22 22:41:00,561,12.751,12.75,12.75,12.75,12.75,6
2023-08-22 22:42:00,2424,12.7541,12.77,12.75,12.77,12.75,5
2023-08-22 22:49:00,222,12.76,12.76,12.76,12.76,12.76,5
2023-08-22 22:50:00,867,12.7598,12.7597,12.7599,12.7599,12.7597,7
2023-08-22 22:54:00,432,12.7621,12.76,12.76,12.76,12.76,5
2023-08-22 22:55:00,1160,12.754,12.7799,12.75,12.7799,12.75,4
2023-08-22 22:56:00,600,12.7539,12.75,12.75,12.75,12.75,4
2023-08-22 22:57:00,100,12.76,12.76,12.76,12.76,12.76,1
2023-08-22 23:01:00,4000,12.7501,12.7501,12.7501,12.7501,12.7501,1
2023-08-22 23:02:00,508,12.7699,12.77,12.77,12.77,12.77,5
2023-08-22 23:11:00,1000,12.7501,12.75,12.75,12.75,12.75,4
2023-08-22 23:14:00,500,12.75,12.75,12.75,12.75,12.75,1
2023-08-22 23:19:00,607,12.76,12.76,12.76,12.76,12.76,6
2023-08-22 23:21:00,301,12.76,12.76,12.76,12.76,12.76,2
2023-08-22 23:22:00,494,12.7778,12.78,12.78,12.78,12.78,6
2023-08-22 23:27:00,121,12.7883,12.79,12.79,12.79,12.79,5
2023-08-22 23:28:00,185,12.78,12.78,12.78,12.78,12.78,5
2023-08-22 23:29:00,205,12.78,12.78,12.78,12.78,12.78,5
2023-08-22 23:31:00,210,12.7853,12.7802,12.79,12.79,12.7802,3
2023-08-22 23:33:00,514,12.78,12.78,12.7799,12.78,12.7799,5
2023-08-22 23:38:00,356,12.77,12.77,12.77,12.77,12.77,4
2023-08-22 23:39:00,618,12.76,12.76,12.76,12.76,12.76,3
2023-08-22 23:42:00,200,12.77,12.77,12.77,12.77,12.77,2
2023-08-22 23:47:00,154,12.7599,12.76,12.76,12.76,12.76,6
2023-08-22 23:49:00,2862,12.7505,12.76,12.75,12.76,12.75,3
2023-08-22 23:51:00,636,12.78,12.78,12.78,12.78,12.78,5
2023-08-22 23:52:00,400,12.7506,12.75,12.75,12.75,12.75,4
2023-08-22 23:53:00,250,12.76,12.76,12.76,12.76,12.76,1
2023-08-22 23:54:00,10810,12.7502,12.75,12.75,12.76,12.75,14
2023-08-22 23:55:00,200,12.76,12.76,12.76,12.76,12.76,2
2023-08-22 23:56:00,780,12.76,12.76,12.76,12.76,12.76,3
2023-08-22 23:57:00,470,12.76,12.76,12.76,12.76,12.76,5
2023-08-22 23:58:00,520,12.7523,12.75,12.76,12.76,12.75,5
2023-08-22 23:59:00,4007,12.7519,12.76,12.75,12.76,12.75,10
2023-08-23 08:02:00,200,12.8,12.8,12.8,12.8,12.8,1
2023-08-23 08:05:00,152,12.8,12.8,12.8,12.8,12.8,2
2023-08-23 08:06:00,505,12.804,12.8,12.81,12.81,12.8,8
2023-08-23 08:07:00,119,12.8,12.8,12.8,12.8,12.8,2
2023-08-23 08:16:00,175,12.79,12.79,12.79,12.79,12.79,2
2023-08-23 08:31:00,105,12.79,12.79,12.79,12.79,12.79,2
2023-08-23 08:49:00,1327,12.7575,12.76,12.75,12.76,12.75,4
2023-08-23 09:02:00,700,12.76,12.76,12.76,12.76,12.76,2
2023-08-23 09:09:00,560,12.76,12.76,12.76,12.76,12.76,2
2023-08-23 09:30:00,607,12.7459,12.75,12.76,12.76,12.75,5
2023-08-23 09:31:00,300,12.76,12.76,12.76,12.76,12.76,1
2023-08-23 09:42:00,257,12.72,12.72,12.72,12.72,12.72,2
2023-08-23 09:43:00,1455,12.72,12.72,12.72,12.72,12.72,4
2023-08-23 09:48:00,100,12.72,12.72,12.72,12.72,12.72,1
2023-08-23 09:50:00,300,12.747,12.75,12.75,12.75,12.75,4
2023-08-23 09:52:00,494,12.76,12.76,12.76,12.76,12.76,2
2023-08-23 09:56:00,150,12.76,12.76,12.76,12.76,12.76,1
2023-08-23 09:57:00,357,12.76,12.76,12.76,12.76,12.76,4
2023-08-23 10:00:00,400,12.76,12.76,12.76,12.76,12.76,4
2023-08-23 10:09:00,654,12.7906,12.79,12.79,12.79,12.79,3
2023-08-23 10:14:00,400,12.81,12.81,12.81,12.81,12.81,3
2023-08-23 10:15:00,200,12.81,12.81,12.81,12.81,12.81,1
2023-08-23 10:42:00,150,12.79,12.79,12.79,12.79,12.79,1
2023-08-23 10:48:00,2280,12.7342,12.78,12.71,12.78,12.71,11
2023-08-23 10:55:00,2201,12.6852,12.705,12.66,12.705,12.66,11
2023-08-23 10:56:00,2483,12.6417,12.665,12.635,12.665,12.635,11
2023-08-23 10:57:00,1686,12.6265,12.63,12.62,12.63,12.62,20
2023-08-23 10:58:00,310,12.6265,12.63,12.62,12.63,12.62,3
2023-08-23 10:59:00,1200,12.6096,12.61,12.61,12.61,12.61,6
2023-08-23 11:00:00,8811,12.6276,12.61,12.68,12.68,12.61,82
2023-08-23 11:01:00,4933,12.6784,12.67,12.69,12.69,12.67,17
2023-08-23 11:02:00,730,12.7048,12.7,12.7,12.7,12.7,8
2023-08-23 11:03:00,3647,12.6342,12.7,12.61,12.7,12.61,40
2023-08-23 11:04:00,8057,12.5912,12.605,12.55,12.61,12.55,77
2023-08-23 11:05:00,8142,12.5274,12.55,12.53,12.55,12.51,29
2023-08-23 11:06:00,1300,12.53,12.53,12.53,12.53,12.53,4
2023-08-23 11:07:00,860,12.5201,12.52,12.52,12.52,12.52,11
2023-08-23 11:08:00,2354,12.5242,12.53,12.52,12.53,12.52,18
2023-08-23 11:09:00,1309,12.53,12.52,12.54,12.54,12.52,10
2023-08-23 11:10:00,1808,12.53,12.53,12.53,12.53,12.53,8
2023-08-23 11:11:00,1086,12.5294,12.53,12.53,12.53,12.53,5
2023-08-23 11:12:00,2823,12.5297,12.53,12.53,12.53,12.525,22
2023-08-23 11:13:00,1306,12.53,12.53,12.53,12.53,12.53,13
2023-08-23 11:14:00,4075,12.5291,12.53,12.53,12.53,12.52,34
2023-08-23 11:15:00,2079,12.529,12.53,12.53,12.53,12.52,16
2023-08-23 11:17:00,100,12.54,12.54,12.54,12.54,12.54,1
2023-08-23 11:18:00,353,12.54,12.54,12.54,12.54,12.54,5
2023-08-23 11:19:00,1047,12.54,12.54,12.54,12.54,12.54,12
2023-08-23 11:23:00,1272,12.54,12.54,12.54,12.54,12.54,18
2023-08-23 11:24:00,459,12.5756,12.57,12.58,12.58,12.57,7
2023-08-23 11:25:00,601,12.605,12.6,12.6,12.6,12.6,9
2023-08-23 11:30:00,881,12.6206,12.62,12.62,12.62,12.62,8
2023-08-23 11:31:00,3153,12.6037,12.61,12.6,12.61,12.6,27
2023-08-23 11:37:00,751,12.5813,12.59,12.58,12.59,12.58,5
2023-08-23 11:40:00,200,12.5775,12.58,12.58,12.58,12.58,3
2023-08-23 11:41:00,265,12.59,12.59,12.59,12.59,12.59,2
2023-08-23 11:43:00,1700,12.6,12.6,12.6,12.6,12.6,5
2023-08-23 11:50:00,431,12.6,12.6,12.6,12.6,12.6,1
2023-08-23 11:53:00,539,12.5969,12.6,12.59,12.6,12.59,9
2023-08-23 11:54:00,524,12.6,12.6,12.6,12.6,12.6,8
2023-08-23 12:00:00,49843,12.5659,12.6098,12.6,12.75,12.51,203
2023-08-23 12:02:00,217,12.5873,12.58,12.58,12.58,12.58,9
2023-08-23 12:03:00,1196,12.6,12.6,12.6,12.6,12.6,8
2023-08-23 12:05:00,1707,12.5803,12.58,12.575,12.58,12.575,10
2023-08-23 12:06:00,1585,12.5781,12.57,12.58,12.58,12.57,9
2023-08-23 12:07:00,469,12.5699,12.57,12.57,12.57,12.57,10
2023-08-23 12:08:00,668,12.5634,12.565,12.56,12.565,12.56,8
2023-08-23 12:13:00,109,12.57,12.57,12.57,12.57,12.57,2
2023-08-23 12:15:00,757,12.57,12.57,12.57,12.57,12.57,2
2023-08-23 12:16:00,110,12.57,12.57,12.57,12.57,12.57,2
2023-08-23 12:18:00,249,12.5612,12.56,12.56,12.56,12.56,4
2023-08-23 12:19:00,9506,12.5783,12.57,12.58,12.58,12.57,12
2023-08-23 12:21:00,1003,12.5607,12.5606,12.5606,12.5606,12.5606,3
2023-08-23 12:23:00,3225,12.573,12.561,12.57,12.58,12.56,25
2023-08-23 12:24:00,150,12.58,12.58,12.58,12.58,12.58,1
2023-08-23 12:26:00,1860,12.5901,12.6,12.58,12.6,12.58,7
2023-08-23 12:27:00,498,12.5869,12.59,12.59,12.59,12.58,8
2023-08-23 12:28:00,551,12.5819,12.58,12.58,12.58,12.58,3
2023-08-23 12:31:00,100,12.59,12.59,12.59,12.59,12.59,1
2023-08-23 12:33:00,4028,12.5861,12.59,12.59,12.6,12.58,19
2023-08-23 12:34:00,2415,12.5983,12.6,12.6,12.6,12.59,11
2023-08-23 12:35:00,754,12.5901,12.59,12.59,12.59,12.59,2
2023-08-23 12:36:00,1934,12.5959,12.6,12.59,12.6,12.59,17
2023-08-23 12:37:00,526,12.5895,12.59,12.59,12.59,12.59,3
2023-08-23 12:42:00,2553,12.5853,12.59,12.59,12.59,12.58,17
2023-08-23 12:44:00,7034,12.59,12.59,12.59,12.59,12.59,20
2023-08-23 12:45:00,802,12.5894,12.5894,12.5894,12.5894,12.5894,3
2023-08-23 12:46:00,366,12.58,12.58,12.58,12.58,12.58,2
2023-08-23 12:47:00,796,12.5836,12.5892,12.58,12.5892,12.58,6
2023-08-23 12:48:00,527,12.58,12.58,12.58,12.58,12.58,3
2023-08-23 12:50:00,206,12.5899,12.59,12.59,12.59,12.59,4
2023-08-23 12:51:00,200,12.5894,12.5894,12.5894,12.5894,12.5894,1
2023-08-23 12:53:00,2793,12.5891,12.58,12.59,12.59,12.58,24
2023-08-23 12:54:00,370,12.5832,12.58,12.59,12.59,12.58,7
2023-08-23 12:55:00,200,12.5899,12.5899,12.5899,12.5899,12.5899,1
2023-08-23 12:57:00,169,12.5811,12.58,12.58,12.58,12.58,3
2023-08-23 12:58:00,1009,12.5888,12.585,12.59,12.59,12.585,17
2023-08-23 13:01:00,240,12.59,12.59,12.59,12.59,12.59,5
2023-08-23 13:03:00,7087,12.5714,12.59,12.54,12.59,12.54,48
2023-08-23 13:04:00,1294,12.54,12.5401,12.54,12.5401,12.54,5
2023-08-23 13:05:00,157,12.5398,12.54,12.54,12.54,12.54,3
2023-08-23 13:06:00,4704,12.5397,12.54,12.54,12.54,12.5301,10
2023-08-23 13:07:00,1836,12.54,12.54,12.54,12.54,12.54,6
2023-08-23 13:08:00,873,12.5301,12.53,12.53,12.53,12.53,16
2023-08-23 13:09:00,1035,12.5268,12.53,12.52,12.53,12.52,10
2023-08-23 13:10:00,24121,12.5021,12.51,12.51,12.51,12.5,85
2023-08-23 13:11:00,4651,12.5193,12.5004,12.54,12.54,12.5004,28
2023-08-23 13:12:00,11968,12.5861,12.58,12.5507,12.6,12.54,85
2023-08-23 13:13:00,2592,12.5504,12.55,12.55,12.55,12.55,7
2023-08-23 13:14:00,4143,12.5501,12.5501,12.55,12.5501,12.55,4
2023-08-23 13:15:00,211,12.571,12.57,12.57,12.57,12.57,4
2023-08-23 13:16:00,406,12.5898,12.59,12.59,12.59,12.59,6
2023-08-23 13:17:00,2285,12.5601,12.5502,12.57,12.57,12.55,13
2023-08-23 13:18:00,999,12.5856,12.57,12.6,12.6,12.57,7
2023-08-23 13:19:00,2000,12.6008,12.6,12.6,12.6,12.6,21
2023-08-23 13:20:00,154,12.5869,12.59,12.59,12.59,12.59,5
2023-08-23 13:21:00,373,12.5712,12.57,12.57,12.57,12.57,3
2023-08-23 13:22:00,605,12.5607,12.57,12.55,12.57,12.55,12
2023-08-23 13:23:00,1715,12.5433,12.54,12.54,12.55,12.54,18
2023-08-23 13:24:00,591,12.5416,12.5401,12.5401,12.5401,12.5401,5
2023-08-23 13:25:00,1053,12.5431,12.5498,12.5401,12.5498,12.5401,5
2023-08-23 13:26:00,1518,12.55,12.55,12.55,12.55,12.55,19
2023-08-23 13:27:00,3259,12.5583,12.5401,12.58,12.58,12.5401,31
2023-08-23 13:28:00,510,12.5898,12.59,12.59,12.59,12.59,2
2023-08-23 13:29:00,2095,12.5877,12.589,12.59,12.59,12.58,11
2023-08-23 13:30:00,641596,12.455,12.54,12.4201,12.6,12.33,1588
2023-08-23 13:31:00,161714,12.4133,12.4299,12.47,12.47,12.36,804
2023-08-23 13:32:00,69714,12.4161,12.465,12.425,12.47,12.375,559
2023-08-23 13:33:00,219585,12.4713,12.42,12.54,12.58,12.38,1130
2023-08-23 13:34:00,143033,12.6078,12.535,12.635,12.655,12.535,712
2023-08-23 13:35:00,241500,12.5913,12.635,12.5225,12.65,12.5225,946
2023-08-23 13:36:00,119421,12.5035,12.5299,12.5,12.55,12.4421,786
2023-08-23 13:37:00,167905,12.447,12.5099,12.42,12.5099,12.39,1099
2023-08-23 13:38:00,92157,12.4242,12.415,12.43,12.449,12.3897,493
2023-08-23 13:39:00,153717,12.382,12.43,12.345,12.43,12.34,886
2023-08-23 13:40:00,222241,12.4721,12.345,12.535,12.56,12.345,897
2023-08-23 13:41:00,95394,12.5336,12.53,12.55,12.5692,12.505,576
2023-08-23 13:42:00,123546,12.4845,12.55,12.475,12.55,12.45,541
2023-08-23 13:43:00,84161,12.4806,12.475,12.44,12.51,12.44,498
2023-08-23 13:44:00,180297,12.4573,12.4411,12.4627,12.505,12.4411,814
2023-08-23 13:45:00,167767,12.4777,12.465,12.455,12.49,12.4501,913
2023-08-23 13:46:00,101049,12.4357,12.46,12.4201,12.47,12.41,562
2023-08-23 13:47:00,206698,12.3897,12.41,12.36,12.4101,12.35,1116
2023-08-23 13:48:00,118668,12.3826,12.3699,12.39,12.4074,12.36,583
2023-08-23 13:49:00,117444,12.3933,12.3887,12.407,12.41,12.37,657
2023-08-23 13:50:00,145800,12.439,12.41,12.4365,12.46,12.405,894
2023-08-23 13:51:00,73117,12.3774,12.4399,12.375,12.4399,12.35,552
2023-08-23 13:52:00,151434,12.3595,12.3773,12.385,12.395,12.34,652
2023-08-23 13:53:00,83493,12.4004,12.38,12.4001,12.43,12.375,441
2023-08-23 13:54:00,32542,12.3921,12.41,12.3764,12.4281,12.365,241
2023-08-23 13:55:00,43458,12.3898,12.375,12.4054,12.4099,12.3628,257
2023-08-23 13:56:00,54279,12.4289,12.405,12.425,12.44,12.405,271
2023-08-23 13:57:00,33020,12.4314,12.42,12.43,12.45,12.42,257
2023-08-23 13:58:00,185562,12.448,12.43,12.47,12.47,12.42,722
2023-08-23 13:59:00,251298,12.5086,12.47,12.51,12.55,12.4626,1082
2023-08-23 14:00:00,215007,12.5138,12.5117,12.46,12.5499,12.46,750
2023-08-23 14:01:00,85991,12.4702,12.4682,12.465,12.485,12.4547,426
2023-08-23 14:02:00,65625,12.4702,12.46,12.46,12.5,12.44,329
2023-08-23 14:03:00,54028,12.4644,12.46,12.48,12.48,12.455,396
2023-08-23 14:04:00,217881,12.495,12.48,12.525,12.525,12.4731,695
2023-08-23 14:05:00,87838,12.5196,12.525,12.485,12.5393,12.485,444
2023-08-23 14:06:00,67766,12.4682,12.485,12.455,12.49,12.45,429
2023-08-23 14:07:00,54566,12.4716,12.4586,12.48,12.49,12.454,294
2023-08-23 14:08:00,94363,12.4985,12.485,12.485,12.515,12.48,530
2023-08-23 14:09:00,41943,12.4829,12.4886,12.495,12.5,12.47,320
2023-08-23 14:10:00,98166,12.5139,12.4953,12.535,12.545,12.485,769
2023-08-23 14:11:00,78649,12.5118,12.54,12.485,12.54,12.4801,281
2023-08-23 14:12:00,45887,12.4882,12.485,12.485,12.495,12.4801,244
2023-08-23 14:13:00,57296,12.4908,12.4801,12.48,12.5,12.475,332
2023-08-23 14:14:00,113145,12.4449,12.47,12.4401,12.475,12.4301,330
2023-08-23 14:15:00,49559,12.4482,12.445,12.475,12.475,12.425,351
2023-08-23 14:16:00,84676,12.4967,12.48,12.4965,12.51,12.47,326
2023-08-23 14:17:00,78142,12.4872,12.49,12.4772,12.5,12.47,319
2023-08-23 14:18:00,91194,12.4457,12.47,12.44,12.471,12.4201,472
2023-08-23 14:19:00,90215,12.4134,12.44,12.405,12.44,12.4,569
2023-08-23 14:20:00,154747,12.4342,12.41,12.4486,12.45,12.41,435
2023-08-23 14:21:00,115543,12.4728,12.45,12.485,12.49,12.4417,349
2023-08-23 14:22:00,66957,12.4846,12.4899,12.4701,12.49,12.47,228
2023-08-23 14:23:00,114605,12.4665,12.4702,12.48,12.48,12.455,337
2023-08-23 14:24:00,47900,12.4644,12.47,12.455,12.475,12.455,332
2023-08-23 14:25:00,149679,12.4885,12.46,12.495,12.52,12.4501,572
2023-08-23 14:26:00,61599,12.4809,12.5,12.475,12.5,12.47,272
2023-08-23 14:27:00,122339,12.4775,12.475,12.4799,12.49,12.47,548
2023-08-23 14:28:00,57074,12.4567,12.475,12.415,12.478,12.415,348
2023-08-23 14:29:00,79331,12.4117,12.4106,12.41,12.42,12.4,425
2023-08-23 14:30:00,113426,12.4082,12.4,12.425,12.43,12.39,566
2023-08-23 14:31:00,97595,12.4233,12.43,12.425,12.445,12.41,557
2023-08-23 14:32:00,50200,12.4317,12.4232,12.435,12.44,12.42,252
2023-08-23 14:33:00,51848,12.4272,12.4301,12.41,12.44,12.41,296
2023-08-23 14:34:00,70332,12.388,12.415,12.37,12.415,12.37,647
2023-08-23 14:35:00,71314,12.3695,12.375,12.37,12.3789,12.36,537
2023-08-23 14:36:00,171671,12.3486,12.36,12.35,12.37,12.33,845
2023-08-23 14:37:00,107453,12.3564,12.355,12.3778,12.38,12.34,480
2023-08-23 14:38:00,50281,12.3699,12.375,12.38,12.38,12.355,254
2023-08-23 14:39:00,60355,12.3871,12.375,12.39,12.4,12.372,415
2023-08-23 14:40:00,82936,12.4099,12.385,12.4242,12.43,12.385,307
2023-08-23 14:41:00,91129,12.4312,12.425,12.4173,12.445,12.415,487
2023-08-23 14:42:00,16731,12.4321,12.4188,12.435,12.44,12.4188,126
2023-08-23 14:43:00,118295,12.4221,12.435,12.4101,12.4399,12.4101,167
2023-08-23 14:44:00,51788,12.3987,12.4189,12.395,12.4199,12.39,310
2023-08-23 14:45:00,119800,12.4418,12.4,12.4593,12.48,12.4,528
2023-08-23 14:46:00,78784,12.4362,12.46,12.405,12.46,12.4,243
2023-08-23 14:47:00,52710,12.4041,12.405,12.41,12.41,12.395,315
2023-08-23 14:48:00,49363,12.4263,12.405,12.435,12.44,12.405,181
2023-08-23 14:49:00,64965,12.4407,12.4372,12.465,12.47,12.42,415
2023-08-23 14:50:00,59945,12.4484,12.47,12.44,12.47,12.425,458
2023-08-23 14:51:00,27284,12.4384,12.445,12.435,12.45,12.43,174
2023-08-23 14:52:00,36664,12.4153,12.435,12.4099,12.435,12.4,284
2023-08-23 14:53:00,97770,12.3991,12.4,12.41,12.41,12.39,483
2023-08-23 14:54:00,66527,12.4033,12.41,12.395,12.41,12.39,237
2023-08-23 14:55:00,39076,12.3928,12.39,12.39,12.4,12.39,223
2023-08-23 14:56:00,301647,12.3763,12.39,12.39,12.395,12.35,934
2023-08-23 14:57:00,114552,12.3845,12.385,12.39,12.4,12.375,399
2023-08-23 14:58:00,194715,12.3972,12.3806,12.405,12.41,12.38,479
2023-08-23 14:59:00,74211,12.4102,12.405,12.4101,12.42,12.4,228
2023-08-23 15:00:00,160198,12.4144,12.415,12.3945,12.4275,12.3901,557
2023-08-23 15:01:00,119697,12.3991,12.39,12.39,12.425,12.38,385
2023-08-23 15:02:00,96762,12.3871,12.385,12.385,12.395,12.3799,323
2023-08-23 15:03:00,133112,12.3841,12.385,12.385,12.39,12.37,645
2023-08-23 15:04:00,114311,12.3944,12.3891,12.42,12.42,12.38,582
2023-08-23 15:05:00,42331,12.4139,12.4116,12.3966,12.425,12.395,204
2023-08-23 15:06:00,43979,12.41,12.3996,12.415,12.42,12.395,318
2023-08-23 15:07:00,63717,12.4187,12.417,12.415,12.43,12.4103,219
2023-08-23 15:08:00,44703,12.4125,12.4117,12.415,12.42,12.41,185
2023-08-23 15:09:00,22696,12.4153,12.415,12.415,12.42,12.41,100
2023-08-23 15:10:00,8934,12.4127,12.415,12.415,12.4199,12.41,76
2023-08-23 15:11:00,39172,12.4138,12.42,12.405,12.42,12.405,191
2023-08-23 15:12:00,34479,12.407,12.4001,12.4,12.415,12.4,205
2023-08-23 15:13:00,19869,12.4073,12.4,12.405,12.4099,12.4,85
2023-08-23 15:14:00,87251,12.4161,12.405,12.435,12.44,12.395,641
2023-08-23 15:15:00,59727,12.4123,12.435,12.4157,12.4381,12.395,294
2023-08-23 15:16:00,62094,12.4298,12.4179,12.4291,12.44,12.415,199
2023-08-23 15:17:00,89018,12.4288,12.42,12.445,12.45,12.41,335
2023-08-23 15:18:00,72551,12.444,12.445,12.445,12.45,12.44,170
2023-08-23 15:19:00,123173,12.4401,12.445,12.445,12.45,12.4243,490
2023-08-23 15:20:00,78796,12.4654,12.445,12.455,12.48,12.4429,319
2023-08-23 15:21:00,23874,12.4496,12.457,12.445,12.46,12.4409,151
2023-08-23 15:22:00,7568,12.4436,12.445,12.445,12.4478,12.44,81
2023-08-23 15:23:00,110608,12.4251,12.44,12.415,12.45,12.405,523
2023-08-23 15:24:00,75700,12.4156,12.41,12.415,12.425,12.41,396
2023-08-23 15:25:00,75091,12.413,12.415,12.415,12.42,12.41,265
2023-08-23 15:26:00,38262,12.4143,12.41,12.41,12.4199,12.41,207
2023-08-23 15:27:00,96899,12.4136,12.4199,12.4081,12.42,12.405,409
2023-08-23 15:28:00,104025,12.3993,12.405,12.3854,12.41,12.38,271
2023-08-23 15:29:00,125149,12.3943,12.382,12.4,12.41,12.38,487
2023-08-23 15:30:00,72375,12.4011,12.4,12.409,12.41,12.3933,420
2023-08-23 15:31:00,26654,12.402,12.41,12.409,12.41,12.4,123
2023-08-23 15:32:00,42807,12.4122,12.41,12.415,12.42,12.4,254
2023-08-23 15:33:00,97412,12.425,12.42,12.4288,12.43,12.415,296
2023-08-23 15:34:00,205356,12.4194,12.425,12.4,12.44,12.3901,727
2023-08-23 15:35:00,72206,12.4304,12.41,12.4699,12.47,12.4,343
2023-08-23 15:36:00,68165,12.465,12.4612,12.47,12.47,12.46,173
2023-08-23 15:37:00,138241,12.4884,12.4684,12.495,12.5,12.4684,349
2023-08-23 15:38:00,71912,12.4971,12.495,12.485,12.51,12.4801,247
2023-08-23 15:39:00,82790,12.5111,12.485,12.545,12.55,12.485,412
2023-08-23 15:40:00,94021,12.5286,12.5403,12.49,12.55,12.49,487
2023-08-23 15:41:00,64405,12.4918,12.495,12.4999,12.5,12.48,205
2023-08-23 15:42:00,66829,12.4802,12.49,12.47,12.5,12.4614,358
2023-08-23 15:43:00,69794,12.471,12.4601,12.475,12.48,12.4601,206
2023-08-23 15:44:00,60884,12.4649,12.475,12.455,12.48,12.4501,401
2023-08-23 15:45:00,51239,12.4509,12.455,12.4409,12.46,12.44,212
2023-08-23 15:46:00,174961,12.4392,12.44,12.4484,12.459,12.415,752
2023-08-23 15:47:00,42376,12.4409,12.445,12.44,12.45,12.435,202
2023-08-23 15:48:00,101565,12.4288,12.43,12.445,12.45,12.42,335
2023-08-23 15:49:00,76343,12.4593,12.445,12.4501,12.4699,12.445,278
2023-08-23 15:50:00,54345,12.4549,12.45,12.46,12.47,12.44,245
2023-08-23 15:51:00,71624,12.4485,12.4606,12.4396,12.4606,12.4301,217
2023-08-23 15:52:00,51755,12.4574,12.435,12.49,12.49,12.43,203
2023-08-23 15:53:00,93070,12.485,12.485,12.4914,12.5,12.48,197
2023-08-23 15:54:00,90623,12.5212,12.5,12.52,12.54,12.49,247
2023-08-23 15:55:00,94150,12.5343,12.52,12.5275,12.54,12.52,154
2023-08-23 15:56:00,52458,12.5128,12.525,12.515,12.525,12.505,276
2023-08-23 15:57:00,69836,12.5276,12.515,12.525,12.5453,12.51,281
2023-08-23 15:58:00,44995,12.5098,12.525,12.515,12.525,12.49,218
2023-08-23 15:59:00,21572,12.5234,12.515,12.5292,12.53,12.515,126
2023-08-23 16:00:00,57769,12.5333,12.53,12.535,12.54,12.5236,341
2023-08-23 16:01:00,25731,12.528,12.535,12.525,12.54,12.52,111
2023-08-23 16:02:00,213182,12.5393,12.52,12.555,12.56,12.5133,467
2023-08-23 16:03:00,64931,12.5463,12.555,12.535,12.56,12.525,264
2023-08-23 16:04:00,31186,12.5266,12.535,12.535,12.5381,12.51,159
2023-08-23 16:05:00,18065,12.5372,12.54,12.53,12.54,12.53,148
2023-08-23 16:06:00,45096,12.5198,12.535,12.5116,12.535,12.51,135
2023-08-23 16:07:00,27029,12.5208,12.5159,12.525,12.53,12.515,222
2023-08-23 16:08:00,21243,12.5347,12.525,12.55,12.55,12.525,106
2023-08-23 16:09:00,30626,12.5292,12.545,12.5,12.55,12.5,250
2023-08-23 16:10:00,100580,12.4744,12.5,12.4623,12.5,12.461,657
2023-08-23 16:11:00,35597,12.4638,12.465,12.445,12.47,12.4414,233
2023-08-23 16:12:00,60875,12.4579,12.44,12.48,12.48,12.4301,291
2023-08-23 16:13:00,16745,12.4766,12.48,12.475,12.485,12.47,185
2023-08-23 16:14:00,80099,12.4808,12.47,12.475,12.499,12.47,355
2023-08-23 16:15:00,34097,12.4796,12.47,12.485,12.49,12.47,102
2023-08-23 16:16:00,25143,12.4774,12.485,12.465,12.49,12.46,136
2023-08-23 16:17:00,17984,12.4575,12.4601,12.455,12.4699,12.45,152
2023-08-23 16:18:00,29823,12.4554,12.45,12.455,12.46,12.45,202
2023-08-23 16:19:00,87792,12.4473,12.455,12.43,12.4558,12.43,250
2023-08-23 16:20:00,44852,12.4221,12.43,12.425,12.4307,12.41,547
2023-08-23 16:21:00,10288,12.4319,12.425,12.43,12.43,12.425,71
2023-08-23 16:22:00,51513,12.4213,12.425,12.415,12.43,12.4101,287
2023-08-23 16:23:00,29466,12.4162,12.42,12.415,12.42,12.41,149
2023-08-23 16:24:00,13399,12.4147,12.415,12.415,12.42,12.41,155
2023-08-23 16:25:00,65562,12.4439,12.415,12.46,12.465,12.415,344
2023-08-23 16:26:00,36833,12.4616,12.46,12.467,12.47,12.455,216
2023-08-23 16:27:00,26055,12.4659,12.4692,12.465,12.47,12.46,138
2023-08-23 16:28:00,21502,12.4619,12.465,12.46,12.47,12.46,158
2023-08-23 16:29:00,35805,12.4591,12.46,12.4545,12.465,12.45,260
2023-08-23 16:30:00,9488,12.4455,12.455,12.44,12.46,12.44,115
2023-08-23 16:31:00,13249,12.4438,12.44,12.4489,12.4489,12.44,109
2023-08-23 16:32:00,9074,12.4465,12.44,12.44,12.45,12.44,66
2023-08-23 16:33:00,38648,12.4544,12.4401,12.465,12.47,12.44,356
2023-08-23 16:34:00,5907,12.4643,12.465,12.46,12.465,12.46,62
2023-08-23 16:35:00,6903,12.4642,12.465,12.465,12.47,12.46,76
2023-08-23 16:36:00,175637,12.4804,12.465,12.485,12.4967,12.465,528
2023-08-23 16:37:00,16110,12.4761,12.48,12.47,12.49,12.47,126
2023-08-23 16:38:00,14157,12.4649,12.47,12.455,12.48,12.45,118
2023-08-23 16:39:00,42969,12.4568,12.45,12.4535,12.46,12.45,126
2023-08-23 16:40:00,32987,12.4688,12.455,12.47,12.47,12.455,117
2023-08-23 16:41:00,18280,12.4717,12.47,12.475,12.48,12.465,131
2023-08-23 16:42:00,12081,12.4774,12.475,12.4769,12.48,12.4701,64
2023-08-23 16:43:00,18027,12.4763,12.48,12.475,12.48,12.47,102
2023-08-23 16:44:00,9821,12.4754,12.475,12.4701,12.48,12.47,91
2023-08-23 16:45:00,37699,12.4707,12.475,12.47,12.4799,12.47,227
2023-08-23 16:46:00,15476,12.4705,12.47,12.47,12.48,12.47,81
2023-08-23 16:47:00,18266,12.472,12.475,12.47,12.48,12.47,183
2023-08-23 16:48:00,8599,12.4709,12.4711,12.47,12.48,12.47,75
2023-08-23 16:49:00,59959,12.4854,12.47,12.49,12.495,12.47,466
2023-08-23 16:50:00,40140,12.4877,12.485,12.48,12.495,12.48,272
2023-08-23 16:51:00,8686,12.4842,12.48,12.49,12.49,12.48,74
2023-08-23 16:52:00,3129,12.4832,12.485,12.485,12.485,12.48,68
2023-08-23 16:53:00,76379,12.4777,12.485,12.475,12.4891,12.47,152
2023-08-23 16:54:00,51261,12.4693,12.47,12.4726,12.48,12.465,305
2023-08-23 16:55:00,46736,12.4988,12.4785,12.525,12.525,12.475,247
2023-08-23 16:56:00,43668,12.5125,12.5209,12.5,12.53,12.49,261
2023-08-23 16:57:00,11215,12.4918,12.495,12.495,12.4975,12.49,108
2023-08-23 16:58:00,80176,12.5005,12.495,12.505,12.51,12.4901,228
2023-08-23 16:59:00,10203,12.5138,12.51,12.525,12.53,12.5001,134
2023-08-23 17:00:00,43142,12.5258,12.53,12.525,12.54,12.52,153
2023-08-23 17:01:00,11713,12.5286,12.525,12.535,12.535,12.52,86
2023-08-23 17:02:00,42951,12.5372,12.535,12.5306,12.5475,12.53,265
2023-08-23 17:03:00,7829,12.5288,12.5301,12.53,12.5301,12.5247,87
2023-08-23 17:04:00,47758,12.5116,12.53,12.51,12.53,12.5,262
2023-08-23 17:05:00,17771,12.5065,12.505,12.52,12.52,12.5,115
2023-08-23 17:06:00,7520,12.5161,12.515,12.5155,12.52,12.5142,73
2023-08-23 17:07:00,14191,12.5129,12.515,12.515,12.52,12.51,134
2023-08-23 17:08:00,4850,12.5148,12.52,12.51,12.52,12.51,66
2023-08-23 17:09:00,23414,12.5096,12.51,12.52,12.52,12.5,210
2023-08-23 17:10:00,4598,12.514,12.52,12.51,12.52,12.51,64
2023-08-23 17:11:00,2066,12.5118,12.516,12.51,12.516,12.51,38
2023-08-23 17:12:00,26782,12.5098,12.515,12.515,12.52,12.505,217
2023-08-23 17:13:00,11830,12.5192,12.515,12.525,12.5269,12.5133,108
2023-08-23 17:14:00,7482,12.524,12.525,12.525,12.53,12.52,78
2023-08-23 17:15:00,8831,12.5241,12.525,12.525,12.53,12.52,92
2023-08-23 17:16:00,33997,12.5115,12.525,12.505,12.525,12.505,183
2023-08-23 17:17:00,42869,12.5069,12.505,12.5101,12.515,12.5,266
2023-08-23 17:18:00,13489,12.5119,12.515,12.5101,12.52,12.505,127
2023-08-23 17:19:00,31836,12.5077,12.515,12.505,12.515,12.5,212
2023-08-23 17:20:00,40582,12.5035,12.51,12.505,12.51,12.5,217
2023-08-23 17:21:00,62505,12.5026,12.505,12.505,12.51,12.5,259
2023-08-23 17:22:00,37805,12.5095,12.5,12.51,12.515,12.5,290
2023-08-23 17:23:00,61048,12.505,12.51,12.505,12.51,12.5,184
2023-08-23 17:24:00,31260,12.5012,12.5083,12.5099,12.51,12.5,153
2023-08-23 17:25:00,42200,12.4942,12.505,12.49,12.505,12.49,198
2023-08-23 17:26:00,31450,12.4865,12.485,12.485,12.4896,12.48,94
2023-08-23 17:27:00,5908,12.4841,12.485,12.4899,12.49,12.48,76
2023-08-23 17:28:00,13248,12.4827,12.485,12.485,12.4899,12.48,61
2023-08-23 17:29:00,7429,12.4852,12.485,12.49,12.49,12.48,58
2023-08-23 17:30:00,50903,12.4961,12.49,12.505,12.51,12.485,358
2023-08-23 17:31:00,11401,12.5016,12.5,12.5,12.51,12.5,76
2023-08-23 17:32:00,43201,12.4994,12.505,12.495,12.51,12.4933,243
2023-08-23 17:33:00,13570,12.4927,12.495,12.495,12.5,12.49,92
2023-08-23 17:34:00,27475,12.4935,12.495,12.495,12.5,12.49,95
2023-08-23 17:35:00,9808,12.4913,12.4901,12.49,12.4958,12.49,64
2023-08-23 17:36:00,9784,12.4901,12.495,12.49,12.495,12.485,118
2023-08-23 17:37:00,11454,12.4855,12.485,12.49,12.49,12.48,123
2023-08-23 17:38:00,5951,12.4835,12.485,12.48,12.4899,12.48,92
2023-08-23 17:39:00,5047,12.4829,12.485,12.485,12.49,12.48,63
2023-08-23 17:40:00,26521,12.485,12.485,12.485,12.49,12.48,137
2023-08-23 17:41:00,13181,12.4832,12.485,12.485,12.49,12.48,130
2023-08-23 17:42:00,29518,12.4864,12.49,12.495,12.5,12.48,194
2023-08-23 17:43:00,9675,12.4955,12.495,12.495,12.5,12.49,113
2023-08-23 17:44:00,6928,12.4964,12.5,12.495,12.5,12.49,94
2023-08-23 17:45:00,12485,12.4958,12.49,12.5,12.5,12.49,113
2023-08-23 17:46:00,8023,12.4956,12.495,12.495,12.5,12.4939,87
2023-08-23 17:47:00,11214,12.4955,12.495,12.495,12.5,12.4901,95
2023-08-23 17:48:00,9742,12.4942,12.495,12.495,12.5,12.49,112
2023-08-23 17:49:00,55509,12.4995,12.495,12.505,12.505,12.49,338
2023-08-23 17:50:00,72602,12.5039,12.505,12.5,12.51,12.5,346
2023-08-23 17:51:00,28214,12.4887,12.505,12.48,12.505,12.48,168
2023-08-23 17:52:00,28308,12.4787,12.4809,12.475,12.485,12.47,267
2023-08-23 17:53:00,30365,12.4787,12.47,12.4701,12.485,12.47,208
2023-08-23 17:54:00,10845,12.4754,12.475,12.47,12.48,12.47,78
2023-08-23 17:55:00,13573,12.4754,12.48,12.4799,12.48,12.47,79
2023-08-23 17:56:00,20877,12.4768,12.4716,12.475,12.48,12.47,99
2023-08-23 17:57:00,13429,12.4739,12.4799,12.475,12.48,12.47,128
2023-08-23 17:58:00,21647,12.4768,12.475,12.475,12.48,12.4742,122
2023-08-23 17:59:00,8512,12.4746,12.475,12.47,12.48,12.47,89
2023-08-23 18:00:00,44588,12.4725,12.475,12.475,12.48,12.47,233
2023-08-23 18:01:00,27183,12.4858,12.475,12.495,12.5,12.475,204
2023-08-23 18:02:00,33652,12.4998,12.495,12.4927,12.5084,12.49,260
2023-08-23 18:03:00,8269,12.495,12.495,12.4901,12.5,12.49,101
2023-08-23 18:04:00,12582,12.4882,12.495,12.48,12.495,12.48,115
2023-08-23 18:05:00,12702,12.4847,12.485,12.485,12.49,12.48,76
2023-08-23 18:06:00,25796,12.4869,12.485,12.4806,12.49,12.48,74
2023-08-23 18:07:00,33058,12.4873,12.4875,12.485,12.49,12.48,108
2023-08-23 18:08:00,63594,12.491,12.485,12.5,12.5,12.4833,272
2023-08-23 18:09:00,46413,12.5039,12.495,12.505,12.51,12.495,148
2023-08-23 18:10:00,76803,12.5125,12.505,12.52,12.52,12.5,261
2023-08-23 18:11:00,71812,12.5164,12.52,12.505,12.525,12.504,267
2023-08-23 18:12:00,28097,12.4976,12.505,12.4947,12.505,12.4902,132
2023-08-23 18:13:00,16868,12.4898,12.495,12.4801,12.4955,12.48,157
2023-08-23 18:14:00,34287,12.4858,12.48,12.49,12.495,12.48,294
2023-08-23 18:15:00,35796,12.4748,12.4855,12.475,12.4855,12.47,154
2023-08-23 18:16:00,5670,12.4771,12.48,12.48,12.48,12.475,65
2023-08-23 18:17:00,395073,12.4307,12.48,12.45,12.48,12.42,856
2023-08-23 18:18:00,41309,12.4559,12.445,12.445,12.47,12.445,238
2023-08-23 18:19:00,8923,12.4421,12.4411,12.445,12.45,12.44,70
2023-08-23 18:20:00,19720,12.4448,12.45,12.43,12.455,12.43,156
2023-08-23 18:21:00,34533,12.4369,12.43,12.435,12.4399,12.43,79
2023-08-23 18:22:00,51641,12.4309,12.43,12.4328,12.44,12.42,261
2023-08-23 18:23:00,43972,12.4441,12.435,12.4482,12.45,12.43,208
2023-08-23 18:24:00,59701,12.4442,12.45,12.44,12.45,12.435,239
2023-08-23 18:25:00,54808,12.4488,12.44,12.4457,12.45,12.44,202
2023-08-23 18:26:00,31780,12.4535,12.4469,12.47,12.47,12.4445,243
2023-08-23 18:27:00,17640,12.4603,12.465,12.465,12.47,12.45,128
2023-08-23 18:28:00,15943,12.4581,12.4601,12.455,12.4613,12.45,117
2023-08-23 18:29:00,33365,12.449,12.45,12.445,12.455,12.44,266
2023-08-23 18:30:00,21842,12.4566,12.45,12.4638,12.465,12.445,167
2023-08-23 18:31:00,26960,12.4613,12.465,12.465,12.47,12.46,77
2023-08-23 18:32:00,256199,12.4965,12.465,12.465,12.47,12.46,228
2023-08-23 18:33:00,44006,12.4798,12.47,12.485,12.49,12.47,244
2023-08-23 18:34:00,75753,12.4975,12.485,12.495,12.51,12.485,331
2023-08-23 18:35:00,69589,12.5002,12.5,12.505,12.51,12.49,169
2023-08-23 18:36:00,76918,12.5192,12.505,12.5299,12.53,12.504,181
2023-08-23 18:37:00,75940,12.5242,12.525,12.525,12.53,12.52,211
2023-08-23 18:38:00,39822,12.5246,12.5275,12.525,12.53,12.52,165
2023-08-23 18:39:00,67254,12.5212,12.5256,12.52,12.53,12.5138,232
2023-08-23 18:40:00,24038,12.5215,12.515,12.525,12.53,12.515,161
2023-08-23 18:41:00,27470,12.5211,12.525,12.525,12.53,12.515,222
2023-08-23 18:42:00,14667,12.524,12.525,12.5214,12.53,12.52,134
2023-08-23 18:43:00,18061,12.5235,12.5299,12.52,12.5299,12.52,106
2023-08-23 18:44:00,47876,12.5206,12.5205,12.5206,12.53,12.515,187
2023-08-23 18:45:00,19498,12.5139,12.52,12.51,12.52,12.51,125
2023-08-23 18:46:00,23729,12.5048,12.51,12.5015,12.51,12.5,151
2023-08-23 18:47:00,38799,12.4996,12.505,12.49,12.51,12.49,316
2023-08-23 18:48:00,41795,12.4872,12.49,12.485,12.4999,12.48,173
2023-08-23 18:49:00,41298,12.4813,12.49,12.47,12.49,12.47,184
2023-08-23 18:50:00,22313,12.4713,12.4713,12.475,12.477,12.47,99
2023-08-23 18:51:00,25201,12.4729,12.475,12.47,12.4763,12.47,78
2023-08-23 18:52:00,38281,12.4734,12.475,12.47,12.48,12.47,111
2023-08-23 18:53:00,88933,12.4725,12.475,12.46,12.48,12.46,475
2023-08-23 18:54:00,21284,12.4653,12.465,12.4612,12.47,12.46,121
2023-08-23 18:55:00,7984,12.4632,12.4601,12.4699,12.4699,12.46,61
2023-08-23 18:56:00,14835,12.4611,12.46,12.45,12.4699,12.45,124
2023-08-23 18:57:00,67343,12.4653,12.45,12.49,12.49,12.45,417
2023-08-23 18:58:00,29963,12.4956,12.49,12.495,12.505,12.4826,149
2023-08-23 18:59:00,41084,12.4842,12.495,12.48,12.495,12.48,264
2023-08-23 19:00:00,3174,12.4834,12.485,12.48,12.485,12.48,34
2023-08-23 19:01:00,18365,12.485,12.485,12.485,12.49,12.48,137
2023-08-23 19:02:00,65855,12.4833,12.485,12.475,12.4893,12.47,230
2023-08-23 19:03:00,67371,12.4796,12.475,12.485,12.49,12.47,230
2023-08-23 19:04:00,86434,12.4999,12.49,12.505,12.51,12.485,375
2023-08-23 19:05:00,47962,12.5021,12.505,12.505,12.51,12.5,193
2023-08-23 19:06:00,81969,12.504,12.5,12.5,12.52,12.495,451
2023-08-23 19:07:00,60605,12.4994,12.505,12.51,12.51,12.49,343
2023-08-23 19:08:00,51913,12.5082,12.505,12.495,12.52,12.495,301
2023-08-23 19:09:00,22382,12.4913,12.495,12.495,12.5,12.49,107
2023-08-23 19:10:00,15541,12.4956,12.495,12.499,12.4999,12.49,102
2023-08-23 19:11:00,19699,12.4902,12.49,12.48,12.4962,12.48,169
2023-08-23 19:12:00,60670,12.483,12.485,12.495,12.4999,12.47,334
2023-08-23 19:13:00,25558,12.4992,12.495,12.505,12.505,12.49,132
2023-08-23 19:14:00,35698,12.506,12.505,12.515,12.515,12.495,205
2023-08-23 19:15:00,81744,12.5249,12.51,12.54,12.54,12.51,194
2023-08-23 19:16:00,52381,12.5355,12.535,12.5338,12.545,12.5239,310
2023-08-23 19:17:00,54557,12.5367,12.54,12.535,12.55,12.53,230
2023-08-23 19:18:00,44409,12.5309,12.535,12.535,12.535,12.53,167
2023-08-23 19:19:00,12828,12.5349,12.535,12.5327,12.54,12.53,122
2023-08-23 19:20:00,19287,12.5322,12.53,12.535,12.5375,12.53,121
2023-08-23 19:21:00,19028,12.5337,12.535,12.535,12.54,12.53,163
2023-08-23 19:22:00,18660,12.5323,12.535,12.535,12.54,12.53,151
2023-08-23 19:23:00,26486,12.5351,12.535,12.535,12.54,12.53,202
2023-08-23 19:24:00,74510,12.5311,12.535,12.535,12.54,12.53,327
2023-08-23 19:25:00,85220,12.5428,12.5301,12.555,12.5572,12.53,301
2023-08-23 19:26:00,78220,12.5662,12.555,12.58,12.58,12.555,273
2023-08-23 19:27:00,104711,12.5818,12.58,12.585,12.59,12.57,336
2023-08-23 19:28:00,31923,12.5783,12.5887,12.565,12.59,12.565,207
2023-08-23 19:29:00,40541,12.5578,12.565,12.555,12.5665,12.55,273
2023-08-23 19:30:00,19761,12.5614,12.555,12.565,12.57,12.555,144
2023-08-23 19:31:00,60730,12.5612,12.57,12.565,12.57,12.555,314
2023-08-23 19:32:00,11732,12.5652,12.56,12.565,12.57,12.56,117
2023-08-23 19:33:00,36817,12.571,12.57,12.575,12.58,12.5601,263
2023-08-23 19:34:00,53923,12.5675,12.57,12.565,12.58,12.5613,257
2023-08-23 19:35:00,29946,12.5689,12.566,12.575,12.58,12.56,239
2023-08-23 19:36:00,125630,12.5443,12.575,12.525,12.579,12.52,563
2023-08-23 19:37:00,40500,12.5246,12.525,12.525,12.53,12.52,203
2023-08-23 19:38:00,17829,12.523,12.52,12.52,12.5299,12.52,196
2023-08-23 19:39:00,38368,12.5293,12.5203,12.535,12.54,12.52,301
2023-08-23 19:40:00,68725,12.5296,12.54,12.525,12.54,12.5201,326
2023-08-23 19:41:00,43566,12.5329,12.525,12.535,12.54,12.52,282
2023-08-23 19:42:00,77305,12.542,12.535,12.56,12.56,12.535,498
2023-08-23 19:43:00,37028,12.561,12.555,12.565,12.57,12.555,262
2023-08-23 19:44:00,120666,12.5601,12.565,12.55,12.57,12.55,460
2023-08-23 19:45:00,92960,12.5477,12.555,12.545,12.56,12.54,565
2023-08-23 19:46:00,122539,12.5344,12.545,12.515,12.545,12.51,656
2023-08-23 19:47:00,92681,12.5232,12.52,12.54,12.54,12.515,472
2023-08-23 19:48:00,43775,12.5358,12.54,12.535,12.54,12.53,239
2023-08-23 19:49:00,108217,12.5403,12.535,12.54,12.55,12.53,565
2023-08-23 19:50:00,85051,12.5309,12.535,12.525,12.54,12.52,655
2023-08-23 19:51:00,136123,12.536,12.525,12.545,12.55,12.52,661
2023-08-23 19:52:00,102656,12.5449,12.545,12.545,12.55,12.54,581
2023-08-23 19:53:00,132400,12.554,12.545,12.565,12.57,12.54,774
2023-08-23 19:54:00,94846,12.5643,12.565,12.57,12.57,12.56,661
2023-08-23 19:55:00,178346,12.5622,12.56,12.56,12.57,12.56,945
2023-08-23 19:56:00,174738,12.5681,12.56,12.575,12.58,12.56,1078
2023-08-23 19:57:00,240252,12.5806,12.575,12.5878,12.59,12.5701,1106
2023-08-23 19:58:00,388175,12.5888,12.59,12.575,12.6,12.57,1570
2023-08-23 19:59:00,421199,12.5778,12.58,12.58,12.59,12.57,1475
2023-08-23 20:00:00,2045,12.5436,12.52,12.56,12.56,12.52,6
2023-08-23 20:01:00,1353,12.5608,12.56,12.56,12.57,12.56,4
2023-08-23 20:02:00,4045,12.57,12.57,12.57,12.57,12.57,6
2023-08-23 20:03:00,4152,12.5794,12.58,12.57,12.58,12.57,4
2023-08-23 20:04:00,3819,12.5702,12.57,12.57,12.57,12.57,12
2023-08-23 20:05:00,253,12.5708,12.5707,12.5707,12.5707,12.5707,2
2023-08-23 20:06:00,251,12.57,12.57,12.57,12.57,12.57,2
2023-08-23 20:07:00,1900,12.57,12.57,12.57,12.57,12.57,2
2023-08-23 20:08:00,1845,12.5801,12.58,12.58,12.58,12.58,7
2023-08-23 20:09:00,10591,12.59,12.59,12.59,12.59,12.59,1
2023-08-23 20:10:00,250,12.58,12.58,12.58,12.58,12.58,1
2023-08-23 20:12:00,125,12.5803,12.5803,12.5803,12.5803,12.5803,1
2023-08-23 20:14:00,435,12.5802,12.58,12.58,12.58,12.58,4
2023-08-23 20:15:00,116,12.5813,12.58,12.58,12.58,12.58,4
2023-08-23 20:16:00,150,12.58,12.58,12.58,12.58,12.58,1
2023-08-23 20:18:00,1231,12.5819,12.58,12.59,12.59,12.58,5
2023-08-23 20:19:00,512,12.59,12.59,12.59,12.59,12.59,2
2023-08-23 20:20:00,310,12.5803,12.58,12.58,12.58,12.58,2
2023-08-23 20:21:00,131,12.5804,12.58,12.58,12.58,12.58,3
2023-08-23 20:23:00,276,12.5873,12.59,12.59,12.59,12.59,3
2023-08-23 20:25:00,700,12.5811,12.58,12.58,12.58,12.58,2
2023-08-23 20:27:00,3789,12.5902,12.59,12.59,12.59,12.59,14
2023-08-23 20:28:00,1828,12.5999,12.6,12.6,12.6,12.6,18
2023-08-23 20:29:00,706,12.6103,12.61,12.6108,12.6108,12.61,7
2023-08-23 20:30:00,503,12.62,12.62,12.62,12.62,12.62,7
2023-08-23 20:31:00,200,12.6203,12.62,12.62,12.62,12.62,2
2023-08-23 20:32:00,1600,12.6297,12.6297,12.6297,12.6297,12.6297,1
2023-08-23 20:33:00,790,12.6314,12.63,12.6399,12.6399,12.63,6
2023-08-23 20:34:00,936,12.6374,12.64,12.64,12.65,12.62,11
2023-08-23 20:38:00,1000,12.64,12.64,12.64,12.64,12.64,1
2023-08-23 20:39:00,121,12.6201,12.62,12.62,12.62,12.62,3
2023-08-23 20:40:00,716,12.6375,12.64,12.63,12.64,12.63,10
2023-08-23 20:43:00,100,12.6562,12.6562,12.6562,12.6562,12.6562,1
2023-08-23 20:44:00,425,12.6406,12.63,12.65,12.65,12.63,4
2023-08-23 20:45:00,526,12.6305,12.62,12.63,12.63,12.62,9
2023-08-23 20:46:00,293,12.6437,12.65,12.64,12.65,12.64,3
2023-08-23 20:47:00,1640,12.6462,12.66,12.64,12.66,12.62,6
2023-08-23 20:48:00,500,12.64,12.64,12.64,12.64,12.64,1
2023-08-23 20:55:00,700,12.64,12.64,12.64,12.64,12.64,3
2023-08-23 20:58:00,115,12.65,12.65,12.65,12.65,12.65,1
2023-08-23 21:00:00,2025,12.6202,12.62,12.62,12.62,12.62,3
2023-08-23 21:01:00,1015,12.6219,12.6218,12.6218,12.6218,12.6218,2
2023-08-23 21:03:00,455,12.6201,12.62,12.62,12.62,12.62,4
2023-08-23 21:05:00,468,12.6221,12.62,12.62,12.62,12.62,3
2023-08-23 21:08:00,520,12.6212,12.6212,12.6212,12.6212,12.6212,2
2023-08-23 21:09:00,851,12.6202,12.6213,12.62,12.6213,12.62,9
2023-08-23 21:10:00,1589,12.61,12.61,12.61,12.61,12.61,1
2023-08-23 21:11:00,249,12.61,12.61,12.61,12.61,12.61,1
2023-08-23 21:16:00,2990,12.64,12.64,12.64,12.64,12.64,1
2023-08-23 21:18:00,144,12.6384,12.64,12.64,12.64,12.64,4
2023-08-23 21:19:00,1080,12.6215,12.62,12.62,12.62,12.62,3
2023-08-23 21:22:00,1000,12.63,12.63,12.63,12.63,12.63,1
2023-08-23 21:24:00,835,12.6318,12.63,12.6399,12.6399,12.63,2
2023-08-23 21:25:00,6319,12.64,12.64,12.64,12.64,12.64,5
2023-08-23 21:27:00,230,12.6539,12.65,12.65,12.65,12.65,5
2023-08-23 21:28:00,1005,12.65,12.65,12.65,12.65,12.65,2
2023-08-23 21:29:00,3500,12.65,12.65,12.65,12.65,12.65,1
2023-08-23 21:31:00,220,12.6554,12.65,12.65,12.65,12.65,4
2023-08-23 21:43:00,250,12.6492,12.6492,12.6492,12.6492,12.6492,1
2023-08-23 21:47:00,164,12.6378,12.63,12.63,12.63,12.63,2
2023-08-23 21:49:00,5000,12.62,12.62,12.62,12.62,12.62,1
2023-08-23 21:54:00,100,12.65,12.65,12.65,12.65,12.65,1
2023-08-23 21:55:00,2010,12.6598,12.66,12.66,12.66,12.66,7
2023-08-23 21:56:00,510,12.6772,12.68,12.68,12.68,12.68,7
2023-08-23 21:59:00,100,12.6817,12.6817,12.6817,12.6817,12.6817,1
2023-08-23 22:08:00,113,12.6711,12.67,12.67,12.67,12.67,3
2023-08-23 22:10:00,204,12.67,12.67,12.67,12.67,12.67,3
2023-08-23 22:12:00,200,12.65,12.65,12.65,12.65,12.65,1
2023-08-23 22:13:00,100,12.67,12.67,12.67,12.67,12.67,1
2023-08-23 22:16:00,500,12.67,12.67,12.67,12.67,12.67,1
2023-08-23 22:21:00,200,12.65,12.65,12.65,12.65,12.65,2
2023-08-23 22:24:00,400,12.62,12.62,12.62,12.62,12.62,1
2023-08-23 22:36:00,500,12.5798,12.6,12.5699,12.6,12.5699,5
2023-08-23 22:43:00,1146,12.5879,12.59,12.57,12.59,12.57,5
2023-08-23 22:45:00,500,12.55,12.55,12.55,12.55,12.55,1
2023-08-23 22:48:00,213,12.5855,12.59,12.59,12.59,12.59,3
2023-08-23 22:50:00,805,12.59,12.59,12.59,12.59,12.59,3
2023-08-23 23:04:00,200,12.58,12.58,12.58,12.58,12.58,1
2023-08-23 23:07:00,300,12.59,12.59,12.59,12.59,12.59,1
2023-08-23 23:08:00,185,12.58,12.58,12.58,12.58,12.58,1
2023-08-23 23:10:00,355,12.5903,12.59,12.59,12.59,12.59,2
2023-08-23 23:12:00,201,12.6001,12.6,12.6,12.6,12.6,2
2023-08-23 23:21:00,5000,12.59,12.59,12.59,12.59,12.59,2
2023-08-23 23:27:00,1000,12.63,12.63,12.63,12.63,12.63,1
2023-08-23 23:36:00,102,12.6002,12.6,12.6,12.6,12.6,2
2023-08-23 23:39:00,275,12.6001,12.6001,12.6001,12.6001,12.6001,1
2023-08-23 23:45:00,859,12.6439,12.63,12.66,12.66,12.63,3
2023-08-23 23:49:00,220,12.66,12.66,12.66,12.66,12.66,2
2023-08-23 23:55:00,236,12.6327,12.62,12.62,12.62,12.62,3
2023-08-23 23:57:00,2000,12.65,12.65,12.65,12.65,12.65,1
2023-08-23 23:59:00,911,12.65,12.65,12.65,12.65,12.65,3
2023-08-24 08:04:00,397,12.51,12.51,12.51,12.51,12.51,5
2023-08-24 09:49:00,100,12.6,12.6,12.6,12.6,12.6,1
2023-08-24 09:50:00,290,12.6,12.6,12.6,12.6,12.6,2
2023-08-24 10:43:00,150,12.5981,12.6,12.6,12.6,12.6,2
2023-08-24 10:50:00,9357,12.6002,12.6,12.6,12.61,12.6,11
2023-08-24 10:51:00,5600,12.6004,12.6,12.6,12.61,12.6,6
2023-08-24 10:52:00,10843,12.5999,12.6,12.59,12.6,12.59,2
2023-08-24 11:05:00,650,12.6046,12.6,12.6,12.6,12.6,4
2023-08-24 11:06:00,200,12.605,12.61,12.6,12.61,12.6,2
2023-08-24 11:28:00,300,12.6007,12.6,12.6,12.6,12.6,5
2023-08-24 11:29:00,4188,12.6001,12.6,12.6,12.6,12.6,8
2023-08-24 11:38:00,200,12.61,12.61,12.61,12.61,12.61,1
2023-08-24 11:52:00,596,12.647,12.65,12.65,12.65,12.65,5
2023-08-24 11:59:00,101,12.6298,12.63,12.63,12.63,12.63,2
2023-08-24 12:00:00,6222,12.6159,12.61,12.6,12.67,12.6,36
2023-08-24 12:01:00,988,12.6016,12.63,12.55,12.63,12.55,9
2023-08-24 12:02:00,148,12.5503,12.55,12.55,12.55,12.55,5
2023-08-24 12:03:00,163,12.6002,12.6004,12.6004,12.6004,12.6004,3
2023-08-24 12:05:00,550,12.6117,12.61,12.61,12.61,12.61,4
2023-08-24 12:06:00,1001,12.6101,12.6101,12.6101,12.6101,12.6101,2
2023-08-24 12:07:00,580,12.65,12.65,12.65,12.65,12.65,1
2023-08-24 12:09:00,116,12.62,12.62,12.62,12.62,12.62,1
2023-08-24 12:11:00,916,12.6102,12.61,12.61,12.61,12.61,3
2023-08-24 12:12:00,1008,12.62,12.62,12.62,12.62,12.62,2
2023-08-24 12:18:00,120,12.6117,12.6101,12.6101,12.6101,12.6101,2
2023-08-24 12:21:00,250,12.6119,12.6101,12.6101,12.6101,12.6101,2
2023-08-24 12:28:00,250,12.6101,12.6101,12.6101,12.6101,12.6101,2
2023-08-24 12:32:00,1000,12.6105,12.61,12.61,12.61,12.61,4
2023-08-24 12:33:00,2067,12.6101,12.6101,12.6101,12.6101,12.6101,4
2023-08-24 12:34:00,1015,12.6101,12.61,12.61,12.61,12.61,2
2023-08-24 12:38:00,100,12.61,12.61,12.61,12.61,12.61,1
2023-08-24 12:43:00,2908,12.6464,12.64,12.67,12.67,12.64,11
2023-08-24 12:44:00,9505,12.6631,12.67,12.68,12.68,12.66,13
2023-08-24 12:45:00,500,12.66,12.66,12.66,12.66,12.66,1
2023-08-24 12:46:00,525,12.66,12.66,12.66,12.66,12.66,2
2023-08-24 12:48:00,804,12.692,12.67,12.71,12.71,12.67,16
2023-08-24 12:49:00,5400,12.6735,12.66,12.73,12.73,12.66,5
2023-08-24 12:50:00,287,12.6391,12.62,12.65,12.65,12.62,8
2023-08-24 12:52:00,2145,12.6247,12.62,12.62,12.63,12.62,4
2023-08-24 12:53:00,239,12.64,12.64,12.64,12.64,12.64,2
2023-08-24 12:56:00,2290,12.6392,12.63,12.64,12.64,12.63,9
2023-08-24 12:57:00,3630,12.6472,12.63,12.65,12.65,12.63,8
2023-08-24 12:58:00,966,12.6349,12.64,12.63,12.64,12.63,7
2023-08-24 12:59:00,1031,12.63,12.63,12.63,12.63,12.63,2
2023-08-24 13:00:00,6091,12.6498,12.6498,12.65,12.65,12.6498,3
2023-08-24 13:01:00,488,12.6208,12.62,12.62,12.62,12.62,3
2023-08-24 13:06:00,100,12.62,12.62,12.62,12.62,12.62,1
2023-08-24 13:09:00,1032,12.647,12.63,12.65,12.65,12.63,6
2023-08-24 13:15:00,399,12.64,12.64,12.64,12.64,12.64,3
2023-08-24 13:21:00,100,12.62,12.62,12.62,12.62,12.62,1
2023-08-24 13:24:00,220,12.6393,12.64,12.64,12.64,12.64,5
2023-08-24 13:25:00,1520,12.6159,12.61,12.61,12.62,12.61,14
2023-08-24 13:27:00,2068,12.5907,12.6,12.6,12.6,12.59,24
2023-08-24 13:28:00,2502,12.5369,12.59,12.53,12.59,12.53,5
2023-08-24 13:29:00,2391,12.5298,12.53,12.52,12.53,12.52,14
2023-08-24 13:30:00,153174,12.5179,12.53,12.575,12.59,12.5,451
2023-08-24 13:31:00,91407,12.5138,12.57,12.51,12.575,12.48,641
2023-08-24 13:32:00,98042,12.5778,12.5,12.61,12.63,12.49,532
2023-08-24 13:33:00,46528,12.6268,12.615,12.58,12.67,12.575,253
2023-08-24 13:34:00,94601,12.5411,12.575,12.5199,12.585,12.51,499
2023-08-24 13:35:00,54824,12.5693,12.525,12.59,12.5993,12.525,253
2023-08-24 13:36:00,74434,12.6032,12.6,12.59,12.625,12.58,368
2023-08-24 13:37:00,27700,12.5915,12.5901,12.6,12.61,12.5782,137
2023-08-24 13:38:00,128393,12.6436,12.6,12.645,12.66,12.59,260
2023-08-24 13:39:00,25566,12.6437,12.64,12.625,12.67,12.62,238
2023-08-24 13:40:00,49740,12.5811,12.625,12.565,12.625,12.5446,250
2023-08-24 13:41:00,24211,12.5681,12.56,12.5525,12.5977,12.55,162
2023-08-24 13:42:00,28520,12.5722,12.55,12.5756,12.59,12.55,212
2023-08-24 13:43:00,29264,12.6023,12.575,12.61,12.615,12.575,169
2023-08-24 13:44:00,197208,12.611,12.62,12.59,12.6393,12.58,667
2023-08-24 13:45:00,105687,12.6329,12.58,12.65,12.6699,12.58,644
2023-08-24 13:46:00,140330,12.6923,12.65,12.7199,12.72,12.65,640
2023-08-24 13:47:00,104798,12.7231,12.7116,12.735,12.74,12.69,390
2023-08-24 13:48:00,68801,12.72,12.735,12.6901,12.74,12.69,342
2023-08-24 13:49:00,82077,12.6884,12.695,12.705,12.71,12.67,299
2023-08-24 13:50:00,49433,12.6834,12.71,12.66,12.71,12.66,235
2023-08-24 13:51:00,97341,12.6566,12.662,12.66,12.68,12.64,323
2023-08-24 13:52:00,31303,12.648,12.6657,12.64,12.6699,12.63,179
2023-08-24 13:53:00,23653,12.6462,12.635,12.6599,12.66,12.62,154
2023-08-24 13:54:00,51593,12.6252,12.66,12.612,12.665,12.6021,295
2023-08-24 13:55:00,53661,12.6146,12.615,12.62,12.6299,12.6,344
2023-08-24 13:56:00,53756,12.6236,12.615,12.63,12.6386,12.61,238
2023-08-24 13:57:00,132318,12.6652,12.635,12.675,12.69,12.635,638
2023-08-24 13:58:00,70593,12.6836,12.68,12.6851,12.69,12.67,384
2023-08-24 13:59:00,41548,12.6852,12.69,12.6926,12.7,12.67,240
2023-08-24 14:00:00,85196,12.7114,12.695,12.695,12.72,12.6925,399
2023-08-24 14:01:00,65927,12.6742,12.69,12.665,12.695,12.65,281
2023-08-24 14:02:00,27193,12.6561,12.665,12.645,12.67,12.645,212
2023-08-24 14:03:00,88185,12.6474,12.64,12.645,12.66,12.635,611
2023-08-24 14:04:00,58467,12.6448,12.6484,12.6527,12.6577,12.63,420
2023-08-24 14:05:00,18481,12.6515,12.654,12.64,12.66,12.64,135
2023-08-24 14:06:00,106554,12.6079,12.64,12.595,12.64,12.59,557
2023-08-24 14:07:00,121814,12.5878,12.6,12.5707,12.605,12.57,431
2023-08-24 14:08:00,50225,12.5656,12.5799,12.565,12.58,12.55,248
2023-08-24 14:09:00,61016,12.5389,12.565,12.53,12.5662,12.53,262
2023-08-24 14:10:00,43935,12.5288,12.525,12.5376,12.54,12.52,184
2023-08-24 14:11:00,95819,12.5157,12.5388,12.4988,12.54,12.49,416
2023-08-24 14:12:00,49714,12.4995,12.4988,12.51,12.52,12.48,231
2023-08-24 14:13:00,32907,12.5165,12.515,12.509,12.53,12.5,144
2023-08-24 14:14:00,24565,12.5023,12.5,12.505,12.5099,12.49,114
2023-08-24 14:15:00,103327,12.5044,12.505,12.51,12.52,12.49,521
2023-08-24 14:16:00,28054,12.5094,12.51,12.4901,12.5197,12.4901,202
2023-08-24 14:17:00,4615,12.4935,12.497,12.495,12.5,12.49,53
2023-08-24 14:18:00,101260,12.4836,12.49,12.4702,12.51,12.47,452
2023-08-24 14:19:00,37921,12.465,12.47,12.465,12.476,12.46,220
2023-08-24 14:20:00,44061,12.4672,12.4688,12.4673,12.49,12.45,328
2023-08-24 14:21:00,22856,12.4692,12.465,12.465,12.48,12.46,150
2023-08-24 14:22:00,43037,12.4931,12.465,12.505,12.51,12.465,334
2023-08-24 14:23:00,39315,12.5021,12.505,12.5099,12.515,12.49,229
2023-08-24 14:24:00,54737,12.5081,12.51,12.5015,12.5199,12.495,381
2023-08-24 14:25:00,33765,12.5037,12.5066,12.5146,12.5146,12.5,217
2023-08-24 14:26:00,32547,12.5181,12.52,12.515,12.525,12.5,193
2023-08-24 14:27:00,21413,12.5234,12.515,12.525,12.53,12.515,207
2023-08-24 14:28:00,12789,12.516,12.52,12.51,12.52,12.51,96
2023-08-24 14:29:00,14629,12.5206,12.515,12.5299,12.53,12.5119,127
2023-08-24 14:30:00,27054,12.5162,12.525,12.515,12.53,12.505,201
2023-08-24 14:31:00,40266,12.5123,12.515,12.52,12.52,12.5,293
2023-08-24 14:32:00,16967,12.5137,12.525,12.5077,12.525,12.505,134
2023-08-24 14:33:00,34084,12.5123,12.505,12.5135,12.5299,12.5,272
2023-08-24 14:34:00,19208,12.5172,12.51,12.5285,12.5285,12.51,144
2023-08-24 14:35:00,40412,12.5352,12.52,12.55,12.555,12.515,305
2023-08-24 14:36:00,23124,12.5497,12.55,12.545,12.56,12.54,141
2023-08-24 14:37:00,51300,12.5586,12.54,12.56,12.57,12.54,287
2023-08-24 14:38:00,31812,12.5838,12.56,12.585,12.6,12.56,219
2023-08-24 14:39:00,47560,12.5822,12.59,12.5907,12.595,12.57,283
2023-08-24 14:40:00,26743,12.5965,12.59,12.59,12.605,12.59,147
2023-08-24 14:41:00,47107,12.591,12.595,12.57,12.61,12.56,241
2023-08-24 14:42:00,18571,12.5629,12.565,12.56,12.57,12.56,121
2023-08-24 14:43:00,46042,12.5642,12.57,12.54,12.58,12.54,314
2023-08-24 14:44:00,25182,12.5431,12.5455,12.545,12.55,12.53,126
2023-08-24 14:45:00,38270,12.5568,12.545,12.56,12.565,12.54,312
2023-08-24 14:46:00,25187,12.5682,12.56,12.585,12.5899,12.555,221
2023-08-24 14:47:00,66432,12.5968,12.59,12.59,12.605,12.59,346
2023-08-24 14:48:00,21543,12.5794,12.5931,12.57,12.5999,12.57,150
2023-08-24 14:49:00,20126,12.5596,12.57,12.565,12.5731,12.55,168
2023-08-24 14:50:00,23790,12.5663,12.565,12.585,12.59,12.55,194
2023-08-24 14:51:00,25954,12.5933,12.585,12.6001,12.605,12.575,168
2023-08-24 14:52:00,52568,12.6231,12.6,12.61,12.6399,12.6,313
2023-08-24 14:53:00,9120,12.6027,12.615,12.6,12.615,12.59,116
2023-08-24 14:54:00,28801,12.5947,12.6,12.59,12.61,12.585,183
2023-08-24 14:55:00,26191,12.6052,12.6,12.615,12.6199,12.595,139
2023-08-24 14:56:00,30447,12.6177,12.62,12.62,12.63,12.61,170
2023-08-24 14:57:00,27871,12.6106,12.63,12.59,12.63,12.59,221
2023-08-24 14:58:00,18516,12.587,12.595,12.5899,12.595,12.58,160
2023-08-24 14:59:00,18770,12.5829,12.585,12.58,12.59,12.575,187
2023-08-24 15:00:00,42382,12.576,12.585,12.5809,12.585,12.56,304
2023-08-24 15:01:00,44846,12.5941,12.58,12.595,12.605,12.58,218
2023-08-24 15:02:00,46491,12.5975,12.5992,12.6,12.61,12.58,183
2023-08-24 15:03:00,52721,12.6015,12.6,12.6013,12.61,12.585,252
2023-08-24 15:04:00,5988,12.6042,12.605,12.6099,12.6099,12.6,48
2023-08-24 15:05:00,30387,12.6077,12.61,12.595,12.625,12.59,239
2023-08-24 15:06:00,29094,12.5888,12.599,12.56,12.6,12.56,236
2023-08-24 15:07:00,29927,12.5628,12.5601,12.56,12.575,12.55,242
2023-08-24 15:08:00,110283,12.5538,12.56,12.555,12.565,12.54,660
2023-08-24 15:09:00,30697,12.5653,12.555,12.575,12.585,12.55,223
2023-08-24 15:10:00,17143,12.5781,12.575,12.57,12.59,12.57,95
2023-08-24 15:11:00,14039,12.5845,12.58,12.583,12.59,12.58,112
2023-08-24 15:12:00,25681,12.5864,12.58,12.595,12.6,12.575,219
2023-08-24 15:13:00,26689,12.5877,12.595,12.57,12.5998,12.57,244
2023-08-24 15:14:00,11228,12.5878,12.575,12.595,12.595,12.575,116
2023-08-24 15:15:00,50999,12.6102,12.595,12.6062,12.625,12.595,299
2023-08-24 15:16:00,10792,12.6062,12.605,12.6,12.61,12.6,89
2023-08-24 15:17:00,13407,12.5924,12.605,12.58,12.605,12.58,141
2023-08-24 15:18:00,4577,12.592,12.5899,12.59,12.595,12.5872,49
2023-08-24 15:19:00,39733,12.5959,12.595,12.6,12.605,12.585,261
2023-08-24 15:20:00,4648,12.6001,12.6034,12.605,12.61,12.6,37
2023-08-24 15:21:00,64291,12.5753,12.6,12.55,12.6,12.55,446
2023-08-24 15:22:00,15511,12.5499,12.55,12.5497,12.555,12.54,159
2023-08-24 15:23:00,37969,12.5565,12.54,12.55,12.57,12.54,350
2023-08-24 15:24:00,7119,12.5517,12.55,12.5492,12.56,12.54,74
2023-08-24 15:25:00,13621,12.5369,12.5499,12.53,12.55,12.53,123
2023-08-24 15:26:00,24688,12.5392,12.53,12.54,12.5457,12.53,155
2023-08-24 15:27:00,26212,12.5415,12.54,12.535,12.55,12.535,195
2023-08-24 15:28:00,33241,12.5518,12.54,12.5566,12.56,12.53,151
2023-08-24 15:29:00,16472,12.5662,12.555,12.565,12.57,12.55,135
2023-08-24 15:30:00,19744,12.5571,12.565,12.541,12.57,12.54,146
2023-08-24 15:31:00,20809,12.5502,12.55,12.5545,12.56,12.54,119
2023-08-24 15:32:00,19267,12.5569,12.555,12.55,12.57,12.55,140
2023-08-24 15:33:00,23914,12.5443,12.555,12.55,12.555,12.53,239
2023-08-24 15:34:00,11025,12.5495,12.55,12.54,12.55,12.54,138
2023-08-24 15:35:00,7262,12.537,12.54,12.54,12.54,12.53,118
2023-08-24 15:36:00,8212,12.5365,12.54,12.535,12.54,12.53,87
2023-08-24 15:37:00,43105,12.5241,12.53,12.51,12.535,12.51,319
2023-08-24 15:38:00,29155,12.505,12.51,12.5028,12.515,12.5,269
2023-08-24 15:39:00,6633,12.5027,12.5,12.5,12.51,12.5,74
2023-08-24 15:40:00,55751,12.4986,12.501,12.495,12.505,12.49,385
2023-08-24 15:41:00,38011,12.4825,12.49,12.465,12.495,12.465,271
2023-08-24 15:42:00,13599,12.4654,12.47,12.46,12.47,12.46,107
2023-08-24 15:43:00,10025,12.4653,12.461,12.465,12.47,12.46,110
2023-08-24 15:44:00,55562,12.516,12.47,12.465,12.47,12.46,112
2023-08-24 15:45:00,20075,12.4622,12.465,12.45,12.47,12.45,147
2023-08-24 15:46:00,13062,12.4626,12.455,12.46,12.47,12.455,144
2023-08-24 15:47:00,4636,12.4643,12.4613,12.465,12.47,12.46,72
2023-08-24 15:48:00,5426,12.4668,12.46,12.47,12.47,12.46,81
2023-08-24 15:49:00,31850,12.4697,12.465,12.47,12.48,12.46,257
2023-08-24 15:50:00,9296,12.4685,12.465,12.46,12.475,12.46,97
2023-08-24 15:51:00,25377,12.4708,12.465,12.475,12.48,12.46,215
2023-08-24 15:52:00,41590,12.481,12.47,12.48,12.49,12.47,303
2023-08-24 15:53:00,53194,12.4992,12.48,12.5,12.51,12.48,273
2023-08-24 15:54:00,6068,12.5027,12.5,12.5,12.51,12.5,39
2023-08-24 15:55:00,4694,12.5048,12.505,12.5,12.51,12.5,44
2023-08-24 15:56:00,39815,12.5046,12.5,12.515,12.52,12.5,272
2023-08-24 15:57:00,22590,12.5078,12.51,12.51,12.5199,12.5,132
2023-08-24 15:58:00,15514,12.5073,12.51,12.5,12.515,12.5,118
2023-08-24 15:59:00,60334,12.5003,12.505,12.51,12.515,12.49,402
2023-08-24 16:00:00,21051,12.5088,12.51,12.51,12.52,12.5,111
2023-08-24 16:01:00,1723,12.514,12.515,12.51,12.52,12.51,20
2023-08-24 16:02:00,21430,12.5071,12.52,12.5,12.52,12.5,132
2023-08-24 16:03:00,11124,12.5072,12.51,12.505,12.51,12.5,59
2023-08-24 16:04:00,6016,12.5062,12.5,12.51,12.51,12.5,53
2023-08-24 16:05:00,15940,12.5087,12.5,12.5,12.51,12.5,143
2023-08-24 16:06:00,14186,12.5063,12.505,12.5001,12.51,12.5,120
2023-08-24 16:07:00,36596,12.5193,12.5099,12.53,12.53,12.5099,155
2023-08-24 16:08:00,5601,12.5211,12.53,12.52,12.53,12.52,70
2023-08-24 16:09:00,2782,12.5129,12.515,12.51,12.515,12.51,34
2023-08-24 16:10:00,13830,12.513,12.515,12.515,12.52,12.5109,62
2023-08-24 16:11:00,28782,12.5061,12.515,12.5081,12.515,12.5011,159
2023-08-24 16:12:00,24559,12.505,12.505,12.51,12.515,12.5,107
2023-08-24 16:13:00,84115,12.5011,12.5089,12.505,12.51,12.5,293
2023-08-24 16:14:00,18306,12.5094,12.51,12.51,12.515,12.5,137
2023-08-24 16:15:00,17714,12.5113,12.515,12.515,12.52,12.51,40
2023-08-24 16:16:00,32338,12.5217,12.515,12.5397,12.54,12.511,140
2023-08-24 16:17:00,40311,12.5389,12.54,12.535,12.545,12.53,255
2023-08-24 16:18:00,15208,12.5335,12.54,12.5453,12.5453,12.5305,65
2023-08-24 16:19:00,3140,12.5404,12.545,12.5333,12.55,12.5333,54
2023-08-24 16:20:00,18397,12.5339,12.535,12.535,12.545,12.53,72
2023-08-24 16:21:00,17901,12.5232,12.53,12.5228,12.535,12.5201,70
2023-08-24 16:22:00,6716,12.5299,12.525,12.535,12.535,12.525,82
2023-08-24 16:23:00,15789,12.5228,12.53,12.525,12.53,12.52,74
2023-08-24 16:24:00,17770,12.5247,12.53,12.53,12.535,12.5201,92
2023-08-24 16:25:00,21831,12.5153,12.525,12.52,12.5261,12.51,131
2023-08-24 16:26:00,29861,12.513,12.52,12.515,12.525,12.51,103
2023-08-24 16:27:00,18798,12.5112,12.515,12.515,12.52,12.505,109
2023-08-24 16:28:00,2628,12.5138,12.515,12.51,12.5171,12.51,41
2023-08-24 16:29:00,10344,12.5061,12.515,12.5,12.52,12.5,79
2023-08-24 16:30:00,27544,12.5148,12.5099,12.515,12.525,12.5,170
2023-08-24 16:31:00,6152,12.5108,12.52,12.515,12.52,12.505,78
2023-08-24 16:32:00,7065,12.5138,12.515,12.5079,12.52,12.505,57
2023-08-24 16:33:00,3860,12.5116,12.51,12.515,12.5175,12.51,45
2023-08-24 16:34:00,60898,12.5273,12.515,12.52,12.53,12.51,123
2023-08-24 16:35:00,23341,12.5198,12.5101,12.52,12.5289,12.5101,214
2023-08-24 16:36:00,10826,12.5313,12.525,12.53,12.5379,12.525,61
2023-08-24 16:37:00,12641,12.5302,12.535,12.525,12.535,12.525,89
2023-08-24 16:38:00,6643,12.5264,12.525,12.525,12.53,12.52,59
2023-08-24 16:39:00,6919,12.5292,12.5299,12.535,12.535,12.525,47
2023-08-24 16:40:00,15766,12.5473,12.535,12.555,12.555,12.5331,97
2023-08-24 16:41:00,20917,12.5488,12.555,12.5495,12.5599,12.54,138
2023-08-24 16:42:00,4691,12.5533,12.55,12.55,12.56,12.55,61
2023-08-24 16:43:00,3602,12.5551,12.555,12.55,12.56,12.55,32
2023-08-24 16:44:00,9256,12.5513,12.55,12.545,12.56,12.54,98
2023-08-24 16:45:00,16848,12.5503,12.55,12.5569,12.5569,12.545,157
2023-08-24 16:46:00,20995,12.5594,12.56,12.5523,12.565,12.55,110
2023-08-24 16:47:00,5768,12.5562,12.56,12.555,12.56,12.55,50
2023-08-24 16:48:00,8480,12.5485,12.55,12.545,12.555,12.545,86
2023-08-24 16:49:00,18428,12.5402,12.55,12.54,12.55,12.5348,150
2023-08-24 16:50:00,34188,12.5393,12.535,12.535,12.5472,12.535,207
2023-08-24 16:51:00,12063,12.5197,12.535,12.518,12.535,12.5102,59
2023-08-24 16:52:00,4357,12.5167,12.515,12.515,12.52,12.51,39
2023-08-24 16:53:00,11243,12.509,12.51,12.51,12.51,12.505,65
2023-08-24 16:54:00,12738,12.5077,12.5,12.505,12.52,12.5,99
2023-08-24 16:55:00,28907,12.5024,12.505,12.505,12.5091,12.495,169
2023-08-24 16:56:00,18460,12.4983,12.51,12.49,12.51,12.49,126
2023-08-24 16:57:00,16013,12.4895,12.49,12.495,12.495,12.485,90
2023-08-24 16:58:00,27851,12.4815,12.49,12.475,12.49,12.475,115
2023-08-24 16:59:00,10712,12.4795,12.475,12.48,12.485,12.475,83
2023-08-24 17:00:00,15475,12.4825,12.48,12.475,12.49,12.475,137
2023-08-24 17:01:00,80810,12.4546,12.47,12.45,12.475,12.44,404
2023-08-24 17:02:00,33714,12.4537,12.45,12.45,12.46,12.445,146
2023-08-24 17:03:00,26466,12.4401,12.45,12.4462,12.45,12.4312,146
2023-08-24 17:04:00,6685,12.4512,12.445,12.455,12.4599,12.445,79
2023-08-24 17:05:00,13015,12.4523,12.455,12.45,12.46,12.4421,110
2023-08-24 17:06:00,8442,12.448,12.45,12.44,12.45,12.44,31
2023-08-24 17:07:00,25179,12.4267,12.44,12.41,12.44,12.41,168
2023-08-24 17:08:00,16744,12.4272,12.4195,12.4397,12.44,12.415,119
2023-08-24 17:09:00,3962,12.4322,12.435,12.43,12.4399,12.43,59
2023-08-24 17:10:00,12564,12.4208,12.425,12.425,12.4283,12.415,91
2023-08-24 17:11:00,26774,12.4112,12.42,12.415,12.42,12.4001,137
2023-08-24 17:12:00,9098,12.4155,12.41,12.42,12.42,12.41,78
2023-08-24 17:13:00,11014,12.4127,12.4101,12.415,12.42,12.41,53
2023-08-24 17:14:00,19435,12.4084,12.4145,12.415,12.42,12.4,166
2023-08-24 17:15:00,9523,12.4102,12.41,12.416,12.416,12.4087,103
2023-08-24 17:16:00,29591,12.4202,12.417,12.42,12.4286,12.415,148
2023-08-24 17:17:00,5763,12.4207,12.43,12.42,12.43,12.415,61
2023-08-24 17:18:00,40946,12.412,12.4109,12.415,12.425,12.41,93
2023-08-24 17:19:00,32126,12.4102,12.41,12.41,12.416,12.4,144
2023-08-24 17:20:00,141564,12.4002,12.415,12.4,12.415,12.39,255
2023-08-24 17:21:00,34649,12.3923,12.3998,12.395,12.4,12.39,49
2023-08-24 17:22:00,19068,12.3894,12.39,12.39,12.3901,12.38,117
2023-08-24 17:23:00,4045,12.3856,12.3871,12.385,12.39,12.3814,53
2023-08-24 17:24:00,10759,12.3881,12.39,12.38,12.39,12.38,91
2023-08-24 17:25:00,27414,12.3731,12.38,12.37,12.38,12.365,174
2023-08-24 17:26:00,12822,12.3698,12.37,12.3676,12.375,12.36,151
2023-08-24 17:27:00,38360,12.3588,12.36,12.3699,12.37,12.35,177
2023-08-24 17:28:00,37596,12.3598,12.37,12.3593,12.37,12.355,103
2023-08-24 17:29:00,31491,12.3691,12.3588,12.3699,12.38,12.3588,231
2023-08-24 17:30:00,11849,12.3762,12.3799,12.37,12.3799,12.37,32
2023-08-24 17:31:00,19554,12.3749,12.375,12.373,12.385,12.365,204
2023-08-24 17:32:00,10088,12.3679,12.37,12.365,12.375,12.36,75
2023-08-24 17:33:00,25166,12.3701,12.37,12.37,12.3797,12.36,182
2023-08-24 17:34:00,20532,12.3784,12.37,12.37,12.38,12.37,60
2023-08-24 17:35:00,9526,12.366,12.37,12.365,12.37,12.36,83
2023-08-24 17:36:00,1321,12.366,12.3696,12.36,12.37,12.36,43
2023-08-24 17:37:00,54599,12.3658,12.3668,12.375,12.3753,12.3625,140
2023-08-24 17:38:00,12582,12.377,12.3799,12.37,12.38,12.37,47
2023-08-24 17:39:00,17850,12.3821,12.38,12.385,12.39,12.37,99
2023-08-24 17:40:00,78131,12.3934,12.385,12.3897,12.405,12.385,255
2023-08-24 17:41:00,15555,12.3912,12.3899,12.405,12.405,12.385,129
2023-08-24 17:42:00,62029,12.4037,12.4,12.395,12.41,12.39,209
2023-08-24 17:43:00,17261,12.3901,12.395,12.38,12.4,12.38,88
2023-08-24 17:44:00,14230,12.3815,12.3832,12.385,12.39,12.3797,95
2023-08-24 17:45:00,30650,12.3898,12.39,12.395,12.4,12.38,111
2023-08-24 17:46:00,22407,12.3857,12.395,12.3899,12.395,12.375,78
2023-08-24 17:47:00,20565,12.3885,12.3899,12.39,12.395,12.38,103
2023-08-24 17:48:00,40990,12.3928,12.385,12.385,12.405,12.38,236
2023-08-24 17:49:00,17931,12.3831,12.38,12.385,12.395,12.375,108
2023-08-24 17:50:00,4602,12.3836,12.38,12.385,12.3899,12.38,45
2023-08-24 17:51:00,6703,12.3834,12.3828,12.385,12.385,12.38,28
2023-08-24 17:52:00,11960,12.3755,12.38,12.375,12.38,12.37,74
2023-08-24 17:53:00,12798,12.3767,12.3782,12.378,12.38,12.3711,55
2023-08-24 17:54:00,1563,12.3771,12.375,12.375,12.38,12.375,31
2023-08-24 17:55:00,4509,12.3742,12.38,12.37,12.38,12.37,63
2023-08-24 17:56:00,18130,12.3776,12.375,12.375,12.38,12.37,53
2023-08-24 17:57:00,22764,12.38,12.37,12.38,12.39,12.37,199
2023-08-24 17:58:00,2551,12.3814,12.38,12.3897,12.39,12.3799,40
2023-08-24 17:59:00,16766,12.3985,12.39,12.405,12.405,12.39,56
2023-08-24 18:00:00,12328,12.4088,12.405,12.41,12.415,12.4,104
2023-08-24 18:01:00,18256,12.4092,12.41,12.4099,12.42,12.4014,67
2023-08-24 18:02:00,34896,12.4013,12.4,12.395,12.41,12.395,170
2023-08-24 18:03:00,10822,12.3996,12.395,12.4,12.405,12.395,103
2023-08-24 18:04:00,14690,12.405,12.3989,12.3999,12.41,12.395,77
2023-08-24 18:05:00,11899,12.3867,12.39,12.385,12.3999,12.38,91
2023-08-24 18:06:00,27328,12.391,12.385,12.385,12.4,12.385,148
2023-08-24 18:07:00,75208,12.3894,12.385,12.405,12.4075,12.38,245
2023-08-24 18:08:00,54213,12.4047,12.4061,12.4061,12.41,12.3961,84
2023-08-24 18:09:00,30883,12.4008,12.405,12.395,12.41,12.39,194
2023-08-24 18:10:00,17250,12.3902,12.4,12.38,12.4,12.38,99
2023-08-24 18:11:00,4558,12.3878,12.385,12.39,12.39,12.385,33
2023-08-24 18:12:00,18941,12.3904,12.385,12.39,12.395,12.38,169
2023-08-24 18:13:00,47533,12.3828,12.38,12.395,12.399,12.38,277
2023-08-24 18:14:00,10140,12.3911,12.395,12.3801,12.3983,12.38,83
2023-08-24 18:15:00,44450,12.3901,12.385,12.4,12.4,12.38,243
2023-08-24 18:16:00,14462,12.4012,12.405,12.3999,12.405,12.395,100
2023-08-24 18:17:00,11282,12.3928,12.395,12.395,12.3969,12.39,44
2023-08-24 18:18:00,37340,12.3879,12.395,12.385,12.395,12.38,149
2023-08-24 18:19:00,63896,12.3824,12.381,12.385,12.395,12.3714,275
2023-08-24 18:20:00,1854,12.3837,12.385,12.3817,12.385,12.3817,25
2023-08-24 18:21:00,5336,12.3847,12.385,12.3873,12.39,12.38,53
2023-08-24 18:22:00,14277,12.3909,12.3899,12.395,12.4,12.385,90
2023-08-24 18:23:00,25241,12.3865,12.4,12.385,12.4,12.375,196
2023-08-24 18:24:00,4801,12.386,12.385,12.385,12.39,12.3822,41
2023-08-24 18:25:00,5357,12.3829,12.385,12.385,12.39,12.38,58
2023-08-24 18:26:00,83099,12.3704,12.385,12.37,12.385,12.365,262
2023-08-24 18:27:00,8385,12.3671,12.37,12.365,12.37,12.36,62
2023-08-24 18:28:00,4270,12.3665,12.365,12.365,12.37,12.3639,40
2023-08-24 18:29:00,73275,12.3661,12.365,12.365,12.376,12.36,179
2023-08-24 18:30:00,5909,12.3724,12.37,12.3768,12.38,12.365,67
2023-08-24 18:31:00,9103,12.3797,12.37,12.385,12.39,12.37,114
2023-08-24 18:32:00,18642,12.3886,12.39,12.385,12.395,12.38,149
2023-08-24 18:33:00,3825,12.3853,12.385,12.385,12.39,12.3848,49
2023-08-24 18:34:00,32226,12.3857,12.385,12.3801,12.396,12.3801,142
2023-08-24 18:35:00,3428,12.3853,12.385,12.39,12.39,12.38,39
2023-08-24 18:36:00,13940,12.3777,12.385,12.37,12.385,12.37,130
2023-08-24 18:37:00,2864,12.3749,12.37,12.3799,12.3799,12.37,46
2023-08-24 18:38:00,32290,12.3656,12.37,12.365,12.375,12.355,271
2023-08-24 18:39:00,4068,12.3666,12.365,12.369,12.37,12.36,39
2023-08-24 18:40:00,73211,12.3678,12.36,12.365,12.38,12.35,438
2023-08-24 18:41:00,4520,12.3659,12.3647,12.3665,12.37,12.3634,39
2023-08-24 18:42:00,7996,12.358,12.37,12.355,12.37,12.35,105
2023-08-24 18:43:00,97243,12.3338,12.355,12.32,12.355,12.31,489
2023-08-24 18:44:00,24281,12.3134,12.315,12.31,12.32,12.305,236
2023-08-24 18:45:00,57010,12.3159,12.315,12.31,12.32,12.31,205
2023-08-24 18:46:00,38667,12.3219,12.31,12.325,12.33,12.31,137
2023-08-24 18:47:00,30897,12.3305,12.325,12.325,12.335,12.32,165
2023-08-24 18:48:00,16915,12.3207,12.32,12.32,12.325,12.315,136
2023-08-24 18:49:00,14937,12.3219,12.32,12.32,12.33,12.3194,116
2023-08-24 18:50:00,5490,12.3229,12.32,12.32,12.33,12.32,86
2023-08-24 18:51:00,3196,12.3243,12.32,12.33,12.33,12.32,42
2023-08-24 18:52:00,29166,12.317,12.33,12.31,12.33,12.31,236
2023-08-24 18:53:00,26764,12.3146,12.315,12.32,12.32,12.31,152
2023-08-24 18:54:00,19891,12.3187,12.315,12.3126,12.325,12.31,172
2023-08-24 18:55:00,28416,12.3191,12.315,12.32,12.325,12.31,143
2023-08-24 18:56:00,45917,12.3274,12.32,12.3301,12.3396,12.3101,246
2023-08-24 18:57:00,17220,12.3451,12.335,12.3401,12.35,12.335,136
2023-08-24 18:58:00,15063,12.3498,12.345,12.3492,12.355,12.344,100
2023-08-24 18:59:00,12008,12.3419,12.345,12.345,12.35,12.34,51
2023-08-24 19:00:00,6770,12.3448,12.345,12.35,12.35,12.34,72
2023-08-24 19:01:00,18890,12.3422,12.35,12.345,12.35,12.34,190
2023-08-24 19:02:00,3937,12.3433,12.345,12.35,12.35,12.34,53
2023-08-24 19:03:00,24467,12.3524,12.35,12.36,12.36,12.34,239
2023-08-24 19:04:00,20934,12.359,12.3635,12.34,12.3642,12.34,147
2023-08-24 19:05:00,12204,12.3499,12.3479,12.35,12.3599,12.345,122
2023-08-24 19:06:00,8772,12.3568,12.35,12.3601,12.37,12.35,91
2023-08-24 19:07:00,41728,12.3707,12.3659,12.37,12.38,12.36,212
2023-08-24 19:08:00,26883,12.3698,12.38,12.365,12.38,12.36,154
2023-08-24 19:09:00,4731,12.3635,12.37,12.365,12.37,12.36,69
2023-08-24 19:10:00,22503,12.3675,12.36,12.365,12.375,12.36,173
2023-08-24 19:11:00,14669,12.3726,12.36,12.38,12.38,12.36,93
2023-08-24 19:12:00,52546,12.375,12.38,12.365,12.385,12.36,253
2023-08-24 19:13:00,8396,12.3667,12.366,12.37,12.37,12.36,69
2023-08-24 19:14:00,13579,12.369,12.37,12.364,12.37,12.364,39
2023-08-24 19:15:00,15963,12.3654,12.37,12.365,12.37,12.36,135
2023-08-24 19:16:00,21449,12.3703,12.37,12.38,12.38,12.36,97
2023-08-24 19:17:00,185167,12.4029,12.38,12.395,12.425,12.38,469
2023-08-24 19:18:00,28516,12.3884,12.3939,12.385,12.3984,12.38,158
2023-08-24 19:19:00,13952,12.3843,12.38,12.385,12.39,12.38,64
2023-08-24 19:20:00,5590,12.3884,12.385,12.3885,12.39,12.385,49
2023-08-24 19:21:00,11798,12.386,12.39,12.385,12.39,12.38,119
2023-08-24 19:22:00,24934,12.3905,12.385,12.385,12.395,12.38,202
2023-08-24 19:23:00,19174,12.38,12.385,12.377,12.39,12.375,170
2023-08-24 19:24:00,27320,12.3771,12.375,12.375,12.3799,12.37,84
2023-08-24 19:25:00,48240,12.3748,12.375,12.38,12.39,12.37,257
2023-08-24 19:26:00,8555,12.3842,12.38,12.39,12.39,12.38,89
2023-08-24 19:27:00,10460,12.3861,12.385,12.385,12.39,12.38,79
2023-08-24 19:28:00,12109,12.3833,12.39,12.385,12.39,12.38,89
2023-08-24 19:29:00,46682,12.3859,12.39,12.375,12.4,12.37,315
2023-08-24 19:30:00,46630,12.3808,12.38,12.385,12.3902,12.365,280
2023-08-24 19:31:00,42322,12.3987,12.385,12.4,12.41,12.385,300
2023-08-24 19:32:00,44858,12.4147,12.4,12.4101,12.425,12.4,303
2023-08-24 19:33:00,28184,12.4032,12.415,12.395,12.42,12.39,161
2023-08-24 19:34:00,27074,12.3953,12.4,12.39,12.405,12.39,281
2023-08-24 19:35:00,19335,12.394,12.3801,12.395,12.4,12.38,133
2023-08-24 19:36:00,32785,12.3818,12.395,12.37,12.395,12.37,306
2023-08-24 19:37:00,14689,12.3691,12.37,12.365,12.38,12.3604,138
2023-08-24 19:38:00,27232,12.3685,12.365,12.365,12.375,12.36,197
2023-08-24 19:39:00,10189,12.3597,12.3677,12.35,12.37,12.35,120
2023-08-24 19:40:00,43438,12.3607,12.355,12.365,12.37,12.3518,286
2023-08-24 19:41:00,30700,12.3686,12.37,12.375,12.38,12.36,191
2023-08-24 19:42:00,29343,12.3724,12.375,12.375,12.38,12.365,289
2023-08-24 19:43:00,35260,12.3703,12.375,12.365,12.38,12.36,268
2023-08-24 19:44:00,22651,12.3583,12.365,12.3501,12.365,12.3501,230
2023-08-24 19:45:00,106900,12.3514,12.355,12.35,12.36,12.35,524
2023-08-24 19:46:00,52978,12.3597,12.35,12.35,12.3691,12.35,379
2023-08-24 19:47:00,112865,12.3404,12.355,12.325,12.355,12.32,451
2023-08-24 19:48:00,71291,12.3293,12.325,12.335,12.3399,12.32,378
2023-08-24 19:49:00,34171,12.3382,12.335,12.3431,12.35,12.33,231
2023-08-24 19:50:00,24962,12.3449,12.35,12.345,12.35,12.34,241
2023-08-24 19:51:00,39095,12.3468,12.345,12.355,12.355,12.34,324
2023-08-24 19:52:00,113607,12.3599,12.36,12.36,12.37,12.35,558
2023-08-24 19:53:00,29572,12.3531,12.355,12.355,12.36,12.35,155
2023-08-24 19:54:00,100846,12.3583,12.355,12.355,12.37,12.35,554
2023-08-24 19:55:00,39064,12.3479,12.35,12.35,12.3594,12.34,326
2023-08-24 19:56:00,126663,12.3408,12.345,12.35,12.35,12.33,772
2023-08-24 19:57:00,101079,12.3587,12.35,12.365,12.37,12.345,607
2023-08-24 19:58:00,127261,12.3578,12.365,12.355,12.37,12.35,753
2023-08-24 19:59:00,255485,12.3453,12.355,12.32,12.36,12.32,1342
2023-08-24 20:00:00,8361,12.3328,12.33,12.35,12.35,12.33,22
2023-08-24 20:03:00,131,12.34,12.34,12.34,12.34,12.34,3
2023-08-24 20:04:00,2512,12.35,12.35,12.35,12.35,12.35,2
2023-08-24 20:05:00,7876,12.3752,12.35,12.38,12.4,12.35,55
2023-08-24 20:06:00,1417,12.3831,12.38,12.36,12.4,12.36,14
2023-08-24 20:09:00,2404,12.3617,12.37,12.36,12.37,12.36,2
2023-08-24 20:11:00,294,12.36,12.36,12.36,12.36,12.36,5
2023-08-24 20:12:00,93424,12.33,12.33,12.33,12.33,12.33,2
2023-08-24 20:13:00,2550,12.3496,12.35,12.3499,12.35,12.3499,8
2023-08-24 20:16:00,1601,12.34,12.34,12.34,12.34,12.34,3
2023-08-24 20:17:00,1900,12.3421,12.34,12.35,12.35,12.34,4
2023-08-24 20:18:00,128,12.35,12.35,12.35,12.35,12.35,3
2023-08-24 20:19:00,4000,12.35,12.35,12.35,12.35,12.35,1
2023-08-24 20:21:00,3423,12.3431,12.34,12.3401,12.35,12.34,10
2023-08-24 20:22:00,102,12.35,12.35,12.35,12.35,12.35,2
2023-08-24 20:24:00,2001,12.35,12.35,12.35,12.35,12.35,2
2023-08-24 20:25:00,700,12.3443,12.34,12.35,12.35,12.34,2
2023-08-24 20:26:00,221,12.35,12.35,12.35,12.35,12.35,3
2023-08-24 20:28:00,100,12.35,12.35,12.35,12.35,12.35,1
2023-08-24 20:29:00,585,12.35,12.35,12.35,12.35,12.35,5
2023-08-24 20:30:00,102,12.35,12.35,12.35,12.35,12.35,2
2023-08-24 20:32:00,650,12.3526,12.36,12.3408,12.36,12.3408,2
2023-08-24 20:35:00,115,12.3413,12.34,12.34,12.34,12.34,2
2023-08-24 20:37:00,699,12.3401,12.3401,12.34,12.3401,12.34,2
2023-08-24 20:38:00,205,12.3598,12.36,12.36,12.36,12.36,2
2023-08-24 20:41:00,200,12.34,12.34,12.34,12.34,12.34,2
2023-08-24 20:43:00,500,12.35,12.35,12.35,12.35,12.35,1
2023-08-24 20:44:00,1365,12.3264,12.34,12.32,12.34,12.32,18
2023-08-24 20:45:00,8840,12.3021,12.31,12.29,12.31,12.29,64
2023-08-24 20:46:00,27411,12.23,12.28,12.2,12.28,12.19,103
2023-08-24 20:47:00,4354,12.204,12.19,12.229,12.23,12.19,12
2023-08-24 20:48:00,401,12.2302,12.23,12.23,12.23,12.23,4
2023-08-24 20:52:00,866,12.2837,12.27,12.32,12.32,12.27,5
2023-08-24 20:53:00,222,12.28,12.28,12.28,12.28,12.28,5
2023-08-24 20:54:00,3362,12.3061,12.29,12.29,12.31,12.29,27
2023-08-24 20:55:00,668,12.29,12.29,12.29,12.29,12.29,2
2023-08-24 20:59:00,500,12.2955,12.29,12.3009,12.3009,12.29,5
2023-08-24 21:00:00,323,12.3032,12.3,12.31,12.31,12.3,4
2023-08-24 21:03:00,350,12.3,12.3,12.3,12.3,12.3,2
2023-08-24 21:04:00,120,12.3,12.3,12.3,12.3,12.3,2
2023-08-24 21:05:00,514,12.2851,12.28,12.29,12.29,12.28,3
2023-08-24 21:08:00,320,12.2822,12.28,12.28,12.28,12.28,2
2023-08-24 21:10:00,420,12.2946,12.29,12.3,12.3,12.29,6
2023-08-24 21:15:00,250,12.28,12.28,12.28,12.28,12.28,1
2023-08-24 21:16:00,250,12.28,12.28,12.28,12.28,12.28,1
2023-08-24 21:18:00,355,12.2878,12.29,12.29,12.29,12.29,3
2023-08-24 21:19:00,100,12.29,12.29,12.29,12.29,12.29,1
2023-08-24 21:22:00,412,12.2805,12.2811,12.28,12.2811,12.28,8
2023-08-24 21:24:00,688,12.27,12.27,12.27,12.27,12.27,1
2023-08-24 21:25:00,251,12.28,12.28,12.28,12.28,12.28,2
2023-08-24 21:33:00,265,12.2806,12.28,12.28,12.28,12.28,2
2023-08-24 21:36:00,334,12.2892,12.29,12.29,12.29,12.29,4
2023-08-24 21:37:00,404,12.2894,12.29,12.29,12.29,12.29,3
2023-08-24 21:42:00,103,12.3,12.3,12.3,12.3,12.3,3
2023-08-24 21:43:00,254,12.2904,12.2902,12.2902,12.2902,12.2902,3
2023-08-24 21:52:00,1001,12.3,12.3,12.3,12.3,12.3,2
2023-08-24 21:54:00,376,12.29,12.29,12.29,12.29,12.29,1
2023-08-24 21:55:00,190,12.2901,12.29,12.29,12.29,12.29,3
2023-08-24 21:57:00,7688,12.3,12.3,12.3,12.3,12.3,2
2023-08-24 22:00:00,100,12.32,12.32,12.32,12.32,12.32,1
2023-08-24 22:10:00,326,12.32,12.32,12.32,12.32,12.32,2
2023-08-24 22:17:00,871,12.35,12.35,12.35,12.35,12.35,3
2023-08-24 22:18:00,237,12.35,12.35,12.35,12.35,12.35,1
2023-08-24 22:19:00,155,12.3084,12.3,12.3,12.3,12.3,4
2023-08-24 22:20:00,125,12.3016,12.3016,12.3016,12.3016,12.3016,1
2023-08-24 22:33:00,255,12.3002,12.3,12.3,12.3,12.3,2
2023-08-24 22:36:00,181,12.3272,12.3493,12.3493,12.3493,12.3493,2
2023-08-24 22:37:00,626,12.3261,12.32,12.34,12.34,12.32,5
2023-08-24 22:38:00,250,12.31,12.31,12.31,12.31,12.31,1
2023-08-24 22:40:00,125,12.32,12.32,12.32,12.32,12.32,1
2023-08-24 22:42:00,3058,12.3494,12.35,12.35,12.35,12.35,4
2023-08-24 23:02:00,105,12.31,12.31,12.31,12.31,12.31,1
2023-08-24 23:05:00,1010,12.3199,12.3199,12.3199,12.3199,12.3199,2
2023-08-24 23:06:00,2197,12.3568,12.35,12.36,12.36,12.35,10
2023-08-24 23:12:00,125,12.32,12.32,12.32,12.32,12.32,1
2023-08-24 23:16:00,312,12.31,12.31,12.31,12.31,12.31,3
2023-08-24 23:21:00,200,12.33,12.33,12.33,12.33,12.33,1
2023-08-24 23:24:00,251,12.3301,12.33,12.33,12.33,12.33,2
2023-08-24 23:31:00,242,12.3204,12.32,12.32,12.32,12.32,2
2023-08-24 23:48:00,203,12.3236,12.32,12.32,12.32,12.32,5
2023-08-24 23:50:00,1000,12.33,12.33,12.33,12.33,12.33,1
2023-08-24 23:51:00,167,12.33,12.33,12.33,12.33,12.33,1
2023-08-24 23:54:00,527,12.3285,12.33,12.33,12.33,12.33,4
2023-08-24 23:56:00,270,12.33,12.33,12.33,12.33,12.33,3
2023-08-24 23:57:00,940,12.3311,12.33,12.33,12.33,12.33,2
2023-08-24 23:58:00,250,12.33,12.33,12.33,12.33,12.33,1
2023-08-24 23:59:00,2050,12.3314,12.34,12.33,12.34,12.33,7
2023-08-25 11:33:00,500,12.3345,12.34,12.33,12.34,12.33,7
2023-08-25 11:58:00,6918,12.3458,12.35,12.33,12.35,12.33,6
2023-08-25 12:00:00,26480,12.3478,12.3881,12.35,12.39,12.32,35
2023-08-25 12:02:00,2007,12.3459,12.34,12.34,12.35,12.34,9
2023-08-25 12:05:00,1200,12.3492,12.35,12.35,12.35,12.35,5
2023-08-25 12:10:00,4595,12.3499,12.35,12.35,12.35,12.35,11
2023-08-25 12:11:00,100,12.34,12.34,12.34,12.34,12.34,1
2023-08-25 12:19:00,500,12.38,12.38,12.38,12.38,12.38,2
2023-08-25 12:23:00,106,12.38,12.38,12.38,12.38,12.38,2
2023-08-25 12:24:00,792,12.39,12.39,12.39,12.39,12.39,1
2023-08-25 12:25:00,5200,12.3612,12.39,12.36,12.39,12.36,3
2023-08-25 12:26:00,5100,12.39,12.39,12.3899,12.39,12.3899,2
2023-08-25 12:30:00,310,12.3803,12.38,12.38,12.38,12.38,2
2023-08-25 12:33:00,100,12.39,12.39,12.39,12.39,12.39,1
2023-08-25 12:34:00,300,12.38,12.38,12.38,12.38,12.38,1
2023-08-25 12:39:00,720,12.3744,12.37,12.38,12.38,12.37,3
2023-08-25 12:40:00,100,12.39,12.39,12.39,12.39,12.39,1
2023-08-25 12:41:00,1031,12.3894,12.39,12.39,12.39,12.39,2
2023-08-25 12:42:00,1400,12.3926,12.39,12.4,12.4,12.39,13
2023-08-25 12:43:00,1505,12.4496,12.45,12.45,12.45,12.45,5
2023-08-25 12:44:00,100,12.45,12.45,12.45,12.45,12.45,1
2023-08-25 12:52:00,200,12.42,12.42,12.42,12.42,12.42,1
2023-08-25 12:54:00,877,12.4023,12.4199,12.4,12.4199,12.4,5
2023-08-25 12:55:00,1023,12.42,12.42,12.42,12.42,12.42,1
2023-08-25 12:57:00,2000,12.4,12.4,12.4,12.4,12.4,2
2023-08-25 13:01:00,400,12.4,12.4,12.4,12.4,12.4,1
2023-08-25 13:03:00,450,12.4276,12.4264,12.43,12.43,12.4264,2
2023-08-25 13:04:00,200,12.47,12.47,12.47,12.47,12.47,1
2023-08-25 13:06:00,207,12.4097,12.41,12.41,12.41,12.41,3
2023-08-25 13:08:00,120,12.4077,12.4092,12.4092,12.4092,12.4092,2
2023-08-25 13:10:00,400,12.4012,12.4,12.4,12.4,12.4,3
2023-08-25 13:15:00,200,12.41,12.41,12.41,12.41,12.41,1
2023-08-25 13:23:00,1400,12.4098,12.4093,12.41,12.41,12.4093,2
2023-08-25 13:24:00,200,12.4,12.4,12.4,12.4,12.4,1
2023-08-25 13:25:00,709,12.3655,12.38,12.36,12.38,12.36,8
2023-08-25 13:26:00,865,12.3501,12.35,12.35,12.35,12.35,3
2023-08-25 13:29:00,2484,12.3291,12.35,12.31,12.35,12.31,15
2023-08-25 13:30:00,172178,12.338,12.31,12.31,12.44,12.3,540
2023-08-25 13:31:00,49963,12.3384,12.315,12.36,12.37,12.29,387
2023-08-25 13:32:00,31591,12.3651,12.37,12.375,12.385,12.35,224
2023-08-25 13:33:00,89509,12.3391,12.38,12.3499,12.38,12.31,297
2023-08-25 13:34:00,57373,12.3361,12.3401,12.33,12.355,12.32,258
2023-08-25 13:35:00,109240,12.3056,12.32,12.31,12.335,12.275,432
2023-08-25 13:36:00,25554,12.3113,12.309,12.33,12.33,12.29,216
2023-08-25 13:37:00,31194,12.3219,12.325,12.3,12.3401,12.295,228
2023-08-25 13:38:00,66821,12.3086,12.3,12.32,12.33,12.295,390
2023-08-25 13:39:00,30060,12.2954,12.325,12.2956,12.325,12.285,182
2023-08-25 13:40:00,65989,12.2732,12.295,12.26,12.3,12.2501,414
2023-08-25 13:41:00,59634,12.2452,12.25,12.222,12.265,12.2216,306
2023-08-25 13:42:00,73243,12.2395,12.23,12.255,12.265,12.225,227
2023-08-25 13:43:00,60181,12.2599,12.2588,12.25,12.28,12.24,216
2023-08-25 13:44:00,34377,12.2559,12.255,12.24,12.275,12.24,179
2023-08-25 13:45:00,120405,12.2573,12.25,12.295,12.31,12.25,230
2023-08-25 13:46:00,27577,12.309,12.29,12.315,12.325,12.28,181
2023-08-25 13:47:00,53836,12.2906,12.3199,12.275,12.3199,12.27,463
2023-08-25 13:48:00,69385,12.2808,12.275,12.28,12.295,12.27,361
2023-08-25 13:49:00,21883,12.2812,12.28,12.3001,12.305,12.267,199
2023-08-25 13:50:00,20135,12.3158,12.3,12.335,12.34,12.3,155
2023-08-25 13:51:00,33232,12.3221,12.34,12.315,12.34,12.31,191
2023-08-25 13:52:00,101103,12.3148,12.3101,12.325,12.33,12.3,361
2023-08-25 13:53:00,56060,12.3096,12.33,12.285,12.34,12.285,284
2023-08-25 13:54:00,38045,12.2606,12.28,12.25,12.28,12.245,199
2023-08-25 13:55:00,39844,12.2484,12.2599,12.24,12.26,12.24,251
2023-08-25 13:56:00,55470,12.2335,12.233,12.235,12.24,12.22,207
2023-08-25 13:57:00,33199,12.2323,12.235,12.2229,12.2491,12.22,240
2023-08-25 13:58:00,69674,12.2183,12.225,12.2193,12.23,12.21,255
2023-08-25 13:59:00,25697,12.2441,12.22,12.2515,12.26,12.22,142
2023-08-25 14:00:00,31640,12.2591,12.255,12.245,12.27,12.2406,259
2023-08-25 14:01:00,75789,12.2696,12.245,12.25,12.29,12.245,439
2023-08-25 14:02:00,74075,12.2218,12.245,12.21,12.265,12.19,416
2023-08-25 14:03:00,26997,12.2252,12.2073,12.225,12.24,12.2019,110
2023-08-25 14:04:00,36242,12.2065,12.225,12.19,12.235,12.18,262
2023-08-25 14:05:00,26011,12.1888,12.2,12.19,12.2,12.1801,168
2023-08-25 14:06:00,50234,12.1632,12.1899,12.145,12.1899,12.14,290
2023-08-25 14:07:00,56586,12.1474,12.145,12.15,12.16,12.13,210
2023-08-25 14:08:00,52073,12.1345,12.145,12.13,12.15,12.13,110
2023-08-25 14:09:00,71007,12.1369,12.135,12.14,12.15,12.12,282
2023-08-25 14:10:00,44762,12.122,12.135,12.122,12.15,12.11,273
2023-08-25 14:11:00,30375,12.1202,12.12,12.112,12.14,12.11,232
2023-08-25 14:12:00,70691,12.1353,12.1199,12.135,12.155,12.115,221
2023-08-25 14:13:00,56209,12.1398,12.135,12.15,12.155,12.1299,225
2023-08-25 14:14:00,58666,12.1435,12.155,12.14,12.155,12.12,263
2023-08-25 14:15:00,46789,12.1709,12.145,12.185,12.19,12.1401,178
2023-08-25 14:16:00,90930,12.1968,12.185,12.2,12.22,12.18,432
2023-08-25 14:17:00,94693,12.2225,12.205,12.195,12.23,12.19,290
2023-08-25 14:18:00,49948,12.1652,12.19,12.14,12.195,12.135,319
2023-08-25 14:19:00,46116,12.1291,12.14,12.12,12.145,12.11,279
2023-08-25 14:20:00,24343,12.1206,12.12,12.125,12.13,12.11,204
2023-08-25 14:21:00,63500,12.1273,12.12,12.1282,12.15,12.11,305
2023-08-25 14:22:00,32100,12.1325,12.125,12.1299,12.14,12.1237,150
2023-08-25 14:23:00,38336,12.1205,12.1299,12.12,12.13,12.11,300
2023-08-25 14:24:00,62144,12.0993,12.12,12.08,12.1206,12.08,363
2023-08-25 14:25:00,27789,12.0866,12.0788,12.0846,12.095,12.0773,137
2023-08-25 14:26:00,75537,12.0719,12.085,12.0599,12.095,12.0514,343
2023-08-25 14:27:00,65072,12.0492,12.055,12.04,12.065,12.04,460
2023-08-25 14:28:00,84945,12.0522,12.045,12.06,12.065,12.04,375
2023-08-25 14:29:00,25822,12.0538,12.0547,12.05,12.065,12.04,227
2023-08-25 14:30:00,56401,12.0596,12.055,12.06,12.078,12.04,302
2023-08-25 14:31:00,30070,12.0584,12.065,12.0695,12.0699,12.05,191
2023-08-25 14:32:00,17225,12.0677,12.0554,12.08,12.085,12.05,177
2023-08-25 14:33:00,73582,12.0731,12.08,12.075,12.095,12.05,302
2023-08-25 14:34:00,43711,12.0634,12.07,12.065,12.075,12.0593,177
2023-08-25 14:35:00,30428,12.071,12.065,12.06,12.085,12.06,241
2023-08-25 14:36:00,38220,12.0485,12.06,12.035,12.065,12.0336,282
2023-08-25 14:37:00,73312,12.0299,12.035,12.0373,12.04,12.02,503
2023-08-25 14:38:00,21035,12.0385,12.035,12.04,12.0499,12.03,171
2023-08-25 14:39:00,22517,12.0396,12.045,12.0399,12.05,12.03,129
2023-08-25 14:40:00,13478,12.0467,12.035,12.04,12.055,12.035,141
2023-08-25 14:41:00,29741,12.0458,12.045,12.045,12.05,12.04,190
2023-08-25 14:42:00,55064,12.0213,12.045,12.005,12.05,12.0,428
2023-08-25 14:43:00,27440,12.0138,12.009,12.01,12.02,12.0,140
2023-08-25 14:44:00,168071,11.9985,12.0,11.995,12.01,11.98,761
2023-08-25 14:45:00,261301,11.9629,11.99,11.96,11.995,11.95,695
2023-08-25 14:46:00,181952,11.9681,11.96,11.9608,11.99,11.96,560
2023-08-25 14:47:00,9851,11.9702,11.96,11.975,11.985,11.96,138
2023-08-25 14:48:00,35307,11.9822,11.98,11.975,11.99,11.9684,198
2023-08-25 14:49:00,34257,11.9732,11.98,11.97,11.98,11.96,217
2023-08-25 14:50:00,14666,11.9722,11.97,11.97,11.98,11.963,162
2023-08-25 14:51:00,15910,11.9698,11.9681,11.97,11.975,11.96,141
2023-08-25 14:52:00,24581,11.9673,11.97,11.985,11.985,11.96,208
2023-08-25 14:53:00,19094,11.9746,11.9859,11.96,11.995,11.96,164
2023-08-25 14:54:00,27777,11.9657,11.965,11.95,11.975,11.95,223
2023-08-25 14:55:00,37355,11.9426,11.9511,11.94,11.96,11.925,340
2023-08-25 14:56:00,12431,11.9427,11.94,11.9395,11.95,11.93,116
2023-08-25 14:57:00,59707,11.9467,11.935,11.95,11.96,11.93,230
2023-08-25 14:58:00,38717,11.9427,11.95,11.93,11.955,11.93,152
2023-08-25 14:59:00,43992,11.9382,11.93,11.9499,11.95,11.93,182
2023-08-25 15:00:00,37785,11.9432,11.95,11.945,11.96,11.94,114
2023-08-25 15:01:00,25812,11.9347,11.9499,11.94,11.9499,11.925,263
2023-08-25 15:02:00,75193,11.9345,11.94,11.9323,11.945,11.9291,214
2023-08-25 15:03:00,33701,11.9326,11.935,11.935,11.94,11.925,137
2023-08-25 15:04:00,40082,11.9455,11.935,11.94,11.9599,11.935,248
2023-08-25 15:05:00,30638,11.9383,11.935,11.935,11.94,11.93,165
2023-08-25 15:06:00,69458,11.918,11.935,11.9212,11.9391,11.9099,549
2023-08-25 15:07:00,33627,11.9307,11.92,11.94,11.945,11.92,214
2023-08-25 15:08:00,18131,11.9478,11.95,11.945,11.96,11.94,101
2023-08-25 15:09:00,27167,11.9451,11.945,11.949,11.955,11.935,165
2023-08-25 15:10:00,125198,11.9851,11.95,11.95,11.955,11.94,219
2023-08-25 15:11:00,21835,11.9489,11.945,11.9499,11.95,11.94,68
2023-08-25 15:12:00,95160,11.9308,11.94,11.9366,11.945,11.92,313
2023-08-25 15:13:00,22923,11.9345,11.93,11.9377,11.945,11.925,169
2023-08-25 15:14:00,78060,11.9307,11.94,11.9499,11.9499,11.915,191
2023-08-25 15:15:00,50805,11.9483,11.95,11.935,11.95,11.93,105
2023-08-25 15:16:00,25117,11.9381,11.937,11.94,11.95,11.93,156
2023-08-25 15:17:00,86910,11.9274,11.94,11.9121,11.94,11.91,317
2023-08-25 15:18:00,50453,11.9054,11.915,11.892,11.92,11.892,309
2023-08-25 15:19:00,20755,11.8968,11.8981,11.9046,11.905,11.89,138
2023-08-25 15:20:00,27803,11.8949,11.9,11.895,11.9,11.89,119
2023-08-25 15:21:00,18088,11.896,11.895,11.895,11.905,11.89,131
2023-08-25 15:22:00,26191,11.8996,11.8908,11.905,11.91,11.89,175
2023-08-25 15:23:00,41193,11.9094,11.905,11.91,11.92,11.9,249
2023-08-25 15:24:00,27727,11.924,11.91,11.945,11.945,11.91,219
2023-08-25 15:25:00,38633,11.9483,11.945,11.955,11.955,11.94,152
2023-08-25 15:26:00,44099,11.9511,11.955,11.95,11.969,11.94,231
2023-08-25 15:27:00,90662,11.9411,11.945,11.955,11.955,11.93,161
2023-08-25 15:28:00,49919,11.9556,11.955,11.965,11.98,11.94,260
2023-08-25 15:29:00,105614,11.9928,11.97,12.0125,12.02,11.96,469
2023-08-25 15:30:00,126607,11.9966,12.015,11.985,12.015,11.975,250
2023-08-25 15:31:00,63622,11.9877,11.9892,11.99,12.0,11.97,269
2023-08-25 15:32:00,51234,11.9799,11.98,11.98,11.99,11.9705,298
2023-08-25 15:33:00,59224,11.9843,11.985,11.985,12.0,11.9718,197
2023-08-25 15:34:00,83182,11.9704,11.985,11.979,11.985,11.95,315
2023-08-25 15:35:00,59565,11.9825,11.9783,12.0001,12.0099,11.97,240
2023-08-25 15:36:00,39400,12.0105,12.01,12.01,12.02,12.0001,176
2023-08-25 15:37:00,76728,12.0249,12.02,12.045,12.05,12.01,263
2023-08-25 15:38:00,130121,12.0533,12.045,12.0442,12.075,12.03,570
2023-08-25 15:39:00,26686,12.039,12.04,12.03,12.05,12.025,132
2023-08-25 15:40:00,44002,12.0153,12.029,12.03,12.03,12.01,222
2023-08-25 15:41:00,21798,12.0044,12.02,12.005,12.02,11.99,133
2023-08-25 15:42:00,100332,11.9877,12.0,11.97,12.01,11.965,292
2023-08-25 15:43:00,23960,11.9624,11.9699,11.97,11.97,11.951,237
2023-08-25 15:44:00,21087,11.9724,11.965,11.985,11.985,11.96,160
2023-08-25 15:45:00,12195,11.9737,11.985,11.97,11.9899,11.96,93
2023-08-25 15:46:00,44284,11.9742,11.965,11.98,11.985,11.96,297
2023-08-25 15:47:00,18458,11.9792,11.97,11.9888,11.9888,11.97,119
2023-08-25 15:48:00,19922,11.9851,11.985,11.981,11.99,11.975,125
2023-08-25 15:49:00,14419,11.997,11.99,12.0,12.005,11.99,150
2023-08-25 15:50:00,25723,12.0043,12.005,11.995,12.01,11.995,119
2023-08-25 15:51:00,8071,12.0019,12.0,11.995,12.01,11.9925,79
2023-08-25 15:52:00,22339,11.9888,12.0,11.98,12.0073,11.975,183
2023-08-25 15:53:00,18312,11.98,11.975,11.975,11.985,11.97,159
2023-08-25 15:54:00,6180,11.9834,11.9799,11.99,11.99,11.97,58
2023-08-25 15:55:00,38435,11.9659,11.985,11.95,11.985,11.95,189
2023-08-25 15:56:00,24917,11.9365,11.955,11.9487,11.955,11.93,186
2023-08-25 15:57:00,9446,11.9342,11.94,11.9242,11.945,11.92,78
2023-08-25 15:58:00,21615,11.9264,11.92,11.935,11.935,11.915,132
2023-08-25 15:59:00,6468,11.9361,11.93,11.9387,11.94,11.93,58
2023-08-25 16:00:00,17025,11.9301,11.935,11.93,11.935,11.925,132
2023-08-25 16:01:00,17264,11.9381,11.935,11.935,11.94,11.93,104
2023-08-25 16:02:00,16942,11.9331,11.9358,11.925,11.94,11.92,149
2023-08-25 16:03:00,36696,11.9228,11.9294,11.9177,11.93,11.91,164
2023-08-25 16:04:00,9068,11.9186,11.915,11.915,11.925,11.9114,93
2023-08-25 16:05:00,35699,11.9077,11.915,11.9,11.92,11.895,265
2023-08-25 16:06:00,51324,11.8873,11.899,11.89,11.899,11.88,236
2023-08-25 16:07:00,35977,11.8844,11.8891,11.885,11.89,11.875,145
2023-08-25 16:08:00,36057,11.8901,11.885,11.8934,11.9,11.885,182
2023-08-25 16:09:00,7680,11.8953,11.8999,11.89,11.9,11.885,70
2023-08-25 16:10:00,16040,11.8891,11.89,11.8899,11.89,11.88,137
2023-08-25 16:11:00,29213,11.8836,11.8899,11.88,11.89,11.875,246
2023-08-25 16:12:00,26306,11.8804,11.88,11.8833,11.89,11.87,173
2023-08-25 16:13:00,32636,11.8783,11.8885,11.875,11.8889,11.87,122
2023-08-25 16:14:00,54524,11.8763,11.88,11.8647,11.88,11.8647,266
2023-08-25 16:15:00,26917,11.8655,11.8618,11.87,11.87,11.86,148
2023-08-25 16:16:00,74637,11.8759,11.865,11.87,11.885,11.86,288
2023-08-25 16:17:00,52952,11.8857,11.875,11.89,11.9,11.8707,204
2023-08-25 16:18:00,40394,11.8869,11.89,11.8911,11.8916,11.88,136
2023-08-25 16:19:00,36584,11.8985,11.89,11.92,11.92,11.88,145
2023-08-25 16:20:00,26970,11.9202,11.9159,11.9218,11.9289,11.91,112
2023-08-25 16:21:00,21812,11.9245,11.925,11.925,11.93,11.92,164
2023-08-25 16:22:00,53745,11.9395,11.93,11.96,11.96,11.925,198
2023-08-25 16:23:00,15493,11.958,11.9587,11.96,11.965,11.9501,98
2023-08-25 16:24:00,23339,11.9477,11.96,11.945,11.96,11.9408,97
2023-08-25 16:25:00,25704,11.9357,11.945,11.9425,11.95,11.93,208
2023-08-25 16:26:00,47030,11.9567,11.95,11.96,11.97,11.94,207
2023-08-25 16:27:00,37318,11.9728,11.965,11.97,11.98,11.965,106
2023-08-25 16:28:00,15190,11.9743,11.975,11.979,11.985,11.965,162
2023-08-25 16:29:00,51814,11.9791,11.98,11.98,11.99,11.975,160
2023-08-25 16:30:00,41167,11.9898,11.98,11.985,12.0,11.98,108
2023-08-25 16:31:00,12623,11.9782,11.98,11.98,11.985,11.97,124
2023-08-25 16:32:00,13623,11.9691,11.97,11.965,11.975,11.96,108
2023-08-25 16:33:00,15833,11.9692,11.965,11.965,11.97,11.96,58
2023-08-25 16:34:00,30083,11.9589,11.96,11.94,11.97,11.94,129
2023-08-25 16:35:00,12688,11.9487,11.9463,11.96,11.96,11.94,75
2023-08-25 16:36:00,16195,11.9598,11.96,11.95,11.97,11.95,154
2023-08-25 16:37:00,3600,11.955,11.96,11.96,11.96,11.95,46
2023-08-25 16:38:00,5897,11.9577,11.955,11.9525,11.96,11.95,49
2023-08-25 16:39:00,4083,11.956,11.96,11.95,11.96,11.95,65
2023-08-25 16:40:00,27971,11.9442,11.95,11.955,11.96,11.935,170
2023-08-25 16:41:00,10388,11.9497,11.955,11.94,11.955,11.94,75
2023-08-25 16:42:00,32572,11.9273,11.945,11.925,11.945,11.92,198
2023-08-25 16:43:00,12509,11.9315,11.93,11.9225,11.935,11.92,90
2023-08-25 16:44:00,13258,11.9292,11.93,11.92,11.9399,11.92,69
2023-08-25 16:45:00,125002,11.9023,11.92,11.9,11.93,11.895,301
2023-08-25 16:46:00,27651,11.9176,11.9061,11.935,11.94,11.9001,190
2023-08-25 16:47:00,10507,11.9274,11.9301,11.9211,11.935,11.9211,96
2023-08-25 16:48:00,10943,11.9289,11.925,11.92,11.93,11.92,95
2023-08-25 16:49:00,20082,11.9185,11.9245,11.92,11.925,11.91,105
2023-08-25 16:50:00,28962,11.9183,11.92,11.91,11.925,11.91,69
2023-08-25 16:51:00,37054,11.9219,11.92,11.9068,11.94,11.9045,242
2023-08-25 16:52:00,39249,11.9011,11.905,11.905,11.915,11.885,300
2023-08-25 16:53:00,61923,11.9006,11.905,11.9,11.905,11.8971,78
2023-08-25 16:54:00,24980,11.8923,11.895,11.8982,11.9,11.885,84
2023-08-25 16:55:00,28171,11.8915,11.8983,11.8829,11.8985,11.8829,173
2023-08-25 16:56:00,7633,11.8888,11.89,11.8895,11.89,11.8857,48
2023-08-25 16:57:00,35138,11.9058,11.89,11.915,11.92,11.8895,194
2023-08-25 16:58:00,36275,11.913,11.919,11.91,11.919,11.91,174
2023-08-25 16:59:00,5081,11.9051,11.909,11.9025,11.91,11.9,69
2023-08-25 17:00:00,31917,11.9154,11.905,11.925,11.929,11.905,197
2023-08-25 17:01:00,18148,11.9208,11.9204,11.9188,11.925,11.91,126
2023-08-25 17:02:00,10958,11.9175,11.91,11.91,11.9199,11.91,26
2023-08-25 17:03:00,11605,11.9172,11.915,11.915,11.92,11.91,49
2023-08-25 17:04:00,22688,11.92,11.915,11.92,11.925,11.9125,206
2023-08-25 17:05:00,16297,11.9121,11.9174,11.9053,11.9174,11.9053,98
2023-08-25 17:06:00,64919,11.9036,11.9075,11.895,11.915,11.89,375
2023-08-25 17:07:00,71022,11.8968,11.8909,11.905,11.905,11.89,286
2023-08-25 17:08:00,35933,11.9082,11.905,11.92,11.92,11.9,176
2023-08-25 17:09:00,32820,11.9165,11.915,11.9072,11.92,11.9,239
2023-08-25 17:10:00,69580,11.9003,11.905,11.9,11.91,11.8925,110
2023-08-25 17:11:00,67075,11.8944,11.9,11.895,11.905,11.89,274
2023-08-25 17:12:00,34187,11.8976,11.89,11.905,11.91,11.89,157
2023-08-25 17:13:00,3613,11.9076,11.9,11.9093,11.91,11.9,37
2023-08-25 17:14:00,64191,11.9282,11.9,11.92,11.935,11.9,176
2023-08-25 17:15:00,9283,11.9273,11.925,11.935,11.935,11.92,85
2023-08-25 17:16:00,25287,11.9263,11.9327,11.927,11.9375,11.92,205
2023-08-25 17:17:00,47810,11.9388,11.92,11.94,11.95,11.915,404
2023-08-25 17:18:00,8246,11.929,11.94,11.925,11.94,11.92,86
2023-08-25 17:19:00,20559,11.928,11.925,11.93,11.935,11.92,125
2023-08-25 17:20:00,18338,11.9195,11.925,11.92,11.925,11.91,177
2023-08-25 17:21:00,10060,11.9243,11.915,11.93,11.93,11.915,139
2023-08-25 17:22:00,23873,11.9156,11.925,11.91,11.93,11.9,211
2023-08-25 17:23:00,62366,11.9006,11.91,11.89,11.915,11.89,157
2023-08-25 17:24:00,40957,11.8956,11.8925,11.9,11.905,11.885,198
2023-08-25 17:25:00,6176,11.9019,11.9,11.895,11.91,11.895,101
2023-08-25 17:26:00,16739,11.8917,11.89,11.89,11.895,11.885,118
2023-08-25 17:27:00,12627,11.8874,11.89,11.8825,11.89,11.88,80
2023-08-25 17:28:00,15753,11.8886,11.8899,11.88,11.895,11.88,124
2023-08-25 17:29:00,5648,11.8835,11.88,11.885,11.8895,11.88,48
2023-08-25 17:30:00,7158,11.8842,11.88,11.885,11.89,11.88,78
2023-08-25 17:31:00,29275,11.8797,11.88,11.88,11.89,11.87,210
2023-08-25 17:32:00,22103,11.8731,11.88,11.865,11.885,11.8625,168
2023-08-25 17:33:00,16315,11.8646,11.8692,11.865,11.8698,11.86,66
2023-08-25 17:34:00,13466,11.8689,11.865,11.87,11.875,11.86,143
2023-08-25 17:35:00,28273,11.8793,11.875,11.885,11.89,11.87,242
2023-08-25 17:36:00,22573,11.8876,11.88,11.9,11.9,11.875,188
2023-08-25 17:37:00,8438,11.8999,11.895,11.905,11.91,11.89,107
2023-08-25 17:38:00,10485,11.904,11.9,11.905,11.905,11.9,103
2023-08-25 17:39:00,18078,11.8968,11.905,11.895,11.905,11.89,173
2023-08-25 17:40:00,19341,11.899,11.89,11.92,11.92,11.885,189
2023-08-25 17:41:00,15045,11.9124,11.915,11.9092,11.925,11.9,135
2023-08-25 17:42:00,3046,11.9056,11.905,11.91,11.91,11.9,47
2023-08-25 17:43:00,42682,11.9159,11.905,11.92,11.925,11.9,240
2023-08-25 17:44:00,97115,11.9269,11.92,11.92,11.93,11.91,184
2023-08-25 17:45:00,10060,11.9078,11.91,11.9,11.915,11.9,101
2023-08-25 17:46:00,15922,11.9036,11.905,11.905,11.91,11.9,150
2023-08-25 17:47:00,15692,11.9156,11.91,11.9197,11.92,11.91,147
2023-08-25 17:48:00,39318,11.9162,11.919,11.92,11.93,11.9,228
2023-08-25 17:49:00,4452,11.9241,11.925,11.925,11.93,11.92,54
2023-08-25 17:50:00,21674,11.9334,11.9294,11.945,11.945,11.9294,170
2023-08-25 17:51:00,49360,11.9483,11.9499,11.94,11.9582,11.9382,226
2023-08-25 17:52:00,38754,11.9419,11.94,11.945,11.949,11.94,187
2023-08-25 17:53:00,10335,11.9506,11.945,11.955,11.96,11.94,133
2023-08-25 17:54:00,8745,11.9626,11.9525,11.96,11.97,11.9525,63
2023-08-25 17:55:00,12568,11.9663,11.9604,11.967,11.975,11.96,146
2023-08-25 17:56:00,23992,11.9608,11.96,11.965,11.965,11.955,155
2023-08-25 17:57:00,25317,11.9675,11.965,11.97,11.975,11.96,102
2023-08-25 17:58:00,15023,11.9683,11.97,11.97,11.975,11.96,169
2023-08-25 17:59:00,43265,11.9605,11.965,11.955,11.9699,11.95,283
2023-08-25 18:00:00,37477,11.9506,11.95,11.9506,11.955,11.94,171
2023-08-25 18:01:00,17829,11.9509,11.9563,11.955,11.96,11.94,155
2023-08-25 18:02:00,14426,11.961,11.96,11.965,11.965,11.96,122
2023-08-25 18:03:00,62974,11.9746,11.97,11.9833,11.9833,11.965,405
2023-08-25 18:04:00,55681,11.9938,11.9819,12.0,12.005,11.98,305
2023-08-25 18:05:00,20334,12.0063,11.995,12.015,12.02,11.995,181
2023-08-25 18:06:00,13741,12.0124,12.0199,12.015,12.02,12.0101,34
2023-08-25 18:07:00,29770,12.013,12.015,12.015,12.02,12.01,207
2023-08-25 18:08:00,19985,12.0267,12.015,12.03,12.035,12.0125,222
2023-08-25 18:09:00,29130,12.015,12.025,12.01,12.03,12.01,233
2023-08-25 18:10:00,29459,12.02,12.015,12.025,12.025,12.015,152
2023-08-25 18:11:00,14943,12.0289,12.025,12.025,12.035,12.02,132
2023-08-25 18:12:00,13738,12.0284,12.025,12.03,12.035,12.022,141
2023-08-25 18:13:00,5887,12.0243,12.03,12.03,12.03,12.02,86
2023-08-25 18:14:00,13426,12.0313,12.03,12.04,12.04,12.0225,116
2023-08-25 18:15:00,34091,12.0356,12.04,12.03,12.05,12.03,276
2023-08-25 18:16:00,18917,12.0168,12.03,12.01,12.03,12.01,155
2023-08-25 18:17:00,28361,12.0003,12.0,12.0,12.01,11.99,203
2023-08-25 18:18:00,41427,12.0128,12.01,12.02,12.025,12.005,317
2023-08-25 18:19:00,8150,12.0252,12.026,12.02,12.03,12.02,98
2023-08-25 18:20:00,32314,12.0349,12.025,12.035,12.045,12.025,224
2023-08-25 18:21:00,26354,12.0341,12.035,12.025,12.04,12.02,148
2023-08-25 18:22:00,5688,12.03,12.025,12.039,12.04,12.02,86
2023-08-25 18:23:00,3134,12.0393,12.04,12.04,12.04,12.035,77
2023-08-25 18:24:00,50906,12.0505,12.04,12.045,12.055,12.035,341
2023-08-25 18:25:00,5647,12.0425,12.05,12.05,12.05,12.04,39
2023-08-25 18:26:00,47093,12.0408,12.05,12.045,12.05,12.03,236
2023-08-25 18:27:00,3917,12.0415,12.045,12.045,12.045,12.04,62
2023-08-25 18:28:00,17754,12.0503,12.04,12.045,12.055,12.04,160
2023-08-25 18:29:00,21650,12.052,12.045,12.0525,12.06,12.0436,133
2023-08-25 18:30:00,76844,12.0736,12.05,12.08,12.09,12.05,476
2023-08-25 18:31:00,36138,12.0801,12.08,12.075,12.0868,12.075,155
2023-08-25 18:32:00,33816,12.0865,12.0783,12.09,12.095,12.0783,155
2023-08-25 18:33:00,49930,12.0934,12.09,12.08,12.0999,12.08,272
2023-08-25 18:34:00,23704,12.0838,12.09,12.075,12.095,12.07,158
2023-08-25 18:35:00,15388,12.0664,12.075,12.065,12.075,12.06,108
2023-08-25 18:36:00,29118,12.067,12.06,12.07,12.08,12.055,207
2023-08-25 18:37:00,15139,12.0634,12.08,12.07,12.08,12.0545,168
2023-08-25 18:38:00,23876,12.0712,12.065,12.07,12.08,12.065,172
2023-08-25 18:39:00,11978,12.0625,12.07,12.06,12.07,12.055,146
2023-08-25 18:40:00,19426,12.0705,12.06,12.07,12.08,12.06,238
2023-08-25 18:41:00,10261,12.072,12.0706,12.07,12.075,12.065,130
2023-08-25 18:42:00,16259,12.0708,12.07,12.0703,12.075,12.065,140
2023-08-25 18:43:00,26733,12.0709,12.077,12.07,12.08,12.07,271
2023-08-25 18:44:00,12292,12.0649,12.07,12.055,12.07,12.055,143
2023-08-25 18:45:00,27001,12.0606,12.06,12.06,12.065,12.0525,279
2023-08-25 18:46:00,31917,12.0693,12.06,12.075,12.08,12.055,194
2023-08-25 18:47:00,26859,12.0888,12.08,12.09,12.095,12.08,232
2023-08-25 18:48:00,31880,12.098,12.09,12.105,12.105,12.09,205
2023-08-25 18:49:00,38990,12.0895,12.105,12.095,12.1062,12.08,170
2023-08-25 18:50:00,4923,12.0927,12.09,12.095,12.1,12.09,67
2023-08-25 18:51:00,3720,12.0924,12.09,12.095,12.1,12.09,51
2023-08-25 18:52:00,31786,12.1044,12.0901,12.115,12.115,12.09,218
2023-08-25 18:53:00,29677,12.1067,12.115,12.095,12.115,12.095,193
2023-08-25 18:54:00,18540,12.1075,12.095,12.11,12.115,12.095,194
2023-08-25 18:55:00,18936,12.1082,12.1,12.11,12.115,12.1,188
2023-08-25 18:56:00,17766,12.1016,12.1,12.105,12.11,12.095,198
2023-08-25 18:57:00,25458,12.1109,12.105,12.115,12.115,12.1001,118
2023-08-25 18:58:00,8136,12.1127,12.115,12.12,12.12,12.11,58
2023-08-25 18:59:00,25021,12.1121,12.115,12.115,12.12,12.105,251
2023-08-25 19:00:00,56728,12.1206,12.12,12.125,12.13,12.11,291
2023-08-25 19:01:00,35423,12.1093,12.125,12.0901,12.125,12.09,246
2023-08-25 19:02:00,29747,12.0927,12.095,12.095,12.1,12.085,201
2023-08-25 19:03:00,36224,12.0996,12.09,12.095,12.105,12.09,263
2023-08-25 19:04:00,29948,12.0891,12.0957,12.085,12.0957,12.08,243
2023-08-25 19:05:00,17831,12.0834,12.085,12.09,12.09,12.08,119
2023-08-25 19:06:00,55718,12.0947,12.09,12.095,12.105,12.085,425
2023-08-25 19:07:00,4357,12.0932,12.095,12.095,12.095,12.0912,32
2023-08-25 19:08:00,7485,12.0988,12.095,12.105,12.105,12.095,78
2023-08-25 19:09:00,21604,12.1009,12.105,12.1,12.11,12.095,175
2023-08-25 19:10:00,8639,12.1045,12.105,12.105,12.11,12.105,60
2023-08-25 19:11:00,29759,12.1028,12.105,12.095,12.115,12.09,285
2023-08-25 19:12:00,7738,12.0956,12.095,12.1,12.1,12.0912,80
2023-08-25 19:13:00,36204,12.0916,12.095,12.085,12.095,12.085,324
2023-08-25 19:14:00,51213,12.0724,12.085,12.065,12.085,12.065,362
2023-08-25 19:15:00,25088,12.0707,12.065,12.075,12.0774,12.065,187
2023-08-25 19:16:00,18618,12.08,12.08,12.0822,12.085,12.0701,130
2023-08-25 19:17:00,15165,12.0819,12.085,12.08,12.085,12.08,120
2023-08-25 19:18:00,7043,12.0776,12.085,12.075,12.085,12.075,69
2023-08-25 19:19:00,38938,12.071,12.07,12.065,12.08,12.065,272
2023-08-25 19:20:00,38709,12.0766,12.07,12.085,12.09,12.07,212
2023-08-25 19:21:00,40391,12.0905,12.08,12.095,12.1,12.08,265
2023-08-25 19:22:00,44734,12.1006,12.095,12.105,12.1078,12.095,252
2023-08-25 19:23:00,29972,12.1084,12.11,12.115,12.1157,12.1025,202
2023-08-25 19:24:00,25380,12.1101,12.115,12.11,12.115,12.105,227
2023-08-25 19:25:00,28039,12.1064,12.12,12.1,12.12,12.09,326
2023-08-25 19:26:00,57589,12.0938,12.1,12.095,12.1,12.09,435
2023-08-25 19:27:00,15000,12.0817,12.095,12.07,12.095,12.07,139
2023-08-25 19:28:00,15902,12.0639,12.0716,12.065,12.075,12.06,168
2023-08-25 19:29:00,20412,12.0669,12.07,12.06,12.07,12.06,165
2023-08-25 19:30:00,55591,12.0689,12.065,12.065,12.077,12.06,338
2023-08-25 19:31:00,32504,12.0685,12.0627,12.075,12.075,12.06,251
2023-08-25 19:32:00,47387,12.0658,12.07,12.0647,12.075,12.06,299
2023-08-25 19:33:00,66018,12.0806,12.0618,12.09,12.095,12.0618,501
2023-08-25 19:34:00,64023,12.0966,12.085,12.09,12.105,12.08,362
2023-08-25 19:35:00,30070,12.09,12.095,12.095,12.095,12.0801,193
2023-08-25 19:36:00,33864,12.0839,12.095,12.075,12.095,12.07,220
2023-08-25 19:37:00,63190,12.0773,12.07,12.075,12.08,12.07,304
2023-08-25 19:38:00,22215,12.0831,12.07,12.09,12.09,12.07,203
2023-08-25 19:39:00,31043,12.0906,12.08,12.095,12.0999,12.08,291
2023-08-25 19:40:00,61715,12.0995,12.1,12.1,12.11,12.09,454
2023-08-25 19:41:00,55469,12.0916,12.1,12.095,12.1,12.08,356
2023-08-25 19:42:00,42295,12.1005,12.095,12.11,12.11,12.095,288
2023-08-25 19:43:00,71663,12.1112,12.105,12.115,12.12,12.105,493
2023-08-25 19:44:00,26031,12.1152,12.115,12.115,12.12,12.11,232
2023-08-25 19:45:00,115579,12.1062,12.11,12.0939,12.12,12.085,674
2023-08-25 19:46:00,37164,12.0958,12.1,12.095,12.1,12.09,339
2023-08-25 19:47:00,79322,12.0831,12.09,12.085,12.09,12.07,499
2023-08-25 19:48:00,63097,12.0919,12.085,12.095,12.1,12.08,415
2023-08-25 19:49:00,66253,12.0823,12.095,12.08,12.0953,12.07,396
2023-08-25 19:50:00,134103,12.0679,12.08,12.065,12.085,12.05,770
2023-08-25 19:51:00,64750,12.0663,12.06,12.075,12.08,12.06,504
2023-08-25 19:52:00,104936,12.0818,12.075,12.085,12.09,12.0701,662
2023-08-25 19:53:00,82416,12.0769,12.085,12.075,12.085,12.07,531
2023-08-25 19:54:00,88268,12.0768,12.075,12.09,12.09,12.06,675
2023-08-25 19:55:00,181810,12.0874,12.09,12.095,12.1,12.08,1147
2023-08-25 19:56:00,198335,12.0851,12.09,12.085,12.095,12.08,884
2023-08-25 19:57:00,178523,12.0883,12.09,12.095,12.095,12.08,1006
2023-08-25 19:58:00,200697,12.0982,12.095,12.1,12.1,12.09,1118
2023-08-25 19:59:00,423944,12.0912,12.1,12.07,12.1,12.06,1903
2023-08-25 20:00:00,9214,12.0788,12.08,12.07,12.08,12.07,26
2023-08-25 20:01:00,521,12.08,12.08,12.08,12.08,12.08,6
2023-08-25 20:02:00,425,12.1,12.1,12.1,12.1,12.1,1
2023-08-25 20:03:00,10003,12.08,12.08,12.08,12.08,12.08,1
2023-08-25 20:05:00,681,12.08,12.08,12.08,12.08,12.08,2
2023-08-25 20:10:00,1009,12.0801,12.08,12.08,12.08,12.08,3
2023-08-25 20:11:00,374,12.0801,12.08,12.08,12.08,12.08,5
2023-08-25 20:15:00,1024,12.09,12.09,12.09,12.09,12.09,2
2023-08-25 20:17:00,130,12.09,12.09,12.09,12.09,12.09,2
2023-08-25 20:21:00,240,12.09,12.09,12.09,12.09,12.09,4
2023-08-25 20:22:00,644,12.0811,12.08,12.08,12.08,12.08,6
2023-08-25 20:23:00,100,12.08,12.08,12.08,12.08,12.08,1
2023-08-25 20:29:00,200,12.09,12.09,12.09,12.09,12.09,2
2023-08-25 20:31:00,1001,12.08,12.08,12.08,12.08,12.08,2
2023-08-25 20:35:00,1000,12.09,12.09,12.09,12.09,12.09,1
2023-08-25 20:37:00,600,12.0935,12.09,12.1,12.1,12.09,5
2023-08-25 20:38:00,120,12.0833,12.08,12.08,12.08,12.08,2
2023-08-25 20:49:00,325,12.1,12.1,12.1,12.1,12.1,2
2023-08-25 20:50:00,748,12.09,12.09,12.09,12.09,12.09,5
2023-08-25 21:00:00,1001,12.08,12.08,12.08,12.08,12.08,5
2023-08-25 21:01:00,2181,12.08,12.08,12.08,12.08,12.08,2
2023-08-25 21:12:00,101,12.0801,12.08,12.08,12.08,12.08,2
2023-08-25 21:24:00,100,12.09,12.09,12.09,12.09,12.09,1
2023-08-25 21:25:00,100,12.08,12.08,12.08,12.08,12.08,1
2023-08-25 21:28:00,201,12.09,12.09,12.09,12.09,12.09,2
2023-08-25 21:30:00,450,12.0988,12.0981,12.1,12.1,12.0981,3
2023-08-25 22:06:00,1780,12.08,12.08,12.08,12.08,12.08,1
2023-08-25 22:09:00,100,12.1,12.1,12.1,12.1,12.1,1
2023-08-25 22:16:00,375,12.09,12.09,12.09,12.09,12.09,1
2023-08-25 22:37:00,3000,12.08,12.08,12.08,12.08,12.08,1
2023-08-25 22:44:00,900,12.09,12.09,12.09,12.09,12.09,2
2023-08-25 22:49:00,100,12.09,12.09,12.09,12.09,12.09,1
2023-08-25 22:56:00,563,12.08,12.08,12.08,12.08,12.08,1
2023-08-25 23:05:00,148,12.09,12.09,12.09,12.09,12.09,1
2023-08-25 23:22:00,1604,12.0733,12.08,12.07,12.08,12.07,14
2023-08-25 23:31:00,166,12.09,12.09,12.09,12.09,12.09,2
2023-08-25 23:32:00,200,12.09,12.09,12.09,12.09,12.09,1
2023-08-25 23:33:00,400,12.07,12.07,12.07,12.07,12.07,2
2023-08-25 23:53:00,730,12.09,12.09,12.09,12.09,12.09,1
2023-08-25 23:54:00,2300,12.09,12.09,12.09,12.09,12.09,5
2023-08-25 23:57:00,424,12.1,12.1,12.1,12.1,12.1,2
2023-08-25 23:58:00,1010,12.0901,12.09,12.09,12.09,12.09,2
2023-08-28 08:00:00,213,12.0349,12.05,12.05,12.05,12.05,4
2023-08-28 08:01:00,101,12.0503,12.05,12.05,12.05,12.05,2
2023-08-28 08:02:00,102,12.0494,12.05,12.05,12.05,12.05,2
2023-08-28 09:48:00,200,12.095,12.1,12.1,12.1,12.1,3
2023-08-28 10:53:00,100,12.1,12.1,12.1,12.1,12.1,1
2023-08-28 11:00:00,603,12.149,12.15,12.15,12.15,12.15,5
2023-08-28 11:03:00,150,12.13,12.13,12.13,12.13,12.13,1
2023-08-28 11:08:00,1904,12.1,12.1,12.1,12.1,12.1,7
2023-08-28 11:10:00,550,12.1,12.1,12.1,12.1,12.1,3
2023-08-28 11:18:00,500,12.0966,12.1,12.09,12.1,12.09,6
2023-08-28 11:20:00,100,12.1,12.1,12.1,12.1,12.1,1
2023-08-28 11:45:00,1978,12.106,12.1,12.14,12.14,12.09,11
2023-08-28 12:00:00,4451,12.1154,12.15,12.15,12.15,12.0902,22
2023-08-28 12:03:00,202,12.0976,12.0901,12.0901,12.0901,12.0901,4
2023-08-28 12:07:00,1540,12.09,12.09,12.09,12.09,12.09,2
2023-08-28 12:14:00,159,12.1028,12.1,12.1,12.1,12.1,2
2023-08-28 12:29:00,125,12.13,12.13,12.13,12.13,12.13,1
2023-08-28 12:35:00,1334,12.1493,12.14,12.15,12.15,12.14,3
2023-08-28 12:38:00,500,12.149,12.149,12.149,12.149,12.149,1
2023-08-28 12:40:00,100,12.15,12.15,12.15,12.15,12.15,1
2023-08-28 12:53:00,102,12.1498,12.15,12.15,12.15,12.15,2
2023-08-28 12:56:00,200,12.1485,12.15,12.15,12.15,12.15,2
2023-08-28 13:01:00,210,12.13,12.13,12.13,12.13,12.13,6
2023-08-28 13:02:00,1005,12.1493,12.1494,12.1494,12.1494,12.1494,2
2023-08-28 13:05:00,404,12.15,12.15,12.15,12.15,12.15,2
2023-08-28 13:09:00,400,12.13,12.13,12.13,12.13,12.13,2
2023-08-28 13:11:00,3200,12.1498,12.1493,12.15,12.15,12.1493,6
2023-08-28 13:12:00,251,12.1501,12.15,12.15,12.15,12.15,2
2023-08-28 13:13:00,1070,12.16,12.16,12.16,12.16,12.16,5
2023-08-28 13:14:00,493,12.16,12.16,12.16,12.16,12.16,2
2023-08-28 13:15:00,1026,12.1793,12.18,12.18,12.18,12.18,6
2023-08-28 13:16:00,484,12.1775,12.18,12.18,12.18,12.18,8
2023-08-28 13:18:00,225,12.17,12.17,12.17,12.17,12.17,2
2023-08-28 13:19:00,1718,12.1683,12.17,12.16,12.17,12.16,5
2023-08-28 13:22:00,100,12.22,12.22,12.22,12.22,12.22,1
2023-08-28 13:23:00,1214,12.2208,12.2256,12.23,12.23,12.2256,5
2023-08-28 13:24:00,298,12.16,12.16,12.16,12.16,12.16,3
2023-08-28 13:25:00,841,12.1601,12.16,12.16,12.16,12.16,2
2023-08-28 13:28:00,1094,12.1575,12.16,12.16,12.16,12.16,4
2023-08-28 13:29:00,2533,12.1465,12.16,12.12,12.16,12.12,13
2023-08-28 13:30:00,138778,12.1203,12.11,12.13,12.15,12.11,397
2023-08-28 13:31:00,115650,12.1933,12.13,12.15,12.23,12.12,486
2023-08-28 13:32:00,74871,12.1832,12.1501,12.2137,12.2137,12.1501,257
2023-08-28 13:33:00,58895,12.1782,12.2115,12.15,12.2115,12.14,218
2023-08-28 13:34:00,50359,12.1671,12.1407,12.16,12.185,12.12,337
2023-08-28 13:35:00,85084,12.2269,12.155,12.2302,12.25,12.15,348
2023-08-28 13:36:00,68070,12.2389,12.23,12.225,12.26,12.22,504
2023-08-28 13:37:00,98863,12.2279,12.23,12.22,12.24,12.2101,540
2023-08-28 13:38:00,71583,12.2681,12.225,12.2941,12.3,12.225,302
2023-08-28 13:39:00,58870,12.2809,12.29,12.26,12.29,12.26,179
2023-08-28 13:40:00,91381,12.279,12.265,12.25,12.3,12.25,324
2023-08-28 13:41:00,59768,12.2413,12.245,12.24,12.265,12.225,347
2023-08-28 13:42:00,60538,12.24,12.2394,12.2312,12.26,12.225,224
2023-08-28 13:43:00,53999,12.2276,12.235,12.217,12.25,12.2,144
2023-08-28 13:44:00,45049,12.2244,12.2118,12.248,12.25,12.2,277
2023-08-28 13:45:00,53313,12.2528,12.2491,12.29,12.29,12.235,381
2023-08-28 13:46:00,84835,12.2809,12.28,12.285,12.29,12.265,270
2023-08-28 13:47:00,36424,12.2809,12.28,12.2667,12.29,12.26,172
2023-08-28 13:48:00,22243,12.2533,12.265,12.24,12.27,12.24,207
2023-08-28 13:49:00,44578,12.2239,12.24,12.25,12.25,12.205,218
2023-08-28 13:50:00,39228,12.2657,12.255,12.275,12.28,12.25,156
2023-08-28 13:51:00,66147,12.2757,12.275,12.27,12.285,12.265,253
2023-08-28 13:52:00,64351,12.2582,12.275,12.24,12.275,12.24,215
2023-08-28 13:53:00,53930,12.2445,12.235,12.27,12.2701,12.2205,226
2023-08-28 13:54:00,57042,12.2888,12.28,12.29,12.3,12.275,297
2023-08-28 13:55:00,139315,12.3158,12.29,12.32,12.34,12.29,327
2023-08-28 13:56:00,29147,12.3082,12.32,12.288,12.32,12.285,144
2023-08-28 13:57:00,46069,12.2866,12.285,12.3,12.3,12.27,179
2023-08-28 13:58:00,69563,12.2845,12.291,12.275,12.291,12.2701,198
2023-08-28 13:59:00,18457,12.2699,12.271,12.28,12.28,12.26,97
2023-08-28 14:00:00,47466,12.2773,12.28,12.275,12.285,12.2701,191
2023-08-28 14:01:00,17025,12.2727,12.28,12.26,12.2843,12.26,141
2023-08-28 14:02:00,11646,12.2547,12.26,12.2425,12.27,12.2425,121
2023-08-28 14:03:00,26127,12.2313,12.2425,12.2325,12.245,12.22,171
2023-08-28 14:04:00,27075,12.2395,12.23,12.24,12.245,12.23,190
2023-08-28 14:05:00,48636,12.2304,12.24,12.235,12.245,12.22,145
2023-08-28 14:06:00,25774,12.2309,12.235,12.2177,12.24,12.215,178
2023-08-28 14:07:00,65337,12.2069,12.215,12.21,12.2199,12.19,192
2023-08-28 14:08:00,9189,12.2133,12.21,12.22,12.22,12.21,44
2023-08-28 14:09:00,28021,12.211,12.2179,12.2,12.22,12.19,114
2023-08-28 14:10:00,23639,12.1826,12.195,12.18,12.2,12.17,156
2023-08-28 14:11:00,42245,12.166,12.175,12.16,12.175,12.1501,213
2023-08-28 14:12:00,44105,12.1581,12.16,12.16,12.1685,12.15,150
2023-08-28 14:13:00,25936,12.1497,12.155,12.155,12.1571,12.14,153
2023-08-28 14:14:00,29925,12.15,12.153,12.1499,12.16,12.14,115
2023-08-28 14:15:00,45323,12.1306,12.14,12.13,12.14,12.12,243
2023-08-28 14:16:00,31828,12.1239,12.13,12.135,12.1374,12.11,159
2023-08-28 14:17:00,9789,12.1234,12.14,12.1125,12.14,12.11,93
2023-08-28 14:18:00,33820,12.1267,12.11,12.14,12.14,12.11,158
2023-08-28 14:19:00,28014,12.1485,12.14,12.145,12.15,12.14,124
2023-08-28 14:20:00,30573,12.1508,12.15,12.1385,12.16,12.1385,181
2023-08-28 14:21:00,16595,12.1404,12.14,12.15,12.15,12.13,124
2023-08-28 14:22:00,23834,12.1637,12.155,12.165,12.17,12.155,150
2023-08-28 14:23:00,5692,12.1591,12.1699,12.15,12.1699,12.15,53
2023-08-28 14:24:00,14707,12.1571,12.15,12.165,12.165,12.15,157
2023-08-28 14:25:00,21954,12.1685,12.1689,12.14,12.18,12.14,183
2023-08-28 14:26:00,13412,12.1407,12.1425,12.14,12.15,12.1325,117
2023-08-28 14:27:00,17433,12.1329,12.14,12.145,12.145,12.12,150
2023-08-28 14:28:00,6526,12.1543,12.145,12.155,12.1591,12.145,76
2023-08-28 14:29:00,28763,12.1645,12.155,12.18,12.18,12.15,179
2023-08-28 14:30:00,86216,12.1721,12.175,12.1647,12.1885,12.16,211
2023-08-28 14:31:00,14891,12.1518,12.16,12.15,12.16,12.145,125
2023-08-28 14:32:00,16560,12.1407,12.145,12.14,12.145,12.1325,109
2023-08-28 14:33:00,28726,12.1429,12.145,12.12,12.155,12.12,190
2023-08-28 14:34:00,30796,12.1308,12.12,12.1392,12.14,12.12,148
2023-08-28 14:35:00,16762,12.1423,12.14,12.145,12.15,12.14,116
2023-08-28 14:36:00,24413,12.1498,12.15,12.155,12.155,12.145,233
2023-08-28 14:37:00,33928,12.1467,12.15,12.1425,12.16,12.14,198
2023-08-28 14:38:00,31972,12.1589,12.15,12.16,12.17,12.1425,216
2023-08-28 14:39:00,10115,12.1603,12.16,12.15,12.165,12.15,91
2023-08-28 14:40:00,12686,12.1524,12.15,12.15,12.16,12.149,99
2023-08-28 14:41:00,30584,12.1554,12.1538,12.145,12.165,12.14,233
2023-08-28 14:42:00,17047,12.1536,12.14,12.15,12.16,12.14,126
2023-08-28 14:43:00,21868,12.141,12.15,12.15,12.15,12.13,117
2023-08-28 14:44:00,23236,12.1503,12.15,12.15,12.1585,12.14,98
2023-08-28 14:45:00,7577,12.1449,12.15,12.135,12.155,12.13,102
2023-08-28 14:46:00,10785,12.1289,12.135,12.13,12.135,12.12,55
2023-08-28 14:47:00,29945,12.1356,12.1225,12.145,12.15,12.1225,195
2023-08-28 14:48:00,5344,12.1408,12.1477,12.13,12.1477,12.13,77
2023-08-28 14:49:00,20367,12.1357,12.13,12.12,12.14,12.12,98
2023-08-28 14:50:00,15504,12.1195,12.12,12.12,12.125,12.11,116
2023-08-28 14:51:00,18364,12.1274,12.1225,12.125,12.13,12.12,46
2023-08-28 14:52:00,47097,12.1419,12.1225,12.155,12.1599,12.1225,269
2023-08-28 14:53:00,44984,12.1392,12.15,12.125,12.155,12.12,145
2023-08-28 14:54:00,29918,12.1196,12.1299,12.12,12.13,12.11,205
2023-08-28 14:55:00,26872,12.1152,12.1199,12.11,12.12,12.11,161
2023-08-28 14:56:00,20146,12.1163,12.115,12.115,12.12,12.11,122
2023-08-28 14:57:00,3299,12.1191,12.11,12.1194,12.1199,12.11,54
2023-08-28 14:58:00,32981,12.1263,12.115,12.14,12.14,12.115,230
2023-08-28 14:59:00,18466,12.1386,12.14,12.1325,12.14,12.13,162
2023-08-28 15:00:00,30885,12.1275,12.13,12.1163,12.135,12.115,217
2023-08-28 15:01:00,23479,12.1087,12.115,12.115,12.1175,12.1,158
2023-08-28 15:02:00,33380,12.103,12.115,12.095,12.115,12.095,205
2023-08-28 15:03:00,26832,12.0863,12.0992,12.075,12.1,12.07,180
2023-08-28 15:04:00,42087,12.0656,12.0799,12.075,12.0799,12.06,261
2023-08-28 15:05:00,65191,12.0919,12.075,12.095,12.1099,12.075,261
2023-08-28 15:06:00,36306,12.0995,12.095,12.1012,12.107,12.09,146
2023-08-28 15:07:00,18076,12.1015,12.1,12.1,12.11,12.09,90
2023-08-28 15:08:00,5102,12.1004,12.1063,12.09,12.1072,12.09,63
2023-08-28 15:09:00,9423,12.0998,12.1,12.09,12.11,12.09,88
2023-08-28 15:10:00,6624,12.0903,12.095,12.09,12.095,12.09,62
2023-08-28 15:11:00,31062,12.1037,12.1,12.11,12.1185,12.0932,239
2023-08-28 15:12:00,2999,12.1053,12.105,12.1041,12.1082,12.1,32
2023-08-28 15:13:00,5701,12.0995,12.1,12.09,12.1,12.09,53
2023-08-28 15:14:00,8163,12.089,12.0983,12.09,12.0983,12.08,65
2023-08-28 15:15:00,16697,12.074,12.085,12.075,12.085,12.07,66
2023-08-28 15:16:00,45831,12.0821,12.07,12.09,12.095,12.07,282
2023-08-28 15:17:00,17612,12.0929,12.09,12.1,12.1,12.085,109
2023-08-28 15:18:00,11512,12.0844,12.09,12.0773,12.09,12.0701,70
2023-08-28 15:19:00,7474,12.0718,12.075,12.075,12.08,12.07,37
2023-08-28 15:20:00,35683,12.0733,12.075,12.075,12.085,12.06,220
2023-08-28 15:21:00,24464,12.0856,12.07,12.0899,12.09,12.07,124
2023-08-28 15:22:00,26141,12.0737,12.09,12.075,12.095,12.07,121
2023-08-28 15:23:00,15382,12.0762,12.0793,12.0728,12.0853,12.0706,71
2023-08-28 15:24:00,11010,12.0743,12.075,12.08,12.08,12.07,67
2023-08-28 15:25:00,19322,12.0741,12.08,12.075,12.08,12.065,122
2023-08-28 15:26:00,10753,12.079,12.08,12.08,12.08,12.075,90
2023-08-28 15:27:00,11304,12.0714,12.075,12.07,12.0752,12.07,46
2023-08-28 15:28:00,12951,12.0699,12.075,12.065,12.0799,12.06,96
2023-08-28 15:29:00,28331,12.0572,12.06,12.0525,12.06,12.05,123
2023-08-28 15:30:00,56368,12.0642,12.06,12.0793,12.08,12.055,226
2023-08-28 15:31:00,11293,12.0704,12.075,12.075,12.0794,12.065,102
2023-08-28 15:32:00,5933,12.0678,12.075,12.065,12.075,12.06,64
2023-08-28 15:33:00,20261,12.0708,12.065,12.07,12.08,12.06,162
2023-08-28 15:34:00,5108,12.0695,12.07,12.065,12.075,12.065,57
2023-08-28 15:35:00,4637,12.0593,12.06,12.0525,12.065,12.0525,50
2023-08-28 15:36:00,20361,12.0624,12.06,12.0686,12.0699,12.05,130
2023-08-28 15:37:00,8989,12.0568,12.06,12.055,12.06,12.05,55
2023-08-28 15:38:00,58670,12.0599,12.055,12.065,12.065,12.05,316
2023-08-28 15:39:00,1573,12.0611,12.065,12.0601,12.065,12.06,23
2023-08-28 15:40:00,20562,12.054,12.0661,12.0499,12.0661,12.041,142
2023-08-28 15:41:00,16562,12.0369,12.04,12.031,12.041,12.03,82
2023-08-28 15:42:00,27222,12.0181,12.031,12.0107,12.0312,12.01,150
2023-08-28 15:43:00,37534,12.0163,12.0199,12.015,12.02,12.01,72
2023-08-28 15:44:00,28516,12.0194,12.02,12.02,12.025,12.01,204
2023-08-28 15:45:00,31497,12.0268,12.02,12.04,12.045,12.02,234
2023-08-28 15:46:00,6929,12.037,12.04,12.035,12.04,12.035,59
2023-08-28 15:47:00,16921,12.0431,12.04,12.05,12.05,12.035,116
2023-08-28 15:48:00,41431,12.0442,12.045,12.045,12.05,12.035,180
2023-08-28 15:49:00,43961,12.0427,12.05,12.055,12.055,12.035,244
2023-08-28 15:50:00,11129,12.0439,12.05,12.04,12.055,12.04,61
2023-08-28 15:51:00,7931,12.0335,12.035,12.03,12.04,12.03,38
2023-08-28 15:52:00,19556,12.0395,12.035,12.04,12.045,12.03,128
2023-08-28 15:53:00,17473,12.0415,12.04,12.0498,12.05,12.035,123
2023-08-28 15:54:00,33079,12.049,12.05,12.035,12.06,12.03,188
2023-08-28 15:55:00,11708,12.0283,12.035,12.025,12.035,12.0201,55
2023-08-28 15:56:00,19866,12.0184,12.025,12.01,12.025,12.01,97
2023-08-28 15:57:00,8540,12.0134,12.01,12.015,12.02,12.01,34
2023-08-28 15:58:00,52386,12.0246,12.015,12.03,12.0388,12.015,232
2023-08-28 15:59:00,22746,12.0301,12.0291,12.0347,12.0397,12.025,110
2023-08-28 16:00:00,2240,12.0342,12.04,12.0325,12.04,12.0325,22
2023-08-28 16:01:00,2614,12.0301,12.03,12.0336,12.0336,12.03,12
2023-08-28 16:02:00,19555,12.0352,12.03,12.03,12.04,12.03,84
2023-08-28 16:03:00,11441,12.0292,12.03,12.0225,12.0301,12.0225,97
2023-08-28 16:04:00,24102,12.02,12.02,12.025,12.03,12.0125,152
2023-08-28 16:05:00,15073,12.03,12.025,12.035,12.0399,12.0241,94
2023-08-28 16:06:00,18363,12.0302,12.035,12.035,12.035,12.03,101
2023-08-28 16:07:00,4790,12.0296,12.035,12.025,12.035,12.025,60
2023-08-28 16:08:00,28602,12.03,12.02,12.035,12.035,12.02,151
2023-08-28 16:09:00,27932,12.0374,12.0325,12.04,12.04,12.031,86
2023-08-28 16:10:00,12098,12.0332,12.04,12.03,12.04,12.0243,98
2023-08-28 16:11:00,25485,12.0297,12.02,12.025,12.035,12.02,185
2023-08-28 16:12:00,11953,12.0263,12.02,12.025,12.0299,12.02,55
2023-08-28 16:13:00,29686,12.0256,12.03,12.02,12.03,12.015,207
2023-08-28 16:14:00,17390,12.0257,12.02,12.025,12.03,12.02,85
2023-08-28 16:15:00,16383,12.0143,12.03,12.015,12.03,12.01,138
2023-08-28 16:16:00,11238,12.0175,12.01,12.02,12.02,12.01,44
2023-08-28 16:17:00,2196,12.0143,12.02,12.01,12.02,12.01,32
2023-08-28 16:18:00,30568,12.01,12.01,12.01,12.02,12.0,167
2023-08-28 16:19:00,7176,12.0159,12.01,12.015,12.02,12.01,69
2023-08-28 16:20:00,38596,12.0131,12.015,12.0141,12.02,12.005,227
2023-08-28 16:21:00,26240,12.0077,12.015,12.005,12.015,12.0,63
2023-08-28 16:22:00,72401,12.0004,12.0,12.005,12.01,11.995,321
2023-08-28 16:23:00,28656,11.9924,12.0,11.985,12.005,11.98,122
2023-08-28 16:24:00,29039,11.9911,11.9866,12.005,12.005,11.98,151
2023-08-28 16:25:00,20876,11.9961,12.0,11.995,12.0,11.991,87
2023-08-28 16:26:00,22913,12.0006,11.995,12.005,12.0072,11.995,130
2023-08-28 16:27:00,55264,12.0002,12.0082,12.0087,12.01,11.99,222
2023-08-28 16:28:00,10335,12.0111,12.005,12.02,12.02,12.005,80
2023-08-28 16:29:00,5415,12.0194,12.02,12.02,12.025,12.02,57
2023-08-28 16:30:00,43694,12.0275,12.025,12.035,12.04,12.025,146
2023-08-28 16:31:00,27542,12.0319,12.03,12.02,12.04,12.02,112
2023-08-28 16:32:00,25376,12.0197,12.025,12.03,12.03,12.01,124
2023-08-28 16:33:00,39904,12.0336,12.03,12.035,12.04,12.0298,108
2023-08-28 16:34:00,6542,12.0355,12.035,12.03,12.04,12.03,43
2023-08-28 16:35:00,52528,12.0315,12.035,12.035,12.04,12.025,204
2023-08-28 16:36:00,764,12.0344,12.035,12.035,12.0374,12.035,13
2023-08-28 16:37:00,23781,12.0312,12.035,12.035,12.04,12.03,52
2023-08-28 16:38:00,3551,12.0345,12.04,12.04,12.04,12.03,37
2023-08-28 16:39:00,4101,12.0366,12.0384,12.035,12.04,12.03,25
2023-08-28 16:40:00,21660,12.0328,12.035,12.021,12.04,12.02,113
2023-08-28 16:41:00,21724,12.03,12.025,12.04,12.04,12.02,126
2023-08-28 16:42:00,29034,12.0468,12.04,12.055,12.055,12.04,156
2023-08-28 16:43:00,16856,12.0676,12.055,12.07,12.075,12.055,180
2023-08-28 16:44:00,15156,12.0832,12.075,12.09,12.09,12.075,130
2023-08-28 16:45:00,11845,12.0891,12.085,12.09,12.09,12.08,60
2023-08-28 16:46:00,39282,12.0754,12.09,12.0701,12.09,12.07,113
2023-08-28 16:47:00,16053,12.0692,12.075,12.07,12.0753,12.06,104
2023-08-28 16:48:00,31412,12.0701,12.07,12.075,12.075,12.06,148
2023-08-28 16:49:00,5615,12.0718,12.075,12.0725,12.08,12.07,50
2023-08-28 16:50:00,22658,12.0552,12.065,12.0431,12.068,12.0431,129
2023-08-28 16:51:00,15783,12.0484,12.044,12.055,12.06,12.04,102
2023-08-28 16:52:00,9914,12.0494,12.05,12.05,12.05,12.04,51
2023-08-28 16:53:00,22193,12.0535,12.045,12.0597,12.06,12.045,135
2023-08-28 16:54:00,33129,12.0513,12.055,12.055,12.0599,12.05,144
2023-08-28 16:55:00,15918,12.0575,12.05,12.055,12.06,12.05,46
2023-08-28 16:56:00,2951,12.0586,12.055,12.0599,12.06,12.055,19
2023-08-28 16:57:00,28319,12.0599,12.0525,12.0581,12.065,12.0525,154
2023-08-28 16:58:00,31246,12.0462,12.06,12.04,12.06,12.04,162
2023-08-28 16:59:00,4386,12.0428,12.04,12.04,12.0499,12.04,17
2023-08-28 17:00:00,15842,12.0508,12.045,12.055,12.06,12.04,124
2023-08-28 17:01:00,10268,12.0591,12.0582,12.06,12.065,12.055,66
2023-08-28 17:02:00,14495,12.0617,12.06,12.0576,12.07,12.055,102
2023-08-28 17:03:00,7705,12.0582,12.055,12.055,12.06,12.055,24
2023-08-28 17:04:00,13977,12.0481,12.05,12.045,12.055,12.04,79
2023-08-28 17:05:00,47417,12.0622,12.0425,12.075,12.08,12.0425,271
2023-08-28 17:06:00,67506,12.0874,12.07,12.08,12.095,12.07,327
2023-08-28 17:07:00,16018,12.0756,12.08,12.076,12.08,12.07,69
2023-08-28 17:08:00,12249,12.0639,12.075,12.05,12.075,12.05,77
2023-08-28 17:09:00,17687,12.045,12.05,12.04,12.05,12.04,97
2023-08-28 17:10:00,23394,12.0492,12.04,12.05,12.055,12.04,131
2023-08-28 17:11:00,4569,12.0498,12.05,12.05,12.055,12.045,34
2023-08-28 17:12:00,5640,12.0444,12.045,12.045,12.05,12.04,57
2023-08-28 17:13:00,42062,12.0442,12.045,12.05,12.05,12.035,184
2023-08-28 17:14:00,16369,12.0488,12.045,12.045,12.05,12.04,108
2023-08-28 17:15:00,4209,12.0412,12.045,12.035,12.045,12.035,60
2023-08-28 17:16:00,17233,12.0276,12.035,12.03,12.035,12.02,122
2023-08-28 17:17:00,10893,12.0298,12.03,12.025,12.035,12.025,75
2023-08-28 17:18:00,4706,12.0285,12.0279,12.025,12.03,12.02,26
2023-08-28 17:19:00,30811,12.029,12.0299,12.03,12.035,12.02,167
2023-08-28 17:20:00,36041,12.0326,12.03,12.0299,12.04,12.025,71
2023-08-28 17:21:00,93472,12.0314,12.03,12.04,12.04,12.02,240
2023-08-28 17:22:00,3963,12.0329,12.04,12.035,12.04,12.0301,31
2023-08-28 17:23:00,13846,12.03,12.03,12.04,12.04,12.02,88
2023-08-28 17:24:00,5820,12.0399,12.035,12.0414,12.0475,12.035,40
2023-08-28 17:25:00,2617,12.0463,12.045,12.045,12.0499,12.045,23
2023-08-28 17:26:00,14537,12.0376,12.045,12.0342,12.045,12.0301,76
2023-08-28 17:27:00,2256,12.0356,12.035,12.035,12.04,12.03,37
2023-08-28 17:28:00,31324,12.0331,12.035,12.035,12.04,12.03,143
2023-08-28 17:29:00,12231,12.0348,12.0365,12.03,12.04,12.03,56
2023-08-28 17:30:00,50257,12.0338,12.03,12.03,12.04,12.03,171
2023-08-28 17:31:00,35515,12.0389,12.03,12.045,12.05,12.03,164
2023-08-28 17:32:00,8182,12.0403,12.04,12.04,12.05,12.04,59
2023-08-28 17:33:00,23047,12.0492,12.04,12.055,12.06,12.04,121
2023-08-28 17:34:00,8871,12.0495,12.05,12.04,12.055,12.04,68
2023-08-28 17:35:00,43203,12.0689,12.04,12.0725,12.085,12.04,269
2023-08-28 17:36:00,17922,12.0704,12.08,12.075,12.08,12.07,118
2023-08-28 17:37:00,4518,12.0761,12.0701,12.0757,12.08,12.0701,32
2023-08-28 17:38:00,133373,12.0982,12.075,12.1094,12.11,12.075,133
2023-08-28 17:39:00,44583,12.1061,12.11,12.12,12.12,12.1,177
2023-08-28 17:40:00,31382,12.1155,12.112,12.115,12.12,12.105,167
2023-08-28 17:41:00,4516,12.1091,12.115,12.105,12.115,12.1001,51
2023-08-28 17:42:00,42227,12.1049,12.11,12.1001,12.115,12.1,170
2023-08-28 17:43:00,4896,12.1052,12.105,12.105,12.11,12.1,44
2023-08-28 17:44:00,134837,12.1033,12.11,12.115,12.115,12.09,223
2023-08-28 17:45:00,53352,12.1194,12.1117,12.125,12.13,12.11,108
2023-08-28 17:46:00,10193,12.1246,12.125,12.13,12.13,12.12,53
2023-08-28 17:47:00,19705,12.129,12.125,12.1361,12.1361,12.1201,79
2023-08-28 17:48:00,28116,12.1394,12.1374,12.135,12.145,12.13,122
2023-08-28 17:49:00,18239,12.1385,12.135,12.14,12.14,12.1301,100
2023-08-28 17:50:00,26215,12.1329,12.135,12.14,12.14,12.125,153
2023-08-28 17:51:00,130019,12.1437,12.14,12.145,12.155,12.135,397
2023-08-28 17:52:00,62749,12.1268,12.145,12.1108,12.15,12.11,255
2023-08-28 17:53:00,26706,12.1133,12.1102,12.115,12.12,12.105,128
2023-08-28 17:54:00,22774,12.1047,12.12,12.1,12.12,12.095,132
2023-08-28 17:55:00,19179,12.0871,12.1,12.0799,12.1,12.075,96
2023-08-28 17:56:00,24261,12.088,12.07,12.07,12.085,12.07,124
2023-08-28 17:57:00,128478,12.0682,12.07,12.05,12.07,12.05,82
2023-08-28 17:58:00,56352,12.0424,12.055,12.05,12.055,12.04,84
2023-08-28 17:59:00,58815,12.0453,12.045,12.05,12.05,12.04,56
2023-08-28 18:00:00,30113,12.0507,12.05,12.05,12.06,12.045,173
2023-08-28 18:01:00,19140,12.0595,12.06,12.06,12.0693,12.055,126
2023-08-28 18:02:00,22567,12.0675,12.07,12.06,12.075,12.06,132
2023-08-28 18:03:00,32678,12.0651,12.06,12.065,12.07,12.06,25
2023-08-28 18:04:00,18472,12.0524,12.06,12.045,12.0624,12.04,114
2023-08-28 18:05:00,16065,12.0441,12.05,12.04,12.05,12.04,49
2023-08-28 18:06:00,8095,12.047,12.045,12.045,12.05,12.04,44
2023-08-28 18:07:00,3473,12.0429,12.04,12.0475,12.0475,12.04,37
2023-08-28 18:08:00,26349,12.0338,12.04,12.03,12.0475,12.025,145
2023-08-28 18:09:00,24306,12.0306,12.03,12.04,12.04,12.02,163
2023-08-28 18:10:00,2624,12.0377,12.035,12.0382,12.04,12.035,22
2023-08-28 18:11:00,45295,12.0428,12.035,12.035,12.05,12.03,221
2023-08-28 18:12:00,8323,12.0392,12.04,12.035,12.045,12.03,74
2023-08-28 18:13:00,11055,12.0384,12.0367,12.035,12.04,12.03,41
2023-08-28 18:14:00,71404,12.0401,12.04,12.035,12.05,12.035,162
2023-08-28 18:15:00,9059,12.0399,12.04,12.04,12.045,12.035,81
2023-08-28 18:16:00,15063,12.0327,12.04,12.03,12.04,12.03,107
2023-08-28 18:17:00,11808,12.0337,12.03,12.04,12.04,12.025,83
2023-08-28 18:18:00,3486,12.0382,12.035,12.035,12.04,12.0348,44
2023-08-28 18:19:00,6463,12.0327,12.035,12.03,12.035,12.03,66
2023-08-28 18:20:00,32294,12.0244,12.035,12.02,12.035,12.01,194
2023-08-28 18:21:00,12470,12.0247,12.015,12.025,12.03,12.015,88
2023-08-28 18:22:00,17983,12.0191,12.025,12.015,12.03,12.01,108
2023-08-28 18:23:00,4921,12.0178,12.015,12.0176,12.02,12.01,39
2023-08-28 18:24:00,27448,12.0075,12.015,12.005,12.02,12.0,136
2023-08-28 18:25:00,30634,11.9985,12.0,12.0,12.0055,11.99,177
2023-08-28 18:26:00,6229,11.9949,11.99,11.995,12.0,11.99,85
2023-08-28 18:27:00,38228,12.002,11.9965,12.005,12.01,11.99,187
2023-08-28 18:28:00,1969,12.0053,12.005,12.01,12.01,12.005,20
2023-08-28 18:29:00,15603,12.0011,12.0,12.005,12.01,12.0,78
2023-08-28 18:30:00,25325,12.0085,12.005,12.0,12.01,12.0,66
2023-08-28 18:31:00,18452,12.0,12.0,11.995,12.0075,11.995,146
2023-08-28 18:32:00,13105,11.9956,12.0,11.995,12.0,11.99,102
2023-08-28 18:33:00,10186,11.9947,11.99,12.0,12.0,11.99,83
2023-08-28 18:34:00,29315,12.0004,12.0,11.995,12.01,11.995,176
2023-08-28 18:35:00,2689,11.9951,11.995,11.995,11.9956,11.995,23
2023-08-28 18:36:00,42487,12.0042,12.0,12.01,12.015,11.99,309
2023-08-28 18:37:00,12390,12.0094,12.005,12.0153,12.02,12.005,109
2023-08-28 18:38:00,21813,12.0038,12.015,11.9995,12.015,11.99,130
2023-08-28 18:39:00,6076,11.9987,11.9999,12.0,12.0,11.995,26
2023-08-28 18:40:00,5464,11.9958,11.995,11.99,12.0,11.99,72
2023-08-28 18:41:00,13081,11.9982,11.9975,11.995,12.0,11.99,49
2023-08-28 18:42:00,17712,11.9986,11.99,11.99,12.0,11.99,62
2023-08-28 18:43:00,11525,11.9942,11.995,11.99,11.9999,11.99,115
2023-08-28 18:44:00,53271,11.9989,11.995,12.019,12.02,11.99,321
2023-08-28 18:45:00,1707,12.0155,12.02,12.02,12.02,12.0101,35
2023-08-28 18:46:00,30180,12.0096,12.019,12.01,12.02,12.005,180
2023-08-28 18:47:00,30342,12.0174,12.015,12.015,12.02,12.01,35
2023-08-28 18:48:00,1440,12.0141,12.01,12.02,12.02,12.01,30
2023-08-28 18:49:00,43494,12.0172,12.0188,12.015,12.02,12.01,104
2023-08-28 18:50:00,48728,12.0246,12.0175,12.04,12.045,12.01,280
2023-08-28 18:51:00,23519,12.0388,12.035,12.0421,12.0469,12.035,111
2023-08-28 18:52:00,22795,12.0451,12.04,12.05,12.055,12.04,120
2023-08-28 18:53:00,4975,12.0539,12.055,12.055,12.0575,12.05,31
2023-08-28 18:54:00,15166,12.0567,12.055,12.0599,12.06,12.05,109
2023-08-28 18:55:00,7291,12.0535,12.055,12.055,12.06,12.05,63
2023-08-28 18:56:00,221407,12.0675,12.05,12.085,12.09,12.045,375
2023-08-28 18:57:00,53003,12.0761,12.085,12.075,12.085,12.065,259
2023-08-28 18:58:00,25001,12.0686,12.0701,12.06,12.08,12.06,145
2023-08-28 18:59:00,14589,12.0605,12.065,12.065,12.07,12.055,104
2023-08-28 19:00:00,21048,12.0635,12.065,12.06,12.07,12.06,54
2023-08-28 19:01:00,11017,12.0578,12.065,12.055,12.065,12.055,105
2023-08-28 19:02:00,3212,12.0569,12.0598,12.055,12.06,12.055,41
2023-08-28 19:03:00,28327,12.0585,12.06,12.055,12.06,12.055,152
2023-08-28 19:04:00,40225,12.048,12.06,12.04,12.06,12.04,244
2023-08-28 19:05:00,196451,12.051,12.045,12.065,12.0651,12.04,291
2023-08-28 19:06:00,21791,12.0692,12.065,12.07,12.08,12.06,147
2023-08-28 19:07:00,63525,12.0767,12.07,12.085,12.09,12.06,325
2023-08-28 19:08:00,14051,12.0856,12.09,12.085,12.09,12.085,50
2023-08-28 19:09:00,70491,12.09,12.085,12.095,12.1,12.0801,156
2023-08-28 19:10:00,30653,12.0926,12.09,12.09,12.0975,12.09,97
2023-08-28 19:11:00,64999,12.0953,12.095,12.105,12.11,12.09,223
2023-08-28 19:12:00,57196,12.0988,12.1075,12.1063,12.11,12.09,157
2023-08-28 19:13:00,13258,12.1032,12.1001,12.105,12.11,12.1,34
2023-08-28 19:14:00,67210,12.1126,12.105,12.115,12.12,12.105,272
2023-08-28 19:15:00,37390,12.0919,12.115,12.08,12.115,12.08,186
2023-08-28 19:16:00,72425,12.0778,12.085,12.075,12.085,12.07,232
2023-08-28 19:17:00,12676,12.0798,12.075,12.09,12.09,12.07,91
2023-08-28 19:18:00,41570,12.0827,12.085,12.075,12.09,12.075,174
2023-08-28 19:19:00,35449,12.0855,12.08,12.09,12.095,12.07,255
2023-08-28 19:20:00,36143,12.0862,12.09,12.09,12.09,12.08,169
2023-08-28 19:21:00,48849,12.0793,12.085,12.075,12.085,12.07,215
2023-08-28 19:22:00,41114,12.0754,12.075,12.075,12.08,12.07,178
2023-08-28 19:23:00,38288,12.0728,12.07,12.0701,12.08,12.07,97
2023-08-28 19:24:00,82989,12.0704,12.075,12.075,12.08,12.07,360
2023-08-28 19:25:00,32214,12.0695,12.07,12.075,12.08,12.06,195
2023-08-28 19:26:00,29630,12.0823,12.075,12.0886,12.09,12.075,118
2023-08-28 19:27:00,20839,12.0951,12.085,12.105,12.105,12.085,155
2023-08-28 19:28:00,15412,12.1006,12.105,12.1,12.11,12.1,61
2023-08-28 19:29:00,42374,12.1035,12.1002,12.105,12.11,12.1,185
2023-08-28 19:30:00,42150,12.1034,12.105,12.1,12.11,12.1,79
2023-08-28 19:31:00,46166,12.1098,12.1062,12.12,12.12,12.1,214
2023-08-28 19:32:00,35051,12.1118,12.115,12.105,12.12,12.1,165
2023-08-28 19:33:00,20432,12.0996,12.105,12.095,12.105,12.09,143
2023-08-28 19:34:00,125277,12.0892,12.095,12.09,12.095,12.08,347
2023-08-28 19:35:00,43457,12.0818,12.085,12.09,12.09,12.075,189
2023-08-28 19:36:00,11307,12.0869,12.085,12.08,12.09,12.08,81
2023-08-28 19:37:00,70630,12.0891,12.0875,12.085,12.095,12.08,352
2023-08-28 19:38:00,8880,12.0864,12.09,12.085,12.09,12.08,77
2023-08-28 19:39:00,41802,12.0805,12.085,12.085,12.09,12.07,258
2023-08-28 19:40:00,32178,12.0905,12.085,12.0975,12.1,12.085,202
2023-08-28 19:41:00,29375,12.0952,12.095,12.1,12.1,12.09,170
2023-08-28 19:42:00,24702,12.1004,12.1,12.11,12.11,12.0925,168
2023-08-28 19:43:00,45167,12.1072,12.11,12.105,12.11,12.1,184
2023-08-28 19:44:00,57081,12.0953,12.11,12.09,12.11,12.09,238
2023-08-28 19:45:00,23072,12.0945,12.095,12.095,12.1,12.09,173
2023-08-28 19:46:00,108228,12.1152,12.09,12.14,12.14,12.09,532
2023-08-28 19:47:00,56941,12.1455,12.135,12.15,12.15,12.135,277
2023-08-28 19:48:00,62715,12.1386,12.145,12.1399,12.15,12.13,213
2023-08-28 19:49:00,63851,12.1297,12.13,12.125,12.14,12.12,289
2023-08-28 19:50:00,35715,12.1265,12.12,12.12,12.13,12.12,201
2023-08-28 19:51:00,92873,12.1314,12.12,12.135,12.14,12.12,424
2023-08-28 19:52:00,43348,12.1355,12.1375,12.135,12.14,12.13,251
2023-08-28 19:53:00,165391,12.1337,12.13,12.145,12.15,12.12,621
2023-08-28 19:54:00,112632,12.1404,12.145,12.145,12.15,12.14,411
2023-08-28 19:55:00,170333,12.1541,12.14,12.165,12.17,12.14,602
2023-08-28 19:56:00,311892,12.1653,12.165,12.155,12.18,12.15,1103
2023-08-28 19:57:00,112583,12.1471,12.155,12.14,12.16,12.14,633
2023-08-28 19:58:00,125403,12.1426,12.14,12.145,12.15,12.14,600
2023-08-28 19:59:00,404647,12.1489,12.14,12.16,12.16,12.14,2017
2023-08-28 20:00:00,92048,12.16,12.16,12.15,12.16,12.15,25
2023-08-28 20:01:00,358,12.1244,12.11,12.13,12.13,12.11,4
2023-08-28 20:04:00,1210,12.15,12.15,12.15,12.15,12.15,10
2023-08-28 20:08:00,5228,12.1599,12.16,12.16,12.16,12.16,2
2023-08-28 20:24:00,250,12.14,12.14,12.14,12.14,12.14,4
2023-08-28 20:33:00,150,12.16,12.16,12.16,12.16,12.16,1
2023-08-28 20:35:00,1052,12.1538,12.15,12.16,12.16,12.15,4
2023-08-28 20:52:00,196,12.14,12.14,12.14,12.14,12.14,1
2023-08-28 21:11:00,300,12.16,12.16,12.16,12.16,12.16,1
2023-08-28 21:21:00,668,12.16,12.16,12.16,12.16,12.16,2
2023-08-28 21:24:00,1330,12.1575,12.16,12.15,12.16,12.15,4
2023-08-28 21:42:00,100,12.159,12.159,12.159,12.159,12.159,1
2023-08-28 22:13:00,500,12.15,12.15,12.15,12.15,12.15,1
2023-08-28 22:19:00,1000,12.15,12.15,12.15,12.15,12.15,1
2023-08-28 22:24:00,726,12.16,12.16,12.16,12.16,12.16,4
2023-08-28 22:48:00,100,12.17,12.17,12.17,12.17,12.17,1
2023-08-28 23:04:00,312,12.17,12.17,12.17,12.17,12.17,2
2023-08-28 23:28:00,100,12.17,12.17,12.17,12.17,12.17,1
2023-08-28 23:42:00,400,12.1699,12.17,12.1698,12.17,12.1698,2
2023-08-28 23:45:00,400,12.1802,12.17,12.19,12.19,12.17,4
2023-08-28 23:52:00,323,12.1824,12.18,12.18,12.18,12.18,3
2023-08-28 23:56:00,100,12.18,12.18,12.18,12.18,12.18,1
2023-08-28 23:59:00,165,12.18,12.18,12.18,12.18,12.18,4
