t,v,vw,o,c,h,l,n
2023-06-12 12:17:00,118,105.81,105.81,105.81,105.81,105.81,1
2023-06-12 13:30:00,27330,106.4189,106.41,106.43,106.49,106.41,176
2023-06-12 13:31:00,2765,106.6307,106.52,106.61,106.67,106.52,66
2023-06-12 13:32:00,3784,106.8501,106.6,106.885,106.95,106.6,153
2023-06-12 13:33:00,2937,106.9477,106.92,107.0,107.0,106.92,105
2023-06-12 13:34:00,1509,106.9816,107.03,106.96,107.09,106.95,50
2023-06-12 13:35:00,949,106.8216,106.87,106.83,106.87,106.71,30
2023-06-12 13:36:00,3103,106.7375,106.83,106.7212,106.83,106.6721,39
2023-06-12 13:37:00,1053,106.5486,106.43,106.58,106.59,106.43,28
2023-06-12 13:38:00,1787,106.6245,106.565,106.68,106.695,106.5,55
2023-06-12 13:39:00,915,106.6176,106.67,106.6,106.67,106.5344,43
2023-06-12 13:40:00,4566,106.5862,106.56,106.56,106.64,106.54,115
2023-06-12 13:42:00,3247,106.6659,106.61,106.84,106.84,106.61,91
2023-06-12 13:43:00,2441,106.6388,106.62,106.7,106.71,106.62,111
2023-06-12 13:44:00,2601,106.4854,106.555,106.41,106.56,106.41,77
2023-06-12 13:45:00,2320,106.3351,106.36,106.33,106.365,106.26,70
2023-06-12 13:46:00,3237,106.2545,106.38,106.1,106.38,106.1,120
2023-06-12 13:47:00,1591,106.0404,106.03,106.0,106.12,106.0,77
2023-06-12 13:48:00,1424,105.9336,105.97,105.88,105.97,105.88,46
2023-06-12 13:49:00,4428,105.9845,105.87,106.15,106.15,105.79,118
2023-06-12 13:50:00,1780,106.2511,106.21,106.26,106.28,106.21,58
2023-06-12 13:51:00,5611,106.4441,106.33,106.45,106.535,106.33,101
2023-06-12 13:52:00,1772,106.3883,106.35,106.37,106.4,106.35,52
2023-06-12 13:53:00,6441,106.4362,106.38,106.34,106.47,106.34,110
2023-06-12 13:54:00,20429,106.3556,106.325,106.245,106.43,106.245,368
2023-06-12 13:55:00,14005,106.3843,106.34,106.36,106.44,106.32,177
2023-06-12 13:56:00,9814,106.4138,106.37,106.55,106.55,106.36,163
2023-06-12 13:57:00,1965,106.5086,106.54,106.48,106.54,106.48,50
2023-06-12 13:58:00,2149,106.401,106.46,106.37,106.46,106.37,56
2023-06-12 13:59:00,1912,106.3604,106.35,106.42,106.42,106.33,41
2023-06-12 14:00:00,2334,106.4133,106.42,106.39,106.44,106.37,72
2023-06-12 14:01:00,1855,106.4418,106.43,106.38,106.43,106.38,71
2023-06-12 14:02:00,1954,106.7331,106.75,106.77,106.77,106.71,65
2023-06-12 14:03:00,1508,106.8318,106.83,106.86,106.86,106.82,55
2023-06-12 14:04:00,1963,106.8782,106.88,106.84,106.94,106.84,52
2023-06-12 14:05:00,3487,106.8067,106.865,106.81,106.88,106.77,108
2023-06-12 14:06:00,990,106.7322,106.75,106.675,106.75,106.675,47
2023-06-12 14:07:00,1224,106.7711,106.86,106.8,106.86,106.8,44
2023-06-12 14:08:00,1510,106.8283,106.81,106.84,106.84,106.81,46
2023-06-12 14:09:00,1536,106.9264,106.95,106.9,106.95,106.9,49
2023-06-12 14:10:00,2756,107.0651,107.02,107.06,107.1,107.02,78
2023-06-12 14:11:00,4783,107.0888,107.08,107.06,107.13,107.05,116
2023-06-12 14:12:00,2181,106.9645,106.99,106.94,106.99,106.94,79
2023-06-12 14:13:00,6528,107.1001,106.99,107.13,107.14,106.99,155
2023-06-12 14:14:00,2792,107.1391,107.125,107.23,107.23,107.09,90
2023-06-12 14:15:00,2652,107.2055,107.24,107.145,107.26,107.14,114
2023-06-12 14:16:00,3454,107.1465,107.16,107.12,107.18,107.1,80
2023-06-12 14:17:00,1036,107.0832,107.11,107.07,107.11,107.06,49
2023-06-12 14:18:00,4156,107.0341,107.075,107.07,107.09,107.008,102
2023-06-12 14:19:00,739,107.0472,107.05,107.0225,107.05,107.0225,40
2023-06-12 14:20:00,1333,107.0123,106.97,107.055,107.055,106.97,37
2023-06-12 14:21:00,3971,107.116,107.08,107.07,107.15,107.07,107
2023-06-12 14:22:00,6050,107.0663,107.07,107.07,107.09,107.02,106
2023-06-12 14:23:00,8893,107.0412,107.07,107.12,107.12,106.99,174
2023-06-12 14:24:00,2196,107.1817,107.17,107.21,107.21,107.17,67
2023-06-12 14:25:00,3341,107.1952,107.23,107.22,107.23,107.14,107
2023-06-12 14:26:00,2555,107.2134,107.21,107.26,107.26,107.19,73
2023-06-12 14:27:00,1970,107.2146,107.24,107.27,107.27,107.18,50
2023-06-12 14:28:00,2039,107.3727,107.34,107.41,107.43,107.34,70
2023-06-12 14:29:00,3365,107.4619,107.42,107.47,107.5,107.42,70
2023-06-12 14:30:00,3420,107.4559,107.49,107.42,107.49,107.42,74
2023-06-12 14:31:00,2593,107.5113,107.48,107.54,107.54,107.48,78
2023-06-12 14:32:00,3325,107.6393,107.59,107.675,107.68,107.59,93
2023-06-12 14:33:00,3034,107.6956,107.685,107.64,107.725,107.64,80
2023-06-12 14:34:00,1758,107.638,107.725,107.5359,107.725,107.5359,71
2023-06-12 14:35:00,3516,107.5732,107.58,107.58,107.61,107.55,101
2023-06-12 14:36:00,2716,107.5161,107.51,107.51,107.54,107.51,96
2023-06-12 14:37:00,3274,107.4113,107.51,107.32,107.51,107.32,86
2023-06-12 14:38:00,1912,107.3578,107.31,107.415,107.415,107.27,74
2023-06-12 14:39:00,1348,107.4377,107.4,107.42,107.45,107.4,59
2023-06-12 14:40:00,1675,107.3861,107.385,107.46,107.46,107.36,55
2023-06-12 14:41:00,1064,107.4977,107.48,107.52,107.52,107.48,53
2023-06-12 14:42:00,1432,107.5483,107.52,107.555,107.555,107.52,68
2023-06-12 14:43:00,2349,107.5749,107.56,107.6293,107.6293,107.56,65
2023-06-12 14:44:00,4352,107.6817,107.6,107.76,107.76,107.59,103
2023-06-12 14:45:00,2204,107.693,107.7,107.71,107.72,107.65,65
2023-06-12 14:46:00,2745,107.8268,107.75,107.89,107.89,107.75,80
2023-06-12 14:47:00,1572,107.8478,107.85,107.83,107.86,107.83,57
2023-06-12 14:48:00,1947,107.7978,107.82,107.83,107.83,107.77,93
2023-06-12 14:49:00,2190,107.7591,107.8,107.7,107.8,107.7,80
2023-06-12 14:50:00,1059,107.7391,107.74,107.74,107.75,107.74,47
2023-06-12 14:51:00,1379,107.7176,107.72,107.71,107.72,107.71,72
2023-06-12 14:52:00,1119,107.7491,107.73,107.78,107.78,107.73,44
2023-06-12 14:53:00,2214,107.8124,107.82,107.8,107.82,107.8,67
2023-06-12 14:54:00,1399,107.7638,107.8,107.74,107.8,107.74,45
2023-06-12 14:55:00,2969,107.8217,107.8,107.86,107.86,107.8,95
2023-06-12 14:56:00,602,107.8895,107.89,107.91,107.91,107.89,35
2023-06-12 14:57:00,2053,107.8991,107.8631,107.98,107.98,107.8631,42
2023-06-12 14:58:00,5488,108.0082,107.96,107.99,108.06,107.96,131
2023-06-12 14:59:00,8773,107.9709,107.99,107.88,108.05,107.88,151
2023-06-12 15:00:00,4066,107.8978,107.88,107.93,107.95,107.8775,80
2023-06-12 15:01:00,1932,108.0616,107.93,108.17,108.17,107.93,58
2023-06-12 15:02:00,2893,108.1469,108.18,108.135,108.185,108.12,74
2023-06-12 15:03:00,2767,108.0776,108.125,108.09,108.125,108.09,65
2023-06-12 15:04:00,3655,108.0347,108.0996,108.03,108.0996,107.96,95
2023-06-12 15:05:00,1407,108.094,108.085,108.12,108.13,108.085,44
2023-06-12 15:06:00,4358,108.1447,108.125,108.07,108.18,108.07,109
2023-06-12 15:07:00,1435,108.0997,108.09,108.11,108.11,108.0628,42
2023-06-12 15:08:00,2752,108.1421,108.15,108.12,108.17,108.1,76
2023-06-12 15:09:00,1922,108.05,108.08,108.045,108.08,108.04,72
2023-06-12 15:10:00,1339,108.055,108.04,108.05,108.07,108.04,49
2023-06-12 15:11:00,1706,108.0492,108.04,108.08,108.08,108.03,55
2023-06-12 15:12:00,1363,108.1129,108.09,108.12,108.12,108.09,44
2023-06-12 15:13:00,5012,108.1596,108.17,108.13,108.19,108.13,106
2023-06-12 15:14:00,914,108.1457,108.16,108.15,108.16,108.1373,39
2023-06-12 15:15:00,5326,108.1243,108.145,108.135,108.145,108.1,94
2023-06-12 15:16:00,1396,108.1274,108.125,108.1,108.15,108.1,45
2023-06-12 15:17:00,1491,108.1366,108.15,108.125,108.16,108.1181,41
2023-06-12 15:18:00,14040,108.1077,108.14,108.02,108.14,108.01,127
2023-06-12 15:19:00,1496,108.0072,107.99,108.02,108.02,107.98,60
2023-06-12 15:20:00,3622,108.0738,108.06,108.05,108.11,108.05,102
2023-06-12 15:21:00,2013,108.0725,108.05,108.03,108.1,108.03,51
2023-06-12 15:22:00,2484,108.0762,108.056,108.075,108.1,108.05,72
2023-06-12 15:23:00,3748,108.0326,108.085,108.0,108.085,108.0,83
2023-06-12 15:24:00,963,108.0546,108.06,108.09,108.09,108.06,54
2023-06-12 15:26:00,2497,108.1598,108.16,108.15,108.18,108.15,84
2023-06-12 15:27:00,1816,108.2167,108.24,108.22,108.24,108.21,55
2023-06-12 15:28:00,2670,108.2554,108.235,108.28,108.29,108.2201,72
2023-06-12 15:29:00,2152,108.2351,108.26,108.205,108.26,108.205,62
2023-06-12 15:30:00,1604,108.237,108.24,108.23,108.245,108.23,50
2023-06-12 15:31:00,3673,108.2423,108.23,108.33,108.33,108.21,100
2023-06-12 15:32:00,1309,108.3071,108.33,108.3,108.33,108.29,50
2023-06-12 15:33:00,1708,108.2863,108.28,108.3,108.3,108.26,58
2023-06-12 15:34:00,4129,108.3338,108.33,108.32,108.39,108.295,119
2023-06-12 15:35:00,4039,108.3924,108.335,108.42,108.45,108.335,99
2023-06-12 15:36:00,1774,108.4933,108.45,108.53,108.53,108.45,57
2023-06-12 15:37:00,2445,108.5391,108.58,108.4885,108.58,108.4885,55
2023-06-12 15:38:00,2230,108.5274,108.5,108.55,108.55,108.49,87
2023-06-12 15:39:00,2175,108.5281,108.555,108.51,108.555,108.51,82
2023-06-12 15:40:00,4732,108.5681,108.53,108.56,108.605,108.53,151
2023-06-12 15:41:00,2577,108.4874,108.555,108.37,108.555,108.37,113
2023-06-12 15:42:00,3462,108.4351,108.38,108.4,108.46,108.38,126
2023-06-12 15:43:00,2808,108.3973,108.375,108.42,108.44,108.375,73
2023-06-12 15:44:00,972,108.4479,108.455,108.44,108.455,108.43,46
2023-06-12 15:45:00,19351,108.4621,108.46,108.53,108.59,108.445,160
2023-06-12 15:46:00,2692,108.4241,108.46,108.41,108.4801,108.39,90
2023-06-12 15:47:00,3691,108.4001,108.39,108.39,108.41,108.384,105
2023-06-12 15:48:00,1841,108.3572,108.38,108.31,108.38,108.31,65
2023-06-12 15:49:00,2504,108.3912,108.37,108.37,108.395,108.37,67
2023-06-12 15:50:00,1541,108.4222,108.367,108.47,108.47,108.367,47
2023-06-12 15:51:00,1711,108.5132,108.53,108.51,108.53,108.51,69
2023-06-12 15:52:00,3597,108.5101,108.53,108.48,108.53,108.48,89
2023-06-12 15:53:00,3009,108.4747,108.495,108.455,108.515,108.45,90
2023-06-12 15:54:00,1210,108.4057,108.42,108.38,108.42,108.37,52
2023-06-12 15:55:00,920,108.4013,108.41,108.42,108.42,108.39,46
2023-06-12 15:56:00,2194,108.3886,108.42,108.38,108.42,108.365,58
2023-06-12 15:57:00,1716,108.4411,108.44,108.44,108.45,108.435,56
2023-06-12 15:58:00,1457,108.5022,108.45,108.55,108.55,108.45,58
2023-06-12 15:59:00,1644,108.5403,108.565,108.605,108.605,108.565,45
2023-06-12 16:00:00,2082,108.5985,108.63,108.6,108.64,108.555,61
2023-06-12 16:01:00,2570,108.5618,108.57,108.59,108.59,108.53,90
2023-06-12 16:02:00,927,108.5869,108.55,108.615,108.615,108.55,49
2023-06-12 16:03:00,2160,108.5848,108.605,108.56,108.61,108.56,71
2023-06-12 16:04:00,2170,108.5204,108.56,108.46,108.56,108.46,71
2023-06-12 16:05:00,1438,108.49,108.5,108.48,108.5,108.48,54
2023-06-12 16:06:00,2441,108.4599,108.46,108.46,108.48,108.43,78
2023-06-12 16:07:00,1552,108.44,108.465,108.41,108.465,108.41,53
2023-06-12 16:08:00,17458,108.3377,108.4,108.2638,108.4,108.2635,49
2023-06-12 16:09:00,2648,108.3213,108.29,108.34,108.34,108.29,66
2023-06-12 16:10:00,1814,108.3569,108.36,108.335,108.36,108.335,67
2023-06-12 16:11:00,2453,108.3624,108.375,108.35,108.375,108.33,64
2023-06-12 16:12:00,1261,108.3696,108.355,108.365,108.38,108.355,45
2023-06-12 16:13:00,1479,108.4072,108.385,108.4,108.42,108.385,61
2023-06-12 16:14:00,1181,108.4196,108.42,108.41,108.43,108.405,42
2023-06-12 16:15:00,2230,108.4057,108.41,108.39,108.44,108.38,77
2023-06-12 16:16:00,1534,108.3661,108.3998,108.34,108.3998,108.34,51
2023-06-12 16:17:00,2404,108.4068,108.38,108.38,108.42,108.38,67
2023-06-12 16:18:00,1605,108.3336,108.36,108.28,108.36,108.28,69
2023-06-12 16:19:00,2612,108.3312,108.33,108.28,108.33,108.28,65
2023-06-12 16:20:00,1291,108.3018,108.305,108.319,108.319,108.29,37
2023-06-12 16:21:00,1730,108.3488,108.32,108.38,108.38,108.32,55
2023-06-12 16:22:00,2549,108.3261,108.35,108.33,108.35,108.295,79
2023-06-12 16:23:00,1029,108.3379,108.339,108.34,108.36,108.339,50
2023-06-12 16:24:00,1557,108.3978,108.399,108.4,108.41,108.399,71
2023-06-12 16:26:00,2466,108.4936,108.48,108.48,108.52,108.48,67
2023-06-12 16:27:00,8264,108.4585,108.48,108.52,108.52,108.41,234
2023-06-12 16:28:00,1639,108.4833,108.5,108.48,108.5,108.47,48
2023-06-12 16:30:00,1517,108.451,108.42,108.46,108.46,108.42,58
2023-06-12 16:31:00,1089,108.5025,108.51,108.48,108.51,108.48,46
2023-06-12 16:33:00,1130,108.4673,108.49,108.42,108.49,108.42,52
2023-06-12 16:34:00,963,108.4147,108.415,108.39,108.415,108.39,40
2023-06-12 16:35:00,1305,108.4484,108.4436,108.47,108.47,108.44,42
2023-06-12 16:36:00,1041,108.4099,108.41,108.4,108.41,108.4,32
2023-06-12 16:37:00,17414,108.417,108.42,108.46,108.46,108.415,75
2023-06-12 16:38:00,1968,108.5303,108.49,108.59,108.59,108.49,94
2023-06-12 16:39:00,3253,108.5709,108.59,108.6,108.6,108.55,90
2023-06-12 16:40:00,877,108.5718,108.59,108.58,108.59,108.58,43
2023-06-12 16:41:00,1763,108.5148,108.5,108.55,108.55,108.5,63
2023-06-12 16:42:00,1322,108.505,108.54,108.5,108.55,108.5,43
2023-06-12 16:43:00,1877,108.493,108.5,108.535,108.535,108.46,52
2023-06-12 16:44:00,715,108.5815,108.55,108.55,108.55,108.55,46
2023-06-12 16:45:00,2735,108.5604,108.62,108.565,108.62,108.55,80
2023-06-12 16:46:00,1619,108.5641,108.55,108.57,108.58,108.55,46
2023-06-12 16:47:00,1343,108.5624,108.55,108.55,108.57,108.55,48
2023-06-12 16:48:00,1770,108.5476,108.585,108.53,108.585,108.53,62
2023-06-12 16:49:00,8935,108.5468,108.525,108.58,108.59,108.51,187
2023-06-12 16:50:00,2244,108.6572,108.59,108.71,108.71,108.59,78
2023-06-12 16:51:00,1695,108.6817,108.69,108.6772,108.695,108.67,64
2023-06-12 16:52:00,1696,108.7074,108.71,108.71,108.72,108.71,57
2023-06-12 16:53:00,670,108.6883,108.7,108.71,108.71,108.7,27
2023-06-12 16:54:00,2776,108.7441,108.73,108.72,108.76,108.72,93
2023-06-12 16:55:00,612,108.7288,108.72,108.72,108.72,108.72,34
2023-06-12 16:56:00,696,108.7247,108.71,108.72,108.72,108.71,30
2023-06-12 16:57:00,1352,108.6799,108.72,108.72,108.72,108.72,57
2023-06-12 16:58:00,740,108.7424,108.73,108.74,108.74,108.73,40
2023-06-12 16:59:00,677,108.7421,108.74,108.74,108.74,108.74,26
2023-06-12 17:00:00,1251,108.7768,108.76,108.79,108.79,108.76,61
2023-06-12 17:01:00,809,108.7712,108.77,108.77,108.77,108.77,40
2023-06-12 17:02:00,2795,108.7525,108.8,108.7,108.8,108.7,98
2023-06-12 17:03:00,1030,108.7433,108.71,108.78,108.78,108.71,26
2023-06-12 17:04:00,1116,108.7269,108.74,108.7392,108.74,108.71,40
2023-06-12 17:05:00,1203,108.7266,108.7,108.75,108.75,108.7,39
2023-06-12 17:06:00,533,108.6986,108.7,108.71,108.71,108.7,28
2023-06-12 17:07:00,2515,108.6827,108.65,108.72,108.72,108.65,72
2023-06-12 17:08:00,1095,108.6905,108.69,108.68,108.69,108.68,50
2023-06-12 17:09:00,624,108.6946,108.69,108.69,108.69,108.69,36
2023-06-12 17:10:00,1194,108.7129,108.72,108.695,108.73,108.695,51
2023-06-12 17:11:00,1329,108.6838,108.7,108.65,108.7,108.65,63
2023-06-12 17:12:00,2816,108.6419,108.63,108.67,108.67,108.6298,49
2023-06-12 17:13:00,11390,108.6266,108.69,108.56,108.69,108.53,169
2023-06-12 17:14:00,478,108.577,108.58,108.58,108.58,108.58,15
2023-06-12 17:15:00,1521,108.4885,108.51,108.47,108.51,108.47,47
2023-06-12 17:17:00,1748,108.3908,108.41,108.38,108.41,108.37,60
2023-06-12 17:18:00,1265,108.404,108.39,108.43,108.43,108.39,49
2023-06-12 17:19:00,2212,108.4872,108.45,108.48,108.52,108.45,75
2023-06-12 17:20:00,765,108.5103,108.53,108.51,108.53,108.51,46
2023-06-12 17:22:00,1182,108.5609,108.53,108.5899,108.5899,108.53,41
2023-06-12 17:23:00,1857,108.5962,108.6,108.57,108.62,108.57,74
2023-06-12 17:24:00,1180,108.5496,108.56,108.55,108.56,108.55,49
2023-06-12 17:25:00,947,108.5482,108.54,108.56,108.56,108.529,35
2023-06-12 17:27:00,579,108.5841,108.58,108.58,108.58,108.58,43
2023-06-12 17:28:00,1776,108.6054,108.61,108.58,108.62,108.58,75
2023-06-12 17:29:00,520,108.5504,108.57,108.57,108.57,108.57,37
2023-06-12 17:30:00,1892,108.5104,108.54,108.51,108.54,108.48,62
2023-06-12 17:31:00,2259,108.5498,108.5,108.6,108.6,108.5,80
2023-06-12 17:32:00,1464,108.5845,108.595,108.595,108.595,108.595,30
2023-06-12 17:33:00,1463,108.548,108.59,108.47,108.59,108.47,78
2023-06-12 17:34:00,1052,108.4837,108.47,108.49,108.49,108.47,32
2023-06-12 17:35:00,1219,108.4798,108.51,108.44,108.51,108.44,50
2023-06-12 17:36:00,944,108.4683,108.44,108.49,108.49,108.44,33
2023-06-12 17:37:00,1126,108.5084,108.5,108.5,108.51,108.5,52
2023-06-12 17:39:00,2554,108.5512,108.53,108.58,108.58,108.53,94
2023-06-12 17:40:00,1268,108.5959,108.59,108.62,108.62,108.58,39
2023-06-12 17:41:00,1820,108.612,108.62,108.6,108.62,108.58,73
2023-06-12 17:42:00,1042,108.5855,108.58,108.625,108.625,108.58,34
2023-06-12 17:43:00,1236,108.6726,108.64,108.69,108.69,108.64,46
2023-06-12 17:44:00,964,108.7364,108.69,108.785,108.785,108.69,37
2023-06-12 17:45:00,1671,108.8037,108.775,108.82,108.83,108.775,58
2023-06-12 17:46:00,2355,108.8938,108.85,108.93,108.93,108.85,73
2023-06-12 17:47:00,5913,108.9173,108.925,108.91,108.94,108.8974,120
2023-06-12 17:48:00,2760,108.8938,108.905,108.865,108.92,108.865,91
2023-06-12 17:49:00,3539,108.8504,108.88,108.78,108.89,108.78,111
2023-06-12 17:50:00,1654,108.7169,108.77,108.72,108.77,108.7,43
2023-06-12 17:51:00,1532,108.6786,108.69,108.6346,108.69,108.6346,35
2023-06-12 17:52:00,1262,108.6472,108.64,108.63,108.64,108.63,48
2023-06-12 17:53:00,18288,108.6829,108.67,108.76,108.76,108.6675,106
2023-06-12 17:54:00,1965,108.7618,108.75,108.77,108.77,108.75,47
2023-06-12 17:55:00,2730,108.8173,108.8,108.8,108.84,108.8,74
2023-06-12 17:56:00,1776,108.8687,108.82,108.905,108.91,108.82,76
2023-06-12 17:57:00,2073,108.9461,108.91,108.96,108.96,108.91,59
2023-06-12 17:58:00,3491,109.0005,108.98,108.98,109.01,108.98,72
2023-06-12 17:59:00,7976,108.9647,108.995,108.935,109.005,108.93,223
2023-06-12 18:00:00,3586,109.011,108.97,108.98,109.05,108.97,117
2023-06-12 18:01:00,269,109.0037,109.0075,109.005,109.0075,109.005,14
2023-06-12 18:02:00,1073,109.0632,109.0675,109.06,109.08,109.06,30
2023-06-12 18:03:00,1504,109.0774,109.06,109.08,109.08,109.06,49
2023-06-12 18:04:00,1786,109.0236,109.07,109.03,109.07,109.03,42
2023-06-12 18:05:00,1928,109.0019,109.02,108.96,109.02,108.96,70
2023-06-12 18:06:00,1691,109.0068,109.0,109.025,109.025,109.0,44
2023-06-12 18:07:00,1637,109.0484,109.04,109.06,109.06,109.03,42
2023-06-12 18:08:00,2116,109.0772,109.08,109.065,109.11,109.065,67
2023-06-12 18:09:00,1169,109.0917,109.0901,109.085,109.0901,109.085,38
2023-06-12 18:10:00,1485,109.0689,109.08,109.08,109.08,109.07,61
2023-06-12 18:11:00,2371,109.101,109.09,109.13,109.13,109.09,79
2023-06-12 18:12:00,873,109.1269,109.11,109.12,109.12,109.1,42
2023-06-12 18:13:00,1132,109.1603,109.17,109.15,109.17,109.15,45
2023-06-12 18:14:00,1246,109.165,109.15,109.17,109.17,109.15,46
2023-06-12 18:15:00,1225,109.1426,109.16,109.13,109.16,109.13,46
2023-06-12 18:16:00,1904,109.1108,109.16,109.05,109.16,109.05,68
2023-06-12 18:17:00,1138,109.0375,109.09,109.02,109.09,109.02,49
2023-06-12 18:18:00,1532,109.0179,108.99,109.0,109.02,108.99,49
2023-06-12 18:19:00,2132,109.0095,109.005,108.99,109.03,108.98,65
2023-06-12 18:20:00,824,108.9665,108.99,108.99,108.99,108.99,51
2023-06-12 18:21:00,769,108.9614,108.94,108.97,108.97,108.94,41
2023-06-12 18:22:00,1150,109.0024,108.96,109.03,109.03,108.96,50
2023-06-12 18:23:00,1635,109.0347,109.04,109.045,109.05,109.01,57
2023-06-12 18:24:00,2024,109.0722,109.07,109.085,109.085,109.06,82
2023-06-12 18:25:00,1324,109.0878,109.095,109.08,109.1,109.08,73
2023-06-12 18:26:00,9268,109.0776,109.071,109.11,109.11,109.06,125
2023-06-12 18:27:00,955,109.1075,109.11,109.11,109.12,109.11,50
2023-06-12 18:28:00,1839,109.0538,109.07,109.046,109.07,109.04,57
2023-06-12 18:29:00,1959,109.0375,109.04,109.025,109.04,109.025,56
2023-06-12 18:30:00,5667,108.9965,109.015,109.0,109.02,108.96,165
2023-06-12 18:31:00,1932,108.9825,108.97,108.99,108.99,108.97,77
2023-06-12 18:32:00,746,109.0356,109.03,109.03,109.03,109.03,48
2023-06-12 18:33:00,3975,109.0394,109.04,109.08,109.08,109.02,109
2023-06-12 18:34:00,6329,109.1189,109.08,109.1499,109.15,109.08,141
2023-06-12 18:35:00,5487,109.1738,109.15,109.18,109.23,109.14,126
2023-06-12 18:36:00,4685,109.1331,109.18,109.1301,109.18,109.115,91
2023-06-12 18:37:00,2356,109.0898,109.11,109.07,109.11,109.07,73
2023-06-12 18:38:00,1065,109.0779,109.07,109.08,109.08,109.07,42
2023-06-12 18:39:00,1540,109.0604,109.08,109.05,109.08,109.05,60
2023-06-12 18:40:00,3265,109.0993,109.06,109.12,109.12,109.06,96
2023-06-12 18:41:00,1607,109.0722,109.08,109.04,109.08,109.04,68
2023-06-12 18:42:00,2846,109.0497,109.08,109.03,109.08,109.03,72
2023-06-12 18:43:00,1259,109.0617,109.06,109.06,109.06,109.0581,53
2023-06-12 18:44:00,2188,109.0346,109.05,109.02,109.05,109.02,51
2023-06-12 18:45:00,2105,109.004,109.02,108.98,109.02,108.98,62
2023-06-12 18:46:00,2322,109.0413,109.01,109.07,109.07,109.01,89
2023-06-12 18:47:00,1517,109.1037,109.1,109.1,109.1,109.1,66
2023-06-12 18:48:00,1297,109.1144,109.12,109.11,109.13,109.11,64
2023-06-12 18:49:00,1379,109.1113,109.12,109.11,109.13,109.11,56
2023-06-12 18:50:00,2201,109.0637,109.09,109.0,109.09,109.0,65
2023-06-12 18:52:00,4195,108.9887,109.02,108.91,109.05,108.91,130
2023-06-12 18:53:00,16844,108.8569,108.86,108.87,108.88,108.85,49
2023-06-12 18:54:00,3543,108.8122,108.83,108.82,108.83,108.78,115
2023-06-12 18:55:00,8941,108.8873,108.8485,108.9,108.95,108.83,194
2023-06-12 18:56:00,2284,108.8985,108.9,108.91,108.925,108.89,68
2023-06-12 18:57:00,1457,108.8815,108.89,108.89,108.89,108.88,40
2023-06-12 18:58:00,3033,108.891,108.9,108.89,108.9,108.88,114
2023-06-12 18:59:00,1905,108.8997,108.88,108.9,108.91,108.88,87
2023-06-12 19:00:00,2246,108.8955,108.911,108.895,108.92,108.88,52
2023-06-12 19:01:00,1842,108.8884,108.87,108.92,108.92,108.87,62
2023-06-12 19:02:00,3481,108.9634,108.93,108.99,108.99,108.93,104
2023-06-12 19:03:00,2266,108.9444,108.975,108.95,108.975,108.91,85
2023-06-12 19:04:00,3234,108.9686,108.95,108.97,108.9976,108.95,75
2023-06-12 19:05:00,1820,108.9747,109.0,108.96,109.0,108.96,68
2023-06-12 19:06:00,1324,109.0079,108.99,109.02,109.02,108.99,58
2023-06-12 19:07:00,4299,109.0399,109.02,109.03,109.06,109.02,128
2023-06-12 19:08:00,3464,109.1142,109.1,109.11,109.14,109.1,127
2023-06-12 19:09:00,977,109.136,109.12,109.145,109.15,109.12,43
2023-06-12 19:10:00,1941,109.1758,109.17,109.17,109.18,109.17,68
2023-06-12 19:11:00,4637,109.2004,109.195,109.23,109.23,109.18,119
2023-06-12 19:12:00,2745,109.2097,109.22,109.2,109.235,109.2,73
2023-06-12 19:13:00,8037,109.2373,109.18,109.3,109.3,109.18,165
2023-06-12 19:14:00,7829,109.3774,109.35,109.34,109.4133,109.34,194
2023-06-12 19:15:00,7794,109.3674,109.32,109.38,109.42,109.32,211
2023-06-12 19:16:00,7195,109.3624,109.39,109.335,109.4,109.33,192
2023-06-12 19:17:00,3153,109.3759,109.35,109.35,109.4,109.35,86
2023-06-12 19:18:00,3962,109.3129,109.295,109.29,109.335,109.28,103
2023-06-12 19:19:00,4503,109.2147,109.275,109.195,109.275,109.185,91
2023-06-12 19:20:00,3031,109.1949,109.2,109.2,109.2,109.19,78
2023-06-12 19:21:00,31311,109.1655,109.18,109.135,109.18,109.13,157
2023-06-12 19:22:00,4542,109.17,109.14,109.21,109.21,109.14,141
2023-06-12 19:23:00,5332,109.1842,109.22,109.15,109.22,109.135,150
2023-06-12 19:24:00,19891,109.3395,109.17,109.37,109.38,109.17,270
2023-06-12 19:25:00,5873,109.3203,109.34,109.3,109.355,109.29,169
2023-06-12 19:26:00,4445,109.303,109.28,109.44,109.44,109.26,103
2023-06-12 19:27:00,4753,109.4119,109.43,109.41,109.43,109.4,130
2023-06-12 19:28:00,5784,109.4584,109.43,109.51,109.51,109.43,136
2023-06-12 19:29:00,6157,109.4613,109.51,109.44,109.51,109.435,168
2023-06-12 19:30:00,3614,109.4213,109.43,109.415,109.44,109.365,95
2023-06-12 19:31:00,10691,109.3637,109.4,109.38,109.4,109.32,229
2023-06-12 19:32:00,5324,109.3262,109.39,109.25,109.39,109.241,147
2023-06-12 19:33:00,6933,109.2653,109.24,109.26,109.28,109.18,180
2023-06-12 19:34:00,2803,109.2763,109.26,109.32,109.32,109.25,104
2023-06-12 19:35:00,6686,109.2995,109.32,109.26,109.335,109.24,183
2023-06-12 19:36:00,3222,109.2541,109.254,109.241,109.27,109.23,85
2023-06-12 19:37:00,8610,109.2849,109.25,109.3,109.33,109.24,172
2023-06-12 19:38:00,8171,109.3168,109.31,109.37,109.37,109.3,150
2023-06-12 19:39:00,4899,109.3611,109.36,109.38,109.38,109.345,98
2023-06-12 19:40:00,7536,109.3868,109.41,109.43,109.44,109.36,185
2023-06-12 19:41:00,4310,109.4981,109.45,109.525,109.53,109.45,129
2023-06-12 19:42:00,11645,109.5191,109.53,109.45,109.62,109.45,300
2023-06-12 19:43:00,6288,109.4802,109.455,109.48,109.51,109.45,179
2023-06-12 19:44:00,5117,109.4484,109.49,109.42,109.49,109.42,170
2023-06-12 19:45:00,5970,109.3989,109.42,109.45,109.45,109.34,177
2023-06-12 19:46:00,7976,109.4754,109.4515,109.51,109.525,109.43,225
2023-06-12 19:47:00,7096,109.4804,109.5,109.48,109.51,109.45,209
2023-06-12 19:48:00,7694,109.4355,109.47,109.36,109.48,109.36,198
2023-06-12 19:49:00,5198,109.4099,109.37,109.43,109.46,109.36,156
2023-06-12 19:50:00,15985,109.3967,109.44,109.39,109.45,109.36,385
2023-06-12 19:51:00,8967,109.426,109.39,109.46,109.46,109.39,259
2023-06-12 19:52:00,18405,109.5145,109.45,109.52,109.6,109.45,387
2023-06-12 19:53:00,12636,109.5574,109.52,109.565,109.6,109.5,328
2023-06-12 19:54:00,9634,109.567,109.57,109.51,109.61,109.51,273
2023-06-12 19:55:00,23304,109.5039,109.52,109.46,109.63,109.42,468
2023-06-12 19:56:00,14661,109.4553,109.47,109.44,109.47,109.421,296
2023-06-12 19:57:00,27550,109.4805,109.44,109.44,109.55,109.43,596
2023-06-12 19:58:00,11622,109.4278,109.44,109.425,109.44,109.415,317
2023-06-12 19:59:00,75470,109.4472,109.425,109.47,109.53,109.4,1184
2023-06-12 20:00:00,16800,109.46,109.46,109.46,109.46,109.46,40
2023-06-12 20:16:00,456,109.3146,109.32,109.32,109.32,109.32,8
2023-06-12 20:25:00,356,109.4209,109.46,109.38,109.46,109.38,9
2023-06-12 21:07:00,161,109.637,109.68,109.68,109.68,109.68,9
2023-06-12 22:55:00,100,109.973,109.973,109.973,109.973,109.973,1
2023-06-13 12:00:00,198,110.4421,110.0,110.0,110.0,110.0,7
2023-06-13 12:36:00,521,111.0974,111.11,111.11,111.11,111.11,22
2023-06-13 12:37:00,244,110.8,110.8,110.8,110.8,110.8,4
2023-06-13 13:04:00,238,111.4667,111.48,111.48,111.48,111.48,8
2023-06-13 13:15:00,537,111.8805,111.85,111.85,111.85,111.85,10
2023-06-13 13:16:00,673,111.9976,111.99,112.0,112.0,111.99,25
2023-06-13 13:17:00,392,111.9949,111.99,111.99,111.99,111.99,7
2023-06-13 13:20:00,502,112.4265,112.0,112.57,112.57,112.0,11
2023-06-13 13:21:00,268,112.7381,112.99,112.99,112.99,112.99,5
2023-06-13 13:22:00,210,112.8571,112.85,112.85,112.85,112.85,2
2023-06-13 13:25:00,783,111.4678,111.86,110.99,111.86,110.99,29
2023-06-13 13:26:00,657,112.2758,111.5,112.49,112.49,111.5,13
2023-06-13 13:27:00,603,111.6989,112.27,111.5,112.27,111.5,8
2023-06-13 13:28:00,335,112.133,111.12,112.81,112.81,111.12,7
2023-06-13 13:29:00,2314,111.1931,111.1,111.18,111.96,111.1,10
2023-06-13 13:30:00,51865,111.0658,111.05,111.16,111.22,111.0,320
2023-06-13 13:31:00,11529,110.7963,111.16,110.75,111.16,110.46,276
2023-06-13 13:32:00,4676,110.8749,110.84,110.66,111.075,110.66,117
2023-06-13 13:33:00,7049,110.9742,110.66,111.37,111.37,110.66,184
2023-06-13 13:34:00,17531,111.4889,111.365,111.73,111.73,111.365,308
2023-06-13 13:35:00,7953,111.8131,111.84,111.73,111.89,111.72,185
2023-06-13 13:36:00,4344,111.6589,111.66,111.8236,111.8236,111.525,105
2023-06-13 13:37:00,9056,111.716,111.72,111.77,111.83,111.56,133
2023-06-13 13:38:00,2646,111.748,111.77,111.86,111.86,111.63,63
2023-06-13 13:39:00,11097,111.6416,111.835,111.29,111.84,111.29,180
2023-06-13 13:40:00,5847,111.0331,111.26,111.115,111.26,110.7995,148
2023-06-13 13:41:00,10475,111.0316,111.145,110.889,111.145,110.87,143
2023-06-13 13:42:00,4526,111.3371,110.945,111.62,111.675,110.94,106
2023-06-13 13:43:00,3665,111.4086,111.67,111.39,111.67,111.33,72
2023-06-13 13:44:00,3417,111.3801,111.325,111.37,111.45,111.325,74
2023-06-13 13:45:00,5091,111.3616,111.375,111.26,111.41,111.26,87
2023-06-13 13:46:00,4014,111.287,111.32,111.0057,111.405,111.0057,89
2023-06-13 13:47:00,41062,110.8336,110.98,110.835,110.98,110.7,128
2023-06-13 13:48:00,28498,110.8003,110.73,110.815,110.89,110.62,153
2023-06-13 13:49:00,20810,110.7733,110.81,110.6,110.815,110.55,128
2023-06-13 13:50:00,4086,110.602,110.665,110.67,110.67,110.49,99
2023-06-13 13:51:00,3281,110.8452,110.68,110.9559,111.02,110.68,89
2023-06-13 13:52:00,2219,111.0979,111.08,111.06,111.18,111.045,78
2023-06-13 13:53:00,1244,111.0533,111.06,111.0648,111.0648,111.05,42
2023-06-13 13:54:00,10969,111.0058,111.04,111.05,111.05,110.94,67
2023-06-13 13:55:00,2427,111.0537,111.09,111.0125,111.1,111.01,58
2023-06-13 13:56:00,8151,111.0377,111.04,111.0,111.1,110.965,193
2023-06-13 13:57:00,11169,110.8794,111.0,110.895,111.0,110.8,196
2023-06-13 13:58:00,3870,110.8514,110.91,110.85,110.91,110.8,71
2023-06-13 13:59:00,21224,110.9377,110.97,110.94,111.0,110.885,396
2023-06-13 14:00:00,27062,110.8775,110.92,110.8,110.96,110.77,415
2023-06-13 14:01:00,10341,110.9568,110.855,111.33,111.33,110.81,181
2023-06-13 14:02:00,5749,111.2191,111.31,111.205,111.31,111.16,150
2023-06-13 14:03:00,1862,111.424,111.28,111.57,111.57,111.28,76
2023-06-13 14:04:00,9733,111.5922,111.65,111.5875,111.65,111.48,178
2023-06-13 14:05:00,8546,111.7073,111.56,111.9355,111.9355,111.5,131
2023-06-13 14:06:00,4849,111.7776,111.895,111.54,111.91,111.5,191
2023-06-13 14:07:00,1855,111.2373,111.24,111.16,111.24,111.13,69
2023-06-13 14:08:00,2344,111.3038,111.26,111.3,111.3681,111.26,55
2023-06-13 14:09:00,2404,111.2814,111.35,111.36,111.36,111.24,66
2023-06-13 14:10:00,1251,111.3222,111.315,111.32,111.33,111.31,45
2023-06-13 14:11:00,2726,111.4188,111.37,111.34,111.5,111.34,70
2023-06-13 14:12:00,2757,111.3286,111.28,111.375,111.43,111.27,68
2023-06-13 14:13:00,2681,111.1577,111.27,111.08,111.28,111.075,78
2023-06-13 14:14:00,6071,111.1549,111.105,111.26,111.31,111.07,101
2023-06-13 14:15:00,5211,111.1827,111.19,111.06,111.2205,111.06,87
2023-06-13 14:16:00,5972,110.9888,110.97,111.06,111.06,110.91,99
2023-06-13 14:17:00,4033,110.9824,111.08,110.98,111.08,110.933,88
2023-06-13 14:18:00,10571,110.9276,110.9,110.965,110.98,110.885,168
2023-06-13 14:19:00,2783,110.9646,110.965,111.078,111.078,110.91,63
2023-06-13 14:20:00,8082,111.0563,111.06,111.19,111.19,111.01,148
2023-06-13 14:21:00,7511,111.3026,111.24,111.43,111.43,111.22,147
2023-06-13 14:22:00,11054,111.753,111.45,111.57,111.85,111.44,223
2023-06-13 14:23:00,1740,111.6652,111.615,111.595,111.715,111.595,42
2023-06-13 14:24:00,1218,111.5843,111.49,111.67,111.67,111.49,52
2023-06-13 14:25:00,2699,111.6395,111.6068,111.63,111.69,111.59,43
2023-06-13 14:26:00,1611,111.5669,111.59,111.565,111.59,111.53,55
2023-06-13 14:27:00,2372,111.5721,111.57,111.55,111.63,111.5,70
2023-06-13 14:28:00,556,111.5389,111.57,111.57,111.57,111.57,28
2023-06-13 14:29:00,3028,111.5477,111.56,111.601,111.601,111.47,73
2023-06-13 14:30:00,1883,111.4834,111.525,111.41,111.525,111.405,56
2023-06-13 14:31:00,11647,111.4432,111.44,111.36,111.54,111.32,214
2023-06-13 14:32:00,1969,111.4424,111.39,111.47,111.51,111.39,73
2023-06-13 14:33:00,11558,111.3333,111.505,111.2925,111.505,111.22,264
2023-06-13 14:34:00,3705,111.2924,111.265,111.31,111.31,111.245,106
2023-06-13 14:35:00,3186,111.373,111.34,111.4,111.42,111.335,81
2023-06-13 14:36:00,1897,111.4243,111.41,111.445,111.48,111.41,54
2023-06-13 14:37:00,1072,111.4387,111.4,111.56,111.56,111.4,58
2023-06-13 14:38:00,3147,111.5157,111.58,111.54,111.58,111.48,49
2023-06-13 14:39:00,2027,111.5877,111.53,111.5301,111.645,111.53,53
2023-06-13 14:40:00,2288,111.5452,111.565,111.52,111.59,111.51,77
2023-06-13 14:41:00,2274,111.5578,111.535,111.53,111.6,111.53,70
2023-06-13 14:42:00,883,111.4432,111.445,111.45,111.47,111.445,27
2023-06-13 14:43:00,1250,111.4262,111.39,111.46,111.46,111.39,57
2023-06-13 14:44:00,1393,111.5241,111.52,111.51,111.55,111.51,43
2023-06-13 14:45:00,4021,111.6212,111.55,111.71,111.71,111.55,117
2023-06-13 14:46:00,3278,111.6715,111.69,111.68,111.7,111.62,78
2023-06-13 14:47:00,6890,111.6359,111.65,111.64,111.66,111.61,156
2023-06-13 14:48:00,2081,111.701,111.67,111.72,111.73,111.67,73
2023-06-13 14:49:00,1611,111.7697,111.74,111.81,111.81,111.74,68
2023-06-13 14:50:00,3221,111.7217,111.8,111.67,111.8,111.63,104
2023-06-13 14:51:00,1000,111.6333,111.66,111.62,111.66,111.62,43
2023-06-13 14:52:00,966,111.5909,111.57,111.5972,111.5972,111.57,41
2023-06-13 14:53:00,3632,111.6066,111.61,111.476,111.636,111.476,92
2023-06-13 14:54:00,1474,111.4689,111.4608,111.47,111.4793,111.4608,16
2023-06-13 14:55:00,3023,111.5352,111.52,111.56,111.56,111.4801,84
2023-06-13 14:56:00,1000,111.534,111.51,111.51,111.51,111.51,48
2023-06-13 14:57:00,2422,111.5907,111.56,111.67,111.67,111.54,87
2023-06-13 14:58:00,10403,111.6384,111.64,111.62,111.76,111.57,167
2023-06-13 14:59:00,2600,111.5787,111.62,111.58,111.62,111.53,45
2023-06-13 15:00:00,1842,111.5529,111.6,111.57,111.6,111.53,57
2023-06-13 15:01:00,865,111.5285,111.555,111.525,111.555,111.525,32
2023-06-13 15:02:00,3115,111.4759,111.505,111.455,111.505,111.45,98
2023-06-13 15:03:00,2524,111.4744,111.51,111.45,111.51,111.44,81
2023-06-13 15:04:00,2218,111.4773,111.43,111.515,111.52,111.43,64
2023-06-13 15:05:00,1649,111.5023,111.465,111.52,111.535,111.465,63
2023-06-13 15:06:00,3136,111.4078,111.475,111.37,111.475,111.36,90
2023-06-13 15:07:00,1843,111.4483,111.42,111.49,111.49,111.42,51
2023-06-13 15:08:00,5071,111.588,111.53,111.64,111.64,111.53,101
2023-06-13 15:09:00,11106,111.6132,111.67,111.6,111.68,111.6,73
2023-06-13 15:10:00,3900,111.5868,111.605,111.62,111.62,111.55,120
2023-06-13 15:11:00,2827,111.6565,111.6,111.68,111.68,111.6,71
2023-06-13 15:12:00,3424,111.6996,111.699,111.74,111.75,111.66,112
2023-06-13 15:13:00,1551,111.7271,111.73,111.765,111.765,111.68,63
2023-06-13 15:14:00,3295,111.861,111.79,111.86,111.89,111.79,89
2023-06-13 15:15:00,1175,111.8275,111.85,111.82,111.855,111.82,50
2023-06-13 15:16:00,3586,111.7066,111.815,111.67,111.815,111.63,99
2023-06-13 15:17:00,705,111.7025,111.725,111.74,111.74,111.725,21
2023-06-13 15:18:00,3868,111.7375,111.75,111.775,111.785,111.69,107
2023-06-13 15:19:00,2029,111.7248,111.765,111.69,111.765,111.69,77
2023-06-13 15:20:00,2859,111.699,111.71,111.695,111.72,111.67,66
2023-06-13 15:21:00,3829,111.7752,111.73,111.8,111.82,111.73,77
2023-06-13 15:22:00,4660,111.8295,111.81,111.92,111.92,111.764,115
2023-06-13 15:23:00,3932,111.924,111.95,111.8313,111.98,111.8313,89
2023-06-13 15:24:00,11851,111.7235,111.76,111.74,111.785,111.715,80
2023-06-13 15:25:00,4682,111.7874,111.71,111.855,111.855,111.71,91
2023-06-13 15:26:00,4872,111.8686,111.82,111.915,111.915,111.82,108
2023-06-13 15:27:00,19783,111.967,111.89,111.94,112.005,111.89,334
2023-06-13 15:28:00,3691,112.0047,111.93,112.06,112.06,111.93,111
2023-06-13 15:29:00,4278,112.0301,112.055,112.055,112.055,111.995,116
2023-06-13 15:30:00,7396,112.0309,112.08,112.05,112.08,112.01,138
2023-06-13 15:31:00,2029,112.0498,112.045,112.045,112.05,112.03,64
2023-06-13 15:32:00,4085,111.9875,112.03,111.92,112.035,111.91,100
2023-06-13 15:33:00,3963,111.9563,111.9232,111.89,112.005,111.885,102
2023-06-13 15:34:00,4388,111.8416,111.885,111.8,111.89,111.795,113
2023-06-13 15:35:00,2188,111.7399,111.695,111.65,111.74,111.65,52
2023-06-13 15:36:00,8817,111.6717,111.665,111.7425,111.745,111.59,162
2023-06-13 15:37:00,1649,111.6519,111.7,111.6002,111.7,111.6002,64
2023-06-13 15:38:00,3544,111.4991,111.57,111.5,111.57,111.46,95
2023-06-13 15:39:00,2277,111.435,111.465,111.42,111.488,111.41,69
2023-06-13 15:40:00,1256,111.3194,111.33,111.32,111.33,111.27,44
2023-06-13 15:41:00,4023,111.397,111.305,111.36,111.41,111.305,109
2023-06-13 15:42:00,1610,111.363,111.4,111.33,111.4,111.33,40
2023-06-13 15:43:00,1484,111.446,111.43,111.5,111.5,111.42,45
2023-06-13 15:44:00,1566,111.4164,111.49,111.39,111.49,111.37,48
2023-06-13 15:45:00,1358,111.4385,111.42,111.49,111.49,111.42,45
2023-06-13 15:46:00,2193,111.498,111.47,111.48,111.52,111.47,70
2023-06-13 15:47:00,4965,111.4286,111.475,111.46,111.475,111.37,127
2023-06-13 15:48:00,2445,111.5059,111.465,111.61,111.61,111.44,86
2023-06-13 15:49:00,1373,111.5737,111.615,111.51,111.615,111.51,50
2023-06-13 15:50:00,717,111.4856,111.49,111.47,111.49,111.47,34
2023-06-13 15:51:00,1970,111.5948,111.52,111.57,111.6389,111.52,55
2023-06-13 15:52:00,1986,111.5945,111.58,111.67,111.67,111.56,51
2023-06-13 15:53:00,583,111.6329,111.63,111.625,111.63,111.625,21
2023-06-13 15:54:00,460,111.5933,111.58,111.58,111.58,111.58,25
2023-06-13 15:55:00,1694,111.6284,111.56,111.69,111.69,111.55,60
2023-06-13 15:56:00,4265,111.727,111.67,111.73,111.75,111.67,93
2023-06-13 15:57:00,2792,111.551,111.67,111.46,111.67,111.46,114
2023-06-13 15:58:00,705,111.4096,111.38,111.42,111.42,111.38,35
2023-06-13 15:59:00,1011,111.4398,111.43,111.46,111.46,111.42,34
2023-06-13 16:00:00,2832,111.3754,111.41,111.31,111.435,111.31,89
2023-06-13 16:01:00,990,111.363,111.35,111.39,111.39,111.35,47
2023-06-13 16:02:00,16493,111.3711,111.38,111.375,111.41,111.35,103
2023-06-13 16:03:00,1146,111.3904,111.378,111.39,111.39,111.361,31
2023-06-13 16:04:00,2679,111.4109,111.36,111.47,111.47,111.36,79
2023-06-13 16:05:00,6746,111.4485,111.4501,111.45,111.49,111.39,169
2023-06-13 16:06:00,702,111.4325,111.41,111.45,111.45,111.41,34
2023-06-13 16:07:00,1878,111.5578,111.52,111.6,111.6,111.52,66
2023-06-13 16:08:00,997,111.5541,111.62,111.57,111.62,111.57,45
2023-06-13 16:09:00,817,111.6386,111.6538,111.66,111.66,111.6538,57
2023-06-13 16:10:00,2175,111.6588,111.67,111.64,111.67,111.63,100
2023-06-13 16:11:00,539,111.7219,111.75,111.76,111.76,111.75,41
2023-06-13 16:12:00,1782,111.7042,111.72,111.67,111.73,111.67,61
2023-06-13 16:13:00,1833,111.6301,111.6625,111.61,111.6625,111.61,67
2023-06-13 16:14:00,923,111.5754,111.6,111.56,111.6,111.56,43
2023-06-13 16:15:00,1039,111.6016,111.61,111.6,111.615,111.59,31
2023-06-13 16:16:00,1832,111.6484,111.63,111.655,111.68,111.63,46
2023-06-13 16:17:00,968,111.5781,111.57,111.55,111.58,111.55,59
2023-06-13 16:18:00,904,111.5584,111.56,111.56,111.57,111.56,35
2023-06-13 16:19:00,997,111.5855,111.59,111.55,111.61,111.55,42
2023-06-13 16:20:00,2927,111.4835,111.53,111.42,111.53,111.42,94
2023-06-13 16:21:00,1222,111.4698,111.45,111.48,111.48,111.45,50
2023-06-13 16:22:00,1074,111.4485,111.47,111.445,111.47,111.44,56
2023-06-13 16:23:00,1946,111.4521,111.445,111.46,111.48,111.42,54
2023-06-13 16:24:00,619,111.4585,111.45,111.48,111.48,111.45,29
2023-06-13 16:25:00,3033,111.4152,111.47,111.3825,111.47,111.38,93
2023-06-13 16:26:00,5104,111.3939,111.37,111.415,111.44,111.335,138
2023-06-13 16:27:00,448,111.433,111.41,111.45,111.45,111.41,31
2023-06-13 16:28:00,17143,111.4453,111.4354,111.44,111.46,111.43,125
2023-06-13 16:29:00,686,111.4049,111.43,111.41,111.43,111.41,45
2023-06-13 16:30:00,1991,111.3993,111.38,111.445,111.445,111.32,65
2023-06-13 16:31:00,1814,111.4104,111.38,111.44,111.44,111.38,56
2023-06-13 16:32:00,3475,111.4467,111.44,111.44,111.46,111.431,65
2023-06-13 16:33:00,2547,111.4244,111.43,111.44,111.46,111.37,102
2023-06-13 16:34:00,751,111.4608,111.44,111.47,111.47,111.44,34
2023-06-13 16:35:00,11638,111.4976,111.49,111.53,111.53,111.44,223
2023-06-13 16:36:00,3668,111.6083,111.54,111.64,111.66,111.54,120
2023-06-13 16:37:00,2393,111.6673,111.65,111.68,111.68,111.65,87
2023-06-13 16:38:00,1235,111.7074,111.69,111.74,111.74,111.69,60
2023-06-13 16:39:00,2617,111.8114,111.77,111.79,111.84,111.77,102
2023-06-13 16:40:00,1490,111.8486,111.815,111.89,111.89,111.815,68
2023-06-13 16:41:00,1240,111.8221,111.84,111.8,111.84,111.8,44
2023-06-13 16:42:00,1796,111.7937,111.78,111.82,111.82,111.78,64
2023-06-13 16:43:00,1050,111.8573,111.85,111.91,111.91,111.845,54
2023-06-13 16:44:00,1100,111.8665,111.93,111.84,111.93,111.84,40
2023-06-13 16:45:00,1238,111.8586,111.87,111.84,111.885,111.84,39
2023-06-13 16:46:00,4063,111.7906,111.82,111.74,111.83,111.74,71
2023-06-13 16:47:00,1918,111.7521,111.74,111.725,111.7713,111.725,50
2023-06-13 16:48:00,2145,111.8088,111.76,111.83,111.85,111.76,67
2023-06-13 16:49:00,451,111.8116,111.825,111.7928,111.825,111.7928,21
2023-06-13 16:50:00,1134,111.7924,111.77,111.8,111.8,111.77,67
2023-06-13 16:51:00,1725,111.8461,111.825,111.88,111.88,111.81,69
2023-06-13 16:52:00,998,111.9576,112.0,112.0,112.0,112.0,81
2023-06-13 16:53:00,633,112.0302,112.03,112.03,112.03,112.03,41
2023-06-13 16:54:00,2294,111.9752,112.03,111.89,112.03,111.89,84
2023-06-13 16:56:00,1706,111.9334,111.93,111.95,111.955,111.9,54
2023-06-13 16:57:00,1653,111.9737,111.976,112.01,112.01,111.94,59
2023-06-13 16:58:00,1165,112.0415,112.07,112.03,112.07,112.03,34
2023-06-13 16:59:00,1079,112.0607,112.04,112.07,112.07,112.04,50
2023-06-13 17:00:00,2042,112.0199,112.055,111.97,112.055,111.97,60
2023-06-13 17:01:00,668,112.0203,112.03,112.03,112.03,112.01,35
2023-06-13 17:02:00,3585,112.0373,112.05,111.985,112.08,111.985,81
2023-06-13 17:03:00,3426,112.0008,111.985,111.985,112.04,111.98,26
2023-06-13 17:04:00,2965,112.044,112.0,112.1,112.1,112.0,103
2023-06-13 17:05:00,2876,112.103,112.12,112.095,112.12,112.09,89
2023-06-13 17:06:00,3789,112.0983,112.12,112.08,112.12,112.08,80
2023-06-13 17:07:00,2511,112.1114,112.11,112.05,112.16,112.05,81
2023-06-13 17:08:00,1142,111.992,112.03,111.92,112.05,111.92,43
2023-06-13 17:09:00,1916,111.8663,111.9,111.85,111.9,111.7936,66
2023-06-13 17:10:00,1114,111.8068,111.84,111.78,111.84,111.775,46
2023-06-13 17:11:00,2540,111.7359,111.72,111.75,111.75,111.72,92
2023-06-13 17:12:00,2995,111.8129,111.75,111.885,111.9,111.75,101
2023-06-13 17:13:00,2305,111.8911,111.885,111.87,111.92,111.855,89
2023-06-13 17:14:00,2472,111.8662,111.87,111.89,111.91,111.85,65
2023-06-13 17:15:00,1540,111.8567,111.85,111.84,111.8595,111.84,35
2023-06-13 17:16:00,944,111.9446,111.885,111.995,111.995,111.885,50
2023-06-13 17:17:00,1125,112.0328,112.01,112.045,112.045,112.005,66
2023-06-13 17:18:00,1546,111.9854,112.065,111.915,112.065,111.91,64
2023-06-13 17:19:00,1190,111.9088,111.93,111.91,111.93,111.91,30
2023-06-13 17:20:00,4164,111.8672,111.91,111.855,111.91,111.855,45
2023-06-13 17:21:00,1238,111.888,111.845,111.885,111.93,111.845,52
2023-06-13 17:22:00,546,111.8773,111.855,111.89,111.89,111.855,35
2023-06-13 17:23:00,1736,111.9117,111.9,111.91,111.92,111.9,67
2023-06-13 17:24:00,2321,111.898,111.9,111.935,111.935,111.87,69
2023-06-13 17:25:00,1235,111.8216,111.88,111.78,111.88,111.78,44
2023-06-13 17:26:00,1121,111.7913,111.77,111.8,111.8,111.77,57
2023-06-13 17:27:00,1691,111.8656,111.82,111.89,111.895,111.82,81
2023-06-13 17:28:00,2847,111.9386,111.905,111.935,111.985,111.905,94
2023-06-13 17:29:00,4174,111.8359,111.835,111.85,111.875,111.8112,57
2023-06-13 17:30:00,2564,111.8704,111.87,111.84,111.89,111.84,76
2023-06-13 17:31:00,745,111.8069,111.81,111.79,111.81,111.79,31
2023-06-13 17:32:00,3128,111.7829,111.785,111.82,111.82,111.77,64
2023-06-13 17:33:00,2152,111.7889,111.8,111.77,111.81,111.76,78
2023-06-13 17:34:00,908,111.8237,111.8,111.825,111.825,111.8,42
2023-06-13 17:35:00,1534,111.8462,111.87,111.815,111.87,111.815,36
2023-06-13 17:36:00,1501,111.837,111.84,111.845,111.85,111.805,38
2023-06-13 17:37:00,1817,111.9083,111.88,111.94,111.94,111.87,99
2023-06-13 17:38:00,1388,111.9433,111.99,111.95,111.99,111.95,58
2023-06-13 17:39:00,1177,111.9158,111.9,111.95,111.95,111.9,64
2023-06-13 17:40:00,1639,111.9378,111.95,111.94,111.955,111.93,46
2023-06-13 17:41:00,1463,111.9493,111.98,111.97,111.98,111.97,58
2023-06-13 17:42:00,1554,111.9595,111.97,111.95,111.99,111.935,54
2023-06-13 17:43:00,706,111.9786,111.98,111.97,112.0,111.97,39
2023-06-13 17:44:00,1091,111.9963,111.99,111.99,112.0,111.99,60
2023-06-13 17:45:00,1001,111.9996,112.02,112.01,112.02,112.01,46
2023-06-13 17:46:00,1381,111.9782,112.02,111.9525,112.02,111.95,64
2023-06-13 17:47:00,1055,111.9376,111.94,111.92,111.95,111.92,38
2023-06-13 17:48:00,1690,111.9767,111.95,112.02,112.02,111.95,64
2023-06-13 17:49:00,950,111.9898,111.99,111.975,111.99,111.975,59
2023-06-13 17:50:00,4347,111.8834,111.97,111.87,111.97,111.85,70
2023-06-13 17:51:00,2676,111.9054,111.87,111.89,111.94,111.87,87
2023-06-13 17:52:00,1341,111.8718,111.89,111.87,111.89,111.83,41
2023-06-13 17:53:00,1349,111.8885,111.87,111.89,111.89,111.87,44
2023-06-13 17:54:00,1681,111.8946,111.92,111.87,111.93,111.86,53
2023-06-13 17:55:00,2084,111.857,111.83,111.89,111.89,111.82,80
2023-06-13 17:56:00,1677,111.825,111.87,111.77,111.87,111.77,54
2023-06-13 17:57:00,586,111.7704,111.765,111.8,111.8,111.76,41
2023-06-13 17:58:00,2019,111.8567,111.85,111.895,111.9,111.83,76
2023-06-13 17:59:00,822,111.8975,111.9,111.925,111.925,111.87,48
2023-06-13 18:00:00,1970,111.8462,111.89,111.84,111.89,111.83,70
2023-06-13 18:01:00,2414,111.9135,111.86,111.91,111.92,111.86,68
2023-06-13 18:02:00,1894,111.8623,111.895,111.85,111.895,111.82,62
2023-06-13 18:03:00,1029,111.8271,111.83,111.815,111.83,111.785,19
2023-06-13 18:04:00,557,111.8067,111.815,111.795,111.815,111.795,30
2023-06-13 18:05:00,1657,111.832,111.84,111.83,111.86,111.829,62
2023-06-13 18:06:00,2801,111.8467,111.85,111.88,111.88,111.8,98
2023-06-13 18:07:00,2091,111.8647,111.87,111.815,111.9,111.79,63
2023-06-13 18:08:00,1830,111.8296,111.81,111.84,111.87,111.79,78
2023-06-13 18:09:00,1055,111.852,111.875,111.84,111.875,111.84,54
2023-06-13 18:10:00,2677,111.764,111.78,111.76,111.79,111.71,91
2023-06-13 18:11:00,749,111.802,111.8,111.815,111.815,111.8,55
2023-06-13 18:12:00,2114,111.8192,111.79,111.83,111.845,111.78,92
2023-06-13 18:13:00,1600,111.8303,111.84,111.81,111.85,111.81,41
2023-06-13 18:14:00,647,111.81,111.82,111.82,111.82,111.82,40
2023-06-13 18:15:00,2151,111.7566,111.805,111.735,111.805,111.735,80
2023-06-13 18:16:00,4346,111.7021,111.715,111.7,111.715,111.68,69
2023-06-13 18:17:00,654,111.7067,111.7,111.7,111.7,111.7,36
2023-06-13 18:18:00,6765,111.7625,111.72,111.82,111.82,111.715,119
2023-06-13 18:19:00,1282,111.8087,111.815,111.815,111.815,111.8,50
2023-06-13 18:20:00,2291,111.8207,111.82,111.76,111.85,111.76,92
2023-06-13 18:21:00,1563,111.6873,111.75,111.68,111.75,111.635,48
2023-06-13 18:22:00,1036,111.7064,111.705,111.69,111.705,111.69,40
2023-06-13 18:23:00,2572,111.7256,111.71,111.724,111.724,111.71,33
2023-06-13 18:24:00,1090,111.7213,111.725,111.73,111.73,111.71,47
2023-06-13 18:25:00,2488,111.7257,111.75,111.71,111.75,111.71,97
2023-06-13 18:26:00,3237,111.6405,111.72,111.62,111.72,111.6,92
2023-06-13 18:27:00,2470,111.5316,111.55,111.5,111.55,111.455,62
2023-06-13 18:28:00,1216,111.3957,111.49,111.34,111.49,111.34,54
2023-06-13 18:29:00,4220,111.2994,111.21,111.38,111.385,111.21,174
2023-06-13 18:30:00,3046,111.248,111.34,111.26,111.34,111.17,117
2023-06-13 18:31:00,1252,111.3631,111.35,111.33,111.38,111.33,46
2023-06-13 18:32:00,510,111.2684,111.27,111.25,111.27,111.25,35
2023-06-13 18:33:00,1678,111.2111,111.24,111.15,111.24,111.15,52
2023-06-13 18:34:00,20643,111.1879,111.15,111.22,111.22,111.06,113
2023-06-13 18:35:00,1680,111.2026,111.19,111.22,111.22,111.19,63
2023-06-13 18:36:00,1572,111.2934,111.23,111.31,111.315,111.23,80
2023-06-13 18:37:00,1094,111.2784,111.27,111.275,111.29,111.27,41
2023-06-13 18:38:00,2733,111.2748,111.3,111.26,111.31,111.24,85
2023-06-13 18:39:00,1752,111.3279,111.26,111.35,111.37,111.26,81
2023-06-13 18:40:00,655,111.347,111.34,111.34,111.34,111.34,29
2023-06-13 18:41:00,1740,111.3557,111.34,111.355,111.37,111.34,74
2023-06-13 18:42:00,1720,111.2856,111.345,111.205,111.345,111.205,59
2023-06-13 18:43:00,1005,111.2855,111.26,111.33,111.33,111.26,59
2023-06-13 18:44:00,794,111.3473,111.34,111.37,111.37,111.34,34
2023-06-13 18:45:00,2524,111.295,111.36,111.31,111.36,111.24,66
2023-06-13 18:46:00,797,111.2717,111.275,111.26,111.275,111.26,34
2023-06-13 18:47:00,621,111.306,111.3,111.325,111.325,111.3,42
2023-06-13 18:48:00,2994,111.3322,111.32,111.37,111.37,111.31,117
2023-06-13 18:49:00,2181,111.2999,111.38,111.245,111.38,111.24,88
2023-06-13 18:50:00,618,111.2911,111.31,111.31,111.31,111.31,30
2023-06-13 18:51:00,2541,111.3786,111.31,111.42,111.42,111.31,103
2023-06-13 18:52:00,2076,111.4113,111.39,111.47,111.47,111.3833,78
2023-06-13 18:53:00,2031,111.4519,111.485,111.445,111.49,111.42,56
2023-06-13 18:54:00,916,111.4682,111.435,111.49,111.49,111.435,41
2023-06-13 18:55:00,2853,111.5272,111.52,111.55,111.55,111.51,91
2023-06-13 18:56:00,3276,111.4707,111.53,111.47,111.53,111.44,101
2023-06-13 18:57:00,2461,111.4803,111.5,111.49,111.5,111.45,88
2023-06-13 18:58:00,3915,111.4619,111.5,111.5,111.5,111.395,109
2023-06-13 18:59:00,1041,111.5199,111.51,111.53,111.53,111.5,50
2023-06-13 19:00:00,2049,111.5777,111.56,111.56,111.61,111.5575,78
2023-06-13 19:01:00,2253,111.5158,111.56,111.56,111.56,111.45,65
2023-06-13 19:02:00,1191,111.536,111.54,111.53,111.54,111.53,41
2023-06-13 19:03:00,1978,111.5741,111.55,111.575,111.62,111.55,59
2023-06-13 19:04:00,1773,111.6091,111.59,111.655,111.655,111.575,65
2023-06-13 19:05:00,1740,111.7109,111.675,111.7089,111.74,111.675,84
2023-06-13 19:06:00,3057,111.7042,111.715,111.75,111.76,111.7,93
2023-06-13 19:07:00,1255,111.7318,111.75,111.73,111.75,111.73,39
2023-06-13 19:08:00,2422,111.7683,111.73,111.77,111.79,111.73,82
2023-06-13 19:09:00,1972,111.7727,111.775,111.765,111.79,111.76,72
2023-06-13 19:10:00,14543,111.6306,111.75,111.59,111.75,111.55,341
2023-06-13 19:11:00,5785,111.6297,111.61,111.66,111.68,111.6,140
2023-06-13 19:12:00,1995,111.6719,111.6729,111.68,111.68,111.66,62
2023-06-13 19:13:00,3260,111.6806,111.64,111.6992,111.72,111.64,123
2023-06-13 19:14:00,2303,111.679,111.71,111.64,111.71,111.64,66
2023-06-13 19:15:00,3484,111.6272,111.655,111.595,111.655,111.58,85
2023-06-13 19:16:00,4110,111.6289,111.6,111.63,111.65,111.6,102
2023-06-13 19:17:00,2913,111.6594,111.63,111.665,111.69,111.62,121
2023-06-13 19:18:00,1071,111.6629,111.6525,111.662,111.662,111.65,36
2023-06-13 19:19:00,2891,111.645,111.665,111.67,111.68,111.61,90
2023-06-13 19:20:00,2281,111.6905,111.665,111.72,111.72,111.665,85
2023-06-13 19:21:00,2362,111.726,111.715,111.75,111.75,111.715,81
2023-06-13 19:22:00,2122,111.7645,111.76,111.82,111.82,111.76,78
2023-06-13 19:23:00,6311,111.8291,111.83,111.82,111.86,111.8,187
2023-06-13 19:24:00,4690,111.7804,111.81,111.75,111.81,111.725,136
2023-06-13 19:25:00,5049,111.7331,111.75,111.735,111.76,111.71,84
2023-06-13 19:26:00,13314,111.6747,111.7,111.66,111.72,111.635,176
2023-06-13 19:27:00,5026,111.6132,111.675,111.62,111.675,111.57,113
2023-06-13 19:28:00,2317,111.5732,111.63,111.49,111.63,111.49,76
2023-06-13 19:29:00,3067,111.4972,111.49,111.51,111.51,111.455,73
2023-06-13 19:30:00,3211,111.5082,111.54,111.46,111.56,111.46,95
2023-06-13 19:31:00,6760,111.473,111.5,111.44,111.515,111.415,163
2023-06-13 19:32:00,3454,111.4384,111.45,111.42,111.45,111.42,87
2023-06-13 19:33:00,2695,111.3707,111.405,111.35,111.405,111.35,72
2023-06-13 19:34:00,3050,111.3719,111.355,111.39,111.39,111.34,103
2023-06-13 19:35:00,6261,111.3699,111.37,111.42,111.44,111.33,171
2023-06-13 19:36:00,5816,111.4836,111.43,111.5,111.525,111.42,126
2023-06-13 19:37:00,7269,111.4845,111.5,111.48,111.5027,111.445,165
2023-06-13 19:38:00,6879,111.5004,111.48,111.51,111.51,111.47,140
2023-06-13 19:39:00,4846,111.5143,111.52,111.51,111.56,111.49,136
2023-06-13 19:40:00,7187,111.5525,111.53,111.57,111.58,111.52,136
2023-06-13 19:41:00,9209,111.525,111.57,111.51,111.57,111.48,185
2023-06-13 19:42:00,91826,111.4844,111.515,111.44,111.515,111.42,261
2023-06-13 19:43:00,20395,111.4479,111.44,111.39,111.49,111.39,192
2023-06-13 19:44:00,15558,111.3745,111.385,111.45,111.46,111.35,243
2023-06-13 19:45:00,7200,111.3925,111.44,111.38,111.44,111.35,184
2023-06-13 19:46:00,11004,111.4411,111.38,111.43,111.48,111.37,236
2023-06-13 19:47:00,5876,111.4173,111.45,111.42,111.455,111.385,163
2023-06-13 19:48:00,4246,111.3554,111.4,111.34,111.4,111.32,131
2023-06-13 19:49:00,5194,111.3507,111.35,111.36,111.36,111.32,136
2023-06-13 19:50:00,12970,111.3396,111.37,111.32,111.39,111.27,349
2023-06-13 19:51:00,131393,111.2339,111.31,111.26,111.315,111.2104,404
2023-06-13 19:52:00,13051,111.3138,111.27,111.43,111.43,111.26,307
2023-06-13 19:53:00,14090,111.4316,111.43,111.47,111.47,111.41,287
2023-06-13 19:54:00,17733,111.4338,111.46,111.5,111.505,111.42,388
2023-06-13 19:55:00,14353,111.5694,111.51,111.58,111.6,111.5,408
2023-06-13 19:56:00,28749,111.5226,111.59,111.46,111.6,111.46,620
2023-06-13 19:57:00,20578,111.3888,111.455,111.3,111.455,111.3,508
2023-06-13 19:58:00,28536,111.2778,111.29,111.28,111.3,111.25,644
2023-06-13 19:59:00,55260,111.2963,111.28,111.4,111.41,111.21,1141
2023-06-13 20:00:00,5402,111.39,111.39,111.39,111.39,111.39,34
2023-06-13 21:12:00,280,111.3294,111.3294,111.3294,111.3294,111.3294,1
2023-06-14 10:55:00,390,111.2797,111.2,111.2,111.2,111.2,22
2023-06-14 12:36:00,208,111.5232,111.5,111.5,111.5,111.5,5
2023-06-14 13:29:00,1394,110.4729,110.55,110.46,110.55,110.46,2
2023-06-14 13:30:00,23135,110.4427,110.42,110.615,110.68,110.41,200
2023-06-14 13:31:00,4833,110.6467,110.55,110.85,110.89,110.51,129
2023-06-14 13:32:00,1660,110.8381,110.91,110.83,110.91,110.8,52
2023-06-14 13:33:00,3577,110.8802,110.87,111.06,111.06,110.71,283
2023-06-14 13:34:00,1401,111.0743,111.125,111.15,111.15,110.93,37
2023-06-14 13:35:00,5815,111.1398,111.235,111.01,111.235,110.98,106
2023-06-14 13:36:00,53927,110.5364,110.72,110.425,110.72,110.36,153
2023-06-14 13:37:00,43000,110.5108,110.435,111.08,111.08,110.39,170
2023-06-14 13:38:00,3408,111.0201,111.19,111.0,111.19,110.89,73
2023-06-14 13:39:00,1745,111.0285,111.02,111.0415,111.09,111.0,34
2023-06-14 13:40:00,5426,111.4766,111.22,111.29,111.7,111.22,114
2023-06-14 13:41:00,2904,111.458,111.34,111.44,111.53,111.34,64
2023-06-14 13:42:00,1639,111.4295,111.36,111.57,111.57,111.36,43
2023-06-14 13:43:00,1623,111.5068,111.5675,111.39,111.5675,111.39,52
2023-06-14 13:44:00,925,111.5041,111.38,111.55,111.55,111.38,33
2023-06-14 13:45:00,1172,111.5928,111.61,111.64,111.64,111.51,44
2023-06-14 13:46:00,3279,111.6238,111.57,111.78,111.78,111.53,84
2023-06-14 13:47:00,1387,111.8162,111.9,111.77,111.9,111.77,36
2023-06-14 13:48:00,815,111.8657,111.86,111.87,111.87,111.86,44
2023-06-14 13:49:00,889,111.7963,111.8058,111.84,111.84,111.73,40
2023-06-14 13:51:00,2552,111.6423,111.74,111.56,111.74,111.56,90
2023-06-14 13:52:00,3021,111.5206,111.56,111.48,111.56,111.47,68
2023-06-14 13:53:00,648,111.4933,111.48,111.48,111.48,111.48,31
2023-06-14 13:54:00,718,111.3507,111.405,111.316,111.405,111.31,23
2023-06-14 13:55:00,1761,111.3236,111.26,111.3732,111.3732,111.26,47
2023-06-14 13:56:00,713,111.4387,111.39,111.45,111.45,111.39,36
2023-06-14 13:57:00,2556,111.4274,111.46,111.33,111.55,111.33,75
2023-06-14 13:58:00,895,111.2616,111.3,111.23,111.3,111.23,50
2023-06-14 13:59:00,765,111.2972,111.32,111.32,111.32,111.32,50
2023-06-14 14:00:00,1871,111.2589,111.31,111.21,111.31,111.21,74
2023-06-14 14:01:00,1650,111.2339,111.23,111.24,111.26,111.2275,66
2023-06-14 14:02:00,1266,111.1612,111.08,111.22,111.23,111.08,45
2023-06-14 14:03:00,2107,111.2477,111.21,111.26,111.26,111.21,65
2023-06-14 14:04:00,899,111.1723,111.17,111.1655,111.17,111.13,40
2023-06-14 14:05:00,2562,111.2736,111.21,111.34,111.34,111.21,98
2023-06-14 14:06:00,8574,111.3701,111.35,111.415,111.445,111.2737,146
2023-06-14 14:07:00,3151,111.4664,111.46,111.41,111.505,111.41,95
2023-06-14 14:08:00,1660,111.4101,111.3986,111.41,111.44,111.37,55
2023-06-14 14:09:00,709,111.471,111.42,111.53,111.53,111.42,33
2023-06-14 14:10:00,1072,111.4613,111.53,111.43,111.53,111.43,51
2023-06-14 14:11:00,1210,111.3933,111.3951,111.43,111.43,111.3951,39
2023-06-14 14:12:00,1472,111.3456,111.33,111.365,111.37,111.325,35
2023-06-14 14:13:00,1451,111.4258,111.43,111.43,111.43,111.43,33
2023-06-14 14:14:00,1097,111.3578,111.29,111.3,111.3,111.29,52
2023-06-14 14:15:00,2082,111.4634,111.43,111.485,111.51,111.4,62
2023-06-14 14:16:00,1505,111.5697,111.55,111.58,111.59,111.55,64
2023-06-14 14:17:00,1727,111.6858,111.63,111.71,111.71,111.63,57
2023-06-14 14:19:00,6528,111.5764,111.61,111.555,111.66,111.55,137
2023-06-14 14:20:00,2387,111.5258,111.53,111.47,111.58,111.47,71
2023-06-14 14:21:00,1869,111.5757,111.54,111.63,111.63,111.54,82
2023-06-14 14:22:00,1446,111.4834,111.53,111.49,111.56,111.41,47
2023-06-14 14:23:00,1673,111.4739,111.4899,111.4512,111.4899,111.44,44
2023-06-14 14:24:00,1755,111.4583,111.44,111.46,111.495,111.42,59
2023-06-14 14:25:00,921,111.3552,111.38,111.36,111.38,111.3025,40
2023-06-14 14:27:00,1252,111.3267,111.335,111.28,111.335,111.28,44
2023-06-14 14:28:00,1299,111.2679,111.31,111.215,111.31,111.215,55
2023-06-14 14:29:00,3356,111.2927,111.22,111.3003,111.3003,111.22,66
2023-06-14 14:30:00,1967,111.347,111.29,111.37,111.37,111.29,60
2023-06-14 14:31:00,1183,111.4502,111.44,111.44,111.46,111.44,53
2023-06-14 14:32:00,3138,111.4719,111.432,111.53,111.54,111.43,82
2023-06-14 14:33:00,2993,111.4735,111.4713,111.505,111.505,111.44,79
2023-06-14 14:34:00,973,111.5894,111.57,111.625,111.625,111.57,50
2023-06-14 14:35:00,3058,111.5593,111.59,111.485,111.59,111.485,68
2023-06-14 14:36:00,1541,111.4768,111.44,111.51,111.51,111.44,45
2023-06-14 14:37:00,1182,111.4653,111.48,111.43,111.48,111.43,64
2023-06-14 14:38:00,1480,111.5105,111.4175,111.52,111.54,111.4175,72
2023-06-14 14:39:00,341,111.5264,111.52,111.53,111.53,111.52,18
2023-06-14 14:40:00,4132,111.6098,111.5,111.625,111.68,111.5,117
2023-06-14 14:41:00,1019,111.6753,111.65,111.68,111.68,111.65,55
2023-06-14 14:42:00,1181,111.5752,111.62,111.575,111.62,111.575,60
2023-06-14 14:43:00,443,111.5481,111.55,111.54,111.55,111.54,30
2023-06-14 14:44:00,1150,111.5592,111.56,111.51,111.57,111.51,51
2023-06-14 14:45:00,1684,111.4999,111.5,111.43,111.5,111.43,57
2023-06-14 14:46:00,2166,111.4733,111.46,111.44,111.5,111.44,68
2023-06-14 14:47:00,556,111.4788,111.47,111.47,111.47,111.47,34
2023-06-14 14:48:00,1503,111.561,111.54,111.625,111.625,111.54,47
2023-06-14 14:49:00,1541,111.6719,111.68,111.66,111.6985,111.66,53
2023-06-14 14:50:00,1023,111.6853,111.66,111.68,111.72,111.66,43
2023-06-14 14:51:00,1112,111.6918,111.75,111.657,111.75,111.657,59
2023-06-14 14:52:00,2008,111.6705,111.65,111.67,111.7,111.62,76
2023-06-14 14:53:00,1116,111.6955,111.66,111.7,111.72,111.66,48
2023-06-14 14:54:00,719,111.6666,111.65,111.625,111.69,111.625,43
2023-06-14 14:55:00,1297,111.5737,111.63,111.53,111.63,111.53,66
2023-06-14 14:56:00,696,111.5622,111.48,111.55,111.55,111.48,42
2023-06-14 14:57:00,2522,111.5368,111.55,111.548,111.56,111.4995,67
2023-06-14 14:58:00,634,111.5713,111.57,111.57,111.57,111.57,44
2023-06-14 14:59:00,1060,111.642,111.64,111.63,111.65,111.63,76
2023-06-14 15:00:00,2208,111.528,111.59,111.5,111.59,111.49,75
2023-06-14 15:01:00,1898,111.4577,111.49,111.45,111.4914,111.43,42
2023-06-14 15:02:00,1007,111.4403,111.42,111.42,111.42,111.42,48
2023-06-14 15:03:00,880,111.5025,111.49,111.53,111.53,111.46,30
2023-06-14 15:04:00,426,111.4965,111.52,111.505,111.52,111.48,13
2023-06-14 15:05:00,2012,111.5209,111.52,111.5,111.5367,111.5,44
2023-06-14 15:06:00,1922,111.5645,111.53,111.6,111.6,111.53,82
2023-06-14 15:07:00,763,111.6522,111.63,111.63,111.675,111.63,48
2023-06-14 15:08:00,2132,111.6892,111.71,111.641,111.72,111.641,57
2023-06-14 15:09:00,919,111.6395,111.65,111.64,111.65,111.64,41
2023-06-14 15:10:00,1436,111.6124,111.66,111.6,111.66,111.59,50
2023-06-14 15:11:00,3657,111.6151,111.62,111.6194,111.66,111.56,67
2023-06-14 15:12:00,2209,111.5422,111.6,111.48,111.6,111.48,57
2023-06-14 15:13:00,866,111.4737,111.4784,111.4924,111.4924,111.43,19
2023-06-14 15:14:00,1906,111.4986,111.46,111.51,111.51,111.46,58
2023-06-14 15:15:00,1900,111.5867,111.54,111.62,111.62,111.54,60
2023-06-14 15:16:00,3731,111.5961,111.6,111.6,111.63,111.54,83
2023-06-14 15:17:00,1142,111.5852,111.59,111.59,111.59,111.57,34
2023-06-14 15:18:00,1517,111.6255,111.62,111.625,111.625,111.62,46
2023-06-14 15:19:00,1118,111.6335,111.65,111.62,111.66,111.62,50
2023-06-14 15:20:00,1126,111.6308,111.61,111.69,111.69,111.61,42
2023-06-14 15:21:00,2692,111.7748,111.71,111.74,111.83,111.71,90
2023-06-14 15:22:00,804,111.7609,111.76,111.77,111.77,111.755,37
2023-06-14 15:23:00,1153,111.8216,111.81,111.82,111.835,111.81,61
2023-06-14 15:24:00,591,111.8316,111.84,111.82,111.84,111.82,40
2023-06-14 15:25:00,4186,111.894,111.84,111.94,111.94,111.835,107
2023-06-14 15:26:00,13128,111.8601,111.935,111.86,111.935,111.84,127
2023-06-14 15:27:00,2852,111.8286,111.855,111.7618,111.92,111.7618,85
2023-06-14 15:28:00,1733,111.7761,111.76,111.79,111.79,111.74,50
2023-06-14 15:29:00,4393,111.8361,111.79,111.79,111.864,111.79,71
2023-06-14 15:30:00,2702,111.8285,111.81,111.84,111.8477,111.81,88
2023-06-14 15:31:00,4854,111.8044,111.85,111.79,111.8676,111.775,107
2023-06-14 15:32:00,13281,111.7955,111.77,111.8,111.81,111.735,109
2023-06-14 15:33:00,1667,111.7865,111.79,111.77,111.8,111.77,52
2023-06-14 15:34:00,1394,111.7785,111.79,111.78,111.79,111.76,49
2023-06-14 15:35:00,2280,111.8906,111.84,111.86,111.94,111.84,83
2023-06-14 15:36:00,2333,111.9215,111.9427,111.88,111.95,111.88,65
2023-06-14 15:37:00,13926,111.8991,111.87,111.89,111.94,111.87,105
2023-06-14 15:38:00,2944,111.9407,111.89,111.98,111.99,111.89,106
2023-06-14 15:39:00,1266,111.9954,111.97,112.01,112.01,111.97,48
2023-06-14 15:40:00,1700,112.024,112.01,112.07,112.07,112.0,71
2023-06-14 15:41:00,1909,112.0529,112.06,112.07,112.07,112.04,70
2023-06-14 15:42:00,1245,112.1451,112.11,112.145,112.17,112.11,56
2023-06-14 15:43:00,1977,112.1001,112.15,112.09,112.15,112.07,81
2023-06-14 15:44:00,2767,112.0478,112.095,112.0,112.095,112.0,67
2023-06-14 15:45:00,1150,111.9475,111.92,111.915,111.935,111.91,33
2023-06-14 15:46:00,3860,111.9311,111.97,111.88,111.98,111.88,56
2023-06-14 15:47:00,1633,111.908,111.855,111.95,111.95,111.855,48
2023-06-14 15:48:00,2463,111.9287,111.9344,111.93,111.96,111.91,76
2023-06-14 15:50:00,478,111.8823,111.85,111.88,111.88,111.85,24
2023-06-14 15:51:00,2782,111.836,111.8893,111.8,111.89,111.8,94
2023-06-14 15:52:00,1290,111.7618,111.765,111.773,111.773,111.75,38
2023-06-14 15:53:00,1113,111.7588,111.7375,111.73,111.7375,111.73,39
2023-06-14 15:54:00,1715,111.7813,111.77,111.8,111.82,111.76,61
2023-06-14 15:55:00,1476,111.6976,111.75,111.65,111.75,111.65,64
2023-06-14 15:56:00,1049,111.66,111.625,111.67,111.69,111.625,52
2023-06-14 15:57:00,990,111.6705,111.64,111.66,111.66,111.64,38
2023-06-14 15:58:00,598,111.6132,111.61,111.58,111.61,111.58,22
2023-06-14 15:59:00,2120,111.5355,111.57,111.55,111.57,111.5,58
2023-06-14 16:00:00,953,111.5621,111.585,111.55,111.585,111.55,21
2023-06-14 16:01:00,782,111.5443,111.535,111.525,111.5479,111.525,29
2023-06-14 16:02:00,1963,111.5941,111.5475,111.6421,111.6421,111.5475,47
2023-06-14 16:03:00,1258,111.6049,111.62,111.61,111.62,111.6,62
2023-06-14 16:04:00,1026,111.5199,111.55,111.5,111.55,111.5,49
2023-06-14 16:05:00,2602,111.4566,111.49,111.47,111.49,111.39,84
2023-06-14 16:06:00,345,111.4637,111.45,111.45,111.45,111.45,27
2023-06-14 16:07:00,2757,111.5193,111.49,111.5,111.54,111.49,72
2023-06-14 16:08:00,769,111.4727,111.48,111.46,111.48,111.46,39
2023-06-14 16:09:00,440,111.4955,111.49,111.5,111.5,111.49,25
2023-06-14 16:10:00,1140,111.5216,111.53,111.535,111.535,111.52,41
2023-06-14 16:11:00,3460,111.5518,111.52,111.63,111.63,111.51,77
2023-06-14 16:12:00,1864,111.6525,111.64,111.64,111.67,111.64,56
2023-06-14 16:13:00,3218,111.5873,111.6452,111.565,111.6452,111.55,62
2023-06-14 16:14:00,2555,111.532,111.57,111.55,111.57,111.515,70
2023-06-14 16:15:00,3513,111.4817,111.49,111.51,111.52,111.45,90
2023-06-14 16:16:00,887,111.5343,111.545,111.531,111.555,111.525,45
2023-06-14 16:17:00,2360,111.6116,111.6,111.62,111.642,111.5919,76
2023-06-14 16:18:00,1596,111.6695,111.629,111.655,111.68,111.629,59
2023-06-14 16:19:00,972,111.7768,111.8,111.77,111.8,111.76,48
2023-06-14 16:20:00,1377,111.7838,111.77,111.79,111.79,111.76,57
2023-06-14 16:21:00,1490,111.8167,111.801,111.83,111.83,111.801,58
2023-06-14 16:22:00,3997,111.8464,111.84,111.847,111.87,111.82,122
2023-06-14 16:23:00,2042,111.8276,111.875,111.78,111.875,111.78,80
2023-06-14 16:24:00,1256,111.7348,111.78,111.66,111.78,111.66,36
2023-06-14 16:25:00,985,111.5892,111.63,111.54,111.63,111.53,50
2023-06-14 16:26:00,1878,111.6205,111.6197,111.63,111.635,111.6197,60
2023-06-14 16:27:00,1175,111.5691,111.62,111.535,111.62,111.535,36
2023-06-14 16:28:00,2170,111.4669,111.54,111.44,111.54,111.41,62
2023-06-14 16:29:00,821,111.4496,111.425,111.4464,111.46,111.425,20
2023-06-14 16:30:00,1705,111.4628,111.455,111.47,111.48,111.43,28
2023-06-14 16:31:00,1365,111.4886,111.49,111.465,111.5,111.465,57
2023-06-14 16:32:00,1258,111.4771,111.4401,111.4862,111.49,111.4401,22
2023-06-14 16:33:00,1279,111.5047,111.495,111.52,111.52,111.495,38
2023-06-14 16:34:00,2234,111.5047,111.54,111.5133,111.54,111.46,48
2023-06-14 16:35:00,886,111.5434,111.505,111.55,111.56,111.505,66
2023-06-14 16:36:00,1261,111.5126,111.515,111.49,111.53,111.49,67
2023-06-14 16:37:00,348,111.4504,111.46,111.425,111.47,111.425,18
2023-06-14 16:38:00,656,111.4588,111.47,111.46,111.47,111.46,37
2023-06-14 16:39:00,940,111.4795,111.44,111.4891,111.5,111.44,38
2023-06-14 16:40:00,1290,111.4647,111.51,111.455,111.51,111.42,42
2023-06-14 16:41:00,1757,111.4018,111.46,111.39,111.46,111.38,67
2023-06-14 16:42:00,2218,111.3931,111.38,111.39,111.41,111.37,59
2023-06-14 16:43:00,375,111.3846,111.38,111.3875,111.3875,111.38,15
2023-06-14 16:44:00,2045,111.4201,111.41,111.3901,111.44,111.39,53
2023-06-14 16:45:00,1188,111.4012,111.4,111.41,111.4112,111.39,56
2023-06-14 16:46:00,1669,111.4419,111.42,111.455,111.46,111.42,50
2023-06-14 16:47:00,2567,111.4492,111.46,111.44,111.47,111.43,81
2023-06-14 16:48:00,579,111.4772,111.48,111.47,111.48,111.47,23
2023-06-14 16:49:00,1397,111.484,111.46,111.49,111.505,111.46,55
2023-06-14 16:50:00,2964,111.4231,111.45,111.42,111.45,111.4,64
2023-06-14 16:51:00,1558,111.4437,111.43,111.44,111.47,111.43,43
2023-06-14 16:52:00,695,111.4696,111.46,111.4805,111.4805,111.46,18
2023-06-14 16:53:00,2206,111.4083,111.46,111.38,111.46,111.375,78
2023-06-14 16:54:00,1507,111.3389,111.32,111.345,111.345,111.32,51
2023-06-14 16:55:00,1326,111.3657,111.35,111.3,111.38,111.3,51
2023-06-14 16:56:00,1455,111.2574,111.26,111.2497,111.26,111.2497,43
2023-06-14 16:57:00,2467,111.2388,111.255,111.19,111.27,111.19,79
2023-06-14 16:58:00,1750,111.2353,111.23,111.26,111.26,111.225,40
2023-06-14 16:59:00,610,111.2846,111.29,111.29,111.29,111.29,38
2023-06-14 17:00:00,2357,111.2773,111.29,111.28,111.29,111.25,76
2023-06-14 17:01:00,2063,111.24,111.27,111.24,111.27,111.23,61
2023-06-14 17:02:00,360,111.2533,111.2593,111.2593,111.2593,111.2593,28
2023-06-14 17:03:00,1931,111.3077,111.3,111.31,111.32,111.29,52
2023-06-14 17:04:00,1786,111.2544,111.28,111.23,111.28,111.22,48
2023-06-14 17:05:00,1535,111.1912,111.21,111.15,111.2199,111.15,45
2023-06-14 17:06:00,1249,111.176,111.18,111.16,111.18,111.16,48
2023-06-14 17:07:00,2454,111.1118,111.155,111.15,111.155,111.08,78
2023-06-14 17:08:00,509,111.1221,111.12,111.12,111.12,111.12,46
2023-06-14 17:10:00,2134,111.0943,111.06,111.11,111.12,111.05,73
2023-06-14 17:11:00,3489,111.0534,111.11,111.06,111.11,111.02,90
2023-06-14 17:12:00,3238,110.987,111.03,110.94,111.03,110.94,72
2023-06-14 17:13:00,2941,110.9576,110.94,111.0,111.0,110.9301,68
2023-06-14 17:14:00,1105,111.0005,111.01,110.98,111.02,110.98,27
2023-06-14 17:15:00,955,110.9456,110.98,110.89,110.98,110.89,45
2023-06-14 17:16:00,1229,110.8656,110.84,110.88,110.89,110.84,54
2023-06-14 17:17:00,991,110.8346,110.82,110.85,110.85,110.82,42
2023-06-14 17:19:00,439,110.8581,110.85,110.87,110.87,110.84,14
2023-06-14 17:20:00,2574,110.8379,110.855,110.83,110.87,110.82,74
2023-06-14 17:21:00,11304,110.7701,110.82,110.76,110.82,110.76,93
2023-06-14 17:22:00,1574,110.7321,110.74,110.75,110.75,110.7,46
2023-06-14 17:23:00,1727,110.7221,110.74,110.7,110.74,110.69,65
2023-06-14 17:24:00,1336,110.723,110.68,110.75,110.75,110.68,44
2023-06-14 17:25:00,2842,110.761,110.74,110.77,110.79,110.73,73
2023-06-14 17:26:00,1021,110.7816,110.76,110.78,110.78,110.76,39
2023-06-14 17:27:00,1304,110.7696,110.795,110.77,110.795,110.77,51
2023-06-14 17:28:00,767,110.7147,110.73,110.675,110.73,110.675,36
2023-06-14 17:29:00,1445,110.6823,110.67,110.69,110.73,110.67,81
2023-06-14 17:30:00,906,110.6814,110.665,110.65,110.71,110.65,36
2023-06-14 17:31:00,908,110.5855,110.6,110.56,110.6,110.56,30
2023-06-14 17:32:00,12883,110.6748,110.61,110.68,110.68,110.61,78
2023-06-14 17:33:00,2062,110.7567,110.7,110.81,110.83,110.695,70
2023-06-14 17:34:00,1037,110.8748,110.88,110.87,110.89,110.87,46
2023-06-14 17:35:00,1336,110.8546,110.84,110.89,110.89,110.84,34
2023-06-14 17:36:00,1175,110.8841,110.9,110.88,110.9,110.88,32
2023-06-14 17:37:00,1476,110.8399,110.86,110.82,110.86,110.82,55
2023-06-14 17:38:00,813,110.8089,110.78,110.82,110.82,110.78,32
2023-06-14 17:39:00,1062,110.8281,110.81,110.855,110.855,110.81,35
2023-06-14 17:40:00,630,110.851,110.88,110.87,110.88,110.87,27
2023-06-14 17:41:00,1474,110.8577,110.875,110.85,110.875,110.85,36
2023-06-14 17:42:00,1008,110.8839,110.86,110.92,110.92,110.86,33
2023-06-14 17:43:00,1468,110.954,110.92,110.975,110.98,110.92,53
2023-06-14 17:44:00,2957,110.9417,110.96,110.94,110.96,110.905,78
2023-06-14 17:45:00,610,110.9255,110.92,110.93,110.93,110.92,37
2023-06-14 17:46:00,890,110.9038,110.89,110.91,110.91,110.89,43
2023-06-14 17:47:00,508,110.8907,110.89,110.89,110.89,110.89,26
2023-06-14 17:48:00,926,110.8967,110.9,110.8811,110.91,110.8811,28
2023-06-14 17:49:00,1747,110.9519,110.92,110.98,110.99,110.92,59
2023-06-14 17:50:00,3620,111.0422,111.03,111.085,111.085,111.03,57
2023-06-14 17:51:00,2851,111.0466,111.08,110.97,111.085,110.97,91
2023-06-14 17:52:00,2724,111.0446,111.01,111.03,111.06,111.01,61
2023-06-14 17:53:00,870,111.0105,110.99,111.0399,111.0399,110.99,12
2023-06-14 17:54:00,1101,111.0466,111.02,111.08,111.08,111.02,38
2023-06-14 17:55:00,1488,111.0106,111.04,111.005,111.04,110.975,46
2023-06-14 17:56:00,506,111.0288,111.02,111.03,111.03,111.02,22
2023-06-14 17:57:00,888,111.0626,111.05,111.09,111.09,111.045,26
2023-06-14 17:58:00,1853,111.0686,111.09,111.11,111.11,111.02,79
2023-06-14 17:59:00,3254,111.1121,111.0806,111.12,111.215,111.08,85
2023-06-14 18:00:00,5609,110.761,110.98,110.67,110.98,110.64,141
2023-06-14 18:01:00,4214,110.5356,110.605,110.66,110.692,110.38,96
2023-06-14 18:02:00,4455,110.5524,110.71,110.555,110.83,110.48,72
2023-06-14 18:03:00,1729,110.3792,110.43,110.32,110.43,110.32,64
2023-06-14 18:04:00,5237,110.4063,110.35,110.42,110.48,110.31,105
2023-06-14 18:05:00,2397,110.2367,110.29,110.15,110.29,110.1,80
2023-06-14 18:06:00,5225,110.0091,110.125,109.89,110.125,109.89,145
2023-06-14 18:07:00,8471,109.6628,109.78,109.63,109.78,109.56,139
2023-06-14 18:08:00,11238,109.5957,109.57,109.78,109.78,109.51,158
2023-06-14 18:09:00,2424,109.9086,109.8,110.03,110.03,109.8,58
2023-06-14 18:10:00,2555,110.1104,110.04,110.36,110.36,110.04,55
2023-06-14 18:11:00,3229,110.2855,110.36,110.24,110.36,110.24,83
2023-06-14 18:12:00,2267,110.0694,110.18,110.07,110.18,110.01,73
2023-06-14 18:13:00,3320,110.1245,110.03,110.25,110.25,110.015,87
2023-06-14 18:14:00,1434,110.224,110.29,110.25,110.29,110.17,54
2023-06-14 18:15:00,2991,110.1823,110.235,110.24,110.24,110.175,62
2023-06-14 18:16:00,1766,110.0707,110.2,110.05,110.2,110.05,74
2023-06-14 18:17:00,1668,109.8785,109.9,109.8,109.94,109.8,76
2023-06-14 18:18:00,3164,109.6949,109.79,109.585,109.79,109.58,98
2023-06-14 18:19:00,3903,109.5873,109.538,109.66,109.66,109.51,106
2023-06-14 18:20:00,1659,109.681,109.65,109.72,109.72,109.65,55
2023-06-14 18:21:00,1796,109.8852,109.8,109.86,109.93,109.8,56
2023-06-14 18:22:00,8565,109.7856,109.81,109.68,109.82,109.68,170
2023-06-14 18:23:00,3043,109.7061,109.66,109.75,109.76,109.64,98
2023-06-14 18:24:00,1973,109.6513,109.67,109.68,109.68,109.6,73
2023-06-14 18:25:00,1975,109.5315,109.65,109.455,109.65,109.43,77
2023-06-14 18:26:00,1640,109.5694,109.5,109.62,109.62,109.5,53
2023-06-14 18:27:00,1736,109.767,109.77,109.77,109.81,109.73,67
2023-06-14 18:28:00,2469,109.723,109.745,109.73,109.78,109.67,76
2023-06-14 18:29:00,2201,109.7499,109.74,109.775,109.775,109.74,53
2023-06-14 18:30:00,2065,109.7818,109.73,109.815,109.84,109.72,92
2023-06-14 18:31:00,5025,109.696,109.815,109.68,109.815,109.63,153
2023-06-14 18:32:00,4003,109.6617,109.64,109.7,109.75,109.6,113
2023-06-14 18:33:00,3754,109.8286,109.66,109.92,109.92,109.66,119
2023-06-14 18:34:00,2216,109.721,109.84,109.68,109.84,109.665,75
2023-06-14 18:35:00,3271,109.6797,109.68,109.76,109.76,109.57,85
2023-06-14 18:36:00,2941,109.8573,109.78,109.93,109.94,109.78,85
2023-06-14 18:37:00,3205,109.9435,109.96,109.87,110.0,109.85,67
2023-06-14 18:38:00,3128,110.0108,109.91,110.08,110.145,109.91,93
2023-06-14 18:39:00,1652,109.9431,110.09,109.84,110.095,109.84,55
2023-06-14 18:40:00,3660,109.8535,109.8,109.98,109.98,109.8,96
2023-06-14 18:41:00,2925,110.0073,109.99,109.96,110.09,109.95,96
2023-06-14 18:42:00,1926,109.982,109.91,110.03,110.03,109.91,69
2023-06-14 18:43:00,1845,110.0187,109.93,110.16,110.16,109.93,69
2023-06-14 18:44:00,3587,110.3194,110.17,110.38,110.449,110.17,100
2023-06-14 18:45:00,1262,110.3262,110.3393,110.27,110.3393,110.27,52
2023-06-14 18:46:00,1136,110.1992,110.3099,110.12,110.3099,110.12,60
2023-06-14 18:47:00,3262,110.2278,110.23,110.18,110.26,110.18,91
2023-06-14 18:48:00,4130,110.3417,110.22,110.4,110.4,110.22,103
2023-06-14 18:49:00,2747,110.4581,110.4,110.5,110.5,110.4,75
2023-06-14 18:50:00,5975,110.5274,110.49,110.64,110.64,110.44,147
2023-06-14 18:51:00,5097,110.6579,110.58,110.585,110.719,110.58,109
2023-06-14 18:52:00,1599,110.4186,110.545,110.36,110.545,110.35,57
2023-06-14 18:53:00,4063,110.2227,110.2,110.24,110.255,110.16,97
2023-06-14 18:54:00,4220,110.2785,110.25,110.3015,110.31,110.25,108
2023-06-14 18:55:00,2416,110.2261,110.295,110.23,110.295,110.13,84
2023-06-14 18:56:00,2848,110.3297,110.26,110.37,110.39,110.26,101
2023-06-14 18:57:00,2000,110.429,110.39,110.425,110.44,110.39,63
2023-06-14 18:58:00,2273,110.3444,110.43,110.34,110.43,110.27,72
2023-06-14 18:59:00,2829,110.339,110.33,110.3,110.389,110.29,73
2023-06-14 19:00:00,2953,110.3982,110.305,110.49,110.49,110.305,79
2023-06-14 19:01:00,1288,110.474,110.49,110.43,110.5,110.43,52
2023-06-14 19:02:00,1124,110.4631,110.465,110.465,110.52,110.465,48
2023-06-14 19:03:00,3171,110.3345,110.44,110.315,110.44,110.27,113
2023-06-14 19:04:00,1976,110.384,110.32,110.5,110.5,110.32,70
2023-06-14 19:05:00,2625,110.5752,110.48,110.64,110.65,110.48,113
2023-06-14 19:06:00,2428,110.7204,110.64,110.84,110.84,110.64,111
2023-06-14 19:07:00,4703,110.8881,110.88,110.96,110.96,110.82,137
2023-06-14 19:08:00,2987,110.9683,110.975,110.95,111.0,110.92,98
2023-06-14 19:09:00,2025,111.0465,111.04,111.12,111.12,111.01,77
2023-06-14 19:10:00,3760,110.9522,111.1409,110.81,111.1409,110.81,150
2023-06-14 19:11:00,2356,110.8057,110.79,110.76,110.88,110.76,100
2023-06-14 19:12:00,1856,110.7302,110.75,110.67,110.76,110.66,73
2023-06-14 19:13:00,2241,110.5526,110.62,110.55,110.62,110.49,90
2023-06-14 19:14:00,2750,110.5377,110.56,110.54,110.6,110.54,94
2023-06-14 19:15:00,1763,110.1995,110.31,110.04,110.31,110.04,55
2023-06-14 19:16:00,7216,110.0698,109.965,110.21,110.21,109.89,164
2023-06-14 19:17:00,6624,110.2209,110.23,110.09,110.27,110.09,104
2023-06-14 19:18:00,3658,110.044,110.04,110.11,110.11,109.96,76
2023-06-14 19:19:00,2020,110.1651,110.18,110.17,110.2,110.16,73
2023-06-14 19:20:00,2374,110.1718,110.1,110.28,110.28,110.1,71
2023-06-14 19:21:00,2632,110.3849,110.34,110.45,110.45,110.34,97
2023-06-14 19:22:00,1972,110.4943,110.55,110.45,110.55,110.45,68
2023-06-14 19:23:00,2492,110.4417,110.35,110.51,110.51,110.35,75
2023-06-14 19:24:00,1624,110.5166,110.53,110.48,110.53,110.48,46
2023-06-14 19:25:00,2489,110.5654,110.52,110.63,110.63,110.52,78
2023-06-14 19:26:00,3377,110.6293,110.65,110.63,110.686,110.6,104
2023-06-14 19:27:00,1604,110.5821,110.63,110.59,110.63,110.59,64
2023-06-14 19:28:00,4041,110.462,110.55,110.46,110.55,110.385,110
2023-06-14 19:29:00,2038,110.4018,110.47,110.34,110.47,110.32,86
2023-06-14 19:30:00,7659,110.2284,110.28,110.155,110.29,110.155,133
2023-06-14 19:31:00,4006,110.2185,110.14,110.28,110.31,110.1,147
2023-06-14 19:32:00,1582,110.3122,110.29,110.34,110.35,110.29,61
2023-06-14 19:33:00,4361,110.3292,110.35,110.39,110.39,110.28,165
2023-06-14 19:34:00,3239,110.39,110.37,110.41,110.41,110.35,102
2023-06-14 19:35:00,4201,110.4119,110.39,110.41,110.46,110.38,151
2023-06-14 19:36:00,4137,110.363,110.41,110.37,110.41,110.3,109
2023-06-14 19:37:00,3813,110.3437,110.35,110.385,110.385,110.31,109
2023-06-14 19:38:00,3834,110.3745,110.4,110.33,110.4,110.33,119
2023-06-14 19:39:00,2657,110.2722,110.3,110.28,110.3,110.24,102
2023-06-14 19:40:00,2648,110.3555,110.33,110.4,110.4,110.33,167
2023-06-14 19:41:00,5558,110.3216,110.385,110.235,110.385,110.235,263
2023-06-14 19:42:00,3469,110.2442,110.26,110.21,110.27,110.21,112
2023-06-14 19:43:00,5870,110.1296,110.19,110.165,110.19,110.08,165
2023-06-14 19:44:00,3770,110.1582,110.19,110.125,110.2,110.12,112
2023-06-14 19:45:00,3854,110.1686,110.165,110.15,110.205,110.15,146
2023-06-14 19:46:00,6407,110.0426,110.12,110.03,110.14,109.95,167
2023-06-14 19:47:00,3653,110.0217,110.03,110.1,110.1,109.97,125
2023-06-14 19:48:00,6646,110.1063,110.13,110.05,110.14,110.05,197
2023-06-14 19:49:00,9197,110.0084,110.06,109.985,110.06,109.91,243
2023-06-14 19:50:00,12050,109.6594,109.97,109.58,109.97,109.54,339
2023-06-14 19:51:00,10321,109.6121,109.61,109.67,109.7,109.535,275
2023-06-14 19:52:00,10234,109.7585,109.665,109.79,109.84,109.65,257
2023-06-14 19:53:00,10503,109.7465,109.76,109.78,109.795,109.695,254
2023-06-14 19:54:00,30827,109.7436,109.785,109.77,109.84,109.6,654
2023-06-14 19:55:00,22579,109.9635,109.785,110.04,110.065,109.785,500
2023-06-14 19:56:00,18112,109.9981,110.035,110.03,110.06,109.945,437
2023-06-14 19:57:00,27426,110.0589,110.015,110.03,110.105,110.015,648
2023-06-14 19:58:00,34505,110.0267,110.03,110.045,110.06,109.98,687
2023-06-14 19:59:00,172111,110.2038,110.05,110.38,110.46,109.99,1980
2023-06-14 20:00:00,19497,110.36,110.36,110.36,110.36,110.36,38
2023-06-15 08:58:00,117,109.4914,109.49,109.49,109.49,109.49,3
2023-06-15 08:59:00,145,109.49,109.49,109.49,109.49,109.49,2
2023-06-15 13:27:00,290,109.0262,109.15,109.15,109.15,109.15,9
2023-06-15 13:29:00,503,108.8805,108.79,108.79,108.79,108.79,12
2023-06-15 13:30:00,19381,108.7786,108.72,109.07,109.07,108.61,169
2023-06-15 13:31:00,7214,109.0468,109.1,109.015,109.13,108.99,156
2023-06-15 13:32:00,7299,109.0331,109.04,109.01,109.12,108.8806,254
2023-06-15 13:33:00,1611,108.8679,108.88,109.04,109.04,108.67,63
2023-06-15 13:34:00,1063,109.0644,109.07,109.04,109.08,109.04,27
2023-06-15 13:35:00,2271,109.1501,109.18,109.25,109.25,109.13,64
2023-06-15 13:36:00,4585,109.3058,109.21,109.31,109.39,109.21,115
2023-06-15 13:37:00,1409,109.4665,109.37,109.519,109.5611,109.37,45
2023-06-15 13:38:00,1552,109.5986,109.54,109.7,109.7,109.54,54
2023-06-15 13:39:00,4754,109.8655,109.776,110.0,110.0,109.72,142
2023-06-15 13:40:00,4907,109.9524,110.0,109.88,110.0,109.86,130
2023-06-15 13:41:00,3834,109.9106,109.88,109.94,109.94,109.88,90
2023-06-15 13:42:00,2174,110.0294,110.07,110.005,110.07,110.005,45
2023-06-15 13:43:00,4697,109.9035,109.97,109.86,109.99,109.8,119
2023-06-15 13:44:00,1475,109.9496,109.93,109.99,109.99,109.93,48
2023-06-15 13:45:00,1839,109.9329,109.96,109.735,109.995,109.735,66
2023-06-15 13:46:00,1620,109.5925,109.625,109.53,109.625,109.53,79
2023-06-15 13:47:00,2913,109.4817,109.54,109.385,109.565,109.385,94
2023-06-15 13:48:00,3599,109.4826,109.45,109.47,109.54,109.44,131
2023-06-15 13:49:00,1748,109.368,109.41,109.42,109.42,109.41,85
2023-06-15 13:50:00,1554,109.7232,109.68,109.74,109.81,109.68,60
2023-06-15 13:51:00,2276,109.5999,109.74,109.53,109.74,109.5,82
2023-06-15 13:52:00,1732,109.5532,109.52,109.49,109.6,109.49,62
2023-06-15 13:53:00,1971,109.4975,109.5,109.5,109.52,109.46,77
2023-06-15 13:54:00,1606,109.4107,109.4191,109.41,109.46,109.41,68
2023-06-15 13:55:00,823,109.3152,109.305,109.345,109.345,109.305,47
2023-06-15 13:56:00,3221,109.2905,109.34,109.25,109.345,109.23,81
2023-06-15 13:57:00,2789,109.2536,109.21,109.24,109.3,109.21,70
2023-06-15 13:58:00,5997,108.967,109.19,108.91,109.19,108.87,162
2023-06-15 13:59:00,1527,108.8711,108.86,108.88,108.88,108.85,48
2023-06-15 14:00:00,5696,109.0259,108.94,109.005,109.195,108.89,140
2023-06-15 14:01:00,2007,109.1415,109.1,109.27,109.27,109.04,57
2023-06-15 14:02:00,1900,109.2247,109.22,109.24,109.27,109.21,72
2023-06-15 14:03:00,1869,109.165,109.21,109.15,109.21,109.15,76
2023-06-15 14:04:00,2519,109.1553,109.13,109.15,109.19,109.13,83
2023-06-15 14:05:00,2697,109.2266,109.29,109.19,109.31,109.125,111
2023-06-15 14:06:00,1667,109.2356,109.225,109.305,109.32,109.1079,72
2023-06-15 14:07:00,1352,109.3726,109.35,109.37,109.41,109.35,46
2023-06-15 14:08:00,1114,109.3749,109.35,109.425,109.425,109.35,55
2023-06-15 14:09:00,4823,109.4619,109.5,109.44,109.54,109.384,109
2023-06-15 14:10:00,1934,109.455,109.435,109.53,109.53,109.435,40
2023-06-15 14:11:00,2435,109.6324,109.64,109.6,109.65,109.6,90
2023-06-15 14:12:00,2928,109.6501,109.65,109.77,109.775,109.65,95
2023-06-15 14:13:00,3214,109.3986,109.495,109.36,109.5,109.36,84
2023-06-15 14:14:00,983,109.3605,109.4,109.29,109.4,109.29,35
2023-06-15 14:15:00,478,109.3115,109.305,109.315,109.315,109.305,14
2023-06-15 14:16:00,1522,109.2948,109.31,109.195,109.345,109.195,56
2023-06-15 14:17:00,1955,109.2378,109.25,109.21,109.28,109.21,87
2023-06-15 14:18:00,1388,109.21,109.23,109.21,109.23,109.21,112
2023-06-15 14:19:00,2014,109.1879,109.24,109.14,109.24,109.14,67
2023-06-15 14:20:00,531,109.2798,109.26,109.23,109.26,109.23,15
2023-06-15 14:21:00,1515,109.25,109.28,109.28,109.28,109.23,81
2023-06-15 14:22:00,3444,109.2118,109.31,109.2,109.34,109.1569,70
2023-06-15 14:23:00,2539,109.2089,109.195,109.2725,109.2725,109.15,66
2023-06-15 14:24:00,1157,109.2548,109.23,109.245,109.27,109.22,61
2023-06-15 14:25:00,1776,109.3138,109.29,109.34,109.34,109.29,66
2023-06-15 14:26:00,1818,109.4144,109.385,109.47,109.47,109.385,61
2023-06-15 14:27:00,2782,109.4821,109.46,109.58,109.59,109.42,74
2023-06-15 14:28:00,1001,109.6366,109.645,109.62,109.67,109.62,49
2023-06-15 14:29:00,1113,109.6701,109.6538,109.6701,109.6701,109.6538,30
2023-06-15 14:30:00,3808,109.7543,109.775,109.57,109.86,109.57,150
2023-06-15 14:31:00,1671,109.5382,109.5999,109.51,109.5999,109.51,70
2023-06-15 14:32:00,4934,109.3698,109.4,109.3301,109.445,109.3301,137
2023-06-15 14:33:00,1781,109.2697,109.285,109.27,109.315,109.25,72
2023-06-15 14:34:00,1381,109.261,109.24,109.33,109.33,109.17,56
2023-06-15 14:35:00,1618,109.3014,109.27,109.33,109.33,109.27,69
2023-06-15 14:36:00,1310,109.3021,109.28,109.24,109.325,109.24,43
2023-06-15 14:37:00,581,109.3696,109.39,109.39,109.39,109.39,25
2023-06-15 14:38:00,1401,109.4261,109.44,109.405,109.46,109.4,65
2023-06-15 14:39:00,2031,109.3475,109.39,109.3019,109.39,109.3019,86
2023-06-15 14:40:00,1467,109.42,109.29,109.435,109.4619,109.29,53
2023-06-15 14:41:00,1267,109.5102,109.495,109.52,109.52,109.4574,43
2023-06-15 14:42:00,1446,109.5835,109.59,109.67,109.67,109.55,34
2023-06-15 14:43:00,2233,109.6858,109.67,109.65,109.715,109.645,78
2023-06-15 14:44:00,1959,109.5839,109.65,109.515,109.65,109.515,56
2023-06-15 14:45:00,5601,109.5576,109.54,109.615,109.615,109.54,92
2023-06-15 14:46:00,1500,109.5933,109.59,109.58,109.59,109.58,56
2023-06-15 14:47:00,1077,109.7285,109.73,109.735,109.74,109.73,33
2023-06-15 14:48:00,2612,109.7496,109.71,109.84,109.84,109.71,103
2023-06-15 14:49:00,1151,109.6882,109.76,109.71,109.76,109.71,39
2023-06-15 14:50:00,1414,109.682,109.75,109.6692,109.75,109.62,66
2023-06-15 14:52:00,1126,109.6622,109.6,109.67,109.67,109.6,49
2023-06-15 14:53:00,1768,109.7052,109.72,109.665,109.74,109.665,69
2023-06-15 14:54:00,400,109.6796,109.67,109.67,109.67,109.67,24
2023-06-15 14:55:00,786,109.6993,109.7,109.675,109.7,109.675,28
2023-06-15 14:56:00,3302,109.6765,109.68,109.69,109.7129,109.645,85
2023-06-15 14:57:00,752,109.6937,109.665,109.71,109.73,109.665,36
2023-06-15 14:58:00,1123,109.6358,109.69,109.61,109.69,109.61,60
2023-06-15 14:59:00,853,109.5405,109.595,109.49,109.595,109.49,54
2023-06-15 15:00:00,1924,109.5208,109.52,109.49,109.56,109.49,78
2023-06-15 15:01:00,1687,109.518,109.55,109.5,109.55,109.475,64
2023-06-15 15:02:00,2364,109.492,109.44,109.556,109.556,109.43,100
2023-06-15 15:03:00,1663,109.5697,109.55,109.54,109.6,109.54,72
2023-06-15 15:04:00,2548,109.5391,109.56,109.56,109.57,109.51,91
2023-06-15 15:05:00,859,109.6209,109.64,109.59,109.64,109.59,46
2023-06-15 15:06:00,1430,109.5843,109.58,109.66,109.66,109.52,59
2023-06-15 15:07:00,5366,109.5457,109.645,109.47,109.645,109.47,109
2023-06-15 15:08:00,1473,109.4914,109.5095,109.49,109.52,109.48,44
2023-06-15 15:09:00,4876,109.4478,109.495,109.54,109.54,109.38,245
2023-06-15 15:10:00,4438,109.4939,109.5,109.45,109.55,109.44,128
2023-06-15 15:11:00,1447,109.4998,109.47,109.5,109.53,109.47,61
2023-06-15 15:12:00,1363,109.5285,109.525,109.58,109.58,109.5,65
2023-06-15 15:13:00,711,109.5576,109.585,109.55,109.585,109.55,31
2023-06-15 15:14:00,1831,109.558,109.53,109.59,109.59,109.52,53
2023-06-15 15:15:00,1318,109.6853,109.66,109.7,109.7,109.66,55
2023-06-15 15:16:00,835,109.6553,109.69,109.65,109.69,109.65,42
2023-06-15 15:17:00,1895,109.7324,109.675,109.73,109.76,109.675,73
2023-06-15 15:18:00,1775,109.733,109.72,109.8,109.8,109.68,58
2023-06-15 15:19:00,1662,109.7206,109.76,109.68,109.76,109.68,76
2023-06-15 15:20:00,814,109.6837,109.655,109.68,109.705,109.655,33
2023-06-15 15:21:00,727,109.7585,109.73,109.73,109.73,109.73,56
2023-06-15 15:22:00,1445,109.8501,109.8822,109.83,109.8822,109.83,59
2023-06-15 15:24:00,1480,109.8372,109.85,109.835,109.88,109.83,60
2023-06-15 15:25:00,665,109.8209,109.82,109.84,109.84,109.815,36
2023-06-15 15:26:00,1518,109.8254,109.82,109.8388,109.84,109.8119,41
2023-06-15 15:27:00,1801,109.8731,109.87,109.81,109.9,109.81,71
2023-06-15 15:28:00,888,109.8504,109.83,109.84,109.875,109.83,40
2023-06-15 15:29:00,1122,109.882,109.88,109.92,109.92,109.875,56
2023-06-15 15:30:00,1286,109.8829,109.91,109.88,109.91,109.88,37
2023-06-15 15:31:00,868,109.887,109.92,109.87,109.92,109.87,33
2023-06-15 15:32:00,1065,109.8735,109.87,109.9,109.9,109.87,48
2023-06-15 15:33:00,763,109.9155,109.9,109.95,109.95,109.9,49
2023-06-15 15:34:00,1370,109.9116,109.89,109.92,109.93,109.89,61
2023-06-15 15:35:00,1929,110.0199,109.98,110.07,110.08,109.98,62
2023-06-15 15:36:00,1059,110.0656,110.05,110.0104,110.05,110.0104,58
2023-06-15 15:37:00,1629,110.1313,110.13,110.1,110.1599,110.1,53
2023-06-15 15:38:00,779,110.1372,110.156,110.13,110.156,110.13,43
2023-06-15 15:39:00,860,110.0865,110.1188,110.07,110.1188,110.07,57
2023-06-15 15:40:00,1399,110.0861,110.07,110.14,110.14,110.06,61
2023-06-15 15:41:00,1438,110.1041,110.12,110.07,110.12,110.07,61
2023-06-15 15:42:00,1498,110.0203,109.99,110.045,110.045,109.99,72
2023-06-15 15:43:00,992,110.0348,110.04,110.025,110.04,110.02,35
2023-06-15 15:44:00,974,110.0486,110.07,110.02,110.07,110.02,47
2023-06-15 15:45:00,456,110.085,110.08,110.12,110.12,110.08,33
2023-06-15 15:46:00,1185,110.0808,110.1,110.07,110.1,110.02,50
2023-06-15 15:47:00,1895,109.9476,110.0,109.88,110.0,109.88,73
2023-06-15 15:48:00,2123,109.7502,109.82,109.77,109.82,109.7,81
2023-06-15 15:49:00,709,109.7701,109.77,109.76,109.77,109.74,27
2023-06-15 15:50:00,449,109.7123,109.71,109.71,109.71,109.71,33
2023-06-15 15:51:00,1949,109.7379,109.74,109.73,109.76,109.71,66
2023-06-15 15:52:00,528,109.7419,109.74,109.74,109.74,109.74,21
2023-06-15 15:53:00,1419,109.7541,109.695,109.7525,109.7588,109.695,58
2023-06-15 15:54:00,1667,109.7958,109.83,109.74,109.83,109.74,63
2023-06-15 15:55:00,1416,109.7889,109.75,109.83,109.83,109.75,42
2023-06-15 15:57:00,1567,109.7871,109.8,109.79,109.8,109.75,58
2023-06-15 15:58:00,1295,109.8411,109.84,109.85,109.85,109.835,51
2023-06-15 15:59:00,1111,109.889,109.87,109.9,109.91,109.87,51
2023-06-15 16:00:00,654,109.9761,109.96,109.99,109.99,109.96,38
2023-06-15 16:01:00,892,110.0266,110.01,110.01,110.01,110.01,42
2023-06-15 16:02:00,1227,109.9978,110.01,109.94,110.01,109.94,60
2023-06-15 16:03:00,1232,109.9479,109.97,109.9,109.97,109.9,57
2023-06-15 16:04:00,752,109.8926,109.87,109.915,109.915,109.85,26
2023-06-15 16:06:00,355,109.9571,109.94,109.94,109.94,109.94,25
2023-06-15 16:07:00,875,109.9402,109.96,109.96,109.96,109.96,54
2023-06-15 16:08:00,1044,109.9557,109.95,109.955,109.96,109.95,44
2023-06-15 16:09:00,863,109.9824,109.98,109.98,109.98,109.98,40
2023-06-15 16:10:00,2139,110.0089,110.01,109.98,110.02,109.98,72
2023-06-15 16:12:00,351,109.924,109.935,109.91,109.935,109.91,31
2023-06-15 16:13:00,2201,109.8696,109.88,109.845,109.89,109.845,76
2023-06-15 16:14:00,1394,109.8252,109.83,109.82,109.83,109.82,45
2023-06-15 16:15:00,1310,109.8579,109.835,109.86,109.87,109.83,31
2023-06-15 16:16:00,361,109.8622,109.87,109.87,109.87,109.87,24
2023-06-15 16:17:00,1128,109.8225,109.82,109.8,109.84,109.8,56
2023-06-15 16:19:00,1304,109.8087,109.825,109.82,109.825,109.7998,42
2023-06-15 16:20:00,1247,109.8686,109.85,109.92,109.92,109.85,57
2023-06-15 16:21:00,2020,109.8942,109.91,109.885,109.915,109.885,30
2023-06-15 16:22:00,554,109.9238,109.94,109.8901,109.94,109.8901,30
2023-06-15 16:23:00,757,109.9125,109.9,109.92,109.92,109.9,42
2023-06-15 16:24:00,1072,109.8791,109.92,109.88,109.92,109.88,48
2023-06-15 16:25:00,1339,109.8529,109.86,109.85,109.86,109.85,73
2023-06-15 16:26:00,2103,109.8816,109.88,109.885,109.89,109.87,37
2023-06-15 16:27:00,805,109.8122,109.805,109.8,109.805,109.8,48
2023-06-15 16:28:00,1251,109.7952,109.81,109.77,109.81,109.77,57
2023-06-15 16:29:00,883,109.8379,109.83,109.87,109.87,109.83,37
2023-06-15 16:30:00,2132,109.874,109.855,109.875,109.89,109.855,109
2023-06-15 16:31:00,1947,109.7946,109.86,109.78,109.86,109.76,69
2023-06-15 16:32:00,627,109.7874,109.78,109.8,109.8,109.78,25
2023-06-15 16:33:00,2005,109.7392,109.76,109.69,109.76,109.69,66
2023-06-15 16:34:00,376,109.6986,109.68,109.68,109.68,109.68,26
2023-06-15 16:35:00,1625,109.6974,109.73,109.66,109.73,109.66,116
2023-06-15 16:36:00,474,109.602,109.61,109.61,109.61,109.57,29
2023-06-15 16:37:00,2967,109.6773,109.66,109.71,109.71,109.64,83
2023-06-15 16:38:00,1168,109.7291,109.73,109.72,109.73,109.72,47
2023-06-15 16:39:00,1578,109.7605,109.76,109.78,109.7886,109.76,63
2023-06-15 16:40:00,380,109.7789,109.77,109.77,109.77,109.77,19
2023-06-15 16:41:00,421,109.7971,109.78,109.805,109.805,109.78,22
2023-06-15 16:42:00,2427,109.8252,109.83,109.8,109.865,109.8,93
2023-06-15 16:43:00,310,109.8325,109.84,109.82,109.84,109.82,21
2023-06-15 16:44:00,2038,109.8088,109.84,109.77,109.84,109.77,63
2023-06-15 16:45:00,2584,109.7077,109.76,109.675,109.76,109.67,82
2023-06-15 16:46:00,396,109.6315,109.66,109.66,109.66,109.66,24
2023-06-15 16:47:00,835,109.6098,109.595,109.6,109.6,109.595,38
2023-06-15 16:48:00,7124,109.6647,109.63,109.67,109.7,109.63,165
2023-06-15 16:49:00,1722,109.7087,109.67,109.73,109.73,109.67,77
2023-06-15 16:51:00,1916,109.7248,109.78,109.66,109.78,109.66,76
2023-06-15 16:52:00,848,109.6722,109.68,109.68,109.68,109.68,36
2023-06-15 16:53:00,906,109.698,109.69,109.7,109.7,109.69,37
2023-06-15 16:54:00,699,109.6817,109.68,109.68,109.68,109.68,36
2023-06-15 16:55:00,1017,109.6349,109.62,109.64,109.64,109.61,32
2023-06-15 16:56:00,624,109.6334,109.635,109.635,109.635,109.635,33
2023-06-15 16:57:00,703,109.6951,109.66,109.705,109.705,109.66,41
2023-06-15 16:58:00,553,109.6685,109.665,109.665,109.665,109.665,48
2023-06-15 16:59:00,1197,109.6816,109.7,109.68,109.7,109.68,53
2023-06-15 17:00:00,656,109.7052,109.72,109.69,109.72,109.69,30
2023-06-15 17:01:00,1836,109.671,109.7,109.655,109.7,109.655,90
2023-06-15 17:02:00,2494,109.6152,109.66,109.61,109.66,109.6,56
2023-06-15 17:03:00,1492,109.6143,109.61,109.615,109.63,109.58,44
2023-06-15 17:04:00,578,109.5864,109.59,109.59,109.59,109.58,32
2023-06-15 17:05:00,775,109.5154,109.545,109.4619,109.545,109.4619,56
2023-06-15 17:06:00,3874,109.4674,109.52,109.45,109.52,109.445,82
2023-06-15 17:07:00,2910,109.358,109.42,109.3,109.445,109.3,79
2023-06-15 17:08:00,1685,109.2847,109.3,109.28,109.3,109.25,52
2023-06-15 17:09:00,1418,109.2454,109.28,109.225,109.28,109.225,61
2023-06-15 17:10:00,2815,109.1628,109.205,109.13,109.205,109.13,79
2023-06-15 17:11:00,2738,109.1806,109.16,109.23,109.23,109.15,84
2023-06-15 17:12:00,837,109.2608,109.245,109.245,109.245,109.245,52
2023-06-15 17:13:00,884,109.232,109.23,109.215,109.23,109.215,41
2023-06-15 17:14:00,2900,109.2302,109.25,109.2,109.25,109.2,79
2023-06-15 17:15:00,1311,109.2001,109.18,109.22,109.24,109.18,53
2023-06-15 17:16:00,1247,109.2394,109.24,109.24,109.24,109.24,40
2023-06-15 17:17:00,4102,109.1812,109.23,109.14,109.23,109.14,39
2023-06-15 17:18:00,1675,109.1018,109.115,109.09,109.115,109.09,60
2023-06-15 17:19:00,860,109.1464,109.12,109.14,109.14,109.12,30
2023-06-15 17:20:00,891,109.1941,109.18,109.22,109.22,109.18,51
2023-06-15 17:21:00,850,109.3264,109.32,109.35,109.35,109.32,47
2023-06-15 17:22:00,2648,109.3591,109.35,109.4,109.4,109.35,65
2023-06-15 17:23:00,594,109.4151,109.4088,109.43,109.43,109.4088,35
2023-06-15 17:24:00,1109,109.4795,109.5,109.46,109.5,109.46,47
2023-06-15 17:25:00,1897,109.4552,109.43,109.52,109.52,109.425,67
2023-06-15 17:26:00,1148,109.4977,109.5,109.485,109.51,109.485,39
2023-06-15 17:27:00,1424,109.5243,109.54,109.52,109.54,109.52,51
2023-06-15 17:28:00,2253,109.6011,109.58,109.61,109.62,109.58,78
2023-06-15 17:29:00,1295,109.5874,109.6,109.5801,109.6,109.57,41
2023-06-15 17:30:00,2216,109.6427,109.62,109.67,109.7,109.62,58
2023-06-15 17:31:00,1909,109.6483,109.6755,109.63,109.6755,109.63,47
2023-06-15 17:33:00,1844,109.6508,109.65,109.67,109.67,109.65,62
2023-06-15 17:34:00,1101,109.6874,109.67,109.71,109.71,109.67,37
2023-06-15 17:35:00,1086,109.6988,109.69,109.72,109.72,109.69,51
2023-06-15 17:36:00,2185,109.7665,109.72,109.78,109.8,109.72,72
2023-06-15 17:37:00,1192,109.7307,109.77,109.72,109.77,109.72,41
2023-06-15 17:38:00,1060,109.6889,109.69,109.7,109.7,109.69,47
2023-06-15 17:39:00,2580,109.7486,109.71,109.77,109.77,109.71,73
2023-06-15 17:40:00,797,109.7896,109.8,109.8,109.8,109.8,42
2023-06-15 17:41:00,1165,109.7824,109.78,109.79,109.79,109.78,53
2023-06-15 17:42:00,649,109.8289,109.82,109.83,109.83,109.82,38
2023-06-15 17:43:00,1416,109.8964,109.92,109.93,109.93,109.88,61
2023-06-15 17:44:00,1049,109.9312,109.94,109.93,109.94,109.915,36
2023-06-15 17:45:00,2442,109.9888,109.97,110.04,110.04,109.96,79
2023-06-15 17:46:00,1445,110.0124,110.0,110.02,110.03,110.0,43
2023-06-15 17:47:00,2354,110.0158,110.02,110.025,110.025,110.01,75
2023-06-15 17:48:00,223,110.0431,110.04,110.04,110.04,110.04,21
2023-06-15 17:49:00,2322,110.061,110.07,110.08,110.08,110.05,90
2023-06-15 17:50:00,3119,110.0418,110.07,110.04,110.07,110.02,81
2023-06-15 17:51:00,1907,110.0772,110.1,110.03,110.11,110.03,58
2023-06-15 17:52:00,3049,110.064,110.06,110.06,110.11,110.04,68
2023-06-15 17:53:00,563,110.0739,110.05,110.1,110.1,110.05,28
2023-06-15 17:54:00,1049,110.1045,110.0979,110.1,110.13,110.0979,35
2023-06-15 17:55:00,1063,110.1221,110.09,110.09,110.09,110.09,67
2023-06-15 17:56:00,4390,110.0926,110.1,110.06,110.1,110.06,37
2023-06-15 17:57:00,791,110.05,110.04,110.055,110.055,110.04,42
2023-06-15 17:58:00,3537,110.0935,110.065,110.07,110.1025,110.065,45
2023-06-15 17:59:00,1353,110.0553,110.07,110.075,110.075,110.03,51
2023-06-15 18:00:00,3660,110.1004,110.11,110.08,110.115,110.07,69
2023-06-15 18:01:00,1811,110.08,110.085,110.06,110.11,110.06,78
2023-06-15 18:02:00,311,110.055,110.05,110.06,110.06,110.05,21
2023-06-15 18:03:00,1749,110.0312,110.0513,110.03,110.0513,110.01,58
2023-06-15 18:04:00,7428,110.0312,110.04,110.02,110.055,109.98,139
2023-06-15 18:05:00,5075,109.9928,109.9975,110.07,110.07,109.97,134
2023-06-15 18:06:00,440,110.0378,110.065,110.035,110.065,110.01,21
2023-06-15 18:07:00,1185,110.0295,110.045,110.02,110.045,110.02,47
2023-06-15 18:08:00,1773,109.9995,109.99,110.0,110.03,109.99,49
2023-06-15 18:10:00,604,109.9999,110.0,110.0,110.0,110.0,39
2023-06-15 18:11:00,758,109.9959,110.0,110.0,110.0,110.0,40
2023-06-15 18:12:00,2536,109.985,109.975,109.96,110.005,109.96,49
2023-06-15 18:13:00,1081,109.9279,109.94,109.9,109.94,109.9,49
2023-06-15 18:14:00,1932,109.8355,109.87,109.77,109.874,109.77,68
2023-06-15 18:15:00,1388,109.7526,109.75,109.745,109.785,109.745,35
2023-06-15 18:16:00,1287,109.7658,109.74,109.77,109.79,109.735,59
2023-06-15 18:18:00,2293,109.7947,109.76,109.83,109.83,109.75,90
2023-06-15 18:19:00,2112,109.7436,109.82,109.658,109.83,109.658,97
2023-06-15 18:20:00,1593,109.6081,109.62,109.58,109.62,109.56,63
2023-06-15 18:21:00,1583,109.6862,109.64,109.72,109.72,109.64,42
2023-06-15 18:22:00,455,109.7211,109.7,109.75,109.75,109.7,20
2023-06-15 18:24:00,1592,109.7773,109.765,109.79,109.81,109.76,62
2023-06-15 18:25:00,649,109.7766,109.78,109.78,109.78,109.78,29
2023-06-15 18:26:00,2142,109.7552,109.76,109.755,109.77,109.74,78
2023-06-15 18:27:00,1266,109.7504,109.7699,109.77,109.77,109.74,30
2023-06-15 18:28:00,1082,109.7978,109.78,109.8,109.8,109.78,42
2023-06-15 18:29:00,1084,109.8524,109.855,109.86,109.88,109.855,57
2023-06-15 18:30:00,378,109.902,109.9,109.93,109.93,109.9,30
2023-06-15 18:31:00,667,109.9119,109.95,109.89,109.95,109.89,35
2023-06-15 18:32:00,1581,109.9684,109.94,109.98,109.99,109.94,56
2023-06-15 18:33:00,980,109.9703,109.95,109.98,109.99,109.95,42
2023-06-15 18:34:00,927,109.9729,109.95,110.0,110.0,109.95,47
2023-06-15 18:35:00,1176,110.0558,110.03,110.07,110.07,110.03,41
2023-06-15 18:36:00,874,110.0828,110.085,110.09,110.09,110.085,50
2023-06-15 18:37:00,1365,110.1512,110.08,110.2,110.21,110.08,67
2023-06-15 18:38:00,739,110.1738,110.18,110.17,110.18,110.17,50
2023-06-15 18:39:00,1121,110.1678,110.17,110.18,110.19,110.16,48
2023-06-15 18:40:00,1743,110.2081,110.19,110.21,110.23,110.19,85
2023-06-15 18:41:00,1267,110.1642,110.21,110.16,110.21,110.145,48
2023-06-15 18:42:00,1423,110.1712,110.17,110.17,110.17,110.165,59
2023-06-15 18:43:00,3098,110.2273,110.225,110.25,110.25,110.19,83
2023-06-15 18:44:00,1453,110.2446,110.26,110.24,110.275,110.24,58
2023-06-15 18:45:00,740,110.227,110.2453,110.22,110.2453,110.22,42
2023-06-15 18:46:00,2299,110.1518,110.16,110.15,110.16,110.13,100
2023-06-15 18:47:00,1040,110.1545,110.16,110.14,110.16,110.14,32
2023-06-15 18:48:00,5694,110.1772,110.17,110.15,110.1801,110.15,36
2023-06-15 18:49:00,2718,110.1722,110.1353,110.16,110.2,110.1353,90
2023-06-15 18:50:00,2512,110.1936,110.18,110.21,110.21,110.18,71
2023-06-15 18:51:00,2473,110.2345,110.2,110.26,110.26,110.2,90
2023-06-15 18:52:00,1647,110.2608,110.25,110.22,110.31,110.22,87
2023-06-15 18:53:00,1126,110.2614,110.22,110.28,110.28,110.22,51
2023-06-15 18:54:00,1775,110.3246,110.31,110.34,110.34,110.31,54
2023-06-15 18:55:00,1241,110.4189,110.42,110.39,110.42,110.39,68
2023-06-15 18:56:00,1534,110.4353,110.4,110.44,110.44,110.4,48
2023-06-15 18:57:00,685,110.5118,110.5,110.555,110.555,110.5,33
2023-06-15 18:58:00,1381,110.6085,110.57,110.63,110.64,110.57,54
2023-06-15 18:59:00,1958,110.6384,110.7,110.59,110.7,110.59,84
2023-06-15 19:00:00,2122,110.6064,110.6,110.64,110.64,110.6,101
2023-06-15 19:01:00,7799,110.4808,110.52,110.44,110.52,110.43,120
2023-06-15 19:02:00,1930,110.406,110.43,110.39,110.43,110.38,58
2023-06-15 19:03:00,2448,110.4461,110.41,110.46,110.46,110.41,69
2023-06-15 19:04:00,2724,110.4295,110.51,110.38,110.51,110.38,86
2023-06-15 19:05:00,2798,110.3435,110.4,110.33,110.41,110.29,96
2023-06-15 19:06:00,812,110.3291,110.33,110.33,110.33,110.33,45
2023-06-15 19:07:00,2384,110.315,110.29,110.37,110.37,110.29,111
2023-06-15 19:08:00,1951,110.4589,110.46,110.47,110.49,110.455,75
2023-06-15 19:09:00,2934,110.4759,110.49,110.475,110.51,110.46,94
2023-06-15 19:10:00,2695,110.4392,110.44,110.45,110.45,110.4,135
2023-06-15 19:11:00,997,110.4509,110.44,110.469,110.469,110.44,51
2023-06-15 19:12:00,4111,110.4032,110.4417,110.415,110.47,110.35,141
2023-06-15 19:13:00,2085,110.4914,110.48,110.53,110.53,110.48,73
2023-06-15 19:14:00,1148,110.5435,110.53,110.53,110.55,110.53,59
2023-06-15 19:15:00,3853,110.5833,110.56,110.595,110.62,110.56,119
2023-06-15 19:16:00,6320,110.5713,110.6,110.535,110.6,110.515,108
2023-06-15 19:17:00,2487,110.4473,110.475,110.415,110.475,110.41,126
2023-06-15 19:18:00,4183,110.3944,110.41,110.41,110.42,110.34,120
2023-06-15 19:19:00,2098,110.3888,110.42,110.38,110.44,110.36,85
2023-06-15 19:20:00,1168,110.322,110.325,110.31,110.33,110.3,46
2023-06-15 19:21:00,2582,110.3787,110.33,110.42,110.42,110.33,64
2023-06-15 19:22:00,3116,110.4087,110.43,110.43,110.44,110.39,102
2023-06-15 19:23:00,2961,110.3912,110.47,110.34,110.47,110.34,111
2023-06-15 19:24:00,3787,110.3123,110.325,110.34,110.34,110.27,134
2023-06-15 19:25:00,1939,110.3248,110.32,110.31,110.335,110.31,63
2023-06-15 19:26:00,3290,110.3433,110.33,110.37,110.37,110.32,82
2023-06-15 19:27:00,2854,110.3549,110.39,110.36,110.39,110.35,79
2023-06-15 19:28:00,6501,110.4122,110.36,110.49,110.49,110.36,181
2023-06-15 19:29:00,3961,110.5086,110.48,110.54,110.55,110.47,153
2023-06-15 19:30:00,2418,110.5794,110.58,110.585,110.62,110.57,117
2023-06-15 19:31:00,3757,110.5864,110.58,110.615,110.615,110.555,142
2023-06-15 19:32:00,4568,110.6098,110.63,110.6,110.65,110.57,162
2023-06-15 19:33:00,2057,110.5597,110.59,110.535,110.59,110.535,90
2023-06-15 19:34:00,2959,110.5176,110.51,110.515,110.535,110.5,140
2023-06-15 19:35:00,5633,110.5146,110.49,110.55,110.55,110.48,154
2023-06-15 19:36:00,6520,110.4926,110.52,110.47,110.53,110.45,184
2023-06-15 19:37:00,5244,110.5158,110.49,110.56,110.56,110.49,138
2023-06-15 19:38:00,6134,110.5701,110.58,110.57,110.6,110.55,129
2023-06-15 19:39:00,3447,110.5683,110.56,110.57,110.59,110.55,106
2023-06-15 19:40:00,5627,110.6069,110.59,110.58,110.63,110.58,221
2023-06-15 19:41:00,2749,110.6351,110.6,110.7,110.7,110.6,91
2023-06-15 19:42:00,3774,110.6555,110.67,110.61,110.67,110.61,122
2023-06-15 19:43:00,5209,110.5995,110.64,110.57,110.64,110.55,165
2023-06-15 19:44:00,4264,110.5999,110.55,110.61,110.62,110.55,147
2023-06-15 19:45:00,7303,110.6388,110.61,110.65,110.67,110.59,208
2023-06-15 19:46:00,9110,110.5881,110.64,110.58,110.64,110.55,224
2023-06-15 19:47:00,3415,110.5415,110.58,110.51,110.58,110.51,141
2023-06-15 19:48:00,5482,110.5879,110.53,110.63,110.63,110.53,145
2023-06-15 19:49:00,4295,110.6511,110.67,110.68,110.68,110.62,108
2023-06-15 19:50:00,13447,110.8125,110.7,110.77,110.85,110.7,296
2023-06-15 19:51:00,9503,110.6818,110.76,110.71,110.76,110.63,265
2023-06-15 19:52:00,8815,110.6981,110.71,110.705,110.72,110.67,283
2023-06-15 19:53:00,8747,110.6376,110.69,110.6,110.69,110.59,300
2023-06-15 19:54:00,14446,110.5141,110.61,110.45,110.61,110.43,423
2023-06-15 19:55:00,29801,110.2597,110.44,110.21,110.44,110.18,639
2023-06-15 19:56:00,13547,110.2002,110.22,110.24,110.25,110.14,387
2023-06-15 19:57:00,14451,110.1873,110.23,110.23,110.23,110.15,465
2023-06-15 19:58:00,21561,110.1598,110.22,110.13,110.225,110.13,547
2023-06-15 19:59:00,64050,110.0845,110.13,110.09,110.16,110.02,938
2023-06-15 20:00:00,66496,110.09,110.09,110.09,110.09,110.09,29
2023-06-15 21:14:00,100,110.08,110.08,110.08,110.08,110.08,1
2023-06-16 13:29:00,4594,111.05,111.05,111.05,111.05,111.05,1
2023-06-16 13:30:00,137670,111.2446,111.25,110.96,111.25,110.89,150
2023-06-16 13:31:00,4323,111.0694,110.82,111.22,111.31,110.81,132
2023-06-16 13:32:00,8866,110.9342,111.15,111.02,111.15,110.805,210
2023-06-16 13:33:00,2402,110.8424,110.86,110.905,110.94,110.725,63
2023-06-16 13:34:00,4846,110.9253,110.96,110.82,111.06,110.79,126
2023-06-16 13:35:00,5659,110.6397,110.68,110.65,110.7105,110.5,153
2023-06-16 13:36:00,3566,110.536,110.69,110.288,110.765,110.288,122
2023-06-16 13:37:00,2737,110.1764,110.16,110.195,110.23,110.1,68
2023-06-16 13:38:00,1612,110.444,110.19,110.55,110.55,110.19,61
2023-06-16 13:39:00,1795,110.4238,110.48,110.335,110.49,110.335,71
2023-06-16 13:40:00,2045,110.453,110.44,110.39,110.5,110.39,78
2023-06-16 13:41:00,2624,110.6807,110.665,110.7,110.7,110.62,93
2023-06-16 13:42:00,1075,110.6261,110.71,110.58,110.71,110.58,48
2023-06-16 13:43:00,2212,110.1756,110.39,110.115,110.39,110.1,78
2023-06-16 13:44:00,1143,110.2679,110.155,110.31,110.36,110.155,35
2023-06-16 13:45:00,2003,110.1056,110.23,110.09,110.23,110.05,64
2023-06-16 13:46:00,2824,110.1249,110.2,110.1315,110.2,110.07,53
2023-06-16 13:47:00,3137,110.1436,110.14,110.16,110.2299,110.07,80
2023-06-16 13:48:00,1527,110.3911,110.235,110.39,110.39,110.235,86
2023-06-16 13:49:00,4587,110.5545,110.485,110.52,110.62,110.44,120
2023-06-16 13:50:00,2759,110.5374,110.58,110.525,110.58,110.48,57
2023-06-16 13:51:00,2006,110.7794,110.67,110.85,110.85,110.67,83
2023-06-16 13:52:00,2256,110.8553,110.85,110.93,110.93,110.77,74
2023-06-16 13:53:00,1308,110.7355,110.71,110.76,110.76,110.71,74
2023-06-16 13:54:00,1247,110.7309,110.7,110.715,110.76,110.7,42
2023-06-16 13:55:00,5230,110.7534,110.75,110.745,110.86,110.745,96
2023-06-16 13:56:00,1107,110.7904,110.74,110.76,110.88,110.74,42
2023-06-16 13:57:00,1568,110.6165,110.68,110.58,110.68,110.58,69
2023-06-16 13:58:00,2108,110.5352,110.51,110.49,110.6,110.49,56
2023-06-16 13:59:00,1710,110.5114,110.495,110.53,110.53,110.48,66
2023-06-16 14:00:00,5024,110.8144,110.59,110.84,110.925,110.54,136
2023-06-16 14:01:00,2677,110.7396,110.8,110.69,110.82,110.65,72
2023-06-16 14:02:00,5247,110.8245,110.8,110.8125,110.9096,110.7401,105
2023-06-16 14:03:00,2046,110.8638,110.82,110.83,110.91,110.82,66
2023-06-16 14:04:00,1649,110.9149,110.89,110.94,110.94,110.865,62
2023-06-16 14:05:00,3093,111.0285,110.99,111.07,111.07,110.99,105
2023-06-16 14:06:00,3838,110.9651,111.0758,110.89,111.1,110.85,121
2023-06-16 14:07:00,2900,110.9348,110.87,110.94,111.0,110.86,84
2023-06-16 14:08:00,3361,110.9987,110.925,111.0,111.07,110.925,73
2023-06-16 14:09:00,2729,111.106,111.015,111.13,111.18,111.015,72
2023-06-16 14:10:00,4309,111.172,111.15,111.2,111.2,111.12,101
2023-06-16 14:11:00,4066,111.3104,111.22,111.36,111.3678,111.22,101
2023-06-16 14:12:00,3044,111.3233,111.41,111.26,111.43,111.21,97
2023-06-16 14:13:00,1634,111.0697,111.07,111.01,111.1,111.01,64
2023-06-16 14:14:00,2347,110.9562,111.04,110.9,111.04,110.9,103
2023-06-16 14:15:00,3706,110.8281,110.875,110.85,110.875,110.76,109
2023-06-16 14:16:00,2289,110.9377,110.86,111.01,111.06,110.86,69
2023-06-16 14:17:00,2139,110.9485,111.0225,110.95,111.025,110.88,63
2023-06-16 14:18:00,3087,110.9648,110.93,110.92,111.0,110.92,87
2023-06-16 14:19:00,2481,110.8831,110.935,110.85,110.935,110.85,66
2023-06-16 14:20:00,4168,110.7853,110.735,110.8,110.82,110.735,78
2023-06-16 14:21:00,4485,110.899,110.83,110.93,110.95,110.83,98
2023-06-16 14:22:00,3901,110.9555,110.97,110.98,111.0,110.925,99
2023-06-16 14:23:00,1436,111.0333,110.995,111.09,111.09,110.995,39
2023-06-16 14:24:00,2914,111.0473,111.095,111.0,111.1,111.0,82
2023-06-16 14:25:00,2703,111.0144,111.06,110.93,111.06,110.93,76
2023-06-16 14:26:00,2133,111.0087,110.955,111.01,111.07,110.955,60
2023-06-16 14:27:00,1001,110.9638,110.955,110.97,111.0,110.955,33
2023-06-16 14:28:00,2983,110.9745,110.95,110.95,111.02,110.92,79
2023-06-16 14:29:00,2581,111.0786,111.01,111.13,111.13,111.01,94
2023-06-16 14:30:00,3052,111.0543,111.1,111.045,111.1,110.98,68
2023-06-16 14:31:00,4027,111.1047,111.044,111.14,111.16,111.044,106
2023-06-16 14:32:00,2350,111.036,111.125,111.08,111.125,111.0,60
2023-06-16 14:33:00,2028,111.1043,111.07,111.14,111.14,111.07,46
2023-06-16 14:34:00,2953,111.1996,111.13,111.26,111.26,111.1,94
2023-06-16 14:35:00,2366,111.2685,111.28,111.32,111.32,111.24,66
2023-06-16 14:36:00,3137,111.273,111.3,111.21,111.345,111.15,107
2023-06-16 14:37:00,6506,111.1699,111.195,111.22,111.22,111.13,97
2023-06-16 14:38:00,3774,111.2954,111.275,111.23,111.355,111.23,110
2023-06-16 14:39:00,3841,111.1472,111.23,111.16,111.23,111.13,96
2023-06-16 14:40:00,2957,111.1072,111.13,111.04,111.165,111.0,80
2023-06-16 14:41:00,2891,110.9658,111.035,110.89,111.035,110.89,58
2023-06-16 14:42:00,2523,110.9581,110.92,110.88,110.99,110.88,78
2023-06-16 14:43:00,1803,110.8944,110.8508,110.91,110.93,110.8508,27
2023-06-16 14:44:00,2443,110.8776,110.9,110.84,110.915,110.84,69
2023-06-16 14:45:00,2082,110.7524,110.77,110.79,110.8125,110.72,71
2023-06-16 14:46:00,1024,110.7185,110.7,110.725,110.725,110.7,47
2023-06-16 14:47:00,4145,110.6877,110.69,110.72,110.72,110.64,110
2023-06-16 14:48:00,12213,110.7805,110.73,110.85,110.92,110.71,232
2023-06-16 14:49:00,2706,110.8362,110.87,110.78,110.875,110.78,75
2023-06-16 14:50:00,4334,110.7995,110.77,110.93,110.93,110.74,124
2023-06-16 14:51:00,3652,110.9712,110.975,110.96,110.99,110.945,108
2023-06-16 14:52:00,4008,110.9838,110.96,111.005,111.025,110.96,113
2023-06-16 14:53:00,3108,111.0482,111.045,110.985,111.0899,110.985,83
2023-06-16 14:54:00,1765,110.9994,110.99,111.02,111.04,110.965,66
2023-06-16 14:55:00,3695,111.1099,111.07,111.13,111.15,111.07,101
2023-06-16 14:56:00,2319,111.1864,111.17,111.18,111.2,111.16,86
2023-06-16 14:57:00,1933,111.2096,111.19,111.22,111.23,111.17,83
2023-06-16 14:58:00,5446,111.2302,111.215,111.19,111.27,111.19,116
2023-06-16 14:59:00,2533,111.1456,111.18,111.12,111.18,111.08,90
2023-06-16 15:00:00,9176,111.0411,111.125,110.97,111.125,110.96,211
2023-06-16 15:01:00,5826,111.0702,110.97,111.12,111.16,110.955,118
2023-06-16 15:02:00,1974,111.0726,111.11,111.075,111.11,111.05,67
2023-06-16 15:03:00,2224,111.1558,111.05,111.21,111.25,111.05,115
2023-06-16 15:04:00,2046,111.1134,111.17,111.11,111.17,111.09,66
2023-06-16 15:05:00,1290,111.1376,111.135,111.13,111.15,111.11,59
2023-06-16 15:06:00,5437,111.1704,111.16,111.16,111.21,111.13,154
2023-06-16 15:07:00,2017,111.1979,111.14,111.26,111.26,111.125,67
2023-06-16 15:08:00,2250,111.3901,111.31,111.41,111.42,111.31,84
2023-06-16 15:09:00,929,111.4053,111.4,111.42,111.42,111.39,45
2023-06-16 15:10:00,3183,111.4112,111.42,111.42,111.44,111.38,99
2023-06-16 15:11:00,1554,111.4083,111.415,111.4125,111.43,111.4,59
2023-06-16 15:12:00,2752,111.4544,111.43,111.42,111.4955,111.42,75
2023-06-16 15:13:00,4201,111.4331,111.44,111.37,111.465,111.37,114
2023-06-16 15:14:00,2104,111.3977,111.37,111.42,111.42,111.37,66
2023-06-16 15:15:00,6835,111.3108,111.4,111.28,111.4,111.25,139
2023-06-16 15:16:00,2212,111.2685,111.28,111.27,111.28,111.25,82
2023-06-16 15:17:00,1096,111.2735,111.28,111.22,111.28,111.22,43
2023-06-16 15:18:00,3071,111.1867,111.21,111.2,111.24,111.13,94
2023-06-16 15:19:00,2673,111.0901,111.18,110.99,111.18,110.99,73
2023-06-16 15:20:00,2087,111.0023,110.96,111.095,111.095,110.925,96
2023-06-16 15:21:00,1525,111.0226,111.0101,111.03,111.04,111.01,47
2023-06-16 15:22:00,2838,110.9918,111.07,110.91,111.08,110.91,84
2023-06-16 15:23:00,2540,110.8648,110.8799,110.86,110.885,110.84,104
2023-06-16 15:24:00,2318,110.875,110.87,110.9,110.9,110.85,71
2023-06-16 15:25:00,2008,110.9995,110.95,110.99,111.04,110.95,59
2023-06-16 15:26:00,2093,110.9314,110.97,110.88,110.98,110.88,57
2023-06-16 15:27:00,5006,110.7581,110.865,110.72,110.865,110.7,140
2023-06-16 15:28:00,1864,110.7699,110.7,110.81,110.83,110.7,78
2023-06-16 15:29:00,3053,110.7732,110.78,110.795,110.795,110.74,81
2023-06-16 15:30:00,2991,110.9159,110.81,110.935,110.96,110.802,100
2023-06-16 15:31:00,2163,110.9803,110.95,111.025,111.03,110.9387,71
2023-06-16 15:32:00,2782,111.0501,110.99,111.08,111.11,110.98,85
2023-06-16 15:33:00,2318,111.0247,111.065,110.99,111.08,110.98,62
2023-06-16 15:34:00,1354,110.9913,111.02,110.98,111.02,110.98,65
2023-06-16 15:35:00,3084,110.887,110.93,110.93,110.93,110.86,117
2023-06-16 15:36:00,2036,110.8999,110.97,110.8881,110.97,110.88,101
2023-06-16 15:37:00,2506,110.7381,110.78,110.7,110.78,110.7,78
2023-06-16 15:38:00,1797,110.7395,110.74,110.69,110.74,110.69,76
2023-06-16 15:39:00,3528,110.6795,110.71,110.66,110.72,110.65,102
2023-06-16 15:40:00,2055,110.7524,110.7,110.755,110.79,110.7,106
2023-06-16 15:41:00,1508,110.7289,110.72,110.72,110.72,110.72,79
2023-06-16 15:42:00,2622,110.7721,110.72,110.79,110.8125,110.72,90
2023-06-16 15:43:00,1432,110.8337,110.815,110.885,110.885,110.815,66
2023-06-16 15:44:00,1835,110.8665,110.86,110.91,110.91,110.85,90
2023-06-16 15:45:00,1766,110.9242,110.8705,110.98,110.98,110.8705,57
2023-06-16 15:46:00,2972,110.8995,110.97,110.89,110.97,110.86,85
2023-06-16 15:47:00,1784,110.835,110.88,110.84,110.88,110.79,56
2023-06-16 15:48:00,1211,110.7991,110.84,110.685,110.84,110.685,50
2023-06-16 15:49:00,2031,110.733,110.69,110.71,110.72,110.69,76
2023-06-16 15:50:00,2443,110.7038,110.74,110.71,110.74,110.68,79
2023-06-16 15:51:00,1215,110.7344,110.69,110.78,110.78,110.67,43
2023-06-16 15:52:00,1288,110.8061,110.79,110.8,110.82,110.785,36
2023-06-16 15:53:00,3175,110.874,110.81,110.89,110.89,110.81,94
2023-06-16 15:54:00,1843,111.0178,110.955,111.07,111.07,110.955,58
2023-06-16 15:55:00,4268,111.0625,111.065,111.1,111.1,111.04,149
2023-06-16 15:56:00,1527,111.0934,111.1,111.09,111.1,111.08,46
2023-06-16 15:57:00,2619,111.0714,111.08,111.11,111.11,111.04,83
2023-06-16 15:58:00,2515,111.085,111.12,111.07,111.12,111.065,67
2023-06-16 15:59:00,3736,111.1397,111.1,111.17,111.19,111.1,117
2023-06-16 16:00:00,3421,111.1199,111.15,111.03,111.17,111.03,91
2023-06-16 16:01:00,1551,111.0734,111.075,111.05,111.075,111.05,55
2023-06-16 16:02:00,1735,111.0353,111.04,111.06,111.06,111.015,81
2023-06-16 16:03:00,2250,111.1291,111.07,111.145,111.17,111.07,59
2023-06-16 16:04:00,4371,111.1436,111.12,111.15,111.21,111.0975,83
2023-06-16 16:05:00,1921,111.1605,111.16,111.19,111.19,111.155,59
2023-06-16 16:06:00,3109,111.1701,111.2,111.15,111.2,111.15,64
2023-06-16 16:07:00,3999,111.0753,111.13,111.08,111.13,111.05,135
2023-06-16 16:08:00,2864,111.0566,111.06,111.06,111.07,111.005,69
2023-06-16 16:09:00,7677,111.0741,111.075,111.05,111.09,111.05,62
2023-06-16 16:10:00,1518,111.083,111.08,111.07,111.08,111.07,61
2023-06-16 16:11:00,2003,111.0542,111.08,111.035,111.09,111.03,77
2023-06-16 16:12:00,2616,111.0361,111.02,111.05,111.06,111.02,78
2023-06-16 16:13:00,1498,111.0692,111.06,111.06,111.09,111.06,53
2023-06-16 16:14:00,2114,110.9985,111.03,110.97,111.04,110.96,82
2023-06-16 16:15:00,2027,110.9401,110.9375,110.97,110.97,110.91,85
2023-06-16 16:16:00,1650,111.0352,111.0,111.03,111.06,111.0,68
2023-06-16 16:17:00,1062,111.0603,111.04,111.065,111.075,111.04,44
2023-06-16 16:18:00,1574,111.0926,111.105,111.105,111.105,111.105,87
2023-06-16 16:19:00,1857,111.1683,111.12,111.165,111.195,111.12,68
2023-06-16 16:20:00,1391,111.2044,111.21,111.225,111.225,111.21,61
2023-06-16 16:21:00,8619,111.1935,111.23,111.24,111.24,111.15,107
2023-06-16 16:22:00,1590,111.264,111.27,111.28,111.28,111.24,64
2023-06-16 16:23:00,1290,111.2784,111.29,111.28,111.29,111.28,55
2023-06-16 16:24:00,2248,111.2665,111.22,111.3262,111.3262,111.215,71
2023-06-16 16:25:00,2539,111.336,111.32,111.34,111.35,111.29,95
2023-06-16 16:26:00,791,111.3504,111.37,111.375,111.375,111.355,32
2023-06-16 16:27:00,1303,111.3967,111.39,111.41,111.41,111.38,46
2023-06-16 16:28:00,3015,111.4353,111.42,111.42,111.48,111.41,138
2023-06-16 16:29:00,1999,111.422,111.4,111.44,111.455,111.4,85
2023-06-16 16:30:00,1599,111.4559,111.44,111.49,111.49,111.42,70
2023-06-16 16:31:00,2673,111.5252,111.51,111.53,111.535,111.5,102
2023-06-16 16:32:00,2368,111.5927,111.56,111.62,111.62,111.56,93
2023-06-16 16:33:00,2653,111.5686,111.58,111.58,111.58,111.55,84
2023-06-16 16:34:00,2269,111.6456,111.6629,111.67,111.67,111.63,73
2023-06-16 16:35:00,3163,111.6389,111.6411,111.65,111.67,111.61,80
2023-06-16 16:36:00,5137,111.6002,111.64,111.58,111.645,111.565,95
2023-06-16 16:37:00,2005,111.5623,111.5785,111.54,111.5785,111.54,58
2023-06-16 16:38:00,2539,111.5499,111.52,111.53,111.57,111.52,85
2023-06-16 16:39:00,1856,111.5752,111.545,111.59,111.59,111.545,62
2023-06-16 16:40:00,2011,111.5672,111.58,111.545,111.58,111.545,57
2023-06-16 16:41:00,3280,111.5305,111.53,111.55,111.55,111.505,126
2023-06-16 16:42:00,1168,111.5599,111.55,111.54,111.57,111.54,52
2023-06-16 16:43:00,1826,111.5342,111.53,111.52,111.535,111.51,46
2023-06-16 16:44:00,18221,111.5012,111.515,111.47,111.55,111.46,151
2023-06-16 16:45:00,3228,111.4748,111.44,111.5,111.51,111.44,88
2023-06-16 16:46:00,1100,111.5141,111.495,111.54,111.54,111.495,55
2023-06-16 16:47:00,1509,111.5689,111.54,111.555,111.595,111.54,80
2023-06-16 16:48:00,906,111.5692,111.57,111.57,111.57,111.57,49
2023-06-16 16:49:00,2200,111.5687,111.57,111.57,111.57,111.525,99
2023-06-16 16:50:00,2876,111.5838,111.59,111.58,111.59,111.57,97
2023-06-16 16:51:00,1800,111.6605,111.63,111.69,111.69,111.63,59
2023-06-16 16:52:00,2699,111.6747,111.675,111.68,111.69,111.64,103
2023-06-16 16:53:00,2755,111.6941,111.7,111.7,111.73,111.69,76
2023-06-16 16:55:00,1808,111.7344,111.74,111.72,111.75,111.72,55
2023-06-16 16:56:00,1022,111.7415,111.74,111.74,111.74,111.725,51
2023-06-16 16:57:00,1109,111.7171,111.71,111.72,111.72,111.71,37
2023-06-16 16:58:00,1653,111.7259,111.74,111.765,111.765,111.71,82
2023-06-16 16:59:00,1288,111.7128,111.755,111.69,111.755,111.68,58
2023-06-16 17:00:00,3368,111.734,111.7299,111.69,111.75,111.69,88
2023-06-16 17:01:00,2714,111.6531,111.68,111.695,111.695,111.63,78
2023-06-16 17:02:00,2133,111.6969,111.68,111.705,111.705,111.67,56
2023-06-16 17:03:00,2170,111.6613,111.67,111.65,111.67,111.64,62
2023-06-16 17:04:00,2560,111.6937,111.66,111.685,111.725,111.66,92
2023-06-16 17:05:00,3456,111.6517,111.65,111.67,111.67,111.63,87
2023-06-16 17:06:00,3782,111.6257,111.65,111.615,111.65,111.61,87
2023-06-16 17:07:00,2526,111.594,111.6,111.575,111.62,111.57,86
2023-06-16 17:08:00,1580,111.5998,111.58,111.63,111.63,111.58,71
2023-06-16 17:09:00,644,111.6172,111.62,111.62,111.62,111.62,37
2023-06-16 17:10:00,7153,111.5444,111.6,111.47,111.6,111.47,164
2023-06-16 17:11:00,1438,111.5149,111.5,111.51,111.51,111.4912,66
2023-06-16 17:12:00,2483,111.5654,111.56,111.6,111.6,111.55,71
2023-06-16 17:13:00,732,111.5969,111.595,111.595,111.595,111.595,26
2023-06-16 17:14:00,2824,111.582,111.595,111.585,111.595,111.57,109
2023-06-16 17:15:00,3029,111.564,111.56,111.545,111.59,111.54,78
2023-06-16 17:16:00,2279,111.5303,111.55,111.51,111.57,111.51,72
2023-06-16 17:17:00,2461,111.4719,111.47,111.48,111.48,111.45,70
2023-06-16 17:18:00,1447,111.4911,111.485,111.4725,111.52,111.4725,61
2023-06-16 17:19:00,3951,111.4836,111.49,111.435,111.51,111.435,95
2023-06-16 17:20:00,6364,111.4761,111.435,111.515,111.52,111.42,163
2023-06-16 17:21:00,3769,111.5026,111.515,111.495,111.525,111.48,104
2023-06-16 17:22:00,3182,111.4859,111.47,111.5028,111.51,111.47,88
2023-06-16 17:23:00,1582,111.4928,111.51,111.47,111.52,111.47,66
2023-06-16 17:24:00,2963,111.5017,111.5,111.49,111.52,111.49,69
2023-06-16 17:25:00,2417,111.4866,111.46,111.51,111.51,111.46,64
2023-06-16 17:26:00,1590,111.5642,111.54,111.6,111.6,111.54,54
2023-06-16 17:27:00,3075,111.5634,111.59,111.55,111.59,111.54,97
2023-06-16 17:28:00,1970,111.5152,111.52,111.55,111.55,111.49,68
2023-06-16 17:29:00,3203,111.467,111.49,111.47,111.51,111.45,94
2023-06-16 17:30:00,1692,111.4935,111.5,111.47,111.51,111.47,70
2023-06-16 17:31:00,1666,111.4535,111.45,111.45,111.4579,111.445,52
2023-06-16 17:32:00,2185,111.4364,111.46,111.41,111.46,111.41,64
2023-06-16 17:33:00,1026,111.4351,111.44,111.435,111.44,111.435,36
2023-06-16 17:34:00,2957,111.4005,111.43,111.31,111.435,111.31,77
2023-06-16 17:35:00,1603,111.3452,111.34,111.33,111.34,111.33,47
2023-06-16 17:36:00,1695,111.2961,111.32,111.28,111.32,111.28,66
2023-06-16 17:37:00,2707,111.2909,111.275,111.265,111.31,111.26,89
2023-06-16 17:38:00,1922,111.2518,111.26,111.31,111.31,111.25,67
2023-06-16 17:39:00,2569,111.3188,111.315,111.33,111.34,111.28,88
2023-06-16 17:40:00,339,111.3354,111.34,111.34,111.34,111.34,24
2023-06-16 17:41:00,2216,111.3453,111.37,111.33,111.38,111.33,90
2023-06-16 17:42:00,702,111.2889,111.278,111.299,111.299,111.2601,20
2023-06-16 17:43:00,3010,111.3071,111.28,111.33,111.34,111.28,75
2023-06-16 17:44:00,867,111.309,111.325,111.305,111.325,111.3,25
2023-06-16 17:45:00,992,111.2996,111.315,111.28,111.315,111.28,33
2023-06-16 17:46:00,2435,111.2756,111.29,111.29,111.29,111.26,72
2023-06-16 17:47:00,1953,111.2721,111.28,111.2625,111.28,111.255,41
2023-06-16 17:48:00,1421,111.2365,111.255,111.21,111.255,111.21,43
2023-06-16 17:49:00,2806,111.1765,111.2,111.18,111.2,111.16,95
2023-06-16 17:50:00,2354,111.2081,111.15,111.245,111.245,111.15,82
2023-06-16 17:51:00,1977,111.2822,111.24,111.335,111.335,111.24,59
2023-06-16 17:52:00,1967,111.3169,111.33,111.305,111.33,111.3,65
2023-06-16 17:53:00,3050,111.3437,111.31,111.34,111.3912,111.31,96
2023-06-16 17:54:00,1747,111.4206,111.41,111.43,111.45,111.41,71
2023-06-16 17:55:00,2459,111.4362,111.42,111.44,111.46,111.42,68
2023-06-16 17:56:00,2697,111.3988,111.42,111.4,111.42,111.38,99
2023-06-16 17:57:00,1066,111.3988,111.38,111.4,111.41,111.38,30
2023-06-16 17:58:00,2279,111.431,111.42,111.44,111.45,111.42,57
2023-06-16 17:59:00,1186,111.4678,111.45,111.475,111.475,111.45,53
2023-06-16 18:00:00,4057,111.4849,111.475,111.51,111.51,111.46,122
2023-06-16 18:01:00,3735,111.4456,111.5,111.39,111.5,111.39,85
2023-06-16 18:02:00,2308,111.3354,111.37,111.335,111.37,111.3101,51
2023-06-16 18:03:00,706,111.3528,111.34,111.34,111.34,111.34,39
2023-06-16 18:04:00,2309,111.2887,111.325,111.3,111.325,111.28,91
2023-06-16 18:05:00,1817,111.2423,111.23,111.235,111.25,111.23,65
2023-06-16 18:06:00,1916,111.2471,111.235,111.2539,111.27,111.21,74
2023-06-16 18:07:00,1375,111.2806,111.25,111.3,111.3,111.25,84
2023-06-16 18:08:00,1287,111.3091,111.29,111.3,111.32,111.29,50
2023-06-16 18:09:00,3822,111.2991,111.29,111.3,111.32,111.28,119
2023-06-16 18:10:00,2640,111.3091,111.31,111.305,111.32,111.3,53
2023-06-16 18:11:00,2865,111.2918,111.29,111.275,111.3,111.275,68
2023-06-16 18:12:00,2155,111.2592,111.27,111.23,111.28,111.23,65
2023-06-16 18:13:00,1296,111.2298,111.235,111.23,111.235,111.215,52
2023-06-16 18:14:00,4063,111.192,111.215,111.195,111.215,111.16,109
2023-06-16 18:15:00,2049,111.1815,111.14,111.21,111.21,111.14,78
2023-06-16 18:16:00,2223,111.213,111.21,111.19,111.24,111.19,52
2023-06-16 18:17:00,996,111.191,111.19,111.19,111.19,111.19,35
2023-06-16 18:18:00,2886,111.2127,111.2,111.195,111.2496,111.195,99
2023-06-16 18:19:00,1462,111.2231,111.22,111.22,111.23,111.22,55
2023-06-16 18:20:00,3328,111.2018,111.2325,111.17,111.2325,111.17,93
2023-06-16 18:21:00,1952,111.1936,111.1655,111.21,111.21,111.1655,73
2023-06-16 18:22:00,2576,111.2478,111.26,111.21,111.27,111.21,63
2023-06-16 18:23:00,1662,111.1813,111.19,111.165,111.19,111.165,55
2023-06-16 18:24:00,1515,111.1789,111.165,111.19,111.19,111.165,69
2023-06-16 18:25:00,2537,111.1705,111.175,111.18,111.18,111.14,79
2023-06-16 18:26:00,1819,111.1963,111.175,111.25,111.25,111.175,64
2023-06-16 18:27:00,2111,111.181,111.23,111.125,111.23,111.125,80
2023-06-16 18:28:00,1566,111.1526,111.15,111.17,111.175,111.15,59
2023-06-16 18:29:00,956,111.1619,111.155,111.155,111.17,111.155,32
2023-06-16 18:30:00,4175,111.1715,111.17,111.17,111.18,111.16,143
2023-06-16 18:31:00,3542,111.1306,111.145,111.08,111.17,111.08,150
2023-06-16 18:32:00,4363,111.0642,111.1,110.98,111.1,110.98,93
2023-06-16 18:33:00,4269,111.0356,111.01,111.04,111.07,111.0057,101
2023-06-16 18:34:00,3148,111.0942,111.11,111.035,111.13,111.02,100
2023-06-16 18:35:00,3550,111.0659,111.045,111.05,111.09,111.03,97
2023-06-16 18:36:00,2143,111.049,111.05,111.07,111.07,111.03,64
2023-06-16 18:37:00,1809,111.0962,111.07,111.13,111.13,111.07,48
2023-06-16 18:38:00,2025,111.1598,111.14,111.19,111.19,111.14,71
2023-06-16 18:39:00,1788,111.1916,111.18,111.2025,111.21,111.18,64
2023-06-16 18:40:00,3590,111.1806,111.19,111.19,111.19,111.17,127
2023-06-16 18:41:00,2254,111.1861,111.18,111.2,111.2,111.18,59
2023-06-16 18:42:00,3841,111.1801,111.18,111.175,111.2,111.16,96
2023-06-16 18:43:00,4055,111.1844,111.165,111.24,111.24,111.15,124
2023-06-16 18:44:00,2004,111.2188,111.225,111.2,111.23,111.2,79
2023-06-16 18:45:00,2375,111.1948,111.2,111.16,111.25,111.16,76
2023-06-16 18:46:00,863,111.1782,111.17,111.17,111.17,111.17,43
2023-06-16 18:47:00,3135,111.2006,111.19,111.2,111.215,111.19,97
2023-06-16 18:48:00,2766,111.1791,111.17,111.21,111.21,111.16,150
2023-06-16 18:49:00,3115,111.1705,111.205,111.14,111.205,111.14,101
2023-06-16 18:50:00,6809,111.1056,111.14,111.07,111.14,111.06,176
2023-06-16 18:51:00,3830,111.128,111.075,111.17,111.17,111.075,119
2023-06-16 18:52:00,2271,111.1737,111.17,111.16,111.19,111.16,74
2023-06-16 18:53:00,4371,111.1759,111.155,111.14,111.2,111.14,110
2023-06-16 18:54:00,4375,111.1235,111.135,111.1,111.16,111.09,138
2023-06-16 18:55:00,4023,111.0922,111.11,111.08,111.125,111.07,109
2023-06-16 18:56:00,2235,111.1187,111.1,111.14,111.14,111.095,58
2023-06-16 18:57:00,5876,111.0874,111.13,111.09,111.13,111.05,135
2023-06-16 18:58:00,5133,111.1093,111.1,111.09,111.13,111.08,130
2023-06-16 18:59:00,2744,111.0578,111.08,111.04,111.08,111.03,83
2023-06-16 19:00:00,3472,111.0267,111.02,110.945,111.09,110.945,123
2023-06-16 19:01:00,17383,110.9124,110.92,110.92,110.92,110.86,148
2023-06-16 19:02:00,5386,110.9503,110.94,110.975,110.975,110.92,149
2023-06-16 19:03:00,3008,110.9959,111.0,111.02,111.02,110.98,95
2023-06-16 19:04:00,5945,111.0545,111.0078,111.04,111.07,111.0078,77
2023-06-16 19:05:00,6485,111.0581,111.03,111.06,111.08,111.03,105
2023-06-16 19:06:00,5615,111.0485,111.06,111.0015,111.065,111.0,111
2023-06-16 19:07:00,4519,110.9451,110.99,110.97,110.99,110.92,136
2023-06-16 19:08:00,2033,110.9945,110.97,110.97,111.0,110.97,49
2023-06-16 19:09:00,2372,111.0098,111.0,111.05,111.05,110.98,89
2023-06-16 19:10:00,2247,111.0472,111.03,111.05,111.06,111.03,60
2023-06-16 19:11:00,5445,111.0176,111.05,111.0,111.05,110.9873,130
2023-06-16 19:12:00,6288,110.9958,110.99,111.02,111.04,110.97,147
2023-06-16 19:13:00,4948,110.9767,111.0,110.95,111.0,110.95,131
2023-06-16 19:14:00,3905,110.9345,110.955,110.92,110.955,110.9,120
2023-06-16 19:15:00,5744,110.9086,110.9,110.87,110.94,110.87,134
2023-06-16 19:16:00,2701,110.8554,110.85,110.925,110.925,110.83,96
2023-06-16 19:17:00,4610,110.9831,110.93,110.98,111.0278,110.93,109
2023-06-16 19:18:00,6542,110.9106,110.97,110.9,110.97,110.865,133
2023-06-16 19:19:00,3161,110.9677,110.92,111.0,111.015,110.92,117
2023-06-16 19:20:00,4837,111.0023,110.985,111.03,111.0899,110.97,139
2023-06-16 19:21:00,9695,111.0374,111.023,111.04,111.07,111.02,131
2023-06-16 19:22:00,3121,111.0446,111.02,111.05,111.075,111.02,85
2023-06-16 19:23:00,4760,111.0294,111.04,111.03,111.065,111.01,119
2023-06-16 19:24:00,3613,111.0441,111.02,111.04,111.06,111.02,91
2023-06-16 19:25:00,6010,111.0526,111.0125,111.05,111.12,111.0,147
2023-06-16 19:26:00,4994,111.0106,111.03,111.02,111.03,110.99,148
2023-06-16 19:27:00,6325,110.9729,111.0,110.97,111.01,110.915,143
2023-06-16 19:28:00,4859,110.9246,110.98,110.88,110.98,110.88,147
2023-06-16 19:29:00,4843,110.8999,110.85,110.955,110.955,110.85,141
2023-06-16 19:30:00,3875,110.9596,110.895,110.96,111.0,110.895,118
2023-06-16 19:31:00,4408,111.0138,110.96,111.08,111.08,110.955,100
2023-06-16 19:32:00,8862,111.0874,111.09,111.03,111.13,111.03,135
2023-06-16 19:33:00,7487,111.0193,111.02,111.07,111.07,110.99,130
2023-06-16 19:34:00,3846,111.0785,111.04,111.05,111.105,111.04,120
2023-06-16 19:35:00,6292,111.0715,111.06,111.1199,111.12,111.035,129
2023-06-16 19:36:00,3077,111.0815,111.12,111.04,111.12,111.04,106
2023-06-16 19:37:00,3849,111.0483,111.02,111.1,111.1,111.0,105
2023-06-16 19:38:00,5460,111.1435,111.155,111.19,111.19,111.12,156
2023-06-16 19:39:00,9507,111.16,111.195,111.15,111.21,111.14,223
2023-06-16 19:40:00,3163,111.0934,111.14,111.05,111.14,111.05,113
2023-06-16 19:41:00,13517,111.0774,111.06,111.1,111.13,111.04,308
2023-06-16 19:42:00,6624,111.1021,111.1,111.14,111.14,111.075,166
2023-06-16 19:43:00,12590,111.1203,111.13,111.125,111.15,111.095,327
2023-06-16 19:44:00,4296,111.0726,111.09,111.025,111.09,111.025,156
2023-06-16 19:45:00,7054,111.0991,111.04,111.145,111.145,111.04,193
2023-06-16 19:46:00,7546,111.2045,111.19,111.235,111.24,111.19,189
2023-06-16 19:47:00,8617,111.2483,111.265,111.33,111.33,111.2,227
2023-06-16 19:48:00,5621,111.2973,111.29,111.27,111.32,111.27,176
2023-06-16 19:49:00,9156,111.2621,111.2687,111.2862,111.305,111.22,247
2023-06-16 19:50:00,17853,111.2405,111.31,111.21,111.31,111.19,475
2023-06-16 19:51:00,10442,111.2961,111.2,111.33,111.35,111.2,317
2023-06-16 19:52:00,10908,111.3451,111.34,111.42,111.42,111.32,317
2023-06-16 19:53:00,15129,111.4418,111.41,111.44,111.5,111.4,425
2023-06-16 19:54:00,16498,111.3883,111.43,111.3585,111.47,111.28,468
2023-06-16 19:55:00,25266,111.1228,111.24,111.13,111.29,110.94,575
2023-06-16 19:56:00,21803,111.1294,111.13,111.11,111.18,111.09,554
2023-06-16 19:57:00,22033,111.1906,111.13,111.21,111.24,111.13,522
2023-06-16 19:58:00,25341,111.1762,111.21,111.19,111.21,111.15,703
2023-06-16 19:59:00,66349,111.0744,111.175,111.06,111.175,111.02,1271
2023-06-16 20:00:00,66513,111.06,111.06,111.06,111.06,111.06,23
2023-06-16 20:48:00,100,112.2,112.2,112.2,112.2,112.2,1
2023-06-16 22:55:00,200,111.73,111.73,111.73,111.73,111.73,1
