t,v,vw,o,c,h,l,n
2023-11-27 14:26:00,1000,36.13,36.13,36.13,36.13,36.13,2
2023-11-27 14:30:00,8896,36.0552,36.05,36.11,36.18,36.05,18
2023-11-27 14:31:00,3045,36.0173,36.105,35.97,36.105,35.97,51
2023-11-27 14:32:00,431,35.9736,35.97,35.965,35.97,35.965,11
2023-11-27 14:33:00,647,35.9972,36.0,36.01,36.01,35.99,16
2023-11-27 14:34:00,260,35.98,35.99,35.99,35.99,35.99,8
2023-11-27 14:35:00,2999,35.9875,35.995,36.0,36.0,35.98,53
2023-11-27 14:36:00,2664,36.0151,36.01,36.03,36.03,35.97,48
2023-11-27 14:37:00,1572,36.0319,36.04,36.0473,36.0473,36.0,27
2023-11-27 14:38:00,1122,36.0879,36.08,36.09,36.1,36.08,24
2023-11-27 14:39:00,858,36.0356,36.03,36.03,36.03,36.03,15
2023-11-27 14:40:00,559,36.0506,36.04,36.05,36.07,36.04,11
2023-11-27 14:41:00,3729,36.0729,36.079,36.05,36.0854,36.05,39
2023-11-27 14:42:00,1801,36.0386,36.04,36.04,36.04,36.04,25
2023-11-27 14:43:00,853,36.0752,36.06,36.09,36.09,36.06,20
2023-11-27 14:44:00,5592,36.0811,36.08,36.07,36.1,36.07,92
2023-11-27 14:45:00,3216,36.0733,36.065,36.085,36.09,36.065,43
2023-11-27 14:46:00,103889,36.0754,36.08,36.085,36.09,36.07,137
2023-11-27 14:47:00,2509,36.0941,36.08,36.13,36.13,36.08,49
2023-11-27 14:48:00,1673,36.1593,36.15,36.165,36.17,36.145,29
2023-11-27 14:49:00,7309,36.1561,36.17,36.16,36.17,36.15,86
2023-11-27 14:50:00,1197,36.1499,36.16,36.1482,36.16,36.145,16
2023-11-27 14:51:00,1627,36.1556,36.16,36.16,36.16,36.145,33
2023-11-27 14:52:00,4090,36.1432,36.15,36.135,36.16,36.135,33
2023-11-27 14:53:00,2347,36.1345,36.13,36.145,36.145,36.12,50
2023-11-27 14:54:00,2537,36.1467,36.15,36.11,36.16,36.11,62
2023-11-27 14:55:00,2419,36.131,36.125,36.13,36.14,36.125,28
2023-11-27 14:56:00,1688,36.131,36.13,36.135,36.135,36.13,20
2023-11-27 14:57:00,1359,36.1379,36.135,36.15,36.15,36.135,22
2023-11-27 14:58:00,5821,36.1381,36.145,36.125,36.15,36.12,47
2023-11-27 14:59:00,1376,36.1339,36.12,36.15,36.15,36.12,31
2023-11-27 15:00:00,6835,36.1384,36.145,36.14,36.15,36.125,68
2023-11-27 15:01:00,2321,36.141,36.13,36.145,36.15,36.13,24
2023-11-27 15:02:00,1172,36.1396,36.145,36.14,36.145,36.135,17
2023-11-27 15:03:00,1492,36.1438,36.15,36.14,36.15,36.135,28
2023-11-27 15:04:00,2662,36.1583,36.15,36.165,36.165,36.15,42
2023-11-27 15:05:00,4696,36.1755,36.165,36.18,36.185,36.165,57
2023-11-27 15:06:00,4701,36.1877,36.19,36.19,36.19,36.185,44
2023-11-27 15:07:00,2634,36.167,36.18,36.15,36.18,36.15,53
2023-11-27 15:08:00,1502,36.1617,36.16,36.15,36.16,36.145,24
2023-11-27 15:09:00,2389,36.1597,36.15,36.165,36.17,36.15,27
2023-11-27 15:10:00,3485,36.1729,36.165,36.175,36.18,36.165,49
2023-11-27 15:11:00,2742,36.1756,36.17,36.17,36.185,36.165,33
2023-11-27 15:12:00,1203,36.1574,36.16,36.155,36.16,36.15,19
2023-11-27 15:13:00,1914,36.1612,36.1598,36.16,36.17,36.155,25
2023-11-27 15:14:00,5807,36.1522,36.15,36.165,36.165,36.145,68
2023-11-27 15:15:00,6519,36.1701,36.165,36.19,36.19,36.165,48
2023-11-27 15:16:00,21302,36.1773,36.185,36.185,36.19,36.175,69
2023-11-27 15:17:00,2589,36.1812,36.185,36.18,36.19,36.17,40
2023-11-27 15:18:00,7171,36.1961,36.19,36.195,36.2,36.185,62
2023-11-27 15:19:00,4280,36.1834,36.195,36.165,36.195,36.165,62
2023-11-27 15:20:00,3513,36.1888,36.17,36.205,36.205,36.17,43
2023-11-27 15:21:00,2174,36.1971,36.195,36.2,36.2,36.195,31
2023-11-27 15:22:00,2678,36.2024,36.21,36.2,36.21,36.2,33
2023-11-27 15:23:00,2241,36.1906,36.195,36.185,36.2,36.185,49
2023-11-27 15:24:00,4088,36.2115,36.19,36.205,36.225,36.19,70
2023-11-27 15:25:00,2236,36.1895,36.205,36.19,36.205,36.185,37
2023-11-27 15:26:00,1116,36.2036,36.2,36.22,36.22,36.195,21
2023-11-27 15:27:00,5107,36.2205,36.22,36.225,36.23,36.22,74
2023-11-27 15:28:00,7915,36.228,36.22,36.24,36.24,36.22,73
2023-11-27 15:29:00,3986,36.2421,36.24,36.245,36.25,36.235,52
2023-11-27 15:30:00,4514,36.2381,36.24,36.245,36.25,36.225,61
2023-11-27 15:31:00,1736,36.2485,36.25,36.245,36.25,36.245,40
2023-11-27 15:32:00,2949,36.2354,36.24,36.245,36.245,36.23,58
2023-11-27 15:33:00,2800,36.2452,36.24,36.245,36.25,36.24,31
2023-11-27 15:34:00,788,36.2462,36.245,36.25,36.25,36.245,11
2023-11-27 15:35:00,13018,36.2636,36.245,36.265,36.27,36.245,54
2023-11-27 15:36:00,5122,36.2532,36.27,36.255,36.27,36.24,69
2023-11-27 15:37:00,2761,36.2537,36.255,36.255,36.26,36.25,41
2023-11-27 15:38:00,3714,36.2527,36.255,36.255,36.27,36.25,44
2023-11-27 15:39:00,5626,36.2635,36.26,36.235,36.28,36.235,64
2023-11-27 15:40:00,3082,36.2183,36.235,36.21,36.235,36.195,49
2023-11-27 15:41:00,2243,36.2168,36.21,36.215,36.22,36.21,35
2023-11-27 15:42:00,4844,36.2079,36.215,36.19,36.215,36.185,54
2023-11-27 15:43:00,1134,36.1818,36.175,36.19,36.19,36.175,19
2023-11-27 15:44:00,2370,36.1883,36.195,36.185,36.195,36.18,41
2023-11-27 15:45:00,18946,36.136,36.18,36.13,36.18,36.12,189
2023-11-27 15:46:00,1099,36.153,36.14,36.165,36.165,36.14,18
2023-11-27 15:47:00,2608,36.1552,36.16,36.16,36.16,36.135,49
2023-11-27 15:48:00,5396,36.1657,36.17,36.17,36.18,36.155,76
2023-11-27 15:49:00,1681,36.166,36.18,36.165,36.18,36.165,25
2023-11-27 15:50:00,3480,36.1744,36.17,36.19,36.19,36.165,69
2023-11-27 15:51:00,3020,36.1681,36.185,36.15,36.19,36.145,65
2023-11-27 15:52:00,1041,36.1566,36.15,36.155,36.16,36.145,16
2023-11-27 15:53:00,3394,36.158,36.16,36.155,36.16,36.155,39
2023-11-27 15:54:00,3136,36.1693,36.17,36.165,36.18,36.165,36
2023-11-27 15:55:00,3328,36.1536,36.15,36.15,36.16,36.145,40
2023-11-27 15:56:00,1358,36.1509,36.16,36.15,36.16,36.145,37
2023-11-27 15:57:00,1467,36.1577,36.15,36.17,36.17,36.15,21
2023-11-27 15:58:00,657,36.1707,36.17,36.18,36.18,36.165,13
2023-11-27 15:59:00,3657,36.1763,36.17,36.175,36.18,36.17,49
2023-11-27 16:00:00,6582,36.163,36.175,36.16,36.18,36.145,76
2023-11-27 16:01:00,975,36.1606,36.17,36.165,36.17,36.155,16
2023-11-27 16:02:00,2252,36.1684,36.17,36.165,36.18,36.165,27
2023-11-27 16:03:00,2106,36.1688,36.17,36.17,36.17,36.165,26
2023-11-27 16:04:00,1930,36.1691,36.17,36.17,36.17,36.165,33
2023-11-27 16:05:00,5908,36.1738,36.17,36.15,36.19,36.15,84
2023-11-27 16:06:00,2237,36.1572,36.145,36.17,36.17,36.145,27
2023-11-27 16:07:00,2235,36.1974,36.18,36.22,36.22,36.18,43
2023-11-27 16:08:00,2843,36.2121,36.21,36.235,36.24,36.205,34
2023-11-27 16:09:00,992,36.2407,36.235,36.25,36.25,36.235,35
2023-11-27 16:10:00,1607,36.2473,36.25,36.25,36.25,36.245,29
2023-11-27 16:11:00,2828,36.2503,36.25,36.25,36.255,36.25,48
2023-11-27 16:12:00,2181,36.2432,36.25,36.235,36.25,36.235,34
2023-11-27 16:13:00,9914,36.2299,36.235,36.25,36.25,36.22,127
2023-11-27 16:14:00,2988,36.2565,36.255,36.27,36.27,36.255,27
2023-11-27 16:15:00,10426,36.2688,36.269,36.27,36.28,36.265,106
2023-11-27 16:16:00,3317,36.2864,36.28,36.3,36.3,36.28,53
2023-11-27 16:17:00,2932,36.2831,36.29,36.28,36.29,36.275,48
2023-11-27 16:18:00,2370,36.2856,36.28,36.3,36.3,36.28,36
2023-11-27 16:19:00,1844,36.3008,36.295,36.3,36.31,36.295,38
2023-11-27 16:20:00,1324,36.2882,36.29,36.275,36.29,36.275,38
2023-11-27 16:21:00,2558,36.2893,36.28,36.29,36.3,36.28,50
2023-11-27 16:22:00,4105,36.2473,36.29,36.245,36.29,36.23,91
2023-11-27 16:23:00,1061,36.2489,36.245,36.25,36.25,36.245,13
2023-11-27 16:24:00,1693,36.2555,36.25,36.255,36.26,36.25,26
2023-11-27 16:25:00,2920,36.2451,36.25,36.24,36.255,36.2306,36
2023-11-27 16:26:00,4967,36.2358,36.24,36.23,36.24,36.225,69
2023-11-27 16:27:00,2660,36.2347,36.23,36.25,36.25,36.23,44
2023-11-27 16:28:00,1569,36.2567,36.25,36.26,36.26,36.25,31
2023-11-27 16:29:00,1886,36.2572,36.27,36.245,36.27,36.245,40
2023-11-27 16:30:00,1397,36.2501,36.25,36.25,36.25,36.25,13
2023-11-27 16:31:00,1506,36.2554,36.25,36.26,36.26,36.25,22
2023-11-27 16:32:00,3059,36.258,36.255,36.255,36.26,36.255,40
2023-11-27 16:33:00,12766,36.2557,36.25,36.255,36.265,36.25,166
2023-11-27 16:34:00,3775,36.2361,36.25,36.225,36.25,36.22,48
2023-11-27 16:35:00,5385,36.2234,36.23,36.21,36.23,36.21,100
2023-11-27 16:36:00,14885,36.2332,36.205,36.235,36.245,36.205,138
2023-11-27 16:37:00,3549,36.2299,36.235,36.235,36.235,36.2205,55
2023-11-27 16:38:00,2308,36.2432,36.235,36.26,36.26,36.235,25
2023-11-27 16:39:00,2874,36.2413,36.255,36.23,36.255,36.225,54
2023-11-27 16:40:00,1949,36.2452,36.24,36.25,36.25,36.24,40
2023-11-27 16:41:00,838,36.2469,36.245,36.25,36.25,36.2421,13
2023-11-27 16:42:00,2834,36.2356,36.24,36.235,36.245,36.225,68
2023-11-27 16:43:00,2202,36.2405,36.235,36.245,36.245,36.235,33
2023-11-27 16:44:00,2509,36.2623,36.25,36.289,36.295,36.25,63
2023-11-27 16:45:00,2237,36.2648,36.28,36.245,36.28,36.245,65
2023-11-27 16:46:00,1326,36.2487,36.245,36.25,36.25,36.245,25
2023-11-27 16:47:00,1408,36.2476,36.25,36.25,36.25,36.245,26
2023-11-27 16:48:00,762,36.2574,36.25,36.26,36.26,36.25,17
2023-11-27 16:49:00,888,36.2577,36.255,36.26,36.26,36.255,13
2023-11-27 16:50:00,2906,36.25,36.25,36.25,36.25,36.245,56
2023-11-27 16:51:00,2494,36.2399,36.24,36.235,36.25,36.235,34
2023-11-27 16:52:00,2106,36.2424,36.235,36.25,36.25,36.235,40
2023-11-27 16:53:00,590,36.2486,36.255,36.255,36.255,36.255,11
2023-11-27 16:54:00,6711,36.2441,36.255,36.24,36.255,36.24,90
2023-11-27 16:55:00,5853,36.2543,36.25,36.2588,36.26,36.24,79
2023-11-27 16:56:00,2062,36.2703,36.26,36.285,36.285,36.26,44
2023-11-27 16:57:00,5636,36.2712,36.28,36.265,36.28,36.26,71
2023-11-27 16:58:00,4921,36.2721,36.27,36.275,36.28,36.27,48
2023-11-27 16:59:00,143,36.2781,36.28,36.28,36.28,36.28,6
2023-11-27 17:00:00,10070,36.2669,36.27,36.265,36.275,36.26,64
2023-11-27 17:01:00,884,36.2666,36.27,36.26,36.27,36.26,14
2023-11-27 17:02:00,5186,36.263,36.265,36.265,36.27,36.26,62
2023-11-27 17:03:00,4509,36.2749,36.27,36.29,36.29,36.27,56
2023-11-27 17:04:00,3975,36.2888,36.285,36.29,36.29,36.28,53
2023-11-27 17:05:00,824,36.288,36.29,36.29,36.29,36.28,14
2023-11-27 17:06:00,3691,36.2923,36.29,36.31,36.31,36.28,58
2023-11-27 17:07:00,5442,36.3216,36.31,36.32,36.335,36.31,75
2023-11-27 17:08:00,2192,36.3202,36.32,36.33,36.33,36.31,39
2023-11-27 17:09:00,4143,36.3285,36.335,36.325,36.335,36.3225,40
2023-11-27 17:10:00,2224,36.3184,36.325,36.305,36.325,36.305,39
2023-11-27 17:11:00,1374,36.3129,36.31,36.315,36.315,36.31,25
2023-11-27 17:12:00,7170,36.3072,36.315,36.295,36.315,36.295,62
2023-11-27 17:13:00,970,36.2941,36.295,36.29,36.295,36.29,26
2023-11-27 17:14:00,10382,36.2976,36.295,36.295,36.3,36.29,131
2023-11-27 17:15:00,3654,36.3024,36.295,36.31,36.315,36.295,44
2023-11-27 17:16:00,3452,36.3295,36.32,36.345,36.345,36.319,49
2023-11-27 17:17:00,3494,36.3463,36.35,36.34,36.35,36.34,58
2023-11-27 17:18:00,13051,36.3639,36.36,36.36,36.37,36.35,66
2023-11-27 17:19:00,2911,36.3673,36.36,36.38,36.38,36.36,42
2023-11-27 17:20:00,610,36.379,36.38,36.38,36.38,36.375,20
2023-11-27 17:21:00,1296,36.3678,36.37,36.365,36.37,36.365,26
2023-11-27 17:22:00,1947,36.3625,36.37,36.36,36.37,36.36,34
2023-11-27 17:23:00,220,36.3647,36.365,36.365,36.365,36.365,3
2023-11-27 17:24:00,1878,36.3708,36.37,36.37,36.37,36.37,50
2023-11-27 17:25:00,1588,36.3843,36.38,36.39,36.39,36.38,39
2023-11-27 17:26:00,2550,36.3818,36.39,36.3866,36.39,36.38,57
2023-11-27 17:27:00,3359,36.3882,36.385,36.395,36.395,36.385,44
2023-11-27 17:28:00,2895,36.3971,36.4,36.405,36.41,36.4,50
2023-11-27 17:29:00,3370,36.3998,36.4,36.4,36.405,36.395,50
2023-11-27 17:31:00,1515,36.3718,36.375,36.37,36.375,36.37,35
2023-11-27 17:32:00,1360,36.3789,36.37,36.39,36.39,36.37,24
2023-11-27 17:33:00,3971,36.3689,36.38,36.355,36.38,36.355,55
2023-11-27 17:34:00,1870,36.3652,36.36,36.375,36.375,36.36,28
2023-11-27 17:35:00,1772,36.3784,36.375,36.375,36.385,36.375,38
2023-11-27 17:36:00,2254,36.3534,36.37,36.335,36.37,36.3301,39
2023-11-27 17:38:00,3345,36.33,36.325,36.33,36.335,36.325,66
2023-11-27 17:39:00,688,36.3318,36.33,36.34,36.34,36.33,19
2023-11-27 17:40:00,3360,36.338,36.34,36.33,36.34,36.33,56
2023-11-27 17:41:00,1516,36.3373,36.33,36.3475,36.3475,36.33,28
2023-11-27 17:42:00,1054,36.3395,36.34,36.34,36.34,36.335,21
2023-11-27 17:44:00,2877,36.3493,36.345,36.35,36.35,36.345,45
2023-11-27 17:45:00,1308,36.3504,36.35,36.355,36.355,36.35,20
2023-11-27 17:46:00,836,36.3545,36.35,36.36,36.36,36.35,11
2023-11-27 17:47:00,466,36.35,36.35,36.35,36.35,36.35,13
2023-11-27 17:48:00,1500,36.3496,36.355,36.345,36.355,36.345,27
2023-11-27 17:49:00,510,36.3498,36.35,36.35,36.35,36.35,15
2023-11-27 17:50:00,1481,36.3468,36.345,36.345,36.35,36.345,18
2023-11-27 17:51:00,8187,36.3571,36.3475,36.365,36.37,36.345,112
2023-11-27 17:52:00,2088,36.3595,36.36,36.36,36.365,36.355,27
2023-11-27 17:53:00,2531,36.3541,36.36,36.34,36.36,36.34,52
2023-11-27 17:54:00,580,36.3402,36.34,36.34,36.34,36.34,17
2023-11-27 17:55:00,1318,36.3431,36.34,36.35,36.35,36.34,26
2023-11-27 17:56:00,2400,36.3533,36.35,36.36,36.36,36.345,38
2023-11-27 17:57:00,1538,36.3538,36.36,36.345,36.36,36.345,33
2023-11-27 17:58:00,728,36.3533,36.35,36.35,36.36,36.35,16
2023-11-27 17:59:00,668,36.3499,36.35,36.35,36.35,36.35,8
2023-11-27 18:00:00,1544,36.3398,36.34,36.34,36.34,36.34,31
2023-11-27 18:01:00,4415,36.3351,36.33,36.34,36.34,36.325,79
2023-11-27 18:02:00,3913,36.3574,36.35,36.345,36.37,36.345,73
2023-11-27 18:03:00,1316,36.34,36.34,36.34,36.34,36.34,25
2023-11-27 18:04:00,1749,36.3353,36.335,36.325,36.335,36.325,22
2023-11-27 18:05:00,9539,36.3252,36.33,36.305,36.335,36.305,149
2023-11-27 18:06:00,67018,36.3102,36.31,36.315,36.32,36.3,53
2023-11-27 18:07:00,3601,36.2998,36.31,36.305,36.31,36.285,48
2023-11-27 18:08:00,2748,36.3008,36.305,36.3,36.305,36.295,36
2023-11-27 18:09:00,126,36.2927,36.29,36.29,36.29,36.29,3
2023-11-27 18:10:00,525,36.2959,36.295,36.295,36.295,36.295,12
2023-11-27 18:11:00,1569,36.2956,36.295,36.295,36.3,36.29,26
2023-11-27 18:12:00,23686,36.2877,36.295,36.28,36.3,36.275,228
2023-11-27 18:13:00,2700,36.2742,36.28,36.255,36.28,36.255,36
2023-11-27 18:14:00,7510,36.2656,36.25,36.275,36.275,36.25,82
2023-11-27 18:15:00,6192,36.2846,36.28,36.295,36.295,36.27,74
2023-11-27 18:16:00,2037,36.2964,36.295,36.295,36.3,36.295,19
2023-11-27 18:17:00,4257,36.3152,36.3,36.325,36.33,36.3,60
2023-11-27 18:18:00,4966,36.3278,36.33,36.325,36.33,36.325,64
2023-11-27 18:19:00,1377,36.3246,36.325,36.325,36.33,36.325,14
2023-11-27 18:20:00,1238,36.3263,36.325,36.325,36.33,36.325,21
2023-11-27 18:21:00,635,36.325,36.325,36.325,36.325,36.325,9
2023-11-27 18:22:00,3305,36.3202,36.33,36.315,36.33,36.315,44
2023-11-27 18:23:00,478,36.314,36.315,36.315,36.315,36.315,10
2023-11-27 18:24:00,4625,36.3168,36.32,36.315,36.32,36.315,63
2023-11-27 18:25:00,3382,36.3113,36.32,36.305,36.32,36.305,57
2023-11-27 18:26:00,3010,36.3085,36.3005,36.305,36.31,36.3005,48
2023-11-27 18:27:00,2482,36.3107,36.305,36.31,36.32,36.305,43
2023-11-27 18:28:00,273,36.311,36.31,36.31,36.31,36.31,8
2023-11-27 18:29:00,4185,36.3169,36.305,36.32,36.32,36.305,64
2023-11-27 18:30:00,1430,36.3189,36.32,36.315,36.32,36.315,16
2023-11-27 18:31:00,637,36.3159,36.315,36.315,36.32,36.315,8
2023-11-27 18:32:00,7751,36.3194,36.32,36.315,36.32,36.315,81
2023-11-27 18:33:00,2693,36.3052,36.31,36.305,36.31,36.3,45
2023-11-27 18:34:00,553,36.3054,36.305,36.305,36.305,36.305,9
2023-11-27 18:35:00,421,36.3091,36.3005,36.3075,36.3075,36.3005,6
2023-11-27 18:36:00,7613,36.2934,36.3,36.28,36.3,36.28,78
2023-11-27 18:37:00,16976,36.2424,36.28,36.22,36.28,36.22,180
2023-11-27 18:38:00,9985,36.2171,36.2105,36.215,36.22,36.21,97
2023-11-27 18:39:00,29224,36.226,36.215,36.21,36.23,36.21,236
2023-11-27 18:40:00,5592,36.2076,36.22,36.205,36.22,36.2,63
2023-11-27 18:41:00,31296,36.2126,36.21,36.23,36.23,36.2,231
2023-11-27 18:42:00,17229,36.23,36.23,36.23,36.235,36.225,157
2023-11-27 18:43:00,3168,36.2197,36.23,36.21,36.23,36.21,45
2023-11-27 18:44:00,903,36.2127,36.22,36.21,36.22,36.21,12
2023-11-27 18:45:00,4517,36.2099,36.22,36.2,36.22,36.2,60
2023-11-27 18:46:00,4462,36.1936,36.2,36.185,36.2,36.18,50
2023-11-27 18:47:00,1851,36.1821,36.185,36.18,36.185,36.18,13
2023-11-27 18:48:00,11069,36.1879,36.185,36.185,36.19,36.185,108
2023-11-27 18:49:00,12050,36.1774,36.18,36.18,36.18,36.175,77
2023-11-27 18:50:00,9558,36.189,36.18,36.195,36.205,36.18,110
2023-11-27 18:51:00,7274,36.2041,36.195,36.21,36.21,36.195,75
2023-11-27 18:52:00,3318,36.2103,36.21,36.215,36.215,36.21,36
2023-11-27 18:53:00,1872,36.2137,36.2105,36.215,36.22,36.2105,15
2023-11-27 18:54:00,1644,36.2124,36.215,36.215,36.2158,36.21,6
2023-11-27 18:55:00,10583,36.22,36.22,36.225,36.235,36.215,122
2023-11-27 18:56:00,5262,36.2155,36.225,36.205,36.225,36.205,58
2023-11-27 18:57:00,4949,36.2105,36.21,36.21,36.215,36.205,44
2023-11-27 18:58:00,624,36.2128,36.215,36.21,36.215,36.21,7
2023-11-27 18:59:00,1160,36.2165,36.22,36.22,36.22,36.215,14
2023-11-27 19:00:00,6136,36.2058,36.215,36.19,36.215,36.19,78
2023-11-27 19:01:00,5972,36.1804,36.19,36.17,36.19,36.17,73
2023-11-27 19:02:00,7494,36.1802,36.1705,36.185,36.19,36.17,78
2023-11-27 19:03:00,11619,36.1977,36.185,36.24,36.24,36.18,130
2023-11-27 19:04:00,3457,36.2481,36.23,36.245,36.255,36.23,50
2023-11-27 19:05:00,1042,36.2549,36.245,36.26,36.26,36.245,32
2023-11-27 19:06:00,2512,36.2683,36.28,36.27,36.28,36.265,45
2023-11-27 19:07:00,529,36.2718,36.27,36.275,36.275,36.27,11
2023-11-27 19:08:00,16298,36.2335,36.2705,36.22,36.2705,36.22,188
2023-11-27 19:09:00,7325,36.2322,36.215,36.235,36.24,36.215,91
2023-11-27 19:10:00,18422,36.2446,36.24,36.255,36.27,36.235,143
2023-11-27 19:11:00,3535,36.2558,36.255,36.255,36.26,36.25,26
2023-11-27 19:12:00,7788,36.2498,36.25,36.25,36.25,36.245,101
2023-11-27 19:13:00,40776,36.2456,36.25,36.23,36.26,36.23,180
2023-11-27 19:14:00,15031,36.2355,36.23,36.26,36.26,36.23,86
2023-11-27 19:15:00,2218,36.2573,36.26,36.265,36.265,36.255,38
2023-11-27 19:16:00,1977,36.2577,36.265,36.26,36.265,36.25,37
2023-11-27 19:17:00,3000,36.2597,36.27,36.2505,36.27,36.25,42
2023-11-27 19:18:00,7128,36.237,36.25,36.235,36.25,36.23,74
2023-11-27 19:19:00,8056,36.2452,36.235,36.245,36.25,36.235,80
2023-11-27 19:20:00,3716,36.2363,36.24,36.225,36.24,36.225,45
2023-11-27 19:21:00,3341,36.2326,36.23,36.235,36.235,36.23,40
2023-11-27 19:22:00,1413,36.2305,36.2305,36.23,36.235,36.23,17
2023-11-27 19:23:00,6401,36.2285,36.235,36.235,36.235,36.225,59
2023-11-27 19:24:00,443,36.2322,36.235,36.235,36.235,36.235,7
2023-11-27 19:25:00,17019,36.2351,36.24,36.215,36.25,36.215,198
2023-11-27 19:26:00,4477,36.2165,36.215,36.215,36.22,36.2105,34
2023-11-27 19:27:00,8364,36.2259,36.22,36.23,36.23,36.22,101
2023-11-27 19:28:00,2225,36.2303,36.235,36.225,36.24,36.225,35
2023-11-27 19:29:00,11817,36.2131,36.22,36.215,36.22,36.21,56
2023-11-27 19:30:00,17067,36.2164,36.21,36.2,36.22,36.2,189
2023-11-27 19:31:00,12511,36.1918,36.205,36.185,36.21,36.185,122
2023-11-27 19:32:00,11418,36.1897,36.185,36.2,36.2,36.185,97
2023-11-27 19:33:00,1625,36.1961,36.195,36.195,36.2,36.195,36
2023-11-27 19:34:00,12670,36.1894,36.1959,36.185,36.2,36.18,140
2023-11-27 19:35:00,1904,36.1824,36.185,36.185,36.185,36.18,26
2023-11-27 19:36:00,4573,36.1811,36.18,36.185,36.19,36.18,52
2023-11-27 19:37:00,11528,36.1698,36.18,36.16,36.185,36.16,134
2023-11-27 19:38:00,26712,36.163,36.16,36.2,36.2,36.155,268
2023-11-27 19:39:00,8254,36.1577,36.19,36.145,36.19,36.14,95
2023-11-27 19:40:00,2992,36.1282,36.135,36.13,36.135,36.12,40
2023-11-27 19:41:00,2054,36.1532,36.135,36.16,36.16,36.135,37
2023-11-27 19:42:00,2734,36.1581,36.16,36.15,36.16,36.15,48
2023-11-27 19:43:00,10786,36.138,36.15,36.12,36.16,36.09,133
2023-11-27 19:44:00,1632,36.1296,36.13,36.13,36.13,36.1281,34
2023-11-27 19:45:00,2252,36.1269,36.15,36.105,36.15,36.105,51
2023-11-27 19:46:00,7405,36.0954,36.11,36.085,36.11,36.08,71
2023-11-27 19:47:00,855,36.0875,36.085,36.0887,36.0887,36.085,12
2023-11-27 19:48:00,4220,36.0864,36.0805,36.07,36.0805,36.07,52
2023-11-27 19:49:00,9420,36.0847,36.07,36.085,36.09,36.07,107
2023-11-27 19:50:00,23439,36.1,36.09,36.125,36.13,36.085,164
2023-11-27 19:51:00,9818,36.1142,36.125,36.11,36.13,36.105,100
2023-11-27 19:52:00,906,36.1142,36.11,36.115,36.12,36.11,10
2023-11-27 19:53:00,3683,36.1275,36.115,36.14,36.14,36.115,61
2023-11-27 19:54:00,2482,36.1335,36.135,36.13,36.14,36.13,26
2023-11-27 19:55:00,6195,36.1263,36.13,36.115,36.13,36.11,81
2023-11-27 19:56:00,1729,36.1138,36.12,36.11,36.12,36.11,21
2023-11-27 19:57:00,7085,36.1038,36.12,36.085,36.12,36.085,83
2023-11-27 19:58:00,5242,36.0895,36.085,36.0975,36.0975,36.08,64
2023-11-27 19:59:00,7106,36.0979,36.0992,36.0905,36.1,36.09,65
2023-11-27 20:00:00,1415,36.0949,36.095,36.095,36.1,36.095,36
2023-11-27 20:01:00,7660,36.1032,36.095,36.11,36.115,36.095,111
2023-11-27 20:02:00,13552,36.1148,36.11,36.11,36.12,36.11,118
2023-11-27 20:03:00,812,36.1148,36.115,36.115,36.1175,36.115,12
2023-11-27 20:04:00,7496,36.1205,36.115,36.115,36.13,36.115,91
2023-11-27 20:05:00,1059,36.1139,36.115,36.115,36.115,36.11,12
2023-11-27 20:06:00,3863,36.1058,36.11,36.1,36.115,36.1,47
2023-11-27 20:07:00,3722,36.1044,36.105,36.1075,36.11,36.1,49
2023-11-27 20:08:00,1421,36.1039,36.105,36.105,36.11,36.1,19
2023-11-27 20:09:00,7993,36.0995,36.105,36.09,36.11,36.09,108
2023-11-27 20:10:00,10443,36.0896,36.0905,36.09,36.0905,36.085,99
2023-11-27 20:11:00,3038,36.0904,36.09,36.09,36.09,36.09,38
2023-11-27 20:12:00,4845,36.1002,36.095,36.105,36.11,36.095,72
2023-11-27 20:13:00,1943,36.1028,36.105,36.11,36.11,36.1,21
2023-11-27 20:14:00,9070,36.095,36.1,36.08,36.1,36.08,108
2023-11-27 20:15:00,9013,36.0659,36.07,36.05,36.07,36.05,96
2023-11-27 20:16:00,4641,36.0486,36.05,36.055,36.055,36.045,57
2023-11-27 20:17:00,3268,36.0472,36.05,36.045,36.05,36.045,47
2023-11-27 20:18:00,14089,36.0478,36.04,36.05,36.05,36.04,121
2023-11-27 20:19:00,4774,36.0575,36.06,36.05,36.06,36.05,81
2023-11-27 20:20:00,7901,36.0371,36.05,36.025,36.05,36.025,86
2023-11-27 20:21:00,12152,36.0346,36.025,36.04,36.055,36.025,134
2023-11-27 20:22:00,4773,36.0392,36.04,36.04,36.04,36.035,65
2023-11-27 20:23:00,720,36.0351,36.035,36.035,36.035,36.035,21
2023-11-27 20:24:00,4096,36.0373,36.035,36.0389,36.04,36.035,40
2023-11-27 20:25:00,2672,36.0348,36.035,36.035,36.04,36.03,25
2023-11-27 20:26:00,31000,36.0219,36.03,36.04,36.045,36.005,227
2023-11-27 20:27:00,133,36.0357,36.035,36.035,36.035,36.035,6
2023-11-27 20:28:00,3384,36.029,36.035,36.025,36.035,36.025,56
2023-11-27 20:29:00,2399,36.0286,36.025,36.035,36.035,36.025,63
2023-11-27 20:30:00,6960,36.0219,36.035,36.005,36.04,36.005,99
2023-11-27 20:31:00,7574,36.0045,36.01,36.0,36.015,35.995,97
2023-11-27 20:32:00,4267,36.0096,36.005,36.01,36.015,36.005,62
2023-11-27 20:33:00,5816,36.0104,36.015,36.005,36.02,36.005,49
2023-11-27 20:34:00,6920,36.0167,36.01,36.02,36.02,36.005,85
2023-11-27 20:35:00,3000,36.0208,36.02,36.025,36.03,36.015,44
2023-11-27 20:36:00,13931,36.0426,36.025,36.07,36.08,36.025,175
2023-11-27 20:37:00,4584,36.0886,36.08,36.095,36.095,36.08,50
2023-11-27 20:38:00,4711,36.0884,36.095,36.085,36.1,36.08,49
2023-11-27 20:39:00,7125,36.0755,36.085,36.065,36.085,36.065,90
2023-11-27 20:40:00,5134,36.0694,36.065,36.075,36.08,36.065,68
2023-11-27 20:41:00,10028,36.0719,36.075,36.075,36.08,36.065,99
2023-11-27 20:42:00,3024,36.0767,36.075,36.075,36.08,36.07,43
2023-11-27 20:43:00,12121,36.0664,36.07,36.07,36.0705,36.06,136
2023-11-27 20:44:00,10361,36.0684,36.07,36.075,36.08,36.0619,108
2023-11-27 20:45:00,11019,36.0711,36.07,36.075,36.08,36.06,148
2023-11-27 20:46:00,25624,36.0674,36.075,36.075,36.075,36.055,250
2023-11-27 20:47:00,31121,36.0633,36.075,36.075,36.075,36.06,326
2023-11-27 20:48:00,11646,36.0922,36.075,36.105,36.105,36.075,174
2023-11-27 20:49:00,6386,36.1071,36.105,36.105,36.11,36.105,101
2023-11-27 20:50:00,24816,36.0848,36.1,36.04,36.1,36.04,311
2023-11-27 20:51:00,27764,36.0298,36.045,35.995,36.05,35.995,265
2023-11-27 20:52:00,22241,35.9871,35.99,35.98,35.995,35.97,236
2023-11-27 20:53:00,33755,35.9776,35.98,35.985,35.99,35.965,295
2023-11-27 20:54:00,12860,35.9755,35.985,35.955,35.99,35.955,171
2023-11-27 20:55:00,23996,35.9515,35.95,35.95,35.955,35.94,263
2023-11-27 20:56:00,25907,35.9593,35.95,35.965,35.97,35.95,333
2023-11-27 20:57:00,25896,35.9657,35.965,35.97,35.975,35.96,337
2023-11-27 20:58:00,27457,35.9652,35.97,35.97,35.97,35.96,280
2023-11-27 20:59:00,67883,35.9877,35.97,36.01,36.02,35.96,565
2023-11-27 21:00:00,13461,36.01,36.01,36.01,36.01,36.01,8
2023-11-27 21:20:00,815,36.01,36.01,36.01,36.01,36.01,1
2023-11-28 14:30:00,8961,35.8863,35.88,35.95,36.01,35.88,20
2023-11-28 14:31:00,4322,35.8674,35.95,35.86,35.95,35.86,76
2023-11-28 14:32:00,2184,35.8583,35.86,35.865,35.885,35.82,57
2023-11-28 14:33:00,797,35.8523,35.84,35.855,35.855,35.84,19
2023-11-28 14:34:00,1878,35.8233,35.84,35.775,35.84,35.775,28
2023-11-28 14:35:00,532,35.8168,35.81,35.81,35.81,35.81,15
2023-11-28 14:36:00,2278,35.8398,35.84,35.81,35.85,35.81,61
2023-11-28 14:37:00,1577,35.8467,35.85,35.84,35.86,35.84,36
2023-11-28 14:38:00,2342,35.8535,35.85,35.84,35.87,35.84,36
2023-11-28 14:39:00,1653,35.8516,35.85,35.87,35.87,35.84,29
2023-11-28 14:40:00,2172,35.8896,35.89,35.88,35.9,35.88,39
2023-11-28 14:41:00,4930,35.8621,35.88,35.83,35.88,35.83,76
2023-11-28 14:42:00,1254,35.8608,35.86,35.86,35.86,35.86,22
2023-11-28 14:43:00,2844,35.8387,35.85,35.84,35.85,35.825,41
2023-11-28 14:44:00,291,35.8426,35.835,35.835,35.835,35.835,12
2023-11-28 14:45:00,19522,35.868,35.855,35.89,35.9,35.855,101
2023-11-28 14:46:00,3915,35.8708,35.89,35.845,35.89,35.845,49
2023-11-28 14:47:00,2445,35.8424,35.84,35.845,35.845,35.83,32
2023-11-28 14:48:00,4081,35.7934,35.82,35.79,35.82,35.79,41
2023-11-28 14:49:00,1414,35.7875,35.79,35.79,35.79,35.78,25
2023-11-28 14:50:00,2703,35.7745,35.785,35.77,35.785,35.765,52
2023-11-28 14:51:00,4921,35.7512,35.77,35.74,35.77,35.73,75
2023-11-28 14:52:00,1613,35.7428,35.75,35.735,35.75,35.735,27
2023-11-28 14:53:00,18059,35.7201,35.725,35.75,35.75,35.715,138
2023-11-28 14:54:00,13244,35.7506,35.75,35.74,35.76,35.74,46
2023-11-28 14:55:00,6625,35.7245,35.74,35.71,35.75,35.705,101
2023-11-28 14:56:00,9386,35.7345,35.71,35.75,35.75,35.71,118
2023-11-28 14:57:00,6902,35.7512,35.75,35.74,35.76,35.74,71
2023-11-28 14:58:00,624,35.7386,35.74,35.73,35.74,35.73,19
2023-11-28 14:59:00,4951,35.7475,35.745,35.755,35.76,35.74,89
2023-11-28 15:00:00,3743,35.7748,35.76,35.78,35.78,35.75,69
2023-11-28 15:01:00,21978,35.7945,35.79,35.79,35.81,35.78,221
2023-11-28 15:02:00,1196,35.7789,35.79,35.765,35.79,35.76,30
2023-11-28 15:03:00,4388,35.7377,35.765,35.72,35.765,35.72,69
2023-11-28 15:04:00,18512,35.7221,35.72,35.72,35.74,35.715,91
2023-11-28 15:05:00,4329,35.7423,35.72,35.77,35.77,35.72,89
2023-11-28 15:06:00,1018,35.7909,35.79,35.8,35.8,35.79,25
2023-11-28 15:07:00,2488,35.8084,35.81,35.805,35.81,35.805,38
2023-11-28 15:08:00,9419,35.7821,35.8,35.76,35.8,35.75,54
2023-11-28 15:09:00,334,35.7671,35.765,35.765,35.765,35.765,9
2023-11-28 15:10:00,3847,35.7797,35.77,35.78,35.79,35.77,70
2023-11-28 15:11:00,1111,35.7815,35.78,35.78,35.785,35.78,19
2023-11-28 15:12:00,2542,35.8224,35.815,35.825,35.83,35.815,52
2023-11-28 15:13:00,5864,35.8195,35.82,35.82,35.83,35.815,89
2023-11-28 15:14:00,464,35.8435,35.84,35.85,35.85,35.84,12
2023-11-28 15:15:00,3774,35.8567,35.855,35.86,35.865,35.855,37
2023-11-28 15:16:00,723,35.8546,35.86,35.86,35.86,35.86,8
2023-11-28 15:17:00,917,35.8493,35.85,35.845,35.85,35.845,23
2023-11-28 15:18:00,1586,35.8537,35.85,35.865,35.865,35.85,18
2023-11-28 15:19:00,2594,35.8625,35.87,35.85,35.875,35.85,61
2023-11-28 15:20:00,1176,35.8746,35.88,35.87,35.88,35.87,33
2023-11-28 15:21:00,1210,35.8834,35.895,35.87,35.895,35.87,28
2023-11-28 15:23:00,447,35.8796,35.88,35.88,35.88,35.88,17
2023-11-28 15:24:00,365,35.8787,35.88,35.88,35.88,35.88,12
2023-11-28 15:25:00,1534,35.8669,35.88,35.855,35.88,35.855,35
2023-11-28 15:26:00,263,35.8596,35.86,35.86,35.86,35.86,14
2023-11-28 15:27:00,839,35.867,35.86,35.86,35.86,35.86,15
2023-11-28 15:28:00,2074,35.8597,35.855,35.86,35.865,35.855,39
2023-11-28 15:29:00,1678,35.8555,35.87,35.845,35.87,35.845,29
2023-11-28 15:30:00,2037,35.8628,35.85,35.87,35.875,35.85,54
2023-11-28 15:31:00,1240,35.8642,35.87,35.855,35.87,35.855,25
2023-11-28 15:32:00,1023,35.8642,35.86,35.865,35.865,35.86,35
2023-11-28 15:33:00,554,35.8724,35.87,35.875,35.875,35.87,14
2023-11-28 15:34:00,3695,35.8522,35.875,35.84,35.875,35.84,78
2023-11-28 15:35:00,3131,35.85,35.845,35.85,35.85,35.845,46
2023-11-28 15:36:00,969,35.8518,35.855,35.85,35.855,35.85,32
2023-11-28 15:37:00,428,35.8673,35.87,35.87,35.87,35.87,27
2023-11-28 15:38:00,875,35.8786,35.88,35.88,35.88,35.875,31
2023-11-28 15:39:00,1840,35.8903,35.895,35.885,35.9,35.88,34
2023-11-28 15:40:00,1910,35.9104,35.885,35.92,35.92,35.885,42
2023-11-28 15:41:00,1307,35.9241,35.93,35.92,35.93,35.92,46
2023-11-28 15:42:00,3321,35.9233,35.94,35.925,35.94,35.91,64
2023-11-28 15:43:00,1398,35.93,35.93,35.93,35.93,35.925,31
2023-11-28 15:44:00,754,35.9381,35.93,35.945,35.945,35.93,23
2023-11-28 15:45:00,1252,35.9681,35.96,35.97,35.97,35.96,47
2023-11-28 15:46:00,2379,35.9648,35.97,35.96,35.97,35.96,27
2023-11-28 15:47:00,1911,35.9739,35.97,35.99,35.99,35.97,34
2023-11-28 15:48:00,1049,35.9828,35.99,35.99,35.99,35.98,27
2023-11-28 15:49:00,4263,35.9817,36.0,35.975,36.0,35.975,79
2023-11-28 15:50:00,1697,35.9729,35.98,35.98,35.98,35.97,38
2023-11-28 15:51:00,1710,35.9979,35.985,36.01,36.01,35.985,33
2023-11-28 15:52:00,2540,36.0,36.0,36.0,36.0,35.995,46
2023-11-28 15:53:00,13777,35.9987,36.0,35.98,36.01,35.975,69
2023-11-28 15:54:00,1280,35.9876,35.99,35.98,36.0,35.98,24
2023-11-28 15:55:00,3080,35.9681,35.9734,35.97,35.9734,35.955,36
2023-11-28 15:56:00,314,35.9576,35.96,35.9525,35.96,35.9525,9
2023-11-28 15:57:00,1747,35.9543,35.96,35.95,35.96,35.95,29
2023-11-28 15:58:00,499,35.9556,35.955,35.955,35.955,35.955,14
2023-11-28 15:59:00,469,35.9634,35.95,35.95,35.95,35.95,28
2023-11-28 16:00:00,2214,35.987,35.99,35.99,35.99,35.99,50
2023-11-28 16:01:00,3733,35.9665,35.98,35.955,35.98,35.955,53
2023-11-28 16:02:00,1466,35.9439,35.95,35.93,35.95,35.93,32
2023-11-28 16:03:00,2159,35.9482,35.94,35.95,35.955,35.94,34
2023-11-28 16:05:00,923,35.9648,35.96,35.97,35.97,35.96,23
2023-11-28 16:06:00,3572,35.9893,35.99,35.985,36.0,35.98,68
2023-11-28 16:07:00,2222,35.9726,35.98,35.97,35.985,35.97,46
2023-11-28 16:08:00,907,35.9692,35.97,35.965,35.97,35.965,22
2023-11-28 16:09:00,1652,35.9815,35.97,35.99,35.99,35.97,39
2023-11-28 16:10:00,1374,35.9966,35.99,36.0,36.0,35.99,40
2023-11-28 16:11:00,680,35.9893,35.99,35.985,35.99,35.985,22
2023-11-28 16:12:00,2430,36.0083,36.0,36.01,36.02,36.0,52
2023-11-28 16:13:00,1546,36.006,36.01,36.01,36.01,36.005,23
2023-11-28 16:15:00,2473,36.0302,36.03,36.04,36.04,36.025,56
2023-11-28 16:16:00,2727,36.029,36.04,36.025,36.04,36.02,64
2023-11-28 16:17:00,6489,36.026,36.03,36.03,36.035,36.025,42
2023-11-28 16:18:00,975,36.0458,36.04,36.055,36.055,36.04,29
2023-11-28 16:19:00,3991,36.0542,36.06,36.035,36.065,36.035,75
2023-11-28 16:20:00,1552,36.0455,36.04,36.05,36.05,36.04,33
2023-11-28 16:21:00,2200,36.0512,36.04,36.05,36.055,36.04,43
2023-11-28 16:23:00,942,36.0479,36.055,36.06,36.06,36.055,15
2023-11-28 16:24:00,2485,36.0689,36.06,36.08,36.09,36.06,57
2023-11-28 16:25:00,2489,36.0692,36.07,36.06,36.07,36.06,48
2023-11-28 16:26:00,1777,36.0544,36.06,36.07,36.07,36.05,46
2023-11-28 16:28:00,2450,36.0515,36.06,36.05,36.06,36.04,58
2023-11-28 16:29:00,1526,36.043,36.045,36.04,36.045,36.035,35
2023-11-28 16:30:00,1262,36.0498,36.04,36.065,36.065,36.04,36
2023-11-28 16:31:00,1358,36.0803,36.07,36.09,36.09,36.07,30
2023-11-28 16:32:00,2555,36.0805,36.095,36.075,36.095,36.075,45
2023-11-28 16:33:00,1270,36.0812,36.075,36.08,36.09,36.075,26
2023-11-28 16:34:00,1539,36.0808,36.08,36.08,36.09,36.08,39
2023-11-28 16:35:00,2926,36.0686,36.075,36.06,36.08,36.06,46
2023-11-28 16:36:00,1741,36.0483,36.05,36.05,36.05,36.05,47
2023-11-28 16:37:00,1557,36.0326,36.035,36.03,36.035,36.03,45
2023-11-28 16:38:00,1454,36.0389,36.04,36.025,36.04,36.025,42
2023-11-28 16:39:00,14724,36.0143,36.02,36.01,36.02,36.0,86
2023-11-28 16:40:00,2068,36.0018,36.005,35.995,36.005,35.995,31
2023-11-28 16:42:00,2191,36.0034,36.0,36.005,36.01,36.0,33
2023-11-28 16:43:00,6045,36.0211,36.01,36.035,36.04,36.005,76
2023-11-28 16:44:00,1865,36.0381,36.04,36.04,36.04,36.035,32
2023-11-28 16:45:00,2370,36.0449,36.045,36.055,36.06,36.045,27
2023-11-28 16:46:00,5041,36.0597,36.055,36.065,36.07,36.055,52
2023-11-28 16:47:00,3705,36.0596,36.065,36.05,36.065,36.05,65
2023-11-28 16:48:00,2038,36.0638,36.05,36.08,36.08,36.05,44
2023-11-28 16:49:00,7845,36.0905,36.085,36.11,36.115,36.075,107
2023-11-28 16:50:00,1921,36.1004,36.1,36.105,36.105,36.095,44
2023-11-28 16:51:00,12836,36.1153,36.11,36.115,36.12,36.11,62
2023-11-28 16:52:00,4432,36.1081,36.115,36.115,36.12,36.1,70
2023-11-28 16:53:00,813,36.1221,36.115,36.13,36.13,36.115,28
2023-11-28 16:54:00,1320,36.1235,36.13,36.115,36.13,36.115,29
2023-11-28 16:56:00,1484,36.1053,36.11,36.1,36.11,36.1,30
2023-11-28 16:58:00,3670,36.0828,36.09,36.08,36.09,36.065,62
2023-11-28 16:59:00,4609,36.0961,36.09,36.085,36.11,36.085,64
2023-11-28 17:00:00,584,36.0886,36.09,36.085,36.09,36.085,12
2023-11-28 17:01:00,2092,36.0808,36.085,36.08,36.085,36.08,30
2023-11-28 17:02:00,1941,36.0777,36.075,36.07,36.08,36.07,30
2023-11-28 17:03:00,539,36.08,36.08,36.075,36.08,36.0725,7
2023-11-28 17:04:00,1129,36.0876,36.08,36.095,36.095,36.08,25
2023-11-28 17:05:00,2011,36.0914,36.09,36.09,36.0992,36.085,39
2023-11-28 17:06:00,6169,36.0928,36.095,36.085,36.11,36.08,96
2023-11-28 17:07:00,958,36.0942,36.085,36.105,36.105,36.085,22
2023-11-28 17:08:00,1703,36.1047,36.11,36.1,36.115,36.1,39
2023-11-28 17:09:00,167,36.0919,36.09,36.09,36.09,36.09,10
2023-11-28 17:10:00,2340,36.1076,36.1,36.105,36.115,36.1,61
2023-11-28 17:11:00,490,36.116,36.11,36.125,36.125,36.11,22
2023-11-28 17:12:00,2524,36.1111,36.12,36.12,36.12,36.11,34
2023-11-28 17:13:00,17341,36.1058,36.1,36.115,36.115,36.095,88
2023-11-28 17:14:00,566,36.1127,36.115,36.11,36.115,36.11,11
2023-11-28 17:15:00,688,36.1032,36.11,36.1,36.11,36.1,16
2023-11-28 17:16:00,5685,36.0956,36.095,36.105,36.105,36.095,30
2023-11-28 17:17:00,199,36.1101,36.11,36.11,36.11,36.11,8
2023-11-28 17:18:00,3001,36.1099,36.115,36.105,36.115,36.105,42
2023-11-28 17:19:00,5581,36.0998,36.11,36.08,36.11,36.075,89
2023-11-28 17:20:00,1065,36.0822,36.08,36.085,36.085,36.08,23
2023-11-28 17:21:00,306,36.0919,36.085,36.085,36.085,36.085,6
2023-11-28 17:22:00,2401,36.0817,36.08,36.09,36.09,36.075,43
2023-11-28 17:23:00,2364,36.1067,36.1,36.1,36.12,36.1,41
2023-11-28 17:24:00,1463,36.0973,36.105,36.095,36.105,36.095,18
2023-11-28 17:25:00,7306,36.0985,36.095,36.095,36.1,36.095,80
2023-11-28 17:26:00,987,36.0993,36.1,36.105,36.105,36.095,17
2023-11-28 17:27:00,2057,36.1125,36.11,36.115,36.12,36.105,32
2023-11-28 17:28:00,1325,36.12,36.12,36.12,36.12,36.12,28
2023-11-28 17:29:00,2824,36.1285,36.13,36.121,36.13,36.121,40
2023-11-28 17:30:00,4498,36.1039,36.12,36.08,36.12,36.08,61
2023-11-28 17:31:00,3213,36.0908,36.08,36.11,36.11,36.075,50
2023-11-28 17:32:00,957,36.1093,36.105,36.105,36.1113,36.105,22
2023-11-28 17:33:00,853,36.1093,36.11,36.12,36.12,36.11,14
2023-11-28 17:34:00,1290,36.1208,36.12,36.12,36.125,36.12,30
2023-11-28 17:35:00,663,36.1348,36.13,36.145,36.145,36.13,19
2023-11-28 17:36:00,1469,36.1489,36.135,36.15,36.16,36.135,38
2023-11-28 17:37:00,3225,36.1484,36.155,36.145,36.155,36.145,44
2023-11-28 17:38:00,2305,36.1655,36.15,36.17,36.17,36.15,37
2023-11-28 17:39:00,4140,36.1757,36.17,36.18,36.18,36.165,53
2023-11-28 17:40:00,2559,36.1872,36.18,36.185,36.2,36.18,43
2023-11-28 17:41:00,684,36.1918,36.19,36.195,36.195,36.19,18
2023-11-28 17:42:00,2282,36.1924,36.195,36.195,36.2,36.19,50
2023-11-28 17:43:00,597,36.1977,36.2,36.205,36.205,36.2,13
2023-11-28 17:44:00,2756,36.201,36.21,36.215,36.22,36.21,42
2023-11-28 17:45:00,7821,36.2045,36.22,36.2,36.22,36.195,75
2023-11-28 17:46:00,1934,36.1998,36.2,36.21,36.21,36.195,17
2023-11-28 17:47:00,4637,36.2085,36.21,36.23,36.23,36.195,69
2023-11-28 17:48:00,3611,36.2303,36.23,36.23,36.235,36.23,58
2023-11-28 17:49:00,384,36.2242,36.225,36.23,36.23,36.225,15
2023-11-28 17:50:00,3237,36.2174,36.23,36.21,36.23,36.21,61
2023-11-28 17:51:00,1384,36.2232,36.215,36.23,36.23,36.21,25
2023-11-28 17:52:00,2100,36.2321,36.24,36.225,36.24,36.225,43
2023-11-28 17:53:00,2735,36.2297,36.23,36.23,36.23,36.23,54
2023-11-28 17:54:00,1941,36.2469,36.24,36.25,36.25,36.24,44
2023-11-28 17:55:00,3630,36.2241,36.24,36.22,36.24,36.22,67
2023-11-28 17:57:00,758,36.2292,36.225,36.23,36.23,36.225,25
2023-11-28 17:58:00,681,36.2279,36.23,36.23,36.23,36.23,31
2023-11-28 17:59:00,1410,36.2374,36.23,36.24,36.245,36.23,43
2023-11-28 18:00:00,11835,36.2072,36.23,36.2,36.235,36.19,120
2023-11-28 18:01:00,361,36.2094,36.21,36.21,36.21,36.21,15
2023-11-28 18:02:00,12659,36.1728,36.2,36.17,36.205,36.14,185
2023-11-28 18:03:00,2536,36.1802,36.17,36.18,36.19,36.17,45
2023-11-28 18:04:00,1272,36.1895,36.185,36.195,36.195,36.185,29
2023-11-28 18:05:00,3164,36.2006,36.2,36.2,36.21,36.2,71
2023-11-28 18:06:00,832,36.2016,36.195,36.21,36.21,36.195,17
2023-11-28 18:07:00,678,36.2081,36.21,36.21,36.21,36.21,17
2023-11-28 18:08:00,3019,36.2166,36.215,36.215,36.22,36.215,38
2023-11-28 18:09:00,1069,36.2198,36.22,36.22,36.22,36.22,20
2023-11-28 18:10:00,2997,36.2065,36.22,36.205,36.22,36.19,62
2023-11-28 18:11:00,776,36.2106,36.21,36.215,36.215,36.21,19
2023-11-28 18:12:00,802,36.2176,36.21,36.22,36.22,36.21,17
2023-11-28 18:13:00,1521,36.2284,36.23,36.225,36.23,36.225,32
2023-11-28 18:14:00,2310,36.2107,36.22,36.2,36.22,36.2,44
2023-11-28 18:15:00,2559,36.203,36.2,36.19,36.2,36.19,37
2023-11-28 18:17:00,3055,36.1975,36.19,36.23,36.23,36.19,34
2023-11-28 18:18:00,1458,36.2128,36.22,36.195,36.22,36.195,32
2023-11-28 18:19:00,797,36.2065,36.215,36.215,36.215,36.215,23
2023-11-28 18:20:00,1871,36.2226,36.2185,36.225,36.23,36.2185,37
2023-11-28 18:21:00,2148,36.2203,36.225,36.22,36.225,36.215,43
2023-11-28 18:22:00,2114,36.2185,36.22,36.21,36.22,36.21,35
2023-11-28 18:23:00,1253,36.2202,36.22,36.22,36.22,36.22,30
2023-11-28 18:24:00,491,36.2254,36.23,36.225,36.23,36.225,12
2023-11-28 18:25:00,3089,36.2342,36.23,36.24,36.24,36.23,56
2023-11-28 18:26:00,13659,36.2394,36.24,36.23,36.245,36.225,116
2023-11-28 18:27:00,3011,36.2357,36.23,36.235,36.245,36.23,25
2023-11-28 18:28:00,1534,36.2396,36.235,36.25,36.25,36.235,25
2023-11-28 18:29:00,3155,36.2439,36.245,36.25,36.25,36.245,46
2023-11-28 18:30:00,2180,36.2497,36.255,36.25,36.255,36.245,41
2023-11-28 18:31:00,18290,36.2237,36.245,36.205,36.245,36.195,128
2023-11-28 18:32:00,2793,36.2181,36.21,36.22,36.23,36.205,36
2023-11-28 18:33:00,1295,36.2194,36.22,36.21,36.22,36.21,21
2023-11-28 18:34:00,1158,36.2186,36.215,36.215,36.22,36.215,32
2023-11-28 18:35:00,813,36.2208,36.215,36.225,36.225,36.215,11
2023-11-28 18:36:00,2652,36.2308,36.23,36.235,36.235,36.23,54
2023-11-28 18:37:00,1408,36.2283,36.225,36.225,36.23,36.225,30
2023-11-28 18:38:00,115,36.2248,36.225,36.225,36.225,36.225,4
2023-11-28 18:39:00,2756,36.2135,36.22,36.21,36.22,36.205,58
2023-11-28 18:40:00,1096,36.2101,36.21,36.21,36.21,36.21,24
2023-11-28 18:41:00,3443,36.2149,36.21,36.22,36.22,36.21,47
2023-11-28 18:42:00,1314,36.2124,36.22,36.2001,36.22,36.2001,44
2023-11-28 18:43:00,864,36.2146,36.21,36.21,36.21,36.21,24
2023-11-28 18:44:00,4905,36.2086,36.22,36.2,36.22,36.2,96
2023-11-28 18:45:00,1532,36.1912,36.2,36.185,36.2,36.185,37
2023-11-28 18:46:00,7624,36.1796,36.185,36.17,36.185,36.17,91
2023-11-28 18:47:00,3798,36.1532,36.16,36.15,36.16,36.15,60
2023-11-28 18:48:00,1786,36.1517,36.155,36.15,36.155,36.15,32
2023-11-28 18:50:00,1537,36.15,36.15,36.15,36.15,36.15,29
2023-11-28 18:51:00,5681,36.1526,36.15,36.155,36.16,36.145,85
2023-11-28 18:52:00,116,36.1544,36.155,36.155,36.155,36.155,4
2023-11-28 18:53:00,940,36.1498,36.15,36.15,36.15,36.15,24
2023-11-28 18:54:00,679,36.1578,36.145,36.145,36.145,36.145,10
2023-11-28 18:55:00,4732,36.1506,36.15,36.15,36.155,36.15,52
2023-11-28 18:56:00,1423,36.1501,36.15,36.15,36.15,36.15,22
2023-11-28 18:57:00,550,36.1556,36.155,36.155,36.155,36.155,9
2023-11-28 18:58:00,4468,36.147,36.15,36.145,36.15,36.145,55
2023-11-28 18:59:00,6853,36.1382,36.145,36.13,36.145,36.13,105
2023-11-28 19:00:00,6849,36.1391,36.135,36.14,36.14,36.135,82
2023-11-28 19:01:00,9750,36.1395,36.135,36.14,36.14,36.135,98
2023-11-28 19:02:00,10920,36.1365,36.14,36.125,36.14,36.125,107
2023-11-28 19:03:00,5283,36.1095,36.12,36.095,36.12,36.095,51
2023-11-28 19:04:00,5289,36.1066,36.1,36.095,36.105,36.095,48
2023-11-28 19:05:00,3624,36.0989,36.09,36.095,36.1,36.09,53
2023-11-28 19:06:00,2204,36.089,36.09,36.085,36.09,36.08,43
2023-11-28 19:07:00,2224,36.0796,36.085,36.07,36.085,36.07,31
2023-11-28 19:08:00,3415,36.08,36.08,36.075,36.08,36.075,47
2023-11-28 19:09:00,260,36.0749,36.075,36.075,36.075,36.075,6
2023-11-28 19:10:00,3892,36.0798,36.08,36.085,36.085,36.075,64
2023-11-28 19:11:00,4351,36.0727,36.08,36.075,36.08,36.07,60
2023-11-28 19:12:00,5428,36.0846,36.075,36.085,36.09,36.075,39
2023-11-28 19:13:00,2210,36.0876,36.085,36.09,36.095,36.085,39
2023-11-28 19:14:00,1210,36.0801,36.08,36.08,36.08,36.08,30
2023-11-28 19:15:00,5543,36.0913,36.08,36.095,36.095,36.08,47
2023-11-28 19:16:00,1707,36.1001,36.1,36.105,36.105,36.095,21
2023-11-28 19:17:00,2403,36.0956,36.1001,36.09,36.1001,36.09,60
2023-11-28 19:18:00,1923,36.0942,36.1,36.095,36.1,36.095,30
2023-11-28 19:19:00,2035,36.0904,36.09,36.09,36.09,36.09,41
2023-11-28 19:20:00,3304,36.0985,36.095,36.1,36.1,36.09,40
2023-11-28 19:21:00,4943,36.1084,36.105,36.1,36.11,36.1,62
2023-11-28 19:22:00,3865,36.088,36.1,36.075,36.1,36.075,75
2023-11-28 19:23:00,3636,36.0595,36.075,36.04,36.075,36.04,49
2023-11-28 19:24:00,3169,36.0485,36.04,36.05,36.05,36.04,48
2023-11-28 19:25:00,4885,36.0582,36.05,36.0609,36.0609,36.05,44
2023-11-28 19:26:00,1185,36.0601,36.06,36.06,36.06,36.06,30
2023-11-28 19:27:00,2995,36.0539,36.06,36.045,36.06,36.045,76
2023-11-28 19:28:00,2270,36.0293,36.03,36.025,36.03,36.025,38
2023-11-28 19:29:00,668,36.0349,36.035,36.03,36.035,36.03,18
2023-11-28 19:30:00,1890,36.0302,36.03,36.03,36.03,36.03,55
2023-11-28 19:32:00,3738,36.02,36.02,36.02,36.025,36.02,85
2023-11-28 19:33:00,2738,36.019,36.015,36.02,36.02,36.015,62
2023-11-28 19:34:00,1120,36.012,36.01,36.01,36.015,36.01,38
2023-11-28 19:35:00,13412,36.0251,36.02,36.015,36.03,36.015,153
2023-11-28 19:36:00,2650,36.0181,36.015,36.02,36.02,36.015,42
2023-11-28 19:37:00,935,36.0169,36.02,36.015,36.02,36.015,34
2023-11-28 19:38:00,7155,36.0041,36.01,35.995,36.01,35.99,92
2023-11-28 19:39:00,18999,36.0161,36.0,36.03,36.035,36.0,117
2023-11-28 19:40:00,2015,36.0206,36.03,36.01,36.03,36.01,56
2023-11-28 19:42:00,1442,35.9949,35.995,35.9912,35.995,35.9912,17
2023-11-28 19:43:00,1144,36.0017,36.0,36.0,36.0,36.0,29
2023-11-28 19:44:00,2339,36.0006,36.0,36.0,36.0,36.0,51
2023-11-28 19:45:00,2207,36.0051,36.0,36.01,36.01,36.0,46
2023-11-28 19:46:00,1705,36.0204,36.015,36.03,36.03,36.015,25
2023-11-28 19:47:00,9337,36.0298,36.03,36.03,36.035,36.03,94
2023-11-28 19:49:00,5390,36.0175,36.025,36.01,36.025,36.01,87
2023-11-28 19:50:00,9095,36.0262,36.01,36.03,36.03,36.01,131
2023-11-28 19:51:00,12121,36.0296,36.03,36.03,36.035,36.025,116
2023-11-28 19:52:00,12402,36.0299,36.03,36.03,36.035,36.025,112
2023-11-28 19:53:00,30302,36.03,36.03,36.03,36.035,36.025,290
2023-11-28 19:54:00,35579,36.0304,36.03,36.03,36.04,36.025,428
2023-11-28 19:55:00,4223,36.0279,36.03,36.02,36.035,36.02,91
2023-11-28 19:57:00,6733,36.0193,36.02,36.015,36.025,36.01,132
2023-11-28 19:58:00,1284,36.0131,36.015,36.015,36.015,36.01,40
2023-11-28 19:59:00,8309,36.0119,36.01,36.02,36.02,36.0,123
2023-11-28 20:00:00,3849,36.0227,36.025,36.015,36.025,36.015,50
2023-11-28 20:01:00,8030,35.9977,36.015,35.98,36.015,35.98,100
2023-11-28 20:02:00,699,35.9887,35.985,35.985,35.985,35.985,24
2023-11-28 20:03:00,4488,36.0065,35.99,36.035,36.035,35.99,88
2023-11-28 20:04:00,2490,36.0218,36.03,36.025,36.03,36.025,47
2023-11-28 20:05:00,1395,36.0361,36.025,36.045,36.045,36.025,34
2023-11-28 20:06:00,4139,36.0402,36.045,36.04,36.045,36.04,79
2023-11-28 20:07:00,2432,36.0408,36.045,36.04,36.045,36.035,52
2023-11-28 20:08:00,25728,36.0501,36.05,36.05,36.06,36.045,74
2023-11-28 20:09:00,3151,36.0502,36.055,36.045,36.055,36.045,53
2023-11-28 20:10:00,10417,36.035,36.05,36.03,36.055,36.015,135
2023-11-28 20:11:00,2463,36.0395,36.035,36.04,36.045,36.035,45
2023-11-28 20:12:00,930,36.0434,36.045,36.05,36.05,36.045,24
2023-11-28 20:13:00,2573,36.039,36.045,36.04,36.045,36.035,68
2023-11-28 20:14:00,4617,36.0318,36.035,36.04,36.04,36.025,76
2023-11-28 20:15:00,2284,36.0507,36.045,36.05,36.05,36.045,45
2023-11-28 20:16:00,1245,36.0545,36.055,36.055,36.055,36.055,29
2023-11-28 20:17:00,4838,36.0514,36.055,36.06,36.06,36.045,77
2023-11-28 20:18:00,2888,36.0724,36.065,36.085,36.085,36.065,57
2023-11-28 20:19:00,2087,36.0778,36.08,36.08,36.08,36.075,40
2023-11-28 20:20:00,2213,36.0882,36.08,36.1,36.1,36.08,55
2023-11-28 20:21:00,11619,36.0735,36.095,36.05,36.1,36.045,164
2023-11-28 20:22:00,3274,36.0624,36.055,36.065,36.065,36.055,58
2023-11-28 20:23:00,4366,36.0578,36.065,36.045,36.065,36.045,79
2023-11-28 20:24:00,7474,36.0505,36.04,36.055,36.06,36.04,91
2023-11-28 20:25:00,2692,36.047,36.05,36.045,36.05,36.045,57
2023-11-28 20:26:00,39826,36.0339,36.04,36.0,36.04,36.0,185
2023-11-28 20:27:00,7600,36.0143,36.0,36.025,36.025,36.0,104
2023-11-28 20:28:00,1562,36.0265,36.03,36.025,36.03,36.025,26
2023-11-28 20:29:00,8488,36.0251,36.025,36.015,36.035,36.015,119
2023-11-28 20:30:00,2790,36.0152,36.015,36.015,36.015,36.015,45
2023-11-28 20:31:00,9096,36.011,36.015,36.01,36.015,36.005,119
2023-11-28 20:32:00,4349,36.0076,36.0,36.005,36.01,36.0,64
2023-11-28 20:33:00,3651,36.0134,36.01,36.015,36.015,36.01,47
2023-11-28 20:34:00,6333,36.0127,36.015,36.015,36.015,36.005,87
2023-11-28 20:35:00,13160,36.0299,36.015,36.04,36.04,36.015,181
2023-11-28 20:36:00,3137,36.0351,36.04,36.035,36.04,36.03,53
2023-11-28 20:37:00,11339,36.0239,36.035,36.005,36.035,36.005,172
2023-11-28 20:38:00,3682,36.0057,36.005,36.005,36.01,36.0,46
2023-11-28 20:39:00,8942,36.0095,36.01,36.005,36.015,36.005,95
2023-11-28 20:40:00,6361,36.0077,36.005,36.005,36.01,36.0,73
2023-11-28 20:41:00,4683,35.9977,36.0,35.995,36.0,35.995,69
2023-11-28 20:42:00,7619,35.9955,35.995,36.0,36.0,35.995,73
2023-11-28 20:43:00,12530,35.9996,36.0,36.005,36.005,35.995,114
2023-11-28 20:44:00,13261,36.0003,36.005,35.9915,36.005,35.99,137
2023-11-28 20:45:00,6773,36.0001,35.99,35.995,35.995,35.99,66
2023-11-28 20:46:00,12539,35.9951,35.995,35.995,36.0,35.99,147
2023-11-28 20:47:00,13043,35.9921,35.995,35.985,36.0,35.985,192
2023-11-28 20:48:00,26954,36.0047,35.98,36.04,36.04,35.98,253
2023-11-28 20:49:00,13112,36.0372,36.045,36.035,36.045,36.03,151
2023-11-28 20:50:00,32930,36.0723,36.03,36.09,36.095,36.03,440
2023-11-28 20:51:00,25673,36.0689,36.085,36.065,36.085,36.055,269
2023-11-28 20:52:00,41616,36.0445,36.065,36.015,36.07,36.015,408
2023-11-28 20:53:00,37838,36.0163,36.015,36.015,36.03,36.005,347
2023-11-28 20:54:00,22533,36.0142,36.01,36.025,36.03,36.0001,256
2023-11-28 20:55:00,17975,36.034,36.03,36.035,36.04,36.03,189
2023-11-28 20:56:00,11795,36.0353,36.035,36.03,36.04,36.03,152
2023-11-28 20:57:00,52032,36.0242,36.035,36.025,36.04,36.01,479
2023-11-28 20:58:00,82064,36.0203,36.02,36.02,36.03,36.01,613
2023-11-28 20:59:00,158486,36.0499,36.02,36.01,36.1,36.01,959
2023-11-28 21:00:00,5887,36.04,36.04,36.04,36.04,36.04,22
2023-11-29 14:30:00,3768,36.335,36.29,36.27,36.34,36.27,15
2023-11-29 14:31:00,1075,36.3467,36.31,36.365,36.39,36.31,19
2023-11-29 14:32:00,532,36.3267,36.33,36.32,36.33,36.32,12
2023-11-29 14:33:00,2031,36.2713,36.28,36.25,36.28,36.23,29
2023-11-29 14:34:00,2453,36.2623,36.27,36.27,36.27,36.25,29
2023-11-29 14:35:00,192,36.2832,36.28,36.28,36.28,36.28,10
2023-11-29 14:36:00,2328,36.2812,36.27,36.29,36.29,36.27,43
2023-11-29 14:37:00,1521,36.2957,36.33,36.28,36.33,36.28,40
2023-11-29 14:38:00,595,36.2564,36.25,36.28,36.28,36.25,11
2023-11-29 14:39:00,1937,36.294,36.3,36.33,36.33,36.29,28
2023-11-29 14:40:00,1430,36.3376,36.34,36.33,36.35,36.33,30
2023-11-29 14:41:00,810,36.3437,36.35,36.35,36.35,36.33,16
2023-11-29 14:42:00,1663,36.3335,36.34,36.34,36.34,36.32,31
2023-11-29 14:43:00,251,36.3408,36.34,36.34,36.34,36.34,13
2023-11-29 14:44:00,3933,36.3252,36.34,36.33,36.34,36.315,50
2023-11-29 14:45:00,3007,36.355,36.35,36.355,36.37,36.34,39
2023-11-29 14:46:00,916,36.3695,36.37,36.37,36.375,36.37,16
2023-11-29 14:47:00,2118,36.3925,36.39,36.4,36.41,36.38,27
2023-11-29 14:48:00,628,36.3767,36.39,36.38,36.39,36.37,11
2023-11-29 14:49:00,4494,36.3875,36.37,36.405,36.405,36.37,54
2023-11-29 14:50:00,1692,36.4042,36.4,36.405,36.42,36.4,32
2023-11-29 14:51:00,1699,36.4059,36.405,36.42,36.42,36.39,30
2023-11-29 14:52:00,2720,36.417,36.42,36.42,36.42,36.41,34
2023-11-29 14:53:00,3658,36.4181,36.43,36.39,36.43,36.38,57
2023-11-29 14:54:00,3790,36.3799,36.39,36.39,36.395,36.36,58
2023-11-29 14:55:00,1734,36.4037,36.39,36.41,36.41,36.39,31
2023-11-29 14:56:00,1419,36.4245,36.42,36.425,36.425,36.42,21
2023-11-29 14:57:00,1633,36.4336,36.43,36.44,36.44,36.425,29
2023-11-29 14:58:00,1257,36.4411,36.45,36.44,36.45,36.44,26
2023-11-29 14:59:00,2861,36.4434,36.44,36.46,36.46,36.44,45
2023-11-29 15:00:00,1843,36.429,36.46,36.39,36.46,36.39,46
2023-11-29 15:01:00,1270,36.3663,36.38,36.35,36.38,36.35,29
2023-11-29 15:02:00,1168,36.349,36.36,36.36,36.36,36.34,20
2023-11-29 15:03:00,866,36.3449,36.34,36.35,36.35,36.34,15
2023-11-29 15:04:00,1204,36.3516,36.35,36.35,36.3575,36.35,19
2023-11-29 15:05:00,5945,36.3274,36.35,36.325,36.35,36.32,80
2023-11-29 15:06:00,523,36.3143,36.31,36.31,36.32,36.31,12
2023-11-29 15:07:00,1936,36.3189,36.31,36.34,36.34,36.305,27
2023-11-29 15:08:00,2169,36.3287,36.335,36.32,36.34,36.32,32
2023-11-29 15:09:00,3344,36.2925,36.31,36.295,36.325,36.28,59
2023-11-29 15:10:00,1805,36.2974,36.28,36.295,36.305,36.28,33
2023-11-29 15:11:00,2411,36.3075,36.295,36.315,36.32,36.295,42
2023-11-29 15:12:00,894,36.3135,36.31,36.32,36.32,36.305,17
2023-11-29 15:13:00,1385,36.3205,36.325,36.31,36.33,36.31,31
2023-11-29 15:14:00,1308,36.3234,36.32,36.33,36.33,36.32,29
2023-11-29 15:15:00,1310,36.336,36.34,36.34,36.35,36.33,17
2023-11-29 15:16:00,1770,36.3312,36.34,36.34,36.34,36.32,34
2023-11-29 15:17:00,1451,36.3435,36.355,36.34,36.355,36.34,22
2023-11-29 15:18:00,727,36.3415,36.34,36.345,36.345,36.34,11
2023-11-29 15:19:00,1072,36.3354,36.34,36.325,36.34,36.325,18
2023-11-29 15:20:00,1799,36.3323,36.32,36.345,36.345,36.32,42
2023-11-29 15:21:00,1681,36.3531,36.35,36.355,36.36,36.35,30
2023-11-29 15:22:00,1253,36.3464,36.35,36.34,36.35,36.34,17
2023-11-29 15:23:00,2045,36.3248,36.34,36.315,36.34,36.31,41
2023-11-29 15:24:00,4384,36.3239,36.32,36.31,36.335,36.31,50
2023-11-29 15:25:00,9042,36.3175,36.31,36.32,36.33,36.305,112
2023-11-29 15:26:00,1261,36.3216,36.32,36.325,36.325,36.32,13
2023-11-29 15:27:00,2791,36.3186,36.32,36.32,36.32,36.31,26
2023-11-29 15:28:00,2366,36.3208,36.32,36.32,36.325,36.315,37
2023-11-29 15:29:00,1072,36.3088,36.31,36.305,36.31,36.305,18
2023-11-29 15:30:00,2901,36.3019,36.3,36.3,36.3,36.295,43
2023-11-29 15:31:00,7068,36.3039,36.31,36.305,36.31,36.29,99
2023-11-29 15:32:00,9010,36.3272,36.305,36.325,36.345,36.305,116
2023-11-29 15:33:00,3002,36.3516,36.33,36.355,36.37,36.33,56
2023-11-29 15:34:00,2093,36.3624,36.36,36.36,36.375,36.355,31
2023-11-29 15:35:00,4281,36.3947,36.37,36.39,36.41,36.37,87
2023-11-29 15:36:00,1468,36.3854,36.39,36.39,36.39,36.385,19
2023-11-29 15:37:00,572,36.3793,36.39,36.395,36.395,36.39,7
2023-11-29 15:38:00,1402,36.3951,36.3901,36.4,36.4,36.3901,12
2023-11-29 15:39:00,4290,36.388,36.4,36.38,36.41,36.37,86
2023-11-29 15:40:00,1220,36.3916,36.385,36.395,36.395,36.385,19
2023-11-29 15:41:00,4983,36.3858,36.4,36.36,36.405,36.355,76
2023-11-29 15:42:00,838,36.361,36.36,36.36,36.365,36.36,12
2023-11-29 15:43:00,2283,36.3722,36.37,36.39,36.39,36.36,40
2023-11-29 15:44:00,2212,36.3887,36.39,36.385,36.405,36.385,29
2023-11-29 15:45:00,2215,36.3767,36.38,36.38,36.387,36.37,45
2023-11-29 15:46:00,2242,36.3914,36.39,36.4,36.4,36.38,34
2023-11-29 15:47:00,1120,36.3898,36.39,36.39,36.39,36.385,23
2023-11-29 15:48:00,630,36.39,36.39,36.39,36.39,36.39,16
2023-11-29 15:49:00,1904,36.373,36.38,36.365,36.38,36.36,24
2023-11-29 15:50:00,3906,36.357,36.36,36.345,36.365,36.345,64
2023-11-29 15:51:00,3885,36.3543,36.35,36.345,36.37,36.345,66
2023-11-29 15:52:00,35766,36.3486,36.35,36.34,36.35,36.33,97
2023-11-29 15:53:00,2383,36.3364,36.345,36.32,36.35,36.32,35
2023-11-29 15:54:00,1508,36.3047,36.31,36.295,36.31,36.295,18
2023-11-29 15:55:00,2914,36.3061,36.3,36.29,36.315,36.29,53
2023-11-29 15:56:00,2861,36.3133,36.3,36.325,36.325,36.3,39
2023-11-29 15:57:00,1788,36.331,36.34,36.325,36.34,36.325,26
2023-11-29 15:58:00,1131,36.3246,36.325,36.33,36.33,36.32,18
2023-11-29 15:59:00,1962,36.3272,36.34,36.31,36.34,36.31,38
2023-11-29 16:00:00,1856,36.3203,36.305,36.33,36.33,36.305,27
2023-11-29 16:01:00,1573,36.3221,36.33,36.32,36.33,36.315,20
2023-11-29 16:02:00,1112,36.3357,36.32,36.34,36.34,36.32,29
2023-11-29 16:03:00,7333,36.343,36.35,36.305,36.35,36.305,89
2023-11-29 16:04:00,1251,36.3157,36.31,36.315,36.325,36.31,22
2023-11-29 16:05:00,604,36.3202,36.31,36.325,36.325,36.31,8
2023-11-29 16:06:00,1632,36.3265,36.33,36.32,36.33,36.32,35
2023-11-29 16:07:00,847,36.309,36.31,36.315,36.3175,36.3,18
2023-11-29 16:08:00,1114,36.3199,36.32,36.32,36.32,36.32,20
2023-11-29 16:09:00,703,36.3293,36.325,36.33,36.33,36.325,19
2023-11-29 16:10:00,2451,36.318,36.33,36.3,36.33,36.3,53
2023-11-29 16:11:00,928,36.2936,36.295,36.295,36.3,36.29,19
2023-11-29 16:12:00,1067,36.2815,36.29,36.28,36.29,36.28,20
2023-11-29 16:13:00,1396,36.2822,36.27,36.29,36.29,36.27,23
2023-11-29 16:14:00,235,36.2889,36.2875,36.2875,36.2875,36.2875,8
2023-11-29 16:15:00,1675,36.2878,36.28,36.295,36.3,36.28,37
2023-11-29 16:16:00,1943,36.2791,36.29,36.26,36.29,36.26,33
2023-11-29 16:17:00,885,36.2485,36.255,36.23,36.255,36.23,26
2023-11-29 16:18:00,2741,36.2371,36.235,36.23,36.245,36.23,48
2023-11-29 16:19:00,4189,36.2275,36.225,36.21,36.235,36.21,57
2023-11-29 16:20:00,1446,36.223,36.22,36.215,36.22,36.215,26
2023-11-29 16:21:00,439,36.2199,36.22,36.22,36.22,36.22,9
2023-11-29 16:22:00,1310,36.2197,36.22,36.21,36.225,36.21,26
2023-11-29 16:23:00,1651,36.2127,36.21,36.21,36.21,36.21,36
2023-11-29 16:24:00,396,36.1928,36.195,36.195,36.195,36.195,10
2023-11-29 16:25:00,1447,36.1971,36.2,36.1901,36.2,36.19,23
2023-11-29 16:26:00,2164,36.179,36.19,36.165,36.19,36.16,40
2023-11-29 16:27:00,1995,36.1673,36.165,36.17,36.17,36.165,18
2023-11-29 16:28:00,799,36.1772,36.175,36.175,36.175,36.175,9
2023-11-29 16:29:00,2223,36.1641,36.175,36.15,36.175,36.15,44
2023-11-29 16:30:00,1873,36.1599,36.155,36.165,36.165,36.155,26
2023-11-29 16:31:00,1189,36.1602,36.16,36.16,36.16,36.16,21
2023-11-29 16:33:00,2308,36.163,36.165,36.17,36.175,36.16,47
2023-11-29 16:34:00,1990,36.1655,36.175,36.15,36.18,36.15,29
2023-11-29 16:35:00,1441,36.1634,36.15,36.165,36.165,36.15,17
2023-11-29 16:36:00,1401,36.1708,36.17,36.17,36.175,36.17,41
2023-11-29 16:37:00,1856,36.1592,36.16,36.15,36.16,36.15,36
2023-11-29 16:39:00,1240,36.1507,36.145,36.15,36.15,36.145,28
2023-11-29 16:40:00,827,36.1513,36.1512,36.15,36.1513,36.15,18
2023-11-29 16:41:00,2257,36.16,36.16,36.16,36.16,36.16,29
2023-11-29 16:42:00,3806,36.1713,36.165,36.17,36.1795,36.165,59
2023-11-29 16:43:00,2819,36.159,36.175,36.14,36.175,36.14,55
2023-11-29 16:44:00,3665,36.1478,36.14,36.15,36.15,36.14,39
2023-11-29 16:45:00,9912,36.155,36.155,36.13,36.165,36.13,86
2023-11-29 16:46:00,2607,36.1357,36.125,36.13,36.145,36.125,32
2023-11-29 16:47:00,2906,36.1415,36.125,36.145,36.145,36.125,30
2023-11-29 16:48:00,4148,36.1488,36.145,36.145,36.155,36.14,61
2023-11-29 16:49:00,3840,36.1419,36.145,36.14,36.15,36.14,46
2023-11-29 16:50:00,5168,36.1563,36.145,36.15,36.16,36.14,78
2023-11-29 16:51:00,1238,36.1403,36.145,36.135,36.145,36.13,19
2023-11-29 16:52:00,3906,36.1473,36.135,36.155,36.155,36.135,43
2023-11-29 16:53:00,3372,36.1623,36.16,36.165,36.17,36.16,29
2023-11-29 16:54:00,2757,36.1712,36.17,36.175,36.18,36.17,36
2023-11-29 16:55:00,2051,36.1798,36.18,36.1908,36.1908,36.18,30
2023-11-29 16:56:00,3892,36.186,36.195,36.16,36.2,36.16,57
2023-11-29 16:57:00,3360,36.1736,36.165,36.18,36.18,36.165,45
2023-11-29 16:58:00,875,36.1677,36.17,36.17,36.17,36.16,15
2023-11-29 16:59:00,1142,36.1598,36.16,36.1616,36.1616,36.155,16
2023-11-29 17:00:00,580,36.1654,36.16,36.17,36.17,36.16,11
2023-11-29 17:01:00,5556,36.1585,36.165,36.16,36.17,36.15,87
2023-11-29 17:02:00,1829,36.1493,36.16,36.145,36.16,36.14,23
2023-11-29 17:03:00,639,36.1391,36.14,36.14,36.14,36.135,17
2023-11-29 17:04:00,818,36.141,36.14,36.145,36.145,36.14,12
2023-11-29 17:05:00,9923,36.1502,36.15,36.1305,36.16,36.1305,120
2023-11-29 17:06:00,3212,36.1168,36.13,36.1001,36.13,36.1,54
2023-11-29 17:07:00,986,36.1032,36.1,36.1,36.1,36.0905,21
2023-11-29 17:08:00,3039,36.1061,36.1,36.1,36.11,36.095,40
2023-11-29 17:09:00,1453,36.0984,36.1,36.105,36.105,36.09,21
2023-11-29 17:10:00,2700,36.1132,36.105,36.12,36.12,36.105,50
2023-11-29 17:11:00,1732,36.1314,36.13,36.14,36.14,36.13,29
2023-11-29 17:12:00,826,36.1391,36.14,36.135,36.14,36.135,21
2023-11-29 17:13:00,2105,36.1288,36.13,36.125,36.14,36.125,32
2023-11-29 17:14:00,1988,36.1329,36.13,36.145,36.145,36.125,22
2023-11-29 17:15:00,2718,36.1436,36.14,36.15,36.155,36.135,37
2023-11-29 17:16:00,3669,36.1414,36.15,36.14,36.15,36.135,37
2023-11-29 17:17:00,975,36.136,36.14,36.135,36.14,36.13,17
2023-11-29 17:18:00,427,36.135,36.14,36.135,36.14,36.13,7
2023-11-29 17:19:00,300,36.1367,36.135,36.14,36.14,36.135,3
2023-11-29 17:20:00,1164,36.1316,36.135,36.13,36.135,36.13,23
2023-11-29 17:21:00,2910,36.1236,36.13,36.115,36.13,36.115,35
2023-11-29 17:22:00,1804,36.1089,36.11,36.105,36.11,36.105,31
2023-11-29 17:23:00,238,36.1051,36.105,36.105,36.105,36.105,7
2023-11-29 17:24:00,400,36.1044,36.1075,36.1,36.1075,36.1,4
2023-11-29 17:25:00,1455,36.1016,36.11,36.095,36.11,36.095,45
2023-11-29 17:26:00,275,36.093,36.0975,36.0975,36.0975,36.0975,11
2023-11-29 17:27:00,1581,36.089,36.09,36.09,36.09,36.085,22
2023-11-29 17:28:00,6251,36.0994,36.085,36.11,36.11,36.085,68
2023-11-29 17:29:00,1517,36.1144,36.12,36.105,36.12,36.105,23
2023-11-29 17:30:00,831,36.1039,36.105,36.11,36.11,36.105,13
2023-11-29 17:31:00,200,36.1025,36.1,36.105,36.105,36.1,2
2023-11-29 17:32:00,1278,36.1147,36.115,36.1108,36.12,36.11,23
2023-11-29 17:33:00,430,36.1147,36.115,36.12,36.12,36.115,9
2023-11-29 17:34:00,3270,36.1197,36.115,36.12,36.125,36.115,40
2023-11-29 17:35:00,1654,36.1193,36.12,36.12,36.12,36.115,20
2023-11-29 17:36:00,360,36.1278,36.125,36.13,36.13,36.125,8
2023-11-29 17:37:00,631,36.1274,36.125,36.125,36.13,36.125,10
2023-11-29 17:38:00,5181,36.1338,36.125,36.13,36.15,36.125,74
2023-11-29 17:39:00,2057,36.1431,36.13,36.145,36.15,36.13,23
2023-11-29 17:40:00,249,36.1449,36.145,36.145,36.145,36.145,12
2023-11-29 17:41:00,736,36.1386,36.14,36.135,36.14,36.135,15
2023-11-29 17:42:00,2441,36.1192,36.13,36.115,36.13,36.11,32
2023-11-29 17:43:00,1734,36.1049,36.11,36.1,36.11,36.095,36
2023-11-29 17:44:00,314,36.1036,36.095,36.095,36.095,36.095,9
2023-11-29 17:45:00,2956,36.0993,36.09,36.1,36.1,36.09,43
2023-11-29 17:46:00,784,36.1118,36.11,36.12,36.12,36.1,21
2023-11-29 17:47:00,2799,36.1085,36.12,36.095,36.12,36.095,45
2023-11-29 17:48:00,766,36.0957,36.095,36.1,36.1,36.095,14
2023-11-29 17:49:00,1431,36.1004,36.1,36.1,36.1,36.1,23
2023-11-29 17:50:00,2137,36.0911,36.1,36.09,36.1,36.085,33
2023-11-29 17:51:00,2083,36.0826,36.08,36.085,36.09,36.08,35
2023-11-29 17:52:00,381,36.0899,36.09,36.09,36.09,36.09,9
2023-11-29 17:53:00,396,36.0965,36.1,36.095,36.1,36.095,6
2023-11-29 17:54:00,723,36.0888,36.095,36.085,36.095,36.085,13
2023-11-29 17:55:00,2901,36.0792,36.08,36.075,36.085,36.075,40
2023-11-29 17:56:00,1934,36.0659,36.07,36.055,36.07,36.055,27
2023-11-29 17:57:00,860,36.0527,36.055,36.05,36.06,36.045,20
2023-11-29 17:58:00,2595,36.0498,36.05,36.05,36.05,36.05,37
2023-11-29 17:59:00,782,36.0601,36.05,36.06,36.06,36.05,8
2023-11-29 18:01:00,472,36.0457,36.05,36.045,36.05,36.04,16
2023-11-29 18:02:00,2543,36.0469,36.045,36.045,36.05,36.045,35
2023-11-29 18:03:00,4250,36.0557,36.05,36.06,36.06,36.05,55
2023-11-29 18:04:00,4284,36.0763,36.06,36.07,36.085,36.06,61
2023-11-29 18:05:00,550,36.0627,36.065,36.06,36.065,36.06,13
2023-11-29 18:06:00,1343,36.0767,36.07,36.095,36.095,36.07,31
2023-11-29 18:07:00,1761,36.0864,36.09,36.095,36.095,36.085,35
2023-11-29 18:08:00,2882,36.0953,36.095,36.105,36.105,36.085,44
2023-11-29 18:09:00,3302,36.0978,36.105,36.09,36.11,36.09,45
2023-11-29 18:10:00,329,36.0924,36.095,36.09,36.095,36.09,6
2023-11-29 18:11:00,1186,36.085,36.09,36.08,36.09,36.08,23
2023-11-29 18:12:00,1832,36.09,36.09,36.09,36.095,36.085,27
2023-11-29 18:13:00,745,36.0887,36.095,36.08,36.095,36.08,14
2023-11-29 18:14:00,1095,36.0874,36.09,36.08,36.09,36.08,16
2023-11-29 18:15:00,8707,36.0607,36.08,36.05,36.08,36.045,119
2023-11-29 18:16:00,4828,36.0576,36.055,36.055,36.065,36.05,53
2023-11-29 18:17:00,360,36.0532,36.055,36.055,36.055,36.055,13
2023-11-29 18:18:00,151,36.0511,36.05,36.05,36.05,36.05,8
2023-11-29 18:19:00,1525,36.0467,36.05,36.04,36.05,36.04,24
2023-11-29 18:20:00,3775,36.05,36.05,36.06,36.06,36.045,44
2023-11-29 18:21:00,3933,36.0603,36.055,36.07,36.07,36.055,47
2023-11-29 18:22:00,4124,36.082,36.07,36.095,36.095,36.07,55
2023-11-29 18:23:00,3543,36.0874,36.095,36.075,36.1,36.075,57
2023-11-29 18:24:00,1484,36.0747,36.075,36.075,36.075,36.07,15
2023-11-29 18:25:00,145,36.0716,36.07,36.07,36.07,36.07,5
2023-11-29 18:26:00,5051,36.0877,36.08,36.1,36.1,36.075,60
2023-11-29 18:27:00,2270,36.0976,36.095,36.1,36.105,36.095,30
2023-11-29 18:28:00,2554,36.0889,36.095,36.09,36.095,36.085,38
2023-11-29 18:29:00,987,36.089,36.09,36.085,36.09,36.085,13
2023-11-29 18:30:00,5267,36.0932,36.08,36.105,36.105,36.08,60
2023-11-29 18:31:00,3967,36.0952,36.1,36.09,36.105,36.085,57
2023-11-29 18:32:00,7392,36.066,36.08,36.05,36.08,36.05,95
2023-11-29 18:33:00,3489,36.0401,36.05,36.03,36.05,36.02,52
2023-11-29 18:34:00,11359,36.027,36.025,36.025,36.04,36.01,134
2023-11-29 18:35:00,5287,36.045,36.03,36.045,36.06,36.03,69
2023-11-29 18:36:00,3322,36.0543,36.05,36.055,36.07,36.05,43
2023-11-29 18:37:00,2215,36.0505,36.055,36.045,36.055,36.045,29
2023-11-29 18:38:00,8279,36.045,36.04,36.05,36.06,36.035,85
2023-11-29 18:39:00,649,36.0552,36.055,36.055,36.055,36.055,9
2023-11-29 18:40:00,2070,36.0516,36.055,36.05,36.06,36.045,24
2023-11-29 18:41:00,824,36.0416,36.04,36.045,36.045,36.04,17
2023-11-29 18:42:00,11865,36.0226,36.04,36.015,36.04,36.01,139
2023-11-29 18:43:00,5175,36.0103,36.01,36.0,36.02,36.0,61
2023-11-29 18:44:00,2577,35.9951,36.0,35.99,36.0,35.985,37
2023-11-29 18:45:00,5295,35.9927,35.985,35.985,36.0,35.985,66
2023-11-29 18:46:00,3663,35.9964,35.98,35.99,36.005,35.98,55
2023-11-29 18:47:00,4805,35.9951,35.995,35.99,36.01,35.985,79
2023-11-29 18:48:00,4158,35.9746,35.985,35.97,35.99,35.96,67
2023-11-29 18:49:00,3773,35.9929,35.97,36.0,36.01,35.97,70
2023-11-29 18:50:00,3699,36.0046,36.0,36.015,36.02,35.995,63
2023-11-29 18:51:00,916,36.0087,36.01,36.01,36.01,36.005,14
2023-11-29 18:52:00,1712,36.0008,36.0,36.005,36.005,35.995,22
2023-11-29 18:53:00,2745,35.9893,36.0,35.9875,36.0,35.98,50
2023-11-29 18:54:00,2733,35.9969,35.99,36.0,36.01,35.985,42
2023-11-29 18:55:00,4740,35.9829,36.0,35.97,36.0,35.97,73
2023-11-29 18:56:00,2301,35.9849,35.98,35.99,35.99,35.98,45
2023-11-29 18:57:00,1738,35.9999,35.99,36.005,36.01,35.99,35
2023-11-29 18:58:00,851,36.0096,36.005,36.01,36.01,36.005,36
2023-11-29 18:59:00,645,36.0153,36.02,36.015,36.02,36.01,10
2023-11-29 19:00:00,2140,36.0202,36.02,36.0275,36.03,36.015,40
2023-11-29 19:01:00,2660,36.0198,36.02,36.02,36.03,36.015,41
2023-11-29 19:02:00,4407,36.0069,36.02,35.995,36.02,35.99,83
2023-11-29 19:03:00,5790,35.9986,35.995,36.0,36.01,35.99,85
2023-11-29 19:04:00,2005,36.0013,35.99,36.01,36.01,35.99,47
2023-11-29 19:05:00,3583,36.0291,36.01,36.04,36.05,36.01,63
2023-11-29 19:06:00,3207,36.0417,36.045,36.035,36.05,36.035,42
2023-11-29 19:07:00,767,36.028,36.035,36.025,36.035,36.025,12
2023-11-29 19:08:00,4552,36.031,36.03,36.03,36.045,36.025,61
2023-11-29 19:09:00,3436,36.0436,36.03,36.06,36.06,36.03,48
2023-11-29 19:10:00,969,36.0485,36.05,36.04,36.05,36.04,18
2023-11-29 19:11:00,43363,36.0408,36.04,36.07,36.07,36.035,236
2023-11-29 19:12:00,11717,36.0561,36.065,36.025,36.08,36.02,104
2023-11-29 19:13:00,6424,36.038,36.025,36.05,36.06,36.025,69
2023-11-29 19:14:00,548,36.0549,36.055,36.055,36.055,36.055,10
2023-11-29 19:15:00,3000,36.0572,36.06,36.05,36.06,36.05,42
2023-11-29 19:16:00,2881,36.0473,36.05,36.05,36.055,36.04,36
2023-11-29 19:17:00,3096,36.0418,36.045,36.045,36.045,36.04,52
2023-11-29 19:18:00,4021,36.0397,36.04,36.045,36.05,36.03,75
2023-11-29 19:19:00,5814,36.0355,36.05,36.025,36.05,36.025,83
2023-11-29 19:20:00,1116,36.0261,36.025,36.025,36.025,36.025,28
2023-11-29 19:21:00,9126,36.0443,36.03,36.06,36.07,36.03,110
2023-11-29 19:22:00,1528,36.0683,36.07,36.065,36.07,36.065,22
2023-11-29 19:23:00,4033,36.0637,36.06,36.065,36.07,36.06,52
2023-11-29 19:24:00,1338,36.0694,36.065,36.07,36.075,36.065,19
2023-11-29 19:25:00,17842,36.0558,36.07,36.01,36.07,36.01,101
2023-11-29 19:26:00,8400,36.0087,36.01,36.02,36.02,36.0,92
2023-11-29 19:27:00,3848,36.0062,36.015,35.99,36.02,35.99,62
2023-11-29 19:28:00,437,35.994,35.995,35.99,36.0,35.99,9
2023-11-29 19:29:00,838,35.992,35.995,35.99,35.995,35.99,21
2023-11-29 19:30:00,4578,35.9772,35.99,35.9515,35.995,35.9515,83
2023-11-29 19:31:00,8355,35.9719,35.955,35.98,35.99,35.955,97
2023-11-29 19:32:00,2709,35.9828,35.985,35.98,35.99,35.975,47
2023-11-29 19:33:00,797,35.9787,35.98,35.98,35.98,35.98,25
2023-11-29 19:34:00,2433,35.9682,35.97,35.965,35.97,35.96,44
2023-11-29 19:35:00,2543,35.9696,35.965,35.97,35.975,35.965,38
2023-11-29 19:36:00,5537,35.9419,35.965,35.94,35.965,35.925,73
2023-11-29 19:37:00,1003,35.9444,35.94,35.945,35.945,35.94,16
2023-11-29 19:38:00,3383,35.9451,35.95,35.93,35.955,35.93,61
2023-11-29 19:39:00,1571,35.9278,35.925,35.93,35.93,35.925,35
2023-11-29 19:40:00,2545,35.9306,35.92,35.935,35.935,35.92,35
2023-11-29 19:41:00,2203,35.9392,35.935,35.94,35.94,35.93,30
2023-11-29 19:42:00,1022,35.9432,35.945,35.95,35.95,35.945,18
2023-11-29 19:43:00,6960,35.9401,35.95,35.91,35.96,35.91,100
2023-11-29 19:44:00,2385,35.9153,35.915,35.9,35.93,35.9,48
2023-11-29 19:45:00,4212,35.9247,35.905,35.94,35.94,35.905,71
2023-11-29 19:46:00,2043,35.9585,35.96,35.965,35.965,35.96,55
2023-11-29 19:47:00,1916,35.9649,35.97,35.96,35.97,35.96,39
2023-11-29 19:48:00,269,35.9528,35.955,35.95,35.955,35.95,9
2023-11-29 19:49:00,1651,35.9506,35.95,35.95,35.95,35.945,28
2023-11-29 19:50:00,1623,35.9535,35.95,35.96,35.96,35.95,28
2023-11-29 19:51:00,4455,35.9639,35.97,35.945,35.98,35.945,90
2023-11-29 19:52:00,1760,35.9484,35.95,35.95,35.95,35.945,32
2023-11-29 19:53:00,1943,35.9493,35.95,35.945,35.95,35.945,36
2023-11-29 19:54:00,284,35.95,35.95,35.95,35.95,35.95,12
2023-11-29 19:55:00,4174,35.9449,35.955,35.94,35.955,35.94,69
2023-11-29 19:56:00,3270,35.9431,35.935,35.955,35.955,35.93,58
2023-11-29 19:57:00,4796,35.941,35.955,35.945,35.955,35.935,69
2023-11-29 19:58:00,702,35.9447,35.945,35.945,35.945,35.945,26
2023-11-29 19:59:00,2705,35.9502,35.945,35.955,35.955,35.945,38
2023-11-29 20:00:00,7611,35.959,35.955,35.95,35.97,35.95,98
2023-11-29 20:01:00,1718,35.9515,35.945,35.955,35.955,35.945,35
2023-11-29 20:02:00,1581,35.9474,35.95,35.94,35.95,35.94,26
2023-11-29 20:03:00,5068,35.9534,35.945,35.965,35.965,35.94,57
2023-11-29 20:04:00,2721,35.9513,35.965,35.935,35.965,35.935,56
2023-11-29 20:05:00,5740,35.9237,35.935,35.905,35.94,35.905,78
2023-11-29 20:06:00,793,35.9084,35.9,35.9,35.91,35.9,23
2023-11-29 20:07:00,822,35.9037,35.905,35.9,35.905,35.9,21
2023-11-29 20:08:00,6783,35.9092,35.9,35.91,35.91,35.9,89
2023-11-29 20:09:00,5939,35.9238,35.92,35.93,35.935,35.915,88
2023-11-29 20:10:00,1865,35.9249,35.93,35.935,35.935,35.92,30
2023-11-29 20:11:00,1921,35.9317,35.935,35.93,35.935,35.93,46
2023-11-29 20:12:00,4579,35.9299,35.92,35.935,35.935,35.92,54
2023-11-29 20:13:00,5297,35.9216,35.935,35.91,35.935,35.91,73
2023-11-29 20:14:00,10886,35.8946,35.895,35.89,35.9,35.885,112
2023-11-29 20:15:00,4196,35.899,35.9,35.895,35.9,35.895,45
2023-11-29 20:16:00,3941,35.8979,35.895,35.895,35.905,35.89,64
2023-11-29 20:17:00,3774,35.8844,35.895,35.871,35.895,35.871,69
2023-11-29 20:18:00,2061,35.8668,35.875,35.86,35.875,35.86,32
2023-11-29 20:19:00,2939,35.8618,35.86,35.855,35.865,35.85,47
2023-11-29 20:20:00,12165,35.8594,35.8505,35.87,35.87,35.845,133
2023-11-29 20:21:00,4600,35.8705,35.88,35.85,35.885,35.85,76
2023-11-29 20:22:00,2273,35.8428,35.85,35.835,35.85,35.83,45
2023-11-29 20:23:00,3025,35.8285,35.83,35.83,35.83,35.82,54
2023-11-29 20:24:00,1430,35.8395,35.83,35.845,35.845,35.83,29
2023-11-29 20:25:00,3159,35.8323,35.84,35.825,35.84,35.825,58
2023-11-29 20:26:00,3734,35.8352,35.825,35.845,35.845,35.825,46
2023-11-29 20:27:00,4914,35.8315,35.845,35.835,35.845,35.825,85
2023-11-29 20:28:00,2236,35.8396,35.835,35.84,35.845,35.835,43
2023-11-29 20:29:00,1712,35.8313,35.835,35.83,35.835,35.83,29
2023-11-29 20:30:00,11888,35.8252,35.825,35.82,35.83,35.815,129
2023-11-29 20:31:00,2992,35.8154,35.815,35.815,35.82,35.815,29
2023-11-29 20:32:00,3454,35.8106,35.81,35.805,35.815,35.805,74
2023-11-29 20:33:00,13637,35.8149,35.801,35.82,35.825,35.801,111
2023-11-29 20:34:00,2597,35.8155,35.815,35.815,35.82,35.815,26
2023-11-29 20:35:00,5851,35.7998,35.81,35.77,35.81,35.77,101
2023-11-29 20:36:00,1402,35.7806,35.775,35.77,35.775,35.77,15
2023-11-29 20:37:00,2891,35.7692,35.77,35.765,35.775,35.76,63
2023-11-29 20:38:00,15230,35.7662,35.76,35.755,35.77,35.755,191
2023-11-29 20:39:00,4071,35.7348,35.75,35.74,35.75,35.74,51
2023-11-29 20:40:00,17718,35.753,35.745,35.755,35.76,35.74,202
2023-11-29 20:41:00,8431,35.7641,35.755,35.765,35.77,35.75,97
2023-11-29 20:42:00,4453,35.7723,35.77,35.775,35.78,35.77,51
2023-11-29 20:43:00,10174,35.7747,35.775,35.78,35.78,35.76,141
2023-11-29 20:44:00,6183,35.7872,35.79,35.795,35.8,35.785,91
2023-11-29 20:45:00,7863,35.7925,35.795,35.795,35.8,35.785,118
2023-11-29 20:46:00,6937,35.7903,35.79,35.8,35.8,35.785,106
2023-11-29 20:47:00,3832,35.7949,35.79,35.795,35.8,35.79,71
2023-11-29 20:48:00,6057,35.7965,35.8,35.795,35.8,35.79,88
2023-11-29 20:49:00,19890,35.7919,35.79,35.8,35.805,35.78,157
2023-11-29 20:50:00,14973,35.7849,35.8,35.775,35.8,35.77,219
2023-11-29 20:51:00,12254,35.7661,35.77,35.755,35.775,35.755,167
2023-11-29 20:52:00,14434,35.7478,35.75,35.74,35.755,35.74,166
2023-11-29 20:53:00,22043,35.7393,35.74,35.74,35.745,35.73,211
2023-11-29 20:54:00,27182,35.7525,35.745,35.76,35.765,35.74,268
2023-11-29 20:55:00,29456,35.776,35.76,35.79,35.79,35.755,292
2023-11-29 20:56:00,54050,35.7892,35.785,35.81,35.815,35.775,437
2023-11-29 20:57:00,23822,35.8093,35.815,35.8,35.815,35.8,167
2023-11-29 20:58:00,21695,35.796,35.805,35.795,35.805,35.79,180
2023-11-29 20:59:00,85292,35.7818,35.79,35.8,35.8,35.76,724
2023-11-29 21:00:00,6250,35.79,35.79,35.79,35.79,35.79,16
2023-11-30 14:30:00,7397,35.7447,35.75,35.775,35.775,35.67,17
2023-11-30 14:31:00,232,35.7189,35.71,35.73,35.73,35.71,6
2023-11-30 14:32:00,130,35.765,35.765,35.765,35.765,35.765,4
2023-11-30 14:33:00,1951,35.7241,35.775,35.715,35.775,35.7,28
2023-11-30 14:34:00,762,35.722,35.7,35.76,35.76,35.7,20
2023-11-30 14:35:00,1433,35.748,35.75,35.74,35.75,35.74,29
2023-11-30 14:37:00,408,35.7839,35.78,35.78,35.79,35.78,17
2023-11-30 14:38:00,4405,35.7588,35.78,35.75,35.78,35.74,54
2023-11-30 14:39:00,1321,35.7211,35.735,35.72,35.735,35.71,31
2023-11-30 14:40:00,2462,35.6813,35.67,35.705,35.71,35.67,33
2023-11-30 14:41:00,1398,35.7326,35.74,35.73,35.74,35.73,24
2023-11-30 14:42:00,2787,35.7018,35.7,35.68,35.72,35.68,48
2023-11-30 14:43:00,944,35.7134,35.7,35.72,35.72,35.7,32
2023-11-30 14:44:00,726,35.7343,35.74,35.73,35.75,35.73,19
2023-11-30 14:45:00,935,35.7297,35.735,35.74,35.74,35.735,33
2023-11-30 14:46:00,445,35.7071,35.71,35.71,35.71,35.7,12
2023-11-30 14:47:00,1290,35.698,35.69,35.725,35.74,35.68,28
2023-11-30 14:48:00,2313,35.7505,35.73,35.745,35.78,35.73,46
2023-11-30 14:49:00,1022,35.7398,35.74,35.74,35.74,35.74,28
2023-11-30 14:50:00,4078,35.7477,35.74,35.76,35.76,35.74,55
2023-11-30 14:51:00,2554,35.7828,35.77,35.78,35.8,35.77,58
2023-11-30 14:52:00,2431,35.7782,35.77,35.79,35.79,35.77,37
2023-11-30 14:53:00,2262,35.804,35.8,35.83,35.83,35.795,34
2023-11-30 14:54:00,3852,35.8273,35.82,35.83,35.84,35.82,62
2023-11-30 14:55:00,2718,35.8138,35.83,35.8,35.83,35.8,52
2023-11-30 14:56:00,1315,35.8189,35.79,35.83,35.83,35.79,27
2023-11-30 14:57:00,3368,35.8331,35.825,35.84,35.84,35.81,45
2023-11-30 14:58:00,775,35.8531,35.85,35.86,35.86,35.85,19
2023-11-30 14:59:00,2277,35.8288,35.85,35.82,35.85,35.81,55
2023-11-30 15:00:00,3118,35.818,35.83,35.8,35.83,35.8,62
2023-11-30 15:01:00,1334,35.8088,35.8,35.8,35.83,35.8,34
2023-11-30 15:02:00,5372,35.7804,35.79,35.74,35.795,35.74,67
2023-11-30 15:03:00,2840,35.7466,35.74,35.74,35.76,35.74,49
2023-11-30 15:04:00,1028,35.7307,35.75,35.72,35.75,35.72,25
2023-11-30 15:05:00,1578,35.7713,35.73,35.79,35.79,35.73,41
2023-11-30 15:06:00,1667,35.7903,35.79,35.78,35.8,35.78,58
2023-11-30 15:07:00,2380,35.7698,35.78,35.755,35.79,35.75,56
2023-11-30 15:08:00,1267,35.7466,35.75,35.74,35.75,35.74,42
2023-11-30 15:09:00,2165,35.7267,35.73,35.725,35.73,35.72,39
2023-11-30 15:10:00,1608,35.7354,35.72,35.715,35.72,35.71,31
2023-11-30 15:11:00,2892,35.7173,35.715,35.705,35.72,35.705,47
2023-11-30 15:12:00,5016,35.7282,35.71,35.73,35.74,35.71,72
2023-11-30 15:13:00,8475,35.7754,35.735,35.78,35.78,35.735,54
2023-11-30 15:14:00,3397,35.7795,35.78,35.78,35.79,35.77,59
2023-11-30 15:15:00,2959,35.7799,35.78,35.785,35.795,35.77,51
2023-11-30 15:16:00,6463,35.8012,35.785,35.8,35.815,35.785,60
2023-11-30 15:17:00,6816,35.8187,35.8037,35.84,35.845,35.795,102
2023-11-30 15:18:00,1831,35.863,35.85,35.87,35.87,35.85,39
2023-11-30 15:19:00,6836,35.8701,35.87,35.87,35.88,35.865,93
2023-11-30 15:20:00,4680,35.8639,35.865,35.88,35.88,35.865,72
2023-11-30 15:21:00,2810,35.8912,35.89,35.895,35.895,35.885,41
2023-11-30 15:22:00,5221,35.8863,35.89,35.89,35.89,35.87,65
2023-11-30 15:23:00,4153,35.8914,35.885,35.89,35.9,35.88,81
2023-11-30 15:24:00,5226,35.9006,35.87,35.92,35.92,35.87,61
2023-11-30 15:25:00,1142,35.9248,35.9275,35.95,35.95,35.9275,19
2023-11-30 15:26:00,5180,35.9457,35.95,35.93,35.96,35.93,77
2023-11-30 15:27:00,2013,35.9405,35.94,35.9475,35.95,35.94,26
2023-11-30 15:28:00,3492,35.9414,35.94,35.945,35.945,35.9305,44
2023-11-30 15:29:00,5946,35.9292,35.95,35.915,35.95,35.915,104
2023-11-30 15:30:00,3722,35.9255,35.92,35.95,35.95,35.915,78
2023-11-30 15:31:00,3321,35.954,35.945,35.945,35.97,35.94,62
2023-11-30 15:32:00,2121,35.9418,35.945,35.95,35.95,35.935,37
2023-11-30 15:33:00,2279,35.9494,35.945,35.955,35.96,35.945,42
2023-11-30 15:34:00,4164,35.9719,35.955,36.0,36.0,35.955,80
2023-11-30 15:35:00,4863,36.0016,36.0,36.0,36.01,36.0,75
2023-11-30 15:36:00,3253,35.9894,36.0,35.985,36.0,35.98,45
2023-11-30 15:37:00,6154,35.9866,35.98,35.97,36.0,35.97,82
2023-11-30 15:38:00,4661,35.98,35.96,35.97,35.99,35.96,73
2023-11-30 15:39:00,5353,35.9568,35.965,35.97,35.97,35.935,82
2023-11-30 15:40:00,1582,35.9823,35.975,35.99,35.99,35.975,22
2023-11-30 15:41:00,2851,35.9906,35.995,35.99,36.0,35.985,39
2023-11-30 15:42:00,2701,35.9729,35.99,35.95,35.99,35.94,49
2023-11-30 15:43:00,1358,35.966,35.95,35.98,35.98,35.95,30
2023-11-30 15:44:00,1095,36.0032,36.009,36.015,36.02,36.009,24
2023-11-30 15:45:00,3479,36.0011,36.01,35.985,36.01,35.985,46
2023-11-30 15:46:00,2480,35.9868,35.98,35.995,35.995,35.98,46
2023-11-30 15:47:00,2607,35.9808,35.99,36.0,36.0,35.97,52
2023-11-30 15:48:00,3706,35.9725,35.99,35.965,35.99,35.96,62
2023-11-30 15:49:00,972,35.9732,35.97,35.97,35.97,35.97,16
2023-11-30 15:50:00,2426,35.9671,35.97,35.97,35.97,35.955,38
2023-11-30 15:51:00,3934,35.9812,35.965,35.975,35.995,35.96,69
2023-11-30 15:52:00,1281,35.972,35.965,35.97,35.97,35.965,22
2023-11-30 15:53:00,1693,35.9767,35.965,35.975,35.98,35.965,36
2023-11-30 15:54:00,1016,35.9703,35.97,35.975,35.975,35.965,23
2023-11-30 15:55:00,1229,35.9891,35.975,35.995,36.0,35.975,28
2023-11-30 15:56:00,3945,36.008,36.0,36.01,36.02,36.0,71
2023-11-30 15:57:00,2840,36.0305,36.02,36.04,36.04,36.02,47
2023-11-30 15:58:00,14354,36.0084,36.03,35.995,36.03,35.98,152
2023-11-30 15:59:00,7972,36.0045,35.985,36.025,36.025,35.98,91
2023-11-30 16:00:00,3471,36.0329,36.025,36.035,36.04,36.02,57
2023-11-30 16:01:00,11892,36.0134,36.03,36.005,36.03,36.0,81
2023-11-30 16:02:00,17315,35.9937,36.005,36.0,36.01,35.975,123
2023-11-30 16:03:00,4187,36.0088,36.01,36.01,36.0102,36.005,61
2023-11-30 16:04:00,19163,36.0062,36.015,35.975,36.02,35.975,216
2023-11-30 16:05:00,2105,35.9723,35.97,35.985,35.985,35.955,34
2023-11-30 16:06:00,3975,35.9935,35.99,35.995,36.0,35.985,60
2023-11-30 16:07:00,2316,35.9978,36.0,36.0,36.0,35.99,44
2023-11-30 16:08:00,5148,36.0021,35.99,36.0,36.01,35.99,66
2023-11-30 16:09:00,4127,35.994,36.0,36.0,36.0,35.985,65
2023-11-30 16:10:00,2766,35.9959,36.005,35.99,36.0075,35.985,54
2023-11-30 16:11:00,2210,35.9895,35.99,35.985,35.99,35.985,43
2023-11-30 16:12:00,1633,35.9907,35.995,35.995,35.995,35.985,36
2023-11-30 16:13:00,2046,35.9907,35.99,35.99,35.995,35.985,44
2023-11-30 16:14:00,7960,35.9965,35.99,35.985,36.005,35.985,77
2023-11-30 16:15:00,2046,35.9901,35.99,35.9975,35.9975,35.985,31
2023-11-30 16:16:00,3193,35.9838,35.995,35.985,35.995,35.975,60
2023-11-30 16:17:00,1481,35.989,35.99,35.985,35.995,35.985,29
2023-11-30 16:18:00,1277,35.9869,35.99,35.985,35.99,35.98,32
2023-11-30 16:19:00,3702,35.9656,35.98,35.945,35.98,35.945,66
2023-11-30 16:20:00,5664,35.939,35.94,35.93,35.95,35.93,79
2023-11-30 16:21:00,3824,35.9467,35.94,35.955,35.955,35.935,80
2023-11-30 16:22:00,3750,35.9597,35.96,35.96,35.965,35.955,81
2023-11-30 16:23:00,7163,35.9782,35.965,35.985,35.99,35.965,76
2023-11-30 16:24:00,2770,35.9832,35.989,35.98,35.99,35.98,36
2023-11-30 16:25:00,64322,36.0146,35.985,36.03,36.04,35.98,208
2023-11-30 16:26:00,6928,36.0262,36.035,36.01,36.0375,36.01,88
2023-11-30 16:27:00,20239,36.0089,36.01,36.03,36.03,36.0,152
2023-11-30 16:28:00,8971,36.027,36.035,36.005,36.045,36.0,92
2023-11-30 16:29:00,2430,35.9994,36.01,35.99,36.01,35.99,40
2023-11-30 16:30:00,4945,36.0128,35.99,36.05,36.05,35.99,49
2023-11-30 16:31:00,15448,36.0473,36.0509,36.045,36.055,36.035,132
2023-11-30 16:32:00,5735,36.076,36.06,36.08,36.085,36.06,79
2023-11-30 16:33:00,2938,36.0774,36.08,36.09,36.09,36.07,56
2023-11-30 16:34:00,2672,36.1039,36.095,36.13,36.13,36.085,60
2023-11-30 16:35:00,7131,36.1128,36.125,36.1025,36.13,36.1,96
2023-11-30 16:36:00,60923,36.0997,36.1,36.09,36.11,36.085,137
2023-11-30 16:37:00,3877,36.09,36.095,36.075,36.1,36.075,61
2023-11-30 16:38:00,6770,36.0824,36.0793,36.105,36.105,36.075,58
2023-11-30 16:39:00,2377,36.0941,36.1,36.1,36.1,36.085,42
2023-11-30 16:40:00,2738,36.0797,36.095,36.07,36.095,36.06,40
2023-11-30 16:41:00,3405,36.0369,36.06,36.03,36.06,36.02,62
2023-11-30 16:42:00,2948,36.0275,36.03,36.025,36.03,36.02,27
2023-11-30 16:43:00,1976,36.0005,36.02,35.975,36.02,35.975,40
2023-11-30 16:44:00,2729,35.9717,35.975,35.979,35.98,35.96,55
2023-11-30 16:45:00,1681,35.9901,35.98,36.005,36.005,35.975,37
2023-11-30 16:46:00,2707,36.0062,36.0,36.01,36.01,36.0,59
2023-11-30 16:47:00,7431,36.0084,36.015,35.99,36.015,35.99,99
2023-11-30 16:48:00,2654,35.9878,35.9905,35.98,35.995,35.98,29
2023-11-30 16:49:00,3424,35.9928,35.99,35.985,36.005,35.98,59
2023-11-30 16:50:00,1263,35.9908,35.99,35.99,35.995,35.99,25
2023-11-30 16:51:00,5879,35.9923,36.0,36.01,36.01,35.98,106
2023-11-30 16:52:00,1821,36.005,36.005,36.01,36.01,36.0,27
2023-11-30 16:53:00,4713,36.0261,36.01,36.03,36.04,36.01,94
2023-11-30 16:54:00,2407,36.0416,36.0375,36.05,36.05,36.0375,51
2023-11-30 16:55:00,2280,36.067,36.055,36.0875,36.0875,36.055,45
2023-11-30 16:56:00,4636,36.0709,36.08,36.045,36.08,36.045,69
2023-11-30 16:57:00,1956,36.0359,36.045,36.05,36.05,36.04,32
2023-11-30 16:58:00,2758,36.0547,36.05,36.065,36.065,36.045,58
2023-11-30 16:59:00,660,36.068,36.07,36.07,36.07,36.065,10
2023-11-30 17:00:00,5014,36.0479,36.065,36.035,36.07,36.025,64
2023-11-30 17:01:00,3430,36.0553,36.04,36.075,36.075,36.04,51
2023-11-30 17:02:00,2164,36.0903,36.08,36.095,36.1,36.08,44
2023-11-30 17:03:00,12545,36.0893,36.1,36.07,36.1,36.055,167
2023-11-30 17:04:00,2155,36.0679,36.07,36.07,36.07,36.065,44
2023-11-30 17:05:00,1928,36.0794,36.08,36.085,36.085,36.075,37
2023-11-30 17:06:00,7676,36.0941,36.085,36.1,36.1,36.085,79
2023-11-30 17:07:00,2511,36.0912,36.09,36.095,36.095,36.09,22
2023-11-30 17:08:00,4486,36.0915,36.09,36.095,36.096,36.09,59
2023-11-30 17:09:00,1990,36.0912,36.095,36.085,36.095,36.085,38
2023-11-30 17:10:00,879,36.0883,36.09,36.085,36.09,36.085,13
2023-11-30 17:11:00,9441,36.081,36.085,36.07,36.09,36.07,102
2023-11-30 17:12:00,12574,36.0661,36.07,36.07,36.075,36.05,139
2023-11-30 17:13:00,992,36.0723,36.07,36.0711,36.075,36.07,17
2023-11-30 17:14:00,5544,36.0592,36.075,36.055,36.075,36.05,69
2023-11-30 17:15:00,5787,36.0668,36.05,36.07,36.08,36.05,85
2023-11-30 17:16:00,6659,36.0525,36.07,36.045,36.07,36.045,79
2023-11-30 17:17:00,684,36.0501,36.05,36.05,36.05,36.05,14
2023-11-30 17:18:00,5312,36.0327,36.05,36.015,36.05,36.005,79
2023-11-30 17:19:00,3142,36.0152,36.015,36.02,36.02,36.005,58
2023-11-30 17:20:00,1497,36.0075,36.015,36.0,36.015,36.0,21
2023-11-30 17:21:00,2290,36.0086,36.0,36.02,36.02,36.0,40
2023-11-30 17:22:00,7103,36.0058,36.02,35.99,36.02,35.99,90
2023-11-30 17:23:00,1946,35.9803,35.985,35.98,35.985,35.98,31
2023-11-30 17:24:00,1375,35.9779,35.98,35.98,35.98,35.97,22
2023-11-30 17:25:00,4815,35.9763,35.98,35.98,35.99,35.95,83
2023-11-30 17:26:00,1491,35.9802,35.98,35.98,35.98,35.98,31
2023-11-30 17:27:00,2945,35.9914,35.98,35.99,35.995,35.98,48
2023-11-30 17:28:00,1147,35.9795,35.98,35.975,35.98,35.975,25
2023-11-30 17:29:00,2963,35.9932,35.97,36.01,36.01,35.97,50
2023-11-30 17:30:00,4516,36.02,36.0,36.02,36.035,36.0,66
2023-11-30 17:31:00,3743,36.0095,36.02,35.995,36.025,35.995,47
2023-11-30 17:32:00,2918,36.0075,36.0,36.01,36.02,36.0,58
2023-11-30 17:33:00,1903,35.996,36.0,35.98,36.005,35.98,35
2023-11-30 17:34:00,2278,35.9843,35.98,35.99,35.99,35.98,35
2023-11-30 17:35:00,3382,36.0063,36.0,36.01,36.015,35.995,53
2023-11-30 17:36:00,3003,36.0139,36.02,36.02,36.02,36.005,53
2023-11-30 17:37:00,2136,36.0119,36.02,36.005,36.02,36.0,46
2023-11-30 17:38:00,2502,35.9948,36.0,36.0,36.0,35.99,43
2023-11-30 17:39:00,1995,36.0154,36.01,36.02,36.02,36.01,35
2023-11-30 17:40:00,3824,36.009,36.02,36.005,36.02,35.99,66
2023-11-30 17:41:00,2901,36.013,36.0,36.02,36.02,36.0,56
2023-11-30 17:42:00,2747,36.013,36.015,36.025,36.025,36.005,49
2023-11-30 17:43:00,1496,36.0294,36.025,36.03,36.03,36.02,41
2023-11-30 17:44:00,3926,36.043,36.04,36.05,36.05,36.04,63
2023-11-30 17:45:00,1934,36.0375,36.04,36.03,36.04,36.03,37
2023-11-30 17:46:00,2479,36.0408,36.035,36.04,36.05,36.035,42
2023-11-30 17:47:00,2950,36.0246,36.03,36.03,36.03,36.013,45
2023-11-30 17:48:00,4883,36.0233,36.03,36.005,36.04,36.005,65
2023-11-30 17:49:00,781,35.9923,36.0,35.99,36.0,35.985,13
2023-11-30 17:50:00,4666,35.9858,35.99,35.965,36.0,35.965,76
2023-11-30 17:51:00,2344,35.9675,35.965,35.96,35.97,35.96,26
2023-11-30 17:52:00,3214,35.9597,35.96,35.96,35.965,35.95,47
2023-11-30 17:53:00,1734,35.9745,35.9665,35.98,35.98,35.9665,30
2023-11-30 17:54:00,1685,35.9799,35.98,35.98,35.985,35.975,27
2023-11-30 17:55:00,5136,35.9757,35.98,35.985,35.99,35.97,67
2023-11-30 17:56:00,2022,35.9865,35.98,35.98,35.995,35.98,39
2023-11-30 17:57:00,1632,35.9893,35.985,35.99,35.99,35.985,29
2023-11-30 17:58:00,1971,35.9887,35.99,35.99,36.0,35.98,33
2023-11-30 17:59:00,889,35.9976,36.0,36.0,36.0,35.99,23
2023-11-30 18:00:00,2112,36.0097,36.0,36.02,36.02,36.0,41
2023-11-30 18:01:00,3994,36.0102,36.01,36.005,36.015,36.005,61
2023-11-30 18:02:00,3066,36.0139,36.01,36.025,36.025,36.005,41
2023-11-30 18:03:00,3549,36.0218,36.02,36.03,36.03,36.02,46
2023-11-30 18:04:00,3327,36.0249,36.03,36.03,36.03,36.02,66
2023-11-30 18:05:00,2267,36.0279,36.025,36.03,36.035,36.025,47
2023-11-30 18:06:00,4083,36.019,36.03,36.01,36.03,36.005,68
2023-11-30 18:07:00,549,36.0049,36.0,36.01,36.01,36.0,7
2023-11-30 18:08:00,595,36.0053,36.01,36.0,36.01,36.0,16
2023-11-30 18:09:00,3757,36.0185,36.01,36.02,36.03,36.01,84
2023-11-30 18:10:00,2855,36.0537,36.03,36.07,36.07,36.03,56
2023-11-30 18:11:00,3456,36.0794,36.07,36.09,36.09,36.07,60
2023-11-30 18:12:00,8939,36.095,36.08,36.1,36.1,36.08,99
2023-11-30 18:13:00,15741,36.1043,36.1,36.115,36.13,36.1,165
2023-11-30 18:14:00,3458,36.1119,36.11,36.12,36.12,36.105,45
2023-11-30 18:15:00,15544,36.1349,36.12,36.13,36.15,36.12,189
2023-11-30 18:16:00,7378,36.1264,36.125,36.13,36.13,36.12,99
2023-11-30 18:17:00,1612,36.1296,36.13,36.13,36.13,36.13,33
2023-11-30 18:18:00,3820,36.1481,36.14,36.16,36.16,36.131,59
2023-11-30 18:19:00,61878,36.1408,36.15,36.14,36.155,36.135,134
2023-11-30 18:20:00,14217,36.1441,36.14,36.145,36.155,36.14,147
2023-11-30 18:21:00,5532,36.1572,36.145,36.165,36.165,36.145,63
2023-11-30 18:22:00,20194,36.1728,36.17,36.175,36.19,36.16,203
2023-11-30 18:23:00,5815,36.1699,36.18,36.14,36.1875,36.14,86
2023-11-30 18:24:00,13801,36.1727,36.14,36.18,36.18,36.135,165
2023-11-30 18:25:00,3514,36.1799,36.18,36.18,36.185,36.18,58
2023-11-30 18:26:00,7032,36.1639,36.18,36.145,36.18,36.145,95
2023-11-30 18:28:00,3254,36.1465,36.14,36.1525,36.1525,36.14,56
2023-11-30 18:29:00,2132,36.1505,36.15,36.155,36.155,36.14,39
2023-11-30 18:30:00,8955,36.1735,36.16,36.19,36.19,36.16,134
2023-11-30 18:31:00,4530,36.1832,36.19,36.18,36.19,36.175,64
2023-11-30 18:32:00,2691,36.2014,36.19,36.21,36.22,36.19,43
2023-11-30 18:33:00,2533,36.2264,36.215,36.245,36.245,36.215,47
2023-11-30 18:34:00,10563,36.2271,36.24,36.21,36.24,36.21,123
2023-11-30 18:35:00,5848,36.2212,36.22,36.23,36.23,36.215,99
2023-11-30 18:36:00,2361,36.2351,36.23,36.24,36.24,36.23,54
2023-11-30 18:37:00,10130,36.2584,36.25,36.245,36.275,36.245,140
2023-11-30 18:38:00,2592,36.2404,36.24,36.245,36.245,36.235,45
2023-11-30 18:39:00,7385,36.2496,36.24,36.2525,36.2525,36.24,98
2023-11-30 18:40:00,5052,36.2465,36.25,36.25,36.25,36.24,71
2023-11-30 18:41:00,21110,36.2507,36.25,36.24,36.26,36.24,250
2023-11-30 18:42:00,2022,36.2488,36.2475,36.245,36.25,36.245,39
2023-11-30 18:43:00,66566,36.2424,36.245,36.245,36.26,36.235,190
2023-11-30 18:44:00,8889,36.2486,36.25,36.245,36.25,36.24,98
2023-11-30 18:45:00,4022,36.2323,36.245,36.245,36.245,36.22,74
2023-11-30 18:46:00,2414,36.2427,36.245,36.235,36.245,36.235,35
2023-11-30 18:47:00,5677,36.2451,36.235,36.255,36.255,36.235,83
2023-11-30 18:48:00,3586,36.2505,36.2575,36.25,36.26,36.25,48
2023-11-30 18:49:00,2188,36.2431,36.245,36.24,36.245,36.24,32
2023-11-30 18:50:00,7406,36.2464,36.24,36.24,36.255,36.24,89
2023-11-30 18:51:00,8924,36.213,36.235,36.2,36.235,36.19,106
2023-11-30 18:52:00,2850,36.1975,36.2,36.17,36.2,36.17,41
2023-11-30 18:53:00,2611,36.1786,36.17,36.18,36.18,36.17,37
2023-11-30 18:54:00,1781,36.1926,36.19,36.1875,36.2,36.1875,36
2023-11-30 18:55:00,3939,36.1955,36.19,36.21,36.21,36.19,85
2023-11-30 18:56:00,4156,36.2129,36.22,36.21,36.22,36.205,72
2023-11-30 18:57:00,3516,36.2086,36.21,36.205,36.2114,36.2,60
2023-11-30 18:58:00,4858,36.1825,36.2,36.18,36.2,36.17,82
2023-11-30 18:59:00,3361,36.1851,36.175,36.18,36.18,36.175,36
2023-11-30 19:00:00,5515,36.1957,36.19,36.195,36.2,36.18,56
2023-11-30 19:01:00,97043,36.2093,36.19,36.22,36.23,36.19,195
2023-11-30 19:02:00,29474,36.178,36.21,36.18,36.21,36.165,143
2023-11-30 19:03:00,10806,36.178,36.19,36.175,36.19,36.17,90
2023-11-30 19:04:00,20263,36.1613,36.175,36.15,36.175,36.15,207
2023-11-30 19:05:00,14121,36.1398,36.14,36.135,36.15,36.13,154
2023-11-30 19:06:00,10475,36.148,36.13,36.17,36.18,36.13,124
2023-11-30 19:07:00,4307,36.1769,36.165,36.2,36.2,36.165,46
2023-11-30 19:08:00,5736,36.1944,36.2,36.2,36.205,36.19,77
2023-11-30 19:09:00,1611,36.1927,36.1975,36.193,36.2,36.193,26
2023-11-30 19:10:00,7717,36.2166,36.19,36.21,36.235,36.19,135
2023-11-30 19:11:00,1508,36.2126,36.21,36.2175,36.2175,36.21,26
2023-11-30 19:12:00,3618,36.2221,36.22,36.245,36.245,36.21,86
2023-11-30 19:13:00,3723,36.2357,36.245,36.235,36.25,36.23,70
2023-11-30 19:14:00,5134,36.2356,36.2375,36.23,36.245,36.225,90
2023-11-30 19:15:00,7629,36.2168,36.23,36.2,36.24,36.2,113
2023-11-30 19:16:00,7603,36.2219,36.21,36.23,36.235,36.205,116
2023-11-30 19:17:00,3193,36.22,36.23,36.22,36.23,36.21,48
2023-11-30 19:18:00,1682,36.2195,36.2275,36.22,36.2275,36.212,38
2023-11-30 19:19:00,2170,36.2166,36.22,36.225,36.225,36.21,33
2023-11-30 19:20:00,4117,36.2196,36.21,36.22,36.225,36.21,66
2023-11-30 19:21:00,3689,36.228,36.21,36.235,36.235,36.21,51
2023-11-30 19:22:00,1352,36.2331,36.235,36.235,36.2375,36.23,32
2023-11-30 19:23:00,4455,36.2238,36.23,36.23,36.23,36.215,77
2023-11-30 19:24:00,4505,36.2344,36.23,36.245,36.25,36.23,91
2023-11-30 19:25:00,1738,36.2375,36.24,36.23,36.2475,36.23,44
2023-11-30 19:26:00,2929,36.231,36.23,36.235,36.24,36.225,57
2023-11-30 19:27:00,5235,36.2337,36.24,36.225,36.24,36.225,95
2023-11-30 19:28:00,7556,36.2016,36.22,36.175,36.22,36.175,130
2023-11-30 19:29:00,13094,36.1781,36.175,36.175,36.185,36.17,156
2023-11-30 19:30:00,3355,36.1765,36.17,36.17,36.17,36.165,44
2023-11-30 19:31:00,2328,36.1732,36.175,36.175,36.175,36.17,24
2023-11-30 19:32:00,4799,36.1854,36.18,36.195,36.1975,36.18,66
2023-11-30 19:33:00,2296,36.2139,36.2,36.25,36.25,36.2,46
2023-11-30 19:34:00,6277,36.2403,36.245,36.24,36.245,36.235,91
2023-11-30 19:35:00,12274,36.2446,36.25,36.25,36.255,36.235,125
2023-11-30 19:36:00,4321,36.2398,36.24,36.24,36.245,36.23,66
2023-11-30 19:37:00,5998,36.237,36.23,36.235,36.25,36.23,82
2023-11-30 19:38:00,2226,36.2412,36.235,36.25,36.25,36.235,25
2023-11-30 19:39:00,3394,36.2403,36.245,36.24,36.245,36.235,59
2023-11-30 19:40:00,3210,36.2382,36.24,36.24,36.24,36.23,51
2023-11-30 19:41:00,2692,36.2395,36.245,36.235,36.245,36.235,48
2023-11-30 19:42:00,7207,36.229,36.23,36.23,36.24,36.22,98
2023-11-30 19:43:00,1034,36.2321,36.23,36.23,36.235,36.23,24
2023-11-30 19:44:00,10413,36.237,36.23,36.235,36.24,36.225,99
2023-11-30 19:45:00,5131,36.2245,36.235,36.205,36.235,36.205,79
2023-11-30 19:46:00,6268,36.2197,36.205,36.235,36.235,36.205,75
2023-11-30 19:47:00,4162,36.2225,36.23,36.21,36.23,36.21,57
2023-11-30 19:48:00,3954,36.208,36.21,36.205,36.215,36.2,50
2023-11-30 19:49:00,6466,36.2102,36.21,36.2,36.215,36.2,78
2023-11-30 19:50:00,4231,36.2033,36.205,36.215,36.215,36.19,58
2023-11-30 19:51:00,14092,36.2101,36.22,36.19,36.225,36.19,189
2023-11-30 19:52:00,3102,36.1886,36.195,36.185,36.195,36.18,40
2023-11-30 19:53:00,4787,36.1799,36.18,36.185,36.185,36.17,63
2023-11-30 19:54:00,3307,36.1888,36.185,36.19,36.19,36.18,57
2023-11-30 19:55:00,17516,36.2267,36.195,36.25,36.25,36.195,88
2023-11-30 19:56:00,4968,36.2544,36.26,36.27,36.27,36.25,96
2023-11-30 19:57:00,4885,36.2617,36.27,36.255,36.27,36.25,76
2023-11-30 19:58:00,5544,36.2485,36.25,36.245,36.255,36.24,83
2023-11-30 19:59:00,6916,36.2385,36.24,36.245,36.245,36.23,83
2023-11-30 20:00:00,15006,36.2346,36.24,36.24,36.245,36.225,151
2023-11-30 20:01:00,5138,36.2509,36.245,36.25,36.255,36.245,44
2023-11-30 20:02:00,16763,36.2275,36.25,36.205,36.255,36.205,145
2023-11-30 20:03:00,6610,36.206,36.205,36.21,36.22,36.2,74
2023-11-30 20:04:00,6315,36.2151,36.215,36.195,36.225,36.195,87
2023-11-30 20:05:00,4135,36.1746,36.19,36.175,36.19,36.165,55
2023-11-30 20:06:00,8757,36.1789,36.171,36.185,36.185,36.17,88
2023-11-30 20:07:00,7270,36.1677,36.185,36.165,36.185,36.15,94
2023-11-30 20:08:00,5855,36.1746,36.165,36.17,36.185,36.165,83
2023-11-30 20:09:00,3066,36.1723,36.17,36.175,36.175,36.165,41
2023-11-30 20:10:00,7639,36.1866,36.18,36.195,36.195,36.17,82
2023-11-30 20:11:00,3873,36.2088,36.2,36.22,36.22,36.195,74
2023-11-30 20:12:00,4962,36.2281,36.22,36.24,36.24,36.21,99
2023-11-30 20:13:00,10198,36.2328,36.24,36.23,36.245,36.22,164
2023-11-30 20:14:00,9877,36.2122,36.2375,36.205,36.2375,36.19,134
2023-11-30 20:15:00,7491,36.2015,36.2,36.2,36.21,36.195,103
2023-11-30 20:16:00,2697,36.1964,36.195,36.195,36.205,36.19,43
2023-11-30 20:17:00,6765,36.2037,36.19,36.215,36.215,36.19,82
2023-11-30 20:18:00,4611,36.2237,36.215,36.235,36.24,36.215,59
2023-11-30 20:19:00,7528,36.2341,36.23,36.245,36.25,36.23,94
2023-11-30 20:20:00,9079,36.2458,36.245,36.235,36.255,36.23,133
2023-11-30 20:21:00,8919,36.2248,36.235,36.21,36.24,36.21,110
2023-11-30 20:22:00,9130,36.2145,36.205,36.19,36.23,36.19,114
2023-11-30 20:23:00,3365,36.1849,36.195,36.175,36.195,36.175,42
2023-11-30 20:24:00,2432,36.1869,36.18,36.185,36.1875,36.18,35
2023-11-30 20:25:00,6186,36.1851,36.18,36.195,36.195,36.18,104
2023-11-30 20:26:00,11906,36.1983,36.1975,36.19,36.21,36.185,157
2023-11-30 20:27:00,2860,36.2114,36.2,36.23,36.23,36.2,55
2023-11-30 20:28:00,6742,36.2146,36.225,36.215,36.225,36.205,89
2023-11-30 20:29:00,4578,36.2186,36.21,36.22,36.225,36.21,69
2023-11-30 20:30:00,11813,36.2053,36.22,36.21,36.22,36.19,140
2023-11-30 20:31:00,11985,36.1933,36.21,36.17,36.21,36.17,150
2023-11-30 20:32:00,11536,36.1758,36.175,36.175,36.185,36.17,135
2023-11-30 20:33:00,17960,36.1726,36.17,36.185,36.185,36.16,185
2023-11-30 20:34:00,10501,36.1859,36.185,36.175,36.2,36.17,123
2023-11-30 20:35:00,13693,36.1633,36.175,36.15,36.175,36.15,187
2023-11-30 20:36:00,8021,36.165,36.16,36.18,36.18,36.155,104
2023-11-30 20:37:00,10615,36.199,36.18,36.22,36.22,36.17,147
2023-11-30 20:38:00,13542,36.2005,36.22,36.18,36.22,36.18,187
2023-11-30 20:39:00,11853,36.1702,36.18,36.16,36.185,36.16,132
2023-11-30 20:40:00,21355,36.1457,36.16,36.165,36.165,36.1225,261
2023-11-30 20:41:00,11880,36.1693,36.165,36.17,36.175,36.16,132
2023-11-30 20:42:00,13512,36.1664,36.17,36.16,36.17,36.16,168
2023-11-30 20:43:00,17186,36.1693,36.16,36.18,36.185,36.15,193
2023-11-30 20:44:00,9350,36.1848,36.17,36.205,36.205,36.165,115
2023-11-30 20:45:00,20384,36.2076,36.21,36.235,36.24,36.19,280
2023-11-30 20:46:00,9467,36.2323,36.24,36.23,36.245,36.225,145
2023-11-30 20:47:00,17114,36.229,36.24,36.225,36.245,36.215,236
2023-11-30 20:48:00,7582,36.2482,36.23,36.265,36.27,36.23,114
2023-11-30 20:49:00,22910,36.2563,36.265,36.255,36.27,36.24,276
2023-11-30 20:50:00,27308,36.2453,36.255,36.23,36.26,36.225,302
2023-11-30 20:51:00,16448,36.2424,36.23,36.255,36.255,36.23,155
2023-11-30 20:52:00,31342,36.253,36.255,36.255,36.27,36.24,309
2023-11-30 20:53:00,12824,36.2559,36.25,36.265,36.265,36.25,154
2023-11-30 20:54:00,39397,36.2581,36.26,36.265,36.265,36.25,356
2023-11-30 20:55:00,17760,36.2712,36.265,36.27,36.28,36.265,241
2023-11-30 20:56:00,47926,36.2552,36.27,36.24,36.275,36.24,413
2023-11-30 20:57:00,88956,36.2477,36.25,36.245,36.25,36.24,691
2023-11-30 20:58:00,60659,36.2638,36.245,36.285,36.285,36.24,446
2023-11-30 20:59:00,89110,36.2815,36.285,36.26,36.305,36.26,625
2023-11-30 21:00:00,2475,36.27,36.27,36.27,36.27,36.27,13
2023-11-30 21:01:00,69005,36.2714,36.27,36.27,36.27,36.27,10
2023-12-01 14:30:00,14670,36.2924,36.29,36.295,36.37,36.17,27
2023-12-01 14:31:00,667,36.3025,36.36,36.24,36.36,36.24,11
2023-12-01 14:32:00,541,36.2709,36.285,36.25,36.29,36.25,11
2023-12-01 14:33:00,398,36.2871,36.31,36.31,36.31,36.31,18
2023-12-01 14:34:00,733,36.2972,36.31,36.3,36.31,36.28,22
2023-12-01 14:35:00,2612,36.3271,36.305,36.34,36.35,36.305,50
2023-12-01 14:36:00,2952,36.3124,36.34,36.32,36.34,36.29,57
2023-12-01 14:37:00,3474,36.3515,36.33,36.365,36.37,36.33,55
2023-12-01 14:38:00,7042,36.369,36.36,36.31,36.39,36.305,102
2023-12-01 14:39:00,4492,36.2846,36.3,36.27,36.31,36.255,66
2023-12-01 14:40:00,1988,36.2536,36.27,36.23,36.27,36.23,35
2023-12-01 14:41:00,4243,36.2489,36.24,36.23,36.26,36.23,63
2023-12-01 14:42:00,3886,36.2415,36.24,36.235,36.26,36.23,58
2023-12-01 14:43:00,2348,36.21,36.23,36.205,36.23,36.195,51
2023-12-01 14:44:00,3892,36.2116,36.2,36.21,36.22,36.2,52
2023-12-01 14:45:00,5933,36.2333,36.21,36.25,36.25,36.21,57
2023-12-01 14:46:00,4308,36.2166,36.23,36.2,36.24,36.195,72
2023-12-01 14:47:00,2633,36.2023,36.195,36.19,36.21,36.19,45
2023-12-01 14:48:00,6782,36.2128,36.2,36.24,36.26,36.2,86
2023-12-01 14:49:00,3022,36.2594,36.24,36.275,36.28,36.24,51
2023-12-01 14:50:00,5778,36.2895,36.28,36.3,36.3,36.28,90
2023-12-01 14:51:00,1114,36.3229,36.32,36.33,36.34,36.31,28
2023-12-01 14:52:00,13314,36.3466,36.35,36.345,36.355,36.33,85
2023-12-01 14:53:00,3852,36.3438,36.35,36.31,36.36,36.31,76
2023-12-01 14:54:00,1674,36.3013,36.305,36.295,36.31,36.295,32
2023-12-01 14:55:00,249,36.2972,36.3,36.295,36.3,36.295,10
2023-12-01 14:56:00,1998,36.2908,36.3,36.285,36.3,36.28,34
2023-12-01 14:57:00,5686,36.2898,36.29,36.275,36.3,36.275,72
2023-12-01 14:58:00,4284,36.2874,36.275,36.295,36.295,36.275,50
2023-12-01 14:59:00,902,36.2911,36.29,36.29,36.29,36.29,18
2023-12-01 15:00:00,7482,36.3068,36.3,36.31,36.32,36.3,89
2023-12-01 15:01:00,3530,36.3271,36.31,36.35,36.35,36.31,50
2023-12-01 15:02:00,20378,36.3625,36.345,36.365,36.38,36.345,237
2023-12-01 15:03:00,3348,36.3555,36.365,36.35,36.365,36.345,56
2023-12-01 15:04:00,10950,36.3535,36.345,36.365,36.365,36.345,135
2023-12-01 15:05:00,9970,36.3686,36.365,36.365,36.375,36.355,128
2023-12-01 15:06:00,11475,36.3882,36.37,36.38,36.42,36.37,143
2023-12-01 15:07:00,6124,36.3896,36.38,36.4,36.4,36.375,68
2023-12-01 15:08:00,7061,36.4127,36.4,36.415,36.43,36.4,60
2023-12-01 15:09:00,3697,36.4284,36.42,36.43,36.44,36.42,51
2023-12-01 15:10:00,1498,36.4174,36.42,36.43,36.43,36.415,27
2023-12-01 15:11:00,4040,36.4056,36.415,36.375,36.43,36.375,57
2023-12-01 15:12:00,1829,36.3655,36.375,36.355,36.375,36.355,26
2023-12-01 15:13:00,10712,36.3402,36.355,36.305,36.355,36.305,124
2023-12-01 15:14:00,3188,36.29,36.3,36.28,36.3,36.275,50
2023-12-01 15:15:00,11497,36.2931,36.28,36.285,36.31,36.275,144
2023-12-01 15:16:00,5692,36.2949,36.29,36.29,36.31,36.275,71
2023-12-01 15:17:00,3170,36.2892,36.29,36.29,36.295,36.285,49
2023-12-01 15:18:00,6803,36.3042,36.295,36.32,36.32,36.295,86
2023-12-01 15:19:00,4375,36.3176,36.31,36.33,36.33,36.31,67
2023-12-01 15:20:00,4433,36.3416,36.33,36.38,36.38,36.33,54
2023-12-01 15:21:00,6795,36.3823,36.38,36.375,36.395,36.375,76
2023-12-01 15:22:00,6773,36.3846,36.375,36.39,36.4,36.375,76
2023-12-01 15:23:00,2543,36.3915,36.39,36.395,36.4,36.385,44
2023-12-01 15:24:00,11953,36.3993,36.4,36.395,36.41,36.385,131
2023-12-01 15:25:00,7012,36.3669,36.395,36.37,36.4,36.345,94
2023-12-01 15:26:00,5833,36.3653,36.36,36.35,36.38,36.35,80
2023-12-01 15:27:00,8474,36.3616,36.36,36.37,36.37,36.35,102
2023-12-01 15:28:00,13703,36.3811,36.37,36.395,36.405,36.36,176
2023-12-01 15:29:00,5615,36.391,36.395,36.38,36.4,36.38,78
2023-12-01 15:30:00,45735,36.3766,36.385,36.355,36.39,36.345,223
2023-12-01 15:31:00,18359,36.3558,36.355,36.36,36.37,36.33,185
2023-12-01 15:32:00,2971,36.3677,36.355,36.37,36.37,36.355,37
2023-12-01 15:33:00,1177,36.3808,36.375,36.39,36.39,36.375,24
2023-12-01 15:34:00,3997,36.3805,36.38,36.38,36.39,36.375,55
2023-12-01 15:35:00,18768,36.4012,36.38,36.43,36.435,36.375,204
2023-12-01 15:36:00,12202,36.4156,36.42,36.425,36.43,36.405,142
2023-12-01 15:37:00,2570,36.4378,36.44,36.43,36.45,36.43,45
2023-12-01 15:38:00,7844,36.4487,36.44,36.45,36.455,36.44,96
2023-12-01 15:39:00,5255,36.4551,36.46,36.44,36.46,36.435,72
2023-12-01 15:40:00,1664,36.44,36.44,36.44,36.44,36.44,34
2023-12-01 15:41:00,4412,36.447,36.445,36.44,36.4569,36.44,61
2023-12-01 15:42:00,3380,36.4492,36.44,36.455,36.46,36.44,49
2023-12-01 15:43:00,3343,36.4642,36.45,36.47,36.47,36.45,60
2023-12-01 15:44:00,3968,36.4858,36.475,36.495,36.5,36.475,58
2023-12-01 15:45:00,20439,36.4956,36.5,36.51,36.51,36.49,145
2023-12-01 15:46:00,11023,36.5254,36.51,36.53,36.54,36.51,140
2023-12-01 15:47:00,16700,36.5492,36.53,36.58,36.59,36.53,210
2023-12-01 15:48:00,64426,36.5821,36.57,36.61,36.62,36.55,404
2023-12-01 15:49:00,3966,36.6214,36.62,36.63,36.63,36.61,50
2023-12-01 15:50:00,3088,36.6374,36.63,36.65,36.65,36.63,60
2023-12-01 15:51:00,9273,36.6354,36.65,36.63,36.65,36.62,111
2023-12-01 15:52:00,5425,36.6386,36.63,36.64,36.65,36.63,59
2023-12-01 15:53:00,5892,36.6396,36.635,36.65,36.65,36.63,74
2023-12-01 15:54:00,13798,36.6676,36.65,36.68,36.68,36.65,159
2023-12-01 15:55:00,54848,36.6919,36.675,36.685,36.71,36.675,280
2023-12-01 15:56:00,16981,36.6647,36.68,36.67,36.685,36.65,181
2023-12-01 15:57:00,9283,36.6602,36.665,36.67,36.67,36.65,108
2023-12-01 15:58:00,4207,36.6711,36.665,36.68,36.68,36.665,57
2023-12-01 15:59:00,3369,36.6704,36.67,36.675,36.675,36.67,47
2023-12-01 16:00:00,11953,36.6535,36.675,36.65,36.675,36.64,165
2023-12-01 16:01:00,7415,36.6327,36.64,36.63,36.64,36.623,79
2023-12-01 16:02:00,9148,36.6537,36.63,36.67,36.675,36.63,125
2023-12-01 16:03:00,8022,36.6529,36.66,36.64,36.665,36.64,73
2023-12-01 16:04:00,11097,36.6365,36.635,36.645,36.645,36.63,118
2023-12-01 16:05:00,15220,36.6288,36.64,36.6,36.645,36.6,146
2023-12-01 16:06:00,5498,36.6119,36.6,36.63,36.63,36.6,82
2023-12-01 16:07:00,7286,36.6682,36.64,36.68,36.69,36.64,95
2023-12-01 16:08:00,4897,36.6978,36.68,36.7,36.71,36.68,80
2023-12-01 16:09:00,6781,36.715,36.71,36.74,36.74,36.71,105
2023-12-01 16:10:00,10091,36.7406,36.74,36.74,36.75,36.735,116
2023-12-01 16:11:00,7546,36.7502,36.74,36.765,36.77,36.74,106
2023-12-01 16:12:00,9508,36.7478,36.77,36.73,36.77,36.73,92
2023-12-01 16:13:00,6001,36.7437,36.73,36.765,36.77,36.73,67
2023-12-01 16:14:00,4134,36.7833,36.765,36.79,36.805,36.765,65
2023-12-01 16:15:00,5866,36.7867,36.8,36.78,36.81,36.77,80
2023-12-01 16:16:00,9172,36.7591,36.77,36.765,36.77,36.745,91
2023-12-01 16:17:00,5709,36.7662,36.77,36.765,36.78,36.755,84
2023-12-01 16:18:00,5012,36.7695,36.76,36.79,36.79,36.76,77
2023-12-01 16:19:00,4157,36.7907,36.785,36.81,36.81,36.78,68
2023-12-01 16:20:00,5487,36.7896,36.815,36.785,36.815,36.775,74
2023-12-01 16:21:00,4042,36.7866,36.79,36.775,36.8,36.775,56
2023-12-01 16:22:00,5538,36.7866,36.78,36.8,36.8,36.78,90
2023-12-01 16:23:00,2536,36.8019,36.81,36.81,36.81,36.795,30
2023-12-01 16:24:00,3612,36.8206,36.8,36.835,36.84,36.8,60
2023-12-01 16:25:00,2925,36.8428,36.84,36.86,36.86,36.835,42
2023-12-01 16:26:00,7857,36.8609,36.86,36.865,36.87,36.86,83
2023-12-01 16:27:00,11019,36.8677,36.865,36.86,36.885,36.85,109
2023-12-01 16:28:00,4384,36.8669,36.86,36.88,36.88,36.855,57
2023-12-01 16:29:00,7994,36.8774,36.87,36.875,36.89,36.865,88
2023-12-01 16:30:00,65070,36.8257,36.875,36.78,36.875,36.76,160
2023-12-01 16:31:00,5659,36.7959,36.79,36.795,36.81,36.78,76
2023-12-01 16:32:00,7469,36.8072,36.8,36.815,36.815,36.795,75
2023-12-01 16:33:00,47768,36.8337,36.815,36.835,36.85,36.815,421
2023-12-01 16:34:00,21060,36.838,36.835,36.835,36.845,36.835,159
2023-12-01 16:35:00,14635,36.7913,36.83,36.79,36.83,36.77,161
2023-12-01 16:36:00,5411,36.7941,36.79,36.795,36.8,36.785,61
2023-12-01 16:37:00,9294,36.7957,36.79,36.795,36.805,36.78,122
2023-12-01 16:38:00,3151,36.7768,36.8,36.75,36.8,36.75,53
2023-12-01 16:39:00,11773,36.7634,36.76,36.765,36.77,36.755,117
2023-12-01 16:40:00,13508,36.7692,36.765,36.775,36.78,36.755,96
2023-12-01 16:41:00,30696,36.7825,36.78,36.8,36.8,36.775,143
2023-12-01 16:42:00,5623,36.8121,36.795,36.84,36.84,36.795,92
2023-12-01 16:43:00,3542,36.8326,36.83,36.86,36.86,36.82,60
2023-12-01 16:44:00,9801,36.8856,36.86,36.91,36.91,36.86,151
2023-12-01 16:45:00,5415,36.8703,36.9,36.84,36.9,36.84,69
2023-12-01 16:46:00,3012,36.8432,36.85,36.835,36.85,36.83,55
2023-12-01 16:47:00,4848,36.8251,36.83,36.81,36.83,36.81,64
2023-12-01 16:48:00,7347,36.8124,36.815,36.81,36.82,36.8,73
2023-12-01 16:49:00,6491,36.81,36.81,36.81,36.81,36.8,109
2023-12-01 16:50:00,16741,36.7851,36.805,36.81,36.815,36.76,195
2023-12-01 16:51:00,14921,36.7874,36.81,36.79,36.81,36.77,150
2023-12-01 16:52:00,27017,36.7809,36.8,36.75,36.8,36.75,266
2023-12-01 16:53:00,12874,36.7645,36.75,36.8,36.8,36.74,161
2023-12-01 16:54:00,2708,36.7915,36.8,36.795,36.8,36.79,45
2023-12-01 16:55:00,845,36.7905,36.79,36.795,36.8,36.79,18
2023-12-01 16:56:00,2281,36.8023,36.8,36.81,36.81,36.795,38
2023-12-01 16:57:00,5649,36.8016,36.81,36.795,36.82,36.79,73
2023-12-01 16:58:00,5138,36.7947,36.8,36.79,36.8,36.785,84
2023-12-01 16:59:00,4286,36.7791,36.795,36.755,36.8,36.755,72
2023-12-01 17:00:00,5224,36.741,36.755,36.73,36.755,36.725,76
2023-12-01 17:01:00,4475,36.7379,36.74,36.725,36.74,36.72,69
2023-12-01 17:02:00,7164,36.745,36.73,36.745,36.75,36.73,135
2023-12-01 17:03:00,5424,36.7494,36.75,36.75,36.755,36.74,105
2023-12-01 17:04:00,7269,36.7494,36.75,36.75,36.755,36.74,124
2023-12-01 17:05:00,6171,36.7407,36.75,36.74,36.75,36.73,97
2023-12-01 17:06:00,12417,36.757,36.735,36.765,36.77,36.735,180
2023-12-01 17:07:00,4632,36.7674,36.76,36.78,36.78,36.755,80
2023-12-01 17:08:00,4308,36.7945,36.8,36.795,36.8,36.78,69
2023-12-01 17:09:00,4265,36.7868,36.795,36.765,36.8,36.765,83
2023-12-01 17:10:00,8935,36.7807,36.77,36.805,36.81,36.75,131
2023-12-01 17:11:00,3621,36.8013,36.81,36.81,36.82,36.805,57
2023-12-01 17:12:00,1876,36.8083,36.805,36.81,36.81,36.8,32
2023-12-01 17:13:00,5348,36.815,36.805,36.83,36.83,36.8,80
2023-12-01 17:14:00,6762,36.8317,36.84,36.83,36.84,36.82,78
2023-12-01 17:15:00,5406,36.8279,36.83,36.83,36.83,36.82,73
2023-12-01 17:16:00,8533,36.8385,36.82,36.86,36.86,36.82,112
2023-12-01 17:17:00,6883,36.8648,36.86,36.875,36.875,36.85,103
2023-12-01 17:18:00,113565,36.8669,36.87,36.89,36.9,36.86,153
2023-12-01 17:19:00,4626,36.904,36.895,36.91,36.915,36.895,83
2023-12-01 17:20:00,3391,36.9104,36.91,36.915,36.92,36.91,58
2023-12-01 17:21:00,3683,36.9109,36.915,36.91,36.92,36.91,37
2023-12-01 17:22:00,9618,36.9077,36.915,36.91,36.9175,36.895,105
2023-12-01 17:23:00,8931,36.8878,36.905,36.88,36.9075,36.87,118
2023-12-01 17:24:00,5470,36.8712,36.875,36.87,36.88,36.865,55
2023-12-01 17:25:00,1937,36.8797,36.87,36.865,36.87,36.865,18
2023-12-01 17:26:00,7996,36.8607,36.86,36.87,36.87,36.85,98
2023-12-01 17:27:00,5123,36.8793,36.86,36.895,36.9,36.86,74
2023-12-01 17:28:00,4142,36.898,36.895,36.895,36.9,36.89,64
2023-12-01 17:29:00,9292,36.8883,36.9,36.87,36.91,36.86,115
2023-12-01 17:30:00,4156,36.8736,36.86,36.88,36.89,36.86,59
2023-12-01 17:31:00,4088,36.8933,36.89,36.9,36.905,36.88,51
2023-12-01 17:32:00,3343,36.9088,36.91,36.915,36.92,36.9,42
2023-12-01 17:33:00,5931,36.9242,36.915,36.925,36.935,36.91,87
2023-12-01 17:34:00,4877,36.9046,36.92,36.885,36.92,36.885,74
2023-12-01 17:35:00,7693,36.8818,36.89,36.875,36.89,36.865,73
2023-12-01 17:36:00,3778,36.8852,36.88,36.89,36.89,36.88,68
2023-12-01 17:37:00,4087,36.8813,36.8975,36.875,36.8975,36.875,47
2023-12-01 17:38:00,2208,36.8816,36.88,36.885,36.885,36.88,26
2023-12-01 17:39:00,5662,36.8799,36.88,36.885,36.89,36.875,85
2023-12-01 17:40:00,5391,36.8877,36.885,36.89,36.89,36.88,69
2023-12-01 17:41:00,4189,36.8995,36.89,36.92,36.92,36.88,83
2023-12-01 17:42:00,4787,36.928,36.925,36.92,36.935,36.92,63
2023-12-01 17:43:00,9543,36.9176,36.93,36.905,36.94,36.9,130
2023-12-01 17:44:00,3716,36.9002,36.905,36.9,36.905,36.9,53
2023-12-01 17:45:00,6772,36.9225,36.91,36.955,36.955,36.905,80
2023-12-01 17:46:00,2084,36.9452,36.955,36.95,36.955,36.94,38
2023-12-01 17:47:00,3196,36.966,36.96,36.97,36.975,36.96,50
2023-12-01 17:48:00,4314,36.9768,36.975,36.975,36.98,36.975,54
2023-12-01 17:49:00,217,36.9749,36.975,36.975,36.975,36.975,10
2023-12-01 17:50:00,5561,36.9643,36.97,36.97,36.97,36.955,90
2023-12-01 17:51:00,1562,36.9656,36.965,36.965,36.97,36.965,20
2023-12-01 17:52:00,7287,36.9737,36.965,36.975,36.98,36.965,89
2023-12-01 17:53:00,2536,36.9782,36.98,36.975,36.98,36.975,35
2023-12-01 17:54:00,5566,36.9823,36.975,36.995,36.995,36.975,63
2023-12-01 17:55:00,4486,36.9957,36.995,36.995,37.01,36.995,61
2023-12-01 17:56:00,6340,36.9795,36.99,36.98,36.99,36.97,83
2023-12-01 17:57:00,1435,36.9859,36.99,36.985,36.99,36.985,14
2023-12-01 17:58:00,2894,36.9896,36.99,36.9912,37.0,36.985,50
2023-12-01 17:59:00,4264,36.9857,36.99,36.975,36.99,36.97,54
2023-12-01 18:00:00,3261,36.9639,36.975,36.965,36.975,36.955,43
2023-12-01 18:01:00,2147,36.9583,36.955,36.955,36.96,36.955,48
2023-12-01 18:02:00,5682,36.9491,36.96,36.935,36.96,36.935,60
2023-12-01 18:03:00,2262,36.9272,36.93,36.91,36.93,36.91,30
2023-12-01 18:04:00,3173,36.9117,36.905,36.905,36.915,36.905,48
2023-12-01 18:05:00,3667,36.892,36.9,36.88,36.905,36.875,61
2023-12-01 18:06:00,8331,36.8892,36.885,36.88,36.9,36.875,117
2023-12-01 18:07:00,1653,36.8995,36.89,36.9,36.905,36.89,34
2023-12-01 18:08:00,2589,36.8904,36.895,36.885,36.895,36.885,33
2023-12-01 18:09:00,3896,36.8967,36.89,36.9,36.9,36.885,53
2023-12-01 18:10:00,2687,36.9082,36.91,36.91,36.91,36.9,49
2023-12-01 18:11:00,2990,36.9197,36.915,36.92,36.93,36.915,48
2023-12-01 18:12:00,3115,36.9139,36.92,36.915,36.92,36.905,35
2023-12-01 18:13:00,4457,36.8968,36.91,36.89,36.91,36.89,69
2023-12-01 18:14:00,4369,36.907,36.9,36.9101,36.92,36.9,51
2023-12-01 18:15:00,3167,36.9143,36.91,36.92,36.92,36.91,44
2023-12-01 18:16:00,4942,36.9144,36.925,36.895,36.94,36.895,75
2023-12-01 18:17:00,5292,36.9077,36.895,36.905,36.91,36.895,71
2023-12-01 18:18:00,2774,36.8972,36.9,36.895,36.9,36.895,34
2023-12-01 18:19:00,4223,36.8953,36.89,36.9,36.9,36.89,61
2023-12-01 18:20:00,3735,36.9015,36.91,36.89,36.91,36.89,36
2023-12-01 18:21:00,302,36.8901,36.885,36.885,36.885,36.885,5
2023-12-01 18:22:00,1366,36.8855,36.885,36.885,36.89,36.885,13
2023-12-01 18:23:00,13228,36.8875,36.885,36.885,36.89,36.88,137
2023-12-01 18:24:00,18455,36.894,36.885,36.895,36.905,36.885,136
2023-12-01 18:25:00,26014,36.897,36.9,36.88,36.92,36.88,204
2023-12-01 18:26:00,3631,36.8872,36.88,36.885,36.89,36.88,32
2023-12-01 18:27:00,2085,36.8876,36.88,36.885,36.89,36.88,24
2023-12-01 18:28:00,3329,36.8769,36.89,36.86,36.89,36.86,49
2023-12-01 18:29:00,8510,36.8837,36.87,36.88,36.8922,36.87,105
2023-12-01 18:30:00,1969,36.8544,36.87,36.855,36.87,36.85,23
2023-12-01 18:31:00,2932,36.853,36.85,36.83,36.85,36.83,29
2023-12-01 18:32:00,5149,36.8287,36.83,36.815,36.84,36.815,60
2023-12-01 18:33:00,3261,36.8244,36.82,36.84,36.84,36.815,45
2023-12-01 18:34:00,4652,36.8367,36.83,36.845,36.845,36.825,43
2023-12-01 18:35:00,5569,36.8571,36.85,36.85,36.865,36.85,82
2023-12-01 18:36:00,1953,36.8384,36.84,36.835,36.84,36.835,19
2023-12-01 18:37:00,4186,36.8378,36.83,36.835,36.84,36.83,56
2023-12-01 18:38:00,1173,36.836,36.835,36.83,36.84,36.83,13
2023-12-01 18:39:00,3492,36.8465,36.84,36.845,36.855,36.84,59
2023-12-01 18:40:00,8002,36.8373,36.85,36.832,36.85,36.83,111
2023-12-01 18:41:00,5148,36.8504,36.84,36.855,36.86,36.84,70
2023-12-01 18:42:00,4985,36.8609,36.86,36.855,36.865,36.855,71
2023-12-01 18:43:00,5097,36.8662,36.85,36.88,36.88,36.85,70
2023-12-01 18:44:00,6274,36.8644,36.885,36.855,36.885,36.855,83
2023-12-01 18:45:00,3666,36.8518,36.855,36.855,36.86,36.85,37
2023-12-01 18:46:00,3298,36.8597,36.855,36.855,36.86,36.855,47
2023-12-01 18:47:00,4922,36.868,36.855,36.87,36.875,36.855,79
2023-12-01 18:48:00,3397,36.87,36.86,36.88,36.88,36.855,69
2023-12-01 18:49:00,2087,36.8854,36.875,36.895,36.895,36.875,35
2023-12-01 18:50:00,4910,36.8939,36.9,36.89,36.9,36.89,70
2023-12-01 18:51:00,5329,36.8854,36.89,36.89,36.89,36.88,71
2023-12-01 18:52:00,5390,36.8623,36.885,36.835,36.89,36.835,56
2023-12-01 18:53:00,1706,36.84,36.84,36.845,36.845,36.835,26
2023-12-01 18:54:00,4707,36.8497,36.845,36.845,36.855,36.845,55
2023-12-01 18:55:00,4205,36.8537,36.85,36.86,36.86,36.845,56
2023-12-01 18:56:00,4941,36.8598,36.86,36.86,36.865,36.855,69
2023-12-01 18:57:00,1638,36.8523,36.86,36.855,36.86,36.85,19
2023-12-01 18:58:00,1262,36.853,36.855,36.85,36.855,36.85,17
2023-12-01 18:59:00,1833,36.857,36.85,36.855,36.86,36.85,33
2023-12-01 19:00:00,6146,36.8535,36.86,36.845,36.86,36.845,69
2023-12-01 19:01:00,4669,36.8505,36.84,36.855,36.855,36.84,44
2023-12-01 19:02:00,1554,36.8518,36.85,36.86,36.86,36.85,21
2023-12-01 19:03:00,7254,36.8668,36.855,36.865,36.875,36.855,88
2023-12-01 19:04:00,4769,36.8664,36.86,36.86,36.87,36.86,77
2023-12-01 19:05:00,10499,36.8215,36.855,36.8,36.855,36.8,112
2023-12-01 19:06:00,7849,36.8044,36.795,36.805,36.81,36.795,82
2023-12-01 19:07:00,11635,36.8123,36.81,36.815,36.825,36.805,123
2023-12-01 19:08:00,2308,36.8157,36.815,36.815,36.82,36.815,33
2023-12-01 19:09:00,5955,36.8004,36.815,36.785,36.815,36.785,67
2023-12-01 19:10:00,7534,36.7943,36.785,36.81,36.81,36.785,100
2023-12-01 19:11:00,13477,36.8162,36.805,36.835,36.835,36.805,144
2023-12-01 19:12:00,4914,36.8304,36.835,36.835,36.835,36.825,61
2023-12-01 19:13:00,8754,36.8287,36.83,36.83,36.83,36.825,85
2023-12-01 19:14:00,9002,36.8269,36.825,36.825,36.83,36.825,93
2023-12-01 19:15:00,18087,36.8313,36.825,36.82,36.845,36.82,187
2023-12-01 19:16:00,14965,36.8322,36.825,36.83,36.84,36.825,158
2023-12-01 19:17:00,2632,36.8366,36.835,36.84,36.84,36.835,35
2023-12-01 19:18:00,8583,36.8399,36.835,36.835,36.8475,36.835,109
2023-12-01 19:19:00,3086,36.8337,36.835,36.825,36.84,36.825,45
2023-12-01 19:20:00,14131,36.8413,36.821,36.86,36.86,36.821,160
2023-12-01 19:21:00,6153,36.8622,36.87,36.87,36.875,36.84,82
2023-12-01 19:22:00,2296,36.8814,36.87,36.885,36.89,36.87,31
2023-12-01 19:23:00,2809,36.8926,36.89,36.91,36.91,36.885,39
2023-12-01 19:24:00,10522,36.9062,36.92,36.91,36.92,36.91,120
2023-12-01 19:25:00,3251,36.9192,36.915,36.91,36.92,36.91,54
2023-12-01 19:26:00,4604,36.8939,36.91,36.87,36.91,36.87,70
2023-12-01 19:27:00,15896,36.8681,36.875,36.8575,36.89,36.85,150
2023-12-01 19:28:00,5046,36.8528,36.85,36.86,36.86,36.8475,62
2023-12-01 19:29:00,8857,36.8637,36.86,36.86,36.87,36.86,98
2023-12-01 19:30:00,1827,36.863,36.86,36.86,36.869,36.86,27
2023-12-01 19:31:00,3613,36.8584,36.86,36.855,36.86,36.85,65
2023-12-01 19:32:00,9722,36.8576,36.86,36.845,36.865,36.845,114
2023-12-01 19:33:00,9706,36.8539,36.85,36.85,36.86,36.85,94
2023-12-01 19:34:00,11039,36.8414,36.84,36.84,36.845,36.8325,102
2023-12-01 19:35:00,4373,36.8411,36.835,36.85,36.85,36.835,41
2023-12-01 19:36:00,7201,36.8303,36.84,36.81,36.84,36.81,89
2023-12-01 19:37:00,6204,36.8117,36.81,36.82,36.82,36.805,63
2023-12-01 19:38:00,3003,36.818,36.815,36.81,36.8175,36.81,48
2023-12-01 19:39:00,9378,36.8089,36.8,36.815,36.815,36.8,104
2023-12-01 19:40:00,1198,36.8152,36.81,36.815,36.82,36.81,28
2023-12-01 19:41:00,11819,36.7865,36.82,36.755,36.82,36.75,132
2023-12-01 19:42:00,18190,36.7596,36.755,36.75,36.775,36.74,174
2023-12-01 19:43:00,4651,36.7515,36.745,36.735,36.75,36.735,57
2023-12-01 19:44:00,5221,36.7404,36.74,36.745,36.75,36.735,34
2023-12-01 19:45:00,6999,36.748,36.745,36.75,36.75,36.745,76
2023-12-01 19:46:00,4648,36.7578,36.75,36.77,36.77,36.75,78
2023-12-01 19:47:00,7220,36.7613,36.77,36.755,36.77,36.75,75
2023-12-01 19:48:00,3376,36.7541,36.755,36.755,36.755,36.755,26
2023-12-01 19:49:00,3045,36.7541,36.755,36.755,36.7575,36.75,57
2023-12-01 19:50:00,11560,36.7576,36.755,36.755,36.76,36.75,116
2023-12-01 19:51:00,4175,36.7551,36.76,36.755,36.76,36.75,46
2023-12-01 19:52:00,9541,36.7577,36.76,36.76,36.765,36.7525,127
2023-12-01 19:53:00,7223,36.7553,36.76,36.745,36.76,36.745,64
2023-12-01 19:54:00,8472,36.7484,36.745,36.74,36.75,36.74,113
2023-12-01 19:55:00,8256,36.748,36.745,36.745,36.75,36.745,87
2023-12-01 19:56:00,10553,36.7492,36.745,36.75,36.755,36.745,137
2023-12-01 19:57:00,4913,36.7472,36.75,36.745,36.75,36.74,40
2023-12-01 19:58:00,50795,36.7548,36.74,36.775,36.78,36.735,292
2023-12-01 19:59:00,2514,36.7751,36.775,36.775,36.775,36.77,53
2023-12-01 20:00:00,12210,36.7819,36.775,36.777,36.795,36.77,134
2023-12-01 20:01:00,9131,36.7798,36.79,36.76,36.79,36.76,111
2023-12-01 20:02:00,1339,36.7599,36.765,36.755,36.765,36.755,22
2023-12-01 20:03:00,3816,36.7441,36.75,36.74,36.75,36.74,57
2023-12-01 20:04:00,10656,36.7302,36.731,36.725,36.74,36.72,127
2023-12-01 20:05:00,6225,36.7263,36.73,36.74,36.74,36.72,63
2023-12-01 20:06:00,9135,36.7281,36.735,36.725,36.745,36.71,127
2023-12-01 20:07:00,5293,36.7067,36.72,36.7,36.72,36.69,68
2023-12-01 20:08:00,5189,36.7086,36.695,36.705,36.715,36.695,106
2023-12-01 20:09:00,5632,36.7012,36.7,36.705,36.705,36.695,85
2023-12-01 20:10:00,4702,36.7101,36.71,36.72,36.72,36.7,72
2023-12-01 20:11:00,7813,36.7259,36.72,36.75,36.75,36.72,73
2023-12-01 20:12:00,3624,36.781,36.78,36.8,36.8,36.78,46
2023-12-01 20:13:00,9250,36.7902,36.79,36.79,36.8,36.785,150
2023-12-01 20:14:00,7001,36.7989,36.8,36.795,36.8075,36.795,90
2023-12-01 20:15:00,9991,36.7799,36.79,36.765,36.79,36.765,109
2023-12-01 20:16:00,4138,36.7706,36.765,36.775,36.775,36.765,73
2023-12-01 20:17:00,6500,36.7513,36.77,36.74,36.77,36.73,77
2023-12-01 20:18:00,1597,36.7516,36.75,36.7575,36.7575,36.75,25
2023-12-01 20:19:00,6270,36.7459,36.755,36.75,36.755,36.735,89
2023-12-01 20:20:00,8310,36.7602,36.75,36.77,36.77,36.75,102
2023-12-01 20:21:00,4439,36.7692,36.77,36.775,36.775,36.765,42
2023-12-01 20:22:00,2784,36.7746,36.78,36.78,36.78,36.775,45
2023-12-01 20:23:00,6202,36.7868,36.7875,36.79,36.8,36.78,79
2023-12-01 20:24:00,8358,36.7939,36.79,36.785,36.8,36.785,98
2023-12-01 20:25:00,4887,36.8017,36.79,36.81,36.82,36.79,64
2023-12-01 20:26:00,5553,36.8091,36.81,36.82,36.82,36.8,61
2023-12-01 20:27:00,3727,36.8189,36.82,36.82,36.82,36.81,59
2023-12-01 20:28:00,6888,36.8202,36.82,36.82,36.83,36.815,76
2023-12-01 20:29:00,13318,36.8186,36.83,36.8,36.83,36.8,166
2023-12-01 20:30:00,8345,36.8043,36.79,36.8,36.81,36.79,83
2023-12-01 20:31:00,3854,36.8049,36.8,36.8075,36.81,36.8,46
2023-12-01 20:32:00,10948,36.8108,36.81,36.81,36.82,36.805,130
2023-12-01 20:33:00,3143,36.8083,36.81,36.81,36.81,36.805,35
2023-12-01 20:34:00,9252,36.8181,36.81,36.815,36.83,36.81,106
2023-12-01 20:35:00,5659,36.8189,36.815,36.82,36.83,36.815,57
2023-12-01 20:36:00,3536,36.818,36.82,36.82,36.82,36.81,36
2023-12-01 20:37:00,11762,36.82,36.82,36.815,36.83,36.81,123
2023-12-01 20:38:00,54286,36.8518,36.82,36.83,36.89,36.82,472
2023-12-01 20:39:00,11772,36.849,36.835,36.86,36.87,36.835,121
2023-12-01 20:40:00,12917,36.8632,36.8675,36.86,36.875,36.855,121
2023-12-01 20:41:00,5800,36.8442,36.855,36.855,36.86,36.84,78
2023-12-01 20:42:00,19972,36.8464,36.86,36.83,36.86,36.83,179
2023-12-01 20:43:00,8611,36.8171,36.82,36.815,36.825,36.811,85
2023-12-01 20:44:00,14630,36.823,36.815,36.81,36.83,36.81,128
2023-12-01 20:45:00,11083,36.8203,36.802,36.83,36.83,36.802,130
2023-12-01 20:46:00,7093,36.8351,36.825,36.845,36.845,36.82,102
2023-12-01 20:47:00,11227,36.8335,36.84,36.85,36.85,36.83,122
2023-12-01 20:48:00,7484,36.8735,36.85,36.9,36.9,36.85,111
2023-12-01 20:49:00,20299,36.9034,36.9,36.93,36.93,36.9,256
2023-12-01 20:50:00,32631,36.9183,36.94,36.93,36.94,36.895,361
2023-12-01 20:51:00,19123,36.9476,36.93,36.9575,36.96,36.93,165
2023-12-01 20:52:00,28623,36.9444,36.955,36.935,36.96,36.92,247
2023-12-01 20:53:00,9097,36.9357,36.935,36.935,36.94,36.93,104
2023-12-01 20:54:00,16332,36.9202,36.9375,36.9,36.9375,36.9,164
2023-12-01 20:55:00,183383,36.8801,36.905,36.875,36.91,36.845,1137
2023-12-01 20:56:00,34248,36.8904,36.87,36.9,36.91,36.87,220
2023-12-01 20:57:00,38336,36.9072,36.905,36.915,36.92,36.9,254
2023-12-01 20:58:00,42392,36.9069,36.915,36.905,36.9175,36.9,252
2023-12-01 20:59:00,160401,36.9474,36.91,36.98,36.98,36.9,924
2023-12-01 21:00:00,4807,36.9802,36.98,36.98,36.98,36.98,12
2023-12-01 21:20:00,2686,36.98,36.98,36.98,36.98,36.98,1
