t,v,vw,o,c,h,l,n
2023-08-29 08:00:00,6964,14.8082,14.63,14.91,15.0,14.63,92
2023-08-29 08:01:00,8752,14.8843,14.9,14.92,14.92,14.83,143
2023-08-29 08:02:00,5834,15.013,14.99,15.05,15.08,14.99,152
2023-08-29 08:03:00,5145,14.9839,15.04,14.92,15.06,14.92,96
2023-08-29 08:04:00,2349,14.906,14.91,14.83,14.93,14.83,54
2023-08-29 08:05:00,4115,14.9017,14.83,14.96,14.96,14.83,57
2023-08-29 08:06:00,2174,14.9833,14.99,14.98,15.0,14.95,47
2023-08-29 08:07:00,5077,14.9087,15.0,14.86,15.0,14.86,77
2023-08-29 08:08:00,10525,14.8352,14.85,14.8,14.92,14.8,92
2023-08-29 08:09:00,5654,14.8278,14.8,14.92,14.92,14.8,37
2023-08-29 08:10:00,1064,14.8944,14.91,14.89,14.91,14.88,22
2023-08-29 08:11:00,1877,14.8907,14.92,14.83,14.92,14.83,43
2023-08-29 08:12:00,475,14.8574,14.86,14.86,14.86,14.86,15
2023-08-29 08:13:00,754,14.8999,14.9,14.92,14.92,14.9,19
2023-08-29 08:14:00,1174,14.9738,14.92,14.98,14.98,14.92,60
2023-08-29 08:15:00,1442,14.9523,14.93,14.98,14.98,14.93,34
2023-08-29 08:16:00,7985,15.0629,14.94,15.12,15.12,14.94,111
2023-08-29 08:17:00,5041,15.0965,15.14,14.97,15.14,14.97,108
2023-08-29 08:18:00,2002,15.012,14.97,15.0,15.06,14.97,43
2023-08-29 08:19:00,1777,15.0525,15.01,15.09,15.09,15.01,38
2023-08-29 08:20:00,5089,15.0076,15.08,14.94,15.08,14.94,86
2023-08-29 08:21:00,1035,14.9324,14.93,14.93,14.93,14.92,30
2023-08-29 08:22:00,176,14.9365,14.94,14.94,14.94,14.94,5
2023-08-29 08:23:00,6269,14.893,14.93,14.84,14.93,14.84,102
2023-08-29 08:24:00,2955,14.8434,14.83,14.87,14.87,14.81,70
2023-08-29 08:25:00,615,14.8805,14.86,14.93,14.93,14.86,18
2023-08-29 08:26:00,2207,14.924,14.97,14.87,14.97,14.87,46
2023-08-29 08:27:00,754,14.8721,14.87,14.87,14.87,14.87,18
2023-08-29 08:29:00,499,14.8771,14.87,14.87,14.87,14.87,15
2023-08-29 08:30:00,594,14.8643,14.87,14.87,14.87,14.87,27
2023-08-29 08:31:00,342,14.8767,14.89,14.89,14.89,14.89,17
2023-08-29 08:33:00,800,14.8756,14.88,14.89,14.89,14.88,29
2023-08-29 08:34:00,418,14.8774,14.88,14.88,14.88,14.88,11
2023-08-29 08:35:00,886,14.8914,14.88,14.9,14.9,14.88,18
2023-08-29 08:36:00,1555,14.9418,14.93,14.92,14.97,14.92,27
2023-08-29 08:37:00,1776,14.9818,14.97,14.98,15.0,14.97,30
2023-08-29 08:38:00,7542,15.0311,14.99,15.0,15.07,14.99,49
2023-08-29 08:39:00,711,14.9831,14.97,14.99,14.99,14.97,16
2023-08-29 08:40:00,565,14.9662,14.96,14.96,14.96,14.96,14
2023-08-29 08:45:00,202,14.9415,14.94,14.94,14.94,14.94,5
2023-08-29 08:47:00,329,14.9194,14.92,14.92,14.92,14.92,3
2023-08-29 08:48:00,2746,14.8814,14.9,14.85,14.9,14.85,47
2023-08-29 08:50:00,316,14.886,14.91,14.91,14.91,14.91,15
2023-08-29 08:51:00,328,14.8552,14.85,14.85,14.85,14.85,8
2023-08-29 08:55:00,267,14.8578,14.86,14.86,14.86,14.86,8
2023-08-29 08:56:00,799,14.9171,14.9,14.95,14.95,14.89,13
2023-08-29 08:59:00,1531,14.9222,14.89,14.94,14.94,14.89,16
2023-08-29 09:03:00,295,14.8517,14.85,14.85,14.85,14.85,6
2023-08-29 09:06:00,493,14.852,14.85,14.85,14.85,14.85,15
2023-08-29 09:09:00,1084,14.8427,14.85,14.85,14.85,14.84,36
2023-08-29 09:12:00,1630,14.827,14.84,14.82,14.84,14.82,44
2023-08-29 09:13:00,1920,14.7847,14.8,14.78,14.8,14.78,93
2023-08-29 09:14:00,744,14.7561,14.74,14.75,14.78,14.74,36
2023-08-29 09:16:00,172,14.7704,14.77,14.77,14.77,14.77,5
2023-08-29 09:17:00,471,14.7654,14.76,14.76,14.76,14.76,16
2023-08-29 09:19:00,3680,14.7241,14.74,14.7,14.74,14.7,69
2023-08-29 09:20:00,1037,14.6527,14.67,14.65,14.67,14.63,37
2023-08-29 09:21:00,1685,14.6557,14.66,14.63,14.66,14.63,25
2023-08-29 09:22:00,2310,14.5949,14.59,14.6,14.6,14.59,53
2023-08-29 09:23:00,1702,14.5216,14.51,14.5,14.51,14.5,44
2023-08-29 09:25:00,1710,14.5275,14.52,14.52,14.55,14.5,49
2023-08-29 09:29:00,182,14.5897,14.59,14.59,14.59,14.59,4
2023-08-29 09:32:00,844,14.5545,14.55,14.55,14.58,14.55,23
2023-08-29 09:33:00,826,14.535,14.53,14.54,14.54,14.53,14
2023-08-29 09:34:00,134,14.5773,14.59,14.59,14.59,14.59,3
2023-08-29 09:35:00,554,14.5805,14.58,14.58,14.58,14.58,13
2023-08-29 09:37:00,156,14.58,14.58,14.58,14.58,14.58,3
2023-08-29 09:40:00,1922,14.647,14.64,14.65,14.65,14.64,16
2023-08-29 09:43:00,375,14.6553,14.65,14.65,14.65,14.65,5
2023-08-29 09:44:00,307,14.6511,14.65,14.65,14.65,14.65,10
2023-08-29 09:46:00,344,14.6485,14.65,14.65,14.65,14.65,12
2023-08-29 09:47:00,538,14.6454,14.64,14.65,14.65,14.64,10
2023-08-29 09:48:00,420,14.6857,14.69,14.69,14.69,14.69,6
2023-08-29 09:49:00,184,14.7265,14.73,14.73,14.73,14.73,5
2023-08-29 09:50:00,1672,14.7554,14.74,14.74,14.79,14.74,25
2023-08-29 09:51:00,562,14.8377,14.84,14.84,14.84,14.84,9
2023-08-29 09:52:00,1556,14.8497,14.84,14.86,14.86,14.84,23
2023-08-29 09:53:00,500,14.8509,14.85,14.86,14.86,14.85,7
2023-08-29 09:54:00,866,14.7368,14.74,14.69,14.74,14.69,21
2023-08-29 09:55:00,857,14.6665,14.67,14.65,14.67,14.65,19
2023-08-29 09:56:00,300,14.668,14.65,14.65,14.65,14.65,6
2023-08-29 09:59:00,300,14.642,14.64,14.64,14.64,14.64,9
2023-08-29 10:00:00,388,14.6426,14.64,14.64,14.64,14.64,11
2023-08-29 10:02:00,235,14.61,14.61,14.61,14.61,14.61,9
2023-08-29 10:03:00,309,14.64,14.64,14.64,14.64,14.64,3
2023-08-29 10:04:00,541,14.5975,14.6,14.59,14.6,14.59,26
2023-08-29 10:06:00,303,14.61,14.61,14.61,14.61,14.61,2
2023-08-29 10:09:00,654,14.6382,14.63,14.64,14.64,14.63,8
2023-08-29 10:10:00,532,14.6376,14.63,14.63,14.63,14.63,10
2023-08-29 10:13:00,601,14.6642,14.67,14.67,14.67,14.67,7
2023-08-29 10:14:00,453,14.6475,14.64,14.66,14.66,14.64,15
2023-08-29 10:15:00,146,14.67,14.67,14.67,14.67,14.67,4
2023-08-29 10:16:00,291,14.6448,14.65,14.65,14.65,14.65,7
2023-08-29 10:17:00,806,14.6179,14.61,14.61,14.61,14.61,30
2023-08-29 10:19:00,548,14.6006,14.6,14.6,14.6,14.6,16
2023-08-29 10:20:00,992,14.6653,14.64,14.67,14.67,14.64,13
2023-08-29 10:21:00,517,14.6106,14.62,14.61,14.62,14.61,9
2023-08-29 10:23:00,940,14.5707,14.55,14.55,14.55,14.55,27
2023-08-29 10:29:00,497,14.5609,14.56,14.56,14.56,14.56,7
2023-08-29 10:32:00,1644,14.5397,14.56,14.54,14.56,14.54,62
2023-08-29 10:33:00,2081,14.4682,14.5,14.42,14.5,14.42,49
2023-08-29 10:34:00,1940,14.3975,14.41,14.4,14.41,14.4,56
2023-08-29 10:35:00,9555,14.2031,14.37,14.0,14.4,14.0,200
2023-08-29 10:36:00,1217,14.0751,14.02,14.13,14.13,14.02,30
2023-08-29 10:37:00,571,14.1665,14.13,14.13,14.13,14.13,23
2023-08-29 10:38:00,816,14.138,14.11,14.11,14.11,14.11,32
2023-08-29 10:40:00,2199,14.1311,14.14,14.12,14.14,14.11,39
2023-08-29 10:41:00,520,14.16,14.15,14.14,14.15,14.14,9
2023-08-29 10:42:00,206,14.1981,14.19,14.19,14.19,14.19,8
2023-08-29 10:43:00,862,14.2003,14.2,14.2,14.2,14.2,3
2023-08-29 10:44:00,2841,14.168,14.19,14.13,14.23,14.13,36
2023-08-29 10:46:00,2050,14.1952,14.15,14.2,14.2,14.15,11
2023-08-29 10:47:00,405,14.1748,14.16,14.18,14.18,14.16,11
2023-08-29 10:49:00,1573,14.2388,14.25,14.25,14.25,14.25,23
2023-08-29 10:51:00,379,14.2356,14.24,14.24,14.24,14.24,8
2023-08-29 10:55:00,102,14.2792,14.28,14.28,14.28,14.28,2
2023-08-29 10:59:00,1587,14.2621,14.26,14.24,14.27,14.24,40
2023-08-29 11:00:00,5428,14.2955,14.21,14.29,14.34,14.21,83
2023-08-29 11:01:00,2260,14.2914,14.26,14.32,14.32,14.26,22
2023-08-29 11:02:00,7393,14.2494,14.29,14.24,14.29,14.2,74
2023-08-29 11:03:00,755,14.2589,14.24,14.26,14.26,14.24,7
2023-08-29 11:05:00,2606,14.2584,14.26,14.24,14.27,14.24,19
2023-08-29 11:06:00,4354,14.2093,14.25,14.22,14.26,14.18,60
2023-08-29 11:07:00,393,14.2197,14.22,14.22,14.22,14.22,8
2023-08-29 11:08:00,2064,14.2145,14.2,14.22,14.22,14.2,22
2023-08-29 11:09:00,5583,14.161,14.2,14.12,14.2,14.12,96
2023-08-29 11:10:00,3124,14.1166,14.13,14.14,14.14,14.1,71
2023-08-29 11:11:00,568,14.1856,14.19,14.19,14.19,14.19,24
2023-08-29 11:13:00,2166,14.2256,14.2,14.24,14.24,14.2,17
2023-08-29 11:14:00,4462,14.3074,14.29,14.33,14.34,14.29,39
2023-08-29 11:15:00,1995,14.2965,14.31,14.27,14.31,14.27,34
2023-08-29 11:16:00,1471,14.2505,14.24,14.29,14.29,14.24,18
2023-08-29 11:17:00,501,14.2922,14.3,14.29,14.3,14.29,9
2023-08-29 11:18:00,6074,14.2592,14.3,14.24,14.3,14.24,39
2023-08-29 11:19:00,13887,14.1589,14.23,14.1,14.23,14.09,124
2023-08-29 11:20:00,2078,14.1567,14.11,14.19,14.19,14.11,18
2023-08-29 11:21:00,482,14.2071,14.22,14.22,14.22,14.22,14
2023-08-29 11:22:00,696,14.2101,14.21,14.21,14.21,14.2,13
2023-08-29 11:23:00,6887,14.1973,14.22,14.16,14.25,14.16,66
2023-08-29 11:24:00,10180,14.183,14.15,14.19,14.19,14.15,22
2023-08-29 11:25:00,1312,14.185,14.18,14.19,14.19,14.18,25
2023-08-29 11:26:00,836,14.2003,14.19,14.2,14.2,14.19,19
2023-08-29 11:27:00,11295,14.1303,14.14,14.14,14.18,14.1,134
2023-08-29 11:28:00,17534,14.0504,14.15,14.08,14.15,14.0,174
2023-08-29 11:29:00,3682,14.0058,14.05,13.98,14.05,13.98,75
2023-08-29 11:30:00,9572,13.8637,13.98,13.81,13.99,13.8,160
2023-08-29 11:31:00,8917,13.8795,13.83,13.89,13.94,13.83,101
2023-08-29 11:32:00,4566,13.8549,13.85,13.85,13.88,13.82,63
2023-08-29 11:33:00,34827,13.8443,13.85,13.81,13.88,13.8,191
2023-08-29 11:34:00,5308,13.7701,13.8,13.74,13.8,13.74,85
2023-08-29 11:35:00,11005,13.7821,13.77,13.81,13.81,13.75,94
2023-08-29 11:36:00,3285,13.8439,13.82,13.87,13.87,13.82,39
2023-08-29 11:38:00,1360,13.8451,13.84,13.84,13.84,13.84,35
2023-08-29 11:40:00,1102,13.8558,13.84,13.87,13.87,13.84,12
2023-08-29 11:41:00,896,13.8778,13.88,13.87,13.88,13.87,8
2023-08-29 11:42:00,1022,13.8897,13.89,13.89,13.89,13.89,12
2023-08-29 11:43:00,988,13.8979,13.9,13.9,13.9,13.9,21
2023-08-29 11:44:00,2476,13.9126,13.9,13.93,13.93,13.9,24
2023-08-29 11:45:00,425,13.9331,13.93,13.93,13.93,13.93,11
2023-08-29 11:46:00,1942,13.9024,13.91,13.89,13.91,13.89,32
2023-08-29 11:47:00,741,13.8874,13.89,13.89,13.89,13.89,15
2023-08-29 11:48:00,1980,13.9125,13.91,13.93,13.93,13.91,18
2023-08-29 11:49:00,1109,13.945,13.93,13.95,13.95,13.93,19
2023-08-29 11:50:00,727,13.9649,13.96,13.96,13.97,13.96,12
2023-08-29 11:52:00,332,13.9339,13.93,13.93,13.93,13.93,7
2023-08-29 11:54:00,507,13.9459,13.94,13.94,13.94,13.94,20
2023-08-29 11:55:00,312,13.9694,13.97,13.97,13.97,13.97,7
2023-08-29 11:56:00,533,13.9491,13.94,13.94,13.94,13.94,13
2023-08-29 11:57:00,635,13.9638,13.96,13.98,13.98,13.96,12
2023-08-29 11:58:00,6715,14.0376,13.99,14.08,14.08,13.99,47
2023-08-29 11:59:00,6719,14.0715,14.08,14.08,14.08,14.05,43
2023-08-29 12:00:00,186349,14.0113,14.33,14.12,14.34,13.73,674
2023-08-29 12:01:00,49532,14.454,14.9185,14.13,15.1185,13.7514,1418
2023-08-29 12:02:00,7423,14.1069,14.11,14.1,14.13,14.09,71
2023-08-29 12:03:00,4882,14.119,14.11,14.11,14.13,14.11,41
2023-08-29 12:04:00,6187,14.1196,14.13,14.13,14.13,14.1,59
2023-08-29 12:05:00,2889,14.1428,14.13,14.16,14.16,14.12,66
2023-08-29 12:06:00,4215,14.1887,14.17,14.19,14.23,14.17,51
2023-08-29 12:07:00,8428,14.1978,14.19,14.23,14.23,14.19,47
2023-08-29 12:08:00,1050,14.1871,14.15,14.2,14.2,14.15,25
2023-08-29 12:09:00,1456,14.1893,14.19,14.19,14.19,14.1899,18
2023-08-29 12:10:00,4085,14.2108,14.2,14.22,14.22,14.2,26
2023-08-29 12:11:00,2437,14.226,14.2297,14.21,14.24,14.21,33
2023-08-29 12:12:00,11933,14.2356,14.23,14.25,14.25,14.21,58
2023-08-29 12:13:00,12206,14.3015,14.26,14.3,14.34,14.25,118
2023-08-29 12:14:00,20990,14.3396,14.3,14.3501,14.3501,14.3,82
2023-08-29 12:15:00,21407,14.4197,14.39,14.45,14.45,14.35,140
2023-08-29 12:16:00,16015,14.4607,14.44,14.45,14.5,14.41,174
2023-08-29 12:17:00,31333,14.3994,14.45,14.35,14.45,14.35,161
2023-08-29 12:18:00,13060,14.3768,14.3786,14.4,14.4,14.36,112
2023-08-29 12:19:00,7621,14.3779,14.39,14.36,14.4,14.36,56
2023-08-29 12:20:00,15019,14.3621,14.35,14.36,14.38,14.35,80
2023-08-29 12:21:00,13020,14.3734,14.36,14.35,14.4,14.34,121
2023-08-29 12:22:00,4693,14.3519,14.36,14.34,14.37,14.34,65
2023-08-29 12:23:00,34163,14.5621,14.33,14.3315,15.0,14.05,1055
2023-08-29 12:24:00,25518,14.4264,14.3,14.33,14.97,14.02,448
2023-08-29 12:25:00,2096,14.3334,14.35,14.3299,14.35,14.3299,22
2023-08-29 12:26:00,11335,14.3004,14.3,14.3,14.31,14.3,54
2023-08-29 12:27:00,3084,14.3034,14.3,14.3,14.31,14.3,43
2023-08-29 12:28:00,3882,14.339,14.3,14.35,14.35,14.3,39
2023-08-29 12:29:00,29075,14.3132,14.32,14.27,14.35,14.27,102
2023-08-29 12:30:00,3846,14.2698,14.27,14.26,14.29,14.26,37
2023-08-29 12:31:00,6183,14.2824,14.3,14.26,14.3,14.26,59
2023-08-29 12:32:00,4909,14.2603,14.25,14.26,14.27,14.25,26
2023-08-29 12:33:00,5345,14.2588,14.29,14.25,14.29,14.25,44
2023-08-29 12:34:00,2485,14.2624,14.25,14.28,14.28,14.25,19
2023-08-29 12:35:00,320,14.2769,14.2718,14.2718,14.2718,14.2718,9
2023-08-29 12:36:00,1905,14.2854,14.28,14.3,14.3,14.28,22
2023-08-29 12:37:00,723,14.2871,14.3,14.2801,14.3,14.28,15
2023-08-29 12:38:00,1365,14.2789,14.28,14.28,14.28,14.28,17
2023-08-29 12:39:00,835,14.2716,14.27,14.2701,14.2701,14.27,13
2023-08-29 12:40:00,9005,14.2733,14.27,14.25,14.3,14.25,95
2023-08-29 12:41:00,21173,14.2366,14.25,14.25,14.25,14.21,87
2023-08-29 12:42:00,9749,14.1958,14.249,14.15,14.25,14.15,83
2023-08-29 12:43:00,7848,14.1527,14.15,14.17,14.17,14.15,54
2023-08-29 12:44:00,1406,14.1825,14.19,14.19,14.19,14.17,15
2023-08-29 12:45:00,1298,14.1913,14.19,14.18,14.2,14.18,22
2023-08-29 12:46:00,7875,14.1345,14.17,14.11,14.17,14.1,131
2023-08-29 12:47:00,8232,14.1168,14.11,14.1,14.14,14.1,54
2023-08-29 12:48:00,8357,14.0622,14.07,14.04,14.08,14.04,103
2023-08-29 12:49:00,12635,14.0018,14.0286,14.03,14.03,13.99,101
2023-08-29 12:50:00,14769,14.0298,14.02,14.05,14.05,14.0,46
2023-08-29 12:51:00,9812,14.064,14.05,14.0808,14.09,14.03,87
2023-08-29 12:52:00,6418,14.1047,14.1,14.1,14.15,14.0814,69
2023-08-29 12:53:00,8575,14.1077,14.0901,14.11,14.14,14.0901,75
2023-08-29 12:54:00,15911,14.1812,14.1499,14.2,14.2099,14.12,58
2023-08-29 12:55:00,3933,14.2267,14.22,14.22,14.25,14.2014,29
2023-08-29 12:56:00,4947,14.2184,14.22,14.2384,14.239,14.2014,59
2023-08-29 12:57:00,13385,14.2037,14.22,14.2,14.23,14.2,51
2023-08-29 12:58:00,6993,14.19,14.18,14.2,14.22,14.17,48
2023-08-29 12:59:00,7287,14.2101,14.22,14.19,14.23,14.19,58
2023-08-29 13:00:00,2766,14.1662,14.17,14.17,14.17,14.15,32
2023-08-29 13:01:00,9244,14.1699,14.2,14.12,14.2,14.12,27
2023-08-29 13:02:00,5973,14.1253,14.14,14.14,14.14,14.1,50
2023-08-29 13:03:00,1350,14.152,14.11,14.18,14.18,14.11,8
2023-08-29 13:04:00,843,14.1588,14.12,14.18,14.18,14.12,15
2023-08-29 13:05:00,4122,14.1365,14.154,14.14,14.154,14.13,47
2023-08-29 13:06:00,20829,14.0798,14.13,14.045,14.15,14.045,100
2023-08-29 13:07:00,5711,14.0478,14.05,14.05,14.05,14.04,70
2023-08-29 13:08:00,21772,14.0202,14.05,14.0003,14.05,14.0,150
2023-08-29 13:09:00,5375,14.0387,14.0,14.05,14.05,14.0,66
2023-08-29 13:10:00,3839,14.0497,14.05,14.07,14.07,14.03,39
2023-08-29 13:11:00,1134,14.0511,14.05,14.05,14.05,14.0486,18
2023-08-29 13:12:00,1337,14.0422,14.05,14.05,14.06,14.02,23
2023-08-29 13:13:00,1580,14.0484,14.06,14.06,14.06,14.03,21
2023-08-29 13:14:00,1128,14.0601,14.0599,14.06,14.06,14.0599,11
2023-08-29 13:15:00,804,14.0381,14.04,14.03,14.04,14.03,8
2023-08-29 13:16:00,1588,14.0432,14.03,14.04,14.05,14.03,16
2023-08-29 13:17:00,2475,14.0769,14.08,14.06,14.0886,14.05,30
2023-08-29 13:18:00,3387,14.069,14.08,14.06,14.0892,14.06,23
2023-08-29 13:19:00,39405,14.0287,14.05,14.0,14.0886,14.0,126
2023-08-29 13:20:00,1082,14.0367,14.03,14.03,14.04,14.02,14
2023-08-29 13:21:00,10935,13.9948,14.0482,13.9997,14.05,13.97,84
2023-08-29 13:22:00,9985,13.9952,14.0,13.99,14.05,13.97,56
2023-08-29 13:23:00,2070,13.9831,14.0,13.99,14.0,13.97,34
2023-08-29 13:24:00,31761,13.9953,13.99,14.03,14.05,13.97,82
2023-08-29 13:25:00,2857,14.0149,14.05,14.0,14.05,14.0,47
2023-08-29 13:26:00,6303,13.9912,13.98,13.98,14.0,13.98,56
2023-08-29 13:27:00,10307,13.9839,13.9814,14.0,14.0,13.98,32
2023-08-29 13:28:00,4477,13.9681,13.98,13.96,13.98,13.95,62
2023-08-29 13:29:00,36190,13.7648,13.97,13.58,13.98,13.58,440
2023-08-29 13:30:00,546299,13.5945,13.71,13.56,13.98,13.52,2403
2023-08-29 13:31:00,378146,13.3159,13.565,13.22,13.565,13.1,2268
2023-08-29 13:32:00,223968,13.1705,13.2131,13.1951,13.26,13.07,1831
2023-08-29 13:33:00,304203,13.1248,13.18,13.11,13.21,13.05,1504
2023-08-29 13:34:00,277096,13.0425,13.1199,13.1959,13.2199,12.92,1380
2023-08-29 13:35:00,194731,13.1993,13.2,13.25,13.27,13.11,1086
2023-08-29 13:36:00,151803,13.2328,13.2301,13.34,13.35,13.071,1122
2023-08-29 13:37:00,142500,13.2792,13.335,13.3373,13.38,13.22,642
2023-08-29 13:38:00,147949,13.3593,13.355,13.3799,13.4199,13.31,811
2023-08-29 13:39:00,95069,13.3216,13.38,13.3099,13.3902,13.26,597
2023-08-29 13:40:00,55429,13.3212,13.3013,13.3148,13.3628,13.28,441
2023-08-29 13:41:00,57561,13.3345,13.3187,13.37,13.3789,13.2946,405
2023-08-29 13:42:00,99494,13.2959,13.36,13.2599,13.37,13.22,590
2023-08-29 13:43:00,98155,13.3273,13.2452,13.28,13.4,13.24,625
2023-08-29 13:44:00,146028,13.1766,13.28,13.14,13.29,13.1075,758
2023-08-29 13:45:00,146181,13.1093,13.1213,13.1381,13.18,13.04,692
2023-08-29 13:46:00,80285,13.1412,13.14,13.1601,13.21,13.0852,452
2023-08-29 13:47:00,117191,13.2123,13.1899,13.27,13.27,13.12,678
2023-08-29 13:48:00,42456,13.2347,13.27,13.28,13.2881,13.18,336
2023-08-29 13:49:00,29300,13.2596,13.28,13.225,13.29,13.22,263
2023-08-29 13:50:00,70679,13.1827,13.21,13.22,13.24,13.13,587
2023-08-29 13:51:00,54336,13.2275,13.2381,13.235,13.24,13.2,317
2023-08-29 13:52:00,80141,13.2623,13.25,13.24,13.29,13.23,448
2023-08-29 13:53:00,173472,13.1565,13.24,13.115,13.2488,13.1,653
2023-08-29 13:54:00,71303,13.1271,13.11,13.18,13.18,13.09,536
2023-08-29 13:55:00,75512,13.126,13.17,13.14,13.18,13.09,392
2023-08-29 13:56:00,43909,13.1624,13.1599,13.1701,13.19,13.13,296
2023-08-29 13:57:00,57239,13.1174,13.18,13.0935,13.18,13.09,360
2023-08-29 13:58:00,151452,13.0697,13.1099,13.055,13.11,13.0401,651
2023-08-29 13:59:00,160043,13.0394,13.05,12.99,13.0895,12.99,745
2023-08-29 14:00:00,105112,13.0438,12.9995,13.13,13.13,12.97,626
2023-08-29 14:01:00,79202,13.1228,13.13,13.16,13.17,13.09,500
2023-08-29 14:02:00,150525,13.168,13.1517,13.21,13.22,13.12,534
2023-08-29 14:03:00,105716,13.1596,13.21,13.14,13.21,13.11,426
2023-08-29 14:04:00,184370,13.2072,13.13,13.2678,13.28,13.12,899
2023-08-29 14:05:00,196185,13.1687,13.2501,13.1387,13.27,13.081,768
2023-08-29 14:06:00,101301,13.0583,13.13,13.025,13.1496,13.0,498
2023-08-29 14:07:00,169957,13.1044,13.02,13.12,13.46,13.02,831
2023-08-29 14:08:00,41854,13.1131,13.12,13.09,13.15,13.09,231
2023-08-29 14:09:00,57810,13.082,13.0987,13.13,13.15,13.05,360
2023-08-29 14:10:00,33113,13.1151,13.14,13.0841,13.15,13.0841,216
2023-08-29 14:11:00,48369,13.0425,13.09,13.05,13.0908,13.01,424
2023-08-29 14:12:00,36648,13.0694,13.05,13.07,13.08,13.0401,227
2023-08-29 14:13:00,37081,13.0806,13.075,13.08,13.11,13.05,268
2023-08-29 14:14:00,30402,13.0547,13.08,13.081,13.081,13.03,228
2023-08-29 14:15:00,34783,13.0964,13.08,13.09,13.119,13.08,288
2023-08-29 14:16:00,67683,13.1084,13.09,13.1087,13.16,13.07,430
2023-08-29 14:17:00,28352,13.0858,13.09,13.061,13.11,13.061,258
2023-08-29 14:18:00,50953,13.0695,13.06,13.11,13.11,13.04,372
2023-08-29 14:19:00,32168,13.1082,13.1025,13.13,13.13,13.09,240
2023-08-29 14:20:00,26590,13.1251,13.1218,13.12,13.14,13.1,179
2023-08-29 14:21:00,182700,13.075,13.12,13.17,13.17,13.02,954
2023-08-29 14:22:00,56415,13.1651,13.155,13.1313,13.2,13.12,332
2023-08-29 14:23:00,81893,13.1917,13.131,13.24,13.25,13.13,400
2023-08-29 14:24:00,87303,13.2607,13.2367,13.3,13.31,13.2206,561
2023-08-29 14:25:00,117652,13.275,13.3,13.33,13.34,13.2,724
2023-08-29 14:26:00,223468,13.4453,13.335,13.561,13.59,13.32,1005
2023-08-29 14:27:00,137875,13.5314,13.56,13.5672,13.6,13.47,844
2023-08-29 14:28:00,162820,13.6107,13.565,13.6381,13.65,13.5301,798
2023-08-29 14:29:00,74048,13.6055,13.62,13.6188,13.64,13.56,361
2023-08-29 14:30:00,62574,13.5872,13.61,13.56,13.63,13.56,392
2023-08-29 14:31:00,79361,13.5469,13.561,13.57,13.58,13.53,579
2023-08-29 14:32:00,46380,13.5345,13.57,13.5115,13.58,13.51,329
2023-08-29 14:33:00,59848,13.5657,13.51,13.5885,13.5988,13.51,320
2023-08-29 14:34:00,127313,13.5377,13.59,13.49,13.6186,13.49,574
2023-08-29 14:35:00,66373,13.517,13.5,13.54,13.56,13.46,366
2023-08-29 14:36:00,49069,13.4929,13.55,13.4801,13.5598,13.46,326
2023-08-29 14:37:00,27438,13.4697,13.48,13.46,13.49,13.45,193
2023-08-29 14:38:00,61854,13.4824,13.46,13.46,13.51,13.44,328
2023-08-29 14:39:00,75924,13.426,13.4575,13.405,13.47,13.4,381
2023-08-29 14:40:00,29270,13.4239,13.4181,13.43,13.45,13.401,245
2023-08-29 14:41:00,23256,13.4234,13.43,13.41,13.44,13.41,187
2023-08-29 14:42:00,38069,13.4407,13.41,13.49,13.49,13.41,303
2023-08-29 14:43:00,50914,13.4894,13.48,13.44,13.53,13.43,308
2023-08-29 14:44:00,63078,13.4049,13.44,13.3523,13.49,13.35,394
2023-08-29 14:45:00,46840,13.3544,13.37,13.36,13.38,13.34,297
2023-08-29 14:46:00,65508,13.339,13.3601,13.35,13.365,13.32,489
2023-08-29 14:47:00,52772,13.379,13.355,13.42,13.42,13.355,364
2023-08-29 14:48:00,44383,13.4174,13.4199,13.395,13.44,13.38,194
2023-08-29 14:49:00,38604,13.386,13.395,13.38,13.42,13.36,340
2023-08-29 14:50:00,39358,13.4067,13.39,13.39,13.42,13.38,209
2023-08-29 14:51:00,34202,13.3791,13.39,13.36,13.41,13.35,295
2023-08-29 14:52:00,17267,13.3972,13.3785,13.415,13.42,13.37,158
2023-08-29 14:53:00,28905,13.4101,13.4199,13.38,13.44,13.37,225
2023-08-29 14:54:00,59700,13.3648,13.3701,13.3401,13.3899,13.33,207
2023-08-29 14:55:00,52752,13.3082,13.34,13.2801,13.35,13.28,286
2023-08-29 14:56:00,42874,13.2804,13.28,13.265,13.3,13.26,248
2023-08-29 14:57:00,73023,13.2513,13.2696,13.25,13.27,13.23,353
2023-08-29 14:58:00,28104,13.2301,13.2588,13.22,13.2588,13.21,225
2023-08-29 14:59:00,76439,13.1764,13.2187,13.16,13.2187,13.15,380
2023-08-29 15:00:00,58451,13.1826,13.16,13.1692,13.2,13.15,360
2023-08-29 15:01:00,31601,13.1353,13.1687,13.1188,13.1687,13.11,214
2023-08-29 15:02:00,33149,13.1142,13.11,13.1108,13.14,13.1,266
2023-08-29 15:03:00,22289,13.109,13.115,13.12,13.13,13.0913,214
2023-08-29 15:04:00,44082,13.1014,13.12,13.11,13.12,13.0888,251
2023-08-29 15:05:00,23205,13.1107,13.1096,13.1385,13.14,13.09,180
2023-08-29 15:06:00,42992,13.1284,13.13,13.13,13.15,13.11,295
2023-08-29 15:07:00,79385,13.15,13.13,13.145,13.18,13.1275,433
2023-08-29 15:08:00,23135,13.1377,13.14,13.1381,13.1499,13.12,170
2023-08-29 15:09:00,16219,13.1394,13.135,13.14,13.15,13.13,170
2023-08-29 15:10:00,30735,13.1256,13.15,13.1099,13.16,13.1,192
2023-08-29 15:11:00,20050,13.1226,13.11,13.121,13.13,13.11,195
2023-08-29 15:12:00,25189,13.1144,13.12,13.125,13.14,13.1,184
2023-08-29 15:13:00,27567,13.1629,13.1378,13.18,13.19,13.1378,187
2023-08-29 15:14:00,60470,13.1931,13.18,13.22,13.22,13.17,309
2023-08-29 15:15:00,22408,13.2023,13.21,13.1915,13.22,13.18,183
2023-08-29 15:16:00,48778,13.2166,13.2,13.2117,13.25,13.19,195
2023-08-29 15:17:00,41809,13.2381,13.22,13.2513,13.26,13.22,252
2023-08-29 15:18:00,50201,13.2497,13.26,13.24,13.27,13.235,235
2023-08-29 15:19:00,16428,13.2442,13.2312,13.25,13.255,13.231,93
2023-08-29 15:20:00,114664,13.1825,13.25,13.14,13.25,13.14,434
2023-08-29 15:21:00,35628,13.1359,13.15,13.1399,13.16,13.12,252
2023-08-29 15:22:00,23359,13.1493,13.13,13.15,13.17,13.12,156
2023-08-29 15:23:00,16911,13.1374,13.16,13.1287,13.17,13.12,148
2023-08-29 15:24:00,16344,13.1419,13.13,13.14,13.16,13.13,133
2023-08-29 15:25:00,16968,13.1279,13.14,13.11,13.1499,13.11,173
2023-08-29 15:26:00,21652,13.1432,13.115,13.18,13.185,13.11,206
2023-08-29 15:27:00,10904,13.1907,13.1799,13.19,13.21,13.1706,104
2023-08-29 15:28:00,12865,13.1911,13.19,13.21,13.21,13.18,121
2023-08-29 15:29:00,44455,13.2275,13.205,13.23,13.24,13.205,153
2023-08-29 15:30:00,50879,13.252,13.2308,13.24,13.28,13.23,341
2023-08-29 15:31:00,28335,13.2255,13.23,13.24,13.24,13.2082,145
2023-08-29 15:32:00,19369,13.2503,13.24,13.25,13.27,13.235,142
2023-08-29 15:33:00,20621,13.252,13.26,13.2424,13.27,13.24,127
2023-08-29 15:34:00,19748,13.2482,13.2413,13.24,13.26,13.23,107
2023-08-29 15:35:00,22437,13.2306,13.24,13.2387,13.25,13.22,160
2023-08-29 15:36:00,85154,13.2074,13.23,13.2287,13.2301,13.19,379
2023-08-29 15:37:00,77729,13.1869,13.2283,13.15,13.24,13.14,343
2023-08-29 15:38:00,53260,13.138,13.16,13.118,13.1699,13.11,242
2023-08-29 15:39:00,21646,13.145,13.1118,13.15,13.16,13.11,181
2023-08-29 15:40:00,21733,13.1456,13.14,13.165,13.18,13.13,166
2023-08-29 15:41:00,28909,13.1414,13.1691,13.13,13.17,13.12,159
2023-08-29 15:42:00,21790,13.1328,13.12,13.14,13.145,13.11,141
2023-08-29 15:43:00,23444,13.1385,13.15,13.13,13.16,13.12,126
2023-08-29 15:44:00,10161,13.1431,13.13,13.151,13.151,13.13,83
2023-08-29 15:45:00,14438,13.1733,13.16,13.18,13.18,13.16,100
2023-08-29 15:46:00,15241,13.1801,13.17,13.192,13.192,13.17,139
2023-08-29 15:47:00,13780,13.1944,13.1827,13.21,13.22,13.17,138
2023-08-29 15:48:00,16143,13.2264,13.22,13.24,13.245,13.21,134
2023-08-29 15:49:00,50467,13.2145,13.2311,13.1901,13.2311,13.18,155
2023-08-29 15:50:00,9806,13.2061,13.2,13.2,13.22,13.2,64
2023-08-29 15:51:00,39839,13.2233,13.2057,13.26,13.28,13.19,248
2023-08-29 15:52:00,19245,13.2545,13.2609,13.25,13.2609,13.245,111
2023-08-29 15:53:00,10360,13.263,13.26,13.249,13.28,13.24,115
2023-08-29 15:54:00,19141,13.2424,13.25,13.23,13.27,13.23,131
2023-08-29 15:55:00,44804,13.2268,13.23,13.24,13.245,13.2104,178
2023-08-29 15:56:00,15093,13.2466,13.24,13.24,13.27,13.23,161
2023-08-29 15:57:00,16489,13.2471,13.23,13.27,13.27,13.23,117
2023-08-29 15:58:00,20663,13.2826,13.27,13.29,13.2981,13.27,119
2023-08-29 15:59:00,52741,13.3332,13.3,13.312,13.35,13.3,242
2023-08-29 16:00:00,28135,13.3055,13.3152,13.31,13.3199,13.29,212
2023-08-29 16:01:00,17468,13.3065,13.3187,13.29,13.32,13.29,149
2023-08-29 16:02:00,16040,13.3036,13.3,13.31,13.32,13.29,122
2023-08-29 16:03:00,5417,13.3153,13.315,13.3399,13.3399,13.3009,78
2023-08-29 16:04:00,12255,13.3143,13.33,13.3156,13.335,13.3,130
2023-08-29 16:05:00,10217,13.3051,13.32,13.305,13.32,13.3,88
2023-08-29 16:06:00,9618,13.3083,13.31,13.3009,13.315,13.3,86
2023-08-29 16:07:00,28138,13.3006,13.305,13.2993,13.3099,13.29,134
2023-08-29 16:08:00,17787,13.3076,13.3,13.31,13.32,13.3,179
2023-08-29 16:09:00,33731,13.284,13.31,13.2997,13.31,13.2598,194
2023-08-29 16:10:00,14828,13.3157,13.3,13.329,13.33,13.3,106
2023-08-29 16:11:00,22649,13.3357,13.33,13.34,13.35,13.32,130
2023-08-29 16:12:00,26191,13.371,13.339,13.3803,13.4,13.335,210
2023-08-29 16:13:00,29248,13.3575,13.38,13.35,13.381,13.35,137
2023-08-29 16:14:00,19298,13.3278,13.34,13.31,13.35,13.2943,157
2023-08-29 16:15:00,23827,13.2931,13.3072,13.3,13.3162,13.28,157
2023-08-29 16:16:00,9738,13.3094,13.3,13.32,13.32,13.29,95
2023-08-29 16:17:00,22722,13.3331,13.3277,13.33,13.3499,13.3109,117
2023-08-29 16:18:00,10281,13.3138,13.32,13.31,13.3276,13.3,76
2023-08-29 16:19:00,23765,13.3297,13.31,13.34,13.35,13.2901,252
2023-08-29 16:20:00,14140,13.3458,13.3201,13.3595,13.36,13.32,103
2023-08-29 16:21:00,8487,13.3299,13.34,13.33,13.34,13.32,109
2023-08-29 16:22:00,17845,13.3826,13.34,13.395,13.41,13.34,148
2023-08-29 16:23:00,40246,13.3871,13.4,13.36,13.415,13.36,139
2023-08-29 16:24:00,8646,13.3534,13.356,13.35,13.3694,13.33,77
2023-08-29 16:25:00,15743,13.3502,13.35,13.3596,13.365,13.34,69
2023-08-29 16:26:00,14607,13.3629,13.3525,13.38,13.39,13.34,139
2023-08-29 16:27:00,7254,13.3781,13.3723,13.375,13.39,13.37,77
2023-08-29 16:28:00,11780,13.3845,13.37,13.3601,13.4,13.36,149
2023-08-29 16:29:00,9586,13.3755,13.37,13.3673,13.39,13.36,103
2023-08-29 16:30:00,15369,13.4136,13.37,13.4213,13.44,13.37,188
2023-08-29 16:31:00,26579,13.4367,13.435,13.435,13.45,13.42,158
2023-08-29 16:32:00,21905,13.4328,13.435,13.43,13.4399,13.42,142
2023-08-29 16:33:00,16738,13.4071,13.42,13.3801,13.43,13.3801,135
2023-08-29 16:34:00,37801,13.4001,13.38,13.4115,13.42,13.38,166
2023-08-29 16:35:00,12527,13.4237,13.42,13.4362,13.44,13.4101,76
2023-08-29 16:36:00,12937,13.4302,13.4356,13.419,13.44,13.415,81
2023-08-29 16:37:00,15701,13.3998,13.41,13.4051,13.415,13.39,169
2023-08-29 16:38:00,18247,13.4106,13.4,13.4299,13.44,13.395,155
2023-08-29 16:39:00,31742,13.4473,13.41,13.4601,13.47,13.41,138
2023-08-29 16:40:00,14856,13.4655,13.48,13.47,13.48,13.46,117
2023-08-29 16:41:00,12322,13.4781,13.46,13.49,13.495,13.46,146
2023-08-29 16:42:00,19177,13.4683,13.4803,13.465,13.4803,13.45,136
2023-08-29 16:43:00,34052,13.4708,13.46,13.48,13.485,13.46,180
2023-08-29 16:44:00,33904,13.4824,13.4725,13.48,13.4987,13.47,167
2023-08-29 16:45:00,57215,13.4923,13.4799,13.5,13.515,13.47,333
2023-08-29 16:46:00,31999,13.519,13.5099,13.5003,13.54,13.4922,159
2023-08-29 16:47:00,25989,13.4964,13.5,13.505,13.52,13.48,157
2023-08-29 16:48:00,14467,13.4852,13.5,13.4859,13.515,13.4636,153
2023-08-29 16:49:00,15949,13.4723,13.46,13.4713,13.49,13.46,123
2023-08-29 16:50:00,13976,13.4874,13.48,13.48,13.5,13.48,84
2023-08-29 16:51:00,22931,13.4576,13.48,13.435,13.4899,13.43,166
2023-08-29 16:52:00,26872,13.4182,13.43,13.41,13.44,13.4,183
2023-08-29 16:53:00,16789,13.42,13.4091,13.43,13.44,13.4,115
2023-08-29 16:54:00,13973,13.4279,13.43,13.41,13.4395,13.41,81
2023-08-29 16:55:00,22641,13.4643,13.42,13.48,13.49,13.42,209
2023-08-29 16:56:00,23007,13.4856,13.47,13.472,13.5,13.47,169
2023-08-29 16:57:00,18154,13.4992,13.48,13.49,13.51,13.48,119
2023-08-29 16:58:00,100785,13.5631,13.5,13.6,13.62,13.49,453
2023-08-29 16:59:00,28221,13.5855,13.6009,13.564,13.6009,13.5601,116
2023-08-29 17:00:00,28358,13.5701,13.5781,13.56,13.58,13.56,203
2023-08-29 17:01:00,24648,13.5796,13.56,13.5895,13.59,13.56,139
2023-08-29 17:02:00,43760,13.5819,13.59,13.59,13.6,13.57,194
2023-08-29 17:03:00,27613,13.5498,13.588,13.53,13.588,13.53,172
2023-08-29 17:04:00,13586,13.5371,13.53,13.5732,13.5752,13.51,168
2023-08-29 17:05:00,14553,13.576,13.57,13.5801,13.59,13.5501,90
2023-08-29 17:06:00,108656,13.6097,13.58,13.59,13.64,13.58,378
2023-08-29 17:07:00,21176,13.5904,13.5887,13.5999,13.6,13.57,140
2023-08-29 17:08:00,13236,13.5622,13.59,13.57,13.59,13.54,121
2023-08-29 17:09:00,9755,13.5835,13.56,13.59,13.59,13.56,64
2023-08-29 17:10:00,12721,13.5951,13.58,13.59,13.61,13.57,95
2023-08-29 17:11:00,13708,13.6116,13.59,13.61,13.63,13.59,106
2023-08-29 17:12:00,24385,13.6185,13.6,13.61,13.6399,13.5953,188
2023-08-29 17:13:00,21968,13.6177,13.61,13.62,13.63,13.61,135
2023-08-29 17:14:00,32694,13.6287,13.6124,13.63,13.64,13.61,214
2023-08-29 17:15:00,22332,13.6139,13.63,13.605,13.63,13.6,200
2023-08-29 17:16:00,45653,13.5689,13.6008,13.54,13.6008,13.54,238
2023-08-29 17:17:00,33490,13.5276,13.56,13.5,13.56,13.5,244
2023-08-29 17:18:00,19302,13.508,13.51,13.5168,13.52,13.5,149
2023-08-29 17:19:00,31114,13.4978,13.5,13.4913,13.51,13.475,219
2023-08-29 17:20:00,14244,13.4809,13.495,13.48,13.495,13.47,127
2023-08-29 17:21:00,84802,13.4855,13.46,13.5,13.51,13.46,415
2023-08-29 17:22:00,38387,13.4998,13.5,13.51,13.51,13.4901,136
2023-08-29 17:23:00,21026,13.4836,13.51,13.4601,13.51,13.4577,166
2023-08-29 17:24:00,25508,13.4676,13.46,13.465,13.4892,13.451,135
2023-08-29 17:25:00,12985,13.4529,13.45,13.45,13.47,13.44,113
2023-08-29 17:26:00,83151,13.4564,13.452,13.4999,13.51,13.45,143
2023-08-29 17:27:00,14925,13.4882,13.49,13.48,13.5,13.47,55
2023-08-29 17:28:00,16672,13.486,13.48,13.4987,13.5,13.47,181
2023-08-29 17:29:00,24871,13.4636,13.4994,13.44,13.4994,13.44,131
2023-08-29 17:30:00,26275,13.4458,13.445,13.46,13.47,13.43,119
2023-08-29 17:31:00,34415,13.4637,13.455,13.4901,13.5,13.45,131
2023-08-29 17:32:00,26349,13.4985,13.5,13.51,13.51,13.48,171
2023-08-29 17:33:00,23697,13.525,13.5,13.51,13.55,13.5,124
2023-08-29 17:34:00,51755,13.5307,13.515,13.575,13.575,13.5,280
2023-08-29 17:35:00,17253,13.5677,13.575,13.5793,13.585,13.5401,115
2023-08-29 17:36:00,8313,13.5669,13.575,13.56,13.575,13.5596,91
2023-08-29 17:37:00,32576,13.557,13.56,13.58,13.59,13.52,120
2023-08-29 17:38:00,104602,13.6204,13.57,13.63,13.67,13.56,525
2023-08-29 17:39:00,155526,13.6971,13.625,13.7084,13.739,13.6107,625
2023-08-29 17:40:00,28373,13.6909,13.7,13.67,13.7099,13.66,131
2023-08-29 17:41:00,67693,13.6997,13.67,13.665,13.72,13.66,349
2023-08-29 17:42:00,38418,13.6694,13.6612,13.7,13.7,13.65,190
2023-08-29 17:43:00,60343,13.7113,13.7,13.738,13.75,13.69,307
2023-08-29 17:44:00,29549,13.7219,13.72,13.735,13.75,13.695,217
2023-08-29 17:45:00,26389,13.7394,13.74,13.74,13.76,13.73,154
2023-08-29 17:46:00,28766,13.7571,13.74,13.74,13.78,13.73,193
2023-08-29 17:47:00,61876,13.7824,13.7494,13.79,13.8,13.7494,296
2023-08-29 17:48:00,28186,13.779,13.7899,13.778,13.7899,13.765,143
2023-08-29 17:49:00,26093,13.7693,13.778,13.78,13.78,13.76,167
2023-08-29 17:50:00,167476,13.7449,13.77,13.729,13.77,13.7107,490
2023-08-29 17:51:00,61505,13.7424,13.73,13.75,13.76,13.7101,192
2023-08-29 17:52:00,26375,13.7356,13.745,13.725,13.76,13.71,172
2023-08-29 17:53:00,15944,13.7311,13.72,13.7454,13.75,13.71,98
2023-08-29 17:54:00,19765,13.7519,13.755,13.768,13.768,13.74,118
2023-08-29 17:55:00,45316,13.721,13.7691,13.7,13.77,13.67,263
2023-08-29 17:56:00,11340,13.7091,13.7,13.7147,13.72,13.6914,72
2023-08-29 17:57:00,24720,13.7243,13.7,13.74,13.7499,13.7,197
2023-08-29 17:58:00,15914,13.744,13.745,13.74,13.76,13.7319,73
2023-08-29 17:59:00,26053,13.7217,13.7477,13.701,13.75,13.7,155
2023-08-29 18:00:00,18957,13.7074,13.71,13.72,13.72,13.7,93
2023-08-29 18:01:00,16112,13.7068,13.7,13.72,13.72,13.69,125
2023-08-29 18:02:00,18133,13.7309,13.72,13.735,13.74,13.715,103
2023-08-29 18:03:00,54637,13.7516,13.735,13.7658,13.78,13.72,272
2023-08-29 18:04:00,53490,13.7863,13.7698,13.8,13.81,13.74,327
2023-08-29 18:05:00,17452,13.786,13.79,13.76,13.81,13.76,154
2023-08-29 18:06:00,35096,13.7513,13.76,13.74,13.77,13.74,248
2023-08-29 18:07:00,7467,13.7511,13.7476,13.73,13.77,13.73,99
2023-08-29 18:08:00,51100,13.7337,13.735,13.7,13.77,13.7,362
2023-08-29 18:09:00,18435,13.7187,13.7,13.73,13.74,13.7,126
2023-08-29 18:10:00,28247,13.7144,13.7301,13.721,13.735,13.69,164
2023-08-29 18:11:00,25321,13.7093,13.72,13.72,13.7297,13.695,154
2023-08-29 18:12:00,13062,13.7159,13.7288,13.7107,13.7288,13.7,89
2023-08-29 18:13:00,26286,13.7261,13.71,13.74,13.74,13.71,189
2023-08-29 18:14:00,63002,13.6873,13.73,13.67,13.74,13.66,390
2023-08-29 18:15:00,51100,13.6465,13.665,13.625,13.68,13.62,215
2023-08-29 18:16:00,133861,13.6501,13.625,13.6801,13.7,13.625,240
2023-08-29 18:17:00,25373,13.6864,13.685,13.685,13.7,13.67,123
2023-08-29 18:18:00,25366,13.686,13.6801,13.6601,13.7,13.66,147
2023-08-29 18:19:00,12073,13.6756,13.6601,13.66,13.6887,13.66,110
2023-08-29 18:20:00,11675,13.6728,13.6612,13.675,13.685,13.66,86
2023-08-29 18:21:00,19094,13.7048,13.68,13.71,13.72,13.68,113
2023-08-29 18:22:00,33085,13.7156,13.71,13.69,13.739,13.69,251
2023-08-29 18:23:00,16366,13.6854,13.695,13.675,13.7,13.67,132
2023-08-29 18:24:00,21832,13.6495,13.67,13.63,13.675,13.63,100
2023-08-29 18:25:00,22555,13.6242,13.63,13.6203,13.645,13.6129,123
2023-08-29 18:26:00,26074,13.6114,13.62,13.63,13.63,13.59,201
2023-08-29 18:27:00,15201,13.6186,13.63,13.6,13.6385,13.6,132
2023-08-29 18:28:00,14308,13.6094,13.61,13.61,13.62,13.6,85
2023-08-29 18:29:00,43616,13.6243,13.62,13.64,13.648,13.61,201
2023-08-29 18:30:00,82196,13.6237,13.635,13.62,13.65,13.61,244
2023-08-29 18:31:00,99614,13.5904,13.625,13.635,13.64,13.57,380
2023-08-29 18:32:00,60815,13.6516,13.635,13.63,13.69,13.61,329
2023-08-29 18:33:00,67776,13.6171,13.62,13.59,13.64,13.59,138
2023-08-29 18:34:00,16929,13.6413,13.61,13.6275,13.65,13.61,174
2023-08-29 18:35:00,33983,13.6434,13.61,13.6514,13.6669,13.61,272
2023-08-29 18:36:00,29080,13.6693,13.66,13.675,13.68,13.65,101
2023-08-29 18:37:00,18799,13.6826,13.6793,13.7,13.7,13.67,135
2023-08-29 18:38:00,34722,13.6816,13.6988,13.689,13.6988,13.67,147
2023-08-29 18:39:00,22530,13.695,13.68,13.715,13.72,13.66,193
2023-08-29 18:40:00,22967,13.7129,13.72,13.71,13.725,13.7,162
2023-08-29 18:41:00,31456,13.691,13.7,13.67,13.7199,13.665,176
2023-08-29 18:42:00,21545,13.6439,13.6614,13.6304,13.67,13.63,85
2023-08-29 18:43:00,96295,13.6108,13.64,13.59,13.64,13.59,389
2023-08-29 18:44:00,26277,13.5805,13.59,13.57,13.5999,13.57,156
2023-08-29 18:45:00,31861,13.5749,13.575,13.59,13.5995,13.56,204
2023-08-29 18:46:00,12567,13.5982,13.585,13.6099,13.61,13.5808,68
2023-08-29 18:47:00,23186,13.5789,13.6,13.57,13.6,13.57,163
2023-08-29 18:48:00,63189,13.5411,13.57,13.5428,13.57,13.52,265
2023-08-29 18:49:00,12368,13.5553,13.55,13.56,13.5688,13.5401,92
2023-08-29 18:50:00,4947,13.5622,13.56,13.57,13.57,13.555,78
2023-08-29 18:51:00,27321,13.5847,13.57,13.5999,13.6,13.56,198
2023-08-29 18:52:00,17854,13.589,13.59,13.58,13.6,13.58,129
2023-08-29 18:53:00,10793,13.576,13.585,13.56,13.585,13.56,77
2023-08-29 18:54:00,78712,13.5466,13.5615,13.545,13.585,13.5107,428
2023-08-29 18:55:00,100555,13.492,13.54,13.48,13.54,13.46,426
2023-08-29 18:56:00,47792,13.4773,13.47,13.4819,13.505,13.45,283
2023-08-29 18:57:00,22438,13.4871,13.4999,13.5,13.5,13.47,145
2023-08-29 18:58:00,7958,13.4966,13.5,13.48,13.5006,13.48,81
2023-08-29 18:59:00,25626,13.4959,13.4801,13.5002,13.511,13.48,137
2023-08-29 19:00:00,20428,13.5049,13.51,13.515,13.52,13.485,139
2023-08-29 19:01:00,9405,13.5245,13.5109,13.535,13.5388,13.5109,84
2023-08-29 19:02:00,19345,13.5265,13.5396,13.5,13.54,13.5,152
2023-08-29 19:03:00,13427,13.497,13.5165,13.5,13.5165,13.49,111
2023-08-29 19:04:00,3534,13.4933,13.5,13.49,13.5,13.49,35
2023-08-29 19:05:00,41661,13.4793,13.4991,13.5,13.51,13.47,302
2023-08-29 19:06:00,33119,13.4711,13.5,13.4722,13.508,13.45,224
2023-08-29 19:07:00,101635,13.4459,13.4799,13.445,13.485,13.43,524
2023-08-29 19:08:00,61649,13.4241,13.445,13.45,13.45,13.41,320
2023-08-29 19:09:00,20927,13.4375,13.4501,13.41,13.4501,13.41,167
2023-08-29 19:10:00,29209,13.4056,13.415,13.4018,13.42,13.39,218
2023-08-29 19:11:00,17511,13.3901,13.4,13.39,13.4,13.38,191
2023-08-29 19:12:00,31777,13.3842,13.385,13.3871,13.39,13.38,109
2023-08-29 19:13:00,31530,13.3808,13.385,13.39,13.405,13.37,226
2023-08-29 19:14:00,36358,13.378,13.39,13.3788,13.3987,13.37,178
2023-08-29 19:15:00,38821,13.3997,13.37,13.39,13.44,13.365,245
2023-08-29 19:16:00,26165,13.4217,13.4088,13.4299,13.44,13.4,159
2023-08-29 19:17:00,12015,13.4233,13.42,13.42,13.43,13.42,95
2023-08-29 19:18:00,8096,13.4306,13.425,13.43,13.44,13.4213,87
2023-08-29 19:19:00,118257,13.3791,13.43,13.34,13.439,13.34,513
2023-08-29 19:20:00,84889,13.4271,13.3401,13.36,13.37,13.3401,86
2023-08-29 19:21:00,37902,13.3469,13.35,13.332,13.3791,13.31,296
2023-08-29 19:22:00,17050,13.3453,13.3399,13.35,13.3584,13.3301,121
2023-08-29 19:23:00,22895,13.3367,13.35,13.3499,13.35,13.3223,177
2023-08-29 19:24:00,21966,13.3491,13.3379,13.3505,13.3601,13.33,97
2023-08-29 19:25:00,13129,13.367,13.3699,13.36,13.3775,13.3526,72
2023-08-29 19:26:00,35940,13.4076,13.37,13.42,13.42,13.37,222
2023-08-29 19:27:00,71490,13.4084,13.41,13.405,13.42,13.39,156
2023-08-29 19:28:00,18202,13.409,13.4088,13.39,13.42,13.39,120
2023-08-29 19:29:00,30742,13.3975,13.4,13.42,13.42,13.39,216
2023-08-29 19:30:00,30598,13.4348,13.4021,13.43,13.4582,13.4,210
2023-08-29 19:31:00,33590,13.4182,13.44,13.37,13.455,13.36,278
2023-08-29 19:32:00,33996,13.3838,13.38,13.375,13.4,13.37,229
2023-08-29 19:33:00,16522,13.3891,13.375,13.3991,13.4,13.37,163
2023-08-29 19:34:00,13071,13.3812,13.3992,13.39,13.3992,13.37,111
2023-08-29 19:35:00,16489,13.3823,13.3999,13.37,13.3999,13.37,158
2023-08-29 19:36:00,33784,13.3671,13.37,13.37,13.39,13.35,212
2023-08-29 19:37:00,39303,13.3381,13.38,13.33,13.3828,13.32,219
2023-08-29 19:38:00,35742,13.323,13.32,13.33,13.349,13.3,334
2023-08-29 19:39:00,22583,13.3271,13.3399,13.34,13.3485,13.31,140
2023-08-29 19:40:00,27273,13.3511,13.35,13.34,13.36,13.34,237
2023-08-29 19:41:00,15304,13.355,13.345,13.365,13.375,13.34,167
2023-08-29 19:42:00,25604,13.3683,13.3699,13.36,13.38,13.351,210
2023-08-29 19:43:00,16081,13.3665,13.36,13.375,13.38,13.36,162
2023-08-29 19:44:00,34750,13.388,13.3734,13.375,13.4,13.37,201
2023-08-29 19:45:00,27534,13.3762,13.375,13.36,13.395,13.3501,249
2023-08-29 19:46:00,150755,13.2901,13.3636,13.26,13.365,13.25,940
2023-08-29 19:47:00,42465,13.2815,13.261,13.29,13.3,13.261,314
2023-08-29 19:48:00,51359,13.2565,13.285,13.25,13.285,13.24,382
2023-08-29 19:49:00,24857,13.243,13.24,13.24,13.2599,13.23,225
2023-08-29 19:50:00,42746,13.2444,13.23,13.245,13.265,13.2205,309
2023-08-29 19:51:00,34801,13.2452,13.245,13.245,13.26,13.23,359
2023-08-29 19:52:00,51212,13.2434,13.25,13.23,13.265,13.22,389
2023-08-29 19:53:00,42927,13.2418,13.23,13.25,13.26,13.225,348
2023-08-29 19:54:00,57172,13.2502,13.25,13.245,13.27,13.23,540
2023-08-29 19:55:00,55182,13.2739,13.25,13.28,13.29,13.24,454
2023-08-29 19:56:00,87667,13.279,13.27,13.27,13.3,13.27,469
2023-08-29 19:57:00,112836,13.2971,13.275,13.315,13.33,13.27,519
2023-08-29 19:58:00,128661,13.3198,13.315,13.33,13.34,13.305,666
2023-08-29 19:59:00,207981,13.3356,13.33,13.31,13.36,13.31,1395
2023-08-29 20:00:00,15177,13.321,13.32,13.31,13.33,13.31,15
2023-08-29 20:01:00,811,13.3222,13.33,13.3,13.33,13.3,8
2023-08-29 20:03:00,150,13.4233,13.43,13.43,13.43,13.43,6
2023-08-29 20:07:00,246,13.3359,13.35,13.35,13.35,13.35,5
2023-08-29 20:08:00,242,13.395,13.4,13.4,13.4,13.4,7
2023-08-29 20:10:00,1587,13.3476,13.42,13.33,13.42,13.33,7
2023-08-29 20:11:00,454,13.3635,13.41,13.33,13.41,13.33,4
2023-08-29 20:12:00,2295,13.331,13.33,13.33,13.33,13.33,8
2023-08-29 20:13:00,1677,13.3508,13.35,13.35,13.35,13.35,8
2023-08-29 20:14:00,333,13.3532,13.35,13.33,13.35,13.33,7
2023-08-29 20:15:00,2116,13.3886,13.37,13.39,13.39,13.37,3
2023-08-29 20:16:00,1187,14.5612,13.33,15.1485,15.1485,13.33,21
2023-08-29 20:18:00,154,13.3826,13.39,13.39,13.39,13.39,5
2023-08-29 20:19:00,2423,13.3317,13.3314,13.3309,13.34,13.3305,8
2023-08-29 20:20:00,484,13.356,13.33,13.3785,13.3785,13.33,9
2023-08-29 20:21:00,138,13.3432,13.34,13.34,13.34,13.34,5
2023-08-29 20:22:00,221,13.3446,13.35,13.34,13.35,13.34,5
2023-08-29 20:25:00,2083,13.3454,13.35,13.34,13.35,13.34,8
2023-08-29 20:27:00,1421,13.3401,13.34,13.34,13.34,13.34,4
2023-08-29 20:31:00,228,13.3308,13.33,13.33,13.33,13.33,5
2023-08-29 20:32:00,1238,13.3334,13.33,13.33,13.33,13.33,9
2023-08-29 20:33:00,36680,13.3206,13.35,13.35,13.35,13.35,7
2023-08-29 20:34:00,875,13.3514,13.3514,13.3514,13.3514,13.3514,2
2023-08-29 20:35:00,397,13.3557,13.35,13.35,13.35,13.35,4
2023-08-29 20:36:00,1220,13.3493,13.35,13.35,13.35,13.35,6
2023-08-29 20:37:00,361,13.3798,13.38,13.38,13.38,13.38,3
2023-08-29 20:38:00,802,13.363,13.38,13.36,13.38,13.3415,8
2023-08-29 20:39:00,2106,13.3605,13.36,13.36,13.36,13.36,7
2023-08-29 20:40:00,485,13.3597,13.36,13.36,13.36,13.36,12
2023-08-29 20:41:00,888,13.3365,13.33,13.35,13.35,13.33,3
2023-08-29 20:43:00,144,13.3499,13.35,13.35,13.35,13.35,3
2023-08-29 20:44:00,257,13.342,13.34,13.34,13.34,13.34,4
2023-08-29 20:45:00,1068,13.3415,13.34,13.35,13.35,13.34,7
2023-08-29 20:46:00,8174,13.3805,13.37,13.35,13.4,13.35,14
2023-08-29 20:47:00,2353,13.3499,13.3499,13.35,13.35,13.3499,7
2023-08-29 20:48:00,160,13.3337,13.3301,13.3301,13.3301,13.3301,7
2023-08-29 20:49:00,491,13.3365,13.3494,13.33,13.3494,13.33,10
2023-08-29 20:50:00,1734,13.3129,13.32,13.33,13.33,13.3,15
2023-08-29 20:51:00,142,13.3046,13.3015,13.3015,13.3015,13.3015,5
2023-08-29 20:52:00,306,13.3001,13.3001,13.3001,13.3001,13.3001,2
2023-08-29 20:53:00,1004,13.3,13.3,13.3,13.3,13.3,2
2023-08-29 20:54:00,362,13.3204,13.32,13.32,13.32,13.32,3
2023-08-29 20:56:00,2128,13.3021,13.31,13.28,13.31,13.28,20
2023-08-29 20:57:00,424,13.2697,13.27,13.27,13.27,13.27,5
2023-08-29 20:58:00,2010,13.252,13.25,13.25,13.26,13.25,8
2023-08-29 21:00:00,565,13.2518,13.25,13.25,13.25,13.25,4
2023-08-29 21:01:00,999,13.2613,13.2613,13.2613,13.2613,13.2613,1
2023-08-29 21:02:00,903,13.3,13.3,13.3,13.3,13.3,1
2023-08-29 21:03:00,1187,13.3005,13.3,13.3286,13.3286,13.3,5
2023-08-29 21:05:00,1641,13.26,13.26,13.26,13.26,13.26,5
2023-08-29 21:06:00,329,13.2781,13.26,13.26,13.26,13.26,5
2023-08-29 21:08:00,114,13.2674,13.26,13.26,13.26,13.26,4
2023-08-29 21:09:00,2602,13.2601,13.26,13.26,13.26,13.26,3
2023-08-29 21:11:00,248,13.3295,13.33,13.33,13.33,13.33,3
2023-08-29 21:16:00,362,13.2583,13.26,13.26,13.26,13.26,4
2023-08-29 21:20:00,114,13.2617,13.2617,13.2617,13.2617,13.2617,1
2023-08-29 21:23:00,676,13.2544,13.2502,13.2502,13.2502,13.2502,4
2023-08-29 21:25:00,696,13.2999,13.3189,13.26,13.3189,13.26,10
2023-08-29 21:26:00,100,13.26,13.26,13.26,13.26,13.26,1
2023-08-29 21:28:00,469,13.3188,13.3188,13.3188,13.3188,13.3188,2
2023-08-29 21:30:00,159,13.2628,13.26,13.26,13.26,13.26,2
2023-08-29 21:31:00,4898,13.2558,13.26,13.27,13.27,13.25,25
2023-08-29 21:34:00,2089,13.2532,13.3,13.22,13.3,13.22,16
2023-08-29 21:41:00,333,13.2672,13.2686,13.2686,13.2686,13.2686,10
2023-08-29 21:42:00,391,13.2801,13.27,13.27,13.27,13.27,15
2023-08-29 21:46:00,244,13.25,13.25,13.25,13.25,13.25,2
2023-08-29 21:53:00,850,13.2582,13.25,13.25,13.32,13.25,3
2023-08-29 21:54:00,6009,13.3056,13.25,13.2714,13.32,13.25,5
2023-08-29 21:55:00,730,13.33,13.33,13.33,13.33,13.33,5
2023-08-29 21:56:00,998,13.3705,13.35,13.3799,13.3799,13.35,10
2023-08-29 21:58:00,106,13.3794,13.38,13.38,13.38,13.38,3
2023-08-29 22:03:00,1205,13.3661,13.36,13.37,13.37,13.36,6
2023-08-29 22:04:00,329,13.38,13.38,13.38,13.38,13.38,4
2023-08-29 22:05:00,8014,13.3787,13.3516,13.4,13.4,13.35,11
2023-08-29 22:06:00,4235,13.4042,13.39,13.42,13.42,13.38,12
2023-08-29 22:07:00,859,13.4003,13.4,13.4,13.4,13.4,3
2023-08-29 22:10:00,450,13.41,13.41,13.41,13.41,13.41,2
2023-08-29 22:13:00,178,13.4101,13.39,13.39,13.39,13.39,4
2023-08-29 22:14:00,619,13.4765,13.49,13.49,13.49,13.49,10
2023-08-29 22:20:00,322,13.5,13.5,13.5,13.5,13.5,2
2023-08-29 22:21:00,106,13.4047,13.4,13.4,13.4,13.4,3
2023-08-29 22:25:00,1005,13.42,13.42,13.42,13.42,13.42,5
2023-08-29 22:26:00,102,13.41,13.41,13.41,13.41,13.41,2
2023-08-29 22:27:00,1140,13.41,13.41,13.41,13.41,13.41,3
2023-08-29 22:28:00,260,13.4873,13.49,13.49,13.49,13.49,2
2023-08-29 22:30:00,803,13.4588,13.45,13.46,13.46,13.45,2
2023-08-29 22:31:00,2000,13.445,13.45,13.44,13.45,13.44,3
2023-08-29 22:32:00,1000,13.44,13.44,13.44,13.44,13.44,3
2023-08-29 22:34:00,313,13.4392,13.44,13.44,13.44,13.44,5
2023-08-29 22:35:00,750,13.4583,13.44,13.47,13.4715,13.44,4
2023-08-29 22:36:00,1181,13.4622,13.47,13.46,13.47,13.46,3
2023-08-29 22:37:00,500,13.4581,13.4581,13.4581,13.4581,13.4581,1
2023-08-29 22:38:00,404,13.4451,13.46,13.44,13.46,13.44,4
2023-08-29 22:39:00,601,13.4534,13.45,13.47,13.47,13.45,6
2023-08-29 22:45:00,701,13.44,13.44,13.44,13.44,13.44,2
2023-08-29 22:49:00,597,13.4501,13.45,13.45,13.45,13.45,3
2023-08-29 22:55:00,1006,13.47,13.47,13.47,13.47,13.47,5
2023-08-29 22:57:00,6111,13.4695,13.47,13.47,13.47,13.47,9
2023-08-29 22:58:00,101,13.4696,13.47,13.47,13.47,13.47,2
2023-08-29 22:59:00,4007,13.4695,13.46,13.47,13.47,13.46,8
2023-08-29 23:00:00,5220,13.4899,13.49,13.49,13.49,13.49,9
2023-08-29 23:01:00,2000,13.4893,13.4897,13.4889,13.4897,13.4889,2
2023-08-29 23:04:00,367,13.49,13.49,13.49,13.49,13.49,6
2023-08-29 23:05:00,278,13.49,13.49,13.49,13.49,13.49,3
2023-08-29 23:06:00,715,13.4843,13.4899,13.47,13.4899,13.47,6
2023-08-29 23:07:00,100,13.49,13.49,13.49,13.49,13.49,1
2023-08-29 23:16:00,223,13.4147,13.41,13.41,13.41,13.41,3
2023-08-29 23:18:00,447,13.41,13.41,13.41,13.41,13.41,3
2023-08-29 23:20:00,706,13.4415,13.41,13.47,13.47,13.41,4
2023-08-29 23:21:00,1010,13.4006,13.4,13.4,13.4,13.4,5
2023-08-29 23:23:00,428,13.3928,13.39,13.39,13.39,13.39,2
2023-08-29 23:24:00,100,13.38,13.38,13.38,13.38,13.38,1
2023-08-29 23:29:00,500,13.47,13.47,13.47,13.47,13.47,1
2023-08-29 23:31:00,1020,13.47,13.47,13.47,13.47,13.47,2
2023-08-29 23:35:00,300,13.4465,13.44,13.45,13.45,13.44,2
2023-08-29 23:37:00,500,13.45,13.45,13.45,13.45,13.45,1
2023-08-29 23:38:00,602,13.4494,13.45,13.45,13.45,13.45,4
2023-08-29 23:44:00,238,13.45,13.45,13.45,13.45,13.45,3
2023-08-29 23:45:00,713,13.4,13.4,13.4,13.4,13.4,1
2023-08-29 23:46:00,325,13.4038,13.4,13.4,13.4,13.4,2
2023-08-29 23:47:00,100,13.45,13.45,13.45,13.45,13.45,1
2023-08-29 23:49:00,202,13.45,13.45,13.45,13.45,13.45,2
2023-08-29 23:50:00,5131,13.4499,13.45,13.45,13.45,13.45,7
2023-08-29 23:51:00,5036,13.45,13.45,13.45,13.45,13.45,4
2023-08-29 23:52:00,1045,13.45,13.45,13.45,13.45,13.45,2
2023-08-29 23:53:00,4116,13.4756,13.47,13.4783,13.4783,13.47,6
2023-08-29 23:54:00,5452,13.4994,13.5,13.5,13.5,13.49,11
2023-08-29 23:55:00,1060,13.5181,13.52,13.52,13.52,13.5,8
2023-08-29 23:56:00,620,13.5484,13.55,13.54,13.55,13.54,5
2023-08-29 23:57:00,1401,13.5058,13.52,13.5,13.52,13.5,3
2023-08-29 23:59:00,1583,13.5265,13.55,13.5499,13.55,13.52,10
2023-08-30 08:00:00,193,13.4656,13.49,13.49,13.49,13.49,8
2023-08-30 08:02:00,400,13.48,13.49,13.49,13.49,13.49,5
2023-08-30 08:03:00,1077,13.49,13.49,13.49,13.49,13.49,6
2023-08-30 08:04:00,1000,13.499,13.5,13.5,13.5,13.5,6
2023-08-30 08:10:00,987,13.3945,13.4,13.4,13.4,13.4,24
2023-08-30 08:12:00,761,13.3525,13.35,13.35,13.35,13.35,22
2023-08-30 08:13:00,551,13.3607,13.36,13.35,13.36,13.35,9
2023-08-30 08:19:00,327,13.35,13.35,13.35,13.35,13.35,8
2023-08-30 08:21:00,118,13.35,13.35,13.35,13.35,13.35,2
2023-08-30 08:37:00,180,13.35,13.35,13.35,13.35,13.35,5
2023-08-30 09:01:00,390,13.4021,13.4,13.4,13.4,13.4,9
2023-08-30 09:08:00,411,13.3819,13.4,13.4,13.4,13.4,7
2023-08-30 09:12:00,120,13.4,13.4,13.4,13.4,13.4,2
2023-08-30 09:17:00,172,13.3796,13.38,13.38,13.38,13.38,6
2023-08-30 09:32:00,173,13.45,13.45,13.45,13.45,13.45,2
2023-08-30 09:38:00,400,13.44,13.44,13.44,13.44,13.44,1
2023-08-30 09:42:00,720,13.396,13.39,13.4,13.4,13.39,9
2023-08-30 09:56:00,1213,13.3623,13.37,13.36,13.37,13.36,35
2023-08-30 10:19:00,168,13.42,13.42,13.42,13.42,13.42,2
2023-08-30 10:26:00,398,13.3503,13.35,13.35,13.35,13.35,2
2023-08-30 10:44:00,1670,13.3572,13.36,13.35,13.36,13.35,35
2023-08-30 10:45:00,594,13.3225,13.32,13.32,13.32,13.32,7
2023-08-30 10:46:00,625,13.32,13.32,13.32,13.32,13.32,9
2023-08-30 10:57:00,968,13.2493,13.25,13.25,13.25,13.25,23
2023-08-30 11:00:00,693,13.3689,13.39,13.38,13.39,13.38,12
2023-08-30 11:01:00,205,13.2959,13.28,13.28,13.28,13.28,4
2023-08-30 11:02:00,1020,13.3898,13.39,13.39,13.39,13.39,4
2023-08-30 11:03:00,227,13.2942,13.28,13.28,13.28,13.28,5
2023-08-30 11:04:00,3193,13.3957,13.39,13.41,13.41,13.39,24
2023-08-30 11:05:00,520,13.4662,13.47,13.47,13.47,13.47,12
2023-08-30 11:06:00,4812,13.5005,13.48,13.53,13.54,13.48,31
2023-08-30 11:07:00,788,13.5313,13.52,13.53,13.54,13.52,6
2023-08-30 11:08:00,1057,13.52,13.52,13.52,13.52,13.52,5
2023-08-30 11:09:00,300,13.5133,13.52,13.52,13.52,13.52,5
2023-08-30 11:10:00,543,13.5182,13.52,13.51,13.52,13.51,4
2023-08-30 11:11:00,318,13.5299,13.53,13.53,13.53,13.53,5
2023-08-30 11:12:00,157,13.53,13.53,13.53,13.53,13.53,3
2023-08-30 11:13:00,522,13.5305,13.53,13.53,13.53,13.53,10
2023-08-30 11:14:00,206,13.5371,13.54,13.54,13.54,13.54,6
2023-08-30 11:17:00,1434,13.5312,13.53,13.54,13.54,13.53,12
2023-08-30 11:18:00,171,13.5385,13.54,13.54,13.54,13.54,4
2023-08-30 11:19:00,950,13.5274,13.53,13.53,13.53,13.53,7
2023-08-30 11:20:00,1962,13.5352,13.54,13.54,13.54,13.52,12
2023-08-30 11:23:00,570,13.5072,13.53,13.5,13.53,13.5,9
2023-08-30 11:25:00,199,13.5189,13.52,13.52,13.52,13.52,7
2023-08-30 11:28:00,690,13.5358,13.51,13.55,13.55,13.51,11
2023-08-30 11:29:00,1142,13.5488,13.55,13.55,13.55,13.54,12
2023-08-30 11:30:00,1596,13.5407,13.54,13.54,13.54,13.54,9
2023-08-30 11:36:00,1178,13.5226,13.52,13.52,13.52,13.52,12
2023-08-30 11:37:00,258,13.5,13.5,13.5,13.5,13.5,4
2023-08-30 11:38:00,140,13.5057,13.5,13.5,13.5,13.5,2
2023-08-30 11:39:00,9556,13.4995,13.5,13.5,13.5,13.5,14
2023-08-30 11:41:00,260,13.4881,13.49,13.49,13.49,13.49,7
2023-08-30 11:43:00,210,13.4843,13.49,13.49,13.49,13.49,4
2023-08-30 11:46:00,506,13.4601,13.46,13.46,13.46,13.46,2
2023-08-30 11:47:00,4222,13.4591,13.46,13.46,13.46,13.46,12
2023-08-30 11:48:00,1249,13.4539,13.47,13.41,13.48,13.41,15
2023-08-30 11:49:00,12551,13.6646,13.44,13.69,13.88,13.44,86
2023-08-30 11:50:00,2254,13.596,13.7,13.48,13.71,13.48,47
2023-08-30 11:51:00,4409,13.4984,13.47,13.66,13.7,13.47,32
2023-08-30 11:55:00,101,13.56,13.56,13.56,13.56,13.56,1
2023-08-30 11:56:00,1002,13.5799,13.58,13.58,13.58,13.58,6
2023-08-30 11:57:00,278,13.5483,13.58,13.5,13.58,13.5,4
2023-08-30 12:00:00,33464,13.4991,13.28,13.47,13.69,13.27,143
2023-08-30 12:01:00,8628,13.4032,13.3513,13.49,13.5114,13.2913,260
2023-08-30 12:02:00,26918,13.4984,13.4985,13.44,13.5,13.44,56
2023-08-30 12:03:00,8012,13.4935,13.55,13.58,13.58,13.45,113
2023-08-30 12:05:00,163,13.5927,13.6,13.6,13.6,13.6,8
2023-08-30 12:06:00,217,13.6745,13.68,13.68,13.68,13.68,3
2023-08-30 12:07:00,5441,13.6414,13.64,13.68,13.68,13.64,5
2023-08-30 12:08:00,769,13.6328,13.64,13.68,13.68,13.55,6
2023-08-30 12:09:00,1537,13.6012,13.56,13.63,13.67,13.56,32
2023-08-30 12:10:00,553,13.6388,13.64,13.64,13.64,13.64,10
2023-08-30 12:11:00,3530,13.606,13.6291,13.6,13.6291,13.6,18
2023-08-30 12:12:00,453,13.6272,13.626,13.63,13.63,13.626,9
2023-08-30 12:13:00,1723,13.6132,13.63,13.59,13.63,13.59,13
2023-08-30 12:14:00,256,13.6233,13.6286,13.6286,13.6286,13.6286,3
2023-08-30 12:15:00,758,13.5622,13.56,13.55,13.56,13.55,24
2023-08-30 12:17:00,463,13.5384,13.54,13.54,13.54,13.54,8
2023-08-30 12:18:00,306,13.5993,13.6286,13.6286,13.6286,13.6286,10
2023-08-30 12:22:00,702,13.5872,13.57,13.6,13.6,13.57,6
2023-08-30 12:23:00,2370,13.5209,13.5419,13.5,13.5419,13.5,17
2023-08-30 12:24:00,363,13.5365,13.54,13.54,13.54,13.54,7
2023-08-30 12:26:00,494,13.6022,13.62,13.62,13.62,13.62,6
2023-08-30 12:27:00,1360,13.5428,13.55,13.53,13.58,13.53,18
2023-08-30 12:28:00,383,13.5449,13.53,13.53,13.53,13.53,5
2023-08-30 12:29:00,154,13.5852,13.5984,13.5984,13.5984,13.5984,3
2023-08-30 12:30:00,2706,13.5509,13.58,13.5,13.58,13.5,73
2023-08-30 12:32:00,4236,13.5743,13.53,13.5,13.63,13.5,34
2023-08-30 12:34:00,1114,13.5314,13.53,13.53,13.53,13.53,6
2023-08-30 12:35:00,1034,13.5759,13.5314,13.61,13.61,13.5314,18
2023-08-30 12:36:00,853,13.6197,13.62,13.6186,13.62,13.6186,12
2023-08-30 12:37:00,1736,13.5447,13.57,13.52,13.57,13.52,28
2023-08-30 12:39:00,454,13.5401,13.55,13.55,13.55,13.55,5
2023-08-30 12:40:00,4873,13.6086,13.6,13.64,13.64,13.6,59
2023-08-30 12:41:00,5412,13.6028,13.6386,13.64,13.64,13.6,10
2023-08-30 12:42:00,303,13.6115,13.6014,13.6014,13.6014,13.6014,20
2023-08-30 12:43:00,14256,13.5999,13.6,13.6,13.6,13.6,21
2023-08-30 12:44:00,2297,13.6207,13.63,13.6186,13.63,13.6186,11
2023-08-30 12:45:00,400,13.5952,13.6186,13.6186,13.6186,13.6186,9
2023-08-30 12:46:00,858,13.5512,13.55,13.5514,13.5514,13.55,13
2023-08-30 12:47:00,504,13.5144,13.5,13.5,13.5,13.5,13
2023-08-30 12:48:00,1995,13.535,13.53,13.55,13.55,13.53,18
2023-08-30 12:50:00,634,13.575,13.55,13.5999,13.5999,13.55,17
2023-08-30 12:54:00,387,13.5382,13.56,13.52,13.56,13.52,8
2023-08-30 12:55:00,675,13.5252,13.52,13.52,13.52,13.52,18
2023-08-30 12:56:00,132,13.5839,13.5886,13.5886,13.5886,13.5886,8
2023-08-30 12:57:00,468,13.5565,13.5799,13.54,13.5799,13.54,14
2023-08-30 12:58:00,241,13.5726,13.57,13.57,13.57,13.57,9
2023-08-30 12:59:00,3131,13.5417,13.54,13.59,13.59,13.54,11
2023-08-30 13:01:00,2463,13.5709,13.58,13.54,13.58,13.54,17
2023-08-30 13:03:00,968,13.5126,13.53,13.5,13.53,13.5,14
2023-08-30 13:04:00,12306,13.5001,13.5,13.5,13.5,13.5,33
2023-08-30 13:05:00,10852,13.4991,13.5,13.48,13.5,13.48,16
2023-08-30 13:06:00,1780,13.4794,13.48,13.48,13.48,13.48,17
2023-08-30 13:07:00,627,13.4914,13.45,13.5287,13.5287,13.45,17
2023-08-30 13:08:00,8479,13.3989,13.45,13.3,13.48,13.3,154
2023-08-30 13:09:00,3511,13.3377,13.3,13.35,13.53,13.3,21
2023-08-30 13:10:00,530,13.4733,13.5,13.5,13.5,13.5,6
2023-08-30 13:11:00,5548,13.3997,13.4,13.4,13.4,13.4,5
2023-08-30 13:13:00,1197,13.3551,13.36,13.38,13.38,13.35,6
2023-08-30 13:14:00,597,13.381,13.3987,13.39,13.3987,13.354,12
2023-08-30 13:15:00,2354,13.3863,13.36,13.3997,13.4,13.36,21
2023-08-30 13:16:00,1247,13.3924,13.3997,13.3719,13.3997,13.3719,27
2023-08-30 13:18:00,3551,13.4204,13.4396,13.42,13.4396,13.42,22
2023-08-30 13:19:00,859,13.3963,13.39,13.39,13.4186,13.39,17
2023-08-30 13:20:00,759,13.3966,13.42,13.38,13.42,13.38,11
2023-08-30 13:21:00,186,13.4011,13.39,13.39,13.39,13.39,11
2023-08-30 13:22:00,385,13.4078,13.4187,13.4187,13.4187,13.4187,14
2023-08-30 13:23:00,1069,13.4185,13.42,13.42,13.42,13.42,10
2023-08-30 13:24:00,334,13.4182,13.42,13.41,13.42,13.41,9
2023-08-30 13:25:00,1673,13.4419,13.45,13.4113,13.45,13.4113,14
2023-08-30 13:26:00,3920,13.4307,13.42,13.42,13.45,13.42,14
2023-08-30 13:27:00,2884,13.4245,13.41,13.4,13.46,13.4,39
2023-08-30 13:28:00,1417,13.3847,13.38,13.3712,13.45,13.3712,13
2023-08-30 13:29:00,3904,13.3885,13.42,13.36,13.42,13.36,28
2023-08-30 13:30:00,152355,13.3337,13.34,13.5263,13.5363,13.3,550
2023-08-30 13:31:00,136119,13.5878,13.5,13.59,13.62,13.495,560
2023-08-30 13:32:00,169981,13.5795,13.5986,13.5999,13.65,13.53,316
2023-08-30 13:33:00,88704,13.6031,13.575,13.61,13.64,13.55,388
2023-08-30 13:34:00,84733,13.6031,13.6286,13.5299,13.68,13.48,372
2023-08-30 13:35:00,45536,13.5868,13.51,13.6632,13.68,13.51,303
2023-08-30 13:36:00,196342,13.7192,13.65,13.84,13.8459,13.58,611
2023-08-30 13:37:00,252290,13.8878,13.8499,13.915,13.96,13.82,790
2023-08-30 13:38:00,133874,13.8828,13.93,13.8651,13.97,13.8201,472
2023-08-30 13:39:00,143731,13.9238,13.8679,13.9705,13.989,13.86,632
2023-08-30 13:40:00,203582,13.971,13.98,13.9566,14.01,13.91,855
2023-08-30 13:41:00,103912,13.9601,13.96,13.9702,14.0,13.91,745
2023-08-30 13:42:00,215943,13.8969,13.9723,13.8763,14.0,13.82,788
2023-08-30 13:43:00,235694,13.912,13.8517,13.9399,13.98,13.85,546
2023-08-30 13:44:00,126134,13.9897,13.965,14.0,14.01,13.95,526
2023-08-30 13:45:00,219667,14.0745,13.9822,14.09,14.17,13.9822,1272
2023-08-30 13:46:00,177218,14.001,14.09,13.95,14.11,13.91,845
2023-08-30 13:47:00,99604,13.9901,13.9341,13.98,14.04,13.92,631
2023-08-30 13:48:00,20581,13.9651,13.99,13.99,14.0,13.94,259
2023-08-30 13:49:00,83624,13.9682,13.99,13.93,14.0286,13.93,437
2023-08-30 13:50:00,76008,13.9935,13.9212,13.99,14.05,13.92,424
2023-08-30 13:51:00,47467,14.0059,13.98,14.03,14.04,13.97,375
2023-08-30 13:52:00,106274,14.0596,14.015,14.09,14.1,14.0,517
2023-08-30 13:53:00,115038,14.0663,14.08,14.015,14.13,14.01,530
2023-08-30 13:54:00,179536,13.9634,14.0114,13.98,14.0114,13.92,614
2023-08-30 13:55:00,42122,13.9762,13.98,13.95,14.01,13.949,281
2023-08-30 13:56:00,37682,13.9321,13.95,13.9319,13.9599,13.91,215
2023-08-30 13:57:00,35749,13.9678,13.9314,13.99,14.0,13.93,313
2023-08-30 13:58:00,31497,13.9732,13.9888,13.96,14.0,13.93,257
2023-08-30 13:59:00,86454,14.025,13.97,14.03,14.06,13.97,502
2023-08-30 14:00:00,151345,14.0702,14.02,14.04,14.11,14.0117,779
2023-08-30 14:01:00,177652,14.074,14.04,14.04,14.15,14.0,925
2023-08-30 14:02:00,69941,14.074,14.05,14.13,14.14,14.03,462
2023-08-30 14:03:00,165312,14.1883,14.1201,14.24,14.25,14.12,1009
2023-08-30 14:04:00,127650,14.2088,14.2352,14.2487,14.26,14.14,606
2023-08-30 14:05:00,213377,14.3326,14.24,14.3475,14.4,14.2119,1107
2023-08-30 14:06:00,236308,14.2933,14.36,14.1813,14.3999,14.16,1283
2023-08-30 14:07:00,73089,14.2171,14.195,14.19,14.26,14.1729,514
2023-08-30 14:08:00,93386,14.1869,14.19,14.1999,14.24,14.14,448
2023-08-30 14:09:00,83512,14.1699,14.18,14.16,14.21,14.12,411
2023-08-30 14:10:00,53266,14.1767,14.16,14.181,14.2,14.14,285
2023-08-30 14:11:00,59752,14.1485,14.1886,14.17,14.1886,14.1001,352
2023-08-30 14:12:00,83618,14.1645,14.1619,14.185,14.2,14.12,461
2023-08-30 14:13:00,33260,14.1578,14.18,14.1506,14.201,14.12,321
2023-08-30 14:14:00,23152,14.1701,14.15,14.15,14.199,14.15,244
2023-08-30 14:15:00,44349,14.1764,14.155,14.18,14.2,14.15,348
2023-08-30 14:16:00,53247,14.1603,14.1894,14.185,14.1894,14.14,258
2023-08-30 14:17:00,139134,14.082,14.1925,14.129,14.1925,14.04,587
2023-08-30 14:18:00,62370,14.1328,14.125,14.1,14.17,14.1,265
2023-08-30 14:19:00,63844,14.1155,14.1,14.15,14.18,14.09,316
2023-08-30 14:20:00,62683,14.192,14.1586,14.2,14.22,14.1427,275
2023-08-30 14:21:00,36572,14.2054,14.2,14.2201,14.2299,14.18,181
2023-08-30 14:22:00,114517,14.2562,14.2299,14.2686,14.29,14.22,536
2023-08-30 14:23:00,67095,14.2606,14.2656,14.28,14.28,14.23,251
2023-08-30 14:24:00,91473,14.2834,14.2769,14.305,14.32,14.2317,346
2023-08-30 14:25:00,87078,14.2678,14.31,14.2213,14.32,14.22,401
2023-08-30 14:26:00,39622,14.2057,14.2302,14.185,14.24,14.18,260
2023-08-30 14:27:00,47900,14.2018,14.185,14.1954,14.2294,14.18,244
2023-08-30 14:28:00,20322,14.2029,14.1907,14.215,14.22,14.1831,139
2023-08-30 14:29:00,27055,14.2219,14.22,14.2393,14.24,14.19,203
2023-08-30 14:30:00,94579,14.1832,14.23,14.1255,14.24,14.12,494
2023-08-30 14:31:00,189363,14.0701,14.1125,14.07,14.12,14.03,806
2023-08-30 14:32:00,48670,14.0882,14.07,14.08,14.12,14.07,248
2023-08-30 14:33:00,42197,14.0734,14.08,14.08,14.1,14.05,201
2023-08-30 14:34:00,33235,14.1156,14.095,14.13,14.13,14.095,199
2023-08-30 14:35:00,28121,14.1196,14.14,14.1198,14.1552,14.1,190
2023-08-30 14:36:00,19474,14.11,14.1207,14.105,14.1375,14.08,210
2023-08-30 14:37:00,19670,14.122,14.11,14.1264,14.14,14.1,171
2023-08-30 14:38:00,24352,14.0667,14.125,14.0699,14.125,14.03,270
2023-08-30 14:39:00,62558,14.1035,14.0611,14.1,14.14,14.0501,280
2023-08-30 14:40:00,44547,14.0592,14.095,14.04,14.095,14.03,212
2023-08-30 14:41:00,168650,13.9659,14.0412,13.9018,14.0593,13.9,916
2023-08-30 14:42:00,119989,13.8802,13.901,13.8799,13.9186,13.83,559
2023-08-30 14:43:00,77655,13.8693,13.87,13.84,13.91,13.83,655
2023-08-30 14:44:00,87224,13.8657,13.84,13.86,13.91,13.82,449
2023-08-30 14:45:00,35686,13.8845,13.86,13.88,13.9099,13.85,230
2023-08-30 14:46:00,35288,13.8818,13.88,13.8814,13.9,13.86,227
2023-08-30 14:47:00,58426,13.8601,13.885,13.85,13.885,13.8388,294
2023-08-30 14:48:00,151660,13.7847,13.83,13.78,13.8301,13.741,561
2023-08-30 14:49:00,14218,13.8469,13.8018,13.868,13.875,13.8018,147
2023-08-30 14:50:00,49266,13.8762,13.86,13.89,13.89,13.85,196
2023-08-30 14:51:00,33798,13.9146,13.9,13.91,13.93,13.9,165
2023-08-30 14:52:00,37109,13.9265,13.91,13.9399,13.94,13.89,142
2023-08-30 14:53:00,22215,13.9289,13.94,13.93,13.95,13.91,272
2023-08-30 14:54:00,11522,13.9556,13.9383,13.9614,13.97,13.9383,102
2023-08-30 14:55:00,42135,13.9025,13.965,13.89,13.965,13.86,242
2023-08-30 14:56:00,15832,13.895,13.885,13.8701,13.9095,13.87,154
2023-08-30 14:57:00,8916,13.8867,13.8872,13.8797,13.9,13.87,113
2023-08-30 14:58:00,36363,13.8603,13.8775,13.8613,13.89,13.82,224
2023-08-30 14:59:00,22565,13.869,13.87,13.86,13.8885,13.85,126
2023-08-30 15:00:00,10952,13.8641,13.875,13.85,13.88,13.85,107
2023-08-30 15:01:00,23797,13.8288,13.85,13.81,13.855,13.81,168
2023-08-30 15:02:00,21223,13.8111,13.81,13.8186,13.83,13.8,186
2023-08-30 15:03:00,27596,13.7961,13.815,13.7819,13.8199,13.78,201
2023-08-30 15:04:00,27843,13.7879,13.795,13.7721,13.805,13.77,186
2023-08-30 15:05:00,25210,13.7862,13.78,13.79,13.8,13.77,170
2023-08-30 15:06:00,38582,13.7703,13.8,13.7519,13.8,13.75,368
2023-08-30 15:07:00,24763,13.788,13.77,13.805,13.82,13.7508,205
2023-08-30 15:08:00,12920,13.8158,13.81,13.825,13.825,13.8086,115
2023-08-30 15:09:00,25500,13.8279,13.82,13.83,13.85,13.8101,285
2023-08-30 15:10:00,41092,13.844,13.83,13.84,13.87,13.82,217
2023-08-30 15:11:00,17805,13.8159,13.84,13.7825,13.84,13.78,238
2023-08-30 15:12:00,23202,13.7848,13.7801,13.809,13.81,13.765,177
2023-08-30 15:13:00,17552,13.8114,13.79,13.8099,13.82,13.79,118
2023-08-30 15:14:00,22740,13.833,13.8099,13.85,13.86,13.8099,193
2023-08-30 15:15:00,58405,13.8138,13.84,13.78,13.85,13.7707,212
2023-08-30 15:16:00,42441,13.7491,13.7833,13.7501,13.8,13.73,210
2023-08-30 15:17:00,43576,13.7213,13.75,13.715,13.755,13.7004,277
2023-08-30 15:18:00,14650,13.7277,13.7186,13.74,13.7451,13.71,94
2023-08-30 15:19:00,32401,13.7176,13.74,13.73,13.7466,13.7,235
2023-08-30 15:20:00,18708,13.7391,13.72,13.75,13.75,13.7101,124
2023-08-30 15:21:00,18567,13.7558,13.7599,13.73,13.78,13.72,254
2023-08-30 15:22:00,29831,13.7763,13.72,13.7903,13.83,13.72,230
2023-08-30 15:23:00,28747,13.8196,13.7907,13.81,13.835,13.7907,221
2023-08-30 15:24:00,34317,13.8472,13.8,13.86,13.8699,13.8,187
2023-08-30 15:25:00,18914,13.8484,13.85,13.87,13.87,13.8306,127
2023-08-30 15:26:00,45496,13.8846,13.869,13.89,13.9,13.8514,221
2023-08-30 15:27:00,46551,13.9083,13.8971,13.9386,13.9386,13.89,236
2023-08-30 15:28:00,28726,13.8864,13.9399,13.87,13.9399,13.86,191
2023-08-30 15:29:00,9997,13.8758,13.8753,13.87,13.89,13.86,85
2023-08-30 15:30:00,16787,13.8797,13.86,13.89,13.8988,13.86,163
2023-08-30 15:31:00,8866,13.8736,13.875,13.878,13.8799,13.87,109
2023-08-30 15:32:00,29039,13.9013,13.87,13.934,13.934,13.8628,195
2023-08-30 15:33:00,17752,13.9054,13.9218,13.88,13.94,13.88,139
2023-08-30 15:34:00,10671,13.8961,13.88,13.935,13.935,13.87,120
2023-08-30 15:35:00,15984,13.9355,13.9305,13.93,13.94,13.93,185
2023-08-30 15:36:00,24426,13.9498,13.92,13.9507,13.96,13.915,206
2023-08-30 15:37:00,29965,13.961,13.95,13.97,13.98,13.94,257
2023-08-30 15:38:00,22474,13.9669,13.97,13.95,13.9799,13.94,191
2023-08-30 15:39:00,18274,13.9622,13.945,13.97,13.97,13.94,174
2023-08-30 15:40:00,8867,13.9665,13.965,13.9775,13.9799,13.96,100
2023-08-30 15:41:00,81795,13.9803,13.97,13.9401,14.0,13.9314,427
2023-08-30 15:42:00,46334,13.9108,13.9599,13.88,13.96,13.86,406
2023-08-30 15:43:00,24464,13.8936,13.88,13.89,13.9092,13.87,143
2023-08-30 15:44:00,15769,13.9049,13.885,13.9192,13.92,13.88,110
2023-08-30 15:45:00,12665,13.9235,13.9001,13.915,13.94,13.9001,68
2023-08-30 15:46:00,41732,13.8666,13.91,13.85,13.91,13.83,274
2023-08-30 15:47:00,11988,13.8409,13.855,13.83,13.86,13.82,115
2023-08-30 15:48:00,15937,13.8268,13.83,13.82,13.85,13.81,122
2023-08-30 15:49:00,4986,13.849,13.83,13.85,13.86,13.83,102
2023-08-30 15:50:00,8671,13.8704,13.85,13.8786,13.88,13.85,84
2023-08-30 15:51:00,10228,13.864,13.88,13.8516,13.88,13.85,87
2023-08-30 15:52:00,6062,13.8403,13.855,13.8214,13.855,13.82,99
2023-08-30 15:53:00,12645,13.8423,13.83,13.85,13.8688,13.82,80
2023-08-30 15:54:00,7942,13.8505,13.86,13.85,13.86,13.84,85
2023-08-30 15:55:00,12356,13.8258,13.84,13.81,13.84,13.81,118
2023-08-30 15:56:00,7207,13.8193,13.8194,13.83,13.8475,13.81,77
2023-08-30 15:57:00,7852,13.8359,13.849,13.82,13.855,13.82,98
2023-08-30 15:58:00,7089,13.8056,13.81,13.8,13.81,13.8,116
2023-08-30 15:59:00,7871,13.8071,13.8093,13.825,13.825,13.8,73
2023-08-30 16:00:00,11467,13.814,13.83,13.805,13.83,13.805,150
2023-08-30 16:01:00,65579,13.7737,13.8,13.77,13.8,13.745,310
2023-08-30 16:02:00,59199,13.7343,13.77,13.73,13.775,13.71,337
2023-08-30 16:03:00,83476,13.7341,13.73,13.7,13.76,13.7,241
2023-08-30 16:04:00,55278,13.689,13.705,13.6808,13.705,13.67,328
2023-08-30 16:05:00,45838,13.6664,13.69,13.66,13.71,13.63,275
2023-08-30 16:06:00,20542,13.6673,13.6611,13.66,13.69,13.65,199
2023-08-30 16:07:00,20535,13.6473,13.6599,13.645,13.66,13.63,149
2023-08-30 16:08:00,9167,13.6489,13.6414,13.65,13.66,13.635,128
2023-08-30 16:09:00,31494,13.6312,13.65,13.6201,13.6502,13.62,225
2023-08-30 16:10:00,21009,13.6259,13.63,13.634,13.64,13.61,206
2023-08-30 16:11:00,14846,13.6197,13.6335,13.62,13.64,13.61,129
2023-08-30 16:12:00,18972,13.6363,13.6399,13.6325,13.65,13.62,100
2023-08-30 16:13:00,22009,13.63,13.6314,13.63,13.65,13.61,156
2023-08-30 16:14:00,15136,13.6333,13.6389,13.64,13.64,13.62,67
2023-08-30 16:15:00,8941,13.6405,13.64,13.6457,13.65,13.63,42
2023-08-30 16:16:00,20142,13.6576,13.65,13.68,13.69,13.635,169
2023-08-30 16:17:00,34167,13.6675,13.68,13.65,13.69,13.63,244
2023-08-30 16:18:00,24932,13.6535,13.6401,13.65,13.665,13.6399,175
2023-08-30 16:19:00,15823,13.6554,13.6459,13.67,13.675,13.635,144
2023-08-30 16:20:00,9627,13.6639,13.66,13.65,13.68,13.65,82
2023-08-30 16:21:00,17548,13.6402,13.6414,13.6408,13.6593,13.62,121
2023-08-30 16:22:00,8285,13.6406,13.645,13.6387,13.6582,13.63,80
2023-08-30 16:23:00,16352,13.6238,13.635,13.63,13.6399,13.61,114
2023-08-30 16:24:00,10644,13.6185,13.62,13.61,13.63,13.61,106
2023-08-30 16:25:00,48369,13.5918,13.6199,13.56,13.62,13.56,312
2023-08-30 16:26:00,24777,13.5555,13.5614,13.5708,13.58,13.54,253
2023-08-30 16:27:00,9149,13.5715,13.5656,13.5795,13.58,13.5656,83
2023-08-30 16:28:00,13865,13.5791,13.57,13.61,13.61,13.56,108
2023-08-30 16:29:00,34055,13.5932,13.605,13.605,13.61,13.58,191
2023-08-30 16:30:00,19766,13.5942,13.6,13.59,13.615,13.585,205
2023-08-30 16:31:00,10863,13.5838,13.5899,13.59,13.5996,13.5799,151
2023-08-30 16:32:00,12213,13.5824,13.5896,13.59,13.59,13.575,126
2023-08-30 16:33:00,9922,13.5923,13.59,13.58,13.61,13.58,113
2023-08-30 16:34:00,10899,13.5775,13.57,13.58,13.6,13.57,94
2023-08-30 16:35:00,24926,13.6064,13.5901,13.605,13.62,13.5901,209
2023-08-30 16:36:00,18216,13.6337,13.608,13.621,13.65,13.605,117
2023-08-30 16:37:00,31353,13.6154,13.6299,13.6,13.64,13.59,237
2023-08-30 16:38:00,9271,13.5949,13.6,13.59,13.605,13.58,72
2023-08-30 16:39:00,16709,13.5987,13.59,13.58,13.61,13.58,146
2023-08-30 16:40:00,10850,13.5835,13.5888,13.59,13.595,13.57,136
2023-08-30 16:41:00,3985,13.5909,13.59,13.595,13.5975,13.58,59
2023-08-30 16:42:00,11154,13.6005,13.59,13.6068,13.6091,13.59,105
2023-08-30 16:43:00,26351,13.6072,13.605,13.585,13.625,13.585,226
2023-08-30 16:44:00,17139,13.5977,13.5808,13.6099,13.61,13.5808,121
2023-08-30 16:45:00,24424,13.5925,13.6099,13.59,13.6099,13.57,192
2023-08-30 16:46:00,11837,13.5887,13.585,13.5993,13.6,13.58,103
2023-08-30 16:47:00,8715,13.6009,13.595,13.605,13.605,13.595,112
2023-08-30 16:48:00,31172,13.6229,13.6,13.6381,13.64,13.6,285
2023-08-30 16:49:00,57873,13.6858,13.64,13.7,13.71,13.635,246
2023-08-30 16:50:00,32090,13.6777,13.69,13.66,13.7,13.66,157
2023-08-30 16:51:00,29664,13.6877,13.6614,13.7098,13.71,13.66,134
2023-08-30 16:52:00,14856,13.6757,13.71,13.655,13.71,13.65,110
2023-08-30 16:53:00,13087,13.6457,13.67,13.635,13.67,13.63,54
2023-08-30 16:54:00,14448,13.6484,13.64,13.63,13.66,13.63,143
2023-08-30 16:55:00,9793,13.6404,13.6346,13.645,13.65,13.63,83
2023-08-30 16:56:00,11080,13.642,13.645,13.67,13.67,13.63,130
2023-08-30 16:57:00,11792,13.6802,13.68,13.6893,13.6893,13.675,67
2023-08-30 16:58:00,30316,13.7203,13.685,13.725,13.76,13.67,227
2023-08-30 16:59:00,8412,13.7073,13.73,13.69,13.73,13.67,89
2023-08-30 17:00:00,14998,13.6731,13.6879,13.6693,13.69,13.66,81
2023-08-30 17:01:00,7645,13.6604,13.665,13.665,13.665,13.65,70
2023-08-30 17:02:00,3207,13.6617,13.665,13.6588,13.665,13.6588,53
2023-08-30 17:03:00,15922,13.6632,13.66,13.655,13.67,13.65,113
2023-08-30 17:04:00,18667,13.6409,13.65,13.633,13.655,13.625,179
2023-08-30 17:05:00,12249,13.6368,13.639,13.6397,13.64,13.63,100
2023-08-30 17:06:00,6598,13.6506,13.635,13.65,13.66,13.635,110
2023-08-30 17:07:00,6948,13.6487,13.64,13.645,13.6595,13.64,113
2023-08-30 17:08:00,9438,13.6631,13.6497,13.675,13.675,13.6497,110
2023-08-30 17:09:00,22952,13.6808,13.6799,13.69,13.69,13.67,218
2023-08-30 17:10:00,35219,13.6654,13.685,13.625,13.69,13.61,254
2023-08-30 17:11:00,7808,13.6345,13.6301,13.63,13.6399,13.63,34
2023-08-30 17:12:00,15100,13.6259,13.63,13.61,13.6301,13.61,65
2023-08-30 17:13:00,25275,13.5893,13.611,13.5788,13.611,13.56,241
2023-08-30 17:14:00,34342,13.5626,13.57,13.5587,13.575,13.555,205
2023-08-30 17:15:00,30508,13.5496,13.56,13.526,13.56,13.526,246
2023-08-30 17:16:00,19160,13.5322,13.525,13.545,13.555,13.525,180
2023-08-30 17:17:00,25131,13.5169,13.5406,13.5199,13.5499,13.505,106
2023-08-30 17:18:00,77854,13.492,13.5192,13.4988,13.5192,13.46,449
2023-08-30 17:19:00,40104,13.4775,13.492,13.495,13.4999,13.47,192
2023-08-30 17:20:00,19521,13.4703,13.492,13.46,13.495,13.46,158
2023-08-30 17:21:00,19807,13.4601,13.465,13.46,13.475,13.44,155
2023-08-30 17:22:00,5722,13.4697,13.46,13.4788,13.4799,13.455,65
2023-08-30 17:23:00,14596,13.4531,13.4792,13.4409,13.4792,13.44,108
2023-08-30 17:24:00,17666,13.4394,13.44,13.442,13.445,13.43,100
2023-08-30 17:25:00,12678,13.4475,13.445,13.4334,13.46,13.4334,115
2023-08-30 17:26:00,23761,13.4297,13.435,13.4401,13.4401,13.42,192
2023-08-30 17:27:00,30429,13.4452,13.4401,13.46,13.47,13.43,127
2023-08-30 17:28:00,22265,13.4727,13.46,13.488,13.488,13.45,190
2023-08-30 17:29:00,22575,13.473,13.4847,13.4699,13.485,13.46,108
2023-08-30 17:30:00,16673,13.4783,13.47,13.495,13.51,13.46,148
2023-08-30 17:31:00,11652,13.4936,13.49,13.5089,13.51,13.48,98
2023-08-30 17:32:00,5069,13.4941,13.505,13.4899,13.505,13.48,75
2023-08-30 17:33:00,8506,13.4811,13.489,13.47,13.4897,13.47,53
2023-08-30 17:34:00,6782,13.4795,13.47,13.49,13.5,13.47,100
2023-08-30 17:35:00,6837,13.4794,13.48,13.47,13.485,13.47,66
2023-08-30 17:36:00,13217,13.4721,13.4799,13.4669,13.48,13.451,153
2023-08-30 17:37:00,54548,13.4764,13.47,13.479,13.49,13.46,221
2023-08-30 17:38:00,10676,13.4733,13.47,13.47,13.4799,13.46,61
2023-08-30 17:39:00,6111,13.4778,13.4701,13.475,13.48,13.47,61
2023-08-30 17:40:00,34790,13.5192,13.475,13.545,13.55,13.475,293
2023-08-30 17:41:00,21369,13.5409,13.5499,13.532,13.55,13.52,150
2023-08-30 17:42:00,13746,13.5324,13.535,13.525,13.54,13.52,96
2023-08-30 17:43:00,1699,13.5205,13.5288,13.52,13.5288,13.52,32
2023-08-30 17:44:00,20303,13.5262,13.5286,13.5207,13.55,13.51,178
2023-08-30 17:45:00,12037,13.521,13.54,13.54,13.54,13.505,110
2023-08-30 17:46:00,1320,13.5391,13.54,13.535,13.54,13.535,28
2023-08-30 17:47:00,10722,13.5291,13.535,13.52,13.5386,13.515,173
2023-08-30 17:48:00,14028,13.5121,13.52,13.52,13.52,13.5,167
2023-08-30 17:49:00,11445,13.5304,13.53,13.54,13.54,13.52,106
2023-08-30 17:50:00,11492,13.5355,13.53,13.5362,13.54,13.525,114
2023-08-30 17:51:00,15253,13.5264,13.54,13.519,13.545,13.5,173
2023-08-30 17:52:00,7540,13.524,13.5,13.52,13.535,13.5,75
2023-08-30 17:53:00,9037,13.5391,13.5249,13.54,13.5414,13.5249,91
2023-08-30 17:54:00,6036,13.5337,13.54,13.54,13.5413,13.52,109
2023-08-30 17:55:00,7430,13.566,13.545,13.58,13.58,13.545,130
2023-08-30 17:56:00,25477,13.5929,13.58,13.615,13.6199,13.56,173
2023-08-30 17:57:00,53464,13.6403,13.615,13.635,13.66,13.6122,286
2023-08-30 17:58:00,17410,13.6343,13.6393,13.6201,13.65,13.62,66
2023-08-30 17:59:00,22496,13.6342,13.629,13.625,13.65,13.62,173
2023-08-30 18:00:00,6944,13.6251,13.625,13.6299,13.6379,13.6125,66
2023-08-30 18:01:00,8490,13.6207,13.6286,13.6453,13.6453,13.61,108
2023-08-30 18:02:00,10926,13.64,13.65,13.63,13.6506,13.63,104
2023-08-30 18:03:00,15699,13.6359,13.6309,13.625,13.65,13.62,147
2023-08-30 18:04:00,47309,13.5958,13.6225,13.5802,13.64,13.58,202
2023-08-30 18:05:00,20614,13.5502,13.59,13.52,13.59,13.52,156
2023-08-30 18:06:00,14302,13.5446,13.525,13.57,13.57,13.525,92
2023-08-30 18:07:00,16946,13.5622,13.57,13.54,13.58,13.535,141
2023-08-30 18:08:00,4831,13.5265,13.52,13.5261,13.5399,13.52,48
2023-08-30 18:09:00,20948,13.5231,13.52,13.52,13.53,13.52,96
2023-08-30 18:10:00,7916,13.5273,13.525,13.522,13.54,13.52,89
2023-08-30 18:11:00,6889,13.5206,13.525,13.51,13.53,13.51,94
2023-08-30 18:12:00,1860,13.513,13.51,13.51,13.5199,13.51,45
2023-08-30 18:13:00,12734,13.4994,13.5112,13.5,13.5112,13.48,139
2023-08-30 18:14:00,4870,13.4935,13.5,13.495,13.5,13.49,67
2023-08-30 18:15:00,53715,13.5453,13.495,13.5691,13.57,13.495,390
2023-08-30 18:16:00,7252,13.5848,13.5693,13.61,13.61,13.5693,105
2023-08-30 18:17:00,9592,13.6155,13.61,13.6106,13.625,13.61,124
2023-08-30 18:18:00,8934,13.5854,13.61,13.59,13.61,13.58,55
2023-08-30 18:19:00,16140,13.6114,13.59,13.62,13.6263,13.58,140
2023-08-30 18:20:00,2513,13.6155,13.62,13.61,13.62,13.61,28
2023-08-30 18:21:00,12646,13.5894,13.614,13.59,13.615,13.575,109
2023-08-30 18:22:00,21715,13.6011,13.59,13.61,13.615,13.5869,112
2023-08-30 18:23:00,47490,13.5695,13.6177,13.6,13.6198,13.56,190
2023-08-30 18:24:00,6435,13.594,13.5989,13.57,13.605,13.57,86
2023-08-30 18:25:00,1139,13.5727,13.58,13.56,13.58,13.56,26
2023-08-30 18:26:00,6882,13.5608,13.56,13.5526,13.57,13.55,70
2023-08-30 18:27:00,4094,13.5559,13.55,13.55,13.569,13.55,70
2023-08-30 18:28:00,21842,13.5393,13.55,13.531,13.5578,13.53,136
2023-08-30 18:29:00,5800,13.5299,13.5301,13.5212,13.54,13.52,45
2023-08-30 18:30:00,4046,13.5221,13.525,13.525,13.5286,13.52,42
2023-08-30 18:31:00,8290,13.5212,13.52,13.52,13.5248,13.52,40
2023-08-30 18:32:00,16600,13.5394,13.5234,13.56,13.56,13.52,175
2023-08-30 18:33:00,9083,13.5495,13.555,13.54,13.565,13.535,146
2023-08-30 18:34:00,8354,13.5285,13.54,13.53,13.54,13.52,122
2023-08-30 18:35:00,10711,13.5432,13.54,13.56,13.56,13.5309,127
2023-08-30 18:36:00,3242,13.5461,13.5599,13.55,13.5599,13.54,62
2023-08-30 18:37:00,10872,13.5609,13.555,13.555,13.575,13.55,106
2023-08-30 18:38:00,16859,13.585,13.555,13.59,13.595,13.555,167
2023-08-30 18:39:00,6907,13.5752,13.5819,13.575,13.5819,13.5687,86
2023-08-30 18:40:00,5893,13.5764,13.5793,13.58,13.58,13.57,69
2023-08-30 18:41:00,8226,13.5664,13.575,13.555,13.575,13.55,134
2023-08-30 18:42:00,14924,13.5593,13.555,13.5672,13.5672,13.55,189
2023-08-30 18:43:00,25480,13.5526,13.56,13.565,13.57,13.54,210
2023-08-30 18:44:00,12519,13.5694,13.57,13.57,13.58,13.56,88
2023-08-30 18:45:00,10156,13.5592,13.5659,13.55,13.57,13.55,108
2023-08-30 18:46:00,10074,13.563,13.5592,13.575,13.58,13.55,79
2023-08-30 18:47:00,3886,13.5695,13.575,13.56,13.58,13.56,67
2023-08-30 18:48:00,29405,13.5759,13.56,13.6001,13.6001,13.55,229
2023-08-30 18:49:00,16158,13.5839,13.6099,13.58,13.6099,13.57,116
2023-08-30 18:50:00,17188,13.5952,13.6,13.6035,13.605,13.5903,103
2023-08-30 18:51:00,15628,13.6106,13.605,13.625,13.625,13.6,173
2023-08-30 18:52:00,22498,13.6444,13.63,13.6603,13.6603,13.63,211
2023-08-30 18:53:00,30416,13.6762,13.65,13.695,13.6998,13.65,251
2023-08-30 18:54:00,79158,13.7167,13.6999,13.745,13.7498,13.69,339
2023-08-30 18:55:00,29240,13.75,13.7499,13.745,13.755,13.74,210
2023-08-30 18:56:00,95559,13.7054,13.74,13.66,13.745,13.66,494
2023-08-30 18:57:00,29698,13.653,13.65,13.6364,13.68,13.62,202
2023-08-30 18:58:00,18766,13.6284,13.6348,13.63,13.64,13.62,175
2023-08-30 18:59:00,11688,13.6167,13.62,13.625,13.63,13.6,136
2023-08-30 19:00:00,6335,13.6161,13.625,13.6091,13.625,13.6,82
2023-08-30 19:01:00,9598,13.6016,13.6,13.6001,13.6099,13.59,112
2023-08-30 19:02:00,7063,13.5956,13.605,13.595,13.605,13.585,111
2023-08-30 19:03:00,10355,13.5941,13.59,13.59,13.599,13.59,70
2023-08-30 19:04:00,8678,13.5951,13.59,13.5991,13.6,13.58,96
2023-08-30 19:05:00,13429,13.6063,13.59,13.62,13.625,13.59,182
2023-08-30 19:06:00,21772,13.6238,13.62,13.6292,13.6391,13.615,162
2023-08-30 19:07:00,10584,13.6141,13.62,13.61,13.62,13.605,97
2023-08-30 19:08:00,8428,13.6056,13.61,13.615,13.62,13.59,90
2023-08-30 19:09:00,9187,13.6175,13.6186,13.615,13.625,13.61,112
2023-08-30 19:10:00,15154,13.6159,13.615,13.62,13.625,13.61,139
2023-08-30 19:11:00,27568,13.6606,13.6215,13.65,13.69,13.6215,322
2023-08-30 19:12:00,8463,13.64,13.64,13.6487,13.6487,13.63,102
2023-08-30 19:13:00,6933,13.6428,13.645,13.63,13.6494,13.63,77
2023-08-30 19:14:00,7700,13.6317,13.62,13.6314,13.64,13.62,76
2023-08-30 19:15:00,8094,13.6315,13.636,13.635,13.636,13.63,86
2023-08-30 19:16:00,6165,13.6331,13.63,13.63,13.635,13.63,56
2023-08-30 19:17:00,4289,13.6369,13.635,13.645,13.645,13.63,96
2023-08-30 19:18:00,21990,13.6191,13.645,13.61,13.645,13.61,169
2023-08-30 19:19:00,6316,13.6292,13.61,13.645,13.645,13.61,73
2023-08-30 19:20:00,11632,13.6518,13.6427,13.6695,13.67,13.64,112
2023-08-30 19:21:00,21692,13.6755,13.665,13.6799,13.685,13.665,232
2023-08-30 19:22:00,32839,13.666,13.67,13.6597,13.675,13.65,109
2023-08-30 19:23:00,15342,13.6632,13.655,13.66,13.67,13.65,138
2023-08-30 19:24:00,10366,13.6757,13.67,13.675,13.6796,13.67,47
2023-08-30 19:25:00,18503,13.668,13.68,13.6442,13.68,13.64,218
2023-08-30 19:26:00,12558,13.638,13.645,13.635,13.6459,13.63,115
2023-08-30 19:27:00,6185,13.641,13.635,13.645,13.65,13.63,49
2023-08-30 19:28:00,9459,13.6444,13.645,13.645,13.65,13.64,102
2023-08-30 19:29:00,17983,13.6483,13.64,13.645,13.66,13.64,164
2023-08-30 19:30:00,17387,13.6347,13.645,13.625,13.6486,13.62,196
2023-08-30 19:31:00,7416,13.617,13.625,13.615,13.625,13.61,109
2023-08-30 19:32:00,22947,13.5896,13.61,13.585,13.61,13.575,220
2023-08-30 19:33:00,23374,13.6027,13.585,13.6099,13.61,13.585,219
2023-08-30 19:34:00,8923,13.6054,13.6,13.615,13.62,13.59,120
2023-08-30 19:35:00,32034,13.6102,13.615,13.6,13.62,13.6,272
2023-08-30 19:36:00,8349,13.5903,13.6,13.57,13.6,13.57,97
2023-08-30 19:37:00,9016,13.5726,13.575,13.575,13.58,13.57,112
2023-08-30 19:38:00,21459,13.5831,13.575,13.585,13.6,13.57,249
2023-08-30 19:39:00,6401,13.5905,13.585,13.5999,13.5999,13.58,75
2023-08-30 19:40:00,23335,13.5929,13.59,13.575,13.6,13.57,278
2023-08-30 19:41:00,14879,13.5689,13.57,13.56,13.5799,13.56,167
2023-08-30 19:42:00,23188,13.5628,13.56,13.5601,13.57,13.555,197
2023-08-30 19:43:00,31128,13.5783,13.565,13.59,13.6,13.56,234
2023-08-30 19:44:00,14036,13.6053,13.59,13.615,13.615,13.59,182
2023-08-30 19:45:00,27564,13.6189,13.615,13.62,13.63,13.61,236
2023-08-30 19:46:00,17793,13.6038,13.615,13.59,13.62,13.59,139
2023-08-30 19:47:00,22898,13.6142,13.595,13.625,13.64,13.59,266
2023-08-30 19:48:00,15740,13.6236,13.625,13.6225,13.63,13.62,144
2023-08-30 19:49:00,23539,13.6193,13.62,13.61,13.6267,13.61,218
2023-08-30 19:50:00,31632,13.6035,13.61,13.6,13.61,13.585,369
2023-08-30 19:51:00,35530,13.6254,13.605,13.645,13.65,13.6,334
2023-08-30 19:52:00,17939,13.6441,13.6425,13.64,13.65,13.64,168
2023-08-30 19:53:00,65958,13.6353,13.64,13.645,13.65,13.62,551
2023-08-30 19:54:00,42338,13.6425,13.65,13.635,13.65,13.63,375
2023-08-30 19:55:00,62035,13.6325,13.635,13.645,13.65,13.62,440
2023-08-30 19:56:00,98899,13.6604,13.645,13.685,13.69,13.64,546
2023-08-30 19:57:00,91037,13.6732,13.68,13.67,13.69,13.655,549
2023-08-30 19:58:00,87402,13.6733,13.66,13.675,13.695,13.66,445
2023-08-30 19:59:00,214679,13.6443,13.675,13.63,13.675,13.61,966
2023-08-30 20:00:00,3335,13.6299,13.63,13.63,13.63,13.63,9
2023-08-30 20:01:00,460,13.6293,13.62,13.62,13.62,13.62,8
2023-08-30 20:04:00,101,13.6899,13.69,13.69,13.69,13.69,2
2023-08-30 20:06:00,382,13.6311,13.63,13.63,13.63,13.63,3
2023-08-30 20:07:00,1002,13.6649,13.7,13.63,13.7,13.63,3
2023-08-30 20:11:00,567,13.669,13.6798,13.6789,13.6798,13.66,5
2023-08-30 20:13:00,2127,13.6324,13.63,13.68,13.68,13.63,3
2023-08-30 20:15:00,475,13.6321,13.63,13.63,13.64,13.63,5
2023-08-30 20:16:00,249,13.6782,13.6799,13.6799,13.6799,13.6799,5
2023-08-30 20:20:00,159,13.6436,13.64,13.64,13.64,13.64,4
2023-08-30 20:23:00,535,13.679,13.6797,13.68,13.68,13.6793,4
2023-08-30 20:25:00,188,13.6947,13.6999,13.6999,13.6999,13.6999,7
2023-08-30 20:26:00,751,13.663,13.66,13.66,13.66,13.66,6
2023-08-30 20:28:00,501,13.68,13.68,13.68,13.68,13.68,2
2023-08-30 20:29:00,1003,13.66,13.66,13.66,13.66,13.66,2
2023-08-30 20:30:00,100,13.69,13.69,13.69,13.69,13.69,1
2023-08-30 20:31:00,114,13.69,13.69,13.69,13.69,13.69,3
2023-08-30 20:34:00,760,13.6813,13.68,13.68,13.68,13.68,4
2023-08-30 20:35:00,2631,13.6802,13.68,13.68,13.68,13.68,7
2023-08-30 20:36:00,211,13.7,13.7,13.7,13.7,13.7,5
2023-08-30 20:37:00,398,13.6944,13.6986,13.6986,13.6986,13.6986,5
2023-08-30 20:40:00,334,13.6969,13.7,13.7,13.7,13.7,10
2023-08-30 20:41:00,672,13.685,13.68,13.68,13.68,13.68,6
2023-08-30 20:42:00,5908,13.7139,13.7,13.72,13.72,13.7,17
2023-08-30 20:43:00,243,13.7279,13.7,13.75,13.75,13.7,5
2023-08-30 20:44:00,366,13.749,13.75,13.75,13.75,13.75,5
2023-08-30 20:45:00,1215,13.7486,13.7491,13.7491,13.7491,13.7491,3
2023-08-30 20:50:00,115,13.7128,13.71,13.71,13.71,13.71,3
2023-08-30 20:55:00,250,13.75,13.75,13.75,13.75,13.75,1
2023-08-30 20:57:00,213,13.7316,13.73,13.73,13.73,13.73,4
2023-08-30 20:58:00,320,13.7394,13.74,13.74,13.74,13.74,2
2023-08-30 21:00:00,1505,13.75,13.75,13.75,13.75,13.75,2
2023-08-30 21:01:00,1318,13.7428,13.73,13.7499,13.75,13.73,10
2023-08-30 21:02:00,211,13.7352,13.73,13.73,13.73,13.73,4
2023-08-30 21:05:00,1717,13.75,13.75,13.75,13.75,13.75,2
2023-08-30 21:06:00,7856,13.7494,13.74,13.74,13.75,13.74,19
2023-08-30 21:08:00,315,13.7479,13.7481,13.7481,13.7481,13.7481,3
2023-08-30 21:09:00,1661,13.742,13.73,13.75,13.75,13.73,7
2023-08-30 21:12:00,12000,13.7212,13.7212,13.7212,13.7212,13.7212,2
2023-08-30 21:13:00,628,13.7255,13.7211,13.7211,13.7211,13.7211,4
2023-08-30 21:16:00,876,13.7571,13.75,13.76,13.76,13.75,7
2023-08-30 21:17:00,138,13.7588,13.76,13.76,13.76,13.76,3
2023-08-30 21:18:00,900,13.76,13.76,13.76,13.76,13.76,7
2023-08-30 21:20:00,230,13.7603,13.7683,13.7683,13.7683,13.7683,3
2023-08-30 21:22:00,1002,13.7201,13.72,13.72,13.72,13.72,4
2023-08-30 21:25:00,197,13.7209,13.7209,13.7209,13.7209,13.7209,3
2023-08-30 21:27:00,5100,13.7995,13.77,13.85,13.85,13.77,37
2023-08-30 21:29:00,208,13.8685,13.88,13.88,13.88,13.88,8
2023-08-30 21:30:00,1346,13.8532,13.88,13.85,13.88,13.85,5
2023-08-30 21:33:00,4964,13.7401,13.74,13.74,13.74,13.74,3
2023-08-30 21:34:00,1496,13.74,13.74,13.74,13.74,13.74,2
2023-08-30 21:35:00,1073,13.8073,13.82,13.82,13.82,13.82,4
2023-08-30 21:36:00,1402,13.7479,13.74,13.85,13.85,13.74,4
2023-08-30 21:50:00,648,13.8423,13.84,13.84,13.84,13.84,11
2023-08-30 21:51:00,516,13.8792,13.88,13.88,13.88,13.88,4
2023-08-30 21:52:00,177,13.8629,13.86,13.86,13.86,13.86,10
2023-08-30 21:53:00,2960,13.8796,13.8797,13.8797,13.8797,13.8797,4
2023-08-30 21:54:00,472,13.8768,13.88,13.88,13.88,13.87,8
2023-08-30 21:55:00,3276,13.876,13.87,13.87,13.88,13.87,27
2023-08-30 21:56:00,1325,13.896,13.89,13.9,13.9,13.89,17
2023-08-30 21:57:00,588,13.932,13.92,13.94,13.94,13.92,11
2023-08-30 21:59:00,1176,13.9461,13.93,13.95,13.95,13.93,15
2023-08-30 22:00:00,2312,13.9522,13.95,13.95,13.96,13.95,12
2023-08-30 22:01:00,3257,13.9671,13.96,13.98,13.98,13.94,12
2023-08-30 22:02:00,3146,13.9759,13.98,13.99,13.99,13.97,16
2023-08-30 22:03:00,2349,13.9883,13.97,13.99,13.99,13.97,10
2023-08-30 22:04:00,3178,13.9832,13.96,14.0,14.0,13.96,13
2023-08-30 22:05:00,4616,13.9926,13.99,13.98,14.0,13.98,15
2023-08-30 22:06:00,4691,13.9856,13.9797,13.96,14.0,13.96,18
2023-08-30 22:07:00,2565,13.9947,14.0,13.97,14.0,13.97,9
2023-08-30 22:08:00,1784,13.984,14.0,13.97,14.0,13.97,6
2023-08-30 22:09:00,2845,13.9433,13.96,13.94,13.96,13.94,6
2023-08-30 22:10:00,887,13.9422,13.94,13.94,13.95,13.94,10
2023-08-30 22:11:00,1059,13.9316,13.93,13.95,13.95,13.93,7
2023-08-30 22:12:00,1471,13.9468,13.93,13.95,13.95,13.93,12
2023-08-30 22:13:00,1397,13.9095,13.92,13.89,13.92,13.89,12
2023-08-30 22:14:00,355,13.8985,13.9,13.9,13.9,13.9,4
2023-08-30 22:16:00,965,13.8905,13.89,13.89,13.89,13.89,4
2023-08-30 22:17:00,240,13.9166,13.92,13.92,13.92,13.92,5
2023-08-30 22:18:00,13853,13.9102,13.91,13.9104,13.9104,13.91,4
2023-08-30 22:20:00,210,13.95,13.96,13.96,13.96,13.96,3
2023-08-30 22:22:00,203,13.9506,13.95,13.95,13.95,13.95,3
2023-08-30 22:23:00,2512,13.946,13.93,13.95,13.95,13.93,11
2023-08-30 22:24:00,5200,13.9509,13.95,13.95,13.96,13.95,8
2023-08-30 22:26:00,1907,13.9342,13.94,13.94,13.94,13.93,5
2023-08-30 22:27:00,575,13.93,13.93,13.93,13.93,13.93,4
2023-08-30 22:28:00,810,13.9301,13.93,13.93,13.93,13.93,5
2023-08-30 22:29:00,9622,13.8816,13.93,13.81,13.93,13.81,9
2023-08-30 22:30:00,250,13.81,13.81,13.81,13.81,13.81,1
2023-08-30 22:31:00,345,13.7848,13.8,13.8,13.8,13.8,7
2023-08-30 22:32:00,5899,13.7143,13.72,13.73,13.73,13.7107,9
2023-08-30 22:34:00,451,13.8701,13.87,13.87,13.87,13.87,6
2023-08-30 22:40:00,296,13.9221,13.92,13.92,13.92,13.92,7
2023-08-30 22:41:00,394,13.9151,13.92,13.92,13.92,13.92,4
2023-08-30 22:42:00,663,13.8703,13.87,13.87,13.87,13.87,2
2023-08-30 22:43:00,1201,13.8668,13.88,13.85,13.88,13.85,6
2023-08-30 22:47:00,406,13.8898,13.89,13.89,13.89,13.89,3
2023-08-30 22:48:00,2010,13.8899,13.89,13.89,13.89,13.89,2
2023-08-30 22:50:00,269,13.8665,13.85,13.8887,13.8887,13.85,3
2023-08-30 22:56:00,2500,13.89,13.89,13.89,13.89,13.89,1
2023-08-30 22:57:00,1000,13.8891,13.8891,13.8891,13.8891,13.8891,1
2023-08-30 22:59:00,365,13.8926,13.89,13.89,13.89,13.89,3
2023-08-30 23:02:00,261,13.9328,13.94,13.94,13.94,13.94,5
2023-08-30 23:04:00,1050,13.9329,13.91,13.94,13.94,13.91,6
2023-08-30 23:05:00,386,13.95,13.95,13.95,13.95,13.95,3
2023-08-30 23:06:00,1919,13.9563,13.95,13.97,13.97,13.95,14
2023-08-30 23:07:00,3447,13.9921,13.97,13.99,14.0,13.97,12
2023-08-30 23:09:00,2292,13.9633,13.9899,13.96,13.9899,13.96,4
2023-08-30 23:10:00,6339,13.9965,13.99,14.0,14.0,13.96,21
2023-08-30 23:11:00,1989,14.0822,14.05,14.1,14.1,14.05,25
2023-08-30 23:12:00,1719,14.0594,14.1,14.1,14.1,14.0302,6
2023-08-30 23:13:00,6380,14.0774,14.09,14.09,14.09,14.05,6
2023-08-30 23:14:00,177,14.0294,14.05,14.05,14.05,14.05,3
2023-08-30 23:17:00,296,14.02,14.02,14.02,14.02,14.02,2
2023-08-30 23:20:00,251,14.0424,14.02,14.02,14.02,14.02,9
2023-08-30 23:21:00,333,14.054,14.05,14.05,14.05,14.05,2
2023-08-30 23:22:00,2700,14.0501,14.0519,14.05,14.0519,14.05,3
2023-08-30 23:24:00,1345,14.038,14.05,14.05,14.05,14.02,10
2023-08-30 23:25:00,285,14.0382,14.02,14.02,14.02,14.02,5
2023-08-30 23:28:00,2020,14.0203,14.02,14.02,14.02,14.02,3
2023-08-30 23:29:00,1689,14.0841,14.08,14.09,14.09,14.01,12
2023-08-30 23:32:00,1307,14.1047,14.09,14.11,14.11,14.09,13
2023-08-30 23:33:00,194,14.0498,14.0488,14.0488,14.0488,14.0488,4
2023-08-30 23:35:00,680,14.0499,14.0499,14.0499,14.0499,14.0499,1
2023-08-30 23:36:00,198,14.0302,14.05,14.05,14.05,14.05,2
2023-08-30 23:39:00,187,14.042,14.05,14.05,14.05,14.05,4
2023-08-30 23:42:00,1897,14.0128,14.04,14.0,14.04,14.0,14
2023-08-30 23:43:00,1210,14.0131,14.01,14.02,14.02,14.01,6
2023-08-30 23:44:00,547,14.0013,14.0,14.0,14.0,14.0,3
2023-08-30 23:45:00,185,14.0102,14.0189,14.0189,14.0189,14.0189,3
2023-08-30 23:46:00,100,14.02,14.02,14.02,14.02,14.02,1
2023-08-30 23:48:00,2606,14.0162,14.02,14.02,14.02,14.01,7
2023-08-30 23:49:00,309,14.0207,14.02,14.02,14.02,14.02,9
2023-08-30 23:52:00,640,14.05,14.05,14.05,14.05,14.05,1
2023-08-30 23:54:00,981,14.0302,14.05,14.02,14.05,14.02,10
2023-08-30 23:57:00,5998,14.029,14.0291,14.0291,14.0291,14.0291,10
2023-08-30 23:59:00,614,13.9735,13.98,13.97,13.98,13.97,15
2023-08-31 08:02:00,557,13.9895,14.0,14.0,14.0,14.0,8
2023-08-31 08:04:00,929,14.1853,14.18,14.2,14.2,14.18,20
2023-08-31 08:05:00,553,14.1741,14.17,14.17,14.17,14.17,7
2023-08-31 08:08:00,145,14.2084,14.21,14.21,14.21,14.21,4
2023-08-31 08:09:00,742,14.196,14.2,14.2,14.2,14.19,18
2023-08-31 08:10:00,278,14.2949,14.29,14.3,14.3,14.29,8
2023-08-31 08:13:00,3274,14.3616,14.29,14.48,14.48,14.29,60
2023-08-31 08:14:00,2441,14.3908,14.41,14.39,14.41,14.38,34
2023-08-31 08:15:00,5861,14.6028,14.47,14.87,14.87,14.47,95
2023-08-31 08:16:00,7019,15.0133,14.91,15.03,15.11,14.91,143
2023-08-31 08:17:00,16212,15.4012,15.02,15.42,15.7,15.02,291
2023-08-31 08:18:00,4543,15.15,15.37,15.22,15.37,14.98,106
2023-08-31 08:19:00,3560,15.3233,15.3,15.27,15.38,15.27,99
2023-08-31 08:20:00,2954,15.1487,15.12,15.14,15.16,15.12,78
2023-08-31 08:21:00,2661,15.065,15.12,14.97,15.12,14.97,85
2023-08-31 08:22:00,4095,14.9669,14.91,15.03,15.03,14.91,107
2023-08-31 08:23:00,1084,15.0689,15.04,15.07,15.08,15.04,27
2023-08-31 08:24:00,2489,14.9956,15.01,14.94,15.01,14.94,54
2023-08-31 08:25:00,2200,14.9049,14.92,14.89,14.92,14.89,51
2023-08-31 08:26:00,4002,14.9648,14.9,14.97,15.0,14.9,43
2023-08-31 08:28:00,439,14.9201,14.9,14.9,14.9,14.9,26
2023-08-31 08:29:00,2729,14.7919,14.93,14.68,14.93,14.68,141
2023-08-31 08:30:00,4285,14.5297,14.62,14.47,14.62,14.46,111
2023-08-31 08:31:00,459,14.5983,14.6,14.6,14.6,14.6,13
2023-08-31 08:32:00,698,14.7664,14.79,14.79,14.79,14.79,28
2023-08-31 08:33:00,117,14.8029,14.8,14.8,14.8,14.8,2
2023-08-31 08:34:00,669,14.8192,14.8,14.81,14.81,14.8,19
2023-08-31 08:35:00,1336,14.7886,14.8,14.74,14.8,14.74,68
2023-08-31 08:36:00,1304,14.7777,14.78,14.77,14.78,14.76,29
2023-08-31 08:37:00,812,14.856,14.84,14.86,14.86,14.84,26
2023-08-31 08:38:00,3423,14.8011,14.84,14.8,14.84,14.8,43
2023-08-31 08:39:00,1018,14.7446,14.74,14.75,14.75,14.7,20
2023-08-31 08:40:00,1590,14.7822,14.78,14.78,14.79,14.78,26
2023-08-31 08:41:00,326,14.7817,14.75,14.8,14.8,14.75,10
2023-08-31 08:43:00,102,14.8,14.8,14.8,14.8,14.8,2
2023-08-31 08:44:00,531,14.7982,14.8,14.8,14.8,14.8,21
2023-08-31 08:45:00,1083,14.8143,14.83,14.8,14.83,14.8,26
2023-08-31 08:46:00,821,14.7951,14.79,14.81,14.81,14.79,22
2023-08-31 08:47:00,606,14.8057,14.82,14.77,14.82,14.77,16
2023-08-31 08:48:00,535,14.8007,14.78,14.78,14.78,14.78,22
2023-08-31 08:49:00,394,14.8297,14.83,14.83,14.83,14.83,15
2023-08-31 08:52:00,1330,14.8111,14.8,14.79,14.83,14.79,18
2023-08-31 08:55:00,439,14.7755,14.81,14.81,14.81,14.81,14
2023-08-31 08:58:00,569,14.799,14.8,14.8,14.8,14.8,7
2023-08-31 09:00:00,3838,14.8025,14.83,14.79,14.83,14.79,70
2023-08-31 09:01:00,1113,14.7908,14.79,14.79,14.79,14.79,39
2023-08-31 09:02:00,1609,14.7679,14.79,14.76,14.79,14.74,61
2023-08-31 09:03:00,1332,14.6852,14.7,14.67,14.7,14.67,76
2023-08-31 09:04:00,384,14.6635,14.66,14.68,14.68,14.66,19
2023-08-31 09:07:00,1037,14.6133,14.63,14.6,14.63,14.6,53
2023-08-31 09:08:00,2295,14.5874,14.58,14.58,14.6,14.57,29
2023-08-31 09:09:00,590,14.5594,14.55,14.55,14.55,14.55,19
2023-08-31 09:10:00,2443,14.515,14.53,14.5,14.53,14.5,73
2023-08-31 09:11:00,1991,14.4539,14.44,14.48,14.48,14.44,21
2023-08-31 09:13:00,768,14.5522,14.57,14.57,14.57,14.57,17
2023-08-31 09:14:00,350,14.5627,14.57,14.57,14.57,14.57,12
2023-08-31 09:19:00,1695,14.6081,14.56,14.64,14.64,14.56,18
2023-08-31 09:20:00,997,14.6123,14.64,14.59,14.64,14.59,18
2023-08-31 09:21:00,3693,14.6195,14.59,14.66,14.66,14.57,40
2023-08-31 09:22:00,1247,14.6339,14.66,14.6,14.66,14.6,15
2023-08-31 09:23:00,1539,14.6738,14.65,14.69,14.69,14.65,18
2023-08-31 09:24:00,664,14.6809,14.68,14.68,14.68,14.68,13
2023-08-31 09:26:00,301,14.67,14.67,14.67,14.67,14.67,7
2023-08-31 09:29:00,1716,14.6434,14.66,14.6,14.67,14.6,21
2023-08-31 09:35:00,492,14.6036,14.61,14.61,14.61,14.61,14
2023-08-31 09:36:00,884,14.62,14.62,14.62,14.62,14.62,5
2023-08-31 09:37:00,837,14.6503,14.65,14.67,14.67,14.64,18
2023-08-31 09:38:00,1220,14.65,14.65,14.65,14.65,14.65,13
2023-08-31 09:40:00,474,14.6514,14.65,14.65,14.65,14.65,10
2023-08-31 09:41:00,465,14.6154,14.6,14.6,14.6,14.6,18
2023-08-31 09:42:00,253,14.61,14.61,14.61,14.61,14.61,2
2023-08-31 09:43:00,790,14.5979,14.61,14.59,14.61,14.59,19
2023-08-31 09:44:00,777,14.5722,14.57,14.57,14.57,14.57,26
2023-08-31 09:45:00,1066,14.6396,14.61,14.68,14.68,14.61,16
2023-08-31 09:46:00,959,14.7057,14.7,14.74,14.74,14.7,21
2023-08-31 09:47:00,1120,14.7214,14.72,14.72,14.72,14.72,12
2023-08-31 09:48:00,928,14.7099,14.71,14.71,14.71,14.71,9
2023-08-31 09:50:00,1019,14.7322,14.73,14.74,14.74,14.73,25
2023-08-31 09:51:00,1145,14.7483,14.74,14.76,14.76,14.74,14
2023-08-31 09:52:00,988,14.8235,14.77,14.85,14.85,14.77,24
2023-08-31 09:53:00,2414,14.8703,14.86,14.87,14.87,14.86,21
2023-08-31 09:55:00,1130,14.8776,14.9,14.85,14.9,14.85,32
2023-08-31 09:56:00,1956,14.8217,14.82,14.76,14.87,14.76,33
2023-08-31 09:57:00,2105,14.7979,14.79,14.79,14.79,14.79,19
2023-08-31 09:58:00,562,14.7848,14.76,14.76,14.76,14.76,16
2023-08-31 10:00:00,1630,14.873,14.88,14.88,14.88,14.88,26
2023-08-31 10:01:00,498,14.9062,14.9,14.9,14.9,14.9,22
2023-08-31 10:02:00,378,14.9252,14.92,14.92,14.92,14.92,16
2023-08-31 10:04:00,148,14.9458,14.95,14.95,14.95,14.95,10
2023-08-31 10:05:00,2579,14.9619,14.95,14.98,14.98,14.95,31
2023-08-31 10:06:00,3065,15.0064,14.99,15.02,15.05,14.98,59
2023-08-31 10:07:00,2554,15.0603,15.07,15.09,15.1,15.01,48
2023-08-31 10:08:00,1340,15.0497,15.01,15.1,15.1,15.01,35
2023-08-31 10:09:00,2293,15.0656,15.05,15.06,15.09,15.05,45
2023-08-31 10:10:00,1133,15.1246,15.11,15.15,15.15,15.11,42
2023-08-31 10:11:00,9549,15.2478,15.2,15.22,15.38,15.2,99
2023-08-31 10:12:00,4978,15.2226,15.24,15.18,15.27,15.18,90
2023-08-31 10:13:00,333,15.1674,15.16,15.16,15.16,15.16,11
2023-08-31 10:14:00,602,15.2208,15.23,15.23,15.23,15.23,14
2023-08-31 10:15:00,5995,15.2385,15.22,15.25,15.25,15.18,39
2023-08-31 10:16:00,603,15.2595,15.23,15.23,15.23,15.23,41
2023-08-31 10:17:00,3824,15.3465,15.3,15.36,15.43,15.3,58
2023-08-31 10:18:00,1451,15.3653,15.36,15.34,15.38,15.34,38
2023-08-31 10:19:00,1705,15.2999,15.32,15.32,15.33,15.32,49
2023-08-31 10:20:00,7348,15.3001,15.3,15.3,15.32,15.29,59
2023-08-31 10:21:00,4951,15.2925,15.3,15.24,15.32,15.24,62
2023-08-31 10:22:00,1279,15.3089,15.33,15.32,15.34,15.32,24
2023-08-31 10:23:00,843,15.2479,15.25,15.25,15.25,15.24,25
2023-08-31 10:24:00,1582,15.1791,15.23,15.15,15.23,15.15,51
2023-08-31 10:25:00,2831,15.1524,15.17,15.15,15.17,15.15,77
2023-08-31 10:26:00,1321,15.1293,15.13,15.12,15.15,15.12,46
2023-08-31 10:27:00,150,15.14,15.15,15.15,15.15,15.15,3
2023-08-31 10:28:00,618,15.1553,15.15,15.15,15.15,15.15,20
2023-08-31 10:29:00,7880,15.1063,15.15,15.1,15.15,15.1,131
2023-08-31 10:30:00,607,15.0773,15.08,15.08,15.08,15.08,29
2023-08-31 10:31:00,891,15.0273,15.03,15.0,15.03,15.0,55
2023-08-31 10:33:00,1187,15.0184,15.02,15.02,15.02,15.02,14
2023-08-31 10:34:00,5365,15.0226,15.02,15.03,15.03,15.02,28
2023-08-31 10:35:00,493,14.977,14.97,14.97,14.97,14.97,23
2023-08-31 10:36:00,889,14.9139,14.91,14.89,14.91,14.89,46
2023-08-31 10:37:00,2549,14.9034,14.9,14.9,14.92,14.88,49
2023-08-31 10:39:00,885,14.8711,14.87,14.87,14.87,14.87,31
2023-08-31 10:41:00,2855,14.8533,14.86,14.85,14.87,14.85,48
2023-08-31 10:43:00,415,14.8936,14.9,14.91,14.91,14.9,13
2023-08-31 10:44:00,456,14.9166,14.91,14.91,14.91,14.91,7
2023-08-31 10:45:00,1445,14.9428,14.96,14.93,14.98,14.93,17
2023-08-31 10:50:00,1586,14.9401,14.97,14.92,14.97,14.92,28
2023-08-31 10:51:00,1296,14.994,15.0,15.0,15.0,15.0,8
2023-08-31 10:52:00,1527,14.9988,15.0,15.0,15.0,14.99,17
2023-08-31 10:55:00,101,15.06,15.06,15.06,15.06,15.06,2
2023-08-31 10:57:00,328,15.0439,15.05,15.04,15.05,15.04,5
2023-08-31 10:59:00,834,15.0493,15.05,15.05,15.05,15.05,16
2023-08-31 11:00:00,8875,14.9568,15.01,14.87,15.07,14.87,192
2023-08-31 11:01:00,1692,14.8687,14.85,14.84,14.89,14.84,50
2023-08-31 11:02:00,4390,14.8865,14.84,14.9,14.9,14.84,38
2023-08-31 11:03:00,232,14.9122,14.91,14.91,14.91,14.91,8
2023-08-31 11:04:00,4699,14.8969,14.94,14.88,14.94,14.88,20
2023-08-31 11:05:00,3006,14.8748,14.89,14.88,14.89,14.87,23
2023-08-31 11:07:00,379,14.8932,14.9,14.9,14.9,14.9,6
2023-08-31 11:08:00,13378,14.8719,14.9,14.85,14.9,14.85,54
2023-08-31 11:09:00,5230,14.8771,14.88,14.88,14.88,14.88,24
2023-08-31 11:10:00,4655,14.7833,14.82,14.73,14.82,14.73,103
2023-08-31 11:11:00,1965,14.7,14.73,14.66,14.73,14.66,37
2023-08-31 11:13:00,1647,14.6787,14.67,14.69,14.69,14.67,27
2023-08-31 11:14:00,355,14.6772,14.68,14.67,14.68,14.67,15
2023-08-31 11:15:00,1695,14.6806,14.67,14.69,14.69,14.67,18
2023-08-31 11:16:00,325,14.6995,14.69,14.69,14.69,14.69,14
2023-08-31 11:17:00,3897,14.6969,14.69,14.71,14.71,14.69,23
2023-08-31 11:19:00,2198,14.7009,14.7,14.7,14.7,14.7,12
2023-08-31 11:20:00,5360,14.7263,14.69,14.73,14.73,14.69,31
2023-08-31 11:21:00,794,14.7294,14.73,14.73,14.74,14.73,18
2023-08-31 11:22:00,669,14.7367,14.74,14.74,14.74,14.74,11
2023-08-31 11:23:00,1436,14.702,14.72,14.69,14.72,14.69,25
2023-08-31 11:24:00,2210,14.6687,14.67,14.66,14.67,14.66,60
2023-08-31 11:25:00,4877,14.6763,14.68,14.65,14.69,14.65,36
2023-08-31 11:26:00,2761,14.6384,14.61,14.7,14.7,14.61,27
2023-08-31 11:27:00,1505,14.637,14.67,14.63,14.67,14.63,28
2023-08-31 11:28:00,6411,14.6101,14.65,14.6,14.65,14.6,34
2023-08-31 11:29:00,980,14.5997,14.61,14.61,14.61,14.61,33
2023-08-31 11:30:00,5236,14.508,14.56,14.5,14.56,14.5,96
2023-08-31 11:31:00,6185,14.4024,14.49,14.36,14.49,14.36,145
2023-08-31 11:32:00,1262,14.3357,14.35,14.35,14.35,14.35,69
2023-08-31 11:33:00,7475,14.3013,14.32,14.3,14.33,14.27,84
2023-08-31 11:34:00,6154,14.2888,14.31,14.3,14.31,14.26,45
2023-08-31 11:35:00,7471,14.3083,14.29,14.32,14.33,14.27,43
2023-08-31 11:36:00,3199,14.3403,14.32,14.37,14.37,14.32,27
2023-08-31 11:37:00,1185,14.3811,14.37,14.39,14.39,14.37,26
2023-08-31 11:38:00,3068,14.4216,14.4,14.42,14.42,14.4,15
2023-08-31 11:39:00,2199,14.4726,14.43,14.48,14.5,14.43,48
2023-08-31 11:40:00,1347,14.5265,14.54,14.54,14.54,14.54,32
2023-08-31 11:41:00,1237,14.537,14.54,14.54,14.54,14.54,16
2023-08-31 11:42:00,442,14.4895,14.5,14.49,14.5,14.49,12
2023-08-31 11:43:00,685,14.5169,14.52,14.52,14.52,14.52,19
2023-08-31 11:44:00,1292,14.5221,14.52,14.53,14.53,14.52,23
2023-08-31 11:45:00,294,14.5108,14.52,14.52,14.52,14.52,8
2023-08-31 11:46:00,826,14.4996,14.52,14.49,14.52,14.49,10
2023-08-31 11:47:00,3694,14.411,14.49,14.37,14.49,14.37,51
2023-08-31 11:48:00,7428,14.3604,14.4,14.36,14.4,14.35,21
2023-08-31 11:50:00,1528,14.3872,14.37,14.37,14.37,14.37,26
2023-08-31 11:51:00,2105,14.3928,14.4,14.38,14.4,14.38,26
2023-08-31 11:52:00,1125,14.4102,14.42,14.41,14.42,14.41,26
2023-08-31 11:55:00,26586,14.4282,14.38,14.5,14.5,14.38,60
2023-08-31 11:56:00,24452,14.5001,14.5,14.5,14.5,14.5,62
2023-08-31 11:57:00,5546,14.4998,14.5,14.5,14.5,14.5,20
2023-08-31 11:59:00,718,14.451,14.49,14.49,14.49,14.49,22
2023-08-31 12:00:00,195399,14.6888,15.035,14.46,15.06,14.25,534
2023-08-31 12:01:00,104751,14.8253,14.1785,13.99,15.3887,13.85,2553
2023-08-31 12:02:00,8959,14.3759,14.43,14.45,14.4586,13.85,83
2023-08-31 12:03:00,3065,14.4349,14.45,14.44,14.45,14.44,28
2023-08-31 12:04:00,5952,14.4368,14.45,14.4386,14.45,14.42,27
2023-08-31 12:05:00,4314,14.405,14.42,14.4001,14.4286,14.4,50
2023-08-31 12:06:00,6238,14.4017,14.4,14.4,14.4386,14.4,28
2023-08-31 12:07:00,821,14.4208,14.4007,14.42,14.42,14.4007,19
2023-08-31 12:08:00,813,14.4053,14.4014,14.4014,14.4014,14.4014,13
2023-08-31 12:09:00,877,14.4323,14.44,14.4299,14.44,14.4299,12
2023-08-31 12:10:00,17151,14.4759,14.42,14.5,14.5,14.42,53
2023-08-31 12:11:00,2913,14.5225,14.52,14.53,14.53,14.5,42
2023-08-31 12:12:00,2082,14.5079,14.5,14.5,14.53,14.5,25
2023-08-31 12:13:00,1292,14.5379,14.52,14.55,14.55,14.52,17
2023-08-31 12:14:00,5473,14.5309,14.53,14.5399,14.54,14.52,56
2023-08-31 12:15:00,15121,14.5135,14.5,14.54,14.54,14.5,82
2023-08-31 12:16:00,1986,14.5355,14.53,14.54,14.54,14.53,21
2023-08-31 12:17:00,5245,14.5661,14.52,14.6,14.6,14.52,75
2023-08-31 12:18:00,1762,14.6463,14.61,14.65,14.65,14.61,29
2023-08-31 12:19:00,2769,14.6219,14.61,14.66,14.66,14.61,28
2023-08-31 12:20:00,25686,14.6045,14.64,14.59,14.6598,14.59,62
2023-08-31 12:21:00,4820,14.5487,14.52,14.5691,14.5692,14.52,49
2023-08-31 12:22:00,2703,14.5804,14.57,14.58,14.6,14.5699,33
2023-08-31 12:23:00,1139,14.5906,14.58,14.6,14.6,14.58,8
2023-08-31 12:24:00,855,14.5879,14.6,14.5815,14.6,14.58,19
2023-08-31 12:25:00,1452,14.579,14.58,14.58,14.58,14.58,49
2023-08-31 12:26:00,2402,14.5773,14.58,14.58,14.58,14.58,34
2023-08-31 12:27:00,2480,14.5702,14.57,14.57,14.57,14.57,23
2023-08-31 12:28:00,5287,14.57,14.57,14.57,14.57,14.57,7
2023-08-31 12:29:00,4641,14.5895,14.58,14.6,14.6,14.58,43
2023-08-31 12:30:00,708,14.5837,14.58,14.58,14.58,14.58,13
2023-08-31 12:31:00,1425,14.606,14.59,14.64,14.64,14.59,15
2023-08-31 12:32:00,1227,14.6323,14.64,14.63,14.64,14.62,24
2023-08-31 12:33:00,2120,14.6395,14.64,14.64,14.64,14.64,16
2023-08-31 12:34:00,11141,14.6141,14.64,14.56,14.6486,14.56,85
2023-08-31 12:35:00,6960,14.568,14.56,14.57,14.57,14.56,76
2023-08-31 12:36:00,15559,14.5574,14.57,14.52,14.5999,14.52,66
2023-08-31 12:37:00,981,14.539,14.53,14.56,14.56,14.53,15
2023-08-31 12:38:00,14591,14.5213,14.5515,14.5697,14.5697,14.51,78
2023-08-31 12:39:00,14063,14.5021,14.5,14.5,14.55,14.5,79
2023-08-31 12:40:00,21550,14.4948,14.5,14.49,14.51,14.4114,132
2023-08-31 12:41:00,1780,14.503,14.5,14.49,14.51,14.49,23
2023-08-31 12:42:00,3522,14.6072,14.59,14.59,14.65,14.59,39
2023-08-31 12:43:00,1103,14.5894,14.575,14.5986,14.6,14.575,25
2023-08-31 12:44:00,984,14.5812,14.59,14.55,14.599,14.55,19
2023-08-31 12:45:00,1226,14.5711,14.57,14.55,14.57,14.55,18
2023-08-31 12:46:00,23687,14.5384,14.5999,14.5,14.5999,14.49,99
2023-08-31 12:47:00,8363,14.4688,14.5,14.45,14.5,14.45,64
2023-08-31 12:48:00,6089,14.4217,14.45,14.37,14.46,14.37,150
2023-08-31 12:49:00,10857,14.3611,14.4,14.32,14.4006,14.32,76
2023-08-31 12:50:00,17888,14.3071,14.3899,14.28,14.3899,14.28,122
2023-08-31 12:51:00,6298,14.2681,14.3,14.26,14.3,14.24,95
2023-08-31 12:52:00,10962,14.2544,14.25,14.29,14.29,14.25,34
2023-08-31 12:53:00,3592,14.3016,14.29,14.3013,14.34,14.29,35
2023-08-31 12:54:00,13578,14.3785,14.35,14.4,14.4,14.35,37
2023-08-31 12:55:00,2286,14.3881,14.37,14.42,14.42,14.37,18
2023-08-31 12:56:00,1345,14.4207,14.43,14.42,14.43,14.42,15
2023-08-31 12:57:00,713,14.4157,14.42,14.42,14.42,14.42,23
2023-08-31 12:58:00,11374,14.4014,14.4014,14.4,14.42,14.4,23
2023-08-31 12:59:00,6015,14.3695,14.38,14.35,14.38,14.35,31
2023-08-31 13:00:00,8901,14.3254,14.32,14.32,14.36,14.32,41
2023-08-31 13:01:00,2104,14.3293,14.34,14.33,14.34,14.32,28
2023-08-31 13:02:00,1719,14.3648,14.35,14.3986,14.3986,14.35,21
2023-08-31 13:03:00,203,14.3802,14.39,14.39,14.39,14.39,13
2023-08-31 13:04:00,7297,14.3811,14.3412,14.4,14.4,14.3412,47
2023-08-31 13:05:00,8443,14.3603,14.4,14.35,14.4,14.33,58
2023-08-31 13:06:00,633,14.3694,14.37,14.37,14.37,14.37,21
2023-08-31 13:07:00,498,14.369,14.38,14.38,14.38,14.38,19
2023-08-31 13:08:00,11282,14.3343,14.38,14.31,14.38,14.31,73
2023-08-31 13:09:00,4405,14.2988,14.3,14.3,14.3,14.3,91
2023-08-31 13:10:00,463,14.2849,14.2803,14.28,14.2803,14.28,16
2023-08-31 13:11:00,1880,14.2962,14.3,14.3,14.3,14.29,33
2023-08-31 13:12:00,2985,14.3645,14.3686,14.36,14.37,14.36,23
2023-08-31 13:13:00,6724,14.3019,14.3,14.3,14.34,14.3,25
2023-08-31 13:14:00,1303,14.3529,14.37,14.3001,14.37,14.3001,10
2023-08-31 13:15:00,1324,14.3534,14.37,14.36,14.37,14.35,25
2023-08-31 13:16:00,1139,14.3599,14.36,14.36,14.37,14.36,19
2023-08-31 13:17:00,1458,14.3515,14.37,14.35,14.37,14.35,18
2023-08-31 13:18:00,5916,14.2734,14.31,14.32,14.32,14.22,134
2023-08-31 13:19:00,1337,14.3368,14.3,14.3487,14.3487,14.3,10
2023-08-31 13:21:00,6981,14.283,14.28,14.2886,14.2987,14.2314,19
2023-08-31 13:22:00,1151,14.2773,14.2514,14.28,14.28,14.2514,19
2023-08-31 13:23:00,1240,14.3024,14.3,14.32,14.32,14.3,26
2023-08-31 13:24:00,3036,14.3266,14.32,14.3386,14.34,14.32,23
2023-08-31 13:25:00,6705,14.3122,14.32,14.3,14.33,14.26,47
2023-08-31 13:26:00,4169,14.2633,14.32,14.23,14.32,14.23,79
2023-08-31 13:27:00,10450,14.287,14.2986,14.28,14.3,14.25,32
2023-08-31 13:28:00,3664,14.2488,14.25,14.22,14.25,14.22,27
2023-08-31 13:29:00,17958,14.22,14.27,14.2,14.27,14.2,95
2023-08-31 13:30:00,368206,14.2886,14.2,14.5,14.5188,14.14,1305
2023-08-31 13:31:00,188713,14.528,14.5,14.5999,14.6234,14.44,848
2023-08-31 13:32:00,245142,14.4892,14.58,14.3033,14.65,14.28,1133
2023-08-31 13:33:00,155781,14.3637,14.3255,14.3581,14.45,14.22,903
2023-08-31 13:34:00,120637,14.3015,14.35,14.21,14.44,14.17,580
2023-08-31 13:35:00,77760,14.3059,14.21,14.29,14.35,14.21,383
2023-08-31 13:36:00,75425,14.2174,14.2889,14.21,14.2999,14.1813,350
2023-08-31 13:37:00,53755,14.2026,14.2014,14.23,14.24,14.15,352
2023-08-31 13:38:00,117814,14.1381,14.235,14.21,14.25,14.06,558
2023-08-31 13:39:00,43761,14.1986,14.195,14.21,14.25,14.17,263
2023-08-31 13:40:00,36013,14.1724,14.2,14.175,14.2102,14.11,261
2023-08-31 13:41:00,45416,14.1712,14.1828,14.1686,14.2199,14.12,358
2023-08-31 13:42:00,33302,14.2023,14.15,14.2086,14.2399,14.1338,254
2023-08-31 13:43:00,32455,14.1921,14.195,14.1801,14.22,14.1506,190
2023-08-31 13:44:00,32611,14.2257,14.196,14.21,14.25,14.19,258
2023-08-31 13:45:00,61396,14.1903,14.22,14.16,14.24,14.15,331
2023-08-31 13:46:00,51417,14.1639,14.16,14.2027,14.22,14.145,348
2023-08-31 13:47:00,40438,14.17,14.17,14.1876,14.21,14.15,278
2023-08-31 13:48:00,15231,14.1862,14.17,14.1883,14.21,14.16,141
2023-08-31 13:49:00,58069,14.1222,14.18,14.1,14.18,14.1,356
2023-08-31 13:50:00,62991,14.0896,14.1,14.1201,14.16,14.05,399
2023-08-31 13:51:00,31861,14.1559,14.12,14.19,14.2,14.12,154
2023-08-31 13:52:00,48746,14.2033,14.19,14.19,14.25,14.18,262
2023-08-31 13:53:00,65341,14.2179,14.1991,14.29,14.2999,14.157,282
2023-08-31 13:54:00,37166,14.2844,14.29,14.2796,14.3209,14.25,253
2023-08-31 13:55:00,46672,14.3095,14.27,14.3187,14.34,14.27,311
2023-08-31 13:56:00,50365,14.2801,14.3199,14.2684,14.3199,14.25,225
2023-08-31 13:57:00,26883,14.2078,14.26,14.17,14.27,14.17,145
2023-08-31 13:58:00,25153,14.1651,14.185,14.14,14.19,14.12,181
2023-08-31 13:59:00,18493,14.1522,14.15,14.14,14.17,14.14,100
2023-08-31 14:00:00,53345,14.1133,14.16,14.105,14.16,14.08,286
2023-08-31 14:01:00,82224,14.086,14.1171,14.095,14.12,14.06,206
2023-08-31 14:02:00,30860,14.0687,14.09,14.07,14.09,14.06,181
2023-08-31 14:03:00,192378,14.0105,14.0799,13.9915,14.0799,13.96,915
2023-08-31 14:04:00,90372,13.9441,13.9918,13.92,14.01,13.91,477
2023-08-31 14:05:00,50074,13.9463,13.93,13.9236,13.97,13.92,225
2023-08-31 14:06:00,42170,13.9116,13.915,13.9,13.9189,13.9,280
2023-08-31 14:07:00,77266,13.8913,13.908,13.8609,13.91,13.8609,382
2023-08-31 14:08:00,75696,13.8682,13.865,13.9092,13.91,13.85,319
2023-08-31 14:09:00,32376,13.8698,13.905,13.8699,13.905,13.83,276
2023-08-31 14:10:00,28640,13.8364,13.8414,13.835,13.87,13.82,203
2023-08-31 14:11:00,26944,13.8378,13.83,13.845,13.8799,13.81,226
2023-08-31 14:12:00,86819,13.8265,13.8432,13.7788,13.88,13.7612,469
2023-08-31 14:13:00,40533,13.788,13.77,13.78,13.8111,13.76,206
2023-08-31 14:14:00,23986,13.7773,13.77,13.775,13.808,13.76,174
2023-08-31 14:15:00,21442,13.7713,13.78,13.7775,13.78,13.76,154
2023-08-31 14:16:00,35815,13.8122,13.78,13.8299,13.84,13.77,171
2023-08-31 14:17:00,54685,13.7856,13.8294,13.78,13.83,13.76,280
2023-08-31 14:18:00,31643,13.7837,13.789,13.8,13.81,13.77,178
2023-08-31 14:19:00,23138,13.8216,13.8,13.845,13.8496,13.8,155
2023-08-31 14:20:00,60884,13.8513,13.84,13.875,13.875,13.82,251
2023-08-31 14:21:00,54168,13.8737,13.875,13.8888,13.9,13.84,295
2023-08-31 14:22:00,30325,13.8819,13.88,13.8698,13.905,13.86,211
2023-08-31 14:23:00,67717,13.8485,13.8699,13.84,13.88,13.815,287
2023-08-31 14:24:00,73898,13.7967,13.83,13.8,13.85,13.7701,356
2023-08-31 14:25:00,59089,13.7512,13.78,13.735,13.7912,13.73,297
2023-08-31 14:26:00,20715,13.7425,13.7394,13.74,13.76,13.73,148
2023-08-31 14:27:00,23910,13.7558,13.745,13.75,13.77,13.745,131
2023-08-31 14:28:00,37834,13.7922,13.76,13.79,13.81,13.75,204
2023-08-31 14:29:00,19993,13.7915,13.798,13.7893,13.81,13.7701,154
2023-08-31 14:30:00,13228,13.7877,13.78,13.8189,13.82,13.77,149
2023-08-31 14:31:00,25023,13.822,13.815,13.835,13.835,13.81,208
2023-08-31 14:32:00,49087,13.805,13.8388,13.7899,13.84,13.7899,269
2023-08-31 14:33:00,19241,13.8104,13.78,13.84,13.845,13.78,128
2023-08-31 14:34:00,26529,13.8646,13.835,13.8799,13.8895,13.835,170
2023-08-31 14:35:00,35894,13.8748,13.8795,13.86,13.905,13.855,236
2023-08-31 14:36:00,50108,13.843,13.86,13.81,13.87,13.81,241
2023-08-31 14:37:00,15628,13.8378,13.83,13.8499,13.86,13.82,141
2023-08-31 14:38:00,19465,13.8586,13.8586,13.8586,13.87,13.83,112
2023-08-31 14:39:00,77966,13.8987,13.859,13.92,13.93,13.859,236
2023-08-31 14:40:00,46430,13.9402,13.92,13.96,13.96,13.91,223
2023-08-31 14:41:00,87577,13.9796,13.9624,13.98,14.0,13.9501,396
2023-08-31 14:42:00,198131,14.0283,13.98,14.0,14.09,13.965,830
2023-08-31 14:43:00,56491,14.0508,14.005,14.05,14.08,14.005,253
2023-08-31 14:44:00,53559,14.0091,14.06,13.971,14.06,13.971,258
2023-08-31 14:45:00,50602,13.9734,13.975,13.94,14.0,13.93,210
2023-08-31 14:46:00,16580,13.9626,13.945,13.97,13.994,13.9314,153
2023-08-31 14:47:00,14411,13.9627,13.97,13.955,13.97,13.95,107
2023-08-31 14:48:00,24465,13.9539,13.9509,13.99,13.99,13.94,150
2023-08-31 14:49:00,27935,14.0015,13.99,14.025,14.03,13.97,164
2023-08-31 14:50:00,22087,13.9953,14.028,13.995,14.028,13.98,132
2023-08-31 14:51:00,31747,13.9824,13.995,13.9627,14.0,13.955,186
2023-08-31 14:52:00,25233,14.0091,13.9796,14.02,14.04,13.97,186
2023-08-31 14:53:00,23051,14.0305,14.01,14.02,14.05,14.01,149
2023-08-31 14:54:00,11141,14.0129,14.0285,14.01,14.03,14.0,104
2023-08-31 14:55:00,23025,14.0015,14.0072,13.9891,14.02,13.9891,150
2023-08-31 14:56:00,14217,13.9682,13.985,13.96,13.985,13.96,161
2023-08-31 14:57:00,12435,13.9599,13.97,13.96,13.975,13.95,104
2023-08-31 14:58:00,22104,13.9747,13.965,13.995,13.995,13.955,138
2023-08-31 14:59:00,33174,14.0221,13.9993,14.0299,14.04,13.9941,160
2023-08-31 15:00:00,32606,14.0354,14.02,14.0403,14.07,14.01,164
2023-08-31 15:01:00,19152,14.0479,14.045,14.06,14.0692,14.03,131
2023-08-31 15:02:00,30394,14.0355,14.05,14.025,14.055,14.02,169
2023-08-31 15:03:00,16109,14.031,14.03,14.04,14.04,14.02,90
2023-08-31 15:04:00,19620,14.0506,14.04,14.0208,14.06,14.02,160
2023-08-31 15:05:00,14827,14.0368,14.02,14.04,14.05,14.01,112
2023-08-31 15:06:00,9245,14.0383,14.045,14.03,14.045,14.03,82
2023-08-31 15:07:00,56285,14.0604,14.0368,14.0514,14.0799,14.03,355
2023-08-31 15:08:00,12662,14.0546,14.05,14.045,14.06,14.045,126
2023-08-31 15:09:00,83145,14.1225,14.05,14.13,14.17,14.05,406
2023-08-31 15:10:00,12203,14.1334,14.1201,14.13,14.14,14.1201,111
2023-08-31 15:11:00,91384,14.1266,14.1341,14.0901,14.15,14.09,323
2023-08-31 15:12:00,56109,14.0858,14.0999,14.06,14.105,14.06,230
2023-08-31 15:13:00,29397,14.0446,14.0766,14.0377,14.0766,14.02,229
2023-08-31 15:14:00,23621,14.0516,14.04,14.076,14.076,14.04,184
2023-08-31 15:15:00,17415,14.0779,14.0899,14.0899,14.11,14.05,113
2023-08-31 15:16:00,33587,14.0662,14.09,14.06,14.1,14.03,233
2023-08-31 15:17:00,10463,14.0739,14.055,14.08,14.09,14.0543,122
2023-08-31 15:18:00,9722,14.0804,14.0795,14.075,14.09,14.07,81
2023-08-31 15:19:00,22121,14.0953,14.0701,14.12,14.12,14.07,137
2023-08-31 15:20:00,20673,14.1003,14.115,14.095,14.115,14.089,102
2023-08-31 15:21:00,20460,14.089,14.0972,14.08,14.1,14.07,168
2023-08-31 15:22:00,15003,14.0554,14.085,14.05,14.085,14.05,89
2023-08-31 15:23:00,11051,14.0581,14.0514,14.06,14.06,14.05,98
2023-08-31 15:24:00,64762,14.0292,14.06,14.02,14.06,14.01,241
2023-08-31 15:25:00,16436,14.0307,14.02,14.01,14.055,14.01,145
2023-08-31 15:26:00,76831,13.9883,14.01,13.9705,14.01,13.96,313
2023-08-31 15:27:00,23410,13.9871,13.97,13.99,14.005,13.96,196
2023-08-31 15:28:00,20395,13.9983,14.01,14.0167,14.019,13.991,90
2023-08-31 15:29:00,14875,14.0259,14.015,14.0399,14.0399,14.01,123
2023-08-31 15:30:00,20263,14.0394,14.035,14.04,14.055,14.03,138
2023-08-31 15:31:00,9099,14.0451,14.04,14.045,14.06,14.04,96
2023-08-31 15:32:00,18876,14.0535,14.0442,14.0499,14.07,14.04,169
2023-08-31 15:33:00,6964,14.0471,14.0491,14.05,14.05,14.04,59
2023-08-31 15:34:00,15767,14.0575,14.06,14.055,14.06,14.05,64
2023-08-31 15:35:00,23158,14.0773,14.055,14.055,14.09,14.05,147
2023-08-31 15:36:00,26258,14.0214,14.05,14.0,14.05,13.99,210
2023-08-31 15:37:00,15399,14.0053,14.0089,14.015,14.015,14.0,118
2023-08-31 15:38:00,8405,14.0284,14.015,14.025,14.0396,14.015,85
2023-08-31 15:39:00,30080,14.0262,14.025,14.035,14.04,14.02,116
2023-08-31 15:40:00,5851,14.0318,14.0386,14.03,14.04,14.025,87
2023-08-31 15:41:00,5110,14.0147,14.02,14.01,14.02,14.01,78
2023-08-31 15:42:00,21336,14.0402,14.01,14.06,14.07,14.01,159
2023-08-31 15:43:00,10906,14.0672,14.055,14.07,14.0791,14.05,86
2023-08-31 15:44:00,15553,14.0676,14.06,14.06,14.08,14.055,97
2023-08-31 15:45:00,33438,14.059,14.07,14.05,14.075,14.0405,150
2023-08-31 15:46:00,6248,14.0596,14.0554,14.05,14.065,14.05,73
2023-08-31 15:47:00,9873,14.0355,14.055,14.03,14.055,14.02,103
2023-08-31 15:48:00,6139,14.0444,14.0366,14.045,14.0499,14.0366,60
2023-08-31 15:49:00,23112,14.0365,14.05,14.0424,14.05,14.03,86
2023-08-31 15:50:00,5034,14.0513,14.05,14.05,14.0581,14.04,47
2023-08-31 15:51:00,8820,14.0521,14.055,14.045,14.0599,14.04,70
2023-08-31 15:52:00,6433,14.0527,14.05,14.055,14.0599,14.05,48
2023-08-31 15:53:00,13479,14.063,14.055,14.0647,14.075,14.055,131
2023-08-31 15:54:00,5349,14.0691,14.065,14.08,14.08,14.06,54
2023-08-31 15:55:00,12055,14.0546,14.075,14.031,14.075,14.03,129
2023-08-31 15:56:00,13780,14.028,14.035,14.02,14.04,14.015,95
2023-08-31 15:57:00,22250,13.996,14.02,13.975,14.02,13.975,182
2023-08-31 15:58:00,14881,13.9755,13.9702,13.97,13.9817,13.97,68
2023-08-31 15:59:00,3355,13.9766,13.975,13.978,13.98,13.97,45
2023-08-31 16:00:00,16926,13.9885,13.98,13.97,14.0,13.97,151
2023-08-31 16:01:00,3814,13.9763,13.975,13.971,13.98,13.97,24
2023-08-31 16:02:00,52455,13.9686,13.97,13.96,13.99,13.95,253
2023-08-31 16:03:00,51221,13.9316,13.9687,13.9011,13.97,13.9,348
2023-08-31 16:04:00,34284,13.905,13.9,13.9399,13.9399,13.89,187
2023-08-31 16:05:00,9779,13.9343,13.935,13.94,13.945,13.92,93
2023-08-31 16:06:00,17474,13.9486,13.945,13.942,13.96,13.94,126
2023-08-31 16:07:00,4315,13.9518,13.94,13.95,13.96,13.93,46
2023-08-31 16:08:00,2436,13.9578,13.9593,13.955,13.96,13.9525,23
2023-08-31 16:09:00,17686,13.957,13.9563,13.96,13.97,13.95,181
2023-08-31 16:10:00,10343,13.969,13.96,13.985,13.985,13.96,81
2023-08-31 16:11:00,18427,13.9877,13.9808,13.985,14.0,13.98,108
2023-08-31 16:12:00,55947,13.9954,13.985,14.0,14.01,13.98,229
2023-08-31 16:13:00,11498,13.9912,13.99,13.995,14.0,13.985,107
2023-08-31 16:14:00,10599,13.9995,13.9907,14.0095,14.01,13.99,91
2023-08-31 16:15:00,33848,13.9871,14.01,13.93,14.02,13.93,209
2023-08-31 16:16:00,7266,13.934,13.9314,13.9414,13.9414,13.93,38
2023-08-31 16:17:00,16503,13.9646,13.94,13.99,13.99,13.935,110
2023-08-31 16:18:00,28492,14.0072,14.0,14.0091,14.03,13.9866,132
2023-08-31 16:19:00,7441,13.9985,14.0025,13.985,14.0193,13.985,88
2023-08-31 16:20:00,8419,13.9836,13.9871,13.99,13.99,13.98,35
2023-08-31 16:21:00,8294,13.9872,13.995,13.98,13.9988,13.98,81
2023-08-31 16:22:00,6665,13.9787,13.97,13.975,13.9847,13.97,65
2023-08-31 16:23:00,37352,13.9623,13.9714,13.95,13.985,13.9401,154
2023-08-31 16:24:00,11997,13.9489,13.96,13.935,13.9699,13.935,104
2023-08-31 16:25:00,4221,13.945,13.9391,13.945,13.95,13.93,39
2023-08-31 16:26:00,8822,13.9432,13.94,13.95,13.95,13.94,106
2023-08-31 16:27:00,7908,13.9505,13.95,13.9399,13.96,13.93,81
2023-08-31 16:28:00,38557,13.9526,13.932,13.965,13.97,13.932,127
2023-08-31 16:29:00,4217,13.9575,13.96,13.95,13.96,13.95,34
2023-08-31 16:30:00,10762,13.9507,13.95,13.9599,13.9599,13.94,99
2023-08-31 16:31:00,7939,13.9641,13.955,13.965,13.97,13.9546,84
2023-08-31 16:32:00,20485,13.9807,13.9688,13.995,13.9993,13.9673,103
2023-08-31 16:33:00,39597,13.9977,13.99,13.995,14.01,13.985,200
2023-08-31 16:34:00,10452,14.0028,13.99,14.0,14.02,13.99,106
2023-08-31 16:35:00,2759,13.9815,13.9836,13.985,13.99,13.98,39
2023-08-31 16:36:00,3493,13.989,13.99,13.985,13.995,13.98,42
2023-08-31 16:37:00,7489,13.9777,13.98,13.965,13.9892,13.96,77
2023-08-31 16:38:00,2277,13.9687,13.97,13.96,13.97,13.96,38
2023-08-31 16:39:00,6288,13.9701,13.965,13.97,13.975,13.96,64
2023-08-31 16:40:00,3134,13.9752,13.9791,13.975,13.9791,13.97,28
2023-08-31 16:41:00,1228,13.9733,13.975,13.9725,13.98,13.97,25
2023-08-31 16:42:00,6089,13.9742,13.975,13.97,13.98,13.97,46
2023-08-31 16:43:00,17947,13.9679,13.975,13.9707,13.979,13.96,143
2023-08-31 16:44:00,13985,13.9845,13.97,13.99,13.99,13.97,101
2023-08-31 16:45:00,9276,13.9822,13.99,13.9763,13.99,13.9763,69
2023-08-31 16:46:00,2279,13.9812,13.98,13.98,13.99,13.975,38
2023-08-31 16:47:00,14537,13.9788,13.99,13.9501,13.995,13.9501,162
2023-08-31 16:48:00,17852,13.9722,13.955,13.9689,13.98,13.95,88
2023-08-31 16:49:00,6730,13.9678,13.965,13.9601,13.98,13.96,72
2023-08-31 16:50:00,4411,13.9711,13.965,13.9714,13.979,13.964,54
2023-08-31 16:51:00,20361,13.9824,13.97,13.96,14.0,13.96,162
2023-08-31 16:52:00,1635,13.9719,13.97,13.97,13.975,13.97,19
2023-08-31 16:53:00,3968,13.9697,13.97,13.9691,13.975,13.96,34
2023-08-31 16:54:00,9757,13.9607,13.965,13.96,13.9681,13.96,26
2023-08-31 16:55:00,10476,13.974,13.9606,13.985,13.9896,13.96,77
2023-08-31 16:56:00,9135,13.9833,13.99,13.9899,13.99,13.98,45
2023-08-31 16:57:00,5806,13.9839,13.9888,13.99,13.99,13.98,26
2023-08-31 16:58:00,4500,13.9839,13.98,13.98,13.99,13.98,43
2023-08-31 16:59:00,6325,13.9844,13.99,13.985,13.99,13.98,57
2023-08-31 17:00:00,6370,13.9853,13.985,13.985,13.99,13.98,39
2023-08-31 17:01:00,19720,13.9783,13.9825,13.9799,13.985,13.96,152
2023-08-31 17:02:00,5037,13.9785,13.975,13.985,13.985,13.9712,61
2023-08-31 17:03:00,9841,13.9884,13.98,13.995,14.0,13.98,95
2023-08-31 17:04:00,12584,13.9994,14.0,13.99,14.005,13.99,91
2023-08-31 17:05:00,34626,13.9462,13.9999,13.906,13.9999,13.901,260
2023-08-31 17:06:00,32057,13.8958,13.905,13.8703,13.9091,13.8703,153
2023-08-31 17:07:00,12751,13.8655,13.8708,13.875,13.8799,13.86,72
2023-08-31 17:08:00,9379,13.8691,13.87,13.863,13.88,13.863,57
2023-08-31 17:09:00,11346,13.8644,13.87,13.8701,13.8799,13.852,91
2023-08-31 17:10:00,10941,13.8879,13.8702,13.9088,13.9088,13.8702,58
2023-08-31 17:11:00,9382,13.9051,13.91,13.9058,13.915,13.895,87
2023-08-31 17:12:00,7254,13.9098,13.91,13.91,13.92,13.9,79
2023-08-31 17:13:00,3279,13.9059,13.91,13.9,13.91,13.9,41
2023-08-31 17:14:00,2073,13.9047,13.905,13.905,13.91,13.9,29
2023-08-31 17:15:00,29576,13.8886,13.9007,13.885,13.905,13.87,149
2023-08-31 17:16:00,5004,13.8939,13.885,13.89,13.9,13.88,64
2023-08-31 17:17:00,4828,13.8865,13.89,13.8807,13.89,13.8807,59
2023-08-31 17:18:00,8203,13.8832,13.89,13.88,13.895,13.87,82
2023-08-31 17:19:00,6893,13.8781,13.875,13.8808,13.8864,13.87,47
2023-08-31 17:20:00,4122,13.8799,13.88,13.875,13.885,13.87,43
2023-08-31 17:21:00,18840,13.8854,13.87,13.87,13.9,13.87,116
2023-08-31 17:22:00,5600,13.8788,13.8714,13.89,13.89,13.8713,49
2023-08-31 17:23:00,3216,13.8797,13.885,13.8754,13.885,13.87,42
2023-08-31 17:24:00,19156,13.8681,13.8799,13.867,13.8799,13.855,110
2023-08-31 17:25:00,6143,13.8676,13.869,13.875,13.875,13.86,59
2023-08-31 17:26:00,4906,13.8847,13.8793,13.8997,13.8997,13.87,48
2023-08-31 17:27:00,21785,13.8993,13.8914,13.8986,13.9,13.89,114
2023-08-31 17:28:00,18714,13.9222,13.9,13.92,13.93,13.9,87
2023-08-31 17:29:00,5388,13.9285,13.935,13.9364,13.9364,13.92,41
2023-08-31 17:30:00,16963,13.9123,13.93,13.8992,13.93,13.89,126
2023-08-31 17:31:00,1664,13.8955,13.89,13.89,13.9,13.89,32
2023-08-31 17:32:00,1021,13.8935,13.89,13.89,13.895,13.89,19
2023-08-31 17:33:00,10228,13.9161,13.895,13.925,13.925,13.895,100
2023-08-31 17:34:00,10498,13.9308,13.93,13.93,13.9399,13.9295,58
2023-08-31 17:35:00,28495,13.958,13.93,13.99,13.99,13.93,140
2023-08-31 17:36:00,45658,13.9797,14.0,13.98,14.0,13.96,151
2023-08-31 17:37:00,12081,13.9549,13.97,13.93,13.97,13.93,108
2023-08-31 17:38:00,14464,13.9113,13.93,13.9,13.93,13.89,175
2023-08-31 17:39:00,15460,13.9005,13.89,13.93,13.93,13.88,172
2023-08-31 17:40:00,2395,13.9387,13.94,13.9408,13.9408,13.93,24
2023-08-31 17:41:00,8906,13.9522,13.93,13.95,13.965,13.93,95
2023-08-31 17:42:00,5714,13.9359,13.94,13.949,13.949,13.92,55
2023-08-31 17:43:00,3882,13.9495,13.93,13.96,13.96,13.93,59
2023-08-31 17:44:00,8850,13.9647,13.9699,13.95,13.9739,13.95,72
2023-08-31 17:45:00,1705,13.9588,13.96,13.95,13.96,13.95,17
2023-08-31 17:46:00,6840,13.9487,13.95,13.94,13.96,13.94,101
2023-08-31 17:47:00,3261,13.9508,13.9412,13.955,13.955,13.9412,33
2023-08-31 17:48:00,4229,13.9542,13.955,13.9564,13.96,13.95,37
2023-08-31 17:49:00,3389,13.9522,13.9509,13.955,13.955,13.95,39
2023-08-31 17:50:00,22694,13.9527,13.955,13.965,13.97,13.94,132
2023-08-31 17:51:00,10516,13.982,13.97,13.98,13.99,13.97,101
2023-08-31 17:52:00,2723,13.9833,13.985,13.98,13.9896,13.98,30
2023-08-31 17:53:00,2896,13.9828,13.98,13.98,13.985,13.98,25
2023-08-31 17:54:00,28493,13.9969,13.9813,13.99,14.01,13.98,174
2023-08-31 17:55:00,16039,13.9858,13.99,13.9801,14.0,13.98,100
2023-08-31 17:56:00,16123,13.9905,13.99,13.99,14.0,13.97,83
2023-08-31 17:57:00,9466,13.9974,13.995,14.0,14.005,13.99,128
2023-08-31 17:58:00,15315,13.9951,13.99,13.9886,14.005,13.98,138
2023-08-31 17:59:00,34060,13.9731,13.985,13.975,13.985,13.97,104
2023-08-31 18:00:00,5627,13.9832,13.98,13.98,13.9894,13.98,46
2023-08-31 18:01:00,6825,13.9736,13.98,13.97,13.98,13.97,122
2023-08-31 18:02:00,8193,13.9786,13.97,13.985,13.99,13.97,67
2023-08-31 18:03:00,7982,13.9786,13.985,13.97,13.985,13.96,86
2023-08-31 18:04:00,1446,13.9741,13.975,13.975,13.9799,13.97,27
2023-08-31 18:05:00,4678,13.9724,13.975,13.9712,13.9752,13.97,25
2023-08-31 18:06:00,2363,13.9733,13.9714,13.975,13.98,13.97,38
2023-08-31 18:07:00,8458,13.9807,13.975,13.9899,13.99,13.97,82
2023-08-31 18:08:00,23038,13.9869,13.985,13.995,13.9999,13.975,136
2023-08-31 18:09:00,2579,13.9929,13.99,13.99,13.995,13.99,42
2023-08-31 18:10:00,19573,13.983,13.995,13.96,13.995,13.96,170
2023-08-31 18:11:00,9235,13.9615,13.96,13.965,13.97,13.96,42
2023-08-31 18:12:00,14120,13.9685,13.965,13.965,13.975,13.96,135
2023-08-31 18:13:00,4511,13.9667,13.968,13.96,13.975,13.96,79
2023-08-31 18:14:00,23203,13.9457,13.96,13.92,13.9698,13.92,177
2023-08-31 18:15:00,41103,13.9124,13.925,13.9001,13.94,13.9,239
2023-08-31 18:16:00,34944,13.8794,13.905,13.8701,13.905,13.86,226
2023-08-31 18:17:00,36138,13.8529,13.865,13.84,13.87,13.83,262
2023-08-31 18:18:00,42699,13.8516,13.84,13.84,13.8699,13.83,223
2023-08-31 18:19:00,38937,13.8327,13.845,13.825,13.8478,13.82,179
2023-08-31 18:20:00,39733,13.8148,13.82,13.805,13.83,13.8,182
2023-08-31 18:21:00,78515,13.8006,13.805,13.8101,13.82,13.78,371
2023-08-31 18:22:00,42893,13.7848,13.82,13.7801,13.82,13.77,222
2023-08-31 18:23:00,40128,13.7777,13.785,13.775,13.79,13.77,213
2023-08-31 18:24:00,10431,13.7929,13.78,13.8086,13.81,13.775,77
2023-08-31 18:25:00,21252,13.8182,13.8006,13.83,13.84,13.8,126
2023-08-31 18:26:00,10354,13.8362,13.83,13.845,13.845,13.83,75
2023-08-31 18:27:00,11432,13.8472,13.849,13.84,13.85,13.84,47
2023-08-31 18:28:00,17806,13.8543,13.8425,13.83,13.875,13.83,134
2023-08-31 18:29:00,8857,13.824,13.83,13.81,13.835,13.81,84
2023-08-31 18:30:00,7110,13.8228,13.81,13.815,13.83,13.81,92
2023-08-31 18:31:00,10814,13.8258,13.8199,13.835,13.84,13.815,98
2023-08-31 18:32:00,6838,13.835,13.835,13.835,13.84,13.83,56
2023-08-31 18:33:00,25035,13.8479,13.83,13.835,13.865,13.83,178
2023-08-31 18:34:00,10065,13.8414,13.85,13.8498,13.85,13.84,93
2023-08-31 18:35:00,37380,13.8285,13.84,13.83,13.84,13.82,177
2023-08-31 18:36:00,29216,13.8156,13.83,13.82,13.845,13.8,240
2023-08-31 18:37:00,13184,13.8296,13.825,13.825,13.84,13.82,104
2023-08-31 18:38:00,2338,13.8319,13.83,13.8398,13.8398,13.83,26
2023-08-31 18:39:00,8625,13.8475,13.8325,13.855,13.855,13.8325,79
2023-08-31 18:40:00,27109,13.8369,13.86,13.83,13.86,13.8201,159
2023-08-31 18:41:00,4728,13.832,13.83,13.835,13.84,13.83,66
2023-08-31 18:42:00,7796,13.8312,13.835,13.83,13.839,13.83,65
2023-08-31 18:43:00,10240,13.8493,13.8325,13.865,13.866,13.83,80
2023-08-31 18:44:00,12820,13.8598,13.86,13.865,13.87,13.85,80
2023-08-31 18:45:00,20304,13.863,13.865,13.875,13.875,13.86,132
2023-08-31 18:46:00,4415,13.874,13.875,13.87,13.8788,13.87,39
2023-08-31 18:47:00,7629,13.8716,13.8792,13.875,13.8792,13.87,44
2023-08-31 18:48:00,21824,13.8853,13.87,13.895,13.9,13.87,160
2023-08-31 18:49:00,14221,13.8941,13.895,13.895,13.896,13.89,114
2023-08-31 18:50:00,8462,13.8985,13.895,13.89,13.905,13.89,93
2023-08-31 18:51:00,5144,13.8943,13.895,13.89,13.8997,13.89,50
2023-08-31 18:52:00,28186,13.9036,13.89,13.9007,13.915,13.89,176
2023-08-31 18:53:00,7903,13.9076,13.9,13.915,13.92,13.9,56
2023-08-31 18:54:00,5441,13.9163,13.9186,13.915,13.92,13.91,50
2023-08-31 18:55:00,3352,13.9139,13.915,13.915,13.92,13.91,36
2023-08-31 18:56:00,7198,13.9149,13.91,13.915,13.92,13.91,44
2023-08-31 18:57:00,16448,13.9237,13.915,13.935,13.94,13.91,182
2023-08-31 18:58:00,19265,13.932,13.94,13.935,13.94,13.93,42
2023-08-31 18:59:00,6796,13.9352,13.935,13.935,13.9399,13.93,58
2023-08-31 19:00:00,5394,13.9338,13.93,13.9325,13.94,13.93,67
2023-08-31 19:01:00,44101,13.9435,13.94,13.965,13.97,13.93,273
2023-08-31 19:02:00,48501,13.9608,13.9699,13.96,13.97,13.94,270
2023-08-31 19:03:00,8675,13.9634,13.96,13.97,13.97,13.96,52
2023-08-31 19:04:00,36160,13.9832,13.96,13.985,13.99,13.96,158
2023-08-31 19:05:00,36149,13.9745,13.982,13.97,13.985,13.96,186
2023-08-31 19:06:00,3893,13.973,13.97,13.975,13.975,13.97,40
2023-08-31 19:07:00,44599,13.9904,13.98,14.005,14.01,13.98,245
2023-08-31 19:08:00,34214,13.9986,14.0,14.0007,14.0094,13.99,244
2023-08-31 19:09:00,19081,13.9977,14.005,13.9911,14.005,13.99,136
2023-08-31 19:10:00,18965,13.9925,13.99,13.985,14.0,13.98,182
2023-08-31 19:11:00,4443,13.991,13.98,13.99,13.995,13.98,53
2023-08-31 19:12:00,35963,13.9835,13.995,13.985,13.995,13.98,151
2023-08-31 19:13:00,11999,13.9812,13.98,13.98,13.985,13.98,136
2023-08-31 19:14:00,27876,13.9896,13.985,13.98,14.0,13.9799,193
2023-08-31 19:15:00,5429,13.9819,13.98,13.985,13.987,13.976,38
2023-08-31 19:16:00,12087,13.991,13.98,14.0,14.0,13.98,61
2023-08-31 19:17:00,27771,14.0095,13.9988,14.02,14.02,13.9988,216
2023-08-31 19:18:00,16793,14.0163,14.015,14.01,14.02,14.01,105
2023-08-31 19:19:00,27362,14.0135,14.0188,14.015,14.02,14.01,131
2023-08-31 19:20:00,24191,14.0186,14.015,14.025,14.03,14.01,123
2023-08-31 19:21:00,41660,14.0145,14.02,14.01,14.025,14.0,237
2023-08-31 19:22:00,35599,14.0018,14.015,13.995,14.015,13.99,160
2023-08-31 19:23:00,19097,13.9999,13.9999,14.0,14.005,13.9907,152
2023-08-31 19:24:00,21067,13.9913,14.0,13.9899,14.005,13.98,150
2023-08-31 19:25:00,17352,13.9785,13.99,13.952,13.99,13.95,130
2023-08-31 19:26:00,17961,13.9652,13.955,13.975,13.98,13.95,129
2023-08-31 19:27:00,21397,13.9743,13.975,13.97,13.985,13.955,169
2023-08-31 19:28:00,6357,13.9637,13.965,13.965,13.97,13.96,30
2023-08-31 19:29:00,19265,13.9714,13.97,13.97,13.98,13.96,145
2023-08-31 19:30:00,17678,13.9795,13.98,13.985,13.985,13.97,133
2023-08-31 19:31:00,24689,13.9818,13.98,13.995,13.995,13.97,167
2023-08-31 19:32:00,17565,13.9927,13.995,13.995,14.0,13.99,92
2023-08-31 19:33:00,16312,13.9961,13.995,13.995,14.0,13.99,130
2023-08-31 19:34:00,17850,13.9938,13.99,13.995,13.9999,13.99,125
2023-08-31 19:35:00,15251,13.9931,13.9907,13.995,13.9999,13.99,80
2023-08-31 19:36:00,11365,13.9942,13.996,13.9925,14.0,13.99,75
2023-08-31 19:37:00,142096,14.0423,14.0,14.05,14.065,13.995,736
2023-08-31 19:38:00,30602,14.0518,14.05,14.06,14.06,14.04,143
2023-08-31 19:39:00,41133,14.0405,14.0509,14.04,14.055,14.03,198
2023-08-31 19:40:00,49637,14.0558,14.04,14.0666,14.07,14.04,229
2023-08-31 19:41:00,55674,14.0715,14.07,14.065,14.08,14.055,363
2023-08-31 19:42:00,53586,14.0275,14.065,14.0,14.065,13.99,383
2023-08-31 19:43:00,33395,13.988,14.0099,13.988,14.0099,13.98,259
2023-08-31 19:44:00,32315,13.9759,13.985,13.975,13.9895,13.9588,235
2023-08-31 19:45:00,31935,13.9784,13.975,13.98,13.99,13.97,201
2023-08-31 19:46:00,55483,13.9789,13.985,13.96,13.99,13.96,300
2023-08-31 19:47:00,26399,13.9748,13.965,13.97,13.985,13.96,215
2023-08-31 19:48:00,49840,13.9969,13.975,13.9913,14.0093,13.97,299
2023-08-31 19:49:00,18103,13.9982,13.995,14.005,14.01,13.99,165
2023-08-31 19:50:00,39459,13.9929,14.0,13.98,14.005,13.98,240
2023-08-31 19:51:00,24831,13.9824,13.98,13.98,13.99,13.98,245
2023-08-31 19:52:00,80863,13.9761,13.985,13.965,13.99,13.955,444
2023-08-31 19:53:00,31283,13.9715,13.97,13.97,13.98,13.97,266
2023-08-31 19:54:00,46050,13.9669,13.97,13.96,13.98,13.955,350
2023-08-31 19:55:00,57748,13.9706,13.96,13.99,13.99,13.96,483
2023-08-31 19:56:00,74743,14.0051,13.995,14.015,14.015,13.99,477
2023-08-31 19:57:00,96101,13.9989,14.01,13.99,14.019,13.99,561
2023-08-31 19:58:00,110094,13.9866,13.995,13.97,14.0,13.97,615
2023-08-31 19:59:00,340559,14.0223,13.975,14.01,14.0695,13.97,1492
2023-08-31 20:00:00,7550,14.0196,14.02,14.02,14.02,14.01,14
2023-08-31 20:01:00,363,13.9847,13.97,13.97,13.97,13.97,6
2023-08-31 20:02:00,1606,14.0007,14.01,14.0,14.01,14.0,3
2023-08-31 20:03:00,741850,14.02,14.02,13.96,14.02,13.96,8
2023-08-31 20:04:00,1057,13.9832,13.96,14.0012,14.01,13.96,7
2023-08-31 20:06:00,1965,15.585,15.4986,15.6384,15.9884,15.4986,22
2023-08-31 20:07:00,2843,14.5021,15.6385,14.02,15.6385,13.96,16
2023-08-31 20:10:00,372,13.971,13.96,13.96,13.96,13.96,7
2023-08-31 20:11:00,505,13.9685,13.9605,14.0,14.0,13.9605,4
2023-08-31 20:12:00,415,13.9995,14.0,14.0,14.0,14.0,5
2023-08-31 20:14:00,246,14.02,14.02,14.02,14.02,14.02,2
2023-08-31 20:15:00,16967,14.0528,14.09,14.09,14.09,13.98,25
2023-08-31 20:16:00,1854,13.9997,13.99,13.9918,14.02,13.99,5
2023-08-31 20:17:00,1974,14.0375,14.02,14.06,14.06,14.02,21
2023-08-31 20:18:00,15714,14.0797,14.06,14.08,14.08,14.06,14
2023-08-31 20:20:00,1787,14.0389,14.06,14.0215,14.06,14.0215,8
2023-08-31 20:22:00,2100,14.0124,14.01,14.06,14.06,14.01,2
2023-08-31 20:28:00,951,14.02,14.02,14.02,14.02,14.02,3
2023-08-31 20:29:00,11244,14.0263,14.02,14.06,14.06,14.02,8
2023-08-31 20:32:00,1127,14.0508,14.06,14.06,14.06,14.02,11
2023-08-31 20:33:00,2251,14.0611,14.06,14.07,14.07,14.06,3
2023-08-31 20:34:00,1163,14.0207,14.0218,14.02,14.0218,14.02,7
2023-08-31 20:36:00,127,14.0624,14.0706,14.0706,14.0706,14.0706,3
2023-08-31 20:37:00,8843,14.1041,14.1,14.12,14.12,14.08,36
2023-08-31 20:40:00,125,14.0905,14.0981,14.0981,14.0981,14.0981,2
2023-08-31 20:45:00,974,14.1008,14.1,14.1,14.1,14.1,4
2023-08-31 20:46:00,546,14.0708,14.07,14.07,14.07,14.07,4
2023-08-31 20:47:00,3516,14.0826,14.1,14.08,14.1,14.08,6
2023-08-31 20:49:00,210,14.0999,14.1,14.1,14.1,14.1,2
2023-08-31 20:56:00,227,14.0913,14.1,14.1,14.1,14.1,6
2023-08-31 21:00:00,370,14.0938,14.09,14.09,14.1,14.09,7
2023-08-31 21:02:00,424,14.07,14.07,14.07,14.07,14.07,1
2023-08-31 21:03:00,734,14.0702,14.07,14.0715,14.0715,14.07,4
2023-08-31 21:04:00,1261,14.0701,14.07,14.07,14.07,14.07,8
2023-08-31 21:06:00,568,14.0217,14.02,14.02,14.02,14.02,5
2023-08-31 21:14:00,160,14.0669,14.09,14.09,14.09,14.09,4
2023-08-31 21:18:00,300,14.02,14.02,14.02,14.02,14.02,1
2023-08-31 21:20:00,230,14.0322,14.03,14.03,14.03,14.03,4
2023-08-31 21:23:00,226,14.0419,14.04,14.04,14.04,14.04,3
2023-08-31 21:24:00,268,14.0584,14.05,14.05,14.05,14.05,6
2023-08-31 21:32:00,1067,14.02,14.02,14.02,14.02,14.02,10
2023-08-31 21:34:00,662,14.0337,14.05,14.05,14.05,14.05,5
2023-08-31 21:41:00,181,14.0878,14.09,14.09,14.09,14.09,2
2023-08-31 21:42:00,719,14.09,14.09,14.09,14.09,14.09,5
2023-08-31 21:46:00,218,14.02,14.02,14.02,14.02,14.02,3
2023-08-31 21:50:00,257,14.0228,14.02,14.02,14.02,14.02,7
2023-08-31 21:52:00,710,14.0397,14.04,14.04,14.04,14.04,3
2023-08-31 21:53:00,6519,14.0396,14.04,14.0204,14.04,14.0204,6
2023-08-31 21:55:00,1118,14.0979,14.1,14.1,14.1,14.1,6
2023-08-31 21:58:00,1635,14.0999,14.1,14.1,14.1,14.1,4
2023-08-31 22:05:00,209,14.0526,14.05,14.05,14.05,14.05,4
2023-08-31 22:07:00,174,14.0386,14.03,14.03,14.03,14.03,2
2023-08-31 22:08:00,469,14.0201,14.02,14.02,14.02,14.02,5
2023-08-31 22:15:00,5183,14.0007,14.02,14.0,14.02,14.0,24
2023-08-31 22:17:00,855,13.9784,13.98,13.96,13.98,13.96,6
2023-08-31 22:18:00,360,13.9631,13.96,13.96,13.96,13.96,2
2023-08-31 22:25:00,774,14.0428,14.0499,14.0499,14.0499,14.0499,4
2023-08-31 22:27:00,200,14.05,14.05,14.05,14.05,14.05,1
2023-08-31 22:37:00,110,14.0281,14.0281,14.0281,14.0281,14.0281,1
2023-08-31 22:45:00,305,14.0124,14.01,14.01,14.01,14.01,6
2023-08-31 22:46:00,440,14.01,14.05,13.9901,14.05,13.9901,3
2023-08-31 22:48:00,7557,14.0972,14.06,14.11,14.11,14.06,16
2023-08-31 22:49:00,379,14.1353,14.15,14.11,14.15,14.11,8
2023-08-31 22:50:00,1000,14.11,14.11,14.11,14.11,14.11,1
2023-08-31 22:52:00,173,14.1583,14.16,14.16,14.16,14.16,6
2023-08-31 22:58:00,186,14.1678,14.17,14.17,14.17,14.17,2
2023-08-31 22:59:00,100,14.14,14.14,14.14,14.14,14.14,1
2023-08-31 23:00:00,312,14.1001,14.1,14.1,14.1,14.1,3
2023-08-31 23:03:00,1002,14.14,14.14,14.14,14.14,14.14,2
2023-08-31 23:05:00,350,14.15,14.15,14.15,14.15,14.15,1
2023-08-31 23:07:00,160,14.1,14.1,14.1,14.1,14.1,2
2023-08-31 23:12:00,266,14.0283,14.03,14.03,14.03,14.03,6
2023-08-31 23:17:00,1181,14.0121,14.03,14.01,14.03,14.0,11
2023-08-31 23:27:00,256,14.0012,14.0,14.0,14.0,14.0,3
2023-08-31 23:30:00,201,14.0498,14.05,14.05,14.05,14.05,4
2023-08-31 23:32:00,102,14.05,14.05,14.05,14.05,14.05,2
2023-08-31 23:33:00,352,14.0399,14.04,14.04,14.04,14.04,3
2023-08-31 23:35:00,1647,14.0,14.0,14.0,14.0,14.0,1
2023-08-31 23:37:00,800,14.01,14.01,14.01,14.01,14.01,1
2023-08-31 23:40:00,115,14.06,14.06,14.06,14.06,14.06,2
2023-08-31 23:41:00,2118,14.0291,14.05,14.01,14.05,14.01,8
2023-08-31 23:44:00,506,14.0007,14.0,14.0,14.0,14.0,2
2023-08-31 23:48:00,100,14.03,14.03,14.03,14.03,14.03,1
2023-08-31 23:50:00,109,14.0593,14.06,14.06,14.06,14.06,3
2023-08-31 23:51:00,642,14.0526,14.05,14.06,14.06,14.05,3
2023-08-31 23:54:00,100,14.06,14.06,14.06,14.06,14.06,1
2023-08-31 23:57:00,180,14.04,14.04,14.04,14.04,14.04,1
2023-08-31 23:58:00,200,14.0423,14.04,14.04,14.04,14.04,2
2023-08-31 23:59:00,2019,14.06,14.06,14.06,14.06,14.06,6
2023-09-01 08:11:00,200,13.97,13.97,13.97,13.97,13.97,1
2023-09-01 08:28:00,107,13.9728,13.97,13.97,13.97,13.97,3
2023-09-01 08:31:00,1624,13.9682,13.96,13.97,13.97,13.96,20
2023-09-01 08:35:00,300,13.97,13.97,13.97,13.97,13.97,1
2023-09-01 08:44:00,125,13.97,13.97,13.97,13.97,13.97,2
2023-09-01 09:01:00,572,14.0064,14.0,14.01,14.01,14.0,9
2023-09-01 09:04:00,740,14.02,14.02,14.02,14.02,14.02,4
2023-09-01 09:09:00,754,14.0494,14.05,14.05,14.05,14.05,5
2023-09-01 09:10:00,932,14.0639,14.06,14.06,14.06,14.06,13
2023-09-01 09:18:00,550,14.0709,14.07,14.07,14.07,14.07,3
2023-09-01 09:20:00,324,14.08,14.08,14.08,14.08,14.08,5
2023-09-01 09:26:00,125,14.0794,14.08,14.08,14.08,14.08,4
2023-09-01 09:27:00,2423,14.0969,14.08,14.12,14.12,14.08,26
2023-09-01 09:29:00,900,14.1256,14.12,14.13,14.13,14.12,7
2023-09-01 09:36:00,1405,14.1104,14.12,14.1,14.13,14.1,18
2023-09-01 09:52:00,118,14.1271,14.13,14.13,14.13,14.13,3
2023-09-01 09:55:00,423,14.1276,14.13,14.12,14.13,14.12,7
2023-09-01 09:58:00,421,14.11,14.11,14.11,14.11,14.11,6
2023-09-01 10:07:00,200,14.11,14.11,14.11,14.11,14.11,2
2023-09-01 10:08:00,105,14.11,14.11,14.11,14.11,14.11,3
2023-09-01 10:09:00,258,14.1098,14.11,14.11,14.11,14.11,7
2023-09-01 10:11:00,1108,14.1261,14.13,14.13,14.13,14.13,12
2023-09-01 10:14:00,305,14.1202,14.1,14.13,14.13,14.1,4
2023-09-01 10:15:00,1952,14.1583,14.13,14.18,14.19,14.13,25
2023-09-01 10:16:00,1208,14.1755,14.18,14.17,14.18,14.17,10
2023-09-01 10:18:00,836,14.1872,14.17,14.2,14.2,14.17,15
2023-09-01 10:19:00,4990,14.2608,14.21,14.29,14.29,14.21,45
2023-09-01 10:20:00,590,14.2881,14.29,14.29,14.29,14.29,8
2023-09-01 10:23:00,754,14.21,14.21,14.21,14.21,14.21,5
2023-09-01 10:24:00,507,14.1808,14.18,14.18,14.18,14.18,7
2023-09-01 10:26:00,210,14.18,14.18,14.18,14.18,14.18,4
2023-09-01 10:38:00,125,14.202,14.2,14.2,14.2,14.2,2
2023-09-01 10:45:00,153,14.2197,14.22,14.22,14.22,14.22,3
2023-09-01 10:46:00,187,14.21,14.21,14.21,14.21,14.21,3
2023-09-01 10:51:00,401,14.21,14.21,14.21,14.21,14.21,3
2023-09-01 10:53:00,502,14.23,14.23,14.23,14.23,14.23,5
2023-09-01 10:54:00,157,14.23,14.23,14.23,14.23,14.23,5
2023-09-01 11:02:00,2141,14.1702,14.17,14.17,14.17,14.17,8
2023-09-01 11:03:00,240,14.1853,14.18,14.18,14.18,14.18,4
2023-09-01 11:04:00,500,14.198,14.2,14.18,14.21,14.18,6
2023-09-01 11:06:00,686,14.1701,14.17,14.17,14.17,14.17,7
2023-09-01 11:09:00,180,14.1569,14.16,14.16,14.16,14.16,5
2023-09-01 11:10:00,153,14.16,14.16,14.16,14.16,14.16,3
2023-09-01 11:11:00,100,14.15,14.15,14.15,14.15,14.15,1
2023-09-01 11:12:00,670,14.1607,14.16,14.16,14.16,14.16,3
2023-09-01 11:17:00,656,14.1933,14.18,14.2,14.2,14.18,8
2023-09-01 11:19:00,433,14.1837,14.18,14.19,14.19,14.18,6
2023-09-01 11:30:00,201,14.16,14.16,14.16,14.16,14.16,2
2023-09-01 11:31:00,2440,14.1594,14.16,14.15,14.16,14.15,5
2023-09-01 11:41:00,727,14.13,14.13,14.13,14.13,14.13,8
2023-09-01 11:44:00,310,14.13,14.13,14.13,14.13,14.13,4
2023-09-01 11:53:00,352,14.1101,14.11,14.11,14.11,14.11,8
2023-09-01 11:55:00,1086,14.0904,14.09,14.09,14.09,14.09,19
2023-09-01 11:56:00,606,14.1,14.1,14.1,14.1,14.1,2
2023-09-01 11:57:00,1300,14.08,14.08,14.08,14.08,14.08,7
2023-09-01 12:00:00,38557,14.1454,14.19,14.0805,14.2,14.07,90
2023-09-01 12:01:00,10817,14.1129,13.9614,14.1114,14.2114,13.9614,166
2023-09-01 12:02:00,6708,14.0657,14.08,14.08,14.08,14.08,62
2023-09-01 12:03:00,1650,13.9832,13.94,14.07,14.08,13.94,77
2023-09-01 12:04:00,255,14.0836,14.09,14.09,14.09,14.09,8
2023-09-01 12:06:00,503,14.093,14.1,14.1,14.1,14.1,9
2023-09-01 12:07:00,459,14.0927,14.0986,14.09,14.0986,14.09,4
2023-09-01 12:09:00,1072,14.0612,14.06,14.06,14.06,14.06,6
2023-09-01 12:11:00,273,14.0614,14.0613,14.0613,14.0613,14.0613,4
2023-09-01 12:12:00,1152,14.0605,14.06,14.06,14.06,14.06,5
2023-09-01 12:13:00,4465,14.0741,14.07,14.0799,14.0799,14.07,7
2023-09-01 12:14:00,574,14.0682,14.07,14.06,14.07,14.06,10
2023-09-01 12:15:00,163,14.0637,14.0608,14.0608,14.0608,14.0608,4
2023-09-01 12:16:00,1287,14.0604,14.06,14.06,14.06,14.06,20
2023-09-01 12:17:00,876,14.0543,14.05,14.07,14.07,14.05,14
2023-09-01 12:18:00,1042,14.0313,14.0301,14.0301,14.0301,14.0301,6
2023-09-01 12:19:00,829,14.0498,14.05,14.05,14.05,14.05,5
2023-09-01 12:20:00,3801,14.0497,14.05,14.05,14.05,14.04,8
2023-09-01 12:22:00,429,14.0441,14.09,14.03,14.09,14.03,3
2023-09-01 12:23:00,738,14.0265,14.03,14.0214,14.03,14.0214,8
2023-09-01 12:24:00,157,14.059,14.06,14.06,14.06,14.06,3
2023-09-01 12:25:00,362,14.0786,14.09,14.09,14.09,14.09,7
2023-09-01 12:29:00,1076,14.049,14.05,14.03,14.05,14.03,6
2023-09-01 12:32:00,204,14.0981,14.0986,14.0986,14.0986,14.0986,2
2023-09-01 12:33:00,146,14.0339,14.03,14.03,14.03,14.03,3
2023-09-01 12:34:00,2431,14.0323,14.0308,14.0314,14.0386,14.03,8
2023-09-01 12:38:00,759,14.0264,14.02,14.0214,14.0214,14.02,11
2023-09-01 12:41:00,207,14.0396,14.0314,14.0314,14.0314,14.0314,7
2023-09-01 12:44:00,2250,14.0322,14.03,14.06,14.06,14.03,5
2023-09-01 12:46:00,1305,14.0324,14.03,14.03,14.05,14.03,26
2023-09-01 12:47:00,645,14.0211,14.02,14.02,14.02,14.02,3
2023-09-01 12:50:00,419,14.0272,14.02,14.02,14.02,14.02,5
2023-09-01 12:51:00,852,14.0219,14.02,14.02,14.02,14.02,24
2023-09-01 12:52:00,5904,14.0101,14.01,14.0101,14.0101,14.01,4
2023-09-01 12:54:00,1227,14.0119,14.0114,14.01,14.0299,14.01,5
2023-09-01 12:55:00,19267,14.0027,14.02,14.0,14.02,14.0,15
2023-09-01 12:56:00,588,14.0007,14.0014,14.0014,14.0014,14.0014,17
2023-09-01 12:57:00,1390,14.0023,14.0,14.01,14.01,14.0,6
2023-09-01 12:58:00,4363,14.001,14.0,14.01,14.01,14.0,9
2023-09-01 12:59:00,484,14.0006,14.0,14.0,14.0014,14.0,8
2023-09-01 13:00:00,3043,14.0069,14.0,14.01,14.01,14.0,7
2023-09-01 13:01:00,915,14.0006,14.0,14.0,14.0,14.0,7
2023-09-01 13:03:00,1935,14.0,14.0,14.0,14.0,14.0,3
2023-09-01 13:04:00,213,14.0014,14.0014,14.0014,14.0014,14.0014,2
2023-09-01 13:06:00,484,14.0062,14.0015,14.0015,14.0015,14.0015,6
2023-09-01 13:07:00,1257,13.9992,14.0,13.99,14.0,13.99,17
2023-09-01 13:08:00,487,13.9737,13.9714,13.9714,13.9714,13.9714,11
2023-09-01 13:09:00,324,13.9705,13.97,13.97,13.97,13.97,11
2023-09-01 13:10:00,1249,13.9914,13.99,13.97,14.0,13.97,15
2023-09-01 13:11:00,990,13.9728,13.97,13.98,13.98,13.97,11
2023-09-01 13:12:00,1097,13.9684,13.97,13.97,13.97,13.97,19
2023-09-01 13:13:00,6591,13.9483,13.94,13.9014,13.97,13.9,50
2023-09-01 13:14:00,791,13.9351,13.94,13.95,13.95,13.9,14
2023-09-01 13:17:00,878,13.976,13.9799,13.9799,13.9799,13.9799,9
2023-09-01 13:20:00,4183,13.9666,13.98,13.95,13.98,13.94,13
2023-09-01 13:21:00,1846,13.9728,13.97,13.97,13.98,13.97,6
2023-09-01 13:22:00,3622,13.9609,13.9701,13.95,13.98,13.95,25
2023-09-01 13:23:00,943,13.944,13.92,13.98,13.98,13.91,11
2023-09-01 13:24:00,461,13.9682,13.98,13.97,13.98,13.97,12
2023-09-01 13:25:00,7845,13.9787,13.97,13.98,13.98,13.97,27
2023-09-01 13:26:00,3941,14.0396,14.02,14.07,14.08,13.99,18
2023-09-01 13:27:00,8365,14.0993,14.099,14.1,14.1,14.099,13
2023-09-01 13:28:00,222,14.0872,14.0986,14.0986,14.0986,14.0986,6
2023-09-01 13:29:00,4293,14.0203,14.05,13.96,14.08,13.96,32
2023-09-01 13:30:00,157608,13.955,13.95,14.005,14.06,13.94,476
2023-09-01 13:31:00,26205,14.032,14.019,14.01,14.06,13.99,198
2023-09-01 13:32:00,80708,13.89,14.01,13.81,14.03,13.8,471
2023-09-01 13:33:00,34239,13.8556,13.8,13.9553,13.9645,13.8,181
2023-09-01 13:34:00,36570,13.8817,13.94,13.87,13.9595,13.8501,113
2023-09-01 13:35:00,38588,13.8973,13.8999,13.895,13.91,13.88,191
2023-09-01 13:36:00,22033,13.8483,13.8833,13.86,13.8833,13.8261,152
2023-09-01 13:37:00,13091,13.8664,13.8586,13.8777,13.879,13.85,86
2023-09-01 13:38:00,13185,13.8492,13.865,13.86,13.8777,13.82,116
2023-09-01 13:39:00,16755,13.9008,13.8656,13.9501,13.96,13.85,87
2023-09-01 13:40:00,27671,13.9053,13.95,13.88,13.965,13.86,212
2023-09-01 13:41:00,16581,13.8798,13.8783,13.89,13.9,13.87,134
2023-09-01 13:42:00,15009,13.9062,13.88,13.95,13.95,13.88,117
2023-09-01 13:43:00,40516,14.0031,13.9401,14.0,14.0413,13.94,236
2023-09-01 13:44:00,43103,14.0548,14.02,14.085,14.1,14.01,207
2023-09-01 13:45:00,22878,14.0637,14.09,14.0215,14.0986,14.02,164
2023-09-01 13:46:00,14426,14.0024,14.02,13.97,14.04,13.97,96
2023-09-01 13:47:00,22461,13.979,13.97,13.99,13.995,13.97,136
2023-09-01 13:48:00,26561,13.9244,13.98,13.935,13.98,13.89,154
2023-09-01 13:49:00,19460,13.9294,13.935,13.93,13.9484,13.9164,112
2023-09-01 13:50:00,21141,13.8966,13.93,13.8662,13.93,13.865,150
2023-09-01 13:51:00,32160,13.8781,13.865,13.88,13.89,13.86,139
2023-09-01 13:52:00,17285,13.9111,13.87,13.92,13.93,13.87,93
2023-09-01 13:53:00,17265,13.9136,13.92,13.9101,13.9386,13.9,112
2023-09-01 13:54:00,10265,13.9257,13.91,13.935,13.94,13.91,56
2023-09-01 13:55:00,3695,13.9134,13.93,13.9,13.93,13.9,69
2023-09-01 13:56:00,41213,13.882,13.8998,13.89,13.8999,13.86,135
2023-09-01 13:57:00,12656,13.9123,13.895,13.925,13.93,13.89,107
2023-09-01 13:58:00,9150,13.9156,13.92,13.9074,13.9298,13.9074,83
2023-09-01 13:59:00,8428,13.9011,13.9,13.9299,13.93,13.88,86
2023-09-01 14:00:00,6383,13.9117,13.92,13.8991,13.92,13.8991,77
2023-09-01 14:01:00,6515,13.8988,13.9,13.89,13.9199,13.885,77
2023-09-01 14:02:00,50271,13.8825,13.9,13.92,13.92,13.86,188
2023-09-01 14:03:00,11938,13.8929,13.922,13.875,13.925,13.875,83
2023-09-01 14:04:00,30236,13.8618,13.875,13.8694,13.875,13.85,186
2023-09-01 14:05:00,25834,13.8777,13.8738,13.821,13.918,13.821,190
2023-09-01 14:06:00,24583,13.8353,13.8208,13.83,13.85,13.82,140
2023-09-01 14:07:00,62958,13.8023,13.83,13.795,13.845,13.78,334
2023-09-01 14:08:00,42654,13.8272,13.78,13.83,13.8436,13.78,179
2023-09-01 14:09:00,16849,13.8154,13.83,13.82,13.8386,13.8008,110
2023-09-01 14:10:00,9155,13.8343,13.82,13.848,13.8499,13.82,84
2023-09-01 14:11:00,10988,13.8368,13.84,13.8566,13.8566,13.82,102
2023-09-01 14:12:00,12841,13.8458,13.859,13.8499,13.86,13.8324,99
2023-09-01 14:13:00,16758,13.8772,13.83,13.8898,13.9,13.83,158
2023-09-01 14:14:00,62132,13.942,13.8983,13.939,13.98,13.8983,269
2023-09-01 14:15:00,27292,13.9294,13.93,13.95,13.98,13.9103,176
2023-09-01 14:16:00,11599,13.9577,13.95,13.9781,13.9786,13.93,89
2023-09-01 14:17:00,7444,13.9397,13.97,13.94,13.97,13.92,83
2023-09-01 14:18:00,1389,13.9588,13.95,13.97,13.97,13.95,35
2023-09-01 14:19:00,15648,13.9772,13.965,13.9976,13.9976,13.96,106
2023-09-01 14:20:00,308630,14.1003,14.0,14.15,14.15,14.0,663
2023-09-01 14:21:00,28036,14.1315,14.141,14.1217,14.16,14.1014,166
2023-09-01 14:22:00,38394,14.1166,14.14,14.1292,14.15,14.1,183
2023-09-01 14:23:00,34442,14.083,14.1299,14.0717,14.1299,14.0615,123
2023-09-01 14:24:00,26587,14.0392,14.0717,14.054,14.0717,14.02,95
2023-09-01 14:25:00,19475,14.0443,14.05,14.0312,14.07,14.01,118
2023-09-01 14:26:00,15815,14.0558,14.03,14.07,14.07,14.03,111
2023-09-01 14:27:00,11879,14.0723,14.07,14.0617,14.08,14.06,133
2023-09-01 14:28:00,23577,14.0803,14.07,14.1,14.105,14.055,140
2023-09-01 14:29:00,23086,14.1299,14.1015,14.1399,14.15,14.1011,153
2023-09-01 14:30:00,27883,14.1395,14.13,14.1497,14.15,14.12,150
2023-09-01 14:31:00,30803,14.1289,14.1442,14.1201,14.145,14.1001,111
2023-09-01 14:32:00,18896,14.1215,14.12,14.12,14.135,14.1102,136
2023-09-01 14:33:00,23018,14.095,14.1186,14.11,14.1186,14.07,126
2023-09-01 14:34:00,15827,14.0954,14.1014,14.1,14.105,14.07,157
2023-09-01 14:35:00,42468,14.1505,14.1,14.18,14.19,14.1,251
2023-09-01 14:36:00,60680,14.2214,14.18,14.26,14.26,14.18,293
2023-09-01 14:37:00,48511,14.2775,14.27,14.28,14.305,14.25,289
2023-09-01 14:38:00,19385,14.3003,14.29,14.3,14.32,14.2829,180
2023-09-01 14:39:00,40759,14.2975,14.31,14.34,14.34,14.27,217
2023-09-01 14:40:00,40773,14.3608,14.34,14.375,14.38,14.33,261
2023-09-01 14:41:00,40567,14.3598,14.3603,14.3608,14.39,14.33,249
2023-09-01 14:42:00,10974,14.3698,14.36,14.3781,14.38,14.36,96
2023-09-01 14:43:00,123395,14.2904,14.3689,14.28,14.379,14.24,595
2023-09-01 14:44:00,47759,14.2939,14.28,14.33,14.33,14.26,226
2023-09-01 14:45:00,14560,14.301,14.32,14.2794,14.33,14.2627,165
2023-09-01 14:46:00,13255,14.2789,14.27,14.31,14.31,14.2601,123
2023-09-01 14:47:00,23573,14.3462,14.3191,14.36,14.38,14.3,153
2023-09-01 14:48:00,28617,14.3716,14.3611,14.3831,14.3831,14.35,164
2023-09-01 14:49:00,7657,14.3557,14.375,14.3484,14.375,14.33,75
2023-09-01 14:50:00,47304,14.2965,14.335,14.3,14.335,14.2804,241
2023-09-01 14:51:00,3411,14.2929,14.3,14.29,14.3096,14.2807,59
2023-09-01 14:52:00,12252,14.297,14.29,14.3,14.315,14.2801,112
2023-09-01 14:53:00,19919,14.3102,14.31,14.301,14.32,14.2901,90
2023-09-01 14:54:00,28845,14.2941,14.3008,14.2999,14.3199,14.29,101
2023-09-01 14:55:00,20613,14.3299,14.29,14.335,14.3499,14.29,137
2023-09-01 14:56:00,33182,14.3556,14.335,14.355,14.37,14.335,200
2023-09-01 14:57:00,26974,14.3175,14.3586,14.31,14.36,14.3,101
2023-09-01 14:58:00,58256,14.2776,14.31,14.2601,14.32,14.25,199
2023-09-01 14:59:00,26478,14.2916,14.2601,14.31,14.32,14.2601,203
2023-09-01 15:00:00,6357,14.3075,14.305,14.3114,14.32,14.3,68
2023-09-01 15:01:00,8143,14.3485,14.32,14.3691,14.37,14.3101,89
2023-09-01 15:02:00,65399,14.4232,14.365,14.46,14.46,14.365,349
2023-09-01 15:03:00,44371,14.461,14.4588,14.4701,14.48,14.4486,223
2023-09-01 15:04:00,54470,14.4778,14.47,14.495,14.5,14.46,288
2023-09-01 15:05:00,106639,14.4992,14.4948,14.4986,14.53,14.47,568
2023-09-01 15:06:00,46991,14.4874,14.4933,14.47,14.51,14.46,295
2023-09-01 15:07:00,58427,14.4782,14.48,14.5,14.5,14.46,189
2023-09-01 15:08:00,35311,14.4816,14.5,14.475,14.505,14.47,133
2023-09-01 15:09:00,46228,14.4802,14.47,14.47,14.5,14.461,179
2023-09-01 15:10:00,93652,14.5256,14.4885,14.51,14.56,14.46,445
2023-09-01 15:11:00,16478,14.5103,14.5192,14.48,14.53,14.48,156
2023-09-01 15:12:00,34757,14.5052,14.4819,14.5,14.5263,14.48,124
2023-09-01 15:13:00,9571,14.4913,14.49,14.4986,14.5,14.48,58
2023-09-01 15:14:00,26060,14.4961,14.4999,14.5109,14.5185,14.48,143
2023-09-01 15:15:00,15521,14.5095,14.515,14.51,14.52,14.5,121
2023-09-01 15:16:00,31335,14.516,14.52,14.48,14.5399,14.475,219
2023-09-01 15:17:00,42567,14.4426,14.49,14.44,14.49,14.43,188
2023-09-01 15:18:00,31755,14.4564,14.4314,14.4228,14.48,14.4205,171
2023-09-01 15:19:00,41044,14.4049,14.4386,14.41,14.4386,14.37,170
2023-09-01 15:20:00,14118,14.4281,14.41,14.42,14.4488,14.41,83
2023-09-01 15:21:00,10906,14.4242,14.42,14.405,14.4499,14.4,102
2023-09-01 15:22:00,8393,14.4292,14.4144,14.46,14.46,14.41,55
2023-09-01 15:23:00,55916,14.5137,14.44,14.5252,14.5499,14.44,304
2023-09-01 15:24:00,113724,14.5534,14.535,14.5885,14.6,14.52,253
2023-09-01 15:25:00,106605,14.6012,14.57,14.6485,14.6492,14.56,280
2023-09-01 15:26:00,36370,14.6158,14.64,14.6385,14.64,14.5815,180
2023-09-01 15:27:00,29786,14.6405,14.6215,14.66,14.67,14.62,188
2023-09-01 15:28:00,37754,14.671,14.6667,14.6899,14.69,14.65,246
2023-09-01 15:29:00,25645,14.6676,14.6715,14.67,14.69,14.645,221
2023-09-01 15:30:00,41765,14.6883,14.675,14.68,14.71,14.67,225
2023-09-01 15:31:00,80101,14.7341,14.6809,14.76,14.77,14.6809,385
2023-09-01 15:32:00,59103,14.7695,14.76,14.755,14.7988,14.75,374
2023-09-01 15:33:00,79277,14.758,14.7583,14.7614,14.78,14.73,324
2023-09-01 15:34:00,41573,14.7829,14.7692,14.79,14.795,14.75,264
2023-09-01 15:35:00,95014,14.7664,14.79,14.755,14.8,14.72,521
2023-09-01 15:36:00,66001,14.8321,14.7589,14.8799,14.88,14.7532,483
2023-09-01 15:37:00,80953,14.8854,14.8773,14.915,14.92,14.835,549
2023-09-01 15:38:00,61455,14.9005,14.92,14.891,14.94,14.86,376
2023-09-01 15:39:00,199998,14.9545,14.885,14.9662,14.99,14.885,706
2023-09-01 15:40:00,89464,14.8994,14.98,14.8901,14.98,14.85,573
2023-09-01 15:41:00,42520,14.8953,14.8801,14.91,14.93,14.88,237
2023-09-01 15:42:00,54496,14.8702,14.91,14.85,14.92,14.85,252
2023-09-01 15:43:00,89421,14.8509,14.85,14.8826,14.9,14.8111,375
2023-09-01 15:44:00,53928,14.9103,14.9,14.875,14.94,14.8641,310
2023-09-01 15:45:00,19587,14.8548,14.8769,14.8699,14.88,14.82,156
2023-09-01 15:46:00,20575,14.8599,14.88,14.84,14.8999,14.84,171
2023-09-01 15:47:00,67050,14.8047,14.83,14.79,14.8385,14.79,321
2023-09-01 15:48:00,139795,14.7134,14.78,14.7115,14.79,14.67,809
2023-09-01 15:49:00,63052,14.721,14.72,14.74,14.755,14.68,301
2023-09-01 15:50:00,112409,14.7843,14.74,14.8015,14.82,14.74,412
2023-09-01 15:51:00,91288,14.8784,14.81,14.9,14.92,14.81,431
2023-09-01 15:52:00,69747,14.9321,14.92,14.92,14.9799,14.8804,365
2023-09-01 15:53:00,35077,14.9265,14.94,14.94,14.95,14.91,231
2023-09-01 15:54:00,46038,14.9252,14.94,14.9492,14.9492,14.89,190
2023-09-01 15:55:00,63005,14.9604,14.9357,14.9401,14.98,14.93,281
2023-09-01 15:56:00,45069,14.9441,14.9479,14.95,14.97,14.92,277
2023-09-01 15:57:00,23940,14.9439,14.9599,14.945,14.96,14.92,127
2023-09-01 15:58:00,10139,14.9328,14.94,14.94,14.9499,14.93,93
2023-09-01 15:59:00,183177,15.0156,14.95,15.07,15.07,14.95,861
2023-09-01 16:00:00,115137,15.0969,15.0515,15.1299,15.13,15.05,613
2023-09-01 16:01:00,69297,15.0749,15.1299,15.09,15.1299,15.05,431
2023-09-01 16:02:00,51077,15.1238,15.0911,15.1312,15.15,15.0856,370
2023-09-01 16:03:00,58026,15.1153,15.13,15.1177,15.1485,15.08,330
2023-09-01 16:04:00,120502,15.1086,15.13,15.15,15.15,15.06,504
2023-09-01 16:05:00,62678,15.1647,15.15,15.179,15.18,15.14,403
2023-09-01 16:06:00,68877,15.1595,15.1782,15.1068,15.2,15.1068,473
2023-09-01 16:07:00,56361,15.088,15.115,15.0885,15.13,15.06,329
2023-09-01 16:08:00,27699,15.0788,15.07,15.09,15.1,15.06,220
2023-09-01 16:09:00,73232,15.0884,15.095,15.14,15.14,15.04,400
2023-09-01 16:10:00,106399,15.1971,15.15,15.23,15.23,15.1472,443
2023-09-01 16:11:00,50254,15.2157,15.225,15.2114,15.23,15.2,250
2023-09-01 16:12:00,102154,15.228,15.2113,15.21,15.26,15.2035,516
2023-09-01 16:13:00,42866,15.1924,15.22,15.15,15.23,15.15,312
2023-09-01 16:14:00,61228,15.1664,15.168,15.18,15.2,15.14,335
2023-09-01 16:15:00,21020,15.1731,15.19,15.17,15.19,15.16,170
2023-09-01 16:16:00,29404,15.143,15.165,15.16,15.1699,15.12,205
2023-09-01 16:17:00,16697,15.1614,15.1525,15.155,15.17,15.1515,140
2023-09-01 16:18:00,49628,15.1229,15.15,15.16,15.16,15.11,226
2023-09-01 16:19:00,143593,15.0996,15.165,15.03,15.1897,15.03,419
2023-09-01 16:20:00,70888,15.054,15.05,15.04,15.0801,15.03,333
2023-09-01 16:21:00,37279,15.0621,15.0585,15.04,15.08,15.04,166
2023-09-01 16:22:00,153304,15.0057,15.05,15.02,15.05,14.98,433
2023-09-01 16:23:00,38937,15.0118,15.0001,15.0213,15.03,14.99,181
2023-09-01 16:24:00,31950,15.0107,15.025,15.0001,15.029,15.0,144
2023-09-01 16:25:00,37711,15.0224,15.005,15.0,15.06,14.99,238
2023-09-01 16:26:00,58341,14.9761,15.005,14.975,15.02,14.94,245
2023-09-01 16:27:00,36495,15.0029,14.98,15.02,15.03,14.9795,210
2023-09-01 16:28:00,13821,15.0414,15.02,15.0524,15.0584,15.02,93
2023-09-01 16:29:00,24802,15.0295,15.05,15.01,15.06,14.9994,134
2023-09-01 16:30:00,14252,15.0046,15.0,15.0182,15.02,14.99,110
2023-09-01 16:31:00,32612,15.0368,15.01,15.0505,15.0699,15.005,132
2023-09-01 16:32:00,18614,15.0526,15.055,15.0501,15.07,15.0415,131
2023-09-01 16:33:00,37888,15.0467,15.05,15.015,15.0584,15.015,151
2023-09-01 16:34:00,74703,15.0069,15.02,15.05,15.0555,14.96,446
2023-09-01 16:35:00,64153,15.116,15.035,15.15,15.1592,15.035,350
2023-09-01 16:36:00,71220,15.1336,15.145,15.12,15.17,15.1,269
2023-09-01 16:37:00,26330,15.1461,15.12,15.15,15.16,15.12,169
2023-09-01 16:38:00,28245,15.1434,15.1597,15.135,15.16,15.1201,128
2023-09-01 16:39:00,95733,15.0658,15.1399,15.055,15.1399,15.03,439
2023-09-01 16:40:00,41909,15.0959,15.06,15.1,15.14,15.05,247
2023-09-01 16:41:00,41216,15.121,15.12,15.15,15.15,15.09,171
2023-09-01 16:42:00,37911,15.0897,15.15,15.0641,15.15,15.06,240
2023-09-01 16:43:00,6647,15.0863,15.0801,15.095,15.105,15.06,95
2023-09-01 16:44:00,21701,15.0991,15.11,15.08,15.12,15.08,228
2023-09-01 16:45:00,21360,15.0762,15.08,15.1,15.1,15.0514,174
2023-09-01 16:46:00,13139,15.095,15.11,15.109,15.11,15.08,105
2023-09-01 16:47:00,17182,15.0958,15.1,15.095,15.11,15.09,109
2023-09-01 16:48:00,54933,15.0462,15.0987,15.07,15.1,15.01,342
2023-09-01 16:49:00,37407,15.0465,15.08,15.04,15.08,15.03,165
2023-09-01 16:50:00,25228,15.0175,15.03,15.0106,15.0325,15.01,120
2023-09-01 16:51:00,91769,14.9758,15.015,14.97,15.02,14.94,238
2023-09-01 16:52:00,30083,14.9923,14.9764,15.02,15.02,14.97,136
2023-09-01 16:53:00,27623,14.9944,15.0215,15.01,15.0215,14.97,147
2023-09-01 16:54:00,48992,14.9696,15.0,15.0,15.0,14.93,170
2023-09-01 16:55:00,39304,15.0148,14.9834,15.04,15.05,14.98,175
2023-09-01 16:56:00,14761,15.0317,15.04,15.01,15.05,15.01,91
2023-09-01 16:57:00,31552,15.0007,15.0001,14.99,15.02,14.98,136
2023-09-01 16:58:00,18768,14.9991,15.0,14.992,15.01,14.9901,122
2023-09-01 16:59:00,9753,15.0058,15.0,15.015,15.0188,14.99,81
2023-09-01 17:00:00,28066,15.0345,15.015,15.025,15.05,15.015,144
2023-09-01 17:01:00,13044,14.9892,15.025,14.98,15.025,14.9717,117
2023-09-01 17:02:00,31006,14.9636,14.9798,14.955,14.9799,14.95,121
2023-09-01 17:03:00,137972,14.8977,14.955,14.905,14.96,14.84,752
2023-09-01 17:04:00,13408,14.919,14.9,14.92,14.94,14.9,110
2023-09-01 17:05:00,31495,14.9383,14.925,14.9398,14.96,14.92,126
2023-09-01 17:06:00,15979,14.9399,14.9389,14.925,14.95,14.92,135
2023-09-01 17:07:00,9587,14.9318,14.925,14.935,14.94,14.9217,62
2023-09-01 17:08:00,27443,14.955,14.935,14.98,14.98,14.93,133
2023-09-01 17:09:00,14670,14.9781,14.98,14.975,14.99,14.9735,110
2023-09-01 17:10:00,19280,14.9898,14.98,15.025,15.025,14.97,98
2023-09-01 17:11:00,30128,15.0352,15.03,15.059,15.06,15.02,107
2023-09-01 17:12:00,12094,15.0581,15.055,15.0504,15.065,15.05,73
2023-09-01 17:13:00,33238,15.0742,15.0584,15.0999,15.11,15.035,246
2023-09-01 17:14:00,41551,15.1326,15.0988,15.15,15.15,15.0988,170
2023-09-01 17:15:00,48738,15.155,15.14,15.1693,15.17,15.13,294
2023-09-01 17:16:00,71216,15.1879,15.17,15.18,15.2085,15.17,414
2023-09-01 17:17:00,12294,15.183,15.179,15.179,15.2,15.1701,120
2023-09-01 17:18:00,10331,15.1811,15.1799,15.19,15.19,15.17,113
2023-09-01 17:19:00,21424,15.1834,15.18,15.165,15.2,15.165,157
2023-09-01 17:20:00,35442,15.1408,15.165,15.14,15.17,15.12,187
2023-09-01 17:21:00,42778,15.1477,15.14,15.1401,15.165,15.1321,175
2023-09-01 17:22:00,20479,15.1455,15.14,15.1504,15.1504,15.14,59
2023-09-01 17:23:00,10166,15.1577,15.16,15.1511,15.165,15.1507,51
2023-09-01 17:24:00,25018,15.154,15.155,15.155,15.1599,15.15,104
2023-09-01 17:25:00,13844,15.1291,15.15,15.13,15.15,15.1108,128
2023-09-01 17:26:00,88054,15.1424,15.135,15.15,15.15,15.1133,169
2023-09-01 17:27:00,13521,15.1553,15.1519,15.165,15.165,15.14,129
2023-09-01 17:28:00,36938,15.1874,15.165,15.18,15.1999,15.16,171
2023-09-01 17:29:00,11356,15.17,15.18,15.15,15.19,15.15,115
2023-09-01 17:30:00,14477,15.144,15.1505,15.135,15.1589,15.13,133
2023-09-01 17:31:00,23572,15.1446,15.135,15.13,15.16,15.1202,119
2023-09-01 17:32:00,19641,15.1212,15.1396,15.1088,15.1396,15.1,92
2023-09-01 17:33:00,23627,15.1229,15.105,15.1182,15.14,15.105,105
2023-09-01 17:34:00,14390,15.1037,15.1199,15.11,15.1199,15.09,90
2023-09-01 17:35:00,10780,15.1269,15.12,15.14,15.14,15.12,83
2023-09-01 17:36:00,133760,15.2047,15.14,15.265,15.27,15.14,471
2023-09-01 17:37:00,15318,15.2688,15.265,15.275,15.28,15.26,145
2023-09-01 17:38:00,26843,15.2532,15.2714,15.2405,15.2786,15.24,137
2023-09-01 17:39:00,15103,15.2313,15.245,15.23,15.249,15.2,141
2023-09-01 17:40:00,67883,15.2749,15.24,15.27,15.29,15.24,227
2023-09-01 17:41:00,14743,15.2534,15.265,15.25,15.27,15.25,84
2023-09-01 17:42:00,16716,15.286,15.265,15.295,15.3,15.265,144
2023-09-01 17:43:00,137198,15.3377,15.29,15.36,15.39,15.29,566
2023-09-01 17:44:00,79249,15.3375,15.365,15.33,15.39,15.3,422
2023-09-01 17:45:00,30500,15.3353,15.33,15.35,15.36,15.32,244
2023-09-01 17:46:00,32388,15.3465,15.36,15.3192,15.36,15.31,217
2023-09-01 17:47:00,22424,15.3298,15.3285,15.32,15.34,15.315,143
2023-09-01 17:48:00,69018,15.2623,15.3199,15.23,15.3199,15.23,269
2023-09-01 17:49:00,93874,15.2204,15.2256,15.2346,15.25,15.19,277
2023-09-01 17:50:00,66066,15.2782,15.24,15.27,15.31,15.24,268
2023-09-01 17:51:00,61883,15.2619,15.28,15.255,15.319,15.22,232
2023-09-01 17:52:00,34979,15.2253,15.26,15.2,15.27,15.18,190
2023-09-01 17:53:00,32779,15.2343,15.205,15.26,15.27,15.205,232
2023-09-01 17:54:00,18700,15.2391,15.26,15.21,15.27,15.21,149
2023-09-01 17:55:00,69658,15.2229,15.2,15.23,15.25,15.18,186
2023-09-01 17:56:00,5340,15.215,15.2358,15.22,15.2358,15.21,55
2023-09-01 17:57:00,41947,15.1845,15.215,15.18,15.225,15.16,191
2023-09-01 17:58:00,15624,15.1736,15.17,15.1709,15.1869,15.16,96
2023-09-01 17:59:00,36217,15.1636,15.1728,15.171,15.18,15.1541,179
2023-09-01 18:00:00,14083,15.192,15.18,15.1715,15.2,15.17,91
2023-09-01 18:01:00,19342,15.1425,15.18,15.1201,15.18,15.12,170
2023-09-01 18:02:00,21458,15.1122,15.13,15.12,15.13,15.091,201
2023-09-01 18:03:00,21086,15.1122,15.11,15.1285,15.1285,15.105,89
2023-09-01 18:04:00,35181,15.1101,15.125,15.095,15.15,15.09,182
2023-09-01 18:05:00,18735,15.1071,15.095,15.1032,15.13,15.095,127
2023-09-01 18:06:00,21146,15.1034,15.11,15.09,15.1383,15.08,175
2023-09-01 18:07:00,63447,15.0719,15.095,15.06,15.0988,15.06,384
2023-09-01 18:08:00,37912,15.1184,15.06,15.18,15.18,15.06,207
2023-09-01 18:09:00,10186,15.1696,15.1775,15.15,15.18,15.15,91
2023-09-01 18:10:00,18924,15.1413,15.145,15.14,15.17,15.12,148
2023-09-01 18:11:00,15298,15.1306,15.1219,15.13,15.14,15.1212,65
2023-09-01 18:12:00,6246,15.1375,15.14,15.139,15.15,15.135,51
2023-09-01 18:13:00,12467,15.1547,15.135,15.17,15.17,15.135,96
2023-09-01 18:14:00,26645,15.1678,15.17,15.18,15.18,15.16,170
2023-09-01 18:15:00,12414,15.1711,15.18,15.18,15.18,15.16,114
2023-09-01 18:16:00,22819,15.1819,15.19,15.17,15.2,15.16,156
2023-09-01 18:17:00,17563,15.1417,15.17,15.1215,15.17,15.105,124
2023-09-01 18:18:00,7221,15.1293,15.12,15.135,15.135,15.12,73
2023-09-01 18:19:00,12608,15.1405,15.14,15.145,15.155,15.13,96
2023-09-01 18:20:00,10184,15.1141,15.1415,15.08,15.15,15.08,122
2023-09-01 18:21:00,26803,15.0701,15.085,15.0793,15.09,15.06,196
2023-09-01 18:22:00,8516,15.0873,15.08,15.081,15.09,15.08,45
2023-09-01 18:23:00,41194,15.1109,15.0899,15.092,15.14,15.0899,292
2023-09-01 18:24:00,14361,15.0673,15.09,15.0711,15.09,15.06,127
2023-09-01 18:25:00,6385,15.0702,15.08,15.0698,15.08,15.06,103
2023-09-01 18:26:00,18876,15.0623,15.065,15.075,15.075,15.05,149
2023-09-01 18:27:00,38270,15.084,15.075,15.085,15.11,15.0619,186
2023-09-01 18:28:00,6415,15.0985,15.09,15.113,15.1199,15.085,65
2023-09-01 18:29:00,19359,15.0944,15.12,15.12,15.12,15.085,151
2023-09-01 18:30:00,34346,15.1011,15.115,15.11,15.125,15.09,203
2023-09-01 18:31:00,8482,15.1265,15.1,15.15,15.15,15.1,98
2023-09-01 18:32:00,20390,15.1333,15.14,15.1406,15.15,15.11,190
2023-09-01 18:33:00,6017,15.1259,15.14,15.13,15.14,15.1201,48
2023-09-01 18:34:00,5187,15.0984,15.12,15.075,15.12,15.075,79
2023-09-01 18:35:00,140137,15.0172,15.07,14.98,15.07,14.9601,646
2023-09-01 18:36:00,27369,14.9834,14.975,14.985,14.99,14.97,140
2023-09-01 18:37:00,52324,14.979,14.9801,15.01,15.0167,14.97,228
2023-09-01 18:38:00,21007,15.0223,15.0199,15.03,15.04,15.0001,153
2023-09-01 18:39:00,23911,15.0263,15.03,15.0101,15.0456,15.0101,159
2023-09-01 18:40:00,20339,14.9971,15.01,14.98,15.0105,14.972,204
2023-09-01 18:41:00,21863,14.9962,14.99,15.0094,15.02,14.98,148
2023-09-01 18:42:00,6774,15.0137,15.0,15.019,15.02,14.9915,79
2023-09-01 18:43:00,11759,15.0361,15.02,15.0388,15.05,15.02,115
2023-09-01 18:44:00,1362,15.0372,15.0389,15.035,15.04,15.035,24
2023-09-01 18:45:00,13612,15.0384,15.04,15.0245,15.05,15.02,110
2023-09-01 18:46:00,8818,15.0278,15.025,15.0453,15.05,15.02,62
2023-09-01 18:47:00,37490,15.0901,15.0497,15.122,15.125,15.0497,187
2023-09-01 18:48:00,18688,15.1202,15.13,15.1325,15.1325,15.11,171
2023-09-01 18:49:00,4204,15.1254,15.13,15.1242,15.13,15.12,38
2023-09-01 18:50:00,10277,15.1061,15.13,15.09,15.13,15.09,84
2023-09-01 18:51:00,11511,15.0747,15.095,15.085,15.095,15.06,92
2023-09-01 18:52:00,6202,15.0866,15.085,15.07,15.09,15.07,85
2023-09-01 18:53:00,8802,15.0527,15.065,15.06,15.065,15.04,73
2023-09-01 18:54:00,14041,15.0642,15.06,15.075,15.08,15.055,93
2023-09-01 18:55:00,5259,15.0771,15.08,15.07,15.085,15.0615,77
2023-09-01 18:56:00,12334,15.0694,15.065,15.06,15.09,15.05,163
2023-09-01 18:57:00,12518,15.0782,15.06,15.09,15.09,15.06,152
2023-09-01 18:58:00,14767,15.0953,15.09,15.115,15.115,15.081,97
2023-09-01 18:59:00,14133,15.1195,15.115,15.12,15.135,15.11,126
2023-09-01 19:00:00,10188,15.1322,15.13,15.14,15.14,15.12,116
2023-09-01 19:01:00,30735,15.1483,15.1399,15.17,15.17,15.13,268
2023-09-01 19:02:00,19724,15.1702,15.18,15.1787,15.18,15.16,166
2023-09-01 19:03:00,22334,15.1601,15.175,15.1488,15.18,15.14,144
2023-09-01 19:04:00,53293,15.1111,15.14,15.1257,15.145,15.1,269
2023-09-01 19:05:00,30674,15.0921,15.12,15.05,15.12,15.05,231
2023-09-01 19:06:00,12480,15.0647,15.05,15.09,15.09,15.05,132
2023-09-01 19:07:00,11567,15.0882,15.085,15.0899,15.09,15.0805,84
2023-09-01 19:08:00,17724,15.0711,15.08,15.045,15.09,15.0423,127
2023-09-01 19:09:00,15187,15.0448,15.045,15.05,15.055,15.035,164
2023-09-01 19:10:00,5258,15.0528,15.05,15.059,15.06,15.05,78
2023-09-01 19:11:00,21302,15.0717,15.0505,15.09,15.09,15.0505,160
2023-09-01 19:12:00,8336,15.0805,15.09,15.08,15.09,15.07,74
2023-09-01 19:13:00,8554,15.0958,15.08,15.1,15.1,15.08,83
2023-09-01 19:14:00,15022,15.0635,15.1,15.065,15.1,15.04,150
2023-09-01 19:15:00,11357,15.0843,15.0796,15.1,15.1,15.07,91
2023-09-01 19:16:00,13968,15.0832,15.0899,15.08,15.09,15.075,121
2023-09-01 19:17:00,9503,15.0906,15.08,15.0904,15.0985,15.08,82
2023-09-01 19:18:00,16056,15.0733,15.095,15.0633,15.0964,15.05,154
2023-09-01 19:19:00,7354,15.0815,15.0775,15.095,15.095,15.07,87
2023-09-01 19:20:00,26814,15.108,15.095,15.12,15.13,15.095,236
2023-09-01 19:21:00,10118,15.0971,15.115,15.0802,15.115,15.08,100
2023-09-01 19:22:00,7168,15.0995,15.09,15.1,15.11,15.09,112
2023-09-01 19:23:00,20112,15.1183,15.1,15.13,15.13,15.1,144
2023-09-01 19:24:00,18258,15.1299,15.13,15.122,15.15,15.12,149
2023-09-01 19:25:00,8795,15.1147,15.12,15.105,15.12,15.1,127
2023-09-01 19:26:00,15938,15.1028,15.105,15.101,15.105,15.1,132
2023-09-01 19:27:00,17326,15.1054,15.105,15.11,15.115,15.099,162
2023-09-01 19:28:00,14514,15.1192,15.12,15.12,15.135,15.105,157
2023-09-01 19:29:00,22485,15.0932,15.1295,15.06,15.1295,15.06,189
2023-09-01 19:30:00,36625,15.1031,15.06,15.12,15.13,15.06,322
2023-09-01 19:31:00,13615,15.1252,15.125,15.125,15.135,15.12,143
2023-09-01 19:32:00,41413,15.1394,15.13,15.1211,15.16,15.1191,376
2023-09-01 19:33:00,30938,15.14,15.125,15.1567,15.1567,15.125,171
2023-09-01 19:34:00,25563,15.1418,15.145,15.15,15.155,15.13,208
2023-09-01 19:35:00,3562,15.133,15.15,15.12,15.15,15.12,62
2023-09-01 19:36:00,13700,15.1036,15.12,15.1092,15.12,15.095,173
2023-09-01 19:37:00,12279,15.0958,15.105,15.0886,15.11,15.08,126
2023-09-01 19:38:00,63100,15.0582,15.08,15.0595,15.08,15.03,420
2023-09-01 19:39:00,36589,15.077,15.0599,15.085,15.1,15.05,243
2023-09-01 19:40:00,47299,15.0722,15.09,15.07,15.09,15.055,400
2023-09-01 19:41:00,21045,15.0757,15.07,15.071,15.085,15.07,183
2023-09-01 19:42:00,16177,15.0876,15.07,15.0964,15.1,15.07,114
2023-09-01 19:43:00,14746,15.0892,15.09,15.095,15.0987,15.08,129
2023-09-01 19:44:00,27566,15.0848,15.095,15.08,15.095,15.07,243
2023-09-01 19:45:00,21273,15.0922,15.0718,15.105,15.108,15.0718,197
2023-09-01 19:46:00,21376,15.0987,15.101,15.08,15.115,15.08,194
2023-09-01 19:47:00,12437,15.0898,15.09,15.095,15.1,15.08,143
2023-09-01 19:48:00,17598,15.1012,15.095,15.11,15.11,15.095,129
2023-09-01 19:49:00,17465,15.1001,15.105,15.09,15.105,15.09,191
2023-09-01 19:50:00,24727,15.0963,15.1,15.0805,15.105,15.08,241
2023-09-01 19:51:00,146390,15.0458,15.085,15.06,15.09,15.01,1052
2023-09-01 19:52:00,41467,15.0498,15.06,15.05,15.065,15.04,340
2023-09-01 19:53:00,49330,15.0445,15.06,15.045,15.06,15.035,383
2023-09-01 19:54:00,59803,15.051,15.042,15.0487,15.06,15.04,405
2023-09-01 19:55:00,70871,15.0542,15.045,15.0447,15.07,15.04,437
2023-09-01 19:56:00,111875,15.0467,15.045,15.045,15.06,15.04,744
2023-09-01 19:57:00,166707,15.0377,15.04,15.025,15.0579,15.011,725
2023-09-01 19:58:00,95494,15.0305,15.02,15.05,15.05,15.015,657
2023-09-01 19:59:00,248380,15.044,15.05,15.05,15.06,15.0,1183
2023-09-01 20:00:00,7115,15.0819,15.05,15.02,15.1,15.02,18
2023-09-01 20:01:00,2119,15.0401,15.04,15.04,15.04,15.04,26
2023-09-01 20:02:00,567,15.04,15.04,15.04,15.04,15.04,4
2023-09-01 20:03:00,1717,15.0163,15.0291,15.01,15.0291,15.01,8
2023-09-01 20:04:00,876,15.001,15.0006,15.0006,15.0006,15.0006,5
2023-09-01 20:06:00,1972,15.0022,15.01,15.0,15.01,15.0,18
2023-09-01 20:07:00,586,15.0057,15.01,15.0,15.01,15.0,7
2023-09-01 20:08:00,2116,15.0056,15.0,15.02,15.02,15.0,10
2023-09-01 20:09:00,796,15.0304,15.03,15.0315,15.0315,15.03,3
2023-09-01 20:10:00,1202,15.0909,15.0897,15.1,15.1,15.0897,5
2023-09-01 20:11:00,1120,15.08,15.08,15.08,15.08,15.08,3
2023-09-01 20:13:00,36799,14.7162,15.03,14.51,15.03,14.42,197
2023-09-01 20:14:00,1822,14.7012,14.51,14.7,14.75,14.51,12
2023-09-01 20:15:00,3075,14.6767,14.68,14.65,14.71,14.65,27
2023-09-01 20:16:00,11617,14.485,14.61,14.45,14.61,14.42,72
2023-09-01 20:17:00,5049,14.4896,14.45,14.65,14.69,14.42,35
2023-09-01 20:18:00,7959,14.6149,14.64,14.64,14.66,14.45,48
2023-09-01 20:19:00,978,14.5886,14.6,14.57,14.74,14.466,18
2023-09-01 20:20:00,6825,14.6803,14.6,14.65,14.7,14.6,37
2023-09-01 20:21:00,2039,14.6772,14.65,14.83,14.83,14.65,14
2023-09-01 20:22:00,1881,14.7347,14.79,14.76,14.79,14.71,14
2023-09-01 20:23:00,1946,14.7608,14.75,14.78,14.78,14.75,17
2023-09-01 20:24:00,628,14.8023,14.78,14.83,14.83,14.78,13
2023-09-01 20:25:00,1057,14.7788,14.78,14.77,14.78,14.77,17
2023-09-01 20:26:00,492,14.8089,14.8,14.815,14.815,14.8,13
2023-09-01 20:28:00,916,14.8464,14.83,14.84,14.84,14.83,10
2023-09-01 20:30:00,667,14.8751,14.87,14.91,14.91,14.84,10
2023-09-01 20:31:00,1584,14.8952,14.9,14.89,14.9,14.89,10
2023-09-01 20:32:00,624,14.8809,14.87,14.89,14.89,14.87,14
2023-09-01 20:33:00,1252,14.8931,14.9,14.9,14.9,14.89,14
2023-09-01 20:34:00,2211,14.9736,14.96,14.98,14.98,14.96,14
2023-09-01 20:35:00,3620,14.984,14.9819,14.98,14.99,14.98,21
2023-09-01 20:36:00,251,14.97,14.97,14.97,14.97,14.97,5
2023-09-01 20:38:00,880,14.9425,14.94,14.9591,14.9591,14.93,11
2023-09-01 20:39:00,830,14.96,14.96,14.96,14.96,14.96,36
2023-09-01 20:40:00,319,14.9642,14.97,14.97,14.97,14.97,23
2023-09-01 20:41:00,209,14.9777,14.979,14.979,14.979,14.979,4
2023-09-01 20:42:00,503,14.976,14.97,14.98,14.98,14.97,6
2023-09-01 20:44:00,410,14.96,14.96,14.96,14.96,14.96,4
2023-09-01 20:46:00,7202,14.9756,14.95,15.0,15.0,14.95,25
2023-09-01 20:47:00,1203,15.0365,15.0,15.0,15.0,15.0,4
2023-09-01 20:50:00,140,14.9557,14.96,14.96,14.96,14.96,4
2023-09-01 20:57:00,1232,14.9838,14.988,14.95,14.99,14.95,12
2023-09-01 20:58:00,175,14.9714,14.965,14.965,14.965,14.965,4
2023-09-01 20:59:00,100,14.965,14.965,14.965,14.965,14.965,1
2023-09-01 21:01:00,5027,14.9413,14.965,14.93,14.965,14.93,28
2023-09-01 21:05:00,313,14.94,14.94,14.94,14.94,14.94,2
2023-09-01 21:06:00,140,14.96,14.96,14.96,14.96,14.96,1
2023-09-01 21:08:00,319,14.9787,14.98,14.98,14.98,14.98,8
2023-09-01 21:09:00,426,14.9801,14.98,14.98,14.98,14.98,8
2023-09-01 21:10:00,530,14.98,14.98,14.98,14.98,14.98,8
2023-09-01 21:11:00,793,14.9909,14.98,15.0,15.0,14.98,9
2023-09-01 21:12:00,125,14.987,14.9813,14.9813,14.9813,14.9813,2
2023-09-01 21:14:00,1519,15.0291,15.0292,15.0289,15.0292,15.0289,4
2023-09-01 21:15:00,811,14.9838,14.99,14.98,14.99,14.98,6
2023-09-01 21:16:00,494,14.9796,14.99,14.98,14.99,14.98,7
2023-09-01 21:17:00,542,15.03,15.03,15.03,15.03,15.03,1
2023-09-01 21:18:00,100,14.98,14.98,14.98,14.98,14.98,1
2023-09-01 21:21:00,263,15.0,15.0,15.0,15.0,15.0,3
2023-09-01 21:23:00,147,14.9872,14.9815,14.9815,14.9815,14.9815,4
2023-09-01 21:24:00,200,14.98,14.98,14.98,14.98,14.98,2
2023-09-01 21:25:00,2138,14.98,14.98,14.98,14.98,14.98,15
2023-09-01 21:26:00,1603,14.896,14.88,14.9012,14.95,14.88,11
2023-09-01 21:27:00,601,14.9807,14.99,14.99,14.99,14.99,3
2023-09-01 21:28:00,10870,14.8089,14.98,14.89,14.99,14.61,82
2023-09-01 21:29:00,4869,14.7192,14.77,14.75,14.77,14.68,38
2023-09-01 21:30:00,531,14.723,14.75,14.7,14.75,14.7,13
2023-09-01 21:31:00,2911,14.696,14.7,14.7,14.7,14.69,8
2023-09-01 21:32:00,434,14.7207,14.73,14.73,14.73,14.73,5
2023-09-01 21:33:00,217,14.7283,14.7297,14.7297,14.7297,14.7297,4
2023-09-01 21:34:00,706,14.73,14.73,14.73,14.73,14.73,4
2023-09-01 21:35:00,602,14.73,14.73,14.73,14.73,14.73,3
2023-09-01 21:36:00,1833,14.7198,14.75,14.7,14.75,14.7,10
2023-09-01 21:37:00,12614,14.6627,14.68,14.65,14.75,14.65,10
2023-09-01 21:38:00,4146,14.6349,14.6512,14.65,14.6512,14.6,33
2023-09-01 21:39:00,1827,14.6476,14.65,14.6486,14.65,14.61,7
2023-09-01 21:41:00,1104,14.6023,14.6,14.6,14.6,14.6,10
2023-09-01 21:42:00,2642,14.5262,14.55,14.5,14.55,14.5,19
2023-09-01 21:43:00,575,14.5575,14.56,14.55,14.56,14.55,6
2023-09-01 21:44:00,8407,14.4919,14.52,14.45,14.52,14.45,42
2023-09-01 21:45:00,2597,14.4485,14.45,14.45,14.45,14.44,18
2023-09-01 21:46:00,3627,14.4868,14.47,14.5,14.5,14.45,14
2023-09-01 21:47:00,522,14.5433,14.55,14.55,14.55,14.55,9
2023-09-01 21:48:00,2298,14.522,14.5,14.5,14.55,14.5,15
2023-09-01 21:49:00,1136,14.5323,14.51,14.45,14.55,14.45,20
2023-09-01 21:50:00,405,14.55,14.55,14.55,14.55,14.55,4
2023-09-01 21:52:00,2422,14.6143,14.58,14.6,14.72,14.58,13
2023-09-01 21:53:00,21964,14.432,14.69,14.6,14.69,14.4,86
2023-09-01 21:54:00,200,14.453,14.5,14.5,14.5,14.5,3
2023-09-01 21:55:00,1669,14.4634,14.4887,14.4881,14.49,14.44,12
2023-09-01 21:56:00,1094,14.4297,14.44,14.4,14.49,14.4,22
2023-09-01 21:57:00,303,14.4607,14.49,14.49,14.49,14.4015,6
2023-09-01 21:58:00,302,14.4799,14.4798,14.48,14.48,14.4798,3
2023-09-01 21:59:00,2023,14.4663,14.4799,14.4785,14.4799,14.45,8
2023-09-01 22:00:00,250,14.4474,14.4786,14.4,14.4786,14.4,3
2023-09-01 22:01:00,707,14.4784,14.4785,14.4785,14.4785,14.4785,4
2023-09-01 22:02:00,295,14.4533,14.45,14.45,14.45,14.45,6
2023-09-01 22:03:00,1598,14.48,14.48,14.48,14.48,14.48,6
2023-09-01 22:04:00,200,14.47,14.47,14.47,14.47,14.47,1
2023-09-01 22:05:00,653,14.4829,14.48,14.48,14.48,14.48,3
2023-09-01 22:06:00,124,14.5292,14.5386,14.5386,14.5386,14.5386,3
2023-09-01 22:07:00,3215,14.5557,14.53,14.63,14.63,14.53,11
2023-09-01 22:08:00,182,14.6015,14.65,14.65,14.65,14.65,3
2023-09-01 22:09:00,114,14.6497,14.65,14.65,14.65,14.65,5
2023-09-01 22:10:00,1083,14.6498,14.6499,14.6499,14.6499,14.6499,4
2023-09-01 22:11:00,644,14.5901,14.5405,14.54,14.64,14.54,5
2023-09-01 22:12:00,290,14.561,14.55,14.55,14.55,14.55,2
2023-09-01 22:15:00,637,14.5447,14.54,14.55,14.55,14.54,6
2023-09-01 22:16:00,517,14.5402,14.54,14.54,14.54,14.54,4
2023-09-01 22:22:00,511,14.6396,14.64,14.64,14.64,14.64,3
2023-09-01 22:23:00,308,14.5413,14.54,14.54,14.54,14.54,4
2023-09-01 22:25:00,100,14.6,14.6,14.6,14.6,14.6,1
2023-09-01 22:32:00,265,14.618,14.63,14.63,14.63,14.63,4
2023-09-01 22:33:00,350,14.6471,14.65,14.6492,14.65,14.6492,5
2023-09-01 22:35:00,100,14.6497,14.6497,14.6497,14.6497,14.6497,1
2023-09-01 22:36:00,1050,14.6301,14.63,14.63,14.63,14.63,4
2023-09-01 22:42:00,1173,14.639,14.64,14.64,14.64,14.64,8
2023-09-01 22:43:00,578,14.6505,14.65,14.65,14.65,14.65,4
2023-09-01 22:48:00,500,14.6987,14.6987,14.6987,14.6987,14.6987,1
2023-09-01 22:51:00,350,14.7,14.7,14.7,14.7,14.7,1
2023-09-01 22:52:00,602,14.7,14.7,14.7,14.7,14.7,1
2023-09-01 22:53:00,503,14.651,14.6507,14.6507,14.6507,14.6507,3
2023-09-01 22:54:00,101,14.69,14.69,14.69,14.69,14.69,2
2023-09-01 22:55:00,173,14.6899,14.6899,14.6899,14.6899,14.6899,6
2023-09-01 22:58:00,922,14.6895,14.69,14.69,14.69,14.69,4
2023-09-01 22:59:00,187,14.6932,14.69,14.69,14.69,14.69,4
2023-09-01 23:01:00,2504,14.7,14.7,14.7,14.7,14.7,4
2023-09-01 23:02:00,250,14.7,14.7,14.7,14.7,14.7,1
2023-09-01 23:04:00,145,14.6901,14.69,14.69,14.69,14.69,3
2023-09-01 23:05:00,100,14.69,14.69,14.69,14.69,14.69,1
2023-09-01 23:08:00,200,14.69,14.69,14.69,14.69,14.69,1
2023-09-01 23:13:00,135,14.685,14.6899,14.6899,14.6899,14.6899,3
2023-09-01 23:20:00,286,14.6684,14.67,14.67,14.67,14.67,4
2023-09-01 23:25:00,200,14.68,14.68,14.68,14.68,14.68,1
2023-09-01 23:31:00,100,14.67,14.67,14.67,14.67,14.67,1
2023-09-01 23:33:00,1505,14.6635,14.65,14.67,14.67,14.65,8
2023-09-01 23:38:00,335,14.67,14.67,14.67,14.67,14.67,1
2023-09-01 23:39:00,1613,14.6963,14.7,14.69,14.7,14.69,3
2023-09-01 23:40:00,1057,14.7,14.7,14.7,14.7,14.7,5
2023-09-01 23:41:00,150,14.6809,14.67,14.67,14.67,14.67,3
2023-09-01 23:42:00,519,14.7082,14.71,14.71,14.71,14.7008,5
2023-09-01 23:43:00,280,14.71,14.71,14.71,14.71,14.71,1
2023-09-01 23:44:00,554,14.7154,14.72,14.71,14.72,14.71,5
2023-09-01 23:45:00,725,14.7174,14.75,14.7,14.75,14.7,11
2023-09-01 23:46:00,500,14.682,14.7,14.67,14.7,14.67,3
2023-09-01 23:47:00,400,14.67,14.67,14.67,14.67,14.67,3
2023-09-01 23:50:00,168,14.694,14.7,14.7,14.7,14.7,5
2023-09-01 23:51:00,3034,14.7,14.7,14.7,14.7,14.7,5
2023-09-01 23:52:00,175,14.7018,14.7,14.7,14.7,14.7,2
2023-09-01 23:53:00,1275,14.6939,14.7,14.67,14.7,14.67,4
2023-09-01 23:54:00,300,14.6701,14.6701,14.6701,14.6701,14.6701,1
2023-09-01 23:55:00,250,14.7,14.7,14.7,14.7,14.7,1
2023-09-01 23:56:00,2133,14.7,14.7,14.7,14.7,14.7,4
2023-09-01 23:57:00,700,14.7171,14.71,14.74,14.74,14.71,4
2023-09-01 23:58:00,502,14.724,14.72,14.7399,14.7399,14.72,5
2023-09-01 23:59:00,1208,14.7258,14.74,14.72,14.74,14.72,8
2023-09-05 08:00:00,437,14.7517,14.71,14.71,14.71,14.71,11
2023-09-05 08:01:00,491,14.6891,14.71,14.71,14.71,14.71,13
2023-09-05 08:02:00,153,14.6735,14.67,14.67,14.67,14.67,3
2023-09-05 08:03:00,7578,14.6012,14.61,14.6,14.61,14.6,24
2023-09-05 08:04:00,287,14.6208,14.62,14.62,14.62,14.62,11
2023-09-05 08:07:00,1670,14.7473,14.71,14.8,14.8,14.71,15
2023-09-05 08:08:00,548,14.8534,14.84,14.86,14.86,14.84,12
2023-09-05 08:11:00,1054,14.802,14.8,14.8,14.8,14.8,7
2023-09-05 08:12:00,200,14.8033,14.8,14.8,14.8,14.8,3
2023-09-05 08:15:00,157,14.7722,14.77,14.77,14.77,14.77,6
2023-09-05 08:34:00,135,14.7378,14.73,14.73,14.73,14.73,2
2023-09-05 08:42:00,111,14.749,14.75,14.75,14.75,14.75,2
2023-09-05 08:47:00,336,14.8279,14.84,14.84,14.84,14.84,11
2023-09-05 09:07:00,100,14.76,14.76,14.76,14.76,14.76,1
2023-09-05 09:08:00,100,14.76,14.76,14.76,14.76,14.76,1
2023-09-05 09:10:00,552,14.7599,14.75,14.75,14.75,14.75,13
2023-09-05 09:12:00,664,14.7355,14.73,14.73,14.73,14.73,10
2023-09-05 09:35:00,140,14.74,14.74,14.74,14.74,14.74,3
2023-09-05 10:05:00,2149,14.8144,14.76,14.83,14.84,14.76,22
2023-09-05 10:10:00,150,14.8367,14.84,14.84,14.84,14.84,2
2023-09-05 10:11:00,1465,14.849,14.85,14.85,14.85,14.85,17
2023-09-05 10:12:00,197,14.8474,14.85,14.85,14.85,14.85,4
2023-09-05 10:22:00,155,14.9,14.9,14.9,14.9,14.9,4
2023-09-05 10:27:00,105,14.9,14.9,14.9,14.9,14.9,3
2023-09-05 10:28:00,500,14.864,14.87,14.86,14.87,14.86,4
2023-09-05 10:43:00,1396,14.7743,14.8,14.75,14.8,14.75,17
2023-09-05 10:44:00,550,14.7473,14.75,14.75,14.75,14.75,5
2023-09-05 10:45:00,432,14.753,14.75,14.75,14.75,14.75,5
2023-09-05 11:06:00,1000,14.8488,14.84,14.85,14.85,14.84,6
2023-09-05 11:07:00,2026,14.9013,14.9,14.9,14.9,14.9,21
2023-09-05 11:10:00,100,14.91,14.91,14.91,14.91,14.91,1
2023-09-05 11:12:00,3626,14.8584,14.87,14.85,14.87,14.85,14
2023-09-05 11:13:00,3338,14.8491,14.85,14.85,14.86,14.85,15
2023-09-05 11:15:00,403,14.7925,14.79,14.79,14.79,14.79,4
2023-09-05 11:21:00,1346,14.7997,14.8,14.8,14.8,14.8,4
2023-09-05 11:23:00,138,14.8,14.8,14.8,14.8,14.8,1
2023-09-05 11:24:00,517,14.8,14.8,14.8,14.8,14.8,2
2023-09-05 11:29:00,402,14.79,14.79,14.79,14.79,14.79,4
2023-09-05 11:37:00,538,14.7849,14.79,14.79,14.79,14.79,10
2023-09-05 11:42:00,380,14.7795,14.8,14.8,14.8,14.8,8
2023-09-05 11:43:00,600,14.79,14.79,14.79,14.79,14.79,3
2023-09-05 11:49:00,1942,14.7556,14.76,14.75,14.76,14.75,24
2023-09-05 11:50:00,251,14.7531,14.75,14.75,14.75,14.75,17
2023-09-05 11:51:00,774,14.73,14.73,14.73,14.73,14.73,9
2023-09-05 11:52:00,274,14.73,14.73,14.73,14.73,14.73,3
2023-09-05 11:58:00,110,14.74,14.74,14.74,14.74,14.74,1
2023-09-05 11:59:00,375,14.774,14.78,14.78,14.78,14.78,3
2023-09-05 12:00:00,22644,14.797,14.8,14.78,14.95,14.74,83
2023-09-05 12:01:00,5432,14.7773,14.7685,14.7316,14.8485,14.63,192
2023-09-05 12:02:00,3509,14.7822,14.79,14.73,14.79,14.73,34
2023-09-05 12:03:00,745,14.7094,14.73,14.73,14.73,14.73,57
2023-09-05 12:05:00,246,14.7441,14.74,14.74,14.74,14.74,7
2023-09-05 12:07:00,479,14.7463,14.75,14.75,14.75,14.75,7
2023-09-05 12:08:00,3035,14.7595,14.7593,14.76,14.76,14.7593,4
2023-09-05 12:09:00,1000,14.76,14.76,14.76,14.76,14.76,2
2023-09-05 12:10:00,1456,14.7513,14.76,14.75,14.76,14.75,6
2023-09-05 12:11:00,255,14.7506,14.7504,14.7504,14.7504,14.7504,2
2023-09-05 12:13:00,496,14.7669,14.79,14.7511,14.79,14.7511,6
2023-09-05 12:17:00,135,14.7522,14.7515,14.7515,14.7515,14.7515,2
2023-09-05 12:18:00,205,14.7502,14.75,14.75,14.75,14.75,2
2023-09-05 12:19:00,1097,14.7688,14.77,14.77,14.77,14.77,9
2023-09-05 12:22:00,419,14.7569,14.75,14.75,14.75,14.75,13
2023-09-05 12:24:00,503,14.7515,14.7515,14.7515,14.7515,14.7515,3
2023-09-05 12:26:00,1500,14.7513,14.75,14.75,14.76,14.75,5
2023-09-05 12:27:00,6145,14.7599,14.7501,14.77,14.77,14.75,5
2023-09-05 12:28:00,2506,14.76,14.76,14.76,14.76,14.76,3
2023-09-05 12:29:00,516,14.7603,14.76,14.76,14.76,14.76,2
2023-09-05 12:32:00,6595,14.738,14.75,14.72,14.75,14.72,36
2023-09-05 12:34:00,3011,14.722,14.73,14.7585,14.7585,14.72,20
2023-09-05 12:35:00,2880,14.7214,14.7214,14.7214,14.7214,14.7214,2
2023-09-05 12:36:00,1158,14.7301,14.72,14.72,14.75,14.72,18
2023-09-05 12:37:00,923,14.7493,14.75,14.75,14.75,14.75,24
2023-09-05 12:38:00,233,14.7277,14.72,14.72,14.72,14.72,5
2023-09-05 12:39:00,1518,14.706,14.72,14.7,14.72,14.7,18
2023-09-05 12:40:00,226,14.6965,14.7,14.7,14.7,14.7,8
2023-09-05 12:42:00,591,14.6878,14.7,14.67,14.7,14.67,11
2023-09-05 12:43:00,1123,14.7308,14.7,14.75,14.75,14.7,27
2023-09-05 12:45:00,603,14.7034,14.71,14.71,14.71,14.7,4
2023-09-05 12:46:00,2670,14.7,14.7,14.7,14.7,14.7,18
2023-09-05 12:47:00,574,14.6778,14.7,14.7,14.7,14.7,18
2023-09-05 12:48:00,556,14.6599,14.67,14.66,14.67,14.66,12
2023-09-05 12:49:00,2409,14.6311,14.63,14.63,14.63,14.63,32
2023-09-05 12:50:00,637,14.6088,14.61,14.61,14.61,14.61,23
2023-09-05 12:51:00,2924,14.627,14.6299,14.62,14.63,14.6,29
2023-09-05 12:52:00,1853,14.6306,14.65,14.6015,14.65,14.6015,40
2023-09-05 12:53:00,601,14.6158,14.62,14.62,14.62,14.62,11
2023-09-05 12:54:00,1001,14.5901,14.59,14.59,14.59,14.59,2
2023-09-05 12:55:00,172,14.6453,14.643,14.643,14.643,14.643,3
2023-09-05 12:56:00,830,14.5957,14.6,14.5915,14.6,14.5915,11
2023-09-05 12:58:00,636,14.6289,14.6385,14.5915,14.6385,14.5915,10
2023-09-05 12:59:00,357,14.6263,14.6385,14.6385,14.6385,14.6385,5
2023-09-05 13:00:00,3682,14.6177,14.64,14.6385,14.64,14.6,24
2023-09-05 13:01:00,389,14.6318,14.64,14.64,14.64,14.64,10
2023-09-05 13:03:00,5134,14.6008,14.62,14.6,14.62,14.6,34
2023-09-05 13:04:00,939,14.5656,14.6,14.5415,14.6,14.5415,19
2023-09-05 13:05:00,1673,14.5445,14.54,14.5979,14.5979,14.54,13
2023-09-05 13:06:00,1238,14.5599,14.599,14.55,14.599,14.55,4
2023-09-05 13:07:00,1106,14.5737,14.57,14.57,14.6,14.57,15
2023-09-05 13:08:00,2049,14.5448,14.57,14.53,14.57,14.53,48
2023-09-05 13:09:00,649,14.5215,14.52,14.52,14.52,14.52,6
2023-09-05 13:10:00,4460,14.5835,14.58,14.54,14.59,14.54,20
2023-09-05 13:11:00,2798,14.5163,14.53,14.51,14.53,14.51,28
2023-09-05 13:13:00,496,14.5214,14.52,14.52,14.52,14.52,9
2023-09-05 13:15:00,1778,14.5332,14.53,14.52,14.53,14.52,10
2023-09-05 13:16:00,1495,14.5581,14.58,14.55,14.58,14.55,9
2023-09-05 13:17:00,353,14.5384,14.5485,14.5485,14.5485,14.5485,9
2023-09-05 13:19:00,1388,14.5633,14.55,14.58,14.58,14.55,7
2023-09-05 13:20:00,949,14.5808,14.58,14.58,14.58,14.58,17
2023-09-05 13:21:00,445,14.5753,14.57,14.5893,14.5893,14.57,12
2023-09-05 13:22:00,1205,14.5845,14.58,14.59,14.59,14.57,13
2023-09-05 13:23:00,752,14.5796,14.586,14.58,14.586,14.58,9
2023-09-05 13:24:00,1705,14.5589,14.57,14.55,14.5899,14.55,15
2023-09-05 13:26:00,520,14.5768,14.58,14.58,14.58,14.58,11
2023-09-05 13:27:00,720,14.584,14.59,14.5792,14.59,14.5792,4
2023-09-05 13:28:00,2110,14.5709,14.5894,14.56,14.5894,14.56,20
2023-09-05 13:29:00,6245,14.5114,14.53,14.49,14.53,14.45,100
2023-09-05 13:30:00,359176,14.313,14.45,14.0931,14.45,14.04,2175
2023-09-05 13:31:00,125603,14.016,14.09,14.0181,14.119,13.95,870
2023-09-05 13:32:00,129735,14.0748,14.04,14.06,14.12,14.02,715
2023-09-05 13:33:00,164521,14.0504,14.0599,14.02,14.15,13.97,794
2023-09-05 13:34:00,129670,14.0977,14.0275,14.14,14.16,14.0227,584
2023-09-05 13:35:00,84598,14.1126,14.1395,14.0969,14.15,14.08,379
2023-09-05 13:36:00,53913,14.1271,14.09,14.135,14.14,14.08,266
2023-09-05 13:37:00,62197,14.0788,14.12,14.08,14.12,14.045,295
2023-09-05 13:38:00,122336,14.0478,14.08,14.02,14.09,14.02,393
2023-09-05 13:39:00,131595,13.9857,14.01,13.98,14.01,13.96,667
2023-09-05 13:40:00,87796,13.9337,13.98,13.91,13.98,13.9,586
2023-09-05 13:41:00,193334,13.836,13.91,13.7817,13.91,13.77,988
2023-09-05 13:42:00,138306,13.727,13.8,13.68,13.8,13.67,757
2023-09-05 13:43:00,122096,13.6284,13.68,13.65,13.68,13.56,867
2023-09-05 13:44:00,82030,13.6273,13.65,13.6115,13.66,13.58,675
2023-09-05 13:45:00,143311,13.5823,13.63,13.66,13.66,13.5201,808
2023-09-05 13:46:00,53395,13.6821,13.6699,13.7092,13.71,13.65,378
2023-09-05 13:47:00,85790,13.6734,13.7055,13.64,13.71,13.63,438
2023-09-05 13:48:00,109556,13.5811,13.6301,13.575,13.6301,13.535,646
2023-09-05 13:49:00,43221,13.5602,13.5701,13.555,13.58,13.55,353
2023-09-05 13:50:00,75369,13.5485,13.56,13.55,13.56,13.51,640
2023-09-05 13:51:00,106258,13.5575,13.5595,13.55,13.58,13.54,692
2023-09-05 13:52:00,52833,13.5287,13.555,13.515,13.56,13.51,377
2023-09-05 13:53:00,166015,13.4859,13.51,13.529,13.5299,13.43,761
2023-09-05 13:54:00,83160,13.5682,13.52,13.58,13.58,13.52,453
2023-09-05 13:55:00,84264,13.6389,13.58,13.655,13.67,13.5702,552
2023-09-05 13:56:00,147515,13.659,13.655,13.637,13.71,13.62,629
2023-09-05 13:57:00,48533,13.619,13.63,13.625,13.63,13.6,266
2023-09-05 13:58:00,47998,13.5932,13.625,13.525,13.63,13.525,318
2023-09-05 13:59:00,122506,13.4634,13.5299,13.4865,13.5299,13.43,568
2023-09-05 14:00:00,74510,13.4967,13.4812,13.43,13.6,13.4201,476
2023-09-05 14:01:00,88055,13.3854,13.425,13.345,13.425,13.33,595
2023-09-05 14:02:00,110326,13.3688,13.35,13.405,13.41,13.32,718
2023-09-05 14:03:00,108276,13.4119,13.4,13.47,13.4765,13.38,584
2023-09-05 14:04:00,41288,13.437,13.4726,13.4201,13.48,13.405,311
2023-09-05 14:05:00,64472,13.4465,13.4292,13.438,13.47,13.425,366
2023-09-05 14:06:00,70773,13.4047,13.435,13.41,13.4387,13.37,497
2023-09-05 14:07:00,60462,13.4567,13.41,13.48,13.49,13.3991,370
2023-09-05 14:08:00,42367,13.4487,13.4712,13.46,13.48,13.41,288
2023-09-05 14:09:00,44508,13.495,13.46,13.5,13.53,13.46,329
2023-09-05 14:10:00,54251,13.4996,13.495,13.525,13.53,13.45,351
2023-09-05 14:11:00,114315,13.5721,13.525,13.615,13.63,13.525,451
2023-09-05 14:12:00,139594,13.6312,13.6101,13.635,13.65,13.6044,637
2023-09-05 14:13:00,56458,13.6222,13.635,13.6199,13.64,13.61,398
2023-09-05 14:14:00,41035,13.609,13.615,13.605,13.64,13.6,283
2023-09-05 14:15:00,86265,13.6312,13.605,13.605,13.68,13.59,525
2023-09-05 14:16:00,83706,13.5537,13.61,13.505,13.62,13.5,444
2023-09-05 14:17:00,38573,13.5155,13.51,13.515,13.53,13.505,233
2023-09-05 14:18:00,36993,13.5094,13.515,13.515,13.52,13.5,195
2023-09-05 14:19:00,23090,13.5321,13.52,13.545,13.55,13.515,249
2023-09-05 14:20:00,58623,13.5598,13.545,13.555,13.58,13.54,370
2023-09-05 14:21:00,48414,13.5254,13.55,13.5,13.55,13.5,260
2023-09-05 14:22:00,50601,13.4733,13.505,13.46,13.5093,13.451,427
2023-09-05 14:23:00,33895,13.4529,13.458,13.4501,13.46,13.45,186
2023-09-05 14:24:00,90007,13.4561,13.45,13.4695,13.47,13.44,546
2023-09-05 14:25:00,92476,13.4667,13.4615,13.465,13.48,13.445,669
2023-09-05 14:26:00,50845,13.408,13.46,13.405,13.47,13.38,404
2023-09-05 14:27:00,25510,13.3961,13.405,13.3809,13.41,13.38,209
2023-09-05 14:28:00,39833,13.3841,13.3808,13.385,13.395,13.3701,346
2023-09-05 14:29:00,37777,13.3687,13.3814,13.365,13.39,13.36,204
2023-09-05 14:30:00,45731,13.3677,13.36,13.375,13.39,13.3511,292
2023-09-05 14:31:00,61647,13.3601,13.37,13.3525,13.37,13.35,362
2023-09-05 14:32:00,41360,13.3375,13.3599,13.33,13.3599,13.33,298
2023-09-05 14:33:00,24715,13.3355,13.3301,13.335,13.34,13.33,190
2023-09-05 14:34:00,14371,13.3354,13.3399,13.3311,13.34,13.33,111
2023-09-05 14:35:00,134529,13.3116,13.335,13.34,13.34,13.29,748
2023-09-05 14:36:00,72718,13.3453,13.34,13.3694,13.37,13.3314,473
2023-09-05 14:37:00,38063,13.4131,13.365,13.44,13.46,13.355,301
2023-09-05 14:38:00,38255,13.452,13.435,13.44,13.48,13.425,238
2023-09-05 14:39:00,18891,13.4444,13.445,13.425,13.46,13.42,123
2023-09-05 14:40:00,24297,13.4131,13.425,13.41,13.43,13.4,227
2023-09-05 14:41:00,33018,13.4318,13.41,13.4387,13.45,13.4,249
2023-09-05 14:42:00,24634,13.4226,13.435,13.41,13.449,13.395,219
2023-09-05 14:43:00,16206,13.4032,13.4,13.395,13.4184,13.395,210
2023-09-05 14:44:00,19552,13.3871,13.395,13.41,13.41,13.37,243
2023-09-05 14:45:00,11770,13.4241,13.4193,13.4001,13.435,13.4001,127
2023-09-05 14:46:00,9301,13.3916,13.405,13.385,13.405,13.3801,108
2023-09-05 14:47:00,15698,13.3999,13.3898,13.4158,13.4158,13.385,160
2023-09-05 14:48:00,18416,13.4406,13.4192,13.458,13.46,13.415,135
2023-09-05 14:49:00,14016,13.4373,13.4507,13.4389,13.4589,13.42,121
2023-09-05 14:50:00,12834,13.4171,13.435,13.415,13.4399,13.4,119
2023-09-05 14:51:00,10626,13.4162,13.415,13.405,13.4299,13.4,89
2023-09-05 14:52:00,8850,13.4163,13.4025,13.415,13.428,13.4001,130
2023-09-05 14:53:00,10602,13.4218,13.4187,13.425,13.43,13.4119,83
2023-09-05 14:54:00,21556,13.4163,13.42,13.4242,13.43,13.4,165
2023-09-05 14:55:00,12422,13.3927,13.42,13.3838,13.42,13.38,160
2023-09-05 14:56:00,33554,13.3805,13.385,13.39,13.39,13.37,251
2023-09-05 14:57:00,7561,13.3962,13.4,13.395,13.4,13.39,84
2023-09-05 14:58:00,23799,13.3861,13.3901,13.38,13.4,13.375,262
2023-09-05 14:59:00,34804,13.3694,13.385,13.3499,13.395,13.3401,248
2023-09-05 15:00:00,16918,13.376,13.35,13.4097,13.4187,13.35,139
2023-09-05 15:01:00,47356,13.4331,13.4,13.43,13.47,13.4,224
2023-09-05 15:02:00,14190,13.4386,13.43,13.4399,13.45,13.4201,87
2023-09-05 15:03:00,14721,13.4265,13.43,13.429,13.439,13.4163,111
2023-09-05 15:04:00,25616,13.435,13.425,13.42,13.46,13.41,201
2023-09-05 15:05:00,16880,13.4068,13.4193,13.41,13.42,13.39,163
2023-09-05 15:06:00,35386,13.352,13.4085,13.3489,13.4085,13.32,288
2023-09-05 15:07:00,17235,13.3255,13.34,13.3197,13.34,13.3029,169
2023-09-05 15:08:00,26121,13.3426,13.32,13.37,13.37,13.31,172
2023-09-05 15:09:00,8247,13.3549,13.3698,13.345,13.3699,13.3413,97
2023-09-05 15:10:00,18888,13.3714,13.345,13.398,13.398,13.34,185
2023-09-05 15:11:00,7942,13.3889,13.395,13.375,13.408,13.375,103
2023-09-05 15:12:00,46805,13.4013,13.37,13.425,13.4364,13.365,204
2023-09-05 15:13:00,25599,13.3987,13.43,13.38,13.43,13.365,236
2023-09-05 15:14:00,48065,13.4034,13.38,13.39,13.44,13.38,165
2023-09-05 15:15:00,14914,13.3705,13.4,13.3658,13.4,13.355,157
2023-09-05 15:16:00,14132,13.3437,13.37,13.32,13.37,13.32,161
2023-09-05 15:17:00,51574,13.3116,13.325,13.305,13.33,13.29,321
2023-09-05 15:18:00,102347,13.2649,13.305,13.235,13.31,13.225,557
2023-09-05 15:19:00,50922,13.2058,13.23,13.1913,13.235,13.19,387
2023-09-05 15:20:00,106830,13.1716,13.1942,13.145,13.2,13.135,462
2023-09-05 15:21:00,47619,13.135,13.1487,13.125,13.15,13.12,253
2023-09-05 15:22:00,103597,13.1175,13.13,13.1001,13.13,13.1,354
2023-09-05 15:23:00,113909,13.0926,13.105,13.0508,13.12,13.05,591
2023-09-05 15:24:00,92838,13.0771,13.05,13.1299,13.1299,13.039,419
2023-09-05 15:25:00,48555,13.1139,13.129,13.0876,13.1299,13.08,297
2023-09-05 15:26:00,57231,13.0793,13.08,13.0712,13.1,13.0664,251
2023-09-05 15:27:00,87208,13.0576,13.07,13.03,13.0799,13.0201,362
2023-09-05 15:28:00,28805,13.0569,13.04,13.062,13.0692,13.025,130
2023-09-05 15:29:00,35590,13.0621,13.07,13.065,13.07,13.05,166
2023-09-05 15:30:00,32823,13.0705,13.06,13.0687,13.09,13.05,222
2023-09-05 15:31:00,20703,13.0589,13.0696,13.075,13.075,13.045,154
2023-09-05 15:32:00,21267,13.0715,13.0794,13.055,13.0899,13.05,156
2023-09-05 15:33:00,14996,13.0617,13.0508,13.085,13.085,13.05,136
2023-09-05 15:34:00,26928,13.112,13.085,13.1044,13.14,13.085,221
2023-09-05 15:35:00,11070,13.1002,13.105,13.0987,13.11,13.09,102
2023-09-05 15:36:00,20640,13.0947,13.1,13.075,13.109,13.0701,142
2023-09-05 15:37:00,52077,13.0699,13.079,13.05,13.08,13.05,160
2023-09-05 15:38:00,178977,13.007,13.055,12.9987,13.055,12.98,862
2023-09-05 15:39:00,66278,12.9999,12.995,13.0101,13.03,12.98,298
2023-09-05 15:40:00,41872,13.0291,13.02,13.0382,13.05,13.0101,97
2023-09-05 15:41:00,44331,13.0375,13.0386,13.0287,13.0497,13.0287,160
2023-09-05 15:42:00,17407,13.0197,13.025,13.025,13.0286,13.01,108
2023-09-05 15:43:00,12728,13.0205,13.025,13.015,13.03,13.01,96
2023-09-05 15:44:00,29769,13.0005,13.015,12.985,13.02,12.98,231
2023-09-05 15:45:00,46530,12.9797,12.98,12.97,12.99,12.97,209
2023-09-05 15:46:00,103882,12.9529,12.9701,12.9701,12.98,12.93,454
2023-09-05 15:47:00,16391,12.9747,12.975,12.9701,12.98,12.965,145
2023-09-05 15:48:00,10913,12.9665,12.97,12.9687,12.97,12.96,101
2023-09-05 15:49:00,27983,12.9658,12.9613,12.96,12.9787,12.96,162
2023-09-05 15:50:00,20826,12.9679,12.9501,12.9697,12.98,12.9501,169
2023-09-05 15:51:00,7058,12.9685,12.9601,12.9601,12.9778,12.9601,94
2023-09-05 15:52:00,41194,12.9832,12.96,12.985,13.01,12.95,267
2023-09-05 15:53:00,14333,12.9857,12.988,12.99,12.99,12.98,68
2023-09-05 15:54:00,23877,12.9973,12.995,12.985,13.01,12.985,174
2023-09-05 15:55:00,59499,12.9491,12.98,12.93,12.98,12.91,337
2023-09-05 15:56:00,25839,12.9092,12.93,12.9013,12.9399,12.9,213
2023-09-05 15:57:00,29062,12.9187,12.9011,12.93,12.94,12.9,163
2023-09-05 15:58:00,15604,12.9396,12.93,12.9487,12.95,12.925,143
2023-09-05 15:59:00,41468,12.9294,12.945,12.92,12.95,12.92,214
2023-09-05 16:00:00,8444,12.9235,12.9215,12.925,12.93,12.92,83
2023-09-05 16:01:00,41271,12.9325,12.9288,12.935,12.9465,12.92,297
2023-09-05 16:02:00,11781,12.935,12.935,12.935,12.94,12.93,92
2023-09-05 16:03:00,17872,12.9281,12.9369,12.92,12.9387,12.92,193
2023-09-05 16:04:00,50134,12.8897,12.92,12.88,12.92,12.87,339
2023-09-05 16:05:00,74942,12.8874,12.8787,12.8941,12.91,12.87,341
2023-09-05 16:06:00,33292,12.8956,12.895,12.91,12.91,12.885,247
2023-09-05 16:07:00,20519,12.9031,12.91,12.885,12.9195,12.8801,143
2023-09-05 16:08:00,42550,12.9151,12.89,12.925,12.96,12.885,212
2023-09-05 16:09:00,64706,12.9562,12.925,13.01,13.01,12.91,344
2023-09-05 16:10:00,49439,12.9998,13.01,13.0,13.02,12.98,247
2023-09-05 16:11:00,59190,13.0334,13.0084,13.0207,13.06,13.0,202
2023-09-05 16:12:00,53060,13.0473,13.0287,13.045,13.07,13.025,311
2023-09-05 16:13:00,35497,13.0798,13.05,13.1,13.1,13.045,313
2023-09-05 16:14:00,70673,13.0915,13.1,13.065,13.12,13.0601,213
2023-09-05 16:15:00,22417,13.0546,13.07,13.015,13.07,13.01,204
2023-09-05 16:16:00,13629,13.0053,13.01,13.0087,13.01,13.0,93
2023-09-05 16:17:00,65183,12.9749,13.005,12.985,13.0087,12.95,436
2023-09-05 16:18:00,21161,12.986,12.98,12.99,12.99,12.975,230
2023-09-05 16:19:00,12989,12.9811,12.99,12.9621,13.0,12.96,130
2023-09-05 16:20:00,19282,12.9585,12.965,12.9514,12.97,12.945,199
2023-09-05 16:21:00,16314,12.949,12.955,12.9301,12.97,12.93,123
2023-09-05 16:22:00,22749,12.9525,12.94,13.0,13.0,12.935,198
2023-09-05 16:23:00,11783,12.9824,13.0,12.96,13.0,12.96,102
2023-09-05 16:24:00,16041,12.9638,12.96,12.99,12.99,12.95,113
2023-09-05 16:25:00,10696,12.9852,12.98,12.995,12.995,12.975,114
2023-09-05 16:26:00,17799,12.9692,12.9987,12.96,12.9987,12.95,172
2023-09-05 16:27:00,12950,12.9566,12.9699,12.9494,12.9699,12.94,107
2023-09-05 16:28:00,17817,12.9268,12.9406,12.925,12.9413,12.92,161
2023-09-05 16:29:00,20200,12.9171,12.925,12.91,12.93,12.91,125
2023-09-05 16:30:00,20742,12.9169,12.9106,12.92,12.9265,12.91,171
2023-09-05 16:31:00,10666,12.9227,12.92,12.925,12.93,12.91,126
2023-09-05 16:32:00,14800,12.9319,12.925,12.93,12.94,12.92,107
2023-09-05 16:33:00,9715,12.9258,12.9297,12.9207,12.93,12.92,60
2023-09-05 16:34:00,8188,12.9179,12.9299,12.91,12.93,12.91,99
2023-09-05 16:35:00,10635,12.9044,12.91,12.9001,12.91,12.9,110
2023-09-05 16:36:00,63823,12.8644,12.9,12.87,12.9,12.85,416
2023-09-05 16:37:00,31920,12.8889,12.87,12.91,12.92,12.86,270
2023-09-05 16:38:00,16960,12.9062,12.91,12.91,12.92,12.89,139
2023-09-05 16:39:00,32454,12.8982,12.9,12.915,12.92,12.875,258
2023-09-05 16:40:00,23683,12.908,12.9113,12.9,12.92,12.8901,200
2023-09-05 16:41:00,10821,12.8904,12.9,12.881,12.9043,12.88,98
2023-09-05 16:42:00,13074,12.871,12.885,12.865,12.885,12.86,127
2023-09-05 16:43:00,29721,12.8554,12.8613,12.85,12.865,12.85,200
2023-09-05 16:44:00,93600,12.8265,12.857,12.8271,12.857,12.8,655
2023-09-05 16:45:00,10926,12.8392,12.825,12.8598,12.8598,12.82,133
2023-09-05 16:46:00,26216,12.8332,12.8506,12.8397,12.8589,12.82,161
2023-09-05 16:47:00,6892,12.8363,12.8301,12.835,12.84,12.83,81
2023-09-05 16:48:00,16211,12.8298,12.8387,12.8399,12.8399,12.82,132
2023-09-05 16:49:00,14196,12.8428,12.83,12.8401,12.85,12.83,113
2023-09-05 16:50:00,9808,12.8381,12.845,12.83,12.85,12.83,91
2023-09-05 16:51:00,22003,12.8303,12.83,12.8201,12.84,12.82,141
2023-09-05 16:52:00,8838,12.8204,12.82,12.81,12.8261,12.81,107
2023-09-05 16:53:00,10540,12.8111,12.81,12.81,12.8187,12.81,99
2023-09-05 16:54:00,23815,12.8214,12.818,12.83,12.83,12.81,239
2023-09-05 16:55:00,18930,12.8254,12.825,12.82,12.83,12.82,140
2023-09-05 16:56:00,2503,12.8227,12.82,12.82,12.825,12.82,43
2023-09-05 16:57:00,8017,12.8178,12.825,12.8157,12.825,12.81,74
2023-09-05 16:58:00,33843,12.8038,12.8115,12.805,12.8115,12.8,198
2023-09-05 16:59:00,13729,12.804,12.8,12.805,12.81,12.8,94
2023-09-05 17:00:00,8952,12.8054,12.805,12.805,12.81,12.8,92
2023-09-05 17:01:00,99876,12.7831,12.805,12.765,12.81,12.76,592
2023-09-05 17:02:00,39752,12.7675,12.7699,12.769,12.77,12.76,254
2023-09-05 17:03:00,61359,12.7451,12.7601,12.75,12.765,12.72,377
2023-09-05 17:04:00,34518,12.7523,12.7512,12.755,12.76,12.74,175
2023-09-05 17:05:00,35501,12.7426,12.7501,12.7612,12.77,12.72,232
2023-09-05 17:06:00,57540,12.7697,12.769,12.8,12.8197,12.75,247
2023-09-05 17:07:00,14767,12.7883,12.8,12.7755,12.805,12.77,86
2023-09-05 17:08:00,13830,12.771,12.775,12.7501,12.78,12.75,109
2023-09-05 17:09:00,40605,12.744,12.755,12.74,12.759,12.7211,222
2023-09-05 17:10:00,35143,12.7291,12.745,12.738,12.75,12.72,175
2023-09-05 17:11:00,42744,12.7392,12.735,12.7226,12.76,12.72,222
2023-09-05 17:12:00,82566,12.6909,12.7378,12.695,12.7378,12.66,406
2023-09-05 17:13:00,20472,12.7009,12.7,12.6903,12.71,12.69,118
2023-09-05 17:14:00,19425,12.6908,12.695,12.68,12.7,12.68,98
2023-09-05 17:15:00,28345,12.6553,12.68,12.66,12.688,12.63,230
2023-09-05 17:16:00,19628,12.673,12.6636,12.68,12.6887,12.65,186
2023-09-05 17:17:00,25201,12.6791,12.6711,12.675,12.69,12.6701,159
2023-09-05 17:18:00,26821,12.6993,12.68,12.71,12.73,12.67,172
2023-09-05 17:19:00,10568,12.6963,12.709,12.6808,12.709,12.68,71
2023-09-05 17:20:00,28588,12.6904,12.685,12.6971,12.7,12.68,144
2023-09-05 17:21:00,18258,12.6846,12.7,12.66,12.7,12.66,151
2023-09-05 17:22:00,18487,12.6604,12.6693,12.655,12.6693,12.65,141
2023-09-05 17:23:00,33224,12.6447,12.655,12.631,12.66,12.63,203
2023-09-05 17:24:00,19021,12.6524,12.6393,12.655,12.66,12.635,138
2023-09-05 17:25:00,20825,12.6418,12.655,12.64,12.66,12.63,104
2023-09-05 17:26:00,25386,12.6514,12.6379,12.69,12.69,12.63,169
2023-09-05 17:27:00,18310,12.696,12.69,12.685,12.71,12.6825,195
2023-09-05 17:28:00,6415,12.6729,12.68,12.67,12.68,12.66,77
2023-09-05 17:29:00,49611,12.7066,12.67,12.7288,12.74,12.67,314
2023-09-05 17:30:00,10796,12.7158,12.725,12.7,12.725,12.7,83
2023-09-05 17:31:00,25232,12.6991,12.7014,12.69,12.71,12.67,237
2023-09-05 17:32:00,12952,12.6796,12.68,12.68,12.69,12.665,88
2023-09-05 17:33:00,9335,12.6747,12.68,12.6687,12.69,12.66,79
2023-09-05 17:34:00,12443,12.6628,12.6613,12.67,12.6729,12.65,140
2023-09-05 17:35:00,5697,12.6587,12.665,12.655,12.6699,12.65,79
2023-09-05 17:36:00,7772,12.6541,12.65,12.655,12.66,12.65,73
2023-09-05 17:37:00,72421,12.6099,12.655,12.6001,12.655,12.5901,407
2023-09-05 17:38:00,44919,12.5756,12.6012,12.5702,12.6091,12.56,293
2023-09-05 17:39:00,15575,12.5699,12.58,12.5883,12.5883,12.56,137
2023-09-05 17:40:00,14298,12.5824,12.5892,12.5801,12.59,12.5711,73
2023-09-05 17:41:00,48655,12.5849,12.5883,12.625,12.63,12.56,244
2023-09-05 17:42:00,19907,12.6331,12.63,12.6209,12.6498,12.62,123
2023-09-05 17:43:00,12537,12.6309,12.625,12.645,12.6587,12.62,158
2023-09-05 17:44:00,259227,12.7098,12.64,12.66,12.82,12.57,1278
2023-09-05 17:45:00,121611,12.6638,12.68,12.68,12.74,12.59,605
2023-09-05 17:46:00,26935,12.6568,12.6735,12.665,12.7,12.63,219
2023-09-05 17:47:00,41488,12.695,12.67,12.69,12.72,12.66,213
2023-09-05 17:48:00,57370,12.6523,12.7,12.6307,12.7,12.6,265
2023-09-05 17:49:00,19527,12.6094,12.63,12.6012,12.63,12.6,117
2023-09-05 17:50:00,25218,12.5986,12.609,12.6,12.61,12.57,229
2023-09-05 17:51:00,15761,12.603,12.5996,12.6001,12.62,12.5996,70
2023-09-05 17:52:00,7585,12.6142,12.61,12.61,12.62,12.6001,102
2023-09-05 17:53:00,13633,12.6076,12.62,12.605,12.62,12.6,121
2023-09-05 17:54:00,27522,12.5959,12.605,12.6199,12.62,12.58,177
2023-09-05 17:55:00,15320,12.634,12.62,12.62,12.65,12.62,110
2023-09-05 17:56:00,23194,12.6651,12.62,12.6794,12.7,12.62,213
2023-09-05 17:57:00,12396,12.6576,12.675,12.66,12.6786,12.64,91
2023-09-05 17:58:00,41982,12.6212,12.66,12.62,12.66,12.61,191
2023-09-05 17:59:00,10006,12.6227,12.62,12.625,12.63,12.6103,88
2023-09-05 18:00:00,12891,12.636,12.629,12.65,12.65,12.6201,149
2023-09-05 18:01:00,11596,12.6289,12.64,12.62,12.64,12.62,108
2023-09-05 18:02:00,18279,12.6256,12.618,12.6399,12.64,12.61,148
2023-09-05 18:03:00,13134,12.6389,12.64,12.636,12.65,12.635,130
2023-09-05 18:04:00,5567,12.6263,12.64,12.62,12.64,12.62,91
2023-09-05 18:05:00,37047,12.5925,12.6254,12.59,12.6254,12.57,316
2023-09-05 18:06:00,8659,12.6114,12.595,12.6211,12.6211,12.595,110
2023-09-05 18:07:00,12550,12.6322,12.6201,12.6455,12.65,12.62,136
2023-09-05 18:08:00,24187,12.6521,12.6487,12.66,12.67,12.64,210
2023-09-05 18:09:00,20764,12.6619,12.6601,12.6599,12.6706,12.6542,135
2023-09-05 18:10:00,10643,12.6638,12.655,12.6681,12.6791,12.65,116
2023-09-05 18:11:00,9851,12.6609,12.665,12.66,12.67,12.66,63
2023-09-05 18:12:00,7800,12.6545,12.66,12.655,12.66,12.65,136
2023-09-05 18:13:00,38522,12.6667,12.65,12.7,12.71,12.63,294
2023-09-05 18:14:00,41214,12.7291,12.6901,12.7301,12.75,12.6901,227
2023-09-05 18:15:00,23999,12.7504,12.7398,12.7487,12.77,12.7377,181
2023-09-05 18:16:00,10968,12.7476,12.745,12.7499,12.76,12.74,84
2023-09-05 18:17:00,17179,12.7502,12.74,12.74,12.77,12.74,180
2023-09-05 18:18:00,18817,12.7232,12.7301,12.73,12.75,12.71,136
2023-09-05 18:19:00,5032,12.7395,12.74,12.745,12.75,12.73,69
2023-09-05 18:20:00,14029,12.7531,12.7498,12.76,12.77,12.74,123
2023-09-05 18:21:00,22235,12.755,12.76,12.7592,12.7699,12.745,126
2023-09-05 18:22:00,19948,12.7724,12.7599,12.7795,12.7899,12.7519,201
2023-09-05 18:23:00,24318,12.7807,12.775,12.7811,12.79,12.77,132
2023-09-05 18:24:00,29647,12.8075,12.7801,12.8112,12.82,12.7801,213
2023-09-05 18:25:00,34249,12.8353,12.815,12.8489,12.85,12.81,239
2023-09-05 18:26:00,44615,12.8551,12.8413,12.845,12.89,12.831,250
2023-09-05 18:27:00,58040,12.8524,12.8489,12.845,12.88,12.82,325
2023-09-05 18:28:00,23453,12.8406,12.849,12.83,12.85,12.825,118
2023-09-05 18:29:00,26589,12.8079,12.835,12.795,12.835,12.79,171
2023-09-05 18:30:00,23442,12.8035,12.798,12.81,12.81,12.7921,153
2023-09-05 18:31:00,22535,12.8,12.8011,12.8,12.81,12.79,133
2023-09-05 18:32:00,28030,12.7807,12.81,12.7695,12.81,12.755,167
2023-09-05 18:33:00,17046,12.7648,12.7688,12.75,12.77,12.75,104
2023-09-05 18:34:00,32918,12.7325,12.7501,12.73,12.755,12.71,266
2023-09-05 18:35:00,30707,12.7008,12.73,12.69,12.73,12.69,161
2023-09-05 18:36:00,23458,12.7007,12.6981,12.72,12.72,12.69,167
2023-09-05 18:37:00,18075,12.7485,12.73,12.7697,12.77,12.725,151
2023-09-05 18:38:00,23960,12.7729,12.7689,12.7688,12.78,12.76,174
2023-09-05 18:39:00,29878,12.791,12.765,12.79,12.81,12.76,216
2023-09-05 18:40:00,12946,12.7987,12.795,12.815,12.82,12.7821,120
2023-09-05 18:41:00,16714,12.8243,12.8192,12.8001,12.84,12.8001,131
2023-09-05 18:42:00,5561,12.7955,12.8,12.7901,12.8,12.79,60
2023-09-05 18:43:00,23960,12.7876,12.79,12.7813,12.8,12.77,148
2023-09-05 18:44:00,21465,12.7577,12.78,12.77,12.78,12.75,165
2023-09-05 18:45:00,20012,12.7751,12.7679,12.76,12.79,12.76,160
2023-09-05 18:46:00,6026,12.7714,12.765,12.77,12.7814,12.76,99
2023-09-05 18:47:00,10472,12.7782,12.78,12.79,12.79,12.7627,80
2023-09-05 18:48:00,10184,12.7858,12.79,12.785,12.795,12.78,69
2023-09-05 18:49:00,9082,12.7809,12.79,12.7793,12.79,12.77,87
2023-09-05 18:50:00,12515,12.768,12.7712,12.75,12.775,12.75,78
2023-09-05 18:51:00,61368,12.7123,12.75,12.68,12.7511,12.68,375
2023-09-05 18:52:00,40129,12.6687,12.68,12.675,12.685,12.655,255
2023-09-05 18:53:00,47829,12.6637,12.6706,12.674,12.68,12.65,179
2023-09-05 18:54:00,13522,12.6747,12.675,12.6685,12.68,12.66,89
2023-09-05 18:55:00,16725,12.6696,12.6697,12.69,12.69,12.66,185
2023-09-05 18:56:00,74202,12.7017,12.6862,12.695,12.74,12.68,229
2023-09-05 18:57:00,123315,12.7001,12.6941,12.7074,12.72,12.685,148
2023-09-05 18:58:00,39188,12.7355,12.7094,12.7324,12.75,12.7094,156
2023-09-05 18:59:00,25282,12.7495,12.7388,12.75,12.76,12.73,213
2023-09-05 19:00:00,18750,12.7226,12.75,12.718,12.76,12.7,134
2023-09-05 19:01:00,40137,12.6675,12.71,12.655,12.71,12.6401,209
2023-09-05 19:02:00,24213,12.6374,12.6589,12.6399,12.6599,12.61,177
2023-09-05 19:03:00,19097,12.6448,12.6306,12.655,12.6699,12.6306,124
2023-09-05 19:04:00,19130,12.6534,12.655,12.6493,12.66,12.6493,130
2023-09-05 19:05:00,21570,12.656,12.645,12.6613,12.68,12.6308,166
2023-09-05 19:06:00,6810,12.6629,12.665,12.65,12.67,12.65,83
2023-09-05 19:07:00,10387,12.666,12.655,12.66,12.675,12.655,106
2023-09-05 19:08:00,13124,12.6602,12.66,12.655,12.67,12.6506,114
2023-09-05 19:09:00,18088,12.6331,12.655,12.6299,12.655,12.62,148
2023-09-05 19:10:00,6576,12.6251,12.625,12.6279,12.6298,12.62,84
2023-09-05 19:11:00,24884,12.6223,12.625,12.62,12.63,12.611,226
2023-09-05 19:12:00,24860,12.6218,12.615,12.65,12.65,12.6106,196
2023-09-05 19:13:00,18591,12.6359,12.645,12.625,12.6563,12.62,166
2023-09-05 19:14:00,34428,12.6417,12.625,12.67,12.67,12.625,253
2023-09-05 19:15:00,24261,12.6623,12.6787,12.6496,12.6861,12.64,112
2023-09-05 19:16:00,26069,12.6778,12.649,12.6792,12.69,12.649,114
2023-09-05 19:17:00,14324,12.678,12.6786,12.67,12.685,12.67,122
2023-09-05 19:18:00,13473,12.6614,12.6789,12.6588,12.6789,12.65,142
2023-09-05 19:19:00,7949,12.658,12.655,12.665,12.665,12.65,81
2023-09-05 19:20:00,21397,12.6488,12.67,12.6491,12.67,12.63,145
2023-09-05 19:21:00,19932,12.6511,12.6402,12.65,12.665,12.64,147
2023-09-05 19:22:00,11285,12.6369,12.6583,12.64,12.6588,12.63,109
2023-09-05 19:23:00,22862,12.65,12.6392,12.67,12.67,12.63,247
2023-09-05 19:24:00,26011,12.6598,12.6694,12.66,12.67,12.65,149
2023-09-05 19:25:00,27190,12.66,12.655,12.675,12.675,12.65,200
2023-09-05 19:26:00,39070,12.6669,12.6775,12.6589,12.68,12.65,169
2023-09-05 19:27:00,21193,12.6658,12.66,12.674,12.68,12.65,165
2023-09-05 19:28:00,21732,12.6714,12.6701,12.6793,12.68,12.67,41
2023-09-05 19:29:00,17208,12.6673,12.675,12.67,12.6794,12.66,164
2023-09-05 19:30:00,65418,12.6472,12.67,12.625,12.67,12.62,277
2023-09-05 19:31:00,24153,12.6373,12.625,12.645,12.6488,12.625,142
2023-09-05 19:32:00,19463,12.6585,12.65,12.667,12.67,12.645,181
2023-09-05 19:33:00,35586,12.6867,12.67,12.6787,12.7,12.67,255
2023-09-05 19:34:00,32691,12.6555,12.6724,12.625,12.679,12.6208,225
2023-09-05 19:35:00,111529,12.599,12.625,12.58,12.64,12.57,470
2023-09-05 19:36:00,26235,12.5871,12.58,12.585,12.6,12.58,174
2023-09-05 19:37:00,76992,12.5624,12.5853,12.5431,12.5853,12.5301,449
2023-09-05 19:38:00,31189,12.559,12.5599,12.565,12.57,12.5427,222
2023-09-05 19:39:00,21676,12.5768,12.565,12.5701,12.59,12.565,178
2023-09-05 19:40:00,24388,12.5707,12.575,12.58,12.58,12.56,215
2023-09-05 19:41:00,37430,12.5984,12.575,12.62,12.62,12.57,243
2023-09-05 19:42:00,36440,12.5738,12.61,12.565,12.6172,12.55,276
2023-09-05 19:43:00,21008,12.5656,12.565,12.565,12.57,12.56,126
2023-09-05 19:44:00,181584,12.5133,12.565,12.485,12.565,12.48,1009
2023-09-05 19:45:00,32301,12.4852,12.48,12.485,12.49,12.48,215
2023-09-05 19:46:00,61602,12.4862,12.4891,12.47,12.5,12.47,377
2023-09-05 19:47:00,40192,12.4723,12.475,12.47,12.4799,12.47,206
2023-09-05 19:48:00,131134,12.4459,12.47,12.4299,12.48,12.42,789
2023-09-05 19:49:00,40734,12.4394,12.425,12.445,12.45,12.42,298
2023-09-05 19:50:00,168922,12.4412,12.445,12.4398,12.48,12.42,867
2023-09-05 19:51:00,180058,12.3858,12.43,12.4,12.435,12.36,922
2023-09-05 19:52:00,46337,12.4036,12.39,12.405,12.41,12.39,310
2023-09-05 19:53:00,76746,12.4153,12.405,12.425,12.43,12.4,540
2023-09-05 19:54:00,151078,12.4225,12.425,12.425,12.45,12.405,797
2023-09-05 19:55:00,116452,12.4183,12.425,12.455,12.46,12.405,656
2023-09-05 19:56:00,140222,12.4373,12.455,12.4,12.48,12.4,892
2023-09-05 19:57:00,123730,12.4088,12.4,12.41,12.42,12.4,581
2023-09-05 19:58:00,111229,12.4105,12.41,12.415,12.42,12.4,585
2023-09-05 19:59:00,172478,12.4141,12.415,12.42,12.42,12.41,899
2023-09-05 20:00:00,4015,12.4364,12.55,12.5,12.55,12.42,22
2023-09-05 20:01:00,362,12.4824,12.4997,12.4997,12.4997,12.4997,15
2023-09-05 20:02:00,2812,12.4685,12.48,12.4693,12.48,12.46,12
2023-09-05 20:03:00,693,12.4548,12.47,12.44,12.47,12.44,15
2023-09-05 20:04:00,872,12.4503,12.44,12.47,12.47,12.44,18
2023-09-05 20:05:00,3814,12.4808,12.4701,12.45,12.5,12.45,23
2023-09-05 20:06:00,2830,12.4623,12.46,12.4601,12.47,12.46,14
2023-09-05 20:07:00,3522,12.4696,12.4612,12.47,12.49,12.4612,6
2023-09-05 20:08:00,4723,12.4624,12.46,12.49,12.49,12.46,16
2023-09-05 20:09:00,3386,12.4896,12.49,12.4899,12.49,12.48,13
2023-09-05 20:10:00,4817,12.4862,12.49,12.4901,12.5,12.48,20
2023-09-05 20:11:00,630,12.494,12.5,12.49,12.5,12.48,10
2023-09-05 20:13:00,1945,12.4392,12.47,12.42,12.47,12.42,21
2023-09-05 20:15:00,912,12.4879,12.49,12.49,12.49,12.49,13
2023-09-05 20:16:00,1973,12.495,12.5,12.47,12.5,12.47,17
2023-09-05 20:17:00,376,12.4616,12.4401,12.47,12.47,12.4401,7
2023-09-05 20:18:00,1041,12.4476,12.4689,12.43,12.4689,12.43,13
2023-09-05 20:19:00,205,12.4565,12.4515,12.4515,12.4515,12.4515,3
2023-09-05 20:20:00,2383,12.4584,12.47,12.42,12.47,12.42,11
2023-09-05 20:21:00,717,12.442,12.42,12.45,12.45,12.42,11
2023-09-05 20:23:00,312,12.4373,12.45,12.44,12.45,12.44,9
2023-09-05 20:25:00,1063,12.4212,12.42,12.42,12.42,12.42,3
2023-09-05 20:26:00,1113,12.422,12.42,12.44,12.44,12.42,5
2023-09-05 20:27:00,859,12.4261,12.44,12.42,12.44,12.42,9
2023-09-05 20:28:00,1261,12.4329,12.44,12.43,12.44,12.43,7
2023-09-05 20:29:00,2772,12.3991,12.4,12.39,12.4,12.39,34
2023-09-05 20:31:00,2973,12.3676,12.39,12.34,12.39,12.34,59
2023-09-05 20:32:00,851,12.3508,12.4,12.4,12.4,12.33,10
2023-09-05 20:34:00,142,12.3898,12.39,12.39,12.39,12.39,5
2023-09-05 20:35:00,1130,12.3904,12.39,12.39,12.4,12.39,15
2023-09-05 20:36:00,1134,12.3998,12.4,12.4,12.4,12.4,7
2023-09-05 20:37:00,537,12.4071,12.4,12.4,12.42,12.4,7
2023-09-05 20:39:00,444,12.4177,12.41,12.42,12.42,12.41,9
2023-09-05 20:40:00,2097,12.4204,12.42,12.42,12.42,12.42,8
2023-09-05 20:42:00,1659,12.4311,12.44,12.42,12.44,12.42,13
2023-09-05 20:43:00,1801,12.3757,12.38,12.37,12.38,12.37,15
2023-09-05 20:44:00,593,12.4346,12.4385,12.43,12.4385,12.43,6
2023-09-05 20:45:00,22780,12.4199,12.4297,12.4297,12.4297,12.4297,8
2023-09-05 20:46:00,235,12.4297,12.43,12.43,12.43,12.43,8
2023-09-05 20:47:00,133,12.43,12.43,12.43,12.43,12.43,4
2023-09-05 20:48:00,224,12.4256,12.42,12.42,12.42,12.42,7
2023-09-05 20:49:00,286,12.378,12.37,12.37,12.37,12.37,7
2023-09-05 20:51:00,1210,12.3719,12.37,12.36,12.37,12.36,22
2023-09-05 20:53:00,103,12.3984,12.3985,12.3985,12.3985,12.3985,3
2023-09-05 20:54:00,241,12.3982,12.4,12.4,12.4,12.4,11
2023-09-05 20:56:00,300,12.3986,12.4,12.4,12.4,12.4,3
2023-09-05 20:58:00,670,12.3925,12.39,12.39,12.39,12.39,9
2023-09-05 21:00:00,1508,12.3912,12.3988,12.4,12.4,12.37,7
2023-09-05 21:01:00,357,12.3995,12.4,12.4,12.4,12.4,7
2023-09-05 21:02:00,439,12.4,12.4,12.4,12.4,12.4,10
2023-09-05 21:03:00,2166,12.3914,12.4,12.3907,12.4,12.3907,3
2023-09-05 21:06:00,1294,12.4087,12.41,12.41,12.41,12.41,12
2023-09-05 21:08:00,378,12.4399,12.44,12.44,12.44,12.44,8
2023-09-05 21:09:00,2155,12.4392,12.4386,12.44,12.44,12.4386,9
2023-09-05 21:10:00,102,12.4485,12.4485,12.4485,12.4485,12.4485,2
2023-09-05 21:11:00,230,12.4495,12.45,12.45,12.45,12.45,5
2023-09-05 21:12:00,131,12.45,12.45,12.45,12.45,12.45,4
2023-09-05 21:13:00,692,12.4426,12.44,12.44,12.44,12.44,15
2023-09-05 21:15:00,203,12.4796,12.48,12.48,12.48,12.48,5
2023-09-05 21:17:00,1120,12.4733,12.48,12.47,12.48,12.47,8
2023-09-05 21:18:00,220,12.4793,12.48,12.4793,12.48,12.4793,5
2023-09-05 21:19:00,176,12.4799,12.48,12.48,12.48,12.48,8
2023-09-05 21:20:00,2001,12.4746,12.47,12.48,12.48,12.47,9
2023-09-05 21:21:00,197,12.4725,12.4701,12.4701,12.4701,12.4701,2
2023-09-05 21:22:00,248,12.4718,12.47,12.4704,12.4704,12.47,6
2023-09-05 21:24:00,339,12.4701,12.47,12.47,12.47,12.47,12
2023-09-05 21:26:00,1918,12.4756,12.48,12.47,12.48,12.47,10
2023-09-05 21:27:00,833,12.4761,12.4701,12.48,12.48,12.4701,8
2023-09-05 21:28:00,1153,12.4701,12.47,12.47,12.47,12.47,14
2023-09-05 21:30:00,1301,12.4748,12.48,12.47,12.48,12.47,5
2023-09-05 21:31:00,3673,12.4744,12.47,12.47,12.48,12.47,13
2023-09-05 21:32:00,603,12.4819,12.49,12.48,12.49,12.48,6
2023-09-05 21:33:00,110,12.4715,12.47,12.47,12.47,12.47,6
2023-09-05 21:34:00,305,12.4818,12.4882,12.4882,12.4882,12.4882,16
2023-09-05 21:36:00,125,12.458,12.45,12.45,12.45,12.45,8
2023-09-05 21:40:00,755,12.4597,12.47,12.45,12.47,12.45,20
2023-09-05 21:42:00,533,12.4501,12.45,12.45,12.45,12.45,5
2023-09-05 21:43:00,471,12.4501,12.45,12.4501,12.4501,12.45,5
2023-09-05 21:44:00,138,12.4525,12.45,12.45,12.45,12.45,9
2023-09-05 21:45:00,511,12.4595,12.46,12.46,12.46,12.46,3
2023-09-05 21:53:00,139,12.49,12.49,12.49,12.49,12.49,2
2023-09-05 21:55:00,1806,12.4952,12.49,12.4999,12.4999,12.49,8
2023-09-05 21:57:00,17372,12.5806,12.5,12.6,12.6,12.47,25
2023-09-05 21:58:00,787,12.5869,12.6,12.51,12.6,12.51,8
2023-09-05 22:00:00,606,12.585,12.59,12.59,12.59,12.59,13
2023-09-05 22:02:00,603,12.5592,12.55,12.55,12.55,12.55,10
2023-09-05 22:03:00,543,12.5604,12.55,12.58,12.58,12.55,11
2023-09-05 22:07:00,128,12.5761,12.57,12.57,12.57,12.57,3
2023-09-05 22:08:00,516,12.5989,12.6,12.6,12.6,12.6,7
2023-09-05 22:12:00,300,12.5767,12.55,12.59,12.59,12.55,2
2023-09-05 22:17:00,340,12.5883,12.6,12.5801,12.6,12.5801,8
2023-09-05 22:18:00,209,12.5993,12.6,12.6,12.6,12.6,7
2023-09-05 22:24:00,1093,12.6385,12.6389,12.6389,12.6389,12.6389,8
2023-09-05 22:25:00,2146,12.6468,12.64,12.6498,12.65,12.64,13
2023-09-05 22:26:00,576,12.6526,12.65,12.65,12.65,12.65,6
2023-09-05 22:27:00,288,12.6596,12.66,12.66,12.66,12.66,5
2023-09-05 22:29:00,1172,12.6496,12.65,12.65,12.65,12.65,10
2023-09-05 22:30:00,120,12.6429,12.64,12.64,12.64,12.64,3
2023-09-05 22:31:00,2235,12.6401,12.64,12.64,12.64,12.64,9
2023-09-05 22:32:00,503,12.6401,12.64,12.64,12.64,12.64,2
2023-09-05 22:34:00,1031,12.6489,12.64,12.66,12.66,12.64,6
2023-09-05 22:35:00,221,12.6459,12.65,12.64,12.65,12.64,6
2023-09-05 22:36:00,1011,12.626,12.66,12.64,12.66,12.6,6
2023-09-05 22:37:00,260,12.6404,12.64,12.64,12.64,12.64,3
2023-09-05 22:41:00,154,12.62,12.62,12.62,12.62,12.62,2
2023-09-05 22:42:00,805,12.62,12.62,12.62,12.62,12.62,4
2023-09-05 22:48:00,201,12.6319,12.64,12.64,12.64,12.64,4
2023-09-05 22:50:00,2498,12.6449,12.64,12.65,12.65,12.64,14
2023-09-05 22:55:00,701,12.6054,12.6,12.6,12.6,12.6,13
2023-09-05 22:57:00,410,12.64,12.64,12.64,12.64,12.64,2
2023-09-05 22:59:00,103,12.6382,12.6381,12.6381,12.6381,12.6381,3
2023-09-05 23:05:00,221,12.6398,12.64,12.64,12.64,12.64,3
2023-09-05 23:09:00,146,12.6211,12.62,12.62,12.62,12.62,6
2023-09-05 23:11:00,353,12.62,12.62,12.62,12.62,12.62,3
2023-09-05 23:17:00,210,12.62,12.62,12.62,12.62,12.62,2
2023-09-05 23:19:00,258,12.6196,12.6193,12.62,12.62,12.6193,4
2023-09-05 23:20:00,283,12.62,12.62,12.62,12.62,12.62,3
2023-09-05 23:21:00,184,12.6001,12.6,12.6,12.6,12.6,3
2023-09-05 23:28:00,750,12.6,12.6,12.6,12.6,12.6,10
2023-09-05 23:30:00,200,12.595,12.6,12.59,12.6,12.59,2
2023-09-05 23:31:00,200,12.59,12.6,12.58,12.6,12.58,2
2023-09-05 23:32:00,221,12.5819,12.58,12.58,12.58,12.58,4
2023-09-05 23:33:00,162,12.6,12.6,12.6,12.6,12.6,4
2023-09-05 23:34:00,172,12.6,12.6,12.6,12.6,12.6,1
2023-09-05 23:37:00,787,12.606,12.58,12.62,12.62,12.58,6
2023-09-05 23:38:00,591,12.6113,12.62,12.59,12.62,12.59,3
2023-09-05 23:40:00,100,12.61,12.61,12.61,12.61,12.61,1
2023-09-05 23:42:00,105,12.619,12.619,12.619,12.619,12.619,2
2023-09-05 23:47:00,218,12.5811,12.58,12.58,12.58,12.58,6
2023-09-05 23:51:00,800,12.5688,12.55,12.55,12.58,12.55,3
2023-09-05 23:52:00,100,12.58,12.58,12.58,12.58,12.58,1
2023-09-05 23:53:00,300,12.5518,12.55,12.55,12.55,12.55,6
2023-09-05 23:54:00,253,12.557,12.55,12.55,12.55,12.55,5
2023-09-05 23:56:00,617,12.5519,12.56,12.55,12.56,12.55,7
2023-09-05 23:57:00,251,12.5499,12.55,12.55,12.55,12.55,2
2023-09-05 23:58:00,367,12.555,12.549,12.55,12.55,12.549,4
2023-09-05 23:59:00,1856,12.5264,12.53,12.55,12.55,12.52,6
