t,v,vw,o,c,h,l,n
2024-02-21 14:30:00,12404,14.8598,14.86,14.9,14.9,14.785,107
2024-02-21 14:31:00,1285,14.9508,14.925,14.96,14.98,14.925,10
2024-02-21 14:33:00,4921,14.9551,14.98,14.936,14.98,14.93,56
2024-02-21 14:34:00,2181,14.9203,14.95,14.9,14.95,14.9,26
2024-02-21 14:35:00,1696,14.9178,14.91,14.92,14.92,14.91,27
2024-02-21 14:36:00,461,14.9102,14.91,14.91,14.91,14.91,17
2024-02-21 14:37:00,5955,14.9147,14.915,14.9,14.925,14.9,61
2024-02-21 14:38:00,480,14.901,14.9,14.9,14.9,14.9,11
2024-02-21 14:39:00,3276,14.915,14.9075,14.92,14.92,14.9075,53
2024-02-21 14:40:00,844,14.9268,14.93,14.92,14.93,14.92,15
2024-02-21 14:41:00,3585,14.9228,14.925,14.918,14.93,14.915,39
2024-02-21 14:42:00,1174,14.9174,14.91,14.92,14.92,14.91,21
2024-02-21 14:43:00,3817,14.9557,14.925,14.98,14.98,14.925,58
2024-02-21 14:44:00,3091,14.9973,14.9771,15.01,15.01,14.975,40
2024-02-21 14:45:00,5660,14.9874,15.005,14.9839,15.005,14.975,31
2024-02-21 14:46:00,7441,14.992,14.99,14.98,15.01,14.98,68
2024-02-21 14:47:00,2820,14.9601,14.97,14.96,14.97,14.95,35
2024-02-21 14:48:00,13551,14.9314,14.96,14.94,14.97,14.91,124
2024-02-21 14:49:00,2215,14.9445,14.935,14.96,14.96,14.935,28
2024-02-21 14:50:00,4477,14.9612,14.955,14.975,14.975,14.955,45
2024-02-21 14:51:00,351,14.9769,14.975,14.98,14.98,14.975,5
2024-02-21 14:52:00,2618,14.9842,14.98,14.99,14.99,14.98,28
2024-02-21 14:53:00,1229,14.9872,14.99,14.985,14.99,14.985,19
2024-02-21 14:54:00,3913,14.9732,14.98,14.9528,14.98,14.9528,26
2024-02-21 14:55:00,3161,14.9365,14.955,14.93,14.955,14.92,33
2024-02-21 14:56:00,293,14.9349,14.935,14.935,14.935,14.935,5
2024-02-21 14:57:00,1306,14.9331,14.93,14.92,14.93,14.92,18
2024-02-21 14:58:00,3954,14.917,14.92,14.935,14.935,14.91,45
2024-02-21 14:59:00,339,14.9345,14.935,14.935,14.935,14.935,11
2024-02-21 15:00:00,3234,14.9165,14.93,14.915,14.93,14.9,33
2024-02-21 15:01:00,2177,14.9026,14.91,14.89,14.91,14.89,21
2024-02-21 15:02:00,1856,14.904,14.895,14.915,14.915,14.895,19
2024-02-21 15:03:00,3580,14.9234,14.92,14.905,14.935,14.905,41
2024-02-21 15:04:00,4805,14.9003,14.905,14.905,14.905,14.89,45
2024-02-21 15:05:00,4796,14.8746,14.9,14.87,14.9,14.86,54
2024-02-21 15:06:00,2893,14.8479,14.86,14.84,14.86,14.84,34
2024-02-21 15:07:00,4711,14.8593,14.845,14.875,14.875,14.845,48
2024-02-21 15:08:00,4675,14.8719,14.87,14.87,14.88,14.865,48
2024-02-21 15:09:00,2075,14.8747,14.88,14.87,14.885,14.87,31
2024-02-21 15:10:00,500,14.864,14.865,14.865,14.865,14.86,6
2024-02-21 15:11:00,1872,14.8733,14.865,14.88,14.88,14.865,29
2024-02-21 15:12:00,4360,14.8769,14.88,14.86,14.88,14.86,39
2024-02-21 15:13:00,201,14.8625,14.865,14.86,14.865,14.86,3
2024-02-21 15:14:00,1479,14.8558,14.86,14.855,14.86,14.85,22
2024-02-21 15:15:00,4306,14.8587,14.85,14.855,14.86,14.85,46
2024-02-21 15:16:00,1706,14.847,14.855,14.84,14.855,14.84,19
2024-02-21 15:17:00,4796,14.8342,14.84,14.84,14.84,14.825,66
2024-02-21 15:18:00,5098,14.845,14.845,14.845,14.845,14.845,5
2024-02-21 15:19:00,6966,14.8649,14.85,14.875,14.88,14.85,73
2024-02-21 15:20:00,987,14.8749,14.875,14.88,14.88,14.875,13
2024-02-21 15:21:00,3220,14.8855,14.89,14.875,14.9,14.875,37
2024-02-21 15:22:00,315,14.8717,14.87,14.875,14.875,14.87,7
2024-02-21 15:24:00,5503,14.8611,14.87,14.85,14.87,14.85,61
2024-02-21 15:25:00,1004,14.8502,14.845,14.86,14.86,14.845,15
2024-02-21 15:26:00,1218,14.8594,14.855,14.855,14.865,14.855,20
2024-02-21 15:27:00,2035,14.8596,14.855,14.865,14.87,14.85,21
2024-02-21 15:28:00,3910,14.863,14.865,14.855,14.87,14.85,16
2024-02-21 15:29:00,7782,14.8733,14.855,14.875,14.88,14.85,71
2024-02-21 15:30:00,2506,14.8706,14.88,14.88,14.88,14.87,30
2024-02-21 15:31:00,5527,14.862,14.87,14.85,14.87,14.85,44
2024-02-21 15:32:00,5769,14.8205,14.84,14.805,14.84,14.805,51
2024-02-21 15:33:00,1320,14.7948,14.801,14.79,14.801,14.79,16
2024-02-21 15:34:00,6276,14.803,14.795,14.8,14.81,14.7901,79
2024-02-21 15:35:00,2983,14.8155,14.805,14.82,14.82,14.805,36
2024-02-21 15:36:00,2275,14.8196,14.82,14.81,14.825,14.81,26
2024-02-21 15:37:00,1357,14.8052,14.81,14.8,14.815,14.8,22
2024-02-21 15:38:00,2469,14.8002,14.8,14.805,14.805,14.8,27
2024-02-21 15:39:00,1089,14.8065,14.805,14.81,14.81,14.8,14
2024-02-21 15:40:00,2187,14.8006,14.8,14.8075,14.8075,14.795,30
2024-02-21 15:41:00,1204,14.805,14.805,14.805,14.81,14.805,15
2024-02-21 15:42:00,192510,14.8158,14.805,14.91,14.91,14.805,356
2024-02-21 15:43:00,14053,14.9132,14.9,14.935,14.94,14.89,58
2024-02-21 15:44:00,4896,14.9371,14.93,14.96,14.96,14.925,38
2024-02-21 15:45:00,611,14.8924,14.955,14.96,14.96,14.955,7
2024-02-21 15:46:00,4808,14.945,14.955,14.945,14.9589,14.94,54
2024-02-21 15:47:00,17672,14.9499,14.95,14.955,14.96,14.945,139
2024-02-21 15:48:00,5072,14.9758,14.96,14.985,14.99,14.96,51
2024-02-21 15:49:00,6625,14.9981,14.99,15.0,15.005,14.99,56
2024-02-21 15:50:00,2173,14.9873,15.0,14.975,15.0,14.975,28
2024-02-21 15:51:00,5595,14.9734,14.97,15.0,15.0,14.95,69
2024-02-21 15:52:00,5886,14.9996,14.995,14.988,15.01,14.988,54
2024-02-21 15:53:00,8565,15.0038,14.985,15.02,15.02,14.98,95
2024-02-21 15:54:00,9496,15.0149,15.025,15.005,15.025,15.0,66
2024-02-21 15:55:00,20460,14.9607,15.0,14.935,15.0,14.93,218
2024-02-21 15:56:00,2414,14.9347,14.94,14.925,14.94,14.92,33
2024-02-21 15:57:00,20043,14.9209,14.92,14.94,14.94,14.915,113
2024-02-21 15:58:00,1616,14.9334,14.935,14.935,14.935,14.93,22
2024-02-21 15:59:00,4414,14.9434,14.93,14.955,14.96,14.93,54
2024-02-21 16:00:00,1916,14.9477,14.955,14.94,14.96,14.94,24
2024-02-21 16:01:00,813,14.9413,14.94,14.94,14.9475,14.94,10
2024-02-21 16:02:00,1836,14.9363,14.94,14.93,14.94,14.93,25
2024-02-21 16:03:00,4163,14.9215,14.93,14.92,14.93,14.91,52
2024-02-21 16:04:00,4105,14.9313,14.925,14.95,14.95,14.92,48
2024-02-21 16:05:00,3087,14.9504,14.945,14.96,14.96,14.945,36
2024-02-21 16:06:00,3408,14.9721,14.965,14.98,14.98,14.965,37
2024-02-21 16:07:00,2866,14.981,14.985,14.98,14.99,14.98,30
2024-02-21 16:08:00,1901,14.9797,14.98,14.975,14.985,14.975,26
2024-02-21 16:09:00,533,14.9748,14.975,14.97,14.98,14.97,14
2024-02-21 16:10:00,2838,14.9657,14.975,14.975,14.975,14.96,39
2024-02-21 16:11:00,1186,14.9711,14.975,14.965,14.9775,14.965,16
2024-02-21 16:12:00,1915,14.9722,14.9625,14.975,14.98,14.9625,23
2024-02-21 16:13:00,278,14.9763,14.975,14.975,14.975,14.975,5
2024-02-21 16:14:00,42727,14.9527,14.97,14.98,14.99,14.92,382
2024-02-21 16:15:00,4095,14.9814,14.98,14.975,14.99,14.975,52
2024-02-21 16:16:00,1196,14.9708,14.975,14.97,14.975,14.97,9
2024-02-21 16:17:00,899,14.9733,14.975,14.97,14.975,14.97,12
2024-02-21 16:18:00,810,14.9718,14.97,14.97,14.975,14.97,17
2024-02-21 16:19:00,2082,14.9754,14.97,14.975,14.98,14.97,20
2024-02-21 16:20:00,4391,14.9809,14.98,14.99,14.99,14.98,46
2024-02-21 16:22:00,224,14.9803,14.98,14.98,14.98,14.98,6
2024-02-21 16:23:00,7862,14.9784,14.985,14.975,14.985,14.97,75
2024-02-21 16:24:00,1557,14.9737,14.975,14.97,14.975,14.97,22
2024-02-21 16:25:00,8130,14.9706,14.975,14.98,14.98,14.96,85
2024-02-21 16:26:00,8651,14.9911,14.975,15.01,15.01,14.975,91
2024-02-21 16:27:00,28602,14.9906,15.01,14.99,15.02,14.96,261
2024-02-21 16:28:00,3214,14.9808,14.99,14.975,14.99,14.975,37
2024-02-21 16:29:00,602,14.9754,14.975,14.9725,14.98,14.9725,8
2024-02-21 16:30:00,6515,14.9766,14.975,14.98,14.98,14.975,64
2024-02-21 16:31:00,8011,14.9866,14.98,14.99,14.99,14.98,84
2024-02-21 16:32:00,25898,14.9677,14.985,14.97,14.9975,14.95,204
2024-02-21 16:33:00,14202,14.9824,14.97,14.985,15.0,14.97,157
2024-02-21 16:34:00,3614,14.9923,14.99,14.995,15.0,14.99,49
2024-02-21 16:35:00,1377,14.9963,15.0,14.995,15.0,14.995,6
2024-02-21 16:36:00,6581,14.9871,14.995,14.98,15.0,14.975,52
2024-02-21 16:37:00,31443,14.9901,14.9775,15.0,15.0,14.97,141
2024-02-21 16:38:00,224,15.0048,15.005,15.005,15.005,15.005,6
2024-02-21 16:39:00,1006,15.0026,15.0001,15.0001,15.0001,15.0001,9
2024-02-21 16:40:00,9680,15.0031,15.01,15.02,15.02,14.995,90
2024-02-21 16:41:00,6569,15.0254,15.02,15.04,15.04,15.02,35
2024-02-21 16:42:00,1353,15.0228,15.04,15.035,15.04,15.03,16
2024-02-21 16:43:00,6688,15.0219,15.035,15.005,15.0375,15.005,83
2024-02-21 16:44:00,1912,15.0035,15.005,15.0,15.005,15.0,33
2024-02-21 16:45:00,860,14.9996,15.0,15.0,15.005,15.0,16
2024-02-21 16:46:00,554,14.9913,14.99,14.995,14.995,14.99,11
2024-02-21 16:47:00,531,14.9912,14.99,14.99,14.99,14.99,10
2024-02-21 16:48:00,30383,14.9619,14.995,14.965,14.995,14.94,204
2024-02-21 16:49:00,5048,14.9775,14.97,14.99,14.99,14.97,51
2024-02-21 16:50:00,1553,14.9928,14.985,14.995,15.0,14.985,21
2024-02-21 16:51:00,333,14.9965,14.995,15.0,15.0,14.995,7
2024-02-21 16:52:00,698,14.9974,14.9975,15.0,15.0,14.995,12
2024-02-21 16:53:00,783,14.9955,14.9975,15.0,15.0,14.9975,15
2024-02-21 16:54:00,4444,14.9838,14.99,14.975,14.99,14.975,54
2024-02-21 16:55:00,20326,14.9859,14.97,15.005,15.005,14.97,140
2024-02-21 16:57:00,308,15.0083,15.005,15.01,15.01,15.005,6
2024-02-21 16:58:00,3915,15.0116,15.005,15.02,15.02,15.005,37
2024-02-21 16:59:00,340,15.0194,15.02,15.02,15.02,15.02,7
2024-02-21 17:00:00,1365,15.0168,15.015,15.015,15.02,15.015,23
2024-02-21 17:01:00,814,15.0141,15.0112,15.015,15.0175,15.0112,17
2024-02-21 17:02:00,12492,15.0145,15.015,15.005,15.025,15.005,150
2024-02-21 17:03:00,728,15.0049,15.005,15.005,15.005,15.005,11
2024-02-21 17:04:00,3093,14.9991,15.0,14.995,15.0,14.995,37
2024-02-21 17:05:00,3769,14.9844,14.99,14.985,14.99,14.975,51
2024-02-21 17:06:00,4695,14.9883,14.98,14.985,14.9899,14.98,21
2024-02-21 17:07:00,1342,14.9801,14.98,14.975,14.985,14.975,24
2024-02-21 17:08:00,1260,14.9715,14.97,14.975,14.975,14.97,24
2024-02-21 17:09:00,3465,14.9671,14.97,14.96,14.97,14.96,51
2024-02-21 17:10:00,2409,14.9636,14.965,14.965,14.965,14.96,25
2024-02-21 17:11:00,3636,14.9617,14.965,14.96,14.965,14.955,48
2024-02-21 17:12:00,4186,14.9592,14.96,14.96,14.965,14.95,53
2024-02-21 17:13:00,1983,14.965,14.965,14.96,14.97,14.96,30
2024-02-21 17:14:00,1812,14.9633,14.965,14.96,14.965,14.96,24
2024-02-21 17:15:00,5464,14.9495,14.96,14.945,14.965,14.935,54
2024-02-21 17:16:00,5014,14.9486,14.945,14.96,14.96,14.94,60
2024-02-21 17:17:00,1645,14.9507,14.955,14.945,14.955,14.945,21
2024-02-21 17:18:00,1202,14.9483,14.9499,14.945,14.9499,14.945,9
2024-02-21 17:19:00,2478,14.9512,14.95,14.955,14.955,14.95,32
2024-02-21 17:20:00,2396,14.9502,14.955,14.94,14.955,14.94,37
2024-02-21 17:21:00,224,14.9405,14.94,14.94,14.94,14.94,4
2024-02-21 17:22:00,33491,14.9216,14.94,14.94,14.945,14.905,187
2024-02-21 17:23:00,5176,14.9175,14.935,14.895,14.94,14.895,83
2024-02-21 17:24:00,1247,14.8927,14.895,14.89,14.895,14.89,22
2024-02-21 17:25:00,16944,14.9112,14.89,14.92,14.93,14.89,130
2024-02-21 17:26:00,9024,14.9327,14.93,14.94,14.94,14.925,46
2024-02-21 17:27:00,17391,14.9459,14.935,14.94,14.96,14.935,167
2024-02-21 17:28:00,307,14.9376,14.935,14.94,14.94,14.935,12
2024-02-21 17:29:00,202812,14.9495,14.93,14.95,14.95,14.915,50
2024-02-21 17:30:00,30225,14.9665,14.96,14.98,14.99,14.93,291
2024-02-21 17:31:00,6291,14.967,14.975,14.97,14.98,14.95,80
2024-02-21 17:32:00,928,14.966,14.97,14.96,14.975,14.96,12
2024-02-21 17:33:00,1543,14.949,14.95,14.94,14.95,14.94,18
2024-02-21 17:34:00,3872,14.9545,14.945,14.965,14.965,14.945,38
2024-02-21 17:35:00,1292,14.9655,14.965,14.965,14.97,14.9643,13
2024-02-21 17:36:00,3373,14.9548,14.97,14.945,14.97,14.945,25
2024-02-21 17:37:00,632,14.9408,14.94,14.945,14.945,14.94,12
2024-02-21 17:38:00,7975,14.9566,14.94,14.98,14.98,14.94,100
2024-02-21 17:39:00,5258,14.9835,14.98,14.995,14.995,14.98,31
2024-02-21 17:40:00,508,14.996,14.995,15.0,15.0,14.995,7
2024-02-21 17:41:00,5862,14.9996,14.995,15.005,15.01,14.99,50
2024-02-21 17:42:00,61284,14.9859,15.01,15.005,15.02,14.95,471
2024-02-21 17:43:00,4985,15.013,15.01,15.02,15.02,15.005,39
2024-02-21 17:44:00,7196,15.0055,15.015,15.0,15.015,14.99,58
2024-02-21 17:45:00,7543,14.9883,15.0,14.99,15.0,14.98,51
2024-02-21 17:46:00,948,14.9817,14.985,14.985,14.985,14.98,12
2024-02-21 17:47:00,3867,14.982,14.985,14.99,14.99,14.975,43
2024-02-21 17:48:00,666,14.9829,14.99,14.98,14.99,14.98,10
2024-02-21 17:49:00,3564,14.9908,14.985,15.0,15.0,14.985,36
2024-02-21 17:50:00,3706,15.0032,15.0,15.01,15.01,15.0,38
2024-02-21 17:51:00,750,15.0077,15.01,15.01,15.01,15.005,10
2024-02-21 17:52:00,1166,15.0082,15.01,15.005,15.01,15.005,16
2024-02-21 17:53:00,1647,15.0053,15.01,15.005,15.01,15.005,26
2024-02-21 17:54:00,857,15.0047,15.005,15.005,15.01,15.0,19
2024-02-21 17:55:00,5073,15.0033,15.005,15.005,15.005,15.0,26
2024-02-21 17:56:00,839,15.0012,15.0,15.0,15.005,15.0,16
2024-02-21 17:57:00,1384,15.0004,15.0,15.0,15.005,15.0,25
2024-02-21 17:58:00,1572,15.0049,15.005,15.01,15.01,15.0,14
2024-02-21 17:59:00,18894,15.0414,15.01,15.07,15.07,15.01,87
2024-02-21 18:00:00,4679,15.0691,15.07,15.08,15.08,15.065,47
2024-02-21 18:01:00,20429,15.0651,15.075,15.065,15.08,15.05,245
2024-02-21 18:02:00,1108,15.0586,15.065,15.06,15.065,15.055,19
2024-02-21 18:03:00,3441,15.0724,15.06,15.085,15.085,15.06,47
2024-02-21 18:04:00,4324,15.0799,15.08,15.085,15.09,15.075,51
2024-02-21 18:05:00,14053,15.0959,15.085,15.095,15.1,15.08,82
2024-02-21 18:06:00,2956,15.1046,15.1,15.12,15.12,15.095,44
2024-02-21 18:07:00,2587,15.103,15.115,15.1,15.12,15.095,28
2024-02-21 18:08:00,2136,15.0984,15.098,15.095,15.1,15.095,21
2024-02-21 18:09:00,2469,15.1016,15.1,15.1,15.11,15.1,20
2024-02-21 18:10:00,1443,15.1079,15.11,15.12,15.12,15.11,16
2024-02-21 18:11:00,2547,15.1126,15.115,15.105,15.1188,15.105,24
2024-02-21 18:12:00,497,15.1049,15.105,15.105,15.105,15.105,7
2024-02-21 18:13:00,38509,15.0863,15.105,15.105,15.11,15.06,310
2024-02-21 18:14:00,3801,15.108,15.105,15.105,15.11,15.105,37
2024-02-21 18:15:00,773,15.1064,15.105,15.105,15.1075,15.105,9
2024-02-21 18:16:00,2794,15.1127,15.11,15.125,15.125,15.105,37
2024-02-21 18:17:00,7466,15.1251,15.125,15.125,15.13,15.119,41
2024-02-21 18:18:00,952,15.1255,15.13,15.12,15.13,15.12,10
2024-02-21 18:19:00,9706,15.1058,15.125,15.105,15.125,15.095,70
2024-02-21 18:20:00,915,15.1122,15.11,15.12,15.12,15.11,15
2024-02-21 18:21:00,2943,15.1103,15.115,15.115,15.12,15.11,34
2024-02-21 18:22:00,300,15.12,15.12,15.12,15.12,15.12,3
2024-02-21 18:23:00,764,15.12,15.12,15.12,15.12,15.12,15
2024-02-21 18:24:00,2999,15.1219,15.13,15.12,15.13,15.12,29
2024-02-21 18:25:00,1716,15.1145,15.115,15.115,15.12,15.11,21
2024-02-21 18:26:00,3901,15.1069,15.11,15.105,15.11,15.105,26
2024-02-21 18:27:00,1367,15.1061,15.105,15.105,15.11,15.1,19
2024-02-21 18:28:00,874,15.1032,15.105,15.1,15.105,15.1,17
2024-02-21 18:29:00,382,15.104,15.105,15.105,15.105,15.105,5
2024-02-21 18:30:00,697,15.1057,15.105,15.105,15.11,15.105,13
2024-02-21 18:31:00,4018,15.0991,15.105,15.095,15.105,15.095,36
2024-02-21 18:32:00,1286,15.0947,15.095,15.095,15.1,15.0925,16
2024-02-21 18:33:00,6851,15.1044,15.095,15.12,15.12,15.095,78
2024-02-21 18:34:00,121,15.1151,15.115,15.115,15.115,15.115,3
2024-02-21 18:35:00,500,15.1106,15.115,15.115,15.115,15.115,6
2024-02-21 18:36:00,3221,15.1216,15.115,15.125,15.13,15.115,43
2024-02-21 18:37:00,1913,15.1313,15.13,15.14,15.14,15.13,22
2024-02-21 18:38:00,602,15.1385,15.138,15.1399,15.1399,15.138,9
2024-02-21 18:39:00,1002,15.1395,15.14,15.14,15.14,15.14,15
2024-02-21 18:40:00,1202,15.1342,15.13,15.14,15.14,15.13,18
2024-02-21 18:41:00,15383,15.1406,15.1375,15.15,15.155,15.13,134
2024-02-21 18:42:00,32631,15.1172,15.145,15.13,15.145,15.1,275
2024-02-21 18:43:00,3878,15.1312,15.125,15.135,15.14,15.125,44
2024-02-21 18:44:00,2360,15.1343,15.135,15.135,15.135,15.13,25
2024-02-21 18:45:00,2918,15.1291,15.135,15.12,15.135,15.12,25
2024-02-21 18:46:00,11043,15.1197,15.12,15.115,15.13,15.115,66
2024-02-21 18:47:00,2243,15.1068,15.11,15.105,15.11,15.1,26
2024-02-21 18:48:00,401,15.105,15.11,15.1,15.11,15.1,5
2024-02-21 18:49:00,2317,15.1116,15.11,15.115,15.115,15.11,32
2024-02-21 18:50:00,655,15.115,15.115,15.115,15.115,15.115,9
2024-02-21 18:51:00,4204,15.11,15.11,15.115,15.115,15.1,57
2024-02-21 18:52:00,2235,15.1213,15.12,15.125,15.13,15.12,28
2024-02-21 18:53:00,1446,15.1253,15.125,15.125,15.13,15.125,16
2024-02-21 18:54:00,604,15.1267,15.125,15.125,15.13,15.125,9
2024-02-21 18:55:00,1153,15.1248,15.125,15.125,15.125,15.125,12
2024-02-21 18:56:00,1153,15.125,15.125,15.125,15.125,15.125,15
2024-02-21 18:57:00,2628,15.1246,15.125,15.125,15.125,15.12,19
2024-02-21 18:58:00,915,15.1233,15.125,15.12,15.125,15.12,12
2024-02-21 18:59:00,531,15.1247,15.125,15.125,15.125,15.125,7
2024-02-21 19:00:00,5509,15.1318,15.13,15.14,15.14,15.13,55
2024-02-21 19:01:00,2381,15.1358,15.135,15.1399,15.1399,15.13,23
2024-02-21 19:02:00,6215,15.1227,15.13,15.115,15.13,15.115,61
2024-02-21 19:03:00,7575,15.1307,15.12,15.15,15.15,15.12,94
2024-02-21 19:04:00,1296,15.1475,15.15,15.145,15.15,15.145,21
2024-02-21 19:05:00,3022,15.1388,15.14,15.135,15.15,15.135,24
2024-02-21 19:06:00,2038,15.1338,15.14,15.13,15.14,15.13,29
2024-02-21 19:07:00,1922,15.1391,15.135,15.125,15.135,15.125,24
2024-02-21 19:08:00,831,15.1271,15.125,15.13,15.13,15.125,10
2024-02-21 19:09:00,2239,15.1253,15.13,15.125,15.13,15.12,18
2024-02-21 19:10:00,5423,15.1182,15.12,15.115,15.125,15.11,38
2024-02-21 19:11:00,9242,15.1214,15.115,15.13,15.13,15.115,93
2024-02-21 19:12:00,962,15.1252,15.13,15.13,15.13,15.125,12
2024-02-21 19:13:00,317,15.1279,15.125,15.13,15.13,15.125,4
2024-02-21 19:14:00,8655,15.1224,15.125,15.125,15.13,15.12,72
2024-02-21 19:15:00,8951,15.1158,15.125,15.11,15.125,15.1,56
2024-02-21 19:16:00,4901,15.1097,15.105,15.115,15.12,15.1,40
2024-02-21 19:17:00,6943,15.1286,15.115,15.14,15.14,15.115,81
2024-02-21 19:18:00,987,15.1447,15.14,15.15,15.15,15.14,15
2024-02-21 19:19:00,4712,15.1416,15.145,15.14,15.145,15.14,33
2024-02-21 19:20:00,1288,15.135,15.14,15.135,15.14,15.13,6
2024-02-21 19:21:00,675,15.1335,15.135,15.13,15.135,15.13,6
2024-02-21 19:22:00,792,15.1344,15.135,15.135,15.135,15.13,11
2024-02-21 19:23:00,10429,15.1219,15.135,15.12,15.135,15.105,98
2024-02-21 19:24:00,467,15.1115,15.11,15.115,15.115,15.11,9
2024-02-21 19:25:00,2290,15.1066,15.11,15.105,15.11,15.1,24
2024-02-21 19:26:00,722,15.1055,15.1,15.105,15.105,15.1,10
2024-02-21 19:27:00,776,15.1082,15.105,15.105,15.11,15.105,13
2024-02-21 19:28:00,3752,15.1114,15.11,15.12,15.12,15.11,43
2024-02-21 19:29:00,140,15.1174,15.12,15.12,15.12,15.12,7
2024-02-21 19:30:00,4106,15.1004,15.11,15.08,15.11,15.08,39
2024-02-21 19:31:00,1441,15.0795,15.085,15.0775,15.085,15.075,14
2024-02-21 19:32:00,3473,15.0804,15.075,15.085,15.09,15.075,45
2024-02-21 19:33:00,5206,15.0941,15.085,15.105,15.1075,15.085,46
2024-02-21 19:34:00,703,15.1057,15.11,15.105,15.11,15.105,9
2024-02-21 19:35:00,603,15.105,15.105,15.105,15.105,15.105,9
2024-02-21 19:36:00,4967,15.1014,15.1075,15.105,15.1075,15.1,51
2024-02-21 19:37:00,4246,15.1052,15.107,15.11,15.11,15.1,5
2024-02-21 19:38:00,37333,15.0643,15.1,15.05,15.11,15.03,238
2024-02-21 19:39:00,8125,15.0816,15.06,15.095,15.095,15.06,77
2024-02-21 19:40:00,2210,15.0934,15.095,15.1,15.1,15.09,17
2024-02-21 19:41:00,434,15.0933,15.095,15.09,15.095,15.09,5
2024-02-21 19:42:00,1930,15.0942,15.095,15.095,15.1,15.09,17
2024-02-21 19:43:00,1806,15.0889,15.095,15.085,15.095,15.085,24
2024-02-21 19:44:00,4343,15.0904,15.09,15.095,15.095,15.09,54
2024-02-21 19:45:00,3616,15.0887,15.09,15.085,15.095,15.085,29
2024-02-21 19:46:00,701,15.0851,15.085,15.085,15.085,15.085,13
2024-02-21 19:47:00,2558,15.0842,15.085,15.085,15.085,15.08,22
2024-02-21 19:48:00,1178,15.0829,15.08,15.08,15.085,15.08,23
2024-02-21 19:49:00,2838,15.0855,15.085,15.08,15.09,15.08,57
2024-02-21 19:50:00,211,15.0805,15.08,15.08,15.08,15.08,5
2024-02-21 19:51:00,2237,15.078,15.08,15.07,15.08,15.07,36
2024-02-21 19:52:00,11212,15.068,15.07,15.07,15.07,15.06,169
2024-02-21 19:53:00,6381,15.0701,15.07,15.075,15.075,15.07,69
2024-02-21 19:54:00,17476,15.0826,15.08,15.075,15.09,15.075,144
2024-02-21 19:55:00,3038,15.0696,15.075,15.065,15.075,15.06,28
2024-02-21 19:56:00,949,15.0638,15.065,15.065,15.065,15.06,13
2024-02-21 19:57:00,855,15.0623,15.06,15.065,15.065,15.06,9
2024-02-21 19:58:00,4724,15.0695,15.06,15.075,15.08,15.06,67
2024-02-21 19:59:00,3756,15.0798,15.08,15.08,15.085,15.075,67
2024-02-21 20:00:00,2645,15.0739,15.07,15.07,15.075,15.07,18
2024-02-21 20:01:00,6412,15.0711,15.075,15.075,15.08,15.065,76
2024-02-21 20:02:00,839,15.0773,15.0793,15.0793,15.0793,15.0793,4
2024-02-21 20:03:00,4712,15.0788,15.075,15.085,15.085,15.0732,65
2024-02-21 20:04:00,798,15.0861,15.085,15.085,15.09,15.085,12
2024-02-21 20:05:00,3949,15.0842,15.085,15.085,15.085,15.08,24
2024-02-21 20:06:00,1964,15.0843,15.085,15.085,15.085,15.08,21
2024-02-21 20:07:00,4028,15.0837,15.08,15.085,15.085,15.08,37
2024-02-21 20:08:00,15266,15.0834,15.085,15.085,15.095,15.07,183
2024-02-21 20:09:00,480,15.0811,15.08,15.085,15.085,15.08,7
2024-02-21 20:10:00,2815,15.079,15.08,15.075,15.085,15.075,33
2024-02-21 20:11:00,9885,15.0682,15.07,15.065,15.07,15.06,93
2024-02-21 20:12:00,2185,15.0696,15.065,15.07,15.07,15.065,54
2024-02-21 20:13:00,9433,15.0774,15.075,15.085,15.085,15.07,111
2024-02-21 20:14:00,1333,15.0843,15.08,15.085,15.085,15.08,17
2024-02-21 20:15:00,2747,15.082,15.085,15.075,15.085,15.075,35
2024-02-21 20:16:00,2113,15.0765,15.075,15.075,15.08,15.075,57
2024-02-21 20:17:00,4570,15.0749,15.08,15.0789,15.08,15.07,34
2024-02-21 20:18:00,4929,15.0825,15.075,15.09,15.095,15.075,108
2024-02-21 20:19:00,2052,15.0918,15.095,15.085,15.095,15.085,25
2024-02-21 20:20:00,665,15.0844,15.085,15.08,15.085,15.08,11
2024-02-21 20:21:00,222908,15.0583,15.08,15.045,15.08,15.045,421
2024-02-21 20:22:00,5027,15.0556,15.05,15.06,15.06,15.05,27
2024-02-21 20:23:00,7531,15.0552,15.059,15.06,15.06,15.05,66
2024-02-21 20:24:00,1345,15.0551,15.055,15.055,15.055,15.055,10
2024-02-21 20:25:00,4405,15.0638,15.06,15.065,15.07,15.06,49
2024-02-21 20:26:00,43626,15.0393,15.065,15.055,15.07,15.01,376
2024-02-21 20:27:00,1229,15.0489,15.055,15.06,15.06,15.0538,7
2024-02-21 20:28:00,1950,15.0546,15.055,15.055,15.06,15.05,20
2024-02-21 20:29:00,2296,15.0557,15.06,15.055,15.06,15.055,30
2024-02-21 20:30:00,17457,15.0515,15.055,15.04,15.055,15.04,81
2024-02-21 20:31:00,34157,15.0475,15.04,15.03,15.05,15.03,238
2024-02-21 20:32:00,5836,15.044,15.04,15.05,15.05,15.04,62
2024-02-21 20:33:00,7165,15.0456,15.045,15.05,15.05,15.045,19
2024-02-21 20:34:00,26766,15.0485,15.045,15.05,15.055,15.04,201
2024-02-21 20:35:00,13622,15.0558,15.06,15.055,15.06,15.055,104
2024-02-21 20:36:00,28360,15.072,15.055,15.085,15.09,15.055,219
2024-02-21 20:37:00,35283,15.1121,15.085,15.125,15.135,15.085,271
2024-02-21 20:38:00,7603,15.1457,15.13,15.18,15.18,15.13,108
2024-02-21 20:39:00,3264,15.1794,15.18,15.185,15.19,15.18,55
2024-02-21 20:40:00,15260,15.1708,15.185,15.15,15.19,15.14,147
2024-02-21 20:41:00,2292,15.1443,15.14,15.135,15.14,15.13,27
2024-02-21 20:42:00,2267,15.1302,15.13,15.13,15.13,15.13,31
2024-02-21 20:43:00,22680,15.1468,15.13,15.175,15.175,15.12,246
2024-02-21 20:44:00,5061,15.163,15.175,15.16,15.175,15.16,44
2024-02-21 20:45:00,18759,15.1706,15.15,15.19,15.195,15.15,174
2024-02-21 20:46:00,4086,15.1972,15.195,15.205,15.205,15.195,55
2024-02-21 20:47:00,5342,15.2008,15.205,15.205,15.205,15.2,46
2024-02-21 20:48:00,7976,15.1933,15.205,15.19,15.205,15.185,88
2024-02-21 20:49:00,12746,15.1933,15.185,15.195,15.2,15.18,132
2024-02-21 20:50:00,26434,15.1871,15.19,15.185,15.21,15.175,246
2024-02-21 20:51:00,15839,15.1756,15.18,15.189,15.19,15.16,151
2024-02-21 20:52:00,12420,15.1713,15.185,15.16,15.19,15.15,106
2024-02-21 20:53:00,32132,15.1459,15.15,15.135,15.155,15.135,297
2024-02-21 20:54:00,19958,15.1451,15.135,15.165,15.17,15.13,250
2024-02-21 20:55:00,62513,15.1655,15.16,15.16,15.18,15.155,378
2024-02-21 20:56:00,39320,15.1595,15.16,15.16,15.17,15.155,340
2024-02-21 20:57:00,60339,15.1555,15.16,15.145,15.17,15.1405,520
2024-02-21 20:58:00,51955,15.1428,15.15,15.145,15.15,15.13,446
2024-02-21 20:59:00,134559,15.1502,15.15,15.16,15.17,15.14,1149
2024-02-21 21:00:00,52671,15.14,15.14,15.14,15.14,15.14,20
2024-02-22 14:30:00,15877,15.1561,15.16,15.115,15.16,15.1,12
2024-02-22 14:31:00,8696,15.0607,15.055,15.07,15.08,15.03,108
2024-02-22 14:32:00,9234,15.0534,15.07,14.99,15.08,14.99,138
2024-02-22 14:33:00,2587,14.9849,14.975,15.0,15.0,14.975,26
2024-02-22 14:34:00,1318,15.0172,15.02,15.0191,15.02,15.01,30
2024-02-22 14:35:00,3649,15.0332,15.03,15.03,15.04,15.02,75
2024-02-22 14:36:00,2904,15.0105,15.02,15.01,15.02,15.0,47
2024-02-22 14:37:00,3176,15.0178,15.015,15.03,15.03,15.015,36
2024-02-22 14:38:00,2773,15.025,15.02,15.015,15.03,15.015,33
2024-02-22 14:39:00,32869,15.0057,15.02,15.035,15.035,14.995,95
2024-02-22 14:40:00,5310,15.0311,15.03,15.025,15.04,15.02,71
2024-02-22 14:41:00,1415,15.0195,15.027,15.02,15.027,15.01,24
2024-02-22 14:42:00,17763,15.0037,15.02,15.03,15.035,14.99,77
2024-02-22 14:43:00,9782,15.0815,15.04,15.075,15.105,15.04,112
2024-02-22 14:44:00,2026,15.0704,15.075,15.07,15.075,15.065,29
2024-02-22 14:45:00,1005,15.0791,15.08,15.08,15.08,15.08,16
2024-02-22 14:46:00,177,15.0752,15.075,15.075,15.075,15.075,3
2024-02-22 14:47:00,6655,15.0386,15.06,15.02,15.06,15.02,74
2024-02-22 14:48:00,17376,15.0457,15.03,15.06,15.075,15.03,108
2024-02-22 14:49:00,17091,15.0595,15.0575,15.07,15.075,15.05,79
2024-02-22 14:50:00,5971,15.0463,15.06,15.03,15.062,15.03,53
2024-02-22 14:51:00,16212,15.0431,15.035,15.05,15.059,15.03,156
2024-02-22 14:52:00,10625,15.0302,15.05,15.03,15.05,15.01,112
2024-02-22 14:53:00,9677,15.0046,15.03,15.0,15.03,14.995,71
2024-02-22 14:54:00,3194,15.0053,15.0,15.01,15.01,15.0,33
2024-02-22 14:55:00,7081,15.0006,15.01,14.995,15.01,14.98,83
2024-02-22 14:56:00,24671,14.9953,14.985,15.035,15.04,14.975,170
2024-02-22 14:57:00,3014,15.0202,15.03,15.005,15.03,15.0,40
2024-02-22 14:58:00,4671,15.008,15.005,15.035,15.04,15.0,57
2024-02-22 14:59:00,2741,15.0472,15.04,15.05,15.06,15.03,34
2024-02-22 15:00:00,9363,15.025,15.045,15.02,15.045,15.01,82
2024-02-22 15:01:00,2397,15.005,15.02,15.005,15.02,14.995,30
2024-02-22 15:02:00,1117,15.0014,15.005,15.0,15.005,15.0,15
2024-02-22 15:03:00,6876,14.9999,15.0,14.995,15.01,14.995,54
2024-02-22 15:04:00,5712,14.9857,14.995,14.99,15.0,14.975,53
2024-02-22 15:05:00,5024,14.9837,14.985,14.98,14.995,14.975,76
2024-02-22 15:06:00,1789,14.98,14.985,14.975,14.985,14.97,26
2024-02-22 15:07:00,2501,14.9816,14.975,14.985,14.99,14.975,38
2024-02-22 15:08:00,2443,14.9929,14.985,14.995,15.0,14.985,28
2024-02-22 15:09:00,5194,14.9957,15.0,14.985,15.005,14.98,57
2024-02-22 15:10:00,3300,14.9782,14.98,14.985,14.985,14.9725,38
2024-02-22 15:11:00,2297,14.9844,14.9875,14.985,14.99,14.98,20
2024-02-22 15:12:00,6585,14.9825,14.985,15.0,15.0,14.975,61
2024-02-22 15:13:00,1491,14.9873,14.99,14.985,14.99,14.98,16
2024-02-22 15:14:00,423,14.9842,14.98,14.9825,14.99,14.98,7
2024-02-22 15:15:00,2796,14.9891,14.985,14.985,14.995,14.98,36
2024-02-22 15:16:00,5995,14.9999,14.985,15.015,15.02,14.985,78
2024-02-22 15:17:00,820,15.0272,15.025,15.025,15.03,15.0225,10
2024-02-22 15:18:00,9211,15.0032,15.02,14.985,15.02,14.985,92
2024-02-22 15:19:00,2807,14.9729,14.98,14.975,14.98,14.965,36
2024-02-22 15:20:00,5764,14.9689,14.97,14.98,14.98,14.96,47
2024-02-22 15:21:00,1346,14.9768,14.975,14.975,14.98,14.975,13
2024-02-22 15:22:00,1190,14.9759,14.98,14.975,14.98,14.9725,13
2024-02-22 15:23:00,5819,14.9862,14.98,14.995,15.0,14.98,62
2024-02-22 15:24:00,1332,14.9902,14.99,15.0,15.0,14.985,12
2024-02-22 15:25:00,3371,14.9992,15.0,14.995,15.01,14.99,44
2024-02-22 15:26:00,4476,14.9842,14.995,14.965,14.995,14.96,38
2024-02-22 15:27:00,5824,14.9421,14.965,14.91,14.965,14.91,69
2024-02-22 15:28:00,62739,14.9742,14.9,14.96,15.0,14.9,260
2024-02-22 15:29:00,3889,14.9694,14.965,14.98,14.98,14.965,30
2024-02-22 15:30:00,4900,14.9568,14.98,14.955,14.98,14.94,48
2024-02-22 15:31:00,3305,14.9442,14.95,14.925,14.95,14.92,35
2024-02-22 15:32:00,5155,14.9069,14.925,14.9025,14.925,14.89,53
2024-02-22 15:33:00,2159,14.9201,14.91,14.93,14.93,14.91,33
2024-02-22 15:34:00,1337,14.9402,14.935,14.95,14.95,14.935,15
2024-02-22 15:35:00,2163,14.9491,14.945,14.955,14.9575,14.945,20
2024-02-22 15:36:00,4697,14.9501,14.95,14.955,14.96,14.94,41
2024-02-22 15:37:00,902,14.9567,14.955,14.96,14.96,14.95,10
2024-02-22 15:38:00,9904,14.9555,14.955,14.975,14.98,14.95,73
2024-02-22 15:39:00,5110,14.9629,14.975,14.955,14.975,14.945,45
2024-02-22 15:40:00,1048,14.9513,14.96,14.96,14.96,14.955,14
2024-02-22 15:41:00,3212,14.941,14.9525,14.935,14.955,14.93,38
2024-02-22 15:42:00,2166,14.9224,14.93,14.925,14.93,14.915,37
2024-02-22 15:43:00,1613,14.9315,14.925,14.925,14.94,14.925,18
2024-02-22 15:44:00,319,14.9298,14.93,14.93,14.93,14.93,5
2024-02-22 15:45:00,1913,14.9285,14.93,14.928,14.93,14.92,24
2024-02-22 15:46:00,1518,14.9213,14.925,14.92,14.93,14.915,22
2024-02-22 15:47:00,10229,14.937,14.9125,14.925,14.95,14.9125,148
2024-02-22 15:48:00,620,14.9275,14.925,14.93,14.93,14.925,7
2024-02-22 15:49:00,4946,14.9276,14.925,14.945,14.95,14.92,63
2024-02-22 15:50:00,2918,14.9447,14.95,14.935,14.96,14.935,27
2024-02-22 15:51:00,1771,14.929,14.93,14.925,14.93,14.92,33
2024-02-22 15:52:00,1825,14.9312,14.92,14.94,14.94,14.92,40
2024-02-22 15:53:00,3055,14.9251,14.93,14.91,14.935,14.91,41
2024-02-22 15:54:00,2264,14.9147,14.915,14.925,14.925,14.905,45
2024-02-22 15:55:00,1343,14.9326,14.93,14.93,14.94,14.93,20
2024-02-22 15:56:00,1852,14.9433,14.935,14.955,14.955,14.935,32
2024-02-22 15:57:00,3742,14.9512,14.95,14.955,14.96,14.95,38
2024-02-22 15:58:00,1248,14.9638,14.96,14.97,14.97,14.96,22
2024-02-22 15:59:00,2440,14.9682,14.975,14.96,14.975,14.96,29
2024-02-22 16:00:00,2097,14.9605,14.96,14.96,14.965,14.955,35
2024-02-22 16:01:00,1127,14.9689,14.96,14.975,14.975,14.96,20
2024-02-22 16:02:00,1091,14.9803,14.98,14.985,14.985,14.9795,18
2024-02-22 16:04:00,2691,15.002,14.99,15.015,15.015,14.99,35
2024-02-22 16:05:00,1581,15.0063,15.01,15.005,15.01,15.0,22
2024-02-22 16:06:00,2190,15.0094,15.0075,15.015,15.015,15.005,36
2024-02-22 16:07:00,445,15.0138,15.015,15.02,15.02,15.015,10
2024-02-22 16:08:00,3621,15.0077,15.01,15.01,15.015,15.01,45
2024-02-22 16:09:00,2240,15.0205,15.02,15.03,15.03,15.02,29
2024-02-22 16:10:00,19557,15.0206,15.025,15.03,15.03,15.02,46
2024-02-22 16:11:00,1128,15.0313,15.03,15.035,15.035,15.03,25
2024-02-22 16:12:00,3503,15.041,15.035,15.055,15.055,15.035,51
2024-02-22 16:13:00,3176,15.0627,15.055,15.07,15.07,15.055,39
2024-02-22 16:14:00,717,15.073,15.07,15.075,15.08,15.07,10
2024-02-22 16:15:00,1058,15.0826,15.08,15.085,15.085,15.08,26
2024-02-22 16:16:00,725,15.087,15.09,15.09,15.09,15.085,17
2024-02-22 16:17:00,3768,15.0796,15.08,15.07,15.085,15.07,41
2024-02-22 16:18:00,237,15.0728,15.07,15.075,15.075,15.07,8
2024-02-22 16:19:00,9756,15.0633,15.075,15.055,15.075,15.055,106
2024-02-22 16:20:00,8879,15.0529,15.055,15.06,15.07,15.045,96
2024-02-22 16:21:00,1329,15.0614,15.07,15.06,15.07,15.06,14
2024-02-22 16:23:00,3117,15.0598,15.0525,15.06,15.06,15.0525,38
2024-02-22 16:24:00,1870,15.0527,15.06,15.05,15.06,15.045,33
2024-02-22 16:25:00,551,15.0475,15.0457,15.049,15.049,15.0457,12
2024-02-22 16:26:00,325,15.0458,15.0425,15.05,15.05,15.0425,10
2024-02-22 16:27:00,344,15.0507,15.05,15.05,15.05,15.05,12
2024-02-22 16:28:00,8261,15.035,15.045,15.025,15.045,15.024,70
2024-02-22 16:29:00,3423,15.0182,15.02,15.01,15.02,15.01,52
2024-02-22 16:30:00,5259,15.0243,15.015,15.03,15.03,15.015,59
2024-02-22 16:31:00,1432,15.0287,15.03,15.025,15.03,15.025,15
2024-02-22 16:32:00,300,15.02,15.02,15.02,15.02,15.02,7
2024-02-22 16:33:00,5938,15.0129,15.02,15.015,15.02,15.005,77
2024-02-22 16:34:00,233,15.015,15.015,15.015,15.015,15.015,4
2024-02-22 16:35:00,10844,15.0095,15.01,15.01,15.015,15.005,128
2024-02-22 16:36:00,838,15.0192,15.015,15.02,15.02,15.015,24
2024-02-22 16:37:00,501,15.0248,15.025,15.02,15.025,15.02,8
2024-02-22 16:38:00,516,15.0279,15.03,15.025,15.03,15.025,8
2024-02-22 16:39:00,2377,15.0321,15.025,15.03,15.035,15.025,28
2024-02-22 16:40:00,5797,15.0223,15.035,15.015,15.035,15.01,66
2024-02-22 16:41:00,400,15.0138,15.01,15.015,15.015,15.01,4
2024-02-22 16:42:00,694,15.0123,15.01,15.015,15.015,15.01,7
2024-02-22 16:43:00,2563,15.0114,15.015,15.01,15.015,15.01,45
2024-02-22 16:44:00,2857,15.0102,15.015,15.015,15.015,15.005,50
2024-02-22 16:45:00,111,15.015,15.015,15.015,15.015,15.015,3
2024-02-22 16:46:00,1984,15.0089,15.01,15.005,15.01,15.005,37
2024-02-22 16:47:00,2424,15.0106,15.005,15.015,15.015,15.005,31
2024-02-22 16:48:00,2199,15.0108,15.01,15.015,15.015,15.01,23
2024-02-22 16:49:00,793,15.0158,15.015,15.015,15.016,15.015,12
2024-02-22 16:50:00,6811,15.0264,15.02,15.04,15.04,15.02,84
2024-02-22 16:51:00,670,15.0353,15.04,15.035,15.04,15.035,11
2024-02-22 16:52:00,3592,15.0301,15.03,15.025,15.04,15.025,46
2024-02-22 16:53:00,500,15.0295,15.03,15.03,15.03,15.03,6
2024-02-22 16:54:00,3546,15.0304,15.03,15.035,15.035,15.025,51
2024-02-22 16:55:00,1079,15.031,15.035,15.035,15.035,15.03,18
2024-02-22 16:56:00,1083,15.0393,15.035,15.045,15.045,15.035,23
2024-02-22 16:57:00,2117,15.0397,15.04,15.035,15.04,15.035,21
2024-02-22 16:58:00,2531,15.0314,15.035,15.035,15.035,15.0307,15
2024-02-22 16:59:00,6470,15.0315,15.03,15.025,15.04,15.025,75
2024-02-22 17:00:00,4780,15.0197,15.02,15.015,15.02,15.015,28
2024-02-22 17:01:00,820,15.0094,15.01,15.005,15.01,15.005,12
2024-02-22 17:02:00,1916,15.0103,15.01,15.015,15.015,15.01,33
2024-02-22 17:03:00,2479,15.0169,15.015,15.015,15.02,15.015,11
2024-02-22 17:04:00,3405,15.0242,15.015,15.04,15.04,15.015,50
2024-02-22 17:05:00,493,15.036,15.035,15.035,15.04,15.035,6
2024-02-22 17:06:00,350,15.035,15.035,15.035,15.035,15.035,1
2024-02-22 17:07:00,3509,15.0303,15.03,15.025,15.035,15.025,34
2024-02-22 17:08:00,2016,15.0309,15.03,15.035,15.035,15.03,32
2024-02-22 17:09:00,8789,15.0181,15.035,15.015,15.035,15.008,82
2024-02-22 17:10:00,9136,15.0112,15.015,15.005,15.015,15.005,87
2024-02-22 17:11:00,4313,15.0002,15.0,15.0,15.005,14.995,46
2024-02-22 17:12:00,1505,14.995,14.995,14.995,14.995,14.995,8
2024-02-22 17:13:00,1833,14.995,14.995,15.0,15.0,14.99,24
2024-02-22 17:14:00,3686,14.9995,15.0,14.995,15.0,14.995,46
2024-02-22 17:15:00,1970,14.9958,14.995,15.0,15.0,14.995,6
2024-02-22 17:16:00,4669,14.9994,15.0,15.005,15.005,14.9925,59
2024-02-22 17:17:00,621,15.0025,15.005,15.005,15.005,15.0,8
2024-02-22 17:18:00,1066,15.0014,15.0,15.005,15.005,15.0,20
2024-02-22 17:19:00,1156,15.0053,15.005,15.01,15.01,15.005,7
2024-02-22 17:20:00,6063,15.0107,15.01,15.015,15.02,15.01,50
2024-02-22 17:21:00,7811,15.0008,15.01,14.995,15.01,14.995,58
2024-02-22 17:22:00,400,14.9955,15.0,14.994,15.0,14.994,3
2024-02-22 17:23:00,1500,14.9999,15.0,15.0,15.0,15.0,26
2024-02-22 17:24:00,401,15.0049,15.005,15.005,15.005,15.005,5
2024-02-22 17:25:00,5441,14.9967,15.0,14.995,15.0,14.995,33
2024-02-22 17:26:00,1777,15.0007,15.0,15.01,15.01,15.0,22
2024-02-22 17:27:00,507,15.0055,15.005,15.005,15.0075,15.005,6
2024-02-22 17:28:00,4135,15.0015,15.01,14.995,15.01,14.995,41
2024-02-22 17:29:00,4670,14.984,14.99,14.965,14.99,14.965,61
2024-02-22 17:30:00,1795,14.9696,14.97,14.97,14.97,14.965,27
2024-02-22 17:31:00,899,14.9756,14.98,14.975,14.98,14.975,3
2024-02-22 17:33:00,4445,14.9804,14.98,14.98,14.985,14.98,59
2024-02-22 17:34:00,2330,14.9797,14.98,14.98,14.98,14.975,23
2024-02-22 17:35:00,488,14.9764,14.975,14.97,14.975,14.97,9
2024-02-22 17:36:00,2125,14.9688,14.97,14.97,14.97,14.965,29
2024-02-22 17:38:00,1821,14.9701,14.9625,14.975,14.975,14.9625,36
2024-02-22 17:39:00,2195,14.9698,14.97,14.965,14.97,14.965,20
2024-02-22 17:40:00,3031,14.9614,14.96,14.96,14.96,14.95,32
2024-02-22 17:41:00,2154,14.9648,14.954,14.975,14.975,14.954,42
2024-02-22 17:42:00,1841,14.9817,14.975,14.985,14.985,14.975,28
2024-02-22 17:43:00,320,14.9834,14.98,14.985,14.985,14.98,4
2024-02-22 17:44:00,4759,14.996,14.985,15.01,15.01,14.985,55
2024-02-22 17:45:00,547,15.015,15.015,15.015,15.015,15.015,9
2024-02-22 17:46:00,3263,15.0076,15.015,15.005,15.015,15.005,32
2024-02-22 17:47:00,2089,15.0102,15.005,15.015,15.015,15.005,24
2024-02-22 17:48:00,1123,15.015,15.02,15.02,15.02,15.01,11
2024-02-22 17:49:00,6827,15.0023,15.015,14.98,15.015,14.98,64
2024-02-22 17:50:00,200,14.9875,14.985,14.99,14.99,14.985,2
2024-02-22 17:51:00,2086,14.9906,14.99,14.99,14.99,14.99,37
2024-02-22 17:52:00,1272,14.9908,14.99,14.995,14.995,14.99,19
2024-02-22 17:53:00,701,14.99,14.99,14.99,14.99,14.99,11
2024-02-22 17:54:00,1201,14.9908,14.99,14.995,14.995,14.99,19
2024-02-22 17:55:00,758,14.9917,14.995,14.99,14.995,14.99,14
2024-02-22 17:56:00,1123,14.9917,14.99,14.99,14.995,14.99,19
2024-02-22 17:57:00,1364,14.9925,14.995,14.995,14.995,14.99,20
2024-02-22 17:58:00,2664,14.9898,14.995,14.985,14.995,14.985,34
2024-02-22 17:59:00,8207,14.9824,14.98,14.985,14.99,14.975,103
2024-02-22 18:00:00,2033,14.9815,14.99,14.975,14.99,14.975,27
2024-02-22 18:01:00,2997,14.9614,14.97,14.96,14.97,14.96,43
2024-02-22 18:02:00,2325,14.9695,14.965,14.975,14.98,14.965,36
2024-02-22 18:03:00,2835,14.9801,14.98,14.975,14.99,14.975,41
2024-02-22 18:04:00,599,14.9738,14.975,14.975,14.975,14.97,9
2024-02-22 18:05:00,720,14.9782,14.98,14.98,14.98,14.98,16
2024-02-22 18:06:00,2633,14.98,14.975,14.985,14.985,14.975,39
2024-02-22 18:07:00,2985,14.9843,14.995,14.98,14.995,14.98,44
2024-02-22 18:08:00,100,14.98,14.98,14.98,14.98,14.98,1
2024-02-22 18:09:00,4821,14.9701,14.975,14.965,14.975,14.965,45
2024-02-22 18:10:00,106,14.9697,14.97,14.97,14.97,14.97,3
2024-02-22 18:11:00,5257,14.9685,14.965,14.965,14.975,14.96,68
2024-02-22 18:12:00,1472,14.9711,14.968,14.98,14.98,14.968,26
2024-02-22 18:13:00,5685,14.9833,14.98,14.995,15.0,14.975,67
2024-02-22 18:14:00,1512,14.9918,14.995,14.995,14.995,14.9902,8
2024-02-22 18:15:00,1912,14.9885,14.99,14.985,14.99,14.985,20
2024-02-22 18:16:00,585,14.9818,14.985,14.98,14.985,14.98,8
2024-02-22 18:17:00,5159,14.99,14.99,14.985,14.995,14.985,61
2024-02-22 18:18:00,6346,14.9805,14.985,14.985,14.985,14.975,85
2024-02-22 18:19:00,15528,14.977,14.985,14.98,14.985,14.965,188
2024-02-22 18:20:00,2084,14.9791,14.98,14.975,14.98,14.975,24
2024-02-22 18:21:00,792,14.9761,14.975,14.975,14.98,14.975,10
2024-02-22 18:22:00,1451,14.9826,14.98,14.985,14.99,14.98,18
2024-02-22 18:23:00,1077,14.9867,14.985,14.985,14.99,14.985,15
2024-02-22 18:24:00,4694,14.9734,14.99,14.97,14.99,14.965,53
2024-02-22 18:25:00,2012,14.9683,14.965,14.97,14.97,14.965,19
2024-02-22 18:26:00,2933,14.9707,14.979,14.965,14.979,14.965,28
2024-02-22 18:27:00,1583,14.9667,14.965,14.965,14.97,14.965,18
2024-02-22 18:28:00,105,14.965,14.965,14.965,14.965,14.965,2
2024-02-22 18:29:00,675,14.9704,14.97,14.97,14.97,14.97,13
2024-02-22 18:30:00,1188,14.9742,14.975,14.975,14.975,14.97,10
2024-02-22 18:31:00,1121,14.9759,14.98,14.975,14.98,14.975,13
2024-02-22 18:32:00,5089,14.974,14.97,14.985,14.99,14.97,78
2024-02-22 18:33:00,1145,14.9834,14.99,14.985,14.99,14.98,16
2024-02-22 18:34:00,5080,14.9807,14.985,14.985,14.99,14.975,58
2024-02-22 18:35:00,491,14.9831,14.99,14.985,14.99,14.98,6
2024-02-22 18:36:00,750,14.9833,14.98,14.985,14.985,14.98,8
2024-02-22 18:38:00,4833,14.9804,14.98,14.98,14.985,14.975,59
2024-02-22 18:39:00,654,14.985,14.985,14.985,14.985,14.985,6
2024-02-22 18:40:00,602,14.9858,14.985,14.985,14.99,14.985,9
2024-02-22 18:41:00,1560,14.9846,14.985,14.985,14.985,14.98,18
2024-02-22 18:42:00,307,14.9842,14.985,14.985,14.985,14.985,8
2024-02-22 18:43:00,709,14.9857,14.985,14.99,14.99,14.985,12
2024-02-22 18:44:00,16763,14.989,14.985,14.985,14.995,14.985,137
2024-02-22 18:45:00,8959,14.9714,14.98,14.975,14.9875,14.96,118
2024-02-22 18:46:00,610,14.9767,14.975,14.98,14.98,14.975,7
2024-02-22 18:47:00,500,14.9776,14.98,14.975,14.98,14.975,5
2024-02-22 18:48:00,1353,14.9788,14.98,14.975,14.98,14.975,21
2024-02-22 18:49:00,3251,14.9812,14.98,14.98,14.9875,14.975,42
2024-02-22 18:50:00,205,14.9801,14.98,14.98,14.98,14.98,3
2024-02-22 18:51:00,2940,14.9673,14.97,14.965,14.97,14.96,25
2024-02-22 18:52:00,333,14.965,14.965,14.965,14.965,14.965,5
2024-02-22 18:53:00,686,14.9626,14.965,14.96,14.965,14.96,15
2024-02-22 18:54:00,2399,14.9708,14.97,14.97,14.975,14.97,44
2024-02-22 18:55:00,2906,14.9696,14.975,14.965,14.975,14.965,22
2024-02-22 18:56:00,638,14.9677,14.965,14.969,14.97,14.965,8
2024-02-22 18:57:00,481,14.9661,14.965,14.965,14.97,14.965,9
2024-02-22 18:58:00,774,14.9658,14.965,14.965,14.965,14.965,14
2024-02-22 18:59:00,80008,14.9302,14.965,14.9,14.97,14.9,627
2024-02-22 19:00:00,11453,14.884,14.89,14.885,14.8975,14.87,134
2024-02-22 19:01:00,25833,14.9152,14.89,14.92,14.94,14.885,257
2024-02-22 19:02:00,3569,14.9196,14.92,14.92,14.92,14.919,45
2024-02-22 19:03:00,2861,14.9089,14.91,14.9,14.91,14.9,34
2024-02-22 19:04:00,5623,14.8791,14.89,14.88,14.89,14.865,66
2024-02-22 19:05:00,16654,14.8976,14.88,14.895,14.91,14.875,170
2024-02-22 19:06:00,1038,14.8887,14.89,14.878,14.89,14.878,18
2024-02-22 19:07:00,357,14.8808,14.875,14.8775,14.8775,14.875,3
2024-02-22 19:08:00,3514,14.8791,14.875,14.885,14.89,14.87,42
2024-02-22 19:09:00,2114,14.8801,14.88,14.875,14.88,14.875,17
2024-02-22 19:10:00,10022,14.8648,14.87,14.88,14.88,14.855,114
2024-02-22 19:11:00,7907,14.9003,14.88,14.895,14.92,14.88,72
2024-02-22 19:12:00,1073,14.8914,14.895,14.89,14.895,14.89,16
2024-02-22 19:13:00,1979,14.889,14.885,14.89,14.89,14.885,23
2024-02-22 19:14:00,3506,14.8978,14.9,14.915,14.915,14.9,43
2024-02-22 19:15:00,3897,14.9099,14.915,14.895,14.9199,14.895,30
2024-02-22 19:16:00,6065,14.894,14.885,14.905,14.91,14.885,80
2024-02-22 19:17:00,498,14.9069,14.91,14.91,14.91,14.91,5
2024-02-22 19:18:00,424,14.9091,14.91,14.91,14.91,14.91,9
2024-02-22 19:19:00,5057,14.9057,14.91,14.9,14.915,14.9,58
2024-02-22 19:20:00,2136,14.8899,14.9,14.885,14.9,14.885,34
2024-02-22 19:21:00,4042,14.8766,14.88,14.875,14.88,14.87,44
2024-02-22 19:22:00,543,14.8748,14.875,14.875,14.875,14.875,8
2024-02-22 19:23:00,1874,14.8732,14.875,14.875,14.875,14.87,24
2024-02-22 19:24:00,3512,14.8683,14.87,14.865,14.87,14.86,52
2024-02-22 19:25:00,3710,14.8704,14.865,14.875,14.88,14.865,48
2024-02-22 19:26:00,1991,14.8684,14.87,14.865,14.87,14.865,28
2024-02-22 19:27:00,7269,14.8607,14.87,14.87,14.87,14.855,83
2024-02-22 19:28:00,10495,14.8662,14.87,14.865,14.87,14.855,102
2024-02-22 19:29:00,1262,14.8669,14.87,14.865,14.87,14.865,14
2024-02-22 19:30:00,29221,14.8483,14.86,14.85,14.87,14.83,361
2024-02-22 19:31:00,3711,14.8333,14.85,14.805,14.85,14.805,52
2024-02-22 19:32:00,3412,14.8172,14.81,14.83,14.83,14.81,39
2024-02-22 19:33:00,9946,14.8324,14.82,14.86,14.86,14.815,115
2024-02-22 19:34:00,5372,14.8572,14.86,14.845,14.88,14.84,62
2024-02-22 19:35:00,2512,14.8571,14.845,14.865,14.865,14.845,30
2024-02-22 19:36:00,3471,14.8535,14.86,14.845,14.86,14.845,39
2024-02-22 19:37:00,1688,14.8505,14.85,14.85,14.855,14.85,19
2024-02-22 19:38:00,4165,14.8663,14.855,14.875,14.88,14.855,54
2024-02-22 19:39:00,3367,14.8699,14.87,14.87,14.875,14.86,39
2024-02-22 19:40:00,2340,14.8614,14.875,14.865,14.875,14.855,27
2024-02-22 19:41:00,3027,14.8624,14.86,14.87,14.87,14.86,36
2024-02-22 19:42:00,1200,14.87,14.87,14.87,14.87,14.87,17
2024-02-22 19:43:00,1566,14.8673,14.87,14.86,14.87,14.86,25
2024-02-22 19:44:00,611,14.8605,14.86,14.86,14.86,14.86,9
2024-02-22 19:45:00,4127,14.8596,14.865,14.86,14.865,14.855,55
2024-02-22 19:46:00,556,14.8683,14.87,14.87,14.87,14.865,9
2024-02-22 19:47:00,5791,14.8599,14.865,14.86,14.865,14.855,65
2024-02-22 19:48:00,8324,14.857,14.86,14.85,14.86,14.845,82
2024-02-22 19:49:00,6676,14.8514,14.85,14.8575,14.86,14.845,87
2024-02-22 19:50:00,3855,14.8408,14.85,14.825,14.85,14.825,54
2024-02-22 19:51:00,3775,14.8281,14.825,14.84,14.84,14.82,49
2024-02-22 19:52:00,572,14.8326,14.84,14.84,14.84,14.84,2
2024-02-22 19:53:00,4347,14.84,14.84,14.845,14.845,14.835,48
2024-02-22 19:54:00,7754,14.8563,14.84,14.86,14.865,14.84,99
2024-02-22 19:55:00,2778,14.8594,14.86,14.865,14.865,14.855,34
2024-02-22 19:56:00,3509,14.8579,14.86,14.85,14.86,14.85,34
2024-02-22 19:57:00,4675,14.8516,14.855,14.85,14.86,14.85,42
2024-02-22 19:58:00,6335,14.8554,14.85,14.86,14.865,14.845,75
2024-02-22 19:59:00,7480,14.8611,14.855,14.87,14.87,14.855,75
2024-02-22 20:00:00,803,14.865,14.865,14.865,14.865,14.865,9
2024-02-22 20:01:00,2457,14.8639,14.87,14.865,14.87,14.86,24
2024-02-22 20:02:00,3380,14.8604,14.865,14.855,14.865,14.855,31
2024-02-22 20:03:00,11322,14.8555,14.855,14.86,14.865,14.845,150
2024-02-22 20:04:00,4418,14.8662,14.86,14.875,14.875,14.86,75
2024-02-22 20:05:00,1985,14.8625,14.87,14.845,14.87,14.845,29
2024-02-22 20:06:00,3796,14.8568,14.85,14.865,14.87,14.85,48
2024-02-22 20:07:00,5299,14.8668,14.87,14.855,14.88,14.855,58
2024-02-22 20:08:00,883,14.8501,14.85,14.85,14.85,14.85,11
2024-02-22 20:09:00,1963,14.8413,14.845,14.84,14.845,14.84,27
2024-02-22 20:10:00,2835,14.8303,14.83,14.835,14.835,14.82,39
2024-02-22 20:11:00,483,14.835,14.835,14.835,14.835,14.835,5
2024-02-22 20:12:00,1519,14.8365,14.835,14.84,14.84,14.83,15
2024-02-22 20:13:00,1896,14.8375,14.84,14.83,14.84,14.83,17
2024-02-22 20:14:00,3792,14.8255,14.83,14.825,14.83,14.82,53
2024-02-22 20:15:00,3024,14.834,14.83,14.835,14.835,14.83,43
2024-02-22 20:16:00,7239,14.8438,14.835,14.84,14.85,14.835,73
2024-02-22 20:17:00,2180,14.8376,14.84,14.835,14.84,14.835,26
2024-02-22 20:18:00,1267,14.8395,14.84,14.84,14.84,14.84,22
2024-02-22 20:19:00,2787,14.8376,14.83,14.84,14.84,14.83,35
2024-02-22 20:20:00,5183,14.8342,14.84,14.8213,14.84,14.82,45
2024-02-22 20:21:00,1673,14.8242,14.82,14.82,14.82,14.82,28
2024-02-22 20:22:00,5476,14.8292,14.83,14.825,14.835,14.82,79
2024-02-22 20:23:00,7204,14.8345,14.825,14.835,14.84,14.825,93
2024-02-22 20:24:00,1516,14.8305,14.835,14.825,14.835,14.825,20
2024-02-22 20:25:00,1923,14.8196,14.82,14.82,14.82,14.815,30
2024-02-22 20:26:00,3655,14.8267,14.82,14.83,14.83,14.82,37
2024-02-22 20:27:00,716,14.8253,14.8225,14.83,14.83,14.8225,16
2024-02-22 20:28:00,1465,14.8279,14.83,14.825,14.83,14.825,16
2024-02-22 20:29:00,8030,14.8257,14.83,14.815,14.835,14.815,100
2024-02-22 20:30:00,5430,14.8183,14.82,14.82,14.825,14.815,71
2024-02-22 20:31:00,12329,14.7983,14.81,14.8075,14.81,14.79,145
2024-02-22 20:32:00,1346,14.8019,14.805,14.805,14.805,14.8,27
2024-02-22 20:33:00,1018,14.8023,14.805,14.805,14.805,14.8,29
2024-02-22 20:34:00,5908,14.8008,14.8,14.805,14.81,14.8,86
2024-02-22 20:35:00,14736,14.804,14.805,14.815,14.82,14.795,149
2024-02-22 20:36:00,1260,14.8185,14.82,14.82,14.82,14.82,21
2024-02-22 20:37:00,1926,14.818,14.815,14.82,14.82,14.815,33
2024-02-22 20:38:00,1260,14.818,14.82,14.82,14.82,14.815,26
2024-02-22 20:39:00,4471,14.8229,14.815,14.83,14.83,14.815,48
2024-02-22 20:40:00,7925,14.8395,14.83,14.85,14.85,14.825,91
2024-02-22 20:41:00,13472,14.8611,14.84,14.89,14.89,14.84,115
2024-02-22 20:42:00,4014,14.8967,14.89,14.905,14.905,14.89,67
2024-02-22 20:43:00,11849,14.9004,14.905,14.9,14.91,14.895,102
2024-02-22 20:44:00,11477,14.9113,14.91,14.9075,14.92,14.905,116
2024-02-22 20:45:00,18213,14.9021,14.905,14.9,14.91,14.9,140
2024-02-22 20:46:00,16411,14.8977,14.9,14.905,14.91,14.895,141
2024-02-22 20:47:00,9816,14.9079,14.9,14.915,14.92,14.9,114
2024-02-22 20:48:00,11328,14.9028,14.91,14.9,14.91,14.9,95
2024-02-22 20:49:00,7183,14.9017,14.9,14.905,14.91,14.9,78
2024-02-22 20:50:00,26314,14.9042,14.91,14.91,14.92,14.895,245
2024-02-22 20:51:00,5473,14.9012,14.905,14.895,14.91,14.895,65
2024-02-22 20:52:00,17973,14.8836,14.9,14.885,14.9,14.875,162
2024-02-22 20:53:00,7697,14.8783,14.89,14.875,14.89,14.875,109
2024-02-22 20:54:00,16463,14.8716,14.875,14.875,14.88,14.87,176
2024-02-22 20:55:00,28310,14.8849,14.87,14.875,14.9,14.87,225
2024-02-22 20:56:00,19663,14.8712,14.87,14.87,14.88,14.87,159
2024-02-22 20:57:00,37355,14.861,14.87,14.865,14.87,14.85,280
2024-02-22 20:58:00,37567,14.8678,14.87,14.865,14.875,14.86,284
2024-02-22 20:59:00,49860,14.8632,14.86,14.86,14.87,14.86,595
2024-02-22 21:00:00,22346,14.86,14.86,14.86,14.86,14.86,16
2024-02-23 14:01:00,110,14.86,14.86,14.86,14.86,14.86,1
2024-02-23 14:30:00,10051,14.9555,14.96,14.9,14.96,14.88,15
2024-02-23 14:31:00,423,14.9003,14.9,14.9,14.9,14.9,5
2024-02-23 14:32:00,373,14.8998,14.9,14.9,14.9,14.9,4
2024-02-23 14:34:00,873,14.9154,14.9,14.92,14.92,14.9,20
2024-02-23 14:35:00,7685,14.8772,14.93,14.875,14.93,14.86,88
2024-02-23 14:36:00,638,14.8748,14.87,14.88,14.88,14.87,20
2024-02-23 14:37:00,436,14.8735,14.87,14.875,14.875,14.87,13
2024-02-23 14:38:00,1170,14.8817,14.875,14.88,14.88,14.875,29
2024-02-23 14:39:00,2083,14.8924,14.9,14.895,14.9,14.89,30
2024-02-23 14:40:00,291,14.8719,14.87,14.875,14.875,14.87,10
2024-02-23 14:41:00,1131,14.8675,14.87,14.87,14.87,14.87,33
2024-02-23 14:42:00,8028,14.9038,14.88,14.91,14.93,14.88,99
2024-02-23 14:43:00,2381,14.8914,14.891,14.905,14.905,14.88,53
2024-02-23 14:44:00,3740,14.9349,14.935,14.925,14.94,14.925,47
2024-02-23 14:45:00,1912,14.9321,14.935,14.94,14.94,14.93,27
2024-02-23 14:46:00,1343,14.9508,14.935,14.9675,14.9675,14.935,21
2024-02-23 14:47:00,1829,14.947,14.965,14.93,14.965,14.93,27
2024-02-23 14:48:00,1276,14.9384,14.945,14.945,14.95,14.945,20
2024-02-23 14:49:00,2467,14.9408,14.945,14.93,14.945,14.93,35
2024-02-23 14:50:00,3793,14.9357,14.92,14.95,14.95,14.92,60
2024-02-23 14:51:00,1224,14.9441,14.95,14.935,14.95,14.935,21
2024-02-23 14:52:00,8466,14.9513,14.9475,14.96,14.965,14.9475,123
2024-02-23 14:53:00,2225,14.9627,14.95,14.97,14.97,14.95,45
2024-02-23 14:54:00,646,14.9587,14.965,14.95,14.965,14.95,13
2024-02-23 14:55:00,2537,14.9658,14.95,14.9775,14.98,14.95,43
2024-02-23 14:56:00,402,14.9696,14.97,14.97,14.97,14.97,10
2024-02-23 14:57:00,1087,14.9572,14.965,14.955,14.965,14.955,15
2024-02-23 14:58:00,8602,14.9246,14.9501,14.93,14.9501,14.91,94
2024-02-23 14:59:00,934,14.9338,14.9375,14.93,14.94,14.93,13
2024-02-23 15:00:00,307,14.9233,14.925,14.925,14.925,14.92,5
2024-02-23 15:01:00,3164,14.9179,14.92,14.93,14.93,14.91,40
2024-02-23 15:02:00,634,14.9076,14.92,14.905,14.92,14.9,7
2024-02-23 15:03:00,302,14.9033,14.905,14.905,14.905,14.9,4
2024-02-23 15:04:00,709,14.9044,14.905,14.905,14.905,14.905,10
2024-02-23 15:05:00,1005,14.9122,14.91,14.915,14.915,14.91,18
2024-02-23 15:06:00,2352,14.913,14.915,14.925,14.925,14.91,32
2024-02-23 15:07:00,4581,14.9518,14.93,14.9575,14.96,14.93,66
2024-02-23 15:08:00,3835,14.9664,14.975,14.95,14.975,14.95,38
2024-02-23 15:09:00,294,14.96,14.96,14.96,14.96,14.96,5
2024-02-23 15:10:00,954,14.9548,14.955,14.96,14.96,14.95,12
2024-02-23 15:11:00,949,14.9549,14.955,14.955,14.955,14.955,18
2024-02-23 15:12:00,3834,14.9612,14.96,14.945,14.975,14.945,58
2024-02-23 15:13:00,4245,14.9543,14.95,14.945,14.96,14.945,33
2024-02-23 15:14:00,3946,14.9499,14.95,14.945,14.955,14.945,52
2024-02-23 15:15:00,1136,14.9391,14.945,14.935,14.945,14.935,20
2024-02-23 15:16:00,2917,14.9443,14.94,14.95,14.955,14.935,45
2024-02-23 15:17:00,1802,14.9597,14.955,14.965,14.965,14.955,26
2024-02-23 15:18:00,5122,14.9603,14.96,14.965,14.965,14.955,59
2024-02-23 15:19:00,2685,14.9624,14.965,14.965,14.97,14.955,42
2024-02-23 15:20:00,4918,14.9648,14.96,14.97,14.975,14.955,62
2024-02-23 15:21:00,2269,14.9684,14.965,14.975,14.975,14.96,32
2024-02-23 15:22:00,607,14.9728,14.975,14.975,14.975,14.975,11
2024-02-23 15:23:00,7065,14.9821,14.98,15.0,15.0,14.975,51
2024-02-23 15:24:00,4406,15.0035,15.0,14.99,15.01,14.99,66
2024-02-23 15:25:00,1747,14.9899,14.985,14.99,14.99,14.985,22
2024-02-23 15:26:00,3788,14.9896,14.99,14.985,14.995,14.985,47
2024-02-23 15:27:00,175,14.9861,14.985,14.985,14.985,14.985,4
2024-02-23 15:28:00,1022,14.9793,14.985,14.98,14.985,14.975,15
2024-02-23 15:29:00,3772,14.9701,14.97,14.97,14.975,14.965,50
2024-02-23 15:30:00,213,14.9625,14.96,14.965,14.965,14.96,5
2024-02-23 15:31:00,881,14.9561,14.96,14.95,14.965,14.95,18
2024-02-23 15:32:00,1181,14.9421,14.945,14.95,14.95,14.94,20
2024-02-23 15:33:00,384,14.948,14.945,14.945,14.945,14.945,10
2024-02-23 15:34:00,733,14.9448,14.95,14.945,14.95,14.945,13
2024-02-23 15:35:00,250,14.9449,14.945,14.945,14.945,14.945,7
2024-02-23 15:36:00,12795,14.9617,14.95,14.965,14.97,14.95,148
2024-02-23 15:37:00,776,14.9652,14.965,14.965,14.97,14.965,10
2024-02-23 15:38:00,298,14.9636,14.965,14.965,14.965,14.965,6
2024-02-23 15:39:00,1935,14.9678,14.965,14.975,14.975,14.96,28
2024-02-23 15:40:00,11662,14.981,14.98,14.98,14.99,14.975,71
2024-02-23 15:42:00,3790,14.9731,14.98,14.955,14.985,14.955,79
2024-02-23 15:43:00,1233,14.9541,14.95,14.955,14.955,14.95,6
2024-02-23 15:44:00,811,14.9456,14.955,14.935,14.955,14.935,13
2024-02-23 15:45:00,1673,14.9406,14.94,14.94,14.945,14.94,32
2024-02-23 15:46:00,9922,14.9499,14.945,14.95,14.96,14.945,114
2024-02-23 15:47:00,752,14.9519,14.95,14.95,14.95,14.95,14
2024-02-23 15:48:00,955,14.9492,14.9477,14.95,14.95,14.9477,6
2024-02-23 15:49:00,4493,14.9623,14.95,14.975,14.98,14.95,63
2024-02-23 15:50:00,566,14.9775,14.98,14.975,14.98,14.975,12
2024-02-23 15:51:00,489,14.9772,14.98,14.98,14.98,14.975,9
2024-02-23 15:52:00,3310,14.971,14.975,14.97,14.98,14.97,42
2024-02-23 15:53:00,598,14.9799,14.98,14.98,14.98,14.98,9
2024-02-23 15:54:00,534,14.9738,14.98,14.97,14.98,14.97,8
2024-02-23 15:55:00,2080,14.97,14.97,14.97,14.97,14.97,5
2024-02-23 15:56:00,1149,14.9754,14.975,14.975,14.98,14.975,17
2024-02-23 15:57:00,1149,14.9739,14.975,14.975,14.975,14.975,18
2024-02-23 15:58:00,9466,14.9658,14.97,14.975,14.98,14.96,121
2024-02-23 15:59:00,3027,14.9752,14.97,14.98,14.98,14.965,47
2024-02-23 16:00:00,2065,14.9814,14.98,14.975,14.9875,14.975,26
2024-02-23 16:01:00,181,14.9737,14.975,14.975,14.975,14.975,4
2024-02-23 16:02:00,396,14.9731,14.97,14.975,14.975,14.97,6
2024-02-23 16:03:00,740,14.9752,14.975,14.975,14.975,14.975,14
2024-02-23 16:04:00,7251,14.9704,14.97,14.97,14.98,14.965,85
2024-02-23 16:05:00,3545,14.9701,14.97,14.975,14.975,14.97,43
2024-02-23 16:06:00,2024,14.9708,14.975,14.97,14.975,14.97,25
2024-02-23 16:07:00,4830,14.9806,14.975,14.985,14.99,14.975,68
2024-02-23 16:08:00,4909,14.9914,14.985,15.0,15.0,14.985,84
2024-02-23 16:09:00,7509,15.0007,15.0,15.01,15.01,14.995,97
2024-02-23 16:10:00,1355,15.0023,15.005,14.9999,15.005,14.9999,14
2024-02-23 16:12:00,278,14.9959,15.0,14.995,15.0,14.995,8
2024-02-23 16:13:00,3248,14.9897,14.995,14.985,14.995,14.985,47
2024-02-23 16:14:00,309,14.9833,14.985,14.985,14.985,14.98,4
2024-02-23 16:15:00,2079,14.9892,14.985,14.99,14.99,14.985,31
2024-02-23 16:16:00,2856,15.0001,15.0,15.005,15.005,14.995,37
2024-02-23 16:17:00,740,15.0071,15.01,15.01,15.01,15.005,7
2024-02-23 16:18:00,114,15.0096,15.01,15.01,15.01,15.01,2
2024-02-23 16:19:00,756,15.0031,15.005,15.0,15.005,15.0,14
2024-02-23 16:20:00,336,15.0047,15.005,15.005,15.005,15.005,9
2024-02-23 16:21:00,372,15.0047,15.005,15.005,15.005,15.005,10
2024-02-23 16:22:00,621,15.0057,15.005,15.005,15.01,15.005,10
2024-02-23 16:23:00,987,15.0051,15.005,15.005,15.005,15.005,17
2024-02-23 16:24:00,680,15.0057,15.01,15.005,15.01,15.005,12
2024-02-23 16:25:00,811,15.0092,15.01,15.01,15.01,15.005,15
2024-02-23 16:26:00,1377,15.0069,15.01,15.01,15.01,15.005,19
2024-02-23 16:27:00,12172,15.0154,15.01,15.015,15.03,15.01,160
2024-02-23 16:28:00,308,15.0166,15.015,15.02,15.02,15.015,5
2024-02-23 16:29:00,847,15.0134,15.015,15.015,15.015,15.01,15
2024-02-23 16:30:00,4684,15.0082,15.015,15.005,15.015,15.0,63
2024-02-23 16:31:00,603,15.0044,15.005,15.005,15.005,15.005,13
2024-02-23 16:32:00,243,15.0015,15.0,15.0,15.0,15.0,8
2024-02-23 16:33:00,637,15.0051,15.005,15.005,15.005,15.005,12
2024-02-23 16:34:00,1280,15.0053,15.005,15.005,15.01,15.005,14
2024-02-23 16:35:00,5717,15.0054,15.005,15.01,15.01,15.0,22
2024-02-23 16:36:00,7694,15.0091,15.005,15.01,15.015,15.0,87
2024-02-23 16:37:00,1189,15.0055,15.005,15.0,15.01,15.0,12
2024-02-23 16:38:00,419,15.0049,15.005,15.005,15.005,15.005,7
2024-02-23 16:39:00,1839,15.0051,15.005,15.005,15.01,15.0,32
2024-02-23 16:40:00,1090,15.0042,15.01,15.0,15.01,15.0,15
2024-02-23 16:41:00,320,15.0066,15.005,15.01,15.01,15.005,10
2024-02-23 16:42:00,4292,14.994,15.005,14.975,15.01,14.975,65
2024-02-23 16:43:00,587,14.9743,14.975,14.975,14.98,14.97,9
2024-02-23 16:44:00,1938,14.9756,14.98,14.975,14.98,14.97,27
2024-02-23 16:45:00,2994,14.9809,14.98,14.98,14.98,14.975,51
2024-02-23 16:46:00,1981,14.983,14.99,14.985,14.99,14.98,19
2024-02-23 16:47:00,350,14.9877,14.989,14.989,14.989,14.989,4
2024-02-23 16:48:00,133,14.984,14.985,14.985,14.985,14.985,3
2024-02-23 16:49:00,5709,14.9901,14.99,15.0,15.0,14.985,91
2024-02-23 16:50:00,6352,14.9996,15.0,15.0,15.0,14.995,63
2024-02-23 16:51:00,617,14.9997,15.0,15.0,15.0,15.0,18
2024-02-23 16:52:00,5713,14.9991,15.0,15.0,15.005,14.99,90
2024-02-23 16:53:00,254,14.9972,14.995,15.0,15.0,14.995,5
2024-02-23 16:54:00,276,14.9922,14.99,14.995,14.995,14.99,7
2024-02-23 16:55:00,6013,15.0031,15.0,15.01,15.01,15.0,76
2024-02-23 16:56:00,1059,15.002,15.005,15.0,15.005,15.0,18
2024-02-23 16:57:00,3143,14.9947,15.0,14.99,15.0,14.98,45
2024-02-23 16:58:00,324,14.9898,14.99,14.99,14.99,14.99,10
2024-02-23 17:00:00,338,14.9868,14.9875,14.99,14.99,14.985,7
2024-02-23 17:01:00,502,14.9878,14.99,14.985,14.99,14.985,13
2024-02-23 17:02:00,2868,14.9923,14.99,15.0,15.0,14.99,38
2024-02-23 17:03:00,1630,14.9979,15.0,15.0,15.0,14.995,19
2024-02-23 17:04:00,1221,14.999,14.9991,15.0,15.0,14.995,16
2024-02-23 17:05:00,3925,15.0017,15.0,15.005,15.01,15.0,54
2024-02-23 17:06:00,530,15.0072,15.01,15.01,15.01,15.01,8
2024-02-23 17:07:00,5798,15.0105,15.005,15.005,15.02,15.005,81
2024-02-23 17:08:00,235,15.0022,15.0,15.0,15.0,15.0,7
2024-02-23 17:10:00,656,15.0063,15.005,15.005,15.01,15.005,14
2024-02-23 17:11:00,339,15.003,15.005,15.005,15.005,15.0,7
2024-02-23 17:12:00,498,15.0043,15.0009,15.01,15.01,15.0009,7
2024-02-23 17:13:00,3085,15.0106,15.005,15.02,15.02,15.005,46
2024-02-23 17:15:00,7728,15.0172,15.02,15.01,15.03,15.0,102
2024-02-23 17:16:00,4829,15.0142,15.01,15.025,15.025,15.01,43
2024-02-23 17:17:00,2580,15.0211,15.025,15.015,15.025,15.011,25
2024-02-23 17:18:00,1245,15.0138,15.015,15.015,15.02,15.01,14
2024-02-23 17:19:00,1016,15.0144,15.015,15.01,15.015,15.01,14
2024-02-23 17:20:00,8750,15.033,15.02,15.035,15.04,15.02,106
2024-02-23 17:21:00,4288,15.0422,15.04,15.045,15.05,15.04,53
2024-02-23 17:23:00,2597,15.0298,15.04,15.015,15.04,15.015,37
2024-02-23 17:24:00,202,15.015,15.015,15.015,15.015,15.015,4
2024-02-23 17:25:00,5237,15.0049,15.01,15.005,15.015,14.995,71
2024-02-23 17:26:00,303,15.0145,15.01,15.01,15.01,15.01,4
2024-02-23 17:27:00,498,15.0052,15.005,15.005,15.005,15.005,7
2024-02-23 17:28:00,2119,15.0102,15.01,15.02,15.02,15.005,27
2024-02-23 17:29:00,1209,15.0141,15.015,15.015,15.015,15.01,15
2024-02-23 17:30:00,1649,15.0083,15.015,15.005,15.015,15.0,30
2024-02-23 17:31:00,1056,14.9978,15.0,14.99,15.0,14.99,26
2024-02-23 17:32:00,1859,14.9977,14.99,14.995,15.0,14.99,18
2024-02-23 17:33:00,1777,14.9993,14.995,15.005,15.005,14.995,36
2024-02-23 17:34:00,329,15.0098,15.01,15.01,15.01,15.01,5
2024-02-23 17:35:00,402,15.0045,15.0,15.0,15.0,15.0,12
2024-02-23 17:36:00,805,15.0042,15.005,15.0,15.005,15.0,17
2024-02-23 17:37:00,1167,14.998,15.0,14.995,15.0,14.99,30
2024-02-23 17:38:00,684,14.9972,14.995,15.0,15.0,14.995,14
2024-02-23 17:39:00,1431,15.0007,14.9925,15.005,15.005,14.9925,35
2024-02-23 17:40:00,3085,15.0093,15.005,15.015,15.015,15.005,41
2024-02-23 17:41:00,700,15.0156,15.015,15.015,15.02,15.015,14
2024-02-23 17:43:00,586,15.0187,15.02,15.015,15.02,15.015,12
2024-02-23 17:44:00,1948,15.0202,15.015,15.02,15.025,15.015,53
2024-02-23 17:45:00,164,15.0182,15.02,15.02,15.02,15.02,8
2024-02-23 17:48:00,2210,15.0229,15.02,15.03,15.03,15.02,50
2024-02-23 17:49:00,274,15.0249,15.03,15.02,15.03,15.02,9
2024-02-23 17:50:00,2672,15.0191,15.02,15.01,15.02,15.01,47
2024-02-23 17:52:00,274,15.0003,15.0,15.0,15.0,15.0,9
2024-02-23 17:53:00,8003,15.0001,15.005,15.0,15.005,14.995,36
2024-02-23 17:54:00,6575,14.9921,14.99,15.0,15.0,14.985,94
2024-02-23 17:56:00,8245,14.9957,15.005,14.99,15.005,14.98,103
2024-02-23 17:57:00,3929,14.9808,14.98,14.99,14.99,14.98,49
2024-02-23 17:58:00,507,14.9899,14.99,14.99,14.99,14.99,8
2024-02-23 18:02:00,511,14.9875,14.985,14.99,14.99,14.985,10
2024-02-23 18:03:00,3536,14.9923,14.985,14.995,15.0,14.985,73
2024-02-23 18:04:00,8395,14.9822,14.99,14.99,14.9901,14.975,86
2024-02-23 18:05:00,412,14.9898,14.99,14.99,14.99,14.99,7
2024-02-23 18:06:00,283,14.9884,14.99,14.9875,14.99,14.9875,4
2024-02-23 18:07:00,477,14.9848,14.99,14.985,14.99,14.985,9
2024-02-23 18:09:00,337,14.9846,14.985,14.985,14.985,14.985,9
2024-02-23 18:10:00,231,14.9822,14.98,14.98,14.98,14.98,7
2024-02-23 18:11:00,534,14.9866,14.985,14.99,14.99,14.985,9
2024-02-23 18:12:00,2983,14.9927,14.99,14.995,15.0,14.99,59
2024-02-23 18:13:00,249,14.9948,14.995,14.995,14.995,14.995,8
2024-02-23 18:14:00,39478,15.0016,15.0,15.0,15.02,14.985,510
2024-02-23 18:15:00,10629,14.9884,14.99,15.0,15.0,14.985,72
2024-02-23 18:16:00,135,14.9995,15.0,15.0,15.0,15.0,4
2024-02-23 18:17:00,394,14.9945,15.0,14.995,15.0,14.99,8
2024-02-23 18:18:00,111,14.9945,14.995,14.995,14.995,14.995,3
2024-02-23 18:19:00,493,14.9957,14.995,15.0,15.0,14.995,13
2024-02-23 18:20:00,483,14.9962,14.995,14.995,15.0,14.995,10
2024-02-23 18:21:00,12051,14.9868,14.99,14.995,15.0,14.975,166
2024-02-23 18:22:00,540,14.9899,14.99,14.99,14.99,14.99,11
2024-02-23 18:23:00,1558,14.9808,14.98,14.99,14.99,14.98,24
2024-02-23 18:25:00,2680,14.9893,14.9875,14.99,14.99,14.985,47
2024-02-23 18:26:00,272,14.995,14.995,14.995,14.995,14.995,5
2024-02-23 18:27:00,407,14.9925,14.99,15.0,15.0,14.99,7
2024-02-23 18:28:00,364,14.9964,14.995,15.0,15.0,14.995,12
2024-02-23 18:29:00,532,14.9933,14.9901,14.995,14.995,14.9901,11
2024-02-23 18:30:00,410,14.9902,14.99,14.99,14.99,14.99,9
2024-02-23 18:31:00,417,14.9908,14.99,14.995,14.995,14.99,12
2024-02-23 18:32:00,283,14.9941,14.99,15.0,15.0,14.99,13
2024-02-23 18:33:00,570,14.9951,14.995,14.995,14.995,14.995,10
2024-02-23 18:34:00,703,14.9952,14.995,14.995,14.995,14.995,16
2024-02-23 18:35:00,296,14.9954,14.995,14.995,14.995,14.995,11
2024-02-23 18:36:00,409,14.994,14.995,14.99,14.995,14.99,8
2024-02-23 18:37:00,517,14.9983,15.0,15.0,15.0,14.995,13
2024-02-23 18:38:00,440,14.9939,14.995,14.99,14.995,14.99,10
2024-02-23 18:39:00,756,14.9957,14.995,14.995,15.0,14.995,16
2024-02-23 18:40:00,760,14.9975,15.0,14.995,15.0,14.99,14
2024-02-23 18:41:00,420,14.9953,15.0,14.99,15.0,14.99,10
2024-02-23 18:42:00,710,14.9949,14.995,14.99,15.0,14.99,22
2024-02-23 18:43:00,520,14.9917,14.995,14.99,14.995,14.99,15
2024-02-23 18:45:00,236,14.9973,14.995,15.0,15.0,14.995,6
2024-02-23 18:46:00,1074,14.9965,15.0,14.995,15.0,14.99,16
2024-02-23 18:47:00,7841,14.9853,14.995,14.985,14.995,14.975,112
2024-02-23 18:49:00,354,14.9819,14.98,14.985,14.985,14.98,8
2024-02-23 18:50:00,3471,14.9884,14.985,14.99,14.99,14.985,45
2024-02-23 18:51:00,296,14.9849,14.99,14.98,14.99,14.98,8
2024-02-23 18:53:00,433,14.9838,14.98,14.985,14.985,14.98,6
2024-02-23 18:55:00,11831,14.9855,14.985,14.9875,14.995,14.98,168
2024-02-23 18:56:00,1280,14.985,14.98,14.99,14.99,14.98,15
2024-02-23 18:57:00,2099,14.9847,14.985,14.985,14.985,14.985,29
2024-02-23 18:58:00,5996,14.9793,14.985,14.99,14.99,14.97,75
2024-02-23 18:59:00,9688,14.9863,14.9875,14.985,15.0,14.975,130
2024-02-23 19:00:00,366,14.989,14.99,14.99,14.99,14.99,10
2024-02-23 19:02:00,4602,14.9809,14.98,14.985,14.99,14.98,54
2024-02-23 19:03:00,2634,14.9808,14.98,14.99,14.99,14.98,27
2024-02-23 19:04:00,9210,14.9819,14.98,14.985,14.99,14.98,77
2024-02-23 19:05:00,103,14.9849,14.985,14.985,14.985,14.985,2
2024-02-23 19:06:00,210,14.9828,14.98,14.985,14.985,14.98,5
2024-02-23 19:07:00,7384,14.9974,14.99,15.01,15.01,14.99,80
2024-02-23 19:08:00,1146,15.0073,15.005,15.005,15.01,15.0,17
2024-02-23 19:09:00,5340,15.005,15.0012,15.01,15.01,15.0,68
2024-02-23 19:10:00,405,15.0013,15.005,15.005,15.005,15.005,9
2024-02-23 19:11:00,816,14.9916,15.0,14.99,15.0,14.99,18
2024-02-23 19:12:00,3010,14.9845,14.98,14.99,14.99,14.975,47
2024-02-23 19:13:00,503,14.9982,14.999,15.0,15.0,14.995,8
2024-02-23 19:14:00,457,14.9974,15.0,15.0,15.0,15.0,10
2024-02-23 19:15:00,344,14.9961,14.995,15.0,15.0,14.995,8
2024-02-23 19:16:00,329,14.9964,14.995,14.995,15.0,14.995,8
2024-02-23 19:17:00,1925,15.0003,14.995,15.005,15.005,14.995,34
2024-02-23 19:18:00,461,15.0071,15.01,15.005,15.01,15.005,7
2024-02-23 19:19:00,29655,14.9665,15.0,14.98,15.0,14.95,243
2024-02-23 19:21:00,494,14.9765,14.98,14.975,14.98,14.975,9
2024-02-23 19:22:00,7662,14.99,14.98,15.005,15.01,14.98,111
2024-02-23 19:23:00,1328,15.0087,15.005,15.01,15.01,15.005,17
2024-02-23 19:24:00,3984,15.0017,15.005,15.005,15.005,15.0,48
2024-02-23 19:25:00,820,15.0088,15.01,15.01,15.01,15.005,14
2024-02-23 19:26:00,953,15.0094,15.01,15.01,15.01,15.01,26
2024-02-23 19:27:00,877,15.0025,15.0,15.005,15.005,15.0,13
2024-02-23 19:28:00,3506,14.9958,15.002,14.99,15.002,14.985,47
2024-02-23 19:29:00,1546,14.9914,14.99,15.0,15.0,14.99,33
2024-02-23 19:30:00,239,14.9949,14.995,14.995,14.995,14.995,5
2024-02-23 19:31:00,266,14.9891,14.99,14.99,14.99,14.99,8
2024-02-23 19:32:00,1651,14.9908,14.99,14.995,14.995,14.989,26
2024-02-23 19:33:00,6113,14.9906,14.995,15.0,15.0,14.98,72
2024-02-23 19:34:00,1567,14.9903,14.995,14.99,14.995,14.985,20
2024-02-23 19:35:00,4900,14.98,14.98,14.985,14.99,14.9701,63
2024-02-23 19:36:00,2542,14.9911,14.99,14.995,15.0,14.9801,40
2024-02-23 19:37:00,546,14.9943,14.995,14.99,14.995,14.99,8
2024-02-23 19:38:00,2431,14.989,14.99,14.99,14.99,14.985,43
2024-02-23 19:39:00,117,14.9893,14.99,14.99,14.99,14.99,5
2024-02-23 19:40:00,433,14.983,14.985,14.98,14.985,14.98,11
2024-02-23 19:41:00,3787,14.9897,14.985,14.995,14.995,14.985,44
2024-02-23 19:42:00,1512,14.9957,14.995,15.0,15.0,14.995,22
2024-02-23 19:43:00,6604,15.0012,14.995,15.02,15.02,14.995,76
2024-02-23 19:44:00,3995,15.0216,15.02,15.035,15.035,15.02,60
2024-02-23 19:45:00,6451,15.0323,15.035,15.04,15.04,15.03,71
2024-02-23 19:46:00,477,15.0372,15.04,15.035,15.04,15.035,9
2024-02-23 19:47:00,2936,15.0415,15.04,15.05,15.05,15.04,30
2024-02-23 19:48:00,11481,15.0225,15.05,15.01,15.05,15.0,174
2024-02-23 19:49:00,925,14.9989,15.005,14.99,15.005,14.99,11
2024-02-23 19:50:00,1649,14.9908,14.985,14.995,15.0,14.985,36
2024-02-23 19:51:00,367,14.9992,14.99,14.99,14.99,14.99,10
2024-02-23 19:52:00,1251,14.9907,14.99,14.99,14.99,14.99,31
2024-02-23 19:53:00,2347,15.0033,15.0,15.005,15.01,15.0,37
2024-02-23 19:54:00,4326,14.9981,15.005,15.0,15.005,14.99,47
2024-02-23 19:55:00,6642,15.0078,15.0,15.0045,15.015,15.0,77
2024-02-23 19:56:00,163,15.0091,15.01,15.01,15.01,15.01,7
2024-02-23 19:58:00,7807,15.0001,15.0,14.99,15.005,14.99,109
2024-02-23 19:59:00,535,14.9983,15.0,15.0,15.0,14.995,12
2024-02-23 20:00:00,1290,15.0016,15.0,15.01,15.01,15.0,18
2024-02-23 20:01:00,413,15.0001,15.0,15.0,15.0,15.0,8
2024-02-23 20:02:00,3480,14.992,15.0,14.99,15.0,14.985,60
2024-02-23 20:03:00,1158,14.9991,14.995,15.0,15.0,14.995,17
2024-02-23 20:04:00,6004,15.0004,15.0,15.01,15.01,15.0,25
2024-02-23 20:05:00,1310,15.0004,15.0,15.0,15.005,15.0,28
2024-02-23 20:06:00,1152,14.9986,15.0,15.0,15.0,14.995,21
2024-02-23 20:07:00,491,14.994,14.995,14.99,14.995,14.99,5
2024-02-23 20:10:00,666,14.9946,14.995,14.995,15.0,14.995,10
2024-02-23 20:11:00,1996,14.9958,14.995,15.0,15.0,14.9941,20
2024-02-23 20:12:00,4479,14.9997,14.995,15.0075,15.01,14.995,64
2024-02-23 20:13:00,8140,15.0151,15.005,15.015,15.02,15.005,101
2024-02-23 20:14:00,1823,15.0092,15.01,15.005,15.01,15.005,26
2024-02-23 20:15:00,114,15.0052,15.005,15.005,15.005,15.005,6
2024-02-23 20:16:00,5686,15.0103,15.005,15.02,15.02,15.005,70
2024-02-23 20:18:00,778,15.0146,15.015,15.015,15.02,15.01,13
2024-02-23 20:19:00,7662,15.0225,15.015,15.03,15.03,15.015,94
2024-02-23 20:20:00,3799,15.0334,15.03,15.04,15.04,15.03,51
2024-02-23 20:21:00,1181,15.0536,15.04,15.0375,15.04,15.0375,16
2024-02-23 20:22:00,293,15.0325,15.035,15.03,15.035,15.03,8
2024-02-23 20:23:00,588,15.0309,15.03,15.035,15.035,15.03,15
2024-02-23 20:24:00,739,15.0349,15.04,15.035,15.04,15.03,13
2024-02-23 20:25:00,700,15.0317,15.03,15.035,15.035,15.03,17
2024-02-23 20:26:00,5600,15.0389,15.03,15.05,15.05,15.03,73
2024-02-23 20:27:00,463,15.0484,15.05,15.05,15.05,15.05,16
2024-02-23 20:28:00,27050,15.047,15.05,15.05,15.05,15.04,229
2024-02-23 20:29:00,4495,15.0392,15.04,15.035,15.045,15.035,68
2024-02-23 20:30:00,5006,15.0398,15.04,15.04,15.045,15.04,57
2024-02-23 20:31:00,3467,15.0336,15.03,15.03,15.03,15.025,41
2024-02-23 20:32:00,3549,15.0331,15.03,15.035,15.04,15.03,43
2024-02-23 20:33:00,11228,15.0446,15.04,15.05,15.05,15.03,134
2024-02-23 20:34:00,4970,15.0423,15.05,15.04,15.05,15.04,50
2024-02-23 20:35:00,7883,15.023,15.03,15.015,15.035,15.01,57
2024-02-23 20:36:00,3882,15.0229,15.02,15.025,15.03,15.02,53
2024-02-23 20:37:00,397,15.0311,15.03,15.03,15.03,15.03,5
2024-02-23 20:38:00,920,15.0244,15.02,15.025,15.025,15.02,18
2024-02-23 20:39:00,2381,15.0289,15.03,15.025,15.03,15.025,44
2024-02-23 20:40:00,6327,15.0132,15.02,15.0,15.02,15.0,73
2024-02-23 20:41:00,12281,14.9949,15.005,14.99,15.005,14.98,139
2024-02-23 20:42:00,869,14.9906,14.99,14.985,14.99,14.985,18
2024-02-23 20:43:00,647,14.9891,14.99,14.98,14.99,14.98,8
2024-02-23 20:44:00,1657,14.9891,14.99,14.99,14.99,14.985,37
2024-02-23 20:45:00,13404,14.9974,14.985,14.99,15.0075,14.985,158
2024-02-23 20:46:00,8699,14.9791,14.99,14.99,14.99,14.965,92
2024-02-23 20:48:00,868,14.9839,14.985,14.99,14.99,14.985,21
2024-02-23 20:49:00,6107,14.9802,14.98,14.98,14.99,14.975,71
2024-02-23 20:50:00,2068,14.9829,14.99,14.98,14.99,14.98,40
2024-02-23 20:51:00,12657,14.983,14.98,15.0,15.0,14.975,134
2024-02-23 20:52:00,13609,15.0005,15.0,15.01,15.01,14.995,105
2024-02-23 20:53:00,10589,14.9972,15.0,14.99,15.01,14.98,115
2024-02-23 20:54:00,45326,15.0016,14.99,15.02,15.03,14.99,266
2024-02-23 20:55:00,12250,15.0257,15.02,15.03,15.03,15.02,130
2024-02-23 20:56:00,21794,15.0368,15.03,15.045,15.05,15.03,184
2024-02-23 20:57:00,13044,15.0484,15.045,15.05,15.05,15.045,131
2024-02-23 20:58:00,34897,15.0529,15.05,15.06,15.06,15.04,277
2024-02-23 20:59:00,77569,15.0657,15.06,15.07,15.07,15.055,552
2024-02-23 21:00:00,10578,15.07,15.07,15.07,15.07,15.07,18
2024-02-26 14:30:00,20699,14.9603,14.96,14.97,14.97,14.96,20
2024-02-26 14:31:00,72634,15.0164,14.97,15.23,15.23,14.97,192
2024-02-26 14:32:00,6362,15.2001,15.2265,15.15,15.24,15.15,58
2024-02-26 14:33:00,1116,15.169,15.166,15.17,15.17,15.166,10
2024-02-26 14:34:00,2900,15.143,15.175,15.11,15.2,15.11,38
2024-02-26 14:35:00,2413,15.1148,15.122,15.11,15.13,15.09,38
2024-02-26 14:36:00,9161,15.1218,15.1012,15.12,15.14,15.1012,73
2024-02-26 14:37:00,6215,15.12,15.1101,15.11,15.1299,15.1,54
2024-02-26 14:38:00,1385,15.1046,15.095,15.11,15.11,15.095,25
2024-02-26 14:39:00,3868,15.1073,15.106,15.1,15.11,15.1,47
2024-02-26 14:40:00,1193,15.0898,15.095,15.08,15.095,15.08,21
2024-02-26 14:41:00,3033,15.0952,15.0863,15.11,15.11,15.0863,34
2024-02-26 14:42:00,5736,15.1061,15.1046,15.11,15.11,15.095,69
2024-02-26 14:43:00,2387,15.1117,15.116,15.11,15.116,15.11,36
2024-02-26 14:44:00,3375,15.1035,15.115,15.1,15.115,15.09,44
2024-02-26 14:45:00,3867,15.0693,15.09,15.06,15.0936,15.06,63
2024-02-26 14:46:00,6149,15.0811,15.065,15.1,15.1,15.065,86
2024-02-26 14:47:00,6002,15.0922,15.096,15.095,15.1,15.09,87
2024-02-26 14:48:00,3322,15.0909,15.096,15.09,15.096,15.09,58
2024-02-26 14:49:00,1866,15.0984,15.095,15.1,15.1,15.095,38
2024-02-26 14:50:00,7436,15.0937,15.1065,15.1,15.1065,15.09,104
2024-02-26 14:51:00,862,15.0956,15.096,15.09,15.1,15.09,14
2024-02-26 14:52:00,3274,15.0906,15.0928,15.09,15.0928,15.09,66
2024-02-26 14:53:00,707,15.092,15.0901,15.095,15.095,15.0901,16
2024-02-26 14:54:00,2664,15.0912,15.095,15.09,15.095,15.09,44
2024-02-26 14:55:00,897,15.0943,15.095,15.095,15.095,15.09,14
2024-02-26 14:56:00,716,15.0957,15.096,15.095,15.096,15.095,10
2024-02-26 14:57:00,8862,15.0904,15.096,15.095,15.1,15.085,122
2024-02-26 14:58:00,1011,15.0967,15.0971,15.0988,15.0988,15.095,12
2024-02-26 14:59:00,1439,15.0962,15.0953,15.095,15.1,15.095,23
2024-02-26 15:00:00,7209,15.0906,15.0965,15.09,15.1,15.085,84
2024-02-26 15:01:00,7983,15.1113,15.096,15.12,15.125,15.095,78
2024-02-26 15:02:00,3327,15.1004,15.115,15.09,15.12,15.09,49
2024-02-26 15:03:00,5989,15.0906,15.096,15.09,15.096,15.085,101
2024-02-26 15:04:00,2216,15.1055,15.096,15.12,15.12,15.096,29
2024-02-26 15:05:00,2932,15.0946,15.11,15.1,15.11,15.09,47
2024-02-26 15:06:00,619,15.0952,15.095,15.09,15.1,15.09,13
2024-02-26 15:07:00,3786,15.0919,15.09,15.105,15.105,15.085,62
2024-02-26 15:08:00,767,15.1093,15.105,15.12,15.12,15.105,26
2024-02-26 15:09:00,3148,15.1219,15.12,15.12,15.125,15.12,55
2024-02-26 15:10:00,1711,15.1179,15.105,15.125,15.125,15.105,33
2024-02-26 15:11:00,3006,15.1195,15.12,15.115,15.12,15.115,29
2024-02-26 15:12:00,4775,15.1151,15.12,15.1,15.125,15.1,62
2024-02-26 15:13:00,857,15.1024,15.1,15.1,15.1,15.1,11
2024-02-26 15:14:00,3248,15.1005,15.1,15.105,15.11,15.095,51
2024-02-26 15:15:00,7249,15.1219,15.1,15.125,15.13,15.1,78
2024-02-26 15:16:00,2660,15.1193,15.125,15.115,15.125,15.115,34
2024-02-26 15:17:00,11531,15.1142,15.12,15.12,15.12,15.11,137
2024-02-26 15:18:00,45521,15.1327,15.12,15.15,15.155,15.12,226
2024-02-26 15:19:00,4365,15.1333,15.14,15.145,15.145,15.13,63
2024-02-26 15:20:00,1638,15.1391,15.145,15.135,15.145,15.135,23
2024-02-26 15:21:00,1830,15.1338,15.135,15.13,15.135,15.13,22
2024-02-26 15:22:00,7208,15.1361,15.13,15.145,15.15,15.125,92
2024-02-26 15:23:00,13817,15.1444,15.14,15.125,15.15,15.125,130
2024-02-26 15:24:00,2115,15.1171,15.125,15.11,15.13,15.105,45
2024-02-26 15:25:00,545,15.1054,15.11,15.1,15.11,15.1,11
2024-02-26 15:26:00,11434,15.1167,15.11,15.125,15.125,15.105,80
2024-02-26 15:27:00,718,15.1242,15.125,15.125,15.125,15.12,10
2024-02-26 15:28:00,3828,15.1214,15.125,15.12,15.13,15.12,51
2024-02-26 15:29:00,2148,15.1019,15.105,15.1,15.105,15.1,39
2024-02-26 15:30:00,2928,15.0943,15.1,15.1,15.1,15.09,46
2024-02-26 15:31:00,3708,15.0989,15.094,15.1,15.1,15.094,46
2024-02-26 15:32:00,1565,15.1078,15.1092,15.11,15.11,15.105,32
2024-02-26 15:33:00,390,15.1053,15.105,15.105,15.105,15.105,11
2024-02-26 15:34:00,1373,15.1023,15.105,15.1,15.11,15.1,26
2024-02-26 15:36:00,1253,15.0893,15.09,15.08,15.095,15.08,29
2024-02-26 15:37:00,3208,15.0805,15.08,15.085,15.085,15.075,50
2024-02-26 15:38:00,363,15.0819,15.08,15.085,15.085,15.08,11
2024-02-26 15:39:00,4607,15.0953,15.08,15.095,15.105,15.08,81
2024-02-26 15:40:00,1144,15.0884,15.09,15.0826,15.09,15.0826,30
2024-02-26 15:41:00,2989,15.0602,15.08,15.055,15.08,15.05,52
2024-02-26 15:42:00,398,15.046,15.045,15.045,15.045,15.045,23
2024-02-26 15:43:00,3602,15.0377,15.04,15.035,15.045,15.0301,44
2024-02-26 15:44:00,258,15.035,15.035,15.035,15.035,15.035,6
2024-02-26 15:45:00,1876,15.0435,15.035,15.055,15.055,15.035,29
2024-02-26 15:46:00,1607,15.0497,15.05,15.05,15.05,15.045,33
2024-02-26 15:47:00,384,15.0502,15.05,15.05,15.05,15.05,13
2024-02-26 15:48:00,5517,15.0425,15.055,15.015,15.055,15.015,86
2024-02-26 15:49:00,1560,15.0133,15.015,15.01,15.015,15.01,30
2024-02-26 15:50:00,673,15.0199,15.015,15.015,15.015,15.015,13
2024-02-26 15:51:00,1078,15.0161,15.02,15.015,15.02,15.015,13
2024-02-26 15:52:00,3957,15.0232,15.015,15.035,15.04,15.015,51
2024-02-26 15:53:00,1835,15.0426,15.04,15.045,15.05,15.04,31
2024-02-26 15:54:00,3411,15.0493,15.05,15.05,15.05,15.045,53
2024-02-26 15:55:00,2715,15.0415,15.05,15.04,15.05,15.03,37
2024-02-26 15:56:00,1944,15.0304,15.03,15.03,15.03,15.03,26
2024-02-26 15:57:00,6985,15.0283,15.02,15.045,15.05,15.02,76
2024-02-26 15:58:00,2856,15.0464,15.05,15.055,15.055,15.05,34
2024-02-26 15:59:00,2007,15.0596,15.06,15.06,15.07,15.06,28
2024-02-26 16:00:00,632,15.0689,15.065,15.07,15.07,15.065,12
2024-02-26 16:01:00,2499,15.0602,15.065,15.05,15.065,15.05,46
2024-02-26 16:02:00,330,15.0467,15.05,15.045,15.05,15.045,8
2024-02-26 16:03:00,776,15.0408,15.045,15.035,15.045,15.035,20
2024-02-26 16:04:00,298,15.0352,15.035,15.035,15.035,15.035,6
2024-02-26 16:05:00,2470,15.0306,15.03,15.035,15.035,15.03,55
2024-02-26 16:06:00,682,15.036,15.04,15.03,15.04,15.03,26
2024-02-26 16:07:00,1575,15.0318,15.035,15.04,15.04,15.03,32
2024-02-26 16:08:00,969,15.0381,15.035,15.04,15.04,15.035,17
2024-02-26 16:09:00,561,15.0328,15.035,15.03,15.035,15.03,15
2024-02-26 16:10:00,814,15.0288,15.03,15.025,15.03,15.025,17
2024-02-26 16:11:00,1167,15.0317,15.03,15.02,15.03,15.02,15
2024-02-26 16:13:00,520,15.0209,15.02,15.02,15.02,15.02,9
2024-02-26 16:14:00,856,15.0274,15.03,15.025,15.03,15.025,18
2024-02-26 16:15:00,19006,15.0378,15.0275,15.065,15.065,15.0275,131
2024-02-26 16:16:00,2231,15.06,15.07,15.05,15.07,15.05,38
2024-02-26 16:17:00,1685,15.059,15.06,15.06,15.06,15.06,37
2024-02-26 16:18:00,196,15.0653,15.065,15.065,15.065,15.065,13
2024-02-26 16:19:00,6228,15.0719,15.06,15.075,15.08,15.06,105
2024-02-26 16:20:00,774,15.0769,15.07,15.075,15.08,15.07,28
2024-02-26 16:21:00,373,15.0798,15.08,15.08,15.08,15.08,14
2024-02-26 16:22:00,1710,15.0676,15.07,15.065,15.075,15.065,42
2024-02-26 16:23:00,1610,15.0644,15.065,15.06,15.065,15.06,32
2024-02-26 16:24:00,6123,15.05,15.055,15.06,15.06,15.04,115
2024-02-26 16:25:00,2131,15.0596,15.065,15.06,15.065,15.06,42
2024-02-26 16:26:00,310,15.0555,15.055,15.055,15.055,15.055,7
2024-02-26 16:27:00,327,15.0544,15.055,15.055,15.055,15.055,9
2024-02-26 16:28:00,443,15.0513,15.05,15.05,15.05,15.05,21
2024-02-26 16:29:00,554,15.0543,15.055,15.055,15.055,15.055,17
2024-02-26 16:30:00,182,15.0548,15.055,15.055,15.055,15.055,14
2024-02-26 16:31:00,1008,15.0528,15.055,15.06,15.06,15.05,27
2024-02-26 16:32:00,569,15.055,15.055,15.055,15.055,15.055,16
2024-02-26 16:33:00,127,15.055,15.055,15.055,15.055,15.055,5
2024-02-26 16:34:00,3165,15.0549,15.055,15.0575,15.0575,15.05,25
2024-02-26 16:35:00,4333,15.0491,15.05,15.04,15.055,15.04,92
2024-02-26 16:36:00,2050,15.0553,15.05,15.07,15.07,15.045,55
2024-02-26 16:37:00,5129,15.07,15.07,15.08,15.08,15.07,31
2024-02-26 16:38:00,12928,15.0983,15.08,15.09,15.11,15.08,119
2024-02-26 16:39:00,301,15.098,15.099,15.1,15.1,15.099,12
2024-02-26 16:40:00,4428,15.0796,15.095,15.065,15.095,15.065,71
2024-02-26 16:41:00,490,15.0719,15.065,15.07,15.07,15.065,13
2024-02-26 16:42:00,337,15.065,15.065,15.065,15.065,15.065,8
2024-02-26 16:43:00,4244,15.0599,15.06,15.055,15.06,15.055,52
2024-02-26 16:44:00,689,15.0579,15.06,15.055,15.06,15.055,19
2024-02-26 16:45:00,2747,15.0446,15.05,15.045,15.05,15.04,50
2024-02-26 16:46:00,542,15.0459,15.045,15.04,15.045,15.04,11
2024-02-26 16:47:00,684,15.0459,15.04,15.05,15.05,15.04,17
2024-02-26 16:48:00,678,15.0469,15.05,15.045,15.05,15.045,28
2024-02-26 16:49:00,3041,15.0541,15.05,15.065,15.065,15.05,68
2024-02-26 16:50:00,1329,15.0609,15.065,15.06,15.065,15.06,29
2024-02-26 16:51:00,640,15.0521,15.05,15.05,15.05,15.05,25
2024-02-26 16:52:00,2058,15.0528,15.053,15.05,15.053,15.05,14
2024-02-26 16:54:00,451,15.0536,15.05,15.055,15.055,15.05,14
2024-02-26 16:55:00,600,15.0551,15.05,15.055,15.06,15.05,38
2024-02-26 16:56:00,2656,15.0601,15.06,15.06,15.065,15.055,47
2024-02-26 16:57:00,4491,15.0763,15.07,15.08,15.085,15.07,75
2024-02-26 16:58:00,36643,15.1032,15.085,15.09,15.115,15.085,277
2024-02-26 16:59:00,9889,15.1177,15.095,15.14,15.14,15.095,118
2024-02-26 17:00:00,154,15.1349,15.135,15.135,15.135,15.135,11
2024-02-26 17:01:00,5320,15.1162,15.13,15.119,15.13,15.11,69
2024-02-26 17:02:00,2659,15.1128,15.115,15.11,15.115,15.11,21
2024-02-26 17:03:00,3062,15.1009,15.1,15.105,15.105,15.1,58
2024-02-26 17:04:00,3248,15.11,15.105,15.115,15.115,15.105,47
2024-02-26 17:06:00,2067,15.1076,15.11,15.1,15.11,15.1,39
2024-02-26 17:07:00,3472,15.1145,15.11,15.12,15.12,15.11,76
2024-02-26 17:08:00,834,15.1308,15.135,15.14,15.14,15.135,18
2024-02-26 17:09:00,255,15.1295,15.14,15.14,15.14,15.14,7
2024-02-26 17:11:00,320,15.14,15.14,15.14,15.14,15.14,10
2024-02-26 17:12:00,2927,15.1397,15.14,15.135,15.145,15.13,58
2024-02-26 17:13:00,592,15.1353,15.135,15.135,15.135,15.135,9
2024-02-26 17:14:00,2548,15.1308,15.13,15.135,15.135,15.13,47
2024-02-26 17:15:00,1177,15.1386,15.135,15.14,15.14,15.135,32
2024-02-26 17:16:00,278,15.1497,15.15,15.15,15.15,15.15,9
2024-02-26 17:17:00,5784,15.1467,15.15,15.135,15.15,15.135,98
2024-02-26 17:18:00,4281,15.1328,15.13,15.13,15.135,15.13,12
2024-02-26 17:19:00,2012,15.1355,15.135,15.13,15.14,15.13,30
2024-02-26 17:20:00,22753,15.1191,15.13,15.115,15.13,15.1,244
2024-02-26 17:21:00,585,15.1153,15.115,15.115,15.115,15.115,18
2024-02-26 17:22:00,2801,15.1204,15.12,15.125,15.125,15.115,63
2024-02-26 17:23:00,4999,15.1179,15.12,15.13,15.13,15.11,63
2024-02-26 17:24:00,4013,15.131,15.13,15.14,15.14,15.125,59
2024-02-26 17:25:00,1541,15.1374,15.1392,15.14,15.14,15.135,13
2024-02-26 17:26:00,3116,15.1384,15.135,15.15,15.15,15.135,43
2024-02-26 17:27:00,239,15.1449,15.145,15.145,15.145,15.145,6
2024-02-26 17:28:00,5156,15.1397,15.14,15.135,15.14,15.135,66
2024-02-26 17:29:00,1707,15.1402,15.14,15.14,15.14,15.14,33
2024-02-26 17:30:00,274,15.1473,15.15,15.15,15.15,15.15,16
2024-02-26 17:31:00,736,15.1485,15.15,15.15,15.15,15.15,17
2024-02-26 17:32:00,2459,15.1401,15.145,15.14,15.145,15.14,55
2024-02-26 17:35:00,390,15.1323,15.135,15.13,15.135,15.13,18
2024-02-26 17:36:00,365,15.1316,15.13,15.13,15.13,15.13,10
2024-02-26 17:37:00,2291,15.1427,15.14,15.15,15.15,15.14,60
2024-02-26 17:38:00,1653,15.1521,15.15,15.155,15.16,15.15,32
2024-02-26 17:39:00,3687,15.1606,15.155,15.17,15.17,15.155,54
2024-02-26 17:40:00,2398,15.1608,15.165,15.15,15.165,15.15,30
2024-02-26 17:41:00,4874,15.1429,15.15,15.15,15.15,15.14,27
2024-02-26 17:42:00,4665,15.1499,15.15,15.145,15.155,15.145,53
2024-02-26 17:43:00,109,15.1405,15.14,15.14,15.14,15.14,3
2024-02-26 17:44:00,823,15.1475,15.145,15.15,15.15,15.145,12
2024-02-26 17:45:00,1517,15.1485,15.14,15.15,15.15,15.14,33
2024-02-26 17:46:00,11548,15.1407,15.14,15.145,15.15,15.14,21
2024-02-26 17:47:00,16810,15.1483,15.14,15.165,15.17,15.14,195
2024-02-26 17:48:00,172,15.1617,15.16,15.16,15.16,15.16,12
2024-02-26 17:49:00,230,15.1607,15.16,15.16,15.16,15.16,7
2024-02-26 17:50:00,3502,15.1575,15.16,15.154,15.16,15.154,40
2024-02-26 17:51:00,1437,15.159,15.15,15.16,15.16,15.15,23
2024-02-26 17:52:00,8637,15.166,15.16,15.165,15.175,15.16,108
2024-02-26 17:53:00,1249,15.159,15.16,15.155,15.16,15.15,21
2024-02-26 17:54:00,3976,15.1633,15.16,15.17,15.17,15.16,38
2024-02-26 17:55:00,786,15.1675,15.17,15.165,15.17,15.16,8
2024-02-26 17:56:00,1408,15.1591,15.16,15.16,15.16,15.16,30
2024-02-26 17:57:00,469,15.156,15.16,15.15,15.16,15.15,10
2024-02-26 17:58:00,278,15.1562,15.15,15.16,15.16,15.15,9
2024-02-26 17:59:00,8930,15.1657,15.155,15.17,15.1705,15.15,134
2024-02-26 18:00:00,2144,15.1601,15.165,15.16,15.165,15.16,29
2024-02-26 18:01:00,339,15.1607,15.16,15.16,15.16,15.16,8
2024-02-26 18:02:00,120,15.155,15.155,15.155,15.155,15.155,4
2024-02-26 18:03:00,157,15.1583,15.16,15.16,15.16,15.16,10
2024-02-26 18:04:00,5066,15.1592,15.16,15.16,15.16,15.155,59
2024-02-26 18:05:00,666,15.1565,15.16,15.155,15.16,15.155,12
2024-02-26 18:06:00,396,15.1569,15.155,15.155,15.155,15.155,10
2024-02-26 18:07:00,1740,15.1494,15.15,15.15,15.15,15.15,36
2024-02-26 18:09:00,329,15.1463,15.15,15.145,15.15,15.145,12
2024-02-26 18:11:00,456,15.1457,15.145,15.145,15.145,15.145,19
2024-02-26 18:12:00,240,15.1407,15.14,15.14,15.14,15.14,19
2024-02-26 18:13:00,773,15.1466,15.145,15.15,15.15,15.145,31
2024-02-26 18:14:00,9931,15.1497,15.15,15.147,15.15,15.145,127
2024-02-26 18:15:00,423,15.1461,15.145,15.145,15.145,15.145,12
2024-02-26 18:16:00,973,15.1459,15.145,15.145,15.15,15.145,17
2024-02-26 18:18:00,4393,15.1394,15.14,15.135,15.14,15.135,60
2024-02-26 18:19:00,3136,15.1228,15.13,15.115,15.13,15.114,49
2024-02-26 18:20:00,3859,15.1098,15.115,15.11,15.115,15.1,61
2024-02-26 18:21:00,278,15.1179,15.12,15.115,15.12,15.115,15
2024-02-26 18:22:00,8944,15.1194,15.12,15.12,15.125,15.11,94
2024-02-26 18:23:00,1642,15.1102,15.115,15.11,15.115,15.11,27
2024-02-26 18:24:00,1871,15.1087,15.11,15.11,15.11,15.1,37
2024-02-26 18:25:00,2594,15.0929,15.11,15.08,15.11,15.08,33
2024-02-26 18:26:00,4259,15.0702,15.08,15.065,15.08,15.065,56
2024-02-26 18:27:00,3273,15.0697,15.065,15.075,15.075,15.065,63
2024-02-26 18:28:00,1245,15.0829,15.08,15.095,15.095,15.08,34
2024-02-26 18:29:00,1353,15.0896,15.09,15.09,15.09,15.09,20
2024-02-26 18:30:00,1457,15.0803,15.08,15.08,15.08,15.08,34
2024-02-26 18:31:00,4032,15.0868,15.08,15.105,15.105,15.08,58
2024-02-26 18:32:00,1562,15.1002,15.105,15.1,15.105,15.1,38
2024-02-26 18:33:00,1000,15.0947,15.095,15.095,15.0959,15.095,7
2024-02-26 18:34:00,3492,15.0855,15.095,15.075,15.095,15.075,69
2024-02-26 18:35:00,531,15.0787,15.08,15.08,15.08,15.075,13
2024-02-26 18:36:00,337,15.0767,15.08,15.07,15.08,15.07,8
2024-02-26 18:37:00,2427,15.0796,15.08,15.08,15.08,15.08,39
2024-02-26 18:38:00,1633,15.0796,15.08,15.08,15.08,15.075,30
2024-02-26 18:39:00,572,15.0834,15.085,15.085,15.085,15.085,15
2024-02-26 18:40:00,1719,15.0797,15.08,15.075,15.08,15.075,30
2024-02-26 18:42:00,3397,15.0848,15.08,15.08,15.085,15.08,56
2024-02-26 18:43:00,485,15.0772,15.08,15.075,15.08,15.075,10
2024-02-26 18:44:00,414,15.0762,15.075,15.075,15.075,15.075,13
2024-02-26 18:45:00,783,15.0769,15.075,15.075,15.08,15.075,12
2024-02-26 18:46:00,377,15.0763,15.075,15.08,15.08,15.075,17
2024-02-26 18:47:00,6165,15.0652,15.075,15.05,15.08,15.05,90
2024-02-26 18:48:00,693,15.0465,15.05,15.045,15.05,15.045,14
2024-02-26 18:49:00,394,15.0509,15.045,15.04,15.045,15.04,15
2024-02-26 18:50:00,1022,15.0443,15.045,15.044,15.045,15.044,19
2024-02-26 18:51:00,6844,15.0572,15.05,15.065,15.065,15.05,111
2024-02-26 18:52:00,685,15.0678,15.07,15.07,15.07,15.07,16
2024-02-26 18:54:00,319,15.0682,15.065,15.07,15.07,15.065,9
2024-02-26 18:55:00,2307,15.0722,15.07,15.075,15.08,15.07,49
2024-02-26 18:56:00,425,15.0788,15.075,15.08,15.08,15.075,16
2024-02-26 18:57:00,3378,15.0793,15.08,15.075,15.08,15.075,62
2024-02-26 18:58:00,288,15.0771,15.08,15.075,15.08,15.075,12
2024-02-26 18:59:00,3639,15.0829,15.08,15.09,15.09,15.075,62
2024-02-26 19:00:00,3722,15.0952,15.09,15.1,15.105,15.085,54
2024-02-26 19:01:00,4373,15.0979,15.1,15.09,15.11,15.09,77
2024-02-26 19:03:00,910,15.0756,15.07,15.07,15.07,15.07,27
2024-02-26 19:04:00,2403,15.0694,15.065,15.07,15.07,15.065,35
2024-02-26 19:05:00,330,15.0704,15.07,15.07,15.07,15.07,6
2024-02-26 19:06:00,650,15.0733,15.0705,15.075,15.075,15.07,9
2024-02-26 19:07:00,520,15.0761,15.08,15.075,15.08,15.07,8
2024-02-26 19:08:00,291,15.0707,15.07,15.07,15.07,15.07,8
2024-02-26 19:09:00,111,15.0771,15.0775,15.0775,15.0775,15.0775,3
2024-02-26 19:10:00,1738,15.0697,15.07,15.065,15.07,15.06,42
2024-02-26 19:11:00,1922,15.0577,15.06,15.05,15.06,15.05,33
2024-02-26 19:12:00,4129,15.0577,15.06,15.05,15.06,15.05,48
2024-02-26 19:13:00,389,15.0571,15.055,15.055,15.055,15.055,8
2024-02-26 19:14:00,3469,15.0421,15.05,15.035,15.05,15.03,87
2024-02-26 19:15:00,926,15.0411,15.04,15.035,15.045,15.035,25
2024-02-26 19:16:00,3231,15.0308,15.035,15.035,15.035,15.025,58
2024-02-26 19:17:00,1638,15.0411,15.04,15.04,15.045,15.04,31
2024-02-26 19:19:00,2317,15.0509,15.05,15.06,15.06,15.05,39
2024-02-26 19:20:00,1200,15.0634,15.06,15.07,15.07,15.06,28
2024-02-26 19:21:00,3406,15.0684,15.07,15.06,15.075,15.06,51
2024-02-26 19:22:00,2032,15.0674,15.07,15.0603,15.07,15.0603,29
2024-02-26 19:23:00,265,15.0657,15.065,15.065,15.065,15.065,10
2024-02-26 19:24:00,3717,15.058,15.06,15.05,15.06,15.05,74
2024-02-26 19:25:00,2207,15.0479,15.06,15.04,15.06,15.04,45
2024-02-26 19:26:00,413,15.0303,15.03,15.03,15.03,15.03,7
2024-02-26 19:27:00,2473,15.0306,15.03,15.035,15.035,15.025,42
2024-02-26 19:28:00,294,15.0334,15.03,15.03,15.03,15.03,15
2024-02-26 19:29:00,350,15.0385,15.035,15.035,15.035,15.035,16
2024-02-26 19:30:00,1158,15.0382,15.04,15.04,15.04,15.03,25
2024-02-26 19:31:00,538,15.0342,15.035,15.035,15.035,15.035,13
2024-02-26 19:32:00,397,15.0361,15.035,15.035,15.035,15.035,15
2024-02-26 19:33:00,598,15.038,15.04,15.04,15.04,15.04,25
2024-02-26 19:34:00,2087,15.0363,15.0325,15.035,15.04,15.03,40
2024-02-26 19:35:00,2983,15.0425,15.04,15.045,15.05,15.04,60
2024-02-26 19:36:00,6070,15.0545,15.05,15.045,15.065,15.045,110
2024-02-26 19:37:00,1077,15.0497,15.045,15.055,15.055,15.045,23
2024-02-26 19:38:00,3821,15.0509,15.0505,15.055,15.055,15.05,18
2024-02-26 19:39:00,1655,15.0596,15.06,15.065,15.065,15.055,30
2024-02-26 19:40:00,2441,15.0592,15.065,15.045,15.069,15.045,45
2024-02-26 19:41:00,990,15.0452,15.045,15.05,15.05,15.04,17
2024-02-26 19:42:00,860,15.0476,15.045,15.05,15.05,15.04,14
2024-02-26 19:43:00,3465,15.0503,15.05,15.05,15.055,15.045,62
2024-02-26 19:44:00,612,15.0477,15.05,15.045,15.05,15.045,16
2024-02-26 19:45:00,1308,15.0477,15.04,15.05,15.05,15.04,27
2024-02-26 19:46:00,1941,15.0478,15.05,15.04,15.05,15.04,35
2024-02-26 19:47:00,1104,15.0459,15.045,15.04,15.05,15.04,16
2024-02-26 19:48:00,480,15.0405,15.04,15.04,15.04,15.04,15
2024-02-26 19:49:00,296,15.0436,15.05,15.05,15.05,15.05,11
2024-02-26 19:50:00,519,15.0458,15.05,15.05,15.05,15.05,16
2024-02-26 19:51:00,3014,15.052,15.045,15.06,15.06,15.04,66
2024-02-26 19:52:00,6683,15.0509,15.065,15.04,15.065,15.04,92
2024-02-26 19:53:00,4139,15.0397,15.035,15.045,15.045,15.035,70
2024-02-26 19:54:00,2449,15.0401,15.045,15.035,15.045,15.035,41
2024-02-26 19:55:00,928,15.0361,15.035,15.03,15.04,15.03,20
2024-02-26 19:56:00,547,15.0353,15.035,15.03,15.035,15.03,10
2024-02-26 19:57:00,778,15.0311,15.035,15.03,15.035,15.03,18
2024-02-26 19:58:00,279,15.0358,15.035,15.035,15.035,15.035,15
2024-02-26 19:59:00,7594,15.0399,15.03,15.05,15.05,15.03,105
2024-02-26 20:00:00,3058,15.054,15.045,15.06,15.06,15.045,45
2024-02-26 20:01:00,2981,15.0494,15.05,15.05,15.05,15.05,49
2024-02-26 20:02:00,642,15.044,15.04,15.04,15.05,15.04,13
2024-02-26 20:03:00,1100,15.0476,15.045,15.05,15.05,15.04,20
2024-02-26 20:04:00,6736,15.046,15.05,15.04,15.05,15.04,88
2024-02-26 20:05:00,1290,15.0311,15.03,15.025,15.03,15.025,25
2024-02-26 20:06:00,6745,15.0326,15.02,15.045,15.045,15.02,89
2024-02-26 20:08:00,3293,15.0511,15.045,15.06,15.06,15.045,53
2024-02-26 20:09:00,302,15.0547,15.055,15.055,15.055,15.055,9
2024-02-26 20:10:00,4140,15.0591,15.06,15.055,15.06,15.055,67
2024-02-26 20:11:00,1512,15.0495,15.05,15.05,15.05,15.045,41
2024-02-26 20:12:00,2633,15.0553,15.05,15.065,15.065,15.05,48
2024-02-26 20:13:00,342,15.0611,15.065,15.065,15.065,15.065,9
2024-02-26 20:14:00,2386,15.0591,15.065,15.05,15.065,15.05,44
2024-02-26 20:15:00,515,15.0581,15.06,15.0575,15.06,15.0575,16
2024-02-26 20:16:00,6405,15.0601,15.06,15.06,15.065,15.06,103
2024-02-26 20:17:00,202,15.06,15.06,15.06,15.06,15.06,6
2024-02-26 20:18:00,906,15.0574,15.06,15.05,15.06,15.05,13
2024-02-26 20:19:00,776,15.0586,15.055,15.06,15.06,15.055,18
2024-02-26 20:20:00,4170,15.0594,15.055,15.065,15.065,15.055,74
2024-02-26 20:21:00,1440,15.0653,15.06,15.065,15.07,15.06,30
2024-02-26 20:22:00,600,15.0651,15.065,15.065,15.065,15.065,18
2024-02-26 20:23:00,1991,15.065,15.065,15.07,15.07,15.06,29
2024-02-26 20:24:00,791,15.0671,15.065,15.065,15.0675,15.065,23
2024-02-26 20:25:00,2444,15.062,15.0635,15.06,15.0635,15.06,53
2024-02-26 20:26:00,4595,15.0605,15.06,15.07,15.07,15.055,72
2024-02-26 20:27:00,558,15.0628,15.065,15.06,15.065,15.06,12
2024-02-26 20:28:00,609,15.0675,15.065,15.07,15.07,15.065,16
2024-02-26 20:29:00,19956,15.0764,15.065,15.085,15.085,15.065,250
2024-02-26 20:30:00,39927,15.072,15.085,15.07,15.085,15.06,498
2024-02-26 20:31:00,32947,15.0732,15.07,15.07,15.09,15.055,432
2024-02-26 20:32:00,4582,15.0594,15.06,15.06,15.06,15.05,71
2024-02-26 20:33:00,2099,15.0603,15.06,15.055,15.06,15.055,41
2024-02-26 20:34:00,3480,15.0595,15.055,15.065,15.065,15.055,77
2024-02-26 20:35:00,5073,15.0564,15.065,15.04,15.065,15.035,87
2024-02-26 20:36:00,4056,15.0323,15.04,15.03,15.04,15.025,68
2024-02-26 20:37:00,1693,15.026,15.025,15.02,15.03,15.02,31
2024-02-26 20:38:00,5233,15.0218,15.03,15.025,15.03,15.02,48
2024-02-26 20:39:00,6867,15.03,15.025,15.03,15.035,15.025,95
2024-02-26 20:40:00,718,15.0262,15.03,15.025,15.03,15.025,14
2024-02-26 20:41:00,1395,15.0265,15.025,15.025,15.03,15.02,34
2024-02-26 20:42:00,5310,15.0308,15.03,15.04,15.04,15.025,82
2024-02-26 20:43:00,960,15.0366,15.04,15.035,15.04,15.035,21
2024-02-26 20:44:00,6098,15.0315,15.04,15.025,15.04,15.025,80
2024-02-26 20:45:00,30747,15.0314,15.025,15.0306,15.045,15.02,294
2024-02-26 20:46:00,4171,15.0302,15.03,15.025,15.035,15.025,48
2024-02-26 20:47:00,19919,15.0303,15.025,15.035,15.04,15.025,217
2024-02-26 20:48:00,2613,15.0375,15.035,15.04,15.04,15.035,43
2024-02-26 20:49:00,3443,15.0393,15.04,15.04,15.04,15.0325,90
2024-02-26 20:50:00,19569,15.0474,15.04,15.055,15.055,15.04,236
2024-02-26 20:51:00,8849,15.0583,15.05,15.06,15.065,15.05,132
2024-02-26 20:52:00,77846,15.0388,15.065,15.045,15.07,15.0,490
2024-02-26 20:53:00,30315,15.0553,15.04,15.055,15.065,15.04,276
2024-02-26 20:54:00,13327,15.0585,15.055,15.04,15.07,15.04,189
2024-02-26 20:55:00,3242,15.0463,15.045,15.045,15.05,15.044,68
2024-02-26 20:56:00,11667,15.0278,15.04,15.02,15.04,15.02,135
2024-02-26 20:57:00,24099,15.0208,15.02,15.02,15.03,15.015,201
2024-02-26 20:58:00,39172,15.0258,15.02,15.03,15.03,15.02,377
2024-02-26 20:59:00,47451,15.0271,15.03,15.02,15.035,15.02,518
2024-02-26 21:00:00,7015,15.03,15.03,15.03,15.03,15.03,11
2024-02-27 14:30:00,27366,15.0209,15.04,15.02,15.1,14.9,107
2024-02-27 14:31:00,3309,15.0403,15.0,15.05,15.065,15.0,59
2024-02-27 14:32:00,12871,14.9751,15.09,14.965,15.09,14.92,170
2024-02-27 14:33:00,3021,14.9714,14.965,14.99,14.99,14.965,20
2024-02-27 14:34:00,1104,15.0102,15.01,15.005,15.01,15.005,11
2024-02-27 14:35:00,5398,14.9989,15.005,14.99,15.02,14.97,67
2024-02-27 14:36:00,644,15.0047,14.99,15.02,15.02,14.99,14
2024-02-27 14:37:00,1085,15.0285,15.025,15.03,15.03,15.02,17
2024-02-27 14:38:00,1609,14.9997,15.01,14.99,15.01,14.99,18
2024-02-27 14:39:00,5584,14.977,14.98,14.98,14.98,14.97,79
2024-02-27 14:40:00,5285,14.9472,14.97,14.925,14.97,14.925,61
2024-02-27 14:41:00,1414,14.9451,14.93,14.94,14.96,14.93,21
2024-02-27 14:42:00,2837,14.9352,14.935,14.9275,14.94,14.9275,37
2024-02-27 14:43:00,7587,14.9258,14.925,14.925,14.94,14.92,54
2024-02-27 14:44:00,1174,14.925,14.925,14.925,14.925,14.925,15
2024-02-27 14:45:00,1209,14.931,14.93,14.93,14.935,14.93,26
2024-02-27 14:46:00,2369,14.9343,14.92,14.94,14.94,14.92,45
2024-02-27 14:47:00,2997,14.9549,14.96,14.95,14.96,14.945,54
2024-02-27 14:48:00,5306,14.9803,14.95,14.995,14.995,14.95,68
2024-02-27 14:49:00,1449,14.99,14.995,14.985,14.995,14.985,20
2024-02-27 14:50:00,1097,14.9793,14.98,14.975,14.98,14.975,17
2024-02-27 14:51:00,1466,14.9811,14.98,14.98,14.99,14.98,26
2024-02-27 14:52:00,155,14.9793,14.98,14.98,14.98,14.98,9
2024-02-27 14:53:00,252,14.9845,14.985,14.985,14.985,14.985,8
2024-02-27 14:54:00,3127,14.9897,14.99,14.98,15.0,14.975,42
2024-02-27 14:55:00,155,14.9844,14.985,14.985,14.985,14.985,5
2024-02-27 14:56:00,1998,14.9929,14.985,14.995,15.0,14.985,33
2024-02-27 14:57:00,3232,14.9857,15.0,14.985,15.0,14.98,45
2024-02-27 14:58:00,366,14.9862,14.985,14.985,14.985,14.985,11
2024-02-27 14:59:00,2188,14.98,14.989,14.97,14.989,14.97,39
2024-02-27 15:00:00,3298,14.9726,14.98,14.98,14.98,14.96,54
2024-02-27 15:01:00,3045,14.9859,14.99,14.985,14.995,14.975,50
2024-02-27 15:02:00,898,14.9827,14.98,14.985,14.99,14.975,21
2024-02-27 15:03:00,528,14.9788,14.985,14.975,14.985,14.975,12
2024-02-27 15:04:00,405,14.9753,14.975,14.975,14.975,14.975,13
2024-02-27 15:05:00,6053,14.9493,14.97,14.95,14.97,14.94,63
2024-02-27 15:06:00,2002,14.9501,14.95,14.95,14.955,14.95,30
2024-02-27 15:07:00,411,14.9477,14.945,14.945,14.945,14.945,13
2024-02-27 15:08:00,16373,14.9852,14.945,14.985,15.0,14.945,185
2024-02-27 15:09:00,4852,14.953,14.98,14.92,14.98,14.92,61
2024-02-27 15:10:00,2054,14.9306,14.93,14.935,14.935,14.92,35
2024-02-27 15:11:00,9926,14.9264,14.93,14.935,14.94,14.92,108
2024-02-27 15:12:00,3599,14.9399,14.935,14.94,14.945,14.935,40
2024-02-27 15:13:00,3257,14.9378,14.935,14.935,14.94,14.93,39
2024-02-27 15:14:00,315,14.9382,14.94,14.94,14.94,14.94,11
2024-02-27 15:15:00,6269,14.9213,14.93,14.92,14.93,14.915,91
2024-02-27 15:16:00,309,14.9234,14.92,14.925,14.925,14.92,7
2024-02-27 15:17:00,3613,14.9235,14.92,14.935,14.935,14.91,48
2024-02-27 15:18:00,10026,14.9232,14.935,14.925,14.935,14.915,106
2024-02-27 15:19:00,1933,14.9298,14.925,14.935,14.935,14.92,27
2024-02-27 15:20:00,1218,14.9331,14.931,14.935,14.935,14.931,18
2024-02-27 15:21:00,668,14.9333,14.931,14.931,14.94,14.93,12
2024-02-27 15:22:00,6268,14.922,14.935,14.925,14.935,14.92,63
2024-02-27 15:23:00,3249,14.9292,14.925,14.94,14.94,14.925,36
2024-02-27 15:24:00,3491,14.9476,14.94,14.95,14.96,14.94,45
2024-02-27 15:25:00,2534,14.9492,14.945,14.955,14.955,14.94,28
2024-02-27 15:26:00,504,14.9588,14.955,14.96,14.96,14.955,11
2024-02-27 15:27:00,417,14.9647,14.965,14.965,14.965,14.965,7
2024-02-27 15:28:00,1537,14.966,14.965,14.97,14.97,14.961,21
2024-02-27 15:29:00,2818,14.9717,14.965,14.975,14.975,14.965,33
2024-02-27 15:30:00,433,14.9763,14.975,14.975,14.975,14.975,19
2024-02-27 15:31:00,5934,14.9906,14.974,15.015,15.02,14.974,83
2024-02-27 15:32:00,666,15.0074,15.005,15.005,15.005,15.005,15
2024-02-27 15:33:00,2691,14.9991,15.0,15.0,15.0,14.99,59
2024-02-27 15:34:00,912,14.9968,15.0,14.995,15.0,14.995,22
2024-02-27 15:35:00,1661,14.9948,14.99,14.995,15.0,14.99,29
2024-02-27 15:36:00,1716,14.9918,14.995,14.9975,14.9975,14.99,25
2024-02-27 15:37:00,18048,14.9788,14.99,14.995,15.0,14.965,169
2024-02-27 15:38:00,3088,14.9901,14.995,14.985,14.995,14.985,35
2024-02-27 15:39:00,1235,14.9843,14.985,14.985,14.985,14.981,15
2024-02-27 15:40:00,589,14.9836,14.985,14.981,14.985,14.981,11
2024-02-27 15:41:00,1106,14.9829,14.981,14.98,14.99,14.98,20
2024-02-27 15:42:00,1986,14.9786,14.98,14.97,14.99,14.97,24
2024-02-27 15:43:00,5193,14.9703,14.97,14.975,14.98,14.965,62
2024-02-27 15:44:00,5681,14.9689,14.97,14.965,14.975,14.965,49
2024-02-27 15:45:00,2682,14.9703,14.965,14.98,14.98,14.965,50
2024-02-27 15:46:00,3747,14.9825,14.975,14.985,14.99,14.975,41
2024-02-27 15:47:00,522,14.9849,14.9875,14.985,14.9875,14.985,18
2024-02-27 15:48:00,11717,14.9804,14.98,14.995,15.0,14.97,140
2024-02-27 15:49:00,311,14.9966,14.995,14.995,15.0,14.995,5
2024-02-27 15:50:00,16414,14.9939,14.995,14.985,15.0,14.985,59
2024-02-27 15:51:00,12344,14.9902,14.99,14.995,15.0,14.985,44
2024-02-27 15:52:00,1612,14.9903,14.995,14.985,14.995,14.985,26
2024-02-27 15:53:00,7369,14.9722,14.985,14.98,14.985,14.965,69
2024-02-27 15:54:00,1575,14.9819,14.98,14.985,14.99,14.98,22
2024-02-27 15:55:00,4848,14.9959,14.99,15.01,15.01,14.985,66
2024-02-27 15:56:00,3892,14.9993,15.005,15.005,15.005,15.0,39
2024-02-27 15:57:00,2600,14.9983,15.0,14.995,15.005,14.99,40
2024-02-27 15:58:00,1134,14.9914,14.99,14.99,14.9988,14.99,24
2024-02-27 15:59:00,3746,15.0015,14.995,15.02,15.02,14.99,61
2024-02-27 16:00:00,524,15.0082,15.01,15.01,15.01,15.01,11
2024-02-27 16:01:00,1553,15.0114,15.01,15.015,15.015,15.01,31
2024-02-27 16:02:00,9434,15.0243,15.02,15.035,15.04,15.015,72
2024-02-27 16:03:00,6453,15.0415,15.04,15.05,15.05,15.035,68
2024-02-27 16:04:00,6543,15.048,15.045,15.045,15.055,15.045,86
2024-02-27 16:05:00,595,15.0386,15.045,15.041,15.045,15.041,10
2024-02-27 16:06:00,1019,15.044,15.041,15.045,15.045,15.041,12
2024-02-27 16:08:00,380,15.0464,15.05,15.04,15.05,15.04,7
2024-02-27 16:09:00,1080,15.045,15.045,15.045,15.045,15.045,20
2024-02-27 16:10:00,5435,15.0425,15.045,15.035,15.05,15.035,62
2024-02-27 16:11:00,745,15.0383,15.035,15.04,15.04,15.035,14
2024-02-27 16:12:00,404,15.0355,15.035,15.03,15.035,15.03,8
2024-02-27 16:13:00,5274,15.0432,15.031,15.05,15.055,15.031,67
2024-02-27 16:15:00,981,15.0547,15.055,15.055,15.06,15.051,9
2024-02-27 16:16:00,2379,15.049,15.051,15.045,15.051,15.045,39
2024-02-27 16:17:00,2761,15.0509,15.045,15.06,15.06,15.045,51
2024-02-27 16:18:00,669,15.054,15.055,15.055,15.055,15.055,16
2024-02-27 16:19:00,7410,15.0571,15.06,15.07,15.07,15.055,44
2024-02-27 16:20:00,570,15.0662,15.065,15.065,15.065,15.065,11
2024-02-27 16:21:00,6692,15.0767,15.065,15.085,15.09,15.065,84
2024-02-27 16:22:00,255,15.0897,15.09,15.09,15.09,15.09,10
2024-02-27 16:23:00,2079,15.0901,15.085,15.1,15.1,15.085,33
2024-02-27 16:24:00,873,15.0955,15.1,15.1,15.1,15.1,13
2024-02-27 16:25:00,56307,15.0993,15.095,15.11,15.11,15.09,499
2024-02-27 16:26:00,10494,15.1007,15.105,15.1,15.11,15.09,106
2024-02-27 16:27:00,1311,15.0955,15.095,15.095,15.1,15.09,17
2024-02-27 16:28:00,1486,15.0953,15.1,15.095,15.1,15.09,22
2024-02-27 16:29:00,1597,15.0975,15.09,15.0999,15.1,15.09,18
2024-02-27 16:30:00,3335,15.0952,15.095,15.095,15.1,15.09,47
2024-02-27 16:31:00,5793,15.102,15.1,15.11,15.11,15.095,79
2024-02-27 16:32:00,15435,15.1097,15.105,15.11,15.12,15.105,141
2024-02-27 16:33:00,14298,15.1188,15.11,15.12,15.13,15.11,132
2024-02-27 16:34:00,968,15.1167,15.12,15.12,15.12,15.11,26
2024-02-27 16:35:00,1740,15.1141,15.115,15.115,15.12,15.115,40
2024-02-27 16:36:00,7140,15.1211,15.12,15.13,15.13,15.12,75
2024-02-27 16:37:00,4039,15.1328,15.13,15.135,15.14,15.1225,52
2024-02-27 16:38:00,6631,15.1475,15.135,15.15,15.155,15.135,87
2024-02-27 16:39:00,1510,15.1444,15.14,15.1419,15.145,15.14,23
2024-02-27 16:40:00,17157,15.16,15.145,15.18,15.18,15.14,133
2024-02-27 16:41:00,2338,15.1809,15.18,15.19,15.19,15.175,42
2024-02-27 16:42:00,4216,15.1935,15.19,15.2,15.2,15.19,55
2024-02-27 16:43:00,3246,15.1923,15.195,15.195,15.2,15.19,47
2024-02-27 16:44:00,2680,15.2072,15.195,15.22,15.22,15.195,38
2024-02-27 16:45:00,4085,15.2238,15.22,15.225,15.23,15.22,41
2024-02-27 16:46:00,5442,15.2191,15.225,15.21,15.225,15.21,63
2024-02-27 16:47:00,3543,15.217,15.215,15.215,15.22,15.215,24
2024-02-27 16:48:00,4561,15.2097,15.215,15.21,15.215,15.2,65
2024-02-27 16:49:00,1808,15.2075,15.2099,15.205,15.21,15.205,20
2024-02-27 16:50:00,9959,15.2233,15.21,15.225,15.235,15.21,121
2024-02-27 16:52:00,13994,15.2429,15.225,15.235,15.26,15.221,155
2024-02-27 16:53:00,12598,15.2343,15.2399,15.215,15.24,15.215,92
2024-02-27 16:54:00,8773,15.2206,15.215,15.23,15.23,15.215,79
2024-02-27 16:55:00,23893,15.239,15.225,15.225,15.25,15.225,232
2024-02-27 16:56:00,697,15.2259,15.2299,15.225,15.2299,15.225,11
2024-02-27 16:57:00,441,15.2265,15.225,15.225,15.23,15.225,11
2024-02-27 16:58:00,1240,15.2289,15.2299,15.225,15.23,15.225,12
2024-02-27 16:59:00,5152,15.2175,15.225,15.205,15.225,15.205,60
2024-02-27 17:00:00,1659,15.2089,15.205,15.205,15.205,15.2,30
2024-02-27 17:01:00,1205,15.203,15.205,15.2,15.205,15.2,17
2024-02-27 17:02:00,4431,15.1988,15.205,15.195,15.205,15.195,44
2024-02-27 17:03:00,12845,15.1968,15.195,15.19,15.205,15.19,132
2024-02-27 17:04:00,9138,15.1832,15.185,15.185,15.19,15.18,74
2024-02-27 17:05:00,2904,15.1821,15.185,15.175,15.185,15.175,43
2024-02-27 17:06:00,2307,15.1671,15.175,15.161,15.175,15.16,22
2024-02-27 17:07:00,3796,15.1706,15.165,15.175,15.175,15.165,60
2024-02-27 17:08:00,788,15.1756,15.175,15.175,15.1799,15.175,11
2024-02-27 17:09:00,1969,15.1713,15.175,15.165,15.175,15.165,30
2024-02-27 17:10:00,5346,15.1597,15.16,15.17,15.17,15.15,82
2024-02-27 17:11:00,598,15.175,15.175,15.175,15.175,15.175,5
2024-02-27 17:12:00,1172,15.1758,15.175,15.18,15.18,15.175,13
2024-02-27 17:13:00,3427,15.1789,15.175,15.185,15.185,15.175,57
2024-02-27 17:14:00,6400,15.1892,15.19,15.185,15.195,15.185,57
2024-02-27 17:15:00,3108,15.1794,15.185,15.175,15.185,15.175,48
2024-02-27 17:16:00,1499,15.173,15.17,15.175,15.175,15.17,13
2024-02-27 17:17:00,2265,15.1751,15.175,15.175,15.1775,15.175,19
2024-02-27 17:18:00,2551,15.1754,15.175,15.175,15.18,15.175,34
2024-02-27 17:19:00,1413,15.1759,15.175,15.175,15.175,15.175,12
2024-02-27 17:20:00,26259,15.1905,15.175,15.195,15.2,15.175,171
2024-02-27 17:21:00,6202,15.1996,15.195,15.2,15.205,15.195,60
2024-02-27 17:22:00,4146,15.1916,15.195,15.18,15.195,15.18,50
2024-02-27 17:23:00,806,15.1856,15.185,15.19,15.19,15.185,9
2024-02-27 17:24:00,400,15.185,15.185,15.185,15.185,15.185,4
2024-02-27 17:25:00,1745,15.1837,15.185,15.185,15.185,15.1828,10
2024-02-27 17:26:00,1600,15.1858,15.185,15.185,15.185,15.185,15
2024-02-27 17:27:00,2136,15.1829,15.185,15.185,15.185,15.18,23
2024-02-27 17:28:00,2874,15.1853,15.185,15.185,15.185,15.185,36
2024-02-27 17:29:00,3540,15.1912,15.185,15.195,15.195,15.185,57
2024-02-27 17:30:00,1618,15.195,15.195,15.195,15.195,15.195,22
2024-02-27 17:31:00,2377,15.1946,15.195,15.195,15.195,15.19,28
2024-02-27 17:32:00,6892,15.1939,15.195,15.185,15.2,15.185,55
2024-02-27 17:33:00,2063,15.1841,15.185,15.18,15.185,15.18,19
2024-02-27 17:34:00,6095,15.1782,15.185,15.175,15.185,15.17,73
2024-02-27 17:35:00,6237,15.1885,15.18,15.195,15.1975,15.18,80
2024-02-27 17:36:00,2235,15.197,15.195,15.195,15.2,15.195,18
2024-02-27 17:37:00,200,15.195,15.195,15.195,15.195,15.195,2
2024-02-27 17:38:00,4240,15.1886,15.195,15.185,15.195,15.185,48
2024-02-27 17:39:00,852,15.188,15.18,15.19,15.19,15.18,13
2024-02-27 17:40:00,3943,15.1929,15.19,15.195,15.2,15.19,53
2024-02-27 17:41:00,8881,15.2052,15.195,15.22,15.22,15.195,86
2024-02-27 17:42:00,569,15.2184,15.22,15.2175,15.22,15.2175,8
2024-02-27 17:43:00,3658,15.2202,15.215,15.23,15.23,15.215,51
2024-02-27 17:44:00,1927,15.2183,15.23,15.23,15.23,15.225,20
2024-02-27 17:45:00,928,15.2261,15.23,15.225,15.23,15.22,12
2024-02-27 17:46:00,842,15.225,15.225,15.225,15.23,15.225,12
2024-02-27 17:47:00,17211,15.23,15.225,15.22,15.24,15.22,190
2024-02-27 17:48:00,115,15.2209,15.22,15.22,15.22,15.22,5
2024-02-27 17:49:00,1530,15.2227,15.225,15.225,15.225,15.2207,13
2024-02-27 17:50:00,565,15.2254,15.225,15.23,15.23,15.225,13
2024-02-27 17:51:00,707,15.2261,15.23,15.225,15.23,15.225,12
2024-02-27 17:52:00,6400,15.2194,15.225,15.21,15.23,15.21,79
2024-02-27 17:53:00,3784,15.2202,15.21,15.225,15.23,15.21,64
2024-02-27 17:54:00,4373,15.2286,15.225,15.23,15.23,15.225,50
2024-02-27 17:55:00,871,15.2248,15.225,15.225,15.225,15.225,14
2024-02-27 17:56:00,3916,15.219,15.225,15.215,15.225,15.215,46
2024-02-27 17:57:00,1092,15.2169,15.215,15.215,15.215,15.21,12
2024-02-27 17:58:00,473,15.2148,15.215,15.215,15.215,15.215,8
2024-02-27 17:59:00,1154,15.2149,15.21,15.22,15.22,15.21,20
2024-02-27 18:00:00,2396,15.209,15.215,15.2,15.215,15.2,40
2024-02-27 18:01:00,2556,15.2027,15.205,15.205,15.205,15.2,34
2024-02-27 18:02:00,630,15.2066,15.21,15.205,15.21,15.205,23
2024-02-27 18:03:00,7585,15.2094,15.205,15.21,15.215,15.205,86
2024-02-27 18:04:00,4558,15.2097,15.215,15.205,15.215,15.205,60
2024-02-27 18:05:00,4549,15.21,15.2099,15.21,15.21,15.2099,52
2024-02-27 18:06:00,579,15.2149,15.215,15.215,15.215,15.215,8
2024-02-27 18:07:00,11378,15.1974,15.215,15.175,15.215,15.175,119
2024-02-27 18:08:00,618,15.1761,15.17,15.17,15.17,15.17,16
2024-02-27 18:09:00,116,15.1711,15.17,15.17,15.17,15.17,4
2024-02-27 18:10:00,1309,15.1776,15.17,15.175,15.18,15.17,36
2024-02-27 18:11:00,4320,15.1785,15.175,15.185,15.185,15.17,88
2024-02-27 18:12:00,605,15.1841,15.185,15.185,15.185,15.18,8
2024-02-27 18:13:00,413,15.184,15.185,15.185,15.185,15.185,6
2024-02-27 18:14:00,1249,15.1903,15.19,15.185,15.19,15.185,13
2024-02-27 18:15:00,680,15.1838,15.19,15.185,15.19,15.185,7
2024-02-27 18:16:00,1246,15.1832,15.181,15.185,15.185,15.18,21
2024-02-27 18:17:00,1505,15.1856,15.185,15.184,15.19,15.184,21
2024-02-27 18:18:00,680,15.1868,15.19,15.18,15.19,15.18,6
2024-02-27 18:19:00,660,15.1859,15.185,15.19,15.19,15.185,12
2024-02-27 18:20:00,9408,15.1964,15.185,15.2,15.21,15.185,122
2024-02-27 18:21:00,5287,15.1907,15.2,15.195,15.2,15.19,71
2024-02-27 18:22:00,4006,15.1786,15.185,15.17,15.185,15.17,53
2024-02-27 18:23:00,2088,15.1732,15.175,15.17,15.175,15.17,23
2024-02-27 18:24:00,427,15.1725,15.175,15.175,15.175,15.17,8
2024-02-27 18:25:00,623,15.1751,15.175,15.175,15.175,15.175,7
2024-02-27 18:26:00,900,15.1786,15.171,15.175,15.175,15.171,8
2024-02-27 18:27:00,485,15.1769,15.17,15.18,15.18,15.17,4
2024-02-27 18:28:00,10252,15.194,15.175,15.205,15.21,15.175,118
2024-02-27 18:29:00,7080,15.1935,15.205,15.18,15.205,15.18,74
2024-02-27 18:30:00,7773,15.1771,15.175,15.185,15.185,15.17,85
2024-02-27 18:31:00,565,15.1867,15.185,15.185,15.19,15.185,16
2024-02-27 18:32:00,5499,15.1885,15.19,15.185,15.195,15.18,64
2024-02-27 18:33:00,515,15.1849,15.185,15.185,15.185,15.185,4
2024-02-27 18:34:00,297,15.1867,15.185,15.19,15.19,15.185,9
2024-02-27 18:35:00,1399,15.1907,15.1864,15.195,15.195,15.1864,31
2024-02-27 18:36:00,1632,15.1989,15.195,15.2,15.2,15.195,35
2024-02-27 18:37:00,303,15.203,15.21,15.205,15.21,15.205,5
2024-02-27 18:38:00,1613,15.2012,15.205,15.21,15.21,15.2,19
2024-02-27 18:39:00,9089,15.2033,15.2,15.2171,15.22,15.195,120
2024-02-27 18:40:00,6463,15.2026,15.215,15.2,15.215,15.19,74
2024-02-27 18:41:00,3417,15.2049,15.2,15.205,15.21,15.2,43
2024-02-27 18:42:00,1728,15.2093,15.21,15.21,15.21,15.205,27
2024-02-27 18:43:00,501,15.2048,15.205,15.205,15.205,15.205,6
2024-02-27 18:44:00,510,15.2073,15.205,15.21,15.21,15.205,11
2024-02-27 18:45:00,5747,15.1983,15.201,15.195,15.21,15.19,66
2024-02-27 18:46:00,622,15.1964,15.191,15.191,15.191,15.191,23
2024-02-27 18:47:00,3234,15.2011,15.2,15.205,15.205,15.2,37
2024-02-27 18:48:00,631,15.2067,15.205,15.21,15.21,15.205,14
2024-02-27 18:49:00,1316,15.2056,15.205,15.21,15.21,15.205,21
2024-02-27 18:50:00,1419,15.209,15.21,15.205,15.21,15.205,19
2024-02-27 18:52:00,899,15.2088,15.21,15.21,15.21,15.2,18
2024-02-27 18:53:00,10842,15.2146,15.21,15.215,15.22,15.205,98
2024-02-27 18:54:00,1263,15.2155,15.215,15.215,15.22,15.215,17
2024-02-27 18:55:00,12045,15.2101,15.215,15.205,15.215,15.205,135
2024-02-27 18:56:00,958,15.2041,15.205,15.2,15.205,15.2,19
2024-02-27 18:57:00,3208,15.2009,15.205,15.2,15.205,15.2,54
2024-02-27 18:58:00,301,15.205,15.205,15.205,15.205,15.205,4
2024-02-27 18:59:00,1026,15.2047,15.205,15.205,15.21,15.205,22
2024-02-27 19:00:00,1500,15.2052,15.2,15.205,15.205,15.2,21
2024-02-27 19:01:00,9250,15.21,15.21,15.205,15.22,15.205,144
2024-02-27 19:03:00,1227,15.2039,15.2,15.2,15.21,15.2,17
2024-02-27 19:04:00,1496,15.2053,15.205,15.205,15.21,15.205,40
2024-02-27 19:05:00,3528,15.2048,15.21,15.205,15.21,15.2,23
2024-02-27 19:06:00,398,15.2041,15.205,15.205,15.205,15.205,8
2024-02-27 19:07:00,1900,15.2065,15.21,15.205,15.21,15.205,35
2024-02-27 19:08:00,2415,15.2026,15.205,15.21,15.21,15.2,31
2024-02-27 19:09:00,1109,15.2059,15.21,15.205,15.21,15.205,15
2024-02-27 19:10:00,1690,15.2061,15.21,15.21,15.21,15.205,25
2024-02-27 19:11:00,750,15.207,15.21,15.21,15.21,15.205,13
2024-02-27 19:12:00,17057,15.2111,15.21,15.215,15.22,15.205,198
2024-02-27 19:13:00,1628,15.2114,15.215,15.215,15.215,15.21,30
2024-02-27 19:14:00,13304,15.2111,15.21,15.22,15.22,15.21,179
2024-02-27 19:15:00,4572,15.201,15.21,15.195,15.21,15.195,52
2024-02-27 19:16:00,4046,15.1913,15.195,15.195,15.195,15.19,66
2024-02-27 19:17:00,700,15.1944,15.19,15.195,15.195,15.19,7
2024-02-27 19:18:00,1155,15.1939,15.19,15.195,15.2,15.19,28
2024-02-27 19:19:00,1752,15.1891,15.195,15.19,15.195,15.18,22
2024-02-27 19:20:00,501,15.185,15.185,15.185,15.185,15.185,9
2024-02-27 19:21:00,808,15.1872,15.185,15.19,15.19,15.185,14
2024-02-27 19:22:00,1954,15.1899,15.19,15.19,15.19,15.19,38
2024-02-27 19:23:00,3470,15.1925,15.195,15.2,15.2,15.19,36
2024-02-27 19:24:00,1533,15.1954,15.19,15.195,15.2,15.19,14
2024-02-27 19:25:00,1304,15.1962,15.2,15.195,15.2,15.195,13
2024-02-27 19:26:00,1425,15.1953,15.195,15.195,15.195,15.195,19
2024-02-27 19:27:00,974,15.1969,15.195,15.195,15.2,15.195,21
2024-02-27 19:28:00,1534,15.1944,15.195,15.195,15.2,15.19,22
2024-02-27 19:29:00,3224,15.1912,15.195,15.185,15.2,15.185,87
2024-02-27 19:30:00,4745,15.169,15.18,15.165,15.18,15.16,75
2024-02-27 19:31:00,24465,15.1613,15.17,15.175,15.175,15.15,204
2024-02-27 19:32:00,7397,15.1804,15.175,15.19,15.19,15.175,70
2024-02-27 19:33:00,805,15.181,15.185,15.185,15.185,15.185,9
2024-02-27 19:34:00,2205,15.1895,15.185,15.19,15.2,15.185,46
2024-02-27 19:35:00,5138,15.1902,15.19,15.195,15.195,15.185,61
2024-02-27 19:36:00,1620,15.1957,15.195,15.195,15.2,15.19,28
2024-02-27 19:37:00,1217,15.193,15.195,15.19,15.195,15.19,22
2024-02-27 19:38:00,1148,15.1923,15.195,15.19,15.2,15.19,26
2024-02-27 19:39:00,2991,15.1912,15.19,15.19,15.195,15.19,66
2024-02-27 19:40:00,1661,15.187,15.19,15.185,15.19,15.185,19
2024-02-27 19:41:00,3846,15.1918,15.19,15.195,15.195,15.19,64
2024-02-27 19:42:00,6834,15.1965,15.19,15.2,15.205,15.19,100
2024-02-27 19:43:00,1017,15.2009,15.205,15.2,15.205,15.2,21
2024-02-27 19:44:00,502,15.207,15.21,15.21,15.21,15.205,6
2024-02-27 19:45:00,2372,15.2037,15.2,15.205,15.21,15.2,38
2024-02-27 19:46:00,5403,15.1994,15.205,15.1925,15.205,15.19,69
2024-02-27 19:47:00,658,15.1967,15.195,15.2,15.2,15.195,9
2024-02-27 19:48:00,2909,15.1932,15.195,15.19,15.195,15.19,43
2024-02-27 19:49:00,1123,15.1964,15.195,15.2,15.2,15.19,16
2024-02-27 19:50:00,6130,15.1821,15.195,15.175,15.195,15.175,87
2024-02-27 19:51:00,2411,15.1776,15.175,15.175,15.18,15.175,40
2024-02-27 19:52:00,11009,15.1809,15.18,15.185,15.19,15.175,127
2024-02-27 19:53:00,676,15.1868,15.185,15.185,15.185,15.185,16
2024-02-27 19:54:00,1394,15.1853,15.1875,15.185,15.19,15.185,16
2024-02-27 19:55:00,11813,15.1879,15.185,15.18,15.195,15.18,162
2024-02-27 19:56:00,920,15.18,15.18,15.18,15.18,15.18,12
2024-02-27 19:57:00,1999,15.1826,15.18,15.18,15.19,15.18,24
2024-02-27 19:58:00,5275,15.1807,15.18,15.18,15.185,15.18,60
2024-02-27 19:59:00,1948,15.1822,15.18,15.18,15.185,15.18,29
2024-02-27 20:00:00,21736,15.1883,15.18,15.21,15.21,15.18,222
2024-02-27 20:01:00,213413,15.1805,15.205,15.18,15.21,15.18,86
2024-02-27 20:02:00,6491,15.1918,15.19,15.195,15.2,15.19,59
2024-02-27 20:03:00,13325,15.207,15.19,15.23,15.23,15.19,155
2024-02-27 20:04:00,4707,15.2288,15.225,15.225,15.23,15.225,27
2024-02-27 20:05:00,7829,15.2295,15.23,15.225,15.235,15.225,98
2024-02-27 20:06:00,1400,15.2289,15.225,15.225,15.23,15.225,19
2024-02-27 20:07:00,2681,15.2278,15.225,15.225,15.23,15.22,27
2024-02-27 20:08:00,2357,15.2296,15.23,15.225,15.23,15.225,26
2024-02-27 20:09:00,4056,15.2298,15.23,15.23,15.23,15.23,58
2024-02-27 20:10:00,1520,15.2264,15.23,15.23,15.23,15.225,28
2024-02-27 20:11:00,1482,15.2253,15.225,15.225,15.23,15.22,17
2024-02-27 20:12:00,9926,15.2209,15.23,15.22,15.23,15.22,144
2024-02-27 20:13:00,13276,15.2143,15.22,15.21,15.225,15.205,152
2024-02-27 20:14:00,1537,15.209,15.205,15.21,15.21,15.2,20
2024-02-27 20:15:00,6646,15.201,15.2,15.2,15.21,15.19,90
2024-02-27 20:16:00,2187,15.1971,15.195,15.195,15.195,15.19,33
2024-02-27 20:17:00,2029,15.1946,15.195,15.195,15.2,15.19,25
2024-02-27 20:18:00,4641,15.1907,15.2,15.185,15.2,15.185,52
2024-02-27 20:19:00,1683,15.1928,15.19,15.19,15.19,15.185,28
2024-02-27 20:20:00,1266,15.1851,15.185,15.185,15.19,15.18,21
2024-02-27 20:21:00,2108,15.1876,15.19,15.185,15.19,15.18,38
2024-02-27 20:22:00,4816,15.1911,15.185,15.19,15.2,15.185,66
2024-02-27 20:23:00,6264,15.2009,15.2,15.205,15.205,15.2,80
2024-02-27 20:24:00,4191,15.2086,15.2,15.2088,15.21,15.2,45
2024-02-27 20:25:00,6287,15.2042,15.205,15.205,15.21,15.2,88
2024-02-27 20:26:00,1848,15.2044,15.205,15.205,15.21,15.2,23
2024-02-27 20:27:00,719,15.2025,15.205,15.2,15.205,15.2,11
2024-02-27 20:28:00,2261,15.2061,15.21,15.2,15.21,15.2,42
2024-02-27 20:29:00,8880,15.2115,15.21,15.215,15.22,15.21,139
2024-02-27 20:30:00,13658,15.2036,15.21,15.2,15.215,15.19,146
2024-02-27 20:31:00,4976,15.1888,15.195,15.18,15.195,15.18,74
2024-02-27 20:32:00,1550,15.1842,15.18,15.185,15.19,15.18,26
2024-02-27 20:33:00,957,15.1823,15.18,15.18,15.185,15.18,13
2024-02-27 20:34:00,36461,15.156,15.19,15.155,15.19,15.11,264
2024-02-27 20:35:00,13746,15.1662,15.155,15.175,15.18,15.155,137
2024-02-27 20:36:00,2150,15.172,15.175,15.175,15.175,15.17,23
2024-02-27 20:37:00,1881,15.1743,15.175,15.175,15.175,15.175,27
2024-02-27 20:38:00,1054,15.176,15.18,15.175,15.18,15.175,14
2024-02-27 20:39:00,9025,15.1872,15.175,15.195,15.2,15.175,110
2024-02-27 20:40:00,12258,15.1979,15.195,15.195,15.2,15.19,133
2024-02-27 20:41:00,1146,15.1985,15.2,15.2,15.2,15.195,19
2024-02-27 20:42:00,1778,15.1956,15.2,15.195,15.2,15.1925,33
2024-02-27 20:43:00,1212,15.1968,15.1975,15.195,15.2,15.195,20
2024-02-27 20:44:00,4571,15.1952,15.195,15.195,15.2,15.195,51
2024-02-27 20:45:00,6258,15.196,15.195,15.195,15.2,15.19,67
2024-02-27 20:46:00,2236,15.1955,15.195,15.195,15.2,15.19,35
2024-02-27 20:47:00,11293,15.1888,15.2,15.19,15.2,15.18,118
2024-02-27 20:48:00,1610,15.185,15.185,15.18,15.19,15.18,27
2024-02-27 20:49:00,20380,15.1908,15.185,15.195,15.2,15.185,200
2024-02-27 20:50:00,39427,15.2007,15.2,15.195,15.21,15.195,350
2024-02-27 20:51:00,8847,15.1946,15.195,15.195,15.2,15.19,75
2024-02-27 20:52:00,26980,15.201,15.195,15.2,15.21,15.195,226
2024-02-27 20:53:00,13238,15.1998,15.195,15.205,15.21,15.19,123
2024-02-27 20:54:00,10321,15.2004,15.205,15.195,15.21,15.195,161
2024-02-27 20:55:00,23360,15.1798,15.195,15.175,15.195,15.17,184
2024-02-27 20:56:00,5497,15.1736,15.175,15.17,15.1791,15.17,56
2024-02-27 20:57:00,19839,15.1648,15.17,15.165,15.175,15.16,202
2024-02-27 20:58:00,22036,15.1664,15.16,15.17,15.17,15.16,237
2024-02-27 20:59:00,68447,15.1734,15.165,15.17,15.18,15.16,835
2024-02-27 21:00:00,49982,15.18,15.18,15.18,15.18,15.18,14
2024-02-28 14:30:00,15720,15.078,15.1,15.02,15.1,14.99,62
2024-02-28 14:31:00,811,15.042,15.04,15.04,15.04,15.04,22
2024-02-28 14:32:00,256,15.0783,15.08,15.08,15.08,15.08,8
2024-02-28 14:33:00,2411,15.0845,15.085,15.08,15.085,15.08,11
2024-02-28 14:34:00,1076,15.0951,15.09,15.1,15.1,15.09,24
2024-02-28 14:35:00,2853,15.1011,15.11,15.1,15.11,15.1,33
2024-02-28 14:36:00,15907,15.1,15.1,15.11,15.12,15.09,35
2024-02-28 14:37:00,3253,15.1072,15.105,15.11,15.11,15.105,35
2024-02-28 14:38:00,5865,15.0855,15.1,15.085,15.1,15.08,49
2024-02-28 14:39:00,1538,15.0898,15.085,15.095,15.095,15.0825,20
2024-02-28 14:40:00,2359,15.1145,15.1,15.11,15.12,15.1,39
2024-02-28 14:41:00,550,15.1102,15.11,15.11,15.11,15.11,9
2024-02-28 14:42:00,2165,15.109,15.11,15.105,15.115,15.1,27
2024-02-28 14:43:00,7769,15.1278,15.11,15.12,15.135,15.11,101
2024-02-28 14:44:00,767,15.1295,15.13,15.13,15.13,15.13,17
2024-02-28 14:45:00,889,15.1196,15.125,15.12,15.125,15.12,22
2024-02-28 14:46:00,1016,15.1199,15.12,15.12,15.125,15.12,24
2024-02-28 14:47:00,8375,15.1024,15.11,15.1,15.11,15.1,78
2024-02-28 14:48:00,1092,15.1065,15.1,15.11,15.11,15.1,25
2024-02-28 14:49:00,1433,15.1102,15.11,15.11,15.11,15.11,27
2024-02-28 14:50:00,180,15.1085,15.11,15.11,15.11,15.11,14
2024-02-28 14:51:00,5602,15.113,15.11,15.12,15.12,15.105,77
2024-02-28 14:52:00,2439,15.1309,15.13,15.135,15.135,15.13,37
2024-02-28 14:54:00,1547,15.1283,15.13,15.121,15.13,15.121,30
2024-02-28 14:55:00,3178,15.1307,15.13,15.125,15.135,15.125,51
2024-02-28 14:56:00,411,15.1238,15.12,15.125,15.125,15.12,6
2024-02-28 14:57:00,422,15.125,15.125,15.125,15.125,15.125,20
2024-02-28 14:58:00,1012,15.1299,15.125,15.13,15.13,15.125,28
2024-02-28 14:59:00,1695,15.1303,15.13,15.13,15.135,15.13,25
2024-02-28 15:00:00,981,15.123,15.125,15.12,15.125,15.12,24
2024-02-28 15:01:00,5629,15.1138,15.115,15.12,15.125,15.105,70
2024-02-28 15:02:00,309,15.1133,15.115,15.11,15.115,15.11,7
2024-02-28 15:03:00,985,15.1071,15.11,15.1,15.11,15.1,21
2024-02-28 15:04:00,2225,15.1097,15.105,15.11,15.115,15.105,35
2024-02-28 15:05:00,14500,15.099,15.1,15.1,15.105,15.095,107
2024-02-28 15:06:00,1521,15.1111,15.105,15.12,15.12,15.105,28
2024-02-28 15:07:00,3890,15.1291,15.12,15.14,15.14,15.12,45
2024-02-28 15:08:00,1293,15.1388,15.14,15.13,15.14,15.13,15
2024-02-28 15:09:00,829,15.134,15.135,15.135,15.1387,15.13,47
2024-02-28 15:10:00,2126,15.1282,15.13,15.125,15.13,15.12,37
2024-02-28 15:11:00,247,15.125,15.125,15.125,15.125,15.125,3
2024-02-28 15:12:00,465,15.1251,15.13,15.125,15.13,15.125,9
2024-02-28 15:13:00,2193,15.1128,15.12,15.105,15.12,15.105,40
2024-02-28 15:14:00,721,15.1036,15.101,15.101,15.105,15.101,11
2024-02-28 15:15:00,12244,15.1003,15.1,15.105,15.105,15.095,72
2024-02-28 15:16:00,301,15.1033,15.105,15.105,15.105,15.1,4
2024-02-28 15:17:00,1056,15.1029,15.102,15.105,15.105,15.1,14
2024-02-28 15:18:00,1056,15.1044,15.105,15.105,15.105,15.105,21
2024-02-28 15:19:00,14579,15.0998,15.105,15.09,15.105,15.09,117
2024-02-28 15:20:00,27044,15.0686,15.095,15.055,15.095,15.05,209
2024-02-28 15:21:00,1002,15.0514,15.052,15.05,15.055,15.05,14
2024-02-28 15:22:00,1536,15.0542,15.055,15.05,15.06,15.05,21
2024-02-28 15:23:00,3502,15.0428,15.05,15.025,15.05,15.025,36
2024-02-28 15:24:00,6833,15.0141,15.025,15.005,15.025,15.001,91
2024-02-28 15:25:00,1435,15.0057,15.005,15.005,15.01,15.005,22
2024-02-28 15:26:00,5090,15.0139,15.005,15.025,15.025,15.005,56
2024-02-28 15:27:00,100,15.025,15.025,15.025,15.025,15.025,1
2024-02-28 15:28:00,77154,14.888,15.02,15.07,15.075,15.01,253
2024-02-28 15:29:00,1266,15.066,15.07,15.06,15.07,15.06,21
2024-02-28 15:30:00,410,15.0733,15.07,15.075,15.075,15.07,13
2024-02-28 15:31:00,1998,15.081,15.075,15.095,15.095,15.074,31
2024-02-28 15:32:00,3343,15.0906,15.09,15.105,15.105,15.09,55
2024-02-28 15:33:00,2320,15.1115,15.11,15.11,15.115,15.11,43
2024-02-28 15:34:00,5065,15.1056,15.105,15.11,15.11,15.1,39
2024-02-28 15:35:00,13695,15.1059,15.105,15.12,15.12,15.105,48
2024-02-28 15:36:00,1632,15.1216,15.115,15.125,15.128,15.115,35
2024-02-28 15:37:00,495,15.1231,15.125,15.125,15.125,15.12,6
2024-02-28 15:38:00,57659,15.1019,15.125,15.11,15.125,15.1,112
2024-02-28 15:39:00,3337,15.1105,15.11,15.105,15.115,15.105,56
2024-02-28 15:40:00,1615,15.0993,15.1,15.095,15.105,15.095,23
2024-02-28 15:41:00,2047,15.0896,15.09,15.09,15.09,15.09,33
2024-02-28 15:42:00,1705,15.0917,15.091,15.095,15.095,15.085,24
2024-02-28 15:44:00,738,15.0938,15.095,15.095,15.095,15.095,18
2024-02-28 15:45:00,358,15.0975,15.0999,15.0999,15.0999,15.0999,6
2024-02-28 15:46:00,651,15.0931,15.09,15.09,15.095,15.09,9
2024-02-28 15:47:00,3745,15.1017,15.095,15.115,15.115,15.095,62
2024-02-28 15:48:00,199,15.1154,15.115,15.115,15.115,15.115,7
2024-02-28 15:49:00,455,15.1096,15.115,15.115,15.115,15.115,10
2024-02-28 15:50:00,2679,15.1085,15.11,15.11,15.11,15.1,32
2024-02-28 15:51:00,300,15.105,15.105,15.105,15.105,15.105,3
2024-02-28 15:52:00,377,15.1031,15.105,15.101,15.105,15.101,7
2024-02-28 15:53:00,663,15.104,15.105,15.105,15.105,15.101,10
2024-02-28 15:54:00,3513,15.0961,15.1,15.091,15.1,15.09,53
2024-02-28 15:55:00,2836,15.0853,15.095,15.075,15.095,15.07,42
2024-02-28 15:56:00,951,15.0703,15.075,15.07,15.075,15.07,20
2024-02-28 15:58:00,4589,15.0722,15.065,15.09,15.09,15.065,90
2024-02-28 15:59:00,1913,15.0951,15.09,15.095,15.1,15.09,38
2024-02-28 16:00:00,6523,15.0966,15.09,15.105,15.105,15.085,57
2024-02-28 16:01:00,148,15.1026,15.105,15.105,15.105,15.105,3
2024-02-28 16:02:00,1147,15.1022,15.105,15.105,15.105,15.1,16
2024-02-28 16:03:00,1329,15.1,15.1,15.1,15.1,15.1,20
2024-02-28 16:04:00,463,15.0946,15.095,15.095,15.095,15.095,7
2024-02-28 16:05:00,468,15.0945,15.095,15.095,15.095,15.095,9
2024-02-28 16:06:00,1428,15.0896,15.09,15.085,15.09,15.085,20
2024-02-28 16:08:00,100,15.085,15.085,15.085,15.085,15.085,1
2024-02-28 16:09:00,1791,15.0765,15.085,15.061,15.085,15.061,29
2024-02-28 16:10:00,1822,15.0624,15.065,15.06,15.065,15.06,25
2024-02-28 16:11:00,4819,15.0633,15.06,15.065,15.07,15.055,52
2024-02-28 16:12:00,628,15.061,15.06,15.06,15.065,15.06,10
2024-02-28 16:13:00,43172,15.0634,15.06,15.055,15.065,15.05,72
2024-02-28 16:14:00,4846,15.066,15.06,15.075,15.075,15.055,65
2024-02-28 16:16:00,554,15.0768,15.08,15.075,15.08,15.075,10
2024-02-28 16:17:00,1980,15.0848,15.075,15.095,15.095,15.075,35
2024-02-28 16:18:00,3056,15.0995,15.095,15.095,15.105,15.095,35
2024-02-28 16:19:00,411,15.0941,15.095,15.095,15.095,15.095,7
2024-02-28 16:20:00,444,15.095,15.095,15.095,15.095,15.095,10
2024-02-28 16:21:00,259,15.0948,15.095,15.095,15.095,15.095,7
2024-02-28 16:22:00,4804,15.0988,15.095,15.085,15.105,15.085,57
2024-02-28 16:23:00,3954,15.0892,15.085,15.09,15.095,15.085,65
2024-02-28 16:24:00,1759,15.0953,15.09,15.095,15.1,15.09,22
2024-02-28 16:25:00,1670,15.0906,15.095,15.085,15.095,15.08,25
2024-02-28 16:26:00,880,15.0878,15.085,15.085,15.09,15.085,21
2024-02-28 16:27:00,1718,15.0896,15.085,15.0857,15.095,15.085,25
2024-02-28 16:28:00,322,15.0853,15.085,15.085,15.085,15.085,7
2024-02-28 16:29:00,9718,15.0994,15.09,15.1,15.11,15.09,132
2024-02-28 16:30:00,9630,15.081,15.105,15.06,15.105,15.05,108
2024-02-28 16:31:00,1620,15.0709,15.07,15.075,15.075,15.07,22
2024-02-28 16:32:00,2519,15.0628,15.07,15.05,15.07,15.05,24
2024-02-28 16:33:00,1785,15.0599,15.055,15.06,15.06,15.055,23
2024-02-28 16:34:00,875,15.0594,15.065,15.06,15.065,15.055,11
2024-02-28 16:35:00,200,15.055,15.055,15.055,15.055,15.055,2
2024-02-28 16:36:00,1770,15.051,15.055,15.055,15.055,15.05,30
2024-02-28 16:37:00,4676,15.06,15.05,15.06,15.065,15.05,58
2024-02-28 16:38:00,118,15.0556,15.055,15.055,15.055,15.055,3
2024-02-28 16:39:00,12504,15.0523,15.055,15.06,15.06,15.05,138
2024-02-28 16:40:00,7294,15.0649,15.06,15.075,15.08,15.055,91
2024-02-28 16:41:00,3048,15.0862,15.08,15.09,15.09,15.08,36
2024-02-28 16:42:00,3178,15.0795,15.0875,15.08,15.0875,15.07,47
2024-02-28 16:43:00,5009,15.0953,15.09,15.11,15.11,15.09,63
2024-02-28 16:44:00,4770,15.1016,15.11,15.095,15.11,15.095,53
2024-02-28 16:45:00,5476,15.1005,15.1,15.11,15.11,15.1,72
2024-02-28 16:46:00,2927,15.1012,15.1,15.105,15.105,15.1,39
2024-02-28 16:47:00,1049,15.1,15.1,15.1,15.1,15.1,24
2024-02-28 16:48:00,538,15.0999,15.1,15.1,15.1,15.1,11
2024-02-28 16:49:00,1054,15.0999,15.1,15.095,15.1,15.095,21
2024-02-28 16:50:00,410,15.0963,15.1,15.095,15.1,15.095,5
2024-02-28 16:51:00,305,15.0946,15.095,15.095,15.095,15.095,11
2024-02-28 16:52:00,378,15.0908,15.091,15.09,15.091,15.09,8
2024-02-28 16:53:00,162,15.0944,15.095,15.095,15.095,15.095,4
2024-02-28 16:54:00,679,15.0923,15.095,15.091,15.095,15.09,17
2024-02-28 16:55:00,689,15.0954,15.1,15.095,15.1,15.095,12
2024-02-28 16:56:00,1833,15.1003,15.09,15.1,15.11,15.09,40
2024-02-28 16:57:00,1796,15.0996,15.1,15.1,15.1,15.1,25
2024-02-28 16:58:00,2908,15.1105,15.11,15.115,15.115,15.11,29
2024-02-28 16:59:00,525,15.116,15.115,15.12,15.12,15.115,11
2024-02-28 17:00:00,2365,15.122,15.12,15.13,15.13,15.12,39
2024-02-28 17:01:00,2159,15.1202,15.125,15.115,15.125,15.115,37
2024-02-28 17:02:00,3101,15.1071,15.11,15.105,15.11,15.1,36
2024-02-28 17:03:00,2285,15.1091,15.105,15.11,15.11,15.105,26
2024-02-28 17:04:00,192,15.115,15.115,15.115,15.115,15.115,11
2024-02-28 17:05:00,2770,15.1101,15.11,15.11,15.115,15.105,46
2024-02-28 17:06:00,847,15.1054,15.105,15.105,15.105,15.105,10
2024-02-28 17:07:00,2178,15.1049,15.105,15.105,15.105,15.105,25
2024-02-28 17:08:00,6774,15.1229,15.105,15.125,15.13,15.105,92
2024-02-28 17:09:00,3122,15.127,15.125,15.14,15.14,15.12,52
2024-02-28 17:10:00,4500,15.1431,15.14,15.155,15.1571,15.14,41
2024-02-28 17:11:00,3096,15.1604,15.15,15.17,15.17,15.15,39
2024-02-28 17:12:00,1050,15.1706,15.17,15.175,15.18,15.17,15
2024-02-28 17:13:00,2750,15.1686,15.175,15.1697,15.175,15.16,28
2024-02-28 17:14:00,1509,15.1643,15.16,15.165,15.165,15.16,22
2024-02-28 17:15:00,591,15.1641,15.165,15.165,15.165,15.16,8
2024-02-28 17:16:00,269,15.1668,15.17,15.17,15.17,15.17,17
2024-02-28 17:17:00,3150,15.1701,15.17,15.175,15.175,15.165,51
2024-02-28 17:19:00,1364,15.1678,15.17,15.16,15.175,15.16,23
2024-02-28 17:20:00,1232,15.1584,15.16,15.155,15.16,15.155,16
2024-02-28 17:21:00,9409,15.1544,15.15,15.155,15.165,15.15,102
2024-02-28 17:22:00,203,15.1549,15.15,15.1599,15.1599,15.15,4
2024-02-28 17:25:00,183,15.1522,15.15,15.15,15.15,15.15,3
2024-02-28 17:26:00,3402,15.1646,15.16,15.175,15.175,15.16,53
2024-02-28 17:27:00,1530,15.1703,15.175,15.165,15.175,15.165,26
2024-02-28 17:28:00,321,15.1666,15.17,15.17,15.17,15.17,9
2024-02-28 17:29:00,3585,15.1581,15.165,15.15,15.165,15.15,25
2024-02-28 17:30:00,351,15.1524,15.155,15.15,15.155,15.15,10
2024-02-28 17:31:00,4008,15.1454,15.15,15.135,15.15,15.135,51
2024-02-28 17:32:00,1001,15.13,15.13,15.13,15.13,15.13,2
2024-02-28 17:33:00,1067,15.1277,15.13,15.125,15.13,15.125,25
2024-02-28 17:34:00,6271,15.1352,15.125,15.145,15.15,15.125,82
2024-02-28 17:35:00,2911,15.1535,15.15,15.15,15.16,15.15,39
2024-02-28 17:36:00,615,15.1616,15.16,15.165,15.165,15.16,9
2024-02-28 17:37:00,145,15.1616,15.16,15.16,15.16,15.16,2
2024-02-28 17:38:00,921,15.1589,15.16,15.15,15.16,15.15,13
2024-02-28 17:39:00,210,15.1526,15.15,15.15,15.15,15.15,6
2024-02-28 17:40:00,13977,15.1582,15.15,15.17,15.175,15.145,145
2024-02-28 17:41:00,450,15.1764,15.175,15.175,15.175,15.175,14
2024-02-28 17:42:00,615,15.1764,15.17,15.175,15.175,15.17,21
2024-02-28 17:44:00,530,15.1757,15.18,15.17,15.18,15.17,15
2024-02-28 17:45:00,614,15.17,15.17,15.17,15.17,15.17,15
2024-02-28 17:46:00,2895,15.1568,15.16,15.15,15.16,15.15,39
2024-02-28 17:47:00,284,15.1571,15.16,15.16,15.16,15.16,11
2024-02-28 17:48:00,570,15.1515,15.152,15.155,15.155,15.15,7
2024-02-28 17:49:00,528,15.1507,15.15,15.151,15.151,15.15,11
2024-02-28 17:50:00,482,15.1517,15.15,15.152,15.152,15.15,9
2024-02-28 17:51:00,3081,15.1495,15.15,15.14,15.155,15.14,40
2024-02-28 17:52:00,2871,15.1513,15.145,15.155,15.155,15.145,33
2024-02-28 17:53:00,4597,15.15,15.155,15.14,15.155,15.14,44
2024-02-28 17:54:00,724,15.1408,15.14,15.14,15.14,15.14,12
2024-02-28 17:55:00,375,15.143,15.14,15.15,15.15,15.14,4
2024-02-28 17:56:00,6170,15.1485,15.14,15.15,15.15,15.14,86
2024-02-28 17:57:00,479,15.1555,15.155,15.155,15.155,15.155,9
2024-02-28 17:58:00,417,15.1531,15.155,15.155,15.155,15.151,10
2024-02-28 17:59:00,1385,15.1492,15.15,15.15,15.15,15.15,24
2024-02-28 18:00:00,1838,15.14,15.145,15.135,15.145,15.135,28
2024-02-28 18:01:00,845,15.1349,15.135,15.135,15.135,15.135,17
2024-02-28 18:02:00,404,15.1384,15.14,15.14,15.14,15.14,9
2024-02-28 18:03:00,14092,15.142,15.13,15.15,15.15,15.125,138
2024-02-28 18:04:00,894,15.1457,15.145,15.145,15.15,15.145,10
2024-02-28 18:05:00,628,15.1435,15.145,15.145,15.145,15.145,10
2024-02-28 18:06:00,3967,15.1362,15.145,15.135,15.145,15.13,44
2024-02-28 18:08:00,2366,15.12,15.125,15.11,15.125,15.11,33
2024-02-28 18:09:00,565,15.1158,15.115,15.111,15.12,15.111,8
2024-02-28 18:10:00,15087,15.1225,15.115,15.14,15.14,15.115,77
2024-02-28 18:11:00,10800,15.1437,15.135,15.135,15.155,15.135,123
2024-02-28 18:12:00,412,15.1374,15.135,15.135,15.14,15.135,7
2024-02-28 18:13:00,318,15.1332,15.135,15.135,15.135,15.135,6
2024-02-28 18:14:00,249,15.1348,15.135,15.135,15.135,15.135,12
2024-02-28 18:15:00,102739,15.13,15.13,15.13,15.135,15.13,37
2024-02-28 18:16:00,1991,15.1403,15.14,15.145,15.145,15.14,27
2024-02-28 18:17:00,400,15.145,15.145,15.145,15.145,15.145,5
2024-02-28 18:18:00,300,15.145,15.145,15.145,15.145,15.145,3
2024-02-28 18:19:00,29843,15.1398,15.14,15.135,15.145,15.135,42
2024-02-28 18:20:00,205,15.135,15.135,15.135,15.135,15.135,3
2024-02-28 18:21:00,100,15.13,15.13,15.13,15.13,15.13,1
2024-02-28 18:22:00,3990,15.1277,15.135,15.115,15.135,15.115,55
2024-02-28 18:23:00,299,15.1133,15.11,15.11,15.11,15.11,4
2024-02-28 18:24:00,367,15.1112,15.11,15.111,15.111,15.11,4
2024-02-28 18:25:00,3365,15.1202,15.115,15.115,15.125,15.115,43
2024-02-28 18:26:00,382,15.1174,15.115,15.12,15.12,15.115,5
2024-02-28 18:27:00,858,15.1095,15.11,15.105,15.11,15.105,16
2024-02-28 18:28:00,2805,15.1001,15.1,15.1,15.1,15.1,37
2024-02-28 18:29:00,4770,15.1152,15.11,15.115,15.12,15.11,56
2024-02-28 18:30:00,963,15.1196,15.12,15.12,15.12,15.12,14
2024-02-28 18:31:00,1440,15.1311,15.13,15.135,15.135,15.13,24
2024-02-28 18:32:00,913,15.1339,15.135,15.135,15.135,15.13,10
2024-02-28 18:33:00,684,15.1316,15.1301,15.13,15.135,15.13,17
2024-02-28 18:34:00,4156,15.1295,15.135,15.13,15.135,15.125,60
2024-02-28 18:35:00,12451,15.1402,15.14,15.145,15.145,15.14,38
2024-02-28 18:36:00,2412,15.1495,15.15,15.15,15.15,15.145,30
2024-02-28 18:37:00,1935,15.1503,15.155,15.15,15.155,15.15,22
2024-02-28 18:38:00,1265,15.1505,15.14,15.155,15.16,15.14,21
2024-02-28 18:39:00,2412,15.1482,15.15,15.145,15.15,15.145,32
2024-02-28 18:40:00,394,15.15,15.15,15.15,15.15,15.15,10
2024-02-28 18:41:00,1243,15.1466,15.15,15.145,15.15,15.145,19
2024-02-28 18:42:00,500,15.1465,15.15,15.145,15.15,15.145,8
2024-02-28 18:43:00,908,15.1466,15.145,15.15,15.15,15.145,13
2024-02-28 18:44:00,4053,15.1515,15.15,15.155,15.155,15.15,51
2024-02-28 18:45:00,5367,15.1594,15.16,15.15,15.165,15.15,51
2024-02-28 18:46:00,1286,15.1576,15.1575,15.16,15.16,15.155,15
2024-02-28 18:47:00,1994,15.1611,15.16,15.165,15.17,15.16,28
2024-02-28 18:48:00,3948,15.1642,15.165,15.17,15.175,15.16,51
2024-02-28 18:49:00,2912,15.1645,15.165,15.165,15.165,15.161,10
2024-02-28 18:50:00,544,15.1677,15.165,15.17,15.17,15.165,7
2024-02-28 18:51:00,1828,15.1715,15.17,15.175,15.175,15.17,26
2024-02-28 18:52:00,6072,15.1707,15.1719,15.17,15.175,15.165,39
2024-02-28 18:53:00,784,15.1658,15.165,15.17,15.17,15.16,10
2024-02-28 18:54:00,1120,15.1658,15.17,15.165,15.17,15.16,14
2024-02-28 18:55:00,1639,15.1596,15.16,15.16,15.16,15.16,24
2024-02-28 18:56:00,4481,15.1603,15.155,15.165,15.17,15.155,51
2024-02-28 18:57:00,1360,15.1714,15.17,15.18,15.18,15.17,17
2024-02-28 18:58:00,4278,15.1814,15.18,15.185,15.185,15.18,38
2024-02-28 18:59:00,2928,15.1786,15.185,15.175,15.185,15.175,33
2024-02-28 19:00:00,1099,15.1759,15.175,15.175,15.18,15.175,11
2024-02-28 19:01:00,832,15.1682,15.17,15.16,15.17,15.16,16
2024-02-28 19:02:00,262,15.1619,15.165,15.165,15.165,15.165,3
2024-02-28 19:04:00,1921,15.15,15.16,15.141,15.16,15.14,29
2024-02-28 19:05:00,1101,15.1396,15.14,15.14,15.14,15.14,18
2024-02-28 19:06:00,1262,15.1316,15.13,15.125,15.135,15.125,26
2024-02-28 19:07:00,200,15.1225,15.12,15.125,15.125,15.12,2
2024-02-28 19:08:00,3292,15.1307,15.12,15.135,15.135,15.12,56
2024-02-28 19:09:00,221,15.1396,15.14,15.14,15.14,15.14,4
2024-02-28 19:10:00,403,15.1314,15.135,15.13,15.135,15.13,11
2024-02-28 19:11:00,2641,15.1281,15.13,15.125,15.13,15.12,33
2024-02-28 19:12:00,7488,15.131,15.13,15.135,15.14,15.13,91
2024-02-28 19:13:00,1214,15.1355,15.14,15.14,15.14,15.135,15
2024-02-28 19:14:00,299,15.1397,15.14,15.14,15.14,15.14,7
2024-02-28 19:15:00,296,15.1334,15.135,15.135,15.135,15.135,12
2024-02-28 19:16:00,572,15.1382,15.14,15.14,15.14,15.135,8
2024-02-28 19:17:00,2002,15.1418,15.14,15.15,15.15,15.14,34
2024-02-28 19:18:00,913,15.1452,15.15,15.144,15.15,15.144,9
2024-02-28 19:19:00,408,15.1416,15.145,15.145,15.145,15.145,9
2024-02-28 19:20:00,181,15.1447,15.145,15.145,15.145,15.145,5
2024-02-28 19:21:00,110,15.1407,15.14,15.14,15.14,15.14,3
2024-02-28 19:22:00,1510,15.1364,15.14,15.13,15.14,15.13,35
2024-02-28 19:23:00,532,15.1336,15.13,15.135,15.14,15.13,10
2024-02-28 19:24:00,3521,15.131,15.1301,15.131,15.135,15.1301,13
2024-02-28 19:25:00,4557,15.1449,15.14,15.155,15.16,15.135,61
2024-02-28 19:26:00,2754,15.1505,15.15,15.15,15.155,15.145,36
2024-02-28 19:27:00,1874,15.153,15.15,15.16,15.16,15.15,28
2024-02-28 19:29:00,2115,15.1538,15.155,15.155,15.155,15.15,17
2024-02-28 19:30:00,1558,15.15,15.15,15.15,15.15,15.15,21
2024-02-28 19:31:00,1524,15.1389,15.14,15.135,15.14,15.135,24
2024-02-28 19:32:00,3097,15.1344,15.135,15.13,15.135,15.13,14
2024-02-28 19:33:00,3446,15.14,15.13,15.15,15.15,15.13,50
2024-02-28 19:34:00,1498,15.147,15.145,15.1462,15.15,15.145,12
2024-02-28 19:35:00,787,15.1429,15.14,15.14,15.15,15.14,12
2024-02-28 19:36:00,28065,15.147,15.145,15.165,15.165,15.145,53
2024-02-28 19:37:00,624,15.1673,15.165,15.17,15.17,15.165,13
2024-02-28 19:38:00,3777,15.17,15.165,15.18,15.18,15.16,48
2024-02-28 19:39:00,471,15.1758,15.175,15.175,15.18,15.175,7
2024-02-28 19:40:00,3739,15.1687,15.1748,15.17,15.1748,15.165,59
2024-02-28 19:41:00,1611,15.1687,15.165,15.17,15.17,15.165,28
2024-02-28 19:42:00,305,15.1703,15.17,15.17,15.171,15.17,4
2024-02-28 19:43:00,2992,15.1679,15.17,15.175,15.175,15.165,42
2024-02-28 19:44:00,3055,15.1719,15.175,15.175,15.175,15.17,17
2024-02-28 19:45:00,2608,15.1717,15.17,15.175,15.18,15.17,16
2024-02-28 19:46:00,5644,15.1801,15.175,15.185,15.185,15.175,72
2024-02-28 19:47:00,4606,15.1768,15.185,15.175,15.185,15.175,26
2024-02-28 19:48:00,4743,15.1834,15.175,15.195,15.195,15.175,44
2024-02-28 19:49:00,4821,15.1908,15.195,15.19,15.195,15.185,68
2024-02-28 19:50:00,430,15.1901,15.19,15.19,15.19,15.19,7
2024-02-28 19:51:00,920,15.1876,15.19,15.18,15.19,15.18,16
2024-02-28 19:52:00,1931,15.1784,15.18,15.175,15.18,15.175,25
2024-02-28 19:53:00,3287,15.1745,15.17,15.175,15.175,15.17,13
2024-02-28 19:54:00,8713,15.1822,15.175,15.19,15.19,15.17,76
2024-02-28 19:55:00,3632,15.2011,15.195,15.205,15.205,15.195,30
2024-02-28 19:56:00,9750,15.2138,15.205,15.225,15.225,15.205,86
2024-02-28 19:57:00,411,15.2212,15.225,15.22,15.225,15.22,5
2024-02-28 19:58:00,589,15.2175,15.225,15.22,15.225,15.22,10
2024-02-28 19:59:00,6247,15.2199,15.225,15.21,15.225,15.21,57
2024-02-28 20:00:00,787,15.2149,15.215,15.215,15.215,15.215,16
2024-02-28 20:01:00,236,15.215,15.215,15.215,15.215,15.215,6
2024-02-28 20:02:00,3278,15.2141,15.21,15.21,15.215,15.21,17
2024-02-28 20:03:00,561,15.2129,15.215,15.215,15.215,15.215,11
2024-02-28 20:04:00,544,15.2144,15.215,15.211,15.215,15.211,9
2024-02-28 20:05:00,11385,15.219,15.215,15.225,15.225,15.215,81
2024-02-28 20:06:00,2771,15.2189,15.22,15.215,15.22,15.21,35
2024-02-28 20:07:00,2466,15.2079,15.21,15.205,15.21,15.205,45
2024-02-28 20:08:00,16714,15.2025,15.205,15.215,15.215,15.2,193
2024-02-28 20:09:00,7014,15.2199,15.215,15.225,15.225,15.215,80
2024-02-28 20:10:00,3812,15.2244,15.225,15.224,15.23,15.22,45
2024-02-28 20:11:00,9845,15.2259,15.2275,15.215,15.23,15.215,113
2024-02-28 20:12:00,4589,15.2148,15.215,15.215,15.215,15.21,24
2024-02-28 20:13:00,3750,15.2037,15.215,15.19,15.215,15.19,42
2024-02-28 20:14:00,692,15.1907,15.19,15.181,15.19,15.18,12
2024-02-28 20:15:00,5421,15.184,15.185,15.175,15.19,15.175,36
2024-02-28 20:16:00,452,15.1732,15.175,15.175,15.175,15.17,7
2024-02-28 20:17:00,4550,15.1749,15.175,15.175,15.175,15.17,27
2024-02-28 20:18:00,9956,15.1838,15.175,15.195,15.195,15.175,126
2024-02-28 20:19:00,2680,15.2,15.1997,15.205,15.205,15.1997,46
2024-02-28 20:20:00,1190,15.2042,15.205,15.205,15.21,15.2,21
2024-02-28 20:21:00,5798,15.2003,15.2,15.2,15.205,15.19,63
2024-02-28 20:22:00,121,15.195,15.195,15.195,15.195,15.195,3
2024-02-28 20:23:00,4930,15.1946,15.19,15.2,15.2,15.19,20
2024-02-28 20:24:00,1404,15.1951,15.195,15.195,15.195,15.195,22
2024-02-28 20:25:00,443,15.1953,15.19,15.19,15.19,15.19,6
2024-02-28 20:26:00,21316,15.216,15.2,15.225,15.239,15.195,221
2024-02-28 20:27:00,2793,15.2194,15.22,15.22,15.225,15.215,38
2024-02-28 20:28:00,1323,15.2107,15.215,15.21,15.215,15.21,30
2024-02-28 20:29:00,1682,15.1992,15.2,15.195,15.2,15.195,28
2024-02-28 20:30:00,4010,15.1933,15.195,15.19,15.195,15.19,46
2024-02-28 20:31:00,15539,15.183,15.19,15.19,15.195,15.175,136
2024-02-28 20:32:00,1065,15.1896,15.19,15.19,15.19,15.19,17
2024-02-28 20:33:00,6865,15.1918,15.185,15.185,15.2,15.185,96
2024-02-28 20:34:00,115217,15.19,15.189,15.19,15.19,15.189,6
2024-02-28 20:35:00,2833,15.182,15.185,15.18,15.185,15.18,42
2024-02-28 20:36:00,4677,15.1782,15.18,15.18,15.18,15.17,69
2024-02-28 20:37:00,6064,15.18,15.18,15.18,15.18,15.18,61
2024-02-28 20:38:00,100149,15.1483,15.18,15.175,15.18,15.1,704
2024-02-28 20:39:00,16873,15.1794,15.175,15.17,15.185,15.17,121
2024-02-28 20:40:00,1200,15.1751,15.175,15.175,15.175,15.175,19
2024-02-28 20:41:00,9786,15.1807,15.18,15.185,15.185,15.18,64
2024-02-28 20:42:00,6325,15.1754,15.18,15.155,15.18,15.15,68
2024-02-28 20:43:00,11561,15.1571,15.155,15.15,15.16,15.15,75
2024-02-28 20:44:00,7663,15.1531,15.15,15.14,15.155,15.14,48
2024-02-28 20:45:00,8913,15.1348,15.14,15.125,15.14,15.12,61
2024-02-28 20:46:00,4188,15.1246,15.12,15.125,15.125,15.12,29
2024-02-28 20:47:00,12118,15.1196,15.12,15.13,15.13,15.11,126
2024-02-28 20:48:00,9446,15.1328,15.13,15.13,15.14,15.13,119
2024-02-28 20:49:00,12466,15.1325,15.135,15.13,15.135,15.13,101
2024-02-28 20:50:00,7191,15.1263,15.135,15.12,15.135,15.12,125
2024-02-28 20:51:00,15645,15.1041,15.115,15.1,15.115,15.09,118
2024-02-28 20:52:00,9757,15.1044,15.1,15.11,15.11,15.1,56
2024-02-28 20:53:00,15481,15.1008,15.11,15.095,15.11,15.09,141
2024-02-28 20:54:00,43263,15.0941,15.095,15.1,15.105,15.08,358
2024-02-28 20:55:00,8541,15.1054,15.11,15.105,15.11,15.1,108
2024-02-28 20:56:00,18851,15.1046,15.105,15.1025,15.11,15.1,113
2024-02-28 20:57:00,31152,15.1105,15.11,15.115,15.12,15.105,346
2024-02-28 20:58:00,18830,15.1143,15.115,15.115,15.12,15.11,140
2024-02-28 20:59:00,79117,15.1152,15.115,15.13,15.13,15.11,722
2024-02-28 21:00:00,7119,15.12,15.12,15.12,15.12,15.12,10
