t,v,vw,o,c,h,l,n
2024-01-12 13:00:00,200,22.44,22.44,22.44,22.44,22.44,2
2024-01-12 14:28:00,459,22.4361,22.41,22.45,22.45,22.41,4
2024-01-12 14:30:00,28593,22.5905,22.59,22.6,22.6,22.59,35
2024-01-12 14:31:00,1730,22.5597,22.6,22.55,22.6,22.52,40
2024-01-12 14:33:00,121,22.6143,22.62,22.62,22.62,22.62,4
2024-01-12 14:35:00,3847,22.6243,22.61,22.64,22.65,22.6,65
2024-01-12 14:36:00,1053,22.6369,22.64,22.64,22.64,22.63,16
2024-01-12 14:37:00,1725,22.6213,22.63,22.6295,22.63,22.605,43
2024-01-12 14:38:00,2033,22.6125,22.61,22.62,22.62,22.6099,46
2024-01-12 14:39:00,2277,22.6359,22.635,22.65,22.65,22.63,48
2024-01-12 14:40:00,3290,22.6565,22.665,22.63,22.665,22.63,55
2024-01-12 14:41:00,968,22.6304,22.63,22.63,22.63,22.63,26
2024-01-12 14:42:00,2654,22.6675,22.63,22.7,22.7,22.63,62
2024-01-12 14:43:00,5694,22.7369,22.7,22.73,22.76,22.7,81
2024-01-12 14:44:00,8117,22.727,22.73,22.7201,22.75,22.72,60
2024-01-12 14:45:00,3356,22.7134,22.7254,22.695,22.7254,22.695,46
2024-01-12 14:46:00,2783,22.7106,22.7,22.71,22.725,22.7,56
2024-01-12 14:47:00,4781,22.7362,22.71,22.75,22.75,22.71,75
2024-01-12 14:48:00,6224,22.7817,22.75,22.78,22.805,22.75,91
2024-01-12 14:49:00,4324,22.7797,22.78,22.76,22.8,22.76,68
2024-01-12 14:50:00,6124,22.7395,22.76,22.755,22.76,22.725,90
2024-01-12 14:51:00,4498,22.7876,22.77,22.82,22.82,22.76,74
2024-01-12 14:52:00,3479,22.8248,22.82,22.84,22.84,22.81,56
2024-01-12 14:53:00,3878,22.8285,22.84,22.82,22.84,22.82,65
2024-01-12 14:54:00,2114,22.8035,22.805,22.81,22.81,22.8,31
2024-01-12 14:55:00,3946,22.7943,22.81,22.805,22.81,22.775,74
2024-01-12 14:56:00,1145,22.7868,22.8,22.77,22.8,22.77,28
2024-01-12 14:57:00,820,22.77,22.77,22.77,22.77,22.77,31
2024-01-12 14:58:00,2744,22.7499,22.76,22.735,22.76,22.735,61
2024-01-12 14:59:00,1721,22.725,22.735,22.735,22.735,22.72,32
2024-01-12 15:00:00,1810,22.7255,22.72,22.735,22.735,22.715,41
2024-01-12 15:01:00,1777,22.7463,22.735,22.77,22.775,22.73,48
2024-01-12 15:02:00,3214,22.7574,22.77,22.745,22.77,22.74,65
2024-01-12 15:03:00,5197,22.7618,22.745,22.775,22.7775,22.74,80
2024-01-12 15:04:00,5147,22.809,22.78,22.85,22.85,22.775,45
2024-01-12 15:05:00,5829,22.8814,22.8599,22.88,22.9,22.855,60
2024-01-12 15:06:00,3832,22.8902,22.885,22.9,22.9,22.885,44
2024-01-12 15:07:00,4883,22.9075,22.9,22.905,22.92,22.895,58
2024-01-12 15:08:00,3534,22.8733,22.91,22.9,22.91,22.895,34
2024-01-12 15:09:00,3488,22.8931,22.9,22.885,22.9,22.885,52
2024-01-12 15:10:00,6593,22.8918,22.89,22.885,22.9,22.885,72
2024-01-12 15:11:00,3908,22.8744,22.88,22.875,22.88,22.87,67
2024-01-12 15:12:00,5917,22.8764,22.8775,22.89,22.89,22.865,82
2024-01-12 15:13:00,5499,22.8776,22.89,22.865,22.89,22.865,65
2024-01-12 15:14:00,4330,22.8459,22.865,22.845,22.865,22.835,59
2024-01-12 15:15:00,2792,22.8495,22.84,22.865,22.865,22.835,48
2024-01-12 15:16:00,4683,22.8555,22.865,22.85,22.8675,22.845,78
2024-01-12 15:17:00,4204,22.8292,22.845,22.82,22.845,22.815,82
2024-01-12 15:18:00,7686,22.8021,22.8106,22.805,22.8106,22.79,106
2024-01-12 15:19:00,3293,22.7989,22.81,22.8088,22.81,22.79,47
2024-01-12 15:20:00,7554,22.7852,22.8,22.78,22.805,22.77,118
2024-01-12 15:21:00,2835,22.7849,22.77,22.805,22.81,22.77,43
2024-01-12 15:22:00,5354,22.8097,22.805,22.8,22.82,22.8,80
2024-01-12 15:23:00,5318,22.8251,22.81,22.85,22.85,22.805,73
2024-01-12 15:24:00,2109,22.8611,22.855,22.87,22.87,22.855,32
2024-01-12 15:25:00,6646,22.8543,22.865,22.85,22.865,22.85,88
2024-01-12 15:26:00,5250,22.845,22.845,22.855,22.8592,22.84,51
2024-01-12 15:27:00,3280,22.8597,22.86,22.85,22.87,22.85,53
2024-01-12 15:28:00,4807,22.854,22.85,22.865,22.865,22.85,77
2024-01-12 15:29:00,880,22.8681,22.87,22.87,22.87,22.865,15
2024-01-12 15:30:00,4593,22.8887,22.87,22.9,22.9,22.87,86
2024-01-12 15:31:00,5157,22.9127,22.905,22.915,22.92,22.905,46
2024-01-12 15:32:00,1438,22.9175,22.92,22.92,22.92,22.915,19
2024-01-12 15:33:00,3706,22.9262,22.92,22.925,22.935,22.915,56
2024-01-12 15:34:00,8895,22.9175,22.9254,22.915,22.9254,22.91,92
2024-01-12 15:35:00,6779,22.9001,22.915,22.875,22.92,22.875,95
2024-01-12 15:36:00,2911,22.8706,22.875,22.87,22.875,22.865,43
2024-01-12 15:37:00,1518,22.8691,22.87,22.86,22.875,22.86,31
2024-01-12 15:38:00,8596,22.8765,22.86,22.885,22.89,22.86,64
2024-01-12 15:39:00,2025,22.8885,22.885,22.895,22.895,22.885,21
2024-01-12 15:40:00,1431,22.8957,22.895,22.895,22.9,22.89,19
2024-01-12 15:41:00,2480,22.9059,22.9,22.9275,22.9275,22.895,41
2024-01-12 15:42:00,6510,22.9378,22.925,22.935,22.95,22.925,76
2024-01-12 15:43:00,6788,22.9201,22.93,22.91,22.93,22.905,89
2024-01-12 15:44:00,4402,22.9202,22.91,22.935,22.935,22.91,57
2024-01-12 15:45:00,6861,22.9298,22.94,22.94,22.94,22.93,71
2024-01-12 15:46:00,3413,22.9507,22.94,22.965,22.965,22.935,67
2024-01-12 15:47:00,7235,22.9512,22.96,22.935,22.96,22.935,93
2024-01-12 15:48:00,2318,22.9245,22.93,22.92,22.93,22.92,46
2024-01-12 15:49:00,4520,22.9066,22.915,22.91,22.92,22.9,39
2024-01-12 15:50:00,6046,22.9349,22.92,22.935,22.95,22.915,83
2024-01-12 15:51:00,417,22.9292,22.93,22.93,22.93,22.93,11
2024-01-12 15:52:00,7069,22.9004,22.93,22.895,22.93,22.875,106
2024-01-12 15:53:00,1247,22.9017,22.9,22.91,22.91,22.895,30
2024-01-12 15:54:00,856,22.915,22.91,22.92,22.92,22.91,17
2024-01-12 15:55:00,3460,22.9128,22.915,22.925,22.925,22.91,48
2024-01-12 15:56:00,1138,22.9261,22.925,22.925,22.93,22.925,12
2024-01-12 15:57:00,6684,22.9053,22.92,22.8999,22.92,22.895,104
2024-01-12 15:58:00,2646,22.8899,22.895,22.885,22.895,22.885,49
2024-01-12 15:59:00,5506,22.8811,22.885,22.87,22.89,22.87,82
2024-01-12 16:00:00,1847,22.8505,22.85,22.85,22.855,22.845,39
2024-01-12 16:01:00,1871,22.8584,22.855,22.845,22.855,22.84,25
2024-01-12 16:02:00,925,22.8482,22.85,22.85,22.85,22.85,24
2024-01-12 16:03:00,2735,22.8599,22.855,22.865,22.865,22.855,34
2024-01-12 16:04:00,2422,22.8411,22.865,22.815,22.865,22.815,58
2024-01-12 16:05:00,4528,22.7886,22.81,22.785,22.81,22.77,97
2024-01-12 16:06:00,4542,22.792,22.785,22.8,22.8,22.785,48
2024-01-12 16:07:00,3482,22.7877,22.805,22.775,22.805,22.77,44
2024-01-12 16:08:00,2513,22.7814,22.78,22.7899,22.7899,22.77,46
2024-01-12 16:09:00,1375,22.7891,22.789,22.785,22.7899,22.785,4
2024-01-12 16:10:00,1473,22.7904,22.785,22.79,22.795,22.785,36
2024-01-12 16:11:00,2837,22.7644,22.78,22.75,22.78,22.75,59
2024-01-12 16:12:00,1563,22.7498,22.75,22.75,22.75,22.75,38
2024-01-12 16:13:00,5517,22.7548,22.7478,22.735,22.765,22.735,77
2024-01-12 16:14:00,1544,22.7457,22.74,22.75,22.755,22.74,28
2024-01-12 16:15:00,421,22.7448,22.745,22.74,22.745,22.74,10
2024-01-12 16:16:00,513,22.746,22.745,22.75,22.75,22.745,9
2024-01-12 16:17:00,1904,22.7407,22.75,22.735,22.75,22.735,41
2024-01-12 16:18:00,1776,22.7455,22.74,22.755,22.755,22.74,25
2024-01-12 16:19:00,346,22.758,22.759,22.759,22.759,22.759,5
2024-01-12 16:20:00,636,22.7547,22.755,22.755,22.755,22.755,13
2024-01-12 16:21:00,792,22.7554,22.755,22.76,22.76,22.755,9
2024-01-12 16:22:00,5417,22.7472,22.755,22.72,22.76,22.72,74
2024-01-12 16:23:00,3800,22.7089,22.715,22.705,22.715,22.7,51
2024-01-12 16:24:00,339,22.705,22.705,22.705,22.705,22.705,4
2024-01-12 16:25:00,4426,22.7146,22.705,22.705,22.725,22.705,70
2024-01-12 16:26:00,257,22.7138,22.705,22.705,22.705,22.705,5
2024-01-12 16:27:00,1417,22.7107,22.71,22.715,22.715,22.71,24
2024-01-12 16:28:00,1609,22.7228,22.72,22.725,22.725,22.72,20
2024-01-12 16:29:00,2604,22.7196,22.72,22.715,22.725,22.715,55
2024-01-12 16:30:00,706,22.7307,22.73,22.735,22.735,22.73,18
2024-01-12 16:31:00,5890,22.7279,22.73,22.72,22.735,22.72,87
2024-01-12 16:32:00,1477,22.7138,22.715,22.715,22.715,22.71,22
2024-01-12 16:33:00,2066,22.7108,22.715,22.71,22.715,22.71,25
2024-01-12 16:34:00,2769,22.7163,22.705,22.715,22.725,22.705,50
2024-01-12 16:35:00,2515,22.7148,22.715,22.7034,22.72,22.7034,45
2024-01-12 16:36:00,3182,22.704,22.71,22.7,22.715,22.695,73
2024-01-12 16:37:00,463,22.6978,22.695,22.695,22.695,22.695,16
2024-01-12 16:38:00,5786,22.7189,22.7,22.735,22.735,22.7,71
2024-01-12 16:39:00,1912,22.7224,22.73,22.715,22.73,22.715,38
2024-01-12 16:40:00,2295,22.7004,22.715,22.69,22.715,22.69,57
2024-01-12 16:41:00,2096,22.6984,22.6991,22.7,22.7,22.695,29
2024-01-12 16:42:00,822,22.6995,22.7,22.69,22.7,22.69,19
2024-01-12 16:43:00,3672,22.7032,22.695,22.7,22.705,22.695,38
2024-01-12 16:44:00,2439,22.7063,22.7,22.7066,22.71,22.7,30
2024-01-12 16:45:00,2139,22.701,22.7,22.7,22.705,22.7,36
2024-01-12 16:46:00,362,22.6975,22.7,22.7,22.7,22.7,12
2024-01-12 16:47:00,955,22.6978,22.695,22.7,22.7,22.695,13
2024-01-12 16:48:00,695,22.6953,22.6901,22.695,22.695,22.6901,9
2024-01-12 16:49:00,869,22.6935,22.69,22.6975,22.6975,22.69,13
2024-01-12 16:50:00,2684,22.6996,22.695,22.705,22.705,22.695,41
2024-01-12 16:51:00,1645,22.6997,22.7,22.695,22.7,22.695,22
2024-01-12 16:52:00,723,22.694,22.695,22.69,22.695,22.69,12
2024-01-12 16:53:00,10004,22.6902,22.69,22.685,22.695,22.685,95
2024-01-12 16:54:00,1739,22.6917,22.695,22.6902,22.695,22.6902,15
2024-01-12 16:55:00,1178,22.7019,22.7,22.705,22.705,22.695,26
2024-01-12 16:56:00,117,22.7149,22.715,22.715,22.715,22.715,6
2024-01-12 16:57:00,223,22.7148,22.715,22.715,22.715,22.715,6
2024-01-12 16:58:00,5280,22.7125,22.7175,22.72,22.72,22.71,76
2024-01-12 16:59:00,1824,22.7185,22.72,22.71,22.72,22.71,32
2024-01-12 17:00:00,526,22.7159,22.72,22.71,22.72,22.71,10
2024-01-12 17:01:00,4096,22.7048,22.71,22.69,22.71,22.69,72
2024-01-12 17:02:00,2488,22.6982,22.695,22.695,22.705,22.69,37
2024-01-12 17:03:00,2256,22.7002,22.7,22.695,22.705,22.695,39
2024-01-12 17:04:00,1092,22.6896,22.69,22.69,22.69,22.69,24
2024-01-12 17:05:00,2587,22.6949,22.685,22.7,22.705,22.685,41
2024-01-12 17:06:00,16602,22.6968,22.6936,22.715,22.715,22.6936,26
2024-01-12 17:07:00,632,22.7197,22.715,22.725,22.725,22.715,12
2024-01-12 17:08:00,2520,22.7235,22.726,22.725,22.726,22.72,19
2024-01-12 17:09:00,1529,22.7376,22.725,22.745,22.745,22.725,29
2024-01-12 17:10:00,400,22.7475,22.745,22.75,22.75,22.745,5
2024-01-12 17:11:00,344,22.7485,22.745,22.75,22.75,22.745,4
2024-01-12 17:12:00,3371,22.7369,22.745,22.7375,22.745,22.735,47
2024-01-12 17:13:00,4837,22.7254,22.73,22.73,22.73,22.715,87
2024-01-12 17:14:00,1441,22.7279,22.73,22.725,22.73,22.725,26
2024-01-12 17:15:00,961,22.7226,22.725,22.723,22.725,22.72,11
2024-01-12 17:16:00,1996,22.7287,22.725,22.725,22.73,22.725,35
2024-01-12 17:17:00,593,22.7232,22.72,22.725,22.725,22.72,12
2024-01-12 17:18:00,3112,22.721,22.725,22.72,22.725,22.72,54
2024-01-12 17:19:00,4026,22.7088,22.715,22.7,22.715,22.7,57
2024-01-12 17:20:00,2053,22.697,22.7,22.695,22.7,22.69,27
2024-01-12 17:21:00,4678,22.6988,22.695,22.7,22.71,22.69,44
2024-01-12 17:22:00,10933,22.6934,22.7088,22.685,22.71,22.68,120
2024-01-12 17:23:00,3059,22.6986,22.69,22.705,22.705,22.69,43
2024-01-12 17:24:00,316,22.7001,22.7,22.7,22.7,22.7,8
2024-01-12 17:25:00,4123,22.6927,22.7,22.69,22.7,22.69,54
2024-01-12 17:26:00,3227,22.6951,22.69,22.705,22.705,22.69,48
2024-01-12 17:27:00,2993,22.7129,22.705,22.725,22.725,22.705,41
2024-01-12 17:28:00,1720,22.727,22.7299,22.725,22.7299,22.725,8
2024-01-12 17:29:00,917,22.7253,22.725,22.725,22.725,22.725,14
2024-01-12 17:30:00,9359,22.7157,22.72,22.71,22.72,22.71,34
2024-01-12 17:31:00,443,22.7143,22.715,22.715,22.715,22.715,18
2024-01-12 17:32:00,3149,22.7057,22.71,22.69,22.71,22.69,65
2024-01-12 17:33:00,1661,22.7035,22.7,22.705,22.705,22.7,25
2024-01-12 17:34:00,540,22.7047,22.705,22.705,22.705,22.705,10
2024-01-12 17:35:00,1550,22.7113,22.71,22.715,22.715,22.71,14
2024-01-12 17:36:00,1105,22.715,22.715,22.715,22.715,22.715,17
2024-01-12 17:37:00,6122,22.7054,22.7111,22.715,22.715,22.695,105
2024-01-12 17:38:00,343,22.7184,22.715,22.72,22.72,22.715,6
2024-01-12 17:39:00,460,22.7202,22.72,22.72,22.72,22.72,16
2024-01-12 17:40:00,2778,22.72,22.73,22.72,22.73,22.715,33
2024-01-12 17:41:00,529,22.7147,22.715,22.715,22.715,22.715,13
2024-01-12 17:42:00,1040,22.7125,22.715,22.715,22.715,22.715,12
2024-01-12 17:43:00,697,22.7121,22.715,22.71,22.715,22.71,17
2024-01-12 17:44:00,1700,22.7054,22.71,22.695,22.71,22.695,40
2024-01-12 17:45:00,2217,22.6889,22.695,22.68,22.695,22.68,40
2024-01-12 17:46:00,112,22.6747,22.675,22.675,22.675,22.675,5
2024-01-12 17:47:00,1150,22.6688,22.675,22.655,22.675,22.655,35
2024-01-12 17:48:00,6023,22.6555,22.655,22.66,22.665,22.645,90
2024-01-12 17:50:00,1333,22.6536,22.66,22.65,22.66,22.65,29
2024-01-12 17:52:00,2812,22.6495,22.645,22.655,22.655,22.645,34
2024-01-12 17:53:00,2890,22.6694,22.66,22.675,22.68,22.66,46
2024-01-12 17:54:00,280,22.6759,22.675,22.675,22.675,22.675,7
2024-01-12 17:55:00,964,22.681,22.68,22.68,22.68,22.68,18
2024-01-12 17:56:00,3493,22.6811,22.68,22.68,22.69,22.68,38
2024-01-12 17:57:00,490,22.6835,22.69,22.685,22.69,22.685,10
2024-01-12 17:58:00,1225,22.6799,22.68,22.68,22.68,22.68,28
2024-01-12 17:59:00,1176,22.6822,22.68,22.685,22.685,22.68,21
2024-01-12 18:00:00,959,22.6908,22.69,22.695,22.695,22.69,19
2024-01-12 18:01:00,1195,22.6912,22.695,22.695,22.695,22.695,12
2024-01-12 18:02:00,324,22.695,22.695,22.695,22.695,22.695,8
2024-01-12 18:03:00,1260,22.6934,22.695,22.7,22.7,22.69,20
2024-01-12 18:04:00,472,22.6949,22.695,22.7,22.7,22.695,9
2024-01-12 18:05:00,470,22.698,22.695,22.7,22.7,22.695,10
2024-01-12 18:06:00,5877,22.6908,22.695,22.69,22.695,22.685,77
2024-01-12 18:07:00,346,22.6934,22.69,22.695,22.695,22.69,11
2024-01-12 18:08:00,814,22.6935,22.695,22.6999,22.6999,22.69,18
2024-01-12 18:09:00,561,22.6947,22.695,22.695,22.695,22.695,19
2024-01-12 18:10:00,1043,22.6931,22.6975,22.69,22.6975,22.69,23
2024-01-12 18:11:00,1752,22.695,22.695,22.695,22.7,22.69,17
2024-01-12 18:12:00,1648,22.6951,22.695,22.7,22.7,22.695,26
2024-01-12 18:13:00,1897,22.6889,22.69,22.685,22.69,22.685,52
2024-01-12 18:14:00,1780,22.6849,22.69,22.685,22.69,22.68,26
2024-01-12 18:15:00,883,22.6849,22.69,22.685,22.69,22.68,19
2024-01-12 18:16:00,1084,22.6841,22.68,22.685,22.685,22.68,29
2024-01-12 18:17:00,535,22.685,22.685,22.685,22.685,22.685,14
2024-01-12 18:18:00,1151,22.6812,22.685,22.68,22.685,22.68,39
2024-01-12 18:19:00,1418,22.6841,22.685,22.685,22.685,22.685,24
2024-01-12 18:20:00,2095,22.6806,22.68,22.675,22.685,22.675,44
2024-01-12 18:21:00,5663,22.6649,22.675,22.65,22.675,22.65,85
2024-01-12 18:22:00,2769,22.6465,22.65,22.645,22.65,22.645,47
2024-01-12 18:23:00,6220,22.6602,22.65,22.665,22.6699,22.65,76
2024-01-12 18:25:00,479,22.6619,22.66,22.6637,22.6637,22.66,11
2024-01-12 18:26:00,1216,22.6639,22.6642,22.665,22.665,22.6642,9
2024-01-12 18:27:00,1629,22.6636,22.6675,22.665,22.6675,22.66,22
2024-01-12 18:28:00,1278,22.6622,22.66,22.665,22.665,22.66,25
2024-01-12 18:29:00,3908,22.6689,22.66,22.68,22.69,22.66,71
2024-01-12 18:30:00,483,22.685,22.68,22.688,22.688,22.68,12
2024-01-12 18:31:00,587,22.6858,22.6895,22.685,22.6895,22.685,17
2024-01-12 18:32:00,739,22.6846,22.685,22.685,22.685,22.685,21
2024-01-12 18:33:00,600,22.6792,22.68,22.68,22.68,22.68,17
2024-01-12 18:34:00,2840,22.6808,22.68,22.6851,22.6851,22.68,42
2024-01-12 18:35:00,406,22.6801,22.68,22.68,22.68,22.68,17
2024-01-12 18:36:00,626,22.6824,22.685,22.68,22.685,22.68,12
2024-01-12 18:37:00,828,22.6839,22.69,22.685,22.69,22.685,22
2024-01-12 18:38:00,2275,22.6849,22.69,22.685,22.69,22.685,35
2024-01-12 18:39:00,118,22.6807,22.68,22.68,22.68,22.68,9
2024-01-12 18:40:00,5172,22.6849,22.68,22.695,22.6959,22.67,89
2024-01-12 18:41:00,163,22.6897,22.69,22.69,22.69,22.69,11
2024-01-12 18:42:00,2316,22.6877,22.69,22.685,22.69,22.68,53
2024-01-12 18:43:00,4826,22.6895,22.685,22.685,22.695,22.685,70
2024-01-12 18:44:00,301,22.6817,22.68,22.685,22.685,22.68,3
2024-01-12 18:46:00,638,22.6825,22.68,22.685,22.685,22.68,24
2024-01-12 18:47:00,1140,22.6908,22.69,22.695,22.695,22.69,29
2024-01-12 18:48:00,1397,22.6922,22.695,22.6964,22.6964,22.69,19
2024-01-12 18:49:00,1615,22.6953,22.695,22.7,22.7,22.69,28
2024-01-12 18:50:00,3132,22.69,22.695,22.685,22.695,22.685,53
2024-01-12 18:51:00,323,22.6832,22.685,22.685,22.685,22.685,13
2024-01-12 18:52:00,2302,22.6897,22.685,22.695,22.695,22.685,40
2024-01-12 18:53:00,1341,22.6913,22.695,22.695,22.695,22.69,15
2024-01-12 18:54:00,200,22.6936,22.69,22.69,22.69,22.69,6
2024-01-12 18:55:00,3112,22.7007,22.695,22.705,22.705,22.695,42
2024-01-12 18:56:00,7999,22.7007,22.705,22.705,22.705,22.7,111
2024-01-12 18:57:00,2861,22.7033,22.706,22.695,22.706,22.695,35
2024-01-12 18:58:00,1532,22.6904,22.695,22.69,22.695,22.69,39
2024-01-12 18:59:00,3529,22.6895,22.68,22.695,22.695,22.68,49
2024-01-12 19:00:00,241,22.6954,22.695,22.695,22.695,22.695,6
2024-01-12 19:01:00,901,22.6917,22.695,22.69,22.695,22.69,28
2024-01-12 19:03:00,966,22.6924,22.695,22.69,22.695,22.69,36
2024-01-12 19:04:00,1358,22.6905,22.69,22.69,22.695,22.69,27
2024-01-12 19:05:00,2151,22.6896,22.69,22.685,22.69,22.685,41
2024-01-12 19:06:00,880,22.6874,22.6825,22.69,22.69,22.6825,17
2024-01-12 19:07:00,6746,22.6902,22.687,22.685,22.695,22.685,111
2024-01-12 19:08:00,763,22.6887,22.69,22.685,22.69,22.685,13
2024-01-12 19:09:00,514,22.6842,22.68,22.69,22.69,22.68,11
2024-01-12 19:10:00,739,22.6838,22.685,22.685,22.685,22.6825,19
2024-01-12 19:11:00,314,22.6834,22.685,22.68,22.685,22.68,15
2024-01-12 19:12:00,1575,22.6861,22.6899,22.685,22.6899,22.68,35
2024-01-12 19:13:00,4068,22.678,22.68,22.675,22.68,22.67,88
2024-01-12 19:14:00,1253,22.6732,22.67,22.67,22.675,22.67,27
2024-01-12 19:15:00,2239,22.6712,22.675,22.66,22.675,22.66,50
2024-01-12 19:16:00,675,22.6625,22.66,22.665,22.665,22.66,25
2024-01-12 19:17:00,3702,22.6706,22.665,22.67,22.675,22.66,50
2024-01-12 19:18:00,329,22.6726,22.67,22.67,22.67,22.67,14
2024-01-12 19:19:00,777,22.6739,22.675,22.675,22.675,22.67,18
2024-01-12 19:20:00,518,22.6766,22.675,22.675,22.675,22.675,18
2024-01-12 19:21:00,1245,22.6746,22.675,22.675,22.68,22.67,26
2024-01-12 19:22:00,3958,22.6617,22.67,22.64,22.675,22.64,101
2024-01-12 19:23:00,2909,22.6511,22.645,22.655,22.655,22.645,54
2024-01-12 19:24:00,2730,22.6613,22.66,22.67,22.67,22.66,44
2024-01-12 19:25:00,112,22.665,22.665,22.665,22.665,22.665,5
2024-01-12 19:27:00,974,22.6655,22.665,22.665,22.67,22.665,17
2024-01-12 19:28:00,11113,22.6778,22.67,22.68,22.685,22.67,151
2024-01-12 19:29:00,333,22.685,22.685,22.685,22.685,22.685,8
2024-01-12 19:32:00,526,22.6847,22.685,22.685,22.685,22.68,17
2024-01-12 19:33:00,1445,22.6853,22.685,22.69,22.69,22.68,32
2024-01-12 19:34:00,814,22.6795,22.69,22.68,22.69,22.68,11
2024-01-12 19:35:00,1062,22.6815,22.685,22.685,22.685,22.685,11
2024-01-12 19:36:00,1013,22.6854,22.685,22.685,22.6875,22.685,19
2024-01-12 19:37:00,634,22.685,22.685,22.685,22.685,22.685,15
2024-01-12 19:38:00,4512,22.6801,22.68,22.6851,22.6851,22.675,65
2024-01-12 19:39:00,375,22.6838,22.685,22.685,22.685,22.685,12
2024-01-12 19:40:00,616,22.6839,22.685,22.68,22.685,22.68,17
2024-01-12 19:41:00,896,22.6834,22.68,22.685,22.685,22.68,19
2024-01-12 19:42:00,2307,22.6796,22.685,22.675,22.685,22.67,52
2024-01-12 19:43:00,1899,22.6724,22.67,22.68,22.68,22.67,52
2024-01-12 19:44:00,2246,22.6743,22.675,22.675,22.68,22.67,33
2024-01-12 19:45:00,855,22.6744,22.675,22.675,22.675,22.675,21
2024-01-12 19:46:00,658,22.6756,22.675,22.675,22.675,22.675,21
2024-01-12 19:47:00,1439,22.669,22.67,22.665,22.67,22.665,67
2024-01-12 19:48:00,6225,22.6727,22.665,22.68,22.68,22.665,58
2024-01-12 19:49:00,7598,22.6721,22.68,22.665,22.68,22.665,98
2024-01-12 19:50:00,881,22.6743,22.67,22.685,22.685,22.67,25
2024-01-12 19:51:00,1265,22.6891,22.685,22.695,22.695,22.685,30
2024-01-12 19:52:00,572,22.6976,22.7,22.695,22.7,22.695,11
2024-01-12 19:53:00,2623,22.6902,22.7,22.685,22.7,22.685,52
2024-01-12 19:55:00,2989,22.6847,22.6869,22.6815,22.6869,22.68,31
2024-01-12 19:56:00,3215,22.6756,22.68,22.67,22.68,22.67,49
2024-01-12 19:57:00,677,22.6749,22.675,22.675,22.675,22.675,18
2024-01-12 19:58:00,1552,22.6682,22.67,22.66,22.67,22.66,36
2024-01-12 19:59:00,1676,22.658,22.66,22.655,22.66,22.655,30
2024-01-12 20:00:00,989,22.6556,22.655,22.655,22.655,22.65,14
2024-01-12 20:01:00,238,22.6545,22.655,22.655,22.655,22.655,18
2024-01-12 20:02:00,6167,22.6445,22.655,22.64,22.655,22.635,112
2024-01-12 20:03:00,4050,22.6513,22.645,22.66,22.66,22.645,56
2024-01-12 20:04:00,745,22.6509,22.655,22.655,22.655,22.655,18
2024-01-12 20:05:00,1075,22.6559,22.655,22.6599,22.6599,22.655,13
2024-01-12 20:06:00,671,22.6501,22.65,22.65,22.65,22.65,29
2024-01-12 20:07:00,3980,22.66,22.655,22.665,22.665,22.655,58
2024-01-12 20:08:00,4273,22.6566,22.665,22.65,22.665,22.645,88
2024-01-12 20:09:00,171,22.6532,22.655,22.655,22.655,22.655,9
2024-01-12 20:11:00,840,22.6553,22.655,22.655,22.655,22.655,22
2024-01-12 20:12:00,1100,22.6543,22.655,22.655,22.655,22.65,27
2024-01-12 20:13:00,1189,22.6529,22.655,22.65,22.655,22.65,32
2024-01-12 20:14:00,1869,22.6542,22.655,22.66,22.66,22.65,28
2024-01-12 20:15:00,8936,22.637,22.655,22.64,22.655,22.625,144
2024-01-12 20:16:00,125,22.645,22.645,22.645,22.645,22.645,6
2024-01-12 20:17:00,424,22.6447,22.646,22.646,22.646,22.646,19
2024-01-12 20:18:00,1963,22.6435,22.645,22.64,22.65,22.64,41
2024-01-12 20:19:00,1058,22.6447,22.645,22.64,22.65,22.64,29
2024-01-12 20:20:00,586,22.6418,22.64,22.645,22.645,22.64,16
2024-01-12 20:21:00,796,22.6434,22.64,22.645,22.645,22.64,25
2024-01-12 20:22:00,1317,22.6428,22.64,22.64,22.645,22.64,28
2024-01-12 20:23:00,1790,22.6441,22.65,22.645,22.65,22.64,42
2024-01-12 20:24:00,2139,22.6439,22.645,22.64,22.6475,22.64,45
2024-01-12 20:25:00,1183,22.6433,22.645,22.64,22.645,22.64,24
2024-01-12 20:26:00,1760,22.6439,22.645,22.645,22.6475,22.645,36
2024-01-12 20:27:00,6294,22.6486,22.645,22.665,22.665,22.64,104
2024-01-12 20:28:00,5494,22.6704,22.675,22.67,22.675,22.67,84
2024-01-12 20:29:00,1653,22.6696,22.67,22.675,22.675,22.67,19
2024-01-12 20:30:00,4726,22.6696,22.68,22.67,22.68,22.665,64
2024-01-12 20:31:00,4736,22.6738,22.675,22.67,22.68,22.67,76
2024-01-12 20:32:00,1116,22.6741,22.67,22.68,22.68,22.67,23
2024-01-12 20:33:00,2316,22.6811,22.675,22.685,22.685,22.675,37
2024-01-12 20:34:00,2335,22.6799,22.68,22.68,22.68,22.68,45
2024-01-12 20:35:00,1117,22.6776,22.68,22.675,22.68,22.675,20
2024-01-12 20:36:00,612,22.6742,22.675,22.675,22.675,22.675,12
2024-01-12 20:37:00,1556,22.6746,22.675,22.675,22.68,22.675,38
2024-01-12 20:38:00,2368,22.6749,22.675,22.675,22.6775,22.675,26
2024-01-12 20:39:00,5614,22.6755,22.675,22.68,22.68,22.67,57
2024-01-12 20:40:00,7754,22.6904,22.68,22.695,22.705,22.68,104
2024-01-12 20:41:00,1778,22.6953,22.695,22.695,22.7,22.695,33
2024-01-12 20:42:00,5722,22.6885,22.69,22.685,22.69,22.68,112
2024-01-12 20:43:00,822,22.6843,22.685,22.685,22.685,22.68,21
2024-01-12 20:44:00,10336,22.6873,22.685,22.685,22.695,22.68,139
2024-01-12 20:45:00,4830,22.6827,22.6875,22.685,22.69,22.68,80
2024-01-12 20:46:00,2973,22.6844,22.68,22.685,22.685,22.68,49
2024-01-12 20:47:00,2399,22.6832,22.69,22.685,22.69,22.68,66
2024-01-12 20:48:00,8378,22.6823,22.685,22.68,22.6875,22.68,107
2024-01-12 20:49:00,3768,22.6851,22.69,22.685,22.69,22.68,84
2024-01-12 20:50:00,13311,22.676,22.685,22.665,22.685,22.66,185
2024-01-12 20:51:00,5173,22.665,22.67,22.66,22.67,22.66,66
2024-01-12 20:52:00,7704,22.6712,22.665,22.67,22.67,22.66,101
2024-01-12 20:53:00,10898,22.6746,22.67,22.68,22.68,22.665,148
2024-01-12 20:54:00,46278,22.7109,22.68,22.725,22.74,22.68,447
2024-01-12 20:55:00,26329,22.7024,22.72,22.7,22.725,22.685,250
2024-01-12 20:56:00,20962,22.7012,22.7,22.7,22.71,22.695,203
2024-01-12 20:57:00,12786,22.7048,22.7,22.71,22.71,22.7,187
2024-01-12 20:58:00,23331,22.7067,22.71,22.705,22.71,22.7,276
2024-01-12 20:59:00,64786,22.7107,22.705,22.715,22.72,22.7,586
2024-01-12 21:00:00,14641,22.6999,22.7,22.7,22.7,22.7,23
2024-01-12 21:20:00,2028,22.7,22.7,22.7,22.7,22.7,1
2024-01-16 14:29:00,924,22.6,22.6,22.6,22.6,22.6,1
2024-01-16 14:30:00,21961,22.5955,22.6,22.63,22.63,22.5,68
2024-01-16 14:31:00,333,22.5769,22.61,22.61,22.61,22.61,11
2024-01-16 14:32:00,2086,22.5126,22.54,22.5,22.54,22.5,50
2024-01-16 14:33:00,1594,22.4771,22.47,22.5,22.5,22.47,26
2024-01-16 14:34:00,907,22.5413,22.55,22.55,22.55,22.55,43
2024-01-16 14:35:00,2423,22.5422,22.56,22.53,22.56,22.53,30
2024-01-16 14:36:00,3395,22.4791,22.51,22.46,22.51,22.46,38
2024-01-16 14:37:00,834,22.4712,22.46,22.46,22.46,22.46,32
2024-01-16 14:38:00,1752,22.438,22.46,22.41,22.46,22.41,40
2024-01-16 14:39:00,2312,22.4121,22.415,22.44,22.44,22.39,41
2024-01-16 14:40:00,2749,22.4361,22.45,22.41,22.45,22.41,61
2024-01-16 14:41:00,3973,22.3869,22.395,22.38,22.41,22.36,66
2024-01-16 14:42:00,1431,22.3631,22.37,22.36,22.37,22.36,30
2024-01-16 14:43:00,911,22.3642,22.35,22.37,22.37,22.35,17
2024-01-16 14:44:00,1087,22.3453,22.35,22.34,22.35,22.34,23
2024-01-16 14:45:00,2422,22.3326,22.335,22.335,22.34,22.325,46
2024-01-16 14:46:00,719,22.3513,22.35,22.35,22.36,22.35,23
2024-01-16 14:47:00,2087,22.3652,22.35,22.375,22.375,22.35,48
2024-01-16 14:48:00,3217,22.3537,22.37,22.355,22.37,22.345,51
2024-01-16 14:49:00,512,22.3508,22.355,22.35,22.355,22.35,18
2024-01-16 14:50:00,2827,22.326,22.345,22.32,22.345,22.31,49
2024-01-16 14:51:00,4057,22.3177,22.325,22.31,22.33,22.31,57
2024-01-16 14:52:00,1591,22.3218,22.31,22.355,22.36,22.305,31
2024-01-16 14:53:00,1049,22.3594,22.355,22.36,22.365,22.355,23
2024-01-16 14:54:00,3313,22.3704,22.37,22.375,22.379,22.365,52
2024-01-16 14:55:00,5177,22.3924,22.375,22.415,22.415,22.375,77
2024-01-16 14:56:00,4358,22.409,22.41,22.41,22.415,22.4,59
2024-01-16 14:57:00,893,22.4253,22.4387,22.42,22.4387,22.42,25
2024-01-16 14:58:00,2222,22.4149,22.41,22.4191,22.42,22.4,38
2024-01-16 14:59:00,6287,22.4169,22.405,22.425,22.435,22.405,75
2024-01-16 15:00:00,4856,22.4629,22.435,22.47,22.48,22.435,71
2024-01-16 15:01:00,892,22.4868,22.48,22.49,22.49,22.48,20
2024-01-16 15:02:00,1807,22.4792,22.49,22.4713,22.49,22.465,27
2024-01-16 15:03:00,1792,22.4989,22.49,22.51,22.51,22.49,35
2024-01-16 15:04:00,713,22.4979,22.51,22.505,22.51,22.505,13
2024-01-16 15:05:00,1881,22.5132,22.5,22.54,22.54,22.5,38
2024-01-16 15:06:00,2060,22.5231,22.53,22.5203,22.53,22.5203,20
2024-01-16 15:07:00,1978,22.5161,22.52,22.5101,22.525,22.51,54
2024-01-16 15:08:00,356,22.5188,22.515,22.515,22.515,22.515,16
2024-01-16 15:09:00,902,22.5478,22.545,22.56,22.56,22.545,20
2024-01-16 15:10:00,3706,22.565,22.57,22.545,22.575,22.54,57
2024-01-16 15:11:00,406,22.5506,22.55,22.55,22.55,22.55,12
2024-01-16 15:12:00,2494,22.5409,22.55,22.53,22.55,22.53,44
2024-01-16 15:13:00,480,22.5185,22.52,22.515,22.52,22.515,15
2024-01-16 15:14:00,1655,22.5037,22.52,22.49,22.52,22.49,30
2024-01-16 15:15:00,877,22.4898,22.485,22.495,22.495,22.485,22
2024-01-16 15:16:00,2824,22.4987,22.495,22.5,22.505,22.49,64
2024-01-16 15:17:00,1301,22.5057,22.505,22.5,22.505,22.5,21
2024-01-16 15:18:00,1222,22.4957,22.49,22.5055,22.5055,22.485,26
2024-01-16 15:19:00,828,22.4945,22.5,22.49,22.5,22.49,29
2024-01-16 15:20:00,1246,22.4906,22.49,22.49,22.495,22.49,30
2024-01-16 15:21:00,5257,22.4617,22.48,22.4699,22.48,22.45,117
2024-01-16 15:22:00,303,22.4711,22.47,22.47,22.47,22.47,17
2024-01-16 15:23:00,1222,22.4569,22.47,22.445,22.47,22.44,29
2024-01-16 15:24:00,2807,22.4391,22.44,22.44,22.44,22.435,51
2024-01-16 15:25:00,2147,22.4323,22.44,22.43,22.44,22.43,38
2024-01-16 15:26:00,4839,22.4263,22.425,22.4215,22.435,22.42,69
2024-01-16 15:27:00,186,22.43,22.43,22.43,22.43,22.43,10
2024-01-16 15:28:00,1151,22.4331,22.425,22.445,22.445,22.425,41
2024-01-16 15:29:00,2065,22.4637,22.45,22.47,22.47,22.45,24
2024-01-16 15:30:00,1437,22.4713,22.47,22.47,22.48,22.47,40
2024-01-16 15:31:00,3980,22.4473,22.46,22.446,22.46,22.44,64
2024-01-16 15:32:00,1107,22.4391,22.44,22.4371,22.44,22.4371,23
2024-01-16 15:33:00,1579,22.4249,22.435,22.41,22.435,22.41,33
2024-01-16 15:34:00,936,22.4199,22.42,22.42,22.42,22.42,26
2024-01-16 15:35:00,1363,22.4238,22.42,22.4176,22.42,22.415,29
2024-01-16 15:36:00,201,22.41,22.41,22.41,22.41,22.41,3
2024-01-16 15:37:00,1522,22.419,22.415,22.425,22.425,22.415,26
2024-01-16 15:38:00,840,22.4198,22.42,22.4199,22.42,22.4199,22
2024-01-16 15:39:00,286,22.4101,22.41,22.41,22.41,22.41,11
2024-01-16 15:40:00,2015,22.4189,22.415,22.42,22.425,22.415,40
2024-01-16 15:41:00,2282,22.4228,22.42,22.42,22.43,22.42,46
2024-01-16 15:42:00,1269,22.4195,22.4165,22.42,22.42,22.415,23
2024-01-16 15:43:00,1555,22.4114,22.41,22.405,22.41,22.405,52
2024-01-16 15:44:00,286,22.4019,22.405,22.4,22.405,22.4,7
2024-01-16 15:45:00,2846,22.4001,22.4,22.4,22.4,22.3999,60
2024-01-16 15:46:00,1083,22.3999,22.4,22.4,22.4,22.4,22
2024-01-16 15:47:00,1313,22.4012,22.4,22.4,22.4,22.4,30
2024-01-16 15:48:00,6166,22.4314,22.41,22.445,22.45,22.41,99
2024-01-16 15:49:00,3631,22.4478,22.45,22.445,22.45,22.445,61
2024-01-16 15:50:00,3024,22.4415,22.445,22.435,22.445,22.435,54
2024-01-16 15:51:00,296,22.4303,22.43,22.43,22.43,22.43,8
2024-01-16 15:52:00,813,22.4371,22.435,22.435,22.44,22.435,16
2024-01-16 15:53:00,455,22.4352,22.435,22.4355,22.4355,22.435,14
2024-01-16 15:54:00,1151,22.4301,22.43,22.43,22.43,22.43,44
2024-01-16 15:57:00,7672,22.4155,22.425,22.44,22.44,22.395,149
2024-01-16 15:58:00,2393,22.4451,22.4447,22.45,22.45,22.4447,13
2024-01-16 15:59:00,1226,22.4607,22.45,22.465,22.465,22.45,25
2024-01-16 16:00:00,4640,22.4643,22.47,22.445,22.48,22.445,78
2024-01-16 16:01:00,4479,22.4506,22.44,22.475,22.475,22.43,74
2024-01-16 16:02:00,2457,22.4739,22.48,22.47,22.48,22.46,55
2024-01-16 16:03:00,1849,22.4811,22.48,22.475,22.485,22.475,49
2024-01-16 16:04:00,3912,22.5138,22.495,22.525,22.53,22.495,68
2024-01-16 16:05:00,1111,22.529,22.525,22.54,22.545,22.525,27
2024-01-16 16:06:00,3555,22.5394,22.54,22.55,22.55,22.525,65
2024-01-16 16:07:00,825,22.5496,22.55,22.545,22.555,22.545,13
2024-01-16 16:08:00,1630,22.5449,22.54,22.55,22.55,22.54,32
2024-01-16 16:09:00,3569,22.5311,22.55,22.515,22.55,22.515,44
2024-01-16 16:10:00,5349,22.51,22.515,22.48,22.52,22.48,62
2024-01-16 16:11:00,1511,22.496,22.49,22.5,22.5,22.49,29
2024-01-16 16:12:00,2434,22.4881,22.5,22.47,22.5,22.46,43
2024-01-16 16:13:00,1090,22.4698,22.47,22.47,22.47,22.47,23
2024-01-16 16:14:00,823,22.4745,22.47,22.465,22.47,22.465,21
2024-01-16 16:16:00,5974,22.4626,22.46,22.47,22.475,22.445,125
2024-01-16 16:17:00,500,22.4651,22.47,22.46,22.47,22.46,22
2024-01-16 16:18:00,216,22.4547,22.455,22.455,22.455,22.455,5
2024-01-16 16:19:00,1518,22.4546,22.46,22.45,22.46,22.45,41
2024-01-16 16:20:00,890,22.4592,22.46,22.46,22.46,22.46,37
2024-01-16 16:21:00,11329,22.4952,22.46,22.53,22.53,22.46,72
2024-01-16 16:22:00,8441,22.5303,22.53,22.51,22.54,22.51,112
2024-01-16 16:24:00,4563,22.5183,22.505,22.54,22.54,22.5,92
2024-01-16 16:25:00,4853,22.561,22.545,22.535,22.57,22.535,69
2024-01-16 16:26:00,1096,22.5327,22.545,22.535,22.545,22.525,29
2024-01-16 16:27:00,600,22.5292,22.525,22.53,22.53,22.525,25
2024-01-16 16:28:00,1634,22.5371,22.53,22.54,22.545,22.53,43
2024-01-16 16:29:00,1199,22.5305,22.54,22.52,22.54,22.52,39
2024-01-16 16:30:00,1730,22.5355,22.52,22.54,22.545,22.52,45
2024-01-16 16:31:00,709,22.5472,22.545,22.55,22.55,22.545,20
2024-01-16 16:33:00,341,22.5448,22.55,22.55,22.55,22.55,8
2024-01-16 16:34:00,1303,22.5523,22.55,22.555,22.555,22.55,30
2024-01-16 16:35:00,907,22.5479,22.55,22.54,22.55,22.54,18
2024-01-16 16:36:00,1456,22.5366,22.54,22.53,22.54,22.53,27
2024-01-16 16:38:00,4343,22.5029,22.51,22.5,22.51,22.49,81
2024-01-16 16:39:00,853,22.5003,22.5,22.5,22.5,22.5,21
2024-01-16 16:40:00,511,22.5111,22.505,22.505,22.51,22.505,7
2024-01-16 16:41:00,1302,22.5106,22.51,22.51,22.515,22.51,25
2024-01-16 16:42:00,1638,22.5051,22.51,22.505,22.51,22.5,27
2024-01-16 16:43:00,1621,22.4926,22.5,22.49,22.5,22.49,50
2024-01-16 16:44:00,616,22.5102,22.505,22.515,22.515,22.505,20
2024-01-16 16:45:00,524,22.51,22.51,22.51,22.51,22.51,20
2024-01-16 16:46:00,527,22.5035,22.51,22.5,22.51,22.5,26
2024-01-16 16:47:00,1105,22.4889,22.49,22.49,22.49,22.48,28
2024-01-16 16:48:00,323,22.4943,22.4904,22.5,22.5,22.4904,13
2024-01-16 16:49:00,195,22.4944,22.495,22.495,22.495,22.495,17
2024-01-16 16:51:00,719,22.4978,22.495,22.5,22.5,22.495,33
2024-01-16 16:52:00,1655,22.5148,22.51,22.525,22.525,22.51,55
2024-01-16 16:53:00,1610,22.52,22.52,22.52,22.52,22.52,19
2024-01-16 16:54:00,2862,22.5098,22.51,22.505,22.51,22.505,42
2024-01-16 16:55:00,900,22.4951,22.5,22.49,22.5,22.49,37
2024-01-16 16:56:00,994,22.493,22.495,22.49,22.495,22.49,26
2024-01-16 16:57:00,683,22.4879,22.49,22.48,22.49,22.48,20
2024-01-16 16:58:00,293,22.4809,22.48,22.48,22.48,22.48,15
2024-01-16 16:59:00,441,22.4833,22.48,22.485,22.485,22.48,27
2024-01-16 17:00:00,857,22.4873,22.48,22.49,22.49,22.48,17
2024-01-16 17:01:00,1179,22.4898,22.49,22.495,22.495,22.49,28
2024-01-16 17:02:00,1247,22.4893,22.49,22.49,22.49,22.485,28
2024-01-16 17:03:00,271,22.485,22.49,22.48,22.49,22.48,7
2024-01-16 17:04:00,2330,22.4761,22.48,22.47,22.48,22.47,43
2024-01-16 17:05:00,575,22.4674,22.47,22.465,22.47,22.46,20
2024-01-16 17:06:00,2575,22.478,22.47,22.48,22.48,22.47,51
2024-01-16 17:07:00,432,22.4702,22.47,22.47,22.47,22.47,16
2024-01-16 17:08:00,1718,22.4744,22.47,22.485,22.485,22.47,39
2024-01-16 17:09:00,790,22.4844,22.486,22.486,22.486,22.486,8
2024-01-16 17:10:00,847,22.4798,22.48,22.48,22.48,22.48,13
2024-01-16 17:11:00,1407,22.4754,22.4755,22.4755,22.4755,22.475,12
2024-01-16 17:12:00,1044,22.4695,22.47,22.47,22.47,22.47,29
2024-01-16 17:13:00,1167,22.4704,22.465,22.475,22.475,22.465,30
2024-01-16 17:14:00,141,22.4782,22.48,22.48,22.48,22.48,8
2024-01-16 17:15:00,3443,22.4798,22.48,22.48,22.48,22.475,66
2024-01-16 17:16:00,5558,22.4716,22.47,22.475,22.478,22.465,56
2024-01-16 17:17:00,443,22.4793,22.48,22.48,22.48,22.48,11
2024-01-16 17:18:00,174,22.4749,22.475,22.475,22.475,22.475,7
2024-01-16 17:19:00,453,22.4748,22.475,22.475,22.475,22.475,9
2024-01-16 17:20:00,3055,22.4828,22.48,22.49,22.49,22.48,55
2024-01-16 17:21:00,1199,22.5,22.5,22.5,22.5,22.5,27
2024-01-16 17:23:00,3772,22.4877,22.49,22.48,22.49,22.48,54
2024-01-16 17:24:00,583,22.492,22.4931,22.495,22.495,22.4931,21
2024-01-16 17:25:00,1818,22.4845,22.49,22.48,22.49,22.48,39
2024-01-16 17:26:00,495,22.47,22.47,22.47,22.47,22.47,4
2024-01-16 17:27:00,900,22.4761,22.475,22.475,22.475,22.475,3
2024-01-16 17:28:00,695,22.4701,22.47,22.47,22.47,22.47,33
2024-01-16 17:29:00,272,22.4641,22.465,22.465,22.465,22.465,9
2024-01-16 17:30:00,794,22.4645,22.46,22.46,22.46,22.46,26
2024-01-16 17:31:00,4466,22.4521,22.445,22.455,22.46,22.445,67
2024-01-16 17:33:00,4139,22.4379,22.45,22.43,22.45,22.425,79
2024-01-16 17:34:00,626,22.436,22.4386,22.43,22.4386,22.43,14
2024-01-16 17:35:00,1161,22.4395,22.435,22.44,22.44,22.435,32
2024-01-16 17:36:00,447,22.4437,22.445,22.445,22.445,22.445,5
2024-01-16 17:37:00,2375,22.4317,22.44,22.42,22.44,22.42,53
2024-01-16 17:39:00,1473,22.4308,22.43,22.435,22.435,22.43,33
2024-01-16 17:40:00,1174,22.4473,22.44,22.45,22.45,22.44,29
2024-01-16 17:41:00,374,22.4496,22.45,22.46,22.46,22.45,7
2024-01-16 17:42:00,186,22.4578,22.46,22.46,22.46,22.46,4
2024-01-16 17:43:00,972,22.4554,22.45,22.46,22.46,22.45,16
2024-01-16 17:44:00,540,22.4561,22.46,22.46,22.46,22.46,20
2024-01-16 17:45:00,1611,22.4762,22.46,22.495,22.495,22.46,43
2024-01-16 17:46:00,740,22.4929,22.5,22.5,22.5,22.49,15
2024-01-16 17:47:00,236,22.5,22.5,22.5,22.5,22.5,4
2024-01-16 17:48:00,7948,22.49,22.5,22.5,22.5,22.475,126
2024-01-16 17:50:00,1512,22.5042,22.495,22.505,22.51,22.495,22
2024-01-16 17:51:00,589,22.5069,22.51,22.51,22.51,22.51,16
2024-01-16 17:52:00,845,22.5103,22.51,22.515,22.515,22.51,15
2024-01-16 17:53:00,1137,22.5087,22.51,22.51,22.51,22.51,28
2024-01-16 17:54:00,638,22.5046,22.51,22.505,22.51,22.5,7
2024-01-16 17:55:00,2505,22.4925,22.5,22.4801,22.5,22.4801,48
2024-01-16 17:56:00,274,22.4842,22.485,22.485,22.485,22.485,5
2024-01-16 17:58:00,561,22.4868,22.48,22.485,22.485,22.48,13
2024-01-16 17:59:00,1086,22.4833,22.48,22.48,22.485,22.48,25
2024-01-16 18:00:00,1100,22.4932,22.48,22.505,22.505,22.48,31
2024-01-16 18:01:00,202,22.505,22.505,22.505,22.505,22.505,4
2024-01-16 18:02:00,326,22.5086,22.505,22.51,22.51,22.505,19
2024-01-16 18:04:00,3257,22.5108,22.5115,22.515,22.515,22.51,45
2024-01-16 18:05:00,1303,22.5197,22.52,22.515,22.52,22.515,31
2024-01-16 18:07:00,600,22.52,22.52,22.52,22.52,22.52,17
2024-01-16 18:08:00,2399,22.5148,22.52,22.51,22.52,22.51,47
2024-01-16 18:09:00,640,22.5119,22.5055,22.505,22.5055,22.505,6
2024-01-16 18:10:00,321,22.5052,22.505,22.505,22.505,22.505,5
2024-01-16 18:11:00,220,22.505,22.505,22.505,22.505,22.505,5
2024-01-16 18:13:00,212,22.505,22.505,22.505,22.505,22.505,6
2024-01-16 18:14:00,2209,22.5079,22.505,22.505,22.51,22.505,51
2024-01-16 18:15:00,211,22.5087,22.51,22.51,22.51,22.51,6
2024-01-16 18:16:00,1593,22.5105,22.51,22.51,22.515,22.51,26
2024-01-16 18:17:00,239,22.5107,22.51,22.51,22.51,22.51,6
2024-01-16 18:18:00,2495,22.5096,22.51,22.505,22.51,22.505,38
2024-01-16 18:20:00,6230,22.493,22.5,22.48,22.5,22.48,108
2024-01-16 18:21:00,1781,22.4877,22.485,22.4801,22.49,22.4801,22
2024-01-16 18:22:00,587,22.4866,22.49,22.4801,22.49,22.4801,8
2024-01-16 18:23:00,759,22.485,22.485,22.485,22.485,22.48,15
2024-01-16 18:24:00,150,22.485,22.485,22.485,22.485,22.485,4
2024-01-16 18:25:00,257,22.485,22.485,22.485,22.485,22.485,14
2024-01-16 18:26:00,624,22.4835,22.4805,22.4805,22.4805,22.4805,13
2024-01-16 18:27:00,202,22.4838,22.485,22.485,22.485,22.485,13
2024-01-16 18:28:00,555,22.4895,22.49,22.49,22.49,22.49,18
2024-01-16 18:29:00,3953,22.5023,22.49,22.52,22.52,22.49,83
2024-01-16 18:30:00,3336,22.5295,22.53,22.53,22.53,22.525,72
2024-01-16 18:31:00,268,22.5182,22.52,22.52,22.52,22.52,9
2024-01-16 18:32:00,3757,22.5109,22.52,22.49,22.52,22.49,64
2024-01-16 18:33:00,573,22.49,22.49,22.485,22.495,22.485,17
2024-01-16 18:34:00,1098,22.4887,22.48,22.49,22.49,22.48,26
2024-01-16 18:35:00,912,22.486,22.49,22.48,22.49,22.48,18
2024-01-16 18:36:00,1480,22.478,22.48,22.475,22.48,22.47,25
2024-01-16 18:37:00,2001,22.4761,22.475,22.475,22.475,22.475,10
2024-01-16 18:38:00,1182,22.4713,22.475,22.47,22.475,22.47,33
2024-01-16 18:39:00,591,22.4751,22.475,22.471,22.475,22.471,18
2024-01-16 18:40:00,7130,22.4639,22.47,22.475,22.475,22.46,37
2024-01-16 18:41:00,283,22.4744,22.475,22.475,22.475,22.475,7
2024-01-16 18:42:00,1221,22.471,22.475,22.47,22.475,22.47,27
2024-01-16 18:43:00,1341,22.4712,22.47,22.475,22.475,22.47,21
2024-01-16 18:44:00,7530,22.4583,22.465,22.455,22.465,22.445,88
2024-01-16 18:45:00,1041,22.4592,22.455,22.46,22.46,22.455,25
2024-01-16 18:46:00,499,22.4584,22.46,22.45,22.46,22.45,9
2024-01-16 18:47:00,648,22.4619,22.46,22.465,22.465,22.46,16
2024-01-16 18:48:00,588,22.4584,22.46,22.455,22.46,22.455,19
2024-01-16 18:49:00,2082,22.4478,22.45,22.44,22.45,22.44,51
2024-01-16 18:50:00,1786,22.4504,22.445,22.455,22.455,22.445,30
2024-01-16 18:51:00,274,22.4535,22.455,22.455,22.455,22.455,8
2024-01-16 18:52:00,1222,22.4493,22.455,22.445,22.455,22.445,25
2024-01-16 18:53:00,340,22.445,22.445,22.445,22.445,22.445,5
2024-01-16 18:54:00,2595,22.4462,22.445,22.45,22.45,22.44,31
2024-01-16 18:55:00,2134,22.452,22.45,22.455,22.455,22.45,47
2024-01-16 18:56:00,4204,22.45,22.455,22.45,22.455,22.445,91
2024-01-16 18:57:00,1052,22.4549,22.45,22.455,22.46,22.45,26
2024-01-16 18:58:00,416,22.4528,22.45,22.455,22.455,22.45,11
2024-01-16 19:00:00,420,22.4544,22.455,22.455,22.455,22.455,12
2024-01-16 19:01:00,2272,22.4484,22.45,22.445,22.45,22.445,43
2024-01-16 19:02:00,934,22.4448,22.445,22.44,22.445,22.44,18
2024-01-16 19:03:00,791,22.4464,22.4489,22.445,22.4489,22.443,11
2024-01-16 19:04:00,907,22.4448,22.445,22.44,22.445,22.44,16
2024-01-16 19:05:00,1794,22.4387,22.44,22.435,22.44,22.435,41
2024-01-16 19:06:00,2943,22.4466,22.44,22.46,22.46,22.44,74
2024-01-16 19:07:00,1506,22.4761,22.47,22.485,22.485,22.47,35
2024-01-16 19:08:00,2262,22.4804,22.48,22.48,22.48,22.48,41
2024-01-16 19:09:00,533,22.4706,22.475,22.475,22.475,22.475,11
2024-01-16 19:10:00,1517,22.4795,22.48,22.479,22.48,22.479,29
2024-01-16 19:11:00,1188,22.4714,22.47,22.47,22.47,22.47,23
2024-01-16 19:12:00,3983,22.456,22.465,22.455,22.4672,22.45,83
2024-01-16 19:13:00,7428,22.4385,22.45,22.425,22.45,22.425,86
2024-01-16 19:14:00,2960,22.4288,22.43,22.42,22.435,22.42,61
2024-01-16 19:15:00,3338,22.4205,22.42,22.415,22.42,22.415,69
2024-01-16 19:16:00,395,22.4224,22.4212,22.42,22.4212,22.42,9
2024-01-16 19:17:00,2568,22.4313,22.43,22.43,22.44,22.43,57
2024-01-16 19:18:00,149,22.4312,22.43,22.43,22.43,22.43,6
2024-01-16 19:19:00,435,22.4332,22.43,22.433,22.433,22.43,13
2024-01-16 19:20:00,450,22.4341,22.435,22.43,22.436,22.43,8
2024-01-16 19:21:00,450,22.4332,22.435,22.435,22.435,22.435,8
2024-01-16 19:22:00,3465,22.4465,22.44,22.47,22.47,22.435,80
2024-01-16 19:23:00,826,22.4677,22.47,22.47,22.47,22.47,18
2024-01-16 19:24:00,690,22.4539,22.48,22.48,22.48,22.48,16
2024-01-16 19:25:00,3111,22.4806,22.48,22.485,22.485,22.48,44
2024-01-16 19:27:00,1009,22.4857,22.485,22.485,22.49,22.485,19
2024-01-16 19:28:00,2958,22.4805,22.485,22.475,22.49,22.475,55
2024-01-16 19:29:00,851,22.4743,22.47,22.475,22.475,22.47,18
2024-01-16 19:30:00,3469,22.4692,22.47,22.47,22.47,22.465,86
2024-01-16 19:31:00,1141,22.4813,22.48,22.485,22.485,22.48,32
2024-01-16 19:32:00,2627,22.4788,22.48,22.475,22.48,22.47,48
2024-01-16 19:33:00,512,22.4751,22.475,22.475,22.475,22.475,12
2024-01-16 19:34:00,5736,22.4783,22.4713,22.485,22.49,22.47,125
2024-01-16 19:35:00,846,22.4837,22.485,22.485,22.49,22.485,19
2024-01-16 19:36:00,308,22.4797,22.48,22.48,22.48,22.48,7
2024-01-16 19:37:00,232,22.4797,22.48,22.48,22.48,22.48,6
2024-01-16 19:38:00,3849,22.4803,22.485,22.47,22.485,22.47,67
2024-01-16 19:39:00,603,22.4757,22.475,22.475,22.475,22.475,10
2024-01-16 19:40:00,1964,22.4796,22.475,22.48,22.48,22.475,46
2024-01-16 19:41:00,1636,22.4868,22.49,22.48,22.49,22.48,37
2024-01-16 19:42:00,3222,22.5009,22.485,22.515,22.515,22.485,68
2024-01-16 19:43:00,7802,22.5087,22.51,22.505,22.51,22.505,71
2024-01-16 19:44:00,2161,22.5051,22.51,22.5,22.51,22.5,47
2024-01-16 19:45:00,193,22.502,22.5014,22.5014,22.5014,22.5014,6
2024-01-16 19:46:00,1907,22.5085,22.505,22.51,22.51,22.505,44
2024-01-16 19:48:00,978,22.516,22.52,22.515,22.52,22.515,25
2024-01-16 19:49:00,2929,22.5144,22.515,22.51,22.515,22.51,43
2024-01-16 19:50:00,5945,22.51,22.515,22.505,22.515,22.505,88
2024-01-16 19:51:00,2925,22.5199,22.51,22.53,22.53,22.51,74
2024-01-16 19:53:00,739,22.5335,22.53,22.54,22.54,22.53,20
2024-01-16 19:54:00,893,22.5393,22.54,22.54,22.54,22.54,26
2024-01-16 19:55:00,947,22.5367,22.54,22.545,22.545,22.54,20
2024-01-16 19:56:00,2658,22.558,22.55,22.57,22.57,22.55,57
2024-01-16 19:57:00,4014,22.573,22.57,22.58,22.58,22.57,59
2024-01-16 19:58:00,2148,22.5802,22.58,22.58,22.585,22.58,55
2024-01-16 19:59:00,8754,22.5705,22.57,22.57,22.575,22.57,147
2024-01-16 20:00:00,1866,22.569,22.565,22.57,22.57,22.565,35
2024-01-16 20:01:00,2823,22.5696,22.575,22.565,22.575,22.5609,41
2024-01-16 20:02:00,2135,22.5562,22.565,22.545,22.565,22.545,47
2024-01-16 20:03:00,1328,22.5534,22.55,22.555,22.555,22.55,29
2024-01-16 20:04:00,1794,22.5512,22.55,22.551,22.5515,22.55,23
2024-01-16 20:05:00,593,22.5545,22.556,22.555,22.556,22.555,15
2024-01-16 20:06:00,1325,22.5536,22.55,22.555,22.555,22.55,30
2024-01-16 20:07:00,8170,22.5528,22.555,22.565,22.565,22.545,120
2024-01-16 20:08:00,116,22.5697,22.57,22.57,22.57,22.57,7
2024-01-16 20:09:00,2169,22.5765,22.57,22.585,22.585,22.57,43
2024-01-16 20:10:00,908,22.5833,22.581,22.586,22.586,22.581,16
2024-01-16 20:11:00,472,22.5741,22.585,22.5845,22.585,22.5845,10
2024-01-16 20:12:00,1745,22.5857,22.59,22.58,22.59,22.58,46
2024-01-16 20:13:00,12518,22.5799,22.585,22.58,22.585,22.575,152
2024-01-16 20:14:00,4045,22.5777,22.58,22.5725,22.58,22.57,58
2024-01-16 20:15:00,1211,22.5779,22.58,22.58,22.58,22.575,18
2024-01-16 20:16:00,6954,22.578,22.58,22.565,22.58,22.565,107
2024-01-16 20:17:00,1146,22.561,22.56,22.56,22.56,22.56,25
2024-01-16 20:18:00,1692,22.5712,22.5663,22.5663,22.5663,22.5663,18
2024-01-16 20:19:00,4395,22.5701,22.57,22.57,22.57,22.5625,70
2024-01-16 20:20:00,5111,22.5701,22.5799,22.565,22.5799,22.565,55
2024-01-16 20:21:00,1836,22.565,22.565,22.565,22.565,22.565,14
2024-01-16 20:22:00,5016,22.5616,22.56,22.555,22.566,22.555,61
2024-01-16 20:23:00,3198,22.5695,22.56,22.58,22.58,22.56,65
2024-01-16 20:24:00,3602,22.5839,22.585,22.5964,22.5964,22.585,66
2024-01-16 20:25:00,1880,22.6073,22.6,22.615,22.615,22.6,44
2024-01-16 20:26:00,8461,22.6045,22.61,22.605,22.61,22.595,120
2024-01-16 20:27:00,3936,22.5998,22.605,22.59,22.605,22.59,86
2024-01-16 20:28:00,1325,22.5935,22.5974,22.59,22.5974,22.59,36
2024-01-16 20:29:00,3522,22.5892,22.59,22.59,22.59,22.58,74
2024-01-16 20:30:00,6204,22.5809,22.585,22.575,22.59,22.57,108
2024-01-16 20:31:00,1930,22.5784,22.57,22.58,22.58,22.57,45
2024-01-16 20:32:00,755,22.572,22.57,22.57,22.575,22.57,30
2024-01-16 20:33:00,4104,22.5767,22.575,22.57,22.58,22.57,68
2024-01-16 20:34:00,7675,22.5826,22.57,22.59,22.59,22.57,126
2024-01-16 20:35:00,9510,22.5799,22.59,22.565,22.59,22.565,136
2024-01-16 20:36:00,1890,22.5667,22.56,22.565,22.57,22.56,57
2024-01-16 20:37:00,569,22.5674,22.56,22.56,22.56,22.56,24
2024-01-16 20:38:00,4096,22.5694,22.565,22.565,22.57,22.56,55
2024-01-16 20:39:00,3066,22.567,22.57,22.565,22.57,22.56,73
2024-01-16 20:40:00,10558,22.5544,22.56,22.555,22.56,22.545,143
2024-01-16 20:41:00,6743,22.5581,22.555,22.555,22.565,22.55,112
2024-01-16 20:42:00,4799,22.5487,22.55,22.55,22.55,22.545,85
2024-01-16 20:43:00,6672,22.5517,22.55,22.565,22.565,22.54,103
2024-01-16 20:44:00,3808,22.566,22.57,22.565,22.57,22.56,71
2024-01-16 20:45:00,7794,22.5665,22.5626,22.57,22.575,22.5626,92
2024-01-16 20:46:00,14534,22.5555,22.57,22.54,22.57,22.53,169
2024-01-16 20:47:00,3013,22.5456,22.545,22.545,22.55,22.54,49
2024-01-16 20:48:00,2199,22.544,22.545,22.54,22.545,22.54,33
2024-01-16 20:49:00,15306,22.54,22.54,22.545,22.55,22.53,206
2024-01-16 20:50:00,18541,22.5468,22.55,22.54,22.56,22.535,231
2024-01-16 20:51:00,9141,22.5392,22.535,22.545,22.545,22.53,106
2024-01-16 20:52:00,17011,22.5535,22.54,22.56,22.565,22.54,184
2024-01-16 20:53:00,20292,22.5511,22.56,22.5525,22.56,22.545,226
2024-01-16 20:54:00,32995,22.5488,22.55,22.555,22.56,22.535,351
2024-01-16 20:55:00,34726,22.5487,22.55,22.545,22.565,22.535,313
2024-01-16 20:56:00,5448,22.5457,22.545,22.54,22.545,22.54,78
2024-01-16 20:57:00,28895,22.5379,22.55,22.535,22.55,22.53,279
2024-01-16 20:58:00,20641,22.5414,22.535,22.545,22.55,22.53,245
2024-01-16 20:59:00,59073,22.5351,22.54,22.53,22.54,22.53,534
2024-01-16 21:00:00,6040,22.54,22.54,22.54,22.54,22.54,16
2024-01-16 21:04:00,75489,22.54,22.54,22.54,22.54,22.54,1
2024-01-17 14:28:00,244,22.38,22.38,22.38,22.38,22.38,3
2024-01-17 14:29:00,100,22.38,22.38,22.38,22.38,22.38,1
2024-01-17 14:30:00,21754,22.4906,22.49,22.53,22.5413,22.44,110
2024-01-17 14:31:00,1974,22.492,22.51,22.46,22.51,22.46,44
2024-01-17 14:33:00,1947,22.3458,22.38,22.33,22.38,22.33,37
2024-01-17 14:34:00,2028,22.3101,22.36,22.29,22.36,22.28,51
2024-01-17 14:35:00,2214,22.2337,22.26,22.23,22.26,22.22,52
2024-01-17 14:36:00,3065,22.2784,22.25,22.32,22.32,22.25,73
2024-01-17 14:37:00,2001,22.3041,22.3,22.3,22.32,22.3,46
2024-01-17 14:38:00,1191,22.306,22.32,22.305,22.32,22.29,33
2024-01-17 14:39:00,1979,22.3346,22.3206,22.35,22.35,22.31,38
2024-01-17 14:40:00,2657,22.3203,22.35,22.315,22.35,22.3,50
2024-01-17 14:41:00,3482,22.3168,22.31,22.33,22.33,22.305,61
2024-01-17 14:42:00,1898,22.3369,22.33,22.36,22.36,22.33,39
2024-01-17 14:43:00,1480,22.3566,22.35,22.36,22.365,22.35,27
2024-01-17 14:44:00,2025,22.3541,22.36,22.36,22.36,22.35,27
2024-01-17 14:45:00,2905,22.3316,22.36,22.365,22.365,22.31,47
2024-01-17 14:46:00,1854,22.3475,22.36,22.33,22.36,22.33,50
2024-01-17 14:47:00,3027,22.3526,22.335,22.39,22.39,22.335,45
2024-01-17 14:48:00,1102,22.3811,22.38,22.37,22.39,22.37,28
2024-01-17 14:49:00,1918,22.3569,22.36,22.35,22.37,22.35,58
2024-01-17 14:50:00,1241,22.315,22.335,22.3,22.335,22.295,43
2024-01-17 14:51:00,3221,22.3177,22.3,22.34,22.35,22.3,63
2024-01-17 14:52:00,3180,22.3109,22.32,22.305,22.32,22.3,51
2024-01-17 14:53:00,1426,22.3232,22.31,22.34,22.34,22.31,46
2024-01-17 14:54:00,1149,22.3529,22.35,22.365,22.365,22.35,31
2024-01-17 14:55:00,1349,22.3801,22.38,22.375,22.39,22.375,33
2024-01-17 14:56:00,1309,22.3669,22.37,22.37,22.37,22.3601,35
2024-01-17 14:57:00,1712,22.3719,22.37,22.37,22.38,22.37,41
2024-01-17 14:58:00,2198,22.3672,22.39,22.38,22.39,22.38,39
2024-01-17 14:59:00,1357,22.3863,22.37,22.4,22.4,22.37,33
2024-01-17 15:00:00,3079,22.3871,22.41,22.3701,22.41,22.3701,54
2024-01-17 15:01:00,2240,22.3746,22.37,22.375,22.385,22.365,54
2024-01-17 15:02:00,1652,22.3905,22.385,22.405,22.405,22.385,30
2024-01-17 15:03:00,1086,22.4177,22.415,22.425,22.425,22.415,19
2024-01-17 15:04:00,2506,22.4236,22.43,22.42,22.43,22.42,52
2024-01-17 15:05:00,1567,22.406,22.4,22.415,22.415,22.395,36
2024-01-17 15:06:00,1977,22.4199,22.42,22.42,22.425,22.42,54
2024-01-17 15:07:00,1687,22.4451,22.42,22.465,22.465,22.42,35
2024-01-17 15:08:00,1408,22.4685,22.4699,22.465,22.4699,22.465,11
2024-01-17 15:09:00,1912,22.4774,22.4699,22.48,22.4875,22.4699,44
2024-01-17 15:10:00,4198,22.4514,22.47,22.44,22.47,22.425,80
2024-01-17 15:11:00,1568,22.4402,22.44,22.435,22.45,22.435,28
2024-01-17 15:12:00,2387,22.4355,22.43,22.45,22.45,22.43,42
2024-01-17 15:13:00,598,22.4553,22.455,22.455,22.455,22.455,14
2024-01-17 15:14:00,2492,22.4685,22.46,22.47,22.48,22.455,55
2024-01-17 15:15:00,1465,22.454,22.46,22.455,22.46,22.445,26
2024-01-17 15:16:00,1963,22.4329,22.45,22.42,22.45,22.42,38
2024-01-17 15:17:00,335,22.414,22.415,22.41,22.415,22.41,8
2024-01-17 15:18:00,2844,22.412,22.415,22.43,22.43,22.405,52
2024-01-17 15:19:00,2917,22.4358,22.43,22.44,22.45,22.43,64
2024-01-17 15:20:00,376,22.4322,22.44,22.435,22.44,22.435,6
2024-01-17 15:21:00,2373,22.4489,22.44,22.445,22.455,22.44,53
2024-01-17 15:22:00,1346,22.4614,22.465,22.475,22.475,22.465,22
2024-01-17 15:23:00,630,22.4735,22.475,22.475,22.475,22.475,11
2024-01-17 15:24:00,866,22.4838,22.48,22.49,22.49,22.48,15
2024-01-17 15:25:00,907,22.4856,22.485,22.49,22.49,22.485,18
2024-01-17 15:26:00,4064,22.4991,22.48,22.52,22.52,22.48,73
2024-01-17 15:27:00,1964,22.5081,22.51,22.505,22.51,22.505,42
2024-01-17 15:28:00,1774,22.4983,22.5,22.5,22.5,22.495,27
2024-01-17 15:29:00,116,22.4991,22.5,22.5,22.5,22.5,7
2024-01-17 15:30:00,3707,22.5085,22.495,22.51,22.52,22.495,63
2024-01-17 15:31:00,4049,22.5096,22.52,22.51,22.52,22.5,64
2024-01-17 15:32:00,1510,22.5059,22.495,22.515,22.52,22.495,20
2024-01-17 15:33:00,813,22.5094,22.515,22.515,22.515,22.515,10
2024-01-17 15:34:00,764,22.5143,22.515,22.515,22.515,22.51,12
2024-01-17 15:35:00,2020,22.5202,22.52,22.5228,22.525,22.515,24
2024-01-17 15:36:00,566,22.5238,22.525,22.525,22.525,22.525,8
2024-01-17 15:37:00,6168,22.5432,22.525,22.56,22.56,22.525,90
2024-01-17 15:38:00,2924,22.558,22.56,22.5674,22.57,22.56,38
2024-01-17 15:39:00,2164,22.5747,22.57,22.58,22.58,22.57,31
2024-01-17 15:40:00,6220,22.5571,22.575,22.55,22.575,22.545,106
2024-01-17 15:41:00,2371,22.5483,22.55,22.55,22.55,22.54,42
2024-01-17 15:42:00,963,22.5435,22.545,22.54,22.545,22.54,14
2024-01-17 15:43:00,3826,22.5364,22.54,22.525,22.54,22.52,66
2024-01-17 15:44:00,2888,22.515,22.52,22.525,22.5251,22.5,58
2024-01-17 15:45:00,2114,22.521,22.52,22.52,22.525,22.52,37
2024-01-17 15:46:00,1689,22.5149,22.52,22.515,22.52,22.51,27
2024-01-17 15:47:00,3226,22.5245,22.51,22.53,22.535,22.51,64
2024-01-17 15:48:00,1505,22.5324,22.525,22.535,22.535,22.525,31
2024-01-17 15:49:00,5792,22.5351,22.54,22.54,22.545,22.53,90
2024-01-17 15:50:00,1137,22.5352,22.54,22.535,22.54,22.53,14
2024-01-17 15:51:00,970,22.5315,22.53,22.53,22.535,22.53,20
2024-01-17 15:52:00,1841,22.5149,22.52,22.505,22.52,22.505,28
2024-01-17 15:53:00,1978,22.5088,22.505,22.52,22.52,22.5,37
2024-01-17 15:54:00,1620,22.5128,22.515,22.51,22.515,22.51,35
2024-01-17 15:55:00,2073,22.5277,22.52,22.53,22.535,22.52,40
2024-01-17 15:56:00,1638,22.5292,22.535,22.525,22.535,22.52,33
2024-01-17 15:57:00,1267,22.5255,22.53,22.53,22.53,22.52,35
2024-01-17 15:58:00,2546,22.5204,22.52,22.525,22.525,22.515,35
2024-01-17 15:59:00,1755,22.5262,22.53,22.52,22.53,22.52,37
2024-01-17 16:00:00,2030,22.5363,22.525,22.54,22.54,22.525,26
2024-01-17 16:01:00,3475,22.5085,22.53,22.5,22.53,22.495,65
2024-01-17 16:02:00,1038,22.5021,22.5,22.5,22.505,22.5,21
2024-01-17 16:03:00,1752,22.5138,22.505,22.525,22.525,22.505,32
2024-01-17 16:04:00,1900,22.5292,22.53,22.525,22.53,22.525,30
2024-01-17 16:05:00,3111,22.5228,22.52,22.53,22.535,22.515,63
2024-01-17 16:06:00,788,22.5224,22.52,22.52,22.525,22.52,14
2024-01-17 16:07:00,659,22.5227,22.525,22.525,22.525,22.52,9
2024-01-17 16:08:00,3640,22.5299,22.53,22.53,22.535,22.525,63
2024-01-17 16:10:00,883,22.5306,22.525,22.53,22.535,22.525,13
2024-01-17 16:11:00,1220,22.5303,22.535,22.53,22.535,22.53,29
2024-01-17 16:12:00,2069,22.5297,22.53,22.535,22.535,22.525,31
2024-01-17 16:13:00,1274,22.5276,22.5301,22.525,22.5301,22.525,21
2024-01-17 16:14:00,3214,22.5265,22.52,22.52,22.53,22.52,51
2024-01-17 16:15:00,1574,22.5209,22.52,22.525,22.525,22.52,11
2024-01-17 16:16:00,2004,22.5148,22.52,22.505,22.52,22.505,37
2024-01-17 16:17:00,2073,22.4995,22.505,22.49,22.505,22.49,35
2024-01-17 16:18:00,5170,22.4993,22.49,22.505,22.515,22.49,81
2024-01-17 16:19:00,1043,22.5075,22.5,22.505,22.505,22.5,13
2024-01-17 16:20:00,1486,22.5047,22.505,22.51,22.51,22.5,13
2024-01-17 16:21:00,1375,22.5023,22.505,22.505,22.505,22.5,31
2024-01-17 16:22:00,1998,22.4904,22.5,22.48,22.5,22.48,40
2024-01-17 16:23:00,2911,22.4739,22.485,22.47,22.485,22.46,59
2024-01-17 16:24:00,1507,22.4769,22.475,22.46,22.48,22.46,30
2024-01-17 16:25:00,851,22.4565,22.46,22.455,22.46,22.45,20
2024-01-17 16:26:00,129,22.4558,22.455,22.455,22.455,22.455,6
2024-01-17 16:27:00,8098,22.4916,22.455,22.51,22.51,22.455,133
2024-01-17 16:28:00,5952,22.5014,22.51,22.48,22.51,22.48,99
2024-01-17 16:29:00,8855,22.4992,22.48,22.5,22.51,22.48,131
2024-01-17 16:30:00,1566,22.4903,22.495,22.485,22.5,22.48,28
2024-01-17 16:31:00,1436,22.485,22.485,22.485,22.485,22.485,19
2024-01-17 16:32:00,3913,22.4681,22.48,22.45,22.48,22.45,75
2024-01-17 16:33:00,5309,22.462,22.45,22.475,22.475,22.45,67
2024-01-17 16:34:00,4555,22.4884,22.475,22.475,22.5,22.475,72
2024-01-17 16:35:00,1494,22.4655,22.47,22.445,22.475,22.445,27
2024-01-17 16:36:00,1168,22.4488,22.44,22.45,22.45,22.44,12
2024-01-17 16:37:00,1126,22.4656,22.46,22.465,22.465,22.46,17
2024-01-17 16:38:00,300,22.465,22.465,22.465,22.465,22.465,13
2024-01-17 16:39:00,1780,22.4646,22.465,22.465,22.47,22.465,32
2024-01-17 16:40:00,205,22.462,22.4601,22.4601,22.4601,22.4601,5
2024-01-17 16:41:00,1688,22.4609,22.465,22.455,22.465,22.455,41
2024-01-17 16:42:00,733,22.4543,22.455,22.455,22.455,22.45,15
2024-01-17 16:43:00,587,22.4557,22.455,22.455,22.455,22.455,14
2024-01-17 16:44:00,2797,22.4669,22.46,22.475,22.475,22.455,50
2024-01-17 16:45:00,408,22.4712,22.47,22.47,22.47,22.47,5
2024-01-17 16:46:00,1823,22.4783,22.475,22.475,22.485,22.475,30
2024-01-17 16:47:00,2097,22.4718,22.47,22.48,22.48,22.47,45
2024-01-17 16:48:00,1216,22.4838,22.485,22.48,22.49,22.48,27
2024-01-17 16:49:00,205,22.4774,22.475,22.48,22.48,22.475,3
2024-01-17 16:50:00,4434,22.4674,22.475,22.475,22.475,22.46,44
2024-01-17 16:51:00,1051,22.4714,22.47,22.465,22.475,22.465,24
2024-01-17 16:52:00,788,22.4638,22.465,22.46,22.465,22.46,17
2024-01-17 16:53:00,2527,22.4619,22.465,22.45,22.465,22.45,37
2024-01-17 16:54:00,1128,22.4501,22.45,22.445,22.455,22.445,29
2024-01-17 16:55:00,1541,22.4487,22.445,22.445,22.45,22.445,27
2024-01-17 16:56:00,1797,22.4523,22.445,22.46,22.46,22.445,32
2024-01-17 16:57:00,1832,22.4598,22.455,22.465,22.4675,22.455,40
2024-01-17 16:58:00,1052,22.46,22.46,22.4601,22.4601,22.46,23
2024-01-17 16:59:00,182,22.4603,22.46,22.46,22.46,22.46,8
2024-01-17 17:00:00,615,22.4623,22.465,22.46,22.4675,22.46,8
2024-01-17 17:01:00,1992,22.4686,22.46,22.475,22.475,22.46,45
2024-01-17 17:02:00,682,22.4744,22.475,22.475,22.475,22.475,16
2024-01-17 17:03:00,358,22.4718,22.475,22.471,22.475,22.47,9
2024-01-17 17:04:00,4814,22.4773,22.475,22.48,22.48,22.475,70
2024-01-17 17:05:00,70356,22.4968,22.49,22.55,22.55,22.485,73
2024-01-17 17:06:00,3383,22.5654,22.57,22.56,22.57,22.555,58
2024-01-17 17:07:00,4551,22.5881,22.57,22.595,22.605,22.57,62
2024-01-17 17:08:00,2046,22.5899,22.595,22.58,22.595,22.58,29
2024-01-17 17:09:00,2122,22.5745,22.58,22.57,22.58,22.57,45
2024-01-17 17:10:00,3287,22.5611,22.565,22.55,22.565,22.55,36
2024-01-17 17:11:00,4606,22.5474,22.555,22.53,22.56,22.53,86
2024-01-17 17:12:00,1773,22.529,22.52,22.535,22.535,22.52,29
2024-01-17 17:13:00,2542,22.5291,22.53,22.52,22.535,22.52,22
2024-01-17 17:14:00,2585,22.5258,22.52,22.515,22.535,22.515,41
2024-01-17 17:15:00,1288,22.5258,22.515,22.535,22.535,22.515,16
2024-01-17 17:16:00,806,22.5312,22.535,22.53,22.535,22.53,18
2024-01-17 17:17:00,5114,22.5398,22.53,22.54,22.55,22.53,67
2024-01-17 17:18:00,4480,22.5368,22.54,22.545,22.555,22.53,67
2024-01-17 17:19:00,690,22.5462,22.545,22.545,22.55,22.545,15
2024-01-17 17:20:00,2316,22.5452,22.54,22.55,22.55,22.54,44
2024-01-17 17:22:00,2174,22.5371,22.54,22.53,22.54,22.53,39
2024-01-17 17:23:00,5080,22.5445,22.54,22.56,22.56,22.535,85
2024-01-17 17:24:00,2213,22.5603,22.565,22.56,22.565,22.56,22
2024-01-17 17:25:00,528,22.5587,22.561,22.561,22.561,22.561,11
2024-01-17 17:26:00,1392,22.5706,22.565,22.58,22.58,22.565,31
2024-01-17 17:27:00,913,22.5733,22.57,22.575,22.575,22.57,15
2024-01-17 17:28:00,937,22.5736,22.58,22.58,22.58,22.57,23
2024-01-17 17:29:00,1638,22.5924,22.585,22.615,22.615,22.585,41
2024-01-17 17:30:00,244,22.603,22.62,22.62,22.62,22.62,7
2024-01-17 17:31:00,4107,22.6048,22.615,22.6,22.615,22.6,69
2024-01-17 17:32:00,127,22.601,22.6,22.6,22.6,22.6,4
2024-01-17 17:34:00,1914,22.6093,22.605,22.615,22.62,22.605,31
2024-01-17 17:35:00,3855,22.5963,22.61,22.585,22.61,22.585,59
2024-01-17 17:36:00,2502,22.571,22.57,22.57,22.575,22.57,32
2024-01-17 17:37:00,968,22.5647,22.565,22.56,22.565,22.56,17
2024-01-17 17:38:00,3942,22.541,22.55,22.54,22.55,22.525,50
2024-01-17 17:39:00,1137,22.5484,22.545,22.545,22.55,22.545,26
2024-01-17 17:40:00,1208,22.5484,22.54,22.555,22.555,22.54,26
2024-01-17 17:42:00,5499,22.5572,22.56,22.55,22.56,22.55,79
2024-01-17 17:43:00,4756,22.5525,22.555,22.54,22.56,22.54,72
2024-01-17 17:44:00,1513,22.5506,22.55,22.5525,22.5525,22.55,25
2024-01-17 17:45:00,2030,22.55,22.555,22.55,22.555,22.545,21
2024-01-17 17:47:00,984,22.5538,22.56,22.555,22.56,22.555,13
2024-01-17 17:48:00,6079,22.5582,22.555,22.565,22.565,22.55,86
2024-01-17 17:49:00,5364,22.5707,22.57,22.575,22.5825,22.56,62
2024-01-17 17:50:00,3542,22.5705,22.575,22.575,22.58,22.56,56
2024-01-17 17:51:00,306,22.5711,22.57,22.57,22.57,22.57,9
2024-01-17 17:52:00,357,22.5653,22.565,22.565,22.565,22.565,14
2024-01-17 17:53:00,3053,22.571,22.57,22.58,22.58,22.56,60
2024-01-17 17:54:00,1092,22.5753,22.58,22.575,22.58,22.575,17
2024-01-17 17:55:00,134,22.5747,22.575,22.575,22.575,22.575,6
2024-01-17 17:56:00,699,22.5748,22.575,22.575,22.575,22.5741,14
2024-01-17 17:57:00,5948,22.5666,22.575,22.56,22.575,22.555,91
2024-01-17 17:58:00,1333,22.5541,22.5525,22.555,22.555,22.5525,16
2024-01-17 17:59:00,2689,22.5552,22.55,22.56,22.56,22.55,40
2024-01-17 18:00:00,969,22.5656,22.5688,22.565,22.5688,22.565,13
2024-01-17 18:01:00,1968,22.5581,22.56,22.555,22.56,22.55,26
2024-01-17 18:02:00,1916,22.5598,22.56,22.565,22.565,22.56,31
2024-01-17 18:03:00,119,22.5645,22.565,22.565,22.565,22.565,12
2024-01-17 18:04:00,1109,22.563,22.565,22.57,22.57,22.56,30
2024-01-17 18:05:00,2658,22.5693,22.57,22.575,22.575,22.56,48
2024-01-17 18:06:00,5396,22.5618,22.57,22.555,22.57,22.555,84
2024-01-17 18:07:00,747,22.555,22.555,22.555,22.555,22.555,18
2024-01-17 18:08:00,317,22.5551,22.555,22.555,22.555,22.555,15
2024-01-17 18:09:00,3282,22.5578,22.55,22.565,22.565,22.55,53
2024-01-17 18:11:00,1793,22.5588,22.56,22.555,22.56,22.555,32
2024-01-17 18:12:00,5350,22.5582,22.55,22.56,22.565,22.55,76
2024-01-17 18:13:00,1204,22.5502,22.55,22.55,22.55,22.55,26
2024-01-17 18:14:00,1263,22.5501,22.55,22.55,22.55,22.55,22
2024-01-17 18:15:00,2497,22.5331,22.54,22.51,22.545,22.51,43
2024-01-17 18:16:00,2400,22.5124,22.51,22.52,22.52,22.51,49
2024-01-17 18:17:00,407,22.525,22.525,22.525,22.525,22.525,11
2024-01-17 18:18:00,183,22.5256,22.525,22.525,22.525,22.525,12
2024-01-17 18:19:00,2992,22.5294,22.53,22.53,22.535,22.53,53
2024-01-17 18:20:00,1083,22.5242,22.525,22.52,22.525,22.52,17
2024-01-17 18:21:00,5356,22.5228,22.525,22.53,22.53,22.52,80
2024-01-17 18:22:00,1931,22.5432,22.545,22.54,22.546,22.54,24
2024-01-17 18:23:00,2556,22.5303,22.54,22.52,22.54,22.52,34
2024-01-17 18:24:00,1669,22.537,22.525,22.555,22.555,22.525,38
2024-01-17 18:25:00,236,22.56,22.56,22.56,22.56,22.56,5
2024-01-17 18:26:00,1835,22.5591,22.555,22.57,22.57,22.555,41
2024-01-17 18:27:00,306,22.5918,22.585,22.585,22.585,22.585,10
2024-01-17 18:28:00,1059,22.5884,22.59,22.585,22.59,22.585,22
2024-01-17 18:29:00,1658,22.5809,22.58,22.585,22.59,22.58,26
2024-01-17 18:30:00,469,22.585,22.585,22.585,22.585,22.585,10
2024-01-17 18:31:00,2549,22.5904,22.59,22.595,22.595,22.59,30
2024-01-17 18:32:00,1492,22.5889,22.59,22.58,22.59,22.58,31
2024-01-17 18:34:00,1176,22.5933,22.585,22.61,22.61,22.585,21
2024-01-17 18:35:00,861,22.6127,22.61,22.62,22.62,22.61,15
2024-01-17 18:36:00,3410,22.611,22.62,22.61,22.62,22.61,45
2024-01-17 18:37:00,1521,22.6127,22.6093,22.61,22.61,22.6093,30
2024-01-17 18:38:00,1898,22.6168,22.62,22.62,22.62,22.62,32
2024-01-17 18:40:00,483,22.6176,22.615,22.615,22.615,22.615,14
2024-01-17 18:41:00,8397,22.6171,22.615,22.605,22.625,22.605,115
2024-01-17 18:42:00,335,22.6041,22.6,22.6,22.6,22.6,8
2024-01-17 18:43:00,2598,22.5975,22.6,22.595,22.6,22.59,40
2024-01-17 18:44:00,10439,22.5949,22.595,22.6,22.6,22.59,52
2024-01-17 18:45:00,2988,22.591,22.595,22.59,22.595,22.59,14
2024-01-17 18:46:00,2592,22.5898,22.59,22.59,22.59,22.59,42
2024-01-17 18:47:00,2395,22.5772,22.58,22.56,22.58,22.56,36
2024-01-17 18:48:00,2589,22.5728,22.56,22.575,22.575,22.56,42
2024-01-17 18:49:00,706,22.5639,22.57,22.56,22.57,22.56,13
2024-01-17 18:50:00,2073,22.5731,22.565,22.58,22.58,22.565,51
2024-01-17 18:51:00,1870,22.5966,22.59,22.605,22.61,22.59,38
2024-01-17 18:52:00,2407,22.6125,22.605,22.62,22.62,22.605,40
2024-01-17 18:53:00,1265,22.6425,22.63,22.655,22.655,22.63,32
2024-01-17 18:54:00,643,22.6558,22.655,22.655,22.655,22.655,9
2024-01-17 18:55:00,4283,22.6481,22.66,22.645,22.66,22.645,41
2024-01-17 18:56:00,202,22.645,22.645,22.645,22.645,22.645,6
2024-01-17 18:57:00,5037,22.6465,22.645,22.65,22.65,22.645,34
2024-01-17 18:58:00,1973,22.6589,22.655,22.66,22.66,22.655,48
2024-01-17 18:59:00,237,22.6658,22.665,22.665,22.665,22.665,10
2024-01-17 19:00:00,2882,22.6598,22.665,22.655,22.665,22.655,32
2024-01-17 19:01:00,2091,22.6644,22.66,22.68,22.68,22.66,65
2024-01-17 19:02:00,2981,22.6868,22.68,22.695,22.695,22.68,51
2024-01-17 19:03:00,540,22.6965,22.7,22.695,22.7,22.695,10
2024-01-17 19:04:00,2272,22.6991,22.695,22.7,22.7,22.695,37
2024-01-17 19:05:00,550,22.7068,22.705,22.705,22.705,22.705,17
2024-01-17 19:06:00,1786,22.7006,22.7001,22.705,22.705,22.7001,12
2024-01-17 19:07:00,8455,22.6942,22.705,22.685,22.705,22.685,96
2024-01-17 19:08:00,6214,22.6653,22.68,22.66,22.68,22.655,85
2024-01-17 19:09:00,1090,22.6549,22.66,22.65,22.66,22.65,13
2024-01-17 19:10:00,1681,22.6564,22.66,22.65,22.66,22.65,33
2024-01-17 19:11:00,947,22.6577,22.655,22.65,22.655,22.65,7
2024-01-17 19:12:00,2511,22.6595,22.655,22.655,22.665,22.655,39
2024-01-17 19:14:00,3323,22.6456,22.65,22.64,22.65,22.63,56
2024-01-17 19:15:00,874,22.6373,22.64,22.635,22.64,22.635,17
2024-01-17 19:16:00,493,22.6376,22.64,22.64,22.64,22.64,23
2024-01-17 19:17:00,1461,22.6491,22.645,22.65,22.65,22.645,37
2024-01-17 19:18:00,486,22.6506,22.6522,22.6522,22.6522,22.6522,8
2024-01-17 19:19:00,789,22.6539,22.655,22.655,22.655,22.65,15
2024-01-17 19:20:00,1519,22.648,22.65,22.6451,22.65,22.645,31
2024-01-17 19:21:00,2987,22.6502,22.645,22.65,22.655,22.645,58
2024-01-17 19:22:00,919,22.6461,22.645,22.645,22.645,22.645,13
2024-01-17 19:23:00,1949,22.6402,22.645,22.63,22.645,22.63,37
2024-01-17 19:24:00,1944,22.64,22.6338,22.64,22.64,22.6338,63
2024-01-17 19:25:00,1165,22.6501,22.65,22.65,22.65,22.65,21
2024-01-17 19:26:00,1841,22.6559,22.655,22.66,22.66,22.655,27
2024-01-17 19:27:00,1796,22.6485,22.655,22.645,22.655,22.645,35
2024-01-17 19:28:00,3001,22.6388,22.64,22.635,22.6425,22.63,46
2024-01-17 19:29:00,564,22.6347,22.635,22.635,22.635,22.635,10
2024-01-17 19:30:00,1714,22.6349,22.635,22.635,22.635,22.635,19
2024-01-17 19:31:00,2833,22.6229,22.63,22.615,22.63,22.61,39
2024-01-17 19:32:00,2445,22.6097,22.615,22.605,22.615,22.605,44
2024-01-17 19:33:00,19863,22.6182,22.605,22.62,22.63,22.605,188
2024-01-17 19:34:00,2488,22.6107,22.62,22.605,22.62,22.605,39
2024-01-17 19:35:00,5018,22.6065,22.605,22.605,22.61,22.6,52
2024-01-17 19:36:00,6831,22.5985,22.605,22.595,22.605,22.595,79
2024-01-17 19:37:00,1223,22.5961,22.595,22.595,22.5953,22.595,17
2024-01-17 19:38:00,637,22.5964,22.595,22.5975,22.6,22.595,13
2024-01-17 19:39:00,4336,22.5882,22.595,22.58,22.6,22.58,49
2024-01-17 19:40:00,1189,22.5763,22.58,22.575,22.58,22.57,22
2024-01-17 19:41:00,2549,22.5622,22.57,22.555,22.57,22.555,29
2024-01-17 19:42:00,868,22.5584,22.56,22.56,22.56,22.55,21
2024-01-17 19:43:00,2574,22.5417,22.55,22.525,22.555,22.525,53
2024-01-17 19:44:00,5530,22.5413,22.525,22.545,22.55,22.525,92
2024-01-17 19:45:00,1753,22.5443,22.545,22.54,22.545,22.54,25
2024-01-17 19:46:00,784,22.5427,22.54,22.54,22.54,22.54,9
2024-01-17 19:47:00,1083,22.5444,22.545,22.545,22.545,22.545,20
2024-01-17 19:48:00,4096,22.5547,22.545,22.565,22.565,22.545,59
2024-01-17 19:49:00,7013,22.5573,22.56,22.5426,22.56,22.5426,94
2024-01-17 19:50:00,3207,22.5594,22.55,22.57,22.5775,22.55,44
2024-01-17 19:51:00,7489,22.5676,22.57,22.565,22.57,22.56,80
2024-01-17 19:52:00,1847,22.5653,22.565,22.565,22.57,22.565,21
2024-01-17 19:53:00,726,22.5659,22.565,22.565,22.565,22.565,8
2024-01-17 19:54:00,1227,22.5642,22.56,22.565,22.565,22.56,26
2024-01-17 19:55:00,1503,22.5653,22.565,22.565,22.565,22.565,21
2024-01-17 19:56:00,8719,22.5675,22.56,22.595,22.595,22.555,139
2024-01-17 19:57:00,3516,22.5921,22.6,22.595,22.6,22.595,49
2024-01-17 19:58:00,1699,22.5978,22.6,22.6,22.6,22.6,33
2024-01-17 19:59:00,3359,22.5915,22.595,22.585,22.595,22.585,53
2024-01-17 20:00:00,2543,22.5788,22.585,22.575,22.585,22.57,36
2024-01-17 20:02:00,5187,22.5625,22.57,22.55,22.57,22.55,75
2024-01-17 20:03:00,2604,22.5444,22.55,22.53,22.55,22.53,45
2024-01-17 20:04:00,5175,22.5351,22.525,22.555,22.555,22.525,98
2024-01-17 20:05:00,12446,22.5654,22.555,22.55,22.58,22.55,129
2024-01-17 20:06:00,3872,22.5476,22.55,22.555,22.555,22.545,49
2024-01-17 20:07:00,672,22.5549,22.555,22.555,22.555,22.555,10
2024-01-17 20:08:00,4981,22.5437,22.55,22.54,22.55,22.54,52
2024-01-17 20:09:00,1007,22.5451,22.545,22.54,22.5451,22.54,15
2024-01-17 20:10:00,5293,22.5481,22.545,22.55,22.55,22.54,72
2024-01-17 20:11:00,1668,22.5451,22.545,22.545,22.545,22.545,11
2024-01-17 20:12:00,1421,22.5454,22.545,22.545,22.545,22.545,44
2024-01-17 20:13:00,664,22.5452,22.545,22.545,22.545,22.545,19
2024-01-17 20:14:00,2821,22.5391,22.545,22.535,22.545,22.535,44
2024-01-17 20:15:00,4253,22.5517,22.54,22.57,22.57,22.54,85
2024-01-17 20:16:00,1320,22.5753,22.57,22.585,22.585,22.565,32
2024-01-17 20:17:00,4736,22.572,22.58,22.565,22.58,22.56,50
2024-01-17 20:18:00,1612,22.5713,22.57,22.575,22.575,22.57,29
2024-01-17 20:19:00,2088,22.5717,22.575,22.57,22.575,22.57,35
2024-01-17 20:20:00,5440,22.5711,22.57,22.575,22.58,22.565,81
2024-01-17 20:21:00,2100,22.5747,22.575,22.575,22.575,22.575,14
2024-01-17 20:22:00,6340,22.5724,22.575,22.58,22.58,22.57,79
2024-01-17 20:23:00,8813,22.5654,22.575,22.555,22.575,22.555,97
2024-01-17 20:24:00,2586,22.5601,22.555,22.57,22.57,22.555,36
2024-01-17 20:25:00,2557,22.5652,22.57,22.565,22.57,22.565,20
2024-01-17 20:26:00,2903,22.5535,22.56,22.54,22.56,22.54,59
2024-01-17 20:27:00,681,22.5488,22.545,22.545,22.545,22.545,16
2024-01-17 20:28:00,3325,22.5597,22.55,22.575,22.575,22.55,72
2024-01-17 20:29:00,1920,22.5628,22.575,22.56,22.575,22.56,36
2024-01-17 20:30:00,2703,22.5429,22.55,22.535,22.55,22.535,37
2024-01-17 20:31:00,9704,22.5353,22.54,22.525,22.54,22.52,107
2024-01-17 20:32:00,3034,22.5353,22.525,22.545,22.545,22.525,47
2024-01-17 20:33:00,3073,22.5378,22.545,22.54,22.545,22.535,44
2024-01-17 20:34:00,2390,22.5354,22.535,22.535,22.54,22.53,32
2024-01-17 20:35:00,3023,22.5367,22.54,22.535,22.54,22.53,37
2024-01-17 20:36:00,6755,22.5441,22.54,22.55,22.55,22.54,61
2024-01-17 20:37:00,5101,22.5475,22.545,22.555,22.555,22.54,60
2024-01-17 20:38:00,3055,22.5607,22.555,22.565,22.57,22.55,38
2024-01-17 20:39:00,1486,22.5636,22.57,22.565,22.57,22.565,23
2024-01-17 20:40:00,7503,22.5581,22.565,22.55,22.565,22.55,63
2024-01-17 20:41:00,13289,22.5524,22.56,22.54,22.56,22.54,139
2024-01-17 20:42:00,11854,22.5406,22.54,22.545,22.55,22.53,126
2024-01-17 20:43:00,6745,22.5493,22.545,22.57,22.57,22.54,94
2024-01-17 20:44:00,3843,22.5685,22.565,22.57,22.575,22.56,68
2024-01-17 20:45:00,10639,22.5838,22.58,22.585,22.595,22.5716,100
2024-01-17 20:46:00,7870,22.5784,22.585,22.58,22.59,22.575,88
2024-01-17 20:47:00,6599,22.5785,22.575,22.585,22.585,22.5725,57
2024-01-17 20:48:00,11449,22.5844,22.59,22.58,22.59,22.58,97
2024-01-17 20:49:00,20103,22.583,22.59,22.575,22.59,22.57,174
2024-01-17 20:50:00,29582,22.5637,22.57,22.575,22.58,22.54,245
2024-01-17 20:51:00,5313,22.5646,22.57,22.555,22.57,22.555,81
2024-01-17 20:52:00,11148,22.564,22.555,22.565,22.57,22.555,101
2024-01-17 20:53:00,9401,22.5622,22.565,22.56,22.565,22.55,114
2024-01-17 20:54:00,26751,22.5664,22.56,22.56,22.58,22.56,263
2024-01-17 20:55:00,15167,22.561,22.55,22.565,22.57,22.55,172
2024-01-17 20:56:00,19068,22.5663,22.565,22.565,22.57,22.56,145
2024-01-17 20:57:00,20662,22.5607,22.56,22.555,22.57,22.55,191
2024-01-17 20:58:00,20072,22.5497,22.555,22.545,22.555,22.54,197
2024-01-17 20:59:00,53249,22.5399,22.54,22.54,22.55,22.53,633
2024-01-17 21:00:00,2682,22.54,22.54,22.54,22.54,22.54,9
2024-01-18 14:03:00,100,22.1145,22.1145,22.1145,22.1145,22.1145,1
2024-01-18 14:30:00,12511,22.4678,22.47,22.42,22.47,22.42,17
2024-01-18 14:31:00,2094,22.2295,22.33,22.155,22.34,22.15,85
2024-01-18 14:32:00,1557,22.1692,22.16,22.15,22.19,22.15,53
2024-01-18 14:33:00,5009,22.0265,22.12,21.99,22.12,21.99,76
2024-01-18 14:34:00,10272,22.0034,22.0,22.06,22.07,21.96,124
2024-01-18 14:35:00,1449,22.0363,22.07,22.02,22.07,22.02,34
2024-01-18 14:36:00,3000,22.0379,22.0299,22.06,22.06,22.01,36
2024-01-18 14:37:00,1181,22.1077,22.09,22.14,22.14,22.09,26
2024-01-18 14:38:00,2375,22.1547,22.1597,22.16,22.16,22.145,23
2024-01-18 14:39:00,1961,22.1746,22.17,22.18,22.18,22.16,28
2024-01-18 14:40:00,1932,22.1804,22.19,22.2,22.205,22.17,38
2024-01-18 14:41:00,2172,22.1495,22.18,22.14,22.18,22.14,45
2024-01-18 14:42:00,2582,22.1441,22.15,22.135,22.16,22.13,51
2024-01-18 14:43:00,4179,22.1257,22.125,22.13,22.14,22.11,73
2024-01-18 14:44:00,3634,22.127,22.135,22.11,22.14,22.11,62
2024-01-18 14:45:00,2296,22.1047,22.1,22.12,22.12,22.08,40
2024-01-18 14:46:00,3341,22.1359,22.13,22.15,22.15,22.125,67
2024-01-18 14:47:00,2258,22.1731,22.155,22.19,22.19,22.155,48
2024-01-18 14:48:00,1370,22.1645,22.175,22.155,22.175,22.155,29
2024-01-18 14:49:00,3298,22.1648,22.155,22.19,22.19,22.1467,55
2024-01-18 14:50:00,5888,22.2215,22.2,22.22,22.235,22.2,82
2024-01-18 14:51:00,1725,22.2258,22.21,22.245,22.245,22.21,31
2024-01-18 14:52:00,1865,22.2188,22.24,22.21,22.24,22.2,48
2024-01-18 14:53:00,1765,22.2177,22.2,22.245,22.245,22.2,39
2024-01-18 14:54:00,1015,22.2549,22.25,22.26,22.26,22.245,20
2024-01-18 14:55:00,1319,22.2674,22.26,22.275,22.275,22.255,32
2024-01-18 14:56:00,2192,22.2691,22.275,22.27,22.275,22.265,26
2024-01-18 14:57:00,1260,22.2799,22.285,22.28,22.285,22.28,30
2024-01-18 14:58:00,2921,22.2792,22.28,22.3,22.3,22.27,58
2024-01-18 14:59:00,1073,22.3091,22.305,22.305,22.31,22.305,31
2024-01-18 15:00:00,2992,22.3175,22.31,22.3107,22.33,22.305,33
2024-01-18 15:01:00,2611,22.2965,22.305,22.29,22.305,22.29,52
2024-01-18 15:02:00,2061,22.2981,22.3,22.285,22.305,22.285,50
2024-01-18 15:03:00,1821,22.3015,22.29,22.315,22.315,22.29,40
2024-01-18 15:04:00,2045,22.2901,22.315,22.285,22.315,22.28,69
2024-01-18 15:05:00,1297,22.2818,22.29,22.2766,22.29,22.265,32
2024-01-18 15:06:00,1755,22.2751,22.285,22.27,22.285,22.27,43
2024-01-18 15:07:00,1920,22.2739,22.27,22.265,22.285,22.265,38
2024-01-18 15:08:00,1754,22.2485,22.26,22.24,22.26,22.235,36
2024-01-18 15:09:00,1976,22.2696,22.25,22.28,22.28,22.25,42
2024-01-18 15:10:00,1112,22.2656,22.275,22.265,22.275,22.26,25
2024-01-18 15:11:00,103,22.26,22.26,22.26,22.26,22.26,3
2024-01-18 15:12:00,502,22.2613,22.26,22.265,22.265,22.26,21
2024-01-18 15:13:00,2694,22.2704,22.265,22.2713,22.2713,22.265,66
2024-01-18 15:14:00,4441,22.271,22.275,22.28,22.28,22.265,79
2024-01-18 15:15:00,1672,22.2741,22.28,22.27,22.28,22.27,28
2024-01-18 15:16:00,1108,22.2707,22.27,22.27,22.27,22.27,27
2024-01-18 15:17:00,1244,22.2781,22.29,22.27,22.29,22.27,32
2024-01-18 15:18:00,1190,22.2685,22.27,22.265,22.27,22.265,27
2024-01-18 15:19:00,3165,22.2588,22.27,22.26,22.27,22.25,75
2024-01-18 15:20:00,2396,22.2642,22.26,22.27,22.275,22.255,44
2024-01-18 15:21:00,3250,22.2711,22.27,22.26,22.28,22.255,69
2024-01-18 15:22:00,786,22.2528,22.255,22.26,22.26,22.245,24
2024-01-18 15:23:00,1032,22.2511,22.265,22.24,22.265,22.24,28
2024-01-18 15:25:00,2652,22.23,22.23,22.235,22.235,22.22,59
2024-01-18 15:26:00,1779,22.2401,22.235,22.25,22.25,22.23,45
2024-01-18 15:27:00,150,22.2521,22.25,22.25,22.25,22.25,11
2024-01-18 15:28:00,637,22.2594,22.26,22.26,22.26,22.26,27
2024-01-18 15:29:00,3556,22.2604,22.26,22.26,22.2675,22.255,70
2024-01-18 15:30:00,1868,22.2582,22.26,22.26,22.26,22.256,42
2024-01-18 15:31:00,2453,22.2727,22.27,22.27,22.285,22.27,61
2024-01-18 15:32:00,3742,22.2699,22.26,22.28,22.285,22.26,74
2024-01-18 15:33:00,978,22.2701,22.27,22.2701,22.2701,22.27,28
2024-01-18 15:34:00,859,22.26,22.26,22.26,22.26,22.26,24
2024-01-18 15:35:00,2567,22.2655,22.26,22.27,22.27,22.26,31
2024-01-18 15:36:00,584,22.2763,22.275,22.275,22.275,22.275,23
2024-01-18 15:37:00,3380,22.2657,22.27,22.275,22.275,22.255,81
2024-01-18 15:38:00,139,22.2755,22.275,22.275,22.275,22.275,8
2024-01-18 15:39:00,640,22.2732,22.275,22.2775,22.2775,22.275,23
2024-01-18 15:40:00,856,22.2741,22.27,22.28,22.28,22.27,27
2024-01-18 15:41:00,408,22.2754,22.275,22.275,22.275,22.275,14
2024-01-18 15:42:00,1420,22.2692,22.2787,22.265,22.2787,22.265,39
2024-01-18 15:43:00,1145,22.2696,22.265,22.27,22.27,22.265,33
2024-01-18 15:44:00,379,22.2743,22.275,22.2725,22.2775,22.2725,11
2024-01-18 15:45:00,2646,22.2698,22.275,22.275,22.275,22.265,72
2024-01-18 15:46:00,2505,22.2541,22.26,22.25,22.26,22.25,60
2024-01-18 15:47:00,1450,22.2489,22.25,22.25,22.25,22.25,40
2024-01-18 15:48:00,1083,22.2508,22.25,22.245,22.255,22.245,25
2024-01-18 15:49:00,3518,22.2642,22.25,22.275,22.275,22.25,61
2024-01-18 15:50:00,2292,22.2734,22.28,22.265,22.285,22.265,55
2024-01-18 15:51:00,3158,22.2673,22.26,22.285,22.285,22.255,75
2024-01-18 15:52:00,3238,22.2919,22.29,22.305,22.305,22.285,55
2024-01-18 15:54:00,1622,22.2944,22.3,22.285,22.3,22.285,55
2024-01-18 15:55:00,1147,22.2724,22.285,22.2699,22.285,22.2699,47
2024-01-18 15:56:00,2475,22.2557,22.25,22.275,22.275,22.25,56
2024-01-18 15:57:00,497,22.2729,22.27,22.275,22.275,22.27,18
2024-01-18 15:58:00,2382,22.2658,22.27,22.27,22.27,22.26,76
2024-01-18 15:59:00,12622,22.2965,22.27,22.305,22.32,22.27,161
2024-01-18 16:00:00,1121,22.2995,22.3,22.295,22.3,22.295,43
2024-01-18 16:03:00,2886,22.2943,22.3,22.285,22.3,22.285,80
2024-01-18 16:04:00,2010,22.2651,22.28,22.26,22.28,22.26,75
2024-01-18 16:06:00,1859,22.2533,22.255,22.259,22.26,22.25,53
2024-01-18 16:07:00,877,22.2616,22.265,22.255,22.265,22.255,32
2024-01-18 16:08:00,963,22.2587,22.255,22.26,22.26,22.255,28
2024-01-18 16:09:00,1133,22.2659,22.26,22.275,22.275,22.26,27
2024-01-18 16:10:00,2856,22.2803,22.28,22.28,22.285,22.275,60
2024-01-18 16:11:00,539,22.2841,22.29,22.29,22.29,22.29,15
2024-01-18 16:12:00,866,22.2998,22.3,22.3,22.3,22.3,31
2024-01-18 16:13:00,484,22.2854,22.295,22.295,22.295,22.295,21
2024-01-18 16:14:00,949,22.2995,22.295,22.305,22.305,22.295,23
2024-01-18 16:15:00,3028,22.3008,22.3,22.305,22.305,22.3,60
2024-01-18 16:16:00,834,22.2986,22.3,22.29,22.3,22.29,34
2024-01-18 16:17:00,262,22.2966,22.295,22.295,22.295,22.295,15
2024-01-18 16:18:00,1558,22.2887,22.29,22.285,22.29,22.285,41
2024-01-18 16:19:00,1582,22.2922,22.29,22.3,22.3,22.29,45
2024-01-18 16:21:00,768,22.3016,22.3,22.305,22.305,22.3,21
2024-01-18 16:23:00,347,22.306,22.305,22.305,22.305,22.305,19
2024-01-18 16:24:00,1804,22.312,22.31,22.315,22.315,22.31,47
2024-01-18 16:25:00,3919,22.335,22.315,22.355,22.355,22.315,83
2024-01-18 16:26:00,2472,22.3492,22.355,22.35,22.355,22.345,54
2024-01-18 16:27:00,3046,22.3416,22.35,22.345,22.35,22.33,72
2024-01-18 16:28:00,3855,22.3576,22.35,22.365,22.365,22.35,50
2024-01-18 16:29:00,6192,22.3784,22.37,22.385,22.39,22.365,99
2024-01-18 16:30:00,2069,22.358,22.39,22.34,22.39,22.34,65
2024-01-18 16:31:00,260,22.3428,22.34,22.34,22.34,22.34,7
2024-01-18 16:32:00,1576,22.3481,22.35,22.345,22.35,22.345,32
2024-01-18 16:34:00,511,22.3452,22.35,22.34,22.35,22.34,7
2024-01-18 16:35:00,272,22.3426,22.345,22.34,22.345,22.34,16
2024-01-18 16:36:00,3281,22.3433,22.345,22.35,22.35,22.34,79
2024-01-18 16:37:00,1443,22.3602,22.355,22.365,22.365,22.355,27
2024-01-18 16:38:00,4591,22.364,22.36,22.38,22.38,22.36,82
2024-01-18 16:39:00,1456,22.3694,22.375,22.37,22.375,22.365,41
2024-01-18 16:41:00,1727,22.3538,22.36,22.335,22.36,22.335,62
2024-01-18 16:42:00,1472,22.3405,22.34,22.34,22.34,22.34,36
2024-01-18 16:43:00,1012,22.3388,22.34,22.34,22.34,22.33,34
2024-01-18 16:44:00,2145,22.3404,22.34,22.34,22.34,22.34,45
2024-01-18 16:45:00,3503,22.3281,22.34,22.32,22.34,22.32,71
2024-01-18 16:47:00,2737,22.3094,22.31,22.315,22.315,22.305,47
2024-01-18 16:48:00,2729,22.3252,22.315,22.325,22.335,22.315,80
2024-01-18 16:49:00,321,22.3228,22.32,22.32,22.32,22.32,10
2024-01-18 16:50:00,650,22.3252,22.325,22.325,22.325,22.325,14
2024-01-18 16:51:00,2553,22.3295,22.325,22.34,22.34,22.325,42
2024-01-18 16:52:00,4284,22.3404,22.34,22.345,22.345,22.34,82
2024-01-18 16:53:00,2868,22.3345,22.34,22.33,22.34,22.33,71
2024-01-18 16:54:00,957,22.3296,22.33,22.33,22.33,22.33,34
2024-01-18 16:55:00,1623,22.3304,22.33,22.33,22.335,22.33,39
2024-01-18 16:56:00,2610,22.3333,22.325,22.34,22.345,22.325,51
2024-01-18 16:57:00,1832,22.3398,22.34,22.34,22.34,22.335,38
2024-01-18 16:58:00,1630,22.3468,22.35,22.345,22.35,22.345,50
2024-01-18 16:59:00,1635,22.3334,22.34,22.315,22.34,22.315,49
2024-01-18 17:00:00,1980,22.3105,22.31,22.31,22.315,22.31,50
2024-01-18 17:01:00,1121,22.3084,22.31,22.3,22.31,22.3,34
2024-01-18 17:02:00,5084,22.3185,22.3,22.33,22.33,22.3,91
2024-01-18 17:03:00,2050,22.3267,22.33,22.33,22.33,22.32,45
2024-01-18 17:04:00,1521,22.3227,22.33,22.32,22.33,22.32,49
2024-01-18 17:05:00,337,22.3105,22.31,22.31,22.31,22.31,9
2024-01-18 17:07:00,748,22.3149,22.315,22.315,22.315,22.315,13
2024-01-18 17:08:00,3393,22.3103,22.32,22.3,22.32,22.3,75
2024-01-18 17:09:00,3147,22.3102,22.305,22.31,22.315,22.305,66
2024-01-18 17:10:00,165,22.3154,22.315,22.315,22.315,22.315,10
2024-01-18 17:11:00,2581,22.3103,22.31,22.315,22.315,22.31,45
2024-01-18 17:12:00,2090,22.3079,22.31,22.305,22.31,22.3,52
2024-01-18 17:13:00,4712,22.3197,22.3,22.335,22.335,22.3,86
2024-01-18 17:14:00,2433,22.3588,22.34,22.38,22.38,22.34,46
2024-01-18 17:15:00,1238,22.3905,22.38,22.4,22.4,22.38,30
2024-01-18 17:16:00,439,22.3823,22.395,22.395,22.395,22.395,14
2024-01-18 17:17:00,8652,22.403,22.4,22.395,22.42,22.395,162
2024-01-18 17:18:00,1576,22.382,22.39,22.38,22.39,22.375,39
2024-01-18 17:19:00,1029,22.3784,22.38,22.375,22.38,22.375,30
2024-01-18 17:20:00,3147,22.3738,22.375,22.36,22.38,22.36,69
2024-01-18 17:21:00,737,22.371,22.365,22.37,22.37,22.3601,15
2024-01-18 17:22:00,292,22.3724,22.375,22.37,22.375,22.37,15
2024-01-18 17:23:00,166,22.3763,22.3775,22.3775,22.3775,22.3775,7
2024-01-18 17:24:00,577,22.3746,22.375,22.375,22.375,22.375,22
2024-01-18 17:25:00,1936,22.3709,22.38,22.365,22.38,22.365,51
2024-01-18 17:26:00,5908,22.3528,22.36,22.365,22.365,22.34,101
2024-01-18 17:27:00,712,22.3664,22.365,22.365,22.37,22.365,18
2024-01-18 17:28:00,616,22.3652,22.365,22.365,22.365,22.365,15
2024-01-18 17:29:00,1998,22.3579,22.36,22.355,22.36,22.355,38
2024-01-18 17:30:00,1576,22.3624,22.36,22.37,22.37,22.36,33
2024-01-18 17:31:00,659,22.363,22.36,22.365,22.365,22.36,13
2024-01-18 17:32:00,1311,22.3642,22.365,22.365,22.365,22.36,21
2024-01-18 17:33:00,4559,22.3762,22.37,22.38,22.385,22.37,92
2024-01-18 17:34:00,144,22.3847,22.385,22.385,22.385,22.385,14
2024-01-18 17:35:00,1629,22.3801,22.385,22.38,22.385,22.38,46
2024-01-18 17:36:00,8086,22.3568,22.375,22.335,22.375,22.335,118
2024-01-18 17:37:00,4186,22.3468,22.34,22.345,22.35,22.34,61
2024-01-18 17:38:00,775,22.3549,22.355,22.355,22.355,22.355,30
2024-01-18 17:39:00,641,22.3489,22.345,22.35,22.35,22.345,22
2024-01-18 17:40:00,209,22.3567,22.36,22.36,22.36,22.36,10
2024-01-18 17:41:00,229,22.3534,22.355,22.355,22.355,22.355,13
2024-01-18 17:42:00,750,22.3525,22.355,22.35,22.355,22.35,15
2024-01-18 17:43:00,270,22.3561,22.355,22.3575,22.3575,22.355,12
2024-01-18 17:44:00,504,22.3546,22.355,22.355,22.355,22.355,17
2024-01-18 17:45:00,364,22.3568,22.355,22.355,22.355,22.355,20
2024-01-18 17:46:00,631,22.3552,22.355,22.355,22.355,22.355,14
2024-01-18 17:47:00,1943,22.3595,22.36,22.36,22.36,22.36,47
2024-01-18 17:48:00,606,22.3648,22.365,22.365,22.365,22.365,17
2024-01-18 17:49:00,1878,22.3679,22.365,22.375,22.375,22.365,31
2024-01-18 17:50:00,2213,22.3702,22.375,22.365,22.375,22.365,54
2024-01-18 17:52:00,1270,22.3607,22.365,22.355,22.365,22.355,38
2024-01-18 17:53:00,876,22.3468,22.35,22.34,22.35,22.34,35
2024-01-18 17:55:00,368,22.3435,22.345,22.345,22.345,22.34,12
2024-01-18 17:56:00,3051,22.3405,22.345,22.345,22.345,22.335,60
2024-01-18 17:57:00,525,22.3415,22.34,22.3429,22.3429,22.34,12
2024-01-18 17:58:00,2172,22.3428,22.345,22.34,22.35,22.34,57
2024-01-18 17:59:00,11482,22.3306,22.345,22.33,22.345,22.325,94
2024-01-18 18:00:00,4667,22.3334,22.33,22.315,22.34,22.315,99
2024-01-18 18:01:00,3387,22.3129,22.31,22.32,22.32,22.305,60
2024-01-18 18:03:00,475,22.3244,22.325,22.325,22.325,22.325,11
2024-01-18 18:04:00,1759,22.3106,22.3275,22.285,22.3275,22.285,67
2024-01-18 18:05:00,3799,22.2812,22.28,22.2803,22.285,22.28,47
2024-01-18 18:07:00,4633,22.2819,22.28,22.28,22.29,22.265,102
2024-01-18 18:08:00,437,22.2822,22.28,22.28,22.28,22.28,9
2024-01-18 18:10:00,891,22.2879,22.285,22.29,22.29,22.285,30
2024-01-18 18:11:00,1908,22.2809,22.285,22.285,22.285,22.28,43
2024-01-18 18:13:00,1180,22.2904,22.29,22.295,22.295,22.29,26
2024-01-18 18:15:00,459,22.2952,22.295,22.295,22.295,22.295,22
2024-01-18 18:16:00,458,22.2963,22.295,22.295,22.295,22.295,10
2024-01-18 18:17:00,2684,22.3003,22.3,22.3,22.305,22.295,53
2024-01-18 18:18:00,2097,22.3049,22.305,22.3,22.31,22.3,61
2024-01-18 18:19:00,4152,22.2859,22.29,22.28,22.29,22.28,85
2024-01-18 18:21:00,848,22.2776,22.28,22.2763,22.28,22.275,18
2024-01-18 18:22:00,1020,22.2795,22.275,22.28,22.28,22.275,17
2024-01-18 18:23:00,1196,22.2816,22.28,22.28,22.2847,22.28,31
2024-01-18 18:25:00,1418,22.2784,22.28,22.275,22.28,22.275,31
2024-01-18 18:26:00,1184,22.2675,22.27,22.265,22.27,22.265,26
2024-01-18 18:27:00,1769,22.2698,22.265,22.27,22.27,22.265,46
2024-01-18 18:28:00,852,22.2689,22.27,22.265,22.27,22.265,24
2024-01-18 18:29:00,708,22.2682,22.265,22.27,22.27,22.265,22
2024-01-18 18:30:00,988,22.2724,22.27,22.28,22.28,22.27,30
2024-01-18 18:31:00,453,22.2731,22.275,22.27,22.275,22.27,16
2024-01-18 18:32:00,481,22.2722,22.275,22.27,22.275,22.27,22
2024-01-18 18:33:00,2080,22.2781,22.275,22.285,22.285,22.275,48
2024-01-18 18:34:00,1723,22.293,22.285,22.305,22.305,22.285,46
2024-01-18 18:35:00,930,22.3038,22.305,22.3,22.305,22.3,29
2024-01-18 18:36:00,508,22.306,22.305,22.305,22.305,22.305,12
2024-01-18 18:37:00,1734,22.3006,22.3,22.31,22.31,22.3,60
2024-01-18 18:38:00,1305,22.3028,22.3,22.31,22.31,22.295,26
2024-01-18 18:39:00,322,22.305,22.305,22.305,22.305,22.305,6
2024-01-18 18:40:00,1495,22.3,22.305,22.295,22.305,22.295,30
2024-01-18 18:41:00,1549,22.2901,22.29,22.29,22.29,22.29,42
2024-01-18 18:42:00,2776,22.273,22.2801,22.27,22.285,22.265,64
2024-01-18 18:43:00,1322,22.2754,22.275,22.2713,22.28,22.2713,23
2024-01-18 18:44:00,459,22.2734,22.275,22.275,22.275,22.275,19
2024-01-18 18:45:00,3956,22.2706,22.275,22.275,22.275,22.27,66
2024-01-18 18:47:00,231,22.2722,22.27,22.2736,22.2736,22.27,8
2024-01-18 18:48:00,2079,22.2684,22.275,22.265,22.275,22.265,49
2024-01-18 18:49:00,1967,22.2713,22.27,22.275,22.275,22.27,43
2024-01-18 18:50:00,422,22.2764,22.275,22.28,22.28,22.275,13
2024-01-18 18:51:00,982,22.2805,22.28,22.285,22.285,22.28,32
2024-01-18 18:52:00,1373,22.2838,22.285,22.285,22.285,22.28,19
2024-01-18 18:53:00,1642,22.2853,22.2837,22.285,22.29,22.28,25
2024-01-18 18:54:00,2842,22.2804,22.285,22.275,22.285,22.27,45
2024-01-18 18:56:00,2046,22.2706,22.27,22.265,22.27,22.265,55
2024-01-18 18:57:00,757,22.265,22.265,22.265,22.265,22.265,12
2024-01-18 18:58:00,108,22.2649,22.265,22.265,22.265,22.265,6
2024-01-18 18:59:00,510,22.2667,22.26,22.265,22.265,22.26,17
2024-01-18 19:00:00,1466,22.2651,22.265,22.265,22.265,22.265,33
2024-01-18 19:01:00,941,22.2657,22.27,22.265,22.27,22.265,16
2024-01-18 19:02:00,236,22.265,22.265,22.265,22.265,22.265,10
2024-01-18 19:03:00,1135,22.2651,22.265,22.265,22.265,22.265,22
2024-01-18 19:04:00,5651,22.271,22.265,22.275,22.28,22.265,100
2024-01-18 19:05:00,1112,22.2723,22.275,22.27,22.275,22.27,37
2024-01-18 19:06:00,3518,22.2682,22.27,22.27,22.27,22.265,71
2024-01-18 19:08:00,2240,22.2678,22.27,22.265,22.27,22.265,42
2024-01-18 19:10:00,473,22.265,22.265,22.265,22.265,22.265,21
2024-01-18 19:11:00,4292,22.273,22.265,22.29,22.29,22.265,76
2024-01-18 19:12:00,1877,22.292,22.285,22.305,22.305,22.285,42
2024-01-18 19:13:00,488,22.3048,22.305,22.305,22.305,22.305,13
2024-01-18 19:14:00,2040,22.2995,22.3001,22.295,22.3001,22.295,37
2024-01-18 19:15:00,1446,22.2984,22.295,22.3,22.3,22.295,28
2024-01-18 19:16:00,649,22.3049,22.305,22.305,22.305,22.305,15
2024-01-18 19:17:00,2079,22.2982,22.3,22.295,22.305,22.295,36
2024-01-18 19:19:00,2957,22.3002,22.295,22.3,22.305,22.295,53
2024-01-18 19:20:00,2300,22.3006,22.305,22.295,22.305,22.295,48
2024-01-18 19:21:00,515,22.294,22.29,22.295,22.295,22.29,7
2024-01-18 19:22:00,318,22.2942,22.295,22.295,22.295,22.295,15
2024-01-18 19:23:00,641,22.2953,22.295,22.295,22.295,22.295,16
2024-01-18 19:24:00,2004,22.3014,22.3,22.305,22.305,22.3,45
2024-01-18 19:25:00,957,22.3051,22.305,22.305,22.305,22.305,19
2024-01-18 19:26:00,535,22.3054,22.305,22.3075,22.3075,22.305,12
2024-01-18 19:27:00,981,22.3059,22.305,22.31,22.31,22.305,28
2024-01-18 19:28:00,2587,22.3104,22.305,22.32,22.32,22.3,61
2024-01-18 19:29:00,3170,22.3204,22.325,22.32,22.325,22.315,63
2024-01-18 19:30:00,1385,22.3161,22.315,22.315,22.32,22.31,40
2024-01-18 19:31:00,407,22.3151,22.315,22.315,22.315,22.315,9
2024-01-18 19:32:00,4470,22.308,22.315,22.295,22.315,22.295,92
2024-01-18 19:33:00,327,22.295,22.295,22.295,22.295,22.295,8
2024-01-18 19:34:00,4181,22.3053,22.3,22.325,22.325,22.3,73
2024-01-18 19:35:00,494,22.325,22.325,22.325,22.325,22.325,10
2024-01-18 19:36:00,2175,22.3288,22.325,22.33,22.33,22.325,31
2024-01-18 19:37:00,2847,22.3401,22.345,22.34,22.345,22.34,51
2024-01-18 19:38:00,1724,22.3289,22.33,22.33,22.33,22.33,44
2024-01-18 19:39:00,233,22.3256,22.325,22.325,22.325,22.325,3
2024-01-18 19:40:00,517,22.3251,22.325,22.325,22.325,22.325,16
2024-01-18 19:41:00,1263,22.3245,22.325,22.325,22.325,22.32,27
2024-01-18 19:42:00,5375,22.3194,22.3275,22.325,22.3275,22.31,87
2024-01-18 19:43:00,690,22.3251,22.325,22.325,22.325,22.325,17
2024-01-18 19:44:00,761,22.325,22.325,22.325,22.325,22.325,19
2024-01-18 19:45:00,2894,22.32,22.325,22.32,22.325,22.315,63
2024-01-18 19:46:00,2737,22.3191,22.32,22.315,22.32,22.3101,57
2024-01-18 19:47:00,2604,22.3198,22.315,22.32,22.32,22.315,49
2024-01-18 19:48:00,394,22.3249,22.325,22.325,22.325,22.325,15
2024-01-18 19:49:00,2468,22.3297,22.325,22.34,22.34,22.32,56
2024-01-18 19:50:00,1091,22.3333,22.335,22.335,22.335,22.33,28
2024-01-18 19:51:00,703,22.3361,22.335,22.335,22.335,22.335,24
2024-01-18 19:52:00,2432,22.34,22.335,22.345,22.345,22.335,55
2024-01-18 19:53:00,718,22.3439,22.345,22.345,22.345,22.345,25
2024-01-18 19:54:00,425,22.3446,22.345,22.345,22.345,22.345,16
2024-01-18 19:55:00,1176,22.3455,22.345,22.345,22.35,22.345,35
2024-01-18 19:56:00,503,22.3455,22.345,22.345,22.3475,22.345,21
2024-01-18 19:57:00,3067,22.3393,22.345,22.335,22.345,22.335,67
2024-01-18 19:58:00,624,22.3366,22.335,22.335,22.34,22.335,18
2024-01-18 19:59:00,920,22.3338,22.335,22.335,22.335,22.3302,22
2024-01-18 20:00:00,3955,22.3256,22.335,22.3203,22.335,22.3202,65
2024-01-18 20:01:00,1481,22.325,22.325,22.325,22.33,22.32,22
2024-01-18 20:02:00,5367,22.3299,22.33,22.325,22.335,22.325,101
2024-01-18 20:03:00,2354,22.3211,22.32,22.325,22.325,22.32,50
2024-01-18 20:04:00,1757,22.3308,22.33,22.335,22.335,22.33,38
2024-01-18 20:05:00,483,22.3322,22.335,22.33,22.335,22.33,20
2024-01-18 20:06:00,1068,22.3345,22.335,22.335,22.335,22.33,14
2024-01-18 20:07:00,626,22.3317,22.33,22.335,22.335,22.33,21
2024-01-18 20:08:00,4656,22.343,22.335,22.355,22.355,22.335,78
2024-01-18 20:09:00,2882,22.3568,22.355,22.365,22.365,22.355,24
2024-01-18 20:10:00,949,22.3656,22.365,22.365,22.37,22.365,28
2024-01-18 20:11:00,896,22.3666,22.365,22.365,22.37,22.365,16
2024-01-18 20:12:00,3635,22.3606,22.365,22.355,22.365,22.355,73
2024-01-18 20:13:00,4693,22.347,22.355,22.335,22.355,22.335,76
2024-01-18 20:14:00,1926,22.3267,22.33,22.32,22.33,22.32,38
2024-01-18 20:15:00,3702,22.3277,22.325,22.325,22.33,22.325,57
2024-01-18 20:16:00,2076,22.3297,22.325,22.335,22.335,22.325,36
2024-01-18 20:17:00,2432,22.3412,22.335,22.345,22.345,22.335,30
2024-01-18 20:18:00,3234,22.3342,22.34,22.325,22.34,22.325,57
2024-01-18 20:19:00,593,22.3231,22.32,22.325,22.325,22.32,7
2024-01-18 20:20:00,9873,22.3251,22.325,22.33,22.33,22.315,84
2024-01-18 20:21:00,1514,22.3343,22.335,22.335,22.335,22.335,18
2024-01-18 20:22:00,485,22.3351,22.34,22.3375,22.34,22.33,13
2024-01-18 20:23:00,7591,22.3293,22.335,22.335,22.335,22.325,118
2024-01-18 20:24:00,1664,22.3271,22.33,22.325,22.33,22.325,29
2024-01-18 20:25:00,2670,22.3272,22.325,22.33,22.33,22.325,47
2024-01-18 20:26:00,718,22.3241,22.32,22.325,22.325,22.32,15
2024-01-18 20:27:00,1064,22.3245,22.325,22.32,22.325,22.32,15
2024-01-18 20:28:00,13529,22.3426,22.325,22.345,22.35,22.325,95
2024-01-18 20:29:00,4094,22.34,22.3451,22.335,22.3451,22.335,55
2024-01-18 20:30:00,855,22.335,22.335,22.335,22.335,22.335,14
2024-01-18 20:31:00,11928,22.3436,22.335,22.345,22.355,22.335,157
2024-01-18 20:32:00,1255,22.3439,22.345,22.345,22.345,22.34,21
2024-01-18 20:33:00,1524,22.345,22.345,22.34,22.35,22.34,22
2024-01-18 20:34:00,3403,22.3451,22.345,22.345,22.35,22.345,24
2024-01-18 20:35:00,4204,22.3451,22.345,22.35,22.35,22.345,50
2024-01-18 20:36:00,1558,22.3457,22.345,22.345,22.35,22.34,32
2024-01-18 20:37:00,4888,22.3469,22.35,22.345,22.35,22.345,55
2024-01-18 20:38:00,8774,22.3359,22.345,22.325,22.3475,22.325,134
2024-01-18 20:39:00,1852,22.3277,22.33,22.325,22.33,22.325,23
2024-01-18 20:40:00,7339,22.3172,22.325,22.31,22.325,22.31,109
2024-01-18 20:41:00,580,22.3085,22.305,22.305,22.305,22.305,23
2024-01-18 20:42:00,1684,22.3073,22.305,22.305,22.31,22.305,28
2024-01-18 20:43:00,3840,22.3072,22.305,22.305,22.31,22.305,55
2024-01-18 20:44:00,4000,22.3062,22.305,22.305,22.31,22.305,35
2024-01-18 20:45:00,4681,22.306,22.305,22.305,22.31,22.305,67
2024-01-18 20:46:00,3597,22.304,22.305,22.305,22.305,22.3,55
2024-01-18 20:47:00,13242,22.3029,22.305,22.305,22.31,22.3,157
2024-01-18 20:48:00,1850,22.3076,22.305,22.305,22.305,22.305,31
2024-01-18 20:49:00,10223,22.3007,22.305,22.295,22.305,22.295,120
2024-01-18 20:50:00,31339,22.2775,22.29,22.28,22.29,22.26,277
2024-01-18 20:51:00,3568,22.2789,22.285,22.28,22.285,22.27,75
2024-01-18 20:52:00,14967,22.286,22.28,22.285,22.295,22.28,139
2024-01-18 20:53:00,11324,22.2806,22.28,22.285,22.285,22.275,97
2024-01-18 20:54:00,27125,22.28,22.285,22.29,22.29,22.275,224
2024-01-18 20:55:00,21332,22.2883,22.285,22.295,22.2982,22.28,192
2024-01-18 20:56:00,47328,22.3021,22.295,22.315,22.315,22.295,386
2024-01-18 20:57:00,24500,22.3033,22.315,22.3,22.32,22.29,221
2024-01-18 20:58:00,62786,22.2738,22.3,22.26,22.3,22.26,433
2024-01-18 20:59:00,69088,22.2643,22.26,22.26,22.27,22.25,600
2024-01-18 21:00:00,6844,22.27,22.27,22.27,22.27,22.27,16
2024-01-18 21:10:00,2624,23.0162,22.35,22.79,24.0,22.35,35
2024-01-18 21:11:00,1402,22.4825,22.54,22.33,22.54,22.33,14
2024-01-18 21:12:00,126,22.4067,22.39,22.39,22.39,22.39,3
2024-01-18 21:13:00,310,22.4875,22.4881,22.4881,22.4881,22.4881,2
2024-01-18 21:20:00,867,22.2714,22.27,22.27,22.27,22.27,2
2024-01-19 14:30:00,16469,22.2877,22.29,22.33,22.33,22.1959,36
2024-01-19 14:31:00,826,22.1365,22.24,22.12,22.24,22.12,24
2024-01-19 14:32:00,1339,22.0996,22.07,22.125,22.125,22.065,19
2024-01-19 14:33:00,1222,22.1017,22.15,22.16,22.16,22.0917,12
2024-01-19 14:34:00,712,22.1691,22.16,22.16,22.19,22.16,21
2024-01-19 14:35:00,1750,22.1397,22.15,22.16,22.16,22.12,42
2024-01-19 14:36:00,284,22.1376,22.14,22.14,22.14,22.14,28
2024-01-19 14:37:00,1313,22.1207,22.14,22.085,22.14,22.085,35
2024-01-19 14:38:00,1687,22.0839,22.1,22.09,22.1,22.06,46
2024-01-19 14:39:00,2001,22.0666,22.08,22.08,22.09,22.05,60
2024-01-19 14:40:00,4498,22.0905,22.08,22.13,22.13,22.08,96
2024-01-19 14:41:00,3024,22.1538,22.145,22.17,22.17,22.145,63
2024-01-19 14:42:00,1593,22.1631,22.16,22.155,22.17,22.155,35
2024-01-19 14:43:00,1000,22.1172,22.12,22.12,22.12,22.11,28
2024-01-19 14:44:00,1139,22.1304,22.125,22.14,22.14,22.12,32
2024-01-19 14:45:00,2346,22.1342,22.14,22.11,22.15,22.11,64
2024-01-19 14:46:00,6611,22.0653,22.07,22.07,22.075,22.045,118
2024-01-19 14:47:00,1780,22.0646,22.05,22.07,22.07,22.05,56
2024-01-19 14:48:00,3955,22.0331,22.0377,22.06,22.06,22.03,87
2024-01-19 14:49:00,2629,22.0677,22.0699,22.105,22.105,22.06,49
2024-01-19 14:50:00,2291,22.1111,22.11,22.12,22.12,22.11,55
2024-01-19 14:51:00,1277,22.1215,22.12,22.13,22.13,22.12,23
2024-01-19 14:52:00,1380,22.146,22.15,22.15,22.15,22.145,40
2024-01-19 14:53:00,1730,22.168,22.16,22.17,22.17,22.16,21
2024-01-19 14:54:00,2957,22.1932,22.195,22.19,22.2,22.19,47
2024-01-19 14:55:00,2824,22.1845,22.19,22.1908,22.195,22.18,62
2024-01-19 14:56:00,1630,22.1978,22.19,22.21,22.21,22.19,41
2024-01-19 14:57:00,588,22.2007,22.2,22.2,22.2,22.2,20
2024-01-19 14:59:00,1029,22.2155,22.22,22.22,22.23,22.22,27
2024-01-19 15:00:00,1022,22.2528,22.23,22.27,22.27,22.23,27
2024-01-19 15:01:00,2503,22.2789,22.28,22.27,22.28,22.27,50
2024-01-19 15:02:00,4714,22.2768,22.27,22.305,22.305,22.255,93
2024-01-19 15:03:00,6431,22.2877,22.3,22.28,22.3,22.275,123
2024-01-19 15:04:00,690,22.2878,22.28,22.295,22.295,22.28,20
2024-01-19 15:05:00,3279,22.2593,22.29,22.215,22.29,22.215,93
2024-01-19 15:06:00,7393,22.235,22.215,22.26,22.275,22.21,117
2024-01-19 15:07:00,2278,22.2491,22.255,22.245,22.255,22.24,27
2024-01-19 15:08:00,3316,22.2558,22.245,22.27,22.27,22.24,64
2024-01-19 15:09:00,1539,22.2757,22.275,22.29,22.29,22.275,18
2024-01-19 15:10:00,2350,22.3248,22.33,22.315,22.33,22.315,46
2024-01-19 15:11:00,2817,22.3246,22.315,22.325,22.33,22.315,50
2024-01-19 15:12:00,9020,22.3232,22.325,22.32,22.33,22.315,61
2024-01-19 15:13:00,1372,22.3199,22.315,22.33,22.33,22.315,27
2024-01-19 15:14:00,2412,22.3237,22.33,22.325,22.33,22.315,50
2024-01-19 15:15:00,4029,22.3614,22.33,22.37,22.39,22.325,86
2024-01-19 15:16:00,820,22.3751,22.375,22.375,22.375,22.375,18
2024-01-19 15:17:00,3610,22.3781,22.37,22.385,22.395,22.365,62
2024-01-19 15:18:00,4378,22.3716,22.38,22.365,22.385,22.365,62
2024-01-19 15:19:00,1131,22.3728,22.37,22.375,22.375,22.37,36
2024-01-19 15:20:00,3346,22.3889,22.385,22.4,22.4,22.385,58
2024-01-19 15:21:00,2951,22.4034,22.4,22.395,22.41,22.395,49
2024-01-19 15:22:00,3691,22.3804,22.39,22.375,22.39,22.37,66
2024-01-19 15:23:00,3545,22.38,22.38,22.37,22.385,22.37,70
2024-01-19 15:24:00,2737,22.3679,22.375,22.365,22.375,22.365,38
2024-01-19 15:25:00,9173,22.3422,22.365,22.33,22.365,22.33,80
2024-01-19 15:26:00,6363,22.312,22.33,22.295,22.33,22.29,62
2024-01-19 15:27:00,3304,22.3044,22.295,22.31,22.315,22.295,69
2024-01-19 15:28:00,294,22.3006,22.3001,22.3001,22.3001,22.3001,20
2024-01-19 15:29:00,138,22.3038,22.305,22.305,22.305,22.305,3
2024-01-19 15:30:00,5062,22.3007,22.305,22.285,22.31,22.285,62
2024-01-19 15:31:00,2535,22.2954,22.29,22.29,22.3,22.29,44
2024-01-19 15:32:00,8172,22.2768,22.28,22.26,22.29,22.26,93
2024-01-19 15:33:00,9182,22.2897,22.265,22.3,22.305,22.265,124
2024-01-19 15:34:00,5380,22.293,22.31,22.28,22.3107,22.265,67
2024-01-19 15:35:00,1896,22.2753,22.285,22.265,22.285,22.265,32
2024-01-19 15:36:00,2655,22.2875,22.27,22.295,22.3,22.27,46
2024-01-19 15:37:00,3312,22.2684,22.29,22.255,22.29,22.255,39
2024-01-19 15:38:00,5940,22.2619,22.25,22.28,22.28,22.25,82
2024-01-19 15:39:00,1434,22.2819,22.28,22.285,22.285,22.28,28
2024-01-19 15:40:00,3366,22.2876,22.29,22.29,22.29,22.28,60
2024-01-19 15:41:00,3101,22.2907,22.29,22.295,22.295,22.285,60
2024-01-19 15:42:00,5885,22.2867,22.295,22.28,22.295,22.275,82
2024-01-19 15:43:00,4887,22.2802,22.28,22.275,22.285,22.27,82
2024-01-19 15:44:00,961,22.2973,22.29,22.3,22.3,22.29,18
2024-01-19 15:45:00,2735,22.2849,22.3,22.265,22.3,22.265,45
2024-01-19 15:46:00,441,22.2752,22.27,22.2784,22.2784,22.27,8
2024-01-19 15:47:00,4731,22.286,22.285,22.305,22.305,22.28,60
2024-01-19 15:48:00,1131,22.3002,22.305,22.3,22.305,22.3,24
2024-01-19 15:49:00,1393,22.2976,22.3,22.3,22.3,22.295,29
2024-01-19 15:50:00,1963,22.2871,22.29,22.29,22.29,22.28,42
2024-01-19 15:51:00,2179,22.3013,22.29,22.31,22.31,22.29,43
2024-01-19 15:52:00,3435,22.2989,22.31,22.295,22.31,22.295,33
2024-01-19 15:53:00,4588,22.2995,22.295,22.3001,22.3001,22.295,78
2024-01-19 15:54:00,1478,22.2979,22.3,22.295,22.3,22.295,31
2024-01-19 15:55:00,4916,22.3105,22.3,22.32,22.325,22.3,97
2024-01-19 15:56:00,3529,22.3089,22.315,22.315,22.32,22.3,53
2024-01-19 15:57:00,3070,22.3208,22.32,22.315,22.325,22.315,36
2024-01-19 15:58:00,1829,22.3225,22.32,22.3252,22.3252,22.32,20
2024-01-19 15:59:00,493,22.3217,22.322,22.322,22.322,22.322,15
2024-01-19 16:00:00,4496,22.3243,22.325,22.34,22.34,22.32,82
2024-01-19 16:01:00,2434,22.333,22.34,22.325,22.34,22.325,33
2024-01-19 16:02:00,6531,22.3326,22.32,22.3481,22.35,22.32,100
2024-01-19 16:03:00,2154,22.3518,22.355,22.355,22.355,22.35,12
2024-01-19 16:04:00,1280,22.3507,22.355,22.345,22.355,22.345,25
2024-01-19 16:05:00,5451,22.3426,22.345,22.335,22.35,22.335,74
2024-01-19 16:06:00,5404,22.3315,22.33,22.34,22.34,22.325,91
2024-01-19 16:07:00,202,22.3459,22.345,22.345,22.345,22.345,13
2024-01-19 16:09:00,1684,22.3417,22.34,22.345,22.345,22.34,31
2024-01-19 16:10:00,1283,22.3449,22.345,22.345,22.345,22.345,24
2024-01-19 16:11:00,2811,22.3462,22.35,22.345,22.35,22.345,45
2024-01-19 16:12:00,6183,22.3403,22.34,22.345,22.345,22.335,99
2024-01-19 16:13:00,1925,22.3412,22.345,22.34,22.345,22.34,51
2024-01-19 16:14:00,258,22.333,22.335,22.33,22.335,22.33,7
2024-01-19 16:15:00,8937,22.337,22.33,22.355,22.355,22.325,136
2024-01-19 16:16:00,4198,22.362,22.36,22.37,22.37,22.355,62
2024-01-19 16:17:00,4142,22.3777,22.38,22.37,22.385,22.37,67
2024-01-19 16:18:00,170,22.3699,22.37,22.37,22.37,22.37,6
2024-01-19 16:19:00,836,22.3702,22.37,22.38,22.38,22.37,23
2024-01-19 16:20:00,283,22.3841,22.385,22.385,22.385,22.385,8
2024-01-19 16:21:00,434,22.3868,22.385,22.39,22.39,22.385,9
2024-01-19 16:22:00,1110,22.3914,22.39,22.395,22.395,22.39,29
2024-01-19 16:23:00,750,22.3916,22.3901,22.3901,22.3901,22.3901,14
2024-01-19 16:24:00,697,22.3974,22.4,22.4,22.4,22.4,23
2024-01-19 16:25:00,1760,22.403,22.4,22.405,22.405,22.4,49
2024-01-19 16:26:00,538,22.4051,22.405,22.405,22.405,22.405,17
2024-01-19 16:27:00,28100,22.4042,22.405,22.4101,22.4101,22.395,128
2024-01-19 16:28:00,2531,22.4097,22.415,22.405,22.415,22.405,28
2024-01-19 16:29:00,838,22.4036,22.405,22.405,22.405,22.4,14
2024-01-19 16:30:00,2782,22.3985,22.4,22.39,22.4,22.39,53
2024-01-19 16:31:00,744,22.3921,22.39,22.395,22.395,22.39,19
2024-01-19 16:32:00,3474,22.3901,22.395,22.39,22.395,22.385,55
2024-01-19 16:33:00,7571,22.3729,22.385,22.37,22.385,22.355,77
2024-01-19 16:34:00,1896,22.3523,22.365,22.35,22.365,22.35,47
2024-01-19 16:35:00,2589,22.3521,22.35,22.36,22.36,22.345,53
2024-01-19 16:36:00,536,22.3691,22.365,22.375,22.375,22.365,11
2024-01-19 16:37:00,2573,22.3802,22.38,22.385,22.385,22.38,47
2024-01-19 16:38:00,473,22.3826,22.385,22.385,22.385,22.385,6
2024-01-19 16:39:00,2148,22.3806,22.385,22.385,22.385,22.38,39
2024-01-19 16:40:00,1741,22.3928,22.39,22.3951,22.3977,22.39,35
2024-01-19 16:41:00,1012,22.3932,22.39,22.395,22.395,22.39,17
2024-01-19 16:42:00,1159,22.3886,22.385,22.385,22.39,22.385,33
2024-01-19 16:43:00,7120,22.3736,22.385,22.37,22.385,22.365,108
2024-01-19 16:44:00,961,22.3769,22.375,22.38,22.38,22.375,17
2024-01-19 16:45:00,876,22.3759,22.375,22.375,22.375,22.375,12
2024-01-19 16:46:00,4230,22.3658,22.3701,22.355,22.3798,22.355,64
2024-01-19 16:47:00,1131,22.3615,22.36,22.36,22.36,22.36,33
2024-01-19 16:48:00,1334,22.3684,22.365,22.37,22.37,22.365,20
2024-01-19 16:49:00,434,22.3742,22.375,22.375,22.375,22.375,10
2024-01-19 16:50:00,27995,22.3498,22.3723,22.345,22.375,22.34,171
2024-01-19 16:51:00,4714,22.3537,22.35,22.345,22.37,22.345,74
2024-01-19 16:52:00,1172,22.3489,22.345,22.355,22.355,22.345,20
2024-01-19 16:54:00,241,22.3504,22.35,22.35,22.35,22.35,4
2024-01-19 16:55:00,3569,22.3423,22.35,22.335,22.35,22.33,55
2024-01-19 16:56:00,25939,22.3491,22.335,22.345,22.355,22.335,93
2024-01-19 16:57:00,792,22.3467,22.345,22.35,22.35,22.345,11
2024-01-19 16:58:00,22718,22.3441,22.355,22.315,22.36,22.31,207
2024-01-19 16:59:00,8961,22.3178,22.31,22.34,22.34,22.31,104
2024-01-19 17:00:00,6744,22.3405,22.34,22.335,22.345,22.33,80
2024-01-19 17:01:00,1338,22.335,22.34,22.335,22.34,22.335,15
2024-01-19 17:02:00,258,22.337,22.335,22.34,22.34,22.335,9
2024-01-19 17:03:00,126,22.3391,22.34,22.34,22.34,22.34,5
2024-01-19 17:04:00,2741,22.3294,22.33,22.325,22.33,22.325,50
2024-01-19 17:05:00,3319,22.318,22.32,22.315,22.32,22.31,62
2024-01-19 17:06:00,874,22.32,22.32,22.325,22.325,22.315,27
2024-01-19 17:07:00,2441,22.3393,22.33,22.345,22.345,22.33,51
2024-01-19 17:08:00,768,22.3447,22.35,22.345,22.35,22.34,28
2024-01-19 17:09:00,228,22.3447,22.345,22.345,22.345,22.345,23
2024-01-19 17:10:00,2132,22.3387,22.345,22.335,22.345,22.335,50
2024-01-19 17:11:00,1598,22.328,22.33,22.325,22.33,22.325,45
2024-01-19 17:12:00,4480,22.3344,22.325,22.34,22.34,22.325,68
2024-01-19 17:13:00,3539,22.3301,22.335,22.325,22.335,22.325,35
2024-01-19 17:14:00,466,22.3295,22.33,22.33,22.33,22.33,18
2024-01-19 17:15:00,897,22.3409,22.34,22.34,22.34,22.34,26
2024-01-19 17:16:00,880,22.3506,22.35,22.355,22.355,22.35,24
2024-01-19 17:17:00,2100,22.354,22.355,22.355,22.355,22.35,36
2024-01-19 17:18:00,665,22.3543,22.35,22.35,22.36,22.35,18
2024-01-19 17:19:00,3636,22.3602,22.36,22.355,22.365,22.355,71
2024-01-19 17:20:00,905,22.3495,22.35,22.35,22.35,22.35,33
2024-01-19 17:21:00,837,22.3503,22.35,22.35,22.35,22.35,25
2024-01-19 17:22:00,685,22.3537,22.355,22.35,22.355,22.35,23
2024-01-19 17:24:00,2814,22.3515,22.355,22.35,22.355,22.35,65
2024-01-19 17:25:00,378,22.3444,22.34,22.34,22.34,22.34,18
2024-01-19 17:26:00,2287,22.352,22.35,22.35,22.36,22.35,43
2024-01-19 17:27:00,2201,22.3489,22.3501,22.34,22.3501,22.34,50
2024-01-19 17:28:00,643,22.3435,22.345,22.345,22.345,22.34,26
2024-01-19 17:29:00,516,22.3411,22.34,22.34,22.34,22.34,15
2024-01-19 17:30:00,485,22.3457,22.345,22.345,22.345,22.345,20
2024-01-19 17:31:00,6884,22.3543,22.345,22.355,22.36,22.345,93
2024-01-19 17:32:00,4212,22.3608,22.36,22.355,22.365,22.355,50
2024-01-19 17:33:00,12812,22.3549,22.355,22.355,22.355,22.355,40
2024-01-19 17:34:00,12445,22.3548,22.355,22.355,22.355,22.35,85
2024-01-19 17:35:00,1101,22.3548,22.355,22.355,22.355,22.355,17
2024-01-19 17:36:00,284,22.3548,22.355,22.355,22.355,22.355,13
2024-01-19 17:37:00,8715,22.3379,22.35,22.34,22.35,22.32,136
2024-01-19 17:38:00,3259,22.3512,22.35,22.35,22.355,22.35,46
2024-01-19 17:40:00,2900,22.3291,22.35,22.315,22.35,22.31,46
2024-01-19 17:41:00,1276,22.3088,22.31,22.31,22.31,22.31,27
2024-01-19 17:42:00,3655,22.3136,22.305,22.32,22.32,22.305,69
2024-01-19 17:43:00,4795,22.3283,22.33,22.32,22.335,22.32,54
2024-01-19 17:44:00,464,22.3275,22.33,22.325,22.33,22.325,7
2024-01-19 17:45:00,1637,22.3213,22.33,22.32,22.33,22.32,32
2024-01-19 17:46:00,781,22.3062,22.31,22.3,22.31,22.3,29
2024-01-19 17:47:00,464,22.2939,22.295,22.295,22.295,22.295,12
2024-01-19 17:48:00,1781,22.3101,22.295,22.315,22.315,22.295,49
2024-01-19 17:49:00,889,22.3166,22.315,22.315,22.32,22.315,20
2024-01-19 17:50:00,762,22.3242,22.32,22.33,22.33,22.32,17
2024-01-19 17:51:00,746,22.3369,22.3363,22.335,22.3363,22.335,15
2024-01-19 17:52:00,3533,22.3479,22.34,22.35,22.355,22.34,57
2024-01-19 17:53:00,1327,22.3503,22.35,22.355,22.355,22.35,36
2024-01-19 17:54:00,3919,22.3518,22.355,22.35,22.355,22.35,66
2024-01-19 17:55:00,1445,22.3552,22.35,22.355,22.36,22.35,28
2024-01-19 17:56:00,459,22.3549,22.355,22.355,22.355,22.355,13
2024-01-19 17:57:00,4223,22.3569,22.36,22.375,22.375,22.35,97
2024-01-19 17:58:00,897,22.3767,22.375,22.38,22.38,22.375,12
2024-01-19 17:59:00,1012,22.3814,22.38,22.385,22.385,22.38,28
2024-01-19 18:00:00,108,22.3848,22.385,22.385,22.385,22.385,2
2024-01-19 18:01:00,1731,22.3816,22.3815,22.38,22.3897,22.38,17
2024-01-19 18:02:00,626,22.3845,22.385,22.385,22.385,22.385,9
2024-01-19 18:03:00,7320,22.3735,22.385,22.375,22.385,22.37,89
2024-01-19 18:04:00,1275,22.3684,22.375,22.365,22.375,22.36,28
2024-01-19 18:05:00,553,22.365,22.365,22.365,22.365,22.365,12
2024-01-19 18:06:00,2077,22.3679,22.365,22.375,22.375,22.36,33
2024-01-19 18:07:00,3431,22.38,22.375,22.385,22.39,22.375,55
2024-01-19 18:08:00,2774,22.3906,22.39,22.385,22.395,22.385,47
2024-01-19 18:09:00,410,22.3909,22.39,22.395,22.395,22.39,10
2024-01-19 18:10:00,620,22.3943,22.395,22.3901,22.395,22.3901,12
2024-01-19 18:11:00,936,22.3958,22.395,22.4,22.4,22.395,15
2024-01-19 18:12:00,2946,22.3979,22.395,22.4,22.4,22.39,53
2024-01-19 18:13:00,1100,22.4057,22.41,22.405,22.41,22.4,17
2024-01-19 18:14:00,2590,22.4098,22.41,22.41,22.41,22.4099,34
2024-01-19 18:15:00,662,22.4163,22.415,22.415,22.42,22.415,11
2024-01-19 18:16:00,782,22.4162,22.415,22.42,22.42,22.41,22
2024-01-19 18:17:00,1422,22.4204,22.42,22.43,22.43,22.415,27
2024-01-19 18:18:00,5850,22.4296,22.43,22.43,22.435,22.425,79
2024-01-19 18:19:00,262,22.4271,22.425,22.425,22.425,22.425,6
2024-01-19 18:20:00,1185,22.4322,22.43,22.435,22.435,22.43,22
2024-01-19 18:21:00,594,22.4398,22.44,22.44,22.44,22.44,17
2024-01-19 18:23:00,1224,22.4471,22.45,22.445,22.45,22.445,25
2024-01-19 18:24:00,1612,22.4465,22.445,22.445,22.45,22.44,28
2024-01-19 18:25:00,4834,22.4405,22.445,22.435,22.445,22.435,73
2024-01-19 18:26:00,3936,22.4285,22.43,22.42,22.435,22.42,53
2024-01-19 18:27:00,3785,22.4136,22.42,22.415,22.42,22.41,30
2024-01-19 18:28:00,1393,22.4181,22.41,22.42,22.42,22.41,28
2024-01-19 18:29:00,2201,22.4205,22.4201,22.425,22.425,22.4201,10
2024-01-19 18:30:00,3250,22.437,22.43,22.445,22.445,22.43,45
2024-01-19 18:31:00,1367,22.4405,22.445,22.435,22.445,22.435,21
2024-01-19 18:32:00,845,22.4369,22.435,22.44,22.44,22.435,15
2024-01-19 18:33:00,854,22.4401,22.44,22.44,22.44,22.44,24
2024-01-19 18:34:00,4321,22.4359,22.445,22.425,22.45,22.425,74
2024-01-19 18:35:00,243,22.4247,22.425,22.425,22.425,22.425,10
2024-01-19 18:36:00,5111,22.4268,22.425,22.435,22.435,22.425,35
2024-01-19 18:37:00,339,22.4331,22.435,22.435,22.435,22.43,6
2024-01-19 18:38:00,1794,22.439,22.44,22.435,22.44,22.435,28
2024-01-19 18:39:00,177,22.4352,22.435,22.435,22.435,22.435,3
2024-01-19 18:40:00,2246,22.4346,22.435,22.44,22.44,22.434,13
2024-01-19 18:41:00,2512,22.4312,22.435,22.43,22.435,22.43,38
2024-01-19 18:42:00,1052,22.4241,22.425,22.425,22.425,22.4201,20
2024-01-19 18:43:00,5117,22.4215,22.425,22.425,22.425,22.415,72
2024-01-19 18:44:00,1994,22.4305,22.425,22.435,22.44,22.425,36
2024-01-19 18:45:00,1648,22.4309,22.435,22.43,22.435,22.43,36
2024-01-19 18:46:00,241,22.424,22.4225,22.4225,22.4225,22.4225,11
2024-01-19 18:47:00,546,22.4228,22.425,22.42,22.425,22.42,16
2024-01-19 18:48:00,4191,22.4085,22.4202,22.395,22.4202,22.395,68
2024-01-19 18:49:00,3885,22.4146,22.405,22.42,22.42,22.4,38
2024-01-19 18:50:00,628,22.4128,22.415,22.4102,22.415,22.4102,9
2024-01-19 18:51:00,140,22.4149,22.415,22.415,22.415,22.415,3
2024-01-19 18:52:00,324,22.415,22.415,22.415,22.415,22.415,6
2024-01-19 18:53:00,2186,22.4097,22.415,22.4,22.415,22.4,38
2024-01-19 18:54:00,544,22.4053,22.405,22.405,22.405,22.405,12
2024-01-19 18:55:00,3644,22.4133,22.405,22.425,22.425,22.405,60
2024-01-19 18:56:00,1231,22.4277,22.4201,22.435,22.435,22.4201,21
2024-01-19 18:57:00,792,22.434,22.4301,22.435,22.4351,22.4301,10
2024-01-19 18:58:00,292,22.4352,22.435,22.44,22.44,22.435,8
2024-01-19 18:59:00,1301,22.4379,22.435,22.44,22.44,22.435,18
2024-01-19 19:00:00,3069,22.4248,22.43,22.42,22.435,22.415,51
2024-01-19 19:01:00,206,22.415,22.415,22.415,22.415,22.415,6
2024-01-19 19:02:00,568,22.4144,22.415,22.415,22.415,22.41,12
2024-01-19 19:03:00,1136,22.4147,22.415,22.41,22.4164,22.41,19
2024-01-19 19:04:00,704,22.4151,22.415,22.415,22.415,22.415,14
2024-01-19 19:05:00,2017,22.4039,22.41,22.395,22.41,22.395,50
2024-01-19 19:06:00,3147,22.3981,22.4,22.395,22.405,22.39,60
2024-01-19 19:07:00,1106,22.3988,22.395,22.4,22.4,22.395,28
2024-01-19 19:09:00,416,22.3988,22.4,22.4,22.4,22.4,13
2024-01-19 19:10:00,517,22.3948,22.395,22.395,22.395,22.395,15
2024-01-19 19:11:00,1940,22.3949,22.395,22.395,22.395,22.39,23
2024-01-19 19:12:00,2939,22.398,22.395,22.39,22.4,22.39,52
2024-01-19 19:13:00,3373,22.3911,22.395,22.385,22.395,22.38,54
2024-01-19 19:14:00,717,22.3886,22.39,22.385,22.39,22.385,17
2024-01-19 19:15:00,3627,22.3812,22.39,22.385,22.39,22.375,67
2024-01-19 19:16:00,2673,22.3772,22.385,22.365,22.385,22.365,69
2024-01-19 19:17:00,1440,22.3584,22.36,22.355,22.36,22.355,28
2024-01-19 19:18:00,825,22.355,22.355,22.355,22.355,22.355,15
2024-01-19 19:19:00,1387,22.3543,22.355,22.355,22.3562,22.35,28
2024-01-19 19:20:00,2865,22.3496,22.35,22.35,22.35,22.345,62
2024-01-19 19:21:00,1356,22.3481,22.35,22.345,22.35,22.345,23
2024-01-19 19:22:00,1696,22.3522,22.345,22.355,22.355,22.345,35
2024-01-19 19:23:00,462,22.3528,22.355,22.35,22.355,22.35,10
2024-01-19 19:24:00,1919,22.3604,22.355,22.37,22.37,22.355,60
2024-01-19 19:25:00,1099,22.3841,22.385,22.385,22.39,22.38,28
2024-01-19 19:26:00,2498,22.388,22.385,22.39,22.39,22.385,43
2024-01-19 19:27:00,823,22.3845,22.39,22.38,22.39,22.38,18
2024-01-19 19:28:00,1453,22.3876,22.39,22.39,22.39,22.385,28
2024-01-19 19:29:00,7951,22.3752,22.385,22.365,22.385,22.365,128
2024-01-19 19:30:00,2066,22.3542,22.365,22.345,22.365,22.345,45
2024-01-19 19:31:00,3027,22.3384,22.345,22.325,22.345,22.325,56
2024-01-19 19:32:00,2956,22.3448,22.33,22.36,22.36,22.33,49
2024-01-19 19:33:00,1653,22.3795,22.37,22.38,22.385,22.37,34
2024-01-19 19:34:00,1338,22.3709,22.37,22.37,22.37,22.37,25
2024-01-19 19:35:00,1080,22.3766,22.375,22.38,22.38,22.375,19
2024-01-19 19:36:00,2185,22.3747,22.375,22.385,22.385,22.37,45
2024-01-19 19:37:00,1370,22.3903,22.39,22.39,22.39,22.39,26
2024-01-19 19:38:00,1575,22.389,22.395,22.385,22.395,22.385,23
2024-01-19 19:39:00,713,22.3856,22.385,22.38,22.3881,22.38,13
2024-01-19 19:40:00,565,22.3873,22.39,22.385,22.39,22.385,12
2024-01-19 19:41:00,8157,22.3876,22.385,22.39,22.4,22.385,116
2024-01-19 19:42:00,4804,22.4114,22.41,22.415,22.42,22.41,70
2024-01-19 19:43:00,3362,22.4149,22.41,22.41,22.42,22.41,52
2024-01-19 19:44:00,494,22.4165,22.415,22.415,22.42,22.415,12
2024-01-19 19:45:00,1961,22.4121,22.415,22.415,22.415,22.41,20
2024-01-19 19:46:00,5556,22.4113,22.415,22.405,22.42,22.405,65
2024-01-19 19:47:00,6788,22.3993,22.405,22.395,22.405,22.39,96
2024-01-19 19:48:00,2792,22.3986,22.395,22.4,22.4,22.395,46
2024-01-19 19:49:00,225,22.4073,22.41,22.41,22.41,22.41,7
2024-01-19 19:50:00,379,22.406,22.41,22.41,22.41,22.41,9
2024-01-19 19:51:00,12902,22.3855,22.405,22.36,22.405,22.36,135
2024-01-19 19:52:00,106829,22.1716,22.36,22.395,22.395,22.36,94
2024-01-19 19:53:00,7988,22.3864,22.39,22.375,22.395,22.375,109
2024-01-19 19:54:00,1044,22.38,22.375,22.385,22.385,22.375,20
2024-01-19 19:55:00,1135,22.3877,22.385,22.389,22.39,22.385,17
2024-01-19 19:56:00,1640,22.3904,22.39,22.395,22.395,22.39,36
2024-01-19 19:57:00,3860,22.3917,22.395,22.395,22.3951,22.39,44
2024-01-19 19:58:00,1144,22.3936,22.395,22.395,22.395,22.395,20
2024-01-19 19:59:00,1399,22.4014,22.4,22.405,22.405,22.4,41
2024-01-19 20:00:00,2513,22.3991,22.4,22.39,22.405,22.39,41
2024-01-19 20:01:00,684,22.3937,22.39,22.4,22.4,22.39,18
2024-01-19 20:02:00,869,22.3969,22.395,22.395,22.395,22.395,27
2024-01-19 20:03:00,3245,22.4052,22.4,22.405,22.41,22.4,61
2024-01-19 20:04:00,2380,22.4082,22.405,22.41,22.41,22.405,54
2024-01-19 20:05:00,9304,22.4109,22.41,22.41,22.415,22.405,104
2024-01-19 20:06:00,2604,22.3984,22.4,22.39,22.4,22.39,50
2024-01-19 20:07:00,500,22.3963,22.395,22.395,22.395,22.395,16
2024-01-19 20:08:00,375,22.3916,22.395,22.39,22.395,22.39,8
2024-01-19 20:09:00,1828,22.3995,22.395,22.405,22.405,22.395,38
2024-01-19 20:10:00,34850,22.3822,22.405,22.37,22.405,22.37,166
2024-01-19 20:11:00,6038,22.3618,22.365,22.35,22.365,22.345,79
2024-01-19 20:12:00,7110,22.3758,22.36,22.385,22.385,22.36,91
2024-01-19 20:13:00,17829,22.3872,22.385,22.39,22.395,22.38,189
2024-01-19 20:14:00,4202,22.3843,22.3902,22.395,22.395,22.37,56
2024-01-19 20:15:00,2809,22.4202,22.41,22.435,22.435,22.41,47
2024-01-19 20:16:00,1096,22.4389,22.44,22.45,22.45,22.44,21
2024-01-19 20:17:00,685,22.4369,22.445,22.445,22.445,22.445,16
2024-01-19 20:18:00,929,22.4465,22.45,22.445,22.45,22.445,27
2024-01-19 20:19:00,338,22.449,22.45,22.45,22.45,22.45,15
2024-01-19 20:20:00,2771,22.443,22.45,22.45,22.45,22.44,42
2024-01-19 20:21:00,11799,22.4311,22.445,22.415,22.445,22.415,167
2024-01-19 20:22:00,3151,22.4058,22.415,22.4,22.415,22.4,57
2024-01-19 20:23:00,4081,22.418,22.41,22.43,22.43,22.41,63
2024-01-19 20:24:00,592,22.426,22.425,22.425,22.43,22.425,11
2024-01-19 20:25:00,6009,22.4237,22.425,22.435,22.435,22.415,82
2024-01-19 20:26:00,3217,22.4398,22.44,22.445,22.445,22.44,35
2024-01-19 20:27:00,2787,22.4436,22.445,22.445,22.445,22.44,46
2024-01-19 20:28:00,5535,22.4361,22.445,22.42,22.445,22.42,75
2024-01-19 20:29:00,875,22.4297,22.43,22.43,22.43,22.43,28
2024-01-19 20:30:00,18528,22.4282,22.43,22.42,22.4351,22.42,131
2024-01-19 20:31:00,6658,22.4254,22.425,22.42,22.435,22.42,89
2024-01-19 20:32:00,4273,22.4219,22.42,22.425,22.425,22.42,62
2024-01-19 20:33:00,5432,22.4195,22.425,22.43,22.43,22.405,83
2024-01-19 20:34:00,5398,22.4193,22.42,22.41,22.425,22.41,73
2024-01-19 20:35:00,4616,22.4122,22.41,22.42,22.42,22.4,71
2024-01-19 20:36:00,4501,22.4125,22.425,22.4,22.425,22.4,82
2024-01-19 20:37:00,3063,22.3997,22.4,22.39,22.405,22.39,48
2024-01-19 20:38:00,4233,22.3898,22.39,22.395,22.395,22.38,74
2024-01-19 20:39:00,714,22.3938,22.395,22.39,22.395,22.39,16
2024-01-19 20:40:00,7653,22.3915,22.39,22.39,22.4,22.38,109
2024-01-19 20:41:00,1133,22.392,22.39,22.395,22.395,22.39,20
2024-01-19 20:42:00,8481,22.3843,22.39,22.375,22.395,22.37,123
2024-01-19 20:43:00,9831,22.3774,22.375,22.375,22.385,22.365,130
2024-01-19 20:44:00,8342,22.3874,22.375,22.39,22.395,22.37,107
2024-01-19 20:45:00,9749,22.3894,22.395,22.385,22.3981,22.38,107
2024-01-19 20:46:00,8617,22.3886,22.385,22.395,22.3966,22.38,82
2024-01-19 20:47:00,25466,22.3956,22.4,22.395,22.405,22.39,226
2024-01-19 20:48:00,2173,22.3957,22.395,22.395,22.4,22.395,45
2024-01-19 20:49:00,3666,22.3954,22.395,22.39,22.4,22.39,62
2024-01-19 20:50:00,23575,22.4002,22.4,22.395,22.405,22.39,179
2024-01-19 20:51:00,16741,22.3929,22.395,22.405,22.41,22.385,221
2024-01-19 20:52:00,14581,22.3978,22.405,22.415,22.415,22.385,192
2024-01-19 20:53:00,3728,22.4136,22.415,22.42,22.42,22.41,67
2024-01-19 20:54:00,34689,22.4282,22.42,22.44,22.44,22.415,335
2024-01-19 20:55:00,16232,22.4428,22.44,22.45,22.45,22.435,200
2024-01-19 20:56:00,29449,22.4427,22.45,22.44,22.45,22.43,343
2024-01-19 20:57:00,22208,22.4396,22.44,22.445,22.45,22.43,273
2024-01-19 20:58:00,26118,22.4387,22.445,22.435,22.445,22.43,286
2024-01-19 20:59:00,57022,22.4606,22.44,22.46,22.48,22.43,657
2024-01-19 21:00:00,2696,22.48,22.48,22.48,22.48,22.48,13
2024-01-19 21:43:00,525,22.4011,22.4,22.4,22.4,22.4,13
