t,v,vw,o,c,h,l,n
2024-02-13 09:02:00,146,14.05,14.05,14.05,14.05,14.05,1
2024-02-13 13:00:00,2302,14.0761,14.08,14.08,14.08,14.08,11
2024-02-13 13:42:00,2296,14.0,14.0,14.0,14.0,14.0,5
2024-02-13 14:20:00,300,13.93,13.92,13.95,13.95,13.92,3
2024-02-13 14:29:00,1417,13.8882,13.92,13.86,13.92,13.86,9
2024-02-13 14:30:00,240743,13.8435,13.84,13.79,13.9,13.79,382
2024-02-13 14:31:00,49834,13.8202,13.78,13.88,13.88,13.77,319
2024-02-13 14:32:00,18873,13.8625,13.88,13.88,13.88,13.84,130
2024-02-13 14:33:00,7502,13.874,13.87,13.88,13.88,13.86,55
2024-02-13 14:34:00,8992,13.8886,13.87,13.8997,13.8997,13.865,53
2024-02-13 14:35:00,53052,13.9372,13.9,13.95,13.9591,13.9,309
2024-02-13 14:36:00,29039,13.9463,13.95,13.92,13.965,13.92,163
2024-02-13 14:37:00,41252,13.9086,13.915,13.88,13.94,13.87,175
2024-02-13 14:38:00,42787,13.8875,13.885,13.89,13.905,13.865,259
2024-02-13 14:39:00,45819,13.8819,13.89,13.84,13.89,13.84,245
2024-02-13 14:40:00,19573,13.8412,13.84,13.84,13.855,13.82,97
2024-02-13 14:41:00,5625,13.8505,13.845,13.85,13.86,13.84,66
2024-02-13 14:42:00,24496,13.8156,13.84,13.81,13.84,13.81,160
2024-02-13 14:43:00,41115,13.8343,13.82,13.8489,13.8489,13.82,236
2024-02-13 14:44:00,62251,13.8288,13.85,13.82,13.85,13.82,302
2024-02-13 14:45:00,25785,13.8345,13.83,13.85,13.85,13.82,160
2024-02-13 14:46:00,80982,13.8307,13.85,13.835,13.85,13.81,485
2024-02-13 14:47:00,41514,13.8301,13.83,13.835,13.835,13.82,214
2024-02-13 14:48:00,26484,13.8432,13.84,13.84,13.85,13.83,182
2024-02-13 14:49:00,62246,13.8263,13.84,13.81,13.84,13.81,205
2024-02-13 14:50:00,41064,13.8036,13.81,13.81,13.82,13.795,185
2024-02-13 14:51:00,62804,13.8127,13.81,13.825,13.825,13.805,380
2024-02-13 14:52:00,29656,13.8117,13.825,13.79,13.83,13.79,190
2024-02-13 14:53:00,9171,13.7919,13.8,13.79,13.8,13.784,73
2024-02-13 14:54:00,24524,13.7726,13.79,13.77,13.795,13.75,188
2024-02-13 14:55:00,49507,13.745,13.77,13.745,13.775,13.73,368
2024-02-13 14:56:00,30070,13.7468,13.75,13.76,13.765,13.74,197
2024-02-13 14:57:00,37402,13.7403,13.755,13.735,13.76,13.725,272
2024-02-13 14:58:00,10286,13.7387,13.735,13.739,13.75,13.73,62
2024-02-13 14:59:00,6779,13.7379,13.735,13.745,13.745,13.73,57
2024-02-13 15:00:00,34056,13.7354,13.745,13.735,13.745,13.73,190
2024-02-13 15:01:00,15994,13.7463,13.74,13.77,13.77,13.735,113
2024-02-13 15:02:00,16241,13.769,13.77,13.775,13.78,13.76,104
2024-02-13 15:03:00,6051,13.7748,13.77,13.76,13.79,13.76,71
2024-02-13 15:04:00,9869,13.768,13.76,13.775,13.785,13.75,78
2024-02-13 15:05:00,10959,13.7614,13.77,13.7525,13.775,13.7525,72
2024-02-13 15:06:00,8030,13.7507,13.7529,13.745,13.755,13.745,59
2024-02-13 15:07:00,16441,13.7477,13.7425,13.75,13.755,13.74,130
2024-02-13 15:08:00,9084,13.7539,13.755,13.77,13.77,13.75,70
2024-02-13 15:09:00,37472,13.7519,13.7677,13.75,13.7677,13.74,78
2024-02-13 15:10:00,24202,13.7541,13.745,13.76,13.765,13.74,130
2024-02-13 15:11:00,6394,13.7764,13.7691,13.785,13.785,13.7691,53
2024-02-13 15:12:00,41693,13.7742,13.785,13.77,13.79,13.76,224
2024-02-13 15:13:00,36746,13.7519,13.77,13.75,13.77,13.75,251
2024-02-13 15:14:00,22133,13.7443,13.75,13.745,13.75,13.74,135
2024-02-13 15:15:00,132728,13.745,13.74,13.74,13.77,13.72,808
2024-02-13 15:16:00,16786,13.7469,13.75,13.755,13.7594,13.73,107
2024-02-13 15:17:00,31247,13.7506,13.75,13.74,13.76,13.74,130
2024-02-13 15:18:00,8553,13.727,13.74,13.725,13.74,13.71,63
2024-02-13 15:19:00,34737,13.7164,13.725,13.72,13.73,13.708,248
2024-02-13 15:20:00,64503,13.7428,13.73,13.765,13.765,13.72,196
2024-02-13 15:21:00,2755,13.7723,13.765,13.775,13.78,13.765,32
2024-02-13 15:22:00,17100,13.7632,13.775,13.745,13.775,13.745,128
2024-02-13 15:23:00,15147,13.741,13.74,13.73,13.75,13.73,120
2024-02-13 15:24:00,12477,13.7421,13.74,13.73,13.75,13.73,90
2024-02-13 15:25:00,26007,13.7403,13.73,13.765,13.77,13.725,160
2024-02-13 15:26:00,6390,13.7604,13.76,13.75,13.765,13.75,48
2024-02-13 15:27:00,20247,13.7499,13.75,13.745,13.76,13.74,140
2024-02-13 15:28:00,16749,13.7515,13.75,13.765,13.77,13.74,118
2024-02-13 15:29:00,18609,13.7738,13.77,13.765,13.785,13.76,132
2024-02-13 15:30:00,92578,13.755,13.765,13.746,13.77,13.74,522
2024-02-13 15:31:00,33823,13.7322,13.74,13.735,13.74,13.725,210
2024-02-13 15:32:00,46870,13.723,13.74,13.72,13.74,13.71,257
2024-02-13 15:33:00,53417,13.7066,13.72,13.73,13.73,13.7,294
2024-02-13 15:34:00,34083,13.7376,13.7201,13.74,13.745,13.7201,175
2024-02-13 15:35:00,5112,13.735,13.73,13.735,13.74,13.73,42
2024-02-13 15:36:00,15506,13.7432,13.735,13.74,13.75,13.735,93
2024-02-13 15:37:00,53870,13.742,13.745,13.74,13.755,13.74,276
2024-02-13 15:38:00,18528,13.7411,13.75,13.745,13.75,13.735,113
2024-02-13 15:39:00,54704,13.7609,13.745,13.765,13.77,13.744,282
2024-02-13 15:40:00,23381,13.7749,13.7699,13.76,13.79,13.76,161
2024-02-13 15:41:00,18681,13.763,13.77,13.7683,13.78,13.7599,115
2024-02-13 15:42:00,7090,13.7792,13.77,13.79,13.79,13.77,56
2024-02-13 15:43:00,16471,13.791,13.78,13.79,13.805,13.78,137
2024-02-13 15:44:00,14107,13.7904,13.795,13.78,13.8,13.78,130
2024-02-13 15:45:00,22976,13.78,13.78,13.764,13.8,13.764,175
2024-02-13 15:46:00,14151,13.7827,13.77,13.775,13.795,13.77,127
2024-02-13 15:47:00,15791,13.7861,13.775,13.785,13.8,13.775,134
2024-02-13 15:48:00,8235,13.7958,13.79,13.8,13.805,13.785,87
2024-02-13 15:49:00,13094,13.7931,13.8,13.78,13.8,13.78,96
2024-02-13 15:50:00,14761,13.8001,13.79,13.815,13.82,13.785,132
2024-02-13 15:51:00,42159,13.8042,13.815,13.79,13.82,13.785,201
2024-02-13 15:52:00,17010,13.8023,13.785,13.82,13.825,13.785,135
2024-02-13 15:53:00,5823,13.8187,13.82,13.815,13.82,13.815,39
2024-02-13 15:54:00,8737,13.8217,13.82,13.825,13.83,13.814,70
2024-02-13 15:55:00,188943,13.829,13.825,13.82,13.85,13.815,566
2024-02-13 15:56:00,151392,13.8207,13.82,13.81,13.835,13.81,467
2024-02-13 15:57:00,19117,13.8133,13.81,13.815,13.82,13.81,46
2024-02-13 15:58:00,4155,13.8149,13.82,13.81,13.82,13.81,33
2024-02-13 15:59:00,81977,13.8013,13.815,13.82,13.82,13.79,496
2024-02-13 16:00:00,9083,13.8196,13.82,13.815,13.83,13.815,71
2024-02-13 16:01:00,3978,13.814,13.82,13.8175,13.82,13.81,32
2024-02-13 16:02:00,96888,13.8269,13.81,13.845,13.85,13.805,526
2024-02-13 16:03:00,35221,13.8643,13.85,13.9,13.9,13.85,156
2024-02-13 16:04:00,171521,13.924,13.9,13.95,13.95,13.894,718
2024-02-13 16:05:00,51603,13.923,13.944,13.93,13.95,13.9,308
2024-02-13 16:06:00,13574,13.9288,13.93,13.92,13.94,13.92,102
2024-02-13 16:07:00,15579,13.9233,13.92,13.94,13.94,13.91,115
2024-02-13 16:08:00,18872,13.9453,13.935,13.95,13.96,13.935,134
2024-02-13 16:09:00,14973,13.9514,13.94,13.97,13.97,13.94,124
2024-02-13 16:10:00,58971,13.9782,13.97,13.975,13.99,13.96,309
2024-02-13 16:11:00,17936,13.9635,13.97,13.965,13.975,13.955,155
2024-02-13 16:12:00,11180,13.9719,13.965,13.975,13.98,13.965,90
2024-02-13 16:13:00,8758,13.9706,13.975,13.96,13.98,13.96,88
2024-02-13 16:14:00,16512,13.9689,13.96,13.98,13.98,13.96,113
2024-02-13 16:15:00,32858,13.9541,13.9794,13.94,13.9794,13.94,200
2024-02-13 16:16:00,6829,13.9412,13.94,13.94,13.95,13.94,74
2024-02-13 16:17:00,39756,13.9147,13.935,13.9,13.94,13.8971,236
2024-02-13 16:18:00,22470,13.9074,13.9,13.9113,13.92,13.9,133
2024-02-13 16:19:00,31529,13.918,13.91,13.92,13.93,13.91,240
2024-02-13 16:20:00,18869,13.9299,13.925,13.93,13.935,13.925,122
2024-02-13 16:21:00,24084,13.931,13.93,13.94,13.94,13.925,149
2024-02-13 16:22:00,7857,13.9397,13.9311,13.95,13.95,13.9311,62
2024-02-13 16:23:00,15923,13.9441,13.945,13.95,13.96,13.94,138
2024-02-13 16:24:00,11072,13.9515,13.95,13.96,13.96,13.945,114
2024-02-13 16:25:00,6508,13.9492,13.96,13.9499,13.96,13.94,68
2024-02-13 16:26:00,15784,13.9402,13.94,13.94,13.95,13.94,115
2024-02-13 16:27:00,34310,13.9431,13.94,13.955,13.955,13.93,246
2024-02-13 16:28:00,18044,13.9517,13.96,13.945,13.96,13.94,175
2024-02-13 16:29:00,4864,13.9494,13.94,13.95,13.96,13.94,74
2024-02-13 16:30:00,1362,13.9428,13.94,13.94,13.945,13.94,27
2024-02-13 16:31:00,17634,13.9451,13.94,13.96,13.96,13.94,144
2024-02-13 16:32:00,8172,13.9619,13.96,13.97,13.97,13.96,84
2024-02-13 16:33:00,35826,13.9805,13.97,13.98,13.99,13.97,216
2024-02-13 16:34:00,5863,13.9873,13.985,13.985,13.99,13.98,41
2024-02-13 16:35:00,20794,13.9752,13.98,13.98,13.985,13.97,125
2024-02-13 16:36:00,21539,13.982,13.98,13.995,13.995,13.98,138
2024-02-13 16:37:00,11970,13.9921,13.995,13.985,14.0,13.98,102
2024-02-13 16:38:00,17281,14.001,13.98,13.99,14.01,13.98,124
2024-02-13 16:39:00,9572,14.0006,13.995,14.005,14.005,13.995,72
2024-02-13 16:40:00,7951,14.0063,14.0044,14.005,14.01,14.0,48
2024-02-13 16:41:00,24673,14.0016,14.005,14.0,14.005,14.0,150
2024-02-13 16:42:00,13254,14.0037,14.0,14.005,14.01,14.0,94
2024-02-13 16:43:00,14564,13.9937,14.0,13.995,14.005,13.985,147
2024-02-13 16:44:00,3726,13.9852,13.99,13.985,13.99,13.98,73
2024-02-13 16:45:00,6337,13.9951,13.985,14.0,14.0,13.985,85
2024-02-13 16:46:00,2496,13.9964,13.9999,13.995,14.0,13.99,37
2024-02-13 16:47:00,8310,13.9901,13.995,14.0,14.0,13.98,84
2024-02-13 16:48:00,1805,13.9968,14.0,14.0,14.0,13.99,34
2024-02-13 16:49:00,19998,13.9999,13.995,13.995,14.01,13.99,119
2024-02-13 16:50:00,16109,14.0081,13.995,14.02,14.02,13.995,114
2024-02-13 16:51:00,13517,14.0099,14.02,14.005,14.02,14.005,159
2024-02-13 16:52:00,2242,14.0063,14.005,14.005,14.01,14.005,40
2024-02-13 16:53:00,8390,13.9953,14.0,13.99,14.0,13.99,83
2024-02-13 16:54:00,8274,13.9763,13.98,13.975,13.985,13.97,114
2024-02-13 16:55:00,2229,13.9715,13.975,13.97,13.975,13.97,37
2024-02-13 16:56:00,4290,13.9694,13.96,13.97,13.97,13.96,55
2024-02-13 16:57:00,8788,13.9743,13.975,13.98,13.98,13.965,95
2024-02-13 16:58:00,1659,13.9828,13.98,13.99,13.99,13.98,33
2024-02-13 16:59:00,8120,13.9919,13.99,13.985,14.0,13.985,69
2024-02-13 17:00:00,5899,13.9817,13.99,13.98,13.99,13.98,64
2024-02-13 17:01:00,3393,13.9756,13.98,13.98,13.98,13.97,26
2024-02-13 17:02:00,2930,13.9758,13.98,13.9725,13.98,13.97,45
2024-02-13 17:03:00,7953,13.9699,13.975,13.96,13.98,13.96,58
2024-02-13 17:04:00,7650,13.9689,13.965,13.97,13.97,13.9625,53
2024-02-13 17:05:00,16128,13.9697,13.97,13.9654,13.97,13.96,24
2024-02-13 17:06:00,12932,13.963,13.96,13.97,13.97,13.96,93
2024-02-13 17:07:00,3248,13.9702,13.97,13.97,13.97,13.97,40
2024-02-13 17:08:00,4115,13.9768,13.98,13.99,13.99,13.97,43
2024-02-13 17:09:00,4820,13.9909,13.99,13.992,13.995,13.99,38
2024-02-13 17:10:00,9080,13.9802,13.995,13.975,13.995,13.975,64
2024-02-13 17:11:00,6317,13.979,13.975,13.99,13.99,13.97,73
2024-02-13 17:12:00,998,13.985,13.99,13.985,13.99,13.98,25
2024-02-13 17:13:00,4087,13.9911,13.99,13.99,14.0,13.99,51
2024-02-13 17:14:00,20843,14.0049,14.0,14.02,14.02,14.0,72
2024-02-13 17:15:00,7166,14.009,14.02,14.0,14.02,14.0,76
2024-02-13 17:16:00,700,14.0038,14.005,14.005,14.005,14.005,26
2024-02-13 17:17:00,7643,14.0004,14.005,14.0,14.005,13.995,92
2024-02-13 17:18:00,4957,13.9897,13.995,13.98,13.995,13.98,58
2024-02-13 17:19:00,2320,13.9846,13.985,13.985,13.99,13.98,29
2024-02-13 17:20:00,36969,13.9867,13.985,13.995,14.0,13.98,176
2024-02-13 17:21:00,5397,13.9978,13.995,14.005,14.01,13.99,60
2024-02-13 17:22:00,4351,14.0032,14.005,14.01,14.01,14.0,23
2024-02-13 17:23:00,17935,14.0096,14.01,14.015,14.015,14.005,105
2024-02-13 17:24:00,11810,14.02,14.015,14.02,14.0271,14.015,92
2024-02-13 17:25:00,15652,14.0108,14.01,14.02,14.02,14.01,83
2024-02-13 17:26:00,18563,14.0101,14.02,14.0,14.025,14.0,120
2024-02-13 17:27:00,1263,14.0027,14.0,14.0,14.01,14.0,25
2024-02-13 17:28:00,10637,13.9897,14.0,13.985,14.0,13.985,113
2024-02-13 17:29:00,4798,13.9885,13.9825,13.985,13.99,13.98,57
2024-02-13 17:30:00,23803,13.9841,13.985,13.99,13.99,13.98,167
2024-02-13 17:31:00,5933,13.9942,13.99,14.0,14.0,13.99,54
2024-02-13 17:32:00,12146,14.0004,14.0,14.01,14.01,14.0,106
2024-02-13 17:33:00,11404,14.0164,14.01,14.02,14.02,14.01,122
2024-02-13 17:34:00,4374,14.0198,14.015,14.025,14.03,14.01,55
2024-02-13 17:35:00,5655,14.0267,14.03,14.025,14.03,14.02,53
2024-02-13 17:36:00,11537,14.0227,14.025,14.03,14.03,14.015,120
2024-02-13 17:37:00,8896,14.0359,14.03,14.05,14.05,14.03,86
2024-02-13 17:38:00,73765,14.0674,14.05,14.07,14.075,14.05,218
2024-02-13 17:39:00,11158,14.07,14.07,14.08,14.08,14.0619,90
2024-02-13 17:40:00,29612,14.0702,14.08,14.05,14.08,14.05,173
2024-02-13 17:41:00,16407,14.0424,14.0443,14.05,14.05,14.0325,117
2024-02-13 17:42:00,13324,14.0512,14.05,14.06,14.06,14.05,118
2024-02-13 17:43:00,23018,14.0566,14.05,14.07,14.07,14.05,158
2024-02-13 17:44:00,12296,14.0734,14.07,14.075,14.08,14.06,79
2024-02-13 17:45:00,46901,14.0593,14.075,14.055,14.075,14.05,298
2024-02-13 17:46:00,40579,14.0623,14.06,14.074,14.08,14.05,225
2024-02-13 17:47:00,11594,14.0801,14.075,14.08,14.085,14.07,124
2024-02-13 17:48:00,8966,14.0789,14.08,14.085,14.09,14.07,76
2024-02-13 17:49:00,5363,14.0857,14.08,14.09,14.09,14.08,69
2024-02-13 17:50:00,17783,14.0958,14.08,14.105,14.1066,14.08,145
2024-02-13 17:51:00,21476,14.1006,14.1,14.11,14.11,14.1,167
2024-02-13 17:52:00,24002,14.116,14.11,14.115,14.12,14.11,123
2024-02-13 17:53:00,57343,14.1155,14.115,14.12,14.13,14.11,381
2024-02-13 17:54:00,44612,14.1148,14.125,14.11,14.125,14.1,232
2024-02-13 17:55:00,20907,14.1056,14.105,14.115,14.12,14.1,104
2024-02-13 17:56:00,18042,14.1105,14.11,14.105,14.115,14.1,351
2024-02-13 17:57:00,29490,14.1057,14.1,14.125,14.13,14.1,221
2024-02-13 17:58:00,17038,14.1176,14.125,14.12,14.125,14.11,95
2024-02-13 17:59:00,26648,14.1089,14.115,14.11,14.12,14.1,148
2024-02-13 18:00:00,36128,14.101,14.1,14.11,14.11,14.09,272
2024-02-13 18:01:00,17077,14.103,14.11,14.09,14.11,14.09,101
2024-02-13 18:02:00,4372,14.0921,14.09,14.09,14.1,14.09,68
2024-02-13 18:03:00,202106,14.1036,14.09,14.095,14.11,14.085,257
2024-02-13 18:04:00,28265,14.1039,14.1,14.1,14.11,14.1,69
2024-02-13 18:05:00,88189,14.0983,14.1,14.07,14.105,14.06,263
2024-02-13 18:06:00,13280,14.052,14.0699,14.045,14.0699,14.04,115
2024-02-13 18:07:00,8153,14.0511,14.045,14.05,14.06,14.045,78
2024-02-13 18:08:00,88526,14.0419,14.05,14.045,14.055,14.03,538
2024-02-13 18:09:00,75331,14.0286,14.04,13.995,14.045,13.995,422
2024-02-13 18:10:00,11756,13.9901,13.99,13.99,13.9998,13.9825,108
2024-02-13 18:11:00,122828,14.024,13.99,13.995,14.03,13.985,210
2024-02-13 18:12:00,17700,13.9901,13.99,13.99,13.995,13.985,102
2024-02-13 18:13:00,10565,13.968,13.98,13.96,13.98,13.96,101
2024-02-13 18:14:00,29172,13.9541,13.95,13.955,13.97,13.945,236
2024-02-13 18:15:00,38680,13.9704,13.95,13.98,13.98,13.95,236
2024-02-13 18:16:00,65622,13.9743,13.98,13.99,13.99,13.97,124
2024-02-13 18:17:00,6877,13.9884,13.985,13.99,13.99,13.98,60
2024-02-13 18:18:00,66351,13.9991,14.0,13.995,14.0,13.99,272
2024-02-13 18:19:00,94458,14.0034,14.0,14.005,14.015,13.995,324
2024-02-13 18:20:00,17671,13.9883,14.0,13.985,14.0,13.98,75
2024-02-13 18:21:00,27086,13.9634,13.98,13.96,13.985,13.955,198
2024-02-13 18:22:00,14813,13.973,13.96,13.985,13.99,13.96,127
2024-02-13 18:23:00,6873,13.9803,13.98,13.98,13.985,13.975,89
2024-02-13 18:24:00,1262,13.974,13.98,13.975,13.98,13.97,21
2024-02-13 18:25:00,3999,13.9703,13.975,13.9685,13.975,13.9685,51
2024-02-13 18:26:00,9759,13.964,13.97,13.96,13.97,13.96,60
2024-02-13 18:27:00,6106,13.9669,13.96,13.97,13.97,13.96,49
2024-02-13 18:28:00,4782,13.9718,13.975,13.975,13.975,13.97,25
2024-02-13 18:29:00,1821,13.9714,13.97,13.97,13.975,13.97,23
2024-02-13 18:30:00,2489,13.9664,13.97,13.965,13.97,13.96,31
2024-02-13 18:31:00,429,13.9602,13.96,13.96,13.96,13.96,10
2024-02-13 18:32:00,21533,13.9596,13.96,13.955,13.96,13.95,77
2024-02-13 18:33:00,7066,13.9486,13.95,13.94,13.955,13.94,62
2024-02-13 18:34:00,14779,13.9499,13.94,13.9506,13.955,13.94,80
2024-02-13 18:35:00,5613,13.9493,13.955,13.945,13.955,13.945,43
2024-02-13 18:36:00,11374,13.9495,13.95,13.94,13.96,13.94,76
2024-02-13 18:37:00,12125,13.9414,13.945,13.94,13.95,13.935,77
2024-02-13 18:38:00,1203,13.9385,13.94,13.935,13.94,13.935,17
2024-02-13 18:39:00,14431,13.9292,13.93,13.935,13.94,13.92,83
2024-02-13 18:40:00,25603,13.9243,13.935,13.92,13.9399,13.915,155
2024-02-13 18:41:00,14195,13.9354,13.93,13.945,13.95,13.9299,110
2024-02-13 18:42:00,33876,13.9483,13.95,13.97,13.97,13.945,119
2024-02-13 18:43:00,5539,13.9603,13.965,13.96,13.965,13.95,61
2024-02-13 18:44:00,4703,13.9575,13.96,13.95,13.96,13.95,46
2024-02-13 18:45:00,2222,13.9535,13.955,13.95,13.955,13.95,24
2024-02-13 18:46:00,2359,13.9509,13.955,13.95,13.955,13.95,15
2024-02-13 18:47:00,2960,13.9539,13.95,13.955,13.96,13.95,30
2024-02-13 18:48:00,1741,13.9525,13.955,13.95,13.955,13.95,31
2024-02-13 18:49:00,49414,13.9502,13.955,13.955,13.955,13.945,247
2024-02-13 18:50:00,2135,13.9531,13.95,13.955,13.955,13.95,24
2024-02-13 18:51:00,19940,13.9498,13.95,13.95,13.95,13.945,114
2024-02-13 18:52:00,11821,13.9606,13.95,13.965,13.97,13.95,82
2024-02-13 18:53:00,6916,13.9586,13.965,13.96,13.965,13.95,54
2024-02-13 18:54:00,1414,13.9537,13.955,13.95,13.955,13.95,21
2024-02-13 18:55:00,20932,13.95,13.955,13.95,13.955,13.945,114
2024-02-13 18:56:00,28787,13.9499,13.95,13.955,13.955,13.945,127
2024-02-13 18:57:00,3314,13.9531,13.955,13.95,13.955,13.95,32
2024-02-13 18:58:00,40755,13.9498,13.95,13.955,13.955,13.945,206
2024-02-13 18:59:00,2490,13.954,13.955,13.955,13.955,13.95,17
2024-02-13 19:00:00,55673,13.9498,13.95,13.95,13.956,13.945,247
2024-02-13 19:01:00,27009,13.9487,13.95,13.94,13.955,13.94,143
2024-02-13 19:02:00,15972,13.9302,13.94,13.915,13.94,13.91,96
2024-02-13 19:03:00,10074,13.9101,13.91,13.91,13.915,13.91,60
2024-02-13 19:04:00,10760,13.9086,13.91,13.91,13.91,13.9,76
2024-02-13 19:05:00,8558,13.91,13.92,13.9,13.92,13.9,49
2024-02-13 19:06:00,23333,13.885,13.9,13.88,13.9,13.88,135
2024-02-13 19:07:00,8284,13.8794,13.88,13.87,13.88,13.87,57
2024-02-13 19:08:00,37516,13.8786,13.87,13.875,13.88,13.87,164
2024-02-13 19:09:00,11536,13.8802,13.87,13.875,13.89,13.87,93
2024-02-13 19:10:00,14271,13.8687,13.87,13.86,13.875,13.86,91
2024-02-13 19:11:00,8622,13.871,13.86,13.87,13.875,13.86,52
2024-02-13 19:12:00,27120,13.8618,13.87,13.86,13.87,13.855,123
2024-02-13 19:13:00,16102,13.8592,13.862,13.865,13.865,13.8525,101
2024-02-13 19:14:00,11058,13.8683,13.87,13.865,13.875,13.865,98
2024-02-13 19:15:00,4865,13.8648,13.86,13.865,13.87,13.86,46
2024-02-13 19:16:00,6279,13.8605,13.86,13.86,13.865,13.86,36
2024-02-13 19:17:00,12745,13.8582,13.85,13.86,13.86,13.85,78
2024-02-13 19:18:00,58331,13.8704,13.86,13.875,13.88,13.86,253
2024-02-13 19:19:00,11478,13.8717,13.87,13.865,13.875,13.86,87
2024-02-13 19:20:00,38156,13.8652,13.87,13.855,13.875,13.855,226
2024-02-13 19:21:00,15622,13.8579,13.855,13.865,13.87,13.85,105
2024-02-13 19:22:00,12585,13.8701,13.865,13.87,13.875,13.865,105
2024-02-13 19:23:00,12624,13.8679,13.87,13.875,13.875,13.86,83
2024-02-13 19:24:00,19872,13.8624,13.87,13.85,13.87,13.85,166
2024-02-13 19:25:00,14814,13.8625,13.85,13.86,13.87,13.85,162
2024-02-13 19:26:00,4727,13.8575,13.86,13.855,13.86,13.855,58
2024-02-13 19:27:00,13180,13.869,13.859,13.865,13.875,13.859,139
2024-02-13 19:28:00,3579,13.8656,13.87,13.865,13.87,13.86,53
2024-02-13 19:29:00,16262,13.8611,13.865,13.865,13.865,13.8525,137
2024-02-13 19:30:00,31880,13.8756,13.86,13.86,13.885,13.86,190
2024-02-13 19:31:00,7647,13.86,13.86,13.86,13.865,13.854,63
2024-02-13 19:32:00,18876,13.8627,13.86,13.875,13.875,13.85,132
2024-02-13 19:33:00,4443,13.8695,13.88,13.865,13.88,13.86,54
2024-02-13 19:34:00,16835,13.8804,13.8659,13.885,13.89,13.865,146
2024-02-13 19:35:00,12771,13.8835,13.89,13.875,13.895,13.875,117
2024-02-13 19:36:00,5882,13.8709,13.87,13.865,13.875,13.865,47
2024-02-13 19:37:00,7031,13.8642,13.865,13.865,13.865,13.86,57
2024-02-13 19:38:00,2493,13.8638,13.87,13.86,13.87,13.86,36
2024-02-13 19:39:00,17272,13.8694,13.86,13.875,13.875,13.86,139
2024-02-13 19:40:00,17580,13.882,13.875,13.885,13.885,13.875,118
2024-02-13 19:41:00,10007,13.8755,13.88,13.87,13.885,13.87,73
2024-02-13 19:42:00,11629,13.8588,13.865,13.8501,13.865,13.85,62
2024-02-13 19:43:00,11987,13.8504,13.85,13.855,13.86,13.84,93
2024-02-13 19:44:00,32834,13.8617,13.8572,13.85,13.8661,13.85,124
2024-02-13 19:45:00,14217,13.8538,13.85,13.855,13.86,13.845,98
2024-02-13 19:46:00,5163,13.8532,13.85,13.85,13.855,13.85,47
2024-02-13 19:47:00,11019,13.8457,13.85,13.845,13.85,13.84,81
2024-02-13 19:48:00,57955,13.844,13.84,13.845,13.855,13.835,291
2024-02-13 19:49:00,32511,13.8412,13.85,13.84,13.85,13.834,239
2024-02-13 19:50:00,11645,13.8467,13.835,13.85,13.86,13.835,101
2024-02-13 19:51:00,26840,13.8406,13.8505,13.84,13.8505,13.83,114
2024-02-13 19:52:00,21965,13.8379,13.84,13.83,13.845,13.83,154
2024-02-13 19:53:00,27219,13.8302,13.835,13.835,13.84,13.82,136
2024-02-13 19:54:00,30381,13.8322,13.83,13.83,13.84,13.825,197
2024-02-13 19:55:00,32247,13.8299,13.83,13.825,13.835,13.825,229
2024-02-13 19:56:00,25935,13.8399,13.83,13.84,13.85,13.825,122
2024-02-13 19:57:00,5772,13.8453,13.85,13.845,13.85,13.84,64
2024-02-13 19:58:00,2355,13.8434,13.845,13.84,13.845,13.84,31
2024-02-13 19:59:00,25705,13.8378,13.845,13.83,13.845,13.83,189
2024-02-13 20:00:00,28233,13.8325,13.83,13.83,13.835,13.83,187
2024-02-13 20:01:00,41193,13.8304,13.83,13.83,13.8399,13.825,252
2024-02-13 20:02:00,17375,13.8281,13.83,13.825,13.83,13.82,76
2024-02-13 20:03:00,3611,13.8243,13.825,13.8225,13.83,13.82,45
2024-02-13 20:04:00,3760,13.8241,13.82,13.825,13.825,13.82,53
2024-02-13 20:05:00,32341,13.8305,13.83,13.83,13.835,13.825,223
2024-02-13 20:06:00,40967,13.839,13.83,13.835,13.845,13.83,266
2024-02-13 20:07:00,32184,13.8317,13.83,13.825,13.835,13.825,166
2024-02-13 20:08:00,6410,13.8319,13.83,13.8336,13.84,13.83,68
2024-02-13 20:09:00,17379,13.8312,13.83,13.835,13.84,13.82,137
2024-02-13 20:10:00,7891,13.8397,13.84,13.84,13.85,13.84,58
2024-02-13 20:11:00,4863,13.8358,13.84,13.835,13.84,13.83,64
2024-02-13 20:12:00,1967,13.8306,13.83,13.83,13.835,13.83,43
2024-02-13 20:13:00,9354,13.8214,13.83,13.81,13.83,13.81,107
2024-02-13 20:14:00,12859,13.8079,13.81,13.8,13.81,13.8,81
2024-02-13 20:15:00,16944,13.796,13.8,13.785,13.8,13.78,139
2024-02-13 20:16:00,4064,13.7838,13.785,13.78,13.79,13.78,60
2024-02-13 20:17:00,21313,13.779,13.78,13.78,13.78,13.77,196
2024-02-13 20:18:00,58565,13.7993,13.785,13.815,13.82,13.785,286
2024-02-13 20:19:00,10556,13.8212,13.815,13.83,13.83,13.815,107
2024-02-13 20:20:00,92798,13.8293,13.83,13.825,13.84,13.82,230
2024-02-13 20:21:00,3215,13.8254,13.82,13.83,13.83,13.82,43
2024-02-13 20:22:00,12607,13.8199,13.82,13.81,13.825,13.81,100
2024-02-13 20:23:00,9230,13.8074,13.81,13.805,13.81,13.8,73
2024-02-13 20:24:00,9330,13.8049,13.805,13.8,13.805,13.8,75
2024-02-13 20:25:00,25713,13.805,13.8,13.79,13.81,13.79,124
2024-02-13 20:26:00,17659,13.8016,13.795,13.8,13.81,13.79,106
2024-02-13 20:27:00,9859,13.8106,13.805,13.815,13.815,13.805,114
2024-02-13 20:28:00,12054,13.821,13.82,13.83,13.83,13.82,83
2024-02-13 20:29:00,21664,13.8209,13.82,13.83,13.83,13.814,211
2024-02-13 20:30:00,42864,13.8318,13.825,13.83,13.84,13.825,220
2024-02-13 20:31:00,14587,13.8278,13.83,13.825,13.835,13.82,119
2024-02-13 20:32:00,23037,13.8298,13.825,13.825,13.835,13.82,147
2024-02-13 20:33:00,4390,13.8253,13.82,13.825,13.83,13.82,48
2024-02-13 20:34:00,29483,13.8324,13.825,13.84,13.84,13.82,209
2024-02-13 20:35:00,32053,13.8428,13.84,13.845,13.85,13.835,202
2024-02-13 20:36:00,15801,13.8476,13.845,13.855,13.855,13.845,109
2024-02-13 20:37:00,16691,13.8551,13.8585,13.855,13.8585,13.85,70
2024-02-13 20:38:00,20870,13.8522,13.86,13.855,13.86,13.85,151
2024-02-13 20:39:00,16356,13.8483,13.85,13.84,13.855,13.84,145
2024-02-13 20:40:00,20548,13.8565,13.845,13.87,13.87,13.845,145
2024-02-13 20:41:00,13776,13.8776,13.87,13.88,13.8851,13.87,108
2024-02-13 20:42:00,10655,13.8837,13.88,13.885,13.89,13.88,71
2024-02-13 20:43:00,6820,13.8873,13.885,13.8825,13.89,13.8825,64
2024-02-13 20:44:00,13420,13.8831,13.89,13.88,13.89,13.88,130
2024-02-13 20:45:00,38158,13.8793,13.88,13.88,13.885,13.87,291
2024-02-13 20:46:00,57527,13.8822,13.89,13.875,13.895,13.87,285
2024-02-13 20:47:00,20947,13.8704,13.88,13.855,13.88,13.855,198
2024-02-13 20:48:00,62148,13.8544,13.85,13.85,13.865,13.845,327
2024-02-13 20:49:00,11978,13.8591,13.86,13.86,13.86,13.85,76
2024-02-13 20:50:00,54269,13.8518,13.85,13.835,13.87,13.83,271
2024-02-13 20:51:00,28753,13.8253,13.835,13.815,13.84,13.81,179
2024-02-13 20:52:00,59703,13.827,13.82,13.835,13.84,13.815,271
2024-02-13 20:53:00,49291,13.8395,13.835,13.84,13.85,13.83,288
2024-02-13 20:54:00,30055,13.8385,13.835,13.845,13.845,13.83,202
2024-02-13 20:55:00,80682,13.8524,13.845,13.865,13.865,13.84,392
2024-02-13 20:56:00,62064,13.8572,13.86,13.855,13.87,13.85,285
2024-02-13 20:57:00,66299,13.86,13.85,13.85,13.87,13.85,293
2024-02-13 20:58:00,79055,13.8593,13.855,13.865,13.87,13.85,308
2024-02-13 20:59:00,148292,13.8621,13.865,13.85,13.87,13.85,919
2024-02-13 21:00:00,1219,13.86,13.86,13.86,13.86,13.86,8
2024-02-13 22:01:00,500,13.783,13.783,13.783,13.783,13.783,1
2024-02-13 22:24:00,200,13.78,13.78,13.78,13.78,13.78,1
2024-02-14 12:07:00,150,13.98,13.98,13.98,13.98,13.98,1
2024-02-14 13:03:00,100,13.95,13.95,13.95,13.95,13.95,1
2024-02-14 13:06:00,3000,13.9499,13.9499,13.9499,13.9499,13.9499,1
2024-02-14 13:54:00,200,13.98,13.98,13.98,13.98,13.98,1
2024-02-14 14:19:00,515,13.98,13.98,13.98,13.98,13.98,2
2024-02-14 14:30:00,25482,13.999,14.0,13.965,14.03,13.95,58
2024-02-14 14:31:00,27769,13.9534,13.95,13.975,13.985,13.915,298
2024-02-14 14:32:00,27205,13.988,13.985,14.0,14.0,13.96,253
2024-02-14 14:33:00,140347,14.0045,14.005,14.02,14.04,13.99,293
2024-02-14 14:34:00,13235,14.0316,14.03,14.03,14.045,14.015,74
2024-02-14 14:35:00,20149,14.0456,14.03,14.07,14.07,14.02,116
2024-02-14 14:36:00,26147,14.0796,14.08,14.075,14.09,14.065,86
2024-02-14 14:37:00,26853,14.081,14.085,14.08,14.1,14.07,150
2024-02-14 14:38:00,14528,14.0831,14.09,14.085,14.095,14.075,120
2024-02-14 14:39:00,29686,14.0938,14.09,14.08,14.1,14.08,139
2024-02-14 14:40:00,26623,14.0819,14.08,14.0725,14.095,14.07,156
2024-02-14 14:41:00,50153,14.0679,14.07,14.045,14.08,14.04,253
2024-02-14 14:42:00,23727,14.0484,14.04,14.06,14.065,14.03,134
2024-02-14 14:43:00,63395,14.0837,14.07,14.095,14.1,14.065,300
2024-02-14 14:44:00,19883,14.105,14.1,14.13,14.13,14.08,138
2024-02-14 14:45:00,63150,14.1524,14.13,14.1394,14.1701,14.13,236
2024-02-14 14:46:00,28382,14.1117,14.14,14.07,14.15,14.07,239
2024-02-14 14:47:00,13289,14.0906,14.07,14.1,14.1,14.06,83
2024-02-14 14:48:00,5288,14.1002,14.1,14.11,14.11,14.09,53
2024-02-14 14:49:00,8231,14.1186,14.11,14.12,14.12,14.11,53
2024-02-14 14:50:00,13209,14.1184,14.115,14.1191,14.125,14.1,54
2024-02-14 14:51:00,4278,14.1212,14.12,14.12,14.125,14.12,31
2024-02-14 14:52:00,27734,14.1359,14.12,14.16,14.16,14.11,182
2024-02-14 14:53:00,77205,14.1529,14.16,14.165,14.1693,14.14,457
2024-02-14 14:54:00,21466,14.1699,14.165,14.1686,14.175,14.16,120
2024-02-14 14:55:00,10661,14.16,14.17,14.155,14.17,14.155,94
2024-02-14 14:56:00,13102,14.1671,14.16,14.16,14.17,14.16,68
2024-02-14 14:57:00,26499,14.1787,14.165,14.19,14.195,14.16,136
2024-02-14 14:58:00,26788,14.181,14.19,14.165,14.19,14.16,108
2024-02-14 14:59:00,26338,14.1711,14.17,14.165,14.18,14.165,145
2024-02-14 15:00:00,12412,14.1519,14.17,14.135,14.17,14.135,98
2024-02-14 15:01:00,15713,14.1224,14.13,14.125,14.13,14.11,101
2024-02-14 15:02:00,19220,14.1175,14.13,14.12,14.13,14.105,129
2024-02-14 15:03:00,7680,14.1376,14.125,14.155,14.16,14.12,63
2024-02-14 15:04:00,60902,14.1378,14.155,14.13,14.155,14.13,294
2024-02-14 15:05:00,9934,14.1225,14.125,14.14,14.14,14.11,93
2024-02-14 15:06:00,4986,14.1304,14.145,14.12,14.145,14.115,51
2024-02-14 15:07:00,7781,14.1162,14.12,14.115,14.13,14.105,87
2024-02-14 15:08:00,8898,14.1001,14.11,14.1,14.11,14.09,83
2024-02-14 15:09:00,2486,14.1078,14.1,14.12,14.12,14.095,43
2024-02-14 15:10:00,2946,14.1199,14.12,14.115,14.125,14.115,37
2024-02-14 15:11:00,3466,14.1157,14.11,14.12,14.125,14.11,47
2024-02-14 15:12:00,3481,14.1128,14.12,14.105,14.12,14.105,38
2024-02-14 15:13:00,2626,14.0916,14.105,14.08,14.105,14.08,32
2024-02-14 15:14:00,7259,14.0773,14.075,14.065,14.08,14.065,76
2024-02-14 15:15:00,1655,14.0557,14.06,14.055,14.06,14.05,21
2024-02-14 15:16:00,23761,14.0593,14.06,14.05,14.07,14.05,180
2024-02-14 15:17:00,7814,14.0565,14.055,14.06,14.065,14.05,94
2024-02-14 15:18:00,6962,14.0567,14.0651,14.049,14.0651,14.045,70
2024-02-14 15:19:00,4311,14.048,14.05,14.035,14.055,14.035,41
2024-02-14 15:20:00,6481,14.0204,14.03,14.02,14.035,14.01,63
2024-02-14 15:21:00,4598,14.0145,14.02,14.03,14.03,14.005,71
2024-02-14 15:22:00,8052,14.0444,14.03,14.045,14.05,14.03,35
2024-02-14 15:23:00,12511,14.0283,14.04,14.025,14.04,14.02,119
2024-02-14 15:24:00,10328,14.0253,14.03,14.0,14.035,14.0,103
2024-02-14 15:25:00,4776,13.9982,14.005,14.0,14.005,13.99,58
2024-02-14 15:26:00,6507,14.0021,14.0,14.005,14.01,13.995,66
2024-02-14 15:27:00,5463,14.0093,14.01,14.005,14.01,14.005,64
2024-02-14 15:28:00,5719,13.9951,14.005,13.985,14.005,13.985,58
2024-02-14 15:29:00,4320,13.9903,13.99,13.99,14.0,13.985,55
2024-02-14 15:30:00,34012,13.9748,13.99,13.955,14.02,13.94,287
2024-02-14 15:31:00,11620,13.9455,13.955,13.94,13.96,13.94,84
2024-02-14 15:32:00,17719,13.9323,13.94,13.93,13.94,13.92,149
2024-02-14 15:33:00,4529,13.9364,13.93,13.935,13.95,13.93,50
2024-02-14 15:34:00,11221,13.9452,13.94,13.925,13.955,13.925,95
2024-02-14 15:35:00,19565,13.906,13.93,13.895,13.93,13.895,91
2024-02-14 15:36:00,26394,13.8782,13.89,13.87,13.89,13.87,118
2024-02-14 15:37:00,13697,13.8497,13.8601,13.8377,13.87,13.835,88
2024-02-14 15:38:00,65115,13.8294,13.83,13.82,13.8367,13.815,116
2024-02-14 15:39:00,18319,13.8195,13.82,13.81,13.83,13.81,125
2024-02-14 15:40:00,13595,13.8056,13.815,13.785,13.815,13.785,117
2024-02-14 15:41:00,20789,13.7871,13.785,13.81,13.81,13.775,128
2024-02-14 15:42:00,19124,13.8197,13.8,13.84,13.84,13.8,126
2024-02-14 15:43:00,16797,13.8319,13.84,13.83,13.845,13.82,107
2024-02-14 15:44:00,3627,13.8331,13.84,13.84,13.84,13.83,42
2024-02-14 15:45:00,20877,13.8434,13.84,13.85,13.8592,13.83,181
2024-02-14 15:46:00,15891,13.8326,13.85,13.84,13.85,13.825,136
2024-02-14 15:47:00,11024,13.8606,13.845,13.87,13.87,13.84,87
2024-02-14 15:48:00,25614,13.852,13.87,13.845,13.87,13.84,210
2024-02-14 15:49:00,7976,13.8466,13.84,13.845,13.855,13.84,99
2024-02-14 15:50:00,12659,13.8459,13.85,13.84,13.855,13.84,70
2024-02-14 15:51:00,41527,13.8282,13.83,13.82,13.84,13.82,170
2024-02-14 15:52:00,194021,13.8135,13.82,13.825,13.835,13.795,463
2024-02-14 15:53:00,26538,13.8347,13.825,13.86,13.86,13.82,160
2024-02-14 15:54:00,21935,13.8507,13.86,13.86,13.86,13.83,145
2024-02-14 15:55:00,11931,13.8683,13.86,13.8796,13.8796,13.85,75
2024-02-14 15:56:00,9502,13.8674,13.88,13.86,13.88,13.86,84
2024-02-14 15:57:00,12762,13.8478,13.86,13.855,13.86,13.835,108
2024-02-14 15:58:00,8608,13.8723,13.86,13.89,13.9,13.86,74
2024-02-14 15:59:00,3226,13.891,13.89,13.885,13.9,13.88,44
2024-02-14 16:00:00,13268,13.8623,13.89,13.855,13.89,13.845,113
2024-02-14 16:01:00,20625,13.8408,13.855,13.83,13.86,13.83,90
2024-02-14 16:02:00,12314,13.8481,13.84,13.85,13.86,13.84,81
2024-02-14 16:03:00,10059,13.8348,13.84,13.83,13.84,13.82,88
2024-02-14 16:04:00,8612,13.8306,13.84,13.83,13.84,13.825,65
2024-02-14 16:05:00,6804,13.8296,13.83,13.835,13.84,13.82,58
2024-02-14 16:06:00,6673,13.8427,13.8398,13.85,13.85,13.83,48
2024-02-14 16:07:00,9281,13.8527,13.85,13.85,13.86,13.85,86
2024-02-14 16:08:00,6269,13.8439,13.85,13.83,13.85,13.83,59
2024-02-14 16:09:00,7034,13.8503,13.835,13.85,13.86,13.835,80
2024-02-14 16:10:00,11481,13.8397,13.845,13.845,13.85,13.834,71
2024-02-14 16:11:00,40743,13.8673,13.845,13.87,13.88,13.83,251
2024-02-14 16:12:00,5599,13.8781,13.87,13.88,13.89,13.87,51
2024-02-14 16:13:00,10760,13.879,13.88,13.875,13.885,13.87,61
2024-02-14 16:14:00,3879,13.8672,13.87,13.86,13.87,13.86,40
2024-02-14 16:15:00,11589,13.8673,13.86,13.865,13.875,13.86,59
2024-02-14 16:16:00,8074,13.8653,13.87,13.8647,13.87,13.86,31
2024-02-14 16:17:00,18367,13.8752,13.865,13.875,13.8897,13.865,132
2024-02-14 16:18:00,17525,13.874,13.87,13.88,13.8808,13.864,112
2024-02-14 16:19:00,9535,13.8812,13.875,13.884,13.885,13.875,75
2024-02-14 16:20:00,15211,13.8874,13.89,13.885,13.8964,13.88,71
2024-02-14 16:21:00,7550,13.8756,13.8875,13.88,13.8875,13.87,55
2024-02-14 16:22:00,19033,13.8865,13.88,13.8825,13.895,13.88,109
2024-02-14 16:23:00,19209,13.8909,13.88,13.89,13.9,13.88,113
2024-02-14 16:24:00,25529,13.8943,13.89,13.89,13.9,13.88,91
2024-02-14 16:25:00,15516,13.8954,13.89,13.915,13.915,13.88,111
2024-02-14 16:26:00,6020,13.9152,13.91,13.915,13.92,13.91,34
2024-02-14 16:27:00,5088,13.9144,13.915,13.915,13.92,13.91,23
2024-02-14 16:28:00,12842,13.9113,13.91,13.9025,13.915,13.9025,83
2024-02-14 16:29:00,5440,13.9066,13.9025,13.91,13.91,13.9,54
2024-02-14 16:30:00,6596,13.9115,13.91,13.915,13.92,13.91,63
2024-02-14 16:31:00,11190,13.9275,13.915,13.935,13.94,13.914,88
2024-02-14 16:32:00,8753,13.9239,13.93,13.91,13.935,13.91,83
2024-02-14 16:33:00,4469,13.9179,13.91,13.9255,13.9255,13.91,47
2024-02-14 16:34:00,1952,13.923,13.925,13.925,13.925,13.92,20
2024-02-14 16:35:00,3786,13.9159,13.925,13.915,13.93,13.91,35
2024-02-14 16:36:00,11692,13.9183,13.915,13.9114,13.925,13.91,100
2024-02-14 16:37:00,4607,13.9201,13.915,13.93,13.93,13.915,47
2024-02-14 16:38:00,7037,13.9292,13.924,13.92,13.935,13.92,76
2024-02-14 16:39:00,1824,13.93,13.93,13.93,13.93,13.93,27
2024-02-14 16:40:00,7143,13.9258,13.935,13.9185,13.935,13.915,60
2024-02-14 16:41:00,9058,13.9158,13.91,13.92,13.9206,13.91,51
2024-02-14 16:42:00,5373,13.9206,13.92,13.925,13.9262,13.915,54
2024-02-14 16:43:00,14154,13.9205,13.92,13.91,13.93,13.91,109
2024-02-14 16:44:00,17905,13.9167,13.92,13.9241,13.93,13.91,51
2024-02-14 16:45:00,5236,13.9236,13.92,13.925,13.93,13.92,32
2024-02-14 16:46:00,1877,13.9165,13.925,13.91,13.925,13.91,20
2024-02-14 16:47:00,9454,13.9098,13.91,13.905,13.915,13.9,74
2024-02-14 16:48:00,7603,13.9081,13.905,13.9072,13.91,13.9,39
2024-02-14 16:49:00,1508,13.9027,13.91,13.905,13.91,13.9,21
2024-02-14 16:50:00,4338,13.9122,13.91,13.915,13.92,13.91,46
2024-02-14 16:51:00,3983,13.9062,13.91,13.905,13.91,13.9,41
2024-02-14 16:52:00,3767,13.9012,13.9,13.895,13.906,13.895,43
2024-02-14 16:53:00,5850,13.9008,13.9,13.905,13.907,13.895,44
2024-02-14 16:54:00,8146,13.8939,13.9,13.8869,13.9,13.885,52
2024-02-14 16:55:00,8963,13.8804,13.88,13.88,13.885,13.88,57
2024-02-14 16:56:00,4582,13.8666,13.875,13.865,13.875,13.86,44
2024-02-14 16:57:00,11509,13.8643,13.87,13.855,13.87,13.855,116
2024-02-14 16:58:00,3188,13.8623,13.855,13.85,13.855,13.85,31
2024-02-14 16:59:00,9262,13.8591,13.855,13.855,13.865,13.85,87
2024-02-14 17:00:00,9887,13.8489,13.855,13.85,13.856,13.84,72
2024-02-14 17:01:00,4429,13.8546,13.85,13.855,13.8599,13.85,42
2024-02-14 17:02:00,10322,13.8426,13.85,13.84,13.8504,13.83,82
2024-02-14 17:03:00,19343,13.8434,13.835,13.82,13.856,13.82,165
2024-02-14 17:04:00,8132,13.8187,13.82,13.825,13.825,13.81,60
2024-02-14 17:05:00,10061,13.8099,13.824,13.8,13.825,13.8,75
2024-02-14 17:06:00,18600,13.8052,13.8,13.825,13.825,13.8,116
2024-02-14 17:07:00,18014,13.8192,13.82,13.825,13.825,13.81,151
2024-02-14 17:08:00,18848,13.8197,13.82,13.815,13.825,13.81,71
2024-02-14 17:09:00,7914,13.8109,13.81,13.815,13.82,13.8,69
2024-02-14 17:10:00,9401,13.8253,13.815,13.83,13.835,13.815,83
2024-02-14 17:11:00,8083,13.8352,13.83,13.845,13.845,13.83,84
2024-02-14 17:12:00,12040,13.847,13.845,13.854,13.86,13.8384,73
2024-02-14 17:13:00,11916,13.8429,13.85,13.845,13.855,13.84,96
2024-02-14 17:14:00,7657,13.8429,13.84,13.84,13.845,13.84,34
2024-02-14 17:15:00,13334,13.8451,13.84,13.855,13.86,13.83,108
2024-02-14 17:16:00,3464,13.8527,13.85,13.85,13.86,13.85,25
2024-02-14 17:17:00,13035,13.8548,13.855,13.855,13.86,13.84,123
2024-02-14 17:18:00,8799,13.8634,13.855,13.875,13.875,13.85,56
2024-02-14 17:19:00,10411,13.8745,13.87,13.885,13.885,13.87,70
2024-02-14 17:20:00,6434,13.8799,13.885,13.875,13.885,13.87,51
2024-02-14 17:21:00,4400,13.8722,13.875,13.87,13.88,13.87,38
2024-02-14 17:22:00,9034,13.86,13.86,13.86,13.865,13.855,54
2024-02-14 17:23:00,3955,13.857,13.85,13.86,13.87,13.85,41
2024-02-14 17:24:00,5965,13.8614,13.865,13.855,13.865,13.85,34
2024-02-14 17:25:00,1430,13.8521,13.855,13.85,13.855,13.85,13
2024-02-14 17:26:00,6280,13.8504,13.85,13.85,13.855,13.845,76
2024-02-14 17:27:00,8120,13.857,13.855,13.855,13.86,13.85,72
2024-02-14 17:28:00,4335,13.8585,13.86,13.855,13.86,13.85,43
2024-02-14 17:29:00,3353,13.8573,13.85,13.855,13.86,13.85,32
2024-02-14 17:30:00,2486,13.8524,13.855,13.85,13.855,13.85,29
2024-02-14 17:31:00,4456,13.8582,13.855,13.86,13.86,13.85,61
2024-02-14 17:32:00,6350,13.8571,13.865,13.85,13.865,13.85,53
2024-02-14 17:33:00,2938,13.8517,13.85,13.85,13.855,13.85,27
2024-02-14 17:34:00,11968,13.8429,13.85,13.845,13.85,13.84,96
2024-02-14 17:35:00,10230,13.8492,13.845,13.84,13.855,13.84,88
2024-02-14 17:36:00,9071,13.8322,13.84,13.84,13.84,13.83,95
2024-02-14 17:37:00,4740,13.8363,13.83,13.84,13.84,13.83,24
2024-02-14 17:38:00,6386,13.849,13.84,13.86,13.86,13.84,78
2024-02-14 17:39:00,7252,13.8495,13.85,13.85,13.855,13.845,76
2024-02-14 17:40:00,2012,13.8538,13.85,13.855,13.855,13.85,24
2024-02-14 17:41:00,2969,13.8493,13.85,13.84,13.855,13.84,44
2024-02-14 17:42:00,4617,13.8504,13.845,13.86,13.86,13.845,51
2024-02-14 17:43:00,2787,13.8533,13.85,13.855,13.855,13.85,39
2024-02-14 17:44:00,13105,13.8678,13.86,13.8662,13.875,13.86,137
2024-02-14 17:45:00,6526,13.8692,13.865,13.87,13.8758,13.86,64
2024-02-14 17:46:00,9515,13.8704,13.87,13.87,13.875,13.865,67
2024-02-14 17:47:00,9769,13.8554,13.87,13.85,13.87,13.845,89
2024-02-14 17:48:00,4970,13.8599,13.85,13.8609,13.865,13.85,33
2024-02-14 17:49:00,12039,13.8683,13.86,13.865,13.87,13.86,87
2024-02-14 17:50:00,8114,13.865,13.865,13.865,13.87,13.86,46
2024-02-14 17:51:00,4400,13.8663,13.87,13.865,13.87,13.864,34
2024-02-14 17:52:00,4760,13.8675,13.87,13.865,13.87,13.864,45
2024-02-14 17:53:00,8573,13.861,13.87,13.855,13.87,13.855,68
2024-02-14 17:54:00,6309,13.8563,13.86,13.855,13.86,13.8521,40
2024-02-14 17:55:00,3938,13.8542,13.85,13.8572,13.86,13.85,26
2024-02-14 17:56:00,5593,13.8619,13.86,13.865,13.865,13.855,66
2024-02-14 17:57:00,5562,13.8582,13.865,13.85,13.865,13.85,53
2024-02-14 17:58:00,8599,13.8564,13.855,13.855,13.86,13.855,23
2024-02-14 17:59:00,6650,13.8569,13.85,13.86,13.86,13.85,56
2024-02-14 18:00:00,3432,13.8643,13.865,13.8608,13.8691,13.86,23
2024-02-14 18:01:00,9858,13.8688,13.87,13.865,13.875,13.86,102
2024-02-14 18:02:00,6686,13.8725,13.87,13.875,13.875,13.869,48
2024-02-14 18:03:00,11749,13.8715,13.87,13.875,13.88,13.87,99
2024-02-14 18:04:00,4570,13.8831,13.88,13.885,13.89,13.88,33
2024-02-14 18:05:00,8132,13.8833,13.88,13.885,13.89,13.88,56
2024-02-14 18:06:00,5435,13.8885,13.885,13.895,13.895,13.884,56
2024-02-14 18:07:00,4730,13.8928,13.89,13.895,13.895,13.89,44
2024-02-14 18:08:00,5200,13.8881,13.89,13.885,13.895,13.88,37
2024-02-14 18:09:00,4881,13.8771,13.88,13.875,13.885,13.87,57
2024-02-14 18:10:00,18145,13.8699,13.87,13.87,13.88,13.86,131
2024-02-14 18:11:00,3886,13.8716,13.87,13.87,13.875,13.87,41
2024-02-14 18:12:00,4164,13.8705,13.875,13.86,13.88,13.86,50
2024-02-14 18:13:00,3769,13.8598,13.86,13.855,13.86,13.85,37
2024-02-14 18:14:00,2591,13.855,13.855,13.855,13.86,13.85,40
2024-02-14 18:15:00,8137,13.8629,13.85,13.87,13.87,13.85,82
2024-02-14 18:16:00,4876,13.8695,13.87,13.875,13.88,13.86,59
2024-02-14 18:17:00,5461,13.8817,13.88,13.88,13.885,13.875,58
2024-02-14 18:18:00,7467,13.8751,13.88,13.865,13.88,13.865,60
2024-02-14 18:19:00,3097,13.8605,13.865,13.85,13.8652,13.85,35
2024-02-14 18:20:00,3972,13.8536,13.85,13.855,13.86,13.85,41
2024-02-14 18:21:00,3510,13.8553,13.86,13.855,13.86,13.85,41
2024-02-14 18:22:00,12665,13.865,13.855,13.87,13.875,13.85,122
2024-02-14 18:23:00,11647,13.855,13.865,13.845,13.865,13.845,74
2024-02-14 18:24:00,3469,13.8528,13.845,13.845,13.85,13.84,32
2024-02-14 18:25:00,2026,13.8422,13.84,13.845,13.845,13.84,20
2024-02-14 18:26:00,1389,13.8425,13.84,13.85,13.85,13.84,20
2024-02-14 18:27:00,6343,13.8379,13.84,13.83,13.845,13.83,61
2024-02-14 18:28:00,2480,13.8328,13.835,13.83,13.8375,13.83,14
2024-02-14 18:29:00,9111,13.838,13.83,13.8498,13.8498,13.83,66
2024-02-14 18:30:00,9053,13.8482,13.84,13.86,13.86,13.84,93
2024-02-14 18:31:00,4562,13.849,13.855,13.845,13.855,13.845,49
2024-02-14 18:32:00,3104,13.8499,13.845,13.855,13.855,13.845,42
2024-02-14 18:33:00,6369,13.8614,13.855,13.865,13.8699,13.85,73
2024-02-14 18:34:00,4496,13.8648,13.865,13.87,13.87,13.865,58
2024-02-14 18:35:00,5786,13.8689,13.865,13.88,13.88,13.86,64
2024-02-14 18:36:00,5778,13.882,13.875,13.885,13.89,13.875,65
2024-02-14 18:37:00,13217,13.8899,13.88,13.9,13.9,13.88,140
2024-02-14 18:38:00,55909,13.9199,13.895,13.92,13.94,13.895,330
2024-02-14 18:39:00,8841,13.9236,13.92,13.925,13.93,13.92,70
2024-02-14 18:40:00,5626,13.9208,13.92,13.92,13.925,13.92,62
2024-02-14 18:41:00,8528,13.9106,13.915,13.905,13.915,13.9,74
2024-02-14 18:42:00,5567,13.8991,13.905,13.895,13.905,13.89,67
2024-02-14 18:43:00,7760,13.9024,13.9,13.905,13.91,13.9,76
2024-02-14 18:44:00,4533,13.8982,13.9,13.89,13.905,13.89,73
2024-02-14 18:45:00,4737,13.9012,13.899,13.9,13.9,13.895,55
2024-02-14 18:46:00,12193,13.9001,13.9,13.905,13.905,13.895,113
2024-02-14 18:47:00,6883,13.8932,13.905,13.88,13.905,13.88,62
2024-02-14 18:48:00,1619,13.8824,13.88,13.88,13.885,13.88,26
2024-02-14 18:49:00,1105,13.8817,13.885,13.885,13.885,13.88,10
2024-02-14 18:50:00,2357,13.8841,13.885,13.885,13.89,13.88,19
2024-02-14 18:51:00,15524,13.8893,13.885,13.89,13.8995,13.88,165
2024-02-14 18:52:00,2576,13.8936,13.89,13.9,13.9,13.89,42
2024-02-14 18:53:00,2446,13.8963,13.89,13.895,13.9,13.89,26
2024-02-14 18:54:00,3234,13.8916,13.895,13.895,13.895,13.89,40
2024-02-14 18:55:00,7044,13.89,13.89,13.885,13.895,13.88,71
2024-02-14 18:56:00,4372,13.8834,13.885,13.88,13.885,13.88,43
2024-02-14 18:57:00,2031,13.8857,13.89,13.885,13.89,13.885,56
2024-02-14 18:58:00,1847,13.8829,13.885,13.885,13.885,13.88,26
2024-02-14 18:59:00,2856,13.884,13.885,13.89,13.89,13.88,41
2024-02-14 19:00:00,19539,13.8933,13.885,13.885,13.905,13.885,195
2024-02-14 19:01:00,4355,13.8894,13.88,13.895,13.895,13.88,57
2024-02-14 19:02:00,5071,13.8881,13.89,13.88,13.89,13.88,64
2024-02-14 19:03:00,6426,13.8802,13.885,13.875,13.885,13.875,79
2024-02-14 19:04:00,9705,13.8847,13.88,13.895,13.895,13.88,97
2024-02-14 19:05:00,10016,13.8812,13.89,13.8899,13.89,13.87,82
2024-02-14 19:06:00,4946,13.8794,13.88,13.88,13.885,13.87,48
2024-02-14 19:07:00,4441,13.8801,13.88,13.88,13.8867,13.87,44
2024-02-14 19:08:00,4255,13.8708,13.875,13.875,13.875,13.87,34
2024-02-14 19:09:00,6067,13.8796,13.875,13.885,13.885,13.875,58
2024-02-14 19:10:00,9840,13.8866,13.88,13.8995,13.8995,13.88,69
2024-02-14 19:11:00,8758,13.8902,13.895,13.885,13.895,13.885,76
2024-02-14 19:12:00,4140,13.892,13.885,13.895,13.9,13.885,59
2024-02-14 19:13:00,5911,13.9011,13.9,13.905,13.905,13.9,60
2024-02-14 19:14:00,6445,13.9064,13.905,13.9,13.91,13.9,34
2024-02-14 19:15:00,11649,13.91,13.91,13.905,13.915,13.9,85
2024-02-14 19:16:00,7207,13.8996,13.905,13.89,13.905,13.89,62
2024-02-14 19:17:00,2922,13.8932,13.9,13.89,13.9,13.89,42
2024-02-14 19:18:00,6617,13.8898,13.89,13.8825,13.895,13.8825,60
2024-02-14 19:19:00,7163,13.8887,13.88,13.89,13.895,13.88,77
2024-02-14 19:20:00,3442,13.8924,13.89,13.89,13.8999,13.89,47
2024-02-14 19:21:00,12128,13.9024,13.9,13.905,13.91,13.9,103
2024-02-14 19:22:00,2383,13.9052,13.905,13.91,13.91,13.9,30
2024-02-14 19:23:00,5496,13.9032,13.9,13.905,13.91,13.9,43
2024-02-14 19:24:00,13923,13.9147,13.91,13.925,13.925,13.905,104
2024-02-14 19:25:00,15616,13.93,13.925,13.935,13.935,13.925,105
2024-02-14 19:26:00,12572,13.9276,13.93,13.925,13.935,13.92,54
2024-02-14 19:27:00,3654,13.9231,13.92,13.925,13.93,13.92,42
2024-02-14 19:28:00,12916,13.9296,13.93,13.925,13.935,13.92,119
2024-02-14 19:29:00,6308,13.9302,13.9282,13.93,13.935,13.925,64
2024-02-14 19:30:00,11602,13.9345,13.935,13.935,13.94,13.93,36
2024-02-14 19:31:00,11838,13.9285,13.935,13.925,13.935,13.92,90
2024-02-14 19:32:00,10704,13.928,13.92,13.935,13.935,13.92,114
2024-02-14 19:33:00,3451,13.9334,13.93,13.93,13.935,13.93,44
2024-02-14 19:34:00,8418,13.9442,13.94,13.945,13.95,13.94,67
2024-02-14 19:35:00,1637,13.944,13.945,13.945,13.945,13.94,20
2024-02-14 19:36:00,3842,13.9442,13.94,13.945,13.945,13.94,30
2024-02-14 19:37:00,25523,13.9542,13.945,13.965,13.97,13.945,154
2024-02-14 19:38:00,15333,13.9716,13.97,13.98,13.98,13.965,111
2024-02-14 19:39:00,14749,13.9709,13.97,13.96,13.975,13.96,79
2024-02-14 19:40:00,8510,13.9593,13.96,13.955,13.965,13.95,82
2024-02-14 19:41:00,3090,13.9536,13.95,13.955,13.96,13.95,25
2024-02-14 19:42:00,7161,13.9605,13.955,13.96,13.965,13.95,72
2024-02-14 19:43:00,6895,13.9688,13.97,13.97,13.97,13.96,50
2024-02-14 19:44:00,5238,13.974,13.975,13.975,13.98,13.97,49
2024-02-14 19:45:00,7920,13.9715,13.975,13.965,13.975,13.965,54
2024-02-14 19:46:00,5959,13.9662,13.97,13.96,13.97,13.96,31
2024-02-14 19:47:00,13762,13.954,13.96,13.95,13.96,13.95,75
2024-02-14 19:48:00,2532,13.9532,13.955,13.955,13.955,13.95,27
2024-02-14 19:49:00,23757,13.9484,13.955,13.9499,13.955,13.94,113
2024-02-14 19:50:00,17002,13.9409,13.945,13.945,13.95,13.93,114
2024-02-14 19:51:00,49821,13.9539,13.945,13.955,13.96,13.9425,156
2024-02-14 19:52:00,33917,13.9569,13.96,13.95,13.965,13.95,230
2024-02-14 19:53:00,27669,13.9596,13.95,13.96,13.965,13.95,169
2024-02-14 19:54:00,4584,13.9635,13.96,13.965,13.965,13.96,52
2024-02-14 19:55:00,6880,13.9557,13.96,13.95,13.96,13.95,64
2024-02-14 19:56:00,20798,13.9593,13.95,13.975,13.975,13.95,134
2024-02-14 19:57:00,4707,13.9725,13.975,13.975,13.975,13.97,60
2024-02-14 19:58:00,32811,13.9722,13.975,13.965,13.98,13.96,258
2024-02-14 19:59:00,9325,13.974,13.965,13.985,13.985,13.965,93
2024-02-14 20:00:00,9819,13.9741,13.98,13.975,13.985,13.97,80
2024-02-14 20:01:00,10877,13.9784,13.97,13.985,13.985,13.97,101
2024-02-14 20:02:00,9339,13.978,13.98,13.97,13.985,13.97,90
2024-02-14 20:03:00,31294,13.9807,13.975,13.985,13.99,13.975,217
2024-02-14 20:04:00,3646,13.9823,13.98,13.985,13.99,13.98,35
2024-02-14 20:05:00,4194,13.9827,13.985,13.98,13.985,13.98,41
2024-02-14 20:06:00,30803,13.9721,13.98,13.96,13.98,13.96,240
2024-02-14 20:07:00,25917,13.9777,13.96,13.975,13.985,13.96,212
2024-02-14 20:08:00,19370,13.9708,13.975,13.975,13.98,13.96,139
2024-02-14 20:09:00,2737,13.9729,13.97,13.97,13.975,13.97,21
2024-02-14 20:10:00,21632,13.9754,13.975,13.975,13.98,13.97,91
2024-02-14 20:11:00,5124,13.9737,13.97,13.975,13.975,13.97,38
2024-02-14 20:12:00,40348,13.9796,13.975,13.985,13.99,13.97,253
2024-02-14 20:13:00,74140,13.9897,13.98,13.995,14.0,13.98,94
2024-02-14 20:14:00,38970,13.9905,13.99,13.995,13.995,13.98,191
2024-02-14 20:15:00,34690,14.0066,14.0,14.015,14.015,13.99,146
2024-02-14 20:16:00,53740,14.0031,14.01,14.01,14.015,13.98,247
2024-02-14 20:17:00,49987,14.0105,14.01,14.015,14.015,14.005,239
2024-02-14 20:18:00,24680,14.0198,14.01,14.01,14.025,14.01,164
2024-02-14 20:19:00,48219,14.0098,14.01,14.01,14.015,14.0,258
2024-02-14 20:20:00,302375,14.0046,14.01,13.99,14.01,13.99,253
2024-02-14 20:21:00,29644,14.0005,13.99,14.005,14.01,13.99,119
2024-02-14 20:22:00,149315,14.0043,14.005,13.995,14.0099,13.99,106
2024-02-14 20:23:00,86057,13.9962,13.995,14.0,14.005,13.99,351
2024-02-14 20:24:00,122740,14.0022,13.995,13.995,14.005,13.99,223
2024-02-14 20:25:00,55149,13.9975,13.995,14.0,14.01,13.985,260
2024-02-14 20:26:00,13299,13.9961,13.995,13.995,14.0,13.99,64
2024-02-14 20:27:00,24885,13.9986,13.995,14.0,14.005,13.99,115
2024-02-14 20:28:00,34368,14.0042,14.005,14.015,14.015,13.995,204
2024-02-14 20:29:00,11487,14.0139,14.01,14.01,14.02,14.01,67
2024-02-14 20:30:00,33122,14.0115,14.015,14.015,14.02,14.01,142
2024-02-14 20:31:00,34610,14.0212,14.01,14.03,14.03,14.01,182
2024-02-14 20:32:00,92746,14.0479,14.025,14.05,14.06,14.025,407
2024-02-14 20:33:00,73080,14.0326,14.045,14.04,14.045,14.025,346
2024-02-14 20:34:00,20076,14.0391,14.04,14.035,14.04,14.035,126
2024-02-14 20:35:00,53657,14.0261,14.035,14.02,14.035,14.015,361
2024-02-14 20:36:00,86275,14.0217,14.02,14.015,14.03,14.015,353
2024-02-14 20:37:00,397229,14.015,14.015,14.01,14.02,14.01,277
2024-02-14 20:38:00,75531,14.0072,14.015,14.02,14.02,13.99,275
2024-02-14 20:39:00,55963,14.0103,14.01,14.005,14.02,14.0,188
2024-02-14 20:40:00,44246,14.0096,14.005,14.01,14.02,14.0,181
2024-02-14 20:41:00,18134,14.0025,14.01,13.995,14.01,13.99,122
2024-02-14 20:42:00,51134,13.9947,14.0,13.98,14.0,13.9701,149
2024-02-14 20:43:00,18885,13.9879,13.975,13.99,13.99,13.975,171
2024-02-14 20:44:00,12129,13.9818,13.985,13.985,13.99,13.98,90
2024-02-14 20:45:00,41869,13.9834,13.985,14.0,14.0,13.97,297
2024-02-14 20:46:00,26337,13.9999,14.0,14.005,14.01,13.995,161
2024-02-14 20:47:00,57393,13.9996,14.005,14.0,14.005,13.99,285
2024-02-14 20:48:00,58442,14.0001,14.0,14.0,14.005,13.995,310
2024-02-14 20:49:00,16513,14.0004,14.0,14.005,14.005,14.0,107
2024-02-14 20:50:00,40756,14.0049,14.005,14.005,14.01,14.0,317
2024-02-14 20:51:00,171792,14.0088,14.0,14.005,14.02,14.0,895
2024-02-14 20:52:00,45498,14.0103,14.005,14.03,14.03,14.0,335
2024-02-14 20:53:00,42192,14.0211,14.03,14.03,14.03,14.02,258
2024-02-14 20:54:00,62662,14.0315,14.025,14.03,14.04,14.02,421
2024-02-14 20:55:00,51413,14.0352,14.03,14.04,14.04,14.03,397
2024-02-14 20:56:00,61078,14.0363,14.04,14.03,14.04,14.03,505
2024-02-14 20:57:00,95027,14.0334,14.035,14.04,14.04,14.02,557
2024-02-14 20:58:00,90511,14.0367,14.03,14.04,14.04,14.03,743
2024-02-14 20:59:00,249787,14.0427,14.035,14.03,14.06,14.03,1756
2024-02-14 21:00:00,31510,14.0399,14.03,14.04,14.04,14.03,10
2024-02-14 21:28:00,712,14.15,14.15,14.15,14.15,14.15,4
2024-02-14 23:24:00,3000,14.06,14.06,14.06,14.06,14.06,1
2024-02-15 12:32:00,500,13.8994,13.9,13.9,13.9,13.9,2
2024-02-15 13:12:00,100,13.98,13.98,13.98,13.98,13.98,1
2024-02-15 14:17:00,1505,14.0311,14.0311,14.0311,14.0311,14.0311,2
2024-02-15 14:24:00,500,14.05,14.05,14.05,14.05,14.05,3
2024-02-15 14:30:00,56814,14.1069,14.1,14.18,14.19,14.08,125
2024-02-15 14:31:00,27187,14.1766,14.18,14.2,14.2,14.15,136
2024-02-15 14:32:00,23183,14.1913,14.2,14.2,14.2,14.18,78
2024-02-15 14:33:00,15232,14.1958,14.2,14.1924,14.2001,14.185,108
2024-02-15 14:34:00,11263,14.184,14.19,14.165,14.2,14.165,79
2024-02-15 14:35:00,18263,14.1766,14.17,14.19,14.195,14.155,134
2024-02-15 14:36:00,14126,14.1806,14.18,14.1915,14.1915,14.17,88
2024-02-15 14:37:00,22752,14.2202,14.195,14.23,14.235,14.195,148
2024-02-15 14:38:00,29888,14.2266,14.22,14.25,14.25,14.205,132
2024-02-15 14:39:00,11461,14.2462,14.25,14.245,14.25,14.24,33
2024-02-15 14:40:00,45620,14.2571,14.2425,14.29,14.29,14.23,176
2024-02-15 14:41:00,9356,14.305,14.3,14.31,14.31,14.3,75
2024-02-15 14:42:00,13436,14.3602,14.33,14.375,14.38,14.33,88
2024-02-15 14:43:00,28571,14.3786,14.38,14.3856,14.39,14.37,148
2024-02-15 14:44:00,31844,14.3784,14.385,14.38,14.385,14.37,141
2024-02-15 14:45:00,16954,14.3911,14.39,14.38,14.4,14.375,97
2024-02-15 14:46:00,3620,14.3813,14.385,14.385,14.39,14.375,32
2024-02-15 14:47:00,25144,14.3679,14.385,14.38,14.385,14.35,159
2024-02-15 14:48:00,28047,14.3833,14.38,14.38,14.4,14.38,75
2024-02-15 14:49:00,37528,14.3444,14.38,14.3298,14.38,14.32,149
2024-02-15 14:50:00,21698,14.317,14.32,14.33,14.335,14.305,114
2024-02-15 14:51:00,36720,14.3412,14.33,14.34,14.36,14.32,196
2024-02-15 14:52:00,8245,14.3281,14.34,14.315,14.345,14.315,63
2024-02-15 14:53:00,7667,14.3232,14.32,14.3212,14.3311,14.305,64
2024-02-15 14:54:00,10727,14.3372,14.33,14.34,14.35,14.315,73
2024-02-15 14:55:00,12544,14.3524,14.34,14.35,14.36,14.34,61
2024-02-15 14:56:00,7682,14.3263,14.35,14.305,14.355,14.305,79
2024-02-15 14:57:00,4035,14.3075,14.305,14.309,14.31,14.3,36
2024-02-15 14:58:00,18097,14.3099,14.3,14.315,14.32,14.3,55
2024-02-15 14:59:00,18156,14.3012,14.31,14.3,14.31,14.295,110
2024-02-15 15:00:00,7172,14.3234,14.305,14.33,14.33,14.305,88
2024-02-15 15:01:00,4121,14.3436,14.33,14.35,14.35,14.33,46
2024-02-15 15:02:00,8153,14.3545,14.36,14.35,14.36,14.35,60
2024-02-15 15:03:00,6612,14.345,14.35,14.335,14.35,14.335,69
2024-02-15 15:04:00,5102,14.3367,14.34,14.35,14.35,14.33,43
2024-02-15 15:05:00,6152,14.3397,14.34,14.34,14.345,14.335,81
2024-02-15 15:06:00,4996,14.3514,14.34,14.35,14.36,14.335,53
2024-02-15 15:07:00,4866,14.3575,14.35,14.345,14.365,14.345,69
2024-02-15 15:08:00,7338,14.3528,14.35,14.3479,14.36,14.345,68
2024-02-15 15:09:00,7733,14.3665,14.35,14.375,14.375,14.35,77
2024-02-15 15:10:00,11054,14.3778,14.38,14.3704,14.385,14.37,77
2024-02-15 15:11:00,26260,14.3653,14.37,14.34,14.38,14.34,166
2024-02-15 15:12:00,7058,14.3474,14.345,14.3475,14.3499,14.34,41
2024-02-15 15:13:00,26768,14.3227,14.34,14.32,14.34,14.31,191
2024-02-15 15:14:00,10141,14.3312,14.33,14.3375,14.34,14.32,101
2024-02-15 15:15:00,10503,14.3347,14.33,14.35,14.355,14.325,124
2024-02-15 15:16:00,11362,14.3371,14.35,14.335,14.35,14.325,125
2024-02-15 15:17:00,16334,14.3557,14.34,14.355,14.365,14.34,189
2024-02-15 15:18:00,26330,14.3674,14.36,14.36,14.38,14.35,206
2024-02-15 15:19:00,11860,14.3588,14.36,14.365,14.365,14.35,137
2024-02-15 15:20:00,26587,14.3625,14.36,14.375,14.38,14.35,211
2024-02-15 15:21:00,18188,14.3805,14.38,14.39,14.39,14.38,134
2024-02-15 15:22:00,25595,14.3917,14.385,14.4,14.4,14.385,193
2024-02-15 15:23:00,14229,14.4002,14.395,14.408,14.41,14.3929,111
2024-02-15 15:24:00,11278,14.4175,14.41,14.415,14.43,14.405,93
2024-02-15 15:25:00,12691,14.4037,14.415,14.405,14.415,14.395,127
2024-02-15 15:26:00,20004,14.4021,14.405,14.4,14.41,14.395,122
2024-02-15 15:27:00,9316,14.3997,14.4,14.4025,14.41,14.39,94
2024-02-15 15:28:00,12799,14.3952,14.41,14.38,14.41,14.38,87
2024-02-15 15:29:00,18008,14.3696,14.38,14.3701,14.38,14.355,155
2024-02-15 15:30:00,18321,14.3665,14.38,14.36,14.38,14.355,177
2024-02-15 15:31:00,9463,14.344,14.36,14.335,14.365,14.33,81
2024-02-15 15:32:00,25468,14.3296,14.33,14.32,14.34,14.315,242
2024-02-15 15:33:00,12755,14.3359,14.325,14.35,14.355,14.325,131
2024-02-15 15:34:00,6916,14.3453,14.35,14.34,14.35,14.335,90
2024-02-15 15:35:00,8937,14.3457,14.345,14.335,14.35,14.335,75
2024-02-15 15:36:00,7967,14.3404,14.34,14.345,14.35,14.335,98
2024-02-15 15:37:00,10252,14.3623,14.349,14.365,14.38,14.349,116
2024-02-15 15:38:00,6683,14.3509,14.36,14.34,14.36,14.34,58
2024-02-15 15:39:00,10842,14.3517,14.35,14.3639,14.3639,14.345,121
2024-02-15 15:40:00,8340,14.3536,14.366,14.35,14.366,14.345,82
2024-02-15 15:41:00,12667,14.3508,14.355,14.35,14.36,14.345,110
2024-02-15 15:42:00,13604,14.3484,14.344,14.36,14.366,14.337,135
2024-02-15 15:43:00,10374,14.3694,14.35,14.385,14.385,14.35,80
2024-02-15 15:44:00,17781,14.3812,14.39,14.3887,14.39,14.3749,108
2024-02-15 15:45:00,19505,14.3917,14.385,14.3944,14.4,14.375,141
2024-02-15 15:46:00,3130,14.3921,14.395,14.39,14.4,14.39,25
2024-02-15 15:47:00,20469,14.3972,14.39,14.4057,14.4079,14.39,113
2024-02-15 15:48:00,9397,14.4022,14.4,14.4033,14.41,14.395,83
2024-02-15 15:49:00,11817,14.3966,14.4,14.3887,14.406,14.38,108
2024-02-15 15:50:00,6398,14.3814,14.385,14.3885,14.3885,14.3794,69
2024-02-15 15:51:00,9953,14.395,14.38,14.39,14.405,14.38,112
2024-02-15 15:52:00,8077,14.3849,14.39,14.38,14.3979,14.38,81
2024-02-15 15:53:00,4230,14.3897,14.39,14.3858,14.396,14.385,40
2024-02-15 15:54:00,9965,14.38,14.385,14.38,14.385,14.375,90
2024-02-15 15:55:00,7520,14.3873,14.385,14.39,14.39,14.38,81
2024-02-15 15:56:00,11296,14.3913,14.395,14.375,14.405,14.375,115
2024-02-15 15:57:00,10784,14.3749,14.375,14.38,14.38,14.365,87
2024-02-15 15:58:00,9658,14.379,14.38,14.38,14.386,14.3719,76
2024-02-15 15:59:00,4151,14.3698,14.37,14.36,14.375,14.36,55
2024-02-15 16:00:00,6066,14.3614,14.36,14.36,14.37,14.3598,62
2024-02-15 16:01:00,4523,14.3535,14.359,14.345,14.36,14.345,64
2024-02-15 16:02:00,17113,14.352,14.345,14.355,14.355,14.345,142
2024-02-15 16:03:00,8021,14.367,14.36,14.375,14.375,14.36,106
2024-02-15 16:04:00,8274,14.369,14.37,14.365,14.37,14.36,51
2024-02-15 16:05:00,4734,14.3702,14.37,14.375,14.38,14.365,65
2024-02-15 16:06:00,6720,14.3838,14.38,14.39,14.39,14.38,77
2024-02-15 16:07:00,3831,14.3929,14.39,14.395,14.395,14.39,29
2024-02-15 16:08:00,31290,14.3921,14.395,14.38,14.4,14.37,138
2024-02-15 16:09:00,4932,14.3834,14.38,14.385,14.39,14.375,55
2024-02-15 16:10:00,6130,14.3897,14.38,14.395,14.4,14.38,58
2024-02-15 16:11:00,9103,14.3996,14.395,14.395,14.4075,14.395,83
2024-02-15 16:12:00,748,14.3947,14.4,14.395,14.4,14.39,16
2024-02-15 16:13:00,5377,14.3909,14.395,14.39,14.395,14.385,68
2024-02-15 16:14:00,3876,14.3878,14.395,14.385,14.395,14.38,51
2024-02-15 16:15:00,5549,14.3829,14.3828,14.385,14.39,14.38,39
2024-02-15 16:16:00,13028,14.3806,14.387,14.38,14.39,14.374,113
2024-02-15 16:17:00,10804,14.387,14.385,14.395,14.395,14.38,70
2024-02-15 16:18:00,11870,14.388,14.395,14.39,14.395,14.38,44
2024-02-15 16:19:00,6790,14.3817,14.385,14.3775,14.39,14.3775,57
2024-02-15 16:20:00,19422,14.3848,14.374,14.385,14.39,14.374,139
2024-02-15 16:21:00,9389,14.3838,14.385,14.39,14.39,14.3801,54
2024-02-15 16:22:00,8018,14.3887,14.38,14.39,14.395,14.38,65
2024-02-15 16:23:00,19793,14.3948,14.39,14.385,14.405,14.38,166
2024-02-15 16:24:00,13423,14.3723,14.38,14.374,14.38,14.364,138
2024-02-15 16:25:00,9110,14.3689,14.375,14.365,14.38,14.365,98
2024-02-15 16:26:00,12856,14.3746,14.37,14.385,14.385,14.37,86
2024-02-15 16:27:00,1637,14.3879,14.389,14.39,14.39,14.385,28
2024-02-15 16:28:00,8907,14.3942,14.39,14.39,14.4,14.39,73
2024-02-15 16:29:00,14309,14.3984,14.395,14.395,14.4,14.39,42
2024-02-15 16:30:00,7852,14.3879,14.39,14.385,14.39,14.385,55
2024-02-15 16:31:00,12681,14.3902,14.39,14.39,14.395,14.385,92
2024-02-15 16:32:00,7103,14.3785,14.3807,14.375,14.385,14.37,59
2024-02-15 16:33:00,12413,14.3675,14.375,14.355,14.375,14.355,98
2024-02-15 16:34:00,11808,14.3611,14.36,14.355,14.37,14.355,76
2024-02-15 16:35:00,13336,14.369,14.36,14.37,14.38,14.355,105
2024-02-15 16:36:00,6507,14.3837,14.3701,14.39,14.39,14.3701,58
2024-02-15 16:37:00,8963,14.3997,14.395,14.405,14.405,14.395,94
2024-02-15 16:38:00,12956,14.4085,14.405,14.415,14.42,14.405,62
2024-02-15 16:39:00,17950,14.4287,14.415,14.435,14.4389,14.415,99
2024-02-15 16:40:00,15644,14.4379,14.44,14.435,14.44,14.435,88
2024-02-15 16:41:00,9488,14.4396,14.44,14.4425,14.45,14.435,58
2024-02-15 16:42:00,27509,14.4516,14.45,14.465,14.465,14.45,76
2024-02-15 16:43:00,11150,14.4644,14.465,14.465,14.47,14.46,51
2024-02-15 16:44:00,1023,14.4614,14.465,14.465,14.465,14.465,17
2024-02-15 16:45:00,10509,14.4704,14.47,14.475,14.48,14.465,92
2024-02-15 16:46:00,14796,14.4815,14.475,14.49,14.49,14.475,131
2024-02-15 16:47:00,9235,14.4817,14.48,14.49,14.49,14.4796,78
2024-02-15 16:48:00,9452,14.4823,14.49,14.47,14.49,14.47,84
2024-02-15 16:49:00,14933,14.468,14.47,14.4714,14.48,14.46,108
2024-02-15 16:50:00,3382,14.4699,14.48,14.46,14.48,14.46,36
2024-02-15 16:51:00,9371,14.4596,14.4606,14.46,14.4665,14.45,69
2024-02-15 16:52:00,9754,14.4691,14.47,14.465,14.475,14.46,69
2024-02-15 16:53:00,1156,14.4638,14.46,14.465,14.465,14.46,17
2024-02-15 16:54:00,3364,14.4647,14.465,14.46,14.47,14.46,35
2024-02-15 16:55:00,15043,14.46,14.46,14.465,14.465,14.455,100
2024-02-15 16:56:00,8936,14.4706,14.465,14.475,14.48,14.465,43
2024-02-15 16:57:00,4043,14.4712,14.47,14.47,14.475,14.47,46
2024-02-15 16:58:00,6347,14.478,14.47,14.48,14.48,14.47,69
2024-02-15 16:59:00,12696,14.4731,14.485,14.47,14.485,14.465,108
2024-02-15 17:00:00,4504,14.4677,14.47,14.465,14.47,14.46,64
2024-02-15 17:01:00,13062,14.4734,14.465,14.485,14.49,14.465,105
2024-02-15 17:02:00,13747,14.4783,14.485,14.48,14.485,14.47,70
2024-02-15 17:03:00,5050,14.4692,14.475,14.46,14.475,14.46,56
2024-02-15 17:04:00,3601,14.4699,14.465,14.475,14.475,14.465,39
2024-02-15 17:05:00,3216,14.4805,14.4725,14.48,14.485,14.4725,50
2024-02-15 17:06:00,9432,14.4803,14.48,14.485,14.49,14.47,68
2024-02-15 17:07:00,16647,14.4813,14.485,14.485,14.49,14.48,90
2024-02-15 17:08:00,9283,14.4896,14.49,14.495,14.495,14.4825,76
2024-02-15 17:09:00,14987,14.4881,14.495,14.485,14.495,14.48,61
2024-02-15 17:10:00,3712,14.4818,14.48,14.485,14.485,14.48,32
2024-02-15 17:11:00,6833,14.4828,14.485,14.48,14.49,14.48,67
2024-02-15 17:12:00,8078,14.4884,14.485,14.49,14.49,14.485,78
2024-02-15 17:13:00,725,14.4917,14.495,14.495,14.495,14.49,19
2024-02-15 17:14:00,2800,14.4971,14.5,14.49,14.5,14.49,24
2024-02-15 17:15:00,16626,14.4878,14.49,14.49,14.4949,14.48,157
2024-02-15 17:16:00,7345,14.4907,14.495,14.48,14.5,14.48,68
2024-02-15 17:17:00,3342,14.4849,14.485,14.485,14.485,14.48,39
2024-02-15 17:18:00,26134,14.4899,14.485,14.49,14.495,14.485,215
2024-02-15 17:19:00,40069,14.4996,14.495,14.505,14.51,14.49,176
2024-02-15 17:20:00,28630,14.4928,14.5,14.475,14.505,14.47,194
2024-02-15 17:21:00,35973,14.4685,14.47,14.47,14.475,14.46,252
2024-02-15 17:22:00,22302,14.4608,14.47,14.455,14.47,14.45,196
2024-02-15 17:23:00,37414,14.4416,14.45,14.44,14.45,14.43,143
2024-02-15 17:24:00,24484,14.4391,14.44,14.44,14.445,14.435,159
2024-02-15 17:25:00,5491,14.4493,14.4475,14.46,14.46,14.44,67
2024-02-15 17:26:00,3394,14.4582,14.455,14.46,14.46,14.455,43
2024-02-15 17:27:00,13316,14.4597,14.46,14.46,14.465,14.46,52
2024-02-15 17:28:00,9892,14.4449,14.45,14.435,14.455,14.435,91
2024-02-15 17:29:00,5646,14.4342,14.435,14.435,14.44,14.43,38
2024-02-15 17:30:00,2389,14.4371,14.44,14.435,14.44,14.43,32
2024-02-15 17:31:00,5996,14.4363,14.435,14.435,14.44,14.43,50
2024-02-15 17:32:00,17650,14.4394,14.435,14.435,14.445,14.435,140
2024-02-15 17:33:00,2672,14.4403,14.44,14.44,14.445,14.44,43
2024-02-15 17:34:00,74539,14.455,14.44,14.44,14.47,14.44,376
2024-02-15 17:35:00,9145,14.4496,14.45,14.445,14.45,14.445,82
2024-02-15 17:36:00,14371,14.4484,14.45,14.44,14.45,14.44,107
2024-02-15 17:37:00,36904,14.4287,14.44,14.435,14.44,14.42,143
2024-02-15 17:38:00,18683,14.4319,14.43,14.44,14.44,14.42,129
2024-02-15 17:39:00,5181,14.4405,14.445,14.435,14.45,14.435,43
2024-02-15 17:40:00,3355,14.4388,14.435,14.44,14.44,14.435,19
2024-02-15 17:41:00,79761,14.4472,14.44,14.455,14.46,14.43,288
2024-02-15 17:42:00,75691,14.4676,14.455,14.495,14.5,14.45,313
2024-02-15 17:43:00,11131,14.4907,14.5,14.485,14.5,14.485,90
2024-02-15 17:44:00,1697,14.4866,14.485,14.4825,14.49,14.4825,29
2024-02-15 17:45:00,42772,14.4971,14.485,14.5,14.505,14.4824,193
2024-02-15 17:46:00,11796,14.4949,14.49,14.495,14.5,14.49,50
2024-02-15 17:47:00,8285,14.4968,14.49,14.495,14.5,14.49,78
2024-02-15 17:48:00,48398,14.4731,14.49,14.475,14.495,14.46,288
2024-02-15 17:49:00,5263,14.4758,14.48,14.4725,14.48,14.47,52
2024-02-15 17:50:00,3285,14.4741,14.475,14.475,14.475,14.47,32
2024-02-15 17:51:00,7041,14.4717,14.475,14.47,14.48,14.47,42
2024-02-15 17:52:00,4405,14.4752,14.475,14.4717,14.48,14.47,52
2024-02-15 17:53:00,9746,14.4816,14.48,14.485,14.49,14.475,95
2024-02-15 17:54:00,1302,14.4854,14.48,14.485,14.49,14.48,21
2024-02-15 17:55:00,6781,14.4838,14.485,14.485,14.49,14.48,39
2024-02-15 17:56:00,13857,14.4884,14.485,14.5,14.5,14.48,98
2024-02-15 17:57:00,8633,14.5039,14.5,14.505,14.51,14.495,73
2024-02-15 17:58:00,13808,14.5131,14.51,14.515,14.52,14.505,79
2024-02-15 17:59:00,37957,14.5175,14.515,14.515,14.525,14.51,145
2024-02-15 18:00:00,42403,14.5075,14.51,14.51,14.515,14.5,169
2024-02-15 18:01:00,10741,14.5093,14.515,14.5,14.52,14.5,60
2024-02-15 18:02:00,11427,14.4965,14.5,14.485,14.5,14.48,85
2024-02-15 18:03:00,8967,14.4851,14.485,14.485,14.485,14.48,74
2024-02-15 18:04:00,2332,14.485,14.485,14.48,14.49,14.48,28
2024-02-15 18:05:00,22311,14.4898,14.485,14.495,14.5,14.485,114
2024-02-15 18:06:00,30482,14.5079,14.495,14.525,14.53,14.495,154
2024-02-15 18:07:00,7605,14.5255,14.53,14.53,14.53,14.52,65
2024-02-15 18:08:00,31037,14.5438,14.53,14.555,14.555,14.525,136
2024-02-15 18:09:00,9613,14.5566,14.56,14.555,14.56,14.55,67
2024-02-15 18:10:00,7461,14.5575,14.555,14.56,14.56,14.55,65
2024-02-15 18:11:00,43270,14.5672,14.56,14.575,14.58,14.555,135
2024-02-15 18:12:00,64549,14.5831,14.575,14.59,14.595,14.575,268
2024-02-15 18:13:00,8750,14.5882,14.59,14.585,14.59,14.584,53
2024-02-15 18:14:00,19589,14.5879,14.585,14.595,14.6,14.58,134
2024-02-15 18:15:00,33411,14.6049,14.6,14.615,14.62,14.595,258
2024-02-15 18:16:00,35198,14.6135,14.62,14.595,14.62,14.59,239
2024-02-15 18:17:00,10909,14.5759,14.59,14.565,14.59,14.565,93
2024-02-15 18:18:00,2207,14.5648,14.565,14.56,14.565,14.56,34
2024-02-15 18:19:00,30783,14.5633,14.56,14.555,14.575,14.555,217
2024-02-15 18:20:00,6755,14.5614,14.56,14.565,14.57,14.555,72
2024-02-15 18:21:00,2880,14.5657,14.56,14.57,14.57,14.56,27
2024-02-15 18:22:00,14159,14.5775,14.57,14.585,14.585,14.565,113
2024-02-15 18:23:00,4172,14.5855,14.585,14.585,14.59,14.585,44
2024-02-15 18:24:00,6805,14.5855,14.585,14.585,14.59,14.58,62
2024-02-15 18:25:00,13213,14.5791,14.585,14.575,14.585,14.57,88
2024-02-15 18:26:00,9788,14.5779,14.57,14.585,14.585,14.57,81
2024-02-15 18:27:00,5639,14.5885,14.58,14.59,14.595,14.58,56
2024-02-15 18:28:00,4653,14.5929,14.59,14.595,14.6,14.59,72
2024-02-15 18:29:00,27036,14.5991,14.6,14.6,14.605,14.5921,124
2024-02-15 18:30:00,8529,14.6007,14.595,14.605,14.61,14.595,86
2024-02-15 18:31:00,19214,14.6018,14.605,14.595,14.61,14.595,125
2024-02-15 18:32:00,8637,14.6013,14.595,14.6,14.61,14.595,78
2024-02-15 18:33:00,8019,14.5985,14.6,14.595,14.6,14.59,46
2024-02-15 18:34:00,15172,14.5904,14.595,14.59,14.6,14.5814,141
2024-02-15 18:35:00,3121,14.5974,14.595,14.6,14.6,14.5925,28
2024-02-15 18:36:00,18489,14.5983,14.595,14.6,14.61,14.59,102
2024-02-15 18:37:00,8188,14.6091,14.6,14.615,14.615,14.6,73
2024-02-15 18:38:00,18187,14.6089,14.615,14.61,14.615,14.6,111
2024-02-15 18:39:00,11735,14.6204,14.615,14.625,14.63,14.61,103
2024-02-15 18:40:00,6849,14.6265,14.625,14.625,14.63,14.625,45
2024-02-15 18:41:00,27463,14.6287,14.625,14.63,14.64,14.62,150
2024-02-15 18:42:00,14477,14.6347,14.63,14.65,14.65,14.63,95
2024-02-15 18:43:00,47754,14.642,14.65,14.635,14.65,14.635,282
2024-02-15 18:44:00,6307,14.6357,14.64,14.64,14.64,14.63,51
2024-02-15 18:45:00,33533,14.6264,14.635,14.615,14.64,14.61,233
2024-02-15 18:46:00,14782,14.609,14.61,14.6,14.615,14.6,95
2024-02-15 18:47:00,27751,14.6037,14.6,14.615,14.62,14.59,223
2024-02-15 18:48:00,10569,14.6228,14.62,14.62,14.63,14.615,77
2024-02-15 18:49:00,111083,14.6301,14.62,14.63,14.64,14.62,268
2024-02-15 18:50:00,24424,14.6291,14.635,14.63,14.635,14.62,118
2024-02-15 18:51:00,30911,14.6159,14.625,14.6,14.63,14.6,192
2024-02-15 18:52:00,5013,14.5935,14.6,14.59,14.6,14.59,58
2024-02-15 18:53:00,27608,14.6011,14.59,14.615,14.62,14.59,214
2024-02-15 18:54:00,19283,14.6116,14.615,14.605,14.62,14.605,83
2024-02-15 18:55:00,31421,14.5857,14.605,14.585,14.605,14.58,119
2024-02-15 18:56:00,39126,14.5705,14.58,14.57,14.58,14.56,199
2024-02-15 18:57:00,15781,14.5817,14.565,14.595,14.6,14.565,134
2024-02-15 18:58:00,31908,14.5943,14.59,14.6,14.606,14.585,177
2024-02-15 18:59:00,13598,14.6113,14.61,14.615,14.62,14.605,103
2024-02-15 19:00:00,20703,14.6192,14.62,14.625,14.63,14.61,128
2024-02-15 19:01:00,15208,14.6336,14.6201,14.65,14.65,14.62,133
2024-02-15 19:02:00,20204,14.6488,14.645,14.66,14.66,14.64,141
2024-02-15 19:03:00,17739,14.6591,14.655,14.655,14.66,14.65,125
2024-02-15 19:04:00,7057,14.6562,14.66,14.65,14.66,14.65,63
2024-02-15 19:05:00,25019,14.6511,14.655,14.655,14.66,14.645,202
2024-02-15 19:06:00,9946,14.6485,14.655,14.645,14.66,14.64,117
2024-02-15 19:07:00,9115,14.6465,14.645,14.6482,14.65,14.64,75
2024-02-15 19:08:00,10631,14.6449,14.645,14.64,14.65,14.64,115
2024-02-15 19:09:00,14871,14.6503,14.645,14.655,14.66,14.64,150
2024-02-15 19:10:00,16551,14.6582,14.655,14.67,14.67,14.65,153
2024-02-15 19:11:00,29289,14.6606,14.665,14.665,14.67,14.65,149
2024-02-15 19:12:00,5602,14.6633,14.665,14.66,14.67,14.66,58
2024-02-15 19:13:00,22685,14.6497,14.66,14.6425,14.66,14.64,159
2024-02-15 19:14:00,3764,14.644,14.645,14.645,14.645,14.64,49
2024-02-15 19:15:00,9065,14.6447,14.64,14.645,14.65,14.64,107
2024-02-15 19:16:00,20609,14.6532,14.6425,14.65,14.66,14.6425,165
2024-02-15 19:17:00,31397,14.652,14.655,14.655,14.66,14.645,222
2024-02-15 19:18:00,29034,14.6535,14.65,14.655,14.665,14.645,170
2024-02-15 19:19:00,29955,14.6678,14.655,14.665,14.675,14.655,179
2024-02-15 19:20:00,8505,14.6661,14.665,14.665,14.67,14.66,93
2024-02-15 19:21:00,7526,14.666,14.665,14.665,14.67,14.66,74
2024-02-15 19:22:00,34398,14.6613,14.67,14.67,14.67,14.655,248
2024-02-15 19:23:00,69736,14.6708,14.67,14.68,14.68,14.665,158
2024-02-15 19:24:00,31669,14.6785,14.675,14.68,14.685,14.67,229
2024-02-15 19:25:00,20343,14.6751,14.675,14.68,14.68,14.67,96
2024-02-15 19:26:00,21975,14.6789,14.675,14.685,14.69,14.67,182
2024-02-15 19:27:00,31674,14.6811,14.69,14.68,14.69,14.675,174
2024-02-15 19:28:00,17170,14.6677,14.675,14.67,14.675,14.66,166
2024-02-15 19:29:00,10695,14.6793,14.67,14.685,14.69,14.67,104
2024-02-15 19:30:00,12774,14.6919,14.69,14.695,14.7,14.685,115
2024-02-15 19:31:00,39197,14.6989,14.7,14.695,14.7,14.69,211
2024-02-15 19:32:00,21414,14.6892,14.69,14.68,14.695,14.68,134
2024-02-15 19:33:00,14756,14.6779,14.68,14.675,14.68,14.67,129
2024-02-15 19:34:00,12387,14.6813,14.675,14.685,14.685,14.675,103
2024-02-15 19:35:00,37044,14.6893,14.685,14.695,14.7,14.68,259
2024-02-15 19:36:00,22023,14.6888,14.69,14.685,14.7,14.68,206
2024-02-15 19:37:00,20551,14.677,14.685,14.675,14.685,14.67,177
2024-02-15 19:38:00,34706,14.6797,14.675,14.68,14.685,14.6701,277
2024-02-15 19:39:00,33843,14.6676,14.68,14.675,14.68,14.655,266
2024-02-15 19:40:00,16327,14.6659,14.67,14.66,14.67,14.66,141
2024-02-15 19:41:00,10946,14.661,14.66,14.66,14.665,14.66,106
2024-02-15 19:42:00,24150,14.6671,14.66,14.675,14.675,14.66,181
2024-02-15 19:43:00,8858,14.6732,14.675,14.675,14.68,14.67,89
2024-02-15 19:44:00,23980,14.6795,14.67,14.685,14.69,14.67,195
2024-02-15 19:45:00,30243,14.6807,14.685,14.675,14.69,14.675,238
2024-02-15 19:46:00,11556,14.6739,14.675,14.675,14.68,14.67,126
2024-02-15 19:47:00,30670,14.6739,14.675,14.67,14.68,14.67,144
2024-02-15 19:48:00,30785,14.6677,14.675,14.665,14.675,14.66,220
2024-02-15 19:49:00,19825,14.6656,14.665,14.665,14.67,14.66,139
2024-02-15 19:50:00,23063,14.6599,14.665,14.65,14.67,14.65,184
2024-02-15 19:51:00,27035,14.6592,14.655,14.65,14.67,14.65,226
2024-02-15 19:52:00,22595,14.6488,14.65,14.65,14.66,14.64,220
2024-02-15 19:53:00,8707,14.6516,14.65,14.65,14.66,14.65,95
2024-02-15 19:54:00,21941,14.6485,14.65,14.645,14.655,14.64,159
2024-02-15 19:55:00,33892,14.6378,14.646,14.64,14.65,14.63,286
2024-02-15 19:56:00,28809,14.6301,14.64,14.61,14.64,14.61,175
2024-02-15 19:57:00,56327,14.6179,14.62,14.625,14.63,14.61,315
2024-02-15 19:58:00,11243,14.6245,14.625,14.625,14.63,14.62,103
2024-02-15 19:59:00,27274,14.6324,14.63,14.635,14.64,14.625,180
2024-02-15 20:00:00,40293,14.6406,14.64,14.655,14.66,14.63,315
2024-02-15 20:01:00,21215,14.6504,14.66,14.65,14.66,14.645,157
2024-02-15 20:02:00,17829,14.6454,14.65,14.64,14.6502,14.64,142
2024-02-15 20:03:00,20313,14.6386,14.645,14.63,14.6499,14.63,154
2024-02-15 20:04:00,12352,14.6311,14.63,14.635,14.635,14.63,98
2024-02-15 20:05:00,21065,14.6252,14.635,14.615,14.635,14.61,181
2024-02-15 20:06:00,14763,14.6108,14.615,14.6,14.62,14.6,147
2024-02-15 20:07:00,23239,14.5951,14.6,14.58,14.609,14.58,136
2024-02-15 20:08:00,15047,14.5829,14.58,14.58,14.59,14.58,128
2024-02-15 20:09:00,12290,14.5817,14.58,14.58,14.585,14.58,90
2024-02-15 20:10:00,49505,14.5913,14.58,14.6,14.6065,14.58,388
2024-02-15 20:11:00,43176,14.6167,14.61,14.635,14.64,14.605,178
2024-02-15 20:12:00,19639,14.6378,14.635,14.63,14.645,14.63,182
2024-02-15 20:13:00,15721,14.6264,14.63,14.615,14.635,14.615,150
2024-02-15 20:14:00,25112,14.6183,14.615,14.615,14.625,14.61,199
2024-02-15 20:15:00,12638,14.6112,14.61,14.61,14.615,14.61,123
2024-02-15 20:16:00,32841,14.6158,14.62,14.61,14.62,14.61,289
2024-02-15 20:17:00,27733,14.5999,14.61,14.59,14.615,14.59,197
2024-02-15 20:18:00,56170,14.5815,14.6,14.57,14.6,14.57,347
2024-02-15 20:19:00,55426,14.5748,14.574,14.585,14.585,14.56,349
2024-02-15 20:20:00,23360,14.5881,14.58,14.59,14.6,14.58,199
2024-02-15 20:21:00,22370,14.5831,14.59,14.57,14.595,14.57,173
2024-02-15 20:22:00,27427,14.5681,14.57,14.56,14.57,14.56,239
2024-02-15 20:23:00,20426,14.5681,14.565,14.57,14.575,14.56,247
2024-02-15 20:24:00,21786,14.5702,14.57,14.57,14.58,14.565,182
2024-02-15 20:25:00,42953,14.5775,14.57,14.585,14.59,14.57,311
2024-02-15 20:26:00,21897,14.5887,14.59,14.59,14.595,14.585,191
2024-02-15 20:27:00,15101,14.5904,14.595,14.59,14.595,14.59,139
2024-02-15 20:28:00,31242,14.5956,14.595,14.59,14.6,14.59,259
2024-02-15 20:29:00,64883,14.5974,14.595,14.59,14.6,14.59,372
2024-02-15 20:30:00,31000,14.5905,14.59,14.59,14.5975,14.59,222
2024-02-15 20:31:00,37837,14.5975,14.59,14.6,14.61,14.59,295
2024-02-15 20:32:00,29153,14.598,14.605,14.6,14.61,14.6,174
2024-02-15 20:33:00,68882,14.6134,14.605,14.62,14.625,14.6,491
2024-02-15 20:34:00,25699,14.6202,14.62,14.62,14.63,14.62,213
2024-02-15 20:35:00,52790,14.6135,14.62,14.61,14.62,14.61,404
2024-02-15 20:36:00,37165,14.6032,14.615,14.6,14.615,14.6,296
2024-02-15 20:37:00,77833,14.585,14.6,14.58,14.6,14.574,522
2024-02-15 20:38:00,61721,14.5809,14.585,14.58,14.59,14.575,342
2024-02-15 20:39:00,60350,14.5665,14.585,14.565,14.585,14.555,407
2024-02-15 20:40:00,49200,14.562,14.56,14.56,14.57,14.56,315
2024-02-15 20:41:00,91275,14.5674,14.56,14.575,14.576,14.56,609
2024-02-15 20:42:00,99357,14.5781,14.575,14.57,14.59,14.57,572
2024-02-15 20:43:00,61110,14.5619,14.57,14.56,14.57,14.55,357
2024-02-15 20:44:00,103950,14.5587,14.56,14.56,14.565,14.55,477
2024-02-15 20:45:00,53374,14.554,14.56,14.55,14.56,14.55,323
2024-02-15 20:46:00,74062,14.5388,14.55,14.535,14.555,14.53,555
2024-02-15 20:47:00,65950,14.537,14.54,14.53,14.545,14.53,285
2024-02-15 20:48:00,122269,14.5308,14.53,14.52,14.54,14.52,349
2024-02-15 20:49:00,111301,14.5283,14.52,14.52,14.535,14.52,575
2024-02-15 20:50:00,111775,14.5316,14.525,14.54,14.55,14.52,622
2024-02-15 20:51:00,80215,14.5312,14.545,14.525,14.545,14.525,547
2024-02-15 20:52:00,76582,14.5248,14.525,14.515,14.535,14.515,433
2024-02-15 20:53:00,106117,14.5223,14.52,14.53,14.54,14.51,569
2024-02-15 20:54:00,56247,14.5275,14.535,14.53,14.54,14.52,382
2024-02-15 20:55:00,129521,14.5299,14.53,14.525,14.54,14.52,819
2024-02-15 20:56:00,113359,14.5186,14.525,14.515,14.53,14.51,754
2024-02-15 20:57:00,181044,14.5099,14.515,14.515,14.52,14.5,891
2024-02-15 20:58:00,141791,14.5162,14.515,14.515,14.52,14.51,923
2024-02-15 20:59:00,395869,14.5115,14.515,14.5,14.53,14.5,1576
2024-02-15 21:00:00,146573,14.5,14.5,14.5,14.5,14.5,22
2024-02-15 21:20:00,4671,14.5,14.5,14.5,14.5,14.5,1
2024-02-15 23:00:00,144,14.5,14.5,14.5,14.5,14.5,1
2024-02-16 11:49:00,100,14.4,14.4,14.4,14.4,14.4,1
2024-02-16 12:23:00,225,14.5056,14.51,14.5,14.51,14.5,2
2024-02-16 12:30:00,100,14.5,14.5,14.5,14.5,14.5,1
2024-02-16 12:38:00,275,14.4964,14.5,14.5,14.5,14.5,4
2024-02-16 12:40:00,200,14.49,14.49,14.49,14.49,14.49,2
2024-02-16 12:56:00,195,14.5092,14.5,14.5,14.5,14.5,3
2024-02-16 13:01:00,170,14.4947,14.5,14.5,14.5,14.5,3
2024-02-16 13:34:00,1056,14.4623,14.5,14.41,14.5,14.41,7
2024-02-16 13:47:00,300,14.5016,14.5,14.5,14.5,14.5,3
2024-02-16 13:48:00,100,14.5,14.5,14.5,14.5,14.5,1
2024-02-16 13:51:00,246,14.51,14.51,14.51,14.51,14.51,2
2024-02-16 13:59:00,100,14.55,14.55,14.55,14.55,14.55,1
2024-02-16 14:01:00,800,14.57,14.57,14.57,14.57,14.57,1
2024-02-16 14:09:00,254,14.57,14.57,14.57,14.57,14.57,3
2024-02-16 14:13:00,100,14.55,14.55,14.55,14.55,14.55,1
2024-02-16 14:20:00,100,14.54,14.54,14.54,14.54,14.54,1
2024-02-16 14:29:00,2215,14.598,14.58,14.61,14.61,14.58,8
2024-02-16 14:30:00,178315,14.5633,14.5,14.47,14.59,14.47,203
2024-02-16 14:31:00,39607,14.475,14.46,14.5,14.5,14.45,237
2024-02-16 14:32:00,16036,14.5069,14.4941,14.5,14.53,14.4941,115
2024-02-16 14:33:00,11633,14.4969,14.5,14.515,14.515,14.475,71
2024-02-16 14:34:00,9274,14.4895,14.51,14.49,14.51,14.4701,74
2024-02-16 14:35:00,16460,14.5056,14.5,14.515,14.52,14.485,126
2024-02-16 14:36:00,51965,14.536,14.515,14.51,14.55,14.51,190
2024-02-16 14:37:00,10432,14.5168,14.515,14.485,14.52,14.485,79
2024-02-16 14:38:00,18574,14.4833,14.49,14.5,14.5,14.475,136
2024-02-16 14:39:00,31465,14.4994,14.5,14.48,14.51,14.48,187
2024-02-16 14:40:00,20485,14.4718,14.48,14.475,14.48,14.46,79
2024-02-16 14:41:00,4731,14.4691,14.47,14.47,14.47,14.46,48
2024-02-16 14:42:00,28895,14.4764,14.47,14.46,14.485,14.46,185
2024-02-16 14:43:00,31101,14.4502,14.46,14.43,14.46,14.42,111
2024-02-16 14:44:00,6489,14.4278,14.43,14.42,14.44,14.4172,43
2024-02-16 14:45:00,27146,14.4357,14.42,14.46,14.47,14.415,151
2024-02-16 14:46:00,30393,14.4389,14.46,14.41,14.46,14.41,93
2024-02-16 14:47:00,10725,14.3849,14.405,14.375,14.405,14.37,86
2024-02-16 14:48:00,14475,14.396,14.375,14.41,14.41,14.36,59
2024-02-16 14:49:00,2319,14.4079,14.41,14.4,14.42,14.395,38
2024-02-16 14:50:00,8976,14.3866,14.39,14.375,14.39,14.375,73
2024-02-16 14:51:00,33527,14.383,14.37,14.38,14.4,14.35,198
2024-02-16 14:52:00,7861,14.384,14.375,14.39,14.395,14.37,56
2024-02-16 14:53:00,6325,14.3716,14.39,14.36,14.39,14.3599,79
2024-02-16 14:54:00,4196,14.3652,14.37,14.36,14.37,14.36,42
2024-02-16 14:55:00,14400,14.3568,14.36,14.36,14.365,14.34,51
2024-02-16 14:56:00,5371,14.3571,14.365,14.355,14.37,14.3464,46
2024-02-16 14:57:00,13355,14.3617,14.36,14.375,14.375,14.355,40
2024-02-16 14:58:00,13557,14.3944,14.38,14.39,14.4,14.38,70
2024-02-16 14:59:00,1221,14.3939,14.39,14.4,14.4,14.39,23
2024-02-16 15:00:00,20807,14.3778,14.39,14.395,14.4,14.37,63
2024-02-16 15:01:00,14686,14.4139,14.4,14.41,14.43,14.4,91
2024-02-16 15:02:00,15139,14.4215,14.41,14.44,14.445,14.4,150
2024-02-16 15:03:00,16214,14.4519,14.44,14.445,14.46,14.435,118
2024-02-16 15:04:00,7460,14.4437,14.445,14.45,14.45,14.44,63
2024-02-16 15:05:00,75206,14.4295,14.445,14.395,14.45,14.39,393
2024-02-16 15:06:00,23060,14.3896,14.39,14.395,14.4,14.375,181
2024-02-16 15:07:00,29117,14.3879,14.395,14.375,14.4,14.365,223
2024-02-16 15:08:00,17054,14.3812,14.375,14.39,14.395,14.37,117
2024-02-16 15:09:00,32283,14.4006,14.4,14.41,14.41,14.39,223
2024-02-16 15:10:00,11277,14.4136,14.405,14.425,14.43,14.3916,95
2024-02-16 15:11:00,14046,14.4312,14.425,14.43,14.44,14.42,109
2024-02-16 15:12:00,14556,14.4427,14.43,14.4507,14.46,14.43,94
2024-02-16 15:13:00,17331,14.4781,14.46,14.5,14.5,14.46,98
2024-02-16 15:14:00,13539,14.4851,14.4979,14.48,14.5,14.475,90
2024-02-16 15:15:00,14387,14.4946,14.48,14.4975,14.51,14.48,125
2024-02-16 15:16:00,88428,14.4641,14.495,14.455,14.495,14.445,511
2024-02-16 15:17:00,17480,14.4723,14.455,14.485,14.49,14.455,91
2024-02-16 15:18:00,43150,14.4639,14.485,14.43,14.49,14.43,255
2024-02-16 15:19:00,26010,14.4095,14.42,14.4,14.425,14.395,213
2024-02-16 15:20:00,24061,14.4024,14.39,14.415,14.42,14.3801,151
2024-02-16 15:21:00,16847,14.4146,14.415,14.4149,14.43,14.41,137
2024-02-16 15:22:00,18202,14.4104,14.415,14.4,14.425,14.395,129
2024-02-16 15:23:00,17384,14.3981,14.4,14.4034,14.4094,14.39,92
2024-02-16 15:24:00,32170,14.3949,14.4,14.37,14.41,14.37,188
2024-02-16 15:25:00,19703,14.3783,14.37,14.4,14.4,14.355,172
2024-02-16 15:26:00,44789,14.3862,14.4,14.385,14.4075,14.365,244
2024-02-16 15:27:00,14615,14.3885,14.385,14.395,14.395,14.38,100
2024-02-16 15:28:00,13497,14.4102,14.395,14.42,14.42,14.395,111
2024-02-16 15:29:00,14478,14.4051,14.415,14.4,14.415,14.395,107
2024-02-16 15:30:00,11214,14.3937,14.4,14.4,14.405,14.38,106
2024-02-16 15:31:00,8600,14.3911,14.4,14.395,14.4,14.385,84
2024-02-16 15:32:00,7221,14.3972,14.395,14.4075,14.4075,14.39,72
2024-02-16 15:33:00,4859,14.4109,14.405,14.42,14.42,14.4,56
2024-02-16 15:34:00,18079,14.4161,14.4175,14.43,14.43,14.405,122
2024-02-16 15:35:00,12468,14.4398,14.43,14.44,14.45,14.43,90
2024-02-16 15:36:00,19067,14.4174,14.435,14.405,14.435,14.4,131
2024-02-16 15:37:00,24526,14.4219,14.41,14.435,14.435,14.41,151
2024-02-16 15:38:00,11574,14.4309,14.435,14.425,14.44,14.425,104
2024-02-16 15:39:00,21806,14.4312,14.42,14.435,14.4393,14.415,91
2024-02-16 15:40:00,12403,14.4315,14.435,14.43,14.44,14.43,91
2024-02-16 15:41:00,5736,14.4279,14.435,14.425,14.435,14.42,71
2024-02-16 15:42:00,12474,14.4365,14.43,14.45,14.45,14.42,91
2024-02-16 15:43:00,11418,14.4649,14.45,14.49,14.49,14.45,101
2024-02-16 15:44:00,7982,14.4799,14.49,14.4775,14.49,14.47,66
2024-02-16 15:45:00,23752,14.4656,14.48,14.47,14.48,14.46,94
2024-02-16 15:46:00,13627,14.4652,14.47,14.455,14.47,14.45,92
2024-02-16 15:47:00,20847,14.4499,14.4575,14.455,14.46,14.44,113
2024-02-16 15:48:00,4744,14.4578,14.46,14.455,14.46,14.455,32
2024-02-16 15:49:00,15132,14.4467,14.455,14.435,14.46,14.435,85
2024-02-16 15:50:00,11328,14.4422,14.44,14.445,14.445,14.435,103
2024-02-16 15:51:00,11282,14.4496,14.445,14.44,14.455,14.44,109
2024-02-16 15:52:00,10836,14.4403,14.445,14.45,14.45,14.435,78
2024-02-16 15:53:00,15654,14.4504,14.45,14.45,14.455,14.44,115
2024-02-16 15:54:00,15637,14.4547,14.45,14.46,14.46,14.45,68
2024-02-16 15:55:00,7131,14.4615,14.46,14.46,14.47,14.45,62
2024-02-16 15:56:00,16028,14.4564,14.46,14.46,14.46,14.45,59
2024-02-16 15:57:00,6937,14.4584,14.46,14.46,14.46,14.455,56
2024-02-16 15:58:00,12480,14.4641,14.46,14.47,14.47,14.455,132
2024-02-16 15:59:00,11138,14.4652,14.48,14.46,14.48,14.46,88
2024-02-16 16:00:00,4772,14.464,14.46,14.47,14.47,14.46,53
2024-02-16 16:01:00,6102,14.4596,14.47,14.45,14.47,14.45,57
2024-02-16 16:02:00,22762,14.4497,14.4575,14.445,14.46,14.445,133
2024-02-16 16:03:00,11697,14.4438,14.445,14.445,14.45,14.44,87
2024-02-16 16:04:00,6351,14.4355,14.435,14.4308,14.44,14.43,42
2024-02-16 16:05:00,10359,14.4396,14.435,14.45,14.45,14.43,88
2024-02-16 16:06:00,7874,14.4476,14.45,14.445,14.45,14.44,58
2024-02-16 16:07:00,4535,14.448,14.445,14.45,14.45,14.44,35
2024-02-16 16:08:00,5395,14.4483,14.445,14.45,14.45,14.44,48
2024-02-16 16:09:00,4258,14.4579,14.45,14.46,14.46,14.45,47
2024-02-16 16:10:00,13933,14.4736,14.46,14.48,14.48,14.46,74
2024-02-16 16:11:00,8648,14.4769,14.475,14.475,14.48,14.47,68
2024-02-16 16:12:00,4145,14.4788,14.47,14.475,14.48,14.47,39
2024-02-16 16:13:00,11057,14.4721,14.475,14.47,14.48,14.465,74
2024-02-16 16:14:00,1652,14.4612,14.4613,14.465,14.465,14.46,15
2024-02-16 16:15:00,21198,14.4695,14.465,14.47,14.47,14.465,162
2024-02-16 16:16:00,16613,14.4769,14.465,14.4801,14.49,14.465,117
2024-02-16 16:17:00,12576,14.4953,14.49,14.5,14.5,14.49,100
2024-02-16 16:18:00,16631,14.5033,14.495,14.51,14.51,14.495,80
2024-02-16 16:19:00,8278,14.5055,14.506,14.52,14.52,14.5,97
2024-02-16 16:20:00,12252,14.5197,14.52,14.52,14.525,14.515,91
2024-02-16 16:21:00,10044,14.5103,14.52,14.51,14.52,14.505,128
2024-02-16 16:22:00,7553,14.5094,14.51,14.51,14.52,14.51,47
2024-02-16 16:23:00,10518,14.5133,14.515,14.52,14.52,14.505,95
2024-02-16 16:24:00,11412,14.5201,14.516,14.52,14.53,14.515,104
2024-02-16 16:25:00,3481,14.5184,14.52,14.52,14.52,14.515,26
2024-02-16 16:26:00,9532,14.5106,14.52,14.505,14.52,14.505,89
2024-02-16 16:27:00,23838,14.5017,14.505,14.51,14.51,14.5,149
2024-02-16 16:28:00,12000,14.5106,14.51,14.505,14.52,14.505,105
2024-02-16 16:29:00,5263,14.508,14.505,14.51,14.51,14.5021,42
2024-02-16 16:30:00,10565,14.504,14.5,14.505,14.51,14.5,73
2024-02-16 16:31:00,12049,14.5007,14.5,14.505,14.505,14.495,96
2024-02-16 16:32:00,15444,14.4862,14.5,14.475,14.5,14.47,113
2024-02-16 16:33:00,15488,14.4733,14.47,14.486,14.486,14.465,141
2024-02-16 16:34:00,9007,14.4955,14.49,14.51,14.51,14.4899,77
2024-02-16 16:35:00,6823,14.5083,14.505,14.515,14.515,14.505,56
2024-02-16 16:36:00,4845,14.5189,14.52,14.515,14.52,14.515,29
2024-02-16 16:37:00,9142,14.5219,14.52,14.52,14.53,14.515,84
2024-02-16 16:38:00,16255,14.521,14.525,14.525,14.53,14.514,142
2024-02-16 16:39:00,8345,14.5332,14.52,14.54,14.54,14.52,77
2024-02-16 16:40:00,11469,14.5428,14.54,14.545,14.55,14.535,102
2024-02-16 16:41:00,4693,14.5481,14.55,14.55,14.55,14.545,44
2024-02-16 16:42:00,27710,14.5404,14.55,14.55,14.555,14.545,219
2024-02-16 16:43:00,9250,14.5542,14.5491,14.56,14.56,14.545,97
2024-02-16 16:44:00,7132,14.5578,14.56,14.555,14.56,14.55,59
2024-02-16 16:45:00,29210,14.5452,14.555,14.54,14.56,14.535,226
2024-02-16 16:46:00,5250,14.5462,14.545,14.545,14.55,14.54,46
2024-02-16 16:47:00,3124,14.5459,14.545,14.545,14.55,14.54,34
2024-02-16 16:48:00,7587,14.5457,14.5475,14.545,14.55,14.54,55
2024-02-16 16:49:00,10333,14.5494,14.55,14.56,14.56,14.545,106
2024-02-16 16:50:00,12988,14.5645,14.56,14.565,14.57,14.56,124
2024-02-16 16:51:00,20558,14.5557,14.57,14.545,14.57,14.545,188
2024-02-16 16:52:00,41314,14.5624,14.54,14.56,14.575,14.54,284
2024-02-16 16:53:00,13643,14.5634,14.57,14.555,14.57,14.555,125
2024-02-16 16:54:00,7088,14.5592,14.555,14.565,14.565,14.555,79
2024-02-16 16:55:00,5984,14.5684,14.57,14.565,14.57,14.565,32
2024-02-16 16:56:00,31533,14.5742,14.57,14.58,14.58,14.565,82
2024-02-16 16:57:00,19638,14.5679,14.575,14.565,14.575,14.56,169
2024-02-16 16:58:00,9609,14.5606,14.56,14.555,14.57,14.555,77
2024-02-16 16:59:00,15956,14.5505,14.555,14.545,14.555,14.545,130
2024-02-16 17:00:00,26769,14.5452,14.545,14.5429,14.555,14.535,178
2024-02-16 17:01:00,10164,14.5554,14.545,14.57,14.57,14.545,67
2024-02-16 17:02:00,12467,14.5619,14.57,14.565,14.57,14.555,92
2024-02-16 17:03:00,5701,14.5573,14.56,14.55,14.56,14.55,53
2024-02-16 17:04:00,13375,14.5442,14.55,14.54,14.555,14.535,90
2024-02-16 17:05:00,11492,14.5406,14.535,14.545,14.55,14.53,66
2024-02-16 17:06:00,13278,14.5429,14.545,14.55,14.55,14.535,101
2024-02-16 17:07:00,7289,14.5562,14.554,14.554,14.56,14.554,48
2024-02-16 17:08:00,4041,14.5581,14.56,14.56,14.56,14.554,31
2024-02-16 17:09:00,10653,14.5704,14.56,14.58,14.58,14.56,83
2024-02-16 17:10:00,10016,14.5737,14.58,14.565,14.58,14.565,76
2024-02-16 17:11:00,11165,14.5615,14.565,14.57,14.57,14.555,97
2024-02-16 17:12:00,14830,14.5712,14.564,14.58,14.58,14.564,123
2024-02-16 17:13:00,3290,14.5772,14.575,14.58,14.58,14.57,30
2024-02-16 17:14:00,12150,14.5854,14.58,14.595,14.595,14.58,100
2024-02-16 17:15:00,16356,14.5899,14.595,14.585,14.595,14.58,89
2024-02-16 17:16:00,10329,14.5788,14.58,14.575,14.585,14.57,84
2024-02-16 17:17:00,7098,14.5817,14.58,14.59,14.59,14.575,66
2024-02-16 17:18:00,2362,14.5878,14.585,14.59,14.59,14.585,28
2024-02-16 17:19:00,6130,14.5868,14.59,14.59,14.59,14.58,54
2024-02-16 17:20:00,22529,14.5748,14.59,14.575,14.59,14.565,166
2024-02-16 17:21:00,11232,14.5822,14.58,14.575,14.59,14.575,94
2024-02-16 17:22:00,12006,14.5732,14.58,14.565,14.58,14.565,98
2024-02-16 17:23:00,18337,14.5663,14.565,14.565,14.5699,14.555,68
2024-02-16 17:24:00,31890,14.5701,14.565,14.575,14.58,14.56,94
2024-02-16 17:25:00,20120,14.5824,14.575,14.58,14.59,14.575,141
2024-02-16 17:26:00,8126,14.5796,14.585,14.575,14.585,14.575,64
2024-02-16 17:27:00,30107,14.581,14.58,14.58,14.585,14.575,177
2024-02-16 17:28:00,7650,14.5839,14.585,14.5825,14.585,14.58,32
2024-02-16 17:29:00,38626,14.589,14.585,14.58,14.595,14.58,168
2024-02-16 17:30:00,24110,14.5806,14.585,14.585,14.59,14.575,146
2024-02-16 17:31:00,4404,14.5878,14.585,14.59,14.59,14.58,37
2024-02-16 17:32:00,7641,14.5915,14.59,14.595,14.6,14.585,71
2024-02-16 17:33:00,26882,14.6074,14.595,14.615,14.62,14.595,129
2024-02-16 17:34:00,3273,14.6176,14.615,14.615,14.62,14.61,27
2024-02-16 17:35:00,3506,14.6189,14.62,14.62,14.62,14.615,32
2024-02-16 17:36:00,8678,14.6175,14.62,14.62,14.62,14.615,65
2024-02-16 17:37:00,12203,14.6171,14.62,14.62,14.62,14.61,69
2024-02-16 17:38:00,3399,14.6191,14.615,14.62,14.62,14.615,28
2024-02-16 17:39:00,5337,14.6184,14.615,14.62,14.62,14.61,32
2024-02-16 17:40:00,17729,14.6229,14.62,14.625,14.63,14.615,105
2024-02-16 17:41:00,4064,14.6275,14.625,14.63,14.63,14.62,33
2024-02-16 17:42:00,2283,14.6287,14.625,14.63,14.63,14.625,29
2024-02-16 17:43:00,21862,14.6172,14.63,14.605,14.63,14.6,152
2024-02-16 17:44:00,2567,14.6091,14.605,14.605,14.6078,14.605,26
2024-02-16 17:45:00,6990,14.6097,14.61,14.615,14.615,14.605,70
2024-02-16 17:46:00,7089,14.6222,14.62,14.625,14.63,14.62,47
2024-02-16 17:47:00,13858,14.6205,14.63,14.62,14.63,14.615,91
2024-02-16 17:48:00,8334,14.6122,14.62,14.615,14.62,14.61,43
2024-02-16 17:49:00,6057,14.6076,14.615,14.6,14.615,14.6,56
2024-02-16 17:50:00,27481,14.5975,14.6,14.595,14.605,14.59,119
2024-02-16 17:51:00,6117,14.6003,14.595,14.6,14.605,14.595,69
2024-02-16 17:52:00,27345,14.5992,14.6,14.595,14.61,14.59,209
2024-02-16 17:53:00,5172,14.5979,14.595,14.595,14.6,14.59,63
2024-02-16 17:54:00,5508,14.6034,14.595,14.605,14.61,14.595,50
2024-02-16 17:55:00,5895,14.5997,14.6,14.6,14.605,14.595,62
2024-02-16 17:56:00,11627,14.6004,14.6,14.595,14.61,14.595,83
2024-02-16 17:57:00,7550,14.6004,14.6,14.605,14.61,14.595,53
2024-02-16 17:58:00,6456,14.6002,14.61,14.595,14.61,14.595,60
2024-02-16 17:59:00,5746,14.5995,14.595,14.605,14.605,14.595,63
2024-02-16 18:00:00,7708,14.6003,14.6,14.6,14.61,14.595,79
2024-02-16 18:01:00,6506,14.5907,14.595,14.59,14.6,14.585,87
2024-02-16 18:02:00,2322,14.5923,14.59,14.6,14.6,14.585,36
2024-02-16 18:03:00,13816,14.5866,14.59,14.575,14.6,14.575,84
2024-02-16 18:04:00,1622,14.5731,14.575,14.575,14.575,14.57,17
2024-02-16 18:05:00,6587,14.5606,14.57,14.555,14.57,14.55,56
2024-02-16 18:06:00,25193,14.5565,14.555,14.555,14.56,14.545,171
2024-02-16 18:07:00,5005,14.56,14.555,14.56,14.565,14.555,52
2024-02-16 18:08:00,3719,14.5627,14.555,14.56,14.565,14.555,39
2024-02-16 18:09:00,11371,14.56,14.56,14.555,14.565,14.555,89
2024-02-16 18:10:00,6236,14.5502,14.555,14.5408,14.555,14.5408,52
2024-02-16 18:11:00,3924,14.5477,14.545,14.55,14.55,14.54,30
2024-02-16 18:12:00,4043,14.5492,14.5458,14.55,14.55,14.54,37
2024-02-16 18:13:00,7198,14.5507,14.5425,14.555,14.56,14.5425,52
2024-02-16 18:14:00,3795,14.5585,14.555,14.56,14.56,14.5517,31
2024-02-16 18:15:00,9139,14.5631,14.56,14.5675,14.57,14.56,88
2024-02-16 18:16:00,4342,14.5646,14.565,14.5675,14.5675,14.56,44
2024-02-16 18:17:00,7638,14.5606,14.565,14.56,14.5675,14.555,70
2024-02-16 18:18:00,1932,14.5534,14.555,14.5525,14.555,14.55,21
2024-02-16 18:19:00,45760,14.5639,14.56,14.565,14.565,14.555,142
2024-02-16 18:20:00,4552,14.567,14.57,14.56,14.57,14.56,27
2024-02-16 18:21:00,2650,14.568,14.56,14.565,14.57,14.56,33
2024-02-16 18:22:00,19061,14.578,14.57,14.59,14.59,14.57,182
2024-02-16 18:23:00,6295,14.5941,14.59,14.6,14.6,14.59,73
2024-02-16 18:24:00,7829,14.5975,14.6,14.6,14.6,14.595,72
2024-02-16 18:25:00,45114,14.5979,14.595,14.595,14.605,14.58,369
2024-02-16 18:26:00,31508,14.5811,14.595,14.575,14.6,14.57,190
2024-02-16 18:27:00,11703,14.575,14.575,14.575,14.575,14.575,22
2024-02-16 18:28:00,5303,14.5764,14.58,14.575,14.58,14.57,58
2024-02-16 18:29:00,12855,14.5813,14.575,14.585,14.59,14.575,125
2024-02-16 18:30:00,18635,14.5815,14.59,14.585,14.59,14.58,106
2024-02-16 18:31:00,19781,14.5988,14.58,14.61,14.61,14.58,113
2024-02-16 18:32:00,15762,14.6057,14.61,14.61,14.61,14.6,208
2024-02-16 18:33:00,8140,14.6011,14.605,14.61,14.61,14.6,59
2024-02-16 18:34:00,11390,14.6062,14.605,14.61,14.61,14.6,189
2024-02-16 18:35:00,9020,14.6051,14.605,14.605,14.61,14.6,178
2024-02-16 18:36:00,3411,14.6088,14.605,14.605,14.61,14.605,25
2024-02-16 18:37:00,11268,14.6126,14.61,14.62,14.62,14.605,108
2024-02-16 18:38:00,4529,14.618,14.62,14.62,14.62,14.615,43
2024-02-16 18:39:00,2490,14.6182,14.62,14.615,14.62,14.615,21
2024-02-16 18:40:00,37167,14.6102,14.62,14.605,14.62,14.6,380
2024-02-16 18:41:00,7081,14.6052,14.605,14.605,14.61,14.6,78
2024-02-16 18:42:00,30147,14.6026,14.61,14.605,14.61,14.6,234
2024-02-16 18:43:00,11505,14.6153,14.605,14.625,14.625,14.605,131
2024-02-16 18:44:00,14260,14.6249,14.625,14.63,14.63,14.62,193
2024-02-16 18:45:00,15012,14.6299,14.625,14.625,14.635,14.625,134
2024-02-16 18:46:00,5282,14.626,14.62,14.63,14.63,14.62,115
2024-02-16 18:47:00,9249,14.625,14.625,14.625,14.63,14.625,52
2024-02-16 18:48:00,12265,14.6255,14.625,14.625,14.63,14.62,83
2024-02-16 18:49:00,12068,14.6319,14.625,14.635,14.64,14.625,107
2024-02-16 18:50:00,9183,14.6331,14.64,14.635,14.64,14.63,107
2024-02-16 18:51:00,6772,14.6331,14.63,14.635,14.64,14.63,120
2024-02-16 18:52:00,6352,14.6361,14.6375,14.635,14.64,14.63,188
2024-02-16 18:53:00,11547,14.6246,14.635,14.62,14.64,14.615,104
2024-02-16 18:54:00,10867,14.6228,14.62,14.625,14.63,14.62,73
2024-02-16 18:55:00,19071,14.6308,14.625,14.635,14.64,14.625,155
2024-02-16 18:56:00,13308,14.6423,14.64,14.65,14.65,14.64,81
2024-02-16 18:57:00,8319,14.654,14.645,14.655,14.66,14.645,73
2024-02-16 18:58:00,6459,14.6526,14.65,14.655,14.655,14.65,49
2024-02-16 18:59:00,4891,14.6593,14.66,14.66,14.66,14.655,43
2024-02-16 19:00:00,15425,14.6653,14.66,14.675,14.675,14.66,192
2024-02-16 19:01:00,20574,14.6676,14.675,14.655,14.68,14.655,325
2024-02-16 19:02:00,17567,14.6606,14.66,14.655,14.665,14.655,140
2024-02-16 19:03:00,10525,14.6626,14.66,14.67,14.67,14.66,97
2024-02-16 19:04:00,11795,14.66,14.66,14.655,14.67,14.655,144
2024-02-16 19:05:00,11299,14.6665,14.655,14.68,14.68,14.655,105
2024-02-16 19:06:00,7328,14.6765,14.675,14.675,14.68,14.67,99
2024-02-16 19:07:00,16006,14.6711,14.675,14.665,14.68,14.66,178
2024-02-16 19:08:00,7378,14.6704,14.665,14.675,14.675,14.665,75
2024-02-16 19:09:00,12363,14.6709,14.67,14.665,14.675,14.665,294
2024-02-16 19:10:00,2183,14.6685,14.6655,14.67,14.67,14.665,22
2024-02-16 19:11:00,8600,14.6697,14.6699,14.675,14.675,14.665,95
2024-02-16 19:12:00,15078,14.6879,14.68,14.695,14.7,14.68,114
2024-02-16 19:13:00,11474,14.6947,14.7,14.695,14.7,14.69,208
2024-02-16 19:14:00,7244,14.6913,14.69,14.685,14.7,14.685,101
2024-02-16 19:15:00,7157,14.6904,14.69,14.695,14.695,14.6801,77
2024-02-16 19:16:00,9982,14.6919,14.695,14.685,14.7,14.685,118
2024-02-16 19:17:00,17660,14.6798,14.68,14.685,14.69,14.67,175
2024-02-16 19:18:00,8560,14.6862,14.685,14.685,14.69,14.68,74
2024-02-16 19:19:00,3623,14.6886,14.685,14.685,14.69,14.685,32
2024-02-16 19:20:00,5368,14.6879,14.685,14.69,14.69,14.6801,38
2024-02-16 19:21:00,14311,14.6926,14.69,14.6925,14.7,14.685,137
2024-02-16 19:22:00,4394,14.6979,14.695,14.7,14.7,14.69,33
2024-02-16 19:23:00,22231,14.6898,14.7,14.685,14.7,14.685,121
2024-02-16 19:24:00,9638,14.6914,14.685,14.7,14.7,14.685,88
2024-02-16 19:25:00,118591,14.7004,14.695,14.71,14.71,14.695,95
2024-02-16 19:26:00,3075,14.7081,14.71,14.705,14.71,14.705,28
2024-02-16 19:27:00,16790,14.7029,14.705,14.7,14.71,14.695,130
2024-02-16 19:28:00,14498,14.7026,14.7,14.71,14.71,14.7,96
2024-02-16 19:29:00,11201,14.71,14.71,14.71,14.715,14.705,105
2024-02-16 19:30:00,16815,14.7086,14.705,14.7,14.715,14.7,94
2024-02-16 19:31:00,12948,14.6949,14.705,14.685,14.71,14.685,87
2024-02-16 19:32:00,3529,14.6866,14.685,14.685,14.69,14.68,40
2024-02-16 19:33:00,16695,14.6773,14.685,14.67,14.685,14.67,146
2024-02-16 19:34:00,2512,14.6757,14.68,14.675,14.68,14.67,24
2024-02-16 19:35:00,6819,14.6712,14.675,14.66,14.675,14.66,58
2024-02-16 19:36:00,5496,14.6593,14.66,14.655,14.66,14.65,46
2024-02-16 19:37:00,18139,14.6502,14.65,14.6425,14.655,14.6425,136
2024-02-16 19:38:00,2823,14.6429,14.64,14.6425,14.65,14.64,35
2024-02-16 19:39:00,9959,14.651,14.645,14.66,14.66,14.645,76
2024-02-16 19:40:00,20005,14.6593,14.655,14.655,14.66,14.655,138
2024-02-16 19:41:00,9729,14.6446,14.65,14.63,14.655,14.63,96
2024-02-16 19:42:00,20214,14.6423,14.635,14.64,14.645,14.63,124
2024-02-16 19:43:00,4147,14.6414,14.64,14.64,14.65,14.635,39
2024-02-16 19:44:00,5981,14.6373,14.635,14.64,14.64,14.635,65
2024-02-16 19:45:00,28521,14.6224,14.635,14.62,14.64,14.615,172
2024-02-16 19:46:00,14030,14.6085,14.615,14.605,14.615,14.6,71
2024-02-16 19:47:00,19642,14.5953,14.6098,14.585,14.6098,14.585,136
2024-02-16 19:48:00,27715,14.5994,14.585,14.61,14.62,14.58,197
2024-02-16 19:49:00,11052,14.6099,14.61,14.605,14.615,14.605,79
2024-02-16 19:50:00,2807,14.6045,14.605,14.605,14.605,14.6,35
2024-02-16 19:51:00,12947,14.6,14.605,14.6,14.6084,14.59,106
2024-02-16 19:52:00,12368,14.5998,14.6,14.595,14.605,14.595,107
2024-02-16 19:53:00,3396,14.597,14.595,14.59,14.6,14.59,39
2024-02-16 19:54:00,16090,14.602,14.6,14.595,14.61,14.595,176
2024-02-16 19:55:00,3115,14.5971,14.59,14.6,14.6,14.59,32
2024-02-16 19:56:00,18752,14.5918,14.6,14.595,14.6,14.58,184
2024-02-16 19:57:00,2585,14.5981,14.595,14.6,14.6,14.5925,28
2024-02-16 19:58:00,11996,14.6015,14.595,14.605,14.61,14.59,109
2024-02-16 19:59:00,11934,14.612,14.605,14.62,14.62,14.605,90
2024-02-16 20:00:00,16851,14.6157,14.62,14.615,14.625,14.605,146
2024-02-16 20:01:00,3069,14.6084,14.615,14.6,14.615,14.6,39
2024-02-16 20:02:00,3512,14.6011,14.605,14.605,14.605,14.6,43
2024-02-16 20:03:00,8822,14.6099,14.605,14.615,14.615,14.605,80
2024-02-16 20:04:00,14082,14.6068,14.615,14.59,14.615,14.59,87
2024-02-16 20:05:00,13971,14.5951,14.59,14.595,14.605,14.585,118
2024-02-16 20:06:00,5543,14.6018,14.595,14.605,14.61,14.595,62
2024-02-16 20:07:00,2388,14.6075,14.605,14.61,14.61,14.605,25
2024-02-16 20:08:00,9072,14.6063,14.605,14.605,14.61,14.6,65
2024-02-16 20:09:00,6078,14.6045,14.605,14.6,14.61,14.6,47
2024-02-16 20:10:00,18611,14.5963,14.6,14.58,14.6075,14.575,144
2024-02-16 20:11:00,15975,14.5798,14.575,14.575,14.585,14.57,116
2024-02-16 20:12:00,2793,14.5748,14.58,14.5725,14.58,14.57,32
2024-02-16 20:13:00,77678,14.5655,14.575,14.57,14.58,14.55,351
2024-02-16 20:14:00,8686,14.5717,14.57,14.575,14.575,14.57,39
2024-02-16 20:15:00,9801,14.5701,14.575,14.565,14.575,14.565,80
2024-02-16 20:16:00,14147,14.5682,14.5625,14.575,14.575,14.56,95
2024-02-16 20:17:00,18638,14.57,14.575,14.56,14.58,14.56,100
2024-02-16 20:18:00,38958,14.5689,14.565,14.57,14.575,14.56,197
2024-02-16 20:19:00,5177,14.5733,14.575,14.575,14.575,14.575,35
2024-02-16 20:20:00,31482,14.5699,14.575,14.575,14.575,14.565,164
2024-02-16 20:21:00,11369,14.5783,14.575,14.575,14.58,14.575,88
2024-02-16 20:22:00,7709,14.5738,14.575,14.575,14.575,14.57,60
2024-02-16 20:23:00,12021,14.5782,14.57,14.59,14.59,14.57,108
2024-02-16 20:24:00,8002,14.5861,14.585,14.59,14.59,14.585,63
2024-02-16 20:25:00,10802,14.5947,14.59,14.6,14.6,14.59,88
2024-02-16 20:26:00,12352,14.6034,14.6,14.61,14.61,14.6,102
2024-02-16 20:27:00,11774,14.6109,14.6,14.615,14.62,14.6,103
2024-02-16 20:28:00,8956,14.6179,14.62,14.62,14.62,14.61,68
2024-02-16 20:29:00,12119,14.6057,14.62,14.615,14.62,14.61,83
2024-02-16 20:30:00,11197,14.6154,14.615,14.615,14.62,14.61,90
2024-02-16 20:31:00,31296,14.6062,14.615,14.592,14.615,14.59,152
2024-02-16 20:32:00,7274,14.5871,14.595,14.58,14.595,14.58,58
2024-02-16 20:33:00,21633,14.5891,14.58,14.59,14.595,14.58,169
2024-02-16 20:34:00,6307,14.5909,14.59,14.595,14.595,14.59,39
2024-02-16 20:35:00,10866,14.5942,14.595,14.595,14.6,14.59,81
2024-02-16 20:36:00,9082,14.5936,14.5925,14.59,14.6,14.59,79
2024-02-16 20:37:00,16275,14.5895,14.59,14.585,14.6,14.58,81
2024-02-16 20:38:00,25329,14.5802,14.58,14.585,14.585,14.57,169
2024-02-16 20:39:00,42089,14.587,14.585,14.585,14.59,14.58,232
2024-02-16 20:40:00,33737,14.5808,14.585,14.58,14.585,14.58,149
2024-02-16 20:41:00,5029,14.5847,14.585,14.585,14.59,14.58,48
2024-02-16 20:42:00,7287,14.5825,14.585,14.58,14.585,14.58,47
2024-02-16 20:43:00,7264,14.5852,14.585,14.58,14.59,14.58,63
2024-02-16 20:44:00,12720,14.5834,14.585,14.585,14.59,14.58,87
2024-02-16 20:45:00,28550,14.5873,14.585,14.59,14.59,14.58,155
2024-02-16 20:46:00,26384,14.5849,14.59,14.58,14.59,14.58,172
2024-02-16 20:47:00,13826,14.5839,14.585,14.585,14.59,14.58,114
2024-02-16 20:48:00,47826,14.5795,14.585,14.57,14.59,14.57,270
2024-02-16 20:49:00,17503,14.5747,14.57,14.57,14.5795,14.57,91
2024-02-16 20:50:00,87665,14.5804,14.575,14.58,14.59,14.575,456
2024-02-16 20:51:00,41021,14.5823,14.58,14.58,14.59,14.58,216
2024-02-16 20:52:00,48397,14.5758,14.58,14.565,14.585,14.56,194
2024-02-16 20:53:00,26673,14.5582,14.565,14.555,14.57,14.55,176
2024-02-16 20:54:00,57164,14.566,14.555,14.57,14.575,14.55,291
2024-02-16 20:55:00,45116,14.5667,14.575,14.555,14.575,14.55,258
2024-02-16 20:56:00,24988,14.5531,14.55,14.55,14.56,14.55,187
2024-02-16 20:57:00,84959,14.5486,14.555,14.545,14.555,14.54,400
2024-02-16 20:58:00,126506,14.5567,14.55,14.555,14.565,14.545,497
2024-02-16 20:59:00,109407,14.5558,14.555,14.56,14.56,14.55,750
2024-02-16 21:00:00,19151,14.55,14.55,14.55,14.55,14.55,12
2024-02-16 21:02:00,100,14.62,14.62,14.62,14.62,14.62,1
2024-02-16 21:04:00,250,14.62,14.62,14.62,14.62,14.62,1
2024-02-16 21:20:00,404,14.55,14.55,14.55,14.55,14.55,1
2024-02-16 21:28:00,146,14.4,14.4,14.4,14.4,14.4,1
2024-02-16 23:05:00,100,14.61,14.61,14.61,14.61,14.61,1
2024-02-20 12:04:00,509,14.4897,14.48,14.48,14.48,14.48,4
2024-02-20 14:05:00,500,14.64,14.64,14.64,14.64,14.64,1
2024-02-20 14:07:00,500,14.51,14.51,14.51,14.51,14.51,1
2024-02-20 14:19:00,281,14.5822,14.6,14.55,14.6,14.55,3
2024-02-20 14:20:00,150,14.6,14.6,14.6,14.6,14.6,2
2024-02-20 14:29:00,735,14.5217,14.52,14.51,14.52,14.51,5
2024-02-20 14:30:00,63578,14.5282,14.53,14.56,14.56,14.48,231
2024-02-20 14:31:00,120933,14.4963,14.55,14.48,14.55,14.46,255
2024-02-20 14:32:00,26482,14.4833,14.48,14.52,14.535,14.455,142
2024-02-20 14:33:00,13033,14.5372,14.51,14.57,14.57,14.51,63
2024-02-20 14:34:00,7180,14.5679,14.57,14.565,14.59,14.55,69
2024-02-20 14:35:00,22680,14.5725,14.55,14.58,14.59,14.55,113
2024-02-20 14:36:00,5520,14.555,14.575,14.535,14.5799,14.53,35
2024-02-20 14:37:00,5133,14.5433,14.54,14.54,14.55,14.535,53
2024-02-20 14:38:00,17044,14.5358,14.55,14.53,14.555,14.52,95
2024-02-20 14:39:00,11568,14.5284,14.53,14.525,14.53,14.52,61
2024-02-20 14:40:00,6864,14.5208,14.525,14.51,14.53,14.509,60
2024-02-20 14:41:00,15361,14.4865,14.515,14.5,14.515,14.475,98
2024-02-20 14:42:00,10429,14.4575,14.49,14.44,14.495,14.44,67
2024-02-20 14:43:00,40789,14.4569,14.44,14.48,14.48,14.43,236
2024-02-20 14:44:00,16493,14.4795,14.49,14.47,14.5,14.465,151
2024-02-20 14:45:00,33439,14.4863,14.48,14.46,14.505,14.46,307
2024-02-20 14:46:00,15572,14.4773,14.465,14.5,14.5,14.46,137
2024-02-20 14:47:00,8494,14.5057,14.49,14.52,14.52,14.49,95
2024-02-20 14:48:00,9227,14.5162,14.515,14.53,14.535,14.505,94
2024-02-20 14:49:00,43804,14.5142,14.53,14.51,14.545,14.505,172
2024-02-20 14:50:00,135458,14.5043,14.51,14.515,14.54,14.5,402
2024-02-20 14:51:00,9813,14.5208,14.52,14.52,14.53,14.51,96
2024-02-20 14:52:00,32581,14.5292,14.52,14.545,14.55,14.51,219
2024-02-20 14:53:00,66657,14.5691,14.545,14.575,14.59,14.545,430
2024-02-20 14:54:00,37799,14.5614,14.575,14.56,14.58,14.545,247
2024-02-20 14:55:00,22267,14.5561,14.56,14.535,14.56,14.535,166
2024-02-20 14:56:00,11260,14.5357,14.53,14.55,14.55,14.525,76
2024-02-20 14:57:00,6407,14.5451,14.55,14.535,14.56,14.535,50
2024-02-20 14:58:00,23978,14.5419,14.535,14.56,14.56,14.535,78
2024-02-20 14:59:00,2863,14.5715,14.555,14.59,14.59,14.555,43
2024-02-20 15:00:00,13312,14.5681,14.59,14.57,14.59,14.555,77
2024-02-20 15:01:00,9245,14.5876,14.57,14.61,14.61,14.57,76
2024-02-20 15:02:00,31506,14.62,14.62,14.63,14.63,14.605,234
2024-02-20 15:03:00,5668,14.6328,14.625,14.64,14.64,14.62,35
2024-02-20 15:04:00,19455,14.6424,14.635,14.625,14.66,14.625,144
2024-02-20 15:05:00,89596,14.6489,14.625,14.645,14.67,14.625,449
2024-02-20 15:06:00,5544,14.6383,14.645,14.65,14.65,14.63,60
2024-02-20 15:07:00,34939,14.6441,14.65,14.635,14.66,14.63,234
2024-02-20 15:08:00,11951,14.6378,14.63,14.635,14.65,14.625,101
2024-02-20 15:09:00,10754,14.639,14.64,14.66,14.66,14.625,111
2024-02-20 15:10:00,26715,14.6651,14.66,14.67,14.68,14.66,179
2024-02-20 15:11:00,10775,14.6677,14.67,14.68,14.68,14.66,88
2024-02-20 15:12:00,13728,14.6605,14.67,14.655,14.675,14.65,91
2024-02-20 15:13:00,17895,14.6407,14.655,14.63,14.655,14.62,158
2024-02-20 15:14:00,19625,14.6481,14.63,14.655,14.66,14.63,106
2024-02-20 15:15:00,12085,14.6419,14.655,14.645,14.655,14.63,133
2024-02-20 15:16:00,11157,14.653,14.65,14.665,14.665,14.65,115
2024-02-20 15:17:00,17004,14.6848,14.665,14.685,14.7,14.665,116
2024-02-20 15:18:00,30351,14.6911,14.685,14.685,14.7,14.675,128
2024-02-20 15:19:00,6525,14.6721,14.685,14.664,14.685,14.66,63
2024-02-20 15:20:00,13729,14.6754,14.67,14.69,14.69,14.66,121
2024-02-20 15:21:00,43028,14.6937,14.685,14.685,14.71,14.675,299
2024-02-20 15:22:00,8346,14.6922,14.685,14.7,14.7,14.6813,65
2024-02-20 15:23:00,21708,14.7116,14.7,14.73,14.73,14.695,179
2024-02-20 15:24:00,25913,14.7172,14.7275,14.7,14.73,14.695,175
2024-02-20 15:25:00,12262,14.6903,14.695,14.695,14.7,14.68,118
2024-02-20 15:26:00,22302,14.7083,14.7,14.705,14.72,14.695,202
2024-02-20 15:27:00,8035,14.7098,14.7,14.714,14.72,14.7,68
2024-02-20 15:28:00,36112,14.6952,14.72,14.685,14.72,14.68,244
2024-02-20 15:29:00,14567,14.6837,14.6888,14.685,14.696,14.67,178
2024-02-20 15:30:00,13999,14.6905,14.685,14.69,14.6958,14.68,164
2024-02-20 15:31:00,24948,14.6637,14.685,14.665,14.685,14.654,218
2024-02-20 15:32:00,10871,14.6614,14.665,14.655,14.67,14.655,93
2024-02-20 15:33:00,21534,14.6502,14.655,14.645,14.66,14.64,188
2024-02-20 15:34:00,5305,14.6379,14.65,14.62,14.65,14.62,65
2024-02-20 15:35:00,4210,14.6116,14.62,14.6,14.62,14.6,59
2024-02-20 15:36:00,44682,14.5971,14.6,14.595,14.61,14.59,329
2024-02-20 15:37:00,67883,14.6236,14.6,14.605,14.64,14.6,385
2024-02-20 15:38:00,21061,14.6059,14.605,14.62,14.62,14.59,142
2024-02-20 15:39:00,22234,14.6282,14.62,14.63,14.64,14.62,157
2024-02-20 15:40:00,11121,14.6324,14.63,14.625,14.64,14.625,102
2024-02-20 15:41:00,11593,14.623,14.63,14.6199,14.63,14.615,75
2024-02-20 15:42:00,13986,14.6082,14.615,14.59,14.62,14.59,125
2024-02-20 15:43:00,17108,14.5923,14.59,14.595,14.6,14.58,131
2024-02-20 15:44:00,10012,14.583,14.59,14.585,14.595,14.5701,82
2024-02-20 15:45:00,42134,14.614,14.59,14.639,14.639,14.5851,292
2024-02-20 15:46:00,15587,14.6475,14.64,14.66,14.66,14.63,125
2024-02-20 15:47:00,12708,14.6634,14.66,14.67,14.67,14.655,176
2024-02-20 15:48:00,21154,14.6662,14.6629,14.68,14.68,14.655,229
2024-02-20 15:49:00,10702,14.6709,14.675,14.675,14.68,14.665,84
2024-02-20 15:50:00,62642,14.662,14.68,14.645,14.68,14.645,320
2024-02-20 15:51:00,113485,14.6308,14.645,14.615,14.645,14.61,638
2024-02-20 15:52:00,21017,14.6049,14.62,14.615,14.62,14.595,164
2024-02-20 15:53:00,39097,14.6127,14.61,14.6,14.63,14.595,208
2024-02-20 15:54:00,6484,14.5995,14.5987,14.595,14.6,14.59,32
2024-02-20 15:55:00,54686,14.5912,14.6,14.57,14.6,14.57,110
2024-02-20 15:56:00,9989,14.5613,14.57,14.555,14.575,14.55,69
2024-02-20 15:57:00,15722,14.5648,14.55,14.575,14.575,14.55,119
2024-02-20 15:58:00,28080,14.5799,14.575,14.59,14.59,14.57,131
2024-02-20 15:59:00,19060,14.5799,14.58,14.59,14.59,14.57,168
2024-02-20 16:00:00,101828,14.5786,14.59,14.565,14.6,14.56,528
2024-02-20 16:01:00,18911,14.5477,14.56,14.5355,14.56,14.5301,128
2024-02-20 16:02:00,24343,14.5309,14.535,14.535,14.54,14.525,148
2024-02-20 16:03:00,23820,14.5305,14.53,14.53,14.54,14.525,160
2024-02-20 16:04:00,11562,14.5371,14.53,14.545,14.55,14.53,98
2024-02-20 16:05:00,8905,14.5511,14.55,14.554,14.56,14.55,68
2024-02-20 16:06:00,6732,14.5486,14.56,14.55,14.56,14.544,69
2024-02-20 16:07:00,12011,14.5506,14.55,14.55,14.56,14.55,86
2024-02-20 16:08:00,28665,14.5548,14.545,14.555,14.56,14.5411,125
2024-02-20 16:09:00,31446,14.5479,14.55,14.535,14.555,14.535,207
2024-02-20 16:10:00,18946,14.5453,14.535,14.555,14.56,14.535,151
2024-02-20 16:11:00,5668,14.5557,14.56,14.56,14.56,14.55,52
2024-02-20 16:12:00,10019,14.5494,14.56,14.545,14.56,14.54,79
2024-02-20 16:13:00,36941,14.5362,14.54,14.54,14.54,14.53,125
2024-02-20 16:14:00,9412,14.5501,14.545,14.555,14.56,14.54,88
2024-02-20 16:15:00,5639,14.5487,14.56,14.545,14.56,14.54,59
2024-02-20 16:16:00,9016,14.5336,14.54,14.53,14.54,14.53,116
2024-02-20 16:17:00,7205,14.5242,14.52,14.52,14.53,14.52,66
2024-02-20 16:18:00,28373,14.5217,14.52,14.525,14.53,14.51,124
2024-02-20 16:19:00,4384,14.5213,14.52,14.52,14.53,14.52,41
2024-02-20 16:20:00,12151,14.5011,14.51,14.485,14.515,14.4811,77
2024-02-20 16:21:00,35692,14.4823,14.485,14.47,14.49,14.47,106
2024-02-20 16:22:00,42624,14.4622,14.47,14.47,14.475,14.45,229
2024-02-20 16:23:00,40742,14.4921,14.475,14.505,14.51,14.46,257
2024-02-20 16:24:00,24618,14.505,14.505,14.52,14.53,14.49,168
2024-02-20 16:25:00,5803,14.5326,14.53,14.535,14.54,14.53,41
2024-02-20 16:26:00,8053,14.5343,14.535,14.5375,14.55,14.53,67
2024-02-20 16:27:00,6697,14.5399,14.535,14.55,14.55,14.534,66
2024-02-20 16:28:00,6384,14.5538,14.55,14.57,14.57,14.545,54
2024-02-20 16:29:00,14725,14.5616,14.56,14.57,14.57,14.56,100
2024-02-20 16:30:00,5558,14.5689,14.57,14.57,14.58,14.56,61
2024-02-20 16:31:00,9217,14.5637,14.57,14.575,14.575,14.56,63
2024-02-20 16:32:00,8091,14.5683,14.57,14.57,14.575,14.565,55
2024-02-20 16:33:00,15629,14.5793,14.57,14.585,14.59,14.57,142
2024-02-20 16:34:00,4415,14.5817,14.5825,14.58,14.59,14.575,49
2024-02-20 16:35:00,7227,14.5795,14.58,14.575,14.585,14.575,69
2024-02-20 16:36:00,4199,14.5814,14.5717,14.59,14.59,14.5717,47
2024-02-20 16:37:00,4605,14.5782,14.585,14.57,14.585,14.57,44
2024-02-20 16:38:00,7969,14.5719,14.575,14.57,14.58,14.565,67
2024-02-20 16:39:00,6742,14.5709,14.565,14.575,14.575,14.565,63
2024-02-20 16:40:00,4242,14.5688,14.57,14.565,14.57,14.565,41
2024-02-20 16:41:00,7147,14.5745,14.565,14.59,14.59,14.565,79
2024-02-20 16:42:00,24409,14.5834,14.59,14.59,14.59,14.575,93
2024-02-20 16:43:00,5154,14.5894,14.585,14.595,14.595,14.585,49
2024-02-20 16:44:00,12212,14.6,14.59,14.6,14.605,14.59,105
2024-02-20 16:45:00,10838,14.5997,14.605,14.605,14.605,14.595,89
2024-02-20 16:46:00,1420,14.6032,14.605,14.6,14.605,14.6,18
2024-02-20 16:47:00,6036,14.5992,14.6,14.595,14.605,14.595,68
2024-02-20 16:48:00,3242,14.5945,14.595,14.59,14.595,14.59,40
2024-02-20 16:49:00,10152,14.5908,14.595,14.595,14.6,14.585,99
2024-02-20 16:50:00,6517,14.6045,14.595,14.615,14.615,14.595,77
2024-02-20 16:51:00,28477,14.6068,14.61,14.605,14.62,14.6,142
2024-02-20 16:52:00,13481,14.6012,14.605,14.605,14.605,14.6,44
2024-02-20 16:53:00,10829,14.6,14.6,14.605,14.605,14.595,97
2024-02-20 16:54:00,132666,14.6012,14.61,14.595,14.6166,14.59,229
2024-02-20 16:55:00,25674,14.5997,14.595,14.595,14.605,14.595,116
2024-02-20 16:56:00,16782,14.5958,14.595,14.585,14.6,14.58,60
2024-02-20 16:57:00,24763,14.5616,14.585,14.555,14.585,14.55,138
2024-02-20 16:58:00,327466,14.5502,14.56,14.545,14.56,14.54,403
2024-02-20 16:59:00,54251,14.5427,14.55,14.535,14.555,14.52,264
2024-02-20 17:00:00,205238,14.5296,14.535,14.535,14.54,14.515,278
2024-02-20 17:01:00,13321,14.5307,14.54,14.52,14.5451,14.52,114
2024-02-20 17:02:00,41136,14.5257,14.515,14.53,14.54,14.505,303
2024-02-20 17:03:00,17512,14.5378,14.535,14.5204,14.55,14.52,140
2024-02-20 17:04:00,33745,14.5173,14.52,14.515,14.52,14.51,191
2024-02-20 17:05:00,46144,14.5282,14.515,14.55,14.55,14.51,232
2024-02-20 17:06:00,7235,14.544,14.54,14.55,14.55,14.54,57
2024-02-20 17:07:00,15278,14.5417,14.55,14.535,14.55,14.534,115
2024-02-20 17:08:00,56319,14.5272,14.53,14.525,14.54,14.515,335
2024-02-20 17:09:00,9430,14.5302,14.53,14.535,14.54,14.52,84
2024-02-20 17:10:00,5112,14.5325,14.535,14.535,14.54,14.53,41
2024-02-20 17:11:00,1280,14.5318,14.53,14.53,14.53,14.53,20
2024-02-20 17:12:00,4219,14.5283,14.53,14.525,14.53,14.52,47
2024-02-20 17:13:00,12672,14.5297,14.525,14.53,14.53,14.52,95
2024-02-20 17:14:00,2995,14.5353,14.535,14.535,14.54,14.535,32
2024-02-20 17:15:00,21089,14.5403,14.54,14.54,14.55,14.535,165
2024-02-20 17:16:00,6649,14.5331,14.54,14.525,14.54,14.52,56
2024-02-20 17:17:00,7822,14.5287,14.525,14.525,14.53,14.52,84
2024-02-20 17:18:00,1604,14.5298,14.52,14.525,14.5283,14.52,18
2024-02-20 17:19:00,3840,14.5273,14.525,14.525,14.53,14.525,45
2024-02-20 17:20:00,18850,14.5254,14.52,14.535,14.54,14.515,154
2024-02-20 17:21:00,56246,14.5492,14.54,14.55,14.55,14.54,68
2024-02-20 17:22:00,3594,14.5418,14.55,14.54,14.55,14.54,30
2024-02-20 17:23:00,9855,14.5364,14.545,14.53,14.545,14.53,62
2024-02-20 17:24:00,32300,14.528,14.53,14.515,14.535,14.515,162
2024-02-20 17:25:00,6792,14.5134,14.515,14.51,14.515,14.51,45
2024-02-20 17:26:00,22015,14.4957,14.505,14.49,14.505,14.49,140
2024-02-20 17:27:00,6525,14.4893,14.49,14.485,14.4905,14.48,60
2024-02-20 17:28:00,15179,14.4903,14.485,14.5,14.5,14.48,131
2024-02-20 17:29:00,15524,14.4979,14.495,14.49,14.5,14.49,121
2024-02-20 17:30:00,13004,14.4852,14.49,14.48,14.49,14.48,83
2024-02-20 17:31:00,1913,14.4859,14.48,14.485,14.49,14.48,27
2024-02-20 17:32:00,9323,14.4926,14.485,14.495,14.5,14.485,91
2024-02-20 17:33:00,2270,14.4966,14.495,14.495,14.495,14.49,28
2024-02-20 17:34:00,11371,14.4903,14.495,14.48,14.495,14.48,69
2024-02-20 17:35:00,3189,14.4754,14.48,14.465,14.485,14.465,47
2024-02-20 17:36:00,25604,14.4539,14.465,14.445,14.465,14.445,144
2024-02-20 17:37:00,3585,14.4368,14.44,14.425,14.44,14.425,41
2024-02-20 17:38:00,26947,14.4195,14.42,14.42,14.43,14.415,67
2024-02-20 17:39:00,9336,14.4199,14.425,14.415,14.425,14.41,98
2024-02-20 17:40:00,20561,14.4136,14.41,14.425,14.43,14.4,170
2024-02-20 17:41:00,27951,14.4377,14.42,14.43,14.45,14.42,184
2024-02-20 17:42:00,2247,14.4247,14.425,14.415,14.43,14.415,37
2024-02-20 17:43:00,5171,14.4193,14.42,14.42,14.42,14.415,46
2024-02-20 17:44:00,30719,14.4294,14.415,14.425,14.44,14.41,222
2024-02-20 17:45:00,5825,14.4319,14.43,14.435,14.44,14.43,52
2024-02-20 17:46:00,9399,14.4369,14.44,14.44,14.45,14.425,96
2024-02-20 17:47:00,28429,14.4538,14.44,14.455,14.465,14.435,192
2024-02-20 17:48:00,21105,14.4661,14.46,14.465,14.475,14.455,119
2024-02-20 17:49:00,1922,14.466,14.47,14.46,14.47,14.46,26
2024-02-20 17:50:00,6425,14.4598,14.465,14.455,14.47,14.455,59
2024-02-20 17:51:00,6137,14.4488,14.45,14.4425,14.45,14.44,80
2024-02-20 17:52:00,6430,14.4365,14.445,14.43,14.445,14.43,72
2024-02-20 17:53:00,4073,14.4255,14.42,14.425,14.43,14.42,61
2024-02-20 17:54:00,3227,14.4209,14.42,14.41,14.42,14.41,44
2024-02-20 17:55:00,125449,14.3835,14.41,14.3801,14.415,14.36,713
2024-02-20 17:56:00,18730,14.4078,14.3875,14.43,14.43,14.3875,176
2024-02-20 17:57:00,3926,14.4198,14.425,14.43,14.43,14.425,43
2024-02-20 17:58:00,22041,14.4235,14.43,14.4,14.43,14.4,175
2024-02-20 17:59:00,945,14.4038,14.4,14.405,14.41,14.4,17
2024-02-20 18:00:00,13426,14.4093,14.41,14.415,14.415,14.405,109
2024-02-20 18:01:00,54709,14.4188,14.415,14.43,14.43,14.4149,215
2024-02-20 18:02:00,8310,14.4163,14.425,14.405,14.43,14.405,103
2024-02-20 18:03:00,15841,14.4195,14.42,14.42,14.425,14.41,76
2024-02-20 18:04:00,2708,14.4145,14.415,14.415,14.42,14.41,39
2024-02-20 18:05:00,11907,14.4098,14.415,14.41,14.415,14.4,99
2024-02-20 18:06:00,32140,14.3995,14.4,14.39,14.405,14.39,92
2024-02-20 18:07:00,43807,14.4033,14.395,14.425,14.43,14.39,273
2024-02-20 18:08:00,5223,14.4277,14.42,14.435,14.44,14.42,74
2024-02-20 18:09:00,5677,14.4275,14.43,14.42,14.44,14.42,75
2024-02-20 18:10:00,2253,14.4186,14.425,14.42,14.425,14.42,36
2024-02-20 18:11:00,5654,14.4199,14.415,14.425,14.425,14.415,65
2024-02-20 18:12:00,4735,14.4208,14.425,14.415,14.425,14.415,57
2024-02-20 18:13:00,10262,14.4154,14.4199,14.415,14.42,14.41,62
2024-02-20 18:14:00,1588,14.4147,14.415,14.415,14.42,14.41,22
2024-02-20 18:15:00,7619,14.4057,14.41,14.4,14.41,14.4,65
2024-02-20 18:16:00,72402,14.3937,14.395,14.4,14.405,14.37,439
2024-02-20 18:17:00,2101,14.406,14.4,14.405,14.41,14.4,29
2024-02-20 18:18:00,7935,14.4085,14.4,14.41,14.41,14.4,90
2024-02-20 18:19:00,2931,14.4094,14.41,14.415,14.415,14.405,35
2024-02-20 18:20:00,8070,14.4295,14.42,14.445,14.45,14.42,150
2024-02-20 18:21:00,4614,14.4369,14.44,14.435,14.44,14.435,51
2024-02-20 18:22:00,3642,14.4444,14.44,14.45,14.45,14.44,80
2024-02-20 18:23:00,3322,14.443,14.45,14.44,14.45,14.44,39
2024-02-20 18:24:00,1619,14.4238,14.445,14.44,14.445,14.44,20
2024-02-20 18:25:00,303,14.4445,14.445,14.445,14.445,14.445,18
2024-02-20 18:26:00,9801,14.4403,14.4404,14.44,14.45,14.44,100
2024-02-20 18:27:00,22212,14.4448,14.44,14.45,14.455,14.435,212
2024-02-20 18:28:00,1342,14.4512,14.455,14.46,14.46,14.455,29
2024-02-20 18:29:00,40168,14.473,14.45,14.47,14.485,14.45,224
2024-02-20 18:30:00,7147,14.4527,14.46,14.435,14.465,14.435,85
2024-02-20 18:31:00,11728,14.4367,14.43,14.43,14.44,14.43,100
2024-02-20 18:32:00,6279,14.4207,14.43,14.415,14.43,14.415,68
2024-02-20 18:33:00,2422,14.4165,14.42,14.405,14.42,14.405,30
2024-02-20 18:34:00,1743,14.4136,14.405,14.4,14.405,14.4,24
2024-02-20 18:35:00,8848,14.3997,14.4,14.39,14.4,14.39,29
2024-02-20 18:36:00,23226,14.3996,14.3999,14.4,14.405,14.395,209
2024-02-20 18:37:00,6416,14.4086,14.4,14.4,14.405,14.395,75
2024-02-20 18:38:00,3202,14.3977,14.395,14.397,14.4,14.39,43
2024-02-20 18:39:00,8469,14.4107,14.4,14.425,14.425,14.4,156
2024-02-20 18:40:00,7361,14.4201,14.42,14.43,14.43,14.415,99
2024-02-20 18:41:00,7418,14.4299,14.43,14.435,14.435,14.43,95
2024-02-20 18:42:00,3383,14.4299,14.435,14.425,14.435,14.425,45
2024-02-20 18:43:00,947,14.4248,14.425,14.425,14.43,14.422,24
2024-02-20 18:44:00,4715,14.4261,14.425,14.425,14.4271,14.425,29
2024-02-20 18:45:00,6705,14.4198,14.42,14.415,14.425,14.415,85
2024-02-20 18:46:00,2736,14.4097,14.415,14.405,14.415,14.4,30
2024-02-20 18:47:00,3155,14.406,14.4,14.405,14.41,14.4,47
2024-02-20 18:48:00,20833,14.4101,14.405,14.42,14.42,14.405,155
2024-02-20 18:49:00,8067,14.4061,14.415,14.4,14.415,14.4,79
2024-02-20 18:50:00,21771,14.3994,14.4,14.405,14.405,14.39,151
2024-02-20 18:51:00,7831,14.4088,14.405,14.415,14.42,14.405,78
2024-02-20 18:52:00,15425,14.4058,14.41,14.4,14.415,14.4,83
2024-02-20 18:53:00,4311,14.4048,14.405,14.405,14.41,14.4,57
2024-02-20 18:54:00,2784,14.4007,14.405,14.4,14.405,14.4,49
2024-02-20 18:55:00,9292,14.3995,14.4,14.405,14.405,14.395,121
2024-02-20 18:56:00,911,14.4046,14.405,14.405,14.41,14.4,21
2024-02-20 18:57:00,12295,14.4131,14.405,14.43,14.43,14.405,154
2024-02-20 18:58:00,5170,14.428,14.425,14.435,14.435,14.42,66
2024-02-20 18:59:00,1758,14.4311,14.435,14.44,14.44,14.43,42
2024-02-20 19:00:00,7793,14.426,14.43,14.425,14.4399,14.42,85
2024-02-20 19:01:00,2209,14.4267,14.43,14.4299,14.43,14.42,38
2024-02-20 19:02:00,34339,14.4126,14.425,14.41,14.425,14.4,232
2024-02-20 19:03:00,13414,14.4143,14.41,14.425,14.43,14.405,140
2024-02-20 19:04:00,3894,14.4255,14.425,14.43,14.43,14.4245,30
2024-02-20 19:05:00,2254,14.4271,14.43,14.425,14.43,14.425,33
2024-02-20 19:06:00,2635,14.4243,14.43,14.4275,14.43,14.42,43
2024-02-20 19:07:00,56307,14.4412,14.425,14.445,14.45,14.425,392
2024-02-20 19:08:00,14137,14.44,14.45,14.43,14.45,14.43,113
2024-02-20 19:09:00,5065,14.4265,14.43,14.425,14.43,14.42,65
2024-02-20 19:10:00,1684,14.4216,14.42,14.42,14.425,14.42,20
2024-02-20 19:11:00,5238,14.4176,14.42,14.41,14.42,14.41,59
2024-02-20 19:12:00,7822,14.3984,14.415,14.3961,14.415,14.39,54
2024-02-20 19:13:00,3545,14.3831,14.39,14.375,14.39,14.375,46
2024-02-20 19:14:00,16625,14.3626,14.37,14.355,14.37,14.35,131
2024-02-20 19:15:00,31376,14.3654,14.355,14.375,14.38,14.35,245
2024-02-20 19:16:00,17623,14.3705,14.37,14.375,14.38,14.36,111
2024-02-20 19:17:00,12896,14.3864,14.38,14.385,14.4,14.38,125
2024-02-20 19:18:00,22293,14.3994,14.39,14.405,14.41,14.385,164
2024-02-20 19:19:00,8324,14.4072,14.405,14.42,14.42,14.4,93
2024-02-20 19:20:00,7936,14.4088,14.41,14.405,14.415,14.4,81
2024-02-20 19:21:00,9532,14.4111,14.405,14.415,14.42,14.405,83
2024-02-20 19:22:00,4443,14.3959,14.42,14.41,14.42,14.41,32
2024-02-20 19:23:00,8168,14.4078,14.415,14.405,14.415,14.4,83
2024-02-20 19:24:00,9296,14.4113,14.41,14.405,14.42,14.405,111
2024-02-20 19:25:00,25009,14.414,14.405,14.42,14.42,14.405,135
2024-02-20 19:26:00,14624,14.4259,14.415,14.425,14.435,14.415,151
2024-02-20 19:27:00,5144,14.4257,14.425,14.425,14.43,14.42,52
2024-02-20 19:28:00,58679,14.4471,14.425,14.455,14.46,14.425,370
2024-02-20 19:29:00,26119,14.4447,14.45,14.425,14.455,14.425,178
2024-02-20 19:30:00,7781,14.4298,14.43,14.435,14.435,14.425,87
2024-02-20 19:31:00,14195,14.4413,14.43,14.445,14.45,14.43,125
2024-02-20 19:32:00,12001,14.4356,14.44,14.42,14.45,14.42,133
2024-02-20 19:33:00,8600,14.4186,14.42,14.415,14.425,14.415,87
2024-02-20 19:34:00,10652,14.4139,14.415,14.42,14.42,14.41,107
2024-02-20 19:35:00,59074,14.4399,14.42,14.435,14.46,14.415,504
2024-02-20 19:36:00,21991,14.4415,14.435,14.44,14.45,14.435,180
2024-02-20 19:37:00,210989,14.4302,14.435,14.425,14.44,14.425,81
2024-02-20 19:38:00,11699,14.4231,14.425,14.425,14.43,14.42,89
2024-02-20 19:39:00,5365,14.4184,14.42,14.415,14.42,14.415,68
2024-02-20 19:40:00,15350,14.4098,14.415,14.41,14.415,14.405,126
2024-02-20 19:41:00,57173,14.4289,14.41,14.42,14.43,14.41,119
2024-02-20 19:42:00,13052,14.4268,14.42,14.44,14.44,14.42,120
2024-02-20 19:43:00,161163,14.4308,14.44,14.455,14.455,14.43,106
2024-02-20 19:44:00,7628,14.4484,14.455,14.445,14.455,14.44,88
2024-02-20 19:45:00,10403,14.4522,14.45,14.46,14.465,14.45,108
2024-02-20 19:46:00,2448,14.4477,14.45,14.455,14.455,14.45,23
2024-02-20 19:47:00,43950,14.4704,14.46,14.475,14.4875,14.45,260
2024-02-20 19:48:00,9184,14.4653,14.47,14.465,14.47,14.46,76
2024-02-20 19:49:00,2665,14.4665,14.465,14.465,14.47,14.465,24
2024-02-20 19:50:00,20351,14.4683,14.465,14.465,14.48,14.465,142
2024-02-20 19:51:00,30426,14.4843,14.465,14.49,14.495,14.465,179
2024-02-20 19:52:00,3511,14.4876,14.49,14.495,14.495,14.49,40
2024-02-20 19:53:00,16856,14.4995,14.495,14.49,14.51,14.49,164
2024-02-20 19:54:00,1936,14.4834,14.48,14.485,14.485,14.48,14
2024-02-20 19:55:00,1234,14.4821,14.485,14.48,14.485,14.48,20
2024-02-20 19:56:00,5980,14.4717,14.48,14.465,14.48,14.46,89
2024-02-20 19:57:00,27602,14.4648,14.46,14.46,14.465,14.46,55
2024-02-20 19:58:00,3888,14.463,14.46,14.465,14.465,14.46,57
2024-02-20 19:59:00,17135,14.464,14.46,14.46,14.47,14.46,95
2024-02-20 20:00:00,5355,14.4639,14.465,14.465,14.47,14.46,75
2024-02-20 20:01:00,14965,14.4496,14.46,14.44,14.46,14.44,130
2024-02-20 20:02:00,6737,14.4554,14.445,14.44,14.445,14.44,32
2024-02-20 20:03:00,21503,14.447,14.44,14.44,14.45,14.44,186
2024-02-20 20:04:00,9370,14.4357,14.44,14.43,14.44,14.43,84
2024-02-20 20:05:00,33166,14.4377,14.4302,14.43,14.44,14.43,239
2024-02-20 20:06:00,14277,14.4278,14.43,14.425,14.435,14.425,102
2024-02-20 20:07:00,49454,14.4283,14.42,14.445,14.445,14.41,295
2024-02-20 20:08:00,2476,14.4454,14.445,14.445,14.45,14.445,41
2024-02-20 20:09:00,11772,14.4484,14.44,14.445,14.455,14.44,120
2024-02-20 20:10:00,25503,14.4561,14.445,14.455,14.47,14.445,211
2024-02-20 20:11:00,6889,14.4476,14.45,14.445,14.45,14.44,72
2024-02-20 20:12:00,19592,14.4424,14.45,14.44,14.45,14.44,65
2024-02-20 20:13:00,16147,14.4396,14.44,14.445,14.45,14.435,140
2024-02-20 20:14:00,39266,14.4548,14.445,14.465,14.47,14.445,271
2024-02-20 20:15:00,14964,14.4649,14.465,14.45,14.475,14.45,120
2024-02-20 20:16:00,22709,14.4594,14.455,14.465,14.47,14.45,141
2024-02-20 20:17:00,1042,14.4654,14.465,14.465,14.47,14.465,22
2024-02-20 20:18:00,2800,14.4648,14.47,14.465,14.47,14.465,29
2024-02-20 20:19:00,2825,14.466,14.465,14.465,14.47,14.465,36
2024-02-20 20:20:00,19099,14.4693,14.465,14.46,14.48,14.46,153
2024-02-20 20:21:00,34240,14.4602,14.47,14.45,14.47,14.45,131
2024-02-20 20:22:00,4798,14.4514,14.455,14.445,14.455,14.445,49
2024-02-20 20:23:00,36722,14.4524,14.445,14.465,14.47,14.44,248
2024-02-20 20:24:00,3188,14.4629,14.465,14.47,14.47,14.46,36
2024-02-20 20:25:00,14831,14.4679,14.47,14.465,14.48,14.465,116
2024-02-20 20:26:00,7518,14.4677,14.465,14.47,14.475,14.465,69
2024-02-20 20:27:00,3438,14.4734,14.475,14.475,14.48,14.47,38
2024-02-20 20:28:00,1342,14.4746,14.475,14.475,14.4775,14.47,33
2024-02-20 20:29:00,3383,14.4747,14.475,14.475,14.48,14.47,64
2024-02-20 20:30:00,38774,14.4761,14.475,14.465,14.485,14.465,255
2024-02-20 20:31:00,10767,14.4585,14.465,14.45,14.465,14.45,72
2024-02-20 20:32:00,79788,14.4685,14.455,14.47,14.48,14.45,356
2024-02-20 20:33:00,17319,14.4657,14.47,14.451,14.475,14.45,122
2024-02-20 20:34:00,24764,14.4463,14.45,14.445,14.45,14.445,129
2024-02-20 20:35:00,8151,14.446,14.445,14.44,14.4499,14.44,63
2024-02-20 20:36:00,16302,14.4468,14.44,14.435,14.44,14.43,135
2024-02-20 20:37:00,43375,14.4509,14.44,14.465,14.465,14.44,261
2024-02-20 20:38:00,10162,14.4609,14.465,14.45,14.47,14.45,96
2024-02-20 20:39:00,11181,14.4503,14.45,14.451,14.455,14.45,70
2024-02-20 20:40:00,12260,14.4464,14.45,14.445,14.45,14.445,128
2024-02-20 20:41:00,28414,14.4515,14.45,14.45,14.46,14.45,162
2024-02-20 20:42:00,5565,14.4536,14.455,14.455,14.46,14.45,81
2024-02-20 20:43:00,10004,14.4505,14.45,14.45,14.4575,14.45,69
2024-02-20 20:44:00,12139,14.4446,14.45,14.445,14.45,14.44,124
2024-02-20 20:45:00,13585,14.4446,14.44,14.44,14.45,14.44,142
2024-02-20 20:46:00,29959,14.4484,14.445,14.455,14.455,14.44,218
2024-02-20 20:47:00,17684,14.4607,14.455,14.475,14.4775,14.455,186
2024-02-20 20:48:00,26183,14.4592,14.47,14.455,14.47,14.45,137
2024-02-20 20:49:00,45477,14.4466,14.455,14.445,14.455,14.44,213
2024-02-20 20:50:00,67619,14.4446,14.445,14.42,14.455,14.42,417
2024-02-20 20:51:00,47104,14.421,14.42,14.41,14.43,14.41,289
2024-02-20 20:52:00,33440,14.4172,14.415,14.425,14.425,14.41,301
2024-02-20 20:53:00,11170,14.4219,14.425,14.42,14.425,14.42,87
2024-02-20 20:54:00,71724,14.4295,14.42,14.445,14.45,14.42,439
2024-02-20 20:55:00,35191,14.4369,14.445,14.425,14.445,14.42,293
2024-02-20 20:56:00,66023,14.4325,14.425,14.43,14.44,14.42,327
2024-02-20 20:57:00,36905,14.4323,14.435,14.43,14.44,14.43,270
2024-02-20 20:58:00,76073,14.4472,14.435,14.46,14.46,14.435,504
2024-02-20 20:59:00,245620,14.435,14.46,14.44,14.46,14.42,1052
2024-02-20 21:00:00,6451,14.44,14.44,14.44,14.44,14.44,10
