t,v,vw,o,c,h,l,n
2023-11-01 08:02:00,536.0,3.0703,3.07,3.07,3.07,3.07,3
2023-11-01 08:08:00,7000.0,3.07,3.07,3.07,3.07,3.07,16
2023-11-01 08:48:00,100.0,3.07,3.07,3.07,3.07,3.07,1
2023-11-01 09:15:00,5200.0,3.07,3.07,3.07,3.07,3.07,11
2023-11-01 09:26:00,495.0,3.07,3.07,3.07,3.07,3.07,1
2023-11-01 09:43:00,200.0,3.06,3.06,3.06,3.06,3.06,1
2023-11-01 10:03:00,2563.0,3.06,3.06,3.06,3.06,3.06,7
2023-11-01 12:00:00,465.0,3.0697,3.0692,3.0699,3.0699,3.0692,4
2023-11-01 12:01:00,310.0,3.0703,3.07,3.07,3.07,3.07,6
2023-11-01 12:28:00,426.0,3.0507,3.0509,3.0509,3.0509,3.0509,3
2023-11-01 12:32:00,211.0,3.07,3.07,3.07,3.07,3.07,3
2023-11-01 12:33:00,601.0,3.06,3.06,3.06,3.06,3.06,2
2023-11-01 12:38:00,300.0,3.07,3.07,3.07,3.07,3.07,2
2023-11-01 12:51:00,100.0,3.07,3.07,3.07,3.07,3.07,1
2023-11-01 12:58:00,333.0,3.07,3.07,3.07,3.07,3.07,1
2023-11-01 13:04:00,3004.0,3.07,3.07,3.07,3.07,3.07,2
2023-11-01 13:17:00,100.0,3.07,3.07,3.07,3.07,3.07,1
2023-11-01 13:29:00,167.0,3.08,3.08,3.08,3.08,3.08,5
2023-11-01 13:30:00,84849.0,3.0693,3.07,3.06,3.07,3.06,79
2023-11-01 13:31:00,21146.0,3.0596,3.06,3.055,3.06,3.055,108
2023-11-01 13:32:00,35328.0,3.0593,3.055,3.055,3.07,3.055,155
2023-11-01 13:33:00,55976.0,3.0496,3.06,3.04,3.06,3.04,156
2023-11-01 13:34:00,4285.0,3.0451,3.045,3.045,3.05,3.0401,38
2023-11-01 13:35:00,10261.0,3.0455,3.05,3.05,3.05,3.0411,50
2023-11-01 13:36:00,30737.0,3.0482,3.045,3.05,3.05,3.045,90
2023-11-01 13:37:00,8327.0,3.048,3.05,3.048,3.05,3.045,34
2023-11-01 13:38:00,81681.0,3.0382,3.045,3.03,3.045,3.03,158
2023-11-01 13:39:00,143676.0,3.0282,3.03,3.025,3.03,3.02,207
2023-11-01 13:40:00,4133.0,3.0252,3.02,3.025,3.0289,3.02,39
2023-11-01 13:41:00,123941.0,3.0293,3.025,3.035,3.04,3.025,200
2023-11-01 13:42:00,37154.0,3.0365,3.035,3.035,3.04,3.035,100
2023-11-01 13:43:00,35306.0,3.0376,3.035,3.035,3.04,3.035,76
2023-11-01 13:44:00,56441.0,3.0366,3.035,3.04,3.04,3.035,197
2023-11-01 13:45:00,290669.0,3.031,3.04,3.025,3.04,3.02,363
2023-11-01 13:46:00,55574.0,3.0272,3.025,3.025,3.03,3.02,177
2023-11-01 13:47:00,80975.0,3.0292,3.025,3.035,3.04,3.025,145
2023-11-01 13:48:00,7047.0,3.0361,3.035,3.035,3.04,3.035,31
2023-11-01 13:49:00,24056.0,3.0401,3.0322,3.05,3.05,3.03,85
2023-11-01 13:50:00,98062.0,3.0505,3.045,3.0457,3.06,3.045,202
2023-11-01 13:51:00,116313.0,3.0494,3.05,3.045,3.05,3.04,146
2023-11-01 13:52:00,46630.0,3.0396,3.04,3.04,3.045,3.035,100
2023-11-01 13:53:00,3509.0,3.0324,3.03,3.03,3.04,3.03,43
2023-11-01 13:54:00,114420.0,3.0407,3.035,3.04,3.05,3.035,138
2023-11-01 13:55:00,23970.0,3.0473,3.045,3.045,3.05,3.04,43
2023-11-01 13:56:00,4239048.0,3.0006,3.04,3.035,3.05,3.0,153
2023-11-01 13:57:00,8979.0,3.0331,3.035,3.038,3.04,3.03,32
2023-11-01 13:58:00,3160.0,3.0347,3.04,3.035,3.04,3.03,34
2023-11-01 13:59:00,5701.0,3.0275,3.04,3.035,3.04,3.03,46
2023-11-01 14:00:00,34603.0,3.0381,3.035,3.035,3.05,3.03,116
2023-11-01 14:01:00,37731.0,3.0294,3.03,3.025,3.035,3.025,86
2023-11-01 14:02:00,6425.0,3.0274,3.03,3.025,3.03,3.02,41
2023-11-01 14:03:00,4639.0,3.0279,3.03,3.025,3.03,3.025,34
2023-11-01 14:04:00,10135.0,3.0228,3.025,3.03,3.03,3.02,53
2023-11-01 14:05:00,221905.0,3.0193,3.0222,3.0102,3.03,3.01,147
2023-11-01 14:06:00,50037.0,3.0143,3.015,3.015,3.02,3.01,73
2023-11-01 14:07:00,11978.0,3.0181,3.015,3.02,3.02,3.01,49
2023-11-01 14:08:00,162480.0,3.0251,3.02,3.03,3.04,3.02,101
2023-11-01 14:09:00,19601.0,3.04,3.04,3.045,3.05,3.03,48
2023-11-01 14:10:00,5836.0,3.0407,3.045,3.04,3.05,3.04,30
2023-11-01 14:11:00,3534.0,3.0414,3.04,3.045,3.05,3.04,25
2023-11-01 14:12:00,37907.0,3.0461,3.05,3.045,3.05,3.04,89
2023-11-01 14:13:00,16464.0,3.044,3.045,3.045,3.05,3.04,34
2023-11-01 14:14:00,3220.0,3.0456,3.05,3.045,3.05,3.045,19
2023-11-01 14:15:00,3799.0,3.0448,3.045,3.045,3.05,3.045,30
2023-11-01 14:16:00,2044.0,3.0455,3.045,3.045,3.05,3.045,16
2023-11-01 14:17:00,5964.0,3.0455,3.045,3.045,3.05,3.04,28
2023-11-01 14:18:00,1432.0,3.0461,3.045,3.05,3.05,3.04,20
2023-11-01 14:19:00,13321.0,3.0475,3.045,3.05,3.05,3.04,40
2023-11-01 14:20:00,15087.0,3.0468,3.045,3.045,3.05,3.045,92
2023-11-01 14:21:00,133788.0,3.0495,3.045,3.055,3.055,3.045,253
2023-11-01 14:22:00,2609.0,3.0546,3.055,3.055,3.06,3.05,19
2023-11-01 14:23:00,5873.0,3.0552,3.055,3.06,3.06,3.0501,32
2023-11-01 14:24:00,3226.0,3.0553,3.055,3.05,3.06,3.05,20
2023-11-01 14:25:00,11568.0,3.0564,3.06,3.055,3.06,3.055,43
2023-11-01 14:26:00,2732.0,3.0563,3.055,3.055,3.06,3.055,33
2023-11-01 14:27:00,5731.0,3.0561,3.055,3.06,3.06,3.055,31
2023-11-01 14:28:00,2402.0,3.0564,3.055,3.055,3.06,3.055,26
2023-11-01 14:29:00,1643.0,3.0564,3.0598,3.055,3.06,3.055,22
2023-11-01 14:30:00,15947.0,3.0573,3.06,3.06,3.06,3.0517,87
2023-11-01 14:31:00,54896.0,3.0608,3.06,3.065,3.0685,3.06,105
2023-11-01 14:32:00,2109.0,3.0622,3.065,3.065,3.065,3.06,22
2023-11-01 14:33:00,9171.0,3.065,3.065,3.065,3.07,3.06,90
2023-11-01 14:34:00,2705.0,3.0661,3.065,3.07,3.07,3.065,26
2023-11-01 14:35:00,2664.0,3.0664,3.07,3.065,3.07,3.065,29
2023-11-01 14:36:00,44767.0,3.0701,3.065,3.08,3.08,3.0619,80
2023-11-01 14:37:00,1185.0,3.0749,3.075,3.075,3.075,3.075,18
2023-11-01 14:38:00,10658.0,3.0711,3.07,3.07,3.075,3.07,34
2023-11-01 14:39:00,12743.0,3.0746,3.075,3.07,3.0775,3.07,30
2023-11-01 14:40:00,5123.0,3.0714,3.075,3.075,3.075,3.07,19
2023-11-01 14:41:00,2685.0,3.0716,3.07,3.075,3.0775,3.07,13
2023-11-01 14:42:00,16540.0,3.0746,3.0711,3.075,3.0797,3.07,38
2023-11-01 14:43:00,13877.0,3.0751,3.075,3.08,3.08,3.073,28
2023-11-01 14:44:00,7190.0,3.0754,3.075,3.0721,3.08,3.0702,35
2023-11-01 14:45:00,2979.0,3.0755,3.075,3.075,3.08,3.075,19
2023-11-01 14:46:00,3218.0,3.075,3.075,3.075,3.08,3.07,19
2023-11-01 14:47:00,6552.0,3.0752,3.08,3.08,3.08,3.0721,28
2023-11-01 14:48:00,6773.0,3.0753,3.08,3.075,3.08,3.0723,31
2023-11-01 14:49:00,7812.0,3.0738,3.075,3.0742,3.08,3.07,39
2023-11-01 14:50:00,10820.0,3.075,3.075,3.075,3.08,3.07,31
2023-11-01 14:51:00,6370.0,3.0753,3.075,3.075,3.08,3.0703,29
2023-11-01 14:52:00,5560.0,3.0743,3.075,3.075,3.08,3.0701,29
2023-11-01 14:53:00,16041.0,3.0755,3.075,3.075,3.08,3.075,67
2023-11-01 14:54:00,12932.0,3.0756,3.08,3.075,3.08,3.07,62
2023-11-01 14:55:00,6521.0,3.0759,3.075,3.08,3.08,3.075,45
2023-11-01 14:56:00,3624.0,3.0779,3.075,3.08,3.08,3.075,42
2023-11-01 14:57:00,2682.0,3.0769,3.08,3.08,3.08,3.075,23
2023-11-01 14:58:00,9962.0,3.0777,3.075,3.08,3.08,3.0742,55
2023-11-01 14:59:00,35491.0,3.0781,3.075,3.08,3.08,3.07,112
2023-11-01 15:00:00,2808.0,3.0784,3.08,3.08,3.08,3.075,9
2023-11-01 15:01:00,1993.0,3.0779,3.08,3.075,3.08,3.075,29
2023-11-01 15:02:00,145000.0,3.0875,3.075,3.095,3.095,3.075,237
2023-11-01 15:03:00,5280.0,3.094,3.095,3.095,3.1,3.095,34
2023-11-01 15:04:00,11167.0,3.0936,3.095,3.0915,3.1,3.0915,35
2023-11-01 15:05:00,33896.0,3.0939,3.095,3.095,3.1,3.09,63
2023-11-01 15:06:00,9806.0,3.0987,3.0999,3.095,3.0999,3.095,14
2023-11-01 15:07:00,9955.0,3.0943,3.095,3.1,3.1,3.0902,25
2023-11-01 15:08:00,5893.0,3.0951,3.095,3.095,3.1,3.095,32
2023-11-01 15:09:00,3570.0,3.0951,3.1,3.095,3.1,3.09,21
2023-11-01 15:10:00,6198.0,3.0953,3.095,3.1,3.1,3.095,34
2023-11-01 15:11:00,6545.0,3.0955,3.1,3.095,3.1,3.095,40
2023-11-01 15:12:00,245465.0,3.0903,3.095,3.085,3.1,3.085,297
2023-11-01 15:13:00,3209.0,3.085,3.085,3.085,3.085,3.081,21
2023-11-01 15:14:00,3915.0,3.0856,3.085,3.09,3.09,3.085,31
2023-11-01 15:15:00,4037.0,3.0853,3.085,3.085,3.09,3.08,24
2023-11-01 15:16:00,3404.0,3.0842,3.085,3.085,3.09,3.08,24
2023-11-01 15:17:00,4359.0,3.0841,3.08,3.085,3.09,3.08,18
2023-11-01 15:18:00,3445.0,3.0843,3.08,3.09,3.09,3.08,20
2023-11-01 15:19:00,3250.0,3.0867,3.09,3.085,3.09,3.085,33
2023-11-01 15:20:00,4704.0,3.0845,3.09,3.09,3.09,3.0801,20
2023-11-01 15:21:00,3850.0,3.0862,3.09,3.085,3.09,3.085,32
2023-11-01 15:22:00,2897.0,3.0872,3.085,3.09,3.09,3.0801,23
2023-11-01 15:23:00,2858.0,3.0869,3.085,3.09,3.09,3.085,25
2023-11-01 15:24:00,14400.0,3.0837,3.09,3.085,3.09,3.08,49
2023-11-01 15:25:00,1913.0,3.0863,3.085,3.09,3.09,3.085,11
2023-11-01 15:26:00,1329.0,3.0873,3.08,3.09,3.09,3.08,16
2023-11-01 15:27:00,26847.0,3.0855,3.09,3.085,3.09,3.085,54
2023-11-01 15:28:00,6568.0,3.0859,3.09,3.09,3.09,3.0848,48
2023-11-01 15:29:00,2555.0,3.0864,3.09,3.0879,3.09,3.085,35
2023-11-01 15:30:00,3591.0,3.0854,3.09,3.09,3.09,3.085,34
2023-11-01 15:31:00,4384.0,3.0832,3.09,3.08,3.09,3.08,28
2023-11-01 15:32:00,17383.0,3.0839,3.09,3.085,3.09,3.08,60
2023-11-01 15:33:00,18807.0,3.0845,3.085,3.085,3.085,3.08,62
2023-11-01 15:34:00,2233.0,3.085,3.085,3.085,3.085,3.085,20
2023-11-01 15:35:00,5614.0,3.0844,3.085,3.085,3.09,3.08,37
2023-11-01 15:36:00,2174.0,3.0851,3.085,3.085,3.085,3.085,30
2023-11-01 15:37:00,2616.0,3.0857,3.085,3.09,3.09,3.085,34
2023-11-01 15:38:00,2013.0,3.0859,3.09,3.09,3.09,3.09,34
2023-11-01 15:39:00,2809.0,3.0865,3.085,3.085,3.09,3.085,29
2023-11-01 15:40:00,3798.0,3.0821,3.08,3.085,3.085,3.08,26
2023-11-01 15:41:00,1813.0,3.0862,3.09,3.085,3.09,3.085,36
2023-11-01 15:42:00,4714.0,3.0853,3.09,3.0899,3.09,3.08,29
2023-11-01 15:43:00,2449.0,3.0867,3.09,3.09,3.09,3.085,40
2023-11-01 15:44:00,6048.0,3.0854,3.085,3.085,3.09,3.08,54
2023-11-01 15:45:00,1943.0,3.0865,3.085,3.085,3.09,3.085,17
2023-11-01 15:46:00,15002.0,3.0892,3.085,3.0875,3.09,3.085,51
2023-11-01 15:47:00,88510.0,3.0906,3.085,3.1,3.1,3.08,234
2023-11-01 15:48:00,15964.0,3.0918,3.0901,3.095,3.095,3.09,29
2023-11-01 15:49:00,55389.0,3.0906,3.095,3.09,3.1,3.09,116
2023-11-01 15:50:00,304.0,3.085,3.085,3.085,3.085,3.085,6
2023-11-01 15:51:00,678.0,3.0848,3.085,3.085,3.085,3.085,13
2023-11-01 15:52:00,612.0,3.0849,3.085,3.085,3.085,3.085,10
2023-11-01 15:53:00,2347.0,3.0855,3.085,3.085,3.09,3.085,25
2023-11-01 15:54:00,752.0,3.0852,3.085,3.085,3.085,3.085,10
2023-11-01 15:55:00,1428.0,3.0863,3.085,3.085,3.09,3.085,14
2023-11-01 15:56:00,216.0,3.085,3.085,3.085,3.085,3.085,5
2023-11-01 15:57:00,13118.0,3.0891,3.085,3.085,3.09,3.085,39
2023-11-01 15:58:00,1879.0,3.0853,3.085,3.09,3.09,3.085,26
2023-11-01 15:59:00,6535.0,3.0891,3.085,3.085,3.09,3.085,24
2023-11-01 16:00:00,58927.0,3.0799,3.085,3.075,3.085,3.07,95
2023-11-01 16:01:00,20969.0,3.0716,3.0798,3.075,3.0798,3.07,62
2023-11-01 16:02:00,5594.0,3.071,3.07,3.071,3.0711,3.07,19
2023-11-01 16:03:00,3336.0,3.0725,3.07,3.075,3.08,3.07,30
2023-11-01 16:04:00,399.0,3.0747,3.075,3.075,3.075,3.075,13
2023-11-01 16:05:00,911.0,3.0756,3.07,3.075,3.0799,3.07,17
2023-11-01 16:06:00,2640.0,3.0716,3.071,3.075,3.075,3.07,14
2023-11-01 16:07:00,21889.0,3.0702,3.07,3.075,3.075,3.07,55
2023-11-01 16:08:00,90939.0,3.0674,3.07,3.065,3.07,3.065,130
2023-11-01 16:09:00,451.0,3.0647,3.065,3.065,3.065,3.065,7
2023-11-01 16:10:00,10059.0,3.0662,3.065,3.065,3.07,3.065,35
2023-11-01 16:11:00,5479.0,3.0649,3.065,3.07,3.07,3.06,17
2023-11-01 16:12:00,751.0,3.0639,3.065,3.065,3.065,3.06,11
2023-11-01 16:13:00,1768.0,3.068,3.065,3.065,3.07,3.065,16
2023-11-01 16:14:00,1139.0,3.0674,3.065,3.065,3.0699,3.065,12
2023-11-01 16:15:00,21037.0,3.0608,3.06,3.065,3.065,3.06,62
2023-11-01 16:16:00,4937.0,3.0605,3.0601,3.065,3.07,3.06,14
2023-11-01 16:17:00,1543.0,3.0603,3.065,3.06,3.065,3.06,13
2023-11-01 16:18:00,5886.0,3.0633,3.0624,3.06,3.07,3.06,16
2023-11-01 16:19:00,1268.0,3.0644,3.06,3.065,3.065,3.06,10
2023-11-01 16:20:00,3883.0,3.0657,3.065,3.065,3.066,3.06,22
2023-11-01 16:21:00,1276.0,3.0652,3.065,3.065,3.065,3.065,25
2023-11-01 16:22:00,451.0,3.065,3.065,3.065,3.065,3.065,21
2023-11-01 16:23:00,1375.0,3.065,3.065,3.065,3.07,3.06,23
2023-11-01 16:24:00,1269.0,3.0625,3.065,3.065,3.065,3.0613,11
2023-11-01 16:25:00,4252.0,3.0607,3.0601,3.065,3.065,3.06,10
2023-11-01 16:26:00,6297.0,3.0635,3.065,3.065,3.07,3.06,20
2023-11-01 16:27:00,1546.0,3.0656,3.065,3.065,3.07,3.065,18
2023-11-01 16:28:00,918.0,3.065,3.065,3.065,3.065,3.065,14
2023-11-01 16:29:00,718.0,3.065,3.065,3.065,3.065,3.065,9
2023-11-01 16:30:00,1399.0,3.065,3.065,3.065,3.065,3.065,18
2023-11-01 16:31:00,2023.0,3.0657,3.065,3.065,3.07,3.06,18
2023-11-01 16:32:00,1116.0,3.0649,3.065,3.065,3.065,3.065,14
2023-11-01 16:33:00,1094.0,3.065,3.065,3.065,3.065,3.065,13
2023-11-01 16:34:00,393.0,3.0645,3.065,3.065,3.065,3.065,9
2023-11-01 16:35:00,1033.0,3.0679,3.065,3.065,3.07,3.065,12
2023-11-01 16:36:00,1122.0,3.065,3.065,3.065,3.065,3.06,13
2023-11-01 16:37:00,559.0,3.064,3.065,3.0613,3.065,3.0613,8
2023-11-01 16:38:00,805.0,3.066,3.065,3.07,3.07,3.065,16
2023-11-01 16:39:00,5347.0,3.0621,3.06,3.065,3.065,3.06,41
2023-11-01 16:40:00,37202.0,3.059,3.06,3.055,3.06,3.055,102
2023-11-01 16:41:00,239.0,3.0529,3.05,3.055,3.055,3.05,7
2023-11-01 16:42:00,7428.0,3.0553,3.055,3.055,3.06,3.055,37
2023-11-01 16:43:00,63872.0,3.0506,3.06,3.055,3.06,3.05,16
2023-11-01 16:44:00,3122.0,3.0579,3.06,3.05,3.06,3.05,23
2023-11-01 16:45:00,7858.0,3.0554,3.05,3.055,3.06,3.05,18
2023-11-01 16:46:00,6430.0,3.0577,3.055,3.055,3.06,3.055,44
2023-11-01 16:47:00,4087.0,3.0552,3.055,3.055,3.055,3.0533,23
2023-11-01 16:48:00,1378.0,3.0554,3.055,3.055,3.06,3.055,18
2023-11-01 16:49:00,22047.0,3.0595,3.055,3.055,3.06,3.055,19
2023-11-01 16:50:00,574.0,3.055,3.055,3.055,3.055,3.055,10
2023-11-01 16:51:00,554.0,3.0548,3.055,3.055,3.055,3.05,13
2023-11-01 16:52:00,982.0,3.057,3.06,3.055,3.06,3.055,13
2023-11-01 16:53:00,652.0,3.055,3.055,3.055,3.055,3.055,9
2023-11-01 16:54:00,790.0,3.0552,3.055,3.055,3.055,3.055,11
2023-11-01 16:55:00,721.0,3.0567,3.055,3.055,3.06,3.055,14
2023-11-01 16:56:00,1713.0,3.055,3.055,3.055,3.055,3.055,9
2023-11-01 16:57:00,449.0,3.055,3.055,3.055,3.055,3.055,6
2023-11-01 16:58:00,895.0,3.0559,3.055,3.055,3.0599,3.055,14
2023-11-01 16:59:00,843.0,3.0562,3.055,3.055,3.06,3.055,10
2023-11-01 17:00:00,775.0,3.0537,3.055,3.05,3.055,3.05,16
2023-11-01 17:01:00,3942.0,3.0523,3.055,3.055,3.055,3.05,31
2023-11-01 17:02:00,753.0,3.0548,3.055,3.055,3.055,3.055,17
2023-11-01 17:03:00,1908.0,3.0559,3.055,3.055,3.06,3.055,16
2023-11-01 17:04:00,636.0,3.0555,3.055,3.055,3.0582,3.055,9
2023-11-01 17:05:00,327.0,3.0551,3.055,3.055,3.055,3.055,8
2023-11-01 17:06:00,1177.0,3.055,3.055,3.055,3.055,3.055,18
2023-11-01 17:07:00,2009.0,3.0555,3.055,3.055,3.06,3.055,18
2023-11-01 17:08:00,618.0,3.0542,3.055,3.055,3.055,3.05,10
2023-11-01 17:09:00,1142.0,3.055,3.055,3.055,3.055,3.055,16
2023-11-01 17:10:00,1624.0,3.055,3.055,3.055,3.055,3.055,18
2023-11-01 17:11:00,88499.0,3.0585,3.06,3.06,3.06,3.055,126
2023-11-01 17:12:00,27256.0,3.057,3.055,3.055,3.06,3.055,135
2023-11-01 17:13:00,14390.0,3.0569,3.0599,3.06,3.06,3.055,117
2023-11-01 17:14:00,7028.0,3.0557,3.055,3.06,3.06,3.055,73
2023-11-01 17:15:00,4522.0,3.0555,3.055,3.055,3.06,3.0503,34
2023-11-01 17:16:00,14363.0,3.0531,3.055,3.055,3.06,3.0501,27
2023-11-01 17:17:00,1463.0,3.0547,3.055,3.055,3.055,3.05,15
2023-11-01 17:18:00,1479.0,3.0555,3.055,3.055,3.06,3.0538,16
2023-11-01 17:19:00,590.0,3.055,3.055,3.055,3.055,3.055,12
2023-11-01 17:20:00,521.0,3.054,3.055,3.055,3.055,3.05,7
2023-11-01 17:21:00,1446.0,3.055,3.055,3.055,3.055,3.055,12
2023-11-01 17:22:00,1023.0,3.056,3.055,3.055,3.06,3.055,13
2023-11-01 17:23:00,1067.0,3.0547,3.055,3.055,3.055,3.055,12
2023-11-01 17:24:00,968.0,3.0548,3.055,3.055,3.06,3.05,16
2023-11-01 17:25:00,950.0,3.0543,3.055,3.055,3.055,3.05,20
2023-11-01 17:26:00,2371.0,3.0544,3.055,3.055,3.06,3.05,15
2023-11-01 17:27:00,1453.0,3.0549,3.055,3.055,3.055,3.055,17
2023-11-01 17:28:00,11738.0,3.0589,3.055,3.055,3.0597,3.05,18
2023-11-01 17:29:00,5249.0,3.0587,3.055,3.055,3.0597,3.055,17
2023-11-01 17:30:00,1128.0,3.0562,3.06,3.05,3.06,3.05,13
2023-11-01 17:31:00,3566.0,3.0549,3.055,3.055,3.055,3.055,38
2023-11-01 17:32:00,860.0,3.055,3.055,3.055,3.055,3.055,15
2023-11-01 17:33:00,3083.0,3.0551,3.055,3.06,3.06,3.05,31
2023-11-01 17:34:00,45994.0,3.0508,3.055,3.05,3.055,3.05,84
2023-11-01 17:35:00,104630.0,3.0495,3.05,3.045,3.05,3.04,209
2023-11-01 17:36:00,798.0,3.0446,3.045,3.04,3.045,3.04,10
2023-11-01 17:37:00,632.0,3.0438,3.0402,3.045,3.045,3.0402,15
2023-11-01 17:38:00,4882.0,3.0486,3.05,3.045,3.05,3.04,24
2023-11-01 17:39:00,888.0,3.0447,3.045,3.045,3.045,3.04,14
2023-11-01 17:40:00,7684.0,3.0487,3.045,3.045,3.05,3.045,19
2023-11-01 17:41:00,5186.0,3.0474,3.045,3.045,3.05,3.045,22
2023-11-01 17:42:00,7225.0,3.0464,3.05,3.045,3.05,3.04,46
2023-11-01 17:43:00,1360.0,3.0453,3.045,3.045,3.045,3.045,18
2023-11-01 17:44:00,744.0,3.0464,3.045,3.045,3.05,3.045,11
2023-11-01 17:45:00,1540.0,3.0465,3.05,3.05,3.05,3.045,15
2023-11-01 17:46:00,2107.0,3.0457,3.045,3.045,3.05,3.045,12
2023-11-01 17:47:00,1672.0,3.0466,3.045,3.05,3.05,3.045,13
2023-11-01 17:48:00,1049.0,3.0466,3.045,3.045,3.05,3.04,10
2023-11-01 17:49:00,449.0,3.0461,3.045,3.045,3.05,3.045,10
2023-11-01 17:50:00,476.0,3.0464,3.045,3.05,3.05,3.045,7
2023-11-01 17:51:00,1539.0,3.0451,3.045,3.045,3.045,3.045,20
2023-11-01 17:52:00,1220.0,3.0477,3.045,3.05,3.05,3.045,17
2023-11-01 17:53:00,908.0,3.0461,3.045,3.05,3.05,3.045,16
2023-11-01 17:54:00,3431.0,3.0417,3.045,3.045,3.05,3.0402,17
2023-11-01 17:55:00,2962.0,3.0474,3.045,3.045,3.05,3.045,18
2023-11-01 17:56:00,2345.0,3.0475,3.05,3.04,3.05,3.04,17
2023-11-01 17:57:00,18652.0,3.0412,3.045,3.04,3.045,3.04,64
2023-11-01 17:58:00,2383.0,3.044,3.045,3.045,3.045,3.04,21
2023-11-01 17:59:00,1449.0,3.0445,3.045,3.045,3.045,3.045,19
2023-11-01 18:00:00,89794.0,3.0498,3.045,3.0507,3.055,3.045,150
2023-11-01 18:01:00,23555.0,3.0506,3.05,3.05,3.055,3.04,82
2023-11-01 18:02:00,5336.0,3.0435,3.045,3.045,3.05,3.04,15
2023-11-01 18:03:00,749.0,3.0454,3.045,3.045,3.045,3.045,13
2023-11-01 18:04:00,1229.0,3.0464,3.05,3.045,3.05,3.045,16
2023-11-01 18:05:00,798.0,3.047,3.045,3.05,3.05,3.045,13
2023-11-01 18:06:00,1147.0,3.0438,3.045,3.045,3.045,3.04,14
2023-11-01 18:07:00,1404.0,3.0434,3.045,3.045,3.05,3.04,13
2023-11-01 18:08:00,8796.0,3.0411,3.04,3.04,3.0484,3.04,38
2023-11-01 18:09:00,52413.0,3.0391,3.04,3.04,3.045,3.035,198
2023-11-01 18:10:00,77629.0,3.0405,3.04,3.04,3.045,3.035,103
2023-11-01 18:11:00,4756.0,3.0394,3.039,3.035,3.04,3.035,18
2023-11-01 18:12:00,33846.0,3.0402,3.04,3.04,3.045,3.04,51
2023-11-01 18:13:00,2804.0,3.0409,3.04,3.045,3.045,3.04,12
2023-11-01 18:14:00,2758.0,3.0406,3.045,3.045,3.045,3.04,22
2023-11-01 18:15:00,29087.0,3.0396,3.04,3.035,3.04,3.0301,49
2023-11-01 18:16:00,14372.0,3.0372,3.035,3.035,3.04,3.035,60
2023-11-01 18:17:00,12868.0,3.0382,3.035,3.04,3.04,3.035,38
2023-11-01 18:18:00,2569.0,3.0387,3.04,3.04,3.04,3.035,19
2023-11-01 18:19:00,4072.0,3.0396,3.035,3.04,3.04,3.035,23
2023-11-01 18:20:00,6251.0,3.0396,3.04,3.035,3.04,3.035,37
2023-11-01 18:21:00,32728.0,3.0418,3.04,3.045,3.05,3.04,91
2023-11-01 18:22:00,811.0,3.0452,3.045,3.045,3.045,3.045,12
2023-11-01 18:23:00,1215.0,3.0459,3.045,3.05,3.05,3.0403,12
2023-11-01 18:24:00,1094.0,3.048,3.05,3.05,3.05,3.045,15
2023-11-01 18:25:00,8710.0,3.0409,3.05,3.045,3.05,3.04,30
2023-11-01 18:26:00,2655.0,3.0444,3.0401,3.045,3.05,3.0401,16
2023-11-01 18:27:00,2542.0,3.0448,3.045,3.045,3.05,3.0401,23
2023-11-01 18:28:00,1925.0,3.0453,3.045,3.045,3.05,3.045,13
2023-11-01 18:29:00,2126.0,3.047,3.05,3.045,3.05,3.045,23
2023-11-01 18:30:00,1927.0,3.0474,3.05,3.05,3.05,3.045,16
2023-11-01 18:31:00,134925.0,3.0498,3.05,3.045,3.055,3.045,178
2023-11-01 18:32:00,6048.0,3.0478,3.045,3.0401,3.0477,3.04,15
2023-11-01 18:33:00,1528.0,3.0452,3.045,3.05,3.05,3.045,11
2023-11-01 18:34:00,6525.0,3.0443,3.045,3.045,3.05,3.04,24
2023-11-01 18:35:00,2030.0,3.0424,3.045,3.04,3.05,3.04,14
2023-11-01 18:36:00,2920.0,3.0423,3.0475,3.045,3.0475,3.04,19
2023-11-01 18:37:00,4944.0,3.0442,3.05,3.045,3.05,3.04,20
2023-11-01 18:38:00,35580.0,3.0394,3.045,3.03,3.05,3.03,127
2023-11-01 18:39:00,4525.0,3.0319,3.03,3.035,3.035,3.03,30
2023-11-01 18:40:00,62507.0,3.029,3.03,3.025,3.0301,3.02,86
2023-11-01 18:41:00,34782.0,3.0265,3.0201,3.025,3.03,3.02,121
2023-11-01 18:42:00,6713.0,3.0238,3.025,3.025,3.025,3.02,19
2023-11-01 18:43:00,9448.0,3.0263,3.025,3.025,3.03,3.025,33
2023-11-01 18:44:00,2436.0,3.025,3.025,3.0266,3.0266,3.0201,17
2023-11-01 18:45:00,2810.0,3.025,3.025,3.025,3.025,3.025,21
2023-11-01 18:46:00,23470.0,3.0272,3.03,3.0299,3.03,3.02,120
2023-11-01 18:47:00,10282.0,3.0239,3.025,3.025,3.025,3.0201,29
2023-11-01 18:48:00,130916.0,3.0306,3.025,3.035,3.035,3.025,215
2023-11-01 18:49:00,15875.0,3.0335,3.035,3.035,3.04,3.03,36
2023-11-01 18:50:00,7504.0,3.0356,3.04,3.04,3.04,3.035,25
2023-11-01 18:51:00,66253.0,3.0405,3.04,3.05,3.05,3.035,81
2023-11-01 18:52:00,49057.0,3.0393,3.045,3.035,3.045,3.035,116
2023-11-01 18:53:00,8193.0,3.0324,3.04,3.03,3.04,3.03,18
2023-11-01 18:54:00,15162.0,3.0313,3.04,3.035,3.04,3.03,55
2023-11-01 18:55:00,6800.0,3.0319,3.035,3.035,3.035,3.03,16
2023-11-01 18:56:00,82960.0,3.0404,3.04,3.045,3.05,3.035,71
2023-11-01 18:57:00,2525.0,3.0459,3.045,3.05,3.05,3.045,14
2023-11-01 18:58:00,6221.0,3.0398,3.045,3.05,3.05,3.045,14
2023-11-01 18:59:00,949.0,3.0466,3.05,3.05,3.05,3.045,10
2023-11-01 19:00:00,3249.0,3.0452,3.05,3.045,3.05,3.045,18
2023-11-01 19:01:00,4006.0,3.0451,3.045,3.04,3.05,3.04,16
2023-11-01 19:02:00,39465.0,3.046,3.045,3.045,3.05,3.04,64
2023-11-01 19:03:00,3089.0,3.0451,3.045,3.045,3.05,3.04,19
2023-11-01 19:04:00,6307.0,3.0438,3.045,3.045,3.05,3.04,34
2023-11-01 19:05:00,15268.0,3.0406,3.045,3.045,3.045,3.04,60
2023-11-01 19:06:00,17624.0,3.0439,3.045,3.045,3.05,3.04,36
2023-11-01 19:07:00,12708.0,3.0445,3.045,3.045,3.0482,3.04,36
2023-11-01 19:08:00,5639.0,3.0441,3.045,3.045,3.045,3.04,39
2023-11-01 19:09:00,3292.0,3.0441,3.045,3.04,3.0468,3.04,25
2023-11-01 19:10:00,3411.0,3.0436,3.045,3.05,3.05,3.04,25
2023-11-01 19:11:00,6269.0,3.0442,3.045,3.045,3.045,3.04,27
2023-11-01 19:12:00,3071.0,3.0454,3.045,3.045,3.05,3.045,21
2023-11-01 19:13:00,3709.0,3.0424,3.041,3.045,3.045,3.0401,14
2023-11-01 19:14:00,14680.0,3.0406,3.045,3.04,3.045,3.04,56
2023-11-01 19:15:00,2000.0,3.0439,3.045,3.0477,3.0477,3.04,19
2023-11-01 19:16:00,3958.0,3.0441,3.045,3.045,3.05,3.04,32
2023-11-01 19:17:00,3425.0,3.0434,3.045,3.04,3.045,3.04,30
2023-11-01 19:18:00,2410.0,3.0438,3.045,3.045,3.045,3.04,21
2023-11-01 19:19:00,56598.0,3.0493,3.045,3.045,3.05,3.04,43
2023-11-01 19:20:00,3621.0,3.0444,3.045,3.045,3.045,3.04,22
2023-11-01 19:21:00,9386.0,3.0445,3.045,3.045,3.045,3.04,27
2023-11-01 19:22:00,6625.0,3.0453,3.045,3.045,3.045,3.0401,28
2023-11-01 19:23:00,6628.0,3.0455,3.045,3.045,3.05,3.0401,37
2023-11-01 19:24:00,5250.0,3.0454,3.045,3.045,3.05,3.0401,33
2023-11-01 19:25:00,49993.0,3.0464,3.045,3.045,3.05,3.04,104
2023-11-01 19:26:00,4207.0,3.0446,3.045,3.045,3.045,3.045,25
2023-11-01 19:27:00,2386.0,3.0436,3.045,3.045,3.045,3.04,25
2023-11-01 19:28:00,5204.0,3.0449,3.045,3.05,3.05,3.04,30
2023-11-01 19:29:00,7090.0,3.0468,3.045,3.045,3.05,3.04,42
2023-11-01 19:30:00,5865.0,3.0457,3.045,3.045,3.05,3.04,40
2023-11-01 19:31:00,5448.0,3.0455,3.05,3.04,3.05,3.04,33
2023-11-01 19:32:00,8994.0,3.0471,3.05,3.045,3.05,3.04,41
2023-11-01 19:33:00,10489.0,3.0453,3.045,3.045,3.05,3.04,57
2023-11-01 19:34:00,76864.0,3.0484,3.045,3.05,3.05,3.04,179
2023-11-01 19:35:00,10513.0,3.0469,3.045,3.05,3.05,3.04,39
2023-11-01 19:36:00,6628.0,3.0479,3.05,3.05,3.05,3.04,28
2023-11-01 19:37:00,20987.0,3.0457,3.045,3.045,3.05,3.04,53
2023-11-01 19:38:00,13247.0,3.0454,3.045,3.045,3.05,3.04,90
2023-11-01 19:39:00,13115.0,3.0457,3.045,3.045,3.05,3.04,83
2023-11-01 19:40:00,16320.0,3.0459,3.05,3.045,3.05,3.04,81
2023-11-01 19:41:00,13376.0,3.0453,3.045,3.05,3.05,3.04,78
2023-11-01 19:42:00,18221.0,3.0446,3.045,3.045,3.05,3.04,103
2023-11-01 19:43:00,22413.0,3.0449,3.045,3.04,3.05,3.04,104
2023-11-01 19:44:00,16351.0,3.045,3.045,3.045,3.05,3.04,87
2023-11-01 19:45:00,34626.0,3.0448,3.045,3.04,3.05,3.04,160
2023-11-01 19:46:00,18716.0,3.0449,3.045,3.045,3.05,3.04,95
2023-11-01 19:47:00,33424.0,3.0478,3.04,3.045,3.05,3.04,88
2023-11-01 19:48:00,29499.0,3.044,3.045,3.045,3.05,3.04,97
2023-11-01 19:49:00,488031.0,3.0489,3.045,3.045,3.055,3.04,531
2023-11-01 19:50:00,70193.0,3.0473,3.0415,3.045,3.05,3.04,176
2023-11-01 19:51:00,253504.0,3.0472,3.045,3.045,3.05,3.0401,262
2023-11-01 19:52:00,26634.0,3.047,3.05,3.05,3.05,3.0401,90
2023-11-01 19:53:00,30930.0,3.0467,3.045,3.05,3.05,3.0401,103
2023-11-01 19:54:00,479659.0,3.0502,3.045,3.055,3.06,3.04,486
2023-11-01 19:55:00,30610.0,3.0554,3.055,3.055,3.06,3.0514,111
2023-11-01 19:56:00,76619.0,3.0538,3.055,3.0514,3.06,3.05,174
2023-11-01 19:57:00,235162.0,3.0502,3.05,3.05,3.055,3.05,231
2023-11-01 19:58:00,252502.0,3.0497,3.055,3.045,3.055,3.04,242
2023-11-01 19:59:00,229989.0,3.0441,3.04,3.045,3.05,3.04,371
2023-11-01 20:00:00,72418.0,3.05,3.05,3.05,3.05,3.05,19
2023-11-01 20:01:00,3144.0,3.03,3.03,3.03,3.03,3.03,6
2023-11-01 20:02:00,1741.0,3.0324,3.035,3.03,3.035,3.03,3
2023-11-01 20:12:00,100.0,3.04,3.04,3.04,3.04,3.04,1
2023-11-01 20:18:00,4893.0,3.03,3.03,3.03,3.03,3.03,15
2023-11-01 20:19:00,501.0,3.03,3.03,3.03,3.03,3.03,2
2023-11-01 20:23:00,19627.0,3.02,3.02,3.02,3.02,3.02,1
2023-11-01 20:51:00,250.0,3.04,3.04,3.04,3.04,3.04,2
2023-11-01 21:04:00,100.0,3.04,3.04,3.04,3.04,3.04,1
2023-11-01 21:09:00,4596.0,3.03,3.03,3.03,3.03,3.03,5
2023-11-01 21:15:00,5000.0,3.03,3.03,3.03,3.03,3.03,1
2023-11-01 21:28:00,1657.0,3.04,3.04,3.04,3.04,3.04,7
2023-11-01 22:01:00,1005.0,3.04,3.04,3.04,3.04,3.04,1
2023-11-01 22:04:00,1000.0,3.06,3.06,3.06,3.06,3.06,1
2023-11-01 22:31:00,300.0,3.04,3.04,3.04,3.04,3.04,1
2023-11-02 08:00:00,1152.0,3.053,3.05,3.05,3.05,3.05,7
2023-11-02 08:05:00,1050.0,3.0679,3.06,3.07,3.07,3.06,6
2023-11-02 08:07:00,4419.0,3.07,3.07,3.07,3.07,3.07,6
2023-11-02 08:08:00,3049.0,3.07,3.07,3.07,3.07,3.07,4
2023-11-02 08:12:00,200.0,3.07,3.07,3.07,3.07,3.07,3
2023-11-02 08:18:00,994.0,3.07,3.07,3.07,3.07,3.07,2
2023-11-02 08:29:00,540.0,3.08,3.08,3.08,3.08,3.08,2
2023-11-02 08:31:00,1000.0,3.08,3.08,3.08,3.08,3.08,3
2023-11-02 08:37:00,200.0,3.08,3.08,3.08,3.08,3.08,2
2023-11-02 08:49:00,3000.0,3.07,3.07,3.07,3.07,3.07,7
2023-11-02 09:01:00,1018.0,3.08,3.08,3.08,3.08,3.08,4
2023-11-02 09:10:00,455.0,3.08,3.08,3.08,3.08,3.08,1
2023-11-02 09:17:00,120.0,3.08,3.08,3.08,3.08,3.08,1
2023-11-02 09:24:00,1667.0,3.08,3.08,3.08,3.08,3.08,2
2023-11-02 09:33:00,2896.0,3.0898,3.09,3.085,3.09,3.085,7
2023-11-02 09:39:00,500.0,3.09,3.09,3.09,3.09,3.09,1
2023-11-02 09:59:00,4259.0,3.1,3.1,3.1,3.1,3.1,15
2023-11-02 10:11:00,449.0,3.11,3.11,3.11,3.11,3.11,2
2023-11-02 10:12:00,703.0,3.1,3.1,3.1,3.1,3.1,4
2023-11-02 10:13:00,200.0,3.11,3.11,3.11,3.11,3.11,3
2023-11-02 10:24:00,111.0,3.1,3.1,3.1,3.1,3.1,1
2023-11-02 10:41:00,250.0,3.11,3.11,3.11,3.11,3.11,1
2023-11-02 10:54:00,8742.0,3.1138,3.11,3.13,3.13,3.11,13
2023-11-02 10:55:00,1008.0,3.1435,3.14,3.14,3.15,3.14,7
2023-11-02 10:58:00,200.0,3.14,3.14,3.14,3.14,3.14,2
2023-11-02 11:00:00,2000.0,3.14,3.14,3.14,3.14,3.14,1
2023-11-02 11:02:00,244.0,3.1441,3.15,3.14,3.15,3.14,3
2023-11-02 11:04:00,500.0,3.14,3.14,3.14,3.14,3.14,1
2023-11-02 11:07:00,150.0,3.14,3.14,3.14,3.14,3.14,2
2023-11-02 11:08:00,3444.0,3.1404,3.14,3.14,3.145,3.14,5
2023-11-02 11:13:00,1005.0,3.15,3.15,3.15,3.15,3.15,6
2023-11-02 11:18:00,1000.0,3.14,3.14,3.14,3.14,3.14,1
2023-11-02 11:24:00,4855.0,3.15,3.15,3.15,3.15,3.15,11
2023-11-02 11:28:00,1800.0,3.1522,3.16,3.15,3.16,3.15,5
2023-11-02 11:29:00,1000.0,3.15,3.15,3.15,3.15,3.15,2
2023-11-02 11:38:00,119.0,3.15,3.15,3.15,3.15,3.15,2
2023-11-02 11:39:00,1000.0,3.15,3.15,3.15,3.15,3.15,1
2023-11-02 11:40:00,300.0,3.15,3.15,3.15,3.15,3.15,1
2023-11-02 11:47:00,674.0,3.1501,3.15,3.15,3.15,3.15,3
2023-11-02 11:50:00,1177.0,3.16,3.16,3.16,3.16,3.16,1
2023-11-02 11:55:00,6043.0,3.16,3.16,3.16,3.16,3.16,12
2023-11-02 12:00:00,820.0,3.1563,3.1402,3.17,3.17,3.1402,7
2023-11-02 12:03:00,222.0,3.1416,3.16,3.16,3.16,3.16,5
2023-11-02 12:06:00,100.0,3.17,3.17,3.17,3.17,3.17,1
2023-11-02 12:17:00,1480.0,3.16,3.16,3.16,3.16,3.16,2
2023-11-02 12:21:00,920.0,3.16,3.16,3.16,3.16,3.16,5
2023-11-02 12:22:00,14268.0,3.1605,3.16,3.17,3.17,3.16,22
2023-11-02 12:23:00,100.0,3.17,3.17,3.17,3.17,3.17,1
2023-11-02 12:28:00,1667.0,3.16,3.16,3.16,3.16,3.16,8
2023-11-02 12:33:00,2718.0,3.15,3.15,3.15,3.15,3.15,1
2023-11-02 12:35:00,1008.0,3.15,3.15,3.15,3.15,3.15,6
2023-11-02 12:37:00,100.0,3.16,3.16,3.16,3.16,3.16,1
2023-11-02 12:38:00,100.0,3.16,3.16,3.16,3.16,3.16,1
2023-11-02 12:40:00,8011.0,3.16,3.16,3.16,3.16,3.16,14
2023-11-02 12:41:00,515.0,3.16,3.16,3.16,3.16,3.16,6
2023-11-02 12:50:00,1200.0,3.1617,3.16,3.17,3.17,3.16,8
2023-11-02 12:56:00,1025.0,3.17,3.17,3.17,3.17,3.17,2
2023-11-02 12:58:00,200.0,3.17,3.17,3.17,3.17,3.17,1
2023-11-02 13:00:00,201.0,3.17,3.17,3.17,3.17,3.17,6
2023-11-02 13:04:00,2992.0,3.1792,3.17,3.18,3.18,3.17,15
2023-11-02 13:07:00,304.0,3.18,3.18,3.18,3.18,3.18,3
2023-11-02 13:08:00,1000.0,3.1802,3.1802,3.1802,3.1802,3.1802,1
2023-11-02 13:09:00,2800.0,3.18,3.18,3.18,3.18,3.18,7
2023-11-02 13:11:00,2040.0,3.17,3.17,3.17,3.17,3.17,4
2023-11-02 13:16:00,300.0,3.17,3.17,3.17,3.17,3.17,1
2023-11-02 13:23:00,100.0,3.18,3.18,3.18,3.18,3.18,1
2023-11-02 13:24:00,300.0,3.18,3.18,3.18,3.18,3.18,3
2023-11-02 13:25:00,6270.0,3.1678,3.17,3.17,3.17,3.16,12
2023-11-02 13:26:00,3606.0,3.1694,3.17,3.16,3.17,3.16,11
2023-11-02 13:27:00,170.0,3.1408,3.14,3.14,3.14,3.14,8
2023-11-02 13:28:00,2454.0,3.1198,3.11,3.12,3.13,3.11,17
2023-11-02 13:30:00,294835.0,3.1214,3.111,3.165,3.17,3.1,450
2023-11-02 13:31:00,125150.0,3.152,3.16,3.14,3.17,3.14,428
2023-11-02 13:32:00,25049.0,3.1461,3.145,3.145,3.15,3.14,103
2023-11-02 13:33:00,71276.0,3.1499,3.145,3.145,3.16,3.145,201
2023-11-02 13:34:00,5534.0,3.1445,3.14,3.145,3.15,3.14,24
2023-11-02 13:35:00,97935.0,3.1479,3.1432,3.155,3.155,3.14,370
2023-11-02 13:36:00,63290.0,3.1606,3.155,3.17,3.17,3.155,78
2023-11-02 13:37:00,26441.0,3.162,3.165,3.17,3.17,3.16,125
2023-11-02 13:38:00,138012.0,3.1514,3.165,3.14,3.17,3.14,232
2023-11-02 13:39:00,73950.0,3.1364,3.14,3.13,3.14,3.13,187
2023-11-02 13:40:00,369518.0,3.1241,3.13,3.1196,3.14,3.11,346
2023-11-02 13:41:00,219785.0,3.1254,3.115,3.125,3.135,3.115,282
2023-11-02 13:42:00,20365.0,3.1262,3.129,3.12,3.13,3.12,44
2023-11-02 13:43:00,101995.0,3.1198,3.1207,3.115,3.13,3.115,304
2023-11-02 13:44:00,121278.0,3.1231,3.115,3.125,3.13,3.115,259
2023-11-02 13:45:00,81230.0,3.1297,3.125,3.14,3.14,3.125,199
2023-11-02 13:46:00,20283.0,3.1328,3.135,3.1282,3.14,3.12,110
2023-11-02 13:47:00,27321.0,3.1197,3.12,3.12,3.13,3.11,90
2023-11-02 13:48:00,100055.0,3.1198,3.12,3.11,3.125,3.11,123
2023-11-02 13:49:00,80904.0,3.1235,3.115,3.13,3.13,3.11,145
2023-11-02 13:50:00,13497.0,3.1383,3.13,3.14,3.14,3.13,27
2023-11-02 13:51:00,49126.0,3.1424,3.135,3.15,3.15,3.135,107
2023-11-02 13:52:00,71420.0,3.1435,3.15,3.15,3.15,3.14,102
2023-11-02 13:53:00,103711.0,3.1502,3.15,3.145,3.16,3.145,170
2023-11-02 13:54:00,15910.0,3.1474,3.15,3.14,3.15,3.14,50
2023-11-02 13:55:00,40867.0,3.1382,3.14,3.1375,3.14,3.1319,101
2023-11-02 13:56:00,109863.0,3.1388,3.135,3.1345,3.14,3.13,164
2023-11-02 13:57:00,16203.0,3.1381,3.14,3.14,3.14,3.13,68
2023-11-02 13:58:00,14273.0,3.1386,3.14,3.14,3.14,3.1337,39
2023-11-02 13:59:00,76885.0,3.1412,3.14,3.15,3.15,3.14,136
2023-11-02 14:00:00,52391.0,3.1461,3.15,3.15,3.15,3.14,63
2023-11-02 14:01:00,52541.0,3.1486,3.145,3.15,3.15,3.14,99
2023-11-02 14:02:00,181490.0,3.1498,3.14,3.16,3.16,3.14,212
2023-11-02 14:03:00,19626.0,3.1562,3.155,3.155,3.16,3.155,66
2023-11-02 14:04:00,26935.0,3.159,3.155,3.16,3.16,3.1545,95
2023-11-02 14:05:00,4795.0,3.1592,3.16,3.155,3.16,3.155,23
2023-11-02 14:06:00,71318.0,3.1542,3.16,3.1413,3.16,3.14,123
2023-11-02 14:07:00,56109.0,3.1402,3.14,3.13,3.15,3.13,109
2023-11-02 14:08:00,47591.0,3.1285,3.135,3.125,3.135,3.12,252
2023-11-02 14:09:00,13036.0,3.1245,3.125,3.125,3.13,3.12,104
2023-11-02 14:10:00,10557.0,3.1271,3.13,3.13,3.13,3.12,46
2023-11-02 14:11:00,295258.0,3.1197,3.125,3.125,3.13,3.11,346
2023-11-02 14:12:00,22006.0,3.1284,3.12,3.13,3.13,3.12,38
2023-11-02 14:13:00,16219.0,3.1276,3.125,3.13,3.13,3.1225,50
2023-11-02 14:14:00,9730.0,3.1287,3.125,3.13,3.13,3.125,21
2023-11-02 14:15:00,3401.0,3.1287,3.13,3.13,3.13,3.1225,23
2023-11-02 14:16:00,2947.0,3.1288,3.125,3.1281,3.13,3.125,30
2023-11-02 14:17:00,143939.0,3.13,3.125,3.135,3.135,3.1214,157
2023-11-02 14:18:00,10530.0,3.1328,3.13,3.14,3.14,3.13,23
2023-11-02 14:19:00,5339.0,3.1367,3.14,3.1379,3.14,3.13,28
2023-11-02 14:20:00,6685.0,3.1366,3.14,3.14,3.14,3.13,38
2023-11-02 14:21:00,4190.0,3.1397,3.14,3.14,3.14,3.135,22
2023-11-02 14:22:00,13202.0,3.1383,3.135,3.135,3.14,3.135,41
2023-11-02 14:23:00,4575.0,3.1371,3.135,3.14,3.14,3.135,28
2023-11-02 14:24:00,9165.0,3.1342,3.135,3.14,3.14,3.13,41
2023-11-02 14:25:00,11853.0,3.1328,3.135,3.13,3.14,3.13,55
2023-11-02 14:26:00,8808.0,3.1362,3.13,3.135,3.14,3.13,35
2023-11-02 14:27:00,16878.0,3.1319,3.14,3.13,3.14,3.13,74
2023-11-02 14:28:00,4879.0,3.1359,3.13,3.135,3.14,3.13,35
2023-11-02 14:29:00,6472.0,3.136,3.135,3.14,3.14,3.13,40
2023-11-02 14:30:00,9987.0,3.1339,3.135,3.135,3.14,3.13,51
2023-11-02 14:31:00,49013.0,3.1294,3.13,3.125,3.135,3.12,124
2023-11-02 14:32:00,6233.0,3.123,3.12,3.12,3.126,3.12,34
2023-11-02 14:33:00,5524.0,3.1233,3.125,3.125,3.125,3.12,33
2023-11-02 14:34:00,2111.0,3.1252,3.125,3.125,3.13,3.12,15
2023-11-02 14:35:00,19621.0,3.1277,3.125,3.125,3.13,3.12,51
2023-11-02 14:36:00,7966.0,3.1272,3.125,3.125,3.13,3.125,33
2023-11-02 14:37:00,15549.0,3.1262,3.125,3.125,3.13,3.12,46
2023-11-02 14:38:00,96464.0,3.1297,3.125,3.14,3.14,3.12,142
2023-11-02 14:39:00,8966.0,3.139,3.14,3.14,3.14,3.135,25
2023-11-02 14:40:00,4866.0,3.1366,3.135,3.14,3.14,3.135,26
2023-11-02 14:41:00,159010.0,3.1402,3.14,3.145,3.15,3.1395,99
2023-11-02 14:42:00,15334.0,3.1476,3.15,3.14,3.15,3.14,38
2023-11-02 14:43:00,11924.0,3.1465,3.15,3.145,3.15,3.14,41
2023-11-02 14:44:00,7602.0,3.1448,3.15,3.15,3.15,3.1415,29
2023-11-02 14:45:00,4268.0,3.1479,3.15,3.145,3.15,3.14,36
2023-11-02 14:46:00,3297.0,3.1497,3.15,3.15,3.15,3.145,30
2023-11-02 14:47:00,3233.0,3.1493,3.15,3.15,3.15,3.145,30
2023-11-02 14:48:00,19203.0,3.1459,3.15,3.145,3.15,3.14,60
2023-11-02 14:49:00,14367.0,3.146,3.15,3.145,3.15,3.145,69
2023-11-02 14:50:00,10056.0,3.1453,3.145,3.145,3.15,3.14,55
2023-11-02 14:51:00,5424.0,3.1479,3.145,3.15,3.15,3.145,35
2023-11-02 14:52:00,95261.0,3.1502,3.15,3.15,3.155,3.145,129
2023-11-02 14:53:00,47715.0,3.1494,3.155,3.145,3.155,3.145,139
2023-11-02 14:54:00,70065.0,3.1409,3.145,3.135,3.15,3.13,196
2023-11-02 14:55:00,1925.0,3.1415,3.1354,3.14,3.14,3.1354,12
2023-11-02 14:56:00,966.0,3.1405,3.13,3.14,3.14,3.13,11
2023-11-02 14:57:00,16960.0,3.137,3.135,3.13,3.14,3.13,34
2023-11-02 14:58:00,2408.0,3.1362,3.13,3.135,3.14,3.13,15
2023-11-02 14:59:00,1852.0,3.1344,3.13,3.135,3.14,3.13,21
2023-11-02 15:00:00,5263.0,3.1398,3.135,3.14,3.14,3.13,18
2023-11-02 15:01:00,1908.0,3.1385,3.14,3.14,3.14,3.135,13
2023-11-02 15:02:00,5152.0,3.1321,3.14,3.135,3.14,3.13,19
2023-11-02 15:03:00,72100.0,3.1399,3.13,3.15,3.15,3.13,74
2023-11-02 15:04:00,2396.0,3.1492,3.15,3.15,3.15,3.1442,20
2023-11-02 15:05:00,9110.0,3.1486,3.15,3.145,3.15,3.1431,26
2023-11-02 15:06:00,4178.0,3.1476,3.15,3.15,3.15,3.145,20
2023-11-02 15:07:00,5852.0,3.1475,3.15,3.15,3.15,3.145,32
2023-11-02 15:08:00,2450.0,3.1483,3.15,3.145,3.15,3.145,20
2023-11-02 15:09:00,5599.0,3.1485,3.15,3.15,3.15,3.145,20
2023-11-02 15:10:00,13702.0,3.1437,3.15,3.14,3.15,3.14,47
2023-11-02 15:11:00,29969.0,3.1488,3.14,3.15,3.15,3.14,196
2023-11-02 15:12:00,78054.0,3.1497,3.15,3.15,3.15,3.1425,189
2023-11-02 15:13:00,80501.0,3.1499,3.15,3.15,3.15,3.1425,171
2023-11-02 15:14:00,183005.0,3.1491,3.15,3.145,3.15,3.1425,88
2023-11-02 15:15:00,113396.0,3.1476,3.14,3.14,3.15,3.14,98
2023-11-02 15:16:00,191810.0,3.1405,3.1475,3.135,3.15,3.135,335
2023-11-02 15:17:00,57034.0,3.1372,3.135,3.135,3.14,3.135,398
2023-11-02 15:18:00,13600.0,3.1367,3.135,3.135,3.14,3.13,43
2023-11-02 15:19:00,21942.0,3.1355,3.1319,3.13,3.14,3.13,71
2023-11-02 15:20:00,41602.0,3.131,3.135,3.13,3.14,3.13,32
2023-11-02 15:21:00,10573.0,3.1348,3.135,3.135,3.14,3.13,45
2023-11-02 15:22:00,5151.0,3.1356,3.14,3.1397,3.14,3.13,30
2023-11-02 15:23:00,6677.0,3.1344,3.1302,3.135,3.14,3.1302,34
2023-11-02 15:24:00,12454.0,3.1345,3.13,3.13,3.14,3.13,38
2023-11-02 15:25:00,2728.0,3.1351,3.1375,3.1375,3.14,3.13,33
2023-11-02 15:26:00,8325.0,3.1383,3.135,3.135,3.14,3.13,59
2023-11-02 15:27:00,3570.0,3.1377,3.14,3.135,3.14,3.13,26
2023-11-02 15:28:00,6906.0,3.135,3.135,3.13,3.14,3.13,66
2023-11-02 15:29:00,26908.0,3.1345,3.14,3.14,3.14,3.13,94
2023-11-02 15:30:00,7860.0,3.1337,3.1301,3.1301,3.14,3.13,30
2023-11-02 15:31:00,10032.0,3.1343,3.14,3.14,3.14,3.13,28
2023-11-02 15:32:00,6014.0,3.1358,3.13,3.135,3.14,3.13,31
2023-11-02 15:33:00,14322.0,3.1373,3.14,3.135,3.14,3.13,28
2023-11-02 15:34:00,11829.0,3.1357,3.14,3.14,3.14,3.13,36
2023-11-02 15:35:00,20971.0,3.1385,3.14,3.14,3.14,3.13,59
2023-11-02 15:36:00,59497.0,3.1321,3.14,3.135,3.14,3.13,100
2023-11-02 15:37:00,12391.0,3.1345,3.135,3.135,3.14,3.13,34
2023-11-02 15:38:00,3335.0,3.1356,3.135,3.135,3.14,3.13,24
2023-11-02 15:39:00,2851.0,3.136,3.13,3.1375,3.14,3.13,26
2023-11-02 15:40:00,11464.0,3.1353,3.135,3.135,3.14,3.13,52
2023-11-02 15:41:00,15110.0,3.1318,3.14,3.135,3.14,3.13,27
2023-11-02 15:42:00,22498.0,3.1327,3.13,3.135,3.14,3.13,61
2023-11-02 15:43:00,4564.0,3.1357,3.1375,3.14,3.14,3.13,23
2023-11-02 15:44:00,18714.0,3.1351,3.14,3.14,3.14,3.13,81
2023-11-02 15:45:00,8143.0,3.1376,3.14,3.14,3.14,3.135,52
2023-11-02 15:46:00,7557.0,3.1373,3.135,3.14,3.14,3.13,26
2023-11-02 15:47:00,13229.0,3.1366,3.14,3.135,3.14,3.13,111
2023-11-02 15:48:00,21508.0,3.1345,3.135,3.13,3.14,3.13,89
2023-11-02 15:49:00,14182.0,3.1378,3.1375,3.13,3.14,3.13,41
2023-11-02 15:50:00,27015.0,3.1359,3.135,3.14,3.14,3.13,178
2023-11-02 15:51:00,15109.0,3.1358,3.135,3.14,3.14,3.13,62
2023-11-02 15:52:00,9473.0,3.1373,3.135,3.14,3.14,3.13,46
2023-11-02 15:53:00,11287.0,3.1358,3.135,3.135,3.14,3.13,80
2023-11-02 15:54:00,17373.0,3.1342,3.135,3.14,3.14,3.13,74
2023-11-02 15:55:00,2106.0,3.1379,3.14,3.13,3.14,3.13,14
2023-11-02 15:56:00,12157.0,3.1357,3.14,3.135,3.14,3.135,27
2023-11-02 15:57:00,2923.0,3.1372,3.14,3.135,3.14,3.13,20
2023-11-02 15:58:00,31196.0,3.1315,3.135,3.135,3.14,3.13,55
2023-11-02 15:59:00,2943.0,3.137,3.14,3.135,3.14,3.13,25
2023-11-02 16:00:00,7217.0,3.1394,3.14,3.14,3.14,3.13,20
2023-11-02 16:01:00,5321.0,3.137,3.14,3.13,3.14,3.13,33
2023-11-02 16:02:00,9526.0,3.1358,3.135,3.135,3.14,3.13,41
2023-11-02 16:03:00,10013.0,3.1363,3.135,3.135,3.14,3.13,121
2023-11-02 16:04:00,18677.0,3.1362,3.14,3.135,3.14,3.13,111
2023-11-02 16:05:00,30494.0,3.1348,3.14,3.135,3.14,3.13,176
2023-11-02 16:06:00,33169.0,3.1325,3.1375,3.13,3.14,3.13,106
2023-11-02 16:07:00,7822.0,3.1357,3.135,3.135,3.14,3.13,42
2023-11-02 16:08:00,12115.0,3.1348,3.135,3.14,3.14,3.13,39
2023-11-02 16:09:00,4971.0,3.1342,3.13,3.14,3.14,3.13,21
2023-11-02 16:10:00,7422.0,3.1354,3.14,3.135,3.14,3.13,33
2023-11-02 16:11:00,3017.0,3.1372,3.135,3.14,3.14,3.13,20
2023-11-02 16:12:00,17454.0,3.1319,3.14,3.13,3.14,3.13,48
2023-11-02 16:13:00,5871.0,3.1362,3.135,3.135,3.14,3.13,33
2023-11-02 16:14:00,4424.0,3.1366,3.14,3.135,3.14,3.13,24
2023-11-02 16:15:00,14532.0,3.1327,3.13,3.13,3.14,3.13,64
2023-11-02 16:16:00,7919.0,3.1328,3.135,3.14,3.14,3.13,29
2023-11-02 16:17:00,4231.0,3.1362,3.13,3.135,3.14,3.13,30
2023-11-02 16:18:00,17180.0,3.1308,3.135,3.13,3.135,3.13,46
2023-11-02 16:19:00,2749.0,3.1373,3.14,3.135,3.14,3.13,16
2023-11-02 16:20:00,10973.0,3.1309,3.135,3.14,3.14,3.13,51
2023-11-02 16:21:00,1533.0,3.1345,3.135,3.14,3.14,3.13,16
2023-11-02 16:22:00,4776.0,3.1359,3.14,3.135,3.14,3.13,22
2023-11-02 16:23:00,6507.0,3.1345,3.135,3.135,3.14,3.13,24
2023-11-02 16:24:00,12828.0,3.1332,3.14,3.14,3.14,3.13,65
2023-11-02 16:25:00,6808.0,3.1314,3.135,3.13,3.14,3.13,32
2023-11-02 16:26:00,2614.0,3.1302,3.13,3.13,3.135,3.13,12
2023-11-02 16:27:00,51598.0,3.1298,3.135,3.12,3.135,3.12,157
2023-11-02 16:28:00,2115.0,3.1258,3.12,3.125,3.125,3.12,16
2023-11-02 16:29:00,2611.0,3.1232,3.125,3.12,3.13,3.12,15
2023-11-02 16:30:00,7002.0,3.1244,3.125,3.125,3.125,3.12,14
2023-11-02 16:31:00,10694.0,3.1225,3.12,3.125,3.13,3.12,55
2023-11-02 16:32:00,111227.0,3.1199,3.12,3.115,3.1285,3.11,142
2023-11-02 16:33:00,5707.0,3.1163,3.12,3.1179,3.12,3.11,30
2023-11-02 16:34:00,149347.0,3.1197,3.12,3.125,3.125,3.115,149
2023-11-02 16:35:00,6575.0,3.1237,3.125,3.13,3.13,3.125,16
2023-11-02 16:36:00,4695.0,3.125,3.125,3.125,3.125,3.125,9
2023-11-02 16:37:00,2718.0,3.1256,3.125,3.125,3.13,3.125,13
2023-11-02 16:38:00,7784.0,3.1253,3.125,3.125,3.13,3.125,28
2023-11-02 16:39:00,11185.0,3.1255,3.125,3.125,3.13,3.125,46
2023-11-02 16:40:00,5945.0,3.1225,3.125,3.125,3.13,3.12,22
2023-11-02 16:41:00,1200.0,3.1263,3.125,3.125,3.13,3.125,9
2023-11-02 16:42:00,3188.0,3.1263,3.125,3.13,3.13,3.125,19
2023-11-02 16:43:00,2900.0,3.1276,3.125,3.13,3.13,3.125,15
2023-11-02 16:44:00,27333.0,3.1252,3.125,3.125,3.13,3.125,18
2023-11-02 16:45:00,6842.0,3.1223,3.13,3.12,3.13,3.12,31
2023-11-02 16:46:00,7747.0,3.1251,3.12,3.13,3.13,3.12,25
2023-11-02 16:47:00,1704.0,3.1294,3.13,3.13,3.13,3.125,13
2023-11-02 16:48:00,3400.0,3.1274,3.125,3.13,3.13,3.12,18
2023-11-02 16:49:00,3316.0,3.1277,3.13,3.13,3.13,3.12,27
2023-11-02 16:50:00,1702.0,3.1287,3.13,3.13,3.13,3.125,15
2023-11-02 16:51:00,2332.0,3.1293,3.125,3.13,3.13,3.125,21
2023-11-02 16:52:00,1989.0,3.1279,3.125,3.12,3.13,3.12,18
2023-11-02 16:53:00,9426.0,3.1237,3.13,3.125,3.13,3.12,51
2023-11-02 16:54:00,6701.0,3.1266,3.13,3.13,3.13,3.125,32
2023-11-02 16:55:00,7872.0,3.1269,3.125,3.125,3.13,3.125,72
2023-11-02 16:56:00,7758.0,3.1267,3.13,3.125,3.13,3.12,58
2023-11-02 16:57:00,4955.0,3.1244,3.125,3.125,3.13,3.12,32
2023-11-02 16:58:00,4204.0,3.1236,3.12,3.125,3.13,3.12,23
2023-11-02 16:59:00,13715.0,3.1289,3.13,3.125,3.13,3.12,32
2023-11-02 17:00:00,2785.0,3.128,3.125,3.125,3.13,3.125,21
2023-11-02 17:01:00,3027.0,3.1281,3.13,3.13,3.13,3.125,25
2023-11-02 17:02:00,10312.0,3.1236,3.13,3.1202,3.13,3.12,41
2023-11-02 17:03:00,5186.0,3.1266,3.125,3.13,3.13,3.1244,20
2023-11-02 17:04:00,3052.0,3.1274,3.12,3.13,3.13,3.12,21
2023-11-02 17:05:00,5685.0,3.127,3.13,3.13,3.13,3.125,22
2023-11-02 17:06:00,3118.0,3.1289,3.125,3.1299,3.13,3.125,19
2023-11-02 17:07:00,6645.0,3.126,3.125,3.13,3.13,3.12,45
2023-11-02 17:08:00,4297.0,3.1263,3.125,3.13,3.13,3.12,34
2023-11-02 17:09:00,6659.0,3.1229,3.13,3.13,3.13,3.12,26
2023-11-02 17:10:00,4695.0,3.1265,3.13,3.13,3.13,3.125,24
2023-11-02 17:11:00,49343.0,3.1266,3.13,3.125,3.13,3.12,65
2023-11-02 17:12:00,10997.0,3.1252,3.12,3.13,3.13,3.12,51
2023-11-02 17:13:00,6668.0,3.1251,3.13,3.125,3.13,3.12,49
2023-11-02 17:14:00,3279.0,3.1282,3.13,3.125,3.13,3.12,18
2023-11-02 17:15:00,79986.0,3.1208,3.13,3.12,3.13,3.12,137
2023-11-02 17:16:00,222024.0,3.117,3.125,3.1125,3.125,3.11,236
2023-11-02 17:17:00,848.0,3.1135,3.1136,3.11,3.1136,3.11,19
2023-11-02 17:18:00,12375.0,3.1193,3.115,3.12,3.12,3.115,20
2023-11-02 17:19:00,508129.0,3.1276,3.1183,3.115,3.12,3.115,105
2023-11-02 17:20:00,9610.0,3.114,3.11,3.11,3.12,3.11,14
2023-11-02 17:21:00,7296.0,3.1128,3.11,3.11,3.1185,3.11,29
2023-11-02 17:22:00,1101.0,3.1122,3.11,3.115,3.115,3.11,18
2023-11-02 17:23:00,31188.0,3.11,3.11,3.11,3.115,3.11,43
2023-11-02 17:24:00,1238.0,3.1138,3.115,3.11,3.115,3.11,17
2023-11-02 17:25:00,1293.0,3.1132,3.115,3.1122,3.115,3.11,17
2023-11-02 17:26:00,62531.0,3.1099,3.115,3.1099,3.115,3.105,140
2023-11-02 17:27:00,12704.0,3.1032,3.105,3.105,3.1099,3.1,43
2023-11-02 17:28:00,1539.0,3.1061,3.105,3.1,3.11,3.1,19
2023-11-02 17:29:00,2994.0,3.1045,3.105,3.105,3.105,3.105,27
2023-11-02 17:30:00,182567.0,3.109,3.1098,3.1199,3.1199,3.1,238
2023-11-02 17:31:00,2894.0,3.1105,3.11,3.115,3.115,3.11,18
2023-11-02 17:32:00,3054.0,3.1107,3.11,3.115,3.115,3.11,12
2023-11-02 17:33:00,1541.0,3.1115,3.11,3.11,3.115,3.11,20
2023-11-02 17:34:00,699.0,3.1125,3.115,3.115,3.115,3.115,5
2023-11-02 17:35:00,515.0,3.1141,3.115,3.115,3.115,3.115,10
2023-11-02 17:36:00,914.0,3.1144,3.115,3.115,3.115,3.11,8
2023-11-02 17:37:00,2910.0,3.1142,3.115,3.115,3.115,3.11,18
2023-11-02 17:38:00,4398.0,3.1135,3.115,3.12,3.12,3.1101,13
2023-11-02 17:39:00,6416.0,3.1122,3.12,3.12,3.12,3.11,21
2023-11-02 17:40:00,5076.0,3.1151,3.115,3.12,3.12,3.115,20
2023-11-02 17:41:00,3294.0,3.1187,3.12,3.12,3.12,3.115,16
2023-11-02 17:42:00,1438.0,3.1158,3.115,3.11,3.12,3.11,11
2023-11-02 17:43:00,7680.0,3.1167,3.115,3.115,3.12,3.11,39
2023-11-02 17:44:00,1680.0,3.1192,3.12,3.115,3.12,3.115,12
2023-11-02 17:45:00,5982.0,3.1139,3.115,3.12,3.12,3.11,19
2023-11-02 17:46:00,9943.0,3.117,3.12,3.12,3.12,3.11,23
2023-11-02 17:47:00,3741.0,3.1179,3.12,3.12,3.12,3.115,22
2023-11-02 17:48:00,5137.0,3.114,3.12,3.12,3.12,3.11,25
2023-11-02 17:49:00,7025.0,3.116,3.12,3.115,3.12,3.11,41
2023-11-02 17:50:00,7911.0,3.118,3.12,3.115,3.12,3.11,18
2023-11-02 17:51:00,4891.0,3.1164,3.115,3.12,3.12,3.11,20
2023-11-02 17:52:00,5210.0,3.1165,3.12,3.115,3.12,3.11,26
2023-11-02 17:53:00,9298.0,3.1178,3.12,3.12,3.12,3.11,27
2023-11-02 17:54:00,8836.0,3.1134,3.12,3.12,3.12,3.11,26
2023-11-02 17:55:00,35966.0,3.1185,3.12,3.115,3.12,3.11,66
2023-11-02 17:56:00,65110.0,3.1181,3.12,3.115,3.12,3.112,173
2023-11-02 17:57:00,12417.0,3.1164,3.12,3.115,3.12,3.115,91
2023-11-02 17:58:00,13840.0,3.1156,3.115,3.12,3.12,3.1125,105
2023-11-02 17:59:00,10418.0,3.1149,3.12,3.1125,3.12,3.11,95
2023-11-02 18:00:00,5967.0,3.1139,3.115,3.115,3.12,3.11,44
2023-11-02 18:01:00,5973.0,3.1171,3.12,3.12,3.12,3.1125,45
2023-11-02 18:02:00,2586.0,3.1175,3.115,3.12,3.12,3.11,19
2023-11-02 18:03:00,9496.0,3.1166,3.115,3.115,3.12,3.11,48
2023-11-02 18:04:00,8833.0,3.1193,3.12,3.12,3.12,3.115,32
2023-11-02 18:05:00,10413.0,3.1139,3.12,3.11,3.12,3.11,51
2023-11-02 18:06:00,4279.0,3.1175,3.11,3.12,3.12,3.11,28
2023-11-02 18:07:00,1557.0,3.1191,3.12,3.12,3.12,3.115,11
2023-11-02 18:08:00,4320.0,3.1175,3.12,3.12,3.12,3.115,23
2023-11-02 18:09:00,5958.0,3.1157,3.12,3.115,3.12,3.11,26
2023-11-02 18:10:00,2201.0,3.1186,3.12,3.12,3.12,3.115,15
2023-11-02 18:11:00,7942.0,3.1134,3.12,3.12,3.12,3.11,30
2023-11-02 18:12:00,4445.0,3.1171,3.12,3.12,3.12,3.11,32
2023-11-02 18:13:00,5109.0,3.1171,3.12,3.115,3.12,3.115,33
2023-11-02 18:14:00,4880.0,3.1167,3.12,3.12,3.12,3.11,20
2023-11-02 18:15:00,11996.0,3.1147,3.12,3.11,3.12,3.11,35
2023-11-02 18:16:00,14774.0,3.1152,3.11,3.12,3.12,3.11,47
2023-11-02 18:17:00,5623.0,3.1179,3.115,3.12,3.12,3.11,25
2023-11-02 18:18:00,6004.0,3.1159,3.12,3.115,3.12,3.11,33
2023-11-02 18:19:00,14083.0,3.1156,3.12,3.12,3.12,3.11,106
2023-11-02 18:20:00,19660.0,3.1175,3.115,3.11,3.12,3.11,40
2023-11-02 18:21:00,3516.0,3.1177,3.12,3.12,3.12,3.11,34
2023-11-02 18:22:00,4401.0,3.1162,3.115,3.12,3.12,3.11,36
2023-11-02 18:23:00,107653.0,3.1192,3.12,3.115,3.12,3.11,198
2023-11-02 18:24:00,19698.0,3.117,3.115,3.115,3.12,3.1118,128
2023-11-02 18:25:00,17858.0,3.1169,3.12,3.115,3.12,3.11,101
2023-11-02 18:26:00,6663.0,3.1177,3.12,3.12,3.12,3.115,37
2023-11-02 18:27:00,7789.0,3.1174,3.12,3.115,3.12,3.115,55
2023-11-02 18:28:00,12446.0,3.1164,3.12,3.12,3.12,3.115,64
2023-11-02 18:29:00,10154.0,3.1143,3.11,3.12,3.12,3.11,51
2023-11-02 18:30:00,7100.0,3.1168,3.115,3.115,3.12,3.115,51
2023-11-02 18:31:00,5337.0,3.1177,3.12,3.115,3.12,3.115,49
2023-11-02 18:32:00,9967.0,3.1148,3.12,3.12,3.12,3.11,37
2023-11-02 18:33:00,15194.0,3.117,3.12,3.12,3.12,3.11,64
2023-11-02 18:34:00,5706.0,3.1171,3.12,3.115,3.12,3.115,47
2023-11-02 18:35:00,7067.0,3.1165,3.115,3.12,3.12,3.11,58
2023-11-02 18:36:00,25817.0,3.1147,3.12,3.115,3.12,3.11,111
2023-11-02 18:37:00,17046.0,3.1139,3.115,3.12,3.12,3.11,73
2023-11-02 18:38:00,4155.0,3.1168,3.11,3.12,3.12,3.11,31
2023-11-02 18:39:00,4830.0,3.1175,3.12,3.115,3.12,3.115,27
2023-11-02 18:40:00,4565.0,3.117,3.12,3.115,3.12,3.11,30
2023-11-02 18:41:00,5839.0,3.1169,3.115,3.12,3.12,3.115,47
2023-11-02 18:42:00,161609.0,3.1195,3.115,3.12,3.125,3.11,215
2023-11-02 18:43:00,114955.0,3.1264,3.125,3.13,3.13,3.12,163
2023-11-02 18:44:00,14701.0,3.1225,3.12,3.125,3.125,3.12,23
2023-11-02 18:45:00,9926.0,3.1239,3.125,3.13,3.13,3.12,30
2023-11-02 18:46:00,8362.0,3.1251,3.125,3.13,3.13,3.12,35
2023-11-02 18:47:00,48138.0,3.1252,3.125,3.125,3.13,3.12,73
2023-11-02 18:48:00,11630.0,3.124,3.125,3.13,3.13,3.12,49
2023-11-02 18:49:00,7599.0,3.1256,3.125,3.125,3.13,3.12,49
2023-11-02 18:50:00,17292.0,3.1241,3.13,3.12,3.13,3.12,58
2023-11-02 18:51:00,12624.0,3.1261,3.13,3.13,3.13,3.12,36
2023-11-02 18:52:00,16176.0,3.1277,3.125,3.13,3.13,3.125,43
2023-11-02 18:53:00,27620.0,3.126,3.125,3.125,3.13,3.125,34
2023-11-02 18:54:00,27810.0,3.1259,3.13,3.13,3.13,3.12,52
2023-11-02 18:55:00,142441.0,3.1257,3.13,3.12,3.13,3.12,52
2023-11-02 18:56:00,26210.0,3.1237,3.125,3.125,3.13,3.12,76
2023-11-02 18:57:00,10621.0,3.1245,3.12,3.13,3.13,3.12,31
2023-11-02 18:58:00,9118.0,3.126,3.13,3.13,3.13,3.125,45
2023-11-02 18:59:00,11116.0,3.1259,3.125,3.13,3.13,3.12,54
2023-11-02 19:00:00,12878.0,3.1224,3.125,3.125,3.13,3.12,45
2023-11-02 19:01:00,209277.0,3.1193,3.125,3.12,3.125,3.11,267
2023-11-02 19:02:00,23484.0,3.1173,3.115,3.115,3.12,3.11,45
2023-11-02 19:03:00,37378.0,3.1106,3.115,3.11,3.12,3.11,65
2023-11-02 19:04:00,2890.0,3.1119,3.11,3.11,3.115,3.11,28
2023-11-02 19:05:00,1711.0,3.1114,3.11,3.11,3.115,3.11,17
2023-11-02 19:06:00,3849.0,3.113,3.115,3.11,3.115,3.11,21
2023-11-02 19:07:00,85592.0,3.11,3.11,3.11,3.115,3.11,150
2023-11-02 19:08:00,25577.0,3.1101,3.11,3.115,3.115,3.11,40
2023-11-02 19:09:00,3225.0,3.1139,3.115,3.11,3.1181,3.11,22
2023-11-02 19:10:00,1600767.0,3.1513,3.115,3.11,3.115,3.11,12
2023-11-02 19:11:00,6673.0,3.1122,3.115,3.11,3.115,3.11,31
2023-11-02 19:12:00,13026.0,3.1118,3.11,3.115,3.115,3.11,22
2023-11-02 19:13:00,6665.0,3.1147,3.115,3.115,3.1158,3.11,19
2023-11-02 19:14:00,6648.0,3.1116,3.115,3.115,3.115,3.11,26
2023-11-02 19:15:00,7859.0,3.1131,3.11,3.115,3.115,3.11,27
2023-11-02 19:16:00,6514.0,3.1138,3.115,3.115,3.115,3.11,36
2023-11-02 19:17:00,8186.0,3.113,3.115,3.115,3.115,3.11,37
2023-11-02 19:18:00,9672.0,3.1119,3.11,3.115,3.12,3.11,43
2023-11-02 19:19:00,4338.0,3.1142,3.115,3.115,3.115,3.11,35
2023-11-02 19:20:00,7424.0,3.1141,3.115,3.115,3.115,3.11,43
2023-11-02 19:21:00,9491.0,3.1144,3.115,3.11,3.12,3.11,35
2023-11-02 19:22:00,18377.0,3.1114,3.115,3.115,3.12,3.11,54
2023-11-02 19:23:00,10142.0,3.1148,3.115,3.12,3.12,3.1115,49
2023-11-02 19:24:00,13646.0,3.1136,3.115,3.115,3.115,3.11,51
2023-11-02 19:25:00,9168.0,3.1124,3.115,3.115,3.115,3.11,39
2023-11-02 19:26:00,468839.0,3.1186,3.11,3.105,3.115,3.1,412
2023-11-02 19:27:00,10026.0,3.1004,3.1,3.105,3.105,3.1,39
2023-11-02 19:28:00,13234.0,3.1019,3.1,3.105,3.105,3.1,21
2023-11-02 19:29:00,10521.0,3.1034,3.105,3.1,3.105,3.1,38
2023-11-02 19:30:00,12784.0,3.103,3.1,3.1,3.105,3.1,26
2023-11-02 19:31:00,13250.0,3.1044,3.1,3.105,3.11,3.1,29
2023-11-02 19:32:00,5143.0,3.1054,3.105,3.105,3.11,3.105,23
2023-11-02 19:33:00,3812.0,3.1037,3.105,3.105,3.1053,3.1,28
2023-11-02 19:34:00,56349.0,3.1006,3.105,3.1,3.105,3.1,109
2023-11-02 19:35:00,65289.0,3.1002,3.1,3.1,3.105,3.1,110
2023-11-02 19:36:00,21725.0,3.1024,3.1,3.105,3.11,3.1,55
2023-11-02 19:37:00,13504.0,3.1037,3.105,3.105,3.11,3.1,47
2023-11-02 19:38:00,474373.0,3.0981,3.1,3.09,3.105,3.09,473
2023-11-02 19:39:00,11404.0,3.0918,3.095,3.09,3.095,3.09,36
2023-11-02 19:40:00,10491.0,3.0941,3.095,3.095,3.095,3.09,47
2023-11-02 19:41:00,12779.0,3.093,3.095,3.09,3.1,3.09,55
2023-11-02 19:42:00,61360.0,3.0902,3.095,3.09,3.095,3.09,102
2023-11-02 19:43:00,58156.0,3.0913,3.095,3.09,3.1,3.09,85
2023-11-02 19:44:00,7103.0,3.0928,3.09,3.09,3.095,3.09,43
2023-11-02 19:45:00,12901.0,3.0932,3.09,3.09,3.095,3.09,88
2023-11-02 19:46:00,4959.0,3.0921,3.09,3.095,3.095,3.09,53
2023-11-02 19:47:00,12185.0,3.0924,3.095,3.0975,3.0975,3.09,49
2023-11-02 19:48:00,17527.0,3.0947,3.09,3.095,3.0975,3.09,70
2023-11-02 19:49:00,134884.0,3.097,3.095,3.095,3.1,3.09,267
2023-11-02 19:50:00,191856.0,3.1009,3.1,3.11,3.11,3.095,246
2023-11-02 19:51:00,46355.0,3.106,3.11,3.105,3.11,3.1003,134
2023-11-02 19:52:00,46472.0,3.1053,3.105,3.105,3.11,3.1,127
2023-11-02 19:53:00,35135.0,3.1034,3.1,3.105,3.11,3.1,80
2023-11-02 19:54:00,102294.0,3.1056,3.105,3.105,3.11,3.1,156
2023-11-02 19:55:00,203907.0,3.1096,3.105,3.115,3.12,3.1,318
2023-11-02 19:56:00,70730.0,3.1177,3.12,3.115,3.12,3.11,147
2023-11-02 19:57:00,94630.0,3.1181,3.12,3.12,3.12,3.1101,223
2023-11-02 19:58:00,85603.0,3.119,3.12,3.12,3.12,3.115,224
2023-11-02 19:59:00,404115.0,3.1156,3.12,3.11,3.12,3.11,511
2023-11-02 20:00:00,5342.0,3.13,3.13,3.13,3.13,3.13,6
2023-11-02 20:47:00,197.0,3.1298,3.13,3.13,3.13,3.13,4
2023-11-02 21:02:00,1000.0,3.13,3.13,3.13,3.13,3.13,3
2023-11-02 21:26:00,150.0,3.13,3.13,3.13,3.13,3.13,1
2023-11-02 22:32:00,321.0,3.13,3.13,3.13,3.13,3.13,2
2023-11-02 22:34:00,188.0,3.13,3.13,3.13,3.13,3.13,2
2023-11-02 22:53:00,225.0,3.11,3.11,3.11,3.11,3.11,3
2023-11-02 23:04:00,200.0,3.11,3.11,3.11,3.11,3.11,1
2023-11-02 23:07:00,116.0,3.1299,3.13,3.13,3.13,3.13,2
2023-11-02 23:37:00,8612.0,3.13,3.13,3.13,3.13,3.13,2
2023-11-03 08:00:00,5002.0,3.15,3.15,3.15,3.15,3.15,3
2023-11-03 08:01:00,13475.0,3.1498,3.145,3.15,3.15,3.145,7
2023-11-03 08:06:00,907.0,3.16,3.16,3.16,3.16,3.16,7
2023-11-03 08:23:00,5200.0,3.17,3.17,3.17,3.17,3.17,9
2023-11-03 08:26:00,1400.0,3.17,3.17,3.17,3.17,3.17,2
2023-11-03 08:30:00,6800.0,3.18,3.18,3.18,3.18,3.18,9
2023-11-03 08:31:00,1000.0,3.17,3.17,3.17,3.17,3.17,3
2023-11-03 08:32:00,486.0,3.17,3.17,3.17,3.17,3.17,2
2023-11-03 09:07:00,5000.0,3.17,3.17,3.17,3.17,3.17,8
2023-11-03 09:08:00,1753.0,3.17,3.17,3.17,3.17,3.17,5
2023-11-03 09:12:00,637.0,3.17,3.17,3.17,3.17,3.17,2
2023-11-03 09:21:00,100.0,3.17,3.17,3.17,3.17,3.17,1
2023-11-03 09:33:00,100.0,3.18,3.18,3.18,3.18,3.18,1
2023-11-03 09:49:00,100.0,3.18,3.18,3.18,3.18,3.18,1
2023-11-03 10:23:00,2808.0,3.17,3.17,3.17,3.17,3.17,5
2023-11-03 10:31:00,2000.0,3.17,3.17,3.17,3.17,3.17,4
2023-11-03 10:32:00,100.0,3.17,3.17,3.17,3.17,3.17,1
2023-11-03 10:59:00,100.0,3.17,3.17,3.17,3.17,3.17,1
2023-11-03 11:00:00,500.0,3.1685,3.17,3.17,3.17,3.17,5
2023-11-03 11:14:00,127.0,3.16,3.16,3.16,3.16,3.16,2
2023-11-03 11:32:00,1000.0,3.16,3.16,3.16,3.16,3.16,1
2023-11-03 11:48:00,324.0,3.165,3.165,3.165,3.165,3.165,1
2023-11-03 12:00:00,5489.0,3.1692,3.1601,3.17,3.17,3.1601,10
2023-11-03 12:13:00,500.0,3.17,3.17,3.17,3.17,3.17,1
2023-11-03 12:16:00,100.0,3.17,3.17,3.17,3.17,3.17,1
2023-11-03 12:17:00,14480.0,3.17,3.17,3.17,3.17,3.17,27
2023-11-03 12:21:00,300.0,3.17,3.17,3.17,3.17,3.17,3
2023-11-03 12:31:00,1452.0,3.18,3.18,3.18,3.18,3.18,13
2023-11-03 12:32:00,8774.0,3.18,3.18,3.18,3.18,3.18,14
2023-11-03 12:36:00,2189.0,3.19,3.19,3.19,3.19,3.19,3
2023-11-03 12:38:00,100.0,3.19,3.19,3.19,3.19,3.19,1
2023-11-03 12:40:00,1811.0,3.19,3.19,3.19,3.19,3.19,6
2023-11-03 12:41:00,5891.0,3.19,3.19,3.19,3.19,3.19,4
2023-11-03 12:42:00,200.0,3.19,3.19,3.19,3.19,3.19,2
2023-11-03 12:43:00,265.0,3.1958,3.2,3.19,3.2,3.19,3
2023-11-03 12:49:00,286.0,3.2,3.2,3.2,3.2,3.2,4
2023-11-03 12:52:00,6497.0,3.2,3.2,3.2,3.2,3.2,17
2023-11-03 13:02:00,260.0,3.2062,3.2,3.21,3.21,3.2,3
2023-11-03 13:06:00,1400.0,3.21,3.21,3.21,3.21,3.21,1
2023-11-03 13:12:00,3900.0,3.2,3.2,3.2,3.2,3.2,6
2023-11-03 13:17:00,106.0,3.2097,3.21,3.21,3.21,3.21,2
2023-11-03 13:21:00,183.0,3.21,3.21,3.21,3.21,3.21,1
2023-11-03 13:23:00,500.0,3.2,3.2,3.2,3.2,3.2,1
2023-11-03 13:24:00,1000.0,3.2,3.2,3.2,3.2,3.2,2
2023-11-03 13:25:00,706.0,3.205,3.205,3.205,3.205,3.205,4
2023-11-03 13:29:00,100.0,3.21,3.21,3.21,3.21,3.21,1
2023-11-03 13:30:00,683010.0,3.2051,3.21,3.195,3.22,3.19,1031
2023-11-03 13:31:00,63240.0,3.1843,3.2,3.175,3.2,3.175,136
2023-11-03 13:32:00,61042.0,3.1785,3.175,3.18,3.18,3.17,125
2023-11-03 13:33:00,33585.0,3.181,3.18,3.19,3.19,3.18,51
2023-11-03 13:34:00,49526.0,3.1772,3.185,3.17,3.19,3.17,130
2023-11-03 13:35:00,51239.0,3.1793,3.175,3.1817,3.185,3.17,89
2023-11-03 13:36:00,14528.0,3.1803,3.18,3.19,3.19,3.18,41
2023-11-03 13:37:00,477808.0,3.1892,3.185,3.19,3.2,3.18,343
2023-11-03 13:38:00,86457.0,3.1895,3.19,3.185,3.195,3.185,118
2023-11-03 13:39:00,57712.0,3.1819,3.1899,3.18,3.19,3.175,133
2023-11-03 13:40:00,38354.0,3.1716,3.175,3.18,3.18,3.17,77
2023-11-03 13:41:00,21947.0,3.1708,3.17,3.175,3.175,3.17,58
2023-11-03 13:42:00,28681.0,3.1794,3.175,3.18,3.18,3.17,63
2023-11-03 13:43:00,9430.0,3.1862,3.18,3.19,3.19,3.18,38
2023-11-03 13:44:00,57495.0,3.1897,3.19,3.1979,3.1979,3.18,101
2023-11-03 13:45:00,121839.0,3.1944,3.19,3.195,3.2,3.19,79
2023-11-03 13:46:00,44601.0,3.1887,3.2,3.18,3.2,3.18,97
2023-11-03 13:47:00,118467.0,3.1833,3.18,3.1916,3.195,3.17,245
2023-11-03 13:48:00,41218.0,3.19,3.19,3.19,3.1961,3.19,87
2023-11-03 13:49:00,55257.0,3.1906,3.19,3.195,3.1999,3.18,88
2023-11-03 13:50:00,18243.0,3.1971,3.195,3.195,3.2,3.19,70
2023-11-03 13:51:00,41555.0,3.1944,3.195,3.19,3.2,3.19,216
2023-11-03 13:52:00,10128.0,3.1907,3.19,3.19,3.195,3.19,32
2023-11-03 13:53:00,15011.0,3.193,3.19,3.19,3.2,3.19,47
2023-11-03 13:54:00,121658.0,3.2,3.19,3.195,3.205,3.19,178
2023-11-03 13:55:00,23156.0,3.1918,3.19,3.195,3.195,3.19,48
2023-11-03 13:56:00,23344.0,3.193,3.19,3.195,3.2,3.19,68
2023-11-03 13:57:00,17401.0,3.1909,3.19,3.19,3.195,3.19,44
2023-11-03 13:58:00,12573.0,3.1935,3.19,3.195,3.2,3.19,62
2023-11-03 13:59:00,20328.0,3.1933,3.19,3.19,3.2,3.19,58
2023-11-03 14:00:00,248689.0,3.1996,3.195,3.19,3.2,3.19,163
2023-11-03 14:01:00,113093.0,3.1901,3.19,3.185,3.2,3.185,108
2023-11-03 14:02:00,39438.0,3.181,3.185,3.18,3.1885,3.18,95
2023-11-03 14:03:00,27998.0,3.1803,3.18,3.18,3.19,3.18,93
2023-11-03 14:04:00,11858.0,3.1872,3.1882,3.185,3.1882,3.18,25
2023-11-03 14:05:00,27245.0,3.1875,3.19,3.18,3.19,3.18,187
2023-11-03 14:06:00,8098.0,3.1823,3.185,3.18,3.1886,3.18,58
2023-11-03 14:07:00,36499.0,3.1806,3.18,3.18,3.185,3.18,135
2023-11-03 14:08:00,4158.0,3.1811,3.18,3.18,3.1899,3.18,20
2023-11-03 14:09:00,31824.0,3.1801,3.185,3.18,3.185,3.18,88
2023-11-03 14:10:00,8782.0,3.1822,3.18,3.19,3.19,3.18,24
2023-11-03 14:11:00,61679.0,3.1875,3.19,3.19,3.19,3.18,310
2023-11-03 14:12:00,71502.0,3.1919,3.1862,3.2,3.2,3.1862,138
2023-11-03 14:13:00,28051.0,3.1985,3.199,3.2,3.2,3.19,83
2023-11-03 14:14:00,34599.0,3.1978,3.2,3.195,3.2,3.19,125
2023-11-03 14:15:00,14766.0,3.1997,3.2,3.2,3.2,3.195,79
2023-11-03 14:16:00,25872.0,3.1968,3.195,3.195,3.2,3.19,59
2023-11-03 14:17:00,5915.0,3.1995,3.195,3.195,3.2,3.195,31
2023-11-03 14:18:00,29207.0,3.195,3.195,3.2,3.2,3.1917,49
2023-11-03 14:19:00,8785.0,3.1977,3.2,3.195,3.2,3.195,31
2023-11-03 14:20:00,251364.0,3.2004,3.2,3.1903,3.205,3.1903,183
2023-11-03 14:21:00,3794.0,3.1981,3.2,3.19,3.2,3.19,10
2023-11-03 14:22:00,1015.0,3.1979,3.1901,3.2,3.2,3.1901,8
2023-11-03 14:23:00,721.0,3.195,3.195,3.195,3.195,3.195,18
2023-11-03 14:24:00,5865.0,3.195,3.195,3.195,3.195,3.195,18
2023-11-03 14:25:00,5589.0,3.1933,3.1985,3.1915,3.2,3.1915,12
2023-11-03 14:26:00,80133.0,3.19,3.195,3.185,3.1983,3.185,96
2023-11-03 14:27:00,228.0,3.1818,3.18,3.18,3.18,3.18,8
2023-11-03 14:28:00,35372.0,3.1808,3.18,3.18,3.1879,3.18,63
2023-11-03 14:29:00,109913.0,3.1792,3.18,3.1781,3.18,3.175,148
2023-11-03 14:30:00,13795.0,3.1732,3.175,3.17,3.175,3.17,34
2023-11-03 14:31:00,7337.0,3.1735,3.175,3.175,3.18,3.17,16
2023-11-03 14:32:00,15060.0,3.1734,3.175,3.17,3.176,3.17,46
2023-11-03 14:33:00,17713.0,3.1722,3.175,3.17,3.18,3.17,29
2023-11-03 14:34:00,118924.0,3.1675,3.17,3.165,3.17,3.165,92
2023-11-03 14:35:00,238708.0,3.172,3.165,3.175,3.18,3.16,152
2023-11-03 14:36:00,20910.0,3.1764,3.1799,3.175,3.18,3.1701,99
2023-11-03 14:37:00,17483.0,3.1781,3.175,3.18,3.18,3.17,25
2023-11-03 14:38:00,39110.0,3.1799,3.175,3.1801,3.1801,3.1701,51
2023-11-03 14:39:00,277819.0,3.1743,3.18,3.165,3.185,3.165,291
2023-11-03 14:40:00,112661.0,3.161,3.165,3.155,3.17,3.155,147
2023-11-03 14:41:00,6320.0,3.1557,3.155,3.155,3.155,3.15,43
2023-11-03 14:42:00,10829.0,3.1549,3.155,3.155,3.1599,3.15,48
2023-11-03 14:43:00,435261.0,3.1498,3.15,3.15,3.155,3.14,523
2023-11-03 14:44:00,8764.0,3.1453,3.145,3.145,3.1483,3.1443,57
2023-11-03 14:45:00,48012.0,3.1432,3.145,3.145,3.145,3.14,82
2023-11-03 14:46:00,40177.0,3.1433,3.145,3.145,3.15,3.14,150
2023-11-03 14:47:00,34129.0,3.1434,3.145,3.145,3.15,3.14,89
2023-11-03 14:48:00,144536.0,3.1502,3.145,3.155,3.155,3.145,214
2023-11-03 14:49:00,13749.0,3.1554,3.155,3.155,3.16,3.155,50
2023-11-03 14:50:00,26884.0,3.1546,3.155,3.155,3.16,3.15,87
2023-11-03 14:51:00,37247.0,3.1536,3.1599,3.155,3.16,3.15,112
2023-11-03 14:52:00,16903.0,3.1549,3.155,3.155,3.155,3.15,56
2023-11-03 14:53:00,9256.0,3.1554,3.155,3.155,3.16,3.1522,43
2023-11-03 14:54:00,27518.0,3.1523,3.155,3.155,3.155,3.15,69
2023-11-03 14:55:00,111390.0,3.1605,3.155,3.17,3.17,3.155,150
2023-11-03 14:56:00,6921.0,3.1673,3.165,3.165,3.17,3.165,29
2023-11-03 14:57:00,38887.0,3.1658,3.17,3.17,3.17,3.16,67
2023-11-03 14:58:00,34842.0,3.166,3.165,3.17,3.17,3.165,64
2023-11-03 14:59:00,115267.0,3.1756,3.1699,3.1799,3.18,3.1699,146
2023-11-03 15:00:00,31810.0,3.1791,3.18,3.18,3.18,3.17,36
2023-11-03 15:01:00,28885.0,3.1782,3.18,3.18,3.18,3.172,35
2023-11-03 15:02:00,17520.0,3.1799,3.18,3.18,3.18,3.1787,32
2023-11-03 15:03:00,18760.0,3.1798,3.18,3.18,3.18,3.175,35
2023-11-03 15:04:00,10733.0,3.18,3.18,3.18,3.18,3.18,37
2023-11-03 15:05:00,65421.0,3.1816,3.18,3.19,3.19,3.175,134
2023-11-03 15:06:00,16704.0,3.189,3.19,3.19,3.19,3.185,36
2023-11-03 15:07:00,35568.0,3.186,3.19,3.19,3.19,3.18,47
2023-11-03 15:08:00,14279.0,3.1862,3.185,3.185,3.19,3.18,50
2023-11-03 15:09:00,510237.0,3.1669,3.18,3.16,3.185,3.16,542
2023-11-03 15:10:00,77949.0,3.162,3.165,3.165,3.165,3.16,132
2023-11-03 15:11:00,205880.0,3.1675,3.165,3.175,3.175,3.16,356
2023-11-03 15:12:00,217121.0,3.1707,3.175,3.165,3.175,3.165,280
2023-11-03 15:13:00,138148.0,3.1692,3.17,3.165,3.17,3.16,115
2023-11-03 15:14:00,96419.0,3.1702,3.17,3.165,3.175,3.165,86
2023-11-03 15:15:00,4767.0,3.166,3.165,3.165,3.17,3.165,26
2023-11-03 15:16:00,1604.0,3.1694,3.165,3.1698,3.1699,3.165,10
2023-11-03 15:17:00,1607448.0,3.165,3.17,3.17,3.17,3.1617,19
2023-11-03 15:18:00,7605.0,3.165,3.165,3.165,3.165,3.165,13
2023-11-03 15:19:00,2283.0,3.1656,3.165,3.165,3.17,3.165,18
2023-11-03 15:20:00,185478.0,3.1747,3.165,3.18,3.185,3.165,173
2023-11-03 15:21:00,37176.0,3.1794,3.185,3.17,3.185,3.17,68
2023-11-03 15:22:00,13818.0,3.1754,3.175,3.175,3.18,3.175,50
2023-11-03 15:23:00,2346.0,3.1795,3.175,3.18,3.18,3.175,13
2023-11-03 15:24:00,49178.0,3.1802,3.175,3.18,3.1875,3.175,64
2023-11-03 15:25:00,28209.0,3.1846,3.1811,3.19,3.19,3.18,37
2023-11-03 15:26:00,39064.0,3.1811,3.19,3.185,3.19,3.18,54
2023-11-03 15:27:00,3052.0,3.1861,3.185,3.19,3.19,3.184,11
2023-11-03 15:28:00,5177.0,3.1885,3.185,3.19,3.19,3.185,12
2023-11-03 15:29:00,7986.0,3.1885,3.185,3.19,3.19,3.185,16
2023-11-03 15:30:00,6201.0,3.1852,3.185,3.185,3.19,3.1821,23
2023-11-03 15:31:00,3243.0,3.1858,3.185,3.19,3.19,3.185,18
2023-11-03 15:32:00,1750.0,3.187,3.19,3.19,3.19,3.1822,17
2023-11-03 15:33:00,65615.0,3.1821,3.185,3.185,3.19,3.18,106
2023-11-03 15:34:00,18411.0,3.1843,3.18,3.185,3.19,3.18,36
2023-11-03 15:35:00,4188.0,3.1831,3.19,3.185,3.19,3.18,20
2023-11-03 15:36:00,16346.0,3.1801,3.185,3.18,3.185,3.18,43
2023-11-03 15:37:00,10236.0,3.1822,3.185,3.18,3.185,3.18,55
2023-11-03 15:38:00,88650.0,3.1781,3.185,3.175,3.19,3.17,136
2023-11-03 15:39:00,16089.0,3.1738,3.175,3.17,3.175,3.17,44
2023-11-03 15:40:00,11612.0,3.1755,3.175,3.175,3.18,3.175,17
2023-11-03 15:41:00,22465.0,3.1769,3.175,3.175,3.18,3.17,19
2023-11-03 15:42:00,10960.0,3.1742,3.175,3.17,3.18,3.17,19
2023-11-03 15:43:00,182895.0,3.1698,3.17,3.17,3.175,3.165,195
2023-11-03 15:44:00,228306.0,3.1697,3.17,3.16,3.17,3.16,184
2023-11-03 15:45:00,663.0,3.1653,3.165,3.165,3.165,3.16,4
2023-11-03 15:46:00,3691.0,3.165,3.165,3.165,3.165,3.165,5
2023-11-03 15:47:00,5260.0,3.1629,3.16,3.1628,3.165,3.16,11
2023-11-03 15:48:00,1677.0,3.165,3.164,3.165,3.17,3.164,5
2023-11-03 15:49:00,4155.0,3.1644,3.165,3.17,3.17,3.16,18
2023-11-03 15:50:00,7141.0,3.1638,3.165,3.16,3.165,3.16,29
2023-11-03 15:51:00,1818.0,3.1634,3.17,3.165,3.17,3.1602,14
2023-11-03 15:52:00,3400.0,3.1657,3.165,3.1605,3.17,3.1605,14
2023-11-03 15:53:00,272033.0,3.1696,3.165,3.1699,3.17,3.165,203
2023-11-03 15:54:00,133254.0,3.1693,3.165,3.1691,3.17,3.16,144
2023-11-03 15:55:00,18119.0,3.1662,3.17,3.17,3.17,3.16,27
2023-11-03 15:56:00,13364.0,3.17,3.17,3.17,3.17,3.17,23
2023-11-03 15:57:00,62704.0,3.1719,3.17,3.1719,3.18,3.1697,102
2023-11-03 15:58:00,3252.0,3.1759,3.175,3.175,3.18,3.175,18
2023-11-03 15:59:00,1645.0,3.1755,3.1722,3.18,3.18,3.1722,20
2023-11-03 16:00:00,2023.0,3.1753,3.18,3.175,3.18,3.175,15
2023-11-03 16:01:00,5756.0,3.1756,3.175,3.175,3.18,3.175,32
2023-11-03 16:02:00,6428.0,3.1711,3.17,3.17,3.175,3.17,33
2023-11-03 16:03:00,1183.0,3.1749,3.175,3.175,3.175,3.175,13
2023-11-03 16:04:00,5784.0,3.1779,3.175,3.18,3.18,3.175,14
2023-11-03 16:05:00,8512.0,3.1761,3.175,3.175,3.18,3.175,30
2023-11-03 16:06:00,937.0,3.1763,3.175,3.18,3.18,3.175,11
2023-11-03 16:07:00,15320.0,3.1712,3.175,3.175,3.18,3.17,58
2023-11-03 16:08:00,7407.0,3.1731,3.175,3.175,3.175,3.17,47
2023-11-03 16:09:00,4282.0,3.172,3.175,3.175,3.18,3.17,22
2023-11-03 16:10:00,701.0,3.175,3.175,3.175,3.175,3.175,8
2023-11-03 16:11:00,912.0,3.1744,3.175,3.175,3.175,3.17,11
2023-11-03 16:12:00,11372.0,3.1735,3.175,3.175,3.175,3.17,52
2023-11-03 16:13:00,4026.0,3.1714,3.175,3.175,3.175,3.17,19
2023-11-03 16:14:00,4736.0,3.1712,3.175,3.17,3.175,3.17,21
2023-11-03 16:15:00,4010.0,3.1717,3.18,3.175,3.18,3.17,21
2023-11-03 16:16:00,13938.0,3.1738,3.18,3.175,3.18,3.17,63
2023-11-03 16:17:00,3926.0,3.1719,3.18,3.175,3.18,3.17,18
2023-11-03 16:18:00,4579.0,3.1722,3.175,3.18,3.18,3.17,24
2023-11-03 16:19:00,1886.0,3.1779,3.175,3.175,3.18,3.175,14
2023-11-03 16:20:00,42919.0,3.1747,3.175,3.18,3.18,3.17,26
2023-11-03 16:21:00,1680.0,3.1766,3.18,3.175,3.18,3.175,18
2023-11-03 16:22:00,4308.0,3.1716,3.175,3.175,3.18,3.17,14
2023-11-03 16:23:00,4244.0,3.1712,3.175,3.17,3.18,3.17,19
2023-11-03 16:24:00,5900.0,3.1756,3.18,3.18,3.18,3.175,22
2023-11-03 16:25:00,5903.0,3.1725,3.175,3.175,3.18,3.17,24
2023-11-03 16:26:00,1561.0,3.1753,3.175,3.1779,3.18,3.1703,11
2023-11-03 16:27:00,4400.0,3.1717,3.175,3.18,3.18,3.17,12
2023-11-03 16:28:00,12820.0,3.174,3.18,3.18,3.18,3.17,57
2023-11-03 16:29:00,5550.0,3.1753,3.18,3.175,3.18,3.17,23
2023-11-03 16:30:00,4235.0,3.171,3.175,3.175,3.18,3.17,24
2023-11-03 16:31:00,4254.0,3.171,3.175,3.175,3.175,3.17,24
2023-11-03 16:32:00,6104.0,3.1749,3.18,3.18,3.18,3.17,40
2023-11-03 16:33:00,8071.0,3.1731,3.175,3.175,3.18,3.17,29
2023-11-03 16:34:00,6854.0,3.1727,3.175,3.17,3.18,3.17,26
2023-11-03 16:35:00,3817.0,3.1771,3.175,3.175,3.18,3.17,13
2023-11-03 16:36:00,14463.0,3.1742,3.175,3.175,3.18,3.17,33
2023-11-03 16:37:00,2878.0,3.1772,3.1781,3.175,3.18,3.17,16
2023-11-03 16:38:00,8901.0,3.1707,3.17,3.175,3.18,3.17,34
2023-11-03 16:39:00,11915.0,3.1708,3.17,3.175,3.18,3.17,34
2023-11-03 16:40:00,9806.0,3.1727,3.175,3.175,3.18,3.17,35
2023-11-03 16:41:00,1201.0,3.1777,3.175,3.18,3.18,3.175,9
2023-11-03 16:42:00,10842.0,3.1763,3.1797,3.18,3.18,3.17,17
2023-11-03 16:43:00,36098.0,3.1745,3.18,3.175,3.18,3.17,54
2023-11-03 16:44:00,1333.0,3.176,3.175,3.18,3.18,3.17,16
2023-11-03 16:45:00,1301.0,3.1766,3.178,3.175,3.18,3.175,9
2023-11-03 16:46:00,5497.0,3.1712,3.18,3.18,3.18,3.17,23
2023-11-03 16:47:00,4357.0,3.1751,3.18,3.175,3.18,3.17,25
2023-11-03 16:48:00,7237.0,3.1719,3.17,3.175,3.18,3.17,35
2023-11-03 16:49:00,1300.0,3.1742,3.175,3.175,3.175,3.17,9
2023-11-03 16:50:00,5078.0,3.1711,3.18,3.18,3.18,3.17,25
2023-11-03 16:51:00,258329.0,3.1685,3.175,3.165,3.18,3.16,366
2023-11-03 16:52:00,22635.0,3.1603,3.16,3.16,3.165,3.16,35
2023-11-03 16:54:00,229494.0,3.1583,3.165,3.155,3.165,3.15,252
2023-11-03 16:55:00,13055.0,3.1541,3.155,3.1518,3.159,3.1518,36
2023-11-03 16:56:00,9035.0,3.1529,3.155,3.155,3.155,3.15,16
2023-11-03 16:57:00,143473.0,3.1616,3.155,3.17,3.17,3.155,94
2023-11-03 16:58:00,320738.0,3.1704,3.17,3.1622,3.1775,3.1622,223
2023-11-03 16:59:00,19056.0,3.1657,3.165,3.165,3.17,3.16,15
2023-11-03 17:00:00,322.0,3.165,3.165,3.165,3.165,3.165,4
2023-11-03 17:01:00,1198.0,3.1675,3.165,3.165,3.17,3.165,10
2023-11-03 17:02:00,171188.0,3.17,3.1622,3.175,3.1775,3.1622,153
2023-11-03 17:04:00,2131.0,3.1756,3.18,3.18,3.18,3.175,11
2023-11-03 17:05:00,7201.0,3.1753,3.175,3.175,3.18,3.175,6
2023-11-03 17:06:00,1823.0,3.1743,3.175,3.175,3.175,3.175,9
2023-11-03 17:07:00,6862.0,3.1751,3.18,3.18,3.18,3.1737,13
2023-11-03 17:08:00,74176.0,3.1757,3.175,3.18,3.18,3.175,41
2023-11-03 17:09:00,6726.0,3.1754,3.175,3.18,3.18,3.175,9
2023-11-03 17:10:00,3207.0,3.1763,3.176,3.18,3.18,3.175,7
2023-11-03 17:11:00,5851.0,3.1752,3.175,3.175,3.18,3.175,22
2023-11-03 17:12:00,45940.0,3.1704,3.18,3.1701,3.18,3.17,27
2023-11-03 17:13:00,51977.0,3.1699,3.17,3.165,3.17,3.165,92
2023-11-03 17:14:00,3804.0,3.165,3.165,3.165,3.165,3.165,23
2023-11-03 17:15:00,21053.0,3.164,3.165,3.17,3.17,3.16,16
2023-11-03 17:16:00,2794.0,3.1604,3.165,3.16,3.165,3.16,9
2023-11-03 17:17:00,39346.0,3.1681,3.17,3.165,3.17,3.165,60
2023-11-03 17:18:00,6866.0,3.165,3.165,3.165,3.165,3.165,42
2023-11-03 17:19:00,6661.0,3.1636,3.165,3.165,3.17,3.16,21
2023-11-03 17:20:00,552.0,3.1668,3.165,3.17,3.17,3.165,5
2023-11-03 17:21:00,7053.0,3.1634,3.16,3.165,3.17,3.16,21
2023-11-03 17:22:00,12724.0,3.164,3.165,3.17,3.17,3.16,21
2023-11-03 17:23:00,15432.0,3.1609,3.165,3.16,3.17,3.16,51
2023-11-03 17:24:00,5286.0,3.1605,3.1614,3.165,3.165,3.16,8
2023-11-03 17:25:00,9909.0,3.1619,3.16,3.165,3.165,3.16,41
2023-11-03 17:26:00,4429.0,3.1614,3.165,3.16,3.165,3.16,26
2023-11-03 17:27:00,920.0,3.1635,3.165,3.165,3.165,3.165,5
2023-11-03 17:28:00,3653.0,3.1605,3.165,3.165,3.165,3.16,12
2023-11-03 17:29:00,14084.0,3.1641,3.1601,3.16,3.17,3.16,46
2023-11-03 17:30:00,5075.0,3.165,3.17,3.17,3.17,3.16,17
2023-11-03 17:31:00,5389.0,3.1643,3.17,3.165,3.17,3.16,12
2023-11-03 17:32:00,4042.0,3.1612,3.165,3.17,3.17,3.16,18
2023-11-03 17:33:00,40603.0,3.1656,3.165,3.16,3.17,3.16,72
2023-11-03 17:34:00,3752.0,3.1609,3.165,3.17,3.17,3.16,9
2023-11-03 17:35:00,7813.0,3.1627,3.165,3.16,3.17,3.16,20
2023-11-03 17:36:00,23125.0,3.1657,3.17,3.17,3.17,3.16,31
2023-11-03 17:37:00,14525.0,3.1632,3.16,3.165,3.17,3.16,37
2023-11-03 17:38:00,12292.0,3.1646,3.17,3.165,3.17,3.16,30
2023-11-03 17:39:00,9686.0,3.1624,3.17,3.165,3.17,3.16,26
2023-11-03 17:40:00,15691.0,3.164,3.165,3.165,3.17,3.16,49
2023-11-03 17:41:00,4120.0,3.166,3.17,3.17,3.17,3.165,21
2023-11-03 17:42:00,4430.0,3.1619,3.165,3.17,3.17,3.16,14
2023-11-03 17:43:00,1827.0,3.1671,3.165,3.17,3.17,3.165,12
2023-11-03 17:44:00,6717.0,3.1663,3.165,3.17,3.17,3.165,24
2023-11-03 17:45:00,10024.0,3.1637,3.16,3.165,3.17,3.16,30
2023-11-03 17:46:00,4872.0,3.1613,3.17,3.16,3.17,3.16,13
2023-11-03 17:47:00,7434.0,3.1666,3.17,3.17,3.17,3.165,24
2023-11-03 17:48:00,7201.0,3.1626,3.165,3.17,3.17,3.16,14
2023-11-03 17:49:00,19024.0,3.1658,3.17,3.165,3.17,3.165,48
2023-11-03 17:50:00,11047.0,3.1639,3.165,3.16,3.17,3.16,34
2023-11-03 17:51:00,3073.0,3.1658,3.165,3.17,3.17,3.165,16
2023-11-03 17:52:00,17666.0,3.1627,3.165,3.17,3.17,3.16,33
2023-11-03 17:53:00,3556.0,3.1661,3.17,3.165,3.17,3.165,16
2023-11-03 17:54:00,21407.0,3.1647,3.165,3.165,3.17,3.16,53
2023-11-03 17:55:00,8782.0,3.1662,3.17,3.165,3.17,3.165,26
2023-11-03 17:56:00,8673.0,3.1631,3.165,3.16,3.17,3.16,40
2023-11-03 17:57:00,9363.0,3.1655,3.1631,3.17,3.17,3.1631,35
2023-11-03 17:58:00,20877.0,3.1646,3.165,3.165,3.17,3.16,57
2023-11-03 17:59:00,8272.0,3.1654,3.17,3.165,3.17,3.165,34
2023-11-03 18:00:00,9125.0,3.1636,3.17,3.165,3.17,3.16,33
2023-11-03 18:01:00,44783.0,3.1654,3.165,3.17,3.17,3.165,52
2023-11-03 18:02:00,9067.0,3.1638,3.165,3.165,3.17,3.16,45
2023-11-03 18:03:00,4721.0,3.1652,3.17,3.165,3.17,3.16,29
2023-11-03 18:04:00,24921.0,3.1639,3.165,3.16,3.17,3.16,79
2023-11-03 18:05:00,5690.0,3.1651,3.165,3.16,3.17,3.16,51
2023-11-03 18:06:00,3927.0,3.1656,3.16,3.165,3.17,3.16,21
2023-11-03 18:07:00,71058.0,3.1669,3.165,3.165,3.17,3.16,91
2023-11-03 18:08:00,8815.0,3.1627,3.16,3.17,3.17,3.16,16
2023-11-03 18:09:00,4460.0,3.1653,3.17,3.17,3.17,3.16,24
2023-11-03 18:10:00,16706.0,3.1623,3.16,3.165,3.17,3.16,42
2023-11-03 18:11:00,9386.0,3.1654,3.165,3.165,3.17,3.16,38
2023-11-03 18:12:00,8439.0,3.1631,3.16,3.165,3.17,3.16,27
2023-11-03 18:13:00,1825.0,3.167,3.17,3.165,3.17,3.165,18
2023-11-03 18:14:00,4724.0,3.1657,3.17,3.165,3.17,3.165,19
2023-11-03 18:15:00,13645.0,3.1635,3.17,3.165,3.17,3.16,33
2023-11-03 18:16:00,1563.0,3.1651,3.17,3.16,3.17,3.16,17
2023-11-03 18:17:00,35137.0,3.1648,3.17,3.17,3.17,3.16,47
2023-11-03 18:18:00,2959.0,3.1657,3.17,3.17,3.17,3.16,16
2023-11-03 18:19:00,18277.0,3.1643,3.165,3.17,3.17,3.16,80
2023-11-03 18:20:00,2579.0,3.1653,3.165,3.17,3.17,3.165,30
2023-11-03 18:21:00,10111.0,3.1636,3.17,3.17,3.17,3.16,34
2023-11-03 18:22:00,7457.0,3.1655,3.17,3.165,3.17,3.165,26
2023-11-03 18:23:00,19802.0,3.1644,3.165,3.165,3.17,3.16,28
2023-11-03 18:24:00,4261.0,3.1655,3.165,3.17,3.17,3.165,20
2023-11-03 18:25:00,8321.0,3.1658,3.165,3.165,3.17,3.165,35
2023-11-03 18:26:00,11942.0,3.1635,3.17,3.17,3.17,3.16,25
2023-11-03 18:27:00,5673.0,3.1667,3.17,3.165,3.17,3.165,18
2023-11-03 18:28:00,15444.0,3.1636,3.17,3.165,3.17,3.16,41
2023-11-03 18:29:00,5532.0,3.165,3.165,3.165,3.165,3.165,17
2023-11-03 18:30:00,11486.0,3.165,3.165,3.16,3.17,3.16,41
2023-11-03 18:31:00,26235.0,3.1644,3.16,3.165,3.17,3.16,57
2023-11-03 18:32:00,7434.0,3.1654,3.165,3.17,3.17,3.165,37
2023-11-03 18:33:00,8141.0,3.1625,3.165,3.17,3.17,3.16,35
2023-11-03 18:34:00,7166.0,3.1663,3.165,3.165,3.17,3.165,42
2023-11-03 18:35:00,19205.0,3.164,3.165,3.17,3.17,3.16,32
2023-11-03 18:36:00,6306.0,3.165,3.165,3.17,3.17,3.16,30
2023-11-03 18:37:00,11020.0,3.1647,3.165,3.16,3.17,3.16,42
2023-11-03 18:38:00,15248.0,3.1625,3.17,3.165,3.17,3.16,44
2023-11-03 18:39:00,4051.0,3.1659,3.165,3.165,3.17,3.16,29
2023-11-03 18:40:00,13652.0,3.1633,3.165,3.165,3.17,3.16,48
2023-11-03 18:41:00,8017.0,3.1649,3.165,3.16,3.17,3.16,31
2023-11-03 18:42:00,14674.0,3.1655,3.16,3.165,3.17,3.16,45
2023-11-03 18:43:00,30717.0,3.1641,3.165,3.17,3.17,3.16,54
2023-11-03 18:44:00,53225.0,3.1658,3.165,3.165,3.17,3.165,63
2023-11-03 18:45:00,15366.0,3.164,3.165,3.17,3.17,3.16,38
2023-11-03 18:46:00,6877.0,3.1653,3.165,3.165,3.1698,3.16,26
2023-11-03 18:47:00,608.0,3.1642,3.165,3.165,3.165,3.165,11
2023-11-03 18:48:00,24201.0,3.1618,3.165,3.16,3.165,3.16,110
2023-11-03 18:49:00,5037.0,3.1637,3.16,3.16,3.17,3.16,43
2023-11-03 18:50:00,12658.0,3.1628,3.165,3.165,3.17,3.16,51
2023-11-03 18:51:00,18942.0,3.1655,3.165,3.165,3.17,3.165,56
2023-11-03 18:52:00,13189.0,3.1632,3.165,3.165,3.17,3.16,34
2023-11-03 18:53:00,23931.0,3.1633,3.165,3.16,3.17,3.16,48
2023-11-03 18:54:00,9199.0,3.1636,3.16,3.165,3.165,3.16,51
2023-11-03 18:55:00,17917.0,3.162,3.165,3.165,3.17,3.16,64
2023-11-03 18:56:00,13829.0,3.1617,3.165,3.16,3.17,3.16,59
2023-11-03 18:57:00,12639.0,3.1624,3.16,3.16,3.17,3.16,59
2023-11-03 18:58:00,20904.0,3.162,3.16,3.165,3.17,3.16,56
2023-11-03 18:59:00,7253.0,3.1631,3.165,3.16,3.165,3.16,56
2023-11-03 19:00:00,3855.0,3.1617,3.16,3.165,3.17,3.16,34
2023-11-03 19:01:00,33205.0,3.164,3.165,3.165,3.17,3.16,81
2023-11-03 19:02:00,29932.0,3.1641,3.165,3.165,3.17,3.16,77
2023-11-03 19:03:00,3313.0,3.165,3.165,3.165,3.165,3.165,16
2023-11-03 19:04:00,20913.0,3.1636,3.16,3.165,3.17,3.16,51
2023-11-03 19:05:00,113601.0,3.1656,3.168,3.165,3.17,3.16,235
2023-11-03 19:06:00,29493.0,3.1655,3.17,3.165,3.17,3.165,78
2023-11-03 19:07:00,5191.0,3.166,3.1654,3.165,3.17,3.16,34
2023-11-03 19:08:00,28353.0,3.1632,3.16,3.165,3.17,3.16,78
2023-11-03 19:09:00,18637.0,3.1654,3.165,3.17,3.17,3.16,94
2023-11-03 19:10:00,19992.0,3.163,3.165,3.165,3.17,3.16,87
2023-11-03 19:11:00,5216.0,3.1641,3.165,3.16,3.1675,3.16,40
2023-11-03 19:12:00,15321.0,3.1611,3.165,3.16,3.165,3.16,56
2023-11-03 19:13:00,47033.0,3.1614,3.16,3.165,3.165,3.16,101
2023-11-03 19:14:00,35057.0,3.1647,3.165,3.16,3.17,3.16,85
2023-11-03 19:15:00,15625.0,3.1623,3.165,3.165,3.165,3.16,70
2023-11-03 19:16:00,47650.0,3.1641,3.16,3.165,3.17,3.16,147
2023-11-03 19:17:00,11495.0,3.1647,3.165,3.16,3.17,3.16,76
2023-11-03 19:18:00,33841.0,3.1613,3.16,3.165,3.165,3.16,116
2023-11-03 19:19:00,13508.0,3.1648,3.165,3.16,3.1695,3.16,86
2023-11-03 19:20:00,35930.0,3.1639,3.165,3.16,3.165,3.16,88
2023-11-03 19:21:00,55346.0,3.165,3.16,3.165,3.17,3.16,131
2023-11-03 19:22:00,32886.0,3.1647,3.165,3.165,3.17,3.16,91
2023-11-03 19:23:00,33122.0,3.1655,3.165,3.165,3.17,3.165,79
2023-11-03 19:24:00,24401.0,3.1644,3.165,3.165,3.17,3.16,91
2023-11-03 19:25:00,18113.0,3.1642,3.165,3.165,3.17,3.16,75
2023-11-03 19:26:00,35508.0,3.1644,3.165,3.165,3.17,3.16,87
2023-11-03 19:27:00,28809.0,3.1654,3.165,3.165,3.17,3.165,93
2023-11-03 19:28:00,15598.0,3.1638,3.17,3.17,3.17,3.16,72
2023-11-03 19:29:00,43233.0,3.1643,3.17,3.165,3.17,3.16,96
2023-11-03 19:30:00,12061.0,3.165,3.165,3.1675,3.17,3.16,51
2023-11-03 19:31:00,8062.0,3.1638,3.165,3.165,3.165,3.16,59
2023-11-03 19:32:00,27400.0,3.161,3.165,3.165,3.165,3.16,92
2023-11-03 19:33:00,31311.0,3.1634,3.16,3.165,3.165,3.16,100
2023-11-03 19:34:00,27279.0,3.1623,3.165,3.165,3.165,3.16,91
2023-11-03 19:35:00,37831.0,3.164,3.165,3.16,3.165,3.16,113
2023-11-03 19:36:00,33752.0,3.1635,3.16,3.165,3.17,3.16,142
2023-11-03 19:37:00,41336.0,3.1653,3.165,3.17,3.17,3.165,107
2023-11-03 19:38:00,84325.0,3.1621,3.165,3.165,3.17,3.16,139
2023-11-03 19:39:00,68847.0,3.1654,3.17,3.17,3.17,3.16,103
2023-11-03 19:40:00,96751.0,3.1671,3.165,3.17,3.17,3.16,172
2023-11-03 19:41:00,41777.0,3.1642,3.165,3.165,3.17,3.16,142
2023-11-03 19:42:00,22979.0,3.1647,3.165,3.17,3.17,3.16,112
2023-11-03 19:43:00,63817.0,3.1647,3.17,3.165,3.17,3.16,170
2023-11-03 19:44:00,25909.0,3.1642,3.165,3.165,3.17,3.16,103
2023-11-03 19:45:00,62196.0,3.1648,3.165,3.165,3.17,3.16,151
2023-11-03 19:46:00,60126.0,3.1647,3.16,3.165,3.17,3.16,152
2023-11-03 19:47:00,75318.0,3.1642,3.16,3.16,3.17,3.16,213
2023-11-03 19:48:00,306088.0,3.1609,3.16,3.163,3.17,3.16,420
2023-11-03 19:49:00,1062964.0,3.161,3.16,3.165,3.17,3.155,720
2023-11-03 19:50:00,57737.0,3.1629,3.165,3.16,3.17,3.16,186
2023-11-03 19:51:00,351423.0,3.1584,3.165,3.155,3.165,3.15,371
2023-11-03 19:52:00,104501.0,3.155,3.155,3.155,3.16,3.15,218
2023-11-03 19:53:00,48479.0,3.1541,3.155,3.16,3.16,3.15,143
2023-11-03 19:54:00,1209533.0,3.1595,3.155,3.155,3.165,3.15,710
2023-11-03 19:55:00,38231.0,3.1536,3.155,3.155,3.1599,3.15,122
2023-11-03 19:56:00,85018.0,3.1521,3.155,3.15,3.1586,3.15,131
2023-11-03 19:57:00,57003.0,3.155,3.155,3.155,3.16,3.15,145
2023-11-03 19:58:00,105404.0,3.1529,3.155,3.155,3.16,3.15,169
2023-11-03 19:59:00,491124.0,3.1508,3.15,3.145,3.16,3.14,571
2023-11-03 20:00:00,10180.0,3.1593,3.15,3.16,3.16,3.15,8
2023-11-03 20:02:00,3000.0,3.15,3.15,3.15,3.15,3.15,6
2023-11-03 20:03:00,2000.0,3.15,3.15,3.15,3.15,3.15,3
2023-11-03 20:43:00,310.0,3.16,3.16,3.16,3.16,3.16,1
2023-11-03 21:07:00,100.0,3.16,3.16,3.16,3.16,3.16,1
2023-11-03 21:42:00,100.0,3.16,3.16,3.16,3.16,3.16,1
2023-11-03 21:45:00,100.0,3.16,3.16,3.16,3.16,3.16,1
2023-11-03 22:03:00,1000.0,3.15,3.15,3.15,3.15,3.15,1
2023-11-03 23:44:00,500.0,3.17,3.17,3.17,3.17,3.17,1
2023-11-06 09:02:00,2835.0,3.2399,3.24,3.24,3.24,3.24,6
2023-11-06 09:03:00,247.0,3.24,3.24,3.24,3.24,3.24,11
2023-11-06 09:06:00,848.0,3.24,3.24,3.24,3.24,3.24,3
2023-11-06 09:08:00,1625.0,3.2304,3.23,3.23,3.23,3.23,6
2023-11-06 09:09:00,4000.0,3.23,3.23,3.23,3.23,3.23,8
2023-11-06 09:12:00,2500.0,3.23,3.23,3.23,3.23,3.23,4
2023-11-06 09:24:00,1500.0,3.23,3.23,3.23,3.23,3.23,3
2023-11-06 09:27:00,200.0,3.23,3.23,3.23,3.23,3.23,1
2023-11-06 09:28:00,100.0,3.23,3.23,3.23,3.23,3.23,1
2023-11-06 09:31:00,1255.0,3.232,3.23,3.24,3.24,3.23,5
2023-11-06 09:33:00,240.0,3.23,3.23,3.23,3.23,3.23,1
2023-11-06 09:36:00,100.0,3.24,3.24,3.24,3.24,3.24,1
2023-11-06 09:37:00,2509.0,3.23,3.23,3.23,3.23,3.23,6
2023-11-06 09:41:00,3000.0,3.22,3.22,3.22,3.22,3.22,6
2023-11-06 09:48:00,4299.0,3.22,3.22,3.22,3.22,3.22,7
2023-11-06 10:03:00,2000.0,3.22,3.22,3.22,3.22,3.22,6
2023-11-06 10:04:00,1503.0,3.22,3.22,3.22,3.22,3.22,6
2023-11-06 10:07:00,11079.0,3.2288,3.22,3.23,3.23,3.22,25
2023-11-06 10:08:00,2000.0,3.22,3.22,3.22,3.22,3.22,3
2023-11-06 10:09:00,3000.0,3.23,3.23,3.23,3.23,3.23,5
2023-11-06 10:10:00,1169.0,3.23,3.23,3.23,3.23,3.23,3
2023-11-06 10:18:00,250.0,3.23,3.23,3.23,3.23,3.23,3
2023-11-06 10:20:00,2000.0,3.23,3.23,3.23,3.23,3.23,3
2023-11-06 10:22:00,3000.0,3.23,3.23,3.23,3.23,3.23,6
2023-11-06 10:24:00,530.0,3.2294,3.23,3.23,3.23,3.23,3
2023-11-06 10:42:00,580.0,3.23,3.23,3.23,3.23,3.23,3
2023-11-06 10:55:00,3964.0,3.2374,3.23,3.24,3.24,3.23,18
2023-11-06 11:03:00,100.0,3.24,3.24,3.24,3.24,3.24,1
2023-11-06 11:14:00,300.0,3.24,3.24,3.24,3.24,3.24,1
2023-11-06 11:16:00,266.0,3.24,3.24,3.24,3.24,3.24,2
2023-11-06 11:20:00,1160.0,3.2386,3.23,3.24,3.24,3.23,4
2023-11-06 11:27:00,702.0,3.23,3.23,3.23,3.23,3.23,5
2023-11-06 11:28:00,590.0,3.23,3.23,3.23,3.23,3.23,3
2023-11-06 11:29:00,3600.0,3.24,3.24,3.24,3.24,3.24,3
2023-11-06 11:52:00,10000.0,3.2499,3.25,3.25,3.25,3.24,8
2023-11-06 12:02:00,3000.0,3.24,3.24,3.24,3.24,3.24,7
2023-11-06 12:06:00,100.0,3.24,3.24,3.24,3.24,3.24,1
2023-11-06 12:07:00,100.0,3.24,3.24,3.24,3.24,3.24,1
2023-11-06 12:12:00,1000.0,3.24,3.24,3.24,3.24,3.24,2
2023-11-06 12:24:00,1000.0,3.24,3.24,3.24,3.24,3.24,2
2023-11-06 12:29:00,110.0,3.24,3.24,3.24,3.24,3.24,1
2023-11-06 12:32:00,210.0,3.24,3.24,3.24,3.24,3.24,2
2023-11-06 12:37:00,2000.0,3.24,3.24,3.24,3.24,3.24,7
2023-11-06 12:40:00,701.0,3.24,3.24,3.24,3.24,3.24,5
2023-11-06 12:41:00,2505.0,3.248,3.24,3.25,3.25,3.24,5
2023-11-06 12:42:00,23440.0,3.23,3.23,3.23,3.23,3.23,52
2023-11-06 12:47:00,1500.0,3.23,3.23,3.23,3.23,3.23,2
2023-11-06 12:52:00,200.0,3.22,3.22,3.22,3.22,3.22,2
2023-11-06 13:00:00,5377.0,3.2493,3.2403,3.2499,3.2499,3.2403,11
2023-11-06 13:01:00,4176.0,3.2326,3.2299,3.24,3.24,3.2299,14
2023-11-06 13:03:00,981.0,3.2306,3.23,3.23,3.23,3.23,10
2023-11-06 13:04:00,1753.0,3.2399,3.239,3.24,3.24,3.239,4
2023-11-06 13:05:00,8300.0,3.22,3.22,3.22,3.22,3.22,8
2023-11-06 13:09:00,3998.0,3.22,3.22,3.22,3.22,3.22,11
2023-11-06 13:24:00,800.0,3.21,3.21,3.21,3.21,3.21,2
2023-11-06 13:26:00,1000.0,3.21,3.21,3.21,3.21,3.21,4
2023-11-06 13:30:00,313.0,3.21,3.21,3.21,3.21,3.21,3
2023-11-06 13:35:00,1000.0,3.2277,3.22,3.23,3.23,3.22,4
2023-11-06 13:39:00,2000.0,3.22,3.22,3.22,3.22,3.22,1
2023-11-06 13:40:00,1500.0,3.22,3.22,3.22,3.22,3.22,1
2023-11-06 13:45:00,222.0,3.22,3.22,3.22,3.22,3.22,2
2023-11-06 13:48:00,3926.0,3.23,3.23,3.23,3.23,3.23,7
2023-11-06 13:52:00,100.0,3.22,3.22,3.22,3.22,3.22,1
2023-11-06 13:54:00,800.0,3.22,3.22,3.22,3.22,3.22,2
2023-11-06 13:56:00,104.0,3.23,3.23,3.23,3.23,3.23,2
2023-11-06 13:58:00,200.0,3.23,3.23,3.23,3.23,3.23,1
2023-11-06 14:03:00,4560.0,3.23,3.23,3.23,3.23,3.23,1
2023-11-06 14:06:00,629.0,3.23,3.23,3.23,3.23,3.23,3
2023-11-06 14:07:00,400.0,3.23,3.23,3.23,3.23,3.23,1
2023-11-06 14:08:00,201.0,3.23,3.23,3.23,3.23,3.23,2
2023-11-06 14:12:00,275.0,3.229,3.23,3.23,3.23,3.23,6
2023-11-06 14:13:00,190.0,3.23,3.23,3.23,3.23,3.23,5
2023-11-06 14:14:00,510.0,3.23,3.23,3.23,3.23,3.23,2
2023-11-06 14:22:00,776.0,3.23,3.23,3.23,3.23,3.23,1
2023-11-06 14:23:00,4900.0,3.23,3.23,3.23,3.23,3.23,1
2023-11-06 14:25:00,12726.0,3.2317,3.22,3.24,3.24,3.22,27
2023-11-06 14:30:00,354816.0,3.236,3.24,3.245,3.245,3.21,470
2023-11-06 14:31:00,389694.0,3.2395,3.249,3.23,3.249,3.23,255
2023-11-06 14:32:00,42033.0,3.2263,3.23,3.22,3.23,3.22,117
2023-11-06 14:33:00,13694.0,3.2252,3.22,3.225,3.23,3.22,48
2023-11-06 14:34:00,51919.0,3.2188,3.22,3.2101,3.22,3.2101,81
2023-11-06 14:35:00,61893.0,3.2175,3.215,3.21,3.22,3.21,56
2023-11-06 14:36:00,64701.0,3.2067,3.21,3.2014,3.215,3.2,171
2023-11-06 14:37:00,50031.0,3.2068,3.205,3.2,3.21,3.2,97
2023-11-06 14:38:00,103895.0,3.21,3.205,3.21,3.215,3.205,199
2023-11-06 14:39:00,126650.0,3.2086,3.21,3.2,3.21,3.2,153
2023-11-06 14:40:00,68223.0,3.201,3.205,3.2,3.21,3.2,69
2023-11-06 14:41:00,23458.0,3.2014,3.2,3.2,3.2086,3.2,63
2023-11-06 14:42:00,174764.0,3.2045,3.2,3.2,3.205,3.2,43
2023-11-06 14:43:00,133602.0,3.196,3.2,3.18,3.2013,3.18,166
2023-11-06 14:44:00,112147.0,3.1758,3.19,3.17,3.19,3.17,108
2023-11-06 14:45:00,209140.0,3.1817,3.1788,3.185,3.19,3.175,359
2023-11-06 14:46:00,100907.0,3.1853,3.185,3.185,3.19,3.18,133
2023-11-06 14:47:00,63430.0,3.1892,3.185,3.19,3.19,3.18,95
2023-11-06 14:48:00,324099.0,3.1759,3.19,3.175,3.19,3.17,285
2023-11-06 14:49:00,17249.0,3.1777,3.175,3.1782,3.18,3.175,95
2023-11-06 14:50:00,152379.0,3.1772,3.1798,3.175,3.18,3.17,137
2023-11-06 14:51:00,89578.0,3.1766,3.175,3.175,3.18,3.17,147
2023-11-06 14:52:00,56392.0,3.1765,3.175,3.175,3.18,3.175,126
2023-11-06 14:53:00,40021.0,3.1763,3.175,3.175,3.18,3.1722,59
2023-11-06 14:54:00,26479.0,3.1775,3.175,3.18,3.18,3.1713,68
2023-11-06 14:55:00,199048.0,3.1685,3.175,3.16,3.18,3.16,353
2023-11-06 14:56:00,155811.0,3.1606,3.16,3.165,3.17,3.155,215
2023-11-06 14:57:00,98385.0,3.1714,3.165,3.175,3.18,3.165,130
2023-11-06 14:58:00,15846.0,3.1754,3.179,3.18,3.18,3.175,38
2023-11-06 14:59:00,14536.0,3.1755,3.1719,3.175,3.18,3.17,29
2023-11-06 15:00:00,68900.0,3.1768,3.175,3.175,3.18,3.172,102
2023-11-06 15:01:00,95812.0,3.1818,3.18,3.185,3.19,3.175,141
2023-11-06 15:02:00,260508.0,3.1777,3.185,3.175,3.19,3.17,202
2023-11-06 15:03:00,91022.0,3.1695,3.1782,3.16,3.1782,3.16,102
2023-11-06 15:04:00,9268.0,3.1669,3.165,3.165,3.1675,3.165,13
2023-11-06 15:05:00,11257.0,3.1696,3.17,3.1682,3.17,3.1601,16
2023-11-06 15:06:00,12731.0,3.1691,3.16,3.165,3.17,3.16,35
2023-11-06 15:07:00,9575.0,3.1668,3.17,3.17,3.17,3.16,45
2023-11-06 15:08:00,7249.0,3.1663,3.165,3.165,3.17,3.165,38
2023-11-06 15:09:00,12084.0,3.1629,3.165,3.165,3.17,3.16,38
2023-11-06 15:10:00,29424.0,3.1616,3.165,3.169,3.17,3.16,46
2023-11-06 15:11:00,92435.0,3.1597,3.165,3.155,3.1697,3.155,186
2023-11-06 15:12:00,136279.0,3.1602,3.16,3.16,3.1677,3.16,117
2023-11-06 15:13:00,716.0,3.1638,3.165,3.165,3.165,3.16,12
2023-11-06 15:14:00,48265.0,3.1611,3.16,3.16,3.17,3.16,98
2023-11-06 15:15:00,5516.0,3.166,3.16,3.16,3.1699,3.16,22
2023-11-06 15:16:00,12778.0,3.161,3.16,3.165,3.165,3.16,46
2023-11-06 15:17:00,4342.0,3.1676,3.17,3.165,3.17,3.165,13
2023-11-06 15:18:00,8037.0,3.165,3.165,3.165,3.165,3.165,17
2023-11-06 15:19:00,26813.0,3.1659,3.165,3.165,3.17,3.165,76
2023-11-06 15:20:00,39187.0,3.1654,3.17,3.17,3.17,3.16,89
2023-11-06 15:21:00,117920.0,3.1693,3.165,3.1693,3.17,3.165,162
2023-11-06 15:22:00,37862.0,3.1702,3.17,3.175,3.175,3.1657,58
2023-11-06 15:23:00,11416.0,3.1759,3.1701,3.18,3.18,3.1701,21
2023-11-06 15:24:00,1016.0,3.179,3.18,3.175,3.18,3.175,14
2023-11-06 15:25:00,14546.0,3.1783,3.18,3.175,3.18,3.17,32
2023-11-06 15:26:00,1465.0,3.1784,3.18,3.18,3.18,3.175,20
2023-11-06 15:27:00,19540.0,3.173,3.18,3.175,3.18,3.17,59
2023-11-06 15:28:00,37964.0,3.1751,3.175,3.175,3.18,3.17,59
2023-11-06 15:29:00,16300.0,3.1779,3.18,3.18,3.18,3.175,30
2023-11-06 15:30:00,6458.0,3.1752,3.175,3.175,3.18,3.175,32
2023-11-06 15:31:00,8022.0,3.1753,3.175,3.175,3.18,3.175,28
2023-11-06 15:32:00,483346.0,3.1746,3.175,3.17,3.18,3.17,90
2023-11-06 15:33:00,38013.0,3.1736,3.1772,3.1799,3.18,3.17,61
2023-11-06 15:34:00,30329.0,3.1756,3.175,3.18,3.18,3.175,133
2023-11-06 15:35:00,12580.0,3.1755,3.175,3.175,3.18,3.17,81
2023-11-06 15:36:00,455983.0,3.179,3.175,3.185,3.19,3.17,292
2023-11-06 15:37:00,297140.0,3.1842,3.185,3.19,3.19,3.18,130
2023-11-06 15:38:00,173914.0,3.1886,3.185,3.19,3.19,3.18,191
2023-11-06 15:39:00,181011.0,3.1853,3.19,3.185,3.19,3.18,100
2023-11-06 15:40:00,29031.0,3.1844,3.185,3.185,3.19,3.18,43
2023-11-06 15:41:00,285248.0,3.185,3.185,3.19,3.19,3.18,181
2023-11-06 15:42:00,11455.0,3.1889,3.19,3.185,3.19,3.185,34
2023-11-06 15:43:00,315990.0,3.1912,3.185,3.19,3.2,3.185,205
2023-11-06 15:44:00,31274.0,3.195,3.195,3.195,3.2,3.19,24
2023-11-06 15:45:00,12301.0,3.1912,3.1912,3.195,3.195,3.19,10
2023-11-06 15:46:00,3784.0,3.1964,3.195,3.195,3.2,3.19,17
2023-11-06 15:47:00,64713.0,3.1879,3.195,3.19,3.195,3.18,105
2023-11-06 15:48:00,4003.0,3.183,3.185,3.18,3.185,3.18,24
2023-11-06 15:49:00,74996.0,3.1829,3.18,3.185,3.19,3.18,97
2023-11-06 15:50:00,52412.0,3.1905,3.185,3.1901,3.198,3.185,85
2023-11-06 15:51:00,1476.0,3.1954,3.195,3.2,3.2,3.195,19
2023-11-06 15:52:00,36346.0,3.198,3.195,3.195,3.2,3.1937,60
2023-11-06 15:53:00,280194.0,3.1989,3.2,3.195,3.2,3.19,214
2023-11-06 15:54:00,25828.0,3.1977,3.195,3.195,3.2,3.195,70
2023-11-06 15:55:00,89130.0,3.2006,3.2,3.21,3.21,3.195,131
2023-11-06 15:56:00,88339.0,3.2009,3.205,3.205,3.21,3.2,115
2023-11-06 15:57:00,59766.0,3.1973,3.2,3.19,3.21,3.19,121
2023-11-06 15:58:00,7291.0,3.1904,3.19,3.19,3.195,3.19,41
2023-11-06 15:59:00,12001.0,3.1903,3.19,3.19,3.195,3.19,27
2023-11-06 16:00:00,54725.0,3.1924,3.19,3.2,3.2,3.19,67
2023-11-06 16:01:00,49596.0,3.1882,3.19,3.1899,3.195,3.1824,71
2023-11-06 16:02:00,27359.0,3.1923,3.1891,3.195,3.2,3.1891,44
2023-11-06 16:03:00,445.0,3.1953,3.195,3.195,3.195,3.195,2
2023-11-06 16:04:00,60230.0,3.1949,3.1941,3.195,3.195,3.1934,16
2023-11-06 16:05:00,218.0,3.1952,3.195,3.195,3.195,3.195,6
2023-11-06 16:06:00,176235.0,3.1899,3.19,3.185,3.195,3.185,135
2023-11-06 16:07:00,310767.0,3.1915,3.185,3.185,3.2,3.1846,272
2023-11-06 16:08:00,52960.0,3.1916,3.185,3.195,3.2,3.185,132
2023-11-06 16:09:00,186969.0,3.1912,3.2,3.185,3.2,3.185,212
2023-11-06 16:10:00,26294.0,3.1853,3.185,3.19,3.19,3.185,209
2023-11-06 16:11:00,17084.0,3.185,3.185,3.185,3.185,3.185,80
2023-11-06 16:12:00,357.0,3.1857,3.185,3.185,3.185,3.185,6
2023-11-06 16:13:00,1019.0,3.1851,3.185,3.185,3.185,3.185,13
2023-11-06 16:14:00,2387.0,3.1855,3.185,3.19,3.19,3.185,17
2023-11-06 16:15:00,39715.0,3.1894,3.185,3.19,3.19,3.185,64
2023-11-06 16:16:00,71461.0,3.1897,3.19,3.19,3.19,3.185,119
2023-11-06 16:17:00,24731.0,3.1895,3.1899,3.19,3.19,3.185,27
2023-11-06 16:18:00,169771.0,3.1935,3.19,3.195,3.2,3.19,117
2023-11-06 16:19:00,33987.0,3.1951,3.2,3.195,3.2,3.195,23
2023-11-06 16:20:00,11553.0,3.1962,3.195,3.195,3.2,3.195,30
2023-11-06 16:21:00,24801.0,3.1948,3.195,3.195,3.195,3.19,16
2023-11-06 16:22:00,12190.0,3.193,3.195,3.195,3.195,3.19,24
2023-11-06 16:23:00,11062.0,3.195,3.195,3.195,3.195,3.195,36
2023-11-06 16:24:00,11367.0,3.1939,3.195,3.195,3.195,3.19,43
2023-11-06 16:25:00,7710.0,3.1956,3.195,3.195,3.2,3.195,29
2023-11-06 16:26:00,11910.0,3.195,3.195,3.195,3.195,3.195,29
2023-11-06 16:27:00,97632.0,3.1905,3.195,3.185,3.2,3.185,182
2023-11-06 16:28:00,27222.0,3.1856,3.185,3.185,3.19,3.185,72
2023-11-06 16:29:00,1386.0,3.1866,3.185,3.185,3.185,3.185,12
2023-11-06 16:30:00,530.0,3.1858,3.1885,3.185,3.1885,3.185,9
2023-11-06 16:31:00,354.0,3.1885,3.1899,3.185,3.1899,3.185,5
2023-11-06 16:32:00,14487.0,3.1855,3.185,3.185,3.19,3.185,22
2023-11-06 16:33:00,836.0,3.1866,3.185,3.1899,3.1899,3.185,8
2023-11-06 16:34:00,2503.0,3.187,3.1868,3.19,3.19,3.185,6
2023-11-06 16:35:00,463.0,3.1833,3.185,3.185,3.185,3.185,6
2023-11-06 16:36:00,587.0,3.185,3.185,3.185,3.185,3.185,9
2023-11-06 16:37:00,402.0,3.1863,3.185,3.19,3.19,3.185,6
2023-11-06 16:38:00,3356.0,3.1852,3.19,3.185,3.19,3.185,28
2023-11-06 16:39:00,15231.0,3.1819,3.185,3.185,3.19,3.18,26
2023-11-06 16:40:00,813.0,3.1862,3.19,3.185,3.19,3.185,12
2023-11-06 16:41:00,988.0,3.185,3.185,3.185,3.185,3.185,9
2023-11-06 16:42:00,711.0,3.1864,3.19,3.185,3.19,3.185,9
2023-11-06 16:43:00,1718.0,3.1851,3.185,3.1875,3.1897,3.185,14
2023-11-06 16:44:00,4826.0,3.1815,3.185,3.185,3.185,3.18,48
2023-11-06 16:45:00,1184.0,3.1842,3.185,3.185,3.185,3.18,16
2023-11-06 16:46:00,124737.0,3.1789,3.18,3.175,3.18,3.175,174
2023-11-06 16:47:00,449.0,3.1773,3.175,3.175,3.175,3.175,8
2023-11-06 16:49:00,190.0,3.1731,3.175,3.175,3.175,3.175,4
2023-11-06 16:50:00,1151.0,3.176,3.175,3.1722,3.175,3.1722,11
2023-11-06 16:51:00,6730.0,3.1762,3.17,3.175,3.18,3.17,17
2023-11-06 16:52:00,2097.0,3.1754,3.175,3.18,3.18,3.17,11
2023-11-06 16:53:00,99581.0,3.178,3.18,3.18,3.18,3.175,151
2023-11-06 16:54:00,15984.0,3.1765,3.18,3.175,3.18,3.175,78
2023-11-06 16:55:00,14831.0,3.1768,3.175,3.175,3.18,3.17,38
2023-11-06 16:56:00,9512.0,3.1779,3.18,3.18,3.18,3.175,28
2023-11-06 16:57:00,10783.0,3.1751,3.175,3.175,3.18,3.17,75
2023-11-06 16:58:00,2775.0,3.1756,3.175,3.18,3.18,3.175,28
2023-11-06 16:59:00,112486.0,3.1818,3.18,3.185,3.19,3.175,143
2023-11-06 17:00:00,4146.0,3.1858,3.185,3.185,3.1885,3.1815,11
2023-11-06 17:01:00,1183.0,3.1852,3.185,3.185,3.185,3.185,11
2023-11-06 17:02:00,12385.0,3.1822,3.185,3.185,3.185,3.18,23
2023-11-06 17:03:00,612.0,3.1842,3.185,3.185,3.185,3.185,7
2023-11-06 17:04:00,3670.0,3.1809,3.185,3.185,3.185,3.18,25
2023-11-06 17:05:00,39608.0,3.1799,3.185,3.1782,3.19,3.175,99
2023-11-06 17:06:00,176263.0,3.1702,3.17,3.18,3.18,3.17,101
2023-11-06 17:07:00,5779.0,3.1701,3.17,3.17,3.1701,3.17,6
2023-11-06 17:08:00,10723.0,3.1749,3.18,3.175,3.18,3.17,19
2023-11-06 17:09:00,320.0,3.1733,3.175,3.17,3.175,3.17,5
2023-11-06 17:10:00,15601.0,3.1713,3.17,3.175,3.1799,3.17,11
2023-11-06 17:11:00,3554.0,3.1752,3.175,3.178,3.178,3.17,8
2023-11-06 17:12:00,200.0,3.175,3.175,3.175,3.175,3.175,2
2023-11-06 17:13:00,8985.0,3.1757,3.175,3.175,3.18,3.175,147
2023-11-06 17:14:00,47521.0,3.1786,3.175,3.178,3.18,3.175,233
2023-11-06 17:15:00,11242.0,3.178,3.175,3.1799,3.18,3.175,121
2023-11-06 17:16:00,439180.0,3.1755,3.18,3.17,3.18,3.17,456
2023-11-06 17:17:00,128740.0,3.1685,3.17,3.165,3.17,3.16,223
2023-11-06 17:18:00,346145.0,3.1684,3.165,3.17,3.17,3.16,507
2023-11-06 17:19:00,52644.0,3.1656,3.165,3.165,3.17,3.16,174
2023-11-06 17:20:00,46258.0,3.1662,3.165,3.165,3.169,3.16,266
2023-11-06 17:21:00,83448.0,3.1655,3.165,3.165,3.17,3.16,408
2023-11-06 17:22:00,97501.0,3.1669,3.165,3.165,3.17,3.16,239
2023-11-06 17:23:00,391939.0,3.169,3.17,3.175,3.18,3.16,388
2023-11-06 17:24:00,4636.0,3.1718,3.175,3.1701,3.18,3.1701,58
2023-11-06 17:25:00,817.0,3.175,3.175,3.175,3.175,3.175,7
2023-11-06 17:26:00,700.0,3.175,3.175,3.175,3.175,3.175,7
2023-11-06 17:27:00,2009.0,3.1755,3.175,3.175,3.18,3.175,20
2023-11-06 17:28:00,2019.0,3.1757,3.18,3.175,3.18,3.175,17
2023-11-06 17:29:00,3427.0,3.174,3.175,3.175,3.18,3.1718,15
2023-11-06 17:30:00,814.0,3.1768,3.18,3.18,3.18,3.175,10
2023-11-06 17:31:00,2776.0,3.1762,3.175,3.175,3.18,3.175,23
2023-11-06 17:32:00,4142.0,3.1752,3.175,3.175,3.18,3.175,19
2023-11-06 17:33:00,1701.0,3.1755,3.175,3.175,3.18,3.175,17
2023-11-06 17:34:00,810.0,3.1763,3.175,3.18,3.18,3.175,15
2023-11-06 17:35:00,714.0,3.1772,3.18,3.175,3.18,3.175,8
2023-11-06 17:36:00,161301.0,3.1697,3.175,3.165,3.18,3.1647,182
2023-11-06 17:37:00,31204.0,3.1669,3.165,3.165,3.17,3.165,34
2023-11-06 17:38:00,31453.0,3.166,3.1674,3.165,3.1674,3.165,21
2023-11-06 17:39:00,2821.0,3.1665,3.165,3.17,3.17,3.165,14
2023-11-06 17:40:00,27003.0,3.166,3.165,3.165,3.17,3.165,51
2023-11-06 17:41:00,717.0,3.1656,3.165,3.165,3.17,3.165,9
2023-11-06 17:42:00,4940.0,3.1651,3.165,3.17,3.17,3.165,17
2023-11-06 17:43:00,4539.0,3.1652,3.165,3.165,3.17,3.165,11
2023-11-06 17:44:00,560.0,3.1668,3.165,3.17,3.17,3.165,5
2023-11-06 17:45:00,6147.0,3.1612,3.17,3.165,3.17,3.165,9
2023-11-06 17:46:00,1648.0,3.164,3.17,3.17,3.17,3.1601,12
2023-11-06 17:47:00,2608.0,3.1654,3.165,3.165,3.17,3.165,11
2023-11-06 17:48:00,1328.0,3.1658,3.165,3.165,3.17,3.165,12
2023-11-06 17:49:00,1836.0,3.1658,3.17,3.1678,3.17,3.165,13
2023-11-06 17:50:00,5778.0,3.1653,3.17,3.165,3.17,3.165,22
2023-11-06 17:51:00,1615.0,3.1654,3.17,3.165,3.17,3.165,17
2023-11-06 17:52:00,2521.0,3.1675,3.165,3.165,3.1681,3.165,8
2023-11-06 17:53:00,1043.0,3.1665,3.165,3.165,3.17,3.165,12
2023-11-06 17:54:00,1783.0,3.1664,3.17,3.165,3.17,3.165,14
2023-11-06 17:55:00,1342.0,3.1654,3.17,3.165,3.17,3.165,17
2023-11-06 17:56:00,500.0,3.167,3.165,3.17,3.17,3.165,5
2023-11-06 17:57:00,4749.0,3.1653,3.17,3.165,3.17,3.165,14
2023-11-06 17:58:00,2835.0,3.1652,3.165,3.1699,3.1699,3.165,24
2023-11-06 17:59:00,5109.0,3.1652,3.165,3.165,3.17,3.165,26
2023-11-06 18:00:00,1108.0,3.1659,3.165,3.165,3.17,3.165,15
2023-11-06 18:01:00,196038.0,3.1566,3.165,3.155,3.165,3.15,299
2023-11-06 18:02:00,1872251.0,3.1798,3.155,3.155,3.16,3.15,43
2023-11-06 18:03:00,3683.0,3.1504,3.15,3.15,3.155,3.15,19
2023-11-06 18:04:00,3687.0,3.1509,3.15,3.155,3.155,3.15,19
2023-11-06 18:05:00,19888.0,3.1506,3.15,3.15,3.1507,3.15,61
2023-11-06 18:06:00,2245.0,3.1509,3.155,3.15,3.155,3.15,23
2023-11-06 18:07:00,3813.0,3.1513,3.155,3.155,3.155,3.15,14
2023-11-06 18:08:00,82467.0,3.1495,3.155,3.1499,3.155,3.145,132
2023-11-06 18:09:00,20768.0,3.1477,3.1479,3.1474,3.1489,3.145,9
2023-11-06 18:10:00,3100.0,3.1448,3.145,3.145,3.145,3.14,10
2023-11-06 18:11:00,1356.0,3.1446,3.145,3.145,3.145,3.14,10
2023-11-06 18:12:00,5399.0,3.1454,3.145,3.145,3.145,3.14,20
2023-11-06 18:13:00,2343.0,3.1444,3.145,3.145,3.145,3.14,16
2023-11-06 18:14:00,2474.0,3.1436,3.1401,3.145,3.145,3.14,20
2023-11-06 18:15:00,440.0,3.1449,3.145,3.145,3.145,3.145,11
2023-11-06 18:16:00,824.0,3.1449,3.145,3.145,3.145,3.1438,14
2023-11-06 18:17:00,1462.0,3.1442,3.145,3.14,3.145,3.14,17
2023-11-06 18:18:00,6207.0,3.1422,3.145,3.145,3.145,3.14,46
2023-11-06 18:19:00,143812.0,3.1383,3.14,3.135,3.145,3.13,266
2023-11-06 18:20:00,25640.0,3.135,3.135,3.135,3.135,3.1301,40
2023-11-06 18:21:00,3417.0,3.1325,3.135,3.13,3.135,3.13,26
2023-11-06 18:22:00,12449.0,3.1361,3.13,3.14,3.14,3.13,53
2023-11-06 18:23:00,5683.0,3.1339,3.13,3.135,3.14,3.13,56
2023-11-06 18:24:00,2706.0,3.132,3.14,3.13,3.14,3.13,33
2023-11-06 18:25:00,4231.0,3.1341,3.13,3.13,3.14,3.13,36
2023-11-06 18:26:00,2606.0,3.1321,3.13,3.13,3.14,3.13,28
2023-11-06 18:27:00,24227.0,3.1347,3.135,3.13,3.14,3.13,56
2023-11-06 18:28:00,15933.0,3.1382,3.13,3.13,3.14,3.13,41
2023-11-06 18:29:00,9178.0,3.1343,3.135,3.13,3.1384,3.13,44
2023-11-06 18:30:00,32334.0,3.1335,3.13,3.13,3.1384,3.13,76
2023-11-06 18:31:00,3101.0,3.1329,3.135,3.135,3.1382,3.13,28
2023-11-06 18:32:00,4329.0,3.1328,3.13,3.13,3.135,3.13,40
2023-11-06 18:33:00,65152.0,3.1302,3.13,3.13,3.14,3.13,78
2023-11-06 18:34:00,5656.0,3.1317,3.13,3.13,3.135,3.13,52
2023-11-06 18:35:00,7123.0,3.1307,3.13,3.13,3.135,3.13,57
2023-11-06 18:36:00,3569.0,3.1311,3.135,3.13,3.135,3.13,30
2023-11-06 18:37:00,7806.0,3.1354,3.13,3.13,3.14,3.13,35
2023-11-06 18:38:00,11460.0,3.1342,3.13,3.13,3.135,3.13,70
2023-11-06 18:39:00,20300.0,3.1346,3.135,3.13,3.14,3.13,53
2023-11-06 18:40:00,2714.0,3.1316,3.13,3.13,3.135,3.13,29
2023-11-06 18:41:00,106497.0,3.1289,3.13,3.12,3.135,3.12,208
2023-11-06 18:42:00,8935.0,3.1208,3.12,3.12,3.12,3.12,47
2023-11-06 18:43:00,64342.0,3.1207,3.12,3.12,3.13,3.12,74
2023-11-06 18:44:00,409419.0,3.1197,3.12,3.115,3.125,3.11,426
2023-11-06 18:45:00,383044.0,3.1183,3.12,3.115,3.12,3.115,351
2023-11-06 18:46:00,252072.0,3.1205,3.115,3.125,3.13,3.115,293
2023-11-06 18:47:00,54815.0,3.1246,3.125,3.125,3.13,3.12,43
2023-11-06 18:48:00,44987.0,3.1249,3.125,3.125,3.13,3.12,43
2023-11-06 18:49:00,38662.0,3.1258,3.125,3.125,3.13,3.125,38
2023-11-06 18:50:00,18800.0,3.125,3.125,3.125,3.125,3.125,20
2023-11-06 18:51:00,4112.0,3.1258,3.125,3.125,3.126,3.125,9
2023-11-06 18:52:00,13597.0,3.125,3.125,3.125,3.125,3.125,6
2023-11-06 18:53:00,8802.0,3.1255,3.125,3.125,3.13,3.1242,22
2023-11-06 18:54:00,16692.0,3.125,3.125,3.125,3.125,3.125,12
2023-11-06 18:55:00,3672.0,3.1245,3.125,3.125,3.125,3.1201,20
2023-11-06 18:56:00,10075.0,3.1248,3.125,3.125,3.13,3.1227,35
2023-11-06 18:57:00,21919.0,3.1251,3.125,3.125,3.13,3.125,29
2023-11-06 18:58:00,3610.0,3.1251,3.125,3.13,3.13,3.125,18
2023-11-06 18:59:00,3416.0,3.1248,3.125,3.125,3.125,3.12,24
2023-11-06 19:00:00,6436.0,3.1249,3.125,3.125,3.13,3.12,32
2023-11-06 19:01:00,7545.0,3.1251,3.13,3.125,3.13,3.12,26
2023-11-06 19:02:00,4931.0,3.1248,3.12,3.12,3.13,3.12,29
2023-11-06 19:03:00,5947.0,3.1248,3.125,3.125,3.125,3.12,28
2023-11-06 19:04:00,11318.0,3.1249,3.125,3.125,3.125,3.12,47
2023-11-06 19:05:00,11773.0,3.1259,3.12,3.125,3.13,3.12,26
2023-11-06 19:06:00,22988.0,3.1204,3.12,3.12,3.125,3.12,53
2023-11-06 19:07:00,212949.0,3.1166,3.12,3.11,3.125,3.11,234
2023-11-06 19:08:00,9518.0,3.1118,3.11,3.11,3.12,3.11,44
2023-11-06 19:09:00,204207.0,3.1097,3.11,3.1,3.115,3.1,203
2023-11-06 19:10:00,7123.0,3.1036,3.1,3.1,3.105,3.1,37
2023-11-06 19:11:00,27633.0,3.1047,3.105,3.1,3.1084,3.1,47
2023-11-06 19:12:00,14878.0,3.1011,3.1,3.1,3.105,3.1,68
2023-11-06 19:13:00,3744.0,3.1006,3.1,3.1,3.105,3.1,32
2023-11-06 19:14:00,8417.0,3.1022,3.1,3.1,3.105,3.1,57
2023-11-06 19:15:00,11816.0,3.1004,3.1,3.105,3.105,3.1,57
2023-11-06 19:16:00,5705.0,3.1006,3.1,3.1,3.1079,3.1,51
2023-11-06 19:17:00,4168.0,3.1009,3.1,3.1,3.105,3.1,40
2023-11-06 19:18:00,7365.0,3.1031,3.1,3.1,3.11,3.1,56
2023-11-06 19:19:00,53151.0,3.1005,3.1,3.1,3.105,3.1,91
2023-11-06 19:20:00,9542.0,3.1027,3.1,3.1,3.105,3.1,100
2023-11-06 19:21:00,44759.0,3.1064,3.105,3.1,3.11,3.1,86
2023-11-06 19:22:00,17822.0,3.104,3.1,3.1,3.1095,3.1,63
2023-11-06 19:23:00,14429.0,3.104,3.1,3.1,3.105,3.1,60
2023-11-06 19:24:00,15221.0,3.1041,3.105,3.1,3.105,3.1,57
2023-11-06 19:25:00,9789.0,3.1031,3.105,3.105,3.105,3.1,59
2023-11-06 19:26:00,10046.0,3.1023,3.105,3.1,3.105,3.1,84
2023-11-06 19:27:00,6816.0,3.1026,3.105,3.1,3.105,3.1,46
2023-11-06 19:28:00,9552.0,3.1029,3.1,3.1,3.105,3.1,69
2023-11-06 19:29:00,7350.0,3.1029,3.1,3.1,3.105,3.1,59
2023-11-06 19:30:00,12313.0,3.1037,3.1,3.1,3.11,3.1,84
2023-11-06 19:31:00,11665.0,3.1036,3.1,3.105,3.105,3.1,60
2023-11-06 19:32:00,18453.0,3.1032,3.1,3.1,3.105,3.1,81
2023-11-06 19:33:00,7968.0,3.1027,3.1,3.1,3.105,3.1,76
2023-11-06 19:34:00,29719.0,3.1006,3.105,3.1,3.106,3.1,62
2023-11-06 19:35:00,59297.0,3.1004,3.105,3.1,3.105,3.1,223
2023-11-06 19:36:00,205146.0,3.0988,3.1,3.09,3.1075,3.09,536
2023-11-06 19:37:00,79706.0,3.0914,3.095,3.095,3.095,3.09,114
2023-11-06 19:38:00,768522.0,3.0911,3.09,3.095,3.1,3.085,460
2023-11-06 19:39:00,433.0,3.0907,3.09,3.09,3.09,3.09,2
2023-11-06 19:40:00,1259.0,3.0927,3.09,3.095,3.095,3.09,9
2023-11-06 19:41:00,278067.0,3.1003,3.095,3.105,3.11,3.09,229
2023-11-06 19:42:00,76078.0,3.106,3.11,3.11,3.11,3.105,86
2023-11-06 19:43:00,193773.0,3.111,3.105,3.1184,3.1184,3.105,181
2023-11-06 19:44:00,30552.0,3.116,3.115,3.115,3.12,3.115,52
2023-11-06 19:45:00,14521.0,3.1149,3.115,3.115,3.115,3.115,29
2023-11-06 19:46:00,717.0,3.1149,3.115,3.115,3.115,3.115,9
2023-11-06 19:47:00,18760.0,3.1134,3.11,3.115,3.12,3.11,41
2023-11-06 19:48:00,5545.0,3.1155,3.115,3.115,3.12,3.115,18
2023-11-06 19:49:00,7925.0,3.1151,3.115,3.115,3.12,3.115,22
2023-11-06 19:50:00,10809.0,3.1154,3.12,3.115,3.12,3.11,36
2023-11-06 19:51:00,12297.0,3.1159,3.115,3.115,3.12,3.11,54
2023-11-06 19:52:00,17739.0,3.1153,3.12,3.12,3.12,3.11,68
2023-11-06 19:53:00,20507.0,3.1155,3.115,3.115,3.12,3.11,67
2023-11-06 19:54:00,22783.0,3.1157,3.12,3.115,3.12,3.11,89
2023-11-06 19:55:00,20072.0,3.1154,3.115,3.115,3.12,3.11,90
2023-11-06 19:56:00,931219.0,3.1013,3.115,3.0985,3.12,3.09,592
2023-11-06 19:57:00,145787.0,3.1001,3.095,3.105,3.105,3.095,177
2023-11-06 19:58:00,334.0,3.105,3.105,3.105,3.105,3.105,12
2023-11-06 19:59:00,539.0,3.1051,3.105,3.105,3.105,3.105,62
2023-11-06 20:00:00,1689.0,3.1062,3.105,3.105,3.11,3.105,10
2023-11-06 20:01:00,14110.0,3.1053,3.105,3.105,3.11,3.105,59
2023-11-06 20:02:00,5343.0,3.1053,3.105,3.105,3.11,3.105,21
2023-11-06 20:03:00,3082.0,3.1057,3.105,3.11,3.11,3.105,17
2023-11-06 20:04:00,2166.0,3.1057,3.105,3.105,3.11,3.105,14
2023-11-06 20:05:00,58199.0,3.107,3.105,3.11,3.11,3.1,76
2023-11-06 20:06:00,24922.0,3.1052,3.105,3.105,3.11,3.105,88
2023-11-06 20:07:00,39362.0,3.1067,3.11,3.11,3.11,3.105,47
2023-11-06 20:08:00,130468.0,3.1101,3.105,3.115,3.12,3.105,167
2023-11-06 20:09:00,15856.0,3.115,3.115,3.115,3.12,3.1101,54
2023-11-06 20:10:00,30425.0,3.1159,3.12,3.115,3.12,3.115,60
2023-11-06 20:11:00,39377.0,3.117,3.12,3.12,3.12,3.115,77
2023-11-06 20:12:00,12660.0,3.1164,3.115,3.12,3.12,3.115,40
2023-11-06 20:13:00,17537.0,3.1159,3.115,3.115,3.12,3.115,55
2023-11-06 20:14:00,33722.0,3.1172,3.115,3.115,3.12,3.115,67
2023-11-06 20:15:00,13319.0,3.1163,3.12,3.12,3.12,3.1105,62
2023-11-06 20:16:00,13315.0,3.1162,3.115,3.115,3.12,3.11,58
2023-11-06 20:17:00,34827.0,3.1177,3.12,3.115,3.12,3.115,71
2023-11-06 20:18:00,17047.0,3.1161,3.12,3.115,3.12,3.115,52
2023-11-06 20:19:00,271073.0,3.1204,3.115,3.13,3.13,3.115,272
2023-11-06 20:20:00,25693.0,3.128,3.125,3.13,3.13,3.125,65
2023-11-06 20:21:00,12040.0,3.1264,3.13,3.125,3.13,3.125,58
2023-11-06 20:22:00,30635.0,3.1277,3.125,3.125,3.13,3.125,89
2023-11-06 20:23:00,28560.0,3.126,3.125,3.125,3.13,3.12,90
2023-11-06 20:24:00,11648.0,3.1266,3.13,3.125,3.13,3.125,85
2023-11-06 20:25:00,43873.0,3.1269,3.13,3.125,3.13,3.125,123
2023-11-06 20:26:00,17720.0,3.1261,3.13,3.125,3.13,3.125,100
2023-11-06 20:27:00,13265.0,3.1269,3.125,3.13,3.13,3.125,99
2023-11-06 20:28:00,47116.0,3.1271,3.13,3.13,3.13,3.125,123
2023-11-06 20:29:00,17157.0,3.1268,3.125,3.125,3.13,3.125,96
2023-11-06 20:30:00,23991.0,3.1261,3.13,3.13,3.13,3.12,144
2023-11-06 20:31:00,43919.0,3.1271,3.13,3.125,3.13,3.125,146
2023-11-06 20:32:00,29838.0,3.1263,3.125,3.125,3.13,3.125,122
2023-11-06 20:33:00,66200.0,3.1277,3.125,3.125,3.13,3.125,198
2023-11-06 20:34:00,220516.0,3.1294,3.13,3.125,3.13,3.125,434
2023-11-06 20:35:00,81898.0,3.1338,3.13,3.135,3.14,3.1257,228
2023-11-06 20:36:00,28517.0,3.1373,3.14,3.135,3.14,3.1319,130
2023-11-06 20:37:00,75856.0,3.1382,3.14,3.135,3.14,3.135,173
2023-11-06 20:38:00,27405.0,3.1376,3.135,3.135,3.14,3.1316,127
2023-11-06 20:39:00,42305.0,3.1369,3.14,3.14,3.14,3.13,164
2023-11-06 20:40:00,44204.0,3.1377,3.14,3.14,3.14,3.135,157
2023-11-06 20:41:00,25356.0,3.1371,3.135,3.135,3.14,3.135,90
2023-11-06 20:42:00,375082.0,3.1306,3.135,3.125,3.14,3.125,392
2023-11-06 20:43:00,9488.0,3.1251,3.125,3.126,3.126,3.125,32
2023-11-06 20:44:00,22843.0,3.1267,3.125,3.125,3.13,3.12,66
2023-11-06 20:45:00,27724.0,3.1233,3.125,3.12,3.13,3.12,112
2023-11-06 20:46:00,53971.0,3.1228,3.125,3.12,3.13,3.12,155
2023-11-06 20:47:00,36675.0,3.121,3.12,3.12,3.1275,3.12,125
2023-11-06 20:48:00,51852.0,3.1224,3.12,3.12,3.125,3.12,133
2023-11-06 20:49:00,53634.0,3.1252,3.12,3.125,3.13,3.12,167
2023-11-06 20:50:00,54922.0,3.1243,3.125,3.125,3.13,3.12,199
2023-11-06 20:51:00,44971.0,3.1237,3.12,3.12,3.13,3.12,155
2023-11-06 20:52:00,128396.0,3.1214,3.12,3.12,3.13,3.12,240
2023-11-06 20:53:00,63933.0,3.1218,3.12,3.12,3.13,3.12,230
2023-11-06 20:54:00,99663.0,3.1226,3.125,3.12,3.13,3.12,282
2023-11-06 20:55:00,133213.0,3.1221,3.125,3.1201,3.13,3.12,414
2023-11-06 20:56:00,191430.0,3.1233,3.125,3.12,3.13,3.12,366
2023-11-06 20:57:00,194782.0,3.127,3.125,3.12,3.13,3.12,395
2023-11-06 20:58:00,325525.0,3.1253,3.13,3.125,3.13,3.12,508
2023-11-06 20:59:00,508889.0,3.1261,3.125,3.12,3.13,3.12,888
2023-11-06 21:00:00,18443.0,3.1397,3.14,3.11,3.14,3.11,10
2023-11-06 21:15:00,201.0,3.1201,3.12,3.12,3.12,3.12,2
2023-11-06 21:17:00,100.0,3.13,3.13,3.13,3.13,3.13,1
2023-11-06 21:27:00,403.0,3.13,3.13,3.13,3.13,3.13,2
2023-11-06 21:31:00,5000.0,3.13,3.13,3.13,3.13,3.13,1
2023-11-06 21:32:00,332.0,3.12,3.12,3.12,3.12,3.12,2
2023-11-06 21:33:00,336.0,3.136,3.13,3.14,3.14,3.13,3
2023-11-06 21:36:00,1000.0,3.13,3.13,3.13,3.13,3.13,1
2023-11-06 22:21:00,300.0,3.14,3.14,3.14,3.14,3.14,1
2023-11-06 23:58:00,101.0,3.16,3.16,3.16,3.16,3.16,2
2023-11-07 00:42:00,232.0,3.15,3.15,3.15,3.15,3.15,1
2023-11-07 00:43:00,1000.0,3.1499,3.1499,3.1499,3.1499,3.1499,1
2023-11-07 00:44:00,201.0,3.1482,3.15,3.15,3.15,3.15,3
2023-11-07 09:01:00,5900.0,3.16,3.16,3.16,3.16,3.16,9
2023-11-07 09:04:00,500.0,3.16,3.16,3.16,3.16,3.16,1
2023-11-07 09:05:00,212.0,3.16,3.16,3.16,3.16,3.16,6
2023-11-07 09:07:00,4400.0,3.1695,3.165,3.17,3.17,3.165,7
2023-11-07 09:17:00,4654.0,3.16,3.16,3.16,3.16,3.16,13
2023-11-07 09:35:00,3000.0,3.15,3.15,3.15,3.15,3.15,5
2023-11-07 09:38:00,340.0,3.16,3.16,3.16,3.16,3.16,1
2023-11-07 09:40:00,1307.0,3.15,3.15,3.15,3.15,3.15,1
2023-11-07 10:04:00,400.0,3.1558,3.155,3.155,3.155,3.155,2
2023-11-07 10:09:00,7124.0,3.15,3.15,3.15,3.15,3.15,20
2023-11-07 11:33:00,770.0,3.15,3.15,3.15,3.15,3.15,2
2023-11-07 11:57:00,400.0,3.14,3.14,3.14,3.14,3.14,7
2023-11-07 11:58:00,204.0,3.14,3.14,3.14,3.14,3.14,3
2023-11-07 11:59:00,150.0,3.15,3.15,3.15,3.15,3.15,1
2023-11-07 12:05:00,100.0,3.15,3.15,3.15,3.15,3.15,1
2023-11-07 12:14:00,166.0,3.15,3.15,3.15,3.15,3.15,1
2023-11-07 12:19:00,325.0,3.15,3.15,3.15,3.15,3.15,5
2023-11-07 12:26:00,293.0,3.15,3.15,3.15,3.15,3.15,2
2023-11-07 12:42:00,100.0,3.15,3.15,3.15,3.15,3.15,1
2023-11-07 12:50:00,1763.0,3.16,3.16,3.16,3.16,3.16,3
2023-11-07 12:55:00,600.0,3.1508,3.155,3.15,3.155,3.15,3
2023-11-07 13:00:00,263.0,3.1576,3.1598,3.16,3.16,3.1598,7
2023-11-07 13:06:00,600.0,3.16,3.16,3.16,3.16,3.16,1
2023-11-07 13:09:00,1786.0,3.16,3.16,3.16,3.16,3.16,1
2023-11-07 13:18:00,1500.0,3.15,3.15,3.15,3.15,3.15,5
2023-11-07 13:19:00,510.0,3.15,3.15,3.15,3.15,3.15,2
2023-11-07 13:36:00,310.0,3.1582,3.16,3.155,3.16,3.155,2
2023-11-07 13:45:00,1030.0,3.1503,3.15,3.15,3.15,3.15,4
2023-11-07 14:09:00,555.0,3.16,3.16,3.16,3.16,3.16,1
2023-11-07 14:11:00,1550.0,3.16,3.16,3.16,3.16,3.16,4
2023-11-07 14:24:00,332.0,3.16,3.16,3.16,3.16,3.16,4
2023-11-07 14:26:00,3005.0,3.15,3.15,3.15,3.15,3.15,4
2023-11-07 14:30:00,103359.0,3.1531,3.15,3.165,3.17,3.15,158
2023-11-07 14:31:00,105303.0,3.1624,3.165,3.155,3.17,3.15,324
2023-11-07 14:32:00,7001.0,3.1583,3.155,3.16,3.16,3.155,29
2023-11-07 14:33:00,11712.0,3.1588,3.155,3.155,3.16,3.155,29
2023-11-07 14:34:00,113890.0,3.15,3.15,3.145,3.155,3.14,111
2023-11-07 14:35:00,54710.0,3.1388,3.14,3.14,3.145,3.13,147
2023-11-07 14:36:00,49473.0,3.1404,3.135,3.14,3.145,3.135,74
2023-11-07 14:37:00,195586.0,3.1331,3.14,3.135,3.14,3.125,217
2023-11-07 14:38:00,7396.0,3.1307,3.13,3.1314,3.1314,3.13,14
2023-11-07 14:39:00,6075.0,3.1307,3.135,3.13,3.1397,3.13,20
2023-11-07 14:40:00,2244.0,3.1333,3.135,3.135,3.135,3.13,19
2023-11-07 14:41:00,6667.0,3.1318,3.13,3.13,3.14,3.13,13
2023-11-07 14:42:00,85941.0,3.1395,3.135,3.145,3.145,3.1325,122
2023-11-07 14:43:00,42953.0,3.153,3.145,3.17,3.17,3.145,146
2023-11-07 14:44:00,40343.0,3.1685,3.1651,3.175,3.18,3.16,64
2023-11-07 14:45:00,14458.0,3.176,3.1775,3.175,3.18,3.17,49
2023-11-07 14:46:00,48404.0,3.1687,3.17,3.17,3.175,3.16,79
2023-11-07 14:47:00,220231.0,3.17,3.17,3.165,3.175,3.165,244
2023-11-07 14:48:00,4224.0,3.1663,3.17,3.165,3.17,3.165,26
2023-11-07 14:49:00,17000.0,3.167,3.17,3.165,3.17,3.1601,33
2023-11-07 14:50:00,37839.0,3.1687,3.165,3.175,3.18,3.16,118
2023-11-07 14:51:00,64131.0,3.1801,3.17,3.185,3.19,3.17,107
2023-11-07 14:52:00,10675.0,3.1825,3.185,3.19,3.19,3.1816,59
2023-11-07 14:53:00,21682.0,3.1732,3.19,3.185,3.19,3.185,53
2023-11-07 14:54:00,90623.0,3.1914,3.19,3.19,3.2,3.185,149
2023-11-07 14:55:00,12317.0,3.194,3.2,3.2,3.2,3.19,65
2023-11-07 14:56:00,5263.0,3.1949,3.2,3.2,3.2,3.19,32
2023-11-07 14:57:00,50977.0,3.2004,3.2,3.2,3.21,3.19,118
2023-11-07 14:58:00,10137.0,3.2096,3.21,3.21,3.21,3.205,44
2023-11-07 14:59:00,7320.0,3.2075,3.21,3.205,3.21,3.2,49
2023-11-07 15:00:00,34902.0,3.2054,3.205,3.21,3.21,3.2,64
2023-11-07 15:01:00,3205.0,3.2086,3.21,3.21,3.21,3.205,27
2023-11-07 15:02:00,101723.0,3.2093,3.21,3.205,3.21,3.205,156
2023-11-07 15:03:00,327013.0,3.2005,3.21,3.205,3.21,3.195,346
2023-11-07 15:04:00,182165.0,3.2001,3.205,3.195,3.205,3.19,123
2023-11-07 15:05:00,3364.0,3.1985,3.195,3.195,3.2,3.195,26
2023-11-07 15:06:00,79921.0,3.1872,3.19,3.175,3.19,3.175,180
2023-11-07 15:07:00,447.0,3.1783,3.175,3.18,3.18,3.175,23
2023-11-07 15:08:00,4461.0,3.1812,3.1798,3.175,3.18,3.175,26
2023-11-07 15:09:00,3071.0,3.1758,3.175,3.175,3.18,3.1747,26
2023-11-07 15:10:00,28787.0,3.1701,3.17,3.175,3.175,3.17,38
2023-11-07 15:11:00,2240.0,3.1756,3.175,3.17,3.18,3.17,29
2023-11-07 15:12:00,74369.0,3.1798,3.18,3.18,3.19,3.175,162
2023-11-07 15:13:00,6356.0,3.1857,3.19,3.185,3.19,3.18,29
2023-11-07 15:14:00,8113.0,3.1869,3.185,3.185,3.19,3.18,52
2023-11-07 15:15:00,58302.0,3.1879,3.19,3.1899,3.19,3.18,71
2023-11-07 15:16:00,56517.0,3.1917,3.1894,3.195,3.2,3.185,95
2023-11-07 15:17:00,7609.0,3.1987,3.2,3.195,3.2,3.195,33
2023-11-07 15:18:00,4807.0,3.1986,3.2,3.195,3.2,3.195,29
2023-11-07 15:19:00,9032.0,3.1983,3.195,3.2,3.2,3.195,47
2023-11-07 15:20:00,2023.0,3.1974,3.2,3.195,3.2,3.195,31
2023-11-07 15:21:00,9354.0,3.1992,3.2,3.2,3.2,3.195,46
2023-11-07 15:22:00,12812.0,3.1983,3.2,3.2,3.2,3.195,68
2023-11-07 15:23:00,9058.0,3.199,3.195,3.2,3.2,3.195,43
2023-11-07 15:24:00,18487.0,3.1973,3.195,3.2,3.2,3.195,63
2023-11-07 15:25:00,24218.0,3.196,3.195,3.2,3.2,3.19,64
2023-11-07 15:26:00,16789.0,3.1964,3.195,3.2,3.2,3.195,54
2023-11-07 15:27:00,12246.0,3.1976,3.2,3.2,3.2,3.19,56
2023-11-07 15:28:00,19749.0,3.1963,3.2,3.195,3.2,3.195,59
2023-11-07 15:29:00,8810.0,3.1982,3.195,3.2,3.2,3.195,39
2023-11-07 15:30:00,273787.0,3.1979,3.195,3.195,3.2,3.1901,169
2023-11-07 15:31:00,5971.0,3.1959,3.1979,3.195,3.2,3.19,36
2023-11-07 15:32:00,72251.0,3.1998,3.2,3.205,3.2078,3.19,156
2023-11-07 15:33:00,1537.0,3.2072,3.21,3.21,3.21,3.205,33
2023-11-07 15:34:00,23946.0,3.2063,3.21,3.205,3.21,3.205,61
2023-11-07 15:35:00,44160.0,3.2037,3.2097,3.205,3.21,3.2,83
2023-11-07 15:36:00,197605.0,3.2005,3.21,3.195,3.21,3.195,181
2023-11-07 15:37:00,6770.0,3.1947,3.195,3.19,3.195,3.19,27
2023-11-07 15:38:00,1771.0,3.1935,3.2,3.195,3.2,3.19,16
2023-11-07 15:39:00,3212.0,3.1949,3.19,3.195,3.2,3.19,24
2023-11-07 15:40:00,3387.0,3.1965,3.195,3.195,3.2,3.19,33
2023-11-07 15:41:00,1384.0,3.1954,3.195,3.195,3.2,3.19,26
2023-11-07 15:42:00,4769.0,3.1923,3.195,3.19,3.2,3.19,24
2023-11-07 15:43:00,4071.0,3.1956,3.2,3.195,3.2,3.1925,38
2023-11-07 15:44:00,1346.0,3.1972,3.195,3.195,3.2,3.195,15
2023-11-07 15:45:00,3530.0,3.196,3.2,3.195,3.2,3.195,24
2023-11-07 15:46:00,11295.0,3.1946,3.195,3.195,3.2,3.19,59
2023-11-07 15:47:00,2011.0,3.1947,3.195,3.195,3.195,3.195,25
2023-11-07 15:48:00,2528.0,3.1944,3.195,3.195,3.195,3.19,26
2023-11-07 15:49:00,10290.0,3.1972,3.195,3.195,3.2,3.195,46
2023-11-07 15:50:00,12902.0,3.1947,3.195,3.195,3.2,3.19,43
2023-11-07 15:51:00,15483.0,3.1957,3.195,3.195,3.2,3.195,38
2023-11-07 15:52:00,12191.0,3.1962,3.195,3.2,3.2,3.195,47
2023-11-07 15:53:00,3402.0,3.1978,3.195,3.195,3.2,3.19,33
2023-11-07 15:54:00,29828.0,3.1959,3.2,3.2,3.2,3.1926,58
2023-11-07 15:55:00,7411.0,3.1983,3.195,3.19,3.2,3.19,47
2023-11-07 15:56:00,10950.0,3.1965,3.2,3.2,3.2,3.195,54
2023-11-07 15:57:00,4340.0,3.1967,3.2,3.195,3.2,3.19,41
2023-11-07 15:58:00,6932.0,3.1971,3.195,3.195,3.2,3.19,40
2023-11-07 15:59:00,30155.0,3.1956,3.195,3.195,3.2,3.19,59
2023-11-07 16:00:00,2599.0,3.1967,3.195,3.1999,3.2,3.195,32
2023-11-07 16:01:00,7946.0,3.1975,3.195,3.195,3.2,3.195,39
2023-11-07 16:02:00,11055.0,3.1965,3.195,3.195,3.2,3.19,56
2023-11-07 16:03:00,121503.0,3.1951,3.195,3.2,3.2,3.19,138
2023-11-07 16:04:00,21761.0,3.1973,3.2,3.198,3.2,3.195,65
2023-11-07 16:05:00,16427.0,3.1955,3.195,3.2,3.2,3.195,67
2023-11-07 16:06:00,12995.0,3.1981,3.2,3.2,3.2,3.195,57
2023-11-07 16:07:00,3342.0,3.1957,3.2,3.2,3.2,3.1919,27
2023-11-07 16:08:00,19560.0,3.1994,3.2,3.2,3.2,3.195,89
2023-11-07 16:09:00,4925.0,3.1985,3.2,3.195,3.2,3.195,53
2023-11-07 16:10:00,7142.0,3.199,3.2,3.195,3.2,3.19,44
2023-11-07 16:11:00,19199.0,3.1959,3.195,3.2,3.2,3.1925,56
2023-11-07 16:12:00,15066.0,3.1985,3.2,3.195,3.2,3.195,67
2023-11-07 16:13:00,224211.0,3.2013,3.2,3.205,3.21,3.2,277
2023-11-07 16:14:00,74164.0,3.2053,3.205,3.21,3.21,3.205,34
2023-11-07 16:15:00,52606.0,3.2042,3.205,3.21,3.21,3.2,100
2023-11-07 16:16:00,7644.0,3.2076,3.21,3.2,3.21,3.2,23
2023-11-07 16:17:00,9280.0,3.2052,3.205,3.2,3.21,3.2,26
2023-11-07 16:18:00,12319.0,3.2069,3.205,3.205,3.21,3.2,47
2023-11-07 16:19:00,7489.0,3.2072,3.21,3.205,3.21,3.2,42
2023-11-07 16:20:00,25793.0,3.2098,3.21,3.21,3.21,3.205,48
2023-11-07 16:21:00,27580.0,3.2052,3.21,3.21,3.21,3.2019,59
2023-11-07 16:22:00,49482.0,3.2027,3.205,3.205,3.21,3.2,105
2023-11-07 16:23:00,24055.0,3.2051,3.205,3.205,3.21,3.2001,31
2023-11-07 16:24:00,9729.0,3.2065,3.205,3.21,3.21,3.205,24
2023-11-07 16:25:00,22414.0,3.2053,3.21,3.205,3.21,3.2,57
2023-11-07 16:26:00,11478.0,3.2077,3.21,3.21,3.21,3.2016,43
2023-11-07 16:27:00,14538.0,3.2081,3.205,3.205,3.21,3.2,61
2023-11-07 16:28:00,50638.0,3.2026,3.205,3.205,3.2082,3.2,105
2023-11-07 16:29:00,33517.0,3.2044,3.205,3.205,3.2075,3.201,48
2023-11-07 16:30:00,17460.0,3.2072,3.205,3.205,3.21,3.2,39
2023-11-07 16:31:00,21148.0,3.205,3.205,3.205,3.21,3.2018,55
2023-11-07 16:32:00,29634.0,3.2056,3.21,3.21,3.21,3.2,54
2023-11-07 16:33:00,7310.0,3.206,3.21,3.205,3.21,3.205,24
2023-11-07 16:34:00,11341.0,3.2066,3.205,3.2081,3.21,3.205,26
2023-11-07 16:35:00,11797.0,3.208,3.2025,3.21,3.21,3.2001,65
2023-11-07 16:36:00,36320.0,3.2091,3.21,3.21,3.21,3.205,61
2023-11-07 16:37:00,6682.0,3.2091,3.21,3.21,3.21,3.2085,29
2023-11-07 16:38:00,8723.0,3.2095,3.21,3.21,3.21,3.205,27
2023-11-07 16:39:00,2779.0,3.2096,3.21,3.2025,3.21,3.2025,34
2023-11-07 16:40:00,23733.0,3.2061,3.21,3.21,3.21,3.2,44
2023-11-07 16:41:00,12029.0,3.2096,3.21,3.205,3.21,3.205,54
2023-11-07 16:42:00,11053.0,3.2078,3.205,3.205,3.21,3.2025,56
2023-11-07 16:43:00,2736.0,3.2087,3.2099,3.21,3.21,3.205,23
2023-11-07 16:44:00,183027.0,3.2104,3.21,3.22,3.22,3.205,440
2023-11-07 16:45:00,1258.0,3.2161,3.215,3.215,3.22,3.215,13
2023-11-07 16:46:00,7050.0,3.219,3.22,3.22,3.22,3.215,31
2023-11-07 16:47:00,62646.0,3.2165,3.215,3.215,3.22,3.21,77
2023-11-07 16:48:00,9539.0,3.2173,3.22,3.215,3.22,3.21,18
2023-11-07 16:49:00,7132.0,3.2172,3.22,3.215,3.22,3.215,20
2023-11-07 16:50:00,16411.0,3.2193,3.22,3.215,3.22,3.2101,44
2023-11-07 16:51:00,7211.0,3.2183,3.22,3.215,3.22,3.2103,37
2023-11-07 16:52:00,10388.0,3.2177,3.22,3.218,3.22,3.215,42
2023-11-07 16:53:00,914.0,3.2177,3.22,3.215,3.22,3.215,12
2023-11-07 16:54:00,35349.0,3.2144,3.2119,3.215,3.22,3.21,91
2023-11-07 16:55:00,255011.0,3.2103,3.215,3.205,3.22,3.2,288
2023-11-07 16:56:00,176714.0,3.201,3.205,3.2,3.21,3.2,120
2023-11-07 16:57:00,8784.0,3.2003,3.2,3.205,3.205,3.2,25
2023-11-07 16:58:00,2446.0,3.2037,3.205,3.2,3.2085,3.2,38
2023-11-07 16:59:00,16995.0,3.2008,3.2,3.205,3.21,3.2,45
2023-11-07 17:00:00,54552.0,3.1996,3.2,3.19,3.205,3.19,86
2023-11-07 17:01:00,58895.0,3.19,3.195,3.185,3.195,3.185,104
2023-11-07 17:02:00,137134.0,3.18,3.185,3.175,3.19,3.17,182
2023-11-07 17:03:00,5192.0,3.1773,3.18,3.1785,3.18,3.175,34
2023-11-07 17:04:00,6718.0,3.1761,3.1783,3.175,3.18,3.175,14
2023-11-07 17:05:00,30334.0,3.1751,3.175,3.175,3.18,3.175,39
2023-11-07 17:06:00,3997.0,3.1759,3.175,3.175,3.18,3.175,17
2023-11-07 17:07:00,1100.0,3.1756,3.175,3.175,3.18,3.1725,14
2023-11-07 17:08:00,5282.0,3.1757,3.17,3.176,3.18,3.17,19
2023-11-07 17:09:00,14393.0,3.175,3.17,3.175,3.18,3.17,21
2023-11-07 17:10:00,3798.0,3.1757,3.18,3.17,3.18,3.17,27
2023-11-07 17:11:00,3020.0,3.1753,3.18,3.175,3.18,3.175,38
2023-11-07 17:12:00,3230.0,3.1752,3.17,3.18,3.18,3.17,29
2023-11-07 17:13:00,3261.0,3.176,3.18,3.175,3.18,3.17,23
2023-11-07 17:14:00,4605.0,3.1762,3.18,3.18,3.18,3.17,29
2023-11-07 17:15:00,3026.0,3.1761,3.18,3.175,3.18,3.17,36
2023-11-07 17:16:00,62709.0,3.1711,3.175,3.1775,3.18,3.17,64
2023-11-07 17:17:00,3303.0,3.1739,3.175,3.175,3.18,3.17,19
2023-11-07 17:18:00,59073.0,3.1707,3.17,3.175,3.18,3.17,63
2023-11-07 17:19:00,3514.0,3.172,3.175,3.17,3.1778,3.17,24
2023-11-07 17:20:00,11507.0,3.1755,3.175,3.175,3.1773,3.175,34
2023-11-07 17:21:00,2488.0,3.1758,3.175,3.175,3.18,3.175,24
2023-11-07 17:22:00,1897.0,3.1753,3.175,3.175,3.18,3.17,18
2023-11-07 17:23:00,3753.0,3.1753,3.175,3.18,3.18,3.1729,35
2023-11-07 17:24:00,69430.0,3.1714,3.175,3.175,3.18,3.17,62
2023-11-07 17:25:00,4615.0,3.1739,3.175,3.17,3.18,3.17,45
2023-11-07 17:26:00,1550.0,3.1746,3.175,3.175,3.175,3.17,23
2023-11-07 17:27:00,9797.0,3.1755,3.175,3.1778,3.18,3.17,41
2023-11-07 17:28:00,8714.0,3.1749,3.175,3.17,3.18,3.17,34
2023-11-07 17:29:00,60930.0,3.1702,3.17,3.175,3.18,3.17,59
2023-11-07 17:30:00,112794.0,3.1697,3.17,3.16,3.1778,3.16,254
2023-11-07 17:31:00,6516.0,3.1618,3.16,3.165,3.165,3.16,18
2023-11-07 17:32:00,1005.0,3.163,3.165,3.165,3.165,3.16,11
2023-11-07 17:33:00,1654.0,3.1614,3.16,3.165,3.165,3.16,11
2023-11-07 17:34:00,2560.0,3.1613,3.165,3.165,3.165,3.16,19
2023-11-07 17:35:00,2500.0,3.1616,3.165,3.16,3.165,3.16,23
2023-11-07 17:36:00,3730.0,3.1648,3.165,3.1681,3.1681,3.16,22
2023-11-07 17:37:00,3733.0,3.1633,3.16,3.17,3.17,3.16,29
2023-11-07 17:38:00,5106.0,3.1656,3.165,3.165,3.168,3.16,38
2023-11-07 17:39:00,4928.0,3.1613,3.16,3.165,3.165,3.16,36
2023-11-07 17:40:00,3401.0,3.1622,3.165,3.16,3.165,3.16,36
2023-11-07 17:41:00,1462.0,3.1626,3.16,3.165,3.1651,3.16,22
2023-11-07 17:42:00,2338.0,3.1628,3.165,3.165,3.17,3.16,23
2023-11-07 17:43:00,7095.0,3.1639,3.16,3.165,3.165,3.16,31
2023-11-07 17:44:00,1760.0,3.1625,3.16,3.16,3.165,3.16,24
2023-11-07 17:45:00,2000.0,3.1619,3.165,3.16,3.165,3.16,17
2023-11-07 17:46:00,6437.0,3.1664,3.165,3.165,3.17,3.16,40
2023-11-07 17:47:00,4966.0,3.164,3.165,3.165,3.17,3.16,39
2023-11-07 17:48:00,24409.0,3.1653,3.165,3.165,3.1675,3.16,45
2023-11-07 17:49:00,4244.0,3.1619,3.165,3.165,3.165,3.16,40
2023-11-07 17:50:00,3220.0,3.1625,3.16,3.165,3.165,3.16,22
2023-11-07 17:51:00,5467.0,3.1665,3.16,3.165,3.1675,3.16,16
2023-11-07 17:52:00,10978.0,3.165,3.17,3.165,3.17,3.16,48
2023-11-07 17:53:00,13190.0,3.1666,3.165,3.165,3.17,3.16,51
2023-11-07 17:54:00,2687.0,3.1671,3.165,3.17,3.17,3.165,24
2023-11-07 17:55:00,6139.0,3.1686,3.17,3.17,3.17,3.165,20
2023-11-07 17:56:00,6485.0,3.1686,3.165,3.17,3.17,3.16,28
2023-11-07 17:57:00,2938.0,3.1665,3.165,3.17,3.17,3.165,20
2023-11-07 17:58:00,13693.0,3.1669,3.17,3.165,3.17,3.16,38
2023-11-07 17:59:00,808515.0,3.1655,3.165,3.17,3.175,3.16,325
2023-11-07 18:00:00,498926.0,3.1529,3.1601,3.15,3.17,3.1433,420
2023-11-07 18:01:00,19706.0,3.1539,3.1579,3.155,3.1599,3.1501,14
2023-11-07 18:02:00,13327.0,3.1548,3.155,3.155,3.16,3.15,29
2023-11-07 18:03:00,6531.0,3.155,3.155,3.155,3.16,3.153,29
2023-11-07 18:04:00,6340.0,3.156,3.155,3.16,3.16,3.15,17
2023-11-07 18:05:00,790.0,3.1556,3.155,3.155,3.16,3.155,10
2023-11-07 18:06:00,12959.0,3.1554,3.155,3.1581,3.16,3.155,53
2023-11-07 18:07:00,1184.0,3.1545,3.155,3.155,3.16,3.1502,23
2023-11-07 18:08:00,3965.0,3.155,3.16,3.155,3.16,3.15,26
2023-11-07 18:09:00,5763.0,3.155,3.155,3.155,3.16,3.155,51
2023-11-07 18:10:00,16297.0,3.1518,3.155,3.155,3.16,3.15,57
2023-11-07 18:11:00,13845.0,3.1547,3.15,3.15,3.16,3.15,98
2023-11-07 18:12:00,4955.0,3.1548,3.155,3.155,3.155,3.15,41
2023-11-07 18:13:00,11802.0,3.1518,3.155,3.155,3.155,3.15,52
2023-11-07 18:14:00,124854.0,3.1494,3.155,3.14,3.1581,3.14,237
2023-11-07 18:15:00,15475.0,3.1404,3.14,3.145,3.148,3.14,57
2023-11-07 18:16:00,75068.0,3.1403,3.14,3.145,3.145,3.14,155
2023-11-07 18:17:00,14029.0,3.1408,3.14,3.145,3.15,3.14,73
2023-11-07 18:18:00,17767.0,3.1417,3.14,3.145,3.15,3.14,87
2023-11-07 18:19:00,3503.0,3.1444,3.14,3.145,3.1495,3.14,27
2023-11-07 18:20:00,4175.0,3.1448,3.15,3.145,3.15,3.14,31
2023-11-07 18:21:00,35342.0,3.1407,3.145,3.14,3.15,3.14,73
2023-11-07 18:22:00,89734.0,3.1402,3.1456,3.14,3.1456,3.14,100
2023-11-07 18:23:00,25385.0,3.1407,3.14,3.145,3.145,3.14,94
2023-11-07 18:24:00,36215.0,3.1449,3.145,3.14,3.15,3.14,120
2023-11-07 18:25:00,1665.0,3.1444,3.14,3.14,3.15,3.14,19
2023-11-07 18:26:00,5193.0,3.1445,3.14,3.145,3.15,3.14,30
2023-11-07 18:27:00,2421.0,3.1447,3.145,3.14,3.15,3.14,26
2023-11-07 18:28:00,53770.0,3.1477,3.15,3.145,3.15,3.14,110
2023-11-07 18:29:00,179972.0,3.1511,3.15,3.155,3.16,3.145,346
2023-11-07 18:30:00,10609.0,3.1503,3.155,3.15,3.155,3.15,45
2023-11-07 18:31:00,56185.0,3.1566,3.155,3.155,3.159,3.15,44
2023-11-07 18:32:00,19793.0,3.1518,3.15,3.15,3.155,3.15,116
2023-11-07 18:33:00,6093.0,3.1556,3.155,3.15,3.1575,3.15,28
2023-11-07 18:34:00,4388.0,3.155,3.155,3.1579,3.1579,3.15,14
2023-11-07 18:35:00,6035.0,3.1552,3.155,3.15,3.1575,3.15,33
2023-11-07 18:36:00,2258.0,3.1541,3.155,3.155,3.155,3.15,22
2023-11-07 18:37:00,114377.0,3.1566,3.155,3.155,3.16,3.15,213
2023-11-07 18:38:00,47610.0,3.1518,3.155,3.155,3.1575,3.15,159
2023-11-07 18:39:00,5312.0,3.1529,3.155,3.155,3.155,3.15,36
2023-11-07 18:40:00,4037.0,3.1538,3.15,3.15,3.16,3.15,41
2023-11-07 18:41:00,8844.0,3.1547,3.155,3.16,3.16,3.15,57
2023-11-07 18:42:00,7772.0,3.1579,3.1581,3.16,3.16,3.15,33
2023-11-07 18:43:00,8984.0,3.1545,3.155,3.15,3.16,3.15,56
2023-11-07 18:44:00,8721.0,3.157,3.155,3.155,3.16,3.15,51
2023-11-07 18:45:00,7731.0,3.1545,3.155,3.155,3.16,3.15,53
2023-11-07 18:46:00,10637.0,3.155,3.155,3.155,3.16,3.15,72
2023-11-07 18:47:00,4312.0,3.1543,3.155,3.155,3.16,3.15,35
2023-11-07 18:48:00,22174.0,3.1556,3.155,3.155,3.16,3.15,121
2023-11-07 18:49:00,8927.0,3.1548,3.16,3.155,3.16,3.15,58
2023-11-07 18:50:00,9700.0,3.157,3.155,3.155,3.16,3.15,62
2023-11-07 18:51:00,3798.0,3.155,3.155,3.155,3.16,3.155,41
2023-11-07 18:52:00,13264.0,3.1572,3.16,3.155,3.16,3.15,59
2023-11-07 18:53:00,9808.0,3.1559,3.155,3.155,3.16,3.15,61
2023-11-07 18:54:00,14717.0,3.1565,3.16,3.155,3.16,3.15,71
2023-11-07 18:55:00,14092.0,3.1555,3.155,3.16,3.16,3.15,75
2023-11-07 18:56:00,19188.0,3.1559,3.15,3.155,3.16,3.15,86
2023-11-07 18:57:00,12170.0,3.1547,3.155,3.155,3.16,3.15,73
2023-11-07 18:58:00,18621.0,3.156,3.155,3.155,3.16,3.15,93
2023-11-07 18:59:00,9987.0,3.1566,3.15,3.16,3.16,3.15,52
2023-11-07 19:00:00,67911.0,3.1579,3.15,3.155,3.16,3.15,212
2023-11-07 19:01:00,41584.0,3.1561,3.155,3.155,3.16,3.15,123
2023-11-07 19:02:00,17128.0,3.156,3.155,3.16,3.16,3.155,83
2023-11-07 19:03:00,8145.0,3.1559,3.155,3.15,3.16,3.15,59
2023-11-07 19:04:00,13528.0,3.1574,3.155,3.15,3.16,3.15,33
2023-11-07 19:05:00,9236.0,3.1581,3.16,3.16,3.16,3.155,47
2023-11-07 19:06:00,5840.0,3.1555,3.155,3.155,3.16,3.155,39
2023-11-07 19:07:00,18541.0,3.1579,3.16,3.16,3.16,3.1501,45
2023-11-07 19:08:00,23620.0,3.1577,3.155,3.155,3.16,3.15,63
2023-11-07 19:09:00,18292.0,3.1555,3.16,3.155,3.16,3.15,69
2023-11-07 19:10:00,16464.0,3.1585,3.155,3.155,3.16,3.155,39
2023-11-07 19:11:00,15199.0,3.1564,3.155,3.155,3.16,3.15,77
2023-11-07 19:12:00,8141.0,3.1572,3.155,3.155,3.16,3.15,49
2023-11-07 19:13:00,16166.0,3.1576,3.16,3.16,3.16,3.155,94
2023-11-07 19:14:00,6422.0,3.1555,3.155,3.16,3.16,3.155,63
2023-11-07 19:15:00,8014.0,3.1553,3.155,3.155,3.16,3.1531,68
2023-11-07 19:16:00,16182.0,3.1572,3.155,3.155,3.16,3.155,95
2023-11-07 19:17:00,4207.0,3.1585,3.155,3.155,3.16,3.155,37
2023-11-07 19:18:00,168325.0,3.1599,3.155,3.17,3.17,3.155,359
2023-11-07 19:19:00,8486.0,3.1648,3.165,3.17,3.17,3.165,47
2023-11-07 19:20:00,13670.0,3.1687,3.165,3.17,3.17,3.165,42
2023-11-07 19:21:00,4322.0,3.1661,3.17,3.165,3.17,3.165,31
2023-11-07 19:22:00,10189.0,3.1664,3.17,3.165,3.17,3.165,52
2023-11-07 19:23:00,21762.0,3.167,3.17,3.17,3.17,3.16,51
2023-11-07 19:24:00,8825.0,3.1653,3.165,3.165,3.17,3.165,61
2023-11-07 19:25:00,30062.0,3.165,3.17,3.165,3.17,3.16,71
2023-11-07 19:26:00,218296.0,3.1717,3.17,3.175,3.18,3.16,249
2023-11-07 19:27:00,16305.0,3.1756,3.18,3.18,3.18,3.17,57
2023-11-07 19:28:00,16330.0,3.1788,3.175,3.175,3.18,3.17,28
2023-11-07 19:29:00,159156.0,3.1807,3.18,3.19,3.19,3.175,145
2023-11-07 19:30:00,25687.0,3.188,3.185,3.19,3.19,3.185,73
2023-11-07 19:31:00,12540.0,3.1889,3.19,3.185,3.19,3.18,42
2023-11-07 19:32:00,4964.0,3.1884,3.185,3.19,3.19,3.185,38
2023-11-07 19:33:00,16438.0,3.1896,3.185,3.185,3.19,3.185,50
2023-11-07 19:34:00,2842.0,3.1891,3.19,3.19,3.19,3.185,32
2023-11-07 19:35:00,50143.0,3.1884,3.185,3.185,3.19,3.18,56
2023-11-07 19:36:00,34773.0,3.1835,3.1899,3.19,3.19,3.18,93
2023-11-07 19:37:00,20481.0,3.1857,3.19,3.185,3.19,3.1824,60
2023-11-07 19:38:00,6537.0,3.1892,3.19,3.19,3.19,3.185,50
2023-11-07 19:39:00,20958.0,3.1868,3.19,3.185,3.19,3.18,51
2023-11-07 19:40:00,8938.0,3.1874,3.185,3.185,3.19,3.185,47
2023-11-07 19:41:00,10255.0,3.1885,3.19,3.185,3.19,3.185,39
2023-11-07 19:42:00,2141.0,3.1881,3.19,3.19,3.19,3.185,26
2023-11-07 19:43:00,23150.0,3.1867,3.185,3.185,3.19,3.185,77
2023-11-07 19:44:00,16316.0,3.1844,3.185,3.19,3.19,3.18,79
2023-11-07 19:45:00,12101.0,3.1873,3.19,3.185,3.19,3.185,43
2023-11-07 19:46:00,2151.0,3.1861,3.185,3.18,3.19,3.18,24
2023-11-07 19:47:00,11374.0,3.1891,3.185,3.19,3.19,3.185,33
2023-11-07 19:48:00,26209.0,3.1855,3.19,3.185,3.19,3.18,74
2023-11-07 19:49:00,29209.0,3.1835,3.185,3.19,3.19,3.18,102
2023-11-07 19:50:00,20656.0,3.1866,3.185,3.19,3.19,3.18,88
2023-11-07 19:51:00,5767.0,3.1855,3.185,3.185,3.19,3.185,32
2023-11-07 19:52:00,35994.0,3.1877,3.19,3.185,3.19,3.185,80
2023-11-07 19:53:00,14814.0,3.1866,3.185,3.185,3.19,3.185,92
2023-11-07 19:54:00,2304.0,3.1869,3.185,3.19,3.19,3.185,24
2023-11-07 19:55:00,14326.0,3.1882,3.185,3.185,3.19,3.185,77
2023-11-07 19:56:00,3706.0,3.1885,3.185,3.19,3.19,3.185,55
2023-11-07 19:57:00,4727.0,3.1875,3.185,3.19,3.19,3.1801,41
2023-11-07 19:58:00,97544.0,3.1921,3.19,3.195,3.2,3.185,204
2023-11-07 19:59:00,39296.0,3.1931,3.2,3.2,3.2,3.19,101
2023-11-07 20:00:00,13737.0,3.1969,3.195,3.2,3.2,3.19,41
2023-11-07 20:01:00,4945.0,3.1955,3.2,3.195,3.2,3.195,31
2023-11-07 20:02:00,79181.0,3.1992,3.2,3.195,3.2,3.195,116
2023-11-07 20:03:00,8814.0,3.1972,3.195,3.195,3.2,3.19,49
2023-11-07 20:04:00,18298.0,3.1943,3.198,3.19,3.2,3.19,67
2023-11-07 20:05:00,49358.0,3.1921,3.2,3.1921,3.2,3.19,197
2023-11-07 20:06:00,37240.0,3.1922,3.195,3.195,3.2,3.19,105
2023-11-07 20:07:00,329791.0,3.1899,3.195,3.185,3.195,3.18,334
2023-11-07 20:08:00,25121.0,3.1855,3.185,3.185,3.19,3.18,50
2023-11-07 20:09:00,9245.0,3.1851,3.185,3.185,3.19,3.18,41
2023-11-07 20:10:00,5074.0,3.1847,3.185,3.18,3.19,3.18,51
2023-11-07 20:11:00,5857.0,3.1854,3.1847,3.185,3.1864,3.18,34
2023-11-07 20:12:00,65046.0,3.1885,3.19,3.185,3.19,3.18,92
2023-11-07 20:13:00,141823.0,3.19,3.185,3.195,3.2,3.185,142
2023-11-07 20:14:00,4581.0,3.1958,3.2,3.195,3.2,3.195,28
2023-11-07 20:15:00,380854.0,3.1912,3.2,3.195,3.2,3.19,214
2023-11-07 20:16:00,5497.0,3.1954,3.195,3.195,3.2,3.195,30
2023-11-07 20:17:00,5196.0,3.1957,3.2,3.195,3.2,3.195,27
2023-11-07 20:18:00,12260.0,3.1924,3.195,3.195,3.2,3.1913,31
2023-11-07 20:19:00,31256.0,3.1908,3.2,3.19,3.2,3.19,70
2023-11-07 20:20:00,38777.0,3.1902,3.19,3.195,3.195,3.19,81
2023-11-07 20:21:00,17863.0,3.1905,3.19,3.195,3.2,3.19,55
2023-11-07 20:22:00,25775.0,3.1903,3.19,3.195,3.1994,3.19,73
2023-11-07 20:23:00,11144.0,3.1913,3.1902,3.19,3.2,3.19,57
2023-11-07 20:24:00,31239.0,3.1901,3.19,3.19,3.195,3.19,77
2023-11-07 20:25:00,201639.0,3.1897,3.19,3.185,3.19,3.18,121
2023-11-07 20:26:00,23956.0,3.1806,3.185,3.185,3.19,3.18,54
2023-11-07 20:27:00,6764.0,3.1834,3.185,3.185,3.19,3.18,63
2023-11-07 20:28:00,7760.0,3.1875,3.185,3.185,3.19,3.18,37
2023-11-07 20:29:00,37387.0,3.1804,3.19,3.185,3.19,3.18,39
2023-11-07 20:30:00,8352.0,3.1817,3.18,3.19,3.19,3.18,61
2023-11-07 20:31:00,8895.0,3.1826,3.185,3.19,3.19,3.18,59
2023-11-07 20:32:00,4132.0,3.1835,3.18,3.185,3.19,3.18,44
2023-11-07 20:33:00,168302.0,3.1806,3.18,3.18,3.19,3.18,174
2023-11-07 20:34:00,203439.0,3.1784,3.18,3.17,3.18,3.17,178
2023-11-07 20:35:00,910196.0,3.1791,3.17,3.175,3.1899,3.17,477
2023-11-07 20:36:00,1867.0,3.1773,3.175,3.18,3.18,3.175,15
2023-11-07 20:37:00,2257.0,3.1755,3.175,3.175,3.18,3.175,20
2023-11-07 20:38:00,16416.0,3.1754,3.175,3.175,3.18,3.175,38
2023-11-07 20:39:00,22333.0,3.1764,3.18,3.175,3.18,3.175,101
2023-11-07 20:40:00,23356.0,3.1758,3.175,3.175,3.18,3.175,121
2023-11-07 20:41:00,71691.0,3.1708,3.175,3.17,3.18,3.17,84
2023-11-07 20:42:00,22810.0,3.1716,3.175,3.17,3.175,3.17,123
2023-11-07 20:43:00,22710.0,3.1731,3.17,3.175,3.175,3.17,107
2023-11-07 20:44:00,14486.0,3.1731,3.17,3.175,3.175,3.17,98
2023-11-07 20:45:00,11985.0,3.1724,3.17,3.175,3.175,3.17,97
2023-11-07 20:46:00,67802.0,3.1731,3.175,3.175,3.1778,3.17,142
2023-11-07 20:47:00,25482.0,3.1734,3.175,3.1701,3.1775,3.17,151
2023-11-07 20:48:00,33142.0,3.1748,3.17,3.175,3.18,3.17,129
2023-11-07 20:49:00,31911.0,3.1743,3.175,3.1701,3.1775,3.17,163
2023-11-07 20:50:00,61915.0,3.1743,3.175,3.175,3.18,3.17,205
2023-11-07 20:51:00,53006.0,3.1731,3.1701,3.17,3.18,3.17,195
2023-11-07 20:52:00,399779.0,3.1682,3.175,3.17,3.175,3.16,586
2023-11-07 20:53:00,41377.0,3.1643,3.16,3.165,3.17,3.16,178
2023-11-07 20:54:00,182216.0,3.1677,3.165,3.17,3.17,3.16,376
2023-11-07 20:55:00,165254.0,3.1647,3.17,3.165,3.17,3.16,416
2023-11-07 20:56:00,267306.0,3.163,3.165,3.165,3.17,3.16,432
2023-11-07 20:57:00,765504.0,3.1652,3.165,3.165,3.17,3.16,797
2023-11-07 20:58:00,312480.0,3.162,3.165,3.16,3.1699,3.16,529
2023-11-07 20:59:00,509034.0,3.16,3.165,3.15,3.17,3.15,549
2023-11-07 21:00:00,2851883.0,3.17,3.17,3.17,3.17,3.17,12
2023-11-07 21:09:00,1998.0,3.15,3.15,3.15,3.15,3.15,1
2023-11-07 21:11:00,3000.0,3.16,3.16,3.16,3.16,3.16,1
2023-11-07 21:14:00,300.0,3.16,3.16,3.16,3.16,3.16,1
2023-11-07 21:15:00,3000.0,3.16,3.16,3.16,3.16,3.16,1
2023-11-07 21:20:00,13212.0,3.17,3.17,3.17,3.17,3.17,1
2023-11-07 21:31:00,5000.0,3.16,3.16,3.16,3.16,3.16,1
2023-11-07 21:33:00,1000.0,3.16,3.16,3.16,3.16,3.16,1
2023-11-07 21:54:00,113.0,3.16,3.16,3.16,3.16,3.16,1
2023-11-07 22:17:00,300.0,3.16,3.16,3.16,3.16,3.16,1
2023-11-07 22:23:00,100.0,3.16,3.16,3.16,3.16,3.16,1
2023-11-07 22:25:00,1563.0,3.16,3.16,3.16,3.16,3.16,2
2023-11-07 22:28:00,101.0,3.16,3.16,3.16,3.16,3.16,2
2023-11-07 23:19:00,1235.0,3.18,3.18,3.18,3.18,3.18,2
2023-11-07 23:22:00,2000.0,3.2,3.1999,3.2,3.2,3.1999,3
2023-11-07 23:25:00,1410.0,3.1999,3.1999,3.2,3.2,3.1999,4
2023-11-07 23:32:00,400.0,3.2,3.2,3.2,3.2,3.2,1
2023-11-08 00:12:00,1152.0,3.19,3.19,3.19,3.19,3.19,1
2023-11-08 00:17:00,145.0,3.1999,3.1999,3.1999,3.1999,3.1999,1
2023-11-08 00:20:00,1864.0,3.1946,3.2,3.19,3.2,3.19,2
2023-11-08 00:36:00,150.0,3.1931,3.19,3.19,3.19,3.19,5
2023-11-08 09:00:00,6044.0,3.1707,3.16,3.17,3.18,3.16,11
2023-11-08 09:03:00,1825.0,3.17,3.17,3.17,3.17,3.17,5
2023-11-08 09:06:00,10981.0,3.17,3.17,3.17,3.17,3.17,18
2023-11-08 09:15:00,301.0,3.16,3.16,3.16,3.16,3.16,4
2023-11-08 09:19:00,200.0,3.16,3.16,3.16,3.16,3.16,1
2023-11-08 09:21:00,9932.0,3.16,3.16,3.16,3.16,3.16,15
2023-11-08 09:36:00,100.0,3.16,3.16,3.16,3.16,3.16,1
2023-11-08 09:52:00,101.0,3.16,3.16,3.16,3.16,3.16,2
2023-11-08 10:00:00,214.0,3.17,3.17,3.17,3.17,3.17,1
2023-11-08 10:25:00,2350.0,3.17,3.17,3.17,3.17,3.17,4
2023-11-08 10:28:00,100.0,3.17,3.17,3.17,3.17,3.17,1
2023-11-08 10:42:00,350.0,3.17,3.17,3.17,3.17,3.17,2
2023-11-08 10:44:00,500.0,3.17,3.17,3.17,3.17,3.17,1
2023-11-08 10:45:00,500.0,3.17,3.17,3.17,3.17,3.17,2
2023-11-08 10:49:00,100.0,3.17,3.17,3.17,3.17,3.17,1
2023-11-08 10:52:00,1000.0,3.17,3.17,3.17,3.17,3.17,3
2023-11-08 12:00:00,4569.0,3.17,3.17,3.17,3.17,3.17,24
2023-11-08 12:10:00,1100.0,3.17,3.17,3.17,3.17,3.17,2
2023-11-08 12:28:00,555.0,3.18,3.18,3.18,3.18,3.18,2
2023-11-08 12:35:00,150.0,3.18,3.18,3.18,3.18,3.18,4
2023-11-08 12:36:00,300.0,3.18,3.18,3.18,3.18,3.18,3
2023-11-08 12:57:00,600.0,3.18,3.18,3.18,3.18,3.18,1
2023-11-08 13:00:00,16927.0,3.1799,3.1601,3.1799,3.18,3.1601,19
2023-11-08 13:01:00,402.0,3.1775,3.18,3.18,3.18,3.18,9
2023-11-08 13:02:00,850.0,3.166,3.17,3.17,3.17,3.16,11
2023-11-08 13:12:00,100.0,3.18,3.18,3.18,3.18,3.18,1
2023-11-08 13:21:00,252.0,3.18,3.18,3.18,3.18,3.18,2
2023-11-08 13:22:00,629.0,3.18,3.18,3.18,3.18,3.18,1
2023-11-08 13:25:00,558.0,3.18,3.18,3.18,3.18,3.18,1
2023-11-08 13:26:00,3206.0,3.18,3.18,3.18,3.18,3.18,9
2023-11-08 13:33:00,500.0,3.19,3.19,3.19,3.19,3.19,1
2023-11-08 13:41:00,216.0,3.1854,3.18,3.19,3.19,3.18,3
2023-11-08 13:42:00,300.0,3.1893,3.189,3.19,3.19,3.189,3
2023-11-08 14:02:00,501.0,3.19,3.19,3.19,3.19,3.19,2
2023-11-08 14:03:00,3691.0,3.19,3.19,3.19,3.19,3.19,13
2023-11-08 14:06:00,1000.0,3.19,3.19,3.19,3.19,3.19,1
2023-11-08 14:07:00,276.0,3.1802,3.18,3.18,3.18,3.18,5
2023-11-08 14:14:00,100.0,3.19,3.19,3.19,3.19,3.19,1
2023-11-08 14:17:00,1000.0,3.2,3.2,3.2,3.2,3.2,1
2023-11-08 14:18:00,111.0,3.1999,3.2,3.2,3.2,3.2,4
2023-11-08 14:19:00,340.0,3.19,3.19,3.19,3.19,3.19,1
2023-11-08 14:25:00,10286.0,3.2065,3.2,3.2,3.22,3.2,46
2023-11-08 14:26:00,5665.0,3.1809,3.2,3.17,3.2,3.17,34
2023-11-08 14:27:00,6688.0,3.1651,3.17,3.16,3.17,3.15,43
2023-11-08 14:30:00,220738.0,3.1493,3.16,3.1394,3.16,3.1214,312
2023-11-08 14:31:00,51432.0,3.1387,3.14,3.1399,3.1406,3.135,132
2023-11-08 14:32:00,16268.0,3.1367,3.14,3.14,3.14,3.13,53
2023-11-08 14:33:00,50648.0,3.1408,3.135,3.14,3.15,3.13,94
2023-11-08 14:34:00,28595.0,3.1463,3.14,3.14,3.15,3.14,80
2023-11-08 14:35:00,44577.0,3.143,3.14,3.145,3.15,3.135,147
2023-11-08 14:36:00,21965.0,3.1525,3.145,3.1575,3.16,3.145,95
2023-11-08 14:37:00,62807.0,3.1531,3.15,3.155,3.16,3.15,146
2023-11-08 14:38:00,39191.0,3.1565,3.16,3.15,3.16,3.15,96
2023-11-08 14:39:00,69844.0,3.149,3.15,3.145,3.15,3.14,133
2023-11-08 14:40:00,78132.0,3.1503,3.15,3.14,3.16,3.14,174
2023-11-08 14:41:00,78371.0,3.148,3.14,3.14,3.15,3.14,76
2023-11-08 14:42:00,46398.0,3.1468,3.1487,3.145,3.1498,3.14,78
2023-11-08 14:43:00,11648.0,3.1455,3.14,3.14,3.1485,3.14,56
2023-11-08 14:44:00,21278.0,3.1461,3.1409,3.14,3.15,3.14,85
2023-11-08 14:45:00,57395.0,3.1473,3.14,3.155,3.155,3.14,201
2023-11-08 14:46:00,6687.0,3.1552,3.1518,3.15,3.1575,3.15,35
2023-11-08 14:47:00,12062.0,3.1552,3.155,3.15,3.16,3.15,53
2023-11-08 14:48:00,21749.0,3.1535,3.1575,3.15,3.16,3.15,102
2023-11-08 14:49:00,8315.0,3.1554,3.15,3.15,3.16,3.15,55
2023-11-08 14:50:00,44409.0,3.1556,3.15,3.16,3.16,3.15,129
2023-11-08 14:51:00,20472.0,3.1584,3.155,3.15,3.16,3.15,66
2023-11-08 14:52:00,80072.0,3.1608,3.15,3.16,3.17,3.15,174
2023-11-08 14:53:00,29726.0,3.1621,3.165,3.16,3.17,3.16,145
2023-11-08 14:54:00,10460.0,3.1641,3.16,3.16,3.1675,3.16,46
2023-11-08 14:55:00,23175.0,3.1643,3.16,3.16,3.1675,3.16,62
2023-11-08 14:56:00,7587.0,3.1642,3.165,3.165,3.1675,3.16,65
2023-11-08 14:57:00,16644.0,3.1649,3.1675,3.16,3.1681,3.16,74
2023-11-08 14:58:00,155505.0,3.1533,3.16,3.14,3.16,3.14,302
2023-11-08 14:59:00,7255.0,3.1432,3.145,3.14,3.145,3.14,47
2023-11-08 15:00:00,2448.0,3.1402,3.14,3.145,3.145,3.14,34
2023-11-08 15:01:00,2452.0,3.1419,3.14,3.14,3.145,3.14,41
2023-11-08 15:02:00,16212.0,3.1415,3.14,3.145,3.145,3.14,76
2023-11-08 15:03:00,15205.0,3.1411,3.145,3.145,3.145,3.14,66
2023-11-08 15:04:00,5864.0,3.1419,3.14,3.145,3.1499,3.14,53
2023-11-08 15:05:00,8986.0,3.1448,3.145,3.14,3.15,3.14,67
2023-11-08 15:06:00,20009.0,3.1462,3.145,3.15,3.15,3.14,109
2023-11-08 15:07:00,8386.0,3.1467,3.145,3.145,3.15,3.14,54
2023-11-08 15:08:00,208014.0,3.1555,3.15,3.15,3.17,3.14,385
2023-11-08 15:09:00,9700.0,3.1531,3.15,3.15,3.16,3.15,65
2023-11-08 15:10:00,10052.0,3.1535,3.155,3.15,3.16,3.15,51
2023-11-08 15:11:00,64691.0,3.1549,3.155,3.155,3.16,3.15,117
2023-11-08 15:12:00,42001.0,3.1569,3.155,3.16,3.16,3.15,99
2023-11-08 15:13:00,54152.0,3.1579,3.155,3.16,3.16,3.1501,97
2023-11-08 15:14:00,33428.0,3.1584,3.16,3.16,3.16,3.15,138
2023-11-08 15:15:00,28764.0,3.1544,3.155,3.155,3.16,3.15,109
2023-11-08 15:16:00,39780.0,3.157,3.155,3.16,3.16,3.15,91
2023-11-08 15:17:00,28754.0,3.156,3.15,3.15,3.16,3.15,109
2023-11-08 15:18:00,45925.0,3.1554,3.155,3.155,3.16,3.15,132
2023-11-08 15:19:00,11376.0,3.1574,3.155,3.155,3.16,3.15,72
2023-11-08 15:20:00,38377.0,3.1564,3.15,3.155,3.16,3.15,111
2023-11-08 15:21:00,7393.0,3.157,3.155,3.16,3.16,3.15,69
2023-11-08 15:22:00,11353.0,3.1563,3.16,3.15,3.16,3.15,66
2023-11-08 15:23:00,27338.0,3.1579,3.155,3.15,3.16,3.15,99
2023-11-08 15:24:00,9884.0,3.1575,3.155,3.16,3.16,3.15,74
2023-11-08 15:25:00,13850.0,3.1561,3.16,3.155,3.16,3.15,93
2023-11-08 15:26:00,18932.0,3.1573,3.1583,3.155,3.16,3.15,81
2023-11-08 15:27:00,9150.0,3.1577,3.155,3.16,3.16,3.15,62
2023-11-08 15:28:00,13518.0,3.1586,3.16,3.155,3.16,3.15,86
2023-11-08 15:29:00,14371.0,3.1566,3.16,3.15,3.16,3.15,69
2023-11-08 15:30:00,504354.0,3.167,3.16,3.165,3.175,3.15,561
2023-11-08 15:31:00,194375.0,3.1655,3.165,3.16,3.17,3.16,135
2023-11-08 15:32:00,34159.0,3.1626,3.165,3.16,3.17,3.16,89
2023-11-08 15:33:00,66123.0,3.1638,3.165,3.165,3.1675,3.16,89
2023-11-08 15:34:00,159612.0,3.1602,3.16,3.15,3.165,3.15,221
2023-11-08 15:35:00,96869.0,3.1493,3.15,3.14,3.15,3.14,156
2023-11-08 15:36:00,19758.0,3.1487,3.145,3.15,3.15,3.14,53
2023-11-08 15:37:00,10683.0,3.1463,3.1489,3.145,3.15,3.145,48
2023-11-08 15:38:00,4501.0,3.1476,3.15,3.145,3.15,3.1401,52
2023-11-08 15:39:00,1207.0,3.1426,3.14,3.14,3.145,3.14,35
2023-11-08 15:40:00,18915.0,3.141,3.145,3.14,3.145,3.14,62
2023-11-08 15:41:00,2946.0,3.1409,3.14,3.14,3.145,3.14,36
2023-11-08 15:42:00,11034.0,3.1433,3.145,3.145,3.15,3.14,49
2023-11-08 15:43:00,8805.0,3.1443,3.145,3.14,3.15,3.14,31
2023-11-08 15:44:00,14853.0,3.1464,3.145,3.1491,3.15,3.14,45
2023-11-08 15:45:00,19308.0,3.1484,3.145,3.15,3.15,3.14,43
2023-11-08 15:46:00,18794.0,3.144,3.15,3.14,3.15,3.14,39
2023-11-08 15:47:00,24244.0,3.1424,3.14,3.145,3.15,3.14,62
2023-11-08 15:48:00,33355.0,3.1451,3.145,3.15,3.15,3.14,57
2023-11-08 15:49:00,22111.0,3.1442,3.145,3.145,3.15,3.14,41
2023-11-08 15:50:00,18808.0,3.1441,3.14,3.145,3.15,3.14,39
2023-11-08 15:51:00,25769.0,3.1449,3.14,3.15,3.15,3.14,38
2023-11-08 15:52:00,22395.0,3.1448,3.15,3.145,3.15,3.14,64
2023-11-08 15:53:00,8312.0,3.1444,3.145,3.145,3.145,3.14,55
2023-11-08 15:54:00,11280.0,3.1421,3.145,3.145,3.145,3.14,54
2023-11-08 15:55:00,464774.0,3.1448,3.145,3.145,3.145,3.14,67
2023-11-08 15:56:00,20797.0,3.1451,3.145,3.145,3.149,3.14,55
2023-11-08 15:57:00,28489.0,3.1415,3.142,3.15,3.15,3.14,60
2023-11-08 15:58:00,17671.0,3.1435,3.14,3.14,3.1481,3.14,53
2023-11-08 15:59:00,9146.0,3.1421,3.145,3.145,3.1497,3.14,65
2023-11-08 16:00:00,8921.0,3.1431,3.145,3.145,3.1475,3.14,32
2023-11-08 16:01:00,21807.0,3.1457,3.14,3.14,3.15,3.14,86
2023-11-08 16:02:00,6276.0,3.1449,3.1415,3.15,3.15,3.14,35
2023-11-08 16:03:00,18968.0,3.1439,3.14,3.145,3.15,3.14,42
2023-11-08 16:04:00,63058.0,3.1465,3.15,3.145,3.15,3.145,116
2023-11-08 16:05:00,28351.0,3.1445,3.14,3.145,3.15,3.14,53
2023-11-08 16:06:00,32138.0,3.1459,3.145,3.145,3.15,3.14,45
2023-11-08 16:07:00,8375.0,3.1424,3.145,3.15,3.15,3.14,32
2023-11-08 16:08:00,28608.0,3.1437,3.145,3.14,3.145,3.14,134
2023-11-08 16:09:00,79246.0,3.1477,3.145,3.14,3.15,3.14,56
2023-11-08 16:10:00,5547.0,3.1449,3.145,3.145,3.15,3.1426,38
2023-11-08 16:11:00,39490.0,3.1447,3.145,3.145,3.15,3.14,83
2023-11-08 16:12:00,6918.0,3.1418,3.145,3.142,3.145,3.14,21
2023-11-08 16:13:00,9084.0,3.1442,3.14,3.145,3.15,3.14,44
2023-11-08 16:14:00,10952.0,3.143,3.145,3.1475,3.1475,3.14,23
2023-11-08 16:15:00,30725.0,3.1431,3.1486,3.145,3.15,3.14,103
2023-11-08 16:16:00,10422.0,3.1445,3.145,3.1475,3.1475,3.14,79
2023-11-08 16:17:00,13938.0,3.1422,3.145,3.145,3.15,3.14,45
2023-11-08 16:18:00,6878.0,3.1449,3.15,3.145,3.15,3.14,53
2023-11-08 16:19:00,12737.0,3.143,3.145,3.14,3.15,3.14,59
2023-11-08 16:20:00,2130.0,3.1448,3.14,3.14,3.15,3.14,42
2023-11-08 16:21:00,9184.0,3.1425,3.14,3.145,3.15,3.14,58
2023-11-08 16:22:00,9314.0,3.1431,3.15,3.145,3.15,3.14,49
2023-11-08 16:23:00,3905.0,3.145,3.14,3.14,3.15,3.14,40
2023-11-08 16:24:00,7041.0,3.1417,3.145,3.15,3.15,3.14,33
2023-11-08 16:25:00,17966.0,3.143,3.145,3.145,3.1475,3.14,73
2023-11-08 16:26:00,10189.0,3.1424,3.145,3.14,3.1475,3.14,57
2023-11-08 16:27:00,37455.0,3.1475,3.14,3.145,3.1483,3.14,54
2023-11-08 16:28:00,9420.0,3.1426,3.14,3.1475,3.15,3.14,38
2023-11-08 16:29:00,22645.0,3.1482,3.14,3.145,3.15,3.14,54
2023-11-08 16:30:00,8895.0,3.1422,3.145,3.14,3.15,3.14,31
2023-11-08 16:31:00,5773.0,3.1446,3.14,3.14,3.1472,3.14,27
2023-11-08 16:32:00,286311.0,3.1478,3.14,3.145,3.15,3.14,336
2023-11-08 16:33:00,19810.0,3.1461,3.145,3.145,3.15,3.145,41
2023-11-08 16:34:00,4441.0,3.143,3.145,3.1421,3.15,3.14,22
2023-11-08 16:35:00,15566.0,3.145,3.15,3.145,3.15,3.1415,42
2023-11-08 16:36:00,8615.0,3.1422,3.14,3.145,3.145,3.14,30
2023-11-08 16:37:00,13303.0,3.1433,3.145,3.145,3.145,3.14,50
2023-11-08 16:38:00,10566.0,3.1448,3.145,3.145,3.145,3.14,30
2023-11-08 16:39:00,9093.0,3.1442,3.145,3.145,3.145,3.14,42
2023-11-08 16:40:00,23928.0,3.144,3.14,3.145,3.145,3.14,44
2023-11-08 16:41:00,8217.0,3.142,3.145,3.145,3.15,3.14,29
2023-11-08 16:42:00,5456.0,3.1458,3.15,3.145,3.15,3.145,33
2023-11-08 16:43:00,13880.0,3.1419,3.145,3.145,3.15,3.14,30
2023-11-08 16:44:00,63100.0,3.1455,3.15,3.145,3.15,3.14,106
2023-11-08 16:45:00,16438.0,3.1465,3.145,3.145,3.1499,3.14,19
2023-11-08 16:46:00,7995.0,3.1443,3.15,3.145,3.15,3.14,31
2023-11-08 16:47:00,8559.0,3.1418,3.145,3.14,3.15,3.14,27
2023-11-08 16:48:00,10843.0,3.1448,3.145,3.145,3.15,3.14,27
2023-11-08 16:49:00,8797.0,3.1419,3.145,3.145,3.15,3.14,28
2023-11-08 16:50:00,88283.0,3.1454,3.15,3.145,3.15,3.14,80
2023-11-08 16:51:00,11427.0,3.1429,3.145,3.145,3.15,3.14,39
2023-11-08 16:52:00,5770.0,3.144,3.14,3.145,3.15,3.14,40
2023-11-08 16:53:00,12347.0,3.1431,3.145,3.14,3.15,3.14,56
2023-11-08 16:54:00,3604.0,3.1443,3.145,3.145,3.15,3.14,55
2023-11-08 16:55:00,14950.0,3.1431,3.14,3.14,3.15,3.14,46
2023-11-08 16:56:00,6194.0,3.1447,3.14,3.145,3.145,3.14,44
2023-11-08 16:57:00,9799.0,3.1424,3.145,3.14,3.145,3.14,38
2023-11-08 16:58:00,15758.0,3.144,3.145,3.145,3.145,3.14,43
2023-11-08 16:59:00,6775.0,3.1433,3.145,3.145,3.145,3.14,50
2023-11-08 17:00:00,15417.0,3.1428,3.145,3.145,3.145,3.14,85
2023-11-08 17:01:00,6141.0,3.1424,3.14,3.145,3.145,3.14,42
2023-11-08 17:02:00,198297.0,3.1389,3.14,3.1301,3.145,3.13,308
2023-11-08 17:03:00,432846.0,3.1415,3.13,3.155,3.1599,3.13,432
2023-11-08 17:04:00,8341.0,3.1503,3.155,3.15,3.155,3.15,140
2023-11-08 17:05:00,13553.0,3.1502,3.15,3.155,3.155,3.15,76
2023-11-08 17:06:00,77727.0,3.1508,3.15,3.15,3.155,3.15,114
2023-11-08 17:07:00,115305.0,3.1495,3.15,3.1599,3.1599,3.14,152
2023-11-08 17:08:00,68129.0,3.1598,3.15,3.165,3.165,3.15,78
2023-11-08 17:09:00,1408.0,3.1652,3.165,3.17,3.17,3.165,18
2023-11-08 17:10:00,4320.0,3.1661,3.17,3.17,3.17,3.165,22
2023-11-08 17:11:00,57933.0,3.1701,3.165,3.175,3.175,3.165,118
2023-11-08 17:12:00,1114.0,3.1746,3.175,3.175,3.18,3.1716,18
2023-11-08 17:13:00,4118.0,3.175,3.175,3.175,3.18,3.17,23
2023-11-08 17:14:00,1527.0,3.1755,3.175,3.175,3.18,3.175,23
2023-11-08 17:15:00,4280.0,3.1743,3.17,3.175,3.175,3.17,41
2023-11-08 17:16:00,8643.0,3.1681,3.175,3.175,3.175,3.17,32
2023-11-08 17:17:00,7414.0,3.1724,3.175,3.175,3.175,3.17,33
2023-11-08 17:18:00,6339.0,3.177,3.175,3.175,3.1785,3.175,29
2023-11-08 17:19:00,11480.0,3.1731,3.175,3.18,3.18,3.17,46
2023-11-08 17:20:00,13761.0,3.1737,3.175,3.175,3.18,3.17,42
2023-11-08 17:21:00,5091.0,3.1751,3.175,3.175,3.18,3.175,22
2023-11-08 17:22:00,27677.0,3.1736,3.175,3.1703,3.1783,3.17,36
2023-11-08 17:23:00,9021.0,3.1744,3.175,3.17,3.1785,3.17,23
2023-11-08 17:24:00,3356.0,3.173,3.175,3.17,3.175,3.17,44
2023-11-08 17:25:00,22398.0,3.174,3.175,3.175,3.175,3.17,54
2023-11-08 17:26:00,9760.0,3.1728,3.175,3.175,3.175,3.17,43
2023-11-08 17:27:00,8934.0,3.1724,3.17,3.17,3.1775,3.17,44
2023-11-08 17:28:00,12971.0,3.1719,3.175,3.175,3.175,3.17,40
2023-11-08 17:29:00,2100.0,3.1716,3.175,3.175,3.175,3.17,40
2023-11-08 17:30:00,119535.0,3.1694,3.175,3.1674,3.175,3.165,179
2023-11-08 17:31:00,6332.0,3.1618,3.165,3.165,3.17,3.16,35
2023-11-08 17:32:00,1931.0,3.163,3.16,3.16,3.17,3.16,24
2023-11-08 17:33:00,7140.0,3.1628,3.17,3.165,3.17,3.16,37
2023-11-08 17:34:00,1617.0,3.1644,3.17,3.165,3.17,3.16,27
2023-11-08 17:35:00,7445.0,3.1621,3.16,3.16,3.1683,3.16,35
2023-11-08 17:36:00,8371.0,3.1648,3.165,3.165,3.17,3.16,34
2023-11-08 17:37:00,20918.0,3.1648,3.16,3.16,3.17,3.16,58
2023-11-08 17:38:00,11902.0,3.1652,3.165,3.165,3.17,3.16,43
2023-11-08 17:39:00,140014.0,3.1699,3.165,3.175,3.18,3.16,180
2023-11-08 17:40:00,5887.0,3.172,3.18,3.18,3.18,3.17,31
2023-11-08 17:41:00,11016.0,3.1737,3.18,3.175,3.18,3.17,28
2023-11-08 17:42:00,31024.0,3.1742,3.1726,3.175,3.18,3.1726,26
2023-11-08 17:43:00,18786.0,3.1734,3.175,3.175,3.18,3.17,60
2023-11-08 17:44:00,375789.0,3.178,3.175,3.175,3.185,3.17,283
2023-11-08 17:45:00,14252.0,3.175,3.175,3.175,3.175,3.175,28
2023-11-08 17:46:00,2983.0,3.1755,3.175,3.18,3.18,3.17,26
2023-11-08 17:47:00,6178.0,3.1751,3.175,3.175,3.18,3.175,20
2023-11-08 17:48:00,8211.0,3.1749,3.175,3.175,3.18,3.17,21
2023-11-08 17:49:00,4151.0,3.1741,3.17,3.175,3.175,3.17,23
2023-11-08 17:50:00,1807.0,3.1731,3.175,3.175,3.175,3.17,21
2023-11-08 17:51:00,17091.0,3.1775,3.175,3.18,3.18,3.17,23
2023-11-08 17:52:00,11456.0,3.1754,3.175,3.175,3.18,3.17,50
2023-11-08 17:53:00,6488.0,3.1745,3.175,3.175,3.18,3.17,34
2023-11-08 17:54:00,5095.0,3.1745,3.17,3.17,3.18,3.17,34
2023-11-08 17:55:00,5561.0,3.1739,3.175,3.175,3.18,3.17,48
2023-11-08 17:56:00,10549.0,3.1749,3.175,3.175,3.18,3.17,49
2023-11-08 17:57:00,7843.0,3.173,3.175,3.175,3.18,3.17,39
2023-11-08 17:58:00,10540.0,3.178,3.175,3.175,3.18,3.175,26
2023-11-08 17:59:00,8255.0,3.1726,3.175,3.175,3.1799,3.17,47
2023-11-08 18:00:00,11329.0,3.1762,3.175,3.175,3.18,3.1722,45
2023-11-08 18:01:00,8464.0,3.1718,3.1799,3.175,3.1799,3.17,32
2023-11-08 18:02:00,68122.0,3.1765,3.175,3.18,3.18,3.17,158
2023-11-08 18:03:00,43784.0,3.1772,3.18,3.18,3.18,3.17,136
2023-11-08 18:04:00,10659.0,3.1793,3.18,3.1795,3.18,3.175,50
2023-11-08 18:05:00,458126.0,3.183,3.1795,3.1819,3.19,3.1714,343
2023-11-08 18:06:00,15866.0,3.1859,3.185,3.185,3.19,3.185,44
2023-11-08 18:07:00,10737.0,3.1855,3.185,3.185,3.19,3.182,25
2023-11-08 18:08:00,11194.0,3.185,3.19,3.185,3.19,3.1801,35
2023-11-08 18:09:00,7084.0,3.1852,3.185,3.19,3.19,3.185,41
2023-11-08 18:10:00,16705.0,3.1832,3.18,3.19,3.19,3.18,36
2023-11-08 18:11:00,5927.0,3.1879,3.19,3.19,3.19,3.185,39
2023-11-08 18:12:00,5061.0,3.1888,3.19,3.19,3.19,3.185,32
2023-11-08 18:13:00,21137.0,3.1886,3.185,3.1899,3.19,3.185,62
2023-11-08 18:14:00,48516.0,3.1911,3.19,3.195,3.2,3.19,137
2023-11-08 18:15:00,22319.0,3.1989,3.2,3.1999,3.2,3.19,57
2023-11-08 18:16:00,17679.0,3.1958,3.19,3.2,3.2,3.19,55
2023-11-08 18:17:00,6383.0,3.1981,3.195,3.1999,3.2,3.19,33
2023-11-08 18:18:00,4310.0,3.1953,3.195,3.195,3.2,3.195,38
2023-11-08 18:19:00,11700.0,3.1958,3.2,3.195,3.2,3.1922,37
2023-11-08 18:20:00,8624.0,3.1968,3.195,3.195,3.2,3.19,41
2023-11-08 18:21:00,2986.0,3.1959,3.2,3.195,3.2,3.19,31
2023-11-08 18:22:00,251429.0,3.2004,3.2,3.205,3.2075,3.195,241
2023-11-08 18:23:00,51195.0,3.1986,3.2,3.195,3.205,3.195,117
2023-11-08 18:24:00,16636.0,3.1931,3.19,3.195,3.2,3.19,20
2023-11-08 18:25:00,4438.0,3.197,3.2,3.2,3.2,3.1918,25
2023-11-08 18:26:00,859.0,3.1972,3.2,3.2,3.2,3.1978,15
2023-11-08 18:27:00,1163.0,3.1959,3.2,3.195,3.2,3.195,23
2023-11-08 18:28:00,7749.0,3.1981,3.195,3.195,3.2,3.195,43
2023-11-08 18:29:00,8411.0,3.1937,3.195,3.19,3.195,3.19,64
2023-11-08 18:30:00,7319.0,3.192,3.2,3.195,3.2,3.19,44
2023-11-08 18:31:00,11000.0,3.193,3.19,3.195,3.195,3.19,49
2023-11-08 18:32:00,8041.0,3.1918,3.19,3.195,3.195,3.19,36
2023-11-08 18:33:00,9914.0,3.193,3.195,3.195,3.2,3.19,42
2023-11-08 18:34:00,5763.0,3.1921,3.1915,3.19,3.2,3.19,35
2023-11-08 18:35:00,2514.0,3.1918,3.195,3.19,3.195,3.19,28
2023-11-08 18:36:00,10969.0,3.1928,3.1902,3.195,3.2,3.19,51
2023-11-08 18:37:00,7680.0,3.1945,3.195,3.195,3.195,3.19,55
2023-11-08 18:38:00,18254.0,3.1939,3.195,3.195,3.195,3.19,33
2023-11-08 18:39:00,7995.0,3.1903,3.195,3.19,3.195,3.19,40
2023-11-08 18:40:00,1634.0,3.1928,3.195,3.195,3.195,3.195,33
2023-11-08 18:41:00,248215.0,3.1895,3.19,3.1897,3.195,3.1821,235
2023-11-08 18:42:00,6837.0,3.1821,3.188,3.19,3.19,3.18,28
2023-11-08 18:43:00,119556.0,3.185,3.185,3.185,3.185,3.185,26
2023-11-08 18:44:00,4547.0,3.1807,3.18,3.185,3.185,3.18,16
2023-11-08 18:45:00,6369.0,3.1814,3.185,3.185,3.185,3.18,22
2023-11-08 18:46:00,1106.0,3.1862,3.1879,3.185,3.19,3.18,14
2023-11-08 18:47:00,24505.0,3.1842,3.19,3.18,3.19,3.18,42
2023-11-08 18:48:00,158888.0,3.1802,3.185,3.185,3.185,3.18,151
2023-11-08 18:49:00,19532.0,3.18,3.18,3.18,3.1801,3.18,41
2023-11-08 18:50:00,7444.0,3.181,3.185,3.18,3.185,3.18,38
2023-11-08 18:51:00,9811.0,3.1811,3.185,3.185,3.185,3.18,42
2023-11-08 18:52:00,1462.0,3.1813,3.18,3.185,3.185,3.18,26
2023-11-08 18:53:00,5709.0,3.1808,3.1871,3.18,3.1871,3.18,28
2023-11-08 18:54:00,9932.0,3.1823,3.185,3.18,3.1898,3.18,43
2023-11-08 18:55:00,1548.0,3.181,3.185,3.18,3.185,3.18,23
2023-11-08 18:56:00,12239.0,3.1829,3.185,3.18,3.185,3.18,40
2023-11-08 18:57:00,6558.0,3.1816,3.18,3.185,3.185,3.18,34
2023-11-08 18:58:00,10358.0,3.1826,3.18,3.185,3.185,3.18,28
2023-11-08 18:59:00,12233.0,3.1822,3.185,3.1875,3.1875,3.18,33
2023-11-08 19:00:00,3371.0,3.1815,3.185,3.18,3.185,3.18,27
2023-11-08 19:01:00,11227.0,3.1824,3.18,3.18,3.1875,3.18,45
2023-11-08 19:02:00,2838.0,3.1817,3.18,3.18,3.185,3.18,27
2023-11-08 19:03:00,11464.0,3.1832,3.18,3.185,3.1875,3.18,57
2023-11-08 19:04:00,7614.0,3.1817,3.18,3.18,3.19,3.18,45
2023-11-08 19:05:00,13227.0,3.1861,3.18,3.18,3.1899,3.18,45
2023-11-08 19:06:00,10145.0,3.1827,3.18,3.18,3.1875,3.18,64
2023-11-08 19:07:00,15489.0,3.1847,3.18,3.185,3.185,3.18,39
2023-11-08 19:08:00,72163.0,3.1859,3.185,3.185,3.19,3.18,150
2023-11-08 19:09:00,7634.0,3.183,3.18,3.18,3.19,3.18,31
2023-11-08 19:10:00,4971.0,3.1846,3.18,3.18,3.19,3.18,32
2023-11-08 19:11:00,7359.0,3.1872,3.18,3.18,3.19,3.18,36
2023-11-08 19:12:00,7553.0,3.1818,3.185,3.18,3.19,3.18,35
2023-11-08 19:13:00,8444.0,3.1871,3.185,3.185,3.19,3.18,39
2023-11-08 19:14:00,9435.0,3.1828,3.18,3.185,3.19,3.18,43
2023-11-08 19:15:00,16626.0,3.185,3.185,3.185,3.19,3.18,74
2023-11-08 19:16:00,3204.0,3.1853,3.185,3.185,3.19,3.185,25
2023-11-08 19:17:00,11297.0,3.1847,3.19,3.185,3.19,3.18,36
2023-11-08 19:18:00,10677.0,3.1845,3.18,3.185,3.185,3.18,56
2023-11-08 19:19:00,20203.0,3.1841,3.185,3.19,3.19,3.18,51
2023-11-08 19:20:00,8731.0,3.1849,3.185,3.185,3.19,3.18,47
2023-11-08 19:21:00,16934.0,3.1862,3.185,3.185,3.19,3.185,84
2023-11-08 19:22:00,156839.0,3.1895,3.19,3.195,3.195,3.18,246
2023-11-08 19:23:00,12715.0,3.1967,3.195,3.2,3.2,3.19,39
2023-11-08 19:24:00,4649.0,3.1953,3.195,3.195,3.2,3.195,25
2023-11-08 19:25:00,11361.0,3.1985,3.19,3.195,3.2,3.19,41
2023-11-08 19:26:00,221746.0,3.1899,3.19,3.185,3.195,3.185,187
2023-11-08 19:27:00,2847.0,3.1849,3.185,3.185,3.185,3.185,20
2023-11-08 19:28:00,50456.0,3.182,3.185,3.185,3.185,3.18,79
2023-11-08 19:29:00,45140.0,3.1802,3.18,3.185,3.185,3.18,69
2023-11-08 19:30:00,257617.0,3.179,3.18,3.175,3.185,3.17,258
2023-11-08 19:31:00,462403.0,3.1801,3.18,3.185,3.185,3.175,231
2023-11-08 19:32:00,19434.0,3.1881,3.185,3.185,3.19,3.185,40
2023-11-08 19:33:00,5613.0,3.185,3.185,3.185,3.185,3.1836,34
2023-11-08 19:34:00,6023.0,3.1858,3.185,3.185,3.19,3.185,27
2023-11-08 19:35:00,2488.0,3.187,3.19,3.18,3.19,3.18,16
2023-11-08 19:36:00,6553.0,3.1849,3.1899,3.185,3.19,3.18,41
2023-11-08 19:37:00,10274.0,3.1842,3.18,3.18,3.19,3.18,46
2023-11-08 19:38:00,8202.0,3.1847,3.185,3.18,3.19,3.18,39
2023-11-08 19:39:00,10660.0,3.1865,3.18,3.185,3.19,3.18,49
2023-11-08 19:40:00,116408.0,3.1837,3.185,3.185,3.19,3.18,116
2023-11-08 19:41:00,309813.0,3.1802,3.18,3.185,3.185,3.18,39
2023-11-08 19:42:00,5762.0,3.1851,3.185,3.185,3.19,3.185,24
2023-11-08 19:43:00,8054.0,3.1862,3.185,3.185,3.19,3.1846,54
2023-11-08 19:44:00,8113.0,3.1855,3.18,3.19,3.19,3.18,39
2023-11-08 19:45:00,16891.0,3.1818,3.185,3.185,3.185,3.18,37
2023-11-08 19:46:00,5952.0,3.1815,3.18,3.185,3.185,3.18,25
2023-11-08 19:47:00,17734.0,3.1828,3.18,3.185,3.185,3.18,53
2023-11-08 19:48:00,16699.0,3.1848,3.185,3.185,3.19,3.18,65
2023-11-08 19:49:00,11053.0,3.1812,3.18,3.18,3.185,3.18,36
2023-11-08 19:50:00,9434.0,3.1844,3.185,3.185,3.19,3.18,58
2023-11-08 19:51:00,33469.0,3.1857,3.18,3.185,3.19,3.18,105
2023-11-08 19:52:00,26258.0,3.186,3.18,3.19,3.19,3.18,77
2023-11-08 19:53:00,31807.0,3.1835,3.185,3.185,3.19,3.18,88
2023-11-08 19:54:00,11098.0,3.1873,3.19,3.19,3.19,3.185,29
2023-11-08 19:55:00,102461.0,3.181,3.185,3.18,3.19,3.18,128
2023-11-08 19:56:00,24108.0,3.1848,3.185,3.185,3.19,3.18,82
2023-11-08 19:57:00,26668.0,3.1821,3.18,3.185,3.185,3.18,49
2023-11-08 19:58:00,9420.0,3.1833,3.18,3.18,3.185,3.18,44
2023-11-08 19:59:00,85931.0,3.1828,3.185,3.185,3.19,3.18,94
2023-11-08 20:00:00,16678.0,3.1838,3.185,3.185,3.1897,3.18,45
2023-11-08 20:01:00,19173.0,3.1804,3.185,3.18,3.185,3.18,31
2023-11-08 20:02:00,18990.0,3.1808,3.185,3.185,3.19,3.18,61
2023-11-08 20:03:00,63491.0,3.1843,3.18,3.185,3.1899,3.18,119
2023-11-08 20:04:00,30124.0,3.1823,3.185,3.18,3.185,3.18,83
2023-11-08 20:05:00,10154.0,3.1818,3.185,3.185,3.185,3.18,60
2023-11-08 20:06:00,20553.0,3.1818,3.18,3.18,3.19,3.18,78
2023-11-08 20:07:00,27823.0,3.1805,3.185,3.185,3.185,3.18,86
2023-11-08 20:08:00,13401.0,3.1839,3.18,3.185,3.185,3.18,56
2023-11-08 20:09:00,39326.0,3.1804,3.185,3.18,3.185,3.18,87
2023-11-08 20:10:00,39343.0,3.1813,3.18,3.18,3.185,3.18,82
2023-11-08 20:11:00,211822.0,3.1783,3.18,3.17,3.1889,3.17,343
2023-11-08 20:12:00,23663.0,3.175,3.175,3.17,3.18,3.17,74
2023-11-08 20:13:00,431584.0,3.1805,3.17,3.185,3.1875,3.17,281
2023-11-08 20:14:00,8650.0,3.1859,3.185,3.185,3.1899,3.185,23
2023-11-08 20:15:00,24585.0,3.1859,3.185,3.185,3.1875,3.18,27
2023-11-08 20:16:00,5877.0,3.1842,3.185,3.185,3.19,3.18,35
2023-11-08 20:17:00,56855.0,3.1873,3.185,3.185,3.19,3.18,96
2023-11-08 20:18:00,21320.0,3.1849,3.185,3.18,3.185,3.18,39
2023-11-08 20:19:00,70826.0,3.182,3.185,3.185,3.185,3.18,105
2023-11-08 20:20:00,16345.0,3.1835,3.18,3.18,3.185,3.18,76
2023-11-08 20:21:00,11073.0,3.1825,3.185,3.185,3.185,3.18,55
2023-11-08 20:22:00,4887.0,3.1815,3.18,3.185,3.185,3.18,33
2023-11-08 20:23:00,21878.0,3.1807,3.18,3.185,3.1865,3.18,69
2023-11-08 20:24:00,12968.0,3.1813,3.185,3.18,3.185,3.18,67
2023-11-08 20:25:00,11528.0,3.183,3.18,3.18,3.185,3.18,67
2023-11-08 20:26:00,26290.0,3.1816,3.18,3.18,3.185,3.18,65
2023-11-08 20:27:00,10807.0,3.184,3.185,3.18,3.185,3.18,63
2023-11-08 20:28:00,29044.0,3.1827,3.18,3.18,3.19,3.18,105
2023-11-08 20:29:00,72901.0,3.1804,3.18,3.18,3.185,3.18,171
2023-11-08 20:30:00,332068.0,3.1789,3.185,3.175,3.185,3.17,444
2023-11-08 20:31:00,504912.0,3.1799,3.1795,3.18,3.185,3.17,331
2023-11-08 20:32:00,396921.0,3.1814,3.185,3.175,3.19,3.17,312
2023-11-08 20:33:00,13826.0,3.1735,3.17,3.175,3.175,3.17,49
2023-11-08 20:34:00,7932.0,3.1739,3.175,3.17,3.175,3.17,43
2023-11-08 20:35:00,24537.0,3.1712,3.175,3.17,3.175,3.17,73
2023-11-08 20:36:00,83507.0,3.1706,3.175,3.175,3.175,3.17,153
2023-11-08 20:37:00,20827.0,3.1729,3.175,3.17,3.175,3.17,100
2023-11-08 20:38:00,55655.0,3.1718,3.175,3.175,3.175,3.17,214
2023-11-08 20:39:00,23337.0,3.1744,3.17,3.175,3.18,3.17,153
2023-11-08 20:40:00,72738.0,3.1732,3.175,3.175,3.1794,3.17,237
2023-11-08 20:41:00,27891.0,3.1745,3.17,3.175,3.18,3.17,159
2023-11-08 20:42:00,65981.0,3.1717,3.175,3.175,3.1785,3.17,183
2023-11-08 20:43:00,43741.0,3.1767,3.17,3.175,3.18,3.17,159
2023-11-08 20:44:00,238466.0,3.1708,3.175,3.17,3.18,3.17,367
2023-11-08 20:45:00,84129.0,3.1716,3.175,3.175,3.175,3.17,215
2023-11-08 20:46:00,90785.0,3.1719,3.17,3.17,3.1799,3.17,196
2023-11-08 20:47:00,78251.0,3.1711,3.175,3.175,3.1783,3.17,208
2023-11-08 20:48:00,156584.0,3.1718,3.175,3.175,3.179,3.17,360
2023-11-08 20:49:00,195092.0,3.1737,3.17,3.175,3.18,3.17,484
2023-11-08 20:50:00,122515.0,3.1726,3.175,3.175,3.1799,3.17,304
2023-11-08 20:51:00,1126610.0,3.1803,3.17,3.185,3.19,3.17,1015
2023-11-08 20:52:00,56219.0,3.1885,3.1885,3.185,3.19,3.185,200
2023-11-08 20:53:00,101012.0,3.1869,3.19,3.185,3.19,3.18,343
2023-11-08 20:54:00,165754.0,3.1887,3.185,3.185,3.19,3.18,421
2023-11-08 20:55:00,124284.0,3.1867,3.185,3.185,3.19,3.18,417
2023-11-08 20:56:00,170321.0,3.1881,3.19,3.19,3.19,3.18,529
2023-11-08 20:57:00,259368.0,3.1861,3.1899,3.185,3.19,3.18,503
2023-11-08 20:58:00,658750.0,3.1867,3.19,3.19,3.19,3.18,800
2023-11-08 20:59:00,788901.0,3.1847,3.19,3.18,3.19,3.18,1121
2023-11-08 21:00:00,74870.0,3.1906,3.19,3.2,3.2,3.19,12
2023-11-08 21:10:00,321.0,3.1897,3.1897,3.1897,3.1897,3.1897,2
2023-11-08 21:15:00,100.0,3.19,3.19,3.19,3.19,3.19,1
2023-11-08 21:16:00,5100.0,3.19,3.19,3.19,3.19,3.19,2
2023-11-08 21:23:00,607.0,3.19,3.19,3.19,3.19,3.19,3
2023-11-08 21:27:00,1854.0,3.19,3.19,3.19,3.19,3.19,5
2023-11-08 21:33:00,3100.0,3.1898,3.1898,3.19,3.19,3.1898,2
2023-11-08 21:37:00,100.0,3.19,3.19,3.19,3.19,3.19,1
2023-11-08 21:39:00,200.0,3.19,3.19,3.19,3.19,3.19,3
2023-11-08 21:40:00,209.0,3.18,3.18,3.18,3.18,3.18,4
2023-11-08 21:41:00,1050.0,3.18,3.18,3.18,3.18,3.18,6
2023-11-08 21:46:00,1000.0,3.18,3.18,3.18,3.18,3.18,7
2023-11-08 21:48:00,3280.0,3.18,3.18,3.18,3.18,3.18,3
2023-11-08 21:49:00,4281.0,3.1723,3.17,3.18,3.18,3.17,3
2023-11-08 21:52:00,500.0,3.18,3.18,3.18,3.18,3.18,4
2023-11-08 21:57:00,300.0,3.1797,3.1797,3.1797,3.1797,3.1797,1
2023-11-08 22:02:00,5000.0,3.18,3.18,3.18,3.18,3.18,11
2023-11-08 22:06:00,105.0,3.18,3.18,3.18,3.18,3.18,2
2023-11-08 22:14:00,500.0,3.18,3.18,3.18,3.18,3.18,1
2023-11-08 22:28:00,340.0,3.18,3.18,3.18,3.18,3.18,3
2023-11-08 22:37:00,9962.0,3.1921,3.18,3.2,3.2,3.18,8
2023-11-08 22:45:00,2000.0,3.21,3.21,3.21,3.21,3.21,1
2023-11-08 22:48:00,360.0,3.2,3.2,3.2,3.2,3.2,1
2023-11-08 22:50:00,7000.0,3.21,3.21,3.21,3.21,3.21,1
2023-11-08 22:51:00,370.0,3.2003,3.2,3.2,3.2,3.2,3
2023-11-08 22:57:00,451.0,3.2058,3.22,3.2,3.22,3.2,3
2023-11-08 23:03:00,1000.0,3.2,3.2,3.2,3.2,3.2,1
2023-11-08 23:09:00,468.0,3.2199,3.22,3.22,3.22,3.2197,3
2023-11-08 23:11:00,604.0,3.22,3.22,3.22,3.22,3.22,2
2023-11-08 23:13:00,316.0,3.22,3.22,3.22,3.22,3.22,3
2023-11-08 23:42:00,520.0,3.22,3.22,3.22,3.22,3.22,2
2023-11-08 23:43:00,1000.0,3.22,3.22,3.22,3.22,3.22,1
2023-11-08 23:45:00,1000.0,3.2197,3.2197,3.2197,3.2197,3.2197,1
2023-11-08 23:54:00,480.0,3.22,3.22,3.22,3.22,3.22,2
2023-11-08 23:56:00,16578.0,3.2103,3.2103,3.2103,3.2103,3.2103,4
2023-11-08 23:59:00,3800.0,3.22,3.22,3.22,3.22,3.22,1
2023-11-09 00:03:00,2000.0,3.22,3.22,3.22,3.22,3.22,2
2023-11-09 00:33:00,4600.0,3.22,3.22,3.22,3.22,3.22,2
2023-11-09 00:35:00,300.0,3.2199,3.2199,3.2199,3.2199,3.2199,1
2023-11-09 00:36:00,609.0,3.22,3.22,3.22,3.22,3.22,6
2023-11-09 00:37:00,1963.0,3.21,3.21,3.21,3.21,3.21,2
2023-11-09 00:44:00,1000.0,3.22,3.22,3.22,3.22,3.22,3
2023-11-09 00:48:00,3546.0,3.2198,3.2198,3.2198,3.2198,3.2198,1
2023-11-09 00:51:00,1000.0,3.2021,3.21,3.2,3.21,3.2,5
2023-11-09 00:59:00,509.0,3.23,3.23,3.23,3.23,3.23,4
