t,v,vw,o,c,h,l,n
2024-03-25 12:00:00,300,4.29,4.29,4.29,4.29,4.29,1
2024-03-25 13:30:00,10221,4.2699,4.25,4.27,4.27,4.25,8
2024-03-25 13:31:00,968,4.2685,4.27,4.27,4.27,4.265,5
2024-03-25 13:32:00,290,4.2664,4.2677,4.265,4.2677,4.265,2
2024-03-25 13:35:00,201,4.27,4.27,4.27,4.27,4.27,3
2024-03-25 13:37:00,1198,4.2625,4.265,4.26,4.265,4.26,6
2024-03-25 13:39:00,1002,4.2609,4.2609,4.2609,4.2609,4.2609,2
2024-03-25 13:40:00,1413,4.2677,4.2677,4.2677,4.2677,4.2677,1
2024-03-25 13:41:00,100,4.27,4.27,4.27,4.27,4.27,1
2024-03-25 13:44:00,800,4.2696,4.2693,4.27,4.27,4.2693,4
2024-03-25 13:48:00,373,4.2685,4.27,4.2691,4.27,4.2691,4
2024-03-25 13:49:00,1420,4.2671,4.27,4.265,4.27,4.265,14
2024-03-25 13:50:00,1068,4.2679,4.27,4.27,4.27,4.265,8
2024-03-25 13:51:00,4155,4.2654,4.265,4.27,4.27,4.2601,5
2024-03-25 13:55:00,100,4.27,4.27,4.27,4.27,4.27,1
2024-03-25 13:58:00,100,4.27,4.27,4.27,4.27,4.27,1
2024-03-25 13:59:00,100,4.27,4.27,4.27,4.27,4.27,1
2024-03-25 14:00:00,900,4.265,4.265,4.265,4.265,4.265,1
2024-03-25 14:03:00,450,4.2699,4.2699,4.27,4.27,4.2699,2
2024-03-25 14:04:00,1500,4.2699,4.2699,4.2699,4.2699,4.2699,1
2024-03-25 14:06:00,100,4.27,4.27,4.27,4.27,4.27,1
2024-03-25 14:07:00,102,4.27,4.27,4.27,4.27,4.27,2
2024-03-25 14:12:00,136,4.2691,4.27,4.27,4.27,4.27,3
2024-03-25 14:13:00,200,4.27,4.27,4.27,4.27,4.27,2
2024-03-25 14:15:00,166,4.2699,4.2699,4.2699,4.2699,4.2699,2
2024-03-25 14:17:00,100,4.27,4.27,4.27,4.27,4.27,1
2024-03-25 14:20:00,150,4.265,4.265,4.265,4.265,4.265,1
2024-03-25 14:21:00,110,4.27,4.27,4.27,4.27,4.27,2
2024-03-25 14:22:00,110,4.2695,4.27,4.27,4.27,4.27,2
2024-03-25 14:27:00,695,4.2659,4.265,4.27,4.27,4.265,4
2024-03-25 14:28:00,225,4.2666,4.2666,4.2666,4.2666,4.2666,1
2024-03-25 14:29:00,540,4.269,4.2688,4.27,4.27,4.2688,3
2024-03-25 14:30:00,100,4.265,4.265,4.265,4.265,4.265,1
2024-03-25 14:33:00,8627,4.2698,4.27,4.27,4.27,4.265,7
2024-03-25 14:34:00,3180,4.2621,4.2601,4.2686,4.2686,4.2601,2
2024-03-25 14:35:00,450,4.265,4.265,4.265,4.265,4.265,4
2024-03-25 14:36:00,962,4.265,4.265,4.265,4.265,4.265,1
2024-03-25 14:37:00,100,4.2675,4.2675,4.2675,4.2675,4.2675,1
2024-03-25 14:38:00,2445,4.265,4.265,4.265,4.265,4.265,2
2024-03-25 14:39:00,2000,4.2698,4.2698,4.2698,4.2698,4.2698,1
2024-03-25 14:40:00,100,4.27,4.27,4.27,4.27,4.27,1
2024-03-25 14:41:00,16000,4.2611,4.2686,4.265,4.2686,4.2607,9
2024-03-25 14:42:00,361,4.2696,4.2687,4.2699,4.2699,4.2687,3
2024-03-25 14:43:00,271,4.2687,4.2699,4.27,4.27,4.2699,3
2024-03-25 14:45:00,700,4.2636,4.265,4.26,4.265,4.26,2
2024-03-25 14:47:00,7701,4.2621,4.2675,4.265,4.2697,4.26,16
2024-03-25 14:49:00,2025,4.2621,4.2621,4.2621,4.2621,4.2621,3
2024-03-25 14:50:00,200,4.2625,4.26,4.265,4.265,4.26,2
2024-03-25 14:53:00,643,4.2642,4.265,4.265,4.265,4.26,7
2024-03-25 14:59:00,100,4.26,4.26,4.26,4.26,4.26,1
2024-03-25 15:00:00,200,4.2675,4.27,4.265,4.27,4.265,2
2024-03-25 15:03:00,2308,4.268,4.27,4.27,4.27,4.265,16
2024-03-25 15:05:00,1919,4.268,4.268,4.268,4.268,4.268,1
2024-03-25 15:07:00,378,4.263,4.26,4.27,4.27,4.26,3
2024-03-25 15:09:00,100,4.27,4.27,4.27,4.27,4.27,1
2024-03-25 15:10:00,227,4.27,4.27,4.27,4.27,4.27,1
2024-03-25 15:13:00,100,4.27,4.27,4.27,4.27,4.27,1
2024-03-25 15:15:00,173,4.27,4.27,4.27,4.27,4.27,1
2024-03-25 15:16:00,336,4.2682,4.27,4.27,4.27,4.27,4
2024-03-25 15:18:00,526,4.2663,4.2665,4.2665,4.2665,4.2665,3
2024-03-25 15:20:00,570,4.2659,4.265,4.27,4.27,4.265,2
2024-03-25 15:22:00,900,4.2689,4.2688,4.27,4.27,4.2688,2
2024-03-25 15:27:00,105,4.2698,4.27,4.27,4.27,4.27,2
2024-03-25 15:28:00,120,4.265,4.265,4.265,4.265,4.265,1
2024-03-25 15:29:00,2100,4.2603,4.2601,4.265,4.265,4.26,3
2024-03-25 15:30:00,100,4.27,4.27,4.27,4.27,4.27,1
2024-03-25 15:34:00,100,4.27,4.27,4.27,4.27,4.27,1
2024-03-25 15:35:00,1100,4.2664,4.265,4.265,4.27,4.265,4
2024-03-25 15:37:00,101,4.2699,4.27,4.27,4.27,4.27,2
2024-03-25 15:40:00,100,4.27,4.27,4.27,4.27,4.27,1
2024-03-25 15:44:00,100,4.27,4.27,4.27,4.27,4.27,1
2024-03-25 15:47:00,1756,4.2697,4.2697,4.2697,4.2697,4.2697,1
2024-03-25 15:48:00,100,4.27,4.27,4.27,4.27,4.27,1
2024-03-25 15:49:00,4349,4.2698,4.27,4.27,4.27,4.2693,12
2024-03-25 15:56:00,400,4.2663,4.27,4.265,4.27,4.265,2
2024-03-25 15:58:00,100,4.27,4.27,4.27,4.27,4.27,1
2024-03-25 15:59:00,5084,4.2689,4.269,4.265,4.27,4.265,6
2024-03-25 16:02:00,8100,4.2686,4.265,4.27,4.27,4.265,15
2024-03-25 16:03:00,800,4.265,4.265,4.265,4.265,4.265,8
2024-03-25 16:04:00,100,4.27,4.27,4.27,4.27,4.27,1
2024-03-25 16:05:00,11272,4.2665,4.265,4.27,4.27,4.265,3
2024-03-25 16:07:00,100,4.27,4.27,4.27,4.27,4.27,1
2024-03-25 16:12:00,100,4.27,4.27,4.27,4.27,4.27,1
2024-03-25 16:14:00,2000,4.27,4.2698,4.27,4.27,4.2698,2
2024-03-25 16:15:00,200,4.27,4.27,4.27,4.27,4.27,1
2024-03-25 16:23:00,400,4.2691,4.2691,4.2691,4.2691,4.2691,1
2024-03-25 16:24:00,3200,4.2653,4.265,4.27,4.27,4.265,3
2024-03-25 16:26:00,170,4.2692,4.2692,4.2692,4.2692,4.2692,2
2024-03-25 16:32:00,200,4.27,4.27,4.27,4.27,4.27,1
2024-03-25 16:35:00,2915,4.2694,4.27,4.27,4.27,4.2663,7
2024-03-25 16:36:00,500,4.27,4.27,4.27,4.27,4.27,1
2024-03-25 16:37:00,468,4.2689,4.2689,4.2689,4.2689,4.2689,1
2024-03-25 16:38:00,468,4.2699,4.2699,4.2699,4.2699,4.2699,1
2024-03-25 16:40:00,716,4.2667,4.265,4.27,4.27,4.265,2
2024-03-25 16:41:00,400,4.27,4.27,4.27,4.27,4.27,1
2024-03-25 16:42:00,100,4.27,4.27,4.27,4.27,4.27,1
2024-03-25 16:43:00,2245,4.2699,4.27,4.27,4.27,4.27,9
2024-03-25 16:44:00,100,4.27,4.27,4.27,4.27,4.27,1
2024-03-25 16:45:00,4017,4.2694,4.2694,4.27,4.27,4.2694,3
2024-03-25 16:46:00,100,4.27,4.27,4.27,4.27,4.27,1
2024-03-25 16:47:00,400,4.27,4.27,4.27,4.27,4.27,2
2024-03-25 16:48:00,375,4.2691,4.2691,4.2691,4.2691,4.2691,1
2024-03-25 16:49:00,200,4.27,4.27,4.27,4.27,4.27,1
2024-03-25 16:50:00,200,4.27,4.27,4.27,4.27,4.27,1
2024-03-25 16:51:00,200,4.265,4.265,4.265,4.265,4.265,2
2024-03-25 16:52:00,520,4.27,4.27,4.27,4.27,4.27,4
2024-03-25 16:53:00,4693,4.2672,4.27,4.27,4.27,4.265,10
2024-03-25 16:54:00,200,4.27,4.27,4.27,4.27,4.27,1
2024-03-25 16:55:00,604,4.27,4.27,4.27,4.27,4.27,4
2024-03-25 16:56:00,200,4.27,4.27,4.27,4.27,4.27,1
2024-03-25 16:58:00,34863,4.2736,4.27,4.27,4.28,4.27,86
2024-03-25 16:59:00,1501,4.273,4.27,4.27,4.275,4.27,11
2024-03-25 17:00:00,207,4.2703,4.27,4.27,4.27,4.27,2
2024-03-25 17:01:00,600,4.2733,4.275,4.27,4.275,4.27,4
2024-03-25 17:02:00,1400,4.275,4.275,4.275,4.275,4.275,7
2024-03-25 17:03:00,600,4.2733,4.275,4.27,4.275,4.27,3
2024-03-25 17:04:00,700,4.275,4.275,4.275,4.275,4.275,2
2024-03-25 17:05:00,606,4.2733,4.275,4.27,4.275,4.27,3
2024-03-25 17:06:00,800,4.275,4.275,4.275,4.275,4.275,3
2024-03-25 17:07:00,200,4.27,4.27,4.27,4.27,4.27,1
2024-03-25 17:08:00,200,4.275,4.275,4.275,4.275,4.275,2
2024-03-25 17:09:00,500,4.273,4.27,4.275,4.275,4.27,2
2024-03-25 17:10:00,200,4.27,4.27,4.27,4.27,4.27,1
2024-03-25 17:11:00,600,4.275,4.275,4.275,4.275,4.275,3
2024-03-25 17:12:00,500,4.273,4.27,4.275,4.275,4.27,2
2024-03-25 17:14:00,1000,4.274,4.275,4.275,4.275,4.27,3
2024-03-25 17:15:00,100,4.275,4.275,4.275,4.275,4.275,1
2024-03-25 17:16:00,307,4.2716,4.27,4.275,4.275,4.27,3
2024-03-25 17:17:00,400,4.2725,4.275,4.275,4.275,4.27,3
2024-03-25 17:18:00,300,4.275,4.275,4.275,4.275,4.275,1
2024-03-25 17:19:00,600,4.2742,4.2799,4.275,4.2799,4.27,5
2024-03-25 17:20:00,108,4.2752,4.275,4.275,4.275,4.275,3
2024-03-25 17:21:00,400,4.2738,4.27,4.28,4.28,4.27,3
2024-03-25 17:22:00,500,4.273,4.27,4.275,4.275,4.27,2
2024-03-25 17:23:00,100,4.275,4.275,4.275,4.275,4.275,1
2024-03-25 17:24:00,400,4.2725,4.27,4.275,4.275,4.27,3
2024-03-25 17:25:00,200,4.27,4.27,4.27,4.27,4.27,1
2024-03-25 17:26:00,300,4.2767,4.275,4.275,4.28,4.275,3
2024-03-25 17:27:00,300,4.2733,4.27,4.275,4.275,4.27,3
2024-03-25 17:28:00,100,4.27,4.27,4.27,4.27,4.27,1
2024-03-25 17:29:00,669,4.275,4.27,4.27,4.2787,4.27,6
2024-03-25 17:30:00,1685,4.2775,4.2775,4.275,4.28,4.27,6
2024-03-25 17:31:00,300,4.2733,4.275,4.27,4.275,4.27,3
2024-03-25 17:32:00,300,4.2733,4.275,4.27,4.275,4.27,3
2024-03-25 17:33:00,400,4.2725,4.27,4.27,4.275,4.27,4
2024-03-25 17:34:00,5400,4.2773,4.27,4.28,4.28,4.27,14
2024-03-25 17:35:00,100,4.275,4.275,4.275,4.275,4.275,1
2024-03-25 17:36:00,7292,4.2717,4.27,4.27,4.275,4.27,14
2024-03-25 17:37:00,2200,4.2748,4.27,4.275,4.275,4.27,3
2024-03-25 17:38:00,809,4.2744,4.27,4.28,4.28,4.27,6
2024-03-25 17:39:00,400,4.2769,4.28,4.2788,4.28,4.27,3
2024-03-25 17:40:00,600,4.2742,4.27,4.275,4.275,4.27,2
2024-03-25 17:41:00,502,4.273,4.27,4.27,4.275,4.27,4
2024-03-25 17:42:00,5700,4.2791,4.275,4.27,4.2799,4.27,4
2024-03-25 17:43:00,5405,4.2795,4.275,4.28,4.28,4.27,5
2024-03-25 17:44:00,700,4.2736,4.27,4.275,4.275,4.27,3
2024-03-25 17:45:00,700,4.2736,4.27,4.275,4.275,4.27,3
2024-03-25 17:46:00,1200,4.2738,4.27,4.27,4.275,4.27,8
2024-03-25 17:47:00,15078,4.2802,4.275,4.29,4.29,4.275,43
2024-03-25 17:48:00,1000,4.29,4.29,4.29,4.29,4.29,5
2024-03-25 17:49:00,1800,4.29,4.29,4.29,4.29,4.29,3
2024-03-25 17:50:00,1400,4.29,4.29,4.29,4.29,4.29,6
2024-03-25 17:51:00,700,4.2893,4.29,4.285,4.29,4.285,2
2024-03-25 17:52:00,600,4.2883,4.29,4.29,4.29,4.285,4
2024-03-25 17:53:00,700,4.2879,4.285,4.285,4.29,4.285,6
2024-03-25 17:54:00,1200,4.2892,4.29,4.29,4.29,4.285,7
2024-03-25 17:55:00,300,4.285,4.285,4.285,4.285,4.285,3
2024-03-25 17:56:00,900,4.2883,4.29,4.29,4.29,4.285,6
2024-03-25 17:57:00,600,4.2875,4.285,4.285,4.29,4.285,4
2024-03-25 17:58:00,1050,4.2886,4.285,4.285,4.29,4.285,6
2024-03-25 17:59:00,600,4.2875,4.285,4.29,4.29,4.285,5
2024-03-25 18:00:00,500,4.287,4.29,4.285,4.29,4.285,5
2024-03-25 18:01:00,511,4.2879,4.285,4.285,4.29,4.285,4
2024-03-25 18:02:00,300,4.285,4.285,4.285,4.285,4.285,3
2024-03-25 18:03:00,500,4.286,4.285,4.285,4.29,4.285,5
2024-03-25 18:04:00,518,4.2879,4.29,4.29,4.29,4.285,6
2024-03-25 18:05:00,8910,4.2904,4.285,4.3,4.3,4.285,20
2024-03-25 18:06:00,5550,4.295,4.295,4.295,4.295,4.295,16
2024-03-25 18:07:00,17138,4.2885,4.29,4.285,4.295,4.28,51
2024-03-25 18:08:00,400,4.285,4.285,4.285,4.285,4.285,1
2024-03-25 18:10:00,500,4.285,4.285,4.285,4.285,4.285,2
2024-03-25 18:11:00,324,4.2847,4.285,4.285,4.285,4.285,2
2024-03-25 18:13:00,1000,4.285,4.285,4.285,4.285,4.285,1
2024-03-25 18:14:00,100,4.29,4.29,4.29,4.29,4.29,1
2024-03-25 18:16:00,700,4.2833,4.285,4.28,4.285,4.28,4
2024-03-25 18:17:00,700,4.2843,4.285,4.28,4.285,4.28,4
2024-03-25 18:21:00,400,4.285,4.285,4.285,4.285,4.285,1
2024-03-25 18:22:00,100,4.28,4.28,4.28,4.28,4.28,1
2024-03-25 18:24:00,400,4.28,4.28,4.28,4.28,4.28,4
2024-03-25 18:25:00,1166,4.2846,4.28,4.285,4.285,4.28,8
2024-03-25 18:26:00,600,4.2808,4.28,4.285,4.285,4.28,4
2024-03-25 18:27:00,622,4.2826,4.285,4.285,4.285,4.28,5
2024-03-25 18:28:00,100,4.285,4.285,4.285,4.285,4.285,1
2024-03-25 18:29:00,3400,4.2804,4.2801,4.285,4.285,4.28,6
2024-03-25 18:30:00,500,4.281,4.28,4.285,4.285,4.28,3
2024-03-25 18:31:00,997,4.2821,4.285,4.28,4.285,4.28,8
2024-03-25 18:32:00,1310,4.2835,4.28,4.28,4.29,4.28,14
2024-03-25 18:34:00,5634,4.2858,4.285,4.28,4.287,4.28,12
2024-03-25 18:36:00,600,4.2842,4.285,4.28,4.285,4.28,6
2024-03-25 18:37:00,2185,4.2839,4.285,4.285,4.285,4.28,8
2024-03-25 18:38:00,4326,4.2868,4.2889,4.28,4.2889,4.28,15
2024-03-25 18:39:00,100,4.285,4.285,4.285,4.285,4.285,1
2024-03-25 18:41:00,9035,4.2829,4.285,4.285,4.285,4.28,28
2024-03-25 18:42:00,10572,4.2792,4.28,4.275,4.28,4.27,41
2024-03-25 18:43:00,600,4.2733,4.275,4.27,4.275,4.27,6
2024-03-25 18:44:00,2000,4.273,4.275,4.27,4.275,4.27,11
2024-03-25 18:45:00,200,4.27,4.27,4.27,4.27,4.27,2
2024-03-25 18:46:00,1445,4.2717,4.27,4.27,4.275,4.27,10
2024-03-25 18:47:00,1411,4.2704,4.27,4.27,4.275,4.27,7
2024-03-25 18:48:00,700,4.2707,4.275,4.27,4.275,4.27,6
2024-03-25 18:49:00,165,4.2757,4.275,4.275,4.275,4.275,2
2024-03-25 18:50:00,900,4.2706,4.275,4.27,4.275,4.27,7
2024-03-25 18:51:00,504,4.2714,4.27,4.2768,4.2768,4.27,4
2024-03-25 18:52:00,703,4.2729,4.275,4.27,4.275,4.27,5
2024-03-25 18:53:00,1040,4.2714,4.275,4.2729,4.275,4.27,6
2024-03-25 18:54:00,800,4.2719,4.27,4.27,4.275,4.27,5
2024-03-25 18:56:00,700,4.2707,4.275,4.27,4.275,4.27,5
2024-03-25 18:57:00,1200,4.2725,4.275,4.27,4.275,4.27,11
2024-03-25 18:59:00,697,4.2721,4.27,4.275,4.275,4.27,6
2024-03-25 19:00:00,700,4.2729,4.27,4.27,4.275,4.27,7
2024-03-25 19:01:00,400,4.275,4.275,4.275,4.275,4.275,4
2024-03-25 19:03:00,972,4.2729,4.27,4.275,4.275,4.27,8
2024-03-25 19:04:00,966,4.2752,4.2798,4.27,4.2798,4.27,5
2024-03-25 19:05:00,100,4.275,4.275,4.275,4.275,4.275,1
2024-03-25 19:06:00,1709,4.2723,4.275,4.27,4.275,4.27,16
2024-03-25 19:07:00,1900,4.275,4.275,4.275,4.275,4.275,1
2024-03-25 19:11:00,9411,4.2789,4.27,4.275,4.2798,4.27,8
2024-03-25 19:12:00,1307,4.27,4.27,4.27,4.27,4.27,5
2024-03-25 19:13:00,400,4.2713,4.275,4.27,4.275,4.27,4
2024-03-25 19:15:00,6555,4.2767,4.27,4.2775,4.2775,4.27,5
2024-03-25 19:16:00,1350,4.2731,4.275,4.27,4.275,4.27,7
2024-03-25 19:17:00,1100,4.27,4.27,4.27,4.27,4.27,6
2024-03-25 19:19:00,601,4.27,4.27,4.27,4.27,4.27,4
2024-03-25 19:21:00,792,4.27,4.27,4.27,4.27,4.27,3
2024-03-25 19:22:00,953,4.271,4.27,4.275,4.275,4.27,3
2024-03-25 19:23:00,2120,4.2744,4.27,4.2787,4.2787,4.27,5
2024-03-25 19:24:00,1125,4.2712,4.2743,4.27,4.2743,4.27,3
2024-03-25 19:25:00,1025,4.2745,4.275,4.2786,4.2786,4.27,6
2024-03-25 19:26:00,1200,4.27,4.27,4.27,4.27,4.27,4
2024-03-25 19:27:00,966,4.27,4.27,4.27,4.27,4.27,5
2024-03-25 19:29:00,651,4.2738,4.27,4.2799,4.2799,4.27,5
2024-03-25 19:30:00,101,4.2799,4.2799,4.2799,4.2799,4.2799,2
2024-03-25 19:31:00,1275,4.2722,4.27,4.27,4.28,4.27,6
2024-03-25 19:33:00,800,4.27,4.27,4.27,4.27,4.27,6
2024-03-25 19:34:00,300,4.27,4.27,4.27,4.27,4.27,2
2024-03-25 19:36:00,300,4.27,4.27,4.27,4.27,4.27,2
2024-03-25 19:37:00,211,4.27,4.27,4.27,4.27,4.27,2
2024-03-25 19:38:00,100,4.27,4.27,4.27,4.27,4.27,1
2024-03-25 19:39:00,200,4.27,4.27,4.27,4.27,4.27,2
2024-03-25 19:40:00,300,4.27,4.27,4.27,4.27,4.27,2
2024-03-25 19:41:00,400,4.27,4.27,4.27,4.27,4.27,3
2024-03-25 19:42:00,1226,4.27,4.27,4.27,4.27,4.27,9
2024-03-25 19:43:00,300,4.27,4.27,4.27,4.27,4.27,3
2024-03-25 19:44:00,600,4.27,4.27,4.27,4.27,4.27,6
2024-03-25 19:45:00,700,4.27,4.27,4.27,4.27,4.27,5
2024-03-25 19:46:00,300,4.27,4.27,4.27,4.27,4.27,3
2024-03-25 19:47:00,200,4.27,4.27,4.27,4.27,4.27,2
2024-03-25 19:48:00,401,4.27,4.27,4.27,4.27,4.27,5
2024-03-25 19:49:00,240,4.27,4.27,4.27,4.27,4.27,3
2024-03-25 19:50:00,331,4.27,4.27,4.27,4.27,4.27,3
2024-03-25 19:51:00,3229,4.2761,4.2799,4.27,4.2799,4.27,9
2024-03-25 19:52:00,1017,4.2711,4.27,4.27,4.275,4.27,7
2024-03-25 19:53:00,541,4.27,4.27,4.27,4.27,4.27,6
2024-03-25 19:54:00,579,4.27,4.27,4.27,4.27,4.27,5
2024-03-25 19:55:00,4991,4.2778,4.27,4.275,4.28,4.27,33
2024-03-25 19:56:00,1839,4.2765,4.27,4.27,4.28,4.27,19
2024-03-25 19:57:00,3012,4.2726,4.27,4.2787,4.2787,4.27,21
2024-03-25 19:58:00,48435,4.2647,4.275,4.26,4.28,4.26,128
2024-03-25 19:59:00,15514,4.2618,4.26,4.26,4.27,4.26,55
2024-03-26 11:08:00,350,4.26,4.26,4.26,4.26,4.26,1
2024-03-26 13:30:00,35190,4.29,4.29,4.29,4.29,4.29,15
2024-03-26 13:33:00,212,4.2916,4.3,4.2823,4.3,4.2823,4
2024-03-26 13:34:00,550,4.2945,4.3,4.295,4.3,4.29,4
2024-03-26 13:36:00,2102,4.2954,4.2954,4.3,4.3,4.29,10
2024-03-26 13:38:00,200,4.295,4.295,4.295,4.295,4.295,2
2024-03-26 13:40:00,181,4.295,4.295,4.295,4.295,4.295,3
2024-03-26 13:41:00,248,4.295,4.295,4.295,4.295,4.295,4
2024-03-26 13:42:00,6050,4.2979,4.298,4.3,4.3,4.297,4
2024-03-26 13:45:00,400,4.295,4.295,4.295,4.295,4.295,3
2024-03-26 13:47:00,5309,4.295,4.295,4.295,4.295,4.295,3
2024-03-26 13:49:00,358,4.295,4.295,4.295,4.295,4.295,4
2024-03-26 13:50:00,2842,4.2902,4.2901,4.2901,4.2901,4.2901,2
2024-03-26 13:52:00,1833,4.2909,4.29,4.295,4.295,4.29,12
2024-03-26 13:53:00,8053,4.2902,4.2975,4.2901,4.2975,4.2901,2
2024-03-26 13:54:00,492,4.295,4.295,4.295,4.295,4.295,4
2024-03-26 13:55:00,200,4.295,4.295,4.295,4.295,4.295,1
2024-03-26 13:56:00,106,4.295,4.295,4.295,4.295,4.295,1
2024-03-26 13:58:00,342,4.295,4.295,4.295,4.295,4.295,2
2024-03-26 13:59:00,256,4.295,4.295,4.295,4.295,4.295,4
2024-03-26 14:00:00,17145,4.3005,4.295,4.31,4.31,4.295,42
2024-03-26 14:02:00,1055,4.3095,4.3098,4.3098,4.3098,4.3098,3
2024-03-26 14:03:00,1053,4.3041,4.304,4.304,4.304,4.304,2
2024-03-26 14:05:00,169,4.3076,4.31,4.31,4.31,4.31,3
2024-03-26 14:07:00,174,4.3056,4.305,4.305,4.305,4.305,3
2024-03-26 14:08:00,155,4.3067,4.305,4.305,4.305,4.305,3
2024-03-26 14:11:00,1515,4.3064,4.3047,4.305,4.31,4.3,13
2024-03-26 14:12:00,401,4.3098,4.3097,4.3097,4.3097,4.3097,3
2024-03-26 14:14:00,9004,4.3102,4.31,4.315,4.315,4.31,25
2024-03-26 14:15:00,8260,4.3188,4.32,4.3101,4.32,4.3101,5
2024-03-26 14:16:00,106,4.3197,4.32,4.32,4.32,4.32,2
2024-03-26 14:18:00,400,4.315,4.315,4.315,4.315,4.315,3
2024-03-26 14:19:00,3850,4.3181,4.318,4.32,4.32,4.318,2
2024-03-26 14:20:00,3850,4.3101,4.315,4.31,4.315,4.31,2
2024-03-26 14:21:00,9541,4.3118,4.31,4.315,4.3186,4.31,31
2024-03-26 14:23:00,1516,4.311,4.31,4.315,4.315,4.31,8
2024-03-26 14:25:00,200,4.315,4.315,4.315,4.315,4.315,1
2024-03-26 14:26:00,100,4.315,4.315,4.315,4.315,4.315,1
2024-03-26 14:27:00,100,4.315,4.315,4.315,4.315,4.315,1
2024-03-26 14:28:00,2200,4.3193,4.32,4.315,4.32,4.31,4
2024-03-26 14:29:00,6256,4.3188,4.3175,4.31,4.32,4.31,12
2024-03-26 14:31:00,13887,4.3155,4.315,4.315,4.3197,4.31,31
2024-03-26 14:32:00,100,4.31,4.31,4.31,4.31,4.31,1
2024-03-26 14:34:00,100,4.31,4.31,4.31,4.31,4.31,1
2024-03-26 14:37:00,101,4.3101,4.31,4.31,4.31,4.31,2
2024-03-26 14:39:00,100,4.31,4.31,4.31,4.31,4.31,1
2024-03-26 14:40:00,1000,4.315,4.315,4.315,4.315,4.315,1
2024-03-26 14:42:00,100,4.31,4.31,4.31,4.31,4.31,1
2024-03-26 14:43:00,100,4.3175,4.3175,4.3175,4.3175,4.3175,1
2024-03-26 14:44:00,100,4.31,4.31,4.31,4.31,4.31,1
2024-03-26 14:45:00,2070,4.315,4.315,4.315,4.315,4.315,2
2024-03-26 14:46:00,197,4.3125,4.31,4.31,4.31,4.31,2
2024-03-26 14:48:00,1001,4.3199,4.3199,4.3199,4.3199,4.3199,2
2024-03-26 14:49:00,100,4.31,4.31,4.31,4.31,4.31,1
2024-03-26 14:50:00,630,4.317,4.315,4.3198,4.3198,4.315,5
2024-03-26 14:51:00,5318,4.3197,4.3199,4.31,4.3199,4.31,2
2024-03-26 14:52:00,200,4.32,4.32,4.32,4.32,4.32,2
2024-03-26 14:53:00,1041,4.3186,4.3186,4.3186,4.3186,4.3186,3
2024-03-26 14:54:00,302,4.3134,4.315,4.31,4.315,4.31,4
2024-03-26 14:55:00,1900,4.3137,4.315,4.31,4.315,4.31,3
2024-03-26 14:56:00,600,4.3183,4.32,4.31,4.32,4.31,2
2024-03-26 14:57:00,200,4.3138,4.3175,4.31,4.3175,4.31,2
2024-03-26 14:58:00,100,4.31,4.31,4.31,4.31,4.31,1
2024-03-26 14:59:00,3600,4.3189,4.3199,4.315,4.3199,4.31,3
2024-03-26 15:00:00,3638,4.3177,4.32,4.315,4.32,4.315,23
2024-03-26 15:01:00,5500,4.3102,4.3101,4.315,4.315,4.3101,3
2024-03-26 15:03:00,1000,4.32,4.32,4.32,4.32,4.32,1
2024-03-26 15:05:00,354,4.32,4.32,4.32,4.32,4.32,3
2024-03-26 15:07:00,200,4.315,4.315,4.315,4.315,4.315,2
2024-03-26 15:08:00,3002,4.3106,4.3112,4.315,4.315,4.3101,4
2024-03-26 15:09:00,302,4.3167,4.3199,4.315,4.3199,4.315,4
2024-03-26 15:10:00,10800,4.3107,4.315,4.31,4.315,4.31,33
2024-03-26 15:11:00,1540,4.3005,4.3001,4.305,4.305,4.3001,2
2024-03-26 15:12:00,1200,4.3025,4.305,4.3,4.305,4.3,2
2024-03-26 15:14:00,100,4.305,4.305,4.305,4.305,4.305,1
2024-03-26 15:16:00,100,4.305,4.305,4.305,4.305,4.305,1
2024-03-26 15:17:00,5784,4.31,4.31,4.31,4.31,4.31,7
2024-03-26 15:19:00,100,4.305,4.305,4.305,4.305,4.305,1
2024-03-26 15:20:00,7300,4.31,4.31,4.31,4.31,4.31,6
2024-03-26 15:21:00,200,4.31,4.31,4.31,4.31,4.31,1
2024-03-26 15:22:00,100,4.31,4.31,4.31,4.31,4.31,1
2024-03-26 15:23:00,100,4.305,4.305,4.305,4.305,4.305,1
2024-03-26 15:24:00,721,4.305,4.305,4.305,4.305,4.305,7
2024-03-26 15:26:00,220,4.3055,4.31,4.3,4.31,4.3,2
2024-03-26 15:27:00,36131,4.3102,4.31,4.31,4.32,4.3097,82
2024-03-26 15:31:00,3692,4.3089,4.3089,4.31,4.31,4.3089,7
2024-03-26 15:32:00,200,4.31,4.31,4.31,4.31,4.31,2
2024-03-26 15:33:00,600,4.31,4.31,4.31,4.31,4.31,6
2024-03-26 15:34:00,500,4.31,4.31,4.31,4.31,4.31,5
2024-03-26 15:36:00,3480,4.31,4.31,4.31,4.31,4.31,2
2024-03-26 15:38:00,200,4.305,4.305,4.305,4.305,4.305,1
2024-03-26 15:39:00,2963,4.305,4.305,4.305,4.305,4.305,2
2024-03-26 15:42:00,1100,4.3,4.3001,4.3,4.3001,4.3,3
2024-03-26 15:45:00,108,4.3004,4.3,4.3,4.3,4.3,2
2024-03-26 15:47:00,2533,4.3094,4.3089,4.3099,4.3099,4.3089,3
2024-03-26 15:48:00,100,4.3025,4.3025,4.3025,4.3025,4.3025,1
2024-03-26 15:49:00,4787,4.3092,4.305,4.3099,4.31,4.305,16
2024-03-26 15:50:00,3200,4.3097,4.3025,4.31,4.31,4.3025,3
2024-03-26 15:51:00,129,4.31,4.31,4.31,4.31,4.31,1
2024-03-26 15:54:00,11000,4.3023,4.3001,4.305,4.305,4.3001,3
2024-03-26 15:55:00,4100,4.3091,4.3025,4.3093,4.3093,4.3025,3
2024-03-26 15:56:00,100,4.3025,4.3025,4.3025,4.3025,4.3025,1
2024-03-26 15:57:00,1314,4.3084,4.3089,4.3025,4.3089,4.3025,2
2024-03-26 15:58:00,100,4.3,4.3,4.3,4.3,4.3,1
2024-03-26 15:59:00,450,4.3082,4.3025,4.3098,4.3098,4.3025,2
2024-03-26 16:00:00,5000,4.305,4.305,4.305,4.305,4.305,1
2024-03-26 16:04:00,419,4.3052,4.305,4.305,4.305,4.305,3
2024-03-26 16:07:00,1879,4.3047,4.305,4.305,4.305,4.3,5
2024-03-26 16:12:00,250,4.31,4.31,4.31,4.31,4.31,1
2024-03-26 16:15:00,1092,4.3067,4.305,4.31,4.31,4.305,8
2024-03-26 16:16:00,8444,4.3099,4.31,4.305,4.31,4.305,30
2024-03-26 16:19:00,3000,4.305,4.305,4.305,4.305,4.305,1
2024-03-26 16:20:00,100,4.31,4.31,4.31,4.31,4.31,1
2024-03-26 16:21:00,108,4.31,4.31,4.31,4.31,4.31,2
2024-03-26 16:22:00,6799,4.3088,4.31,4.31,4.31,4.305,12
2024-03-26 16:23:00,896,4.3096,4.31,4.31,4.31,4.31,5
2024-03-26 16:24:00,5548,4.3095,4.3099,4.3094,4.31,4.3094,4
2024-03-26 16:26:00,100,4.31,4.31,4.31,4.31,4.31,1
2024-03-26 16:29:00,300,4.31,4.31,4.31,4.31,4.31,1
2024-03-26 16:30:00,200,4.3075,4.305,4.31,4.31,4.305,2
2024-03-26 16:32:00,508,4.307,4.3067,4.305,4.31,4.305,3
2024-03-26 16:34:00,100,4.305,4.305,4.305,4.305,4.305,1
2024-03-26 16:36:00,1609,4.3081,4.31,4.31,4.31,4.305,7
2024-03-26 16:37:00,300,4.3083,4.305,4.31,4.31,4.305,2
2024-03-26 16:38:00,100,4.31,4.31,4.31,4.31,4.31,1
2024-03-26 16:39:00,500,4.309,4.31,4.31,4.31,4.305,4
2024-03-26 16:40:00,201,4.31,4.31,4.31,4.31,4.31,3
2024-03-26 16:41:00,1100,4.3093,4.3092,4.31,4.31,4.3092,2
2024-03-26 16:42:00,919,4.3055,4.305,4.31,4.31,4.305,9
2024-03-26 16:44:00,2222,4.309,4.3092,4.3092,4.3092,4.3092,3
2024-03-26 16:45:00,1178,4.3093,4.31,4.31,4.31,4.3092,3
2024-03-26 16:46:00,100,4.31,4.31,4.31,4.31,4.31,1
2024-03-26 16:47:00,980,4.3095,4.305,4.31,4.31,4.305,5
2024-03-26 16:48:00,400,4.3063,4.305,4.31,4.31,4.305,2
2024-03-26 16:50:00,100,4.31,4.31,4.31,4.31,4.31,1
2024-03-26 16:51:00,478,4.306,4.305,4.31,4.31,4.305,2
2024-03-26 16:54:00,4005,4.3054,4.305,4.31,4.31,4.305,5
2024-03-26 16:55:00,300,4.3083,4.31,4.31,4.31,4.305,3
2024-03-26 16:56:00,1151,4.3091,4.309,4.31,4.31,4.309,2
2024-03-26 16:57:00,2300,4.3054,4.31,4.31,4.31,4.305,4
2024-03-26 16:58:00,320,4.3093,4.309,4.31,4.31,4.309,2
2024-03-26 16:59:00,308,4.3082,4.305,4.31,4.31,4.305,3
2024-03-26 17:00:00,200,4.31,4.31,4.31,4.31,4.31,2
2024-03-26 17:01:00,3952,4.3104,4.31,4.315,4.32,4.31,10
2024-03-26 17:02:00,2100,4.317,4.3113,4.32,4.32,4.3113,11
2024-03-26 17:03:00,2159,4.32,4.32,4.32,4.32,4.32,8
2024-03-26 17:05:00,26948,4.3202,4.3189,4.325,4.33,4.3189,48
2024-03-26 17:07:00,1300,4.325,4.325,4.325,4.325,4.325,3
2024-03-26 17:08:00,400,4.325,4.325,4.325,4.325,4.325,1
2024-03-26 17:09:00,2772,4.3206,4.325,4.3201,4.325,4.3201,3
2024-03-26 17:10:00,100,4.325,4.325,4.325,4.325,4.325,1
2024-03-26 17:11:00,107,4.3203,4.32,4.32,4.32,4.32,2
2024-03-26 17:13:00,1600,4.3256,4.325,4.33,4.33,4.325,2
2024-03-26 17:14:00,2000,4.33,4.33,4.33,4.33,4.33,2
2024-03-26 17:15:00,15207,4.3238,4.33,4.325,4.33,4.3201,7
2024-03-26 17:16:00,2519,4.3209,4.3242,4.3208,4.3242,4.3208,2
2024-03-26 17:21:00,705,4.3256,4.325,4.325,4.3288,4.325,4
2024-03-26 17:22:00,200,4.325,4.325,4.325,4.325,4.325,2
2024-03-26 17:23:00,1000,4.3267,4.3267,4.3267,4.3267,4.3267,1
2024-03-26 17:31:00,1004,4.33,4.33,4.33,4.33,4.33,6
2024-03-26 17:32:00,2000,4.3299,4.3299,4.3299,4.3299,4.3299,1
2024-03-26 17:33:00,100,4.33,4.33,4.33,4.33,4.33,1
2024-03-26 17:34:00,100,4.3225,4.3225,4.3225,4.3225,4.3225,1
2024-03-26 17:36:00,100,4.3225,4.3225,4.3225,4.3225,4.3225,1
2024-03-26 17:37:00,100,4.33,4.33,4.33,4.33,4.33,1
2024-03-26 17:38:00,1155,4.325,4.325,4.325,4.325,4.325,1
2024-03-26 17:39:00,235,4.3234,4.3225,4.324,4.324,4.3225,2
2024-03-26 17:41:00,100,4.33,4.33,4.33,4.33,4.33,1
2024-03-26 17:42:00,100,4.3225,4.3225,4.3225,4.3225,4.3225,1
2024-03-26 17:44:00,3201,4.3261,4.33,4.325,4.33,4.325,7
2024-03-26 17:46:00,2200,4.3223,4.325,4.3201,4.325,4.3201,6
2024-03-26 17:47:00,900,4.33,4.33,4.33,4.33,4.33,5
2024-03-26 17:50:00,981,4.325,4.325,4.325,4.325,4.325,1
2024-03-26 17:51:00,108,4.3299,4.33,4.33,4.33,4.33,2
2024-03-26 17:55:00,100,4.3225,4.3225,4.3225,4.3225,4.3225,1
2024-03-26 17:57:00,155,4.3282,4.33,4.33,4.33,4.33,2
2024-03-26 17:58:00,952,4.325,4.3225,4.325,4.325,4.3225,5
2024-03-26 17:59:00,200,4.325,4.325,4.325,4.325,4.325,1
2024-03-26 18:00:00,400,4.3288,4.3288,4.3288,4.3288,4.3288,2
2024-03-26 18:01:00,100,4.3298,4.3298,4.3298,4.3298,4.3298,1
2024-03-26 18:03:00,2515,4.326,4.33,4.325,4.33,4.325,4
2024-03-26 18:06:00,900,4.33,4.33,4.33,4.33,4.33,7
2024-03-26 18:08:00,5856,4.33,4.33,4.33,4.33,4.33,8
2024-03-26 18:09:00,1000,4.33,4.33,4.33,4.33,4.33,1
2024-03-26 18:11:00,100,4.33,4.33,4.33,4.33,4.33,1
2024-03-26 18:12:00,54060,4.3214,4.33,4.315,4.33,4.315,105
2024-03-26 18:13:00,400,4.315,4.315,4.315,4.315,4.315,4
2024-03-26 18:16:00,102,4.3151,4.315,4.315,4.315,4.315,3
2024-03-26 18:18:00,384,4.315,4.315,4.315,4.315,4.315,2
2024-03-26 18:19:00,200,4.315,4.315,4.315,4.315,4.315,2
2024-03-26 18:20:00,400,4.315,4.315,4.315,4.315,4.315,4
2024-03-26 18:21:00,200,4.315,4.315,4.315,4.315,4.315,2
2024-03-26 18:22:00,100,4.31,4.31,4.31,4.31,4.31,1
2024-03-26 18:25:00,100,4.31,4.31,4.31,4.31,4.31,1
2024-03-26 18:27:00,101,4.315,4.315,4.315,4.315,4.315,2
2024-03-26 18:30:00,1398,4.3192,4.315,4.32,4.32,4.315,12
2024-03-26 18:31:00,197,4.3125,4.31,4.31,4.31,4.31,2
2024-03-26 18:33:00,102,4.3101,4.31,4.31,4.31,4.31,2
2024-03-26 18:34:00,1834,4.3194,4.314,4.315,4.32,4.314,3
2024-03-26 18:35:00,20790,4.3104,4.315,4.305,4.315,4.305,51
2024-03-26 18:36:00,1891,4.3047,4.3,4.305,4.305,4.3,4
2024-03-26 18:37:00,1663,4.3017,4.305,4.305,4.305,4.3003,4
2024-03-26 18:38:00,600,4.3033,4.3,4.3,4.305,4.3,6
2024-03-26 18:39:00,267,4.308,4.3099,4.305,4.3099,4.305,3
2024-03-26 18:40:00,223,4.3049,4.305,4.305,4.305,4.305,3
2024-03-26 18:41:00,300,4.3033,4.3,4.305,4.305,4.3,3
2024-03-26 18:42:00,201,4.305,4.305,4.305,4.305,4.305,3
2024-03-26 18:43:00,200,4.3,4.3,4.3,4.3,4.3,3
2024-03-26 18:44:00,100,4.3,4.3,4.3,4.3,4.3,1
2024-03-26 18:46:00,300,4.3,4.3,4.3,4.3,4.3,3
2024-03-26 18:48:00,1801,4.3082,4.3082,4.3082,4.3082,4.3082,4
2024-03-26 18:49:00,950,4.3042,4.3,4.305,4.305,4.3,8
2024-03-26 18:51:00,7453,4.3065,4.31,4.3,4.31,4.3,4
2024-03-26 18:52:00,245,4.3,4.3,4.3,4.3,4.3,3
2024-03-26 18:54:00,123,4.3019,4.3,4.3,4.3,4.3,2
2024-03-26 18:55:00,3100,4.3096,4.3099,4.3,4.3099,4.3,2
2024-03-26 18:56:00,355,4.3058,4.31,4.305,4.31,4.3,3
2024-03-26 18:57:00,2722,4.3015,4.3,4.3,4.3033,4.3,25
2024-03-26 18:58:00,357,4.3,4.3,4.3,4.3,4.3,4
2024-03-26 18:59:00,170,4.301,4.3,4.3,4.3,4.3,3
2024-03-26 19:01:00,203,4.3,4.3,4.3,4.3,4.3,2
2024-03-26 19:02:00,700,4.3,4.3,4.3,4.3,4.3,4
2024-03-26 19:03:00,2485,4.3048,4.305,4.3,4.305,4.3,3
2024-03-26 19:04:00,206,4.3049,4.305,4.305,4.305,4.305,3
2024-03-26 19:05:00,289,4.3035,4.305,4.305,4.305,4.305,4
2024-03-26 19:06:00,200,4.305,4.305,4.305,4.305,4.305,1
2024-03-26 19:07:00,154,4.3026,4.3026,4.3026,4.3026,4.3026,1
2024-03-26 19:08:00,500,4.3057,4.305,4.3087,4.3087,4.305,2
2024-03-26 19:09:00,114,4.3044,4.305,4.305,4.305,4.305,2
2024-03-26 19:10:00,100,4.305,4.305,4.305,4.305,4.305,1
2024-03-26 19:11:00,101,4.305,4.305,4.305,4.305,4.305,2
2024-03-26 19:12:00,13412,4.2994,4.305,4.295,4.305,4.29,31
2024-03-26 19:13:00,320,4.29,4.29,4.29,4.29,4.29,4
2024-03-26 19:14:00,200,4.295,4.295,4.295,4.295,4.295,2
2024-03-26 19:17:00,203,4.295,4.295,4.295,4.295,4.295,4
2024-03-26 19:18:00,202,4.29,4.29,4.29,4.29,4.29,2
2024-03-26 19:21:00,1195,4.2983,4.3,4.295,4.3,4.295,5
2024-03-26 19:22:00,200,4.295,4.295,4.295,4.295,4.295,1
2024-03-26 19:23:00,100,4.295,4.295,4.295,4.295,4.295,1
2024-03-26 19:24:00,400,4.2913,4.295,4.29,4.295,4.29,5
2024-03-26 19:26:00,100,4.295,4.295,4.295,4.295,4.295,1
2024-03-26 19:27:00,2347,4.295,4.295,4.295,4.295,4.295,1
2024-03-26 19:28:00,100,4.295,4.295,4.295,4.295,4.295,1
2024-03-26 19:29:00,1339,4.2912,4.2901,4.295,4.295,4.2901,6
2024-03-26 19:30:00,100,4.295,4.295,4.295,4.295,4.295,1
2024-03-26 19:32:00,100,4.295,4.295,4.295,4.295,4.295,1
2024-03-26 19:33:00,332,4.2925,4.2925,4.2925,4.2925,4.2925,1
2024-03-26 19:34:00,20172,4.2953,4.295,4.295,4.3,4.295,47
2024-03-26 19:38:00,200,4.3,4.3,4.3,4.3,4.3,2
2024-03-26 19:39:00,100,4.3,4.3,4.3,4.3,4.3,1
2024-03-26 19:40:00,192,4.2974,4.295,4.295,4.295,4.295,3
2024-03-26 19:42:00,3168,4.2983,4.295,4.295,4.3,4.295,20
2024-03-26 19:43:00,26383,4.2923,4.2963,4.29,4.2963,4.29,17
2024-03-26 19:44:00,2200,4.295,4.295,4.295,4.295,4.295,2
2024-03-26 19:45:00,901,4.295,4.295,4.295,4.295,4.295,4
2024-03-26 19:46:00,7409,4.298,4.298,4.298,4.298,4.298,2
2024-03-26 19:47:00,300,4.295,4.295,4.295,4.295,4.295,1
2024-03-26 19:48:00,3189,4.2978,4.295,4.2999,4.2999,4.295,8
2024-03-26 19:49:00,676,4.2946,4.295,4.295,4.295,4.295,5
2024-03-26 19:50:00,2813,4.2907,4.29,4.29,4.295,4.29,9
2024-03-26 19:51:00,2799,4.295,4.295,4.295,4.295,4.295,3
2024-03-26 19:52:00,3737,4.2913,4.29,4.29,4.295,4.29,20
2024-03-26 19:53:00,200,4.29,4.29,4.29,4.29,4.29,2
2024-03-26 19:54:00,9549,4.2929,4.295,4.2931,4.295,4.2907,3
2024-03-26 19:55:00,204,4.2902,4.29,4.29,4.29,4.29,4
2024-03-26 19:56:00,799,4.2905,4.29,4.29,4.29,4.29,2
2024-03-26 19:57:00,300,4.2917,4.295,4.29,4.295,4.29,3
2024-03-26 19:58:00,1820,4.2903,4.29,4.29,4.295,4.29,7
2024-03-26 19:59:00,16433,4.2954,4.29,4.29,4.3,4.29,57
2024-03-26 20:02:00,304,4.3199,4.32,4.32,4.32,4.32,2
2024-03-27 08:00:00,140,4.12,4.12,4.12,4.12,4.12,3
2024-03-27 12:30:00,138,4.2805,4.28,4.28,4.28,4.28,2
2024-03-27 13:30:00,32326,4.3,4.3,4.3,4.3,4.3,11
2024-03-27 13:31:00,371,4.3101,4.31,4.31,4.31,4.31,4
2024-03-27 13:32:00,600,4.3075,4.32,4.32,4.32,4.32,2
2024-03-27 13:34:00,238,4.3099,4.3099,4.3099,4.3099,4.3099,3
2024-03-27 13:35:00,200,4.305,4.305,4.305,4.305,4.305,1
2024-03-27 13:36:00,225,4.3099,4.3099,4.3099,4.3099,4.3099,2
2024-03-27 13:37:00,150,4.3033,4.3,4.3,4.3,4.3,2
2024-03-27 13:45:00,3193,4.305,4.305,4.305,4.305,4.305,10
2024-03-27 13:51:00,240,4.3042,4.305,4.305,4.305,4.305,2
2024-03-27 13:53:00,520,4.3087,4.3088,4.3088,4.3088,4.3088,2
2024-03-27 13:56:00,215,4.3,4.3,4.3,4.3,4.3,3
2024-03-27 14:09:00,107,4.3049,4.305,4.305,4.305,4.305,2
2024-03-27 14:10:00,20693,4.2935,4.3,4.29,4.3,4.29,54
2024-03-27 14:11:00,544,4.285,4.285,4.285,4.285,4.285,3
2024-03-27 14:12:00,433,4.285,4.285,4.285,4.285,4.285,2
2024-03-27 14:13:00,440,4.2845,4.285,4.285,4.285,4.285,3
2024-03-27 14:14:00,593,4.2838,4.28,4.285,4.285,4.28,4
2024-03-27 14:15:00,131,4.2859,4.285,4.285,4.285,4.285,3
2024-03-27 14:16:00,100,4.285,4.285,4.285,4.285,4.285,1
2024-03-27 14:17:00,26215,4.28,4.28,4.2835,4.285,4.275,56
2024-03-27 14:18:00,8101,4.288,4.29,4.285,4.29,4.285,17
2024-03-27 14:20:00,500,4.29,4.29,4.29,4.29,4.29,1
2024-03-27 14:21:00,400,4.2838,4.285,4.28,4.285,4.28,2
2024-03-27 14:23:00,100,4.285,4.285,4.285,4.285,4.285,1
2024-03-27 14:25:00,1192,4.2871,4.285,4.288,4.288,4.285,3
2024-03-27 14:26:00,5267,4.2849,4.285,4.28,4.285,4.28,14
2024-03-27 14:27:00,200,4.285,4.285,4.285,4.285,4.285,2
2024-03-27 14:29:00,1266,4.285,4.285,4.285,4.285,4.285,2
2024-03-27 14:30:00,1150,4.2891,4.285,4.285,4.29,4.285,5
2024-03-27 14:32:00,800,4.2844,4.28,4.285,4.285,4.28,2
2024-03-27 14:33:00,100,4.285,4.285,4.285,4.285,4.285,1
2024-03-27 14:35:00,300,4.287,4.285,4.288,4.288,4.285,2
2024-03-27 14:36:00,1172,4.2882,4.2882,4.2882,4.2882,4.2882,2
2024-03-27 14:37:00,100,4.285,4.285,4.285,4.285,4.285,1
2024-03-27 14:38:00,5712,4.2811,4.2811,4.2811,4.2811,4.2811,1
2024-03-27 14:39:00,525,4.281,4.285,4.28,4.285,4.28,6
2024-03-27 14:40:00,11660,4.2889,4.2889,4.2889,4.2889,4.2889,2
2024-03-27 14:42:00,203,4.285,4.285,4.285,4.285,4.285,3
2024-03-27 14:43:00,400,4.2838,4.285,4.28,4.285,4.28,2
2024-03-27 14:44:00,100,4.28,4.28,4.28,4.28,4.28,1
2024-03-27 14:48:00,100,4.285,4.285,4.285,4.285,4.285,1
2024-03-27 14:49:00,2989,4.2802,4.28,4.285,4.285,4.28,2
2024-03-27 14:50:00,100,4.28,4.28,4.28,4.28,4.28,1
2024-03-27 14:51:00,3591,4.285,4.285,4.285,4.285,4.285,1
2024-03-27 14:52:00,424,4.285,4.285,4.285,4.285,4.285,5
2024-03-27 14:54:00,100,4.285,4.285,4.285,4.285,4.285,1
2024-03-27 14:56:00,200,4.2825,4.285,4.28,4.285,4.28,2
2024-03-27 14:57:00,5000,4.285,4.285,4.285,4.285,4.285,1
2024-03-27 14:58:00,100,4.285,4.285,4.285,4.285,4.285,1
2024-03-27 14:59:00,100,4.285,4.285,4.285,4.285,4.285,1
2024-03-27 15:01:00,286,4.2898,4.29,4.29,4.29,4.29,3
2024-03-27 15:02:00,10300,4.2893,4.285,4.285,4.29,4.285,19
2024-03-27 15:05:00,1628,4.285,4.285,4.285,4.285,4.285,1
2024-03-27 15:06:00,524,4.285,4.285,4.285,4.285,4.285,6
2024-03-27 15:19:00,219,4.2899,4.29,4.29,4.29,4.29,2
2024-03-27 15:21:00,425,4.285,4.285,4.285,4.285,4.285,5
2024-03-27 15:22:00,115,4.2807,4.28,4.28,4.28,4.28,2
2024-03-27 15:23:00,500,4.285,4.285,4.285,4.285,4.285,2
2024-03-27 15:25:00,2560,4.2846,4.2882,4.2803,4.2882,4.2803,5
2024-03-27 15:26:00,380,4.2886,4.2886,4.2887,4.2887,4.2886,2
2024-03-27 15:29:00,100,4.285,4.285,4.285,4.285,4.285,1
2024-03-27 15:34:00,1003,4.285,4.285,4.285,4.285,4.285,4
2024-03-27 15:35:00,527,4.285,4.285,4.285,4.285,4.285,6
2024-03-27 15:37:00,1000,4.28,4.28,4.28,4.28,4.28,1
2024-03-27 15:41:00,170,4.287,4.285,4.285,4.285,4.285,2
2024-03-27 15:42:00,2350,4.2885,4.2885,4.2885,4.2885,4.2885,2
2024-03-27 15:45:00,3000,4.2899,4.2899,4.2899,4.2899,4.2899,2
2024-03-27 15:47:00,3510,4.2862,4.285,4.285,4.29,4.285,12
2024-03-27 15:48:00,1710,4.2862,4.285,4.2886,4.2886,4.285,3
2024-03-27 15:50:00,10710,4.282,4.28,4.285,4.285,4.28,17
2024-03-27 15:51:00,2348,4.2828,4.28,4.285,4.285,4.28,3
2024-03-27 15:52:00,200,4.285,4.285,4.285,4.285,4.285,2
2024-03-27 15:53:00,400,4.2825,4.285,4.28,4.285,4.28,3
2024-03-27 15:54:00,100,4.285,4.285,4.285,4.285,4.285,1
2024-03-27 15:55:00,151,4.285,4.285,4.285,4.285,4.285,2
2024-03-27 15:56:00,634,4.2845,4.285,4.285,4.285,4.285,9
2024-03-27 15:57:00,200,4.285,4.285,4.285,4.285,4.285,2
2024-03-27 15:58:00,100,4.28,4.28,4.28,4.28,4.28,1
2024-03-27 15:59:00,185,4.28,4.28,4.28,4.28,4.28,2
2024-03-27 16:00:00,400,4.2838,4.285,4.285,4.285,4.28,4
2024-03-27 16:03:00,227,4.285,4.285,4.285,4.285,4.285,2
2024-03-27 16:04:00,100,4.285,4.285,4.285,4.285,4.285,1
2024-03-27 16:07:00,20692,4.2807,4.285,4.28,4.285,4.28,31
2024-03-27 16:11:00,250,4.2802,4.28,4.28,4.28,4.28,5
2024-03-27 16:12:00,126,4.28,4.28,4.28,4.28,4.28,2
2024-03-27 16:13:00,419,4.28,4.28,4.28,4.28,4.28,1
2024-03-27 16:16:00,843,4.28,4.28,4.28,4.28,4.28,3
2024-03-27 16:17:00,300,4.2801,4.28,4.2801,4.2801,4.28,2
2024-03-27 16:18:00,352,4.2846,4.2899,4.2819,4.2899,4.2819,2
2024-03-27 16:19:00,2500,4.29,4.29,4.29,4.29,4.29,1
2024-03-27 16:21:00,171,4.28,4.28,4.28,4.28,4.28,2
2024-03-27 16:23:00,100,4.28,4.28,4.28,4.28,4.28,1
2024-03-27 16:24:00,100,4.28,4.28,4.28,4.28,4.28,1
2024-03-27 16:26:00,100,4.28,4.28,4.28,4.28,4.28,1
2024-03-27 16:28:00,2467,4.285,4.285,4.285,4.285,4.285,1
2024-03-27 16:29:00,100,4.28,4.28,4.28,4.28,4.28,1
2024-03-27 16:31:00,300,4.2801,4.28,4.2803,4.2803,4.28,2
2024-03-27 16:32:00,867,4.28,4.28,4.28,4.28,4.28,3
2024-03-27 16:33:00,100,4.28,4.28,4.28,4.28,4.28,1
2024-03-27 16:36:00,100,4.28,4.28,4.28,4.28,4.28,1
2024-03-27 16:38:00,4624,4.2845,4.2855,4.28,4.2855,4.28,5
2024-03-27 16:39:00,2500,4.2823,4.2823,4.2823,4.2823,4.2823,1
2024-03-27 16:40:00,4803,4.2803,4.2803,4.28,4.2803,4.28,2
2024-03-27 16:43:00,253,4.2841,4.2841,4.2841,4.2841,4.2841,1
2024-03-27 16:46:00,960,4.2801,4.2801,4.2801,4.2801,4.2801,1
2024-03-27 16:48:00,100,4.28,4.28,4.28,4.28,4.28,1
2024-03-27 16:50:00,100,4.28,4.28,4.28,4.28,4.28,1
2024-03-27 16:53:00,100,4.28,4.28,4.28,4.28,4.28,1
2024-03-27 16:54:00,414,4.285,4.285,4.285,4.285,4.285,1
2024-03-27 16:57:00,100,4.28,4.28,4.28,4.28,4.28,1
2024-03-27 17:01:00,22988,4.2791,4.28,4.275,4.28,4.27,76
2024-03-27 17:03:00,700,4.28,4.28,4.28,4.28,4.28,5
2024-03-27 17:04:00,800,4.28,4.28,4.28,4.28,4.28,4
2024-03-27 17:10:00,3020,4.28,4.28,4.28,4.28,4.28,3
2024-03-27 17:12:00,1000,4.2796,4.28,4.28,4.28,4.2757,10
2024-03-27 17:14:00,200,4.275,4.275,4.275,4.275,4.275,1
2024-03-27 17:15:00,159,4.2748,4.2725,4.2725,4.2725,4.2725,2
2024-03-27 17:19:00,8716,4.2804,4.28,4.28,4.285,4.28,20
2024-03-27 17:22:00,425,4.2812,4.285,4.28,4.285,4.28,2
2024-03-27 17:23:00,38087,4.2898,4.285,4.29,4.295,4.285,85
2024-03-27 17:24:00,1946,4.294,4.2901,4.295,4.295,4.29,5
2024-03-27 17:26:00,137,4.2999,4.3,4.3,4.3,4.3,2
2024-03-27 17:27:00,700,4.29,4.29,4.29,4.29,4.29,5
2024-03-27 17:33:00,2528,4.2977,4.29,4.2984,4.2984,4.29,4
2024-03-27 17:41:00,300,4.29,4.29,4.29,4.29,4.29,2
2024-03-27 17:44:00,13013,4.2901,4.29,4.29,4.295,4.29,11
2024-03-27 17:46:00,115,4.2904,4.29,4.29,4.29,4.29,3
2024-03-27 17:47:00,300,4.29,4.29,4.29,4.29,4.29,3
2024-03-27 17:49:00,1000,4.2999,4.2999,4.2999,4.2999,4.2999,1
2024-03-27 17:50:00,100,4.29,4.29,4.29,4.29,4.29,1
2024-03-27 17:51:00,300,4.29,4.29,4.29,4.29,4.29,1
2024-03-27 17:52:00,4188,4.29,4.29,4.29,4.29,4.29,14
2024-03-27 17:55:00,3255,4.2906,4.295,4.285,4.295,4.285,17
2024-03-27 17:56:00,2699,4.2813,4.2813,4.28,4.2813,4.28,5
2024-03-27 17:57:00,100,4.28,4.28,4.28,4.28,4.28,1
2024-03-27 17:58:00,100,4.28,4.28,4.28,4.28,4.28,1
2024-03-27 17:59:00,200,4.28,4.28,4.28,4.28,4.28,2
2024-03-27 18:02:00,8802,4.2808,4.2808,4.285,4.285,4.2808,3
2024-03-27 18:10:00,6998,4.2821,4.285,4.28,4.285,4.28,28
2024-03-27 18:12:00,900,4.28,4.28,4.28,4.28,4.28,2
2024-03-27 18:16:00,4151,4.2886,4.2888,4.2899,4.2899,4.28,4
2024-03-27 18:17:00,2500,4.28,4.28,4.28,4.28,4.28,10
2024-03-27 18:19:00,500,4.28,4.28,4.28,4.28,4.28,3
2024-03-27 18:20:00,200,4.28,4.28,4.28,4.28,4.28,2
2024-03-27 18:22:00,2600,4.2807,4.2807,4.2807,4.2807,4.2807,2
2024-03-27 18:26:00,200,4.28,4.28,4.28,4.28,4.28,2
2024-03-27 18:30:00,2016,4.2806,4.28,4.281,4.281,4.28,2
2024-03-27 18:31:00,225,4.28,4.28,4.28,4.28,4.28,3
2024-03-27 18:34:00,125,4.2899,4.2899,4.2899,4.2899,4.2899,1
2024-03-27 18:35:00,13443,4.2794,4.28,4.275,4.2801,4.275,31
2024-03-27 18:36:00,200,4.275,4.275,4.275,4.275,4.275,2
2024-03-27 18:38:00,6035,4.2789,4.2799,4.2789,4.2799,4.2789,3
2024-03-27 18:40:00,14309,4.2702,4.2701,4.275,4.275,4.2701,4
2024-03-27 18:41:00,200,4.27,4.27,4.27,4.27,4.27,2
2024-03-27 18:42:00,125,4.2701,4.2701,4.2701,4.2701,4.2701,1
2024-03-27 18:44:00,973,4.2705,4.275,4.27,4.275,4.27,12
2024-03-27 18:45:00,2100,4.27,4.27,4.27,4.27,4.27,2
2024-03-27 18:46:00,702,4.27,4.27,4.27,4.27,4.27,3
2024-03-27 18:47:00,703,4.275,4.275,4.275,4.275,4.275,3
2024-03-27 18:49:00,1680,4.272,4.2736,4.27,4.275,4.27,3
2024-03-27 18:50:00,248,4.2799,4.2799,4.2799,4.2799,4.2799,1
2024-03-27 18:51:00,2518,4.271,4.27,4.2713,4.275,4.27,11
2024-03-27 18:53:00,762,4.2763,4.2799,4.275,4.2799,4.274,3
2024-03-27 18:56:00,1381,4.2743,4.27,4.275,4.275,4.27,5
2024-03-27 18:57:00,550,4.2737,4.27,4.27,4.275,4.27,9
2024-03-27 18:58:00,836,4.2763,4.2799,4.274,4.2799,4.274,7
2024-03-27 18:59:00,501,4.273,4.275,4.27,4.275,4.27,5
2024-03-27 19:00:00,256,4.274,4.274,4.274,4.274,4.274,2
2024-03-27 19:01:00,1401,4.2754,4.275,4.2775,4.2799,4.27,7
2024-03-27 19:02:00,124,4.2799,4.2799,4.2799,4.2799,4.2799,2
2024-03-27 19:03:00,1282,4.2724,4.2799,4.274,4.2799,4.2701,5
2024-03-27 19:04:00,383,4.274,4.274,4.274,4.274,4.274,3
2024-03-27 19:05:00,1501,4.2757,4.275,4.277,4.277,4.275,3
2024-03-27 19:07:00,3227,4.272,4.2775,4.27,4.28,4.27,13
2024-03-27 19:10:00,957,4.2785,4.2799,4.2775,4.28,4.2775,4
2024-03-27 19:13:00,100,4.27,4.27,4.27,4.27,4.27,1
2024-03-27 19:14:00,1087,4.2724,4.27,4.27,4.2729,4.27,3
2024-03-27 19:15:00,100,4.27,4.27,4.27,4.27,4.27,1
2024-03-27 19:17:00,100,4.27,4.27,4.27,4.27,4.27,1
2024-03-27 19:19:00,1040,4.2761,4.2775,4.27,4.28,4.27,6
2024-03-27 19:20:00,100,4.27,4.27,4.27,4.27,4.27,1
2024-03-27 19:23:00,714,4.27,4.27,4.27,4.27,4.27,6
2024-03-27 19:25:00,20732,4.2695,4.27,4.27,4.27,4.2683,30
2024-03-27 19:30:00,100,4.265,4.265,4.265,4.265,4.265,1
2024-03-27 19:31:00,528,4.2641,4.26,4.265,4.265,4.26,7
2024-03-27 19:33:00,401,4.2644,4.265,4.2625,4.265,4.2625,5
2024-03-27 19:34:00,100,4.265,4.265,4.265,4.265,4.265,1
2024-03-27 19:36:00,296,4.2648,4.265,4.2625,4.265,4.2625,3
2024-03-27 19:38:00,1575,4.2686,4.2625,4.2699,4.2699,4.2625,8
2024-03-27 19:40:00,348,4.265,4.265,4.265,4.265,4.265,3
2024-03-27 19:41:00,200,4.2638,4.265,4.2625,4.265,4.2625,2
2024-03-27 19:42:00,1103,4.2681,4.27,4.265,4.27,4.2625,9
2024-03-27 19:43:00,100,4.2625,4.2625,4.2625,4.2625,4.2625,1
2024-03-27 19:44:00,408,4.2662,4.265,4.27,4.27,4.2625,5
2024-03-27 19:45:00,200,4.265,4.265,4.265,4.265,4.265,2
2024-03-27 19:46:00,1409,4.265,4.265,4.265,4.265,4.265,3
2024-03-27 19:47:00,172,4.265,4.265,4.265,4.265,4.265,3
2024-03-27 19:49:00,1015,4.2617,4.265,4.27,4.27,4.2601,5
2024-03-27 19:50:00,8927,4.2696,4.265,4.27,4.27,4.265,25
2024-03-27 19:51:00,7354,4.2696,4.27,4.27,4.27,4.265,14
2024-03-27 19:52:00,3868,4.27,4.27,4.269,4.27,4.269,5
2024-03-27 19:53:00,300,4.2675,4.27,4.2625,4.27,4.2625,2
2024-03-27 19:54:00,4488,4.266,4.269,4.27,4.27,4.26,19
2024-03-27 19:55:00,997,4.2668,4.265,4.27,4.27,4.2625,11
2024-03-27 19:56:00,4850,4.266,4.265,4.27,4.27,4.2625,13
2024-03-27 19:57:00,4960,4.2661,4.265,4.27,4.27,4.265,22
2024-03-27 19:58:00,5399,4.2661,4.2625,4.2625,4.27,4.26,25
2024-03-27 19:59:00,34141,4.2644,4.27,4.27,4.27,4.26,118
2024-03-28 13:30:00,86865,4.2899,4.29,4.27,4.29,4.27,13
2024-03-28 13:31:00,2068,4.2898,4.285,4.29,4.3,4.285,12
2024-03-28 13:32:00,812,4.2994,4.2999,4.2999,4.2999,4.2999,3
2024-03-28 13:33:00,3032,4.2952,4.295,4.295,4.2975,4.295,9
2024-03-28 13:34:00,1080,4.2984,4.2992,4.295,4.2992,4.295,5
2024-03-28 13:35:00,100,4.295,4.295,4.295,4.295,4.295,1
2024-03-28 13:36:00,141,4.295,4.295,4.295,4.295,4.295,1
2024-03-28 13:37:00,320,4.295,4.295,4.295,4.295,4.295,4
2024-03-28 13:38:00,710,4.2926,4.2914,4.295,4.295,4.29,5
2024-03-28 13:39:00,1485,4.2925,4.295,4.295,4.295,4.29,9
2024-03-28 13:40:00,6077,4.2967,4.299,4.295,4.299,4.29,19
2024-03-28 13:41:00,766,4.2965,4.295,4.295,4.3,4.295,4
2024-03-28 13:42:00,666,4.2954,4.296,4.295,4.296,4.295,6
2024-03-28 13:43:00,200,4.295,4.295,4.295,4.295,4.295,2
2024-03-28 13:44:00,1252,4.2968,4.295,4.295,4.3,4.295,9
2024-03-28 13:45:00,324,4.295,4.295,4.295,4.295,4.295,8
2024-03-28 13:46:00,700,4.295,4.295,4.295,4.295,4.295,4
2024-03-28 13:47:00,369,4.295,4.295,4.295,4.295,4.295,6
2024-03-28 13:48:00,361,4.2964,4.295,4.295,4.3,4.295,5
2024-03-28 13:49:00,352,4.295,4.295,4.295,4.295,4.295,4
2024-03-28 13:50:00,432,4.2957,4.295,4.295,4.295,4.295,8
2024-03-28 13:51:00,752,4.2983,4.3,4.295,4.3,4.295,6
2024-03-28 13:52:00,1161,4.2951,4.295,4.295,4.295,4.295,9
2024-03-28 13:53:00,485,4.2969,4.295,4.295,4.2999,4.295,5
2024-03-28 13:54:00,351,4.295,4.295,4.295,4.295,4.295,4
2024-03-28 13:55:00,352,4.295,4.295,4.295,4.295,4.295,4
2024-03-28 13:56:00,10555,4.2995,4.29,4.3,4.3,4.29,5
2024-03-28 13:57:00,267,4.2963,4.295,4.295,4.295,4.295,3
2024-03-28 13:59:00,1557,4.2929,4.295,4.295,4.295,4.29,11
2024-03-28 14:00:00,1843,4.297,4.2901,4.296,4.2999,4.2901,9
2024-03-28 14:01:00,8840,4.299,4.295,4.3,4.3,4.295,35
2024-03-28 14:02:00,168,4.305,4.305,4.305,4.305,4.305,2
2024-03-28 14:03:00,324,4.3035,4.3,4.305,4.305,4.3,6
2024-03-28 14:04:00,376,4.3066,4.3,4.3099,4.3099,4.3,3
2024-03-28 14:05:00,9682,4.3092,4.305,4.31,4.31,4.305,27
2024-03-28 14:08:00,303,4.3133,4.315,4.31,4.315,4.31,4
2024-03-28 14:10:00,263,4.315,4.315,4.315,4.315,4.315,3
2024-03-28 14:12:00,198,4.315,4.315,4.315,4.315,4.315,3
2024-03-28 14:13:00,667,4.3126,4.315,4.31,4.315,4.31,4
2024-03-28 14:14:00,608,4.3152,4.315,4.315,4.315,4.315,5
2024-03-28 14:15:00,100,4.315,4.315,4.315,4.315,4.315,1
2024-03-28 14:16:00,768,4.3149,4.315,4.315,4.315,4.315,10
2024-03-28 14:17:00,300,4.315,4.315,4.315,4.315,4.315,3
2024-03-28 14:18:00,245,4.315,4.315,4.315,4.315,4.315,2
2024-03-28 14:19:00,416,4.315,4.316,4.315,4.316,4.315,4
2024-03-28 14:20:00,5025,4.3131,4.3125,4.315,4.315,4.31,22
2024-03-28 14:21:00,1526,4.3114,4.31,4.315,4.315,4.31,5
2024-03-28 14:22:00,518,4.3129,4.316,4.3101,4.316,4.3101,2
2024-03-28 14:23:00,100,4.315,4.315,4.315,4.315,4.315,1
2024-03-28 14:24:00,6761,4.3098,4.31,4.305,4.31,4.3,14
2024-03-28 14:26:00,4316,4.3001,4.3087,4.295,4.3087,4.295,12
2024-03-28 14:27:00,100,4.295,4.295,4.295,4.295,4.295,1
2024-03-28 14:28:00,100,4.295,4.295,4.295,4.295,4.295,1
2024-03-28 14:29:00,5101,4.29,4.29,4.29,4.29,4.29,3
2024-03-28 14:30:00,100,4.291,4.291,4.291,4.291,4.291,1
2024-03-28 14:31:00,358,4.2914,4.29,4.295,4.295,4.29,4
2024-03-28 14:32:00,927,4.2931,4.29,4.29,4.2988,4.29,5
2024-03-28 14:33:00,146,4.2931,4.29,4.29,4.29,4.29,2
2024-03-28 14:34:00,223,4.2933,4.295,4.29,4.295,4.29,3
2024-03-28 14:35:00,300,4.295,4.2999,4.295,4.2999,4.29,3
2024-03-28 14:37:00,500,4.294,4.29,4.295,4.2999,4.29,5
2024-03-28 14:38:00,119,4.2909,4.29,4.29,4.29,4.29,3
2024-03-28 14:40:00,119,4.295,4.295,4.295,4.295,4.295,2
2024-03-28 14:41:00,350,4.2907,4.29,4.29,4.29,4.29,5
2024-03-28 14:42:00,101,4.29,4.29,4.29,4.29,4.29,2
2024-03-28 14:43:00,100,4.29,4.29,4.29,4.29,4.29,1
2024-03-28 14:46:00,220,4.2927,4.29,4.295,4.295,4.29,3
2024-03-28 14:47:00,388,4.295,4.295,4.295,4.295,4.295,2
2024-03-28 14:48:00,50367,4.2803,4.29,4.28,4.295,4.27,86
2024-03-28 14:49:00,100,4.275,4.275,4.275,4.275,4.275,1
2024-03-28 14:50:00,4100,4.275,4.275,4.275,4.275,4.275,3
2024-03-28 14:51:00,3988,4.2781,4.28,4.28,4.28,4.275,16
2024-03-28 14:52:00,600,4.275,4.275,4.275,4.275,4.275,3
2024-03-28 14:53:00,456,4.275,4.275,4.275,4.275,4.275,5
2024-03-28 14:54:00,7675,4.2797,4.275,4.28,4.28,4.275,24
2024-03-28 14:55:00,676,4.2899,4.2899,4.2899,4.2899,4.2899,1
2024-03-28 14:56:00,500,4.281,4.28,4.28,4.285,4.28,3
2024-03-28 14:57:00,13501,4.2888,4.2892,4.285,4.29,4.28,8
2024-03-28 14:58:00,400,4.285,4.285,4.285,4.285,4.285,2
2024-03-28 14:59:00,2190,4.2856,4.285,4.2899,4.2899,4.28,10
2024-03-28 15:00:00,100,4.285,4.285,4.285,4.285,4.285,1
2024-03-28 15:01:00,395,4.2815,4.2813,4.2813,4.2813,4.2813,2
2024-03-28 15:02:00,300,4.2833,4.28,4.285,4.285,4.28,3
2024-03-28 15:03:00,426,4.2857,4.29,4.28,4.29,4.28,5
2024-03-28 15:04:00,100,4.285,4.285,4.285,4.285,4.285,1
2024-03-28 15:05:00,231,4.2824,4.284,4.28,4.284,4.28,3
2024-03-28 15:06:00,28312,4.2743,4.285,4.27,4.285,4.27,39
2024-03-28 15:07:00,794,4.2707,4.2702,4.274,4.274,4.2702,4
2024-03-28 15:08:00,166,4.272,4.27,4.27,4.27,4.27,3
2024-03-28 15:09:00,205,4.2702,4.27,4.27,4.27,4.27,2
2024-03-28 15:10:00,471,4.2724,4.274,4.27,4.275,4.27,6
2024-03-28 15:11:00,5987,4.2733,4.2701,4.275,4.2799,4.2701,5
2024-03-28 15:12:00,457,4.2715,4.27,4.27,4.275,4.27,6
2024-03-28 15:13:00,2200,4.274,4.273,4.275,4.275,4.273,4
2024-03-28 15:14:00,1330,4.2749,4.275,4.275,4.275,4.275,3
2024-03-28 15:15:00,200,4.275,4.275,4.275,4.275,4.275,2
2024-03-28 15:16:00,3110,4.2724,4.27,4.27,4.2787,4.27,5
2024-03-28 15:17:00,200,4.275,4.275,4.275,4.275,4.275,2
2024-03-28 15:18:00,100,4.27,4.27,4.27,4.27,4.27,1
2024-03-28 15:19:00,300,4.275,4.275,4.275,4.275,4.275,3
2024-03-28 15:20:00,1200,4.2791,4.275,4.275,4.2799,4.275,3
2024-03-28 15:21:00,100,4.275,4.275,4.275,4.275,4.275,1
2024-03-28 15:22:00,3500,4.2712,4.271,4.275,4.275,4.271,4
2024-03-28 15:23:00,200,4.2725,4.275,4.27,4.275,4.27,2
2024-03-28 15:24:00,100,4.275,4.275,4.275,4.275,4.275,1
2024-03-28 15:25:00,248,4.271,4.27,4.27,4.27,4.27,4
2024-03-28 15:26:00,2466,4.2707,4.27,4.2703,4.275,4.27,6
2024-03-28 15:27:00,940,4.2704,4.27,4.27,4.27,4.27,7
2024-03-28 15:28:00,8321,4.2744,4.275,4.275,4.275,4.27,19
2024-03-28 15:29:00,315,4.2734,4.275,4.275,4.275,4.27,4
2024-03-28 15:30:00,206,4.2726,4.27,4.275,4.275,4.27,5
2024-03-28 15:31:00,100,4.27,4.27,4.27,4.27,4.27,1
2024-03-28 15:32:00,324,4.2713,4.27,4.27,4.273,4.27,4
2024-03-28 15:33:00,532,4.2711,4.27,4.275,4.275,4.27,4
2024-03-28 15:34:00,432,4.2709,4.27,4.272,4.272,4.27,8
2024-03-28 15:35:00,107,4.2706,4.27,4.27,4.27,4.27,2
2024-03-28 15:36:00,300,4.2717,4.275,4.27,4.275,4.27,3
2024-03-28 15:37:00,102,4.2702,4.27,4.27,4.27,4.27,2
2024-03-28 15:38:00,200,4.2725,4.27,4.275,4.275,4.27,2
2024-03-28 15:39:00,6041,4.2748,4.275,4.27,4.275,4.27,3
2024-03-28 15:40:00,767,4.2761,4.2799,4.272,4.2799,4.27,6
2024-03-28 15:41:00,266,4.2725,4.27,4.274,4.274,4.27,4
2024-03-28 15:42:00,1053,4.27,4.27,4.27,4.27,4.27,4
2024-03-28 15:43:00,369,4.2728,4.275,4.27,4.275,4.27,5
2024-03-28 15:44:00,101,4.27,4.27,4.27,4.27,4.27,2
2024-03-28 15:45:00,200,4.27,4.27,4.27,4.27,4.27,2
2024-03-28 15:46:00,546,4.2713,4.27,4.27,4.275,4.27,4
2024-03-28 15:47:00,202,4.2701,4.27,4.27,4.27,4.27,3
2024-03-28 15:48:00,328,4.2712,4.2725,4.27,4.2725,4.27,5
2024-03-28 15:49:00,468,4.2705,4.27,4.272,4.272,4.27,3
2024-03-28 15:50:00,100,4.27,4.27,4.27,4.27,4.27,1
2024-03-28 15:51:00,294,4.27,4.27,4.27,4.27,4.27,3
2024-03-28 15:52:00,600,4.2742,4.275,4.27,4.275,4.27,4
2024-03-28 15:53:00,200,4.2725,4.27,4.275,4.275,4.27,2
2024-03-28 15:54:00,100,4.275,4.275,4.275,4.275,4.275,1
2024-03-28 15:55:00,100,4.275,4.275,4.275,4.275,4.275,1
2024-03-28 15:56:00,300,4.27,4.27,4.27,4.27,4.27,3
2024-03-28 15:57:00,400,4.2713,4.275,4.27,4.275,4.27,4
2024-03-28 15:58:00,225,4.2718,4.27,4.274,4.274,4.27,3
2024-03-28 15:59:00,200,4.27,4.27,4.27,4.27,4.27,2
2024-03-28 16:00:00,158,4.275,4.275,4.275,4.275,4.275,12
2024-03-28 16:02:00,220,4.2731,4.27,4.275,4.275,4.27,3
2024-03-28 16:03:00,200,4.275,4.275,4.275,4.275,4.275,2
2024-03-28 16:04:00,100,4.27,4.27,4.27,4.27,4.27,1
2024-03-28 16:05:00,200,4.275,4.275,4.275,4.275,4.275,2
2024-03-28 16:06:00,205,4.2751,4.275,4.275,4.275,4.275,3
2024-03-28 16:07:00,21450,4.2807,4.275,4.29,4.29,4.275,42
2024-03-28 16:08:00,100,4.285,4.285,4.285,4.285,4.285,1
2024-03-28 16:09:00,100,4.285,4.285,4.285,4.285,4.285,1
2024-03-28 16:10:00,125,4.284,4.285,4.285,4.285,4.285,2
2024-03-28 16:11:00,100,4.285,4.285,4.285,4.285,4.285,1
2024-03-28 16:12:00,200,4.285,4.285,4.285,4.285,4.285,2
2024-03-28 16:13:00,100,4.285,4.285,4.285,4.285,4.285,1
2024-03-28 16:14:00,100,4.285,4.285,4.285,4.285,4.285,1
2024-03-28 16:15:00,200,4.285,4.285,4.285,4.285,4.285,2
2024-03-28 16:16:00,1300,4.285,4.285,4.285,4.285,4.285,4
2024-03-28 16:17:00,100,4.285,4.285,4.285,4.285,4.285,1
2024-03-28 16:18:00,301,4.285,4.285,4.285,4.285,4.285,4
2024-03-28 16:20:00,300,4.285,4.285,4.285,4.285,4.285,3
2024-03-28 16:21:00,100,4.285,4.285,4.285,4.285,4.285,1
2024-03-28 16:22:00,100,4.285,4.285,4.285,4.285,4.285,1
2024-03-28 16:23:00,200,4.285,4.285,4.285,4.285,4.285,2
2024-03-28 16:24:00,540,4.2828,4.285,4.28,4.285,4.28,6
2024-03-28 16:25:00,100,4.28,4.28,4.28,4.28,4.28,1
2024-03-28 16:26:00,511,4.28,4.2801,4.28,4.2801,4.28,5
2024-03-28 16:28:00,500,4.281,4.28,4.28,4.285,4.28,5
2024-03-28 16:30:00,100,4.28,4.28,4.28,4.28,4.28,1
2024-03-28 16:31:00,400,4.2813,4.285,4.28,4.285,4.28,4
2024-03-28 16:33:00,300,4.2817,4.28,4.28,4.28,4.28,4
2024-03-28 16:34:00,200,4.28,4.28,4.28,4.28,4.28,2
2024-03-28 16:35:00,200,4.28,4.28,4.28,4.28,4.28,2
2024-03-28 16:36:00,6345,4.2796,4.28,4.275,4.28,4.275,23
2024-03-28 16:37:00,339,4.275,4.275,4.275,4.275,4.275,4
2024-03-28 16:38:00,100,4.275,4.275,4.275,4.275,4.275,1
2024-03-28 16:39:00,100,4.275,4.275,4.275,4.275,4.275,1
2024-03-28 16:40:00,100,4.275,4.275,4.275,4.275,4.275,1
2024-03-28 16:41:00,200,4.275,4.275,4.275,4.275,4.275,3
2024-03-28 16:42:00,13985,4.2793,4.275,4.28,4.28,4.275,42
2024-03-28 16:43:00,3556,4.2801,4.28,4.285,4.285,4.28,8
2024-03-28 16:44:00,190,4.2826,4.285,4.285,4.285,4.285,2
2024-03-28 16:46:00,100,4.283,4.283,4.283,4.283,4.283,1
2024-03-28 16:47:00,445,4.284,4.284,4.284,4.284,4.284,1
2024-03-28 16:48:00,100,4.28,4.28,4.28,4.28,4.28,1
2024-03-28 16:51:00,8441,4.2804,4.285,4.2801,4.285,4.2801,2
2024-03-28 16:52:00,100,4.281,4.281,4.281,4.281,4.281,1
2024-03-28 16:53:00,100,4.28,4.28,4.28,4.28,4.28,1
2024-03-28 16:54:00,175,4.28,4.28,4.28,4.28,4.28,2
2024-03-28 16:55:00,100,4.28,4.28,4.28,4.28,4.28,1
2024-03-28 16:56:00,100,4.28,4.28,4.28,4.28,4.28,1
2024-03-28 16:57:00,200,4.2805,4.28,4.281,4.281,4.28,2
2024-03-28 16:58:00,201,4.28,4.28,4.28,4.28,4.28,3
2024-03-28 16:59:00,114,4.28,4.28,4.28,4.28,4.28,2
2024-03-28 17:00:00,100,4.28,4.28,4.28,4.28,4.28,1
2024-03-28 17:03:00,200,4.2825,4.28,4.285,4.285,4.28,2
2024-03-28 17:04:00,278,4.285,4.285,4.285,4.285,4.285,2
2024-03-28 17:05:00,100,4.285,4.285,4.285,4.285,4.285,1
2024-03-28 17:06:00,100,4.285,4.285,4.285,4.285,4.285,1
2024-03-28 17:07:00,200,4.285,4.285,4.285,4.285,4.285,1
2024-03-28 17:08:00,676,4.2815,4.285,4.28,4.285,4.28,6
2024-03-28 17:09:00,100,4.285,4.285,4.285,4.285,4.285,1
2024-03-28 17:12:00,100,4.28,4.28,4.28,4.28,4.28,1
2024-03-28 17:13:00,100,4.285,4.285,4.285,4.285,4.285,1
2024-03-28 17:14:00,250,4.28,4.28,4.28,4.28,4.28,2
2024-03-28 17:15:00,100,4.282,4.282,4.282,4.282,4.282,1
2024-03-28 17:16:00,1009,4.284,4.28,4.28,4.285,4.28,3
2024-03-28 17:18:00,3000,4.2875,4.2886,4.28,4.2886,4.28,4
2024-03-28 17:19:00,421,4.282,4.28,4.285,4.285,4.28,3
2024-03-28 17:21:00,350,4.28,4.28,4.28,4.28,4.28,5
2024-03-28 17:22:00,100,4.28,4.28,4.28,4.28,4.28,1
2024-03-28 17:23:00,178,4.28,4.28,4.28,4.28,4.28,1
2024-03-28 17:24:00,1318,4.2805,4.283,4.2802,4.283,4.2802,3
2024-03-28 17:25:00,1065,4.28,4.28,4.28,4.28,4.28,1
2024-03-28 17:26:00,524,4.2812,4.2812,4.2812,4.2812,4.2812,1
2024-03-28 17:27:00,347,4.2802,4.28,4.28,4.28,4.28,3
2024-03-28 17:28:00,100,4.28,4.28,4.28,4.28,4.28,1
2024-03-28 17:30:00,100,4.282,4.282,4.282,4.282,4.282,1
2024-03-28 17:32:00,319,4.2806,4.28,4.282,4.282,4.28,2
2024-03-28 17:34:00,100,4.28,4.28,4.28,4.28,4.28,1
2024-03-28 17:36:00,100,4.28,4.28,4.28,4.28,4.28,1
2024-03-28 17:37:00,213,4.28,4.28,4.28,4.28,4.28,1
2024-03-28 17:39:00,100,4.282,4.282,4.282,4.282,4.282,1
2024-03-28 17:41:00,308,4.2806,4.28,4.282,4.282,4.28,2
2024-03-28 17:45:00,100,4.28,4.28,4.28,4.28,4.28,1
2024-03-28 17:46:00,206,4.28,4.28,4.28,4.28,4.28,2
2024-03-28 17:47:00,518,4.2804,4.28,4.282,4.282,4.28,5
2024-03-28 17:50:00,100,4.28,4.28,4.28,4.28,4.28,1
2024-03-28 17:52:00,100,4.28,4.28,4.28,4.28,4.28,1
2024-03-28 17:53:00,101,4.28,4.28,4.28,4.28,4.28,2
2024-03-28 17:56:00,1134,4.2802,4.28,4.281,4.281,4.28,11
2024-03-28 17:59:00,343,4.28,4.28,4.28,4.28,4.28,4
2024-03-28 18:00:00,250,4.285,4.285,4.285,4.285,4.285,2
2024-03-28 18:01:00,308,4.28,4.28,4.28,4.28,4.28,3
2024-03-28 18:05:00,1534,4.2833,4.28,4.28,4.285,4.28,5
2024-03-28 18:08:00,100,4.28,4.28,4.28,4.28,4.28,1
2024-03-28 18:09:00,100,4.28,4.28,4.28,4.28,4.28,1
2024-03-28 18:10:00,4316,4.285,4.2886,4.28,4.2886,4.28,10
2024-03-28 18:11:00,409,4.28,4.28,4.28,4.28,4.28,5
2024-03-28 18:14:00,200,4.28,4.28,4.28,4.28,4.28,2
2024-03-28 18:15:00,1521,4.2801,4.2801,4.28,4.2801,4.28,3
2024-03-28 18:16:00,100,4.28,4.28,4.28,4.28,4.28,1
2024-03-28 18:17:00,7109,4.2849,4.285,4.28,4.285,4.28,2
2024-03-28 18:18:00,699,4.28,4.28,4.28,4.28,4.28,4
2024-03-28 18:19:00,100,4.28,4.28,4.28,4.28,4.28,1
2024-03-28 18:23:00,269,4.28,4.28,4.28,4.28,4.28,1
2024-03-28 18:25:00,210,4.28,4.28,4.28,4.28,4.28,3
2024-03-28 18:26:00,496,4.28,4.28,4.28,4.28,4.28,3
2024-03-28 18:28:00,5468,4.28,4.28,4.28,4.28,4.28,5
2024-03-28 18:29:00,100,4.28,4.28,4.28,4.28,4.28,1
2024-03-28 18:31:00,100,4.28,4.28,4.28,4.28,4.28,1
2024-03-28 18:32:00,100,4.28,4.28,4.28,4.28,4.28,1
2024-03-28 18:34:00,7424,4.28,4.28,4.28,4.28,4.28,21
2024-03-28 18:35:00,9545,4.2801,4.2801,4.28,4.2801,4.28,7
2024-03-28 18:36:00,230,4.275,4.275,4.275,4.275,4.275,2
2024-03-28 18:37:00,1500,4.2799,4.2799,4.2799,4.2799,4.2799,2
2024-03-28 18:39:00,298,4.275,4.275,4.275,4.275,4.275,3
2024-03-28 18:40:00,10378,4.2717,4.275,4.27,4.275,4.27,16
2024-03-28 18:42:00,100,4.27,4.27,4.27,4.27,4.27,1
2024-03-28 18:43:00,200,4.27,4.27,4.27,4.27,4.27,2
2024-03-28 18:44:00,100,4.27,4.27,4.27,4.27,4.27,1
2024-03-28 18:46:00,200,4.27,4.27,4.27,4.27,4.27,2
2024-03-28 18:47:00,10245,4.2793,4.2799,4.27,4.2799,4.27,4
2024-03-28 18:48:00,200,4.27,4.27,4.27,4.27,4.27,2
2024-03-28 18:49:00,200,4.27,4.27,4.27,4.27,4.27,2
2024-03-28 18:50:00,100,4.27,4.27,4.27,4.27,4.27,1
2024-03-28 18:51:00,100,4.27,4.27,4.27,4.27,4.27,1
2024-03-28 18:52:00,1285,4.2748,4.27,4.28,4.28,4.27,7
2024-03-28 18:53:00,1000,4.277,4.275,4.275,4.28,4.275,5
2024-03-28 18:54:00,1231,4.2728,4.27,4.27,4.275,4.27,4
2024-03-28 18:55:00,914,4.2773,4.28,4.27,4.28,4.27,4
2024-03-28 18:56:00,200,4.27,4.27,4.27,4.27,4.27,2
2024-03-28 18:57:00,300,4.27,4.27,4.27,4.27,4.27,3
2024-03-28 18:58:00,300,4.27,4.27,4.27,4.27,4.27,3
2024-03-28 18:59:00,2300,4.2746,4.275,4.27,4.275,4.27,3
2024-03-28 19:00:00,100,4.27,4.27,4.27,4.27,4.27,1
2024-03-28 19:01:00,140,4.28,4.28,4.28,4.28,4.28,1
2024-03-28 19:02:00,439,4.27,4.27,4.27,4.27,4.27,5
2024-03-28 19:04:00,187,4.2747,4.27,4.27,4.27,4.27,2
2024-03-28 19:06:00,1871,4.27,4.27,4.27,4.27,4.27,12
2024-03-28 19:07:00,252,4.27,4.27,4.27,4.27,4.27,3
2024-03-28 19:09:00,327,4.27,4.27,4.27,4.27,4.27,1
2024-03-28 19:10:00,100,4.27,4.27,4.27,4.27,4.27,1
2024-03-28 19:11:00,58079,4.2856,4.28,4.29,4.29,4.275,82
2024-03-28 19:12:00,100,4.28,4.28,4.28,4.28,4.28,1
2024-03-28 19:13:00,334,4.28,4.28,4.28,4.28,4.28,3
2024-03-28 19:16:00,1873,4.2806,4.285,4.28,4.285,4.28,8
2024-03-28 19:17:00,500,4.28,4.28,4.28,4.28,4.28,1
2024-03-28 19:19:00,100,4.28,4.28,4.28,4.28,4.28,1
2024-03-28 19:20:00,100,4.28,4.28,4.28,4.28,4.28,1
2024-03-28 19:21:00,100,4.28,4.28,4.28,4.28,4.28,1
2024-03-28 19:23:00,734,4.2881,4.285,4.2899,4.2899,4.285,4
2024-03-28 19:24:00,100,4.285,4.285,4.285,4.285,4.285,1
2024-03-28 19:25:00,354,4.2828,4.28,4.285,4.285,4.28,3
2024-03-28 19:27:00,2007,4.2852,4.2838,4.285,4.29,4.2838,8
2024-03-28 19:28:00,310,4.2832,4.285,4.285,4.285,4.28,3
2024-03-28 19:29:00,14510,4.29,4.2899,4.29,4.29,4.2899,3
2024-03-28 19:31:00,1200,4.2804,4.28,4.28,4.285,4.28,3
2024-03-28 19:32:00,179,4.2858,4.285,4.285,4.285,4.285,4
2024-03-28 19:34:00,696,4.285,4.285,4.285,4.285,4.285,4
2024-03-28 19:35:00,641,4.2851,4.285,4.285,4.285,4.285,3
2024-03-28 19:36:00,462,4.285,4.285,4.285,4.285,4.285,5
2024-03-28 19:38:00,241,4.285,4.285,4.285,4.285,4.285,5
2024-03-28 19:39:00,229,4.2848,4.285,4.285,4.285,4.285,5
2024-03-28 19:40:00,26997,4.2895,4.285,4.295,4.295,4.285,73
2024-03-28 19:41:00,178,4.295,4.295,4.295,4.295,4.295,2
2024-03-28 19:42:00,505,4.2918,4.295,4.29,4.295,4.29,3
2024-03-28 19:43:00,457,4.2972,4.3,4.3,4.3,4.3,4
2024-03-28 19:44:00,1119,4.299,4.3,4.295,4.3,4.295,7
2024-03-28 19:45:00,1620,4.2987,4.3,4.295,4.3,4.295,10
2024-03-28 19:46:00,1438,4.295,4.295,4.295,4.295,4.295,10
2024-03-28 19:47:00,593,4.2958,4.2999,4.295,4.2999,4.295,9
2024-03-28 19:49:00,3696,4.2948,4.295,4.295,4.295,4.295,21
2024-03-28 19:50:00,87043,4.2827,4.29,4.28,4.3,4.28,128
2024-03-28 19:51:00,5835,4.2814,4.28,4.285,4.285,4.28,20
2024-03-28 19:52:00,8101,4.2807,4.285,4.28,4.2899,4.28,27
2024-03-28 19:53:00,2916,4.2841,4.285,4.28,4.285,4.28,16
2024-03-28 19:54:00,6814,4.2811,4.28,4.28,4.285,4.28,20
2024-03-28 19:55:00,7730,4.2802,4.28,4.28,4.29,4.28,21
2024-03-28 19:56:00,6950,4.2804,4.285,4.28,4.285,4.28,13
2024-03-28 19:57:00,300,4.28,4.28,4.28,4.28,4.28,3
2024-03-28 19:58:00,41870,4.2733,4.28,4.28,4.28,4.265,87
2024-03-28 19:59:00,63123,4.2653,4.275,4.25,4.275,4.25,158
2024-03-28 20:04:00,5340,4.28,4.28,4.28,4.28,4.28,1
