t,v,vw,o,c,h,l,n
2023-08-21 08:00:00,15.0,4.526,4.493,4.493,4.493,4.493,2
2023-08-21 08:01:00,10.5,4.593,4.593,4.593,4.593,4.593,2
2023-08-21 08:31:00,20.0,4.49,4.49,4.49,4.49,4.49,2
2023-08-21 08:49:00,28.5,4.576,4.576,4.576,4.576,4.576,1
2023-08-21 09:15:00,35.0,4.5,4.5,4.5,4.5,4.5,4
2023-08-21 09:16:00,400.0,4.5,4.5,4.5,4.5,4.5,1
2023-08-21 09:24:00,11.4,4.491,4.49,4.49,4.49,4.49,3
2023-08-21 09:26:00,213.2,4.501,4.501,4.5,4.501,4.5,2
2023-08-21 09:31:00,13.6,4.493,4.49,4.49,4.49,4.49,3
2023-08-21 09:53:00,100.0,4.499,4.499,4.5,4.5,4.499,4
2023-08-21 09:55:00,10.0,4.4,4.4,4.4,4.4,4.4,1
2023-08-21 10:14:00,15.0,4.401,4.401,4.401,4.401,4.401,2
2023-08-21 10:16:00,140.0,4.4,4.4,4.4,4.4,4.4,1
2023-08-21 10:18:00,25.0,4.384,4.38,4.38,4.38,4.38,3
2023-08-21 10:19:00,300.0,4.4,4.397,4.4,4.4,4.397,4
2023-08-21 10:21:00,100.0,4.4,4.4,4.4,4.4,4.4,1
2023-08-21 10:34:00,30.0,4.4,4.4,4.4,4.4,4.4,1
2023-08-21 10:35:00,23.6,4.4,4.4,4.4,4.4,4.4,2
2023-08-21 10:39:00,40.0,4.4,4.4,4.4,4.4,4.4,1
2023-08-21 10:41:00,90.0,4.4,4.4,4.4,4.4,4.4,3
2023-08-21 10:55:00,10.0,4.4,4.4,4.4,4.4,4.4,1
2023-08-21 11:06:00,58.0,4.398,4.393,4.4,4.403,4.393,6
2023-08-21 11:13:00,70.0,4.467,4.467,4.466,4.467,4.466,3
2023-08-21 11:20:00,600.0,4.478,4.48,4.48,4.499,4.47,6
2023-08-21 11:21:00,10.0,4.48,4.48,4.48,4.48,4.48,1
2023-08-21 11:24:00,12.2,4.48,4.48,4.48,4.48,4.48,1
2023-08-21 11:30:00,100.5,4.484,4.48,4.498,4.498,4.48,5
2023-08-21 11:55:00,500.0,4.477,4.477,4.477,4.477,4.477,1
2023-08-21 12:00:00,2996.7,4.433,4.399,4.477,4.499,4.394,50
2023-08-21 12:01:00,175.2,4.481,4.477,4.5,4.5,4.477,7
2023-08-21 12:02:00,39.8,4.592,4.584,4.6,4.6,4.584,4
2023-08-21 12:03:00,152.7,4.48,4.477,4.48,4.48,4.477,8
2023-08-21 12:04:00,200.0,4.48,4.48,4.48,4.48,4.48,1
2023-08-21 12:06:00,20.0,4.473,4.477,4.469,4.477,4.469,2
2023-08-21 12:07:00,1675.1,4.477,4.477,4.477,4.477,4.477,4
2023-08-21 12:11:00,30.0,4.498,4.498,4.498,4.498,4.498,1
2023-08-21 12:12:00,25.0,4.477,4.477,4.477,4.477,4.477,1
2023-08-21 12:14:00,21.2,4.498,4.498,4.498,4.498,4.498,1
2023-08-21 12:15:00,19.6,4.499,4.499,4.499,4.499,4.499,3
2023-08-21 12:16:00,250.0,4.477,4.477,4.477,4.477,4.477,1
2023-08-21 12:17:00,15.0,4.477,4.477,4.477,4.477,4.477,1
2023-08-21 12:18:00,740.0,4.498,4.498,4.499,4.499,4.477,7
2023-08-21 12:20:00,545.4,4.477,4.477,4.477,4.477,4.477,5
2023-08-21 12:21:00,52.1,4.477,4.477,4.477,4.477,4.477,2
2023-08-21 12:26:00,116.0,4.498,4.498,4.498,4.498,4.498,2
2023-08-21 12:29:00,80.0,4.491,4.498,4.455,4.498,4.455,4
2023-08-21 12:31:00,63.0,4.455,4.455,4.455,4.455,4.455,1
2023-08-21 12:33:00,417.0,4.485,4.484,4.452,4.495,4.452,17
2023-08-21 12:34:00,777.5,4.454,4.455,4.452,4.455,4.452,2
2023-08-21 12:35:00,2002.2,4.452,4.452,4.452,4.452,4.452,2
2023-08-21 12:39:00,25.0,4.485,4.498,4.477,4.498,4.477,2
2023-08-21 12:40:00,26.8,4.479,4.477,4.477,4.477,4.477,2
2023-08-21 12:41:00,23.7,4.453,4.453,4.453,4.453,4.453,1
2023-08-21 12:47:00,139.7,4.489,4.486,4.49,4.49,4.486,5
2023-08-21 12:48:00,1000.0,4.495,4.495,4.495,4.495,4.495,1
2023-08-21 12:53:00,1148.7,4.454,4.488,4.455,4.488,4.452,4
2023-08-21 12:59:00,250.0,4.479,4.477,4.488,4.488,4.477,4
2023-08-21 13:02:00,21.0,4.455,4.455,4.455,4.455,4.455,1
2023-08-21 13:03:00,42.9,4.457,4.455,4.455,4.455,4.455,4
2023-08-21 13:07:00,13.1,4.46,4.46,4.46,4.46,4.46,2
2023-08-21 13:09:00,21.5,4.465,4.461,4.461,4.461,4.461,3
2023-08-21 13:11:00,497.9,4.455,4.455,4.455,4.455,4.455,1
2023-08-21 13:12:00,615.7,4.452,4.452,4.452,4.452,4.452,1
2023-08-21 13:13:00,15.3,4.454,4.454,4.454,4.454,4.454,3
2023-08-21 13:14:00,1032.1,4.452,4.455,4.455,4.455,4.448,29
2023-08-21 13:15:00,15.0,4.435,4.415,4.415,4.415,4.415,2
2023-08-21 13:17:00,350.0,4.432,4.474,4.415,4.474,4.415,2
2023-08-21 13:19:00,61.4,4.439,4.45,4.415,4.45,4.415,4
2023-08-21 13:20:00,12.4,4.45,4.45,4.45,4.45,4.45,2
2023-08-21 13:22:00,258.6,4.432,4.416,4.449,4.449,4.415,4
2023-08-21 13:25:00,500.0,4.44,4.44,4.44,4.44,4.44,1
2023-08-21 13:26:00,1300.0,4.434,4.43,4.45,4.45,4.43,3
2023-08-21 13:27:00,2243.5,4.449,4.425,4.45,4.45,4.425,14
2023-08-21 13:28:00,268.1,4.446,4.45,4.425,4.45,4.425,4
2023-08-21 13:30:00,22978.2,4.493,4.5,4.46,4.5,4.45,163
2023-08-21 13:31:00,6757.1,4.475,4.46,4.45,4.498,4.45,80
2023-08-21 13:32:00,25743.2,4.443,4.45,4.4154,4.451,4.415,85
2023-08-21 13:33:00,5053.0,4.422,4.422,4.449,4.45,4.415,44
2023-08-21 13:34:00,4189.7,4.418,4.45,4.417,4.45,4.416,25
2023-08-21 13:35:00,20206.4,4.464,4.456,4.5,4.5,4.429,144
2023-08-21 13:36:00,3260.6,4.495,4.5,4.5,4.5,4.475,54
2023-08-21 13:37:00,4181.9,4.499,4.482,4.5,4.5,4.475,52
2023-08-21 13:38:00,9463.8,4.499,4.5,4.499,4.5,4.48,98
2023-08-21 13:39:00,1623.0,4.49,4.49,4.49,4.49,4.484,41
2023-08-21 13:40:00,2832.9,4.498,4.487,4.499,4.5,4.483,50
2023-08-21 13:41:00,12008.1,4.484,4.495,4.499,4.499,4.458,202
2023-08-21 13:42:00,4776.8,4.499,4.499,4.489,4.5,4.489,38
2023-08-21 13:43:00,10813.6,4.487,4.49,4.49,4.49,4.476,100
2023-08-21 13:44:00,4898.1,4.49,4.4869,4.5,4.5,4.477,36
2023-08-21 13:45:00,12369.5,4.513,4.5,4.52,4.528,4.5,168
2023-08-21 13:46:00,6275.3,4.516,4.52,4.513,4.526,4.513,126
2023-08-21 13:47:00,10818.0,4.525,4.513,4.548,4.576,4.513,152
2023-08-21 13:48:00,1855.0,4.56,4.576,4.555,4.576,4.55,77
2023-08-21 13:49:00,8784.0,4.552,4.555,4.58,4.58,4.5204,158
2023-08-21 13:50:00,7425.7,4.551,4.578,4.598,4.598,4.543,113
2023-08-21 13:51:00,11860.0,4.592,4.595,4.5735,4.597,4.55,112
2023-08-21 13:52:00,26551.6,4.602,4.596,4.617,4.618,4.569,366
2023-08-21 13:53:00,4847.1,4.611,4.615,4.6115,4.618,4.606,74
2023-08-21 13:54:00,11492.1,4.609,4.6115,4.615,4.618,4.606,75
2023-08-21 13:55:00,504.8,4.613,4.615,4.616,4.616,4.611,25
2023-08-21 13:56:00,14057.4,4.62,4.616,4.628,4.628,4.615,82
2023-08-21 13:57:00,1451.3,4.624,4.623,4.6279,4.628,4.618,30
2023-08-21 13:58:00,26729.0,4.622,4.623,4.616,4.634,4.616,225
2023-08-21 13:59:00,4368.1,4.628,4.62,4.639,4.64,4.62,60
2023-08-21 14:00:00,15228.0,4.639,4.634,4.64,4.65,4.634,94
2023-08-21 14:01:00,23773.5,4.655,4.64,4.662,4.674,4.639,218
2023-08-21 14:02:00,7288.1,4.658,4.661,4.65,4.666,4.641,55
2023-08-21 14:03:00,4035.2,4.644,4.641,4.641,4.659,4.641,72
2023-08-21 14:04:00,11849.5,4.626,4.642,4.62,4.647,4.62,97
2023-08-21 14:05:00,9339.4,4.602,4.625,4.5755,4.627,4.56,116
2023-08-21 14:06:00,7630.7,4.531,4.59,4.529,4.59,4.505,91
2023-08-21 14:07:00,4717.0,4.511,4.505,4.543,4.55,4.505,48
2023-08-21 14:08:00,452.7,4.522,4.515,4.533,4.55,4.515,44
2023-08-21 14:09:00,4414.8,4.529,4.533,4.534,4.55,4.516,33
2023-08-21 14:10:00,1225.8,4.526,4.548,4.548,4.548,4.52,21
2023-08-21 14:11:00,8340.9,4.502,4.525,4.474,4.5255,4.451,107
2023-08-21 14:12:00,1500.1,4.47,4.473,4.469,4.478,4.4548,14
2023-08-21 14:13:00,679.1,4.479,4.46,4.487,4.487,4.46,34
2023-08-21 14:14:00,1294.2,4.496,4.4989,4.494,4.499,4.49,22
2023-08-21 14:15:00,200.0,4.493,4.494,4.4925,4.494,4.49,19
2023-08-21 14:16:00,2808.2,4.492,4.491,4.488,4.494,4.488,26
2023-08-21 14:17:00,1863.4,4.49,4.49,4.487,4.491,4.487,10
2023-08-21 14:18:00,4038.1,4.478,4.487,4.463,4.489,4.458,49
2023-08-21 14:19:00,4817.5,4.484,4.463,4.4765,4.5,4.462,27
2023-08-21 14:20:00,230.7,4.479,4.488,4.486,4.488,4.4694,13
2023-08-21 14:21:00,4750.4,4.472,4.485,4.483,4.485,4.465,25
2023-08-21 14:22:00,2573.1,4.472,4.481,4.465,4.482,4.465,12
2023-08-21 14:23:00,49.1,4.476,4.479,4.4734,4.479,4.4734,5
2023-08-21 14:24:00,13696.2,4.479,4.471,4.499,4.499,4.471,71
2023-08-21 14:25:00,3404.2,4.488,4.492,4.49,4.495,4.485,22
2023-08-21 14:26:00,5962.8,4.495,4.486,4.4905,4.496,4.485,19
2023-08-21 14:27:00,655.9,4.487,4.489,4.493,4.493,4.486,10
2023-08-21 14:28:00,437.1,4.486,4.492,4.485,4.492,4.485,8
2023-08-21 14:29:00,2936.1,4.486,4.487,4.487,4.487,4.485,46
2023-08-21 14:30:00,13629.2,4.495,4.491,4.519,4.522,4.485,73
2023-08-21 14:31:00,17245.9,4.511,4.52,4.486,4.52,4.485,64
2023-08-21 14:32:00,5170.9,4.49,4.486,4.519,4.519,4.485,43
2023-08-21 14:33:00,8918.7,4.488,4.517,4.474,4.517,4.473,55
2023-08-21 14:34:00,1158.2,4.477,4.473,4.482,4.482,4.473,34
2023-08-21 14:35:00,620.6,4.495,4.5,4.499,4.508,4.478,20
2023-08-21 14:36:00,516.8,4.479,4.475,4.485,4.499,4.475,14
2023-08-21 14:37:00,1478.0,4.495,4.494,4.498,4.498,4.476,20
2023-08-21 14:38:00,337.3,4.484,4.477,4.477,4.497,4.477,7
2023-08-21 14:39:00,640.1,4.495,4.4875,4.496,4.498,4.4875,21
2023-08-21 14:40:00,116.2,4.498,4.498,4.498,4.498,4.498,11
2023-08-21 14:41:00,3058.8,4.514,4.497,4.517,4.517,4.497,32
2023-08-21 14:42:00,334.5,4.502,4.501,4.501,4.512,4.501,16
2023-08-21 14:43:00,4089.3,4.515,4.501,4.501,4.517,4.501,48
2023-08-21 14:44:00,249.6,4.504,4.502,4.507,4.507,4.502,18
2023-08-21 14:45:00,14548.9,4.509,4.507,4.5111,4.516,4.506,79
2023-08-21 14:46:00,2764.4,4.511,4.5125,4.512,4.516,4.509,54
2023-08-21 14:47:00,4949.1,4.51,4.516,4.509,4.516,4.509,32
2023-08-21 14:48:00,5425.0,4.513,4.5095,4.515,4.516,4.5095,28
2023-08-21 14:49:00,3636.4,4.521,4.514,4.534,4.534,4.514,46
2023-08-21 14:50:00,4960.9,4.541,4.5291,4.569,4.57,4.529,46
2023-08-21 14:51:00,12611.1,4.544,4.559,4.538,4.567,4.52,124
2023-08-21 14:52:00,80.5,4.533,4.551,4.52,4.551,4.52,6
2023-08-21 14:53:00,957.6,4.526,4.529,4.525,4.529,4.523,13
2023-08-21 14:54:00,3684.1,4.546,4.529,4.537,4.578,4.529,47
2023-08-21 14:55:00,826.5,4.537,4.536,4.535,4.549,4.535,22
2023-08-21 14:56:00,3420.4,4.536,4.534,4.546,4.546,4.523,45
2023-08-21 14:57:00,1971.9,4.527,4.545,4.526,4.545,4.525,39
2023-08-21 14:58:00,190.7,4.53,4.526,4.525,4.545,4.525,23
2023-08-21 14:59:00,133.8,4.538,4.528,4.544,4.544,4.528,18
2023-08-21 15:00:00,2014.9,4.533,4.536,4.536,4.544,4.528,55
2023-08-21 15:01:00,369.9,4.54,4.54,4.54,4.54,4.537,32
2023-08-21 15:02:00,641.1,4.543,4.544,4.536,4.544,4.536,19
2023-08-21 15:03:00,111.1,4.538,4.539,4.541,4.541,4.536,12
2023-08-21 15:04:00,2028.4,4.538,4.538,4.5385,4.541,4.536,49
2023-08-21 15:05:00,1647.5,4.538,4.5385,4.539,4.541,4.537,45
2023-08-21 15:06:00,4766.2,4.55,4.541,4.555,4.563,4.541,100
2023-08-21 15:07:00,1034.8,4.558,4.556,4.558,4.56,4.555,19
2023-08-21 15:08:00,1458.2,4.545,4.557,4.55,4.558,4.519,45
2023-08-21 15:09:00,7446.4,4.504,4.518,4.464,4.5345,4.451,116
2023-08-21 15:10:00,610.5,4.474,4.477,4.4522,4.477,4.451,5
2023-08-21 15:11:00,3645.0,4.46,4.476,4.476,4.476,4.453,16
2023-08-21 15:12:00,3891.3,4.471,4.476,4.472,4.476,4.453,60
2023-08-21 15:13:00,9036.3,4.488,4.472,4.493,4.5,4.471,69
2023-08-21 15:14:00,1522.3,4.493,4.496,4.486,4.501,4.485,40
2023-08-21 15:15:00,2715.6,4.493,4.499,4.498,4.5,4.4852,47
2023-08-21 15:16:00,6024.6,4.481,4.494,4.471,4.496,4.471,74
2023-08-21 15:17:00,1121.3,4.467,4.455,4.468,4.471,4.455,15
2023-08-21 15:18:00,3537.8,4.46,4.468,4.45,4.471,4.45,49
2023-08-21 15:19:00,1415.3,4.466,4.461,4.461,4.469,4.453,25
2023-08-21 15:20:00,1649.3,4.465,4.469,4.461,4.469,4.46,52
2023-08-21 15:21:00,1998.6,4.46,4.461,4.46,4.468,4.453,45
2023-08-21 15:22:00,5866.1,4.455,4.46,4.457,4.467,4.4531,48
2023-08-21 15:23:00,1662.1,4.455,4.457,4.455,4.457,4.454,21
2023-08-21 15:24:00,30593.7,4.424,4.454,4.35,4.454,4.35,251
2023-08-21 15:25:00,962.9,4.348,4.335,4.35,4.35,4.335,25
2023-08-21 15:26:00,6499.8,4.348,4.349,4.336,4.3492,4.336,45
2023-08-21 15:27:00,4302.8,4.322,4.34,4.311,4.346,4.31,54
2023-08-21 15:28:00,16100.7,4.321,4.338,4.333,4.338,4.31,207
2023-08-21 15:29:00,2983.1,4.329,4.333,4.325,4.337,4.32,33
2023-08-21 15:30:00,16647.9,4.342,4.331,4.3575,4.3575,4.327,63
2023-08-21 15:31:00,17392.7,4.357,4.3575,4.363,4.365,4.35,53
2023-08-21 15:32:00,7562.6,4.359,4.363,4.36,4.363,4.348,45
2023-08-21 15:33:00,1021.1,4.349,4.348,4.357,4.36,4.343,50
2023-08-21 15:34:00,629.1,4.331,4.326,4.326,4.358,4.325,19
2023-08-21 15:35:00,6665.0,4.333,4.342,4.336,4.342,4.325,89
2023-08-21 15:36:00,2334.7,4.316,4.335,4.329,4.335,4.31,41
2023-08-21 15:37:00,674.6,4.329,4.334,4.32,4.334,4.32,17
2023-08-21 15:38:00,5951.5,4.323,4.327,4.3246,4.3275,4.32,45
2023-08-21 15:39:00,699.5,4.322,4.324,4.321,4.325,4.32,21
2023-08-21 15:40:00,1994.4,4.321,4.322,4.32,4.324,4.32,23
2023-08-21 15:41:00,43953.1,4.306,4.32,4.3,4.321,4.292,208
2023-08-21 15:42:00,16685.3,4.273,4.3,4.229,4.3,4.229,135
2023-08-21 15:43:00,24107.3,4.229,4.228,4.224,4.234,4.223,110
2023-08-21 15:44:00,103027.0,4.208,4.227,4.178,4.227,4.15,819
2023-08-21 15:45:00,15277.0,4.202,4.196,4.211,4.229,4.191,93
2023-08-21 15:46:00,10480.3,4.233,4.218,4.25,4.292,4.218,141
2023-08-21 15:47:00,4837.8,4.225,4.25,4.219,4.25,4.218,40
2023-08-21 15:48:00,3202.5,4.23,4.22,4.238,4.25,4.22,50
2023-08-21 15:49:00,5581.1,4.285,4.226,4.2585,4.291,4.226,30
2023-08-21 15:50:00,140.6,4.265,4.261,4.2605,4.291,4.259,10
2023-08-21 15:51:00,897.1,4.275,4.29,4.29,4.291,4.23,28
2023-08-21 15:52:00,1118.1,4.258,4.291,4.2595,4.291,4.231,19
2023-08-21 15:53:00,7522.9,4.287,4.28,4.27,4.289,4.2595,35
2023-08-21 15:54:00,601.2,4.287,4.27,4.2845,4.289,4.27,18
2023-08-21 15:55:00,845.1,4.282,4.288,4.267,4.288,4.267,36
2023-08-21 15:56:00,714.6,4.266,4.277,4.267,4.277,4.255,17
2023-08-21 15:57:00,4734.4,4.26,4.267,4.267,4.279,4.256,31
2023-08-21 15:58:00,7252.0,4.268,4.278,4.268,4.28,4.256,28
2023-08-21 15:59:00,1980.3,4.278,4.268,4.279,4.28,4.257,32
2023-08-21 16:00:00,1203.1,4.281,4.279,4.282,4.285,4.279,30
2023-08-21 16:01:00,652.3,4.293,4.285,4.29,4.299,4.282,29
2023-08-21 16:02:00,1334.8,4.31,4.299,4.333,4.366,4.29,29
2023-08-21 16:03:00,693.0,4.331,4.3335,4.3381,4.35,4.302,17
2023-08-21 16:04:00,1173.3,4.343,4.3265,4.3385,4.347,4.303,21
2023-08-21 16:05:00,817.9,4.34,4.3385,4.339,4.346,4.33,33
2023-08-21 16:06:00,2733.0,4.336,4.3355,4.338,4.34,4.3355,27
2023-08-21 16:07:00,1508.9,4.34,4.34,4.342,4.343,4.337,37
2023-08-21 16:08:00,761.6,4.34,4.3395,4.3395,4.343,4.337,53
2023-08-21 16:09:00,2010.4,4.34,4.336,4.338,4.343,4.336,21
2023-08-21 16:10:00,190.9,4.337,4.3365,4.3365,4.337,4.3365,15
2023-08-21 16:11:00,1077.0,4.337,4.337,4.3365,4.337,4.336,11
2023-08-21 16:12:00,554.3,4.337,4.3365,4.337,4.337,4.336,10
2023-08-21 16:13:00,985.9,4.337,4.337,4.338,4.338,4.336,26
2023-08-21 16:14:00,3213.0,4.342,4.3375,4.355,4.355,4.3375,44
2023-08-21 16:15:00,5313.2,4.361,4.355,4.388,4.388,4.339,33
2023-08-21 16:16:00,1105.6,4.381,4.3695,4.38,4.39,4.3695,19
2023-08-21 16:17:00,8132.7,4.371,4.3705,4.356,4.389,4.356,92
2023-08-21 16:18:00,807.2,4.36,4.3675,4.359,4.378,4.35,24
2023-08-21 16:19:00,3073.6,4.355,4.367,4.359,4.367,4.35,19
2023-08-21 16:20:00,5426.3,4.368,4.359,4.364,4.368,4.359,22
2023-08-21 16:21:00,6328.8,4.367,4.368,4.368,4.368,4.36,49
2023-08-21 16:22:00,27900.1,4.364,4.368,4.3555,4.368,4.35,105
2023-08-21 16:23:00,187.1,4.357,4.3555,4.3555,4.36,4.3555,14
2023-08-21 16:24:00,723.5,4.359,4.3555,4.361,4.361,4.35,35
2023-08-21 16:25:00,2264.0,4.372,4.361,4.3805,4.39,4.361,145
2023-08-21 16:26:00,340.0,4.395,4.3805,4.38,4.399,4.38,18
2023-08-21 16:27:00,128.0,4.394,4.398,4.3895,4.398,4.3895,5
2023-08-21 16:28:00,221.2,4.392,4.3971,4.381,4.399,4.381,14
2023-08-21 16:29:00,108.8,4.395,4.395,4.391,4.399,4.391,10
2023-08-21 16:30:00,2940.3,4.39,4.399,4.389,4.4,4.38,54
2023-08-21 16:31:00,1406.7,4.389,4.389,4.3845,4.389,4.3845,39
2023-08-21 16:32:00,700.6,4.389,4.3845,4.399,4.399,4.3845,14
2023-08-21 16:33:00,85.6,4.39,4.3895,4.3895,4.3895,4.3895,10
2023-08-21 16:34:00,1012.3,4.397,4.39,4.3945,4.399,4.39,16
2023-08-21 16:35:00,1311.5,4.397,4.3945,4.397,4.398,4.3924,31
2023-08-21 16:36:00,804.4,4.398,4.397,4.397,4.398,4.395,15
2023-08-21 16:37:00,2296.6,4.396,4.397,4.398,4.398,4.395,51
2023-08-21 16:38:00,355.7,4.397,4.3965,4.3965,4.397,4.395,20
2023-08-21 16:39:00,343.0,4.396,4.3965,4.396,4.3965,4.396,18
2023-08-21 16:40:00,375.2,4.396,4.396,4.397,4.397,4.395,13
2023-08-21 16:41:00,337.6,4.396,4.396,4.395,4.397,4.395,16
2023-08-21 16:42:00,353.5,4.396,4.396,4.396,4.397,4.396,24
2023-08-21 16:43:00,81.1,4.396,4.396,4.396,4.396,4.395,9
2023-08-21 16:44:00,14356.6,4.394,4.396,4.396,4.4,4.392,138
2023-08-21 16:45:00,498.8,4.393,4.396,4.396,4.396,4.392,7
2023-08-21 16:46:00,63.9,4.396,4.396,4.396,4.396,4.396,8
2023-08-21 16:47:00,145.1,4.394,4.396,4.3935,4.396,4.393,11
2023-08-21 16:48:00,1299.0,4.394,4.393,4.395,4.395,4.393,44
2023-08-21 16:49:00,340.1,4.397,4.393,4.399,4.399,4.393,14
2023-08-21 16:50:00,9810.5,4.401,4.396,4.4025,4.406,4.396,186
2023-08-21 16:51:00,3677.1,4.405,4.405,4.423,4.423,4.4025,38
2023-08-21 16:52:00,10923.8,4.405,4.423,4.4225,4.44,4.4034,21
2023-08-21 16:53:00,938.4,4.427,4.434,4.434,4.434,4.4225,22
2023-08-21 16:54:00,11942.4,4.41,4.4245,4.404,4.4245,4.403,62
2023-08-21 16:55:00,1978.1,4.398,4.404,4.396,4.404,4.392,36
2023-08-21 16:56:00,1430.2,4.394,4.393,4.399,4.399,4.392,43
2023-08-21 16:57:00,519.4,4.406,4.399,4.394,4.418,4.394,20
2023-08-21 16:58:00,761.1,4.406,4.395,4.417,4.417,4.394,19
2023-08-21 16:59:00,274.5,4.409,4.409,4.417,4.417,4.401,14
2023-08-21 17:00:00,189.9,4.413,4.409,4.413,4.417,4.409,13
2023-08-21 17:01:00,216.9,4.411,4.413,4.413,4.413,4.409,14
2023-08-21 17:02:00,5724.0,4.416,4.413,4.418,4.419,4.41,23
2023-08-21 17:03:00,458.7,4.413,4.414,4.414,4.414,4.4091,15
2023-08-21 17:04:00,411.4,4.419,4.414,4.419,4.419,4.414,12
2023-08-21 17:05:00,1118.5,4.419,4.419,4.42,4.43,4.4101,43
2023-08-21 17:06:00,591.1,4.423,4.4195,4.429,4.429,4.4102,20
2023-08-21 17:07:00,101.5,4.425,4.4245,4.4245,4.428,4.421,13
2023-08-21 17:08:00,912.5,4.422,4.421,4.4245,4.425,4.4201,11
2023-08-21 17:09:00,811.3,4.427,4.425,4.43,4.43,4.425,18
2023-08-21 17:10:00,1004.8,4.426,4.4245,4.4245,4.429,4.42,29
2023-08-21 17:11:00,1069.9,4.422,4.4245,4.421,4.425,4.42,25
2023-08-21 17:12:00,902.1,4.42,4.421,4.415,4.422,4.415,32
2023-08-21 17:13:00,274.3,4.415,4.411,4.415,4.42,4.411,12
2023-08-21 17:14:00,330.2,4.415,4.415,4.408,4.417,4.408,24
2023-08-21 17:15:00,4816.3,4.401,4.415,4.406,4.416,4.4,31
2023-08-21 17:16:00,1897.7,4.402,4.41,4.401,4.41,4.4,81
2023-08-21 17:17:00,5087.6,4.401,4.4005,4.401,4.401,4.4,49
2023-08-21 17:18:00,11277.0,4.402,4.401,4.402,4.403,4.4,61
2023-08-21 17:19:00,7045.0,4.412,4.402,4.425,4.43,4.402,64
2023-08-21 17:20:00,5664.6,4.423,4.421,4.417,4.4268,4.417,51
2023-08-21 17:21:00,3517.4,4.405,4.4205,4.401,4.4205,4.4,41
2023-08-21 17:22:00,946.7,4.401,4.401,4.401,4.401,4.4,12
2023-08-21 17:23:00,581.0,4.401,4.401,4.4005,4.401,4.4,22
2023-08-21 17:24:00,812.4,4.401,4.4,4.401,4.401,4.4,44
2023-08-21 17:25:00,241.0,4.401,4.4005,4.4005,4.401,4.4,14
2023-08-21 17:26:00,1451.0,4.401,4.4,4.4,4.401,4.4,12
2023-08-21 17:27:00,666.0,4.4,4.4005,4.401,4.401,4.4,11
2023-08-21 17:28:00,101.4,4.4,4.4005,4.4,4.4005,4.4,8
2023-08-21 17:29:00,665.3,4.401,4.401,4.4005,4.401,4.4001,12
2023-08-21 17:30:00,433.9,4.4,4.4005,4.401,4.401,4.4,12
2023-08-21 17:31:00,561.6,4.401,4.4005,4.401,4.401,4.4005,8
2023-08-21 17:32:00,457.7,4.401,4.4005,4.4005,4.401,4.4,21
2023-08-21 17:33:00,490.8,4.4,4.4005,4.4,4.401,4.4,32
2023-08-21 17:34:00,673.6,4.4,4.4,4.4,4.4005,4.4,30
2023-08-21 17:35:00,1700.6,4.401,4.4,4.4,4.401,4.4,27
2023-08-21 17:36:00,509.4,4.401,4.4,4.4005,4.401,4.4,25
2023-08-21 17:37:00,180.6,4.4,4.401,4.4,4.401,4.4,8
2023-08-21 17:38:00,325.3,4.4,4.4,4.4005,4.4005,4.4,18
2023-08-21 17:39:00,2480.2,4.401,4.4,4.401,4.401,4.4,14
2023-08-21 17:40:00,275.5,4.4,4.4,4.4,4.401,4.4,19
2023-08-21 17:41:00,1211.8,4.4,4.4,4.4005,4.401,4.4,37
2023-08-21 17:42:00,1662.0,4.401,4.4,4.401,4.401,4.4,31
2023-08-21 17:43:00,4992.8,4.401,4.4005,4.401,4.401,4.4,30
2023-08-21 17:44:00,4606.6,4.401,4.4005,4.401,4.401,4.4,35
2023-08-21 17:45:00,4611.9,4.4,4.401,4.401,4.401,4.4,37
2023-08-21 17:46:00,1178.2,4.395,4.4,4.39,4.401,4.39,46
2023-08-21 17:47:00,111.7,4.384,4.384,4.384,4.384,4.384,4
2023-08-21 17:48:00,755.3,4.385,4.384,4.385,4.385,4.384,8
2023-08-21 17:49:00,113.9,4.382,4.384,4.3815,4.384,4.381,10
2023-08-21 17:50:00,14068.5,4.318,4.382,4.311,4.382,4.3,143
2023-08-21 17:51:00,6323.4,4.304,4.319,4.301,4.319,4.3,54
2023-08-21 17:52:00,804.5,4.307,4.305,4.302,4.31,4.302,13
2023-08-21 17:53:00,1885.1,4.307,4.308,4.303,4.309,4.303,28
2023-08-21 17:54:00,734.6,4.307,4.308,4.3055,4.308,4.303,10
2023-08-21 17:55:00,1640.1,4.305,4.304,4.3079,4.308,4.303,9
2023-08-21 17:56:00,1680.0,4.308,4.3055,4.308,4.308,4.3055,9
2023-08-21 17:57:00,890.0,4.307,4.304,4.304,4.308,4.304,22
2023-08-21 17:58:00,2125.8,4.306,4.306,4.306,4.308,4.305,20
2023-08-21 17:59:00,303.2,4.306,4.306,4.305,4.308,4.305,8
2023-08-21 18:00:00,3367.2,4.306,4.306,4.306,4.307,4.305,20
2023-08-21 18:01:00,8646.9,4.304,4.306,4.3,4.306,4.3,56
2023-08-21 18:02:00,8971.4,4.272,4.301,4.258,4.301,4.258,72
2023-08-21 18:03:00,7168.9,4.236,4.256,4.245,4.256,4.23,39
2023-08-21 18:04:00,13384.8,4.232,4.238,4.231,4.238,4.23,102
2023-08-21 18:05:00,6463.6,4.233,4.237,4.231,4.238,4.231,42
2023-08-21 18:06:00,19077.7,4.233,4.231,4.236,4.238,4.231,114
2023-08-21 18:07:00,4358.3,4.236,4.233,4.235,4.237,4.233,40
2023-08-21 18:08:00,458.4,4.234,4.234,4.234,4.234,4.233,7
2023-08-21 18:09:00,1317.1,4.235,4.2345,4.235,4.235,4.234,22
2023-08-21 18:10:00,7390.7,4.234,4.234,4.234,4.235,4.232,74
2023-08-21 18:11:00,8394.8,4.213,4.234,4.2,4.2345,4.2,140
2023-08-21 18:12:00,4301.9,4.197,4.2,4.191,4.201,4.19,33
2023-08-21 18:13:00,18286.5,4.192,4.19,4.199,4.199,4.19,163
2023-08-21 18:14:00,5867.7,4.191,4.191,4.19,4.192,4.19,43
2023-08-21 18:15:00,7019.3,4.191,4.191,4.19,4.191,4.19,77
2023-08-21 18:16:00,2806.3,4.191,4.191,4.19,4.191,4.19,30
2023-08-21 18:17:00,8960.4,4.174,4.19,4.171,4.191,4.164,137
2023-08-21 18:18:00,3542.3,4.165,4.1709,4.164,4.171,4.1631,21
2023-08-21 18:19:00,10014.9,4.179,4.164,4.189,4.19,4.164,82
2023-08-21 18:20:00,757.1,4.175,4.189,4.177,4.19,4.1705,26
2023-08-21 18:21:00,2226.9,4.18,4.176,4.183,4.183,4.176,54
2023-08-21 18:22:00,4566.4,4.16,4.181,4.182,4.1827,4.151,170
2023-08-21 18:23:00,7726.1,4.156,4.158,4.156,4.158,4.15,71
2023-08-21 18:24:00,8010.7,4.155,4.156,4.155,4.158,4.15,74
2023-08-21 18:25:00,1767.6,4.157,4.155,4.157,4.158,4.154,22
2023-08-21 18:26:00,2337.9,4.154,4.157,4.154,4.158,4.151,21
2023-08-21 18:27:00,3482.3,4.152,4.153,4.154,4.155,4.15,33
2023-08-21 18:28:00,2408.6,4.151,4.152,4.151,4.152,4.15,47
2023-08-21 18:29:00,2595.7,4.151,4.151,4.15,4.152,4.15,28
2023-08-21 18:30:00,3007.5,4.151,4.151,4.151,4.152,4.15,35
2023-08-21 18:31:00,1040.5,4.151,4.151,4.1519,4.152,4.151,27
2023-08-21 18:32:00,8303.6,4.152,4.1515,4.152,4.152,4.151,90
2023-08-21 18:33:00,3978.3,4.152,4.1513,4.1515,4.152,4.1513,34
2023-08-21 18:34:00,10672.1,4.152,4.151,4.152,4.152,4.151,76
2023-08-21 18:35:00,10458.7,4.154,4.152,4.16,4.16,4.1513,144
2023-08-21 18:36:00,6427.6,4.186,4.191,4.186,4.191,4.182,41
2023-08-21 18:37:00,5986.0,4.176,4.19,4.179,4.191,4.153,34
2023-08-21 18:38:00,2476.0,4.161,4.1705,4.157,4.1705,4.157,111
2023-08-21 18:39:00,2446.4,4.161,4.1541,4.17,4.17,4.1541,32
2023-08-21 18:40:00,1248.4,4.17,4.177,4.163,4.178,4.163,21
2023-08-21 18:41:00,7728.0,4.165,4.176,4.1655,4.176,4.162,51
2023-08-21 18:42:00,3756.5,4.165,4.1655,4.167,4.167,4.162,45
2023-08-21 18:43:00,12923.3,4.167,4.166,4.167,4.167,4.1645,124
2023-08-21 18:44:00,6745.9,4.17,4.169,4.1725,4.174,4.1675,72
2023-08-21 18:45:00,6415.5,4.177,4.1725,4.174,4.18,4.172,69
2023-08-21 18:46:00,7129.0,4.174,4.174,4.174,4.18,4.172,32
2023-08-21 18:47:00,3153.8,4.175,4.174,4.175,4.175,4.174,14
2023-08-21 18:48:00,6428.2,4.171,4.174,4.171,4.174,4.17,45
2023-08-21 18:49:00,696.2,4.171,4.171,4.171,4.171,4.171,6
2023-08-21 18:50:00,5026.4,4.171,4.171,4.1705,4.171,4.1705,60
2023-08-21 18:51:00,6472.8,4.167,4.171,4.162,4.171,4.162,52
2023-08-21 18:52:00,341.2,4.163,4.163,4.163,4.163,4.163,4
2023-08-21 18:53:00,278.7,4.163,4.162,4.163,4.163,4.162,12
2023-08-21 18:54:00,457.4,4.163,4.1625,4.163,4.163,4.1625,12
2023-08-21 18:55:00,1358.7,4.163,4.163,4.1625,4.163,4.1625,9
2023-08-21 18:56:00,281.9,4.163,4.163,4.162,4.163,4.162,9
2023-08-21 18:57:00,928.4,4.163,4.163,4.163,4.163,4.1623,39
2023-08-21 18:58:00,10579.7,4.163,4.163,4.163,4.163,4.162,50
2023-08-21 18:59:00,1293.9,4.163,4.163,4.163,4.163,4.162,8
2023-08-21 19:00:00,1859.5,4.163,4.1625,4.163,4.163,4.162,40
2023-08-21 19:01:00,161.6,4.163,4.1625,4.163,4.163,4.1625,13
2023-08-21 19:02:00,2210.5,4.163,4.163,4.163,4.163,4.1625,24
2023-08-21 19:03:00,769.7,4.163,4.163,4.1625,4.163,4.1625,18
2023-08-21 19:04:00,377.7,4.163,4.163,4.1625,4.163,4.1625,14
2023-08-21 19:05:00,2501.4,4.163,4.1625,4.163,4.163,4.1625,63
2023-08-21 19:06:00,1351.3,4.163,4.1625,4.163,4.163,4.162,35
2023-08-21 19:07:00,686.5,4.163,4.163,4.1625,4.163,4.1625,25
2023-08-21 19:08:00,874.9,4.163,4.1625,4.163,4.163,4.1625,18
2023-08-21 19:09:00,7594.2,4.166,4.1625,4.17,4.17,4.1625,75
2023-08-21 19:10:00,580.1,4.167,4.1675,4.1675,4.17,4.166,11
2023-08-21 19:11:00,340.0,4.167,4.166,4.169,4.169,4.166,5
2023-08-21 19:12:00,956.4,4.169,4.17,4.17,4.17,4.166,16
2023-08-21 19:13:00,725.0,4.166,4.166,4.166,4.17,4.166,9
2023-08-21 19:14:00,2984.3,4.169,4.1675,4.167,4.17,4.165,27
2023-08-21 19:15:00,1674.7,4.168,4.166,4.169,4.169,4.165,20
2023-08-21 19:16:00,1924.9,4.167,4.167,4.169,4.169,4.166,13
2023-08-21 19:17:00,851.4,4.168,4.167,4.169,4.169,4.166,21
2023-08-21 19:18:00,724.6,4.169,4.169,4.1685,4.169,4.168,21
2023-08-21 19:19:00,420.0,4.169,4.169,4.1685,4.169,4.1685,12
2023-08-21 19:20:00,10185.2,4.169,4.169,4.1695,4.17,4.169,80
2023-08-21 19:21:00,467.2,4.17,4.1695,4.1695,4.17,4.1695,18
2023-08-21 19:22:00,1365.1,4.17,4.17,4.17,4.17,4.169,18
2023-08-21 19:23:00,10803.5,4.202,4.1695,4.196,4.222,4.1695,81
2023-08-21 19:24:00,12945.3,4.203,4.196,4.198,4.219,4.171,22
2023-08-21 19:25:00,15684.2,4.21,4.1845,4.2,4.215,4.1845,54
2023-08-21 19:26:00,2271.6,4.207,4.2,4.2,4.214,4.186,21
2023-08-21 19:27:00,4630.9,4.204,4.1995,4.199,4.207,4.1892,41
2023-08-21 19:28:00,969.8,4.184,4.2,4.1925,4.209,4.183,20
2023-08-21 19:29:00,2132.8,4.17,4.183,4.17,4.183,4.169,16
2023-08-21 19:30:00,15327.5,4.166,4.17,4.16,4.17,4.16,112
2023-08-21 19:31:00,4495.0,4.16,4.161,4.1605,4.161,4.16,56
2023-08-21 19:32:00,21675.6,4.162,4.161,4.168,4.172,4.159,138
2023-08-21 19:33:00,3851.9,4.163,4.164,4.167,4.168,4.16,28
2023-08-21 19:34:00,12054.8,4.167,4.165,4.165,4.169,4.162,54
2023-08-21 19:35:00,1665.6,4.165,4.168,4.165,4.168,4.162,30
2023-08-21 19:36:00,17008.6,4.18,4.162,4.1653,4.2,4.162,84
2023-08-21 19:37:00,2570.3,4.184,4.167,4.1653,4.193,4.165,26
2023-08-21 19:38:00,6957.6,4.165,4.178,4.1655,4.1785,4.165,39
2023-08-21 19:39:00,2573.1,4.166,4.1655,4.166,4.166,4.165,71
2023-08-21 19:40:00,9957.4,4.165,4.166,4.165,4.166,4.165,83
2023-08-21 19:41:00,4730.3,4.166,4.166,4.165,4.166,4.165,88
2023-08-21 19:42:00,682.5,4.165,4.165,4.166,4.166,4.165,10
2023-08-21 19:43:00,624.2,4.165,4.166,4.166,4.166,4.165,9
2023-08-21 19:44:00,2679.2,4.169,4.166,4.176,4.18,4.165,41
2023-08-21 19:45:00,977.1,4.184,4.182,4.1815,4.185,4.178,15
2023-08-21 19:46:00,513.9,4.182,4.182,4.1815,4.186,4.1815,21
2023-08-21 19:47:00,1758.5,4.182,4.186,4.1775,4.186,4.177,35
2023-08-21 19:48:00,3790.2,4.173,4.1775,4.165,4.178,4.165,33
2023-08-21 19:49:00,1950.0,4.166,4.166,4.165,4.166,4.165,25
2023-08-21 19:50:00,868.9,4.166,4.166,4.1655,4.166,4.165,13
2023-08-21 19:51:00,1067.7,4.166,4.166,4.1655,4.166,4.165,22
2023-08-21 19:52:00,1283.5,4.165,4.1655,4.1655,4.166,4.165,13
2023-08-21 19:53:00,1798.9,4.166,4.1655,4.166,4.166,4.165,34
2023-08-21 19:54:00,4018.7,4.166,4.1655,4.1655,4.166,4.165,45
2023-08-21 19:55:00,5856.2,4.162,4.1655,4.1625,4.166,4.162,70
2023-08-21 19:56:00,6414.3,4.161,4.163,4.1605,4.163,4.16,92
2023-08-21 19:57:00,23584.5,4.161,4.16,4.161,4.162,4.16,185
2023-08-21 19:58:00,10113.1,4.161,4.16,4.161,4.161,4.16,26
2023-08-21 19:59:00,62606.5,4.143,4.1605,4.133,4.161,4.122,576
2023-08-21 20:00:00,100.2,4.169,4.169,4.169,4.169,4.169,2
2023-08-21 20:01:00,50.0,4.168,4.168,4.168,4.169,4.168,3
2023-08-21 20:02:00,136.0,4.169,4.168,4.169,4.169,4.168,4
2023-08-21 20:05:00,81.2,4.168,4.169,4.168,4.169,4.168,4
2023-08-21 20:08:00,30.0,4.169,4.169,4.169,4.169,4.169,1
2023-08-21 20:09:00,316.0,4.169,4.168,4.169,4.169,4.168,3
2023-08-21 20:10:00,115.8,4.168,4.168,4.168,4.168,4.168,3
2023-08-21 20:12:00,625.6,4.146,4.167,4.145,4.167,4.145,5
2023-08-21 20:13:00,121.3,4.167,4.167,4.167,4.167,4.167,2
2023-08-21 20:15:00,250.0,4.167,4.167,4.167,4.167,4.167,1
2023-08-21 20:16:00,580.0,4.167,4.167,4.167,4.167,4.167,1
2023-08-21 20:18:00,100.0,4.168,4.168,4.168,4.168,4.168,1
2023-08-21 20:20:00,10.0,4.146,4.146,4.146,4.146,4.146,1
2023-08-21 20:23:00,39.0,4.167,4.167,4.167,4.167,4.167,2
2023-08-21 20:24:00,68.5,4.168,4.168,4.168,4.168,4.168,1
2023-08-21 20:25:00,140.0,4.149,4.154,4.145,4.154,4.145,4
2023-08-21 20:26:00,10.0,4.168,4.168,4.168,4.168,4.168,1
2023-08-21 20:27:00,53.4,4.15,4.146,4.167,4.167,4.145,4
2023-08-21 20:33:00,14.8,4.167,4.167,4.167,4.167,4.167,1
2023-08-21 20:34:00,750.5,4.146,4.146,4.146,4.146,4.146,2
2023-08-21 20:35:00,390.0,4.167,4.167,4.168,4.168,4.165,5
2023-08-21 20:36:00,62.0,4.146,4.146,4.146,4.146,4.146,2
2023-08-21 20:37:00,100.0,4.169,4.169,4.168,4.169,4.168,2
2023-08-21 20:51:00,65.0,4.168,4.168,4.168,4.168,4.168,4
2023-08-21 20:55:00,23.9,4.168,4.168,4.168,4.168,4.168,2
2023-08-21 20:56:00,55.0,4.166,4.169,4.169,4.169,4.169,3
2023-08-21 21:00:00,56.3,4.168,4.168,4.168,4.168,4.168,3
2023-08-21 21:03:00,100.0,4.169,4.169,4.169,4.169,4.169,1
2023-08-21 21:05:00,500.3,4.155,4.155,4.155,4.155,4.155,4
2023-08-21 21:13:00,25.2,4.169,4.169,4.169,4.169,4.169,2
2023-08-21 21:15:00,33.7,4.155,4.155,4.155,4.155,4.155,1
2023-08-21 21:17:00,35.0,4.158,4.169,4.15,4.169,4.15,2
2023-08-21 21:19:00,120.2,4.169,4.169,4.169,4.169,4.169,2
2023-08-21 21:20:00,90.0,4.168,4.169,4.168,4.169,4.168,2
2023-08-21 21:28:00,270.0,4.169,4.169,4.169,4.169,4.169,3
2023-08-21 21:30:00,220.2,4.169,4.169,4.168,4.169,4.168,3
2023-08-21 21:32:00,242.3,4.151,4.15,4.15,4.15,4.15,7
2023-08-21 21:33:00,20.0,4.15,4.15,4.15,4.15,4.15,1
2023-08-21 21:37:00,10.0,4.15,4.15,4.15,4.15,4.15,1
2023-08-21 21:40:00,30.0,4.146,4.146,4.146,4.146,4.146,1
2023-08-21 21:41:00,32.2,4.149,4.149,4.149,4.149,4.149,2
2023-08-21 21:43:00,32.4,4.149,4.149,4.149,4.149,4.149,3
2023-08-21 21:59:00,827.7,4.149,4.149,4.15,4.15,4.145,8
2023-08-21 22:00:00,956.3,4.155,4.15,4.17,4.17,4.15,6
2023-08-21 22:05:00,15.8,4.167,4.169,4.169,4.169,4.169,3
2023-08-21 22:07:00,64.5,4.158,4.17,4.17,4.17,4.146,4
2023-08-21 22:17:00,11.7,4.169,4.169,4.169,4.169,4.169,2
2023-08-21 22:21:00,50.0,4.168,4.168,4.168,4.168,4.168,1
2023-08-21 22:24:00,110.0,4.15,4.15,4.15,4.15,4.15,2
2023-08-21 22:26:00,100.1,4.147,4.147,4.147,4.147,4.147,2
2023-08-21 22:29:00,70.0,4.145,4.146,4.145,4.146,4.145,2
2023-08-21 22:30:00,108.8,4.148,4.148,4.148,4.148,4.148,2
2023-08-21 22:31:00,400.0,4.148,4.148,4.148,4.148,4.148,2
2023-08-21 22:33:00,25.0,4.148,4.148,4.148,4.148,4.148,1
2023-08-21 22:35:00,23.5,4.148,4.148,4.148,4.148,4.148,3
2023-08-21 22:45:00,979.0,4.147,4.147,4.147,4.147,4.147,1
2023-08-21 22:46:00,506.3,4.146,4.146,4.146,4.146,4.146,1
2023-08-21 22:50:00,10.0,4.17,4.17,4.17,4.17,4.17,1
2023-08-21 22:52:00,512.9,4.146,4.146,4.146,4.146,4.146,2
2023-08-21 22:57:00,10.0,4.17,4.17,4.17,4.17,4.17,1
2023-08-21 23:00:00,233.3,4.17,4.17,4.17,4.17,4.17,3
2023-08-21 23:01:00,100.0,4.17,4.17,4.17,4.17,4.17,1
2023-08-21 23:06:00,50.0,4.17,4.17,4.17,4.17,4.17,1
2023-08-21 23:08:00,31.1,4.17,4.17,4.17,4.17,4.17,2
2023-08-21 23:09:00,50.0,4.169,4.169,4.169,4.169,4.169,1
2023-08-21 23:12:00,17.1,4.169,4.169,4.169,4.169,4.169,1
2023-08-21 23:24:00,10.0,4.169,4.169,4.169,4.169,4.169,1
2023-08-21 23:31:00,82.1,4.15,4.15,4.15,4.15,4.15,1
2023-08-21 23:35:00,20.0,4.169,4.169,4.169,4.169,4.169,3
2023-08-21 23:39:00,100.0,4.17,4.17,4.17,4.17,4.17,1
2023-08-21 23:42:00,141.1,4.17,4.17,4.17,4.17,4.17,2
2023-08-21 23:45:00,185.0,4.17,4.17,4.17,4.17,4.17,1
2023-08-21 23:46:00,1000.0,4.17,4.17,4.17,4.17,4.17,1
2023-08-21 23:48:00,15.0,4.169,4.169,4.169,4.169,4.169,1
2023-08-21 23:52:00,120.0,4.169,4.169,4.169,4.169,4.169,1
2023-08-21 23:57:00,500.0,4.168,4.168,4.168,4.168,4.168,1
2023-08-21 23:59:00,200.0,4.169,4.169,4.169,4.169,4.169,1
2023-08-22 08:00:00,2185.0,4.145,4.2,4.145,4.2,4.144,4
2023-08-22 08:02:00,111.8,4.028,4.1,4.02,4.1,4.02,4
2023-08-22 09:31:00,15.0,4.145,4.145,4.145,4.145,4.145,2
2023-08-22 09:34:00,160.6,4.145,4.144,4.145,4.145,4.144,3
2023-08-22 10:22:00,30.0,4.145,4.145,4.145,4.145,4.145,1
2023-08-22 10:24:00,25.0,4.039,4.031,4.031,4.031,4.031,2
2023-08-22 11:00:00,10.0,4.19,4.19,4.19,4.19,4.19,1
2023-08-22 11:01:00,200.0,4.154,4.2,4.15,4.2,4.15,3
2023-08-22 11:02:00,10.0,4.19,4.19,4.19,4.19,4.19,1
2023-08-22 11:04:00,190.0,4.2,4.2,4.2,4.2,4.2,1
2023-08-22 11:49:00,511.8,4.2,4.199,4.208,4.208,4.199,3
2023-08-22 11:51:00,70.0,4.208,4.208,4.208,4.208,4.208,1
2023-08-22 12:00:00,13838.5,4.216,4.199,4.18,4.25,4.15,44
2023-08-22 12:01:00,182.9,4.011,4.0,4.021,4.021,4.0,6
2023-08-22 12:02:00,2219.4,4.0,4.0,4.02,4.02,4.0,3
2023-08-22 12:03:00,25.0,4.183,4.183,4.183,4.183,4.183,1
2023-08-22 12:05:00,102.0,4.2,4.2,4.2,4.2,4.2,13
2023-08-22 12:06:00,48.0,4.202,4.202,4.202,4.202,4.202,4
2023-08-22 12:07:00,20.0,4.205,4.205,4.205,4.205,4.205,2
2023-08-22 12:08:00,90.0,4.202,4.205,4.204,4.205,4.201,4
2023-08-22 12:09:00,2010.0,4.201,4.201,4.201,4.201,4.201,3
2023-08-22 12:10:00,51.1,4.202,4.202,4.202,4.202,4.202,2
2023-08-22 12:13:00,55.0,4.201,4.201,4.201,4.201,4.201,3
2023-08-22 12:14:00,76.2,4.211,4.205,4.207,4.24,4.205,5
2023-08-22 12:15:00,37.0,4.206,4.206,4.206,4.206,4.206,2
2023-08-22 12:16:00,232.6,4.207,4.206,4.206,4.206,4.206,2
2023-08-22 12:17:00,10.0,4.208,4.208,4.208,4.208,4.208,1
2023-08-22 12:21:00,136.1,4.233,4.239,4.207,4.239,4.207,3
2023-08-22 12:22:00,27.5,4.217,4.232,4.208,4.232,4.208,3
2023-08-22 12:24:00,890.9,4.221,4.207,4.23,4.23,4.207,3
2023-08-22 12:25:00,77.0,4.23,4.23,4.23,4.23,4.23,2
2023-08-22 12:27:00,27.0,4.22,4.22,4.22,4.22,4.22,2
2023-08-22 12:28:00,95.0,4.217,4.22,4.207,4.22,4.207,2
2023-08-22 12:30:00,17.6,4.22,4.22,4.22,4.22,4.22,1
2023-08-22 12:34:00,17.0,4.23,4.23,4.23,4.23,4.23,1
2023-08-22 12:36:00,24.0,4.23,4.23,4.23,4.23,4.23,1
2023-08-22 12:41:00,15.0,4.208,4.208,4.208,4.208,4.208,1
2023-08-22 12:45:00,101.4,4.229,4.229,4.229,4.229,4.229,2
2023-08-22 12:52:00,49.1,4.224,4.224,4.224,4.224,4.224,1
2023-08-22 12:53:00,100.0,4.225,4.225,4.225,4.225,4.225,1
2023-08-22 12:54:00,20.0,4.224,4.224,4.224,4.224,4.224,1
2023-08-22 12:55:00,1300.0,4.211,4.211,4.211,4.211,4.211,1
2023-08-22 12:56:00,80.0,4.224,4.224,4.224,4.224,4.224,1
2023-08-22 13:03:00,11.8,4.212,4.211,4.211,4.211,4.211,2
2023-08-22 13:05:00,1000.0,4.172,4.211,4.15,4.211,4.15,10
2023-08-22 13:06:00,11.3,4.225,4.225,4.225,4.225,4.225,1
2023-08-22 13:08:00,46.9,4.151,4.151,4.151,4.151,4.151,1
2023-08-22 13:09:00,77.0,4.163,4.151,4.222,4.222,4.151,2
2023-08-22 13:15:00,100.0,4.222,4.222,4.222,4.222,4.222,1
2023-08-22 13:17:00,20.1,4.224,4.224,4.224,4.224,4.224,2
2023-08-22 13:18:00,24.2,4.165,4.152,4.152,4.152,4.152,3
2023-08-22 13:19:00,16.3,4.17,4.151,4.151,4.151,4.151,4
2023-08-22 13:22:00,3508.5,4.15,4.151,4.15,4.151,4.15,4
2023-08-22 13:25:00,2001.1,4.2,4.2,4.2,4.2,4.2,2
2023-08-22 13:30:00,8246.7,4.211,4.212,4.216,4.224,4.2,42
2023-08-22 13:31:00,7232.7,4.204,4.215,4.201,4.218,4.2,40
2023-08-22 13:32:00,1194.2,4.208,4.216,4.2002,4.217,4.2,13
2023-08-22 13:33:00,1673.7,4.205,4.2169,4.202,4.217,4.2,28
2023-08-22 13:34:00,1863.9,4.2,4.2,4.201,4.202,4.2,20
2023-08-22 13:35:00,5660.4,4.206,4.201,4.211,4.223,4.201,28
2023-08-22 13:36:00,2502.8,4.206,4.2165,4.209,4.223,4.2,31
2023-08-22 13:37:00,6326.9,4.2,4.2001,4.198,4.209,4.186,31
2023-08-22 13:38:00,516.6,4.192,4.186,4.197,4.198,4.186,15
2023-08-22 13:39:00,915.9,4.193,4.192,4.193,4.193,4.192,9
2023-08-22 13:40:00,3374.0,4.193,4.193,4.193,4.193,4.193,25
2023-08-22 13:41:00,528.9,4.197,4.195,4.195,4.198,4.195,10
2023-08-22 13:42:00,1375.2,4.196,4.192,4.195,4.197,4.192,11
2023-08-22 13:43:00,1457.9,4.197,4.197,4.197,4.198,4.193,16
2023-08-22 13:44:00,1742.7,4.195,4.195,4.198,4.198,4.192,26
2023-08-22 13:45:00,1934.5,4.198,4.198,4.198,4.199,4.192,17
2023-08-22 13:46:00,4220.8,4.185,4.198,4.199,4.199,4.17,17
2023-08-22 13:47:00,1709.9,4.185,4.195,4.171,4.199,4.171,27
2023-08-22 13:48:00,1739.1,4.174,4.175,4.1701,4.177,4.17,17
2023-08-22 13:49:00,494.6,4.175,4.1769,4.176,4.177,4.17,13
2023-08-22 13:50:00,232.0,4.17,4.171,4.17,4.171,4.17,6
2023-08-22 13:51:00,1423.0,4.171,4.171,4.171,4.171,4.17,20
2023-08-22 13:52:00,452.1,4.171,4.171,4.1705,4.171,4.17,8
2023-08-22 13:53:00,22079.4,4.143,4.171,4.111,4.171,4.11,172
2023-08-22 13:54:00,2503.7,4.108,4.111,4.101,4.111,4.1,53
2023-08-22 13:55:00,3335.9,4.101,4.101,4.1,4.101,4.1,72
2023-08-22 13:56:00,891.6,4.101,4.101,4.102,4.102,4.101,38
2023-08-22 13:57:00,3376.4,4.102,4.102,4.102,4.102,4.101,32
2023-08-22 13:58:00,2945.2,4.1,4.102,4.089,4.102,4.089,121
2023-08-22 13:59:00,3496.3,4.081,4.0885,4.075,4.095,4.075,26
2023-08-22 14:00:00,2766.2,4.058,4.063,4.051,4.074,4.051,37
2023-08-22 14:01:00,4929.3,4.051,4.051,4.051,4.062,4.05,40
2023-08-22 14:02:00,2330.7,4.05,4.05,4.051,4.051,4.05,31
2023-08-22 14:03:00,4482.4,4.047,4.051,4.03,4.051,4.03,42
2023-08-22 14:04:00,22201.9,4.033,4.03,4.041,4.041,4.03,219
2023-08-22 14:05:00,11565.6,4.056,4.041,4.067,4.067,4.0408,269
2023-08-22 14:06:00,30848.8,4.063,4.066,4.0461,4.066,4.0461,147
2023-08-22 14:07:00,3551.1,4.054,4.047,4.063,4.064,4.047,41
2023-08-22 14:08:00,4190.3,4.045,4.057,4.048,4.057,4.04,28
2023-08-22 14:09:00,7288.3,4.044,4.048,4.042,4.048,4.041,23
2023-08-22 14:10:00,3284.2,4.042,4.042,4.041,4.042,4.041,20
2023-08-22 14:11:00,12628.0,4.044,4.042,4.047,4.047,4.041,117
2023-08-22 14:12:00,6792.8,4.048,4.046,4.057,4.057,4.046,64
2023-08-22 14:13:00,13767.4,4.058,4.057,4.064,4.065,4.056,75
2023-08-22 14:14:00,7849.6,4.074,4.065,4.079,4.08,4.064,76
2023-08-22 14:15:00,1720.1,4.072,4.074,4.077,4.079,4.069,15
2023-08-22 14:16:00,3480.9,4.073,4.0765,4.073,4.079,4.067,69
2023-08-22 14:17:00,5196.2,4.058,4.068,4.051,4.073,4.05,42
2023-08-22 14:18:00,1493.3,4.058,4.06,4.06,4.06,4.05,36
2023-08-22 14:19:00,1674.2,4.056,4.051,4.055,4.06,4.051,24
2023-08-22 14:20:00,13969.7,4.063,4.059,4.072,4.074,4.059,66
2023-08-22 14:21:00,4056.7,4.082,4.075,4.094,4.099,4.075,31
2023-08-22 14:22:00,9022.5,4.083,4.099,4.096,4.099,4.07,29
2023-08-22 14:23:00,55.8,4.083,4.083,4.082,4.083,4.082,7
2023-08-22 14:24:00,10247.4,4.092,4.093,4.071,4.094,4.07,20
2023-08-22 14:25:00,1535.9,4.071,4.071,4.071,4.071,4.07,31
2023-08-22 14:26:00,1460.3,4.071,4.071,4.07,4.071,4.07,20
2023-08-22 14:27:00,451.3,4.074,4.071,4.0855,4.0855,4.071,20
2023-08-22 14:28:00,1180.1,4.081,4.094,4.082,4.094,4.071,8
2023-08-22 14:29:00,1321.8,4.083,4.07,4.089,4.092,4.07,13
2023-08-22 14:30:00,710.3,4.088,4.07,4.07,4.09,4.07,16
2023-08-22 14:31:00,1293.5,4.077,4.076,4.077,4.079,4.076,6
2023-08-22 14:32:00,2511.3,4.077,4.077,4.077,4.077,4.076,27
2023-08-22 14:33:00,528.1,4.075,4.077,4.075,4.077,4.075,11
2023-08-22 14:34:00,2769.6,4.07,4.075,4.07,4.075,4.07,11
2023-08-22 14:35:00,1556.9,4.074,4.074,4.074,4.074,4.072,14
2023-08-22 14:36:00,1373.6,4.073,4.07,4.074,4.074,4.07,16
2023-08-22 14:37:00,2256.6,4.073,4.074,4.074,4.074,4.07,22
2023-08-22 14:38:00,5699.1,4.072,4.074,4.07,4.074,4.07,18
2023-08-22 14:39:00,227.9,4.073,4.073,4.073,4.074,4.07,14
2023-08-22 14:40:00,1183.3,4.07,4.07,4.07,4.07,4.07,14
2023-08-22 14:41:00,5109.4,4.073,4.074,4.073,4.074,4.071,34
2023-08-22 14:42:00,593.2,4.072,4.072,4.072,4.072,4.072,27
2023-08-22 14:43:00,8560.9,4.089,4.072,4.098,4.098,4.071,119
2023-08-22 14:44:00,3459.2,4.097,4.088,4.0931,4.1,4.088,25
2023-08-22 14:45:00,46.8,4.098,4.098,4.099,4.099,4.098,5
2023-08-22 14:46:00,6964.5,4.104,4.0968,4.102,4.11,4.0951,46
2023-08-22 14:47:00,1817.0,4.106,4.108,4.107,4.108,4.102,10
2023-08-22 14:48:00,6063.0,4.103,4.108,4.099,4.11,4.085,143
2023-08-22 14:49:00,422.9,4.102,4.106,4.106,4.106,4.101,9
2023-08-22 14:50:00,411.3,4.105,4.106,4.103,4.106,4.103,6
2023-08-22 14:51:00,745.6,4.103,4.104,4.101,4.106,4.101,7
2023-08-22 14:52:00,112.0,4.106,4.101,4.106,4.106,4.101,4
2023-08-22 14:53:00,112.0,4.102,4.102,4.101,4.102,4.101,5
2023-08-22 14:54:00,30.0,4.105,4.107,4.101,4.107,4.101,2
2023-08-22 14:55:00,393.0,4.104,4.101,4.101,4.107,4.101,14
2023-08-22 14:56:00,3474.3,4.106,4.105,4.106,4.106,4.105,30
2023-08-22 14:57:00,2192.3,4.107,4.105,4.11,4.11,4.104,45
2023-08-22 14:58:00,2064.9,4.105,4.104,4.107,4.109,4.104,6
2023-08-22 14:59:00,5216.3,4.106,4.1099,4.103,4.1099,4.103,22
2023-08-22 15:00:00,280.0,4.105,4.105,4.105,4.105,4.105,8
2023-08-22 15:01:00,417.3,4.104,4.103,4.1045,4.1045,4.103,8
2023-08-22 15:02:00,5682.2,4.104,4.104,4.103,4.106,4.103,22
2023-08-22 15:03:00,747.7,4.104,4.106,4.104,4.106,4.103,9
2023-08-22 15:04:00,10667.6,4.109,4.104,4.107,4.122,4.104,47
2023-08-22 15:05:00,220.0,4.107,4.107,4.107,4.108,4.107,9
2023-08-22 15:06:00,3702.2,4.131,4.108,4.129,4.15,4.107,40
2023-08-22 15:07:00,146.5,4.13,4.149,4.117,4.149,4.117,9
2023-08-22 15:08:00,90.6,4.124,4.143,4.117,4.143,4.117,8
2023-08-22 15:09:00,4120.0,4.131,4.148,4.148,4.149,4.117,11
2023-08-22 15:10:00,27.3,4.148,4.148,4.149,4.149,4.148,4
2023-08-22 15:11:00,1536.4,4.145,4.148,4.148,4.148,4.118,8
2023-08-22 15:12:00,725.2,4.132,4.132,4.139,4.139,4.131,10
2023-08-22 15:13:00,1180.3,4.139,4.131,4.149,4.149,4.131,21
2023-08-22 15:14:00,1353.0,4.143,4.149,4.1405,4.15,4.134,95
2023-08-22 15:15:00,720.6,4.142,4.136,4.14,4.149,4.136,29
2023-08-22 15:16:00,2927.3,4.147,4.14,4.149,4.15,4.14,34
2023-08-22 15:17:00,2541.2,4.146,4.149,4.146,4.149,4.144,34
2023-08-22 15:18:00,12488.6,4.147,4.146,4.142,4.149,4.137,48
2023-08-22 15:19:00,5780.0,4.142,4.1311,4.142,4.143,4.1311,7
2023-08-22 15:20:00,211.0,4.14,4.141,4.131,4.141,4.131,3
2023-08-22 15:21:00,590.3,4.141,4.141,4.142,4.142,4.131,7
2023-08-22 15:22:00,7524.2,4.129,4.132,4.13,4.142,4.121,92
2023-08-22 15:23:00,5641.8,4.122,4.13,4.131,4.131,4.121,35
2023-08-22 15:24:00,1598.6,4.13,4.131,4.131,4.131,4.13,20
2023-08-22 15:25:00,1650.9,4.132,4.131,4.141,4.141,4.131,29
2023-08-22 15:26:00,2981.2,4.141,4.14,4.143,4.143,4.134,33
2023-08-22 15:27:00,465.0,4.135,4.143,4.1415,4.143,4.134,3
2023-08-22 15:28:00,83.8,4.135,4.134,4.134,4.134,4.134,3
2023-08-22 15:29:00,336.9,4.134,4.134,4.134,4.134,4.133,6
2023-08-22 15:30:00,776.5,4.134,4.134,4.134,4.134,4.133,17
2023-08-22 15:31:00,717.4,4.134,4.134,4.134,4.134,4.133,14
2023-08-22 15:32:00,600.0,4.134,4.134,4.134,4.134,4.133,11
2023-08-22 15:33:00,1789.0,4.133,4.134,4.132,4.134,4.13,15
2023-08-22 15:34:00,155.2,4.135,4.134,4.1312,4.134,4.131,10
2023-08-22 15:35:00,1109.5,4.133,4.1312,4.131,4.134,4.131,20
2023-08-22 15:36:00,692.5,4.133,4.134,4.133,4.134,4.131,10
2023-08-22 15:37:00,121.1,4.132,4.133,4.132,4.133,4.131,5
2023-08-22 15:38:00,170.0,4.133,4.133,4.133,4.133,4.133,3
2023-08-22 15:39:00,1027.4,4.132,4.133,4.131,4.133,4.131,9
2023-08-22 15:40:00,520.5,4.132,4.132,4.133,4.133,4.132,12
2023-08-22 15:41:00,700.2,4.133,4.133,4.133,4.133,4.133,12
2023-08-22 15:42:00,519.5,4.133,4.133,4.132,4.133,4.132,11
2023-08-22 15:43:00,182.9,4.132,4.132,4.132,4.133,4.132,7
2023-08-22 15:44:00,1111.3,4.128,4.133,4.1211,4.133,4.1211,20
2023-08-22 15:45:00,296.1,4.123,4.126,4.122,4.1261,4.121,13
2023-08-22 15:46:00,2602.0,4.114,4.123,4.108,4.123,4.108,37
2023-08-22 15:47:00,60.0,4.109,4.109,4.109,4.109,4.109,1
2023-08-22 15:48:00,118.4,4.109,4.108,4.109,4.109,4.108,7
2023-08-22 15:49:00,2051.1,4.109,4.108,4.109,4.109,4.108,21
2023-08-22 15:50:00,52733.2,4.072,4.108,4.051,4.109,4.05,128
2023-08-22 15:51:00,5251.0,4.051,4.051,4.051,4.051,4.05,46
2023-08-22 15:52:00,84.4,4.052,4.052,4.052,4.052,4.052,7
2023-08-22 15:53:00,1144.0,4.052,4.052,4.052,4.052,4.051,23
2023-08-22 15:54:00,4241.1,4.051,4.051,4.051,4.052,4.051,13
2023-08-22 15:55:00,333.4,4.052,4.052,4.052,4.052,4.052,9
2023-08-22 15:56:00,2039.5,4.052,4.051,4.051,4.052,4.051,44
2023-08-22 15:57:00,2219.1,4.052,4.052,4.052,4.052,4.051,15
2023-08-22 15:58:00,434.4,4.052,4.052,4.052,4.052,4.051,10
2023-08-22 15:59:00,5123.6,4.052,4.051,4.052,4.052,4.051,18
2023-08-22 16:00:00,3423.7,4.052,4.052,4.051,4.052,4.051,42
2023-08-22 16:01:00,1592.8,4.052,4.051,4.051,4.052,4.051,16
2023-08-22 16:02:00,260.9,4.052,4.052,4.052,4.052,4.051,9
2023-08-22 16:03:00,297.0,4.052,4.051,4.051,4.052,4.051,12
2023-08-22 16:04:00,410.3,4.052,4.052,4.052,4.052,4.051,10
2023-08-22 16:05:00,614.7,4.051,4.051,4.051,4.052,4.051,12
2023-08-22 16:06:00,263.7,4.051,4.052,4.051,4.052,4.051,9
2023-08-22 16:07:00,37.5,4.052,4.052,4.051,4.052,4.051,3
2023-08-22 16:08:00,147.5,4.051,4.051,4.051,4.051,4.051,11
2023-08-22 16:09:00,10742.4,4.051,4.051,4.042,4.052,4.04,36
2023-08-22 16:10:00,4274.6,4.04,4.043,4.03,4.043,4.03,36
2023-08-22 16:11:00,829.2,4.031,4.033,4.03,4.035,4.025,22
2023-08-22 16:12:00,4485.1,4.021,4.027,4.02,4.0275,4.02,28
2023-08-22 16:13:00,1793.4,4.014,4.02,4.002,4.021,4.002,36
2023-08-22 16:14:00,2485.3,4.002,4.002,4.002,4.002,4.002,126
2023-08-22 16:15:00,9692.4,4.002,4.001,4.005,4.006,4.0,111
2023-08-22 16:16:00,671.8,4.005,4.006,4.003,4.006,4.003,13
2023-08-22 16:17:00,11166.5,4.006,4.006,4.007,4.008,4.005,64
2023-08-22 16:18:00,10395.7,4.017,4.008,4.04,4.04,4.008,74
2023-08-22 16:19:00,1705.0,4.028,4.021,4.029,4.05,4.021,16
2023-08-22 16:20:00,717.6,4.039,4.041,4.049,4.049,4.031,9
2023-08-22 16:21:00,6256.8,4.034,4.049,4.0458,4.049,4.031,19
2023-08-22 16:22:00,7207.9,4.031,4.0331,4.034,4.034,4.02,24
2023-08-22 16:23:00,512.4,4.021,4.021,4.021,4.021,4.021,4
2023-08-22 16:24:00,351.0,4.038,4.037,4.021,4.048,4.021,4
2023-08-22 16:25:00,2830.1,4.021,4.042,4.018,4.042,4.017,12
2023-08-22 16:26:00,14910.8,4.013,4.026,4.015,4.026,4.01,68
2023-08-22 16:27:00,4193.2,4.017,4.021,4.015,4.021,4.014,29
2023-08-22 16:28:00,3248.2,4.036,4.016,4.017,4.056,4.014,97
2023-08-22 16:29:00,2735.3,4.03,4.017,4.017,4.0408,4.017,14
2023-08-22 16:30:00,57.6,4.018,4.017,4.017,4.017,4.017,4
2023-08-22 16:31:00,2980.9,4.038,4.04,4.0367,4.04,4.017,8
2023-08-22 16:32:00,165.2,4.031,4.028,4.04,4.04,4.028,8
2023-08-22 16:33:00,2059.9,4.025,4.029,4.021,4.029,4.021,17
2023-08-22 16:34:00,3578.6,4.023,4.021,4.023,4.029,4.02,12
2023-08-22 16:35:00,6060.8,4.025,4.029,4.023,4.029,4.023,44
2023-08-22 16:36:00,754.6,4.025,4.024,4.024,4.025,4.024,5
2023-08-22 16:37:00,47.7,4.024,4.021,4.025,4.025,4.021,7
2023-08-22 16:38:00,330.4,4.023,4.024,4.022,4.025,4.021,11
2023-08-22 16:39:00,2728.1,4.02,4.02,4.016,4.021,4.016,10
2023-08-22 16:40:00,2322.8,4.012,4.017,4.011,4.019,4.01,28
2023-08-22 16:41:00,3438.8,4.011,4.011,4.011,4.024,4.01,81
2023-08-22 16:42:00,40.6,4.024,4.022,4.022,4.028,4.022,6
2023-08-22 16:43:00,398.3,4.034,4.059,4.042,4.06,4.024,8
2023-08-22 16:44:00,39.2,4.037,4.025,4.025,4.025,4.025,3
2023-08-22 16:45:00,300.3,4.041,4.041,4.041,4.041,4.041,9
2023-08-22 16:46:00,56.3,4.04,4.041,4.04,4.041,4.04,7
2023-08-22 16:47:00,524.8,4.04,4.04,4.041,4.041,4.04,8
2023-08-22 16:48:00,112.9,4.036,4.04,4.032,4.04,4.032,6
2023-08-22 16:49:00,48.8,4.038,4.04,4.04,4.04,4.04,6
2023-08-22 16:50:00,84.6,4.038,4.041,4.04,4.041,4.031,7
2023-08-22 16:51:00,3324.6,4.034,4.031,4.035,4.035,4.031,77
2023-08-22 16:52:00,80.9,4.034,4.033,4.034,4.034,4.033,5
2023-08-22 16:54:00,221.6,4.034,4.035,4.033,4.035,4.033,7
2023-08-22 16:55:00,18.0,4.035,4.035,4.035,4.035,4.035,4
2023-08-22 16:56:00,541.0,4.033,4.033,4.033,4.033,4.033,8
2023-08-22 16:57:00,218.5,4.033,4.033,4.032,4.033,4.032,6
2023-08-22 16:58:00,97.4,4.033,4.032,4.032,4.033,4.032,7
2023-08-22 16:59:00,235.4,4.034,4.033,4.033,4.034,4.033,12
2023-08-22 17:00:00,706.0,4.032,4.032,4.033,4.033,4.031,7
2023-08-22 17:01:00,364.9,4.031,4.032,4.03,4.032,4.03,10
2023-08-22 17:02:00,1022.0,4.026,4.03,4.025,4.032,4.025,23
2023-08-22 17:03:00,232.5,4.025,4.025,4.025,4.025,4.025,6
2023-08-22 17:04:00,3934.7,4.018,4.025,4.012,4.025,4.011,21
2023-08-22 17:05:00,12905.6,4.013,4.012,4.012,4.018,4.011,136
2023-08-22 17:06:00,797.7,4.016,4.017,4.017,4.017,4.011,9
2023-08-22 17:07:00,200.6,4.015,4.012,4.017,4.017,4.012,7
2023-08-22 17:08:00,144.1,4.015,4.015,4.014,4.015,4.014,10
2023-08-22 17:09:00,650.1,4.012,4.014,4.015,4.015,4.011,9
2023-08-22 17:10:00,1216.5,4.012,4.011,4.014,4.015,4.011,5
2023-08-22 17:11:00,2470.1,4.014,4.014,4.015,4.015,4.012,7
2023-08-22 17:12:00,17977.4,4.012,4.014,4.011,4.014,4.01,34
2023-08-22 17:13:00,10321.5,4.012,4.01,4.015,4.015,4.01,84
2023-08-22 17:14:00,3673.2,4.015,4.015,4.014,4.015,4.014,49
2023-08-22 17:15:00,26037.3,4.014,4.015,4.012,4.015,4.012,77
2023-08-22 17:16:00,6587.6,4.01,4.012,4.01,4.012,4.009,19
2023-08-22 17:17:00,6298.7,4.009,4.01,4.009,4.01,4.005,10
2023-08-22 17:18:00,1010.0,4.006,4.006,4.01,4.01,4.005,6
2023-08-22 17:19:00,251.4,4.008,4.01,4.008,4.01,4.005,9
2023-08-22 17:20:00,1874.7,4.01,4.005,4.008,4.011,4.005,17
2023-08-22 17:21:00,125.3,4.008,4.008,4.006,4.008,4.006,8
2023-08-22 17:22:00,120.3,4.008,4.008,4.011,4.011,4.006,5
2023-08-22 17:23:00,2882.2,4.005,4.005,4.001,4.008,4.001,61
2023-08-22 17:24:00,401.0,4.001,4.001,4.0,4.001,4.0,15
2023-08-22 17:25:00,139.3,4.001,4.001,4.0,4.001,4.0,7
2023-08-22 17:26:00,9834.1,4.003,4.001,4.004,4.008,4.001,50
2023-08-22 17:27:00,8377.4,4.007,4.004,4.0016,4.012,4.0016,57
2023-08-22 17:28:00,174.2,4.008,4.0065,4.008,4.012,4.002,10
2023-08-22 17:29:00,831.4,4.006,4.01,4.005,4.01,4.001,10
2023-08-22 17:30:00,29.0,4.007,4.0057,4.009,4.009,4.0057,2
2023-08-22 17:31:00,161.2,4.008,4.006,4.008,4.009,4.006,11
2023-08-22 17:32:00,33.5,4.005,4.009,4.003,4.009,4.003,3
2023-08-22 17:33:00,2530.1,4.005,4.003,4.007,4.009,4.003,9
2023-08-22 17:34:00,4383.0,4.007,4.009,4.007,4.009,4.007,13
2023-08-22 17:35:00,7680.4,4.009,4.008,4.009,4.009,4.006,21
2023-08-22 17:36:00,1382.1,4.006,4.008,4.005,4.008,4.004,12
2023-08-22 17:37:00,737.8,4.005,4.006,4.008,4.009,4.005,10
2023-08-22 17:38:00,1420.6,4.009,4.009,4.006,4.009,4.006,18
2023-08-22 17:40:00,254.6,4.007,4.006,4.007,4.007,4.006,5
2023-08-22 17:41:00,13.1,4.006,4.006,4.006,4.006,4.006,3
2023-08-22 17:42:00,600.0,4.007,4.007,4.006,4.007,4.006,15
2023-08-22 17:43:00,1422.4,4.007,4.007,4.007,4.007,4.007,48
2023-08-22 17:44:00,8814.1,4.007,4.007,4.007,4.007,4.006,49
2023-08-22 17:45:00,11.0,4.006,4.006,4.006,4.006,4.006,2
2023-08-22 17:46:00,1333.1,4.006,4.007,4.006,4.007,4.006,15
2023-08-22 17:47:00,582.8,4.005,4.003,4.004,4.005,4.003,5
2023-08-22 17:48:00,428.0,4.004,4.003,4.004,4.004,4.003,7
2023-08-22 17:49:00,395.8,4.004,4.004,4.004,4.004,4.0036,12
2023-08-22 17:50:00,211.2,4.003,4.0035,4.003,4.004,4.003,6
2023-08-22 17:51:00,3051.3,4.004,4.004,4.004,4.004,4.003,16
2023-08-22 17:52:00,971.8,4.004,4.004,4.003,4.004,4.003,6
2023-08-22 17:53:00,527.0,4.003,4.003,4.003,4.004,4.003,8
2023-08-22 17:54:00,1541.0,4.004,4.004,4.003,4.004,4.003,8
2023-08-22 17:55:00,74.1,4.003,4.004,4.0031,4.004,4.0031,4
2023-08-22 17:56:00,518.2,4.004,4.003,4.004,4.004,4.003,9
2023-08-22 17:57:00,2076.7,4.004,4.004,4.004,4.004,4.003,11
2023-08-22 17:58:00,18.6,4.003,4.003,4.003,4.003,4.003,3
2023-08-22 17:59:00,320.7,4.004,4.004,4.004,4.004,4.004,8
2023-08-22 18:00:00,527.4,4.004,4.003,4.004,4.004,4.003,7
2023-08-22 18:01:00,790.0,4.003,4.003,4.004,4.004,4.003,6
2023-08-22 18:02:00,1832.3,4.004,4.004,4.004,4.004,4.003,16
2023-08-22 18:03:00,1542.0,4.004,4.004,4.004,4.004,4.003,9
2023-08-22 18:04:00,633.1,4.004,4.003,4.004,4.004,4.003,7
2023-08-22 18:05:00,343.8,4.004,4.003,4.004,4.004,4.003,6
2023-08-22 18:06:00,11310.8,4.003,4.004,4.001,4.004,4.001,38
2023-08-22 18:07:00,186.6,4.002,4.001,4.002,4.002,4.001,5
2023-08-22 18:08:00,1035.4,4.002,4.002,4.002,4.002,4.001,16
2023-08-22 18:09:00,3346.5,4.002,4.002,4.001,4.002,4.001,25
2023-08-22 18:10:00,650.5,4.002,4.001,4.002,4.002,4.001,15
2023-08-22 18:11:00,2365.6,4.002,4.001,4.002,4.002,4.001,15
2023-08-22 18:12:00,4446.9,4.001,4.001,4.0,4.002,4.0,38
2023-08-22 18:13:00,4413.3,4.0,4.001,4.001,4.002,4.0,60
2023-08-22 18:14:00,149.0,4.001,4.001,4.0,4.001,4.0,6
2023-08-22 18:15:00,4524.6,4.0,4.001,4.0,4.001,4.0,68
2023-08-22 18:16:00,825.7,4.0,4.0,4.0,4.001,4.0,22
2023-08-22 18:17:00,4168.2,4.001,4.0,4.0,4.001,4.0,8
2023-08-22 18:18:00,136.2,4.0,4.001,4.001,4.001,4.0,7
2023-08-22 18:19:00,165.0,4.0,4.0,4.0,4.0,4.0,5
2023-08-22 18:20:00,13182.9,4.0,4.001,4.001,4.001,4.0,60
2023-08-22 18:21:00,842.5,4.001,4.0007,4.0,4.001,4.0,12
2023-08-22 18:22:00,2945.0,4.0,4.0,4.0,4.001,4.0,24
2023-08-22 18:23:00,3711.1,4.001,4.0,4.001,4.001,4.0,27
2023-08-22 18:24:00,8869.1,4.0,4.0005,4.001,4.001,4.0,46
2023-08-22 18:25:00,3438.2,4.0,4.001,4.001,4.001,4.0,11
2023-08-22 18:26:00,1900.3,4.001,4.001,4.001,4.001,4.0,9
2023-08-22 18:27:00,2808.3,4.0,4.001,4.001,4.001,4.0,11
2023-08-22 18:28:00,657.1,4.0,4.001,4.0,4.001,4.0,11
2023-08-22 18:29:00,6785.9,4.001,4.001,4.001,4.001,4.0,14
2023-08-22 18:30:00,737.0,4.001,4.0,4.0,4.001,4.0,15
2023-08-22 18:31:00,1922.4,4.001,4.0,4.0,4.001,4.0,18
2023-08-22 18:32:00,135.0,4.0,4.0,4.0,4.001,4.0,5
2023-08-22 18:33:00,1005.0,4.001,4.0005,4.0005,4.001,4.0,12
2023-08-22 18:34:00,685.7,4.001,4.0005,4.0,4.001,4.0,9
2023-08-22 18:35:00,2946.4,4.0,4.001,4.0,4.001,4.0,65
2023-08-22 18:36:00,834.3,4.001,4.0,4.0,4.001,4.0,13
2023-08-22 18:37:00,9819.5,4.001,4.001,4.0,4.001,4.0,49
2023-08-22 18:38:00,1508.8,4.001,4.0,4.0,4.001,4.0,10
2023-08-22 18:39:00,310.8,4.0,4.0,4.0,4.001,4.0,13
2023-08-22 18:40:00,220.1,4.001,4.0,4.001,4.001,4.0,7
2023-08-22 18:41:00,2272.4,4.001,4.0,4.0,4.001,4.0,12
2023-08-22 18:42:00,589.2,4.001,4.0005,4.0,4.001,4.0,10
2023-08-22 18:43:00,2435.0,4.001,4.0,4.001,4.001,4.0,12
2023-08-22 18:44:00,14.0,4.0,4.0,4.0,4.0,4.0,4
2023-08-22 18:45:00,3120.4,4.0,4.0,4.0,4.001,4.0,35
2023-08-22 18:46:00,102.2,4.001,4.001,4.001,4.001,4.0,8
2023-08-22 18:47:00,31.1,4.001,4.0,4.001,4.001,4.0,4
2023-08-22 18:48:00,268.8,4.001,4.0,4.0004,4.001,4.0,8
2023-08-22 18:49:00,1156.6,4.001,4.001,4.001,4.001,4.0,23
2023-08-22 18:50:00,121.0,4.001,4.001,4.0,4.001,4.0,7
2023-08-22 18:51:00,123.7,4.001,4.001,4.0,4.001,4.0,4
2023-08-22 18:52:00,940.8,4.001,4.001,4.001,4.001,4.001,14
2023-08-22 18:53:00,5401.1,4.001,4.001,4.001,4.001,4.0,76
2023-08-22 18:54:00,772.5,4.001,4.001,4.001,4.001,4.0,10
2023-08-22 18:55:00,2275.4,4.0,4.001,4.001,4.001,4.0,12
2023-08-22 18:56:00,694.4,4.001,4.0005,4.0,4.001,4.0,10
2023-08-22 18:57:00,3039.0,4.001,4.0005,4.001,4.001,4.0,39
2023-08-22 18:58:00,2457.7,4.001,4.001,4.0,4.001,4.0,25
2023-08-22 18:59:00,6673.6,4.001,4.001,4.0,4.001,4.0,48
2023-08-22 19:00:00,33644.1,4.006,4.0,4.01,4.012,4.0,329
2023-08-22 19:01:00,5561.1,4.01,4.01,4.01,4.012,4.0095,52
2023-08-22 19:02:00,7941.8,4.018,4.01,4.032,4.032,4.01,84
2023-08-22 19:03:00,6662.8,4.026,4.035,4.0191,4.036,4.0191,21
2023-08-22 19:04:00,7196.8,4.017,4.02,4.024,4.024,4.01,70
2023-08-22 19:05:00,2145.4,4.022,4.023,4.024,4.024,4.016,26
2023-08-22 19:06:00,702.1,4.02,4.022,4.022,4.022,4.019,10
2023-08-22 19:07:00,3550.0,4.017,4.018,4.017,4.018,4.016,13
2023-08-22 19:08:00,5269.9,4.015,4.017,4.015,4.017,4.015,15
2023-08-22 19:09:00,4761.6,4.015,4.015,4.015,4.015,4.015,16
2023-08-22 19:10:00,6324.7,4.006,4.015,4.009,4.015,4.0,68
2023-08-22 19:11:00,1480.8,4.011,4.01,4.015,4.015,4.006,12
2023-08-22 19:12:00,575.0,4.004,4.006,4.002,4.015,4.002,8
2023-08-22 19:13:00,111.7,4.005,4.014,4.0001,4.014,4.0001,7
2023-08-22 19:14:00,284.0,4.01,4.0,4.007,4.013,4.0,5
2023-08-22 19:15:00,128.3,4.002,4.014,4.0,4.014,4.0,5
2023-08-22 19:16:00,165.3,4.012,4.014,4.013,4.014,4.0,7
2023-08-22 19:17:00,320.9,4.011,4.013,4.007,4.014,4.0,11
2023-08-22 19:18:00,66.2,4.011,4.013,4.0,4.014,4.0,4
2023-08-22 19:19:00,677.8,4.012,4.0065,4.012,4.013,4.0065,16
2023-08-22 19:20:00,1477.9,4.013,4.013,4.013,4.013,4.012,22
2023-08-22 19:21:00,545.6,4.007,4.0112,4.0112,4.013,4.0011,19
2023-08-22 19:22:00,127.7,4.01,4.013,4.004,4.013,4.001,9
2023-08-22 19:23:00,6211.3,4.011,4.011,4.011,4.013,4.01,39
2023-08-22 19:24:00,2520.9,4.01,4.0115,4.005,4.013,4.005,21
2023-08-22 19:25:00,2313.4,4.0,4.003,4.0,4.003,4.0,18
2023-08-22 19:26:00,2402.8,4.0,4.0,4.001,4.001,4.0,42
2023-08-22 19:27:00,234.6,4.001,4.001,4.001,4.001,4.0,10
2023-08-22 19:28:00,333.6,4.001,4.001,4.001,4.001,4.0,10
2023-08-22 19:29:00,992.7,4.001,4.0006,4.001,4.001,4.0,23
2023-08-22 19:30:00,1940.5,4.001,4.001,4.001,4.001,4.0,20
2023-08-22 19:31:00,251.2,4.001,4.001,4.001,4.001,4.001,16
2023-08-22 19:32:00,1505.6,4.001,4.002,4.001,4.004,4.0,36
2023-08-22 19:33:00,782.4,4.001,4.001,4.002,4.002,4.0,14
2023-08-22 19:34:00,339.7,4.001,4.001,4.001,4.001,4.001,19
2023-08-22 19:35:00,3412.7,4.0,4.001,4.001,4.001,4.0,48
2023-08-22 19:36:00,2782.0,4.001,4.001,4.001,4.002,4.0,52
2023-08-22 19:37:00,532.4,4.001,4.001,4.001,4.001,4.0,18
2023-08-22 19:38:00,180.3,4.001,4.0008,4.0004,4.001,4.0004,11
2023-08-22 19:39:00,2951.4,4.002,4.002,4.002,4.002,4.001,40
2023-08-22 19:40:00,1261.3,4.004,4.002,4.002,4.004,4.002,20
2023-08-22 19:41:00,597.4,4.003,4.002,4.003,4.003,4.002,19
2023-08-22 19:42:00,502.2,4.003,4.002,4.003,4.003,4.002,17
2023-08-22 19:43:00,3877.5,4.001,4.002,4.001,4.002,4.001,24
2023-08-22 19:44:00,930.6,4.001,4.001,4.002,4.002,4.0,21
2023-08-22 19:45:00,1701.0,4.001,4.001,4.002,4.002,4.001,23
2023-08-22 19:46:00,862.8,4.001,4.001,4.001,4.002,4.001,20
2023-08-22 19:47:00,5321.5,4.002,4.001,4.001,4.002,4.001,63
2023-08-22 19:48:00,2853.8,4.001,4.001,4.001,4.001,4.0,32
2023-08-22 19:49:00,2257.3,4.0,4.0,4.001,4.001,4.0,38
2023-08-22 19:50:00,7226.2,4.0,4.001,4.0,4.001,4.0,57
2023-08-22 19:51:00,9104.8,4.0,4.0,4.0,4.001,4.0,82
2023-08-22 19:52:00,4269.8,4.0,4.0,4.0,4.001,4.0,45
2023-08-22 19:53:00,2592.3,4.0,4.0,4.0,4.001,4.0,35
2023-08-22 19:54:00,3424.8,4.001,4.0,4.001,4.001,4.0,58
2023-08-22 19:55:00,12242.6,4.0,4.0,4.0,4.001,4.0,110
2023-08-22 19:56:00,550.3,4.001,4.0,4.001,4.001,4.0,28
2023-08-22 19:57:00,1095.0,4.0,4.0,4.0,4.001,4.0,38
2023-08-22 19:58:00,7780.9,3.995,4.0,3.98,4.001,3.98,117
2023-08-22 19:59:00,10388.2,3.98,3.98,3.981,3.981,3.975,118
2023-08-22 20:02:00,100.0,3.971,3.985,3.958,3.985,3.958,8
2023-08-22 20:03:00,24.5,4.011,4.019,4.0,4.019,4.0,5
2023-08-22 20:05:00,86.7,3.966,3.966,3.966,3.966,3.966,1
2023-08-22 20:09:00,12.2,4.018,4.019,4.019,4.019,4.019,2
2023-08-22 20:13:00,40.6,3.986,4.001,3.981,4.001,3.981,2
2023-08-22 20:14:00,345.6,4.02,4.02,4.02,4.02,4.02,1
2023-08-22 20:19:00,20.0,4.02,4.02,4.02,4.02,4.02,1
2023-08-22 20:20:00,2000.0,4.019,4.019,4.019,4.019,4.019,1
2023-08-22 20:22:00,31.0,3.981,3.98,3.98,3.98,3.98,3
2023-08-22 20:24:00,100.0,4.019,4.019,4.019,4.019,4.019,1
2023-08-22 20:27:00,10.0,4.02,4.02,4.02,4.02,4.02,1
2023-08-22 20:28:00,226.5,4.019,4.02,4.019,4.02,4.019,3
2023-08-22 20:29:00,13.5,4.019,4.019,4.019,4.019,4.019,2
2023-08-22 20:33:00,1099.9,4.011,4.019,4.001,4.019,4.001,2
2023-08-22 20:44:00,100.7,4.0,4.0,4.0,4.0,4.0,2
2023-08-22 20:49:00,300.1,4.02,4.02,4.02,4.02,4.02,2
2023-08-22 20:50:00,12.6,4.019,4.019,4.019,4.019,4.019,3
2023-08-22 20:53:00,150.0,4.001,4.001,4.001,4.001,4.001,1
2023-08-22 20:56:00,22.5,4.017,4.017,4.017,4.017,4.017,1
2023-08-22 20:57:00,25.0,4.018,4.018,4.018,4.018,4.018,1
2023-08-22 21:06:00,30.0,4.006,4.017,4.001,4.017,4.001,2
2023-08-22 21:07:00,100.0,4.017,4.017,4.017,4.017,4.017,1
2023-08-22 21:08:00,26.3,4.001,4.001,4.001,4.001,4.001,2
2023-08-22 21:09:00,10.0,4.018,4.018,4.018,4.018,4.018,1
2023-08-22 21:12:00,65.0,4.018,4.018,4.018,4.018,4.018,1
2023-08-22 21:13:00,13.0,4.019,4.019,4.019,4.019,4.019,3
2023-08-22 21:14:00,37.0,4.019,4.019,4.019,4.019,4.019,2
2023-08-22 21:16:00,10.7,4.019,4.019,4.019,4.019,4.019,2
2023-08-22 21:18:00,20.7,4.02,4.02,4.02,4.02,4.02,2
2023-08-22 21:25:00,500.0,4.019,4.019,4.019,4.019,4.019,1
2023-08-22 21:33:00,12.4,4.02,4.02,4.02,4.02,4.02,4
2023-08-22 21:39:00,10.0,4.019,4.019,4.019,4.019,4.019,1
2023-08-22 21:42:00,1000.0,4.01,4.01,4.01,4.01,4.01,1
2023-08-22 21:43:00,70.0,4.02,4.02,4.02,4.02,4.02,2
2023-08-22 21:44:00,52.5,4.021,4.021,4.021,4.021,4.021,1
2023-08-22 21:46:00,218.3,4.007,4.02,4.0,4.02,4.0,3
2023-08-22 21:54:00,474.3,4.024,4.024,4.024,4.024,4.024,2
2023-08-22 22:02:00,100.2,4.0,4.0,4.0,4.0,4.0,3
2023-08-22 22:04:00,10.0,4.0,4.0,4.0,4.0,4.0,1
2023-08-22 22:14:00,236.6,4.024,4.024,4.024,4.024,4.024,1
2023-08-22 22:19:00,379.8,4.0,4.0,3.999,4.0,3.999,5
2023-08-22 22:24:00,16.5,3.993,3.99,3.99,3.99,3.99,4
2023-08-22 22:27:00,14.2,3.999,3.999,3.999,3.999,3.999,2
2023-08-22 22:29:00,10.0,3.999,3.999,3.999,3.999,3.999,1
2023-08-22 22:30:00,10.0,4.0,4.0,4.0,4.0,4.0,1
2023-08-22 22:39:00,22.5,3.991,3.991,3.991,3.991,3.991,1
2023-08-22 22:40:00,50.2,3.999,3.999,3.999,3.999,3.999,2
2023-08-22 22:41:00,53.2,3.99,3.99,3.99,3.99,3.99,4
2023-08-22 22:46:00,100.0,4.0,4.0,4.0,4.0,4.0,1
2023-08-22 22:47:00,20.0,3.999,3.999,3.999,3.999,3.999,1
2023-08-22 22:49:00,11.3,3.991,3.991,3.991,3.991,3.991,1
2023-08-22 22:57:00,505.2,3.999,3.999,3.999,3.999,3.999,2
2023-08-22 23:01:00,27.0,3.998,3.999,3.999,3.999,3.999,2
2023-08-22 23:03:00,10.0,3.999,3.999,3.999,3.999,3.999,1
2023-08-22 23:05:00,14.0,3.995,3.995,3.995,3.995,3.995,1
2023-08-22 23:10:00,146.8,3.996,3.996,3.996,3.996,3.996,1
2023-08-22 23:13:00,23.6,3.999,3.999,3.999,3.999,3.999,2
2023-08-22 23:14:00,35.9,3.999,3.999,3.999,3.999,3.999,1
2023-08-22 23:15:00,54.8,3.995,3.995,3.995,3.995,3.995,2
2023-08-22 23:17:00,200.4,3.995,3.995,3.995,3.995,3.995,2
2023-08-22 23:20:00,113.6,3.995,3.996,3.995,3.996,3.995,3
2023-08-22 23:22:00,60.0,4.0,4.0,4.0,4.0,4.0,1
2023-08-22 23:24:00,24.1,3.999,3.999,3.999,3.999,3.999,2
2023-08-22 23:25:00,20.0,3.999,3.999,3.999,3.999,3.999,1
2023-08-22 23:29:00,280.0,3.995,3.995,3.995,3.995,3.995,1
2023-08-22 23:34:00,83.5,4.0,4.0,4.0,4.0,4.0,2
2023-08-22 23:49:00,43.1,4.025,4.025,4.025,4.025,4.025,2
2023-08-23 08:00:00,50.0,4.019,4.019,4.019,4.019,4.019,2
2023-08-23 08:03:00,224.9,4.019,4.019,4.018,4.019,4.018,6
2023-08-23 08:29:00,50.0,4.001,4.001,4.001,4.001,4.001,1
2023-08-23 09:38:00,19.9,4.01,4.02,4.02,4.02,4.02,2
2023-08-23 10:30:00,20.0,4.045,4.045,4.045,4.045,4.045,1
2023-08-23 11:06:00,20.0,4.045,4.045,4.045,4.045,4.045,1
2023-08-23 11:07:00,10.0,4.03,4.03,4.03,4.03,4.03,1
2023-08-23 11:20:00,10.0,4.018,4.018,4.018,4.018,4.018,1
2023-08-23 11:50:00,19.8,4.019,4.019,4.019,4.019,4.019,1
2023-08-23 12:00:00,3107.7,4.014,4.031,4.0,4.031,4.0,31
2023-08-23 12:05:00,50.0,4.019,4.019,4.019,4.019,4.019,1
2023-08-23 12:06:00,225.1,4.02,4.02,4.02,4.02,4.02,2
2023-08-23 12:08:00,165.0,4.027,4.027,4.027,4.027,4.027,3
2023-08-23 12:09:00,84.6,4.027,4.027,4.027,4.027,4.027,6
2023-08-23 12:12:00,500.0,4.019,4.019,4.019,4.019,4.019,1
2023-08-23 12:14:00,440.0,4.019,4.019,4.019,4.019,4.019,1
2023-08-23 12:15:00,61.4,4.019,4.019,4.019,4.019,4.019,6
2023-08-23 12:21:00,480.0,4.019,4.02,4.019,4.02,4.019,5
2023-08-23 12:25:00,500.0,4.019,4.019,4.019,4.019,4.019,6
2023-08-23 12:26:00,50.0,4.02,4.02,4.02,4.02,4.02,1
2023-08-23 12:33:00,35.5,4.027,4.027,4.027,4.027,4.027,1
2023-08-23 12:36:00,10.6,4.02,4.02,4.02,4.02,4.02,3
2023-08-23 12:37:00,50.0,4.025,4.024,4.025,4.025,4.024,3
2023-08-23 12:43:00,13.0,4.024,4.024,4.024,4.024,4.024,2
2023-08-23 12:52:00,53.7,4.025,4.025,4.025,4.025,4.025,2
2023-08-23 12:53:00,14.5,4.024,4.024,4.024,4.024,4.024,1
2023-08-23 12:57:00,145.0,4.019,4.019,4.019,4.019,4.019,7
2023-08-23 12:59:00,10.0,4.019,4.019,4.019,4.019,4.019,1
2023-08-23 13:02:00,500.0,4.024,4.024,4.024,4.024,4.024,1
2023-08-23 13:05:00,218.5,4.025,4.025,4.025,4.025,4.025,1
2023-08-23 13:06:00,22.9,4.024,4.025,4.025,4.025,4.025,3
2023-08-23 13:08:00,96.0,4.019,4.019,4.019,4.019,4.019,4
2023-08-23 13:09:00,185.0,4.019,4.019,4.019,4.019,4.019,3
2023-08-23 13:10:00,236.8,4.022,4.02,4.025,4.025,4.02,2
2023-08-23 13:13:00,45.9,4.024,4.024,4.025,4.025,4.024,4
2023-08-23 13:14:00,250.0,4.019,4.019,4.019,4.019,4.019,11
2023-08-23 13:15:00,104.5,4.02,4.02,4.02,4.02,4.02,2
2023-08-23 13:16:00,18.1,4.024,4.024,4.024,4.024,4.024,3
2023-08-23 13:22:00,781.1,4.019,4.019,4.019,4.019,4.019,13
2023-08-23 13:23:00,500.0,4.019,4.019,4.019,4.019,4.019,4
2023-08-23 13:25:00,700.2,4.019,4.02,4.019,4.02,4.019,4
2023-08-23 13:28:00,17.0,4.02,4.02,4.02,4.02,4.02,3
2023-08-23 13:29:00,202.6,4.019,4.019,4.019,4.019,4.019,5
2023-08-23 13:30:00,7835.2,4.002,4.0,4.0045,4.019,4.0,38
2023-08-23 13:31:00,778.0,3.999,4.018,4.01,4.018,3.99,35
2023-08-23 13:32:00,3696.7,3.996,3.997,3.98,4.0,3.98,19
2023-08-23 13:33:00,8249.6,3.967,3.98,3.95,3.998,3.95,93
2023-08-23 13:34:00,1075.1,3.969,3.95,3.96,3.987,3.95,38
2023-08-23 13:35:00,2081.2,3.985,3.987,3.97,3.987,3.955,18
2023-08-23 13:36:00,7572.5,3.956,3.969,3.943,3.987,3.942,48
2023-08-23 13:37:00,2146.2,3.933,3.942,3.935,3.949,3.923,22
2023-08-23 13:38:00,14476.1,3.936,3.929,3.948,3.949,3.925,39
2023-08-23 13:39:00,580.1,3.941,3.939,3.948,3.949,3.93,18
2023-08-23 13:40:00,4196.7,3.935,3.939,3.9395,3.949,3.93,28
2023-08-23 13:41:00,13870.2,3.933,3.931,3.915,3.949,3.915,109
2023-08-23 13:42:00,6897.2,3.92,3.92,3.9315,3.932,3.916,74
2023-08-23 13:43:00,2744.7,3.931,3.931,3.932,3.932,3.925,25
2023-08-23 13:44:00,5668.6,3.93,3.927,3.92,3.932,3.92,34
2023-08-23 13:45:00,4757.3,3.931,3.92,3.941,3.942,3.92,65
2023-08-23 13:46:00,602.8,3.941,3.942,3.942,3.942,3.9315,19
2023-08-23 13:47:00,1429.1,3.935,3.942,3.941,3.942,3.921,24
2023-08-23 13:48:00,819.8,3.936,3.9315,3.9365,3.94,3.9315,18
2023-08-23 13:49:00,1195.5,3.937,3.937,3.932,3.941,3.932,33
2023-08-23 13:50:00,492.3,3.94,3.941,3.939,3.941,3.939,22
2023-08-23 13:51:00,1579.5,3.945,3.941,3.949,3.955,3.94,48
2023-08-23 13:52:00,404.6,3.953,3.943,3.959,3.959,3.943,21
2023-08-23 13:53:00,2333.3,3.961,3.987,3.961,3.987,3.96,58
2023-08-23 13:54:00,675.2,3.962,3.9617,3.9612,3.962,3.961,24
2023-08-23 13:55:00,10025.8,3.977,3.961,3.982,3.983,3.961,106
2023-08-23 13:56:00,4859.5,3.985,3.983,3.993,3.993,3.982,65
2023-08-23 13:57:00,1150.6,3.992,3.993,3.99,3.993,3.99,17
2023-08-23 13:58:00,5354.3,4.0,3.993,4.01,4.01,3.99,69
2023-08-23 13:59:00,1460.2,4.013,4.014,4.019,4.019,4.01,27
2023-08-23 14:00:00,13656.7,3.995,4.019,3.9801,4.019,3.98,102
2023-08-23 14:01:00,6543.0,3.981,3.98,3.985,3.9855,3.98,21
2023-08-23 14:02:00,3278.9,3.99,3.989,3.993,3.993,3.989,31
2023-08-23 14:03:00,4197.5,3.996,3.993,3.997,3.997,3.993,30
2023-08-23 14:04:00,1908.0,3.997,3.998,3.997,3.998,3.997,16
2023-08-23 14:05:00,2997.2,3.997,3.998,3.997,3.998,3.993,17
2023-08-23 14:06:00,9009.6,3.998,3.997,3.998,4.0,3.993,40
2023-08-23 14:07:00,12819.7,4.001,3.998,4.0045,4.009,3.998,69
2023-08-23 14:08:00,605.0,4.004,4.008,4.009,4.009,4.001,12
2023-08-23 14:09:00,3206.1,4.001,4.004,4.001,4.009,4.0,20
2023-08-23 14:10:00,3272.6,4.001,4.001,4.002,4.002,4.0,28
2023-08-23 14:11:00,8960.7,4.001,4.001,4.001,4.002,4.0,33
2023-08-23 14:12:00,13195.2,4.009,4.001,4.013,4.015,4.0,145
2023-08-23 14:13:00,8105.3,4.014,4.015,4.014,4.015,4.014,40
2023-08-23 14:14:00,9211.0,4.015,4.015,4.014,4.015,4.014,52
2023-08-23 14:15:00,25852.0,3.996,4.015,3.982,4.015,3.98,127
2023-08-23 14:16:00,475.0,3.988,3.999,3.986,3.999,3.986,9
2023-08-23 14:17:00,221.0,3.985,3.986,3.985,3.986,3.983,19
2023-08-23 14:18:00,3410.4,3.974,3.985,3.984,3.985,3.966,13
2023-08-23 14:19:00,897.4,3.985,3.985,3.984,3.985,3.984,21
2023-08-23 14:20:00,359.3,3.984,3.985,3.985,3.985,3.984,14
2023-08-23 14:21:00,73.1,3.986,3.986,3.986,3.986,3.985,9
2023-08-23 14:22:00,679.9,3.986,3.986,3.986,3.986,3.985,21
2023-08-23 14:23:00,180.6,3.985,3.985,3.985,3.986,3.985,8
2023-08-23 14:24:00,344.1,3.989,3.985,3.999,3.999,3.985,20
2023-08-23 14:25:00,78.1,3.997,3.999,3.995,3.999,3.995,7
2023-08-23 14:26:00,354.2,3.998,3.9934,3.999,3.999,3.991,15
2023-08-23 14:27:00,87.2,3.995,3.995,3.995,3.995,3.994,10
2023-08-23 14:28:00,719.3,3.991,3.993,3.993,3.993,3.991,11
2023-08-23 14:29:00,381.5,3.992,3.993,3.991,3.993,3.991,11
2023-08-23 14:30:00,576.6,3.992,3.9915,3.993,3.993,3.9915,19
2023-08-23 14:31:00,150.0,3.993,3.993,3.993,3.993,3.992,7
2023-08-23 14:32:00,533.1,3.993,3.9929,3.993,3.993,3.9929,7
2023-08-23 14:33:00,334.8,3.992,3.992,3.993,3.993,3.991,13
2023-08-23 14:34:00,755.4,3.993,3.993,3.993,3.993,3.992,14
2023-08-23 14:35:00,727.3,3.993,3.993,3.993,3.993,3.991,19
2023-08-23 14:36:00,2216.7,3.988,3.992,3.989,3.992,3.985,20
2023-08-23 14:37:00,2859.8,3.987,3.989,3.991,3.992,3.985,22
2023-08-23 14:38:00,1219.9,3.993,3.991,3.993,3.993,3.991,15
2023-08-23 14:39:00,921.0,3.991,3.991,3.993,3.993,3.99,11
2023-08-23 14:40:00,2360.7,3.99,3.99,3.993,3.993,3.99,18
2023-08-23 14:41:00,1569.9,3.992,3.993,3.993,3.993,3.992,16
2023-08-23 14:42:00,7169.4,3.981,3.993,3.966,3.993,3.966,37
2023-08-23 14:43:00,4035.2,3.987,3.99,3.973,3.991,3.973,13
2023-08-23 14:44:00,67.8,3.991,3.99,3.991,3.991,3.99,9
2023-08-23 14:45:00,120.0,3.986,3.967,3.989,3.989,3.967,5
2023-08-23 14:46:00,123.0,3.988,3.989,3.989,3.989,3.989,6
2023-08-23 14:47:00,1074.7,3.989,3.988,3.989,3.989,3.988,24
2023-08-23 14:48:00,79.5,3.989,3.989,3.989,3.989,3.988,11
2023-08-23 14:49:00,98.4,3.989,3.989,3.989,3.989,3.989,12
2023-08-23 14:50:00,730.2,3.989,3.989,3.989,3.989,3.988,27
2023-08-23 14:51:00,1010.9,3.989,3.989,3.989,3.989,3.988,23
2023-08-23 14:52:00,221.4,3.988,3.989,3.989,3.989,3.988,11
2023-08-23 14:53:00,264.6,3.988,3.989,3.988,3.989,3.988,11
2023-08-23 14:54:00,487.3,3.989,3.989,3.989,3.989,3.9885,22
2023-08-23 14:55:00,590.0,3.988,3.989,3.989,3.989,3.988,12
2023-08-23 14:56:00,387.0,3.988,3.989,3.988,3.989,3.988,14
2023-08-23 14:57:00,807.8,3.989,3.988,3.989,3.989,3.988,20
2023-08-23 14:58:00,2082.1,3.989,3.988,3.9895,3.9895,3.988,69
2023-08-23 14:59:00,2002.3,3.989,3.989,3.989,3.989,3.989,8
2023-08-23 15:00:00,3096.9,3.99,3.989,3.989,3.99,3.989,25
2023-08-23 15:01:00,8144.2,3.989,3.989,3.988,3.99,3.988,33
2023-08-23 15:02:00,1249.3,3.982,3.987,3.967,3.987,3.967,13
2023-08-23 15:03:00,1023.9,3.97,3.969,3.967,3.985,3.967,17
2023-08-23 15:04:00,267.6,3.979,3.984,3.976,3.985,3.969,8
2023-08-23 15:05:00,1504.8,3.985,3.985,3.984,3.985,3.984,32
2023-08-23 15:06:00,3276.9,3.982,3.9845,3.985,3.985,3.966,29
2023-08-23 15:07:00,267.1,3.977,3.9755,3.966,3.985,3.966,7
2023-08-23 15:08:00,990.7,3.98,3.98,3.975,3.98,3.97,5
2023-08-23 15:09:00,974.6,3.971,3.966,3.97,3.979,3.966,21
2023-08-23 15:10:00,868.1,3.969,3.969,3.966,3.969,3.966,11
2023-08-23 15:11:00,987.8,3.968,3.968,3.97,3.97,3.966,12
2023-08-23 15:12:00,2698.5,3.97,3.97,3.97,3.97,3.968,36
2023-08-23 15:13:00,5686.8,3.972,3.97,3.976,3.976,3.969,300
2023-08-23 15:14:00,8090.0,3.984,3.976,3.988,3.989,3.976,70
2023-08-23 15:15:00,5819.3,3.997,3.989,4.018,4.018,3.989,66
2023-08-23 15:16:00,966.9,4.019,4.019,4.02,4.02,4.017,31
2023-08-23 15:17:00,428.6,4.011,4.02,4.001,4.02,4.001,16
2023-08-23 15:18:00,290.0,4.019,4.02,4.02,4.02,4.018,14
2023-08-23 15:19:00,385.8,4.016,4.02,4.02,4.02,4.0105,15
2023-08-23 15:20:00,826.3,4.02,4.02,4.02,4.02,4.0105,19
2023-08-23 15:21:00,4012.9,4.007,4.02,4.02,4.02,4.001,21
2023-08-23 15:22:00,599.7,4.02,4.02,4.02,4.02,4.02,19
2023-08-23 15:23:00,6203.6,4.035,4.02,4.059,4.066,4.02,72
2023-08-23 15:24:00,604.5,4.059,4.032,4.07,4.07,4.032,24
2023-08-23 15:25:00,404.9,4.062,4.032,4.064,4.07,4.032,7
2023-08-23 15:26:00,2543.4,4.06,4.07,4.059,4.07,4.058,19
2023-08-23 15:27:00,1122.7,4.073,4.07,4.0945,4.099,4.064,27
2023-08-23 15:28:00,3742.5,4.092,4.091,4.089,4.095,4.089,26
2023-08-23 15:29:00,1912.6,4.078,4.094,4.088,4.094,4.075,38
2023-08-23 15:30:00,4803.5,4.078,4.08,4.099,4.099,4.0713,39
2023-08-23 15:31:00,102.2,4.084,4.084,4.084,4.084,4.084,2
2023-08-23 15:32:00,3446.1,4.087,4.096,4.096,4.096,4.073,23
2023-08-23 15:33:00,252.1,4.094,4.089,4.0935,4.096,4.089,12
2023-08-23 15:34:00,1016.2,4.095,4.096,4.096,4.096,4.092,23
2023-08-23 15:35:00,4089.5,4.094,4.096,4.095,4.096,4.092,57
2023-08-23 15:36:00,3757.0,4.092,4.0921,4.091,4.093,4.091,55
2023-08-23 15:37:00,6348.8,4.088,4.0911,4.0676,4.092,4.062,41
2023-08-23 15:38:00,6157.4,4.068,4.063,4.081,4.082,4.063,48
2023-08-23 15:39:00,998.2,4.081,4.081,4.081,4.083,4.081,10
2023-08-23 15:41:00,255.0,4.082,4.081,4.083,4.083,4.081,10
2023-08-23 15:42:00,1048.5,4.086,4.083,4.09,4.091,4.082,18
2023-08-23 15:43:00,550.7,4.087,4.091,4.087,4.091,4.084,11
2023-08-23 15:44:00,6045.1,4.099,4.083,4.1,4.1,4.083,22
2023-08-23 15:45:00,2389.7,4.095,4.092,4.099,4.1,4.092,19
2023-08-23 15:46:00,1219.7,4.099,4.1,4.1,4.1,4.098,16
2023-08-23 15:47:00,5940.2,4.104,4.092,4.112,4.116,4.092,49
2023-08-23 15:48:00,2967.5,4.113,4.112,4.117,4.117,4.106,41
2023-08-23 15:49:00,6291.6,4.132,4.112,4.139,4.14,4.112,50
2023-08-23 15:50:00,1277.0,4.129,4.14,4.14,4.14,4.114,15
2023-08-23 15:51:00,2529.4,4.125,4.14,4.132,4.14,4.12,25
2023-08-23 15:52:00,1030.2,4.136,4.126,4.14,4.14,4.126,15
2023-08-23 15:53:00,1129.1,4.129,4.1325,4.126,4.14,4.126,22
2023-08-23 15:54:00,2672.2,4.134,4.135,4.134,4.135,4.125,23
2023-08-23 15:55:00,55.8,4.134,4.134,4.134,4.134,4.134,15
2023-08-23 15:56:00,491.2,4.132,4.134,4.132,4.135,4.131,16
2023-08-23 15:57:00,506.4,4.132,4.133,4.133,4.134,4.131,11
2023-08-23 15:58:00,6314.1,4.132,4.134,4.131,4.135,4.131,19
2023-08-23 15:59:00,3481.5,4.13,4.13,4.13,4.131,4.13,17
2023-08-23 16:00:00,156.0,4.131,4.131,4.131,4.131,4.13,13
2023-08-23 16:01:00,2282.2,4.134,4.13,4.139,4.14,4.13,38
2023-08-23 16:02:00,401.6,4.134,4.139,4.135,4.139,4.131,8
2023-08-23 16:03:00,1728.1,4.134,4.135,4.135,4.135,4.132,10
2023-08-23 16:04:00,14701.3,4.111,4.133,4.106,4.133,4.105,55
2023-08-23 16:05:00,1511.2,4.106,4.106,4.102,4.108,4.1,22
2023-08-23 16:06:00,1106.9,4.1,4.104,4.1,4.104,4.1,23
2023-08-23 16:07:00,2912.8,4.094,4.098,4.097,4.098,4.092,7
2023-08-23 16:08:00,229.8,4.093,4.092,4.097,4.097,4.092,4
2023-08-23 16:09:00,1406.6,4.095,4.095,4.092,4.097,4.092,9
2023-08-23 16:10:00,352.4,4.093,4.093,4.094,4.094,4.093,7
2023-08-23 16:11:00,1135.0,4.092,4.092,4.0925,4.0925,4.092,22
2023-08-23 16:12:00,253.1,4.092,4.0925,4.0925,4.0925,4.092,5
2023-08-23 16:13:00,1147.4,4.093,4.093,4.093,4.093,4.093,18
2023-08-23 16:14:00,5258.2,4.094,4.093,4.097,4.097,4.092,29
2023-08-23 16:15:00,2507.1,4.1,4.096,4.11,4.11,4.096,22
2023-08-23 16:16:00,1085.3,4.109,4.11,4.11,4.11,4.105,15
2023-08-23 16:17:00,2241.8,4.109,4.105,4.128,4.128,4.105,17
2023-08-23 16:18:00,6026.8,4.108,4.122,4.096,4.129,4.096,62
2023-08-23 16:19:00,6478.9,4.096,4.096,4.0975,4.1,4.095,26
2023-08-23 16:20:00,1685.4,4.097,4.1,4.1,4.1,4.096,5
2023-08-23 16:21:00,1976.9,4.097,4.099,4.096,4.099,4.095,11
2023-08-23 16:22:00,11971.5,4.095,4.099,4.085,4.1,4.0801,83
2023-08-23 16:23:00,2068.2,4.085,4.081,4.095,4.095,4.08,30
2023-08-23 16:24:00,120.0,4.095,4.095,4.095,4.096,4.095,3
2023-08-23 16:25:00,25.1,4.097,4.0975,4.0975,4.0975,4.0975,3
2023-08-23 16:26:00,190.3,4.097,4.095,4.0961,4.1,4.095,7
2023-08-23 16:27:00,26.0,4.096,4.096,4.096,4.096,4.096,3
2023-08-23 16:28:00,76.8,4.096,4.096,4.096,4.096,4.096,4
2023-08-23 16:29:00,495.5,4.094,4.096,4.094,4.096,4.094,13
2023-08-23 16:30:00,503.3,4.085,4.081,4.087,4.087,4.081,7
2023-08-23 16:31:00,105.0,4.081,4.08,4.08,4.08,4.08,2
2023-08-23 16:32:00,269.3,4.089,4.087,4.08,4.094,4.08,8
2023-08-23 16:33:00,2600.1,4.08,4.08,4.087,4.087,4.08,8
2023-08-23 16:34:00,2357.9,4.081,4.087,4.087,4.093,4.08,11
2023-08-23 16:35:00,50.2,4.086,4.08,4.093,4.093,4.08,7
2023-08-23 16:36:00,105.4,4.093,4.093,4.0921,4.093,4.0921,3
2023-08-23 16:37:00,150.2,4.093,4.093,4.081,4.1,4.081,11
2023-08-23 16:38:00,21.6,4.093,4.093,4.093,4.093,4.093,3
2023-08-23 16:39:00,168.5,4.092,4.094,4.0875,4.094,4.0875,11
2023-08-23 16:40:00,31.9,4.093,4.094,4.094,4.094,4.094,7
2023-08-23 16:41:00,90.0,4.093,4.094,4.094,4.094,4.093,8
2023-08-23 16:42:00,311.5,4.085,4.094,4.093,4.094,4.081,16
2023-08-23 16:43:00,144.0,4.086,4.094,4.082,4.094,4.082,14
2023-08-23 16:44:00,1774.7,4.098,4.097,4.097,4.1,4.081,19
2023-08-23 16:45:00,46.7,4.096,4.097,4.097,4.097,4.097,6
2023-08-23 16:46:00,140.0,4.093,4.097,4.097,4.097,4.091,4
2023-08-23 16:47:00,40.6,4.097,4.097,4.097,4.097,4.097,6
2023-08-23 16:48:00,106.1,4.096,4.097,4.097,4.097,4.096,9
2023-08-23 16:49:00,312.7,4.093,4.09,4.097,4.097,4.09,12
2023-08-23 16:50:00,49.8,4.096,4.097,4.097,4.097,4.097,6
2023-08-23 16:51:00,320.0,4.096,4.097,4.09,4.097,4.09,10
2023-08-23 16:52:00,790.4,4.099,4.1,4.1,4.1,4.099,7
2023-08-23 16:53:00,891.3,4.091,4.1,4.099,4.1,4.091,9
2023-08-23 16:54:00,69.0,4.098,4.099,4.099,4.099,4.098,8
2023-08-23 16:55:00,5127.6,4.091,4.099,4.099,4.099,4.091,17
2023-08-23 16:57:00,442.5,4.096,4.09,4.099,4.099,4.09,9
2023-08-23 16:58:00,59.5,4.099,4.099,4.099,4.099,4.098,10
2023-08-23 16:59:00,516.3,4.097,4.097,4.099,4.099,4.091,12
2023-08-23 17:00:00,2343.1,4.091,4.09,4.099,4.099,4.09,13
2023-08-23 17:01:00,237.2,4.095,4.099,4.099,4.099,4.094,10
2023-08-23 17:02:00,131.4,4.095,4.099,4.094,4.099,4.094,6
2023-08-23 17:03:00,68.1,4.098,4.099,4.099,4.099,4.098,10
2023-08-23 17:04:00,146.2,4.098,4.099,4.099,4.099,4.097,9
2023-08-23 17:05:00,87.6,4.098,4.1,4.097,4.1,4.097,10
2023-08-23 17:06:00,230.0,4.094,4.097,4.097,4.097,4.093,4
2023-08-23 17:07:00,168.6,4.097,4.0969,4.097,4.097,4.0969,13
2023-08-23 17:08:00,552.3,4.095,4.096,4.096,4.097,4.091,9
2023-08-23 17:09:00,1575.0,4.092,4.097,4.09,4.097,4.09,21
2023-08-23 17:11:00,72.1,4.095,4.096,4.0935,4.096,4.0935,6
2023-08-23 17:12:00,58.0,4.091,4.091,4.091,4.091,4.091,2
2023-08-23 17:13:00,62.5,4.091,4.091,4.091,4.091,4.091,3
2023-08-23 17:14:00,102.2,4.091,4.091,4.091,4.091,4.091,8
2023-08-23 17:15:00,233.1,4.09,4.0905,4.091,4.091,4.09,15
2023-08-23 17:16:00,961.1,4.091,4.091,4.091,4.1,4.09,20
2023-08-23 17:17:00,840.6,4.09,4.09,4.091,4.091,4.09,22
2023-08-23 17:18:00,195.5,4.09,4.091,4.091,4.091,4.09,5
2023-08-23 17:19:00,766.3,4.091,4.091,4.091,4.091,4.091,12
2023-08-23 17:20:00,467.8,4.09,4.091,4.09,4.091,4.09,21
2023-08-23 17:22:00,21.4,4.091,4.091,4.091,4.091,4.091,3
2023-08-23 17:23:00,405.3,4.091,4.09,4.091,4.091,4.09,12
2023-08-23 17:24:00,63.5,4.091,4.091,4.09,4.091,4.09,7
2023-08-23 17:25:00,155.6,4.09,4.091,4.0902,4.091,4.09,6
2023-08-23 17:26:00,61.1,4.09,4.09,4.09,4.09,4.09,4
2023-08-23 17:27:00,257.0,4.09,4.09,4.091,4.091,4.089,14
2023-08-23 17:28:00,543.2,4.091,4.091,4.0907,4.091,4.09,19
2023-08-23 17:29:00,253.4,4.091,4.09,4.091,4.091,4.09,11
2023-08-23 17:30:00,191.7,4.09,4.091,4.091,4.091,4.09,8
2023-08-23 17:31:00,106.8,4.09,4.09,4.091,4.091,4.09,8
2023-08-23 17:32:00,124.7,4.091,4.091,4.091,4.091,4.091,11
2023-08-23 17:33:00,308.6,4.089,4.091,4.089,4.091,4.089,10
2023-08-23 17:34:00,313.7,4.09,4.091,4.091,4.091,4.09,8
2023-08-23 17:35:00,543.0,4.096,4.091,4.1,4.1,4.09,10
2023-08-23 17:36:00,6594.5,4.1,4.1,4.1,4.1,4.1,26
2023-08-23 17:37:00,1142.8,4.098,4.1,4.0965,4.1,4.093,8
2023-08-23 17:39:00,980.0,4.1,4.1,4.094,4.1,4.094,16
2023-08-23 17:40:00,275.4,4.099,4.1,4.099,4.1,4.0965,9
2023-08-23 17:41:00,57.8,4.1,4.1,4.1,4.1,4.099,8
2023-08-23 17:42:00,39.0,4.098,4.1,4.1,4.1,4.1,6
2023-08-23 17:43:00,55.5,4.1,4.1,4.1,4.1,4.099,10
2023-08-23 17:44:00,526.1,4.097,4.1,4.1,4.1,4.096,17
2023-08-23 17:45:00,179.5,4.099,4.0994,4.1,4.1,4.097,12
2023-08-23 17:46:00,747.0,4.099,4.1,4.1,4.1,4.0975,8
2023-08-23 17:47:00,150.8,4.099,4.099,4.099,4.1,4.099,8
2023-08-23 17:48:00,1115.9,4.096,4.1,4.096,4.1,4.095,10
2023-08-23 17:49:00,71.4,4.098,4.0975,4.099,4.1,4.0975,4
2023-08-23 17:50:00,518.1,4.099,4.099,4.1,4.1,4.099,5
2023-08-23 17:51:00,2463.0,4.1,4.1,4.1,4.1,4.099,9
2023-08-23 17:52:00,5346.3,4.1,4.099,4.1,4.1,4.099,17
2023-08-23 17:53:00,134.6,4.099,4.098,4.1,4.1,4.098,10
2023-08-23 17:54:00,8865.4,4.1,4.1,4.099,4.101,4.099,70
2023-08-23 17:55:00,5564.7,4.1,4.1,4.1,4.1,4.099,61
2023-08-23 17:56:00,228.1,4.126,4.12,4.126,4.126,4.12,9
2023-08-23 17:58:00,18.9,4.126,4.126,4.126,4.126,4.126,2
2023-08-23 17:59:00,597.4,4.114,4.119,4.12,4.12,4.112,12
2023-08-23 18:00:00,30.0,4.123,4.122,4.124,4.124,4.122,2
2023-08-23 18:01:00,283.0,4.126,4.126,4.126,4.126,4.125,12
2023-08-23 18:02:00,359.4,4.13,4.126,4.136,4.137,4.126,8
2023-08-23 18:03:00,109.0,4.136,4.137,4.137,4.137,4.137,10
2023-08-23 18:04:00,108.0,4.135,4.1328,4.137,4.137,4.1328,7
2023-08-23 18:05:00,240.3,4.136,4.137,4.137,4.137,4.136,6
2023-08-23 18:06:00,1618.2,4.135,4.137,4.137,4.137,4.132,10
2023-08-23 18:07:00,7357.4,4.134,4.137,4.137,4.137,4.132,19
2023-08-23 18:08:00,3618.0,4.134,4.137,4.135,4.137,4.133,18
2023-08-23 18:09:00,4867.1,4.132,4.134,4.134,4.134,4.127,36
2023-08-23 18:10:00,85.6,4.132,4.134,4.134,4.134,4.134,9
2023-08-23 18:12:00,45.6,4.115,4.111,4.1158,4.1158,4.111,5
2023-08-23 18:13:00,144.7,4.122,4.127,4.111,4.127,4.111,7
2023-08-23 18:14:00,1007.8,4.112,4.111,4.112,4.112,4.111,6
2023-08-23 18:15:00,107.4,4.112,4.112,4.112,4.112,4.112,6
2023-08-23 18:16:00,10.0,4.12,4.12,4.12,4.12,4.12,1
2023-08-23 18:17:00,45.0,4.12,4.12,4.12,4.12,4.12,5
2023-08-23 18:18:00,86.3,4.118,4.12,4.12,4.12,4.113,7
2023-08-23 18:19:00,1264.3,4.12,4.12,4.12,4.12,4.12,13
2023-08-23 18:20:00,140.0,4.121,4.12,4.121,4.122,4.12,5
2023-08-23 18:21:00,104.9,4.121,4.121,4.122,4.122,4.121,8
2023-08-23 18:22:00,1012.2,4.121,4.122,4.122,4.122,4.1213,9
2023-08-23 18:23:00,298.5,4.121,4.122,4.119,4.125,4.113,9
2023-08-23 18:24:00,30.0,4.119,4.119,4.119,4.119,4.119,1
2023-08-23 18:25:00,39.2,4.125,4.125,4.125,4.125,4.125,4
2023-08-23 18:26:00,819.1,4.12,4.125,4.125,4.125,4.12,7
2023-08-23 18:27:00,645.0,4.12,4.12,4.119,4.122,4.119,6
2023-08-23 18:28:00,3321.5,4.117,4.119,4.125,4.125,4.116,39
2023-08-23 18:29:00,6950.8,4.134,4.127,4.135,4.139,4.127,54
2023-08-23 18:30:00,256.1,4.135,4.138,4.131,4.138,4.131,8
2023-08-23 18:31:00,30.8,4.13,4.13,4.13,4.13,4.13,7
2023-08-23 18:32:00,535.0,4.138,4.139,4.138,4.139,4.138,5
2023-08-23 18:33:00,67.8,4.136,4.136,4.1375,4.1375,4.136,6
2023-08-23 18:34:00,543.1,4.137,4.138,4.137,4.138,4.137,9
2023-08-23 18:36:00,194.4,4.138,4.139,4.14,4.14,4.1365,9
2023-08-23 18:37:00,292.0,4.138,4.137,4.138,4.14,4.137,9
2023-08-23 18:38:00,287.1,4.137,4.137,4.1382,4.1382,4.137,10
2023-08-23 18:39:00,335.0,4.138,4.14,4.1383,4.14,4.137,9
2023-08-23 18:40:00,80.1,4.138,4.138,4.1384,4.1384,4.138,9
2023-08-23 18:41:00,397.0,4.138,4.138,4.14,4.14,4.137,15
2023-08-23 18:42:00,110.0,4.137,4.137,4.137,4.137,4.137,7
2023-08-23 18:43:00,13.1,4.137,4.137,4.137,4.137,4.137,2
2023-08-23 18:44:00,1551.5,4.139,4.139,4.137,4.14,4.137,18
2023-08-23 18:45:00,130.2,4.138,4.138,4.1385,4.1385,4.138,5
2023-08-23 18:46:00,369.7,4.14,4.14,4.14,4.14,4.14,8
2023-08-23 18:47:00,1004.5,4.138,4.139,4.138,4.139,4.138,7
2023-08-23 18:48:00,671.3,4.138,4.14,4.138,4.14,4.138,10
2023-08-23 18:49:00,469.9,4.139,4.139,4.14,4.14,4.139,10
2023-08-23 18:50:00,956.4,4.139,4.139,4.139,4.14,4.138,10
2023-08-23 18:52:00,460.5,4.139,4.139,4.138,4.139,4.138,8
2023-08-23 18:53:00,308.1,4.138,4.139,4.138,4.139,4.138,7
2023-08-23 18:54:00,62.0,4.139,4.139,4.139,4.139,4.139,5
2023-08-23 18:55:00,342.1,4.139,4.139,4.139,4.139,4.138,8
2023-08-23 18:56:00,420.3,4.139,4.139,4.138,4.139,4.138,7
2023-08-23 18:57:00,724.4,4.138,4.139,4.137,4.139,4.137,21
2023-08-23 18:58:00,808.8,4.138,4.137,4.137,4.138,4.137,18
2023-08-23 18:59:00,7235.6,4.135,4.137,4.134,4.137,4.134,55
2023-08-23 19:00:00,1624.3,4.116,4.121,4.11,4.134,4.11,32
2023-08-23 19:01:00,7571.5,4.131,4.122,4.11,4.133,4.11,14
2023-08-23 19:02:00,98.3,4.111,4.1102,4.111,4.111,4.1102,2
2023-08-23 19:03:00,225.0,4.122,4.12,4.129,4.129,4.12,3
2023-08-23 19:04:00,546.8,4.12,4.1201,4.12,4.1201,4.12,8
2023-08-23 19:05:00,114.9,4.12,4.12,4.12,4.12,4.12,5
2023-08-23 19:06:00,56.0,4.128,4.129,4.129,4.129,4.129,13
2023-08-23 19:07:00,66.5,4.127,4.129,4.129,4.129,4.121,7
2023-08-23 19:08:00,1579.3,4.122,4.1201,4.129,4.129,4.12,15
2023-08-23 19:09:00,477.6,4.125,4.129,4.1245,4.129,4.1245,12
2023-08-23 19:10:00,602.2,4.125,4.129,4.121,4.129,4.121,14
2023-08-23 19:11:00,517.0,4.125,4.129,4.125,4.129,4.12,13
2023-08-23 19:12:00,823.3,4.121,4.125,4.1224,4.125,4.12,19
2023-08-23 19:14:00,165.3,4.122,4.125,4.125,4.125,4.12,8
2023-08-23 19:15:00,446.5,4.121,4.125,4.121,4.125,4.12,11
2023-08-23 19:16:00,6059.2,4.12,4.123,4.12,4.123,4.12,14
2023-08-23 19:17:00,313.1,4.121,4.12,4.12,4.121,4.12,6
2023-08-23 19:18:00,152.9,4.12,4.1201,4.12,4.1201,4.12,8
2023-08-23 19:19:00,441.1,4.12,4.121,4.12,4.121,4.12,19
2023-08-23 19:20:00,150.8,4.121,4.121,4.12,4.121,4.12,5
2023-08-23 19:22:00,150.0,4.12,4.121,4.12,4.121,4.12,5
2023-08-23 19:23:00,250.1,4.121,4.121,4.121,4.121,4.121,6
2023-08-23 19:24:00,1074.0,4.121,4.121,4.121,4.125,4.12,19
2023-08-23 19:25:00,403.8,4.121,4.121,4.121,4.121,4.12,31
2023-08-23 19:26:00,2813.5,4.121,4.121,4.125,4.125,4.12,37
2023-08-23 19:27:00,10733.1,4.124,4.125,4.125,4.127,4.122,53
2023-08-23 19:28:00,1051.0,4.125,4.125,4.125,4.125,4.122,35
2023-08-23 19:29:00,597.9,4.127,4.125,4.129,4.129,4.123,28
2023-08-23 19:30:00,1608.1,4.124,4.129,4.13,4.13,4.122,26
2023-08-23 19:31:00,1369.0,4.13,4.13,4.13,4.13,4.128,28
2023-08-23 19:32:00,3956.4,4.137,4.13,4.15,4.15,4.13,55
2023-08-23 19:33:00,3816.9,4.173,4.15,4.196,4.196,4.147,51
2023-08-23 19:34:00,100.5,4.194,4.199,4.19,4.199,4.19,10
2023-08-23 19:35:00,9560.7,4.204,4.183,4.242,4.242,4.183,124
2023-08-23 19:36:00,5192.5,4.235,4.242,4.216,4.25,4.216,42
2023-08-23 19:37:00,1618.8,4.23,4.2332,4.221,4.235,4.217,22
2023-08-23 19:38:00,1602.8,4.222,4.224,4.235,4.235,4.218,29
2023-08-23 19:39:00,13693.7,4.216,4.218,4.224,4.226,4.205,55
2023-08-23 19:40:00,551.9,4.221,4.23,4.23,4.23,4.201,20
2023-08-23 19:41:00,383.7,4.215,4.215,4.214,4.215,4.202,7
2023-08-23 19:42:00,3596.3,4.201,4.209,4.195,4.21,4.195,40
2023-08-23 19:43:00,194.8,4.195,4.198,4.196,4.198,4.193,16
2023-08-23 19:44:00,262.9,4.198,4.196,4.195,4.2,4.194,21
2023-08-23 19:45:00,5279.3,4.197,4.195,4.2,4.2,4.195,112
2023-08-23 19:46:00,8945.6,4.217,4.2,4.207,4.23,4.198,104
2023-08-23 19:47:00,10870.8,4.207,4.229,4.201,4.229,4.201,26
2023-08-23 19:48:00,647.3,4.213,4.214,4.205,4.214,4.201,11
2023-08-23 19:49:00,998.2,4.201,4.205,4.196,4.205,4.196,33
2023-08-23 19:50:00,1980.3,4.161,4.196,4.15,4.2,4.15,38
2023-08-23 19:51:00,372.0,4.166,4.177,4.161,4.178,4.161,20
2023-08-23 19:52:00,6257.5,4.161,4.173,4.161,4.175,4.161,32
2023-08-23 19:53:00,1255.8,4.163,4.161,4.165,4.165,4.161,17
2023-08-23 19:54:00,8229.4,4.164,4.165,4.168,4.17,4.162,81
2023-08-23 19:55:00,515.1,4.173,4.168,4.172,4.175,4.168,28
2023-08-23 19:56:00,3472.7,4.17,4.175,4.162,4.179,4.161,57
2023-08-23 19:57:00,7847.3,4.165,4.179,4.16,4.179,4.16,33
2023-08-23 19:58:00,1037.8,4.15,4.16,4.178,4.178,4.138,35
2023-08-23 19:59:00,7810.1,4.155,4.168,4.17,4.17,4.143,80
2023-08-23 20:01:00,113.4,4.171,4.172,4.172,4.172,4.172,3
2023-08-23 20:02:00,650.0,4.172,4.172,4.172,4.172,4.172,3
2023-08-23 20:03:00,350.4,4.172,4.171,4.172,4.172,4.171,3
2023-08-23 20:04:00,51.1,4.146,4.145,4.145,4.145,4.145,2
2023-08-23 20:05:00,150.0,4.172,4.172,4.172,4.172,4.172,1
2023-08-23 20:07:00,10.4,4.142,4.142,4.142,4.142,4.142,1
2023-08-23 20:09:00,10.3,4.143,4.143,4.143,4.143,4.143,2
2023-08-23 20:10:00,52.0,4.172,4.172,4.172,4.172,4.172,3
2023-08-23 20:11:00,10.0,4.142,4.142,4.142,4.142,4.142,1
2023-08-23 20:14:00,187.6,4.121,4.121,4.12,4.121,4.12,4
2023-08-23 20:15:00,10.0,4.17,4.17,4.17,4.17,4.17,1
2023-08-23 20:20:00,303.5,4.122,4.121,4.121,4.121,4.121,2
2023-08-23 20:21:00,159.8,4.125,4.122,4.17,4.17,4.122,3
2023-08-23 20:22:00,69.4,4.121,4.121,4.121,4.121,4.121,1
2023-08-23 20:24:00,200.0,4.17,4.17,4.17,4.17,4.17,1
2023-08-23 20:28:00,442.4,4.125,4.125,4.125,4.125,4.125,1
2023-08-23 20:30:00,55.4,4.17,4.17,4.17,4.17,4.17,3
2023-08-23 20:32:00,69.9,4.131,4.125,4.125,4.125,4.125,2
2023-08-23 20:34:00,73.5,4.172,4.172,4.172,4.172,4.172,2
2023-08-23 20:36:00,151.2,4.171,4.171,4.171,4.171,4.171,3
2023-08-23 20:37:00,141.1,4.129,4.126,4.172,4.172,4.126,2
2023-08-23 20:40:00,490.0,4.172,4.172,4.172,4.172,4.172,1
2023-08-23 20:44:00,35.0,4.172,4.172,4.172,4.172,4.172,1
2023-08-23 20:45:00,25.0,4.172,4.172,4.172,4.172,4.172,1
2023-08-23 20:48:00,18.2,4.175,4.172,4.172,4.172,4.172,4
2023-08-23 20:52:00,63.4,4.136,4.172,4.126,4.172,4.126,3
2023-08-23 20:54:00,100.0,4.126,4.126,4.126,4.126,4.126,1
2023-08-23 20:58:00,12.6,4.131,4.125,4.125,4.125,4.125,3
2023-08-23 21:00:00,11.0,4.159,4.159,4.159,4.159,4.159,1
2023-08-23 21:02:00,35.0,4.16,4.16,4.16,4.16,4.16,2
2023-08-23 21:04:00,40.3,4.125,4.125,4.125,4.125,4.125,2
2023-08-23 21:10:00,50.5,4.125,4.125,4.125,4.125,4.125,2
2023-08-23 21:16:00,102.0,4.16,4.16,4.16,4.16,4.16,1
2023-08-23 21:18:00,50.5,4.125,4.125,4.125,4.125,4.125,3
2023-08-23 21:20:00,52.0,4.127,4.126,4.126,4.126,4.126,2
2023-08-23 21:31:00,150.0,4.124,4.125,4.125,4.125,4.122,6
2023-08-23 21:34:00,39.6,4.159,4.159,4.159,4.159,4.159,2
2023-08-23 21:38:00,25.6,4.16,4.16,4.16,4.16,4.16,3
2023-08-23 21:42:00,30.0,4.16,4.16,4.16,4.16,4.16,1
2023-08-23 21:45:00,11.0,4.16,4.16,4.16,4.16,4.16,2
2023-08-23 21:46:00,100.4,4.16,4.16,4.16,4.16,4.16,2
2023-08-23 21:50:00,18.1,4.159,4.159,4.159,4.159,4.159,2
2023-08-23 21:52:00,100.1,4.16,4.16,4.16,4.16,4.16,2
2023-08-23 21:58:00,50.0,4.121,4.121,4.121,4.121,4.121,1
2023-08-23 22:04:00,50.0,4.12,4.12,4.12,4.12,4.12,1
2023-08-23 22:07:00,16.9,4.121,4.121,4.121,4.121,4.121,1
2023-08-23 22:09:00,12.2,4.159,4.159,4.159,4.159,4.159,1
2023-08-23 22:11:00,180.0,4.12,4.12,4.12,4.12,4.12,1
2023-08-23 22:14:00,100.2,4.121,4.121,4.121,4.121,4.121,2
2023-08-23 22:21:00,55.0,4.125,4.122,4.122,4.122,4.122,2
2023-08-23 22:23:00,101.8,4.156,4.16,4.121,4.16,4.121,5
2023-08-23 22:25:00,24.7,4.159,4.159,4.159,4.159,4.159,4
2023-08-23 22:28:00,50.0,4.122,4.122,4.122,4.122,4.122,1
2023-08-23 22:34:00,14.6,4.122,4.122,4.122,4.122,4.122,1
2023-08-23 22:47:00,30.0,4.159,4.159,4.159,4.159,4.159,1
2023-08-23 22:48:00,94.0,4.14,4.16,4.122,4.16,4.122,2
2023-08-23 22:53:00,50.1,4.157,4.155,4.16,4.16,4.155,4
2023-08-23 22:56:00,22.1,4.172,4.172,4.172,4.172,4.172,1
2023-08-23 22:58:00,100.9,4.121,4.121,4.121,4.121,4.121,1
2023-08-23 23:11:00,53.1,4.153,4.152,4.152,4.152,4.152,3
2023-08-23 23:12:00,10.0,4.151,4.151,4.151,4.151,4.151,1
2023-08-23 23:13:00,201.1,4.167,4.152,4.172,4.172,4.152,4
2023-08-23 23:14:00,17.2,4.17,4.17,4.17,4.17,4.17,1
2023-08-23 23:15:00,50.4,4.151,4.151,4.151,4.151,4.151,2
2023-08-23 23:16:00,13.5,4.172,4.172,4.172,4.172,4.172,2
2023-08-23 23:18:00,50.0,4.172,4.172,4.172,4.172,4.172,1
2023-08-23 23:25:00,36.3,4.17,4.17,4.17,4.17,4.17,2
2023-08-23 23:27:00,50.0,4.152,4.152,4.152,4.152,4.152,1
2023-08-23 23:41:00,100.6,4.152,4.152,4.152,4.152,4.152,2
2023-08-23 23:42:00,40.0,4.152,4.152,4.152,4.152,4.152,1
2023-08-23 23:58:00,36.3,4.151,4.151,4.151,4.151,4.151,6
2023-08-23 23:59:00,182.4,4.121,4.121,4.12,4.121,4.12,4
2023-08-24 08:12:00,10.0,3.982,3.982,3.982,3.982,3.982,1
2023-08-24 09:35:00,50.0,4.24,4.24,4.24,4.24,4.24,2
2023-08-24 11:00:00,100.0,4.133,4.179,4.1,4.179,4.1,5
2023-08-24 11:06:00,10.0,4.179,4.179,4.179,4.179,4.179,1
2023-08-24 12:00:00,591.2,4.141,4.178,4.14,4.179,4.105,27
2023-08-24 12:02:00,22.4,4.142,4.139,4.139,4.139,4.139,2
2023-08-24 12:03:00,24.6,4.17,4.17,4.17,4.17,4.17,2
2023-08-24 12:08:00,10.0,4.14,4.14,4.14,4.14,4.14,1
2023-08-24 12:10:00,45.5,4.14,4.14,4.14,4.14,4.14,2
2023-08-24 12:12:00,17.1,4.125,4.139,4.139,4.139,4.139,3
2023-08-24 12:16:00,200.6,4.134,4.14,4.128,4.14,4.128,3
2023-08-24 12:33:00,683.4,4.111,4.111,4.1,4.111,4.1,3
2023-08-24 12:49:00,20.3,4.1,4.1,4.1,4.1,4.1,3
2023-08-24 12:58:00,49.4,4.104,4.1,4.1,4.1,4.1,2
2023-08-24 13:09:00,29.5,4.112,4.108,4.108,4.108,4.108,2
2023-08-24 13:11:00,40.0,4.137,4.136,4.137,4.137,4.136,2
2023-08-24 13:20:00,1021.4,4.101,4.136,4.1,4.136,4.1,2
2023-08-24 13:21:00,15.6,4.113,4.1,4.1,4.1,4.1,4
2023-08-24 13:22:00,69.6,4.137,4.137,4.137,4.137,4.137,1
2023-08-24 13:23:00,10.0,4.137,4.137,4.137,4.137,4.137,1
2023-08-24 13:24:00,25.5,4.107,4.106,4.106,4.106,4.106,2
2023-08-24 13:25:00,2500.0,4.14,4.14,4.14,4.14,4.14,1
2023-08-24 13:26:00,116.1,4.106,4.136,4.101,4.136,4.101,4
2023-08-24 13:27:00,15.6,4.129,4.139,4.139,4.139,4.139,3
2023-08-24 13:29:00,192.3,4.136,4.136,4.136,4.136,4.136,3
2023-08-24 13:30:00,5171.7,4.121,4.122,4.136,4.14,4.111,30
2023-08-24 13:31:00,1058.3,4.12,4.111,4.11,4.139,4.11,8
2023-08-24 13:32:00,385.7,4.132,4.139,4.102,4.139,4.102,10
2023-08-24 13:33:00,240.8,4.105,4.119,4.103,4.119,4.102,6
2023-08-24 13:34:00,16451.6,4.09,4.102,4.034,4.107,4.034,67
2023-08-24 13:35:00,1650.3,4.063,4.034,4.034,4.097,4.034,16
2023-08-24 13:36:00,11733.4,4.019,4.021,4.004,4.082,4.001,69
2023-08-24 13:37:00,3379.3,4.047,4.07,4.065,4.07,4.001,32
2023-08-24 13:38:00,3077.5,4.024,4.001,4.002,4.065,4.001,23
2023-08-24 13:39:00,1764.8,4.013,4.002,4.001,4.065,4.001,33
2023-08-24 13:40:00,215.7,4.026,4.033,4.001,4.033,4.001,12
2023-08-24 13:41:00,3664.9,4.038,4.001,4.026,4.063,4.001,35
2023-08-24 13:42:00,1034.2,4.004,4.004,4.045,4.045,4.001,26
2023-08-24 13:43:00,11401.3,4.04,4.043,4.017,4.045,4.001,42
2023-08-24 13:44:00,8983.2,4.002,4.017,3.9925,4.019,3.985,121
2023-08-24 13:45:00,13598.3,3.96,3.982,3.955,4.0,3.927,82
2023-08-24 13:46:00,9801.6,3.937,3.956,3.931,3.956,3.926,275
2023-08-24 13:47:00,7682.7,3.947,3.952,3.951,3.953,3.927,44
2023-08-24 13:48:00,8572.1,3.944,3.949,3.952,3.954,3.93,181
2023-08-24 13:49:00,15042.2,3.972,3.952,4.0,4.0,3.952,190
2023-08-24 13:50:00,2651.4,3.992,3.992,4.012,4.019,3.982,40
2023-08-24 13:51:00,2075.7,3.991,4.01,4.0,4.019,3.97,46
2023-08-24 13:52:00,12251.6,3.963,4.019,3.95,4.019,3.95,43
2023-08-24 13:53:00,1290.6,3.952,3.959,3.968,3.968,3.93,37
2023-08-24 13:54:00,5082.2,3.953,3.968,3.94,3.968,3.93,37
2023-08-24 13:55:00,4418.7,3.944,3.967,3.94,3.967,3.94,26
2023-08-24 13:56:00,1444.6,3.946,3.949,3.958,3.966,3.931,27
2023-08-24 13:57:00,1363.9,3.949,3.967,3.967,3.967,3.94,28
2023-08-24 13:58:00,4235.9,3.965,3.967,3.9688,3.969,3.954,51
2023-08-24 13:59:00,1821.1,3.974,3.97,3.997,4.0,3.96,23
2023-08-24 14:00:00,1319.7,3.989,3.997,3.995,3.997,3.985,20
2023-08-24 14:01:00,10250.2,3.996,3.994,4.001,4.001,3.97,145
2023-08-24 14:02:00,3275.7,4.0,4.0,3.985,4.0008,3.985,49
2023-08-24 14:03:00,131.3,3.998,3.9984,3.999,4.0,3.9984,9
2023-08-24 14:04:00,4129.9,3.968,3.97,3.974,3.996,3.96,50
2023-08-24 14:05:00,5070.3,3.958,3.963,3.95,3.963,3.95,32
2023-08-24 14:06:00,4933.2,3.94,3.959,3.948,3.96,3.931,45
2023-08-24 14:07:00,16084.2,3.923,3.932,3.912,3.949,3.905,96
2023-08-24 14:08:00,2222.3,3.931,3.911,3.92,3.949,3.911,26
2023-08-24 14:09:00,10517.9,3.917,3.92,3.915,3.948,3.915,64
2023-08-24 14:10:00,5680.2,3.945,3.915,3.932,3.949,3.915,56
2023-08-24 14:11:00,884.8,3.921,3.915,3.932,3.949,3.915,32
2023-08-24 14:12:00,1032.1,3.927,3.915,3.916,3.949,3.915,26
2023-08-24 14:13:00,2233.0,3.921,3.916,3.93,3.949,3.915,34
2023-08-24 14:14:00,1627.7,3.913,3.913,3.911,3.949,3.911,24
2023-08-24 14:15:00,1634.6,3.914,3.93,3.949,3.949,3.911,18
2023-08-24 14:16:00,798.2,3.934,3.93,3.912,3.949,3.911,15
2023-08-24 14:17:00,1361.8,3.944,3.945,3.9478,3.948,3.93,8
2023-08-24 14:18:00,1703.4,3.929,3.934,3.9396,3.948,3.92,18
2023-08-24 14:19:00,559.6,3.944,3.921,3.948,3.948,3.921,14
2023-08-24 14:20:00,137.0,3.946,3.948,3.947,3.948,3.947,9
2023-08-24 14:21:00,2022.7,3.946,3.947,3.944,3.96,3.934,22
2023-08-24 14:22:00,3611.5,3.958,3.957,3.951,3.958,3.95,15
2023-08-24 14:23:00,2537.2,3.958,3.95,3.958,3.958,3.95,6
2023-08-24 14:24:00,201.8,3.951,3.951,3.9475,3.951,3.9475,17
2023-08-24 14:25:00,2107.0,3.932,3.944,3.934,3.946,3.921,21
2023-08-24 14:26:00,802.0,3.943,3.933,3.94,3.945,3.933,12
2023-08-24 14:27:00,669.0,3.935,3.94,3.94,3.942,3.923,16
2023-08-24 14:28:00,457.6,3.932,3.9315,3.941,3.941,3.93,13
2023-08-24 14:29:00,19397.9,3.932,3.931,3.923,3.942,3.922,87
2023-08-24 14:30:00,20441.0,3.948,3.931,3.941,3.96,3.923,64
2023-08-24 14:31:00,2084.7,3.961,3.95,3.97,3.97,3.927,28
2023-08-24 14:32:00,17855.9,3.937,3.9505,3.93,3.977,3.93,25
2023-08-24 14:33:00,95.4,3.941,3.931,3.969,3.969,3.931,2
2023-08-24 14:34:00,1634.0,3.95,3.95,3.9458,3.95,3.9458,21
2023-08-24 14:35:00,1460.0,3.944,3.94,3.941,3.952,3.94,9
2023-08-24 14:36:00,164.4,3.953,3.94,3.954,3.955,3.94,6
2023-08-24 14:37:00,1492.9,3.945,3.954,3.941,3.956,3.94,23
2023-08-24 14:38:00,343.3,3.942,3.956,3.941,3.956,3.941,6
2023-08-24 14:39:00,7117.5,3.945,3.948,3.955,3.956,3.94,15
2023-08-24 14:40:00,712.4,3.958,3.95,3.958,3.959,3.95,11
2023-08-24 14:41:00,384.7,3.957,3.9578,3.95,3.958,3.941,9
2023-08-24 14:42:00,499.1,3.953,3.951,3.958,3.958,3.951,12
2023-08-24 14:43:00,8056.4,3.918,3.958,3.95,3.958,3.902,72
2023-08-24 14:44:00,917.2,3.931,3.95,3.92,3.953,3.92,10
2023-08-24 14:45:00,3027.8,3.923,3.954,3.922,3.954,3.92,23
2023-08-24 14:46:00,314.0,3.935,3.935,3.935,3.935,3.935,5
2023-08-24 14:47:00,90.3,3.94,3.94,3.94,3.94,3.94,9
2023-08-24 14:48:00,293.6,3.935,3.932,3.936,3.94,3.931,16
2023-08-24 14:49:00,552.4,3.938,3.939,3.933,3.94,3.933,11
2023-08-24 14:50:00,1352.3,3.939,3.94,3.94,3.94,3.934,24
2023-08-24 14:51:00,307.5,3.94,3.94,3.9397,3.94,3.9397,6
2023-08-24 14:52:00,1601.0,3.937,3.933,3.94,3.94,3.933,19
2023-08-24 14:53:00,1200.2,3.933,3.9355,3.938,3.938,3.933,13
2023-08-24 14:54:00,1310.7,3.938,3.9355,3.9363,3.938,3.934,16
2023-08-24 14:55:00,673.8,3.938,3.938,3.938,3.938,3.937,9
2023-08-24 14:56:00,1855.5,3.937,3.936,3.937,3.938,3.936,9
2023-08-24 14:57:00,1857.2,3.938,3.936,3.938,3.94,3.936,48
2023-08-24 14:58:00,3002.5,3.936,3.936,3.937,3.937,3.936,5
2023-08-24 14:59:00,1312.8,3.936,3.936,3.936,3.94,3.936,16
2023-08-24 15:00:00,71.2,3.935,3.935,3.935,3.9351,3.934,11
2023-08-24 15:01:00,10319.4,3.919,3.9329,3.902,3.933,3.902,53
2023-08-24 15:02:00,807.1,3.923,3.935,3.918,3.935,3.918,12
2023-08-24 15:03:00,1360.4,3.93,3.9185,3.93,3.935,3.9185,10
2023-08-24 15:05:00,458.9,3.925,3.918,3.93,3.93,3.918,9
2023-08-24 15:07:00,31.1,3.925,3.925,3.925,3.925,3.925,7
2023-08-24 15:08:00,1555.1,3.929,3.93,3.929,3.93,3.928,19
2023-08-24 15:09:00,325.5,3.926,3.929,3.923,3.93,3.923,9
2023-08-24 15:10:00,760.8,3.929,3.93,3.926,3.93,3.925,7
2023-08-24 15:11:00,106.1,3.924,3.922,3.925,3.93,3.922,9
2023-08-24 15:12:00,3425.6,3.93,3.93,3.93,3.93,3.9275,24
2023-08-24 15:13:00,208.4,3.925,3.925,3.92,3.93,3.92,8
2023-08-24 15:14:00,1990.9,3.924,3.92,3.92,3.93,3.92,25
2023-08-24 15:15:00,2142.8,3.92,3.925,3.93,3.93,3.92,9
2023-08-24 15:16:00,305.7,3.928,3.927,3.92,3.93,3.92,8
2023-08-24 15:17:00,1780.4,3.928,3.93,3.92,3.93,3.92,16
2023-08-24 15:18:00,21.6,3.925,3.92,3.92,3.92,3.92,5
2023-08-24 15:19:00,25.6,3.929,3.93,3.929,3.93,3.929,4
2023-08-24 15:20:00,111.0,3.926,3.926,3.926,3.926,3.926,5
2023-08-24 15:21:00,649.4,3.926,3.93,3.924,3.93,3.921,16
2023-08-24 15:22:00,192.1,3.924,3.925,3.924,3.925,3.923,13
2023-08-24 15:23:00,2187.6,3.923,3.922,3.924,3.925,3.922,8
2023-08-24 15:24:00,1641.4,3.926,3.925,3.929,3.929,3.923,51
2023-08-24 15:25:00,2782.0,3.916,3.929,3.916,3.929,3.903,37
2023-08-24 15:26:00,4193.9,3.907,3.903,3.9214,3.9287,3.903,22
2023-08-24 15:27:00,127.0,3.928,3.929,3.929,3.929,3.929,6
2023-08-24 15:28:00,561.2,3.928,3.923,3.928,3.928,3.923,5
2023-08-24 15:29:00,2160.4,3.929,3.923,3.929,3.929,3.923,6
2023-08-24 15:30:00,545.9,3.929,3.929,3.928,3.929,3.921,10
2023-08-24 15:31:00,439.0,3.926,3.92,3.9252,3.929,3.92,16
2023-08-24 15:32:00,418.4,3.922,3.92,3.921,3.929,3.92,10
2023-08-24 15:33:00,200.0,3.928,3.928,3.928,3.928,3.928,1
2023-08-24 15:34:00,61.4,3.926,3.925,3.925,3.929,3.925,6
2023-08-24 15:35:00,3396.8,3.929,3.929,3.929,3.929,3.924,16
2023-08-24 15:36:00,154.0,3.928,3.9283,3.926,3.929,3.926,9
2023-08-24 15:37:00,1950.2,3.931,3.929,3.939,3.945,3.929,12
2023-08-24 15:38:00,729.6,3.933,3.937,3.941,3.945,3.93,36
2023-08-24 15:39:00,1151.5,3.959,3.945,3.94,3.961,3.939,12
2023-08-24 15:40:00,1373.3,3.958,3.961,3.9579,3.961,3.949,13
2023-08-24 15:41:00,4186.8,3.969,3.958,3.976,3.978,3.95,47
2023-08-24 15:42:00,200.9,3.968,3.958,3.958,3.974,3.958,8
2023-08-24 15:43:00,397.0,3.958,3.958,3.9645,3.968,3.951,7
2023-08-24 15:44:00,1944.2,3.97,3.975,3.952,3.975,3.951,21
2023-08-24 15:45:00,2177.1,3.972,3.953,3.975,3.975,3.953,12
2023-08-24 15:46:00,1640.5,3.962,3.967,3.96,3.967,3.96,40
2023-08-24 15:47:00,147.7,3.953,3.96,3.951,3.96,3.951,5
2023-08-24 15:48:00,251.9,3.96,3.955,3.96,3.96,3.955,5
2023-08-24 15:49:00,3462.0,3.959,3.96,3.959,3.96,3.958,9
2023-08-24 15:50:00,332.3,3.953,3.951,3.959,3.959,3.951,6
2023-08-24 15:51:00,125.1,3.956,3.958,3.9583,3.9583,3.95,6
2023-08-24 15:52:00,136.0,3.959,3.959,3.958,3.959,3.958,5
2023-08-24 15:53:00,1417.2,3.95,3.959,3.951,3.959,3.95,11
2023-08-24 15:54:00,52.5,3.953,3.953,3.953,3.953,3.953,5
2023-08-24 15:55:00,8636.4,3.95,3.954,3.948,3.954,3.948,23
2023-08-24 15:56:00,1602.9,3.943,3.94,3.949,3.949,3.94,6
2023-08-24 15:57:00,384.9,3.944,3.9445,3.941,3.9445,3.941,9
2023-08-24 15:58:00,175.2,3.947,3.949,3.941,3.949,3.941,7
2023-08-24 15:59:00,66.3,3.947,3.948,3.9445,3.948,3.9445,5
2023-08-24 16:00:00,1106.4,3.941,3.949,3.943,3.949,3.94,15
2023-08-24 16:01:00,752.3,3.947,3.949,3.9445,3.95,3.9445,18
2023-08-24 16:02:00,308.0,3.943,3.948,3.94,3.948,3.94,4
2023-08-24 16:03:00,551.9,3.948,3.94,3.948,3.949,3.94,6
2023-08-24 16:04:00,172.9,3.948,3.949,3.949,3.949,3.948,7
2023-08-24 16:05:00,1975.2,3.945,3.949,3.949,3.949,3.9445,5
2023-08-24 16:06:00,206.5,3.949,3.949,3.949,3.949,3.949,3
2023-08-24 16:07:00,464.5,3.948,3.946,3.948,3.949,3.946,19
2023-08-24 16:08:00,231.1,3.949,3.949,3.948,3.949,3.948,10
2023-08-24 16:09:00,1068.6,3.948,3.9485,3.948,3.9485,3.948,12
2023-08-24 16:10:00,168.5,3.948,3.948,3.949,3.949,3.948,7
2023-08-24 16:11:00,280.0,3.944,3.941,3.949,3.949,3.94,4
2023-08-24 16:12:00,427.5,3.947,3.946,3.9452,3.949,3.9452,4
2023-08-24 16:13:00,710.7,3.941,3.949,3.94,3.949,3.94,4
2023-08-24 16:14:00,3744.0,3.942,3.9445,3.948,3.949,3.94,20
2023-08-24 16:15:00,2620.8,3.945,3.941,3.946,3.949,3.941,11
2023-08-24 16:16:00,5084.4,3.95,3.948,3.957,3.958,3.948,41
2023-08-24 16:17:00,1414.1,3.958,3.958,3.959,3.959,3.957,47
2023-08-24 16:18:00,1168.5,3.958,3.957,3.959,3.959,3.957,15
2023-08-24 16:19:00,1814.7,3.958,3.958,3.958,3.9587,3.958,12
2023-08-24 16:20:00,1133.4,3.959,3.959,3.9587,3.959,3.958,37
2023-08-24 16:21:00,43.2,3.958,3.958,3.958,3.958,3.958,7
2023-08-24 16:22:00,872.1,3.958,3.958,3.958,3.958,3.957,12
2023-08-24 16:23:00,950.3,3.958,3.958,3.959,3.959,3.957,15
2023-08-24 16:24:00,378.9,3.958,3.958,3.958,3.958,3.958,7
2023-08-24 16:25:00,831.2,3.958,3.957,3.958,3.959,3.957,9
2023-08-24 16:26:00,3121.3,3.959,3.959,3.959,3.959,3.958,12
2023-08-24 16:27:00,1645.0,3.956,3.957,3.957,3.957,3.955,14
2023-08-24 16:28:00,16.0,3.956,3.956,3.956,3.956,3.956,3
2023-08-24 16:29:00,267.4,3.957,3.9565,3.9567,3.957,3.9565,6
2023-08-24 16:30:00,1798.5,3.956,3.956,3.9561,3.9561,3.956,7
2023-08-24 16:31:00,25.1,3.957,3.9565,3.9565,3.9565,3.9565,5
2023-08-24 16:32:00,313.2,3.956,3.956,3.957,3.957,3.956,5
2023-08-24 16:33:00,27.5,3.957,3.957,3.957,3.957,3.957,3
2023-08-24 16:34:00,25.2,3.957,3.957,3.957,3.957,3.957,2
2023-08-24 16:35:00,751.2,3.956,3.957,3.957,3.957,3.956,6
2023-08-24 16:36:00,135.2,3.957,3.957,3.957,3.957,3.9565,5
2023-08-24 16:37:00,675.2,3.956,3.956,3.957,3.957,3.956,8
2023-08-24 16:38:00,1050.1,3.957,3.956,3.9565,3.957,3.956,6
2023-08-24 16:39:00,870.5,3.958,3.956,3.96,3.96,3.956,18
2023-08-24 16:40:00,1392.4,3.961,3.959,3.9635,3.966,3.959,27
2023-08-24 16:41:00,72.6,3.964,3.966,3.963,3.966,3.963,7
2023-08-24 16:42:00,1418.4,3.963,3.965,3.9611,3.966,3.961,18
2023-08-24 16:43:00,5065.5,3.965,3.965,3.963,3.965,3.961,18
2023-08-24 16:44:00,1430.9,3.972,3.966,3.976,3.978,3.963,33
2023-08-24 16:45:00,1555.0,3.976,3.977,3.977,3.977,3.975,11
2023-08-24 16:46:00,1561.9,3.98,3.977,3.986,3.99,3.976,25
2023-08-24 16:47:00,2270.6,3.983,3.983,3.9831,3.99,3.983,41
2023-08-24 16:48:00,95.9,3.986,3.9865,3.9865,3.9865,3.9865,5
2023-08-24 16:49:00,3259.7,3.98,3.984,3.979,3.9865,3.978,20
2023-08-24 16:50:00,590.3,3.97,3.978,3.969,3.978,3.968,10
2023-08-24 16:51:00,503.2,3.968,3.969,3.968,3.969,3.968,7
2023-08-24 16:52:00,219.0,3.968,3.968,3.968,3.968,3.968,3
2023-08-24 16:53:00,3397.7,3.968,3.968,3.968,3.969,3.959,12
2023-08-24 16:54:00,606.1,3.969,3.969,3.968,3.969,3.968,25
2023-08-24 16:55:00,104.7,3.968,3.968,3.968,3.968,3.968,3
2023-08-24 16:56:00,301.2,3.96,3.961,3.9595,3.961,3.958,25
2023-08-24 16:57:00,1279.0,3.959,3.959,3.9585,3.959,3.9585,12
2023-08-24 16:59:00,709.0,3.959,3.959,3.958,3.959,3.958,6
2023-08-24 17:00:00,1793.8,3.959,3.958,3.959,3.959,3.958,11
2023-08-24 17:01:00,2272.5,3.96,3.958,3.96,3.96,3.958,17
2023-08-24 17:02:00,724.3,3.958,3.959,3.959,3.959,3.958,13
2023-08-24 17:03:00,160.7,3.959,3.959,3.959,3.959,3.958,4
2023-08-24 17:04:00,292.9,3.959,3.958,3.959,3.96,3.958,7
2023-08-24 17:05:00,103.3,3.959,3.96,3.959,3.96,3.959,5
2023-08-24 17:06:00,1191.6,3.958,3.959,3.958,3.959,3.958,10
2023-08-24 17:07:00,775.3,3.958,3.958,3.958,3.96,3.957,14
2023-08-24 17:08:00,175.6,3.958,3.9581,3.957,3.9581,3.957,8
2023-08-24 17:09:00,313.9,3.958,3.958,3.958,3.958,3.958,9
2023-08-24 17:10:00,116.0,3.958,3.958,3.958,3.958,3.958,6
2023-08-24 17:11:00,589.6,3.959,3.959,3.958,3.959,3.958,9
2023-08-24 17:12:00,1470.0,3.958,3.9579,3.958,3.959,3.9579,18
2023-08-24 17:13:00,286.1,3.959,3.958,3.96,3.96,3.957,17
2023-08-24 17:14:00,4332.9,3.957,3.959,3.955,3.96,3.955,37
2023-08-24 17:15:00,1362.3,3.952,3.953,3.95,3.954,3.95,24
2023-08-24 17:16:00,570.1,3.95,3.95,3.949,3.95,3.949,13
2023-08-24 17:17:00,590.5,3.941,3.9455,3.951,3.951,3.94,8
2023-08-24 17:18:00,175.9,3.947,3.945,3.95,3.95,3.945,5
2023-08-24 17:19:00,31.5,3.945,3.941,3.949,3.949,3.941,6
2023-08-24 17:20:00,503.9,3.944,3.95,3.94,3.95,3.94,10
2023-08-24 17:21:00,455.4,3.945,3.945,3.945,3.945,3.945,2
2023-08-24 17:22:00,115.5,3.949,3.949,3.95,3.95,3.949,4
2023-08-24 17:23:00,636.7,3.941,3.941,3.95,3.95,3.941,2
2023-08-24 17:24:00,511.3,3.949,3.949,3.947,3.949,3.947,4
2023-08-24 17:25:00,138.2,3.946,3.946,3.946,3.946,3.946,5
2023-08-24 17:26:00,162.1,3.946,3.943,3.947,3.947,3.943,14
2023-08-24 17:27:00,517.1,3.945,3.9435,3.947,3.947,3.9418,17
2023-08-24 17:28:00,3588.3,3.946,3.947,3.9435,3.947,3.9435,17
2023-08-24 17:29:00,839.8,3.945,3.941,3.946,3.947,3.941,6
2023-08-24 17:30:00,2931.3,3.939,3.946,3.939,3.946,3.93,32
2023-08-24 17:32:00,186.8,3.939,3.939,3.938,3.939,3.9375,18
2023-08-24 17:33:00,53.0,3.936,3.936,3.935,3.936,3.935,14
2023-08-24 17:35:00,413.9,3.937,3.931,3.93,3.938,3.93,9
2023-08-24 17:36:00,7162.0,3.915,3.934,3.919,3.938,3.904,115
2023-08-24 17:37:00,92.5,3.928,3.932,3.9155,3.932,3.9155,7
2023-08-24 17:38:00,17201.1,3.906,3.909,3.919,3.921,3.904,24
2023-08-24 17:39:00,13012.8,3.903,3.919,3.902,3.919,3.902,35
2023-08-24 17:40:00,371.4,3.908,3.912,3.911,3.912,3.907,12
2023-08-24 17:41:00,3891.0,3.909,3.9094,3.908,3.91,3.902,116
2023-08-24 17:42:00,1314.3,3.908,3.908,3.908,3.9085,3.908,25
2023-08-24 17:43:00,730.2,3.908,3.909,3.908,3.909,3.908,19
2023-08-24 17:44:00,1136.2,3.908,3.908,3.909,3.909,3.908,9
2023-08-24 17:45:00,692.8,3.908,3.908,3.909,3.909,3.908,7
2023-08-24 17:46:00,10006.1,3.912,3.909,3.918,3.919,3.909,84
2023-08-24 17:47:00,859.9,3.919,3.918,3.92,3.92,3.918,32
2023-08-24 17:48:00,2807.0,3.922,3.919,3.93,3.93,3.919,29
2023-08-24 17:49:00,1275.2,3.936,3.938,3.935,3.938,3.935,6
2023-08-24 17:50:00,4075.9,3.928,3.936,3.919,3.942,3.919,46
2023-08-24 17:51:00,72297.5,3.9,3.919,3.89,3.919,3.89,385
2023-08-24 17:52:00,9497.7,3.887,3.89,3.89,3.8915,3.885,25
2023-08-24 17:53:00,6572.1,3.882,3.889,3.8816,3.89,3.881,46
2023-08-24 17:54:00,9806.3,3.883,3.882,3.882,3.885,3.881,54
2023-08-24 17:55:00,17236.5,3.885,3.882,3.888,3.895,3.881,66
2023-08-24 17:56:00,5523.5,3.893,3.895,3.892,3.895,3.887,29
2023-08-24 17:57:00,399.8,3.894,3.895,3.893,3.895,3.893,10
2023-08-24 17:58:00,2772.1,3.89,3.894,3.886,3.895,3.885,34
2023-08-24 17:59:00,2678.2,3.89,3.89,3.8888,3.89,3.8888,105
2023-08-24 18:00:00,424.4,3.887,3.887,3.885,3.89,3.885,9
2023-08-24 18:01:00,393.2,3.889,3.885,3.89,3.89,3.885,11
2023-08-24 18:02:00,4552.0,3.889,3.891,3.8865,3.891,3.885,25
2023-08-24 18:03:00,795.1,3.89,3.891,3.89,3.891,3.8856,11
2023-08-24 18:04:00,1592.5,3.891,3.891,3.891,3.891,3.89,16
2023-08-24 18:05:00,846.3,3.892,3.891,3.89,3.8925,3.89,13
2023-08-24 18:06:00,739.9,3.893,3.894,3.891,3.894,3.891,10
2023-08-24 18:07:00,652.7,3.892,3.89,3.892,3.892,3.89,11
2023-08-24 18:08:00,519.4,3.891,3.891,3.891,3.892,3.89,13
2023-08-24 18:09:00,313.3,3.892,3.892,3.891,3.892,3.891,8
2023-08-24 18:10:00,3354.3,3.891,3.891,3.892,3.892,3.89,36
2023-08-24 18:11:00,362.6,3.891,3.891,3.89,3.891,3.89,4
2023-08-24 18:12:00,324.7,3.891,3.891,3.891,3.892,3.89,14
2023-08-24 18:13:00,2304.9,3.891,3.891,3.891,3.892,3.89,19
2023-08-24 18:14:00,62.1,3.891,3.89,3.89,3.892,3.89,5
2023-08-24 18:15:00,2626.2,3.891,3.892,3.891,3.892,3.89,21
2023-08-24 18:16:00,375.6,3.891,3.89,3.892,3.892,3.89,7
2023-08-24 18:17:00,32261.8,3.908,3.892,3.892,3.93,3.89,167
2023-08-24 18:18:00,5005.0,3.893,3.909,3.893,3.927,3.89,39
2023-08-24 18:19:00,93.3,3.905,3.914,3.9,3.914,3.9,5
2023-08-24 18:20:00,10701.1,3.918,3.91,3.928,3.93,3.9,81
2023-08-24 18:21:00,11020.5,3.928,3.929,3.905,3.929,3.905,20
2023-08-24 18:22:00,1204.7,3.929,3.929,3.929,3.929,3.929,8
2023-08-24 18:23:00,38.9,3.924,3.911,3.929,3.929,3.911,4
2023-08-24 18:24:00,144.4,3.925,3.928,3.9215,3.928,3.916,6
2023-08-24 18:25:00,223.7,3.926,3.915,3.928,3.928,3.915,5
2023-08-24 18:26:00,2105.6,3.916,3.915,3.928,3.928,3.915,9
2023-08-24 18:27:00,3462.1,3.927,3.926,3.929,3.93,3.925,41
2023-08-24 18:28:00,311.3,3.93,3.9299,3.93,3.93,3.9299,4
2023-08-24 18:29:00,2409.0,3.929,3.9271,3.93,3.93,3.927,42
2023-08-24 18:30:00,6528.6,3.932,3.931,3.9311,3.938,3.9301,38
2023-08-24 18:31:00,1750.2,3.928,3.931,3.928,3.9388,3.924,31
2023-08-24 18:32:00,906.5,3.93,3.9301,3.93,3.9301,3.93,28
2023-08-24 18:33:00,770.4,3.931,3.93,3.93,3.934,3.93,27
2023-08-24 18:34:00,1811.6,3.923,3.93,3.926,3.93,3.915,46
2023-08-24 18:35:00,4312.4,3.917,3.925,3.914,3.93,3.911,44
2023-08-24 18:36:00,16.0,3.913,3.914,3.914,3.914,3.914,4
2023-08-24 18:38:00,61.5,3.914,3.915,3.915,3.915,3.915,6
2023-08-24 18:39:00,263.2,3.912,3.915,3.91,3.915,3.91,8
2023-08-24 18:40:00,2669.5,3.907,3.9149,3.914,3.9149,3.905,16
2023-08-24 18:41:00,119.6,3.914,3.914,3.914,3.914,3.914,6
2023-08-24 18:42:00,680.5,3.908,3.9051,3.905,3.915,3.905,26
2023-08-24 18:43:00,570.7,3.906,3.906,3.906,3.906,3.906,4
2023-08-24 18:44:00,764.9,3.91,3.913,3.913,3.913,3.905,11
2023-08-24 18:45:00,195.1,3.91,3.913,3.906,3.913,3.906,6
2023-08-24 18:46:00,318.8,3.914,3.91,3.914,3.914,3.91,15
2023-08-24 18:47:00,55.0,3.911,3.908,3.914,3.914,3.908,7
2023-08-24 18:48:00,570.5,3.913,3.9086,3.913,3.914,3.906,20
2023-08-24 18:49:00,17.6,3.908,3.9077,3.9077,3.9077,3.9077,3
2023-08-24 18:51:00,2427.9,3.915,3.914,3.915,3.916,3.914,33
2023-08-24 18:52:00,3871.8,3.918,3.916,3.911,3.922,3.911,71
2023-08-24 18:53:00,1471.9,3.915,3.9125,3.923,3.923,3.9125,24
2023-08-24 18:54:00,183.2,3.922,3.923,3.919,3.923,3.919,8
2023-08-24 18:55:00,3405.5,3.913,3.915,3.9081,3.919,3.9,41
2023-08-24 18:56:00,1034.3,3.915,3.915,3.915,3.915,3.915,8
2023-08-24 18:57:00,260.0,3.915,3.915,3.914,3.915,3.914,2
2023-08-24 18:58:00,461.5,3.906,3.908,3.914,3.914,3.9,13
2023-08-24 18:59:00,3099.0,3.902,3.913,3.905,3.915,3.901,31
2023-08-24 19:00:00,54.0,3.911,3.911,3.911,3.911,3.911,4
2023-08-24 19:02:00,71.0,3.915,3.915,3.915,3.915,3.915,3
2023-08-24 19:03:00,21.0,3.915,3.915,3.915,3.915,3.915,8
2023-08-24 19:04:00,743.5,3.91,3.915,3.91,3.915,3.905,20
2023-08-24 19:05:00,1874.9,3.909,3.91,3.912,3.912,3.9,8
2023-08-24 19:06:00,641.7,3.919,3.92,3.92,3.92,3.915,8
2023-08-24 19:07:00,87.9,3.921,3.92,3.923,3.923,3.92,10
2023-08-24 19:08:00,1285.3,3.907,3.92,3.9012,3.923,3.9012,22
2023-08-24 19:09:00,1159.9,3.913,3.922,3.922,3.922,3.9,10
2023-08-24 19:10:00,686.4,3.909,3.9105,3.91,3.9105,3.901,22
2023-08-24 19:11:00,22.8,3.914,3.9105,3.9105,3.9105,3.9105,3
2023-08-24 19:12:00,157.9,3.904,3.911,3.901,3.911,3.901,8
2023-08-24 19:13:00,110.6,3.908,3.908,3.9105,3.9105,3.908,3
2023-08-24 19:14:00,430.0,3.919,3.92,3.921,3.921,3.901,5
2023-08-24 19:15:00,60.3,3.914,3.921,3.911,3.921,3.9,5
2023-08-24 19:16:00,4002.1,3.901,3.901,3.91,3.918,3.89,71
2023-08-24 19:18:00,772.8,3.908,3.916,3.892,3.916,3.892,5
2023-08-24 19:19:00,160.4,3.9,3.908,3.899,3.908,3.8921,7
2023-08-24 19:20:00,368.0,3.904,3.899,3.906,3.906,3.899,25
2023-08-24 19:21:00,4108.4,3.892,3.905,3.9,3.91,3.886,46
2023-08-24 19:22:00,607.2,3.883,3.893,3.898,3.898,3.88,21
2023-08-24 19:23:00,999.5,3.888,3.898,3.896,3.898,3.88,11
2023-08-24 19:25:00,902.5,3.89,3.8851,3.89,3.895,3.885,17
2023-08-24 19:27:00,589.4,3.889,3.881,3.889,3.89,3.881,21
2023-08-24 19:28:00,3458.5,3.882,3.89,3.89,3.89,3.881,11
2023-08-24 19:29:00,2910.9,3.89,3.89,3.889,3.89,3.8855,25
2023-08-24 19:30:00,2247.5,3.885,3.8899,3.881,3.89,3.881,26
2023-08-24 19:31:00,1933.1,3.884,3.8855,3.8851,3.89,3.881,18
2023-08-24 19:32:00,1675.0,3.889,3.89,3.889,3.89,3.889,18
2023-08-24 19:33:00,1110.3,3.894,3.89,3.898,3.898,3.89,10
2023-08-24 19:34:00,787.2,3.894,3.8945,3.89,3.899,3.89,17
2023-08-24 19:35:00,881.4,3.896,3.899,3.896,3.899,3.89,29
2023-08-24 19:36:00,9023.2,3.899,3.899,3.904,3.904,3.898,35
2023-08-24 19:37:00,5779.3,3.907,3.9001,3.911,3.911,3.9001,27
2023-08-24 19:38:00,5259.2,3.912,3.911,3.91,3.918,3.909,57
2023-08-24 19:39:00,5726.2,3.905,3.911,3.9,3.911,3.9,18
2023-08-24 19:40:00,894.2,3.906,3.91,3.901,3.91,3.901,12
2023-08-24 19:41:00,3138.7,3.912,3.91,3.902,3.915,3.901,57
2023-08-24 19:42:00,388.4,3.911,3.91,3.912,3.913,3.91,12
2023-08-24 19:43:00,4279.7,3.902,3.911,3.901,3.915,3.9,52
2023-08-24 19:44:00,1203.8,3.901,3.9075,3.9,3.908,3.9,23
2023-08-24 19:45:00,162.1,3.902,3.9,3.9,3.907,3.9,13
2023-08-24 19:46:00,4204.9,3.9,3.911,3.9,3.911,3.896,30
2023-08-24 19:47:00,240.3,3.899,3.899,3.9,3.9,3.898,8
2023-08-24 19:48:00,1224.7,3.895,3.896,3.893,3.896,3.893,26
2023-08-24 19:49:00,1612.4,3.896,3.895,3.895,3.897,3.895,22
2023-08-24 19:50:00,1186.9,3.901,3.9,3.901,3.901,3.9,21
2023-08-24 19:51:00,719.9,3.904,3.902,3.91,3.912,3.902,20
2023-08-24 19:52:00,5892.1,3.908,3.912,3.902,3.912,3.901,31
2023-08-24 19:53:00,6263.0,3.903,3.901,3.908,3.911,3.901,46
2023-08-24 19:54:00,2244.3,3.901,3.91,3.9075,3.911,3.901,19
2023-08-24 19:55:00,817.4,3.906,3.904,3.904,3.908,3.904,39
2023-08-24 19:56:00,880.6,3.902,3.906,3.901,3.906,3.901,26
2023-08-24 19:57:00,2124.5,3.901,3.901,3.901,3.903,3.901,42
2023-08-24 19:58:00,839.1,3.905,3.903,3.905,3.909,3.9011,22
2023-08-24 19:59:00,29668.8,3.902,3.908,3.895,3.909,3.895,181
2023-08-24 20:03:00,100.0,3.895,3.895,3.895,3.895,3.895,1
2023-08-24 20:12:00,377.5,3.912,3.919,3.901,3.919,3.901,3
2023-08-24 20:15:00,640.0,3.917,3.918,3.902,3.918,3.902,2
2023-08-24 20:21:00,20.0,3.901,3.901,3.901,3.901,3.901,1
2023-08-24 20:22:00,1500.0,3.901,3.901,3.901,3.901,3.901,2
2023-08-24 20:23:00,30.1,3.901,3.901,3.901,3.901,3.901,2
2023-08-24 20:24:00,100.0,3.898,3.9,3.895,3.9,3.895,4
2023-08-24 20:29:00,88.3,3.912,3.918,3.9,3.918,3.9,4
2023-08-24 20:31:00,69.0,3.895,3.895,3.895,3.895,3.895,2
2023-08-24 20:32:00,51.8,3.881,3.881,3.881,3.881,3.881,4
2023-08-24 20:34:00,332.2,3.891,3.881,3.881,3.897,3.881,5
2023-08-24 20:35:00,300.0,3.882,3.881,3.881,3.896,3.881,6
2023-08-24 20:36:00,530.6,3.881,3.881,3.881,3.881,3.881,12
2023-08-24 20:37:00,121.8,3.881,3.881,3.881,3.881,3.881,2
2023-08-24 20:41:00,10.0,3.919,3.919,3.919,3.919,3.919,1
2023-08-24 20:42:00,250.4,3.901,3.901,3.901,3.901,3.901,2
2023-08-24 20:43:00,1986.0,3.988,3.901,4.096,4.096,3.901,26
2023-08-24 20:44:00,3071.0,4.096,4.096,4.096,4.096,4.096,4
2023-08-24 20:45:00,201.5,3.922,3.921,3.921,3.921,3.921,2
2023-08-24 20:48:00,200.0,3.925,3.925,3.925,3.925,3.925,1
2023-08-24 20:49:00,46.6,3.992,3.992,3.992,3.992,3.992,2
2023-08-24 20:51:00,305.0,3.901,3.9,3.9,3.9,3.9,2
2023-08-24 20:53:00,24.4,3.985,3.985,3.985,3.985,3.985,1
2023-08-24 20:56:00,300.0,3.9,3.9,3.9,3.901,3.9,4
2023-08-24 20:58:00,100.0,3.9,3.9,3.9,3.9,3.9,1
2023-08-24 21:01:00,10.0,3.9,3.9,3.9,3.9,3.9,1
2023-08-24 21:08:00,90.1,3.901,3.901,3.901,3.901,3.901,2
2023-08-24 21:11:00,10.0,3.974,3.974,3.974,3.974,3.974,1
2023-08-24 21:14:00,50.7,3.973,3.974,3.974,3.974,3.974,2
2023-08-24 21:32:00,50.0,3.91,3.91,3.91,3.91,3.91,1
2023-08-24 21:56:00,16.8,3.93,3.93,3.93,3.93,3.93,1
2023-08-24 22:02:00,40.0,3.923,3.915,3.93,3.93,3.915,2
2023-08-24 22:03:00,20.0,3.905,3.91,3.9,3.91,3.9,2
2023-08-24 22:05:00,12.1,3.905,3.9,3.9,3.9,3.9,3
2023-08-24 22:12:00,100.0,3.9,3.9,3.9,3.9,3.9,1
2023-08-24 22:13:00,100.5,3.9,3.9,3.9,3.9,3.9,2
2023-08-24 22:14:00,100.0,3.9,3.9,3.9,3.9,3.9,1
2023-08-24 22:15:00,46.6,3.929,3.929,3.929,3.929,3.929,2
2023-08-24 22:16:00,200.0,3.9,3.9,3.9,3.9,3.9,1
2023-08-24 22:17:00,213.5,3.902,3.9,3.93,3.93,3.9,3
2023-08-24 22:18:00,200.0,3.9,3.9,3.9,3.9,3.9,1
2023-08-24 22:20:00,300.2,3.9,3.9,3.9,3.9,3.9,2
2023-08-24 22:22:00,20.1,3.93,3.93,3.93,3.93,3.93,3
2023-08-24 22:25:00,10.5,3.901,3.901,3.901,3.901,3.901,1
2023-08-24 22:26:00,391.0,3.898,3.9,3.895,3.901,3.895,5
2023-08-24 22:29:00,10.0,3.929,3.929,3.929,3.929,3.929,1
2023-08-24 22:33:00,12.1,3.929,3.929,3.929,3.929,3.929,1
2023-08-24 22:35:00,333.8,3.89,3.89,3.89,3.89,3.89,1
2023-08-24 22:40:00,200.0,3.89,3.89,3.89,3.89,3.89,1
2023-08-24 22:48:00,250.0,3.911,3.928,3.9,3.928,3.9,2
2023-08-24 22:49:00,5000.0,3.929,3.929,3.929,3.929,3.929,1
2023-08-24 23:08:00,800.0,3.954,3.919,3.997,3.997,3.919,13
2023-08-24 23:10:00,32.1,3.919,3.92,3.918,3.92,3.918,2
2023-08-24 23:11:00,22.0,3.912,3.905,3.905,3.905,3.905,2
2023-08-24 23:12:00,10.0,3.907,3.907,3.907,3.907,3.907,1
2023-08-24 23:13:00,20.2,3.911,3.91,3.91,3.91,3.91,2
2023-08-24 23:14:00,105.0,3.917,3.914,3.914,3.914,3.914,2
2023-08-24 23:19:00,510.0,3.973,3.914,3.974,3.974,3.914,2
2023-08-24 23:23:00,80.0,3.95,3.95,3.95,3.95,3.95,1
2023-08-24 23:25:00,600.0,3.909,3.91,3.901,3.91,3.901,3
2023-08-24 23:27:00,11.7,3.949,3.949,3.949,3.949,3.949,1
2023-08-24 23:28:00,100.0,3.949,3.949,3.949,3.949,3.949,1
2023-08-24 23:29:00,490.0,3.949,3.945,3.95,3.95,3.945,3
2023-08-24 23:30:00,12.0,3.95,3.95,3.95,3.95,3.95,1
2023-08-24 23:42:00,388.8,3.9,3.901,3.9,3.901,3.9,4
2023-08-24 23:43:00,24.8,3.902,3.901,3.901,3.901,3.901,2
2023-08-24 23:53:00,130.0,3.925,3.925,3.925,3.925,3.925,3
2023-08-24 23:55:00,30.0,3.921,3.93,3.93,3.93,3.93,2
2023-08-24 23:58:00,193.0,3.949,3.949,3.949,3.949,3.949,1
2023-08-24 23:59:00,119.9,3.901,3.901,3.901,3.901,3.901,1
2023-08-25 08:15:00,25.0,3.949,3.949,3.949,3.949,3.949,1
2023-08-25 08:21:00,175.0,3.91,3.91,3.91,3.91,3.91,2
2023-08-25 08:22:00,20.0,4.027,4.027,4.027,4.027,4.027,1
2023-08-25 09:35:00,100.0,3.9,3.9,3.9,3.9,3.9,5
2023-08-25 09:38:00,10.0,3.99,3.99,3.99,3.99,3.99,1
2023-08-25 09:40:00,20.0,3.99,3.99,3.99,3.99,3.99,1
2023-08-25 09:57:00,10.0,3.99,3.99,3.99,3.99,3.99,1
2023-08-25 10:19:00,20.0,3.9,3.9,3.9,3.9,3.9,2
2023-08-25 11:09:00,2100.0,3.886,3.9,3.875,3.9,3.875,15
2023-08-25 11:11:00,1350.0,3.875,3.875,3.875,3.875,3.875,2
2023-08-25 12:00:00,9594.6,3.89,3.9,3.9,3.997,3.875,29
2023-08-25 12:01:00,28.0,3.899,3.9,3.9,3.9,3.9,2
2023-08-25 12:02:00,21.8,3.945,3.95,3.95,3.95,3.95,2
2023-08-25 12:04:00,17.0,3.935,3.95,3.95,3.95,3.95,2
2023-08-25 12:09:00,100.0,3.95,3.95,3.95,3.95,3.95,2
2023-08-25 12:10:00,140.0,3.95,3.95,3.95,3.95,3.95,1
2023-08-25 12:12:00,10.0,3.949,3.949,3.949,3.949,3.949,1
2023-08-25 12:14:00,20.4,3.95,3.95,3.95,3.95,3.95,2
2023-08-25 12:15:00,180.1,3.903,3.95,3.9,3.95,3.9,3
2023-08-25 12:17:00,27.5,3.95,3.95,3.95,3.95,3.95,1
2023-08-25 12:18:00,230.0,3.949,3.949,3.949,3.949,3.949,1
2023-08-25 12:19:00,51.5,3.901,3.901,3.901,3.901,3.901,2
2023-08-25 12:20:00,10.3,3.95,3.95,3.95,3.95,3.95,1
2023-08-25 12:21:00,10.0,3.949,3.949,3.949,3.949,3.949,1
2023-08-25 12:23:00,41.0,3.9,3.9,3.9,3.9,3.9,1
2023-08-25 12:24:00,20.0,3.9,3.9,3.9,3.9,3.9,1
2023-08-25 12:34:00,10.9,3.949,3.949,3.949,3.949,3.949,2
2023-08-25 12:37:00,240.0,3.95,3.95,3.95,3.95,3.95,1
2023-08-25 12:46:00,37.2,3.93,3.93,3.93,3.93,3.93,1
2023-08-25 12:48:00,20.0,3.929,3.929,3.929,3.929,3.929,1
2023-08-25 12:50:00,30.3,3.902,3.902,3.902,3.902,3.902,3
2023-08-25 12:58:00,100.0,3.901,3.901,3.901,3.901,3.901,1
2023-08-25 13:00:00,120.0,3.929,3.929,3.929,3.929,3.929,1
2023-08-25 13:01:00,15.5,3.928,3.928,3.928,3.928,3.928,3
2023-08-25 13:02:00,24.4,3.928,3.928,3.928,3.928,3.928,1
2023-08-25 13:03:00,30.0,3.928,3.928,3.928,3.928,3.928,1
2023-08-25 13:04:00,121.2,3.929,3.929,3.929,3.929,3.929,1
2023-08-25 13:09:00,22.0,3.926,3.928,3.928,3.928,3.928,2
2023-08-25 13:14:00,37.0,3.913,3.928,3.901,3.928,3.901,3
2023-08-25 13:15:00,12.2,3.929,3.929,3.929,3.929,3.929,1
2023-08-25 13:17:00,92.8,3.9,3.9,3.9,3.9,3.9,6
2023-08-25 13:19:00,75.0,3.928,3.928,3.928,3.928,3.928,1
2023-08-25 13:21:00,100.0,3.9,3.9,3.9,3.9,3.9,1
2023-08-25 13:22:00,468.5,3.901,3.901,3.9,3.901,3.9,4
2023-08-25 13:24:00,30.2,3.929,3.929,3.929,3.929,3.929,2
2023-08-25 13:26:00,20.0,3.903,3.903,3.903,3.903,3.903,1
2023-08-25 13:27:00,90.0,3.903,3.903,3.903,3.903,3.903,1
2023-08-25 13:28:00,100.0,3.928,3.928,3.928,3.928,3.928,1
2023-08-25 13:30:00,11534.9,3.929,3.93,3.934,3.934,3.9,55
2023-08-25 13:31:00,1835.4,3.94,3.934,3.98,3.988,3.911,55
2023-08-25 13:32:00,3488.8,3.954,3.987,3.928,3.987,3.919,23
2023-08-25 13:33:00,5286.9,3.931,3.987,3.92,3.987,3.92,32
2023-08-25 13:34:00,1447.3,3.913,3.911,3.93,3.93,3.91,14
2023-08-25 13:35:00,2540.8,3.92,3.911,3.919,3.922,3.911,36
2023-08-25 13:36:00,6440.8,3.919,3.921,3.933,3.933,3.915,71
2023-08-25 13:37:00,9954.9,3.934,3.9345,3.926,3.938,3.926,99
2023-08-25 13:38:00,2456.8,3.915,3.919,3.91,3.923,3.91,23
2023-08-25 13:39:00,603.8,3.92,3.919,3.928,3.928,3.919,9
2023-08-25 13:40:00,9393.9,3.904,3.919,3.89,3.919,3.89,90
2023-08-25 13:41:00,2578.2,3.886,3.89,3.887,3.89,3.88,38
2023-08-25 13:42:00,1551.6,3.883,3.8825,3.878,3.888,3.877,30
2023-08-25 13:43:00,191.5,3.887,3.887,3.887,3.887,3.887,12
2023-08-25 13:44:00,2724.1,3.885,3.887,3.887,3.888,3.878,26
2023-08-25 13:45:00,2968.7,3.895,3.885,3.879,3.92,3.878,87
2023-08-25 13:46:00,1108.9,3.899,3.88,3.91,3.914,3.88,14
2023-08-25 13:47:00,412.1,3.9,3.902,3.901,3.902,3.891,12
2023-08-25 13:48:00,1915.6,3.896,3.892,3.892,3.902,3.892,21
2023-08-25 13:49:00,1050.9,3.902,3.902,3.892,3.902,3.892,6
2023-08-25 13:50:00,194.4,3.883,3.882,3.891,3.891,3.88,13
2023-08-25 13:51:00,7097.3,3.887,3.88,3.88,3.892,3.88,54
2023-08-25 13:52:00,2429.3,3.887,3.89,3.885,3.89,3.8835,13
2023-08-25 13:53:00,739.3,3.888,3.884,3.888,3.888,3.884,10
2023-08-25 13:54:00,2188.7,3.88,3.8825,3.887,3.887,3.875,18
2023-08-25 13:55:00,2138.6,3.879,3.877,3.875,3.886,3.875,48
2023-08-25 13:56:00,1641.4,3.878,3.875,3.875,3.884,3.875,25
2023-08-25 13:57:00,15947.5,3.86,3.875,3.865,3.879,3.85,111
2023-08-25 13:58:00,1871.6,3.872,3.865,3.86,3.879,3.851,17
2023-08-25 13:59:00,2701.2,3.861,3.879,3.87,3.879,3.86,9
2023-08-25 14:00:00,1152.9,3.878,3.8789,3.866,3.879,3.865,23
2023-08-25 14:01:00,3787.9,3.874,3.865,3.87,3.88,3.865,44
2023-08-25 14:02:00,2173.3,3.869,3.866,3.8759,3.8759,3.866,25
2023-08-25 14:03:00,3548.4,3.873,3.875,3.87,3.876,3.865,47
2023-08-25 14:04:00,2218.3,3.874,3.876,3.865,3.876,3.865,17
2023-08-25 14:05:00,1355.5,3.868,3.875,3.875,3.875,3.865,9
2023-08-25 14:06:00,3160.0,3.873,3.865,3.871,3.876,3.865,9
2023-08-25 14:07:00,753.2,3.875,3.875,3.876,3.876,3.8705,15
2023-08-25 14:08:00,443.9,3.873,3.8705,3.871,3.875,3.867,15
2023-08-25 14:09:00,2509.7,3.864,3.865,3.867,3.875,3.86,35
2023-08-25 14:10:00,602.0,3.871,3.872,3.864,3.872,3.864,5
2023-08-25 14:11:00,615.8,3.862,3.864,3.86,3.864,3.86,19
2023-08-25 14:12:00,118.1,3.862,3.862,3.861,3.862,3.861,6
2023-08-25 14:13:00,102.4,3.861,3.861,3.86,3.861,3.86,11
2023-08-25 14:14:00,708.2,3.861,3.86,3.861,3.861,3.86,12
2023-08-25 14:15:00,6501.7,3.866,3.861,3.877,3.877,3.86,60
2023-08-25 14:16:00,4723.6,3.9,3.874,3.935,3.935,3.874,36
2023-08-25 14:17:00,2920.1,3.928,3.927,3.936,3.936,3.9261,16
2023-08-25 14:18:00,3364.7,3.93,3.927,3.9447,3.946,3.927,15
2023-08-25 14:19:00,2995.4,3.922,3.945,3.92,3.945,3.92,11
2023-08-25 14:20:00,367.1,3.921,3.922,3.9219,3.922,3.9219,8
2023-08-25 14:21:00,3587.3,3.892,3.9,3.891,3.9,3.891,18
2023-08-25 14:22:00,1067.4,3.895,3.899,3.887,3.908,3.887,10
2023-08-25 14:23:00,137.9,3.906,3.9,3.908,3.908,3.9,6
2023-08-25 14:24:00,264.9,3.905,3.907,3.903,3.907,3.898,6
2023-08-25 14:25:00,70.4,3.899,3.903,3.898,3.903,3.891,9
2023-08-25 14:26:00,532.9,3.898,3.898,3.899,3.899,3.898,9
2023-08-25 14:27:00,5217.8,3.893,3.899,3.89,3.899,3.89,42
2023-08-25 14:28:00,1637.8,3.885,3.889,3.883,3.89,3.882,20
2023-08-25 14:29:00,1675.1,3.882,3.882,3.882,3.884,3.882,14
2023-08-25 14:30:00,51.3,3.882,3.882,3.882,3.882,3.882,4
2023-08-25 14:31:00,51.1,3.882,3.882,3.882,3.882,3.882,3
2023-08-25 14:32:00,476.1,3.883,3.883,3.883,3.884,3.883,14
2023-08-25 14:33:00,242.0,3.885,3.885,3.883,3.885,3.883,7
2023-08-25 14:34:00,1985.4,3.884,3.884,3.883,3.885,3.883,13
2023-08-25 14:35:00,143.4,3.884,3.883,3.884,3.885,3.883,10
2023-08-25 14:36:00,796.1,3.885,3.884,3.884,3.885,3.884,16
2023-08-25 14:37:00,3454.5,3.886,3.884,3.888,3.888,3.884,26
2023-08-25 14:38:00,2511.3,3.887,3.886,3.888,3.888,3.885,23
2023-08-25 14:39:00,4050.9,3.889,3.889,3.8881,3.889,3.888,14
2023-08-25 14:40:00,951.4,3.888,3.888,3.888,3.889,3.888,13
2023-08-25 14:41:00,199.8,3.888,3.889,3.888,3.889,3.888,8
2023-08-25 14:42:00,3178.1,3.886,3.888,3.888,3.888,3.885,15
2023-08-25 14:43:00,1286.2,3.885,3.885,3.8852,3.8865,3.885,23
2023-08-25 14:44:00,8310.0,3.88,3.885,3.851,3.885,3.851,43
2023-08-25 14:45:00,4539.5,3.852,3.851,3.858,3.858,3.85,49
2023-08-25 14:46:00,78.4,3.854,3.858,3.852,3.858,3.852,7
2023-08-25 14:47:00,6222.7,3.857,3.855,3.86,3.86,3.855,34
2023-08-25 14:48:00,126.2,3.856,3.854,3.86,3.86,3.854,7
2023-08-25 14:49:00,1153.8,3.855,3.858,3.853,3.858,3.853,21
2023-08-25 14:50:00,458.6,3.854,3.853,3.8541,3.8541,3.853,9
2023-08-25 14:51:00,942.4,3.855,3.855,3.858,3.859,3.854,13
2023-08-25 14:52:00,1380.9,3.86,3.859,3.8589,3.86,3.8589,22
2023-08-25 14:53:00,1826.2,3.853,3.853,3.853,3.858,3.853,27
2023-08-25 14:54:00,210.3,3.856,3.856,3.853,3.858,3.853,11
2023-08-25 14:55:00,927.2,3.859,3.859,3.859,3.859,3.859,7
2023-08-25 14:56:00,2927.2,3.856,3.859,3.856,3.859,3.854,18
2023-08-25 14:57:00,663.5,3.857,3.8561,3.857,3.858,3.8561,16
2023-08-25 14:58:00,303.0,3.857,3.858,3.856,3.858,3.856,10
2023-08-25 14:59:00,4761.4,3.851,3.856,3.854,3.856,3.85,33
2023-08-25 15:00:00,7953.2,3.85,3.851,3.848,3.853,3.847,56
2023-08-25 15:01:00,132.7,3.85,3.85,3.8486,3.85,3.8486,11
2023-08-25 15:02:00,3681.5,3.843,3.847,3.852,3.852,3.84,34
2023-08-25 15:03:00,1678.9,3.848,3.852,3.845,3.853,3.84,17
2023-08-25 15:04:00,4321.3,3.847,3.849,3.843,3.85,3.84,39
2023-08-25 15:05:00,1095.6,3.84,3.84,3.842,3.842,3.84,7
2023-08-25 15:06:00,3556.5,3.843,3.843,3.843,3.844,3.841,32
2023-08-25 15:07:00,13951.3,3.856,3.844,3.8745,3.877,3.844,105
2023-08-25 15:08:00,6677.0,3.856,3.872,3.853,3.872,3.852,28
2023-08-25 15:09:00,228.3,3.857,3.859,3.852,3.859,3.852,8
2023-08-25 15:10:00,666.2,3.863,3.864,3.863,3.864,3.852,17
2023-08-25 15:11:00,23.6,3.854,3.853,3.853,3.853,3.853,7
2023-08-25 15:12:00,325.1,3.858,3.861,3.852,3.861,3.852,15
2023-08-25 15:13:00,1122.6,3.855,3.852,3.857,3.857,3.852,20
2023-08-25 15:14:00,72.0,3.861,3.861,3.861,3.861,3.861,5
2023-08-25 15:15:00,71.4,3.856,3.858,3.8551,3.858,3.8551,7
2023-08-25 15:16:00,2895.2,3.861,3.858,3.871,3.871,3.855,37
2023-08-25 15:17:00,75.3,3.881,3.886,3.87,3.886,3.87,10
2023-08-25 15:18:00,477.7,3.875,3.86,3.8658,3.877,3.86,11
2023-08-25 15:19:00,284.8,3.862,3.8685,3.8626,3.8685,3.86,16
2023-08-25 15:20:00,39.0,3.868,3.867,3.867,3.867,3.867,7
2023-08-25 15:21:00,100.7,3.871,3.867,3.873,3.873,3.867,5
2023-08-25 15:22:00,2576.5,3.874,3.874,3.8706,3.874,3.8706,6
2023-08-25 15:23:00,194.0,3.861,3.872,3.86,3.872,3.86,5
2023-08-25 15:24:00,350.8,3.868,3.868,3.864,3.868,3.864,9
2023-08-25 15:25:00,75.7,3.861,3.861,3.861,3.861,3.861,2
2023-08-25 15:26:00,506.5,3.865,3.8635,3.8635,3.866,3.8635,12
2023-08-25 15:27:00,6906.4,3.876,3.863,3.882,3.882,3.863,40
2023-08-25 15:28:00,8250.6,3.883,3.881,3.884,3.887,3.88,23
2023-08-25 15:29:00,5033.5,3.89,3.884,3.891,3.9,3.884,24
2023-08-25 15:30:00,9106.7,3.898,3.891,3.897,3.9,3.891,24
2023-08-25 15:31:00,16474.8,3.898,3.897,3.895,3.9,3.894,44
2023-08-25 15:32:00,7074.7,3.892,3.894,3.888,3.898,3.878,29
2023-08-25 15:33:00,558.9,3.881,3.878,3.889,3.889,3.878,12
2023-08-25 15:34:00,333.8,3.884,3.889,3.879,3.889,3.879,4
2023-08-25 15:35:00,1952.8,3.887,3.89,3.8811,3.89,3.8791,25
2023-08-25 15:36:00,438.7,3.886,3.889,3.889,3.89,3.881,14
2023-08-25 15:37:00,376.4,3.884,3.885,3.886,3.89,3.881,19
2023-08-25 15:38:00,243.0,3.884,3.881,3.885,3.889,3.881,11
2023-08-25 15:39:00,253.3,3.885,3.884,3.8831,3.887,3.8831,6
2023-08-25 15:40:00,1495.0,3.883,3.883,3.883,3.887,3.882,19
2023-08-25 15:41:00,399.1,3.888,3.889,3.884,3.889,3.883,5
2023-08-25 15:42:00,2446.2,3.885,3.887,3.889,3.889,3.883,15
2023-08-25 15:43:00,541.5,3.887,3.885,3.884,3.89,3.884,8
2023-08-25 15:44:00,214.8,3.886,3.887,3.887,3.887,3.884,19
2023-08-25 15:45:00,5546.6,3.882,3.887,3.88,3.887,3.88,38
2023-08-25 15:46:00,173.5,3.884,3.8825,3.885,3.885,3.881,5
2023-08-25 15:47:00,294.9,3.883,3.884,3.884,3.885,3.881,8
2023-08-25 15:48:00,841.1,3.884,3.885,3.881,3.885,3.881,13
2023-08-25 15:49:00,1186.2,3.884,3.884,3.882,3.885,3.882,13
2023-08-25 15:50:00,3101.4,3.885,3.884,3.886,3.8862,3.884,18
2023-08-25 15:51:00,2963.0,3.886,3.886,3.886,3.8865,3.886,14
2023-08-25 15:52:00,1396.7,3.886,3.882,3.889,3.8893,3.882,9
2023-08-25 15:53:00,3041.3,3.889,3.89,3.887,3.89,3.884,6
2023-08-25 15:54:00,159.7,3.887,3.887,3.886,3.889,3.885,11
2023-08-25 15:55:00,195.6,3.888,3.8899,3.886,3.89,3.886,9
2023-08-25 15:56:00,376.6,3.886,3.886,3.886,3.886,3.886,7
2023-08-25 15:57:00,180.2,3.889,3.886,3.89,3.89,3.886,3
2023-08-25 15:58:00,5165.3,3.888,3.89,3.886,3.89,3.886,19
2023-08-25 15:59:00,15.0,3.888,3.888,3.888,3.888,3.888,1
2023-08-25 16:00:00,8743.1,3.897,3.888,3.892,3.9,3.888,35
2023-08-25 16:01:00,1855.4,3.892,3.892,3.892,3.892,3.892,16
2023-08-25 16:02:00,210.0,3.89,3.889,3.889,3.892,3.889,4
2023-08-25 16:03:00,1612.7,3.889,3.89,3.889,3.89,3.889,13
2023-08-25 16:04:00,1827.1,3.889,3.89,3.89,3.891,3.8851,11
2023-08-25 16:05:00,70.0,3.887,3.8851,3.891,3.891,3.8851,3
2023-08-25 16:06:00,914.7,3.891,3.891,3.9,3.9,3.885,17
2023-08-25 16:07:00,431.0,3.893,3.892,3.894,3.899,3.892,8
2023-08-25 16:08:00,233.7,3.888,3.895,3.886,3.9,3.886,9
2023-08-25 16:09:00,3162.3,3.886,3.886,3.8861,3.8861,3.886,22
2023-08-25 16:10:00,423.6,3.891,3.887,3.892,3.896,3.886,13
2023-08-25 16:11:00,1348.9,3.886,3.886,3.886,3.8897,3.886,41
2023-08-25 16:12:00,108.5,3.887,3.8861,3.886,3.8861,3.886,4
2023-08-25 16:13:00,311.1,3.892,3.891,3.896,3.896,3.891,7
2023-08-25 16:14:00,664.0,3.894,3.8861,3.8861,3.897,3.886,11
2023-08-25 16:15:00,150.0,3.893,3.896,3.8881,3.896,3.8881,5
2023-08-25 16:16:00,2589.3,3.893,3.888,3.89,3.896,3.888,19
2023-08-25 16:17:00,470.0,3.893,3.892,3.893,3.893,3.89,3
2023-08-25 16:18:00,3331.1,3.893,3.892,3.894,3.894,3.89,21
2023-08-25 16:19:00,1349.4,3.893,3.894,3.8935,3.894,3.891,23
2023-08-25 16:20:00,18046.1,3.891,3.891,3.892,3.892,3.89,49
2023-08-25 16:21:00,4192.0,3.893,3.892,3.893,3.894,3.892,39
2023-08-25 16:22:00,2430.5,3.894,3.894,3.894,3.894,3.893,11
2023-08-25 16:23:00,939.7,3.896,3.894,3.8955,3.897,3.893,18
2023-08-25 16:24:00,1050.0,3.896,3.896,3.896,3.896,3.896,6
2023-08-25 16:25:00,2072.5,3.897,3.898,3.898,3.898,3.896,15
2023-08-25 16:26:00,16818.5,3.892,3.896,3.89,3.897,3.89,94
2023-08-25 16:27:00,27.4,3.893,3.893,3.893,3.893,3.893,4
2023-08-25 16:29:00,19562.3,3.887,3.893,3.869,3.893,3.869,64
2023-08-25 16:30:00,2455.5,3.866,3.865,3.867,3.869,3.865,11
2023-08-25 16:31:00,4180.5,3.87,3.87,3.87,3.875,3.867,36
2023-08-25 16:32:00,209.5,3.882,3.866,3.891,3.891,3.866,4
2023-08-25 16:33:00,29.1,3.88,3.89,3.868,3.89,3.868,5
2023-08-25 16:34:00,607.1,3.884,3.881,3.8848,3.8848,3.8795,11
2023-08-25 16:35:00,18.0,3.886,3.8855,3.8855,3.8855,3.8855,2
2023-08-25 16:36:00,85.4,3.889,3.89,3.89,3.89,3.883,5
2023-08-25 16:37:00,192.4,3.881,3.883,3.8801,3.886,3.88,14
2023-08-25 16:38:00,1301.8,3.885,3.883,3.8855,3.89,3.88,16
2023-08-25 16:39:00,422.8,3.885,3.8855,3.89,3.89,3.8801,9
2023-08-25 16:40:00,1402.2,3.882,3.885,3.8801,3.886,3.88,30
2023-08-25 16:41:00,180.2,3.885,3.884,3.8855,3.8855,3.884,4
2023-08-25 16:42:00,176.3,3.884,3.88,3.886,3.886,3.88,5
2023-08-25 16:43:00,50.0,3.88,3.8801,3.8801,3.8801,3.8801,1
2023-08-25 16:44:00,1673.0,3.89,3.8855,3.891,3.891,3.8855,16
2023-08-25 16:45:00,982.5,3.891,3.891,3.89,3.891,3.89,7
2023-08-25 16:46:00,423.6,3.89,3.89,3.8909,3.891,3.89,4
2023-08-25 16:47:00,493.0,3.891,3.89,3.89,3.891,3.89,7
2023-08-25 16:48:00,492.5,3.89,3.89,3.89,3.891,3.89,6
2023-08-25 16:49:00,4910.7,3.888,3.89,3.887,3.89,3.865,27
2023-08-25 16:50:00,1058.6,3.866,3.8662,3.866,3.8662,3.866,7
2023-08-25 16:51:00,3466.9,3.872,3.866,3.868,3.887,3.866,8
2023-08-25 16:52:00,82.6,3.872,3.887,3.8765,3.887,3.8662,4
2023-08-25 16:53:00,400.3,3.883,3.887,3.877,3.887,3.877,13
2023-08-25 16:54:00,96.5,3.868,3.867,3.867,3.867,3.867,4
2023-08-25 16:55:00,577.0,3.874,3.887,3.8702,3.887,3.867,10
2023-08-25 16:56:00,173.0,3.871,3.87,3.87,3.87,3.87,10
2023-08-25 16:57:00,321.3,3.874,3.8738,3.8738,3.8738,3.8738,3
2023-08-25 16:58:00,341.7,3.875,3.883,3.882,3.883,3.87,13
2023-08-25 16:59:00,1615.8,3.876,3.876,3.878,3.883,3.8701,33
2023-08-25 17:00:00,115.8,3.879,3.8781,3.8805,3.8805,3.8781,4
2023-08-25 17:01:00,882.0,3.883,3.878,3.883,3.883,3.878,16
2023-08-25 17:02:00,123.1,3.879,3.878,3.8802,3.8802,3.878,8
2023-08-25 17:03:00,1681.2,3.883,3.8805,3.883,3.883,3.8805,24
2023-08-25 17:04:00,117.6,3.88,3.879,3.879,3.882,3.879,10
2023-08-25 17:05:00,1833.1,3.883,3.883,3.875,3.883,3.875,12
2023-08-25 17:06:00,1034.7,3.877,3.88,3.877,3.88,3.875,15
2023-08-25 17:07:00,442.5,3.877,3.877,3.877,3.877,3.877,3
2023-08-25 17:08:00,1410.6,3.878,3.878,3.877,3.878,3.877,10
2023-08-25 17:09:00,775.6,3.877,3.877,3.877,3.878,3.877,16
2023-08-25 17:11:00,2201.3,3.874,3.878,3.864,3.878,3.864,20
2023-08-25 17:12:00,10.3,3.87,3.8705,3.8705,3.8705,3.8705,1
2023-08-25 17:13:00,10.2,3.87,3.87,3.87,3.87,3.87,2
2023-08-25 17:14:00,62.4,3.874,3.864,3.876,3.876,3.864,8
2023-08-25 17:15:00,281.7,3.876,3.876,3.876,3.876,3.876,7
2023-08-25 17:16:00,507.6,3.876,3.876,3.876,3.876,3.876,3
2023-08-25 17:18:00,256.7,3.871,3.869,3.877,3.877,3.869,7
2023-08-25 17:19:00,300.6,3.876,3.876,3.876,3.876,3.876,5
2023-08-25 17:20:00,219.2,3.876,3.876,3.877,3.877,3.876,9
2023-08-25 17:21:00,152.2,3.876,3.876,3.8761,3.8761,3.876,10
2023-08-25 17:22:00,89.8,3.876,3.8765,3.876,3.8765,3.876,6
2023-08-25 17:23:00,3658.4,3.868,3.876,3.876,3.877,3.862,16
2023-08-25 17:24:00,22.0,3.873,3.874,3.874,3.874,3.874,11
2023-08-25 17:25:00,161.6,3.866,3.862,3.868,3.868,3.862,16
2023-08-25 17:26:00,1509.8,3.874,3.874,3.874,3.874,3.8733,8
2023-08-25 17:27:00,259.3,3.869,3.873,3.868,3.874,3.868,8
2023-08-25 17:28:00,171.7,3.871,3.874,3.868,3.874,3.868,2
2023-08-25 17:29:00,1630.9,3.862,3.862,3.874,3.874,3.862,7
2023-08-25 17:30:00,1610.7,3.863,3.862,3.874,3.874,3.862,6
2023-08-25 17:31:00,30.0,3.866,3.862,3.862,3.873,3.862,3
2023-08-25 17:32:00,1339.7,3.864,3.862,3.866,3.872,3.86,30
2023-08-25 17:33:00,26.3,3.869,3.871,3.871,3.871,3.871,4
2023-08-25 17:34:00,208.9,3.866,3.866,3.866,3.866,3.866,8
2023-08-25 17:35:00,2639.1,3.862,3.872,3.86,3.872,3.86,6
2023-08-25 17:36:00,1065.7,3.869,3.8653,3.872,3.872,3.86,7
2023-08-25 17:37:00,39.0,3.87,3.8706,3.871,3.871,3.87,8
2023-08-25 17:38:00,32.3,3.871,3.871,3.871,3.871,3.871,6
2023-08-25 17:39:00,557.6,3.87,3.87,3.87,3.87,3.87,8
2023-08-25 17:40:00,528.5,3.866,3.8655,3.871,3.871,3.8655,14
2023-08-25 17:41:00,53.5,3.869,3.871,3.87,3.871,3.866,11
2023-08-25 17:42:00,280.3,3.869,3.868,3.8655,3.87,3.8655,7
2023-08-25 17:43:00,81.0,3.866,3.868,3.865,3.868,3.865,4
2023-08-25 17:44:00,201.0,3.866,3.8655,3.8655,3.8655,3.8655,3
2023-08-25 17:45:00,762.9,3.87,3.87,3.8645,3.8709,3.8645,13
2023-08-25 17:46:00,16.7,3.867,3.868,3.868,3.868,3.868,7
2023-08-25 17:47:00,2038.1,3.864,3.8645,3.86,3.869,3.86,9
2023-08-25 17:48:00,278.7,3.864,3.8645,3.8645,3.8645,3.8626,8
2023-08-25 17:49:00,39.2,3.862,3.862,3.862,3.862,3.862,8
2023-08-25 17:50:00,541.6,3.868,3.869,3.867,3.869,3.865,12
2023-08-25 17:51:00,301.5,3.867,3.867,3.867,3.868,3.865,13
2023-08-25 17:52:00,91.1,3.867,3.868,3.8671,3.868,3.8671,10
2023-08-25 17:53:00,1274.8,3.869,3.869,3.868,3.869,3.8676,10
2023-08-25 17:54:00,798.8,3.865,3.867,3.864,3.867,3.8601,14
2023-08-25 17:55:00,59.4,3.867,3.867,3.864,3.868,3.864,7
2023-08-25 17:56:00,281.9,3.86,3.86,3.86,3.86,3.86,4
2023-08-25 17:57:00,3806.6,3.868,3.864,3.868,3.868,3.864,10
2023-08-25 17:58:00,710.0,3.862,3.868,3.861,3.868,3.861,4
2023-08-25 17:59:00,2451.4,3.867,3.867,3.861,3.869,3.861,20
2023-08-25 18:00:00,134.7,3.868,3.868,3.868,3.868,3.868,7
2023-08-25 18:02:00,1927.2,3.867,3.868,3.868,3.869,3.861,33
2023-08-25 18:03:00,1267.7,3.868,3.869,3.865,3.87,3.865,15
2023-08-25 18:04:00,106.1,3.871,3.871,3.871,3.871,3.871,6
2023-08-25 18:05:00,104.2,3.867,3.867,3.867,3.867,3.867,5
2023-08-25 18:06:00,19.2,3.865,3.865,3.865,3.865,3.865,2
2023-08-25 18:07:00,1069.0,3.871,3.87,3.871,3.871,3.87,18
2023-08-25 18:08:00,512.0,3.871,3.871,3.87,3.871,3.87,15
2023-08-25 18:10:00,862.5,3.869,3.87,3.871,3.872,3.866,25
2023-08-25 18:11:00,21435.7,3.893,3.872,3.899,3.9,3.871,40
2023-08-25 18:12:00,18450.4,3.905,3.9,3.903,3.912,3.9,87
2023-08-25 18:13:00,546.0,3.884,3.8813,3.897,3.897,3.881,11
2023-08-25 18:14:00,12606.3,3.912,3.8813,3.881,3.912,3.881,13
2023-08-25 18:15:00,588.4,3.91,3.911,3.911,3.912,3.903,30
2023-08-25 18:16:00,4650.0,3.908,3.912,3.905,3.919,3.903,51
2023-08-25 18:17:00,2751.7,3.92,3.908,3.922,3.922,3.908,24
2023-08-25 18:18:00,5950.5,3.923,3.922,3.924,3.928,3.922,31
2023-08-25 18:19:00,9344.5,3.923,3.925,3.926,3.927,3.922,88
2023-08-25 18:20:00,1900.1,3.925,3.926,3.925,3.926,3.925,22
2023-08-25 18:22:00,12642.2,3.918,3.925,3.926,3.926,3.916,42
2023-08-25 18:23:00,2189.0,3.917,3.926,3.916,3.926,3.916,18
2023-08-25 18:24:00,4081.9,3.912,3.916,3.905,3.924,3.905,46
2023-08-25 18:25:00,215.6,3.908,3.905,3.9061,3.91,3.905,6
2023-08-25 18:27:00,142.7,3.909,3.907,3.915,3.915,3.907,7
2023-08-25 18:28:00,691.9,3.913,3.911,3.915,3.915,3.911,11
2023-08-25 18:29:00,2023.8,3.916,3.914,3.917,3.917,3.914,22
2023-08-25 18:30:00,1273.6,3.92,3.919,3.925,3.925,3.919,17
2023-08-25 18:31:00,487.5,3.923,3.924,3.918,3.925,3.918,10
2023-08-25 18:33:00,1944.9,3.928,3.925,3.931,3.931,3.925,21
2023-08-25 18:34:00,1010.0,3.937,3.932,3.943,3.943,3.9319,15
2023-08-25 18:35:00,2432.0,3.943,3.943,3.945,3.945,3.943,17
2023-08-25 18:36:00,1747.6,3.945,3.944,3.947,3.95,3.944,26
2023-08-25 18:37:00,8133.4,3.948,3.949,3.947,3.95,3.947,57
2023-08-25 18:38:00,3986.9,3.948,3.947,3.949,3.949,3.946,30
2023-08-25 18:39:00,5020.6,3.948,3.945,3.949,3.95,3.945,28
2023-08-25 18:40:00,2151.4,3.948,3.945,3.945,3.949,3.945,24
2023-08-25 18:41:00,1318.4,3.949,3.948,3.948,3.949,3.948,12
2023-08-25 18:42:00,2405.1,3.948,3.949,3.948,3.949,3.948,18
2023-08-25 18:43:00,3511.5,3.948,3.949,3.948,3.949,3.948,16
2023-08-25 18:44:00,1591.0,3.949,3.948,3.9481,3.949,3.948,16
2023-08-25 18:45:00,1671.0,3.949,3.948,3.949,3.949,3.948,17
2023-08-25 18:46:00,1932.0,3.948,3.9485,3.949,3.949,3.945,35
2023-08-25 18:47:00,1914.9,3.945,3.947,3.945,3.947,3.9445,18
2023-08-25 18:48:00,3441.3,3.935,3.944,3.9321,3.945,3.932,27
2023-08-25 18:49:00,439.9,3.935,3.936,3.934,3.944,3.932,10
2023-08-25 18:50:00,3529.3,3.93,3.933,3.928,3.933,3.928,29
2023-08-25 18:51:00,1306.2,3.926,3.928,3.928,3.929,3.92,16
2023-08-25 18:52:00,221.2,3.924,3.928,3.922,3.928,3.922,11
2023-08-25 18:53:00,189.4,3.924,3.923,3.922,3.924,3.922,7
2023-08-25 18:55:00,169.9,3.921,3.92,3.921,3.922,3.92,7
2023-08-25 18:56:00,821.7,3.923,3.924,3.9223,3.924,3.9223,5
2023-08-25 18:57:00,210.8,3.92,3.921,3.919,3.921,3.919,9
2023-08-25 18:58:00,330.3,3.92,3.91,3.914,3.924,3.91,9
2023-08-25 18:59:00,862.8,3.913,3.914,3.914,3.921,3.911,18
2023-08-25 19:00:00,706.6,3.92,3.914,3.915,3.921,3.914,27
2023-08-25 19:01:00,711.3,3.914,3.92,3.921,3.921,3.909,17
2023-08-25 19:02:00,688.5,3.914,3.921,3.911,3.921,3.911,13
2023-08-25 19:03:00,181.9,3.915,3.9165,3.915,3.9165,3.915,6
2023-08-25 19:04:00,1511.5,3.918,3.911,3.922,3.922,3.911,9
2023-08-25 19:05:00,3650.2,3.92,3.9111,3.921,3.922,3.9111,22
2023-08-25 19:06:00,2823.7,3.921,3.921,3.921,3.9215,3.921,14
2023-08-25 19:07:00,1680.8,3.92,3.921,3.919,3.9215,3.919,23
2023-08-25 19:08:00,12.9,3.916,3.9155,3.9155,3.9155,3.9155,4
2023-08-25 19:09:00,114.9,3.913,3.919,3.911,3.919,3.911,18
2023-08-25 19:10:00,31.2,3.919,3.919,3.919,3.919,3.919,11
2023-08-25 19:11:00,189.7,3.919,3.919,3.9155,3.92,3.9155,15
2023-08-25 19:13:00,5109.3,3.912,3.9155,3.911,3.9155,3.911,16
2023-08-25 19:14:00,56.6,3.912,3.911,3.911,3.911,3.911,6
2023-08-25 19:15:00,5630.4,3.919,3.912,3.919,3.92,3.9111,49
2023-08-25 19:16:00,3949.1,3.919,3.919,3.919,3.92,3.919,19
2023-08-25 19:17:00,965.8,3.916,3.92,3.92,3.92,3.911,13
2023-08-25 19:18:00,138.4,3.919,3.919,3.919,3.919,3.919,4
2023-08-25 19:19:00,2915.3,3.92,3.92,3.918,3.92,3.918,9
2023-08-25 19:21:00,612.8,3.919,3.919,3.919,3.92,3.919,9
2023-08-25 19:22:00,251.4,3.919,3.919,3.92,3.92,3.919,8
2023-08-25 19:23:00,1317.0,3.915,3.92,3.919,3.92,3.911,14
2023-08-25 19:24:00,655.3,3.919,3.919,3.919,3.919,3.919,3
2023-08-25 19:25:00,3951.0,3.919,3.911,3.92,3.92,3.911,19
2023-08-25 19:26:00,106.3,3.916,3.9155,3.9155,3.92,3.9155,11
2023-08-25 19:27:00,429.9,3.919,3.92,3.92,3.92,3.911,13
2023-08-25 19:28:00,73.3,3.916,3.92,3.92,3.92,3.915,6
2023-08-25 19:30:00,12775.6,3.906,3.9155,3.901,3.9193,3.901,63
2023-08-25 19:31:00,1499.0,3.909,3.912,3.904,3.9186,3.901,29
2023-08-25 19:32:00,1349.8,3.906,3.901,3.904,3.907,3.901,13
2023-08-25 19:33:00,430.7,3.906,3.904,3.906,3.907,3.904,27
2023-08-25 19:34:00,226.4,3.904,3.904,3.904,3.904,3.904,16
2023-08-25 19:35:00,457.3,3.905,3.904,3.9044,3.9055,3.904,9
2023-08-25 19:36:00,60.3,3.905,3.905,3.906,3.906,3.904,6
2023-08-25 19:37:00,11628.4,3.9,3.904,3.9,3.907,3.9,37
2023-08-25 19:38:00,208.3,3.9,3.9,3.9,3.9,3.9,4
2023-08-25 19:39:00,1421.6,3.905,3.904,3.906,3.906,3.904,15
2023-08-25 19:40:00,1574.2,3.906,3.907,3.905,3.907,3.905,9
2023-08-25 19:41:00,4021.1,3.9,3.906,3.9035,3.906,3.9,18
2023-08-25 19:42:00,572.0,3.902,3.904,3.902,3.904,3.901,6
2023-08-25 19:43:00,318.0,3.902,3.902,3.902,3.902,3.902,8
2023-08-25 19:44:00,160.6,3.905,3.902,3.906,3.906,3.902,5
2023-08-25 19:45:00,1922.4,3.906,3.907,3.907,3.907,3.902,15
2023-08-25 19:46:00,18200.1,3.902,3.902,3.902,3.906,3.901,35
2023-08-25 19:47:00,1613.8,3.902,3.902,3.902,3.902,3.901,20
2023-08-25 19:48:00,1829.7,3.902,3.902,3.901,3.902,3.901,21
2023-08-25 19:49:00,2233.8,3.901,3.901,3.902,3.902,3.9,24
2023-08-25 19:50:00,609.6,3.902,3.902,3.901,3.902,3.901,54
2023-08-25 19:51:00,1207.1,3.902,3.901,3.902,3.902,3.901,67
2023-08-25 19:52:00,5499.0,3.902,3.902,3.902,3.903,3.901,75
2023-08-25 19:53:00,1612.2,3.902,3.902,3.902,3.902,3.901,69
2023-08-25 19:54:00,2078.4,3.903,3.902,3.903,3.903,3.901,35
2023-08-25 19:55:00,518.3,3.903,3.903,3.903,3.903,3.902,12
2023-08-25 19:56:00,1210.0,3.903,3.903,3.902,3.903,3.902,45
2023-08-25 19:57:00,2601.2,3.901,3.902,3.9,3.903,3.9,27
2023-08-25 19:58:00,1646.0,3.901,3.903,3.9,3.903,3.9,27
2023-08-25 19:59:00,19381.7,3.903,3.903,3.9149,3.915,3.9,159
2023-08-25 20:00:00,19.0,3.9,3.9,3.9,3.9,3.9,2
2023-08-25 20:01:00,10.0,3.939,3.939,3.939,3.939,3.939,1
2023-08-25 20:02:00,12.0,3.94,3.94,3.94,3.94,3.94,1
2023-08-25 20:03:00,665.5,3.903,3.902,3.94,3.94,3.902,2
2023-08-25 20:04:00,200.2,3.94,3.939,3.94,3.94,3.939,3
2023-08-25 20:05:00,225.3,3.938,3.938,3.938,3.938,3.938,2
2023-08-25 20:06:00,225.3,3.939,3.939,3.939,3.939,3.939,2
2023-08-25 20:11:00,24.1,3.935,3.935,3.935,3.935,3.935,1
2023-08-25 20:12:00,500.0,3.904,3.904,3.904,3.904,3.904,1
2023-08-25 20:18:00,100.0,3.938,3.938,3.938,3.938,3.938,1
2023-08-25 20:19:00,27.0,3.936,3.939,3.939,3.939,3.939,2
2023-08-25 20:20:00,100.0,3.929,3.929,3.929,3.929,3.929,1
2023-08-25 20:23:00,78.5,3.929,3.929,3.929,3.929,3.929,1
2023-08-25 20:30:00,19.8,3.924,3.92,3.92,3.92,3.92,2
2023-08-25 20:31:00,10.0,3.929,3.929,3.929,3.929,3.929,1
2023-08-25 20:35:00,10.0,3.903,3.903,3.903,3.903,3.903,1
2023-08-25 20:36:00,10.0,3.91,3.91,3.91,3.91,3.91,1
2023-08-25 20:39:00,12.8,3.929,3.929,3.929,3.929,3.929,1
2023-08-25 20:45:00,16.6,3.904,3.904,3.904,3.904,3.904,1
2023-08-25 20:58:00,1000.0,3.929,3.929,3.929,3.929,3.929,1
2023-08-25 21:06:00,10.8,3.909,3.909,3.909,3.909,3.909,2
2023-08-25 21:08:00,1241.9,3.902,3.903,3.9,3.903,3.9,10
2023-08-25 21:09:00,2000.0,3.904,3.9,3.91,3.91,3.9,20
2023-08-25 21:10:00,266.9,3.911,3.91,3.91,3.91,3.91,4
2023-08-25 21:11:00,200.0,3.939,3.939,3.939,3.939,3.939,2
2023-08-25 21:12:00,40.0,3.911,3.911,3.911,3.911,3.911,1
2023-08-25 21:14:00,211.0,3.91,3.91,3.91,3.91,3.91,4
2023-08-25 21:17:00,25.2,3.935,3.935,3.935,3.935,3.935,1
2023-08-25 21:21:00,100.0,3.91,3.91,3.91,3.91,3.91,3
2023-08-25 21:25:00,254.7,3.914,3.91,3.94,3.94,3.91,5
2023-08-25 21:37:00,40.0,3.935,3.935,3.935,3.935,3.935,1
2023-08-25 21:48:00,10.0,3.935,3.935,3.935,3.935,3.935,1
2023-08-25 21:55:00,102.7,3.934,3.935,3.935,3.935,3.935,3
2023-08-25 21:56:00,88.0,3.91,3.91,3.91,3.91,3.91,4
2023-08-25 21:57:00,100.0,3.91,3.91,3.91,3.91,3.91,4
2023-08-25 21:59:00,100.0,3.885,3.91,3.88,3.91,3.88,4
2023-08-25 22:01:00,302.5,3.881,3.881,3.881,3.881,3.881,26
2023-08-25 22:02:00,50.6,3.882,3.881,3.881,3.881,3.881,4
2023-08-25 22:03:00,87.0,3.881,3.881,3.881,3.881,3.881,5
2023-08-25 22:08:00,24.5,3.934,3.934,3.934,3.934,3.934,1
2023-08-25 22:16:00,10.0,3.935,3.935,3.935,3.935,3.935,1
2023-08-25 22:19:00,125.0,3.896,3.896,3.896,3.896,3.896,1
2023-08-25 22:32:00,11.0,3.909,3.909,3.909,3.909,3.909,1
2023-08-25 22:34:00,10.0,3.909,3.909,3.909,3.909,3.909,1
2023-08-25 22:37:00,65.7,3.909,3.909,3.909,3.909,3.909,2
2023-08-25 22:40:00,10.0,3.909,3.909,3.909,3.909,3.909,1
2023-08-25 22:49:00,15.0,3.896,3.896,3.896,3.896,3.896,1
2023-08-25 22:54:00,10.0,3.896,3.896,3.896,3.896,3.896,1
2023-08-25 23:11:00,70.0,3.898,3.898,3.898,3.898,3.898,1
2023-08-25 23:15:00,10.0,3.896,3.896,3.896,3.896,3.896,1
2023-08-25 23:20:00,37.6,3.895,3.895,3.895,3.895,3.895,3
2023-08-25 23:21:00,963.2,3.88,3.88,3.88,3.88,3.88,5
2023-08-25 23:23:00,300.0,3.881,3.881,3.881,3.881,3.881,13
2023-08-25 23:24:00,10.1,3.91,3.91,3.91,3.91,3.91,2
2023-08-25 23:38:00,12.0,3.901,3.901,3.901,3.901,3.901,1
2023-08-25 23:42:00,20.0,3.901,3.901,3.901,3.901,3.901,1
2023-08-25 23:45:00,100.3,3.909,3.909,3.909,3.909,3.909,3
2023-08-25 23:56:00,10.0,3.909,3.909,3.909,3.909,3.909,1
2023-08-28 08:14:00,29.1,3.91,3.91,3.91,3.91,3.91,1
2023-08-28 08:44:00,20.0,3.9,3.9,3.9,3.9,3.9,2
2023-08-28 08:45:00,16.0,3.9,3.9,3.9,3.9,3.9,1
2023-08-28 09:39:00,10.0,3.9,3.9,3.9,3.9,3.9,1
2023-08-28 10:40:00,364.8,3.91,3.9,3.952,3.952,3.9,2
2023-08-28 10:41:00,200.0,3.98,3.98,3.98,3.98,3.979,3
2023-08-28 10:52:00,50.0,3.901,3.901,3.9,3.901,3.9,5
2023-08-28 11:00:00,20.4,3.9,3.9,3.9,3.9,3.9,3
2023-08-28 11:11:00,11.5,3.891,3.891,3.891,3.891,3.891,2
2023-08-28 11:24:00,48.5,3.898,3.897,3.899,3.899,3.897,3
2023-08-28 11:28:00,25.6,3.899,3.899,3.898,3.899,3.898,3
2023-08-28 11:30:00,93.9,3.9,3.9,3.9,3.9,3.9,1
2023-08-28 11:49:00,101.9,3.9,3.9,3.9,3.9,3.9,1
2023-08-28 11:59:00,150.0,3.857,3.88,3.851,3.88,3.851,14
2023-08-28 12:00:00,2170.7,3.888,3.9915,3.9,3.9915,3.87,42
2023-08-28 12:04:00,10.0,3.9,3.9,3.9,3.9,3.9,1
2023-08-28 12:13:00,10.8,3.897,3.897,3.897,3.897,3.897,2
2023-08-28 12:14:00,125.0,3.888,3.895,3.872,3.9,3.872,7
2023-08-28 12:15:00,131.9,3.871,3.87,3.872,3.872,3.87,6
2023-08-28 12:16:00,35.9,3.871,3.871,3.871,3.871,3.871,1
2023-08-28 12:18:00,10.5,3.898,3.899,3.899,3.899,3.899,2
2023-08-28 12:20:00,700.0,3.9,3.892,3.9,3.9,3.892,8
2023-08-28 12:23:00,200.0,3.899,3.899,3.899,3.899,3.899,1
2023-08-28 12:33:00,1100.0,3.9,3.9,3.9,3.9,3.9,1
2023-08-28 12:34:00,60.0,3.9,3.9,3.9,3.9,3.9,2
2023-08-28 12:35:00,12.5,3.9,3.9,3.9,3.9,3.9,2
2023-08-28 12:37:00,16.1,3.9,3.9,3.9,3.9,3.9,2
2023-08-28 12:38:00,10.0,3.9,3.9,3.9,3.9,3.9,1
2023-08-28 12:41:00,20.0,3.899,3.899,3.899,3.899,3.899,1
2023-08-28 12:44:00,50.0,3.9,3.9,3.9,3.9,3.9,1
2023-08-28 12:45:00,85.0,3.899,3.899,3.899,3.899,3.899,3
2023-08-28 12:46:00,100.0,3.894,3.899,3.9,3.9,3.871,4
2023-08-28 12:47:00,112.5,3.9,3.9,3.899,3.9,3.899,5
2023-08-28 12:48:00,20.0,3.9,3.9,3.9,3.9,3.9,1
2023-08-28 12:54:00,17.8,3.899,3.899,3.899,3.899,3.899,2
2023-08-28 12:57:00,140.6,3.9,3.9,3.9,3.9,3.9,2
2023-08-28 12:58:00,11.5,3.899,3.899,3.899,3.899,3.899,2
2023-08-28 13:01:00,28.0,3.897,3.899,3.899,3.899,3.899,2
2023-08-28 13:03:00,1159.5,3.882,3.881,3.9,3.9,3.881,2
2023-08-28 13:05:00,21.7,3.9,3.9,3.9,3.9,3.9,3
2023-08-28 13:06:00,124.0,3.902,3.9,3.9,3.9,3.9,6
2023-08-28 13:08:00,90.1,3.949,3.949,3.949,3.949,3.949,2
2023-08-28 13:15:00,749.9,3.911,3.949,3.91,3.949,3.91,5
2023-08-28 13:17:00,5000.0,3.982,3.947,4.0,4.0,3.945,24
2023-08-28 13:18:00,20.4,3.997,3.997,3.996,3.997,3.996,3
2023-08-28 13:20:00,24.0,3.989,3.989,3.989,3.989,3.989,1
2023-08-28 13:21:00,70.0,3.989,3.989,3.988,3.989,3.988,3
2023-08-28 13:24:00,26.0,3.987,3.987,3.987,3.987,3.987,1
2023-08-28 13:27:00,26.6,3.98,3.99,3.99,3.99,3.99,2
2023-08-28 13:28:00,40.0,3.961,3.975,3.951,3.975,3.951,3
2023-08-28 13:30:00,14207.7,3.991,3.993,3.952,3.993,3.952,83
2023-08-28 13:31:00,187.3,3.946,3.952,3.937,3.952,3.937,9
2023-08-28 13:32:00,2578.8,3.921,3.943,3.92,3.944,3.92,19
2023-08-28 13:33:00,249.4,3.944,3.92,3.945,3.968,3.92,11
2023-08-28 13:34:00,2804.1,3.923,3.922,3.93,3.93,3.922,7
2023-08-28 13:35:00,1864.4,3.924,3.943,3.921,3.949,3.921,34
2023-08-28 13:36:00,3049.7,3.924,3.921,3.921,3.956,3.92,36
2023-08-28 13:37:00,16249.9,3.901,3.951,3.869,3.951,3.855,226
2023-08-28 13:38:00,2061.8,3.888,3.8925,3.88,3.916,3.856,31
2023-08-28 13:39:00,16170.6,3.857,3.869,3.901,3.901,3.841,125
2023-08-28 13:40:00,1809.9,3.898,3.9,3.9,3.9,3.881,16
2023-08-28 13:41:00,283.2,3.891,3.899,3.89,3.899,3.89,12
2023-08-28 13:42:00,1642.2,3.899,3.9,3.885,3.9,3.8845,16
2023-08-28 13:43:00,846.1,3.88,3.875,3.899,3.899,3.869,14
2023-08-28 13:44:00,418.6,3.897,3.899,3.899,3.899,3.8813,4
2023-08-28 13:45:00,1101.4,3.898,3.899,3.888,3.899,3.888,7
2023-08-28 13:46:00,101.9,3.889,3.8803,3.899,3.899,3.8803,11
2023-08-28 13:47:00,980.3,3.898,3.881,3.898,3.899,3.881,19
2023-08-28 13:48:00,651.7,3.893,3.8988,3.89,3.8988,3.8874,15
2023-08-28 13:49:00,1116.4,3.883,3.8955,3.899,3.899,3.882,10
2023-08-28 13:50:00,212.3,3.892,3.899,3.893,3.899,3.882,9
2023-08-28 13:51:00,172.6,3.895,3.89,3.9,3.9,3.89,10
2023-08-28 13:52:00,830.0,3.9,3.9,3.9,3.9,3.9,4
2023-08-28 13:53:00,2264.1,3.899,3.899,3.899,3.9,3.899,6
2023-08-28 13:54:00,86.4,3.893,3.895,3.892,3.895,3.891,12
2023-08-28 13:55:00,2685.4,3.898,3.892,3.9,3.9,3.892,30
2023-08-28 13:56:00,1029.1,3.899,3.899,3.899,3.899,3.899,9
2023-08-28 13:57:00,133.4,3.9,3.9,3.9,3.9,3.9,7
2023-08-28 13:58:00,2480.2,3.903,3.8995,3.904,3.905,3.8995,23
2023-08-28 13:59:00,17433.4,3.933,3.905,3.937,3.95,3.903,83
2023-08-28 14:00:00,3237.9,3.938,3.938,3.944,3.946,3.937,61
2023-08-28 14:01:00,6116.1,3.939,3.938,3.943,3.949,3.937,68
2023-08-28 14:02:00,2706.0,3.946,3.937,3.95,3.95,3.937,30
2023-08-28 14:03:00,2017.7,3.95,3.949,3.95,3.96,3.949,31
2023-08-28 14:04:00,736.9,3.949,3.95,3.949,3.95,3.949,7
2023-08-28 14:05:00,2821.2,3.949,3.949,3.949,3.95,3.949,28
2023-08-28 14:06:00,62.6,3.949,3.949,3.949,3.949,3.949,7
2023-08-28 14:07:00,1160.9,3.95,3.949,3.95,3.95,3.949,15
2023-08-28 14:08:00,6363.0,3.95,3.95,3.949,3.95,3.949,15
2023-08-28 14:09:00,2532.2,3.949,3.949,3.948,3.9492,3.948,39
2023-08-28 14:10:00,2275.4,3.949,3.948,3.949,3.949,3.948,15
2023-08-28 14:11:00,198.4,3.949,3.949,3.948,3.949,3.948,11
2023-08-28 14:12:00,10752.3,3.917,3.948,3.881,3.949,3.88,112
2023-08-28 14:13:00,2365.9,3.895,3.881,3.899,3.903,3.881,20
2023-08-28 14:14:00,463.8,3.898,3.893,3.899,3.899,3.893,12
2023-08-28 14:15:00,881.3,3.898,3.898,3.899,3.899,3.889,29
2023-08-28 14:16:00,6291.1,3.888,3.892,3.8861,3.899,3.886,31
2023-08-28 14:17:00,1576.4,3.897,3.899,3.887,3.899,3.886,13
2023-08-28 14:18:00,342.0,3.894,3.89,3.894,3.895,3.89,16
2023-08-28 14:19:00,2155.1,3.887,3.895,3.886,3.895,3.886,24
2023-08-28 14:20:00,4757.1,3.887,3.889,3.886,3.889,3.886,17
2023-08-28 14:21:00,9457.1,3.887,3.888,3.888,3.888,3.886,59
2023-08-28 14:22:00,5539.2,3.887,3.887,3.888,3.888,3.886,37
2023-08-28 14:23:00,9830.4,3.886,3.887,3.883,3.888,3.882,120
2023-08-28 14:24:00,9077.9,3.88,3.885,3.8615,3.885,3.8615,78
2023-08-28 14:25:00,4440.5,3.858,3.864,3.859,3.865,3.851,69
2023-08-28 14:26:00,421.4,3.883,3.8756,3.886,3.886,3.861,10
2023-08-28 14:27:00,5484.1,3.886,3.877,3.887,3.887,3.8735,15
2023-08-28 14:28:00,5124.7,3.879,3.87,3.868,3.88,3.8675,31
2023-08-28 14:29:00,3385.2,3.879,3.868,3.88,3.88,3.868,33
2023-08-28 14:30:00,244.7,3.881,3.881,3.881,3.881,3.881,28
2023-08-28 14:31:00,873.6,3.878,3.886,3.887,3.887,3.876,19
2023-08-28 14:32:00,609.6,3.887,3.887,3.887,3.887,3.886,12
2023-08-28 14:33:00,8235.7,3.89,3.887,3.896,3.9,3.887,51
2023-08-28 14:34:00,5795.6,3.907,3.9,3.917,3.919,3.9,60
2023-08-28 14:35:00,9755.8,3.93,3.917,3.942,3.948,3.917,79
2023-08-28 14:36:00,8471.8,3.936,3.942,3.936,3.942,3.928,96
2023-08-28 14:37:00,5905.6,3.904,3.936,3.9,3.936,3.894,31
2023-08-28 14:38:00,1715.8,3.9,3.9,3.899,3.9001,3.899,91
2023-08-28 14:39:00,6046.1,3.9,3.9,3.897,3.906,3.896,93
2023-08-28 14:40:00,1445.1,3.896,3.896,3.897,3.9,3.896,34
2023-08-28 14:41:00,1531.3,3.897,3.898,3.897,3.9,3.896,12
2023-08-28 14:42:00,173.3,3.902,3.905,3.897,3.905,3.897,25
2023-08-28 14:43:00,101.8,3.902,3.8993,3.905,3.905,3.8993,8
2023-08-28 14:44:00,7170.3,3.901,3.905,3.901,3.905,3.9,16
2023-08-28 14:45:00,7461.5,3.901,3.903,3.9,3.905,3.9,44
2023-08-28 14:46:00,1166.6,3.901,3.9,3.902,3.903,3.9,26
2023-08-28 14:47:00,4381.0,3.902,3.902,3.902,3.903,3.9,30
2023-08-28 14:48:00,3479.9,3.915,3.904,3.904,3.933,3.9,59
2023-08-28 14:49:00,409.9,3.904,3.904,3.903,3.904,3.901,20
2023-08-28 14:50:00,20.4,3.902,3.901,3.901,3.901,3.901,6
2023-08-28 14:51:00,331.0,3.909,3.903,3.901,3.919,3.901,12
2023-08-28 14:52:00,417.5,3.901,3.901,3.901,3.902,3.901,10
2023-08-28 14:53:00,303.5,3.901,3.901,3.901,3.902,3.901,21
2023-08-28 14:54:00,102.5,3.906,3.901,3.9115,3.9115,3.901,5
2023-08-28 14:55:00,13.0,3.901,3.901,3.901,3.901,3.901,4
2023-08-28 14:56:00,97.4,3.905,3.901,3.901,3.92,3.901,8
2023-08-28 14:57:00,330.0,3.901,3.901,3.901,3.902,3.901,10
2023-08-28 14:58:00,1185.9,3.902,3.901,3.901,3.91,3.901,12
2023-08-28 14:59:00,1012.0,3.901,3.901,3.911,3.911,3.901,8
2023-08-28 15:00:00,1111.1,3.902,3.901,3.911,3.911,3.901,5
2023-08-28 15:01:00,60.0,3.901,3.901,3.901,3.901,3.901,6
2023-08-28 15:02:00,99.4,3.903,3.903,3.903,3.903,3.903,4
2023-08-28 15:03:00,145.3,3.911,3.903,3.917,3.917,3.903,6
2023-08-28 15:04:00,1205.0,3.911,3.917,3.9063,3.917,3.906,16
2023-08-28 15:05:00,391.6,3.91,3.91,3.912,3.912,3.909,12
2023-08-28 15:06:00,612.0,3.907,3.907,3.907,3.908,3.907,11
2023-08-28 15:07:00,600.1,3.909,3.908,3.909,3.909,3.908,12
2023-08-28 15:08:00,12.7,3.91,3.91,3.91,3.91,3.91,5
2023-08-28 15:09:00,1005.2,3.91,3.911,3.909,3.911,3.909,8
2023-08-28 15:10:00,1376.4,3.909,3.911,3.909,3.911,3.909,30
2023-08-28 15:11:00,209.9,3.91,3.9119,3.909,3.9119,3.909,12
2023-08-28 15:12:00,600.7,3.91,3.909,3.91,3.91,3.909,9
2023-08-28 15:13:00,97.4,3.911,3.909,3.911,3.912,3.909,7
2023-08-28 15:14:00,114.9,3.909,3.909,3.909,3.909,3.909,9
2023-08-28 15:15:00,99.4,3.91,3.909,3.9102,3.912,3.909,9
2023-08-28 15:16:00,609.1,3.911,3.9105,3.911,3.911,3.9105,17
2023-08-28 15:17:00,7810.4,3.908,3.91,3.906,3.911,3.906,66
2023-08-28 15:18:00,2373.0,3.903,3.906,3.903,3.908,3.9,114
2023-08-28 15:19:00,758.1,3.903,3.903,3.903,3.906,3.903,9
2023-08-28 15:20:00,4343.8,3.909,3.908,3.912,3.912,3.908,33
2023-08-28 15:21:00,23.5,3.92,3.918,3.918,3.918,3.918,2
2023-08-28 15:22:00,434.1,3.918,3.918,3.918,3.918,3.918,3
2023-08-28 15:23:00,379.0,3.906,3.906,3.906,3.906,3.906,3
2023-08-28 15:24:00,102.5,3.914,3.917,3.911,3.917,3.911,3
2023-08-28 15:25:00,276.7,3.914,3.917,3.915,3.917,3.905,5
2023-08-28 15:26:00,323.3,3.915,3.912,3.916,3.917,3.912,10
2023-08-28 15:27:00,284.1,3.914,3.907,3.916,3.916,3.907,22
2023-08-28 15:28:00,311.8,3.917,3.916,3.917,3.917,3.916,23
2023-08-28 15:29:00,907.0,3.926,3.929,3.926,3.929,3.926,4
2023-08-28 15:30:00,2899.6,3.928,3.938,3.914,3.938,3.914,15
2023-08-28 15:31:00,115.4,3.92,3.92,3.92,3.92,3.92,11
2023-08-28 15:32:00,287.9,3.914,3.914,3.914,3.915,3.914,9
2023-08-28 15:33:00,80.0,3.909,3.911,3.914,3.914,3.907,3
2023-08-28 15:34:00,320.0,3.915,3.911,3.911,3.915,3.911,4
2023-08-28 15:35:00,923.8,3.913,3.914,3.912,3.915,3.912,7
2023-08-28 15:36:00,886.7,3.911,3.913,3.907,3.913,3.907,7
2023-08-28 15:37:00,546.4,3.907,3.907,3.909,3.909,3.907,12
2023-08-28 15:38:00,697.5,3.907,3.91,3.907,3.91,3.907,15
2023-08-28 15:39:00,451.0,3.907,3.907,3.908,3.908,3.907,14
2023-08-28 15:40:00,725.0,3.917,3.911,3.918,3.918,3.911,7
2023-08-28 15:41:00,1036.5,3.907,3.911,3.917,3.917,3.907,7
2023-08-28 15:42:00,149.8,3.91,3.918,3.918,3.918,3.907,8
2023-08-28 15:43:00,3544.6,3.91,3.915,3.907,3.916,3.907,20
2023-08-28 15:44:00,1545.9,3.909,3.907,3.908,3.914,3.907,11
2023-08-28 15:45:00,123.0,3.906,3.907,3.904,3.9081,3.904,7
2023-08-28 15:46:00,1899.8,3.902,3.904,3.908,3.908,3.9,103
2023-08-28 15:47:00,14424.8,3.9,3.901,3.9,3.903,3.9,99
2023-08-28 15:48:00,157.3,3.901,3.9,3.902,3.902,3.9,5
2023-08-28 15:49:00,1165.2,3.9,3.903,3.9,3.903,3.9,17
2023-08-28 15:50:00,3568.0,3.901,3.9,3.901,3.902,3.9,26
2023-08-28 15:51:00,2645.2,3.902,3.901,3.902,3.902,3.901,35
2023-08-28 15:52:00,1377.4,3.904,3.903,3.906,3.906,3.903,14
2023-08-28 15:53:00,71.3,3.904,3.904,3.905,3.905,3.904,8
2023-08-28 15:54:00,150.0,3.906,3.906,3.906,3.906,3.906,1
2023-08-28 15:55:00,602.4,3.905,3.905,3.904,3.905,3.904,6
2023-08-28 15:56:00,3734.3,3.907,3.905,3.909,3.909,3.905,36
2023-08-28 15:57:00,1726.3,3.907,3.907,3.907,3.909,3.907,11
2023-08-28 15:59:00,2189.3,3.909,3.908,3.915,3.915,3.908,19
2023-08-28 16:00:00,81.6,3.91,3.912,3.909,3.912,3.909,5
2023-08-28 16:01:00,321.0,3.914,3.909,3.9125,3.915,3.909,4
2023-08-28 16:02:00,1281.5,3.916,3.916,3.916,3.916,3.916,15
2023-08-28 16:03:00,295.0,3.912,3.916,3.915,3.916,3.909,11
2023-08-28 16:04:00,93.1,3.909,3.909,3.909,3.909,3.909,7
2023-08-28 16:06:00,2560.7,3.91,3.909,3.91,3.9142,3.909,16
2023-08-28 16:07:00,2139.2,3.914,3.9091,3.916,3.916,3.9091,25
2023-08-28 16:08:00,4126.3,3.917,3.9155,3.917,3.918,3.9155,16
2023-08-28 16:09:00,2732.6,3.918,3.918,3.919,3.92,3.918,19
2023-08-28 16:10:00,2660.8,3.921,3.93,3.921,3.93,3.921,16
2023-08-28 16:11:00,1026.6,3.93,3.93,3.93,3.93,3.93,7
2023-08-28 16:12:00,22.0,3.928,3.93,3.93,3.93,3.93,7
2023-08-28 16:13:00,936.5,3.928,3.926,3.924,3.93,3.922,16
2023-08-28 16:14:00,654.0,3.938,3.939,3.939,3.939,3.924,9
2023-08-28 16:15:00,159.5,3.925,3.924,3.925,3.925,3.924,6
2023-08-28 16:16:00,17.5,3.928,3.924,3.924,3.924,3.924,3
2023-08-28 16:17:00,162.8,3.929,3.924,3.937,3.939,3.924,7
2023-08-28 16:18:00,8198.2,3.939,3.938,3.938,3.94,3.938,59
2023-08-28 16:19:00,5377.6,3.937,3.939,3.936,3.939,3.935,34
2023-08-28 16:20:00,74.1,3.936,3.935,3.938,3.938,3.935,5
2023-08-28 16:21:00,55.1,3.935,3.935,3.935,3.935,3.935,3
2023-08-28 16:22:00,1103.0,3.936,3.935,3.936,3.936,3.935,7
2023-08-28 16:23:00,263.8,3.936,3.935,3.937,3.938,3.935,5
2023-08-28 16:24:00,2915.5,3.939,3.939,3.937,3.939,3.935,20
2023-08-28 16:25:00,382.1,3.936,3.935,3.935,3.939,3.935,8
2023-08-28 16:26:00,783.7,3.939,3.938,3.939,3.939,3.935,28
2023-08-28 16:27:00,592.0,3.938,3.938,3.939,3.939,3.938,11
2023-08-28 16:28:00,3480.1,3.94,3.939,3.94,3.94,3.938,32
2023-08-28 16:29:00,350.0,3.939,3.9391,3.939,3.9391,3.939,7
2023-08-28 16:30:00,1452.8,3.939,3.939,3.939,3.94,3.939,20
2023-08-28 16:31:00,170.0,3.939,3.939,3.939,3.94,3.939,6
2023-08-28 16:32:00,4078.8,3.934,3.939,3.9281,3.939,3.928,26
2023-08-28 16:33:00,51.0,3.929,3.929,3.929,3.929,3.929,2
2023-08-28 16:34:00,190.9,3.928,3.933,3.928,3.933,3.928,6
2023-08-28 16:35:00,35.0,3.937,3.938,3.938,3.938,3.938,2
2023-08-28 16:36:00,558.2,3.937,3.938,3.9281,3.938,3.9281,4
2023-08-28 16:37:00,197.0,3.937,3.929,3.938,3.938,3.929,6
2023-08-28 16:38:00,340.3,3.932,3.928,3.933,3.937,3.928,8
2023-08-28 16:39:00,611.0,3.929,3.933,3.928,3.933,3.928,4
2023-08-28 16:41:00,370.2,3.934,3.928,3.928,3.938,3.928,10
2023-08-28 16:42:00,129.8,3.931,3.938,3.929,3.938,3.929,10
2023-08-28 16:43:00,385.5,3.929,3.929,3.93,3.9335,3.929,13
2023-08-28 16:44:00,398.2,3.933,3.935,3.936,3.936,3.929,15
2023-08-28 16:45:00,150.5,3.932,3.9301,3.93,3.934,3.93,6
2023-08-28 16:46:00,160.0,3.931,3.93,3.9301,3.937,3.93,4
2023-08-28 16:47:00,250.1,3.933,3.93,3.931,3.937,3.93,7
2023-08-28 16:48:00,175.7,3.935,3.936,3.93,3.937,3.93,6
2023-08-28 16:49:00,272.2,3.934,3.93,3.937,3.937,3.93,10
2023-08-28 16:51:00,1103.1,3.93,3.93,3.928,3.9301,3.928,14
2023-08-28 16:52:00,397.7,3.933,3.937,3.9281,3.937,3.9281,24
2023-08-28 16:53:00,223.4,3.936,3.9363,3.9325,3.9363,3.929,9
2023-08-28 16:54:00,262.3,3.929,3.929,3.928,3.929,3.928,12
2023-08-28 16:55:00,690.1,3.936,3.937,3.9325,3.937,3.9325,25
2023-08-28 16:56:00,90.0,3.936,3.937,3.9356,3.937,3.9356,2
2023-08-28 16:57:00,330.0,3.93,3.9281,3.934,3.937,3.928,10
2023-08-28 16:58:00,391.5,3.936,3.931,3.9375,3.938,3.931,10
2023-08-28 16:59:00,1205.5,3.935,3.937,3.936,3.937,3.931,24
2023-08-28 17:00:00,125.0,3.933,3.937,3.928,3.937,3.928,3
2023-08-28 17:01:00,252.8,3.932,3.9281,3.928,3.9357,3.928,8
2023-08-28 17:02:00,111.1,3.929,3.9281,3.937,3.937,3.928,5
2023-08-28 17:03:00,152.8,3.928,3.928,3.928,3.928,3.928,8
2023-08-28 17:04:00,104.5,3.928,3.928,3.9281,3.9281,3.928,7
2023-08-28 17:05:00,298.6,3.935,3.935,3.937,3.937,3.9281,7
2023-08-28 17:06:00,4060.7,3.928,3.9281,3.9281,3.937,3.928,14
2023-08-28 17:07:00,253.7,3.932,3.933,3.933,3.933,3.9281,7
2023-08-28 17:08:00,2118.2,3.933,3.932,3.9315,3.934,3.9305,49
2023-08-28 17:09:00,47.0,3.931,3.93,3.93,3.93,3.93,3
2023-08-28 17:10:00,1304.2,3.93,3.93,3.93,3.9304,3.93,27
2023-08-28 17:11:00,16.0,3.935,3.9355,3.9355,3.9355,3.9355,2
2023-08-28 17:12:00,151.4,3.935,3.934,3.936,3.936,3.934,6
2023-08-28 17:13:00,717.2,3.937,3.937,3.937,3.937,3.934,23
2023-08-28 17:14:00,132.5,3.935,3.934,3.934,3.937,3.934,6
2023-08-28 17:15:00,165.2,3.934,3.934,3.934,3.9354,3.934,10
2023-08-28 17:16:00,271.7,3.934,3.934,3.934,3.936,3.934,13
2023-08-28 17:17:00,1492.1,3.931,3.934,3.937,3.937,3.928,30
2023-08-28 17:18:00,741.9,3.937,3.937,3.937,3.937,3.937,11
2023-08-28 17:19:00,200.0,3.936,3.936,3.936,3.936,3.936,5
2023-08-28 17:20:00,307.0,3.937,3.937,3.9365,3.937,3.936,15
2023-08-28 17:21:00,320.9,3.936,3.936,3.936,3.937,3.936,10
2023-08-28 17:22:00,104.9,3.936,3.936,3.936,3.936,3.936,4
2023-08-28 17:23:00,740.1,3.936,3.937,3.936,3.937,3.936,13
2023-08-28 17:24:00,170.3,3.936,3.936,3.936,3.937,3.936,7
2023-08-28 17:25:00,3348.5,3.938,3.936,3.939,3.939,3.936,51
2023-08-28 17:26:00,23106.8,3.949,3.939,3.951,3.9524,3.938,142
2023-08-28 17:27:00,7010.6,3.95,3.951,3.948,3.9515,3.948,45
2023-08-28 17:28:00,5889.1,3.942,3.947,3.93,3.948,3.93,58
2023-08-28 17:29:00,550.0,3.929,3.933,3.925,3.933,3.925,15
2023-08-28 17:30:00,2429.9,3.926,3.934,3.928,3.934,3.925,26
2023-08-28 17:31:00,745.4,3.917,3.917,3.917,3.917,3.917,3
2023-08-28 17:32:00,1600.7,3.932,3.916,3.9245,3.933,3.916,33
2023-08-28 17:34:00,32.7,3.929,3.929,3.929,3.929,3.929,5
2023-08-28 17:35:00,350.2,3.927,3.93,3.93,3.93,3.926,7
2023-08-28 17:36:00,232.4,3.926,3.926,3.926,3.926,3.926,3
2023-08-28 17:38:00,7888.1,3.927,3.926,3.942,3.942,3.926,32
2023-08-28 17:39:00,6088.3,3.937,3.942,3.937,3.942,3.936,30
2023-08-28 17:40:00,8557.0,3.934,3.936,3.933,3.937,3.933,30
2023-08-28 17:41:00,4442.2,3.927,3.934,3.925,3.934,3.925,20
2023-08-28 17:42:00,388.9,3.923,3.94,3.928,3.94,3.921,9
2023-08-28 17:43:00,121.3,3.921,3.921,3.921,3.921,3.921,1
2023-08-28 17:44:00,3313.0,3.916,3.922,3.9202,3.922,3.915,14
2023-08-28 17:45:00,2896.4,3.92,3.915,3.916,3.921,3.915,21
2023-08-28 17:46:00,288.4,3.916,3.915,3.917,3.917,3.915,20
2023-08-28 17:47:00,5960.9,3.917,3.917,3.917,3.918,3.916,46
2023-08-28 17:48:00,207.7,3.917,3.917,3.916,3.917,3.916,7
2023-08-28 17:49:00,1189.5,3.916,3.916,3.916,3.917,3.916,14
2023-08-28 17:50:00,2454.5,3.915,3.9165,3.915,3.9165,3.915,24
2023-08-28 17:51:00,11050.4,3.915,3.915,3.91,3.915,3.91,31
2023-08-28 17:52:00,5317.6,3.91,3.911,3.9065,3.911,3.9,31
2023-08-28 17:53:00,520.0,3.906,3.906,3.901,3.908,3.901,6
2023-08-28 17:54:00,191.8,3.909,3.911,3.907,3.911,3.907,8
2023-08-28 17:55:00,567.4,3.908,3.9071,3.907,3.912,3.907,12
2023-08-28 17:56:00,1698.3,3.908,3.907,3.907,3.908,3.907,7
2023-08-28 17:57:00,678.6,3.903,3.9071,3.9,3.908,3.9,23
2023-08-28 17:58:00,512.9,3.911,3.906,3.911,3.911,3.906,6
2023-08-28 17:59:00,3415.4,3.906,3.906,3.905,3.912,3.9,46
2023-08-28 18:00:00,1193.0,3.903,3.903,3.9036,3.904,3.903,19
2023-08-28 18:01:00,282.6,3.904,3.904,3.903,3.904,3.903,6
2023-08-28 18:02:00,944.5,3.903,3.903,3.904,3.904,3.903,12
2023-08-28 18:03:00,4262.9,3.903,3.904,3.9034,3.904,3.903,28
2023-08-28 18:04:00,795.7,3.904,3.904,3.9115,3.9115,3.903,21
2023-08-28 18:06:00,75.1,3.907,3.907,3.907,3.907,3.907,4
2023-08-28 18:07:00,27.8,3.908,3.907,3.907,3.907,3.907,5
2023-08-28 18:08:00,12309.2,3.904,3.916,3.9,3.916,3.9,100
2023-08-28 18:09:00,2510.7,3.901,3.9,3.917,3.917,3.9,77
2023-08-28 18:10:00,40.0,3.909,3.902,3.917,3.917,3.902,2
2023-08-28 18:11:00,6348.4,3.915,3.909,3.917,3.921,3.9,38
2023-08-28 18:12:00,1043.4,3.918,3.918,3.921,3.921,3.917,15
2023-08-28 18:13:00,157.6,3.905,3.905,3.905,3.905,3.905,3
2023-08-28 18:14:00,5466.8,3.916,3.916,3.913,3.92,3.913,26
2023-08-28 18:15:00,10.0,3.913,3.913,3.913,3.913,3.913,1
2023-08-28 18:16:00,42.1,3.912,3.912,3.912,3.912,3.912,3
2023-08-28 18:17:00,353.1,3.912,3.904,3.913,3.913,3.904,4
2023-08-28 18:18:00,26.0,3.912,3.913,3.912,3.913,3.912,6
2023-08-28 18:19:00,1866.5,3.911,3.913,3.904,3.913,3.904,6
2023-08-28 18:21:00,150.2,3.909,3.912,3.905,3.912,3.905,3
2023-08-28 18:22:00,78.3,3.905,3.905,3.905,3.905,3.905,3
2023-08-28 18:23:00,50.0,3.904,3.904,3.904,3.904,3.904,1
2023-08-28 18:25:00,10.6,3.908,3.908,3.908,3.908,3.908,2
2023-08-28 18:26:00,402.4,3.91,3.91,3.91,3.91,3.91,3
2023-08-28 18:27:00,5067.0,3.911,3.913,3.9085,3.913,3.9085,24
2023-08-28 18:28:00,156.4,3.905,3.905,3.904,3.905,3.904,6
2023-08-28 18:29:00,125.7,3.904,3.905,3.904,3.905,3.904,8
2023-08-28 18:30:00,172.5,3.909,3.909,3.908,3.91,3.908,3
2023-08-28 18:31:00,120.0,3.903,3.903,3.9074,3.9074,3.903,5
2023-08-28 18:33:00,190.0,3.909,3.903,3.902,3.914,3.902,12
2023-08-28 18:34:00,30.0,3.906,3.902,3.913,3.913,3.902,2
2023-08-28 18:35:00,1396.0,3.912,3.914,3.902,3.914,3.902,14
2023-08-28 18:36:00,403.1,3.904,3.902,3.903,3.9067,3.902,9
2023-08-28 18:38:00,56.1,3.901,3.901,3.901,3.901,3.901,7
2023-08-28 18:39:00,84.0,3.905,3.91,3.901,3.91,3.901,3
2023-08-28 18:41:00,357.4,3.907,3.907,3.907,3.913,3.902,7
2023-08-28 18:42:00,101.7,3.901,3.901,3.901,3.901,3.901,5
2023-08-28 18:43:00,2133.3,3.912,3.911,3.9125,3.913,3.909,14
2023-08-28 18:44:00,98.3,3.912,3.912,3.9125,3.9125,3.912,14
2023-08-28 18:45:00,123.9,3.912,3.913,3.913,3.913,3.912,12
2023-08-28 18:46:00,1201.7,3.913,3.912,3.913,3.913,3.912,13
2023-08-28 18:47:00,676.8,3.912,3.912,3.912,3.912,3.912,15
2023-08-28 18:48:00,980.0,3.903,3.912,3.901,3.912,3.901,11
2023-08-28 18:49:00,99.0,3.904,3.9065,3.907,3.907,3.901,7
2023-08-28 18:50:00,100.0,3.906,3.911,3.901,3.911,3.901,2
2023-08-28 18:51:00,184.7,3.909,3.901,3.912,3.912,3.901,8
2023-08-28 18:52:00,103.5,3.903,3.901,3.901,3.912,3.901,7
2023-08-28 18:53:00,413.6,3.907,3.901,3.901,3.912,3.901,14
2023-08-28 18:54:00,66.3,3.908,3.902,3.912,3.912,3.902,8
2023-08-28 18:55:00,66.4,3.903,3.901,3.901,3.901,3.901,5
2023-08-28 18:56:00,540.2,3.907,3.903,3.912,3.912,3.903,23
2023-08-28 18:57:00,204.3,3.911,3.912,3.911,3.912,3.911,7
2023-08-28 18:58:00,547.1,3.907,3.902,3.902,3.91,3.902,7
2023-08-28 18:59:00,30.6,3.909,3.91,3.91,3.91,3.91,7
2023-08-28 19:00:00,328.4,3.909,3.902,3.902,3.911,3.902,18
2023-08-28 19:02:00,234.7,3.905,3.902,3.908,3.908,3.902,8
2023-08-28 19:03:00,116.8,3.906,3.908,3.904,3.908,3.904,10
2023-08-28 19:04:00,365.5,3.906,3.904,3.908,3.908,3.904,24
2023-08-28 19:05:00,424.4,3.908,3.908,3.909,3.913,3.908,10
2023-08-28 19:06:00,171.0,3.907,3.905,3.91,3.91,3.905,4
2023-08-28 19:07:00,2139.1,3.91,3.905,3.91,3.91,3.905,27
2023-08-28 19:08:00,1979.9,3.91,3.91,3.91,3.913,3.909,37
2023-08-28 19:09:00,652.5,3.91,3.91,3.91,3.91,3.91,19
2023-08-28 19:10:00,2568.2,3.907,3.91,3.909,3.911,3.902,24
2023-08-28 19:11:00,254.0,3.908,3.902,3.906,3.91,3.902,10
2023-08-28 19:12:00,149.9,3.903,3.902,3.901,3.909,3.901,6
2023-08-28 19:13:00,1153.5,3.902,3.908,3.901,3.908,3.901,6
2023-08-28 19:14:00,2682.9,3.907,3.904,3.904,3.907,3.902,40
2023-08-28 19:15:00,202.9,3.904,3.904,3.904,3.904,3.904,3
2023-08-28 19:16:00,876.4,3.903,3.903,3.901,3.903,3.901,10
2023-08-28 19:17:00,10393.1,3.9,3.901,3.9,3.903,3.9,130
2023-08-28 19:18:00,848.1,3.901,3.901,3.901,3.902,3.901,15
2023-08-28 19:19:00,300.0,3.901,3.901,3.901,3.901,3.901,2
2023-08-28 19:20:00,182.0,3.901,3.901,3.901,3.901,3.901,6
2023-08-28 19:21:00,1020.5,3.901,3.9015,3.901,3.9015,3.901,4
2023-08-28 19:22:00,110.1,3.901,3.901,3.901,3.902,3.901,4
2023-08-28 19:23:00,330.0,3.902,3.902,3.902,3.902,3.901,5
2023-08-28 19:24:00,1212.1,3.9,3.901,3.9,3.901,3.9,12
2023-08-28 19:25:00,1197.3,3.901,3.901,3.901,3.902,3.9,19
2023-08-28 19:26:00,900.0,3.9,3.9,3.9,3.9,3.9,4
2023-08-28 19:27:00,60.5,3.901,3.9015,3.901,3.9015,3.901,3
2023-08-28 19:28:00,80.0,3.902,3.9015,3.902,3.902,3.9015,3
2023-08-28 19:29:00,800.2,3.902,3.901,3.902,3.902,3.901,16
2023-08-28 19:30:00,1150.3,3.903,3.903,3.902,3.904,3.902,10
2023-08-28 19:31:00,539.9,3.903,3.904,3.905,3.905,3.902,18
2023-08-28 19:32:00,445.4,3.904,3.903,3.9055,3.9055,3.903,16
2023-08-28 19:33:00,103.0,3.904,3.9055,3.903,3.9055,3.903,4
2023-08-28 19:34:00,276.3,3.907,3.903,3.908,3.908,3.903,6
2023-08-28 19:35:00,133.0,3.904,3.9055,3.907,3.907,3.903,14
2023-08-28 19:36:00,53.1,3.903,3.903,3.903,3.903,3.903,5
2023-08-28 19:37:00,81.1,3.904,3.907,3.903,3.907,3.903,6
2023-08-28 19:38:00,733.0,3.905,3.903,3.903,3.907,3.903,49
2023-08-28 19:39:00,53.9,3.903,3.903,3.903,3.903,3.903,6
2023-08-28 19:40:00,851.7,3.905,3.903,3.903,3.908,3.903,26
2023-08-28 19:41:00,298.3,3.904,3.904,3.905,3.9055,3.903,34
2023-08-28 19:42:00,932.8,3.908,3.908,3.908,3.908,3.908,13
2023-08-28 19:43:00,623.1,3.908,3.907,3.91,3.913,3.907,45
2023-08-28 19:44:00,489.3,3.91,3.911,3.907,3.911,3.907,14
2023-08-28 19:45:00,315.0,3.911,3.913,3.907,3.913,3.907,9
2023-08-28 19:46:00,2985.5,3.913,3.913,3.913,3.914,3.907,45
2023-08-28 19:47:00,3174.0,3.915,3.913,3.921,3.921,3.913,31
2023-08-28 19:48:00,13105.2,3.915,3.915,3.921,3.921,3.913,60
2023-08-28 19:49:00,474.6,3.916,3.914,3.915,3.92,3.913,26
2023-08-28 19:50:00,2236.3,3.909,3.908,3.913,3.914,3.903,34
2023-08-28 19:51:00,220.2,3.903,3.904,3.903,3.904,3.903,12
2023-08-28 19:52:00,815.1,3.907,3.91,3.903,3.913,3.903,37
2023-08-28 19:53:00,320.7,3.906,3.903,3.914,3.914,3.902,20
2023-08-28 19:54:00,771.3,3.91,3.902,3.914,3.914,3.902,24
2023-08-28 19:55:00,2089.5,3.909,3.914,3.904,3.914,3.904,27
2023-08-28 19:56:00,3675.7,3.907,3.904,3.905,3.915,3.904,75
2023-08-28 19:57:00,4533.8,3.913,3.915,3.913,3.915,3.905,104
2023-08-28 19:58:00,2020.9,3.911,3.908,3.905,3.913,3.905,76
2023-08-28 19:59:00,8431.7,3.907,3.912,3.905,3.912,3.903,133
2023-08-28 20:01:00,1006.0,3.941,3.941,3.941,3.941,3.941,3
2023-08-28 20:04:00,10.2,3.941,3.941,3.941,3.941,3.941,2
2023-08-28 20:06:00,28.1,3.94,3.94,3.94,3.94,3.94,2
2023-08-28 20:09:00,22.8,3.905,3.91,3.901,3.91,3.901,5
2023-08-28 20:10:00,10.0,3.9,3.9,3.9,3.9,3.9,1
2023-08-28 20:15:00,16.0,3.922,3.912,3.912,3.912,3.912,3
2023-08-28 20:18:00,12.1,3.938,3.938,3.938,3.938,3.938,1
2023-08-28 20:22:00,500.0,3.912,3.912,3.912,3.912,3.912,1
2023-08-28 20:25:00,100.0,3.939,3.939,3.939,3.939,3.939,2
2023-08-28 20:29:00,20.0,3.939,3.939,3.94,3.94,3.939,2
2023-08-28 20:37:00,10.0,3.901,3.901,3.901,3.901,3.901,1
2023-08-28 20:39:00,23.5,3.94,3.94,3.94,3.94,3.94,3
2023-08-28 20:50:00,76.0,3.94,3.94,3.94,3.94,3.94,2
2023-08-28 20:51:00,10.0,3.939,3.939,3.939,3.939,3.939,1
2023-08-28 20:53:00,21.0,3.939,3.939,3.939,3.939,3.939,1
2023-08-28 20:56:00,68.2,3.94,3.94,3.94,3.94,3.94,1
2023-08-28 21:00:00,12.0,3.938,3.938,3.938,3.938,3.938,1
2023-08-28 21:02:00,114.7,3.912,3.912,3.912,3.912,3.912,2
2023-08-28 21:04:00,10.0,3.938,3.938,3.938,3.938,3.938,1
2023-08-28 21:21:00,177.5,3.931,3.939,3.93,3.939,3.93,2
2023-08-28 21:36:00,22.1,3.938,3.938,3.938,3.938,3.938,2
2023-08-28 21:41:00,12.0,3.938,3.938,3.938,3.938,3.938,1
2023-08-28 21:48:00,100.0,3.931,3.931,3.931,3.931,3.931,1
2023-08-28 21:57:00,1400.0,3.93,3.93,3.93,3.93,3.93,1
2023-08-28 22:03:00,73.8,3.93,3.93,3.93,3.93,3.93,1
2023-08-28 22:19:00,26.9,3.931,3.93,3.93,3.93,3.93,5
2023-08-28 22:22:00,21.8,3.938,3.938,3.938,3.938,3.938,1
2023-08-28 22:26:00,10.0,3.939,3.939,3.939,3.939,3.939,1
2023-08-28 22:28:00,50.0,3.938,3.938,3.938,3.938,3.938,1
2023-08-28 22:32:00,15.0,3.93,3.93,3.93,3.93,3.93,2
2023-08-28 22:34:00,15.7,3.932,3.931,3.931,3.931,3.931,2
2023-08-28 22:48:00,45.6,3.931,3.931,3.931,3.931,3.931,2
2023-08-28 22:51:00,10.0,3.935,3.935,3.935,3.935,3.935,1
2023-08-28 22:55:00,70.0,3.935,3.935,3.935,3.935,3.935,1
2023-08-28 23:08:00,500.0,3.946,3.935,3.939,3.96,3.935,10
2023-08-28 23:16:00,17.5,3.932,3.93,3.93,3.93,3.93,2
2023-08-28 23:34:00,600.0,3.931,3.931,3.931,3.931,3.931,1
2023-08-28 23:35:00,18.1,3.931,3.931,3.931,3.931,3.931,1
2023-08-28 23:38:00,200.0,3.93,3.93,3.93,3.93,3.93,1
