t,v,vw,o,c,h,l,n
2023-08-14 10:29:00,100,58.55,58.55,58.55,58.55,58.55,1
2023-08-14 10:59:00,197,58.55,58.55,58.55,58.55,58.55,2
2023-08-14 11:28:00,1109,58.582,58.58,58.6,58.6,58.58,5
2023-08-14 11:45:00,400,58.5909,58.59,58.59,58.59,58.59,4
2023-08-14 12:00:00,121,58.6522,58.66,58.66,58.66,58.66,9
2023-08-14 12:01:00,101,58.6615,58.6594,58.6594,58.6594,58.6594,2
2023-08-14 12:02:00,278,58.6535,58.65,58.66,58.66,58.65,6
2023-08-14 12:22:00,300,58.73,58.73,58.73,58.73,58.73,1
2023-08-14 12:48:00,292,58.5968,58.6,58.6,58.6,58.6,5
2023-08-14 13:01:00,173,58.5684,58.56,58.56,58.56,58.56,3
2023-08-14 13:02:00,100,58.55,58.55,58.55,58.55,58.55,1
2023-08-14 13:09:00,110,58.5809,58.58,58.58,58.58,58.58,2
2023-08-14 13:15:00,100,58.59,58.59,58.59,58.59,58.59,1
2023-08-14 13:20:00,301,58.59,58.59,58.59,58.59,58.59,2
2023-08-14 13:25:00,529,58.5068,58.5,58.5,58.5,58.5,18
2023-08-14 13:29:00,999,58.5688,58.54,58.59,58.59,58.54,5
2023-08-14 13:30:00,51254,58.502,58.5,58.42,58.57,58.42,287
2023-08-14 13:31:00,4777,58.4781,58.44,58.49,58.5,58.44,65
2023-08-14 13:32:00,4907,58.4521,58.445,58.4062,58.51,58.38,68
2023-08-14 13:33:00,3294,58.4473,58.44,58.41,58.48,58.41,66
2023-08-14 13:34:00,1205,58.3693,58.37,58.37,58.385,58.35,37
2023-08-14 13:35:00,2786,58.3598,58.38,58.3401,58.38,58.3401,70
2023-08-14 13:36:00,663,58.3528,58.35,58.37,58.38,58.3315,26
2023-08-14 13:37:00,1879,58.3676,58.4,58.34,58.4,58.34,58
2023-08-14 13:38:00,3494,58.2957,58.34,58.26,58.34,58.26,78
2023-08-14 13:39:00,12301,58.2426,58.26,58.25,58.29,58.21,153
2023-08-14 13:40:00,7305,58.2934,58.25,58.32,58.32,58.25,112
2023-08-14 13:41:00,2819,58.2931,58.31,58.29,58.31,58.29,61
2023-08-14 13:42:00,3242,58.2816,58.3,58.29,58.3,58.27,72
2023-08-14 13:43:00,9710,58.2762,58.305,58.27,58.32,58.24,139
2023-08-14 13:44:00,2656,58.2833,58.265,58.31,58.315,58.265,53
2023-08-14 13:45:00,5759,58.3458,58.315,58.38,58.39,58.3,79
2023-08-14 13:46:00,3737,58.3811,58.39,58.38,58.39,58.375,75
2023-08-14 13:47:00,5895,58.38,58.37,58.38,58.4,58.35,104
2023-08-14 13:48:00,2469,58.3857,58.385,58.385,58.4,58.365,61
2023-08-14 13:49:00,7477,58.3776,58.38,58.39,58.4,58.34,152
2023-08-14 13:50:00,6939,58.3858,58.4,58.395,58.4008,58.365,107
2023-08-14 13:51:00,9773,58.3513,58.39,58.345,58.39,58.315,147
2023-08-14 13:52:00,19969,58.327,58.34,58.28,58.365,58.26,248
2023-08-14 13:53:00,5614,58.2662,58.28,58.26,58.29,58.245,86
2023-08-14 13:54:00,2053,58.2625,58.26,58.265,58.27,58.255,51
2023-08-14 13:55:00,7306,58.193,58.24,58.18,58.24,58.165,133
2023-08-14 13:56:00,8932,58.1953,58.17,58.22,58.23,58.165,149
2023-08-14 13:57:00,7495,58.1888,58.21,58.21,58.21,58.17,135
2023-08-14 13:58:00,2821,58.2272,58.205,58.255,58.255,58.205,53
2023-08-14 13:59:00,5131,58.2589,58.26,58.255,58.27,58.25,74
2023-08-14 14:00:00,15438,58.2741,58.26,58.3,58.3,58.25,210
2023-08-14 14:01:00,4512,58.3068,58.285,58.29,58.325,58.285,80
2023-08-14 14:02:00,4325,58.315,58.31,58.3,58.335,58.3,82
2023-08-14 14:03:00,3108,58.2983,58.3,58.31,58.31,58.29,55
2023-08-14 14:04:00,5144,58.3077,58.3,58.325,58.33,58.285,97
2023-08-14 14:05:00,9634,58.3234,58.32,58.3,58.35,58.28,159
2023-08-14 14:06:00,8576,58.324,58.3,58.36,58.36,58.3,123
2023-08-14 14:07:00,6791,58.335,58.345,58.33,58.35,58.325,83
2023-08-14 14:08:00,4022,58.344,58.34,58.345,58.345,58.34,36
2023-08-14 14:09:00,6053,58.3114,58.345,58.3,58.345,58.29,90
2023-08-14 14:10:00,3817,58.3041,58.3,58.3,58.32,58.29,73
2023-08-14 14:11:00,2734,58.324,58.3,58.335,58.34,58.3,52
2023-08-14 14:12:00,14840,58.3816,58.33,58.43,58.44,58.315,216
2023-08-14 14:13:00,5851,58.4772,58.44,58.51,58.52,58.44,95
2023-08-14 14:14:00,9220,58.5065,58.5195,58.48,58.53,58.47,121
2023-08-14 14:15:00,5965,58.4702,58.48,58.47,58.49,58.45,104
2023-08-14 14:16:00,2730,58.4582,58.47,58.43,58.48,58.43,75
2023-08-14 14:17:00,3437,58.4537,58.43,58.48,58.48,58.43,110
2023-08-14 14:18:00,2778,58.4757,58.485,58.48,58.485,58.46,69
2023-08-14 14:19:00,6697,58.4727,58.47,58.5,58.5,58.45,97
2023-08-14 14:20:00,5045,58.5226,58.495,58.56,58.57,58.48,109
2023-08-14 14:21:00,6973,58.5716,58.55,58.57,58.5852,58.55,136
2023-08-14 14:22:00,7614,58.6016,58.59,58.57,58.645,58.57,159
2023-08-14 14:23:00,2250,58.5457,58.5765,58.55,58.58,58.5201,42
2023-08-14 14:24:00,1383,58.5523,58.55,58.55,58.5513,58.55,46
2023-08-14 14:25:00,3844,58.5717,58.55,58.61,58.61,58.54,125
2023-08-14 14:26:00,1607,58.6213,58.639,58.625,58.639,58.61,48
2023-08-14 14:27:00,2350,58.6122,58.62,58.61,58.625,58.61,69
2023-08-14 14:28:00,1949,58.6115,58.6,58.61,58.62,58.6,67
2023-08-14 14:29:00,5233,58.6011,58.605,58.62,58.62,58.5734,103
2023-08-14 14:30:00,3753,58.6219,58.61,58.64,58.64,58.61,98
2023-08-14 14:31:00,2289,58.6458,58.64,58.63,58.665,58.63,68
2023-08-14 14:32:00,1906,58.6313,58.63,58.64,58.64,58.62,67
2023-08-14 14:33:00,4455,58.6307,58.64,58.6333,58.64,58.615,121
2023-08-14 14:34:00,10080,58.635,58.64,58.66,58.66,58.6,193
2023-08-14 14:35:00,7623,58.6661,58.64,58.6895,58.69,58.64,144
2023-08-14 14:36:00,4195,58.6883,58.69,58.715,58.715,58.67,109
2023-08-14 14:37:00,9631,58.7188,58.69,58.715,58.745,58.68,148
2023-08-14 14:38:00,1463,58.7027,58.7,58.7,58.71,58.7,62
2023-08-14 14:39:00,4273,58.736,58.71,58.74,58.76,58.71,108
2023-08-14 14:40:00,4916,58.7149,58.73,58.715,58.73,58.7001,123
2023-08-14 14:41:00,7127,58.7179,58.71,58.725,58.7261,58.7,94
2023-08-14 14:42:00,3736,58.7087,58.72,58.695,58.72,58.69,96
2023-08-14 14:43:00,5148,58.704,58.695,58.7,58.73,58.69,129
2023-08-14 14:44:00,3253,58.6948,58.7,58.69,58.705,58.69,70
2023-08-14 14:45:00,2193,58.6932,58.69,58.695,58.695,58.69,42
2023-08-14 14:46:00,6858,58.6981,58.69,58.73,58.73,58.68,179
2023-08-14 14:47:00,8979,58.7439,58.74,58.76,58.76,58.73,168
2023-08-14 14:48:00,4166,58.7452,58.7599,58.73,58.76,58.73,101
2023-08-14 14:49:00,5044,58.7576,58.73,58.78,58.78,58.73,108
2023-08-14 14:50:00,17162,58.8216,58.78,58.835,58.85,58.775,222
2023-08-14 14:51:00,6259,58.8552,58.84,58.8697,58.87,58.84,143
2023-08-14 14:52:00,7878,58.8691,58.87,58.86,58.885,58.86,129
2023-08-14 14:53:00,38441,58.8436,58.85,58.855,58.87,58.82,149
2023-08-14 14:54:00,26982,58.9172,58.86,58.96,58.96,58.86,280
2023-08-14 14:55:00,30267,58.9967,58.96,58.99,59.03,58.96,289
2023-08-14 14:56:00,6492,58.9735,58.98,58.96,58.99,58.96,125
2023-08-14 14:57:00,7612,58.9301,58.9499,58.89,58.9499,58.89,120
2023-08-14 14:58:00,9331,58.889,58.9,58.8738,58.905,58.87,118
2023-08-14 14:59:00,4698,58.8733,58.865,58.895,58.895,58.86,94
2023-08-14 15:00:00,7129,58.8925,58.89,58.86,58.91,58.86,149
2023-08-14 15:01:00,6527,58.8787,58.86,58.885,58.895,58.8486,113
2023-08-14 15:02:00,4962,58.8983,58.885,58.905,58.9099,58.885,94
2023-08-14 15:03:00,6994,58.9165,58.9,58.94,58.945,58.895,138
2023-08-14 15:04:00,4664,58.9552,58.945,58.97,58.975,58.945,114
2023-08-14 15:05:00,19206,58.9887,58.975,58.99,59.0098,58.97,212
2023-08-14 15:06:00,6417,58.9899,58.985,58.99,59.0,58.975,130
2023-08-14 15:07:00,6516,58.9903,58.995,58.99,59.005,58.97,113
2023-08-14 15:08:00,881,59.0052,59.005,59.01,59.01,59.005,46
2023-08-14 15:09:00,2304,59.0066,59.01,59.01,59.01,59.0,93
2023-08-14 15:10:00,7686,59.0224,59.015,59.015,59.035,59.01,175
2023-08-14 15:11:00,9923,59.0294,59.02,59.04,59.041,59.005,185
2023-08-14 15:12:00,4980,59.0446,59.03,59.055,59.0611,59.02,111
2023-08-14 15:13:00,12794,59.0537,59.06,59.0519,59.065,59.0304,135
2023-08-14 15:14:00,11431,59.0643,59.06,59.08,59.08,59.05,174
2023-08-14 15:15:00,16030,59.0881,59.07,59.115,59.115,59.06,268
2023-08-14 15:16:00,10326,59.1248,59.12,59.13,59.14,59.105,189
2023-08-14 15:17:00,11192,59.1417,59.14,59.1491,59.1591,59.125,194
2023-08-14 15:18:00,7682,59.1511,59.15,59.155,59.16,59.14,137
2023-08-14 15:19:00,14285,59.1515,59.15,59.15,59.165,59.14,267
2023-08-14 15:20:00,15616,59.1209,59.155,59.085,59.165,59.08,194
2023-08-14 15:21:00,6480,59.0939,59.085,59.11,59.11,59.075,114
2023-08-14 15:22:00,7791,59.1263,59.11,59.145,59.145,59.11,165
2023-08-14 15:23:00,5919,59.1453,59.145,59.17,59.17,59.13,108
2023-08-14 15:24:00,2800,59.1694,59.175,59.17,59.175,59.16,45
2023-08-14 15:25:00,6447,59.1363,59.155,59.13,59.16,59.115,109
2023-08-14 15:26:00,13527,59.1542,59.125,59.185,59.19,59.125,185
2023-08-14 15:27:00,6301,59.1904,59.19,59.17,59.205,59.17,110
2023-08-14 15:28:00,5508,59.1811,59.17,59.21,59.21,59.17,94
2023-08-14 15:29:00,5473,59.2232,59.215,59.215,59.235,59.2101,100
2023-08-14 15:30:00,5543,59.1705,59.21,59.155,59.21,59.155,126
2023-08-14 15:31:00,8044,59.151,59.16,59.125,59.165,59.1212,148
2023-08-14 15:32:00,4299,59.1221,59.12,59.105,59.135,59.105,85
2023-08-14 15:33:00,3395,59.1127,59.11,59.105,59.12,59.1,87
2023-08-14 15:34:00,3458,59.1167,59.1,59.1199,59.13,59.1,76
2023-08-14 15:35:00,6967,59.1073,59.12,59.1,59.12,59.095,123
2023-08-14 15:36:00,995,59.1083,59.095,59.115,59.115,59.095,26
2023-08-14 15:37:00,5218,59.1387,59.12,59.15,59.15,59.12,109
2023-08-14 15:38:00,4792,59.1327,59.14,59.12,59.14,59.115,92
2023-08-14 15:39:00,3842,59.1369,59.12,59.135,59.145,59.12,75
2023-08-14 15:40:00,4141,59.1217,59.13,59.135,59.135,59.11,89
2023-08-14 15:41:00,8643,59.1559,59.135,59.165,59.175,59.13,157
2023-08-14 15:42:00,2675,59.1723,59.17,59.175,59.18,59.17,69
2023-08-14 15:43:00,4991,59.1627,59.18,59.15,59.18,59.15,98
2023-08-14 15:44:00,2655,59.1635,59.16,59.165,59.17,59.155,69
2023-08-14 15:45:00,4010,59.1555,59.17,59.15,59.17,59.15,67
2023-08-14 15:46:00,3854,59.1679,59.15,59.185,59.185,59.15,69
2023-08-14 15:47:00,5861,59.2034,59.1892,59.2122,59.22,59.1892,104
2023-08-14 15:48:00,5742,59.1972,59.21,59.185,59.21,59.18,77
2023-08-14 15:49:00,1673,59.1837,59.19,59.1899,59.19,59.18,43
2023-08-14 15:50:00,4782,59.1708,59.18,59.16,59.18,59.16,91
2023-08-14 15:51:00,2907,59.1443,59.16,59.12,59.16,59.12,62
2023-08-14 15:52:00,7538,59.1306,59.12,59.14,59.145,59.115,144
2023-08-14 15:53:00,8185,59.1441,59.145,59.14,59.1499,59.135,78
2023-08-14 15:54:00,7613,59.162,59.15,59.185,59.185,59.15,140
2023-08-14 15:55:00,11399,59.2061,59.19,59.195,59.23,59.19,174
2023-08-14 15:56:00,6233,59.1849,59.19,59.21,59.21,59.17,113
2023-08-14 15:57:00,5065,59.2075,59.205,59.195,59.23,59.195,78
2023-08-14 15:58:00,3352,59.2032,59.2,59.2,59.215,59.2,78
2023-08-14 15:59:00,8776,59.1778,59.19,59.14,59.195,59.135,166
2023-08-14 16:00:00,7789,59.1411,59.1311,59.17,59.17,59.13,123
2023-08-14 16:01:00,5142,59.1686,59.175,59.16,59.175,59.16,71
2023-08-14 16:02:00,5453,59.1651,59.1574,59.1695,59.17,59.1574,49
2023-08-14 16:03:00,8868,59.1647,59.165,59.16,59.175,59.16,160
2023-08-14 16:04:00,4272,59.1536,59.15,59.165,59.165,59.125,90
2023-08-14 16:05:00,3387,59.1677,59.165,59.17,59.17,59.155,67
2023-08-14 16:06:00,4688,59.1797,59.165,59.195,59.2,59.16,113
2023-08-14 16:07:00,3430,59.1792,59.2,59.16,59.2,59.16,63
2023-08-14 16:08:00,2276,59.1508,59.165,59.13,59.165,59.13,68
2023-08-14 16:09:00,5601,59.1047,59.1195,59.09,59.1195,59.09,97
2023-08-14 16:10:00,3202,59.0827,59.08,59.075,59.0901,59.075,78
2023-08-14 16:11:00,3705,59.0713,59.075,59.055,59.085,59.055,84
2023-08-14 16:12:00,5797,59.0482,59.055,59.03,59.065,59.02,117
2023-08-14 16:13:00,2168,59.0316,59.03,59.025,59.035,59.02,57
2023-08-14 16:14:00,2427,59.0173,59.02,59.02,59.02,59.01,63
2023-08-14 16:15:00,2931,59.0173,59.025,59.01,59.025,59.01,64
2023-08-14 16:16:00,14270,59.0034,59.005,58.965,59.015,58.965,148
2023-08-14 16:17:00,5363,58.9418,58.965,58.925,58.965,58.925,69
2023-08-14 16:18:00,9214,58.9166,58.93,58.91,58.945,58.88,162
2023-08-14 16:19:00,2721,58.9273,58.91,58.935,58.935,58.91,71
2023-08-14 16:20:00,3273,58.9269,58.93,58.9,58.94,58.9,74
2023-08-14 16:21:00,3398,58.9094,58.904,58.925,58.925,58.9,81
2023-08-14 16:22:00,4755,58.9225,58.925,58.89,58.94,58.89,94
2023-08-14 16:23:00,8948,58.8705,58.885,58.85,58.895,58.85,164
2023-08-14 16:24:00,3583,58.864,58.85,58.875,58.875,58.845,69
2023-08-14 16:25:00,9912,58.8791,58.875,58.87,58.895,58.865,111
2023-08-14 16:26:00,9025,58.8814,58.87,58.92,58.92,58.865,106
2023-08-14 16:27:00,6744,58.9426,58.92,58.96,58.96,58.92,97
2023-08-14 16:28:00,2502,58.9697,58.965,58.98,58.98,58.965,47
2023-08-14 16:29:00,8251,58.9705,58.975,58.975,58.9775,58.97,123
2023-08-14 16:30:00,2951,58.9371,58.96,58.91,58.96,58.91,63
2023-08-14 16:31:00,703,58.9187,58.92,58.915,58.92,58.91,18
2023-08-14 16:32:00,315,58.9182,58.92,58.9125,58.92,58.9125,22
2023-08-14 16:33:00,10166,58.9081,58.915,58.9,58.915,58.89,172
2023-08-14 16:34:00,2829,58.8669,58.89,58.85,58.89,58.85,57
2023-08-14 16:35:00,7846,58.8411,58.85,58.83,58.85,58.82,154
2023-08-14 16:36:00,6849,58.8249,58.82,58.8258,58.835,58.81,132
2023-08-14 16:37:00,5559,58.8384,58.83,58.85,58.85,58.83,135
2023-08-14 16:38:00,2721,58.8501,58.86,58.84,58.865,58.835,66
2023-08-14 16:39:00,3102,58.8711,58.85,58.87,58.89,58.85,96
2023-08-14 16:40:00,3286,58.8546,58.87,58.86,58.87,58.85,91
2023-08-14 16:41:00,3010,58.8727,58.86,58.88,58.88,58.86,81
2023-08-14 16:42:00,3439,58.881,58.87,58.905,58.905,58.87,74
2023-08-14 16:43:00,7685,58.8997,58.905,58.89,58.91,58.89,155
2023-08-14 16:44:00,3907,58.8851,58.8999,58.89,58.8999,58.865,77
2023-08-14 16:45:00,3657,58.9075,58.9,58.91,58.91,58.895,80
2023-08-14 16:46:00,1465,58.8818,58.89,58.87,58.89,58.87,44
2023-08-14 16:47:00,3861,58.8753,58.8739,58.86,58.89,58.86,107
2023-08-14 16:48:00,2221,58.8714,58.87,58.875,58.88,58.87,55
2023-08-14 16:49:00,2624,58.8902,58.88,58.905,58.905,58.88,76
2023-08-14 16:50:00,8139,58.9158,58.9,58.92,58.93,58.895,143
2023-08-14 16:51:00,4485,58.9016,58.915,58.89,58.92,58.875,96
2023-08-14 16:52:00,3701,58.8825,58.89,58.88,58.89,58.865,89
2023-08-14 16:53:00,4296,58.8847,58.88,58.87,58.895,58.87,88
2023-08-14 16:54:00,3812,58.8924,58.88,58.895,58.9,58.88,79
2023-08-14 16:55:00,3409,58.8832,58.89,58.89,58.895,58.87,84
2023-08-14 16:56:00,1106,58.8896,58.89,58.89,58.89,58.88,30
2023-08-14 16:57:00,1033,58.8928,58.895,58.9,58.9,58.89,25
2023-08-14 16:58:00,2978,58.8978,58.9,58.89,58.9,58.89,79
2023-08-14 16:59:00,4846,58.9094,58.9,58.905,58.92,58.9,104
2023-08-14 17:00:00,1976,58.895,58.9,58.89,58.9,58.885,80
2023-08-14 17:01:00,2437,58.9082,58.9,58.915,58.92,58.9,64
2023-08-14 17:02:00,5242,58.9294,58.915,58.93,58.945,58.915,121
2023-08-14 17:03:00,4919,58.9103,58.935,58.9,58.935,58.8998,126
2023-08-14 17:04:00,2161,58.9096,58.9,58.92,58.92,58.9,43
2023-08-14 17:05:00,4266,58.9192,58.93,58.92,58.93,58.91,86
2023-08-14 17:06:00,3677,58.9273,58.93,58.92,58.935,58.92,96
2023-08-14 17:07:00,2421,58.9404,58.93,58.95,58.95,58.93,56
2023-08-14 17:08:00,1866,58.9429,58.955,58.94,58.955,58.94,60
2023-08-14 17:09:00,4415,58.94,58.94,58.94,58.9407,58.9357,101
2023-08-14 17:10:00,2668,58.9489,58.95,58.95,58.955,58.945,74
2023-08-14 17:11:00,3823,58.9503,58.95,58.95,58.955,58.95,97
2023-08-14 17:12:00,4455,58.937,58.94,58.94,58.94,58.925,122
2023-08-14 17:13:00,3794,58.9431,58.94,58.93,58.955,58.925,92
2023-08-14 17:14:00,1209,58.9287,58.93,58.92,58.93,58.92,57
2023-08-14 17:15:00,1845,58.9304,58.925,58.935,58.935,58.925,39
2023-08-14 17:16:00,2720,58.9466,58.94,58.945,58.955,58.94,69
2023-08-14 17:17:00,1365,58.937,58.94,58.93,58.94,58.93,49
2023-08-14 17:18:00,4922,58.9515,58.94,58.95,58.965,58.94,139
2023-08-14 17:19:00,1957,58.9556,58.95,58.96,58.96,58.95,68
2023-08-14 17:20:00,6111,58.9606,58.97,58.95,58.97,58.95,114
2023-08-14 17:21:00,1621,58.9654,58.96,58.97,58.97,58.96,43
2023-08-14 17:22:00,3645,58.9473,58.97,58.94,58.97,58.925,110
2023-08-14 17:23:00,1265,58.9352,58.94,58.93,58.94,58.93,45
2023-08-14 17:24:00,3491,58.9099,58.92,58.9,58.92,58.9,81
2023-08-14 17:25:00,7620,58.8983,58.9,58.915,58.915,58.88,157
2023-08-14 17:26:00,3844,58.9147,58.9101,58.91,58.92,58.91,93
2023-08-14 17:27:00,2718,58.9252,58.92,58.93,58.93,58.92,97
2023-08-14 17:28:00,1874,58.9419,58.945,58.949,58.949,58.935,57
2023-08-14 17:29:00,4290,58.9449,58.95,58.955,58.955,58.94,136
2023-08-14 17:30:00,1118,58.9585,58.96,58.97,58.97,58.96,26
2023-08-14 17:31:00,4534,58.9572,58.965,58.94,58.965,58.94,121
2023-08-14 17:32:00,2990,58.9119,58.935,58.885,58.935,58.88,71
2023-08-14 17:33:00,4206,58.8816,58.885,58.8842,58.8899,58.87,88
2023-08-14 17:34:00,3966,58.8739,58.88,58.86,58.885,58.855,100
2023-08-14 17:35:00,7979,58.8841,58.86,58.91,58.91,58.86,127
2023-08-14 17:36:00,2586,58.9138,58.92,58.905,58.92,58.905,84
2023-08-14 17:37:00,2993,58.8933,58.905,58.89,58.905,58.885,82
2023-08-14 17:38:00,2336,58.878,58.885,58.8764,58.885,58.87,54
2023-08-14 17:39:00,3065,58.8803,58.875,58.87,58.885,58.87,77
2023-08-14 17:40:00,2005,58.8641,58.87,58.86,58.87,58.86,59
2023-08-14 17:41:00,5707,58.8789,58.86,58.895,58.9,58.86,94
2023-08-14 17:42:00,2501,58.8835,58.895,58.8801,58.895,58.88,87
2023-08-14 17:43:00,3353,58.8774,58.885,58.87,58.885,58.86,56
2023-08-14 17:44:00,3087,58.8775,58.87,58.88,58.88,58.87,75
2023-08-14 17:45:00,5747,58.8882,58.88,58.895,58.9,58.88,105
2023-08-14 17:46:00,3411,58.8563,58.87,58.86,58.87,58.84,84
2023-08-14 17:47:00,4527,58.8675,58.8601,58.87,58.87,58.86,83
2023-08-14 17:48:00,2658,58.8706,58.88,58.85,58.88,58.85,92
2023-08-14 17:49:00,3563,58.8555,58.855,58.85,58.86,58.845,86
2023-08-14 17:50:00,3327,58.8525,58.85,58.85,58.86,58.85,75
2023-08-14 17:51:00,4389,58.8384,58.85,58.8391,58.85,58.83,100
2023-08-14 17:52:00,3583,58.8453,58.83,58.85,58.85,58.83,82
2023-08-14 17:53:00,1008,58.8547,58.8512,58.855,58.855,58.8512,37
2023-08-14 17:54:00,2366,58.8571,58.855,58.8588,58.86,58.855,27
2023-08-14 17:55:00,7070,58.8606,58.86,58.85,58.87,58.85,186
2023-08-14 17:56:00,3434,58.8399,58.84,58.84,58.845,58.83,83
2023-08-14 17:57:00,4865,58.8263,58.835,58.83,58.835,58.82,106
2023-08-14 17:58:00,4501,58.8412,58.835,58.845,58.845,58.83,77
2023-08-14 17:59:00,3946,58.8455,58.84,58.855,58.86,58.84,77
2023-08-14 18:00:00,5358,58.8595,58.8591,58.855,58.87,58.85,119
2023-08-14 18:01:00,3446,58.8455,58.855,58.845,58.855,58.83,90
2023-08-14 18:02:00,5794,58.8288,58.84,58.83,58.84,58.82,102
2023-08-14 18:03:00,4823,58.8298,58.835,58.825,58.835,58.825,98
2023-08-14 18:04:00,2992,58.8198,58.825,58.815,58.825,58.815,38
2023-08-14 18:05:00,6016,58.8279,58.82,58.83,58.835,58.8152,149
2023-08-14 18:06:00,2857,58.7817,58.83,58.82,58.835,58.815,82
2023-08-14 18:07:00,2964,58.8125,58.82,58.81,58.82,58.81,68
2023-08-14 18:08:00,29963,58.8165,58.8,58.81,58.83,58.785,266
2023-08-14 18:09:00,3693,58.8208,58.815,58.8,58.83,58.8,87
2023-08-14 18:10:00,6801,58.7663,58.79,58.785,58.79,58.75,159
2023-08-14 18:11:00,2352,58.8038,58.785,58.815,58.815,58.785,53
2023-08-14 18:12:00,8402,58.8265,58.815,58.85,58.85,58.81,129
2023-08-14 18:13:00,2206,58.8505,58.85,58.855,58.855,58.85,57
2023-08-14 18:14:00,3381,58.8484,58.85,58.86,58.86,58.85,78
2023-08-14 18:15:00,3332,58.8544,58.855,58.855,58.855,58.855,64
2023-08-14 18:16:00,11254,58.8715,58.86,58.885,58.885,58.86,175
2023-08-14 18:17:00,1671,58.8829,58.89,58.885,58.89,58.88,57
2023-08-14 18:18:00,4392,58.8967,58.885,58.905,58.91,58.885,81
2023-08-14 18:19:00,35642,58.9219,58.91,58.905,58.935,58.9,529
2023-08-14 18:20:00,5154,58.9102,58.9,58.91,58.915,58.9,98
2023-08-14 18:21:00,5681,58.9152,58.91,58.9269,58.9269,58.91,108
2023-08-14 18:22:00,3654,58.9221,58.925,58.925,58.925,58.92,89
2023-08-14 18:23:00,5556,58.9392,58.93,58.96,58.96,58.93,140
2023-08-14 18:24:00,3411,58.9516,58.9595,58.955,58.96,58.95,43
2023-08-14 18:25:00,11505,58.9608,58.955,58.965,58.97,58.955,172
2023-08-14 18:26:00,18666,58.9372,58.965,58.895,58.965,58.885,296
2023-08-14 18:27:00,3763,58.8995,58.9,58.9,58.905,58.89,97
2023-08-14 18:28:00,2876,58.907,58.895,58.915,58.915,58.895,64
2023-08-14 18:29:00,2980,58.9195,58.915,58.92,58.92,58.915,83
2023-08-14 18:30:00,4691,58.8996,58.915,58.875,58.915,58.87,121
2023-08-14 18:31:00,2223,58.88,58.87,58.885,58.885,58.87,83
2023-08-14 18:32:00,8785,58.8446,58.88,58.84,58.88,58.82,175
2023-08-14 18:33:00,6863,58.8732,58.84,58.87,58.895,58.84,165
2023-08-14 18:34:00,1571,58.854,58.86,58.84,58.86,58.84,43
2023-08-14 18:35:00,4141,58.8269,58.8414,58.815,58.845,58.81,100
2023-08-14 18:36:00,6175,58.8153,58.82,58.8,58.825,58.8,133
2023-08-14 18:37:00,8165,58.802,58.805,58.805,58.815,58.785,130
2023-08-14 18:38:00,2758,58.784,58.79,58.78,58.79,58.77,70
2023-08-14 18:39:00,5042,58.7736,58.7899,58.775,58.7899,58.77,104
2023-08-14 18:40:00,2982,58.7872,58.77,58.8,58.8,58.77,72
2023-08-14 18:41:00,2919,58.7883,58.795,58.785,58.795,58.785,51
2023-08-14 18:42:00,8688,58.7979,58.785,58.79,58.815,58.785,157
2023-08-14 18:43:00,2264,58.7737,58.77,58.7759,58.7759,58.77,63
2023-08-14 18:44:00,5583,58.7903,58.78,58.79,58.8,58.78,119
2023-08-14 18:45:00,4148,58.7743,58.78,58.77,58.78,58.765,108
2023-08-14 18:46:00,2666,58.7666,58.765,58.77,58.77,58.76,50
2023-08-14 18:47:00,2271,58.773,58.765,58.775,58.775,58.765,59
2023-08-14 18:48:00,3129,58.7707,58.77,58.77,58.775,58.765,74
2023-08-14 18:49:00,4210,58.7783,58.78,58.77,58.79,58.77,78
2023-08-14 18:50:00,843,58.7733,58.775,58.77,58.7799,58.77,23
2023-08-14 18:51:00,5344,58.7698,58.775,58.77,58.775,58.765,112
2023-08-14 18:52:00,5993,58.7792,58.77,58.785,58.79,58.765,118
2023-08-14 18:53:00,5774,58.7984,58.79,58.8,58.805,58.79,85
2023-08-14 18:54:00,3617,58.7831,58.79,58.775,58.795,58.775,69
2023-08-14 18:55:00,4399,58.7609,58.7799,58.755,58.7799,58.74,88
2023-08-14 18:56:00,2973,58.7634,58.76,58.765,58.77,58.76,81
2023-08-14 18:57:00,5620,58.7794,58.77,58.78,58.785,58.77,131
2023-08-14 18:58:00,3236,58.7787,58.78,58.7787,58.78,58.775,79
2023-08-14 18:59:00,3056,58.7788,58.77,58.785,58.785,58.77,67
2023-08-14 19:00:00,1924,58.7829,58.7811,58.785,58.79,58.78,41
2023-08-14 19:01:00,8602,58.7846,58.78,58.79,58.795,58.775,144
2023-08-14 19:02:00,2509,58.7895,58.785,58.795,58.795,58.785,73
2023-08-14 19:03:00,6560,58.8018,58.8,58.805,58.81,58.8,130
2023-08-14 19:04:00,3629,58.7899,58.795,58.785,58.8,58.78,87
2023-08-14 19:05:00,4705,58.7804,58.785,58.775,58.788,58.775,88
2023-08-14 19:06:00,8163,58.7807,58.775,58.78,58.79,58.77,167
2023-08-14 19:07:00,8119,58.7766,58.78,58.785,58.8,58.76,173
2023-08-14 19:08:00,5444,58.783,58.795,58.765,58.795,58.76,105
2023-08-14 19:09:00,6530,58.7798,58.765,58.785,58.79,58.76,112
2023-08-14 19:10:00,8604,58.7756,58.78,58.77,58.78,58.77,70
2023-08-14 19:11:00,8392,58.7775,58.775,58.7996,58.7996,58.76,143
2023-08-14 19:12:00,9915,58.8064,58.8,58.81,58.82,58.8,147
2023-08-14 19:13:00,8441,58.7991,58.8,58.805,58.805,58.79,190
2023-08-14 19:14:00,5368,58.794,58.805,58.785,58.805,58.785,90
2023-08-14 19:15:00,11686,58.7965,58.79,58.8,58.805,58.785,222
2023-08-14 19:16:00,8679,58.8086,58.8,58.79,58.82,58.79,174
2023-08-14 19:17:00,2577,58.7828,58.785,58.778,58.785,58.77,48
2023-08-14 19:18:00,6298,58.7849,58.7701,58.775,58.795,58.7701,109
2023-08-14 19:19:00,7276,58.8025,58.78,58.81,58.81,58.78,140
2023-08-14 19:20:00,8708,58.8349,58.82,58.835,58.85,58.82,134
2023-08-14 19:21:00,4724,58.8301,58.84,58.835,58.84,58.825,99
2023-08-14 19:22:00,13873,58.8482,58.83,58.845,58.86,58.83,228
2023-08-14 19:23:00,13999,58.8365,58.84,58.825,58.85,58.825,194
2023-08-14 19:24:00,11391,58.8281,58.82,58.825,58.84,58.815,185
2023-08-14 19:25:00,12482,58.8384,58.825,58.845,58.85,58.825,184
2023-08-14 19:26:00,10001,58.818,58.845,58.785,58.85,58.78,183
2023-08-14 19:27:00,19051,58.8024,58.79,58.79,58.815,58.785,265
2023-08-14 19:28:00,6292,58.7863,58.79,58.805,58.805,58.77,135
2023-08-14 19:29:00,10613,58.8087,58.8,58.81,58.815,58.8,171
2023-08-14 19:30:00,13946,58.7939,58.805,58.8,58.805,58.78,231
2023-08-14 19:31:00,10749,58.8045,58.81,58.785,58.815,58.785,178
2023-08-14 19:32:00,8421,58.7823,58.78,58.785,58.795,58.77,172
2023-08-14 19:33:00,8099,58.7906,58.79,58.79,58.795,58.785,167
2023-08-14 19:34:00,6896,58.8016,58.8,58.805,58.81,58.8,122
2023-08-14 19:35:00,18352,58.8133,58.8,58.82,58.825,58.8,288
2023-08-14 19:36:00,9236,58.818,58.815,58.81,58.825,58.81,191
2023-08-14 19:37:00,9301,58.8084,58.805,58.815,58.815,58.8,140
2023-08-14 19:38:00,11866,58.8036,58.815,58.805,58.815,58.795,203
2023-08-14 19:39:00,12597,58.8258,58.8,58.845,58.845,58.8,239
2023-08-14 19:40:00,8332,58.868,58.85,58.875,58.88,58.85,189
2023-08-14 19:41:00,8152,58.889,58.88,58.9,58.9,58.875,163
2023-08-14 19:42:00,8417,58.8815,58.9,58.895,58.9,58.885,157
2023-08-14 19:43:00,10162,58.9104,58.9,58.93,58.93,58.895,236
2023-08-14 19:44:00,10342,58.9396,58.94,58.95,58.95,58.935,217
2023-08-14 19:45:00,6890,58.96,58.95,58.965,58.97,58.95,166
2023-08-14 19:46:00,19154,58.9382,58.96,58.935,58.96,58.91,404
2023-08-14 19:47:00,10020,58.9357,58.935,58.9237,58.95,58.915,228
2023-08-14 19:48:00,13530,58.9365,58.92,58.94,58.955,58.915,277
2023-08-14 19:49:00,17513,58.9493,58.94,58.96,58.965,58.94,241
2023-08-14 19:50:00,33379,58.9727,58.96,58.97,58.995,58.96,628
2023-08-14 19:51:00,20390,58.9549,58.96,58.925,58.97,58.92,320
2023-08-14 19:52:00,23596,58.9394,58.93,58.9288,58.95,58.925,349
2023-08-14 19:53:00,22507,58.928,58.93,58.94,58.94,58.9125,371
2023-08-14 19:54:00,49185,58.9546,58.935,58.985,58.995,58.925,641
2023-08-14 19:55:00,30094,58.9707,58.99,58.98,58.99,58.94,476
2023-08-14 19:56:00,44279,58.9828,58.98,58.995,58.9993,58.975,461
2023-08-14 19:57:00,28897,59.0023,59.0,59.005,59.01,58.995,407
2023-08-14 19:58:00,33386,59.0037,59.005,59.005,59.01,58.995,521
2023-08-14 19:59:00,115836,59.0323,59.01,59.03,59.05,59.0025,1239
2023-08-14 20:00:00,78433,59.01,59.01,59.01,59.01,59.01,42
2023-08-14 20:21:00,4043,59.01,59.01,59.01,59.01,59.01,1
2023-08-14 20:53:00,718,59.01,59.01,59.01,59.01,59.01,1
2023-08-15 10:44:00,116,59.0001,59.0,59.0,59.0,59.0,3
2023-08-15 12:00:00,315,58.7404,58.67,58.82,58.82,58.67,5
2023-08-15 12:35:00,160,58.6106,58.61,58.61,58.61,58.61,2
2023-08-15 12:41:00,226,58.6849,58.74,58.74,58.74,58.74,8
2023-08-15 12:57:00,287,58.7934,58.79,58.79,58.79,58.79,5
2023-08-15 13:10:00,200,58.79,58.79,58.79,58.79,58.79,3
2023-08-15 13:27:00,1025,59.0671,58.99,59.18,59.18,58.99,10
2023-08-15 13:30:00,48313,59.0027,59.0,59.0277,59.05,58.96,174
2023-08-15 13:31:00,7811,59.1034,59.06,59.15,59.2023,59.02,129
2023-08-15 13:32:00,7638,59.1534,59.13,59.175,59.18,59.12,103
2023-08-15 13:33:00,4277,59.2003,59.19,59.19,59.23,59.18,60
2023-08-15 13:34:00,5912,59.0882,59.195,59.02,59.195,59.0,122
2023-08-15 13:35:00,2161,59.0414,59.0,59.12,59.12,58.99,63
2023-08-15 13:36:00,4208,59.1644,59.14,59.21,59.21,59.14,107
2023-08-15 13:37:00,3430,59.1386,59.18,59.115,59.1867,59.115,83
2023-08-15 13:38:00,2297,59.0932,59.1,59.06,59.12,59.06,64
2023-08-15 13:39:00,5553,59.0822,59.06,59.08,59.11,59.06,108
2023-08-15 13:40:00,7100,59.0758,59.08,59.051,59.105,59.05,168
2023-08-15 13:41:00,11409,59.055,59.06,59.04,59.08,59.03,181
2023-08-15 13:42:00,4365,59.0684,59.07,59.0599,59.09,59.055,91
2023-08-15 13:43:00,6659,59.0978,59.065,59.091,59.11,59.065,89
2023-08-15 13:44:00,9643,59.1128,59.09,59.081,59.14,59.08,164
2023-08-15 13:45:00,4880,59.0679,59.07,59.05,59.085,59.04,117
2023-08-15 13:46:00,9930,59.0956,59.04,59.08,59.13,59.04,227
2023-08-15 13:47:00,5028,59.0665,59.07,59.09,59.09,59.04,120
2023-08-15 13:48:00,6119,59.0834,59.08,59.045,59.11,59.04,138
2023-08-15 13:49:00,15141,59.0411,59.04,58.985,59.08,58.985,254
2023-08-15 13:50:00,12934,58.9983,58.99,59.0,59.01,58.97,236
2023-08-15 13:51:00,9431,58.9794,59.005,58.93,59.015,58.93,183
2023-08-15 13:52:00,8612,58.951,58.93,58.96,58.97,58.93,154
2023-08-15 13:53:00,7987,58.9719,58.98,58.95,59.0,58.94,157
2023-08-15 13:54:00,6485,58.9286,58.96,58.93,58.96,58.895,144
2023-08-15 13:55:00,8267,58.9652,58.93,58.93,59.0,58.925,166
2023-08-15 13:56:00,2373,58.9153,58.945,58.92,58.945,58.89,67
2023-08-15 13:57:00,5757,58.9272,58.91,58.945,58.95,58.895,127
2023-08-15 13:58:00,4905,58.9176,58.94,58.9,58.95,58.9,69
2023-08-15 13:59:00,4231,58.9127,58.91,58.91,58.92,58.89,87
2023-08-15 14:00:00,17587,58.8775,58.91,58.915,58.92,58.845,279
2023-08-15 14:01:00,8227,58.9054,58.91,58.89,58.92,58.885,145
2023-08-15 14:02:00,4639,58.9374,58.9,58.935,58.96,58.9,92
2023-08-15 14:03:00,4500,58.964,58.93,58.96,58.98,58.93,112
2023-08-15 14:04:00,24012,58.9373,58.96,58.9,58.96,58.9,169
2023-08-15 14:05:00,14816,58.8619,58.91,58.86,58.91,58.84,263
2023-08-15 14:06:00,7442,58.8369,58.86,58.805,58.86,58.805,130
2023-08-15 14:07:00,4794,58.8004,58.805,58.78,58.815,58.78,101
2023-08-15 14:08:00,11614,58.7558,58.7712,58.7599,58.7738,58.741,115
2023-08-15 14:09:00,8855,58.7522,58.75,58.765,58.765,58.73,142
2023-08-15 14:10:00,12399,58.7638,58.765,58.755,58.78,58.755,160
2023-08-15 14:11:00,6260,58.7528,58.76,58.755,58.76,58.73,119
2023-08-15 14:12:00,6736,58.7246,58.74,58.71,58.74,58.695,150
2023-08-15 14:13:00,3964,58.7213,58.71,58.73,58.74,58.705,84
2023-08-15 14:14:00,8930,58.6935,58.725,58.67,58.725,58.665,139
2023-08-15 14:15:00,3249,58.6491,58.64,58.64,58.665,58.635,83
2023-08-15 14:16:00,5918,58.6568,58.645,58.68,58.69,58.63,134
2023-08-15 14:17:00,6621,58.674,58.69,58.69,58.695,58.655,130
2023-08-15 14:18:00,9671,58.6743,58.7,58.665,58.7,58.645,172
2023-08-15 14:19:00,7012,58.643,58.6599,58.64,58.6599,58.63,115
2023-08-15 14:20:00,8744,58.6847,58.64,58.69,58.7,58.64,126
2023-08-15 14:21:00,5895,58.7032,58.68,58.725,58.725,58.68,121
2023-08-15 14:22:00,5197,58.7092,58.72,58.685,58.725,58.685,81
2023-08-15 14:23:00,6218,58.635,58.67,58.61,58.67,58.6,122
2023-08-15 14:24:00,5816,58.6206,58.62,58.61,58.635,58.6,97
2023-08-15 14:25:00,7277,58.6195,58.61,58.67,58.67,58.59,146
2023-08-15 14:26:00,3055,58.6789,58.67,58.71,58.71,58.665,72
2023-08-15 14:27:00,8652,58.7302,58.705,58.745,58.75,58.7,171
2023-08-15 14:28:00,7218,58.7502,58.755,58.77,58.77,58.74,115
2023-08-15 14:29:00,7042,58.749,58.76,58.76,58.765,58.725,115
2023-08-15 14:30:00,8961,58.7644,58.76,58.76,58.78,58.76,140
2023-08-15 14:31:00,4026,58.7901,58.77,58.79,58.805,58.77,101
2023-08-15 14:32:00,4851,58.759,58.78,58.765,58.78,58.74,102
2023-08-15 14:33:00,4674,58.7732,58.7618,58.78,58.79,58.76,89
2023-08-15 14:34:00,7822,58.7576,58.775,58.75,58.78,58.73,118
2023-08-15 14:35:00,4559,58.7356,58.745,58.78,58.78,58.71,121
2023-08-15 14:36:00,6229,58.7624,58.78,58.75,58.78,58.75,118
2023-08-15 14:37:00,5799,58.7618,58.75,58.765,58.775,58.75,113
2023-08-15 14:38:00,1738,58.7592,58.76,58.76,58.765,58.75,51
2023-08-15 14:39:00,4564,58.7573,58.75,58.775,58.775,58.74,139
2023-08-15 14:40:00,5609,58.7632,58.78,58.77,58.78,58.745,109
2023-08-15 14:41:00,4323,58.7787,58.78,58.8,58.8,58.76,105
2023-08-15 14:42:00,6702,58.8098,58.81,58.82,58.82,58.795,121
2023-08-15 14:43:00,11926,58.8266,58.82,58.84,58.86,58.8,198
2023-08-15 14:44:00,6066,58.8318,58.84,58.83,58.84,58.82,96
2023-08-15 14:45:00,4823,58.8309,58.8253,58.84,58.8469,58.82,113
2023-08-15 14:46:00,5552,58.8318,58.84,58.84,58.84,58.82,103
2023-08-15 14:47:00,5201,58.8358,58.8493,58.815,58.85,58.81,108
2023-08-15 14:48:00,3692,58.8215,58.81,58.84,58.84,58.81,102
2023-08-15 14:49:00,3560,58.811,58.84,58.79,58.84,58.79,100
2023-08-15 14:50:00,5100,58.7844,58.79,58.79,58.795,58.77,153
2023-08-15 14:51:00,4308,58.8047,58.8,58.8,58.82,58.8,94
2023-08-15 14:52:00,3312,58.8051,58.81,58.8,58.81,58.8,77
2023-08-15 14:53:00,3019,58.7845,58.8,58.76,58.8,58.76,89
2023-08-15 14:54:00,2747,58.7672,58.76,58.78,58.78,58.76,48
2023-08-15 14:55:00,3354,58.7779,58.775,58.78,58.78,58.77,104
2023-08-15 14:56:00,3032,58.7564,58.77,58.7438,58.77,58.7438,69
2023-08-15 14:57:00,4985,58.7446,58.74,58.72,58.755,58.72,117
2023-08-15 14:58:00,4178,58.7215,58.71,58.73,58.74,58.7,83
2023-08-15 14:59:00,3311,58.6984,58.725,58.7,58.725,58.6801,86
2023-08-15 15:00:00,4795,58.7082,58.6976,58.695,58.72,58.695,108
2023-08-15 15:01:00,1953,58.6747,58.685,58.675,58.685,58.665,57
2023-08-15 15:02:00,6404,58.6969,58.68,58.705,58.71,58.68,142
2023-08-15 15:03:00,2746,58.6965,58.7,58.695,58.7,58.68,61
2023-08-15 15:04:00,8402,58.7163,58.705,58.755,58.755,58.69,141
2023-08-15 15:05:00,6920,58.7701,58.755,58.77,58.78,58.755,123
2023-08-15 15:06:00,3900,58.7721,58.775,58.76,58.78,58.76,124
2023-08-15 15:07:00,2414,58.741,58.76,58.74,58.76,58.73,73
2023-08-15 15:08:00,3460,58.7226,58.74,58.705,58.74,58.7,102
2023-08-15 15:09:00,2497,58.6857,58.7,58.7,58.7,58.6683,77
2023-08-15 15:10:00,2766,58.7168,58.71,58.7,58.73,58.7,68
2023-08-15 15:11:00,1384,58.6952,58.69,58.705,58.705,58.69,42
2023-08-15 15:12:00,7228,58.7193,58.71,58.72,58.735,58.695,134
2023-08-15 15:13:00,2991,58.7155,58.725,58.725,58.73,58.705,64
2023-08-15 15:14:00,899,58.7287,58.725,58.735,58.735,58.725,28
2023-08-15 15:15:00,2521,58.7331,58.74,58.725,58.74,58.725,84
2023-08-15 15:16:00,4810,58.7109,58.72,58.7,58.72,58.7,72
2023-08-15 15:17:00,3472,58.6973,58.69,58.71,58.71,58.68,49
2023-08-15 15:18:00,3699,58.7153,58.7,58.725,58.725,58.7,60
2023-08-15 15:19:00,6866,58.7008,58.725,58.685,58.725,58.6725,144
2023-08-15 15:20:00,2344,58.6738,58.68,58.67,58.68,58.665,61
2023-08-15 15:21:00,3724,58.6611,58.67,58.665,58.67,58.655,67
2023-08-15 15:22:00,6880,58.6755,58.67,58.69,58.69,58.665,131
2023-08-15 15:23:00,1738,58.6932,58.695,58.68,58.7,58.68,42
2023-08-15 15:24:00,5827,58.6741,58.68,58.68,58.68,58.66,117
2023-08-15 15:25:00,5240,58.6884,58.6725,58.71,58.71,58.6725,116
2023-08-15 15:26:00,5978,58.6897,58.7,58.67,58.71,58.67,110
2023-08-15 15:27:00,4277,58.6909,58.68,58.695,58.7,58.68,73
2023-08-15 15:28:00,4011,58.7057,58.7,58.68,58.72,58.675,96
2023-08-15 15:29:00,4185,58.7096,58.67,58.7,58.73,58.67,85
2023-08-15 15:30:00,3318,58.7084,58.71,58.68,58.72,58.68,82
2023-08-15 15:31:00,5831,58.6678,58.67,58.65,58.69,58.65,96
2023-08-15 15:32:00,3516,58.6571,58.65,58.64,58.667,58.64,64
2023-08-15 15:33:00,1922,58.6383,58.64,58.63,58.64,58.62,51
2023-08-15 15:34:00,3904,58.6259,58.63,58.635,58.635,58.6125,76
2023-08-15 15:35:00,5997,58.665,58.63,58.69,58.69,58.63,103
2023-08-15 15:36:00,3683,58.7046,58.69,58.7,58.72,58.69,83
2023-08-15 15:37:00,2626,58.7275,58.705,58.75,58.75,58.705,83
2023-08-15 15:38:00,2774,58.7352,58.74,58.735,58.74,58.725,63
2023-08-15 15:39:00,3351,58.7289,58.73,58.72,58.73,58.72,78
2023-08-15 15:40:00,4341,58.7174,58.705,58.725,58.73,58.7,107
2023-08-15 15:41:00,4923,58.7394,58.72,58.77,58.77,58.72,103
2023-08-15 15:42:00,4272,58.7767,58.78,58.77,58.79,58.76,88
2023-08-15 15:43:00,2782,58.7669,58.775,58.77,58.775,58.76,66
2023-08-15 15:44:00,4220,58.7693,58.775,58.775,58.78,58.76,93
2023-08-15 15:45:00,3096,58.7565,58.77,58.75,58.77,58.745,54
2023-08-15 15:46:00,7137,58.7457,58.755,58.74,58.76,58.74,121
2023-08-15 15:47:00,3998,58.7418,58.75,58.72,58.7599,58.72,81
2023-08-15 15:48:00,3638,58.7512,58.73,58.76,58.77,58.73,88
2023-08-15 15:49:00,2395,58.7642,58.76,58.77,58.775,58.755,55
2023-08-15 15:50:00,3323,58.7676,58.77,58.77,58.78,58.755,78
2023-08-15 15:51:00,9015,58.7696,58.775,58.76,58.78,58.75,121
2023-08-15 15:52:00,1568,58.7478,58.75,58.745,58.75,58.7425,29
2023-08-15 15:53:00,4845,58.7423,58.75,58.74,58.75,58.74,89
2023-08-15 15:54:00,2523,58.7444,58.75,58.745,58.76,58.7325,60
2023-08-15 15:55:00,5680,58.7606,58.74,58.78,58.78,58.73,130
2023-08-15 15:56:00,3007,58.7551,58.775,58.755,58.775,58.745,67
2023-08-15 15:57:00,2513,58.7512,58.75,58.765,58.765,58.74,57
2023-08-15 15:58:00,3028,58.7542,58.76,58.74,58.76,58.74,78
2023-08-15 15:59:00,3176,58.7418,58.745,58.735,58.75,58.735,66
2023-08-15 16:00:00,6357,58.745,58.73,58.76,58.77,58.715,121
2023-08-15 16:01:00,3706,58.7681,58.77,58.775,58.78,58.76,79
2023-08-15 16:02:00,11267,58.7531,58.78,58.735,58.78,58.73,154
2023-08-15 16:03:00,3654,58.7251,58.73,58.71,58.73,58.71,89
2023-08-15 16:04:00,6605,58.6695,58.7,58.65,58.7,58.64,99
2023-08-15 16:05:00,1068,58.6426,58.645,58.635,58.65,58.635,39
2023-08-15 16:06:00,7330,58.6122,58.64,58.61,58.65,58.58,127
2023-08-15 16:07:00,6420,58.5999,58.61,58.6,58.615,58.59,74
2023-08-15 16:08:00,14178,58.5833,58.585,58.58,58.6,58.565,174
2023-08-15 16:09:00,2570,58.5754,58.57,58.55,58.57,58.55,55
2023-08-15 16:10:00,7337,58.5267,58.5599,58.52,58.5599,58.505,127
2023-08-15 16:11:00,5056,58.5145,58.51,58.52,58.525,58.5025,113
2023-08-15 16:12:00,2605,58.523,58.52,58.53,58.53,58.515,68
2023-08-15 16:13:00,4238,58.5246,58.52,58.53,58.53,58.515,73
2023-08-15 16:14:00,4390,58.5194,58.53,58.51,58.53,58.51,111
2023-08-15 16:15:00,6027,58.5003,58.515,58.505,58.515,58.485,165
2023-08-15 16:16:00,10277,58.5317,58.5,58.57,58.57,58.5,127
2023-08-15 16:17:00,2442,58.6074,58.58,58.61,58.62,58.58,67
2023-08-15 16:18:00,2951,58.6234,58.635,58.63,58.635,58.61,58
2023-08-15 16:19:00,2197,58.63,58.64,58.64,58.64,58.63,45
2023-08-15 16:20:00,3350,58.6411,58.635,58.6706,58.6706,58.635,69
2023-08-15 16:21:00,3755,58.6697,58.67,58.67,58.675,58.66,56
2023-08-15 16:22:00,2451,58.6768,58.665,58.69,58.695,58.665,62
2023-08-15 16:23:00,4138,58.6569,58.68,58.645,58.68,58.645,92
2023-08-15 16:24:00,2333,58.6586,58.65,58.665,58.665,58.65,58
2023-08-15 16:25:00,2541,58.6594,58.66,58.645,58.67,58.64,59
2023-08-15 16:26:00,4012,58.6414,58.65,58.63,58.65,58.63,59
2023-08-15 16:27:00,4055,58.6241,58.635,58.61,58.638,58.61,74
2023-08-15 16:28:00,1147,58.6086,58.61,58.615,58.615,58.6,20
2023-08-15 16:29:00,2976,58.6156,58.62,58.6,58.625,58.5925,62
2023-08-15 16:30:00,1443,58.6046,58.61,58.6,58.615,58.6,44
2023-08-15 16:31:00,2733,58.6084,58.61,58.595,58.62,58.595,60
2023-08-15 16:32:00,3910,58.5924,58.59,58.58,58.6,58.58,77
2023-08-15 16:33:00,3127,58.6033,58.58,58.615,58.62,58.58,66
2023-08-15 16:34:00,3748,58.6243,58.615,58.62,58.63,58.615,78
2023-08-15 16:35:00,1210,58.6133,58.61,58.62,58.62,58.61,38
2023-08-15 16:36:00,2319,58.6384,58.625,58.65,58.65,58.625,38
2023-08-15 16:37:00,2944,58.6431,58.65,58.63,58.665,58.625,66
2023-08-15 16:38:00,2354,58.6328,58.6325,58.64,58.645,58.625,37
2023-08-15 16:39:00,2093,58.6416,58.655,58.645,58.655,58.63,44
2023-08-15 16:40:00,3010,58.6492,58.65,58.65,58.66,58.64,47
2023-08-15 16:41:00,2008,58.6565,58.655,58.66,58.665,58.655,40
2023-08-15 16:42:00,3308,58.6637,58.67,58.65,58.675,58.645,68
2023-08-15 16:43:00,3156,58.6442,58.645,58.635,58.65,58.635,70
2023-08-15 16:44:00,2249,58.6296,58.635,58.625,58.635,58.62,41
2023-08-15 16:45:00,3211,58.652,58.63,58.66,58.67,58.625,62
2023-08-15 16:46:00,5609,58.6324,58.65,58.625,58.65,58.615,99
2023-08-15 16:47:00,1268,58.6086,58.62,58.6,58.62,58.6,21
2023-08-15 16:48:00,2538,58.6207,58.6,58.64,58.64,58.6,56
2023-08-15 16:49:00,1959,58.634,58.63,58.635,58.645,58.62,49
2023-08-15 16:50:00,1913,58.6289,58.63,58.625,58.635,58.62,37
2023-08-15 16:51:00,1453,58.6293,58.63,58.63,58.63,58.63,51
2023-08-15 16:52:00,2489,58.6331,58.63,58.635,58.64,58.63,49
2023-08-15 16:53:00,2246,58.6294,58.625,58.64,58.64,58.62,35
2023-08-15 16:54:00,2646,58.64,58.6499,58.6399,58.6499,58.635,36
2023-08-15 16:55:00,2682,58.6274,58.635,58.625,58.635,58.62,67
2023-08-15 16:56:00,4105,58.6377,58.625,58.645,58.645,58.625,90
2023-08-15 16:57:00,2709,58.6461,58.64,58.65,58.655,58.635,55
2023-08-15 16:58:00,2777,58.6398,58.655,58.635,58.6596,58.63,64
2023-08-15 16:59:00,3755,58.6505,58.64,58.655,58.66,58.635,76
2023-08-15 17:00:00,5173,58.6356,58.65,58.63,58.655,58.625,101
2023-08-15 17:01:00,3701,58.6399,58.63,58.635,58.655,58.63,74
2023-08-15 17:02:00,1341,58.6397,58.635,58.645,58.645,58.635,28
2023-08-15 17:03:00,3999,58.6479,58.64,58.655,58.655,58.64,70
2023-08-15 17:04:00,6906,58.6435,58.65,58.635,58.65,58.635,125
2023-08-15 17:05:00,2981,58.6473,58.64,58.65,58.66,58.64,54
2023-08-15 17:06:00,7466,58.6539,58.645,58.65,58.67,58.64,141
2023-08-15 17:07:00,20825,58.6335,58.66,58.64,58.665,58.63,88
2023-08-15 17:08:00,2268,58.6409,58.635,58.64,58.65,58.635,45
2023-08-15 17:09:00,3712,58.6386,58.63,58.645,58.66,58.625,70
2023-08-15 17:10:00,3785,58.6711,58.645,58.705,58.705,58.645,75
2023-08-15 17:11:00,8274,58.6751,58.7,58.69,58.7,58.66,136
2023-08-15 17:12:00,9004,58.6593,58.68,58.64,58.68,58.625,129
2023-08-15 17:13:00,5087,58.6608,58.64,58.675,58.68,58.64,80
2023-08-15 17:14:00,6541,58.6667,58.67,58.65,58.675,58.645,94
2023-08-15 17:15:00,8447,58.6548,58.65,58.64,58.67,58.63,135
2023-08-15 17:16:00,3991,58.6433,58.645,58.63,58.655,58.63,65
2023-08-15 17:17:00,2280,58.6353,58.62,58.625,58.63,58.62,28
2023-08-15 17:18:00,8950,58.632,58.625,58.625,58.655,58.61,137
2023-08-15 17:19:00,3708,58.6297,58.63,58.62,58.645,58.615,55
2023-08-15 17:20:00,2707,58.6102,58.61,58.61,58.615,58.6,42
2023-08-15 17:21:00,4046,58.6284,58.615,58.6494,58.6494,58.6125,77
2023-08-15 17:22:00,4424,58.6208,58.645,58.61,58.645,58.6,98
2023-08-15 17:23:00,4296,58.5948,58.6,58.595,58.6,58.585,73
2023-08-15 17:24:00,5540,58.6179,58.6,58.63,58.64,58.6,107
2023-08-15 17:25:00,5375,58.6289,58.63,58.625,58.645,58.618,97
2023-08-15 17:26:00,1133,58.6379,58.64,58.645,58.645,58.63,26
2023-08-15 17:27:00,4794,58.6538,58.65,58.65,58.67,58.645,83
2023-08-15 17:28:00,3171,58.6501,58.65,58.64,58.655,58.64,55
2023-08-15 17:29:00,4740,58.6413,58.65,58.63,58.65,58.63,70
2023-08-15 17:30:00,3833,58.6186,58.63,58.61,58.635,58.6,105
2023-08-15 17:31:00,3450,58.6,58.61,58.575,58.615,58.575,88
2023-08-15 17:32:00,2909,58.5693,58.575,58.56,58.575,58.56,67
2023-08-15 17:33:00,6255,58.577,58.57,58.58,58.58,58.56,85
2023-08-15 17:34:00,3455,58.5612,58.57,58.55,58.575,58.55,77
2023-08-15 17:35:00,1755,58.5552,58.55,58.55,58.565,58.55,44
2023-08-15 17:36:00,2111,58.5392,58.54,58.54,58.545,58.53,63
2023-08-15 17:37:00,2997,58.5335,58.525,58.53,58.545,58.52,69
2023-08-15 17:38:00,1698,58.5391,58.54,58.54,58.545,58.535,35
2023-08-15 17:39:00,4215,58.5458,58.545,58.555,58.555,58.53,83
2023-08-15 17:40:00,3978,58.5508,58.55,58.555,58.555,58.545,64
2023-08-15 17:41:00,4976,58.5592,58.55,58.55,58.57,58.545,116
2023-08-15 17:42:00,9365,58.5454,58.555,58.535,58.56,58.525,160
2023-08-15 17:43:00,3152,58.554,58.535,58.56,58.57,58.535,68
2023-08-15 17:44:00,5162,58.5607,58.55,58.57,58.585,58.54,136
2023-08-15 17:45:00,4026,58.5795,58.57,58.605,58.605,58.565,92
2023-08-15 17:46:00,2704,58.5886,58.6,58.59,58.6,58.58,82
2023-08-15 17:47:00,4185,58.5696,58.59,58.56,58.59,58.56,81
2023-08-15 17:48:00,5195,58.5533,58.56,58.55,58.56,58.545,83
2023-08-15 17:49:00,2377,58.5368,58.54,58.53,58.54,58.53,68
2023-08-15 17:50:00,3399,58.5323,58.52,58.525,58.54,58.52,78
2023-08-15 17:51:00,5294,58.5207,58.53,58.52,58.53,58.51,101
2023-08-15 17:52:00,7181,58.5251,58.52,58.535,58.54,58.52,118
2023-08-15 17:53:00,2662,58.538,58.535,58.53,58.545,58.53,54
2023-08-15 17:54:00,3789,58.5204,58.525,58.51,58.525,58.505,84
2023-08-15 17:55:00,6383,58.5051,58.51,58.52,58.525,58.495,128
2023-08-15 17:56:00,10975,58.5234,58.515,58.525,58.53,58.515,50
2023-08-15 17:57:00,7048,58.4973,58.52,58.495,58.52,58.48,137
2023-08-15 17:58:00,3019,58.4815,58.49,58.485,58.49,58.465,68
2023-08-15 17:59:00,4413,58.4863,58.48,58.48,58.495,58.48,86
2023-08-15 18:00:00,4294,58.4655,58.475,58.4425,58.475,58.4425,101
2023-08-15 18:01:00,2948,58.4508,58.45,58.4492,58.455,58.4492,76
2023-08-15 18:02:00,7734,58.4499,58.4425,58.465,58.465,58.44,120
2023-08-15 18:03:00,6434,58.4359,58.46,58.43,58.46,58.42,131
2023-08-15 18:04:00,5717,58.4072,58.43,58.4,58.43,58.395,129
2023-08-15 18:05:00,7631,58.4176,58.4,58.435,58.435,58.4,140
2023-08-15 18:06:00,7706,58.4451,58.4325,58.455,58.46,58.43,195
2023-08-15 18:07:00,5223,58.4454,58.46,58.44,58.4699,58.425,115
2023-08-15 18:08:00,4116,58.4363,58.44,58.44,58.44,58.43,99
2023-08-15 18:09:00,4053,58.4274,58.43,58.44,58.44,58.42,78
2023-08-15 18:10:00,4733,58.4353,58.43,58.445,58.445,58.42,94
2023-08-15 18:11:00,2689,58.4435,58.45,58.435,58.455,58.43,81
2023-08-15 18:12:00,5386,58.4169,58.43,58.415,58.43,58.41,93
2023-08-15 18:13:00,6563,58.4072,58.41,58.41,58.42,58.39,135
2023-08-15 18:14:00,2115,58.401,58.4,58.4,58.405,58.4,68
2023-08-15 18:15:00,6968,58.3868,58.4,58.385,58.4,58.38,125
2023-08-15 18:16:00,3325,58.3856,58.38,58.39,58.4,58.375,65
2023-08-15 18:17:00,1068,58.3963,58.3925,58.3925,58.4,58.3925,39
2023-08-15 18:18:00,5021,58.4052,58.395,58.395,58.42,58.39,119
2023-08-15 18:19:00,3870,58.3949,58.395,58.4,58.405,58.38,83
2023-08-15 18:20:00,5384,58.4089,58.41,58.42,58.42,58.405,65
2023-08-15 18:21:00,3453,58.4108,58.41,58.405,58.42,58.4,55
2023-08-15 18:22:00,6277,58.3942,58.4,58.395,58.4,58.38,112
2023-08-15 18:23:00,8078,58.3971,58.395,58.42,58.42,58.385,132
2023-08-15 18:24:00,6249,58.3921,58.42,58.39,58.42,58.38,125
2023-08-15 18:25:00,4685,58.3775,58.38,58.38,58.385,58.37,89
2023-08-15 18:26:00,4452,58.4046,58.385,58.425,58.425,58.385,89
2023-08-15 18:27:00,1568,58.4335,58.425,58.435,58.44,58.425,31
2023-08-15 18:28:00,4317,58.4253,58.43,58.425,58.44,58.42,79
2023-08-15 18:29:00,3100,58.4249,58.42,58.435,58.435,58.42,65
2023-08-15 18:30:00,6820,58.4522,58.44,58.475,58.475,58.44,148
2023-08-15 18:31:00,4836,58.4663,58.48,58.47,58.48,58.455,118
2023-08-15 18:32:00,5545,58.4729,58.47,58.475,58.4878,58.46,104
2023-08-15 18:33:00,4288,58.4895,58.475,58.5,58.505,58.475,75
2023-08-15 18:34:00,3091,58.5146,58.505,58.51,58.52,58.505,75
2023-08-15 18:35:00,5077,58.5225,58.52,58.535,58.535,58.51,102
2023-08-15 18:36:00,1004,58.5215,58.53,58.5125,58.53,58.5125,57
2023-08-15 18:37:00,3647,58.4996,58.51,58.495,58.51,58.49,98
2023-08-15 18:38:00,4545,58.4933,58.49,58.5,58.505,58.48,97
2023-08-15 18:39:00,2047,58.4975,58.49,58.515,58.515,58.49,57
2023-08-15 18:40:00,1875,58.4993,58.51,58.5125,58.5125,58.51,33
2023-08-15 18:41:00,1965,58.5148,58.51,58.5197,58.52,58.51,46
2023-08-15 18:42:00,2342,58.5104,58.5125,58.5025,58.515,58.5025,63
2023-08-15 18:43:00,8157,58.5023,58.5,58.5,58.515,58.49,142
2023-08-15 18:44:00,3814,58.5181,58.51,58.52,58.535,58.51,86
2023-08-15 18:45:00,4163,58.5163,58.515,58.515,58.52,58.5102,69
2023-08-15 18:46:00,3350,58.5266,58.515,58.54,58.54,58.515,67
2023-08-15 18:47:00,2805,58.5504,58.54,58.545,58.56,58.54,79
2023-08-15 18:48:00,4357,58.5306,58.54,58.53,58.54,58.525,80
2023-08-15 18:49:00,1572,58.5249,58.53,58.52,58.53,58.52,52
2023-08-15 18:50:00,6411,58.5204,58.52,58.535,58.535,58.505,119
2023-08-15 18:51:00,2431,58.5423,58.53,58.55,58.55,58.53,47
2023-08-15 18:52:00,1520,58.5448,58.5425,58.5425,58.545,58.5425,35
2023-08-15 18:53:00,4564,58.5494,58.54,58.545,58.56,58.54,97
2023-08-15 18:54:00,8004,58.5544,58.545,58.565,58.57,58.545,107
2023-08-15 18:55:00,5452,58.5456,58.56,58.545,58.56,58.535,95
2023-08-15 18:56:00,8394,58.5204,58.54,58.51,58.54,58.505,155
2023-08-15 18:57:00,7492,58.4865,58.5,58.465,58.5,58.465,151
2023-08-15 18:58:00,13647,58.4651,58.465,58.48,58.48,58.445,198
2023-08-15 18:59:00,5827,58.4857,58.485,58.5,58.5,58.48,95
2023-08-15 19:00:00,5728,58.4824,58.5,58.47,58.505,58.47,93
2023-08-15 19:01:00,2762,58.4783,58.47,58.47,58.49,58.47,46
2023-08-15 19:02:00,4375,58.4845,58.47,58.495,58.495,58.47,80
2023-08-15 19:03:00,7933,58.4774,58.495,58.475,58.495,58.46,121
2023-08-15 19:04:00,11271,58.4613,58.4725,58.445,58.475,58.44,148
2023-08-15 19:05:00,6873,58.457,58.445,58.46,58.465,58.445,107
2023-08-15 19:06:00,3901,58.4458,58.455,58.44,58.455,58.44,48
2023-08-15 19:07:00,4844,58.4204,58.44,58.425,58.44,58.41,108
2023-08-15 19:08:00,2711,58.4158,58.42,58.4,58.425,58.4,62
2023-08-15 19:09:00,7168,58.4086,58.41,58.42,58.42,58.4025,98
2023-08-15 19:10:00,8815,58.4302,58.42,58.435,58.45,58.415,180
2023-08-15 19:11:00,4475,58.4257,58.43,58.425,58.43,58.415,87
2023-08-15 19:12:00,6261,58.4034,58.425,58.415,58.425,58.39,102
2023-08-15 19:13:00,2771,58.4142,58.41,58.4088,58.41,58.405,32
2023-08-15 19:14:00,7432,58.4109,58.4025,58.4,58.425,58.4,122
2023-08-15 19:15:00,6940,58.4091,58.405,58.41,58.415,58.4,100
2023-08-15 19:16:00,8858,58.4104,58.41,58.395,58.42,58.395,142
2023-08-15 19:17:00,3533,58.4003,58.3925,58.41,58.41,58.39,70
2023-08-15 19:18:00,5505,58.4065,58.415,58.405,58.42,58.395,103
2023-08-15 19:19:00,8781,58.4233,58.41,58.415,58.43,58.41,130
2023-08-15 19:20:00,4624,58.4111,58.415,58.41,58.415,58.405,88
2023-08-15 19:21:00,8291,58.4174,58.41,58.39,58.43,58.39,177
2023-08-15 19:22:00,5270,58.4007,58.4,58.405,58.405,58.3925,95
2023-08-15 19:23:00,7432,58.4129,58.405,58.39,58.43,58.39,113
2023-08-15 19:24:00,7201,58.3797,58.39,58.355,58.39,58.3525,138
2023-08-15 19:25:00,5992,58.3585,58.36,58.35,58.375,58.345,111
2023-08-15 19:26:00,19193,58.2997,58.35,58.3,58.35,58.26,316
2023-08-15 19:27:00,2413,58.3008,58.29,58.3091,58.3091,58.29,50
2023-08-15 19:28:00,7860,58.3024,58.305,58.3011,58.31,58.285,160
2023-08-15 19:29:00,5442,58.3024,58.31,58.29,58.32,58.28,103
2023-08-15 19:30:00,9132,58.2765,58.29,58.265,58.29,58.26,181
2023-08-15 19:31:00,13244,58.2602,58.26,58.26,58.27,58.24,250
2023-08-15 19:32:00,6736,58.2536,58.26,58.26,58.26,58.24,122
2023-08-15 19:33:00,9189,58.2795,58.265,58.2825,58.285,58.265,110
2023-08-15 19:34:00,10627,58.2981,58.29,58.305,58.315,58.2825,130
2023-08-15 19:35:00,7154,58.2998,58.305,58.29,58.315,58.29,151
2023-08-15 19:36:00,8260,58.2902,58.28,58.295,58.3,58.28,135
2023-08-15 19:37:00,7127,58.2772,58.285,58.275,58.29,58.2625,154
2023-08-15 19:38:00,5914,58.2661,58.27,58.265,58.27,58.26,150
2023-08-15 19:39:00,23950,58.2571,58.2625,58.23,58.27,58.23,264
2023-08-15 19:40:00,12614,58.218,58.225,58.215,58.23,58.205,184
2023-08-15 19:41:00,6566,58.202,58.215,58.205,58.215,58.19,115
2023-08-15 19:42:00,8904,58.2164,58.205,58.215,58.2275,58.205,176
2023-08-15 19:43:00,8922,58.1937,58.21,58.188,58.21,58.18,198
2023-08-15 19:44:00,7700,58.1959,58.19,58.19,58.205,58.185,157
2023-08-15 19:45:00,11850,58.2057,58.185,58.21,58.22,58.18,248
2023-08-15 19:46:00,7415,58.2245,58.21,58.25,58.25,58.205,154
2023-08-15 19:47:00,9142,58.238,58.25,58.24,58.255,58.235,149
2023-08-15 19:48:00,11689,58.2173,58.23,58.2,58.235,58.195,223
2023-08-15 19:49:00,5433,58.2006,58.2,58.2,58.2075,58.1925,117
2023-08-15 19:50:00,27361,58.1925,58.2,58.2,58.215,58.17,454
2023-08-15 19:51:00,19614,58.2028,58.2,58.205,58.21,58.2,318
2023-08-15 19:52:00,13596,58.2085,58.205,58.215,58.22,58.2,285
2023-08-15 19:53:00,18385,58.2099,58.21,58.2,58.23,58.2,285
2023-08-15 19:54:00,23770,58.1979,58.21,58.1822,58.215,58.18,403
2023-08-15 19:55:00,37581,58.1933,58.18,58.225,58.23,58.15,491
2023-08-15 19:56:00,18116,58.2187,58.22,58.22,58.23,58.21,297
2023-08-15 19:57:00,33182,58.2212,58.22,58.22,58.23,58.21,437
2023-08-15 19:58:00,40976,58.2373,58.22,58.25,58.26,58.215,480
2023-08-15 19:59:00,100065,58.2162,58.25,58.215,58.25,58.19,1157
2023-08-15 20:00:00,3214,58.2119,58.21,58.21,58.21,58.21,23
2023-08-15 20:06:00,101,58.2974,58.3,58.3,58.3,58.3,2
2023-08-16 12:00:00,205,58.6898,58.69,58.69,58.69,58.69,2
2023-08-16 12:02:00,101,58.5569,58.5604,58.5604,58.5604,58.5604,2
2023-08-16 12:27:00,739,58.451,58.69,58.4,58.69,58.4,3
2023-08-16 13:10:00,140,58.481,58.4814,58.4814,58.4814,58.4814,2
2023-08-16 13:27:00,535,58.512,58.52,58.52,58.52,58.52,8
2023-08-16 13:30:00,33799,58.5479,58.54,58.61,58.66,58.54,161
2023-08-16 13:31:00,6533,58.5353,58.62,58.51,58.62,58.47,98
2023-08-16 13:32:00,4395,58.429,58.45,58.415,58.45,58.4,64
2023-08-16 13:33:00,3789,58.3441,58.42,58.3,58.45,58.28,65
2023-08-16 13:34:00,2145,58.3724,58.26,58.43,58.43,58.26,51
2023-08-16 13:35:00,4359,58.4751,58.45,58.52,58.52,58.42,72
2023-08-16 13:36:00,4007,58.535,58.54,58.54,58.56,58.51,90
2023-08-16 13:37:00,2889,58.5226,58.53,58.53,58.53,58.51,40
2023-08-16 13:38:00,9874,58.5395,58.52,58.58,58.59,58.5,150
2023-08-16 13:39:00,7431,58.6148,58.58,58.64,58.66,58.58,149
2023-08-16 13:40:00,4318,58.5908,58.63,58.56,58.63,58.55,104
2023-08-16 13:41:00,12493,58.616,58.5728,58.68,58.68,58.56,229
2023-08-16 13:42:00,9979,58.7039,58.69,58.69,58.735,58.67,228
2023-08-16 13:43:00,1542,58.7257,58.7,58.75,58.75,58.7,63
2023-08-16 13:44:00,9945,58.753,58.778,58.71,58.78,58.71,159
2023-08-16 13:45:00,8440,58.6976,58.7,58.685,58.71,58.685,155
2023-08-16 13:46:00,4187,58.6857,58.67,58.715,58.725,58.66,75
2023-08-16 13:47:00,7325,58.7254,58.72,58.73,58.75,58.7,142
2023-08-16 13:48:00,19666,58.7901,58.75,58.8,58.825,58.7498,260
2023-08-16 13:49:00,5033,58.7583,58.785,58.76,58.785,58.74,108
2023-08-16 13:50:00,6858,58.7441,58.7779,58.71,58.78,58.71,136
2023-08-16 13:51:00,9954,58.6987,58.7,58.7,58.715,58.68,189
2023-08-16 13:52:00,12220,58.7263,58.7,58.75,58.755,58.69,200
2023-08-16 13:53:00,5034,58.7808,58.755,58.78,58.795,58.75,97
2023-08-16 13:54:00,13525,58.7548,58.775,58.775,58.775,58.74,169
2023-08-16 13:55:00,4845,58.7438,58.77,58.73,58.77,58.72,125
2023-08-16 13:56:00,1546,58.7208,58.73,58.72,58.73,58.71,59
2023-08-16 13:57:00,4455,58.7488,58.735,58.735,58.77,58.735,95
2023-08-16 13:58:00,4101,58.7452,58.735,58.755,58.7655,58.72,106
2023-08-16 13:59:00,6071,58.7209,58.75,58.7084,58.75,58.7,111
2023-08-16 14:00:00,10719,58.7029,58.7,58.721,58.735,58.68,172
2023-08-16 14:01:00,8895,58.7022,58.7,58.7,58.725,58.69,142
2023-08-16 14:02:00,3559,58.723,58.7,58.725,58.74,58.69,57
2023-08-16 14:03:00,3145,58.7405,58.74,58.73,58.755,58.725,90
2023-08-16 14:04:00,4062,58.7343,58.74,58.74,58.75,58.72,87
2023-08-16 14:05:00,4343,58.7694,58.745,58.781,58.79,58.74,121
2023-08-16 14:06:00,5178,58.7831,58.785,58.78,58.795,58.765,119
2023-08-16 14:07:00,5331,58.7739,58.78,58.765,58.79,58.765,91
2023-08-16 14:08:00,2369,58.7721,58.755,58.78,58.785,58.755,75
2023-08-16 14:09:00,3356,58.7504,58.775,58.75,58.775,58.735,83
2023-08-16 14:10:00,4363,58.7638,58.75,58.78,58.78,58.75,105
2023-08-16 14:11:00,9994,58.7669,58.785,58.7509,58.79,58.74,133
2023-08-16 14:12:00,3984,58.7395,58.75,58.71,58.755,58.71,93
2023-08-16 14:13:00,11323,58.7,58.705,58.695,58.715,58.685,127
2023-08-16 14:14:00,8365,58.7202,58.695,58.74,58.76,58.68,162
2023-08-16 14:15:00,3456,58.7417,58.735,58.76,58.77,58.72,109
2023-08-16 14:16:00,6061,58.718,58.72,58.73,58.73,58.6975,127
2023-08-16 14:17:00,4711,58.7169,58.735,58.695,58.74,58.69,101
2023-08-16 14:18:00,11717,58.684,58.695,58.72,58.73,58.67,168
2023-08-16 14:19:00,1889,58.7295,58.72,58.725,58.745,58.72,48
2023-08-16 14:20:00,7525,58.6813,58.7273,58.66,58.7288,58.65,176
2023-08-16 14:21:00,3364,58.6608,58.66,58.65,58.675,58.6498,99
2023-08-16 14:22:00,3296,58.6768,58.675,58.675,58.695,58.67,91
2023-08-16 14:23:00,4333,58.6721,58.68,58.65,58.69,58.65,111
2023-08-16 14:24:00,5079,58.6678,58.6485,58.7,58.705,58.6485,62
2023-08-16 14:25:00,3731,58.6898,58.71,58.675,58.71,58.675,103
2023-08-16 14:26:00,2657,58.6619,58.665,58.66,58.675,58.65,84
2023-08-16 14:27:00,3308,58.6919,58.67,58.705,58.71,58.67,82
2023-08-16 14:28:00,4470,58.7073,58.71,58.7,58.73,58.68,107
2023-08-16 14:29:00,3225,58.678,58.68,58.665,58.685,58.665,63
2023-08-16 14:30:00,4515,58.6802,58.665,58.71,58.71,58.665,106
2023-08-16 14:31:00,4444,58.6963,58.725,58.665,58.725,58.665,93
2023-08-16 14:32:00,4434,58.6769,58.66,58.675,58.69,58.66,81
2023-08-16 14:33:00,3049,58.6864,58.68,58.695,58.71,58.67,82
2023-08-16 14:34:00,1654,58.6988,58.695,58.7,58.7,58.6906,54
2023-08-16 14:35:00,3065,58.7315,58.72,58.73,58.735,58.72,112
2023-08-16 14:36:00,3916,58.7368,58.73,58.725,58.76,58.72,100
2023-08-16 14:37:00,3078,58.7297,58.715,58.76,58.76,58.71,93
2023-08-16 14:38:00,2115,58.7689,58.76,58.78,58.78,58.7593,91
2023-08-16 14:39:00,6901,58.7944,58.79,58.805,58.82,58.7708,121
2023-08-16 14:40:00,4439,58.8212,58.82,58.835,58.835,58.81,112
2023-08-16 14:41:00,1121,58.8178,58.825,58.815,58.825,58.815,32
2023-08-16 14:42:00,6456,58.8258,58.81,58.83,58.83,58.81,99
2023-08-16 14:43:00,7558,58.8222,58.83,58.8,58.845,58.7921,175
2023-08-16 14:44:00,3839,58.8094,58.8,58.825,58.825,58.785,112
2023-08-16 14:45:00,9516,58.8111,58.8211,58.785,58.835,58.785,194
2023-08-16 14:46:00,2586,58.7851,58.785,58.79,58.79,58.78,92
2023-08-16 14:47:00,1981,58.785,58.78,58.79,58.79,58.78,97
2023-08-16 14:48:00,6753,58.7707,58.765,58.795,58.795,58.745,141
2023-08-16 14:49:00,3171,58.7989,58.79,58.805,58.815,58.79,70
2023-08-16 14:50:00,2956,58.8198,58.82,58.82,58.83,58.815,90
2023-08-16 14:51:00,4392,58.797,58.82,58.785,58.82,58.78,123
2023-08-16 14:52:00,3545,58.7721,58.79,58.76,58.795,58.76,95
2023-08-16 14:53:00,6141,58.7586,58.75,58.765,58.775,58.75,130
2023-08-16 14:54:00,2254,58.782,58.755,58.785,58.8,58.755,68
2023-08-16 14:55:00,3038,58.79,58.79,58.785,58.8,58.785,84
2023-08-16 14:56:00,3455,58.7866,58.78,58.795,58.795,58.78,110
2023-08-16 14:57:00,2460,58.787,58.8,58.78,58.8,58.77,75
2023-08-16 14:58:00,3229,58.7823,58.78,58.79,58.8,58.78,93
2023-08-16 14:59:00,3199,58.7834,58.8,58.785,58.8,58.76,100
2023-08-16 15:00:00,6224,58.7898,58.79,58.8,58.8,58.775,123
2023-08-16 15:01:00,2635,58.7822,58.8,58.76,58.8,58.76,70
2023-08-16 15:02:00,4402,58.7598,58.755,58.77,58.77,58.75,86
2023-08-16 15:03:00,2021,58.7596,58.77,58.75,58.77,58.7414,55
2023-08-16 15:04:00,4483,58.7866,58.755,58.809,58.81,58.7502,85
2023-08-16 15:05:00,6314,58.8492,58.83,58.83,58.87,58.83,121
2023-08-16 15:06:00,3615,58.836,58.835,58.835,58.84,58.83,78
2023-08-16 15:07:00,5653,58.8342,58.83,58.82,58.87,58.815,120
2023-08-16 15:08:00,3285,58.8648,58.855,58.88,58.88,58.855,100
2023-08-16 15:09:00,3206,58.8743,58.87,58.88,58.895,58.86,75
2023-08-16 15:10:00,3027,58.8632,58.88,58.865,58.885,58.865,85
2023-08-16 15:11:00,3170,58.876,58.87,58.89,58.89,58.87,99
2023-08-16 15:12:00,2618,58.8766,58.89,58.865,58.89,58.865,73
2023-08-16 15:13:00,8714,58.8776,58.865,58.895,58.9025,58.86,189
2023-08-16 15:14:00,4467,58.9159,58.9,58.935,58.935,58.9,101
2023-08-16 15:15:00,6890,58.922,58.93,58.93,58.94,58.9,138
2023-08-16 15:16:00,8590,58.909,58.94,58.89,58.94,58.89,173
2023-08-16 15:17:00,3081,58.8898,58.89,58.9,58.905,58.88,81
2023-08-16 15:18:00,2832,58.9161,58.91,58.915,58.92,58.91,83
2023-08-16 15:19:00,4997,58.9191,58.92,58.92,58.935,58.905,121
2023-08-16 15:20:00,4879,58.9125,58.91,58.925,58.925,58.91,106
2023-08-16 15:21:00,7895,58.9082,58.925,58.89,58.93,58.89,143
2023-08-16 15:22:00,7553,58.882,58.89,58.8911,58.8911,58.86,148
2023-08-16 15:23:00,4252,58.9079,58.89,58.92,58.92,58.89,101
2023-08-16 15:24:00,5702,58.9386,58.935,58.94,58.96,58.935,132
2023-08-16 15:25:00,5851,58.9156,58.93,58.9,58.93,58.9,112
2023-08-16 15:26:00,3453,58.8743,58.88,58.8799,58.88,58.865,87
2023-08-16 15:27:00,4164,58.8644,58.8701,58.885,58.885,58.84,104
2023-08-16 15:28:00,4280,58.8912,58.9,58.875,58.9,58.875,113
2023-08-16 15:29:00,4713,58.8886,58.875,58.91,58.91,58.87,131
2023-08-16 15:30:00,2179,58.8985,58.92,58.89,58.92,58.89,54
2023-08-16 15:31:00,6401,58.9025,58.89,58.91,58.91,58.89,153
2023-08-16 15:32:00,4560,58.913,58.91,58.9,58.92,58.9,107
2023-08-16 15:33:00,3338,58.9071,58.91,58.92,58.92,58.9,89
2023-08-16 15:34:00,11452,58.9246,58.92,58.905,58.94,58.905,216
2023-08-16 15:35:00,6095,58.9009,58.905,58.92,58.92,58.88,134
2023-08-16 15:36:00,3548,58.9355,58.93,58.93,58.95,58.925,96
2023-08-16 15:37:00,2371,58.9181,58.92,58.92,58.92,58.91,68
2023-08-16 15:38:00,1104,58.918,58.92,58.915,58.92,58.915,35
2023-08-16 15:39:00,5007,58.9327,58.92,58.93,58.945,58.92,108
2023-08-16 15:40:00,5212,58.9123,58.92,58.895,58.92,58.895,119
2023-08-16 15:41:00,2004,58.9078,58.9,58.925,58.925,58.9,62
2023-08-16 15:42:00,2902,58.9098,58.92,58.89,58.92,58.89,74
2023-08-16 15:43:00,6671,58.8869,58.885,58.9,58.9,58.875,140
2023-08-16 15:44:00,5554,58.8861,58.895,58.8809,58.895,58.87,108
2023-08-16 15:45:00,9374,58.894,58.8754,58.915,58.915,58.86,192
2023-08-16 15:46:00,10076,58.9331,58.92,58.925,58.95,58.92,201
2023-08-16 15:47:00,10148,58.9054,58.92,58.885,58.92,58.88,169
2023-08-16 15:48:00,6369,58.8962,58.88,58.9,58.91,58.88,134
2023-08-16 15:49:00,2628,58.8992,58.895,58.93,58.93,58.89,82
2023-08-16 15:50:00,5325,58.9082,58.92,58.925,58.925,58.88,134
2023-08-16 15:51:00,4296,58.9119,58.92,58.91,58.92,58.9,85
2023-08-16 15:52:00,2868,58.9198,58.92,58.925,58.9267,58.91,86
2023-08-16 15:53:00,9437,58.9514,58.93,58.96,58.9696,58.93,170
2023-08-16 15:54:00,4114,58.9648,58.96,58.96,58.985,58.96,108
2023-08-16 15:55:00,3768,58.9594,58.955,58.965,58.965,58.95,79
2023-08-16 15:56:00,4209,58.9569,58.97,58.935,58.975,58.93,119
2023-08-16 15:57:00,4420,58.9261,58.93,58.95,58.95,58.9,110
2023-08-16 15:58:00,6929,58.9211,58.95,58.91,58.95,58.9,156
2023-08-16 15:59:00,5529,58.9087,58.9,58.94,58.94,58.89,169
2023-08-16 16:00:00,4302,58.9237,58.93,58.94,58.94,58.91,127
2023-08-16 16:01:00,1749,58.9399,58.94,58.94,58.94,58.94,60
2023-08-16 16:02:00,2389,58.9409,58.94,58.945,58.945,58.94,78
2023-08-16 16:03:00,6084,58.9463,58.94,58.9399,58.95,58.935,104
2023-08-16 16:04:00,5232,58.9394,58.93,58.94,58.95,58.93,146
2023-08-16 16:05:00,3638,58.9463,58.94,58.94,58.95,58.94,89
2023-08-16 16:06:00,2840,58.937,58.93,58.945,58.95,58.93,78
2023-08-16 16:07:00,4309,58.9557,58.95,58.96,58.96,58.948,107
2023-08-16 16:08:00,5812,58.9446,58.965,58.94,58.97,58.93,105
2023-08-16 16:09:00,9044,58.9219,58.93,58.935,58.935,58.91,170
2023-08-16 16:10:00,6368,58.9116,58.93,58.885,58.935,58.885,114
2023-08-16 16:11:00,2343,58.8655,58.88,58.84,58.88,58.84,59
2023-08-16 16:12:00,1759,58.8339,58.83,58.83,58.832,58.82,60
2023-08-16 16:13:00,3210,58.807,58.81,58.81,58.81,58.8,92
2023-08-16 16:14:00,853,58.8276,58.78,58.77,58.78,58.765,25
2023-08-16 16:15:00,4611,58.752,58.75,58.765,58.765,58.745,116
2023-08-16 16:16:00,4993,58.7751,58.76,58.7809,58.785,58.76,79
2023-08-16 16:17:00,2761,58.761,58.78,58.76,58.78,58.755,70
2023-08-16 16:18:00,4516,58.7388,58.75,58.72,58.75,58.72,77
2023-08-16 16:19:00,2726,58.7326,58.72,58.705,58.74,58.705,72
2023-08-16 16:20:00,3540,58.6924,58.7,58.71,58.71,58.67,84
2023-08-16 16:21:00,2960,58.7285,58.725,58.74,58.74,58.72,67
2023-08-16 16:22:00,1436,58.7396,58.74,58.7379,58.745,58.7379,41
2023-08-16 16:23:00,1949,58.7279,58.7349,58.72,58.745,58.71,50
2023-08-16 16:24:00,2915,58.7309,58.72,58.72,58.74,58.72,87
2023-08-16 16:25:00,1514,58.7232,58.725,58.72,58.725,58.72,39
2023-08-16 16:26:00,2408,58.7206,58.72,58.725,58.725,58.72,71
2023-08-16 16:27:00,1338,58.7181,58.7134,58.72,58.72,58.7134,38
2023-08-16 16:28:00,3918,58.7249,58.725,58.705,58.735,58.705,97
2023-08-16 16:29:00,3176,58.713,58.71,58.71,58.72,58.705,81
2023-08-16 16:30:00,5109,58.7031,58.7,58.72,58.72,58.69,105
2023-08-16 16:31:00,4669,58.7209,58.72,58.725,58.73,58.71,78
2023-08-16 16:32:00,2011,58.7232,58.725,58.72,58.725,58.72,70
2023-08-16 16:33:00,3857,58.7206,58.725,58.715,58.73,58.715,70
2023-08-16 16:34:00,5194,58.7335,58.72,58.725,58.7441,58.71,84
2023-08-16 16:35:00,1781,58.7339,58.73,58.745,58.745,58.725,46
2023-08-16 16:36:00,4432,58.7397,58.735,58.7501,58.7501,58.73,91
2023-08-16 16:37:00,10076,58.7695,58.76,58.755,58.78,58.755,154
2023-08-16 16:38:00,6010,58.732,58.75,58.71,58.75,58.71,115
2023-08-16 16:39:00,3668,58.7052,58.7,58.715,58.715,58.695,65
2023-08-16 16:40:00,2343,58.7073,58.71,58.7,58.71,58.7,57
2023-08-16 16:41:00,4916,58.7073,58.6901,58.71,58.7165,58.688,99
2023-08-16 16:42:00,1432,58.7158,58.715,58.71,58.725,58.71,61
2023-08-16 16:43:00,2372,58.7186,58.715,58.72,58.725,58.715,40
2023-08-16 16:44:00,3537,58.693,58.71,58.69,58.71,58.68,71
2023-08-16 16:45:00,3674,58.7123,58.695,58.715,58.72,58.695,75
2023-08-16 16:46:00,4094,58.703,58.715,58.715,58.715,58.69,86
2023-08-16 16:47:00,2296,58.7142,58.715,58.72,58.72,58.71,51
2023-08-16 16:48:00,2538,58.7177,58.72,58.705,58.72,58.705,75
2023-08-16 16:49:00,937,58.6936,58.7,58.69,58.7,58.69,54
2023-08-16 16:50:00,2057,58.6928,58.7,58.69,58.7,58.685,58
2023-08-16 16:51:00,4571,58.7088,58.7,58.71,58.72,58.7,97
2023-08-16 16:52:00,1856,58.7238,58.71,58.71,58.73,58.71,47
2023-08-16 16:53:00,1324,58.7039,58.71,58.705,58.71,58.695,34
2023-08-16 16:54:00,1575,58.6902,58.69,58.695,58.695,58.69,48
2023-08-16 16:55:00,2637,58.6846,58.69,58.68,58.69,58.68,70
2023-08-16 16:56:00,1191,58.6777,58.685,58.67,58.685,58.67,39
2023-08-16 16:57:00,3708,58.6521,58.66,58.665,58.665,58.65,89
2023-08-16 16:58:00,2494,58.6674,58.6601,58.665,58.67,58.66,57
2023-08-16 16:59:00,9821,58.6763,58.66,58.68,58.68,58.66,99
2023-08-16 17:00:00,4510,58.6791,58.68,58.69,58.695,58.67,103
2023-08-16 17:01:00,4451,58.6741,58.68,58.67,58.68,58.665,90
2023-08-16 17:02:00,4744,58.6877,58.67,58.685,58.695,58.67,84
2023-08-16 17:03:00,2170,58.672,58.685,58.67,58.685,58.66,57
2023-08-16 17:04:00,2891,58.6653,58.665,58.665,58.675,58.66,91
2023-08-16 17:05:00,3230,58.6642,58.66,58.67,58.675,58.655,99
2023-08-16 17:06:00,10067,58.6436,58.65,58.625,58.658,58.625,169
2023-08-16 17:07:00,2153,58.6074,58.595,58.62,58.62,58.5907,64
2023-08-16 17:08:00,2037,58.6234,58.615,58.615,58.62,58.615,45
2023-08-16 17:09:00,5384,58.6034,58.6101,58.615,58.615,58.59,120
2023-08-16 17:10:00,6414,58.6015,58.615,58.57,58.615,58.57,101
2023-08-16 17:11:00,4946,58.5718,58.565,58.5699,58.585,58.565,91
2023-08-16 17:12:00,6948,58.5918,58.57,58.595,58.605,58.57,128
2023-08-16 17:13:00,1437,58.6107,58.595,58.62,58.62,58.595,63
2023-08-16 17:14:00,3621,58.5969,58.61,58.605,58.61,58.58,79
2023-08-16 17:15:00,2281,58.6017,58.605,58.605,58.61,58.59,57
2023-08-16 17:16:00,2652,58.614,58.605,58.61,58.62,58.605,81
2023-08-16 17:17:00,2514,58.5856,58.6,58.575,58.6,58.57,80
2023-08-16 17:18:00,2465,58.5887,58.585,58.58,58.59,58.58,46
2023-08-16 17:19:00,5125,58.5871,58.575,58.5938,58.6,58.57,95
2023-08-16 17:20:00,2073,58.5898,58.595,58.585,58.595,58.58,61
2023-08-16 17:21:00,3124,58.5797,58.565,58.59,58.59,58.565,93
2023-08-16 17:22:00,2598,58.602,58.6,58.59,58.61,58.59,68
2023-08-16 17:23:00,3457,58.5709,58.58,58.57,58.58,58.56,103
2023-08-16 17:24:00,1943,58.5832,58.58,58.58,58.59,58.58,42
2023-08-16 17:25:00,4465,58.5747,58.575,58.585,58.59,58.564,86
2023-08-16 17:26:00,2588,58.5801,58.58,58.585,58.585,58.5782,53
2023-08-16 17:27:00,3039,58.5669,58.5888,58.56,58.5888,58.557,61
2023-08-16 17:28:00,2107,58.5671,58.565,58.57,58.57,58.565,27
2023-08-16 17:29:00,4801,58.5754,58.575,58.58,58.58,58.57,70
2023-08-16 17:30:00,8336,58.557,58.575,58.545,58.575,58.545,123
2023-08-16 17:31:00,2935,58.5474,58.535,58.5599,58.5599,58.535,61
2023-08-16 17:32:00,3911,58.5622,58.56,58.565,58.57,58.555,76
2023-08-16 17:33:00,3323,58.569,58.565,58.57,58.575,58.565,63
2023-08-16 17:34:00,3579,58.5532,58.56,58.555,58.56,58.55,82
2023-08-16 17:35:00,2939,58.5597,58.55,58.568,58.568,58.55,39
2023-08-16 17:36:00,5547,58.5711,58.565,58.5703,58.585,58.565,116
2023-08-16 17:37:00,3313,58.5663,58.57,58.565,58.57,58.56,69
2023-08-16 17:38:00,2722,58.5657,58.565,58.565,58.57,58.565,31
2023-08-16 17:39:00,4283,58.5748,58.565,58.575,58.58,58.565,82
2023-08-16 17:40:00,5326,58.5754,58.575,58.56,58.585,58.56,95
2023-08-16 17:41:00,5595,58.5643,58.56,58.55,58.575,58.55,99
2023-08-16 17:42:00,4027,58.5504,58.54,58.56,58.56,58.53,81
2023-08-16 17:43:00,3677,58.5712,58.565,58.575,58.58,58.56,63
2023-08-16 17:44:00,4039,58.5806,58.58,58.57,58.585,58.57,84
2023-08-16 17:45:00,1603,58.5878,58.575,58.595,58.595,58.575,61
2023-08-16 17:46:00,2087,58.5949,58.59,58.61,58.61,58.585,58
2023-08-16 17:47:00,4250,58.6157,58.61,58.605,58.625,58.605,96
2023-08-16 17:48:00,4368,58.6212,58.61,58.6,58.64,58.6,115
2023-08-16 17:49:00,1868,58.5982,58.6,58.6,58.6,58.6,54
2023-08-16 17:50:00,2040,58.5959,58.585,58.605,58.605,58.585,48
2023-08-16 17:51:00,4899,58.595,58.6091,58.58,58.6091,58.58,99
2023-08-16 17:52:00,2361,58.5738,58.585,58.56,58.585,58.56,59
2023-08-16 17:53:00,4667,58.5755,58.565,58.58,58.585,58.565,62
2023-08-16 17:54:00,3565,58.5609,58.58,58.5509,58.58,58.5509,49
2023-08-16 17:55:00,4712,58.5777,58.555,58.58,58.59,58.555,104
2023-08-16 17:56:00,2784,58.5638,58.57,58.56,58.57,58.555,79
2023-08-16 17:57:00,1556,58.5682,58.565,58.575,58.575,58.565,52
2023-08-16 17:58:00,4645,58.5828,58.575,58.585,58.59,58.575,60
2023-08-16 17:59:00,1030,58.5872,58.58,58.58,58.59,58.58,39
2023-08-16 18:00:00,5669,58.5574,58.58,58.54,58.58,58.54,139
2023-08-16 18:01:00,4541,58.5529,58.54,58.54,58.56,58.54,91
2023-08-16 18:02:00,14818,58.4765,58.54,58.455,58.54,58.44,206
2023-08-16 18:03:00,9834,58.4652,58.455,58.455,58.48,58.44,151
2023-08-16 18:04:00,2470,58.4565,58.455,58.445,58.465,58.445,47
2023-08-16 18:05:00,6471,58.4651,58.45,58.47,58.48,58.45,136
2023-08-16 18:06:00,3591,58.4589,58.475,58.46,58.475,58.44,74
2023-08-16 18:07:00,1713,58.4547,58.45,58.445,58.465,58.445,48
2023-08-16 18:08:00,5720,58.4382,58.44,58.43,58.46,58.41,102
2023-08-16 18:09:00,2284,58.4366,58.43,58.4504,58.4504,58.42,68
2023-08-16 18:10:00,6047,58.3984,58.43,58.37,58.43,58.37,122
2023-08-16 18:11:00,5697,58.3666,58.37,58.38,58.39,58.34,100
2023-08-16 18:12:00,3581,58.3755,58.37,58.385,58.385,58.37,77
2023-08-16 18:13:00,5342,58.4072,58.39,58.41,58.42,58.39,95
2023-08-16 18:14:00,5083,58.4053,58.41,58.39,58.42,58.39,68
2023-08-16 18:15:00,2523,58.3946,58.4,58.4,58.4,58.39,46
2023-08-16 18:16:00,4986,58.4165,58.405,58.405,58.425,58.405,100
2023-08-16 18:17:00,10543,58.4335,58.41,58.47,58.47,58.405,162
2023-08-16 18:18:00,3504,58.46,58.46,58.46,58.465,58.455,87
2023-08-16 18:19:00,2553,58.4547,58.465,58.46,58.465,58.445,67
2023-08-16 18:20:00,7377,58.4748,58.455,58.465,58.51,58.445,145
2023-08-16 18:21:00,3845,58.497,58.48,58.4996,58.51,58.48,107
2023-08-16 18:22:00,4299,58.5001,58.49,58.5006,58.52,58.485,110
2023-08-16 18:23:00,1508,58.4944,58.5,58.5,58.5,58.49,39
2023-08-16 18:24:00,5246,58.4921,58.5,58.51,58.51,58.48,113
2023-08-16 18:25:00,6505,58.5177,58.515,58.49,58.535,58.49,122
2023-08-16 18:26:00,4574,58.4849,58.4894,58.49,58.495,58.475,108
2023-08-16 18:27:00,9087,58.5009,58.485,58.495,58.52,58.485,131
2023-08-16 18:28:00,5483,58.5073,58.5,58.5,58.52,58.495,122
2023-08-16 18:29:00,6041,58.5259,58.51,58.52,58.53,58.51,101
2023-08-16 18:30:00,5212,58.5291,58.515,58.53,58.54,58.51,118
2023-08-16 18:31:00,2280,58.5495,58.54,58.55,58.56,58.54,72
2023-08-16 18:32:00,5625,58.5533,58.54,58.55,58.56,58.54,147
2023-08-16 18:33:00,7350,58.5515,58.55,58.5801,58.5801,58.53,163
2023-08-16 18:34:00,1517,58.5803,58.585,58.575,58.585,58.575,48
2023-08-16 18:35:00,4823,58.5933,58.58,58.59,58.6,58.575,119
2023-08-16 18:36:00,3748,58.566,58.59,58.555,58.59,58.555,100
2023-08-16 18:37:00,3847,58.5608,58.56,58.56,58.575,58.545,83
2023-08-16 18:38:00,1659,58.5573,58.555,58.56,58.56,58.555,48
2023-08-16 18:39:00,5365,58.5594,58.555,58.57,58.575,58.545,114
2023-08-16 18:40:00,3452,58.5564,58.56,58.55,58.56,58.545,81
2023-08-16 18:41:00,21063,58.566,58.545,58.545,58.58,58.54,179
2023-08-16 18:42:00,5615,58.5336,58.54,58.52,58.545,58.515,104
2023-08-16 18:43:00,7949,58.5151,58.52,58.515,58.525,58.49,137
2023-08-16 18:44:00,4422,58.5332,58.52,58.535,58.54,58.52,81
2023-08-16 18:45:00,1496,58.5452,58.535,58.555,58.555,58.53,46
2023-08-16 18:46:00,2794,58.5341,58.545,58.53,58.55,58.52,80
2023-08-16 18:47:00,11536,58.5217,58.535,58.515,58.54,58.51,184
2023-08-16 18:48:00,8450,58.5195,58.51,58.515,58.53,58.505,129
2023-08-16 18:49:00,2553,58.5027,58.515,58.505,58.515,58.49,54
2023-08-16 18:50:00,15178,58.5024,58.5,58.5,58.51,58.49,198
2023-08-16 18:51:00,5633,58.5017,58.495,58.51,58.515,58.48,95
2023-08-16 18:52:00,4360,58.5232,58.51,58.53,58.535,58.505,98
2023-08-16 18:53:00,2364,58.5456,58.525,58.555,58.555,58.525,68
2023-08-16 18:54:00,5424,58.523,58.55,58.525,58.55,58.515,112
2023-08-16 18:55:00,2092,58.5222,58.525,58.525,58.53,58.515,51
2023-08-16 18:56:00,3310,58.5311,58.53,58.535,58.54,58.525,69
2023-08-16 18:57:00,9086,58.5411,58.535,58.56,58.56,58.52,166
2023-08-16 18:58:00,6870,58.5548,58.57,58.55,58.575,58.545,124
2023-08-16 18:59:00,5584,58.565,58.555,58.58,58.58,58.55,107
2023-08-16 19:00:00,7648,58.5468,58.57,58.52,58.57,58.52,143
2023-08-16 19:01:00,12495,58.5292,58.52,58.535,58.54,58.52,192
2023-08-16 19:02:00,3089,58.5204,58.53,58.53,58.53,58.505,83
2023-08-16 19:03:00,6554,58.5269,58.53,58.53,58.535,58.515,104
2023-08-16 19:04:00,4798,58.5395,58.525,58.525,58.55,58.525,92
2023-08-16 19:05:00,5511,58.5196,58.52,58.53,58.53,58.5141,92
2023-08-16 19:06:00,2324,58.5278,58.525,58.525,58.54,58.525,53
2023-08-16 19:07:00,6115,58.5315,58.5201,58.53,58.545,58.52,128
2023-08-16 19:08:00,6037,58.5153,58.52,58.53,58.53,58.5,111
2023-08-16 19:09:00,6226,58.5196,58.52,58.52,58.54,58.5,131
2023-08-16 19:10:00,5880,58.5183,58.515,58.505,58.53,58.5,112
2023-08-16 19:11:00,19856,58.4691,58.5,58.455,58.505,58.445,283
2023-08-16 19:12:00,9734,58.423,58.455,58.435,58.455,58.39,142
2023-08-16 19:13:00,4690,58.4225,58.44,58.415,58.44,58.4,104
2023-08-16 19:14:00,5352,58.4133,58.415,58.41,58.43,58.395,105
2023-08-16 19:15:00,5419,58.3875,58.415,58.385,58.415,58.365,116
2023-08-16 19:16:00,5123,58.38,58.38,58.3755,58.39,58.365,102
2023-08-16 19:17:00,4521,58.3907,58.375,58.38,58.405,58.375,79
2023-08-16 19:18:00,7138,58.3635,58.385,58.36,58.385,58.35,162
2023-08-16 19:19:00,6782,58.3746,58.355,58.395,58.395,58.355,147
2023-08-16 19:20:00,3848,58.3953,58.38,58.385,58.41,58.38,100
2023-08-16 19:21:00,7042,58.3649,58.39,58.365,58.39,58.35,144
2023-08-16 19:22:00,9751,58.3656,58.365,58.34,58.385,58.34,180
2023-08-16 19:23:00,5514,58.3434,58.35,58.315,58.36,58.315,174
2023-08-16 19:24:00,8076,58.3137,58.315,58.32,58.335,58.3,136
2023-08-16 19:25:00,6117,58.3167,58.315,58.33,58.33,58.305,120
2023-08-16 19:26:00,7875,58.3345,58.33,58.335,58.345,58.32,146
2023-08-16 19:27:00,6774,58.336,58.33,58.335,58.355,58.32,123
2023-08-16 19:28:00,7020,58.3261,58.33,58.305,58.345,58.305,134
2023-08-16 19:29:00,3960,58.3199,58.311,58.31,58.33,58.305,94
2023-08-16 19:30:00,14095,58.2853,58.32,58.265,58.32,58.255,251
2023-08-16 19:31:00,7296,58.2848,58.2401,58.295,58.31,58.2401,173
2023-08-16 19:32:00,4305,58.2964,58.285,58.295,58.31,58.28,128
2023-08-16 19:33:00,10854,58.3088,58.295,58.305,58.315,58.295,197
2023-08-16 19:34:00,5892,58.3113,58.305,58.3125,58.33,58.295,151
2023-08-16 19:35:00,6780,58.3334,58.32,58.32,58.35,58.32,170
2023-08-16 19:36:00,4596,58.3114,58.32,58.31,58.32,58.3,133
2023-08-16 19:37:00,4745,58.2952,58.31,58.29,58.31,58.28,111
2023-08-16 19:38:00,7493,58.3109,58.295,58.295,58.33,58.295,171
2023-08-16 19:39:00,7111,58.289,58.29,58.3,58.305,58.275,161
2023-08-16 19:40:00,8615,58.3215,58.3,58.32,58.34,58.3,210
2023-08-16 19:41:00,7176,58.3106,58.31,58.325,58.325,58.295,124
2023-08-16 19:42:00,8307,58.3268,58.315,58.32,58.34,58.315,193
2023-08-16 19:43:00,15382,58.3274,58.32,58.355,58.355,58.31,230
2023-08-16 19:44:00,5941,58.3689,58.36,58.365,58.385,58.36,149
2023-08-16 19:45:00,6291,58.3676,58.35,58.36,58.385,58.35,186
2023-08-16 19:46:00,7068,58.3715,58.365,58.385,58.39,58.3499,164
2023-08-16 19:47:00,9211,58.3715,58.385,58.36,58.385,58.36,158
2023-08-16 19:48:00,11468,58.3635,58.35,58.37,58.375,58.35,170
2023-08-16 19:49:00,5265,58.358,58.36,58.345,58.375,58.34,108
2023-08-16 19:50:00,25886,58.3169,58.34,58.305,58.345,58.285,423
2023-08-16 19:51:00,9831,58.3268,58.3,58.33,58.345,58.3,252
2023-08-16 19:52:00,12180,58.2924,58.32,58.281,58.32,58.275,237
2023-08-16 19:53:00,16163,58.2973,58.285,58.295,58.295,58.275,299
2023-08-16 19:54:00,22160,58.3045,58.29,58.325,58.34,58.27,413
2023-08-16 19:55:00,32141,58.3728,58.325,58.395,58.405,58.325,547
2023-08-16 19:56:00,31637,58.3702,58.395,58.355,58.395,58.34,531
2023-08-16 19:57:00,28285,58.3592,58.36,58.365,58.38,58.34,441
2023-08-16 19:58:00,36196,58.3689,58.365,58.355,58.38,58.355,493
2023-08-16 19:59:00,87200,58.3099,58.355,58.29,58.355,58.28,1006
2023-08-16 20:00:00,12721,58.2997,58.3,58.3,58.3,58.3,28
2023-08-16 20:10:00,3045,58.3,58.3,58.3,58.3,58.3,1
2023-08-16 22:54:00,100,58.4,58.4,58.4,58.4,58.4,1
2023-08-17 13:27:00,1704,58.281,58.3,58.19,58.3,58.19,17
2023-08-17 13:29:00,1854,58.3311,58.35,58.29,58.35,58.29,6
2023-08-17 13:30:00,36556,58.2896,58.29,58.315,58.315,58.24,114
2023-08-17 13:31:00,4991,58.2456,58.33,58.22,58.33,58.21,88
2023-08-17 13:32:00,2226,58.253,58.24,58.23,58.28,58.23,86
2023-08-17 13:33:00,1366,58.2004,58.2,58.18,58.22,58.18,29
2023-08-17 13:34:00,18770,58.0222,58.18,58.0,58.18,57.961,212
2023-08-17 13:35:00,16408,58.0903,57.99,58.0701,58.12,57.99,94
2023-08-17 13:36:00,6531,58.085,58.14,58.08,58.14,58.07,80
2023-08-17 13:37:00,4329,58.101,58.07,58.09,58.14,58.06,86
2023-08-17 13:38:00,1553,58.0601,58.1,58.02,58.1,58.02,33
2023-08-17 13:39:00,6611,58.0108,57.98,58.025,58.03,57.98,104
2023-08-17 13:40:00,3353,58.0024,58.02,57.98,58.03,57.98,94
2023-08-17 13:41:00,3804,57.9683,57.99,57.98,58.0,57.94,101
2023-08-17 13:42:00,4988,58.0214,57.97,58.0,58.05,57.97,112
2023-08-17 13:43:00,7668,58.0095,58.01,57.975,58.06,57.97,100
2023-08-17 13:44:00,5473,57.9665,57.95,57.97,57.99,57.94,75
2023-08-17 13:45:00,8051,57.9918,57.98,57.995,58.01,57.96,115
2023-08-17 13:46:00,14490,58.045,57.995,58.08,58.09,57.995,190
2023-08-17 13:47:00,12477,58.1003,58.07,58.1,58.12,58.07,174
2023-08-17 13:48:00,7345,58.13,58.11,58.14,58.16,58.105,118
2023-08-17 13:49:00,7835,58.1196,58.13,58.06,58.155,58.06,126
2023-08-17 13:50:00,4496,58.08,58.06,58.05,58.1,58.05,79
2023-08-17 13:51:00,4856,58.0425,58.06,58.03,58.07,58.01,109
2023-08-17 13:52:00,3693,58.0346,58.04,58.03,58.04,58.03,92
2023-08-17 13:53:00,6564,58.0456,58.04,58.02,58.06,58.015,118
2023-08-17 13:54:00,7029,58.0479,58.03,58.05,58.065,58.03,138
2023-08-17 13:55:00,7266,58.0297,58.05,58.025,58.05,58.02,122
2023-08-17 13:56:00,13515,58.0557,58.03,58.1,58.11,58.01,202
2023-08-17 13:57:00,8002,58.1121,58.095,58.12,58.13,58.09,133
2023-08-17 13:58:00,4369,58.1445,58.105,58.14,58.16,58.105,94
2023-08-17 13:59:00,3299,58.1214,58.13,58.14,58.14,58.11,76
2023-08-17 14:00:00,6060,58.1398,58.14,58.1325,58.15,58.115,116
2023-08-17 14:01:00,17847,58.0891,58.13,58.05,58.13,58.05,152
2023-08-17 14:02:00,8918,58.0352,58.03,58.02,58.07,58.0,193
2023-08-17 14:03:00,4473,58.0452,58.015,58.09,58.09,58.015,84
2023-08-17 14:04:00,5217,58.0767,58.09,58.0675,58.09,58.06,88
2023-08-17 14:05:00,2872,58.051,58.07,58.025,58.0725,58.02,84
2023-08-17 14:06:00,6653,58.0176,58.01,58.03,58.03,58.0,161
2023-08-17 14:07:00,4049,58.0284,58.03,58.015,58.045,58.01,94
2023-08-17 14:08:00,5898,57.9857,58.01,57.985,58.01,57.9675,132
2023-08-17 14:09:00,5145,57.9967,57.985,58.01,58.02,57.985,87
2023-08-17 14:10:00,13714,58.047,58.015,58.04,58.08,58.015,216
2023-08-17 14:11:00,3564,58.0416,58.04,58.035,58.055,58.02,92
2023-08-17 14:12:00,8647,58.0031,58.03,58.0,58.03,57.985,186
2023-08-17 14:13:00,7215,58.0013,58.01,57.99,58.015,57.98,139
2023-08-17 14:14:00,3918,57.9937,57.98,58.025,58.025,57.9578,105
2023-08-17 14:15:00,9279,58.0218,58.03,58.04,58.04,58.0,187
2023-08-17 14:16:00,2465,58.0305,58.035,58.035,58.045,58.02,63
2023-08-17 14:17:00,7294,58.001,58.035,57.97,58.04,57.97,135
2023-08-17 14:18:00,7064,57.9539,57.97,57.925,57.97,57.92,140
2023-08-17 14:19:00,3327,57.9091,57.92,57.93,57.93,57.89,105
2023-08-17 14:20:00,5184,57.9421,57.935,57.945,57.96,57.92,111
2023-08-17 14:21:00,7934,57.949,57.95,57.97,57.97,57.93,180
2023-08-17 14:22:00,5290,57.9155,57.96,57.89,57.96,57.89,122
2023-08-17 14:23:00,3993,57.9255,57.895,57.935,57.94,57.895,89
2023-08-17 14:24:00,4264,57.9606,57.94,57.98,57.98,57.94,94
2023-08-17 14:25:00,5907,57.9344,57.95,57.92,57.9599,57.9,122
2023-08-17 14:26:00,4150,57.9134,57.905,57.94,57.94,57.885,93
2023-08-17 14:27:00,3850,57.9295,57.92,57.95,57.955,57.91,82
2023-08-17 14:28:00,3356,57.9641,57.96,57.97,57.9795,57.945,79
2023-08-17 14:29:00,8605,57.9598,57.97,57.96,57.97,57.95,161
2023-08-17 14:30:00,9482,57.975,57.965,57.96,58.0,57.955,167
2023-08-17 14:31:00,2806,57.9699,57.95,57.98,57.985,57.95,83
2023-08-17 14:32:00,2774,57.9841,57.98,57.98,57.995,57.98,73
2023-08-17 14:33:00,4171,57.9309,57.975,57.92,57.975,57.91,117
2023-08-17 14:34:00,7657,57.9364,57.94,57.915,57.95,57.915,151
2023-08-17 14:35:00,2900,57.9369,57.92,57.945,57.945,57.92,93
2023-08-17 14:36:00,3418,57.947,57.9306,57.94,57.97,57.925,85
2023-08-17 14:37:00,4292,57.9471,57.95,57.96,57.96,57.93,88
2023-08-17 14:38:00,4552,57.9438,57.96,57.93,57.96,57.93,131
2023-08-17 14:39:00,3703,57.9311,57.925,57.945,57.95,57.9,86
2023-08-17 14:40:00,3010,57.9311,57.94,57.92,57.94,57.91,74
2023-08-17 14:41:00,5169,57.9234,57.935,57.97,57.97,57.9,136
2023-08-17 14:42:00,2100,57.9699,57.97,57.97,57.975,57.97,64
2023-08-17 14:43:00,7767,57.985,57.97,57.985,57.995,57.97,144
2023-08-17 14:44:00,3821,57.9671,57.97,57.96,57.975,57.96,92
2023-08-17 14:45:00,4639,57.9701,57.96,57.99,57.99,57.95,99
2023-08-17 14:46:00,1736,57.9824,58.0,57.98,58.0,57.98,57
2023-08-17 14:47:00,3784,57.9835,57.995,57.975,57.995,57.965,92
2023-08-17 14:48:00,3702,57.9796,57.97,57.9709,58.0,57.97,97
2023-08-17 14:49:00,3557,57.9744,57.965,57.99,57.99,57.95,89
2023-08-17 14:50:00,4783,58.0223,58.0,58.04,58.04,58.0,90
2023-08-17 14:51:00,4987,58.0423,58.04,58.065,58.075,58.04,96
2023-08-17 14:52:00,4432,58.0745,58.065,58.1,58.105,58.045,91
2023-08-17 14:53:00,3319,58.0825,58.09,58.07,58.09,58.07,85
2023-08-17 14:54:00,3759,58.0731,58.07,58.07,58.08,58.065,72
2023-08-17 14:55:00,4775,58.07,58.08,58.08,58.08,58.055,101
2023-08-17 14:56:00,4544,58.0555,58.075,58.045,58.075,58.045,94
2023-08-17 14:57:00,1666,58.0406,58.045,58.025,58.045,58.025,58
2023-08-17 14:58:00,4713,58.0222,58.025,58.005,58.04,58.005,133
2023-08-17 14:59:00,5385,57.9878,58.0,57.975,58.0,57.975,121
2023-08-17 15:00:00,3507,57.9619,57.975,57.96,57.975,57.945,94
2023-08-17 15:01:00,3751,57.9844,57.965,57.99,58.005,57.965,85
2023-08-17 15:02:00,4407,57.9865,57.98,57.995,57.995,57.97,93
2023-08-17 15:03:00,3703,57.9965,58.0,57.985,58.02,57.98,79
2023-08-17 15:04:00,3657,57.9985,57.99,58.01,58.01,57.985,110
2023-08-17 15:05:00,4523,57.9908,58.0,58.01,58.01,57.97,95
2023-08-17 15:06:00,3224,58.0115,58.02,57.98,58.03,57.98,77
2023-08-17 15:07:00,4240,57.9705,57.98,57.96,57.985,57.95,90
2023-08-17 15:08:00,7061,57.9474,57.95,57.94,57.95,57.9347,123
2023-08-17 15:09:00,3008,57.9378,57.93,57.965,57.965,57.92,64
2023-08-17 15:10:00,4567,57.9682,57.97,57.965,57.97,57.96,96
2023-08-17 15:11:00,3997,57.9958,57.965,58.005,58.01,57.965,74
2023-08-17 15:12:00,7027,57.9977,58.0,58.005,58.01,57.985,136
2023-08-17 15:13:00,6945,57.9894,58.0,58.005,58.005,57.97,137
2023-08-17 15:14:00,4515,58.0021,58.01,58.005,58.015,57.98,86
2023-08-17 15:15:00,5404,58.003,58.0,58.0,58.02,57.985,114
2023-08-17 15:16:00,2985,57.9982,57.995,58.01,58.01,57.99,60
2023-08-17 15:17:00,3455,57.9944,58.0,57.985,58.0,57.985,95
2023-08-17 15:18:00,4183,57.9995,57.985,58.005,58.01,57.985,91
2023-08-17 15:19:00,3150,58.0013,58.0,57.99,58.01,57.985,88
2023-08-17 15:20:00,3489,57.9988,57.9844,58.01,58.015,57.98,78
2023-08-17 15:21:00,9063,57.9893,58.005,57.99,58.01,57.97,156
2023-08-17 15:22:00,5015,58.0015,57.985,58.025,58.04,57.98,100
2023-08-17 15:23:00,3783,58.0313,58.02,58.035,58.04,58.02,88
2023-08-17 15:24:00,5251,58.0738,58.06,58.06,58.09,58.06,129
2023-08-17 15:25:00,5061,58.0757,58.07,58.09,58.105,58.055,132
2023-08-17 15:26:00,4222,58.0616,58.0812,58.07,58.0812,58.05,107
2023-08-17 15:27:00,5205,58.0524,58.08,58.045,58.08,58.03,125
2023-08-17 15:28:00,3002,58.0403,58.05,58.045,58.05,58.025,95
2023-08-17 15:29:00,2434,58.0343,58.045,58.035,58.045,58.02,62
2023-08-17 15:30:00,2369,58.0534,58.05,58.05,58.06,58.05,76
2023-08-17 15:31:00,9753,58.0466,58.065,58.02,58.065,58.02,195
2023-08-17 15:32:00,7193,58.0245,58.02,58.01,58.04,58.0,163
2023-08-17 15:33:00,3011,58.0161,58.02,58.025,58.0299,58.0,66
2023-08-17 15:34:00,2471,58.0262,58.03,58.025,58.04,58.02,100
2023-08-17 15:35:00,3257,58.008,58.025,57.99,58.025,57.99,90
2023-08-17 15:36:00,4714,58.0004,57.99,58.01,58.01,57.99,153
2023-08-17 15:37:00,3952,58.0296,58.02,58.05,58.05,58.015,100
2023-08-17 15:38:00,12376,58.0871,58.06,58.12,58.12,58.06,194
2023-08-17 15:39:00,6221,58.1248,58.115,58.1,58.13,58.1,106
2023-08-17 15:40:00,7968,58.1031,58.1,58.0999,58.12,58.08,142
2023-08-17 15:41:00,4024,58.1258,58.1,58.145,58.15,58.1,99
2023-08-17 15:42:00,7411,58.1355,58.145,58.135,58.155,58.12,142
2023-08-17 15:43:00,3470,58.1244,58.14,58.11,58.14,58.11,89
2023-08-17 15:44:00,5796,58.1187,58.1101,58.115,58.13,58.1101,68
2023-08-17 15:45:00,8318,58.099,58.11,58.09,58.11,58.085,172
2023-08-17 15:46:00,5132,58.0945,58.09,58.09,58.105,58.09,97
2023-08-17 15:47:00,4529,58.0699,58.09,58.075,58.09,58.06,98
2023-08-17 15:48:00,3568,58.0669,58.07,58.045,58.075,58.045,64
2023-08-17 15:49:00,4687,58.0673,58.045,58.09,58.09,58.045,92
2023-08-17 15:50:00,31247,58.101,58.08,58.12,58.125,58.075,414
2023-08-17 15:51:00,25176,58.1658,58.12,58.215,58.215,58.11,437
2023-08-17 15:52:00,18452,58.2196,58.215,58.22,58.24,58.2,258
2023-08-17 15:53:00,7526,58.184,58.22,58.19,58.22,58.17,129
2023-08-17 15:54:00,6462,58.1566,58.185,58.13,58.185,58.13,94
2023-08-17 15:55:00,5180,58.1385,58.135,58.125,58.145,58.125,99
2023-08-17 15:56:00,8314,58.1143,58.12,58.135,58.135,58.105,162
2023-08-17 15:57:00,4392,58.1522,58.14,58.17,58.175,58.135,95
2023-08-17 15:58:00,4953,58.1543,58.1601,58.14,58.17,58.13,95
2023-08-17 15:59:00,1783,58.16,58.15,58.16,58.165,58.15,47
2023-08-17 16:00:00,9235,58.1408,58.16,58.1101,58.165,58.1101,140
2023-08-17 16:01:00,5315,58.1241,58.115,58.13,58.14,58.11,106
2023-08-17 16:02:00,1212,58.1199,58.125,58.115,58.125,58.115,40
2023-08-17 16:03:00,5931,58.1252,58.13,58.135,58.135,58.11,84
2023-08-17 16:04:00,5333,58.1301,58.135,58.135,58.14,58.125,69
2023-08-17 16:05:00,6118,58.1264,58.14,58.115,58.15,58.11,109
2023-08-17 16:06:00,7731,58.1098,58.12,58.075,58.12,58.075,122
2023-08-17 16:07:00,6897,58.0795,58.075,58.086,58.086,58.065,110
2023-08-17 16:08:00,9590,58.0722,58.085,58.09,58.095,58.06,145
2023-08-17 16:09:00,12476,58.1052,58.085,58.09,58.12,58.085,154
2023-08-17 16:10:00,10642,58.1321,58.0942,58.1,58.15,58.0942,201
2023-08-17 16:11:00,10414,58.1166,58.11,58.11,58.12,58.105,166
2023-08-17 16:12:00,2304,58.1195,58.125,58.105,58.13,58.105,61
2023-08-17 16:13:00,4051,58.1196,58.105,58.13,58.14,58.105,82
2023-08-17 16:14:00,3504,58.1395,58.135,58.145,58.15,58.135,88
2023-08-17 16:15:00,5358,58.1151,58.14,58.11,58.14,58.1,101
2023-08-17 16:16:00,2402,58.1261,58.115,58.135,58.135,58.115,46
2023-08-17 16:17:00,4407,58.1281,58.13,58.135,58.14,58.115,88
2023-08-17 16:18:00,4495,58.1474,58.14,58.15,58.155,58.14,82
2023-08-17 16:19:00,6874,58.1268,58.14,58.135,58.14,58.115,118
2023-08-17 16:20:00,3841,58.1238,58.135,58.125,58.135,58.11,78
2023-08-17 16:21:00,3871,58.1469,58.13,58.155,58.155,58.13,67
2023-08-17 16:22:00,5251,58.1445,58.15,58.155,58.155,58.1315,98
2023-08-17 16:23:00,3505,58.1415,58.15,58.14,58.15,58.135,81
2023-08-17 16:24:00,3264,58.1511,58.14,58.155,58.16,58.135,72
2023-08-17 16:25:00,6609,58.1541,58.16,58.14,58.17,58.14,115
2023-08-17 16:26:00,4469,58.15,58.135,58.14,58.165,58.135,81
2023-08-17 16:27:00,6742,58.1545,58.15,58.15,58.17,58.145,112
2023-08-17 16:28:00,8298,58.1506,58.14,58.16,58.17,58.135,152
2023-08-17 16:29:00,5119,58.1432,58.155,58.14,58.155,58.135,110
2023-08-17 16:30:00,4388,58.1541,58.145,58.16,58.165,58.135,78
2023-08-17 16:31:00,4386,58.142,58.15,58.15,58.15,58.135,81
2023-08-17 16:32:00,4889,58.1439,58.155,58.14,58.16,58.135,93
2023-08-17 16:33:00,4203,58.1207,58.135,58.115,58.135,58.11,71
2023-08-17 16:34:00,3400,58.1089,58.1117,58.1,58.115,58.1,70
2023-08-17 16:35:00,3498,58.1092,58.095,58.095,58.115,58.095,86
2023-08-17 16:36:00,3025,58.0872,58.095,58.08,58.1,58.08,78
2023-08-17 16:37:00,2819,58.0872,58.0812,58.095,58.095,58.0812,74
2023-08-17 16:38:00,4880,58.0935,58.095,58.07,58.12,58.065,123
2023-08-17 16:39:00,4420,58.0931,58.09,58.08,58.105,58.08,81
2023-08-17 16:40:00,5902,58.1012,58.09,58.1,58.11,58.09,109
2023-08-17 16:41:00,1355,58.1093,58.11,58.11,58.11,58.11,51
2023-08-17 16:42:00,4891,58.101,58.11,58.13,58.13,58.09,108
2023-08-17 16:43:00,3733,58.1186,58.13,58.125,58.135,58.1,101
2023-08-17 16:44:00,2921,58.1223,58.125,58.095,58.14,58.095,71
2023-08-17 16:45:00,5520,58.0795,58.095,58.06,58.095,58.06,119
2023-08-17 16:46:00,3788,58.0459,58.05,58.0399,58.055,58.0399,71
2023-08-17 16:47:00,3584,58.0349,58.025,58.045,58.045,58.025,89
2023-08-17 16:48:00,2163,58.0414,58.045,58.035,58.045,58.035,40
2023-08-17 16:49:00,4119,58.0411,58.04,58.04,58.05,58.035,77
2023-08-17 16:50:00,5036,58.0645,58.045,58.065,58.08,58.04,96
2023-08-17 16:51:00,2805,58.066,58.065,58.065,58.075,58.06,64
2023-08-17 16:52:00,4645,58.0845,58.065,58.105,58.105,58.065,111
2023-08-17 16:53:00,5699,58.1142,58.105,58.12,58.14,58.095,114
2023-08-17 16:54:00,1444,58.1178,58.12,58.115,58.12,58.115,34
2023-08-17 16:55:00,2427,58.105,58.12,58.13,58.13,58.12,39
2023-08-17 16:56:00,4500,58.1182,58.13,58.105,58.13,58.1,94
2023-08-17 16:57:00,2528,58.1177,58.11,58.105,58.13,58.105,60
2023-08-17 16:58:00,1906,58.1074,58.105,58.1069,58.11,58.105,31
2023-08-17 16:59:00,3150,58.1125,58.1,58.12,58.12,58.1,75
2023-08-17 17:00:00,4864,58.122,58.13,58.11,58.135,58.11,79
2023-08-17 17:01:00,4079,58.0786,58.1,58.0752,58.1,58.06,99
2023-08-17 17:02:00,3678,58.0547,58.07,58.06,58.07,58.04,79
2023-08-17 17:03:00,3533,58.0583,58.06,58.075,58.075,58.05,66
2023-08-17 17:04:00,3433,58.0523,58.07,58.045,58.07,58.04,58
2023-08-17 17:05:00,1110,58.0458,58.045,58.045,58.0484,58.04,17
2023-08-17 17:06:00,6705,58.0344,58.04,58.03,58.04,58.025,138
2023-08-17 17:07:00,4903,58.0317,58.04,58.035,58.04,58.025,66
2023-08-17 17:08:00,4483,58.0397,58.0393,58.025,58.0401,58.025,72
2023-08-17 17:09:00,1883,58.0223,58.03,58.015,58.03,58.015,58
2023-08-17 17:10:00,4094,58.0133,58.015,58.015,58.025,58.0,88
2023-08-17 17:11:00,3942,58.0059,58.0195,58.01,58.0195,58.0,88
2023-08-17 17:12:00,2760,58.0203,58.015,58.015,58.025,58.01,67
2023-08-17 17:13:00,2039,58.0073,58.01,58.005,58.01,58.005,44
2023-08-17 17:14:00,3250,58.0071,58.005,58.0085,58.015,58.0,79
2023-08-17 17:15:00,4586,58.0231,58.01,58.03,58.035,58.01,121
2023-08-17 17:16:00,2520,58.0206,58.025,58.015,58.0259,58.015,52
2023-08-17 17:17:00,6502,57.9939,58.01,57.975,58.01,57.97,114
2023-08-17 17:18:00,4179,57.9958,57.97,58.005,58.005,57.97,60
2023-08-17 17:19:00,12782,57.9776,58.0,57.95,58.0,57.95,158
2023-08-17 17:20:00,6027,57.93,57.95,57.915,57.95,57.915,111
2023-08-17 17:21:00,4701,57.8936,57.92,57.87,57.92,57.87,122
2023-08-17 17:22:00,2719,57.8857,57.87,57.875,57.895,57.87,57
2023-08-17 17:23:00,2192,57.8866,57.88,57.895,57.895,57.88,52
2023-08-17 17:24:00,3411,57.8654,57.885,57.845,57.885,57.84,75
2023-08-17 17:25:00,8504,57.868,57.85,57.875,57.885,57.85,109
2023-08-17 17:26:00,4533,57.87,57.875,57.8446,57.885,57.8446,94
2023-08-17 17:27:00,2655,57.8524,57.85,57.86,57.86,57.845,40
2023-08-17 17:28:00,3936,57.8564,57.85,57.87,57.87,57.835,81
2023-08-17 17:29:00,3922,57.859,57.875,57.85,57.875,57.85,83
2023-08-17 17:30:00,5309,57.8226,57.85,57.81,57.85,57.791,127
2023-08-17 17:31:00,4363,57.7858,57.8,57.77,57.8,57.76,96
2023-08-17 17:32:00,24022,57.7897,57.77,57.775,57.8,57.76,151
2023-08-17 17:33:00,4274,57.7744,57.77,57.78,57.78,57.76,88
2023-08-17 17:34:00,4774,57.7706,57.78,57.77,57.78,57.76,113
2023-08-17 17:35:00,6272,57.7934,57.77,57.81,57.81,57.765,82
2023-08-17 17:36:00,4207,57.8186,57.82,57.8,57.8352,57.8,79
2023-08-17 17:37:00,1308,57.8006,57.791,57.805,57.81,57.791,28
2023-08-17 17:38:00,5484,57.7885,57.8,57.79,57.8,57.78,108
2023-08-17 17:39:00,4637,57.769,57.785,57.75,57.785,57.75,82
2023-08-17 17:40:00,3581,57.7498,57.74,57.75,57.76,57.74,88
2023-08-17 17:41:00,7559,57.7243,57.725,57.74,57.745,57.7,175
2023-08-17 17:42:00,13680,57.7122,57.735,57.695,57.74,57.69,247
2023-08-17 17:43:00,7313,57.6878,57.7,57.695,57.7,57.665,140
2023-08-17 17:44:00,4957,57.6958,57.7,57.69,57.71,57.685,131
2023-08-17 17:45:00,2816,57.68,57.68,57.68,57.69,57.665,70
2023-08-17 17:46:00,3240,57.6755,57.685,57.675,57.685,57.67,69
2023-08-17 17:47:00,3485,57.6809,57.67,57.68,57.69,57.67,61
2023-08-17 17:48:00,5554,57.6779,57.68,57.685,57.69,57.665,120
2023-08-17 17:49:00,5773,57.6694,57.68,57.675,57.69,57.65,123
2023-08-17 17:50:00,5623,57.6812,57.68,57.68,57.7,57.66,126
2023-08-17 17:51:00,6592,57.7083,57.69,57.71,57.73,57.69,125
2023-08-17 17:52:00,3289,57.6978,57.705,57.705,57.705,57.7,58
2023-08-17 17:53:00,7375,57.7204,57.705,57.74,57.74,57.705,138
2023-08-17 17:54:00,5412,57.731,57.735,57.745,57.75,57.715,111
2023-08-17 17:55:00,3770,57.7409,57.74,57.74,57.75,57.73,77
2023-08-17 17:56:00,4182,57.7239,57.74,57.71,57.74,57.71,112
2023-08-17 17:57:00,1680,57.7242,57.72,57.73,57.73,57.72,40
2023-08-17 17:58:00,5106,57.7353,57.72,57.76,57.765,57.71,108
2023-08-17 17:59:00,2724,57.752,57.75,57.755,57.76,57.745,63
2023-08-17 18:00:00,3368,57.7338,57.75,57.73,57.75,57.725,73
2023-08-17 18:01:00,880,57.7363,57.735,57.735,57.74,57.735,29
2023-08-17 18:02:00,8627,57.7316,57.74,57.7,57.75,57.7,164
2023-08-17 18:03:00,3275,57.6988,57.695,57.7,57.7,57.695,76
2023-08-17 18:04:00,5021,57.6961,57.695,57.68,57.7,57.68,122
2023-08-17 18:05:00,4625,57.6571,57.66,57.67,57.67,57.65,92
2023-08-17 18:06:00,3213,57.6599,57.675,57.645,57.675,57.6431,83
2023-08-17 18:07:00,6776,57.6552,57.645,57.66,57.67,57.635,154
2023-08-17 18:08:00,4471,57.6646,57.665,57.66,57.685,57.655,109
2023-08-17 18:09:00,2533,57.6582,57.655,57.66,57.66,57.65,66
2023-08-17 18:10:00,6315,57.6418,57.65,57.645,57.66,57.62,150
2023-08-17 18:11:00,4921,57.644,57.64,57.665,57.665,57.625,111
2023-08-17 18:12:00,3629,57.661,57.66,57.66,57.665,57.655,65
2023-08-17 18:13:00,6435,57.6659,57.66,57.65,57.685,57.65,147
2023-08-17 18:14:00,726,57.6559,57.66,57.655,57.66,57.65,24
2023-08-17 18:15:00,10447,57.6299,57.65,57.6153,57.65,57.61,250
2023-08-17 18:16:00,5467,57.6396,57.62,57.65,57.65,57.62,130
2023-08-17 18:17:00,5368,57.6597,57.66,57.67,57.675,57.65,133
2023-08-17 18:18:00,5816,57.657,57.675,57.64,57.675,57.64,86
2023-08-17 18:19:00,6906,57.6535,57.64,57.65,57.67,57.64,120
2023-08-17 18:20:00,3666,57.6436,57.64,57.65,57.655,57.63,90
2023-08-17 18:21:00,2942,57.6422,57.655,57.645,57.655,57.63,89
2023-08-17 18:22:00,2661,57.6478,57.645,57.655,57.655,57.64,63
2023-08-17 18:23:00,4370,57.6631,57.66,57.67,57.675,57.66,130
2023-08-17 18:24:00,1090,57.6757,57.675,57.68,57.68,57.675,46
2023-08-17 18:25:00,6161,57.6721,57.68,57.655,57.69,57.655,149
2023-08-17 18:26:00,3337,57.672,57.66,57.6857,57.69,57.655,98
2023-08-17 18:27:00,5151,57.6953,57.69,57.695,57.705,57.68,119
2023-08-17 18:28:00,4269,57.6862,57.7,57.7,57.705,57.69,93
2023-08-17 18:29:00,3819,57.6823,57.69,57.67,57.69,57.67,92
2023-08-17 18:30:00,9412,57.6618,57.68,57.65,57.685,57.645,218
2023-08-17 18:31:00,4829,57.6341,57.655,57.625,57.655,57.61,123
2023-08-17 18:32:00,4352,57.5991,57.625,57.595,57.625,57.575,122
2023-08-17 18:33:00,5259,57.5923,57.6,57.585,57.6012,57.58,134
2023-08-17 18:34:00,4313,57.5923,57.59,57.615,57.615,57.58,117
2023-08-17 18:35:00,3194,57.6006,57.61,57.595,57.61,57.59,85
2023-08-17 18:36:00,4755,57.6016,57.6,57.6,57.61,57.595,122
2023-08-17 18:37:00,5085,57.603,57.6,57.62,57.625,57.585,138
2023-08-17 18:38:00,3970,57.6181,57.62,57.61,57.63,57.605,107
2023-08-17 18:39:00,4132,57.6158,57.61,57.62,57.625,57.605,99
2023-08-17 18:40:00,3784,57.6053,57.61,57.59,57.615,57.59,97
2023-08-17 18:41:00,8401,57.5893,57.59,57.59,57.6,57.575,120
2023-08-17 18:42:00,6327,57.5588,57.59,57.56,57.59,57.55,150
2023-08-17 18:43:00,3627,57.5479,57.57,57.545,57.57,57.535,100
2023-08-17 18:44:00,8636,57.5137,57.54,57.49,57.54,57.49,187
2023-08-17 18:45:00,17987,57.4979,57.5,57.5001,57.53,57.465,296
2023-08-17 18:46:00,3327,57.5138,57.51,57.525,57.525,57.505,94
2023-08-17 18:47:00,3654,57.5008,57.52,57.48,57.52,57.48,98
2023-08-17 18:48:00,2115,57.507,57.485,57.515,57.52,57.485,81
2023-08-17 18:49:00,5423,57.5172,57.52,57.515,57.54,57.505,122
2023-08-17 18:50:00,8263,57.5282,57.515,57.54,57.54,57.515,203
2023-08-17 18:51:00,2447,57.5336,57.54,57.525,57.545,57.525,64
2023-08-17 18:52:00,8686,57.5036,57.525,57.5,57.525,57.48,211
2023-08-17 18:53:00,5498,57.4874,57.495,57.4801,57.495,57.48,122
2023-08-17 18:54:00,5590,57.5038,57.485,57.51,57.515,57.485,144
2023-08-17 18:55:00,16465,57.4784,57.5,57.475,57.5,57.46,278
2023-08-17 18:56:00,9585,57.461,57.475,57.451,57.485,57.43,167
2023-08-17 18:57:00,16444,57.4705,57.459,57.475,57.495,57.459,238
2023-08-17 18:58:00,3564,57.4591,57.475,57.45,57.475,57.45,101
2023-08-17 18:59:00,2484,57.4459,57.45,57.44,57.45,57.44,106
2023-08-17 19:00:00,5886,57.4293,57.44,57.4425,57.4425,57.42,151
2023-08-17 19:01:00,6190,57.4582,57.45,57.4484,57.47,57.4484,154
2023-08-17 19:02:00,6292,57.4386,57.445,57.425,57.46,57.42,128
2023-08-17 19:03:00,5946,57.4152,57.42,57.405,57.42,57.405,128
2023-08-17 19:04:00,8654,57.4007,57.4086,57.38,57.42,57.38,195
2023-08-17 19:05:00,4721,57.3916,57.38,57.39,57.4,57.38,91
2023-08-17 19:06:00,14436,57.4084,57.39,57.385,57.42,57.375,250
2023-08-17 19:07:00,6117,57.3706,57.39,57.355,57.39,57.34,155
2023-08-17 19:08:00,9120,57.3584,57.36,57.36,57.37,57.34,166
2023-08-17 19:09:00,10038,57.3356,57.36,57.315,57.36,57.315,221
2023-08-17 19:10:00,8737,57.3211,57.315,57.33,57.33,57.302,178
2023-08-17 19:11:00,13473,57.2989,57.32,57.295,57.32,57.29,220
2023-08-17 19:12:00,7665,57.2964,57.295,57.305,57.31,57.285,179
2023-08-17 19:13:00,6763,57.2915,57.305,57.29,57.305,57.28,143
2023-08-17 19:14:00,9324,57.2935,57.295,57.28,57.31,57.275,185
2023-08-17 19:15:00,9194,57.2655,57.285,57.245,57.285,57.245,192
2023-08-17 19:16:00,7354,57.2669,57.25,57.275,57.285,57.25,208
2023-08-17 19:17:00,10422,57.2659,57.27,57.28,57.285,57.245,239
2023-08-17 19:18:00,6123,57.2746,57.265,57.285,57.285,57.26,134
2023-08-17 19:19:00,5999,57.287,57.28,57.295,57.295,57.275,131
2023-08-17 19:20:00,10191,57.2886,57.3,57.2925,57.31,57.265,249
2023-08-17 19:21:00,9415,57.2674,57.295,57.27,57.295,57.245,249
2023-08-17 19:22:00,3471,57.2601,57.27,57.25,57.27,57.25,107
2023-08-17 19:23:00,17328,57.2392,57.25,57.225,57.26,57.21,303
2023-08-17 19:24:00,11401,57.2226,57.225,57.245,57.245,57.195,228
2023-08-17 19:25:00,18269,57.2675,57.25,57.28,57.29,57.245,368
2023-08-17 19:26:00,2678,57.2732,57.27,57.27,57.28,57.27,95
2023-08-17 19:27:00,6694,57.28,57.28,57.265,57.29,57.265,155
2023-08-17 19:28:00,8592,57.2589,57.27,57.25,57.27,57.245,172
2023-08-17 19:29:00,8539,57.2624,57.245,57.275,57.275,57.245,164
2023-08-17 19:30:00,10854,57.2919,57.28,57.305,57.305,57.27,236
2023-08-17 19:31:00,6530,57.3022,57.302,57.315,57.315,57.3012,131
2023-08-17 19:32:00,21764,57.2629,57.315,57.24,57.315,57.23,373
2023-08-17 19:33:00,8282,57.2343,57.24,57.215,57.24,57.215,211
2023-08-17 19:34:00,8266,57.2424,57.22,57.255,57.255,57.22,179
2023-08-17 19:35:00,9165,57.2542,57.245,57.245,57.27,57.24,214
2023-08-17 19:36:00,9948,57.2694,57.2477,57.27,57.29,57.2477,203
2023-08-17 19:37:00,9196,57.2643,57.265,57.25,57.28,57.25,234
2023-08-17 19:38:00,11987,57.2705,57.255,57.28,57.285,57.255,255
2023-08-17 19:39:00,11766,57.2672,57.285,57.27,57.285,57.2507,263
2023-08-17 19:40:00,10086,57.2942,57.275,57.315,57.325,57.275,290
2023-08-17 19:41:00,10753,57.3008,57.32,57.285,57.32,57.28,230
2023-08-17 19:42:00,12893,57.2969,57.285,57.295,57.305,57.28,238
2023-08-17 19:43:00,12697,57.2938,57.295,57.31,57.31,57.28,283
2023-08-17 19:44:00,11715,57.2902,57.305,57.275,57.31,57.27,327
2023-08-17 19:45:00,15930,57.2647,57.27,57.23,57.285,57.23,316
2023-08-17 19:46:00,14211,57.2682,57.23,57.295,57.31,57.225,333
2023-08-17 19:47:00,9539,57.2922,57.3,57.275,57.31,57.275,228
2023-08-17 19:48:00,21461,57.2711,57.28,57.26,57.29,57.245,375
2023-08-17 19:49:00,9575,57.2712,57.27,57.265,57.285,57.26,256
2023-08-17 19:50:00,18809,57.3072,57.27,57.345,57.35,57.27,452
2023-08-17 19:51:00,28846,57.3545,57.355,57.325,57.375,57.32,522
2023-08-17 19:52:00,21160,57.3272,57.325,57.325,57.335,57.31,395
2023-08-17 19:53:00,12505,57.3302,57.325,57.34,57.34,57.32,265
2023-08-17 19:54:00,45018,57.3655,57.34,57.355,57.385,57.34,678
2023-08-17 19:55:00,55278,57.3464,57.35,57.33,57.355,57.33,633
2023-08-17 19:56:00,59886,57.3543,57.335,57.33,57.37,57.33,625
2023-08-17 19:57:00,56887,57.3286,57.33,57.315,57.34,57.31,587
2023-08-17 19:58:00,37989,57.3263,57.315,57.33,57.34,57.31,619
2023-08-17 19:59:00,115826,57.2975,57.33,57.255,57.335,57.25,1148
2023-08-17 20:00:00,9374,57.2513,57.27,57.25,57.28,57.25,19
2023-08-17 20:09:00,5795,57.25,57.25,57.25,57.25,57.25,1
2023-08-17 20:54:00,1500,57.0033,57.05,57.0,57.05,57.0,2
2023-08-18 08:55:00,199,57.01,57.01,57.01,57.01,57.01,1
2023-08-18 10:09:00,200,57.1885,57.19,57.19,57.19,57.19,4
2023-08-18 11:36:00,330,57.1789,57.19,57.16,57.19,57.16,9
2023-08-18 11:49:00,200,57.1,57.1,57.1,57.1,57.1,3
2023-08-18 12:37:00,507,57.0541,57.07,57.05,57.07,57.05,7
2023-08-18 12:45:00,500,57.0502,57.05,57.05,57.05,57.05,2
2023-08-18 12:46:00,395,57.0566,57.05,57.05,57.05,57.05,4
2023-08-18 12:51:00,232,57.0774,57.07,57.07,57.07,57.07,7
2023-08-18 13:16:00,1250,57.5256,57.49,57.6,57.6,57.49,14
2023-08-18 13:22:00,419,57.2498,57.34,57.22,57.34,57.22,5
2023-08-18 13:27:00,1253,57.2168,57.22,57.22,57.22,57.22,7
2023-08-18 13:28:00,4140,57.0786,57.04,57.1,57.12,57.02,26
2023-08-18 13:29:00,1068,57.1218,57.1,57.14,57.14,57.1,9
2023-08-18 13:30:00,120507,57.0928,57.0,57.11,57.23,57.0,187
2023-08-18 13:31:00,22680,56.9436,57.13,56.94,57.13,56.85,333
2023-08-18 13:32:00,3756,57.0538,56.97,57.1,57.13,56.97,74
2023-08-18 13:33:00,6447,57.1216,57.14,57.15,57.19,57.07,100
2023-08-18 13:34:00,3332,57.1282,57.11,57.16,57.16,57.09,69
2023-08-18 13:35:00,7594,57.1424,57.14,57.14,57.155,57.12,149
2023-08-18 13:36:00,7647,57.1103,57.15,57.11,57.15,57.07,146
2023-08-18 13:37:00,5140,57.0763,57.1165,57.07,57.1165,57.04,118
2023-08-18 13:38:00,5624,57.0842,57.07,57.14,57.14,57.05,156
2023-08-18 13:39:00,11216,57.1598,57.17,57.18,57.21,57.12,140
2023-08-18 13:40:00,4119,57.1651,57.17,57.18,57.2,57.14,83
2023-08-18 13:41:00,5250,57.2207,57.1941,57.2,57.2466,57.18,92
2023-08-18 13:42:00,6190,57.178,57.2,57.2,57.2,57.16,117
2023-08-18 13:43:00,4757,57.1886,57.21,57.18,57.21,57.16,114
2023-08-18 13:44:00,9424,57.2298,57.19,57.2716,57.28,57.19,142
2023-08-18 13:45:00,6792,57.2411,57.28,57.22,57.28,57.215,120
2023-08-18 13:46:00,6700,57.2248,57.205,57.265,57.27,57.19,114
2023-08-18 13:47:00,2810,57.2597,57.27,57.28,57.28,57.23,95
2023-08-18 13:48:00,8665,57.2782,57.29,57.265,57.3,57.245,165
2023-08-18 13:49:00,4676,57.2323,57.26,57.22,57.26,57.21,120
2023-08-18 13:50:00,8580,57.2361,57.2,57.24,57.27,57.2,153
2023-08-18 13:51:00,9967,57.3149,57.24,57.325,57.345,57.24,157
2023-08-18 13:52:00,7950,57.3051,57.32,57.33,57.33,57.28,155
2023-08-18 13:53:00,4376,57.3332,57.36,57.35,57.36,57.31,119
2023-08-18 13:54:00,3585,57.3565,57.34,57.385,57.39,57.34,80
2023-08-18 13:55:00,8752,57.3502,57.37,57.31,57.37,57.31,179
2023-08-18 13:56:00,3593,57.3283,57.34,57.315,57.345,57.31,99
2023-08-18 13:57:00,6693,57.3273,57.31,57.32,57.36,57.31,174
2023-08-18 13:58:00,637,57.3406,57.34,57.34,57.34,57.34,51
2023-08-18 13:59:00,2940,57.3288,57.335,57.33,57.335,57.33,90
2023-08-18 14:00:00,4001,57.3054,57.31,57.3,57.31,57.29,119
2023-08-18 14:01:00,3453,57.3069,57.3,57.31,57.32,57.3,83
2023-08-18 14:02:00,3087,57.2908,57.32,57.275,57.32,57.27,83
2023-08-18 14:03:00,11262,57.2658,57.28,57.28,57.29,57.24,206
2023-08-18 14:04:00,5117,57.292,57.3,57.295,57.3,57.275,96
2023-08-18 14:05:00,8497,57.3084,57.29,57.29,57.322,57.29,139
2023-08-18 14:06:00,6701,57.288,57.3,57.275,57.31,57.26,146
2023-08-18 14:07:00,3014,57.2628,57.265,57.25,57.27,57.25,66
2023-08-18 14:08:00,6860,57.2375,57.24,57.2544,57.2709,57.215,121
2023-08-18 14:09:00,2836,57.2416,57.24,57.265,57.265,57.23,77
2023-08-18 14:10:00,6795,57.2079,57.25,57.19,57.25,57.18,113
2023-08-18 14:11:00,3360,57.204,57.19,57.2,57.23,57.185,75
2023-08-18 14:12:00,5220,57.1779,57.2,57.175,57.2,57.155,107
2023-08-18 14:13:00,2676,57.1411,57.14,57.16,57.16,57.13,55
2023-08-18 14:14:00,3418,57.166,57.15,57.18,57.19,57.145,90
2023-08-18 14:15:00,3027,57.1853,57.1801,57.175,57.2,57.175,93
2023-08-18 14:16:00,2889,57.1567,57.18,57.145,57.18,57.135,84
2023-08-18 14:17:00,4960,57.1059,57.12,57.095,57.125,57.09,90
2023-08-18 14:18:00,5556,57.1394,57.11,57.16,57.16,57.11,97
2023-08-18 14:19:00,1198,57.1886,57.18,57.195,57.2,57.18,49
2023-08-18 14:20:00,4836,57.1974,57.19,57.2024,57.23,57.175,88
2023-08-18 14:21:00,1946,57.2068,57.22,57.21,57.22,57.185,54
2023-08-18 14:22:00,2484,57.1561,57.2,57.145,57.2,57.135,68
2023-08-18 14:23:00,4527,57.1369,57.145,57.1594,57.1594,57.115,87
2023-08-18 14:24:00,4140,57.1635,57.145,57.15,57.19,57.1401,85
2023-08-18 14:25:00,2058,57.1583,57.165,57.15,57.18,57.145,44
2023-08-18 14:26:00,3075,57.1397,57.14,57.135,57.155,57.13,62
2023-08-18 14:27:00,3315,57.1055,57.135,57.0907,57.135,57.09,87
2023-08-18 14:28:00,7671,57.0856,57.1,57.08,57.105,57.055,131
2023-08-18 14:29:00,5310,57.0915,57.085,57.07,57.105,57.07,90
2023-08-18 14:30:00,11419,57.0951,57.07,57.12,57.12,57.07,170
2023-08-18 14:31:00,3723,57.1021,57.12,57.105,57.12,57.09,69
2023-08-18 14:32:00,4072,57.0895,57.105,57.085,57.105,57.075,93
2023-08-18 14:33:00,2122,57.0875,57.09,57.09,57.1,57.08,62
2023-08-18 14:34:00,3647,57.0914,57.065,57.12,57.12,57.065,85
2023-08-18 14:35:00,5036,57.1335,57.115,57.17,57.17,57.095,103
2023-08-18 14:36:00,4628,57.1824,57.165,57.19,57.2,57.16,115
2023-08-18 14:37:00,2707,57.1611,57.17,57.17,57.17,57.155,54
2023-08-18 14:38:00,2949,57.145,57.15,57.12,57.17,57.12,74
2023-08-18 14:39:00,3096,57.1158,57.13,57.0953,57.13,57.0953,96
2023-08-18 14:40:00,5921,57.1218,57.095,57.14,57.1499,57.095,98
2023-08-18 14:41:00,2588,57.1306,57.145,57.12,57.145,57.115,77
2023-08-18 14:42:00,3360,57.1181,57.13,57.14,57.14,57.1,67
2023-08-18 14:43:00,3458,57.1175,57.14,57.12,57.14,57.095,74
2023-08-18 14:44:00,2975,57.1226,57.13,57.135,57.135,57.115,50
2023-08-18 14:45:00,4390,57.1155,57.135,57.11,57.14,57.095,105
2023-08-18 14:46:00,5029,57.1005,57.12,57.075,57.12,57.075,96
2023-08-18 14:47:00,10136,57.0822,57.07,57.1088,57.11,57.06,117
2023-08-18 14:48:00,5465,57.1259,57.115,57.115,57.14,57.115,98
2023-08-18 14:49:00,5437,57.0972,57.105,57.09,57.105,57.08,96
2023-08-18 14:50:00,7757,57.0737,57.085,57.05,57.09,57.05,134
2023-08-18 14:51:00,4637,57.0823,57.07,57.105,57.105,57.06,91
2023-08-18 14:52:00,2966,57.0949,57.095,57.105,57.105,57.075,76
2023-08-18 14:53:00,8123,57.0857,57.075,57.085,57.1,57.075,80
2023-08-18 14:54:00,4437,57.0746,57.08,57.09,57.11,57.05,147
2023-08-18 14:55:00,7971,57.1131,57.1,57.115,57.13,57.1,140
2023-08-18 14:56:00,6323,57.0832,57.13,57.05,57.13,57.05,133
2023-08-18 14:57:00,4182,57.0399,57.04,57.035,57.06,57.035,83
2023-08-18 14:58:00,6427,57.0275,57.03,57.035,57.04,57.015,124
2023-08-18 14:59:00,4996,57.0513,57.04,57.07,57.07,57.035,113
2023-08-18 15:00:00,6904,57.1074,57.07,57.155,57.165,57.07,116
2023-08-18 15:01:00,6963,57.1406,57.15,57.13,57.16,57.13,129
2023-08-18 15:02:00,2978,57.115,57.14,57.095,57.14,57.095,85
2023-08-18 15:03:00,5675,57.0829,57.115,57.07,57.12,57.06,90
2023-08-18 15:04:00,2200,57.0861,57.07,57.085,57.1,57.07,68
2023-08-18 15:05:00,1253,57.1169,57.11,57.12,57.12,57.11,50
2023-08-18 15:06:00,2121,57.1155,57.12,57.115,57.12,57.105,49
2023-08-18 15:07:00,7427,57.0892,57.115,57.0811,57.115,57.07,141
2023-08-18 15:08:00,6158,57.0789,57.09,57.045,57.095,57.045,100
2023-08-18 15:09:00,10858,57.0108,57.05,57.01,57.05,57.0,154
2023-08-18 15:10:00,4133,57.0187,57.005,57.03,57.03,57.005,100
2023-08-18 15:11:00,4090,57.0453,57.04,57.02,57.05,57.02,116
2023-08-18 15:12:00,3314,57.012,57.015,57.01,57.025,56.995,84
2023-08-18 15:13:00,4020,56.995,57.005,57.005,57.005,56.97,91
2023-08-18 15:14:00,5447,57.0078,57.01,57.01,57.015,57.0,97
2023-08-18 15:15:00,17075,57.0618,57.02,57.065,57.09,57.02,228
2023-08-18 15:16:00,9589,57.0583,57.065,57.055,57.075,57.045,133
2023-08-18 15:17:00,4729,57.0524,57.05,57.06,57.075,57.035,73
2023-08-18 15:18:00,6945,57.0226,57.06,57.0,57.06,56.99,157
2023-08-18 15:19:00,4315,57.0094,56.99,57.015,57.02,56.99,77
2023-08-18 15:20:00,4025,57.0207,57.03,57.02,57.03,57.015,69
2023-08-18 15:21:00,6022,56.9976,56.99,57.005,57.005,56.99,99
2023-08-18 15:22:00,4225,57.0103,57.01,57.01,57.015,57.005,72
2023-08-18 15:23:00,5268,57.0033,56.99,57.03,57.04,56.97,107
2023-08-18 15:24:00,3144,56.9963,57.03,56.99,57.03,56.99,82
2023-08-18 15:25:00,5029,56.9613,56.98,56.95,56.98,56.95,109
2023-08-18 15:26:00,11073,56.9703,56.945,56.99,56.99,56.94,161
2023-08-18 15:27:00,7485,56.9656,57.0,56.935,57.0,56.935,126
2023-08-18 15:28:00,9682,56.9242,56.93,56.91,56.93,56.91,204
2023-08-18 15:29:00,6775,56.9273,56.92,56.92,56.94,56.91,123
2023-08-18 15:30:00,7548,56.9122,56.91,56.92,56.925,56.89,137
2023-08-18 15:31:00,3623,56.909,56.91,56.9,56.92,56.9,74
2023-08-18 15:32:00,8390,56.9075,56.8999,56.92,56.92,56.895,97
2023-08-18 15:33:00,3585,56.9031,56.92,56.88,56.92,56.88,92
2023-08-18 15:34:00,12517,56.8869,56.88,56.87,56.9,56.87,187
2023-08-18 15:35:00,5047,56.8863,56.87,56.89,56.9,56.865,89
2023-08-18 15:36:00,4478,56.8883,56.8801,56.86,56.9,56.86,86
2023-08-18 15:37:00,3431,56.8596,56.86,56.8699,56.87,56.85,70
2023-08-18 15:38:00,3486,56.8658,56.86,56.87,56.87,56.86,57
2023-08-18 15:39:00,3377,56.8535,56.87,56.84,56.87,56.84,74
2023-08-18 15:40:00,10546,56.8103,56.84,56.825,56.845,56.79,162
2023-08-18 15:41:00,4406,56.8308,56.825,56.825,56.84,56.82,74
2023-08-18 15:42:00,3488,56.8455,56.83,56.83,56.86,56.83,75
2023-08-18 15:43:00,4940,56.8416,56.83,56.855,56.86,56.825,84
2023-08-18 15:44:00,6718,56.8669,56.855,56.88,56.88,56.855,107
2023-08-18 15:45:00,5178,56.9082,56.88,56.925,56.925,56.88,83
2023-08-18 15:46:00,3341,56.9237,56.93,56.94,56.94,56.92,88
2023-08-18 15:47:00,4106,56.933,56.935,56.98,56.98,56.915,108
2023-08-18 15:48:00,1727,56.9713,56.98,56.975,56.98,56.965,23
2023-08-18 15:49:00,1186,56.9836,56.98,56.985,56.99,56.98,29
2023-08-18 15:50:00,4688,57.003,56.99,57.01,57.02,56.99,106
2023-08-18 15:51:00,2488,56.9957,57.005,56.9798,57.005,56.975,54
2023-08-18 15:52:00,3694,56.9891,56.98,57.0,57.0,56.97,60
2023-08-18 15:53:00,2326,56.9805,56.99,56.965,56.99,56.965,53
2023-08-18 15:54:00,2615,56.9913,56.97,57.005,57.005,56.97,41
2023-08-18 15:55:00,2565,57.0078,57.005,57.0,57.02,57.0,55
2023-08-18 15:56:00,3617,57.0001,56.995,57.02,57.02,56.995,41
2023-08-18 15:57:00,8590,57.0182,57.02,57.01,57.045,56.99,151
2023-08-18 15:58:00,3596,57.0261,57.03,57.015,57.03,57.015,69
2023-08-18 15:59:00,3536,57.028,57.02,57.04,57.049,57.005,77
2023-08-18 16:00:00,4209,57.0423,57.03,57.04,57.06,57.03,72
2023-08-18 16:01:00,3832,57.06,57.035,57.075,57.075,57.035,54
2023-08-18 16:02:00,5359,57.0826,57.075,57.095,57.095,57.075,80
2023-08-18 16:03:00,2193,57.082,57.095,57.08,57.095,57.075,43
2023-08-18 16:04:00,6576,57.0976,57.09,57.11,57.11,57.08,91
2023-08-18 16:05:00,3030,57.1328,57.12,57.145,57.15,57.12,60
2023-08-18 16:06:00,4191,57.1368,57.15,57.158,57.17,57.15,61
2023-08-18 16:07:00,9350,57.1752,57.155,57.195,57.195,57.14,161
2023-08-18 16:08:00,5450,57.2086,57.2,57.205,57.22,57.195,91
2023-08-18 16:09:00,8784,57.2018,57.2,57.2,57.215,57.195,133
2023-08-18 16:10:00,3230,57.1876,57.2,57.16,57.205,57.16,85
2023-08-18 16:11:00,3060,57.1407,57.16,57.125,57.165,57.125,59
2023-08-18 16:12:00,2321,57.1168,57.13,57.09,57.13,57.09,56
2023-08-18 16:13:00,5608,57.0605,57.08,57.05,57.08,57.045,82
2023-08-18 16:14:00,3376,57.0615,57.04,57.08,57.08,57.035,60
2023-08-18 16:15:00,2865,57.0855,57.09,57.1,57.1,57.07,55
2023-08-18 16:16:00,4047,57.1226,57.1,57.115,57.125,57.1,64
2023-08-18 16:17:00,2352,57.1123,57.12,57.11,57.125,57.105,46
2023-08-18 16:18:00,1996,57.1061,57.11,57.1,57.13,57.095,51
2023-08-18 16:19:00,3500,57.1259,57.1,57.1379,57.14,57.1,58
2023-08-18 16:20:00,4713,57.15,57.14,57.15,57.165,57.14,87
2023-08-18 16:21:00,768,57.1553,57.165,57.155,57.165,57.145,17
2023-08-18 16:22:00,4946,57.1641,57.1605,57.18,57.18,57.1537,70
2023-08-18 16:23:00,3668,57.1666,57.18,57.15,57.1875,57.15,72
2023-08-18 16:24:00,1882,57.1679,57.15,57.175,57.18,57.15,35
2023-08-18 16:25:00,3070,57.1585,57.17,57.15,57.17,57.15,66
2023-08-18 16:26:00,1295,57.1692,57.17,57.17,57.175,57.165,35
2023-08-18 16:27:00,2832,57.1652,57.175,57.165,57.175,57.145,46
2023-08-18 16:28:00,1497,57.1439,57.165,57.14,57.165,57.135,28
2023-08-18 16:29:00,2000,57.1629,57.15,57.16,57.17,57.15,62
2023-08-18 16:30:00,4668,57.1473,57.155,57.145,57.155,57.14,56
2023-08-18 16:31:00,1695,57.1411,57.145,57.125,57.155,57.125,43
2023-08-18 16:32:00,2910,57.1477,57.13,57.165,57.165,57.13,59
2023-08-18 16:33:00,2431,57.1344,57.15,57.13,57.15,57.13,43
2023-08-18 16:34:00,3448,57.1202,57.125,57.115,57.13,57.115,62
2023-08-18 16:35:00,4783,57.1337,57.12,57.145,57.145,57.12,101
2023-08-18 16:36:00,2063,57.1332,57.145,57.1,57.15,57.1,55
2023-08-18 16:37:00,1327,57.0883,57.085,57.1,57.1,57.08,26
2023-08-18 16:38:00,1928,57.1158,57.11,57.105,57.125,57.105,57
2023-08-18 16:39:00,1737,57.1053,57.095,57.105,57.115,57.095,31
2023-08-18 16:40:00,2698,57.102,57.11,57.095,57.11,57.095,42
2023-08-18 16:41:00,3570,57.1037,57.09,57.12,57.12,57.09,93
2023-08-18 16:42:00,3319,57.1198,57.12,57.115,57.13,57.115,43
2023-08-18 16:43:00,1195,57.1136,57.11,57.12,57.12,57.105,38
2023-08-18 16:44:00,2466,57.1254,57.12,57.13,57.13,57.115,44
2023-08-18 16:45:00,4522,57.1154,57.135,57.085,57.135,57.085,84
2023-08-18 16:46:00,819,57.094,57.09,57.085,57.095,57.085,13
2023-08-18 16:47:00,3395,57.0979,57.1,57.09,57.1,57.09,68
2023-08-18 16:48:00,17660,57.0952,57.08,57.095,57.12,57.07,128
2023-08-18 16:49:00,6249,57.0948,57.0931,57.085,57.105,57.085,72
2023-08-18 16:50:00,1968,57.0885,57.085,57.095,57.095,57.08,46
2023-08-18 16:51:00,4667,57.087,57.1,57.08,57.1,57.065,79
2023-08-18 16:52:00,6402,57.0835,57.08,57.075,57.09,57.075,92
2023-08-18 16:53:00,1527,57.0703,57.08,57.08,57.08,57.06,28
2023-08-18 16:54:00,3624,57.0669,57.075,57.045,57.08,57.045,60
2023-08-18 16:55:00,6115,57.0258,57.04,57.03,57.04,57.01,98
2023-08-18 16:56:00,2733,57.0284,57.035,57.02,57.04,57.015,66
2023-08-18 16:57:00,1945,57.0191,57.02,57.01,57.025,57.01,46
2023-08-18 16:58:00,3938,57.0138,57.0158,57.02,57.03,57.0,82
2023-08-18 16:59:00,3754,57.0268,57.025,57.035,57.035,57.015,78
2023-08-18 17:00:00,11192,57.0016,57.02,56.995,57.02,56.99,187
2023-08-18 17:01:00,2955,57.0156,56.995,57.02,57.02,56.995,54
2023-08-18 17:02:00,2607,57.0174,57.011,57.025,57.03,57.005,41
2023-08-18 17:03:00,2535,57.0285,57.025,57.04,57.04,57.025,32
2023-08-18 17:04:00,493,57.0523,57.055,57.055,57.055,57.055,17
2023-08-18 17:05:00,3373,57.0505,57.05,57.06,57.065,57.04,92
2023-08-18 17:06:00,3928,57.043,57.07,57.03,57.07,57.025,84
2023-08-18 17:07:00,2620,57.0201,57.03,57.01,57.03,57.01,53
2023-08-18 17:08:00,3457,57.0018,57.0,57.01,57.01,56.995,54
2023-08-18 17:09:00,6937,57.0219,57.02,57.01,57.03,57.005,115
2023-08-18 17:10:00,7795,56.9854,57.0,56.985,57.005,56.97,118
2023-08-18 17:11:00,3633,56.9986,56.99,56.99,57.0191,56.985,62
2023-08-18 17:12:00,4488,56.9843,56.99,56.975,56.995,56.97,102
2023-08-18 17:13:00,3640,56.9833,56.975,56.985,56.99,56.965,58
2023-08-18 17:14:00,16702,57.0114,56.99,57.04,57.05,56.985,242
2023-08-18 17:15:00,16843,57.0518,57.045,57.05,57.075,57.02,277
2023-08-18 17:16:00,5986,57.0685,57.045,57.06,57.09,57.045,109
2023-08-18 17:17:00,7139,57.0508,57.05,57.05,57.07,57.05,110
2023-08-18 17:18:00,5170,57.0575,57.055,57.05,57.08,57.05,90
2023-08-18 17:19:00,6409,57.0395,57.05,57.03,57.055,57.03,96
2023-08-18 17:20:00,22079,57.0629,57.03,57.035,57.07,57.03,129
2023-08-18 17:21:00,3175,57.0336,57.04,57.02,57.04,57.02,60
2023-08-18 17:22:00,3818,57.0286,57.02,57.05,57.05,57.02,73
2023-08-18 17:23:00,9210,57.0432,57.055,57.02,57.06,57.02,99
2023-08-18 17:24:00,19851,57.0415,57.02,57.02,57.045,57.02,153
2023-08-18 17:25:00,10825,57.0017,57.025,57.005,57.03,56.99,141
2023-08-18 17:26:00,4591,56.9893,57.0,56.975,57.0,56.975,73
2023-08-18 17:27:00,5143,57.0095,56.99,57.01,57.0299,56.99,68
2023-08-18 17:28:00,4087,57.0307,57.005,57.0397,57.04,57.005,64
2023-08-18 17:29:00,946,57.0351,57.035,57.04,57.04,57.035,29
2023-08-18 17:30:00,5142,57.0622,57.06,57.065,57.08,57.045,82
2023-08-18 17:31:00,2859,57.0386,57.065,57.045,57.065,57.045,36
2023-08-18 17:32:00,3399,57.0316,57.0412,57.015,57.045,57.01,65
2023-08-18 17:33:00,4941,57.0556,57.01,57.06,57.08,57.01,85
2023-08-18 17:34:00,775,57.0574,57.055,57.06,57.06,57.055,20
2023-08-18 17:35:00,4273,57.0644,57.05,57.07,57.08,57.05,80
2023-08-18 17:36:00,10413,57.0909,57.07,57.1167,57.12,57.065,166
2023-08-18 17:37:00,3906,57.116,57.12,57.13,57.13,57.11,90
2023-08-18 17:38:00,8699,57.1262,57.135,57.13,57.14,57.115,123
2023-08-18 17:39:00,1507,57.125,57.135,57.12,57.135,57.12,29
2023-08-18 17:40:00,5019,57.1225,57.11,57.14,57.145,57.095,96
2023-08-18 17:41:00,2910,57.1236,57.13,57.13,57.14,57.12,49
2023-08-18 17:42:00,3295,57.1458,57.125,57.175,57.175,57.125,63
2023-08-18 17:43:00,4675,57.1802,57.18,57.16,57.195,57.16,88
2023-08-18 17:44:00,3644,57.1824,57.16,57.2,57.2,57.16,61
2023-08-18 17:45:00,4608,57.2043,57.2,57.21,57.2198,57.2,101
2023-08-18 17:46:00,3717,57.2162,57.21,57.21,57.2225,57.21,102
2023-08-18 17:47:00,1923,57.2104,57.21,57.21,57.22,57.21,53
2023-08-18 17:48:00,1225,57.2213,57.22,57.225,57.23,57.22,43
2023-08-18 17:49:00,3270,57.2188,57.22,57.205,57.235,57.2,77
2023-08-18 17:50:00,1724,57.2014,57.2,57.2,57.21,57.2,63
2023-08-18 17:51:00,3199,57.1994,57.195,57.2,57.205,57.195,56
2023-08-18 17:52:00,4132,57.2152,57.21,57.2,57.22,57.195,85
2023-08-18 17:53:00,1947,57.1916,57.2,57.19,57.2,57.185,48
2023-08-18 17:54:00,1585,57.1931,57.19,57.21,57.21,57.185,36
2023-08-18 17:55:00,4215,57.1939,57.2,57.2,57.2,57.19,77
2023-08-18 17:56:00,2958,57.1938,57.2,57.18,57.205,57.18,53
2023-08-18 17:57:00,793,57.2028,57.2,57.205,57.205,57.2,17
2023-08-18 17:58:00,769,57.1926,57.19,57.185,57.19,57.185,29
2023-08-18 17:59:00,2568,57.1912,57.18,57.2,57.2,57.18,54
2023-08-18 18:00:00,5969,57.2203,57.205,57.225,57.2299,57.205,108
2023-08-18 18:01:00,3448,57.2298,57.225,57.235,57.235,57.22,66
2023-08-18 18:02:00,5175,57.2143,57.23,57.21,57.23,57.195,104
2023-08-18 18:03:00,1776,57.215,57.22,57.21,57.225,57.21,44
2023-08-18 18:04:00,472,57.209,57.2,57.205,57.205,57.2,15
2023-08-18 18:05:00,3691,57.2214,57.22,57.235,57.235,57.22,60
2023-08-18 18:06:00,6130,57.2313,57.24,57.23,57.245,57.22,103
2023-08-18 18:07:00,1482,57.2407,57.23,57.255,57.255,57.23,32
2023-08-18 18:08:00,4864,57.2271,57.25,57.22,57.25,57.21,72
2023-08-18 18:09:00,2460,57.2354,57.235,57.23,57.24,57.23,44
2023-08-18 18:10:00,5211,57.2085,57.225,57.19,57.225,57.19,85
2023-08-18 18:11:00,2432,57.1994,57.195,57.195,57.215,57.19,54
2023-08-18 18:12:00,4367,57.1787,57.19,57.18,57.19,57.17,95
2023-08-18 18:13:00,2781,57.2014,57.19,57.2052,57.21,57.19,44
2023-08-18 18:14:00,1700,57.2083,57.205,57.22,57.22,57.2043,40
2023-08-18 18:15:00,3896,57.2202,57.215,57.24,57.24,57.205,78
2023-08-18 18:16:00,2990,57.2328,57.23,57.225,57.245,57.225,64
2023-08-18 18:17:00,2555,57.2142,57.22,57.215,57.225,57.205,64
2023-08-18 18:18:00,2520,57.1994,57.21,57.2,57.21,57.19,56
2023-08-18 18:19:00,8523,57.2344,57.21,57.255,57.255,57.205,143
2023-08-18 18:20:00,2515,57.2375,57.255,57.2693,57.27,57.255,35
2023-08-18 18:21:00,1508,57.2684,57.27,57.265,57.27,57.26,43
2023-08-18 18:22:00,9758,57.2684,57.28,57.26,57.2897,57.26,128
2023-08-18 18:23:00,7157,57.2515,57.255,57.255,57.26,57.24,133
2023-08-18 18:24:00,3409,57.2764,57.25,57.28,57.29,57.25,70
2023-08-18 18:25:00,6443,57.2783,57.28,57.265,57.31,57.25,144
2023-08-18 18:26:00,3766,57.2599,57.265,57.24,57.275,57.24,82
2023-08-18 18:27:00,2860,57.2537,57.24,57.26,57.26,57.24,56
2023-08-18 18:28:00,5345,57.2777,57.265,57.27,57.29,57.26,82
2023-08-18 18:29:00,717,57.2662,57.265,57.265,57.265,57.265,14
2023-08-18 18:30:00,7602,57.2766,57.28,57.2654,57.28,57.265,113
2023-08-18 18:31:00,9561,57.2858,57.265,57.31,57.31,57.265,155
2023-08-18 18:32:00,3431,57.3188,57.3,57.33,57.33,57.3,87
2023-08-18 18:33:00,1886,57.3119,57.325,57.31,57.325,57.305,51
2023-08-18 18:34:00,2369,57.323,57.315,57.315,57.34,57.31,65
2023-08-18 18:35:00,2652,57.3191,57.315,57.32,57.32,57.31,76
2023-08-18 18:36:00,3028,57.3223,57.3212,57.3215,57.33,57.32,64
2023-08-18 18:37:00,4904,57.3404,57.325,57.34,57.35,57.325,105
2023-08-18 18:38:00,1261,57.3383,57.34,57.335,57.35,57.33,34
2023-08-18 18:39:00,3520,57.3306,57.33,57.335,57.34,57.325,76
2023-08-18 18:40:00,8003,57.331,57.335,57.34,57.34,57.315,119
2023-08-18 18:41:00,1822,57.322,57.335,57.32,57.335,57.315,47
2023-08-18 18:42:00,6404,57.3369,57.31,57.33,57.35,57.31,119
2023-08-18 18:43:00,833,57.3224,57.33,57.315,57.33,57.315,33
2023-08-18 18:44:00,5791,57.307,57.31,57.3,57.325,57.29,120
2023-08-18 18:45:00,6944,57.3028,57.305,57.335,57.335,57.285,119
2023-08-18 18:46:00,4346,57.3336,57.335,57.34,57.34,57.335,49
2023-08-18 18:47:00,3267,57.3521,57.34,57.36,57.36,57.34,65
2023-08-18 18:48:00,2545,57.3556,57.365,57.365,57.365,57.35,51
2023-08-18 18:49:00,3825,57.361,57.365,57.37,57.37,57.35,90
2023-08-18 18:50:00,2932,57.3523,57.36,57.345,57.36,57.34,74
2023-08-18 18:51:00,6113,57.3413,57.345,57.34,57.35,57.32,115
2023-08-18 18:52:00,3495,57.3527,57.345,57.3599,57.36,57.345,63
2023-08-18 18:53:00,1088,57.3491,57.355,57.335,57.355,57.335,33
2023-08-18 18:54:00,2333,57.339,57.325,57.35,57.35,57.325,49
2023-08-18 18:55:00,5345,57.3464,57.36,57.345,57.36,57.32,85
2023-08-18 18:56:00,7402,57.3598,57.34,57.37,57.375,57.34,122
2023-08-18 18:57:00,2594,57.3498,57.365,57.34,57.365,57.34,72
2023-08-18 18:58:00,3308,57.3273,57.33,57.325,57.34,57.32,70
2023-08-18 18:59:00,3905,57.3439,57.33,57.345,57.355,57.33,102
2023-08-18 19:00:00,2764,57.3337,57.34,57.33,57.34,57.325,71
2023-08-18 19:01:00,4703,57.3339,57.33,57.33,57.35,57.32,92
2023-08-18 19:02:00,3410,57.329,57.32,57.32,57.325,57.32,65
2023-08-18 19:03:00,5818,57.3322,57.32,57.33,57.345,57.32,111
2023-08-18 19:04:00,2958,57.3293,57.33,57.34,57.345,57.315,62
2023-08-18 19:05:00,1387,57.3512,57.345,57.36,57.36,57.345,31
2023-08-18 19:06:00,1967,57.3652,57.36,57.375,57.38,57.36,53
2023-08-18 19:07:00,6231,57.378,57.375,57.385,57.4,57.36,142
2023-08-18 19:08:00,3936,57.3834,57.38,57.405,57.405,57.37,79
2023-08-18 19:09:00,13316,57.4157,57.405,57.435,57.435,57.405,175
2023-08-18 19:10:00,15121,57.4328,57.435,57.46,57.47,57.415,279
2023-08-18 19:11:00,7498,57.4433,57.455,57.43,57.46,57.425,131
2023-08-18 19:12:00,11179,57.426,57.435,57.42,57.4394,57.405,198
2023-08-18 19:13:00,8102,57.4154,57.42,57.42,57.425,57.4,130
2023-08-18 19:14:00,13654,57.429,57.42,57.405,57.45,57.405,214
2023-08-18 19:15:00,6510,57.418,57.41,57.41,57.425,57.41,118
2023-08-18 19:16:00,5586,57.4006,57.41,57.405,57.41,57.39,95
2023-08-18 19:17:00,5250,57.4147,57.405,57.42,57.425,57.405,132
2023-08-18 19:18:00,2279,57.4145,57.425,57.4,57.425,57.4,55
2023-08-18 19:19:00,5226,57.3935,57.4,57.39,57.405,57.38,122
2023-08-18 19:20:00,6212,57.4134,57.395,57.405,57.425,57.39,128
2023-08-18 19:21:00,5552,57.394,57.4,57.39,57.41,57.375,117
2023-08-18 19:22:00,6670,57.3678,57.39,57.36,57.39,57.34,125
2023-08-18 19:23:00,4375,57.3783,57.35,57.37,57.375,57.35,77
2023-08-18 19:24:00,7449,57.3815,57.37,57.355,57.39,57.355,123
2023-08-18 19:25:00,3477,57.362,57.36,57.36,57.37,57.355,86
2023-08-18 19:26:00,1232,57.371,57.365,57.375,57.38,57.365,37
2023-08-18 19:27:00,8138,57.3842,57.3781,57.39,57.395,57.3736,140
2023-08-18 19:28:00,6529,57.3976,57.375,57.395,57.41,57.375,119
2023-08-18 19:29:00,6137,57.3979,57.39,57.4,57.41,57.385,114
2023-08-18 19:30:00,5457,57.4021,57.395,57.4,57.41,57.39,118
2023-08-18 19:31:00,4712,57.3864,57.39,57.395,57.395,57.375,76
2023-08-18 19:32:00,9167,57.3868,57.395,57.385,57.4,57.375,151
2023-08-18 19:33:00,7735,57.3809,57.385,57.38,57.395,57.37,89
2023-08-18 19:34:00,6116,57.3667,57.375,57.365,57.375,57.355,108
2023-08-18 19:35:00,9780,57.3717,57.365,57.37,57.39,57.36,158
2023-08-18 19:36:00,8287,57.3906,57.38,57.405,57.405,57.38,116
2023-08-18 19:37:00,6457,57.391,57.4,57.385,57.4,57.385,108
2023-08-18 19:38:00,7356,57.4025,57.38,57.39,57.42,57.38,144
2023-08-18 19:39:00,5960,57.3905,57.38,57.385,57.4,57.38,105
2023-08-18 19:40:00,9506,57.4246,57.395,57.44,57.44,57.395,165
2023-08-18 19:41:00,36876,57.481,57.445,57.48,57.51,57.44,452
2023-08-18 19:42:00,10522,57.469,57.475,57.475,57.48,57.455,129
2023-08-18 19:43:00,24104,57.4999,57.48,57.52,57.52,57.47,284
2023-08-18 19:44:00,6063,57.5313,57.525,57.54,57.54,57.525,122
2023-08-18 19:45:00,21353,57.5291,57.535,57.56,57.56,57.53,279
2023-08-18 19:46:00,18651,57.5351,57.55,57.54,57.55,57.52,361
2023-08-18 19:47:00,15732,57.4894,57.53,57.445,57.53,57.445,305
2023-08-18 19:48:00,8151,57.4508,57.45,57.44,57.46,57.44,201
2023-08-18 19:49:00,13050,57.4283,57.44,57.41,57.45,57.405,241
2023-08-18 19:50:00,30733,57.4173,57.42,57.395,57.45,57.385,437
2023-08-18 19:51:00,15808,57.3793,57.39,57.375,57.39,57.37,238
2023-08-18 19:52:00,27262,57.3938,57.38,57.39,57.41,57.38,358
2023-08-18 19:53:00,28137,57.3865,57.39,57.375,57.4,57.37,373
2023-08-18 19:54:00,19278,57.3486,57.375,57.32,57.375,57.32,362
2023-08-18 19:55:00,66683,57.3328,57.315,57.335,57.36,57.305,716
2023-08-18 19:56:00,35953,57.3316,57.335,57.335,57.34,57.32,450
2023-08-18 19:57:00,33677,57.328,57.335,57.325,57.335,57.32,494
2023-08-18 19:58:00,59140,57.3266,57.325,57.34,57.35,57.31,761
2023-08-18 19:59:00,100937,57.3351,57.345,57.35,57.36,57.31,1032
2023-08-18 20:00:00,63172,57.36,57.36,57.36,57.36,57.36,19
2023-08-18 20:04:00,216,57.3525,57.36,57.36,57.36,57.36,3
2023-08-18 20:24:00,705,57.32,57.32,57.32,57.32,57.32,1
2023-08-18 20:27:00,156,57.31,57.31,57.31,57.31,57.31,1
2023-08-18 20:31:00,22650,57.36,57.36,57.36,57.36,57.36,1
2023-08-18 20:51:00,2789,57.3159,57.31,57.34,57.34,57.31,11
2023-08-18 21:33:00,100,57.28,57.28,57.28,57.28,57.28,1
2023-08-18 22:45:00,283,57.28,57.28,57.28,57.28,57.28,2
