t,v,vw,o,c,h,l,n
2024-04-17 12:00:00,156,40.1642,40.1699,40.1699,40.1699,40.1699,2
2024-04-17 12:04:00,100,39.8,39.8,39.8,39.8,39.8,1
2024-04-17 12:44:00,104,39.9577,39.95,39.95,39.95,39.95,2
2024-04-17 12:53:00,1801,39.96,39.96,39.96,39.96,39.96,11
2024-04-17 13:01:00,410010,39.76,39.76,39.76,39.76,39.76,2
2024-04-17 13:30:00,23271,39.8554,39.86,39.86,39.86,39.79,56
2024-04-17 13:31:00,169,39.8504,39.86,39.86,39.86,39.86,5
2024-04-17 13:32:00,1554,39.8903,39.88,39.91,39.91,39.88,16
2024-04-17 13:33:00,4630,39.922,39.88,39.92,39.93,39.88,22
2024-04-17 13:34:00,1548,39.9207,39.93,39.92,39.93,39.9,22
2024-04-17 13:35:00,2701,39.9025,39.91,39.89,39.92,39.89,25
2024-04-17 13:36:00,1392,39.8837,39.89,39.87,39.89,39.87,16
2024-04-17 13:37:00,1704,39.8642,39.8769,39.87,39.8769,39.86,10
2024-04-17 13:38:00,1338,39.8761,39.86,39.89,39.895,39.86,15
2024-04-17 13:39:00,2209,39.955,39.94,39.96,39.961,39.94,19
2024-04-17 13:40:00,4611,39.995,39.96,40.0177,40.02,39.96,41
2024-04-17 13:41:00,6229,40.0136,40.02,39.98,40.03,39.98,59
2024-04-17 13:42:00,25467,40.0396,39.99,40.1,40.1,39.99,61
2024-04-17 13:43:00,36993,40.1895,40.115,40.19,40.22,40.11,163
2024-04-17 13:44:00,14023,40.1597,40.185,40.15,40.1895,40.13,109
2024-04-17 13:45:00,8634,40.1319,40.15,40.13,40.15,40.11,74
2024-04-17 13:46:00,7795,40.1518,40.13,40.175,40.18,40.13,69
2024-04-17 13:47:00,3689,40.1789,40.175,40.1799,40.18,40.17,11
2024-04-17 13:48:00,10653,40.1853,40.18,40.2,40.205,40.17,75
2024-04-17 13:49:00,1714,40.2044,40.21,40.21,40.21,40.2,34
2024-04-17 13:50:00,11868,40.2071,40.21,40.2,40.21,40.2,87
2024-04-17 13:51:00,10669,40.1927,40.2,40.18,40.2,40.18,52
2024-04-17 13:52:00,26451,40.1854,40.19,40.185,40.21,40.16,133
2024-04-17 13:53:00,14728,40.1604,40.185,40.15,40.185,40.14,68
2024-04-17 13:54:00,1217,40.1516,40.155,40.15,40.155,40.145,6
2024-04-17 13:55:00,2440,40.1542,40.14,40.17,40.17,40.14,17
2024-04-17 13:56:00,866,40.1645,40.1686,40.165,40.1686,40.16,8
2024-04-17 13:57:00,1076,40.1721,40.16,40.175,40.175,40.16,5
2024-04-17 13:58:00,1550,40.1753,40.175,40.175,40.1791,40.175,7
2024-04-17 13:59:00,1189,40.2005,40.195,40.2,40.2099,40.195,20
2024-04-17 14:00:00,8957,40.1989,40.2079,40.18,40.2079,40.18,43
2024-04-17 14:01:00,5734,40.1508,40.186,40.14,40.186,40.13,48
2024-04-17 14:02:00,1778,40.1512,40.15,40.15,40.155,40.15,15
2024-04-17 14:03:00,2402,40.1548,40.14,40.15,40.166,40.14,23
2024-04-17 14:04:00,983,40.1351,40.1499,40.1188,40.1499,40.1188,10
2024-04-17 14:05:00,665,40.1187,40.12,40.115,40.12,40.115,9
2024-04-17 14:06:00,818,40.1207,40.12,40.125,40.125,40.12,6
2024-04-17 14:07:00,2709,40.1201,40.13,40.12,40.13,40.11,21
2024-04-17 14:08:00,1063,40.1296,40.14,40.13,40.14,40.13,22
2024-04-17 14:09:00,1837,40.1181,40.12,40.1168,40.12,40.11,16
2024-04-17 14:10:00,1190,40.1109,40.1188,40.11,40.1188,40.11,12
2024-04-17 14:11:00,6967,40.1187,40.11,40.125,40.125,40.105,20
2024-04-17 14:12:00,3672,40.1127,40.12,40.1,40.12,40.1,32
2024-04-17 14:13:00,1911,40.109,40.105,40.12,40.12,40.1,23
2024-04-17 14:14:00,1935,40.1288,40.12,40.1349,40.14,40.12,21
2024-04-17 14:15:00,1427,40.1141,40.13,40.105,40.13,40.105,19
2024-04-17 14:16:00,1855,40.1064,40.11,40.0989,40.1138,40.0989,25
2024-04-17 14:17:00,553,40.1003,40.1001,40.1,40.1001,40.1,5
2024-04-17 14:18:00,884,40.0957,40.1,40.09,40.1,40.09,17
2024-04-17 14:19:00,971,40.0807,40.08,40.08,40.08,40.08,14
2024-04-17 14:20:00,2514,40.0622,40.07,40.0603,40.07,40.0603,11
2024-04-17 14:21:00,11964,40.0919,40.08,40.1,40.1,40.08,66
2024-04-17 14:22:00,3692,40.0935,40.095,40.075,40.11,40.075,29
2024-04-17 14:23:00,2402,40.0702,40.07,40.07,40.07,40.07,21
2024-04-17 14:24:00,1631,40.0782,40.07,40.085,40.085,40.07,17
2024-04-17 14:25:00,776,40.0786,40.08,40.0799,40.08,40.0799,10
2024-04-17 14:26:00,301,40.0777,40.0791,40.075,40.0791,40.075,3
2024-04-17 14:27:00,11330,40.0638,40.07,40.045,40.09,40.045,80
2024-04-17 14:28:00,3470,40.0494,40.05,40.04,40.05,40.04,15
2024-04-17 14:29:00,2329,40.0392,40.04,40.03,40.042,40.03,10
2024-04-17 14:30:00,2129,40.0353,40.0405,40.04,40.0428,40.03,24
2024-04-17 14:31:00,1105,40.0306,40.03,40.03,40.035,40.03,16
2024-04-17 14:32:00,3403,40.0394,40.03,40.05,40.05,40.03,39
2024-04-17 14:33:00,1966,40.0505,40.055,40.05,40.055,40.04,16
2024-04-17 14:34:00,1518,40.0503,40.05,40.05,40.05,40.05,28
2024-04-17 14:35:00,1721,40.0507,40.055,40.055,40.055,40.05,27
2024-04-17 14:36:00,1400,40.075,40.06,40.08,40.085,40.06,28
2024-04-17 14:37:00,1510,40.0691,40.07,40.065,40.07,40.065,15
2024-04-17 14:38:00,776,40.0741,40.07,40.075,40.076,40.07,11
2024-04-17 14:39:00,1795,40.0697,40.0701,40.07,40.0701,40.065,26
2024-04-17 14:40:00,259,40.0743,40.07,40.0794,40.0794,40.07,8
2024-04-17 14:41:00,2674,40.0809,40.08,40.085,40.085,40.08,18
2024-04-17 14:42:00,425,40.0871,40.0889,40.085,40.0889,40.085,9
2024-04-17 14:43:00,2029,40.0797,40.08,40.08,40.08,40.08,31
2024-04-17 14:44:00,717,40.0606,40.07,40.06,40.07,40.06,10
2024-04-17 14:45:00,3634,40.0604,40.0599,40.07,40.07,40.0599,25
2024-04-17 14:46:00,4825,40.0691,40.07,40.07,40.07,40.0601,41
2024-04-17 14:47:00,1955,40.0723,40.07,40.075,40.075,40.0689,14
2024-04-17 14:48:00,1002,40.0817,40.08,40.08,40.0888,40.08,16
2024-04-17 14:49:00,2318,40.0796,40.08,40.0752,40.08,40.0752,23
2024-04-17 14:50:00,9122,40.0737,40.0889,40.0695,40.0889,40.0695,39
2024-04-17 14:51:00,5169,40.0565,40.065,40.0499,40.065,40.045,48
2024-04-17 14:52:00,1096,40.0464,40.04,40.0499,40.0499,40.04,13
2024-04-17 14:53:00,4126,40.0355,40.045,40.03,40.045,40.03,29
2024-04-17 14:54:00,5721,40.0195,40.03,40.01,40.03,40.01,30
2024-04-17 14:55:00,518,40.0135,40.01,40.015,40.0198,40.01,9
2024-04-17 14:56:00,3908,40.0201,40.02,40.01,40.03,40.01,40
2024-04-17 14:57:00,2040,40.0056,40.005,40.0,40.01,40.0,28
2024-04-17 14:58:00,1459,39.9935,40.0,39.985,40.0,39.98,25
2024-04-17 14:59:00,1057,39.9775,39.98,39.98,39.98,39.98,37
2024-04-17 15:00:00,2453,39.9675,39.97,39.95,39.975,39.95,31
2024-04-17 15:01:00,2313,39.9655,39.96,39.965,39.97,39.96,19
2024-04-17 15:02:00,3127,39.9689,39.9699,39.965,39.9699,39.965,5
2024-04-17 15:03:00,2035,39.9587,39.96,39.96,39.96,39.95,26
2024-04-17 15:04:00,1044,39.9807,39.98,39.98,39.985,39.98,18
2024-04-17 15:05:00,208,39.9812,39.98,39.98,39.98,39.98,4
2024-04-17 15:06:00,4900,39.9864,39.98,39.99,39.995,39.98,35
2024-04-17 15:07:00,6588,39.9861,39.99,39.98,39.99,39.9752,60
2024-04-17 15:08:00,1655,39.9871,39.99,39.975,39.99,39.975,19
2024-04-17 15:09:00,1120,39.9678,39.97,39.96,39.97,39.96,17
2024-04-17 15:10:00,1658,39.9532,39.96,39.95,39.96,39.95,11
2024-04-17 15:11:00,1327,39.9561,39.95,39.96,39.96,39.95,19
2024-04-17 15:13:00,294,39.9633,39.965,39.965,39.965,39.965,11
2024-04-17 15:14:00,4896,39.9717,39.97,39.9705,39.975,39.97,16
2024-04-17 15:15:00,1896,39.9699,39.9789,39.96,39.9789,39.96,31
2024-04-17 15:16:00,1347,39.9543,39.955,39.95,39.96,39.95,14
2024-04-17 15:17:00,976,39.9587,39.95,39.97,39.97,39.95,9
2024-04-17 15:18:00,1163,39.9701,39.97,39.97,39.97,39.97,16
2024-04-17 15:20:00,1529,39.9597,39.96,39.96,39.96,39.96,20
2024-04-17 15:21:00,1948,39.9593,39.956,39.96,39.96,39.956,21
2024-04-17 15:22:00,217,39.9646,39.96,39.9699,39.9699,39.96,2
2024-04-17 15:23:00,1180,39.9592,39.96,39.95,39.96,39.95,15
2024-04-17 15:24:00,4383,39.9543,39.955,39.95,39.955,39.95,9
2024-04-17 15:25:00,812,39.9518,39.955,39.95,39.955,39.95,14
2024-04-17 15:26:00,3187,39.9368,39.95,39.9399,39.95,39.93,37
2024-04-17 15:27:00,1437,39.9467,39.94,39.955,39.955,39.94,19
2024-04-17 15:28:00,864,39.9606,39.965,39.96,39.965,39.96,15
2024-04-17 15:29:00,1022,39.9505,39.955,39.95,39.955,39.95,15
2024-04-17 15:30:00,4249,39.9405,39.945,39.94,39.945,39.94,36
2024-04-17 15:31:00,549,39.9393,39.94,39.94,39.94,39.94,10
2024-04-17 15:32:00,2296,39.9325,39.935,39.93,39.94,39.93,33
2024-04-17 15:33:00,502,39.93,39.93,39.93,39.93,39.93,6
2024-04-17 15:34:00,2182,39.9223,39.93,39.925,39.93,39.92,25
2024-04-17 15:36:00,714,39.9211,39.92,39.9206,39.925,39.92,12
2024-04-17 15:37:00,502,39.9218,39.9218,39.9218,39.9218,39.9218,3
2024-04-17 15:38:00,1089,39.9353,39.93,39.945,39.945,39.93,15
2024-04-17 15:39:00,377,39.9569,39.95,39.9599,39.9599,39.95,5
2024-04-17 15:40:00,1372,39.9493,39.95,39.95,39.95,39.95,23
2024-04-17 15:41:00,587,39.945,39.945,39.945,39.945,39.945,4
2024-04-17 15:42:00,476,39.9506,39.95,39.955,39.955,39.95,7
2024-04-17 15:43:00,908,39.9602,39.955,39.965,39.965,39.955,16
2024-04-17 15:45:00,442,39.9641,39.965,39.965,39.965,39.965,11
2024-04-17 15:46:00,876,39.9699,39.9697,39.97,39.97,39.9697,11
2024-04-17 15:47:00,2323,39.9839,39.98,39.9899,39.9899,39.98,23
2024-04-17 15:48:00,3123,39.9905,39.985,39.995,39.995,39.985,17
2024-04-17 15:49:00,108,39.9952,39.995,39.995,39.995,39.995,2
2024-04-17 15:50:00,1600,40.005,40.0,40.0063,40.01,40.0,27
2024-04-17 15:51:00,9686,39.9972,40.0099,39.99,40.0099,39.99,50
2024-04-17 15:52:00,1830,39.9783,39.98,39.97,39.98,39.97,26
2024-04-17 15:53:00,3354,39.9592,39.96,39.9599,39.96,39.955,17
2024-04-17 15:54:00,1844,39.96,39.96,39.96,39.96,39.96,12
2024-04-17 15:55:00,2798,39.9516,39.96,39.94,39.96,39.94,36
2024-04-17 15:56:00,6388,39.9404,39.94,39.95,39.95,39.94,14
2024-04-17 15:57:00,736,39.9502,39.95,39.95,39.95,39.95,4
2024-04-17 15:58:00,2054,39.946,39.9517,39.94,39.9517,39.94,26
2024-04-17 15:59:00,2846,39.9388,39.94,39.93,39.94,39.93,14
2024-04-17 16:00:00,2839,39.9182,39.93,39.91,39.93,39.91,49
2024-04-17 16:01:00,512,39.9021,39.91,39.9,39.91,39.9,6
2024-04-17 16:02:00,484,39.9009,39.9,39.9,39.9,39.9,3
2024-04-17 16:03:00,1278,39.9088,39.905,39.91,39.91,39.9,15
2024-04-17 16:04:00,7894,39.8966,39.9,39.88,39.9,39.88,51
2024-04-17 16:05:00,1499,39.8624,39.86,39.8688,39.87,39.86,12
2024-04-17 16:06:00,773,39.8548,39.86,39.85,39.86,39.85,13
2024-04-17 16:07:00,1858,39.8635,39.86,39.87,39.87,39.86,17
2024-04-17 16:08:00,3027,39.8732,39.88,39.87,39.88,39.87,28
2024-04-17 16:09:00,1376,39.8648,39.87,39.86,39.87,39.86,21
2024-04-17 16:10:00,1779,39.8603,39.86,39.86,39.86,39.86,15
2024-04-17 16:11:00,2736,39.8746,39.87,39.8801,39.8801,39.87,20
2024-04-17 16:12:00,230,39.89,39.89,39.89,39.89,39.89,5
2024-04-17 16:13:00,531,39.8982,39.8992,39.8992,39.8992,39.8992,3
2024-04-17 16:14:00,720,39.9054,39.9,39.915,39.915,39.9,12
2024-04-17 16:15:00,1857,39.9103,39.915,39.91,39.915,39.91,21
2024-04-17 16:16:00,1101,39.9206,39.91,39.9292,39.9292,39.91,11
2024-04-17 16:17:00,8131,39.9212,39.92,39.925,39.925,39.915,30
2024-04-17 16:18:00,2971,39.9394,39.93,39.945,39.95,39.93,29
2024-04-17 16:19:00,6746,39.9654,39.95,39.985,39.985,39.95,34
2024-04-17 16:20:00,4221,39.9915,39.99,40.01,40.01,39.98,46
2024-04-17 16:21:00,1000,40.012,40.01,40.015,40.015,40.01,10
2024-04-17 16:22:00,7371,40.0139,40.015,40.0299,40.03,40.01,74
2024-04-17 16:23:00,648,40.0297,40.03,40.03,40.03,40.03,6
2024-04-17 16:24:00,15656,40.012,40.03,39.99,40.03,39.985,136
2024-04-17 16:25:00,2570,39.9894,39.985,39.995,39.995,39.98,22
2024-04-17 16:26:00,2573,39.9997,40.0,39.995,40.0,39.995,28
2024-04-17 16:27:00,3013,39.9812,39.99,39.97,39.99,39.97,42
2024-04-17 16:28:00,5409,39.9416,39.955,39.945,39.955,39.936,31
2024-04-17 16:29:00,1031,39.9361,39.94,39.925,39.94,39.925,17
2024-04-17 16:30:00,1504,39.9198,39.9294,39.92,39.9294,39.9108,19
2024-04-17 16:31:00,839,39.918,39.92,39.91,39.92,39.91,16
2024-04-17 16:32:00,1914,39.9112,39.91,39.915,39.915,39.91,27
2024-04-17 16:33:00,1313,39.9285,39.92,39.93,39.9399,39.92,15
2024-04-17 16:34:00,522,39.9273,39.93,39.92,39.93,39.92,17
2024-04-17 16:35:00,2513,39.9181,39.925,39.91,39.925,39.91,39
2024-04-17 16:36:00,1147,39.9214,39.92,39.925,39.925,39.92,21
2024-04-17 16:37:00,224,39.9199,39.92,39.92,39.92,39.92,9
2024-04-17 16:40:00,1921,39.9186,39.91,39.92,39.92,39.91,24
2024-04-17 16:41:00,1352,39.9292,39.925,39.93,39.93,39.925,21
2024-04-17 16:42:00,1460,39.9193,39.92,39.919,39.92,39.919,24
2024-04-17 16:43:00,2195,39.9266,39.92,39.92,39.93,39.92,23
2024-04-17 16:44:00,1426,39.92,39.92,39.92,39.92,39.92,13
2024-04-17 16:45:00,1845,39.9122,39.9145,39.91,39.919,39.91,21
2024-04-17 16:46:00,602,39.9001,39.9,39.9,39.9001,39.9,13
2024-04-17 16:47:00,6633,39.9185,39.91,39.92,39.92,39.91,21
2024-04-17 16:48:00,820,39.9411,39.935,39.945,39.945,39.935,12
2024-04-17 16:49:00,227,39.9588,39.96,39.96,39.96,39.96,4
2024-04-17 16:50:00,2153,39.9501,39.96,39.945,39.96,39.945,29
2024-04-17 16:51:00,360,39.9525,39.959,39.959,39.959,39.959,13
2024-04-17 16:53:00,1248,39.9585,39.955,39.9588,39.96,39.955,15
2024-04-17 16:54:00,545,39.9615,39.96,39.965,39.965,39.96,8
2024-04-17 16:55:00,1080,39.9749,39.965,39.98,39.98,39.965,15
2024-04-17 16:56:00,360,39.9744,39.97,39.975,39.975,39.97,13
2024-04-17 16:57:00,7560,39.9723,39.975,39.98,39.98,39.97,62
2024-04-17 16:58:00,10312,39.966,39.98,39.9794,39.98,39.9603,61
2024-04-17 16:59:00,1468,39.9852,39.98,39.995,39.995,39.98,18
2024-04-17 17:00:00,2780,39.9959,39.9963,40.0,40.0,39.995,14
2024-04-17 17:01:00,2095,39.998,40.0,40.0,40.0,39.99,31
2024-04-17 17:02:00,1442,39.991,39.9929,40.0,40.0,39.99,15
2024-04-17 17:03:00,1000,39.9925,39.995,39.99,40.0,39.99,6
2024-04-17 17:04:00,107,39.9999,40.0,40.0,40.0,40.0,3
2024-04-17 17:05:00,7430,40.0082,40.0,40.015,40.015,40.0,25
2024-04-17 17:06:00,7583,40.0118,40.015,40.009,40.02,40.009,64
2024-04-17 17:07:00,11964,40.0031,40.005,40.005,40.01,39.995,88
2024-04-17 17:08:00,2846,40.0107,40.01,40.02,40.02,40.01,22
2024-04-17 17:09:00,3768,40.0103,40.01,40.01,40.015,40.01,54
2024-04-17 17:10:00,1721,40.0089,40.01,40.01,40.01,40.005,20
2024-04-17 17:11:00,4022,40.0093,40.0089,40.01,40.01,40.005,21
2024-04-17 17:12:00,615,40.0043,40.01,40.0,40.01,40.0,6
2024-04-17 17:13:00,205,40.0069,40.005,40.0089,40.0089,40.005,3
2024-04-17 17:15:00,3479,40.0141,40.005,40.035,40.035,40.005,41
2024-04-17 17:16:00,870,40.0416,40.04,40.045,40.045,40.04,9
2024-04-17 17:17:00,4043,40.0521,40.045,40.065,40.07,40.045,22
2024-04-17 17:18:00,1987,40.0919,40.07,40.105,40.105,40.07,29
2024-04-17 17:19:00,2867,40.1005,40.105,40.1,40.105,40.1,26
2024-04-17 17:20:00,534,40.112,40.11,40.11,40.11,40.11,11
2024-04-17 17:21:00,4924,40.1197,40.115,40.12,40.13,40.11,51
2024-04-17 17:22:00,5050,40.1195,40.12,40.1175,40.12,40.1175,23
2024-04-17 17:23:00,6816,40.1163,40.115,40.13,40.13,40.115,19
2024-04-17 17:24:00,2035,40.1403,40.14,40.14,40.145,40.14,19
2024-04-17 17:25:00,3454,40.1494,40.1432,40.15,40.15,40.1432,19
2024-04-17 17:26:00,8649,40.1294,40.15,40.11,40.15,40.11,70
2024-04-17 17:27:00,2566,40.1191,40.11,40.125,40.125,40.11,13
2024-04-17 17:28:00,1244,40.1201,40.12,40.12,40.12,40.12,20
2024-04-17 17:29:00,2110,40.1203,40.125,40.1166,40.125,40.1166,24
2024-04-17 17:30:00,5363,40.1198,40.115,40.115,40.13,40.115,52
2024-04-17 17:31:00,2298,40.1069,40.11,40.1,40.1188,40.1,41
2024-04-17 17:32:00,1928,40.1021,40.09,40.1,40.105,40.09,24
2024-04-17 17:33:00,2493,40.112,40.095,40.13,40.13,40.095,20
2024-04-17 17:34:00,1713,40.1376,40.135,40.1394,40.1394,40.135,6
2024-04-17 17:35:00,1650,40.14,40.1394,40.145,40.145,40.1394,14
2024-04-17 17:36:00,3230,40.1528,40.1439,40.1688,40.1688,40.1439,23
2024-04-17 17:37:00,4613,40.1632,40.165,40.165,40.17,40.16,23
2024-04-17 17:38:00,2195,40.1647,40.165,40.17,40.17,40.16,12
2024-04-17 17:39:00,5092,40.175,40.17,40.185,40.185,40.169,30
2024-04-17 17:40:00,10565,40.1864,40.185,40.18,40.195,40.18,86
2024-04-17 17:41:00,4891,40.1816,40.175,40.18,40.185,40.175,41
2024-04-17 17:42:00,1359,40.1699,40.17,40.17,40.17,40.17,19
2024-04-17 17:43:00,7342,40.1579,40.165,40.14,40.1694,40.14,50
2024-04-17 17:44:00,6299,40.1378,40.135,40.1255,40.14,40.1255,60
2024-04-17 17:45:00,1733,40.1086,40.12,40.1,40.12,40.1,27
2024-04-17 17:46:00,1984,40.1143,40.1,40.125,40.125,40.1,23
2024-04-17 17:47:00,2103,40.1389,40.13,40.14,40.14,40.13,8
2024-04-17 17:48:00,1332,40.1461,40.14,40.145,40.15,40.14,12
2024-04-17 17:49:00,2213,40.1406,40.14,40.145,40.145,40.14,32
2024-04-17 17:50:00,560,40.1464,40.145,40.145,40.145,40.145,8
2024-04-17 17:51:00,4291,40.1438,40.14,40.145,40.15,40.135,43
2024-04-17 17:52:00,2122,40.148,40.145,40.15,40.15,40.145,17
2024-04-17 17:53:00,3060,40.1613,40.16,40.1701,40.1701,40.155,24
2024-04-17 17:54:00,689,40.1727,40.18,40.17,40.18,40.17,6
2024-04-17 17:55:00,300,40.1747,40.17,40.17,40.17,40.17,13
2024-04-17 17:56:00,11352,40.1809,40.18,40.185,40.19,40.175,66
2024-04-17 17:57:00,3136,40.1888,40.18,40.186,40.19,40.18,39
2024-04-17 17:58:00,2925,40.18,40.18,40.18,40.18,40.18,31
2024-04-17 17:59:00,2233,40.1703,40.175,40.17,40.175,40.17,19
2024-04-17 18:00:00,3430,40.1572,40.17,40.14,40.1788,40.14,60
2024-04-17 18:01:00,7536,40.1456,40.145,40.13,40.15,40.13,69
2024-04-17 18:02:00,7753,40.1337,40.135,40.145,40.15,40.125,61
2024-04-17 18:03:00,6691,40.1577,40.15,40.16,40.16,40.15,42
2024-04-17 18:04:00,634,40.1503,40.15,40.15,40.15,40.15,4
2024-04-17 18:05:00,620,40.1502,40.15,40.15,40.15,40.15,5
2024-04-17 18:06:00,10880,40.1489,40.15,40.15,40.15,40.145,71
2024-04-17 18:07:00,6164,40.1445,40.15,40.14,40.15,40.14,41
2024-04-17 18:08:00,2930,40.1306,40.14,40.125,40.14,40.12,26
2024-04-17 18:09:00,11244,40.1291,40.125,40.15,40.15,40.12,65
2024-04-17 18:10:00,1042,40.1503,40.15,40.15,40.15,40.15,24
2024-04-17 18:11:00,3832,40.14,40.14,40.14,40.14,40.14,34
2024-04-17 18:12:00,12083,40.1305,40.14,40.13,40.1499,40.12,254
2024-04-17 18:13:00,1063,40.1308,40.13,40.13,40.135,40.13,12
2024-04-17 18:14:00,3948,40.1385,40.135,40.145,40.145,40.13,24
2024-04-17 18:15:00,2445,40.1583,40.15,40.17,40.18,40.145,26
2024-04-17 18:16:00,5266,40.1706,40.1699,40.17,40.179,40.1699,41
2024-04-17 18:17:00,2507,40.1618,40.16,40.16,40.165,40.16,12
2024-04-17 18:18:00,3892,40.1702,40.17,40.17,40.175,40.165,38
2024-04-17 18:19:00,4165,40.1756,40.17,40.185,40.185,40.17,18
2024-04-17 18:20:00,1018,40.1845,40.185,40.185,40.185,40.185,8
2024-04-17 18:21:00,551,40.1814,40.185,40.18,40.185,40.18,5
2024-04-17 18:22:00,16939,40.1821,40.185,40.175,40.19,40.175,140
2024-04-17 18:23:00,1960,40.1824,40.18,40.19,40.19,40.18,29
2024-04-17 18:24:00,3298,40.1926,40.2,40.19,40.2,40.19,33
2024-04-17 18:25:00,1344,40.1906,40.19,40.19,40.195,40.19,9
2024-04-17 18:26:00,2754,40.1878,40.19,40.185,40.19,40.18,31
2024-04-17 18:27:00,2329,40.1826,40.185,40.18,40.185,40.18,15
2024-04-17 18:28:00,970,40.1809,40.18,40.18,40.18,40.18,22
2024-04-17 18:29:00,1628,40.1851,40.1893,40.185,40.1893,40.18,16
2024-04-17 18:30:00,216,40.1801,40.18,40.18,40.18,40.18,6
2024-04-17 18:31:00,808,40.185,40.185,40.185,40.185,40.185,6
2024-04-17 18:32:00,3605,40.1895,40.1891,40.195,40.195,40.185,27
2024-04-17 18:33:00,7457,40.184,40.195,40.17,40.195,40.17,55
2024-04-17 18:34:00,400,40.18,40.18,40.18,40.18,40.18,4
2024-04-17 18:35:00,800,40.175,40.175,40.175,40.175,40.175,1
2024-04-17 18:36:00,5354,40.1797,40.175,40.175,40.18,40.175,77
2024-04-17 18:38:00,30977,40.1812,40.175,40.185,40.2,40.175,45
2024-04-17 18:39:00,9989,40.1786,40.195,40.17,40.2,40.165,96
2024-04-17 18:40:00,1427,40.1614,40.165,40.16,40.165,40.16,17
2024-04-17 18:41:00,9150,40.1649,40.16,40.16,40.17,40.155,91
2024-04-17 18:42:00,4356,40.1615,40.155,40.1694,40.17,40.155,27
2024-04-17 18:43:00,2914,40.1706,40.165,40.17,40.175,40.165,27
2024-04-17 18:44:00,6117,40.1785,40.17,40.19,40.19,40.17,53
2024-04-17 18:45:00,1605,40.1831,40.185,40.185,40.185,40.18,14
2024-04-17 18:46:00,3812,40.1872,40.185,40.185,40.195,40.18,45
2024-04-17 18:47:00,15205,40.1654,40.18,40.1601,40.18,40.16,55
2024-04-17 18:48:00,2264,40.1538,40.16,40.145,40.16,40.145,37
2024-04-17 18:49:00,1202,40.1404,40.14,40.14,40.145,40.14,13
2024-04-17 18:50:00,811,40.14,40.14,40.14,40.14,40.14,9
2024-04-17 18:51:00,1688,40.1324,40.14,40.13,40.14,40.13,26
2024-04-17 18:52:00,1445,40.1274,40.13,40.12,40.13,40.12,27
2024-04-17 18:53:00,3986,40.1142,40.12,40.11,40.12,40.11,61
2024-04-17 18:54:00,902,40.0914,40.1,40.09,40.1,40.09,16
2024-04-17 18:55:00,4145,40.0916,40.09,40.09,40.0998,40.09,35
2024-04-17 18:56:00,935,40.0903,40.09,40.0901,40.0901,40.09,8
2024-04-17 18:57:00,1903,40.0898,40.09,40.09,40.09,40.085,28
2024-04-17 18:58:00,1137,40.0993,40.09,40.105,40.11,40.09,19
2024-04-17 18:59:00,699,40.1084,40.105,40.11,40.11,40.105,8
2024-04-17 19:00:00,10015,40.1016,40.115,40.085,40.115,40.085,69
2024-04-17 19:01:00,4373,40.0891,40.09,40.085,40.09,40.085,40
2024-04-17 19:02:00,210,40.0851,40.085,40.085,40.085,40.085,6
2024-04-17 19:03:00,2341,40.0889,40.085,40.0858,40.09,40.085,26
2024-04-17 19:04:00,3299,40.0805,40.085,40.08,40.085,40.08,42
2024-04-17 19:05:00,983,40.0811,40.08,40.09,40.09,40.08,23
2024-04-17 19:06:00,2719,40.0756,40.08,40.07,40.08,40.07,52
2024-04-17 19:07:00,909,40.0629,40.065,40.06,40.065,40.06,11
2024-04-17 19:08:00,3461,40.071,40.07,40.085,40.085,40.0699,24
2024-04-17 19:09:00,1411,40.0886,40.09,40.09,40.09,40.085,13
2024-04-17 19:10:00,4797,40.0886,40.095,40.085,40.095,40.08,32
2024-04-17 19:11:00,372,40.0861,40.085,40.0886,40.0886,40.085,5
2024-04-17 19:12:00,2489,40.0796,40.08,40.075,40.08,40.075,30
2024-04-17 19:13:00,2474,40.0828,40.08,40.09,40.09,40.08,20
2024-04-17 19:14:00,7230,40.0779,40.09,40.06,40.09,40.06,77
2024-04-17 19:15:00,132,40.0632,40.06,40.06,40.06,40.06,5
2024-04-17 19:16:00,5887,40.0555,40.06,40.065,40.065,40.05,50
2024-04-17 19:17:00,2116,40.0915,40.07,40.095,40.0993,40.07,21
2024-04-17 19:18:00,10428,40.0903,40.095,40.085,40.098,40.08,40
2024-04-17 19:19:00,1721,40.0799,40.08,40.08,40.08,40.08,21
2024-04-17 19:20:00,5521,40.0691,40.08,40.085,40.095,40.08,37
2024-04-17 19:21:00,729,40.085,40.085,40.085,40.085,40.085,11
2024-04-17 19:22:00,1522,40.09,40.085,40.09,40.09,40.085,19
2024-04-17 19:23:00,3512,40.1101,40.0994,40.12,40.12,40.0994,35
2024-04-17 19:24:00,728,40.1174,40.1176,40.118,40.118,40.1176,9
2024-04-17 19:25:00,11567,40.113,40.12,40.11,40.13,40.105,124
2024-04-17 19:26:00,3357,40.111,40.11,40.105,40.115,40.105,36
2024-04-17 19:27:00,701,40.1049,40.105,40.105,40.105,40.105,5
2024-04-17 19:28:00,4578,40.0991,40.1,40.095,40.1,40.095,45
2024-04-17 19:29:00,2669,40.092,40.0997,40.095,40.0997,40.09,24
2024-04-17 19:30:00,4891,40.1028,40.095,40.115,40.115,40.095,36
2024-04-17 19:31:00,1590,40.1232,40.12,40.125,40.1289,40.12,27
2024-04-17 19:32:00,6837,40.1206,40.125,40.13,40.13,40.119,52
2024-04-17 19:33:00,2947,40.1255,40.13,40.125,40.13,40.125,20
2024-04-17 19:34:00,1591,40.1245,40.125,40.125,40.125,40.12,25
2024-04-17 19:35:00,10285,40.1172,40.12,40.115,40.125,40.11,74
2024-04-17 19:36:00,2850,40.1116,40.115,40.1107,40.115,40.11,26
2024-04-17 19:37:00,8503,40.1097,40.11,40.115,40.115,40.105,54
2024-04-17 19:38:00,4923,40.111,40.115,40.115,40.115,40.11,58
2024-04-17 19:39:00,1304,40.123,40.12,40.125,40.125,40.12,41
2024-04-17 19:40:00,1004,40.1267,40.1292,40.125,40.1292,40.125,19
2024-04-17 19:41:00,3340,40.1249,40.1209,40.125,40.125,40.1209,19
2024-04-17 19:42:00,806,40.1246,40.125,40.125,40.125,40.125,15
2024-04-17 19:43:00,7801,40.1276,40.13,40.125,40.13,40.125,45
2024-04-17 19:44:00,10967,40.1325,40.13,40.135,40.14,40.125,75
2024-04-17 19:45:00,14927,40.1293,40.135,40.125,40.135,40.12,88
2024-04-17 19:46:00,6258,40.1241,40.125,40.125,40.13,40.12,41
2024-04-17 19:47:00,12282,40.1172,40.125,40.1,40.125,40.1,146
2024-04-17 19:48:00,5231,40.1002,40.1,40.095,40.11,40.095,60
2024-04-17 19:49:00,1565,40.0967,40.095,40.1,40.1,40.095,25
2024-04-17 19:50:00,18767,40.0794,40.095,40.06,40.095,40.06,153
2024-04-17 19:51:00,13764,40.0694,40.065,40.075,40.075,40.06,96
2024-04-17 19:52:00,1602,40.0846,40.08,40.1,40.1,40.08,18
2024-04-17 19:53:00,4530,40.0958,40.1,40.1,40.1,40.09,44
2024-04-17 19:54:00,43588,40.1009,40.0997,40.1,40.11,40.09,180
2024-04-17 19:55:00,22811,40.0925,40.095,40.085,40.1,40.08,151
2024-04-17 19:56:00,4676,40.0864,40.085,40.085,40.09,40.08,42
2024-04-17 19:57:00,78069,40.0678,40.085,40.0512,40.09,40.05,266
2024-04-17 19:58:00,9007,40.0497,40.055,40.05,40.0551,40.04,84
2024-04-17 19:59:00,308854,39.9729,40.045,39.92,40.045,39.9,1129
2024-04-17 20:07:00,4209,39.99,39.99,39.99,39.99,39.99,1
2024-04-18 12:00:00,8496,40.0802,40.08,40.08,40.08,40.08,3
2024-04-18 13:30:00,12635,40.1145,40.1,40.15,40.15,40.08,37
2024-04-18 13:31:00,3737,40.1206,40.158,40.05,40.158,40.05,19
2024-04-18 13:33:00,5621,40.1347,40.09,40.13,40.17,40.05,40
2024-04-18 13:34:00,166,40.1674,40.16,40.16,40.16,40.16,6
2024-04-18 13:35:00,2246,40.1504,40.14,40.16,40.16,40.14,16
2024-04-18 13:36:00,1054,40.1598,40.17,40.15,40.17,40.14,11
2024-04-18 13:37:00,1805,40.1503,40.14,40.155,40.16,40.14,23
2024-04-18 13:38:00,912,40.1849,40.18,40.185,40.19,40.175,11
2024-04-18 13:39:00,7171,40.2156,40.2,40.21,40.23,40.2,25
2024-04-18 13:40:00,2763,40.1908,40.2,40.18,40.2,40.18,24
2024-04-18 13:41:00,4462,40.226,40.19,40.22,40.23,40.19,15
2024-04-18 13:42:00,3159,40.2242,40.22,40.225,40.23,40.21,24
2024-04-18 13:43:00,2427,40.22,40.22,40.22,40.2245,40.2177,29
2024-04-18 13:44:00,5590,40.1945,40.22,40.18,40.22,40.18,39
2024-04-18 13:45:00,4978,40.1648,40.185,40.145,40.19,40.141,50
2024-04-18 13:46:00,7411,40.0922,40.12,40.0899,40.12,40.06,60
2024-04-18 13:47:00,2498,40.08,40.07,40.08,40.09,40.07,26
2024-04-18 13:48:00,510,40.078,40.08,40.075,40.08,40.075,18
2024-04-18 13:49:00,16952,40.1019,40.075,40.11,40.11,40.07,43
2024-04-18 13:50:00,4012,40.1231,40.13,40.13,40.14,40.11,40
2024-04-18 13:51:00,3114,40.1501,40.13,40.165,40.165,40.13,35
2024-04-18 13:52:00,857,40.157,40.16,40.15,40.16,40.15,14
2024-04-18 13:53:00,1537,40.1604,40.16,40.16,40.165,40.16,9
2024-04-18 13:54:00,926,40.1688,40.16,40.17,40.17,40.16,17
2024-04-18 13:55:00,2460,40.198,40.1798,40.21,40.21,40.1798,25
2024-04-18 13:56:00,673,40.21,40.21,40.21,40.21,40.21,10
2024-04-18 13:57:00,1130,40.1895,40.195,40.19,40.195,40.18,15
2024-04-18 13:58:00,250,40.195,40.195,40.195,40.195,40.195,1
2024-04-18 13:59:00,6103,40.2018,40.2,40.21,40.21,40.2,25
2024-04-18 14:00:00,3692,40.2058,40.21,40.2,40.215,40.2,38
2024-04-18 14:01:00,1055,40.2064,40.205,40.21,40.21,40.2,21
2024-04-18 14:02:00,1285,40.1958,40.2,40.19,40.2,40.19,24
2024-04-18 14:03:00,68634,40.2025,40.19,40.25,40.275,40.19,141
2024-04-18 14:04:00,3018,40.2444,40.24,40.2499,40.25,40.235,35
2024-04-18 14:05:00,3173,40.2276,40.25,40.22,40.25,40.21,40
2024-04-18 14:06:00,4061,40.2052,40.21,40.21,40.215,40.2,37
2024-04-18 14:07:00,3605,40.2169,40.21,40.235,40.235,40.21,25
2024-04-18 14:08:00,10626,40.2139,40.23,40.225,40.235,40.195,62
2024-04-18 14:09:00,2681,40.2262,40.225,40.22,40.235,40.22,27
2024-04-18 14:10:00,3743,40.2188,40.22,40.225,40.225,40.21,29
2024-04-18 14:11:00,500,40.22,40.22,40.22,40.22,40.22,4
2024-04-18 14:12:00,4423,40.22,40.22,40.225,40.23,40.21,32
2024-04-18 14:13:00,1202,40.2071,40.21,40.2,40.21,40.2,15
2024-04-18 14:14:00,974,40.2181,40.21,40.225,40.225,40.21,12
2024-04-18 14:15:00,5317,40.2365,40.22,40.24,40.245,40.22,40
2024-04-18 14:16:00,1726,40.2299,40.23,40.23,40.23,40.23,29
2024-04-18 14:17:00,2327,40.2346,40.2299,40.234,40.24,40.225,22
2024-04-18 14:18:00,4911,40.2522,40.24,40.2545,40.26,40.24,39
2024-04-18 14:19:00,3659,40.2603,40.26,40.28,40.285,40.25,59
2024-04-18 14:20:00,1289,40.2655,40.27,40.26,40.27,40.26,29
2024-04-18 14:21:00,3268,40.2592,40.26,40.255,40.26,40.255,36
2024-04-18 14:22:00,1394,40.2458,40.255,40.23,40.2599,40.23,23
2024-04-18 14:23:00,2258,40.2438,40.24,40.25,40.255,40.24,24
2024-04-18 14:24:00,1106,40.2715,40.2769,40.27,40.2769,40.27,16
2024-04-18 14:25:00,3030,40.2784,40.28,40.28,40.28,40.27,23
2024-04-18 14:26:00,2965,40.2807,40.28,40.28,40.285,40.28,24
2024-04-18 14:27:00,2140,40.2713,40.28,40.29,40.29,40.26,22
2024-04-18 14:28:00,1604,40.2863,40.2959,40.27,40.2959,40.27,17
2024-04-18 14:29:00,1518,40.2827,40.28,40.29,40.29,40.27,15
2024-04-18 14:30:00,868,40.3037,40.3,40.305,40.31,40.3,19
2024-04-18 14:31:00,3476,40.3132,40.3043,40.315,40.32,40.3043,41
2024-04-18 14:32:00,3374,40.3085,40.31,40.31,40.32,40.3,26
2024-04-18 14:33:00,6581,40.3349,40.3185,40.33,40.35,40.31,62
2024-04-18 14:34:00,1714,40.3268,40.329,40.32,40.329,40.32,10
2024-04-18 14:35:00,9625,40.3214,40.32,40.325,40.33,40.31,50
2024-04-18 14:36:00,2058,40.3383,40.335,40.345,40.345,40.335,25
2024-04-18 14:37:00,2422,40.3413,40.34,40.345,40.345,40.34,20
2024-04-18 14:38:00,1481,40.3263,40.34,40.315,40.34,40.31,20
2024-04-18 14:39:00,3935,40.3025,40.31,40.3099,40.3101,40.29,22
2024-04-18 14:40:00,1799,40.3159,40.31,40.32,40.32,40.31,22
2024-04-18 14:41:00,3998,40.3429,40.335,40.365,40.365,40.33,36
2024-04-18 14:42:00,4896,40.3708,40.368,40.37,40.39,40.365,43
2024-04-18 14:43:00,2412,40.3726,40.37,40.385,40.385,40.37,25
2024-04-18 14:44:00,3682,40.3843,40.38,40.385,40.395,40.3785,27
2024-04-18 14:45:00,480,40.4038,40.4,40.4098,40.4098,40.4,11
2024-04-18 14:46:00,7120,40.4025,40.405,40.4,40.41,40.39,73
2024-04-18 14:47:00,814,40.394,40.4,40.39,40.4,40.39,18
2024-04-18 14:48:00,2580,40.3737,40.38,40.37,40.39,40.36,25
2024-04-18 14:49:00,1161,40.3655,40.37,40.36,40.37,40.36,10
2024-04-18 14:50:00,1720,40.3467,40.36,40.3412,40.36,40.33,20
2024-04-18 14:51:00,2387,40.3636,40.35,40.3674,40.375,40.35,32
2024-04-18 14:52:00,981,40.3718,40.37,40.37,40.375,40.37,9
2024-04-18 14:53:00,587,40.3869,40.38,40.39,40.39,40.38,8
2024-04-18 14:54:00,2095,40.3906,40.39,40.3852,40.4,40.3852,30
2024-04-18 14:55:00,1994,40.3991,40.4,40.4,40.405,40.39,26
2024-04-18 14:56:00,2547,40.4089,40.41,40.4,40.42,40.4,35
2024-04-18 14:57:00,727,40.4003,40.4,40.405,40.405,40.395,14
2024-04-18 14:58:00,2269,40.4097,40.4,40.41,40.42,40.4,36
2024-04-18 14:59:00,1341,40.407,40.41,40.4,40.415,40.4,18
2024-04-18 15:00:00,1585,40.3897,40.395,40.38,40.395,40.38,26
2024-04-18 15:01:00,1227,40.3783,40.38,40.375,40.385,40.37,16
2024-04-18 15:02:00,2839,40.3747,40.38,40.36,40.38,40.36,35
2024-04-18 15:03:00,979,40.3529,40.355,40.355,40.355,40.35,11
2024-04-18 15:04:00,646,40.3504,40.35,40.35,40.35,40.35,6
2024-04-18 15:05:00,1836,40.3488,40.35,40.35,40.355,40.34,24
2024-04-18 15:06:00,8835,40.3544,40.355,40.355,40.355,40.35,19
2024-04-18 15:07:00,3248,40.3495,40.36,40.34,40.36,40.34,39
2024-04-18 15:08:00,1762,40.3325,40.335,40.335,40.335,40.33,17
2024-04-18 15:09:00,1434,40.3208,40.33,40.31,40.33,40.31,31
2024-04-18 15:10:00,700,40.31,40.31,40.31,40.31,40.31,8
2024-04-18 15:11:00,1550,40.3204,40.32,40.32,40.325,40.32,24
2024-04-18 15:12:00,3919,40.3326,40.32,40.345,40.345,40.32,35
2024-04-18 15:13:00,6097,40.3361,40.34,40.345,40.345,40.335,24
2024-04-18 15:14:00,4012,40.3341,40.35,40.335,40.35,40.32,44
2024-04-18 15:15:00,4041,40.343,40.34,40.33,40.35,40.33,34
2024-04-18 15:16:00,1659,40.3299,40.33,40.325,40.34,40.32,23
2024-04-18 15:17:00,300,40.3233,40.325,40.32,40.325,40.32,2
2024-04-18 15:18:00,2528,40.3291,40.33,40.32,40.3395,40.32,42
2024-04-18 15:19:00,474,40.3158,40.32,40.315,40.32,40.315,10
2024-04-18 15:20:00,1082,40.3231,40.32,40.33,40.33,40.32,18
2024-04-18 15:21:00,1480,40.3328,40.33,40.335,40.335,40.33,14
2024-04-18 15:22:00,3249,40.3499,40.34,40.35,40.36,40.34,27
2024-04-18 15:23:00,1047,40.3501,40.35,40.35,40.35,40.35,12
2024-04-18 15:24:00,359,40.3528,40.355,40.35,40.355,40.35,10
2024-04-18 15:25:00,4895,40.3781,40.36,40.385,40.395,40.36,54
2024-04-18 15:26:00,1295,40.3976,40.39,40.395,40.4,40.39,17
2024-04-18 15:27:00,2856,40.3816,40.39,40.37,40.395,40.37,23
2024-04-18 15:28:00,1524,40.3888,40.38,40.395,40.395,40.38,17
2024-04-18 15:29:00,1146,40.3875,40.39,40.385,40.39,40.38,25
2024-04-18 15:30:00,1884,40.39,40.3899,40.395,40.395,40.3878,35
2024-04-18 15:31:00,8595,40.3973,40.4,40.39,40.4052,40.375,47
2024-04-18 15:32:00,1384,40.3888,40.39,40.38,40.39,40.38,20
2024-04-18 15:33:00,6652,40.3895,40.39,40.375,40.4,40.375,45
2024-04-18 15:34:00,913,40.3741,40.375,40.37,40.375,40.37,10
2024-04-18 15:35:00,5010,40.3788,40.37,40.39,40.39,40.37,44
2024-04-18 15:36:00,1313,40.398,40.395,40.4,40.4,40.395,14
2024-04-18 15:37:00,4095,40.4009,40.4072,40.4,40.4072,40.39,32
2024-04-18 15:38:00,2453,40.4051,40.41,40.41,40.41,40.4,23
2024-04-18 15:39:00,3495,40.4213,40.415,40.425,40.43,40.415,29
2024-04-18 15:40:00,3340,40.4272,40.43,40.425,40.43,40.425,21
2024-04-18 15:41:00,4846,40.4309,40.43,40.425,40.435,40.42,43
2024-04-18 15:42:00,3832,40.4205,40.42,40.41,40.4299,40.41,55
2024-04-18 15:43:00,3975,40.411,40.41,40.41,40.415,40.41,47
2024-04-18 15:44:00,4425,40.4073,40.405,40.415,40.42,40.4,50
2024-04-18 15:45:00,3592,40.3846,40.41,40.3742,40.41,40.3742,22
2024-04-18 15:46:00,2869,40.3818,40.38,40.375,40.39,40.37,33
2024-04-18 15:47:00,847,40.3624,40.36,40.36,40.36,40.36,12
2024-04-18 15:48:00,1037,40.3611,40.3603,40.36,40.3603,40.36,12
2024-04-18 15:49:00,1136,40.3632,40.3603,40.3697,40.3697,40.36,10
2024-04-18 15:50:00,1353,40.3604,40.36,40.36,40.36,40.36,26
2024-04-18 15:51:00,2202,40.3573,40.3545,40.36,40.365,40.35,26
2024-04-18 15:52:00,2405,40.3507,40.36,40.335,40.36,40.33,33
2024-04-18 15:53:00,1077,40.3318,40.3369,40.33,40.3369,40.33,12
2024-04-18 15:54:00,1006,40.3283,40.325,40.325,40.33,40.325,12
2024-04-18 15:55:00,2190,40.3202,40.32,40.31,40.32,40.31,27
2024-04-18 15:56:00,4200,40.3177,40.315,40.32,40.325,40.315,24
2024-04-18 15:57:00,1136,40.3236,40.325,40.325,40.325,40.32,11
2024-04-18 15:58:00,3026,40.3196,40.32,40.315,40.325,40.315,31
2024-04-18 15:59:00,805,40.3206,40.32,40.32,40.32,40.32,12
2024-04-18 16:00:00,2737,40.3302,40.32,40.335,40.34,40.32,33
2024-04-18 16:01:00,1527,40.331,40.335,40.33,40.335,40.33,12
2024-04-18 16:02:00,3355,40.3285,40.33,40.33,40.33,40.32,33
2024-04-18 16:03:00,1894,40.3375,40.335,40.33,40.3442,40.33,23
2024-04-18 16:04:00,3883,40.3176,40.32,40.31,40.32,40.31,24
2024-04-18 16:05:00,1590,40.3107,40.31,40.31,40.31,40.31,29
2024-04-18 16:06:00,10353,40.3069,40.31,40.315,40.315,40.295,47
2024-04-18 16:07:00,151,40.3153,40.3158,40.3158,40.3158,40.3158,5
2024-04-18 16:08:00,2132,40.3053,40.31,40.3,40.31,40.3,20
2024-04-18 16:09:00,4363,40.2894,40.295,40.295,40.3,40.28,44
2024-04-18 16:10:00,642,40.2998,40.3,40.3,40.3,40.3,11
2024-04-18 16:11:00,718,40.2941,40.295,40.295,40.295,40.29,11
2024-04-18 16:12:00,192,40.295,40.295,40.295,40.295,40.295,6
2024-04-18 16:14:00,2976,40.31,40.3,40.32,40.32,40.3,35
2024-04-18 16:15:00,543,40.3104,40.31,40.31,40.31,40.31,7
2024-04-18 16:16:00,4083,40.3108,40.31,40.31,40.315,40.305,43
2024-04-18 16:17:00,14605,40.3473,40.315,40.36,40.36,40.315,67
2024-04-18 16:18:00,1514,40.3646,40.36,40.385,40.385,40.36,18
2024-04-18 16:19:00,8853,40.3739,40.38,40.36,40.385,40.36,42
2024-04-18 16:20:00,6240,40.3681,40.37,40.36,40.375,40.36,38
2024-04-18 16:21:00,3015,40.3739,40.36,40.37,40.38,40.36,33
2024-04-18 16:22:00,3881,40.3597,40.37,40.35,40.37,40.35,36
2024-04-18 16:23:00,1510,40.3518,40.355,40.35,40.36,40.35,25
2024-04-18 16:24:00,4055,40.3465,40.34,40.36,40.36,40.335,46
2024-04-18 16:25:00,1387,40.3618,40.36,40.36,40.365,40.36,15
2024-04-18 16:26:00,2882,40.3731,40.367,40.385,40.385,40.367,23
2024-04-18 16:27:00,383,40.3949,40.395,40.395,40.395,40.395,7
2024-04-18 16:28:00,1629,40.3999,40.4,40.4,40.405,40.3958,21
2024-04-18 16:29:00,1050,40.4101,40.41,40.41,40.41,40.41,8
2024-04-18 16:30:00,548,40.4118,40.41,40.415,40.415,40.41,7
2024-04-18 16:31:00,2638,40.4215,40.42,40.425,40.43,40.4193,33
2024-04-18 16:32:00,1578,40.4304,40.43,40.4325,40.435,40.43,21
2024-04-18 16:33:00,5415,40.4343,40.43,40.435,40.44,40.43,47
2024-04-18 16:34:00,7598,40.4126,40.435,40.405,40.435,40.39,73
2024-04-18 16:35:00,4254,40.4038,40.4056,40.4,40.42,40.39,35
2024-04-18 16:36:00,8450,40.386,40.395,40.39,40.395,40.375,91
2024-04-18 16:37:00,1403,40.3709,40.37,40.375,40.375,40.37,17
2024-04-18 16:38:00,1761,40.3687,40.37,40.36,40.375,40.36,27
2024-04-18 16:39:00,3947,40.3644,40.36,40.365,40.375,40.36,33
2024-04-18 16:40:00,322,40.3682,40.37,40.365,40.37,40.365,6
2024-04-18 16:41:00,1848,40.366,40.3664,40.37,40.37,40.365,26
2024-04-18 16:42:00,1191,40.3606,40.365,40.355,40.365,40.355,15
2024-04-18 16:43:00,2917,40.3502,40.35,40.35,40.35,40.35,27
2024-04-18 16:44:00,101,40.355,40.355,40.355,40.355,40.355,2
2024-04-18 16:45:00,1444,40.3626,40.36,40.36,40.37,40.36,16
2024-04-18 16:46:00,530,40.3591,40.36,40.36,40.36,40.36,14
2024-04-18 16:47:00,1452,40.3474,40.35,40.3499,40.35,40.3442,23
2024-04-18 16:48:00,2398,40.3418,40.35,40.345,40.35,40.34,19
2024-04-18 16:49:00,2804,40.3403,40.34,40.34,40.34,40.34,28
2024-04-18 16:50:00,866,40.3491,40.345,40.3499,40.3499,40.345,6
2024-04-18 16:51:00,3759,40.347,40.34,40.35,40.355,40.34,38
2024-04-18 16:52:00,2613,40.3276,40.34,40.32,40.34,40.318,28
2024-04-18 16:53:00,1477,40.3228,40.32,40.325,40.325,40.32,10
2024-04-18 16:54:00,1928,40.322,40.325,40.32,40.3299,40.32,15
2024-04-18 16:55:00,1071,40.3203,40.32,40.32,40.32,40.32,16
2024-04-18 16:56:00,1474,40.321,40.32,40.33,40.33,40.3174,17
2024-04-18 16:57:00,2023,40.3385,40.34,40.33,40.345,40.33,19
2024-04-18 16:58:00,359,40.3248,40.325,40.325,40.325,40.325,10
2024-04-18 16:59:00,1535,40.3257,40.325,40.325,40.33,40.325,12
2024-04-18 17:00:00,1051,40.3289,40.33,40.325,40.33,40.325,22
2024-04-18 17:02:00,459,40.3248,40.3299,40.32,40.3299,40.32,11
2024-04-18 17:03:00,411,40.325,40.325,40.325,40.325,40.325,7
2024-04-18 17:04:00,226,40.3227,40.32,40.325,40.325,40.32,5
2024-04-18 17:05:00,6255,40.3222,40.32,40.325,40.325,40.315,42
2024-04-18 17:06:00,2761,40.3204,40.325,40.315,40.325,40.315,31
2024-04-18 17:07:00,860,40.3188,40.32,40.315,40.32,40.315,11
2024-04-18 17:08:00,2342,40.3055,40.31,40.295,40.31,40.295,26
2024-04-18 17:09:00,1882,40.3046,40.305,40.31,40.31,40.3007,17
2024-04-18 17:10:00,5792,40.3031,40.31,40.3,40.31,40.3,31
2024-04-18 17:11:00,2357,40.2904,40.29,40.28,40.295,40.28,48
2024-04-18 17:12:00,688,40.2786,40.275,40.28,40.28,40.275,11
2024-04-18 17:13:00,1192,40.2773,40.28,40.27,40.28,40.27,19
2024-04-18 17:14:00,4930,40.2653,40.265,40.28,40.28,40.26,24
2024-04-18 17:15:00,506,40.2838,40.285,40.28,40.285,40.28,12
2024-04-18 17:16:00,2381,40.2735,40.28,40.27,40.28,40.2697,26
2024-04-18 17:17:00,625,40.2542,40.26,40.25,40.26,40.25,10
2024-04-18 17:18:00,3659,40.2549,40.26,40.26,40.265,40.25,31
2024-04-18 17:19:00,4193,40.2496,40.26,40.24,40.265,40.24,37
2024-04-18 17:20:00,5925,40.2473,40.24,40.245,40.25,40.24,53
2024-04-18 17:21:00,522,40.2441,40.245,40.25,40.25,40.24,9
2024-04-18 17:22:00,1262,40.2397,40.24,40.24,40.24,40.24,21
2024-04-18 17:23:00,717,40.2407,40.24,40.245,40.245,40.24,14
2024-04-18 17:24:00,912,40.2416,40.245,40.24,40.245,40.24,16
2024-04-18 17:25:00,180,40.235,40.235,40.235,40.235,40.235,3
2024-04-18 17:26:00,2007,40.2462,40.24,40.25,40.255,40.24,22
2024-04-18 17:27:00,153,40.245,40.245,40.245,40.245,40.245,5
2024-04-18 17:28:00,2073,40.2393,40.24,40.24,40.24,40.23,23
2024-04-18 17:29:00,18309,40.2502,40.25,40.25,40.26,40.245,70
2024-04-18 17:30:00,9746,40.2402,40.245,40.25,40.255,40.2318,75
2024-04-18 17:31:00,1520,40.2392,40.24,40.235,40.24,40.235,20
2024-04-18 17:32:00,1704,40.2276,40.23,40.225,40.23,40.22,31
2024-04-18 17:33:00,1730,40.2336,40.23,40.23,40.24,40.23,24
2024-04-18 17:34:00,934,40.2329,40.24,40.235,40.24,40.23,8
2024-04-18 17:35:00,113,40.235,40.235,40.235,40.235,40.235,4
2024-04-18 17:36:00,551,40.2313,40.23,40.23,40.23,40.23,7
2024-04-18 17:37:00,2670,40.2411,40.23,40.25,40.25,40.23,29
2024-04-18 17:38:00,468,40.245,40.245,40.245,40.245,40.245,10
2024-04-18 17:39:00,4584,40.2519,40.25,40.255,40.255,40.245,29
2024-04-18 17:40:00,9745,40.2482,40.25,40.23,40.255,40.23,92
2024-04-18 17:41:00,788,40.2189,40.225,40.21,40.225,40.21,19
2024-04-18 17:42:00,374,40.2146,40.22,40.21,40.22,40.21,4
2024-04-18 17:43:00,1848,40.2096,40.21,40.21,40.21,40.2,16
2024-04-18 17:44:00,991,40.2239,40.22,40.225,40.23,40.22,11
2024-04-18 17:45:00,3566,40.2218,40.22,40.235,40.235,40.22,14
2024-04-18 17:46:00,430,40.235,40.235,40.235,40.235,40.235,6
2024-04-18 17:47:00,500,40.2356,40.235,40.2357,40.2357,40.235,2
2024-04-18 17:48:00,1144,40.2375,40.235,40.24,40.24,40.235,31
2024-04-18 17:49:00,7074,40.2361,40.23,40.235,40.25,40.23,55
2024-04-18 17:50:00,906,40.2332,40.24,40.23,40.24,40.23,17
2024-04-18 17:51:00,990,40.2317,40.23,40.23,40.24,40.23,16
2024-04-18 17:52:00,1029,40.2208,40.22,40.225,40.225,40.22,21
2024-04-18 17:53:00,200,40.225,40.225,40.225,40.225,40.225,2
2024-04-18 17:54:00,175,40.225,40.225,40.225,40.225,40.225,7
2024-04-18 17:55:00,2687,40.2321,40.2269,40.245,40.245,40.2269,17
2024-04-18 17:56:00,366,40.2492,40.25,40.25,40.25,40.25,5
2024-04-18 17:58:00,1013,40.2455,40.245,40.245,40.245,40.245,9
2024-04-18 17:59:00,510,40.2457,40.25,40.245,40.25,40.24,8
2024-04-18 18:00:00,3854,40.2397,40.245,40.24,40.245,40.235,47
2024-04-18 18:01:00,952,40.2288,40.23,40.225,40.23,40.225,10
2024-04-18 18:02:00,2151,40.2143,40.22,40.205,40.225,40.2,28
2024-04-18 18:03:00,295,40.2013,40.2,40.2,40.2,40.2,16
2024-04-18 18:04:00,477,40.2008,40.2,40.2,40.2,40.2,11
2024-04-18 18:05:00,3781,40.197,40.2,40.18,40.205,40.18,43
2024-04-18 18:06:00,1631,40.186,40.185,40.185,40.19,40.18,21
2024-04-18 18:07:00,419,40.1852,40.185,40.185,40.185,40.185,8
2024-04-18 18:08:00,1255,40.1848,40.185,40.18,40.1899,40.18,15
2024-04-18 18:09:00,2183,40.1872,40.19,40.1864,40.19,40.185,17
2024-04-18 18:10:00,1451,40.1874,40.19,40.185,40.19,40.185,19
2024-04-18 18:11:00,1651,40.1851,40.185,40.1898,40.1898,40.185,16
2024-04-18 18:12:00,2081,40.1779,40.18,40.17,40.18,40.17,33
2024-04-18 18:13:00,3300,40.178,40.165,40.19,40.19,40.16,27
2024-04-18 18:14:00,1604,40.1974,40.19,40.196,40.2,40.19,24
2024-04-18 18:15:00,1702,40.1932,40.195,40.195,40.195,40.19,10
2024-04-18 18:16:00,230,40.195,40.195,40.195,40.195,40.195,6
2024-04-18 18:17:00,10977,40.2007,40.195,40.2,40.215,40.195,75
2024-04-18 18:18:00,807,40.1925,40.19,40.19,40.195,40.19,8
2024-04-18 18:19:00,5383,40.1992,40.1993,40.2,40.2,40.1993,12
2024-04-18 18:20:00,733,40.1948,40.195,40.195,40.195,40.195,7
2024-04-18 18:21:00,797,40.1945,40.195,40.1977,40.1977,40.19,11
2024-04-18 18:22:00,786,40.1945,40.195,40.195,40.195,40.195,11
2024-04-18 18:23:00,1078,40.1945,40.195,40.195,40.195,40.19,11
2024-04-18 18:24:00,235,40.1926,40.195,40.19,40.195,40.19,7
2024-04-18 18:25:00,1486,40.1959,40.195,40.195,40.2,40.195,14
2024-04-18 18:26:00,5298,40.2079,40.2,40.225,40.225,40.2,51
2024-04-18 18:27:00,1807,40.2225,40.23,40.22,40.23,40.22,22
2024-04-18 18:28:00,1213,40.2061,40.21,40.2,40.21,40.2,34
2024-04-18 18:29:00,2089,40.1916,40.2,40.185,40.2,40.185,20
2024-04-18 18:30:00,768,40.1788,40.19,40.175,40.19,40.175,10
2024-04-18 18:31:00,6133,40.171,40.17,40.175,40.18,40.17,16
2024-04-18 18:32:00,1612,40.1686,40.17,40.16,40.17,40.16,19
2024-04-18 18:33:00,421,40.1628,40.1669,40.16,40.1669,40.16,12
2024-04-18 18:34:00,2769,40.154,40.16,40.145,40.165,40.14,41
2024-04-18 18:35:00,1841,40.1503,40.14,40.155,40.16,40.14,25
2024-04-18 18:36:00,777,40.1492,40.15,40.145,40.15,40.145,10
2024-04-18 18:37:00,16636,40.1515,40.145,40.16,40.165,40.145,73
2024-04-18 18:38:00,1961,40.1433,40.15,40.13,40.15,40.13,34
2024-04-18 18:39:00,1029,40.1301,40.13,40.13,40.13,40.13,12
2024-04-18 18:40:00,890,40.1176,40.12,40.105,40.12,40.105,15
2024-04-18 18:41:00,2021,40.1163,40.11,40.12,40.12,40.11,23
2024-04-18 18:42:00,655,40.1284,40.125,40.13,40.13,40.125,13
2024-04-18 18:43:00,2819,40.1399,40.13,40.14,40.15,40.13,34
2024-04-18 18:45:00,1263,40.1494,40.145,40.15,40.15,40.145,20
2024-04-18 18:46:00,7558,40.1786,40.16,40.175,40.19,40.16,62
2024-04-18 18:47:00,2301,40.1692,40.18,40.16,40.18,40.16,19
2024-04-18 18:48:00,1710,40.1606,40.16,40.16,40.165,40.16,24
2024-04-18 18:49:00,1058,40.1527,40.16,40.15,40.16,40.15,16
2024-04-18 18:50:00,560,40.1405,40.14,40.14,40.14,40.14,14
2024-04-18 18:51:00,2789,40.1376,40.14,40.14,40.14,40.13,33
2024-04-18 18:52:00,1468,40.1534,40.15,40.16,40.16,40.15,13
2024-04-18 18:53:00,2208,40.1603,40.155,40.16,40.165,40.155,31
2024-04-18 18:54:00,313,40.1584,40.16,40.155,40.16,40.155,9
2024-04-18 18:55:00,2701,40.1587,40.16,40.155,40.16,40.155,26
2024-04-18 18:56:00,4399,40.1514,40.16,40.16,40.16,40.15,46
2024-04-18 18:57:00,1790,40.1491,40.16,40.135,40.16,40.135,26
2024-04-18 18:58:00,752,40.1365,40.135,40.135,40.14,40.135,10
2024-04-18 18:59:00,598,40.1371,40.135,40.14,40.14,40.135,15
2024-04-18 19:00:00,225,40.1361,40.135,40.135,40.135,40.135,12
2024-04-18 19:01:00,4901,40.1371,40.1371,40.1462,40.15,40.13,56
2024-04-18 19:02:00,6754,40.1428,40.145,40.13,40.15,40.13,56
2024-04-18 19:03:00,2412,40.1137,40.125,40.11,40.125,40.1,20
2024-04-18 19:04:00,431,40.1098,40.11,40.11,40.11,40.11,8
2024-04-18 19:05:00,406,40.1036,40.105,40.1,40.105,40.1,12
2024-04-18 19:06:00,4892,40.0977,40.1,40.08,40.105,40.08,64
2024-04-18 19:07:00,2365,40.0942,40.085,40.105,40.105,40.085,26
2024-04-18 19:09:00,4033,40.1001,40.1,40.11,40.11,40.095,44
2024-04-18 19:10:00,1560,40.1141,40.11,40.115,40.1197,40.11,20
2024-04-18 19:11:00,1790,40.1197,40.115,40.12,40.12,40.115,25
2024-04-18 19:12:00,843,40.1155,40.1166,40.11,40.1166,40.11,8
2024-04-18 19:13:00,4760,40.0987,40.11,40.08,40.11,40.08,46
2024-04-18 19:14:00,506,40.091,40.09,40.095,40.095,40.09,9
2024-04-18 19:15:00,1105,40.1032,40.11,40.1,40.11,40.1,12
2024-04-18 19:16:00,869,40.1062,40.1097,40.105,40.1097,40.1,10
2024-04-18 19:17:00,414,40.1072,40.1099,40.1099,40.1099,40.1099,8
2024-04-18 19:18:00,811,40.1137,40.11,40.115,40.12,40.11,12
2024-04-18 19:19:00,670,40.121,40.12,40.125,40.125,40.12,10
2024-04-18 19:20:00,5145,40.1302,40.125,40.13,40.14,40.125,54
2024-04-18 19:21:00,10135,40.132,40.135,40.15,40.15,40.12,68
2024-04-18 19:22:00,2976,40.138,40.145,40.135,40.145,40.13,34
2024-04-18 19:24:00,6335,40.1508,40.14,40.1589,40.16,40.14,55
2024-04-18 19:25:00,2614,40.1498,40.15,40.15,40.15,40.15,35
2024-04-18 19:26:00,1349,40.1567,40.145,40.165,40.165,40.145,16
2024-04-18 19:27:00,2826,40.1639,40.16,40.1669,40.17,40.16,29
2024-04-18 19:28:00,2818,40.1613,40.165,40.17,40.17,40.1599,28
2024-04-18 19:29:00,2297,40.1858,40.175,40.19,40.19,40.175,28
2024-04-18 19:30:00,4111,40.1775,40.19,40.18,40.19,40.17,54
2024-04-18 19:31:00,424,40.1814,40.18,40.185,40.185,40.18,7
2024-04-18 19:32:00,1632,40.184,40.185,40.195,40.195,40.18,29
2024-04-18 19:33:00,5541,40.2006,40.195,40.2092,40.215,40.19,58
2024-04-18 19:34:00,3840,40.2074,40.2,40.215,40.22,40.2,44
2024-04-18 19:35:00,4924,40.2123,40.225,40.21,40.225,40.2,54
2024-04-18 19:36:00,1891,40.2037,40.205,40.2,40.21,40.2,23
2024-04-18 19:37:00,820,40.1956,40.2,40.1998,40.2,40.19,15
2024-04-18 19:38:00,4792,40.2017,40.195,40.2199,40.2199,40.19,49
2024-04-18 19:39:00,2848,40.2223,40.21,40.2394,40.24,40.21,31
2024-04-18 19:40:00,3828,40.2305,40.235,40.235,40.235,40.225,60
2024-04-18 19:41:00,2315,40.2443,40.2497,40.24,40.25,40.24,26
2024-04-18 19:42:00,731,40.2452,40.245,40.245,40.245,40.245,9
2024-04-18 19:43:00,2401,40.2432,40.24,40.24,40.25,40.24,27
2024-04-18 19:44:00,1753,40.2488,40.2499,40.255,40.255,40.24,24
2024-04-18 19:45:00,11299,40.2419,40.245,40.24,40.255,40.22,110
2024-04-18 19:46:00,9594,40.2395,40.24,40.23,40.25,40.23,73
2024-04-18 19:47:00,7625,40.2173,40.23,40.2,40.23,40.2,80
2024-04-18 19:48:00,8495,40.2154,40.2,40.22,40.225,40.2,67
2024-04-18 19:49:00,8401,40.215,40.225,40.215,40.225,40.21,85
2024-04-18 19:50:00,7776,40.213,40.21,40.21,40.22,40.21,91
2024-04-18 19:51:00,12104,40.2183,40.215,40.21,40.22,40.21,103
2024-04-18 19:52:00,14345,40.2108,40.215,40.2,40.22,40.2,132
2024-04-18 19:53:00,8777,40.2043,40.21,40.2,40.21,40.2,63
2024-04-18 19:54:00,17954,40.1916,40.2,40.195,40.2,40.18,127
2024-04-18 19:55:00,9991,40.186,40.195,40.17,40.195,40.17,104
2024-04-18 19:56:00,14797,40.1703,40.18,40.175,40.18,40.16,108
2024-04-18 19:57:00,8636,40.1791,40.18,40.18,40.18,40.17,80
2024-04-18 19:58:00,28939,40.1829,40.175,40.195,40.2,40.17,169
2024-04-18 19:59:00,37077,40.2153,40.195,40.22,40.245,40.19,245
2024-04-18 20:00:00,410004,40.21,40.21,40.21,40.21,40.21,2
2024-04-18 20:06:00,2788,40.21,40.21,40.21,40.21,40.21,1
2024-04-18 20:23:00,150,40.25,40.25,40.25,40.25,40.25,1
2024-04-18 21:25:00,110,40.32,40.32,40.32,40.32,40.32,1
2024-04-18 21:43:00,115,40.1643,40.16,40.16,40.16,40.16,3
2024-04-18 22:54:00,100,40.2,40.2,40.2,40.2,40.2,1
2024-04-18 23:52:00,100,40.21,40.21,40.21,40.21,40.21,1
2024-04-19 08:24:00,100,40.66,40.66,40.66,40.66,40.66,1
2024-04-19 08:50:00,100,41.0,41.0,41.0,41.0,41.0,1
2024-04-19 11:00:00,475,41.0387,41.08,41.08,41.08,41.08,9
2024-04-19 12:57:00,410000,40.27,40.27,40.27,40.27,40.27,1
2024-04-19 13:28:00,100,40.39,40.39,40.39,40.39,40.39,1
2024-04-19 13:30:00,25388,40.3699,40.37,40.39,40.39,40.345,36
2024-04-19 13:31:00,380,40.3847,40.39,40.4,40.4,40.39,4
2024-04-19 13:32:00,1790,40.4271,40.4199,40.44,40.45,40.4199,22
2024-04-19 13:33:00,755,40.4292,40.42,40.44,40.44,40.41,13
2024-04-19 13:34:00,3377,40.4462,40.44,40.47,40.49,40.42,28
2024-04-19 13:35:00,9347,40.5106,40.49,40.5511,40.57,40.485,61
2024-04-19 13:36:00,1250,40.5356,40.55,40.52,40.55,40.52,14
2024-04-19 13:37:00,8111,40.6128,40.56,40.625,40.625,40.56,54
2024-04-19 13:38:00,6473,40.6327,40.63,40.63,40.6492,40.63,50
2024-04-19 13:39:00,4671,40.6348,40.64,40.6398,40.64,40.63,19
2024-04-19 13:40:00,6405,40.6464,40.63,40.69,40.69,40.63,66
2024-04-19 13:41:00,7653,40.6752,40.69,40.68,40.6999,40.65,68
2024-04-19 13:42:00,5993,40.6823,40.68,40.68,40.6899,40.67,41
2024-04-19 13:43:00,9708,40.6758,40.685,40.67,40.69,40.66,37
2024-04-19 13:44:00,5845,40.6755,40.67,40.68,40.6897,40.67,48
2024-04-19 13:45:00,6065,40.6511,40.68,40.655,40.68,40.635,33
2024-04-19 13:46:00,9386,40.6639,40.64,40.69,40.69,40.63,54
2024-04-19 13:47:00,2976,40.7094,40.69,40.71,40.73,40.69,35
2024-04-19 13:48:00,6013,40.7082,40.71,40.715,40.715,40.7,59
2024-04-19 13:49:00,7454,40.6977,40.7101,40.69,40.7101,40.67,51
2024-04-19 13:50:00,4327,40.689,40.68,40.7,40.705,40.665,36
2024-04-19 13:51:00,941,40.6955,40.7,40.69,40.7005,40.69,11
2024-04-19 13:52:00,8110,40.7053,40.69,40.7299,40.73,40.69,73
2024-04-19 13:53:00,8488,40.6996,40.725,40.7,40.725,40.68,59
2024-04-19 13:54:00,5538,40.7357,40.7199,40.7399,40.745,40.7199,46
2024-04-19 13:55:00,5474,40.7409,40.735,40.765,40.765,40.735,28
2024-04-19 13:56:00,5381,40.7585,40.76,40.75,40.765,40.75,40
2024-04-19 13:57:00,3237,40.76,40.75,40.7645,40.765,40.75,23
2024-04-19 13:58:00,2236,40.7545,40.76,40.76,40.76,40.74,28
2024-04-19 13:59:00,970,40.768,40.77,40.7699,40.77,40.765,20
2024-04-19 14:00:00,11017,40.7996,40.765,40.81,40.81,40.765,55
2024-04-19 14:01:00,16871,40.8038,40.81,40.79,40.815,40.79,73
2024-04-19 14:02:00,9525,40.7847,40.775,40.785,40.795,40.775,42
2024-04-19 14:03:00,865,40.7796,40.785,40.78,40.785,40.77,14
2024-04-19 14:04:00,8433,40.7647,40.77,40.745,40.785,40.74,53
2024-04-19 14:05:00,7983,40.724,40.75,40.73,40.75,40.715,51
2024-04-19 14:06:00,2515,40.7547,40.76,40.75,40.765,40.75,24
2024-04-19 14:07:00,2215,40.7374,40.745,40.74,40.745,40.73,16
2024-04-19 14:08:00,955,40.7529,40.75,40.7599,40.76,40.75,14
2024-04-19 14:09:00,3331,40.7756,40.77,40.785,40.79,40.765,43
2024-04-19 14:10:00,3598,40.7978,40.78,40.815,40.82,40.775,29
2024-04-19 14:11:00,2632,40.8118,40.815,40.8025,40.825,40.79,29
2024-04-19 14:12:00,1688,40.7838,40.79,40.785,40.79,40.78,15
2024-04-19 14:13:00,6419,40.7855,40.78,40.8,40.81,40.765,56
2024-04-19 14:14:00,9684,40.8226,40.81,40.83,40.835,40.81,71
2024-04-19 14:15:00,5407,40.8066,40.825,40.8,40.83,40.78,48
2024-04-19 14:16:00,5554,40.8079,40.805,40.815,40.82,40.8,34
2024-04-19 14:17:00,1224,40.8083,40.81,40.8,40.815,40.8,13
2024-04-19 14:18:00,11288,40.7857,40.8,40.795,40.8,40.77,66
2024-04-19 14:19:00,29802,40.7982,40.79,40.8,40.81,40.78,104
2024-04-19 14:20:00,8424,40.8205,40.815,40.825,40.83,40.8123,72
2024-04-19 14:21:00,6832,40.8419,40.84,40.825,40.86,40.825,68
2024-04-19 14:22:00,6034,40.8374,40.825,40.825,40.86,40.82,47
2024-04-19 14:23:00,5887,40.8399,40.825,40.83,40.855,40.825,35
2024-04-19 14:24:00,5362,40.8228,40.82,40.82,40.83,40.8163,43
2024-04-19 14:25:00,4979,40.8238,40.82,40.84,40.84,40.81,44
2024-04-19 14:26:00,1472,40.8409,40.835,40.845,40.845,40.835,12
2024-04-19 14:27:00,2378,40.8606,40.85,40.87,40.87,40.85,22
2024-04-19 14:28:00,2048,40.8765,40.87,40.8843,40.89,40.87,25
2024-04-19 14:29:00,4539,40.8779,40.885,40.87,40.89,40.87,35
2024-04-19 14:30:00,3240,40.8808,40.88,40.88,40.885,40.8795,34
2024-04-19 14:31:00,27396,40.8891,40.88,40.905,40.905,40.875,112
2024-04-19 14:32:00,3615,40.9018,40.905,40.895,40.91,40.895,30
2024-04-19 14:33:00,10817,40.8905,40.895,40.88,40.905,40.865,81
2024-04-19 14:34:00,10634,40.8767,40.89,40.87,40.895,40.865,73
2024-04-19 14:35:00,5558,40.863,40.85,40.88,40.88,40.845,50
2024-04-19 14:36:00,6976,40.8801,40.89,40.89,40.89,40.87,54
2024-04-19 14:37:00,4853,40.889,40.885,40.895,40.9,40.88,35
2024-04-19 14:38:00,20629,40.8981,40.89,40.89,40.905,40.89,67
2024-04-19 14:39:00,5585,40.8678,40.89,40.865,40.89,40.855,37
2024-04-19 14:40:00,4851,40.849,40.86,40.84,40.865,40.83,47
2024-04-19 14:41:00,7920,40.8457,40.84,40.855,40.86,40.83,53
2024-04-19 14:42:00,53407,40.8376,40.85,40.885,40.885,40.83,87
2024-04-19 14:43:00,21029,40.8904,40.885,40.885,40.91,40.88,156
2024-04-19 14:44:00,13583,40.8971,40.88,40.9,40.92,40.87,112
2024-04-19 14:45:00,4870,40.8926,40.91,40.87,40.91,40.87,43
2024-04-19 14:46:00,13478,40.855,40.87,40.85,40.87,40.845,104
2024-04-19 14:47:00,13538,40.85,40.86,40.87,40.88,40.83,104
2024-04-19 14:48:00,5873,40.8655,40.87,40.865,40.87,40.86,58
2024-04-19 14:49:00,13182,40.8846,40.865,40.885,40.9,40.86,103
2024-04-19 14:50:00,5610,40.8822,40.88,40.88,40.89,40.88,42
2024-04-19 14:51:00,12057,40.8829,40.87,40.92,40.92,40.87,96
2024-04-19 14:52:00,13472,40.8975,40.915,40.905,40.92,40.875,113
2024-04-19 14:53:00,10480,40.8991,40.91,40.91,40.91,40.89,75
2024-04-19 14:54:00,11540,40.9059,40.92,40.88,40.935,40.88,96
2024-04-19 14:55:00,1648,40.8658,40.87,40.865,40.87,40.86,16
2024-04-19 14:56:00,5495,40.8716,40.865,40.875,40.88,40.86,38
2024-04-19 14:57:00,8882,40.8646,40.875,40.845,40.875,40.84,65
2024-04-19 14:58:00,7825,40.8423,40.8432,40.845,40.855,40.83,57
2024-04-19 14:59:00,3196,40.8416,40.84,40.84,40.845,40.84,26
2024-04-19 15:00:00,7148,40.8395,40.845,40.85,40.85,40.83,44
2024-04-19 15:01:00,6472,40.8654,40.86,40.865,40.875,40.86,52
2024-04-19 15:02:00,4320,40.8633,40.865,40.86,40.865,40.86,22
2024-04-19 15:03:00,14323,40.8618,40.86,40.885,40.885,40.85,96
2024-04-19 15:04:00,14218,40.8623,40.88,40.895,40.895,40.85,80
2024-04-19 15:05:00,10085,40.9081,40.9,40.91,40.92,40.9,96
2024-04-19 15:06:00,9502,40.9292,40.915,40.96,40.965,40.91,95
2024-04-19 15:07:00,12938,40.9386,40.965,40.945,40.965,40.92,97
2024-04-19 15:08:00,2615,40.9373,40.94,40.92,40.945,40.92,23
2024-04-19 15:09:00,4652,40.9322,40.92,40.96,40.96,40.92,54
2024-04-19 15:10:00,1779,40.9712,40.965,40.975,40.98,40.965,22
2024-04-19 15:11:00,12724,40.9801,40.975,40.96,40.995,40.96,137
2024-04-19 15:12:00,7025,40.9635,40.96,40.965,40.97,40.96,67
2024-04-19 15:13:00,7962,40.9607,40.96,40.97,40.97,40.955,74
2024-04-19 15:14:00,9941,40.9596,40.96,40.97,40.98,40.94,58
2024-04-19 15:15:00,9780,40.9749,40.97,40.975,40.985,40.965,48
2024-04-19 15:16:00,6006,40.969,40.97,40.97,40.98,40.96,49
2024-04-19 15:17:00,6791,40.9748,40.975,40.965,40.985,40.96,81
2024-04-19 15:18:00,12371,40.9933,40.97,41.0,41.0058,40.97,84
2024-04-19 15:19:00,15085,41.0135,41.0,41.03,41.03,41.0,107
2024-04-19 15:20:00,11280,41.0299,41.03,41.02,41.04,41.02,129
2024-04-19 15:21:00,8759,41.024,41.02,41.025,41.03,41.02,71
2024-04-19 15:22:00,9477,41.0513,41.03,41.065,41.065,41.03,99
2024-04-19 15:23:00,8288,41.0626,41.065,41.0663,41.0663,41.06,60
2024-04-19 15:24:00,16991,41.063,41.06,41.06,41.08,41.05,160
2024-04-19 15:25:00,7469,41.0849,41.07,41.09,41.09,41.07,71
2024-04-19 15:26:00,18696,41.0946,41.09,41.095,41.115,41.08,141
2024-04-19 15:27:00,5296,41.093,41.095,41.1,41.1,41.08,48
2024-04-19 15:28:00,19042,41.0943,41.09,41.11,41.11,41.08,160
2024-04-19 15:29:00,19349,41.108,41.11,41.105,41.1199,41.105,84
2024-04-19 15:30:00,10811,41.1013,41.105,41.085,41.11,41.085,82
2024-04-19 15:31:00,16236,41.0583,41.08,41.045,41.08,41.025,131
2024-04-19 15:32:00,10038,41.027,41.045,41.02,41.045,41.02,84
2024-04-19 15:33:00,9053,40.9985,41.01,40.97,41.01,40.97,69
2024-04-19 15:34:00,4602,40.9482,40.955,40.96,40.96,40.94,37
2024-04-19 15:35:00,6620,40.9402,40.96,40.935,40.96,40.92,57
2024-04-19 15:36:00,6241,40.9479,40.94,40.93,40.97,40.92,56
2024-04-19 15:37:00,8331,40.9218,40.93,40.93,40.93,40.91,67
2024-04-19 15:38:00,6802,40.9475,40.935,40.9501,40.96,40.935,44
2024-04-19 15:39:00,9882,40.944,40.95,40.93,40.95,40.92,72
2024-04-19 15:40:00,8798,40.9457,40.93,40.965,40.97,40.93,52
2024-04-19 15:41:00,3944,40.9619,40.9793,40.95,40.9793,40.945,49
2024-04-19 15:42:00,1969,40.9336,40.945,40.92,40.945,40.92,18
2024-04-19 15:43:00,2619,40.9339,40.92,40.95,40.95,40.92,26
2024-04-19 15:44:00,2111,40.9651,40.96,40.975,40.975,40.955,23
2024-04-19 15:45:00,110,40.98,40.98,40.98,40.98,40.98,2
2024-04-19 15:46:00,5540,40.9818,40.98,40.9724,40.995,40.9724,44
2024-04-19 15:47:00,5365,40.9672,40.9768,40.97,40.9768,40.955,39
2024-04-19 15:48:00,403,40.9613,40.96,40.96,40.965,40.96,6
2024-04-19 15:49:00,6647,40.9753,40.97,40.98,40.985,40.97,42
2024-04-19 15:50:00,3764,40.9901,40.9864,40.99,41.0,40.9864,24
2024-04-19 15:51:00,3452,40.9788,40.98,40.98,40.98,40.975,21
2024-04-19 15:52:00,4127,40.9922,40.99,40.995,41.0,40.985,39
2024-04-19 15:53:00,2775,41.0002,40.995,41.005,41.01,40.99,25
2024-04-19 15:54:00,669,41.015,41.01,41.02,41.02,41.01,11
2024-04-19 15:55:00,4860,41.0367,41.02,41.0442,41.05,41.02,38
2024-04-19 15:56:00,1198,41.0505,41.045,41.055,41.055,41.045,13
2024-04-19 15:57:00,4016,41.0342,41.04,41.0167,41.04,41.0167,45
2024-04-19 15:58:00,4352,41.0281,41.02,41.04,41.04,41.02,39
2024-04-19 15:59:00,143,41.0315,41.03,41.03,41.03,41.03,2
2024-04-19 16:00:00,7474,41.0296,41.03,41.04,41.04,41.02,36
2024-04-19 16:01:00,414212,41.0499,41.035,41.07,41.075,41.03,104
2024-04-19 16:02:00,11187,41.0843,41.08,41.11,41.11,41.07,94
2024-04-19 16:03:00,9491,41.0914,41.1,41.085,41.11,41.07,96
2024-04-19 16:04:00,4063,41.0818,41.09,41.08,41.09,41.07,36
2024-04-19 16:05:00,3616,41.0627,41.08,41.05,41.08,41.045,37
2024-04-19 16:06:00,10388,41.0727,41.05,41.075,41.09,41.05,83
2024-04-19 16:07:00,3789,41.0785,41.08,41.085,41.085,41.07,26
2024-04-19 16:08:00,16730,41.0979,41.085,41.08,41.115,41.08,74
2024-04-19 16:09:00,5632,41.072,41.07,41.08,41.08,41.06,48
2024-04-19 16:10:00,3738,41.0893,41.09,41.095,41.095,41.08,31
2024-04-19 16:11:00,9110,41.0919,41.09,41.09,41.1,41.09,54
2024-04-19 16:12:00,8910,41.0615,41.075,41.055,41.075,41.05,75
2024-04-19 16:13:00,8997,41.059,41.06,41.065,41.07,41.05,73
2024-04-19 16:14:00,7319,41.0273,41.06,41.03,41.06,41.01,52
2024-04-19 16:15:00,4003,41.029,41.03,41.025,41.03,41.02,31
2024-04-19 16:16:00,8251,41.0141,41.025,41.01,41.0255,41.0,65
2024-04-19 16:17:00,4197,41.0028,41.01,41.0,41.01,40.995,32
2024-04-19 16:18:00,16305,40.9914,40.995,40.98,41.01,40.965,144
2024-04-19 16:19:00,4790,40.9927,40.98,40.99,41.01,40.98,41
2024-04-19 16:20:00,1109,40.99,40.99,40.99,40.99,40.99,10
2024-04-19 16:21:00,4212,41.0015,40.99,41.01,41.01,40.99,31
2024-04-19 16:22:00,3912,40.9944,41.0,40.99,41.0,40.99,37
2024-04-19 16:23:00,6516,40.9935,40.99,40.985,41.0,40.98,40
2024-04-19 16:24:00,6008,40.9889,40.99,40.99,40.995,40.98,66
2024-04-19 16:25:00,1062,40.9642,40.97,40.96,40.97,40.96,17
2024-04-19 16:26:00,4335,40.9612,40.96,40.965,40.97,40.95,26
2024-04-19 16:27:00,14441,40.9537,40.95,40.98,40.98,40.935,80
2024-04-19 16:28:00,3242,40.9677,40.975,40.96,40.975,40.96,27
2024-04-19 16:29:00,10871,40.9467,40.96,40.96,40.965,40.93,80
2024-04-19 16:30:00,2340,40.9506,40.95,40.95,40.955,40.9453,17
2024-04-19 16:31:00,3455,40.9524,40.95,40.96,40.96,40.9445,42
2024-04-19 16:32:00,474,40.9562,40.955,40.96,40.96,40.955,7
2024-04-19 16:33:00,669,40.9556,40.96,40.955,40.96,40.955,7
2024-04-19 16:34:00,1369,40.9527,40.95,40.955,40.955,40.95,16
2024-04-19 16:35:00,4034,40.9542,40.9546,40.955,40.955,40.95,14
2024-04-19 16:36:00,11182,40.9455,40.95,40.95,40.955,40.93,92
2024-04-19 16:37:00,14376,40.9479,40.94,40.96,40.98,40.93,87
2024-04-19 16:38:00,4550,40.9471,40.96,40.94,40.97,40.93,40
2024-04-19 16:39:00,3509,40.9319,40.94,40.91,40.94,40.91,32
2024-04-19 16:40:00,5424,40.9099,40.91,40.91,40.92,40.9,27
2024-04-19 16:41:00,5949,40.9231,40.915,40.9297,40.9298,40.915,31
2024-04-19 16:42:00,1445,40.9301,40.9299,40.93,40.93,40.9299,7
2024-04-19 16:43:00,1064,40.9257,40.92,40.925,40.925,40.92,17
2024-04-19 16:44:00,5061,40.935,40.925,40.94,40.94,40.925,37
2024-04-19 16:45:00,5466,40.9437,40.94,40.95,40.95,40.94,65
2024-04-19 16:46:00,1881,40.9484,40.95,40.945,40.95,40.945,24
2024-04-19 16:47:00,2720,40.9332,40.945,40.9207,40.945,40.92,31
2024-04-19 16:48:00,8548,40.9413,40.93,40.945,40.95,40.93,44
2024-04-19 16:49:00,1206,40.9442,40.94,40.94,40.945,40.94,7
2024-04-19 16:50:00,6361,40.9496,40.945,40.95,40.955,40.945,29
2024-04-19 16:51:00,6696,40.9482,40.95,40.94,40.96,40.94,56
2024-04-19 16:52:00,18308,40.9458,40.93,40.965,40.97,40.93,70
2024-04-19 16:53:00,2717,40.962,40.96,40.965,40.97,40.96,35
2024-04-19 16:54:00,1387,40.9467,40.96,40.94,40.96,40.94,20
2024-04-19 16:55:00,467,40.934,40.935,40.94,40.94,40.93,7
2024-04-19 16:56:00,6447,40.9383,40.94,40.945,40.945,40.93,39
2024-04-19 16:57:00,2005,40.9451,40.95,40.95,40.95,40.94,16
2024-04-19 16:58:00,1057,40.9419,40.945,40.94,40.945,40.94,11
2024-04-19 16:59:00,3134,40.9444,40.94,40.945,40.95,40.94,37
2024-04-19 17:00:00,2078,40.9421,40.945,40.9434,40.945,40.94,21
2024-04-19 17:01:00,3805,40.9432,40.94,40.945,40.95,40.94,37
2024-04-19 17:02:00,9374,40.9585,40.945,40.955,40.97,40.945,82
2024-04-19 17:03:00,3784,40.9842,40.96,41.0,41.0,40.96,34
2024-04-19 17:04:00,8189,41.0075,41.01,41.01,41.02,41.0,92
2024-04-19 17:05:00,109,41.0097,41.01,41.01,41.01,41.01,2
2024-04-19 17:06:00,1805,41.003,41.01,41.0,41.01,41.0,21
2024-04-19 17:07:00,11759,41.0174,41.0,41.01,41.03,41.0,97
2024-04-19 17:08:00,2126,41.0094,41.005,41.02,41.02,41.005,14
2024-04-19 17:09:00,2845,41.0085,41.015,41.015,41.015,41.0,26
2024-04-19 17:10:00,2887,41.0005,41.01,40.9989,41.015,40.99,28
2024-04-19 17:11:00,8578,40.9994,40.99,41.0,41.015,40.9899,29
2024-04-19 17:12:00,3700,41.01,41.01,41.01,41.01,41.01,11
2024-04-19 17:13:00,4122,41.0142,41.015,41.01,41.02,41.01,30
2024-04-19 17:14:00,1588,41.001,41.005,41.005,41.005,41.0,14
2024-04-19 17:15:00,2674,40.995,41.0,40.99,41.0,40.99,24
2024-04-19 17:16:00,1722,40.9937,40.995,40.99,41.0,40.99,17
2024-04-19 17:17:00,4551,40.9914,40.98,41.005,41.005,40.98,41
2024-04-19 17:18:00,5788,41.0114,41.0075,41.03,41.03,41.0,43
2024-04-19 17:19:00,5792,41.0311,41.03,41.035,41.04,41.025,40
2024-04-19 17:20:00,9682,41.0329,41.035,41.03,41.04,41.025,52
2024-04-19 17:21:00,3947,41.0235,41.035,41.0257,41.035,41.01,28
2024-04-19 17:22:00,11652,41.0344,41.02,41.055,41.055,41.02,90
2024-04-19 17:23:00,292,41.05,41.05,41.045,41.05,41.045,4
2024-04-19 17:24:00,3619,41.0372,41.045,41.03,41.045,41.03,26
2024-04-19 17:25:00,3779,41.0372,41.03,41.045,41.045,41.03,30
2024-04-19 17:26:00,2810,41.0677,41.05,41.075,41.075,41.05,35
2024-04-19 17:27:00,6528,41.0753,41.07,41.085,41.085,41.0652,53
2024-04-19 17:28:00,2097,41.0822,41.085,41.07,41.085,41.07,32
2024-04-19 17:29:00,7281,41.0469,41.06,41.045,41.06,41.035,61
2024-04-19 17:30:00,3236,41.0491,41.043,41.065,41.065,41.04,28
2024-04-19 17:31:00,2313,41.0739,41.07,41.075,41.075,41.07,15
2024-04-19 17:32:00,3998,41.0607,41.07,41.06,41.07,41.05,49
2024-04-19 17:33:00,3251,41.0736,41.0698,41.08,41.08,41.0698,58
2024-04-19 17:34:00,5293,41.0789,41.08,41.075,41.08,41.07,36
2024-04-19 17:35:00,5151,41.0468,41.07,41.04,41.07,41.03,47
2024-04-19 17:36:00,4428,41.0305,41.035,41.035,41.035,41.02,34
2024-04-19 17:37:00,5570,41.0297,41.035,41.025,41.035,41.025,46
2024-04-19 17:38:00,3496,41.014,41.02,41.01,41.025,41.0,35
2024-04-19 17:39:00,3283,41.0182,41.0184,41.03,41.03,41.01,27
2024-04-19 17:40:00,1232,41.0246,41.03,41.02,41.03,41.02,13
2024-04-19 17:41:00,2351,41.0219,41.02,41.025,41.025,41.02,22
2024-04-19 17:42:00,1386,41.0248,41.025,41.03,41.03,41.02,18
2024-04-19 17:43:00,7304,41.0382,41.03,41.0356,41.05,41.03,53
2024-04-19 17:44:00,5657,41.0315,41.035,41.02,41.04,41.02,51
2024-04-19 17:45:00,1816,41.0208,41.02,41.02,41.025,41.02,20
2024-04-19 17:46:00,1501,41.0227,41.025,41.02,41.025,41.02,13
2024-04-19 17:47:00,4849,41.0182,41.025,41.02,41.025,41.01,41
2024-04-19 17:48:00,1040,41.0203,41.02,41.02,41.02,41.02,14
2024-04-19 17:49:00,2351,41.0144,41.015,41.015,41.02,41.01,22
2024-04-19 17:50:00,2843,41.0099,41.015,41.005,41.015,41.005,25
2024-04-19 17:51:00,4382,40.9936,41.005,40.99,41.005,40.99,40
2024-04-19 17:52:00,3586,40.9872,40.995,40.985,40.995,40.98,35
2024-04-19 17:53:00,2873,40.9829,40.9811,40.985,40.985,40.98,26
2024-04-19 17:54:00,3431,40.9826,40.985,40.98,40.985,40.98,38
2024-04-19 17:55:00,6055,40.9798,40.98,40.985,40.985,40.97,50
2024-04-19 17:56:00,2984,40.9759,40.98,40.97,40.985,40.97,25
2024-04-19 17:57:00,3564,40.9537,40.96,40.955,40.96,40.95,25
2024-04-19 17:58:00,2675,40.957,40.955,40.965,40.965,40.95,14
2024-04-19 17:59:00,2771,40.9688,40.965,40.965,40.975,40.96,28
2024-04-19 18:00:00,4860,40.9322,40.96,40.91,40.96,40.91,49
2024-04-19 18:01:00,2701,40.9199,40.92,40.9195,40.92,40.9195,11
2024-04-19 18:02:00,2251,40.9051,40.91,40.9,40.91,40.9,22
2024-04-19 18:03:00,4438,40.89,40.89,40.8914,40.8914,40.89,31
2024-04-19 18:04:00,1223,40.8787,40.88,40.87,40.88,40.87,17
2024-04-19 18:05:00,3481,40.8582,40.87,40.85,40.87,40.85,21
2024-04-19 18:06:00,3881,40.8243,40.84,40.82,40.845,40.81,30
2024-04-19 18:07:00,4625,40.8429,40.83,40.865,40.865,40.83,29
2024-04-19 18:08:00,14817,40.8988,40.865,40.88,40.91,40.865,32
2024-04-19 18:09:00,1440,40.856,40.86,40.8449,40.865,40.8449,24
2024-04-19 18:10:00,3060,40.8408,40.84,40.84,40.85,40.84,19
2024-04-19 18:11:00,5466,40.8465,40.845,40.855,40.855,40.84,34
2024-04-19 18:12:00,2275,40.8613,40.86,40.86,40.87,40.86,23
2024-04-19 18:13:00,2786,40.8538,40.865,40.84,40.87,40.84,29
2024-04-19 18:14:00,1562,40.8402,40.845,40.84,40.845,40.84,23
2024-04-19 18:15:00,1780,40.8153,40.82,40.81,40.82,40.81,29
2024-04-19 18:16:00,4490,40.8107,40.805,40.83,40.83,40.8,35
2024-04-19 18:17:00,1637,40.8374,40.84,40.825,40.84,40.825,14
2024-04-19 18:18:00,4176,40.8109,40.81,40.805,40.82,40.805,27
2024-04-19 18:19:00,4216,40.8056,40.8,40.81,40.815,40.8,43
2024-04-19 18:20:00,5250,40.8031,40.8,40.8,40.8054,40.8,21
2024-04-19 18:21:00,2227,40.7907,40.79,40.795,40.795,40.79,23
2024-04-19 18:22:00,2352,40.7879,40.8,40.78,40.8,40.78,29
2024-04-19 18:23:00,5791,40.7714,40.78,40.77,40.78,40.76,44
2024-04-19 18:24:00,4903,40.7815,40.78,40.79,40.79,40.77,33
2024-04-19 18:25:00,4494,40.7578,40.78,40.755,40.78,40.755,11
2024-04-19 18:26:00,3805,40.7719,40.76,40.77,40.78,40.76,34
2024-04-19 18:27:00,2461,40.7593,40.76,40.755,40.76,40.755,18
2024-04-19 18:28:00,3935,40.7667,40.76,40.76,40.77,40.76,35
2024-04-19 18:29:00,2399,40.7561,40.76,40.75,40.76,40.75,24
2024-04-19 18:30:00,1750,40.7331,40.74,40.735,40.74,40.73,11
2024-04-19 18:31:00,3958,40.7236,40.73,40.72,40.73,40.72,38
2024-04-19 18:32:00,11640,40.719,40.725,40.735,40.735,40.705,67
2024-04-19 18:33:00,2304,40.7398,40.745,40.73,40.75,40.73,24
2024-04-19 18:34:00,1067,40.7202,40.725,40.715,40.725,40.715,12
2024-04-19 18:35:00,4818,40.711,40.715,40.715,40.715,40.705,39
2024-04-19 18:36:00,3142,40.7152,40.72,40.71,40.725,40.71,30
2024-04-19 18:37:00,4499,40.7026,40.705,40.695,40.71,40.695,32
2024-04-19 18:38:00,3360,40.6977,40.695,40.705,40.705,40.69,21
2024-04-19 18:39:00,3597,40.6914,40.705,40.6725,40.705,40.6725,28
2024-04-19 18:40:00,3560,40.6609,40.67,40.655,40.67,40.655,40
2024-04-19 18:41:00,5448,40.6606,40.655,40.67,40.67,40.655,51
2024-04-19 18:42:00,5271,40.6694,40.67,40.66,40.68,40.65,37
2024-04-19 18:43:00,2124,40.6712,40.665,40.67,40.675,40.665,13
2024-04-19 18:44:00,7021,40.6694,40.67,40.66,40.68,40.655,70
2024-04-19 18:45:00,1717,40.6606,40.665,40.655,40.67,40.655,15
2024-04-19 18:46:00,3923,40.6563,40.65,40.65,40.67,40.65,37
2024-04-19 18:47:00,4114,40.636,40.64,40.63,40.645,40.63,39
2024-04-19 18:48:00,5192,40.6454,40.64,40.65,40.655,40.64,28
2024-04-19 18:49:00,3586,40.6653,40.66,40.675,40.68,40.66,33
2024-04-19 18:50:00,10507,40.6671,40.67,40.635,40.68,40.635,87
2024-04-19 18:51:00,5962,40.6557,40.64,40.65,40.665,40.64,46
2024-04-19 18:52:00,3391,40.6449,40.65,40.645,40.65,40.64,31
2024-04-19 18:53:00,2721,40.6338,40.64,40.64,40.64,40.63,31
2024-04-19 18:54:00,3699,40.6409,40.64,40.64,40.65,40.64,20
2024-04-19 18:55:00,5369,40.6499,40.645,40.65,40.66,40.645,52
2024-04-19 18:56:00,3629,40.6512,40.655,40.64,40.655,40.64,29
2024-04-19 18:57:00,5440,40.6396,40.64,40.645,40.65,40.63,36
2024-04-19 18:58:00,2312,40.6452,40.65,40.64,40.65,40.64,5
2024-04-19 18:59:00,4748,40.6401,40.64,40.63,40.645,40.63,56
2024-04-19 19:00:00,18499,40.6367,40.64,40.645,40.645,40.625,149
2024-04-19 19:01:00,517,40.6481,40.645,40.65,40.65,40.645,5
2024-04-19 19:02:00,3807,40.6402,40.65,40.6301,40.65,40.6301,29
2024-04-19 19:03:00,10708,40.6374,40.64,40.645,40.645,40.63,55
2024-04-19 19:04:00,3738,40.6541,40.645,40.67,40.67,40.645,34
2024-04-19 19:05:00,1541,40.6737,40.67,40.6789,40.68,40.67,18
2024-04-19 19:06:00,8163,40.6537,40.67,40.64,40.67,40.635,70
2024-04-19 19:07:00,4177,40.6469,40.645,40.64,40.65,40.64,28
2024-04-19 19:08:00,2820,40.6348,40.64,40.635,40.64,40.625,42
2024-04-19 19:09:00,7257,40.6299,40.635,40.625,40.635,40.62,64
2024-04-19 19:10:00,3706,40.6132,40.62,40.605,40.62,40.605,29
2024-04-19 19:11:00,4439,40.5891,40.605,40.575,40.605,40.575,48
2024-04-19 19:12:00,11267,40.5711,40.575,40.585,40.585,40.565,50
2024-04-19 19:13:00,2087,40.6031,40.585,40.61,40.61,40.585,20
2024-04-19 19:14:00,7469,40.6094,40.615,40.59,40.615,40.59,77
2024-04-19 19:15:00,6801,40.559,40.595,40.5401,40.595,40.5401,55
2024-04-19 19:16:00,8087,40.5514,40.54,40.56,40.57,40.54,52
2024-04-19 19:17:00,8429,40.5729,40.565,40.61,40.61,40.565,33
2024-04-19 19:18:00,8170,40.5684,40.61,40.5505,40.61,40.55,40
2024-04-19 19:19:00,4862,40.5364,40.545,40.53,40.55,40.525,61
2024-04-19 19:20:00,9093,40.534,40.53,40.56,40.56,40.525,46
2024-04-19 19:21:00,1377,40.5489,40.55,40.55,40.55,40.545,25
2024-04-19 19:22:00,4120,40.548,40.54,40.545,40.55,40.54,21
2024-04-19 19:23:00,12154,40.5406,40.545,40.52,40.555,40.52,106
2024-04-19 19:24:00,12424,40.504,40.51,40.485,40.515,40.485,51
2024-04-19 19:25:00,12378,40.4913,40.485,40.495,40.5,40.48,70
2024-04-19 19:26:00,15507,40.4878,40.495,40.49,40.5,40.48,74
2024-04-19 19:27:00,2611,40.4912,40.49,40.49,40.495,40.49,28
2024-04-19 19:28:00,12605,40.4873,40.485,40.48,40.5,40.475,76
2024-04-19 19:29:00,16729,40.4913,40.485,40.51,40.52,40.475,113
2024-04-19 19:30:00,7973,40.505,40.505,40.505,40.505,40.505,27
2024-04-19 19:31:00,16554,40.5205,40.505,40.52,40.535,40.505,84
2024-04-19 19:32:00,10600,40.494,40.505,40.495,40.505,40.485,81
2024-04-19 19:33:00,21881,40.5162,40.4999,40.545,40.555,40.495,101
2024-04-19 19:34:00,7812,40.5618,40.545,40.585,40.59,40.545,68
2024-04-19 19:35:00,38597,40.6226,40.59,40.635,40.645,40.59,186
2024-04-19 19:36:00,14943,40.6227,40.635,40.62,40.635,40.615,137
2024-04-19 19:37:00,15153,40.6437,40.61,40.7,40.705,40.61,107
2024-04-19 19:38:00,6966,40.697,40.695,40.695,40.705,40.685,64
2024-04-19 19:39:00,16535,40.6816,40.69,40.67,40.7,40.67,129
2024-04-19 19:40:00,13018,40.6585,40.67,40.66,40.67,40.65,77
2024-04-19 19:41:00,10560,40.6749,40.69,40.655,40.705,40.655,70
2024-04-19 19:42:00,13983,40.6511,40.66,40.655,40.67,40.64,75
2024-04-19 19:43:00,20461,40.6289,40.66,40.635,40.66,40.615,132
2024-04-19 19:44:00,16066,40.6354,40.635,40.635,40.64,40.63,105
2024-04-19 19:45:00,15136,40.6237,40.635,40.63,40.635,40.61,106
2024-04-19 19:46:00,8056,40.6533,40.65,40.65,40.66,40.64,75
2024-04-19 19:47:00,12021,40.633,40.645,40.625,40.645,40.62,87
2024-04-19 19:48:00,33746,40.6308,40.625,40.635,40.655,40.61,206
2024-04-19 19:49:00,10795,40.6696,40.64,40.685,40.69,40.64,81
2024-04-19 19:50:00,21410,40.6602,40.67,40.67,40.675,40.65,189
2024-04-19 19:51:00,41577,40.6609,40.67,40.665,40.675,40.645,137
2024-04-19 19:52:00,19596,40.6613,40.665,40.655,40.67,40.65,153
2024-04-19 19:53:00,16427,40.6649,40.655,40.68,40.68,40.65,90
2024-04-19 19:54:00,12597,40.6729,40.675,40.675,40.68,40.67,116
2024-04-19 19:55:00,17347,40.699,40.675,40.72,40.72,40.675,109
2024-04-19 19:56:00,25714,40.7037,40.715,40.6901,40.72,40.69,135
2024-04-19 19:57:00,10155,40.6924,40.7,40.695,40.7,40.69,79
2024-04-19 19:58:00,26090,40.6876,40.69,40.68,40.6999,40.68,137
2024-04-19 19:59:00,92346,40.6772,40.685,40.67,40.705,40.64,332
2024-04-19 20:26:00,500,40.68,40.68,40.68,40.68,40.68,1
2024-04-19 20:35:00,430,40.67,40.67,40.67,40.67,40.67,1
2024-04-19 22:34:00,375,40.6793,40.68,40.68,40.68,40.68,2
2024-04-19 22:36:00,450,40.68,40.68,40.68,40.68,40.68,1
2024-04-22 12:00:00,2001,40.8351,40.99,40.68,40.99,40.68,3
2024-04-22 12:35:00,1233,40.72,40.72,40.72,40.72,40.72,1
2024-04-22 12:54:00,951,40.74,40.74,40.74,40.74,40.74,1
2024-04-22 12:55:00,547,40.7352,40.73,40.74,40.74,40.73,5
2024-04-22 13:01:00,8005,40.99,40.99,40.99,40.99,40.99,1
2024-04-22 13:03:00,150,40.98,40.98,40.98,40.98,40.98,1
2024-04-22 13:04:00,904,40.99,40.99,40.99,40.99,40.99,1
2024-04-22 13:30:00,22069,40.7401,40.74,40.805,40.805,40.69,78
2024-04-22 13:31:00,2702,40.7767,40.8,40.79,40.805,40.75,13
2024-04-22 13:32:00,2370,40.8676,40.83,40.88,40.88,40.83,11
2024-04-22 13:33:00,3845,40.8339,40.84,40.8304,40.84,40.83,14
2024-04-22 13:34:00,480,40.8477,40.85,40.85,40.85,40.85,7
2024-04-22 13:35:00,3908,40.7732,40.8,40.78,40.8,40.75,36
2024-04-22 13:36:00,5284,40.7439,40.79,40.7372,40.79,40.73,16
2024-04-22 13:37:00,4635,40.7131,40.75,40.705,40.75,40.69,41
2024-04-22 13:38:00,6816,40.6615,40.695,40.66,40.695,40.65,64
2024-04-22 13:39:00,3693,40.6629,40.67,40.6703,40.68,40.645,22
2024-04-22 13:40:00,11610,40.7149,40.675,40.73,40.74,40.675,42
2024-04-22 13:41:00,1218,40.7158,40.72,40.725,40.725,40.7,15
2024-04-22 13:42:00,4545,40.7234,40.725,40.72,40.74,40.71,27
2024-04-22 13:43:00,3376,40.7552,40.7199,40.78,40.78,40.7199,38
2024-04-22 13:44:00,2367,40.7975,40.7839,40.81,40.81,40.7839,29
2024-04-22 13:45:00,1369,40.8307,40.82,40.8301,40.835,40.82,15
2024-04-22 13:46:00,7843,40.8722,40.831,40.88,40.89,40.831,55
2024-04-22 13:47:00,2920,40.8909,40.89,40.9,40.9,40.88,30
2024-04-22 13:48:00,4449,40.8836,40.88,40.89,40.89,40.87,19
2024-04-22 13:49:00,4216,40.9179,40.9,40.94,40.94,40.9,27
2024-04-22 13:50:00,9260,40.918,40.95,40.91,40.95,40.9,53
2024-04-22 13:51:00,1118,40.9166,40.9154,40.93,40.93,40.91,13
2024-04-22 13:52:00,4267,40.9206,40.93,40.93,40.935,40.91,45
2024-04-22 13:53:00,1510,40.9274,40.93,40.925,40.93,40.92,17
2024-04-22 13:54:00,4891,40.9521,40.94,40.955,40.965,40.94,33
2024-04-22 13:55:00,2746,40.9786,40.955,40.9935,40.9935,40.955,29
2024-04-22 13:56:00,10503,41.0209,40.995,41.045,41.055,40.99,89
2024-04-22 13:57:00,6304,41.0669,41.045,41.08,41.09,41.045,71
2024-04-22 13:58:00,8368,41.0672,41.085,41.09,41.09,41.05,69
2024-04-22 13:59:00,2996,41.111,41.1,41.12,41.12,41.1,36
2024-04-22 14:00:00,6948,41.1096,41.12,41.12,41.12,41.09,65
2024-04-22 14:01:00,3461,41.1208,41.13,41.11,41.13,41.11,35
2024-04-22 14:02:00,1118,41.1113,41.11,41.12,41.12,41.11,17
2024-04-22 14:03:00,5340,41.1401,41.125,41.17,41.17,41.125,56
2024-04-22 14:04:00,13768,41.1747,41.1743,41.185,41.19,41.17,123
2024-04-22 14:05:00,8054,41.1879,41.19,41.195,41.205,41.17,73
2024-04-22 14:06:00,4714,41.1938,41.2,41.21,41.21,41.19,47
2024-04-22 14:07:00,8863,41.215,41.2,41.21,41.235,41.2,93
2024-04-22 14:08:00,5060,41.218,41.215,41.245,41.245,41.21,32
2024-04-22 14:09:00,12433,41.2455,41.245,41.225,41.255,41.225,100
2024-04-22 14:10:00,4804,41.2191,41.225,41.22,41.225,41.21,51
2024-04-22 14:11:00,994,41.2411,41.23,41.25,41.25,41.23,23
2024-04-22 14:12:00,9572,41.2194,41.24,41.23,41.24,41.21,58
2024-04-22 14:13:00,13200,41.2792,41.25,41.31,41.31,41.24,79
2024-04-22 14:14:00,5348,41.299,41.3,41.295,41.305,41.29,71
2024-04-22 14:15:00,7354,41.2955,41.295,41.3,41.3,41.285,98
2024-04-22 14:16:00,4457,41.332,41.32,41.345,41.345,41.315,40
2024-04-22 14:17:00,4311,41.3469,41.34,41.34,41.355,41.34,53
2024-04-22 14:18:00,3438,41.3343,41.34,41.335,41.34,41.33,35
2024-04-22 14:19:00,3232,41.3211,41.335,41.31,41.335,41.31,32
2024-04-22 14:20:00,3864,41.2843,41.3099,41.27,41.31,41.26,42
2024-04-22 14:21:00,1403,41.2482,41.27,41.24,41.27,41.24,15
2024-04-22 14:22:00,4618,41.2204,41.23,41.2169,41.23,41.205,47
2024-04-22 14:23:00,1816,41.2256,41.215,41.24,41.24,41.21,31
2024-04-22 14:24:00,1586,41.2313,41.23,41.23,41.235,41.23,20
2024-04-22 14:25:00,5730,41.216,41.23,41.2,41.23,41.2,46
2024-04-22 14:26:00,1649,41.2027,41.2,41.2,41.21,41.2,19
2024-04-22 14:27:00,5480,41.2122,41.205,41.21,41.23,41.2,29
2024-04-22 14:28:00,5565,41.1776,41.195,41.16,41.2,41.16,36
2024-04-22 14:29:00,606,41.17,41.165,41.18,41.18,41.165,5
2024-04-22 14:30:00,5373,41.1908,41.19,41.19,41.2,41.18,46
2024-04-22 14:31:00,2153,41.1995,41.19,41.205,41.21,41.19,19
2024-04-22 14:32:00,1878,41.2124,41.2,41.215,41.22,41.2,24
2024-04-22 14:33:00,642,41.2118,41.2115,41.2115,41.2115,41.2115,8
2024-04-22 14:34:00,3563,41.2155,41.215,41.21,41.22,41.21,48
2024-04-22 14:35:00,5471,41.2133,41.22,41.2,41.225,41.2,49
2024-04-22 14:36:00,4435,41.2052,41.2,41.23,41.23,41.195,32
2024-04-22 14:37:00,1380,41.2214,41.2286,41.225,41.2286,41.22,19
2024-04-22 14:38:00,2170,41.2095,41.22,41.2,41.22,41.2,25
2024-04-22 14:39:00,1353,41.1896,41.19,41.19,41.195,41.1845,21
2024-04-22 14:40:00,6311,41.1921,41.195,41.18,41.1999,41.18,36
2024-04-22 14:41:00,1964,41.1737,41.18,41.175,41.185,41.17,20
2024-04-22 14:42:00,2805,41.1631,41.16,41.17,41.17,41.16,26
2024-04-22 14:43:00,2019,41.1658,41.17,41.15,41.17,41.15,30
2024-04-22 14:44:00,633,41.1552,41.1552,41.155,41.1552,41.155,4
2024-04-22 14:46:00,1937,41.1727,41.165,41.185,41.185,41.165,23
2024-04-22 14:47:00,1213,41.1908,41.185,41.195,41.195,41.185,17
2024-04-22 14:48:00,3498,41.2022,41.2,41.205,41.21,41.2,31
2024-04-22 14:49:00,1297,41.2068,41.205,41.2075,41.21,41.202,19
2024-04-22 14:50:00,2961,41.1989,41.205,41.2,41.205,41.19,37
2024-04-22 14:51:00,3518,41.2002,41.2,41.21,41.21,41.195,31
2024-04-22 14:52:00,1535,41.2102,41.21,41.205,41.215,41.205,19
2024-04-22 14:53:00,4328,41.2163,41.2093,41.23,41.23,41.2093,12
2024-04-22 14:54:00,4938,41.215,41.235,41.21,41.235,41.2,53
2024-04-22 14:55:00,1051,41.2078,41.205,41.21,41.215,41.205,8
2024-04-22 14:56:00,2694,41.2138,41.22,41.2,41.22,41.2,26
2024-04-22 14:57:00,516,41.2068,41.19,41.215,41.215,41.19,10
2024-04-22 14:58:00,3751,41.2139,41.215,41.21,41.215,41.21,20
2024-04-22 14:59:00,18653,41.1788,41.205,41.175,41.205,41.155,90
2024-04-22 15:00:00,3136,41.166,41.16,41.165,41.1667,41.16,6
2024-04-22 15:01:00,6194,41.1496,41.16,41.14,41.165,41.14,48
2024-04-22 15:02:00,215,41.14,41.14,41.14,41.14,41.14,5
2024-04-22 15:03:00,7515,41.1537,41.145,41.1648,41.165,41.14,57
2024-04-22 15:04:00,405,41.1649,41.165,41.165,41.165,41.165,5
2024-04-22 15:05:00,3992,41.1829,41.17,41.18,41.195,41.17,43
2024-04-22 15:06:00,1320,41.1704,41.175,41.17,41.175,41.17,21
2024-04-22 15:07:00,3674,41.1813,41.17,41.19,41.195,41.165,24
2024-04-22 15:08:00,1919,41.1829,41.185,41.185,41.19,41.18,18
2024-04-22 15:09:00,2524,41.1814,41.185,41.18,41.185,41.18,36
2024-04-22 15:10:00,3588,41.1732,41.18,41.17,41.185,41.17,44
2024-04-22 15:11:00,3442,41.1622,41.16,41.16,41.165,41.16,19
2024-04-22 15:12:00,4380,41.1674,41.16,41.17,41.17,41.16,40
2024-04-22 15:13:00,2002,41.1715,41.165,41.175,41.175,41.165,11
2024-04-22 15:14:00,1787,41.1831,41.175,41.185,41.19,41.175,16
2024-04-22 15:15:00,5632,41.1796,41.185,41.18,41.185,41.17,51
2024-04-22 15:16:00,2109,41.1926,41.1851,41.195,41.195,41.185,16
2024-04-22 15:17:00,6095,41.2076,41.1947,41.215,41.215,41.1947,27
2024-04-22 15:18:00,11096,41.229,41.215,41.24,41.25,41.21,62
2024-04-22 15:19:00,11828,41.2538,41.245,41.275,41.275,41.245,64
2024-04-22 15:20:00,3724,41.2599,41.275,41.2499,41.275,41.2493,51
2024-04-22 15:21:00,2383,41.2538,41.26,41.2499,41.26,41.2499,23
2024-04-22 15:22:00,1528,41.241,41.245,41.235,41.25,41.235,19
2024-04-22 15:23:00,6400,41.2299,41.235,41.225,41.235,41.22,22
2024-04-22 15:24:00,3789,41.232,41.23,41.23,41.235,41.225,37
2024-04-22 15:25:00,4635,41.2399,41.24,41.245,41.245,41.235,40
2024-04-22 15:26:00,1221,41.2637,41.25,41.285,41.285,41.25,18
2024-04-22 15:27:00,5536,41.2795,41.285,41.26,41.285,41.26,32
2024-04-22 15:28:00,2358,41.2498,41.255,41.25,41.255,41.245,31
2024-04-22 15:29:00,1506,41.2504,41.255,41.245,41.255,41.245,15
2024-04-22 15:30:00,6098,41.2373,41.2442,41.2201,41.2442,41.22,38
2024-04-22 15:31:00,7561,41.2257,41.22,41.225,41.23,41.22,77
2024-04-22 15:32:00,5625,41.1943,41.21,41.205,41.215,41.19,30
2024-04-22 15:33:00,3219,41.1921,41.2,41.18,41.2,41.18,31
2024-04-22 15:34:00,2798,41.1772,41.18,41.175,41.185,41.17,24
2024-04-22 15:35:00,743,41.1706,41.1701,41.17,41.175,41.17,14
2024-04-22 15:36:00,4287,41.1677,41.165,41.16,41.17,41.16,39
2024-04-22 15:37:00,2718,41.1677,41.1542,41.175,41.18,41.1542,24
2024-04-22 15:38:00,3246,41.1707,41.175,41.16,41.175,41.16,35
2024-04-22 15:39:00,5729,41.1486,41.16,41.159,41.16,41.14,42
2024-04-22 15:40:00,2478,41.1271,41.14,41.11,41.14,41.11,35
2024-04-22 15:41:00,2212,41.1114,41.11,41.1,41.12,41.1,29
2024-04-22 15:42:00,6307,41.1058,41.095,41.11,41.11,41.095,28
2024-04-22 15:43:00,1009,41.1205,41.12,41.12,41.12,41.12,15
2024-04-22 15:44:00,8941,41.1242,41.125,41.125,41.13,41.12,52
2024-04-22 15:46:00,4226,41.1221,41.129,41.12,41.129,41.12,12
2024-04-22 15:47:00,2160,41.1207,41.12,41.125,41.125,41.12,28
2024-04-22 15:48:00,987,41.1318,41.13,41.135,41.14,41.125,14
2024-04-22 15:49:00,1909,41.1239,41.135,41.12,41.135,41.12,27
2024-04-22 15:50:00,2006,41.108,41.1125,41.1099,41.1125,41.1,27
2024-04-22 15:51:00,4014,41.1046,41.1,41.085,41.1099,41.085,34
2024-04-22 15:52:00,15685,41.0646,41.08,41.065,41.0801,41.06,95
2024-04-22 15:53:00,981,41.065,41.065,41.06,41.07,41.06,16
2024-04-22 15:54:00,2196,41.0489,41.06,41.04,41.06,41.04,32
2024-04-22 15:55:00,4669,41.0407,41.04,41.04,41.045,41.04,49
2024-04-22 15:56:00,3403,41.0482,41.04,41.045,41.05,41.04,32
2024-04-22 15:57:00,6254,41.0688,41.055,41.09,41.09,41.055,29
2024-04-22 15:58:00,1481,41.0974,41.09,41.105,41.105,41.09,14
2024-04-22 15:59:00,801,41.1056,41.1039,41.11,41.11,41.1039,6
2024-04-22 16:00:00,716,41.1284,41.12,41.14,41.14,41.12,12
2024-04-22 16:01:00,3657,41.1592,41.145,41.155,41.17,41.145,30
2024-04-22 16:02:00,3469,41.1647,41.16,41.165,41.175,41.16,34
2024-04-22 16:03:00,1248,41.1665,41.165,41.17,41.17,41.16,16
2024-04-22 16:04:00,1591,41.1895,41.18,41.195,41.205,41.18,24
2024-04-22 16:05:00,318,41.1982,41.195,41.2,41.2,41.195,10
2024-04-22 16:06:00,7533,41.1995,41.21,41.1941,41.21,41.19,24
2024-04-22 16:07:00,1501,41.201,41.195,41.21,41.21,41.195,8
2024-04-22 16:08:00,751,41.2203,41.215,41.225,41.225,41.215,8
2024-04-22 16:09:00,1687,41.2487,41.23,41.255,41.255,41.23,17
2024-04-22 16:10:00,337,41.2555,41.2597,41.255,41.2597,41.255,8
2024-04-22 16:11:00,4604,41.2597,41.255,41.26,41.26,41.255,11
2024-04-22 16:12:00,1871,41.2522,41.26,41.255,41.26,41.245,26
2024-04-22 16:13:00,2222,41.2593,41.255,41.26,41.26,41.255,26
2024-04-22 16:14:00,2748,41.264,41.2681,41.265,41.2681,41.26,11
2024-04-22 16:16:00,209,41.265,41.265,41.265,41.265,41.265,6
2024-04-22 16:17:00,1804,41.267,41.265,41.265,41.269,41.265,12
2024-04-22 16:18:00,6509,41.2567,41.265,41.26,41.265,41.245,61
2024-04-22 16:19:00,322,41.2747,41.275,41.275,41.275,41.275,5
2024-04-22 16:20:00,1858,41.2974,41.285,41.305,41.305,41.285,26
2024-04-22 16:21:00,5307,41.298,41.3,41.29,41.3,41.285,28
2024-04-22 16:22:00,2205,41.2946,41.29,41.285,41.3,41.285,23
2024-04-22 16:23:00,3635,41.2838,41.28,41.295,41.295,41.28,41
2024-04-22 16:24:00,2436,41.2959,41.29,41.305,41.305,41.29,25
2024-04-22 16:25:00,2314,41.2976,41.31,41.295,41.31,41.29,29
2024-04-22 16:26:00,690,41.287,41.295,41.28,41.295,41.28,10
2024-04-22 16:27:00,9053,41.2735,41.27,41.29,41.29,41.2603,53
2024-04-22 16:28:00,1332,41.292,41.295,41.2972,41.2972,41.285,16
2024-04-22 16:29:00,1631,41.295,41.3,41.2901,41.3,41.2901,12
2024-04-22 16:30:00,500,41.302,41.3,41.305,41.305,41.3,14
2024-04-22 16:31:00,2311,41.2964,41.305,41.295,41.305,41.29,25
2024-04-22 16:32:00,3255,41.2909,41.295,41.2801,41.295,41.28,19
2024-04-22 16:33:00,1499,41.2736,41.28,41.27,41.28,41.27,22
2024-04-22 16:34:00,103,41.275,41.275,41.275,41.275,41.275,2
2024-04-22 16:35:00,674,41.2734,41.275,41.2729,41.275,41.2729,4
2024-04-22 16:36:00,2617,41.2569,41.27,41.255,41.27,41.25,29
2024-04-22 16:37:00,1235,41.2505,41.25,41.255,41.255,41.2497,13
2024-04-22 16:38:00,4929,41.2597,41.255,41.265,41.265,41.25,19
2024-04-22 16:39:00,1832,41.2741,41.275,41.265,41.285,41.265,18
2024-04-22 16:40:00,301,41.2483,41.25,41.245,41.25,41.245,5
2024-04-22 16:42:00,1620,41.2618,41.26,41.265,41.265,41.26,20
2024-04-22 16:43:00,764,41.2712,41.27,41.285,41.285,41.27,14
2024-04-22 16:44:00,7623,41.2708,41.28,41.265,41.28,41.26,27
2024-04-22 16:45:00,1286,41.2743,41.275,41.275,41.28,41.27,21
2024-04-22 16:46:00,101,41.2799,41.2799,41.2799,41.2799,41.2799,2
2024-04-22 16:47:00,3378,41.2764,41.28,41.285,41.285,41.27,34
2024-04-22 16:48:00,784,41.2845,41.285,41.285,41.285,41.28,14
2024-04-22 16:49:00,269,41.2847,41.285,41.285,41.285,41.285,8
2024-04-22 16:50:00,895,41.2875,41.285,41.2899,41.2899,41.285,16
2024-04-22 16:51:00,988,41.2829,41.285,41.285,41.285,41.28,14
2024-04-22 16:52:00,345,41.2844,41.285,41.285,41.285,41.285,7
2024-04-22 16:53:00,3670,41.2768,41.285,41.26,41.285,41.26,42
2024-04-22 16:54:00,1316,41.2645,41.265,41.26,41.265,41.26,13
2024-04-22 16:55:00,2491,41.279,41.27,41.29,41.29,41.27,26
2024-04-22 16:56:00,983,41.2953,41.2958,41.295,41.2958,41.295,8
2024-04-22 16:57:00,4175,41.2977,41.295,41.305,41.31,41.295,16
2024-04-22 16:58:00,1166,41.3045,41.3,41.3098,41.31,41.3,18
2024-04-22 16:59:00,961,41.3061,41.305,41.31,41.31,41.3,15
2024-04-22 17:00:00,4773,41.3054,41.31,41.305,41.315,41.3,56
2024-04-22 17:01:00,598,41.3,41.3,41.3,41.3,41.3,7
2024-04-22 17:02:00,455,41.2938,41.29,41.295,41.295,41.29,6
2024-04-22 17:03:00,133,41.2951,41.295,41.295,41.295,41.295,5
2024-04-22 17:04:00,924,41.2983,41.3,41.295,41.3,41.295,15
2024-04-22 17:05:00,2762,41.2905,41.295,41.29,41.295,41.28,32
2024-04-22 17:06:00,2133,41.3002,41.3,41.3,41.305,41.3,17
2024-04-22 17:07:00,281,41.295,41.295,41.295,41.295,41.295,8
2024-04-22 17:08:00,479,41.3031,41.3,41.305,41.305,41.3,9
2024-04-22 17:09:00,3979,41.3139,41.31,41.325,41.325,41.305,43
2024-04-22 17:10:00,1063,41.3261,41.325,41.33,41.33,41.325,16
2024-04-22 17:11:00,2366,41.3309,41.335,41.33,41.335,41.33,36
2024-04-22 17:12:00,508,41.327,41.325,41.33,41.33,41.325,4
2024-04-22 17:13:00,415,41.3418,41.34,41.345,41.345,41.34,14
2024-04-22 17:14:00,5035,41.3454,41.35,41.345,41.35,41.34,27
2024-04-22 17:15:00,3062,41.3344,41.345,41.32,41.345,41.32,208
2024-04-22 17:16:00,871,41.2982,41.31,41.285,41.31,41.285,20
2024-04-22 17:17:00,233,41.2856,41.285,41.285,41.285,41.285,4
2024-04-22 17:18:00,2618,41.2885,41.29,41.285,41.29,41.285,30
2024-04-22 17:19:00,1483,41.2806,41.28,41.285,41.285,41.28,17
2024-04-22 17:20:00,330,41.282,41.28,41.285,41.285,41.28,5
2024-04-22 17:21:00,1454,41.2889,41.29,41.285,41.29,41.285,22
2024-04-22 17:22:00,1250,41.2833,41.285,41.285,41.285,41.28,9
2024-04-22 17:23:00,498,41.2838,41.285,41.285,41.285,41.28,11
2024-04-22 17:24:00,1375,41.2854,41.285,41.285,41.29,41.28,17
2024-04-22 17:25:00,2157,41.2916,41.29,41.295,41.295,41.29,24
2024-04-22 17:26:00,802,41.2963,41.295,41.295,41.3,41.295,10
2024-04-22 17:27:00,4634,41.3038,41.295,41.295,41.31,41.295,42
2024-04-22 17:28:00,134,41.2944,41.295,41.295,41.295,41.295,13
2024-04-22 17:29:00,1135,41.2951,41.3,41.295,41.3,41.29,11
2024-04-22 17:30:00,2320,41.2836,41.29,41.275,41.295,41.27,36
2024-04-22 17:31:00,1001,41.2708,41.27,41.2758,41.2758,41.27,13
2024-04-22 17:33:00,2224,41.2804,41.28,41.28,41.285,41.28,24
2024-04-22 17:34:00,563,41.2709,41.27,41.27,41.275,41.27,14
2024-04-22 17:35:00,5022,41.2913,41.275,41.285,41.2984,41.275,34
2024-04-22 17:36:00,7012,41.2931,41.285,41.305,41.305,41.285,61
2024-04-22 17:37:00,2905,41.3154,41.305,41.325,41.325,41.305,19
2024-04-22 17:38:00,1744,41.3153,41.3235,41.315,41.325,41.31,24
2024-04-22 17:39:00,3414,41.3056,41.315,41.3056,41.315,41.3,29
2024-04-22 17:40:00,2128,41.2976,41.305,41.29,41.305,41.29,28
2024-04-22 17:41:00,1139,41.2857,41.29,41.28,41.29,41.28,31
2024-04-22 17:42:00,2218,41.2847,41.28,41.285,41.285,41.28,28
2024-04-22 17:43:00,202,41.285,41.285,41.285,41.285,41.285,4
2024-04-22 17:44:00,1405,41.2876,41.285,41.2885,41.2885,41.2847,10
2024-04-22 17:45:00,6313,41.3001,41.285,41.315,41.315,41.285,56
2024-04-22 17:46:00,1894,41.3147,41.315,41.3135,41.315,41.3135,11
2024-04-22 17:47:00,1263,41.3107,41.315,41.305,41.315,41.305,22
2024-04-22 17:48:00,1000,41.3051,41.305,41.305,41.3054,41.305,7
2024-04-22 17:49:00,1422,41.305,41.305,41.305,41.305,41.305,8
2024-04-22 17:50:00,503,41.305,41.305,41.305,41.305,41.305,7
2024-04-22 17:51:00,4197,41.308,41.305,41.305,41.315,41.305,57
2024-04-22 17:52:00,6229,41.3217,41.31,41.325,41.34,41.305,71
2024-04-22 17:53:00,1163,41.3302,41.325,41.33,41.335,41.325,16
2024-04-22 17:54:00,691,41.3192,41.32,41.315,41.32,41.315,13
2024-04-22 17:55:00,1737,41.31,41.31,41.31,41.31,41.31,31
2024-04-22 17:56:00,920,41.3111,41.31,41.315,41.315,41.305,14
2024-04-22 17:57:00,31329,41.2652,41.31,41.295,41.31,41.25,120
2024-04-22 17:58:00,5183,41.2974,41.3,41.285,41.305,41.285,43
2024-04-22 17:59:00,1259,41.283,41.285,41.28,41.285,41.28,15
2024-04-22 18:00:00,179,41.2801,41.28,41.28,41.28,41.28,9
2024-04-22 18:01:00,3055,41.277,41.28,41.265,41.285,41.265,39
2024-04-22 18:02:00,112,41.2602,41.26,41.26,41.26,41.26,6
2024-04-22 18:03:00,1005,41.264,41.26,41.265,41.265,41.26,14
2024-04-22 18:04:00,3097,41.2636,41.26,41.265,41.265,41.26,17
2024-04-22 18:05:00,13937,41.2712,41.265,41.295,41.295,41.265,70
2024-04-22 18:06:00,3594,41.2799,41.29,41.28,41.29,41.275,41
2024-04-22 18:07:00,2161,41.28,41.28,41.28,41.28,41.28,27
2024-04-22 18:08:00,4753,41.2825,41.28,41.275,41.29,41.2701,47
2024-04-22 18:09:00,1617,41.2818,41.275,41.285,41.285,41.275,20
2024-04-22 18:10:00,1267,41.2755,41.285,41.265,41.285,41.265,29
2024-04-22 18:11:00,1803,41.2745,41.265,41.28,41.28,41.265,22
2024-04-22 18:12:00,1656,41.2818,41.28,41.285,41.29,41.2799,21
2024-04-22 18:13:00,2669,41.293,41.285,41.295,41.3,41.285,22
2024-04-22 18:14:00,8727,41.2992,41.295,41.285,41.305,41.285,81
2024-04-22 18:15:00,820,41.2807,41.285,41.28,41.285,41.28,20
2024-04-22 18:16:00,1501,41.2833,41.285,41.285,41.29,41.28,27
2024-04-22 18:17:00,706,41.283,41.285,41.28,41.285,41.28,11
2024-04-22 18:18:00,2176,41.2792,41.28,41.275,41.28,41.275,32
2024-04-22 18:19:00,3077,41.2811,41.2799,41.285,41.29,41.2799,22
2024-04-22 18:20:00,10204,41.2883,41.285,41.275,41.295,41.275,44
2024-04-22 18:21:00,1525,41.2697,41.27,41.27,41.27,41.265,22
2024-04-22 18:22:00,6525,41.257,41.26,41.26,41.26,41.2549,41
2024-04-22 18:23:00,792,41.2645,41.265,41.265,41.265,41.265,13
2024-04-22 18:25:00,539,41.265,41.265,41.265,41.265,41.265,9
2024-04-22 18:26:00,5141,41.2699,41.265,41.275,41.275,41.265,44
2024-04-22 18:27:00,2893,41.2731,41.275,41.275,41.28,41.27,31
2024-04-22 18:28:00,300,41.275,41.275,41.275,41.275,41.275,3
2024-04-22 18:29:00,821,41.275,41.275,41.275,41.275,41.275,12
2024-04-22 18:30:00,403,41.2739,41.275,41.275,41.275,41.275,8
2024-04-22 18:31:00,2427,41.289,41.28,41.295,41.295,41.28,25
2024-04-22 18:32:00,7090,41.3145,41.3,41.295,41.33,41.295,74
2024-04-22 18:33:00,3367,41.2888,41.2901,41.285,41.295,41.285,52
2024-04-22 18:34:00,2940,41.2876,41.285,41.285,41.29,41.285,35
2024-04-22 18:35:00,140,41.2848,41.285,41.285,41.285,41.285,4
2024-04-22 18:36:00,1736,41.2828,41.285,41.28,41.285,41.28,21
2024-04-22 18:37:00,2876,41.2758,41.2799,41.2744,41.2799,41.2744,9
2024-04-22 18:38:00,10210,41.2765,41.27,41.295,41.2991,41.265,66
2024-04-22 18:39:00,16872,41.2999,41.295,41.295,41.31,41.295,80
2024-04-22 18:40:00,2482,41.2875,41.3,41.28,41.3,41.28,104
2024-04-22 18:41:00,3579,41.2549,41.28,41.24,41.28,41.24,29
2024-04-22 18:42:00,647,41.2422,41.245,41.24,41.245,41.24,12
2024-04-22 18:43:00,12207,41.2156,41.23,41.21,41.23,41.21,116
2024-04-22 18:44:00,5313,41.2098,41.205,41.205,41.215,41.205,39
2024-04-22 18:45:00,680,41.2083,41.21,41.21,41.21,41.205,10
2024-04-22 18:46:00,11886,41.195,41.205,41.185,41.205,41.18,50
2024-04-22 18:47:00,1061,41.1875,41.185,41.19,41.19,41.185,8
2024-04-22 18:48:00,8320,41.1885,41.18,41.19,41.19,41.18,60
2024-04-22 18:49:00,712,41.1884,41.19,41.19,41.19,41.19,20
2024-04-22 18:50:00,4399,41.1791,41.18,41.175,41.185,41.175,31
2024-04-22 18:51:00,917,41.1761,41.175,41.18,41.18,41.175,17
2024-04-22 18:52:00,7110,41.1779,41.175,41.185,41.185,41.175,68
2024-04-22 18:53:00,1840,41.1913,41.19,41.195,41.195,41.19,21
2024-04-22 18:54:00,2067,41.1978,41.195,41.215,41.215,41.195,19
2024-04-22 18:55:00,2573,41.2105,41.215,41.205,41.215,41.205,24
2024-04-22 18:56:00,1613,41.2119,41.205,41.225,41.225,41.205,14
2024-04-22 18:57:00,3357,41.2156,41.225,41.215,41.225,41.21,40
2024-04-22 18:58:00,931,41.2068,41.2095,41.205,41.2095,41.205,7
2024-04-22 18:59:00,1238,41.1984,41.2,41.195,41.2,41.195,23
2024-04-22 19:00:00,697,41.1935,41.195,41.195,41.195,41.19,13
2024-04-22 19:01:00,1953,41.2177,41.195,41.23,41.235,41.195,30
2024-04-22 19:02:00,551,41.2259,41.225,41.235,41.235,41.22,7
2024-04-22 19:03:00,1017,41.235,41.235,41.235,41.235,41.235,7
2024-04-22 19:04:00,3757,41.2292,41.235,41.225,41.235,41.22,32
2024-04-22 19:05:00,2587,41.2287,41.225,41.235,41.235,41.225,30
2024-04-22 19:06:00,3715,41.2276,41.235,41.23,41.235,41.225,31
2024-04-22 19:07:00,2422,41.2318,41.235,41.235,41.235,41.23,21
2024-04-22 19:08:00,1791,41.2424,41.24,41.245,41.245,41.24,19
2024-04-22 19:09:00,830,41.2442,41.2445,41.245,41.245,41.24,15
2024-04-22 19:10:00,535,41.2443,41.245,41.245,41.245,41.245,10
2024-04-22 19:11:00,10178,41.2336,41.245,41.225,41.245,41.21,92
2024-04-22 19:12:00,1078,41.2295,41.225,41.23,41.23,41.225,17
2024-04-22 19:14:00,2001,41.2451,41.24,41.245,41.25,41.24,28
2024-04-22 19:15:00,4315,41.24,41.245,41.24,41.245,41.235,43
2024-04-22 19:16:00,3832,41.2431,41.2461,41.25,41.25,41.235,38
2024-04-22 19:17:00,5571,41.2349,41.245,41.23,41.245,41.23,84
2024-04-22 19:18:00,4362,41.2196,41.23,41.205,41.23,41.205,46
2024-04-22 19:19:00,5060,41.1972,41.2,41.185,41.205,41.18,83
2024-04-22 19:20:00,8505,41.18,41.18,41.185,41.185,41.1797,20
2024-04-22 19:21:00,4277,41.1859,41.19,41.19,41.19,41.18,45
2024-04-22 19:22:00,1290,41.1854,41.19,41.185,41.19,41.18,9
2024-04-22 19:23:00,909,41.1847,41.185,41.185,41.185,41.185,19
2024-04-22 19:24:00,1731,41.185,41.185,41.185,41.185,41.185,15
2024-04-22 19:25:00,3993,41.1772,41.1842,41.175,41.185,41.17,54
2024-04-22 19:26:00,7771,41.1805,41.18,41.18,41.185,41.175,47
2024-04-22 19:27:00,1485,41.1792,41.175,41.185,41.185,41.175,25
2024-04-22 19:28:00,1744,41.1858,41.185,41.185,41.1899,41.185,11
2024-04-22 19:29:00,4583,41.1822,41.185,41.175,41.19,41.175,48
2024-04-22 19:30:00,3236,41.1663,41.17,41.165,41.175,41.16,38
2024-04-22 19:31:00,3540,41.1742,41.165,41.195,41.195,41.165,40
2024-04-22 19:32:00,653,41.1942,41.195,41.195,41.195,41.195,12
2024-04-22 19:33:00,6371,41.1829,41.19,41.17,41.19,41.17,53
2024-04-22 19:34:00,6390,41.1626,41.17,41.16,41.17,41.155,56
2024-04-22 19:35:00,5738,41.148,41.165,41.135,41.165,41.135,56
2024-04-22 19:36:00,2854,41.1514,41.15,41.155,41.1554,41.15,32
2024-04-22 19:37:00,2204,41.1588,41.155,41.165,41.165,41.155,26
2024-04-22 19:38:00,12362,41.1693,41.165,41.16,41.18,41.16,101
2024-04-22 19:39:00,3134,41.1316,41.14,41.125,41.14,41.125,29
2024-04-22 19:40:00,405,41.1251,41.125,41.125,41.125,41.125,10
2024-04-22 19:41:00,13488,41.1268,41.125,41.125,41.13,41.12,94
2024-04-22 19:42:00,1427,41.1357,41.1351,41.14,41.14,41.135,16
2024-04-22 19:43:00,6775,41.1661,41.14,41.175,41.18,41.14,68
2024-04-22 19:44:00,4950,41.1725,41.175,41.174,41.18,41.17,58
2024-04-22 19:45:00,4965,41.1754,41.17,41.185,41.1878,41.165,57
2024-04-22 19:46:00,7746,41.1938,41.19,41.205,41.205,41.1845,115
2024-04-22 19:47:00,19042,41.1898,41.205,41.19,41.21,41.18,142
2024-04-22 19:48:00,13848,41.1754,41.185,41.165,41.195,41.155,91
2024-04-22 19:49:00,7556,41.1748,41.17,41.185,41.185,41.17,66
2024-04-22 19:50:00,21407,41.1523,41.185,41.125,41.185,41.12,104
2024-04-22 19:51:00,10153,41.1472,41.125,41.165,41.165,41.125,91
2024-04-22 19:52:00,5778,41.1685,41.165,41.175,41.18,41.165,65
2024-04-22 19:53:00,13992,41.1635,41.175,41.155,41.175,41.155,123
2024-04-22 19:54:00,17021,41.1626,41.155,41.18,41.18,41.155,133
2024-04-22 19:55:00,20645,41.1758,41.1796,41.165,41.1869,41.16,127
2024-04-22 19:56:00,19686,41.1604,41.165,41.155,41.17,41.155,129
2024-04-22 19:57:00,11654,41.1625,41.155,41.165,41.17,41.155,109
2024-04-22 19:58:00,17609,41.1583,41.17,41.155,41.17,41.15,139
2024-04-22 19:59:00,154746,41.1854,41.155,41.19,41.23,41.135,898
2024-04-22 20:07:00,4299,41.19,41.19,41.19,41.19,41.19,1
2024-04-22 20:14:00,301,41.3157,41.31,41.31,41.31,41.31,5
2024-04-23 12:00:00,364,41.4386,41.4,41.4,41.4,41.4,7
2024-04-23 12:21:00,239,41.8754,41.8754,41.8754,41.8754,41.8754,1
2024-04-23 12:30:00,120,41.85,41.85,41.85,41.85,41.85,1
2024-04-23 13:30:00,14430,41.3046,41.3,41.3,41.39,41.3,53
2024-04-23 13:31:00,2557,41.3172,41.3116,41.31,41.33,41.31,19
2024-04-23 13:32:00,3180,41.22,41.275,41.2381,41.275,41.2111,18
2024-04-23 13:33:00,2560,41.2604,41.245,41.2799,41.2799,41.24,10
2024-04-23 13:34:00,2654,41.2496,41.23,41.24,41.2737,41.23,14
2024-04-23 13:35:00,5523,41.2009,41.23,41.22,41.23,41.1816,44
2024-04-23 13:36:00,1380,41.2489,41.23,41.255,41.26,41.23,20
2024-04-23 13:37:00,1431,41.2579,41.26,41.24,41.265,41.24,16
2024-04-23 13:38:00,2859,41.2446,41.26,41.23,41.26,41.23,16
2024-04-23 13:39:00,1911,41.2381,41.23,41.2498,41.25,41.22,21
2024-04-23 13:40:00,2658,41.2504,41.26,41.245,41.26,41.245,15
2024-04-23 13:41:00,3558,41.2652,41.255,41.265,41.27,41.255,30
2024-04-23 13:42:00,2227,41.2573,41.265,41.26,41.265,41.25,16
2024-04-23 13:43:00,4054,41.2326,41.255,41.23,41.255,41.22,32
2024-04-23 13:44:00,1121,41.2431,41.23,41.25,41.2599,41.23,12
2024-04-23 13:45:00,2847,41.2478,41.25,41.26,41.26,41.23,23
2024-04-23 13:46:00,3802,41.2219,41.23,41.21,41.23,41.21,25
2024-04-23 13:47:00,18821,41.2016,41.21,41.215,41.225,41.18,128
2024-04-23 13:48:00,26357,41.2615,41.23,41.3,41.3,41.215,157
2024-04-23 13:49:00,3371,41.3143,41.3,41.33,41.33,41.295,26
2024-04-23 13:50:00,3261,41.3268,41.335,41.33,41.335,41.31,34
2024-04-23 13:51:00,12733,41.3125,41.32,41.325,41.33,41.29,91
2024-04-23 13:52:00,1716,41.3388,41.33,41.36,41.36,41.33,22
2024-04-23 13:53:00,2052,41.3619,41.365,41.36,41.365,41.36,19
2024-04-23 13:54:00,6264,41.3599,41.3598,41.36,41.36,41.3598,34
2024-04-23 13:55:00,5018,41.3615,41.3634,41.3589,41.365,41.3589,18
2024-04-23 13:56:00,8389,41.378,41.36,41.395,41.4,41.36,35
2024-04-23 13:57:00,3413,41.3969,41.395,41.39,41.4,41.39,21
2024-04-23 13:58:00,17983,41.3984,41.39,41.4,41.42,41.39,41
2024-04-23 13:59:00,1662,41.4,41.405,41.395,41.405,41.395,10
2024-04-23 14:00:00,7882,41.388,41.395,41.395,41.4,41.37,79
2024-04-23 14:01:00,2356,41.3879,41.395,41.395,41.395,41.3799,21
2024-04-23 14:02:00,7049,41.4101,41.395,41.425,41.425,41.395,42
2024-04-23 14:03:00,3717,41.4228,41.425,41.405,41.43,41.405,25
2024-04-23 14:04:00,7456,41.4304,41.41,41.435,41.44,41.41,57
2024-04-23 14:05:00,15806,41.4353,41.43,41.455,41.46,41.425,63
2024-04-23 14:06:00,1943,41.4461,41.45,41.445,41.45,41.44,25
2024-04-23 14:07:00,4954,41.4363,41.4325,41.43,41.45,41.42,74
2024-04-23 14:08:00,2724,41.4475,41.445,41.45,41.45,41.445,24
2024-04-23 14:09:00,124,41.457,41.4566,41.4566,41.4566,41.4566,4
2024-04-23 14:10:00,4010,41.4621,41.46,41.4625,41.47,41.4507,38
2024-04-23 14:11:00,3259,41.4697,41.47,41.46,41.48,41.45,34
2024-04-23 14:12:00,665,41.4593,41.46,41.46,41.46,41.46,9
2024-04-23 14:13:00,5384,41.4607,41.45,41.47,41.47,41.45,54
2024-04-23 14:14:00,2014,41.468,41.46,41.47,41.475,41.46,13
2024-04-23 14:15:00,2445,41.4706,41.46,41.48,41.48,41.46,26
2024-04-23 14:16:00,8401,41.5036,41.48,41.51,41.515,41.48,53
2024-04-23 14:17:00,3049,41.4915,41.51,41.485,41.51,41.48,18
2024-04-23 14:18:00,2381,41.4873,41.485,41.485,41.49,41.485,17
2024-04-23 14:19:00,232,41.4838,41.485,41.485,41.485,41.485,5
2024-04-23 14:20:00,52045,41.4808,41.49,41.515,41.52,41.45,266
2024-04-23 14:21:00,5282,41.5044,41.515,41.474,41.515,41.474,34
2024-04-23 14:22:00,3381,41.4905,41.48,41.475,41.4952,41.475,18
2024-04-23 14:23:00,600,41.4783,41.48,41.48,41.48,41.475,6
2024-04-23 14:24:00,2704,41.4891,41.48,41.505,41.505,41.48,32
2024-04-23 14:25:00,2906,41.5121,41.51,41.49,41.52,41.49,31
2024-04-23 14:26:00,764,41.4803,41.48,41.48,41.48,41.48,13
2024-04-23 14:27:00,1997,41.4856,41.48,41.49,41.495,41.48,15
2024-04-23 14:28:00,2803,41.5036,41.5,41.505,41.51,41.5,24
2024-04-23 14:29:00,6353,41.4843,41.505,41.48,41.505,41.47,54
2024-04-23 14:30:00,2435,41.491,41.49,41.47,41.5,41.47,32
2024-04-23 14:31:00,2833,41.4761,41.47,41.49,41.49,41.47,26
2024-04-23 14:32:00,3713,41.4823,41.48,41.475,41.49,41.47,31
2024-04-23 14:33:00,3927,41.4633,41.475,41.445,41.475,41.445,32
2024-04-23 14:34:00,3973,41.4443,41.45,41.44,41.45,41.44,22
2024-04-23 14:35:00,2420,41.4155,41.415,41.415,41.425,41.41,24
2024-04-23 14:36:00,3244,41.4179,41.415,41.415,41.42,41.415,12
2024-04-23 14:37:00,3527,41.4136,41.415,41.4067,41.42,41.4067,49
2024-04-23 14:38:00,3548,41.4064,41.4093,41.42,41.42,41.4,32
2024-04-23 14:39:00,7237,41.4353,41.42,41.45,41.45,41.42,26
2024-04-23 14:40:00,1151,41.4664,41.4648,41.47,41.47,41.46,10
2024-04-23 14:41:00,3158,41.4723,41.475,41.46,41.4801,41.46,39
2024-04-23 14:42:00,4934,41.4588,41.46,41.4499,41.465,41.435,24
2024-04-23 14:43:00,1728,41.4643,41.455,41.47,41.47,41.455,11
2024-04-23 14:44:00,1754,41.4713,41.48,41.47,41.48,41.47,19
2024-04-23 14:45:00,3003,41.4499,41.47,41.434,41.47,41.434,36
2024-04-23 14:46:00,9306,41.4476,41.44,41.43,41.465,41.42,77
2024-04-23 14:47:00,582,41.4218,41.42,41.42,41.42,41.42,9
2024-04-23 14:48:00,2646,41.438,41.42,41.4407,41.45,41.42,29
2024-04-23 14:49:00,1912,41.4553,41.4411,41.455,41.46,41.4411,16
2024-04-23 14:50:00,1328,41.4586,41.459,41.455,41.459,41.455,5
2024-04-23 14:51:00,4718,41.4598,41.46,41.46,41.4664,41.455,45
2024-04-23 14:52:00,241,41.4585,41.46,41.46,41.46,41.46,7
2024-04-23 14:53:00,1548,41.4596,41.455,41.46,41.46,41.455,18
2024-04-23 14:54:00,5090,41.4595,41.46,41.46,41.46,41.45,50
2024-04-23 14:55:00,1015,41.449,41.45,41.44,41.45,41.44,8
2024-04-23 14:56:00,3747,41.4483,41.445,41.4382,41.455,41.4382,43
2024-04-23 14:57:00,1447,41.4455,41.45,41.444,41.45,41.444,12
2024-04-23 14:58:00,2336,41.441,41.445,41.435,41.45,41.435,25
2024-04-23 14:59:00,1306,41.4344,41.43,41.4399,41.4399,41.43,12
2024-04-23 15:00:00,719,41.432,41.435,41.435,41.435,41.43,14
2024-04-23 15:01:00,5788,41.4265,41.435,41.425,41.435,41.415,53
2024-04-23 15:02:00,2575,41.436,41.435,41.425,41.44,41.425,15
2024-04-23 15:03:00,2983,41.437,41.43,41.445,41.445,41.43,33
2024-04-23 15:04:00,4216,41.4419,41.44,41.45,41.45,41.43,37
2024-04-23 15:05:00,3080,41.4573,41.455,41.46,41.46,41.45,32
2024-04-23 15:06:00,2953,41.4673,41.465,41.4611,41.47,41.46,37
2024-04-23 15:07:00,3444,41.4683,41.465,41.47,41.47,41.465,21
2024-04-23 15:08:00,2024,41.4766,41.47,41.475,41.48,41.47,17
2024-04-23 15:09:00,2347,41.4682,41.4728,41.45,41.4785,41.45,24
2024-04-23 15:10:00,400,41.45,41.45,41.45,41.45,41.45,4
2024-04-23 15:11:00,3176,41.4669,41.46,41.475,41.475,41.45,28
2024-04-23 15:12:00,2343,41.474,41.47,41.4709,41.48,41.47,15
2024-04-23 15:13:00,4665,41.4885,41.48,41.505,41.51,41.48,35
2024-04-23 15:14:00,9484,41.5005,41.51,41.5,41.51,41.493,26
2024-04-23 15:15:00,3087,41.4911,41.492,41.5,41.5,41.485,30
2024-04-23 15:16:00,1437,41.5041,41.495,41.51,41.51,41.495,19
2024-04-23 15:17:00,3691,41.5283,41.52,41.545,41.545,41.52,18
2024-04-23 15:18:00,6339,41.5522,41.545,41.57,41.57,41.545,59
2024-04-23 15:19:00,4182,41.5821,41.58,41.585,41.59,41.58,40
2024-04-23 15:20:00,43973,41.5878,41.58,41.58,41.6,41.56,110
2024-04-23 15:21:00,666,41.573,41.57,41.58,41.58,41.57,7
2024-04-23 15:22:00,3613,41.5891,41.58,41.6,41.6,41.58,43
2024-04-23 15:23:00,3301,41.5927,41.61,41.6,41.61,41.58,37
2024-04-23 15:24:00,1138,41.6,41.6,41.6,41.6,41.6,12
2024-04-23 15:25:00,2238,41.5913,41.59,41.595,41.6,41.59,20
2024-04-23 15:26:00,3657,41.6032,41.6,41.6,41.61,41.6,33
2024-04-23 15:27:00,3703,41.6164,41.605,41.6301,41.64,41.6,32
2024-04-23 15:28:00,2662,41.6383,41.635,41.635,41.64,41.635,23
2024-04-23 15:29:00,6195,41.6328,41.635,41.63,41.64,41.625,52
2024-04-23 15:30:00,491,41.6246,41.625,41.625,41.625,41.625,11
2024-04-23 15:31:00,2236,41.6147,41.625,41.61,41.625,41.61,30
2024-04-23 15:32:00,1540,41.5952,41.6,41.59,41.6,41.59,17
2024-04-23 15:33:00,3977,41.5967,41.6,41.59,41.6,41.59,37
2024-04-23 15:34:00,532,41.5977,41.6,41.6,41.6,41.6,10
2024-04-23 15:35:00,2273,41.6217,41.6,41.64,41.64,41.6,25
2024-04-23 15:36:00,1234,41.658,41.65,41.665,41.665,41.65,15
2024-04-23 15:37:00,5603,41.6618,41.67,41.66,41.67,41.66,66
2024-04-23 15:38:00,2677,41.6491,41.65,41.6407,41.655,41.6407,27
2024-04-23 15:39:00,269,41.6466,41.65,41.645,41.65,41.645,6
2024-04-23 15:40:00,4592,41.6321,41.645,41.6299,41.65,41.62,32
2024-04-23 15:41:00,4249,41.6297,41.63,41.63,41.64,41.62,50
2024-04-23 15:42:00,2238,41.6281,41.63,41.64,41.64,41.62,23
2024-04-23 15:43:00,3080,41.6663,41.64,41.69,41.69,41.64,46
2024-04-23 15:44:00,4009,41.6787,41.69,41.67,41.69,41.66,40
2024-04-23 15:45:00,1373,41.6669,41.6699,41.66,41.6699,41.66,6
2024-04-23 15:46:00,8182,41.675,41.6648,41.7,41.7,41.66,55
2024-04-23 15:47:00,3589,41.6712,41.695,41.65,41.695,41.65,33
2024-04-23 15:48:00,1981,41.6459,41.655,41.64,41.655,41.64,25
2024-04-23 15:49:00,12262,41.6484,41.63,41.665,41.665,41.63,54
2024-04-23 15:50:00,1495,41.6665,41.66,41.67,41.67,41.66,19
2024-04-23 15:51:00,501,41.665,41.665,41.665,41.665,41.665,2
2024-04-23 15:52:00,4580,41.6689,41.665,41.68,41.68,41.66,48
2024-04-23 15:53:00,2237,41.6693,41.67,41.67,41.67,41.665,20
2024-04-23 15:54:00,2766,41.6626,41.6608,41.67,41.67,41.66,16
2024-04-23 15:55:00,2549,41.6714,41.665,41.68,41.68,41.665,23
2024-04-23 15:56:00,14203,41.662,41.68,41.645,41.68,41.63,41
2024-04-23 15:57:00,9668,41.6476,41.6397,41.65,41.66,41.6397,45
2024-04-23 15:58:00,2156,41.6533,41.6471,41.64,41.66,41.64,26
2024-04-23 15:59:00,5365,41.6399,41.64,41.6379,41.65,41.635,27
2024-04-23 16:00:00,274,41.64,41.64,41.64,41.64,41.64,6
2024-04-23 16:01:00,2845,41.6447,41.635,41.65,41.66,41.635,24
2024-04-23 16:02:00,2854,41.6557,41.655,41.65,41.66,41.65,26
2024-04-23 16:03:00,1105,41.6437,41.645,41.65,41.65,41.64,11
2024-04-23 16:04:00,3219,41.6364,41.64,41.645,41.645,41.63,36
2024-04-23 16:05:00,613,41.6458,41.645,41.64,41.65,41.64,13
2024-04-23 16:06:00,3480,41.6452,41.64,41.6599,41.6599,41.63,22
2024-04-23 16:07:00,1724,41.6727,41.66,41.69,41.69,41.66,24
2024-04-23 16:08:00,6578,41.6802,41.6801,41.6801,41.6801,41.6801,8
2024-04-23 16:09:00,2632,41.689,41.685,41.69,41.69,41.685,28
2024-04-23 16:10:00,1660,41.68,41.68,41.68,41.6801,41.68,11
2024-04-23 16:11:00,1976,41.6797,41.68,41.68,41.685,41.67,31
2024-04-23 16:12:00,609,41.6732,41.67,41.6747,41.6747,41.67,4
2024-04-23 16:13:00,5344,41.6694,41.675,41.6608,41.68,41.6608,56
2024-04-23 16:14:00,1010,41.6669,41.665,41.67,41.67,41.665,6
2024-04-23 16:15:00,1239,41.6709,41.67,41.675,41.675,41.67,13
2024-04-23 16:16:00,1985,41.6889,41.68,41.69,41.695,41.68,21
2024-04-23 16:17:00,5284,41.6668,41.68,41.66,41.68,41.66,40
2024-04-23 16:18:00,2097,41.6509,41.65,41.65,41.66,41.65,17
2024-04-23 16:19:00,1476,41.663,41.66,41.66,41.67,41.66,15
2024-04-23 16:20:00,303,41.6626,41.6677,41.66,41.6677,41.66,5
2024-04-23 16:21:00,767,41.6729,41.67,41.6799,41.6799,41.67,10
2024-04-23 16:22:00,4915,41.6793,41.675,41.68,41.69,41.675,17
2024-04-23 16:23:00,3501,41.6765,41.685,41.66,41.685,41.66,25
2024-04-23 16:24:00,8903,41.6771,41.665,41.68,41.69,41.66,76
2024-04-23 16:25:00,278,41.6799,41.68,41.68,41.68,41.68,11
2024-04-23 16:26:00,864,41.6832,41.68,41.69,41.69,41.68,10
2024-04-23 16:27:00,1660,41.6804,41.68,41.68,41.685,41.68,14
2024-04-23 16:28:00,280,41.6755,41.675,41.675,41.675,41.675,4
2024-04-23 16:29:00,2287,41.6704,41.675,41.67,41.675,41.67,25
2024-04-23 16:30:00,5510,41.6704,41.67,41.67,41.68,41.6699,23
2024-04-23 16:31:00,1904,41.6794,41.675,41.68,41.68,41.675,15
2024-04-23 16:32:00,1035,41.69,41.69,41.69,41.69,41.69,5
2024-04-23 16:33:00,5699,41.6924,41.7,41.6901,41.7,41.69,30
2024-04-23 16:34:00,3386,41.6949,41.695,41.7,41.7,41.69,12
2024-04-23 16:35:00,3790,41.7022,41.7,41.71,41.71,41.7,33
2024-04-23 16:36:00,5516,41.7128,41.71,41.71,41.72,41.71,26
2024-04-23 16:37:00,1897,41.7237,41.715,41.73,41.73,41.715,31
2024-04-23 16:38:00,717,41.7365,41.74,41.74,41.74,41.735,14
2024-04-23 16:39:00,350,41.7397,41.74,41.74,41.74,41.74,6
2024-04-23 16:40:00,3669,41.7325,41.735,41.7301,41.74,41.73,23
2024-04-23 16:41:00,10605,41.7379,41.74,41.73,41.74,41.73,33
2024-04-23 16:42:00,1029,41.7313,41.73,41.7308,41.7354,41.73,6
2024-04-23 16:43:00,4248,41.7351,41.7301,41.735,41.74,41.73,14
2024-04-23 16:44:00,5401,41.718,41.7314,41.7,41.7314,41.7,33
2024-04-23 16:45:00,3300,41.7105,41.71,41.715,41.715,41.71,24
2024-04-23 16:46:00,2003,41.7115,41.71,41.72,41.72,41.7097,19
2024-04-23 16:47:00,1903,41.7279,41.7153,41.74,41.74,41.7153,21
2024-04-23 16:48:00,139,41.74,41.74,41.74,41.74,41.74,3
2024-04-23 16:49:00,212,41.7436,41.7472,41.7472,41.7472,41.7472,7
2024-04-23 16:50:00,3751,41.7466,41.74,41.76,41.76,41.74,40
2024-04-23 16:51:00,3184,41.7523,41.76,41.75,41.76,41.75,21
2024-04-23 16:52:00,3428,41.7425,41.75,41.74,41.75,41.74,8
2024-04-23 16:53:00,3967,41.7643,41.745,41.7699,41.7699,41.745,22
2024-04-23 16:54:00,3132,41.7572,41.765,41.741,41.77,41.741,35
2024-04-23 16:55:00,4618,41.7618,41.745,41.7799,41.7799,41.745,34
2024-04-23 16:56:00,6103,41.784,41.79,41.7777,41.79,41.7777,32
2024-04-23 16:57:00,1004,41.77,41.77,41.77,41.77,41.77,13
2024-04-23 16:58:00,3450,41.7653,41.77,41.76,41.78,41.76,38
2024-04-23 16:59:00,911,41.7561,41.7599,41.75,41.76,41.75,11
2024-04-23 17:00:00,352,41.7575,41.755,41.76,41.76,41.755,12
2024-04-23 17:01:00,982,41.7557,41.755,41.755,41.76,41.755,13
2024-04-23 17:02:00,6895,41.7629,41.76,41.75,41.78,41.75,64
2024-04-23 17:03:00,100,41.7412,41.7412,41.7412,41.7412,41.7412,1
2024-04-23 17:04:00,2618,41.737,41.745,41.735,41.745,41.73,28
2024-04-23 17:05:00,1235,41.7471,41.745,41.75,41.75,41.745,8
2024-04-23 17:06:00,1088,41.7513,41.75,41.76,41.76,41.75,16
2024-04-23 17:07:00,25248,41.7773,41.765,41.76,41.78,41.76,36
2024-04-23 17:08:00,355,41.7615,41.765,41.76,41.765,41.76,6
2024-04-23 17:09:00,3753,41.7585,41.765,41.74,41.77,41.74,42
2024-04-23 17:10:00,2285,41.7386,41.74,41.74,41.74,41.73,24
2024-04-23 17:11:00,3804,41.7226,41.73,41.73,41.73,41.71,36
2024-04-23 17:12:00,2668,41.7313,41.73,41.72,41.74,41.72,42
2024-04-23 17:13:00,2785,41.7028,41.71,41.695,41.715,41.69,31
2024-04-23 17:14:00,6604,41.6804,41.69,41.67,41.69,41.67,53
2024-04-23 17:15:00,5018,41.682,41.675,41.69,41.7,41.67,41
2024-04-23 17:16:00,2647,41.7131,41.699,41.72,41.72,41.699,29
2024-04-23 17:17:00,1102,41.7227,41.72,41.72,41.73,41.72,21
2024-04-23 17:18:00,1690,41.7155,41.715,41.715,41.72,41.715,7
2024-04-23 17:19:00,1881,41.7176,41.715,41.72,41.72,41.715,14
2024-04-23 17:20:00,4352,41.7144,41.72,41.695,41.7351,41.69,46
2024-04-23 17:21:00,902,41.7015,41.69,41.71,41.71,41.69,17
2024-04-23 17:22:00,2236,41.7063,41.705,41.705,41.71,41.705,23
2024-04-23 17:24:00,2729,41.7041,41.705,41.7,41.71,41.7,12
2024-04-23 17:25:00,2547,41.7066,41.705,41.705,41.71,41.7,24
2024-04-23 17:26:00,7365,41.7017,41.705,41.69,41.715,41.69,64
2024-04-23 17:27:00,4477,41.6865,41.6898,41.685,41.69,41.68,29
2024-04-23 17:28:00,2975,41.6805,41.68,41.685,41.685,41.675,31
2024-04-23 17:29:00,3426,41.685,41.685,41.68,41.69,41.68,35
2024-04-23 17:30:00,7454,41.6812,41.68,41.68,41.69,41.68,38
2024-04-23 17:31:00,792,41.6837,41.68,41.685,41.685,41.68,7
2024-04-23 17:32:00,1147,41.6867,41.685,41.68,41.69,41.68,11
2024-04-23 17:33:00,3145,41.6776,41.68,41.675,41.68,41.67,39
2024-04-23 17:34:00,413,41.6712,41.67,41.675,41.675,41.67,8
2024-04-23 17:35:00,2842,41.6656,41.67,41.665,41.67,41.66,27
2024-04-23 17:36:00,3108,41.6661,41.665,41.665,41.67,41.66,30
2024-04-23 17:37:00,3093,41.6612,41.66,41.665,41.6699,41.66,41
2024-04-23 17:38:00,1686,41.6567,41.665,41.655,41.665,41.65,26
2024-04-23 17:39:00,5585,41.6694,41.66,41.685,41.69,41.66,58
2024-04-23 17:40:00,4173,41.678,41.69,41.665,41.69,41.665,43
2024-04-23 17:41:00,1112,41.6593,41.66,41.655,41.66,41.655,19
2024-04-23 17:43:00,6070,41.6705,41.655,41.685,41.69,41.655,70
2024-04-23 17:44:00,9343,41.6877,41.685,41.685,41.695,41.68,44
2024-04-23 17:45:00,1107,41.6831,41.6866,41.68,41.6866,41.68,16
2024-04-23 17:46:00,6205,41.6909,41.675,41.69,41.7,41.675,56
2024-04-23 17:47:00,1203,41.6889,41.69,41.68,41.69,41.68,25
2024-04-23 17:49:00,3433,41.6926,41.685,41.69,41.7,41.685,42
2024-04-23 17:50:00,122,41.6911,41.69,41.69,41.69,41.69,6
2024-04-23 17:51:00,2043,41.6965,41.695,41.7,41.7,41.695,30
2024-04-23 17:52:00,4803,41.7051,41.7,41.71,41.71,41.695,54
2024-04-23 17:53:00,100,41.71,41.71,41.71,41.71,41.71,1
2024-04-23 17:54:00,1988,41.704,41.71,41.7,41.71,41.7,29
2024-04-23 17:55:00,110,41.6954,41.695,41.695,41.695,41.695,2
2024-04-23 17:56:00,621,41.6975,41.695,41.7,41.7,41.695,9
2024-04-23 17:57:00,261,41.6954,41.6988,41.6988,41.6988,41.6988,6
2024-04-23 17:58:00,1118,41.6971,41.695,41.69,41.7,41.69,16
2024-04-23 17:59:00,753,41.6966,41.69,41.7,41.7,41.69,16
2024-04-23 18:00:00,2017,41.6956,41.7,41.7,41.7,41.69,26
2024-04-23 18:01:00,5494,41.6915,41.695,41.67,41.7,41.67,54
2024-04-23 18:02:00,5681,41.6865,41.6734,41.6998,41.7,41.67,46
2024-04-23 18:03:00,3239,41.702,41.7,41.7098,41.71,41.7,19
2024-04-23 18:04:00,1169,41.7012,41.705,41.7,41.705,41.7,15
2024-04-23 18:05:00,1025,41.697,41.7,41.695,41.7,41.695,14
2024-04-23 18:06:00,814,41.6953,41.695,41.691,41.7,41.691,8
2024-04-23 18:07:00,3706,41.6925,41.6973,41.68,41.7,41.68,41
2024-04-23 18:08:00,2816,41.6803,41.6801,41.685,41.685,41.68,10
2024-04-23 18:09:00,4449,41.6796,41.68,41.68,41.68,41.675,21
2024-04-23 18:10:00,1116,41.673,41.675,41.67,41.675,41.67,5
2024-04-23 18:11:00,5339,41.6835,41.675,41.7,41.7,41.675,54
2024-04-23 18:12:00,4258,41.7098,41.71,41.7,41.72,41.7,40
2024-04-23 18:13:00,250,41.6908,41.69,41.69,41.69,41.69,2
2024-04-23 18:14:00,840,41.6981,41.695,41.7,41.7,41.695,17
2024-04-23 18:15:00,101,41.699,41.699,41.699,41.699,41.699,2
2024-04-23 18:16:00,349,41.6958,41.695,41.695,41.7,41.695,7
2024-04-23 18:17:00,454,41.6906,41.69,41.69,41.69,41.69,7
2024-04-23 18:18:00,4454,41.6855,41.69,41.675,41.69,41.675,41
2024-04-23 18:19:00,3506,41.6822,41.68,41.6893,41.6893,41.675,26
2024-04-23 18:20:00,2166,41.6887,41.685,41.685,41.69,41.685,33
2024-04-23 18:21:00,2429,41.6866,41.68,41.685,41.69,41.68,21
2024-04-23 18:22:00,203,41.685,41.685,41.685,41.685,41.685,4
2024-04-23 18:23:00,1567,41.6852,41.685,41.68,41.69,41.68,14
2024-04-23 18:24:00,3123,41.6743,41.68,41.67,41.68,41.665,42
2024-04-23 18:25:00,737,41.6541,41.66,41.65,41.66,41.65,12
2024-04-23 18:26:00,794,41.6558,41.66,41.655,41.66,41.655,12
2024-04-23 18:27:00,101,41.655,41.655,41.655,41.655,41.655,2
2024-04-23 18:28:00,3647,41.6553,41.655,41.6525,41.66,41.65,20
2024-04-23 18:29:00,6150,41.6665,41.66,41.68,41.68,41.66,35
2024-04-23 18:30:00,3450,41.6723,41.675,41.67,41.68,41.67,25
2024-04-23 18:31:00,1165,41.6692,41.6699,41.665,41.6699,41.665,4
2024-04-23 18:32:00,2860,41.6587,41.66,41.6577,41.66,41.655,37
2024-04-23 18:33:00,4215,41.6598,41.6599,41.66,41.665,41.655,52
2024-04-23 18:34:00,1245,41.6596,41.66,41.66,41.66,41.66,20
2024-04-23 18:35:00,1175,41.6576,41.655,41.655,41.66,41.6513,24
2024-04-23 18:36:00,4812,41.6548,41.655,41.66,41.66,41.653,23
2024-04-23 18:37:00,3068,41.6494,41.655,41.645,41.655,41.64,29
2024-04-23 18:38:00,2816,41.6479,41.64,41.65,41.65,41.64,12
2024-04-23 18:39:00,167,41.646,41.645,41.645,41.645,41.645,5
2024-04-23 18:40:00,1229,41.6454,41.645,41.645,41.65,41.64,12
2024-04-23 18:41:00,580,41.6491,41.65,41.65,41.65,41.645,7
2024-04-23 18:42:00,3987,41.6555,41.645,41.67,41.67,41.645,39
2024-04-23 18:43:00,3946,41.6731,41.67,41.69,41.69,41.67,30
2024-04-23 18:44:00,5110,41.6802,41.69,41.675,41.69,41.675,33
2024-04-23 18:45:00,930,41.6697,41.67,41.67,41.67,41.67,16
2024-04-23 18:46:00,1720,41.6572,41.665,41.645,41.665,41.645,22
2024-04-23 18:47:00,2576,41.6531,41.65,41.66,41.66,41.65,19
2024-04-23 18:48:00,901,41.6567,41.655,41.655,41.655,41.65,17
2024-04-23 18:49:00,6052,41.6522,41.655,41.64,41.66,41.64,45
2024-04-23 18:50:00,604,41.6383,41.64,41.635,41.64,41.635,6
2024-04-23 18:51:00,1388,41.6355,41.635,41.6343,41.64,41.63,11
2024-04-23 18:52:00,1546,41.6396,41.64,41.64,41.64,41.635,19
2024-04-23 18:53:00,4024,41.6257,41.635,41.625,41.635,41.62,35
2024-04-23 18:54:00,8400,41.6474,41.625,41.665,41.665,41.625,71
2024-04-23 18:55:00,3511,41.6704,41.665,41.68,41.68,41.665,18
2024-04-23 18:56:00,2396,41.6775,41.68,41.675,41.68,41.67,17
2024-04-23 18:57:00,1544,41.6736,41.67,41.67,41.68,41.67,24
2024-04-23 18:58:00,3439,41.6696,41.67,41.67,41.675,41.665,38
2024-04-23 18:59:00,2597,41.6823,41.68,41.6884,41.69,41.68,30
2024-04-23 19:00:00,1132,41.6869,41.69,41.69,41.69,41.68,9
2024-04-23 19:01:00,2787,41.6982,41.69,41.7,41.7,41.69,38
2024-04-23 19:02:00,2656,41.7031,41.695,41.71,41.71,41.695,27
2024-04-23 19:03:00,2131,41.7139,41.705,41.715,41.72,41.705,27
2024-04-23 19:04:00,16745,41.7192,41.71,41.735,41.74,41.71,57
2024-04-23 19:05:00,6231,41.736,41.74,41.725,41.745,41.725,52
2024-04-23 19:06:00,3129,41.7405,41.73,41.75,41.75,41.73,26
2024-04-23 19:07:00,1445,41.7516,41.745,41.755,41.7599,41.745,14
2024-04-23 19:08:00,1990,41.7588,41.7501,41.76,41.76,41.7501,18
2024-04-23 19:09:00,2508,41.7579,41.76,41.75,41.76,41.75,25
2024-04-23 19:10:00,1573,41.767,41.76,41.77,41.77,41.76,20
2024-04-23 19:11:00,12258,41.7514,41.7658,41.745,41.7658,41.73,128
2024-04-23 19:12:00,1555,41.7506,41.75,41.7508,41.755,41.75,11
2024-04-23 19:13:00,3066,41.7438,41.755,41.74,41.755,41.74,24
2024-04-23 19:15:00,7606,41.7194,41.73,41.72,41.735,41.71,55
2024-04-23 19:16:00,2322,41.7227,41.715,41.73,41.73,41.71,13
2024-04-23 19:17:00,489,41.726,41.73,41.725,41.73,41.725,4
2024-04-23 19:18:00,7873,41.7183,41.72,41.725,41.73,41.71,48
2024-04-23 19:19:00,1330,41.7292,41.725,41.73,41.73,41.725,22
2024-04-23 19:20:00,3662,41.7166,41.72,41.7076,41.72,41.7,27
2024-04-23 19:21:00,667,41.7014,41.705,41.7,41.705,41.7,10
2024-04-23 19:22:00,1816,41.7008,41.7,41.7,41.705,41.7,14
2024-04-23 19:23:00,4286,41.7128,41.71,41.715,41.72,41.71,40
2024-04-23 19:24:00,5005,41.7109,41.71,41.71,41.72,41.71,38
2024-04-23 19:25:00,408,41.715,41.715,41.715,41.715,41.715,3
2024-04-23 19:26:00,25547,41.7193,41.71,41.69,41.73,41.69,135
2024-04-23 19:27:00,2191,41.7017,41.7,41.705,41.705,41.7,11
2024-04-23 19:28:00,2379,41.6977,41.7,41.7,41.7,41.695,20
2024-04-23 19:29:00,4841,41.6891,41.695,41.685,41.695,41.68,38
2024-04-23 19:30:00,2699,41.6793,41.685,41.675,41.685,41.67,32
2024-04-23 19:31:00,8265,41.6587,41.671,41.655,41.671,41.645,74
2024-04-23 19:32:00,2152,41.6447,41.65,41.64,41.65,41.64,29
2024-04-23 19:33:00,2780,41.6315,41.635,41.635,41.64,41.63,32
2024-04-23 19:34:00,1736,41.6343,41.63,41.635,41.64,41.63,16
2024-04-23 19:35:00,8693,41.6287,41.63,41.62,41.635,41.62,54
2024-04-23 19:36:00,1386,41.622,41.625,41.62,41.625,41.62,16
2024-04-23 19:37:00,7953,41.6199,41.625,41.61,41.63,41.61,59
2024-04-23 19:38:00,17565,41.6062,41.61,41.59,41.61,41.59,132
2024-04-23 19:39:00,13824,41.5864,41.575,41.61,41.61,41.575,62
2024-04-23 19:40:00,5078,41.6027,41.61,41.59,41.61,41.59,39
2024-04-23 19:41:00,1358,41.5928,41.59,41.595,41.595,41.59,13
2024-04-23 19:42:00,10148,41.5909,41.595,41.585,41.6,41.585,78
2024-04-23 19:43:00,11231,41.5878,41.59,41.58,41.59,41.58,97
2024-04-23 19:44:00,7044,41.5832,41.585,41.58,41.59,41.58,52
2024-04-23 19:45:00,3784,41.5849,41.58,41.585,41.585,41.58,19
2024-04-23 19:46:00,14780,41.5924,41.585,41.6,41.605,41.585,87
2024-04-23 19:47:00,19263,41.604,41.595,41.6089,41.61,41.595,124
2024-04-23 19:48:00,8572,41.6068,41.605,41.605,41.61,41.6,72
2024-04-23 19:49:00,4516,41.6058,41.605,41.605,41.61,41.6,29
2024-04-23 19:50:00,18785,41.5983,41.61,41.57,41.615,41.57,127
2024-04-23 19:51:00,16363,41.5497,41.57,41.5413,41.57,41.54,121
2024-04-23 19:52:00,5716,41.5409,41.545,41.545,41.545,41.54,53
2024-04-23 19:53:00,9798,41.5411,41.545,41.54,41.545,41.54,73
2024-04-23 19:54:00,9477,41.5336,41.54,41.52,41.545,41.52,88
2024-04-23 19:55:00,17771,41.4994,41.52,41.48,41.525,41.48,126
2024-04-23 19:56:00,15091,41.4659,41.48,41.455,41.48,41.45,87
2024-04-23 19:57:00,31243,41.4619,41.45,41.475,41.48,41.45,171
2024-04-23 19:58:00,36989,41.4525,41.475,41.44,41.48,41.43,115
2024-04-23 19:59:00,46541,41.4617,41.435,41.485,41.495,41.435,313
2024-04-23 20:00:00,201,41.48,41.48,41.48,41.48,41.48,3
2024-04-23 20:02:00,461000,41.48,41.48,41.48,41.48,41.48,1
2024-04-23 20:07:00,3235,41.4803,41.48,41.48,41.48,41.48,3
2024-04-23 21:05:00,200,41.65,41.65,41.65,41.65,41.65,1
2024-04-23 21:18:00,100,41.69,41.69,41.69,41.69,41.69,1
2024-04-23 22:45:00,3000,41.75,41.75,41.75,41.75,41.75,1
2024-04-23 22:46:00,116,41.75,41.75,41.75,41.75,41.75,1
2024-04-23 22:47:00,5019,41.75,41.75,41.75,41.75,41.75,2
2024-04-23 22:49:00,5000,41.75,41.75,41.75,41.75,41.75,2
2024-04-23 22:51:00,284,41.75,41.75,41.75,41.75,41.75,1
2024-04-24 12:17:00,200,41.99,41.99,41.99,41.99,41.99,1
2024-04-24 12:52:00,461000,41.57,41.57,41.57,41.57,41.57,1
2024-04-24 13:30:00,39593,41.5282,41.55,41.48,41.6,41.48,85
2024-04-24 13:31:00,1883,41.3829,41.38,41.4,41.4,41.36,23
2024-04-24 13:32:00,1209,41.3543,41.39,41.35,41.39,41.35,21
2024-04-24 13:33:00,3525,41.3429,41.32,41.38,41.38,41.32,38
2024-04-24 13:34:00,2143,41.4018,41.37,41.4,41.43,41.37,28
2024-04-24 13:35:00,351,41.3477,41.355,41.355,41.355,41.355,17
2024-04-24 13:36:00,881,41.3121,41.31,41.31,41.32,41.31,11
2024-04-24 13:37:00,3529,41.268,41.3,41.28,41.3,41.25,32
2024-04-24 13:38:00,2545,41.3082,41.29,41.33,41.33,41.29,25
2024-04-24 13:39:00,2569,41.3587,41.33,41.39,41.39,41.33,36
2024-04-24 13:40:00,1579,41.3985,41.39,41.39,41.42,41.39,28
2024-04-24 13:41:00,866,41.3886,41.4,41.385,41.4,41.385,11
2024-04-24 13:42:00,1552,41.3948,41.385,41.4,41.4,41.385,19
2024-04-24 13:43:00,602,41.411,41.41,41.41,41.4106,41.41,18
2024-04-24 13:44:00,1877,41.4355,41.42,41.43,41.44,41.42,17
2024-04-24 13:45:00,2564,41.4319,41.44,41.4399,41.44,41.425,24
2024-04-24 13:46:00,2732,41.4357,41.44,41.435,41.44,41.43,18
2024-04-24 13:47:00,5094,41.4407,41.43,41.4498,41.46,41.42,29
2024-04-24 13:48:00,1631,41.4511,41.445,41.46,41.46,41.445,17
2024-04-24 13:49:00,2307,41.4709,41.47,41.4797,41.4798,41.465,15
2024-04-24 13:50:00,2184,41.4762,41.48,41.4795,41.49,41.47,18
2024-04-24 13:51:00,1297,41.4861,41.4889,41.49,41.49,41.48,12
2024-04-24 13:52:00,2759,41.4957,41.49,41.51,41.51,41.485,29
2024-04-24 13:53:00,771,41.5128,41.51,41.53,41.53,41.51,10
2024-04-24 13:54:00,2326,41.4928,41.52,41.485,41.52,41.485,16
2024-04-24 13:55:00,1980,41.4942,41.488,41.515,41.515,41.488,12
2024-04-24 13:56:00,4895,41.5036,41.52,41.4999,41.52,41.49,23
2024-04-24 13:57:00,2015,41.519,41.5,41.53,41.53,41.5,7
2024-04-24 13:58:00,4968,41.5491,41.54,41.56,41.56,41.54,39
2024-04-24 13:59:00,1840,41.5687,41.56,41.58,41.58,41.56,21
2024-04-24 14:00:00,7764,41.5736,41.575,41.59,41.59,41.57,46
2024-04-24 14:01:00,4350,41.5735,41.58,41.5794,41.585,41.565,22
2024-04-24 14:02:00,4687,41.5883,41.58,41.605,41.605,41.575,29
2024-04-24 14:03:00,13315,41.6001,41.615,41.615,41.6195,41.595,35
2024-04-24 14:04:00,6863,41.5685,41.615,41.54,41.615,41.53,57
2024-04-24 14:05:00,2055,41.5461,41.53,41.57,41.57,41.53,25
2024-04-24 14:06:00,1225,41.5782,41.58,41.575,41.58,41.57,17
2024-04-24 14:07:00,1321,41.5804,41.58,41.58,41.585,41.58,15
2024-04-24 14:08:00,2717,41.5702,41.57,41.555,41.585,41.555,31
2024-04-24 14:09:00,2983,41.5669,41.56,41.59,41.59,41.56,19
2024-04-24 14:10:00,1692,41.5915,41.59,41.6,41.6,41.59,12
2024-04-24 14:11:00,9920,41.6207,41.605,41.615,41.635,41.605,89
2024-04-24 14:12:00,669,41.613,41.62,41.62,41.62,41.6,18
2024-04-24 14:13:00,1961,41.6142,41.62,41.61,41.62,41.61,22
2024-04-24 14:14:00,786,41.6013,41.61,41.6,41.61,41.6,19
2024-04-24 14:15:00,938,41.6065,41.6,41.61,41.61,41.6,18
2024-04-24 14:16:00,718,41.6198,41.62,41.62,41.62,41.62,10
2024-04-24 14:17:00,512,41.6372,41.63,41.65,41.65,41.63,8
2024-04-24 14:18:00,1254,41.6618,41.655,41.665,41.67,41.655,23
2024-04-24 14:19:00,4258,41.6544,41.665,41.64,41.665,41.64,26
2024-04-24 14:20:00,1419,41.6407,41.65,41.635,41.65,41.635,19
2024-04-24 14:21:00,6510,41.6428,41.64,41.6559,41.6559,41.63,24
2024-04-24 14:22:00,833,41.6672,41.66,41.67,41.67,41.66,12
2024-04-24 14:23:00,3915,41.6568,41.67,41.65,41.67,41.65,43
2024-04-24 14:24:00,1498,41.6529,41.65,41.65,41.66,41.65,16
2024-04-24 14:25:00,1668,41.6314,41.64,41.62,41.64,41.62,25
2024-04-24 14:26:00,2561,41.6247,41.62,41.6301,41.6301,41.615,14
2024-04-24 14:27:00,223,41.6427,41.64,41.645,41.645,41.64,7
2024-04-24 14:28:00,1504,41.6412,41.645,41.645,41.645,41.64,10
2024-04-24 14:29:00,1539,41.6425,41.645,41.65,41.65,41.64,21
2024-04-24 14:30:00,1413,41.6462,41.64,41.65,41.65,41.63,22
2024-04-24 14:31:00,4613,41.6568,41.665,41.65,41.67,41.645,55
2024-04-24 14:32:00,3934,41.6361,41.65,41.63,41.65,41.62,42
2024-04-24 14:33:00,205,41.6187,41.62,41.62,41.62,41.62,8
2024-04-24 14:34:00,732,41.6145,41.62,41.61,41.62,41.61,14
2024-04-24 14:35:00,1522,41.6155,41.61,41.63,41.63,41.605,20
2024-04-24 14:36:00,3727,41.6312,41.6322,41.63,41.64,41.63,29
2024-04-24 14:37:00,2951,41.6395,41.635,41.65,41.65,41.635,20
2024-04-24 14:38:00,2530,41.6442,41.65,41.64,41.6501,41.64,30
2024-04-24 14:39:00,368,41.6354,41.64,41.635,41.64,41.635,7
2024-04-24 14:40:00,1159,41.625,41.635,41.62,41.635,41.62,15
2024-04-24 14:41:00,1988,41.6197,41.62,41.62,41.62,41.62,18
2024-04-24 14:42:00,946,41.6143,41.62,41.61,41.62,41.61,11
2024-04-24 14:43:00,3018,41.6087,41.61,41.61,41.61,41.6,21
2024-04-24 14:44:00,1904,41.6116,41.605,41.615,41.62,41.605,16
2024-04-24 14:45:00,1459,41.6154,41.6141,41.62,41.62,41.6141,13
2024-04-24 14:46:00,2198,41.6217,41.62,41.635,41.635,41.62,15
2024-04-24 14:47:00,408,41.6399,41.64,41.64,41.64,41.64,6
2024-04-24 14:48:00,6217,41.6389,41.64,41.625,41.6494,41.625,57
2024-04-24 14:49:00,2090,41.6153,41.62,41.62,41.62,41.61,16
2024-04-24 14:50:00,1639,41.624,41.63,41.6201,41.63,41.6201,13
2024-04-24 14:51:00,537,41.6316,41.63,41.64,41.64,41.63,10
2024-04-24 14:52:00,4729,41.6453,41.64,41.65,41.65,41.64,21
2024-04-24 14:53:00,8177,41.6314,41.64,41.625,41.64,41.625,45
2024-04-24 14:54:00,709,41.6242,41.625,41.625,41.6295,41.625,12
2024-04-24 14:55:00,4896,41.6202,41.62,41.61,41.625,41.61,34
2024-04-24 14:56:00,1764,41.6163,41.61,41.625,41.625,41.61,13
2024-04-24 14:57:00,5698,41.6113,41.625,41.59,41.625,41.59,53
2024-04-24 14:58:00,1962,41.5982,41.59,41.61,41.61,41.585,24
2024-04-24 14:59:00,3527,41.6008,41.61,41.6,41.61,41.6,20
2024-04-24 15:00:00,2755,41.5652,41.59,41.55,41.59,41.55,26
2024-04-24 15:01:00,1675,41.5686,41.56,41.58,41.58,41.56,11
2024-04-24 15:02:00,2276,41.594,41.59,41.595,41.6,41.59,13
2024-04-24 15:03:00,2596,41.6028,41.6,41.615,41.615,41.6,25
2024-04-24 15:04:00,7484,41.6156,41.6106,41.6094,41.625,41.6094,52
2024-04-24 15:05:00,1204,41.5931,41.6,41.575,41.6,41.575,25
2024-04-24 15:06:00,336,41.5805,41.58,41.58,41.58,41.58,5
2024-04-24 15:07:00,4862,41.5779,41.59,41.57,41.59,41.57,23
2024-04-24 15:08:00,5116,41.5718,41.575,41.565,41.58,41.565,44
2024-04-24 15:09:00,809,41.5549,41.56,41.55,41.56,41.55,12
2024-04-24 15:10:00,4837,41.5431,41.5462,41.55,41.551,41.54,19
2024-04-24 15:11:00,941,41.5476,41.55,41.55,41.55,41.545,11
2024-04-24 15:12:00,3221,41.5501,41.55,41.555,41.555,41.545,20
2024-04-24 15:13:00,941,41.5564,41.56,41.555,41.56,41.555,10
2024-04-24 15:14:00,2655,41.5727,41.555,41.58,41.58,41.555,16
2024-04-24 15:15:00,8620,41.5813,41.58,41.585,41.59,41.5798,38
2024-04-24 15:16:00,1459,41.5981,41.59,41.61,41.61,41.59,21
2024-04-24 15:17:00,1898,41.6091,41.61,41.605,41.615,41.605,23
2024-04-24 15:18:00,478,41.5957,41.6,41.59,41.6,41.59,14
2024-04-24 15:19:00,2412,41.5783,41.59,41.5699,41.59,41.5699,26
2024-04-24 15:20:00,258,41.5578,41.555,41.555,41.555,41.555,16
2024-04-24 15:21:00,1575,41.5628,41.56,41.565,41.57,41.56,22
2024-04-24 15:22:00,248,41.5696,41.569,41.57,41.57,41.569,8
2024-04-24 15:23:00,664,41.5799,41.58,41.585,41.585,41.575,12
2024-04-24 15:24:00,655,41.585,41.58,41.59,41.59,41.58,9
2024-04-24 15:25:00,2702,41.5881,41.59,41.585,41.59,41.58,28
2024-04-24 15:26:00,2564,41.5754,41.58,41.58,41.58,41.57,28
2024-04-24 15:27:00,652,41.5806,41.58,41.584,41.584,41.58,7
2024-04-24 15:28:00,1334,41.5807,41.58,41.585,41.585,41.58,12
2024-04-24 15:29:00,2820,41.5917,41.585,41.5998,41.5998,41.58,21
2024-04-24 15:30:00,2007,41.5966,41.6,41.595,41.6,41.595,10
2024-04-24 15:31:00,1326,41.6026,41.595,41.6075,41.61,41.595,19
2024-04-24 15:32:00,1696,41.6,41.6,41.6,41.6,41.6,16
2024-04-24 15:33:00,9160,41.5871,41.595,41.5976,41.605,41.57,49
2024-04-24 15:34:00,653,41.5965,41.595,41.6,41.6,41.595,6
2024-04-24 15:35:00,1787,41.5997,41.5998,41.6,41.6,41.5974,11
2024-04-24 15:36:00,1559,41.6006,41.6,41.6,41.605,41.6,27
2024-04-24 15:37:00,279,41.5955,41.595,41.6,41.6,41.595,6
2024-04-24 15:38:00,4444,41.6013,41.6,41.595,41.6083,41.595,42
2024-04-24 15:39:00,1627,41.5759,41.59,41.57,41.59,41.565,19
2024-04-24 15:40:00,2027,41.561,41.565,41.55,41.57,41.55,24
2024-04-24 15:41:00,1691,41.5653,41.56,41.57,41.57,41.56,15
2024-04-24 15:42:00,545,41.5699,41.57,41.57,41.57,41.57,16
2024-04-24 15:43:00,1746,41.5671,41.57,41.565,41.57,41.565,22
2024-04-24 15:44:00,1403,41.5528,41.56,41.55,41.56,41.55,23
2024-04-24 15:45:00,2579,41.547,41.55,41.56,41.56,41.5445,15
2024-04-24 15:46:00,766,41.5745,41.57,41.58,41.58,41.57,11
2024-04-24 15:47:00,390,41.5851,41.585,41.59,41.59,41.585,9
2024-04-24 15:48:00,418,41.5877,41.59,41.585,41.59,41.585,10
2024-04-24 15:49:00,1589,41.5837,41.5819,41.585,41.59,41.5819,14
2024-04-24 15:50:00,1447,41.5853,41.585,41.59,41.59,41.58,25
2024-04-24 15:51:00,845,41.5956,41.595,41.595,41.6,41.595,12
2024-04-24 15:52:00,405,41.5975,41.595,41.6,41.6,41.595,9
2024-04-24 15:53:00,306,41.5965,41.595,41.6,41.6,41.595,9
2024-04-24 15:54:00,1216,41.595,41.595,41.595,41.6,41.59,19
2024-04-24 15:55:00,706,41.5978,41.6,41.6,41.6,41.595,12
2024-04-24 15:56:00,3238,41.581,41.59,41.57,41.59,41.565,41
2024-04-24 15:57:00,1943,41.58,41.58,41.58,41.58,41.58,25
2024-04-24 15:58:00,1084,41.5795,41.58,41.575,41.58,41.575,14
2024-04-24 15:59:00,869,41.5714,41.575,41.57,41.575,41.57,19
2024-04-24 16:01:00,2319,41.5804,41.58,41.58,41.585,41.58,34
2024-04-24 16:02:00,1125,41.5726,41.575,41.57,41.58,41.57,22
2024-04-24 16:03:00,1772,41.5682,41.56,41.57,41.57,41.56,26
2024-04-24 16:04:00,1204,41.5605,41.565,41.56,41.565,41.56,18
2024-04-24 16:05:00,1862,41.5435,41.55,41.54,41.55,41.54,33
2024-04-24 16:06:00,344,41.5382,41.54,41.535,41.54,41.535,12
2024-04-24 16:07:00,3147,41.5352,41.53,41.54,41.54,41.525,44
2024-04-24 16:08:00,703,41.5385,41.54,41.535,41.54,41.535,12
2024-04-24 16:09:00,1160,41.5298,41.535,41.525,41.535,41.525,22
2024-04-24 16:10:00,324,41.5317,41.53,41.535,41.535,41.53,12
2024-04-24 16:11:00,3602,41.5385,41.54,41.545,41.545,41.535,30
2024-04-24 16:12:00,1812,41.5417,41.54,41.545,41.545,41.54,18
2024-04-24 16:13:00,1533,41.5472,41.54,41.5498,41.5498,41.54,11
2024-04-24 16:14:00,4325,41.5402,41.545,41.54,41.545,41.54,17
2024-04-24 16:15:00,3218,41.5394,41.54,41.53,41.54,41.53,30
2024-04-24 16:16:00,1706,41.5386,41.535,41.5489,41.55,41.53,32
2024-04-24 16:17:00,514,41.5439,41.545,41.545,41.545,41.54,8
2024-04-24 16:18:00,1477,41.5398,41.54,41.535,41.54,41.535,25
2024-04-24 16:19:00,129,41.5341,41.535,41.535,41.535,41.535,6
2024-04-24 16:20:00,1699,41.544,41.54,41.545,41.55,41.54,29
2024-04-24 16:21:00,3371,41.549,41.55,41.545,41.56,41.54,47
2024-04-24 16:22:00,1144,41.5427,41.54,41.545,41.55,41.54,20
2024-04-24 16:23:00,1408,41.5395,41.545,41.53,41.545,41.53,25
2024-04-24 16:24:00,831,41.5332,41.525,41.54,41.54,41.525,17
2024-04-24 16:25:00,104,41.5399,41.54,41.54,41.54,41.54,5
2024-04-24 16:26:00,506,41.542,41.55,41.54,41.55,41.54,11
2024-04-24 16:27:00,703,41.5429,41.545,41.545,41.545,41.54,10
2024-04-24 16:28:00,418,41.5413,41.54,41.545,41.545,41.54,11
2024-04-24 16:29:00,779,41.5431,41.54,41.545,41.55,41.54,17
2024-04-24 16:30:00,2016,41.543,41.54,41.55,41.55,41.54,33
2024-04-24 16:31:00,2293,41.5569,41.55,41.565,41.565,41.55,42
2024-04-24 16:32:00,827,41.5649,41.565,41.565,41.565,41.565,11
2024-04-24 16:33:00,911,41.564,41.57,41.565,41.57,41.56,14
2024-04-24 16:34:00,619,41.5666,41.57,41.565,41.57,41.565,14
2024-04-24 16:35:00,333,41.5663,41.565,41.57,41.57,41.565,15
2024-04-24 16:36:00,718,41.5684,41.565,41.565,41.57,41.565,16
2024-04-24 16:37:00,709,41.5629,41.565,41.565,41.565,41.56,13
2024-04-24 16:38:00,707,41.5664,41.565,41.57,41.57,41.565,14
2024-04-24 16:39:00,364,41.5677,41.5686,41.57,41.57,41.565,8
2024-04-24 16:40:00,2882,41.5641,41.56,41.565,41.565,41.56,22
2024-04-24 16:41:00,417,41.5655,41.565,41.565,41.565,41.565,17
2024-04-24 16:42:00,179,41.5663,41.565,41.565,41.565,41.565,7
2024-04-24 16:43:00,4222,41.57,41.565,41.575,41.575,41.565,52
2024-04-24 16:44:00,2026,41.5699,41.575,41.5699,41.575,41.565,29
2024-04-24 16:45:00,223,41.5649,41.565,41.565,41.565,41.565,10
2024-04-24 16:46:00,5114,41.561,41.56,41.565,41.5699,41.56,17
2024-04-24 16:47:00,220,41.5649,41.565,41.565,41.565,41.565,9
2024-04-24 16:48:00,2610,41.5854,41.565,41.605,41.605,41.565,45
2024-04-24 16:49:00,2115,41.6014,41.605,41.61,41.61,41.6,30
2024-04-24 16:50:00,1272,41.6182,41.61,41.62,41.62,41.61,21
2024-04-24 16:51:00,825,41.6255,41.63,41.625,41.63,41.625,6
2024-04-24 16:52:00,366,41.626,41.625,41.6291,41.6291,41.625,9
2024-04-24 16:53:00,2520,41.6216,41.625,41.62,41.625,41.62,32
2024-04-24 16:54:00,1031,41.6178,41.62,41.615,41.62,41.615,8
2024-04-24 16:55:00,2524,41.6331,41.62,41.635,41.65,41.62,26
2024-04-24 16:56:00,1284,41.6324,41.64,41.63,41.64,41.63,14
2024-04-24 16:57:00,1815,41.6299,41.6294,41.635,41.635,41.625,13
2024-04-24 16:58:00,314,41.6398,41.64,41.64,41.64,41.64,9
2024-04-24 16:59:00,1185,41.6399,41.64,41.64,41.64,41.64,17
2024-04-24 17:00:00,697,41.6376,41.64,41.6308,41.64,41.6308,10
2024-04-24 17:01:00,716,41.6428,41.6399,41.64,41.64,41.6399,19
2024-04-24 17:02:00,5484,41.6601,41.66,41.665,41.665,41.66,18
2024-04-24 17:03:00,727,41.6655,41.665,41.67,41.67,41.66,10
2024-04-24 17:04:00,3485,41.67,41.67,41.67,41.67,41.67,29
2024-04-24 17:05:00,317,41.6699,41.67,41.67,41.67,41.67,9
2024-04-24 17:06:00,2992,41.6982,41.68,41.71,41.71,41.68,44
2024-04-24 17:07:00,405,41.7137,41.715,41.715,41.715,41.715,8
2024-04-24 17:08:00,2122,41.722,41.7181,41.725,41.73,41.7181,29
2024-04-24 17:09:00,290,41.711,41.71,41.71,41.71,41.71,7
2024-04-24 17:10:00,522,41.7208,41.715,41.725,41.725,41.715,19
2024-04-24 17:11:00,1005,41.7288,41.72,41.73,41.73,41.72,25
2024-04-24 17:12:00,1895,41.7454,41.735,41.745,41.76,41.73,31
2024-04-24 17:13:00,3033,41.7329,41.74,41.74,41.745,41.74,42
2024-04-24 17:14:00,3134,41.7348,41.74,41.735,41.74,41.7301,10
2024-04-24 17:15:00,256,41.7363,41.7338,41.74,41.74,41.7338,3
2024-04-24 17:16:00,1669,41.7414,41.735,41.755,41.755,41.735,25
2024-04-24 17:17:00,1130,41.7698,41.755,41.771,41.78,41.755,19
2024-04-24 17:18:00,2048,41.7626,41.7775,41.754,41.7775,41.75,30
2024-04-24 17:19:00,969,41.752,41.75,41.755,41.755,41.75,18
2024-04-24 17:20:00,1420,41.7558,41.7573,41.75,41.76,41.75,16
2024-04-24 17:21:00,2775,41.7427,41.75,41.745,41.75,41.73,38
2024-04-24 17:22:00,1261,41.7488,41.75,41.745,41.75,41.745,14
2024-04-24 17:23:00,1393,41.7352,41.74,41.73,41.74,41.73,17
2024-04-24 17:24:00,520,41.7377,41.734,41.74,41.74,41.734,11
2024-04-24 17:25:00,874,41.7593,41.75,41.77,41.77,41.75,17
2024-04-24 17:26:00,1219,41.769,41.77,41.775,41.775,41.765,22
2024-04-24 17:27:00,1856,41.7726,41.775,41.77,41.7799,41.77,21
2024-04-24 17:28:00,2228,41.7567,41.76,41.755,41.76,41.755,18
2024-04-24 17:29:00,330,41.7566,41.76,41.755,41.76,41.755,16
2024-04-24 17:30:00,1446,41.7595,41.76,41.755,41.76,41.755,17
2024-04-24 17:31:00,2591,41.7455,41.76,41.7306,41.76,41.7306,37
2024-04-24 17:32:00,694,41.7291,41.73,41.73,41.73,41.73,15
2024-04-24 17:33:00,1414,41.7349,41.73,41.735,41.7398,41.73,15
2024-04-24 17:34:00,639,41.7347,41.735,41.735,41.735,41.735,4
2024-04-24 17:35:00,203,41.7399,41.74,41.74,41.74,41.74,5
2024-04-24 17:36:00,4433,41.7262,41.74,41.72,41.74,41.72,39
2024-04-24 17:37:00,329,41.7347,41.73,41.735,41.74,41.73,11
2024-04-24 17:38:00,5328,41.7379,41.7382,41.735,41.7382,41.7306,10
2024-04-24 17:39:00,1100,41.7332,41.73,41.735,41.7399,41.73,17
2024-04-24 17:40:00,786,41.7398,41.7399,41.745,41.745,41.735,23
2024-04-24 17:41:00,1899,41.7471,41.745,41.745,41.75,41.74,28
2024-04-24 17:42:00,3376,41.7353,41.7475,41.7347,41.7475,41.73,36
2024-04-24 17:43:00,6761,41.7288,41.735,41.71,41.74,41.7075,83
2024-04-24 17:44:00,753,41.691,41.6905,41.69,41.695,41.69,14
2024-04-24 17:45:00,2091,41.6707,41.675,41.665,41.675,41.665,15
2024-04-24 17:46:00,2269,41.6694,41.665,41.665,41.67,41.665,36
2024-04-24 17:47:00,2436,41.6901,41.675,41.6893,41.7,41.675,26
2024-04-24 17:49:00,948,41.6928,41.69,41.695,41.6975,41.69,15
2024-04-24 17:50:00,1836,41.6917,41.695,41.685,41.7,41.685,22
2024-04-24 17:51:00,120,41.6861,41.685,41.685,41.685,41.685,2
2024-04-24 17:52:00,967,41.693,41.69,41.695,41.695,41.69,19
2024-04-24 17:53:00,1551,41.6964,41.695,41.6957,41.7,41.695,13
2024-04-24 17:54:00,983,41.6945,41.695,41.7,41.7,41.6901,9
2024-04-24 17:55:00,1146,41.7003,41.7,41.71,41.71,41.695,28
2024-04-24 17:56:00,1458,41.722,41.71,41.73,41.73,41.71,23
2024-04-24 17:57:00,839,41.7403,41.74,41.745,41.745,41.735,21
2024-04-24 17:58:00,1544,41.746,41.75,41.745,41.75,41.745,16
2024-04-24 17:59:00,611,41.7534,41.75,41.76,41.76,41.75,17
2024-04-24 18:00:00,2831,41.7836,41.78,41.7868,41.7868,41.78,27
2024-04-24 18:01:00,302,41.787,41.79,41.79,41.79,41.79,5
2024-04-24 18:02:00,4172,41.7775,41.785,41.775,41.785,41.77,46
2024-04-24 18:03:00,2453,41.7664,41.77,41.76,41.77,41.76,31
2024-04-24 18:04:00,504,41.762,41.76,41.765,41.765,41.76,8
2024-04-24 18:05:00,4213,41.77,41.765,41.7693,41.78,41.765,44
2024-04-24 18:06:00,264,41.765,41.765,41.765,41.765,41.765,7
2024-04-24 18:07:00,8830,41.7439,41.76,41.75,41.765,41.73,69
2024-04-24 18:08:00,551,41.7453,41.745,41.75,41.75,41.745,10
2024-04-24 18:09:00,139,41.7604,41.76,41.76,41.76,41.76,5
2024-04-24 18:10:00,7192,41.7679,41.765,41.765,41.775,41.76,39
2024-04-24 18:11:00,1194,41.7522,41.76,41.745,41.76,41.745,22
2024-04-24 18:12:00,1388,41.7475,41.745,41.745,41.75,41.744,18
2024-04-24 18:13:00,1511,41.752,41.755,41.755,41.76,41.75,15
2024-04-24 18:14:00,2530,41.7459,41.75,41.745,41.75,41.74,20
2024-04-24 18:15:00,1067,41.7355,41.74,41.74,41.74,41.73,17
2024-04-24 18:16:00,2882,41.7306,41.735,41.74,41.74,41.72,45
2024-04-24 18:17:00,229,41.7542,41.755,41.755,41.755,41.755,4
2024-04-24 18:18:00,6952,41.7625,41.76,41.775,41.775,41.76,29
2024-04-24 18:19:00,1718,41.7747,41.775,41.775,41.775,41.7701,10
2024-04-24 18:20:00,3327,41.7804,41.78,41.79,41.79,41.77,22
2024-04-24 18:21:00,693,41.7893,41.79,41.79,41.79,41.79,10
2024-04-24 18:22:00,750,41.7966,41.8,41.795,41.8,41.795,14
2024-04-24 18:23:00,2246,41.8028,41.795,41.825,41.825,41.795,25
2024-04-24 18:24:00,1166,41.8315,41.83,41.835,41.835,41.83,20
2024-04-24 18:25:00,2410,41.8305,41.835,41.825,41.835,41.825,29
2024-04-24 18:26:00,3537,41.825,41.83,41.82,41.83,41.82,44
2024-04-24 18:27:00,353,41.82,41.82,41.82,41.82,41.82,12
2024-04-24 18:28:00,4376,41.8058,41.81,41.8,41.81,41.8,46
2024-04-24 18:29:00,1987,41.7901,41.795,41.79,41.795,41.785,29
2024-04-24 18:30:00,328,41.7801,41.78,41.78,41.78,41.78,6
2024-04-24 18:31:00,1509,41.778,41.79,41.775,41.79,41.775,21
2024-04-24 18:33:00,2045,41.7803,41.78,41.785,41.785,41.78,37
2024-04-24 18:34:00,818,41.7855,41.785,41.785,41.785,41.785,12
2024-04-24 18:35:00,12967,41.7865,41.785,41.76,41.795,41.76,87
2024-04-24 18:36:00,2228,41.7684,41.76,41.775,41.775,41.76,27
2024-04-24 18:37:00,394,41.78,41.78,41.78,41.78,41.78,4
2024-04-24 18:38:00,2744,41.7702,41.7799,41.7699,41.7799,41.7699,18
2024-04-24 18:39:00,658,41.7642,41.76,41.7643,41.765,41.76,13
2024-04-24 18:40:00,3502,41.765,41.765,41.77,41.775,41.755,54
2024-04-24 18:41:00,1014,41.7705,41.77,41.7741,41.7741,41.77,18
2024-04-24 18:42:00,445,41.7769,41.78,41.78,41.78,41.78,12
2024-04-24 18:43:00,3503,41.7797,41.785,41.775,41.785,41.77,27
2024-04-24 18:44:00,6296,41.7812,41.775,41.7899,41.7899,41.775,29
2024-04-24 18:45:00,1891,41.7823,41.78,41.78,41.79,41.78,17
2024-04-24 18:46:00,275,41.7886,41.79,41.79,41.79,41.79,14
2024-04-24 18:47:00,2620,41.7903,41.785,41.795,41.795,41.7835,30
2024-04-24 18:48:00,3542,41.7989,41.8,41.795,41.805,41.795,30
2024-04-24 18:49:00,832,41.7949,41.795,41.795,41.795,41.795,14
2024-04-24 18:50:00,1897,41.7899,41.795,41.78,41.795,41.78,31
2024-04-24 18:51:00,778,41.7816,41.78,41.79,41.79,41.78,20
2024-04-24 18:52:00,120,41.7942,41.795,41.795,41.795,41.795,4
2024-04-24 18:53:00,1408,41.8031,41.8,41.81,41.81,41.8,13
2024-04-24 18:54:00,1050,41.8129,41.81,41.82,41.82,41.81,14
2024-04-24 18:55:00,4128,41.8204,41.82,41.81,41.825,41.81,39
2024-04-24 18:56:00,732,41.8084,41.805,41.81,41.81,41.805,16
2024-04-24 18:58:00,469,41.8154,41.815,41.815,41.82,41.815,13
2024-04-24 18:59:00,2059,41.8134,41.82,41.81,41.82,41.81,29
2024-04-24 19:00:00,6361,41.8004,41.805,41.791,41.805,41.791,35
2024-04-24 19:01:00,1362,41.8021,41.8,41.805,41.8099,41.8,19
2024-04-24 19:03:00,608,41.8246,41.82,41.83,41.83,41.82,11
2024-04-24 19:04:00,1116,41.8339,41.83,41.835,41.8399,41.83,28
2024-04-24 19:05:00,9599,41.8309,41.835,41.825,41.84,41.825,42
2024-04-24 19:06:00,1773,41.8196,41.825,41.815,41.825,41.81,32
2024-04-24 19:07:00,999,41.8205,41.82,41.825,41.825,41.82,25
2024-04-24 19:08:00,2376,41.8281,41.82,41.8283,41.83,41.82,7
2024-04-24 19:09:00,3463,41.8331,41.825,41.84,41.84,41.825,41
2024-04-24 19:10:00,2595,41.8457,41.8499,41.85,41.85,41.84,35
2024-04-24 19:11:00,1054,41.8462,41.845,41.85,41.85,41.845,21
2024-04-24 19:12:00,2245,41.852,41.85,41.855,41.86,41.8492,37
2024-04-24 19:13:00,1540,41.8582,41.86,41.86,41.86,41.85,26
2024-04-24 19:14:00,1199,41.8621,41.86,41.865,41.87,41.86,23
2024-04-24 19:15:00,3135,41.8601,41.865,41.855,41.865,41.855,32
2024-04-24 19:16:00,153,41.8548,41.8549,41.8549,41.8549,41.8549,4
2024-04-24 19:17:00,1627,41.8564,41.855,41.86,41.86,41.855,24
2024-04-24 19:18:00,1522,41.8559,41.8501,41.8553,41.86,41.8501,17
2024-04-24 19:19:00,9368,41.8378,41.85,41.825,41.855,41.82,69
2024-04-24 19:20:00,928,41.8261,41.83,41.8201,41.83,41.8201,23
2024-04-24 19:21:00,4462,41.8306,41.825,41.835,41.84,41.825,62
2024-04-24 19:22:00,222,41.837,41.8395,41.835,41.8395,41.835,4
2024-04-24 19:23:00,673,41.8396,41.84,41.84,41.84,41.84,17
2024-04-24 19:24:00,4329,41.8308,41.835,41.825,41.835,41.825,46
2024-04-24 19:25:00,4162,41.8176,41.8225,41.805,41.825,41.805,41
2024-04-24 19:26:00,4541,41.8146,41.805,41.82,41.82,41.805,37
2024-04-24 19:27:00,1098,41.8273,41.82,41.84,41.84,41.82,28
2024-04-24 19:28:00,2034,41.8349,41.84,41.835,41.84,41.8309,16
2024-04-24 19:29:00,1200,41.8378,41.835,41.84,41.84,41.835,24
2024-04-24 19:30:00,1450,41.8371,41.84,41.84,41.84,41.835,24
2024-04-24 19:31:00,2673,41.842,41.84,41.85,41.85,41.84,51
2024-04-24 19:32:00,7648,41.8479,41.85,41.835,41.8599,41.835,64
2024-04-24 19:33:00,3268,41.8291,41.835,41.815,41.835,41.815,50
2024-04-24 19:34:00,542,41.8164,41.815,41.815,41.815,41.815,15
2024-04-24 19:35:00,3633,41.8114,41.815,41.815,41.815,41.805,45
2024-04-24 19:36:00,859,41.8136,41.815,41.8102,41.815,41.8102,17
2024-04-24 19:37:00,4538,41.8117,41.815,41.815,41.82,41.805,70
2024-04-24 19:38:00,10502,41.8053,41.815,41.785,41.819,41.785,118
2024-04-24 19:39:00,6861,41.7871,41.79,41.775,41.79,41.775,55
2024-04-24 19:40:00,4181,41.7823,41.78,41.785,41.79,41.775,41
2024-04-24 19:41:00,11914,41.7755,41.78,41.775,41.785,41.76,69
2024-04-24 19:42:00,645,41.7747,41.775,41.775,41.775,41.775,13
2024-04-24 19:43:00,1854,41.7743,41.77,41.775,41.775,41.77,26
2024-04-24 19:44:00,4698,41.7754,41.775,41.775,41.78,41.775,41
2024-04-24 19:45:00,15434,41.7924,41.775,41.82,41.82,41.7742,124
2024-04-24 19:46:00,11882,41.8133,41.82,41.795,41.825,41.795,107
2024-04-24 19:47:00,1909,41.7884,41.79,41.785,41.79,41.78,23
2024-04-24 19:48:00,7869,41.7792,41.78,41.765,41.79,41.765,75
2024-04-24 19:49:00,6870,41.7593,41.765,41.755,41.765,41.75,63
2024-04-24 19:50:00,7348,41.7746,41.76,41.795,41.8,41.755,78
2024-04-24 19:51:00,9904,41.7966,41.795,41.795,41.805,41.79,102
2024-04-24 19:52:00,14247,41.7934,41.8,41.795,41.8,41.79,119
2024-04-24 19:53:00,9375,41.7991,41.79,41.8,41.805,41.79,101
2024-04-24 19:54:00,9177,41.8026,41.8,41.8,41.81,41.8,91
2024-04-24 19:55:00,13549,41.8035,41.805,41.795,41.81,41.79,127
2024-04-24 19:56:00,12669,41.79,41.795,41.785,41.8,41.78,135
2024-04-24 19:57:00,29268,41.7839,41.785,41.77,41.79,41.77,203
2024-04-24 19:58:00,22041,41.7787,41.775,41.775,41.79,41.77,175
2024-04-24 19:59:00,44704,41.7714,41.775,41.75,41.81,41.75,361
2024-04-24 20:05:00,7748,41.77,41.77,41.77,41.77,41.77,1
2024-04-24 20:43:00,795,41.77,41.77,41.77,41.77,41.77,1
2024-04-24 21:39:00,301,41.6748,41.61,41.61,41.61,41.61,10
2024-04-24 23:39:00,445,41.984,41.99,41.99,41.99,41.99,10
2024-04-24 23:44:00,491,41.8549,41.86,41.85,41.86,41.85,3
2024-04-24 23:54:00,4509,41.7501,41.7501,41.7501,41.7501,41.7501,1
2024-04-24 23:55:00,5000,41.7501,41.7501,41.7501,41.7501,41.7501,1
