t,v,vw,o,c,h,l,n
2023-07-12 11:09:00,1000,2.05,2.05,2.05,2.05,2.05,2
2023-07-12 11:16:00,249,2.05,2.05,2.05,2.05,2.05,1
2023-07-12 11:47:00,400,2.04,2.04,2.04,2.04,2.04,1
2023-07-12 12:18:00,100,2.049,2.049,2.049,2.049,2.049,1
2023-07-12 12:24:00,220,2.0486,2.0486,2.0486,2.0486,2.0486,1
2023-07-12 12:25:00,100,2.04,2.04,2.04,2.04,2.04,1
2023-07-12 12:26:00,104,2.05,2.05,2.05,2.05,2.05,2
2023-07-12 12:42:00,100,2.05,2.05,2.05,2.05,2.05,1
2023-07-12 13:01:00,100,2.04,2.04,2.04,2.04,2.04,1
2023-07-12 13:04:00,120,2.04,2.04,2.04,2.04,2.04,1
2023-07-12 13:08:00,203,2.04,2.04,2.04,2.04,2.04,2
2023-07-12 13:09:00,1000,2.05,2.05,2.05,2.05,2.05,3
2023-07-12 13:15:00,111,2.04,2.04,2.04,2.04,2.04,2
2023-07-12 13:25:00,175,2.0495,2.0495,2.0495,2.0495,2.0495,1
2023-07-12 13:30:00,11457,2.0505,2.05,2.055,2.055,2.05,64
2023-07-12 13:31:00,10057,2.0634,2.055,2.065,2.07,2.055,54
2023-07-12 13:32:00,10780,2.0504,2.06,2.045,2.06,2.045,13
2023-07-12 13:33:00,8041,2.0512,2.05,2.055,2.06,2.045,39
2023-07-12 13:34:00,714,2.0625,2.06,2.0609,2.065,2.06,12
2023-07-12 13:35:00,30791,2.0457,2.06,2.0499,2.06,2.04,51
2023-07-12 13:36:00,256,2.0409,2.0403,2.0403,2.0403,2.0403,7
2023-07-12 13:37:00,5314,2.0466,2.0406,2.04,2.0492,2.04,10
2023-07-12 13:38:00,12266,2.0485,2.0491,2.04,2.0499,2.04,11
2023-07-12 13:39:00,303,2.0433,2.045,2.045,2.045,2.045,5
2023-07-12 13:40:00,5873,2.0392,2.04,2.0312,2.04,2.0312,26
2023-07-12 13:41:00,1026,2.0364,2.03,2.0301,2.04,2.03,7
2023-07-12 13:42:00,2453,2.0355,2.0368,2.035,2.0368,2.03,11
2023-07-12 13:43:00,25000,2.03,2.03,2.03,2.03,2.03,1
2023-07-12 13:44:00,7259,2.03,2.03,2.03,2.03,2.03,25
2023-07-12 13:45:00,26093,2.0164,2.025,2.01,2.025,2.01,81
2023-07-12 13:46:00,31161,2.0101,2.015,2.01,2.015,2.005,54
2023-07-12 13:47:00,3171,2.0107,2.01,2.0111,2.015,2.01,26
2023-07-12 13:48:00,6500,2.0109,2.015,2.0108,2.015,2.01,22
2023-07-12 13:49:00,3567,2.0066,2.01,2.0017,2.01,2.0017,19
2023-07-12 13:50:00,2503,2.0034,2.005,2.005,2.005,2.0,9
2023-07-12 13:51:00,1719,2.002,2.0015,2.005,2.005,2.0015,6
2023-07-12 13:52:00,7517,2.0135,2.005,2.02,2.02,2.005,30
2023-07-12 13:54:00,2507,2.0163,2.0191,2.015,2.0191,2.015,8
2023-07-12 13:55:00,1103,2.0184,2.015,2.0188,2.0188,2.015,4
2023-07-12 13:57:00,131,2.014,2.015,2.015,2.015,2.015,3
2023-07-12 13:59:00,2062,2.0146,2.015,2.015,2.015,2.0111,8
2023-07-12 14:00:00,21597,2.0189,2.015,2.025,2.025,2.015,54
2023-07-12 14:01:00,5958,2.0201,2.025,2.015,2.025,2.015,26
2023-07-12 14:02:00,177,2.0183,2.02,2.02,2.02,2.02,7
2023-07-12 14:03:00,279,2.02,2.02,2.02,2.02,2.02,2
2023-07-12 14:04:00,302,2.0156,2.015,2.015,2.015,2.015,15
2023-07-12 14:05:00,3856,2.0182,2.0193,2.01,2.0193,2.01,13
2023-07-12 14:06:00,2149,2.0184,2.02,2.015,2.02,2.01,9
2023-07-12 14:07:00,6756,2.0157,2.01,2.0127,2.0167,2.01,13
2023-07-12 14:08:00,1841,2.0103,2.01,2.01,2.015,2.01,7
2023-07-12 14:09:00,587,2.0126,2.01,2.01,2.015,2.01,10
2023-07-12 14:10:00,467,2.0133,2.015,2.015,2.015,2.01,10
2023-07-12 14:11:00,1666,2.0129,2.015,2.01,2.015,2.01,22
2023-07-12 14:12:00,30375,2.0017,2.01,2.0,2.0179,2.0,76
2023-07-12 14:13:00,590,2.0034,2.0,2.0,2.01,2.0,5
2023-07-12 14:14:00,10667,2.0094,2.005,2.0,2.0099,2.0,10
2023-07-12 14:15:00,1195,2.008,2.0098,2.0,2.0098,2.0,8
2023-07-12 14:16:00,2071,2.0093,2.0097,2.0,2.01,2.0,8
2023-07-12 14:17:00,9365,2.0001,2.0,2.0,2.0001,2.0,14
2023-07-12 14:18:00,905,2.0026,2.0,2.0,2.005,2.0,13
2023-07-12 14:19:00,72356,1.9993,2.0001,1.995,2.0003,1.99,138
2023-07-12 14:20:00,3706,1.9911,1.995,1.995,1.995,1.99,8
2023-07-12 14:21:00,3354,1.9984,2.0,1.9958,2.0,1.995,17
2023-07-12 14:22:00,14140,2.0001,2.0,2.0,2.005,2.0,38
2023-07-12 14:23:00,4600,2.0057,2.005,2.0021,2.0085,2.0,13
2023-07-12 14:24:00,5916,2.0016,2.0085,2.005,2.0085,2.0,8
2023-07-12 14:25:00,609,2.0001,2.0,2.0,2.0,2.0,7
2023-07-12 14:26:00,5241,2.0082,2.0,2.0086,2.0086,2.0,6
2023-07-12 14:27:00,6320,2.0072,2.0,2.0,2.0091,2.0,15
2023-07-12 14:28:00,1576,2.008,2.0,2.0097,2.01,2.0,6
2023-07-12 14:29:00,900,2.0017,2.0,2.0,2.005,2.0,4
2023-07-12 14:30:00,414,2.0006,2.0,2.0,2.0,2.0,6
2023-07-12 14:31:00,711,2.0026,2.0,2.0,2.0078,2.0,7
2023-07-12 14:32:00,431,2.0035,2.0,2.005,2.005,2.0,8
2023-07-12 14:33:00,711,2.0007,2.005,2.0,2.005,2.0,5
2023-07-12 14:34:00,500,2.0033,2.005,2.005,2.005,2.0012,7
2023-07-12 14:35:00,913,2.0044,2.005,2.0,2.005,2.0,7
2023-07-12 14:36:00,312,2.0035,2.005,2.0,2.005,2.0,7
2023-07-12 14:37:00,611,2.0042,2.005,2.005,2.005,2.0,7
2023-07-12 14:38:00,832,2.0038,2.005,2.0,2.005,2.0,11
2023-07-12 14:39:00,661,2.0023,2.0,2.0011,2.0079,2.0,8
2023-07-12 14:40:00,567,2.002,2.005,2.0,2.005,2.0,9
2023-07-12 14:41:00,563,2.0037,2.005,2.0,2.0078,2.0,12
2023-07-12 14:42:00,400,2.0013,2.0,2.005,2.005,2.0,5
2023-07-12 14:43:00,104,2.0002,2.0,2.0,2.0,2.0,4
2023-07-12 14:44:00,11399,1.9994,2.0,1.995,2.0,1.995,34
2023-07-12 14:45:00,11468,1.9997,1.9985,2.0,2.0,1.995,22
2023-07-12 14:46:00,13130,2.0001,2.0,2.0,2.01,1.9975,28
2023-07-12 14:47:00,1547,2.0011,2.0,2.0,2.005,2.0,7
2023-07-12 14:48:00,1221,2.0005,2.005,2.0,2.005,2.0,14
2023-07-12 14:49:00,1640,2.0044,2.0,2.0048,2.0048,2.0,3
2023-07-12 14:50:00,3310,2.0046,2.0,2.005,2.005,2.0,6
2023-07-12 14:51:00,736,2.0036,2.0,2.005,2.005,2.0,11
2023-07-12 14:52:00,940,2.0017,2.005,2.0,2.005,2.0,8
2023-07-12 14:53:00,200,2.0,2.0,2.0,2.0,2.0,2
2023-07-12 14:54:00,200,2.0025,2.005,2.0,2.005,2.0,2
2023-07-12 14:55:00,317,2.0021,2.005,2.0,2.005,2.0,6
2023-07-12 14:56:00,925,2.0039,2.0,2.005,2.005,2.0,11
2023-07-12 14:57:00,11318,2.0084,2.0089,2.0,2.0089,2.0,13
2023-07-12 14:58:00,301,2.0017,2.005,2.0,2.005,2.0,4
2023-07-12 14:59:00,458,2.0011,2.0,2.005,2.005,2.0,7
2023-07-12 15:00:00,1005,2.0018,2.0,2.0005,2.005,2.0,9
2023-07-12 15:01:00,785,2.0048,2.005,2.0,2.01,2.0,11
2023-07-12 15:02:00,18688,2.0106,2.005,2.015,2.02,2.005,81
2023-07-12 15:03:00,10414,2.015,2.0162,2.0116,2.02,2.01,8
2023-07-12 15:04:00,238,2.0114,2.01,2.01,2.01,2.01,4
2023-07-12 15:05:00,963,2.0143,2.01,2.015,2.02,2.01,15
2023-07-12 15:06:00,1652,2.0154,2.02,2.015,2.02,2.01,14
2023-07-12 15:07:00,1304,2.0154,2.01,2.015,2.02,2.01,15
2023-07-12 15:08:00,4820,2.0149,2.02,2.01,2.02,2.01,10
2023-07-12 15:09:00,1615,2.0116,2.015,2.02,2.02,2.01,11
2023-07-12 15:10:00,802,2.0156,2.015,2.02,2.02,2.01,9
2023-07-12 15:11:00,1356,2.0146,2.01,2.015,2.02,2.01,14
2023-07-12 15:12:00,2375,2.0163,2.015,2.01,2.02,2.01,18
2023-07-12 15:13:00,208,2.0102,2.01,2.01,2.01,2.01,3
2023-07-12 15:14:00,33006,2.0202,2.015,2.02,2.03,2.01,111
2023-07-12 15:15:00,3701,2.0246,2.02,2.02,2.025,2.02,23
2023-07-12 15:16:00,8342,2.021,2.025,2.025,2.025,2.02,24
2023-07-12 15:17:00,9965,2.0265,2.025,2.02,2.03,2.02,39
2023-07-12 15:18:00,511,2.023,2.02,2.02,2.025,2.02,6
2023-07-12 15:19:00,6075,2.029,2.02,2.025,2.03,2.02,18
2023-07-12 15:20:00,3839,2.0262,2.025,2.025,2.03,2.02,38
2023-07-12 15:21:00,1013,2.0236,2.025,2.02,2.025,2.02,7
2023-07-12 15:22:00,327,2.0205,2.02,2.02,2.0214,2.02,5
2023-07-12 15:23:00,550,2.0227,2.02,2.02,2.025,2.02,7
2023-07-12 15:24:00,11649,2.022,2.02,2.0216,2.025,2.02,11
2023-07-12 15:25:00,232,2.0203,2.02,2.02,2.02,2.02,7
2023-07-12 15:26:00,967,2.0212,2.02,2.02,2.025,2.02,7
2023-07-12 15:27:00,400,2.02,2.02,2.02,2.02,2.02,3
2023-07-12 15:28:00,1012,2.0201,2.02,2.02,2.02,2.02,11
2023-07-12 15:29:00,724,2.0204,2.02,2.02,2.02,2.02,7
2023-07-12 15:30:00,1738,2.0205,2.0207,2.02,2.0207,2.02,15
2023-07-12 15:31:00,500,2.02,2.02,2.02,2.02,2.02,4
2023-07-12 15:32:00,44196,2.0179,2.02,2.0101,2.0201,2.01,89
2023-07-12 15:33:00,1350,2.0139,2.01,2.01,2.015,2.01,7
2023-07-12 15:34:00,220,2.0103,2.01,2.01,2.01,2.01,7
2023-07-12 15:35:00,440,2.0125,2.01,2.01,2.0144,2.01,4
2023-07-12 15:36:00,699,2.0129,2.01,2.015,2.015,2.01,6
2023-07-12 15:37:00,225,2.0102,2.01,2.01,2.01,2.01,4
2023-07-12 15:38:00,319,2.0101,2.01,2.01,2.01,2.01,8
2023-07-12 15:39:00,602,2.0117,2.015,2.01,2.015,2.01,6
2023-07-12 15:40:00,58878,2.0082,2.0116,2.0,2.0116,2.0,148
2023-07-12 15:41:00,1371,2.0002,2.0,2.0,2.0,2.0,12
2023-07-12 15:42:00,216,2.0001,2.0,2.0,2.0,2.0,3
2023-07-12 15:43:00,1200,2.0038,2.0,2.005,2.005,2.0,7
2023-07-12 15:44:00,107,2.0,2.0,2.0,2.0,2.0,2
2023-07-12 15:45:00,1321,2.0012,2.0,2.0,2.005,2.0,15
2023-07-12 15:46:00,800,2.0046,2.0,2.0,2.0063,2.0,4
2023-07-12 15:47:00,1424,2.0007,2.0,2.005,2.005,2.0,10
2023-07-12 15:48:00,555,2.003,2.0,2.005,2.005,2.0,7
2023-07-12 15:49:00,520,2.003,2.005,2.0,2.005,2.0,4
2023-07-12 15:50:00,103,2.0003,2.0,2.0,2.0,2.0,3
2023-07-12 15:51:00,1380,2.0037,2.0,2.0015,2.005,2.0,19
2023-07-12 15:52:00,726,2.0038,2.0,2.005,2.005,2.0,11
2023-07-12 15:53:00,1925,2.0071,2.0,2.0,2.01,2.0,11
2023-07-12 15:54:00,954,2.0034,2.0003,2.0,2.0063,2.0,10
2023-07-12 15:55:00,220,2.0002,2.0,2.0,2.0,2.0,3
2023-07-12 15:56:00,333,2.0001,2.0,2.0,2.0,2.0,10
2023-07-12 15:57:00,815,2.0062,2.0,2.0099,2.0099,2.0,7
2023-07-12 15:58:00,828,2.0012,2.005,2.0,2.005,2.0,8
2023-07-12 15:59:00,5663,2.0057,2.0,2.005,2.01,2.0,20
2023-07-12 16:00:00,1267,2.0008,2.0,2.005,2.005,2.0,8
2023-07-12 16:01:00,601,2.0,2.0,2.0,2.0,2.0,6
2023-07-12 16:02:00,628,2.0009,2.0011,2.0,2.0011,2.0,7
2023-07-12 16:03:00,900,2.0028,2.0033,2.0,2.005,2.0,4
2023-07-12 16:04:00,225,2.0,2.0,2.0,2.0,2.0,3
2023-07-12 16:05:00,134,2.0,2.0,2.0,2.0,2.0,5
2023-07-12 16:06:00,217,2.0001,2.0,2.0,2.0,2.0,5
2023-07-12 16:07:00,514,2.0011,2.0,2.0,2.005,2.0,7
2023-07-12 16:08:00,1366,2.0001,2.0,2.0,2.0001,2.0,10
2023-07-12 16:09:00,203,2.0,2.0001,2.0001,2.0001,2.0001,4
2023-07-12 16:10:00,813,2.0007,2.0008,2.0,2.0008,2.0,5
2023-07-12 16:11:00,521,2.0,2.0,2.0,2.0,2.0,7
2023-07-12 16:12:00,405,2.0012,2.0,2.0,2.005,2.0,5
2023-07-12 16:14:00,500,2.0,2.0,2.0,2.0,2.0,4
2023-07-12 16:15:00,200,2.0,2.0,2.0,2.0,2.0,2
2023-07-12 16:16:00,300,2.0006,2.0,2.0,2.0,2.0,5
2023-07-12 16:17:00,325,2.0006,2.0009,2.0,2.0009,2.0,4
2023-07-12 16:18:00,392,2.0024,2.0009,2.0,2.0009,2.0,9
2023-07-12 16:19:00,262,2.0003,2.0,2.0,2.0,2.0,6
2023-07-12 16:20:00,100,2.0,2.0,2.0,2.0,2.0,1
2023-07-12 16:21:00,439,2.0,2.0,2.0,2.0,2.0,7
2023-07-12 16:22:00,149,2.0,2.0,2.0,2.0,2.0,4
2023-07-12 16:23:00,355,2.0,2.0,2.0,2.0,2.0,5
2023-07-12 16:24:00,444,2.0011,2.0,2.0,2.005,2.0,6
2023-07-12 16:25:00,399,2.0,2.0,2.0,2.0,2.0,5
2023-07-12 16:26:00,1820,2.0035,2.0,2.0042,2.0042,2.0,7
2023-07-12 16:27:00,3141,2.0027,2.0,2.0,2.0042,2.0,8
2023-07-12 16:28:00,2154,2.0018,2.0,2.0025,2.0025,2.0,5
2023-07-12 16:29:00,662,2.0008,2.0,2.0,2.005,2.0,13
2023-07-12 16:30:00,317,2.0004,2.0,2.0,2.0,2.0,5
2023-07-12 16:32:00,1120,2.0047,2.01,2.0005,2.01,2.0,4
2023-07-12 16:33:00,758,2.0007,2.0,2.005,2.005,2.0,9
2023-07-12 16:34:00,409,2.0025,2.005,2.0,2.005,2.0,6
2023-07-12 16:35:00,1100,2.0045,2.0,2.005,2.005,2.0,2
2023-07-12 16:36:00,200,2.0,2.0,2.0,2.0,2.0,3
2023-07-12 16:37:00,6910,2.0067,2.01,2.005,2.01,2.0013,43
2023-07-12 16:38:00,812,2.0015,2.005,2.005,2.005,2.0,5
2023-07-12 16:39:00,225,2.0045,2.005,2.005,2.005,2.005,6
2023-07-12 16:40:00,100,2.005,2.005,2.005,2.005,2.005,1
2023-07-12 16:41:00,1316,2.0052,2.005,2.005,2.01,2.005,12
2023-07-12 16:42:00,1110,2.0059,2.01,2.005,2.01,2.005,13
2023-07-12 16:43:00,1179,2.0063,2.01,2.005,2.01,2.005,8
2023-07-12 16:44:00,18555,2.0076,2.01,2.005,2.01,2.005,116
2023-07-12 16:45:00,130,2.005,2.005,2.005,2.005,2.005,3
2023-07-12 16:46:00,415,2.0015,2.005,2.0,2.005,2.0,6
2023-07-12 16:48:00,245,2.0001,2.0,2.0,2.0,2.0,4
2023-07-12 16:49:00,1204,2.0029,2.0,2.0,2.005,2.0,9
2023-07-12 16:51:00,201,2.0,2.0,2.0,2.0,2.0,4
2023-07-12 16:52:00,201,2.0,2.0,2.0,2.0,2.0,3
2023-07-12 16:53:00,217,2.0001,2.0,2.0,2.0,2.0,10
2023-07-12 16:54:00,216,2.0027,2.005,2.0,2.005,2.0,4
2023-07-12 16:55:00,465,2.0015,2.005,2.0,2.005,2.0,10
2023-07-12 16:56:00,243,2.0011,2.0,2.0,2.0,2.0,5
2023-07-12 16:57:00,1331,2.0,2.0,2.0,2.0,2.0,5
2023-07-12 16:58:00,307,2.0,2.0,2.0,2.0,2.0,6
2023-07-12 16:59:00,1884,2.0013,2.0,2.005,2.005,2.0,7
2023-07-12 17:00:00,401,2.0,2.0,2.0,2.0,2.0,7
2023-07-12 17:01:00,300,2.0,2.0,2.0,2.0,2.0,3
2023-07-12 17:02:00,200,2.0,2.0,2.0,2.0,2.0,2
2023-07-12 17:03:00,208,2.0,2.0,2.0,2.0,2.0,3
2023-07-12 17:04:00,1142,2.0013,2.0027,2.0,2.0027,2.0,6
2023-07-12 17:05:00,301,2.0,2.0,2.0,2.0,2.0,4
2023-07-12 17:06:00,404,2.0,2.0,2.0,2.0,2.0,5
2023-07-12 17:07:00,131,2.0011,2.0,2.0,2.0,2.0,3
2023-07-12 17:08:00,700,2.0004,2.0,2.0013,2.0013,2.0,6
2023-07-12 17:09:00,1008,2.0015,2.0,2.0,2.005,2.0,8
2023-07-12 17:10:00,620,2.0012,2.0,2.0,2.0075,2.0,7
2023-07-12 17:11:00,635,2.002,2.005,2.0,2.005,2.0,8
2023-07-12 17:12:00,100,2.0,2.0,2.0,2.0,2.0,1
2023-07-12 17:13:00,15046,2.0019,2.0,2.0,2.01,2.0,26
2023-07-12 17:14:00,800,2.0016,2.0013,2.0,2.005,2.0,3
2023-07-12 17:15:00,100,2.0,2.0,2.0,2.0,2.0,1
2023-07-12 17:16:00,214,2.0016,2.0,2.0,2.0,2.0,8
2023-07-12 17:17:00,1271,2.0024,2.0,2.0,2.005,2.0,11
2023-07-12 17:18:00,602,2.0042,2.005,2.0,2.005,2.0,4
2023-07-12 17:19:00,43603,2.0063,2.0,2.005,2.01,2.0,130
2023-07-12 17:20:00,1272,2.005,2.005,2.005,2.005,2.005,8
2023-07-12 17:21:00,164,2.005,2.005,2.005,2.005,2.005,2
2023-07-12 17:22:00,100,2.005,2.005,2.005,2.005,2.005,1
2023-07-12 17:23:00,1201,2.0008,2.005,2.005,2.005,2.0,4
2023-07-12 17:24:00,224,2.0049,2.005,2.005,2.005,2.005,8
2023-07-12 17:25:00,178,2.0032,2.005,2.005,2.005,2.005,2
2023-07-12 17:26:00,501,2.007,2.01,2.005,2.01,2.005,6
2023-07-12 17:27:00,352,2.007,2.005,2.0099,2.0099,2.005,4
2023-07-12 17:28:00,61604,2.0102,2.005,2.015,2.02,2.005,170
2023-07-12 17:29:00,4168,2.015,2.015,2.015,2.015,2.015,9
2023-07-12 17:30:00,2857,2.0149,2.015,2.015,2.015,2.015,11
2023-07-12 17:32:00,148,2.0101,2.01,2.01,2.01,2.01,3
2023-07-12 17:34:00,1851,2.0111,2.015,2.01,2.015,2.01,8
2023-07-12 17:35:00,403,2.0112,2.0114,2.01,2.0114,2.01,7
2023-07-12 17:36:00,1261,2.0184,2.015,2.0191,2.0191,2.015,5
2023-07-12 17:37:00,242,2.0124,2.015,2.015,2.015,2.015,5
2023-07-12 17:38:00,18048,2.016,2.015,2.015,2.0174,2.015,35
2023-07-12 17:39:00,441,2.0144,2.015,2.015,2.015,2.015,9
2023-07-12 17:40:00,25018,2.0112,2.015,2.01,2.015,2.01,16
2023-07-12 17:41:00,2037,2.0145,2.0157,2.01,2.0157,2.01,5
2023-07-12 17:42:00,1274,2.0105,2.01,2.0101,2.0101,2.01,4
2023-07-12 17:43:00,77464,2.0097,2.015,2.005,2.015,2.005,69
2023-07-12 17:44:00,7273,2.0052,2.005,2.005,2.01,2.005,40
2023-07-12 17:45:00,11277,2.0083,2.005,2.005,2.01,2.005,40
2023-07-12 17:46:00,3042,2.0079,2.005,2.005,2.01,2.005,18
2023-07-12 17:47:00,2400,2.0035,2.005,2.0019,2.005,2.0017,8
2023-07-12 17:50:00,3729,2.0052,2.01,2.005,2.01,2.005,17
2023-07-12 17:51:00,713,2.0056,2.005,2.01,2.01,2.005,8
2023-07-12 17:52:00,200,2.0075,2.005,2.01,2.01,2.005,2
2023-07-12 17:53:00,5610,2.0082,2.01,2.005,2.01,2.005,11
2023-07-12 17:54:00,1905,2.0047,2.0021,2.005,2.005,2.0021,13
2023-07-12 17:55:00,1202,2.005,2.005,2.005,2.005,2.005,7
2023-07-12 17:56:00,112,2.0045,2.005,2.005,2.005,2.005,4
2023-07-12 17:57:00,1947,2.0051,2.005,2.005,2.005,2.005,17
2023-07-12 17:58:00,1001,2.005,2.005,2.005,2.005,2.005,2
2023-07-12 18:00:00,4416,2.0082,2.009,2.005,2.009,2.005,11
2023-07-12 18:01:00,300,2.0066,2.005,2.0099,2.0099,2.005,3
2023-07-12 18:02:00,2297,2.0062,2.005,2.005,2.01,2.005,24
2023-07-12 18:05:00,27340,2.0123,2.01,2.015,2.0199,2.005,100
2023-07-12 18:06:00,18722,2.0187,2.0122,2.02,2.02,2.0122,31
2023-07-12 18:07:00,2255,2.0172,2.02,2.015,2.02,2.015,11
2023-07-12 18:09:00,111,2.01,2.01,2.01,2.01,2.01,3
2023-07-12 18:11:00,4639,2.0149,2.015,2.015,2.015,2.0121,11
2023-07-12 18:12:00,357,2.013,2.0101,2.015,2.015,2.0101,5
2023-07-12 18:14:00,329,2.0149,2.015,2.015,2.015,2.015,3
2023-07-12 18:15:00,2835,2.0187,2.019,2.015,2.019,2.015,4
2023-07-12 18:16:00,15813,2.0112,2.0112,2.0112,2.0113,2.0112,3
2023-07-12 18:17:00,400,2.0138,2.015,2.01,2.015,2.01,4
2023-07-12 18:18:00,107,2.0149,2.015,2.015,2.015,2.015,3
2023-07-12 18:19:00,2100,2.0103,2.015,2.0101,2.015,2.0101,2
2023-07-12 18:20:00,103,2.015,2.015,2.015,2.015,2.015,3
2023-07-12 18:21:00,160,2.01,2.01,2.01,2.01,2.01,2
2023-07-12 18:22:00,203,2.015,2.015,2.015,2.015,2.015,3
2023-07-12 18:23:00,928,2.0151,2.015,2.015,2.015,2.015,7
2023-07-12 18:25:00,320,2.0151,2.015,2.015,2.015,2.015,6
2023-07-12 18:26:00,3998,2.015,2.015,2.015,2.015,2.015,25
2023-07-12 18:27:00,269,2.0151,2.015,2.015,2.015,2.015,6
2023-07-12 18:28:00,321,2.015,2.015,2.015,2.015,2.015,5
2023-07-12 18:29:00,1119,2.0151,2.015,2.015,2.015,2.015,11
2023-07-12 18:30:00,600,2.015,2.015,2.015,2.015,2.015,7
2023-07-12 18:31:00,627,2.015,2.015,2.015,2.015,2.015,8
2023-07-12 18:32:00,260,2.015,2.015,2.015,2.015,2.015,4
2023-07-12 18:33:00,509,2.0147,2.015,2.015,2.015,2.015,8
2023-07-12 18:34:00,1022,2.0148,2.015,2.015,2.0162,2.015,16
2023-07-12 18:35:00,1215,2.0153,2.015,2.015,2.015,2.015,14
2023-07-12 18:36:00,827,2.015,2.015,2.015,2.015,2.015,11
2023-07-12 18:37:00,790,2.015,2.015,2.015,2.015,2.015,7
2023-07-12 18:38:00,1469,2.0149,2.015,2.015,2.015,2.015,15
2023-07-12 18:39:00,595,2.015,2.015,2.015,2.015,2.015,9
2023-07-12 18:40:00,3649,2.0149,2.015,2.015,2.015,2.015,22
2023-07-12 18:41:00,543,2.015,2.015,2.015,2.015,2.015,9
2023-07-12 18:42:00,591,2.0143,2.015,2.015,2.015,2.015,6
2023-07-12 18:43:00,826,2.015,2.015,2.015,2.015,2.015,7
2023-07-12 18:44:00,955,2.015,2.015,2.015,2.0199,2.015,11
2023-07-12 18:45:00,698,2.015,2.015,2.015,2.015,2.015,8
2023-07-12 18:46:00,446,2.015,2.015,2.015,2.015,2.015,5
2023-07-12 18:47:00,2191,2.01,2.01,2.01,2.0105,2.01,3
2023-07-12 18:48:00,2138,2.0118,2.0142,2.01,2.0142,2.01,13
2023-07-12 18:49:00,831,2.01,2.0101,2.01,2.0101,2.01,6
2023-07-12 18:50:00,55464,2.0079,2.01,2.005,2.011,2.0,120
2023-07-12 18:52:00,77184,2.0082,2.005,2.01,2.015,2.005,239
2023-07-12 18:54:00,1062,2.0101,2.01,2.01,2.01,2.01,10
2023-07-12 18:55:00,200,2.015,2.015,2.015,2.015,2.015,1
2023-07-12 18:56:00,2114,2.01,2.01,2.01,2.0105,2.01,5
2023-07-12 18:58:00,3935,2.0151,2.015,2.015,2.015,2.015,22
2023-07-12 18:59:00,486,2.015,2.015,2.015,2.015,2.015,5
2023-07-12 19:00:00,7735,2.0162,2.015,2.015,2.02,2.015,53
2023-07-12 19:01:00,4512,2.015,2.015,2.015,2.015,2.015,23
2023-07-12 19:02:00,226,2.0152,2.0152,2.0152,2.0152,2.0152,3
2023-07-12 19:03:00,1351,2.015,2.015,2.015,2.015,2.015,12
2023-07-12 19:04:00,1997,2.015,2.015,2.015,2.015,2.015,18
2023-07-12 19:05:00,100,2.015,2.015,2.015,2.015,2.015,1
2023-07-12 19:06:00,373,2.0125,2.012,2.012,2.012,2.012,3
2023-07-12 19:09:00,433,2.0162,2.015,2.015,2.02,2.015,8
2023-07-12 19:10:00,2207,2.0155,2.015,2.02,2.02,2.015,28
2023-07-12 19:11:00,1740,2.0149,2.02,2.01,2.02,2.01,24
2023-07-12 19:12:00,424,2.0186,2.02,2.015,2.02,2.015,8
2023-07-12 19:13:00,1775,2.0159,2.015,2.015,2.02,2.015,14
2023-07-12 19:14:00,1470,2.0161,2.015,2.015,2.02,2.015,13
2023-07-12 19:15:00,18564,2.0211,2.02,2.03,2.03,2.0122,123
2023-07-12 19:16:00,10463,2.0293,2.03,2.025,2.03,2.025,53
2023-07-12 19:17:00,2394,2.0289,2.03,2.025,2.03,2.025,18
2023-07-12 19:18:00,4370,2.0275,2.025,2.025,2.03,2.025,42
2023-07-12 19:19:00,7020,2.0266,2.025,2.03,2.03,2.025,47
2023-07-12 19:20:00,2417,2.0259,2.025,2.025,2.03,2.025,26
2023-07-12 19:21:00,6422,2.0268,2.03,2.03,2.03,2.025,47
2023-07-12 19:22:00,11232,2.0221,2.025,2.02,2.025,2.02,42
2023-07-12 19:23:00,30866,2.0168,2.025,2.005,2.025,2.005,82
2023-07-12 19:24:00,5250,2.0099,2.0099,2.0099,2.0099,2.0099,2
2023-07-12 19:25:00,966,2.0033,2.0011,2.005,2.0092,2.0011,11
2023-07-12 19:27:00,12421,2.0068,2.005,2.005,2.01,2.005,40
2023-07-12 19:29:00,203,2.0049,2.005,2.005,2.005,2.005,4
2023-07-12 19:30:00,1153,2.0052,2.005,2.005,2.005,2.005,15
2023-07-12 19:31:00,154,2.006,2.005,2.005,2.005,2.005,6
2023-07-12 19:32:00,1094,2.0042,2.005,2.0,2.005,2.0,12
2023-07-12 19:33:00,356,2.0057,2.005,2.005,2.005,2.005,9
2023-07-12 19:34:00,871,2.0003,2.0001,2.0,2.0001,2.0,5
2023-07-12 19:36:00,538,2.0045,2.005,2.005,2.005,2.005,7
2023-07-12 19:37:00,1091,2.0035,2.005,2.0026,2.005,2.0026,6
2023-07-12 19:38:00,9329,2.0069,2.01,2.005,2.01,2.005,55
2023-07-12 19:39:00,740,2.0051,2.005,2.005,2.005,2.005,7
2023-07-12 19:40:00,6676,2.0059,2.01,2.005,2.01,2.0015,37
2023-07-12 19:41:00,1642,2.005,2.005,2.005,2.005,2.005,7
2023-07-12 19:42:00,4494,2.0075,2.01,2.005,2.01,2.005,23
2023-07-12 19:43:00,6129,2.0028,2.0,2.005,2.005,2.0,21
2023-07-12 19:44:00,4356,2.0076,2.01,2.005,2.01,2.005,24
2023-07-12 19:45:00,3859,2.0064,2.005,2.005,2.01,2.005,15
2023-07-12 19:46:00,400,2.0055,2.005,2.005,2.005,2.005,3
2023-07-12 19:47:00,391,2.0038,2.0022,2.005,2.005,2.0022,8
2023-07-12 19:48:00,417,2.0051,2.005,2.005,2.005,2.005,6
2023-07-12 19:49:00,621,2.0067,2.005,2.01,2.01,2.005,7
2023-07-12 19:50:00,4817,2.0059,2.005,2.005,2.01,2.005,36
2023-07-12 19:51:00,2066,2.0056,2.005,2.005,2.01,2.005,26
2023-07-12 19:52:00,2733,2.0059,2.005,2.01,2.01,2.005,35
2023-07-12 19:53:00,9098,2.0063,2.005,2.005,2.01,2.005,60
2023-07-12 19:54:00,11964,2.0037,2.005,2.0,2.01,2.0,38
2023-07-12 19:55:00,4793,2.0075,2.01,2.01,2.01,2.0,29
2023-07-12 19:56:00,17132,2.0059,2.01,2.005,2.01,2.0,88
2023-07-12 19:57:00,13963,2.0073,2.01,2.01,2.01,2.005,32
2023-07-12 19:58:00,2846,2.0045,2.005,2.005,2.005,2.0,33
2023-07-12 19:59:00,110154,1.9971,2.005,1.995,2.005,1.99,267
2023-07-12 20:00:00,100,2.0,2.0,2.0,2.0,2.0,1
2023-07-12 20:18:00,200,2.01,2.01,2.01,2.01,2.01,1
2023-07-12 20:25:00,100,1.99,1.99,1.99,1.99,1.99,1
2023-07-12 20:52:00,185,2.0192,2.0185,2.0185,2.0185,2.0185,2
2023-07-12 21:06:00,202,1.9911,1.99,1.99,1.99,1.99,3
2023-07-12 23:26:00,200,1.99,1.99,1.99,1.99,1.99,3
2023-07-13 11:16:00,100,2.02,2.02,2.02,2.02,2.02,1
2023-07-13 12:00:00,658,2.0146,2.0199,2.0199,2.0199,2.0199,11
2023-07-13 12:04:00,220,2.01,2.01,2.01,2.01,2.01,1
2023-07-13 12:27:00,344,2.001,2.002,2.0,2.002,2.0,2
2023-07-13 12:58:00,650,2.0106,2.0107,2.0107,2.0107,2.0107,2
2023-07-13 13:01:00,200,2.01,2.01,2.01,2.01,2.01,1
2023-07-13 13:06:00,100,2.01,2.01,2.01,2.01,2.01,1
2023-07-13 13:11:00,500,2.01,2.01,2.01,2.01,2.01,1
2023-07-13 13:25:00,307,2.01,2.01,2.01,2.01,2.01,5
2023-07-13 13:26:00,200,2.02,2.02,2.02,2.02,2.02,1
2023-07-13 13:28:00,1061,2.02,2.02,2.02,2.02,2.02,4
2023-07-13 13:30:00,16307,1.9999,2.0,1.99,2.0,1.99,81
2023-07-13 13:31:00,252,1.9922,1.995,1.995,1.995,1.995,4
2023-07-13 13:32:00,810,1.9927,1.9901,1.995,1.995,1.9901,12
2023-07-13 13:33:00,205,1.9936,1.99,1.99,1.99,1.99,11
2023-07-13 13:34:00,4932,1.99,1.99,1.985,1.9906,1.985,28
2023-07-13 13:35:00,2314,1.9843,1.98,1.9894,1.9894,1.98,11
2023-07-13 13:36:00,1393,1.9861,1.985,1.99,1.99,1.985,17
2023-07-13 13:37:00,16498,1.9918,1.98,1.9991,1.9991,1.98,30
2023-07-13 13:38:00,1085,1.9956,1.995,1.9973,2.0,1.99,11
2023-07-13 13:39:00,12042,1.9991,1.9954,1.9999,1.9999,1.9954,9
2023-07-13 13:40:00,939,1.9961,2.0,2.0,2.0,1.99,9
2023-07-13 13:41:00,127,1.9979,2.0,2.0,2.0,2.0,5
2023-07-13 13:42:00,286,1.995,1.995,1.995,1.995,1.995,5
2023-07-13 13:43:00,237,1.9924,1.991,1.9938,1.9938,1.991,7
2023-07-13 13:44:00,320,1.9916,1.99,1.995,1.995,1.99,6
2023-07-13 13:45:00,1457,1.9936,1.9916,2.0,2.0,1.9916,10
2023-07-13 13:46:00,15496,1.9909,1.9907,1.99,2.0,1.99,13
2023-07-13 13:47:00,13021,2.0006,1.995,2.01,2.01,1.995,52
2023-07-13 13:48:00,201,2.0056,2.01,2.0013,2.01,2.0013,3
2023-07-13 13:49:00,8354,2.001,2.005,2.005,2.005,2.0,33
2023-07-13 13:50:00,1316,2.002,2.0,2.005,2.0081,2.0,8
2023-07-13 13:51:00,1105,2.0023,2.005,2.001,2.005,2.001,8
2023-07-13 13:52:00,110,2.0092,2.01,2.01,2.01,2.01,3
2023-07-13 13:53:00,1870,2.0093,2.01,2.01,2.01,2.0035,12
2023-07-13 13:54:00,1685,2.01,2.01,2.01,2.01,2.01,13
2023-07-13 13:55:00,9980,2.0128,2.01,2.02,2.02,2.01,41
2023-07-13 13:56:00,6348,2.021,2.02,2.03,2.03,2.02,29
2023-07-13 13:57:00,865,2.0287,2.0294,2.025,2.03,2.025,8
2023-07-13 13:58:00,4306,2.028,2.03,2.03,2.03,2.0257,8
2023-07-13 13:59:00,241,2.0298,2.03,2.03,2.03,2.03,5
2023-07-13 14:00:00,19967,2.0322,2.03,2.035,2.04,2.03,71
2023-07-13 14:01:00,105,2.0305,2.03,2.03,2.03,2.03,2
2023-07-13 14:02:00,1710,2.0341,2.035,2.03,2.035,2.03,8
2023-07-13 14:03:00,18192,2.03,2.035,2.025,2.035,2.025,72
2023-07-13 14:04:00,2045,2.0215,2.025,2.02,2.025,2.02,8
2023-07-13 14:05:00,1405,2.0212,2.025,2.02,2.025,2.02,11
2023-07-13 14:06:00,3905,2.0227,2.02,2.03,2.03,2.02,21
2023-07-13 14:07:00,728,2.0299,2.03,2.03,2.03,2.0299,7
2023-07-13 14:08:00,15565,2.0299,2.03,2.025,2.03,2.025,44
2023-07-13 14:09:00,325,2.0253,2.025,2.025,2.025,2.025,4
2023-07-13 14:10:00,1917,2.0267,2.025,2.0287,2.0289,2.0245,17
2023-07-13 14:11:00,22682,2.0293,2.025,2.03,2.03,2.025,26
2023-07-13 14:12:00,2306,2.0267,2.03,2.025,2.03,2.025,5
2023-07-13 14:13:00,19638,2.0279,2.03,2.035,2.035,2.0212,46
2023-07-13 14:14:00,8310,2.0328,2.035,2.04,2.04,2.0301,25
2023-07-13 14:15:00,878,2.0382,2.04,2.04,2.04,2.04,7
2023-07-13 14:16:00,19653,2.0404,2.04,2.045,2.045,2.04,74
2023-07-13 14:17:00,27596,2.0374,2.04,2.0296,2.04,2.025,57
2023-07-13 14:19:00,2516,2.03,2.03,2.03,2.03,2.03,14
2023-07-13 14:20:00,6477,2.03,2.03,2.03,2.03,2.03,21
2023-07-13 14:21:00,9266,2.0294,2.03,2.0295,2.03,2.025,28
2023-07-13 14:22:00,8966,2.0301,2.03,2.0301,2.035,2.03,32
2023-07-13 14:23:00,408,2.035,2.035,2.035,2.035,2.035,8
2023-07-13 14:24:00,1725,2.0317,2.0379,2.03,2.0379,2.03,11
2023-07-13 14:27:00,3905,2.0306,2.0301,2.025,2.035,2.025,22
2023-07-13 14:28:00,216,2.0271,2.025,2.025,2.025,2.025,3
2023-07-13 14:29:00,1279,2.025,2.025,2.025,2.025,2.025,10
2023-07-13 14:30:00,133,2.0252,2.025,2.025,2.025,2.025,4
2023-07-13 14:32:00,1001,2.023,2.02,2.025,2.025,2.02,4
2023-07-13 14:33:00,1776,2.0288,2.03,2.025,2.03,2.025,15
2023-07-13 14:34:00,283,2.03,2.03,2.03,2.03,2.03,6
2023-07-13 14:35:00,1402,2.0264,2.03,2.03,2.03,2.025,8
2023-07-13 14:36:00,18529,2.0318,2.03,2.035,2.04,2.03,60
2023-07-13 14:37:00,85931,2.0284,2.035,2.025,2.035,2.02,127
2023-07-13 14:38:00,1410,2.0283,2.0285,2.025,2.0285,2.025,7
2023-07-13 14:39:00,625,2.0234,2.025,2.025,2.025,2.0205,5
2023-07-13 14:40:00,14057,2.0202,2.025,2.015,2.025,2.015,30
2023-07-13 14:41:00,259,2.0155,2.015,2.015,2.015,2.015,3
2023-07-13 14:45:00,99629,2.0008,2.01,2.005,2.01,1.99,193
2023-07-13 14:46:00,13161,2.0005,2.0,2.005,2.005,2.0,35
2023-07-13 14:47:00,225,2.005,2.005,2.005,2.005,2.005,3
2023-07-13 14:48:00,2271,2.0058,2.0047,2.001,2.0099,2.001,12
2023-07-13 14:49:00,355,2.0057,2.005,2.005,2.005,2.005,7
2023-07-13 14:50:00,424,2.0051,2.005,2.005,2.005,2.005,7
2023-07-13 14:51:00,250,2.005,2.005,2.005,2.005,2.005,3
2023-07-13 14:53:00,2861,2.0059,2.01,2.005,2.01,2.0012,26
2023-07-13 14:54:00,37338,2.0132,2.01,2.0199,2.02,2.005,145
2023-07-13 14:55:00,1214,2.0161,2.015,2.015,2.02,2.015,9
2023-07-13 14:56:00,159,2.0124,2.0121,2.0121,2.0121,2.0121,3
2023-07-13 14:57:00,307,2.0151,2.015,2.015,2.015,2.015,6
2023-07-13 14:59:00,233,2.0151,2.015,2.015,2.015,2.015,7
2023-07-13 15:00:00,901,2.015,2.015,2.015,2.015,2.015,8
2023-07-13 15:01:00,477,2.0149,2.015,2.015,2.015,2.015,8
2023-07-13 15:02:00,1600,2.015,2.015,2.015,2.015,2.015,10
2023-07-13 15:03:00,203,2.015,2.015,2.015,2.015,2.015,3
2023-07-13 15:06:00,650,2.0197,2.0199,2.02,2.02,2.0199,9
2023-07-13 15:07:00,311,2.0149,2.015,2.015,2.015,2.015,4
2023-07-13 15:08:00,1200,2.0123,2.0118,2.0118,2.0118,2.0118,3
2023-07-13 15:09:00,1633,2.0183,2.02,2.015,2.02,2.015,11
2023-07-13 15:10:00,110,2.0198,2.02,2.02,2.02,2.02,4
2023-07-13 15:11:00,166,2.013,2.0122,2.0122,2.0122,2.0122,5
2023-07-13 15:12:00,364,2.0154,2.015,2.015,2.015,2.015,5
2023-07-13 15:13:00,5010,2.0109,2.01,2.015,2.015,2.01,20
2023-07-13 15:14:00,409,2.0103,2.01,2.01,2.01,2.01,5
2023-07-13 15:16:00,110,2.0106,2.01,2.01,2.01,2.01,3
2023-07-13 15:17:00,441,2.0138,2.011,2.015,2.015,2.011,5
2023-07-13 15:18:00,2005,2.0181,2.02,2.02,2.02,2.015,12
2023-07-13 15:19:00,1010,2.0174,2.02,2.02,2.02,2.015,6
2023-07-13 15:20:00,1207,2.0167,2.015,2.015,2.02,2.015,11
2023-07-13 15:21:00,3500,2.0128,2.0101,2.02,2.02,2.0101,6
2023-07-13 15:22:00,170,2.0159,2.02,2.02,2.02,2.02,2
2023-07-13 15:23:00,784,2.0154,2.0101,2.015,2.02,2.0101,12
2023-07-13 15:25:00,421,2.0162,2.015,2.02,2.02,2.015,3
2023-07-13 15:27:00,2701,2.0189,2.02,2.015,2.02,2.015,15
2023-07-13 15:28:00,1964,2.0154,2.015,2.0155,2.0155,2.015,12
2023-07-13 15:29:00,2998,2.0158,2.015,2.02,2.02,2.0101,19
2023-07-13 15:31:00,1043,2.015,2.015,2.015,2.015,2.015,2
2023-07-13 15:32:00,200,2.0175,2.02,2.015,2.02,2.015,2
2023-07-13 15:33:00,108,2.0153,2.015,2.015,2.015,2.015,3
2023-07-13 15:34:00,100,2.02,2.02,2.02,2.02,2.02,1
2023-07-13 15:35:00,3560,2.0158,2.015,2.02,2.02,2.015,19
2023-07-13 15:36:00,48600,2.0267,2.02,2.035,2.04,2.015,146
2023-07-13 15:37:00,2464,2.0364,2.035,2.035,2.04,2.0313,14
2023-07-13 15:38:00,6931,2.0367,2.035,2.04,2.04,2.0343,41
2023-07-13 15:39:00,3191,2.0379,2.04,2.04,2.04,2.035,18
2023-07-13 15:40:00,18964,2.042,2.035,2.045,2.05,2.035,64
2023-07-13 15:41:00,2064,2.0452,2.045,2.045,2.045,2.045,16
2023-07-13 15:42:00,1943,2.0455,2.045,2.045,2.05,2.045,9
2023-07-13 15:43:00,8825,2.0462,2.05,2.045,2.05,2.045,38
2023-07-13 15:44:00,5102,2.0475,2.045,2.045,2.05,2.045,30
2023-07-13 15:45:00,2421,2.0473,2.045,2.05,2.05,2.04,17
2023-07-13 15:46:00,2006,2.0486,2.05,2.0432,2.05,2.0432,13
2023-07-13 15:47:00,145701,2.0509,2.05,2.055,2.06,2.05,118
2023-07-13 15:48:00,5599,2.055,2.055,2.055,2.055,2.055,18
2023-07-13 15:49:00,2703,2.0555,2.06,2.055,2.06,2.05,14
2023-07-13 15:50:00,7078,2.0514,2.055,2.05,2.0582,2.05,24
2023-07-13 15:51:00,2409,2.052,2.055,2.055,2.055,2.05,15
2023-07-13 15:52:00,30957,2.0487,2.055,2.04,2.055,2.04,44
2023-07-13 15:53:00,318,2.0455,2.045,2.045,2.045,2.045,7
2023-07-13 15:54:00,3121,2.046,2.045,2.045,2.0495,2.045,10
2023-07-13 15:56:00,1195,2.0432,2.0401,2.05,2.05,2.0401,7
2023-07-13 15:57:00,225,2.0454,2.045,2.045,2.045,2.045,3
2023-07-13 15:58:00,18301,2.0477,2.045,2.045,2.05,2.045,84
2023-07-13 15:59:00,1296,2.0454,2.045,2.045,2.05,2.045,7
2023-07-13 16:00:00,956,2.0455,2.045,2.045,2.05,2.045,10
2023-07-13 16:01:00,624,2.0458,2.045,2.05,2.05,2.045,6
2023-07-13 16:02:00,3739,2.0464,2.05,2.045,2.05,2.045,21
2023-07-13 16:03:00,1099,2.0463,2.045,2.05,2.05,2.045,11
2023-07-13 16:04:00,1124,2.0459,2.05,2.045,2.05,2.045,11
2023-07-13 16:05:00,203,2.05,2.05,2.05,2.05,2.05,3
2023-07-13 16:06:00,37933,2.0513,2.05,2.055,2.06,2.05,87
2023-07-13 16:07:00,1502,2.0593,2.06,2.06,2.06,2.0573,9
2023-07-13 16:08:00,23128,2.0603,2.06,2.065,2.065,2.06,59
2023-07-13 16:09:00,2201,2.0656,2.07,2.0641,2.07,2.0616,4
2023-07-13 16:10:00,1520,2.0664,2.07,2.065,2.07,2.065,10
2023-07-13 16:11:00,6791,2.0693,2.065,2.07,2.07,2.065,17
2023-07-13 16:12:00,2580,2.0682,2.07,2.07,2.07,2.0601,13
2023-07-13 16:13:00,997,2.0651,2.065,2.065,2.065,2.065,11
2023-07-13 16:14:00,2737,2.0649,2.0644,2.065,2.065,2.0644,15
2023-07-13 16:15:00,5760,2.0613,2.0615,2.06,2.065,2.06,20
2023-07-13 16:16:00,20028,2.0599,2.065,2.055,2.065,2.05,33
2023-07-13 16:18:00,380,2.0548,2.055,2.055,2.055,2.055,9
2023-07-13 16:19:00,451,2.0502,2.05,2.05,2.05,2.05,3
2023-07-13 16:20:00,21883,2.0493,2.05,2.04,2.05,2.04,49
2023-07-13 16:22:00,127,2.0448,2.045,2.045,2.045,2.045,4
2023-07-13 16:23:00,16210,2.0417,2.04,2.0472,2.05,2.04,9
2023-07-13 16:25:00,205,2.0401,2.04,2.04,2.04,2.04,2
2023-07-13 16:26:00,19377,2.0499,2.045,2.055,2.06,2.045,76
2023-07-13 16:27:00,100,2.06,2.06,2.06,2.06,2.06,1
2023-07-13 16:28:00,847,2.0513,2.055,2.055,2.055,2.055,10
2023-07-13 16:29:00,2051,2.0552,2.055,2.055,2.06,2.055,15
2023-07-13 16:30:00,704,2.0557,2.06,2.055,2.06,2.055,5
2023-07-13 16:31:00,18971,2.0508,2.055,2.0509,2.055,2.05,25
2023-07-13 16:32:00,12202,2.0487,2.05,2.045,2.05,2.045,20
2023-07-13 16:33:00,215,2.0448,2.045,2.045,2.045,2.045,4
2023-07-13 16:34:00,167,2.0443,2.045,2.045,2.045,2.045,7
2023-07-13 16:35:00,261,2.046,2.045,2.045,2.045,2.045,4
2023-07-13 16:36:00,201,2.045,2.045,2.045,2.045,2.045,3
2023-07-13 16:37:00,618,2.0465,2.045,2.045,2.05,2.045,9
2023-07-13 16:38:00,6700,2.0452,2.045,2.045,2.045,2.045,6
2023-07-13 16:39:00,1178,2.0452,2.045,2.045,2.045,2.045,3
2023-07-13 16:40:00,313,2.0452,2.045,2.045,2.045,2.045,5
2023-07-13 16:41:00,216,2.0452,2.045,2.045,2.045,2.045,7
2023-07-13 16:42:00,104,2.045,2.045,2.045,2.045,2.045,2
2023-07-13 16:43:00,410,2.0438,2.045,2.045,2.045,2.0401,5
2023-07-13 16:44:00,715,2.0436,2.04,2.045,2.045,2.04,10
2023-07-13 16:45:00,137,2.0456,2.045,2.045,2.045,2.045,5
2023-07-13 16:46:00,1709,2.045,2.045,2.045,2.045,2.045,6
2023-07-13 16:47:00,4004,2.047,2.045,2.045,2.05,2.045,16
2023-07-13 16:48:00,207,2.0455,2.045,2.045,2.045,2.045,5
2023-07-13 16:49:00,2434,2.0488,2.045,2.045,2.05,2.045,9
2023-07-13 16:50:00,180,2.0429,2.045,2.045,2.045,2.045,3
2023-07-13 16:51:00,100,2.045,2.045,2.045,2.045,2.045,1
2023-07-13 16:52:00,701,2.045,2.045,2.045,2.045,2.045,8
2023-07-13 16:53:00,368,2.045,2.045,2.045,2.045,2.045,7
2023-07-13 16:54:00,205,2.0474,2.045,2.05,2.05,2.045,5
2023-07-13 16:55:00,472,2.0475,2.0478,2.0478,2.0478,2.0478,6
2023-07-13 16:56:00,201,2.045,2.045,2.045,2.045,2.045,3
2023-07-13 16:57:00,302,2.045,2.045,2.045,2.045,2.045,3
2023-07-13 16:58:00,805,2.0455,2.045,2.045,2.045,2.045,5
2023-07-13 16:59:00,9720,2.0475,2.05,2.045,2.05,2.045,38
2023-07-13 17:00:00,856,2.045,2.045,2.045,2.045,2.045,7
2023-07-13 17:01:00,206,2.0451,2.045,2.045,2.045,2.045,5
2023-07-13 17:02:00,398,2.0458,2.045,2.045,2.045,2.045,4
2023-07-13 17:03:00,318,2.0448,2.045,2.045,2.045,2.045,4
2023-07-13 17:04:00,100,2.045,2.045,2.045,2.045,2.045,1
2023-07-13 17:05:00,406,2.0455,2.045,2.045,2.045,2.0449,6
2023-07-13 17:06:00,7597,2.0499,2.045,2.045,2.05,2.045,5
2023-07-13 17:07:00,200,2.0473,2.045,2.045,2.045,2.045,2
2023-07-13 17:08:00,163,2.0439,2.045,2.045,2.045,2.045,3
2023-07-13 17:09:00,4200,2.0437,2.04,2.045,2.0499,2.04,18
2023-07-13 17:10:00,2004,2.045,2.045,2.045,2.045,2.045,2
2023-07-13 17:11:00,300,2.0458,2.0475,2.045,2.0475,2.045,2
2023-07-13 17:12:00,2110,2.0453,2.0475,2.0475,2.0475,2.045,15
2023-07-13 17:13:00,673,2.0454,2.045,2.0475,2.0475,2.045,5
2023-07-13 17:14:00,1477,2.045,2.045,2.045,2.045,2.045,10
2023-07-13 17:16:00,2107,2.0479,2.05,2.045,2.05,2.045,10
2023-07-13 17:17:00,580,2.0459,2.045,2.05,2.05,2.045,5
2023-07-13 17:18:00,1245,2.0459,2.05,2.048,2.05,2.045,6
2023-07-13 17:19:00,920,2.0455,2.05,2.045,2.05,2.045,11
2023-07-13 17:20:00,1748,2.0462,2.045,2.0484,2.05,2.045,7
2023-07-13 17:21:00,330,2.0479,2.05,2.05,2.05,2.045,5
2023-07-13 17:22:00,199,2.05,2.05,2.05,2.05,2.05,3
2023-07-13 17:25:00,102,2.045,2.045,2.045,2.045,2.045,3
2023-07-13 17:27:00,200,2.045,2.045,2.045,2.045,2.045,2
2023-07-13 17:28:00,461,2.0468,2.0481,2.045,2.0481,2.045,10
2023-07-13 17:29:00,130,2.0485,2.05,2.05,2.05,2.05,4
2023-07-13 17:30:00,5564,2.0469,2.05,2.045,2.05,2.045,34
2023-07-13 17:31:00,252,2.0443,2.045,2.045,2.045,2.045,3
2023-07-13 17:32:00,1569,2.0467,2.05,2.045,2.05,2.045,18
2023-07-13 17:33:00,1260,2.046,2.045,2.045,2.05,2.045,12
2023-07-13 17:34:00,876,2.0461,2.05,2.045,2.05,2.045,8
2023-07-13 17:35:00,902,2.0467,2.045,2.045,2.05,2.045,10
2023-07-13 17:36:00,1401,2.0418,2.05,2.045,2.05,2.04,6
2023-07-13 17:37:00,912,2.0411,2.045,2.04,2.045,2.04,5
2023-07-13 17:38:00,1201,2.0415,2.04,2.0475,2.0475,2.04,9
2023-07-13 17:39:00,25467,2.0392,2.0475,2.04,2.0475,2.035,73
2023-07-13 17:40:00,32411,2.0309,2.03,2.035,2.04,2.03,64
2023-07-13 17:41:00,1472,2.0353,2.0375,2.0375,2.0375,2.035,6
2023-07-13 17:42:00,14100,2.0317,2.035,2.035,2.0384,2.03,18
2023-07-13 17:43:00,704,2.0353,2.035,2.035,2.0375,2.035,7
2023-07-13 17:44:00,302,2.0358,2.0375,2.035,2.0375,2.035,5
2023-07-13 17:45:00,460,2.0372,2.0375,2.038,2.038,2.035,4
2023-07-13 17:46:00,700,2.035,2.035,2.035,2.0375,2.03,7
2023-07-13 17:47:00,901,2.0356,2.035,2.035,2.04,2.035,8
2023-07-13 17:48:00,4090,2.035,2.0301,2.035,2.04,2.0301,17
2023-07-13 17:49:00,2595,2.0356,2.035,2.04,2.04,2.035,18
2023-07-13 17:50:00,1999,2.0356,2.035,2.04,2.04,2.0301,15
2023-07-13 17:51:00,2425,2.0356,2.035,2.035,2.04,2.035,13
2023-07-13 17:52:00,706,2.0364,2.04,2.04,2.04,2.035,8
2023-07-13 17:53:00,7996,2.0362,2.035,2.04,2.04,2.035,40
2023-07-13 17:54:00,2763,2.0347,2.035,2.04,2.04,2.0332,13
2023-07-13 17:55:00,3164,2.0361,2.035,2.035,2.04,2.035,16
2023-07-13 17:56:00,1666,2.0327,2.04,2.0301,2.04,2.0301,14
2023-07-13 17:57:00,505,2.036,2.04,2.035,2.04,2.035,7
2023-07-13 17:58:00,313,2.0381,2.04,2.04,2.04,2.035,6
2023-07-13 17:59:00,300,2.0367,2.04,2.035,2.04,2.035,3
2023-07-13 18:00:00,38338,2.0413,2.035,2.045,2.05,2.035,126
2023-07-13 18:01:00,1454,2.0483,2.045,2.05,2.05,2.045,11
2023-07-13 18:02:00,1787,2.05,2.05,2.05,2.05,2.05,10
2023-07-13 18:03:00,23822,2.0508,2.05,2.06,2.06,2.05,67
2023-07-13 18:04:00,605,2.0567,2.06,2.06,2.06,2.0503,7
2023-07-13 18:05:00,1975,2.0599,2.06,2.06,2.06,2.06,4
2023-07-13 18:06:00,22201,2.0604,2.055,2.065,2.07,2.055,75
2023-07-13 18:07:00,7900,2.0616,2.065,2.065,2.0675,2.06,29
2023-07-13 18:08:00,1802,2.065,2.065,2.0675,2.0675,2.0601,7
2023-07-13 18:09:00,344,2.0626,2.0609,2.0675,2.0675,2.0601,4
2023-07-13 18:10:00,100,2.0675,2.0675,2.0675,2.0675,2.0675,1
2023-07-13 18:11:00,6814,2.0632,2.0675,2.065,2.07,2.06,14
2023-07-13 18:12:00,13326,2.0684,2.0688,2.065,2.0688,2.0631,12
2023-07-13 18:13:00,474,2.0655,2.0675,2.0675,2.0675,2.065,7
2023-07-13 18:14:00,7666,2.0653,2.065,2.0655,2.0685,2.065,39
2023-07-13 18:15:00,4900,2.0663,2.0685,2.065,2.0699,2.065,17
2023-07-13 18:16:00,237,2.0678,2.07,2.07,2.07,2.07,4
2023-07-13 18:17:00,182,2.0678,2.07,2.07,2.07,2.07,5
2023-07-13 18:18:00,335,2.0646,2.07,2.0609,2.07,2.0609,3
2023-07-13 18:19:00,203,2.0699,2.07,2.07,2.07,2.07,4
2023-07-13 18:20:00,2803,2.0653,2.0654,2.065,2.07,2.065,19
2023-07-13 18:21:00,201,2.0675,2.07,2.065,2.07,2.065,3
2023-07-13 18:22:00,4850,2.0623,2.07,2.06,2.07,2.06,13
2023-07-13 18:23:00,41211,2.0564,2.06,2.0501,2.065,2.05,98
2023-07-13 18:24:00,150,2.0534,2.055,2.055,2.055,2.055,2
2023-07-13 18:26:00,414,2.0556,2.055,2.055,2.055,2.055,5
2023-07-13 18:27:00,106,2.0572,2.0575,2.0575,2.0575,2.0575,3
2023-07-13 18:28:00,347,2.055,2.0575,2.0575,2.0575,2.0515,5
2023-07-13 18:29:00,500,2.0555,2.055,2.0575,2.0575,2.055,5
2023-07-13 18:30:00,201,2.0563,2.055,2.0575,2.0575,2.055,3
2023-07-13 18:31:00,300,2.0567,2.0575,2.0575,2.0575,2.055,3
2023-07-13 18:32:00,1225,2.0581,2.055,2.06,2.06,2.055,6
2023-07-13 18:33:00,530,2.0559,2.055,2.055,2.0575,2.055,8
2023-07-13 18:34:00,500,2.0555,2.055,2.055,2.0575,2.055,4
2023-07-13 18:35:00,462,2.0557,2.0575,2.0575,2.0575,2.055,10
2023-07-13 18:36:00,924,2.0552,2.06,2.0512,2.06,2.0512,7
2023-07-13 18:37:00,710,2.0578,2.055,2.06,2.06,2.055,8
2023-07-13 18:38:00,2424,2.0558,2.055,2.06,2.06,2.055,7
2023-07-13 18:39:00,505,2.057,2.055,2.06,2.06,2.055,7
2023-07-13 18:40:00,886,2.0551,2.0548,2.06,2.06,2.0501,8
2023-07-13 18:41:00,500,2.0572,2.055,2.06,2.06,2.055,4
2023-07-13 18:42:00,708,2.0565,2.055,2.06,2.06,2.055,8
2023-07-13 18:43:00,1250,2.0559,2.06,2.06,2.06,2.055,4
2023-07-13 18:44:00,602,2.0575,2.06,2.06,2.06,2.055,8
2023-07-13 18:45:00,315,2.0566,2.06,2.055,2.06,2.055,6
2023-07-13 18:46:00,100,2.06,2.06,2.06,2.06,2.06,1
2023-07-13 18:47:00,763,2.0587,2.06,2.06,2.06,2.055,7
2023-07-13 18:48:00,5605,2.0509,2.06,2.06,2.06,2.05,7
2023-07-13 18:49:00,950,2.0545,2.05,2.06,2.06,2.05,6
2023-07-13 18:50:00,702,2.0557,2.06,2.06,2.06,2.05,9
2023-07-13 18:51:00,892,2.0549,2.055,2.0575,2.0575,2.055,6
2023-07-13 18:52:00,205,2.0587,2.0575,2.06,2.06,2.0575,4
2023-07-13 18:53:00,326,2.0558,2.06,2.0575,2.06,2.05,7
2023-07-13 18:54:00,403,2.0562,2.0575,2.0575,2.0575,2.055,6
2023-07-13 18:55:00,1045,2.058,2.06,2.055,2.06,2.055,9
2023-07-13 18:56:00,602,2.0581,2.06,2.06,2.06,2.0512,7
2023-07-13 18:57:00,4191,2.053,2.055,2.05,2.06,2.05,15
2023-07-13 18:58:00,1301,2.0558,2.055,2.0575,2.06,2.055,5
2023-07-13 18:59:00,318,2.0586,2.0575,2.06,2.06,2.0575,4
2023-07-13 19:00:00,790,2.0571,2.06,2.055,2.06,2.055,9
2023-07-13 19:01:00,3583,2.0554,2.055,2.06,2.06,2.055,18
2023-07-13 19:02:00,510,2.0558,2.055,2.0575,2.0575,2.055,6
2023-07-13 19:03:00,2213,2.0572,2.0575,2.0575,2.06,2.055,21
2023-07-13 19:04:00,2935,2.0557,2.055,2.055,2.06,2.055,16
2023-07-13 19:05:00,1600,2.0569,2.06,2.06,2.06,2.055,10
2023-07-13 19:06:00,2933,2.0578,2.06,2.06,2.06,2.055,28
2023-07-13 19:07:00,1809,2.0556,2.055,2.06,2.06,2.055,13
2023-07-13 19:08:00,362,2.0564,2.055,2.0575,2.0575,2.055,5
2023-07-13 19:09:00,393,2.0577,2.0575,2.06,2.06,2.055,9
2023-07-13 19:10:00,2787,2.0568,2.055,2.055,2.06,2.055,20
2023-07-13 19:11:00,1016,2.0557,2.06,2.055,2.06,2.055,8
2023-07-13 19:12:00,11542,2.0577,2.06,2.06,2.06,2.055,59
2023-07-13 19:13:00,1619,2.0569,2.055,2.06,2.06,2.055,13
2023-07-13 19:14:00,10543,2.0583,2.06,2.055,2.06,2.055,48
2023-07-13 19:15:00,30520,2.0607,2.06,2.07,2.07,2.0557,75
2023-07-13 19:16:00,1936,2.067,2.065,2.0683,2.07,2.065,12
2023-07-13 19:17:00,3604,2.0652,2.065,2.0675,2.07,2.065,14
2023-07-13 19:18:00,402,2.0656,2.065,2.065,2.0675,2.065,5
2023-07-13 19:19:00,9272,2.0613,2.065,2.0675,2.0675,2.06,27
2023-07-13 19:20:00,674,2.0639,2.0675,2.06,2.0675,2.06,10
2023-07-13 19:21:00,1021,2.0627,2.065,2.06,2.0675,2.06,11
2023-07-13 19:22:00,4234,2.0663,2.0675,2.0675,2.0699,2.065,14
2023-07-13 19:23:00,4426,2.0653,2.065,2.065,2.07,2.063,26
2023-07-13 19:24:00,4236,2.0658,2.065,2.065,2.07,2.0621,35
2023-07-13 19:25:00,1901,2.0662,2.065,2.065,2.07,2.065,12
2023-07-13 19:26:00,4795,2.0661,2.0601,2.07,2.07,2.0601,26
2023-07-13 19:27:00,5985,2.0659,2.07,2.065,2.07,2.0621,35
2023-07-13 19:28:00,1114,2.069,2.07,2.065,2.07,2.065,9
2023-07-13 19:29:00,796,2.0697,2.07,2.07,2.07,2.07,11
2023-07-13 19:30:00,1438,2.0656,2.07,2.07,2.07,2.06,13
2023-07-13 19:31:00,2511,2.0694,2.07,2.065,2.07,2.065,14
2023-07-13 19:32:00,8438,2.0639,2.06,2.07,2.07,2.06,22
2023-07-13 19:33:00,16851,2.0694,2.07,2.065,2.07,2.0637,89
2023-07-13 19:34:00,5419,2.0659,2.07,2.065,2.07,2.065,19
2023-07-13 19:35:00,3110,2.0655,2.065,2.07,2.07,2.065,14
2023-07-13 19:36:00,4141,2.0663,2.065,2.07,2.07,2.065,29
2023-07-13 19:37:00,960,2.0673,2.065,2.065,2.07,2.065,11
2023-07-13 19:38:00,3063,2.0668,2.07,2.065,2.07,2.0601,18
2023-07-13 19:39:00,7695,2.0697,2.07,2.07,2.07,2.065,35
2023-07-13 19:40:00,8230,2.0694,2.07,2.07,2.07,2.065,32
2023-07-13 19:41:00,2593,2.0697,2.07,2.068,2.07,2.068,25
2023-07-13 19:42:00,3557,2.0691,2.065,2.07,2.07,2.065,31
2023-07-13 19:43:00,2620,2.0698,2.07,2.07,2.07,2.07,24
2023-07-13 19:44:00,13256,2.0696,2.069,2.07,2.07,2.065,43
2023-07-13 19:45:00,6428,2.066,2.07,2.065,2.07,2.065,40
2023-07-13 19:46:00,832,2.0673,2.07,2.07,2.07,2.065,14
2023-07-13 19:47:00,1020,2.0674,2.065,2.065,2.07,2.065,12
2023-07-13 19:48:00,42707,2.0666,2.07,2.065,2.07,2.06,89
2023-07-13 19:49:00,3103,2.0629,2.07,2.07,2.07,2.06,22
2023-07-13 19:50:00,2306,2.0662,2.0685,2.065,2.07,2.065,19
2023-07-13 19:51:00,5939,2.0655,2.065,2.065,2.07,2.065,37
2023-07-13 19:52:00,2386,2.0658,2.065,2.065,2.07,2.065,19
2023-07-13 19:53:00,7567,2.0662,2.07,2.065,2.07,2.0617,47
2023-07-13 19:54:00,6020,2.0677,2.07,2.065,2.07,2.065,35
2023-07-13 19:55:00,27941,2.0608,2.0619,2.065,2.07,2.06,80
2023-07-13 19:56:00,32778,2.0608,2.065,2.065,2.0675,2.06,50
2023-07-13 19:57:00,22820,2.0644,2.06,2.065,2.07,2.06,74
2023-07-13 19:58:00,8717,2.0663,2.07,2.065,2.07,2.065,69
2023-07-13 19:59:00,30616,2.0667,2.065,2.06,2.07,2.06,172
2023-07-13 20:17:00,100,2.09,2.09,2.09,2.09,2.09,1
2023-07-13 20:29:00,120,2.05,2.05,2.05,2.05,2.05,1
2023-07-13 20:30:00,400,2.05,2.05,2.05,2.05,2.05,2
2023-07-13 20:43:00,345,2.05,2.05,2.05,2.05,2.05,3
2023-07-13 20:45:00,1588,2.05,2.05,2.05,2.05,2.05,4
2023-07-13 20:52:00,412,2.0424,2.05,2.04,2.05,2.04,3
2023-07-13 21:52:00,100,2.05,2.05,2.05,2.05,2.05,1
2023-07-13 21:53:00,400,2.04,2.04,2.04,2.04,2.04,1
2023-07-13 21:54:00,400,2.0659,2.07,2.07,2.07,2.07,4
2023-07-13 23:54:00,100,2.07,2.07,2.07,2.07,2.07,1
2023-07-14 09:13:00,500,2.09,2.09,2.09,2.09,2.09,1
2023-07-14 11:00:00,406,2.09,2.09,2.09,2.09,2.09,4
2023-07-14 12:00:00,3018,2.0889,2.09,2.09,2.09,2.09,12
2023-07-14 12:15:00,505,2.0702,2.07,2.07,2.07,2.07,2
2023-07-14 12:31:00,500,2.07,2.07,2.07,2.07,2.07,2
2023-07-14 12:32:00,1403,2.07,2.07,2.07,2.07,2.07,4
2023-07-14 12:33:00,3597,2.06,2.06,2.06,2.06,2.06,7
2023-07-14 12:34:00,486,2.06,2.06,2.06,2.06,2.06,2
2023-07-14 12:36:00,100,2.0799,2.0799,2.0799,2.0799,2.0799,1
2023-07-14 12:47:00,146,2.06,2.06,2.06,2.06,2.06,1
2023-07-14 13:00:00,124,2.0596,2.06,2.06,2.06,2.06,2
2023-07-14 13:03:00,1002,2.06,2.06,2.06,2.06,2.06,4
2023-07-14 13:21:00,513,2.06,2.06,2.06,2.06,2.06,2
2023-07-14 13:30:00,27864,2.0584,2.07,2.04,2.07,2.03,109
2023-07-14 13:31:00,2756,2.0367,2.04,2.04,2.04,2.033,17
2023-07-14 13:32:00,2292,2.0309,2.0325,2.0307,2.0325,2.03,6
2023-07-14 13:33:00,5364,2.0266,2.03,2.02,2.03,2.02,26
2023-07-14 13:34:00,5212,2.0132,2.015,2.01,2.02,2.01,29
2023-07-14 13:35:00,6727,2.0126,2.01,2.01,2.02,2.01,49
2023-07-14 13:36:00,1611,2.0165,2.01,2.015,2.019,2.01,8
2023-07-14 13:37:00,9732,2.0097,2.0149,2.005,2.0149,2.0007,21
2023-07-14 13:38:00,1663,2.0093,2.01,2.0,2.01,2.0,8
2023-07-14 13:40:00,300,2.0017,2.0,2.005,2.005,2.0,5
2023-07-14 13:41:00,1480,2.0,2.0,2.0,2.0,2.0,21
2023-07-14 13:42:00,479,2.0002,2.0003,2.0003,2.0003,2.0003,12
2023-07-14 13:43:00,473,2.0008,2.0,2.0007,2.0007,2.0,10
2023-07-14 13:44:00,975,2.0016,2.005,2.0,2.005,2.0,9
2023-07-14 13:45:00,1616,2.0015,2.005,2.005,2.005,2.0,13
2023-07-14 13:46:00,566,2.0044,2.0017,2.01,2.01,2.0,8
2023-07-14 13:47:00,415,2.0027,2.005,2.0,2.005,2.0,9
2023-07-14 13:48:00,5079,2.0008,2.005,2.0,2.005,2.0,32
2023-07-14 13:50:00,244,2.0065,2.005,2.0077,2.0077,2.005,9
2023-07-14 13:52:00,2759,2.0033,2.0,2.0,2.01,2.0,24
2023-07-14 13:53:00,9037,1.9986,2.0,1.99,2.0,1.99,49
2023-07-14 13:54:00,67404,1.9995,1.99,2.005,2.005,1.99,63
2023-07-14 13:55:00,205,2.004,2.002,2.002,2.002,2.002,9
2023-07-14 13:56:00,660,2.0024,2.005,2.0,2.005,2.0,4
2023-07-14 13:57:00,263,2.007,2.0082,2.0082,2.0082,2.0082,6
2023-07-14 13:58:00,13198,1.9978,2.0,1.99,2.0,1.99,25
2023-07-14 13:59:00,3673,1.9915,1.995,1.98,1.9999,1.98,14
2023-07-14 14:00:00,1204,1.983,1.9856,1.985,1.9856,1.98,8
2023-07-14 14:01:00,3532,1.9858,1.9895,1.98,1.9895,1.98,14
2023-07-14 14:02:00,3807,1.9862,1.98,1.9864,1.99,1.98,8
2023-07-14 14:03:00,43272,1.9802,1.98,1.9808,1.985,1.98,108
2023-07-14 14:04:00,16432,1.9876,1.9899,1.9827,1.9899,1.98,15
2023-07-14 14:05:00,1595,1.9792,1.98,1.972,1.98,1.972,18
2023-07-14 14:06:00,12871,1.9775,1.975,1.9725,1.9793,1.97,15
2023-07-14 14:07:00,5225,1.9748,1.975,1.97,1.975,1.97,12
2023-07-14 14:08:00,17293,1.9702,1.98,1.96,1.98,1.96,44
2023-07-14 14:09:00,7007,1.9643,1.96,1.965,1.97,1.96,17
2023-07-14 14:10:00,251,1.9609,1.96,1.9601,1.9601,1.96,6
2023-07-14 14:11:00,5157,1.9692,1.96,1.9695,1.9695,1.96,6
2023-07-14 14:12:00,56597,1.9761,1.96,1.9833,1.99,1.96,135
2023-07-14 14:13:00,2614,1.9854,1.99,1.98,1.99,1.98,7
2023-07-14 14:14:00,1806,1.9825,1.985,1.98,1.985,1.98,7
2023-07-14 14:15:00,28675,1.9742,1.98,1.97,1.985,1.97,73
2023-07-14 14:16:00,1826,1.9688,1.97,1.9699,1.97,1.9618,12
2023-07-14 14:18:00,19581,1.9605,1.965,1.96,1.965,1.96,45
2023-07-14 14:19:00,1830,1.9622,1.96,1.9641,1.965,1.96,10
2023-07-14 14:20:00,1943,1.9606,1.9601,1.9609,1.9609,1.96,11
2023-07-14 14:21:00,62605,1.9543,1.96,1.965,1.97,1.95,89
2023-07-14 14:22:00,16067,1.9608,1.9606,1.96,1.9689,1.96,9
2023-07-14 14:23:00,6052,1.9682,1.965,1.9689,1.9689,1.965,4
2023-07-14 14:24:00,1619,1.9602,1.9601,1.96,1.9601,1.96,9
2023-07-14 14:25:00,11906,1.9653,1.9639,1.9699,1.9699,1.96,24
2023-07-14 14:26:00,313,1.9667,1.9669,1.9669,1.9669,1.9669,3
2023-07-14 14:27:00,1629,1.9601,1.96,1.96,1.9605,1.96,6
2023-07-14 14:28:00,1842,1.9613,1.96,1.96,1.97,1.96,9
2023-07-14 14:29:00,1711,1.9626,1.96,1.96,1.965,1.96,7
2023-07-14 14:30:00,428,1.9662,1.96,1.9682,1.9682,1.96,13
2023-07-14 14:31:00,16974,1.9668,1.96,1.96,1.9687,1.96,27
2023-07-14 14:32:00,405,1.965,1.965,1.965,1.965,1.965,6
2023-07-14 14:33:00,11560,1.9688,1.9609,1.9641,1.9699,1.9609,9
2023-07-14 14:34:00,10513,1.9569,1.96,1.9525,1.96,1.95,34
2023-07-14 14:35:00,6578,1.9512,1.9599,1.95,1.9599,1.95,23
2023-07-14 14:36:00,5900,1.9502,1.95,1.95,1.955,1.95,12
2023-07-14 14:37:00,271,1.9521,1.95,1.95,1.95,1.95,7
2023-07-14 14:38:00,788,1.9511,1.95,1.95,1.95,1.95,5
2023-07-14 14:39:00,816,1.9538,1.955,1.95,1.955,1.95,8
2023-07-14 14:41:00,290,1.9563,1.95,1.96,1.96,1.95,4
2023-07-14 14:42:00,383,1.9546,1.95,1.95,1.96,1.95,5
2023-07-14 14:43:00,7806,1.9561,1.955,1.9586,1.96,1.95,15
2023-07-14 14:44:00,4141,1.9573,1.95,1.96,1.96,1.95,22
2023-07-14 14:45:00,35900,1.9601,1.96,1.955,1.97,1.955,109
2023-07-14 14:46:00,656,1.9574,1.955,1.96,1.96,1.955,12
2023-07-14 14:47:00,1609,1.9536,1.9577,1.95,1.9583,1.95,9
2023-07-14 14:48:00,1117,1.9575,1.955,1.9578,1.9578,1.955,7
2023-07-14 14:49:00,244,1.9505,1.95,1.95,1.95,1.95,4
2023-07-14 14:51:00,522,1.9504,1.9501,1.9501,1.9501,1.9501,5
2023-07-14 14:52:00,511,1.9517,1.9516,1.9516,1.9516,1.9516,3
2023-07-14 14:53:00,49566,1.9603,1.955,1.97,1.97,1.955,97
2023-07-14 14:54:00,1011,1.9691,1.9691,1.9691,1.9691,1.9691,6
2023-07-14 14:55:00,5300,1.9669,1.965,1.9699,1.97,1.96,15
2023-07-14 14:56:00,1058,1.9696,1.97,1.97,1.97,1.97,4
2023-07-14 14:57:00,558,1.9682,1.97,1.9622,1.97,1.9622,13
2023-07-14 14:58:00,8585,1.9691,1.96,1.965,1.97,1.96,27
2023-07-14 14:59:00,2067,1.9621,1.965,1.9617,1.965,1.9617,14
2023-07-14 15:00:00,250,1.97,1.97,1.97,1.97,1.97,9
2023-07-14 15:01:00,957,1.97,1.97,1.97,1.97,1.97,3
2023-07-14 15:02:00,251,1.9659,1.965,1.965,1.965,1.965,3
2023-07-14 15:03:00,583,1.9615,1.9618,1.9618,1.9618,1.9618,12
2023-07-14 15:04:00,286,1.9651,1.965,1.9625,1.965,1.9625,7
2023-07-14 15:05:00,568,1.9686,1.9625,1.97,1.97,1.9625,7
2023-07-14 15:06:00,31476,1.9703,1.9625,1.965,1.975,1.9625,77
2023-07-14 15:07:00,10708,1.9675,1.97,1.9657,1.97,1.96,17
2023-07-14 15:08:00,8503,1.9684,1.9699,1.9699,1.97,1.9657,9
2023-07-14 15:09:00,1043,1.97,1.97,1.97,1.97,1.97,5
2023-07-14 15:10:00,30577,1.9706,1.97,1.9706,1.98,1.9697,53
2023-07-14 15:11:00,17328,1.9674,1.97,1.97,1.97,1.96,31
2023-07-14 15:12:00,333,1.9638,1.965,1.9621,1.965,1.9621,4
2023-07-14 15:14:00,1367,1.9621,1.96,1.9622,1.9622,1.96,7
2023-07-14 15:15:00,753,1.965,1.965,1.965,1.965,1.965,7
2023-07-14 15:16:00,200,1.965,1.965,1.965,1.965,1.965,2
2023-07-14 15:18:00,273,1.9659,1.965,1.97,1.97,1.965,3
2023-07-14 15:19:00,1395,1.9615,1.965,1.965,1.965,1.96,5
2023-07-14 15:20:00,161,1.9637,1.965,1.965,1.965,1.965,4
2023-07-14 15:22:00,363,1.9619,1.96,1.96,1.965,1.96,7
2023-07-14 15:24:00,104,1.9602,1.96,1.96,1.96,1.96,2
2023-07-14 15:25:00,349,1.9621,1.96,1.965,1.965,1.96,6
2023-07-14 15:26:00,57685,1.9568,1.96,1.96,1.965,1.95,58
2023-07-14 15:27:00,42005,1.9501,1.955,1.95,1.955,1.95,16
2023-07-14 15:28:00,4199,1.9509,1.955,1.95,1.955,1.95,13
2023-07-14 15:29:00,1275,1.9547,1.955,1.95,1.9599,1.95,15
2023-07-14 15:30:00,545,1.9544,1.955,1.955,1.955,1.95,8
2023-07-14 15:31:00,5826,1.9502,1.955,1.95,1.955,1.95,7
2023-07-14 15:32:00,105763,1.9444,1.95,1.94,1.95,1.93,185
2023-07-14 15:33:00,627,1.945,1.9479,1.94,1.9479,1.94,6
2023-07-14 15:34:00,948,1.9424,1.9422,1.945,1.945,1.94,13
2023-07-14 15:35:00,1600,1.9401,1.9401,1.94,1.9401,1.94,4
2023-07-14 15:36:00,12720,1.9473,1.945,1.9425,1.95,1.94,32
2023-07-14 15:37:00,459,1.9455,1.95,1.9425,1.95,1.94,9
2023-07-14 15:38:00,328,1.9427,1.9425,1.945,1.945,1.94,6
2023-07-14 15:39:00,11926,1.9419,1.94,1.945,1.945,1.94,28
2023-07-14 15:40:00,155,1.9411,1.94,1.94,1.94,1.94,8
2023-07-14 15:41:00,453,1.9443,1.94,1.945,1.945,1.94,6
2023-07-14 15:42:00,1149,1.942,1.94,1.94,1.945,1.94,14
2023-07-14 15:43:00,17026,1.9433,1.94,1.945,1.95,1.94,33
2023-07-14 15:44:00,61455,1.9397,1.94,1.94,1.94,1.935,79
2023-07-14 15:45:00,3427,1.94,1.94,1.94,1.94,1.94,15
2023-07-14 15:46:00,6301,1.94,1.94,1.94,1.94,1.94,19
2023-07-14 15:47:00,309,1.9439,1.945,1.945,1.945,1.945,8
2023-07-14 15:48:00,1311,1.9484,1.94,1.9499,1.9499,1.94,7
2023-07-14 15:49:00,200,1.945,1.945,1.945,1.945,1.945,1
2023-07-14 15:51:00,106,1.9401,1.94,1.94,1.94,1.94,3
2023-07-14 15:52:00,3249,1.9447,1.945,1.9401,1.945,1.9401,6
2023-07-14 15:53:00,1601,1.9471,1.9483,1.94,1.95,1.94,5
2023-07-14 15:54:00,342,1.9412,1.94,1.94,1.9427,1.94,10
2023-07-14 15:55:00,310,1.9406,1.94,1.9409,1.9409,1.94,2
2023-07-14 15:56:00,628,1.9424,1.94,1.9442,1.9442,1.94,5
2023-07-14 15:57:00,631,1.9417,1.945,1.94,1.945,1.94,7
2023-07-14 15:58:00,808,1.9424,1.94,1.94,1.9447,1.94,5
2023-07-14 15:59:00,505,1.942,1.9401,1.94,1.945,1.94,4
2023-07-14 16:00:00,239,1.9451,1.94,1.9492,1.9492,1.94,9
2023-07-14 16:01:00,13855,1.9369,1.94,1.9301,1.9416,1.9301,14
2023-07-14 16:02:00,902,1.9307,1.9301,1.93,1.9301,1.93,5
2023-07-14 16:03:00,192,1.9318,1.93,1.93,1.93,1.93,5
2023-07-14 16:05:00,205,1.93,1.93,1.93,1.93,1.93,4
2023-07-14 16:06:00,112,1.9306,1.93,1.93,1.93,1.93,3
2023-07-14 16:07:00,102,1.93,1.93,1.93,1.93,1.93,2
2023-07-14 16:08:00,100,1.93,1.93,1.93,1.93,1.93,1
2023-07-14 16:09:00,764,1.9397,1.9395,1.9399,1.9399,1.9395,5
2023-07-14 16:10:00,1396,1.938,1.9385,1.935,1.9396,1.93,6
2023-07-14 16:11:00,2818,1.9348,1.935,1.935,1.935,1.93,9
2023-07-14 16:12:00,25950,1.9402,1.935,1.945,1.945,1.935,69
2023-07-14 16:13:00,314,1.9451,1.945,1.945,1.945,1.945,10
2023-07-14 16:14:00,350,1.9414,1.945,1.94,1.945,1.94,2
2023-07-14 16:16:00,180,1.9422,1.9421,1.9421,1.9421,1.9421,6
2023-07-14 16:17:00,1166,1.945,1.945,1.945,1.945,1.945,6
2023-07-14 16:18:00,706,1.9421,1.945,1.94,1.945,1.94,5
2023-07-14 16:19:00,175,1.945,1.945,1.945,1.945,1.945,1
2023-07-14 16:22:00,200,1.9499,1.9499,1.9499,1.9499,1.9499,1
2023-07-14 16:23:00,4002,1.9498,1.9498,1.9498,1.9498,1.9498,2
2023-07-14 16:24:00,116,1.9456,1.945,1.945,1.945,1.945,3
2023-07-14 16:25:00,100,1.94,1.94,1.94,1.94,1.94,1
2023-07-14 16:26:00,16363,1.9395,1.94,1.935,1.94,1.93,48
2023-07-14 16:28:00,11133,1.9364,1.9301,1.935,1.94,1.93,18
2023-07-14 16:29:00,417,1.938,1.94,1.9325,1.94,1.9325,8
2023-07-14 16:30:00,2028,1.9301,1.93,1.93,1.93,1.93,7
2023-07-14 16:31:00,207,1.9339,1.9325,1.935,1.935,1.9325,4
2023-07-14 16:33:00,12216,1.9388,1.94,1.9325,1.94,1.9319,8
2023-07-14 16:34:00,1394,1.935,1.935,1.935,1.935,1.935,5
2023-07-14 16:35:00,1706,1.934,1.93,1.9399,1.9399,1.93,5
2023-07-14 16:36:00,1228,1.9305,1.93,1.935,1.935,1.93,7
2023-07-14 16:37:00,111,1.9301,1.93,1.93,1.93,1.93,4
2023-07-14 16:38:00,431,1.9337,1.935,1.93,1.935,1.93,9
2023-07-14 16:39:00,499,1.9335,1.93,1.935,1.9364,1.93,11
2023-07-14 16:40:00,2410,1.9321,1.9343,1.93,1.9343,1.93,5
2023-07-14 16:41:00,1406,1.9352,1.935,1.935,1.935,1.935,5
2023-07-14 16:42:00,201,1.9338,1.9325,1.935,1.935,1.9325,3
2023-07-14 16:43:00,147,1.9348,1.9325,1.9325,1.9325,1.9325,6
2023-07-14 16:44:00,10222,1.9394,1.935,1.9325,1.9399,1.9325,12
2023-07-14 16:45:00,12297,1.9404,1.94,1.945,1.945,1.94,32
2023-07-14 16:46:00,312,1.9446,1.945,1.9443,1.945,1.9443,5
2023-07-14 16:48:00,110,1.9453,1.945,1.945,1.945,1.945,5
2023-07-14 16:50:00,862,1.943,1.9432,1.94,1.9432,1.94,7
2023-07-14 16:51:00,32845,1.9403,1.945,1.94,1.945,1.935,36
2023-07-14 16:52:00,657,1.9388,1.9325,1.94,1.94,1.9325,9
2023-07-14 16:53:00,113,1.9324,1.9325,1.9325,1.9325,1.9325,2
2023-07-14 16:54:00,402,1.9344,1.9325,1.935,1.935,1.9325,3
2023-07-14 16:56:00,400,1.9344,1.9325,1.935,1.935,1.9325,3
2023-07-14 16:57:00,1455,1.9348,1.935,1.9325,1.935,1.9325,6
2023-07-14 16:58:00,3603,1.9349,1.935,1.935,1.935,1.93,16
2023-07-14 16:59:00,200,1.93,1.93,1.93,1.93,1.93,1
2023-07-14 17:00:00,153,1.9333,1.93,1.93,1.93,1.93,4
2023-07-14 17:01:00,419,1.9353,1.93,1.94,1.94,1.93,7
2023-07-14 17:02:00,19852,1.937,1.9308,1.935,1.94,1.9308,29
2023-07-14 17:03:00,1526,1.9395,1.94,1.9325,1.94,1.9325,8
2023-07-14 17:04:00,572,1.9383,1.94,1.9325,1.94,1.9325,8
2023-07-14 17:05:00,5513,1.9315,1.935,1.9312,1.935,1.9312,6
2023-07-14 17:06:00,111,1.935,1.935,1.935,1.935,1.935,6
2023-07-14 17:07:00,1782,1.9343,1.93,1.935,1.935,1.93,8
2023-07-14 17:08:00,2912,1.9327,1.935,1.935,1.935,1.93,9
2023-07-14 17:09:00,1540,1.9311,1.935,1.93,1.935,1.93,7
2023-07-14 17:10:00,12127,1.9391,1.935,1.9325,1.9393,1.9325,8
2023-07-14 17:11:00,2201,1.939,1.939,1.939,1.939,1.939,4
2023-07-14 17:12:00,271,1.9341,1.935,1.9325,1.935,1.9325,6
2023-07-14 17:14:00,550,1.9341,1.9325,1.935,1.935,1.9325,3
2023-07-14 17:15:00,703,1.9343,1.935,1.935,1.935,1.9325,6
2023-07-14 17:16:00,694,1.935,1.935,1.9325,1.935,1.9325,3
2023-07-14 17:17:00,6102,1.9389,1.935,1.94,1.94,1.935,18
2023-07-14 17:18:00,153,1.9349,1.9325,1.9325,1.9325,1.9325,3
2023-07-14 17:19:00,562,1.9336,1.9325,1.93,1.935,1.93,6
2023-07-14 17:20:00,101,1.935,1.935,1.935,1.935,1.935,2
2023-07-14 17:21:00,13454,1.9318,1.939,1.93,1.939,1.93,47
2023-07-14 17:22:00,100,1.93,1.93,1.93,1.93,1.93,1
2023-07-14 17:23:00,304,1.931,1.931,1.931,1.931,1.931,3
2023-07-14 17:25:00,370,1.9308,1.93,1.93,1.93,1.93,8
2023-07-14 17:26:00,114,1.9306,1.93,1.93,1.93,1.93,7
2023-07-14 17:27:00,476,1.9311,1.93,1.9329,1.9329,1.93,3
2023-07-14 17:28:00,3267,1.9303,1.93,1.93,1.9311,1.93,13
2023-07-14 17:29:00,15220,1.9293,1.93,1.925,1.93,1.925,56
2023-07-14 17:30:00,804,1.9247,1.925,1.925,1.925,1.925,8
2023-07-14 17:31:00,2768,1.9284,1.9287,1.9299,1.9299,1.925,7
2023-07-14 17:32:00,1776,1.9239,1.9225,1.925,1.925,1.92,11
2023-07-14 17:33:00,271,1.9226,1.925,1.92,1.925,1.92,11
2023-07-14 17:34:00,8607,1.9205,1.925,1.92,1.925,1.92,10
2023-07-14 17:36:00,174,1.9211,1.92,1.92,1.92,1.92,7
2023-07-14 17:37:00,969,1.9201,1.92,1.92,1.92,1.92,10
2023-07-14 17:38:00,4032,1.925,1.925,1.925,1.925,1.925,16
2023-07-14 17:39:00,106,1.9227,1.9225,1.9225,1.9225,1.9225,3
2023-07-14 17:40:00,111,1.9231,1.9225,1.9225,1.9225,1.9225,3
2023-07-14 17:41:00,10369,1.9297,1.925,1.9225,1.93,1.9225,9
2023-07-14 17:42:00,3006,1.925,1.925,1.925,1.925,1.925,3
2023-07-14 17:43:00,777,1.9245,1.9225,1.925,1.925,1.9225,9
2023-07-14 17:44:00,500,1.92,1.92,1.92,1.92,1.92,1
2023-07-14 17:45:00,1245,1.9208,1.925,1.9225,1.925,1.9201,6
2023-07-14 17:47:00,1710,1.9249,1.925,1.9225,1.925,1.9225,5
2023-07-14 17:48:00,101,1.925,1.925,1.925,1.925,1.925,2
2023-07-14 17:49:00,215,1.9224,1.9225,1.9225,1.9225,1.9225,3
2023-07-14 17:50:00,233,1.9245,1.925,1.925,1.925,1.925,8
2023-07-14 17:51:00,200,1.92,1.92,1.92,1.92,1.92,1
2023-07-14 17:53:00,243,1.9247,1.925,1.925,1.925,1.925,5
2023-07-14 17:54:00,211,1.9224,1.9225,1.9225,1.9225,1.9225,2
2023-07-14 17:56:00,12333,1.9297,1.925,1.93,1.93,1.925,32
2023-07-14 17:57:00,5027,1.9294,1.9294,1.93,1.93,1.92,20
2023-07-14 17:58:00,254,1.9349,1.935,1.935,1.935,1.935,5
2023-07-14 17:59:00,437,1.9359,1.935,1.935,1.935,1.935,5
2023-07-14 18:00:00,2140,1.9349,1.935,1.935,1.935,1.935,8
2023-07-14 18:01:00,246,1.9353,1.935,1.935,1.935,1.935,4
2023-07-14 18:02:00,239,1.9345,1.935,1.9343,1.935,1.9343,5
2023-07-14 18:03:00,730,1.9339,1.935,1.93,1.935,1.93,14
2023-07-14 18:04:00,3004,1.9306,1.9306,1.9306,1.9306,1.9306,2
2023-07-14 18:07:00,315,1.935,1.935,1.935,1.935,1.935,3
2023-07-14 18:08:00,4259,1.93,1.93,1.9298,1.93,1.9298,16
2023-07-14 18:09:00,196,1.923,1.925,1.925,1.925,1.925,4
2023-07-14 18:11:00,319,1.9233,1.9259,1.92,1.9259,1.92,6
2023-07-14 18:12:00,500,1.9217,1.9217,1.9217,1.9217,1.9217,1
2023-07-14 18:13:00,172,1.924,1.925,1.925,1.925,1.925,4
2023-07-14 18:15:00,505,1.9269,1.9225,1.9299,1.9299,1.9225,5
2023-07-14 18:16:00,37272,1.9302,1.93,1.94,1.94,1.93,45
2023-07-14 18:17:00,205,1.9327,1.9325,1.9325,1.9325,1.9325,2
2023-07-14 18:19:00,2726,1.935,1.935,1.935,1.935,1.935,6
2023-07-14 18:20:00,225,1.9306,1.93,1.93,1.93,1.93,2
2023-07-14 18:21:00,16044,1.9293,1.93,1.925,1.935,1.925,40
2023-07-14 18:22:00,3006,1.9248,1.925,1.925,1.925,1.92,9
2023-07-14 18:23:00,1610,1.925,1.925,1.925,1.925,1.925,4
2023-07-14 18:24:00,1500,1.925,1.925,1.925,1.925,1.925,3
2023-07-14 18:26:00,3200,1.9292,1.92,1.9296,1.93,1.92,11
2023-07-14 18:27:00,1055,1.9295,1.93,1.927,1.93,1.927,12
2023-07-14 18:28:00,304,1.922,1.9225,1.921,1.9225,1.921,4
2023-07-14 18:29:00,106,1.9252,1.925,1.925,1.925,1.925,3
2023-07-14 18:31:00,211,1.9225,1.9225,1.9225,1.9225,1.9225,5
2023-07-14 18:32:00,201,1.925,1.925,1.925,1.925,1.925,3
2023-07-14 18:34:00,2650,1.9298,1.9299,1.9299,1.9299,1.9299,2
2023-07-14 18:35:00,200,1.9225,1.9225,1.9225,1.9225,1.9225,2
2023-07-14 18:37:00,390,1.9263,1.925,1.925,1.93,1.925,3
2023-07-14 18:38:00,295,1.9231,1.9225,1.92,1.9225,1.92,7
2023-07-14 18:39:00,201,1.9239,1.925,1.925,1.925,1.925,4
2023-07-14 18:40:00,105,1.9225,1.9225,1.9225,1.9225,1.9225,2
2023-07-14 18:41:00,530,1.9267,1.93,1.93,1.93,1.92,5
2023-07-14 18:42:00,10167,1.9201,1.92,1.925,1.925,1.92,4
2023-07-14 18:43:00,1510,1.925,1.925,1.925,1.925,1.925,16
2023-07-14 18:44:00,620,1.9249,1.925,1.925,1.925,1.925,2
2023-07-14 18:45:00,1400,1.9245,1.925,1.925,1.925,1.92,14
2023-07-14 18:46:00,2804,1.925,1.925,1.925,1.925,1.925,5
2023-07-14 18:47:00,741,1.9237,1.925,1.92,1.925,1.92,2
2023-07-14 18:48:00,575,1.92,1.92,1.92,1.92,1.92,2
2023-07-14 18:49:00,852,1.9273,1.9299,1.92,1.9299,1.92,3
2023-07-14 18:50:00,158,1.9211,1.92,1.92,1.92,1.92,5
2023-07-14 18:51:00,220,1.9203,1.92,1.92,1.92,1.92,3
2023-07-14 18:53:00,755,1.9253,1.925,1.925,1.925,1.925,2
2023-07-14 18:54:00,201,1.92,1.92,1.92,1.92,1.92,2
2023-07-14 18:55:00,8557,1.9294,1.925,1.9288,1.93,1.925,12
2023-07-14 18:56:00,832,1.9244,1.9225,1.925,1.925,1.9225,7
2023-07-14 18:57:00,6884,1.9274,1.9296,1.925,1.9296,1.92,9
2023-07-14 18:58:00,552,1.9245,1.92,1.93,1.93,1.92,4
2023-07-14 19:00:00,211,1.9201,1.92,1.92,1.92,1.92,5
2023-07-14 19:01:00,18718,1.9198,1.92,1.915,1.925,1.915,67
2023-07-14 19:02:00,2106,1.9124,1.91,1.915,1.915,1.91,4
2023-07-14 19:03:00,1020,1.9146,1.91,1.915,1.915,1.91,5
2023-07-14 19:04:00,392,1.916,1.9125,1.9198,1.9198,1.9125,8
2023-07-14 19:06:00,983,1.9131,1.91,1.91,1.915,1.91,8
2023-07-14 19:07:00,2334,1.9149,1.915,1.915,1.915,1.915,9
2023-07-14 19:08:00,5202,1.911,1.91,1.911,1.911,1.91,4
2023-07-14 19:09:00,3950,1.9126,1.91,1.91,1.915,1.91,20
2023-07-14 19:10:00,773,1.9106,1.91,1.915,1.915,1.91,9
2023-07-14 19:11:00,5304,1.918,1.91,1.9184,1.9184,1.91,5
2023-07-14 19:13:00,400,1.91,1.91,1.91,1.91,1.91,4
2023-07-14 19:14:00,6027,1.9189,1.9199,1.91,1.9199,1.91,11
2023-07-14 19:15:00,29213,1.9177,1.915,1.92,1.92,1.91,32
2023-07-14 19:16:00,8593,1.9199,1.9125,1.925,1.925,1.9125,22
2023-07-14 19:17:00,265,1.9257,1.925,1.93,1.93,1.925,6
2023-07-14 19:18:00,489,1.92,1.92,1.92,1.92,1.92,3
2023-07-14 19:19:00,15763,1.9198,1.92,1.92,1.925,1.915,34
2023-07-14 19:21:00,2446,1.92,1.92,1.92,1.92,1.92,6
2023-07-14 19:22:00,500,1.9118,1.9118,1.9118,1.9118,1.9118,1
2023-07-14 19:24:00,11407,1.915,1.91,1.9191,1.92,1.91,15
2023-07-14 19:25:00,7338,1.9176,1.91,1.9187,1.9199,1.91,15
2023-07-14 19:26:00,1021,1.9199,1.9199,1.9199,1.9199,1.9199,3
2023-07-14 19:27:00,42767,1.9198,1.9199,1.92,1.92,1.915,58
2023-07-14 19:28:00,17167,1.9197,1.92,1.9199,1.92,1.9183,40
2023-07-14 19:29:00,11500,1.9195,1.9199,1.92,1.92,1.915,13
2023-07-14 19:30:00,11601,1.9199,1.9199,1.92,1.92,1.9199,23
2023-07-14 19:31:00,803,1.92,1.92,1.92,1.92,1.92,4
2023-07-14 19:32:00,1551,1.919,1.92,1.91,1.92,1.91,4
2023-07-14 19:33:00,100,1.92,1.92,1.92,1.92,1.92,1
2023-07-14 19:34:00,4694,1.92,1.92,1.92,1.92,1.92,13
2023-07-14 19:35:00,1342,1.9148,1.915,1.9148,1.915,1.9148,6
2023-07-14 19:36:00,12896,1.9144,1.92,1.915,1.92,1.91,29
2023-07-14 19:37:00,106,1.9184,1.9188,1.9188,1.9188,1.9188,3
2023-07-14 19:38:00,407,1.915,1.915,1.915,1.915,1.915,5
2023-07-14 19:39:00,2302,1.91,1.91,1.91,1.9101,1.91,5
2023-07-14 19:40:00,15602,1.9191,1.915,1.919,1.92,1.915,9
2023-07-14 19:41:00,7534,1.9131,1.915,1.915,1.915,1.9101,15
2023-07-14 19:42:00,1632,1.9149,1.915,1.9194,1.9194,1.91,14
2023-07-14 19:43:00,8826,1.915,1.915,1.915,1.915,1.915,26
2023-07-14 19:44:00,2650,1.9164,1.9125,1.915,1.92,1.91,8
2023-07-14 19:45:00,5840,1.9178,1.915,1.912,1.919,1.912,15
2023-07-14 19:46:00,703,1.9132,1.9125,1.91,1.915,1.91,8
2023-07-14 19:47:00,850,1.9131,1.915,1.9125,1.915,1.9125,7
2023-07-14 19:48:00,44004,1.9197,1.915,1.92,1.92,1.9122,20
2023-07-14 19:49:00,3083,1.9138,1.91,1.92,1.92,1.91,9
2023-07-14 19:50:00,1622,1.9123,1.9125,1.91,1.915,1.91,11
2023-07-14 19:51:00,24834,1.9179,1.915,1.92,1.92,1.91,76
2023-07-14 19:52:00,1652,1.9182,1.915,1.915,1.92,1.915,11
2023-07-14 19:53:00,989,1.915,1.915,1.915,1.915,1.915,16
2023-07-14 19:54:00,7422,1.9171,1.9119,1.915,1.92,1.91,24
2023-07-14 19:55:00,14904,1.9155,1.915,1.915,1.92,1.91,54
2023-07-14 19:56:00,3769,1.9137,1.915,1.915,1.915,1.91,28
2023-07-14 19:57:00,5394,1.9128,1.915,1.915,1.915,1.91,28
2023-07-14 19:58:00,10967,1.9147,1.915,1.9125,1.915,1.91,51
2023-07-14 19:59:00,26090,1.9163,1.9125,1.92,1.92,1.91,84
2023-07-14 20:00:00,10860,1.91,1.91,1.91,1.91,1.91,1
2023-07-14 20:03:00,100,1.93,1.93,1.93,1.93,1.93,1
2023-07-14 20:14:00,1007,1.93,1.93,1.93,1.93,1.93,2
2023-07-14 20:16:00,200,1.91,1.91,1.91,1.91,1.91,1
2023-07-14 20:32:00,1025,1.9105,1.91,1.91,1.91,1.91,2
2023-07-14 20:35:00,100,1.92,1.92,1.92,1.92,1.92,1
2023-07-14 20:55:00,505,1.93,1.93,1.93,1.93,1.93,2
2023-07-14 22:00:00,400,1.93,1.93,1.93,1.93,1.93,2
2023-07-14 22:17:00,100,1.9201,1.9201,1.9201,1.9201,1.9201,1
2023-07-14 22:48:00,909,1.93,1.93,1.93,1.93,1.93,2
2023-07-14 23:32:00,929,1.94,1.94,1.94,1.94,1.94,2
2023-07-14 23:39:00,400,1.92,1.92,1.92,1.92,1.92,1
2023-07-17 11:00:00,261,1.95,1.95,1.95,1.95,1.95,3
2023-07-17 12:00:00,6138,1.9306,1.9304,1.9304,1.9304,1.9304,13
2023-07-17 12:23:00,508,1.93,1.93,1.93,1.93,1.93,2
2023-07-17 12:29:00,100,1.93,1.93,1.93,1.93,1.93,1
2023-07-17 13:30:00,37038,1.9063,1.92,1.8907,1.92,1.8907,248
2023-07-17 13:31:00,6319,1.9004,1.8999,1.8907,1.91,1.8907,50
2023-07-17 13:32:00,622,1.8905,1.89,1.89,1.89,1.89,6
2023-07-17 13:33:00,1318,1.8947,1.895,1.895,1.895,1.89,12
2023-07-17 13:34:00,278,1.8906,1.89,1.89,1.89,1.89,6
2023-07-17 13:35:00,711,1.8979,1.89,1.896,1.9,1.89,10
2023-07-17 13:36:00,3695,1.8895,1.89,1.885,1.89,1.885,18
2023-07-17 13:37:00,417,1.8905,1.89,1.8907,1.8907,1.89,8
2023-07-17 13:38:00,4843,1.8923,1.8901,1.895,1.8991,1.8901,9
2023-07-17 13:39:00,27606,1.8829,1.89,1.8899,1.89,1.88,49
2023-07-17 13:40:00,9714,1.8801,1.88,1.885,1.885,1.88,36
2023-07-17 13:41:00,4136,1.8824,1.885,1.89,1.89,1.88,12
2023-07-17 13:42:00,8289,1.8877,1.8801,1.8902,1.8902,1.8801,18
2023-07-17 13:43:00,143,1.8906,1.89,1.89,1.89,1.89,7
2023-07-17 13:44:00,244,1.8946,1.895,1.895,1.895,1.895,5
2023-07-17 13:47:00,182,1.895,1.895,1.895,1.895,1.895,3
2023-07-17 13:48:00,501,1.89,1.89,1.89,1.89,1.89,2
2023-07-17 13:49:00,12275,1.9014,1.9,1.905,1.91,1.8999,38
2023-07-17 13:50:00,1125,1.9018,1.9001,1.905,1.905,1.9001,4
2023-07-17 13:51:00,1922,1.9019,1.9,1.905,1.905,1.9,13
2023-07-17 13:52:00,15082,1.9103,1.9073,1.915,1.915,1.9004,34
2023-07-17 13:53:00,3771,1.9119,1.9106,1.91,1.915,1.91,9
2023-07-17 13:54:00,600,1.9182,1.9195,1.9195,1.9195,1.9195,3
2023-07-17 13:55:00,1254,1.9145,1.9113,1.9199,1.9199,1.9113,4
2023-07-17 13:56:00,26660,1.9174,1.91,1.915,1.92,1.91,40
2023-07-17 13:57:00,766,1.9197,1.92,1.92,1.92,1.92,8
2023-07-17 13:59:00,1365,1.9193,1.92,1.9187,1.92,1.9187,7
2023-07-17 14:01:00,1907,1.9113,1.9113,1.9113,1.9113,1.9113,4
2023-07-17 14:02:00,2506,1.9115,1.9115,1.9115,1.9115,1.9115,7
2023-07-17 14:04:00,2043,1.9178,1.92,1.9157,1.92,1.9157,5
2023-07-17 14:05:00,26037,1.9238,1.92,1.925,1.9299,1.9197,46
2023-07-17 14:06:00,33253,1.9211,1.921,1.925,1.925,1.92,56
2023-07-17 14:07:00,19287,1.9171,1.9299,1.92,1.9299,1.91,27
2023-07-17 14:08:00,17814,1.91,1.91,1.9099,1.915,1.905,33
2023-07-17 14:09:00,1157,1.9048,1.9,1.9055,1.9055,1.9,4
2023-07-17 14:10:00,214,1.9049,1.905,1.905,1.905,1.905,7
2023-07-17 14:11:00,831,1.9008,1.9,1.9018,1.9018,1.9,4
2023-07-17 14:13:00,1009,1.905,1.905,1.905,1.905,1.905,4
2023-07-17 14:14:00,222,1.9036,1.9036,1.9036,1.9036,1.9036,4
2023-07-17 14:15:00,10071,1.9,1.9,1.9,1.9,1.9,6
2023-07-17 14:17:00,5016,1.9091,1.9091,1.9091,1.9091,1.9091,3
2023-07-17 14:18:00,3028,1.905,1.905,1.905,1.905,1.905,5
2023-07-17 14:20:00,577,1.9044,1.905,1.905,1.905,1.905,6
2023-07-17 14:21:00,115,1.9002,1.9,1.9,1.9,1.9,2
2023-07-17 14:23:00,14622,1.9001,1.9,1.9,1.905,1.8992,49
2023-07-17 14:24:00,589,1.9,1.9,1.9,1.9,1.9,5
2023-07-17 14:25:00,368,1.8985,1.9,1.9,1.9,1.9,7
2023-07-17 14:26:00,903,1.8915,1.8915,1.89,1.8915,1.89,8
2023-07-17 14:27:00,205,1.895,1.895,1.895,1.895,1.895,5
2023-07-17 14:29:00,126,1.8979,1.9,1.9,1.9,1.9,4
2023-07-17 14:30:00,334,1.8932,1.89,1.9,1.9,1.89,9
2023-07-17 14:32:00,2473,1.8907,1.8912,1.89,1.895,1.89,10
2023-07-17 14:33:00,28484,1.8905,1.89,1.895,1.895,1.8885,85
2023-07-17 14:34:00,1736,1.8901,1.8901,1.8901,1.8901,1.8901,3
2023-07-17 14:35:00,112,1.8953,1.895,1.895,1.895,1.895,4
2023-07-17 14:36:00,507,1.8951,1.895,1.8951,1.8951,1.895,5
2023-07-17 14:37:00,126,1.894,1.895,1.895,1.895,1.895,3
2023-07-17 14:39:00,1445,1.895,1.895,1.895,1.895,1.895,9
2023-07-17 14:41:00,803,1.8932,1.895,1.89,1.895,1.89,6
2023-07-17 14:44:00,2652,1.8948,1.89,1.895,1.895,1.89,8
2023-07-17 14:45:00,540,1.8982,1.899,1.895,1.899,1.895,8
2023-07-17 14:47:00,5361,1.8923,1.8912,1.895,1.895,1.8912,5
2023-07-17 14:50:00,1109,1.8949,1.895,1.895,1.895,1.895,8
2023-07-17 14:51:00,1045,1.8949,1.895,1.895,1.895,1.895,2
2023-07-17 14:52:00,182,1.8918,1.892,1.892,1.892,1.892,2
2023-07-17 14:53:00,17434,1.9008,1.9,1.905,1.905,1.8999,34
2023-07-17 14:55:00,1778,1.9069,1.9057,1.9085,1.9085,1.9048,8
2023-07-17 14:56:00,113,1.9046,1.905,1.905,1.905,1.905,3
2023-07-17 14:57:00,1796,1.9086,1.909,1.9059,1.91,1.9059,6
2023-07-17 14:58:00,612,1.91,1.91,1.91,1.91,1.91,3
2023-07-17 14:59:00,887,1.9022,1.905,1.905,1.905,1.9,3
2023-07-17 15:00:00,11707,1.9005,1.905,1.89,1.905,1.89,45
2023-07-17 15:01:00,145,1.898,1.8982,1.8982,1.8982,1.8982,3
2023-07-17 15:03:00,234,1.8902,1.89,1.89,1.89,1.89,6
2023-07-17 15:04:00,236,1.8935,1.895,1.895,1.895,1.895,4
2023-07-17 15:05:00,501,1.89,1.89,1.89,1.89,1.89,3
2023-07-17 15:06:00,100,1.89,1.89,1.89,1.89,1.89,1
2023-07-17 15:07:00,136,1.8913,1.89,1.89,1.89,1.89,3
2023-07-17 15:12:00,138,1.8911,1.8914,1.8914,1.8914,1.8914,3
2023-07-17 15:14:00,1072,1.8964,1.895,1.8968,1.8968,1.895,4
2023-07-17 15:15:00,100,1.89,1.89,1.89,1.89,1.89,1
2023-07-17 15:16:00,378,1.8913,1.8913,1.8913,1.8913,1.8913,4
2023-07-17 15:20:00,135,1.8903,1.8901,1.8901,1.8901,1.8901,5
2023-07-17 15:21:00,103,1.8901,1.89,1.89,1.89,1.89,3
2023-07-17 15:22:00,20819,1.8847,1.89,1.88,1.895,1.88,43
2023-07-17 15:23:00,46340,1.8802,1.885,1.885,1.885,1.875,107
2023-07-17 15:24:00,3063,1.8802,1.8801,1.8801,1.8801,1.8801,3
2023-07-17 15:25:00,2059,1.8849,1.885,1.885,1.885,1.885,10
2023-07-17 15:26:00,200,1.8848,1.8896,1.88,1.8896,1.88,2
2023-07-17 15:27:00,426,1.8882,1.89,1.8895,1.89,1.885,9
2023-07-17 15:29:00,612,1.8812,1.8812,1.8812,1.8812,1.8812,3
2023-07-17 15:33:00,360,1.8899,1.89,1.8899,1.89,1.8899,6
2023-07-17 15:34:00,3200,1.8889,1.885,1.889,1.889,1.885,2
2023-07-17 15:35:00,7629,1.8899,1.89,1.89,1.89,1.89,9
2023-07-17 15:38:00,250,1.8834,1.885,1.88,1.885,1.88,7
2023-07-17 15:39:00,276,1.8801,1.88,1.88,1.88,1.88,3
2023-07-17 15:40:00,258,1.885,1.885,1.885,1.885,1.885,2
2023-07-17 15:41:00,272,1.8852,1.885,1.885,1.885,1.885,7
2023-07-17 15:42:00,165,1.8846,1.885,1.885,1.885,1.885,3
2023-07-17 15:43:00,607,1.885,1.885,1.885,1.885,1.885,3
2023-07-17 15:44:00,227,1.8802,1.88,1.88,1.88,1.88,3
2023-07-17 15:48:00,108,1.8804,1.88,1.88,1.88,1.88,4
2023-07-17 15:49:00,151,1.89,1.89,1.89,1.89,1.89,2
2023-07-17 15:50:00,46243,1.8815,1.885,1.88,1.885,1.88,53
2023-07-17 15:51:00,33214,1.8793,1.88,1.87,1.88,1.87,42
2023-07-17 15:52:00,1544,1.8737,1.875,1.8738,1.88,1.87,15
2023-07-17 15:53:00,5109,1.878,1.875,1.8796,1.88,1.875,12
2023-07-17 15:54:00,394,1.8758,1.875,1.875,1.875,1.875,6
2023-07-17 15:58:00,602,1.8724,1.87,1.875,1.875,1.87,7
2023-07-17 15:59:00,22409,1.8711,1.87,1.87,1.875,1.87,49
2023-07-17 16:00:00,3110,1.87,1.87,1.87,1.87,1.87,18
2023-07-17 16:01:00,2881,1.87,1.87,1.87,1.87,1.87,9
2023-07-17 16:03:00,759,1.8711,1.8704,1.8701,1.8704,1.8701,8
2023-07-17 16:04:00,20609,1.8675,1.87,1.865,1.87,1.86,63
2023-07-17 16:05:00,1379,1.87,1.8699,1.87,1.87,1.8699,5
2023-07-17 16:06:00,3118,1.8651,1.865,1.8699,1.8699,1.865,7
2023-07-17 16:07:00,14771,1.8713,1.8699,1.8713,1.88,1.8699,32
2023-07-17 16:10:00,560,1.8705,1.87,1.87,1.87,1.87,3
2023-07-17 16:14:00,2064,1.8779,1.875,1.88,1.88,1.875,8
2023-07-17 16:15:00,532,1.8747,1.875,1.8744,1.875,1.8744,5
2023-07-17 16:16:00,499,1.8765,1.875,1.875,1.88,1.875,6
2023-07-17 16:17:00,1258,1.8735,1.8701,1.875,1.875,1.8701,7
2023-07-17 16:18:00,14509,1.8709,1.871,1.865,1.875,1.865,38
2023-07-17 16:19:00,2500,1.8698,1.87,1.865,1.87,1.865,2
2023-07-17 16:20:00,225,1.86,1.86,1.86,1.86,1.86,3
2023-07-17 16:22:00,204,1.8604,1.8603,1.8603,1.8603,1.8603,2
2023-07-17 16:23:00,421,1.8604,1.86,1.86,1.86,1.86,8
2023-07-17 16:24:00,7706,1.8602,1.87,1.8601,1.87,1.8601,6
2023-07-17 16:25:00,334,1.8621,1.86,1.8601,1.8601,1.86,6
2023-07-17 16:26:00,101,1.865,1.865,1.865,1.865,1.865,2
2023-07-17 16:27:00,226,1.8686,1.87,1.87,1.87,1.87,5
2023-07-17 16:28:00,186,1.8609,1.86,1.86,1.86,1.86,4
2023-07-17 16:29:00,100,1.87,1.87,1.87,1.87,1.87,1
2023-07-17 16:30:00,102,1.862,1.862,1.862,1.862,1.862,3
2023-07-17 16:31:00,1435,1.8623,1.864,1.8612,1.864,1.86,7
2023-07-17 16:33:00,221,1.8646,1.87,1.86,1.87,1.86,6
2023-07-17 16:34:00,1843,1.8614,1.8614,1.8614,1.8614,1.8614,5
2023-07-17 16:35:00,250,1.8663,1.865,1.865,1.865,1.865,3
2023-07-17 16:36:00,2419,1.8602,1.86,1.8601,1.865,1.86,7
2023-07-17 16:37:00,202,1.865,1.865,1.865,1.865,1.865,3
2023-07-17 16:38:00,200,1.8675,1.865,1.8699,1.8699,1.865,2
2023-07-17 16:41:00,438,1.8605,1.8601,1.8601,1.8601,1.8601,8
2023-07-17 16:42:00,461,1.8628,1.8619,1.8619,1.8619,1.8619,7
2023-07-17 16:44:00,1856,1.8666,1.86,1.87,1.87,1.86,14
2023-07-17 16:45:00,3121,1.8665,1.86,1.87,1.87,1.86,17
2023-07-17 16:46:00,112,1.8631,1.8625,1.8625,1.8625,1.8625,5
2023-07-17 16:47:00,25214,1.8707,1.87,1.8701,1.875,1.8696,47
2023-07-17 16:48:00,648,1.8735,1.875,1.87,1.875,1.87,10
2023-07-17 16:49:00,39924,1.8717,1.875,1.87,1.875,1.87,98
2023-07-17 16:50:00,622,1.87,1.87,1.87,1.87,1.87,3
2023-07-17 16:53:00,3669,1.8741,1.875,1.87,1.875,1.87,8
2023-07-17 16:55:00,6292,1.8726,1.875,1.875,1.875,1.87,6
2023-07-17 16:56:00,410,1.8713,1.87,1.875,1.875,1.87,5
2023-07-17 16:57:00,60670,1.8793,1.875,1.8799,1.885,1.875,95
2023-07-17 16:58:00,647,1.8807,1.88,1.88,1.88,1.88,6
2023-07-17 17:02:00,200,1.88,1.88,1.88,1.88,1.88,2
2023-07-17 17:03:00,209,1.8801,1.88,1.88,1.88,1.88,5
2023-07-17 17:05:00,202,1.8825,1.885,1.88,1.885,1.88,4
2023-07-17 17:06:00,6005,1.8874,1.885,1.8899,1.8899,1.885,8
2023-07-17 17:08:00,752,1.8844,1.88,1.885,1.885,1.88,3
2023-07-17 17:09:00,2100,1.8812,1.88,1.8813,1.8813,1.88,2
2023-07-17 17:10:00,204,1.8825,1.885,1.88,1.885,1.88,5
2023-07-17 17:11:00,4180,1.8833,1.8885,1.885,1.8885,1.88,20
2023-07-17 17:12:00,21215,1.8825,1.885,1.885,1.885,1.8801,18
2023-07-17 17:13:00,17202,1.8858,1.88,1.885,1.8899,1.88,12
2023-07-17 17:14:00,6165,1.8824,1.88,1.88,1.885,1.88,5
2023-07-17 17:15:00,106,1.8802,1.88,1.88,1.88,1.88,5
2023-07-17 17:16:00,181,1.8845,1.8812,1.8812,1.8812,1.8812,5
2023-07-17 17:17:00,101,1.88,1.88,1.88,1.88,1.88,2
2023-07-17 17:18:00,350,1.885,1.885,1.885,1.885,1.885,1
2023-07-17 17:19:00,319,1.8834,1.88,1.885,1.885,1.88,5
2023-07-17 17:20:00,22486,1.8802,1.8811,1.879,1.885,1.879,39
2023-07-17 17:21:00,1578,1.8745,1.8701,1.8725,1.8785,1.87,8
2023-07-17 17:22:00,117,1.8743,1.875,1.875,1.875,1.875,2
2023-07-17 17:24:00,315,1.8701,1.8701,1.87,1.8701,1.87,7
2023-07-17 17:25:00,1124,1.875,1.875,1.875,1.875,1.875,8
2023-07-17 17:26:00,100,1.87,1.87,1.87,1.87,1.87,1
2023-07-17 17:27:00,111,1.87,1.87,1.87,1.87,1.87,3
2023-07-17 17:28:00,2190,1.8742,1.872,1.875,1.875,1.872,4
2023-07-17 17:29:00,3320,1.8726,1.87,1.8708,1.8799,1.87,6
2023-07-17 17:30:00,124,1.87,1.87,1.87,1.87,1.87,2
2023-07-17 17:31:00,1013,1.8764,1.8765,1.8765,1.8765,1.8765,4
2023-07-17 17:32:00,110,1.87,1.87,1.87,1.87,1.87,3
2023-07-17 17:33:00,2474,1.8735,1.87,1.87,1.875,1.87,8
2023-07-17 17:34:00,328,1.8733,1.875,1.875,1.875,1.87,9
2023-07-17 17:35:00,423,1.8713,1.8702,1.875,1.875,1.8702,4
2023-07-17 17:36:00,539,1.874,1.87,1.875,1.875,1.87,12
2023-07-17 17:37:00,442,1.8766,1.875,1.87,1.88,1.87,5
2023-07-17 17:38:00,840,1.8742,1.875,1.875,1.875,1.87,14
2023-07-17 17:39:00,101,1.875,1.875,1.875,1.875,1.875,2
2023-07-17 17:40:00,252,1.873,1.87,1.875,1.875,1.87,4
2023-07-17 17:41:00,350,1.8721,1.87,1.87,1.875,1.87,4
2023-07-17 17:42:00,5390,1.877,1.88,1.875,1.88,1.8725,20
2023-07-17 17:43:00,100,1.875,1.875,1.875,1.875,1.875,1
2023-07-17 17:44:00,210,1.875,1.875,1.875,1.875,1.875,3
2023-07-17 17:45:00,1445,1.8744,1.875,1.875,1.875,1.87,16
2023-07-17 17:46:00,626,1.8742,1.875,1.875,1.875,1.87,4
2023-07-17 17:47:00,100,1.875,1.875,1.875,1.875,1.875,1
2023-07-17 17:48:00,290,1.8724,1.87,1.875,1.875,1.87,8
2023-07-17 17:49:00,574,1.8744,1.87,1.88,1.88,1.87,6
2023-07-17 17:50:00,783,1.8748,1.875,1.8751,1.8751,1.875,5
2023-07-17 17:51:00,402,1.8738,1.87,1.875,1.875,1.87,5
2023-07-17 17:52:00,376,1.8723,1.87,1.87,1.875,1.87,5
2023-07-17 17:53:00,330,1.8734,1.875,1.87,1.875,1.87,5
2023-07-17 17:54:00,238,1.8742,1.875,1.8735,1.875,1.8735,6
2023-07-17 17:55:00,270,1.8701,1.87,1.8701,1.8701,1.87,2
2023-07-17 17:56:00,115,1.871,1.87,1.87,1.87,1.87,4
2023-07-17 17:57:00,100,1.87,1.87,1.87,1.87,1.87,1
2023-07-17 17:58:00,111,1.8747,1.875,1.875,1.875,1.875,3
2023-07-17 17:59:00,105,1.8704,1.87,1.87,1.87,1.87,6
2023-07-17 18:00:00,101,1.87,1.87,1.87,1.87,1.87,2
2023-07-17 18:01:00,106,1.8703,1.87,1.87,1.87,1.87,2
2023-07-17 18:02:00,420,1.8715,1.8715,1.8714,1.8715,1.8714,6
2023-07-17 18:03:00,22910,1.8705,1.87,1.87,1.875,1.87,43
2023-07-17 18:04:00,100,1.87,1.87,1.87,1.87,1.87,1
2023-07-17 18:05:00,211,1.8703,1.87,1.87,1.87,1.87,3
2023-07-17 18:06:00,200,1.87,1.87,1.87,1.87,1.87,2
2023-07-17 18:07:00,204,1.87,1.87,1.87,1.87,1.87,5
2023-07-17 18:08:00,201,1.87,1.87,1.87,1.87,1.87,3
2023-07-17 18:10:00,212,1.8701,1.87,1.87,1.87,1.87,4
2023-07-17 18:11:00,4463,1.8704,1.87,1.87,1.875,1.87,8
2023-07-17 18:12:00,1105,1.8755,1.8761,1.87,1.8761,1.87,3
2023-07-17 18:13:00,55424,1.8671,1.87,1.86,1.875,1.86,113
2023-07-17 18:14:00,1319,1.8603,1.86,1.861,1.861,1.86,8
2023-07-17 18:15:00,13173,1.8599,1.86,1.86,1.86,1.855,40
2023-07-17 18:16:00,3833,1.8599,1.86,1.86,1.86,1.8599,8
2023-07-17 18:17:00,878,1.8591,1.86,1.8525,1.86,1.8525,8
2023-07-17 18:18:00,28367,1.86,1.855,1.865,1.865,1.8525,36
2023-07-17 18:19:00,1109,1.8669,1.8678,1.8668,1.8678,1.8668,5
2023-07-17 18:21:00,1190,1.8607,1.8608,1.86,1.8608,1.86,2
2023-07-17 18:22:00,110,1.8645,1.865,1.865,1.865,1.865,2
2023-07-17 18:24:00,206,1.8651,1.8601,1.8699,1.8699,1.8601,2
2023-07-17 18:25:00,650,1.8613,1.86,1.865,1.865,1.86,4
2023-07-17 18:26:00,352,1.8606,1.86,1.86,1.86,1.86,5
2023-07-17 18:28:00,487,1.8609,1.86,1.86,1.86,1.86,6
2023-07-17 18:29:00,1101,1.86,1.86,1.86,1.86,1.86,6
2023-07-17 18:30:00,4877,1.863,1.865,1.86,1.865,1.86,18
2023-07-17 18:31:00,3000,1.8602,1.8602,1.8602,1.8602,1.8602,1
2023-07-17 18:32:00,4005,1.8644,1.86,1.8638,1.865,1.86,9
2023-07-17 18:33:00,62732,1.8593,1.8638,1.8595,1.8642,1.85,92
2023-07-17 18:34:00,10606,1.8619,1.86,1.86,1.865,1.86,21
2023-07-17 18:35:00,200,1.86,1.86,1.86,1.86,1.86,2
2023-07-17 18:36:00,100,1.86,1.86,1.86,1.86,1.86,1
2023-07-17 18:37:00,300,1.86,1.86,1.86,1.86,1.86,1
2023-07-17 18:38:00,100,1.86,1.86,1.86,1.86,1.86,1
2023-07-17 18:39:00,100,1.86,1.86,1.86,1.86,1.86,1
2023-07-17 18:40:00,1612,1.8647,1.865,1.86,1.865,1.86,5
2023-07-17 18:41:00,37303,1.8602,1.8645,1.855,1.865,1.855,68
2023-07-17 18:42:00,106,1.8526,1.8525,1.8525,1.8525,1.8525,2
2023-07-17 18:43:00,7204,1.8534,1.8519,1.855,1.855,1.85,10
2023-07-17 18:44:00,115,1.8531,1.8525,1.8525,1.8525,1.8525,3
2023-07-17 18:46:00,206,1.8525,1.8525,1.8525,1.8525,1.8525,3
2023-07-17 18:47:00,535,1.8512,1.855,1.85,1.855,1.85,4
2023-07-17 18:48:00,550,1.8536,1.85,1.855,1.855,1.85,5
2023-07-17 18:49:00,1334,1.8546,1.85,1.855,1.855,1.85,9
2023-07-17 18:50:00,365,1.8523,1.85,1.85,1.855,1.85,11
2023-07-17 18:51:00,1644,1.8502,1.85,1.85,1.8506,1.85,8
2023-07-17 18:52:00,385,1.8537,1.85,1.855,1.855,1.85,8
2023-07-17 18:53:00,164,1.852,1.85,1.85,1.85,1.85,4
2023-07-17 18:54:00,14500,1.8507,1.85,1.86,1.86,1.85,44
2023-07-17 18:55:00,270,1.8502,1.85,1.85,1.85,1.85,3
2023-07-17 18:56:00,350,1.8504,1.85,1.85,1.85,1.85,5
2023-07-17 18:57:00,458,1.8513,1.85,1.85,1.85,1.85,7
2023-07-17 18:58:00,1387,1.8599,1.86,1.86,1.86,1.86,3
2023-07-17 18:59:00,24161,1.8577,1.85,1.855,1.86,1.85,34
2023-07-17 19:00:00,37850,1.8624,1.8525,1.865,1.87,1.8525,60
2023-07-17 19:01:00,1617,1.865,1.865,1.865,1.865,1.865,4
2023-07-17 19:02:00,11251,1.8696,1.87,1.8601,1.87,1.8601,14
2023-07-17 19:04:00,572,1.8682,1.8686,1.8686,1.8686,1.8686,4
2023-07-17 19:05:00,216,1.863,1.8625,1.8625,1.8625,1.8625,5
2023-07-17 19:06:00,100,1.8625,1.8625,1.8625,1.8625,1.8625,1
2023-07-17 19:07:00,2586,1.8648,1.865,1.865,1.87,1.8625,7
2023-07-17 19:08:00,289,1.8638,1.8625,1.8645,1.8645,1.8625,3
2023-07-17 19:09:00,435,1.8644,1.8625,1.865,1.865,1.8625,6
2023-07-17 19:10:00,273,1.863,1.865,1.8625,1.865,1.8625,5
2023-07-17 19:11:00,3547,1.8692,1.8682,1.865,1.87,1.8625,10
2023-07-17 19:12:00,100,1.8625,1.8625,1.8625,1.8625,1.8625,1
2023-07-17 19:13:00,750,1.863,1.86,1.865,1.865,1.86,4
2023-07-17 19:14:00,100,1.8625,1.8625,1.8625,1.8625,1.8625,1
2023-07-17 19:15:00,40583,1.862,1.8625,1.86,1.865,1.86,85
2023-07-17 19:16:00,231,1.8645,1.865,1.865,1.865,1.865,4
2023-07-17 19:17:00,102,1.86,1.86,1.86,1.86,1.86,3
2023-07-17 19:18:00,222,1.8621,1.86,1.86,1.86,1.86,3
2023-07-17 19:19:00,1704,1.8647,1.865,1.86,1.865,1.86,6
2023-07-17 19:20:00,200,1.8624,1.86,1.86,1.86,1.86,3
2023-07-17 19:21:00,703,1.86,1.86,1.86,1.86,1.86,4
2023-07-17 19:22:00,117,1.8601,1.86,1.86,1.86,1.86,6
2023-07-17 19:23:00,8396,1.8605,1.86,1.86,1.865,1.86,20
2023-07-17 19:24:00,500,1.861,1.86,1.865,1.865,1.86,2
2023-07-17 19:25:00,9502,1.865,1.865,1.865,1.865,1.865,22
2023-07-17 19:26:00,2350,1.8651,1.86,1.87,1.87,1.86,11
2023-07-17 19:27:00,759,1.8637,1.86,1.86,1.865,1.86,9
2023-07-17 19:28:00,354,1.8636,1.86,1.865,1.865,1.86,3
2023-07-17 19:29:00,211,1.8623,1.86,1.86,1.86,1.86,5
2023-07-17 19:30:00,405,1.8625,1.86,1.865,1.865,1.86,8
2023-07-17 19:31:00,862,1.8602,1.86,1.86,1.86,1.86,9
2023-07-17 19:32:00,14495,1.8652,1.865,1.865,1.87,1.865,51
2023-07-17 19:33:00,10423,1.8687,1.8617,1.87,1.87,1.8617,16
2023-07-17 19:35:00,1106,1.8645,1.8625,1.8625,1.865,1.8625,11
2023-07-17 19:36:00,862,1.862,1.8617,1.8625,1.8625,1.8617,6
2023-07-17 19:37:00,431,1.8644,1.865,1.8625,1.865,1.8625,3
2023-07-17 19:38:00,132,1.8688,1.87,1.87,1.87,1.87,2
2023-07-17 19:40:00,448,1.8644,1.8625,1.865,1.865,1.8625,8
2023-07-17 19:41:00,350,1.8657,1.87,1.8614,1.87,1.8614,4
2023-07-17 19:42:00,545,1.8613,1.86,1.86,1.865,1.86,7
2023-07-17 19:43:00,256,1.8646,1.86,1.86,1.86,1.86,5
2023-07-17 19:44:00,429,1.8615,1.86,1.86,1.865,1.86,5
2023-07-17 19:45:00,612,1.8642,1.86,1.865,1.865,1.86,7
2023-07-17 19:46:00,1034,1.8622,1.865,1.865,1.865,1.86,10
2023-07-17 19:47:00,1213,1.8654,1.865,1.865,1.8683,1.86,12
2023-07-17 19:48:00,261,1.8647,1.8641,1.865,1.865,1.8641,4
2023-07-17 19:49:00,1353,1.8632,1.86,1.865,1.8685,1.86,12
2023-07-17 19:50:00,32432,1.857,1.86,1.852,1.865,1.852,71
2023-07-17 19:51:00,2356,1.8549,1.8525,1.855,1.855,1.8525,12
2023-07-17 19:52:00,1727,1.8551,1.855,1.855,1.855,1.8525,18
2023-07-17 19:53:00,11080,1.851,1.8525,1.855,1.86,1.85,23
2023-07-17 19:54:00,12838,1.8509,1.85,1.85,1.8599,1.85,44
2023-07-17 19:55:00,5454,1.8509,1.85,1.85,1.855,1.85,25
2023-07-17 19:56:00,402,1.8545,1.855,1.855,1.855,1.855,10
2023-07-17 19:57:00,8051,1.8563,1.85,1.85,1.86,1.85,15
2023-07-17 19:58:00,10108,1.8518,1.855,1.855,1.855,1.85,33
2023-07-17 19:59:00,34899,1.8553,1.85,1.85,1.86,1.85,61
2023-07-17 20:00:00,300,1.85,1.85,1.85,1.85,1.85,1
2023-07-17 21:25:00,302,1.86,1.86,1.86,1.86,1.86,2
2023-07-17 22:09:00,150,1.86,1.86,1.86,1.86,1.86,1
2023-07-17 22:27:00,300,1.86,1.86,1.86,1.86,1.86,1
2023-07-17 22:44:00,100,1.85,1.85,1.85,1.85,1.85,1
2023-07-17 22:50:00,500,1.86,1.86,1.86,1.86,1.86,1
2023-07-17 23:01:00,303,1.8599,1.8599,1.8599,1.8599,1.8599,2
2023-07-18 12:00:00,714,1.8663,1.87,1.8688,1.87,1.8688,9
2023-07-18 12:02:00,303,1.8407,1.8407,1.8407,1.8407,1.8407,3
2023-07-18 12:03:00,251,1.84,1.84,1.84,1.84,1.84,3
2023-07-18 12:11:00,850,1.8598,1.8598,1.8598,1.8598,1.8598,1
2023-07-18 12:32:00,100,1.84,1.84,1.84,1.84,1.84,1
2023-07-18 12:39:00,260,1.8593,1.8593,1.8593,1.8593,1.8593,1
2023-07-18 13:29:00,800,1.8625,1.87,1.86,1.87,1.8599,5
2023-07-18 13:30:00,47557,1.8501,1.85,1.855,1.855,1.85,93
2023-07-18 13:33:00,1399,1.8508,1.845,1.855,1.855,1.845,18
2023-07-18 13:34:00,1011,1.8567,1.8567,1.8567,1.8567,1.8567,3
2023-07-18 13:35:00,7268,1.8518,1.855,1.845,1.855,1.845,42
2023-07-18 13:36:00,2118,1.8487,1.85,1.84,1.85,1.84,17
2023-07-18 13:37:00,707,1.8485,1.8496,1.8496,1.8496,1.8496,10
2023-07-18 13:38:00,1059,1.8426,1.8414,1.845,1.845,1.8414,8
2023-07-18 13:39:00,625,1.845,1.845,1.845,1.845,1.845,10
2023-07-18 13:40:00,17849,1.8401,1.845,1.845,1.845,1.84,25
2023-07-18 13:41:00,1716,1.8418,1.8425,1.8413,1.8425,1.8413,10
2023-07-18 13:42:00,531,1.8415,1.84,1.845,1.845,1.84,6
2023-07-18 13:43:00,5304,1.8504,1.85,1.855,1.86,1.8473,31
2023-07-18 13:44:00,7327,1.8505,1.8501,1.855,1.86,1.8501,6
2023-07-18 13:45:00,1976,1.8562,1.86,1.86,1.86,1.85,10
2023-07-18 13:47:00,198,1.8555,1.855,1.855,1.855,1.855,5
2023-07-18 13:48:00,576,1.855,1.855,1.855,1.855,1.855,5
2023-07-18 13:49:00,15622,1.8611,1.86,1.865,1.87,1.86,44
2023-07-18 13:50:00,456,1.8699,1.87,1.87,1.87,1.87,5
2023-07-18 13:51:00,2442,1.8696,1.87,1.87,1.87,1.8695,12
2023-07-18 13:52:00,3523,1.8698,1.865,1.8699,1.87,1.865,8
2023-07-18 13:54:00,16406,1.8756,1.87,1.885,1.885,1.87,41
2023-07-18 13:55:00,4163,1.8895,1.8801,1.8899,1.8899,1.8801,5
2023-07-18 13:56:00,18639,1.8727,1.88,1.8696,1.88,1.8696,41
2023-07-18 13:57:00,5067,1.87,1.87,1.87,1.87,1.87,20
2023-07-18 13:58:00,320,1.87,1.87,1.87,1.87,1.87,2
2023-07-18 13:59:00,848,1.8701,1.87,1.87,1.87,1.87,3
2023-07-18 14:02:00,10301,1.878,1.88,1.88,1.88,1.875,16
2023-07-18 14:03:00,2110,1.88,1.88,1.88,1.88,1.88,7
2023-07-18 14:04:00,11001,1.8729,1.8714,1.875,1.875,1.8711,4
2023-07-18 14:05:00,4737,1.8722,1.87,1.87,1.88,1.87,7
2023-07-18 14:06:00,918,1.8725,1.8715,1.875,1.875,1.8715,9
2023-07-18 14:09:00,153,1.8751,1.875,1.875,1.875,1.875,9
2023-07-18 14:10:00,506,1.8758,1.875,1.879,1.879,1.875,3
2023-07-18 14:11:00,32730,1.88,1.8799,1.885,1.885,1.8799,66
2023-07-18 14:12:00,1934,1.8836,1.88,1.885,1.885,1.88,8
2023-07-18 14:14:00,220,1.8849,1.885,1.885,1.885,1.885,6
2023-07-18 14:15:00,4876,1.8846,1.88,1.8809,1.885,1.88,10
2023-07-18 14:16:00,13605,1.8804,1.8806,1.88,1.885,1.875,29
2023-07-18 14:17:00,43248,1.8848,1.87,1.8902,1.8902,1.87,79
2023-07-18 14:18:00,3105,1.8909,1.9,1.8906,1.9,1.8906,3
2023-07-18 14:19:00,259,1.8904,1.8901,1.8901,1.8901,1.8901,3
2023-07-18 14:21:00,138,1.8998,1.9,1.9,1.9,1.9,6
2023-07-18 14:22:00,16796,1.9009,1.9,1.9001,1.905,1.9,38
2023-07-18 14:23:00,407,1.905,1.905,1.905,1.905,1.905,5
2023-07-18 14:24:00,2638,1.9011,1.9011,1.9011,1.9011,1.9011,3
2023-07-18 14:26:00,671,1.9053,1.905,1.905,1.905,1.905,6
2023-07-18 14:28:00,14951,1.8993,1.9,1.8999,1.905,1.895,33
2023-07-18 14:29:00,387,1.8946,1.895,1.8901,1.895,1.8901,5
2023-07-18 14:31:00,18115,1.8903,1.895,1.8899,1.895,1.8899,41
2023-07-18 14:35:00,236,1.8813,1.8815,1.8815,1.8815,1.8815,5
2023-07-18 14:36:00,514,1.885,1.885,1.885,1.885,1.885,6
2023-07-18 14:39:00,1208,1.8803,1.88,1.8808,1.8808,1.88,7
2023-07-18 14:41:00,1130,1.8828,1.88,1.8832,1.8832,1.88,5
2023-07-18 14:42:00,205,1.885,1.88,1.8899,1.8899,1.88,6
2023-07-18 14:44:00,223,1.8816,1.8815,1.8815,1.8815,1.8815,9
2023-07-18 14:46:00,12214,1.8885,1.885,1.8889,1.8889,1.885,7
2023-07-18 14:47:00,24032,1.8928,1.89,1.8999,1.9,1.89,65
2023-07-18 14:48:00,17712,1.8909,1.898,1.895,1.898,1.89,20
2023-07-18 14:49:00,4075,1.8949,1.895,1.8935,1.895,1.8935,9
2023-07-18 14:51:00,135,1.8937,1.895,1.895,1.895,1.895,2
2023-07-18 14:53:00,290,1.8987,1.9,1.9,1.9,1.9,3
2023-07-18 14:56:00,643,1.8915,1.89,1.8916,1.8916,1.89,6
2023-07-18 14:57:00,703,1.8907,1.89,1.895,1.895,1.89,6
2023-07-18 14:58:00,213,1.8905,1.89,1.89,1.89,1.89,4
2023-07-18 14:59:00,104,1.895,1.895,1.895,1.895,1.895,3
2023-07-18 15:00:00,5813,1.8914,1.895,1.895,1.895,1.8912,5
2023-07-18 15:01:00,462,1.8902,1.89,1.89,1.89,1.89,5
2023-07-18 15:05:00,632,1.8948,1.895,1.895,1.895,1.895,5
2023-07-18 15:06:00,789,1.8957,1.8949,1.895,1.9,1.8949,9
2023-07-18 15:07:00,106,1.8952,1.895,1.895,1.895,1.895,4
2023-07-18 15:09:00,216,1.8966,1.895,1.8979,1.8979,1.895,5
2023-07-18 15:10:00,1035,1.8998,1.8999,1.8999,1.8999,1.8999,5
2023-07-18 15:13:00,177,1.895,1.895,1.895,1.895,1.895,4
2023-07-18 15:14:00,507,1.9,1.9,1.9,1.9,1.9,4
2023-07-18 15:16:00,1007,1.895,1.895,1.895,1.895,1.895,2
2023-07-18 15:18:00,237,1.8937,1.8944,1.8944,1.8944,1.8944,8
2023-07-18 15:19:00,740,1.8904,1.89,1.89,1.89,1.89,6
2023-07-18 15:21:00,345,1.898,1.898,1.898,1.898,1.898,1
2023-07-18 15:25:00,9974,1.89,1.89,1.8804,1.895,1.8804,44
2023-07-18 15:26:00,3061,1.8806,1.8804,1.8804,1.8804,1.8804,5
2023-07-18 15:27:00,2001,1.8817,1.8817,1.8817,1.8817,1.8817,2
2023-07-18 15:28:00,100,1.885,1.885,1.885,1.885,1.885,1
2023-07-18 15:30:00,301,1.8841,1.8841,1.8841,1.8841,1.8841,2
2023-07-18 15:31:00,5716,1.89,1.89,1.89,1.89,1.89,9
2023-07-18 15:32:00,239,1.885,1.885,1.885,1.885,1.885,1
2023-07-18 15:33:00,1000,1.8892,1.8892,1.8892,1.8892,1.8892,1
2023-07-18 15:36:00,2122,1.8812,1.88,1.88,1.885,1.88,12
2023-07-18 15:37:00,102,1.885,1.885,1.885,1.885,1.885,3
2023-07-18 15:38:00,203,1.8801,1.88,1.88,1.88,1.88,3
2023-07-18 15:39:00,607,1.8801,1.88,1.88,1.88,1.88,4
2023-07-18 15:41:00,7564,1.8787,1.88,1.875,1.885,1.87,39
2023-07-18 15:42:00,2008,1.8764,1.875,1.88,1.88,1.87,13
2023-07-18 15:43:00,700,1.87,1.87,1.87,1.87,1.87,3
2023-07-18 15:44:00,385,1.871,1.87,1.87,1.87,1.87,6
2023-07-18 15:46:00,1330,1.8702,1.87,1.87,1.87,1.87,6
2023-07-18 15:49:00,200,1.8725,1.875,1.87,1.875,1.87,2
2023-07-18 15:52:00,400,1.8753,1.87,1.87,1.87,1.87,8
2023-07-18 15:55:00,143,1.8709,1.87,1.87,1.87,1.87,5
2023-07-18 15:56:00,2583,1.878,1.8785,1.875,1.8785,1.875,10
2023-07-18 15:57:00,250,1.877,1.88,1.88,1.88,1.88,3
2023-07-18 15:58:00,100,1.87,1.87,1.87,1.87,1.87,1
2023-07-18 15:59:00,300,1.8731,1.8701,1.875,1.875,1.8701,5
2023-07-18 16:01:00,116,1.8709,1.87,1.87,1.87,1.87,6
2023-07-18 16:03:00,321,1.8702,1.87,1.87,1.87,1.87,4
2023-07-18 16:04:00,12557,1.87,1.87,1.87,1.87,1.87,28
2023-07-18 16:05:00,153,1.865,1.865,1.865,1.865,1.865,2
2023-07-18 16:06:00,355,1.8646,1.8637,1.865,1.865,1.8637,2
2023-07-18 16:08:00,3031,1.8614,1.8613,1.8613,1.8613,1.8613,5
2023-07-18 16:10:00,26009,1.8611,1.865,1.86,1.865,1.86,50
2023-07-18 16:12:00,3765,1.8682,1.87,1.865,1.87,1.865,6
2023-07-18 16:17:00,234,1.862,1.861,1.861,1.861,1.861,3
2023-07-18 16:18:00,492,1.8631,1.8626,1.868,1.868,1.86,6
2023-07-18 16:20:00,160,1.8606,1.86,1.86,1.86,1.86,3
2023-07-18 16:21:00,1212,1.8617,1.86,1.86,1.865,1.86,9
2023-07-18 16:22:00,302,1.8601,1.86,1.86,1.86,1.86,3
2023-07-18 16:23:00,200,1.86,1.86,1.86,1.86,1.86,2
2023-07-18 16:24:00,11932,1.8533,1.86,1.86,1.86,1.85,20
2023-07-18 16:26:00,201,1.855,1.855,1.855,1.855,1.855,3
2023-07-18 16:27:00,577,1.8597,1.86,1.86,1.86,1.86,8
2023-07-18 16:33:00,2853,1.8581,1.8588,1.8501,1.8588,1.8501,8
2023-07-18 16:35:00,840,1.8502,1.85,1.85,1.85,1.85,6
2023-07-18 16:36:00,200,1.8534,1.85,1.85,1.85,1.85,2
2023-07-18 16:38:00,2110,1.8501,1.8501,1.8501,1.8501,1.85,4
2023-07-18 16:39:00,600,1.8517,1.852,1.85,1.8527,1.85,4
2023-07-18 16:41:00,1112,1.859,1.85,1.8599,1.8599,1.85,3
2023-07-18 16:42:00,1104,1.8557,1.855,1.8558,1.8558,1.855,4
2023-07-18 16:43:00,2504,1.86,1.86,1.86,1.86,1.86,2
2023-07-18 16:46:00,3039,1.8512,1.85,1.8585,1.8585,1.85,17
2023-07-18 16:47:00,1050,1.8599,1.86,1.8599,1.86,1.8599,3
2023-07-18 16:50:00,1650,1.8524,1.8538,1.8515,1.8538,1.8515,3
2023-07-18 16:52:00,102,1.8501,1.85,1.85,1.85,1.85,3
2023-07-18 16:55:00,154,1.8551,1.855,1.855,1.855,1.855,2
2023-07-18 16:56:00,101,1.85,1.85,1.85,1.85,1.85,2
2023-07-18 16:57:00,1076,1.8554,1.86,1.855,1.86,1.855,5
2023-07-18 16:58:00,158,1.8575,1.8579,1.8579,1.8579,1.8579,4
2023-07-18 16:59:00,112,1.851,1.85,1.85,1.85,1.85,4
2023-07-18 17:00:00,108,1.8542,1.8542,1.8542,1.8542,1.8542,1
2023-07-18 17:01:00,522,1.8597,1.8599,1.8599,1.8599,1.8599,6
2023-07-18 17:02:00,1003,1.8511,1.8511,1.8511,1.8511,1.8511,2
2023-07-18 17:03:00,316,1.854,1.8599,1.85,1.8599,1.85,5
2023-07-18 17:06:00,387,1.851,1.8513,1.85,1.8513,1.85,8
2023-07-18 17:08:00,550,1.8508,1.8501,1.8501,1.8501,1.8501,2
2023-07-18 17:09:00,110,1.8508,1.85,1.85,1.85,1.85,3
2023-07-18 17:13:00,1005,1.8504,1.85,1.8504,1.8504,1.85,6
2023-07-18 17:16:00,109,1.8503,1.85,1.85,1.85,1.85,4
2023-07-18 17:17:00,1538,1.8558,1.855,1.8584,1.8584,1.85,14
2023-07-18 17:18:00,33329,1.8499,1.8528,1.845,1.8528,1.845,68
2023-07-18 17:19:00,760,1.8453,1.85,1.84,1.85,1.84,7
2023-07-18 17:20:00,674,1.845,1.845,1.845,1.845,1.845,3
2023-07-18 17:21:00,1895,1.8447,1.85,1.8467,1.85,1.84,8
2023-07-18 17:22:00,3003,1.8488,1.8488,1.8488,1.8488,1.8488,2
2023-07-18 17:24:00,650,1.8495,1.848,1.8499,1.8499,1.848,2
2023-07-18 17:25:00,503,1.845,1.845,1.845,1.845,1.845,3
2023-07-18 17:26:00,446,1.8423,1.8443,1.84,1.8443,1.84,7
2023-07-18 17:27:00,4000,1.8479,1.8485,1.8477,1.8485,1.8477,2
2023-07-18 17:28:00,2064,1.8454,1.8454,1.8454,1.8454,1.8454,4
2023-07-18 17:29:00,100,1.845,1.845,1.845,1.845,1.845,1
2023-07-18 17:30:00,116,1.8413,1.84,1.84,1.84,1.84,3
2023-07-18 17:32:00,2178,1.8454,1.8499,1.85,1.85,1.845,10
2023-07-18 17:34:00,700,1.8457,1.845,1.845,1.85,1.845,3
2023-07-18 17:36:00,127,1.84,1.84,1.84,1.84,1.84,2
2023-07-18 17:39:00,200,1.8411,1.8412,1.8412,1.8412,1.8412,2
2023-07-18 17:40:00,207,1.8405,1.84,1.84,1.84,1.84,5
2023-07-18 17:43:00,200,1.8417,1.84,1.84,1.84,1.84,2
2023-07-18 17:44:00,201,1.8456,1.85,1.8412,1.85,1.8412,3
2023-07-18 17:45:00,480,1.8417,1.8413,1.8413,1.8413,1.8413,3
2023-07-18 17:46:00,5453,1.8494,1.85,1.8494,1.85,1.8494,5
2023-07-18 17:47:00,3383,1.8487,1.85,1.845,1.85,1.845,7
2023-07-18 17:48:00,125,1.848,1.85,1.85,1.85,1.85,2
2023-07-18 17:50:00,421,1.8416,1.8414,1.8414,1.8414,1.8414,4
2023-07-18 17:51:00,113,1.8499,1.85,1.85,1.85,1.85,4
2023-07-18 17:53:00,101,1.845,1.845,1.845,1.845,1.845,2
2023-07-18 17:54:00,102,1.8498,1.85,1.85,1.85,1.85,2
2023-07-18 17:56:00,705,1.8414,1.84,1.84,1.85,1.84,5
2023-07-18 17:58:00,5101,1.8488,1.8489,1.8489,1.8489,1.8489,3
2023-07-18 17:59:00,275,1.8452,1.85,1.84,1.85,1.84,4
2023-07-18 18:00:00,100,1.845,1.845,1.845,1.845,1.845,1
2023-07-18 18:02:00,100,1.85,1.85,1.85,1.85,1.85,1
2023-07-18 18:03:00,701,1.8413,1.8408,1.845,1.845,1.8408,5
2023-07-18 18:05:00,400,1.8438,1.845,1.845,1.845,1.845,4
2023-07-18 18:06:00,469,1.8434,1.845,1.845,1.845,1.845,9
2023-07-18 18:08:00,240,1.8454,1.8449,1.8449,1.8449,1.8449,6
2023-07-18 18:09:00,1705,1.85,1.85,1.85,1.85,1.85,2
2023-07-18 18:10:00,463,1.8498,1.85,1.85,1.85,1.85,7
2023-07-18 18:13:00,1337,1.8474,1.845,1.85,1.85,1.845,8
2023-07-18 18:16:00,104,1.8448,1.845,1.845,1.845,1.845,4
2023-07-18 18:17:00,210,1.844,1.8401,1.8401,1.8401,1.8401,3
2023-07-18 18:18:00,305,1.8498,1.8499,1.8499,1.8499,1.8499,6
2023-07-18 18:19:00,303,1.8466,1.85,1.85,1.85,1.85,6
2023-07-18 18:20:00,1801,1.85,1.85,1.85,1.85,1.85,3
2023-07-18 18:21:00,364,1.8445,1.85,1.84,1.85,1.84,3
2023-07-18 18:22:00,38263,1.85,1.8401,1.8588,1.8588,1.84,62
2023-07-18 18:23:00,403,1.855,1.855,1.855,1.855,1.855,3
2023-07-18 18:24:00,3000,1.855,1.855,1.855,1.855,1.855,1
2023-07-18 18:25:00,116,1.8551,1.855,1.855,1.855,1.855,4
2023-07-18 18:27:00,1200,1.855,1.855,1.855,1.855,1.855,5
2023-07-18 18:28:00,158,1.8567,1.86,1.86,1.86,1.86,2
2023-07-18 18:30:00,24828,1.86,1.85,1.865,1.87,1.85,51
2023-07-18 18:31:00,1500,1.8685,1.8685,1.8685,1.8685,1.8685,1
2023-07-18 18:32:00,1430,1.8656,1.8615,1.8673,1.8673,1.8615,2
2023-07-18 18:34:00,500,1.8697,1.8697,1.8697,1.8697,1.8697,1
2023-07-18 18:35:00,276,1.8674,1.868,1.868,1.868,1.868,3
2023-07-18 18:37:00,3005,1.865,1.865,1.865,1.865,1.865,10
2023-07-18 18:38:00,955,1.865,1.865,1.865,1.865,1.865,12
2023-07-18 18:39:00,2381,1.865,1.865,1.8643,1.865,1.8643,14
2023-07-18 18:41:00,322,1.8647,1.865,1.865,1.865,1.865,6
2023-07-18 18:42:00,500,1.861,1.8601,1.8601,1.8601,1.8601,2
2023-07-18 18:44:00,396,1.8656,1.865,1.865,1.865,1.865,6
2023-07-18 18:45:00,1004,1.865,1.865,1.865,1.865,1.865,4
2023-07-18 18:50:00,13602,1.8626,1.865,1.865,1.865,1.86,31
2023-07-18 18:51:00,2500,1.8674,1.86,1.865,1.87,1.86,14
2023-07-18 18:52:00,200,1.865,1.865,1.865,1.865,1.865,1
2023-07-18 18:56:00,106,1.8652,1.865,1.865,1.865,1.865,3
2023-07-18 18:58:00,1120,1.8616,1.8613,1.8613,1.8613,1.8613,3
2023-07-18 18:59:00,107,1.8601,1.86,1.86,1.86,1.86,4
2023-07-18 19:00:00,1692,1.8627,1.865,1.865,1.865,1.86,13
2023-07-18 19:01:00,400,1.865,1.865,1.865,1.865,1.865,2
2023-07-18 19:02:00,105,1.8604,1.86,1.86,1.86,1.86,3
2023-07-18 19:03:00,10105,1.8672,1.865,1.87,1.87,1.865,19
2023-07-18 19:05:00,1022,1.865,1.865,1.865,1.865,1.865,5
2023-07-18 19:08:00,225,1.8611,1.86,1.8601,1.8601,1.86,3
2023-07-18 19:10:00,250,1.8657,1.8642,1.868,1.868,1.8642,2
2023-07-18 19:11:00,641,1.8601,1.86,1.8601,1.8601,1.86,3
2023-07-18 19:12:00,177,1.8613,1.8613,1.8613,1.8613,1.8613,1
2023-07-18 19:13:00,400,1.8675,1.87,1.87,1.87,1.87,3
2023-07-18 19:14:00,228,1.8622,1.8613,1.8613,1.8613,1.8613,4
2023-07-18 19:16:00,1120,1.8648,1.86,1.8652,1.8652,1.86,6
2023-07-18 19:17:00,311,1.8655,1.8677,1.8649,1.8677,1.8649,5
2023-07-18 19:18:00,100,1.86,1.86,1.86,1.86,1.86,1
2023-07-18 19:23:00,900,1.8686,1.865,1.8625,1.87,1.8625,4
2023-07-18 19:24:00,102,1.865,1.865,1.865,1.865,1.865,2
2023-07-18 19:25:00,1530,1.8644,1.865,1.865,1.865,1.86,8
2023-07-18 19:28:00,265,1.8623,1.86,1.86,1.86,1.86,6
2023-07-18 19:29:00,373,1.8623,1.8601,1.865,1.865,1.8601,7
2023-07-18 19:30:00,17651,1.8604,1.86,1.865,1.865,1.86,27
2023-07-18 19:33:00,135,1.865,1.865,1.865,1.865,1.865,2
2023-07-18 19:34:00,1028,1.8622,1.865,1.86,1.865,1.86,6
2023-07-18 19:35:00,106,1.8604,1.86,1.86,1.86,1.86,3
2023-07-18 19:36:00,105,1.8648,1.865,1.865,1.865,1.865,2
2023-07-18 19:37:00,123,1.8619,1.86,1.86,1.86,1.86,2
2023-07-18 19:41:00,1807,1.865,1.865,1.865,1.865,1.865,6
2023-07-18 19:42:00,161,1.8622,1.8612,1.8612,1.8612,1.8612,9
2023-07-18 19:43:00,102,1.8601,1.86,1.86,1.86,1.86,2
2023-07-18 19:45:00,222,1.8614,1.8612,1.86,1.8612,1.86,3
2023-07-18 19:47:00,302,1.8604,1.86,1.8612,1.8612,1.86,4
2023-07-18 19:48:00,519,1.8606,1.86,1.86,1.86,1.86,6
2023-07-18 19:49:00,431,1.8646,1.865,1.865,1.865,1.865,6
2023-07-18 19:51:00,936,1.8643,1.86,1.865,1.865,1.86,4
2023-07-18 19:52:00,125,1.8618,1.86,1.86,1.86,1.86,2
2023-07-18 19:53:00,1133,1.8621,1.86,1.865,1.865,1.86,7
2023-07-18 19:54:00,11477,1.8632,1.865,1.865,1.865,1.86,47
2023-07-18 19:55:00,860,1.8648,1.86,1.86,1.865,1.86,9
2023-07-18 19:56:00,3587,1.8613,1.87,1.86,1.87,1.86,20
2023-07-18 19:57:00,854,1.8652,1.8684,1.86,1.8684,1.86,15
2023-07-18 19:58:00,2969,1.8607,1.86,1.86,1.865,1.86,13
2023-07-18 19:59:00,15356,1.8628,1.86,1.87,1.87,1.86,43
2023-07-18 20:09:00,200,1.84,1.84,1.84,1.84,1.84,1
2023-07-18 20:29:00,200,1.87,1.87,1.87,1.87,1.87,1
2023-07-18 21:21:00,105,1.87,1.87,1.87,1.87,1.87,2
2023-07-18 21:42:00,105,1.86,1.86,1.86,1.86,1.86,1
2023-07-18 22:38:00,500,1.86,1.86,1.86,1.86,1.86,1
2023-07-18 23:14:00,100,1.8694,1.8694,1.8694,1.8694,1.8694,1
2023-07-18 23:33:00,300,1.8699,1.87,1.8698,1.87,1.8698,2
2023-07-19 12:00:00,417,1.8615,1.86,1.86,1.86,1.86,8
2023-07-19 12:09:00,1001,1.8692,1.8692,1.8692,1.8692,1.8692,2
2023-07-19 12:30:00,300,1.86,1.86,1.86,1.86,1.86,1
2023-07-19 12:51:00,1025,1.8602,1.86,1.86,1.86,1.86,2
2023-07-19 13:14:00,450,1.86,1.86,1.86,1.86,1.86,1
2023-07-19 13:19:00,103,1.8697,1.87,1.87,1.87,1.87,2
2023-07-19 13:27:00,2500,1.8502,1.8503,1.85,1.8503,1.85,2
2023-07-19 13:30:00,18013,1.8508,1.85,1.86,1.86,1.85,100
2023-07-19 13:31:00,384,1.8528,1.8515,1.855,1.855,1.8515,9
2023-07-19 13:32:00,4263,1.8607,1.86,1.8625,1.865,1.86,24
2023-07-19 13:35:00,2517,1.8623,1.87,1.8601,1.87,1.8601,11
2023-07-19 13:36:00,1455,1.8647,1.865,1.8606,1.865,1.8606,8
2023-07-19 13:37:00,537,1.8641,1.86,1.865,1.865,1.86,5
2023-07-19 13:41:00,214,1.8601,1.86,1.86,1.86,1.86,5
2023-07-19 13:43:00,239,1.8649,1.865,1.865,1.865,1.865,5
2023-07-19 13:44:00,1508,1.8612,1.8612,1.8612,1.8612,1.8612,3
2023-07-19 13:45:00,1531,1.86,1.86,1.86,1.86,1.86,6
2023-07-19 13:46:00,393,1.8602,1.86,1.86,1.86,1.86,3
2023-07-19 13:47:00,4471,1.8673,1.865,1.87,1.87,1.865,23
2023-07-19 13:48:00,10601,1.8705,1.87,1.875,1.875,1.87,56
2023-07-19 13:49:00,752,1.8737,1.875,1.875,1.875,1.87,14
2023-07-19 13:50:00,18980,1.8878,1.875,1.89,1.9,1.875,55
2023-07-19 13:51:00,1363,1.8916,1.8901,1.895,1.895,1.8901,6
2023-07-19 13:52:00,692,1.8938,1.89,1.895,1.895,1.89,10
2023-07-19 13:53:00,494,1.8903,1.8901,1.8901,1.8901,1.8901,3
2023-07-19 13:54:00,810,1.8913,1.89,1.9,1.9,1.89,7
2023-07-19 13:56:00,201,1.89,1.89,1.89,1.89,1.89,3
2023-07-19 13:58:00,12304,1.9026,1.8989,1.91,1.91,1.8989,52
2023-07-19 13:59:00,5513,1.9091,1.9099,1.9013,1.91,1.9013,19
2023-07-19 14:00:00,4870,1.9104,1.91,1.915,1.915,1.91,20
2023-07-19 14:01:00,1254,1.915,1.915,1.915,1.915,1.915,3
2023-07-19 14:02:00,11524,1.9059,1.91,1.8992,1.91,1.895,37
2023-07-19 14:03:00,27771,1.9007,1.895,1.91,1.91,1.895,66
2023-07-19 14:04:00,2797,1.9101,1.91,1.9101,1.9101,1.91,16
2023-07-19 14:05:00,3535,1.9147,1.915,1.915,1.915,1.9118,7
2023-07-19 14:06:00,1728,1.9168,1.9199,1.91,1.9199,1.91,5
2023-07-19 14:07:00,250,1.9109,1.911,1.911,1.911,1.911,4
2023-07-19 14:08:00,324,1.9148,1.915,1.915,1.915,1.915,8
2023-07-19 14:09:00,12157,1.9156,1.91,1.9201,1.9201,1.91,47
2023-07-19 14:10:00,44837,1.9297,1.925,1.935,1.935,1.92,71
2023-07-19 14:11:00,20720,1.9258,1.935,1.9201,1.935,1.92,30
2023-07-19 14:12:00,418,1.9207,1.9209,1.92,1.9209,1.92,8
2023-07-19 14:13:00,100,1.9286,1.9286,1.9286,1.9286,1.9286,1
2023-07-19 14:14:00,1006,1.9217,1.9233,1.92,1.9233,1.92,5
2023-07-19 14:15:00,14321,1.9195,1.9209,1.915,1.9209,1.91,22
2023-07-19 14:16:00,5515,1.9106,1.9108,1.9106,1.9108,1.9106,4
2023-07-19 14:18:00,709,1.915,1.915,1.915,1.915,1.915,6
2023-07-19 14:19:00,429,1.9132,1.915,1.915,1.915,1.915,8
2023-07-19 14:20:00,1000,1.911,1.911,1.911,1.911,1.911,1
2023-07-19 14:23:00,18929,1.9083,1.91,1.9086,1.9101,1.9,47
2023-07-19 14:24:00,320,1.9,1.9,1.9,1.9,1.9,2
2023-07-19 14:25:00,3172,1.9056,1.9084,1.9,1.9084,1.9,5
2023-07-19 14:26:00,3316,1.9002,1.9,1.9,1.905,1.9,16
2023-07-19 14:28:00,115,1.9011,1.9,1.9,1.9,1.9,2
2023-07-19 14:29:00,766,1.9001,1.9,1.9001,1.9001,1.9,6
2023-07-19 14:30:00,108,1.905,1.905,1.905,1.905,1.905,3
2023-07-19 14:31:00,10311,1.9004,1.9004,1.9,1.9004,1.9,4
2023-07-19 14:32:00,526,1.9021,1.9,1.9,1.905,1.9,9
2023-07-19 14:33:00,7481,1.8997,1.9,1.895,1.9,1.895,26
2023-07-19 14:34:00,400,1.8913,1.89,1.89,1.895,1.89,4
2023-07-19 14:35:00,1914,1.89,1.89,1.89,1.89,1.89,7
2023-07-19 14:36:00,1900,1.8907,1.89,1.891,1.891,1.89,5
2023-07-19 14:37:00,110,1.8909,1.89,1.89,1.89,1.89,2
2023-07-19 14:38:00,13251,1.8897,1.89,1.8899,1.8901,1.885,34
2023-07-19 14:39:00,10040,1.8909,1.89,1.8982,1.8982,1.89,29
2023-07-19 14:40:00,103,1.8908,1.8906,1.8906,1.8906,1.8906,3
2023-07-19 14:41:00,1006,1.8908,1.8908,1.8908,1.8908,1.8908,2
2023-07-19 14:43:00,922,1.8929,1.89,1.895,1.895,1.89,8
2023-07-19 14:44:00,253,1.8932,1.89,1.8979,1.8979,1.89,4
2023-07-19 14:46:00,474,1.891,1.8905,1.8913,1.8913,1.8905,3
2023-07-19 14:48:00,484,1.8905,1.89,1.89,1.89,1.89,10
2023-07-19 14:51:00,1057,1.8997,1.9,1.9,1.9,1.9,7
2023-07-19 14:52:00,3798,1.897,1.895,1.895,1.8975,1.895,5
2023-07-19 14:53:00,13995,1.8999,1.895,1.9016,1.91,1.895,47
2023-07-19 14:54:00,14606,1.9102,1.91,1.9137,1.92,1.91,31
2023-07-19 14:55:00,160,1.9124,1.9109,1.9109,1.9109,1.9109,3
2023-07-19 14:56:00,29641,1.9067,1.91,1.9,1.915,1.9,41
2023-07-19 14:57:00,454,1.9011,1.9,1.9016,1.9016,1.9,3
2023-07-19 14:58:00,480,1.9034,1.9015,1.905,1.905,1.9015,6
2023-07-19 14:59:00,3577,1.9065,1.909,1.905,1.91,1.905,7
2023-07-19 15:00:00,251,1.905,1.905,1.905,1.905,1.905,3
2023-07-19 15:03:00,371,1.9034,1.905,1.9001,1.905,1.9001,5
2023-07-19 15:04:00,1006,1.9002,1.9001,1.9001,1.9001,1.9001,3
2023-07-19 15:05:00,109,1.9015,1.9014,1.9014,1.9014,1.9014,4
2023-07-19 15:07:00,255,1.9,1.9,1.9,1.9,1.9,2
2023-07-19 15:08:00,600,1.9078,1.905,1.9083,1.9083,1.905,2
2023-07-19 15:09:00,202,1.9039,1.9039,1.9039,1.9039,1.9039,2
2023-07-19 15:10:00,2100,1.9092,1.9015,1.9092,1.91,1.9015,3
2023-07-19 15:13:00,8300,1.9021,1.9,1.905,1.905,1.9,15
2023-07-19 15:14:00,5303,1.9094,1.9,1.91,1.91,1.9,5
2023-07-19 15:15:00,609,1.9036,1.9,1.905,1.905,1.9,4
2023-07-19 15:16:00,7600,1.9063,1.905,1.905,1.9084,1.905,10
2023-07-19 15:17:00,714,1.9092,1.905,1.91,1.91,1.905,6
2023-07-19 15:18:00,14384,1.9103,1.91,1.91,1.92,1.91,46
2023-07-19 15:19:00,16313,1.9086,1.915,1.905,1.915,1.9,47
2023-07-19 15:20:00,5554,1.901,1.9008,1.9013,1.905,1.9008,5
2023-07-19 15:21:00,401,1.909,1.91,1.9085,1.91,1.9085,3
2023-07-19 15:22:00,367,1.9047,1.905,1.9043,1.905,1.9043,2
2023-07-19 15:23:00,180,1.905,1.905,1.905,1.905,1.905,1
2023-07-19 15:27:00,110,1.9094,1.91,1.91,1.91,1.91,3
2023-07-19 15:29:00,206,1.9048,1.905,1.905,1.905,1.905,4
2023-07-19 15:31:00,301,1.91,1.91,1.91,1.91,1.91,2
2023-07-19 15:34:00,518,1.9011,1.9001,1.9001,1.9001,1.9001,7
2023-07-19 15:35:00,232,1.905,1.905,1.905,1.905,1.905,1
2023-07-19 15:36:00,3400,1.91,1.91,1.91,1.91,1.91,1
2023-07-19 15:37:00,421,1.9051,1.905,1.905,1.905,1.905,7
2023-07-19 15:38:00,3046,1.9072,1.9086,1.9005,1.9086,1.9005,5
2023-07-19 15:40:00,128,1.909,1.9087,1.9087,1.9087,1.9087,2
2023-07-19 15:42:00,1053,1.9067,1.9085,1.905,1.9099,1.905,6
2023-07-19 15:43:00,794,1.9049,1.905,1.905,1.905,1.905,6
2023-07-19 15:44:00,403,1.905,1.905,1.905,1.905,1.905,3
2023-07-19 15:47:00,404,1.9041,1.9041,1.9041,1.9041,1.9041,4
2023-07-19 15:49:00,251,1.9054,1.905,1.905,1.905,1.905,5
2023-07-19 15:51:00,386,1.9045,1.905,1.905,1.905,1.905,7
2023-07-19 15:56:00,1000,1.9,1.9,1.9,1.9,1.9,5
2023-07-19 15:58:00,3256,1.9001,1.9001,1.9001,1.9001,1.9001,5
2023-07-19 15:59:00,185,1.9042,1.9042,1.9042,1.9042,1.9042,1
2023-07-19 16:00:00,153,1.9076,1.9077,1.9077,1.9077,1.9077,2
2023-07-19 16:01:00,251,1.91,1.91,1.91,1.91,1.91,2
2023-07-19 16:03:00,1010,1.905,1.905,1.905,1.905,1.905,2
2023-07-19 16:04:00,1500,1.9007,1.9,1.91,1.91,1.9,8
2023-07-19 16:05:00,1110,1.9013,1.905,1.9,1.905,1.9,4
2023-07-19 16:06:00,218,1.9053,1.905,1.905,1.905,1.905,8
2023-07-19 16:08:00,537,1.9014,1.9014,1.9014,1.9014,1.9014,1
2023-07-19 16:09:00,214,1.9037,1.9038,1.9038,1.9038,1.9038,4
2023-07-19 16:12:00,1965,1.9083,1.9083,1.9083,1.9083,1.9083,1
2023-07-19 16:13:00,184,1.9039,1.9042,1.9042,1.9042,1.9042,5
2023-07-19 16:15:00,903,1.91,1.91,1.91,1.91,1.91,3
2023-07-19 16:16:00,3155,1.9081,1.91,1.91,1.91,1.905,30
2023-07-19 16:17:00,32184,1.9115,1.91,1.92,1.92,1.91,45
2023-07-19 16:18:00,40205,1.9155,1.915,1.915,1.92,1.9101,34
2023-07-19 16:19:00,6701,1.9174,1.915,1.92,1.92,1.915,7
2023-07-19 16:20:00,3223,1.9168,1.92,1.915,1.92,1.915,10
2023-07-19 16:21:00,2090,1.9115,1.9162,1.91,1.9162,1.91,16
2023-07-19 16:22:00,30031,1.9093,1.915,1.9015,1.915,1.9,46
2023-07-19 16:23:00,2410,1.905,1.905,1.905,1.905,1.905,17
2023-07-19 16:25:00,987,1.9019,1.9001,1.91,1.91,1.9,6
2023-07-19 16:27:00,6652,1.9003,1.9,1.9,1.905,1.9,29
2023-07-19 16:28:00,30931,1.8999,1.9,1.895,1.9,1.895,39
2023-07-19 16:29:00,1800,1.895,1.895,1.895,1.895,1.895,8
2023-07-19 16:30:00,12250,1.8897,1.89,1.89,1.8942,1.885,34
2023-07-19 16:31:00,1112,1.8844,1.89,1.8839,1.89,1.8839,3
2023-07-19 16:32:00,4111,1.8898,1.89,1.8892,1.89,1.8892,6
2023-07-19 16:33:00,7523,1.8878,1.89,1.8895,1.89,1.885,12
2023-07-19 16:34:00,16662,1.8912,1.89,1.8916,1.895,1.89,21
2023-07-19 16:36:00,2332,1.892,1.89,1.8909,1.8985,1.89,16
2023-07-19 16:37:00,23211,1.8886,1.895,1.885,1.895,1.8801,33
2023-07-19 16:38:00,250,1.885,1.885,1.885,1.885,1.885,1
2023-07-19 16:41:00,1312,1.8875,1.882,1.89,1.89,1.882,7
2023-07-19 16:42:00,16024,1.8902,1.89,1.895,1.895,1.89,31
2023-07-19 16:49:00,10882,1.9,1.8999,1.9,1.9,1.8999,28
2023-07-19 16:50:00,1018,1.901,1.9001,1.9017,1.9017,1.9001,6
2023-07-19 16:53:00,397,1.91,1.91,1.91,1.91,1.91,1
2023-07-19 16:54:00,427,1.9041,1.9048,1.9048,1.9048,1.9048,5
2023-07-19 17:00:00,20617,1.9099,1.91,1.9101,1.9101,1.9015,43
2023-07-19 17:01:00,301,1.9129,1.91,1.9143,1.9143,1.91,3
2023-07-19 17:03:00,665,1.9162,1.915,1.915,1.92,1.915,5
2023-07-19 17:04:00,900,1.9142,1.915,1.915,1.915,1.9116,8
2023-07-19 17:05:00,55315,1.9095,1.915,1.9,1.915,1.9,69
2023-07-19 17:06:00,16069,1.9105,1.91,1.92,1.92,1.91,24
2023-07-19 17:07:00,3117,1.9113,1.91,1.91,1.915,1.91,17
2023-07-19 17:08:00,3500,1.9118,1.915,1.9113,1.915,1.9113,4
2023-07-19 17:09:00,8535,1.9102,1.91,1.91,1.915,1.91,42
2023-07-19 17:10:00,3924,1.911,1.91,1.9101,1.915,1.91,10
2023-07-19 17:11:00,586,1.9192,1.9199,1.9199,1.9199,1.9199,4
2023-07-19 17:18:00,4006,1.915,1.915,1.915,1.915,1.915,17
2023-07-19 17:20:00,2963,1.9136,1.92,1.9115,1.92,1.9115,11
2023-07-19 17:22:00,13405,1.9194,1.915,1.9157,1.92,1.915,10
2023-07-19 17:23:00,105,1.9152,1.915,1.915,1.915,1.915,2
2023-07-19 17:27:00,35573,1.92,1.92,1.92,1.92,1.92,39
2023-07-19 17:28:00,1922,1.9255,1.93,1.925,1.93,1.925,9
2023-07-19 17:29:00,505,1.925,1.925,1.925,1.9252,1.925,4
2023-07-19 17:30:00,5269,1.9206,1.92,1.925,1.925,1.92,11
2023-07-19 17:31:00,100,1.92,1.92,1.92,1.92,1.92,1
2023-07-19 17:32:00,267,1.9249,1.925,1.925,1.925,1.925,5
2023-07-19 17:33:00,10114,1.9199,1.92,1.915,1.92,1.915,24
2023-07-19 17:34:00,300,1.9185,1.915,1.915,1.915,1.915,2
2023-07-19 17:36:00,1020,1.9151,1.915,1.915,1.915,1.915,10
2023-07-19 17:41:00,475,1.9157,1.92,1.915,1.92,1.9115,5
2023-07-19 17:50:00,706,1.9137,1.915,1.9132,1.915,1.9132,4
2023-07-19 17:51:00,136,1.9115,1.9115,1.9115,1.9115,1.9115,4
2023-07-19 17:53:00,300,1.9106,1.91,1.9109,1.9109,1.91,2
2023-07-19 17:57:00,185,1.9105,1.91,1.91,1.91,1.91,2
2023-07-19 18:00:00,156,1.91,1.91,1.91,1.91,1.91,3
2023-07-19 18:02:00,329,1.9116,1.9116,1.9116,1.9116,1.9116,3
2023-07-19 18:03:00,118,1.9107,1.91,1.91,1.91,1.91,6
2023-07-19 18:07:00,1204,1.9113,1.91,1.91,1.915,1.91,10
2023-07-19 18:08:00,22689,1.909,1.915,1.905,1.915,1.905,66
2023-07-19 18:13:00,377,1.9,1.9,1.9,1.9,1.9,2
2023-07-19 18:15:00,100,1.9,1.9,1.9,1.9,1.9,1
2023-07-19 18:17:00,100,1.9,1.9,1.9,1.9,1.9,1
2023-07-19 18:18:00,100,1.9047,1.9047,1.9047,1.9047,1.9047,1
2023-07-19 18:21:00,4842,1.9093,1.9016,1.9099,1.9099,1.9016,5
2023-07-19 18:24:00,107,1.9005,1.9,1.9,1.9,1.9,3
2023-07-19 18:25:00,102,1.9002,1.9,1.9,1.9,1.9,3
2023-07-19 18:26:00,1097,1.9041,1.9033,1.9006,1.905,1.9006,13
2023-07-19 18:27:00,229,1.9028,1.9,1.905,1.905,1.9,3
2023-07-19 18:29:00,100,1.9016,1.9016,1.9016,1.9016,1.9016,1
2023-07-19 18:30:00,200,1.9008,1.9015,1.9,1.9015,1.9,2
2023-07-19 18:32:00,200,1.901,1.901,1.901,1.901,1.901,1
2023-07-19 18:34:00,100,1.9,1.9,1.9,1.9,1.9,1
2023-07-19 18:37:00,210,1.9028,1.9,1.905,1.905,1.9,3
2023-07-19 18:40:00,2200,1.9093,1.905,1.9,1.91,1.9,3
2023-07-19 18:43:00,1525,1.9072,1.905,1.9084,1.9084,1.905,2
2023-07-19 18:44:00,210,1.9024,1.9,1.905,1.905,1.9,4
2023-07-19 18:45:00,115,1.9,1.9,1.9,1.9,1.9,2
2023-07-19 18:46:00,752,1.9031,1.905,1.9015,1.905,1.9015,5
2023-07-19 18:47:00,639,1.9041,1.9,1.9099,1.9099,1.9,9
2023-07-19 18:48:00,829,1.9063,1.9076,1.905,1.9076,1.905,3
2023-07-19 18:49:00,510,1.9031,1.905,1.9,1.905,1.9,6
2023-07-19 18:50:00,102,1.9049,1.905,1.905,1.905,1.905,3
2023-07-19 18:51:00,501,1.9,1.9,1.9,1.9,1.9,4
2023-07-19 18:52:00,327,1.9019,1.9017,1.9017,1.9017,1.9017,4
2023-07-19 18:53:00,1600,1.9,1.9,1.9,1.9,1.9,3
2023-07-19 18:54:00,200,1.9,1.9,1.9,1.9,1.9,2
2023-07-19 18:56:00,100,1.9,1.9,1.9,1.9,1.9,1
2023-07-19 18:57:00,1156,1.9082,1.9083,1.9078,1.9083,1.9078,3
2023-07-19 18:59:00,701,1.9043,1.905,1.9,1.905,1.9,6
2023-07-19 19:00:00,150,1.905,1.905,1.905,1.905,1.905,2
2023-07-19 19:02:00,600,1.9058,1.907,1.9,1.907,1.9,2
2023-07-19 19:04:00,110,1.9047,1.905,1.905,1.905,1.905,3
2023-07-19 19:05:00,100,1.9,1.9,1.9,1.9,1.9,1
2023-07-19 19:06:00,5695,1.901,1.9001,1.905,1.91,1.9001,8
2023-07-19 19:08:00,2602,1.9017,1.9018,1.9018,1.9018,1.9018,5
2023-07-19 19:09:00,403,1.9003,1.9001,1.9001,1.9001,1.9001,2
2023-07-19 19:10:00,200,1.905,1.905,1.905,1.905,1.905,1
2023-07-19 19:11:00,401,1.9063,1.9,1.9084,1.9084,1.9,3
2023-07-19 19:12:00,530,1.9021,1.9021,1.9021,1.9021,1.9021,1
2023-07-19 19:13:00,214,1.9002,1.9,1.9,1.9,1.9,4
2023-07-19 19:16:00,215,1.9028,1.905,1.9,1.905,1.9,3
2023-07-19 19:18:00,1000,1.905,1.905,1.905,1.905,1.905,1
2023-07-19 19:19:00,202,1.9042,1.9,1.9085,1.9085,1.9,4
2023-07-19 19:21:00,880,1.9073,1.9099,1.9041,1.91,1.9041,7
2023-07-19 19:22:00,47592,1.9103,1.9,1.915,1.92,1.9,95
2023-07-19 19:23:00,9504,1.9114,1.915,1.9117,1.92,1.91,16
2023-07-19 19:24:00,4211,1.9111,1.91,1.915,1.92,1.91,15
2023-07-19 19:25:00,3332,1.915,1.915,1.915,1.915,1.915,6
2023-07-19 19:26:00,2701,1.9118,1.9118,1.9118,1.9118,1.9118,2
2023-07-19 19:27:00,935,1.915,1.915,1.915,1.915,1.915,2
2023-07-19 19:28:00,1621,1.9154,1.9183,1.9105,1.9183,1.9105,6
2023-07-19 19:30:00,1174,1.9116,1.91,1.91,1.915,1.91,7
2023-07-19 19:32:00,111,1.9102,1.91,1.91,1.91,1.91,3
2023-07-19 19:33:00,8203,1.9152,1.92,1.915,1.92,1.915,31
2023-07-19 19:34:00,1346,1.9145,1.915,1.915,1.915,1.91,9
2023-07-19 19:35:00,433,1.9147,1.915,1.915,1.915,1.915,6
2023-07-19 19:36:00,151,1.9101,1.91,1.91,1.91,1.91,3
2023-07-19 19:40:00,830,1.9193,1.9195,1.9195,1.9195,1.9195,3
2023-07-19 19:41:00,200,1.9157,1.9157,1.9157,1.9157,1.9157,1
2023-07-19 19:42:00,8007,1.9104,1.915,1.915,1.9185,1.9101,12
2023-07-19 19:43:00,1040,1.9148,1.915,1.9143,1.915,1.9143,10
2023-07-19 19:44:00,228,1.9155,1.915,1.915,1.915,1.915,6
2023-07-19 19:45:00,4669,1.9149,1.915,1.9138,1.9184,1.9138,11
2023-07-19 19:46:00,155,1.9117,1.91,1.91,1.91,1.91,5
2023-07-19 19:47:00,6531,1.9152,1.92,1.915,1.92,1.915,11
2023-07-19 19:48:00,205,1.9124,1.91,1.915,1.915,1.91,3
2023-07-19 19:49:00,5358,1.9148,1.9144,1.915,1.915,1.91,6
2023-07-19 19:50:00,596,1.9133,1.915,1.91,1.915,1.91,8
2023-07-19 19:51:00,122,1.9139,1.9144,1.9144,1.9144,1.9144,5
2023-07-19 19:52:00,1164,1.9162,1.915,1.915,1.92,1.9101,10
2023-07-19 19:53:00,620,1.9125,1.91,1.91,1.915,1.91,9
2023-07-19 19:54:00,613,1.9114,1.91,1.9101,1.9101,1.91,7
2023-07-19 19:55:00,2574,1.9125,1.915,1.915,1.915,1.91,30
2023-07-19 19:56:00,5541,1.9149,1.91,1.915,1.915,1.91,12
2023-07-19 19:57:00,1832,1.9122,1.9143,1.91,1.915,1.91,10
2023-07-19 19:58:00,2337,1.913,1.91,1.9114,1.915,1.91,19
2023-07-19 19:59:00,26818,1.914,1.915,1.91,1.92,1.91,81
2023-07-19 20:52:00,137,1.9117,1.9117,1.9117,1.9117,1.9117,1
2023-07-19 21:19:00,500,1.93,1.93,1.93,1.93,1.93,1
2023-07-19 21:20:00,150,1.93,1.93,1.93,1.93,1.93,1
2023-07-19 21:41:00,150,1.929,1.929,1.929,1.929,1.929,1
2023-07-19 21:51:00,100,1.93,1.93,1.93,1.93,1.93,1
2023-07-19 22:11:00,100,1.93,1.93,1.93,1.93,1.93,1
2023-07-19 22:39:00,1000,1.91,1.91,1.91,1.91,1.91,1
2023-07-19 22:48:00,100,1.91,1.91,1.91,1.91,1.91,1
