t,v,vw,o,c,h,l,n
2024-03-18 08:07:00,100,346.2,346.2,346.2,346.2,346.2,1
2024-03-18 08:08:00,100,346.74,346.74,346.74,346.74,346.74,1
2024-03-18 12:00:00,303,348.4291,348.449,348.449,348.449,348.449,27
2024-03-18 12:35:00,948,348.2147,348.15,348.15,348.15,348.15,43
2024-03-18 13:05:00,137,347.7997,347.8,347.8,347.8,347.8,5
2024-03-18 13:07:00,223,347.6878,347.69,347.69,347.69,347.69,5
2024-03-18 13:23:00,105,348.3876,348.4075,348.4075,348.4075,348.4075,2
2024-03-18 13:30:00,46744,348.1683,348.08,348.36,348.885,348.08,566
2024-03-18 13:31:00,3016,348.3025,347.86,348.22,348.9897,347.86,118
2024-03-18 13:32:00,14933,349.2061,348.78,349.43,349.75,348.78,281
2024-03-18 13:33:00,7746,349.3667,349.37,349.15,349.55,349.15,176
2024-03-18 13:34:00,2796,348.9061,348.91,348.87,349.0,348.72,139
2024-03-18 13:35:00,2830,348.7656,348.81,348.6418,348.9432,348.5,94
2024-03-18 13:36:00,9232,348.3894,348.68,348.605,348.685,347.97,210
2024-03-18 13:37:00,3585,348.7661,348.61,349.25,349.25,348.52,150
2024-03-18 13:38:00,26804,349.9962,349.5,350.135,350.25,349.5,541
2024-03-18 13:39:00,8853,350.0105,350.135,349.725,350.26,349.725,252
2024-03-18 13:40:00,5277,349.7764,349.7,349.85,349.92,349.6,172
2024-03-18 13:41:00,2159,349.7312,349.825,349.7,349.85,349.58,78
2024-03-18 13:42:00,9893,349.7373,349.52,349.9199,349.99,349.5,313
2024-03-18 13:43:00,4183,349.951,350.04,349.75,350.085,349.75,138
2024-03-18 13:44:00,3224,349.5741,349.73,349.45,349.8399,349.43,113
2024-03-18 13:45:00,5113,349.206,349.44,349.19,349.46,348.96,186
2024-03-18 13:46:00,9264,349.2971,349.035,349.1574,349.44,349.035,248
2024-03-18 13:47:00,6467,349.1461,349.29,349.0,349.4,348.94,155
2024-03-18 13:48:00,4686,348.866,348.925,348.7,349.07,348.6744,178
2024-03-18 13:49:00,3773,348.7368,348.5,348.93,348.93,348.5,157
2024-03-18 13:50:00,3756,349.0669,349.06,349.02,349.185,348.91,152
2024-03-18 13:51:00,5028,348.8894,348.96,348.975,348.9877,348.66,186
2024-03-18 13:52:00,3043,349.2441,348.98,349.4,349.4,348.98,131
2024-03-18 13:53:00,3645,349.3982,349.47,349.49,349.49,349.25,140
2024-03-18 13:54:00,3373,349.2947,349.24,349.415,349.49,349.2,159
2024-03-18 13:55:00,2605,349.22,349.425,349.27,349.425,349.09,149
2024-03-18 13:56:00,3474,349.2126,349.11,349.35,349.385,349.09,163
2024-03-18 13:57:00,4566,349.1155,349.28,349.165,349.29,348.98,180
2024-03-18 13:58:00,882,349.4114,349.4,349.51,349.51,349.4,89
2024-03-18 13:59:00,2873,349.4109,349.49,349.3851,349.55,349.37,104
2024-03-18 14:00:00,5422,349.3157,349.535,349.1,349.535,349.1,191
2024-03-18 14:01:00,5234,349.1484,349.23,349.15,349.31,348.98,216
2024-03-18 14:02:00,3970,349.0372,349.05,349.2,349.215,348.97,154
2024-03-18 14:03:00,6429,348.9271,348.94,348.81,349.1,348.7538,222
2024-03-18 14:04:00,7066,349.0262,348.9385,349.21,349.29,348.72,231
2024-03-18 14:05:00,12157,349.6364,349.4061,349.68,349.81,349.4061,253
2024-03-18 14:06:00,5320,349.7194,349.64,349.6238,349.89,349.6238,202
2024-03-18 14:07:00,8419,349.8663,349.79,349.88,350.0,349.7,246
2024-03-18 14:08:00,4727,350.1176,350.0,350.12,350.225,350.0,166
2024-03-18 14:09:00,3698,350.1977,350.06,350.22,350.3,350.06,120
2024-03-18 14:10:00,2755,350.2669,350.22,350.315,350.315,350.22,164
2024-03-18 14:11:00,8004,350.3011,350.34,350.31,350.37,350.22,237
2024-03-18 14:12:00,5105,350.4336,350.375,350.4953,350.51,350.32,181
2024-03-18 14:13:00,8470,350.3959,350.51,350.3661,350.51,350.26,286
2024-03-18 14:14:00,4800,350.2779,350.29,350.35,350.3747,350.22,173
2024-03-18 14:15:00,4108,350.4673,350.29,350.43,350.52,350.29,107
2024-03-18 14:16:00,5042,350.2588,350.32,350.13,350.375,350.09,202
2024-03-18 14:17:00,4919,350.1296,350.13,350.2,350.2,350.03,175
2024-03-18 14:18:00,1091,350.2993,350.35,350.35,350.35,350.35,82
2024-03-18 14:19:00,4661,350.4053,350.24,350.445,350.5,350.24,112
2024-03-18 14:20:00,6626,350.4917,350.51,350.46,350.6,350.39,211
2024-03-18 14:21:00,6569,350.0933,350.34,349.765,350.35,349.7352,233
2024-03-18 14:22:00,1489,349.784,349.76,349.865,349.865,349.7375,82
2024-03-18 14:23:00,1890,349.97,349.89,349.985,350.07,349.88,111
2024-03-18 14:24:00,2517,350.0718,350.08,350.02,350.19,350.02,95
2024-03-18 14:25:00,5759,350.1624,350.17,350.23,350.28,350.09,151
2024-03-18 14:26:00,9214,350.3358,350.32,350.355,350.385,350.3,196
2024-03-18 14:27:00,2988,350.3899,350.44,350.33,350.49,350.26,124
2024-03-18 14:28:00,3106,350.4245,350.37,350.5599,350.5599,350.325,114
2024-03-18 14:29:00,6974,350.3097,350.505,350.205,350.505,350.175,205
2024-03-18 14:30:00,1663,350.3313,350.205,350.39,350.395,350.205,102
2024-03-18 14:31:00,4153,350.2065,350.29,350.1708,350.34,350.11,120
2024-03-18 14:32:00,6626,350.1007,350.12,349.935,350.28,349.83,228
2024-03-18 14:33:00,2886,349.8405,349.85,349.81,349.925,349.79,124
2024-03-18 14:34:00,810,349.8737,349.88,349.9044,349.9044,349.855,42
2024-03-18 14:35:00,3091,349.8593,349.95,349.75,349.96,349.75,142
2024-03-18 14:36:00,2463,349.8373,349.92,349.82,349.92,349.75,110
2024-03-18 14:37:00,3149,350.0011,349.96,350.1,350.1,349.86,90
2024-03-18 14:38:00,2338,349.9215,350.0,349.85,350.0,349.85,98
2024-03-18 14:39:00,3650,349.8892,350.02,349.8375,350.09,349.7201,155
2024-03-18 14:40:00,2240,349.8035,349.76,349.83,349.89,349.71,120
2024-03-18 14:41:00,3091,349.7508,349.82,349.645,349.82,349.645,119
2024-03-18 14:42:00,1992,349.7067,349.69,349.7,349.76,349.63,107
2024-03-18 14:43:00,5730,349.7621,349.715,349.87,349.88,349.63,178
2024-03-18 14:44:00,3677,349.6488,349.72,349.6325,349.74,349.55,123
2024-03-18 14:45:00,2575,349.7446,349.6,349.89,349.89,349.6,119
2024-03-18 14:46:00,1512,349.9015,349.845,349.88,349.93,349.845,77
2024-03-18 14:47:00,2013,349.9258,349.88,350.02,350.02,349.79,83
2024-03-18 14:48:00,1711,349.9975,349.92,350.07,350.07,349.92,81
2024-03-18 14:49:00,2884,350.159,350.04,350.4,350.4,349.95,144
2024-03-18 14:50:00,4372,350.4097,350.435,350.35,350.53,350.35,144
2024-03-18 14:51:00,2899,350.2378,350.22,350.21,350.24,350.21,175
2024-03-18 14:52:00,624,350.2014,350.18,350.18,350.18,350.18,78
2024-03-18 14:53:00,2102,350.3117,350.14,350.395,350.42,350.14,99
2024-03-18 14:54:00,3786,350.4909,350.32,350.605,350.605,350.32,155
2024-03-18 14:55:00,2684,350.6812,350.615,350.71,350.72,350.615,142
2024-03-18 14:56:00,4231,350.7305,350.71,350.78,350.82,350.67,141
2024-03-18 14:57:00,1000,350.8182,350.79,350.79,350.79,350.79,77
2024-03-18 14:58:00,3344,350.735,350.75,350.65,350.805,350.65,124
2024-03-18 14:59:00,2761,350.7806,350.83,350.71,350.83,350.675,125
2024-03-18 15:00:00,1733,350.7216,350.72,350.7,350.72,350.7,85
2024-03-18 15:01:00,7254,350.9541,350.82,351.04,351.06,350.82,220
2024-03-18 15:02:00,3495,351.0084,351.01,350.965,351.09,350.95,140
2024-03-18 15:03:00,6319,351.097,350.9162,351.025,351.1277,350.9162,63
2024-03-18 15:04:00,6033,351.2717,351.02,351.42,351.44,351.02,189
2024-03-18 15:05:00,4998,351.3115,351.355,351.19,351.41,351.19,153
2024-03-18 15:06:00,2012,351.1286,351.14,351.06,351.14,351.05,104
2024-03-18 15:07:00,3171,351.1124,351.065,351.1634,351.22,350.97,126
2024-03-18 15:08:00,9511,351.3029,351.15,351.405,351.448,351.13,237
2024-03-18 15:09:00,4681,351.217,351.46,351.01,351.47,350.96,143
2024-03-18 15:10:00,3284,350.9077,351.0414,350.78,351.0414,350.76,91
2024-03-18 15:11:00,1828,350.7638,350.8,350.6401,350.8,350.6401,49
2024-03-18 15:12:00,3209,350.6488,350.6607,350.4,350.73,350.4,117
2024-03-18 15:13:00,1643,350.3455,350.4512,350.32,350.4512,350.24,67
2024-03-18 15:14:00,1621,350.3832,350.5,350.305,350.5,350.305,106
2024-03-18 15:15:00,4938,350.2285,350.27,350.27,350.32,350.13,196
2024-03-18 15:16:00,6403,350.1122,350.27,349.98,350.29,349.98,188
2024-03-18 15:17:00,4954,350.2514,350.11,350.455,350.455,350.07,229
2024-03-18 15:18:00,8296,350.4353,350.452,350.445,350.58,350.32,95
2024-03-18 15:19:00,3125,350.3066,350.3,350.28,350.37,350.236,101
2024-03-18 15:20:00,4258,350.3454,350.2,350.37,350.55,350.17,166
2024-03-18 15:21:00,1874,350.3048,350.43,350.21,350.43,350.21,101
2024-03-18 15:22:00,4539,350.2465,350.18,350.24,350.36,350.1,187
2024-03-18 15:23:00,3885,350.388,350.22,350.51,350.55,350.22,139
2024-03-18 15:24:00,2456,350.4037,350.4848,350.4626,350.49,350.34,71
2024-03-18 15:25:00,6024,350.5703,350.46,350.735,350.8,350.38,220
2024-03-18 15:26:00,5568,350.7089,350.77,350.85,350.85,350.57,140
2024-03-18 15:27:00,4126,350.8898,350.93,350.9016,350.95,350.8,94
2024-03-18 15:28:00,5744,350.8655,350.895,350.93,350.96,350.77,206
2024-03-18 15:29:00,3668,351.0361,350.93,351.05,351.21,350.93,146
2024-03-18 15:30:00,19538,351.1349,351.11,351.12,351.405,350.95,368
2024-03-18 15:31:00,6572,351.141,351.21,351.105,351.21,351.06,236
2024-03-18 15:32:00,4428,351.3101,351.3228,351.31,351.4,351.23,102
2024-03-18 15:33:00,1333,351.29,351.26,351.26,351.35,351.25,96
2024-03-18 15:34:00,2989,351.2249,351.31,351.23,351.33,351.17,130
2024-03-18 15:35:00,4729,351.184,351.2,350.96,351.255,350.96,113
2024-03-18 15:36:00,9339,350.9636,350.95,351.01,351.08,350.86,171
2024-03-18 15:37:00,1808,350.9249,350.93,350.86,350.93,350.86,84
2024-03-18 15:38:00,1605,351.097,350.975,351.13,351.15,350.975,107
2024-03-18 15:39:00,2086,351.2366,351.149,351.265,351.29,351.149,131
2024-03-18 15:40:00,1278,351.28,351.24,351.24,351.24,351.24,90
2024-03-18 15:41:00,2768,351.4097,351.4,351.395,351.4,351.395,87
2024-03-18 15:42:00,4127,351.5375,351.52,351.57,351.57,351.52,107
2024-03-18 15:43:00,3203,351.508,351.57,351.39,351.58,351.39,104
2024-03-18 15:44:00,2042,351.529,351.52,351.4818,351.62,351.4818,122
2024-03-18 15:45:00,1838,351.6451,351.575,351.65,351.68,351.575,67
2024-03-18 15:46:00,1668,351.5811,351.57,351.54,351.59,351.54,77
2024-03-18 15:47:00,747,351.5436,351.57,351.52,351.57,351.52,44
2024-03-18 15:48:00,2794,351.5071,351.58,351.52,351.58,351.48,102
2024-03-18 15:49:00,3521,351.4148,351.46,351.31,351.4787,351.31,124
2024-03-18 15:50:00,2452,351.3098,351.385,351.16,351.385,351.16,94
2024-03-18 15:51:00,2441,350.9826,351.07,351.0,351.07,350.88,108
2024-03-18 15:52:00,1412,350.8122,350.8969,350.8625,350.8969,350.84,77
2024-03-18 15:53:00,6936,350.5012,350.54,350.47,350.556,350.4003,168
2024-03-18 15:54:00,1850,350.6454,350.63,350.74,350.74,350.55,96
2024-03-18 15:55:00,606,350.5104,350.43,350.555,350.555,350.43,51
2024-03-18 15:56:00,2590,350.5155,350.66,350.37,350.66,350.36,114
2024-03-18 15:57:00,3014,350.4628,350.41,350.57,350.57,350.36,107
2024-03-18 15:58:00,1069,350.3993,350.45,350.35,350.45,350.35,56
2024-03-18 15:59:00,1353,350.4696,350.4,350.4,350.4,350.4,64
2024-03-18 16:00:00,3033,350.2797,350.4,350.1962,350.4,350.1962,175
2024-03-18 16:01:00,1372,349.9865,350.0,349.94,350.0,349.94,77
2024-03-18 16:02:00,1549,349.949,349.9,349.9,349.9,349.9,99
2024-03-18 16:03:00,6809,349.5189,349.795,349.47,349.795,349.431,160
2024-03-18 16:04:00,1516,349.474,349.5,349.42,349.6199,349.42,72
2024-03-18 16:05:00,19058,349.4002,349.28,349.73,349.73,349.277,217
2024-03-18 16:06:00,3616,349.7874,349.7404,349.77,349.8899,349.73,104
2024-03-18 16:07:00,1331,349.7748,349.7668,349.9,349.9,349.7668,96
2024-03-18 16:08:00,2374,349.9654,349.7792,350.0008,350.01,349.7792,93
2024-03-18 16:09:00,2492,349.8521,349.97,349.745,349.97,349.745,153
2024-03-18 16:10:00,1750,349.7833,349.7514,349.84,349.84,349.72,82
2024-03-18 16:11:00,750,349.8036,349.76,349.84,349.84,349.76,44
2024-03-18 16:12:00,9691,349.9528,349.895,350.115,350.19,349.81,165
2024-03-18 16:13:00,2099,350.16,350.165,350.18,350.18,350.11,114
2024-03-18 16:14:00,2097,350.3166,350.17,350.37,350.48,350.17,79
2024-03-18 16:15:00,3945,350.2354,350.37,350.13,350.37,350.13,137
2024-03-18 16:16:00,3564,350.068,350.156,350.0,350.156,350.0,96
2024-03-18 16:17:00,3060,350.1503,350.07,350.185,350.21,350.07,123
2024-03-18 16:18:00,2313,350.2084,350.18,350.175,350.25,350.175,116
2024-03-18 16:19:00,2876,350.349,350.33,350.56,350.56,350.21,115
2024-03-18 16:20:00,7005,350.5361,350.44,350.63,350.63,350.43,143
2024-03-18 16:21:00,4173,350.5569,350.64,350.53,350.64,350.51,140
2024-03-18 16:22:00,1821,350.5869,350.64,350.55,350.64,350.52,79
2024-03-18 16:23:00,5580,350.604,350.61,350.68,350.73,350.5,162
2024-03-18 16:24:00,844,350.7265,350.77,350.7,350.77,350.7,51
2024-03-18 16:25:00,10166,350.728,350.705,350.675,350.83,350.56,268
2024-03-18 16:26:00,1672,350.6713,350.675,350.685,350.685,350.655,64
2024-03-18 16:27:00,1678,350.8447,350.8,350.96,350.96,350.73,103
2024-03-18 16:28:00,2034,350.8787,350.92,350.8484,350.92,350.835,88
2024-03-18 16:29:00,2376,350.8341,350.9,350.795,350.9337,350.78,111
2024-03-18 16:30:00,2612,350.8057,350.76,350.82,350.8379,350.76,101
2024-03-18 16:31:00,2381,350.9431,350.87,350.99,351.0,350.87,101
2024-03-18 16:32:00,3513,351.0152,350.975,351.0949,351.1,350.96,129
2024-03-18 16:33:00,1929,351.0543,351.04,351.05,351.09,351.04,95
2024-03-18 16:34:00,1536,351.0554,351.09,351.06,351.09,351.04,53
2024-03-18 16:35:00,5040,350.9879,351.03,351.03,351.09,350.9,185
2024-03-18 16:36:00,1524,351.1064,351.09,351.1252,351.13,351.09,65
2024-03-18 16:37:00,77349,350.6563,351.14,351.16,351.26,351.14,115
2024-03-18 16:38:00,2262,350.9024,350.95,350.786,350.95,350.786,100
2024-03-18 16:39:00,3033,350.7059,350.83,350.535,350.83,350.535,107
2024-03-18 16:40:00,1013,350.4346,350.37,350.37,350.37,350.37,55
2024-03-18 16:41:00,1714,350.5105,350.4366,350.565,350.565,350.4366,65
2024-03-18 16:42:00,3620,350.6438,350.5,350.735,350.75,350.5,133
2024-03-18 16:43:00,1314,350.8819,350.89,350.925,350.925,350.89,63
2024-03-18 16:44:00,1124,350.9524,350.91,351.0,351.0,350.91,53
2024-03-18 16:45:00,4414,350.9654,350.945,351.0,351.1,350.88,187
2024-03-18 16:46:00,4355,350.9885,350.98,351.0,351.04,350.96,112
2024-03-18 16:47:00,1902,351.0283,350.95,351.1,351.1,350.95,87
2024-03-18 16:48:00,1986,350.9983,351.0,351.02,351.05,350.95,91
2024-03-18 16:49:00,4799,350.9622,351.0,350.96,351.0,350.91,198
2024-03-18 16:50:00,5570,350.7286,350.83,350.69,350.885,350.635,179
2024-03-18 16:51:00,2476,350.6987,350.68,350.72,350.725,350.66,88
2024-03-18 16:52:00,2041,350.7739,350.75,350.75,350.83,350.75,73
2024-03-18 16:53:00,1641,350.665,350.755,350.67,350.755,350.59,69
2024-03-18 16:54:00,1560,350.8417,350.79,350.875,350.875,350.79,59
2024-03-18 16:55:00,5808,350.8398,350.8,350.92,350.92,350.79,159
2024-03-18 16:56:00,2191,350.8351,350.84,350.79,350.87,350.79,63
2024-03-18 16:57:00,1009,350.8741,350.8624,350.895,350.98,350.8624,42
2024-03-18 16:58:00,3775,350.7946,350.82,350.74,350.825,350.72,159
2024-03-18 16:59:00,1686,350.6589,350.74,350.66,350.74,350.595,106
2024-03-18 17:00:00,876,350.6362,350.615,350.62,350.62,350.615,61
2024-03-18 17:01:00,2583,350.919,350.81,350.945,351.02,350.81,128
2024-03-18 17:02:00,2727,351.1716,351.02,351.33,351.33,351.02,126
2024-03-18 17:03:00,3534,351.3955,351.295,351.38,351.43,351.295,139
2024-03-18 17:04:00,1556,351.0961,351.13,351.06,351.13,351.02,73
2024-03-18 17:05:00,1610,351.1803,351.17,351.165,351.2,351.16,73
2024-03-18 17:06:00,3946,350.9242,351.13,350.775,351.13,350.71,141
2024-03-18 17:07:00,1544,350.7744,350.79,350.76,350.8,350.72,70
2024-03-18 17:08:00,2096,350.7908,350.795,350.75,350.81,350.75,51
2024-03-18 17:09:00,4134,350.7054,350.75,350.65,350.76,350.65,125
2024-03-18 17:10:00,670,350.6146,350.63,350.58,350.63,350.58,46
2024-03-18 17:11:00,440,350.6117,350.62,350.62,350.62,350.62,38
2024-03-18 17:12:00,3249,350.6053,350.52,350.61,350.62,350.52,116
2024-03-18 17:13:00,1211,350.5311,350.58,350.535,350.58,350.52,56
2024-03-18 17:14:00,3875,350.6945,350.53,350.89,350.89,350.53,156
2024-03-18 17:15:00,1728,350.9979,350.935,351.07,351.07,350.93,63
2024-03-18 17:16:00,2847,350.9849,350.93,350.995,351.0,350.93,102
2024-03-18 17:17:00,1571,351.1868,351.18,351.17,351.24,351.15,80
2024-03-18 17:18:00,1081,351.1913,351.19,351.16,351.19,351.16,39
2024-03-18 17:19:00,6628,351.2701,351.28,351.385,351.42,351.22,224
2024-03-18 17:20:00,3854,351.3901,351.36,351.42,351.42,351.36,65
2024-03-18 17:21:00,4079,351.3215,351.42,351.2343,351.48,351.2343,130
2024-03-18 17:22:00,3360,351.2928,351.22,351.385,351.385,351.22,102
2024-03-18 17:23:00,1918,351.4059,351.39,351.45,351.45,351.34,73
2024-03-18 17:24:00,1425,351.4011,351.45,351.4,351.48,351.4,78
2024-03-18 17:25:00,2597,351.4734,351.31,351.51,351.51,351.31,116
2024-03-18 17:26:00,1798,351.4263,351.51,351.395,351.51,351.385,72
2024-03-18 17:27:00,1502,351.4477,351.44,351.44,351.46,351.42,61
2024-03-18 17:28:00,2381,351.5676,351.4596,351.555,351.6,351.4596,123
2024-03-18 17:29:00,802,351.5753,351.565,351.565,351.565,351.565,57
2024-03-18 17:30:00,3163,351.5647,351.57,351.58,351.58,351.55,151
2024-03-18 17:31:00,3439,351.5064,351.53,351.455,351.56,351.4325,102
2024-03-18 17:32:00,1357,351.5224,351.48,351.5496,351.57,351.48,66
2024-03-18 17:33:00,2220,351.3876,351.43,351.29,351.43,351.29,105
2024-03-18 17:34:00,2118,351.3818,351.3,351.5,351.5,351.295,128
2024-03-18 17:35:00,4634,351.5382,351.49,351.5,351.61,351.465,206
2024-03-18 17:36:00,2843,351.5056,351.57,351.42,351.57,351.42,139
2024-03-18 17:37:00,1436,351.5368,351.44,351.555,351.555,351.44,52
2024-03-18 17:38:00,4670,351.5102,351.67,351.515,351.67,351.44,124
2024-03-18 17:39:00,5258,351.3956,351.45,351.45,351.45,351.34,158
2024-03-18 17:40:00,2119,351.2418,351.29,351.23,351.29,351.17,96
2024-03-18 17:41:00,2449,351.2537,351.145,351.32,351.32,351.145,109
2024-03-18 17:42:00,2761,351.4391,351.435,351.52,351.52,351.38,150
2024-03-18 17:43:00,712,351.5861,351.6,351.6492,351.6492,351.6,48
2024-03-18 17:44:00,4395,351.5585,351.5543,351.5464,351.5543,351.5,105
2024-03-18 17:45:00,5597,351.7125,351.57,351.72,351.76,351.57,177
2024-03-18 17:46:00,2962,351.6654,351.69,351.61,351.72,351.61,132
2024-03-18 17:47:00,8659,351.4438,351.49,351.4125,351.49,351.36,113
2024-03-18 17:48:00,2399,351.5183,351.41,351.585,351.585,351.41,114
2024-03-18 17:49:00,1816,351.6772,351.69,351.65,351.69,351.65,68
2024-03-18 17:50:00,4551,351.8224,351.77,351.88,351.88,351.76,161
2024-03-18 17:51:00,437,351.7904,351.8035,351.815,351.815,351.8035,31
2024-03-18 17:52:00,826,351.8345,351.835,351.835,351.835,351.835,60
2024-03-18 17:53:00,11904,351.9175,351.8502,351.84,352.04,351.79,438
2024-03-18 17:54:00,2564,351.7799,351.75,351.8339,351.85,351.74,88
2024-03-18 17:55:00,1530,351.8391,351.8999,351.88,351.8999,351.75,69
2024-03-18 17:56:00,1972,351.9311,351.8101,351.91,351.91,351.8101,50
2024-03-18 17:57:00,2560,351.9444,352.0,351.874,352.0,351.874,95
2024-03-18 17:58:00,4995,352.0151,351.99,352.055,352.06,351.93,272
2024-03-18 17:59:00,1717,352.083,352.05,352.11,352.11,352.05,80
2024-03-18 18:00:00,1255,352.1445,352.12,352.115,352.12,352.115,91
2024-03-18 18:01:00,5148,352.1216,352.1,352.1,352.19,352.08,156
2024-03-18 18:02:00,8830,352.1271,352.04,352.32,352.33,352.04,158
2024-03-18 18:03:00,2375,352.3253,352.325,352.3504,352.3504,352.3,109
2024-03-18 18:04:00,5395,352.2013,352.24,352.22,352.27,352.15,184
2024-03-18 18:05:00,4263,352.2837,352.22,352.2525,352.31,352.21,116
2024-03-18 18:06:00,4234,352.1332,352.245,352.04,352.245,352.04,131
2024-03-18 18:07:00,2600,352.0014,352.04,352.025,352.04,351.93,106
2024-03-18 18:08:00,10114,352.1199,352.025,352.095,352.22,352.01,273
2024-03-18 18:09:00,1428,352.1534,352.14,352.1724,352.19,352.14,77
2024-03-18 18:10:00,1986,352.216,352.153,352.3254,352.3254,352.15,85
2024-03-18 18:11:00,1570,352.3829,352.315,352.45,352.45,352.315,73
2024-03-18 18:12:00,3863,352.4754,352.46,352.48,352.5,352.44,154
2024-03-18 18:13:00,2974,352.3249,352.46,352.234,352.46,352.16,106
2024-03-18 18:14:00,1069,352.1618,352.14,352.125,352.14,352.125,61
2024-03-18 18:15:00,2060,352.1193,352.11,352.11,352.12,352.1,117
2024-03-18 18:16:00,2837,352.2834,352.22,352.35,352.35,352.22,163
2024-03-18 18:17:00,1842,352.4452,352.35,352.51,352.51,352.35,113
2024-03-18 18:18:00,2719,352.5066,352.535,352.47,352.535,352.47,111
2024-03-18 18:19:00,3320,352.4821,352.5,352.51,352.54,352.46,125
2024-03-18 18:20:00,942,352.5529,352.4937,352.5561,352.575,352.4937,52
2024-03-18 18:21:00,1634,352.5039,352.595,352.46,352.595,352.46,62
2024-03-18 18:22:00,3579,352.3401,352.46,352.265,352.46,352.2,152
2024-03-18 18:23:00,1066,352.2495,352.23,352.23,352.24,352.23,59
2024-03-18 18:24:00,4128,352.2967,352.28,352.35,352.43,352.22,231
2024-03-18 18:25:00,1409,352.4633,352.44,352.44,352.44,352.44,78
2024-03-18 18:26:00,2857,352.6045,352.505,352.7226,352.7226,352.505,82
2024-03-18 18:27:00,4362,352.685,352.58,352.64,352.83,352.58,148
2024-03-18 18:28:00,1064,352.686,352.705,352.705,352.705,352.705,56
2024-03-18 18:29:00,1010,352.7269,352.715,352.715,352.715,352.715,68
2024-03-18 18:30:00,4022,352.6775,352.73,352.64,352.73,352.64,146
2024-03-18 18:31:00,1501,352.7067,352.7,352.7587,352.7587,352.68,56
2024-03-18 18:32:00,6070,352.7832,352.715,352.8285,352.9,352.6301,218
2024-03-18 18:33:00,3274,352.8294,352.84,352.88,352.93,352.77,120
2024-03-18 18:34:00,6395,352.9577,352.875,352.97,353.05,352.875,239
2024-03-18 18:35:00,924,352.9746,353.04,353.028,353.04,353.028,58
2024-03-18 18:36:00,10151,352.9789,352.92,353.08,353.08,352.91,294
2024-03-18 18:37:00,7556,353.162,353.07,353.31,353.33,353.01,278
2024-03-18 18:38:00,6170,353.1949,353.34,353.05,353.34,353.021,203
2024-03-18 18:39:00,1891,353.0753,353.09,353.05,353.125,353.05,87
2024-03-18 18:40:00,8288,353.0793,353.05,353.14,353.14,352.99,266
2024-03-18 18:41:00,5927,353.1478,353.18,353.09,353.22,353.045,215
2024-03-18 18:42:00,12988,352.7757,353.04,352.31,353.065,352.31,324
2024-03-18 18:43:00,4427,352.5268,352.49,352.49,352.67,352.4,154
2024-03-18 18:44:00,3460,352.54,352.49,352.6,352.62,352.465,137
2024-03-18 18:45:00,1402,352.5359,352.53,352.52,352.58,352.5025,76
2024-03-18 18:46:00,2325,352.441,352.53,352.35,352.53,352.35,118
2024-03-18 18:47:00,2856,352.1249,352.13,352.1,352.2371,352.07,112
2024-03-18 18:48:00,3145,352.1247,352.03,352.19,352.195,352.03,150
2024-03-18 18:49:00,1774,352.3362,352.29,352.39,352.39,352.29,108
2024-03-18 18:50:00,3493,352.3964,352.33,352.45,352.45,352.3201,128
2024-03-18 18:51:00,1758,352.4267,352.43,352.41,352.43,352.41,91
2024-03-18 18:52:00,4004,352.4473,352.43,352.46,352.47,352.4,139
2024-03-18 18:53:00,1660,352.6488,352.52,352.685,352.7,352.52,87
2024-03-18 18:54:00,4840,352.6917,352.68,352.74,352.77,352.6,202
2024-03-18 18:55:00,4029,352.6647,352.765,352.7558,352.765,352.5587,207
2024-03-18 18:56:00,1181,352.7314,352.775,352.715,352.775,352.69,74
2024-03-18 18:57:00,4379,352.6532,352.67,352.6,352.7,352.59,178
2024-03-18 18:58:00,4475,352.6526,352.665,352.6,352.67,352.6,71
2024-03-18 18:59:00,3314,352.5831,352.685,352.56,352.685,352.5,159
2024-03-18 19:00:00,2978,352.4196,352.5,352.3803,352.5,352.32,123
2024-03-18 19:01:00,5285,352.4649,352.32,352.53,352.54,352.32,179
2024-03-18 19:02:00,4197,352.4656,352.46,352.39,352.534,352.39,104
2024-03-18 19:03:00,6397,352.4054,352.42,352.32,352.485,352.32,203
2024-03-18 19:04:00,2531,352.3171,352.33,352.26,352.33,352.26,80
2024-03-18 19:05:00,1438,352.2518,352.3155,352.22,352.3155,352.22,75
2024-03-18 19:06:00,2575,352.3242,352.26,352.35,352.35,352.26,117
2024-03-18 19:07:00,4692,352.4673,352.38,352.6,352.6,352.38,183
2024-03-18 19:08:00,4677,352.6789,352.62,352.595,352.77,352.595,169
2024-03-18 19:09:00,3997,352.4943,352.6781,352.5,352.6781,352.42,151
2024-03-18 19:10:00,1331,352.4294,352.42,352.44,352.44,352.42,81
2024-03-18 19:11:00,989,352.4712,352.49,352.49,352.49,352.49,57
2024-03-18 19:12:00,1184,352.4495,352.42,352.47,352.47,352.42,89
2024-03-18 19:13:00,1944,352.4548,352.47,352.41,352.48,352.41,94
2024-03-18 19:14:00,4790,352.3973,352.4221,352.37,352.4221,352.37,161
2024-03-18 19:15:00,3548,352.4554,352.38,352.5,352.52,352.36,147
2024-03-18 19:16:00,3245,352.5073,352.4786,352.59,352.59,352.4786,78
2024-03-18 19:17:00,5663,352.6021,352.59,352.51,352.69,352.51,179
2024-03-18 19:18:00,2077,352.5933,352.56,352.59,352.63,352.56,85
2024-03-18 19:19:00,2094,352.5543,352.53,352.56,352.57,352.53,110
2024-03-18 19:20:00,1967,352.5613,352.565,352.555,352.565,352.545,82
2024-03-18 19:21:00,5164,352.6493,352.6,352.69,352.7,352.55,227
2024-03-18 19:22:00,5027,352.6419,352.67,352.67,352.67,352.62,143
2024-03-18 19:23:00,3765,352.702,352.61,352.71,352.75,352.6,162
2024-03-18 19:24:00,4041,352.6666,352.6553,352.65,352.695,352.64,130
2024-03-18 19:25:00,5249,352.6327,352.72,352.56,352.7312,352.54,179
2024-03-18 19:26:00,2621,352.6059,352.59,352.5995,352.65,352.58,108
2024-03-18 19:27:00,2354,352.5649,352.56,352.55,352.56,352.5447,84
2024-03-18 19:28:00,2374,352.643,352.62,352.63,352.68,352.62,110
2024-03-18 19:29:00,3302,352.5589,352.56,352.545,352.56,352.5447,95
2024-03-18 19:30:00,4047,352.5794,352.6,352.6767,352.6767,352.52,192
2024-03-18 19:31:00,7703,352.7645,352.695,352.86,352.86,352.695,202
2024-03-18 19:32:00,8181,353.046,352.93,353.03,353.13,352.93,217
2024-03-18 19:33:00,2831,352.9764,353.02,352.9,353.02,352.9,139
2024-03-18 19:34:00,2748,352.8837,352.93,352.87,352.93,352.85,139
2024-03-18 19:35:00,4257,352.811,352.85,352.84,352.85,352.7,151
2024-03-18 19:36:00,2205,352.7162,352.855,352.63,352.855,352.62,112
2024-03-18 19:37:00,2280,352.5431,352.57,352.45,352.57,352.45,113
2024-03-18 19:38:00,4397,352.5097,352.43,352.58,352.58,352.41,182
2024-03-18 19:39:00,6130,352.4143,352.535,352.28,352.535,352.28,197
2024-03-18 19:40:00,3786,352.2252,352.26,352.185,352.31,352.17,150
2024-03-18 19:41:00,3855,352.1804,352.15,352.15,352.15,352.08,154
2024-03-18 19:42:00,5986,352.0624,352.12,352.01,352.12,352.0,194
2024-03-18 19:43:00,9874,352.1121,352.015,352.12,352.23,352.015,465
2024-03-18 19:44:00,5490,352.0554,352.09,351.99,352.14,351.99,211
2024-03-18 19:45:00,9115,351.9786,351.92,352.11,352.11,351.89,360
2024-03-18 19:46:00,5006,352.0653,352.11,352.01,352.11,352.01,181
2024-03-18 19:47:00,7665,352.0896,352.0,352.17,352.175,352.0,342
2024-03-18 19:48:00,9994,352.1591,352.17,352.125,352.215,352.1,286
2024-03-18 19:49:00,15062,352.224,352.125,352.18,352.33,352.1,501
2024-03-18 19:50:00,13290,351.9111,352.09,351.865,352.11,351.695,416
2024-03-18 19:51:00,12147,351.9388,351.82,352.01,352.08,351.82,437
2024-03-18 19:52:00,10081,351.9943,352.01,352.0,352.05,351.92,390
2024-03-18 19:53:00,17160,352.0916,352.0,352.175,352.22,351.99,511
2024-03-18 19:54:00,18958,352.0954,352.15,352.08,352.195,351.97,590
2024-03-18 19:55:00,24330,352.1217,352.17,352.06,352.23,352.05,649
2024-03-18 19:56:00,20442,351.9458,352.045,351.88,352.115,351.78,538
2024-03-18 19:57:00,28000,351.7707,351.8872,351.71,351.89,351.68,720
2024-03-18 19:58:00,32307,351.6188,351.72,351.47,351.74,351.45,623
2024-03-18 19:59:00,73820,351.578,351.465,351.8,351.91,351.43,1735
2024-03-18 20:00:00,201713,351.9006,351.9,352.08,352.08,351.9,56
2024-03-18 20:01:00,599,352.0379,352.08,352.08,352.08,352.08,14
2024-03-18 20:04:00,398,351.9001,351.9,351.9,351.9,351.9,3
2024-03-18 20:05:00,2202,351.9,351.9,351.9,351.9,351.9,1
2024-03-18 22:05:00,10000,351.9,351.9,351.9,351.9,351.9,1
2024-03-18 22:18:00,100,351.9,351.9,351.9,351.9,351.9,1
2024-03-18 22:22:00,100,351.9,351.9,351.9,351.9,351.9,1
2024-03-18 22:47:00,100,352.0,352.0,352.0,352.0,352.0,1
2024-03-18 23:05:00,141,351.9011,351.9,351.9,351.9,351.9,2
2024-03-18 23:54:00,243,351.8994,351.9,351.9,351.9,351.9,3
2024-03-19 10:56:00,528,350.1798,350.1,350.1,350.1,350.1,18
2024-03-19 12:11:00,730,350.2021,350.2,350.2,350.2,350.2,2
2024-03-19 13:30:00,41352,351.5991,351.6,351.775,352.0,351.1306,447
2024-03-19 13:31:00,5533,351.391,351.86,350.92,351.8805,350.92,156
2024-03-19 13:32:00,7273,350.6493,350.87,350.465,350.87,350.46,162
2024-03-19 13:33:00,4735,350.8789,350.27,351.77,351.77,350.27,223
2024-03-19 13:34:00,2562,351.5995,351.71,351.2097,351.72,351.2097,112
2024-03-19 13:35:00,2203,351.4387,351.41,351.74,351.74,351.08,104
2024-03-19 13:36:00,3104,351.56,351.895,351.375,351.895,351.28,135
2024-03-19 13:37:00,1394,351.1897,351.23,351.185,351.245,351.185,81
2024-03-19 13:38:00,2762,351.5354,351.2,351.95,351.95,351.1662,128
2024-03-19 13:39:00,2200,352.0631,352.07,351.975,352.17,351.7681,60
2024-03-19 13:40:00,3212,351.9681,351.75,352.46,352.46,351.69,119
2024-03-19 13:41:00,3852,352.5973,352.49,352.485,352.825,352.48,134
2024-03-19 13:42:00,2995,352.3329,352.6,352.25,352.62,352.03,144
2024-03-19 13:43:00,4442,352.3625,351.9814,352.2,352.65,351.9814,158
2024-03-19 13:44:00,1433,352.3058,352.22,352.295,352.4,352.21,56
2024-03-19 13:45:00,2919,352.1988,352.12,352.335,352.37,352.12,138
2024-03-19 13:46:00,7425,351.9646,352.15,351.92,352.22,351.83,235
2024-03-19 13:47:00,4378,351.6338,351.815,351.53,351.8787,351.5,135
2024-03-19 13:48:00,3494,351.459,351.515,351.28,351.625,351.28,124
2024-03-19 13:49:00,6602,351.2368,351.14,351.34,351.43,351.0,238
2024-03-19 13:50:00,8901,350.945,351.14,350.7534,351.17,350.7534,270
2024-03-19 13:51:00,3726,350.8369,350.6,350.9326,351.11,350.6,146
2024-03-19 13:52:00,5337,350.9542,350.95,350.78,351.1,350.78,209
2024-03-19 13:53:00,4287,350.893,350.69,350.99,351.055,350.69,167
2024-03-19 13:54:00,3009,351.0797,350.95,351.235,351.33,350.83,133
2024-03-19 13:55:00,2336,351.0296,351.2,351.1,351.2,350.84,100
2024-03-19 13:56:00,2434,351.1741,351.065,351.25,351.25,351.065,85
2024-03-19 13:57:00,1256,351.3053,351.35,351.335,351.35,351.28,74
2024-03-19 13:58:00,6759,350.9391,351.315,350.77,351.315,350.6,242
2024-03-19 13:59:00,6954,351.0924,350.94,351.36,351.36,350.86,201
2024-03-19 14:00:00,3793,351.2682,351.295,351.05,351.43,351.05,134
2024-03-19 14:01:00,7031,351.1222,351.1854,351.16,351.36,350.9031,186
2024-03-19 14:02:00,3112,351.4672,351.2055,351.6516,351.6516,351.14,113
2024-03-19 14:03:00,3709,351.6296,351.655,351.56,351.77,351.52,122
2024-03-19 14:04:00,4400,351.5318,351.49,351.7,351.7,351.39,172
2024-03-19 14:05:00,4177,351.6382,351.6279,351.42,351.81,351.38,146
2024-03-19 14:06:00,7721,351.4126,351.45,351.215,351.66,351.04,155
2024-03-19 14:07:00,9630,351.2684,351.1682,351.29,351.45,351.07,238
2024-03-19 14:08:00,1295,351.2722,351.41,351.16,351.41,351.13,85
2024-03-19 14:09:00,2780,351.0589,351.11,351.0,351.155,351.0,93
2024-03-19 14:10:00,2846,351.0408,351.03,351.11,351.17,350.92,112
2024-03-19 14:11:00,6044,350.9757,351.09,350.919,351.09,350.75,115
2024-03-19 14:12:00,4682,350.8797,350.89,350.7,351.0,350.7,143
2024-03-19 14:13:00,4245,350.6239,350.55,350.745,350.84,350.5,139
2024-03-19 14:14:00,5320,350.7738,350.81,350.55,350.9,350.55,172
2024-03-19 14:15:00,2752,350.6681,350.58,350.725,350.795,350.56,84
2024-03-19 14:16:00,3398,350.6395,350.63,350.6375,350.7829,350.5,114
2024-03-19 14:17:00,6119,350.7018,350.6,350.8495,350.92,350.52,216
2024-03-19 14:18:00,2395,350.7134,350.74,350.68,350.75,350.61,73
2024-03-19 14:19:00,3931,350.8045,350.74,350.66,350.9,350.66,103
2024-03-19 14:20:00,7000,350.5697,350.65,350.61,350.7,350.43,197
2024-03-19 14:21:00,3169,350.6405,350.615,350.48,350.74,350.48,114
2024-03-19 14:22:00,2583,350.4971,350.52,350.45,350.59,350.38,81
2024-03-19 14:23:00,2903,350.5113,350.44,350.46,350.63,350.42,90
2024-03-19 14:24:00,2269,350.6064,350.535,350.655,350.66,350.535,68
2024-03-19 14:25:00,4621,350.6794,350.61,350.775,350.85,350.59,132
2024-03-19 14:26:00,9760,350.8793,350.86,350.7597,351.02,350.7597,271
2024-03-19 14:27:00,3371,350.7275,350.75,350.69,350.785,350.69,97
2024-03-19 14:28:00,5367,350.5393,350.64,350.43,350.655,350.37,179
2024-03-19 14:29:00,2154,350.2876,350.25,350.42,350.44,350.18,103
2024-03-19 14:30:00,4625,350.4494,350.4,350.47,350.5,350.34,100
2024-03-19 14:31:00,5088,350.4881,350.47,350.48,350.525,350.47,115
2024-03-19 14:32:00,2110,350.5497,350.545,350.48,350.6,350.48,81
2024-03-19 14:33:00,7174,350.4235,350.42,350.49,350.51,350.23,185
2024-03-19 14:34:00,1040,350.4886,350.49,350.49,350.49,350.49,37
2024-03-19 14:35:00,5032,350.3536,350.4,350.23,350.43,350.23,169
2024-03-19 14:36:00,6229,349.9817,350.14,349.76,350.14,349.75,207
2024-03-19 14:37:00,4270,350.0306,349.86,350.33,350.33,349.86,147
2024-03-19 14:38:00,3841,350.2234,350.25,350.18,350.29,350.15,97
2024-03-19 14:39:00,3908,350.3522,350.15,350.54,350.57,350.15,142
2024-03-19 14:40:00,4191,350.327,350.38,350.2,350.44,350.145,122
2024-03-19 14:41:00,2963,350.2688,350.1837,350.28,350.35,350.15,118
2024-03-19 14:42:00,1919,350.3521,350.26,350.43,350.43,350.26,58
2024-03-19 14:43:00,5675,350.2025,350.41,350.05,350.41,350.05,161
2024-03-19 14:44:00,2823,350.0356,350.0,350.13,350.13,349.95,75
2024-03-19 14:45:00,3724,350.1361,350.2,350.09,350.23,350.04,163
2024-03-19 14:46:00,2732,349.9422,350.07,349.87,350.08,349.87,89
2024-03-19 14:48:00,6504,350.0,349.91,350.03,350.11,349.86,172
2024-03-19 14:49:00,957,350.0275,350.1,349.967,350.1,349.967,64
2024-03-19 14:50:00,2717,349.963,350.095,349.77,350.1,349.77,104
2024-03-19 14:51:00,2583,349.851,349.88,349.9384,349.97,349.73,109
2024-03-19 14:52:00,2883,350.037,349.99,350.16,350.16,349.97,98
2024-03-19 14:53:00,2301,350.0305,350.07,350.02,350.09,349.96,88
2024-03-19 14:54:00,2650,350.1208,350.16,350.05,350.16,350.05,94
2024-03-19 14:55:00,3752,350.3041,350.17,350.26,350.415,350.17,153
2024-03-19 14:56:00,1961,350.2278,350.19,350.23,350.285,350.19,63
2024-03-19 14:57:00,3301,350.1989,350.2,350.24,350.27,350.14,121
2024-03-19 14:58:00,4752,350.2771,350.3,350.12,350.37,350.12,121
2024-03-19 14:59:00,10424,350.012,350.15,349.79,350.15,349.79,271
2024-03-19 15:00:00,2853,349.8148,349.78,349.86,349.86,349.78,106
2024-03-19 15:01:00,6309,349.7128,349.75,349.87,349.87,349.62,172
2024-03-19 15:02:00,5128,349.8387,349.89,349.83,349.905,349.8,118
2024-03-19 15:03:00,4508,349.939,349.83,350.0,350.025,349.83,144
2024-03-19 15:04:00,4663,349.9859,349.99,349.94,350.015,349.94,103
2024-03-19 15:05:00,570,349.9639,349.98,349.91,349.98,349.91,21
2024-03-19 15:06:00,7018,349.9709,350.0,349.88,350.01,349.88,185
2024-03-19 15:07:00,2231,349.7442,349.76,349.71,349.775,349.7,66
2024-03-19 15:08:00,1962,349.8284,349.8459,349.81,349.87,349.78,98
2024-03-19 15:09:00,3454,349.9545,349.95,349.975,350.01,349.89,110
2024-03-19 15:10:00,2403,349.9025,349.975,349.89,349.975,349.82,82
2024-03-19 15:11:00,1600,349.9748,349.99,349.99,350.0,349.96,69
2024-03-19 15:12:00,4608,349.9806,349.985,349.95,350.07,349.9,122
2024-03-19 15:13:00,7536,350.0487,349.995,350.02,350.14,349.965,216
2024-03-19 15:14:00,1744,350.1988,350.13,350.2,350.26,350.13,83
2024-03-19 15:15:00,3328,350.2825,350.2,350.335,350.335,350.1956,125
2024-03-19 15:16:00,4923,350.2775,350.335,350.15,350.42,350.15,145
2024-03-19 15:17:00,3305,350.2363,350.29,350.28,350.29,350.17,112
2024-03-19 15:19:00,815,350.2643,350.275,350.25,350.275,350.25,35
2024-03-19 15:20:00,4260,350.2531,350.27,350.325,350.325,350.21,145
2024-03-19 15:21:00,1613,350.3994,350.37,350.41,350.45,350.3301,59
2024-03-19 15:22:00,2906,350.3423,350.38,350.25,350.38,350.25,103
2024-03-19 15:23:00,1096,350.2817,350.28,350.28,350.28,350.28,67
2024-03-19 15:24:00,830,350.3863,350.38,350.4,350.4,350.375,39
2024-03-19 15:25:00,2995,350.4282,350.39,350.39,350.49,350.39,111
2024-03-19 15:27:00,2595,350.5266,350.41,350.59,350.59,350.41,99
2024-03-19 15:28:00,2820,350.5971,350.57,350.57,350.63,350.57,93
2024-03-19 15:29:00,992,350.6265,350.6346,350.6346,350.6346,350.6346,45
2024-03-19 15:30:00,3232,350.7391,350.69,350.795,350.84,350.66,118
2024-03-19 15:31:00,4361,350.9319,350.795,351.035,351.045,350.74,132
2024-03-19 15:32:00,2181,351.3202,351.12,351.55,351.55,351.09,100
2024-03-19 15:33:00,3503,351.6362,351.57,351.614,351.76,351.57,116
2024-03-19 15:34:00,6590,351.4942,351.595,351.445,351.6,351.4,193
2024-03-19 15:35:00,3501,351.4104,351.5,351.26,351.5017,351.26,102
2024-03-19 15:36:00,2049,351.4237,351.34,351.54,351.54,351.34,72
2024-03-19 15:37:00,2389,351.5702,351.655,351.49,351.71,351.46,121
2024-03-19 15:38:00,996,351.3216,351.35,351.2301,351.35,351.2301,51
2024-03-19 15:40:00,2600,351.6534,351.59,351.69,351.78,351.53,78
2024-03-19 15:41:00,8234,351.5745,351.6975,351.435,351.6975,351.42,192
2024-03-19 15:42:00,1960,351.423,351.44,351.43,351.465,351.3814,55
2024-03-19 15:43:00,1400,351.4555,351.44,351.4,351.51,351.4,79
2024-03-19 15:44:00,1185,351.3277,351.33,351.33,351.33,351.33,57
2024-03-19 15:45:00,651,351.2883,351.335,351.25,351.335,351.25,28
2024-03-19 15:46:00,3012,351.2995,351.33,351.33,351.39,351.25,43
2024-03-19 15:47:00,1940,351.3885,351.3,351.41,351.48,351.3,85
2024-03-19 15:48:00,3077,351.3721,351.4,351.36,351.4225,351.34,95
2024-03-19 15:49:00,2310,351.3433,351.4,351.2775,351.415,351.25,83
2024-03-19 15:50:00,701,351.2588,351.255,351.25,351.255,351.25,34
2024-03-19 15:51:00,846,351.2448,351.23,351.23,351.23,351.23,48
2024-03-19 15:52:00,1552,351.3383,351.27,351.305,351.36,351.27,64
2024-03-19 15:53:00,2783,351.3761,351.33,351.4587,351.4587,351.33,108
2024-03-19 15:54:00,1017,351.556,351.57,351.55,351.58,351.55,47
2024-03-19 15:55:00,1745,351.6528,351.6,351.7,351.7,351.6,71
2024-03-19 15:56:00,659,351.706,351.65,351.74,351.74,351.65,26
2024-03-19 15:57:00,3084,351.8219,351.75,351.95,351.95,351.73,100
2024-03-19 15:58:00,5105,351.8447,351.94,351.87,351.94,351.77,102
2024-03-19 15:59:00,1668,351.8948,351.92,351.86,351.96,351.85,64
2024-03-19 16:00:00,4930,351.9399,352.0,351.88,352.0,351.825,157
2024-03-19 16:01:00,5609,351.8335,351.86,351.765,351.92,351.72,151
2024-03-19 16:02:00,451,351.6923,351.67,351.67,351.67,351.67,24
2024-03-19 16:03:00,2091,351.7452,351.83,351.735,351.83,351.71,83
2024-03-19 16:04:00,3938,351.7841,351.82,351.82,351.855,351.73,132
2024-03-19 16:05:00,3358,351.9423,351.875,351.85,352.03,351.85,124
2024-03-19 16:06:00,2389,352.0165,351.92,352.12,352.12,351.915,86
2024-03-19 16:07:00,1742,352.0798,352.14,352.085,352.14,352.05,62
2024-03-19 16:08:00,5192,352.036,352.0569,352.075,352.12,352.0,102
2024-03-19 16:09:00,889,352.084,352.14,352.115,352.14,352.115,60
2024-03-19 16:10:00,332,352.0833,352.1,352.1,352.1,352.1,23
2024-03-19 16:11:00,4890,351.8706,352.04,351.83,352.04,351.71,154
2024-03-19 16:12:00,1409,351.7785,351.84,351.72,351.84,351.72,40
2024-03-19 16:13:00,1725,351.7114,351.72,351.79,351.79,351.65,50
2024-03-19 16:14:00,1647,351.533,351.61,351.37,351.61,351.37,86
2024-03-19 16:15:00,859,351.4016,351.31,351.395,351.395,351.31,38
2024-03-19 16:16:00,4038,351.4184,351.44,351.42,351.48,351.35,120
2024-03-19 16:17:00,3112,351.5849,351.52,351.57,351.71,351.51,136
2024-03-19 16:18:00,2240,351.6667,351.51,351.82,351.82,351.51,75
2024-03-19 16:19:00,1170,351.7551,351.77,351.74,351.77,351.74,50
2024-03-19 16:20:00,2970,351.7467,351.74,351.85,351.94,351.67,99
2024-03-19 16:21:00,1568,351.9436,351.96,351.89,351.98,351.89,54
2024-03-19 16:22:00,1535,352.078,352.13,352.14,352.14,352.13,74
2024-03-19 16:23:00,6394,352.3151,352.2,352.19,352.39,352.19,103
2024-03-19 16:24:00,1113,352.3705,352.3,352.4,352.4,352.3,52
2024-03-19 16:25:00,829,352.4268,352.46,352.4,352.46,352.4,60
2024-03-19 16:26:00,1526,352.5303,352.53,352.5,352.55,352.5,72
2024-03-19 16:27:00,1696,352.4892,352.5327,352.52,352.5327,352.44,56
2024-03-19 16:28:00,3503,352.5778,352.6,352.4782,352.67,352.4782,162
2024-03-19 16:29:00,1069,352.4795,352.47,352.45,352.47,352.45,69
2024-03-19 16:30:00,2278,352.6561,352.61,352.71,352.71,352.61,126
2024-03-19 16:31:00,4116,352.7139,352.68,352.87,352.87,352.5661,118
2024-03-19 16:32:00,3311,352.8636,352.93,352.8,352.93,352.8,154
2024-03-19 16:33:00,391,352.7448,352.67,352.77,352.77,352.67,25
2024-03-19 16:34:00,8294,352.8011,352.795,352.74,352.85,352.74,99
2024-03-19 16:35:00,3355,352.9047,352.855,352.84,353.02,352.81,157
2024-03-19 16:36:00,1558,352.8678,352.87,352.85,352.87,352.85,29
2024-03-19 16:37:00,2561,352.7982,352.84,352.75,352.845,352.75,99
2024-03-19 16:38:00,2086,352.8031,352.82,352.82,352.82,352.78,69
2024-03-19 16:39:00,5652,353.0903,352.98,353.09,353.21,352.98,199
2024-03-19 16:40:00,1932,353.1034,353.11,353.07,353.14,353.07,63
2024-03-19 16:41:00,1765,353.1006,353.127,353.0197,353.14,353.0197,78
2024-03-19 16:42:00,2561,353.3516,353.3,353.375,353.38,353.3,108
2024-03-19 16:43:00,4931,353.495,353.45,353.35,353.61,353.35,157
2024-03-19 16:44:00,2008,353.4536,353.22,353.55,353.62,353.22,77
2024-03-19 16:45:00,1364,353.5119,353.66,353.55,353.66,353.55,68
2024-03-19 16:46:00,1322,353.4583,353.5,353.4,353.5,353.4,64
2024-03-19 16:47:00,2009,353.2589,353.41,353.15,353.41,353.15,71
2024-03-19 16:48:00,2451,353.2939,353.25,353.33,353.33,353.19,74
2024-03-19 16:49:00,1474,353.2343,353.32,353.245,353.32,353.21,62
2024-03-19 16:50:00,2594,353.3283,353.34,353.3,353.41,353.255,102
2024-03-19 16:51:00,2898,353.3752,353.38,353.38,353.44,353.3,89
2024-03-19 16:52:00,604,353.22,353.2,353.2,353.2,353.2,25
2024-03-19 16:53:00,2031,353.353,353.31,353.415,353.46,353.3,67
2024-03-19 16:54:00,4492,353.0507,353.15,353.07,353.15,352.91,136
2024-03-19 16:55:00,1445,352.9937,352.99,352.98,352.99,352.98,38
2024-03-19 16:56:00,5756,352.8947,352.9,352.84,353.09,352.76,117
2024-03-19 16:57:00,3236,352.7881,352.89,352.69,352.93,352.63,116
2024-03-19 16:58:00,2297,352.7641,352.79,352.73,352.805,352.73,59
2024-03-19 16:59:00,748,352.7677,352.75,352.81,352.81,352.75,33
2024-03-19 17:00:00,2078,352.9525,352.88,353.005,353.005,352.88,76
2024-03-19 17:01:00,17010,353.1033,352.91,353.105,353.21,352.9,432
2024-03-19 17:02:00,1343,352.9786,353.03,352.95,353.08,352.95,58
2024-03-19 17:03:00,3281,352.9571,352.87,352.91,353.0399,352.87,66
2024-03-19 17:04:00,1207,352.9079,352.95,352.96,352.96,352.95,46
2024-03-19 17:05:00,3247,352.6385,352.78,352.615,352.78,352.51,115
2024-03-19 17:06:00,2263,352.5532,352.5614,352.43,352.67,352.43,74
2024-03-19 17:07:00,780,352.548,352.56,352.56,352.56,352.56,52
2024-03-19 17:08:00,2812,352.6673,352.64,352.6438,352.7,352.64,63
2024-03-19 17:09:00,928,352.5899,352.665,352.58,352.665,352.58,38
2024-03-19 17:10:00,1291,352.5232,352.49,352.57,352.57,352.49,52
2024-03-19 17:11:00,2191,352.5877,352.581,352.69,352.69,352.4572,71
2024-03-19 17:12:00,2058,352.7603,352.76,352.69,352.8,352.69,68
2024-03-19 17:13:00,2994,352.5935,352.62,352.6,352.65,352.5544,41
2024-03-19 17:14:00,1888,352.7402,352.71,352.77,352.77,352.71,64
2024-03-19 17:15:00,1586,352.6325,352.77,352.5775,352.77,352.51,61
2024-03-19 17:16:00,489,352.4593,352.5,352.5,352.5,352.5,24
2024-03-19 17:17:00,681,352.4822,352.53,352.53,352.53,352.53,36
2024-03-19 17:18:00,1576,352.5367,352.53,352.565,352.565,352.53,56
2024-03-19 17:19:00,1054,352.5247,352.565,352.4597,352.565,352.4597,45
2024-03-19 17:20:00,4164,352.5366,352.565,352.63,352.63,352.51,97
2024-03-19 17:21:00,1849,352.6524,352.6,352.69,352.69,352.6,53
2024-03-19 17:22:00,2928,352.5625,352.595,352.55,352.62,352.51,94
2024-03-19 17:23:00,2338,352.6087,352.65,352.6,352.66,352.52,84
2024-03-19 17:25:00,868,352.6041,352.62,352.64,352.64,352.58,58
2024-03-19 17:26:00,1192,352.6435,352.6,352.64,352.67,352.6,59
2024-03-19 17:27:00,1227,352.7555,352.8,352.76,352.8,352.76,62
2024-03-19 17:28:00,1725,352.791,352.76,352.86,352.86,352.76,82
2024-03-19 17:29:00,1112,352.8375,352.86,352.8,352.86,352.8,51
2024-03-19 17:30:00,2691,352.9423,352.98,352.98,352.98,352.91,138
2024-03-19 17:31:00,2298,353.0313,353.05,352.96,353.1,352.96,100
2024-03-19 17:32:00,1052,352.9372,352.92,352.98,352.98,352.8901,48
2024-03-19 17:33:00,2865,353.0556,353.02,353.12,353.12,353.01,94
2024-03-19 17:34:00,2940,352.9875,353.05,352.9,353.13,352.9,86
2024-03-19 17:35:00,2459,352.8694,352.96,352.84,352.96,352.7921,77
2024-03-19 17:36:00,1796,352.7231,352.78,352.73,352.78,352.68,83
2024-03-19 17:37:00,972,352.7303,352.75,352.73,352.75,352.73,33
2024-03-19 17:38:00,1616,352.8504,352.82,352.9025,352.9025,352.8,72
2024-03-19 17:39:00,2068,352.87,352.92,352.86,352.92,352.85,60
2024-03-19 17:40:00,741,352.9158,352.98,352.98,352.98,352.98,47
2024-03-19 17:41:00,1323,352.939,352.965,352.93,352.97,352.9027,50
2024-03-19 17:42:00,2452,352.9031,352.935,352.92,352.935,352.87,69
2024-03-19 17:43:00,2141,353.0139,352.97,353.01,353.065,352.97,86
2024-03-19 17:44:00,519,353.0083,353.035,353.0,353.035,353.0,26
2024-03-19 17:45:00,1478,353.0631,353.07,353.09,353.12,353.07,72
2024-03-19 17:46:00,2043,352.9699,353.03,352.94,353.03,352.93,83
2024-03-19 17:47:00,1333,352.9768,352.98,352.96,353.04,352.9591,50
2024-03-19 17:48:00,898,352.9197,352.91,352.88,352.96,352.88,32
2024-03-19 17:49:00,1969,352.9989,352.98,352.99,353.04,352.975,94
2024-03-19 17:50:00,2065,352.8948,352.97,352.91,352.97,352.85,107
2024-03-19 17:51:00,1156,352.9057,352.9299,352.91,352.93,352.88,48
2024-03-19 17:52:00,706,352.8535,352.83,352.83,352.83,352.83,42
2024-03-19 17:53:00,1512,352.7864,352.73,352.83,352.83,352.73,84
2024-03-19 17:54:00,1780,352.7334,352.79,352.6796,352.79,352.6796,69
2024-03-19 17:55:00,1594,352.8073,352.76,352.835,352.84,352.76,68
2024-03-19 17:56:00,3449,352.7256,352.78,352.655,352.82,352.655,142
2024-03-19 17:57:00,3121,352.6912,352.71,352.66,352.71,352.6525,94
2024-03-19 17:58:00,4957,352.6194,352.69,352.5,352.69,352.5,101
2024-03-19 17:59:00,430,352.4149,352.355,352.355,352.355,352.355,41
2024-03-19 18:00:00,1437,352.3437,352.36,352.31,352.36,352.31,52
2024-03-19 18:01:00,3131,352.2826,352.25,352.3,352.34,352.24,115
2024-03-19 18:02:00,1584,352.3672,352.37,352.38,352.42,352.35,49
2024-03-19 18:03:00,1791,352.3536,352.395,352.335,352.395,352.335,48
2024-03-19 18:04:00,1540,352.4268,352.44,352.4,352.44,352.4,44
2024-03-19 18:05:00,2310,352.439,352.41,352.46,352.46,352.4,98
2024-03-19 18:06:00,1120,352.3901,352.41,352.3625,352.41,352.3625,56
2024-03-19 18:07:00,4352,352.2289,352.3,352.19,352.3,352.19,153
2024-03-19 18:08:00,4041,352.1566,352.25,352.02,352.26,352.02,129
2024-03-19 18:09:00,1396,352.1135,352.08,352.16,352.16,352.07,70
2024-03-19 18:10:00,1327,352.153,352.17,352.15,352.18,352.15,50
2024-03-19 18:11:00,970,352.1147,352.12,352.1,352.12,352.1,28
2024-03-19 18:12:00,5755,352.0608,352.1526,352.16,352.16,352.0,166
2024-03-19 18:13:00,2598,352.2129,352.16,352.31,352.31,352.16,114
2024-03-19 18:14:00,2249,352.3607,352.37,352.39,352.39,352.35,97
2024-03-19 18:15:00,792,352.304,352.26,352.33,352.33,352.26,52
2024-03-19 18:16:00,1586,352.3681,352.36,352.35,352.4,352.3,43
2024-03-19 18:17:00,1008,352.3666,352.3706,352.35,352.3706,352.35,54
2024-03-19 18:18:00,1543,352.3199,352.34,352.295,352.34,352.29,72
2024-03-19 18:20:00,1793,352.2034,352.22,352.205,352.22,352.1373,66
2024-03-19 18:21:00,5055,352.034,352.2,351.99,352.2,351.99,136
2024-03-19 18:22:00,1375,352.0287,352.05,352.04,352.05,352.01,81
2024-03-19 18:23:00,2540,352.0456,352.04,352.14,352.14,352.0,96
2024-03-19 18:24:00,2963,352.0564,352.11,352.13,352.13,351.97,93
2024-03-19 18:25:00,1568,352.0487,352.03,352.05,352.07,352.03,59
2024-03-19 18:26:00,442,352.0554,352.05,352.045,352.08,352.045,20
2024-03-19 18:27:00,4237,352.0662,352.04,352.04,352.12,352.0,125
2024-03-19 18:28:00,2406,352.1028,352.0454,352.18,352.18,352.0454,71
2024-03-19 18:29:00,2831,352.2583,352.215,352.32,352.33,352.215,91
2024-03-19 18:30:00,3708,352.1866,352.29,352.2,352.29,352.05,129
2024-03-19 18:31:00,626,352.2537,352.2,352.2,352.2,352.2,47
2024-03-19 18:32:00,829,352.2866,352.28,352.315,352.315,352.28,43
2024-03-19 18:33:00,1688,352.3213,352.35,352.315,352.36,352.3,81
2024-03-19 18:34:00,1863,352.2687,352.29,352.235,352.29,352.235,65
2024-03-19 18:35:00,819,352.2881,352.2445,352.32,352.32,352.2445,42
2024-03-19 18:36:00,1645,352.2909,352.29,352.29,352.29,352.26,80
2024-03-19 18:37:00,2755,352.3004,352.34,352.3499,352.3499,352.29,62
2024-03-19 18:38:00,1704,352.3537,352.29,352.43,352.43,352.29,74
2024-03-19 18:39:00,1308,352.3779,352.44,352.35,352.44,352.35,47
2024-03-19 18:40:00,1055,352.4137,352.43,352.43,352.43,352.43,46
2024-03-19 18:41:00,1190,352.4979,352.49,352.57,352.57,352.49,65
2024-03-19 18:42:00,929,352.5772,352.59,352.575,352.59,352.575,48
2024-03-19 18:43:00,2404,352.5448,352.5926,352.545,352.61,352.515,74
2024-03-19 18:44:00,2290,352.6003,352.56,352.63,352.635,352.56,97
2024-03-19 18:45:00,4035,352.6902,352.645,352.67,352.72,352.645,109
2024-03-19 18:46:00,1765,352.6886,352.705,352.6606,352.74,352.66,51
2024-03-19 18:47:00,6564,352.8692,352.75,352.875,353.01,352.75,257
2024-03-19 18:48:00,5834,352.9921,353.0,353.08,353.08,352.95,176
2024-03-19 18:49:00,1406,353.0813,353.09,353.09,353.09,353.09,52
2024-03-19 18:50:00,1435,353.101,353.0835,353.13,353.15,353.0835,61
2024-03-19 18:51:00,1418,353.1247,353.16,353.135,353.16,353.106,78
2024-03-19 18:52:00,3302,353.0783,353.09,353.03,353.115,353.03,133
2024-03-19 18:53:00,1554,352.9147,353.01,352.73,353.01,352.73,88
2024-03-19 18:54:00,2065,352.5832,352.73,352.54,352.73,352.54,82
2024-03-19 18:55:00,8162,352.4459,352.555,352.4,352.56,352.35,300
2024-03-19 18:56:00,3026,352.4599,352.335,352.56,352.56,352.32,135
2024-03-19 18:57:00,4077,352.7137,352.64,352.79,352.79,352.61,130
2024-03-19 18:58:00,4899,352.7959,352.77,352.9153,352.9153,352.67,139
2024-03-19 18:59:00,4087,352.8152,352.91,352.785,352.9199,352.758,91
2024-03-19 19:00:00,4880,352.7895,352.71,352.86,352.86,352.71,81
2024-03-19 19:01:00,1969,352.8335,352.825,352.85,352.89,352.81,66
2024-03-19 19:02:00,4350,352.7657,352.85,352.74,352.85,352.74,123
2024-03-19 19:03:00,938,352.8535,352.83,352.825,352.88,352.825,39
2024-03-19 19:04:00,2752,352.7868,352.9399,352.695,352.9399,352.67,68
2024-03-19 19:05:00,3164,352.4343,352.64,352.39,352.64,352.3735,59
2024-03-19 19:06:00,2584,352.4488,352.47,352.39,352.47,352.39,79
2024-03-19 19:07:00,2532,352.4295,352.46,352.405,352.51,352.39,100
2024-03-19 19:08:00,987,352.4359,352.4015,352.39,352.4015,352.39,49
2024-03-19 19:09:00,1173,352.4085,352.41,352.41,352.44,352.4,44
2024-03-19 19:10:00,4665,352.4175,352.4,352.47,352.47,352.35,127
2024-03-19 19:11:00,1313,352.4494,352.44,352.47,352.47,352.44,48
2024-03-19 19:12:00,5737,352.3411,352.44,352.25,352.44,352.25,139
2024-03-19 19:13:00,1784,352.2427,352.27,352.29,352.29,352.1661,68
2024-03-19 19:14:00,1801,352.2908,352.27,352.29,352.29,352.25,73
2024-03-19 19:15:00,3738,352.2012,352.29,352.25,352.29,352.1,100
2024-03-19 19:16:00,2507,352.2807,352.27,352.35,352.35,352.245,101
2024-03-19 19:17:00,2462,352.3678,352.38,352.44,352.44,352.31,111
2024-03-19 19:18:00,3995,352.49,352.48,352.47,352.57,352.47,118
2024-03-19 19:19:00,1880,352.6106,352.56,352.5716,352.66,352.56,61
2024-03-19 19:20:00,685,352.6521,352.64,352.66,352.66,352.64,33
2024-03-19 19:21:00,1347,352.6144,352.665,352.6,352.67,352.6,48
2024-03-19 19:22:00,7026,352.5335,352.6,352.49,352.64,352.49,185
2024-03-19 19:23:00,4957,352.5933,352.46,352.68,352.68,352.46,179
2024-03-19 19:24:00,1282,352.6368,352.65,352.625,352.65,352.62,63
2024-03-19 19:25:00,2454,352.6591,352.65,352.63,352.7,352.63,113
2024-03-19 19:26:00,842,352.5946,352.59,352.59,352.59,352.59,42
2024-03-19 19:27:00,1007,352.5879,352.57,352.62,352.62,352.57,66
2024-03-19 19:28:00,2938,352.634,352.67,352.64,352.67,352.56,75
2024-03-19 19:29:00,4088,352.6319,352.69,352.61,352.72,352.581,166
2024-03-19 19:30:00,966,352.5778,352.555,352.555,352.555,352.555,57
2024-03-19 19:31:00,2665,352.5812,352.55,352.65,352.65,352.545,96
2024-03-19 19:32:00,2693,352.7187,352.63,352.745,352.77,352.63,102
2024-03-19 19:33:00,2721,352.7809,352.77,352.87,352.87,352.7,149
2024-03-19 19:34:00,3124,352.7223,352.85,352.5901,352.85,352.5901,134
2024-03-19 19:35:00,3596,352.7617,352.67,352.88,352.88,352.665,116
2024-03-19 19:36:00,5234,352.8586,352.86,352.92,352.92,352.85,136
2024-03-19 19:37:00,3587,352.8874,352.915,352.95,352.95,352.87,134
2024-03-19 19:38:00,6372,353.0158,352.975,353.06,353.14,352.94,134
2024-03-19 19:39:00,9092,353.1115,353.1,353.145,353.15,353.05,125
2024-03-19 19:40:00,2478,353.134,353.145,353.14,353.17,353.1,78
2024-03-19 19:41:00,4071,353.1459,353.08,353.19,353.19,353.08,130
2024-03-19 19:42:00,2620,353.186,353.21,353.21,353.22,353.15,114
2024-03-19 19:43:00,7438,353.1246,353.19,353.13,353.19,353.07,247
2024-03-19 19:44:00,10519,353.1839,353.17,353.26,353.3,353.13,242
2024-03-19 19:45:00,13657,353.3133,353.2563,353.45,353.5,353.24,364
2024-03-19 19:46:00,6268,353.4711,353.41,353.55,353.55,353.38,188
2024-03-19 19:47:00,11097,353.5527,353.51,353.67,353.685,353.45,409
2024-03-19 19:48:00,5927,353.52,353.65,353.58,353.65,353.4,214
2024-03-19 19:49:00,10942,353.6017,353.55,353.585,353.66,353.55,282
2024-03-19 19:50:00,8875,353.5472,353.61,353.53,353.67,353.36,269
2024-03-19 19:51:00,11545,353.6081,353.52,353.56,353.73,353.5,283
2024-03-19 19:52:00,5449,353.6177,353.6,353.55,353.67,353.55,209
2024-03-19 19:53:00,9368,353.5655,353.61,353.65,353.67,353.48,276
2024-03-19 19:54:00,9825,353.6903,353.68,353.65,353.78,353.6225,407
2024-03-19 19:55:00,11203,353.7234,353.69,353.73,353.77,353.6599,393
2024-03-19 19:56:00,13909,353.7674,353.76,353.76,353.83,353.68,413
2024-03-19 19:57:00,14539,353.8549,353.76,353.89,353.94,353.755,467
2024-03-19 19:58:00,27112,353.8308,353.87,353.67,353.95,353.67,718
2024-03-19 19:59:00,68100,353.7464,353.67,353.88,354.0,353.47,1200
2024-03-19 20:00:00,21334,353.9,353.9,353.9,353.9,353.9,35
2024-03-19 20:01:00,33272,353.8976,353.9,353.74,353.9,353.74,13
2024-03-19 20:05:00,1716,353.9,353.9,353.9,353.9,353.9,4
2024-03-19 20:08:00,384,353.89,353.89,353.89,353.89,353.89,8
2024-03-19 20:12:00,17526,353.8999,353.9,353.9,353.9,353.9,6
2024-03-20 12:02:00,241,355.4792,356.0,356.0,356.0,356.0,36
2024-03-20 12:57:00,250,353.7672,353.79,353.79,353.79,353.79,4
2024-03-20 13:20:00,244,353.1777,352.97,352.97,352.97,352.97,14
2024-03-20 13:29:00,912,352.2306,352.65,352.01,352.65,352.01,36
2024-03-20 13:30:00,61446,350.9318,351.12,350.26,352.045,349.99,1070
2024-03-20 13:31:00,21412,350.5551,350.4,350.25,350.97,350.03,470
2024-03-20 13:32:00,19941,350.5324,350.305,350.955,351.3309,350.11,368
2024-03-20 13:33:00,21276,350.3772,350.96,350.4624,351.015,349.9,491
2024-03-20 13:34:00,20080,349.4575,350.19,350.11,350.19,348.82,510
2024-03-20 13:35:00,38870,349.6403,350.16,349.325,350.185,349.32,439
2024-03-20 13:36:00,19440,348.8798,349.31,348.71,349.33,348.39,438
2024-03-20 13:37:00,14597,348.5492,349.0,348.315,349.02,348.14,379
2024-03-20 13:38:00,11101,349.0149,348.36,349.0,349.66,348.3,305
2024-03-20 13:39:00,12003,349.2144,348.96,349.36,349.46,348.96,209
2024-03-20 13:40:00,13751,349.7825,349.68,349.975,350.19,349.51,263
2024-03-20 13:41:00,10439,349.9548,350.15,349.945,350.15,349.51,201
2024-03-20 13:42:00,8181,350.1924,350.08,350.13,350.5652,349.98,209
2024-03-20 13:43:00,13331,350.3605,349.73,350.7,350.8,349.66,269
2024-03-20 13:44:00,8466,350.7441,350.88,350.6175,350.9975,350.57,211
2024-03-20 13:45:00,7860,350.4362,350.46,350.27,350.76,350.26,195
2024-03-20 13:46:00,4447,350.1092,350.2713,349.93,350.2713,349.91,91
2024-03-20 13:47:00,6073,350.0017,350.0799,349.73,350.21,349.73,182
2024-03-20 13:48:00,9699,350.0412,349.89,350.085,350.28,349.89,211
2024-03-20 13:49:00,3090,350.0039,350.015,349.865,350.174,349.865,90
2024-03-20 13:50:00,6246,350.1713,349.86,350.57,350.69,349.85,226
2024-03-20 13:51:00,5509,350.8241,350.43,350.95,351.0,350.43,148
2024-03-20 13:52:00,6652,351.0469,350.94,350.91,351.32,350.87,196
2024-03-20 13:53:00,2851,350.8266,350.945,350.925,350.945,350.7815,93
2024-03-20 13:54:00,2744,350.9401,351.04,351.02,351.12,350.81,148
2024-03-20 13:55:00,3223,350.7949,351.0,350.57,351.0,350.57,140
2024-03-20 13:56:00,4802,350.6132,350.625,350.73,350.78,350.37,165
2024-03-20 13:57:00,2838,350.7766,350.59,350.69,350.936,350.59,140
2024-03-20 13:58:00,5980,350.7839,350.91,350.85,351.04,350.69,175
2024-03-20 13:59:00,4253,351.0287,350.87,350.955,351.135,350.87,169
2024-03-20 14:00:00,2693,350.673,350.885,350.58,350.885,350.515,148
2024-03-20 14:01:00,6388,350.5982,350.6,350.6225,350.73,350.47,229
2024-03-20 14:02:00,3495,350.8264,350.84,350.895,350.96,350.705,116
2024-03-20 14:03:00,4969,351.0053,350.91,351.1,351.22,350.91,170
2024-03-20 14:04:00,4329,350.9954,351.06,351.13,351.13,350.86,170
2024-03-20 14:05:00,4876,351.2267,351.2,351.38,351.38,350.98,182
2024-03-20 14:06:00,2993,351.4162,351.395,351.43,351.55,351.26,107
2024-03-20 14:07:00,5009,351.4979,351.4131,351.685,351.7,351.34,142
2024-03-20 14:08:00,5170,351.5939,351.5705,351.548,351.77,351.51,186
2024-03-20 14:09:00,3095,351.7239,351.61,351.84,351.84,351.61,114
2024-03-20 14:10:00,2341,351.8496,351.83,351.91,351.94,351.83,82
2024-03-20 14:11:00,1725,351.9189,351.99,351.835,351.99,351.835,110
2024-03-20 14:12:00,6037,351.8826,351.84,351.935,351.97,351.78,186
2024-03-20 14:13:00,7507,351.7595,351.895,351.72,352.03,351.61,208
2024-03-20 14:14:00,3233,351.6384,351.725,351.63,351.745,351.56,116
2024-03-20 14:15:00,3073,351.4658,351.58,351.36,351.64,351.24,126
2024-03-20 14:16:00,8038,351.6215,351.48,351.86,352.01,351.47,175
2024-03-20 14:17:00,9423,351.5023,351.86,351.155,351.86,351.155,159
2024-03-20 14:18:00,21011,351.1008,351.31,351.165,351.31,350.88,376
2024-03-20 14:19:00,4398,351.3014,351.17,351.365,351.42,351.17,111
2024-03-20 14:20:00,4129,351.4174,351.41,351.49,351.51,351.32,115
2024-03-20 14:21:00,8305,351.6117,351.52,351.85,351.86,351.49,145
2024-03-20 14:22:00,876,351.8451,351.84,351.85,351.85,351.84,36
2024-03-20 14:23:00,2741,351.8629,351.85,352.05,352.05,351.74,90
2024-03-20 14:24:00,3547,352.196,352.13,352.19,352.27,352.0928,77
2024-03-20 14:25:00,6048,352.1328,352.08,352.155,352.24,352.07,152
2024-03-20 14:26:00,2089,352.3307,352.27,352.325,352.34,352.27,68
2024-03-20 14:27:00,4982,352.1493,352.34,351.972,352.37,351.9401,179
2024-03-20 14:28:00,1099,352.1582,352.11,352.11,352.23,352.11,34
2024-03-20 14:29:00,5947,352.4151,352.1358,352.455,352.55,352.1358,149
2024-03-20 14:30:00,6308,352.3026,352.5,352.3,352.5,352.19,200
2024-03-20 14:31:00,4110,352.1319,352.15,352.205,352.205,352.15,337
2024-03-20 14:32:00,5051,352.1598,352.0976,352.06,352.33,352.04,324
2024-03-20 14:33:00,850,352.2129,352.13,352.13,352.13,352.13,33
2024-03-20 14:34:00,3577,352.0088,352.06,351.965,352.06,351.895,130
2024-03-20 14:35:00,3343,351.6629,351.87,351.583,351.91,351.46,117
2024-03-20 14:36:00,3223,351.3593,351.37,351.3526,351.37,351.3526,81
2024-03-20 14:37:00,4969,351.2316,351.32,351.21,351.32,351.1389,171
2024-03-20 14:38:00,915,351.2047,351.1001,351.14,351.21,351.1001,28
2024-03-20 14:39:00,4340,351.3006,351.21,351.39,351.43,351.21,145
2024-03-20 14:40:00,537,351.3143,351.328,351.328,351.328,351.328,27
2024-03-20 14:41:00,5968,351.1299,351.2,350.94,351.2,350.94,217
2024-03-20 14:42:00,2258,350.9802,351.06,350.935,351.06,350.92,77
2024-03-20 14:43:00,4189,351.0327,350.94,350.985,351.08,350.94,173
2024-03-20 14:44:00,2208,350.7996,350.9925,350.71,350.9925,350.71,99
2024-03-20 14:45:00,3738,350.948,350.8,351.18,351.19,350.8,121
2024-03-20 14:46:00,3464,350.926,351.12,350.8325,351.12,350.8,123
2024-03-20 14:47:00,1858,350.9617,350.835,351.07,351.07,350.83,53
2024-03-20 14:48:00,1304,350.8885,350.78,350.91,350.95,350.78,38
2024-03-20 14:49:00,8177,350.9131,351.03,350.775,351.09,350.76,262
2024-03-20 14:50:00,3093,350.756,350.81,350.775,350.81,350.71,78
2024-03-20 14:51:00,3722,350.9932,350.835,351.08,351.08,350.835,160
2024-03-20 14:52:00,2070,351.0833,351.0857,350.98,351.18,350.97,90
2024-03-20 14:53:00,2082,351.1621,351.09,351.19,351.205,351.045,80
2024-03-20 14:54:00,1353,351.2602,351.26,351.305,351.31,351.26,71
2024-03-20 14:55:00,901,351.2677,351.408,351.408,351.408,351.408,50
2024-03-20 14:56:00,2533,351.4488,351.46,351.44,351.515,351.44,104
2024-03-20 14:57:00,3420,351.2912,351.37,351.26,351.37,351.23,131
2024-03-20 14:58:00,2064,351.4707,351.42,351.62,351.62,351.39,81
2024-03-20 14:59:00,1128,351.5897,351.55,351.61,351.61,351.55,61
2024-03-20 15:00:00,3044,351.6276,351.56,351.6194,351.74,351.56,112
2024-03-20 15:01:00,2418,351.5186,351.52,351.47,351.565,351.47,67
2024-03-20 15:02:00,3231,351.4349,351.53,351.41,351.53,351.33,101
2024-03-20 15:03:00,4618,351.3122,351.39,351.26,351.39,351.25,114
2024-03-20 15:04:00,3422,351.295,351.34,351.422,351.422,351.13,122
2024-03-20 15:05:00,1964,351.2924,351.24,351.24,351.27,351.24,64
2024-03-20 15:06:00,2627,351.3246,351.3345,351.38,351.45,351.21,77
2024-03-20 15:07:00,1348,351.3261,351.385,351.27,351.385,351.27,55
2024-03-20 15:08:00,1014,351.3742,351.35,351.4,351.43,351.33,58
2024-03-20 15:09:00,11258,351.2734,351.35,351.08,351.4693,351.07,409
2024-03-20 15:10:00,3485,351.32,351.21,351.41,351.43,351.21,106
2024-03-20 15:11:00,2163,351.3826,351.39,351.38,351.45,351.34,80
2024-03-20 15:12:00,4458,351.4763,351.385,351.49,351.57,351.385,119
2024-03-20 15:13:00,7844,351.5986,351.575,351.56,351.67,351.52,159
2024-03-20 15:14:00,1415,351.602,351.65,351.63,351.7,351.55,59
2024-03-20 15:15:00,2888,351.553,351.56,351.62,351.62,351.52,83
2024-03-20 15:16:00,1968,351.5946,351.615,351.58,351.645,351.58,82
2024-03-20 15:17:00,1542,351.6622,351.556,351.73,351.73,351.556,75
2024-03-20 15:18:00,1780,351.7468,351.69,351.8,351.8,351.69,63
2024-03-20 15:19:00,3647,351.7235,351.785,351.69,351.79,351.64,112
2024-03-20 15:20:00,3134,351.5846,351.653,351.49,351.6609,351.39,102
2024-03-20 15:21:00,647,351.4225,351.44,351.36,351.44,351.36,34
2024-03-20 15:22:00,610,351.366,351.37,351.37,351.37,351.37,41
2024-03-20 15:23:00,1330,351.2839,351.25,351.285,351.315,351.25,63
2024-03-20 15:24:00,2636,351.2341,351.22,351.205,351.34,351.16,85
2024-03-20 15:25:00,1640,351.2832,351.3,351.295,351.3,351.24,71
2024-03-20 15:26:00,1638,351.2402,351.24,351.21,351.24,351.21,96
2024-03-20 15:27:00,1506,351.222,351.225,351.23,351.25,351.165,57
2024-03-20 15:28:00,2143,351.1937,351.15,351.13,351.25,351.13,87
2024-03-20 15:29:00,2469,351.2472,351.12,351.285,351.29,351.12,66
2024-03-20 15:30:00,3632,351.2815,351.26,351.295,351.308,351.23,82
2024-03-20 15:31:00,1580,351.2578,351.2495,351.24,351.2786,351.24,33
2024-03-20 15:32:00,7357,351.264,351.29,351.2,351.37,351.2,208
2024-03-20 15:33:00,4287,351.1261,351.13,351.05,351.18,351.04,126
2024-03-20 15:34:00,4046,351.116,351.07,351.145,351.18,351.03,110
2024-03-20 15:35:00,3192,351.2584,351.235,351.2,351.36,351.2,106
2024-03-20 15:36:00,533,351.2586,351.2,351.165,351.38,351.165,26
2024-03-20 15:37:00,5423,351.1123,351.2,350.96,351.345,350.91,179
2024-03-20 15:38:00,2347,350.8252,350.89,350.685,350.89,350.65,85
2024-03-20 15:39:00,2042,350.7517,350.68,350.745,350.79,350.68,61
2024-03-20 15:40:00,1393,350.6598,350.675,350.62,350.675,350.62,61
2024-03-20 15:41:00,4304,350.6424,350.675,350.565,350.73,350.56,152
2024-03-20 15:42:00,2335,350.6319,350.63,350.543,350.655,350.543,113
2024-03-20 15:43:00,2270,350.7016,350.73,350.73,350.74,350.63,89
2024-03-20 15:44:00,1600,350.6786,350.61,350.6724,350.7913,350.61,31
2024-03-20 15:45:00,2945,350.5218,350.64,350.52,350.64,350.43,117
2024-03-20 15:46:00,3838,350.4358,350.4334,350.42,350.54,350.36,95
2024-03-20 15:47:00,1415,350.4276,350.5,350.3625,350.5115,350.3625,49
2024-03-20 15:48:00,1926,350.4505,350.5,350.53,350.55,350.3703,50
2024-03-20 15:49:00,934,350.623,350.65,350.63,350.65,350.63,53
2024-03-20 15:50:00,4119,350.6978,350.62,350.77,350.88,350.57,122
2024-03-20 15:51:00,1235,350.7851,350.825,350.79,350.825,350.74,55
2024-03-20 15:52:00,1808,350.76,350.72,350.84,350.84,350.71,70
2024-03-20 15:53:00,2294,350.7252,350.8,350.69,350.8,350.675,73
2024-03-20 15:54:00,3301,350.6865,350.81,350.59,350.81,350.58,98
2024-03-20 15:55:00,883,350.5955,350.54,350.615,350.615,350.54,39
2024-03-20 15:56:00,2126,350.6709,350.68,350.715,350.715,350.595,83
2024-03-20 15:57:00,1466,350.7014,350.73,350.61,350.735,350.61,44
2024-03-20 15:58:00,701,350.7086,350.7,350.65,350.7,350.65,47
2024-03-20 15:59:00,625,350.7338,350.725,350.725,350.725,350.725,38
2024-03-20 16:00:00,5683,350.614,350.725,350.4,350.725,350.4,180
2024-03-20 16:01:00,732,350.489,350.48,350.48,350.48,350.48,43
2024-03-20 16:02:00,3109,350.4325,350.42,350.45,350.49,350.4,72
2024-03-20 16:03:00,3956,350.4664,350.45,350.49,350.525,350.395,109
2024-03-20 16:04:00,3873,350.5337,350.55,350.51,350.6169,350.49,91
2024-03-20 16:05:00,784,350.4741,350.42,350.49,350.49,350.42,45
2024-03-20 16:06:00,3489,350.4154,350.46,350.41,350.473,350.345,53
2024-03-20 16:07:00,2204,350.5735,350.54,350.555,350.64,350.5275,102
2024-03-20 16:08:00,501,350.5118,350.47,350.47,350.47,350.47,34
2024-03-20 16:09:00,1029,350.5319,350.545,350.545,350.545,350.45,33
2024-03-20 16:10:00,3241,350.4328,350.49,350.39,350.49,350.35,130
2024-03-20 16:11:00,3511,350.4351,350.37,350.465,350.48,350.37,81
2024-03-20 16:12:00,613,350.4576,350.465,350.45,350.465,350.45,24
2024-03-20 16:13:00,1254,350.4328,350.485,350.41,350.485,350.41,59
2024-03-20 16:14:00,731,350.438,350.445,350.445,350.445,350.445,28
2024-03-20 16:15:00,2298,350.5603,350.54,350.55,350.6385,350.485,102
2024-03-20 16:16:00,506,350.5377,350.54,350.56,350.56,350.54,31
2024-03-20 16:17:00,4196,350.4054,350.55,350.22,350.55,350.22,145
2024-03-20 16:18:00,2224,350.231,350.2,350.24,350.27,350.2,89
2024-03-20 16:19:00,1997,350.152,350.21,350.11,350.22,350.09,73
2024-03-20 16:20:00,1880,350.0959,350.14,350.05,350.14,350.05,68
2024-03-20 16:21:00,6188,350.0105,350.0,350.04,350.075,349.86,202
2024-03-20 16:22:00,4253,350.2127,350.065,350.175,350.26,350.065,104
2024-03-20 16:23:00,7162,349.9925,350.1,349.9,350.17,349.885,136
2024-03-20 16:24:00,1952,349.9692,349.85,350.09,350.09,349.85,42
2024-03-20 16:25:00,5100,349.9419,350.083,349.82,350.11,349.78,143
2024-03-20 16:26:00,3255,349.7898,349.74,349.82,349.83,349.69,98
2024-03-20 16:27:00,1225,349.9263,349.9,349.93,349.9583,349.9,80
2024-03-20 16:28:00,1468,349.9588,349.91,350.0,350.0,349.91,50
2024-03-20 16:29:00,5393,349.8836,350.0,349.84,350.0,349.76,179
2024-03-20 16:30:00,2234,349.7494,349.87,349.76,349.87,349.69,74
2024-03-20 16:31:00,2144,349.659,349.7,349.67,349.7,349.66,85
2024-03-20 16:32:00,4811,349.4998,349.54,349.46,349.54,349.37,144
2024-03-20 16:33:00,1697,349.4685,349.42,349.41,349.51,349.41,60
2024-03-20 16:34:00,1282,349.4727,349.44,349.42,349.52,349.42,44
2024-03-20 16:35:00,2574,349.5333,349.54,349.525,349.54,349.47,70
2024-03-20 16:36:00,1832,349.551,349.525,349.555,349.61,349.48,56
2024-03-20 16:37:00,5747,349.5124,349.64,349.46,349.65,349.42,183
2024-03-20 16:38:00,8581,349.4599,349.43,349.55,349.59,349.31,210
2024-03-20 16:39:00,1581,349.5349,349.54,349.53,349.54,349.51,25
2024-03-20 16:40:00,1392,349.6705,349.59,349.71,349.71,349.535,79
2024-03-20 16:41:00,1606,349.7917,349.8332,349.78,349.8332,349.78,70
2024-03-20 16:42:00,2029,349.7347,349.74,349.745,349.795,349.73,70
2024-03-20 16:43:00,2209,349.7588,349.775,349.76,349.79,349.76,63
2024-03-20 16:44:00,4772,349.7049,349.71,349.615,349.76,349.61,149
2024-03-20 16:45:00,6567,349.8085,349.725,349.74,349.9,349.725,173
2024-03-20 16:46:00,3585,349.8392,349.72,349.89,349.945,349.7,87
2024-03-20 16:47:00,1423,349.9254,349.945,349.945,349.945,349.93,56
2024-03-20 16:48:00,3657,349.8564,349.9,349.86,349.9,349.82,115
2024-03-20 16:49:00,3118,349.9464,349.79,350.01,350.01,349.79,94
2024-03-20 16:50:00,1843,350.0364,350.02,350.041,350.041,350.01,87
2024-03-20 16:51:00,2589,350.1757,350.14,350.185,350.2599,350.1,76
2024-03-20 16:52:00,6312,350.0216,350.185,350.0,350.185,349.93,179
2024-03-20 16:53:00,2175,350.0227,349.955,350.155,350.155,349.945,80
2024-03-20 16:54:00,536,350.1736,350.165,350.175,350.175,350.165,36
2024-03-20 16:55:00,2146,350.1243,350.18,350.1012,350.18,350.09,57
2024-03-20 16:56:00,1755,350.2312,350.135,350.28,350.3,350.135,70
2024-03-20 16:57:00,879,350.358,350.305,350.2,350.305,350.2,41
2024-03-20 16:58:00,2966,350.372,350.44,350.27,350.54,350.27,101
2024-03-20 16:59:00,2479,350.3039,350.39,350.285,350.39,350.22,98
2024-03-20 17:00:00,1936,350.2668,350.27,350.22,350.33,350.22,60
2024-03-20 17:01:00,1340,350.2866,350.29,350.28,350.29,350.28,34
2024-03-20 17:02:00,392,350.2699,350.295,350.2,350.295,350.2,20
2024-03-20 17:03:00,1329,350.2508,350.275,350.2799,350.2799,350.275,63
2024-03-20 17:04:00,1485,350.331,350.28,350.39,350.39,350.28,75
2024-03-20 17:05:00,564,350.3546,350.365,350.365,350.365,350.365,31
2024-03-20 17:06:00,3624,350.2656,350.36,350.18,350.36,350.18,95
2024-03-20 17:07:00,3285,350.1599,350.21,350.075,350.21,350.03,103
2024-03-20 17:08:00,5420,350.0524,350.03,350.04,350.13,350.0,132
2024-03-20 17:09:00,3537,349.9837,350.0,349.895,350.0,349.895,75
2024-03-20 17:10:00,370,349.9057,349.905,349.905,349.905,349.905,23
2024-03-20 17:11:00,2394,349.9521,349.905,349.97,350.0,349.905,67
2024-03-20 17:12:00,2231,350.0044,349.97,350.01,350.03,349.92,42
2024-03-20 17:13:00,477,349.9778,349.91,350.0,350.0,349.91,20
2024-03-20 17:14:00,4412,349.8455,349.93,349.87,349.93,349.74,170
2024-03-20 17:15:00,967,349.9138,349.8825,349.97,349.97,349.83,44
2024-03-20 17:16:00,1864,350.0135,349.98,350.075,350.1,349.98,75
2024-03-20 17:17:00,1080,350.176,350.06,350.2619,350.2619,350.06,38
2024-03-20 17:19:00,629,350.1878,350.25,350.14,350.25,350.12,21
2024-03-20 17:20:00,3000,350.2665,350.26,350.2815,350.33,350.21,90
2024-03-20 17:21:00,618,350.1807,350.27,350.27,350.27,350.27,33
2024-03-20 17:22:00,837,350.1558,350.2,350.12,350.2,350.11,43
2024-03-20 17:23:00,734,350.1296,350.115,350.115,350.115,350.115,37
2024-03-20 17:24:00,2293,350.0234,350.06,349.96,350.06,349.96,133
2024-03-20 17:25:00,3867,350.0139,349.96,350.065,350.065,349.96,53
2024-03-20 17:26:00,1819,350.1675,350.065,350.21,350.25,350.065,55
2024-03-20 17:27:00,591,350.1721,350.12,350.15,350.15,350.12,44
2024-03-20 17:28:00,1490,350.1082,350.1,350.18,350.18,350.04,35
2024-03-20 17:29:00,661,350.1155,350.1,350.14,350.14,350.05,27
2024-03-20 17:30:00,1556,350.0932,350.13,350.1,350.13,350.04,44
2024-03-20 17:31:00,2789,350.1019,350.1,350.05,350.15,350.05,81
2024-03-20 17:32:00,3539,349.9863,350.01,349.9,350.01,349.9,128
2024-03-20 17:33:00,2145,349.9784,349.9,350.005,350.005,349.9,77
2024-03-20 17:34:00,908,350.0259,349.98,350.0723,350.0723,349.98,27
2024-03-20 17:35:00,1438,350.0687,350.0,350.11,350.11,350.0,54
2024-03-20 17:36:00,2252,350.0162,350.075,350.04,350.075,349.99,58
2024-03-20 17:37:00,734,349.9944,349.95,350.03,350.03,349.94,21
2024-03-20 17:38:00,2884,349.8813,350.0,349.78,350.0,349.78,136
2024-03-20 17:39:00,2367,349.8311,349.805,349.8,349.88,349.8,89
2024-03-20 17:40:00,2119,349.8814,349.75,349.8,349.92,349.75,67
2024-03-20 17:41:00,707,349.8789,349.86,349.91,349.91,349.86,35
2024-03-20 17:42:00,1000,349.8587,349.89,349.81,349.89,349.81,44
2024-03-20 17:43:00,1726,349.8955,349.82,349.97,349.97,349.82,66
2024-03-20 17:44:00,1462,349.9139,349.915,349.92,349.92,349.86,30
2024-03-20 17:45:00,2736,349.8298,349.915,349.8,349.915,349.8,117
2024-03-20 17:46:00,1202,349.8114,349.78,349.82,349.83,349.78,52
2024-03-20 17:47:00,3386,349.8682,349.88,349.83,349.94,349.83,91
2024-03-20 17:48:00,2663,349.9128,349.8,349.85,349.96,349.8,114
2024-03-20 17:49:00,1811,349.9046,349.85,349.96,349.97,349.85,89
2024-03-20 17:50:00,1395,350.069,349.96,350.17,350.17,349.96,56
2024-03-20 17:51:00,651,350.209,350.175,350.175,350.175,350.175,45
2024-03-20 17:52:00,782,350.271,350.29,350.285,350.29,350.22,57
2024-03-20 17:53:00,828,350.2659,350.3,350.2001,350.3,350.2001,40
2024-03-20 17:54:00,2663,350.316,350.285,350.385,350.42,350.2,59
2024-03-20 17:55:00,2839,350.3287,350.385,350.35,350.405,350.32,59
2024-03-20 17:56:00,2650,350.5153,350.47,350.56,350.58,350.43,99
2024-03-20 17:57:00,1108,350.5596,350.53,350.55,350.5725,350.53,46
2024-03-20 17:58:00,1266,350.5663,350.55,350.585,350.585,350.55,46
2024-03-20 17:59:00,1227,350.5789,350.5681,350.585,350.61,350.5681,50
2024-03-20 18:00:00,21327,351.5677,350.67,351.465,352.34,350.67,651
2024-03-20 18:01:00,7289,352.3265,351.58,352.85,352.85,351.58,345
2024-03-20 18:02:00,14324,353.1862,353.0,352.94,353.46,352.94,423
2024-03-20 18:03:00,7460,352.8814,352.94,352.79,353.1,352.73,224
2024-03-20 18:04:00,3947,353.252,353.04,353.375,353.47,353.04,110
2024-03-20 18:05:00,10418,353.8042,353.58,353.5,354.17,353.5,310
2024-03-20 18:06:00,16806,353.508,353.5,353.42,353.69,353.37,336
2024-03-20 18:07:00,24763,353.6587,353.58,353.235,353.775,353.235,348
2024-03-20 18:08:00,3546,352.8946,352.98,352.84,353.14,352.83,100
2024-03-20 18:09:00,2401,352.563,352.95,352.19,352.95,352.19,95
2024-03-20 18:10:00,9300,352.6689,352.51,352.895,352.98,352.426,214
2024-03-20 18:11:00,5651,352.9815,352.9,352.92,353.2,352.89,140
2024-03-20 18:12:00,4969,352.9544,353.045,352.96,353.045,352.83,132
2024-03-20 18:13:00,3462,352.9009,353.06,352.86,353.09,352.66,91
2024-03-20 18:14:00,3341,352.8059,352.87,352.72,353.0,352.59,77
2024-03-20 18:15:00,9070,352.6021,352.86,352.47,352.94,352.23,223
2024-03-20 18:16:00,922,352.2151,352.2025,352.2025,352.2025,352.2025,59
2024-03-20 18:17:00,3070,352.0672,352.23,351.955,352.23,351.955,85
2024-03-20 18:18:00,8696,351.9321,351.945,351.8,352.05,351.79,183
2024-03-20 18:19:00,3430,351.7732,351.74,351.67,351.825,351.67,72
2024-03-20 18:20:00,9452,351.9748,351.71,352.11,352.205,351.62,277
2024-03-20 18:21:00,5127,351.8187,352.09,351.9075,352.09,351.71,171
2024-03-20 18:22:00,9824,352.0342,351.96,352.01,352.28,351.9275,170
2024-03-20 18:23:00,7357,351.9255,352.13,351.7903,352.13,351.79,137
2024-03-20 18:24:00,5389,352.0185,351.94,352.1,352.14,351.84,109
2024-03-20 18:25:00,4507,352.3485,352.17,352.37,352.44,352.17,127
2024-03-20 18:26:00,3072,352.2917,352.23,352.35,352.42,352.22,73
2024-03-20 18:27:00,5127,352.2984,352.5199,352.26,352.5199,352.1,113
2024-03-20 18:28:00,10527,352.6108,352.2,352.6,352.735,352.2,171
2024-03-20 18:29:00,3026,352.8351,352.73,352.995,353.04,352.72,84
2024-03-20 18:30:00,11765,352.8559,353.025,352.855,353.3,352.6,316
2024-03-20 18:31:00,3905,352.4264,352.68,351.9429,352.68,351.9429,99
2024-03-20 18:32:00,3150,351.8415,351.86,351.74,352.0,351.74,117
2024-03-20 18:33:00,4407,351.7293,351.85,351.42,351.86,351.4,154
2024-03-20 18:34:00,2535,351.2914,351.42,351.15,351.42,351.15,87
2024-03-20 18:35:00,4840,350.965,350.89,351.27,351.27,350.83,134
2024-03-20 18:36:00,9902,351.7826,351.57,351.81,351.98,351.45,266
2024-03-20 18:37:00,6915,352.0079,351.6975,352.0527,352.21,351.6975,191
2024-03-20 18:38:00,4697,352.6598,352.23,352.825,353.12,352.23,123
2024-03-20 18:39:00,3176,352.6067,352.42,352.82,352.82,352.42,88
2024-03-20 18:40:00,5617,352.523,352.63,352.44,352.63,352.42,189
2024-03-20 18:41:00,5195,352.5338,352.35,352.785,352.82,352.33,132
2024-03-20 18:42:00,4950,353.0679,352.94,353.49,353.49,352.795,134
2024-03-20 18:43:00,8215,353.1277,353.25,352.75,353.27,352.75,207
2024-03-20 18:44:00,6278,352.7381,352.88,352.825,352.89,352.53,193
2024-03-20 18:45:00,6425,353.3076,353.32,353.83,353.83,353.11,180
2024-03-20 18:46:00,6729,353.6691,353.81,353.63,353.93,353.5,161
2024-03-20 18:47:00,10730,353.6816,353.53,353.755,353.87,353.51,349
2024-03-20 18:48:00,3690,353.882,353.81,353.97,354.0798,353.74,89
2024-03-20 18:49:00,4246,354.2998,354.1,354.53,354.53,354.1,120
2024-03-20 18:50:00,12383,354.318,354.34,354.09,354.69,354.09,328
2024-03-20 18:51:00,4627,354.2042,353.95,354.36,354.46,353.83,173
2024-03-20 18:52:00,3230,354.374,354.27,354.36,354.56,354.24,92
2024-03-20 18:53:00,1810,354.414,354.38,354.425,354.58,354.38,68
2024-03-20 18:54:00,22394,354.5969,354.535,354.44,354.8,354.195,320
2024-03-20 18:55:00,12250,354.7575,354.57,354.77,354.95,354.57,312
2024-03-20 18:56:00,2767,354.5095,354.7375,354.38,354.7375,354.38,94
2024-03-20 18:57:00,4078,354.4899,354.38,354.7,354.7,354.16,116
2024-03-20 18:58:00,7908,354.9462,354.65,354.99,355.1,354.65,226
2024-03-20 18:59:00,7616,355.0644,355.15,355.14,355.29,354.91,186
2024-03-20 19:00:00,6355,355.1402,355.29,354.97,355.29,354.97,267
2024-03-20 19:01:00,6900,355.4561,354.975,355.37,355.8,354.975,256
2024-03-20 19:02:00,9357,355.4957,355.54,355.46,355.6999,355.34,296
2024-03-20 19:03:00,8435,355.587,355.59,355.72,355.87,355.435,353
2024-03-20 19:04:00,6207,355.633,355.695,355.635,355.77,355.53,200
2024-03-20 19:05:00,6262,356.0448,355.75,356.53,356.53,355.75,238
2024-03-20 19:06:00,7678,356.1043,356.33,356.09,356.33,355.95,225
2024-03-20 19:07:00,4975,356.2242,356.07,356.39,356.4,356.07,156
2024-03-20 19:08:00,5081,356.4065,356.41,356.57,356.57,356.29,179
2024-03-20 19:09:00,5164,356.682,356.7,356.57,356.8,356.57,227
2024-03-20 19:10:00,8511,356.7442,356.69,356.68,356.83,356.68,216
2024-03-20 19:11:00,6175,356.5703,356.635,356.265,356.755,356.1691,188
2024-03-20 19:12:00,6364,356.3635,356.15,356.44,356.58,356.12,208
2024-03-20 19:13:00,17260,356.3023,356.5,356.115,356.58,356.05,527
2024-03-20 19:14:00,11811,356.1245,356.155,355.67,356.36,355.67,244
2024-03-20 19:15:00,11646,356.0612,355.8,356.18,356.24,355.78,283
2024-03-20 19:16:00,12721,356.0994,356.16,356.215,356.24,355.97,340
2024-03-20 19:17:00,14968,356.4563,356.17,356.83,356.96,356.1,437
2024-03-20 19:18:00,4935,356.716,356.745,356.85,356.85,356.6,190
2024-03-20 19:19:00,10339,357.0451,356.73,357.25,357.25,356.73,272
2024-03-20 19:20:00,7982,357.2504,357.36,357.25,357.42,357.12,247
2024-03-20 19:21:00,10468,357.1236,357.25,356.93,357.35,356.9,296
2024-03-20 19:22:00,4667,356.9665,356.935,357.01,357.06,356.8,191
2024-03-20 19:23:00,4581,357.1266,357.03,357.115,357.24,357.03,177
2024-03-20 19:24:00,6599,357.3812,357.19,357.56,357.56,357.19,351
2024-03-20 19:25:00,7384,357.4956,357.55,357.34,357.63,357.34,297
2024-03-20 19:26:00,5751,357.379,357.34,357.46,357.465,357.22,213
2024-03-20 19:27:00,8605,357.572,357.41,357.69,357.7199,357.39,292
2024-03-20 19:28:00,7236,357.7449,357.685,357.84,357.84,357.66,286
2024-03-20 19:29:00,8355,357.7981,357.89,357.79,357.89,357.73,252
2024-03-20 19:30:00,7619,357.7683,357.82,357.85,357.905,357.67,330
2024-03-20 19:31:00,9889,357.8802,357.85,357.86,358.01,357.72,336
2024-03-20 19:32:00,13703,358.0113,357.87,357.77,358.18,357.77,359
2024-03-20 19:33:00,11810,357.4886,357.74,357.33,357.74,357.23,287
2024-03-20 19:34:00,9586,357.48,357.33,357.525,357.61,357.28,271
2024-03-20 19:35:00,7045,357.2755,357.44,357.035,357.47,356.98,235
2024-03-20 19:36:00,8311,356.6058,356.975,356.31,357.08,356.31,228
2024-03-20 19:37:00,8110,356.437,356.3,356.44,356.59,356.3,259
2024-03-20 19:38:00,13727,356.5026,356.44,356.6,356.62,356.315,356
2024-03-20 19:39:00,9341,356.9114,356.605,357.09,357.09,356.605,316
2024-03-20 19:40:00,6218,357.0812,356.97,357.21,357.21,356.93,251
2024-03-20 19:41:00,11854,357.2362,357.19,357.19,357.32,357.12,319
2024-03-20 19:42:00,10263,356.8769,357.1685,356.93,357.1685,356.68,299
2024-03-20 19:43:00,6788,357.0155,356.89,357.07,357.17,356.8575,234
2024-03-20 19:44:00,6716,357.0647,357.09,357.06,357.215,356.935,289
2024-03-20 19:45:00,6533,357.08,357.03,357.09,357.175,356.995,329
2024-03-20 19:46:00,10036,357.1572,357.16,357.0,357.3292,357.0,368
2024-03-20 19:47:00,13141,356.8831,356.95,356.955,356.97,356.78,410
2024-03-20 19:48:00,8640,356.7486,356.9,356.83,356.98,356.6,248
2024-03-20 19:49:00,8158,356.4961,356.64,356.28,356.66,356.12,335
2024-03-20 19:50:00,13192,356.191,356.25,356.065,356.47,356.01,567
2024-03-20 19:51:00,12941,356.3708,356.0,356.59,356.71,356.0,511
2024-03-20 19:52:00,18717,356.7608,356.67,356.955,356.98,356.575,488
2024-03-20 19:53:00,35345,356.7335,356.965,356.605,357.19,356.41,735
2024-03-20 19:54:00,12825,356.7622,356.63,356.54,356.98,356.54,535
2024-03-20 19:55:00,27986,356.6215,356.72,356.71,356.8,356.35,872
2024-03-20 19:56:00,14376,356.6255,356.76,356.64,356.76,356.505,390
2024-03-20 19:57:00,23345,356.5491,356.6,356.54,356.67,356.44,753
2024-03-20 19:58:00,29141,356.5699,356.49,356.62,356.72,356.42,826
2024-03-20 19:59:00,66315,356.5266,356.63,356.37,356.7799,356.23,1267
2024-03-20 20:00:00,11299,356.45,356.45,356.45,356.45,356.45,31
2024-03-20 20:04:00,991,356.45,356.45,356.45,356.45,356.45,6
2024-03-20 20:20:00,5764,356.4492,356.45,356.45,356.45,356.45,2
2024-03-20 20:26:00,100,356.45,356.45,356.45,356.45,356.45,1
2024-03-20 21:04:00,1101,356.4501,356.45,356.45,356.45,356.45,2
2024-03-20 21:39:00,100,356.55,356.55,356.55,356.55,356.55,1
2024-03-20 22:22:00,252,356.98,356.98,356.98,356.98,356.98,1
2024-03-20 23:06:00,250,356.75,356.75,356.75,356.75,356.75,1
2024-03-20 23:12:00,227,356.95,356.95,356.95,356.95,356.95,1
2024-03-20 23:24:00,426,356.9779,356.98,356.98,356.98,356.98,5
2024-03-21 08:07:00,100,356.2,356.2,356.2,356.2,356.2,1
2024-03-21 11:38:00,100,357.12,357.12,357.12,357.12,357.12,1
2024-03-21 12:00:00,366,357.4052,357.1,357.1,357.1,357.1,31
2024-03-21 12:16:00,202,357.6,357.6,357.6,357.6,357.6,4
2024-03-21 12:28:00,101,357.997,357.997,357.997,357.997,357.997,2
2024-03-21 12:48:00,100,357.31,357.31,357.31,357.31,357.31,1
2024-03-21 12:51:00,677,357.4553,357.43,357.5,357.5,357.43,35
2024-03-21 13:03:00,108,357.5137,357.62,357.62,357.62,357.62,5
2024-03-21 13:10:00,810,357.5864,357.5,357.6,357.6,357.5,3
2024-03-21 13:14:00,100,357.62,357.62,357.62,357.62,357.62,1
2024-03-21 13:17:00,754,357.571,357.6,357.6,357.6,357.6,7
2024-03-21 13:23:00,217,357.5738,357.52,357.62,357.62,357.52,5
2024-03-21 13:24:00,300,357.5533,357.52,357.52,357.52,357.52,4
2024-03-21 13:25:00,300,357.5507,357.62,357.52,357.62,357.52,4
2024-03-21 13:26:00,300,357.5042,357.51,357.51,357.51,357.51,5
2024-03-21 13:29:00,1654,357.7343,357.665,357.95,358.11,357.64,18
2024-03-21 13:30:00,45985,357.8225,357.67,357.615,358.0,356.8001,444
2024-03-21 13:31:00,9026,357.6053,357.665,357.38,357.93,357.38,309
2024-03-21 13:32:00,10412,357.7247,357.14,358.19,358.19,357.14,324
2024-03-21 13:33:00,4787,358.3087,358.29,358.015,358.66,357.67,137
2024-03-21 13:34:00,14780,357.3215,357.565,357.31,357.6,357.0,237
2024-03-21 13:35:00,21081,356.9788,357.31,357.245,357.48,356.72,317
2024-03-21 13:36:00,9548,357.5897,357.26,358.32,358.45,356.99,264
2024-03-21 13:37:00,9685,358.2419,358.56,358.425,358.57,357.825,173
2024-03-21 13:38:00,7313,358.5576,358.18,358.72,358.74,358.18,181
2024-03-21 13:39:00,12844,358.5772,358.78,358.69,358.78,358.24,289
2024-03-21 13:40:00,9213,358.748,358.69,359.07,359.295,358.43,244
2024-03-21 13:41:00,9190,358.7862,358.7,358.585,358.99,358.56,223
2024-03-21 13:42:00,5831,358.6365,358.8,358.47,358.8,358.4,157
2024-03-21 13:43:00,3377,358.1862,358.505,357.75,358.65,357.75,132
2024-03-21 13:44:00,5975,358.0948,357.76,358.3,358.475,357.76,132
2024-03-21 13:45:00,5282,358.2188,358.22,358.3,358.44,357.86,216
2024-03-21 13:46:00,6856,358.0298,358.3,357.88,358.32,357.72,207
2024-03-21 13:47:00,5305,357.6081,357.75,357.5,357.75,357.5,186
2024-03-21 13:48:00,7994,357.3908,357.505,357.235,357.63,357.15,253
2024-03-21 13:49:00,4961,357.0478,357.15,356.855,357.32,356.7257,159
2024-03-21 13:50:00,9271,357.0897,356.98,357.17,357.32,356.97,196
2024-03-21 13:51:00,10139,357.6418,357.3,357.765,358.12,357.17,262
2024-03-21 13:52:00,3098,357.8943,357.73,357.92,357.995,357.73,125
2024-03-21 13:53:00,4494,357.9833,357.96,357.875,358.17,357.875,118
2024-03-21 13:54:00,4453,357.788,357.81,357.96,357.98,357.58,117
2024-03-21 13:55:00,3529,358.334,358.12,358.534,358.54,358.12,110
2024-03-21 13:56:00,3790,358.5728,358.61,358.55,358.73,358.5,146
2024-03-21 13:57:00,7775,358.3549,358.48,358.4779,358.57,358.15,273
2024-03-21 13:58:00,2721,358.4607,358.51,358.43,358.54,358.33,122
2024-03-21 13:59:00,8566,358.5201,358.4,358.695,358.78,358.35,240
2024-03-21 14:00:00,10342,358.451,358.59,358.39,358.71,358.26,412
2024-03-21 14:01:00,9551,358.5181,358.45,358.565,358.64,358.33,269
2024-03-21 14:02:00,4076,358.857,358.64,359.14,359.14,358.64,139
2024-03-21 14:03:00,3653,359.0443,359.08,359.17,359.17,358.96,160
2024-03-21 14:04:00,5813,359.3631,359.18,359.57,359.7254,359.06,209
2024-03-21 14:05:00,9927,359.7632,359.47,359.75,359.97,359.47,279
2024-03-21 14:06:00,12478,359.9862,359.82,359.98,360.2,359.82,353
2024-03-21 14:07:00,6392,359.7523,359.92,359.7299,359.92,359.51,258
2024-03-21 14:08:00,9603,359.9784,359.61,360.295,360.39,359.6069,297
2024-03-21 14:09:00,6195,360.221,360.39,360.15,360.4,360.0,203
2024-03-21 14:10:00,8403,360.3519,360.38,360.4881,360.5,360.215,193
2024-03-21 14:11:00,9782,360.6317,360.55,360.52,360.73,360.41,230
2024-03-21 14:12:00,7357,360.5196,360.5995,360.7,360.7,360.29,158
2024-03-21 14:13:00,14341,361.0748,360.8869,360.81,361.3767,360.81,310
2024-03-21 14:14:00,4901,360.6401,360.78,360.36,360.87,360.32,128
2024-03-21 14:15:00,11493,360.6751,360.46,361.16,361.16,360.44,222
2024-03-21 14:16:00,2833,361.1545,361.1899,361.215,361.215,361.085,111
2024-03-21 14:17:00,4018,361.1735,361.125,361.15,361.225,361.0674,148
2024-03-21 14:18:00,4238,361.383,361.245,361.565,361.565,361.245,156
2024-03-21 14:19:00,5573,361.4814,361.65,361.31,361.77,361.28,171
2024-03-21 14:20:00,9661,361.3485,361.32,361.2501,361.46,361.21,275
2024-03-21 14:21:00,4190,361.4498,361.38,361.43,361.59,361.34,204
2024-03-21 14:22:00,8578,361.4095,361.45,361.68,361.68,361.1899,259
2024-03-21 14:23:00,3484,361.5717,361.6,361.53,361.6736,361.44,131
2024-03-21 14:24:00,7994,361.2037,361.45,361.11,361.5,360.97,267
2024-03-21 14:25:00,7168,361.1896,361.05,361.195,361.25,360.96,153
2024-03-21 14:26:00,9020,361.0672,361.2,361.07,361.2,360.97,105
2024-03-21 14:27:00,8304,361.3851,361.21,361.65,361.665,361.145,216
2024-03-21 14:28:00,8161,361.5882,361.64,361.475,361.75,361.37,172
2024-03-21 14:29:00,2619,361.4055,361.38,361.31,361.48,361.31,146
2024-03-21 14:30:00,11184,361.2985,361.51,361.145,361.58,360.95,391
2024-03-21 14:31:00,7620,361.226,361.16,361.37,361.42,361.02,221
2024-03-21 14:32:00,6898,361.595,361.645,361.46,361.7,361.46,247
2024-03-21 14:33:00,7357,361.5655,361.68,361.48,361.68,361.41,228
2024-03-21 14:34:00,4952,361.5745,361.65,361.44,361.7,361.44,194
2024-03-21 14:35:00,10790,361.5063,361.37,361.54,361.69,361.215,214
2024-03-21 14:36:00,2212,361.4233,361.56,361.3809,361.56,361.3809,96
2024-03-21 14:37:00,3377,361.3262,361.29,361.32,361.35,361.26,141
2024-03-21 14:38:00,1933,361.209,361.32,361.145,361.32,361.09,98
2024-03-21 14:39:00,5722,360.9934,361.1,360.77,361.11,360.77,210
2024-03-21 14:40:00,8435,360.9668,360.775,360.95,361.1,360.77,272
2024-03-21 14:41:00,4503,360.9265,360.84,361.04,361.04,360.84,185
2024-03-21 14:42:00,5687,361.3062,361.03,361.36,361.42,360.9705,198
2024-03-21 14:43:00,14885,361.8626,361.63,361.92,362.15,361.63,459
2024-03-21 14:44:00,11395,361.793,361.93,361.635,361.93,361.635,276
2024-03-21 14:45:00,12291,362.0293,361.72,361.96,362.18,361.72,298
2024-03-21 14:46:00,1953,361.7478,361.91,361.63,361.91,361.63,92
2024-03-21 14:47:00,1081,361.7476,361.8,361.62,361.8,361.62,69
2024-03-21 14:48:00,3370,361.6254,361.62,361.71,361.71,361.6,146
2024-03-21 14:49:00,2633,361.4828,361.715,361.42,361.715,361.42,106
2024-03-21 14:50:00,3699,361.2387,361.38,361.14,361.405,361.12,135
2024-03-21 14:51:00,7947,361.4272,361.22,361.36,361.52,361.22,267
2024-03-21 14:52:00,1929,361.5014,361.405,361.68,361.68,361.405,78
2024-03-21 14:53:00,3191,361.7009,361.7,361.665,361.76,361.61,119
2024-03-21 14:54:00,1536,361.8579,361.79,361.95,361.98,361.785,75
2024-03-21 14:55:00,2194,361.8622,361.925,361.84,361.925,361.8,63
2024-03-21 14:56:00,5587,361.7538,361.8875,361.58,361.95,361.58,173
2024-03-21 14:57:00,4364,361.5557,361.575,361.58,361.62,361.46,131
2024-03-21 14:58:00,1441,361.6778,361.64,361.6907,361.73,361.64,73
2024-03-21 14:59:00,3795,361.8871,362.0,361.83,362.0,361.83,166
2024-03-21 15:00:00,5461,361.919,362.08,361.62,362.08,361.62,184
2024-03-21 15:01:00,1726,361.7548,361.76,361.785,361.785,361.76,65
2024-03-21 15:02:00,3017,361.8704,361.88,361.835,361.94,361.77,133
2024-03-21 15:03:00,3679,361.6793,361.745,361.71,361.745,361.56,149
2024-03-21 15:04:00,4682,361.826,361.77,361.94,361.94,361.66,155
2024-03-21 15:05:00,4053,361.9184,361.87,362.1,362.1,361.75,173
2024-03-21 15:06:00,7442,362.154,362.09,362.2,362.35,361.94,200
2024-03-21 15:07:00,2222,362.2297,362.255,362.29,362.33,362.15,112
2024-03-21 15:08:00,3520,362.3783,362.39,362.44,362.44,362.29,141
2024-03-21 15:09:00,3072,362.5107,362.52,362.495,362.58,362.41,127
2024-03-21 15:10:00,7711,362.4484,362.5,362.48,362.65,362.35,246
2024-03-21 15:11:00,4373,362.2448,362.44,362.21,362.44,362.14,142
2024-03-21 15:12:00,4307,362.3026,362.21,362.28,362.45,362.175,127
2024-03-21 15:13:00,2624,362.2294,362.3,362.18,362.3,362.13,121
2024-03-21 15:14:00,2583,362.2384,362.205,362.215,362.288,362.205,76
2024-03-21 15:15:00,3089,362.3404,362.305,362.48,362.48,362.25,83
2024-03-21 15:16:00,6621,362.691,362.62,362.76,362.77,362.59,152
2024-03-21 15:17:00,19340,362.7438,362.75,362.765,362.88,362.61,356
2024-03-21 15:18:00,5070,362.7757,362.85,362.61,362.85,362.61,186
2024-03-21 15:19:00,1782,362.5766,362.59,362.55,362.61,362.47,80
2024-03-21 15:20:00,7904,362.8272,362.5448,363.0,363.0,362.47,286
2024-03-21 15:21:00,5524,362.9863,362.93,363.14,363.14,362.8563,174
2024-03-21 15:22:00,3991,363.0787,363.02,363.0,363.175,363.0,148
2024-03-21 15:23:00,2933,362.9134,362.93,362.8824,362.9775,362.8824,153
2024-03-21 15:24:00,2903,362.8851,362.96,362.94,362.96,362.8213,133
2024-03-21 15:25:00,3951,362.9411,362.96,362.895,363.0,362.895,175
2024-03-21 15:26:00,4330,362.9123,362.87,362.99,363.04,362.7855,163
2024-03-21 15:27:00,2785,362.8417,362.93,362.81,362.995,362.76,112
2024-03-21 15:28:00,12313,362.7919,362.87,362.78,362.91,362.71,332
2024-03-21 15:29:00,6007,362.541,362.71,362.47,362.71,362.38,199
2024-03-21 15:30:00,2967,362.6175,362.5348,362.84,362.84,362.38,106
2024-03-21 15:31:00,9666,362.873,362.86,363.0,363.17,362.71,177
2024-03-21 15:32:00,5035,362.9955,363.06,362.8,363.17,362.8,190
2024-03-21 15:33:00,2335,363.0477,363.07,363.095,363.095,362.97,79
2024-03-21 15:34:00,2783,363.0264,363.105,362.95,363.105,362.95,77
2024-03-21 15:35:00,2349,363.0907,363.07,363.14,363.22,363.07,89
2024-03-21 15:36:00,2914,363.0222,363.07,362.88,363.1,362.88,137
2024-03-21 15:37:00,3979,362.9189,362.85,362.847,362.98,362.847,176
2024-03-21 15:38:00,2261,362.6761,362.78,362.58,362.78,362.55,93
2024-03-21 15:39:00,3165,362.6525,362.6,362.71,362.71,362.52,105
2024-03-21 15:40:00,1937,362.6685,362.75,362.5722,362.75,362.5722,77
2024-03-21 15:41:00,7911,362.3889,362.51,362.3338,362.51,362.25,220
2024-03-21 15:42:00,1665,362.2915,362.32,362.16,362.3687,362.16,71
2024-03-21 15:43:00,3684,362.2334,362.16,362.27,362.32,362.13,123
2024-03-21 15:44:00,1917,362.0433,362.185,361.945,362.185,361.945,105
2024-03-21 15:45:00,3508,361.9013,361.98,361.8899,362.05,361.73,102
2024-03-21 15:46:00,2246,361.9064,361.89,361.84,361.98,361.84,80
2024-03-21 15:47:00,1043,361.8106,361.78,361.795,361.83,361.78,39
2024-03-21 15:48:00,3222,361.8323,361.76,361.795,361.895,361.76,113
2024-03-21 15:49:00,3987,361.8268,361.815,361.86,361.86,361.77,130
2024-03-21 15:50:00,4536,361.9384,361.86,361.995,362.04,361.8563,168
2024-03-21 15:51:00,1966,361.9176,361.94,361.82,361.94,361.82,75
2024-03-21 15:52:00,4565,361.8892,361.82,361.97,361.98,361.74,135
2024-03-21 15:53:00,4944,362.0039,361.92,361.97,362.05,361.92,172
2024-03-21 15:54:00,4502,361.9345,361.95,361.9,361.99,361.835,94
2024-03-21 15:55:00,2629,362.0291,361.94,362.14,362.14,361.94,96
2024-03-21 15:56:00,6930,362.1044,362.105,362.24,362.24,362.02,127
2024-03-21 15:57:00,5586,362.1416,362.22,362.19,362.23,362.04,117
2024-03-21 15:58:00,537,362.0892,362.12,362.1,362.12,362.1,42
2024-03-21 15:59:00,2665,362.1037,362.17,362.0,362.17,362.0,121
2024-03-21 16:00:00,2726,362.0159,361.9508,361.9578,362.085,361.93,78
2024-03-21 16:01:00,1728,361.982,362.035,361.935,362.035,361.935,75
2024-03-21 16:02:00,2393,361.9883,362.0,361.9502,362.04,361.9502,72
2024-03-21 16:03:00,802,362.0014,361.95,362.0,362.0,361.95,45
2024-03-21 16:04:00,6837,362.0645,361.95,362.22,362.22,361.95,148
2024-03-21 16:05:00,2705,362.3057,362.25,362.372,362.372,362.25,115
2024-03-21 16:06:00,1725,362.4345,362.44,362.53,362.53,362.44,65
2024-03-21 16:07:00,3317,362.5878,362.57,362.65,362.65,362.56,121
2024-03-21 16:08:00,5012,362.732,362.69,362.67,362.865,362.67,158
2024-03-21 16:09:00,2156,362.6185,362.695,362.52,362.695,362.52,92
2024-03-21 16:10:00,3208,362.5442,362.6,362.5606,362.61,362.44,142
2024-03-21 16:11:00,1772,362.6609,362.65,362.68,362.68,362.61,70
2024-03-21 16:12:00,1423,362.6311,362.7,362.66,362.7,362.57,67
2024-03-21 16:13:00,2302,362.8037,362.75,362.87,362.87,362.75,105
2024-03-21 16:14:00,1610,362.8254,362.82,362.835,362.86,362.78,59
2024-03-21 16:15:00,1615,362.8754,362.7615,362.905,362.91,362.7615,56
2024-03-21 16:16:00,3886,362.9566,362.83,363.035,363.06,362.81,153
2024-03-21 16:17:00,2424,363.0703,363.035,363.035,363.1281,362.9401,51
2024-03-21 16:18:00,3073,363.0979,362.96,363.2,363.2,362.96,102
2024-03-21 16:19:00,2315,363.0991,363.11,363.1086,363.12,363.05,97
2024-03-21 16:20:00,6198,362.977,363.04,363.02,363.08,362.8,258
2024-03-21 16:21:00,3081,363.0521,363.11,363.04,363.13,362.92,100
2024-03-21 16:22:00,2029,363.0136,363.02,363.01,363.02,363.0,69
2024-03-21 16:23:00,1774,363.1068,363.07,363.15,363.15,363.07,75
2024-03-21 16:25:00,1976,363.2538,363.25,363.2556,363.3,363.23,109
2024-03-21 16:26:00,1360,363.2517,363.295,363.245,363.295,363.245,67
2024-03-21 16:27:00,2773,363.3046,363.245,363.33,363.34,363.235,126
2024-03-21 16:28:00,2247,363.2778,363.24,363.33,363.33,363.22,103
2024-03-21 16:29:00,1611,363.4454,363.39,363.5171,363.5171,363.39,79
2024-03-21 16:30:00,2197,363.5515,363.54,363.5293,363.63,363.5293,110
2024-03-21 16:31:00,2610,363.3482,363.45,363.26,363.45,363.23,120
2024-03-21 16:32:00,1859,363.3156,363.28,363.36,363.37,363.271,83
2024-03-21 16:33:00,924,363.2556,363.29,363.2,363.29,363.2,45
2024-03-21 16:34:00,2380,363.1875,363.18,363.14,363.26,363.12,87
2024-03-21 16:35:00,3906,363.2245,363.23,363.23,363.3,363.2,73
2024-03-21 16:36:00,2871,363.2092,363.16,363.2101,363.27,363.16,118
2024-03-21 16:37:00,3742,363.0135,363.23,362.92,363.24,362.85,129
2024-03-21 16:38:00,1008,363.0091,362.99,363.06,363.06,362.99,55
2024-03-21 16:39:00,817,363.0853,363.12,363.05,363.12,363.05,50
2024-03-21 16:40:00,3304,363.0955,363.08,362.96,363.19,362.96,144
2024-03-21 16:41:00,747,363.1149,363.03,363.16,363.16,363.03,48
2024-03-21 16:42:00,2501,363.1332,363.11,363.18,363.18,363.105,58
2024-03-21 16:43:00,1931,363.1006,363.18,363.06,363.18,363.05,67
2024-03-21 16:44:00,6075,363.0466,363.045,363.11,363.11,363.0,107
2024-03-21 16:45:00,3265,363.0859,363.06,363.12,363.16,363.0,99
2024-03-21 16:46:00,1334,363.0157,363.04,362.99,363.04,362.99,82
2024-03-21 16:47:00,1774,363.0654,363.06,363.135,363.135,363.05,93
2024-03-21 16:48:00,2239,363.1811,363.22,363.15,363.22,363.15,85
2024-03-21 16:49:00,1105,363.1776,363.21,363.16,363.21,363.15,43
2024-03-21 16:50:00,1846,363.2713,363.24,363.31,363.31,363.24,87
2024-03-21 16:51:00,3099,363.4074,363.33,363.5,363.5,363.33,101
2024-03-21 16:52:00,1617,363.5978,363.55,363.69,363.69,363.55,93
2024-03-21 16:53:00,2357,363.6632,363.67,363.64,363.7,363.64,94
2024-03-21 16:54:00,1465,363.7111,363.69,363.7131,363.75,363.69,54
2024-03-21 16:55:00,3088,363.7603,363.7,363.89,363.89,363.68,99
2024-03-21 16:56:00,2190,363.9133,363.82,363.91,363.91,363.82,59
2024-03-21 16:57:00,3756,363.9228,363.95,363.87,363.95,363.87,106
2024-03-21 16:58:00,2374,363.8679,363.83,363.905,363.91,363.8268,97
2024-03-21 16:59:00,1630,363.9426,363.91,363.915,363.9999,363.91,70
2024-03-21 17:00:00,3407,363.8667,363.98,363.73,363.98,363.73,118
2024-03-21 17:01:00,1099,363.715,363.78,363.66,363.78,363.66,75
2024-03-21 17:02:00,8974,363.3982,363.54,363.305,363.54,363.23,238
2024-03-21 17:03:00,487,363.3032,363.27,363.27,363.27,363.27,21
2024-03-21 17:04:00,1517,363.3687,363.36,363.41,363.42,363.36,64
2024-03-21 17:05:00,4699,363.5338,363.47,363.66,363.66,363.46,176
2024-03-21 17:06:00,4835,363.7358,363.68,363.69,363.79,363.67,104
2024-03-21 17:07:00,1389,363.7232,363.77,363.68,363.77,363.68,67
2024-03-21 17:08:00,2841,363.6189,363.6,363.6,363.67,363.59,83
2024-03-21 17:09:00,2146,363.7247,363.69,363.75,363.75,363.69,75
2024-03-21 17:10:00,2756,363.8507,363.78,363.95,363.95,363.77,78
2024-03-21 17:11:00,914,363.8968,363.94,363.92,363.94,363.91,40
2024-03-21 17:12:00,6215,363.9321,363.85,363.91,364.0,363.8023,197
2024-03-21 17:13:00,4684,364.0303,364.02,364.08,364.1,363.98,187
2024-03-21 17:14:00,3808,364.1064,364.0215,364.07,364.15,364.0215,125
2024-03-21 17:15:00,5961,364.0608,364.07,364.07,364.11,364.04,260
2024-03-21 17:16:00,3316,364.0092,364.07,363.95,364.07,363.95,92
2024-03-21 17:17:00,3403,364.0087,364.04,364.04,364.045,363.94,122
2024-03-21 17:18:00,1621,363.9058,363.94,363.86,363.94,363.86,68
2024-03-21 17:19:00,1755,363.7475,363.8,363.725,363.8,363.725,72
2024-03-21 17:20:00,5831,363.561,363.725,363.53,363.725,363.5,132
2024-03-21 17:21:00,3329,363.5942,363.5899,363.6,363.62,363.57,95
2024-03-21 17:22:00,6787,363.5309,363.615,363.47,363.64,363.4,206
2024-03-21 17:23:00,8028,363.4475,363.49,363.45,363.51,363.4,246
2024-03-21 17:24:00,4331,363.1593,363.41,362.985,363.41,362.985,135
2024-03-21 17:25:00,1976,362.939,363.035,362.95,363.035,362.89,60
2024-03-21 17:26:00,3671,362.8482,362.88,362.93,362.97,362.74,151
2024-03-21 17:27:00,2856,362.9631,362.8799,362.91,362.99,362.8799,120
2024-03-21 17:28:00,4541,362.9714,362.86,363.04,363.12,362.845,143
2024-03-21 17:29:00,1727,363.1186,363.16,363.11,363.16,363.07,71
2024-03-21 17:30:00,826,363.1064,363.1,363.07,363.1,363.07,55
2024-03-21 17:31:00,1015,363.1994,363.29,363.17,363.29,363.17,54
2024-03-21 17:32:00,964,363.3218,363.26,363.37,363.39,363.26,44
2024-03-21 17:33:00,1518,363.4501,363.44,363.48,363.48,363.41,40
2024-03-21 17:34:00,1759,363.5018,363.55,363.4,363.56,363.4,57
2024-03-21 17:35:00,2239,363.4149,363.39,363.5,363.5,363.3,84
2024-03-21 17:36:00,2029,363.6847,363.61,363.8499,363.8499,363.595,65
2024-03-21 17:37:00,1261,363.7778,363.69,363.87,363.91,363.69,47
2024-03-21 17:38:00,2359,363.8048,363.82,363.79,363.82,363.76,97
2024-03-21 17:39:00,2978,363.8424,363.77,363.81,363.905,363.77,86
2024-03-21 17:40:00,960,363.8103,363.8,363.78,363.84,363.78,36
2024-03-21 17:41:00,2734,363.6855,363.78,363.63,363.78,363.57,122
2024-03-21 17:42:00,6052,363.6651,363.57,363.68,363.779,363.57,144
2024-03-21 17:43:00,1319,363.7361,363.71,363.76,363.78,363.71,54
2024-03-21 17:44:00,446,363.7253,363.715,363.76,363.76,363.715,31
2024-03-21 17:45:00,2972,363.696,363.77,363.57,363.77,363.57,95
2024-03-21 17:46:00,2673,363.5607,363.57,363.4361,363.635,363.4361,100
2024-03-21 17:47:00,2996,363.3959,363.475,363.315,363.4899,363.3,93
2024-03-21 17:48:00,1502,363.2056,363.21,363.195,363.2116,363.195,54
2024-03-21 17:49:00,461,363.1024,363.07,363.09,363.09,363.07,23
2024-03-21 17:50:00,4466,363.2722,363.1,363.36,363.38,363.1,126
2024-03-21 17:51:00,2193,363.454,363.3474,363.48,363.52,363.3474,87
2024-03-21 17:52:00,1853,363.4308,363.48,363.41,363.48,363.41,44
2024-03-21 17:53:00,2125,363.3633,363.38,363.28,363.47,363.28,80
2024-03-21 17:54:00,2355,363.2312,363.2,363.2323,363.29,363.18,106
2024-03-21 17:55:00,4606,363.283,363.29,363.22,363.4185,363.17,177
2024-03-21 17:56:00,10045,363.1266,363.23,363.27,363.27,363.08,152
2024-03-21 17:57:00,2639,363.335,363.29,363.32,363.39,363.29,95
2024-03-21 17:58:00,1876,363.2141,363.27,363.2004,363.27,363.19,55
2024-03-21 17:59:00,1825,363.3155,363.21,363.37,363.37,363.21,72
2024-03-21 18:00:00,7000,363.2927,363.37,363.26,363.37,363.26,93
2024-03-21 18:01:00,2959,363.3615,363.42,363.19,363.43,363.19,104
2024-03-21 18:02:00,1802,362.9944,363.14,362.93,363.14,362.9,82
2024-03-21 18:03:00,704,362.9274,362.9001,362.93,362.93,362.9,40
2024-03-21 18:04:00,2782,363.0648,363.03,363.16,363.16,363.01,119
2024-03-21 18:05:00,2775,363.1232,363.13,363.15,363.15,363.1,88
2024-03-21 18:06:00,2118,363.0942,363.16,363.12,363.16,363.085,65
2024-03-21 18:07:00,1465,363.0237,363.04,362.95,363.04,362.95,69
2024-03-21 18:08:00,2902,362.8534,362.95,362.705,362.95,362.705,179
2024-03-21 18:09:00,3366,362.7978,362.69,362.76,362.83,362.69,83
2024-03-21 18:10:00,3930,362.7427,362.71,362.63,362.83,362.63,182
2024-03-21 18:11:00,3091,362.6138,362.56,362.58,362.67,362.53,110
2024-03-21 18:12:00,3984,362.6771,362.645,362.665,362.79,362.6,188
2024-03-21 18:13:00,3803,362.5,362.67,362.45,362.67,362.435,135
2024-03-21 18:14:00,5173,362.3182,362.44,362.3,362.44,362.27,126
2024-03-21 18:15:00,4279,362.4545,362.26,362.54,362.56,362.26,141
2024-03-21 18:16:00,4791,362.5975,362.58,362.64,362.65,362.5586,142
2024-03-21 18:17:00,3097,362.5956,362.59,362.588,362.65,362.56,107
2024-03-21 18:18:00,3852,362.6417,362.685,362.68,362.7,362.5757,144
2024-03-21 18:19:00,1903,362.7829,362.75,362.793,362.793,362.75,106
2024-03-21 18:20:00,3262,362.9257,362.86,363.03,363.03,362.86,125
2024-03-21 18:21:00,2300,363.0961,363.02,363.2641,363.2641,362.98,94
2024-03-21 18:22:00,1068,363.2159,363.18,363.23,363.23,363.18,61
2024-03-21 18:23:00,693,363.1885,363.1701,363.1701,363.1701,363.1701,48
2024-03-21 18:24:00,3459,363.1866,363.235,363.21,363.235,363.16,124
2024-03-21 18:25:00,3004,363.3137,363.27,363.42,363.42,363.27,122
2024-03-21 18:26:00,3505,363.5903,363.43,363.7,363.72,363.43,167
2024-03-21 18:27:00,3639,363.7388,363.74,363.66,363.79,363.66,118
2024-03-21 18:28:00,1404,363.7472,363.675,363.77,363.84,363.675,69
2024-03-21 18:29:00,3047,363.7495,363.79,363.755,363.79,363.73,124
2024-03-21 18:30:00,6975,363.649,363.76,363.77,363.78,363.46,347
2024-03-21 18:31:00,1854,363.6074,363.69,363.54,363.69,363.54,64
2024-03-21 18:32:00,1348,363.5956,363.54,363.58,363.62,363.54,67
2024-03-21 18:33:00,2082,363.5444,363.625,363.48,363.625,363.48,98
2024-03-21 18:34:00,5339,363.4868,363.42,363.45,363.5259,363.41,97
2024-03-21 18:35:00,3453,363.2302,363.26,363.19,363.26,363.175,125
2024-03-21 18:36:00,2836,363.0774,363.028,363.09,363.13,362.99,131
2024-03-21 18:37:00,2811,363.2229,363.25,363.33,363.33,363.16,107
2024-03-21 18:38:00,1543,363.3037,363.4,363.18,363.4,363.18,59
2024-03-21 18:39:00,1323,363.143,363.19,363.17,363.19,363.0642,69
2024-03-21 18:40:00,2061,363.1564,363.11,363.22,363.225,363.11,80
2024-03-21 18:41:00,3640,363.2413,363.22,363.23,363.31,363.17,101
2024-03-21 18:42:00,2957,363.2142,363.3,363.19,363.3,363.17,120
2024-03-21 18:43:00,2276,363.0145,363.09,363.08,363.09,362.97,114
2024-03-21 18:44:00,3755,363.1969,363.1,363.31,363.31,363.09,112
2024-03-21 18:45:00,3365,363.4195,363.29,363.48,363.48,363.29,134
2024-03-21 18:46:00,1607,363.4866,363.45,363.56,363.56,363.41,75
2024-03-21 18:47:00,3385,363.5377,363.62,363.65,363.65,363.47,104
2024-03-21 18:48:00,2213,363.6037,363.46,363.59,363.69,363.46,88
2024-03-21 18:49:00,2804,363.483,363.615,363.46,363.615,363.46,129
2024-03-21 18:50:00,1281,363.4514,363.43,363.5,363.5,363.4,64
2024-03-21 18:51:00,3400,363.4662,363.5,363.4,363.55,363.32,134
2024-03-21 18:52:00,1951,363.3298,363.31,363.32,363.38,363.31,85
2024-03-21 18:53:00,2215,363.4594,363.42,363.53,363.53,363.42,95
2024-03-21 18:54:00,3633,363.5034,363.53,363.4586,363.58,363.42,148
2024-03-21 18:55:00,2907,363.351,363.33,363.25,363.43,363.25,117
2024-03-21 18:56:00,3719,363.4558,363.37,363.49,363.54,363.355,148
2024-03-21 18:57:00,18099,363.0525,363.425,363.13,363.425,362.88,397
2024-03-21 18:58:00,2913,363.1852,363.115,363.1,363.29,363.1,87
2024-03-21 18:59:00,1524,363.1057,363.095,363.04,363.115,363.04,63
2024-03-21 19:00:00,3791,363.3073,363.2,363.425,363.425,363.2,142
2024-03-21 19:01:00,5025,363.5836,363.38,363.69,363.69,363.38,220
2024-03-21 19:02:00,4887,363.6687,363.6758,363.685,363.73,363.615,168
2024-03-21 19:03:00,4805,363.6881,363.66,363.65,363.75,363.62,176
2024-03-21 19:04:00,4910,363.9514,363.82,364.04,364.04,363.81,222
2024-03-21 19:05:00,8025,364.0948,364.0399,364.17,364.2,364.0,243
2024-03-21 19:06:00,6538,364.2607,364.18,364.436,364.436,364.18,248
2024-03-21 19:07:00,5631,364.2824,364.37,364.0519,364.425,364.0519,232
2024-03-21 19:08:00,5355,364.0589,364.2,364.03,364.2,363.995,180
2024-03-21 19:09:00,2492,363.87,363.83,363.9387,363.9387,363.815,77
2024-03-21 19:10:00,2959,363.9686,363.9334,363.95,363.98,363.9334,140
2024-03-21 19:11:00,3339,364.0043,363.94,364.04,364.04,363.84,104
2024-03-21 19:12:00,3348,364.0682,364.02,364.09,364.14,364.01,80
2024-03-21 19:13:00,3698,363.9846,364.04,363.94,364.05,363.88,116
2024-03-21 19:14:00,2558,363.9839,363.95,363.98,364.03,363.95,103
2024-03-21 19:15:00,1416,363.9975,363.96,364.04,364.04,363.955,68
2024-03-21 19:16:00,6335,364.178,364.11,364.2,364.25,364.08,219
2024-03-21 19:17:00,2543,364.28,364.29,364.27,364.305,364.27,92
2024-03-21 19:18:00,4230,364.3468,364.34,364.33,364.4,364.33,157
2024-03-21 19:19:00,2282,364.3458,364.33,364.3501,364.385,364.33,96
2024-03-21 19:20:00,5878,364.3642,364.43,364.19,364.49,364.19,269
2024-03-21 19:21:00,2368,364.1746,364.27,364.12,364.27,364.12,94
2024-03-21 19:22:00,3365,364.1329,364.05,364.05,364.2,364.05,133
2024-03-21 19:23:00,6130,364.0083,364.04,364.045,364.06,363.94,178
2024-03-21 19:24:00,3342,364.04,364.075,364.07,364.075,364.0,110
2024-03-21 19:25:00,3752,364.2092,364.13,364.31,364.31,364.13,144
2024-03-21 19:26:00,3454,364.3068,364.345,364.37,364.37,364.245,124
2024-03-21 19:27:00,4175,364.3638,364.33,364.455,364.455,364.31,178
2024-03-21 19:28:00,3107,364.4729,364.39,364.475,364.535,364.39,205
2024-03-21 19:29:00,5016,364.5297,364.488,364.48,364.6,364.46,215
2024-03-21 19:30:00,8659,364.6015,364.56,364.54,364.69,364.4823,362
2024-03-21 19:31:00,5315,364.6588,364.54,364.67,364.73,364.54,214
2024-03-21 19:32:00,10711,364.6674,364.69,364.42,364.84,364.42,351
2024-03-21 19:33:00,3875,364.4354,364.41,364.38,364.495,364.38,147
2024-03-21 19:34:00,3645,364.3307,364.4,364.25,364.45,364.25,140
2024-03-21 19:35:00,6570,364.2013,364.19,364.28,364.28,364.078,191
2024-03-21 19:36:00,2830,364.1886,364.22,364.1342,364.245,364.1342,159
2024-03-21 19:37:00,2931,364.2,364.24,364.1999,364.275,364.18,171
2024-03-21 19:38:00,5069,364.3144,364.2,364.455,364.455,364.19,191
2024-03-21 19:39:00,7394,364.4043,364.41,364.3725,364.47,364.335,200
2024-03-21 19:40:00,10937,364.3794,364.4,364.57,364.57,364.29,353
2024-03-21 19:41:00,5391,364.7032,364.57,364.81,364.81,364.57,238
2024-03-21 19:42:00,6999,364.7901,364.81,364.84,364.84,364.76,211
2024-03-21 19:43:00,21369,364.9978,364.87,365.15,365.15,364.85,639
2024-03-21 19:44:00,12114,365.068,365.15,365.09,365.17,365.01,371
2024-03-21 19:45:00,9210,364.9612,365.01,364.86,365.06,364.825,413
2024-03-21 19:46:00,13604,364.8059,364.825,364.8,364.94,364.69,470
2024-03-21 19:47:00,10385,364.8061,364.8,364.795,364.88,364.7,369
2024-03-21 19:48:00,15073,364.7408,364.84,364.68,364.86,364.65,549
2024-03-21 19:49:00,15529,364.3966,364.65,364.485,364.67,364.155,557
2024-03-21 19:50:00,21808,364.493,364.58,364.8,364.8,364.29,668
2024-03-21 19:51:00,16261,364.8946,364.81,365.07,365.07,364.72,572
2024-03-21 19:52:00,11926,364.9582,365.04,365.04,365.1,364.89,472
2024-03-21 19:53:00,12555,365.057,365.12,365.04,365.14,364.96,532
2024-03-21 19:54:00,13177,365.0116,365.01,365.095,365.12,364.91,578
2024-03-21 19:55:00,22522,365.1136,365.15,365.05,365.2,365.0,793
2024-03-21 19:56:00,25037,364.9072,364.99,364.835,365.06,364.7,928
2024-03-21 19:57:00,26742,364.7803,364.77,364.81,364.86,364.67,912
2024-03-21 19:58:00,32625,364.8668,364.78,364.88,364.93,364.78,1173
2024-03-21 19:59:00,59163,364.7215,364.86,364.56,364.93,364.42,1990
2024-03-21 20:00:00,31394,363.5887,364.56,364.56,364.56,364.56,40
2024-03-21 20:08:00,290,365.2161,365.25,365.25,365.25,365.25,7
2024-03-21 20:10:00,441,364.56,364.56,364.56,364.56,364.56,1
2024-03-21 20:12:00,2812,364.56,364.56,364.56,364.56,364.56,1
2024-03-21 20:19:00,502,364.5091,364.5,364.5,364.5,364.5,5
2024-03-21 20:36:00,136,365.0546,365.0,365.0,365.0,365.0,4
2024-03-21 20:37:00,100,365.0,365.0,365.0,365.0,365.0,1
2024-03-21 20:43:00,119,364.938,365.0,365.0,365.0,365.0,3
2024-03-21 20:44:00,102,364.9998,365.0,365.0,365.0,365.0,2
2024-03-21 20:59:00,322,364.9981,365.0,365.0,365.0,365.0,5
2024-03-21 23:24:00,565,364.9996,365.0,365.0,365.0,365.0,8
2024-03-22 11:21:00,445,366.0009,366.0,366.0,366.0,366.0,11
2024-03-22 11:48:00,316,365.0903,365.17,365.03,365.17,365.03,16
2024-03-22 11:49:00,331,364.7144,365.0,365.0,365.0,365.0,13
2024-03-22 12:00:00,411,365.6977,366.0,366.0,366.0,366.0,22
2024-03-22 12:02:00,341,365.4507,365.5,365.5,365.5,365.5,33
2024-03-22 12:06:00,150,364.4583,364.46,364.46,364.46,364.46,3
2024-03-22 12:49:00,200,365.125,365.25,365.0,365.25,365.0,2
2024-03-22 13:01:00,100,364.6,364.6,364.6,364.6,364.6,1
2024-03-22 13:29:00,799,364.1809,364.42,364.02,364.42,364.02,20
2024-03-22 13:30:00,36576,364.5218,364.6,364.93,365.52,364.01,643
2024-03-22 13:31:00,4654,364.9117,364.885,364.91,365.16,364.84,102
2024-03-22 13:32:00,4231,365.0223,365.43,364.68,365.43,364.68,123
2024-03-22 13:33:00,2415,365.0201,364.815,365.175,365.175,364.815,91
2024-03-22 13:34:00,7955,364.8387,365.175,364.62,365.175,364.4,262
2024-03-22 13:35:00,2499,364.6915,364.69,364.72,364.99,364.495,122
2024-03-22 13:36:00,7369,364.7546,365.0,364.54,365.07,364.445,225
2024-03-22 13:37:00,7428,364.1585,364.5,363.7701,364.5,363.7701,270
2024-03-22 13:38:00,3880,364.402,363.946,364.715,364.715,363.946,143
2024-03-22 13:39:00,4183,364.8411,364.84,364.575,365.06,364.575,165
2024-03-22 13:40:00,3509,365.017,364.8425,365.23,365.23,364.8425,155
2024-03-22 13:41:00,5050,365.0806,364.965,365.055,365.25,364.95,196
2024-03-22 13:42:00,2126,364.9114,364.91,364.89,365.0,364.79,87
2024-03-22 13:43:00,5849,364.631,364.89,364.35,364.89,364.345,198
2024-03-22 13:44:00,7271,364.3418,364.15,364.24,364.43,364.15,163
2024-03-22 13:45:00,3460,364.308,364.28,364.17,364.43,364.01,133
2024-03-22 13:46:00,3130,364.383,364.33,364.12,364.58,364.12,131
2024-03-22 13:47:00,1392,364.4796,364.3694,364.53,364.54,364.3694,81
2024-03-22 13:48:00,1198,364.5989,364.6,364.64,364.64,364.45,62
2024-03-22 13:49:00,6250,364.6073,364.57,364.62,364.74,364.48,179
2024-03-22 13:50:00,2186,364.6243,364.678,364.66,364.68,364.57,92
2024-03-22 13:51:00,4817,364.704,364.66,364.585,364.82,364.57,137
2024-03-22 13:52:00,4665,364.8679,364.7175,364.88,365.036,364.705,155
2024-03-22 13:53:00,2617,364.9499,364.9,364.855,365.01,364.855,122
2024-03-22 13:54:00,2276,364.9606,364.95,364.97,364.99,364.94,61
2024-03-22 13:55:00,2319,364.868,364.855,364.91,364.96,364.78,69
2024-03-22 13:56:00,12477,364.9217,365.055,364.91,365.06,364.81,328
2024-03-22 13:57:00,3622,364.7781,364.89,364.6728,364.89,364.6728,151
2024-03-22 13:58:00,2553,364.9115,364.76,364.955,365.0,364.76,127
2024-03-22 13:59:00,3196,364.809,364.98,364.6,365.05,364.6,134
2024-03-22 14:00:00,1889,364.9272,364.78,364.975,365.07,364.78,125
2024-03-22 14:01:00,4140,364.6413,364.855,364.57,364.855,364.48,162
2024-03-22 14:02:00,9041,364.2295,364.45,364.19,364.535,364.06,264
2024-03-22 14:03:00,2868,364.0813,364.215,364.025,364.23,364.025,98
2024-03-22 14:04:00,1539,364.0863,363.94,364.1,364.22,363.94,99
2024-03-22 14:05:00,2801,364.3504,364.115,364.44,364.44,364.115,116
2024-03-22 14:06:00,3222,364.3568,364.39,364.375,364.42,364.3,106
2024-03-22 14:07:00,2756,364.4008,364.39,364.305,364.53,364.305,136
2024-03-22 14:08:00,3332,364.1795,364.45,363.98,364.45,363.905,142
2024-03-22 14:09:00,2083,363.9293,364.0,364.1,364.1,363.84,96
2024-03-22 14:10:00,849,363.9115,363.915,363.915,363.915,363.915,68
2024-03-22 14:11:00,11973,363.4593,363.78,363.285,363.78,363.185,261
2024-03-22 14:12:00,4344,363.5959,363.22,363.66,363.83,363.22,156
2024-03-22 14:13:00,2638,363.6078,363.75,363.37,363.78,363.37,82
2024-03-22 14:14:00,3514,363.6115,363.435,363.635,363.79,363.435,124
2024-03-22 14:15:00,2462,363.546,363.67,363.44,363.67,363.38,91
2024-03-22 14:16:00,3342,363.3415,363.3441,363.28,363.435,363.26,74
2024-03-22 14:17:00,4361,363.1775,363.185,363.25,363.3,363.05,183
2024-03-22 14:18:00,3845,363.3995,363.315,363.315,363.54,363.315,123
2024-03-22 14:19:00,4863,363.3385,363.3792,363.27,363.405,363.25,112
2024-03-22 14:20:00,16671,363.0266,363.16,363.13,363.22,362.9,330
2024-03-22 14:21:00,759,363.0842,363.07,363.01,363.07,363.01,29
2024-03-22 14:22:00,6087,363.039,363.1875,363.28,363.28,362.87,166
2024-03-22 14:23:00,2359,363.114,363.235,362.885,363.235,362.885,77
2024-03-22 14:24:00,1018,362.9622,362.995,362.89,362.995,362.885,50
2024-03-22 14:25:00,3311,362.9407,362.955,363.02,363.02,362.79,99
2024-03-22 14:26:00,2649,362.9119,362.88,362.87,363.0,362.84,82
2024-03-22 14:27:00,6623,362.821,362.915,362.785,362.915,362.635,159
2024-03-22 14:28:00,1219,362.8561,362.82,362.85,362.865,362.82,66
2024-03-22 14:29:00,3980,363.0385,362.88,363.14,363.14,362.88,140
2024-03-22 14:30:00,4022,363.216,363.16,363.21,363.3087,363.09,124
2024-03-22 14:31:00,2435,363.1647,363.2001,363.14,363.231,363.14,94
2024-03-22 14:32:00,2397,363.0851,363.19,363.06,363.19,363.0,89
2024-03-22 14:33:00,4863,363.028,362.945,363.0675,363.1,362.82,134
2024-03-22 14:34:00,2952,363.1174,363.06,363.11,363.22,362.97,69
2024-03-22 14:35:00,2353,363.0677,363.23,363.02,363.23,363.02,86
2024-03-22 14:36:00,2506,362.9868,363.01,362.955,363.105,362.91,77
2024-03-22 14:37:00,2006,362.9429,362.865,362.9381,363.0,362.865,58
2024-03-22 14:38:00,1144,362.9533,362.865,362.95,363.0,362.865,50
2024-03-22 14:39:00,2927,362.8911,362.87,362.8959,362.8959,362.86,71
2024-03-22 14:40:00,4192,362.7918,363.0,362.595,363.0,362.595,160
2024-03-22 14:41:00,4196,362.7906,362.6257,362.95,362.96,362.545,121
2024-03-22 14:42:00,1649,362.8274,362.81,362.825,362.825,362.79,62
2024-03-22 14:43:00,1122,362.6973,362.88,362.56,362.88,362.56,69
2024-03-22 14:44:00,3973,362.3333,362.5,362.28,362.5,362.17,180
2024-03-22 14:45:00,4002,362.2314,362.24,362.15,362.32,362.13,85
2024-03-22 14:46:00,4909,362.0434,362.21,362.115,362.21,361.895,169
2024-03-22 14:47:00,2942,362.2547,362.15,362.225,362.355,362.15,85
2024-03-22 14:48:00,2653,362.3491,362.35,362.49,362.49,362.27,98
2024-03-22 14:49:00,1514,362.3592,362.39,362.38,362.39,362.27,65
2024-03-22 14:50:00,1463,362.343,362.355,362.28,362.4199,362.2301,44
2024-03-22 14:51:00,2161,362.1934,362.26,362.12,362.265,362.1,92
2024-03-22 14:52:00,975,362.2141,362.21,362.21,362.24,362.11,34
2024-03-22 14:53:00,2868,362.1426,362.16,362.1,362.2,362.09,83
2024-03-22 14:54:00,1703,362.0565,362.135,361.98,362.135,361.98,72
2024-03-22 14:55:00,3828,362.0058,361.8601,362.035,362.14,361.845,114
2024-03-22 14:56:00,4093,362.2109,362.12,362.165,362.325,362.035,136
2024-03-22 14:57:00,1077,362.0815,362.2,362.08,362.2,362.08,54
2024-03-22 14:58:00,889,361.938,361.895,361.825,361.895,361.825,50
2024-03-22 14:59:00,4612,361.9245,361.955,361.89,361.99,361.8201,176
2024-03-22 15:00:00,2568,361.9023,361.94,361.87,361.94,361.83,91
2024-03-22 15:01:00,4634,361.8648,361.92,361.83,361.93,361.82,199
2024-03-22 15:02:00,5275,361.9854,361.76,362.01,362.14,361.76,124
2024-03-22 15:03:00,2824,362.1539,362.075,362.15,362.205,362.075,130
2024-03-22 15:04:00,1299,362.1883,362.155,362.145,362.27,362.145,57
2024-03-22 15:05:00,4282,362.3134,362.145,362.41,362.42,362.145,132
2024-03-22 15:06:00,4293,362.3367,362.4,362.31,362.4,362.235,136
2024-03-22 15:07:00,3906,362.3029,362.32,362.19,362.39,362.19,127
2024-03-22 15:08:00,1438,362.1152,362.11,362.11,362.21,362.04,55
2024-03-22 15:09:00,16853,361.9751,362.105,361.975,362.105,361.83,182
2024-03-22 15:10:00,5702,362.0789,361.99,362.095,362.173,361.96,163
2024-03-22 15:11:00,2685,362.1296,362.1,362.1493,362.19,362.045,100
2024-03-22 15:12:00,1763,362.0782,362.05,362.115,362.115,362.02,57
2024-03-22 15:13:00,495,362.0419,362.02,362.01,362.02,362.01,37
2024-03-22 15:14:00,1396,362.0871,362.105,362.09,362.1098,362.01,52
2024-03-22 15:15:00,4475,362.0257,362.1,361.93,362.1,361.92,119
2024-03-22 15:16:00,561,361.9594,361.985,361.93,361.985,361.93,35
2024-03-22 15:17:00,1913,361.9992,361.985,361.93,362.04,361.93,46
2024-03-22 15:18:00,25627,361.9165,361.9708,361.93,361.99,361.805,485
2024-03-22 15:19:00,820,361.8881,361.885,361.87,361.8953,361.87,39
2024-03-22 15:20:00,4996,362.0214,361.93,362.12,362.14,361.89,194
2024-03-22 15:21:00,2902,362.203,362.1,362.28,362.31,362.1,102
2024-03-22 15:22:00,3788,362.2782,362.31,362.27,362.3299,362.195,99
2024-03-22 15:23:00,1441,362.2495,362.2538,362.21,362.29,362.21,56
2024-03-22 15:24:00,2836,362.2902,362.27,362.26,362.33,362.215,98
2024-03-22 15:25:00,710,362.2623,362.245,362.21,362.29,362.21,60
2024-03-22 15:26:00,2992,362.2341,362.215,362.275,362.275,362.1974,110
2024-03-22 15:27:00,1901,362.3401,362.2766,362.3539,362.37,362.275,57
2024-03-22 15:28:00,2400,362.2691,362.33,362.3,362.33,362.17,88
2024-03-22 15:29:00,1623,362.351,362.265,362.38,362.38,362.26,52
2024-03-22 15:30:00,3435,362.4389,362.39,362.51,362.51,362.39,117
2024-03-22 15:31:00,1764,362.4838,362.5372,362.405,362.5372,362.4,56
2024-03-22 15:32:00,3474,362.3816,362.4,362.415,362.47,362.33,104
2024-03-22 15:33:00,3025,362.3046,362.4,362.26,362.4,362.25,76
2024-03-22 15:34:00,1199,362.2194,362.195,362.19,362.21,362.19,55
2024-03-22 15:35:00,783,362.1891,362.17,362.17,362.17,362.17,45
2024-03-22 15:36:00,2536,361.9815,362.05,361.95,362.05,361.89,88
2024-03-22 15:37:00,23256,361.864,361.89,361.9,361.9,361.77,218
2024-03-22 15:38:00,4662,361.7876,361.87,361.735,361.87,361.735,116
2024-03-22 15:39:00,2631,361.6128,361.69,361.46,361.69,361.46,130
2024-03-22 15:40:00,2982,361.5032,361.47,361.5,361.56,361.445,113
2024-03-22 15:41:00,3458,361.425,361.4659,361.42,361.48,361.29,126
2024-03-22 15:42:00,901,361.3993,361.38,361.37,361.38,361.325,51
2024-03-22 15:43:00,4953,361.4698,361.43,361.58,361.58,361.32,216
2024-03-22 15:44:00,1142,361.5017,361.51,361.495,361.51,361.495,59
2024-03-22 15:45:00,2596,361.4342,361.485,361.3474,361.49,361.3474,94
2024-03-22 15:46:00,656,361.4153,361.41,361.41,361.41,361.41,45
2024-03-22 15:47:00,1077,361.3935,361.37,361.37,361.43,361.37,36
2024-03-22 15:48:00,12466,361.386,361.37,361.46,361.53,361.21,289
2024-03-22 15:49:00,3215,361.5575,361.52,361.59,361.62,361.52,101
2024-03-22 15:50:00,4500,361.754,361.57,361.825,361.86,361.57,123
2024-03-22 15:51:00,2996,361.7509,361.83,361.8,361.83,361.64,122
2024-03-22 15:52:00,2752,361.7544,361.8,361.82,361.82,361.69,62
2024-03-22 15:53:00,1546,361.7778,361.69,361.79,361.81,361.69,61
2024-03-22 15:54:00,2318,361.7352,361.81,361.69,361.875,361.68,78
2024-03-22 15:55:00,6971,361.7153,361.768,361.6497,361.805,361.6497,143
2024-03-22 15:56:00,18042,361.5304,361.705,361.685,361.705,361.4223,246
2024-03-22 15:57:00,1127,361.7589,361.81,361.72,361.81,361.705,58
2024-03-22 15:58:00,724,361.7098,361.7,361.725,361.725,361.7,32
2024-03-22 15:59:00,4685,361.6816,361.73,361.6,361.74,361.6,114
2024-03-22 16:00:00,5919,361.5591,361.6,361.38,361.655,361.33,127
2024-03-22 16:01:00,3065,361.4407,361.395,361.485,361.54,361.33,76
2024-03-22 16:02:00,2351,361.5736,361.62,361.525,361.64,361.495,77
2024-03-22 16:03:00,1791,361.4289,361.5,361.42,361.5,361.3,67
2024-03-22 16:04:00,6035,361.1998,361.43,361.01,361.43,361.01,109
2024-03-22 16:05:00,3981,361.1217,361.1088,361.11,361.2,361.015,100
2024-03-22 16:06:00,1506,361.1268,361.14,361.15,361.15,361.06,48
2024-03-22 16:07:00,2008,361.1177,361.16,361.1121,361.16,361.09,87
2024-03-22 16:09:00,2788,361.0923,361.11,361.105,361.1225,361.05,66
2024-03-22 16:10:00,5425,361.1511,361.105,361.21,361.22,361.09,152
2024-03-22 16:11:00,3912,361.1125,361.13,361.115,361.15,361.04,234
2024-03-22 16:12:00,19192,360.972,361.04,360.845,361.115,360.84,308
2024-03-22 16:13:00,1231,360.8148,360.895,360.79,360.895,360.79,77
2024-03-22 16:14:00,3405,360.7673,360.8035,360.73,360.82,360.73,141
2024-03-22 16:15:00,6676,360.7241,360.71,360.69,360.77,360.68,165
2024-03-22 16:16:00,1867,360.7595,360.75,360.77,360.77,360.65,69
2024-03-22 16:17:00,1623,360.7158,360.75,360.75,360.75,360.68,74
2024-03-22 16:18:00,6393,360.7274,360.75,360.67,360.78,360.67,140
2024-03-22 16:19:00,4027,360.7129,360.74,360.67,360.785,360.67,107
2024-03-22 16:20:00,1179,360.7199,360.73,360.73,360.7492,360.6728,46
2024-03-22 16:21:00,1065,360.6791,360.73,360.6617,360.73,360.66,36
2024-03-22 16:22:00,5209,360.7541,360.7,360.71,360.81,360.675,212
2024-03-22 16:23:00,3911,360.7689,360.7026,360.785,360.8,360.7026,57
2024-03-22 16:24:00,7195,360.9579,360.785,361.03,361.13,360.785,198
2024-03-22 16:25:00,1020,361.0232,361.04,361.06,361.09,361.02,40
2024-03-22 16:26:00,6248,360.9268,361.02,360.885,361.03,360.82,143
2024-03-22 16:27:00,3642,360.789,360.85,360.755,360.85,360.68,79
2024-03-22 16:28:00,2482,360.6977,360.7,360.7,360.7,360.64,101
2024-03-22 16:29:00,2766,360.7655,360.65,360.835,360.87,360.64,115
2024-03-22 16:30:00,3582,360.9748,360.99,360.98,361.0,360.905,68
2024-03-22 16:31:00,2572,360.8945,360.9488,360.895,360.9488,360.88,105
2024-03-22 16:32:00,521,360.9151,360.905,360.905,360.905,360.905,54
2024-03-22 16:33:00,1865,360.8436,360.88,360.795,360.88,360.78,61
2024-03-22 16:34:00,4087,360.6408,360.81,360.56,360.81,360.535,145
2024-03-22 16:35:00,990,360.5904,360.56,360.6014,360.6014,360.56,55
2024-03-22 16:36:00,6716,360.4806,360.57,360.47,360.57,360.38,182
2024-03-22 16:37:00,2109,360.5455,360.48,360.52,360.58,360.48,64
2024-03-22 16:38:00,1198,360.6062,360.53,360.595,360.73,360.53,57
2024-03-22 16:39:00,2856,360.6748,360.6158,360.64,360.73,360.59,84
2024-03-22 16:40:00,3705,360.8421,360.77,360.8,360.9,360.77,129
2024-03-22 16:42:00,415,360.7605,360.77,360.77,360.77,360.77,34
2024-03-22 16:43:00,2912,360.7601,360.73,360.785,360.8,360.73,84
2024-03-22 16:44:00,1400,360.7897,360.8,360.79,360.805,360.75,51
2024-03-22 16:45:00,4085,360.9453,360.88,360.935,361.01,360.88,106
2024-03-22 16:46:00,5053,360.9274,361.01,360.94,361.01,360.9,104
2024-03-22 16:47:00,1772,360.8912,360.89,360.9,360.9,360.89,83
2024-03-22 16:48:00,1823,360.9192,360.94,360.93,360.94,360.8664,73
2024-03-22 16:49:00,1703,361.0749,360.99,361.145,361.145,360.99,77
2024-03-22 16:50:00,2414,361.0755,361.07,361.06,361.13,361.025,96
2024-03-22 16:51:00,2526,361.1254,361.0395,361.15,361.22,361.0395,92
2024-03-22 16:52:00,4173,361.194,361.18,361.225,361.23,361.11,123
2024-03-22 16:53:00,4247,361.0157,361.14,360.8,361.17,360.77,169
2024-03-22 16:54:00,2623,360.9458,360.89,360.95,360.98,360.89,63
2024-03-22 16:55:00,1588,360.9763,361.01,360.76,361.01,360.76,56
2024-03-22 16:56:00,1371,360.923,360.905,360.905,360.905,360.905,32
2024-03-22 16:57:00,1524,360.8767,360.83,360.765,360.89,360.765,39
2024-03-22 16:58:00,2090,360.7459,360.76,360.74,360.76,360.74,99
2024-03-22 16:59:00,903,360.754,360.78,360.8,360.8,360.78,58
2024-03-22 17:00:00,692,360.8092,360.825,360.8567,360.8567,360.81,37
2024-03-22 17:01:00,1622,360.7836,360.7765,360.7213,360.805,360.7213,80
2024-03-22 17:02:00,1527,360.7989,360.765,360.77,360.83,360.765,59
2024-03-22 17:03:00,1280,360.7574,360.7975,360.74,360.7975,360.74,53
2024-03-22 17:04:00,2378,360.8092,360.775,360.83,360.83,360.73,73
2024-03-22 17:05:00,2992,360.8661,360.89,360.82,360.95,360.82,116
2024-03-22 17:06:00,1625,360.9274,360.8833,360.93,360.94,360.8833,61
2024-03-22 17:07:00,18692,360.8882,360.83,361.11,361.21,360.695,378
2024-03-22 17:08:00,1671,360.9412,361.01,361.0,361.01,360.8101,74
2024-03-22 17:09:00,2279,360.9816,360.99,360.945,361.01,360.945,78
2024-03-22 17:10:00,1049,360.874,360.88,360.8104,360.89,360.8104,45
2024-03-22 17:11:00,482,360.8809,360.9452,360.87,360.9452,360.87,32
2024-03-22 17:12:00,1611,360.8735,360.865,360.92,360.92,360.7901,64
2024-03-22 17:13:00,1271,360.8623,360.915,360.845,360.915,360.84,52
2024-03-22 17:14:00,904,360.7773,360.715,360.78,360.78,360.71,64
2024-03-22 17:15:00,2290,360.7329,360.78,360.65,360.78,360.65,67
2024-03-22 17:16:00,6549,360.6957,360.715,360.7605,360.7605,360.65,184
2024-03-22 17:17:00,3218,360.6831,360.65,360.76,360.76,360.63,122
2024-03-22 17:18:00,913,360.7653,360.74,360.79,360.79,360.74,39
2024-03-22 17:19:00,3129,360.6867,360.72,360.61,360.76,360.585,107
2024-03-22 17:20:00,615,360.5812,360.5342,360.58,360.58,360.5342,44
2024-03-22 17:21:00,3209,360.5724,360.53,360.63,360.63,360.53,118
2024-03-22 17:22:00,743,360.5719,360.59,360.59,360.59,360.59,45
2024-03-22 17:23:00,1313,360.5868,360.555,360.5939,360.605,360.555,51
2024-03-22 17:24:00,3368,360.5908,360.55,360.685,360.7,360.525,117
2024-03-22 17:25:00,732,360.6733,360.7,360.7,360.7,360.7,25
2024-03-22 17:26:00,937,360.6806,360.67,360.69,360.69,360.67,38
2024-03-22 17:27:00,6111,360.7033,360.6657,360.635,360.78,360.635,193
2024-03-22 17:28:00,1064,360.6545,360.65,360.66,360.67,360.65,34
2024-03-22 17:29:00,3241,360.7022,360.69,360.75,360.75,360.69,160
2024-03-22 17:30:00,3678,360.8024,360.71,360.93,360.96,360.7,178
2024-03-22 17:31:00,1225,360.8874,360.89,360.94,360.94,360.88,70
2024-03-22 17:32:00,401,360.9622,360.97,360.97,360.97,360.97,33
2024-03-22 17:33:00,4062,361.0118,361.03,360.93,361.065,360.93,151
2024-03-22 17:34:00,3903,360.9183,360.98,360.78,360.98,360.78,84
2024-03-22 17:35:00,812,360.827,360.78,360.78,360.78,360.78,56
2024-03-22 17:36:00,821,360.8501,360.76,360.87,360.87,360.76,59
2024-03-22 17:37:00,945,360.9397,360.875,360.98,361.03,360.8566,48
2024-03-22 17:38:00,1620,360.9629,361.015,360.95,361.015,360.95,72
2024-03-22 17:39:00,1189,360.937,360.9692,360.9073,360.9692,360.9073,66
2024-03-22 17:40:00,7483,360.9307,360.9,360.95,361.02,360.86,274
2024-03-22 17:41:00,1924,361.0773,361.04,361.125,361.125,361.01,76
2024-03-22 17:42:00,3545,361.0661,361.125,361.02,361.125,360.97,121
2024-03-22 17:43:00,656,361.0086,361.03,360.96,361.03,360.96,26
2024-03-22 17:44:00,785,361.0661,361.03,361.1,361.1,361.03,45
2024-03-22 17:45:00,3035,361.1944,361.14,361.25,361.25,361.14,135
2024-03-22 17:46:00,2814,361.2258,361.205,361.23,361.27,361.15,61
2024-03-22 17:47:00,6365,361.3512,361.3,361.39,361.405,361.29,135
2024-03-22 17:48:00,3826,361.4131,361.405,361.395,361.46,361.395,80
2024-03-22 17:49:00,1809,361.4111,361.415,361.37,361.51,361.37,64
2024-03-22 17:50:00,1132,361.4112,361.39,361.425,361.45,361.39,49
2024-03-22 17:51:00,2844,361.4467,361.48,361.41,361.51,361.36,95
2024-03-22 17:52:00,2004,361.3789,361.46,361.33,361.46,361.33,64
2024-03-22 17:53:00,1118,361.3964,361.41,361.375,361.425,361.375,40
2024-03-22 17:54:00,4549,361.3104,361.365,361.15,361.41,361.15,141
2024-03-22 17:55:00,2116,361.2417,361.23,361.25,361.3,361.142,70
2024-03-22 17:56:00,1255,361.2402,361.26,361.1415,361.26,361.1415,54
2024-03-22 17:57:00,706,361.2024,361.2799,361.25,361.2799,361.25,40
2024-03-22 17:58:00,3335,361.2377,361.275,361.145,361.3053,361.145,91
2024-03-22 17:59:00,2037,361.0904,361.06,361.11,361.11,361.06,90
2024-03-22 18:00:00,3661,361.1273,361.115,361.12,361.16,361.07,134
2024-03-22 18:01:00,1956,361.0061,361.0,360.95,361.09,360.94,88
2024-03-22 18:02:00,1077,360.9322,360.965,360.92,360.965,360.92,62
2024-03-22 18:03:00,4219,360.9403,360.925,360.8,360.995,360.8,126
2024-03-22 18:04:00,2167,360.7877,360.8,360.66,360.8,360.66,87
2024-03-22 18:05:00,3809,360.8138,360.72,360.835,360.835,360.72,120
2024-03-22 18:06:00,4730,360.7932,360.77,360.76,360.845,360.76,145
2024-03-22 18:07:00,3295,360.7285,360.75,360.72,360.75,360.71,95
2024-03-22 18:08:00,940,360.7563,360.765,360.76,360.765,360.76,48
2024-03-22 18:09:00,3444,360.8191,360.785,360.84,360.86,360.76,168
2024-03-22 18:10:00,2966,360.9766,360.94,360.98,360.99,360.94,90
2024-03-22 18:11:00,2911,361.0167,361.0,361.08,361.08,361.0,57
2024-03-22 18:12:00,2209,361.0661,361.07,361.04,361.12,361.04,78
2024-03-22 18:13:00,3857,361.0259,361.04,360.93,361.103,360.93,85
2024-03-22 18:14:00,2624,360.9063,360.94,360.79,360.94,360.79,79
2024-03-22 18:15:00,1994,360.7844,360.85,360.71,360.85,360.71,83
2024-03-22 18:16:00,1737,360.671,360.64,360.73,360.73,360.62,65
2024-03-22 18:17:00,754,360.743,360.7148,360.74,360.76,360.7148,49
2024-03-22 18:18:00,1763,360.7623,360.83,360.76,360.83,360.72,72
2024-03-22 18:19:00,5360,360.9729,360.78,361.08,361.09,360.75,236
2024-03-22 18:20:00,5540,360.9958,361.075,360.945,361.09,360.93,172
2024-03-22 18:21:00,2069,360.9315,360.93,360.94,360.975,360.9,73
2024-03-22 18:22:00,4521,360.9586,360.98,360.87,361.05,360.855,179
2024-03-22 18:23:00,2791,361.0249,360.88,360.97,361.08,360.88,99
2024-03-22 18:24:00,1390,361.0443,360.93,361.105,361.105,360.93,70
2024-03-22 18:25:00,5355,361.1894,361.09,361.3,361.3,361.01,135
2024-03-22 18:26:00,3268,361.2589,361.28,361.22,361.31,361.22,127
2024-03-22 18:27:00,8379,361.2222,361.21,361.236,361.2875,361.195,176
2024-03-22 18:28:00,4153,361.2748,361.17,361.34,361.36,361.17,148
2024-03-22 18:29:00,1032,361.3378,361.335,361.35,361.35,361.335,55
2024-03-22 18:30:00,2267,361.3119,361.33,361.31,361.33,361.28,103
2024-03-22 18:31:00,3021,361.2847,361.3,361.37,361.37,361.215,95
2024-03-22 18:32:00,4021,361.3267,361.32,361.35,361.35,361.28,125
2024-03-22 18:33:00,3828,361.2387,361.35,361.17,361.36,361.14,117
2024-03-22 18:34:00,909,361.1974,361.21,361.205,361.22,361.205,44
2024-03-22 18:35:00,5032,361.1258,361.175,361.09,361.2,361.01,123
2024-03-22 18:36:00,3948,361.0391,361.09,361.03,361.09,360.975,74
2024-03-22 18:37:00,3134,361.0009,361.035,360.93,361.035,360.93,91
2024-03-22 18:38:00,2746,360.9405,361.005,360.915,361.005,360.89,88
2024-03-22 18:39:00,927,360.8838,360.89,360.86,360.89,360.8321,24
2024-03-22 18:40:00,2483,360.7842,360.82,360.7,360.82,360.7,124
2024-03-22 18:41:00,1414,360.717,360.7,360.75,360.75,360.685,72
2024-03-22 18:42:00,4268,360.7182,360.69,360.71,360.74,360.685,97
2024-03-22 18:43:00,3933,360.6516,360.67,360.69,360.7,360.59,146
2024-03-22 18:44:00,553,360.6997,360.6632,360.6632,360.6632,360.6632,55
2024-03-22 18:45:00,3070,360.7203,360.77,360.66,360.79,360.66,122
2024-03-22 18:47:00,2074,360.5767,360.65,360.56,360.65,360.51,101
2024-03-22 18:48:00,6907,360.5123,360.51,360.495,360.555,360.49,172
2024-03-22 18:49:00,3643,360.5984,360.53,360.62,360.68,360.485,141
2024-03-22 18:50:00,564,360.5946,360.62,360.615,360.62,360.615,28
2024-03-22 18:51:00,2112,360.5972,360.61,360.57,360.64,360.57,73
2024-03-22 18:52:00,2113,360.5362,360.515,360.55,360.55,360.515,83
2024-03-22 18:53:00,6636,360.5293,360.515,360.53,360.58,360.46,163
2024-03-22 18:54:00,4276,360.4241,360.53,360.21,360.53,360.21,144
2024-03-22 18:55:00,1086,360.2961,360.3,360.255,360.3,360.24,40
2024-03-22 18:56:00,3422,360.5194,360.4,360.625,360.625,360.4,134
2024-03-22 18:57:00,738,360.5853,360.61,360.6,360.61,360.6,40
2024-03-22 18:58:00,2258,360.5617,360.595,360.59,360.61,360.525,102
2024-03-22 18:59:00,1483,360.5718,360.57,360.58,360.645,360.526,49
2024-03-22 19:00:00,2263,360.6552,360.555,360.68,360.69,360.555,109
2024-03-22 19:01:00,3602,360.7032,360.7299,360.7,360.73,360.695,108
2024-03-22 19:02:00,2768,360.732,360.7,360.74,360.8,360.7,118
2024-03-22 19:03:00,797,360.7224,360.73,360.68,360.735,360.68,53
2024-03-22 19:04:00,3190,360.7143,360.68,360.65,360.77,360.65,100
2024-03-22 19:05:00,4613,360.6906,360.65,360.75,360.75,360.65,77
2024-03-22 19:06:00,4995,360.6743,360.72,360.6441,360.75,360.6441,108
2024-03-22 19:07:00,5133,360.627,360.69,360.52,360.7,360.52,163
2024-03-22 19:08:00,2950,360.6292,360.55,360.67,360.6841,360.53,86
2024-03-22 19:09:00,1640,360.6313,360.655,360.61,360.66,360.61,73
2024-03-22 19:10:00,2164,360.5642,360.605,360.48,360.61,360.47,104
2024-03-22 19:11:00,1393,360.386,360.4,360.34,360.4,360.34,71
2024-03-22 19:12:00,22476,359.9828,360.25,359.96,360.27,359.74,456
2024-03-22 19:13:00,2295,359.8102,359.94,359.67,359.94,359.6524,112
2024-03-22 19:14:00,6238,359.6383,359.69,359.54,359.7987,359.54,220
2024-03-22 19:15:00,2529,359.6508,359.6,359.595,359.665,359.595,104
2024-03-22 19:16:00,5837,359.4374,359.455,359.426,359.455,359.37,228
2024-03-22 19:17:00,3857,359.338,359.385,359.3402,359.42,359.26,129
2024-03-22 19:18:00,3010,359.4879,359.38,359.5788,359.5788,359.38,117
2024-03-22 19:19:00,4245,359.548,359.505,359.41,359.63,359.41,127
2024-03-22 19:20:00,3071,359.404,359.43,359.31,359.43,359.31,107
2024-03-22 19:21:00,3896,359.2831,359.245,359.25,359.365,359.19,151
2024-03-22 19:22:00,11326,359.5826,359.34,359.72,359.73,359.32,355
2024-03-22 19:23:00,3095,359.6969,359.74,359.68,359.76,359.63,106
2024-03-22 19:24:00,3251,359.7932,359.765,359.76,359.83,359.76,97
2024-03-22 19:25:00,9468,359.9146,359.84,359.76,360.0,359.75,246
2024-03-22 19:26:00,4704,359.7732,359.79,359.74,359.84,359.73,145
2024-03-22 19:27:00,6532,359.7732,359.77,359.76,359.82,359.725,168
2024-03-22 19:28:00,5505,359.7689,359.795,359.73,359.81,359.725,156
2024-03-22 19:29:00,6461,359.7731,359.76,359.74,359.81,359.7293,157
2024-03-22 19:30:00,16549,359.8063,359.72,359.77,359.87,359.72,404
2024-03-22 19:31:00,3877,359.6841,359.72,359.65,359.72,359.63,136
2024-03-22 19:32:00,2159,359.6372,359.65,359.68,359.68,359.555,106
2024-03-22 19:33:00,2492,359.6464,359.65,359.615,359.685,359.615,119
2024-03-22 19:34:00,6860,359.5797,359.62,359.47,359.64,359.47,276
2024-03-22 19:35:00,4553,359.5109,359.54,359.47,359.55,359.465,203
2024-03-22 19:36:00,10700,359.3314,359.47,359.17,359.47,359.15,291
2024-03-22 19:37:00,17362,359.1375,359.155,359.23,359.29,359.06,489
2024-03-22 19:38:00,4164,359.1143,359.17,359.04,359.175,359.02,199
2024-03-22 19:39:00,4841,359.0877,359.06,359.04,359.1075,359.03,152
2024-03-22 19:40:00,7883,359.0271,359.08,359.0,359.08,358.98,299
2024-03-22 19:41:00,11095,359.083,359.01,359.15,359.15,359.01,304
2024-03-22 19:42:00,5533,359.014,359.14,358.825,359.15,358.825,246
2024-03-22 19:43:00,4125,358.912,358.88,358.9,358.935,358.86,180
2024-03-22 19:44:00,9565,358.9001,358.93,358.85,358.95,358.83,405
2024-03-22 19:45:00,11345,358.7447,358.87,358.64,358.89,358.595,350
2024-03-22 19:46:00,15250,358.7371,358.635,358.8375,358.87,358.635,296
2024-03-22 19:47:00,11264,358.7708,358.85,358.57,358.87,358.57,367
2024-03-22 19:48:00,14577,358.6459,358.59,358.77,358.81,358.51,413
2024-03-22 19:49:00,12393,358.7634,358.8,358.71,358.81,358.71,312
2024-03-22 19:50:00,18203,358.9843,358.72,359.16,359.27,358.71,529
2024-03-22 19:51:00,8785,359.0739,359.24,358.85,359.24,358.845,322
2024-03-22 19:52:00,8313,358.8459,358.84,358.78,358.95,358.72,372
2024-03-22 19:53:00,10149,358.7431,358.84,358.73,358.8425,358.68,368
2024-03-22 19:54:00,15276,358.7292,358.73,358.71,358.82,358.605,445
2024-03-22 19:55:00,13090,358.6722,358.8,358.55,358.82,358.55,477
2024-03-22 19:56:00,19011,358.479,358.525,358.34,358.59,358.31,575
2024-03-22 19:57:00,13444,358.3714,358.29,358.4,358.44,358.27,405
2024-03-22 19:58:00,15479,358.43,358.375,358.44,358.475,358.365,500
2024-03-22 19:59:00,65178,358.0614,358.42,358.05,358.44,357.86,1368
2024-03-22 20:00:00,9401,358.11,358.11,358.11,358.11,358.11,30
2024-03-22 20:02:00,5432,358.1101,358.11,358.11,358.11,358.11,5
2024-03-22 20:06:00,2164,358.1109,358.11,358.11,358.11,358.11,3
2024-03-22 20:22:00,201,356.01,356.0,356.0,356.0,356.0,2
2024-03-22 22:00:00,103,358.3797,358.38,358.38,358.38,358.38,2
2024-03-22 23:00:00,100,358.34,358.34,358.34,358.34,358.34,1
2024-03-22 23:22:00,100,357.51,357.51,357.51,357.51,357.51,1
