t,v,vw,o,c,h,l,n
2023-07-12 13:30:00,17641,8.5295,8.53,8.5,8.53,8.485,14
2023-07-12 13:31:00,531,8.5012,8.5,8.49,8.5,8.49,11
2023-07-12 13:32:00,6810,8.4954,8.5,8.485,8.5,8.485,68
2023-07-12 13:33:00,1175,8.4953,8.49,8.505,8.505,8.49,23
2023-07-12 13:34:00,1986,8.5055,8.51,8.5,8.51,8.5,43
2023-07-12 13:35:00,4553,8.506,8.51,8.5,8.51,8.5,60
2023-07-12 13:36:00,1300,8.4949,8.495,8.49,8.495,8.49,36
2023-07-12 13:37:00,5406,8.4795,8.49,8.47,8.495,8.47,66
2023-07-12 13:38:00,1796,8.4617,8.465,8.455,8.47,8.455,31
2023-07-12 13:39:00,4332,8.4565,8.46,8.46,8.46,8.445,55
2023-07-12 13:40:00,5479,8.44,8.45,8.425,8.45,8.425,76
2023-07-12 13:41:00,2838,8.4214,8.43,8.425,8.43,8.42,40
2023-07-12 13:42:00,431,8.4229,8.425,8.425,8.425,8.42,20
2023-07-12 13:43:00,158,8.4246,8.425,8.425,8.425,8.425,15
2023-07-12 13:44:00,8066,8.4232,8.43,8.41,8.435,8.41,102
2023-07-12 13:45:00,4330,8.4132,8.415,8.42,8.42,8.405,57
2023-07-12 13:46:00,3786,8.4116,8.42,8.41,8.42,8.405,50
2023-07-12 13:47:00,3833,8.41,8.41,8.415,8.42,8.405,38
2023-07-12 13:48:00,7022,8.4241,8.415,8.415,8.43,8.415,87
2023-07-12 13:49:00,1313,8.4081,8.41,8.405,8.41,8.405,25
2023-07-12 13:50:00,3326,8.4104,8.41,8.41,8.42,8.405,38
2023-07-12 13:51:00,13901,8.4193,8.41,8.42,8.42,8.41,141
2023-07-12 13:52:00,2993,8.4185,8.43,8.41,8.43,8.41,37
2023-07-12 13:53:00,3382,8.4134,8.405,8.42,8.425,8.405,48
2023-07-12 13:54:00,980,8.4125,8.42,8.41,8.42,8.41,9
2023-07-12 13:55:00,2234,8.4096,8.41,8.41,8.41,8.41,36
2023-07-12 13:56:00,2953,8.4204,8.42,8.43,8.43,8.42,36
2023-07-12 13:58:00,20236,8.4202,8.4206,8.42,8.421,8.42,57
2023-07-12 13:59:00,15927,8.4014,8.41,8.4,8.41,8.4,76
2023-07-12 14:00:00,16516,8.4004,8.395,8.39,8.41,8.39,53
2023-07-12 14:01:00,7558,8.3799,8.39,8.385,8.39,8.375,63
2023-07-12 14:02:00,577,8.3841,8.38,8.38,8.385,8.38,11
2023-07-12 14:03:00,1945,8.3784,8.38,8.375,8.38,8.375,32
2023-07-12 14:04:00,1619,8.3694,8.375,8.365,8.375,8.365,26
2023-07-12 14:05:00,3646,8.3704,8.37,8.375,8.375,8.37,47
2023-07-12 14:06:00,1265,8.3626,8.36,8.355,8.36,8.355,20
2023-07-12 14:08:00,3356,8.3504,8.35,8.36,8.36,8.34,61
2023-07-12 14:09:00,663,8.3605,8.36,8.36,8.36,8.36,12
2023-07-12 14:10:00,337,8.3649,8.36,8.365,8.37,8.36,8
2023-07-12 14:11:00,1533,8.3665,8.37,8.375,8.375,8.37,25
2023-07-12 14:12:00,2194,8.3796,8.38,8.375,8.385,8.375,31
2023-07-12 14:13:00,1743,8.3792,8.375,8.38,8.38,8.375,19
2023-07-12 14:14:00,3730,8.3816,8.39,8.375,8.39,8.375,40
2023-07-12 14:15:00,10715,8.3791,8.38,8.37,8.39,8.37,99
2023-07-12 14:16:00,2545,8.3675,8.37,8.365,8.37,8.36,49
2023-07-12 14:17:00,721,8.3645,8.365,8.37,8.37,8.36,22
2023-07-12 14:18:00,6444,8.3695,8.37,8.36,8.38,8.36,65
2023-07-12 14:19:00,2584,8.3529,8.36,8.35,8.36,8.35,71
2023-07-12 14:20:00,930,8.346,8.35,8.345,8.35,8.34,18
2023-07-12 14:21:00,2160,8.3505,8.35,8.355,8.355,8.35,31
2023-07-12 14:22:00,331,8.3565,8.355,8.36,8.36,8.355,10
2023-07-12 14:23:00,3410,8.352,8.355,8.35,8.36,8.35,44
2023-07-12 14:24:00,1309,8.3407,8.345,8.34,8.345,8.34,25
2023-07-12 14:25:00,6716,8.334,8.34,8.33,8.34,8.325,101
2023-07-12 14:27:00,464,8.3332,8.33,8.335,8.335,8.33,11
2023-07-12 14:28:00,3635,8.3358,8.34,8.33,8.34,8.33,48
2023-07-12 14:29:00,834,8.3347,8.335,8.335,8.34,8.335,20
2023-07-12 14:30:00,1240,8.3332,8.335,8.335,8.335,8.33,25
2023-07-12 14:31:00,9465,8.3452,8.34,8.35,8.355,8.33,110
2023-07-12 14:32:00,4585,8.3516,8.35,8.355,8.36,8.35,41
2023-07-12 14:33:00,218,8.351,8.355,8.355,8.355,8.355,4
2023-07-12 14:34:00,3126,8.353,8.35,8.355,8.36,8.35,45
2023-07-12 14:35:00,4920,8.3607,8.36,8.37,8.37,8.36,40
2023-07-12 14:36:00,2765,8.3632,8.37,8.36,8.37,8.36,37
2023-07-12 14:37:00,2441,8.3598,8.355,8.36,8.36,8.355,36
2023-07-12 14:38:00,3376,8.3557,8.36,8.355,8.36,8.35,27
2023-07-12 14:40:00,2940,8.351,8.36,8.35,8.36,8.35,35
2023-07-12 14:41:00,1798,8.3499,8.35,8.35,8.35,8.345,27
2023-07-12 14:42:00,4924,8.3495,8.345,8.355,8.355,8.3401,49
2023-07-12 14:43:00,955,8.3528,8.355,8.35,8.355,8.35,13
2023-07-12 14:44:00,524,8.3505,8.35,8.35,8.35,8.35,6
2023-07-12 14:45:00,4467,8.3443,8.35,8.34,8.35,8.34,41
2023-07-12 14:46:00,1805,8.3465,8.345,8.35,8.35,8.345,18
2023-07-12 14:47:00,5777,8.3515,8.35,8.355,8.355,8.35,57
2023-07-12 14:48:00,988,8.3501,8.35,8.35,8.35,8.35,18
2023-07-12 14:49:00,3086,8.3607,8.36,8.365,8.365,8.36,36
2023-07-12 14:50:00,5179,8.3608,8.365,8.365,8.365,8.36,57
2023-07-12 14:51:00,1611,8.3557,8.36,8.35,8.36,8.35,19
2023-07-12 14:52:00,367,8.3599,8.36,8.36,8.36,8.36,5
2023-07-12 14:53:00,26954,8.355,8.355,8.355,8.355,8.355,5
2023-07-12 14:54:00,3875,8.36,8.36,8.36,8.36,8.36,39
2023-07-12 14:55:00,20538,8.3742,8.37,8.375,8.375,8.37,62
2023-07-12 14:56:00,4721,8.375,8.37,8.375,8.38,8.37,17
2023-07-12 14:57:00,2312,8.3734,8.375,8.37,8.375,8.37,17
2023-07-12 14:58:00,463,8.3737,8.375,8.375,8.375,8.375,14
2023-07-12 14:59:00,1075,8.3727,8.3705,8.375,8.375,8.37,24
2023-07-12 15:00:00,6673,8.3754,8.375,8.375,8.38,8.375,25
2023-07-12 15:01:00,16263,8.392,8.38,8.4,8.4,8.38,138
2023-07-12 15:02:00,625,8.4029,8.405,8.41,8.41,8.405,9
2023-07-12 15:03:00,108,8.405,8.405,8.405,8.405,8.405,5
2023-07-12 15:04:00,386,8.4043,8.405,8.405,8.405,8.405,10
2023-07-12 15:05:00,13789,8.4191,8.41,8.44,8.44,8.41,75
2023-07-12 15:06:00,9889,8.4307,8.44,8.425,8.44,8.42,85
2023-07-12 15:07:00,314,8.425,8.425,8.425,8.425,8.425,3
2023-07-12 15:08:00,148,8.425,8.425,8.425,8.425,8.425,3
2023-07-12 15:09:00,1109,8.4253,8.425,8.425,8.425,8.425,17
2023-07-12 15:10:00,13289,8.4199,8.42,8.42,8.425,8.415,127
2023-07-12 15:11:00,2165,8.4193,8.425,8.415,8.425,8.415,20
2023-07-12 15:13:00,1067,8.4152,8.415,8.415,8.415,8.415,9
2023-07-12 15:14:00,1478,8.4125,8.415,8.415,8.415,8.41,12
2023-07-12 15:15:00,2821,8.4103,8.41,8.41,8.41,8.41,27
2023-07-12 15:16:00,222,8.4054,8.405,8.405,8.405,8.405,3
2023-07-12 15:17:00,2189,8.4052,8.405,8.405,8.41,8.405,15
2023-07-12 15:18:00,869,8.4039,8.405,8.405,8.405,8.405,13
2023-07-12 15:20:00,151,8.4013,8.4,8.4,8.4,8.4,5
2023-07-12 15:21:00,2190,8.403,8.4,8.405,8.405,8.4,25
2023-07-12 15:22:00,3140,8.405,8.405,8.405,8.405,8.405,20
2023-07-12 15:23:00,336,8.4052,8.405,8.405,8.405,8.405,6
2023-07-12 15:24:00,565,8.4059,8.41,8.405,8.41,8.405,6
2023-07-12 15:25:00,2651,8.4059,8.405,8.41,8.41,8.405,26
2023-07-12 15:26:00,2425,8.405,8.405,8.405,8.405,8.405,13
2023-07-12 15:27:00,2262,8.4052,8.405,8.405,8.41,8.405,19
2023-07-12 15:28:00,600,8.405,8.405,8.405,8.405,8.405,4
2023-07-12 15:30:00,15767,8.4081,8.405,8.405,8.41,8.405,109
2023-07-12 15:31:00,1514,8.4046,8.405,8.405,8.405,8.405,15
2023-07-12 15:32:00,47193,8.4017,8.4,8.405,8.41,8.4,141
2023-07-12 15:33:00,7239,8.4075,8.405,8.405,8.41,8.405,33
2023-07-12 15:34:00,23826,8.4087,8.405,8.405,8.41,8.405,130
2023-07-12 15:35:00,9204,8.4195,8.42,8.42,8.425,8.415,76
2023-07-12 15:39:00,4662,8.4149,8.415,8.415,8.415,8.415,23
2023-07-12 15:40:00,3471,8.4093,8.41,8.405,8.41,8.405,41
2023-07-12 15:41:00,4070,8.3991,8.4,8.395,8.4,8.39,38
2023-07-12 15:42:00,4132,8.3998,8.395,8.4,8.4,8.395,40
2023-07-12 15:43:00,6213,8.392,8.4,8.39,8.4,8.39,66
2023-07-12 15:45:00,198,8.388,8.385,8.385,8.385,8.385,9
2023-07-12 15:46:00,160,8.3869,8.385,8.385,8.385,8.385,6
2023-07-12 15:47:00,1651,8.385,8.385,8.385,8.385,8.385,13
2023-07-12 15:48:00,6204,8.3899,8.385,8.39,8.39,8.385,37
2023-07-12 15:49:00,1477,8.399,8.395,8.4,8.4,8.395,17
2023-07-12 15:50:00,1761,8.4123,8.41,8.415,8.42,8.41,24
2023-07-12 15:51:00,4875,8.409,8.41,8.405,8.41,8.405,50
2023-07-12 15:52:00,340,8.4053,8.405,8.405,8.405,8.405,7
2023-07-12 15:53:00,1040,8.4061,8.405,8.405,8.405,8.405,9
2023-07-12 15:54:00,175,8.4084,8.41,8.41,8.41,8.41,8
2023-07-12 15:55:00,263,8.405,8.405,8.405,8.405,8.405,10
2023-07-12 15:56:00,3031,8.3994,8.4,8.39,8.4,8.39,37
2023-07-12 15:57:00,3495,8.3982,8.395,8.4,8.4,8.395,43
2023-07-12 15:58:00,2818,8.4,8.4,8.4,8.4,8.4,28
2023-07-12 15:59:00,428,8.3957,8.395,8.4,8.4,8.395,14
2023-07-12 16:00:00,351,8.3979,8.4,8.395,8.4,8.395,9
2023-07-12 16:01:00,2967,8.4008,8.4,8.405,8.405,8.4,33
2023-07-12 16:02:00,997,8.3995,8.4,8.4,8.4,8.4,29
2023-07-12 16:03:00,445,8.3922,8.39,8.39,8.39,8.39,10
2023-07-12 16:04:00,123,8.3941,8.395,8.395,8.395,8.395,4
2023-07-12 16:05:00,915,8.3965,8.395,8.395,8.4,8.395,22
2023-07-12 16:06:00,244,8.395,8.395,8.395,8.395,8.395,10
2023-07-12 16:07:00,783,8.394,8.395,8.395,8.4,8.39,15
2023-07-12 16:08:00,2655,8.3899,8.39,8.39,8.39,8.39,36
2023-07-12 16:09:00,925,8.3798,8.38,8.38,8.38,8.38,25
2023-07-12 16:10:00,190,8.3764,8.375,8.375,8.375,8.375,12
2023-07-12 16:11:00,12070,8.3827,8.38,8.385,8.385,8.38,51
2023-07-12 16:12:00,804,8.38,8.38,8.38,8.38,8.38,7
2023-07-12 16:13:00,1913,8.385,8.385,8.385,8.385,8.385,10
2023-07-12 16:14:00,6604,8.3851,8.39,8.385,8.39,8.385,8
2023-07-12 16:15:00,5333,8.3904,8.39,8.39,8.395,8.39,56
2023-07-12 16:16:00,4183,8.3774,8.38,8.375,8.38,8.375,31
2023-07-12 16:17:00,2631,8.38,8.375,8.385,8.385,8.375,20
2023-07-12 16:18:00,3071,8.381,8.385,8.38,8.385,8.38,41
2023-07-12 16:19:00,207,8.37,8.37,8.37,8.37,8.37,7
2023-07-12 16:20:00,390,8.3767,8.375,8.375,8.375,8.375,17
2023-07-12 16:21:00,1416,8.3796,8.38,8.38,8.38,8.38,27
2023-07-12 16:22:00,1986,8.3807,8.38,8.385,8.385,8.38,21
2023-07-12 16:25:00,556,8.3874,8.385,8.39,8.39,8.385,15
2023-07-12 16:26:00,682,8.3865,8.385,8.39,8.39,8.385,15
2023-07-12 16:27:00,12253,8.3773,8.385,8.375,8.385,8.375,66
2023-07-12 16:28:00,560,8.3754,8.375,8.375,8.375,8.375,10
2023-07-12 16:29:00,379,8.3709,8.37,8.37,8.37,8.37,10
2023-07-12 16:30:00,8621,8.3795,8.38,8.385,8.385,8.375,64
2023-07-12 16:31:00,3095,8.3789,8.38,8.375,8.38,8.375,38
2023-07-12 16:32:00,676,8.3784,8.38,8.375,8.38,8.375,11
2023-07-12 16:33:00,260,8.375,8.375,8.375,8.375,8.375,8
2023-07-12 16:34:00,507,8.37,8.37,8.37,8.37,8.37,8
2023-07-12 16:35:00,3084,8.3735,8.372,8.375,8.375,8.372,21
2023-07-12 16:36:00,270,8.3769,8.375,8.38,8.38,8.375,9
2023-07-12 16:38:00,2755,8.3701,8.37,8.37,8.37,8.37,30
2023-07-12 16:39:00,1928,8.3655,8.37,8.365,8.37,8.36,27
2023-07-12 16:40:00,1152,8.365,8.365,8.365,8.365,8.365,14
2023-07-12 16:41:00,1832,8.3657,8.365,8.365,8.37,8.365,17
2023-07-12 16:42:00,1050,8.3665,8.365,8.37,8.37,8.365,15
2023-07-12 16:43:00,2416,8.3654,8.37,8.365,8.37,8.365,18
2023-07-12 16:44:00,1286,8.3667,8.365,8.365,8.37,8.365,23
2023-07-12 16:45:00,397,8.3641,8.365,8.365,8.365,8.365,9
2023-07-12 16:46:00,568,8.3641,8.365,8.365,8.365,8.36,9
2023-07-12 16:47:00,371,8.364,8.36,8.36,8.36,8.36,10
2023-07-12 16:48:00,3308,8.3591,8.36,8.35,8.365,8.35,46
2023-07-12 16:49:00,3742,8.3484,8.35,8.345,8.35,8.345,29
2023-07-12 16:50:00,970,8.3478,8.35,8.34,8.35,8.34,18
2023-07-12 16:51:00,11272,8.3486,8.345,8.36,8.36,8.345,51
2023-07-12 16:52:00,5913,8.3592,8.36,8.36,8.36,8.355,33
2023-07-12 16:55:00,3177,8.3593,8.36,8.355,8.36,8.355,42
2023-07-12 16:56:00,625,8.3504,8.35,8.35,8.35,8.35,3
2023-07-12 16:59:00,842,8.3503,8.35,8.35,8.35,8.35,9
2023-07-12 17:00:00,203,8.3502,8.35,8.35,8.35,8.35,4
2023-07-12 17:01:00,150,8.3567,8.36,8.36,8.36,8.36,3
2023-07-12 17:03:00,2053,8.3466,8.35,8.34,8.35,8.34,30
2023-07-12 17:04:00,114,8.3406,8.34,8.34,8.34,8.34,3
2023-07-12 17:05:00,516,8.3451,8.345,8.345,8.345,8.345,10
2023-07-12 17:06:00,14293,8.3388,8.345,8.335,8.345,8.335,88
2023-07-12 17:07:00,1303,8.3358,8.335,8.335,8.34,8.335,6
2023-07-12 17:08:00,1528,8.3357,8.34,8.335,8.34,8.335,7
2023-07-12 17:09:00,1400,8.3364,8.335,8.34,8.34,8.335,6
2023-07-12 17:10:00,317,8.3397,8.34,8.34,8.34,8.34,5
2023-07-12 17:11:00,600,8.3366,8.335,8.335,8.335,8.335,4
2023-07-12 17:12:00,7031,8.3396,8.335,8.345,8.35,8.335,37
2023-07-12 17:13:00,2917,8.3467,8.35,8.345,8.35,8.345,20
2023-07-12 17:14:00,522,8.3449,8.345,8.345,8.345,8.345,5
2023-07-12 17:16:00,236,8.3471,8.345,8.35,8.35,8.345,4
2023-07-12 17:17:00,271,8.3468,8.345,8.35,8.35,8.345,3
2023-07-12 17:18:00,201,8.345,8.345,8.345,8.345,8.345,3
2023-07-12 17:19:00,5154,8.3492,8.35,8.355,8.355,8.345,39
2023-07-12 17:20:00,1751,8.3517,8.355,8.355,8.355,8.35,17
2023-07-12 17:21:00,8047,8.3482,8.35,8.345,8.35,8.345,65
2023-07-12 17:22:00,815,8.3451,8.345,8.345,8.345,8.345,9
2023-07-12 17:23:00,573,8.3452,8.345,8.345,8.345,8.345,9
2023-07-12 17:24:00,519,8.345,8.345,8.345,8.345,8.345,7
2023-07-12 17:25:00,1058,8.3423,8.34,8.345,8.345,8.34,19
2023-07-12 17:26:00,785,8.3437,8.345,8.345,8.345,8.34,10
2023-07-12 17:27:00,715,8.346,8.345,8.345,8.35,8.345,11
2023-07-12 17:28:00,200,8.345,8.345,8.345,8.345,8.345,2
2023-07-12 17:29:00,333,8.3405,8.34,8.34,8.34,8.34,4
2023-07-12 17:30:00,845,8.3427,8.34,8.34,8.345,8.34,11
2023-07-12 17:31:00,7969,8.3398,8.34,8.335,8.345,8.335,70
2023-07-12 17:32:00,617,8.3356,8.335,8.335,8.335,8.335,12
2023-07-12 17:33:00,257,8.3344,8.335,8.335,8.335,8.335,8
2023-07-12 17:34:00,8262,8.34,8.34,8.35,8.35,8.335,56
2023-07-12 17:35:00,3622,8.3499,8.345,8.355,8.355,8.345,32
2023-07-12 17:36:00,1030,8.3535,8.355,8.35,8.355,8.35,19
2023-07-12 17:38:00,165,8.3507,8.35,8.35,8.35,8.35,9
2023-07-12 17:39:00,724,8.3534,8.355,8.355,8.355,8.355,17
2023-07-12 17:40:00,360,8.3542,8.355,8.355,8.355,8.355,10
2023-07-12 17:42:00,1426,8.3539,8.35,8.355,8.355,8.35,20
2023-07-12 17:43:00,4877,8.35,8.355,8.35,8.355,8.345,68
2023-07-12 17:44:00,468,8.3556,8.355,8.36,8.36,8.355,12
2023-07-12 17:45:00,131,8.355,8.355,8.355,8.355,8.355,7
2023-07-12 17:46:00,1440,8.3589,8.355,8.36,8.36,8.355,21
2023-07-12 17:47:00,618,8.3558,8.355,8.355,8.36,8.355,15
2023-07-12 17:48:00,519,8.3531,8.355,8.355,8.355,8.35,16
2023-07-12 17:49:00,367,8.3541,8.355,8.35,8.355,8.35,15
2023-07-12 17:50:00,1232,8.3535,8.355,8.355,8.355,8.355,22
2023-07-12 17:51:00,464,8.3501,8.35,8.35,8.35,8.35,12
2023-07-12 17:52:00,3056,8.349,8.35,8.345,8.35,8.345,48
2023-07-12 17:53:00,559,8.3481,8.345,8.35,8.35,8.345,15
2023-07-12 17:54:00,493,8.3441,8.345,8.345,8.345,8.34,12
2023-07-12 17:55:00,559,8.3435,8.3425,8.34,8.35,8.34,13
2023-07-12 17:56:00,573,8.3459,8.35,8.345,8.35,8.34,10
2023-07-12 17:57:00,1537,8.3433,8.345,8.34,8.345,8.34,29
2023-07-12 17:58:00,2919,8.3402,8.34,8.34,8.345,8.34,37
2023-07-12 17:59:00,3157,8.3362,8.34,8.33,8.34,8.33,39
2023-07-12 18:00:00,512,8.3356,8.335,8.335,8.335,8.335,15
2023-07-12 18:01:00,400,8.3338,8.335,8.335,8.335,8.335,3
2023-07-12 18:02:00,600,8.33,8.33,8.33,8.33,8.33,6
2023-07-12 18:03:00,434,8.3305,8.33,8.33,8.33,8.33,6
2023-07-12 18:04:00,962,8.3324,8.335,8.33,8.335,8.33,13
2023-07-12 18:06:00,289,8.3317,8.335,8.33,8.335,8.33,4
2023-07-12 18:07:00,1290,8.3316,8.335,8.33,8.335,8.33,12
2023-07-12 18:08:00,987,8.3326,8.33,8.335,8.335,8.33,14
2023-07-12 18:09:00,601,8.3317,8.33,8.33,8.335,8.33,7
2023-07-12 18:10:00,846,8.3352,8.33,8.34,8.34,8.33,13
2023-07-12 18:11:00,486,8.3318,8.335,8.33,8.335,8.33,11
2023-07-12 18:12:00,299,8.3304,8.33,8.33,8.33,8.33,5
2023-07-12 18:13:00,8535,8.3275,8.33,8.325,8.33,8.32,59
2023-07-12 18:14:00,768,8.3263,8.325,8.33,8.33,8.325,5
2023-07-12 18:15:00,1369,8.3262,8.325,8.32,8.33,8.32,13
2023-07-12 18:16:00,1043,8.3274,8.33,8.33,8.33,8.325,11
2023-07-12 18:17:00,2818,8.3248,8.32,8.32,8.33,8.32,25
2023-07-12 18:18:00,536,8.3219,8.32,8.32,8.325,8.32,9
2023-07-12 18:19:00,985,8.3221,8.32,8.325,8.325,8.32,9
2023-07-12 18:20:00,1745,8.3243,8.32,8.325,8.33,8.32,15
2023-07-12 18:21:00,1667,8.3244,8.325,8.32,8.325,8.32,9
2023-07-12 18:22:00,2042,8.3249,8.325,8.325,8.33,8.32,20
2023-07-12 18:23:00,1957,8.3218,8.325,8.32,8.325,8.32,28
2023-07-12 18:24:00,728,8.3207,8.32,8.325,8.325,8.32,6
2023-07-12 18:25:00,5816,8.3213,8.325,8.32,8.33,8.32,51
2023-07-12 18:26:00,2071,8.3227,8.32,8.325,8.325,8.32,21
2023-07-12 18:27:00,3841,8.3185,8.32,8.315,8.325,8.31,47
2023-07-12 18:28:00,1304,8.3172,8.315,8.315,8.32,8.315,17
2023-07-12 18:29:00,508,8.311,8.31,8.31,8.315,8.31,6
2023-07-12 18:30:00,431,8.3137,8.31,8.315,8.315,8.31,7
2023-07-12 18:31:00,567,8.3126,8.315,8.31,8.315,8.31,12
2023-07-12 18:32:00,600,8.3125,8.315,8.31,8.32,8.31,7
2023-07-12 18:33:00,1910,8.3119,8.31,8.31,8.315,8.31,15
2023-07-12 18:34:00,5101,8.3073,8.31,8.305,8.31,8.3,47
2023-07-12 18:35:00,2099,8.3074,8.305,8.31,8.31,8.305,25
2023-07-12 18:36:00,231,8.3056,8.305,8.305,8.305,8.305,4
2023-07-12 18:37:00,990,8.3053,8.305,8.305,8.305,8.305,10
2023-07-12 18:38:00,1500,8.3077,8.31,8.305,8.31,8.305,13
2023-07-12 18:39:00,1055,8.3049,8.3,8.305,8.305,8.3,10
2023-07-12 18:40:00,1390,8.3046,8.305,8.305,8.305,8.3,17
2023-07-12 18:41:00,900,8.3056,8.305,8.31,8.31,8.3,10
2023-07-12 18:42:00,1291,8.305,8.305,8.305,8.305,8.305,13
2023-07-12 18:43:00,1147,8.3037,8.305,8.305,8.305,8.3,11
2023-07-12 18:44:00,1809,8.3056,8.305,8.31,8.31,8.305,15
2023-07-12 18:45:00,3174,8.305,8.305,8.305,8.31,8.3,31
2023-07-12 18:46:00,2079,8.3026,8.3,8.305,8.305,8.3,26
2023-07-12 18:47:00,309,8.305,8.305,8.305,8.305,8.305,5
2023-07-12 18:48:00,844,8.3029,8.305,8.305,8.305,8.3,13
2023-07-12 18:49:00,767,8.303,8.305,8.3,8.305,8.3,10
2023-07-12 18:50:00,2296,8.3048,8.3,8.305,8.31,8.3,17
2023-07-12 18:51:00,507,8.304,8.3,8.305,8.305,8.3,9
2023-07-12 18:52:00,3038,8.3045,8.3,8.305,8.31,8.3,22
2023-07-12 18:53:00,2669,8.303,8.305,8.3,8.31,8.3,36
2023-07-12 18:54:00,9874,8.2992,8.3,8.3,8.3,8.295,83
2023-07-12 18:55:00,6146,8.2949,8.295,8.295,8.3,8.29,34
2023-07-12 18:56:00,14235,8.3017,8.295,8.305,8.31,8.295,58
2023-07-12 18:57:00,631,8.3068,8.31,8.305,8.31,8.305,6
2023-07-12 18:58:00,2174,8.3055,8.305,8.305,8.31,8.305,14
2023-07-12 18:59:00,884,8.3048,8.305,8.305,8.305,8.305,5
2023-07-12 19:00:00,222,8.305,8.305,8.305,8.305,8.305,3
2023-07-12 19:01:00,1094,8.3045,8.305,8.305,8.305,8.305,14
2023-07-12 19:02:00,9291,8.3001,8.3,8.295,8.305,8.295,75
2023-07-12 19:03:00,2019,8.2942,8.295,8.295,8.295,8.29,18
2023-07-12 19:04:00,1935,8.2928,8.295,8.295,8.295,8.29,20
2023-07-12 19:05:00,2418,8.293,8.29,8.29,8.295,8.29,20
2023-07-12 19:06:00,7564,8.2887,8.29,8.28,8.295,8.28,69
2023-07-12 19:07:00,49556,8.28,8.285,8.27,8.285,8.27,275
2023-07-12 19:08:00,7233,8.28,8.28,8.28,8.28,8.28,22
2023-07-12 19:09:00,20194,8.2808,8.275,8.28,8.285,8.275,146
2023-07-12 19:10:00,4836,8.2745,8.28,8.275,8.28,8.27,42
2023-07-12 19:11:00,564,8.2753,8.275,8.275,8.275,8.275,6
2023-07-12 19:12:00,911,8.279,8.28,8.28,8.28,8.275,21
2023-07-12 19:13:00,1151,8.2759,8.275,8.275,8.28,8.275,11
2023-07-12 19:14:00,2698,8.2742,8.275,8.275,8.275,8.27,22
2023-07-12 19:15:00,2339,8.2748,8.275,8.275,8.275,8.27,18
2023-07-12 19:16:00,2661,8.275,8.275,8.275,8.275,8.275,19
2023-07-12 19:17:00,2408,8.275,8.275,8.275,8.275,8.275,14
2023-07-12 19:18:00,1430,8.2742,8.275,8.275,8.275,8.27,15
2023-07-12 19:19:00,1036,8.275,8.275,8.275,8.275,8.275,12
2023-07-12 19:20:00,1959,8.2744,8.275,8.275,8.275,8.275,30
2023-07-12 19:21:00,2122,8.2731,8.275,8.27,8.275,8.27,31
2023-07-12 19:22:00,14308,8.269,8.275,8.265,8.275,8.265,115
2023-07-12 19:23:00,1176,8.2622,8.26,8.26,8.265,8.26,17
2023-07-12 19:24:00,1269,8.2653,8.265,8.265,8.265,8.265,10
2023-07-12 19:25:00,1490,8.2619,8.26,8.265,8.265,8.26,19
2023-07-12 19:26:00,2232,8.2643,8.265,8.265,8.265,8.26,22
2023-07-12 19:27:00,2295,8.2643,8.265,8.265,8.265,8.26,32
2023-07-12 19:28:00,1305,8.2608,8.26,8.265,8.265,8.26,15
2023-07-12 19:29:00,2076,8.2613,8.265,8.265,8.265,8.26,29
2023-07-12 19:30:00,8687,8.2593,8.265,8.255,8.265,8.25,94
2023-07-12 19:31:00,2017,8.2566,8.255,8.255,8.26,8.25,30
2023-07-12 19:32:00,1934,8.2549,8.255,8.255,8.26,8.25,21
2023-07-12 19:33:00,2514,8.2541,8.255,8.255,8.255,8.25,29
2023-07-12 19:34:00,8848,8.2483,8.25,8.25,8.25,8.2425,97
2023-07-12 19:35:00,13221,8.251,8.24,8.255,8.26,8.24,93
2023-07-12 19:36:00,1763,8.2563,8.26,8.26,8.26,8.255,19
2023-07-12 19:37:00,2403,8.2597,8.26,8.26,8.26,8.255,23
2023-07-12 19:38:00,1404,8.257,8.26,8.26,8.26,8.255,20
2023-07-12 19:39:00,1928,8.258,8.255,8.26,8.26,8.255,24
2023-07-12 19:40:00,12825,8.2617,8.26,8.27,8.27,8.26,91
2023-07-12 19:41:00,10564,8.2711,8.27,8.275,8.275,8.265,76
2023-07-12 19:42:00,3602,8.2752,8.27,8.28,8.28,8.27,33
2023-07-12 19:43:00,864,8.2781,8.275,8.275,8.28,8.275,10
2023-07-12 19:44:00,2079,8.2757,8.275,8.275,8.28,8.275,37
2023-07-12 19:45:00,2898,8.2764,8.275,8.28,8.28,8.275,48
2023-07-12 19:46:00,4038,8.27,8.275,8.275,8.28,8.275,20
2023-07-12 19:47:00,26915,8.2725,8.275,8.275,8.28,8.27,170
2023-07-12 19:48:00,3301,8.2743,8.275,8.27,8.28,8.27,30
2023-07-12 19:49:00,22746,8.2686,8.27,8.265,8.27,8.26,137
2023-07-12 19:50:00,19347,8.2503,8.26,8.23,8.265,8.23,159
2023-07-12 19:51:00,5349,8.2301,8.23,8.23,8.23,8.23,62
2023-07-12 19:52:00,5333,8.2425,8.23,8.23,8.235,8.23,56
2023-07-12 19:53:00,5754,8.234,8.23,8.235,8.24,8.23,61
2023-07-12 19:54:00,4041,8.2325,8.235,8.23,8.235,8.23,58
2023-07-12 19:55:00,7492,8.2311,8.235,8.23,8.235,8.23,113
2023-07-12 19:56:00,33306,8.2255,8.23,8.22,8.23,8.22,217
2023-07-12 19:57:00,9292,8.2221,8.22,8.225,8.225,8.22,127
2023-07-12 19:58:00,24064,8.2227,8.23,8.22,8.23,8.22,203
2023-07-12 19:59:00,97587,8.2194,8.22,8.21,8.23,8.21,428
2023-07-12 20:00:00,928,8.21,8.21,8.21,8.21,8.21,7
2023-07-13 13:30:00,14959,8.2056,8.2,8.18,8.25,8.15,46
2023-07-13 13:31:00,148,8.1918,8.195,8.195,8.195,8.195,2
2023-07-13 13:32:00,7398,8.1833,8.18,8.2,8.2,8.175,69
2023-07-13 13:33:00,6225,8.2068,8.21,8.2,8.215,8.195,52
2023-07-13 13:34:00,2905,8.2124,8.195,8.235,8.235,8.195,28
2023-07-13 13:35:00,3031,8.2265,8.23,8.225,8.23,8.22,25
2023-07-13 13:36:00,10697,8.2235,8.22,8.23,8.23,8.215,107
2023-07-13 13:37:00,321,8.2347,8.235,8.235,8.235,8.235,3
2023-07-13 13:38:00,2812,8.2473,8.235,8.25,8.25,8.235,35
2023-07-13 13:39:00,2369,8.2471,8.255,8.24,8.26,8.24,31
2023-07-13 13:40:00,9460,8.2487,8.24,8.245,8.25,8.24,80
2023-07-13 13:41:00,4308,8.2533,8.25,8.24,8.265,8.24,51
2023-07-13 13:42:00,7240,8.2368,8.24,8.23,8.24,8.225,70
2023-07-13 13:43:00,6801,8.2193,8.22,8.22,8.22,8.215,84
2023-07-13 13:44:00,2856,8.2333,8.23,8.225,8.24,8.22,24
2023-07-13 13:45:00,2173,8.2378,8.23,8.245,8.245,8.23,34
2023-07-13 13:46:00,4435,8.2386,8.24,8.24,8.24,8.23,59
2023-07-13 13:47:00,4454,8.2414,8.25,8.235,8.25,8.235,61
2023-07-13 13:48:00,1410,8.2349,8.235,8.235,8.235,8.235,22
2023-07-13 13:49:00,3819,8.2419,8.24,8.245,8.245,8.235,53
2023-07-13 13:50:00,2200,8.245,8.245,8.245,8.25,8.24,30
2023-07-13 13:51:00,5132,8.2406,8.25,8.24,8.25,8.235,56
2023-07-13 13:52:00,1891,8.246,8.24,8.25,8.25,8.24,24
2023-07-13 13:53:00,1286,8.2451,8.245,8.245,8.245,8.245,16
2023-07-13 13:54:00,4763,8.2503,8.245,8.255,8.255,8.245,49
2023-07-13 13:55:00,4835,8.2485,8.255,8.24,8.255,8.24,56
2023-07-13 13:56:00,3702,8.2506,8.245,8.255,8.255,8.245,39
2023-07-13 13:57:00,1422,8.2546,8.255,8.255,8.255,8.25,23
2023-07-13 13:58:00,2775,8.2509,8.255,8.25,8.255,8.25,36
2023-07-13 13:59:00,12752,8.2403,8.245,8.245,8.245,8.235,100
2023-07-13 14:00:00,24638,8.2387,8.245,8.23,8.2472,8.23,197
2023-07-13 14:01:00,1257,8.2244,8.225,8.225,8.225,8.2225,16
2023-07-13 14:02:00,2422,8.2268,8.225,8.225,8.23,8.225,32
2023-07-13 14:03:00,19400,8.2193,8.225,8.215,8.235,8.21,91
2023-07-13 14:04:00,1318,8.2172,8.215,8.22,8.22,8.215,22
2023-07-13 14:05:00,4144,8.221,8.215,8.225,8.225,8.215,46
2023-07-13 14:06:00,4248,8.2207,8.225,8.215,8.225,8.215,51
2023-07-13 14:07:00,12152,8.2058,8.215,8.195,8.22,8.195,81
2023-07-13 14:08:00,3460,8.1996,8.195,8.205,8.205,8.195,39
2023-07-13 14:09:00,3494,8.2092,8.205,8.21,8.215,8.205,26
2023-07-13 14:10:00,7948,8.2048,8.215,8.2,8.215,8.195,71
2023-07-13 14:11:00,1376,8.1951,8.195,8.195,8.195,8.195,9
2023-07-13 14:12:00,1606,8.1965,8.195,8.195,8.2,8.195,22
2023-07-13 14:13:00,3125,8.2036,8.2,8.21,8.21,8.2,42
2023-07-13 14:14:00,4048,8.2011,8.205,8.19,8.21,8.19,56
2023-07-13 14:15:00,2244,8.1877,8.19,8.185,8.19,8.18,27
2023-07-13 14:16:00,9351,8.1843,8.185,8.19,8.19,8.18,96
2023-07-13 14:17:00,4149,8.1816,8.19,8.185,8.19,8.18,43
2023-07-13 14:18:00,5530,8.1848,8.185,8.185,8.185,8.18,19
2023-07-13 14:19:00,816,8.1849,8.185,8.185,8.185,8.185,11
2023-07-13 14:20:00,5000,8.1817,8.185,8.175,8.185,8.175,58
2023-07-13 14:21:00,487,8.1756,8.175,8.175,8.175,8.175,13
2023-07-13 14:22:00,1040,8.1778,8.175,8.18,8.18,8.1725,26
2023-07-13 14:23:00,21092,8.175,8.175,8.175,8.18,8.1725,20
2023-07-13 14:24:00,5708,8.1712,8.1725,8.1625,8.175,8.1625,59
2023-07-13 14:25:00,5488,8.1724,8.17,8.18,8.18,8.165,49
2023-07-13 14:26:00,1568,8.1751,8.18,8.175,8.18,8.17,20
2023-07-13 14:27:00,3160,8.1694,8.175,8.165,8.175,8.165,47
2023-07-13 14:28:00,3276,8.1783,8.17,8.185,8.19,8.17,56
2023-07-13 14:29:00,5656,8.1797,8.18,8.18,8.18,8.175,44
2023-07-13 14:30:00,3839,8.185,8.18,8.195,8.195,8.175,50
2023-07-13 14:31:00,6103,8.1897,8.19,8.19,8.19,8.185,60
2023-07-13 14:32:00,466,8.1955,8.195,8.195,8.2,8.19,13
2023-07-13 14:33:00,1156,8.1939,8.195,8.195,8.195,8.19,18
2023-07-13 14:34:00,2191,8.2007,8.195,8.21,8.21,8.195,33
2023-07-13 14:35:00,1126,8.205,8.205,8.205,8.205,8.205,12
2023-07-13 14:36:00,2966,8.2099,8.205,8.215,8.215,8.205,31
2023-07-13 14:37:00,4134,8.2197,8.22,8.21,8.225,8.21,65
2023-07-13 14:38:00,2694,8.1993,8.205,8.2,8.205,8.2,21
2023-07-13 14:39:00,1465,8.199,8.2,8.195,8.2,8.195,14
2023-07-13 14:40:00,2539,8.1906,8.19,8.19,8.195,8.185,33
2023-07-13 14:41:00,606,8.1933,8.195,8.19,8.195,8.19,6
2023-07-13 14:42:00,2148,8.1869,8.19,8.185,8.19,8.185,23
2023-07-13 14:43:00,1415,8.1865,8.185,8.185,8.19,8.185,12
2023-07-13 14:44:00,5838,8.1769,8.18,8.17,8.18,8.17,55
2023-07-13 14:45:00,3766,8.1691,8.17,8.16,8.17,8.16,37
2023-07-13 14:46:00,2212,8.1649,8.165,8.165,8.17,8.1625,25
2023-07-13 14:47:00,1045,8.1646,8.165,8.16,8.165,8.16,22
2023-07-13 14:48:00,24729,8.16,8.165,8.165,8.17,8.155,181
2023-07-13 14:49:00,5949,8.1685,8.165,8.17,8.17,8.16,62
2023-07-13 14:50:00,1510,8.1674,8.17,8.165,8.17,8.165,16
2023-07-13 14:51:00,2692,8.1693,8.165,8.17,8.17,8.165,28
2023-07-13 14:52:00,100,8.17,8.17,8.17,8.17,8.17,1
2023-07-13 14:53:00,3349,8.1673,8.17,8.16,8.17,8.16,34
2023-07-13 14:54:00,7071,8.1585,8.16,8.16,8.16,8.155,54
2023-07-13 14:55:00,7012,8.1596,8.155,8.155,8.16,8.155,60
2023-07-13 14:56:00,23837,8.1664,8.155,8.17,8.175,8.155,196
2023-07-13 14:57:00,1460,8.1727,8.17,8.17,8.175,8.17,18
2023-07-13 14:58:00,3274,8.18,8.175,8.185,8.185,8.175,40
2023-07-13 14:59:00,706,8.1764,8.185,8.185,8.185,8.185,12
2023-07-13 15:00:00,2401,8.19,8.19,8.195,8.195,8.185,27
2023-07-13 15:01:00,600,8.1942,8.195,8.195,8.195,8.195,6
2023-07-13 15:02:00,2871,8.2023,8.2,8.21,8.21,8.195,27
2023-07-13 15:03:00,512,8.213,8.22,8.21,8.22,8.21,10
2023-07-13 15:04:00,1753,8.2094,8.21,8.215,8.215,8.205,21
2023-07-13 15:05:00,329,8.2135,8.21,8.215,8.215,8.21,4
2023-07-13 15:06:00,307,8.215,8.215,8.215,8.215,8.215,3
2023-07-13 15:07:00,2063,8.2207,8.215,8.225,8.225,8.215,23
2023-07-13 15:08:00,407,8.2275,8.225,8.23,8.23,8.225,6
2023-07-13 15:09:00,1352,8.2164,8.22,8.225,8.225,8.22,15
2023-07-13 15:10:00,414,8.2238,8.22,8.225,8.225,8.22,7
2023-07-13 15:11:00,122,8.225,8.225,8.225,8.225,8.225,7
2023-07-13 15:12:00,361,8.2229,8.225,8.225,8.225,8.225,8
2023-07-13 15:13:00,3962,8.2195,8.22,8.21,8.22,8.21,37
2023-07-13 15:14:00,422,8.2136,8.21,8.215,8.215,8.21,5
2023-07-13 15:15:00,385,8.2115,8.215,8.21,8.215,8.21,9
2023-07-13 15:16:00,761,8.2101,8.21,8.21,8.21,8.21,14
2023-07-13 15:17:00,946,8.2107,8.21,8.21,8.21,8.21,16
2023-07-13 15:18:00,20498,8.2105,8.21,8.215,8.22,8.205,129
2023-07-13 15:19:00,937,8.2175,8.22,8.215,8.22,8.215,15
2023-07-13 15:20:00,3081,8.2198,8.22,8.22,8.22,8.22,46
2023-07-13 15:21:00,510,8.2221,8.22,8.225,8.225,8.22,8
2023-07-13 15:22:00,510,8.225,8.225,8.225,8.225,8.225,7
2023-07-13 15:23:00,807,8.225,8.225,8.225,8.225,8.225,8
2023-07-13 15:25:00,410,8.225,8.225,8.225,8.225,8.225,10
2023-07-13 15:26:00,3125,8.2299,8.22,8.235,8.235,8.22,38
2023-07-13 15:27:00,246,8.235,8.235,8.235,8.235,8.235,7
2023-07-13 15:28:00,630,8.2349,8.235,8.235,8.235,8.235,13
2023-07-13 15:29:00,412,8.235,8.235,8.235,8.235,8.235,9
2023-07-13 15:30:00,857,8.2385,8.24,8.235,8.24,8.235,18
2023-07-13 15:31:00,787,8.2314,8.235,8.235,8.235,8.235,7
2023-07-13 15:32:00,855,8.2355,8.235,8.235,8.24,8.235,16
2023-07-13 15:33:00,5442,8.23,8.24,8.225,8.24,8.225,63
2023-07-13 15:34:00,822,8.2276,8.23,8.225,8.23,8.225,10
2023-07-13 15:35:00,2918,8.2293,8.225,8.235,8.235,8.225,44
2023-07-13 15:36:00,121,8.2344,8.235,8.235,8.235,8.235,3
2023-07-13 15:37:00,1971,8.2271,8.23,8.22,8.23,8.22,29
2023-07-13 15:38:00,135,8.2237,8.225,8.225,8.225,8.225,5
2023-07-13 15:39:00,1156,8.2279,8.23,8.22,8.23,8.22,20
2023-07-13 15:40:00,438,8.225,8.225,8.225,8.225,8.225,5
2023-07-13 15:41:00,410,8.2248,8.22,8.225,8.225,8.22,7
2023-07-13 15:42:00,1019,8.2269,8.23,8.225,8.23,8.225,19
2023-07-13 15:43:00,3879,8.23,8.225,8.235,8.235,8.225,47
2023-07-13 15:44:00,3077,8.2303,8.23,8.23,8.235,8.23,31
2023-07-13 15:45:00,1289,8.2262,8.23,8.225,8.23,8.225,15
2023-07-13 15:46:00,100,8.22,8.22,8.22,8.22,8.22,1
2023-07-13 15:47:00,517,8.2202,8.22,8.22,8.22,8.22,13
2023-07-13 15:48:00,9773,8.2144,8.22,8.21,8.22,8.21,40
2023-07-13 15:49:00,410,8.2101,8.21,8.21,8.21,8.21,9
2023-07-13 15:50:00,3375,8.2104,8.21,8.21,8.215,8.21,28
2023-07-13 15:51:00,43827,8.2054,8.21,8.195,8.21,8.19,277
2023-07-13 15:52:00,3067,8.1908,8.19,8.195,8.195,8.19,25
2023-07-13 15:53:00,10902,8.2007,8.195,8.21,8.21,8.195,65
2023-07-13 15:54:00,9754,8.2014,8.205,8.2,8.21,8.2,23
2023-07-13 15:56:00,1462,8.2034,8.205,8.2,8.205,8.2,21
2023-07-13 15:58:00,8767,8.1998,8.205,8.195,8.205,8.195,66
2023-07-13 15:59:00,1055,8.194,8.195,8.195,8.195,8.19,15
2023-07-13 16:00:00,208,8.19,8.19,8.19,8.19,8.19,10
2023-07-13 16:01:00,14931,8.1901,8.19,8.195,8.195,8.185,131
2023-07-13 16:02:00,709,8.1905,8.19,8.19,8.19,8.19,10
2023-07-13 16:03:00,3935,8.1906,8.19,8.19,8.19,8.19,31
2023-07-13 16:04:00,3281,8.194,8.19,8.19,8.195,8.19,40
2023-07-13 16:05:00,35924,8.1873,8.2,8.18,8.2,8.18,150
2023-07-13 16:06:00,46857,8.1743,8.185,8.17,8.185,8.17,134
2023-07-13 16:07:00,1090,8.1714,8.17,8.17,8.17,8.17,19
2023-07-13 16:08:00,1902,8.1726,8.17,8.175,8.175,8.17,18
2023-07-13 16:09:00,916,8.1706,8.17,8.17,8.17,8.17,15
2023-07-13 16:10:00,1072,8.1747,8.175,8.17,8.175,8.17,14
2023-07-13 16:11:00,2622,8.1714,8.17,8.175,8.175,8.17,25
2023-07-13 16:12:00,2752,8.1732,8.175,8.17,8.18,8.17,23
2023-07-13 16:13:00,300,8.1717,8.175,8.17,8.175,8.17,3
2023-07-13 16:14:00,1431,8.1736,8.17,8.17,8.175,8.17,14
2023-07-13 16:15:00,89172,8.1675,8.175,8.155,8.18,8.155,295
2023-07-13 16:16:00,35001,8.1518,8.15,8.15,8.16,8.15,43
2023-07-13 16:17:00,180,8.1539,8.155,8.155,8.155,8.155,5
2023-07-13 16:18:00,55050,8.1663,8.155,8.165,8.18,8.155,265
2023-07-13 16:19:00,31170,8.1625,8.165,8.175,8.18,8.16,62
2023-07-13 16:21:00,20276,8.1835,8.175,8.195,8.195,8.175,98
2023-07-13 16:22:00,103,8.1949,8.195,8.195,8.195,8.195,4
2023-07-13 16:23:00,1305,8.195,8.19,8.195,8.2,8.19,16
2023-07-13 16:24:00,4790,8.1989,8.19,8.205,8.205,8.19,39
2023-07-13 16:25:00,25938,8.2149,8.2,8.215,8.22,8.2,156
2023-07-13 16:26:00,1100,8.2126,8.215,8.215,8.22,8.215,12
2023-07-13 16:27:00,7722,8.2192,8.22,8.215,8.225,8.2119,67
2023-07-13 16:28:00,108,8.2146,8.215,8.215,8.215,8.215,8
2023-07-13 16:29:00,14486,8.2043,8.21,8.195,8.21,8.195,118
2023-07-13 16:30:00,2002,8.1995,8.195,8.2,8.2,8.195,22
2023-07-13 16:31:00,4911,8.1995,8.2,8.19,8.2,8.19,36
2023-07-13 16:32:00,1600,8.1962,8.195,8.195,8.195,8.195,10
2023-07-13 16:33:00,736,8.195,8.195,8.195,8.195,8.195,8
2023-07-13 16:34:00,6793,8.2045,8.195,8.21,8.21,8.195,72
2023-07-13 16:35:00,1196,8.2155,8.215,8.22,8.22,8.215,9
2023-07-13 16:36:00,1159,8.2135,8.215,8.215,8.215,8.215,11
2023-07-13 16:37:00,6048,8.2088,8.21,8.205,8.21,8.2,38
2023-07-13 16:39:00,824,8.2028,8.205,8.2,8.205,8.2,13
2023-07-13 16:40:00,1565,8.2,8.2,8.2,8.2,8.2,14
2023-07-13 16:41:00,2572,8.2,8.2,8.2,8.2,8.2,9
2023-07-13 16:42:00,13101,8.1995,8.2,8.205,8.205,8.195,104
2023-07-13 16:43:00,20821,8.1985,8.2,8.2,8.2,8.195,141
2023-07-13 16:44:00,576,8.1951,8.195,8.195,8.195,8.1925,7
2023-07-13 16:45:00,906,8.1948,8.195,8.195,8.195,8.1925,10
2023-07-13 16:46:00,930,8.1951,8.195,8.19,8.2,8.19,11
2023-07-13 16:47:00,3604,8.189,8.19,8.185,8.19,8.1825,36
2023-07-13 16:48:00,801,8.1861,8.185,8.185,8.185,8.1825,9
2023-07-13 16:49:00,5646,8.19,8.1825,8.195,8.195,8.1825,52
2023-07-13 16:50:00,627,8.195,8.195,8.195,8.195,8.195,8
2023-07-13 16:51:00,800,8.195,8.195,8.195,8.195,8.195,7
2023-07-13 16:52:00,2198,8.19,8.19,8.19,8.19,8.19,21
2023-07-13 16:53:00,4482,8.1893,8.19,8.19,8.19,8.185,48
2023-07-13 16:54:00,2659,8.1847,8.19,8.18,8.19,8.18,28
2023-07-13 16:55:00,227,8.18,8.18,8.18,8.18,8.18,7
2023-07-13 16:56:00,13417,8.1801,8.18,8.185,8.185,8.175,78
2023-07-13 16:57:00,118,8.1801,8.18,8.18,8.18,8.18,4
2023-07-13 16:58:00,600,8.1833,8.18,8.18,8.185,8.18,6
2023-07-13 16:59:00,1658,8.1841,8.185,8.19,8.19,8.18,20
2023-07-13 17:00:00,3628,8.1906,8.19,8.19,8.195,8.19,45
2023-07-13 17:01:00,3700,8.19,8.19,8.19,8.19,8.19,25
2023-07-13 17:02:00,1849,8.1901,8.19,8.19,8.19,8.19,12
2023-07-13 17:03:00,2200,8.1848,8.185,8.185,8.185,8.18,24
2023-07-13 17:04:00,300,8.1833,8.18,8.185,8.185,8.18,2
2023-07-13 17:05:00,1000,8.185,8.185,8.185,8.185,8.185,10
2023-07-13 17:06:00,735,8.185,8.185,8.185,8.19,8.18,9
2023-07-13 17:07:00,764,8.1857,8.185,8.185,8.185,8.185,12
2023-07-13 17:08:00,708,8.1851,8.185,8.185,8.185,8.185,8
2023-07-13 17:09:00,501,8.1828,8.18,8.18,8.18,8.18,6
2023-07-13 17:10:00,1077,8.1836,8.185,8.18,8.185,8.18,15
2023-07-13 17:11:00,512,8.1821,8.185,8.18,8.185,8.18,8
2023-07-13 17:12:00,874,8.181,8.18,8.18,8.185,8.18,11
2023-07-13 17:13:00,2182,8.1802,8.18,8.18,8.185,8.18,21
2023-07-13 17:14:00,454,8.1806,8.18,8.18,8.18,8.18,8
2023-07-13 17:15:00,1151,8.18,8.18,8.18,8.18,8.18,21
2023-07-13 17:16:00,1299,8.1835,8.18,8.185,8.185,8.18,16
2023-07-13 17:17:00,604,8.18,8.18,8.18,8.18,8.18,10
2023-07-13 17:18:00,200,8.18,8.18,8.18,8.18,8.18,3
2023-07-13 17:19:00,600,8.1827,8.18,8.185,8.185,8.18,5
2023-07-13 17:20:00,549,8.1803,8.18,8.18,8.18,8.18,9
2023-07-13 17:21:00,2013,8.18,8.18,8.18,8.18,8.18,26
2023-07-13 17:22:00,3509,8.1806,8.18,8.18,8.185,8.18,21
2023-07-13 17:23:00,449,8.1839,8.185,8.18,8.19,8.18,6
2023-07-13 17:24:00,400,8.18,8.18,8.18,8.18,8.18,6
2023-07-13 17:25:00,322,8.18,8.18,8.18,8.18,8.18,6
2023-07-13 17:26:00,979,8.18,8.18,8.18,8.18,8.18,12
2023-07-13 17:27:00,2401,8.1802,8.185,8.18,8.185,8.18,16
2023-07-13 17:28:00,1533,8.18,8.18,8.18,8.18,8.18,19
2023-07-13 17:29:00,440,8.1801,8.18,8.18,8.18,8.18,7
2023-07-13 17:30:00,656,8.1826,8.185,8.18,8.185,8.18,8
2023-07-13 17:31:00,500,8.182,8.185,8.18,8.185,8.18,7
2023-07-13 17:32:00,606,8.1808,8.185,8.18,8.185,8.18,12
2023-07-13 17:33:00,2100,8.18,8.18,8.18,8.18,8.18,11
2023-07-13 17:34:00,1713,8.1806,8.18,8.18,8.185,8.18,20
2023-07-13 17:35:00,2338,8.18,8.18,8.18,8.18,8.18,16
2023-07-13 17:36:00,500,8.18,8.18,8.18,8.18,8.18,5
2023-07-13 17:37:00,106,8.1894,8.19,8.19,8.19,8.19,2
2023-07-13 17:38:00,20507,8.1794,8.18,8.18,8.18,8.175,154
2023-07-13 17:39:00,4490,8.1892,8.18,8.19,8.19,8.18,50
2023-07-13 17:40:00,126,8.1921,8.195,8.195,8.195,8.195,2
2023-07-13 17:42:00,2029,8.1948,8.19,8.195,8.195,8.19,13
2023-07-13 17:43:00,716,8.1957,8.195,8.195,8.2,8.195,8
2023-07-13 17:44:00,3236,8.2,8.2,8.2,8.2,8.2,35
2023-07-13 17:45:00,835,8.2029,8.2,8.205,8.21,8.2,9
2023-07-13 17:46:00,100,8.21,8.21,8.21,8.21,8.21,1
2023-07-13 17:47:00,300,8.2012,8.205,8.2,8.205,8.2,3
2023-07-13 17:48:00,200,8.205,8.2,8.21,8.21,8.2,2
2023-07-13 17:49:00,326,8.1991,8.205,8.205,8.205,8.205,4
2023-07-13 17:52:00,200,8.2075,8.21,8.205,8.21,8.205,2
2023-07-13 17:53:00,2078,8.2053,8.21,8.205,8.21,8.205,22
2023-07-13 17:54:00,466,8.2047,8.205,8.205,8.205,8.205,8
2023-07-13 17:55:00,6484,8.2094,8.21,8.215,8.215,8.205,59
2023-07-13 17:56:00,588,8.2133,8.215,8.21,8.215,8.21,6
2023-07-13 17:58:00,126,8.2141,8.215,8.215,8.215,8.215,3
2023-07-13 18:01:00,400,8.215,8.215,8.215,8.215,8.215,4
2023-07-13 18:02:00,1100,8.2145,8.215,8.215,8.215,8.215,10
2023-07-13 18:03:00,200,8.215,8.215,8.215,8.215,8.215,2
2023-07-13 18:04:00,348,8.2108,8.21,8.21,8.21,8.21,7
2023-07-13 18:05:00,142,8.2108,8.21,8.21,8.21,8.21,4
2023-07-13 18:07:00,338,8.2103,8.21,8.21,8.21,8.21,6
2023-07-13 18:08:00,414,8.2151,8.215,8.215,8.215,8.215,10
2023-07-13 18:09:00,228,8.2125,8.21,8.215,8.215,8.21,4
2023-07-13 18:10:00,909,8.2145,8.215,8.215,8.215,8.215,15
2023-07-13 18:11:00,3908,8.2101,8.21,8.21,8.21,8.21,28
2023-07-13 18:12:00,143,8.2149,8.215,8.215,8.215,8.215,3
2023-07-13 18:13:00,6520,8.2041,8.21,8.195,8.21,8.195,64
2023-07-13 18:14:00,22621,8.1947,8.19,8.195,8.2,8.19,51
2023-07-13 18:15:00,6031,8.1993,8.195,8.2,8.2,8.19,60
2023-07-13 18:16:00,126,8.205,8.205,8.205,8.205,8.205,5
2023-07-13 18:17:00,1197,8.2045,8.205,8.2,8.205,8.2,15
2023-07-13 18:18:00,1009,8.2,8.2,8.2,8.2,8.2,19
2023-07-13 18:19:00,1966,8.2005,8.2,8.205,8.205,8.2,17
2023-07-13 18:20:00,402,8.2038,8.205,8.205,8.205,8.2,5
2023-07-13 18:22:00,500,8.201,8.2,8.2,8.205,8.2,5
2023-07-13 18:24:00,1497,8.2073,8.205,8.205,8.21,8.2,8
2023-07-13 18:25:00,558,8.205,8.2,8.205,8.21,8.2,8
2023-07-13 18:26:00,300,8.2,8.2,8.2,8.2,8.2,4
2023-07-13 18:27:00,600,8.2033,8.205,8.21,8.21,8.205,12
2023-07-13 18:28:00,800,8.2,8.2,8.2,8.2,8.2,7
2023-07-13 18:29:00,1691,8.2044,8.2,8.21,8.21,8.2,18
2023-07-13 18:30:00,318,8.2019,8.205,8.2,8.205,8.2,6
2023-07-13 18:31:00,7218,8.2002,8.205,8.2,8.205,8.2,49
2023-07-13 18:32:00,1616,8.2,8.2,8.2,8.2,8.2,9
2023-07-13 18:33:00,819,8.2019,8.2,8.21,8.21,8.2,5
2023-07-13 18:34:00,1768,8.2003,8.2,8.2,8.205,8.2,17
2023-07-13 18:35:00,697,8.2007,8.2,8.2,8.205,8.2,12
2023-07-13 18:36:00,1212,8.2,8.2,8.2,8.2,8.2,22
2023-07-13 18:37:00,1343,8.2015,8.2,8.205,8.205,8.2,15
2023-07-13 18:38:00,2124,8.2003,8.205,8.2,8.205,8.2,27
2023-07-13 18:39:00,3089,8.1982,8.2,8.2,8.2,8.19,43
2023-07-13 18:40:00,1502,8.19,8.19,8.19,8.19,8.19,10
2023-07-13 18:41:00,299,8.19,8.19,8.19,8.19,8.19,10
2023-07-13 18:42:00,210,8.19,8.19,8.19,8.19,8.19,6
2023-07-13 18:43:00,2216,8.1911,8.19,8.19,8.19,8.19,18
2023-07-13 18:44:00,1467,8.1903,8.19,8.19,8.19,8.19,21
2023-07-13 18:45:00,2368,8.1913,8.19,8.195,8.195,8.19,26
2023-07-13 18:46:00,570,8.1909,8.195,8.19,8.195,8.19,13
2023-07-13 18:47:00,800,8.1912,8.19,8.195,8.195,8.19,9
2023-07-13 18:48:00,1141,8.1913,8.19,8.195,8.195,8.19,8
2023-07-13 18:49:00,4787,8.1903,8.19,8.195,8.195,8.19,63
2023-07-13 18:50:00,845,8.1908,8.195,8.19,8.195,8.19,13
2023-07-13 18:51:00,300,8.19,8.19,8.19,8.19,8.19,1
2023-07-13 18:53:00,538,8.1902,8.19,8.19,8.19,8.19,14
2023-07-13 18:54:00,2109,8.19,8.19,8.19,8.19,8.19,30
2023-07-13 18:55:00,3497,8.1836,8.19,8.18,8.19,8.18,37
2023-07-13 18:56:00,16526,8.1896,8.185,8.195,8.2,8.185,150
2023-07-13 18:57:00,222,8.195,8.195,8.195,8.195,8.195,3
2023-07-13 18:58:00,1346,8.1934,8.19,8.19,8.195,8.19,19
2023-07-13 18:59:00,633,8.19,8.19,8.19,8.19,8.19,12
2023-07-13 19:00:00,1579,8.1902,8.19,8.19,8.19,8.19,16
2023-07-13 19:01:00,1508,8.19,8.19,8.19,8.19,8.19,16
2023-07-13 19:02:00,1459,8.1903,8.19,8.195,8.195,8.19,14
2023-07-13 19:03:00,1109,8.1897,8.19,8.19,8.19,8.19,16
2023-07-13 19:04:00,2484,8.1904,8.19,8.19,8.195,8.19,24
2023-07-13 19:05:00,2814,8.1894,8.19,8.185,8.19,8.185,37
2023-07-13 19:06:00,724,8.1807,8.18,8.185,8.185,8.18,9
2023-07-13 19:08:00,240,8.1821,8.18,8.185,8.185,8.18,4
2023-07-13 19:09:00,1473,8.18,8.18,8.18,8.18,8.18,25
2023-07-13 19:10:00,10788,8.178,8.185,8.175,8.185,8.17,95
2023-07-13 19:11:00,1905,8.174,8.17,8.175,8.175,8.17,26
2023-07-13 19:12:00,7093,8.1795,8.175,8.185,8.185,8.175,83
2023-07-13 19:13:00,1043,8.1819,8.18,8.18,8.185,8.18,17
2023-07-13 19:14:00,5989,8.1785,8.18,8.17,8.18,8.17,46
2023-07-13 19:15:00,2302,8.17,8.17,8.17,8.17,8.17,11
2023-07-13 19:16:00,2088,8.1705,8.17,8.175,8.175,8.17,9
2023-07-13 19:17:00,4686,8.1704,8.17,8.17,8.17,8.17,39
2023-07-13 19:18:00,3961,8.1683,8.17,8.165,8.17,8.16,34
2023-07-13 19:19:00,1943,8.161,8.16,8.16,8.165,8.16,27
2023-07-13 19:20:00,2104,8.1602,8.16,8.16,8.165,8.16,29
2023-07-13 19:21:00,3886,8.1608,8.16,8.16,8.165,8.16,44
2023-07-13 19:22:00,673,8.16,8.16,8.16,8.16,8.16,12
2023-07-13 19:23:00,8374,8.1625,8.16,8.165,8.17,8.16,63
2023-07-13 19:24:00,16894,8.1695,8.17,8.175,8.18,8.165,115
2023-07-13 19:25:00,1901,8.1758,8.175,8.175,8.18,8.175,17
2023-07-13 19:26:00,1588,8.1747,8.175,8.175,8.18,8.175,15
2023-07-13 19:27:00,1001,8.1742,8.175,8.175,8.175,8.175,11
2023-07-13 19:28:00,890,8.1756,8.175,8.175,8.18,8.175,8
2023-07-13 19:29:00,2821,8.1768,8.175,8.175,8.18,8.175,24
2023-07-13 19:30:00,2909,8.1755,8.175,8.175,8.18,8.17,32
2023-07-13 19:31:00,17892,8.1806,8.18,8.185,8.185,8.175,116
2023-07-13 19:32:00,2907,8.1851,8.185,8.185,8.19,8.185,28
2023-07-13 19:33:00,1478,8.1846,8.185,8.185,8.185,8.185,18
2023-07-13 19:34:00,14673,8.1881,8.185,8.185,8.19,8.185,99
2023-07-13 19:35:00,4499,8.186,8.185,8.185,8.19,8.185,33
2023-07-13 19:36:00,3452,8.1869,8.185,8.19,8.19,8.185,33
2023-07-13 19:37:00,2031,8.1859,8.185,8.185,8.19,8.185,25
2023-07-13 19:38:00,4579,8.1874,8.19,8.19,8.19,8.185,39
2023-07-13 19:39:00,18689,8.1962,8.185,8.2,8.2,8.185,117
2023-07-13 19:40:00,7018,8.1966,8.195,8.195,8.2,8.195,53
2023-07-13 19:41:00,3371,8.1986,8.2,8.2,8.2,8.195,33
2023-07-13 19:42:00,15823,8.1954,8.2,8.195,8.2,8.195,44
2023-07-13 19:43:00,2104,8.1983,8.195,8.195,8.2,8.195,19
2023-07-13 19:44:00,3688,8.1974,8.2,8.2,8.2,8.195,44
2023-07-13 19:45:00,4213,8.1978,8.195,8.195,8.2,8.195,46
2023-07-13 19:46:00,2325,8.1963,8.195,8.195,8.2,8.195,24
2023-07-13 19:47:00,4804,8.1945,8.2,8.19,8.2,8.19,53
2023-07-13 19:48:00,29021,8.1887,8.19,8.18,8.195,8.18,187
2023-07-13 19:49:00,5447,8.1803,8.18,8.18,8.185,8.18,59
2023-07-13 19:50:00,16016,8.1854,8.185,8.185,8.19,8.18,106
2023-07-13 19:51:00,12984,8.1854,8.185,8.185,8.19,8.18,78
2023-07-13 19:52:00,7243,8.1812,8.185,8.18,8.185,8.18,55
2023-07-13 19:53:00,22520,8.1782,8.185,8.17,8.185,8.17,137
2023-07-13 19:54:00,7131,8.1716,8.17,8.17,8.175,8.17,40
2023-07-13 19:55:00,15629,8.171,8.175,8.175,8.18,8.17,101
2023-07-13 19:56:00,13446,8.1705,8.17,8.17,8.175,8.17,94
2023-07-13 19:57:00,17997,8.1711,8.17,8.17,8.18,8.17,114
2023-07-13 19:58:00,19018,8.1705,8.17,8.17,8.175,8.17,127
2023-07-13 19:59:00,57797,8.1656,8.175,8.17,8.18,8.16,320
2023-07-13 20:00:00,1407,8.17,8.17,8.17,8.17,8.17,9
2023-07-14 13:30:00,4706,8.1016,8.13,8.05,8.13,8.05,27
2023-07-14 13:31:00,14323,8.0426,8.05,8.045,8.055,8.03,113
2023-07-14 13:32:00,8214,8.0305,8.0425,8.03,8.045,8.02,72
2023-07-14 13:33:00,7030,8.0699,8.04,8.08,8.0825,8.04,61
2023-07-14 13:34:00,6956,8.0814,8.08,8.08,8.085,8.08,66
2023-07-14 13:35:00,19286,8.0929,8.085,8.08,8.115,8.07,135
2023-07-14 13:36:00,1671,8.0819,8.08,8.08,8.085,8.08,22
2023-07-14 13:37:00,8765,8.0565,8.07,8.05,8.07,8.045,74
2023-07-14 13:38:00,6075,8.0409,8.045,8.05,8.05,8.03,52
2023-07-14 13:39:00,7859,8.0518,8.055,8.05,8.065,8.05,74
2023-07-14 13:40:00,9616,8.0427,8.06,8.025,8.06,8.025,70
2023-07-14 13:41:00,12944,8.0352,8.03,8.03,8.045,8.03,103
2023-07-14 13:42:00,3046,8.0305,8.03,8.04,8.04,8.02,29
2023-07-14 13:43:00,4188,8.0312,8.03,8.04,8.04,8.03,48
2023-07-14 13:44:00,4139,8.0408,8.04,8.04,8.045,8.03,42
2023-07-14 13:45:00,2015,8.0606,8.05,8.0608,8.075,8.05,42
2023-07-14 13:46:00,4157,8.0526,8.06,8.05,8.06,8.045,49
2023-07-14 13:47:00,1592,8.0598,8.06,8.06,8.06,8.06,24
2023-07-14 13:48:00,2285,8.0503,8.05,8.055,8.055,8.05,36
2023-07-14 13:49:00,6459,8.0505,8.06,8.055,8.06,8.05,86
2023-07-14 13:50:00,6807,8.0293,8.05,8.03,8.05,8.02,62
2023-07-14 13:51:00,5701,8.02,8.02,8.02,8.02,8.02,61
2023-07-14 13:52:00,10735,8.0228,8.02,8.02,8.035,8.015,111
2023-07-14 13:53:00,6766,8.0066,8.02,8.0,8.02,8.0,60
2023-07-14 13:54:00,3687,8.0105,8.01,8.01,8.02,8.01,38
2023-07-14 13:55:00,871,8.0123,8.01,8.01,8.01,8.01,15
2023-07-14 13:56:00,1924,8.0212,8.02,8.03,8.03,8.02,20
2023-07-14 13:57:00,1483,8.029,8.03,8.03,8.03,8.025,16
2023-07-14 13:58:00,976,8.0281,8.03,8.025,8.03,8.025,14
2023-07-14 13:59:00,2060,8.0329,8.03,8.04,8.04,8.03,28
2023-07-14 14:00:00,2186,8.0294,8.03,8.025,8.03,8.025,22
2023-07-14 14:01:00,401,8.0262,8.025,8.025,8.025,8.025,4
2023-07-14 14:02:00,1717,8.0329,8.03,8.035,8.04,8.03,25
2023-07-14 14:03:00,1924,8.0416,8.04,8.0525,8.0525,8.04,26
2023-07-14 14:04:00,5593,8.0464,8.05,8.05,8.055,8.035,59
2023-07-14 14:05:00,10113,8.0317,8.045,8.02,8.045,8.02,81
2023-07-14 14:06:00,3245,8.0301,8.025,8.035,8.035,8.025,40
2023-07-14 14:07:00,8587,8.0293,8.03,8.025,8.035,8.025,76
2023-07-14 14:08:00,3349,8.0306,8.03,8.03,8.035,8.025,44
2023-07-14 14:09:00,4927,8.0244,8.03,8.025,8.03,8.02,53
2023-07-14 14:10:00,1126,8.027,8.03,8.025,8.03,8.025,14
2023-07-14 14:11:00,2593,8.0306,8.03,8.03,8.04,8.03,36
2023-07-14 14:12:00,4159,8.0242,8.03,8.02,8.03,8.015,50
2023-07-14 14:13:00,9985,7.9981,8.015,7.99,8.015,7.99,80
2023-07-14 14:14:00,6698,7.993,7.99,7.995,8.0,7.99,71
2023-07-14 14:15:00,1283,7.9947,7.995,7.995,7.995,7.995,17
2023-07-14 14:16:00,18094,7.9992,8.0,8.01,8.01,7.99,139
2023-07-14 14:17:00,5192,8.0102,8.015,8.005,8.02,8.0,42
2023-07-14 14:18:00,1328,8.0102,8.005,8.015,8.015,8.005,19
2023-07-14 14:19:00,2947,8.0093,8.01,8.01,8.01,8.005,21
2023-07-14 14:20:00,2907,8.0024,8.01,8.0,8.01,8.0,38
2023-07-14 14:21:00,3597,8.0105,8.01,8.015,8.015,8.005,40
2023-07-14 14:22:00,321,8.01,8.01,8.01,8.01,8.01,5
2023-07-14 14:23:00,3669,8.0082,8.01,8.0,8.01,8.0,40
2023-07-14 14:24:00,2667,7.9893,7.99,7.98,7.99,7.98,21
2023-07-14 14:26:00,1015,7.9818,7.98,7.98,7.98,7.98,14
2023-07-14 14:27:00,1670,7.976,7.98,7.97,7.98,7.97,22
2023-07-14 14:28:00,6822,7.9709,7.97,7.975,7.975,7.965,64
2023-07-14 14:29:00,897,7.9753,7.98,7.975,7.98,7.97,11
2023-07-14 14:30:00,3421,7.9701,7.97,7.96,7.975,7.96,34
2023-07-14 14:31:00,307,7.9665,7.97,7.965,7.97,7.965,5
2023-07-14 14:32:00,4612,7.9613,7.965,7.95,7.97,7.95,38
2023-07-14 14:33:00,5540,7.9517,7.955,7.945,7.96,7.94,47
2023-07-14 14:34:00,6096,7.9409,7.94,7.945,7.945,7.94,62
2023-07-14 14:35:00,3896,7.9562,7.95,7.96,7.96,7.95,55
2023-07-14 14:36:00,1337,7.9532,7.95,7.955,7.96,7.95,16
2023-07-14 14:37:00,4635,7.9553,7.955,7.95,7.96,7.95,45
2023-07-14 14:38:00,12185,7.9588,7.955,7.96,7.965,7.955,74
2023-07-14 14:39:00,705,7.9564,7.96,7.955,7.96,7.955,9
2023-07-14 14:40:00,6334,7.958,7.955,7.95,7.96,7.95,57
2023-07-14 14:41:00,402,7.9513,7.955,7.95,7.955,7.95,7
2023-07-14 14:42:00,212,7.95,7.95,7.95,7.95,7.95,2
2023-07-14 14:43:00,4030,7.9487,7.955,7.95,7.955,7.94,46
2023-07-14 14:44:00,676,7.9485,7.945,7.95,7.95,7.945,12
2023-07-14 14:45:00,5604,7.9501,7.95,7.95,7.955,7.945,44
2023-07-14 14:46:00,2533,7.95,7.95,7.95,7.95,7.95,19
2023-07-14 14:47:00,1523,7.9575,7.96,7.955,7.96,7.955,18
2023-07-14 14:48:00,4749,7.9586,7.96,7.96,7.96,7.955,48
2023-07-14 14:49:00,7624,7.9587,7.96,7.955,7.96,7.95,57
2023-07-14 14:50:00,2318,7.9574,7.955,7.955,7.96,7.955,24
2023-07-14 14:51:00,4762,7.9636,7.96,7.97,7.97,7.955,59
2023-07-14 14:52:00,2531,7.9686,7.97,7.965,7.97,7.96,28
2023-07-14 14:53:00,600,7.9637,7.965,7.965,7.965,7.965,4
2023-07-14 14:54:00,1897,7.9692,7.97,7.965,7.97,7.965,18
2023-07-14 14:55:00,2220,7.9759,7.97,7.98,7.98,7.97,24
2023-07-14 14:56:00,5680,7.9785,7.98,7.97,7.98,7.97,48
2023-07-14 14:57:00,2531,7.9786,7.97,7.99,7.99,7.97,20
2023-07-14 14:58:00,16151,7.9807,7.985,7.98,7.985,7.98,54
2023-07-14 14:59:00,1158,7.974,7.98,7.975,7.98,7.97,11
2023-07-14 15:00:00,3599,7.9738,7.975,7.97,7.98,7.97,36
2023-07-14 15:01:00,10290,7.9693,7.97,7.97,7.97,7.965,86
2023-07-14 15:02:00,1767,7.9733,7.98,7.97,7.98,7.97,15
2023-07-14 15:03:00,4140,7.9696,7.97,7.965,7.97,7.965,50
2023-07-14 15:04:00,1051,7.9641,7.965,7.965,7.965,7.965,16
2023-07-14 15:05:00,11473,7.97,7.965,7.97,7.975,7.965,106
2023-07-14 15:06:00,201,7.9673,7.965,7.965,7.965,7.965,3
2023-07-14 15:07:00,1006,7.965,7.965,7.965,7.965,7.965,12
2023-07-14 15:08:00,400,7.9671,7.965,7.965,7.965,7.965,4
2023-07-14 15:09:00,5767,7.9616,7.97,7.95,7.97,7.95,63
2023-07-14 15:10:00,200,7.9525,7.95,7.955,7.955,7.95,2
2023-07-14 15:11:00,200,7.9559,7.95,7.95,7.95,7.95,2
2023-07-14 15:12:00,3489,7.9475,7.95,7.945,7.95,7.94,47
2023-07-14 15:13:00,1032,7.94,7.94,7.94,7.94,7.94,15
2023-07-14 15:14:00,734,7.9428,7.94,7.945,7.95,7.94,14
2023-07-14 15:15:00,1018,7.9405,7.94,7.94,7.945,7.94,15
2023-07-14 15:16:00,2483,7.9388,7.94,7.935,7.94,7.935,35
2023-07-14 15:17:00,10384,7.9398,7.94,7.935,7.94,7.935,72
2023-07-14 15:18:00,512,7.939,7.94,7.935,7.94,7.935,5
2023-07-14 15:19:00,3433,7.9391,7.94,7.94,7.94,7.935,32
2023-07-14 15:20:00,200,7.935,7.935,7.935,7.935,7.935,2
2023-07-14 15:21:00,1161,7.935,7.935,7.935,7.935,7.935,7
2023-07-14 15:22:00,5853,7.9297,7.93,7.925,7.93,7.925,60
2023-07-14 15:23:00,312,7.9293,7.925,7.93,7.93,7.925,5
2023-07-14 15:24:00,200,7.925,7.925,7.925,7.925,7.925,2
2023-07-14 15:25:00,108,7.925,7.925,7.925,7.925,7.925,2
2023-07-14 15:26:00,418,7.9276,7.925,7.925,7.93,7.925,5
2023-07-14 15:27:00,5036,7.9205,7.925,7.91,7.925,7.91,55
2023-07-14 15:28:00,871,7.9137,7.915,7.915,7.915,7.91,14
2023-07-14 15:29:00,4598,7.9096,7.91,7.91,7.91,7.905,36
2023-07-14 15:30:00,9145,7.9002,7.91,7.9,7.91,7.895,70
2023-07-14 15:31:00,1031,7.9072,7.905,7.905,7.91,7.905,9
2023-07-14 15:32:00,1272,7.9,7.9,7.9,7.9,7.9,13
2023-07-14 15:33:00,836,7.9028,7.905,7.905,7.905,7.9,11
2023-07-14 15:34:00,801,7.905,7.905,7.905,7.905,7.905,10
2023-07-14 15:35:00,1084,7.9054,7.91,7.905,7.91,7.905,16
2023-07-14 15:36:00,707,7.905,7.905,7.905,7.905,7.905,9
2023-07-14 15:37:00,825,7.9084,7.91,7.91,7.91,7.905,9
2023-07-14 15:38:00,19496,7.9236,7.905,7.925,7.93,7.905,116
2023-07-14 15:39:00,16108,7.9288,7.93,7.93,7.9375,7.925,127
2023-07-14 15:40:00,1823,7.9416,7.935,7.95,7.95,7.935,24
2023-07-14 15:41:00,201,7.9357,7.945,7.945,7.945,7.945,3
2023-07-14 15:42:00,3619,7.941,7.945,7.945,7.945,7.94,39
2023-07-14 15:43:00,400,7.9475,7.95,7.945,7.95,7.945,3
2023-07-14 15:44:00,1810,7.95,7.95,7.955,7.955,7.945,26
2023-07-14 15:45:00,7001,7.9515,7.96,7.955,7.96,7.95,66
2023-07-14 15:46:00,4722,7.9529,7.95,7.955,7.96,7.95,47
2023-07-14 15:47:00,2188,7.9501,7.95,7.95,7.95,7.95,23
2023-07-14 15:48:00,1523,7.948,7.95,7.945,7.95,7.94,16
2023-07-14 15:49:00,3531,7.9404,7.945,7.935,7.945,7.935,39
2023-07-14 15:50:00,565,7.935,7.935,7.935,7.935,7.935,10
2023-07-14 15:51:00,449,7.9339,7.935,7.935,7.935,7.935,6
2023-07-14 15:52:00,436,7.9399,7.935,7.94,7.94,7.935,6
2023-07-14 15:53:00,580,7.9364,7.935,7.935,7.935,7.935,7
2023-07-14 15:54:00,402,7.938,7.935,7.94,7.94,7.935,6
2023-07-14 15:55:00,3880,7.9411,7.93,7.95,7.95,7.93,39
2023-07-14 15:56:00,4335,7.9495,7.95,7.945,7.95,7.945,32
2023-07-14 15:57:00,4884,7.9489,7.95,7.955,7.955,7.945,42
2023-07-14 15:58:00,2224,7.9591,7.96,7.955,7.96,7.955,18
2023-07-14 15:59:00,1819,7.9591,7.955,7.96,7.96,7.955,22
2023-07-14 16:00:00,2527,7.9607,7.955,7.97,7.97,7.955,24
2023-07-14 16:01:00,10557,7.9598,7.965,7.955,7.97,7.955,93
2023-07-14 16:02:00,6693,7.9579,7.96,7.96,7.96,7.955,69
2023-07-14 16:03:00,858,7.9637,7.965,7.965,7.965,7.96,9
2023-07-14 16:04:00,2404,7.9604,7.96,7.96,7.965,7.96,29
2023-07-14 16:05:00,1334,7.96,7.96,7.96,7.96,7.96,20
2023-07-14 16:06:00,4713,7.9589,7.965,7.95,7.965,7.95,51
2023-07-14 16:07:00,1226,7.95,7.95,7.95,7.95,7.95,16
2023-07-14 16:08:00,2609,7.9499,7.95,7.94,7.95,7.94,34
2023-07-14 16:09:00,221,7.9405,7.94,7.94,7.94,7.94,5
2023-07-14 16:10:00,345,7.9414,7.945,7.945,7.945,7.945,13
2023-07-14 16:11:00,1166,7.9391,7.94,7.935,7.94,7.935,15
2023-07-14 16:12:00,306,7.9317,7.935,7.93,7.935,7.93,5
2023-07-14 16:13:00,200,7.9325,7.93,7.935,7.935,7.93,2
2023-07-14 16:14:00,236,7.9411,7.93,7.93,7.93,7.93,4
2023-07-14 16:15:00,654,7.9364,7.93,7.935,7.94,7.93,11
2023-07-14 16:17:00,6770,7.9362,7.94,7.935,7.94,7.93,63
2023-07-14 16:18:00,5980,7.9403,7.94,7.94,7.945,7.935,62
2023-07-14 16:19:00,6053,7.9472,7.94,7.945,7.95,7.94,41
2023-07-14 16:20:00,4760,7.95,7.95,7.95,7.9505,7.95,37
2023-07-14 16:21:00,2430,7.9484,7.95,7.945,7.95,7.945,18
2023-07-14 16:22:00,620,7.9405,7.94,7.94,7.94,7.94,10
2023-07-14 16:23:00,926,7.94,7.94,7.94,7.94,7.94,13
2023-07-14 16:25:00,328,7.9432,7.945,7.945,7.945,7.945,8
2023-07-14 16:26:00,265,7.942,7.945,7.94,7.945,7.94,8
2023-07-14 16:27:00,1739,7.9432,7.94,7.945,7.945,7.94,20
2023-07-14 16:28:00,286,7.9432,7.94,7.94,7.94,7.94,9
2023-07-14 16:29:00,190,7.9445,7.945,7.945,7.945,7.945,7
2023-07-14 16:30:00,7694,7.9495,7.945,7.955,7.955,7.945,54
2023-07-14 16:31:00,1100,7.955,7.955,7.955,7.955,7.955,5
2023-07-14 16:32:00,1296,7.9572,7.955,7.955,7.96,7.955,11
2023-07-14 16:33:00,2180,7.9523,7.955,7.96,7.96,7.95,14
2023-07-14 16:34:00,5074,7.949,7.95,7.945,7.95,7.945,48
2023-07-14 16:35:00,801,7.9444,7.945,7.945,7.945,7.945,10
2023-07-14 16:36:00,2099,7.9411,7.94,7.945,7.945,7.94,25
2023-07-14 16:38:00,642,7.9452,7.945,7.945,7.945,7.945,6
2023-07-14 16:39:00,407,7.94,7.94,7.94,7.94,7.94,10
2023-07-14 16:40:00,4968,7.9394,7.94,7.94,7.945,7.935,48
2023-07-14 16:41:00,1330,7.9365,7.94,7.935,7.94,7.935,10
2023-07-14 16:42:00,301,7.9367,7.935,7.94,7.94,7.935,4
2023-07-14 16:43:00,300,7.9383,7.94,7.935,7.94,7.935,3
2023-07-14 16:44:00,4962,7.9382,7.94,7.94,7.94,7.935,44
2023-07-14 16:45:00,403,7.95,7.95,7.95,7.95,7.95,3
2023-07-14 16:46:00,167,7.948,7.95,7.95,7.95,7.95,2
2023-07-14 16:49:00,3860,7.9416,7.95,7.94,7.95,7.94,36
2023-07-14 16:50:00,4096,7.9397,7.94,7.935,7.94,7.935,43
2023-07-14 16:51:00,951,7.9373,7.93,7.935,7.94,7.93,13
2023-07-14 16:55:00,100,7.935,7.935,7.935,7.935,7.935,1
2023-07-14 16:56:00,602,7.9317,7.935,7.935,7.935,7.93,11
2023-07-14 16:57:00,1600,7.9312,7.9312,7.9312,7.9312,7.9312,1
2023-07-14 16:58:00,441,7.935,7.935,7.935,7.935,7.935,6
2023-07-14 16:59:00,317,7.9347,7.935,7.935,7.935,7.935,6
2023-07-14 17:00:00,6101,7.94,7.94,7.945,7.945,7.935,45
2023-07-14 17:01:00,4505,7.9404,7.945,7.935,7.945,7.935,37
2023-07-14 17:02:00,601,7.9345,7.9375,7.93,7.9375,7.93,9
2023-07-14 17:03:00,3774,7.9288,7.93,7.925,7.93,7.925,29
2023-07-14 17:04:00,936,7.9264,7.925,7.925,7.93,7.925,10
2023-07-14 17:05:00,1518,7.9289,7.93,7.93,7.93,7.925,16
2023-07-14 17:07:00,600,7.925,7.92,7.9275,7.9275,7.92,8
2023-07-14 17:08:00,400,7.9288,7.9275,7.9275,7.93,7.9275,3
2023-07-14 17:09:00,716,7.9275,7.93,7.925,7.93,7.925,8
2023-07-14 17:10:00,2579,7.9294,7.93,7.93,7.93,7.925,31
2023-07-14 17:11:00,614,7.9359,7.94,7.94,7.94,7.93,8
2023-07-14 17:12:00,4029,7.9394,7.94,7.94,7.94,7.935,34
2023-07-14 17:13:00,503,7.9436,7.95,7.94,7.95,7.94,9
2023-07-14 17:14:00,172,7.9403,7.9405,7.9405,7.9405,7.9405,5
2023-07-14 17:15:00,1862,7.9403,7.94,7.945,7.945,7.94,13
2023-07-14 17:16:00,2720,7.9404,7.94,7.94,7.945,7.94,27
2023-07-14 17:17:00,5198,7.9387,7.94,7.94,7.94,7.935,40
2023-07-14 17:18:00,705,7.9335,7.935,7.93,7.935,7.93,7
2023-07-14 17:19:00,299,7.9383,7.94,7.94,7.94,7.94,2
2023-07-14 17:20:00,403,7.9363,7.935,7.94,7.94,7.935,4
2023-07-14 17:21:00,923,7.9378,7.94,7.93,7.94,7.93,9
2023-07-14 17:22:00,937,7.9332,7.9375,7.93,7.9375,7.93,10
2023-07-14 17:23:00,2176,7.9327,7.93,7.93,7.9375,7.93,22
2023-07-14 17:25:00,4209,7.9289,7.93,7.925,7.93,7.925,55
2023-07-14 17:26:00,200,7.925,7.925,7.925,7.925,7.925,2
2023-07-14 17:27:00,1105,7.9264,7.925,7.925,7.93,7.925,12
2023-07-14 17:28:00,378,7.9263,7.925,7.925,7.93,7.925,8
2023-07-14 17:29:00,606,7.9283,7.925,7.925,7.93,7.925,5
2023-07-14 17:30:00,425,7.9262,7.92,7.93,7.93,7.92,11
2023-07-14 17:31:00,623,7.9282,7.93,7.925,7.93,7.925,5
2023-07-14 17:32:00,800,7.9275,7.93,7.925,7.93,7.925,5
2023-07-14 17:33:00,200,7.9225,7.92,7.925,7.925,7.92,2
2023-07-14 17:34:00,512,7.9265,7.925,7.925,7.93,7.925,7
2023-07-14 17:35:00,2998,7.931,7.93,7.935,7.94,7.93,35
2023-07-14 17:36:00,1016,7.9334,7.935,7.94,7.94,7.93,5
2023-07-14 17:37:00,674,7.9315,7.935,7.935,7.935,7.93,10
2023-07-14 17:38:00,4342,7.941,7.94,7.9475,7.95,7.935,53
2023-07-14 17:39:00,1633,7.9471,7.95,7.945,7.95,7.94,12
2023-07-14 17:40:00,600,7.9442,7.94,7.94,7.95,7.94,5
2023-07-14 17:41:00,301,7.9483,7.95,7.945,7.95,7.945,4
2023-07-14 17:42:00,700,7.9482,7.95,7.95,7.95,7.94,5
2023-07-14 17:43:00,915,7.9489,7.95,7.95,7.95,7.945,8
2023-07-14 17:44:00,300,7.9467,7.95,7.95,7.95,7.94,3
2023-07-14 17:45:00,644,7.947,7.95,7.95,7.95,7.945,8
2023-07-14 17:46:00,443,7.9473,7.95,7.95,7.95,7.94,5
2023-07-14 17:47:00,1110,7.947,7.94,7.95,7.95,7.94,9
2023-07-14 17:48:00,249,7.949,7.95,7.95,7.95,7.95,4
2023-07-14 17:49:00,334,7.9496,7.95,7.95,7.95,7.95,7
2023-07-14 17:50:00,351,7.9473,7.95,7.945,7.95,7.945,4
2023-07-14 17:51:00,825,7.9492,7.95,7.95,7.95,7.945,6
2023-07-14 17:52:00,12498,7.951,7.95,7.95,7.955,7.95,84
2023-07-14 17:53:00,1259,7.95,7.95,7.95,7.95,7.95,8
2023-07-14 17:54:00,947,7.95,7.95,7.95,7.95,7.95,2
2023-07-14 17:55:00,829,7.9506,7.95,7.955,7.955,7.95,7
2023-07-14 17:56:00,895,7.9563,7.96,7.955,7.96,7.955,9
2023-07-14 17:57:00,400,7.9552,7.955,7.96,7.96,7.955,4
2023-07-14 17:58:00,1066,7.9569,7.95,7.96,7.96,7.95,18
2023-07-14 17:59:00,11865,7.9601,7.955,7.965,7.965,7.955,77
2023-07-14 18:00:00,9380,7.9575,7.96,7.955,7.965,7.95,62
2023-07-14 18:01:00,20081,7.9629,7.95,7.975,7.98,7.95,146
2023-07-14 18:02:00,1800,7.975,7.975,7.975,7.975,7.975,8
2023-07-14 18:03:00,1020,7.9751,7.975,7.975,7.975,7.975,13
2023-07-14 18:04:00,1000,7.975,7.975,7.975,7.975,7.975,10
2023-07-14 18:05:00,1884,7.9749,7.975,7.975,7.975,7.975,22
2023-07-14 18:06:00,1090,7.975,7.975,7.975,7.975,7.975,11
2023-07-14 18:07:00,888,7.9775,7.975,7.975,7.98,7.975,11
2023-07-14 18:08:00,400,7.9769,7.98,7.975,7.98,7.975,4
2023-07-14 18:09:00,926,7.9761,7.98,7.975,7.98,7.975,10
2023-07-14 18:10:00,1857,7.9756,7.975,7.98,7.98,7.97,19
2023-07-14 18:11:00,630,7.9799,7.98,7.98,7.98,7.98,10
2023-07-14 18:12:00,1281,7.9778,7.98,7.975,7.98,7.975,13
2023-07-14 18:13:00,1804,7.9763,7.98,7.98,7.98,7.975,15
2023-07-14 18:14:00,716,7.9778,7.98,7.975,7.98,7.975,11
2023-07-14 18:15:00,917,7.9765,7.98,7.975,7.98,7.975,13
2023-07-14 18:16:00,938,7.9782,7.975,7.975,7.98,7.975,12
2023-07-14 18:17:00,527,7.9774,7.975,7.975,7.98,7.975,9
2023-07-14 18:18:00,661,7.9773,7.975,7.975,7.98,7.975,9
2023-07-14 18:19:00,420,7.9786,7.975,7.98,7.98,7.975,8
2023-07-14 18:20:00,1131,7.9797,7.98,7.98,7.98,7.98,11
2023-07-14 18:21:00,637,7.9783,7.98,7.98,7.98,7.975,9
2023-07-14 18:22:00,1916,7.9762,7.98,7.98,7.98,7.975,11
2023-07-14 18:23:00,1400,7.9793,7.98,7.98,7.98,7.9799,10
2023-07-14 18:24:00,26569,7.9721,7.98,7.975,7.98,7.97,186
2023-07-14 18:25:00,2227,7.9679,7.97,7.965,7.97,7.96,31
2023-07-14 18:26:00,500,7.9664,7.965,7.965,7.965,7.965,5
2023-07-14 18:27:00,934,7.9686,7.97,7.9675,7.97,7.965,14
2023-07-14 18:28:00,228,7.9671,7.97,7.965,7.97,7.965,7
2023-07-14 18:29:00,9512,7.97,7.965,7.975,7.975,7.965,73
2023-07-14 18:30:00,568,7.9763,7.975,7.98,7.98,7.975,8
2023-07-14 18:31:00,301,7.975,7.975,7.975,7.975,7.975,2
2023-07-14 18:32:00,800,7.975,7.975,7.975,7.975,7.975,8
2023-07-14 18:33:00,1724,7.9753,7.975,7.975,7.98,7.97,16
2023-07-14 18:34:00,410,7.9774,7.975,7.98,7.98,7.975,5
2023-07-14 18:35:00,895,7.9747,7.98,7.975,7.98,7.975,9
2023-07-14 18:36:00,1410,7.9761,7.975,7.975,7.98,7.975,14
2023-07-14 18:37:00,1571,7.9762,7.975,7.98,7.98,7.975,17
2023-07-14 18:38:00,1001,7.98,7.98,7.98,7.98,7.98,11
2023-07-14 18:39:00,212,7.9797,7.98,7.98,7.98,7.98,4
2023-07-14 18:40:00,1382,7.979,7.98,7.98,7.98,7.975,8
2023-07-14 18:41:00,744,7.9763,7.98,7.975,7.98,7.975,9
2023-07-14 18:42:00,306,7.9799,7.98,7.98,7.98,7.98,3
2023-07-14 18:43:00,860,7.975,7.975,7.975,7.975,7.975,8
2023-07-14 18:44:00,462,7.9766,7.98,7.975,7.98,7.975,7
2023-07-14 18:45:00,1259,7.9796,7.98,7.98,7.98,7.98,12
2023-07-14 18:46:00,1338,7.9754,7.975,7.98,7.98,7.975,10
2023-07-14 18:48:00,644,7.9792,7.975,7.98,7.98,7.975,6
2023-07-14 18:49:00,391,7.9791,7.98,7.98,7.98,7.98,8
2023-07-14 18:50:00,1012,7.9795,7.98,7.98,7.98,7.98,10
2023-07-14 18:51:00,1167,7.9799,7.98,7.98,7.98,7.98,17
2023-07-14 18:52:00,1233,7.9789,7.98,7.98,7.98,7.975,10
2023-07-14 18:53:00,8768,7.9819,7.98,7.985,7.985,7.975,93
2023-07-14 18:54:00,2933,7.9851,7.99,7.985,7.99,7.985,26
2023-07-14 18:55:00,2556,7.9849,7.985,7.985,7.99,7.98,31
2023-07-14 18:56:00,2449,7.9856,7.985,7.985,7.99,7.985,25
2023-07-14 18:57:00,2324,7.9852,7.985,7.99,7.99,7.98,25
2023-07-14 18:58:00,1264,7.9862,7.99,7.985,7.99,7.985,13
2023-07-14 18:59:00,1967,7.9866,7.985,7.99,7.99,7.985,21
2023-07-14 19:00:00,1970,7.9852,7.985,7.985,7.99,7.985,22
2023-07-14 19:01:00,8331,7.9795,7.985,7.975,7.985,7.97,60
2023-07-14 19:02:00,1151,7.977,7.975,7.98,7.98,7.975,16
2023-07-14 19:03:00,161,7.9756,7.975,7.975,7.975,7.975,2
2023-07-14 19:04:00,1041,7.9752,7.975,7.975,7.975,7.975,11
2023-07-14 19:05:00,227,7.9772,7.98,7.975,7.98,7.975,6
2023-07-14 19:06:00,9621,7.9731,7.975,7.975,7.975,7.97,75
2023-07-14 19:07:00,1655,7.9734,7.97,7.975,7.975,7.97,26
2023-07-14 19:08:00,1107,7.9749,7.975,7.975,7.975,7.975,14
2023-07-14 19:09:00,698,7.975,7.975,7.975,7.975,7.975,10
2023-07-14 19:10:00,1501,7.9751,7.975,7.975,7.98,7.97,16
2023-07-14 19:11:00,1451,7.976,7.975,7.975,7.98,7.975,17
2023-07-14 19:12:00,3312,7.9752,7.975,7.975,7.98,7.97,32
2023-07-14 19:13:00,1364,7.9777,7.98,7.98,7.98,7.975,16
2023-07-14 19:14:00,7332,7.9813,7.975,7.99,7.99,7.975,67
2023-07-14 19:15:00,1641,7.9856,7.985,7.985,7.99,7.985,16
2023-07-14 19:16:00,8022,7.9853,7.99,7.985,7.99,7.985,47
2023-07-14 19:17:00,15155,7.9799,7.985,7.975,7.99,7.975,120
2023-07-14 19:18:00,1128,7.9762,7.975,7.975,7.98,7.975,12
2023-07-14 19:19:00,18454,7.9703,7.975,7.975,7.975,7.965,112
2023-07-14 19:20:00,1024,7.9746,7.975,7.975,7.975,7.975,10
2023-07-14 19:21:00,520,7.975,7.975,7.975,7.975,7.975,6
2023-07-14 19:22:00,1949,7.975,7.975,7.975,7.975,7.975,22
2023-07-14 19:23:00,5374,7.9738,7.975,7.975,7.98,7.97,34
2023-07-14 19:24:00,2110,7.9752,7.975,7.975,7.975,7.975,19
2023-07-14 19:25:00,3189,7.9745,7.98,7.975,7.98,7.97,28
2023-07-14 19:26:00,20264,7.9702,7.975,7.965,7.975,7.965,127
2023-07-14 19:27:00,3135,7.9643,7.965,7.965,7.97,7.96,26
2023-07-14 19:28:00,1644,7.963,7.965,7.965,7.965,7.96,15
2023-07-14 19:29:00,931,7.9643,7.965,7.965,7.965,7.965,8
2023-07-14 19:30:00,9746,7.9621,7.965,7.965,7.965,7.96,71
2023-07-14 19:31:00,1477,7.9643,7.965,7.965,7.965,7.96,17
2023-07-14 19:32:00,6962,7.9672,7.965,7.97,7.97,7.965,53
2023-07-14 19:33:00,1976,7.9654,7.97,7.965,7.97,7.96,21
2023-07-14 19:34:00,2032,7.9645,7.965,7.965,7.97,7.96,21
2023-07-14 19:35:00,1870,7.9652,7.965,7.97,7.97,7.96,18
2023-07-14 19:36:00,3620,7.9654,7.96,7.97,7.97,7.96,28
2023-07-14 19:37:00,3684,7.9647,7.965,7.965,7.97,7.96,30
2023-07-14 19:38:00,1705,7.9675,7.965,7.97,7.97,7.965,18
2023-07-14 19:39:00,2802,7.967,7.97,7.965,7.97,7.965,26
2023-07-14 19:40:00,7040,7.9689,7.965,7.97,7.97,7.965,68
2023-07-14 19:41:00,2002,7.9699,7.97,7.97,7.97,7.97,19
2023-07-14 19:42:00,6898,7.973,7.97,7.98,7.98,7.97,52
2023-07-14 19:43:00,2552,7.979,7.98,7.98,7.98,7.975,25
2023-07-14 19:44:00,4286,7.9798,7.98,7.98,7.98,7.975,37
2023-07-14 19:45:00,10498,7.9834,7.98,7.99,7.99,7.98,90
2023-07-14 19:46:00,5872,7.9898,7.99,7.99,7.99,7.99,38
2023-07-14 19:47:00,5983,7.9893,7.99,7.99,7.99,7.985,33
2023-07-14 19:48:00,8328,7.9862,7.985,7.99,7.99,7.98,59
2023-07-14 19:49:00,9549,7.9883,7.99,7.99,7.99,7.985,69
2023-07-14 19:50:00,11056,7.9896,7.99,7.99,7.99,7.985,86
2023-07-14 19:51:00,5852,7.9893,7.985,7.99,7.99,7.985,53
2023-07-14 19:52:00,6467,7.9967,7.99,8.0,8.0,7.99,69
2023-07-14 19:53:00,5911,8.0,8.0,8.0,8.0,8.0,50
2023-07-14 19:54:00,11511,7.9976,8.0,7.995,8.0,7.99,96
2023-07-14 19:55:00,58295,7.9871,7.995,7.985,8.0,7.98,268
2023-07-14 19:56:00,20940,7.9831,7.985,7.985,7.985,7.98,110
2023-07-14 19:57:00,33240,7.9764,7.985,7.975,7.985,7.97,159
2023-07-14 19:58:00,12921,7.9721,7.975,7.975,7.975,7.97,99
2023-07-14 19:59:00,92976,7.961,7.975,7.96,7.975,7.95,428
2023-07-14 20:00:00,5357,7.9673,7.96,8.35,8.35,7.96,11
2023-07-17 13:30:00,14277,7.9705,7.92,7.96,8.02,7.92,48
2023-07-17 13:31:00,1523,7.9456,7.97,7.95,7.97,7.92,11
2023-07-17 13:32:00,467,7.9533,7.95,7.96,7.96,7.95,7
2023-07-17 13:35:00,280,7.965,7.965,7.965,7.965,7.965,1
2023-07-17 13:36:00,3065,7.9738,7.97,7.985,7.985,7.97,31
2023-07-17 13:37:00,1248,8.0008,8.0,8.0,8.005,8.0,20
2023-07-17 13:38:00,2342,7.9871,7.99,7.985,7.99,7.98,21
2023-07-17 13:39:00,12676,7.9965,7.985,8.005,8.005,7.98,96
2023-07-17 13:40:00,3261,8.0017,8.01,7.99,8.01,7.99,33
2023-07-17 13:41:00,1531,7.9912,7.995,7.99,7.995,7.99,19
2023-07-17 13:42:00,4160,7.9944,7.995,7.995,7.995,7.99,33
2023-07-17 13:43:00,1926,8.0,7.995,8.005,8.005,7.99,21
2023-07-17 13:44:00,806,8.005,8.005,8.005,8.01,8.005,11
2023-07-17 13:45:00,20204,8.0243,8.01,8.025,8.03,8.01,49
2023-07-17 13:46:00,1277,8.0235,8.02,8.02,8.025,8.02,15
2023-07-17 13:47:00,4784,8.0376,8.03,8.045,8.045,8.03,28
2023-07-17 13:48:00,2129,8.0501,8.045,8.055,8.055,8.045,17
2023-07-17 13:49:00,4320,8.062,8.06,8.065,8.065,8.06,41
2023-07-17 13:50:00,5424,8.0712,8.07,8.075,8.075,8.07,51
2023-07-17 13:51:00,22958,8.0804,8.08,8.07,8.085,8.07,67
2023-07-17 13:52:00,3821,8.051,8.06,8.05,8.06,8.045,42
2023-07-17 13:53:00,11293,8.0644,8.06,8.065,8.065,8.06,47
2023-07-17 13:54:00,2378,8.0674,8.06,8.07,8.075,8.06,30
2023-07-17 13:55:00,661,8.0538,8.055,8.06,8.06,8.05,14
2023-07-17 13:56:00,1349,8.0526,8.055,8.05,8.055,8.05,24
2023-07-17 13:57:00,1350,8.0504,8.05,8.05,8.055,8.05,30
2023-07-17 13:58:00,2038,8.0479,8.045,8.05,8.05,8.045,35
2023-07-17 13:59:00,2365,8.0498,8.05,8.05,8.05,8.045,39
2023-07-17 14:00:00,2558,8.055,8.055,8.055,8.055,8.055,23
2023-07-17 14:01:00,4693,8.0602,8.055,8.055,8.065,8.055,47
2023-07-17 14:02:00,3633,8.0461,8.05,8.045,8.05,8.04,35
2023-07-17 14:03:00,430,8.0455,8.0475,8.05,8.05,8.04,13
2023-07-17 14:04:00,6922,8.0346,8.04,8.03,8.04,8.03,62
2023-07-17 14:05:00,1498,8.0261,8.03,8.02,8.035,8.02,23
2023-07-17 14:06:00,10439,8.02,8.01,8.02,8.025,8.01,107
2023-07-17 14:07:00,2556,8.0214,8.02,8.0289,8.0289,8.01,35
2023-07-17 14:08:00,1783,8.0171,8.02,8.0163,8.02,8.01,27
2023-07-17 14:09:00,2470,8.0204,8.02,8.025,8.025,8.02,46
2023-07-17 14:10:00,2803,8.0252,8.02,8.025,8.03,8.02,23
2023-07-17 14:11:00,2200,8.0222,8.0275,8.0275,8.0275,8.02,29
2023-07-17 14:12:00,13867,8.0298,8.03,8.035,8.0375,8.025,109
2023-07-17 14:13:00,3169,8.0289,8.0375,8.025,8.0375,8.02,26
2023-07-17 14:14:00,1967,8.0277,8.03,8.025,8.03,8.025,19
2023-07-17 14:15:00,417,8.0263,8.025,8.025,8.03,8.025,11
2023-07-17 14:16:00,3454,8.0225,8.03,8.015,8.03,8.015,33
2023-07-17 14:17:00,2165,8.0132,8.015,8.01,8.015,8.01,33
2023-07-17 14:18:00,765,8.0104,8.01,8.01,8.01,8.01,18
2023-07-17 14:19:00,1107,8.0127,8.01,8.01,8.015,8.01,22
2023-07-17 14:20:00,3011,8.0109,8.015,8.005,8.015,8.005,41
2023-07-17 14:21:00,1034,8.0025,8.0007,8.0,8.0007,8.0,20
2023-07-17 14:22:00,12836,8.0089,8.0,8.0,8.015,8.0,125
2023-07-17 14:23:00,4017,8.0117,8.01,8.02,8.02,8.01,37
2023-07-17 14:24:00,1495,8.0148,8.015,8.0175,8.0175,8.01,18
2023-07-17 14:25:00,382,8.0141,8.0175,8.0175,8.0175,8.01,12
2023-07-17 14:26:00,2765,8.0138,8.0175,8.0175,8.0175,8.01,24
2023-07-17 14:27:00,5939,8.01,8.01,8.01,8.01,8.01,62
2023-07-17 14:28:00,8968,8.0161,8.01,8.025,8.025,8.005,96
2023-07-17 14:29:00,109,8.025,8.025,8.025,8.025,8.025,7
2023-07-17 14:30:00,854,8.0244,8.025,8.025,8.025,8.02,16
2023-07-17 14:31:00,7748,8.0201,8.025,8.02,8.025,8.015,84
2023-07-17 14:32:00,518,8.0235,8.025,8.025,8.0275,8.02,17
2023-07-17 14:33:00,2496,8.0307,8.03,8.035,8.035,8.03,33
2023-07-17 14:34:00,2244,8.0356,8.035,8.035,8.04,8.035,23
2023-07-17 14:35:00,17094,8.0377,8.035,8.0375,8.045,8.03,119
2023-07-17 14:36:00,3834,8.0266,8.03,8.02,8.03,8.02,43
2023-07-17 14:37:00,557,8.0268,8.0275,8.03,8.03,8.02,13
2023-07-17 14:38:00,773,8.024,8.025,8.02,8.025,8.02,19
2023-07-17 14:39:00,663,8.0242,8.03,8.025,8.03,8.02,14
2023-07-17 14:40:00,9623,8.0322,8.03,8.045,8.045,8.025,77
2023-07-17 14:41:00,1444,8.045,8.0475,8.04,8.05,8.04,19
2023-07-17 14:42:00,12721,8.0383,8.04,8.04,8.04,8.035,67
2023-07-17 14:43:00,2062,8.0356,8.035,8.035,8.04,8.035,11
2023-07-17 14:44:00,8112,8.0374,8.035,8.035,8.045,8.035,34
2023-07-17 14:45:00,1538,8.043,8.045,8.04,8.045,8.04,25
2023-07-17 14:46:00,1808,8.0411,8.0475,8.04,8.0475,8.04,25
2023-07-17 14:47:00,1797,8.0454,8.045,8.0475,8.05,8.045,21
2023-07-17 14:48:00,5759,8.0472,8.0475,8.055,8.055,8.04,50
2023-07-17 14:49:00,438,8.0552,8.055,8.055,8.055,8.055,8
2023-07-17 14:50:00,9115,8.0481,8.055,8.04,8.055,8.04,88
2023-07-17 14:51:00,3305,8.0367,8.04,8.035,8.04,8.035,21
2023-07-17 14:52:00,771,8.0387,8.04,8.035,8.04,8.035,14
2023-07-17 14:53:00,926,8.0355,8.035,8.035,8.035,8.035,14
2023-07-17 14:54:00,1391,8.0328,8.03,8.035,8.04,8.03,17
2023-07-17 14:55:00,3281,8.0302,8.035,8.02,8.0375,8.02,29
2023-07-17 14:56:00,3231,8.0146,8.0275,8.01,8.0275,8.01,22
2023-07-17 14:57:00,204,8.015,8.015,8.015,8.015,8.015,4
2023-07-17 14:58:00,3487,8.0189,8.02,8.025,8.025,8.015,32
2023-07-17 14:59:00,682,8.0249,8.025,8.025,8.0275,8.025,10
2023-07-17 15:00:00,2773,8.02,8.02,8.02,8.02,8.02,35
2023-07-17 15:01:00,2778,8.0191,8.02,8.015,8.02,8.015,27
2023-07-17 15:02:00,7061,8.0183,8.015,8.02,8.025,8.015,42
2023-07-17 15:03:00,1401,8.0247,8.025,8.025,8.025,8.025,15
2023-07-17 15:04:00,1553,8.0247,8.025,8.02,8.025,8.02,15
2023-07-17 15:05:00,1766,8.0194,8.02,8.01,8.02,8.01,20
2023-07-17 15:06:00,1237,8.0146,8.015,8.01,8.015,8.01,17
2023-07-17 15:07:00,2629,8.0096,8.01,8.005,8.01,8.005,45
2023-07-17 15:08:00,20937,8.0001,8.005,7.995,8.005,7.995,112
2023-07-17 15:09:00,2212,7.995,7.995,7.99,8.0,7.99,20
2023-07-17 15:10:00,6512,7.9996,8.0,8.0,8.005,7.99,69
2023-07-17 15:11:00,5884,7.9988,8.005,8.0,8.005,7.995,47
2023-07-17 15:12:00,9777,7.9981,7.995,8.0,8.0,7.995,66
2023-07-17 15:13:00,8709,8.0,8.0,8.0,8.005,7.995,56
2023-07-17 15:14:00,1949,8.0,8.0,8.0,8.0,8.0,29
2023-07-17 15:15:00,1163,8.0011,8.0,8.0,8.005,8.0,28
2023-07-17 15:16:00,1384,8.0007,8.0,8.0,8.005,8.0,29
2023-07-17 15:17:00,1719,8.0,8.0,8.0,8.0,8.0,40
2023-07-17 15:18:00,3988,7.9985,8.005,7.995,8.005,7.995,50
2023-07-17 15:19:00,3753,7.9959,8.0,7.99,8.0,7.99,21
2023-07-17 15:20:00,2332,7.9939,7.995,7.99,7.995,7.99,22
2023-07-17 15:21:00,4922,7.9901,7.995,7.985,7.995,7.985,56
2023-07-17 15:22:00,5177,7.9863,7.985,7.98,7.99,7.98,43
2023-07-17 15:23:00,1188,7.9833,7.98,7.985,7.985,7.98,18
2023-07-17 15:24:00,7981,7.9894,7.985,7.99,7.995,7.985,73
2023-07-17 15:25:00,2008,7.992,7.99,7.995,7.995,7.99,24
2023-07-17 15:26:00,379,7.995,7.995,7.995,7.995,7.995,7
2023-07-17 15:27:00,1798,7.9939,7.99,7.995,8.0,7.99,18
2023-07-17 15:28:00,3862,7.9881,7.995,7.985,7.995,7.98,42
2023-07-17 15:29:00,1291,7.9838,7.985,7.985,7.99,7.98,13
2023-07-17 15:30:00,1628,7.9832,7.985,7.98,7.985,7.98,21
2023-07-17 15:31:00,546,7.9802,7.98,7.98,7.98,7.98,19
2023-07-17 15:32:00,919,7.9828,7.98,7.98,7.985,7.98,20
2023-07-17 15:33:00,742,7.9815,7.98,7.985,7.985,7.98,21
2023-07-17 15:34:00,5283,7.9803,7.98,7.98,7.985,7.975,80
2023-07-17 15:35:00,14647,7.9837,7.975,7.99,7.99,7.975,105
2023-07-17 15:36:00,15702,7.9996,7.995,8.0,8.0,7.99,101
2023-07-17 15:37:00,2041,7.9979,8.0,7.995,8.0,7.995,14
2023-07-17 15:38:00,214,7.995,7.995,7.995,7.995,7.995,9
2023-07-17 15:39:00,459,7.996,7.9975,7.995,7.9975,7.995,16
2023-07-17 15:40:00,313,7.9958,7.995,7.9975,7.9975,7.995,9
2023-07-17 15:41:00,3043,7.99,7.99,7.99,7.99,7.99,41
2023-07-17 15:42:00,3545,7.99,7.995,7.99,7.995,7.985,49
2023-07-17 15:43:00,5547,7.9897,7.985,7.99,7.99,7.985,62
2023-07-17 15:44:00,1436,7.995,7.995,7.995,7.995,7.995,19
2023-07-17 15:45:00,1012,7.9948,7.995,7.995,7.995,7.995,16
2023-07-17 15:46:00,208,7.995,7.995,7.995,7.995,7.995,8
2023-07-17 15:47:00,3516,7.9884,7.99,7.985,7.99,7.98,43
2023-07-17 15:48:00,954,7.985,7.985,7.985,7.985,7.985,15
2023-07-17 15:49:00,3485,7.9789,7.98,7.975,7.98,7.975,43
2023-07-17 15:50:00,1102,7.9732,7.975,7.97,7.975,7.97,14
2023-07-17 15:51:00,853,7.9709,7.975,7.97,7.975,7.97,18
2023-07-17 15:52:00,619,7.9702,7.97,7.97,7.97,7.97,10
2023-07-17 15:53:00,3720,7.9754,7.97,7.975,7.98,7.97,35
2023-07-17 15:54:00,1902,7.9732,7.975,7.975,7.975,7.97,26
2023-07-17 15:55:00,817,7.973,7.97,7.97,7.98,7.97,13
2023-07-17 15:56:00,2022,7.9748,7.97,7.97,7.98,7.97,22
2023-07-17 15:57:00,2082,7.9747,7.975,7.975,7.98,7.97,22
2023-07-17 15:58:00,1951,7.9749,7.975,7.97,7.98,7.97,34
2023-07-17 15:59:00,1850,7.9745,7.975,7.975,7.98,7.97,34
2023-07-17 16:00:00,8819,7.9784,7.975,7.98,7.98,7.97,117
2023-07-17 16:01:00,573,7.9818,7.98,7.985,7.985,7.98,14
2023-07-17 16:02:00,1098,7.9845,7.985,7.98,7.99,7.98,22
2023-07-17 16:03:00,8675,7.9784,7.99,7.97,7.99,7.97,66
2023-07-17 16:04:00,722,7.9729,7.97,7.97,7.975,7.97,18
2023-07-17 16:05:00,13221,7.9791,7.98,7.98,7.98,7.97,108
2023-07-17 16:06:00,6371,7.9806,7.98,7.98,7.99,7.98,46
2023-07-17 16:07:00,15862,7.9817,7.99,7.98,7.99,7.98,95
2023-07-17 16:08:00,307,7.9803,7.98,7.98,7.98,7.98,16
2023-07-17 16:09:00,15785,7.9817,7.98,7.98,7.99,7.98,81
2023-07-17 16:10:00,13844,7.9943,7.985,8.005,8.01,7.98,121
2023-07-17 16:11:00,255,8.0006,8.0,8.0,8.0,8.0,6
2023-07-17 16:12:00,3296,8.0032,8.0,8.0,8.005,8.0,37
2023-07-17 16:13:00,1654,8.0007,8.0,8.0,8.005,8.0,32
2023-07-17 16:14:00,5755,7.9993,8.0,7.99,8.0,7.99,50
2023-07-17 16:15:00,2777,7.9902,7.99,7.995,7.995,7.99,38
2023-07-17 16:16:00,2261,7.9887,7.99,7.985,7.99,7.98,26
2023-07-17 16:17:00,4827,7.9808,7.98,7.98,7.985,7.98,45
2023-07-17 16:18:00,27096,7.9799,7.98,7.98,7.98,7.975,177
2023-07-17 16:19:00,1141,7.9805,7.98,7.98,7.985,7.98,11
2023-07-17 16:20:00,775,7.9817,7.98,7.98,7.98,7.98,15
2023-07-17 16:21:00,1269,7.9805,7.98,7.98,7.985,7.98,27
2023-07-17 16:22:00,920,7.981,7.98,7.98,7.985,7.98,22
2023-07-17 16:23:00,1613,7.9801,7.98,7.98,7.98,7.98,29
2023-07-17 16:24:00,6150,7.9808,7.98,7.98,7.985,7.98,62
2023-07-17 16:25:00,6645,7.981,7.98,7.98,7.99,7.98,43
2023-07-17 16:26:00,809,7.9824,7.9886,7.98,7.9886,7.98,13
2023-07-17 16:27:00,6496,7.9837,7.98,7.985,7.99,7.98,57
2023-07-17 16:28:00,4822,7.9901,7.99,7.995,7.995,7.99,59
2023-07-17 16:29:00,217,7.995,7.995,7.995,7.995,7.995,8
2023-07-17 16:30:00,618,7.992,7.995,7.99,8.0,7.99,11
2023-07-17 16:31:00,4357,7.9997,7.99,8.0,8.0,7.99,54
2023-07-17 16:32:00,625,8.0001,8.0,8.0,8.0,8.0,15
2023-07-17 16:33:00,4364,7.9998,8.0,7.995,8.0,7.995,50
2023-07-17 16:35:00,1452,7.9908,7.995,7.99,7.995,7.99,24
2023-07-17 16:36:00,714,7.9901,7.99,7.99,7.99,7.99,12
2023-07-17 16:37:00,212,7.9926,7.99,7.995,7.995,7.99,10
2023-07-17 16:38:00,817,7.9901,7.99,7.99,7.99,7.99,18
2023-07-17 16:39:00,161,7.9964,7.995,7.995,7.995,7.995,11
2023-07-17 16:40:00,721,7.9906,7.99,7.99,7.99,7.99,17
2023-07-17 16:41:00,690,7.9901,7.99,7.99,7.99,7.99,15
2023-07-17 16:42:00,334,7.9948,7.995,7.995,7.995,7.995,14
2023-07-17 16:43:00,613,7.9901,7.99,7.99,7.99,7.99,14
2023-07-17 16:45:00,4604,7.9876,7.99,7.98,7.9975,7.98,45
2023-07-17 16:46:00,710,7.9818,7.98,7.985,7.985,7.98,11
2023-07-17 16:48:00,221,7.9802,7.98,7.98,7.98,7.98,13
2023-07-17 16:49:00,1259,7.9794,7.98,7.975,7.98,7.975,17
2023-07-17 16:50:00,1300,7.97,7.97,7.97,7.97,7.97,19
2023-07-17 16:51:00,3559,7.969,7.97,7.965,7.975,7.965,43
2023-07-17 16:52:00,457,7.9631,7.965,7.9612,7.965,7.9612,11
2023-07-17 16:54:00,157,7.9602,7.96,7.96,7.96,7.96,5
2023-07-17 16:55:00,132,7.9643,7.965,7.965,7.965,7.965,10
2023-07-17 16:56:00,120,7.965,7.965,7.965,7.965,7.965,3
2023-07-17 16:57:00,8736,7.9691,7.965,7.97,7.97,7.965,85
2023-07-17 16:58:00,2847,7.97,7.97,7.97,7.97,7.97,27
2023-07-17 17:00:00,116,7.9654,7.965,7.965,7.965,7.965,7
2023-07-17 17:01:00,120,7.965,7.965,7.965,7.965,7.965,5
2023-07-17 17:02:00,323,7.965,7.965,7.965,7.965,7.965,10
2023-07-17 17:03:00,486,7.9608,7.96,7.96,7.96,7.96,13
2023-07-17 17:04:00,474,7.965,7.965,7.965,7.965,7.965,9
2023-07-17 17:06:00,817,7.965,7.965,7.965,7.965,7.965,9
2023-07-17 17:07:00,361,7.966,7.965,7.965,7.965,7.965,6
2023-07-17 17:08:00,731,7.9615,7.965,7.965,7.965,7.96,18
2023-07-17 17:10:00,2931,7.9674,7.9614,7.965,7.97,7.9614,42
2023-07-17 17:11:00,2463,7.9652,7.965,7.965,7.97,7.965,30
2023-07-17 17:12:00,836,7.9648,7.965,7.965,7.965,7.965,13
2023-07-17 17:13:00,103,7.9601,7.96,7.96,7.96,7.96,4
2023-07-17 17:14:00,225,7.965,7.965,7.965,7.965,7.965,8
2023-07-17 17:15:00,425,7.965,7.965,7.965,7.965,7.965,11
2023-07-17 17:16:00,442,7.965,7.965,7.965,7.965,7.965,6
2023-07-17 17:18:00,1405,7.9655,7.965,7.965,7.965,7.965,20
2023-07-17 17:19:00,561,7.9646,7.965,7.965,7.965,7.965,7
2023-07-17 17:20:00,290,7.9618,7.96,7.965,7.965,7.96,7
2023-07-17 17:22:00,645,7.965,7.965,7.965,7.965,7.965,11
2023-07-17 17:23:00,227,7.9644,7.965,7.965,7.965,7.965,6
2023-07-17 17:24:00,705,7.9643,7.965,7.965,7.965,7.965,9
2023-07-17 17:25:00,234,7.9642,7.965,7.965,7.965,7.965,6
2023-07-17 17:27:00,490,7.9642,7.965,7.965,7.965,7.965,10
2023-07-17 17:28:00,501,7.965,7.965,7.965,7.965,7.965,3
2023-07-17 17:30:00,1418,7.9614,7.965,7.96,7.965,7.96,15
2023-07-17 17:31:00,8877,7.9597,7.96,7.955,7.96,7.955,66
2023-07-17 17:32:00,739,7.955,7.955,7.955,7.955,7.955,10
2023-07-17 17:33:00,1353,7.9574,7.955,7.955,7.96,7.955,18
2023-07-17 17:34:00,317,7.9598,7.96,7.96,7.96,7.96,7
2023-07-17 17:35:00,3262,7.96,7.96,7.96,7.96,7.96,34
2023-07-17 17:36:00,726,7.9593,7.96,7.96,7.96,7.955,8
2023-07-17 17:37:00,4579,7.9618,7.96,7.965,7.965,7.96,66
2023-07-17 17:38:00,658,7.9653,7.965,7.965,7.965,7.965,10
2023-07-17 17:39:00,400,7.965,7.965,7.965,7.965,7.965,5
2023-07-17 17:40:00,1331,7.9677,7.965,7.965,7.97,7.965,12
2023-07-17 17:41:00,1302,7.9635,7.965,7.96,7.965,7.96,12
2023-07-17 17:42:00,100,7.965,7.965,7.965,7.965,7.965,1
2023-07-17 17:43:00,1002,7.965,7.965,7.965,7.965,7.965,9
2023-07-17 17:44:00,578,7.9648,7.965,7.965,7.9675,7.965,7
2023-07-17 17:45:00,7497,7.9602,7.965,7.96,7.965,7.955,60
2023-07-17 17:46:00,835,7.96,7.96,7.96,7.96,7.96,5
2023-07-17 17:47:00,500,7.957,7.96,7.96,7.96,7.955,3
2023-07-17 17:48:00,214,7.9573,7.955,7.96,7.96,7.955,4
2023-07-17 17:49:00,807,7.9562,7.955,7.96,7.96,7.955,9
2023-07-17 17:50:00,401,7.955,7.955,7.955,7.955,7.955,2
2023-07-17 17:51:00,900,7.955,7.955,7.955,7.955,7.955,5
2023-07-17 17:52:00,841,7.9592,7.955,7.96,7.96,7.955,10
2023-07-17 17:53:00,719,7.9525,7.955,7.95,7.9575,7.95,11
2023-07-17 17:54:00,2895,7.9498,7.95,7.945,7.95,7.945,27
2023-07-17 17:55:00,2952,7.945,7.945,7.945,7.945,7.945,30
2023-07-17 17:56:00,801,7.945,7.945,7.945,7.945,7.945,7
2023-07-17 17:57:00,348,7.9465,7.945,7.945,7.945,7.945,5
2023-07-17 17:58:00,1110,7.9441,7.945,7.945,7.945,7.94,8
2023-07-17 18:00:00,1206,7.9417,7.945,7.94,7.945,7.94,14
2023-07-17 18:01:00,7531,7.9357,7.94,7.93,7.94,7.93,48
2023-07-17 18:02:00,502,7.938,7.935,7.935,7.94,7.935,8
2023-07-17 18:03:00,1909,7.9369,7.935,7.935,7.94,7.935,26
2023-07-17 18:05:00,772,7.9332,7.935,7.93,7.935,7.93,9
2023-07-17 18:06:00,550,7.9337,7.935,7.935,7.935,7.935,10
2023-07-17 18:07:00,796,7.935,7.935,7.935,7.935,7.935,11
2023-07-17 18:08:00,284,7.935,7.935,7.935,7.935,7.935,14
2023-07-17 18:09:00,1426,7.9324,7.935,7.93,7.935,7.93,32
2023-07-17 18:10:00,799,7.9344,7.93,7.935,7.935,7.93,19
2023-07-17 18:11:00,1987,7.9362,7.935,7.935,7.94,7.935,32
2023-07-17 18:12:00,522,7.9356,7.93,7.9325,7.94,7.93,15
2023-07-17 18:13:00,5988,7.9398,7.94,7.94,7.94,7.935,83
2023-07-17 18:14:00,1155,7.9477,7.945,7.95,7.95,7.945,16
2023-07-17 18:15:00,2120,7.949,7.95,7.95,7.95,7.945,46
2023-07-17 18:16:00,1681,7.9495,7.95,7.945,7.95,7.945,27
2023-07-17 18:17:00,2626,7.9467,7.95,7.945,7.95,7.945,28
2023-07-17 18:18:00,1589,7.9453,7.95,7.945,7.95,7.945,13
2023-07-17 18:19:00,1380,7.9425,7.94,7.945,7.9475,7.94,21
2023-07-17 18:20:00,1652,7.9447,7.945,7.945,7.945,7.945,20
2023-07-17 18:21:00,1524,7.9444,7.945,7.94,7.945,7.94,22
2023-07-17 18:22:00,2633,7.9445,7.945,7.945,7.945,7.94,29
2023-07-17 18:23:00,2126,7.9458,7.9446,7.945,7.9499,7.9446,24
2023-07-17 18:24:00,1821,7.9461,7.945,7.945,7.95,7.945,27
2023-07-17 18:25:00,1365,7.9461,7.945,7.95,7.95,7.945,19
2023-07-17 18:26:00,1462,7.9464,7.945,7.945,7.95,7.945,19
2023-07-17 18:27:00,3047,7.9446,7.95,7.945,7.95,7.94,39
2023-07-17 18:28:00,2125,7.945,7.945,7.94,7.95,7.94,30
2023-07-17 18:29:00,6965,7.9398,7.94,7.94,7.94,7.935,67
2023-07-17 18:30:00,2294,7.9399,7.94,7.94,7.94,7.94,26
2023-07-17 18:31:00,4730,7.9414,7.9325,7.94,7.945,7.9325,40
2023-07-17 18:32:00,1376,7.9418,7.94,7.945,7.945,7.94,14
2023-07-17 18:33:00,1156,7.9448,7.945,7.945,7.95,7.945,10
2023-07-17 18:34:00,1031,7.945,7.945,7.945,7.945,7.945,3
2023-07-17 18:35:00,2544,7.949,7.945,7.945,7.95,7.945,23
2023-07-17 18:36:00,1576,7.949,7.95,7.95,7.95,7.945,17
2023-07-17 18:37:00,1723,7.95,7.95,7.95,7.95,7.95,13
2023-07-17 18:38:00,417,7.9486,7.95,7.945,7.95,7.945,9
2023-07-17 18:39:00,1949,7.9495,7.95,7.95,7.95,7.945,24
2023-07-17 18:40:00,5458,7.9504,7.95,7.9512,7.96,7.9492,47
2023-07-17 18:41:00,10869,7.9505,7.95,7.95,7.955,7.945,93
2023-07-17 18:42:00,2514,7.9533,7.95,7.96,7.96,7.95,25
2023-07-17 18:43:00,585,7.9579,7.96,7.955,7.96,7.955,8
2023-07-17 18:44:00,1938,7.9578,7.96,7.96,7.96,7.955,22
2023-07-17 18:45:00,2977,7.9605,7.96,7.965,7.965,7.96,40
2023-07-17 18:46:00,506,7.965,7.965,7.965,7.965,7.965,6
2023-07-17 18:47:00,3561,7.9685,7.965,7.97,7.97,7.965,27
2023-07-17 18:48:00,866,7.97,7.97,7.97,7.97,7.97,10
2023-07-17 18:49:00,1032,7.9695,7.97,7.97,7.97,7.97,15
2023-07-17 18:50:00,2707,7.9692,7.97,7.97,7.97,7.965,29
2023-07-17 18:51:00,3248,7.9735,7.97,7.975,7.98,7.97,23
2023-07-17 18:52:00,3631,7.9729,7.97,7.975,7.9775,7.97,29
2023-07-17 18:53:00,319,7.9756,7.9775,7.975,7.9775,7.975,4
2023-07-17 18:54:00,1645,7.9753,7.975,7.975,7.98,7.975,17
2023-07-17 18:55:00,628,7.9758,7.975,7.975,7.98,7.975,5
2023-07-17 18:56:00,2829,7.9773,7.975,7.975,7.98,7.975,28
2023-07-17 18:57:00,2342,7.9795,7.98,7.98,7.98,7.975,22
2023-07-17 18:58:00,1517,7.9773,7.97,7.98,7.98,7.97,16
2023-07-17 18:59:00,3997,7.9782,7.975,7.98,7.98,7.97,36
2023-07-17 19:00:00,554,7.9737,7.98,7.975,7.98,7.97,6
2023-07-17 19:01:00,4219,7.9751,7.975,7.975,7.975,7.975,34
2023-07-17 19:02:00,3827,7.975,7.975,7.975,7.98,7.97,32
2023-07-17 19:03:00,26364,7.9649,7.97,7.965,7.975,7.96,141
2023-07-17 19:04:00,654,7.965,7.965,7.965,7.965,7.965,9
2023-07-17 19:05:00,1387,7.965,7.965,7.965,7.965,7.965,16
2023-07-17 19:06:00,1296,7.9664,7.97,7.965,7.97,7.965,17
2023-07-17 19:07:00,515,7.965,7.965,7.965,7.965,7.965,3
2023-07-17 19:08:00,1936,7.965,7.965,7.965,7.965,7.965,16
2023-07-17 19:09:00,1518,7.965,7.965,7.965,7.965,7.965,8
2023-07-17 19:10:00,1431,7.9647,7.965,7.965,7.965,7.96,9
2023-07-17 19:11:00,1978,7.9668,7.965,7.965,7.97,7.965,22
2023-07-17 19:12:00,3490,7.9656,7.965,7.965,7.97,7.965,34
2023-07-17 19:13:00,2481,7.9648,7.965,7.965,7.965,7.96,24
2023-07-17 19:14:00,881,7.965,7.965,7.965,7.965,7.965,10
2023-07-17 19:15:00,2529,7.964,7.965,7.97,7.97,7.96,22
2023-07-17 19:16:00,3131,7.9681,7.965,7.965,7.97,7.965,31
2023-07-17 19:17:00,2266,7.9698,7.97,7.97,7.97,7.97,22
2023-07-17 19:18:00,1892,7.968,7.965,7.97,7.97,7.965,9
2023-07-17 19:19:00,3168,7.9683,7.97,7.965,7.97,7.965,23
2023-07-17 19:20:00,1579,7.9664,7.97,7.965,7.97,7.965,13
2023-07-17 19:21:00,2137,7.965,7.965,7.965,7.965,7.965,21
2023-07-17 19:22:00,3585,7.9645,7.965,7.96,7.97,7.96,28
2023-07-17 19:23:00,9561,7.9595,7.96,7.955,7.96,7.955,47
2023-07-17 19:24:00,922,7.957,7.96,7.96,7.96,7.955,13
2023-07-17 19:25:00,10137,7.9609,7.96,7.96,7.97,7.955,102
2023-07-17 19:26:00,1609,7.964,7.965,7.965,7.965,7.965,20
2023-07-17 19:27:00,660,7.9643,7.965,7.965,7.965,7.965,12
2023-07-17 19:28:00,1006,7.965,7.965,7.965,7.965,7.965,10
2023-07-17 19:29:00,15773,7.9589,7.965,7.95,7.965,7.95,93
2023-07-17 19:30:00,5624,7.9489,7.95,7.945,7.95,7.945,42
2023-07-17 19:31:00,7683,7.94,7.94,7.935,7.945,7.935,40
2023-07-17 19:32:00,9426,7.94,7.94,7.94,7.94,7.94,65
2023-07-17 19:34:00,1253,7.9457,7.945,7.945,7.945,7.945,17
2023-07-17 19:35:00,860,7.9481,7.95,7.95,7.95,7.945,12
2023-07-17 19:36:00,9388,7.9502,7.95,7.95,7.955,7.95,62
2023-07-17 19:37:00,5900,7.9492,7.95,7.945,7.95,7.945,39
2023-07-17 19:38:00,1804,7.95,7.95,7.95,7.95,7.95,19
2023-07-17 19:39:00,6122,7.9501,7.95,7.955,7.955,7.95,48
2023-07-17 19:40:00,1776,7.9538,7.955,7.96,7.96,7.955,14
2023-07-17 19:41:00,423,7.9572,7.96,7.955,7.96,7.955,7
2023-07-17 19:42:00,1343,7.9579,7.96,7.96,7.96,7.955,8
2023-07-17 19:43:00,444,7.9555,7.955,7.955,7.955,7.955,6
2023-07-17 19:44:00,2148,7.9546,7.96,7.955,7.96,7.95,24
2023-07-17 19:45:00,7147,7.9529,7.955,7.955,7.955,7.95,31
2023-07-17 19:46:00,1097,7.9516,7.955,7.95,7.955,7.95,17
2023-07-17 19:47:00,5382,7.9564,7.955,7.955,7.96,7.955,48
2023-07-17 19:48:00,2216,7.9558,7.955,7.96,7.96,7.955,19
2023-07-17 19:49:00,5830,7.9558,7.955,7.95,7.96,7.95,51
2023-07-17 19:50:00,25378,7.9497,7.95,7.955,7.955,7.945,171
2023-07-17 19:51:00,701,7.9527,7.95,7.955,7.955,7.95,7
2023-07-17 19:52:00,2142,7.9558,7.955,7.955,7.96,7.955,23
2023-07-17 19:53:00,6153,7.9558,7.955,7.955,7.96,7.955,51
2023-07-17 19:54:00,12363,7.9537,7.955,7.95,7.96,7.95,95
2023-07-17 19:55:00,6063,7.9515,7.95,7.95,7.955,7.95,48
2023-07-17 19:56:00,5277,7.9505,7.95,7.95,7.955,7.95,48
2023-07-17 19:57:00,36780,7.9484,7.95,7.945,7.95,7.94,163
2023-07-17 19:58:00,128453,7.9554,7.945,7.96,7.96,7.94,397
2023-07-17 19:59:00,223603,7.9711,7.96,7.975,7.98,7.955,559
2023-07-17 20:00:00,1069,7.97,7.97,7.97,7.97,7.97,8
2023-07-18 13:30:00,11718,8.0,8.0,8.0,8.0,8.0,3
2023-07-18 13:31:00,400,8.0225,8.03,8.02,8.03,8.02,2
2023-07-18 13:32:00,346,7.9796,7.98,7.98,7.98,7.98,10
2023-07-18 13:33:00,1437,7.9788,7.975,7.98,7.98,7.975,14
2023-07-18 13:34:00,8160,7.9791,7.98,7.97,7.98,7.97,58
2023-07-18 13:35:00,15493,7.9849,7.975,7.985,7.995,7.975,129
2023-07-18 13:36:00,4814,7.9953,7.985,7.995,8.0,7.985,48
2023-07-18 13:37:00,181,7.9971,7.995,7.995,7.995,7.995,6
2023-07-18 13:38:00,6779,8.0155,8.0,8.01,8.03,8.0,68
2023-07-18 13:39:00,4552,8.0273,8.015,8.0275,8.035,8.015,50
2023-07-18 13:40:00,5751,8.0297,8.02,8.02,8.04,8.015,50
2023-07-18 13:41:00,2266,8.0065,8.005,8.0,8.01,8.0,20
2023-07-18 13:42:00,207,8.0098,8.01,8.01,8.01,8.01,5
2023-07-18 13:43:00,2601,8.0155,8.005,8.03,8.03,8.005,28
2023-07-18 13:44:00,6827,8.0385,8.03,8.05,8.05,8.03,83
2023-07-18 13:45:00,4254,8.0417,8.05,8.035,8.05,8.03,30
2023-07-18 13:46:00,6287,8.0446,8.035,8.045,8.05,8.03,63
2023-07-18 13:47:00,2698,8.0364,8.04,8.025,8.04,8.025,26
2023-07-18 13:48:00,1414,8.0321,8.03,8.04,8.04,8.03,22
2023-07-18 13:49:00,4010,8.0496,8.05,8.045,8.055,8.045,26
2023-07-18 13:50:00,4145,8.0493,8.04,8.05,8.06,8.04,44
2023-07-18 13:51:00,1416,8.0503,8.055,8.05,8.055,8.05,13
2023-07-18 13:52:00,3577,8.0397,8.04,8.04,8.04,8.035,44
2023-07-18 13:53:00,2079,8.0383,8.04,8.025,8.045,8.025,23
2023-07-18 13:54:00,3174,8.0329,8.03,8.035,8.04,8.03,25
2023-07-18 13:55:00,2560,8.0408,8.04,8.05,8.05,8.04,23
2023-07-18 13:56:00,1746,8.0507,8.05,8.0575,8.06,8.05,19
2023-07-18 13:57:00,2232,8.0496,8.06,8.04,8.06,8.04,25
2023-07-18 13:58:00,1379,8.04,8.04,8.04,8.04,8.04,13
2023-07-18 13:59:00,497,8.0389,8.04,8.035,8.04,8.035,8
2023-07-18 14:00:00,1358,8.0408,8.04,8.045,8.045,8.04,16
2023-07-18 14:01:00,1330,8.04,8.04,8.04,8.04,8.04,24
2023-07-18 14:02:00,622,8.0398,8.04,8.04,8.04,8.04,10
2023-07-18 14:03:00,1414,8.0505,8.05,8.05,8.055,8.05,19
2023-07-18 14:04:00,957,8.0531,8.055,8.055,8.0575,8.055,16
2023-07-18 14:05:00,417,8.0564,8.055,8.06,8.06,8.055,10
2023-07-18 14:06:00,248,8.0531,8.0575,8.0575,8.0575,8.0575,8
2023-07-18 14:07:00,2745,8.0603,8.055,8.07,8.07,8.055,47
2023-07-18 14:08:00,811,8.0625,8.065,8.065,8.065,8.065,6
2023-07-18 14:09:00,543,8.0691,8.07,8.07,8.07,8.065,10
2023-07-18 14:10:00,649,8.0669,8.07,8.065,8.07,8.065,20
2023-07-18 14:11:00,113,8.065,8.065,8.065,8.065,8.065,3
2023-07-18 14:12:00,7010,8.0699,8.07,8.07,8.08,8.065,67
2023-07-18 14:13:00,403,8.07,8.07,8.07,8.07,8.07,7
2023-07-18 14:14:00,3049,8.0704,8.07,8.065,8.0775,8.065,43
2023-07-18 14:15:00,400,8.0681,8.0675,8.065,8.07,8.065,4
2023-07-18 14:16:00,4831,8.0541,8.0675,8.055,8.0675,8.05,51
2023-07-18 14:17:00,4794,8.0602,8.055,8.06,8.065,8.055,42
2023-07-18 14:18:00,707,8.0637,8.06,8.06,8.06,8.06,6
2023-07-18 14:19:00,557,8.066,8.065,8.07,8.07,8.065,6
2023-07-18 14:20:00,2460,8.0701,8.065,8.0775,8.0775,8.065,30
2023-07-18 14:21:00,304,8.0783,8.0775,8.08,8.08,8.0775,6
2023-07-18 14:22:00,1455,8.075,8.075,8.0775,8.08,8.07,16
2023-07-18 14:23:00,3741,8.0699,8.07,8.0675,8.07,8.0675,33
2023-07-18 14:24:00,3685,8.069,8.065,8.07,8.07,8.065,51
2023-07-18 14:25:00,4586,8.0703,8.07,8.0775,8.0775,8.07,42
2023-07-18 14:26:00,7734,8.0801,8.075,8.0875,8.09,8.075,57
2023-07-18 14:27:00,2087,8.0798,8.08,8.08,8.08,8.075,24
2023-07-18 14:28:00,1240,8.0778,8.08,8.0775,8.08,8.07,13
2023-07-18 14:29:00,2173,8.0697,8.07,8.0625,8.07,8.0625,13
2023-07-18 14:30:00,4716,8.0697,8.07,8.065,8.075,8.065,44
2023-07-18 14:31:00,300,8.0649,8.065,8.065,8.065,8.065,6
2023-07-18 14:32:00,6972,8.0605,8.065,8.07,8.07,8.06,59
2023-07-18 14:33:00,3607,8.0601,8.06,8.05,8.06,8.05,26
2023-07-18 14:35:00,993,8.052,8.05,8.055,8.055,8.05,14
2023-07-18 14:36:00,418,8.0531,8.05,8.0575,8.0575,8.05,11
2023-07-18 14:37:00,2167,8.0485,8.05,8.045,8.05,8.04,24
2023-07-18 14:38:00,386,8.0482,8.05,8.05,8.05,8.0475,7
2023-07-18 14:39:00,1926,8.0423,8.045,8.04,8.05,8.04,37
2023-07-18 14:40:00,5923,8.0398,8.04,8.04,8.04,8.035,51
2023-07-18 14:41:00,102,8.035,8.035,8.035,8.035,8.035,2
2023-07-18 14:42:00,2393,8.0408,8.04,8.05,8.05,8.04,33
2023-07-18 14:43:00,1027,8.0464,8.05,8.05,8.05,8.05,14
2023-07-18 14:44:00,943,8.0394,8.04,8.04,8.04,8.035,15
2023-07-18 14:45:00,3224,8.04,8.04,8.04,8.04,8.04,39
2023-07-18 14:46:00,5185,8.0412,8.045,8.041,8.045,8.04,11
2023-07-18 14:47:00,207,8.05,8.05,8.05,8.05,8.05,4
2023-07-18 14:48:00,130,8.0451,8.045,8.045,8.045,8.045,6
2023-07-18 14:49:00,330,8.05,8.05,8.05,8.05,8.05,9
2023-07-18 14:50:00,605,8.0461,8.05,8.05,8.05,8.045,9
2023-07-18 14:51:00,702,8.0472,8.05,8.05,8.05,8.0425,9
2023-07-18 14:52:00,3510,8.041,8.045,8.04,8.045,8.04,39
2023-07-18 14:53:00,2863,8.04,8.04,8.04,8.04,8.04,22
2023-07-18 14:54:00,100,8.04,8.04,8.04,8.04,8.04,1
2023-07-18 14:55:00,3644,8.041,8.0475,8.04,8.05,8.04,42
2023-07-18 14:56:00,3080,8.04,8.035,8.04,8.045,8.035,41
2023-07-18 14:57:00,1282,8.0306,8.03,8.03,8.03,8.03,13
2023-07-18 14:58:00,312,8.0283,8.03,8.025,8.03,8.025,8
2023-07-18 14:59:00,1082,8.02,8.02,8.02,8.02,8.02,13
2023-07-18 15:00:00,723,8.0189,8.015,8.01,8.015,8.01,9
2023-07-18 15:01:00,600,8.005,8.005,8.005,8.005,8.005,5
2023-07-18 15:02:00,910,8.005,8.005,8.005,8.005,8.005,8
2023-07-18 15:03:00,1241,8.0046,8.005,8.005,8.005,8.0,9
2023-07-18 15:04:00,7948,8.0086,8.005,8.01,8.01,8.0,70
2023-07-18 15:05:00,2429,8.0102,8.01,8.01,8.0175,8.01,26
2023-07-18 15:07:00,1867,8.0103,8.0094,8.015,8.015,8.0094,29
2023-07-18 15:08:00,578,8.02,8.02,8.02,8.02,8.02,7
2023-07-18 15:09:00,803,8.02,8.02,8.02,8.02,8.02,4
2023-07-18 15:10:00,1029,8.014,8.01,8.02,8.02,8.01,11
2023-07-18 15:11:00,2981,8.0105,8.02,8.01,8.02,8.0,35
2023-07-18 15:12:00,4219,8.0153,8.01,8.02,8.03,8.01,54
2023-07-18 15:13:00,206,8.0286,8.0275,8.03,8.03,8.0275,4
2023-07-18 15:15:00,604,8.0292,8.03,8.025,8.03,8.025,10
2023-07-18 15:16:00,1075,8.0251,8.03,8.0275,8.03,8.02,12
2023-07-18 15:17:00,208,8.0274,8.0275,8.0275,8.0275,8.0275,3
2023-07-18 15:18:00,302,8.0273,8.025,8.03,8.03,8.025,5
2023-07-18 15:19:00,2015,8.0239,8.02,8.025,8.0275,8.02,21
2023-07-18 15:20:00,601,8.0234,8.025,8.03,8.03,8.02,7
2023-07-18 15:21:00,3369,8.0202,8.025,8.02,8.025,8.02,40
2023-07-18 15:22:00,4998,8.0198,8.02,8.02,8.025,8.015,52
2023-07-18 15:23:00,5172,8.0205,8.02,8.03,8.03,8.0125,39
2023-07-18 15:24:00,822,8.0246,8.025,8.025,8.025,8.025,9
2023-07-18 15:26:00,3245,8.0302,8.025,8.04,8.04,8.025,36
2023-07-18 15:27:00,305,8.0369,8.04,8.04,8.04,8.04,4
2023-07-18 15:28:00,2886,8.0419,8.04,8.05,8.05,8.04,27
2023-07-18 15:29:00,403,8.0462,8.05,8.05,8.05,8.05,5
2023-07-18 15:30:00,501,8.0477,8.05,8.045,8.05,8.045,6
2023-07-18 15:31:00,4340,8.0404,8.05,8.035,8.05,8.035,35
2023-07-18 15:32:00,214,8.0404,8.04,8.04,8.04,8.04,7
2023-07-18 15:33:00,100,8.035,8.035,8.035,8.035,8.035,1
2023-07-18 15:34:00,2387,8.0304,8.035,8.03,8.04,8.03,30
2023-07-18 15:35:00,3198,8.0311,8.03,8.03,8.035,8.03,35
2023-07-18 15:37:00,503,8.0365,8.035,8.0375,8.0375,8.035,9
2023-07-18 15:38:00,1153,8.0359,8.04,8.04,8.04,8.035,13
2023-07-18 15:40:00,428,8.04,8.04,8.04,8.04,8.04,11
2023-07-18 15:41:00,3688,8.0312,8.035,8.03,8.04,8.025,47
2023-07-18 15:42:00,5549,8.0234,8.025,8.025,8.025,8.02,43
2023-07-18 15:43:00,927,8.02,8.02,8.02,8.02,8.02,11
2023-07-18 15:44:00,2947,8.0171,8.02,8.015,8.02,8.015,29
2023-07-18 15:45:00,1924,8.0144,8.015,8.01,8.015,8.01,31
2023-07-18 15:46:00,5623,8.0099,8.01,8.01,8.01,8.0025,41
2023-07-18 15:47:00,413,8.0046,8.005,8.005,8.005,8.005,6
2023-07-18 15:48:00,1100,8.005,8.005,8.005,8.005,8.005,6
2023-07-18 15:49:00,7699,7.9975,8.0,8.0,8.005,7.995,55
2023-07-18 15:50:00,14037,8.0049,8.0,8.01,8.01,8.0,107
2023-07-18 15:51:00,2575,8.015,8.015,8.015,8.015,8.015,5
2023-07-18 15:52:00,2716,8.0095,8.01,8.01,8.01,8.01,23
2023-07-18 15:53:00,2371,7.9964,8.0,7.995,8.0,7.995,23
2023-07-18 15:54:00,6599,7.9987,7.995,8.0,8.0,7.995,54
2023-07-18 15:55:00,1400,8.0046,8.005,8.005,8.005,8.005,11
2023-07-18 15:56:00,483,8.0031,8.005,8.005,8.005,8.005,4
2023-07-18 15:57:00,2947,8.0057,8.005,8.005,8.01,8.005,22
2023-07-18 15:58:00,2749,8.0055,8.005,8.01,8.01,8.005,20
2023-07-18 15:59:00,6224,8.0105,8.005,8.015,8.015,8.005,54
2023-07-18 16:00:00,3112,8.0151,8.015,8.015,8.015,8.015,12
2023-07-18 16:01:00,509,8.012,8.015,8.015,8.015,8.01,7
2023-07-18 16:02:00,701,8.01,8.01,8.01,8.01,8.01,10
2023-07-18 16:03:00,1010,8.0139,8.015,8.015,8.015,8.015,5
2023-07-18 16:04:00,4214,8.007,8.01,8.005,8.01,8.0,32
2023-07-18 16:05:00,1005,8.0066,8.005,8.005,8.005,8.005,12
2023-07-18 16:06:00,600,8.005,8.005,8.005,8.005,8.005,2
2023-07-18 16:07:00,1060,8.0014,8.005,8.0,8.005,8.0,14
2023-07-18 16:08:00,720,8.0,8.0,8.0,8.0,8.0,8
2023-07-18 16:09:00,1298,8.0012,8.0,8.0,8.0,8.0,16
2023-07-18 16:10:00,685,7.9998,8.005,7.995,8.005,7.995,17
2023-07-18 16:11:00,1544,7.9958,7.995,7.995,8.0,7.995,25
2023-07-18 16:12:00,6032,7.9993,7.995,8.01,8.01,7.99,64
2023-07-18 16:13:00,2738,8.0052,8.005,8.005,8.01,8.005,12
2023-07-18 16:14:00,4277,8.005,8.0,8.01,8.01,8.0,32
2023-07-18 16:15:00,3632,8.011,8.01,8.015,8.015,8.01,45
2023-07-18 16:16:00,2132,8.0143,8.015,8.015,8.015,8.01,16
2023-07-18 16:17:00,1048,8.0151,8.015,8.015,8.015,8.015,12
2023-07-18 16:18:00,1307,8.0173,8.02,8.02,8.02,8.015,15
2023-07-18 16:19:00,1251,8.0116,8.015,8.015,8.02,8.015,12
2023-07-18 16:20:00,2123,8.0172,8.015,8.02,8.02,8.015,24
2023-07-18 16:21:00,934,8.0146,8.01,8.015,8.02,8.01,10
2023-07-18 16:22:00,500,8.0174,8.02,8.02,8.02,8.02,4
2023-07-18 16:23:00,5042,8.0206,8.02,8.03,8.03,8.02,60
2023-07-18 16:24:00,585,8.0231,8.02,8.0275,8.0275,8.02,12
2023-07-18 16:25:00,561,8.0236,8.025,8.0275,8.0275,8.025,10
2023-07-18 16:26:00,420,8.0271,8.0275,8.0275,8.0275,8.0275,5
2023-07-18 16:27:00,900,8.0223,8.025,8.0275,8.0275,8.02,6
2023-07-18 16:28:00,3508,8.0182,8.02,8.015,8.02,8.01,33
2023-07-18 16:29:00,514,8.012,8.01,8.01,8.01,8.01,5
2023-07-18 16:31:00,5945,8.0201,8.015,8.0201,8.03,8.015,62
2023-07-18 16:32:00,611,8.024,8.03,8.02,8.03,8.02,9
2023-07-18 16:33:00,1201,8.0237,8.0275,8.0275,8.0275,8.025,8
2023-07-18 16:34:00,1619,8.0244,8.0275,8.02,8.0275,8.02,16
2023-07-18 16:35:00,521,8.0241,8.02,8.025,8.0275,8.02,5
2023-07-18 16:36:00,3612,8.0198,8.0275,8.015,8.0275,8.015,37
2023-07-18 16:37:00,27044,8.0152,8.015,8.015,8.02,8.01,51
2023-07-18 16:38:00,1347,8.0189,8.015,8.02,8.02,8.015,16
2023-07-18 16:39:00,3549,8.017,8.0148,8.02,8.02,8.0148,22
2023-07-18 16:40:00,1621,8.0191,8.015,8.02,8.02,8.015,10
2023-07-18 16:41:00,3919,8.0211,8.02,8.03,8.03,8.02,43
2023-07-18 16:42:00,100,8.025,8.025,8.025,8.025,8.025,1
2023-07-18 16:43:00,822,8.0294,8.025,8.03,8.03,8.025,10
2023-07-18 16:44:00,2714,8.0275,8.03,8.03,8.03,8.025,29
2023-07-18 16:45:00,3032,8.0302,8.03,8.035,8.035,8.03,29
2023-07-18 16:46:00,8506,8.0303,8.0375,8.03,8.0375,8.03,63
2023-07-18 16:47:00,5421,8.0304,8.03,8.035,8.035,8.03,30
2023-07-18 16:48:00,3432,8.0402,8.04,8.045,8.045,8.04,30
2023-07-18 16:50:00,2922,8.0474,8.05,8.045,8.05,8.045,31
2023-07-18 16:51:00,3074,8.0504,8.05,8.05,8.055,8.05,40
2023-07-18 16:53:00,859,8.0535,8.05,8.055,8.055,8.05,5
2023-07-18 16:55:00,302,8.055,8.055,8.055,8.055,8.055,2
2023-07-18 16:56:00,480,8.0569,8.06,8.055,8.06,8.055,10
2023-07-18 16:57:00,916,8.0449,8.055,8.055,8.055,8.055,9
2023-07-18 16:58:00,506,8.058,8.06,8.06,8.06,8.06,5
2023-07-18 16:59:00,442,8.0589,8.06,8.06,8.06,8.06,10
2023-07-18 17:00:00,341,8.0594,8.06,8.06,8.06,8.06,5
2023-07-18 17:01:00,803,8.0566,8.055,8.0525,8.06,8.0525,12
2023-07-18 17:02:00,1247,8.0581,8.055,8.06,8.06,8.055,13
2023-07-18 17:03:00,241,8.0593,8.06,8.06,8.06,8.06,9
2023-07-18 17:04:00,701,8.0557,8.06,8.06,8.06,8.05,5
2023-07-18 17:05:00,1125,8.056,8.055,8.06,8.06,8.05,9
2023-07-18 17:06:00,1034,8.0522,8.05,8.05,8.06,8.05,14
2023-07-18 17:07:00,4231,8.0486,8.05,8.045,8.05,8.0425,46
2023-07-18 17:08:00,1790,8.0485,8.045,8.05,8.05,8.0425,22
2023-07-18 17:09:00,1428,8.05,8.05,8.05,8.05,8.05,13
2023-07-18 17:10:00,1433,8.0497,8.05,8.05,8.05,8.05,14
2023-07-18 17:11:00,1069,8.05,8.05,8.05,8.05,8.05,11
2023-07-18 17:12:00,1315,8.0498,8.05,8.05,8.05,8.045,21
2023-07-18 17:13:00,1570,8.0475,8.05,8.045,8.05,8.0425,20
2023-07-18 17:14:00,1285,8.0441,8.045,8.04,8.045,8.04,15
2023-07-18 17:15:00,1126,8.0448,8.045,8.045,8.0475,8.04,14
2023-07-18 17:16:00,732,8.0464,8.045,8.05,8.05,8.04,11
2023-07-18 17:17:00,1359,8.0468,8.05,8.05,8.05,8.0425,22
2023-07-18 17:18:00,6285,8.0519,8.05,8.0525,8.06,8.05,75
2023-07-18 17:19:00,1560,8.0583,8.055,8.06,8.06,8.0522,27
2023-07-18 17:20:00,630,8.059,8.055,8.06,8.06,8.055,12
2023-07-18 17:21:00,1142,8.0595,8.055,8.06,8.06,8.055,18
2023-07-18 17:22:00,2977,8.0597,8.06,8.06,8.065,8.06,40
2023-07-18 17:23:00,810,8.0662,8.065,8.07,8.07,8.065,9
2023-07-18 17:24:00,426,8.0675,8.065,8.065,8.07,8.065,9
2023-07-18 17:25:00,7044,8.0703,8.07,8.075,8.075,8.07,60
2023-07-18 17:26:00,1977,8.0764,8.075,8.075,8.08,8.075,24
2023-07-18 17:27:00,349,8.0787,8.08,8.08,8.08,8.08,14
2023-07-18 17:28:00,869,8.077,8.075,8.075,8.08,8.075,10
2023-07-18 17:29:00,717,8.073,8.07,8.075,8.075,8.07,13
2023-07-18 17:30:00,5283,8.0693,8.07,8.065,8.07,8.065,67
2023-07-18 17:31:00,3864,8.07,8.065,8.075,8.075,8.065,33
2023-07-18 17:32:00,206,8.0727,8.075,8.075,8.075,8.075,4
2023-07-18 17:33:00,636,8.0764,8.08,8.075,8.08,8.075,10
2023-07-18 17:34:00,311,8.0798,8.08,8.08,8.08,8.08,3
2023-07-18 17:35:00,312,8.0798,8.08,8.08,8.08,8.08,3
2023-07-18 17:36:00,418,8.0798,8.08,8.08,8.08,8.08,6
2023-07-18 17:37:00,1046,8.0788,8.08,8.08,8.08,8.08,9
2023-07-18 17:39:00,410,8.0755,8.075,8.075,8.075,8.075,8
2023-07-18 17:40:00,176,8.07,8.07,8.07,8.07,8.07,2
2023-07-18 17:41:00,889,8.0785,8.08,8.075,8.08,8.075,10
2023-07-18 17:42:00,418,8.0774,8.08,8.08,8.08,8.075,9
2023-07-18 17:43:00,647,8.075,8.07,8.07,8.08,8.07,8
2023-07-18 17:44:00,342,8.0712,8.07,8.07,8.07,8.07,8
2023-07-18 17:45:00,320,8.0719,8.07,8.07,8.075,8.07,4
2023-07-18 17:46:00,746,8.0723,8.07,8.075,8.075,8.07,11
2023-07-18 17:47:00,979,8.0731,8.07,8.07,8.07,8.07,7
2023-07-18 17:48:00,535,8.0717,8.07,8.0725,8.0725,8.07,11
2023-07-18 17:49:00,435,8.0777,8.08,8.07,8.08,8.07,7
2023-07-18 17:50:00,801,8.0716,8.07,8.075,8.075,8.07,9
2023-07-18 17:51:00,900,8.0745,8.07,8.07,8.075,8.07,23
2023-07-18 17:52:00,1626,8.0744,8.07,8.07,8.08,8.07,17
2023-07-18 17:53:00,819,8.0761,8.08,8.08,8.08,8.07,16
2023-07-18 17:55:00,412,8.0726,8.07,8.075,8.075,8.07,6
2023-07-18 17:56:00,423,8.0726,8.07,8.075,8.075,8.07,6
2023-07-18 17:57:00,680,8.076,8.08,8.075,8.08,8.075,7
2023-07-18 17:58:00,552,8.0725,8.075,8.07,8.075,8.07,13
2023-07-18 17:59:00,425,8.0746,8.075,8.075,8.075,8.075,7
2023-07-18 18:00:00,729,8.0768,8.08,8.075,8.08,8.0725,14
2023-07-18 18:01:00,4708,8.0793,8.075,8.085,8.085,8.07,62
2023-07-18 18:02:00,839,8.0813,8.08,8.08,8.085,8.08,13
2023-07-18 18:03:00,220,8.082,8.085,8.085,8.085,8.085,3
2023-07-18 18:04:00,1177,8.0889,8.085,8.09,8.09,8.085,21
2023-07-18 18:05:00,2406,8.0907,8.09,8.095,8.095,8.09,35
2023-07-18 18:06:00,425,8.0909,8.095,8.09,8.095,8.09,7
2023-07-18 18:07:00,356,8.0935,8.1,8.095,8.1,8.095,8
2023-07-18 18:09:00,448,8.0973,8.1,8.1,8.1,8.095,10
2023-07-18 18:10:00,126,8.0956,8.095,8.095,8.095,8.095,8
2023-07-18 18:12:00,155,8.1,8.1,8.1,8.1,8.1,1
2023-07-18 18:13:00,1188,8.0958,8.095,8.0925,8.1,8.0925,15
2023-07-18 18:14:00,11794,8.1,8.1,8.1,8.105,8.1,129
2023-07-18 18:17:00,113,8.095,8.095,8.095,8.095,8.095,3
2023-07-18 18:18:00,910,8.0974,8.095,8.095,8.095,8.095,7
2023-07-18 18:19:00,5504,8.0897,8.09,8.085,8.095,8.08,76
2023-07-18 18:20:00,231,8.0843,8.085,8.085,8.085,8.085,5
2023-07-18 18:21:00,312,8.0831,8.08,8.08,8.08,8.08,4
2023-07-18 18:22:00,2351,8.0892,8.09,8.085,8.09,8.085,31
2023-07-18 18:23:00,455,8.084,8.08,8.09,8.09,8.08,8
2023-07-18 18:24:00,822,8.0856,8.09,8.08,8.09,8.08,16
2023-07-18 18:25:00,625,8.0817,8.085,8.08,8.085,8.08,11
2023-07-18 18:26:00,831,8.0856,8.08,8.09,8.09,8.08,9
2023-07-18 18:27:00,527,8.0877,8.085,8.09,8.09,8.085,15
2023-07-18 18:28:00,3051,8.0899,8.09,8.09,8.09,8.09,59
2023-07-18 18:29:00,2755,8.0879,8.08,8.085,8.09,8.08,28
2023-07-18 18:30:00,4413,8.0915,8.09,8.095,8.1,8.09,40
2023-07-18 18:31:00,467,8.0951,8.1,8.095,8.1,8.09,8
2023-07-18 18:32:00,2716,8.1003,8.1,8.105,8.105,8.1,33
2023-07-18 18:33:00,294,8.1057,8.105,8.105,8.105,8.105,11
2023-07-18 18:34:00,599,8.1042,8.105,8.105,8.11,8.105,6
2023-07-18 18:35:00,2466,8.1001,8.1,8.1,8.105,8.1,30
2023-07-18 18:37:00,702,8.0907,8.09,8.09,8.09,8.09,7
2023-07-18 18:38:00,574,8.09,8.09,8.09,8.09,8.09,9
2023-07-18 18:39:00,873,8.0934,8.0902,8.0902,8.0902,8.0902,15
2023-07-18 18:40:00,547,8.0947,8.095,8.095,8.095,8.095,8
2023-07-18 18:41:00,830,8.09,8.09,8.09,8.09,8.09,10
2023-07-18 18:42:00,181,8.0919,8.09,8.09,8.09,8.09,5
2023-07-18 18:43:00,211,8.0926,8.09,8.095,8.095,8.09,4
2023-07-18 18:44:00,392,8.0905,8.09,8.09,8.09,8.09,7
2023-07-18 18:45:00,719,8.0946,8.095,8.095,8.095,8.095,8
2023-07-18 18:46:00,449,8.0948,8.095,8.0925,8.095,8.0925,21
2023-07-18 18:47:00,4966,8.1003,8.1,8.105,8.105,8.1,64
2023-07-18 18:48:00,618,8.1028,8.11,8.1,8.11,8.1,11
2023-07-18 18:49:00,1035,8.1029,8.1,8.1,8.11,8.1,13
2023-07-18 18:50:00,360,8.104,8.105,8.105,8.105,8.105,6
2023-07-18 18:52:00,810,8.1075,8.105,8.105,8.11,8.1,5
2023-07-18 18:53:00,268,8.1052,8.1,8.11,8.11,8.1,6
2023-07-18 18:54:00,250,8.101,8.1,8.1,8.1,8.1,7
2023-07-18 18:55:00,330,8.103,8.105,8.105,8.105,8.105,9
2023-07-18 18:57:00,251,8.1,8.1,8.1,8.1,8.1,10
2023-07-18 18:58:00,300,8.1038,8.1,8.1,8.1,8.1,11
2023-07-18 18:59:00,1455,8.1059,8.1,8.105,8.11,8.1,41
2023-07-18 19:00:00,570,8.1059,8.11,8.105,8.11,8.1,10
2023-07-18 19:01:00,4448,8.1002,8.1,8.095,8.1,8.095,50
2023-07-18 19:02:00,747,8.0976,8.1,8.095,8.1,8.095,23
2023-07-18 19:03:00,678,8.0944,8.095,8.095,8.095,8.09,10
2023-07-18 19:04:00,866,8.0936,8.09,8.09,8.095,8.09,12
2023-07-18 19:05:00,367,8.0957,8.095,8.09,8.1,8.09,8
2023-07-18 19:06:00,420,8.0963,8.1,8.1,8.1,8.09,8
2023-07-18 19:07:00,1605,8.0962,8.095,8.1,8.1,8.09,17
2023-07-18 19:08:00,4330,8.1002,8.1,8.105,8.105,8.1,52
2023-07-18 19:09:00,519,8.1069,8.105,8.105,8.105,8.105,10
2023-07-18 19:10:00,565,8.1098,8.11,8.11,8.11,8.11,11
2023-07-18 19:11:00,488,8.1088,8.11,8.11,8.11,8.105,9
2023-07-18 19:13:00,601,8.11,8.11,8.11,8.11,8.11,5
2023-07-18 19:14:00,2595,8.1106,8.11,8.1175,8.1175,8.11,37
2023-07-18 19:15:00,350,8.115,8.115,8.115,8.115,8.115,5
2023-07-18 19:16:00,530,8.1169,8.115,8.115,8.12,8.115,6
2023-07-18 19:17:00,740,8.114,8.12,8.1175,8.12,8.11,10
2023-07-18 19:18:00,523,8.115,8.115,8.115,8.115,8.115,7
2023-07-18 19:19:00,903,8.1128,8.115,8.115,8.115,8.11,7
2023-07-18 19:20:00,220,8.115,8.115,8.115,8.115,8.115,5
2023-07-18 19:21:00,7102,8.1087,8.11,8.105,8.11,8.1,79
2023-07-18 19:22:00,582,8.1001,8.1,8.1,8.1,8.1,14
2023-07-18 19:23:00,1715,8.1083,8.105,8.105,8.105,8.105,17
2023-07-18 19:24:00,310,8.1033,8.105,8.1025,8.105,8.1025,4
2023-07-18 19:25:00,103,8.105,8.105,8.105,8.105,8.105,4
2023-07-18 19:26:00,7220,8.1103,8.1025,8.115,8.115,8.1025,69
2023-07-18 19:27:00,325,8.1135,8.11,8.115,8.115,8.11,4
2023-07-18 19:28:00,579,8.1157,8.115,8.12,8.12,8.115,7
2023-07-18 19:29:00,364,8.1104,8.11,8.11,8.11,8.11,6
2023-07-18 19:30:00,1161,8.1106,8.11,8.11,8.11,8.11,9
2023-07-18 19:31:00,1600,8.1109,8.115,8.11,8.115,8.11,11
2023-07-18 19:32:00,855,8.1101,8.11,8.11,8.11,8.11,5
2023-07-18 19:33:00,1401,8.1112,8.115,8.11,8.115,8.11,15
2023-07-18 19:34:00,2662,8.1131,8.11,8.115,8.12,8.11,33
2023-07-18 19:35:00,1990,8.115,8.115,8.11,8.12,8.11,25
2023-07-18 19:36:00,397,8.1154,8.115,8.115,8.115,8.115,10
2023-07-18 19:37:00,649,8.1146,8.12,8.115,8.12,8.11,12
2023-07-18 19:38:00,268,8.1113,8.11,8.11,8.11,8.11,4
2023-07-18 19:39:00,1003,8.1124,8.11,8.115,8.115,8.11,14
2023-07-18 19:40:00,1399,8.1177,8.12,8.12,8.12,8.115,21
2023-07-18 19:41:00,752,8.1155,8.115,8.12,8.12,8.1125,13
2023-07-18 19:42:00,1753,8.1174,8.12,8.115,8.12,8.1125,21
2023-07-18 19:43:00,1738,8.115,8.115,8.115,8.12,8.11,27
2023-07-18 19:44:00,1964,8.1177,8.12,8.12,8.12,8.11,37
2023-07-18 19:45:00,5715,8.1176,8.12,8.12,8.12,8.1144,51
2023-07-18 19:46:00,6411,8.1217,8.12,8.125,8.13,8.12,59
2023-07-18 19:47:00,2261,8.124,8.12,8.12,8.13,8.12,29
2023-07-18 19:48:00,1669,8.1266,8.13,8.125,8.13,8.12,25
2023-07-18 19:49:00,1895,8.1251,8.12,8.125,8.13,8.12,33
2023-07-18 19:50:00,5288,8.124,8.13,8.12,8.13,8.12,69
2023-07-18 19:51:00,1401,8.1237,8.125,8.12,8.125,8.12,26
2023-07-18 19:52:00,2237,8.1244,8.125,8.125,8.125,8.12,32
2023-07-18 19:53:00,3744,8.1269,8.125,8.13,8.13,8.1225,71
2023-07-18 19:54:00,7955,8.1249,8.125,8.125,8.13,8.12,81
2023-07-18 19:55:00,5556,8.1249,8.125,8.13,8.13,8.12,72
2023-07-18 19:56:00,4811,8.1278,8.13,8.13,8.13,8.1225,56
2023-07-18 19:57:00,7415,8.1279,8.13,8.13,8.13,8.12,115
2023-07-18 19:58:00,15963,8.127,8.13,8.13,8.13,8.12,161
2023-07-18 19:59:00,50589,8.1256,8.13,8.14,8.14,8.12,359
2023-07-18 20:00:00,3273,8.14,8.14,8.14,8.14,8.14,12
2023-07-19 13:30:00,8027,8.21,8.21,8.21,8.21,8.21,1
2023-07-19 13:31:00,5574,8.2077,8.2,8.21,8.215,8.2,44
2023-07-19 13:32:00,7606,8.2036,8.21,8.21,8.21,8.2,57
2023-07-19 13:33:00,5342,8.2179,8.21,8.215,8.23,8.21,47
2023-07-19 13:34:00,3509,8.2201,8.22,8.22,8.2225,8.22,30
2023-07-19 13:35:00,8056,8.2276,8.215,8.24,8.24,8.215,83
2023-07-19 13:36:00,6098,8.2405,8.25,8.24,8.25,8.23,56
2023-07-19 13:37:00,7110,8.2316,8.23,8.235,8.2394,8.225,49
2023-07-19 13:38:00,4455,8.2258,8.235,8.21,8.24,8.21,37
2023-07-19 13:39:00,6300,8.2204,8.215,8.22,8.23,8.215,50
2023-07-19 13:40:00,16665,8.2067,8.22,8.2,8.22,8.19,132
2023-07-19 13:41:00,1928,8.1895,8.195,8.185,8.195,8.185,26
2023-07-19 13:42:00,6446,8.2,8.19,8.22,8.22,8.19,55
2023-07-19 13:43:00,6475,8.2046,8.21,8.2,8.21,8.2,61
2023-07-19 13:44:00,3088,8.1917,8.195,8.19,8.2,8.19,27
2023-07-19 13:45:00,4259,8.1917,8.19,8.19,8.2,8.19,35
2023-07-19 13:46:00,3153,8.2001,8.19,8.21,8.21,8.19,41
2023-07-19 13:47:00,7062,8.2211,8.215,8.225,8.23,8.215,63
2023-07-19 13:48:00,6456,8.2288,8.23,8.22,8.23,8.22,51
2023-07-19 13:49:00,1701,8.2271,8.23,8.2275,8.23,8.22,31
2023-07-19 13:50:00,5088,8.2202,8.22,8.22,8.23,8.215,52
2023-07-19 13:51:00,2121,8.2259,8.225,8.23,8.23,8.22,32
2023-07-19 13:52:00,8999,8.2201,8.23,8.2175,8.23,8.21,92
2023-07-19 13:53:00,4036,8.212,8.215,8.22,8.22,8.205,39
2023-07-19 13:54:00,6679,8.2209,8.22,8.22,8.23,8.215,61
2023-07-19 13:55:00,8747,8.2204,8.22,8.225,8.225,8.22,55
2023-07-19 13:56:00,2921,8.23,8.23,8.23,8.23,8.23,24
2023-07-19 13:57:00,3941,8.2329,8.24,8.23,8.24,8.23,40
2023-07-19 13:58:00,4767,8.2208,8.22,8.22,8.225,8.22,33
2023-07-19 13:59:00,8062,8.2209,8.22,8.22,8.225,8.22,56
2023-07-19 14:00:00,7948,8.2313,8.23,8.23,8.235,8.23,54
2023-07-19 14:01:00,7780,8.2231,8.235,8.215,8.235,8.215,74
2023-07-19 14:02:00,2895,8.2155,8.215,8.21,8.22,8.21,18
2023-07-19 14:03:00,2615,8.2087,8.21,8.205,8.21,8.205,30
2023-07-19 14:04:00,7001,8.2108,8.21,8.21,8.215,8.21,30
2023-07-19 14:05:00,6364,8.2075,8.21,8.195,8.215,8.195,53
2023-07-19 14:06:00,1490,8.1866,8.19,8.185,8.19,8.18,18
2023-07-19 14:07:00,7242,8.1961,8.19,8.2,8.21,8.19,90
2023-07-19 14:08:00,3901,8.2008,8.195,8.21,8.21,8.195,59
2023-07-19 14:09:00,3390,8.2129,8.21,8.22,8.22,8.21,35
2023-07-19 14:10:00,1626,8.2155,8.22,8.22,8.22,8.21,19
2023-07-19 14:11:00,4610,8.2251,8.22,8.24,8.24,8.22,48
2023-07-19 14:12:00,700,8.2379,8.24,8.24,8.24,8.23,7
2023-07-19 14:13:00,3819,8.2416,8.24,8.25,8.25,8.24,45
2023-07-19 14:14:00,500,8.249,8.25,8.245,8.25,8.245,5
2023-07-19 14:15:00,7561,8.2404,8.25,8.24,8.25,8.24,69
2023-07-19 14:16:00,2027,8.2381,8.24,8.24,8.24,8.24,21
2023-07-19 14:17:00,1896,8.2377,8.24,8.24,8.24,8.23,26
2023-07-19 14:18:00,2743,8.2352,8.24,8.23,8.24,8.23,37
2023-07-19 14:19:00,4898,8.2394,8.235,8.25,8.25,8.235,51
2023-07-19 14:20:00,1811,8.2453,8.25,8.245,8.25,8.245,18
2023-07-19 14:21:00,3937,8.2423,8.245,8.24,8.25,8.24,41
2023-07-19 14:22:00,10214,8.245,8.24,8.255,8.255,8.24,98
2023-07-19 14:23:00,4487,8.25,8.255,8.25,8.255,8.25,44
2023-07-19 14:24:00,665,8.2498,8.25,8.25,8.25,8.25,4
2023-07-19 14:25:00,763,8.2472,8.25,8.24,8.25,8.24,9
2023-07-19 14:26:00,2527,8.2473,8.245,8.25,8.25,8.24,29
2023-07-19 14:27:00,3766,8.2353,8.24,8.23,8.24,8.23,52
2023-07-19 14:28:00,4170,8.2304,8.23,8.2375,8.24,8.23,41
2023-07-19 14:29:00,961,8.2364,8.2375,8.24,8.24,8.235,12
2023-07-19 14:30:00,986,8.2384,8.24,8.24,8.24,8.235,14
2023-07-19 14:31:00,1632,8.2387,8.24,8.24,8.24,8.235,24
2023-07-19 14:32:00,568,8.24,8.24,8.24,8.24,8.24,4
2023-07-19 14:33:00,411,8.2386,8.235,8.24,8.24,8.235,9
2023-07-19 14:34:00,712,8.2392,8.235,8.24,8.24,8.235,14
2023-07-19 14:35:00,7552,8.2309,8.23,8.23,8.24,8.225,73
2023-07-19 14:36:00,5375,8.2227,8.225,8.215,8.23,8.215,53
2023-07-19 14:38:00,64561,8.2145,8.215,8.2,8.215,8.2,36
2023-07-19 14:39:00,10033,8.2106,8.2,8.21,8.21,8.2,65
2023-07-19 14:41:00,101,8.215,8.215,8.215,8.215,8.215,2
2023-07-19 14:42:00,212,8.2175,8.215,8.22,8.22,8.215,3
2023-07-19 14:43:00,7314,8.2051,8.21,8.2,8.21,8.195,69
2023-07-19 14:44:00,9528,8.2,8.195,8.21,8.21,8.19,74
2023-07-19 14:45:00,2405,8.21,8.21,8.21,8.21,8.21,21
2023-07-19 14:46:00,5291,8.2106,8.21,8.21,8.215,8.21,49
2023-07-19 14:47:00,2439,8.2087,8.21,8.21,8.21,8.2,21
2023-07-19 14:48:00,2160,8.2116,8.21,8.215,8.215,8.21,21
2023-07-19 14:49:00,1242,8.2103,8.215,8.21,8.215,8.21,19
2023-07-19 14:50:00,4178,8.2001,8.2,8.2,8.2,8.2,51
2023-07-19 14:51:00,2147,8.2,8.2,8.2,8.2,8.2,18
2023-07-19 14:52:00,475,8.2087,8.21,8.21,8.21,8.21,18
2023-07-19 14:53:00,201,8.2025,8.205,8.205,8.205,8.205,4
2023-07-19 14:54:00,3832,8.1993,8.2,8.195,8.2,8.195,40
2023-07-19 14:55:00,2264,8.1863,8.19,8.185,8.19,8.185,28
2023-07-19 14:56:00,2939,8.1901,8.19,8.19,8.19,8.19,38
2023-07-19 14:57:00,3078,8.1993,8.2,8.195,8.2,8.195,29
2023-07-19 14:58:00,121,8.1991,8.2,8.2,8.2,8.2,3
2023-07-19 14:59:00,325,8.1935,8.195,8.195,8.195,8.19,5
2023-07-19 15:00:00,1241,8.1953,8.195,8.195,8.195,8.195,18
2023-07-19 15:01:00,1174,8.1962,8.195,8.1998,8.1998,8.19,17
2023-07-19 15:02:00,2626,8.2001,8.2,8.2,8.2,8.2,43
2023-07-19 15:03:00,341,8.2084,8.2075,8.21,8.21,8.2075,7
2023-07-19 15:04:00,830,8.2044,8.21,8.21,8.21,8.2075,9
2023-07-19 15:05:00,1419,8.2046,8.205,8.2,8.21,8.2,16
2023-07-19 15:06:00,522,8.2077,8.2075,8.2075,8.21,8.2075,7
2023-07-19 15:07:00,587,8.2082,8.205,8.21,8.21,8.205,8
2023-07-19 15:08:00,799,8.2079,8.205,8.21,8.21,8.205,12
2023-07-19 15:09:00,3000,8.2014,8.21,8.195,8.21,8.195,27
2023-07-19 15:10:00,2726,8.1942,8.19,8.19,8.195,8.19,22
2023-07-19 15:11:00,2291,8.1912,8.195,8.185,8.195,8.185,28
2023-07-19 15:12:00,4978,8.1807,8.18,8.18,8.185,8.175,35
2023-07-19 15:13:00,1492,8.18,8.18,8.18,8.18,8.18,7
2023-07-19 15:14:00,1247,8.1766,8.175,8.17,8.18,8.17,17
2023-07-19 15:15:00,5850,8.1697,8.17,8.17,8.17,8.16,46
2023-07-19 15:16:00,6716,8.1711,8.17,8.175,8.18,8.17,59
2023-07-19 15:17:00,462,8.1772,8.175,8.18,8.18,8.175,3
2023-07-19 15:18:00,589,8.175,8.175,8.175,8.175,8.175,2
2023-07-19 15:19:00,201,8.1725,8.175,8.17,8.175,8.17,3
2023-07-19 15:21:00,295,8.1784,8.18,8.18,8.18,8.18,2
2023-07-19 15:22:00,1319,8.1774,8.18,8.1775,8.18,8.17,21
2023-07-19 15:23:00,1153,8.1798,8.18,8.18,8.18,8.18,17
2023-07-19 15:24:00,510,8.1769,8.175,8.175,8.18,8.175,5
2023-07-19 15:25:00,1030,8.1787,8.18,8.18,8.18,8.18,12
2023-07-19 15:26:00,11004,8.1703,8.17,8.165,8.175,8.165,89
2023-07-19 15:27:00,3904,8.1699,8.17,8.17,8.17,8.165,39
2023-07-19 15:28:00,200,8.1725,8.175,8.175,8.175,8.175,3
2023-07-19 15:31:00,322,8.1783,8.18,8.18,8.18,8.175,8
2023-07-19 15:32:00,846,8.1799,8.18,8.18,8.18,8.18,18
2023-07-19 15:33:00,4505,8.1797,8.18,8.18,8.18,8.175,51
2023-07-19 15:34:00,3576,8.1803,8.18,8.185,8.19,8.18,44
2023-07-19 15:35:00,2563,8.1796,8.18,8.18,8.18,8.175,26
2023-07-19 15:36:00,2688,8.181,8.18,8.19,8.19,8.18,25
2023-07-19 15:37:00,500,8.19,8.19,8.19,8.19,8.19,4
2023-07-19 15:38:00,2587,8.1906,8.19,8.195,8.195,8.19,32
2023-07-19 15:39:00,401,8.1987,8.2,8.1975,8.2,8.1975,4
2023-07-19 15:40:00,505,8.199,8.2,8.1975,8.2,8.1975,7
2023-07-19 15:41:00,497,8.1999,8.2,8.2,8.2,8.2,9
2023-07-19 15:42:00,3700,8.2003,8.2,8.2,8.205,8.2,43
2023-07-19 15:43:00,800,8.21,8.21,8.21,8.21,8.21,9
2023-07-19 15:44:00,4048,8.2109,8.21,8.22,8.22,8.21,36
2023-07-19 15:45:00,494,8.219,8.22,8.22,8.22,8.22,6
2023-07-19 15:46:00,802,8.2136,8.22,8.22,8.22,8.22,11
2023-07-19 15:47:00,531,8.2191,8.215,8.22,8.22,8.215,10
2023-07-19 15:48:00,1483,8.22,8.22,8.22,8.22,8.22,19
2023-07-19 15:49:00,909,8.22,8.22,8.22,8.22,8.22,19
2023-07-19 15:50:00,1190,8.2189,8.215,8.215,8.22,8.215,16
2023-07-19 15:51:00,635,8.2163,8.22,8.22,8.22,8.21,8
2023-07-19 15:52:00,535,8.2185,8.22,8.22,8.22,8.215,5
2023-07-19 15:53:00,635,8.2163,8.22,8.21,8.22,8.21,9
2023-07-19 15:54:00,1126,8.2196,8.22,8.22,8.22,8.215,19
2023-07-19 15:55:00,5850,8.2203,8.22,8.23,8.23,8.22,69
2023-07-19 15:56:00,860,8.2267,8.225,8.23,8.23,8.225,12
2023-07-19 15:57:00,623,8.2268,8.23,8.225,8.23,8.225,12
2023-07-19 15:58:00,851,8.23,8.23,8.23,8.23,8.23,17
2023-07-19 15:59:00,1821,8.2299,8.23,8.23,8.23,8.23,35
2023-07-19 16:00:00,201,8.23,8.23,8.23,8.23,8.23,4
2023-07-19 16:01:00,200,8.23,8.23,8.23,8.23,8.23,2
2023-07-19 16:02:00,801,8.2303,8.23,8.23,8.23,8.23,23
2023-07-19 16:03:00,400,8.2375,8.24,8.24,8.24,8.24,4
2023-07-19 16:04:00,6694,8.2293,8.23,8.2275,8.23,8.225,56
2023-07-19 16:05:00,501,8.2238,8.22,8.22,8.22,8.22,5
2023-07-19 16:06:00,400,8.2238,8.22,8.2275,8.2275,8.22,3
2023-07-19 16:07:00,1675,8.2181,8.22,8.22,8.22,8.21,19
2023-07-19 16:08:00,1100,8.2113,8.215,8.21,8.215,8.21,3
2023-07-19 16:09:00,2319,8.2092,8.2175,8.205,8.2175,8.205,24
2023-07-19 16:10:00,339,8.202,8.2,8.205,8.205,8.2,7
2023-07-19 16:11:00,2173,8.2021,8.205,8.2075,8.2075,8.2,27
2023-07-19 16:12:00,360,8.205,8.205,8.205,8.205,8.205,4
2023-07-19 16:13:00,1931,8.2016,8.2075,8.2,8.2075,8.2,9
2023-07-19 16:14:00,416,8.2042,8.2,8.2075,8.21,8.2,7
2023-07-19 16:15:00,802,8.2028,8.2,8.2,8.21,8.2,11
2023-07-19 16:16:00,1304,8.2072,8.205,8.21,8.21,8.2,31
2023-07-19 16:18:00,647,8.2035,8.205,8.2,8.205,8.2,7
2023-07-19 16:19:00,562,8.2068,8.205,8.21,8.21,8.205,9
2023-07-19 16:21:00,301,8.2033,8.21,8.2,8.21,8.2,4
2023-07-19 16:22:00,127,8.2089,8.21,8.21,8.21,8.21,4
2023-07-19 16:23:00,565,8.2059,8.2,8.2,8.21,8.2,6
2023-07-19 16:24:00,4407,8.2116,8.21,8.22,8.22,8.21,59
2023-07-19 16:25:00,6889,8.2202,8.22,8.22,8.225,8.22,58
2023-07-19 16:29:00,807,8.2197,8.22,8.22,8.22,8.22,11
2023-07-19 16:30:00,4554,8.2126,8.22,8.21,8.22,8.21,37
2023-07-19 16:31:00,3992,8.2101,8.215,8.205,8.215,8.205,37
2023-07-19 16:32:00,5553,8.2022,8.2,8.2,8.205,8.2,35
2023-07-19 16:33:00,5502,8.2004,8.2,8.205,8.205,8.2,55
2023-07-19 16:34:00,131,8.205,8.205,8.205,8.205,8.205,3
2023-07-19 16:35:00,700,8.2,8.2,8.2,8.2,8.2,6
2023-07-19 16:36:00,2480,8.1999,8.2,8.2,8.2,8.2,22
2023-07-19 16:37:00,508,8.2011,8.195,8.2,8.2,8.195,6
2023-07-19 16:38:00,100,8.19,8.19,8.19,8.19,8.19,1
2023-07-19 16:39:00,203,8.195,8.195,8.195,8.195,8.195,4
2023-07-19 16:40:00,206,8.195,8.19,8.19,8.19,8.19,5
2023-07-19 16:41:00,500,8.196,8.19,8.2,8.2,8.19,5
2023-07-19 16:42:00,815,8.1994,8.2,8.2,8.2,8.195,9
2023-07-19 16:43:00,1015,8.1975,8.2,8.2,8.2,8.19,12
2023-07-19 16:44:00,613,8.1966,8.2,8.19,8.2,8.19,12
2023-07-19 16:45:00,406,8.1975,8.2,8.195,8.2,8.195,5
2023-07-19 16:46:00,300,8.1983,8.195,8.2,8.2,8.195,4
2023-07-19 16:47:00,700,8.1985,8.2,8.2,8.2,8.195,7
2023-07-19 16:48:00,1267,8.2,8.2,8.2,8.2,8.2,16
2023-07-19 16:49:00,4085,8.2011,8.2,8.205,8.205,8.2,47
2023-07-19 16:50:00,170,8.205,8.205,8.205,8.205,8.205,2
2023-07-19 16:51:00,500,8.203,8.2075,8.205,8.2075,8.205,5
2023-07-19 16:52:00,100,8.2075,8.2075,8.2075,8.2075,8.2075,1
2023-07-19 16:53:00,240,8.2029,8.205,8.2,8.205,8.2,3
2023-07-19 16:54:00,530,8.2047,8.2,8.2075,8.21,8.2,7
2023-07-19 16:55:00,619,8.2062,8.2075,8.21,8.21,8.2,11
2023-07-19 16:56:00,250,8.203,8.2,8.205,8.205,8.2,3
2023-07-19 16:57:00,461,8.2066,8.2,8.21,8.21,8.2,5
2023-07-19 16:58:00,240,8.204,8.2,8.2075,8.2075,8.2,3
2023-07-19 16:59:00,341,8.2017,8.2,8.205,8.205,8.2,8
2023-07-19 17:00:00,3960,8.2,8.205,8.195,8.2075,8.195,35
2023-07-19 17:01:00,400,8.1973,8.195,8.19,8.195,8.19,4
2023-07-19 17:02:00,353,8.195,8.195,8.195,8.195,8.195,5
2023-07-19 17:03:00,923,8.2,8.2,8.2,8.2,8.2,13
2023-07-19 17:04:00,368,8.1972,8.195,8.195,8.195,8.195,9
2023-07-19 17:05:00,470,8.1925,8.195,8.195,8.195,8.19,7
2023-07-19 17:06:00,766,8.195,8.2,8.19,8.2,8.19,11
2023-07-19 17:07:00,348,8.1935,8.19,8.195,8.195,8.19,10
2023-07-19 17:08:00,3830,8.1894,8.19,8.19,8.19,8.185,46
2023-07-19 17:09:00,841,8.1885,8.185,8.19,8.19,8.185,12
2023-07-19 17:11:00,5342,8.1906,8.19,8.19,8.195,8.19,47
2023-07-19 17:12:00,881,8.1979,8.2,8.195,8.2,8.195,14
2023-07-19 17:13:00,309,8.1999,8.2,8.2,8.2,8.2,6
2023-07-19 17:14:00,2025,8.2013,8.2,8.21,8.21,8.2,38
2023-07-19 17:15:00,595,8.2086,8.21,8.205,8.21,8.205,10
2023-07-19 17:16:00,1204,8.2011,8.205,8.205,8.205,8.205,11
2023-07-19 17:17:00,1177,8.1982,8.2,8.195,8.2,8.195,20
2023-07-19 17:18:00,351,8.1995,8.2,8.2,8.2,8.2,8
2023-07-19 17:19:00,103,8.2,8.2,8.2,8.2,8.2,2
2023-07-19 17:20:00,280,8.1987,8.2,8.2,8.2,8.2,6
2023-07-19 17:21:00,500,8.197,8.2,8.195,8.2,8.19,5
2023-07-19 17:22:00,475,8.1971,8.195,8.2,8.2,8.195,4
2023-07-19 17:23:00,400,8.1975,8.19,8.2,8.2,8.19,4
2023-07-19 17:24:00,433,8.1959,8.195,8.2,8.2,8.195,6
2023-07-19 17:25:00,333,8.1955,8.19,8.195,8.195,8.19,9
2023-07-19 17:26:00,906,8.196,8.19,8.195,8.2,8.19,6
2023-07-19 17:28:00,921,8.1994,8.195,8.2,8.2,8.195,12
2023-07-19 17:29:00,861,8.1977,8.19,8.2,8.2,8.19,16
2023-07-19 17:30:00,495,8.194,8.19,8.195,8.195,8.19,5
2023-07-19 17:31:00,840,8.1934,8.19,8.195,8.195,8.19,16
2023-07-19 17:32:00,501,8.193,8.19,8.195,8.195,8.19,7
2023-07-19 17:33:00,100,8.19,8.19,8.19,8.19,8.19,1
2023-07-19 17:34:00,832,8.1955,8.19,8.19,8.2,8.19,10
2023-07-19 17:35:00,3858,8.1897,8.19,8.185,8.19,8.185,52
2023-07-19 17:36:00,1321,8.1892,8.19,8.185,8.19,8.185,17
2023-07-19 17:37:00,3564,8.1906,8.19,8.2,8.2,8.19,43
2023-07-19 17:39:00,200,8.1925,8.19,8.195,8.195,8.19,2
2023-07-19 17:41:00,314,8.1968,8.195,8.2,8.2,8.195,6
2023-07-19 17:43:00,906,8.1994,8.195,8.2,8.2,8.195,10
2023-07-19 17:44:00,215,8.193,8.19,8.195,8.195,8.19,4
2023-07-19 17:45:00,1676,8.1906,8.19,8.195,8.195,8.19,22
2023-07-19 17:46:00,17075,8.1903,8.19,8.195,8.2,8.19,129
2023-07-19 17:47:00,8505,8.1903,8.19,8.19,8.195,8.19,65
2023-07-19 17:48:00,1161,8.1891,8.19,8.185,8.19,8.185,14
2023-07-19 17:49:00,200,8.1825,8.185,8.18,8.185,8.18,2
2023-07-19 17:50:00,400,8.1838,8.185,8.18,8.185,8.18,2
2023-07-19 17:51:00,400,8.1825,8.18,8.185,8.185,8.18,4
2023-07-19 17:52:00,200,8.18,8.18,8.18,8.18,8.18,2
2023-07-19 17:53:00,109,8.18,8.18,8.18,8.18,8.18,3
2023-07-19 17:54:00,200,8.18,8.18,8.18,8.18,8.18,2
2023-07-19 17:55:00,11250,8.1897,8.18,8.195,8.195,8.18,108
2023-07-19 17:56:00,12281,8.1901,8.19,8.19,8.195,8.18,68
2023-07-19 17:57:00,2495,8.1902,8.19,8.195,8.195,8.19,23
2023-07-19 17:59:00,302,8.1917,8.19,8.195,8.195,8.19,4
2023-07-19 18:00:00,300,8.195,8.195,8.195,8.195,8.195,3
2023-07-19 18:01:00,605,8.1958,8.195,8.195,8.2,8.195,8
2023-07-19 18:02:00,468,8.1942,8.195,8.195,8.195,8.195,6
2023-07-19 18:04:00,336,8.195,8.195,8.195,8.195,8.195,5
2023-07-19 18:05:00,105,8.195,8.195,8.195,8.195,8.195,3
2023-07-19 18:06:00,100,8.19,8.19,8.19,8.19,8.19,1
2023-07-19 18:07:00,1015,8.1924,8.19,8.195,8.195,8.19,12
2023-07-19 18:08:00,10526,8.1897,8.195,8.18,8.195,8.18,55
2023-07-19 18:09:00,402,8.182,8.18,8.18,8.18,8.18,5
2023-07-19 18:10:00,201,8.18,8.18,8.18,8.18,8.18,4
2023-07-19 18:11:00,1172,8.1821,8.19,8.18,8.19,8.18,14
2023-07-19 18:12:00,863,8.1778,8.18,8.175,8.18,8.17,11
2023-07-19 18:13:00,9991,8.178,8.175,8.18,8.18,8.17,67
2023-07-19 18:14:00,2800,8.18,8.18,8.18,8.18,8.18,10
2023-07-19 18:15:00,2701,8.18,8.18,8.18,8.18,8.18,17
2023-07-19 18:16:00,2539,8.18,8.18,8.18,8.18,8.18,32
2023-07-19 18:17:00,2808,8.1826,8.18,8.19,8.19,8.18,43
2023-07-19 18:18:00,434,8.1823,8.185,8.18,8.185,8.18,4
2023-07-19 18:19:00,1208,8.1844,8.19,8.185,8.19,8.185,9
2023-07-19 18:20:00,3135,8.1895,8.19,8.19,8.19,8.185,26
2023-07-19 18:21:00,3451,8.1889,8.19,8.19,8.19,8.18,34
2023-07-19 18:22:00,3639,8.1897,8.19,8.19,8.19,8.185,47
2023-07-19 18:23:00,731,8.1963,8.195,8.2,8.2,8.195,6
2023-07-19 18:24:00,410,8.2,8.2,8.2,8.2,8.2,3
2023-07-19 18:26:00,690,8.2,8.2,8.2,8.2,8.2,14
2023-07-19 18:27:00,3659,8.1918,8.2,8.195,8.2,8.19,35
2023-07-19 18:28:00,625,8.1966,8.19,8.195,8.2,8.19,8
2023-07-19 18:29:00,2037,8.192,8.195,8.19,8.2,8.19,21
2023-07-19 18:30:00,12035,8.19,8.19,8.195,8.195,8.19,90
2023-07-19 18:31:00,743,8.1916,8.19,8.195,8.195,8.19,9
2023-07-19 18:32:00,7961,8.1999,8.195,8.2,8.2,8.195,65
2023-07-19 18:33:00,1467,8.2021,8.205,8.205,8.205,8.2,10
2023-07-19 18:35:00,3510,8.1984,8.2,8.195,8.2,8.195,41
2023-07-19 18:36:00,257,8.1931,8.19,8.195,8.195,8.19,3
2023-07-19 18:37:00,509,8.1939,8.19,8.2,8.2,8.19,7
2023-07-19 18:39:00,9209,8.1989,8.195,8.19,8.2,8.19,34
2023-07-19 18:40:00,1850,8.1934,8.19,8.195,8.195,8.19,22
2023-07-19 18:41:00,17227,8.1986,8.2,8.205,8.21,8.195,90
2023-07-19 18:42:00,986,8.2035,8.2,8.205,8.205,8.2,12
2023-07-19 18:43:00,1059,8.2038,8.205,8.205,8.205,8.2,11
2023-07-19 18:44:00,6024,8.2012,8.2012,8.2,8.205,8.2,61
2023-07-19 18:45:00,6187,8.1973,8.2,8.195,8.205,8.19,53
2023-07-19 18:46:00,801,8.1909,8.195,8.19,8.195,8.19,7
2023-07-19 18:47:00,120,8.1908,8.19,8.19,8.19,8.19,3
2023-07-19 18:48:00,3156,8.1975,8.19,8.2,8.2,8.19,35
2023-07-19 18:49:00,113,8.1956,8.195,8.195,8.195,8.195,2
2023-07-19 18:50:00,511,8.1941,8.195,8.19,8.195,8.19,8
2023-07-19 18:51:00,1676,8.1984,8.195,8.2,8.2,8.19,22
2023-07-19 18:52:00,171,8.195,8.195,8.195,8.195,8.195,4
2023-07-19 18:53:00,2034,8.1986,8.2,8.2,8.2,8.2,27
2023-07-19 18:54:00,962,8.1981,8.195,8.2,8.2,8.195,13
2023-07-19 18:55:00,1780,8.1981,8.195,8.195,8.2,8.195,23
2023-07-19 18:56:00,6297,8.1933,8.195,8.195,8.2,8.19,42
2023-07-19 18:57:00,19516,8.1999,8.195,8.2,8.205,8.195,137
2023-07-19 18:58:00,5349,8.1919,8.19,8.19,8.195,8.19,22
2023-07-19 18:59:00,21041,8.1903,8.19,8.195,8.195,8.185,102
2023-07-19 19:00:00,2241,8.1901,8.19,8.19,8.19,8.19,15
2023-07-19 19:01:00,1377,8.193,8.195,8.19,8.195,8.19,16
2023-07-19 19:02:00,2444,8.1942,8.195,8.19,8.195,8.19,12
2023-07-19 19:03:00,14298,8.1866,8.19,8.185,8.19,8.18,74
2023-07-19 19:04:00,1602,8.182,8.18,8.185,8.185,8.18,17
2023-07-19 19:05:00,5483,8.1827,8.18,8.18,8.185,8.18,39
2023-07-19 19:06:00,8138,8.1797,8.185,8.17,8.185,8.17,49
2023-07-19 19:07:00,10540,8.1732,8.17,8.17,8.175,8.17,60
2023-07-19 19:08:00,919,8.1728,8.175,8.17,8.175,8.17,11
2023-07-19 19:09:00,2172,8.1735,8.175,8.175,8.175,8.17,31
2023-07-19 19:10:00,818,8.1737,8.175,8.175,8.175,8.17,13
2023-07-19 19:11:00,3036,8.1723,8.17,8.17,8.175,8.17,28
2023-07-19 19:12:00,1472,8.1732,8.175,8.175,8.175,8.17,22
2023-07-19 19:13:00,779,8.174,8.175,8.175,8.175,8.17,12
2023-07-19 19:14:00,24649,8.1808,8.17,8.185,8.19,8.17,160
2023-07-19 19:15:00,36402,8.1801,8.185,8.185,8.185,8.17,140
2023-07-19 19:16:00,2281,8.1852,8.19,8.19,8.19,8.18,15
2023-07-19 19:17:00,3112,8.1857,8.185,8.19,8.19,8.1815,29
2023-07-19 19:18:00,4692,8.1864,8.185,8.185,8.19,8.18,31
2023-07-19 19:19:00,10634,8.1897,8.19,8.19,8.19,8.185,82
2023-07-19 19:20:00,9377,8.1899,8.19,8.19,8.195,8.185,93
2023-07-19 19:21:00,4184,8.1956,8.19,8.195,8.2,8.19,33
2023-07-19 19:22:00,546,8.1942,8.195,8.195,8.195,8.195,10
2023-07-19 19:23:00,3681,8.1985,8.195,8.2,8.2,8.195,18
2023-07-19 19:24:00,6580,8.1946,8.2,8.195,8.2,8.19,34
2023-07-19 19:25:00,1319,8.1957,8.19,8.195,8.2,8.19,14
2023-07-19 19:26:00,13033,8.1962,8.19,8.195,8.2,8.19,76
2023-07-19 19:27:00,4509,8.1997,8.195,8.2,8.2,8.19,31
2023-07-19 19:28:00,23812,8.1998,8.2,8.195,8.21,8.19,171
2023-07-19 19:29:00,521,8.195,8.195,8.195,8.195,8.195,7
2023-07-19 19:30:00,5128,8.1961,8.2,8.19,8.2,8.19,28
2023-07-19 19:31:00,5293,8.1987,8.2,8.2,8.2,8.195,24
2023-07-19 19:32:00,2135,8.1953,8.19,8.195,8.2,8.19,24
2023-07-19 19:33:00,3199,8.1942,8.19,8.2,8.2,8.19,30
2023-07-19 19:34:00,5618,8.198,8.195,8.195,8.2,8.195,43
2023-07-19 19:35:00,11140,8.1988,8.195,8.195,8.2,8.19,56
2023-07-19 19:36:00,8352,8.1971,8.195,8.2,8.2,8.19,59
2023-07-19 19:37:00,54594,8.1895,8.19,8.185,8.195,8.18,192
2023-07-19 19:38:00,5322,8.185,8.185,8.185,8.19,8.185,21
2023-07-19 19:39:00,24734,8.1913,8.19,8.2,8.2,8.19,138
2023-07-19 19:40:00,16393,8.2015,8.2,8.205,8.21,8.2,114
2023-07-19 19:41:00,5344,8.2089,8.21,8.205,8.21,8.205,30
2023-07-19 19:42:00,7343,8.2091,8.205,8.21,8.21,8.205,57
2023-07-19 19:43:00,11244,8.2114,8.21,8.215,8.22,8.205,117
2023-07-19 19:44:00,6806,8.2132,8.215,8.21,8.215,8.21,46
2023-07-19 19:45:00,25586,8.2124,8.215,8.215,8.22,8.21,115
2023-07-19 19:46:00,22980,8.2111,8.21,8.215,8.215,8.21,125
2023-07-19 19:47:00,2949,8.2152,8.21,8.22,8.22,8.21,34
2023-07-19 19:48:00,6923,8.2192,8.22,8.215,8.22,8.215,54
2023-07-19 19:49:00,8113,8.2173,8.22,8.215,8.22,8.215,58
2023-07-19 19:50:00,20803,8.2258,8.22,8.235,8.24,8.22,137
2023-07-19 19:51:00,58835,8.2307,8.235,8.225,8.24,8.22,208
2023-07-19 19:52:00,10103,8.2239,8.22,8.225,8.23,8.22,72
2023-07-19 19:53:00,14971,8.2239,8.22,8.225,8.225,8.22,73
2023-07-19 19:54:00,26484,8.2218,8.225,8.225,8.225,8.22,104
2023-07-19 19:55:00,27991,8.2247,8.22,8.225,8.23,8.22,175
2023-07-19 19:56:00,34263,8.2237,8.225,8.225,8.23,8.22,241
2023-07-19 19:57:00,91493,8.2202,8.225,8.22,8.225,8.21,360
2023-07-19 19:58:00,45760,8.2204,8.22,8.215,8.225,8.215,197
2023-07-19 19:59:00,78572,8.2155,8.215,8.22,8.23,8.21,369
2023-07-19 20:00:00,2376,8.23,8.23,8.23,8.23,8.23,12
2023-07-19 22:28:00,100,8.3454,8.3454,8.3454,8.3454,8.3454,1
