t,v,vw,o,c,h,l,n
2023-07-20 13:30:00,13014,35.3028,35.31,35.25,35.31,35.25,31
2023-07-20 13:31:00,8973,35.2406,35.25,35.25,35.32,35.13,165
2023-07-20 13:32:00,335,35.1189,35.185,35.185,35.185,35.185,21
2023-07-20 13:33:00,913,35.2072,35.11,35.24,35.25,35.11,11
2023-07-20 13:34:00,1036,35.2183,35.25,35.21,35.25,35.2,25
2023-07-20 13:36:00,658,35.2383,35.22,35.22,35.22,35.22,30
2023-07-20 13:39:00,896,35.2016,35.19,35.19,35.19,35.19,39
2023-07-20 13:40:00,464,35.1465,35.145,35.145,35.145,35.145,17
2023-07-20 13:43:00,450,35.1631,35.16,35.16,35.16,35.16,24
2023-07-20 13:44:00,492,35.0996,35.12,35.1,35.12,35.1,22
2023-07-20 13:45:00,3574,35.1483,35.18,35.105,35.18,35.1,59
2023-07-20 13:46:00,734,35.079,35.08,35.05,35.09,35.05,26
2023-07-20 13:47:00,3020,35.1053,35.09,35.09,35.14,35.06,69
2023-07-20 13:48:00,912,35.0341,35.08,34.99,35.08,34.99,27
2023-07-20 13:49:00,213,35.0553,35.005,35.005,35.005,35.005,6
2023-07-20 13:50:00,3699,35.0133,35.03,34.99,35.035,34.98,63
2023-07-20 13:51:00,8549,35.0004,35.0,35.0025,35.01,34.985,44
2023-07-20 13:52:00,2292,34.9562,34.98,34.94,34.98,34.935,56
2023-07-20 13:53:00,826,34.952,34.95,34.95,34.96,34.95,18
2023-07-20 13:54:00,1900,34.9784,34.97,34.975,34.99,34.96,37
2023-07-20 13:55:00,2353,34.9434,34.95,34.92,34.95,34.92,32
2023-07-20 13:56:00,590,34.8599,34.87,34.85,34.87,34.85,23
2023-07-20 13:57:00,179,34.8303,34.83,34.83,34.83,34.83,8
2023-07-20 13:58:00,1325,34.782,34.81,34.77,34.81,34.76,33
2023-07-20 13:59:00,1199,34.7979,34.76,34.81,34.81,34.76,27
2023-07-20 14:00:00,1765,34.8302,34.82,34.81,34.84,34.81,44
2023-07-20 14:01:00,2230,34.7852,34.785,34.8,34.8,34.77,44
2023-07-20 14:02:00,591,34.8193,34.82,34.82,34.82,34.82,14
2023-07-20 14:03:00,2072,34.8441,34.83,34.84,34.875,34.83,45
2023-07-20 14:04:00,767,34.859,34.85,34.875,34.875,34.85,19
2023-07-20 14:05:00,2066,34.8474,34.86,34.87,34.87,34.82,48
2023-07-20 14:06:00,1268,34.8788,34.88,34.87,34.89,34.855,43
2023-07-20 14:07:00,1092,34.8894,34.88,34.9,34.9,34.88,26
2023-07-20 14:08:00,1818,34.866,34.89,34.86,34.89,34.855,64
2023-07-20 14:09:00,901,34.8647,34.86,34.87,34.88,34.86,21
2023-07-20 14:10:00,3426,34.8745,34.86,34.9,34.9,34.86,79
2023-07-20 14:11:00,2371,34.8742,34.89,34.8675,34.89,34.855,41
2023-07-20 14:12:00,1099,34.9043,34.92,34.93,34.93,34.91,30
2023-07-20 14:13:00,527,34.9111,34.91,34.91,34.91,34.91,18
2023-07-20 14:14:00,1382,34.8817,34.89,34.87,34.89,34.865,44
2023-07-20 14:15:00,1141,34.8909,34.89,34.895,34.9,34.89,23
2023-07-20 14:16:00,2435,34.8656,34.88,34.86,34.88,34.85,51
2023-07-20 14:17:00,419,34.8337,34.825,34.825,34.825,34.825,11
2023-07-20 14:18:00,1358,34.8308,34.825,34.815,34.84,34.815,27
2023-07-20 14:19:00,2140,34.8205,34.83,34.81,34.83,34.8,56
2023-07-20 14:20:00,2198,34.7951,34.81,34.78,34.81,34.78,46
2023-07-20 14:21:00,872,34.738,34.74,34.74,34.74,34.735,18
2023-07-20 14:22:00,735,34.718,34.72,34.715,34.72,34.715,22
2023-07-20 14:23:00,2455,34.7297,34.72,34.75,34.75,34.72,59
2023-07-20 14:24:00,1235,34.7422,34.75,34.73,34.75,34.73,36
2023-07-20 14:26:00,852,34.71,34.705,34.705,34.705,34.705,25
2023-07-20 14:27:00,3997,34.7148,34.71,34.71,34.72,34.71,70
2023-07-20 14:28:00,1546,34.725,34.71,34.73,34.74,34.71,31
2023-07-20 14:29:00,552,34.7601,34.75,34.77,34.77,34.75,16
2023-07-20 14:30:00,1068,34.763,34.76,34.77,34.77,34.755,22
2023-07-20 14:32:00,1485,34.7838,34.78,34.79,34.79,34.78,40
2023-07-20 14:33:00,211,34.7906,34.79,34.79,34.79,34.79,15
2023-07-20 14:34:00,1115,34.7815,34.78,34.78,34.78,34.78,42
2023-07-20 14:35:00,3997,34.7972,34.78,34.81,34.83,34.78,64
2023-07-20 14:36:00,953,34.8236,34.82,34.82,34.83,34.8175,27
2023-07-20 14:37:00,1990,34.8343,34.84,34.82,34.84,34.82,43
2023-07-20 14:38:00,1193,34.819,34.82,34.8175,34.82,34.815,29
2023-07-20 14:39:00,1626,34.806,34.81,34.795,34.81,34.795,39
2023-07-20 14:40:00,1990,34.8121,34.8,34.82,34.82,34.8,35
2023-07-20 14:41:00,649,34.8137,34.825,34.81,34.825,34.81,19
2023-07-20 14:42:00,1684,34.7999,34.81,34.79,34.81,34.79,32
2023-07-20 14:43:00,2193,34.7435,34.755,34.76,34.76,34.725,32
2023-07-20 14:44:00,320,34.76,34.76,34.76,34.76,34.76,3
2023-07-20 14:45:00,1996,34.7723,34.77,34.78,34.78,34.76,35
2023-07-20 14:46:00,1353,34.7793,34.78,34.775,34.78,34.775,37
2023-07-20 14:47:00,1602,34.7726,34.775,34.75,34.78,34.75,52
2023-07-20 14:48:00,868,34.7266,34.73,34.72,34.73,34.72,21
2023-07-20 14:49:00,468,34.7196,34.72,34.72,34.72,34.72,13
2023-07-20 14:50:00,2339,34.7323,34.72,34.755,34.755,34.72,48
2023-07-20 14:51:00,1460,34.7648,34.75,34.77,34.775,34.75,36
2023-07-20 14:52:00,1955,34.7845,34.785,34.79,34.79,34.775,38
2023-07-20 14:53:00,1477,34.7662,34.78,34.76,34.78,34.755,32
2023-07-20 14:54:00,583,34.7466,34.75,34.74,34.75,34.74,22
2023-07-20 14:55:00,2544,34.7586,34.7415,34.76,34.77,34.7415,70
2023-07-20 14:56:00,1432,34.7451,34.75,34.7372,34.75,34.7372,25
2023-07-20 14:57:00,398,34.7444,34.74,34.74,34.74,34.74,14
2023-07-20 14:58:00,6677,34.7167,34.74,34.7,34.74,34.7,133
2023-07-20 14:59:00,473,34.6996,34.7,34.7,34.7,34.7,11
2023-07-20 15:00:00,129,34.7,34.7,34.7,34.7,34.7,4
2023-07-20 15:01:00,8502,34.6996,34.71,34.68,34.71,34.68,152
2023-07-20 15:03:00,1713,34.679,34.68,34.68,34.68,34.67,37
2023-07-20 15:04:00,2551,34.6865,34.68,34.695,34.695,34.68,51
2023-07-20 15:05:00,1999,34.6894,34.695,34.68,34.7,34.68,40
2023-07-20 15:06:00,1821,34.6927,34.68,34.7,34.71,34.68,48
2023-07-20 15:07:00,1097,34.6995,34.705,34.7,34.705,34.7,22
2023-07-20 15:08:00,823,34.6878,34.69,34.68,34.69,34.68,29
2023-07-20 15:09:00,1047,34.6581,34.67,34.655,34.67,34.655,45
2023-07-20 15:10:00,1575,34.6421,34.65,34.64,34.65,34.64,24
2023-07-20 15:11:00,2914,34.6402,34.64,34.63,34.65,34.62,55
2023-07-20 15:12:00,2584,34.6177,34.62,34.6,34.62,34.6,57
2023-07-20 15:13:00,2204,34.59,34.59,34.59,34.6,34.58,39
2023-07-20 15:14:00,3016,34.6052,34.6,34.6,34.61,34.6,48
2023-07-20 15:15:00,2179,34.5676,34.59,34.54,34.59,34.54,53
2023-07-20 15:16:00,3483,34.5586,34.55,34.55,34.57,34.55,47
2023-07-20 15:17:00,1006,34.5336,34.54,34.525,34.54,34.525,28
2023-07-20 15:18:00,29987,34.4898,34.52,34.45,34.54,34.44,246
2023-07-20 15:19:00,4147,34.4435,34.45,34.45,34.46,34.42,60
2023-07-20 15:20:00,3058,34.4256,34.425,34.44,34.44,34.405,58
2023-07-20 15:21:00,3468,34.4446,34.44,34.455,34.455,34.43,57
2023-07-20 15:22:00,1562,34.4546,34.46,34.45,34.46,34.45,36
2023-07-20 15:23:00,2968,34.4431,34.46,34.42,34.46,34.42,34
2023-07-20 15:24:00,376,34.4247,34.425,34.425,34.425,34.425,23
2023-07-20 15:25:00,6445,34.4279,34.44,34.44,34.45,34.41,99
2023-07-20 15:26:00,1242,34.4726,34.4625,34.485,34.485,34.4625,33
2023-07-20 15:27:00,1790,34.5079,34.505,34.535,34.535,34.5,68
2023-07-20 15:28:00,2536,34.5068,34.52,34.49,34.52,34.48,77
2023-07-20 15:29:00,499,34.49,34.49,34.48,34.49,34.48,22
2023-07-20 15:30:00,23102,34.4582,34.49,34.455,34.49,34.44,372
2023-07-20 15:31:00,19218,34.4754,34.47,34.5,34.52,34.45,238
2023-07-20 15:32:00,1252,34.491,34.505,34.495,34.505,34.49,40
2023-07-20 15:33:00,1908,34.498,34.49,34.51,34.51,34.49,46
2023-07-20 15:34:00,481,34.5186,34.52,34.52,34.52,34.52,27
2023-07-20 15:35:00,2305,34.5199,34.52,34.525,34.525,34.51,30
2023-07-20 15:37:00,2599,34.5359,34.525,34.53,34.545,34.525,59
2023-07-20 15:39:00,7222,34.5129,34.55,34.46,34.55,34.455,135
2023-07-20 15:40:00,3214,34.4628,34.455,34.46,34.47,34.455,63
2023-07-20 15:41:00,1723,34.4656,34.46,34.47,34.47,34.46,24
2023-07-20 15:44:00,2370,34.4649,34.47,34.46,34.47,34.46,58
2023-07-20 15:45:00,1026,34.4777,34.47,34.47,34.47,34.47,25
2023-07-20 15:46:00,2553,34.4627,34.47,34.455,34.48,34.455,58
2023-07-20 15:47:00,8537,34.4527,34.455,34.485,34.485,34.43,122
2023-07-20 15:48:00,1128,34.4939,34.5,34.51,34.51,34.5,26
2023-07-20 15:49:00,606,34.5023,34.51,34.51,34.51,34.51,22
2023-07-20 15:50:00,593,34.5114,34.515,34.515,34.515,34.515,26
2023-07-20 15:51:00,2674,34.5283,34.52,34.54,34.54,34.51,46
2023-07-20 15:52:00,5185,34.5653,34.54,34.57,34.58,34.53,114
2023-07-20 15:53:00,2447,34.5752,34.57,34.58,34.59,34.565,48
2023-07-20 15:54:00,773,34.5892,34.59,34.6,34.6,34.59,27
2023-07-20 15:55:00,27459,34.5857,34.59,34.57,34.61,34.57,313
2023-07-20 15:56:00,12137,34.5855,34.58,34.57,34.6,34.57,144
2023-07-20 15:57:00,26878,34.5949,34.58,34.63,34.64,34.57,285
2023-07-20 15:58:00,478769,34.5154,34.63,34.645,34.645,34.63,58
2023-07-20 15:59:00,7535,34.6297,34.64,34.615,34.66,34.615,113
2023-07-20 16:00:00,5792,34.6552,34.62,34.69,34.7,34.62,83
2023-07-20 16:01:00,4897,34.7229,34.7,34.75,34.75,34.69,77
2023-07-20 16:02:00,5019,34.7619,34.76,34.8,34.8,34.75,84
2023-07-20 16:03:00,4031,34.7974,34.8,34.81,34.82,34.785,83
2023-07-20 16:04:00,3561,34.8161,34.82,34.81,34.83,34.81,53
2023-07-20 16:05:00,8546,34.7758,34.825,34.74,34.825,34.74,98
2023-07-20 16:06:00,3321,34.723,34.74,34.715,34.74,34.715,56
2023-07-20 16:07:00,3246,34.7207,34.71,34.75,34.75,34.71,59
2023-07-20 16:08:00,464,34.7447,34.745,34.75,34.75,34.745,12
2023-07-20 16:09:00,7503,34.7545,34.75,34.75,34.76,34.745,129
2023-07-20 16:10:00,1389,34.7207,34.74,34.685,34.74,34.685,33
2023-07-20 16:11:00,842,34.6912,34.68,34.68,34.68,34.68,15
2023-07-20 16:12:00,455,34.685,34.68,34.68,34.68,34.68,17
2023-07-20 16:13:00,2556,34.6645,34.68,34.645,34.68,34.64,65
2023-07-20 16:14:00,1389,34.6407,34.64,34.64,34.65,34.64,36
2023-07-20 16:15:00,2393,34.6424,34.64,34.64,34.645,34.64,23
2023-07-20 16:16:00,4516,34.6596,34.64,34.67,34.67,34.64,76
2023-07-20 16:17:00,872,34.6765,34.67,34.68,34.68,34.67,21
2023-07-20 16:18:00,2038,34.6592,34.67,34.65,34.67,34.65,61
2023-07-20 16:20:00,502,34.658,34.66,34.66,34.66,34.66,17
2023-07-20 16:21:00,532,34.6705,34.68,34.665,34.68,34.665,31
2023-07-20 16:22:00,1017,34.6704,34.67,34.67,34.67,34.67,37
2023-07-20 16:23:00,2254,34.6375,34.66,34.62,34.66,34.62,61
2023-07-20 16:24:00,509,34.6201,34.62,34.62,34.62,34.62,23
2023-07-20 16:25:00,477012,34.62,34.625,34.6175,34.625,34.6175,26
2023-07-20 16:26:00,2070,34.6137,34.61,34.625,34.63,34.61,56
2023-07-20 16:27:00,109795,34.62,34.625,34.625,34.625,34.625,17
2023-07-20 16:28:00,1818,34.6471,34.64,34.655,34.655,34.64,61
2023-07-20 16:29:00,922,34.6493,34.65,34.645,34.65,34.645,42
2023-07-20 16:30:00,2279,34.6389,34.64,34.645,34.645,34.63,38
2023-07-20 16:31:00,253,34.6439,34.645,34.645,34.645,34.645,6
2023-07-20 16:33:00,867,34.6455,34.645,34.645,34.645,34.645,31
2023-07-20 16:34:00,1992,34.6307,34.64,34.62,34.64,34.62,57
2023-07-20 16:35:00,2419,34.6397,34.63,34.66,34.66,34.63,48
2023-07-20 16:36:00,334,34.6541,34.655,34.655,34.655,34.655,19
2023-07-20 16:38:00,364,34.6441,34.65,34.65,34.65,34.65,13
2023-07-20 16:39:00,3099,34.6298,34.65,34.6175,34.65,34.6175,83
2023-07-20 16:40:00,1653,34.6321,34.615,34.65,34.65,34.615,40
2023-07-20 16:41:00,898,34.6638,34.66,34.68,34.68,34.66,25
2023-07-20 16:42:00,1359,34.6821,34.68,34.69,34.69,34.68,38
2023-07-20 16:43:00,476,34.7002,34.695,34.71,34.71,34.695,23
2023-07-20 16:44:00,1379,34.6762,34.68,34.665,34.68,34.665,43
2023-07-20 16:45:00,109,34.6654,34.665,34.665,34.665,34.665,5
2023-07-20 16:46:00,1270,34.6783,34.67,34.685,34.685,34.67,26
2023-07-20 16:47:00,2005,34.6966,34.69,34.71,34.71,34.69,40
2023-07-20 16:48:00,1198,34.7258,34.7299,34.72,34.7299,34.72,24
2023-07-20 16:49:00,2062,34.7234,34.73,34.74,34.75,34.72,44
2023-07-20 16:50:00,1403,34.7336,34.74,34.725,34.74,34.725,47
2023-07-20 16:51:00,996,34.7279,34.725,34.73,34.73,34.725,21
2023-07-20 16:52:00,1901,34.7217,34.725,34.72,34.725,34.72,30
2023-07-20 16:53:00,1529,34.7229,34.72,34.72,34.73,34.72,33
2023-07-20 16:54:00,1145,34.708,34.71,34.7,34.72,34.7,31
2023-07-20 16:55:00,1609,34.6995,34.7,34.7,34.7,34.7,27
2023-07-20 16:56:00,612,34.7014,34.7,34.7,34.7,34.7,18
2023-07-20 16:57:00,237,34.7097,34.71,34.71,34.71,34.71,15
2023-07-20 16:58:00,464,34.7026,34.7,34.7,34.71,34.7,15
2023-07-20 16:59:00,2581,34.6951,34.69,34.705,34.71,34.69,93
2023-07-20 17:00:00,818,34.7127,34.71,34.72,34.72,34.71,24
2023-07-20 17:01:00,475,34.7274,34.725,34.73,34.73,34.725,13
2023-07-20 17:02:00,2637,34.7226,34.73,34.72,34.73,34.715,60
2023-07-20 17:03:00,1120,34.7267,34.73,34.73,34.73,34.73,43
2023-07-20 17:04:00,1061,34.7212,34.72,34.72,34.73,34.72,25
2023-07-20 17:05:00,1519,34.7148,34.71,34.72,34.72,34.71,27
2023-07-20 17:06:00,1408,34.7275,34.72,34.735,34.735,34.72,40
2023-07-20 17:07:00,2151,34.7112,34.72,34.71,34.72,34.7,63
2023-07-20 17:08:00,1249,34.7103,34.715,34.71,34.715,34.7,38
2023-07-20 17:09:00,503,34.6839,34.69,34.67,34.69,34.67,21
2023-07-20 17:10:00,977,34.6671,34.67,34.66,34.67,34.66,22
2023-07-20 17:11:00,1541,34.6771,34.67,34.69,34.69,34.67,43
2023-07-20 17:12:00,1482,34.6999,34.7,34.7,34.7,34.7,29
2023-07-20 17:13:00,928,34.6985,34.695,34.7,34.7,34.695,22
2023-07-20 17:14:00,1464,34.705,34.7,34.71,34.71,34.7,35
2023-07-20 17:15:00,1046,34.697,34.7,34.7,34.7,34.69,47
2023-07-20 17:18:00,442,34.6936,34.69,34.69,34.69,34.69,12
2023-07-20 17:20:00,1537,34.698,34.69,34.7,34.7,34.69,32
2023-07-20 17:21:00,3150,34.7333,34.71,34.77,34.77,34.71,58
2023-07-20 17:22:00,703,34.7716,34.77,34.775,34.775,34.77,21
2023-07-20 17:23:00,494,34.78,34.78,34.78,34.78,34.78,18
2023-07-20 17:24:00,2974,34.7717,34.78,34.78,34.78,34.77,70
2023-07-20 17:25:00,2026,34.7876,34.78,34.79,34.79,34.78,26
2023-07-20 17:26:00,2100,34.8024,34.79,34.82,34.82,34.79,30
2023-07-20 17:27:00,345,34.8272,34.825,34.83,34.83,34.825,21
2023-07-20 17:29:00,693,34.8052,34.83,34.83,34.83,34.83,18
2023-07-20 17:30:00,3396,34.8049,34.82,34.795,34.82,34.79,69
2023-07-20 17:31:00,2345,34.784,34.79,34.775,34.79,34.77,35
2023-07-20 17:32:00,2607,34.7784,34.775,34.78,34.78,34.775,41
2023-07-20 17:33:00,550,34.7796,34.7702,34.7702,34.7702,34.7702,18
2023-07-20 17:34:00,4433,34.7911,34.78,34.8,34.8,34.78,72
2023-07-20 17:35:00,309,34.8024,34.8,34.8,34.8,34.8,9
2023-07-20 17:36:00,1056,34.7908,34.79,34.78,34.79,34.78,33
2023-07-20 17:37:00,1287,34.7738,34.78,34.77,34.78,34.77,34
2023-07-20 17:38:00,851,34.7541,34.76,34.75,34.76,34.75,21
2023-07-20 17:39:00,975,34.7484,34.75,34.74,34.75,34.74,15
2023-07-20 17:40:00,872,34.7352,34.74,34.735,34.74,34.72,20
2023-07-20 17:41:00,203,34.7451,34.745,34.745,34.745,34.745,6
2023-07-20 17:42:00,2309,34.7466,34.75,34.74,34.75,34.74,54
2023-07-20 17:43:00,301,34.7466,34.74,34.75,34.75,34.74,13
2023-07-20 17:44:00,1291,34.7572,34.76,34.76,34.76,34.75,40
2023-07-20 17:45:00,155,34.76,34.76,34.76,34.76,34.76,10
2023-07-20 17:46:00,114,34.76,34.76,34.76,34.76,34.76,3
2023-07-20 17:47:00,389,34.7604,34.7533,34.76,34.76,34.7533,9
2023-07-20 17:48:00,1169,34.7586,34.76,34.75,34.76,34.75,38
2023-07-20 17:49:00,1751,34.7646,34.755,34.77,34.77,34.755,45
2023-07-20 17:50:00,3075,34.7844,34.77,34.81,34.81,34.77,57
2023-07-20 17:51:00,265,34.8038,34.81,34.8,34.81,34.8,11
2023-07-20 17:52:00,621,34.7963,34.8,34.8,34.8,34.8,16
2023-07-20 17:53:00,2110,34.7896,34.8,34.79,34.8,34.79,46
2023-07-20 17:54:00,178,34.785,34.785,34.785,34.785,34.785,6
2023-07-20 17:55:00,4336,34.7819,34.79,34.76,34.79,34.76,87
2023-07-20 17:56:00,712,34.7555,34.755,34.755,34.76,34.755,17
2023-07-20 17:58:00,249,34.7527,34.75,34.75,34.75,34.75,14
2023-07-20 17:59:00,2817,34.7394,34.745,34.73,34.745,34.73,60
2023-07-20 18:00:00,558,34.7483,34.73,34.73,34.73,34.73,8
2023-07-20 18:01:00,1533,34.7391,34.73,34.74,34.75,34.73,32
2023-07-20 18:02:00,1544,34.749,34.75,34.75,34.75,34.75,42
2023-07-20 18:03:00,1510,34.738,34.75,34.735,34.75,34.72,42
2023-07-20 18:04:00,977,34.7372,34.73,34.74,34.74,34.73,21
2023-07-20 18:05:00,270,34.74,34.74,34.74,34.74,34.74,11
2023-07-20 18:06:00,1824,34.7591,34.75,34.78,34.78,34.75,47
2023-07-20 18:07:00,207,34.7751,34.78,34.78,34.78,34.78,9
2023-07-20 18:08:00,3873,34.7746,34.77,34.77,34.78,34.765,90
2023-07-20 18:09:00,1126,34.761,34.77,34.76,34.77,34.76,37
2023-07-20 18:10:00,353,34.7519,34.75,34.75,34.75,34.75,10
2023-07-20 18:12:00,1105,34.7548,34.75,34.75,34.76,34.75,26
2023-07-20 18:16:00,4025,34.7428,34.75,34.75,34.75,34.73,88
2023-07-20 18:17:00,417,34.7528,34.76,34.75,34.76,34.75,11
2023-07-20 18:18:00,330,34.7504,34.75,34.75,34.75,34.75,10
2023-07-20 18:19:00,2591,34.7235,34.73,34.72,34.73,34.72,72
2023-07-20 18:20:00,1294,34.7236,34.725,34.72,34.725,34.72,31
2023-07-20 18:21:00,981,34.7199,34.72,34.72,34.72,34.72,13
2023-07-20 18:22:00,1448,34.7407,34.73,34.77,34.77,34.73,33
2023-07-20 18:23:00,402,34.7588,34.77,34.755,34.77,34.755,15
2023-07-20 18:25:00,2315,34.7423,34.75,34.725,34.75,34.725,30
2023-07-20 18:26:00,554,34.7238,34.73,34.725,34.73,34.72,16
2023-07-20 18:27:00,1545,34.7201,34.72,34.72,34.72,34.72,57
2023-07-20 18:28:00,2310,34.7105,34.715,34.7,34.715,34.7,52
2023-07-20 18:29:00,292,34.7085,34.71,34.71,34.71,34.71,18
2023-07-20 18:30:00,4165,34.718,34.7,34.73,34.73,34.7,78
2023-07-20 18:31:00,475,34.7448,34.74,34.75,34.75,34.74,21
2023-07-20 18:32:00,922,34.7486,34.74,34.75,34.75,34.74,33
2023-07-20 18:33:00,398,34.7491,34.755,34.755,34.755,34.755,15
2023-07-20 18:34:00,2124,34.7585,34.76,34.7521,34.76,34.7521,65
2023-07-20 18:35:00,1566,34.7607,34.77,34.76,34.77,34.76,21
2023-07-20 18:36:00,5121,34.7452,34.76,34.73,34.77,34.73,92
2023-07-20 18:37:00,2454,34.7442,34.74,34.745,34.75,34.74,47
2023-07-20 18:38:00,331,34.7452,34.745,34.745,34.745,34.745,5
2023-07-20 18:39:00,11451,34.7596,34.745,34.755,34.775,34.745,163
2023-07-20 18:40:00,1575,34.7362,34.74,34.73,34.74,34.73,39
2023-07-20 18:41:00,240,34.7391,34.73,34.73,34.73,34.73,12
2023-07-20 18:42:00,2840,34.7448,34.74,34.75,34.76,34.74,45
2023-07-20 18:43:00,1314,34.7438,34.75,34.74,34.75,34.74,34
2023-07-20 18:44:00,426,34.7427,34.7473,34.74,34.7473,34.74,20
2023-07-20 18:45:00,2995,34.7546,34.75,34.76,34.76,34.75,36
2023-07-20 18:46:00,2878,34.7698,34.76,34.77,34.775,34.76,70
2023-07-20 18:48:00,1860,34.7723,34.77,34.775,34.775,34.77,38
2023-07-20 18:49:00,1916,34.7806,34.78,34.78,34.79,34.78,56
2023-07-20 18:50:00,716,34.7793,34.78,34.78,34.78,34.78,16
2023-07-20 18:51:00,990,34.7751,34.775,34.775,34.775,34.775,19
2023-07-20 18:52:00,1262,34.7795,34.775,34.78,34.78,34.775,37
2023-07-20 18:53:00,6942,34.7831,34.785,34.785,34.79,34.78,87
2023-07-20 18:54:00,909,34.7801,34.78,34.78,34.78,34.78,34
2023-07-20 18:55:00,902,34.7751,34.775,34.775,34.775,34.775,21
2023-07-20 18:56:00,4284,34.7801,34.775,34.78,34.79,34.775,75
2023-07-20 18:57:00,3056,34.7902,34.78,34.81,34.81,34.78,56
2023-07-20 18:58:00,3938,34.8034,34.81,34.79,34.815,34.79,55
2023-07-20 18:59:00,796,34.7891,34.79,34.795,34.795,34.79,20
2023-07-20 19:00:00,3086,34.7978,34.8,34.82,34.82,34.79,66
2023-07-20 19:01:00,3934,34.8081,34.815,34.8,34.82,34.8,69
2023-07-20 19:02:00,3463,34.7874,34.79,34.775,34.79,34.775,61
2023-07-20 19:03:00,1598,34.7812,34.78,34.78,34.78,34.78,20
2023-07-20 19:04:00,3087,34.7657,34.78,34.745,34.78,34.745,63
2023-07-20 19:05:00,3146,34.7421,34.75,34.75,34.75,34.73,33
2023-07-20 19:06:00,3970,34.7473,34.75,34.74,34.75,34.74,49
2023-07-20 19:07:00,7373,34.7463,34.75,34.73,34.76,34.73,101
2023-07-20 19:08:00,2655,34.7384,34.73,34.74,34.74,34.73,40
2023-07-20 19:09:00,3704,34.7493,34.75,34.75,34.75,34.75,74
2023-07-20 19:10:00,3852,34.7475,34.75,34.75,34.75,34.74,68
2023-07-20 19:11:00,269,34.75,34.75,34.75,34.75,34.75,6
2023-07-20 19:12:00,1828,34.7519,34.75,34.75,34.76,34.75,30
2023-07-20 19:13:00,10108,34.7555,34.76,34.76,34.76,34.75,161
2023-07-20 19:14:00,153,34.76,34.76,34.76,34.76,34.76,7
2023-07-20 19:15:00,8559,34.7432,34.75,34.72,34.75,34.72,131
2023-07-20 19:16:00,889,34.7292,34.72,34.725,34.725,34.72,30
2023-07-20 19:17:00,1585,34.7304,34.73,34.73,34.73,34.73,40
2023-07-20 19:18:00,1312,34.7435,34.74,34.75,34.75,34.74,39
2023-07-20 19:19:00,602,34.7401,34.74,34.74,34.74,34.74,30
2023-07-20 19:20:00,700,34.741,34.74,34.75,34.75,34.74,23
2023-07-20 19:21:00,3957,34.7295,34.75,34.69,34.75,34.69,75
2023-07-20 19:22:00,4327,34.69,34.695,34.68,34.695,34.68,39
2023-07-20 19:23:00,2991,34.6686,34.67,34.66,34.67,34.66,55
2023-07-20 19:24:00,1722,34.6558,34.66,34.65,34.66,34.65,17
2023-07-20 19:25:00,5420,34.6389,34.6423,34.625,34.6436,34.625,40
2023-07-20 19:26:00,3969,34.6387,34.63,34.63,34.63,34.63,73
2023-07-20 19:27:00,1131,34.6197,34.62,34.62,34.62,34.62,35
2023-07-20 19:28:00,2196,34.6305,34.63,34.63,34.63,34.62,51
2023-07-20 19:29:00,3920,34.63,34.63,34.63,34.63,34.625,82
2023-07-20 19:30:00,1053,34.6377,34.64,34.64,34.64,34.64,21
2023-07-20 19:31:00,5553,34.6608,34.65,34.68,34.68,34.65,108
2023-07-20 19:32:00,552,34.6779,34.67,34.67,34.67,34.67,32
2023-07-20 19:33:00,1256,34.6781,34.68,34.675,34.68,34.675,20
2023-07-20 19:34:00,3399,34.6558,34.67,34.635,34.67,34.635,67
2023-07-20 19:35:00,558,34.6421,34.65,34.64,34.65,34.64,24
2023-07-20 19:36:00,4272,34.6357,34.64,34.63,34.64,34.625,92
2023-07-20 19:37:00,11129,34.6178,34.62,34.625,34.63,34.6,163
2023-07-20 19:38:00,363,34.6217,34.625,34.62,34.625,34.62,8
2023-07-20 19:39:00,2020,34.6219,34.625,34.63,34.63,34.615,46
2023-07-20 19:40:00,889,34.6291,34.63,34.63,34.63,34.625,29
2023-07-20 19:41:00,6937,34.6226,34.63,34.59,34.64,34.59,121
2023-07-20 19:42:00,2915,34.6027,34.595,34.62,34.62,34.595,62
2023-07-20 19:43:00,5482,34.6059,34.61,34.62,34.62,34.595,120
2023-07-20 19:44:00,6321,34.6041,34.61,34.6,34.61,34.59,94
2023-07-20 19:45:00,1306,34.599,34.59,34.6,34.605,34.59,29
2023-07-20 19:46:00,2675,34.6017,34.6,34.61,34.61,34.59,48
2023-07-20 19:47:00,8885,34.6295,34.62,34.62,34.64,34.62,159
2023-07-20 19:48:00,10037,34.6015,34.62,34.585,34.62,34.585,147
2023-07-20 19:49:00,6181,34.5757,34.585,34.56,34.585,34.55,104
2023-07-20 19:50:00,15017,34.5498,34.57,34.559,34.57,34.53,217
2023-07-20 19:51:00,6179,34.5411,34.55,34.52,34.56,34.52,88
2023-07-20 19:52:00,16422,34.508,34.53,34.51,34.535,34.49,264
2023-07-20 19:53:00,15852,34.4994,34.515,34.495,34.515,34.485,215
2023-07-20 19:54:00,12648,34.5015,34.5,34.5,34.515,34.49,214
2023-07-20 19:55:00,21516,34.4893,34.495,34.485,34.5,34.47,278
2023-07-20 19:56:00,18996,34.5029,34.49,34.505,34.52,34.49,244
2023-07-20 19:57:00,22390,34.4982,34.5,34.48,34.52,34.475,274
2023-07-20 19:58:00,28501,34.502,34.49,34.51,34.52,34.48,371
2023-07-20 19:59:00,58148,34.4853,34.5,34.47,34.51,34.46,481
2023-07-20 20:00:00,1636,34.47,34.47,34.47,34.47,34.47,16
2023-07-21 13:30:00,6064,34.6702,34.67,34.67,34.67,34.67,4
2023-07-21 13:31:00,845,34.608,34.675,34.595,34.69,34.595,17
2023-07-21 13:33:00,175,34.5862,34.575,34.575,34.575,34.575,7
2023-07-21 13:35:00,1870,34.6609,34.56,34.75,34.75,34.56,43
2023-07-21 13:36:00,1593,34.7119,34.69,34.75,34.75,34.69,40
2023-07-21 13:37:00,2455,34.7135,34.69,34.73,34.75,34.69,45
2023-07-21 13:38:00,458,34.7278,34.73,34.725,34.73,34.725,11
2023-07-21 13:39:00,3161,34.7003,34.74,34.71,34.74,34.69,35
2023-07-21 13:40:00,2317,34.7742,34.74,34.76,34.8,34.74,42
2023-07-21 13:41:00,2265,34.8087,34.775,34.83,34.85,34.775,46
2023-07-21 13:42:00,954,34.7951,34.81,34.77,34.81,34.77,26
2023-07-21 13:43:00,1370,34.7694,34.76,34.8,34.8,34.75,31
2023-07-21 13:44:00,2852,34.8264,34.83,34.82,34.84,34.8,50
2023-07-21 13:45:00,900,34.8453,34.865,34.835,34.865,34.835,23
2023-07-21 13:46:00,745,34.8637,34.86,34.86,34.86,34.86,18
2023-07-21 13:47:00,1735,34.8932,34.89,34.95,34.95,34.89,39
2023-07-21 13:48:00,441,34.9447,34.96,34.96,34.96,34.96,15
2023-07-21 13:49:00,2690,34.9212,34.96,34.92,34.96,34.89,48
2023-07-21 13:50:00,737,34.8954,34.9,34.88,34.9,34.88,18
2023-07-21 13:52:00,1878,34.8398,34.86,34.81,34.86,34.81,45
2023-07-21 13:53:00,844,34.7945,34.815,34.79,34.815,34.79,31
2023-07-21 13:54:00,1929,34.8018,34.78,34.81,34.82,34.78,36
2023-07-21 13:55:00,446,34.8243,34.82,34.84,34.84,34.82,14
2023-07-21 13:56:00,1315,34.8587,34.85,34.87,34.87,34.84,32
2023-07-21 13:57:00,807,34.8789,34.87,34.89,34.89,34.87,24
2023-07-21 13:58:00,1068,34.8938,34.91,34.9,34.91,34.89,34
2023-07-21 13:59:00,759,34.8611,34.87,34.85,34.87,34.85,24
2023-07-21 14:01:00,2058,34.807,34.82,34.78,34.82,34.78,50
2023-07-21 14:02:00,1415,34.7693,34.77,34.77,34.78,34.77,42
2023-07-21 14:03:00,254,34.7407,34.74,34.74,34.74,34.74,16
2023-07-21 14:04:00,1222,34.748,34.74,34.76,34.76,34.74,35
2023-07-21 14:05:00,493,34.8047,34.805,34.8,34.805,34.8,14
2023-07-21 14:06:00,1096,34.7907,34.81,34.78,34.81,34.78,34
2023-07-21 14:08:00,1168,34.8222,34.81,34.83,34.84,34.81,36
2023-07-21 14:09:00,622,34.8335,34.83,34.85,34.85,34.83,27
2023-07-21 14:10:00,722,34.8442,34.85,34.84,34.86,34.84,17
2023-07-21 14:11:00,1717,34.8346,34.85,34.85,34.85,34.83,51
2023-07-21 14:13:00,414,34.8645,34.87,34.87,34.87,34.87,20
2023-07-21 14:14:00,253,34.8697,34.84,34.84,34.84,34.84,13
2023-07-21 14:15:00,2574,34.877,34.91,34.91,34.91,34.91,30
2023-07-21 14:16:00,2446,34.9487,34.93,34.99,34.99,34.93,41
2023-07-21 14:17:00,718,34.964,34.95,34.97,34.98,34.95,18
2023-07-21 14:18:00,3182,34.9291,34.96,34.92,34.96,34.9,61
2023-07-21 14:19:00,751,34.9187,34.92,34.92,34.92,34.92,11
2023-07-21 14:20:00,635,34.9433,34.94,34.94,34.94,34.94,17
2023-07-21 14:21:00,464,34.9574,34.96,34.96,34.96,34.96,16
2023-07-21 14:22:00,253,34.956,34.98,34.98,34.98,34.98,13
2023-07-21 14:23:00,1966,34.919,34.93,34.91,34.93,34.9,32
2023-07-21 14:24:00,4674,34.9198,34.9125,34.93,34.94,34.91,50
2023-07-21 14:25:00,1293,34.9181,34.91,34.93,34.93,34.91,27
2023-07-21 14:27:00,2577,34.9014,34.91,34.92,34.92,34.89,57
2023-07-21 14:28:00,1251,34.9091,34.91,34.92,34.92,34.9,31
2023-07-21 14:29:00,761,34.9153,34.93,34.91,34.93,34.91,13
2023-07-21 14:31:00,322,34.9048,34.915,34.892,34.915,34.892,9
2023-07-21 14:33:00,1499,34.9403,34.95,34.935,34.95,34.93,42
2023-07-21 14:34:00,2095,34.9193,34.92,34.935,34.935,34.91,44
2023-07-21 14:35:00,841,34.9294,34.93,34.93,34.93,34.925,8
2023-07-21 14:36:00,1415,34.9745,34.95,34.99,35.0,34.95,30
2023-07-21 14:37:00,7718,35.0006,35.0,35.005,35.02,35.0,25
2023-07-21 14:38:00,7527,35.0624,35.03,35.06,35.09,35.03,153
2023-07-21 14:39:00,3741,35.0767,35.065,35.08,35.08,35.065,44
2023-07-21 14:40:00,2787,35.0952,35.1,35.105,35.11,35.09,51
2023-07-21 14:41:00,811,35.1078,35.1,35.12,35.12,35.1,19
2023-07-21 14:42:00,1639,35.1485,35.13,35.15,35.15,35.13,30
2023-07-21 14:43:00,1290,35.1819,35.19,35.2,35.2,35.19,29
2023-07-21 14:44:00,1177,35.1998,35.175,35.23,35.23,35.175,25
2023-07-21 14:45:00,7319,35.2312,35.23,35.25,35.3,35.195,127
2023-07-21 14:46:00,5749,35.2369,35.27,35.215,35.27,35.19,111
2023-07-21 14:47:00,2460,35.1951,35.23,35.19,35.23,35.17,57
2023-07-21 14:48:00,1420,35.1987,35.2,35.185,35.21,35.18,32
2023-07-21 14:49:00,1106,35.1687,35.18,35.16,35.18,35.16,20
2023-07-21 14:50:00,1997,35.1618,35.175,35.16,35.175,35.15,40
2023-07-21 14:51:00,386,35.1624,35.16,35.16,35.16,35.16,11
2023-07-21 14:52:00,1878,35.1882,35.17,35.2,35.2,35.17,24
2023-07-21 14:53:00,660,35.2058,35.195,35.195,35.195,35.195,20
2023-07-21 14:54:00,3444,35.2013,35.2,35.21,35.21,35.19,52
2023-07-21 14:56:00,2406,35.1876,35.21,35.185,35.21,35.18,46
2023-07-21 14:57:00,1286,35.1882,35.17,35.2,35.2,35.17,40
2023-07-21 14:58:00,223,35.1902,35.19,35.19,35.19,35.19,17
2023-07-21 14:59:00,1034,35.2152,35.2,35.235,35.26,35.2,39
2023-07-21 15:00:00,1489,35.2625,35.25,35.28,35.29,35.25,35
2023-07-21 15:01:00,316,35.2878,35.3,35.29,35.3,35.275,9
2023-07-21 15:02:00,3085,35.2501,35.25,35.26,35.26,35.24,55
2023-07-21 15:03:00,3080,35.2586,35.25,35.28,35.28,35.25,66
2023-07-21 15:04:00,1094,35.2965,35.28,35.335,35.335,35.28,24
2023-07-21 15:05:00,530,35.3422,35.335,35.37,35.37,35.335,15
2023-07-21 15:06:00,3475,35.3514,35.36,35.34,35.375,35.34,62
2023-07-21 15:07:00,430,35.361,35.345,35.345,35.345,35.345,19
2023-07-21 15:08:00,1027,35.3673,35.38,35.38,35.38,35.38,24
2023-07-21 15:09:00,1342,35.3788,35.38,35.37,35.38,35.37,27
2023-07-21 15:10:00,2065,35.3582,35.37,35.35,35.38,35.35,43
2023-07-21 15:11:00,3607,35.3202,35.34,35.31,35.34,35.31,58
2023-07-21 15:12:00,355,35.28,35.28,35.28,35.28,35.28,12
2023-07-21 15:13:00,1264,35.2836,35.29,35.28,35.29,35.28,27
2023-07-21 15:14:00,1302,35.2898,35.27,35.27,35.27,35.27,21
2023-07-21 15:16:00,1913,35.265,35.27,35.27,35.27,35.26,35
2023-07-21 15:17:00,2999,35.2751,35.27,35.26,35.29,35.26,50
2023-07-21 15:19:00,2063,35.2814,35.28,35.27,35.305,35.27,33
2023-07-21 15:20:00,948,35.2695,35.28,35.26,35.28,35.26,15
2023-07-21 15:21:00,101,35.2802,35.28,35.28,35.28,35.28,2
2023-07-21 15:22:00,4403,35.2946,35.29,35.275,35.305,35.275,87
2023-07-21 15:23:00,1417,35.2614,35.27,35.26,35.27,35.26,25
2023-07-21 15:24:00,1948,35.237,35.26,35.23,35.26,35.22,44
2023-07-21 15:25:00,144,35.2184,35.22,35.22,35.22,35.22,6
2023-07-21 15:26:00,308,35.247,35.24,35.23,35.24,35.23,4
2023-07-21 15:27:00,1437,35.2508,35.24,35.26,35.26,35.24,33
2023-07-21 15:28:00,1525,35.2565,35.26,35.26,35.26,35.25,24
2023-07-21 15:30:00,1884,35.2713,35.28,35.27,35.28,35.26,31
2023-07-21 15:31:00,1176,35.2818,35.275,35.29,35.29,35.275,19
2023-07-21 15:32:00,1968,35.2885,35.3,35.27,35.31,35.27,43
2023-07-21 15:33:00,214,35.2773,35.28,35.28,35.28,35.28,4
2023-07-21 15:34:00,2530,35.2578,35.275,35.25,35.275,35.25,43
2023-07-21 15:35:00,942,35.2714,35.27,35.29,35.29,35.27,11
2023-07-21 15:36:00,339,35.2985,35.295,35.295,35.295,35.295,12
2023-07-21 15:37:00,2049,35.2774,35.295,35.27,35.295,35.27,43
2023-07-21 15:38:00,1309,35.2783,35.28,35.27,35.28,35.27,26
2023-07-21 15:39:00,1262,35.2809,35.28,35.29,35.29,35.28,23
2023-07-21 15:40:00,293,35.2943,35.3,35.3,35.3,35.3,10
2023-07-21 15:41:00,1093,35.2914,35.2986,35.29,35.3,35.285,20
2023-07-21 15:42:00,1343,35.2743,35.29,35.27,35.29,35.27,29
2023-07-21 15:43:00,3225,35.2613,35.28,35.25,35.28,35.25,59
2023-07-21 15:44:00,465,35.255,35.2596,35.24,35.2596,35.24,17
2023-07-21 15:45:00,411,35.275,35.27,35.28,35.28,35.27,12
2023-07-21 15:46:00,635,35.2868,35.28,35.29,35.29,35.28,16
2023-07-21 15:47:00,1238,35.338,35.32,35.35,35.35,35.31,29
2023-07-21 15:48:00,1225,35.3671,35.36,35.365,35.38,35.36,34
2023-07-21 15:49:00,3061,35.366,35.37,35.375,35.39,35.37,50
2023-07-21 15:50:00,4708,35.3654,35.37,35.38,35.38,35.36,76
2023-07-21 15:51:00,599,35.3917,35.39,35.4,35.4,35.38,12
2023-07-21 15:52:00,3258,35.3968,35.4,35.4,35.41,35.385,47
2023-07-21 15:53:00,274,35.4018,35.405,35.4,35.405,35.4,4
2023-07-21 15:54:00,226,35.4029,35.405,35.405,35.405,35.405,6
2023-07-21 15:55:00,2956,35.3926,35.405,35.38,35.405,35.38,72
2023-07-21 15:56:00,1677,35.3722,35.395,35.355,35.395,35.355,34
2023-07-21 15:57:00,1580,35.3799,35.37,35.4,35.4,35.365,40
2023-07-21 15:58:00,415,35.4001,35.4,35.4,35.4,35.4,7
2023-07-21 15:59:00,2506,35.4005,35.4,35.42,35.42,35.39,52
2023-07-21 16:00:00,1571,35.4104,35.435,35.4,35.435,35.4,29
2023-07-21 16:01:00,1664,35.3817,35.41,35.38,35.41,35.37,32
2023-07-21 16:02:00,3202,35.361,35.36,35.37,35.37,35.35,67
2023-07-21 16:03:00,1042,35.3677,35.37,35.36,35.37,35.36,24
2023-07-21 16:04:00,579,35.3597,35.36,35.36,35.36,35.36,12
2023-07-21 16:05:00,1258,35.3536,35.35,35.35,35.36,35.35,33
2023-07-21 16:06:00,739,35.3614,35.35,35.37,35.37,35.35,20
2023-07-21 16:07:00,961,35.3796,35.38,35.4,35.4,35.38,31
2023-07-21 16:08:00,499,35.3955,35.4125,35.4,35.4125,35.4,10
2023-07-21 16:09:00,1196,35.4012,35.4,35.395,35.4,35.395,36
2023-07-21 16:10:00,2525,35.3898,35.395,35.39,35.4,35.39,44
2023-07-21 16:11:00,462,35.3882,35.39,35.385,35.39,35.385,7
2023-07-21 16:12:00,1169,35.3885,35.39,35.395,35.395,35.385,28
2023-07-21 16:13:00,857,35.3842,35.395,35.38,35.395,35.38,27
2023-07-21 16:14:00,450,35.4022,35.4,35.405,35.405,35.4,16
2023-07-21 16:15:00,2351,35.4279,35.41,35.43,35.445,35.41,41
2023-07-21 16:16:00,2417,35.4281,35.44,35.42,35.44,35.41,26
2023-07-21 16:17:00,745,35.4093,35.41,35.41,35.41,35.41,26
2023-07-21 16:18:00,647,35.398,35.41,35.4,35.41,35.39,20
2023-07-21 16:19:00,1894,35.4049,35.41,35.39,35.41,35.39,38
2023-07-21 16:20:00,2093,35.3833,35.39,35.37,35.39,35.365,43
2023-07-21 16:21:00,562,35.38,35.38,35.38,35.38,35.38,13
2023-07-21 16:22:00,3357,35.3858,35.38,35.385,35.39,35.37,43
2023-07-21 16:23:00,1063,35.4007,35.41,35.4,35.41,35.4,36
2023-07-21 16:24:00,3411,35.4148,35.41,35.44,35.44,35.4,66
2023-07-21 16:25:00,3081,35.4397,35.4558,35.42,35.46,35.41,44
2023-07-21 16:26:00,620,35.4216,35.42,35.42,35.42,35.42,9
2023-07-21 16:27:00,2159,35.4083,35.42,35.38,35.42,35.38,48
2023-07-21 16:28:00,306,35.3715,35.37,35.37,35.37,35.37,15
2023-07-21 16:29:00,1048,35.3943,35.385,35.405,35.405,35.385,21
2023-07-21 16:30:00,1381,35.4059,35.41,35.41,35.41,35.4,27
2023-07-21 16:31:00,2634,35.4094,35.41,35.41,35.41,35.4,44
2023-07-21 16:32:00,468,35.4084,35.405,35.405,35.405,35.405,21
2023-07-21 16:33:00,439,35.4223,35.43,35.42,35.43,35.42,15
2023-07-21 16:34:00,1401,35.4099,35.42,35.4,35.42,35.4,41
2023-07-21 16:35:00,1189,35.3893,35.39,35.39,35.39,35.39,32
2023-07-21 16:36:00,1245,35.3933,35.39,35.37,35.39,35.37,23
2023-07-21 16:37:00,201,35.3686,35.37,35.37,35.37,35.37,7
2023-07-21 16:38:00,1663,35.3611,35.365,35.37,35.37,35.345,47
2023-07-21 16:39:00,308,35.364,35.36,35.365,35.365,35.36,15
2023-07-21 16:40:00,1025,35.3633,35.365,35.365,35.3675,35.365,28
2023-07-21 16:41:00,813,35.3581,35.365,35.35,35.365,35.35,24
2023-07-21 16:42:00,1097,35.3388,35.34,35.335,35.34,35.335,23
2023-07-21 16:43:00,3439,35.3346,35.34,35.33,35.34,35.32,71
2023-07-21 16:44:00,804,35.3204,35.33,35.32,35.33,35.32,20
2023-07-21 16:45:00,2352,35.2936,35.31,35.27,35.31,35.27,43
2023-07-21 16:46:00,1539,35.2863,35.25,35.26,35.26,35.25,27
2023-07-21 16:47:00,716,35.2506,35.25,35.25,35.25,35.25,22
2023-07-21 16:48:00,1045,35.2394,35.24,35.23,35.24,35.23,28
2023-07-21 16:49:00,806,35.2469,35.24,35.25,35.25,35.24,24
2023-07-21 16:50:00,1511,35.2456,35.25,35.255,35.255,35.24,36
2023-07-21 16:51:00,1834,35.2505,35.26,35.24,35.265,35.24,39
2023-07-21 16:52:00,783,35.2468,35.24,35.25,35.25,35.24,15
2023-07-21 16:53:00,696,35.243,35.24,35.25,35.25,35.24,15
2023-07-21 16:54:00,475,35.2527,35.25,35.26,35.26,35.25,10
2023-07-21 16:55:00,498,35.2449,35.24,35.25,35.25,35.24,22
2023-07-21 16:56:00,1009,35.262,35.26,35.27,35.27,35.26,29
2023-07-21 16:57:00,206,35.2849,35.29,35.29,35.29,35.29,5
2023-07-21 16:58:00,13591,35.3303,35.29,35.33,35.36,35.29,117
2023-07-21 16:59:00,2031,35.3384,35.33,35.34,35.36,35.33,48
2023-07-21 17:00:00,412,35.3458,35.345,35.345,35.345,35.345,12
2023-07-21 17:01:00,2570,35.3346,35.345,35.32,35.345,35.32,59
2023-07-21 17:02:00,1086,35.313,35.32,35.32,35.32,35.31,31
2023-07-21 17:03:00,1367,35.3296,35.32,35.35,35.35,35.32,37
2023-07-21 17:04:00,3549,35.3638,35.35,35.365,35.38,35.35,69
2023-07-21 17:05:00,1276,35.3604,35.365,35.36,35.365,35.355,33
2023-07-21 17:06:00,566,35.3679,35.365,35.37,35.37,35.365,16
2023-07-21 17:08:00,701,35.3783,35.37,35.39,35.39,35.37,24
2023-07-21 17:09:00,883,35.4004,35.4,35.4,35.4,35.4,32
2023-07-21 17:10:00,1106,35.3903,35.4,35.38,35.4,35.38,25
2023-07-21 17:11:00,269,35.3756,35.38,35.37,35.38,35.37,10
2023-07-21 17:12:00,1175,35.3598,35.36,35.35,35.36,35.35,27
2023-07-21 17:13:00,334,35.3481,35.35,35.35,35.35,35.35,18
2023-07-21 17:14:00,742,35.3633,35.36,35.39,35.39,35.36,28
2023-07-21 17:15:00,1088,35.3936,35.39,35.4,35.4,35.39,21
2023-07-21 17:16:00,730,35.4041,35.42,35.405,35.42,35.4,24
2023-07-21 17:17:00,1457,35.4233,35.41,35.43,35.435,35.41,36
2023-07-21 17:18:00,1402,35.4164,35.43,35.4,35.43,35.4,34
2023-07-21 17:19:00,225,35.4094,35.41,35.41,35.41,35.41,11
2023-07-21 17:20:00,717,35.4002,35.4,35.4,35.41,35.4,14
2023-07-21 17:21:00,221,35.4064,35.4,35.4,35.4,35.4,6
2023-07-21 17:22:00,435,35.3976,35.4,35.4,35.4,35.4,18
2023-07-21 17:24:00,671,35.4124,35.415,35.41,35.415,35.41,30
2023-07-21 17:25:00,2662,35.418,35.42,35.41,35.425,35.41,62
2023-07-21 17:26:00,322,35.4241,35.43,35.43,35.43,35.43,17
2023-07-21 17:27:00,742,35.4338,35.425,35.45,35.45,35.425,24
2023-07-21 17:28:00,842,35.4343,35.44,35.415,35.44,35.415,29
2023-07-21 17:29:00,415,35.4188,35.42,35.42,35.42,35.415,8
2023-07-21 17:30:00,654,35.4183,35.41,35.42,35.42,35.41,14
2023-07-21 17:31:00,518,35.4294,35.43,35.43,35.43,35.43,11
2023-07-21 17:33:00,287,35.4249,35.42,35.42,35.42,35.42,11
2023-07-21 17:34:00,243,35.4267,35.43,35.43,35.43,35.43,9
2023-07-21 17:35:00,124,35.4221,35.42,35.42,35.42,35.42,8
2023-07-21 17:36:00,5794,35.4043,35.42,35.41,35.42,35.39,103
2023-07-21 17:37:00,717,35.4193,35.42,35.42,35.42,35.42,21
2023-07-21 17:38:00,776,35.406,35.41,35.4,35.41,35.4,19
2023-07-21 17:39:00,126,35.3904,35.39,35.39,35.39,35.39,6
2023-07-21 17:40:00,363,35.3872,35.39,35.38,35.39,35.38,5
2023-07-21 17:41:00,342,35.3888,35.39,35.39,35.39,35.39,9
2023-07-21 17:42:00,265,35.3888,35.38,35.38,35.38,35.38,5
2023-07-21 17:43:00,534,35.4005,35.3868,35.3868,35.3868,35.3868,8
2023-07-21 17:44:00,834,35.3755,35.38,35.37,35.38,35.37,23
2023-07-21 17:45:00,1231,35.3704,35.375,35.37,35.375,35.37,34
2023-07-21 17:46:00,169,35.3683,35.37,35.37,35.37,35.37,10
2023-07-21 17:47:00,376,35.3604,35.36,35.36,35.36,35.36,14
2023-07-21 17:48:00,306,35.3666,35.37,35.36,35.37,35.36,9
2023-07-21 17:49:00,1436,35.3564,35.37,35.34,35.37,35.34,26
2023-07-21 17:50:00,2229,35.3526,35.345,35.355,35.36,35.345,54
2023-07-21 17:51:00,723,35.3406,35.34,35.34,35.34,35.34,23
2023-07-21 17:52:00,1051,35.3538,35.35,35.36,35.36,35.35,24
2023-07-21 17:54:00,338,35.3577,35.36,35.36,35.36,35.36,11
2023-07-21 17:55:00,1334,35.346,35.35,35.34,35.35,35.34,32
2023-07-21 17:56:00,513,35.3516,35.35,35.36,35.36,35.35,19
2023-07-21 17:58:00,416,35.3674,35.36,35.37,35.37,35.36,17
2023-07-21 17:59:00,650,35.3772,35.38,35.3718,35.38,35.3718,17
2023-07-21 18:00:00,1853,35.3706,35.38,35.36,35.38,35.36,52
2023-07-21 18:01:00,323,35.3585,35.36,35.36,35.36,35.355,6
2023-07-21 18:02:00,965,35.349,35.35,35.34,35.35,35.34,23
2023-07-21 18:03:00,1550,35.3409,35.34,35.34,35.34,35.335,38
2023-07-21 18:04:00,980,35.351,35.34,35.35,35.36,35.34,18
2023-07-21 18:05:00,295,35.3628,35.36,35.36,35.36,35.36,11
2023-07-21 18:06:00,211,35.3493,35.35,35.35,35.35,35.35,4
2023-07-21 18:07:00,824,35.3493,35.36,35.34,35.36,35.34,31
2023-07-21 18:08:00,4042,35.3579,35.35,35.36,35.37,35.35,60
2023-07-21 18:09:00,662,35.3858,35.3883,35.38,35.3883,35.38,10
2023-07-21 18:10:00,750,35.3991,35.39,35.41,35.41,35.39,18
2023-07-21 18:11:00,2123,35.4097,35.41,35.42,35.42,35.41,44
2023-07-21 18:12:00,1308,35.4149,35.41,35.41,35.42,35.41,31
2023-07-21 18:13:00,1484,35.3994,35.4,35.41,35.41,35.4,32
2023-07-21 18:14:00,1180,35.4001,35.4,35.4,35.4,35.4,23
2023-07-21 18:15:00,2348,35.4104,35.4,35.405,35.42,35.4,41
2023-07-21 18:17:00,1269,35.3953,35.4,35.39,35.4,35.39,39
2023-07-21 18:18:00,2235,35.3987,35.38,35.42,35.42,35.38,49
2023-07-21 18:19:00,769,35.4019,35.41,35.39,35.41,35.39,19
2023-07-21 18:20:00,1423,35.3979,35.395,35.4,35.4,35.39,28
2023-07-21 18:21:00,735,35.3932,35.405,35.39,35.405,35.39,25
2023-07-21 18:22:00,1534,35.4088,35.4,35.42,35.43,35.4,31
2023-07-21 18:23:00,834,35.4,35.41,35.39,35.41,35.39,10
2023-07-21 18:24:00,920,35.3854,35.38,35.38,35.39,35.38,25
2023-07-21 18:25:00,257,35.3806,35.38,35.38,35.38,35.38,12
2023-07-21 18:26:00,1442,35.3789,35.37,35.38,35.38,35.37,35
2023-07-21 18:27:00,323,35.3897,35.39,35.39,35.39,35.39,8
2023-07-21 18:28:00,439,35.3938,35.4,35.4,35.4,35.4,12
2023-07-21 18:29:00,347,35.3977,35.4,35.4,35.4,35.4,10
2023-07-21 18:30:00,3133,35.4012,35.4,35.4,35.41,35.395,56
2023-07-21 18:31:00,345,35.39,35.39,35.39,35.39,35.39,16
2023-07-21 18:33:00,1842,35.3904,35.385,35.39,35.39,35.385,33
2023-07-21 18:34:00,611,35.3913,35.39,35.39,35.39,35.39,9
2023-07-21 18:35:00,2065,35.4039,35.4,35.41,35.42,35.4,54
2023-07-21 18:36:00,644,35.4053,35.41,35.405,35.41,35.405,23
2023-07-21 18:38:00,2024,35.405,35.395,35.41,35.41,35.395,48
2023-07-21 18:39:00,225,35.4161,35.4179,35.4179,35.4179,35.4179,10
2023-07-21 18:40:00,2278,35.4181,35.4,35.43,35.43,35.4,45
2023-07-21 18:41:00,581,35.4392,35.44,35.44,35.44,35.44,24
2023-07-21 18:42:00,578,35.4509,35.45,35.45,35.45,35.45,13
2023-07-21 18:43:00,6233,35.4495,35.45,35.46,35.46,35.44,90
2023-07-21 18:44:00,874,35.4506,35.45,35.45,35.45,35.45,17
2023-07-21 18:45:00,2391,35.4516,35.45,35.465,35.465,35.44,42
2023-07-21 18:46:00,370,35.4594,35.46,35.46,35.46,35.46,11
2023-07-21 18:47:00,965,35.4614,35.46,35.465,35.465,35.45,25
2023-07-21 18:48:00,1426,35.4591,35.46,35.45,35.46,35.45,51
2023-07-21 18:49:00,1228,35.4381,35.45,35.44,35.45,35.43,22
2023-07-21 18:50:00,1599,35.4292,35.43,35.43,35.43,35.42,48
2023-07-21 18:51:00,805,35.4371,35.44,35.43,35.44,35.43,21
2023-07-21 18:52:00,396,35.4331,35.43,35.43,35.43,35.43,9
2023-07-21 18:53:00,354,35.4251,35.42,35.425,35.425,35.42,12
2023-07-21 18:55:00,1412,35.4148,35.42,35.4,35.42,35.4,35
2023-07-21 18:56:00,413,35.3974,35.405,35.395,35.405,35.39,25
2023-07-21 18:57:00,904,35.3833,35.375,35.38,35.38,35.375,30
2023-07-21 18:58:00,2703,35.386,35.38,35.38,35.395,35.38,53
2023-07-21 18:59:00,1023,35.3959,35.39,35.4,35.4,35.39,27
2023-07-21 19:00:00,1155,35.399,35.395,35.4,35.4,35.395,24
2023-07-21 19:01:00,3386,35.4131,35.41,35.41,35.43,35.395,55
2023-07-21 19:02:00,395,35.4123,35.42,35.41,35.42,35.41,11
2023-07-21 19:03:00,337,35.4051,35.4,35.405,35.41,35.4,9
2023-07-21 19:04:00,2175,35.4154,35.41,35.41,35.43,35.41,29
2023-07-21 19:05:00,1042,35.3936,35.395,35.4,35.4,35.38,26
2023-07-21 19:06:00,227,35.41,35.41,35.41,35.41,35.41,2
2023-07-21 19:07:00,1803,35.4015,35.4,35.38,35.41,35.38,40
2023-07-21 19:08:00,3536,35.3872,35.39,35.39,35.39,35.37,65
2023-07-21 19:09:00,586,35.3809,35.385,35.38,35.385,35.38,14
2023-07-21 19:10:00,1897,35.385,35.37,35.37,35.38,35.37,34
2023-07-21 19:11:00,380,35.3802,35.38,35.38,35.38,35.38,9
2023-07-21 19:12:00,495,35.3777,35.38,35.375,35.38,35.375,10
2023-07-21 19:13:00,527,35.3801,35.38,35.38,35.38,35.38,15
2023-07-21 19:14:00,3451,35.4001,35.39,35.39,35.41,35.39,78
2023-07-21 19:15:00,803,35.4038,35.4,35.41,35.41,35.4,14
2023-07-21 19:16:00,987,35.4047,35.41,35.4,35.41,35.4,37
2023-07-21 19:17:00,1681,35.4081,35.4,35.41,35.41,35.4,27
2023-07-21 19:18:00,1696,35.3973,35.4,35.4,35.4,35.39,52
2023-07-21 19:19:00,1408,35.3963,35.4,35.39,35.4,35.39,29
2023-07-21 19:20:00,1394,35.3945,35.4,35.39,35.4,35.39,24
2023-07-21 19:21:00,1504,35.3799,35.38,35.38,35.38,35.375,31
2023-07-21 19:22:00,3517,35.3711,35.36,35.355,35.38,35.355,71
2023-07-21 19:23:00,303,35.345,35.345,35.345,35.345,35.345,8
2023-07-21 19:24:00,1631,35.3391,35.34,35.34,35.34,35.335,29
2023-07-21 19:25:00,814,35.3334,35.33,35.34,35.34,35.33,19
2023-07-21 19:26:00,946,35.3303,35.33,35.325,35.33,35.325,30
2023-07-21 19:27:00,858,35.3188,35.32,35.32,35.32,35.32,27
2023-07-21 19:28:00,3981,35.3297,35.31,35.34,35.34,35.31,80
2023-07-21 19:29:00,209,35.3453,35.35,35.35,35.35,35.35,3
2023-07-21 19:30:00,3152,35.3452,35.35,35.34,35.36,35.34,69
2023-07-21 19:31:00,3181,35.3398,35.33,35.35,35.35,35.33,53
2023-07-21 19:32:00,1000,35.3497,35.36,35.35,35.36,35.35,19
2023-07-21 19:33:00,1454,35.3411,35.35,35.34,35.35,35.34,24
2023-07-21 19:34:00,3352,35.3687,35.35,35.385,35.39,35.34,50
2023-07-21 19:35:00,2430,35.3933,35.385,35.4,35.405,35.385,46
2023-07-21 19:37:00,4759,35.3929,35.4,35.375,35.4,35.375,81
2023-07-21 19:38:00,2026,35.3877,35.38,35.39,35.39,35.38,22
2023-07-21 19:39:00,1676,35.3878,35.38,35.39,35.39,35.38,31
2023-07-21 19:40:00,1969,35.3811,35.38,35.39,35.39,35.375,55
2023-07-21 19:41:00,1458,35.3881,35.38,35.39,35.39,35.38,32
2023-07-21 19:42:00,1658,35.3854,35.39,35.39,35.39,35.38,20
2023-07-21 19:43:00,876,35.3902,35.39,35.39,35.39,35.39,20
2023-07-21 19:44:00,5669,35.4135,35.4,35.41,35.44,35.4,107
2023-07-21 19:45:00,4450,35.3897,35.405,35.4,35.405,35.38,74
2023-07-21 19:46:00,5524,35.3939,35.4,35.4,35.4,35.38,82
2023-07-21 19:47:00,2929,35.3992,35.39,35.395,35.405,35.39,49
2023-07-21 19:48:00,2017,35.3914,35.4,35.385,35.4,35.38,39
2023-07-21 19:49:00,8057,35.394,35.385,35.385,35.405,35.385,124
2023-07-21 19:50:00,11736,35.3882,35.38,35.4,35.4,35.3583,152
2023-07-21 19:51:00,13411,35.4105,35.4,35.41,35.425,35.39,206
2023-07-21 19:52:00,11381,35.4051,35.41,35.42,35.42,35.38,138
2023-07-21 19:53:00,7975,35.3939,35.42,35.38,35.42,35.38,111
2023-07-21 19:54:00,11852,35.4009,35.39,35.4,35.43,35.39,136
2023-07-21 19:55:00,10049,35.3914,35.39,35.3811,35.405,35.38,129
2023-07-21 19:56:00,13527,35.3665,35.38,35.35,35.38,35.34,163
2023-07-21 19:57:00,14969,35.3337,35.34,35.345,35.345,35.32,179
2023-07-21 19:58:00,11552,35.3312,35.35,35.33,35.355,35.32,126
2023-07-21 19:59:00,35169,35.3397,35.32,35.34,35.35,35.32,320
2023-07-21 20:01:00,841,35.35,35.35,35.35,35.35,35.35,2
2023-07-24 13:30:00,5376,35.3167,35.29,35.48,35.54,35.29,9
2023-07-24 13:31:00,350,35.4368,35.38,35.48,35.48,35.38,8
2023-07-24 13:32:00,821,35.4564,35.465,35.46,35.465,35.46,14
2023-07-24 13:33:00,953,35.5025,35.475,35.52,35.52,35.475,25
2023-07-24 13:34:00,2162,35.4889,35.475,35.53,35.53,35.43,41
2023-07-24 13:35:00,3788,35.507,35.55,35.48,35.55,35.48,55
2023-07-24 13:36:00,2922,35.4864,35.5,35.45,35.5,35.45,77
2023-07-24 13:37:00,2415,35.4401,35.43,35.45,35.45,35.43,53
2023-07-24 13:38:00,2898,35.5073,35.51,35.52,35.53,35.48,47
2023-07-24 13:39:00,3175,35.5011,35.5,35.485,35.52,35.48,62
2023-07-24 13:40:00,7462,35.5052,35.51,35.52,35.52,35.49,123
2023-07-24 13:41:00,5745,35.5095,35.52,35.49,35.5286,35.47,102
2023-07-24 13:42:00,4115,35.5145,35.495,35.55,35.55,35.495,53
2023-07-24 13:43:00,1957,35.5585,35.57,35.56,35.575,35.55,32
2023-07-24 13:44:00,1304,35.5346,35.54,35.51,35.555,35.51,26
2023-07-24 13:45:00,2725,35.4687,35.47,35.49,35.4925,35.38,51
2023-07-24 13:46:00,2337,35.5235,35.52,35.53,35.54,35.51,50
2023-07-24 13:47:00,3739,35.5207,35.525,35.505,35.54,35.49,63
2023-07-24 13:48:00,769,35.4854,35.5,35.48,35.5,35.48,24
2023-07-24 13:49:00,2894,35.4658,35.47,35.5,35.5,35.42,44
2023-07-24 13:50:00,1356,35.4894,35.5,35.5,35.5,35.48,34
2023-07-24 13:51:00,684,35.4557,35.48,35.42,35.48,35.42,16
2023-07-24 13:52:00,1106,35.4412,35.44,35.43,35.45,35.43,17
2023-07-24 13:53:00,1585,35.4262,35.445,35.42,35.445,35.41,28
2023-07-24 13:54:00,2358,35.3638,35.4,35.325,35.4,35.32,53
2023-07-24 13:55:00,301,35.3599,35.33,35.33,35.33,35.33,4
2023-07-24 13:56:00,594,35.2672,35.27,35.26,35.27,35.26,25
2023-07-24 13:57:00,579,35.278,35.275,35.23,35.275,35.23,32
2023-07-24 13:58:00,2270,35.2597,35.23,35.27,35.27,35.23,73
2023-07-24 13:59:00,1671,35.2989,35.31,35.31,35.31,35.29,48
2023-07-24 14:00:00,1170,35.3345,35.33,35.35,35.35,35.33,42
2023-07-24 14:01:00,3224,35.3159,35.33,35.3,35.34,35.3,67
2023-07-24 14:02:00,2918,35.3131,35.33,35.32,35.33,35.3,57
2023-07-24 14:03:00,3103,35.3027,35.3,35.305,35.32,35.28,57
2023-07-24 14:04:00,2576,35.2886,35.31,35.255,35.32,35.255,56
2023-07-24 14:05:00,1022,35.2268,35.22,35.23,35.23,35.22,24
2023-07-24 14:06:00,3419,35.2094,35.22,35.1888,35.23,35.1888,82
2023-07-24 14:07:00,4092,35.1672,35.1708,35.23,35.25,35.125,75
2023-07-24 14:08:00,1505,35.2174,35.22,35.21,35.23,35.21,33
2023-07-24 14:09:00,1470,35.2191,35.225,35.22,35.225,35.21,39
2023-07-24 14:10:00,4742,35.2649,35.25,35.26,35.3,35.23,66
2023-07-24 14:11:00,963,35.3004,35.295,35.305,35.33,35.295,14
2023-07-24 14:12:00,7107,35.2995,35.29,35.31,35.34,35.28,108
2023-07-24 14:13:00,4972,35.2666,35.32,35.24,35.325,35.21,78
2023-07-24 14:14:00,1280,35.2361,35.245,35.23,35.245,35.23,33
2023-07-24 14:15:00,756,35.2492,35.245,35.26,35.26,35.245,16
2023-07-24 14:17:00,3220,35.2357,35.25,35.205,35.26,35.205,57
2023-07-24 14:18:00,2143,35.1993,35.21,35.21,35.21,35.18,48
2023-07-24 14:19:00,1683,35.2036,35.23,35.19,35.23,35.18,37
2023-07-24 14:20:00,330,35.1988,35.19,35.2,35.2,35.19,14
2023-07-24 14:21:00,581,35.2187,35.22,35.23,35.23,35.22,23
2023-07-24 14:22:00,1179,35.2107,35.21,35.19,35.23,35.19,33
2023-07-24 14:23:00,1191,35.1796,35.18,35.17,35.18,35.17,33
2023-07-24 14:24:00,267,35.1615,35.16,35.16,35.16,35.16,12
2023-07-24 14:25:00,888,35.1614,35.16,35.17,35.17,35.16,29
2023-07-24 14:27:00,1173,35.1722,35.155,35.19,35.19,35.155,28
2023-07-24 14:28:00,1128,35.1795,35.19,35.18,35.19,35.17,25
2023-07-24 14:29:00,919,35.1854,35.185,35.19,35.19,35.185,28
2023-07-24 14:30:00,1288,35.2378,35.22,35.25,35.26,35.22,47
2023-07-24 14:31:00,116,35.2781,35.28,35.28,35.28,35.28,6
2023-07-24 14:32:00,3167,35.2728,35.27,35.26,35.29,35.26,71
2023-07-24 14:33:00,1815,35.2207,35.245,35.23,35.245,35.21,43
2023-07-24 14:34:00,930,35.2443,35.24,35.25,35.25,35.23,23
2023-07-24 14:35:00,2400,35.3031,35.3,35.3,35.315,35.3,56
2023-07-24 14:36:00,2698,35.3258,35.35,35.355,35.355,35.34,56
2023-07-24 14:37:00,1401,35.3442,35.35,35.345,35.35,35.34,22
2023-07-24 14:38:00,3116,35.3461,35.36,35.32,35.36,35.32,58
2023-07-24 14:39:00,381,35.3151,35.32,35.31,35.32,35.31,22
2023-07-24 14:40:00,1819,35.3251,35.32,35.32,35.33,35.32,52
2023-07-24 14:41:00,1006,35.3147,35.32,35.31,35.33,35.31,27
2023-07-24 14:42:00,1237,35.3092,35.31,35.29,35.31,35.29,36
2023-07-24 14:43:00,738,35.3255,35.34,35.33,35.34,35.33,23
2023-07-24 14:46:00,1616,35.3501,35.36,35.36,35.37,35.36,28
2023-07-24 14:47:00,1995,35.371,35.37,35.38,35.38,35.37,54
2023-07-24 14:48:00,319,35.384,35.39,35.39,35.39,35.39,13
2023-07-24 14:49:00,2484,35.3938,35.4,35.4,35.41,35.38,64
2023-07-24 14:50:00,3540,35.4002,35.42,35.4,35.42,35.39,49
2023-07-24 14:51:00,1384,35.368,35.39,35.355,35.39,35.34,18
2023-07-24 14:52:00,1673,35.3366,35.33,35.35,35.35,35.33,44
2023-07-24 14:53:00,954,35.3323,35.34,35.31,35.34,35.31,23
2023-07-24 14:54:00,459,35.322,35.31,35.325,35.335,35.31,15
2023-07-24 14:55:00,1466,35.3048,35.31,35.28,35.31,35.28,32
2023-07-24 14:56:00,2320,35.2589,35.28,35.245,35.28,35.245,42
2023-07-24 14:57:00,1973,35.2452,35.23,35.24,35.27,35.23,49
2023-07-24 14:58:00,851,35.2436,35.24,35.2425,35.2425,35.24,19
2023-07-24 14:59:00,1020,35.2615,35.26,35.26,35.265,35.25,30
2023-07-24 15:00:00,3021,35.2914,35.27,35.3,35.32,35.27,68
2023-07-24 15:01:00,1290,35.2804,35.29,35.26,35.295,35.26,23
2023-07-24 15:03:00,394,35.2495,35.245,35.245,35.245,35.245,9
2023-07-24 15:04:00,637,35.2378,35.24,35.24,35.24,35.23,16
2023-07-24 15:05:00,1293,35.2399,35.24,35.26,35.26,35.23,28
2023-07-24 15:06:00,1662,35.2438,35.24,35.25,35.25,35.24,36
2023-07-24 15:07:00,325,35.2567,35.26,35.26,35.26,35.26,13
2023-07-24 15:08:00,429,35.2626,35.265,35.265,35.265,35.265,12
2023-07-24 15:09:00,193,35.2648,35.265,35.265,35.265,35.265,4
2023-07-24 15:10:00,322,35.2697,35.265,35.28,35.28,35.265,8
2023-07-24 15:11:00,483,35.2826,35.28,35.28,35.28,35.28,16
2023-07-24 15:12:00,1255,35.2868,35.28,35.3,35.3,35.28,35
2023-07-24 15:13:00,1250,35.2724,35.305,35.3,35.305,35.3,15
2023-07-24 15:14:00,879,35.3175,35.31,35.32,35.32,35.31,31
2023-07-24 15:15:00,1254,35.347,35.34,35.365,35.365,35.34,22
2023-07-24 15:16:00,1339,35.3425,35.35,35.35,35.35,35.34,30
2023-07-24 15:17:00,535,35.3559,35.35,35.36,35.36,35.35,18
2023-07-24 15:18:00,3276,35.3659,35.36,35.37,35.37,35.36,29
2023-07-24 15:19:00,4416,35.3765,35.39,35.38,35.39,35.36,69
2023-07-24 15:20:00,2858,35.4032,35.39,35.42,35.42,35.38,51
2023-07-24 15:21:00,1080,35.43,35.43,35.43,35.43,35.43,21
2023-07-24 15:23:00,1200,35.4314,35.435,35.46,35.46,35.435,28
2023-07-24 15:24:00,232,35.4449,35.465,35.465,35.465,35.465,7
2023-07-24 15:25:00,390,35.4748,35.48,35.47,35.48,35.47,18
2023-07-24 15:26:00,1201,35.4677,35.47,35.48,35.48,35.47,20
2023-07-24 15:27:00,1047,35.4776,35.47,35.49,35.49,35.47,52
2023-07-24 15:28:00,513,35.5012,35.49,35.51,35.51,35.49,15
2023-07-24 15:29:00,1534,35.5071,35.515,35.5,35.515,35.5,21
2023-07-24 15:32:00,2748,35.494,35.49,35.5,35.51,35.49,58
2023-07-24 15:33:00,558,35.4919,35.49,35.49,35.49,35.49,16
2023-07-24 15:34:00,296,35.4927,35.49,35.49,35.49,35.49,11
2023-07-24 15:35:00,1031,35.5093,35.5,35.53,35.53,35.5,38
2023-07-24 15:36:00,1682,35.5139,35.525,35.52,35.525,35.505,35
2023-07-24 15:37:00,611,35.5178,35.51,35.52,35.52,35.51,23
2023-07-24 15:38:00,2426,35.5449,35.535,35.57,35.57,35.53,50
2023-07-24 15:39:00,3573,35.561,35.56,35.565,35.57,35.55,65
2023-07-24 15:40:00,270,35.5641,35.565,35.565,35.565,35.565,11
2023-07-24 15:41:00,3331,35.5577,35.57,35.535,35.58,35.535,64
2023-07-24 15:42:00,715,35.5353,35.545,35.53,35.545,35.53,13
2023-07-24 15:43:00,1937,35.5073,35.53,35.48,35.53,35.48,41
2023-07-24 15:44:00,1244,35.4929,35.485,35.5,35.5,35.485,35
2023-07-24 15:45:00,2279,35.506,35.48,35.51,35.52,35.48,42
2023-07-24 15:46:00,253,35.5117,35.52,35.52,35.52,35.52,19
2023-07-24 15:48:00,924,35.5304,35.51,35.51,35.51,35.51,22
2023-07-24 15:49:00,1047,35.5253,35.52,35.54,35.54,35.52,37
2023-07-24 15:50:00,1867,35.5336,35.54,35.525,35.545,35.52,36
2023-07-24 15:51:00,663,35.528,35.53,35.53,35.53,35.53,29
2023-07-24 15:52:00,588,35.5328,35.53,35.54,35.54,35.53,18
2023-07-24 15:53:00,472,35.5381,35.54,35.54,35.54,35.54,20
2023-07-24 15:54:00,2180,35.5352,35.54,35.55,35.55,35.53,53
2023-07-24 15:55:00,1827,35.5641,35.56,35.57,35.57,35.56,35
2023-07-24 15:56:00,3793,35.5749,35.57,35.57,35.5878,35.57,69
2023-07-24 15:57:00,450,35.5792,35.58,35.58,35.58,35.58,21
2023-07-24 15:58:00,1419,35.5889,35.58,35.6,35.6,35.58,49
2023-07-24 15:59:00,748,35.6099,35.6,35.61,35.61,35.6,24
2023-07-24 16:00:00,224,35.6205,35.62,35.62,35.62,35.62,19
2023-07-24 16:01:00,2299,35.6282,35.63,35.63,35.63,35.63,56
2023-07-24 16:02:00,178,35.6303,35.63,35.63,35.63,35.63,23
2023-07-24 16:03:00,693,35.6439,35.64,35.65,35.65,35.64,36
2023-07-24 16:05:00,1128,35.6643,35.66,35.67,35.67,35.66,35
2023-07-24 16:06:00,1243,35.6721,35.69,35.69,35.69,35.69,38
2023-07-24 16:07:00,4023,35.6576,35.67,35.63,35.67,35.63,65
2023-07-24 16:08:00,366,35.628,35.63,35.63,35.63,35.63,22
2023-07-24 16:09:00,1164,35.6309,35.635,35.63,35.635,35.63,39
2023-07-24 16:10:00,395,35.6039,35.61,35.59,35.61,35.59,26
2023-07-24 16:11:00,1354,35.5842,35.58,35.58,35.58,35.58,37
2023-07-24 16:12:00,334,35.5639,35.57,35.57,35.57,35.57,27
2023-07-24 16:13:00,795,35.5531,35.56,35.55,35.56,35.55,37
2023-07-24 16:14:00,369,35.5558,35.56,35.56,35.56,35.56,21
2023-07-24 16:15:00,1197,35.572,35.56,35.585,35.585,35.56,47
2023-07-24 16:16:00,2238,35.5978,35.59,35.6,35.6,35.59,52
2023-07-24 16:17:00,1807,35.5867,35.6,35.57,35.6,35.57,32
2023-07-24 16:18:00,590,35.5599,35.56,35.57,35.57,35.56,47
2023-07-24 16:19:00,926,35.5486,35.55,35.55,35.55,35.55,44
2023-07-24 16:22:00,327,35.5498,35.55,35.55,35.55,35.55,18
2023-07-24 16:23:00,1129,35.5493,35.55,35.545,35.55,35.545,53
2023-07-24 16:24:00,1371,35.5407,35.55,35.535,35.55,35.535,21
2023-07-24 16:25:00,647,35.5282,35.54,35.52,35.54,35.52,24
2023-07-24 16:26:00,317,35.5159,35.51,35.51,35.51,35.51,26
2023-07-24 16:27:00,2826,35.5285,35.52,35.52,35.54,35.51,95
2023-07-24 16:30:00,1136,35.5479,35.55,35.54,35.55,35.54,41
2023-07-24 16:31:00,1035,35.5257,35.53,35.52,35.53,35.52,24
2023-07-24 16:32:00,299,35.5158,35.51,35.51,35.51,35.51,11
2023-07-24 16:34:00,1338,35.4959,35.49,35.49,35.5,35.49,31
2023-07-24 16:35:00,451,35.4899,35.5,35.49,35.5,35.48,14
2023-07-24 16:37:00,2358,35.5008,35.485,35.51,35.51,35.485,61
2023-07-24 16:38:00,366,35.499,35.5,35.5,35.5,35.5,16
2023-07-24 16:39:00,522,35.5036,35.505,35.505,35.505,35.505,19
2023-07-24 16:40:00,1159,35.5262,35.52,35.53,35.53,35.52,28
2023-07-24 16:41:00,2559,35.5203,35.53,35.53,35.53,35.51,53
2023-07-24 16:42:00,131,35.5357,35.54,35.54,35.54,35.54,12
2023-07-24 16:44:00,443,35.5274,35.5333,35.52,35.5333,35.52,12
2023-07-24 16:45:00,1002,35.5285,35.54,35.52,35.54,35.52,26
2023-07-24 16:46:00,2365,35.5359,35.525,35.53,35.54,35.525,46
2023-07-24 16:47:00,975,35.5573,35.56,35.56,35.56,35.56,31
2023-07-24 16:48:00,3662,35.5507,35.56,35.54,35.57,35.54,56
2023-07-24 16:49:00,1577,35.5539,35.55,35.56,35.56,35.55,31
2023-07-24 16:50:00,764,35.5555,35.56,35.56,35.56,35.55,22
2023-07-24 16:52:00,196,35.56,35.56,35.56,35.56,35.56,10
2023-07-24 16:54:00,1109,35.5723,35.57,35.58,35.58,35.57,28
2023-07-24 16:55:00,6906,35.5851,35.58,35.59,35.6,35.57,108
2023-07-24 16:56:00,1539,35.6024,35.6,35.61,35.61,35.6,45
2023-07-24 16:57:00,682,35.6183,35.615,35.62,35.62,35.615,31
2023-07-24 16:58:00,509,35.6215,35.63,35.63,35.63,35.63,16
2023-07-24 16:59:00,2528,35.6093,35.63,35.61,35.63,35.61,45
2023-07-24 17:00:00,284,35.6133,35.615,35.615,35.615,35.615,13
2023-07-24 17:01:00,2166,35.575,35.61,35.55,35.61,35.55,41
2023-07-24 17:02:00,1417,35.5574,35.55,35.56,35.56,35.55,42
2023-07-24 17:03:00,1535,35.5786,35.57,35.59,35.59,35.57,34
2023-07-24 17:04:00,1773,35.5847,35.595,35.59,35.595,35.575,32
2023-07-24 17:06:00,4517,35.6205,35.6,35.63,35.63,35.6,81
2023-07-24 17:07:00,2892,35.624,35.63,35.63,35.63,35.62,51
2023-07-24 17:08:00,732,35.6202,35.63,35.63,35.63,35.63,22
2023-07-24 17:09:00,1671,35.6262,35.63,35.65,35.65,35.63,37
2023-07-24 17:10:00,313,35.6407,35.64,35.64,35.64,35.64,13
2023-07-24 17:11:00,2284,35.6335,35.63,35.635,35.64,35.625,46
2023-07-24 17:12:00,1896,35.6385,35.64,35.64,35.64,35.63,28
2023-07-24 17:13:00,878,35.6478,35.65,35.655,35.655,35.65,37
2023-07-24 17:14:00,560,35.659,35.655,35.66,35.66,35.655,19
2023-07-24 17:15:00,1834,35.6733,35.67,35.68,35.68,35.67,49
2023-07-24 17:16:00,3816,35.6633,35.685,35.65,35.685,35.65,51
2023-07-24 17:17:00,808,35.6545,35.655,35.655,35.655,35.655,25
2023-07-24 17:18:00,1829,35.6363,35.64,35.63,35.64,35.63,35
2023-07-24 17:20:00,727,35.5892,35.6,35.58,35.6,35.58,25
2023-07-24 17:22:00,1650,35.6055,35.595,35.61,35.61,35.595,56
2023-07-24 17:23:00,196,35.6102,35.61,35.61,35.61,35.61,11
2023-07-24 17:24:00,945,35.6271,35.62,35.64,35.64,35.62,36
2023-07-24 17:25:00,1357,35.641,35.65,35.65,35.65,35.63,43
2023-07-24 17:27:00,348,35.6461,35.66,35.66,35.66,35.66,23
2023-07-24 17:28:00,1570,35.6432,35.64,35.65,35.65,35.64,46
2023-07-24 17:29:00,1395,35.6599,35.66,35.675,35.675,35.66,50
2023-07-24 17:30:00,2589,35.6913,35.68,35.69,35.7,35.68,57
2023-07-24 17:31:00,263,35.6846,35.695,35.695,35.695,35.695,14
2023-07-24 17:32:00,1721,35.6752,35.68,35.67,35.68,35.67,42
2023-07-24 17:33:00,1133,35.676,35.67,35.68,35.68,35.67,35
2023-07-24 17:34:00,296,35.6798,35.68,35.68,35.68,35.68,7
2023-07-24 17:35:00,622,35.6798,35.68,35.68,35.68,35.68,31
2023-07-24 17:36:00,1404,35.6797,35.68,35.68,35.69,35.67,31
2023-07-24 17:37:00,5839,35.6863,35.68,35.69,35.69,35.67,82
2023-07-24 17:38:00,1242,35.6914,35.69,35.69,35.7,35.69,39
2023-07-24 17:39:00,1202,35.6879,35.69,35.69,35.69,35.69,35
2023-07-24 17:40:00,1355,35.6818,35.685,35.685,35.685,35.68,30
2023-07-24 17:41:00,435,35.684,35.69,35.69,35.69,35.69,22
2023-07-24 17:42:00,1524,35.6732,35.68,35.67,35.68,35.67,39
2023-07-24 17:43:00,666,35.6493,35.65,35.64,35.65,35.64,31
2023-07-24 17:44:00,359,35.6404,35.63,35.63,35.63,35.63,26
2023-07-24 17:45:00,983,35.6385,35.63,35.625,35.63,35.625,33
2023-07-24 17:46:00,240,35.6203,35.62,35.62,35.62,35.62,18
2023-07-24 17:47:00,290,35.6233,35.63,35.62,35.63,35.62,17
2023-07-24 17:48:00,952,35.6088,35.61,35.6,35.61,35.6,26
2023-07-24 17:49:00,554,35.6131,35.62,35.61,35.62,35.61,33
2023-07-24 17:50:00,339,35.6168,35.62,35.62,35.62,35.62,18
2023-07-24 17:51:00,549,35.6137,35.61,35.61,35.61,35.61,25
2023-07-24 17:52:00,1418,35.6198,35.62,35.625,35.625,35.615,48
2023-07-24 17:53:00,1003,35.6291,35.63,35.63,35.63,35.63,39
2023-07-24 17:54:00,1365,35.627,35.63,35.62,35.63,35.62,36
2023-07-24 17:55:00,1005,35.615,35.615,35.615,35.615,35.61,31
2023-07-24 17:56:00,634,35.6034,35.6,35.6,35.6,35.6,18
2023-07-24 17:57:00,1686,35.5983,35.59,35.61,35.61,35.59,55
2023-07-24 17:59:00,1054,35.636,35.63,35.65,35.65,35.63,34
2023-07-24 18:00:00,2464,35.647,35.64,35.65,35.65,35.64,43
2023-07-24 18:01:00,927,35.6316,35.64,35.64,35.64,35.64,11
2023-07-24 18:02:00,1185,35.6322,35.63,35.63,35.63,35.63,38
2023-07-24 18:03:00,297,35.6173,35.61,35.62,35.62,35.61,21
2023-07-24 18:04:00,3302,35.6349,35.62,35.66,35.66,35.62,60
2023-07-24 18:05:00,1093,35.65,35.65,35.65,35.65,35.65,24
2023-07-24 18:06:00,473,35.6413,35.64,35.645,35.645,35.64,27
2023-07-24 18:07:00,429,35.6418,35.645,35.645,35.645,35.645,22
2023-07-24 18:08:00,471,35.6448,35.645,35.645,35.645,35.645,28
2023-07-24 18:09:00,1179,35.6505,35.65,35.66,35.66,35.645,56
2023-07-24 18:10:00,2263,35.656,35.655,35.655,35.66,35.65,67
2023-07-24 18:11:00,1065,35.6563,35.67,35.655,35.67,35.655,18
2023-07-24 18:13:00,2004,35.6428,35.655,35.63,35.655,35.63,60
2023-07-24 18:14:00,458,35.6272,35.63,35.63,35.63,35.63,19
2023-07-24 18:15:00,2476,35.635,35.625,35.66,35.66,35.62,74
2023-07-24 18:16:00,1783,35.6626,35.66,35.67,35.67,35.66,40
2023-07-24 18:17:00,1219,35.6794,35.68,35.68,35.68,35.68,37
2023-07-24 18:18:00,518,35.6851,35.69,35.69,35.69,35.69,34
2023-07-24 18:19:00,1356,35.6948,35.7,35.69,35.71,35.69,43
2023-07-24 18:20:00,836,35.7046,35.705,35.705,35.705,35.7,36
2023-07-24 18:21:00,4513,35.6902,35.7,35.69,35.7,35.69,82
2023-07-24 18:22:00,682,35.6903,35.69,35.69,35.69,35.69,33
2023-07-24 18:24:00,1120,35.7218,35.72,35.73,35.74,35.72,28
2023-07-24 18:25:00,2613,35.7406,35.74,35.74,35.745,35.74,67
2023-07-24 18:26:00,260,35.7399,35.74,35.74,35.74,35.74,18
2023-07-24 18:27:00,2388,35.7289,35.74,35.72,35.74,35.72,83
2023-07-24 18:28:00,564,35.7287,35.73,35.73,35.73,35.73,32
2023-07-24 18:29:00,932,35.7289,35.725,35.73,35.73,35.725,43
2023-07-24 18:30:00,1935,35.7191,35.73,35.71,35.73,35.71,72
2023-07-24 18:31:00,1790,35.7212,35.71,35.72,35.725,35.71,52
2023-07-24 18:32:00,2599,35.7305,35.725,35.725,35.74,35.725,69
2023-07-24 18:33:00,788,35.7184,35.725,35.715,35.725,35.715,33
2023-07-24 18:34:00,1331,35.7061,35.71,35.705,35.71,35.705,53
2023-07-24 18:35:00,342,35.71,35.705,35.705,35.705,35.705,23
2023-07-24 18:36:00,1223,35.712,35.71,35.72,35.72,35.71,43
2023-07-24 18:37:00,1121,35.706,35.71,35.7,35.71,35.7,38
2023-07-24 18:38:00,229,35.6971,35.7,35.695,35.7,35.695,11
2023-07-24 18:39:00,2224,35.7065,35.695,35.715,35.725,35.695,68
2023-07-24 18:40:00,2675,35.7101,35.71,35.7125,35.72,35.7025,53
2023-07-24 18:42:00,2195,35.7032,35.71,35.7,35.715,35.69,71
2023-07-24 18:43:00,2177,35.7165,35.705,35.725,35.725,35.705,61
2023-07-24 18:44:00,462,35.7227,35.725,35.725,35.73,35.725,14
2023-07-24 18:45:00,2432,35.7357,35.73,35.745,35.745,35.73,68
2023-07-24 18:46:00,1756,35.7402,35.745,35.735,35.745,35.735,48
2023-07-24 18:47:00,3178,35.7303,35.735,35.73,35.735,35.725,59
2023-07-24 18:48:00,1227,35.7335,35.73,35.735,35.735,35.73,29
2023-07-24 18:49:00,857,35.7397,35.74,35.74,35.74,35.74,30
2023-07-24 18:50:00,922,35.7464,35.7425,35.745,35.75,35.7425,40
2023-07-24 18:51:00,2585,35.736,35.745,35.73,35.745,35.73,56
2023-07-24 18:52:00,2451,35.7188,35.72,35.72,35.73,35.71,71
2023-07-24 18:53:00,3019,35.7033,35.72,35.695,35.72,35.69,60
2023-07-24 18:54:00,626,35.7005,35.7,35.705,35.705,35.7,33
2023-07-24 18:55:00,817,35.6982,35.7,35.695,35.7,35.695,39
2023-07-24 18:56:00,1033,35.6961,35.6934,35.695,35.695,35.6934,28
2023-07-24 18:57:00,3612,35.6934,35.69,35.7,35.7,35.685,121
2023-07-24 18:58:00,883,35.7155,35.71,35.725,35.725,35.71,37
2023-07-24 18:59:00,618,35.7328,35.73,35.7399,35.7399,35.725,26
2023-07-24 19:00:00,4244,35.7507,35.74,35.75,35.76,35.74,102
2023-07-24 19:01:00,1304,35.746,35.755,35.75,35.755,35.75,37
2023-07-24 19:02:00,804,35.7504,35.75,35.75,35.75,35.745,35
2023-07-24 19:03:00,2009,35.7412,35.75,35.73,35.75,35.73,54
2023-07-24 19:04:00,830,35.7219,35.72,35.72,35.72,35.72,31
2023-07-24 19:05:00,1704,35.7319,35.725,35.735,35.735,35.725,43
2023-07-24 19:06:00,1664,35.7339,35.73,35.74,35.74,35.73,44
2023-07-24 19:07:00,496,35.7428,35.75,35.75,35.75,35.74,23
2023-07-24 19:08:00,479,35.7371,35.735,35.735,35.735,35.735,20
2023-07-24 19:09:00,3331,35.7456,35.735,35.74,35.75,35.735,58
2023-07-24 19:10:00,683,35.7484,35.75,35.745,35.75,35.745,27
2023-07-24 19:11:00,3027,35.7522,35.75,35.76,35.76,35.75,55
2023-07-24 19:12:00,5441,35.7524,35.755,35.75,35.76,35.745,105
2023-07-24 19:13:00,596,35.7461,35.75,35.745,35.75,35.745,29
2023-07-24 19:14:00,2813,35.748,35.745,35.755,35.755,35.745,56
2023-07-24 19:15:00,5487,35.7564,35.76,35.75,35.765,35.75,85
2023-07-24 19:17:00,1463,35.7563,35.75,35.76,35.76,35.75,45
2023-07-24 19:18:00,2963,35.7492,35.76,35.74,35.76,35.74,74
2023-07-24 19:19:00,2550,35.7171,35.72,35.72,35.72,35.71,53
2023-07-24 19:20:00,1915,35.726,35.72,35.71,35.72,35.71,43
2023-07-24 19:21:00,1319,35.7162,35.72,35.715,35.72,35.71,35
2023-07-24 19:22:00,2254,35.7223,35.715,35.725,35.725,35.715,51
2023-07-24 19:23:00,989,35.7185,35.72,35.7193,35.72,35.715,28
2023-07-24 19:24:00,852,35.7244,35.72,35.73,35.73,35.72,35
2023-07-24 19:25:00,4764,35.7153,35.72,35.715,35.72,35.71,95
2023-07-24 19:26:00,2628,35.7093,35.72,35.69,35.72,35.69,69
2023-07-24 19:27:00,1206,35.6896,35.69,35.69,35.69,35.68,32
2023-07-24 19:28:00,2714,35.682,35.682,35.671,35.69,35.671,52
2023-07-24 19:29:00,2161,35.6622,35.67,35.66,35.67,35.66,43
2023-07-24 19:30:00,4547,35.6762,35.67,35.675,35.675,35.67,54
2023-07-24 19:31:00,3732,35.6893,35.68,35.71,35.71,35.68,83
2023-07-24 19:32:00,2741,35.6994,35.71,35.69,35.71,35.69,50
2023-07-24 19:33:00,2578,35.6988,35.695,35.71,35.71,35.695,50
2023-07-24 19:34:00,2534,35.7027,35.705,35.705,35.71,35.7,44
2023-07-24 19:35:00,1297,35.7122,35.71,35.72,35.72,35.71,37
2023-07-24 19:36:00,6121,35.7139,35.72,35.705,35.73,35.705,95
2023-07-24 19:37:00,2284,35.7031,35.71,35.705,35.71,35.7,47
2023-07-24 19:38:00,1642,35.7042,35.705,35.7,35.71,35.7,31
2023-07-24 19:39:00,7236,35.7065,35.71,35.685,35.715,35.685,125
2023-07-24 19:40:00,3786,35.701,35.69,35.71,35.71,35.69,61
2023-07-24 19:41:00,2261,35.7122,35.71,35.72,35.72,35.705,50
2023-07-24 19:42:00,2002,35.7249,35.725,35.73,35.73,35.725,27
2023-07-24 19:43:00,3895,35.7344,35.73,35.73,35.74,35.73,74
2023-07-24 19:44:00,5939,35.7492,35.74,35.75,35.755,35.74,115
2023-07-24 19:45:00,1882,35.7491,35.75,35.755,35.755,35.75,53
2023-07-24 19:46:00,5419,35.7658,35.76,35.775,35.775,35.755,118
2023-07-24 19:47:00,4136,35.776,35.775,35.78,35.78,35.77,95
2023-07-24 19:48:00,5706,35.7745,35.78,35.77,35.78,35.77,124
2023-07-24 19:49:00,7237,35.7381,35.755,35.72,35.755,35.72,136
2023-07-24 19:50:00,13300,35.7337,35.72,35.72,35.7475,35.7,175
2023-07-24 19:51:00,11108,35.7275,35.725,35.71,35.735,35.71,146
2023-07-24 19:52:00,9592,35.7171,35.71,35.7208,35.735,35.7,158
2023-07-24 19:53:00,7737,35.7197,35.73,35.72,35.735,35.71,164
2023-07-24 19:54:00,12096,35.7235,35.725,35.7,35.74,35.7,312
2023-07-24 19:55:00,15784,35.7266,35.71,35.75,35.755,35.71,229
2023-07-24 19:56:00,17888,35.7526,35.755,35.73,35.765,35.73,202
2023-07-24 19:57:00,17473,35.7493,35.735,35.74,35.76,35.735,221
2023-07-24 19:58:00,30269,35.7152,35.74,35.72,35.74,35.695,273
2023-07-24 19:59:00,25788,35.7248,35.73,35.71,35.74,35.7,235
2023-07-24 20:00:00,820,35.7,35.7,35.7,35.7,35.7,17
2023-07-25 13:30:00,5419,35.4916,35.49,35.49,35.49,35.49,14
2023-07-25 13:31:00,1474,35.2827,35.38,35.175,35.38,35.17,46
2023-07-25 13:32:00,2277,35.1419,35.14,35.18,35.19,35.1,46
2023-07-25 13:33:00,556,35.0909,35.14,35.085,35.14,35.085,11
2023-07-25 13:34:00,1359,35.1098,35.1,35.1,35.14,35.1,37
2023-07-25 13:35:00,1435,35.1799,35.12,35.21,35.21,35.12,45
2023-07-25 13:36:00,2914,35.2576,35.23,35.27,35.28,35.22,60
2023-07-25 13:37:00,1186,35.2769,35.28,35.27,35.29,35.26,19
2023-07-25 13:38:00,1993,35.2532,35.24,35.22,35.27,35.22,48
2023-07-25 13:39:00,1064,35.2137,35.2,35.23,35.23,35.2,35
2023-07-25 13:40:00,3991,35.2645,35.26,35.25,35.29,35.25,103
2023-07-25 13:41:00,1977,35.2997,35.28,35.29,35.32,35.28,62
2023-07-25 13:42:00,2865,35.2651,35.27,35.21,35.27,35.21,57
2023-07-25 13:43:00,314,35.2096,35.23,35.23,35.23,35.23,14
2023-07-25 13:44:00,1368,35.2448,35.22,35.25,35.26,35.22,37
2023-07-25 13:45:00,407,35.2775,35.28,35.28,35.28,35.28,26
2023-07-25 13:46:00,187,35.275,35.28,35.28,35.28,35.28,12
2023-07-25 13:47:00,1928,35.2969,35.28,35.33,35.33,35.28,69
2023-07-25 13:48:00,642,35.3065,35.31,35.3,35.31,35.29,22
2023-07-25 13:49:00,864,35.3014,35.3,35.3,35.3,35.3,10
2023-07-25 13:50:00,4014,35.2913,35.3,35.3,35.3,35.27,110
2023-07-25 13:51:00,1059,35.31,35.29,35.31,35.32,35.29,20
2023-07-25 13:52:00,2023,35.2535,35.29,35.23,35.29,35.22,44
2023-07-25 13:53:00,259,35.2402,35.25,35.25,35.25,35.25,9
2023-07-25 13:54:00,974,35.2669,35.23,35.29,35.29,35.23,38
2023-07-25 13:55:00,568,35.3139,35.31,35.3,35.31,35.3,23
2023-07-25 13:56:00,815,35.3119,35.33,35.29,35.33,35.29,37
2023-07-25 13:57:00,502,35.3163,35.31,35.34,35.34,35.31,13
2023-07-25 13:59:00,280,35.3229,35.32,35.32,35.32,35.32,24
2023-07-25 14:00:00,139,35.3151,35.32,35.32,35.32,35.32,11
2023-07-25 14:01:00,2739,35.3243,35.33,35.33,35.335,35.315,52
2023-07-25 14:02:00,2093,35.332,35.35,35.32,35.35,35.32,42
2023-07-25 14:03:00,2602,35.3072,35.32,35.29,35.32,35.29,68
2023-07-25 14:04:00,1815,35.2841,35.27,35.295,35.3,35.26,34
2023-07-25 14:05:00,1479,35.3297,35.31,35.345,35.345,35.31,49
2023-07-25 14:06:00,1584,35.3324,35.33,35.335,35.335,35.32,19
2023-07-25 14:07:00,1395,35.3582,35.35,35.365,35.365,35.335,51
2023-07-25 14:08:00,377,35.366,35.37,35.36,35.37,35.36,23
2023-07-25 14:09:00,1350,35.3705,35.37,35.38,35.38,35.37,33
2023-07-25 14:10:00,912,35.38,35.38,35.41,35.41,35.38,24
2023-07-25 14:11:00,717,35.3822,35.38,35.38,35.38,35.38,25
2023-07-25 14:12:00,1152,35.3625,35.38,35.35,35.38,35.35,37
2023-07-25 14:13:00,1320,35.3403,35.34,35.35,35.35,35.33,38
2023-07-25 14:15:00,799,35.3902,35.375,35.4,35.4,35.375,25
2023-07-25 14:16:00,847,35.3943,35.41,35.38,35.41,35.38,25
2023-07-25 14:17:00,586,35.3569,35.36,35.36,35.36,35.34,19
2023-07-25 14:18:00,930,35.3596,35.36,35.36,35.36,35.36,28
2023-07-25 14:19:00,2011,35.3312,35.34,35.35,35.35,35.32,49
2023-07-25 14:20:00,510,35.3595,35.35,35.37,35.37,35.35,22
2023-07-25 14:23:00,144,35.3416,35.34,35.34,35.34,35.34,10
2023-07-25 14:24:00,707,35.3563,35.36,35.35,35.36,35.35,35
2023-07-25 14:25:00,1847,35.3675,35.36,35.37,35.37,35.36,30
2023-07-25 14:26:00,970,35.3717,35.37,35.37,35.38,35.37,26
2023-07-25 14:27:00,2772,35.3704,35.36,35.3875,35.39,35.35,58
2023-07-25 14:28:00,596,35.3779,35.38,35.38,35.38,35.38,17
2023-07-25 14:29:00,660,35.345,35.35,35.34,35.35,35.34,28
2023-07-25 14:30:00,9372,35.328,35.32,35.34,35.36,35.315,88
2023-07-25 14:31:00,1273,35.3804,35.38,35.4,35.4,35.36,28
2023-07-25 14:32:00,981,35.4074,35.4,35.41,35.41,35.4,13
2023-07-25 14:33:00,1386,35.3948,35.4,35.38,35.4,35.38,42
2023-07-25 14:34:00,246,35.367,35.37,35.37,35.37,35.37,12
2023-07-25 14:35:00,382,35.3539,35.355,35.355,35.355,35.355,19
2023-07-25 14:36:00,9700,35.3423,35.35,35.32,35.36,35.32,170
2023-07-25 14:37:00,2093,35.2875,35.31,35.27,35.31,35.27,36
2023-07-25 14:38:00,1095,35.2468,35.26,35.23,35.26,35.23,19
2023-07-25 14:39:00,3321,35.2089,35.205,35.21,35.21,35.205,60
2023-07-25 14:40:00,3922,35.2088,35.2,35.23,35.23,35.2,83
2023-07-25 14:41:00,3790,35.2281,35.24,35.22,35.24,35.22,69
2023-07-25 14:42:00,289,35.2441,35.24,35.24,35.24,35.24,16
2023-07-25 14:43:00,802,35.2602,35.26,35.28,35.28,35.26,34
2023-07-25 14:44:00,610,35.2808,35.28,35.28,35.28,35.28,14
2023-07-25 14:46:00,2297,35.2563,35.26,35.25,35.26,35.25,61
2023-07-25 14:48:00,3270,35.2599,35.26,35.28,35.28,35.24,64
2023-07-25 14:49:00,868,35.291,35.29,35.3,35.3,35.29,25
2023-07-25 14:50:00,1260,35.3178,35.31,35.33,35.34,35.31,30
2023-07-25 14:51:00,640,35.3192,35.32,35.32,35.32,35.32,12
2023-07-25 14:53:00,2048,35.2885,35.295,35.28,35.295,35.28,53
2023-07-25 14:54:00,512,35.2525,35.25,35.25,35.25,35.25,19
2023-07-25 14:55:00,611,35.2505,35.25,35.25,35.25,35.25,18
2023-07-25 14:56:00,1408,35.2641,35.26,35.26,35.27,35.26,37
2023-07-25 14:57:00,2338,35.2472,35.26,35.23,35.26,35.23,46
2023-07-25 14:58:00,1458,35.2244,35.205,35.23,35.23,35.205,37
2023-07-25 14:59:00,2943,35.2072,35.24,35.19,35.24,35.19,46
2023-07-25 15:00:00,1672,35.2004,35.22,35.18,35.22,35.18,24
2023-07-25 15:01:00,3324,35.1672,35.17,35.17,35.17,35.16,61
2023-07-25 15:02:00,7685,35.1703,35.17,35.16,35.18,35.16,97
2023-07-25 15:03:00,371,35.155,35.155,35.155,35.155,35.155,12
2023-07-25 15:04:00,4594,35.1549,35.15,35.18,35.19,35.13,105
2023-07-25 15:05:00,2127,35.1843,35.17,35.215,35.215,35.17,33
2023-07-25 15:06:00,2404,35.2197,35.23,35.215,35.23,35.215,27
2023-07-25 15:07:00,2001,35.1988,35.21,35.18,35.21,35.18,38
2023-07-25 15:08:00,2080,35.1717,35.18,35.17,35.18,35.17,22
2023-07-25 15:09:00,5385,35.1931,35.18,35.16,35.21,35.16,43
2023-07-25 15:10:00,578,35.149,35.15,35.14,35.15,35.14,10
2023-07-25 15:11:00,2247,35.1545,35.14,35.17,35.17,35.14,35
2023-07-25 15:12:00,689,35.1634,35.15,35.15,35.17,35.15,17
2023-07-25 15:13:00,550,35.15,35.15,35.15,35.15,35.15,13
2023-07-25 15:14:00,724,35.1414,35.14,35.13,35.14,35.13,25
2023-07-25 15:15:00,506,35.1124,35.12,35.1,35.12,35.1,21
2023-07-25 15:16:00,857,35.0936,35.1,35.07,35.1,35.07,27
2023-07-25 15:17:00,2101,35.0609,35.07,35.07,35.07,35.04,60
2023-07-25 15:18:00,2023,35.0657,35.06,35.07,35.07,35.0575,40
2023-07-25 15:19:00,2811,35.0562,35.05,35.06,35.07,35.05,38
2023-07-25 15:20:00,1650,35.0295,35.04,35.01,35.04,35.01,40
2023-07-25 15:21:00,4567,35.0353,35.01,35.06,35.06,35.01,87
2023-07-25 15:22:00,754,35.0742,35.07,35.08,35.08,35.07,18
2023-07-25 15:23:00,1058,35.0878,35.08,35.09,35.09,35.08,29
2023-07-25 15:24:00,2153,35.0964,35.09,35.09,35.1,35.09,33
2023-07-25 15:25:00,970,35.0981,35.1,35.1,35.1,35.1,32
2023-07-25 15:26:00,862,35.09,35.09,35.09,35.09,35.09,17
2023-07-25 15:27:00,1525,35.0721,35.08,35.07,35.08,35.07,35
2023-07-25 15:28:00,515,35.071,35.07,35.075,35.075,35.07,15
2023-07-25 15:29:00,1328,35.0738,35.06,35.08,35.08,35.06,33
2023-07-25 15:30:00,325,35.0747,35.075,35.075,35.075,35.075,11
2023-07-25 15:31:00,2437,35.0699,35.07,35.06,35.08,35.06,45
2023-07-25 15:32:00,3003,35.0436,35.05,35.05,35.05,35.03,60
2023-07-25 15:33:00,2378,35.0233,35.03,35.02,35.03,35.015,39
2023-07-25 15:34:00,1276,35.0149,35.01,35.01,35.02,35.01,38
2023-07-25 15:35:00,1897,35.0329,35.02,35.05,35.055,35.02,63
2023-07-25 15:36:00,387,35.0599,35.06,35.06,35.06,35.06,19
2023-07-25 15:37:00,3918,35.06,35.06,35.055,35.07,35.05,78
2023-07-25 15:38:00,23306,35.0137,35.05,35.035,35.05,35.01,77
2023-07-25 15:39:00,1357,35.0289,35.03,35.02,35.03,35.02,27
2023-07-25 15:40:00,6008,35.0372,35.02,35.045,35.055,35.02,79
2023-07-25 15:41:00,3456,35.0296,35.0365,35.02,35.0365,35.02,46
2023-07-25 15:42:00,2860,34.9905,35.02,34.99,35.02,34.97,53
2023-07-25 15:43:00,1178,34.9981,34.99,34.99,35.01,34.99,26
2023-07-25 15:44:00,905,35.0092,35.01,35.01,35.01,35.01,31
2023-07-25 15:45:00,956,34.9953,35.0,34.99,35.0,34.99,31
2023-07-25 15:46:00,899,34.9983,35.0,35.0,35.0,35.0,23
2023-07-25 15:47:00,558,34.9999,35.0,35.0,35.0,35.0,19
2023-07-25 15:48:00,4952,35.0035,35.01,35.03,35.03,34.99,100
2023-07-25 15:49:00,3749,35.0266,35.02,35.01,35.04,35.01,65
2023-07-25 15:50:00,5312,34.9971,35.0,35.0,35.02,34.98,66
2023-07-25 15:52:00,1058,35.0149,35.02,35.0,35.02,35.0,22
2023-07-25 15:53:00,2385,35.0339,35.02,35.05,35.05,35.02,58
2023-07-25 15:54:00,1177,35.0564,35.07,35.05,35.07,35.05,26
2023-07-25 15:55:00,910,35.0766,35.07,35.097,35.1,35.07,20
2023-07-25 15:56:00,6168,35.0996,35.1,35.09,35.1,35.09,11
2023-07-25 15:57:00,3750,35.0937,35.08,35.115,35.12,35.07,65
2023-07-25 15:58:00,2462,35.1118,35.11,35.12,35.12,35.1,46
2023-07-25 15:59:00,474,35.1165,35.12,35.11,35.12,35.11,15
2023-07-25 16:00:00,6534,35.1359,35.11,35.12,35.14,35.11,35
2023-07-25 16:01:00,1816,35.0976,35.11,35.09,35.11,35.09,41
2023-07-25 16:02:00,2026,35.083,35.09,35.07,35.09,35.07,49
2023-07-25 16:03:00,1027,35.0406,35.055,35.03,35.055,35.03,25
2023-07-25 16:04:00,1554,35.0387,35.02,35.05,35.05,35.02,45
2023-07-25 16:05:00,543,35.0382,35.04,35.03,35.04,35.03,19
2023-07-25 16:07:00,1914,35.037,35.04,35.04,35.04,35.03,45
2023-07-25 16:08:00,1675,35.006,35.03,35.0,35.03,34.99,40
2023-07-25 16:09:00,183,35.0014,35.0,35.0,35.0,35.0,10
2023-07-25 16:10:00,669,35.0185,35.02,35.02,35.02,35.02,23
2023-07-25 16:12:00,2119,35.011,35.0,35.02,35.02,35.0,41
2023-07-25 16:13:00,347,35.0108,35.01,35.01,35.01,35.01,16
2023-07-25 16:14:00,1007,35.0021,35.0,35.0,35.0,35.0,29
2023-07-25 16:15:00,4774,35.0014,35.0,35.0,35.01,34.99,99
2023-07-25 16:16:00,2017,34.995,35.005,35.0,35.005,34.99,53
2023-07-25 16:17:00,107,34.9999,35.0,35.0,35.0,35.0,5
2023-07-25 16:18:00,320,34.9998,35.0,35.0,35.0,35.0,11
2023-07-25 16:19:00,1685,35.0208,35.0,35.03,35.04,35.0,53
2023-07-25 16:22:00,1673,35.0394,35.045,35.045,35.05,35.04,54
2023-07-25 16:23:00,256,35.04,35.04,35.04,35.04,35.04,12
2023-07-25 16:24:00,1956,35.0478,35.035,35.05,35.05,35.035,50
2023-07-25 16:25:00,1155,35.0328,35.03,35.0308,35.04,35.03,20
2023-07-25 16:26:00,1370,35.032,35.03,35.03,35.04,35.03,47
2023-07-25 16:27:00,169,35.0302,35.03,35.03,35.03,35.03,12
2023-07-25 16:28:00,966,35.0199,35.02,35.02,35.02,35.02,26
2023-07-25 16:30:00,236,35.0103,35.01,35.01,35.01,35.01,14
2023-07-25 16:31:00,1952,35.0251,35.02,35.04,35.04,35.02,53
2023-07-25 16:32:00,2163,35.0466,35.04,35.05,35.05,35.04,48
2023-07-25 16:33:00,1679,35.0336,35.04,35.03,35.04,35.02,43
2023-07-25 16:35:00,422,35.0145,35.02,35.02,35.02,35.02,13
2023-07-25 16:36:00,875,35.0101,35.02,35.01,35.02,35.01,28
2023-07-25 16:37:00,268,35.0054,35.01,35.01,35.01,35.01,14
2023-07-25 16:38:00,275,35.0062,35.0,35.01,35.01,35.0,7
2023-07-25 16:39:00,6550,35.005,35.0,35.02,35.025,34.99,97
2023-07-25 16:40:00,1465,35.0375,35.025,35.05,35.05,35.025,30
2023-07-25 16:42:00,489,35.0315,35.04,35.04,35.04,35.04,19
2023-07-25 16:43:00,1725,35.0222,35.03,35.02,35.03,35.02,35
2023-07-25 16:44:00,165,35.0104,35.01,35.01,35.01,35.01,9
2023-07-25 16:45:00,2026,35.026,35.02,35.02,35.04,35.02,58
2023-07-25 16:46:00,1726,35.0183,35.01,35.03,35.03,35.01,36
2023-07-25 16:47:00,568,35.0222,35.02,35.02,35.02,35.02,13
2023-07-25 16:49:00,136,35.0204,35.02,35.02,35.02,35.02,6
2023-07-25 16:50:00,831,35.0193,35.02,35.01,35.02,35.01,27
2023-07-25 16:51:00,1014,35.0291,35.02,35.03,35.03,35.02,29
2023-07-25 16:52:00,1161,35.0323,35.04,35.03,35.04,35.03,36
2023-07-25 16:53:00,953,35.0064,35.02,35.0,35.02,35.0,24
2023-07-25 16:54:00,405,35.0,35.0,35.0,35.0,35.0,11
2023-07-25 16:55:00,254,35.0026,35.0,35.005,35.005,35.0,10
2023-07-25 16:56:00,2155,35.0075,35.0,35.01,35.01,35.0,67
2023-07-25 16:57:00,2318,35.0024,35.0,35.0,35.01,35.0,29
2023-07-25 16:58:00,1532,35.02,35.01,35.02,35.03,35.01,39
2023-07-25 16:59:00,1318,35.01,35.01,35.01,35.01,35.01,31
2023-07-25 17:00:00,154,35.01,35.01,35.01,35.01,35.01,5
2023-07-25 17:01:00,4179,34.9972,35.0,35.01,35.01,34.99,84
2023-07-25 17:02:00,1050,35.0043,35.01,35.0,35.01,35.0,13
2023-07-25 17:03:00,993,35.01,35.01,35.01,35.01,35.01,36
2023-07-25 17:04:00,413,35.0117,35.015,35.01,35.015,35.01,20
2023-07-25 17:05:00,23969,34.993,35.0,34.995,35.01,34.98,130
2023-07-25 17:06:00,7769,34.9374,35.01,34.91,35.01,34.9,123
2023-07-25 17:07:00,2411,34.9201,34.92,34.92,34.921,34.92,69
2023-07-25 17:08:00,2530,34.9331,34.93,34.93,34.945,34.93,53
2023-07-25 17:09:00,2220,34.9206,34.92,34.93,34.93,34.91,37
2023-07-25 17:10:00,490,34.9562,34.95,34.96,34.96,34.95,13
2023-07-25 17:11:00,1212,34.9438,34.965,34.93,34.965,34.93,32
2023-07-25 17:12:00,3203,34.9067,34.92,34.9,34.92,34.9,61
2023-07-25 17:13:00,1484,34.8957,34.91,34.88,34.91,34.88,42
2023-07-25 17:14:00,500,34.9042,34.9,34.9,34.9,34.9,21
2023-07-25 17:15:00,428,34.9011,34.9,34.9,34.9,34.9,14
2023-07-25 17:16:00,562,34.9121,34.9,34.92,34.92,34.9,28
2023-07-25 17:17:00,630,34.9108,34.91,34.91,34.91,34.91,28
2023-07-25 17:18:00,2797,34.9137,34.9,34.92,34.92,34.9,78
2023-07-25 17:19:00,789,34.9016,34.91,34.8901,34.91,34.8901,18
2023-07-25 17:20:00,16911,34.9155,34.9,34.94,34.95,34.9,91
2023-07-25 17:21:00,1825,34.9303,34.94,34.93,34.94,34.92,35
2023-07-25 17:22:00,4344,34.9359,34.92,34.97,34.97,34.92,54
2023-07-25 17:23:00,1455,34.9395,34.96,34.95,34.96,34.95,17
2023-07-25 17:24:00,317,34.9558,34.96,34.96,34.96,34.96,11
2023-07-25 17:25:00,874,34.9601,34.97,34.96,34.97,34.96,14
2023-07-25 17:26:00,920,34.9797,34.97,34.99,34.99,34.97,36
2023-07-25 17:27:00,1674,34.9843,35.0,35.01,35.01,35.0,27
2023-07-25 17:28:00,2669,34.9906,35.0,35.0,35.0,34.98,51
2023-07-25 17:31:00,431,35.0113,35.01,35.01,35.01,35.01,12
2023-07-25 17:32:00,2047,35.0259,35.02,35.03,35.03,35.02,43
2023-07-25 17:33:00,107,35.0197,35.02,35.02,35.02,35.02,7
2023-07-25 17:34:00,2035,34.9987,35.01,34.99,35.01,34.99,47
2023-07-25 17:35:00,1650,34.9968,35.0,34.99,35.0,34.99,29
2023-07-25 17:36:00,7992,34.9806,34.99,34.98,35.01,34.945,99
2023-07-25 17:37:00,8050,34.9781,34.98,35.0,35.0,34.96,145
2023-07-25 17:38:00,3896,35.0022,35.0,35.0,35.01,35.0,61
2023-07-25 17:39:00,3032,35.0033,35.0,35.02,35.02,34.99,57
2023-07-25 17:40:00,425,35.0128,35.02,35.02,35.02,35.02,11
2023-07-25 17:41:00,319,35.0206,35.02,35.02,35.02,35.02,12
2023-07-25 17:42:00,1046,35.028,35.03,35.03,35.03,35.03,20
2023-07-25 17:43:00,238,35.0436,35.045,35.04,35.045,35.04,7
2023-07-25 17:44:00,1184,35.0673,35.05,35.08,35.09,35.05,34
2023-07-25 17:45:00,1914,35.0727,35.08,35.08,35.08,35.06,41
2023-07-25 17:46:00,520,35.0738,35.08,35.07,35.08,35.07,13
2023-07-25 17:47:00,1288,35.0626,35.06,35.06,35.07,35.06,36
2023-07-25 17:48:00,210,35.045,35.04,35.05,35.05,35.04,6
2023-07-25 17:49:00,2030,35.0566,35.05,35.07,35.07,35.05,48
2023-07-25 17:50:00,452,35.08,35.08,35.08,35.08,35.08,18
2023-07-25 17:51:00,1265,35.0836,35.09,35.09,35.09,35.09,26
2023-07-25 17:52:00,1335,35.0865,35.095,35.085,35.095,35.08,29
2023-07-25 17:53:00,2391,35.0851,35.085,35.095,35.095,35.08,52
2023-07-25 17:54:00,2036,35.1183,35.1,35.12,35.13,35.1,53
2023-07-25 17:55:00,769,35.1224,35.12,35.135,35.135,35.12,16
2023-07-25 17:56:00,1833,35.1229,35.13,35.125,35.13,35.125,32
2023-07-25 17:57:00,948,35.1245,35.12,35.12,35.13,35.12,17
2023-07-25 17:58:00,956,35.1398,35.14,35.14,35.14,35.14,28
2023-07-25 17:59:00,1162,35.1349,35.14,35.135,35.14,35.13,36
2023-07-25 18:01:00,945,35.12,35.12,35.11,35.12,35.11,33
2023-07-25 18:02:00,1601,35.1124,35.115,35.115,35.115,35.115,54
2023-07-25 18:03:00,389,35.1119,35.11,35.11,35.11,35.11,21
2023-07-25 18:04:00,890,35.1092,35.115,35.1,35.115,35.1,20
2023-07-25 18:05:00,295,35.1025,35.105,35.1,35.105,35.1,12
2023-07-25 18:06:00,1681,35.097,35.1,35.09,35.1,35.08,38
2023-07-25 18:07:00,5911,35.0777,35.08,35.07,35.09,35.065,101
2023-07-25 18:08:00,2918,35.0731,35.065,35.09,35.09,35.06,44
2023-07-25 18:09:00,1607,35.0867,35.09,35.08,35.09,35.08,28
2023-07-25 18:10:00,920,35.0718,35.07,35.065,35.07,35.065,22
2023-07-25 18:11:00,13994,35.0787,35.065,35.08,35.09,35.065,62
2023-07-25 18:12:00,20876,35.0656,35.07,35.055,35.07,35.04,91
2023-07-25 18:13:00,4079,35.04,35.05,35.05,35.05,35.03,68
2023-07-25 18:14:00,3922,35.043,35.05,35.03,35.05,35.03,51
2023-07-25 18:15:00,4602,35.076,35.04,35.09,35.09,35.04,82
2023-07-25 18:16:00,1777,35.0677,35.09,35.075,35.09,35.05,35
2023-07-25 18:17:00,2471,35.0821,35.09,35.09,35.095,35.09,44
2023-07-25 18:18:00,434,35.1074,35.11,35.115,35.115,35.11,20
2023-07-25 18:19:00,3370,35.0748,35.11,35.07,35.11,35.06,53
2023-07-25 18:20:00,1923,35.0566,35.06,35.065,35.065,35.05,35
2023-07-25 18:21:00,1824,35.0675,35.07,35.06,35.08,35.06,33
2023-07-25 18:22:00,1013,35.0556,35.05,35.04,35.05,35.04,27
2023-07-25 18:23:00,487,35.0243,35.03,35.02,35.03,35.02,24
2023-07-25 18:24:00,3553,35.0358,35.03,35.05,35.05,35.025,76
2023-07-25 18:25:00,3640,35.0372,35.04,35.05,35.05,35.03,62
2023-07-25 18:26:00,1788,35.0469,35.04,35.08,35.08,35.04,28
2023-07-25 18:27:00,856,35.0473,35.07,35.065,35.07,35.065,9
2023-07-25 18:28:00,3014,35.0581,35.06,35.06,35.065,35.05,62
2023-07-25 18:29:00,1559,35.0462,35.05,35.05,35.05,35.04,35
2023-07-25 18:30:00,1892,35.0631,35.06,35.055,35.07,35.05,48
2023-07-25 18:31:00,1545,35.053,35.06,35.05,35.06,35.05,34
2023-07-25 18:32:00,2493,35.0499,35.05,35.05,35.05,35.04,45
2023-07-25 18:34:00,1208,35.0421,35.04,35.035,35.05,35.035,28
2023-07-25 18:35:00,4571,35.0292,35.03,35.05,35.05,35.02,77
2023-07-25 18:36:00,2015,35.0424,35.04,35.04,35.05,35.04,38
2023-07-25 18:37:00,4260,35.0295,35.03,35.04,35.04,35.02,73
2023-07-25 18:39:00,2480,35.0278,35.03,35.035,35.035,35.02,50
2023-07-25 18:40:00,795,35.0229,35.03,35.015,35.03,35.01,27
2023-07-25 18:41:00,2008,35.0132,35.015,35.0219,35.0219,35.01,55
2023-07-25 18:42:00,1650,35.0164,35.02,35.01,35.02,35.01,32
2023-07-25 18:43:00,2110,35.0062,35.0,35.01,35.01,35.0,32
2023-07-25 18:44:00,2947,35.0126,35.02,34.99,35.02,34.99,53
2023-07-25 18:45:00,1514,34.9867,34.995,34.98,34.995,34.98,44
2023-07-25 18:46:00,873,34.971,34.98,34.97,34.98,34.96,35
2023-07-25 18:47:00,4999,34.9466,34.97,34.9575,34.97,34.92,98
2023-07-25 18:48:00,2076,34.9645,34.97,34.95,34.97,34.95,41
2023-07-25 18:49:00,680,34.9585,34.96,34.96,34.96,34.955,14
2023-07-25 18:50:00,1290,34.9727,34.96,34.98,34.99,34.96,33
2023-07-25 18:51:00,2983,34.9615,34.975,34.95,34.98,34.95,55
2023-07-25 18:52:00,1465,34.9527,34.95,34.955,34.96,34.95,26
2023-07-25 18:53:00,2367,34.9654,34.955,34.98,34.98,34.955,35
2023-07-25 18:54:00,1836,34.9831,34.99,34.99,34.99,34.98,29
2023-07-25 18:55:00,1164,34.9818,34.99,34.975,34.99,34.97,28
2023-07-25 18:56:00,593,34.9731,34.97,34.975,34.975,34.97,9
2023-07-25 18:57:00,2097,34.9589,34.95,34.96,34.96,34.94,67
2023-07-25 18:58:00,2027,34.9549,34.95,34.945,34.96,34.945,54
2023-07-25 18:59:00,2567,34.9336,34.94,34.94,34.94,34.93,58
2023-07-25 19:00:00,1283,34.9267,34.93,34.92,34.93,34.92,29
2023-07-25 19:01:00,3848,34.939,34.93,34.955,34.96,34.93,63
2023-07-25 19:02:00,1703,34.9483,34.96,34.945,34.96,34.94,30
2023-07-25 19:03:00,1675,34.9259,34.94,34.92,34.94,34.91,39
2023-07-25 19:04:00,1665,34.906,34.91,34.9,34.91,34.9,41
2023-07-25 19:05:00,745,34.8929,34.89,34.89,34.895,34.89,23
2023-07-25 19:06:00,777,34.8963,34.895,34.89,34.895,34.89,16
2023-07-25 19:07:00,4248,34.9025,34.895,34.91,34.91,34.895,74
2023-07-25 19:08:00,1899,34.91,34.92,34.91,34.92,34.9,40
2023-07-25 19:09:00,827,34.9117,34.905,34.92,34.92,34.905,22
2023-07-25 19:10:00,2585,34.9122,34.93,34.9,34.93,34.9,45
2023-07-25 19:11:00,1053,34.8913,34.9,34.89,34.9,34.88,27
2023-07-25 19:12:00,591,34.8884,34.89,34.89,34.89,34.88,22
2023-07-25 19:13:00,3023,34.8973,34.88,34.91,34.91,34.88,61
2023-07-25 19:14:00,2322,34.9323,34.92,34.94,34.95,34.92,47
2023-07-25 19:15:00,1247,34.9249,34.93,34.93,34.93,34.93,19
2023-07-25 19:16:00,1445,34.9343,34.92,34.94,34.94,34.92,38
2023-07-25 19:17:00,3815,34.9504,34.95,34.95,34.96,34.95,67
2023-07-25 19:19:00,3753,34.9531,34.96,34.965,34.965,34.95,94
2023-07-25 19:20:00,1024,34.9683,34.97,34.97,34.97,34.965,15
2023-07-25 19:21:00,2142,34.9802,34.98,34.98,34.985,34.98,30
2023-07-25 19:22:00,1721,34.9788,34.98,34.98,34.985,34.975,52
2023-07-25 19:23:00,6374,34.9778,34.97,35.0,35.0,34.97,87
2023-07-25 19:24:00,5927,34.9893,35.0,34.975,35.0,34.97,62
2023-07-25 19:25:00,1460,34.9696,34.97,34.97,34.97,34.965,24
2023-07-25 19:26:00,1943,34.9558,34.965,34.94,34.965,34.94,47
2023-07-25 19:27:00,1142,34.9402,34.94,34.92,34.94,34.92,26
2023-07-25 19:28:00,1430,34.9194,34.92,34.91,34.92,34.91,45
2023-07-25 19:29:00,1172,34.9309,34.93,34.935,34.935,34.93,32
2023-07-25 19:30:00,754,34.9341,34.935,34.935,34.935,34.935,21
2023-07-25 19:31:00,2984,34.9368,34.94,34.93,34.94,34.93,63
2023-07-25 19:32:00,3102,34.9161,34.93,34.91,34.93,34.91,58
2023-07-25 19:33:00,1537,34.9153,34.915,34.92,34.92,34.91,35
2023-07-25 19:34:00,548,34.9138,34.91,34.915,34.915,34.91,21
2023-07-25 19:35:00,4186,34.9186,34.915,34.925,34.925,34.91,69
2023-07-25 19:36:00,2264,34.9317,34.925,34.945,34.95,34.925,51
2023-07-25 19:37:00,3939,34.9477,34.955,34.945,34.955,34.945,79
2023-07-25 19:38:00,2947,34.9317,34.94,34.9,34.94,34.9,59
2023-07-25 19:39:00,1572,34.9107,34.9,34.91,34.91,34.9,47
2023-07-25 19:40:00,2635,34.9293,34.92,34.9375,34.94,34.92,65
2023-07-25 19:41:00,2655,34.9378,34.94,34.9475,34.96,34.935,49
2023-07-25 19:42:00,1532,34.9446,34.95,34.9475,34.95,34.94,44
2023-07-25 19:43:00,5314,34.9516,34.9475,34.97,34.97,34.94,102
2023-07-25 19:44:00,3758,34.9594,34.9675,34.955,34.9675,34.955,54
2023-07-25 19:45:00,4360,34.9594,34.955,34.95,34.965,34.95,85
2023-07-25 19:46:00,3721,34.9612,34.96,34.96,34.97,34.955,82
2023-07-25 19:47:00,7324,34.9807,34.96,34.97,34.9975,34.96,126
2023-07-25 19:48:00,18700,34.9572,34.975,34.955,34.975,34.95,74
2023-07-25 19:49:00,10805,34.9598,34.95,34.985,34.985,34.945,159
2023-07-25 19:50:00,15365,34.9487,34.985,34.935,34.985,34.935,163
2023-07-25 19:51:00,5412,34.9422,34.935,34.945,34.945,34.935,60
2023-07-25 19:52:00,7527,34.9502,34.9475,34.95,34.96,34.94,128
2023-07-25 19:53:00,5501,34.9421,34.955,34.93,34.955,34.93,119
2023-07-25 19:54:00,14891,34.9216,34.93,34.91,34.935,34.905,242
2023-07-25 19:55:00,11460,34.9263,34.91,34.935,34.94,34.91,160
2023-07-25 19:56:00,13996,34.9146,34.93,34.905,34.93,34.89,156
2023-07-25 19:57:00,11154,34.9095,34.92,34.905,34.92,34.9,148
2023-07-25 19:58:00,22219,34.9175,34.91,34.93,34.935,34.91,220
2023-07-25 19:59:00,42409,34.9127,34.93,34.9,34.935,34.89,278
2023-07-25 20:00:00,3147,34.9,34.9,34.9,34.9,34.9,21
2023-07-26 13:30:00,8152,34.9146,34.91,34.935,35.02,34.91,10
2023-07-26 13:32:00,4077,34.9895,34.9414,35.025,35.025,34.93,57
2023-07-26 13:33:00,404,35.0375,35.06,35.015,35.06,35.015,8
2023-07-26 13:34:00,1138,35.0364,35.06,35.045,35.06,35.02,29
2023-07-26 13:35:00,3073,35.0637,35.03,35.07,35.1,35.03,61
2023-07-26 13:36:00,1033,35.0727,35.05,35.07,35.1,35.05,20
2023-07-26 13:37:00,1318,35.0583,35.07,35.06,35.07,35.04,35
2023-07-26 13:38:00,1238,35.1188,35.09,35.13,35.13,35.09,31
2023-07-26 13:39:00,882,35.1162,35.115,35.115,35.115,35.115,21
2023-07-26 13:40:00,1788,35.1524,35.13,35.16,35.17,35.13,24
2023-07-26 13:41:00,1135,35.1995,35.17,35.23,35.23,35.17,20
2023-07-26 13:42:00,2766,35.2251,35.22,35.24,35.24,35.21,43
2023-07-26 13:43:00,435,35.285,35.28,35.28,35.28,35.28,21
2023-07-26 13:44:00,3206,35.2885,35.285,35.3,35.32,35.27,56
2023-07-26 13:45:00,1187,35.267,35.28,35.27,35.28,35.27,38
2023-07-26 13:46:00,1138,35.2446,35.25,35.23,35.25,35.23,41
2023-07-26 13:47:00,586,35.2053,35.205,35.19,35.205,35.19,33
2023-07-26 13:48:00,605,35.1766,35.2,35.16,35.2,35.16,25
2023-07-26 13:49:00,893,35.1256,35.14,35.1,35.14,35.1,33
2023-07-26 13:50:00,353,35.1383,35.11,35.11,35.11,35.11,10
2023-07-26 13:51:00,6440,35.1066,35.11,35.09,35.1101,35.09,50
2023-07-26 13:52:00,5471,35.0897,35.07,35.11,35.11,35.06,107
2023-07-26 13:53:00,1924,35.123,35.125,35.125,35.125,35.12,33
2023-07-26 13:54:00,1466,35.1004,35.11,35.09,35.11,35.09,38
2023-07-26 13:55:00,2347,35.1015,35.08,35.105,35.11,35.08,59
2023-07-26 13:56:00,1003,35.0948,35.1,35.08,35.1,35.08,30
2023-07-26 13:58:00,1778,35.1231,35.12,35.13,35.13,35.12,37
2023-07-26 13:59:00,11640,35.1823,35.14,35.19,35.22,35.14,164
2023-07-26 14:00:00,6788,35.1464,35.19,35.115,35.19,35.11,80
2023-07-26 14:01:00,12901,35.1213,35.115,35.13,35.16,35.1,161
2023-07-26 14:02:00,1569,35.1078,35.13,35.1,35.13,35.1,30
2023-07-26 14:03:00,4162,35.0544,35.09,35.1,35.1,35.03,84
2023-07-26 14:04:00,2081,35.101,35.085,35.13,35.13,35.085,34
2023-07-26 14:05:00,2905,35.118,35.11,35.11,35.13,35.11,48
2023-07-26 14:06:00,2454,35.1191,35.1,35.145,35.15,35.1,55
2023-07-26 14:07:00,3880,35.1606,35.155,35.175,35.19,35.155,42
2023-07-26 14:08:00,2080,35.1606,35.16,35.16,35.165,35.16,27
2023-07-26 14:09:00,5369,35.1668,35.16,35.185,35.2,35.152,59
2023-07-26 14:10:00,2908,35.1624,35.17,35.14,35.175,35.14,53
2023-07-26 14:11:00,1726,35.1348,35.14,35.135,35.14,35.13,39
2023-07-26 14:12:00,8195,35.1132,35.11,35.12,35.13,35.095,110
2023-07-26 14:13:00,2360,35.1192,35.12,35.11,35.13,35.11,36
2023-07-26 14:14:00,2539,35.0916,35.1,35.075,35.1,35.075,54
2023-07-26 14:15:00,1900,35.0666,35.06,35.06,35.07,35.06,30
2023-07-26 14:16:00,4397,35.0538,35.05,35.07,35.07,35.0406,50
2023-07-26 14:17:00,2290,35.0498,35.06,35.05,35.06,35.04,41
2023-07-26 14:18:00,3282,35.0287,35.05,35.02,35.05,35.02,52
2023-07-26 14:19:00,1869,34.9999,35.0,34.99,35.0,34.99,32
2023-07-26 14:20:00,4218,34.9871,34.99,35.0,35.0,34.97,84
2023-07-26 14:21:00,520,35.0032,35.01,35.0,35.01,35.0,17
2023-07-26 14:22:00,2757,35.0056,35.005,34.995,35.02,34.99,65
2023-07-26 14:23:00,3397,34.9953,34.995,35.0,35.005,34.985,76
2023-07-26 14:24:00,2489,34.998,35.005,34.98,35.005,34.98,42
2023-07-26 14:25:00,2952,34.9934,34.98,35.02,35.02,34.98,49
2023-07-26 14:26:00,1263,35.0076,35.01,34.995,35.01,34.995,36
2023-07-26 14:27:00,2329,35.0289,35.02,35.03,35.04,35.02,67
2023-07-26 14:28:00,479,35.0157,35.015,35.015,35.015,35.015,29
2023-07-26 14:29:00,2830,35.0003,35.0,35.0,35.015,34.99,54
2023-07-26 14:30:00,8303,35.0363,35.015,35.03,35.06,35.015,71
2023-07-26 14:31:00,2303,35.0226,35.035,35.015,35.035,35.01,34
2023-07-26 14:32:00,677,35.0006,35.0,35.0,35.0,35.0,19
2023-07-26 14:33:00,1481,35.0108,35.0,35.01,35.015,35.0,35
2023-07-26 14:34:00,4034,35.0009,35.01,35.02,35.02,34.99,58
2023-07-26 14:35:00,1859,35.0259,35.02,35.02,35.04,35.02,36
2023-07-26 14:36:00,1342,35.0307,35.03,35.02,35.04,35.02,34
2023-07-26 14:37:00,715,35.0444,35.04,35.06,35.06,35.04,21
2023-07-26 14:38:00,1423,35.0683,35.07,35.075,35.076,35.06,42
2023-07-26 14:39:00,3812,35.0698,35.09,35.08,35.09,35.055,69
2023-07-26 14:40:00,580,35.066,35.07,35.07,35.07,35.07,15
2023-07-26 14:41:00,3503,35.0484,35.06,35.035,35.06,35.035,60
2023-07-26 14:42:00,841,35.0201,35.03,35.0,35.03,35.0,29
2023-07-26 14:43:00,3343,35.0159,35.005,35.0,35.03,35.0,63
2023-07-26 14:45:00,2199,35.0251,35.015,35.035,35.035,35.015,71
2023-07-26 14:46:00,1765,35.0321,35.03,35.035,35.035,35.03,31
2023-07-26 14:47:00,10746,35.0412,35.035,35.02,35.05,35.02,119
2023-07-26 14:48:00,837,35.0202,35.02,35.02,35.02,35.02,22
2023-07-26 14:49:00,4893,35.0259,35.02,35.025,35.035,35.02,79
2023-07-26 14:50:00,2410,35.0127,35.01,35.02,35.02,35.0,48
2023-07-26 14:51:00,1423,35.0239,35.02,35.02,35.03,35.02,28
2023-07-26 14:52:00,2162,35.0337,35.04,35.03,35.04,35.03,44
2023-07-26 14:53:00,885,35.0364,35.03,35.04,35.04,35.03,32
2023-07-26 14:54:00,770,35.045,35.04,35.05,35.05,35.04,18
2023-07-26 14:55:00,369,35.0446,35.04,35.05,35.05,35.04,7
2023-07-26 14:56:00,1085,35.0377,35.03,35.04,35.05,35.03,30
2023-07-26 14:57:00,4739,35.0713,35.05,35.075,35.09,35.05,79
2023-07-26 14:58:00,1801,35.0903,35.095,35.11,35.11,35.08,33
2023-07-26 14:59:00,1762,35.1023,35.09,35.11,35.11,35.09,41
2023-07-26 15:00:00,1773,35.1161,35.12,35.125,35.13,35.11,24
2023-07-26 15:01:00,346,35.1156,35.11,35.11,35.11,35.11,14
2023-07-26 15:02:00,2019,35.1039,35.11,35.1,35.11,35.09,48
2023-07-26 15:03:00,5448,35.1065,35.11,35.11,35.11,35.1,86
2023-07-26 15:04:00,2299,35.1358,35.11,35.17,35.17,35.11,48
2023-07-26 15:05:00,1528,35.1579,35.16,35.155,35.162,35.15,31
2023-07-26 15:06:00,336,35.1524,35.155,35.15,35.155,35.15,13
2023-07-26 15:07:00,2781,35.1467,35.14,35.15,35.16,35.14,62
2023-07-26 15:08:00,277,35.1519,35.15,35.15,35.15,35.15,10
2023-07-26 15:09:00,1805,35.1425,35.14,35.15,35.15,35.14,33
2023-07-26 15:11:00,777,35.1523,35.16,35.15,35.16,35.15,25
2023-07-26 15:12:00,1662,35.1622,35.14,35.175,35.175,35.14,44
2023-07-26 15:13:00,12296,35.2206,35.18,35.255,35.26,35.18,121
2023-07-26 15:14:00,657,35.2565,35.255,35.27,35.27,35.255,19
2023-07-26 15:15:00,2244,35.2782,35.27,35.32,35.32,35.265,47
2023-07-26 15:16:00,491,35.2997,35.29,35.305,35.305,35.29,23
2023-07-26 15:17:00,1215,35.2866,35.29,35.3025,35.3025,35.28,45
2023-07-26 15:18:00,1193,35.266,35.28,35.26,35.28,35.26,30
2023-07-26 15:19:00,2723,35.261,35.25,35.27,35.27,35.25,82
2023-07-26 15:20:00,3242,35.2653,35.26,35.265,35.27,35.26,37
2023-07-26 15:21:00,1367,35.2506,35.265,35.245,35.265,35.24,29
2023-07-26 15:22:00,860,35.2354,35.245,35.23,35.25,35.23,17
2023-07-26 15:23:00,421,35.2362,35.25,35.25,35.25,35.25,19
2023-07-26 15:24:00,615,35.2138,35.21,35.21,35.21,35.21,19
2023-07-26 15:25:00,287,35.2267,35.23,35.23,35.23,35.23,11
2023-07-26 15:26:00,1375,35.2281,35.23,35.235,35.235,35.22,40
2023-07-26 15:27:00,1189,35.224,35.22,35.225,35.23,35.22,29
2023-07-26 15:28:00,871,35.2194,35.22,35.21,35.22,35.21,23
2023-07-26 15:29:00,1243,35.2161,35.21,35.23,35.23,35.21,27
2023-07-26 15:30:00,183,35.2465,35.245,35.245,35.245,35.245,7
2023-07-26 15:31:00,810,35.2433,35.24,35.24,35.24,35.24,30
2023-07-26 15:32:00,626,35.2557,35.25,35.265,35.265,35.25,22
2023-07-26 15:35:00,2315,35.2835,35.26,35.3,35.3,35.26,52
2023-07-26 15:36:00,1007,35.321,35.31,35.32,35.33,35.31,25
2023-07-26 15:37:00,1066,35.3283,35.32,35.34,35.34,35.32,35
2023-07-26 15:38:00,745,35.3055,35.335,35.33,35.335,35.32,16
2023-07-26 15:39:00,1340,35.3341,35.33,35.32,35.34,35.32,38
2023-07-26 15:40:00,480,35.3238,35.32,35.32,35.32,35.32,8
2023-07-26 15:41:00,234,35.3215,35.33,35.33,35.33,35.33,10
2023-07-26 15:42:00,885,35.3206,35.31,35.3117,35.3277,35.31,19
2023-07-26 15:43:00,213,35.3202,35.32,35.32,35.32,35.32,11
2023-07-26 15:44:00,2382,35.3055,35.31,35.295,35.31,35.295,52
2023-07-26 15:45:00,727,35.2847,35.29,35.285,35.29,35.285,17
2023-07-26 15:46:00,1184,35.2678,35.27,35.26,35.27,35.26,18
2023-07-26 15:47:00,893,35.2215,35.245,35.21,35.245,35.2,23
2023-07-26 15:48:00,271,35.1989,35.19,35.205,35.205,35.19,11
2023-07-26 15:49:00,820,35.1914,35.19,35.195,35.195,35.19,19
2023-07-26 15:50:00,8612,35.1989,35.18,35.2,35.2,35.17,83
2023-07-26 15:51:00,1017,35.2099,35.205,35.21,35.21,35.205,27
2023-07-26 15:52:00,2809,35.1897,35.2,35.165,35.2,35.165,50
2023-07-26 15:53:00,440,35.1665,35.145,35.145,35.145,35.145,9
2023-07-26 15:54:00,620,35.143,35.13,35.13,35.14,35.13,12
2023-07-26 15:55:00,4422,35.1466,35.15,35.145,35.16,35.125,91
2023-07-26 15:56:00,1510,35.151,35.16,35.14,35.16,35.14,32
2023-07-26 15:58:00,4571,35.114,35.135,35.11,35.135,35.09,77
2023-07-26 15:59:00,5363,35.1056,35.1,35.15,35.15,35.08,70
2023-07-26 16:00:00,118,35.1703,35.17,35.17,35.17,35.17,6
2023-07-26 16:01:00,214,35.1698,35.17,35.17,35.17,35.17,12
2023-07-26 16:02:00,1637,35.152,35.165,35.145,35.165,35.145,39
2023-07-26 16:03:00,6812,35.1492,35.15,35.17,35.17,35.14,123
2023-07-26 16:04:00,2728,35.1548,35.16,35.14,35.16,35.14,61
2023-07-26 16:05:00,1004,35.1363,35.14,35.135,35.14,35.13,30
2023-07-26 16:06:00,1044,35.1115,35.12,35.1,35.12,35.1,31
2023-07-26 16:07:00,1605,35.0963,35.09,35.1,35.1,35.09,41
2023-07-26 16:08:00,6218,35.1066,35.1,35.115,35.12,35.1,94
2023-07-26 16:09:00,1743,35.1071,35.115,35.105,35.115,35.1,45
2023-07-26 16:10:00,196,35.1047,35.105,35.105,35.105,35.105,14
2023-07-26 16:11:00,4656,35.1074,35.105,35.105,35.11,35.105,92
2023-07-26 16:12:00,4441,35.102,35.105,35.105,35.11,35.1,139
2023-07-26 16:13:00,5313,35.1063,35.105,35.11,35.11,35.1,52
2023-07-26 16:14:00,5680,35.1114,35.1,35.13,35.13,35.1,83
2023-07-26 16:15:00,4326,35.1362,35.13,35.14,35.14,35.13,77
2023-07-26 16:16:00,19170,35.1521,35.13,35.15,35.175,35.13,81
2023-07-26 16:17:00,36918,35.147,35.15,35.13,35.165,35.13,351
2023-07-26 16:18:00,50793,35.1439,35.13,35.165,35.19,35.12,255
2023-07-26 16:19:00,17343,35.1634,35.16,35.135,35.21,35.13,125
2023-07-26 16:20:00,2124,35.1431,35.1475,35.13,35.155,35.13,55
2023-07-26 16:21:00,1803,35.118,35.13,35.105,35.13,35.105,44
2023-07-26 16:22:00,382,35.1232,35.11,35.11,35.11,35.11,9
2023-07-26 16:23:00,16410,35.1597,35.12,35.155,35.21,35.12,225
2023-07-26 16:24:00,1603,35.1415,35.1575,35.13,35.1575,35.13,32
2023-07-26 16:25:00,3145,35.1756,35.175,35.18,35.18,35.16,23
2023-07-26 16:27:00,537,35.1564,35.155,35.155,35.155,35.155,30
2023-07-26 16:28:00,1836,35.1425,35.16,35.12,35.16,35.12,57
2023-07-26 16:29:00,106255,35.1374,35.11,35.095,35.14,35.08,129
2023-07-26 16:30:00,1472,35.0789,35.08,35.07,35.08,35.06,37
2023-07-26 16:31:00,2049,35.0698,35.04,35.1,35.1,35.04,35
2023-07-26 16:32:00,1176,35.0899,35.09,35.075,35.09,35.075,34
2023-07-26 16:33:00,931,35.0633,35.08,35.04,35.08,35.04,18
2023-07-26 16:34:00,1016,35.0244,35.02,35.02,35.02,35.02,19
2023-07-26 16:35:00,187,35.0395,35.025,35.025,35.025,35.025,5
2023-07-26 16:36:00,1760,35.0172,35.02,35.005,35.02,35.005,40
2023-07-26 16:38:00,447,35.0054,35.0,35.0,35.0,35.0,21
2023-07-26 16:39:00,470,35.0041,34.99,35.01,35.01,34.99,15
2023-07-26 16:40:00,1375,35.027,35.02,35.05,35.05,35.02,23
2023-07-26 16:42:00,2144,35.0531,35.065,35.055,35.065,35.05,47
2023-07-26 16:43:00,115,35.0756,35.075,35.075,35.075,35.075,3
2023-07-26 16:44:00,389,35.0843,35.09,35.09,35.09,35.09,20
2023-07-26 16:45:00,1450,35.1041,35.12,35.09,35.12,35.09,49
2023-07-26 16:46:00,4503,35.0927,35.08,35.11,35.11,35.0797,39
2023-07-26 16:47:00,4018,35.1064,35.11,35.11,35.11,35.1,44
2023-07-26 16:48:00,3646,35.1127,35.11,35.13,35.13,35.11,45
2023-07-26 16:49:00,439,35.1417,35.14,35.15,35.15,35.14,18
2023-07-26 16:50:00,2278,35.1083,35.13,35.1,35.13,35.095,54
2023-07-26 16:51:00,722,35.0971,35.09,35.09,35.09,35.09,30
2023-07-26 16:54:00,6280,35.0982,35.08,35.08,35.12,35.08,115
2023-07-26 16:55:00,1892,35.0791,35.1,35.07,35.1,35.07,31
2023-07-26 16:56:00,640,35.073,35.07,35.07,35.07,35.07,18
2023-07-26 16:57:00,1029,35.0737,35.075,35.08,35.08,35.07,27
2023-07-26 16:58:00,739,35.0562,35.06,35.03,35.06,35.03,33
2023-07-26 16:59:00,1091,35.0501,35.05,35.0402,35.05,35.0402,23
2023-07-26 17:00:00,3484,35.0302,35.05,35.04,35.05,35.0,53
2023-07-26 17:01:00,1235,35.0315,35.04,35.04,35.04,35.02,23
2023-07-26 17:02:00,995,35.0559,35.03,35.06,35.06,35.03,15
2023-07-26 17:04:00,4931,35.0601,35.06,35.06,35.06,35.055,63
2023-07-26 17:05:00,1673,35.043,35.05,35.03,35.06,35.03,50
2023-07-26 17:07:00,732,35.0263,35.02,35.02,35.02,35.02,32
2023-07-26 17:08:00,1541,35.0156,35.01,35.01,35.02,35.01,25
2023-07-26 17:09:00,3013,35.0071,35.01,35.01,35.01,35.0,40
2023-07-26 17:10:00,2371,34.9959,35.005,34.98,35.005,34.98,51
2023-07-26 17:11:00,2714,34.9945,34.98,35.0,35.0,34.98,54
2023-07-26 17:12:00,1176,34.9962,35.0075,35.0,35.0075,34.99,46
2023-07-26 17:14:00,146,34.9828,34.98,34.98,34.98,34.98,6
2023-07-26 17:15:00,5650,35.0009,34.99,35.005,35.01,34.99,90
2023-07-26 17:16:00,3773,34.9851,34.99,34.98,35.02,34.97,68
2023-07-26 17:17:00,1060,34.9761,34.97,34.99,34.99,34.97,24
2023-07-26 17:18:00,1017,34.9961,34.99,35.0,35.0,34.99,31
2023-07-26 17:19:00,4006,35.0101,35.01,35.02,35.02,35.0,74
2023-07-26 17:20:00,1746,35.0106,35.02,35.01,35.02,35.0,36
2023-07-26 17:21:00,797,35.0048,35.02,35.0,35.02,35.0,16
2023-07-26 17:22:00,1933,35.005,35.0,35.0,35.01,35.0,40
2023-07-26 17:23:00,1084,34.9949,35.0,34.99,35.0,34.99,38
2023-07-26 17:24:00,1662,34.9931,34.98,35.01,35.015,34.98,30
2023-07-26 17:25:00,2528,35.0149,35.01,35.02,35.02,35.01,42
2023-07-26 17:26:00,3330,35.015,35.02,35.03,35.03,35.01,33
2023-07-26 17:27:00,6218,35.022,35.03,35.0,35.03,35.0,82
2023-07-26 17:28:00,1501,34.9988,35.0,35.0,35.0025,34.99,35
2023-07-26 17:30:00,1021,35.0039,35.0,35.02,35.02,34.99,23
2023-07-26 17:31:00,2059,35.0087,35.02,35.01,35.02,35.0,51
2023-07-26 17:32:00,4982,35.0191,35.01,35.03,35.03,35.01,60
2023-07-26 17:33:00,2982,35.0129,35.02,35.02,35.02,35.0,44
2023-07-26 17:34:00,2312,35.0391,35.0101,35.06,35.06,35.0101,48
2023-07-26 17:35:00,1724,35.0817,35.07,35.095,35.095,35.07,48
2023-07-26 17:36:00,740,35.07,35.07,35.07,35.07,35.07,29
2023-07-26 17:37:00,3716,35.0539,35.06,35.04,35.07,35.04,47
2023-07-26 17:38:00,1937,35.0356,35.04,35.03,35.04,35.03,44
2023-07-26 17:39:00,5003,35.0324,35.02,35.03,35.05,35.01,52
2023-07-26 17:40:00,1994,35.0423,35.06,35.02,35.06,35.02,42
2023-07-26 17:41:00,480,35.0138,35.02,35.02,35.02,35.02,19
2023-07-26 17:42:00,2649,35.0086,35.01,35.01,35.01,35.0,57
2023-07-26 17:43:00,1717,34.9797,35.0,34.97,35.0,34.96,37
2023-07-26 17:44:00,410,34.9654,34.96,34.96,34.96,34.96,12
2023-07-26 17:45:00,1596,34.9827,34.98,34.975,34.98,34.975,37
2023-07-26 17:46:00,963,34.9512,34.95,34.93,34.95,34.93,48
2023-07-26 17:47:00,1708,34.9288,34.93,34.93,34.93,34.93,35
2023-07-26 17:48:00,1961,34.946,34.94,34.97,34.97,34.94,32
2023-07-26 17:50:00,1619,34.9745,34.98,34.98,34.98,34.97,48
2023-07-26 17:51:00,2599,34.9637,34.96,34.97,34.97,34.95,52
2023-07-26 17:52:00,1505,34.9919,34.98,35.0,35.0,34.98,38
2023-07-26 17:53:00,3227,35.0031,35.0,35.02,35.02,35.0,55
2023-07-26 17:54:00,1607,35.0316,35.04,35.03,35.04,35.03,39
2023-07-26 17:55:00,960,35.0325,35.03,35.05,35.05,35.03,11
2023-07-26 17:56:00,1325,35.047,35.05,35.05,35.05,35.05,36
2023-07-26 17:57:00,849,35.0526,35.05,35.06,35.06,35.05,28
2023-07-26 17:58:00,2593,35.0675,35.06,35.08,35.08,35.06,59
2023-07-26 17:59:00,3168,35.0972,35.09,35.11,35.11,35.09,63
2023-07-26 18:00:00,3581,35.1143,35.1,35.13,35.13,35.09,79
2023-07-26 18:01:00,6175,35.1445,35.13,35.15,35.15,35.125,76
2023-07-26 18:02:00,2503,35.1476,35.17,35.15,35.17,35.14,40
2023-07-26 18:03:00,3774,35.1494,35.14,35.17,35.17,35.14,44
2023-07-26 18:04:00,476,35.1665,35.18,35.18,35.18,35.18,14
2023-07-26 18:05:00,1772,35.1552,35.18,35.15,35.18,35.15,46
2023-07-26 18:06:00,3540,35.1289,35.15,35.12,35.15,35.11,45
2023-07-26 18:07:00,10618,35.0663,35.11,35.05,35.1125,35.04,82
2023-07-26 18:08:00,4638,35.0062,35.03,34.98,35.03,34.98,65
2023-07-26 18:09:00,136284,34.9996,34.99,35.01,35.01,34.99,66
2023-07-26 18:10:00,5986,35.0321,35.03,35.02,35.06,35.01,75
2023-07-26 18:11:00,4460,35.047,35.03,35.04,35.06,35.02,50
2023-07-26 18:12:00,1793,35.0475,35.03,35.05,35.06,35.03,25
2023-07-26 18:13:00,338,35.0182,35.02,35.02,35.02,35.02,12
2023-07-26 18:14:00,234,34.9954,34.99,34.99,34.99,34.99,9
2023-07-26 18:15:00,5466,35.0107,34.99,35.04,35.04,34.99,82
2023-07-26 18:16:00,3044,35.031,35.04,35.02,35.05,35.0,57
2023-07-26 18:17:00,698,34.9966,35.02,34.99,35.02,34.99,12
2023-07-26 18:18:00,3559,34.999,34.99,35.01,35.015,34.99,62
2023-07-26 18:19:00,1166,35.0074,35.015,35.01,35.015,34.99,33
2023-07-26 18:21:00,2812,34.9901,34.98,35.0,35.0,34.97,48
2023-07-26 18:22:00,3193,35.0044,35.0,35.02,35.02,34.99,64
2023-07-26 18:23:00,1820,34.9932,35.0,34.985,35.0,34.98,39
2023-07-26 18:24:00,338,34.98,34.985,34.975,34.985,34.975,12
2023-07-26 18:25:00,2178,34.96,34.96,34.96,34.96,34.955,63
2023-07-26 18:26:00,5540,34.9429,34.97,34.9,35.0,34.9,79
2023-07-26 18:27:00,15286,34.9086,34.905,34.89,34.925,34.87,104
2023-07-26 18:28:00,69365,34.8567,34.9,34.87,34.91,34.85,207
2023-07-26 18:29:00,13526,34.824,34.86,34.845,34.88,34.78,189
2023-07-26 18:30:00,6367,34.8122,34.85,34.82,34.85,34.78,135
2023-07-26 18:31:00,5941,34.8462,34.84,34.865,34.865,34.83,104
2023-07-26 18:32:00,11372,34.8891,34.89,34.88,34.92,34.865,179
2023-07-26 18:33:00,4355,34.8611,34.86,34.85,34.86,34.85,100
2023-07-26 18:34:00,3451,34.8318,34.83,34.84,34.84,34.82,52
2023-07-26 18:35:00,2959,34.9029,34.845,34.93,34.93,34.845,70
2023-07-26 18:36:00,3909,34.9397,34.93,34.94,34.97,34.93,101
2023-07-26 18:37:00,8157,34.9272,34.93,34.97,34.97,34.91,135
2023-07-26 18:38:00,4365,34.9538,34.97,34.975,34.975,34.94,83
2023-07-26 18:39:00,7537,34.9926,34.96,35.04,35.08,34.94,144
2023-07-26 18:40:00,6735,35.0502,35.03,35.06,35.075,35.02,111
2023-07-26 18:41:00,4526,35.0691,35.07,35.1,35.1,35.05,91
2023-07-26 18:42:00,6525,35.0885,35.09,35.085,35.1,35.08,97
2023-07-26 18:43:00,7036,35.0712,35.09,35.07,35.09,35.06,105
2023-07-26 18:44:00,7517,35.096,35.08,35.11,35.12,35.08,100
2023-07-26 18:45:00,3226,35.0977,35.11,35.09,35.115,35.085,63
2023-07-26 18:46:00,18209,35.115,35.1,35.085,35.16,35.085,268
2023-07-26 18:47:00,3693,35.0833,35.08,35.09,35.095,35.07,60
2023-07-26 18:48:00,6108,35.0319,35.07,35.03,35.07,35.01,109
2023-07-26 18:49:00,4161,35.0369,35.04,35.03,35.055,35.025,89
2023-07-26 18:50:00,5487,35.0088,35.02,35.02,35.02,34.99,98
2023-07-26 18:51:00,5537,35.0355,35.03,35.03,35.05,35.03,127
2023-07-26 18:52:00,6397,35.0161,35.02,35.02,35.02,35.005,105
2023-07-26 18:53:00,4466,35.0312,35.025,35.04,35.045,35.01,84
2023-07-26 18:54:00,3767,35.0533,35.03,35.075,35.085,35.03,71
2023-07-26 18:55:00,3392,35.0609,35.06,35.075,35.075,35.05,73
2023-07-26 18:56:00,3791,35.0666,35.08,35.06,35.08,35.055,85
2023-07-26 18:57:00,4321,35.0485,35.055,35.04,35.055,35.04,103
2023-07-26 18:58:00,4400,35.0458,35.03,35.04,35.06,35.03,90
2023-07-26 18:59:00,2699,35.0289,35.02,35.025,35.04,35.015,75
2023-07-26 19:00:00,2112,35.0389,35.03,35.045,35.045,35.03,74
2023-07-26 19:01:00,4339,35.0409,35.045,35.045,35.045,35.035,100
2023-07-26 19:02:00,4056,35.0565,35.045,35.06,35.065,35.045,108
2023-07-26 19:03:00,5722,35.0731,35.06,35.1,35.1,35.055,124
2023-07-26 19:04:00,10758,35.1073,35.11,35.105,35.12,35.1,158
2023-07-26 19:05:00,5153,35.0967,35.105,35.1,35.11,35.085,110
2023-07-26 19:06:00,4354,35.0747,35.09,35.06,35.09,35.06,113
2023-07-26 19:07:00,9266,35.0432,35.05,35.01,35.06,35.01,169
2023-07-26 19:08:00,9733,34.9738,35.005,34.97,35.0075,34.93,189
2023-07-26 19:09:00,8582,34.9525,34.97,34.965,34.98,34.92,154
2023-07-26 19:10:00,4967,34.942,34.96,34.97,34.97,34.92,123
2023-07-26 19:11:00,3193,34.9809,34.965,34.99,34.99,34.965,66
2023-07-26 19:12:00,3058,34.9839,34.99,34.99,34.99,34.98,83
2023-07-26 19:13:00,6313,34.9804,34.99,34.97,34.99,34.97,134
2023-07-26 19:14:00,3480,34.9691,34.96,34.975,34.98,34.95,92
2023-07-26 19:15:00,4402,34.966,34.9775,34.96,34.98,34.96,111
2023-07-26 19:16:00,2499,34.9874,34.97,35.03,35.03,34.97,47
2023-07-26 19:17:00,2350,35.0397,35.03,35.05,35.05,35.03,60
2023-07-26 19:18:00,7528,35.0231,35.05,35.02,35.05,35.005,141
2023-07-26 19:19:00,5352,35.0228,35.03,35.045,35.05,35.01,103
2023-07-26 19:20:00,2353,35.0722,35.06,35.08,35.085,35.06,78
2023-07-26 19:21:00,3037,35.0977,35.08,35.11,35.11,35.08,67
2023-07-26 19:22:00,7146,35.0865,35.1,35.09,35.1,35.08,163
2023-07-26 19:23:00,4105,35.1028,35.09,35.1,35.12,35.085,86
2023-07-26 19:24:00,1227,35.1151,35.105,35.13,35.13,35.105,35
2023-07-26 19:25:00,6152,35.123,35.13,35.13,35.14,35.11,154
2023-07-26 19:26:00,1699,35.1272,35.12,35.135,35.135,35.12,65
2023-07-26 19:27:00,5783,35.1598,35.135,35.16,35.18,35.135,136
2023-07-26 19:28:00,1805,35.1571,35.16,35.16,35.16,35.15,50
2023-07-26 19:29:00,2701,35.1647,35.16,35.165,35.17,35.16,56
2023-07-26 19:30:00,6796,35.1371,35.165,35.115,35.165,35.11,141
2023-07-26 19:31:00,4432,35.1162,35.11,35.12,35.12,35.11,94
2023-07-26 19:32:00,3172,35.0877,35.11,35.08,35.11,35.075,98
2023-07-26 19:33:00,2996,35.0591,35.075,35.04,35.08,35.03,80
2023-07-26 19:34:00,2257,35.0294,35.04,35.025,35.04,35.02,70
2023-07-26 19:35:00,5666,35.0343,35.02,35.03,35.04,35.02,127
2023-07-26 19:36:00,3367,35.0286,35.03,35.015,35.04,35.01,75
2023-07-26 19:37:00,17892,35.0156,35.015,35.02,35.03,35.01,84
2023-07-26 19:38:00,8119,34.9992,35.01,35.015,35.015,34.98,139
2023-07-26 19:39:00,3545,34.9999,35.01,34.99,35.01,34.99,88
2023-07-26 19:40:00,8735,35.0237,34.99,35.065,35.065,34.98,134
2023-07-26 19:41:00,4129,35.0604,35.07,35.07,35.075,35.04,105
2023-07-26 19:42:00,3056,35.072,35.07,35.075,35.08,35.065,71
2023-07-26 19:43:00,3722,35.0691,35.07,35.075,35.075,35.065,83
2023-07-26 19:44:00,3399,35.0801,35.075,35.095,35.095,35.07,56
2023-07-26 19:45:00,7313,35.0953,35.09,35.105,35.105,35.085,119
2023-07-26 19:46:00,8579,35.1093,35.11,35.105,35.12,35.105,140
2023-07-26 19:47:00,8088,35.0997,35.1,35.1,35.105,35.09,168
2023-07-26 19:48:00,7768,35.1023,35.1,35.11,35.11,35.095,136
2023-07-26 19:49:00,7374,35.0979,35.105,35.08,35.105,35.08,130
2023-07-26 19:50:00,14334,35.0822,35.1,35.07,35.11,35.07,190
2023-07-26 19:51:00,26229,35.0282,35.07,35.055,35.07,35.005,272
2023-07-26 19:52:00,10585,35.0542,35.06,35.045,35.08,35.04,178
2023-07-26 19:53:00,16396,35.0459,35.04,35.065,35.065,35.04,196
2023-07-26 19:54:00,9808,35.0718,35.065,35.075,35.075,35.065,142
2023-07-26 19:55:00,13654,35.0905,35.08,35.1,35.1,35.075,156
2023-07-26 19:56:00,21703,35.104,35.1,35.115,35.12,35.095,271
2023-07-26 19:57:00,20536,35.1123,35.115,35.115,35.12,35.1,253
2023-07-26 19:58:00,15169,35.1237,35.12,35.125,35.13,35.115,207
2023-07-26 19:59:00,81503,35.1734,35.125,35.2,35.2,35.12,591
2023-07-26 20:00:00,1366,35.2,35.2,35.2,35.2,35.2,15
2023-07-26 20:32:00,530,34.966,35.0,35.0,35.0,35.0,3
2023-07-27 13:33:00,61647,35.3876,35.41,35.25,35.56,35.23,100
2023-07-27 13:34:00,5861,35.2886,35.25,35.27,35.33,35.25,47
2023-07-27 13:35:00,398,35.2804,35.28,35.26,35.28,35.26,13
2023-07-27 13:36:00,19657,35.0821,35.265,35.055,35.275,34.97,258
2023-07-27 13:37:00,3346,35.0585,35.045,35.045,35.09,35.045,42
2023-07-27 13:38:00,5410,35.2786,35.045,35.36,35.36,35.045,57
2023-07-27 13:39:00,5322,35.4008,35.37,35.47,35.47,35.3525,74
2023-07-27 13:40:00,2143,35.4936,35.47,35.5,35.51,35.47,72
2023-07-27 13:41:00,7574,35.4779,35.48,35.6,35.6,35.44,129
2023-07-27 13:42:00,1012,35.5935,35.585,35.615,35.615,35.585,18
2023-07-27 13:43:00,29845,35.6108,35.65,35.6,35.695,35.56,215
2023-07-27 13:44:00,6173,35.5437,35.6,35.54,35.64,35.48,90
2023-07-27 13:45:00,5833,35.4574,35.455,35.51,35.51,35.41,117
2023-07-27 13:46:00,4770,35.4952,35.5,35.39,35.53,35.36,111
2023-07-27 13:47:00,4534,35.4609,35.43,35.42,35.5,35.42,101
2023-07-27 13:48:00,2827,35.3774,35.41,35.32,35.41,35.32,45
2023-07-27 13:49:00,2732,35.3176,35.29,35.41,35.41,35.285,52
2023-07-27 13:50:00,1629,35.4202,35.41,35.41,35.425,35.41,28
2023-07-27 13:51:00,7737,35.4553,35.46,35.44,35.5,35.41,138
2023-07-27 13:52:00,826,35.4345,35.435,35.435,35.435,35.435,8
2023-07-27 13:53:00,1427,35.414,35.435,35.4,35.435,35.4,35
2023-07-27 13:54:00,3255,35.3664,35.38,35.36,35.38,35.36,37
2023-07-27 13:55:00,473,35.3355,35.35,35.33,35.35,35.33,25
2023-07-27 13:56:00,3689,35.3009,35.315,35.27,35.3325,35.26,61
2023-07-27 13:57:00,1804,35.2813,35.27,35.31,35.31,35.2421,42
2023-07-27 13:58:00,6725,35.2208,35.23,35.21,35.235,35.2,96
2023-07-27 13:59:00,6725,35.2489,35.21,35.31,35.31,35.21,91
2023-07-27 14:00:00,72447,35.3173,35.29,35.39,35.39,35.28,216
2023-07-27 14:01:00,67005,35.3985,35.39,35.34,35.4,35.32,59
2023-07-27 14:02:00,8592,35.259,35.29,35.275,35.31,35.23,109
2023-07-27 14:03:00,2820,35.231,35.26,35.22,35.26,35.21,56
2023-07-27 14:04:00,5222,35.1611,35.2,35.19,35.2,35.12,102
2023-07-27 14:05:00,3020,35.1975,35.19,35.19,35.23,35.19,50
2023-07-27 14:06:00,4775,35.1987,35.19,35.135,35.19,35.13,57
2023-07-27 14:07:00,6369,35.1713,35.125,35.23,35.23,35.125,81
2023-07-27 14:08:00,4688,35.211,35.21,35.2,35.255,35.19,80
2023-07-27 14:09:00,2356,35.2103,35.2,35.215,35.23,35.18,46
2023-07-27 14:10:00,511,35.2177,35.215,35.23,35.23,35.215,14
2023-07-27 14:11:00,3047,35.2346,35.23,35.26,35.26,35.21,52
2023-07-27 14:12:00,4811,35.2214,35.24,35.205,35.24,35.205,79
2023-07-27 14:13:00,4428,35.15,35.19,35.1,35.19,35.1,77
2023-07-27 14:14:00,4416,35.1204,35.1,35.13,35.14,35.1,86
2023-07-27 14:15:00,4003,35.1304,35.12,35.15,35.15,35.11,90
2023-07-27 14:16:00,2897,35.1487,35.14,35.16,35.16,35.13,57
2023-07-27 14:17:00,4247,35.1642,35.17,35.13,35.198,35.13,83
2023-07-27 14:18:00,5633,35.0938,35.13,35.09,35.13,35.07,106
2023-07-27 14:19:00,4606,35.0976,35.07,35.11,35.12,35.07,99
2023-07-27 14:20:00,17820,35.1558,35.1,35.22,35.22,35.09,127
2023-07-27 14:21:00,856,35.2076,35.22,35.2,35.22,35.2,20
2023-07-27 14:22:00,5432,35.2317,35.22,35.23,35.27,35.22,132
2023-07-27 14:23:00,1739,35.2337,35.21,35.275,35.275,35.21,43
2023-07-27 14:24:00,3051,35.2989,35.28,35.32,35.33,35.26,77
2023-07-27 14:25:00,2278,35.277,35.3,35.26,35.3,35.26,59
2023-07-27 14:26:00,3503,35.2759,35.27,35.28,35.28,35.265,29
2023-07-27 14:27:00,8868,35.2928,35.27,35.34,35.34,35.265,148
2023-07-27 14:28:00,2885,35.3278,35.32,35.33,35.33,35.32,59
2023-07-27 14:29:00,30357,35.3154,35.315,35.32,35.36,35.28,398
2023-07-27 14:30:00,21528,35.3085,35.305,35.38,35.38,35.27,225
2023-07-27 14:31:00,5251,35.3545,35.38,35.33,35.405,35.33,97
2023-07-27 14:32:00,4851,35.3553,35.33,35.36,35.39,35.33,66
2023-07-27 14:33:00,4486,35.3257,35.32,35.295,35.35,35.28,58
2023-07-27 14:34:00,5424,35.3114,35.29,35.3575,35.36,35.25,111
2023-07-27 14:35:00,1580,35.3241,35.34,35.355,35.355,35.34,17
2023-07-27 14:36:00,2828,35.3301,35.34,35.32,35.34,35.31,57
2023-07-27 14:37:00,3990,35.2946,35.33,35.27,35.33,35.26,80
2023-07-27 14:38:00,5784,35.277,35.27,35.245,35.3075,35.245,113
2023-07-27 14:39:00,1474,35.2684,35.27,35.26,35.27,35.245,16
2023-07-27 14:40:00,1429,35.2476,35.245,35.24,35.245,35.24,21
2023-07-27 14:41:00,3463,35.2137,35.24,35.16,35.24,35.16,69
2023-07-27 14:42:00,4364,35.1753,35.17,35.18,35.18,35.16,83
2023-07-27 14:43:00,2846,35.1459,35.155,35.12,35.16,35.12,56
2023-07-27 14:44:00,2889,35.1284,35.135,35.12,35.14,35.11,59
2023-07-27 14:45:00,1689,35.0991,35.13,35.08,35.13,35.08,32
2023-07-27 14:46:00,9326,35.1199,35.1,35.15,35.16,35.08,143
2023-07-27 14:47:00,4636,35.1523,35.14,35.19,35.19,35.12,72
2023-07-27 14:48:00,4318,35.1696,35.16,35.175,35.195,35.15,75
2023-07-27 14:49:00,3026,35.1625,35.16,35.18,35.18,35.14,54
2023-07-27 14:50:00,2369,35.2052,35.19,35.21,35.23,35.18,37
2023-07-27 14:51:00,1480,35.1871,35.19,35.17,35.21,35.17,39
2023-07-27 14:52:00,1649,35.1527,35.15,35.14,35.17,35.14,31
2023-07-27 14:53:00,4945,35.1374,35.13,35.15,35.15,35.11,104
2023-07-27 14:54:00,2063,35.1789,35.175,35.19,35.19,35.17,36
2023-07-27 14:55:00,878,35.2122,35.21,35.21,35.22,35.21,20
2023-07-27 14:56:00,2881,35.2034,35.2,35.22,35.22,35.185,52
2023-07-27 14:57:00,3656,35.2295,35.22,35.23,35.24,35.21,83
2023-07-27 14:58:00,1042,35.232,35.24,35.23,35.24,35.23,25
2023-07-27 14:59:00,6447,35.2115,35.22,35.26,35.26,35.19,111
2023-07-27 15:00:00,1531,35.2415,35.24,35.24,35.24,35.23,26
2023-07-27 15:01:00,1105,35.2418,35.25,35.24,35.25,35.24,24
2023-07-27 15:02:00,2120,35.2208,35.24,35.22,35.24,35.21,51
2023-07-27 15:03:00,3714,35.2229,35.21,35.235,35.24,35.195,55
2023-07-27 15:04:00,1872,35.2182,35.235,35.225,35.235,35.2,36
2023-07-27 15:05:00,1615,35.222,35.23,35.225,35.24,35.2,35
2023-07-27 15:06:00,3723,35.2062,35.21,35.21,35.21,35.19,50
2023-07-27 15:07:00,1521,35.201,35.19,35.2,35.21,35.18,32
2023-07-27 15:08:00,1470,35.1671,35.18,35.16,35.18,35.16,51
2023-07-27 15:09:00,2946,35.1554,35.13,35.14,35.17,35.13,31
2023-07-27 15:10:00,4250,35.1776,35.15,35.19,35.19,35.15,66
2023-07-27 15:11:00,1444,35.1693,35.18,35.155,35.18,35.155,28
2023-07-27 15:12:00,668,35.1559,35.14,35.13,35.14,35.13,19
2023-07-27 15:13:00,4571,35.1607,35.15,35.18,35.18,35.14,74
2023-07-27 15:14:00,1450,35.1893,35.18,35.19,35.2,35.18,32
2023-07-27 15:15:00,1507,35.202,35.2,35.21,35.21,35.195,37
2023-07-27 15:16:00,2152,35.1977,35.205,35.2,35.205,35.195,44
2023-07-27 15:17:00,3463,35.2073,35.19,35.2,35.22,35.19,76
2023-07-27 15:18:00,2182,35.2141,35.2,35.21,35.23,35.2,50
2023-07-27 15:19:00,1461,35.2116,35.21,35.22,35.22,35.21,32
2023-07-27 15:20:00,1025,35.2066,35.22,35.19,35.22,35.19,30
2023-07-27 15:21:00,1509,35.1853,35.18,35.175,35.19,35.175,30
2023-07-27 15:22:00,1892,35.1984,35.2,35.206,35.206,35.2,49
2023-07-27 15:23:00,857,35.209,35.23,35.2,35.23,35.2,24
2023-07-27 15:24:00,858,35.1953,35.2,35.18,35.2,35.18,23
2023-07-27 15:25:00,2041,35.1827,35.1803,35.17,35.2,35.17,43
2023-07-27 15:26:00,1180,35.1374,35.14,35.12,35.14,35.12,33
2023-07-27 15:27:00,9564,35.0857,35.1,35.06,35.12,35.06,97
2023-07-27 15:28:00,6099,35.0583,35.06,35.08,35.08,35.039,100
2023-07-27 15:29:00,3654,35.0989,35.1,35.09,35.1,35.08,61
2023-07-27 15:30:00,930,35.0995,35.095,35.1,35.11,35.08,19
2023-07-27 15:31:00,1236,35.0985,35.1,35.1,35.11,35.095,19
2023-07-27 15:32:00,3462,35.074,35.095,35.06,35.095,35.06,72
2023-07-27 15:33:00,2456,35.0506,35.06,35.05,35.06,35.03,43
2023-07-27 15:34:00,1945,35.0625,35.06,35.065,35.07,35.06,45
2023-07-27 15:35:00,1601,35.0789,35.08,35.08,35.09,35.07,32
2023-07-27 15:36:00,2352,35.0675,35.08,35.07,35.08,35.06,49
2023-07-27 15:37:00,1653,35.0774,35.07,35.075,35.08,35.07,32
2023-07-27 15:38:00,1829,35.0655,35.07,35.07,35.07,35.06,38
2023-07-27 15:39:00,3786,35.0763,35.07,35.11,35.11,35.06,62
2023-07-27 15:40:00,1077,35.0849,35.08,35.1,35.1,35.08,22
2023-07-27 15:41:00,1087,35.0868,35.09,35.09,35.1,35.08,30
2023-07-27 15:42:00,3861,35.0679,35.07,35.07,35.08,35.055,76
2023-07-27 15:43:00,1037,35.0729,35.07,35.07,35.07,35.07,22
2023-07-27 15:44:00,3977,35.0678,35.07,35.07,35.0778,35.06,84
2023-07-27 15:45:00,2405,35.082,35.08,35.08,35.09,35.08,57
2023-07-27 15:46:00,2112,35.0829,35.09,35.08,35.09,35.08,35
2023-07-27 15:47:00,591,35.08,35.08,35.07,35.09,35.07,17
2023-07-27 15:48:00,1840,35.0746,35.08,35.07,35.08,35.065,41
2023-07-27 15:49:00,2265,35.0682,35.07,35.065,35.07,35.06,58
2023-07-27 15:50:00,3749,35.0592,35.065,35.06,35.07,35.05,61
2023-07-27 15:51:00,5810,35.0744,35.06,35.1,35.1,35.05,94
2023-07-27 15:52:00,2118,35.1267,35.1,35.12,35.15,35.1,35
2023-07-27 15:53:00,2214,35.1129,35.12,35.11,35.12,35.11,42
2023-07-27 15:54:00,3454,35.1066,35.12,35.105,35.12,35.1,73
2023-07-27 15:55:00,1801,35.1207,35.11,35.13,35.13,35.11,41
2023-07-27 15:56:00,1137,35.1269,35.13,35.13,35.13,35.12,33
2023-07-27 15:57:00,2391,35.1061,35.11,35.09,35.12,35.09,64
2023-07-27 15:58:00,1192,35.1048,35.1,35.095,35.1,35.095,22
2023-07-27 15:59:00,2973,35.1121,35.1,35.125,35.125,35.09,59
2023-07-27 16:00:00,1668,35.1378,35.13,35.14,35.14,35.13,37
2023-07-27 16:01:00,974,35.1224,35.13,35.115,35.13,35.115,21
2023-07-27 16:02:00,1905,35.1202,35.115,35.12,35.13,35.11,44
2023-07-27 16:03:00,2602,35.1303,35.12,35.13,35.14,35.12,44
2023-07-27 16:04:00,1657,35.1243,35.12,35.125,35.125,35.12,23
2023-07-27 16:05:00,1752,35.1356,35.125,35.135,35.14,35.125,54
2023-07-27 16:06:00,1311,35.128,35.135,35.12,35.14,35.12,27
2023-07-27 16:07:00,4523,35.1363,35.12,35.14,35.16,35.12,80
2023-07-27 16:08:00,971,35.1474,35.16,35.17,35.17,35.16,16
2023-07-27 16:09:00,1170,35.1646,35.17,35.165,35.18,35.165,33
2023-07-27 16:10:00,3892,35.1755,35.17,35.19,35.19,35.165,76
2023-07-27 16:11:00,951,35.1747,35.17,35.18,35.18,35.17,28
2023-07-27 16:12:00,1391,35.1597,35.17,35.15,35.17,35.15,33
2023-07-27 16:13:00,3300,35.1643,35.15,35.16,35.18,35.15,73
2023-07-27 16:14:00,553,35.161,35.155,35.15,35.17,35.15,11
2023-07-27 16:15:00,1704,35.1798,35.17,35.18,35.19,35.17,34
2023-07-27 16:16:00,1670,35.1731,35.18,35.175,35.18,35.17,36
2023-07-27 16:17:00,1703,35.1656,35.18,35.16,35.19,35.15,20
2023-07-27 16:18:00,2334,35.1896,35.19,35.19,35.2,35.19,48
2023-07-27 16:19:00,453,35.1869,35.19,35.19,35.19,35.19,19
2023-07-27 16:20:00,1371,35.1696,35.18,35.15,35.18,35.15,38
2023-07-27 16:21:00,1623,35.1534,35.15,35.14,35.155,35.14,21
2023-07-27 16:22:00,1055,35.1496,35.155,35.155,35.155,35.14,15
2023-07-27 16:23:00,1438,35.1541,35.155,35.14,35.155,35.14,30
2023-07-27 16:24:00,3342,35.1702,35.155,35.18,35.18,35.14,51
2023-07-27 16:25:00,778,35.1882,35.18,35.19,35.19,35.18,23
2023-07-27 16:26:00,793,35.184,35.19,35.1701,35.19,35.1701,30
2023-07-27 16:27:00,1326,35.1835,35.19,35.185,35.19,35.18,23
2023-07-27 16:28:00,1028,35.1724,35.17,35.17,35.1775,35.17,17
2023-07-27 16:29:00,3832,35.18,35.175,35.19,35.19,35.17,60
2023-07-27 16:30:00,1413,35.2073,35.19,35.25,35.25,35.19,28
2023-07-27 16:31:00,1110,35.2543,35.26,35.25,35.26,35.25,16
2023-07-27 16:32:00,428,35.2528,35.255,35.255,35.255,35.255,9
2023-07-27 16:33:00,1259,35.2288,35.255,35.255,35.26,35.255,14
2023-07-27 16:34:00,2124,35.2443,35.255,35.24,35.255,35.23,64
2023-07-27 16:35:00,3783,35.2559,35.24,35.27,35.27,35.24,82
2023-07-27 16:36:00,653,35.2897,35.29,35.285,35.3,35.285,11
2023-07-27 16:37:00,560,35.2841,35.285,35.285,35.285,35.285,7
2023-07-27 16:38:00,2812,35.2631,35.285,35.26,35.29,35.23,53
2023-07-27 16:39:00,1873,35.2397,35.25,35.24,35.25,35.23,35
2023-07-27 16:40:00,6505,35.28,35.25,35.28,35.31,35.24,98
2023-07-27 16:41:00,672,35.2802,35.267,35.28,35.28,35.267,13
2023-07-27 16:42:00,8266,35.3043,35.28,35.29,35.33,35.27,128
2023-07-27 16:43:00,3781,35.2917,35.31,35.29,35.31,35.27,60
2023-07-27 16:44:00,36188,35.296,35.29,35.27,35.3,35.26,78
2023-07-27 16:45:00,6351,35.293,35.27,35.32,35.325,35.25,126
2023-07-27 16:46:00,20952,35.3342,35.33,35.335,35.345,35.32,54
2023-07-27 16:47:00,1819,35.3562,35.335,35.38,35.38,35.335,25
2023-07-27 16:48:00,3592,35.374,35.365,35.4,35.4,35.36,66
2023-07-27 16:49:00,1874,35.3738,35.4,35.39,35.4,35.39,36
2023-07-27 16:50:00,2980,35.3739,35.395,35.36,35.395,35.36,48
2023-07-27 16:51:00,1897,35.3324,35.35,35.29,35.35,35.29,32
2023-07-27 16:52:00,1089,35.2926,35.29,35.285,35.29,35.285,19
2023-07-27 16:53:00,2692,35.2724,35.27,35.27,35.27,35.26,44
2023-07-27 16:54:00,518,35.2802,35.28,35.28,35.28,35.28,27
2023-07-27 16:55:00,652,35.2593,35.27,35.25,35.27,35.25,19
2023-07-27 16:56:00,805,35.2374,35.24,35.23,35.24,35.23,25
2023-07-27 16:57:00,3879,35.2518,35.25,35.25,35.26,35.24,77
2023-07-27 16:58:00,1501,35.239,35.25,35.235,35.25,35.23,30
2023-07-27 16:59:00,1219,35.2277,35.235,35.235,35.235,35.22,18
2023-07-27 17:00:00,1174,35.2498,35.25,35.25,35.25,35.25,28
2023-07-27 17:01:00,894,35.2407,35.25,35.23,35.25,35.23,22
2023-07-27 17:02:00,1844,35.2092,35.24,35.195,35.25,35.195,40
2023-07-27 17:03:00,2344,35.2065,35.175,35.19,35.19,35.175,40
2023-07-27 17:04:00,755,35.1769,35.18,35.18,35.18,35.17,24
2023-07-27 17:05:00,2628,35.1696,35.175,35.13,35.18,35.13,62
2023-07-27 17:06:00,1020,35.142,35.14,35.13,35.15,35.13,21
2023-07-27 17:07:00,1183,35.116,35.13,35.11,35.13,35.1,31
2023-07-27 17:08:00,10403,35.0963,35.1,35.11,35.12,35.07,100
2023-07-27 17:09:00,1235,35.1156,35.115,35.12,35.12,35.105,36
2023-07-27 17:10:00,1019,35.125,35.13,35.115,35.13,35.115,27
2023-07-27 17:11:00,580,35.1498,35.15,35.15,35.15,35.15,20
2023-07-27 17:12:00,1595,35.1291,35.15,35.11,35.15,35.11,49
2023-07-27 17:13:00,1034,35.1102,35.1,35.1,35.12,35.09,22
2023-07-27 17:14:00,1449,35.118,35.1,35.115,35.13,35.1,23
2023-07-27 17:15:00,1537,35.1053,35.13,35.11,35.13,35.1,29
2023-07-27 17:16:00,1865,35.0934,35.1,35.095,35.105,35.09,36
2023-07-27 17:17:00,4244,35.0722,35.08,35.08,35.1,35.06,77
2023-07-27 17:18:00,1248,35.0982,35.09,35.105,35.105,35.09,35
2023-07-27 17:19:00,2147,35.1183,35.12,35.11,35.13,35.105,35
2023-07-27 17:20:00,3718,35.0624,35.1,35.05,35.1,35.03,71
2023-07-27 17:21:00,709,35.0623,35.07,35.07,35.07,35.07,19
2023-07-27 17:22:00,5200,35.093,35.08,35.11,35.12,35.07,110
2023-07-27 17:23:00,340,35.1002,35.1,35.1,35.1,35.1,10
2023-07-27 17:24:00,1234,35.1013,35.12,35.1,35.12,35.1,18
2023-07-27 17:25:00,2182,35.0933,35.1,35.1,35.105,35.08,39
2023-07-27 17:26:00,1686,35.086,35.09,35.08,35.09,35.08,31
2023-07-27 17:27:00,376,35.0796,35.08,35.085,35.085,35.07,7
2023-07-27 17:28:00,2763,35.0854,35.08,35.08,35.09,35.08,69
2023-07-27 17:29:00,879,35.0808,35.085,35.07,35.085,35.07,16
2023-07-27 17:30:00,1105,35.0719,35.08,35.065,35.08,35.065,21
2023-07-27 17:31:00,733,35.058,35.06,35.055,35.07,35.055,12
2023-07-27 17:32:00,1262,35.0614,35.07,35.055,35.07,35.055,32
2023-07-27 17:33:00,2630,35.0775,35.07,35.09,35.09,35.07,63
2023-07-27 17:34:00,2128,35.0805,35.08,35.07,35.09,35.07,40
2023-07-27 17:35:00,1730,35.0691,35.07,35.05,35.08,35.05,37
2023-07-27 17:36:00,2935,35.0587,35.05,35.05,35.07,35.04,46
2023-07-27 17:37:00,3071,35.0582,35.05,35.06,35.07,35.05,60
2023-07-27 17:38:00,1250,35.0179,35.04,35.01,35.04,35.01,20
2023-07-27 17:39:00,1435,35.0228,35.03,35.01,35.03,35.01,28
2023-07-27 17:40:00,2261,35.0167,35.0,35.02,35.02,35.0,51
2023-07-27 17:41:00,975,35.0377,35.02,35.02,35.02,35.02,9
2023-07-27 17:42:00,1932,35.0152,35.02,35.02,35.025,35.01,40
2023-07-27 17:43:00,286,35.003,35.0,35.0,35.0,35.0,7
2023-07-27 17:44:00,15746,35.0128,35.0,35.04,35.04,35.0,195
2023-07-27 17:45:00,4524,35.0499,35.05,35.05,35.06,35.03,86
2023-07-27 17:46:00,457,35.0434,35.05,35.05,35.05,35.05,12
2023-07-27 17:47:00,1683,35.0611,35.06,35.06,35.07,35.06,32
2023-07-27 17:48:00,2105,35.0742,35.06,35.1,35.1,35.06,46
2023-07-27 17:49:00,1171,35.0823,35.09,35.08,35.09,35.08,29
2023-07-27 17:50:00,1956,35.0692,35.07,35.08,35.08,35.065,45
2023-07-27 17:51:00,2505,35.0619,35.06,35.07,35.07,35.05,40
2023-07-27 17:52:00,1222,35.062,35.06,35.06,35.07,35.06,24
2023-07-27 17:53:00,993,35.0533,35.06,35.05,35.06,35.05,19
2023-07-27 17:54:00,2303,35.0473,35.04,35.05,35.05,35.04,45
2023-07-27 17:55:00,2018,35.0593,35.06,35.06,35.06,35.055,32
2023-07-27 17:56:00,389,35.0602,35.06,35.06,35.06,35.06,7
2023-07-27 17:57:00,575,35.0502,35.05,35.05,35.05,35.05,28
2023-07-27 17:58:00,2362,35.0582,35.04,35.06,35.07,35.04,50
2023-07-27 17:59:00,879,35.0576,35.06,35.055,35.06,35.055,26
2023-07-27 18:00:00,2239,35.0419,35.055,35.03,35.055,35.03,46
2023-07-27 18:01:00,3369,35.0204,35.03,35.03,35.03,35.01,68
2023-07-27 18:02:00,1324,35.029,35.025,35.035,35.035,35.02,28
2023-07-27 18:03:00,1346,35.0438,35.04,35.06,35.06,35.035,42
2023-07-27 18:04:00,1581,35.0629,35.07,35.05,35.08,35.05,30
2023-07-27 18:05:00,192,35.0451,35.045,35.045,35.045,35.045,11
2023-07-27 18:06:00,1660,35.023,35.03,35.02,35.03,35.01,32
2023-07-27 18:07:00,4989,35.0079,35.02,35.01,35.02,35.0,71
2023-07-27 18:08:00,543,35.0105,35.01,35.01,35.01,35.01,14
2023-07-27 18:09:00,9064,35.0088,35.02,35.03,35.03,35.0,116
2023-07-27 18:10:00,1434,35.0234,35.025,35.015,35.04,35.01,25
2023-07-27 18:11:00,5355,35.0159,35.01,35.02,35.02,35.01,82
2023-07-27 18:12:00,12571,34.9989,35.01,34.96,35.02,34.95,169
2023-07-27 18:13:00,831,34.9546,34.955,34.955,34.955,34.955,24
2023-07-27 18:14:00,1653,34.9573,34.95,34.96,34.97,34.9475,41
2023-07-27 18:15:00,5007,34.9777,34.955,34.99,34.99,34.955,73
2023-07-27 18:16:00,4086,34.9866,34.98,34.985,34.99,34.98,71
2023-07-27 18:17:00,147,34.9741,34.97,34.97,34.97,34.97,6
2023-07-27 18:18:00,2147,34.9759,34.975,34.98,34.98,34.97,33
2023-07-27 18:19:00,1836,34.9928,34.98,35.005,35.01,34.98,49
2023-07-27 18:20:00,1535,35.0005,35.02,34.99,35.02,34.99,34
2023-07-27 18:21:00,2103,35.0069,35.0,35.01,35.01,35.0,45
2023-07-27 18:22:00,2922,35.0024,35.01,35.01,35.01,35.0,59
2023-07-27 18:23:00,480,35.0082,35.01,35.01,35.01,35.01,20
2023-07-27 18:24:00,1657,34.9948,35.01,34.99,35.01,34.99,45
2023-07-27 18:25:00,2418,34.9349,34.95,34.93,34.96,34.92,52
2023-07-27 18:26:00,1914,34.9266,34.925,34.895,34.925,34.895,38
2023-07-27 18:27:00,26325,34.8553,34.87,34.86,34.87,34.84,40
2023-07-27 18:28:00,7520,34.8692,34.87,34.88,34.88,34.85,133
2023-07-27 18:29:00,7722,34.8303,34.87,34.825,34.87,34.81,115
2023-07-27 18:30:00,2028,34.8332,34.82,34.84,34.84,34.82,58
2023-07-27 18:31:00,2447,34.8575,34.865,34.865,34.865,34.84,48
2023-07-27 18:32:00,1460,34.8501,34.865,34.84,34.865,34.84,32
2023-07-27 18:33:00,442,34.8458,34.84,34.84,34.84,34.84,15
2023-07-27 18:34:00,2223,34.8491,34.84,34.865,34.87,34.83,58
2023-07-27 18:35:00,1035,34.8649,34.865,34.865,34.875,34.865,22
2023-07-27 18:36:00,2635,34.8355,34.865,34.825,34.865,34.82,49
2023-07-27 18:37:00,4369,34.8101,34.825,34.81,34.825,34.79,58
2023-07-27 18:38:00,1443,34.8153,34.82,34.815,34.82,34.8,35
2023-07-27 18:39:00,549,34.8082,34.805,34.805,34.805,34.805,24
2023-07-27 18:40:00,727,34.8062,34.81,34.805,34.81,34.8,20
2023-07-27 18:41:00,1031,34.8161,34.81,34.82,34.82,34.81,33
2023-07-27 18:42:00,2119,34.8241,34.82,34.82,34.82,34.82,27
2023-07-27 18:43:00,2062,34.8061,34.815,34.805,34.815,34.8,43
2023-07-27 18:44:00,34019,34.8175,34.81,34.81,34.835,34.8,60
2023-07-27 18:45:00,8493,34.765,34.81,34.77,34.81,34.75,99
2023-07-27 18:46:00,1905,34.7745,34.77,34.77,34.77,34.77,44
2023-07-27 18:47:00,4917,34.7852,34.79,34.785,34.8,34.78,117
2023-07-27 18:48:00,4465,34.8232,34.8,34.815,34.85,34.8,101
2023-07-27 18:49:00,1401,34.8212,34.815,34.815,34.83,34.815,39
2023-07-27 18:50:00,423,34.8062,34.82,34.8,34.82,34.8,13
2023-07-27 18:51:00,3373,34.7953,34.795,34.8,34.8,34.785,67
2023-07-27 18:52:00,1267,34.7958,34.8,34.79,34.8,34.79,16
2023-07-27 18:53:00,1922,34.7987,34.8,34.8,34.81,34.79,48
2023-07-27 18:54:00,1365,34.7969,34.795,34.7902,34.8,34.7902,26
2023-07-27 18:55:00,2208,34.7875,34.795,34.7925,34.795,34.78,55
2023-07-27 18:56:00,2005,34.792,34.79,34.8,34.8,34.78,28
2023-07-27 18:57:00,2753,34.8036,34.79,34.815,34.815,34.79,70
2023-07-27 18:58:00,2564,34.7921,34.8,34.78,34.815,34.78,57
2023-07-27 18:59:00,2056,34.7515,34.76,34.74,34.775,34.73,42
2023-07-27 19:00:00,1834,34.7477,34.73,34.75,34.75,34.73,54
2023-07-27 19:01:00,1036,34.7537,34.75,34.76,34.76,34.75,14
2023-07-27 19:02:00,2701,34.7757,34.76,34.775,34.79,34.76,57
2023-07-27 19:03:00,2260,34.7632,34.77,34.76,34.77,34.76,48
2023-07-27 19:04:00,4587,34.7569,34.76,34.76,34.77,34.75,62
2023-07-27 19:05:00,2331,34.7573,34.76,34.7625,34.765,34.75,33
2023-07-27 19:06:00,1531,34.7616,34.765,34.76,34.765,34.76,44
2023-07-27 19:07:00,2057,34.7577,34.76,34.76,34.76,34.75,39
2023-07-27 19:08:00,3063,34.7749,34.76,34.79,34.79,34.75,76
2023-07-27 19:09:00,1350,34.7998,34.79,34.81,34.81,34.79,41
2023-07-27 19:10:00,2174,34.8169,34.83,34.85,34.855,34.83,42
2023-07-27 19:11:00,1830,34.8368,34.86,34.83,34.86,34.83,44
2023-07-27 19:12:00,1532,34.8345,34.84,34.83,34.84,34.83,31
2023-07-27 19:13:00,1294,34.8403,34.84,34.845,34.845,34.825,38
2023-07-27 19:14:00,3023,34.8592,34.85,34.885,34.885,34.85,73
2023-07-27 19:15:00,3507,34.874,34.88,34.88,34.885,34.86,60
2023-07-27 19:16:00,5951,34.8903,34.885,34.89,34.9,34.88,110
2023-07-27 19:17:00,1724,34.8761,34.89,34.87,34.89,34.87,32
2023-07-27 19:18:00,1661,34.8623,34.87,34.855,34.87,34.845,39
2023-07-27 19:19:00,414,34.854,34.845,34.855,34.855,34.845,13
2023-07-27 19:20:00,2049,34.8532,34.85,34.845,34.86,34.84,54
2023-07-27 19:21:00,1551,34.8298,34.83,34.82,34.835,34.82,21
2023-07-27 19:22:00,2101,34.8213,34.811,34.8,34.82,34.8,46
2023-07-27 19:23:00,2814,34.8033,34.81,34.8,34.81,34.79,55
2023-07-27 19:24:00,3750,34.8077,34.81,34.795,34.81,34.795,56
2023-07-27 19:25:00,2900,34.8119,34.795,34.825,34.825,34.795,74
2023-07-27 19:26:00,2016,34.8144,34.825,34.81,34.825,34.81,35
2023-07-27 19:27:00,1675,34.8092,34.81,34.8,34.81,34.8,29
2023-07-27 19:28:00,4673,34.7994,34.81,34.8,34.81,34.79,80
2023-07-27 19:29:00,1108,34.8004,34.8,34.8,34.8,34.795,20
2023-07-27 19:30:00,6762,34.8061,34.795,34.795,34.81,34.795,98
2023-07-27 19:31:00,2265,34.8015,34.8,34.8,34.82,34.8,48
2023-07-27 19:32:00,4206,34.8302,34.81,34.84,34.84,34.81,92
2023-07-27 19:33:00,78691,34.8096,34.83,34.79,34.84,34.78,183
2023-07-27 19:34:00,9016,34.7922,34.79,34.8,34.805,34.78,120
2023-07-27 19:35:00,8239,34.7878,34.8,34.75,34.8,34.75,136
2023-07-27 19:36:00,5569,34.7727,34.76,34.77,34.78,34.76,109
2023-07-27 19:37:00,17885,34.7813,34.785,34.77,34.785,34.77,155
2023-07-27 19:38:00,18500,34.7651,34.77,34.76,34.78,34.75,82
2023-07-27 19:39:00,4483,34.7453,34.74,34.75,34.75,34.73,71
2023-07-27 19:40:00,13994,34.7502,34.75,34.75,34.76,34.74,79
2023-07-27 19:41:00,1209,34.7463,34.75,34.74,34.75,34.74,29
2023-07-27 19:42:00,6434,34.7417,34.735,34.73,34.74,34.73,78
2023-07-27 19:43:00,14761,34.7221,34.72,34.7,34.73,34.7,66
2023-07-27 19:44:00,11606,34.7099,34.7111,34.7,34.715,34.7,44
2023-07-27 19:45:00,8162,34.7081,34.705,34.695,34.72,34.695,115
2023-07-27 19:46:00,2850,34.6862,34.69,34.685,34.69,34.68,46
2023-07-27 19:47:00,8277,34.6839,34.685,34.66,34.695,34.66,100
2023-07-27 19:48:00,8485,34.6484,34.66,34.635,34.66,34.63,124
2023-07-27 19:49:00,11170,34.6352,34.635,34.61,34.645,34.61,131
2023-07-27 19:50:00,16660,34.6104,34.62,34.63,34.63,34.595,214
2023-07-27 19:51:00,8009,34.657,34.64,34.65,34.67,34.64,119
2023-07-27 19:52:00,6705,34.6379,34.65,34.625,34.65,34.625,92
2023-07-27 19:53:00,6441,34.6266,34.63,34.605,34.64,34.605,99
2023-07-27 19:54:00,19840,34.621,34.61,34.635,34.645,34.605,225
2023-07-27 19:55:00,10656,34.6107,34.64,34.6,34.64,34.59,146
2023-07-27 19:56:00,24568,34.6228,34.6,34.655,34.66,34.595,260
2023-07-27 19:57:00,10043,34.6536,34.66,34.6575,34.66,34.65,132
2023-07-27 19:58:00,20879,34.6639,34.655,34.665,34.68,34.65,214
2023-07-27 19:59:00,56694,34.64,34.66,34.63,34.67,34.62,441
2023-07-27 20:00:00,1961,34.62,34.62,34.62,34.62,34.62,14
