t,v,vw,o,c,h,l,n
2023-05-01 08:00:00,450,19.2152,19.22,19.22,19.22,19.22,6
2023-05-01 13:00:00,100,18.08,18.08,18.08,18.08,18.08,1
2023-05-01 13:30:00,15546,17.805,17.88,17.59,17.88,17.59,87
2023-05-01 13:31:00,18173,17.4087,17.5,17.421,17.5,17.4,97
2023-05-01 13:32:00,1600,17.4228,17.44,17.4,17.47,17.4,40
2023-05-01 13:33:00,14202,17.4988,17.44,17.51,17.54,17.44,128
2023-05-01 13:34:00,2633,17.5269,17.53,17.555,17.555,17.51,46
2023-05-01 13:35:00,2631,17.5841,17.58,17.59,17.59,17.58,54
2023-05-01 13:36:00,1593,17.5848,17.59,17.5899,17.59,17.5899,15
2023-05-01 13:37:00,1928,17.5831,17.58,17.565,17.59,17.565,42
2023-05-01 13:38:00,21594,17.606,17.59,17.66,17.67,17.585,86
2023-05-01 13:39:00,4397,17.6306,17.67,17.62,17.67,17.59,85
2023-05-01 13:40:00,20958,17.6737,17.65,17.61,17.71,17.61,98
2023-05-01 13:41:00,1960,17.6557,17.63,17.65,17.69,17.63,44
2023-05-01 13:42:00,1093,17.6616,17.645,17.68,17.68,17.645,31
2023-05-01 13:43:00,763,17.6693,17.69,17.6677,17.69,17.665,17
2023-05-01 13:44:00,1342,17.6247,17.65,17.57,17.65,17.57,41
2023-05-01 13:45:00,1649,17.6048,17.61,17.61,17.61,17.61,36
2023-05-01 13:47:00,1160,17.5555,17.56,17.5381,17.56,17.5381,54
2023-05-01 13:48:00,1254,17.6055,17.59,17.58,17.63,17.58,41
2023-05-01 13:49:00,3759,17.4938,17.52,17.47,17.52,17.45,44
2023-05-01 13:50:00,543,17.4845,17.47,17.46,17.47,17.46,18
2023-05-01 13:51:00,693,17.4804,17.48,17.4693,17.48,17.4693,15
2023-05-01 13:52:00,730,17.5079,17.52,17.52,17.52,17.5,51
2023-05-01 13:53:00,604,17.5097,17.515,17.52,17.52,17.47,10
2023-05-01 13:55:00,543,17.4937,17.48,17.515,17.515,17.48,19
2023-05-01 13:56:00,179,17.5355,17.5443,17.5443,17.5443,17.5443,10
2023-05-01 13:57:00,470,17.52,17.52,17.53,17.53,17.52,12
2023-05-01 13:58:00,1237,17.5079,17.52,17.5,17.52,17.475,28
2023-05-01 14:00:00,5060,17.4495,17.47,17.42,17.47,17.41,130
2023-05-01 14:01:00,2767,17.3578,17.38,17.34,17.38,17.34,46
2023-05-01 14:02:00,1785,17.4058,17.37,17.43,17.45,17.365,38
2023-05-01 14:03:00,2518,17.4365,17.4,17.47,17.47,17.39,38
2023-05-01 14:04:00,1712,17.4544,17.4699,17.46,17.47,17.43,27
2023-05-01 14:05:00,370,17.4404,17.42,17.42,17.42,17.42,16
2023-05-01 14:06:00,1045,17.4391,17.42,17.45,17.4558,17.42,17
2023-05-01 14:07:00,1719,17.4302,17.45,17.42,17.45,17.42,43
2023-05-01 14:08:00,1300,17.4584,17.45,17.47,17.47,17.45,47
2023-05-01 14:09:00,8094,17.4472,17.4501,17.45,17.46,17.43,72
2023-05-01 14:10:00,2635,17.4788,17.47,17.495,17.5,17.47,93
2023-05-01 14:11:00,403,17.4925,17.5,17.5,17.5,17.5,12
2023-05-01 14:12:00,843,17.4807,17.48,17.49,17.49,17.48,16
2023-05-01 14:13:00,2048,17.496,17.49,17.495,17.51,17.48,38
2023-05-01 14:14:00,1229,17.4733,17.47,17.49,17.49,17.47,26
2023-05-01 14:15:00,2749,17.5656,17.51,17.63,17.63,17.51,77
2023-05-01 14:16:00,983,17.6687,17.675,17.705,17.705,17.675,11
2023-05-01 14:17:00,1854,17.732,17.69,17.78,17.78,17.68,47
2023-05-01 14:18:00,320,17.7222,17.77,17.77,17.77,17.77,8
2023-05-01 14:19:00,3557,17.7263,17.75,17.68,17.75,17.68,69
2023-05-01 14:20:00,1095,17.6591,17.69,17.64,17.69,17.64,26
2023-05-01 14:21:00,2222,17.5774,17.63,17.53,17.63,17.52,25
2023-05-01 14:22:00,159,17.5296,17.53,17.53,17.53,17.53,4
2023-05-01 14:23:00,668,17.5243,17.5,17.53,17.53,17.5,6
2023-05-01 14:24:00,3929,17.4864,17.51,17.51,17.51,17.46,98
2023-05-01 14:25:00,1533,17.5674,17.5747,17.545,17.5747,17.545,10
2023-05-01 14:26:00,1249,17.5486,17.53,17.57,17.57,17.52,20
2023-05-01 14:27:00,1548,17.5573,17.54,17.5682,17.5682,17.54,16
2023-05-01 14:28:00,1333,17.5089,17.52,17.5,17.52,17.49,26
2023-05-01 14:29:00,1001,17.4542,17.45,17.44,17.45,17.43,25
2023-05-01 14:30:00,2723,17.4132,17.43,17.41,17.43,17.4,35
2023-05-01 14:31:00,17094,17.365,17.41,17.29,17.41,17.28,115
2023-05-01 14:32:00,1786,17.3181,17.295,17.32,17.33,17.295,51
2023-05-01 14:33:00,3119,17.3187,17.3415,17.33,17.3415,17.3,47
2023-05-01 14:34:00,1239,17.3545,17.35,17.34,17.38,17.34,29
2023-05-01 14:35:00,2131,17.3422,17.34,17.34,17.34,17.34,5
2023-05-01 14:36:00,1564,17.3761,17.37,17.395,17.395,17.37,41
2023-05-01 14:37:00,1460,17.4157,17.439,17.42,17.439,17.41,32
2023-05-01 14:38:00,2802,17.3961,17.4,17.38,17.415,17.38,48
2023-05-01 14:40:00,1357,17.4006,17.415,17.4138,17.415,17.39,32
2023-05-01 14:41:00,2085,17.3794,17.3811,17.37,17.3811,17.37,22
2023-05-01 14:42:00,499,17.3509,17.34,17.34,17.34,17.34,13
2023-05-01 14:43:00,3759,17.4113,17.37,17.415,17.44,17.36,50
2023-05-01 14:45:00,2592,17.3728,17.35,17.35,17.42,17.35,12
2023-05-01 14:46:00,2894,17.4185,17.4,17.425,17.44,17.4,65
2023-05-01 14:47:00,2316,17.4663,17.44,17.5391,17.5391,17.44,57
2023-05-01 14:48:00,8584,17.5218,17.545,17.5,17.545,17.5,68
2023-05-01 14:49:00,1630,17.5038,17.52,17.5,17.53,17.49,42
2023-05-01 14:50:00,593,17.4852,17.485,17.485,17.485,17.485,10
2023-05-01 14:51:00,2159,17.4618,17.47,17.43,17.47,17.43,42
2023-05-01 14:52:00,1471,17.449,17.44,17.445,17.45,17.43,31
2023-05-01 14:53:00,3335,17.427,17.43,17.44,17.445,17.41,56
2023-05-01 14:54:00,320,17.4112,17.41,17.41,17.41,17.41,11
2023-05-01 14:56:00,961,17.3747,17.38,17.37,17.38,17.37,39
2023-05-01 14:57:00,2408,17.4234,17.39,17.44,17.45,17.39,56
2023-05-01 14:58:00,488,17.44,17.44,17.455,17.455,17.44,12
2023-05-01 14:59:00,531,17.4448,17.455,17.455,17.455,17.455,14
2023-05-01 15:00:00,359,17.4694,17.47,17.47,17.47,17.47,11
2023-05-01 15:01:00,357,17.4726,17.475,17.475,17.475,17.475,6
2023-05-01 15:02:00,2498,17.4581,17.475,17.46,17.475,17.44,53
2023-05-01 15:03:00,121,17.4652,17.465,17.465,17.465,17.465,3
2023-05-01 15:04:00,2019,17.4244,17.44,17.405,17.465,17.405,48
2023-05-01 15:05:00,551,17.4152,17.395,17.42,17.42,17.395,33
2023-05-01 15:06:00,508,17.4142,17.41,17.41,17.41,17.41,14
2023-05-01 15:07:00,864,17.4175,17.4101,17.43,17.43,17.41,27
2023-05-01 15:08:00,500,17.42,17.42,17.42,17.42,17.42,2
2023-05-01 15:09:00,238,17.4249,17.415,17.415,17.415,17.415,7
2023-05-01 15:10:00,1302,17.3878,17.4,17.37,17.4,17.37,39
2023-05-01 15:12:00,2068,17.3489,17.36,17.35,17.36,17.3301,81
2023-05-01 15:13:00,1380,17.3325,17.35,17.33,17.35,17.33,34
2023-05-01 15:14:00,243,17.309,17.3,17.3,17.3,17.3,8
2023-05-01 15:15:00,1670,17.2672,17.29,17.23,17.29,17.23,53
2023-05-01 15:16:00,1298,17.2387,17.23,17.24,17.25,17.23,61
2023-05-01 15:17:00,578,17.2155,17.22,17.2278,17.2278,17.21,9
2023-05-01 15:18:00,1113,17.2306,17.22,17.24,17.24,17.22,44
2023-05-01 15:19:00,200,17.2475,17.245,17.25,17.25,17.245,2
2023-05-01 15:20:00,1152,17.2396,17.245,17.25,17.25,17.23,34
2023-05-01 15:21:00,778,17.2456,17.255,17.23,17.255,17.23,19
2023-05-01 15:22:00,1230,17.2165,17.23,17.2,17.23,17.2,34
2023-05-01 15:23:00,5521,17.2135,17.22,17.2,17.2299,17.2,81
2023-05-01 15:24:00,1696,17.1607,17.19,17.14,17.195,17.12,45
2023-05-01 15:25:00,5126,17.1146,17.135,17.105,17.135,17.1,88
2023-05-01 15:26:00,972,17.1056,17.09,17.11,17.11,17.09,30
2023-05-01 15:27:00,674,17.113,17.115,17.115,17.115,17.115,10
2023-05-01 15:28:00,677,17.129,17.13,17.13,17.13,17.13,26
2023-05-01 15:30:00,1091,17.1248,17.12,17.13,17.13,17.12,27
2023-05-01 15:31:00,7939,17.1555,17.15,17.165,17.165,17.14,94
2023-05-01 15:32:00,3993,17.1276,17.16,17.09,17.16,17.09,83
2023-05-01 15:34:00,598,17.0929,17.08,17.085,17.09,17.08,15
2023-05-01 15:35:00,485,17.0795,17.08,17.085,17.085,17.07,12
2023-05-01 15:36:00,483,17.085,17.0779,17.1,17.1,17.0779,14
2023-05-01 15:37:00,543,17.1098,17.0756,17.0756,17.0756,17.0756,6
2023-05-01 15:38:00,3649,17.0988,17.07,17.11,17.11,17.07,116
2023-05-01 15:39:00,3307,17.0647,17.1,17.05,17.1,17.01,88
2023-05-01 15:40:00,1015,17.0514,17.0499,17.06,17.06,17.0499,27
2023-05-01 15:43:00,1996,17.0361,17.045,17.04,17.045,17.03,50
2023-05-01 15:44:00,1392,17.0614,17.05,17.07,17.07,17.05,48
2023-05-01 15:45:00,1407,17.0882,17.08,17.1,17.1,17.08,35
2023-05-01 15:46:00,251,17.1121,17.105,17.105,17.105,17.105,5
2023-05-01 15:47:00,1011,17.0863,17.09,17.09,17.09,17.09,22
2023-05-01 15:48:00,1406,17.0874,17.09,17.09,17.09,17.08,41
2023-05-01 15:50:00,794,17.0957,17.095,17.09,17.095,17.09,18
2023-05-01 15:51:00,4170,17.0875,17.1,17.07,17.1,17.07,47
2023-05-01 15:52:00,1930,17.0899,17.06,17.11,17.11,17.06,58
2023-05-01 15:53:00,1081,17.1401,17.13,17.155,17.155,17.13,27
2023-05-01 15:54:00,1317,17.1576,17.15,17.1587,17.1587,17.15,22
2023-05-01 15:55:00,976,17.1539,17.165,17.175,17.175,17.1501,13
2023-05-01 15:56:00,364,17.1774,17.17,17.17,17.17,17.17,9
2023-05-01 15:57:00,1649,17.1911,17.18,17.2,17.2,17.18,26
2023-05-01 15:58:00,593,17.2041,17.21,17.21,17.21,17.21,18
2023-05-01 15:59:00,1528,17.1947,17.21,17.185,17.21,17.185,45
2023-05-01 16:00:00,1188,17.1817,17.18,17.19,17.19,17.18,22
2023-05-01 16:01:00,375,17.1934,17.19,17.195,17.195,17.19,7
2023-05-01 16:02:00,727,17.1947,17.195,17.195,17.195,17.195,6
2023-05-01 16:03:00,1905,17.219,17.195,17.23,17.24,17.195,87
2023-05-01 16:04:00,299,17.2327,17.24,17.2252,17.24,17.2252,6
2023-05-01 16:05:00,1219,17.2249,17.23,17.2399,17.2399,17.22,25
2023-05-01 16:06:00,1068,17.2147,17.22,17.22,17.22,17.21,18
2023-05-01 16:08:00,530,17.2235,17.22,17.23,17.23,17.22,12
2023-05-01 16:09:00,1095,17.2292,17.23,17.24,17.24,17.22,49
2023-05-01 16:10:00,817,17.2233,17.23,17.22,17.23,17.22,23
2023-05-01 16:11:00,943,17.2097,17.21,17.21,17.21,17.21,27
2023-05-01 16:12:00,2987,17.1915,17.2,17.19,17.2,17.18,64
2023-05-01 16:13:00,993,17.1842,17.19,17.18,17.19,17.18,17
2023-05-01 16:14:00,2164,17.1729,17.18,17.17,17.18,17.17,64
2023-05-01 16:15:00,1492,17.1871,17.18,17.19,17.19,17.18,60
2023-05-01 16:16:00,591,17.1807,17.18,17.18,17.18,17.18,14
2023-05-01 16:17:00,561,17.1739,17.175,17.18,17.18,17.17,14
2023-05-01 16:18:00,627,17.1719,17.17,17.17,17.17,17.17,14
2023-05-01 16:19:00,620,17.1792,17.18,17.18,17.18,17.18,23
2023-05-01 16:20:00,1700,17.1922,17.19,17.19,17.2,17.18,45
2023-05-01 16:21:00,689,17.1968,17.2,17.195,17.2,17.1943,16
2023-05-01 16:22:00,366,17.1923,17.2,17.19,17.2,17.19,11
2023-05-01 16:23:00,200,17.1908,17.195,17.195,17.195,17.195,4
2023-05-01 16:24:00,1460,17.2092,17.2,17.21,17.21,17.2,55
2023-05-01 16:25:00,1777,17.2049,17.2199,17.2,17.2199,17.2,31
2023-05-01 16:26:00,1639,17.2081,17.2,17.21,17.21,17.2,37
2023-05-01 16:27:00,940,17.2211,17.22,17.23,17.23,17.22,46
2023-05-01 16:28:00,659,17.2439,17.2468,17.24,17.2468,17.24,19
2023-05-01 16:29:00,1457,17.2363,17.24,17.2283,17.245,17.2283,33
2023-05-01 16:31:00,863,17.2448,17.24,17.26,17.26,17.24,33
2023-05-01 16:32:00,238,17.2474,17.26,17.26,17.26,17.26,4
2023-05-01 16:33:00,1064,17.2486,17.255,17.25,17.2611,17.24,29
2023-05-01 16:34:00,3578,17.1989,17.22,17.21,17.22,17.18,63
2023-05-01 16:35:00,222,17.2067,17.21,17.21,17.21,17.21,4
2023-05-01 16:36:00,701,17.2004,17.2,17.2,17.2,17.2,22
2023-05-01 16:37:00,113,17.1997,17.2,17.2,17.2,17.2,6
2023-05-01 16:38:00,338,17.2017,17.2,17.2,17.2,17.2,7
2023-05-01 16:39:00,862,17.2199,17.22,17.22,17.22,17.22,38
2023-05-01 16:40:00,2105,17.1922,17.21,17.19,17.21,17.1804,51
2023-05-01 16:41:00,134,17.19,17.19,17.19,17.19,17.19,4
2023-05-01 16:43:00,1167,17.2067,17.21,17.21,17.21,17.21,48
2023-05-01 16:44:00,689,17.2058,17.21,17.2,17.21,17.2,12
2023-05-01 16:45:00,787,17.2004,17.2,17.2,17.2,17.2,19
2023-05-01 16:46:00,318,17.1964,17.2,17.2,17.2,17.2,8
2023-05-01 16:47:00,632,17.1994,17.2,17.205,17.205,17.2,32
2023-05-01 16:48:00,1344,17.2111,17.2,17.22,17.22,17.2,49
2023-05-01 16:49:00,601,17.2349,17.2291,17.245,17.245,17.2291,15
2023-05-01 16:50:00,473,17.2534,17.245,17.26,17.26,17.245,12
2023-05-01 16:51:00,701,17.2358,17.24,17.24,17.24,17.24,13
2023-05-01 16:53:00,738,17.2466,17.25,17.25,17.255,17.25,26
2023-05-01 16:55:00,1296,17.262,17.27,17.26,17.27,17.26,32
2023-05-01 16:56:00,1785,17.2828,17.27,17.3099,17.3099,17.27,72
2023-05-01 16:57:00,363,17.2908,17.28,17.298,17.298,17.28,3
2023-05-01 16:58:00,354,17.2928,17.29,17.29,17.29,17.29,9
2023-05-01 16:59:00,1827,17.2869,17.29,17.28,17.295,17.28,27
2023-05-01 17:00:00,1316,17.2839,17.278,17.29,17.29,17.278,29
2023-05-01 17:01:00,1026,17.2959,17.29,17.3,17.3,17.29,38
2023-05-01 17:02:00,154,17.331,17.335,17.335,17.335,17.335,7
2023-05-01 17:03:00,3026,17.3036,17.335,17.28,17.3437,17.275,70
2023-05-01 17:04:00,131,17.2877,17.29,17.29,17.29,17.29,2
2023-05-01 17:05:00,660,17.2938,17.29,17.29,17.29,17.29,11
2023-05-01 17:06:00,576,17.3008,17.3,17.3,17.3,17.3,36
2023-05-01 17:08:00,239,17.3165,17.32,17.32,17.32,17.32,15
2023-05-01 17:09:00,855,17.3182,17.31,17.32,17.32,17.31,12
2023-05-01 17:10:00,1288,17.3058,17.31,17.3,17.31,17.3,46
2023-05-01 17:11:00,218,17.2993,17.3,17.3,17.3,17.3,11
2023-05-01 17:12:00,1033,17.3096,17.3099,17.3099,17.3099,17.3099,10
2023-05-01 17:13:00,942,17.303,17.29,17.3,17.3,17.29,28
2023-05-01 17:14:00,1061,17.2897,17.29,17.28,17.29,17.28,31
2023-05-01 17:15:00,390,17.293,17.29,17.3,17.3,17.29,15
2023-05-01 17:16:00,1995,17.2999,17.3,17.29,17.31,17.29,61
2023-05-01 17:17:00,969,17.2714,17.28,17.28,17.28,17.27,32
2023-05-01 17:18:00,637,17.2615,17.26,17.25,17.26,17.25,18
2023-05-01 17:19:00,3222,17.248,17.26,17.255,17.26,17.23,66
2023-05-01 17:21:00,205,17.2478,17.24,17.24,17.24,17.24,5
2023-05-01 17:22:00,2453,17.2523,17.27,17.2513,17.27,17.2513,17
2023-05-01 17:23:00,1402,17.2454,17.26,17.23,17.26,17.23,38
2023-05-01 17:25:00,1250,17.2139,17.22,17.205,17.22,17.2,34
2023-05-01 17:26:00,1447,17.2086,17.19,17.2,17.2,17.19,40
2023-05-01 17:27:00,701,17.1989,17.19,17.19,17.19,17.19,16
2023-05-01 17:28:00,6098,17.2091,17.195,17.215,17.215,17.195,93
2023-05-01 17:29:00,3189,17.2298,17.22,17.225,17.245,17.22,104
2023-05-01 17:30:00,354,17.219,17.22,17.22,17.22,17.22,7
2023-05-01 17:31:00,581,17.2085,17.21,17.21,17.21,17.21,26
2023-05-01 17:32:00,569,17.2023,17.2,17.2,17.2,17.2,17
2023-05-01 17:33:00,358,17.1997,17.19,17.209,17.209,17.19,12
2023-05-01 17:36:00,611,17.2041,17.21,17.2,17.21,17.2,19
2023-05-01 17:37:00,4088,17.2036,17.21,17.205,17.21,17.2,101
2023-05-01 17:38:00,217,17.2042,17.2,17.2,17.2,17.2,10
2023-05-01 17:39:00,927,17.2208,17.22,17.23,17.23,17.22,43
2023-05-01 17:40:00,780,17.21,17.21,17.22,17.22,17.21,14
2023-05-01 17:41:00,4320,17.2329,17.23,17.24,17.245,17.23,81
2023-05-01 17:42:00,1412,17.228,17.23,17.22,17.23,17.22,34
2023-05-01 17:43:00,317,17.2159,17.215,17.2129,17.215,17.2129,3
2023-05-01 17:44:00,525,17.2168,17.21,17.22,17.22,17.21,17
2023-05-01 17:46:00,1592,17.2022,17.21,17.19,17.21,17.19,58
2023-05-01 17:47:00,237,17.1906,17.19,17.19,17.19,17.19,8
2023-05-01 17:48:00,439,17.1886,17.19,17.19,17.19,17.19,18
2023-05-01 17:49:00,1445,17.1806,17.19,17.17,17.19,17.17,43
2023-05-01 17:50:00,292,17.1734,17.175,17.175,17.175,17.175,12
2023-05-01 17:51:00,3575,17.199,17.18,17.19,17.22,17.18,78
2023-05-01 17:52:00,1616,17.2208,17.22,17.23,17.23,17.22,37
2023-05-01 17:53:00,684,17.2239,17.225,17.225,17.225,17.225,14
2023-05-01 17:54:00,959,17.218,17.22,17.22,17.22,17.22,32
2023-05-01 17:55:00,423,17.2199,17.22,17.22,17.22,17.22,7
2023-05-01 17:56:00,2115,17.2529,17.23,17.28,17.28,17.23,60
2023-05-01 17:57:00,314,17.2766,17.275,17.275,17.275,17.275,5
2023-05-01 17:58:00,453,17.2758,17.29,17.29,17.29,17.29,14
2023-05-01 17:59:00,602,17.2859,17.29,17.29,17.29,17.28,34
2023-05-01 18:00:00,1095,17.2848,17.285,17.2801,17.2997,17.2801,16
2023-05-01 18:01:00,1481,17.3126,17.29,17.3274,17.3274,17.29,44
2023-05-01 18:02:00,918,17.3375,17.34,17.335,17.35,17.335,31
2023-05-01 18:03:00,2404,17.3235,17.335,17.31,17.34,17.31,67
2023-05-01 18:04:00,446,17.3113,17.32,17.305,17.32,17.305,18
2023-05-01 18:06:00,1518,17.2977,17.31,17.3,17.31,17.29,39
2023-05-01 18:07:00,572,17.3023,17.31,17.3,17.31,17.3,26
2023-05-01 18:08:00,533,17.3028,17.31,17.31,17.31,17.31,17
2023-05-01 18:10:00,987,17.3011,17.3,17.3,17.305,17.3,24
2023-05-01 18:11:00,411,17.3043,17.3,17.31,17.31,17.3,13
2023-05-01 18:12:00,1609,17.2827,17.29,17.27,17.31,17.27,43
2023-05-01 18:13:00,172,17.27,17.27,17.27,17.27,17.27,3
2023-05-01 18:14:00,740,17.2567,17.27,17.26,17.27,17.25,34
2023-05-01 18:15:00,609,17.2216,17.22,17.225,17.225,17.22,24
2023-05-01 18:16:00,576,17.222,17.22,17.22,17.22,17.215,25
2023-05-01 18:17:00,5924,17.1991,17.2,17.22,17.22,17.19,123
2023-05-01 18:18:00,756,17.2262,17.23,17.23,17.23,17.23,23
2023-05-01 18:20:00,354,17.2279,17.22,17.22,17.22,17.22,17
2023-05-01 18:21:00,3451,17.256,17.24,17.2564,17.275,17.24,85
2023-05-01 18:22:00,742,17.2796,17.27,17.29,17.29,17.27,39
2023-05-01 18:23:00,789,17.3169,17.32,17.32,17.32,17.32,21
2023-05-01 18:24:00,1250,17.3054,17.325,17.3,17.325,17.3,29
2023-05-01 18:25:00,858,17.3191,17.32,17.315,17.32,17.315,22
2023-05-01 18:26:00,1377,17.3163,17.33,17.3219,17.33,17.315,11
2023-05-01 18:27:00,1000,17.3075,17.32,17.29,17.32,17.29,33
2023-05-01 18:29:00,962,17.2621,17.27,17.255,17.27,17.255,20
2023-05-01 18:30:00,496,17.264,17.26,17.27,17.27,17.26,16
2023-05-01 18:31:00,427,17.26,17.26,17.26,17.26,17.26,14
2023-05-01 18:32:00,2060,17.2414,17.25,17.235,17.25,17.235,70
2023-05-01 18:33:00,1022,17.2366,17.235,17.2499,17.2499,17.235,15
2023-05-01 18:34:00,4730,17.2388,17.235,17.25,17.25,17.22,107
2023-05-01 18:35:00,903,17.2572,17.26,17.255,17.26,17.24,31
2023-05-01 18:36:00,553,17.255,17.255,17.255,17.255,17.255,10
2023-05-01 18:37:00,101,17.255,17.255,17.255,17.255,17.255,2
2023-05-01 18:39:00,2008,17.2689,17.27,17.285,17.285,17.2505,62
2023-05-01 18:40:00,701,17.2972,17.2999,17.2999,17.2999,17.2999,22
2023-05-01 18:41:00,613,17.3049,17.31,17.31,17.31,17.31,16
2023-05-01 18:42:00,1397,17.2836,17.3,17.29,17.3,17.29,42
2023-05-01 18:43:00,1949,17.286,17.28,17.285,17.29,17.28,42
2023-05-01 18:44:00,1121,17.2833,17.285,17.285,17.285,17.28,30
2023-05-01 18:45:00,957,17.2815,17.28,17.28,17.285,17.28,38
2023-05-01 18:46:00,750,17.2765,17.2769,17.275,17.2769,17.275,18
2023-05-01 18:47:00,3065,17.2631,17.27,17.275,17.275,17.245,87
2023-05-01 18:48:00,678,17.2775,17.28,17.28,17.28,17.28,29
2023-05-01 18:49:00,520,17.2769,17.28,17.285,17.285,17.28,23
2023-05-01 18:50:00,4111,17.2984,17.29,17.31,17.31,17.29,82
2023-05-01 18:51:00,2038,17.3032,17.31,17.3,17.31,17.3,40
2023-05-01 18:52:00,542,17.2983,17.3,17.3,17.3,17.3,17
2023-05-01 18:53:00,1811,17.3033,17.29,17.32,17.32,17.29,50
2023-05-01 18:54:00,804,17.3274,17.33,17.34,17.34,17.33,26
2023-05-01 18:57:00,956,17.3478,17.34,17.355,17.355,17.34,29
2023-05-01 18:58:00,133,17.3542,17.355,17.355,17.355,17.355,7
2023-05-01 18:59:00,2268,17.3659,17.355,17.3728,17.38,17.355,75
2023-05-01 19:00:00,3588,17.3919,17.39,17.3977,17.41,17.38,84
2023-05-01 19:01:00,1793,17.3757,17.385,17.37,17.3854,17.37,45
2023-05-01 19:02:00,2563,17.3563,17.36,17.36,17.36,17.335,66
2023-05-01 19:03:00,1455,17.3442,17.355,17.34,17.355,17.33,34
2023-05-01 19:04:00,234,17.3359,17.335,17.3369,17.3369,17.335,6
2023-05-01 19:05:00,824,17.3515,17.34,17.36,17.36,17.34,30
2023-05-01 19:06:00,1178,17.3383,17.35,17.33,17.35,17.33,43
2023-05-01 19:08:00,2244,17.3041,17.33,17.285,17.33,17.28,54
2023-05-01 19:09:00,1046,17.2895,17.28,17.2885,17.2885,17.28,31
2023-05-01 19:10:00,1741,17.2849,17.27,17.29,17.29,17.27,70
2023-05-01 19:11:00,1294,17.2633,17.28,17.24,17.28,17.24,39
2023-05-01 19:12:00,683,17.2609,17.245,17.26,17.26,17.245,24
2023-05-01 19:15:00,1069,17.2693,17.27,17.265,17.27,17.26,43
2023-05-01 19:16:00,2514,17.2632,17.26,17.26,17.27,17.255,66
2023-05-01 19:17:00,522,17.2603,17.255,17.26,17.26,17.255,16
2023-05-01 19:18:00,530,17.2625,17.27,17.26,17.27,17.26,12
2023-05-01 19:19:00,1315,17.2566,17.26,17.255,17.26,17.255,27
2023-05-01 19:20:00,1526,17.2618,17.255,17.27,17.27,17.25,47
2023-05-01 19:21:00,1534,17.2899,17.29,17.29,17.3,17.29,46
2023-05-01 19:22:00,1879,17.2954,17.3,17.3,17.3,17.3,53
2023-05-01 19:23:00,1026,17.2951,17.3,17.2901,17.31,17.2901,9
2023-05-01 19:24:00,1463,17.2856,17.29,17.28,17.29,17.28,59
2023-05-01 19:25:00,778,17.2794,17.28,17.28,17.28,17.28,23
2023-05-01 19:26:00,368,17.2796,17.2701,17.2701,17.2701,17.2701,15
2023-05-01 19:27:00,2974,17.2603,17.27,17.26,17.27,17.25,87
2023-05-01 19:28:00,1905,17.2666,17.26,17.27,17.27,17.26,53
2023-05-01 19:29:00,643,17.2824,17.28,17.28,17.28,17.28,28
2023-05-01 19:30:00,1563,17.2895,17.28,17.29,17.29,17.28,52
2023-05-01 19:31:00,1243,17.3206,17.32,17.32,17.32,17.3143,28
2023-05-01 19:32:00,5032,17.3089,17.31,17.32,17.32,17.29,108
2023-05-01 19:33:00,3360,17.3132,17.32,17.3029,17.32,17.3029,86
2023-05-01 19:34:00,3536,17.3168,17.3071,17.345,17.345,17.3071,76
2023-05-01 19:35:00,2511,17.3306,17.345,17.325,17.345,17.32,59
2023-05-01 19:36:00,1847,17.3372,17.33,17.34,17.345,17.33,46
2023-05-01 19:37:00,1852,17.3414,17.345,17.35,17.35,17.345,61
2023-05-01 19:38:00,3302,17.3529,17.36,17.365,17.365,17.3441,76
2023-05-01 19:39:00,2202,17.3513,17.365,17.34,17.365,17.34,57
2023-05-01 19:40:00,1294,17.3209,17.325,17.33,17.33,17.3,27
2023-05-01 19:41:00,3800,17.3201,17.32,17.32,17.33,17.31,91
2023-05-01 19:42:00,1819,17.3164,17.3,17.32,17.32,17.3,53
2023-05-01 19:44:00,3106,17.3263,17.32,17.34,17.34,17.32,83
2023-05-01 19:45:00,7068,17.3618,17.34,17.4,17.4,17.34,156
2023-05-01 19:47:00,3265,17.3897,17.39,17.41,17.42,17.39,75
2023-05-01 19:48:00,2201,17.4088,17.415,17.41,17.415,17.41,51
2023-05-01 19:49:00,1198,17.4085,17.42,17.4,17.42,17.4,33
2023-05-01 19:50:00,4611,17.4026,17.4,17.41,17.41,17.395,143
2023-05-01 19:51:00,6061,17.402,17.41,17.41,17.415,17.39,134
2023-05-01 19:52:00,4908,17.4224,17.42,17.42,17.43,17.415,91
2023-05-01 19:53:00,3113,17.4133,17.42,17.4,17.42,17.4,82
2023-05-01 19:54:00,7257,17.4124,17.39,17.43,17.43,17.39,170
2023-05-01 19:55:00,6634,17.4124,17.425,17.4,17.43,17.395,159
2023-05-01 19:56:00,5789,17.4054,17.395,17.41,17.43,17.395,142
2023-05-01 19:57:00,3480,17.404,17.4,17.4,17.41,17.4,93
2023-05-01 19:58:00,8172,17.4111,17.41,17.41,17.42,17.4,195
2023-05-01 19:59:00,18276,17.4095,17.42,17.4,17.42,17.4,317
2023-05-01 20:00:00,3011,17.4,17.4,17.4,17.4,17.4,8
2023-05-01 20:51:00,100,17.5,17.5,17.5,17.5,17.5,1
2023-05-02 08:01:00,123,17.93,17.93,17.93,17.93,17.93,2
2023-05-02 12:56:00,676,17.0277,17.06,17.0,17.06,17.0,12
2023-05-02 13:30:00,28612,17.1469,17.01,17.34,17.34,16.9,55
2023-05-02 13:31:00,527,17.1687,17.26,17.11,17.26,17.11,15
2023-05-02 13:32:00,7849,17.0139,17.03,17.05,17.08,16.97,85
2023-05-02 13:33:00,3329,17.116,17.03,17.1224,17.19,17.03,69
2023-05-02 13:34:00,910,17.0963,17.07,17.06,17.18,17.06,14
2023-05-02 13:35:00,2825,17.1648,17.14,17.145,17.22,17.13,35
2023-05-02 13:36:00,1424,17.0966,17.18,17.02,17.18,17.01,21
2023-05-02 13:37:00,446,17.0306,17.05,17.03,17.05,17.03,17
2023-05-02 13:38:00,3358,17.1124,17.06,17.16,17.17,17.06,30
2023-05-02 13:39:00,1789,17.1269,17.155,17.09,17.16,17.09,17
2023-05-02 13:40:00,1798,17.127,17.105,17.12,17.14,17.105,39
2023-05-02 13:41:00,7982,17.1118,17.12,17.14,17.14,17.1,67
2023-05-02 13:42:00,4090,17.2046,17.14,17.2482,17.26,17.14,72
2023-05-02 13:43:00,630,17.1942,17.195,17.24,17.24,17.195,14
2023-05-02 13:44:00,2999,17.1629,17.205,17.16,17.21,17.1,38
2023-05-02 13:46:00,240,17.1605,17.155,17.155,17.155,17.155,9
2023-05-02 13:47:00,755,17.2126,17.215,17.21,17.215,17.21,25
2023-05-02 13:48:00,3440,17.2477,17.25,17.22,17.29,17.22,70
2023-05-02 13:49:00,598,17.2208,17.234,17.21,17.234,17.21,17
2023-05-02 13:50:00,1179,17.2501,17.21,17.26,17.28,17.21,33
2023-05-02 13:51:00,1287,17.2019,17.23,17.17,17.23,17.17,26
2023-05-02 13:52:00,265,17.1657,17.165,17.165,17.165,17.165,7
2023-05-02 13:53:00,4901,17.1278,17.11,17.16,17.165,17.11,32
2023-05-02 13:54:00,667,17.1333,17.11,17.16,17.16,17.11,21
2023-05-02 13:55:00,4308,17.0679,17.16,17.035,17.16,17.02,91
2023-05-02 13:56:00,1585,17.0377,17.0001,17.035,17.07,17.0001,24
2023-05-02 13:57:00,1650,17.045,17.0579,17.035,17.0579,17.01,20
2023-05-02 13:58:00,906,17.0186,17.035,17.035,17.05,17.0,16
2023-05-02 13:59:00,3015,17.0109,17.01,17.04,17.04,16.9985,78
2023-05-02 14:00:00,1303,16.9872,17.01,16.9892,17.01,16.97,30
2023-05-02 14:01:00,2364,16.9048,16.94,16.9,16.97,16.86,63
2023-05-02 14:02:00,3485,16.9238,16.91,16.9,16.94,16.86,54
2023-05-02 14:03:00,2321,16.9137,16.905,16.93,16.93,16.88,41
2023-05-02 14:04:00,2843,16.9101,16.915,16.92,16.94,16.89,64
2023-05-02 14:05:00,3624,16.874,16.89,16.8562,16.89,16.8562,72
2023-05-02 14:06:00,3291,16.894,16.89,16.8985,16.9,16.885,47
2023-05-02 14:07:00,2884,16.8804,16.89,16.88,16.89,16.87,58
2023-05-02 14:08:00,1070,16.894,16.885,16.91,16.91,16.885,26
2023-05-02 14:09:00,2180,16.8947,16.9,16.905,16.905,16.87,39
2023-05-02 14:10:00,2876,16.907,16.93,16.89,16.93,16.86,63
2023-05-02 14:11:00,2144,16.8569,16.86,16.84,16.88,16.84,45
2023-05-02 14:12:00,2742,16.8952,16.85,16.89,16.9366,16.8206,54
2023-05-02 14:13:00,433,16.8626,16.86,16.85,16.86,16.85,16
2023-05-02 14:14:00,2051,16.8624,16.85,16.87,16.88,16.84,37
2023-05-02 14:15:00,1064,16.8688,16.87,16.8686,16.87,16.8686,17
2023-05-02 14:16:00,1388,16.9066,16.87,16.9065,16.9309,16.87,29
2023-05-02 14:17:00,440,16.9159,16.9,16.93,16.93,16.9,10
2023-05-02 14:18:00,703,16.9295,16.93,16.93,16.93,16.93,23
2023-05-02 14:19:00,1626,16.9046,16.91,16.895,16.91,16.895,43
2023-05-02 14:20:00,464,16.8751,16.86,16.91,16.91,16.86,13
2023-05-02 14:21:00,535,16.8801,16.88,16.88,16.88,16.88,10
2023-05-02 14:22:00,580,16.8789,16.88,16.87,16.91,16.87,17
2023-05-02 14:23:00,1746,16.8918,16.89,16.89,16.91,16.89,43
2023-05-02 14:24:00,2795,16.8505,16.86,16.83,16.87,16.83,63
2023-05-02 14:25:00,2761,16.8133,16.83,16.808,16.83,16.799,58
2023-05-02 14:26:00,5259,16.86,16.81,16.9,16.9,16.81,63
2023-05-02 14:27:00,1160,16.8904,16.89,16.87,16.905,16.87,27
2023-05-02 14:28:00,3247,16.8678,16.905,16.835,16.905,16.81,52
2023-05-02 14:29:00,2127,16.7849,16.7801,16.7712,16.815,16.7712,25
2023-05-02 14:30:00,4692,16.7623,16.76,16.775,16.78,16.73,86
2023-05-02 14:31:00,3065,16.7535,16.75,16.765,16.775,16.75,33
2023-05-02 14:32:00,12837,16.7414,16.765,16.73,16.77,16.72,120
2023-05-02 14:33:00,5727,16.7724,16.75,16.78,16.8,16.75,75
2023-05-02 14:34:00,4015,16.7668,16.78,16.75,16.78,16.75,67
2023-05-02 14:35:00,3562,16.7207,16.73,16.66,16.77,16.65,87
2023-05-02 14:36:00,1895,16.6038,16.63,16.575,16.63,16.575,43
2023-05-02 14:37:00,2364,16.5941,16.6,16.5955,16.6,16.5801,46
2023-05-02 14:38:00,1831,16.6302,16.595,16.6425,16.65,16.595,50
2023-05-02 14:39:00,1310,16.6196,16.61,16.59,16.61,16.59,29
2023-05-02 14:40:00,1773,16.646,16.61,16.7171,16.7171,16.61,45
2023-05-02 14:41:00,2608,16.7602,16.725,16.77,16.79,16.705,33
2023-05-02 14:42:00,1145,16.7794,16.79,16.76,16.8,16.76,21
2023-05-02 14:43:00,3627,16.7944,16.7734,16.79,16.83,16.75,50
2023-05-02 14:44:00,565,16.8167,16.835,16.835,16.835,16.8,15
2023-05-02 14:45:00,833,16.82,16.81,16.835,16.835,16.81,25
2023-05-02 14:46:00,2546,16.7907,16.8,16.73,16.835,16.73,63
2023-05-02 14:47:00,457,16.7437,16.74,16.75,16.75,16.74,16
2023-05-02 14:48:00,896,16.7318,16.73,16.73,16.73,16.73,26
2023-05-02 14:49:00,3080,16.7276,16.71,16.75,16.77,16.71,64
2023-05-02 14:50:00,2039,16.8049,16.79,16.81,16.85,16.79,52
2023-05-02 14:51:00,401,16.825,16.81,16.84,16.84,16.81,4
2023-05-02 14:52:00,1421,16.7781,16.78,16.78,16.81,16.75,28
2023-05-02 14:53:00,1136,16.7699,16.77,16.75,16.78,16.75,13
2023-05-02 14:54:00,2038,16.7504,16.75,16.78,16.78,16.75,49
2023-05-02 14:55:00,1983,16.784,16.77,16.795,16.8385,16.75,33
2023-05-02 14:56:00,568,16.8052,16.795,16.84,16.84,16.795,15
2023-05-02 14:57:00,948,16.8237,16.8053,16.83,16.84,16.8053,26
2023-05-02 14:58:00,516,16.837,16.84,16.86,16.86,16.81,9
2023-05-02 14:59:00,838,16.7979,16.79,16.79,16.79,16.79,34
2023-05-02 15:00:00,481,16.7547,16.76,16.755,16.76,16.755,14
2023-05-02 15:01:00,533,16.7512,16.72,16.765,16.765,16.72,9
2023-05-02 15:02:00,2007,16.746,16.76,16.7299,16.8,16.72,22
2023-05-02 15:03:00,325,16.7539,16.78,16.78,16.78,16.78,9
2023-05-02 15:04:00,1895,16.811,16.8,16.835,16.835,16.7875,52
2023-05-02 15:05:00,304,16.8434,16.86,16.86,16.86,16.86,3
2023-05-02 15:06:00,1594,16.8591,16.86,16.87,16.87,16.86,35
2023-05-02 15:07:00,230,16.8739,16.87,16.8797,16.8797,16.87,10
2023-05-02 15:08:00,1892,16.8761,16.865,16.88,16.88,16.865,22
2023-05-02 15:09:00,933,16.8813,16.865,16.885,16.89,16.865,22
2023-05-02 15:10:00,759,16.891,16.89,16.89,16.92,16.885,15
2023-05-02 15:11:00,1450,16.8873,16.92,16.905,16.92,16.9025,41
2023-05-02 15:12:00,439,16.9063,16.905,16.905,16.905,16.905,7
2023-05-02 15:13:00,1531,16.8745,16.905,16.84,16.94,16.84,43
2023-05-02 15:14:00,1738,16.8527,16.84,16.86,16.86,16.84,33
2023-05-02 15:15:00,827,16.8967,16.89,16.91,16.91,16.89,23
2023-05-02 15:16:00,582,16.9159,16.895,16.94,16.94,16.895,15
2023-05-02 15:17:00,319,16.9373,16.93,16.9497,16.9497,16.93,13
2023-05-02 15:18:00,304,16.9322,16.925,16.925,16.925,16.925,8
2023-05-02 15:19:00,930,16.9074,16.93,16.9,16.93,16.9,26
2023-05-02 15:20:00,1343,16.8998,16.91,16.895,16.92,16.895,33
2023-05-02 15:21:00,436,16.9076,16.895,16.92,16.92,16.895,9
2023-05-02 15:22:00,260,16.9127,16.93,16.9,16.93,16.9,4
2023-05-02 15:23:00,453,16.9064,16.93,16.9,16.93,16.87,10
2023-05-02 15:24:00,1081,16.8646,16.87,16.85,16.87,16.85,27
2023-05-02 15:26:00,950,16.8295,16.82,16.81,16.82,16.81,17
2023-05-02 15:27:00,2629,16.8756,16.835,16.86,16.89,16.835,73
2023-05-02 15:28:00,578,16.9154,16.92,16.93,16.93,16.9,11
2023-05-02 15:29:00,771,16.9074,16.92,16.92,16.92,16.885,13
2023-05-02 15:30:00,2965,16.8534,16.92,16.825,16.92,16.825,47
2023-05-02 15:31:00,598,16.8159,16.805,16.8193,16.8193,16.805,17
2023-05-02 15:32:00,372,16.7954,16.79,16.79,16.79,16.79,11
2023-05-02 15:33:00,1211,16.7668,16.795,16.745,16.795,16.74,28
2023-05-02 15:34:00,258,16.7494,16.745,16.77,16.77,16.745,5
2023-05-02 15:35:00,406,16.7503,16.746,16.746,16.746,16.746,9
2023-05-02 15:36:00,1548,16.7796,16.745,16.78,16.79,16.745,29
2023-05-02 15:37:00,754,16.8039,16.79,16.8197,16.82,16.79,14
2023-05-02 15:38:00,1412,16.8343,16.82,16.87,16.87,16.82,29
2023-05-02 15:39:00,661,16.8897,16.87,16.87,16.87,16.87,23
2023-05-02 15:40:00,2514,16.8502,16.89,16.84,16.89,16.82,26
2023-05-02 15:41:00,1002,16.8595,16.86,16.87,16.87,16.86,33
2023-05-02 15:42:00,803,16.8378,16.867,16.815,16.867,16.815,21
2023-05-02 15:45:00,1542,16.8552,16.84,16.865,16.865,16.84,33
2023-05-02 15:46:00,725,16.8488,16.85,16.84,16.85,16.84,22
2023-05-02 15:47:00,697,16.8275,16.83,16.8327,16.8327,16.83,17
2023-05-02 15:48:00,621,16.8318,16.85,16.825,16.85,16.825,14
2023-05-02 15:49:00,410,16.826,16.82,16.82,16.82,16.82,15
2023-05-02 15:50:00,1321,16.8173,16.82,16.8,16.82,16.8,39
2023-05-02 15:51:00,905,16.7715,16.78,16.76,16.79,16.76,32
2023-05-02 15:52:00,647,16.7309,16.72,16.74,16.74,16.72,16
2023-05-02 15:53:00,821,16.7332,16.7107,16.74,16.74,16.71,24
2023-05-02 15:54:00,1429,16.7682,16.76,16.78,16.78,16.76,46
2023-05-02 15:55:00,771,16.7814,16.79,16.77,16.79,16.77,16
2023-05-02 15:56:00,491,16.7676,16.76,16.76,16.76,16.76,17
2023-05-02 15:57:00,966,16.7453,16.75,16.77,16.77,16.73,20
2023-05-02 15:58:00,246,16.7489,16.76,16.76,16.76,16.76,10
2023-05-02 15:59:00,491,16.7255,16.73,16.715,16.73,16.715,10
2023-05-02 16:00:00,6666,16.6861,16.76,16.655,16.76,16.64,66
2023-05-02 16:01:00,1563,16.638,16.65,16.63,16.65,16.62,40
2023-05-02 16:02:00,3155,16.6715,16.64,16.69,16.69,16.64,79
2023-05-02 16:03:00,1447,16.6777,16.685,16.6997,16.7,16.6565,28
2023-05-02 16:04:00,1087,16.698,16.7,16.7,16.7,16.7,18
2023-05-02 16:05:00,1882,16.7162,16.705,16.705,16.7299,16.6866,18
2023-05-02 16:06:00,425,16.714,16.705,16.73,16.73,16.705,10
2023-05-02 16:07:00,976,16.7309,16.74,16.74,16.74,16.73,22
2023-05-02 16:08:00,923,16.741,16.715,16.76,16.76,16.715,20
2023-05-02 16:09:00,133,16.7543,16.76,16.76,16.76,16.76,6
2023-05-02 16:11:00,808,16.7,16.73,16.68,16.73,16.68,29
2023-05-02 16:12:00,444,16.677,16.675,16.675,16.675,16.675,15
2023-05-02 16:14:00,1219,16.6797,16.68,16.6897,16.69,16.65,31
2023-05-02 16:15:00,550,16.6712,16.67,16.665,16.67,16.665,13
2023-05-02 16:16:00,2196,16.6618,16.67,16.66,16.69,16.65,48
2023-05-02 16:17:00,1202,16.6992,16.69,16.7052,16.71,16.69,26
2023-05-02 16:18:00,487,16.7276,16.73,16.73,16.73,16.73,20
2023-05-02 16:20:00,1427,16.7028,16.72,16.67,16.72,16.67,32
2023-05-02 16:21:00,612,16.6646,16.7,16.64,16.7,16.64,20
2023-05-02 16:22:00,347,16.6389,16.64,16.64,16.64,16.64,11
2023-05-02 16:23:00,266,16.6501,16.68,16.68,16.68,16.68,13
2023-05-02 16:24:00,479,16.654,16.65,16.65,16.65,16.65,13
2023-05-02 16:25:00,636,16.6563,16.65,16.68,16.68,16.65,25
2023-05-02 16:26:00,1844,16.6881,16.69,16.68,16.71,16.68,46
2023-05-02 16:27:00,7543,16.6434,16.66,16.64,16.662,16.62,65
2023-05-02 16:28:00,466,16.6433,16.66,16.635,16.66,16.635,12
2023-05-02 16:29:00,459,16.6398,16.6325,16.63,16.6325,16.63,19
2023-05-02 16:30:00,2548,16.6523,16.6277,16.67,16.67,16.6277,45
2023-05-02 16:31:00,843,16.6617,16.66,16.66,16.69,16.66,15
2023-05-02 16:32:00,654,16.6631,16.67,16.67,16.67,16.67,22
2023-05-02 16:33:00,1449,16.631,16.63,16.635,16.635,16.62,34
2023-05-02 16:34:00,452,16.6462,16.66,16.66,16.66,16.66,17
2023-05-02 16:35:00,1893,16.6459,16.65,16.65,16.6639,16.64,31
2023-05-02 16:36:00,1078,16.6669,16.67,16.67,16.67,16.67,25
2023-05-02 16:37:00,2054,16.6806,16.68,16.63,16.7,16.63,58
2023-05-02 16:38:00,418,16.6461,16.66,16.64,16.66,16.64,9
2023-05-02 16:40:00,1353,16.6147,16.62,16.62,16.62,16.61,25
2023-05-02 16:41:00,4808,16.6316,16.63,16.64,16.65,16.6201,31
2023-05-02 16:42:00,1066,16.6366,16.66,16.62,16.66,16.62,26
2023-05-02 16:43:00,1787,16.6185,16.61,16.63,16.63,16.61,62
2023-05-02 16:44:00,1197,16.6323,16.628,16.628,16.628,16.628,25
2023-05-02 16:45:00,606,16.6349,16.64,16.6397,16.64,16.63,16
2023-05-02 16:46:00,1603,16.6186,16.63,16.613,16.63,16.61,28
2023-05-02 16:47:00,441,16.6167,16.61,16.62,16.62,16.61,9
2023-05-02 16:48:00,1605,16.6284,16.62,16.64,16.64,16.62,36
2023-05-02 16:49:00,735,16.6363,16.64,16.6398,16.64,16.63,21
2023-05-02 16:50:00,2253,16.6566,16.64,16.675,16.675,16.64,69
2023-05-02 16:51:00,911,16.6811,16.68,16.7,16.7,16.68,18
2023-05-02 16:52:00,1101,16.7244,16.7,16.75,16.75,16.7,37
2023-05-02 16:53:00,704,16.7512,16.75,16.7597,16.7697,16.75,17
2023-05-02 16:54:00,2431,16.7559,16.76,16.757,16.77,16.75,44
2023-05-02 16:55:00,1164,16.7387,16.74,16.74,16.74,16.73,31
2023-05-02 16:56:00,1731,16.7553,16.74,16.78,16.78,16.74,34
2023-05-02 16:57:00,1124,16.7597,16.78,16.75,16.78,16.74,26
2023-05-02 16:58:00,32585,16.7521,16.75,16.81,16.81,16.75,56
2023-05-02 16:59:00,771,16.8364,16.83,16.8497,16.85,16.82,23
2023-05-02 17:00:00,782,16.9097,16.92,16.925,16.925,16.92,25
2023-05-02 17:01:00,13573,16.839,16.91,16.875,16.91,16.8,199
2023-05-02 17:02:00,898,16.8748,16.8735,16.875,16.875,16.8735,9
2023-05-02 17:03:00,1839,16.8666,16.9,16.865,16.9,16.85,49
2023-05-02 17:04:00,2766,16.9142,16.9,16.93,16.94,16.89,62
2023-05-02 17:05:00,1006,16.9481,16.95,16.95,16.95,16.945,19
2023-05-02 17:06:00,1368,16.9475,16.95,16.9697,16.97,16.95,25
2023-05-02 17:07:00,2559,16.9775,16.97,16.98,16.99,16.97,23
2023-05-02 17:08:00,1839,16.9735,16.98,16.98,16.98,16.96,42
2023-05-02 17:09:00,2646,16.9837,16.9589,16.995,17.0,16.9589,36
2023-05-02 17:10:00,2249,16.9778,17.01,16.975,17.01,16.95,48
2023-05-02 17:11:00,639,16.9947,17.0,16.99,17.0,16.99,14
2023-05-02 17:12:00,432,16.9942,16.99,17.0,17.0,16.99,11
2023-05-02 17:13:00,787,16.991,16.975,16.9997,16.9997,16.975,14
2023-05-02 17:14:00,2752,16.9285,16.975,16.89,16.975,16.89,77
2023-05-02 17:16:00,252,16.8771,16.89,16.89,16.89,16.89,11
2023-05-02 17:17:00,869,16.8607,16.86,16.85,16.86,16.85,18
2023-05-02 17:18:00,376,16.8286,16.82,16.85,16.85,16.82,13
2023-05-02 17:19:00,525,16.8126,16.825,16.825,16.825,16.825,18
2023-05-02 17:21:00,1207,16.7961,16.785,16.795,16.8,16.785,29
2023-05-02 17:22:00,1993,16.8126,16.79,16.82,16.82,16.79,37
2023-05-02 17:23:00,482,16.8278,16.83,16.8297,16.83,16.8297,19
2023-05-02 17:24:00,2571,16.8426,16.83,16.86,16.86,16.83,75
2023-05-02 17:25:00,1509,16.8746,16.88,16.875,16.88,16.87,46
2023-05-02 17:26:00,229,16.8881,16.89,16.89,16.89,16.89,7
2023-05-02 17:27:00,379,16.8586,16.86,16.85,16.86,16.85,12
2023-05-02 17:28:00,1116,16.8793,16.87,16.89,16.89,16.87,33
2023-05-02 17:29:00,1028,16.8908,16.91,16.88,16.91,16.88,22
2023-05-02 17:30:00,3123,16.8793,16.875,16.89,16.89,16.855,47
2023-05-02 17:31:00,538,16.8767,16.89,16.88,16.89,16.87,12
2023-05-02 17:33:00,1135,16.8619,16.87,16.86,16.87,16.86,37
2023-05-02 17:34:00,12585,16.8654,16.87,16.9497,16.95,16.86,46
2023-05-02 17:35:00,1724,16.9404,16.95,16.94,16.95,16.92,44
2023-05-02 17:36:00,1226,16.9598,16.96,16.96,16.97,16.95,22
2023-05-02 17:37:00,862,16.9733,16.97,16.98,16.98,16.97,28
2023-05-02 17:38:00,1628,16.9945,16.99,16.995,17.005,16.99,45
2023-05-02 17:39:00,422,17.0086,17.01,17.0197,17.0197,17.01,11
2023-05-02 17:40:00,440,16.9805,17.0,17.0,17.0,17.0,13
2023-05-02 17:41:00,438,17.0116,17.0,17.0197,17.0197,17.0,13
2023-05-02 17:42:00,2528,16.9956,17.0,16.99,17.0,16.99,50
2023-05-02 17:43:00,2147,17.0053,16.99,17.025,17.025,16.99,42
2023-05-02 17:44:00,439,17.0372,17.04,17.0397,17.04,17.0397,15
2023-05-02 17:45:00,4273,17.0459,17.04,17.065,17.065,17.03,63
2023-05-02 17:46:00,6258,17.0909,17.07,17.13,17.13,17.07,91
2023-05-02 17:47:00,2278,17.1341,17.115,17.15,17.15,17.115,48
2023-05-02 17:48:00,4594,17.2032,17.155,17.2,17.245,17.155,110
2023-05-02 17:49:00,4611,17.2203,17.205,17.24,17.24,17.205,28
2023-05-02 17:50:00,4302,17.2326,17.24,17.23,17.25,17.215,84
2023-05-02 17:51:00,23490,17.203,17.22,17.21,17.23,17.2,54
2023-05-02 17:52:00,3193,17.2422,17.215,17.27,17.27,17.215,60
2023-05-02 17:53:00,914,17.2594,17.255,17.255,17.255,17.255,26
2023-05-02 17:54:00,4733,17.3019,17.27,17.32,17.325,17.27,94
2023-05-02 17:55:00,856,17.3037,17.31,17.3112,17.32,17.2836,12
2023-05-02 17:56:00,360,17.3119,17.32,17.3,17.32,17.3,11
2023-05-02 17:57:00,2916,17.3067,17.3,17.31,17.31,17.3,76
2023-05-02 17:58:00,910,17.2943,17.2849,17.2849,17.2849,17.2849,27
2023-05-02 17:59:00,1111,17.3054,17.31,17.31,17.31,17.295,28
2023-05-02 18:00:00,3055,17.2592,17.295,17.23,17.295,17.23,67
2023-05-02 18:01:00,1186,17.1815,17.21,17.145,17.23,17.145,36
2023-05-02 18:02:00,738,17.1366,17.16,17.125,17.16,17.125,20
2023-05-02 18:03:00,539,17.1451,17.16,17.15,17.16,17.125,12
2023-05-02 18:04:00,1362,17.0906,17.105,17.06,17.15,17.06,35
2023-05-02 18:05:00,1005,17.0423,17.06,16.995,17.06,16.995,30
2023-05-02 18:06:00,377,17.0596,17.06,17.06,17.06,17.06,12
2023-05-02 18:08:00,168,17.0333,17.04,17.04,17.04,17.04,6
2023-05-02 18:09:00,584,17.0373,17.0597,17.0477,17.0597,17.0477,14
2023-05-02 18:11:00,4556,17.0128,17.01,17.01,17.03,17.01,100
2023-05-02 18:12:00,2335,17.0148,17.0,17.03,17.03,16.99,64
2023-05-02 18:13:00,1522,16.9983,17.005,16.99,17.01,16.99,52
2023-05-02 18:14:00,9771,16.9757,16.98,16.98,16.99,16.9677,134
2023-05-02 18:15:00,4236,17.0105,16.99,17.0,17.03,16.99,95
2023-05-02 18:16:00,8930,17.0052,16.99,17.04,17.04,16.98,108
2023-05-02 18:17:00,1302,17.0429,17.035,17.05,17.05,17.035,45
2023-05-02 18:18:00,432,17.0568,17.06,17.06,17.06,17.06,11
2023-05-02 18:19:00,2240,17.0686,17.06,17.07,17.075,17.06,44
2023-05-02 18:20:00,3407,17.0416,17.05,17.015,17.06,17.015,71
2023-05-02 18:21:00,5456,17.0026,17.0,16.995,17.02,16.995,69
2023-05-02 18:22:00,1704,17.0117,17.0,17.005,17.02,17.0,22
2023-05-02 18:23:00,837,17.0158,17.005,17.0197,17.02,17.005,14
2023-05-02 18:24:00,4771,16.9995,17.01,16.99,17.02,16.98,100
2023-05-02 18:25:00,761,17.0012,17.01,17.0097,17.01,16.99,16
2023-05-02 18:26:00,632,17.0007,16.995,17.0097,17.0097,16.995,13
2023-05-02 18:27:00,1283,17.0023,16.995,16.995,17.01,16.995,29
2023-05-02 18:28:00,1977,17.0112,17.0,17.02,17.02,17.0,54
2023-05-02 18:29:00,3576,17.0071,17.015,17.02,17.02,17.0,74
2023-05-02 18:30:00,13427,17.012,17.0123,17.01,17.025,17.0,67
2023-05-02 18:31:00,3099,17.0399,17.02,17.06,17.06,17.02,55
2023-05-02 18:32:00,724,17.0285,17.04,17.04,17.04,17.04,13
2023-05-02 18:33:00,3397,17.0545,17.05,17.04,17.06,17.04,25
2023-05-02 18:34:00,1870,17.0054,17.04,16.99,17.04,16.99,55
2023-05-02 18:35:00,1428,17.0197,17.01,17.025,17.0397,17.01,31
2023-05-02 18:36:00,942,17.0031,17.025,17.005,17.025,16.98,19
2023-05-02 18:37:00,1632,17.0298,17.03,17.035,17.04,17.005,39
2023-05-02 18:38:00,1160,17.059,17.035,17.06,17.07,17.035,26
2023-05-02 18:39:00,1546,17.0773,17.07,17.06,17.09,17.06,41
2023-05-02 18:40:00,2245,17.0514,17.055,17.08,17.08,17.02,64
2023-05-02 18:41:00,2881,17.0156,17.09,17.0,17.09,16.975,56
2023-05-02 18:42:00,5150,16.9879,17.0,16.99,17.01,16.9782,19
2023-05-02 18:43:00,7599,17.0023,16.99,16.99,17.01,16.99,31
2023-05-02 18:44:00,966,17.0102,17.01,16.995,17.02,16.995,19
2023-05-02 18:45:00,2456,17.0176,17.02,17.01,17.02,16.995,41
2023-05-02 18:46:00,4231,17.0116,17.01,17.04,17.04,16.9905,54
2023-05-02 18:47:00,739,17.0605,17.05,17.08,17.08,17.05,17
2023-05-02 18:48:00,1523,17.0426,17.06,17.035,17.06,17.035,42
2023-05-02 18:49:00,3390,17.0734,17.05,17.11,17.11,17.035,62
2023-05-02 18:50:00,556,17.1045,17.105,17.105,17.11,17.1,18
2023-05-02 18:51:00,1351,17.0958,17.105,17.07,17.13,17.07,48
2023-05-02 18:52:00,1997,17.0928,17.07,17.11,17.1197,17.07,40
2023-05-02 18:53:00,2360,17.0879,17.12,17.06,17.1296,17.05,62
2023-05-02 18:54:00,832,17.0636,17.065,17.055,17.065,17.055,24
2023-05-02 18:55:00,2193,17.0739,17.055,17.075,17.0997,17.055,36
2023-05-02 18:56:00,1092,17.0812,17.085,17.07,17.09,17.07,30
2023-05-02 18:57:00,1475,17.0848,17.08,17.09,17.09,17.08,23
2023-05-02 18:58:00,345,17.0945,17.09,17.1097,17.1097,17.09,14
2023-05-02 18:59:00,1502,17.0628,17.09,17.065,17.09,17.055,57
2023-05-02 19:00:00,1052,17.0658,17.06,17.065,17.08,17.06,22
2023-05-02 19:01:00,2722,17.0419,17.065,17.02,17.08,17.02,61
2023-05-02 19:02:00,2823,17.0375,17.0296,17.04,17.05,17.02,60
2023-05-02 19:03:00,724,17.0357,17.03,17.03,17.05,17.03,14
2023-05-02 19:04:00,905,17.0079,17.03,16.99,17.03,16.99,25
2023-05-02 19:05:00,851,17.0104,17.0,17.02,17.02,17.0,25
2023-05-02 19:06:00,1078,17.0381,17.025,17.04,17.04,17.025,28
2023-05-02 19:07:00,930,17.0319,17.025,17.015,17.0397,17.015,16
2023-05-02 19:08:00,919,17.0197,17.015,17.02,17.03,17.015,24
2023-05-02 19:09:00,1659,17.0098,17.01,17.005,17.02,16.995,60
2023-05-02 19:10:00,2106,17.0307,17.02,17.055,17.055,17.005,42
2023-05-02 19:11:00,829,17.0535,17.05,17.03,17.0697,17.03,11
2023-05-02 19:12:00,1416,17.0391,17.0445,17.03,17.06,17.03,31
2023-05-02 19:13:00,1113,17.0296,17.025,17.025,17.05,17.025,21
2023-05-02 19:14:00,3345,17.0357,17.025,17.02,17.05,17.02,25
2023-05-02 19:15:00,2301,17.0445,17.04,17.05,17.06,17.02,44
2023-05-02 19:16:00,2492,17.0204,17.07,17.0,17.07,16.99,59
2023-05-02 19:17:00,1736,16.99,16.99,16.9775,16.99,16.975,39
2023-05-02 19:18:00,888,16.9849,16.98,16.985,17.0,16.98,23
2023-05-02 19:19:00,1656,16.9932,16.985,16.98,17.0,16.98,40
2023-05-02 19:20:00,6670,16.993,16.99,17.01,17.01,16.975,160
2023-05-02 19:21:00,2810,17.0431,17.01,17.05,17.07,17.01,76
2023-05-02 19:22:00,722,17.0547,17.06,17.05,17.06,17.05,20
2023-05-02 19:23:00,1215,17.0739,17.065,17.07,17.0825,17.065,36
2023-05-02 19:24:00,2868,17.0698,17.07,17.06,17.09,17.06,65
2023-05-02 19:25:00,1925,17.0502,17.04,17.04,17.06,17.04,26
2023-05-02 19:26:00,2264,17.0394,17.05,17.0414,17.05,17.03,60
2023-05-02 19:27:00,1622,17.0319,17.03,17.03,17.05,17.03,22
2023-05-02 19:28:00,443,17.0422,17.04,17.05,17.05,17.04,8
2023-05-02 19:29:00,2999,16.9972,17.03,16.973,17.03,16.973,78
2023-05-02 19:30:00,2699,16.9623,16.97,16.96,16.97,16.951,53
2023-05-02 19:31:00,1550,16.9636,16.96,16.96,16.97,16.96,31
2023-05-02 19:32:00,4655,16.9543,16.955,16.955,16.97,16.945,115
2023-05-02 19:33:00,3294,16.9388,16.955,16.9497,16.955,16.925,76
2023-05-02 19:34:00,1592,16.9462,16.94,16.95,16.95,16.94,31
2023-05-02 19:35:00,4216,16.9203,16.95,16.915,16.95,16.91,70
2023-05-02 19:36:00,9255,16.9031,16.915,16.92,16.92,16.89,139
2023-05-02 19:37:00,4769,16.9409,16.92,16.955,16.97,16.92,87
2023-05-02 19:38:00,2520,16.9652,16.95,16.9975,16.9975,16.95,77
2023-05-02 19:39:00,991,17.0008,16.995,17.01,17.01,16.995,17
2023-05-02 19:40:00,2241,16.9875,16.995,16.995,17.01,16.98,57
2023-05-02 19:41:00,2371,16.9613,16.985,16.96,16.985,16.95,69
2023-05-02 19:42:00,3424,16.9328,16.95,16.93,16.95,16.92,81
2023-05-02 19:43:00,3029,16.9144,16.93,16.915,16.93,16.9,67
2023-05-02 19:44:00,3728,16.9292,16.915,16.94,16.95,16.915,85
2023-05-02 19:45:00,4460,16.9378,16.94,16.925,16.945,16.925,90
2023-05-02 19:46:00,10216,16.9071,16.925,16.92,16.925,16.89,160
2023-05-02 19:47:00,2435,16.9314,16.925,16.925,16.93,16.925,29
2023-05-02 19:48:00,5884,16.8961,16.925,16.86,16.925,16.86,150
2023-05-02 19:49:00,10535,16.8906,16.86,16.92,16.93,16.86,175
2023-05-02 19:50:00,6348,16.9502,16.93,16.9501,16.99,16.93,89
2023-05-02 19:51:00,1888,16.9785,16.97,16.985,16.99,16.962,30
2023-05-02 19:52:00,5945,16.9848,16.99,17.01,17.01,16.99,113
2023-05-02 19:53:00,7200,16.992,17.0081,16.99,17.0081,16.975,134
2023-05-02 19:54:00,14936,16.9707,16.98,16.94,16.99,16.94,231
2023-05-02 19:55:00,6490,16.946,16.98,16.95,16.98,16.93,120
2023-05-02 19:56:00,7601,16.9507,16.95,16.9497,16.96,16.94,121
2023-05-02 19:57:00,14505,16.9577,16.945,16.955,16.97,16.945,190
2023-05-02 19:58:00,11091,16.96,16.96,16.955,16.97,16.95,208
2023-05-02 19:59:00,18920,16.9517,16.96,16.92,16.96,16.92,353
2023-05-02 20:00:00,2238,16.94,16.94,16.94,16.94,16.94,6
2023-05-02 20:02:00,100,16.94,16.94,16.94,16.94,16.94,1
2023-05-02 20:03:00,500,16.9,16.9,16.9,16.9,16.9,1
2023-05-02 20:23:00,1000,16.8,16.8,16.8,16.8,16.8,1
2023-05-03 13:30:00,16974,16.8092,16.81,16.705,16.9,16.705,35
2023-05-03 13:31:00,9298,16.6036,16.7,16.65,16.72,16.54,53
2023-05-03 13:32:00,3496,16.5244,16.5,16.59,16.62,16.5,76
2023-05-03 13:33:00,1973,16.5678,16.56,16.595,16.605,16.52,23
2023-05-03 13:34:00,2424,16.6195,16.54,16.64,16.69,16.54,59
2023-05-03 13:35:00,1804,16.6083,16.5999,16.575,16.66,16.57,33
2023-05-03 13:36:00,4720,16.5645,16.61,16.56,16.61,16.51,59
2023-05-03 13:37:00,2654,16.6512,16.64,16.65,16.7188,16.6,68
2023-05-03 13:38:00,786,16.6344,16.67,16.65,16.67,16.59,24
2023-05-03 13:39:00,4539,16.5632,16.6,16.51,16.6,16.51,53
2023-05-03 13:40:00,6536,16.5647,16.51,16.59,16.6,16.51,53
2023-05-03 13:41:00,5200,16.6208,16.625,16.6,16.685,16.6,50
2023-05-03 13:42:00,2377,16.5919,16.59,16.6,16.6,16.555,42
2023-05-03 13:43:00,1444,16.7005,16.7283,16.7012,16.7485,16.675,27
2023-05-03 13:44:00,577,16.7004,16.7,16.7,16.7,16.7,20
2023-05-03 13:45:00,1689,16.7242,16.65,16.78,16.78,16.65,33
2023-05-03 13:46:00,1380,16.6907,16.74,16.66,16.74,16.66,34
2023-05-03 13:47:00,12440,16.5443,16.625,16.52,16.625,16.47,128
2023-05-03 13:48:00,1135,16.5278,16.53,16.525,16.55,16.525,25
2023-05-03 13:49:00,2508,16.5299,16.55,16.5136,16.55,16.5,52
2023-05-03 13:50:00,4821,16.5946,16.54,16.62,16.635,16.54,51
2023-05-03 13:51:00,5155,16.6088,16.6,16.62,16.6425,16.59,48
2023-05-03 13:52:00,2281,16.6231,16.63,16.6234,16.64,16.62,24
2023-05-03 13:53:00,2996,16.5735,16.62,16.56,16.62,16.55,67
2023-05-03 13:54:00,10022,16.5491,16.53,16.585,16.585,16.5211,109
2023-05-03 13:55:00,6416,16.6021,16.6,16.645,16.645,16.58,68
2023-05-03 13:56:00,5811,16.6007,16.685,16.5887,16.685,16.54,66
2023-05-03 13:57:00,2625,16.515,16.5498,16.5,16.5498,16.5,37
2023-05-03 13:58:00,1783,16.4661,16.49,16.43,16.5,16.43,44
2023-05-03 13:59:00,1800,16.4075,16.41,16.3515,16.42,16.3515,34
2023-05-03 14:00:00,6421,16.3505,16.35,16.34,16.43,16.34,56
2023-05-03 14:01:00,37027,16.2106,16.32,16.219,16.32,16.18,230
2023-05-03 14:02:00,2281,16.2227,16.22,16.2,16.26,16.2,46
2023-05-03 14:03:00,6016,16.1934,16.2165,16.16,16.24,16.16,98
2023-05-03 14:04:00,5827,16.1831,16.2,16.185,16.21,16.15,88
2023-05-03 14:05:00,11607,16.2457,16.19,16.26,16.3,16.18,183
2023-05-03 14:06:00,5143,16.2508,16.25,16.23,16.29,16.197,98
2023-05-03 14:07:00,3332,16.228,16.23,16.26,16.26,16.2188,42
2023-05-03 14:08:00,10252,16.2628,16.2225,16.3394,16.37,16.21,118
2023-05-03 14:09:00,7835,16.3082,16.33,16.27,16.33,16.26,89
2023-05-03 14:10:00,1882,16.2661,16.25,16.245,16.275,16.245,19
2023-05-03 14:11:00,3710,16.2572,16.26,16.3,16.3,16.23,60
2023-05-03 14:12:00,4774,16.3147,16.3,16.31,16.34,16.3,65
2023-05-03 14:13:00,1584,16.3053,16.34,16.28,16.34,16.28,27
2023-05-03 14:14:00,11372,16.2091,16.25,16.22,16.25,16.18,123
2023-05-03 14:15:00,2770,16.2471,16.225,16.26,16.29,16.22,41
2023-05-03 14:16:00,1259,16.3457,16.32,16.36,16.38,16.32,26
2023-05-03 14:17:00,9669,16.3931,16.39,16.41,16.42,16.36,90
2023-05-03 14:18:00,5679,16.4843,16.43,16.52,16.54,16.43,77
2023-05-03 14:19:00,3216,16.5181,16.54,16.52,16.54,16.51,55
2023-05-03 14:20:00,13024,16.5812,16.53,16.6,16.63,16.53,148
2023-05-03 14:21:00,1783,16.6209,16.62,16.63,16.635,16.6181,38
2023-05-03 14:22:00,6354,16.6489,16.6189,16.67,16.68,16.6189,51
2023-05-03 14:23:00,2609,16.6528,16.68,16.645,16.68,16.64,62
2023-05-03 14:24:00,6727,16.6272,16.632,16.63,16.65,16.62,57
2023-05-03 14:25:00,961,16.6339,16.64,16.625,16.64,16.625,22
2023-05-03 14:26:00,8417,16.5415,16.61,16.48,16.61,16.475,127
2023-05-03 14:27:00,1171,16.4779,16.47,16.48,16.48,16.47,20
2023-05-03 14:28:00,2059,16.4821,16.5,16.48,16.5,16.46,44
2023-05-03 14:29:00,2518,16.4617,16.46,16.465,16.47,16.45,48
2023-05-03 14:30:00,2729,16.507,16.465,16.52,16.52,16.465,47
2023-05-03 14:31:00,5434,16.5123,16.5,16.54,16.54,16.5,42
2023-05-03 14:32:00,3771,16.5616,16.55,16.5853,16.5853,16.55,32
2023-05-03 14:33:00,1559,16.586,16.58,16.59,16.59,16.58,20
2023-05-03 14:34:00,2090,16.5811,16.59,16.58,16.59,16.58,39
2023-05-03 14:35:00,6283,16.6231,16.585,16.69,16.69,16.585,61
2023-05-03 14:36:00,6816,16.6967,16.675,16.75,16.75,16.66,62
2023-05-03 14:37:00,3555,16.6961,16.72,16.655,16.73,16.65,90
2023-05-03 14:38:00,2742,16.6286,16.65,16.58,16.65,16.575,64
2023-05-03 14:39:00,283,16.59,16.58,16.565,16.58,16.565,5
2023-05-03 14:40:00,8244,16.5423,16.57,16.59,16.59,16.5306,41
2023-05-03 14:41:00,1658,16.5561,16.57,16.56,16.57,16.54,42
2023-05-03 14:42:00,606,16.5567,16.555,16.56,16.56,16.555,9
2023-05-03 14:43:00,1772,16.5733,16.57,16.578,16.58,16.56,26
2023-05-03 14:44:00,724,16.5763,16.575,16.59,16.59,16.575,14
2023-05-03 14:45:00,3550,16.6202,16.59,16.66,16.66,16.59,46
2023-05-03 14:46:00,8196,16.6165,16.64,16.58,16.64,16.58,58
2023-05-03 14:47:00,901,16.6133,16.6,16.625,16.625,16.6,14
2023-05-03 14:48:00,7381,16.58,16.61,16.515,16.61,16.515,106
2023-05-03 14:49:00,960,16.5168,16.51,16.51,16.51,16.5,17
2023-05-03 14:50:00,1099,16.5296,16.53,16.53,16.53,16.52,19
2023-05-03 14:51:00,1501,16.5526,16.54,16.555,16.56,16.54,21
2023-05-03 14:52:00,5214,16.5409,16.55,16.54,16.555,16.54,44
2023-05-03 14:53:00,818,16.5501,16.56,16.545,16.56,16.545,14
2023-05-03 14:54:00,1909,16.5102,16.545,16.47,16.545,16.47,45
2023-05-03 14:55:00,2181,16.5132,16.495,16.5,16.52,16.495,24
2023-05-03 14:56:00,3720,16.5565,16.54,16.585,16.585,16.54,43
2023-05-03 14:57:00,2811,16.6077,16.6,16.64,16.64,16.58,30
2023-05-03 14:58:00,425,16.6444,16.67,16.66,16.67,16.66,10
2023-05-03 14:59:00,2345,16.6607,16.64,16.7,16.7,16.64,64
2023-05-03 15:00:00,1026,16.6732,16.69,16.69,16.69,16.69,22
2023-05-03 15:01:00,3326,16.6526,16.68,16.61,16.68,16.61,77
2023-05-03 15:02:00,2253,16.598,16.6144,16.5906,16.6144,16.59,11
2023-05-03 15:03:00,1555,16.631,16.62,16.65,16.65,16.62,41
2023-05-03 15:04:00,1499,16.6502,16.66,16.67,16.67,16.63,34
2023-05-03 15:05:00,1066,16.6949,16.69,16.71,16.71,16.69,25
2023-05-03 15:06:00,649,16.6766,16.68,16.68,16.68,16.68,26
2023-05-03 15:07:00,3606,16.6457,16.665,16.62,16.665,16.62,49
2023-05-03 15:08:00,273,16.6447,16.64,16.64,16.64,16.64,4
2023-05-03 15:09:00,2241,16.5968,16.62,16.56,16.62,16.56,39
2023-05-03 15:10:00,1634,16.6004,16.6,16.605,16.605,16.6,24
2023-05-03 15:11:00,1952,16.6219,16.61,16.63,16.63,16.61,34
2023-05-03 15:12:00,3692,16.6676,16.64,16.7,16.7,16.64,36
2023-05-03 15:13:00,653,16.713,16.72,16.73,16.73,16.72,19
2023-05-03 15:14:00,965,16.7453,16.75,16.75,16.76,16.75,20
2023-05-03 15:15:00,2779,16.7245,16.755,16.725,16.76,16.705,51
2023-05-03 15:16:00,1158,16.7467,16.73,16.76,16.77,16.73,23
2023-05-03 15:17:00,792,16.7696,16.775,16.75,16.775,16.75,28
2023-05-03 15:18:00,866,16.791,16.8,16.8,16.8,16.78,15
2023-05-03 15:19:00,1296,16.7821,16.8,16.76,16.8,16.76,30
2023-05-03 15:20:00,783,16.7841,16.775,16.79,16.79,16.77,12
2023-05-03 15:21:00,3338,16.7579,16.775,16.76,16.79,16.75,73
2023-05-03 15:22:00,1683,16.7895,16.78,16.8,16.8,16.78,37
2023-05-03 15:23:00,311,16.8032,16.81,16.81,16.81,16.81,5
2023-05-03 15:24:00,1642,16.8178,16.81,16.84,16.84,16.81,43
2023-05-03 15:25:00,2407,16.8014,16.81,16.8,16.82,16.79,57
2023-05-03 15:26:00,1721,16.8084,16.81,16.82,16.82,16.8,30
2023-05-03 15:27:00,4976,16.7668,16.79,16.74,16.79,16.74,91
2023-05-03 15:28:00,3246,16.733,16.745,16.7399,16.745,16.715,33
2023-05-03 15:29:00,1157,16.7397,16.74,16.74,16.74,16.725,28
2023-05-03 15:30:00,841,16.7479,16.74,16.75,16.75,16.74,14
2023-05-03 15:31:00,1226,16.7596,16.76,16.77,16.77,16.75,16
2023-05-03 15:32:00,839,16.7669,16.77,16.755,16.78,16.755,16
2023-05-03 15:33:00,2210,16.7193,16.73,16.7,16.755,16.675,49
2023-05-03 15:34:00,716,16.6932,16.68,16.69,16.71,16.68,13
2023-05-03 15:35:00,630,16.6966,16.7,16.69,16.7,16.69,10
2023-05-03 15:36:00,2842,16.7162,16.7,16.72,16.735,16.7,68
2023-05-03 15:37:00,1002,16.7217,16.73,16.73,16.73,16.725,13
2023-05-03 15:38:00,2108,16.7094,16.7215,16.6837,16.7215,16.68,40
2023-05-03 15:39:00,960,16.6761,16.69,16.675,16.69,16.6617,13
2023-05-03 15:40:00,1985,16.6665,16.66,16.67,16.67,16.66,29
2023-05-03 15:41:00,609,16.6526,16.66,16.61,16.66,16.61,16
2023-05-03 15:42:00,1172,16.6333,16.63,16.64,16.64,16.63,25
2023-05-03 15:43:00,415,16.6323,16.64,16.625,16.64,16.625,6
2023-05-03 15:44:00,719,16.6331,16.64,16.64,16.64,16.625,13
2023-05-03 15:45:00,1545,16.6089,16.64,16.59,16.64,16.59,35
2023-05-03 15:46:00,530,16.6094,16.6,16.61,16.61,16.6,10
2023-05-03 15:47:00,1256,16.6248,16.62,16.605,16.62,16.605,29
2023-05-03 15:48:00,1647,16.5924,16.605,16.6,16.605,16.58,28
2023-05-03 15:49:00,2462,16.6089,16.6,16.64,16.64,16.6,45
2023-05-03 15:50:00,677,16.6528,16.64,16.66,16.66,16.64,17
2023-05-03 15:51:00,1868,16.7013,16.665,16.695,16.72,16.665,34
2023-05-03 15:52:00,302,16.6904,16.695,16.7,16.7,16.695,6
2023-05-03 15:53:00,1108,16.7087,16.72,16.72,16.72,16.72,20
2023-05-03 15:54:00,1884,16.7143,16.7,16.74,16.74,16.7,54
2023-05-03 15:55:00,2333,16.7147,16.72,16.705,16.74,16.705,50
2023-05-03 15:56:00,694,16.7194,16.72,16.728,16.728,16.715,12
2023-05-03 15:57:00,2095,16.6952,16.715,16.7,16.715,16.7,42
2023-05-03 15:58:00,1881,16.6963,16.71,16.68,16.71,16.68,24
2023-05-03 15:59:00,729,16.6448,16.66,16.66,16.66,16.66,25
2023-05-03 16:00:00,885,16.603,16.615,16.6,16.615,16.595,19
2023-05-03 16:01:00,15978,16.6023,16.6,16.64,16.64,16.55,174
2023-05-03 16:02:00,1875,16.6049,16.6101,16.61,16.6101,16.59,40
2023-05-03 16:03:00,1019,16.6427,16.64,16.64,16.64,16.64,36
2023-05-03 16:04:00,518,16.6893,16.695,16.69,16.695,16.67,8
2023-05-03 16:05:00,393,16.6856,16.72,16.705,16.72,16.705,8
2023-05-03 16:06:00,4432,16.7027,16.71,16.71,16.72,16.7,50
2023-05-03 16:08:00,273,16.734,16.74,16.74,16.74,16.74,11
2023-05-03 16:09:00,1833,16.7298,16.74,16.725,16.74,16.72,35
2023-05-03 16:10:00,986,16.7116,16.71,16.71,16.73,16.69,26
2023-05-03 16:12:00,542,16.713,16.71,16.71,16.71,16.71,11
2023-05-03 16:13:00,398,16.6858,16.7,16.7,16.7,16.7,12
2023-05-03 16:14:00,860,16.721,16.71,16.715,16.715,16.71,21
2023-05-03 16:15:00,1836,16.752,16.76,16.79,16.79,16.75,33
2023-05-03 16:16:00,374,16.7942,16.8,16.8,16.8,16.8,17
2023-05-03 16:17:00,1925,16.8034,16.8,16.81,16.81,16.8,14
2023-05-03 16:18:00,2058,16.7843,16.8,16.78,16.8,16.76,55
2023-05-03 16:20:00,656,16.773,16.785,16.775,16.785,16.76,13
2023-05-03 16:21:00,2689,16.784,16.76,16.8,16.8,16.76,38
2023-05-03 16:25:00,956,16.8314,16.85,16.83,16.85,16.83,21
2023-05-03 16:26:00,1510,16.8135,16.83,16.8,16.83,16.8,33
2023-05-03 16:27:00,1078,16.8091,16.805,16.805,16.82,16.8,14
2023-05-03 16:28:00,111,16.809,16.81,16.81,16.81,16.81,3
2023-05-03 16:29:00,2953,16.8155,16.81,16.83,16.83,16.81,35
2023-05-03 16:30:00,2860,16.7975,16.81,16.79,16.81,16.79,44
2023-05-03 16:31:00,260,16.792,16.8,16.8,16.8,16.8,11
2023-05-03 16:32:00,537,16.805,16.8,16.805,16.81,16.8,10
2023-05-03 16:33:00,819,16.8242,16.82,16.825,16.825,16.82,19
2023-05-03 16:34:00,268,16.8141,16.815,16.815,16.815,16.815,10
2023-05-03 16:35:00,1860,16.7834,16.79,16.78,16.79,16.77,37
2023-05-03 16:36:00,1157,16.7786,16.78,16.76,16.78,16.76,6
2023-05-03 16:37:00,445,16.7781,16.77,16.77,16.77,16.77,9
2023-05-03 16:38:00,2003,16.7527,16.76,16.75,16.76,16.75,50
2023-05-03 16:39:00,1292,16.7645,16.76,16.77,16.77,16.76,19
2023-05-03 16:40:00,358,16.7609,16.75,16.765,16.765,16.75,6
2023-05-03 16:41:00,1426,16.7547,16.7601,16.74,16.77,16.74,36
2023-05-03 16:42:00,853,16.7289,16.76,16.72,16.76,16.72,24
2023-05-03 16:43:00,1027,16.681,16.7,16.655,16.72,16.655,12
2023-05-03 16:44:00,115,16.6813,16.68,16.68,16.68,16.68,2
2023-05-03 16:45:00,186,16.6921,16.6675,16.6675,16.6675,16.6675,5
2023-05-03 16:46:00,449,16.6706,16.67,16.66,16.67,16.66,12
2023-05-03 16:47:00,2831,16.7184,16.695,16.73,16.73,16.695,57
2023-05-03 16:48:00,324,16.729,16.7225,16.74,16.74,16.7225,12
2023-05-03 16:49:00,383,16.7261,16.74,16.74,16.74,16.74,10
2023-05-03 16:50:00,358,16.7188,16.71,16.71,16.71,16.71,8
2023-05-03 16:52:00,1200,16.7118,16.71,16.71,16.72,16.71,27
2023-05-03 16:53:00,2172,16.7231,16.72,16.735,16.735,16.72,36
2023-05-03 16:54:00,1166,16.7085,16.74,16.69,16.74,16.69,32
2023-05-03 16:55:00,412,16.7083,16.685,16.72,16.72,16.685,9
2023-05-03 16:56:00,129,16.719,16.72,16.72,16.72,16.72,4
2023-05-03 16:57:00,366,16.7199,16.72,16.72,16.72,16.72,11
2023-05-03 16:58:00,731,16.733,16.73,16.74,16.74,16.73,13
2023-05-03 16:59:00,1202,16.7481,16.75,16.745,16.76,16.74,31
2023-05-03 17:02:00,902,16.7594,16.745,16.77,16.77,16.745,17
2023-05-03 17:04:00,204,16.7798,16.78,16.78,16.78,16.78,4
2023-05-03 17:07:00,1345,16.7514,16.76,16.74,16.76,16.725,27
2023-05-03 17:08:00,465,16.7282,16.725,16.725,16.725,16.725,8
2023-05-03 17:09:00,1021,16.7411,16.74,16.75,16.75,16.74,20
2023-05-03 17:10:00,3786,16.718,16.75,16.7,16.75,16.7,68
2023-05-03 17:11:00,548,16.7096,16.7,16.695,16.7,16.695,10
2023-05-03 17:12:00,1299,16.7062,16.695,16.695,16.72,16.665,22
2023-05-03 17:13:00,739,16.6598,16.695,16.65,16.695,16.65,16
2023-05-03 17:14:00,212,16.6438,16.65,16.635,16.65,16.635,4
2023-05-03 17:15:00,1085,16.6332,16.655,16.625,16.655,16.62,28
2023-05-03 17:17:00,1341,16.6534,16.605,16.66,16.66,16.605,38
2023-05-03 17:18:00,245,16.681,16.68,16.68,16.68,16.68,9
2023-05-03 17:19:00,814,16.7049,16.685,16.71,16.73,16.685,21
2023-05-03 17:20:00,498,16.7136,16.72,16.72,16.72,16.705,8
2023-05-03 17:21:00,570,16.6917,16.72,16.72,16.72,16.72,9
2023-05-03 17:24:00,283,16.7307,16.76,16.76,16.76,16.76,9
2023-05-03 17:25:00,478,16.7205,16.725,16.7125,16.725,16.7125,9
2023-05-03 17:26:00,1007,16.7642,16.74,16.81,16.81,16.74,44
2023-05-03 17:27:00,496,16.8013,16.795,16.81,16.81,16.795,12
2023-05-03 17:28:00,819,16.8241,16.82,16.82,16.82,16.82,29
2023-05-03 17:29:00,1173,16.831,16.84,16.82,16.84,16.82,45
2023-05-03 17:30:00,3526,16.7983,16.81,16.8225,16.8225,16.77,60
2023-05-03 17:32:00,268,16.7918,16.81,16.81,16.81,16.81,7
2023-05-03 17:34:00,231,16.7917,16.79,16.79,16.79,16.79,8
2023-05-03 17:35:00,1696,16.8075,16.8098,16.8098,16.8098,16.8098,8
2023-05-03 17:36:00,1800,16.7733,16.77,16.78,16.78,16.77,32
2023-05-03 17:37:00,1683,16.7835,16.775,16.78,16.79,16.775,37
2023-05-03 17:38:00,884,16.7794,16.7702,16.785,16.785,16.7702,9
2023-05-03 17:39:00,1018,16.7993,16.8,16.79,16.81,16.79,19
2023-05-03 17:40:00,192,16.8014,16.81,16.81,16.81,16.81,5
2023-05-03 17:41:00,543,16.7948,16.8,16.8,16.8,16.8,13
2023-05-03 17:42:00,1957,16.8025,16.79,16.815,16.815,16.79,36
2023-05-03 17:43:00,1229,16.8003,16.8,16.8,16.8,16.8,23
2023-05-03 17:44:00,659,16.8051,16.81,16.805,16.8199,16.805,13
2023-05-03 17:46:00,386,16.8133,16.82,16.805,16.82,16.805,8
2023-05-03 17:47:00,505,16.8159,16.82,16.82,16.82,16.82,16
2023-05-03 17:48:00,2931,16.7817,16.79,16.78,16.79,16.77,54
2023-05-03 17:49:00,220,16.7741,16.785,16.785,16.785,16.785,4
2023-05-03 17:50:00,1257,16.8009,16.8,16.81,16.81,16.8,28
2023-05-03 17:51:00,420,16.794,16.81,16.795,16.81,16.795,8
2023-05-03 17:53:00,408,16.7864,16.79,16.78,16.79,16.78,12
2023-05-03 17:54:00,725,16.7822,16.78,16.78,16.78,16.78,24
2023-05-03 17:55:00,429,16.783,16.79,16.79,16.79,16.79,12
2023-05-03 17:56:00,1294,16.7923,16.79,16.8,16.8,16.79,32
2023-05-03 17:57:00,1581,16.8055,16.81,16.795,16.81,16.795,15
2023-05-03 17:58:00,511,16.7904,16.792,16.792,16.792,16.792,6
2023-05-03 17:59:00,2065,16.7933,16.78,16.81,16.81,16.78,46
2023-05-03 18:00:00,7356,16.7899,16.78,16.85,16.85,16.74,138
2023-05-03 18:01:00,6505,16.8028,16.8,16.8055,16.84,16.78,88
2023-05-03 18:02:00,1002,16.8509,16.84,16.87,16.87,16.81,12
2023-05-03 18:03:00,4357,16.7549,16.78,16.8028,16.8028,16.7205,53
2023-05-03 18:04:00,1394,16.7836,16.7483,16.82,16.82,16.7483,19
2023-05-03 18:05:00,847,16.767,16.76,16.8,16.8,16.76,14
2023-05-03 18:06:00,400,16.7825,16.77,16.8,16.8,16.77,8
2023-05-03 18:07:00,1175,16.8305,16.84,16.84,16.84,16.7875,22
2023-05-03 18:08:00,269,16.8481,16.86,16.86,16.86,16.86,9
2023-05-03 18:09:00,2794,16.841,16.85,16.825,16.85,16.79,15
2023-05-03 18:10:00,1016,16.8534,16.85,16.865,16.865,16.85,13
2023-05-03 18:11:00,5037,16.8354,16.84,16.84,16.85,16.82,61
2023-05-03 18:12:00,1403,16.9138,16.89,16.95,16.97,16.89,16
2023-05-03 18:13:00,1455,16.9325,16.915,16.915,16.95,16.915,30
2023-05-03 18:14:00,2962,16.9095,16.915,16.915,16.94,16.91,32
2023-05-03 18:15:00,2188,16.9363,16.915,16.95,16.95,16.915,23
2023-05-03 18:16:00,324,16.9729,16.98,16.98,16.98,16.98,11
2023-05-03 18:17:00,1694,16.9682,16.955,16.98,16.98,16.955,32
2023-05-03 18:18:00,1537,16.9582,16.96,16.965,16.97,16.94,48
2023-05-03 18:19:00,1354,16.9806,16.99,16.99,16.99,16.965,16
2023-05-03 18:20:00,668,16.9612,16.96,16.96,16.96,16.96,9
2023-05-03 18:21:00,1859,16.9801,16.98,16.99,16.99,16.98,35
2023-05-03 18:22:00,5087,16.9776,16.99,16.98,16.99,16.965,110
2023-05-03 18:23:00,11290,17.0061,17.0,17.05,17.052,16.98,123
2023-05-03 18:24:00,4726,17.0098,17.05,16.99,17.07,16.99,80
2023-05-03 18:25:00,2276,16.9971,17.0,17.0,17.01,17.0,60
2023-05-03 18:26:00,3041,17.0159,17.0,17.01,17.04,17.0,26
2023-05-03 18:27:00,10140,17.0376,17.04,16.99,17.065,16.99,161
2023-05-03 18:28:00,774,16.9696,17.0,16.93,17.0,16.93,22
2023-05-03 18:29:00,833,16.9629,16.955,16.93,16.98,16.93,18
2023-05-03 18:30:00,3702,16.9215,16.96,16.92,16.96,16.91,84
2023-05-03 18:31:00,3316,16.8971,16.915,16.8925,16.915,16.875,59
2023-05-03 18:32:00,1216,16.8649,16.85,16.8688,16.87,16.85,34
2023-05-03 18:33:00,2858,16.8986,16.88,16.915,16.92,16.87,63
2023-05-03 18:34:00,2578,16.8984,16.91,16.88,16.915,16.86,51
2023-05-03 18:35:00,945,16.8266,16.83,16.8273,16.83,16.81,16
2023-05-03 18:36:00,447,16.8209,16.81,16.81,16.81,16.81,9
2023-05-03 18:37:00,4263,16.781,16.77,16.81,16.84,16.715,93
2023-05-03 18:38:00,7104,16.9468,16.81,16.905,17.01,16.81,41
2023-05-03 18:39:00,1014,16.9027,16.9,16.905,16.905,16.9,12
2023-05-03 18:40:00,2913,16.952,16.91,16.915,16.98,16.91,43
2023-05-03 18:41:00,3778,16.9729,17.0,16.9675,17.0,16.95,55
2023-05-03 18:42:00,3428,16.934,16.99,16.9,16.99,16.9,53
2023-05-03 18:43:00,2883,16.8978,16.89,16.915,16.915,16.86,39
2023-05-03 18:44:00,2337,16.914,16.91,16.91,16.92,16.9,33
2023-05-03 18:45:00,15027,17.0333,16.94,17.05,17.06,16.94,76
2023-05-03 18:46:00,19493,17.0143,17.01,16.99,17.025,16.99,83
2023-05-03 18:47:00,3043,16.9575,16.97,16.98,16.98,16.93,56
2023-05-03 18:48:00,625,17.0106,16.98,17.03,17.03,16.98,15
2023-05-03 18:49:00,1697,16.9747,16.98,16.97,16.99,16.95,36
2023-05-03 18:50:00,2125,16.9359,16.96,16.9,16.96,16.9,35
2023-05-03 18:51:00,3295,16.9245,16.915,16.915,16.95,16.89,64
2023-05-03 18:52:00,5437,16.891,16.88,16.92,16.92,16.86,67
2023-05-03 18:53:00,2208,16.9689,16.94,17.02,17.02,16.94,59
2023-05-03 18:54:00,2729,16.9688,16.94,16.97,16.99,16.94,45
2023-05-03 18:55:00,1490,16.9641,16.97,16.98,16.98,16.95,38
2023-05-03 18:56:00,2584,17.0231,16.99,17.04,17.05,16.99,55
2023-05-03 18:57:00,3852,17.0027,17.01,16.985,17.02,16.98,51
2023-05-03 18:58:00,2621,17.0178,16.99,17.05,17.05,16.99,44
2023-05-03 18:59:00,1862,17.0343,17.04,17.04,17.05,17.025,46
2023-05-03 19:00:00,2124,17.032,17.01,17.03,17.05,17.01,36
2023-05-03 19:01:00,5370,17.0569,17.05,17.065,17.07,17.04,84
2023-05-03 19:02:00,5468,17.0503,17.07,17.05,17.07,17.03,58
2023-05-03 19:03:00,1885,17.0655,17.05,17.08,17.1,17.05,38
2023-05-03 19:04:00,5843,17.1184,17.08,17.17,17.2,17.08,65
2023-05-03 19:05:00,14493,17.2565,17.2,17.3,17.35,17.2,147
2023-05-03 19:06:00,4690,17.2331,17.28,17.21,17.28,17.17,81
2023-05-03 19:07:00,2521,17.1686,17.17,17.12,17.2,17.12,36
2023-05-03 19:08:00,4210,17.1082,17.135,17.15,17.15,17.05,45
2023-05-03 19:09:00,3481,17.1277,17.1,17.14,17.15,17.08,46
2023-05-03 19:10:00,2737,17.0583,17.115,17.03,17.115,17.02,64
2023-05-03 19:11:00,1589,17.0591,17.035,17.065,17.065,17.03,32
2023-05-03 19:12:00,3049,17.0603,17.05,17.045,17.07,17.045,53
2023-05-03 19:13:00,2295,17.0564,17.045,17.085,17.09,17.03,46
2023-05-03 19:14:00,3321,17.0564,17.08,17.05,17.085,17.04,46
2023-05-03 19:15:00,5642,17.006,17.045,16.99,17.045,16.99,48
2023-05-03 19:16:00,2441,17.0218,17.03,17.02,17.04,17.0,41
2023-05-03 19:17:00,1759,17.0542,17.05,17.08,17.08,17.02,22
2023-05-03 19:18:00,1871,17.0164,17.02,17.04,17.04,16.99,27
2023-05-03 19:19:00,1416,16.9659,16.98,16.935,16.98,16.93,34
2023-05-03 19:20:00,1993,16.9032,16.93,16.85,16.93,16.84,50
2023-05-03 19:21:00,2608,16.8527,16.89,16.81,16.89,16.81,53
2023-05-03 19:22:00,2444,16.8363,16.825,16.85,16.85,16.78,53
2023-05-03 19:23:00,2167,16.9046,16.85,16.9792,16.98,16.85,46
2023-05-03 19:24:00,1540,16.9389,16.965,16.965,16.97,16.92,17
2023-05-03 19:25:00,769,17.0051,17.0,17.0,17.02,17.0,20
2023-05-03 19:26:00,1205,16.9881,17.01,16.96,17.01,16.96,34
2023-05-03 19:27:00,1078,16.9551,16.96,16.96,16.98,16.96,26
2023-05-03 19:28:00,2404,16.9199,16.96,16.88,16.96,16.86,58
2023-05-03 19:29:00,2144,16.8385,16.85,16.77,16.85,16.77,36
2023-05-03 19:30:00,2013,16.8014,16.805,16.805,16.805,16.78,42
2023-05-03 19:31:00,1862,16.7915,16.81,16.77,16.82,16.77,51
2023-05-03 19:32:00,2504,16.7318,16.74,16.69,16.74,16.69,55
2023-05-03 19:33:00,5610,16.6995,16.69,16.69,16.72,16.65,78
2023-05-03 19:34:00,7241,16.747,16.69,16.7764,16.78,16.69,87
2023-05-03 19:35:00,1072,16.7786,16.78,16.775,16.78,16.775,7
2023-05-03 19:36:00,1683,16.7683,16.785,16.76,16.79,16.76,37
2023-05-03 19:37:00,3955,16.7478,16.79,16.76,16.79,16.73,69
2023-05-03 19:38:00,1781,16.764,16.76,16.78,16.78,16.76,24
2023-05-03 19:39:00,2090,16.7551,16.765,16.73,16.776,16.73,31
2023-05-03 19:40:00,1809,16.7006,16.72,16.7,16.72,16.68,25
2023-05-03 19:41:00,1996,16.7095,16.71,16.71,16.72,16.68,45
2023-05-03 19:42:00,2575,16.6897,16.71,16.695,16.71,16.68,43
2023-05-03 19:43:00,4491,16.6992,16.7,16.68,16.71,16.68,80
2023-05-03 19:44:00,2414,16.712,16.69,16.715,16.72,16.69,28
2023-05-03 19:45:00,7346,16.7061,16.7,16.725,16.725,16.68,98
2023-05-03 19:46:00,2765,16.7002,16.72,16.69,16.72,16.682,45
2023-05-03 19:47:00,3253,16.6966,16.68,16.71,16.72,16.68,63
2023-05-03 19:48:00,1377,16.7139,16.725,16.71,16.73,16.71,36
2023-05-03 19:49:00,3300,16.6763,16.67,16.6668,16.685,16.66,58
2023-05-03 19:50:00,5344,16.6759,16.65,16.69,16.7,16.65,72
2023-05-03 19:51:00,3378,16.6941,16.685,16.705,16.71,16.67,51
2023-05-03 19:52:00,4039,16.7131,16.72,16.69,16.73,16.69,63
2023-05-03 19:53:00,4792,16.6846,16.68,16.7,16.7,16.67,67
2023-05-03 19:54:00,7883,16.6775,16.69,16.7,16.7,16.65,125
2023-05-03 19:55:00,8647,16.6913,16.71,16.72,16.72,16.66,116
2023-05-03 19:56:00,7658,16.713,16.72,16.7,16.73,16.695,107
2023-05-03 19:57:00,11220,16.7069,16.705,16.71,16.72,16.7,148
2023-05-03 19:58:00,9018,16.7081,16.71,16.72,16.72,16.7,144
2023-05-03 19:59:00,24664,16.7109,16.72,16.7,16.74,16.68,336
2023-05-03 20:00:00,4787,16.69,16.69,16.69,16.69,16.69,5
2023-05-04 13:13:00,300,16.9,16.8,16.95,16.95,16.8,3
2023-05-04 13:25:00,266,16.95,16.95,16.95,16.95,16.95,2
2023-05-04 13:29:00,552,16.56,16.56,16.56,16.56,16.56,1
2023-05-04 13:30:00,12346,16.5837,16.59,16.47,16.64,16.47,48
2023-05-04 13:31:00,3736,16.5169,16.45,16.47,16.585,16.45,52
2023-05-04 13:34:00,2377,16.5272,16.51,16.575,16.575,16.479,54
2023-05-04 13:35:00,1171,16.5093,16.51,16.5,16.51,16.46,24
2023-05-04 13:36:00,1409,16.4072,16.44,16.36,16.44,16.36,29
2023-05-04 13:37:00,3950,16.3029,16.35,16.31,16.35,16.28,105
2023-05-04 13:38:00,820,16.3448,16.33,16.355,16.38,16.305,12
2023-05-04 13:39:00,2231,16.3553,16.35,16.385,16.385,16.335,30
2023-05-04 13:40:00,5156,16.3714,16.39,16.32,16.41,16.3,124
2023-05-04 13:41:00,1308,16.3477,16.32,16.36,16.38,16.32,28
2023-05-04 13:42:00,352,16.3199,16.345,16.27,16.345,16.27,9
2023-05-04 13:43:00,1006,16.3277,16.373,16.31,16.373,16.31,29
2023-05-04 13:44:00,4662,16.2093,16.3,16.18,16.3,16.15,102
2023-05-04 13:45:00,2162,16.2422,16.21,16.28,16.28,16.21,60
2023-05-04 13:46:00,996,16.279,16.275,16.265,16.275,16.265,23
2023-05-04 13:47:00,1921,16.2729,16.27,16.26,16.28,16.26,34
2023-05-04 13:48:00,720,16.2242,16.245,16.2,16.245,16.2,29
2023-05-04 13:49:00,13925,16.1268,16.19,16.155,16.19,16.0801,165
2023-05-04 13:50:00,3171,16.2135,16.2,16.24,16.25,16.19,67
2023-05-04 13:51:00,2478,16.1732,16.2209,16.17,16.2209,16.15,26
2023-05-04 13:52:00,1118,16.1237,16.14,16.09,16.14,16.09,37
2023-05-04 13:53:00,2746,16.1459,16.13,16.19,16.19,16.13,54
2023-05-04 13:54:00,636,16.2382,16.22,16.26,16.26,16.22,16
2023-05-04 13:55:00,1015,16.3108,16.32,16.32,16.32,16.32,18
2023-05-04 13:56:00,991,16.2656,16.33,16.22,16.33,16.22,25
2023-05-04 13:57:00,1541,16.1895,16.2,16.16,16.22,16.16,26
2023-05-04 13:58:00,590,16.2055,16.1875,16.1875,16.2399,16.1875,8
2023-05-04 13:59:00,306,16.2054,16.195,16.195,16.195,16.195,14
2023-05-04 14:00:00,2690,16.2011,16.18,16.19,16.23,16.18,46
2023-05-04 14:01:00,2124,16.1853,16.19,16.19,16.2,16.1556,36
2023-05-04 14:02:00,2891,16.2329,16.185,16.29,16.29,16.185,39
2023-05-04 14:03:00,699,16.2823,16.2601,16.3,16.3,16.26,16
2023-05-04 14:04:00,2658,16.3341,16.295,16.39,16.39,16.295,57
2023-05-04 14:05:00,21208,16.2914,16.405,16.3054,16.4075,16.22,158
2023-05-04 14:06:00,7580,16.2848,16.31,16.255,16.36,16.255,50
2023-05-04 14:07:00,1030,16.2553,16.29,16.2208,16.29,16.2208,21
2023-05-04 14:08:00,6829,16.2053,16.22,16.15,16.22,16.15,49
2023-05-04 14:09:00,4887,16.2485,16.19,16.27,16.3,16.19,82
2023-05-04 14:10:00,11885,16.3011,16.29,16.315,16.35,16.27,44
2023-05-04 14:11:00,1830,16.3001,16.325,16.27,16.35,16.26,26
2023-05-04 14:12:00,1363,16.2918,16.29,16.295,16.3,16.29,24
2023-05-04 14:13:00,7327,16.259,16.295,16.25,16.295,16.2401,67
2023-05-04 14:14:00,1881,16.2826,16.25,16.3,16.32,16.22,39
2023-05-04 14:15:00,7153,16.3642,16.305,16.38,16.4,16.305,86
2023-05-04 14:16:00,5812,16.3169,16.35,16.25,16.35,16.25,63
2023-05-04 14:17:00,2488,16.1852,16.2,16.12,16.2,16.12,47
2023-05-04 14:18:00,2362,16.194,16.145,16.24,16.24,16.145,47
2023-05-04 14:19:00,140,16.2563,16.245,16.245,16.245,16.245,5
2023-05-04 14:20:00,1460,16.202,16.265,16.21,16.265,16.21,24
2023-05-04 14:22:00,27943,16.0096,16.11,15.97,16.11,15.97,172
2023-05-04 14:23:00,7686,15.978,16.0,15.98,16.01,15.96,139
2023-05-04 14:24:00,682,16.0016,16.0,16.0,16.005,16.0,12
2023-05-04 14:25:00,2756,16.0318,16.02,16.03,16.05,16.01,55
2023-05-04 14:26:00,3241,16.0043,16.035,15.9763,16.035,15.96,34
2023-05-04 14:27:00,22716,15.9984,15.98,15.9816,16.02,15.97,99
2023-05-04 14:28:00,790,15.9871,15.98,15.98,15.99,15.98,15
2023-05-04 14:29:00,992,15.9916,15.989,15.985,15.99,15.985,16
2023-05-04 14:30:00,4934,15.9611,15.99,15.96,15.99,15.94,77
2023-05-04 14:31:00,2051,15.9358,15.955,15.915,15.955,15.91,51
2023-05-04 14:32:00,8831,15.9165,15.915,15.945,15.96,15.9,90
2023-05-04 14:33:00,656,15.9334,15.9267,15.945,15.945,15.9267,10
2023-05-04 14:34:00,2601,15.9234,15.93,15.93,15.93,15.91,72
2023-05-04 14:35:00,1599,15.9836,15.95,16.01,16.01,15.95,35
2023-05-04 14:36:00,919,15.9703,15.98,15.9779,15.98,15.97,29
2023-05-04 14:37:00,1751,15.9515,15.99,15.9321,15.99,15.9321,40
2023-05-04 14:38:00,1525,15.9229,15.91,15.93,15.93,15.91,35
2023-05-04 14:39:00,2361,15.9413,15.93,15.96,15.96,15.93,31
2023-05-04 14:40:00,2467,15.9378,15.9699,15.92,15.9699,15.92,51
2023-05-04 14:41:00,2324,15.8821,15.9,15.87,15.9,15.8671,42
2023-05-04 14:42:00,5135,15.8607,15.87,15.86,15.87,15.83,81
2023-05-04 14:43:00,4579,15.8384,15.86,15.82,15.86,15.82,59
2023-05-04 14:44:00,17520,15.8405,15.85,15.83,15.852,15.82,165
2023-05-04 14:45:00,8295,15.8523,15.855,15.86,15.86,15.85,134
2023-05-04 14:46:00,3896,15.8906,15.855,15.99,16.0,15.84,80
2023-05-04 14:47:00,1870,15.9733,16.0,15.955,16.0,15.955,35
2023-05-04 14:48:00,771,16.0091,15.98,16.02,16.02,15.98,11
2023-05-04 14:49:00,2602,15.9687,16.0399,16.07,16.07,16.023,26
2023-05-04 14:50:00,2668,16.094,16.065,16.09,16.12,16.04,60
2023-05-04 14:52:00,825,16.152,16.14,16.16,16.16,16.14,21
2023-05-04 14:53:00,3168,16.1719,16.1859,16.1614,16.1859,16.16,21
2023-05-04 14:54:00,1308,16.2045,16.2,16.24,16.24,16.2,33
2023-05-04 14:55:00,2381,16.2685,16.26,16.27,16.29,16.258,42
2023-05-04 14:56:00,3226,16.2437,16.25,16.215,16.25,16.215,63
2023-05-04 14:57:00,733,16.1758,16.19,16.16,16.19,16.16,18
2023-05-04 14:58:00,1112,16.1249,16.13,16.115,16.13,16.1,20
2023-05-04 14:59:00,2568,16.1404,16.115,16.15,16.15,16.115,56
2023-05-04 15:00:00,2384,16.1811,16.18,16.2,16.2,16.16,60
2023-05-04 15:01:00,3469,16.1575,16.17,16.13,16.185,16.12,56
2023-05-04 15:02:00,1427,16.1488,16.15,16.15,16.159,16.14,23
2023-05-04 15:03:00,562,16.1115,16.12,16.115,16.12,16.115,21
2023-05-04 15:04:00,1663,16.1329,16.1399,16.12,16.1399,16.12,17
2023-05-04 15:05:00,2207,16.1616,16.13,16.16,16.18,16.13,48
2023-05-04 15:06:00,215,16.1562,16.1575,16.155,16.1575,16.155,3
2023-05-04 15:07:00,942,16.2096,16.155,16.22,16.22,16.155,23
2023-05-04 15:08:00,2156,16.2193,16.215,16.22,16.24,16.2,48
2023-05-04 15:09:00,1864,16.2671,16.26,16.285,16.285,16.26,16
2023-05-04 15:10:00,467,16.265,16.27,16.27,16.27,16.27,14
2023-05-04 15:11:00,1351,16.2336,16.27,16.28,16.28,16.27,13
2023-05-04 15:12:00,3458,16.2786,16.275,16.28,16.29,16.27,75
2023-05-04 15:13:00,1100,16.3104,16.3,16.34,16.34,16.3,30
2023-05-04 15:14:00,282,16.36,16.36,16.36,16.36,16.36,9
2023-05-04 15:16:00,398,16.3689,16.37,16.36,16.37,16.36,9
2023-05-04 15:17:00,3137,16.3395,16.36,16.33,16.36,16.33,56
2023-05-04 15:18:00,1240,16.3161,16.33,16.3,16.33,16.3,35
2023-05-04 15:19:00,1044,16.3015,16.305,16.29,16.305,16.29,18
2023-05-04 15:20:00,29478,16.2992,16.285,16.3,16.3,16.27,63
2023-05-04 15:21:00,30854,16.3036,16.3,16.345,16.36,16.3,96
2023-05-04 15:22:00,8820,16.3459,16.36,16.36,16.36,16.345,39
2023-05-04 15:23:00,324,16.3551,16.365,16.365,16.365,16.365,5
2023-05-04 15:24:00,2823,16.3336,16.365,16.3,16.365,16.3,75
2023-05-04 15:25:00,441,16.3224,16.32,16.32,16.33,16.32,8
2023-05-04 15:26:00,2551,16.3322,16.32,16.33,16.35,16.3101,40
2023-05-04 15:27:00,2886,16.3524,16.35,16.35,16.375,16.35,55
2023-05-04 15:28:00,899,16.3237,16.345,16.32,16.345,16.32,24
2023-05-04 15:29:00,375,16.3239,16.3283,16.3283,16.3283,16.3283,5
2023-05-04 15:30:00,4429,16.3229,16.32,16.3,16.34,16.3,73
2023-05-04 15:31:00,1846,16.2667,16.29,16.245,16.29,16.24,49
2023-05-04 15:32:00,2916,16.2765,16.245,16.225,16.245,16.22,32
2023-05-04 15:33:00,1031,16.2239,16.225,16.225,16.225,16.225,16
2023-05-04 15:34:00,3323,16.2605,16.24,16.28,16.28,16.24,66
2023-05-04 15:35:00,1973,16.2866,16.29,16.27,16.305,16.27,42
2023-05-04 15:36:00,1086,16.2262,16.25,16.195,16.26,16.195,29
2023-05-04 15:37:00,2051,16.218,16.195,16.24,16.24,16.195,41
2023-05-04 15:38:00,473,16.2468,16.235,16.25,16.25,16.235,10
2023-05-04 15:39:00,1460,16.2389,16.25,16.235,16.25,16.23,28
2023-05-04 15:40:00,2260,16.255,16.235,16.26,16.27,16.235,40
2023-05-04 15:41:00,2701,16.2413,16.275,16.225,16.275,16.22,46
2023-05-04 15:42:00,2627,16.236,16.22,16.225,16.225,16.215,26
2023-05-04 15:43:00,864,16.229,16.23,16.23,16.23,16.22,20
2023-05-04 15:44:00,2127,16.2422,16.235,16.25,16.27,16.23,37
2023-05-04 15:45:00,964,16.2291,16.23,16.22,16.24,16.22,15
2023-05-04 15:46:00,2869,16.2023,16.23,16.18,16.23,16.18,66
2023-05-04 15:47:00,1557,16.1442,16.13,16.115,16.14,16.115,35
2023-05-04 15:48:00,1839,16.1123,16.1,16.1,16.11,16.09,44
2023-05-04 15:49:00,931,16.0975,16.105,16.09,16.105,16.09,29
2023-05-04 15:50:00,2629,16.0787,16.08,16.09,16.09,16.06,47
2023-05-04 15:51:00,1731,16.111,16.11,16.12,16.12,16.11,43
2023-05-04 15:52:00,2330,16.0841,16.11,16.08,16.11,16.07,41
2023-05-04 15:53:00,205,16.0749,16.075,16.075,16.075,16.075,3
2023-05-04 15:54:00,815,16.0653,16.065,16.0665,16.0665,16.065,15
2023-05-04 15:55:00,2195,16.0831,16.05,16.11,16.11,16.05,44
2023-05-04 15:56:00,1135,16.0914,16.085,16.085,16.085,16.085,21
2023-05-04 15:57:00,528,16.0665,16.07,16.065,16.07,16.065,13
2023-05-04 15:58:00,2021,16.1127,16.08,16.145,16.145,16.08,56
2023-05-04 15:59:00,1712,16.1416,16.16,16.1,16.17,16.1,43
2023-05-04 16:00:00,1175,16.1223,16.12,16.13,16.13,16.115,12
2023-05-04 16:01:00,413,16.1148,16.115,16.115,16.115,16.115,8
2023-05-04 16:02:00,500,16.117,16.115,16.115,16.12,16.115,5
2023-05-04 16:03:00,481,16.1171,16.12,16.115,16.12,16.115,5
2023-05-04 16:04:00,613,16.1165,16.115,16.115,16.115,16.115,12
2023-05-04 16:05:00,5056,16.1182,16.115,16.13,16.13,16.1,108
2023-05-04 16:06:00,2038,16.1268,16.1,16.16,16.16,16.1,46
2023-05-04 16:07:00,1511,16.1265,16.16,16.11,16.16,16.11,47
2023-05-04 16:08:00,836,16.0952,16.1,16.09,16.1,16.09,20
2023-05-04 16:09:00,850,16.1069,16.1,16.11,16.11,16.1,16
2023-05-04 16:10:00,2750,16.1058,16.1,16.1,16.12,16.1,38
2023-05-04 16:11:00,499,16.1003,16.1,16.1,16.1,16.1,10
2023-05-04 16:12:00,2046,16.1234,16.11,16.14,16.14,16.11,50
2023-05-04 16:13:00,2824,16.1348,16.14,16.16,16.16,16.12,55
2023-05-04 16:14:00,3190,16.1913,16.16,16.24,16.24,16.16,59
2023-05-04 16:15:00,2109,16.2701,16.24,16.32,16.32,16.24,40
2023-05-04 16:16:00,4260,16.2972,16.32,16.275,16.33,16.275,55
2023-05-04 16:17:00,2169,16.3124,16.31,16.305,16.335,16.3,33
2023-05-04 16:18:00,2097,16.2709,16.29,16.24,16.315,16.24,37
2023-05-04 16:19:00,728,16.2339,16.235,16.23,16.235,16.23,21
2023-05-04 16:20:00,1568,16.2428,16.24,16.25,16.25,16.23,37
2023-05-04 16:21:00,7340,16.2579,16.2575,16.25,16.27,16.25,30
2023-05-04 16:22:00,1193,16.25,16.25,16.24,16.255,16.24,19
2023-05-04 16:23:00,878,16.2528,16.24,16.26,16.26,16.24,18
2023-05-04 16:24:00,1144,16.2422,16.24,16.24,16.24,16.23,23
2023-05-04 16:25:00,2852,16.2559,16.25,16.26,16.26,16.25,44
2023-05-04 16:26:00,1946,16.232,16.245,16.22,16.245,16.22,44
2023-05-04 16:27:00,1543,16.2257,16.22,16.22,16.23,16.22,28
2023-05-04 16:28:00,1088,16.2379,16.23,16.23,16.245,16.23,21
2023-05-04 16:29:00,2452,16.2225,16.23,16.225,16.23,16.21,42
2023-05-04 16:30:00,1388,16.2248,16.23,16.22,16.23,16.22,22
2023-05-04 16:31:00,3718,16.2163,16.22,16.245,16.245,16.2,67
2023-05-04 16:32:00,1099,16.2294,16.25,16.21,16.25,16.21,27
2023-05-04 16:33:00,498,16.188,16.19,16.19,16.19,16.19,11
2023-05-04 16:34:00,1409,16.1759,16.19,16.165,16.19,16.165,30
2023-05-04 16:35:00,1399,16.1601,16.165,16.16,16.165,16.16,23
2023-05-04 16:36:00,2378,16.1747,16.1617,16.175,16.18,16.1617,42
2023-05-04 16:37:00,2292,16.1822,16.175,16.18,16.18,16.175,45
2023-05-04 16:38:00,1221,16.1947,16.19,16.2,16.2,16.19,42
2023-05-04 16:39:00,4023,16.2081,16.21,16.21,16.21,16.2,80
2023-05-04 16:40:00,3079,16.2244,16.21,16.22,16.25,16.21,68
2023-05-04 16:41:00,916,16.2166,16.22,16.22,16.22,16.22,16
2023-05-04 16:42:00,3485,16.2196,16.21,16.24,16.24,16.21,48
2023-05-04 16:43:00,763,16.2299,16.23,16.23,16.23,16.23,10
2023-05-04 16:44:00,9719,16.2218,16.22,16.22,16.23,16.22,101
2023-05-04 16:45:00,724,16.22,16.22,16.22,16.22,16.22,14
2023-05-04 16:46:00,2105,16.226,16.22,16.22,16.235,16.22,37
2023-05-04 16:47:00,5270,16.2056,16.22,16.1954,16.22,16.1954,88
2023-05-04 16:48:00,1888,16.2093,16.2,16.21,16.21,16.2,29
2023-05-04 16:49:00,509,16.21,16.21,16.21,16.21,16.21,7
2023-05-04 16:50:00,2959,16.2189,16.22,16.21,16.225,16.21,63
2023-05-04 16:51:00,586,16.2138,16.22,16.21,16.22,16.21,20
2023-05-04 16:52:00,3996,16.1883,16.21,16.145,16.21,16.145,80
2023-05-04 16:53:00,2000,16.1452,16.145,16.13,16.15,16.13,43
2023-05-04 16:54:00,507,16.1361,16.1399,16.13,16.1399,16.13,8
2023-05-04 16:55:00,2019,16.1441,16.13,16.15,16.15,16.13,42
2023-05-04 16:56:00,1822,16.1635,16.16,16.175,16.175,16.16,44
2023-05-04 16:57:00,1478,16.2006,16.18,16.22,16.22,16.18,39
2023-05-04 16:58:00,815,16.2529,16.24,16.27,16.27,16.24,19
2023-05-04 16:59:00,762,16.2858,16.28,16.295,16.295,16.28,21
2023-05-04 17:00:00,4515,16.2713,16.295,16.25,16.3,16.24,77
2023-05-04 17:01:00,1052,16.239,16.25,16.23,16.25,16.23,23
2023-05-04 17:02:00,1000,16.2155,16.22,16.215,16.22,16.21,9
2023-05-04 17:03:00,460,16.2109,16.22,16.2,16.22,16.2,8
2023-05-04 17:04:00,753,16.1796,16.19,16.18,16.19,16.175,18
2023-05-04 17:05:00,3485,16.1974,16.19,16.22,16.22,16.18,68
2023-05-04 17:06:00,981,16.2391,16.23,16.24,16.25,16.23,24
2023-05-04 17:07:00,2040,16.2397,16.25,16.22,16.25,16.22,30
2023-05-04 17:08:00,843,16.2282,16.22,16.23,16.23,16.22,15
2023-05-04 17:09:00,1944,16.2361,16.23,16.24,16.24,16.23,37
2023-05-04 17:10:00,4177,16.2702,16.24,16.29,16.29,16.24,41
2023-05-04 17:12:00,2755,16.2738,16.28,16.26,16.28,16.26,31
2023-05-04 17:13:00,1845,16.2749,16.27,16.27,16.28,16.27,34
2023-05-04 17:14:00,580,16.2718,16.275,16.27,16.275,16.27,14
2023-05-04 17:15:00,1553,16.2807,16.26,16.305,16.305,16.26,34
2023-05-04 17:16:00,806,16.2928,16.305,16.295,16.305,16.29,16
2023-05-04 17:17:00,1565,16.3095,16.3,16.325,16.325,16.2921,37
2023-05-04 17:18:00,4855,16.3292,16.325,16.34,16.345,16.32,74
2023-05-04 17:19:00,438,16.3254,16.33,16.325,16.33,16.325,9
2023-05-04 17:20:00,967,16.3075,16.32,16.3,16.32,16.3,15
2023-05-04 17:21:00,1178,16.3012,16.3,16.3165,16.3165,16.3,26
2023-05-04 17:22:00,4623,16.3327,16.32,16.35,16.35,16.32,84
2023-05-04 17:23:00,1047,16.34,16.35,16.35,16.35,16.3429,17
2023-05-04 17:24:00,910,16.3394,16.35,16.345,16.35,16.33,16
2023-05-04 17:25:00,399,16.345,16.345,16.345,16.345,16.345,6
2023-05-04 17:26:00,5720,16.3118,16.345,16.28,16.345,16.28,77
2023-05-04 17:27:00,738,16.2812,16.28,16.28,16.28,16.28,19
2023-05-04 17:28:00,8502,16.3169,16.29,16.32,16.35,16.29,106
2023-05-04 17:29:00,1069,16.3386,16.33,16.345,16.345,16.33,21
2023-05-04 17:30:00,587,16.3429,16.34,16.35,16.35,16.34,9
2023-05-04 17:31:00,2183,16.3637,16.36,16.365,16.37,16.36,33
2023-05-04 17:32:00,1664,16.3821,16.365,16.39,16.39,16.365,26
2023-05-04 17:33:00,504,16.3886,16.4,16.4,16.4,16.4,14
2023-05-04 17:34:00,2614,16.3988,16.4,16.42,16.42,16.385,54
2023-05-04 17:35:00,2207,16.4188,16.435,16.39,16.44,16.39,42
2023-05-04 17:36:00,1604,16.4063,16.395,16.41,16.42,16.395,38
2023-05-04 17:37:00,1066,16.4095,16.41,16.4,16.42,16.4,25
2023-05-04 17:38:00,2130,16.3838,16.39,16.38,16.39,16.37,31
2023-05-04 17:39:00,1200,16.385,16.385,16.385,16.385,16.385,6
2023-05-04 17:40:00,1272,16.3649,16.37,16.365,16.37,16.36,21
2023-05-04 17:41:00,904,16.3583,16.36,16.36,16.36,16.35,30
2023-05-04 17:42:00,1295,16.3603,16.36,16.36,16.36,16.36,30
2023-05-04 17:43:00,2819,16.3404,16.35,16.35,16.35,16.32,55
2023-05-04 17:44:00,474,16.3496,16.35,16.35,16.35,16.35,10
2023-05-04 17:45:00,2042,16.3551,16.35,16.36,16.36,16.35,33
2023-05-04 17:46:00,4050,16.3735,16.37,16.35,16.39,16.35,84
2023-05-04 17:47:00,1348,16.3428,16.35,16.34,16.35,16.34,16
2023-05-04 17:48:00,4447,16.3134,16.33,16.325,16.33,16.3,77
2023-05-04 17:49:00,540,16.3211,16.315,16.315,16.315,16.315,9
2023-05-04 17:50:00,2213,16.3234,16.31,16.32,16.34,16.31,49
2023-05-04 17:51:00,1276,16.3286,16.33,16.33,16.34,16.32,25
2023-05-04 17:52:00,2714,16.3325,16.33,16.35,16.35,16.32,46
2023-05-04 17:53:00,2137,16.3534,16.33,16.36,16.36,16.33,49
2023-05-04 17:54:00,512,16.362,16.365,16.365,16.365,16.36,7
2023-05-04 17:55:00,2277,16.372,16.37,16.38,16.38,16.365,46
2023-05-04 17:56:00,392,16.374,16.38,16.38,16.38,16.38,6
2023-05-04 17:57:00,1483,16.3788,16.385,16.38,16.385,16.37,31
2023-05-04 17:58:00,393,16.3713,16.3728,16.365,16.3728,16.365,7
2023-05-04 17:59:00,1279,16.3814,16.375,16.39,16.39,16.375,30
2023-05-04 18:00:00,1510,16.3828,16.38,16.38,16.39,16.38,28
2023-05-04 18:01:00,1047,16.3703,16.37,16.37,16.37,16.37,22
2023-05-04 18:02:00,1365,16.3782,16.38,16.38,16.38,16.38,24
2023-05-04 18:03:00,950,16.3827,16.38,16.38,16.39,16.38,24
2023-05-04 18:04:00,3254,16.3489,16.38,16.33,16.38,16.33,67
2023-05-04 18:05:00,1808,16.3372,16.33,16.33,16.34,16.33,37
2023-05-04 18:06:00,618,16.3358,16.335,16.335,16.335,16.335,8
2023-05-04 18:07:00,1140,16.3391,16.335,16.34,16.34,16.33,19
2023-05-04 18:08:00,2167,16.3487,16.35,16.34,16.355,16.34,46
2023-05-04 18:09:00,1223,16.3551,16.35,16.36,16.36,16.35,23
2023-05-04 18:10:00,2427,16.3716,16.37,16.365,16.38,16.36,40
2023-05-04 18:11:00,2712,16.3542,16.36,16.34,16.36,16.34,45
2023-05-04 18:12:00,874,16.348,16.345,16.35,16.35,16.345,25
2023-05-04 18:13:00,1232,16.3507,16.355,16.345,16.355,16.345,14
2023-05-04 18:14:00,788,16.3413,16.34,16.34,16.34,16.34,11
2023-05-04 18:15:00,1251,16.3459,16.35,16.34,16.35,16.34,31
2023-05-04 18:16:00,1366,16.3472,16.34,16.35,16.35,16.34,30
2023-05-04 18:17:00,1812,16.3293,16.34,16.3281,16.34,16.3281,43
2023-05-04 18:18:00,1347,16.3122,16.32,16.3,16.32,16.3,25
2023-05-04 18:19:00,211,16.2997,16.3,16.3,16.3,16.3,4
2023-05-04 18:20:00,1479,16.3101,16.3,16.315,16.315,16.3,40
2023-05-04 18:21:00,1403,16.2967,16.3,16.29,16.3,16.29,44
2023-05-04 18:22:00,934,16.2824,16.285,16.28,16.285,16.28,14
2023-05-04 18:23:00,744,16.2783,16.28,16.28,16.28,16.28,21
2023-05-04 18:24:00,3784,16.3039,16.28,16.32,16.32,16.28,84
2023-05-04 18:25:00,850,16.3174,16.32,16.32,16.32,16.32,22
2023-05-04 18:26:00,2206,16.3005,16.32,16.28,16.32,16.28,49
2023-05-04 18:27:00,531,16.2708,16.27,16.27,16.27,16.27,9
2023-05-04 18:28:00,2417,16.2896,16.28,16.29,16.3,16.28,52
2023-05-04 18:29:00,1637,16.2807,16.29,16.27,16.29,16.27,24
2023-05-04 18:30:00,2995,16.2744,16.26,16.265,16.285,16.26,50
2023-05-04 18:31:00,2999,16.2478,16.265,16.25,16.265,16.24,40
2023-05-04 18:32:00,2973,16.2639,16.24,16.295,16.295,16.24,61
2023-05-04 18:33:00,267,16.2937,16.295,16.295,16.295,16.295,3
2023-05-04 18:34:00,370,16.2912,16.295,16.295,16.295,16.295,8
2023-05-04 18:35:00,1959,16.3131,16.31,16.34,16.34,16.31,33
2023-05-04 18:36:00,836,16.3249,16.33,16.335,16.335,16.33,16
2023-05-04 18:37:00,2498,16.3075,16.335,16.3,16.335,16.3,44
2023-05-04 18:38:00,1994,16.2991,16.305,16.295,16.305,16.295,45
2023-05-04 18:39:00,959,16.2875,16.29,16.285,16.29,16.285,22
2023-05-04 18:40:00,434,16.2842,16.285,16.28,16.285,16.28,11
2023-05-04 18:41:00,3470,16.2651,16.28,16.265,16.28,16.25,63
2023-05-04 18:42:00,362,16.265,16.265,16.265,16.265,16.265,4
2023-05-04 18:43:00,331,16.2683,16.265,16.265,16.265,16.265,5
2023-05-04 18:44:00,459,16.265,16.265,16.265,16.265,16.265,10
2023-05-04 18:45:00,3970,16.283,16.265,16.3,16.3,16.265,91
2023-05-04 18:46:00,3590,16.306,16.3,16.29,16.32,16.29,70
2023-05-04 18:47:00,2237,16.2816,16.29,16.28,16.29,16.28,46
2023-05-04 18:48:00,421,16.2688,16.265,16.265,16.265,16.265,10
2023-05-04 18:49:00,1627,16.2631,16.265,16.255,16.265,16.255,22
2023-05-04 18:50:00,2948,16.259,16.25,16.28,16.28,16.245,66
2023-05-04 18:51:00,945,16.2751,16.28,16.28,16.28,16.28,13
2023-05-04 18:52:00,1777,16.2758,16.28,16.28,16.28,16.27,29
2023-05-04 18:53:00,1709,16.2886,16.28,16.29,16.31,16.28,36
2023-05-04 18:54:00,874,16.2969,16.3,16.295,16.3,16.295,16
2023-05-04 18:55:00,2921,16.308,16.3,16.31,16.315,16.3,50
2023-05-04 18:56:00,1507,16.337,16.32,16.34,16.35,16.32,49
2023-05-04 18:57:00,3140,16.3652,16.36,16.355,16.38,16.35,89
2023-05-04 18:58:00,366,16.35,16.35,16.35,16.35,16.35,8
2023-05-04 18:59:00,580,16.35,16.35,16.35,16.35,16.35,12
2023-05-04 19:00:00,1659,16.3605,16.36,16.365,16.365,16.36,40
2023-05-04 19:01:00,2361,16.3675,16.37,16.375,16.375,16.365,46
2023-05-04 19:02:00,3480,16.3632,16.375,16.36,16.375,16.36,47
2023-05-04 19:03:00,1918,16.3707,16.37,16.37,16.375,16.37,38
2023-05-04 19:04:00,542,16.3709,16.37,16.37,16.375,16.37,11
2023-05-04 19:05:00,768,16.3713,16.37,16.375,16.375,16.37,15
2023-05-04 19:06:00,2864,16.3785,16.375,16.38,16.38,16.37,49
2023-05-04 19:07:00,5151,16.4174,16.4,16.42,16.43,16.4,80
2023-05-04 19:08:00,3885,16.4037,16.42,16.365,16.425,16.365,91
2023-05-04 19:09:00,2558,16.3747,16.36,16.38,16.38,16.36,49
2023-05-04 19:10:00,1696,16.3754,16.385,16.36,16.385,16.36,24
2023-05-04 19:11:00,1032,16.3732,16.36,16.36,16.36,16.36,10
2023-05-04 19:12:00,1649,16.3443,16.35,16.331,16.35,16.331,25
2023-05-04 19:13:00,3271,16.3265,16.33,16.315,16.33,16.315,66
2023-05-04 19:14:00,502,16.3188,16.315,16.31,16.315,16.31,6
2023-05-04 19:15:00,5379,16.2781,16.31,16.28,16.31,16.25,107
2023-05-04 19:16:00,3589,16.2683,16.265,16.255,16.285,16.255,42
2023-05-04 19:17:00,361,16.2521,16.25,16.25,16.25,16.25,5
2023-05-04 19:18:00,2516,16.2599,16.25,16.26,16.26,16.25,44
2023-05-04 19:19:00,1005,16.2684,16.26,16.275,16.275,16.26,20
2023-05-04 19:20:00,1835,16.2788,16.275,16.2825,16.2825,16.275,31
2023-05-04 19:21:00,3463,16.2803,16.285,16.285,16.285,16.275,52
2023-05-04 19:22:00,1727,16.2798,16.285,16.275,16.285,16.275,22
2023-05-04 19:23:00,3640,16.2743,16.275,16.265,16.28,16.26,58
2023-05-04 19:24:00,1267,16.2764,16.27,16.28,16.28,16.27,27
2023-05-04 19:25:00,3645,16.3104,16.28,16.315,16.335,16.28,67
2023-05-04 19:26:00,3614,16.3143,16.32,16.305,16.325,16.3,49
2023-05-04 19:27:00,856,16.3053,16.305,16.31,16.31,16.305,16
2023-05-04 19:28:00,521,16.305,16.305,16.305,16.305,16.305,8
2023-05-04 19:29:00,5255,16.3164,16.31,16.31,16.33,16.31,66
2023-05-04 19:30:00,3721,16.3123,16.305,16.32,16.32,16.3,66
2023-05-04 19:31:00,2408,16.3201,16.32,16.32,16.325,16.315,43
2023-05-04 19:32:00,3239,16.331,16.32,16.34,16.34,16.32,58
2023-05-04 19:33:00,2591,16.3333,16.345,16.325,16.345,16.325,33
2023-05-04 19:34:00,2216,16.3197,16.325,16.315,16.325,16.315,32
2023-05-04 19:35:00,4044,16.3201,16.31,16.32,16.33,16.31,76
2023-05-04 19:36:00,3417,16.3407,16.33,16.36,16.36,16.33,65
2023-05-04 19:37:00,13542,16.3978,16.36,16.43,16.43,16.36,67
2023-05-04 19:38:00,6425,16.3638,16.39,16.36,16.39,16.34,102
2023-05-04 19:39:00,2607,16.3743,16.37,16.39,16.39,16.36,56
2023-05-04 19:40:00,3416,16.419,16.4,16.425,16.43,16.4,59
2023-05-04 19:41:00,514,16.4181,16.425,16.425,16.425,16.425,9
2023-05-04 19:42:00,7808,16.3892,16.41,16.335,16.41,16.335,130
2023-05-04 19:43:00,4778,16.3445,16.34,16.34,16.35,16.33,68
2023-05-04 19:44:00,4602,16.316,16.32,16.325,16.325,16.3,84
2023-05-04 19:45:00,5461,16.3259,16.32,16.315,16.325,16.305,84
2023-05-04 19:46:00,9930,16.3469,16.32,16.38,16.38,16.315,163
2023-05-04 19:47:00,1543,16.386,16.38,16.4,16.4,16.37,33
2023-05-04 19:48:00,1618,16.3754,16.385,16.385,16.4,16.385,21
2023-05-04 19:49:00,3673,16.4005,16.385,16.42,16.42,16.385,71
2023-05-04 19:50:00,14092,16.4154,16.41,16.46,16.46,16.39,196
2023-05-04 19:51:00,2995,16.4277,16.44,16.42,16.44,16.42,40
2023-05-04 19:52:00,6179,16.4343,16.42,16.46,16.46,16.41,106
2023-05-04 19:53:00,7731,16.4555,16.47,16.45,16.47,16.44,124
2023-05-04 19:54:00,5814,16.4364,16.45,16.425,16.46,16.42,139
2023-05-04 19:55:00,17345,16.4056,16.42,16.415,16.43,16.39,256
2023-05-04 19:56:00,11021,16.4194,16.41,16.435,16.44,16.41,182
2023-05-04 19:57:00,12788,16.4419,16.435,16.445,16.45,16.43,199
2023-05-04 19:58:00,17892,16.4496,16.45,16.46,16.46,16.44,254
2023-05-04 19:59:00,17546,16.4521,16.46,16.44,16.465,16.44,296
2023-05-04 20:00:00,13920,16.45,16.45,16.45,16.45,16.45,13
2023-05-05 12:32:00,708,16.7501,16.75,16.75,16.75,16.75,3
2023-05-05 12:38:00,800,16.7594,16.7594,16.7594,16.7594,16.7594,1
2023-05-05 12:39:00,750,16.7593,16.7593,16.7593,16.7593,16.7593,1
2023-05-05 13:06:00,100,17.27,17.27,17.27,17.27,17.27,1
2023-05-05 13:15:00,290,17.27,17.27,17.27,17.27,17.27,1
2023-05-05 13:25:00,1967,16.7631,16.77,16.76,16.77,16.76,14
2023-05-05 13:29:00,392,16.8747,16.9,16.9,16.9,16.9,6
2023-05-05 13:30:00,20391,16.9396,16.93,17.13,17.13,16.93,28
2023-05-05 13:31:00,1593,17.2159,17.25,17.25,17.25,17.135,19
2023-05-05 13:32:00,5317,17.2802,17.14,17.28,17.38,17.135,86
2023-05-05 13:33:00,1845,17.2683,17.26,17.21,17.3,17.21,31
2023-05-05 13:34:00,4070,17.2247,17.26,17.3,17.3,17.12,64
2023-05-05 13:35:00,16056,17.4377,17.3,17.515,17.58,17.3,171
2023-05-05 13:36:00,10741,17.5772,17.51,17.57,17.7,17.51,94
2023-05-05 13:37:00,12377,17.6144,17.55,17.565,17.72,17.49,165
2023-05-05 13:38:00,1141,17.464,17.505,17.505,17.505,17.4101,11
2023-05-05 13:39:00,2712,17.4226,17.48,17.46,17.48,17.32,45
2023-05-05 13:40:00,2352,17.4644,17.49,17.415,17.5,17.415,66
2023-05-05 13:41:00,2623,17.5829,17.47,17.69,17.69,17.47,47
2023-05-05 13:42:00,1331,17.6614,17.67,17.68,17.68,17.62,32
2023-05-05 13:43:00,4770,17.6483,17.664,17.67,17.6792,17.6,97
2023-05-05 13:44:00,6086,17.6018,17.68,17.565,17.68,17.55,102
2023-05-05 13:45:00,2205,17.6069,17.5687,17.67,17.67,17.555,30
2023-05-05 13:46:00,7153,17.6889,17.67,17.69,17.75,17.67,92
2023-05-05 13:47:00,6556,17.6179,17.71,17.595,17.73,17.55,71
2023-05-05 13:48:00,1126,17.5773,17.55,17.57,17.5895,17.55,25
2023-05-05 13:49:00,1937,17.5809,17.59,17.565,17.64,17.565,23
2023-05-05 13:50:00,7965,17.549,17.53,17.615,17.615,17.5,89
2023-05-05 13:51:00,12971,17.598,17.6196,17.58,17.62,17.54,73
2023-05-05 13:52:00,4711,17.6183,17.6,17.605,17.65,17.595,93
2023-05-05 13:53:00,8422,17.5746,17.605,17.61,17.61,17.53,66
2023-05-05 13:54:00,7679,17.6254,17.63,17.64,17.64,17.61,81
2023-05-05 13:55:00,995,17.618,17.64,17.5875,17.64,17.5875,17
2023-05-05 13:56:00,23939,17.5312,17.63,17.525,17.64,17.51,132
2023-05-05 13:57:00,10338,17.4584,17.535,17.35,17.535,17.27,96
2023-05-05 13:58:00,3251,17.3566,17.27,17.35,17.39,17.27,48
2023-05-05 13:59:00,540,17.3978,17.37,17.37,17.37,17.37,14
2023-05-05 14:00:00,2107,17.433,17.41,17.44,17.47,17.41,25
2023-05-05 14:01:00,4978,17.4046,17.43,17.43,17.43,17.39,73
2023-05-05 14:02:00,2080,17.4355,17.42,17.46,17.46,17.42,32
2023-05-05 14:03:00,1975,17.4036,17.42,17.41,17.42,17.39,23
2023-05-05 14:04:00,4082,17.3632,17.4,17.31,17.41,17.31,52
2023-05-05 14:05:00,585,17.3015,17.28,17.26,17.33,17.26,15
2023-05-05 14:06:00,1268,17.3309,17.32,17.33,17.33,17.3,28
2023-05-05 14:07:00,2435,17.3294,17.305,17.35,17.35,17.305,34
2023-05-05 14:08:00,2580,17.3861,17.36,17.39,17.39,17.36,49
2023-05-05 14:09:00,2407,17.3382,17.36,17.32,17.36,17.32,45
2023-05-05 14:10:00,2534,17.3109,17.345,17.235,17.36,17.235,43
2023-05-05 14:12:00,1226,17.2399,17.265,17.21,17.3,17.21,18
2023-05-05 14:13:00,569,17.223,17.21,17.21,17.21,17.21,16
2023-05-05 14:14:00,1792,17.2644,17.235,17.265,17.27,17.235,52
2023-05-05 14:15:00,2196,17.2735,17.265,17.27,17.29,17.26,32
2023-05-05 14:16:00,2097,17.3071,17.29,17.315,17.32,17.2788,37
2023-05-05 14:17:00,2865,17.3294,17.34,17.33,17.36,17.33,30
2023-05-05 14:18:00,2635,17.4234,17.38,17.445,17.47,17.375,47
2023-05-05 14:19:00,1500,17.4551,17.47,17.445,17.47,17.445,27
2023-05-05 14:20:00,2581,17.4734,17.46,17.5,17.5,17.445,48
2023-05-05 14:21:00,3490,17.4758,17.5,17.45,17.5,17.45,57
2023-05-05 14:22:00,1065,17.4547,17.45,17.45,17.4705,17.45,11
2023-05-05 14:23:00,2959,17.4759,17.45,17.48,17.49,17.45,54
2023-05-05 14:24:00,802,17.4733,17.47,17.47,17.47,17.47,12
2023-05-05 14:25:00,5517,17.5407,17.48,17.6,17.6,17.48,81
2023-05-05 14:26:00,5165,17.6121,17.605,17.6,17.63,17.6,100
2023-05-05 14:27:00,2699,17.6023,17.6,17.6,17.615,17.59,40
2023-05-05 14:28:00,9300,17.5943,17.6,17.62,17.62,17.58,94
2023-05-05 14:30:00,4560,17.6399,17.63,17.64,17.66,17.63,65
2023-05-05 14:31:00,5369,17.6588,17.65,17.64,17.677,17.64,72
2023-05-05 14:32:00,3478,17.6305,17.64,17.65,17.65,17.62,49
2023-05-05 14:33:00,3380,17.6496,17.66,17.67,17.67,17.625,62
2023-05-05 14:34:00,2684,17.6827,17.67,17.69,17.69,17.67,30
2023-05-05 14:35:00,4467,17.6815,17.7,17.7,17.7,17.655,83
2023-05-05 14:36:00,3788,17.7324,17.71,17.73,17.74,17.71,47
2023-05-05 14:37:00,2797,17.744,17.74,17.735,17.76,17.73,31
2023-05-05 14:38:00,4060,17.7401,17.75,17.726,17.76,17.72,66
2023-05-05 14:39:00,402,17.7412,17.75,17.725,17.75,17.725,7
2023-05-05 14:40:00,5946,17.7624,17.75,17.8,17.805,17.74,96
2023-05-05 14:41:00,3937,17.8163,17.8042,17.81,17.835,17.8042,60
2023-05-05 14:42:00,4744,17.7759,17.79,17.785,17.795,17.75,52
2023-05-05 14:43:00,1475,17.8029,17.785,17.8,17.81,17.785,30
2023-05-05 14:44:00,2603,17.8393,17.81,17.89,17.89,17.81,42
2023-05-05 14:45:00,5797,17.847,17.89,17.87,17.89,17.825,67
2023-05-05 14:46:00,2721,17.8636,17.85,17.855,17.88,17.85,28
2023-05-05 14:47:00,7819,17.8301,17.855,17.835,17.86,17.795,96
2023-05-05 14:48:00,7010,17.8307,17.83,17.81,17.86,17.79,84
2023-05-05 14:49:00,3771,17.7618,17.78,17.72,17.8,17.72,66
2023-05-05 14:50:00,4156,17.7397,17.725,17.69,17.77,17.69,59
2023-05-05 14:51:00,16124,17.7826,17.7,17.78,17.81,17.68,123
2023-05-05 14:52:00,2287,17.7552,17.75,17.74,17.78,17.74,35
2023-05-05 14:54:00,1954,17.7405,17.7638,17.73,17.7638,17.73,28
2023-05-05 14:55:00,934,17.6934,17.715,17.66,17.715,17.66,25
2023-05-05 14:56:00,3093,17.6734,17.685,17.66,17.685,17.66,52
2023-05-05 14:57:00,2630,17.6549,17.675,17.66,17.675,17.62,45
2023-05-05 14:58:00,2787,17.6468,17.66,17.64,17.66,17.6336,34
2023-05-05 14:59:00,3467,17.6826,17.64,17.64,17.66,17.6312,43
2023-05-05 15:00:00,2643,17.6623,17.66,17.665,17.68,17.66,39
2023-05-05 15:01:00,706,17.6671,17.665,17.665,17.665,17.665,10
2023-05-05 15:02:00,949,17.6611,17.665,17.665,17.665,17.665,11
2023-05-05 15:03:00,324,17.665,17.665,17.665,17.665,17.665,4
2023-05-05 15:04:00,3673,17.7119,17.69,17.735,17.74,17.69,79
2023-05-05 15:05:00,2352,17.725,17.735,17.715,17.735,17.715,33
2023-05-05 15:06:00,1169,17.7293,17.715,17.74,17.74,17.715,21
2023-05-05 15:07:00,1324,17.7345,17.74,17.73,17.74,17.73,20
2023-05-05 15:08:00,1967,17.733,17.72,17.74,17.74,17.72,36
2023-05-05 15:09:00,5230,17.6985,17.74,17.67,17.74,17.655,84
2023-05-05 15:10:00,2603,17.6913,17.655,17.675,17.675,17.655,23
2023-05-05 15:11:00,4033,17.6537,17.68,17.63,17.68,17.62,67
2023-05-05 15:12:00,3341,17.6505,17.631,17.675,17.675,17.62,53
2023-05-05 15:13:00,3382,17.6624,17.675,17.65,17.675,17.65,29
2023-05-05 15:14:00,1535,17.6672,17.65,17.68,17.68,17.65,32
2023-05-05 15:15:00,970,17.6839,17.69,17.685,17.69,17.6708,17
2023-05-05 15:16:00,932,17.6896,17.7,17.6875,17.7,17.685,18
2023-05-05 15:17:00,2998,17.6714,17.685,17.64,17.685,17.64,55
2023-05-05 15:18:00,4429,17.685,17.655,17.68,17.7,17.655,70
2023-05-05 15:19:00,2369,17.658,17.68,17.655,17.68,17.6397,34
2023-05-05 15:20:00,2307,17.6817,17.655,17.68,17.69,17.655,37
2023-05-05 15:21:00,3227,17.6843,17.69,17.68,17.69,17.67,54
2023-05-05 15:22:00,1606,17.6826,17.68,17.68,17.69,17.68,34
2023-05-05 15:23:00,2649,17.6962,17.675,17.715,17.72,17.675,58
2023-05-05 15:24:00,517,17.7348,17.73,17.735,17.745,17.73,12
2023-05-05 15:25:00,401,17.7451,17.745,17.745,17.745,17.745,4
2023-05-05 15:26:00,3172,17.7646,17.75,17.7828,17.7828,17.75,50
2023-05-05 15:27:00,876,17.7977,17.79,17.815,17.815,17.79,18
2023-05-05 15:28:00,500,17.8212,17.815,17.837,17.837,17.815,13
2023-05-05 15:29:00,209,17.828,17.83,17.825,17.83,17.825,4
2023-05-05 15:30:00,4511,17.8244,17.825,17.81,17.83,17.81,59
2023-05-05 15:31:00,1564,17.813,17.815,17.815,17.82,17.8,15
2023-05-05 15:32:00,1728,17.8208,17.81,17.825,17.83,17.81,41
2023-05-05 15:33:00,1275,17.8177,17.825,17.82,17.825,17.81,20
2023-05-05 15:34:00,1212,17.8072,17.805,17.805,17.81,17.805,15
2023-05-05 15:35:00,2183,17.7964,17.805,17.785,17.805,17.785,36
2023-05-05 15:36:00,2883,17.8029,17.8,17.795,17.8,17.795,32
2023-05-05 15:38:00,2398,17.7882,17.795,17.79,17.795,17.78,33
2023-05-05 15:39:00,452,17.79,17.79,17.79,17.79,17.79,9
2023-05-05 15:40:00,6138,17.7771,17.79,17.77,17.79,17.765,80
2023-05-05 15:41:00,2139,17.7484,17.765,17.735,17.765,17.73,29
2023-05-05 15:42:00,3586,17.7386,17.725,17.75,17.76,17.72,76
2023-05-05 15:43:00,2578,17.7617,17.76,17.78,17.78,17.75,54
2023-05-05 15:44:00,555,17.7658,17.765,17.765,17.765,17.765,14
2023-05-05 15:45:00,136,17.7615,17.765,17.765,17.765,17.765,3
2023-05-05 15:46:00,3952,17.7837,17.778,17.8,17.8,17.765,76
2023-05-05 15:47:00,1351,17.8164,17.81,17.85,17.85,17.81,32
2023-05-05 15:48:00,3520,17.8554,17.85,17.87,17.88,17.85,46
2023-05-05 15:49:00,2686,17.8726,17.87,17.86,17.89,17.855,62
2023-05-05 15:50:00,4368,17.8218,17.855,17.795,17.86,17.79,64
2023-05-05 15:51:00,634,17.8168,17.82,17.825,17.825,17.82,17
2023-05-05 15:52:00,2358,17.8327,17.8499,17.8,17.8499,17.8,30
2023-05-05 15:53:00,461,17.7969,17.8,17.8,17.8,17.7984,6
2023-05-05 15:54:00,795,17.8,17.8,17.8,17.8,17.8,6
2023-05-05 15:55:00,664,17.7981,17.8,17.8,17.8,17.8,14
2023-05-05 15:56:00,681,17.8077,17.82,17.8,17.82,17.8,10
2023-05-05 15:57:00,4427,17.8114,17.805,17.79,17.827,17.79,93
2023-05-05 15:58:00,1774,17.7857,17.795,17.775,17.795,17.775,26
2023-05-05 15:59:00,1849,17.7916,17.765,17.7501,17.765,17.7501,11
2023-05-05 16:00:00,878,17.7712,17.765,17.77,17.78,17.765,19
2023-05-05 16:01:00,2615,17.776,17.78,17.8,17.8,17.76,51
2023-05-05 16:02:00,1421,17.8147,17.8,17.84,17.84,17.8,35
2023-05-05 16:03:00,526,17.8233,17.82,17.82,17.83,17.82,9
2023-05-05 16:04:00,3091,17.8158,17.815,17.815,17.83,17.8,64
2023-05-05 16:05:00,7631,17.7774,17.81,17.79,17.81,17.75,81
2023-05-05 16:06:00,901,17.7713,17.77,17.78,17.78,17.77,18
2023-05-05 16:07:00,361,17.7787,17.78,17.775,17.78,17.775,16
2023-05-05 16:08:00,556,17.775,17.775,17.775,17.775,17.775,6
2023-05-05 16:09:00,369,17.7757,17.775,17.775,17.775,17.775,6
2023-05-05 16:10:00,3476,17.801,17.78,17.82,17.825,17.78,70
2023-05-05 16:11:00,726,17.83,17.82,17.84,17.84,17.82,8
2023-05-05 16:12:00,1634,17.8659,17.84,17.875,17.88,17.84,34
2023-05-05 16:13:00,3112,17.8481,17.865,17.86,17.865,17.83,51
2023-05-05 16:14:00,633,17.8693,17.87,17.87,17.87,17.87,10
2023-05-05 16:15:00,3721,17.8547,17.87,17.87,17.87,17.84,54
2023-05-05 16:16:00,1761,17.8558,17.88,17.87,17.88,17.87,17
2023-05-05 16:17:00,2034,17.8667,17.87,17.87,17.87,17.86,32
2023-05-05 16:18:00,2317,17.882,17.875,17.885,17.885,17.875,39
2023-05-05 16:19:00,3686,17.879,17.885,17.88,17.885,17.87,46
2023-05-05 16:20:00,1283,17.8872,17.88,17.89,17.89,17.88,22
2023-05-05 16:21:00,399,17.8927,17.8986,17.89,17.8986,17.89,9
2023-05-05 16:22:00,1581,17.903,17.9,17.915,17.915,17.9,29
2023-05-05 16:23:00,3851,17.9231,17.915,17.93,17.93,17.915,59
2023-05-05 16:24:00,4275,17.9231,17.925,17.93,17.93,17.91,72
2023-05-05 16:25:00,2613,17.917,17.93,17.91,17.93,17.91,35
2023-05-05 16:26:00,2779,17.8895,17.9,17.89,17.9,17.88,41
2023-05-05 16:27:00,768,17.8984,17.9,17.9,17.9,17.895,19
2023-05-05 16:28:00,1664,17.9165,17.9,17.93,17.93,17.9,28
2023-05-05 16:29:00,4617,17.9269,17.9275,17.94,17.94,17.91,65
2023-05-05 16:30:00,1788,17.9363,17.935,17.94,17.94,17.93,30
2023-05-05 16:31:00,2343,17.9563,17.95,17.96,17.96,17.95,36
2023-05-05 16:32:00,2132,17.9601,17.96,17.96,17.9605,17.96,12
2023-05-05 16:33:00,1560,17.9521,17.96,17.94,17.96,17.94,16
2023-05-05 16:34:00,3595,17.9289,17.94,17.92,17.94,17.91,55
2023-05-05 16:35:00,2730,17.896,17.9,17.9,17.9,17.8891,48
2023-05-05 16:36:00,1557,17.9248,17.9,17.895,17.9,17.895,8
2023-05-05 16:37:00,2165,17.8781,17.895,17.865,17.895,17.865,45
2023-05-05 16:38:00,2217,17.8848,17.87,17.9,17.9,17.87,52
2023-05-05 16:39:00,3608,17.9281,17.905,17.97,17.97,17.905,51
2023-05-05 16:40:00,1837,17.9714,17.975,17.975,17.976,17.975,10
2023-05-05 16:41:00,352,17.9791,17.975,17.98,17.98,17.975,11
2023-05-05 16:42:00,1157,17.9801,17.9792,17.98,17.98,17.9792,18
2023-05-05 16:43:00,1065,17.9799,17.98,17.98,17.98,17.98,11
2023-05-05 16:44:00,5143,17.9843,17.98,17.98,17.99,17.97,78
2023-05-05 16:45:00,9386,17.9993,17.9886,18.01,18.01,17.985,64
2023-05-05 16:46:00,4729,17.9993,18.02,17.965,18.02,17.965,66
2023-05-05 16:47:00,2740,17.962,17.96,17.96,17.97,17.95,46
2023-05-05 16:48:00,4816,17.9541,17.96,17.95,17.96,17.93,57
2023-05-05 16:49:00,3699,17.9584,17.96,17.96,17.96,17.952,54
2023-05-05 16:50:00,2165,17.9532,17.96,17.955,17.96,17.95,30
2023-05-05 16:51:00,1002,17.958,17.96,17.9625,17.9625,17.955,19
2023-05-05 16:52:00,2576,17.973,17.96,17.99,17.99,17.96,51
2023-05-05 16:53:00,655,17.9921,17.99,17.99,17.99,17.99,19
2023-05-05 16:54:00,2200,17.9815,17.99,17.985,17.99,17.97,27
2023-05-05 16:55:00,545,17.9793,17.98,17.98,17.98,17.98,10
2023-05-05 16:56:00,1623,17.9879,17.98,17.99,17.99,17.98,32
2023-05-05 16:57:00,2645,18.0129,18.0,18.04,18.04,18.0,42
2023-05-05 16:58:00,760,18.0523,18.06,18.045,18.06,18.045,22
2023-05-05 16:59:00,2419,18.0646,18.055,18.06,18.08,18.055,48
2023-05-05 17:00:00,506,18.0488,18.06,18.06,18.06,18.06,6
2023-05-05 17:01:00,4890,18.1078,18.07,18.12,18.1282,18.07,58
2023-05-05 17:02:00,960,18.1217,18.129,18.13,18.13,18.125,17
2023-05-05 17:03:00,5145,18.1373,18.137,18.12,18.155,18.12,63
2023-05-05 17:04:00,722,18.1254,18.12,18.13,18.13,18.12,12
2023-05-05 17:05:00,1232,18.1198,18.125,18.1129,18.125,18.1129,18
2023-05-05 17:06:00,1434,18.12,18.12,18.12,18.12,18.12,19
2023-05-05 17:07:00,1506,18.1258,18.12,18.13,18.13,18.12,26
2023-05-05 17:08:00,906,18.1311,18.13,18.14,18.14,18.13,14
2023-05-05 17:09:00,3387,18.1506,18.14,18.15,18.16,18.14,64
2023-05-05 17:10:00,845,18.1402,18.14,18.14,18.14,18.14,10
2023-05-05 17:11:00,2425,18.1634,18.15,18.19,18.19,18.15,50
2023-05-05 17:12:00,2991,18.1655,18.1701,18.175,18.18,18.17,28
2023-05-05 17:13:00,1031,18.1739,18.179,18.17,18.179,18.17,13
2023-05-05 17:14:00,3362,18.1609,18.175,18.16,18.175,18.145,65
2023-05-05 17:15:00,1455,18.1615,18.16,18.16,18.1669,18.1501,11
2023-05-05 17:16:00,2581,18.1447,18.16,18.14,18.16,18.14,41
2023-05-05 17:17:00,923,18.1208,18.1201,18.1201,18.1201,18.1201,13
2023-05-05 17:18:00,470,18.1189,18.12,18.11,18.12,18.11,8
2023-05-05 17:19:00,4150,18.1297,18.12,18.13,18.135,18.12,56
2023-05-05 17:20:00,343,18.13,18.13,18.13,18.13,18.13,7
2023-05-05 17:21:00,2420,18.1289,18.13,18.135,18.14,18.12,36
2023-05-05 17:22:00,3493,18.1421,18.135,18.15,18.15,18.135,59
2023-05-05 17:23:00,901,18.1548,18.15,18.16,18.16,18.15,16
2023-05-05 17:24:00,1281,18.159,18.16,18.16,18.16,18.15,17
2023-05-05 17:25:00,3643,18.1692,18.16,18.175,18.175,18.16,63
2023-05-05 17:26:00,3279,18.2063,18.175,18.205,18.23,18.175,32
2023-05-05 17:27:00,3499,18.2054,18.205,18.21,18.21,18.2,36
2023-05-05 17:28:00,917,18.2084,18.2008,18.21,18.22,18.2008,11
2023-05-05 17:29:00,2234,18.2144,18.21,18.22,18.22,18.2,38
2023-05-05 17:30:00,8244,18.2648,18.22,18.295,18.295,18.22,98
2023-05-05 17:31:00,49436,18.284,18.295,18.26,18.295,18.26,199
2023-05-05 17:32:00,2200,18.2609,18.26,18.26,18.26,18.26,21
2023-05-05 17:33:00,4131,18.2717,18.27,18.28,18.28,18.27,65
2023-05-05 17:34:00,7201,18.2674,18.28,18.27,18.28,18.26,69
2023-05-05 17:35:00,2996,18.2717,18.27,18.27,18.28,18.26,31
2023-05-05 17:36:00,1027,18.2732,18.28,18.28,18.28,18.27,14
2023-05-05 17:37:00,7105,18.2627,18.27,18.25,18.27,18.24,101
2023-05-05 17:38:00,2854,18.2428,18.25,18.235,18.25,18.235,67
2023-05-05 17:39:00,3914,18.2208,18.235,18.22,18.235,18.21,83
2023-05-05 17:40:00,6261,18.2227,18.2,18.235,18.235,18.2,65
2023-05-05 17:41:00,593,18.2318,18.23,18.23,18.23,18.23,8
2023-05-05 17:42:00,1684,18.2308,18.23,18.23,18.235,18.23,22
2023-05-05 17:43:00,769,18.2286,18.23,18.23,18.23,18.22,12
2023-05-05 17:44:00,6024,18.2474,18.24,18.28,18.28,18.24,100
2023-05-05 17:45:00,4782,18.2841,18.2702,18.25,18.3,18.25,59
2023-05-05 17:46:00,2608,18.2603,18.245,18.27,18.27,18.245,38
2023-05-05 17:47:00,1423,18.277,18.27,18.28,18.28,18.27,34
2023-05-05 17:48:00,2204,18.2971,18.2867,18.31,18.31,18.2867,46
2023-05-05 17:49:00,5501,18.316,18.32,18.32,18.33,18.31,71
2023-05-05 17:50:00,300,18.3133,18.315,18.31,18.315,18.31,3
2023-05-05 17:51:00,711,18.3155,18.31,18.31,18.32,18.31,13
2023-05-05 17:52:00,6593,18.2938,18.31,18.28,18.32,18.27,91
2023-05-05 17:53:00,6717,18.2897,18.28,18.29,18.3,18.2715,82
2023-05-05 17:54:00,451,18.2931,18.29,18.2999,18.2999,18.29,6
2023-05-05 17:55:00,532,18.2899,18.29,18.29,18.29,18.29,13
2023-05-05 17:56:00,888,18.29,18.29,18.29,18.29,18.29,19
2023-05-05 17:57:00,5501,18.2945,18.29,18.295,18.3,18.28,72
2023-05-05 17:58:00,3416,18.3046,18.3,18.32,18.32,18.3,57
2023-05-05 17:59:00,2264,18.3404,18.32,18.345,18.345,18.32,45
2023-05-05 18:00:00,2017,18.3492,18.345,18.355,18.355,18.345,35
2023-05-05 18:01:00,3662,18.3675,18.355,18.38,18.38,18.355,66
2023-05-05 18:02:00,13672,18.3969,18.38,18.3936,18.4088,18.38,43
2023-05-05 18:03:00,5594,18.3846,18.4,18.38,18.4,18.37,89
2023-05-05 18:04:00,4181,18.4011,18.39,18.406,18.406,18.39,45
2023-05-05 18:05:00,6970,18.4258,18.41,18.43,18.445,18.41,86
2023-05-05 18:06:00,5065,18.4452,18.44,18.455,18.455,18.43,65
2023-05-05 18:07:00,9126,18.447,18.45,18.405,18.455,18.405,84
2023-05-05 18:08:00,2124,18.3682,18.405,18.32,18.405,18.32,33
2023-05-05 18:09:00,908,18.3142,18.32,18.315,18.32,18.3131,15
2023-05-05 18:10:00,3671,18.3501,18.33,18.42,18.42,18.33,78
2023-05-05 18:11:00,2350,18.4002,18.4,18.4,18.4,18.4,20
2023-05-05 18:12:00,1084,18.3999,18.4,18.4,18.4,18.4,15
2023-05-05 18:13:00,3848,18.3856,18.4,18.365,18.4,18.365,58
2023-05-05 18:14:00,822,18.3455,18.34,18.345,18.3503,18.34,18
2023-05-05 18:15:00,3227,18.3688,18.36,18.38,18.38,18.36,59
2023-05-05 18:16:00,400,18.3875,18.38,18.39,18.39,18.38,4
2023-05-05 18:17:00,9886,18.3576,18.38,18.3629,18.38,18.32,118
2023-05-05 18:18:00,7900,18.3767,18.355,18.38,18.39,18.355,100
2023-05-05 18:19:00,19154,18.3219,18.37,18.33,18.38,18.29,316
2023-05-05 18:20:00,14994,18.3413,18.33,18.38,18.38,18.3,196
2023-05-05 18:21:00,1728,18.3867,18.38,18.385,18.3999,18.38,19
2023-05-05 18:22:00,647,18.3876,18.385,18.385,18.385,18.385,15
2023-05-05 18:23:00,6142,18.3834,18.39,18.39,18.39,18.38,63
2023-05-05 18:24:00,1006,18.3868,18.39,18.385,18.39,18.385,13
2023-05-05 18:25:00,11471,18.4355,18.39,18.47,18.5,18.39,161
2023-05-05 18:26:00,7177,18.4189,18.47,18.425,18.47,18.37,90
2023-05-05 18:27:00,2303,18.4403,18.43,18.44,18.47,18.43,25
2023-05-05 18:28:00,4134,18.4356,18.44,18.435,18.44,18.41,28
2023-05-05 18:29:00,5416,18.4328,18.43,18.44,18.45,18.42,67
2023-05-05 18:30:00,3574,18.4112,18.42,18.42,18.425,18.395,65
2023-05-05 18:31:00,9027,18.4121,18.42,18.39,18.4252,18.39,103
2023-05-05 18:32:00,3233,18.4007,18.39,18.42,18.42,18.39,53
2023-05-05 18:33:00,3138,18.4098,18.42,18.39,18.42,18.39,46
2023-05-05 18:34:00,5463,18.3591,18.405,18.3456,18.405,18.32,73
2023-05-05 18:35:00,2522,18.3302,18.34,18.3,18.345,18.3,53
2023-05-05 18:36:00,4103,18.2859,18.3,18.285,18.3,18.27,73
2023-05-05 18:37:00,786,18.2776,18.285,18.285,18.285,18.27,5
2023-05-05 18:38:00,7162,18.2998,18.285,18.28,18.31,18.28,97
2023-05-05 18:39:00,14329,18.2452,18.285,18.235,18.285,18.22,104
2023-05-05 18:40:00,3945,18.2488,18.235,18.27,18.27,18.2218,63
2023-05-05 18:41:00,1634,18.2826,18.27,18.3,18.3,18.27,35
2023-05-05 18:42:00,5064,18.2948,18.3,18.28,18.305,18.28,89
2023-05-05 18:43:00,1592,18.2949,18.295,18.295,18.3,18.295,31
2023-05-05 18:44:00,930,18.2928,18.295,18.295,18.295,18.29,13
2023-05-05 18:45:00,6288,18.2804,18.2954,18.28,18.2954,18.26,110
2023-05-05 18:46:00,1718,18.2793,18.28,18.28,18.28,18.28,26
2023-05-05 18:47:00,4742,18.2588,18.27,18.23,18.28,18.23,61
2023-05-05 18:48:00,5850,18.2188,18.23,18.21,18.23,18.2,112
2023-05-05 18:49:00,870,18.2094,18.21,18.21,18.21,18.21,16
2023-05-05 18:50:00,671,18.2125,18.23,18.21,18.23,18.21,18
2023-05-05 18:51:00,7487,18.2038,18.21,18.23,18.23,18.19,65
2023-05-05 18:52:00,580,18.2328,18.23,18.23,18.24,18.23,11
2023-05-05 18:53:00,5680,18.2412,18.24,18.24,18.25,18.24,76
2023-05-05 18:54:00,1836,18.2342,18.24,18.23,18.24,18.23,25
2023-05-05 18:55:00,1997,18.2417,18.23,18.25,18.25,18.225,61
2023-05-05 18:56:00,828,18.2598,18.26,18.265,18.265,18.26,17
2023-05-05 18:57:00,3150,18.2733,18.265,18.29,18.29,18.265,78
2023-05-05 18:58:00,5959,18.276,18.295,18.27,18.295,18.26,91
2023-05-05 18:59:00,3366,18.2608,18.27,18.25,18.27,18.25,71
2023-05-05 19:00:00,812,18.2375,18.245,18.24,18.245,18.2302,18
2023-05-05 19:01:00,1613,18.2387,18.24,18.24,18.24,18.2389,12
2023-05-05 19:02:00,5040,18.22,18.24,18.215,18.24,18.21,86
2023-05-05 19:03:00,3853,18.214,18.22,18.215,18.22,18.21,54
2023-05-05 19:04:00,3465,18.212,18.215,18.215,18.22,18.205,58
2023-05-05 19:05:00,1085,18.2105,18.215,18.21,18.215,18.21,40
2023-05-05 19:06:00,2627,18.2196,18.21,18.22,18.22,18.21,43
2023-05-05 19:07:00,764,18.2286,18.23,18.23,18.23,18.225,19
2023-05-05 19:08:00,4066,18.2222,18.225,18.22,18.225,18.22,46
2023-05-05 19:09:00,1674,18.2194,18.22,18.22,18.22,18.22,30
2023-05-05 19:10:00,4361,18.2074,18.22,18.2,18.22,18.2,57
2023-05-05 19:11:00,1776,18.2,18.2,18.2,18.205,18.2,31
2023-05-05 19:12:00,923,18.2014,18.2,18.2,18.2,18.2,14
2023-05-05 19:13:00,4464,18.1927,18.2,18.185,18.21,18.185,56
2023-05-05 19:14:00,2604,18.1818,18.185,18.185,18.185,18.175,45
2023-05-05 19:15:00,759,18.1851,18.185,18.185,18.185,18.185,19
2023-05-05 19:16:00,2801,18.192,18.185,18.195,18.195,18.185,43
2023-05-05 19:17:00,4720,18.1892,18.195,18.175,18.195,18.175,71
2023-05-05 19:18:00,4982,18.1725,18.175,18.175,18.175,18.165,81
2023-05-05 19:19:00,5793,18.1704,18.175,18.175,18.175,18.165,83
2023-05-05 19:20:00,2458,18.1714,18.175,18.165,18.175,18.165,27
2023-05-05 19:21:00,7254,18.1591,18.169,18.15,18.169,18.15,72
2023-05-05 19:22:00,2975,18.1371,18.15,18.125,18.15,18.11,42
2023-05-05 19:23:00,3976,18.1227,18.125,18.13,18.135,18.11,75
2023-05-05 19:24:00,3766,18.1351,18.125,18.15,18.15,18.125,75
2023-05-05 19:25:00,654,18.1552,18.145,18.145,18.145,18.145,7
2023-05-05 19:26:00,3007,18.1422,18.145,18.145,18.145,18.14,36
2023-05-05 19:27:00,788,18.1435,18.145,18.145,18.145,18.145,20
2023-05-05 19:28:00,9845,18.1607,18.149,18.1609,18.18,18.145,177
2023-05-05 19:29:00,5200,18.1549,18.165,18.145,18.165,18.145,69
2023-05-05 19:30:00,4502,18.1412,18.145,18.14,18.145,18.135,63
2023-05-05 19:31:00,6719,18.121,18.135,18.125,18.135,18.11,96
2023-05-05 19:32:00,806,18.1238,18.125,18.125,18.13,18.12,8
2023-05-05 19:33:00,4775,18.1179,18.12,18.11,18.125,18.11,81
2023-05-05 19:34:00,17404,18.0865,18.115,17.99,18.1225,17.99,204
2023-05-05 19:35:00,1687,17.9944,17.995,17.99,17.995,17.98,33
2023-05-05 19:36:00,12209,17.9999,17.99,18.0,18.02,17.98,241
2023-05-05 19:37:00,6688,17.9959,18.005,18.0,18.005,17.99,90
2023-05-05 19:38:00,5183,17.9763,18.0,17.95,18.0,17.95,94
2023-05-05 19:39:00,10251,17.9827,17.955,18.02,18.02,17.945,231
2023-05-05 19:40:00,920,18.0185,18.02,18.02,18.02,18.02,19
2023-05-05 19:41:00,4088,18.0066,18.02,17.9926,18.02,17.9926,77
2023-05-05 19:42:00,4321,17.9898,17.995,17.98,17.995,17.98,64
2023-05-05 19:43:00,8040,17.9652,17.96,17.99,17.99,17.95,156
2023-05-05 19:44:00,1239,17.9905,17.99,17.985,17.995,17.985,26
2023-05-05 19:45:00,3252,17.9864,17.985,17.985,17.99,17.98,59
2023-05-05 19:46:00,7081,18.0116,17.99,18.02,18.03,17.99,119
2023-05-05 19:47:00,4120,18.0388,18.02,18.05,18.05,18.02,71
2023-05-05 19:48:00,7344,18.0499,18.045,18.05,18.06,18.04,97
2023-05-05 19:49:00,15951,18.0312,18.04,18.04,18.05,18.02,205
2023-05-05 19:50:00,6405,18.0227,18.03,18.02,18.03,18.014,76
2023-05-05 19:51:00,12620,18.0077,18.015,17.995,18.02,17.99,176
2023-05-05 19:52:00,11463,17.9778,17.995,17.97,17.995,17.96,188
2023-05-05 19:53:00,6361,17.9793,17.97,17.965,17.98,17.96,83
2023-05-05 19:54:00,6557,17.966,17.97,17.96,17.97,17.96,88
2023-05-05 19:55:00,21280,17.944,17.965,17.95,17.965,17.92,305
2023-05-05 19:56:00,15990,17.9448,17.96,17.96,17.96,17.93,206
2023-05-05 19:57:00,18750,17.9762,17.97,17.965,17.99,17.96,242
2023-05-05 19:58:00,15557,17.9672,17.965,17.965,17.975,17.96,207
2023-05-05 19:59:00,43354,17.9471,17.965,17.94,17.965,17.93,523
2023-05-05 20:00:00,8571,17.93,17.93,17.93,17.93,17.93,6
2023-05-05 20:49:00,100,18.0,18.0,18.0,18.0,18.0,1
2023-05-08 13:05:00,250,18.25,18.25,18.25,18.25,18.25,2
2023-05-08 13:08:00,103,18.2309,18.23,18.23,18.23,18.23,3
2023-05-08 13:30:00,20703,18.1654,18.16,18.27,18.27,18.0,81
2023-05-08 13:31:00,6030,18.35,18.27,18.43,18.43,18.27,85
2023-05-08 13:32:00,14163,18.5925,18.43,18.56,18.7,18.43,100
2023-05-08 13:33:00,5562,18.6399,18.5809,18.73,18.73,18.545,60
2023-05-08 13:34:00,6565,18.6957,18.725,18.69,18.79,18.65,110
2023-05-08 13:35:00,11851,18.7484,18.7,18.8,18.8,18.67,129
2023-05-08 13:36:00,6941,18.8673,18.835,19.0,19.0,18.8087,107
2023-05-08 13:37:00,12049,18.9801,18.99,18.99,19.0,18.94,106
2023-05-08 13:38:00,5500,18.9778,18.9505,18.9819,19.0,18.9505,79
2023-05-08 13:39:00,22917,18.9148,18.98,18.86,18.98,18.85,202
2023-05-08 13:40:00,4611,18.8008,18.88,18.77,18.885,18.745,89
2023-05-08 13:41:00,4602,18.7487,18.775,18.755,18.775,18.7317,43
2023-05-08 13:42:00,3386,18.7597,18.755,18.75,18.78,18.74,78
2023-05-08 13:43:00,6132,18.6738,18.74,18.69,18.74,18.6,111
2023-05-08 13:44:00,605,18.7105,18.685,18.74,18.74,18.685,11
2023-05-08 13:45:00,11980,18.6687,18.7,18.64,18.7,18.63,150
2023-05-08 13:46:00,4889,18.6313,18.66,18.62,18.66,18.59,88
2023-05-08 13:47:00,4296,18.6367,18.62,18.58,18.6896,18.58,75
2023-05-08 13:48:00,4428,18.5443,18.56,18.535,18.56,18.5203,34
2023-05-08 13:49:00,6104,18.5956,18.535,18.65,18.67,18.535,106
2023-05-08 13:50:00,1793,18.6574,18.635,18.66,18.68,18.63,34
2023-05-08 13:51:00,3118,18.6242,18.64,18.68,18.68,18.6,24
2023-05-08 13:52:00,7867,18.6151,18.64,18.585,18.68,18.58,105
2023-05-08 13:53:00,4193,18.5512,18.55,18.535,18.5899,18.52,53
2023-05-08 13:54:00,4353,18.531,18.53,18.5,18.55,18.5,103
2023-05-08 13:55:00,3267,18.5622,18.49,18.62,18.62,18.49,50
2023-05-08 13:56:00,1066,18.6341,18.63,18.635,18.635,18.63,35
2023-05-08 13:57:00,2967,18.6423,18.64,18.625,18.66,18.61,41
2023-05-08 13:58:00,3035,18.6456,18.625,18.67,18.685,18.59,98
2023-05-08 13:59:00,3097,18.7329,18.675,18.78,18.79,18.66,51
2023-05-08 14:00:00,3953,18.7841,18.765,18.765,18.82,18.76,71
2023-05-08 14:01:00,5066,18.7875,18.79,18.785,18.81,18.76,58
2023-05-08 14:02:00,1253,18.781,18.81,18.78,18.81,18.76,26
2023-05-08 14:03:00,4065,18.7832,18.785,18.785,18.81,18.76,50
2023-05-08 14:04:00,2048,18.8079,18.8,18.81,18.81,18.8,46
2023-05-08 14:05:00,3715,18.7897,18.815,18.785,18.82,18.76,82
2023-05-08 14:06:00,4027,18.8131,18.81,18.805,18.825,18.805,76
2023-05-08 14:07:00,7913,18.72,18.81,18.66,18.81,18.65,126
2023-05-08 14:08:00,4746,18.6782,18.665,18.705,18.705,18.65,68
2023-05-08 14:09:00,1146,18.6933,18.705,18.705,18.705,18.705,37
2023-05-08 14:10:00,2569,18.7043,18.68,18.67,18.72,18.67,44
2023-05-08 14:11:00,2824,18.68,18.7,18.655,18.7,18.655,71
2023-05-08 14:12:00,3754,18.6259,18.645,18.57,18.645,18.57,43
2023-05-08 14:13:00,2278,18.6017,18.58,18.61,18.63,18.58,43
2023-05-08 14:14:00,2622,18.603,18.59,18.5719,18.61,18.5719,62
2023-05-08 14:15:00,5720,18.6116,18.6,18.58,18.63,18.58,100
2023-05-08 14:16:00,1947,18.5763,18.585,18.56,18.59,18.56,34
2023-05-08 14:17:00,2397,18.597,18.58,18.61,18.615,18.58,51
2023-05-08 14:18:00,2911,18.622,18.61,18.625,18.64,18.61,51
2023-05-08 14:19:00,2948,18.6084,18.625,18.57,18.625,18.57,68
2023-05-08 14:20:00,754,18.5643,18.57,18.55,18.57,18.55,18
2023-05-08 14:21:00,10382,18.5107,18.545,18.55,18.56,18.495,149
2023-05-08 14:22:00,1128,18.5284,18.53,18.53,18.53,18.51,25
2023-05-08 14:23:00,8731,18.4332,18.53,18.41,18.53,18.395,156
2023-05-08 14:24:00,9510,18.4321,18.43,18.42,18.45,18.371,89
2023-05-08 14:25:00,806,18.4104,18.41,18.41,18.41,18.41,17
2023-05-08 14:26:00,2824,18.4098,18.43,18.38,18.43,18.38,84
2023-05-08 14:27:00,1098,18.3838,18.385,18.38,18.385,18.38,22
2023-05-08 14:28:00,4428,18.4017,18.39,18.38,18.41,18.38,67
2023-05-08 14:29:00,3304,18.3936,18.375,18.4,18.4,18.37,55
2023-05-08 14:30:00,3830,18.4404,18.42,18.47,18.47,18.42,78
2023-05-08 14:31:00,4452,18.495,18.475,18.52,18.53,18.47,96
2023-05-08 14:32:00,2047,18.5604,18.58,18.52,18.58,18.52,66
2023-05-08 14:33:00,1864,18.5542,18.54,18.56,18.56,18.54,36
2023-05-08 14:34:00,1705,18.5612,18.56,18.555,18.58,18.555,34
2023-05-08 14:35:00,1590,18.5536,18.58,18.565,18.58,18.5528,13
2023-05-08 14:36:00,4073,18.5366,18.565,18.48,18.565,18.48,100
2023-05-08 14:37:00,2521,18.5318,18.49,18.558,18.56,18.49,49
2023-05-08 14:38:00,2218,18.5967,18.57,18.615,18.615,18.56,40
2023-05-08 14:39:00,1513,18.6377,18.64,18.65,18.66,18.62,23
2023-05-08 14:40:00,1103,18.6625,18.68,18.69,18.69,18.665,17
2023-05-08 14:41:00,1024,18.6917,18.665,18.69,18.7,18.665,21
2023-05-08 14:42:00,584,18.6596,18.695,18.71,18.71,18.695,7
2023-05-08 14:43:00,1415,18.6862,18.66,18.695,18.695,18.66,25
2023-05-08 14:44:00,3150,18.6745,18.695,18.675,18.695,18.66,67
2023-05-08 14:45:00,1744,18.6602,18.68,18.65,18.68,18.65,55
2023-05-08 14:46:00,3797,18.6668,18.65,18.665,18.68,18.65,63
2023-05-08 14:47:00,400,18.6707,18.67,18.66,18.6899,18.66,6
2023-05-08 14:48:00,2478,18.6336,18.6525,18.61,18.655,18.61,78
2023-05-08 14:49:00,2164,18.6483,18.63,18.685,18.685,18.63,44
2023-05-08 14:50:00,4107,18.6331,18.67,18.63,18.67,18.6213,42
2023-05-08 14:51:00,1330,18.6516,18.63,18.67,18.67,18.63,20
2023-05-08 14:52:00,2280,18.6532,18.655,18.66,18.67,18.64,48
2023-05-08 14:53:00,3465,18.6929,18.66,18.725,18.725,18.66,56
2023-05-08 14:54:00,1815,18.7427,18.725,18.76,18.76,18.725,39
2023-05-08 14:55:00,1494,18.7814,18.77,18.82,18.82,18.77,39
2023-05-08 14:56:00,593,18.8181,18.82,18.825,18.825,18.81,11
2023-05-08 14:57:00,5195,18.8269,18.81,18.81,18.85,18.81,142
2023-05-08 14:58:00,3796,18.8471,18.82,18.86,18.86,18.82,68
2023-05-08 14:59:00,3586,18.8599,18.86,18.9,18.9,18.85,91
2023-05-08 15:00:00,934,18.8998,18.885,18.92,18.92,18.885,24
2023-05-08 15:01:00,1489,18.9261,18.92,18.94,18.94,18.92,37
2023-05-08 15:02:00,4101,18.9607,18.94,18.97,18.99,18.94,83
2023-05-08 15:03:00,13653,18.9653,18.97,18.97,18.99,18.95,125
2023-05-08 15:04:00,16827,18.8848,18.965,18.845,18.965,18.84,199
2023-05-08 15:05:00,8283,18.8514,18.845,18.83,18.89,18.83,78
2023-05-08 15:06:00,10587,18.8863,18.86,18.89,18.9,18.86,48
2023-05-08 15:07:00,3242,18.8477,18.87,18.845,18.87,18.83,55
2023-05-08 15:08:00,8597,18.8634,18.86,18.87,18.89,18.83,148
2023-05-08 15:09:00,1486,18.8563,18.85,18.87,18.87,18.85,29
2023-05-08 15:10:00,4405,18.8689,18.85,18.8852,18.8852,18.85,90
2023-05-08 15:11:00,1706,18.9057,18.88,18.92,18.92,18.88,45
2023-05-08 15:12:00,8107,18.9437,18.92,18.97,18.97,18.92,99
2023-05-08 15:13:00,916,18.9699,18.955,18.98,18.98,18.955,20
2023-05-08 15:14:00,525,18.9408,18.955,18.955,18.955,18.955,8
2023-05-08 15:15:00,13330,18.8946,18.955,18.865,18.955,18.865,170
2023-05-08 15:16:00,14607,18.895,18.865,18.8994,18.8994,18.85,58
2023-05-08 15:17:00,2724,18.8769,18.88,18.865,18.8871,18.865,29
2023-05-08 15:18:00,4342,18.8455,18.86,18.85,18.865,18.825,72
2023-05-08 15:20:00,2808,18.8454,18.85,18.85,18.85,18.83,49
2023-05-08 15:21:00,2044,18.8292,18.835,18.825,18.835,18.82,25
2023-05-08 15:22:00,5777,18.8499,18.825,18.845,18.86,18.825,99
2023-05-08 15:23:00,960,18.8516,18.845,18.86,18.86,18.845,17
2023-05-08 15:24:00,2538,18.8412,18.85,18.83,18.85,18.83,58
2023-05-08 15:25:00,5705,18.8147,18.835,18.785,18.84,18.785,105
2023-05-08 15:26:00,4707,18.7814,18.77,18.8,18.8,18.76,93
2023-05-08 15:27:00,4762,18.7542,18.8,18.73,18.8,18.69,62
2023-05-08 15:28:00,1982,18.7334,18.735,18.72,18.75,18.72,31
2023-05-08 15:29:00,2719,18.6823,18.705,18.67,18.71,18.67,69
2023-05-08 15:30:00,28688,18.78,18.675,18.66,18.8183,18.66,147
2023-05-08 15:31:00,1346,18.6847,18.68,18.69,18.69,18.68,20
2023-05-08 15:32:00,3869,18.7114,18.69,18.74,18.74,18.69,70
2023-05-08 15:33:00,9064,18.7342,18.755,18.7002,18.76,18.7002,72
2023-05-08 15:34:00,513,18.7085,18.71,18.71,18.71,18.71,7
2023-05-08 15:35:00,4681,18.7221,18.71,18.73,18.73,18.71,62
2023-05-08 15:36:00,1646,18.7236,18.735,18.715,18.735,18.715,45
2023-05-08 15:37:00,5441,18.72,18.72,18.76,18.76,18.69,76
2023-05-08 15:38:00,1632,18.7651,18.76,18.765,18.78,18.76,33
2023-05-08 15:39:00,625,18.7627,18.765,18.765,18.765,18.765,11
2023-05-08 15:40:00,2129,18.772,18.75,18.785,18.785,18.75,34
2023-05-08 15:41:00,3536,18.7551,18.77,18.74,18.785,18.73,54
2023-05-08 15:42:00,3728,18.7328,18.71,18.76,18.76,18.71,77
2023-05-08 15:43:00,1897,18.7369,18.75,18.73,18.75,18.725,38
2023-05-08 15:44:00,1356,18.731,18.7348,18.73,18.7348,18.72,20
2023-05-08 15:45:00,4326,18.7034,18.74,18.69,18.74,18.6604,62
2023-05-08 15:46:00,3060,18.7051,18.69,18.695,18.72,18.69,62
2023-05-08 15:47:00,752,18.6827,18.695,18.685,18.695,18.68,12
2023-05-08 15:48:00,2479,18.673,18.685,18.67,18.685,18.66,64
2023-05-08 15:49:00,603,18.6583,18.65,18.66,18.66,18.65,20
2023-05-08 15:50:00,2126,18.6569,18.65,18.67,18.67,18.6406,34
2023-05-08 15:51:00,1797,18.661,18.66,18.67,18.67,18.66,36
2023-05-08 15:52:00,4478,18.6744,18.66,18.69,18.69,18.66,69
2023-05-08 15:53:00,100,18.68,18.68,18.68,18.68,18.68,1
2023-05-08 15:54:00,3342,18.7225,18.69,18.77,18.79,18.69,65
2023-05-08 15:55:00,3276,18.766,18.77,18.78,18.78,18.76,56
2023-05-08 15:56:00,3107,18.7801,18.775,18.82,18.82,18.76,56
2023-05-08 15:57:00,2087,18.8031,18.81,18.805,18.81,18.8,34
2023-05-08 15:58:00,3307,18.7951,18.8,18.78,18.81,18.78,88
2023-05-08 15:59:00,4264,18.7883,18.79,18.79,18.8,18.78,83
2023-05-08 16:00:00,1345,18.8003,18.8,18.81,18.81,18.8,32
2023-05-08 16:01:00,2946,18.7847,18.8,18.765,18.81,18.765,60
2023-05-08 16:02:00,614,18.7653,18.765,18.765,18.765,18.765,12
2023-05-08 16:03:00,2828,18.7589,18.765,18.78,18.78,18.75,71
2023-05-08 16:05:00,2262,18.7603,18.755,18.77,18.77,18.745,48
2023-05-08 16:06:00,1001,18.7618,18.77,18.76,18.77,18.76,23
2023-05-08 16:07:00,5328,18.7746,18.76,18.805,18.81,18.75,99
2023-05-08 16:08:00,2574,18.7937,18.805,18.8,18.805,18.785,47
2023-05-08 16:09:00,1865,18.8015,18.8,18.81,18.81,18.795,22
2023-05-08 16:10:00,3349,18.7775,18.79,18.78,18.795,18.77,70
2023-05-08 16:11:00,4279,18.8092,18.78,18.835,18.86,18.78,108
2023-05-08 16:12:00,688,18.8314,18.835,18.83,18.835,18.83,26
2023-05-08 16:13:00,504,18.8331,18.83,18.83,18.83,18.83,9
2023-05-08 16:14:00,286,18.8288,18.83,18.83,18.83,18.83,14
2023-05-08 16:15:00,4162,18.8038,18.83,18.8,18.83,18.78,132
2023-05-08 16:16:00,2831,18.8243,18.8,18.845,18.85,18.8,58
2023-05-08 16:17:00,4314,18.8627,18.845,18.88,18.88,18.845,102
2023-05-08 16:18:00,1075,18.8894,18.89,18.91,18.91,18.89,25
2023-05-08 16:19:00,2131,18.9141,18.9,18.93,18.945,18.9,44
2023-05-08 16:20:00,1482,18.9287,18.93,18.94,18.94,18.92,27
2023-05-08 16:21:00,1495,18.9613,18.94,18.98,19.0,18.94,37
2023-05-08 16:22:00,4421,19.0186,18.985,19.015,19.05,18.98,92
2023-05-08 16:23:00,2350,19.0147,19.015,19.025,19.03,19.0,75
2023-05-08 16:24:00,574,19.0182,19.02,19.02,19.02,19.02,21
2023-05-08 16:25:00,1221,19.0302,19.03,19.04,19.04,19.02,21
2023-05-08 16:26:00,4918,19.0281,19.03,19.04,19.04,19.02,99
2023-05-08 16:27:00,2194,19.0229,19.04,19.02,19.04,19.01,54
2023-05-08 16:28:00,1266,19.0344,19.02,19.04,19.04,19.02,32
2023-05-08 16:29:00,2457,19.0498,19.045,19.06,19.06,19.045,54
2023-05-08 16:30:00,2138,19.0484,19.06,19.04,19.06,19.04,70
2023-05-08 16:31:00,428,19.0322,19.03,19.03,19.03,19.03,9
2023-05-08 16:32:00,2259,19.0083,19.03,18.99,19.03,18.99,78
2023-05-08 16:33:00,898,18.9799,18.985,18.975,18.985,18.97,30
2023-05-08 16:34:00,2262,18.9679,18.97,18.97,18.97,18.955,62
2023-05-08 16:35:00,4503,18.9592,18.97,18.97,18.98,18.94,89
2023-05-08 16:37:00,4443,19.0127,18.9595,19.055,19.055,18.9595,99
2023-05-08 16:38:00,4120,19.0548,19.06,19.06,19.08,19.04,82
2023-05-08 16:39:00,1592,19.1024,19.08,19.12,19.12,19.08,24
2023-05-08 16:40:00,3702,19.0917,19.105,19.085,19.105,19.08,85
2023-05-08 16:42:00,1388,19.0763,19.09,19.07,19.09,19.07,52
2023-05-08 16:43:00,8928,19.0046,19.04,19.03,19.04,18.9791,104
2023-05-08 16:44:00,2254,19.0509,19.05,19.07,19.07,19.0433,48
2023-05-08 16:45:00,2567,19.0724,19.065,19.085,19.0971,19.05,42
2023-05-08 16:46:00,1001,19.0861,19.085,19.085,19.09,19.085,28
2023-05-08 16:47:00,2113,19.069,19.085,19.04,19.085,19.04,51
2023-05-08 16:48:00,1245,19.0015,19.01,18.99,19.025,18.99,26
2023-05-08 16:49:00,2719,19.0177,19.0,19.04,19.04,19.0,52
2023-05-08 16:50:00,1206,19.0586,19.04,19.07,19.07,19.04,27
2023-05-08 16:51:00,2718,19.0505,19.07,19.05,19.07,19.03,83
2023-05-08 16:52:00,229,19.05,19.05,19.05,19.05,19.05,9
2023-05-08 16:53:00,2823,19.0824,19.06,19.09,19.1,19.06,75
2023-05-08 16:54:00,365,19.09,19.09,19.09,19.09,19.09,7
2023-05-08 16:55:00,4172,19.0893,19.09,19.09,19.1001,19.08,126
2023-05-08 16:56:00,476,19.0826,19.08,19.08,19.08,19.08,6
2023-05-08 16:57:00,760,19.0874,19.09,19.09,19.09,19.09,22
2023-05-08 16:58:00,888,19.0951,19.09,19.0999,19.1,19.09,15
2023-05-08 16:59:00,4222,19.1012,19.095,19.12,19.12,19.09,84
2023-05-08 17:00:00,1733,19.1268,19.12,19.14,19.14,19.12,26
2023-05-08 17:01:00,1532,19.1428,19.16,19.14,19.16,19.14,41
2023-05-08 17:02:00,1169,19.1268,19.13,19.13,19.13,19.13,32
2023-05-08 17:03:00,706,19.1299,19.13,19.14,19.14,19.13,12
2023-05-08 17:04:00,3269,19.1128,19.13,19.085,19.13,19.085,88
2023-05-08 17:05:00,182,19.0844,19.085,19.085,19.085,19.085,13
2023-05-08 17:06:00,3633,19.0558,19.08,19.05,19.08,19.03,84
2023-05-08 17:07:00,2039,19.0631,19.06,19.08,19.08,19.06,59
2023-05-08 17:08:00,2171,19.0855,19.09,19.08,19.09,19.08,49
2023-05-08 17:09:00,645,19.079,19.08,19.08,19.08,19.08,8
2023-05-08 17:10:00,1624,19.072,19.07,19.08,19.08,19.06,39
2023-05-08 17:11:00,432,19.0893,19.09,19.0871,19.09,19.0871,6
2023-05-08 17:12:00,4634,19.0938,19.09,19.09,19.11,19.08,110
2023-05-08 17:13:00,1131,19.0884,19.075,19.09,19.1,19.075,22
2023-05-08 17:14:00,1030,19.0874,19.09,19.09,19.09,19.09,28
2023-05-08 17:15:00,429,19.0845,19.09,19.08,19.09,19.08,7
2023-05-08 17:16:00,1340,19.0952,19.09,19.095,19.1,19.09,30
2023-05-08 17:17:00,990,19.0993,19.1,19.11,19.11,19.1,28
2023-05-08 17:18:00,1833,19.1171,19.11,19.13,19.13,19.11,51
2023-05-08 17:19:00,2420,19.1498,19.135,19.16,19.17,19.135,54
2023-05-08 17:20:00,2595,19.1594,19.16,19.15,19.165,19.15,35
2023-05-08 17:21:00,1067,19.1446,19.14,19.15,19.15,19.14,36
2023-05-08 17:22:00,589,19.1499,19.15,19.15,19.15,19.15,16
2023-05-08 17:23:00,1867,19.1464,19.1491,19.14,19.1491,19.14,36
2023-05-08 17:24:00,2134,19.1261,19.14,19.095,19.14,19.095,49
2023-05-08 17:25:00,3266,19.0919,19.095,19.0904,19.1,19.0904,23
2023-05-08 17:26:00,2773,19.0938,19.1071,19.085,19.1071,19.08,61
2023-05-08 17:27:00,666,19.0969,19.0701,19.0701,19.0701,19.0701,14
2023-05-08 17:28:00,986,19.0898,19.085,19.085,19.085,19.085,16
2023-05-08 17:29:00,1625,19.0963,19.09,19.1,19.1,19.09,48
2023-05-08 17:30:00,2344,19.1119,19.11,19.12,19.125,19.105,53
2023-05-08 17:31:00,1016,19.1234,19.125,19.125,19.125,19.125,35
2023-05-08 17:32:00,1334,19.1189,19.14,19.11,19.14,19.1,31
2023-05-08 17:33:00,2543,19.1114,19.12,19.105,19.12,19.105,54
2023-05-08 17:34:00,1464,19.0892,19.105,19.075,19.105,19.075,82
2023-05-08 17:35:00,618,19.0524,19.065,19.065,19.065,19.065,32
2023-05-08 17:36:00,2048,19.0536,19.04,19.09,19.09,19.04,37
2023-05-08 17:39:00,1567,19.097,19.105,19.105,19.11,19.1,59
2023-05-08 17:40:00,2325,19.0967,19.11,19.09,19.11,19.09,47
2023-05-08 17:41:00,2627,19.0579,19.08,19.03,19.095,19.03,48
2023-05-08 17:42:00,1847,19.0396,19.04,19.03,19.04,19.03,40
2023-05-08 17:43:00,918,19.0277,19.035,19.025,19.035,19.025,27
2023-05-08 17:44:00,4507,19.018,19.025,19.02,19.025,19.01,55
2023-05-08 17:45:00,861,19.03,19.02,19.02,19.02,19.02,9
2023-05-08 17:46:00,307,19.0233,19.02,19.02,19.03,19.02,5
2023-05-08 17:47:00,3751,19.0049,19.03,18.945,19.035,18.945,72
2023-05-08 17:48:00,1607,18.9506,18.94,18.94,18.94,18.93,23
2023-05-08 17:49:00,1079,18.9349,18.94,18.93,18.94,18.93,42
2023-05-08 17:50:00,540,18.9328,18.93,18.93,18.93,18.93,19
2023-05-08 17:51:00,10208,18.9222,18.93,18.88,18.935,18.88,118
2023-05-08 17:52:00,1272,18.9097,18.88,18.9,18.9,18.88,19
2023-05-08 17:53:00,1485,18.8965,18.89,18.9,18.9,18.89,23
2023-05-08 17:54:00,530,18.8943,18.9,18.89,18.9,18.89,25
2023-05-08 17:55:00,2179,18.8832,18.9,18.87,18.9,18.87,60
2023-05-08 17:56:00,324,18.8671,18.87,18.87,18.87,18.87,7
2023-05-08 17:57:00,1050,18.8698,18.87,18.87,18.878,18.86,27
2023-05-08 17:58:00,1578,18.8542,18.87,18.835,18.87,18.83,39
2023-05-08 17:59:00,3581,18.8766,18.8488,18.89,18.89,18.8488,77
2023-05-08 18:00:00,2090,18.8771,18.89,18.865,18.89,18.865,62
2023-05-08 18:01:00,147,18.8791,18.88,18.88,18.88,18.88,6
2023-05-08 18:02:00,2801,18.8573,18.875,18.83,18.875,18.83,56
2023-05-08 18:03:00,1760,18.8132,18.8302,18.795,18.8302,18.795,46
2023-05-08 18:04:00,709,18.7941,18.78,18.79,18.79,18.78,32
2023-05-08 18:05:00,210,18.7729,18.78,18.765,18.78,18.765,3
2023-05-08 18:06:00,2770,18.7645,18.78,18.745,18.78,18.745,75
2023-05-08 18:07:00,5164,18.7018,18.74,18.678,18.74,18.67,103
2023-05-08 18:08:00,990,18.6784,18.685,18.68,18.685,18.665,14
2023-05-08 18:09:00,2437,18.6971,18.69,18.7,18.705,18.69,44
2023-05-08 18:10:00,342,18.7014,18.7,18.7,18.7,18.7,15
2023-05-08 18:11:00,1104,18.7094,18.71,18.71,18.71,18.71,30
2023-05-08 18:12:00,5451,18.709,18.72,18.67,18.73,18.67,110
2023-05-08 18:13:00,685,18.666,18.655,18.65,18.655,18.65,10
2023-05-08 18:14:00,1451,18.6544,18.65,18.65,18.65,18.65,25
2023-05-08 18:15:00,3014,18.6649,18.66,18.66,18.67,18.66,50
2023-05-08 18:16:00,289,18.6706,18.6687,18.67,18.67,18.6687,7
2023-05-08 18:17:00,1617,18.6624,18.67,18.66,18.67,18.66,52
2023-05-08 18:18:00,4155,18.6549,18.66,18.67,18.67,18.64,72
2023-05-08 18:19:00,537,18.6692,18.675,18.675,18.675,18.675,9
2023-05-08 18:20:00,4437,18.6921,18.68,18.707,18.707,18.68,68
2023-05-08 18:21:00,1585,18.7055,18.7,18.715,18.715,18.7,22
2023-05-08 18:22:00,1320,18.7017,18.71,18.69,18.71,18.69,41
2023-05-08 18:24:00,1883,18.6821,18.69,18.67,18.69,18.67,49
2023-05-08 18:25:00,522,18.6686,18.66,18.67,18.67,18.66,16
2023-05-08 18:26:00,3721,18.6541,18.67,18.665,18.67,18.64,95
2023-05-08 18:27:00,1722,18.6711,18.67,18.67,18.675,18.67,20
2023-05-08 18:28:00,1540,18.6787,18.675,18.68,18.69,18.67,36
2023-05-08 18:29:00,2598,18.7039,18.69,18.72,18.72,18.69,53
2023-05-08 18:30:00,1748,18.7276,18.73,18.765,18.765,18.73,27
2023-05-08 18:31:00,2417,18.7552,18.76,18.75,18.76,18.75,54
2023-05-08 18:32:00,2098,18.7375,18.75,18.7307,18.75,18.73,63
2023-05-08 18:33:00,1534,18.7256,18.72,18.73,18.73,18.72,49
2023-05-08 18:34:00,1175,18.7374,18.73,18.74,18.74,18.73,28
2023-05-08 18:35:00,2696,18.7362,18.745,18.73,18.745,18.72,65
2023-05-08 18:36:00,1029,18.7153,18.72,18.72,18.72,18.7,27
2023-05-08 18:37:00,1174,18.7031,18.71,18.7,18.71,18.7,39
2023-05-08 18:38:00,1096,18.6821,18.685,18.68,18.685,18.68,20
2023-05-08 18:39:00,5461,18.6807,18.68,18.69,18.69,18.67,81
2023-05-08 18:40:00,440,18.7005,18.7,18.7,18.7,18.7,8
2023-05-08 18:41:00,1816,18.7052,18.7,18.71,18.71,18.7,34
2023-05-08 18:43:00,728,18.7055,18.71,18.71,18.71,18.71,44
2023-05-08 18:44:00,1658,18.7094,18.71,18.7,18.72,18.7,30
2023-05-08 18:45:00,3165,18.6841,18.7,18.67,18.71,18.66,89
2023-05-08 18:46:00,3051,18.6815,18.67,18.69,18.7,18.67,51
2023-05-08 18:47:00,1806,18.7007,18.7,18.7,18.705,18.7,20
2023-05-08 18:48:00,1362,18.6919,18.695,18.69,18.695,18.69,16
2023-05-08 18:49:00,2763,18.6883,18.69,18.69,18.69,18.68,64
2023-05-08 18:50:00,1296,18.6912,18.69,18.69,18.695,18.69,31
2023-05-08 18:51:00,478,18.6957,18.695,18.7,18.7,18.6942,9
2023-05-08 18:52:00,4848,18.6956,18.7,18.7,18.705,18.69,97
2023-05-08 18:53:00,513,18.6911,18.695,18.69,18.695,18.69,12
2023-05-08 18:54:00,5035,18.6909,18.695,18.69,18.695,18.69,79
2023-05-08 18:55:00,3511,18.6869,18.685,18.69,18.69,18.68,59
2023-05-08 18:56:00,420,18.6908,18.69,18.69,18.69,18.69,5
2023-05-08 18:57:00,2881,18.6973,18.7,18.69,18.705,18.69,53
2023-05-08 18:59:00,4208,18.6611,18.69,18.65,18.69,18.62,124
2023-05-08 19:00:00,1098,18.6598,18.655,18.65,18.655,18.65,25
2023-05-08 19:01:00,1254,18.6367,18.65,18.64,18.65,18.64,54
2023-05-08 19:02:00,716,18.624,18.62,18.62,18.62,18.62,24
2023-05-08 19:03:00,5472,18.629,18.63,18.63,18.645,18.62,101
2023-05-08 19:04:00,2086,18.6508,18.65,18.66,18.66,18.65,45
2023-05-08 19:05:00,775,18.6638,18.655,18.66,18.67,18.655,18
2023-05-08 19:06:00,4341,18.6877,18.67,18.71,18.71,18.67,83
2023-05-08 19:07:00,1475,18.7056,18.71,18.705,18.71,18.7,18
2023-05-08 19:08:00,3447,18.723,18.71,18.73,18.73,18.71,74
2023-05-08 19:09:00,2358,18.7192,18.725,18.72,18.725,18.72,45
2023-05-08 19:10:00,445,18.7117,18.72,18.73,18.73,18.72,25
2023-05-08 19:11:00,653,18.7217,18.72,18.72,18.73,18.72,10
2023-05-08 19:12:00,3669,18.7302,18.73,18.75,18.75,18.72,59
2023-05-08 19:13:00,1777,18.7439,18.75,18.75,18.75,18.74,41
2023-05-08 19:14:00,11612,18.7177,18.74,18.72,18.7446,18.708,195
2023-05-08 19:15:00,4389,18.7436,18.73,18.75,18.756,18.73,68
2023-05-08 19:16:00,3272,18.734,18.75,18.72,18.75,18.72,85
2023-05-08 19:18:00,809,18.7274,18.73,18.73,18.73,18.73,16
2023-05-08 19:19:00,1490,18.7275,18.725,18.72,18.74,18.72,20
2023-05-08 19:20:00,2437,18.7399,18.74,18.74,18.75,18.73,54
2023-05-08 19:21:00,4478,18.7442,18.75,18.74,18.75,18.74,137
2023-05-08 19:22:00,1142,18.7393,18.74,18.74,18.74,18.74,24
2023-05-08 19:23:00,1769,18.7372,18.74,18.74,18.74,18.73,25
2023-05-08 19:24:00,5902,18.7329,18.74,18.73,18.74,18.73,81
2023-05-08 19:25:00,2525,18.7283,18.73,18.72,18.735,18.72,46
2023-05-08 19:26:00,1707,18.7181,18.72,18.72,18.72,18.71,20
2023-05-08 19:27:00,1274,18.7187,18.72,18.72,18.72,18.72,22
2023-05-08 19:28:00,5051,18.7375,18.73,18.75,18.75,18.73,89
2023-05-08 19:29:00,4581,18.7421,18.74,18.745,18.75,18.74,72
2023-05-08 19:30:00,916,18.7386,18.74,18.73,18.74,18.73,35
2023-05-08 19:31:00,6887,18.684,18.74,18.659,18.74,18.65,117
2023-05-08 19:32:00,948,18.6561,18.65,18.65,18.65,18.65,21
2023-05-08 19:33:00,8809,18.6545,18.655,18.66,18.67,18.645,140
2023-05-08 19:34:00,3434,18.6875,18.68,18.72,18.72,18.6601,74
2023-05-08 19:35:00,2304,18.7359,18.71,18.74,18.76,18.71,49
2023-05-08 19:36:00,1247,18.7454,18.75,18.75,18.75,18.74,15
2023-05-08 19:37:00,3064,18.744,18.74,18.75,18.75,18.74,39
2023-05-08 19:38:00,5875,18.7285,18.74,18.725,18.74,18.72,148
2023-05-08 19:39:00,1756,18.72,18.72,18.72,18.72,18.72,18
2023-05-08 19:40:00,8456,18.6991,18.72,18.68,18.72,18.68,113
2023-05-08 19:41:00,2498,18.682,18.68,18.67,18.6899,18.67,36
2023-05-08 19:42:00,7826,18.6964,18.68,18.709,18.715,18.67,122
2023-05-08 19:43:00,6594,18.6714,18.69,18.67,18.7,18.66,114
2023-05-08 19:44:00,2529,18.6766,18.67,18.68,18.68,18.67,34
2023-05-08 19:45:00,7288,18.6964,18.68,18.72,18.72,18.68,117
2023-05-08 19:46:00,8909,18.7319,18.72,18.78,18.78,18.71,153
2023-05-08 19:47:00,6028,18.7982,18.78,18.84,18.84,18.775,85
2023-05-08 19:48:00,7392,18.8229,18.84,18.82,18.84,18.815,118
2023-05-08 19:49:00,9949,18.8401,18.82,18.85,18.86,18.82,150
2023-05-08 19:50:00,16618,18.8415,18.84,18.825,18.855,18.825,253
2023-05-08 19:51:00,18570,18.8217,18.825,18.83,18.845,18.815,251
2023-05-08 19:52:00,8753,18.8224,18.83,18.819,18.83,18.819,133
2023-05-08 19:53:00,6568,18.7953,18.82,18.77,18.82,18.76,134
2023-05-08 19:54:00,16253,18.7936,18.775,18.83,18.83,18.77,255
2023-05-08 19:55:00,12249,18.8232,18.825,18.825,18.83,18.82,203
2023-05-08 19:56:00,20107,18.8175,18.82,18.81,18.83,18.81,285
2023-05-08 19:57:00,14697,18.8129,18.815,18.815,18.82,18.81,192
2023-05-08 19:58:00,24875,18.815,18.81,18.815,18.82,18.81,346
2023-05-08 19:59:00,36450,18.8321,18.815,18.84,18.86,18.815,447
2023-05-08 20:00:00,6214,18.84,18.84,18.84,18.84,18.84,13
