t,v,vw,o,c,h,l,n
2024-04-01 09:34:00,100,18.33,18.33,18.33,18.33,18.33,1
2024-04-01 11:03:00,100,18.37,18.37,18.37,18.37,18.37,1
2024-04-01 11:16:00,290,18.37,18.37,18.37,18.37,18.37,1
2024-04-01 11:40:00,649,18.3997,18.4,18.4,18.4,18.4,4
2024-04-01 11:57:00,500,18.379,18.38,18.38,18.38,18.38,4
2024-04-01 12:00:00,1143,18.3762,18.35,18.44,18.44,18.35,16
2024-04-01 12:02:00,115,18.427,18.44,18.44,18.44,18.44,16
2024-04-01 12:10:00,231,18.4168,18.405,18.405,18.405,18.405,10
2024-04-01 12:12:00,322,18.3752,18.38,18.37,18.38,18.37,7
2024-04-01 12:37:00,101,18.4,18.4,18.4,18.4,18.4,2
2024-04-01 12:57:00,500,18.37,18.37,18.37,18.37,18.37,1
2024-04-01 13:15:00,259,18.3739,18.37,18.37,18.37,18.37,4
2024-04-01 13:16:00,1001,18.39,18.39,18.39,18.39,18.39,2
2024-04-01 13:27:00,195,18.3704,18.3704,18.3704,18.3704,18.3704,1
2024-04-01 13:29:00,585,18.4258,18.42,18.42,18.42,18.42,10
2024-04-01 13:30:00,208266,18.3662,18.37,18.345,18.37,18.31,471
2024-04-01 13:31:00,19758,18.3269,18.335,18.32,18.34,18.31,156
2024-04-01 13:32:00,29514,18.3128,18.315,18.31,18.33,18.29,203
2024-04-01 13:33:00,13279,18.2956,18.3099,18.29,18.31,18.2833,112
2024-04-01 13:34:00,4364,18.2781,18.29,18.27,18.29,18.27,77
2024-04-01 13:35:00,23792,18.2324,18.265,18.21,18.265,18.21,190
2024-04-01 13:36:00,26587,18.1933,18.218,18.19,18.219,18.1712,194
2024-04-01 13:37:00,10419,18.1853,18.1899,18.19,18.195,18.18,100
2024-04-01 13:38:00,6429,18.189,18.19,18.185,18.195,18.18,78
2024-04-01 13:39:00,29356,18.2126,18.1807,18.24,18.24,18.1807,176
2024-04-01 13:40:00,64576,18.2403,18.235,18.26,18.26,18.225,299
2024-04-01 13:41:00,56549,18.2924,18.26,18.31,18.31,18.26,285
2024-04-01 13:42:00,40936,18.3201,18.31,18.3276,18.33,18.31,215
2024-04-01 13:43:00,43076,18.3416,18.33,18.34,18.36,18.3275,235
2024-04-01 13:44:00,18879,18.3478,18.345,18.35,18.35,18.34,74
2024-04-01 13:45:00,27665,18.309,18.34,18.29,18.34,18.28,169
2024-04-01 13:46:00,38321,18.279,18.28,18.3,18.3,18.26,257
2024-04-01 13:47:00,22549,18.3021,18.3,18.285,18.31,18.28,156
2024-04-01 13:48:00,23112,18.2797,18.2899,18.28,18.29,18.27,164
2024-04-01 13:49:00,13704,18.2723,18.28,18.265,18.28,18.265,123
2024-04-01 13:50:00,10743,18.27,18.265,18.27,18.28,18.26,131
2024-04-01 13:51:00,21007,18.2733,18.265,18.28,18.28,18.265,147
2024-04-01 13:52:00,10544,18.2803,18.28,18.28,18.285,18.275,45
2024-04-01 13:53:00,29716,18.2822,18.275,18.275,18.29,18.275,122
2024-04-01 13:54:00,61715,18.2758,18.27,18.285,18.29,18.27,124
2024-04-01 13:55:00,46532,18.2979,18.29,18.3,18.31,18.285,164
2024-04-01 13:56:00,54182,18.2992,18.3,18.305,18.31,18.29,244
2024-04-01 13:57:00,9174,18.3068,18.305,18.305,18.31,18.3,54
2024-04-01 13:58:00,6915,18.3048,18.305,18.3,18.31,18.3,48
2024-04-01 13:59:00,23384,18.3106,18.31,18.32,18.32,18.305,106
2024-04-01 14:00:00,37542,18.3036,18.31,18.305,18.315,18.295,192
2024-04-01 14:01:00,7583,18.3049,18.31,18.305,18.31,18.3,54
2024-04-01 14:02:00,18019,18.3184,18.305,18.33,18.33,18.305,145
2024-04-01 14:03:00,4518,18.3343,18.335,18.34,18.34,18.33,71
2024-04-01 14:04:00,21282,18.3305,18.335,18.33,18.34,18.325,172
2024-04-01 14:05:00,27193,18.3215,18.325,18.325,18.33,18.32,127
2024-04-01 14:06:00,10289,18.3248,18.3274,18.3299,18.33,18.32,65
2024-04-01 14:07:00,23104,18.3314,18.33,18.325,18.3389,18.325,164
2024-04-01 14:08:00,5787,18.325,18.33,18.33,18.33,18.32,59
2024-04-01 14:09:00,11863,18.3246,18.325,18.33,18.33,18.32,125
2024-04-01 14:10:00,4378,18.3255,18.325,18.3273,18.33,18.32,61
2024-04-01 14:11:00,24023,18.3196,18.33,18.315,18.33,18.31,221
2024-04-01 14:12:00,17673,18.3202,18.315,18.33,18.33,18.31,137
2024-04-01 14:13:00,33314,18.3378,18.33,18.33,18.35,18.325,223
2024-04-01 14:14:00,8963,18.3339,18.33,18.335,18.34,18.33,84
2024-04-01 14:15:00,36066,18.3334,18.33,18.34,18.34,18.325,205
2024-04-01 14:16:00,24020,18.3318,18.33,18.34,18.34,18.33,150
2024-04-01 14:17:00,7997,18.3342,18.335,18.33,18.335,18.33,72
2024-04-01 14:18:00,5652,18.3371,18.335,18.335,18.34,18.3325,68
2024-04-01 14:19:00,18114,18.33,18.335,18.325,18.335,18.3201,151
2024-04-01 14:20:00,8650,18.3253,18.325,18.325,18.33,18.32,76
2024-04-01 14:21:00,28019,18.3303,18.3225,18.33,18.335,18.3225,210
2024-04-01 14:22:00,2677,18.3272,18.33,18.325,18.33,18.325,32
2024-04-01 14:23:00,63213,18.3165,18.325,18.32,18.325,18.31,332
2024-04-01 14:24:00,2660,18.3146,18.3188,18.3198,18.3198,18.31,30
2024-04-01 14:25:00,2750,18.3179,18.3199,18.32,18.32,18.3125,58
2024-04-01 14:26:00,4330,18.3171,18.32,18.3129,18.32,18.3125,53
2024-04-01 14:27:00,8918,18.3153,18.315,18.3125,18.32,18.31,77
2024-04-01 14:28:00,48318,18.3115,18.315,18.31,18.315,18.305,313
2024-04-01 14:29:00,3788,18.3052,18.305,18.305,18.31,18.3001,63
2024-04-01 14:30:00,21901,18.312,18.31,18.315,18.32,18.31,142
2024-04-01 14:31:00,12858,18.3196,18.315,18.33,18.33,18.3125,159
2024-04-01 14:32:00,11040,18.3324,18.325,18.34,18.34,18.325,101
2024-04-01 14:33:00,16819,18.3342,18.33,18.335,18.34,18.33,103
2024-04-01 14:34:00,16166,18.3388,18.335,18.34,18.34,18.335,98
2024-04-01 14:35:00,13282,18.3346,18.335,18.335,18.34,18.33,69
2024-04-01 14:36:00,3539,18.3365,18.335,18.34,18.34,18.335,41
2024-04-01 14:37:00,41799,18.3311,18.335,18.33,18.335,18.325,209
2024-04-01 14:38:00,15261,18.3293,18.325,18.325,18.33,18.325,34
2024-04-01 14:39:00,26370,18.3329,18.33,18.35,18.35,18.32,140
2024-04-01 14:40:00,38442,18.344,18.345,18.3499,18.35,18.34,268
2024-04-01 14:41:00,54714,18.3413,18.345,18.345,18.35,18.335,315
2024-04-01 14:42:00,9728,18.3485,18.345,18.345,18.35,18.345,66
2024-04-01 14:43:00,13883,18.3544,18.35,18.36,18.36,18.35,111
2024-04-01 14:44:00,14962,18.3648,18.355,18.3601,18.37,18.355,129
2024-04-01 14:45:00,44544,18.3636,18.365,18.365,18.365,18.36,348
2024-04-01 14:46:00,33411,18.3587,18.365,18.355,18.365,18.35,149
2024-04-01 14:47:00,44066,18.3529,18.355,18.36,18.36,18.345,193
2024-04-01 14:48:00,41025,18.3635,18.355,18.365,18.37,18.355,163
2024-04-01 14:49:00,15812,18.3583,18.36,18.355,18.365,18.355,81
2024-04-01 14:50:00,3950,18.3573,18.355,18.36,18.36,18.355,33
2024-04-01 14:51:00,48455,18.3555,18.36,18.345,18.37,18.34,246
2024-04-01 14:52:00,4721,18.3501,18.35,18.35,18.35,18.3498,48
2024-04-01 14:53:00,71200,18.346,18.35,18.345,18.35,18.34,142
2024-04-01 14:54:00,28597,18.341,18.345,18.34,18.35,18.335,195
2024-04-01 14:55:00,15158,18.3407,18.34,18.3413,18.35,18.335,128
2024-04-01 14:56:00,5269,18.3474,18.345,18.345,18.35,18.345,50
2024-04-01 14:57:00,6925,18.3441,18.35,18.345,18.35,18.34,90
2024-04-01 14:58:00,7103,18.3455,18.345,18.35,18.35,18.342,57
2024-04-01 14:59:00,10059,18.3485,18.35,18.345,18.35,18.345,94
2024-04-01 15:00:00,27372,18.3519,18.345,18.355,18.36,18.345,195
2024-04-01 15:01:00,7004,18.3566,18.355,18.36,18.36,18.35,68
2024-04-01 15:02:00,6789,18.3559,18.36,18.355,18.36,18.35,83
2024-04-01 15:03:00,38507,18.3541,18.36,18.355,18.36,18.3501,76
2024-04-01 15:04:00,3878,18.3546,18.355,18.355,18.355,18.35,61
2024-04-01 15:05:00,13146,18.3561,18.355,18.36,18.36,18.35,59
2024-04-01 15:06:00,8231,18.3591,18.36,18.355,18.36,18.3525,63
2024-04-01 15:07:00,7178,18.3572,18.355,18.355,18.36,18.355,69
2024-04-01 15:08:00,30156,18.3559,18.36,18.355,18.36,18.35,189
2024-04-01 15:09:00,44068,18.3501,18.355,18.345,18.3599,18.345,187
2024-04-01 15:10:00,53227,18.3567,18.349,18.37,18.37,18.345,229
2024-04-01 15:11:00,11664,18.3678,18.365,18.37,18.37,18.365,84
2024-04-01 15:12:00,17451,18.3693,18.37,18.37,18.37,18.3601,62
2024-04-01 15:13:00,4736,18.3673,18.37,18.37,18.37,18.365,47
2024-04-01 15:14:00,7698,18.3695,18.37,18.37,18.37,18.365,78
2024-04-01 15:15:00,30516,18.3777,18.37,18.385,18.39,18.37,176
2024-04-01 15:16:00,26275,18.3896,18.385,18.39,18.4,18.38,197
2024-04-01 15:17:00,11359,18.3985,18.4,18.4,18.4,18.395,77
2024-04-01 15:18:00,6723,18.3988,18.3999,18.4,18.4,18.3932,69
2024-04-01 15:19:00,14396,18.3985,18.4,18.395,18.4,18.3901,73
2024-04-01 15:20:00,13679,18.3971,18.4,18.4,18.4,18.39,93
2024-04-01 15:21:00,3382,18.3971,18.395,18.4,18.4,18.395,47
2024-04-01 15:22:00,12466,18.3965,18.395,18.4,18.4,18.39,71
2024-04-01 15:23:00,106174,18.4008,18.395,18.405,18.415,18.39,427
2024-04-01 15:24:00,34138,18.4032,18.4052,18.405,18.4066,18.4,135
2024-04-01 15:25:00,9639,18.4078,18.405,18.405,18.41,18.405,64
2024-04-01 15:26:00,17498,18.4051,18.405,18.405,18.41,18.4,95
2024-04-01 15:27:00,17215,18.4059,18.405,18.405,18.41,18.4,79
2024-04-01 15:28:00,68631,18.4009,18.405,18.4,18.41,18.39,247
2024-04-01 15:29:00,40151,18.4033,18.4,18.41,18.41,18.4,150
2024-04-01 15:30:00,76792,18.4012,18.405,18.41,18.41,18.4,305
2024-04-01 15:31:00,49885,18.4015,18.405,18.395,18.405,18.395,264
2024-04-01 15:32:00,13564,18.3948,18.39,18.395,18.4,18.39,80
2024-04-01 15:33:00,20693,18.395,18.395,18.395,18.4,18.39,105
2024-04-01 15:34:00,41661,18.3922,18.395,18.385,18.4,18.385,206
2024-04-01 15:35:00,6733,18.3861,18.385,18.39,18.39,18.38,50
2024-04-01 15:36:00,9038,18.3886,18.385,18.39,18.39,18.385,56
2024-04-01 15:37:00,4916,18.3872,18.39,18.39,18.39,18.3826,40
2024-04-01 15:38:00,26452,18.3927,18.3899,18.395,18.4,18.3899,144
2024-04-01 15:39:00,5612,18.399,18.395,18.399,18.4,18.395,48
2024-04-01 15:40:00,6110,18.3969,18.4,18.395,18.4,18.39,54
2024-04-01 15:41:00,25413,18.3997,18.395,18.41,18.41,18.395,165
2024-04-01 15:42:00,4939,18.4064,18.405,18.41,18.41,18.405,55
2024-04-01 15:43:00,14600,18.406,18.41,18.41,18.41,18.405,62
2024-04-01 15:44:00,14226,18.4034,18.405,18.405,18.41,18.4001,52
2024-04-01 15:45:00,7804,18.4057,18.41,18.405,18.41,18.4,72
2024-04-01 15:46:00,5151,18.4054,18.41,18.41,18.41,18.4,39
2024-04-01 15:47:00,24926,18.4138,18.405,18.42,18.42,18.4,141
2024-04-01 15:48:00,3479,18.4181,18.42,18.42,18.42,18.41,52
2024-04-01 15:49:00,7534,18.4174,18.42,18.415,18.42,18.415,55
2024-04-01 15:50:00,4928,18.4171,18.42,18.4175,18.42,18.415,38
2024-04-01 15:51:00,4633,18.418,18.42,18.42,18.42,18.415,52
2024-04-01 15:52:00,36719,18.4265,18.4199,18.44,18.44,18.415,183
2024-04-01 15:53:00,157746,18.4457,18.44,18.46,18.46,18.433,265
2024-04-01 15:54:00,150489,18.4562,18.455,18.47,18.47,18.445,521
2024-04-01 15:55:00,146359,18.4619,18.465,18.46,18.47,18.455,487
2024-04-01 15:56:00,89829,18.466,18.46,18.47,18.47,18.46,199
2024-04-01 15:57:00,36881,18.469,18.465,18.47,18.47,18.46,96
2024-04-01 15:58:00,32268,18.4653,18.4697,18.47,18.47,18.46,96
2024-04-01 15:59:00,98006,18.4688,18.47,18.455,18.48,18.455,323
2024-04-01 16:00:00,111967,18.4612,18.4501,18.46,18.47,18.45,351
2024-04-01 16:01:00,29340,18.4609,18.46,18.46,18.47,18.455,104
2024-04-01 16:02:00,29951,18.4665,18.465,18.465,18.47,18.46,93
2024-04-01 16:03:00,41352,18.4701,18.47,18.475,18.48,18.4601,179
2024-04-01 16:04:00,34664,18.4763,18.475,18.473,18.48,18.47,130
2024-04-01 16:05:00,114713,18.464,18.475,18.465,18.475,18.455,327
2024-04-01 16:06:00,19345,18.4686,18.4699,18.465,18.47,18.465,41
2024-04-01 16:07:00,6120,18.4679,18.465,18.47,18.47,18.46,58
2024-04-01 16:08:00,5177,18.4673,18.46,18.465,18.47,18.46,47
2024-04-01 16:09:00,197962,18.468,18.47,18.455,18.48,18.45,371
2024-04-01 16:10:00,7125,18.4554,18.455,18.455,18.46,18.4511,48
2024-04-01 16:11:00,25714,18.454,18.455,18.445,18.46,18.445,104
2024-04-01 16:12:00,25398,18.4498,18.445,18.455,18.46,18.4446,141
2024-04-01 16:13:00,14999,18.4532,18.4503,18.455,18.46,18.45,76
2024-04-01 16:14:00,6116,18.4549,18.455,18.45,18.455,18.45,46
2024-04-01 16:15:00,34596,18.4513,18.455,18.445,18.46,18.445,165
2024-04-01 16:16:00,2225,18.4471,18.445,18.445,18.45,18.4425,24
2024-04-01 16:17:00,7819,18.4474,18.4425,18.445,18.45,18.4425,82
2024-04-01 16:18:00,5966,18.4472,18.445,18.45,18.45,18.44,49
2024-04-01 16:19:00,9882,18.4468,18.4425,18.45,18.45,18.4425,85
2024-04-01 16:20:00,5715,18.4475,18.45,18.445,18.45,18.4425,60
2024-04-01 16:21:00,9099,18.446,18.445,18.445,18.45,18.445,79
2024-04-01 16:22:00,4811,18.4472,18.445,18.445,18.45,18.445,46
2024-04-01 16:23:00,12568,18.4455,18.445,18.445,18.45,18.44,101
2024-04-01 16:24:00,7088,18.4456,18.445,18.445,18.45,18.44,59
2024-04-01 16:25:00,11565,18.4465,18.445,18.45,18.45,18.445,83
2024-04-01 16:26:00,4767,18.4461,18.45,18.45,18.45,18.44,51
2024-04-01 16:27:00,73566,18.4489,18.45,18.45,18.455,18.445,355
2024-04-01 16:28:00,5999,18.4472,18.445,18.445,18.45,18.44,56
2024-04-01 16:29:00,16242,18.4476,18.445,18.45,18.45,18.445,104
2024-04-01 16:30:00,7757,18.4461,18.4497,18.445,18.45,18.445,56
2024-04-01 16:31:00,5382,18.4489,18.45,18.445,18.45,18.445,71
2024-04-01 16:32:00,17302,18.4476,18.45,18.45,18.45,18.4434,87
2024-04-01 16:33:00,18723,18.444,18.45,18.445,18.45,18.4411,64
2024-04-01 16:34:00,19234,18.446,18.445,18.45,18.45,18.44,155
2024-04-01 16:35:00,103894,18.446,18.45,18.435,18.46,18.435,561
2024-04-01 16:36:00,32494,18.4428,18.44,18.445,18.45,18.435,154
2024-04-01 16:37:00,9632,18.4462,18.445,18.45,18.45,18.445,54
2024-04-01 16:38:00,4248,18.4484,18.445,18.45,18.45,18.445,48
2024-04-01 16:39:00,25285,18.4508,18.45,18.455,18.46,18.445,120
2024-04-01 16:40:00,22449,18.4525,18.455,18.455,18.46,18.45,118
2024-04-01 16:41:00,15070,18.4468,18.45,18.445,18.45,18.44,77
2024-04-01 16:42:00,4668,18.4453,18.4499,18.445,18.4499,18.445,38
2024-04-01 16:43:00,3657,18.4451,18.445,18.445,18.4453,18.4446,43
2024-04-01 16:44:00,24465,18.4424,18.445,18.435,18.445,18.435,115
2024-04-01 16:45:00,6645,18.4374,18.4399,18.435,18.4399,18.435,52
2024-04-01 16:46:00,25679,18.4269,18.43,18.425,18.435,18.42,128
2024-04-01 16:47:00,6668,18.4275,18.425,18.4279,18.43,18.4211,62
2024-04-01 16:48:00,4684,18.4255,18.425,18.425,18.43,18.4228,44
2024-04-01 16:49:00,40020,18.4137,18.425,18.405,18.425,18.4045,225
2024-04-01 16:50:00,17661,18.403,18.405,18.395,18.41,18.395,127
2024-04-01 16:51:00,114385,18.4079,18.4,18.425,18.4287,18.395,472
2024-04-01 16:52:00,17963,18.4154,18.425,18.42,18.425,18.41,94
2024-04-01 16:53:00,21599,18.4128,18.415,18.415,18.415,18.41,74
2024-04-01 16:54:00,38684,18.4164,18.415,18.415,18.42,18.41,128
2024-04-01 16:55:00,19951,18.4149,18.411,18.415,18.42,18.41,64
2024-04-01 16:56:00,12633,18.4149,18.415,18.41,18.42,18.41,98
2024-04-01 16:57:00,17176,18.4179,18.41,18.41,18.42,18.41,54
2024-04-01 16:58:00,4236,18.4136,18.4105,18.41,18.42,18.41,56
2024-04-01 16:59:00,17162,18.4175,18.41,18.42,18.42,18.41,153
2024-04-01 17:00:00,4779,18.4165,18.42,18.415,18.42,18.415,34
2024-04-01 17:01:00,5582,18.4158,18.415,18.415,18.42,18.415,45
2024-04-01 17:02:00,6525,18.417,18.415,18.415,18.42,18.415,45
2024-04-01 17:03:00,30386,18.4094,18.415,18.405,18.415,18.405,156
2024-04-01 17:04:00,4651,18.4061,18.41,18.405,18.41,18.405,38
2024-04-01 17:05:00,6378,18.4053,18.405,18.4077,18.41,18.405,51
2024-04-01 17:06:00,5195,18.4093,18.41,18.41,18.41,18.405,60
2024-04-01 17:07:00,18330,18.4102,18.405,18.41,18.415,18.405,122
2024-04-01 17:08:00,30493,18.41,18.415,18.41,18.42,18.405,149
2024-04-01 17:09:00,10153,18.4065,18.405,18.405,18.41,18.4032,73
2024-04-01 17:10:00,4544,18.4054,18.405,18.405,18.41,18.405,34
2024-04-01 17:11:00,5131,18.4088,18.405,18.41,18.41,18.405,48
2024-04-01 17:12:00,7848,18.4098,18.41,18.41,18.41,18.41,47
2024-04-01 17:13:00,38459,18.4115,18.41,18.415,18.42,18.4,221
2024-04-01 17:14:00,21309,18.4082,18.41,18.405,18.41,18.4,111
2024-04-01 17:15:00,12453,18.4017,18.405,18.395,18.405,18.395,90
2024-04-01 17:16:00,5219,18.3938,18.395,18.395,18.4,18.39,41
2024-04-01 17:17:00,2894,18.395,18.395,18.395,18.3987,18.395,50
2024-04-01 17:18:00,28156,18.3891,18.395,18.385,18.395,18.38,102
2024-04-01 17:19:00,10115,18.3868,18.39,18.385,18.39,18.38,57
2024-04-01 17:20:00,34772,18.3778,18.38,18.375,18.38,18.37,108
2024-04-01 17:21:00,23553,18.3784,18.38,18.375,18.38,18.37,89
2024-04-01 17:22:00,8344,18.3764,18.375,18.375,18.38,18.37,50
2024-04-01 17:23:00,2328,18.3756,18.38,18.375,18.38,18.375,36
2024-04-01 17:24:00,4254,18.376,18.375,18.375,18.38,18.37,38
2024-04-01 17:25:00,18037,18.375,18.3736,18.375,18.38,18.37,108
2024-04-01 17:26:00,5873,18.3754,18.38,18.375,18.38,18.375,39
2024-04-01 17:27:00,36016,18.3844,18.38,18.39,18.3909,18.375,198
2024-04-01 17:28:00,6954,18.3942,18.395,18.4,18.4,18.3901,64
2024-04-01 17:29:00,3093,18.3978,18.395,18.395,18.4,18.395,42
2024-04-01 17:30:00,5332,18.393,18.39,18.395,18.3955,18.39,55
2024-04-01 17:31:00,8638,18.3928,18.395,18.395,18.395,18.39,114
2024-04-01 17:32:00,3906,18.3822,18.39,18.395,18.395,18.39,58
2024-04-01 17:33:00,26402,18.3902,18.395,18.39,18.395,18.39,155
2024-04-01 17:34:00,10245,18.3891,18.39,18.385,18.39,18.385,86
2024-04-01 17:35:00,7549,18.3846,18.385,18.385,18.385,18.38,47
2024-04-01 17:36:00,5738,18.388,18.39,18.385,18.39,18.38,42
2024-04-01 17:37:00,8761,18.3874,18.3863,18.39,18.39,18.38,84
2024-04-01 17:38:00,24841,18.3885,18.39,18.395,18.395,18.38,157
2024-04-01 17:39:00,2714,18.3949,18.395,18.395,18.4,18.395,35
2024-04-01 17:40:00,96219,18.3837,18.4,18.37,18.4,18.37,201
2024-04-01 17:41:00,16328,18.3772,18.375,18.38,18.38,18.37,87
2024-04-01 17:42:00,63908,18.3863,18.38,18.39,18.395,18.375,299
2024-04-01 17:43:00,50020,18.3867,18.395,18.39,18.395,18.38,152
2024-04-01 17:44:00,5445,18.3867,18.39,18.39,18.39,18.38,34
2024-04-01 17:45:00,8957,18.3851,18.385,18.39,18.39,18.385,50
2024-04-01 17:46:00,3530,18.3863,18.385,18.39,18.39,18.38,44
2024-04-01 17:47:00,7910,18.3835,18.385,18.385,18.385,18.38,57
2024-04-01 17:48:00,6548,18.385,18.385,18.385,18.385,18.385,59
2024-04-01 17:49:00,35086,18.3777,18.385,18.38,18.385,18.37,156
2024-04-01 17:50:00,8408,18.3759,18.375,18.38,18.38,18.375,70
2024-04-01 17:51:00,3014,18.3766,18.375,18.3725,18.38,18.3725,36
2024-04-01 17:52:00,4519,18.3782,18.3766,18.38,18.38,18.375,41
2024-04-01 17:53:00,40273,18.3797,18.375,18.3799,18.385,18.3701,211
2024-04-01 17:54:00,4022,18.3771,18.375,18.3791,18.38,18.375,37
2024-04-01 17:55:00,4025,18.3769,18.38,18.375,18.38,18.375,40
2024-04-01 17:56:00,5127,18.3772,18.38,18.38,18.38,18.375,54
2024-04-01 17:57:00,6035,18.3746,18.375,18.375,18.38,18.37,63
2024-04-01 17:58:00,1998,18.3738,18.375,18.375,18.375,18.37,43
2024-04-01 17:59:00,7199,18.374,18.375,18.37,18.3766,18.37,70
2024-04-01 18:00:00,2068,18.3735,18.3701,18.375,18.3778,18.37,46
2024-04-01 18:01:00,82502,18.3732,18.375,18.365,18.375,18.36,124
2024-04-01 18:02:00,19406,18.3648,18.36,18.3601,18.37,18.36,92
2024-04-01 18:03:00,12371,18.3657,18.3621,18.37,18.37,18.3615,61
2024-04-01 18:04:00,9116,18.3651,18.37,18.365,18.37,18.36,95
2024-04-01 18:05:00,19628,18.3594,18.365,18.36,18.3699,18.355,97
2024-04-01 18:06:00,11697,18.3536,18.36,18.352,18.36,18.35,61
2024-04-01 18:07:00,9456,18.3561,18.35,18.35,18.36,18.35,58
2024-04-01 18:08:00,52163,18.3594,18.355,18.36,18.365,18.35,203
2024-04-01 18:09:00,51995,18.3521,18.36,18.345,18.365,18.3441,367
2024-04-01 18:10:00,16938,18.351,18.35,18.355,18.355,18.35,107
2024-04-01 18:11:00,5140,18.3556,18.355,18.355,18.36,18.355,40
2024-04-01 18:12:00,10777,18.3545,18.355,18.3512,18.36,18.3512,41
2024-04-01 18:13:00,8805,18.3553,18.3556,18.355,18.36,18.35,41
2024-04-01 18:14:00,8255,18.3584,18.355,18.36,18.36,18.35,68
2024-04-01 18:15:00,39858,18.345,18.35,18.34,18.36,18.33,181
2024-04-01 18:16:00,14653,18.3363,18.335,18.33,18.34,18.33,83
2024-04-01 18:17:00,5689,18.3372,18.335,18.335,18.34,18.33,35
2024-04-01 18:18:00,3497,18.3369,18.34,18.34,18.34,18.335,34
2024-04-01 18:19:00,3237,18.3374,18.33,18.34,18.34,18.33,46
2024-04-01 18:20:00,30539,18.343,18.34,18.345,18.35,18.335,212
2024-04-01 18:21:00,17939,18.3503,18.345,18.36,18.36,18.345,151
2024-04-01 18:22:00,19708,18.3593,18.355,18.36,18.36,18.355,135
2024-04-01 18:23:00,6291,18.3586,18.36,18.355,18.36,18.355,59
2024-04-01 18:24:00,10286,18.3563,18.355,18.36,18.36,18.35,60
2024-04-01 18:25:00,14832,18.3556,18.36,18.355,18.36,18.35,106
2024-04-01 18:26:00,13081,18.357,18.36,18.355,18.36,18.352,91
2024-04-01 18:27:00,5065,18.3596,18.36,18.36,18.36,18.3599,47
2024-04-01 18:28:00,5180,18.3568,18.3501,18.36,18.36,18.3501,61
2024-04-01 18:29:00,3212,18.3587,18.36,18.36,18.36,18.3521,50
2024-04-01 18:30:00,4332,18.3565,18.36,18.36,18.36,18.355,66
2024-04-01 18:31:00,4099,18.3578,18.355,18.36,18.36,18.35,50
2024-04-01 18:32:00,5540,18.3572,18.36,18.355,18.36,18.355,55
2024-04-01 18:33:00,4305,18.357,18.36,18.355,18.36,18.35,41
2024-04-01 18:34:00,4922,18.3583,18.355,18.3546,18.36,18.3546,73
2024-04-01 18:35:00,22117,18.3647,18.36,18.37,18.37,18.36,155
2024-04-01 18:36:00,11380,18.3688,18.37,18.37,18.37,18.365,70
2024-04-01 18:37:00,43663,18.3725,18.37,18.37,18.38,18.37,235
2024-04-01 18:38:00,8056,18.3692,18.37,18.3661,18.37,18.365,61
2024-04-01 18:39:00,7917,18.3674,18.37,18.37,18.37,18.365,49
2024-04-01 18:40:00,1502,18.3677,18.37,18.365,18.37,18.365,27
2024-04-01 18:41:00,21955,18.3689,18.365,18.375,18.375,18.36,109
2024-04-01 18:42:00,14225,18.3771,18.38,18.38,18.38,18.375,74
2024-04-01 18:43:00,10686,18.3756,18.38,18.3732,18.38,18.3732,46
2024-04-01 18:44:00,13546,18.3769,18.3797,18.3799,18.38,18.375,67
2024-04-01 18:45:00,6257,18.3775,18.38,18.38,18.38,18.375,63
2024-04-01 18:46:00,10674,18.379,18.38,18.38,18.38,18.375,56
2024-04-01 18:47:00,14764,18.3792,18.38,18.375,18.38,18.37,107
2024-04-01 18:48:00,7077,18.376,18.3762,18.375,18.38,18.37,92
2024-04-01 18:49:00,20783,18.3796,18.38,18.39,18.39,18.375,139
2024-04-01 18:50:00,16457,18.3881,18.39,18.39,18.39,18.385,95
2024-04-01 18:51:00,13361,18.3869,18.385,18.38,18.39,18.38,74
2024-04-01 18:52:00,45959,18.3785,18.385,18.375,18.385,18.375,169
2024-04-01 18:53:00,9865,18.3765,18.375,18.38,18.38,18.3703,53
2024-04-01 18:54:00,8739,18.3768,18.38,18.375,18.38,18.375,46
2024-04-01 18:55:00,3908,18.3766,18.3746,18.38,18.38,18.37,30
2024-04-01 18:56:00,14998,18.3768,18.38,18.375,18.38,18.375,76
2024-04-01 18:57:00,4811,18.3778,18.38,18.38,18.38,18.375,57
2024-04-01 18:58:00,6229,18.3781,18.375,18.375,18.38,18.3701,63
2024-04-01 18:59:00,8584,18.3781,18.38,18.38,18.38,18.375,103
2024-04-01 19:00:00,4560,18.3786,18.38,18.38,18.38,18.375,56
2024-04-01 19:01:00,60371,18.3807,18.38,18.375,18.385,18.37,296
2024-04-01 19:02:00,13906,18.3783,18.375,18.38,18.38,18.375,47
2024-04-01 19:03:00,12632,18.3791,18.375,18.3701,18.38,18.3701,51
2024-04-01 19:04:00,22149,18.3802,18.38,18.385,18.39,18.375,119
2024-04-01 19:05:00,10144,18.3892,18.39,18.39,18.39,18.385,80
2024-04-01 19:06:00,31936,18.3915,18.39,18.395,18.4,18.39,162
2024-04-01 19:07:00,23686,18.3906,18.395,18.387,18.4,18.3801,140
2024-04-01 19:08:00,23220,18.3896,18.39,18.395,18.395,18.3825,120
2024-04-01 19:09:00,11478,18.3901,18.4,18.39,18.4,18.385,97
2024-04-01 19:10:00,4049,18.3867,18.39,18.385,18.39,18.385,43
2024-04-01 19:11:00,7598,18.3886,18.385,18.39,18.39,18.385,38
2024-04-01 19:12:00,5189,18.3883,18.385,18.39,18.39,18.385,62
2024-04-01 19:13:00,6583,18.3867,18.385,18.39,18.39,18.385,63
2024-04-01 19:14:00,9864,18.3856,18.39,18.385,18.39,18.3825,72
2024-04-01 19:15:00,4819,18.3879,18.39,18.39,18.39,18.385,56
2024-04-01 19:16:00,7769,18.3873,18.39,18.39,18.39,18.385,86
2024-04-01 19:17:00,3686,18.3874,18.39,18.385,18.39,18.385,59
2024-04-01 19:18:00,6421,18.3862,18.3846,18.39,18.39,18.3846,56
2024-04-01 19:19:00,4580,18.387,18.39,18.39,18.39,18.38,71
2024-04-01 19:20:00,16760,18.3846,18.385,18.385,18.39,18.38,71
2024-04-01 19:21:00,18268,18.3848,18.385,18.385,18.39,18.38,160
2024-04-01 19:22:00,41870,18.3791,18.385,18.375,18.385,18.37,222
2024-04-01 19:23:00,5351,18.3781,18.38,18.375,18.38,18.37,49
2024-04-01 19:24:00,9285,18.3765,18.375,18.38,18.38,18.37,77
2024-04-01 19:25:00,63358,18.3871,18.38,18.39,18.4,18.375,286
2024-04-01 19:26:00,4442,18.3955,18.4,18.395,18.4,18.39,65
2024-04-01 19:27:00,25561,18.3916,18.395,18.38,18.4,18.38,169
2024-04-01 19:28:00,8873,18.3887,18.385,18.39,18.39,18.385,104
2024-04-01 19:29:00,71185,18.3963,18.385,18.405,18.41,18.385,384
2024-04-01 19:30:00,7029,18.4055,18.405,18.41,18.41,18.4,78
2024-04-01 19:31:00,43040,18.4104,18.405,18.415,18.42,18.405,213
2024-04-01 19:32:00,18343,18.4177,18.42,18.415,18.42,18.415,115
2024-04-01 19:33:00,9195,18.4169,18.42,18.415,18.42,18.415,88
2024-04-01 19:34:00,15174,18.4182,18.415,18.415,18.42,18.41,132
2024-04-01 19:35:00,11298,18.4173,18.415,18.42,18.42,18.415,114
2024-04-01 19:36:00,15258,18.4166,18.42,18.42,18.42,18.41,133
2024-04-01 19:37:00,17600,18.4188,18.415,18.42,18.42,18.415,87
2024-04-01 19:38:00,14542,18.4163,18.415,18.42,18.42,18.41,120
2024-04-01 19:39:00,12521,18.4177,18.42,18.415,18.42,18.415,127
2024-04-01 19:40:00,13860,18.4167,18.415,18.415,18.42,18.4125,152
2024-04-01 19:41:00,46334,18.4212,18.4195,18.425,18.43,18.415,322
2024-04-01 19:42:00,14935,18.4259,18.425,18.43,18.43,18.42,156
2024-04-01 19:43:00,26348,18.4269,18.43,18.43,18.43,18.425,128
2024-04-01 19:44:00,17162,18.4277,18.425,18.42,18.43,18.42,146
2024-04-01 19:45:00,43526,18.4311,18.43,18.435,18.44,18.425,250
2024-04-01 19:46:00,22849,18.4362,18.44,18.44,18.44,18.43,196
2024-04-01 19:47:00,27439,18.4374,18.435,18.44,18.44,18.4301,193
2024-04-01 19:48:00,19591,18.4388,18.44,18.44,18.44,18.4315,191
2024-04-01 19:49:00,19077,18.4393,18.435,18.4399,18.44,18.435,194
2024-04-01 19:50:00,38675,18.4369,18.43,18.435,18.44,18.43,319
2024-04-01 19:51:00,126797,18.4306,18.44,18.425,18.44,18.42,548
2024-04-01 19:52:00,31733,18.4263,18.43,18.43,18.43,18.42,208
2024-04-01 19:53:00,21840,18.4279,18.425,18.425,18.43,18.4213,147
2024-04-01 19:54:00,37645,18.4276,18.43,18.425,18.43,18.42,252
2024-04-01 19:55:00,240572,18.4272,18.43,18.415,18.44,18.41,870
2024-04-01 19:56:00,36056,18.4179,18.415,18.415,18.42,18.4101,280
2024-04-01 19:57:00,43690,18.418,18.42,18.415,18.42,18.4101,244
2024-04-01 19:58:00,69041,18.4175,18.415,18.42,18.42,18.41,425
2024-04-01 19:59:00,443202,18.4108,18.415,18.4,18.42,18.4,1250
2024-04-01 20:00:00,127833,18.41,18.41,18.41,18.41,18.41,32
2024-04-01 21:00:00,1000,18.39,18.39,18.39,18.39,18.39,4
2024-04-01 21:04:00,3022,18.38,18.38,18.38,18.38,18.38,3
2024-04-01 21:11:00,1000,18.39,18.39,18.39,18.39,18.39,4
2024-04-01 21:25:00,570,18.38,18.38,18.38,18.38,18.38,1
2024-04-01 21:44:00,100,18.41,18.41,18.41,18.41,18.41,1
2024-04-01 22:26:00,100,18.4,18.4,18.4,18.4,18.4,1
2024-04-02 11:00:00,950,18.4135,18.4,18.44,18.44,18.39,11
2024-04-02 11:57:00,461,18.45,18.45,18.45,18.45,18.45,2
2024-04-02 12:01:00,165,18.4402,18.44,18.44,18.44,18.44,3
2024-04-02 12:39:00,201,18.4201,18.42,18.42,18.42,18.42,3
2024-04-02 12:44:00,500,18.45,18.45,18.45,18.45,18.45,4
2024-04-02 12:52:00,120,18.41,18.41,18.41,18.41,18.41,1
2024-04-02 13:24:00,500,18.41,18.41,18.41,18.41,18.41,1
2024-04-02 13:30:00,314628,18.4669,18.45,18.475,18.52,18.44,502
2024-04-02 13:31:00,21465,18.4606,18.47,18.46,18.47,18.45,238
2024-04-02 13:32:00,20549,18.444,18.45,18.4501,18.455,18.4324,118
2024-04-02 13:33:00,16346,18.4392,18.44,18.46,18.46,18.43,149
2024-04-02 13:34:00,6339,18.4582,18.468,18.4468,18.47,18.4468,82
2024-04-02 13:35:00,18896,18.4368,18.45,18.44,18.45,18.42,154
2024-04-02 13:36:00,92999,18.4008,18.42,18.39,18.43,18.39,161
2024-04-02 13:37:00,12568,18.3996,18.4,18.4,18.4,18.3938,106
2024-04-02 13:38:00,22484,18.4161,18.395,18.44,18.44,18.395,170
2024-04-02 13:39:00,38329,18.4483,18.44,18.45,18.46,18.435,248
2024-04-02 13:40:00,59029,18.4693,18.46,18.48,18.48,18.45,244
2024-04-02 13:41:00,107414,18.4793,18.485,18.48,18.49,18.47,232
2024-04-02 13:42:00,11063,18.4875,18.4858,18.485,18.495,18.48,99
2024-04-02 13:43:00,31116,18.4892,18.485,18.49,18.5,18.48,177
2024-04-02 13:44:00,19120,18.4898,18.49,18.495,18.495,18.48,105
2024-04-02 13:45:00,36459,18.49,18.49,18.495,18.4992,18.485,263
2024-04-02 13:46:00,22029,18.482,18.49,18.47,18.495,18.46,143
2024-04-02 13:47:00,17610,18.4494,18.46,18.44,18.46,18.44,158
2024-04-02 13:48:00,15951,18.4298,18.445,18.425,18.445,18.425,134
2024-04-02 13:49:00,31262,18.4212,18.425,18.41,18.43,18.41,230
2024-04-02 13:50:00,18953,18.4112,18.42,18.4073,18.42,18.4,123
2024-04-02 13:51:00,12933,18.4172,18.405,18.425,18.425,18.405,91
2024-04-02 13:52:00,11044,18.417,18.42,18.415,18.42,18.413,95
2024-04-02 13:53:00,50077,18.425,18.415,18.44,18.44,18.41,213
2024-04-02 13:54:00,44908,18.4465,18.435,18.465,18.47,18.435,272
2024-04-02 13:55:00,35815,18.4582,18.465,18.4668,18.47,18.45,205
2024-04-02 13:56:00,8626,18.4513,18.46,18.44,18.465,18.44,103
2024-04-02 13:57:00,19720,18.4488,18.445,18.46,18.465,18.44,136
2024-04-02 13:58:00,22059,18.4651,18.4699,18.47,18.47,18.46,105
2024-04-02 13:59:00,178105,18.4681,18.465,18.4669,18.47,18.46,243
2024-04-02 14:00:00,43995,18.4677,18.47,18.465,18.48,18.46,229
2024-04-02 14:01:00,31230,18.4689,18.465,18.465,18.48,18.46,210
2024-04-02 14:02:00,21981,18.4669,18.465,18.475,18.48,18.46,146
2024-04-02 14:03:00,49096,18.4882,18.475,18.49,18.5,18.47,204
2024-04-02 14:04:00,32760,18.48,18.49,18.475,18.49,18.47,62
2024-04-02 14:05:00,20649,18.4794,18.48,18.475,18.485,18.47,119
2024-04-02 14:06:00,11749,18.4766,18.47,18.475,18.48,18.47,58
2024-04-02 14:07:00,27700,18.4786,18.475,18.48,18.49,18.475,152
2024-04-02 14:08:00,9558,18.4863,18.48,18.49,18.49,18.48,61
2024-04-02 14:09:00,19720,18.4814,18.485,18.48,18.49,18.475,128
2024-04-02 14:10:00,9000,18.4809,18.475,18.4875,18.4875,18.475,90
2024-04-02 14:11:00,34277,18.4713,18.485,18.47,18.4875,18.465,240
2024-04-02 14:12:00,21990,18.476,18.47,18.475,18.48,18.47,142
2024-04-02 14:13:00,19503,18.4821,18.475,18.485,18.49,18.475,162
2024-04-02 14:14:00,78845,18.4721,18.4875,18.47,18.49,18.465,333
2024-04-02 14:15:00,8233,18.4719,18.47,18.47,18.4799,18.47,85
2024-04-02 14:16:00,53959,18.4692,18.465,18.465,18.48,18.4602,199
2024-04-02 14:17:00,13670,18.4699,18.465,18.475,18.48,18.4646,108
2024-04-02 14:18:00,10696,18.4765,18.4775,18.4775,18.48,18.47,98
2024-04-02 14:19:00,16883,18.4763,18.475,18.475,18.48,18.47,149
2024-04-02 14:20:00,19499,18.4796,18.48,18.485,18.49,18.47,160
2024-04-02 14:21:00,11964,18.4875,18.48,18.485,18.49,18.48,69
2024-04-02 14:22:00,34823,18.4897,18.49,18.5,18.5,18.48,256
2024-04-02 14:23:00,41377,18.5004,18.495,18.495,18.51,18.49,246
2024-04-02 14:24:00,23267,18.4887,18.49,18.485,18.49,18.485,172
2024-04-02 14:25:00,10890,18.4881,18.485,18.4975,18.5,18.485,110
2024-04-02 14:26:00,17542,18.4965,18.495,18.505,18.51,18.49,132
2024-04-02 14:27:00,17912,18.5077,18.5075,18.505,18.51,18.505,120
2024-04-02 14:28:00,16799,18.4996,18.51,18.495,18.51,18.49,126
2024-04-02 14:29:00,14725,18.4896,18.4903,18.485,18.5,18.485,100
2024-04-02 14:30:00,17182,18.4831,18.49,18.475,18.49,18.475,145
2024-04-02 14:31:00,18225,18.4786,18.475,18.48,18.485,18.4701,148
2024-04-02 14:32:00,9862,18.4766,18.48,18.4781,18.48,18.47,95
2024-04-02 14:33:00,14904,18.4713,18.475,18.47,18.48,18.465,168
2024-04-02 14:34:00,6862,18.4651,18.465,18.47,18.47,18.46,68
2024-04-02 14:35:00,13736,18.4567,18.4615,18.455,18.465,18.45,131
2024-04-02 14:36:00,21599,18.4598,18.455,18.465,18.465,18.455,122
2024-04-02 14:37:00,11601,18.4575,18.465,18.46,18.465,18.45,88
2024-04-02 14:38:00,15766,18.4564,18.45,18.46,18.46,18.45,108
2024-04-02 14:39:00,19574,18.4518,18.455,18.445,18.46,18.445,137
2024-04-02 14:40:00,33421,18.4536,18.445,18.455,18.46,18.445,191
2024-04-02 14:41:00,8260,18.4555,18.455,18.455,18.46,18.45,65
2024-04-02 14:42:00,7175,18.4556,18.4575,18.4566,18.46,18.455,78
2024-04-02 14:43:00,7866,18.456,18.455,18.455,18.46,18.45,72
2024-04-02 14:44:00,21016,18.4481,18.45,18.445,18.45,18.44,127
2024-04-02 14:45:00,23361,18.4483,18.445,18.445,18.45,18.445,195
2024-04-02 14:46:00,10541,18.4578,18.445,18.465,18.4675,18.445,111
2024-04-02 14:47:00,24374,18.4613,18.465,18.455,18.47,18.45,175
2024-04-02 14:48:00,16208,18.4591,18.46,18.46,18.4675,18.455,139
2024-04-02 14:49:00,9103,18.4676,18.465,18.465,18.47,18.465,64
2024-04-02 14:50:00,14754,18.465,18.465,18.465,18.47,18.46,99
2024-04-02 14:51:00,20072,18.4687,18.4675,18.475,18.475,18.465,92
2024-04-02 14:52:00,6263,18.4747,18.475,18.475,18.4775,18.47,46
2024-04-02 14:53:00,15658,18.4688,18.475,18.465,18.4775,18.46,99
2024-04-02 14:54:00,15044,18.4577,18.461,18.455,18.461,18.455,124
2024-04-02 14:55:00,4652,18.456,18.455,18.4599,18.46,18.455,50
2024-04-02 14:56:00,5624,18.4563,18.455,18.455,18.46,18.45,60
2024-04-02 14:57:00,13950,18.4519,18.455,18.455,18.4575,18.45,92
2024-04-02 14:58:00,7584,18.4543,18.455,18.4575,18.4575,18.45,61
2024-04-02 14:59:00,17688,18.4559,18.455,18.4588,18.46,18.455,106
2024-04-02 15:00:00,12729,18.4493,18.4565,18.445,18.4565,18.44,132
2024-04-02 15:01:00,26203,18.4497,18.445,18.45,18.4575,18.445,197
2024-04-02 15:02:00,9101,18.4549,18.453,18.455,18.46,18.451,97
2024-04-02 15:03:00,7526,18.4598,18.455,18.47,18.47,18.455,97
2024-04-02 15:04:00,7987,18.4631,18.465,18.465,18.47,18.46,60
2024-04-02 15:05:00,10749,18.4652,18.465,18.465,18.47,18.46,89
2024-04-02 15:06:00,21050,18.4677,18.4625,18.465,18.47,18.46,131
2024-04-02 15:07:00,11353,18.4671,18.465,18.465,18.47,18.465,91
2024-04-02 15:08:00,37793,18.4696,18.465,18.4601,18.475,18.46,165
2024-04-02 15:09:00,13600,18.467,18.465,18.465,18.47,18.465,101
2024-04-02 15:10:00,9381,18.4678,18.4675,18.465,18.47,18.462,61
2024-04-02 15:11:00,71757,18.474,18.465,18.475,18.48,18.46,154
2024-04-02 15:12:00,48623,18.4791,18.48,18.485,18.485,18.475,171
2024-04-02 15:13:00,28612,18.4796,18.485,18.475,18.49,18.47,137
2024-04-02 15:14:00,14900,18.4716,18.48,18.475,18.48,18.47,56
2024-04-02 15:15:00,57174,18.4792,18.475,18.475,18.485,18.4732,308
2024-04-02 15:16:00,4329,18.4753,18.475,18.475,18.48,18.475,56
2024-04-02 15:17:00,45902,18.4783,18.475,18.4772,18.485,18.47,184
2024-04-02 15:18:00,33711,18.4707,18.475,18.465,18.48,18.465,161
2024-04-02 15:19:00,4029,18.4666,18.465,18.46,18.47,18.46,32
2024-04-02 15:20:00,16330,18.4668,18.465,18.465,18.47,18.46,120
2024-04-02 15:21:00,1983,18.4659,18.46,18.465,18.4685,18.46,49
2024-04-02 15:22:00,25621,18.4664,18.46,18.4635,18.47,18.46,178
2024-04-02 15:23:00,13264,18.4594,18.465,18.455,18.4675,18.45,105
2024-04-02 15:24:00,22781,18.4563,18.455,18.45,18.46,18.45,142
2024-04-02 15:25:00,16068,18.4564,18.455,18.455,18.46,18.45,95
2024-04-02 15:26:00,3207,18.4543,18.455,18.455,18.46,18.45,35
2024-04-02 15:27:00,19240,18.4577,18.455,18.45,18.46,18.45,105
2024-04-02 15:28:00,7822,18.4564,18.4584,18.455,18.46,18.4541,67
2024-04-02 15:29:00,3790,18.4555,18.4501,18.455,18.46,18.45,61
2024-04-02 15:30:00,5461,18.4525,18.45,18.455,18.46,18.45,81
2024-04-02 15:31:00,17749,18.4472,18.45,18.445,18.45,18.44,208
2024-04-02 15:32:00,20906,18.449,18.445,18.455,18.46,18.44,175
2024-04-02 15:33:00,13368,18.4567,18.45,18.455,18.46,18.45,92
2024-04-02 15:34:00,20509,18.4589,18.455,18.455,18.46,18.455,126
2024-04-02 15:35:00,34184,18.4586,18.45,18.455,18.465,18.45,181
2024-04-02 15:36:00,11828,18.4493,18.45,18.445,18.455,18.44,100
2024-04-02 15:37:00,3092,18.4434,18.44,18.441,18.4499,18.44,41
2024-04-02 15:38:00,24907,18.4405,18.44,18.435,18.4499,18.435,121
2024-04-02 15:39:00,7557,18.434,18.43,18.425,18.435,18.425,77
2024-04-02 15:40:00,10869,18.4248,18.42,18.425,18.43,18.42,50
2024-04-02 15:41:00,14569,18.4237,18.42,18.4299,18.43,18.42,55
2024-04-02 15:42:00,8194,18.4243,18.42,18.42,18.43,18.42,60
2024-04-02 15:43:00,8637,18.4255,18.42,18.4229,18.43,18.42,70
2024-04-02 15:44:00,12479,18.4169,18.42,18.415,18.425,18.41,117
2024-04-02 15:45:00,19152,18.4132,18.42,18.42,18.42,18.41,79
2024-04-02 15:46:00,1439,18.4145,18.415,18.415,18.415,18.41,30
2024-04-02 15:47:00,9522,18.4137,18.41,18.415,18.415,18.41,52
2024-04-02 15:48:00,30245,18.4157,18.415,18.415,18.42,18.41,200
2024-04-02 15:49:00,23640,18.4195,18.415,18.425,18.43,18.41,190
2024-04-02 15:50:00,9534,18.4198,18.42,18.415,18.425,18.415,88
2024-04-02 15:51:00,17096,18.4108,18.4101,18.4199,18.4199,18.41,43
2024-04-02 15:52:00,7223,18.4163,18.415,18.415,18.42,18.415,88
2024-04-02 15:53:00,10285,18.4161,18.415,18.415,18.42,18.4101,87
2024-04-02 15:54:00,8000,18.4157,18.42,18.4148,18.42,18.4148,51
2024-04-02 15:55:00,4033,18.4148,18.42,18.415,18.42,18.41,52
2024-04-02 15:56:00,15502,18.4147,18.42,18.415,18.42,18.41,83
2024-04-02 15:57:00,7988,18.4134,18.415,18.41,18.4199,18.41,74
2024-04-02 15:58:00,28745,18.4069,18.41,18.405,18.42,18.4,154
2024-04-02 15:59:00,11469,18.4045,18.405,18.405,18.405,18.4,78
2024-04-02 16:00:00,2588,18.4037,18.405,18.405,18.4064,18.4,45
2024-04-02 16:01:00,18099,18.3948,18.405,18.38,18.405,18.38,128
2024-04-02 16:02:00,16654,18.3744,18.38,18.375,18.38,18.37,100
2024-04-02 16:03:00,9670,18.3665,18.37,18.3648,18.37,18.36,68
2024-04-02 16:04:00,18326,18.3656,18.369,18.36,18.37,18.36,106
2024-04-02 16:05:00,18453,18.3665,18.36,18.36,18.37,18.36,139
2024-04-02 16:06:00,33700,18.3685,18.37,18.375,18.38,18.36,273
2024-04-02 16:07:00,28138,18.3784,18.375,18.38,18.38,18.375,223
2024-04-02 16:08:00,11912,18.3772,18.375,18.375,18.38,18.37,73
2024-04-02 16:09:00,5128,18.3749,18.375,18.375,18.375,18.37,45
2024-04-02 16:10:00,41584,18.3672,18.375,18.36,18.375,18.36,214
2024-04-02 16:11:00,9573,18.3621,18.365,18.365,18.365,18.36,79
2024-04-02 16:12:00,7012,18.3624,18.36,18.36,18.37,18.36,53
2024-04-02 16:13:00,11087,18.358,18.36,18.355,18.367,18.35,99
2024-04-02 16:14:00,14680,18.3508,18.3512,18.355,18.36,18.35,70
2024-04-02 16:15:00,5770,18.3566,18.355,18.355,18.36,18.35,51
2024-04-02 16:16:00,8810,18.3564,18.36,18.355,18.36,18.355,53
2024-04-02 16:17:00,12372,18.3549,18.355,18.35,18.36,18.35,104
2024-04-02 16:18:00,3257,18.3527,18.353,18.35,18.355,18.35,54
2024-04-02 16:19:00,12604,18.3552,18.3503,18.3515,18.36,18.35,98
2024-04-02 16:20:00,8899,18.3553,18.36,18.355,18.36,18.35,74
2024-04-02 16:21:00,26490,18.3599,18.355,18.365,18.3688,18.355,195
2024-04-02 16:22:00,7417,18.3662,18.365,18.3697,18.37,18.365,84
2024-04-02 16:23:00,9819,18.3671,18.365,18.365,18.37,18.365,62
2024-04-02 16:24:00,5437,18.3662,18.365,18.365,18.37,18.365,53
2024-04-02 16:25:00,5005,18.3659,18.365,18.365,18.37,18.365,68
2024-04-02 16:26:00,55806,18.3754,18.37,18.385,18.39,18.365,288
2024-04-02 16:27:00,3452,18.3829,18.38,18.385,18.3875,18.38,45
2024-04-02 16:28:00,3159,18.3849,18.38,18.385,18.39,18.38,41
2024-04-02 16:29:00,9060,18.3869,18.38,18.385,18.39,18.38,45
2024-04-02 16:30:00,17407,18.3784,18.385,18.375,18.385,18.375,142
2024-04-02 16:31:00,3365,18.3743,18.38,18.37,18.38,18.37,59
2024-04-02 16:32:00,20524,18.3674,18.37,18.36,18.37,18.36,89
2024-04-02 16:33:00,15786,18.3661,18.365,18.365,18.365,18.36,44
2024-04-02 16:34:00,1582,18.3639,18.36,18.365,18.365,18.36,27
2024-04-02 16:35:00,13573,18.3585,18.365,18.355,18.365,18.355,106
2024-04-02 16:36:00,21662,18.3573,18.355,18.355,18.36,18.35,146
2024-04-02 16:37:00,1627,18.3571,18.355,18.355,18.36,18.355,33
2024-04-02 16:38:00,4204,18.354,18.355,18.355,18.36,18.35,53
2024-04-02 16:39:00,7025,18.3555,18.355,18.355,18.36,18.35,82
2024-04-02 16:40:00,3487,18.352,18.355,18.35,18.355,18.35,47
2024-04-02 16:41:00,37094,18.3598,18.36,18.36,18.365,18.35,215
2024-04-02 16:42:00,8695,18.3602,18.36,18.365,18.365,18.36,71
2024-04-02 16:43:00,9074,18.3602,18.36,18.36,18.365,18.36,54
2024-04-02 16:44:00,21534,18.3598,18.365,18.35,18.365,18.35,127
2024-04-02 16:45:00,5265,18.3551,18.355,18.355,18.3551,18.35,52
2024-04-02 16:46:00,2457,18.354,18.35,18.35,18.36,18.35,47
2024-04-02 16:47:00,2933,18.3529,18.355,18.355,18.3587,18.35,43
2024-04-02 16:48:00,4147,18.3538,18.355,18.35,18.355,18.35,49
2024-04-02 16:49:00,20145,18.3557,18.355,18.355,18.36,18.35,145
2024-04-02 16:50:00,7806,18.3518,18.355,18.35,18.355,18.35,53
2024-04-02 16:51:00,6281,18.3552,18.35,18.35,18.3599,18.35,55
2024-04-02 16:52:00,5598,18.3526,18.35,18.355,18.36,18.35,54
2024-04-02 16:53:00,3492,18.3519,18.35,18.35,18.3575,18.35,62
2024-04-02 16:54:00,7154,18.3536,18.35,18.3554,18.36,18.35,67
2024-04-02 16:55:00,12715,18.355,18.355,18.35,18.36,18.35,129
2024-04-02 16:56:00,3007,18.351,18.355,18.35,18.355,18.35,53
2024-04-02 16:57:00,47533,18.3587,18.355,18.365,18.365,18.35,235
2024-04-02 16:58:00,6298,18.364,18.365,18.365,18.37,18.36,55
2024-04-02 16:59:00,3882,18.3616,18.36,18.365,18.37,18.36,52
2024-04-02 17:00:00,13696,18.3591,18.36,18.355,18.365,18.35,91
2024-04-02 17:01:00,6562,18.3544,18.35,18.35,18.36,18.35,61
2024-04-02 17:02:00,3795,18.3511,18.35,18.355,18.355,18.35,47
2024-04-02 17:03:00,6319,18.3539,18.355,18.355,18.36,18.35,58
2024-04-02 17:04:00,18764,18.3474,18.35,18.34,18.35,18.34,152
2024-04-02 17:05:00,14263,18.3464,18.35,18.345,18.35,18.34,93
2024-04-02 17:06:00,4982,18.3429,18.345,18.345,18.35,18.34,47
2024-04-02 17:07:00,7213,18.3459,18.345,18.34,18.35,18.34,71
2024-04-02 17:08:00,18914,18.3394,18.34,18.33,18.3499,18.33,116
2024-04-02 17:09:00,2780,18.3315,18.33,18.33,18.335,18.33,45
2024-04-02 17:10:00,19880,18.3272,18.33,18.325,18.335,18.32,137
2024-04-02 17:11:00,3914,18.321,18.32,18.32,18.325,18.32,49
2024-04-02 17:12:00,35350,18.3181,18.32,18.315,18.3201,18.31,173
2024-04-02 17:13:00,29946,18.3194,18.315,18.325,18.325,18.315,213
2024-04-02 17:14:00,4512,18.3249,18.32,18.325,18.33,18.32,47
2024-04-02 17:15:00,5264,18.3217,18.325,18.325,18.33,18.32,59
2024-04-02 17:16:00,25277,18.3295,18.325,18.335,18.34,18.325,164
2024-04-02 17:17:00,6619,18.3308,18.33,18.335,18.335,18.33,44
2024-04-02 17:18:00,13257,18.3277,18.33,18.32,18.3388,18.32,105
2024-04-02 17:19:00,7125,18.3211,18.32,18.32,18.33,18.32,51
2024-04-02 17:20:00,25457,18.3225,18.33,18.325,18.33,18.32,71
2024-04-02 17:21:00,36544,18.3183,18.32,18.32,18.325,18.31,225
2024-04-02 17:22:00,5419,18.3278,18.325,18.325,18.33,18.325,33
2024-04-02 17:23:00,3122,18.3244,18.325,18.325,18.33,18.32,33
2024-04-02 17:24:00,3838,18.3257,18.33,18.325,18.33,18.3243,43
2024-04-02 17:25:00,5881,18.3259,18.325,18.32,18.33,18.32,69
2024-04-02 17:26:00,4703,18.3234,18.325,18.32,18.33,18.32,47
2024-04-02 17:27:00,5492,18.3249,18.32,18.325,18.33,18.32,38
2024-04-02 17:28:00,51295,18.3289,18.325,18.33,18.335,18.3225,335
2024-04-02 17:29:00,2905,18.328,18.325,18.33,18.33,18.325,35
2024-04-02 17:30:00,3982,18.3219,18.32,18.325,18.325,18.32,52
2024-04-02 17:31:00,3591,18.3261,18.325,18.325,18.33,18.3224,45
2024-04-02 17:32:00,20174,18.3213,18.323,18.315,18.33,18.315,132
2024-04-02 17:33:00,21137,18.319,18.315,18.325,18.325,18.3125,154
2024-04-02 17:34:00,4394,18.3219,18.32,18.325,18.325,18.32,51
2024-04-02 17:35:00,8371,18.3203,18.323,18.315,18.3299,18.315,82
2024-04-02 17:36:00,15228,18.3193,18.32,18.3201,18.325,18.3125,119
2024-04-02 17:37:00,4713,18.3247,18.325,18.325,18.325,18.325,52
2024-04-02 17:38:00,10398,18.3273,18.33,18.325,18.33,18.32,102
2024-04-02 17:39:00,6741,18.3214,18.32,18.32,18.325,18.32,51
2024-04-02 17:40:00,19116,18.3195,18.32,18.315,18.32,18.315,171
2024-04-02 17:41:00,7931,18.3165,18.32,18.32,18.32,18.315,67
2024-04-02 17:42:00,9532,18.3167,18.32,18.3125,18.32,18.31,70
2024-04-02 17:43:00,7940,18.3177,18.3153,18.32,18.32,18.31,71
2024-04-02 17:44:00,44876,18.3184,18.315,18.325,18.33,18.31,268
2024-04-02 17:45:00,4884,18.3253,18.325,18.325,18.33,18.325,75
2024-04-02 17:46:00,6166,18.3212,18.325,18.32,18.33,18.32,81
2024-04-02 17:47:00,25508,18.3237,18.32,18.325,18.33,18.32,82
2024-04-02 17:48:00,49968,18.325,18.325,18.32,18.33,18.32,132
2024-04-02 17:49:00,8247,18.3216,18.325,18.32,18.325,18.32,51
2024-04-02 17:50:00,39818,18.3195,18.32,18.315,18.325,18.31,237
2024-04-02 17:51:00,7582,18.3126,18.32,18.31,18.32,18.31,57
2024-04-02 17:52:00,11962,18.3133,18.31,18.315,18.32,18.31,62
2024-04-02 17:53:00,17474,18.3111,18.31,18.31,18.315,18.31,121
2024-04-02 17:54:00,21083,18.3042,18.31,18.305,18.31,18.3,150
2024-04-02 17:55:00,23698,18.3065,18.305,18.31,18.31,18.3,161
2024-04-02 17:56:00,8600,18.3073,18.31,18.305,18.31,18.3,88
2024-04-02 17:57:00,38994,18.3138,18.31,18.32,18.325,18.3,287
2024-04-02 17:58:00,15172,18.3209,18.325,18.3299,18.33,18.32,62
2024-04-02 17:59:00,4460,18.324,18.325,18.32,18.33,18.32,48
2024-04-02 18:00:00,8215,18.3244,18.325,18.325,18.33,18.32,89
2024-04-02 18:01:00,6325,18.3237,18.325,18.325,18.33,18.32,53
2024-04-02 18:02:00,6959,18.3246,18.33,18.325,18.33,18.32,67
2024-04-02 18:03:00,11205,18.3259,18.33,18.32,18.33,18.32,105
2024-04-02 18:04:00,9951,18.3232,18.33,18.3203,18.33,18.32,81
2024-04-02 18:05:00,4370,18.3203,18.32,18.32,18.325,18.32,44
2024-04-02 18:06:00,6729,18.3243,18.325,18.32,18.33,18.32,70
2024-04-02 18:07:00,12371,18.3258,18.325,18.3273,18.33,18.3225,113
2024-04-02 18:08:00,8504,18.324,18.325,18.3275,18.33,18.32,97
2024-04-02 18:09:00,6496,18.3251,18.325,18.325,18.33,18.32,71
2024-04-02 18:10:00,7467,18.3256,18.325,18.325,18.33,18.325,67
2024-04-02 18:11:00,26328,18.3306,18.325,18.335,18.34,18.32,170
2024-04-02 18:12:00,7266,18.3318,18.3375,18.33,18.3375,18.33,63
2024-04-02 18:13:00,3197,18.3318,18.331,18.335,18.3375,18.33,47
2024-04-02 18:14:00,15328,18.3287,18.33,18.32,18.33,18.32,124
2024-04-02 18:15:00,2678,18.3255,18.3226,18.325,18.33,18.3202,36
2024-04-02 18:16:00,12036,18.3207,18.32,18.32,18.3224,18.32,43
2024-04-02 18:17:00,15795,18.3266,18.325,18.32,18.33,18.32,94
2024-04-02 18:18:00,14134,18.3207,18.325,18.32,18.33,18.32,66
2024-04-02 18:19:00,7180,18.3245,18.32,18.3215,18.33,18.32,83
2024-04-02 18:20:00,6136,18.3237,18.325,18.32,18.325,18.32,73
2024-04-02 18:21:00,13456,18.3259,18.325,18.325,18.33,18.32,80
2024-04-02 18:22:00,2481,18.3238,18.325,18.325,18.33,18.32,54
2024-04-02 18:23:00,4626,18.323,18.32,18.325,18.325,18.32,65
2024-04-02 18:24:00,3605,18.3246,18.325,18.32,18.33,18.32,50
2024-04-02 18:25:00,17216,18.3263,18.325,18.325,18.33,18.325,121
2024-04-02 18:26:00,6237,18.3258,18.325,18.325,18.33,18.325,85
2024-04-02 18:27:00,10450,18.3252,18.325,18.33,18.33,18.32,95
2024-04-02 18:28:00,25975,18.3318,18.33,18.335,18.34,18.325,231
2024-04-02 18:29:00,3964,18.3348,18.335,18.335,18.34,18.33,56
2024-04-02 18:30:00,7355,18.3367,18.335,18.335,18.34,18.335,110
2024-04-02 18:31:00,10055,18.3354,18.335,18.335,18.34,18.3301,106
2024-04-02 18:32:00,17412,18.3323,18.335,18.335,18.34,18.33,91
2024-04-02 18:33:00,22759,18.3308,18.33,18.335,18.34,18.33,56
2024-04-02 18:34:00,104253,18.3257,18.3375,18.315,18.34,18.31,357
2024-04-02 18:35:00,46166,18.3254,18.315,18.335,18.34,18.315,223
2024-04-02 18:36:00,3423,18.3322,18.335,18.33,18.3375,18.33,42
2024-04-02 18:37:00,5620,18.3311,18.3388,18.335,18.3388,18.33,40
2024-04-02 18:38:00,7738,18.3355,18.335,18.335,18.34,18.33,78
2024-04-02 18:39:00,6554,18.3326,18.3308,18.335,18.3375,18.33,46
2024-04-02 18:40:00,8227,18.3354,18.335,18.34,18.34,18.335,84
2024-04-02 18:41:00,23666,18.3394,18.34,18.34,18.35,18.335,170
2024-04-02 18:42:00,2408,18.3429,18.35,18.34,18.35,18.34,47
2024-04-02 18:43:00,8881,18.3462,18.345,18.345,18.35,18.345,64
2024-04-02 18:44:00,2493,18.3433,18.345,18.34,18.345,18.34,52
2024-04-02 18:45:00,3158,18.3441,18.345,18.345,18.35,18.34,43
2024-04-02 18:46:00,10897,18.346,18.345,18.345,18.35,18.345,106
2024-04-02 18:47:00,7077,18.3444,18.345,18.345,18.35,18.34,71
2024-04-02 18:48:00,25275,18.3497,18.345,18.355,18.3557,18.34,170
2024-04-02 18:49:00,3358,18.3529,18.355,18.355,18.355,18.35,47
2024-04-02 18:50:00,7332,18.3539,18.36,18.35,18.36,18.35,52
2024-04-02 18:51:00,4950,18.3525,18.355,18.355,18.355,18.35,53
2024-04-02 18:52:00,8525,18.3561,18.36,18.355,18.36,18.355,97
2024-04-02 18:53:00,5656,18.3554,18.355,18.355,18.36,18.35,62
2024-04-02 18:54:00,3689,18.3559,18.36,18.355,18.36,18.355,57
2024-04-02 18:55:00,42001,18.3593,18.355,18.365,18.365,18.35,228
2024-04-02 18:56:00,9756,18.3569,18.36,18.35,18.36,18.35,105
2024-04-02 18:57:00,1998,18.3544,18.355,18.355,18.355,18.35,35
2024-04-02 18:58:00,3593,18.3552,18.355,18.355,18.36,18.3545,73
2024-04-02 18:59:00,22560,18.3609,18.36,18.365,18.3675,18.355,174
2024-04-02 19:00:00,5132,18.3616,18.36,18.365,18.365,18.36,61
2024-04-02 19:01:00,1519,18.3658,18.365,18.37,18.37,18.365,37
2024-04-02 19:02:00,4003,18.366,18.365,18.365,18.37,18.365,60
2024-04-02 19:03:00,7280,18.3658,18.365,18.365,18.37,18.365,87
2024-04-02 19:04:00,10059,18.3656,18.365,18.37,18.37,18.36,112
2024-04-02 19:05:00,62371,18.3771,18.365,18.3805,18.385,18.365,322
2024-04-02 19:06:00,9175,18.3767,18.38,18.3701,18.38,18.3701,77
2024-04-02 19:07:00,4672,18.3755,18.375,18.375,18.38,18.37,53
2024-04-02 19:08:00,11700,18.3763,18.375,18.375,18.38,18.3723,89
2024-04-02 19:09:00,9442,18.3722,18.375,18.37,18.3775,18.37,55
2024-04-02 19:10:00,25935,18.3706,18.37,18.375,18.38,18.36,184
2024-04-02 19:11:00,7480,18.3756,18.375,18.38,18.38,18.375,73
2024-04-02 19:12:00,4919,18.3765,18.375,18.37,18.38,18.37,58
2024-04-02 19:13:00,5268,18.3752,18.38,18.37,18.38,18.37,41
2024-04-02 19:14:00,11099,18.3734,18.371,18.375,18.38,18.37,67
2024-04-02 19:15:00,20782,18.378,18.375,18.385,18.385,18.37,181
2024-04-02 19:16:00,6840,18.3861,18.385,18.385,18.39,18.38,60
2024-04-02 19:17:00,7136,18.3866,18.385,18.385,18.39,18.385,93
2024-04-02 19:18:00,9662,18.3856,18.385,18.385,18.39,18.38,86
2024-04-02 19:19:00,6574,18.3863,18.385,18.385,18.39,18.3801,79
2024-04-02 19:20:00,11821,18.3867,18.385,18.39,18.39,18.385,104
2024-04-02 19:21:00,14583,18.3838,18.385,18.385,18.39,18.38,81
2024-04-02 19:22:00,8822,18.3854,18.39,18.385,18.39,18.3825,85
2024-04-02 19:23:00,6438,18.3863,18.39,18.385,18.39,18.385,89
2024-04-02 19:24:00,14460,18.3883,18.3875,18.3899,18.39,18.385,117
2024-04-02 19:25:00,31293,18.3914,18.389,18.395,18.4,18.3825,154
2024-04-02 19:26:00,4989,18.3976,18.395,18.4,18.4,18.3901,67
2024-04-02 19:27:00,4875,18.3959,18.4,18.4,18.4,18.39,62
2024-04-02 19:28:00,5815,18.3961,18.4,18.4,18.4,18.395,73
2024-04-02 19:29:00,7256,18.394,18.395,18.395,18.4,18.39,77
2024-04-02 19:30:00,19973,18.3939,18.395,18.395,18.4,18.39,129
2024-04-02 19:31:00,8957,18.3951,18.395,18.395,18.4,18.395,99
2024-04-02 19:32:00,18695,18.3961,18.395,18.4,18.4,18.39,170
2024-04-02 19:33:00,26048,18.3979,18.395,18.395,18.4,18.39,140
2024-04-02 19:34:00,9247,18.3951,18.39,18.395,18.4,18.39,85
2024-04-02 19:35:00,14617,18.3959,18.395,18.395,18.4,18.39,115
2024-04-02 19:36:00,31666,18.4012,18.395,18.405,18.41,18.3947,214
2024-04-02 19:37:00,11946,18.4034,18.4,18.4075,18.41,18.4,100
2024-04-02 19:38:00,4001,18.4049,18.405,18.405,18.405,18.405,57
2024-04-02 19:39:00,7089,18.4072,18.41,18.405,18.41,18.405,94
2024-04-02 19:40:00,16592,18.4062,18.405,18.405,18.41,18.4,152
2024-04-02 19:41:00,23899,18.4026,18.405,18.4,18.41,18.4,160
2024-04-02 19:42:00,6999,18.4045,18.4,18.405,18.4075,18.4,91
2024-04-02 19:43:00,7887,18.4057,18.4001,18.405,18.41,18.4,109
2024-04-02 19:44:00,18875,18.4072,18.405,18.41,18.41,18.405,152
2024-04-02 19:45:00,75465,18.3984,18.405,18.395,18.405,18.39,374
2024-04-02 19:46:00,53996,18.3992,18.395,18.405,18.405,18.39,273
2024-04-02 19:47:00,22575,18.4056,18.405,18.405,18.41,18.4001,114
2024-04-02 19:48:00,51007,18.4013,18.405,18.4,18.41,18.4,257
2024-04-02 19:49:00,40674,18.4058,18.405,18.405,18.41,18.4,286
2024-04-02 19:50:00,150596,18.4091,18.4057,18.405,18.415,18.4,626
2024-04-02 19:51:00,29992,18.4018,18.405,18.4,18.41,18.4,196
2024-04-02 19:52:00,116248,18.3988,18.4,18.395,18.41,18.39,415
2024-04-02 19:53:00,101613,18.4004,18.395,18.405,18.405,18.395,304
2024-04-02 19:54:00,117695,18.4094,18.405,18.4134,18.42,18.405,455
2024-04-02 19:55:00,95096,18.4082,18.415,18.405,18.42,18.4,352
2024-04-02 19:56:00,68225,18.4042,18.405,18.405,18.41,18.4,337
2024-04-02 19:57:00,52643,18.4041,18.4,18.405,18.41,18.4,295
2024-04-02 19:58:00,127147,18.4034,18.41,18.4,18.41,18.4,585
2024-04-02 19:59:00,395830,18.4101,18.405,18.42,18.42,18.4,1742
2024-04-02 20:00:00,229721,18.42,18.42,18.42,18.42,18.42,48
2024-04-02 20:02:00,20749,18.4198,18.42,18.42,18.42,18.42,2
2024-04-02 20:06:00,500,18.4299,18.4299,18.4299,18.4299,18.4299,1
2024-04-02 20:20:00,3665,18.42,18.42,18.42,18.42,18.42,1
2024-04-02 20:23:00,1000,18.4201,18.42,18.42,18.42,18.42,5
2024-04-02 20:28:00,226937,18.42,18.42,18.42,18.42,18.42,1
2024-04-02 20:35:00,2281,18.4297,18.43,18.43,18.43,18.43,9
2024-04-02 21:52:00,1089,18.4598,18.4599,18.4599,18.4599,18.4599,2
2024-04-02 23:02:00,17500,18.42,18.42,18.42,18.42,18.42,5
2024-04-02 23:03:00,767,18.4111,18.42,18.39,18.42,18.39,4
2024-04-02 23:04:00,18367,18.37,18.37,18.37,18.37,18.37,2
2024-04-02 23:05:00,923,18.4345,18.42,18.45,18.45,18.42,3
2024-04-03 11:45:00,119,18.45,18.45,18.45,18.45,18.45,2
2024-04-03 11:51:00,750,18.45,18.45,18.45,18.45,18.45,1
2024-04-03 12:00:00,430,18.4305,18.45,18.45,18.45,18.45,9
2024-04-03 12:29:00,1000,18.45,18.45,18.45,18.45,18.45,1
2024-04-03 12:33:00,100,18.42,18.42,18.42,18.42,18.42,1
2024-04-03 12:36:00,1000,18.45,18.45,18.45,18.45,18.45,1
2024-04-03 12:43:00,175,18.4229,18.425,18.425,18.425,18.425,2
2024-04-03 12:44:00,600,18.4222,18.43,18.42,18.43,18.42,3
2024-04-03 13:29:00,125,18.448,18.45,18.45,18.45,18.45,2
2024-04-03 13:30:00,103132,18.4719,18.46,18.47,18.49,18.46,262
2024-04-03 13:31:00,18420,18.4731,18.465,18.4697,18.49,18.465,152
2024-04-03 13:32:00,18094,18.4863,18.465,18.485,18.5,18.465,129
2024-04-03 13:33:00,27127,18.5001,18.485,18.51,18.51,18.485,77
2024-04-03 13:34:00,21845,18.5005,18.51,18.49,18.51,18.48,117
2024-04-03 13:35:00,18673,18.4809,18.485,18.49,18.495,18.47,166
2024-04-03 13:36:00,13827,18.514,18.49,18.51,18.525,18.49,112
2024-04-03 13:37:00,19628,18.506,18.5099,18.51,18.515,18.49,79
2024-04-03 13:38:00,3202,18.5196,18.515,18.525,18.525,18.51,26
2024-04-03 13:39:00,36463,18.527,18.525,18.55,18.55,18.52,208
2024-04-03 13:40:00,9098,18.544,18.55,18.545,18.55,18.54,85
2024-04-03 13:41:00,27187,18.5342,18.54,18.52,18.54,18.52,157
2024-04-03 13:42:00,6782,18.5282,18.525,18.53,18.535,18.52,78
2024-04-03 13:43:00,10067,18.5368,18.5315,18.54,18.54,18.53,44
2024-04-03 13:44:00,12419,18.5248,18.535,18.515,18.535,18.51,108
2024-04-03 13:45:00,9220,18.5181,18.52,18.52,18.52,18.51,120
2024-04-03 13:46:00,13333,18.5115,18.52,18.505,18.525,18.5032,139
2024-04-03 13:47:00,6297,18.4942,18.5,18.485,18.5,18.485,113
2024-04-03 13:48:00,20467,18.4756,18.485,18.475,18.485,18.465,185
2024-04-03 13:49:00,7545,18.4726,18.4799,18.475,18.48,18.47,100
2024-04-03 13:50:00,4674,18.4786,18.48,18.4725,18.48,18.47,55
2024-04-03 13:51:00,8061,18.4755,18.47,18.465,18.48,18.465,81
2024-04-03 13:52:00,19806,18.4563,18.465,18.465,18.465,18.4499,144
2024-04-03 13:53:00,5912,18.4629,18.47,18.46,18.47,18.46,68
2024-04-03 13:54:00,8833,18.454,18.46,18.445,18.46,18.445,116
2024-04-03 13:55:00,11942,18.4394,18.44,18.4399,18.445,18.435,91
2024-04-03 13:56:00,15139,18.4461,18.44,18.455,18.46,18.44,99
2024-04-03 13:57:00,240172,18.4413,18.46,18.45,18.47,18.44,194
2024-04-03 13:58:00,43170,18.4446,18.445,18.445,18.45,18.44,122
2024-04-03 13:59:00,24893,18.4407,18.445,18.44,18.45,18.435,157
2024-04-03 14:00:00,21296,18.4769,18.45,18.485,18.495,18.45,236
2024-04-03 14:01:00,5156,18.4861,18.485,18.495,18.495,18.48,75
2024-04-03 14:02:00,39015,18.5115,18.5,18.51,18.52,18.5,201
2024-04-03 14:03:00,8632,18.4966,18.505,18.48,18.51,18.48,116
2024-04-03 14:04:00,91650,18.4795,18.48,18.48,18.485,18.47,65
2024-04-03 14:05:00,21510,18.4711,18.48,18.475,18.4875,18.455,173
2024-04-03 14:06:00,9355,18.4785,18.47,18.4775,18.48,18.47,67
2024-04-03 14:07:00,8272,18.4703,18.47,18.465,18.48,18.46,68
2024-04-03 14:08:00,7036,18.4694,18.47,18.475,18.475,18.46,48
2024-04-03 14:09:00,16003,18.4622,18.4701,18.45,18.475,18.45,126
2024-04-03 14:10:00,11251,18.4596,18.455,18.4525,18.465,18.4525,92
2024-04-03 14:11:00,4386,18.4589,18.46,18.46,18.465,18.4525,54
2024-04-03 14:12:00,7047,18.4694,18.47,18.47,18.475,18.4625,71
2024-04-03 14:13:00,11547,18.4705,18.475,18.475,18.4791,18.46,80
2024-04-03 14:14:00,11351,18.4712,18.475,18.475,18.48,18.47,70
2024-04-03 14:15:00,28363,18.4772,18.4759,18.48,18.48,18.47,117
2024-04-03 14:16:00,21735,18.4768,18.48,18.465,18.49,18.465,142
2024-04-03 14:17:00,314374,18.4799,18.47,18.49,18.49,18.463,105
2024-04-03 14:18:00,75386,18.4998,18.49,18.495,18.51,18.49,292
2024-04-03 14:19:00,43284,18.5024,18.5,18.52,18.52,18.49,160
2024-04-03 14:20:00,112400,18.5229,18.515,18.53,18.53,18.51,203
2024-04-03 14:21:00,20408,18.5319,18.53,18.535,18.54,18.525,107
2024-04-03 14:22:00,17024,18.5291,18.54,18.5225,18.54,18.5225,99
2024-04-03 14:23:00,5713,18.5296,18.53,18.53,18.535,18.52,86
2024-04-03 14:24:00,55580,18.5405,18.54,18.55,18.55,18.53,269
2024-04-03 14:25:00,17235,18.5442,18.545,18.545,18.55,18.54,43
2024-04-03 14:26:00,5973,18.5446,18.54,18.5425,18.55,18.54,53
2024-04-03 14:27:00,16294,18.5517,18.545,18.555,18.56,18.545,124
2024-04-03 14:28:00,27300,18.5469,18.55,18.5425,18.56,18.5425,121
2024-04-03 14:29:00,1932,18.5453,18.545,18.55,18.55,18.54,36
2024-04-03 14:30:00,41207,18.5496,18.545,18.55,18.555,18.54,258
2024-04-03 14:31:00,4653,18.5535,18.55,18.56,18.56,18.55,76
2024-04-03 14:32:00,27549,18.5493,18.5525,18.54,18.56,18.54,119
2024-04-03 14:33:00,16513,18.5393,18.545,18.5399,18.55,18.53,104
2024-04-03 14:34:00,15205,18.5185,18.535,18.505,18.535,18.5,117
2024-04-03 14:35:00,16329,18.5079,18.5,18.51,18.515,18.5,106
2024-04-03 14:36:00,13448,18.5105,18.5149,18.51,18.515,18.5,90
2024-04-03 14:37:00,35367,18.4937,18.51,18.485,18.51,18.4811,119
2024-04-03 14:38:00,27324,18.4744,18.48,18.4601,18.4872,18.4601,155
2024-04-03 14:39:00,169894,18.4694,18.46,18.46,18.475,18.455,148
2024-04-03 14:40:00,67869,18.4603,18.46,18.465,18.47,18.455,87
2024-04-03 14:41:00,18914,18.4688,18.465,18.48,18.48,18.465,116
2024-04-03 14:42:00,67440,18.4619,18.47,18.455,18.475,18.445,307
2024-04-03 14:43:00,2888,18.4573,18.46,18.455,18.46,18.455,32
2024-04-03 14:44:00,7623,18.4488,18.455,18.44,18.46,18.44,93
2024-04-03 14:45:00,9675,18.4479,18.4402,18.46,18.46,18.4402,81
2024-04-03 14:46:00,6197,18.4594,18.455,18.455,18.46,18.45,53
2024-04-03 14:47:00,6160,18.455,18.455,18.46,18.46,18.45,66
2024-04-03 14:48:00,15264,18.465,18.46,18.467,18.47,18.4525,110
2024-04-03 14:49:00,13321,18.4579,18.46,18.46,18.46,18.45,104
2024-04-03 14:50:00,2405,18.4577,18.46,18.4525,18.46,18.4525,31
2024-04-03 14:51:00,21324,18.46,18.46,18.455,18.465,18.45,114
2024-04-03 14:52:00,3135,18.4563,18.4525,18.46,18.46,18.45,54
2024-04-03 14:53:00,10757,18.4607,18.4525,18.47,18.47,18.45,101
2024-04-03 14:54:00,5662,18.4644,18.47,18.47,18.47,18.46,77
2024-04-03 14:55:00,56272,18.4675,18.465,18.465,18.48,18.4601,161
2024-04-03 14:56:00,7038,18.4651,18.465,18.46,18.47,18.46,79
2024-04-03 14:57:00,51359,18.4597,18.46,18.455,18.46,18.455,86
2024-04-03 14:58:00,6297,18.4607,18.455,18.47,18.47,18.455,78
2024-04-03 14:59:00,16760,18.4612,18.465,18.46,18.47,18.455,128
2024-04-03 15:00:00,14380,18.4593,18.46,18.46,18.47,18.451,75
2024-04-03 15:01:00,11644,18.4581,18.465,18.455,18.465,18.455,76
2024-04-03 15:02:00,9670,18.46,18.455,18.465,18.465,18.455,66
2024-04-03 15:03:00,7440,18.465,18.46,18.465,18.47,18.46,50
2024-04-03 15:04:00,25899,18.4619,18.4625,18.46,18.47,18.455,219
2024-04-03 15:05:00,5900,18.4586,18.455,18.455,18.46,18.455,45
2024-04-03 15:06:00,12199,18.459,18.45,18.46,18.46,18.45,62
2024-04-03 15:07:00,113116,18.4603,18.46,18.46,18.47,18.455,160
2024-04-03 15:08:00,13913,18.4601,18.46,18.465,18.465,18.46,99
2024-04-03 15:09:00,3320,18.4642,18.46,18.465,18.47,18.46,41
2024-04-03 15:10:00,4563,18.4641,18.465,18.465,18.465,18.46,50
2024-04-03 15:11:00,68316,18.4615,18.47,18.475,18.475,18.455,293
2024-04-03 15:12:00,22411,18.4784,18.475,18.485,18.485,18.4747,124
2024-04-03 15:13:00,2551,18.4849,18.485,18.49,18.49,18.4801,42
2024-04-03 15:14:00,24492,18.4796,18.48,18.48,18.485,18.475,160
2024-04-03 15:15:00,17080,18.482,18.4801,18.49,18.49,18.48,66
2024-04-03 15:16:00,3530,18.485,18.485,18.485,18.49,18.4825,46
2024-04-03 15:17:00,9454,18.4847,18.485,18.485,18.49,18.48,56
2024-04-03 15:18:00,2296,18.4863,18.49,18.485,18.49,18.48,32
2024-04-03 15:19:00,161906,18.4783,18.48,18.475,18.49,18.47,250
2024-04-03 15:20:00,7894,18.475,18.475,18.47,18.48,18.47,87
2024-04-03 15:21:00,5772,18.4759,18.48,18.4713,18.48,18.47,59
2024-04-03 15:22:00,2978,18.4765,18.4736,18.475,18.48,18.4736,37
2024-04-03 15:23:00,9128,18.4734,18.48,18.475,18.48,18.47,94
2024-04-03 15:24:00,8267,18.4726,18.47,18.47,18.48,18.47,48
2024-04-03 15:25:00,3125,18.4772,18.48,18.48,18.48,18.475,55
2024-04-03 15:26:00,25337,18.4855,18.48,18.49,18.495,18.475,149
2024-04-03 15:27:00,98570,18.4971,18.49,18.505,18.51,18.485,226
2024-04-03 15:28:00,30208,18.5001,18.5001,18.5,18.505,18.5,71
2024-04-03 15:29:00,13358,18.5043,18.51,18.505,18.51,18.5001,52
2024-04-03 15:30:00,3798,18.5049,18.505,18.5099,18.51,18.505,37
2024-04-03 15:31:00,4287,18.5071,18.505,18.51,18.51,18.505,54
2024-04-03 15:32:00,3252,18.5088,18.505,18.505,18.51,18.505,28
2024-04-03 15:33:00,48374,18.5005,18.505,18.495,18.51,18.495,316
2024-04-03 15:34:00,15688,18.4952,18.495,18.495,18.5,18.49,99
2024-04-03 15:35:00,11201,18.4954,18.495,18.495,18.5,18.4901,81
2024-04-03 15:36:00,35027,18.4998,18.495,18.495,18.505,18.495,191
2024-04-03 15:37:00,8466,18.4945,18.4901,18.4915,18.5,18.49,64
2024-04-03 15:38:00,4205,18.4955,18.5,18.495,18.5,18.495,37
2024-04-03 15:39:00,42330,18.4864,18.495,18.475,18.5,18.475,211
2024-04-03 15:40:00,29962,18.481,18.475,18.48,18.485,18.475,102
2024-04-03 15:41:00,14886,18.488,18.48,18.49,18.49,18.48,39
2024-04-03 15:42:00,13989,18.4891,18.49,18.485,18.49,18.4815,80
2024-04-03 15:43:00,29466,18.4798,18.485,18.475,18.49,18.475,132
2024-04-03 15:44:00,9859,18.4789,18.48,18.48,18.48,18.475,65
2024-04-03 15:45:00,58741,18.4794,18.48,18.475,18.485,18.47,199
2024-04-03 15:46:00,26141,18.4806,18.48,18.485,18.49,18.47,110
2024-04-03 15:47:00,15016,18.486,18.485,18.485,18.49,18.48,51
2024-04-03 15:48:00,50901,18.4724,18.48,18.455,18.485,18.455,205
2024-04-03 15:49:00,14219,18.4593,18.4525,18.46,18.46,18.45,76
2024-04-03 15:50:00,2666,18.4692,18.465,18.465,18.47,18.465,34
2024-04-03 15:51:00,2766,18.4662,18.47,18.465,18.47,18.465,36
2024-04-03 15:52:00,17475,18.4608,18.465,18.46,18.465,18.46,80
2024-04-03 15:53:00,18385,18.4628,18.46,18.465,18.465,18.46,59
2024-04-03 15:54:00,11596,18.4642,18.47,18.4601,18.47,18.46,48
2024-04-03 15:55:00,9423,18.4685,18.47,18.465,18.47,18.4601,60
2024-04-03 15:56:00,8449,18.4658,18.465,18.465,18.47,18.46,40
2024-04-03 15:57:00,12942,18.4623,18.47,18.465,18.47,18.46,66
2024-04-03 15:58:00,2605,18.4656,18.47,18.47,18.47,18.465,49
2024-04-03 15:59:00,24756,18.4703,18.47,18.4702,18.48,18.47,105
2024-04-03 16:00:00,21980,18.4744,18.475,18.48,18.48,18.47,80
2024-04-03 16:01:00,36026,18.4699,18.475,18.475,18.475,18.465,163
2024-04-03 16:02:00,1123,18.4741,18.475,18.475,18.4758,18.475,32
2024-04-03 16:03:00,11722,18.4801,18.475,18.48,18.485,18.475,90
2024-04-03 16:04:00,24806,18.4794,18.48,18.475,18.485,18.475,123
2024-04-03 16:05:00,6481,18.4799,18.48,18.485,18.485,18.4726,54
2024-04-03 16:06:00,17711,18.4898,18.485,18.48,18.495,18.48,115
2024-04-03 16:07:00,14921,18.4881,18.49,18.49,18.49,18.4825,62
2024-04-03 16:08:00,3973,18.4879,18.4825,18.4825,18.49,18.4825,56
2024-04-03 16:09:00,21121,18.4895,18.49,18.49,18.49,18.4825,63
2024-04-03 16:10:00,50231,18.5002,18.485,18.51,18.51,18.485,260
2024-04-03 16:11:00,10158,18.5065,18.51,18.5,18.51,18.5,74
2024-04-03 16:12:00,73834,18.4483,18.505,18.5,18.51,18.495,150
2024-04-03 16:13:00,6606,18.4993,18.5,18.5,18.5,18.495,102
2024-04-03 16:14:00,5173,18.5001,18.495,18.505,18.505,18.495,50
2024-04-03 16:15:00,16593,18.5019,18.505,18.505,18.51,18.5,78
2024-04-03 16:16:00,30472,18.5096,18.51,18.505,18.52,18.501,169
2024-04-03 16:17:00,13386,18.5069,18.5025,18.505,18.51,18.5025,38
2024-04-03 16:18:00,38721,18.5001,18.505,18.505,18.51,18.4925,190
2024-04-03 16:19:00,26080,18.5098,18.51,18.505,18.52,18.505,125
2024-04-03 16:20:00,3072,18.5068,18.5099,18.505,18.51,18.505,43
2024-04-03 16:21:00,3439,18.508,18.51,18.5025,18.51,18.5,38
2024-04-03 16:22:00,14428,18.5063,18.5,18.505,18.51,18.5,66
2024-04-03 16:23:00,23563,18.4987,18.5,18.4925,18.505,18.49,189
2024-04-03 16:24:00,143003,18.5135,18.5,18.5,18.505,18.5,87
2024-04-03 16:25:00,11155,18.4991,18.505,18.495,18.505,18.49,97
2024-04-03 16:26:00,4910,18.4957,18.5,18.4925,18.5,18.4915,43
2024-04-03 16:27:00,8076,18.4999,18.495,18.505,18.51,18.4925,70
2024-04-03 16:28:00,6401,18.5065,18.5001,18.505,18.51,18.5,58
2024-04-03 16:29:00,6750,18.5078,18.5,18.505,18.51,18.5,60
2024-04-03 16:30:00,25463,18.5097,18.505,18.51,18.515,18.505,151
2024-04-03 16:31:00,2031,18.5073,18.51,18.505,18.51,18.505,40
2024-04-03 16:32:00,1291,18.5082,18.51,18.51,18.51,18.505,26
2024-04-03 16:33:00,30296,18.5103,18.505,18.515,18.515,18.505,105
2024-04-03 16:34:00,1802,18.5168,18.515,18.52,18.52,18.515,29
2024-04-03 16:35:00,21722,18.5099,18.515,18.505,18.515,18.505,139
2024-04-03 16:36:00,17205,18.5112,18.51,18.52,18.52,18.505,96
2024-04-03 16:37:00,26125,18.5095,18.52,18.505,18.52,18.5,113
2024-04-03 16:38:00,44465,18.5004,18.51,18.505,18.51,18.495,132
2024-04-03 16:39:00,28507,18.5004,18.5,18.5,18.51,18.495,132
2024-04-03 16:40:00,10921,18.4986,18.495,18.505,18.505,18.4945,67
2024-04-03 16:41:00,5032,18.5038,18.505,18.5,18.505,18.5,37
2024-04-03 16:42:00,5665,18.5064,18.505,18.505,18.51,18.505,35
2024-04-03 16:43:00,9566,18.5002,18.505,18.495,18.505,18.495,93
2024-04-03 16:44:00,1742,18.4974,18.5,18.4925,18.5,18.4925,33
2024-04-03 16:45:00,4500,18.4984,18.5,18.495,18.5,18.495,53
2024-04-03 16:46:00,3026,18.4986,18.5,18.49,18.5,18.49,34
2024-04-03 16:47:00,3270,18.4973,18.5,18.5,18.5,18.495,48
2024-04-03 16:48:00,10426,18.4981,18.5,18.495,18.5,18.4926,69
2024-04-03 16:49:00,1460,18.497,18.495,18.495,18.5,18.495,30
2024-04-03 16:50:00,2923,18.4966,18.5,18.495,18.5,18.4901,32
2024-04-03 16:51:00,10426,18.5034,18.5,18.51,18.51,18.5,90
2024-04-03 16:52:00,3736,18.5069,18.51,18.51,18.51,18.505,47
2024-04-03 16:53:00,11278,18.507,18.5069,18.505,18.51,18.505,54
2024-04-03 16:54:00,15406,18.504,18.505,18.5001,18.51,18.5,114
2024-04-03 16:55:00,6819,18.5071,18.505,18.51,18.51,18.5001,45
2024-04-03 16:56:00,3600,18.5087,18.51,18.5,18.51,18.5,36
2024-04-03 16:57:00,5925,18.5089,18.51,18.5,18.51,18.5,64
2024-04-03 16:58:00,4194,18.5082,18.51,18.51,18.51,18.505,41
2024-04-03 16:59:00,2303,18.5074,18.51,18.505,18.51,18.505,40
2024-04-03 17:00:00,5938,18.5068,18.505,18.51,18.51,18.505,43
2024-04-03 17:01:00,4044,18.5068,18.505,18.51,18.51,18.5001,53
2024-04-03 17:02:00,10516,18.5119,18.51,18.515,18.52,18.51,72
2024-04-03 17:03:00,35663,18.5101,18.515,18.505,18.52,18.505,138
2024-04-03 17:04:00,1664,18.5058,18.505,18.505,18.505,18.505,29
2024-04-03 17:05:00,1905,18.5076,18.505,18.5099,18.51,18.505,38
2024-04-03 17:06:00,13975,18.5035,18.505,18.505,18.51,18.5,87
2024-04-03 17:07:00,3219,18.5041,18.5058,18.5042,18.51,18.5,39
2024-04-03 17:08:00,5439,18.5059,18.505,18.505,18.51,18.5,46
2024-04-03 17:09:00,4425,18.5065,18.51,18.5071,18.51,18.5,51
2024-04-03 17:10:00,633,18.5068,18.51,18.505,18.51,18.505,23
2024-04-03 17:11:00,4563,18.5073,18.51,18.51,18.51,18.505,42
2024-04-03 17:12:00,3802,18.508,18.51,18.51,18.51,18.505,37
2024-04-03 17:13:00,3255,18.5061,18.51,18.505,18.51,18.505,43
2024-04-03 17:14:00,2963,18.5072,18.505,18.505,18.51,18.505,36
2024-04-03 17:15:00,4412,18.5073,18.505,18.51,18.51,18.505,50
2024-04-03 17:16:00,23983,18.5104,18.5002,18.51,18.515,18.5002,168
2024-04-03 17:17:00,18529,18.5098,18.51,18.51,18.515,18.505,100
2024-04-03 17:18:00,2967,18.5077,18.5,18.5,18.51,18.5,37
2024-04-03 17:19:00,2857,18.5061,18.505,18.505,18.51,18.5,36
2024-04-03 17:20:00,2351,18.5058,18.5038,18.505,18.51,18.5038,34
2024-04-03 17:21:00,13463,18.51,18.505,18.515,18.515,18.505,90
2024-04-03 17:22:00,7402,18.5177,18.515,18.5199,18.52,18.515,41
2024-04-03 17:23:00,26927,18.5105,18.51,18.505,18.515,18.505,97
2024-04-03 17:24:00,2582,18.5082,18.51,18.505,18.51,18.505,37
2024-04-03 17:25:00,16753,18.5105,18.51,18.5103,18.515,18.51,99
2024-04-03 17:26:00,863,18.5147,18.515,18.515,18.515,18.515,28
2024-04-03 17:27:00,4977,18.5153,18.52,18.515,18.52,18.51,51
2024-04-03 17:28:00,2548,18.5151,18.515,18.515,18.52,18.515,40
2024-04-03 17:29:00,3216,18.5184,18.52,18.52,18.52,18.515,45
2024-04-03 17:30:00,9093,18.5185,18.515,18.52,18.52,18.515,51
2024-04-03 17:31:00,3705,18.5182,18.515,18.515,18.52,18.515,46
2024-04-03 17:32:00,5797,18.5154,18.515,18.515,18.52,18.5125,51
2024-04-03 17:33:00,29486,18.5092,18.52,18.505,18.52,18.5019,167
2024-04-03 17:34:00,16464,18.4998,18.51,18.49,18.51,18.49,123
2024-04-03 17:35:00,6147,18.4993,18.495,18.495,18.5,18.49,54
2024-04-03 17:36:00,1278,18.4995,18.5,18.5,18.5,18.495,31
2024-04-03 17:37:00,6555,18.4954,18.495,18.5,18.5,18.495,52
2024-04-03 17:38:00,7543,18.4959,18.495,18.4953,18.5,18.49,52
2024-04-03 17:39:00,24006,18.5026,18.5,18.51,18.51,18.5,109
2024-04-03 17:40:00,24488,18.5097,18.51,18.51,18.51,18.5025,34
2024-04-03 17:41:00,8150,18.5076,18.51,18.51,18.51,18.5001,28
2024-04-03 17:42:00,2866,18.5088,18.51,18.505,18.51,18.505,43
2024-04-03 17:43:00,9081,18.5086,18.505,18.51,18.51,18.505,60
2024-04-03 17:44:00,24679,18.5102,18.505,18.515,18.515,18.505,130
2024-04-03 17:45:00,8600,18.512,18.515,18.515,18.52,18.5101,55
2024-04-03 17:46:00,13012,18.5161,18.515,18.5197,18.52,18.5101,70
2024-04-03 17:47:00,3070,18.5147,18.5138,18.52,18.52,18.5138,39
2024-04-03 17:48:00,2159,18.5194,18.52,18.52,18.52,18.515,25
2024-04-03 17:49:00,26322,18.5133,18.515,18.505,18.52,18.505,170
2024-04-03 17:50:00,4353,18.507,18.51,18.505,18.51,18.5046,61
2024-04-03 17:51:00,1817,18.5076,18.51,18.505,18.51,18.505,57
2024-04-03 17:52:00,1938,18.5089,18.505,18.505,18.51,18.505,40
2024-04-03 17:53:00,14656,18.5086,18.51,18.505,18.51,18.505,53
2024-04-03 17:54:00,5611,18.5091,18.51,18.51,18.51,18.505,53
2024-04-03 17:55:00,51568,18.5071,18.505,18.5,18.515,18.5,235
2024-04-03 17:56:00,24990,18.4991,18.5,18.495,18.5,18.495,114
2024-04-03 17:57:00,5987,18.4994,18.5,18.5,18.5,18.495,54
2024-04-03 17:58:00,11844,18.4941,18.495,18.4936,18.495,18.49,63
2024-04-03 17:59:00,31270,18.49,18.495,18.485,18.4971,18.485,140
2024-04-03 18:00:00,6527,18.4849,18.485,18.4836,18.49,18.48,41
2024-04-03 18:01:00,5624,18.486,18.485,18.48,18.49,18.48,61
2024-04-03 18:02:00,1744,18.4863,18.49,18.487,18.49,18.4825,31
2024-04-03 18:03:00,48465,18.4903,18.49,18.495,18.495,18.485,133
2024-04-03 18:04:00,5923,18.4968,18.495,18.4944,18.5,18.49,45
2024-04-03 18:05:00,6154,18.493,18.495,18.495,18.495,18.49,51
2024-04-03 18:06:00,23454,18.4899,18.5,18.485,18.5,18.485,149
2024-04-03 18:07:00,18973,18.4818,18.49,18.48,18.49,18.48,50
2024-04-03 18:08:00,9425,18.4855,18.485,18.485,18.49,18.485,40
2024-04-03 18:09:00,18496,18.4788,18.48,18.475,18.485,18.475,121
2024-04-03 18:10:00,14595,18.4806,18.48,18.4814,18.49,18.48,101
2024-04-03 18:11:00,13456,18.4797,18.48,18.48,18.48,18.475,88
2024-04-03 18:12:00,17654,18.4799,18.48,18.49,18.49,18.475,105
2024-04-03 18:13:00,1312,18.4809,18.48,18.48,18.48,18.48,30
2024-04-03 18:14:00,22217,18.4802,18.485,18.4799,18.485,18.475,91
2024-04-03 18:15:00,43878,18.48,18.475,18.485,18.49,18.47,103
2024-04-03 18:16:00,17842,18.4794,18.485,18.48,18.485,18.475,87
2024-04-03 18:17:00,7606,18.4789,18.48,18.48,18.48,18.47,49
2024-04-03 18:18:00,2540,18.4789,18.48,18.475,18.48,18.475,32
2024-04-03 18:19:00,19082,18.479,18.475,18.48,18.48,18.475,135
2024-04-03 18:20:00,24297,18.4771,18.475,18.48,18.485,18.4749,102
2024-04-03 18:21:00,20666,18.4791,18.48,18.475,18.485,18.4742,85
2024-04-03 18:22:00,2655,18.4766,18.4703,18.47,18.48,18.47,34
2024-04-03 18:23:00,2514,18.4782,18.48,18.475,18.48,18.475,34
2024-04-03 18:24:00,4075,18.4788,18.48,18.48,18.48,18.47,46
2024-04-03 18:25:00,1324,18.4772,18.475,18.4799,18.4799,18.475,37
2024-04-03 18:26:00,7902,18.4793,18.475,18.48,18.48,18.475,49
2024-04-03 18:27:00,6792,18.4776,18.475,18.475,18.48,18.475,51
2024-04-03 18:28:00,3607,18.4765,18.48,18.4701,18.48,18.47,54
2024-04-03 18:29:00,7333,18.4764,18.475,18.475,18.48,18.475,83
2024-04-03 18:30:00,3769,18.4766,18.475,18.475,18.48,18.475,49
2024-04-03 18:31:00,56994,18.4701,18.47,18.47,18.48,18.4625,272
2024-04-03 18:32:00,4261,18.4667,18.47,18.465,18.47,18.465,35
2024-04-03 18:33:00,6151,18.4669,18.47,18.465,18.47,18.46,46
2024-04-03 18:34:00,6553,18.4661,18.47,18.47,18.47,18.46,65
2024-04-03 18:35:00,17148,18.4688,18.47,18.47,18.47,18.465,89
2024-04-03 18:36:00,2415,18.4693,18.47,18.47,18.47,18.465,44
2024-04-03 18:37:00,6137,18.4708,18.47,18.475,18.475,18.465,70
2024-04-03 18:38:00,45971,18.4692,18.48,18.46,18.48,18.46,183
2024-04-03 18:39:00,22232,18.4701,18.465,18.475,18.475,18.465,71
2024-04-03 18:40:00,6265,18.4759,18.47,18.475,18.48,18.47,42
2024-04-03 18:41:00,57072,18.4794,18.4701,18.485,18.485,18.4701,120
2024-04-03 18:42:00,21156,18.4898,18.485,18.5,18.5,18.485,103
2024-04-03 18:43:00,6528,18.4964,18.4937,18.495,18.5,18.4937,44
2024-04-03 18:44:00,3364,18.4979,18.5,18.5,18.5,18.495,36
2024-04-03 18:45:00,65971,18.4959,18.495,18.49,18.505,18.485,269
2024-04-03 18:46:00,6215,18.4872,18.49,18.49,18.49,18.485,48
2024-04-03 18:47:00,17779,18.4912,18.49,18.4913,18.5,18.485,102
2024-04-03 18:48:00,10061,18.4925,18.5,18.49,18.5,18.49,53
2024-04-03 18:49:00,9709,18.4954,18.49,18.49,18.5,18.49,55
2024-04-03 18:50:00,7944,18.4983,18.5,18.495,18.5,18.495,81
2024-04-03 18:51:00,3983,18.4962,18.5,18.5,18.5,18.49,46
2024-04-03 18:52:00,10429,18.4953,18.4926,18.49,18.5,18.49,80
2024-04-03 18:53:00,3749,18.4923,18.49,18.495,18.5,18.49,60
2024-04-03 18:54:00,29200,18.4886,18.49,18.49,18.4949,18.485,133
2024-04-03 18:55:00,9412,18.4847,18.49,18.48,18.49,18.48,82
2024-04-03 18:56:00,38078,18.4809,18.4802,18.485,18.49,18.48,160
2024-04-03 18:57:00,3859,18.4853,18.485,18.485,18.49,18.48,42
2024-04-03 18:58:00,16243,18.4887,18.485,18.49,18.49,18.48,113
2024-04-03 18:59:00,9114,18.4891,18.49,18.485,18.49,18.485,42
2024-04-03 19:00:00,18240,18.4905,18.49,18.49,18.495,18.49,117
2024-04-03 19:01:00,34927,18.4893,18.495,18.485,18.495,18.485,107
2024-04-03 19:02:00,30642,18.4922,18.49,18.5,18.505,18.4897,123
2024-04-03 19:03:00,8059,18.5007,18.5,18.51,18.51,18.5,79
2024-04-03 19:04:00,35251,18.5004,18.505,18.495,18.51,18.495,89
2024-04-03 19:05:00,6841,18.4921,18.495,18.4903,18.5,18.49,44
2024-04-03 19:06:00,7812,18.4973,18.495,18.5,18.5,18.495,59
2024-04-03 19:07:00,8151,18.4965,18.4941,18.495,18.5,18.4941,66
2024-04-03 19:08:00,2832,18.495,18.495,18.495,18.5,18.49,44
2024-04-03 19:09:00,9188,18.4963,18.495,18.495,18.5,18.493,61
2024-04-03 19:10:00,29402,18.4894,18.49,18.485,18.495,18.485,162
2024-04-03 19:11:00,9282,18.4886,18.485,18.485,18.49,18.485,51
2024-04-03 19:12:00,8465,18.4871,18.49,18.485,18.49,18.48,73
2024-04-03 19:13:00,34729,18.489,18.48,18.49,18.49,18.48,131
2024-04-03 19:14:00,49059,18.4798,18.49,18.475,18.49,18.47,236
2024-04-03 19:15:00,27313,18.4698,18.475,18.475,18.475,18.465,157
2024-04-03 19:16:00,10783,18.4768,18.48,18.47,18.48,18.47,73
2024-04-03 19:17:00,33583,18.4695,18.47,18.47,18.48,18.465,167
2024-04-03 19:18:00,37836,18.47,18.47,18.47,18.475,18.465,160
2024-04-03 19:19:00,39372,18.4664,18.475,18.465,18.475,18.46,156
2024-04-03 19:20:00,16723,18.4692,18.4601,18.47,18.475,18.4601,97
2024-04-03 19:21:00,11452,18.4774,18.475,18.475,18.48,18.4701,74
2024-04-03 19:22:00,22091,18.479,18.475,18.48,18.48,18.47,113
2024-04-03 19:23:00,13488,18.4792,18.48,18.4793,18.48,18.475,77
2024-04-03 19:24:00,16301,18.4791,18.48,18.48,18.48,18.4701,109
2024-04-03 19:25:00,18732,18.4781,18.4797,18.48,18.48,18.475,83
2024-04-03 19:26:00,5063,18.4778,18.475,18.4725,18.48,18.4725,60
2024-04-03 19:27:00,15995,18.4784,18.475,18.475,18.48,18.47,82
2024-04-03 19:28:00,40425,18.4802,18.4725,18.48,18.4888,18.4725,191
2024-04-03 19:29:00,44310,18.4796,18.485,18.475,18.485,18.4725,182
2024-04-03 19:30:00,6699,18.4772,18.475,18.47,18.48,18.47,85
2024-04-03 19:31:00,10824,18.4762,18.475,18.475,18.48,18.475,159
2024-04-03 19:32:00,34042,18.4792,18.475,18.48,18.48,18.475,175
2024-04-03 19:33:00,46540,18.4801,18.48,18.48,18.49,18.475,205
2024-04-03 19:34:00,31016,18.482,18.48,18.48,18.49,18.475,129
2024-04-03 19:35:00,21927,18.4842,18.485,18.48,18.49,18.48,115
2024-04-03 19:36:00,18667,18.4871,18.4803,18.4859,18.49,18.48,108
2024-04-03 19:37:00,74890,18.4963,18.485,18.505,18.51,18.485,251
2024-04-03 19:38:00,19067,18.504,18.51,18.5001,18.51,18.5001,91
2024-04-03 19:39:00,76845,18.5003,18.505,18.5,18.51,18.5,309
2024-04-03 19:40:00,27262,18.5007,18.5,18.505,18.51,18.5,107
2024-04-03 19:41:00,12011,18.5057,18.505,18.505,18.51,18.5,99
2024-04-03 19:42:00,44267,18.5096,18.505,18.52,18.52,18.505,239
2024-04-03 19:43:00,72525,18.5191,18.51,18.52,18.525,18.51,295
2024-04-03 19:44:00,47042,18.5273,18.525,18.525,18.53,18.52,203
2024-04-03 19:45:00,66005,18.536,18.53,18.535,18.54,18.53,332
2024-04-03 19:46:00,12375,18.5373,18.54,18.535,18.54,18.5325,93
2024-04-03 19:47:00,10673,18.5363,18.535,18.535,18.54,18.5318,117
2024-04-03 19:48:00,224661,18.5497,18.54,18.555,18.56,18.54,559
2024-04-03 19:49:00,50470,18.5497,18.55,18.55,18.56,18.545,225
2024-04-03 19:50:00,193981,18.549,18.545,18.56,18.56,18.54,535
2024-04-03 19:51:00,31260,18.5566,18.56,18.555,18.56,18.55,208
2024-04-03 19:52:00,85851,18.5487,18.555,18.54,18.56,18.54,385
2024-04-03 19:53:00,70146,18.5419,18.55,18.54,18.55,18.54,367
2024-04-03 19:54:00,141490,18.5471,18.54,18.55,18.55,18.54,661
2024-04-03 19:55:00,166025,18.5371,18.55,18.525,18.55,18.52,484
2024-04-03 19:56:00,112540,18.5308,18.53,18.53,18.54,18.52,347
2024-04-03 19:57:00,228914,18.5312,18.535,18.53,18.54,18.525,395
2024-04-03 19:58:00,75189,18.5363,18.53,18.535,18.54,18.53,465
2024-04-03 19:59:00,486505,18.553,18.54,18.55,18.57,18.53,1277
2024-04-03 20:00:00,146650,18.55,18.55,18.55,18.55,18.55,34
2024-04-03 20:02:00,350,18.5329,18.53,18.53,18.53,18.53,4
2024-04-03 20:03:00,13400,18.55,18.55,18.55,18.55,18.55,3
2024-04-03 20:06:00,210,18.5387,18.5391,18.5391,18.5391,18.5391,2
2024-04-03 20:10:00,26865,18.55,18.55,18.55,18.55,18.55,1
2024-04-03 20:19:00,1000,18.54,18.54,18.54,18.54,18.54,4
2024-04-03 20:20:00,6694,18.55,18.55,18.55,18.55,18.55,1
2024-04-03 20:53:00,110,18.5491,18.55,18.55,18.55,18.55,2
2024-04-03 21:03:00,16150,18.55,18.55,18.55,18.55,18.55,1
2024-04-03 21:38:00,741,18.55,18.55,18.55,18.55,18.55,1
2024-04-03 21:39:00,158,18.55,18.55,18.55,18.55,18.55,1
2024-04-03 21:52:00,2057,18.55,18.55,18.55,18.55,18.55,5
2024-04-03 22:27:00,899,18.55,18.55,18.55,18.55,18.55,1
2024-04-03 22:36:00,100,18.55,18.55,18.55,18.55,18.55,1
2024-04-03 23:53:00,246,18.56,18.56,18.56,18.56,18.56,1
2024-04-04 12:43:00,200,18.56,18.56,18.56,18.56,18.56,1
2024-04-04 12:47:00,300,18.5233,18.53,18.52,18.53,18.52,2
2024-04-04 13:10:00,201,18.53,18.53,18.53,18.53,18.53,2
2024-04-04 13:21:00,287,18.54,18.54,18.54,18.54,18.54,2
2024-04-04 13:25:00,411,18.55,18.55,18.55,18.55,18.55,4
2024-04-04 13:26:00,200,18.54,18.54,18.54,18.54,18.54,1
2024-04-04 13:29:00,211,18.5653,18.56,18.56,18.56,18.56,7
2024-04-04 13:30:00,191850,18.6447,18.61,18.66,18.685,18.61,385
2024-04-04 13:31:00,12002,18.669,18.655,18.6636,18.685,18.655,84
2024-04-04 13:32:00,23555,18.6676,18.6675,18.6512,18.685,18.65,211
2024-04-04 13:33:00,24299,18.6395,18.65,18.645,18.655,18.63,195
2024-04-04 13:34:00,12057,18.6292,18.645,18.62,18.645,18.61,105
2024-04-04 13:35:00,18479,18.6271,18.62,18.615,18.635,18.615,113
2024-04-04 13:36:00,20156,18.6065,18.6159,18.61,18.6159,18.605,105
2024-04-04 13:37:00,33443,18.5702,18.605,18.555,18.605,18.55,228
2024-04-04 13:38:00,32362,18.5438,18.55,18.56,18.56,18.54,132
2024-04-04 13:39:00,21308,18.5769,18.56,18.59,18.59,18.56,132
2024-04-04 13:40:00,17090,18.5798,18.595,18.585,18.595,18.565,112
2024-04-04 13:41:00,4697,18.59,18.58,18.6,18.6,18.58,47
2024-04-04 13:42:00,9235,18.5999,18.595,18.605,18.61,18.595,69
2024-04-04 13:43:00,15286,18.6093,18.6097,18.62,18.62,18.6009,113
2024-04-04 13:44:00,22131,18.6107,18.62,18.615,18.62,18.61,123
2024-04-04 13:45:00,9778,18.6058,18.615,18.61,18.615,18.6,89
2024-04-04 13:46:00,10298,18.6156,18.61,18.62,18.62,18.61,72
2024-04-04 13:47:00,28106,18.6215,18.615,18.62,18.63,18.615,188
2024-04-04 13:48:00,2718,18.6228,18.6256,18.625,18.63,18.62,54
2024-04-04 13:49:00,39132,18.6241,18.62,18.631,18.64,18.62,250
2024-04-04 13:50:00,11355,18.6426,18.635,18.645,18.65,18.635,73
2024-04-04 13:51:00,17534,18.6545,18.645,18.665,18.665,18.645,124
2024-04-04 13:52:00,16717,18.6611,18.66,18.655,18.665,18.65,129
2024-04-04 13:53:00,17754,18.6535,18.655,18.66,18.66,18.65,128
2024-04-04 13:54:00,4613,18.6545,18.655,18.655,18.66,18.65,59
2024-04-04 13:55:00,20701,18.6533,18.655,18.665,18.665,18.64,183
2024-04-04 13:56:00,15519,18.6596,18.6601,18.66,18.665,18.6501,109
2024-04-04 13:57:00,3623,18.6679,18.66,18.665,18.67,18.66,41
2024-04-04 13:58:00,10156,18.6721,18.67,18.675,18.68,18.6646,108
2024-04-04 13:59:00,9429,18.6776,18.68,18.68,18.68,18.6714,111
2024-04-04 14:00:00,13654,18.6789,18.68,18.69,18.69,18.67,126
2024-04-04 14:01:00,28616,18.6934,18.69,18.69,18.7,18.69,206
2024-04-04 14:02:00,14449,18.6927,18.69,18.695,18.695,18.69,122
2024-04-04 14:03:00,9466,18.6945,18.695,18.695,18.7,18.69,73
2024-04-04 14:04:00,3287,18.6988,18.695,18.6998,18.7,18.695,60
2024-04-04 14:05:00,13006,18.6947,18.69,18.7,18.7,18.69,72
2024-04-04 14:06:00,11035,18.6921,18.695,18.7,18.7,18.69,97
2024-04-04 14:07:00,8621,18.6956,18.7,18.7,18.7,18.69,58
2024-04-04 14:08:00,37156,18.7046,18.7,18.7159,18.72,18.695,194
2024-04-04 14:09:00,3343,18.7166,18.715,18.715,18.72,18.7101,31
2024-04-04 14:10:00,10095,18.7135,18.72,18.72,18.72,18.71,69
2024-04-04 14:11:00,10336,18.7153,18.715,18.7169,18.72,18.7131,25
2024-04-04 14:12:00,16483,18.7129,18.715,18.715,18.72,18.71,89
2024-04-04 14:13:00,40034,18.7027,18.715,18.705,18.715,18.7,201
2024-04-04 14:14:00,28700,18.6989,18.7,18.695,18.705,18.69,93
2024-04-04 14:15:00,2374,18.6919,18.6951,18.69,18.7,18.69,23
2024-04-04 14:16:00,30507,18.6888,18.6975,18.69,18.7,18.68,163
2024-04-04 14:17:00,13608,18.6768,18.685,18.675,18.685,18.67,58
2024-04-04 14:18:00,7769,18.6704,18.675,18.67,18.6788,18.665,64
2024-04-04 14:19:00,12929,18.6724,18.67,18.675,18.68,18.665,71
2024-04-04 14:20:00,6915,18.6813,18.68,18.686,18.6899,18.68,59
2024-04-04 14:21:00,33303,18.6891,18.69,18.685,18.695,18.68,159
2024-04-04 14:22:00,7487,18.6801,18.685,18.675,18.685,18.67,74
2024-04-04 14:23:00,2194,18.6776,18.6701,18.6763,18.68,18.67,42
2024-04-04 14:24:00,4702,18.6758,18.675,18.6701,18.68,18.67,57
2024-04-04 14:25:00,17788,18.6634,18.67,18.665,18.675,18.655,153
2024-04-04 14:26:00,950,18.668,18.67,18.665,18.67,18.665,23
2024-04-04 14:27:00,19589,18.6622,18.665,18.66,18.665,18.66,117
2024-04-04 14:28:00,4457,18.6649,18.6601,18.67,18.67,18.6601,28
2024-04-04 14:29:00,15291,18.6701,18.665,18.665,18.675,18.665,98
2024-04-04 14:30:00,4658,18.6648,18.665,18.665,18.665,18.66,38
2024-04-04 14:31:00,15555,18.6576,18.665,18.65,18.665,18.65,57
2024-04-04 14:32:00,8825,18.6549,18.66,18.66,18.66,18.65,59
2024-04-04 14:33:00,15883,18.6496,18.65,18.645,18.66,18.64,103
2024-04-04 14:34:00,5637,18.6446,18.65,18.645,18.65,18.64,46
2024-04-04 14:35:00,23562,18.637,18.645,18.63,18.65,18.63,135
2024-04-04 14:36:00,13848,18.6263,18.6301,18.625,18.6375,18.62,102
2024-04-04 14:37:00,4450,18.626,18.6298,18.625,18.63,18.62,45
2024-04-04 14:38:00,34829,18.6266,18.63,18.615,18.64,18.615,160
2024-04-04 14:39:00,104470,18.6205,18.615,18.62,18.63,18.6121,149
2024-04-04 14:40:00,1704,18.6168,18.615,18.615,18.62,18.615,26
2024-04-04 14:41:00,15695,18.6115,18.615,18.61,18.62,18.61,96
2024-04-04 14:42:00,15712,18.6216,18.61,18.625,18.63,18.61,86
2024-04-04 14:43:00,116848,18.623,18.63,18.615,18.63,18.615,270
2024-04-04 14:44:00,43323,18.6203,18.615,18.625,18.63,18.615,137
2024-04-04 14:45:00,18678,18.6248,18.625,18.625,18.63,18.62,125
2024-04-04 14:46:00,17018,18.6125,18.6275,18.605,18.6275,18.605,137
2024-04-04 14:47:00,7049,18.6063,18.6099,18.6075,18.61,18.6,54
2024-04-04 14:48:00,87605,18.6016,18.6075,18.5998,18.61,18.59,239
2024-04-04 14:49:00,39873,18.6064,18.6,18.62,18.62,18.6,143
2024-04-04 14:50:00,23531,18.6168,18.6199,18.615,18.62,18.615,82
2024-04-04 14:51:00,6572,18.6166,18.615,18.62,18.62,18.6113,51
2024-04-04 14:52:00,106490,18.6317,18.6198,18.6475,18.65,18.615,443
2024-04-04 14:53:00,33172,18.6352,18.645,18.6399,18.645,18.63,204
2024-04-04 14:54:00,3786,18.6362,18.635,18.635,18.64,18.635,39
2024-04-04 14:55:00,6035,18.6341,18.64,18.635,18.64,18.6301,40
2024-04-04 14:56:00,55253,18.6403,18.635,18.645,18.65,18.635,246
2024-04-04 14:57:00,2707,18.6438,18.65,18.65,18.65,18.6415,39
2024-04-04 14:58:00,31734,18.6383,18.645,18.635,18.645,18.63,149
2024-04-04 14:59:00,59921,18.6186,18.64,18.605,18.64,18.6,417
2024-04-04 15:00:00,17001,18.6126,18.605,18.625,18.625,18.6,114
2024-04-04 15:01:00,13090,18.6273,18.625,18.63,18.63,18.625,68
2024-04-04 15:02:00,6393,18.6259,18.63,18.625,18.63,18.62,87
2024-04-04 15:03:00,15200,18.6281,18.63,18.63,18.64,18.6201,139
2024-04-04 15:04:00,81664,18.6302,18.63,18.6363,18.64,18.625,305
2024-04-04 15:05:00,16057,18.6345,18.635,18.64,18.64,18.63,142
2024-04-04 15:06:00,7618,18.638,18.64,18.64,18.64,18.635,59
2024-04-04 15:07:00,16989,18.6424,18.6399,18.645,18.65,18.6399,102
2024-04-04 15:08:00,21457,18.6451,18.645,18.645,18.65,18.64,142
2024-04-04 15:09:00,3507,18.649,18.6499,18.648,18.65,18.648,55
2024-04-04 15:10:00,10849,18.6516,18.65,18.66,18.66,18.65,99
2024-04-04 15:11:00,38214,18.6507,18.655,18.645,18.655,18.64,208
2024-04-04 15:12:00,6313,18.6504,18.65,18.6579,18.66,18.645,66
2024-04-04 15:13:00,15374,18.6638,18.655,18.665,18.67,18.655,73
2024-04-04 15:14:00,4914,18.6641,18.665,18.665,18.67,18.66,44
2024-04-04 15:15:00,3587,18.6615,18.67,18.67,18.67,18.6621,54
2024-04-04 15:16:00,19353,18.665,18.665,18.665,18.665,18.66,83
2024-04-04 15:17:00,6065,18.6661,18.665,18.665,18.67,18.665,44
2024-04-04 15:18:00,3795,18.6666,18.665,18.665,18.67,18.665,47
2024-04-04 15:19:00,2680,18.6664,18.665,18.67,18.67,18.665,47
2024-04-04 15:20:00,10250,18.6655,18.67,18.665,18.67,18.6613,62
2024-04-04 15:21:00,35081,18.6701,18.6659,18.67,18.675,18.66,237
2024-04-04 15:22:00,9159,18.6653,18.665,18.665,18.67,18.665,57
2024-04-04 15:23:00,30214,18.6607,18.67,18.6589,18.67,18.65,169
2024-04-04 15:24:00,5255,18.6557,18.655,18.655,18.66,18.65,67
2024-04-04 15:25:00,16539,18.6481,18.65,18.645,18.655,18.6401,78
2024-04-04 15:26:00,27105,18.6494,18.65,18.645,18.655,18.64,159
2024-04-04 15:27:00,6785,18.6487,18.6498,18.645,18.6498,18.645,34
2024-04-04 15:28:00,5374,18.6458,18.6487,18.645,18.65,18.6401,51
2024-04-04 15:29:00,2788,18.6465,18.65,18.64,18.65,18.64,40
2024-04-04 15:30:00,92850,18.6492,18.645,18.65,18.655,18.64,305
2024-04-04 15:31:00,62862,18.6499,18.645,18.645,18.655,18.64,229
2024-04-04 15:32:00,26677,18.6508,18.645,18.655,18.655,18.64,124
2024-04-04 15:33:00,1979,18.6547,18.655,18.655,18.655,18.655,42
2024-04-04 15:34:00,8834,18.6541,18.66,18.655,18.66,18.65,61
2024-04-04 15:35:00,4828,18.6559,18.655,18.656,18.66,18.655,27
2024-04-04 15:36:00,26860,18.6513,18.66,18.65,18.66,18.65,105
2024-04-04 15:37:00,10039,18.6492,18.65,18.64,18.66,18.64,72
2024-04-04 15:38:00,11646,18.638,18.64,18.63,18.64,18.63,67
2024-04-04 15:39:00,7074,18.6284,18.63,18.62,18.63,18.62,63
2024-04-04 15:40:00,3599,18.6276,18.63,18.625,18.63,18.625,41
2024-04-04 15:41:00,15507,18.6318,18.63,18.6325,18.64,18.63,71
2024-04-04 15:42:00,1736,18.6366,18.635,18.635,18.64,18.635,32
2024-04-04 15:43:00,18307,18.6254,18.635,18.6262,18.635,18.62,76
2024-04-04 15:44:00,668,18.6255,18.625,18.625,18.625,18.625,22
2024-04-04 15:45:00,7156,18.6306,18.63,18.635,18.64,18.63,57
2024-04-04 15:46:00,7307,18.6373,18.635,18.64,18.64,18.635,51
2024-04-04 15:47:00,1493,18.6374,18.635,18.64,18.64,18.635,28
2024-04-04 15:48:00,3093,18.6352,18.64,18.635,18.64,18.635,38
2024-04-04 15:49:00,3860,18.6378,18.64,18.64,18.64,18.635,48
2024-04-04 15:50:00,4956,18.6357,18.64,18.635,18.64,18.635,53
2024-04-04 15:51:00,2846,18.6365,18.635,18.64,18.64,18.6301,52
2024-04-04 15:52:00,3529,18.6357,18.64,18.64,18.64,18.635,37
2024-04-04 15:53:00,47858,18.6366,18.64,18.625,18.645,18.625,250
2024-04-04 15:54:00,4924,18.6219,18.6216,18.62,18.6275,18.62,54
2024-04-04 15:55:00,22494,18.6145,18.62,18.6076,18.62,18.606,122
2024-04-04 15:56:00,3326,18.6068,18.605,18.605,18.61,18.605,31
2024-04-04 15:57:00,6698,18.6058,18.605,18.6,18.61,18.6,78
2024-04-04 15:58:00,2407,18.6034,18.61,18.605,18.61,18.6,45
2024-04-04 15:59:00,69288,18.6278,18.605,18.6,18.605,18.5901,111
2024-04-04 16:00:00,5580,18.5982,18.595,18.5997,18.6,18.595,52
2024-04-04 16:01:00,2694,18.5946,18.59,18.59,18.6,18.59,53
2024-04-04 16:02:00,14408,18.589,18.5975,18.585,18.5975,18.58,113
2024-04-04 16:03:00,11104,18.5869,18.585,18.588,18.5899,18.58,54
2024-04-04 16:04:00,8275,18.5794,18.58,18.575,18.5875,18.57,87
2024-04-04 16:05:00,23001,18.5812,18.575,18.58,18.59,18.575,135
2024-04-04 16:06:00,7194,18.5808,18.5781,18.585,18.585,18.5701,50
2024-04-04 16:07:00,589,18.5872,18.59,18.585,18.59,18.585,29
2024-04-04 16:08:00,12664,18.5881,18.585,18.595,18.595,18.5801,75
2024-04-04 16:09:00,24322,18.5954,18.6,18.595,18.6,18.59,83
2024-04-04 16:10:00,7805,18.5901,18.595,18.59,18.595,18.59,73
2024-04-04 16:11:00,2748,18.582,18.585,18.58,18.585,18.58,28
2024-04-04 16:12:00,8592,18.5734,18.5899,18.565,18.5899,18.565,90
2024-04-04 16:13:00,15475,18.5729,18.565,18.575,18.58,18.565,49
2024-04-04 16:14:00,18902,18.5752,18.575,18.575,18.58,18.57,45
2024-04-04 16:15:00,902,18.5743,18.57,18.575,18.575,18.57,17
2024-04-04 16:16:00,3720,18.5778,18.575,18.575,18.58,18.575,40
2024-04-04 16:17:00,8439,18.5704,18.57,18.57,18.575,18.57,66
2024-04-04 16:18:00,4740,18.5747,18.57,18.5799,18.58,18.57,35
2024-04-04 16:19:00,8428,18.5775,18.575,18.5785,18.58,18.575,46
2024-04-04 16:20:00,11500,18.5719,18.5747,18.56,18.5799,18.56,95
2024-04-04 16:21:00,9622,18.57,18.565,18.58,18.58,18.565,61
2024-04-04 16:22:00,13284,18.5688,18.57,18.56,18.575,18.56,70
2024-04-04 16:23:00,2799,18.5652,18.565,18.565,18.565,18.565,29
2024-04-04 16:24:00,7185,18.5662,18.565,18.565,18.57,18.5631,99
2024-04-04 16:25:00,1144,18.5666,18.57,18.565,18.57,18.565,31
2024-04-04 16:26:00,7299,18.5663,18.5699,18.565,18.57,18.565,36
2024-04-04 16:27:00,22626,18.5727,18.57,18.58,18.58,18.5699,99
2024-04-04 16:28:00,34080,18.5698,18.57,18.5697,18.575,18.5679,108
2024-04-04 16:29:00,2239,18.5675,18.565,18.565,18.5679,18.565,32
2024-04-04 16:30:00,4096,18.5658,18.57,18.565,18.57,18.565,52
2024-04-04 16:31:00,1101,18.5658,18.565,18.57,18.57,18.5601,27
2024-04-04 16:32:00,19776,18.5649,18.57,18.5675,18.57,18.56,51
2024-04-04 16:33:00,11972,18.559,18.5675,18.555,18.5675,18.55,88
2024-04-04 16:34:00,4589,18.5553,18.555,18.55,18.56,18.55,46
2024-04-04 16:35:00,5400,18.557,18.55,18.56,18.56,18.55,34
2024-04-04 16:36:00,21881,18.551,18.557,18.55,18.56,18.545,117
2024-04-04 16:37:00,3843,18.5453,18.55,18.545,18.55,18.54,35
2024-04-04 16:38:00,5464,18.5418,18.54,18.5475,18.5475,18.54,70
2024-04-04 16:39:00,7735,18.5442,18.545,18.545,18.55,18.54,63
2024-04-04 16:40:00,7992,18.5384,18.54,18.53,18.54,18.53,42
2024-04-04 16:41:00,2606,18.5356,18.535,18.535,18.5397,18.535,17
2024-04-04 16:42:00,26381,18.5304,18.53,18.535,18.535,18.52,167
2024-04-04 16:43:00,7585,18.535,18.53,18.535,18.54,18.53,31
2024-04-04 16:44:00,845,18.5323,18.53,18.53,18.535,18.53,20
2024-04-04 16:45:00,4694,18.5348,18.535,18.54,18.54,18.53,24
2024-04-04 16:46:00,3744,18.5342,18.54,18.535,18.54,18.53,36
2024-04-04 16:47:00,1127,18.5359,18.54,18.54,18.54,18.535,16
2024-04-04 16:48:00,54163,18.5381,18.535,18.53,18.55,18.53,246
2024-04-04 16:49:00,32006,18.5395,18.535,18.545,18.55,18.535,99
2024-04-04 16:50:00,29227,18.5508,18.545,18.545,18.56,18.545,141
2024-04-04 16:51:00,1814,18.5441,18.545,18.545,18.545,18.54,26
2024-04-04 16:52:00,1538,18.5485,18.55,18.5499,18.55,18.545,14
2024-04-04 16:53:00,7561,18.5438,18.545,18.545,18.545,18.5401,30
2024-04-04 16:54:00,3077,18.5462,18.545,18.55,18.55,18.5422,22
2024-04-04 16:55:00,4809,18.5421,18.5418,18.54,18.5499,18.54,36
2024-04-04 16:56:00,18696,18.5345,18.54,18.535,18.545,18.53,102
2024-04-04 16:57:00,11848,18.5303,18.53,18.53,18.535,18.53,64
2024-04-04 16:58:00,4213,18.5266,18.525,18.525,18.53,18.525,33
2024-04-04 16:59:00,1761,18.5232,18.52,18.525,18.525,18.52,25
2024-04-04 17:00:00,70604,18.5265,18.525,18.535,18.54,18.52,229
2024-04-04 17:01:00,5726,18.5354,18.535,18.54,18.54,18.535,54
2024-04-04 17:02:00,776,18.5383,18.54,18.54,18.54,18.54,19
2024-04-04 17:03:00,2649,18.5352,18.535,18.535,18.54,18.535,36
2024-04-04 17:04:00,2995,18.5369,18.54,18.54,18.54,18.535,35
2024-04-04 17:05:00,6080,18.5364,18.535,18.535,18.54,18.535,34
2024-04-04 17:06:00,1707,18.5366,18.54,18.535,18.54,18.535,20
2024-04-04 17:07:00,13814,18.5359,18.535,18.54,18.54,18.535,90
2024-04-04 17:08:00,9836,18.5368,18.5399,18.535,18.54,18.535,61
2024-04-04 17:09:00,49810,18.5417,18.54,18.54,18.55,18.535,276
2024-04-04 17:10:00,1402,18.5367,18.54,18.54,18.54,18.5332,20
2024-04-04 17:11:00,6194,18.538,18.54,18.54,18.54,18.535,29
2024-04-04 17:12:00,9264,18.5341,18.54,18.535,18.54,18.53,50
2024-04-04 17:13:00,2957,18.5321,18.535,18.53,18.5375,18.53,32
2024-04-04 17:14:00,6681,18.5375,18.5375,18.54,18.54,18.53,62
2024-04-04 17:15:00,1332,18.5369,18.54,18.535,18.54,18.535,32
2024-04-04 17:16:00,5781,18.5347,18.54,18.535,18.54,18.53,45
2024-04-04 17:17:00,1697,18.5332,18.535,18.535,18.535,18.53,24
2024-04-04 17:18:00,1331,18.5347,18.535,18.535,18.535,18.535,27
2024-04-04 17:19:00,6515,18.5348,18.53,18.54,18.54,18.53,45
2024-04-04 17:20:00,4257,18.5358,18.535,18.54,18.54,18.53,42
2024-04-04 17:21:00,5639,18.5333,18.535,18.53,18.5375,18.53,41
2024-04-04 17:22:00,9739,18.5296,18.535,18.525,18.535,18.525,68
2024-04-04 17:23:00,4031,18.5264,18.525,18.53,18.53,18.523,31
2024-04-04 17:24:00,3003,18.526,18.525,18.53,18.53,18.5201,28
2024-04-04 17:25:00,1738,18.5295,18.5201,18.53,18.53,18.5201,26
2024-04-04 17:26:00,37474,18.5222,18.53,18.52,18.53,18.52,119
2024-04-04 17:27:00,13557,18.5191,18.52,18.52,18.52,18.515,71
2024-04-04 17:28:00,2564,18.5167,18.52,18.52,18.52,18.515,25
2024-04-04 17:29:00,17579,18.5217,18.52,18.5299,18.53,18.5199,79
2024-04-04 17:30:00,6398,18.5191,18.525,18.52,18.525,18.5161,55
2024-04-04 17:31:00,6648,18.516,18.515,18.51,18.52,18.51,42
2024-04-04 17:32:00,9774,18.5098,18.51,18.51,18.52,18.505,63
2024-04-04 17:33:00,1247,18.5064,18.51,18.505,18.51,18.505,30
2024-04-04 17:34:00,4254,18.5062,18.51,18.5068,18.51,18.505,41
2024-04-04 17:35:00,10013,18.5058,18.505,18.505,18.51,18.5041,45
2024-04-04 17:36:00,6263,18.5042,18.51,18.51,18.51,18.5,53
2024-04-04 17:37:00,4522,18.5079,18.505,18.505,18.51,18.5,39
2024-04-04 17:38:00,2039,18.5044,18.5,18.505,18.51,18.5,42
2024-04-04 17:39:00,34042,18.5097,18.5,18.52,18.52,18.5,155
2024-04-04 17:40:00,4927,18.5109,18.51,18.515,18.515,18.51,31
2024-04-04 17:41:00,4481,18.5159,18.515,18.515,18.52,18.5101,34
2024-04-04 17:42:00,54557,18.5099,18.51,18.5001,18.515,18.5001,150
2024-04-04 17:43:00,2934,18.5057,18.505,18.505,18.51,18.505,18
2024-04-04 17:44:00,6762,18.5054,18.505,18.505,18.51,18.5031,24
2024-04-04 17:45:00,2144,18.5054,18.505,18.5057,18.51,18.505,24
2024-04-04 17:46:00,879,18.5072,18.51,18.51,18.51,18.502,27
2024-04-04 17:47:00,9320,18.5061,18.505,18.51,18.51,18.5,60
2024-04-04 17:48:00,3041,18.5059,18.505,18.51,18.51,18.505,39
2024-04-04 17:49:00,4063,18.5068,18.505,18.505,18.51,18.505,36
2024-04-04 17:50:00,32563,18.5014,18.505,18.5,18.505,18.5,148
2024-04-04 17:51:00,8241,18.5008,18.505,18.495,18.5099,18.495,44
2024-04-04 17:52:00,3796,18.4974,18.495,18.495,18.5,18.495,38
2024-04-04 17:53:00,7967,18.4952,18.495,18.5,18.5,18.495,22
2024-04-04 17:54:00,1894,18.4952,18.495,18.4987,18.4987,18.4901,22
2024-04-04 17:55:00,10941,18.5001,18.495,18.51,18.51,18.495,69
2024-04-04 17:56:00,9018,18.5095,18.51,18.5175,18.5175,18.505,41
2024-04-04 17:57:00,12754,18.5152,18.515,18.515,18.52,18.515,42
2024-04-04 17:58:00,28476,18.5118,18.515,18.51,18.5175,18.51,104
2024-04-04 17:59:00,16942,18.5135,18.51,18.515,18.52,18.51,29
2024-04-04 18:00:00,9639,18.5103,18.5129,18.505,18.52,18.505,72
2024-04-04 18:01:00,1234,18.5022,18.5,18.5002,18.505,18.5,23
2024-04-04 18:02:00,5216,18.5067,18.505,18.505,18.51,18.5,36
2024-04-04 18:03:00,32622,18.51,18.505,18.5,18.52,18.5,159
2024-04-04 18:04:00,5405,18.5051,18.505,18.5,18.51,18.5,37
2024-04-04 18:05:00,16260,18.513,18.505,18.515,18.52,18.505,60
2024-04-04 18:06:00,2031,18.5137,18.515,18.51,18.515,18.51,30
2024-04-04 18:07:00,29824,18.5049,18.51,18.495,18.51,18.49,127
2024-04-04 18:08:00,3897,18.4967,18.5,18.495,18.5,18.495,29
2024-04-04 18:09:00,14883,18.49,18.492,18.4888,18.492,18.485,66
2024-04-04 18:10:00,10550,18.4848,18.485,18.4865,18.49,18.4824,63
2024-04-04 18:11:00,22977,18.4955,18.485,18.51,18.51,18.485,110
2024-04-04 18:12:00,51680,18.5006,18.51,18.4999,18.51,18.4932,154
2024-04-04 18:13:00,2927,18.497,18.495,18.5,18.5,18.49,30
2024-04-04 18:14:00,8499,18.4899,18.5,18.485,18.5,18.48,73
2024-04-04 18:15:00,1520,18.4839,18.485,18.485,18.485,18.48,26
2024-04-04 18:16:00,8746,18.4794,18.485,18.475,18.485,18.47,71
2024-04-04 18:17:00,11606,18.4766,18.475,18.475,18.48,18.4701,34
2024-04-04 18:18:00,11771,18.4731,18.475,18.475,18.48,18.47,35
2024-04-04 18:19:00,5674,18.4753,18.475,18.47,18.4799,18.47,26
2024-04-04 18:20:00,36327,18.4671,18.47,18.47,18.4765,18.465,109
2024-04-04 18:21:00,28213,18.4653,18.465,18.465,18.47,18.46,77
2024-04-04 18:22:00,42640,18.4691,18.465,18.47,18.48,18.465,215
2024-04-04 18:23:00,7575,18.4708,18.47,18.475,18.475,18.47,62
2024-04-04 18:24:00,6491,18.4746,18.47,18.475,18.48,18.47,38
2024-04-04 18:25:00,17074,18.4734,18.4733,18.475,18.48,18.47,77
2024-04-04 18:26:00,8040,18.4731,18.47,18.475,18.475,18.47,53
2024-04-04 18:27:00,13665,18.4634,18.475,18.46,18.475,18.455,97
2024-04-04 18:28:00,2790,18.4544,18.455,18.45,18.455,18.45,21
2024-04-04 18:29:00,3452,18.4565,18.45,18.45,18.46,18.45,29
2024-04-04 18:30:00,15234,18.448,18.455,18.445,18.455,18.44,89
2024-04-04 18:31:00,24447,18.4371,18.45,18.44,18.45,18.43,106
2024-04-04 18:32:00,7826,18.4273,18.435,18.415,18.435,18.415,88
2024-04-04 18:33:00,14748,18.4208,18.42,18.425,18.425,18.415,116
2024-04-04 18:34:00,15824,18.4181,18.42,18.41,18.425,18.41,102
2024-04-04 18:35:00,34488,18.4082,18.41,18.415,18.4157,18.4,103
2024-04-04 18:36:00,29177,18.4203,18.415,18.43,18.43,18.415,109
2024-04-04 18:37:00,20019,18.4397,18.44,18.4447,18.45,18.435,70
2024-04-04 18:38:00,5154,18.4461,18.45,18.445,18.45,18.44,33
2024-04-04 18:39:00,16199,18.4422,18.445,18.4486,18.4499,18.44,90
2024-04-04 18:40:00,14033,18.4347,18.44,18.435,18.44,18.43,60
2024-04-04 18:41:00,21632,18.4423,18.43,18.445,18.45,18.43,94
2024-04-04 18:42:00,6404,18.4452,18.445,18.445,18.4499,18.445,54
2024-04-04 18:43:00,2269,18.4437,18.4401,18.45,18.45,18.44,31
2024-04-04 18:44:00,14037,18.441,18.445,18.435,18.45,18.43,116
2024-04-04 18:45:00,26956,18.4508,18.435,18.465,18.465,18.435,148
2024-04-04 18:46:00,2815,18.4654,18.465,18.47,18.47,18.46,32
2024-04-04 18:47:00,2188,18.463,18.465,18.465,18.465,18.46,26
2024-04-04 18:48:00,2916,18.4648,18.465,18.465,18.47,18.4631,35
2024-04-04 18:49:00,9567,18.464,18.4625,18.465,18.47,18.46,49
2024-04-04 18:50:00,19001,18.4575,18.465,18.455,18.465,18.45,119
2024-04-04 18:51:00,12260,18.4537,18.455,18.455,18.46,18.45,30
2024-04-04 18:52:00,12910,18.4475,18.45,18.44,18.4501,18.44,86
2024-04-04 18:53:00,11926,18.4445,18.445,18.444,18.45,18.44,65
2024-04-04 18:54:00,8793,18.4459,18.45,18.4425,18.45,18.44,62
2024-04-04 18:55:00,19871,18.4361,18.445,18.425,18.45,18.42,100
2024-04-04 18:56:00,16523,18.4298,18.425,18.435,18.435,18.425,109
2024-04-04 18:57:00,4466,18.4344,18.4321,18.435,18.435,18.43,35
2024-04-04 18:58:00,11501,18.4306,18.43,18.425,18.4399,18.42,61
2024-04-04 18:59:00,9420,18.4224,18.42,18.425,18.425,18.42,55
2024-04-04 19:00:00,12701,18.4108,18.42,18.405,18.42,18.4001,75
2024-04-04 19:01:00,25154,18.3999,18.4,18.405,18.41,18.395,159
2024-04-04 19:02:00,18489,18.4108,18.405,18.415,18.42,18.405,99
2024-04-04 19:03:00,11454,18.4229,18.4153,18.4201,18.43,18.415,72
2024-04-04 19:04:00,22928,18.4215,18.43,18.42,18.43,18.415,126
2024-04-04 19:05:00,23523,18.4277,18.42,18.44,18.44,18.42,82
2024-04-04 19:06:00,8996,18.436,18.4301,18.445,18.45,18.4301,71
2024-04-04 19:07:00,23936,18.4499,18.4456,18.445,18.46,18.44,162
2024-04-04 19:08:00,27329,18.4497,18.44,18.4499,18.455,18.44,102
2024-04-04 19:09:00,6276,18.4441,18.445,18.44,18.45,18.44,44
2024-04-04 19:10:00,28699,18.4314,18.44,18.425,18.44,18.42,134
2024-04-04 19:11:00,2507,18.4252,18.425,18.425,18.43,18.425,20
2024-04-04 19:12:00,5915,18.4307,18.425,18.425,18.43,18.42,43
2024-04-04 19:13:00,12338,18.4261,18.425,18.425,18.43,18.42,72
2024-04-04 19:14:00,19081,18.4315,18.43,18.435,18.44,18.425,127
2024-04-04 19:15:00,29363,18.4269,18.44,18.415,18.44,18.4101,145
2024-04-04 19:16:00,11232,18.4156,18.42,18.415,18.42,18.41,67
2024-04-04 19:17:00,13496,18.4111,18.4118,18.415,18.4175,18.41,59
2024-04-04 19:18:00,11794,18.4131,18.41,18.415,18.42,18.41,53
2024-04-04 19:19:00,31501,18.4198,18.415,18.416,18.425,18.41,180
2024-04-04 19:20:00,20756,18.4212,18.415,18.4247,18.43,18.415,117
2024-04-04 19:21:00,18432,18.4145,18.42,18.415,18.42,18.41,111
2024-04-04 19:22:00,15465,18.4139,18.415,18.41,18.42,18.41,73
2024-04-04 19:23:00,2774,18.4142,18.41,18.415,18.42,18.41,34
2024-04-04 19:24:00,7878,18.4136,18.415,18.415,18.415,18.41,55
2024-04-04 19:25:00,4802,18.4145,18.41,18.415,18.42,18.41,61
2024-04-04 19:26:00,12899,18.4111,18.42,18.415,18.42,18.41,86
2024-04-04 19:27:00,13598,18.41,18.41,18.4,18.4169,18.4,128
2024-04-04 19:28:00,11073,18.3978,18.41,18.39,18.41,18.39,116
2024-04-04 19:29:00,10031,18.3969,18.395,18.4,18.4,18.39,85
2024-04-04 19:30:00,30254,18.4007,18.395,18.4,18.41,18.395,211
2024-04-04 19:31:00,7983,18.4034,18.4002,18.4027,18.41,18.4,96
2024-04-04 19:32:00,30256,18.3955,18.4,18.39,18.4,18.385,184
2024-04-04 19:33:00,3609,18.3889,18.3897,18.385,18.39,18.385,28
2024-04-04 19:34:00,27320,18.3913,18.385,18.39,18.395,18.385,195
2024-04-04 19:35:00,46372,18.3845,18.39,18.375,18.395,18.37,225
2024-04-04 19:36:00,9654,18.3814,18.37,18.375,18.38,18.37,60
2024-04-04 19:37:00,28091,18.3824,18.38,18.385,18.39,18.38,175
2024-04-04 19:38:00,19224,18.3823,18.385,18.385,18.39,18.38,150
2024-04-04 19:39:00,14219,18.3852,18.385,18.385,18.39,18.38,80
2024-04-04 19:40:00,31184,18.3779,18.385,18.38,18.39,18.37,172
2024-04-04 19:41:00,56220,18.3703,18.375,18.365,18.38,18.365,246
2024-04-04 19:42:00,42088,18.3697,18.365,18.375,18.375,18.365,210
2024-04-04 19:43:00,26710,18.3721,18.37,18.375,18.38,18.37,118
2024-04-04 19:44:00,23318,18.3765,18.375,18.38,18.38,18.37,127
2024-04-04 19:45:00,81794,18.3809,18.38,18.39,18.39,18.375,225
2024-04-04 19:46:00,32820,18.3931,18.385,18.395,18.4,18.385,193
2024-04-04 19:47:00,31361,18.3947,18.395,18.4,18.4,18.39,217
2024-04-04 19:48:00,30358,18.403,18.4,18.41,18.41,18.395,245
2024-04-04 19:49:00,31651,18.4124,18.41,18.4195,18.42,18.4001,217
2024-04-04 19:50:00,187899,18.4178,18.42,18.415,18.43,18.41,676
2024-04-04 19:51:00,61415,18.41,18.41,18.42,18.42,18.4,219
2024-04-04 19:52:00,35304,18.4202,18.415,18.43,18.43,18.4146,167
2024-04-04 19:53:00,225209,18.4148,18.43,18.42,18.43,18.4,561
2024-04-04 19:54:00,52876,18.4239,18.42,18.44,18.44,18.415,274
2024-04-04 19:55:00,102797,18.4434,18.44,18.445,18.45,18.435,393
2024-04-04 19:56:00,91589,18.4396,18.445,18.435,18.45,18.43,371
2024-04-04 19:57:00,61519,18.4356,18.435,18.435,18.44,18.43,321
2024-04-04 19:58:00,79239,18.4354,18.4399,18.44,18.44,18.43,498
2024-04-04 19:59:00,216543,18.4376,18.44,18.435,18.44,18.43,1232
2024-04-04 20:00:00,117351,18.43,18.43,18.43,18.43,18.43,35
2024-04-04 20:03:00,57292,18.43,18.43,18.43,18.43,18.43,1
2024-04-04 20:05:00,692,18.3855,18.44,18.36,18.44,18.36,8
2024-04-04 20:29:00,644,18.3964,18.4,18.39,18.4,18.39,3
2024-04-04 20:36:00,2563,18.4012,18.4,18.41,18.41,18.4,8
2024-04-04 21:07:00,2000,18.43,18.43,18.43,18.43,18.43,6
2024-04-04 21:34:00,190,18.44,18.44,18.44,18.44,18.44,1
2024-04-04 22:02:00,125,18.43,18.43,18.43,18.43,18.43,1
2024-04-04 22:22:00,182,18.44,18.44,18.44,18.44,18.44,2
2024-04-04 23:57:00,723,18.4501,18.45,18.45,18.45,18.45,3
2024-04-05 11:00:00,10398,18.8379,18.5,18.54,19.0,18.5,69
2024-04-05 11:02:00,200,18.54,18.54,18.54,18.54,18.54,1
2024-04-05 11:08:00,421,18.5306,18.53,18.53,18.53,18.53,7
2024-04-05 11:33:00,276,18.4964,18.49,18.5,18.5,18.49,5
2024-04-05 11:51:00,835,18.4699,18.47,18.47,18.47,18.47,12
2024-04-05 12:03:00,5022,18.43,18.43,18.43,18.43,18.43,9
2024-04-05 12:05:00,5000,18.4711,18.49,18.47,18.49,18.47,10
2024-04-05 12:19:00,200,18.54,18.54,18.54,18.54,18.54,1
2024-04-05 12:34:00,201,18.4701,18.47,18.47,18.47,18.47,2
2024-04-05 12:48:00,1060,18.4689,18.47,18.47,18.47,18.47,2
2024-04-05 12:50:00,354,18.49,18.49,18.49,18.49,18.49,2
2024-04-05 12:51:00,211,18.489,18.49,18.49,18.49,18.49,3
2024-04-05 13:00:00,1000,18.47,18.47,18.47,18.47,18.47,1
2024-04-05 13:10:00,897,18.47,18.47,18.47,18.47,18.47,2
2024-04-05 13:29:00,409,18.4414,18.45,18.45,18.45,18.45,13
2024-04-05 13:30:00,119987,18.4427,18.43,18.46,18.47,18.43,784
2024-04-05 13:31:00,59651,18.4549,18.45,18.43,18.475,18.43,545
2024-04-05 13:32:00,18713,18.4544,18.435,18.45,18.465,18.435,206
2024-04-05 13:33:00,28207,18.4206,18.445,18.415,18.445,18.4,215
2024-04-05 13:34:00,21249,18.4163,18.42,18.43,18.43,18.405,154
2024-04-05 13:35:00,11303,18.4235,18.44,18.4,18.44,18.4,128
2024-04-05 13:36:00,18420,18.3968,18.41,18.394,18.41,18.3905,135
2024-04-05 13:37:00,10760,18.4048,18.395,18.41,18.42,18.39,110
2024-04-05 13:38:00,7770,18.4062,18.41,18.405,18.41,18.4,115
2024-04-05 13:39:00,41101,18.3942,18.405,18.395,18.41,18.38,237
2024-04-05 13:40:00,13720,18.392,18.3944,18.39,18.4,18.3844,144
2024-04-05 13:41:00,18250,18.3763,18.3844,18.355,18.385,18.3544,208
2024-04-05 13:42:00,24440,18.3564,18.36,18.355,18.365,18.345,242
2024-04-05 13:43:00,38697,18.3442,18.355,18.345,18.36,18.33,221
2024-04-05 13:44:00,9550,18.3364,18.35,18.32,18.35,18.32,114
2024-04-05 13:45:00,23532,18.3331,18.33,18.335,18.35,18.325,154
2024-04-05 13:46:00,10858,18.332,18.33,18.345,18.35,18.325,100
2024-04-05 13:47:00,64740,18.3355,18.34,18.335,18.3401,18.33,90
2024-04-05 13:48:00,22160,18.3322,18.335,18.315,18.34,18.315,184
2024-04-05 13:49:00,18748,18.322,18.31,18.335,18.335,18.31,97
2024-04-05 13:50:00,171380,18.3349,18.335,18.335,18.345,18.33,168
2024-04-05 13:51:00,14335,18.3227,18.335,18.315,18.335,18.315,105
2024-04-05 13:52:00,37498,18.3034,18.315,18.3012,18.32,18.3,120
2024-04-05 13:53:00,11228,18.2997,18.31,18.295,18.31,18.29,139
2024-04-05 13:54:00,67489,18.2828,18.2902,18.28,18.305,18.27,331
2024-04-05 13:55:00,28932,18.2806,18.285,18.295,18.2978,18.27,214
2024-04-05 13:56:00,18809,18.2976,18.295,18.305,18.305,18.295,119
2024-04-05 13:57:00,13106,18.2963,18.31,18.285,18.31,18.285,107
2024-04-05 13:58:00,10087,18.289,18.285,18.295,18.3,18.28,103
2024-04-05 13:59:00,7779,18.2952,18.29,18.295,18.3,18.29,87
2024-04-05 14:00:00,14959,18.2951,18.295,18.295,18.3,18.29,84
2024-04-05 14:01:00,6893,18.2959,18.295,18.3,18.3,18.295,93
2024-04-05 14:02:00,8960,18.2948,18.295,18.295,18.3,18.29,130
2024-04-05 14:03:00,15090,18.3009,18.3,18.295,18.31,18.29,172
2024-04-05 14:04:00,3998,18.2973,18.3,18.295,18.3,18.295,58
2024-04-05 14:05:00,16250,18.2978,18.295,18.295,18.305,18.29,178
2024-04-05 14:06:00,79889,18.2743,18.295,18.255,18.3,18.25,374
2024-04-05 14:07:00,32140,18.249,18.255,18.245,18.255,18.24,234
2024-04-05 14:08:00,88643,18.2284,18.245,18.225,18.25,18.215,400
2024-04-05 14:09:00,17895,18.2359,18.225,18.25,18.25,18.225,158
2024-04-05 14:10:00,21698,18.257,18.25,18.2575,18.26,18.25,139
2024-04-05 14:11:00,11123,18.2654,18.26,18.275,18.28,18.255,129
2024-04-05 14:12:00,299790,18.2641,18.28,18.26,18.29,18.25,282
2024-04-05 14:13:00,26616,18.2674,18.26,18.265,18.28,18.26,133
2024-04-05 14:14:00,22481,18.2584,18.265,18.255,18.265,18.25,107
2024-04-05 14:15:00,11640,18.2523,18.25,18.245,18.26,18.245,102
2024-04-05 14:16:00,45709,18.2429,18.245,18.235,18.25,18.23,203
2024-04-05 14:17:00,8769,18.2418,18.235,18.24,18.25,18.235,94
2024-04-05 14:18:00,6595,18.2449,18.245,18.245,18.25,18.24,63
2024-04-05 14:19:00,6290,18.2511,18.245,18.255,18.255,18.245,91
2024-04-05 14:20:00,9549,18.2551,18.255,18.255,18.26,18.25,83
2024-04-05 14:21:00,11088,18.2484,18.255,18.245,18.255,18.24,103
2024-04-05 14:22:00,18959,18.2502,18.25,18.2544,18.26,18.245,87
2024-04-05 14:23:00,8230,18.2552,18.255,18.255,18.26,18.25,69
2024-04-05 14:24:00,15607,18.2517,18.255,18.255,18.26,18.25,61
2024-04-05 14:25:00,20854,18.2478,18.255,18.245,18.255,18.24,125
2024-04-05 14:26:00,5582,18.2443,18.245,18.245,18.25,18.24,94
2024-04-05 14:27:00,19978,18.2317,18.24,18.23,18.24,18.225,162
2024-04-05 14:28:00,13577,18.2405,18.235,18.245,18.25,18.23,114
2024-04-05 14:29:00,7489,18.2528,18.25,18.255,18.255,18.25,71
2024-04-05 14:30:00,25397,18.2522,18.26,18.255,18.26,18.25,105
2024-04-05 14:31:00,70959,18.2728,18.255,18.275,18.285,18.255,343
2024-04-05 14:32:00,8527,18.2759,18.275,18.275,18.28,18.275,51
2024-04-05 14:33:00,26735,18.274,18.2753,18.29,18.29,18.27,101
2024-04-05 14:34:00,19476,18.285,18.285,18.285,18.29,18.28,116
2024-04-05 14:35:00,18535,18.2784,18.285,18.2701,18.285,18.27,116
2024-04-05 14:36:00,7796,18.2747,18.275,18.275,18.28,18.27,61
2024-04-05 14:37:00,33666,18.2709,18.275,18.275,18.28,18.27,42
2024-04-05 14:38:00,15681,18.2833,18.28,18.295,18.295,18.275,145
2024-04-05 14:39:00,4668,18.2948,18.2933,18.295,18.3,18.29,51
2024-04-05 14:40:00,5752,18.2956,18.295,18.3,18.3,18.29,58
2024-04-05 14:41:00,18551,18.3042,18.295,18.32,18.32,18.295,137
2024-04-05 14:42:00,26153,18.3119,18.32,18.3098,18.32,18.3098,162
2024-04-05 14:43:00,15055,18.3083,18.305,18.315,18.315,18.305,92
2024-04-05 14:44:00,6043,18.3142,18.315,18.315,18.32,18.31,77
2024-04-05 14:45:00,11852,18.3097,18.315,18.305,18.315,18.3035,112
2024-04-05 14:46:00,10685,18.3099,18.305,18.315,18.315,18.305,109
2024-04-05 14:47:00,40211,18.3042,18.31,18.31,18.3199,18.3001,136
2024-04-05 14:48:00,6253,18.3055,18.31,18.305,18.31,18.3019,55
2024-04-05 14:49:00,30005,18.316,18.3099,18.34,18.34,18.305,156
2024-04-05 14:50:00,3369,18.3309,18.331,18.335,18.34,18.331,50
2024-04-05 14:51:00,24654,18.3413,18.335,18.345,18.35,18.335,166
2024-04-05 14:52:00,5466,18.3452,18.35,18.345,18.35,18.34,49
2024-04-05 14:53:00,25230,18.3409,18.345,18.335,18.35,18.33,157
2024-04-05 14:54:00,6514,18.3355,18.335,18.335,18.34,18.335,59
2024-04-05 14:55:00,13392,18.3395,18.34,18.3401,18.345,18.335,122
2024-04-05 14:56:00,8235,18.3471,18.345,18.355,18.355,18.3435,85
2024-04-05 14:57:00,130123,18.3621,18.355,18.365,18.38,18.355,340
2024-04-05 14:58:00,44501,18.3539,18.365,18.35,18.3699,18.34,199
2024-04-05 14:59:00,11945,18.3547,18.3461,18.365,18.365,18.345,117
2024-04-05 15:00:00,24253,18.3573,18.365,18.345,18.365,18.345,124
2024-04-05 15:01:00,33374,18.3501,18.345,18.35,18.355,18.345,160
2024-04-05 15:02:00,19225,18.3484,18.345,18.34,18.355,18.34,134
2024-04-05 15:03:00,12648,18.35,18.345,18.35,18.355,18.345,82
2024-04-05 15:04:00,2722,18.3552,18.355,18.355,18.36,18.35,35
2024-04-05 15:05:00,37041,18.3581,18.355,18.355,18.36,18.355,115
2024-04-05 15:06:00,20827,18.3598,18.355,18.365,18.37,18.35,161
2024-04-05 15:07:00,9016,18.363,18.365,18.36,18.365,18.36,78
2024-04-05 15:08:00,41214,18.3679,18.37,18.365,18.375,18.36,173
2024-04-05 15:09:00,26674,18.3543,18.365,18.345,18.365,18.34,169
2024-04-05 15:10:00,15656,18.3484,18.345,18.355,18.355,18.34,104
2024-04-05 15:11:00,5551,18.3561,18.355,18.355,18.36,18.355,57
2024-04-05 15:12:00,103447,18.3732,18.36,18.375,18.38,18.355,208
2024-04-05 15:13:00,26802,18.3816,18.38,18.385,18.39,18.375,135
2024-04-05 15:14:00,48450,18.3932,18.385,18.385,18.4,18.385,262
2024-04-05 15:15:00,7146,18.385,18.385,18.38,18.3898,18.38,64
2024-04-05 15:16:00,6945,18.3843,18.3825,18.3825,18.39,18.38,98
2024-04-05 15:17:00,30802,18.3906,18.385,18.385,18.4,18.385,170
2024-04-05 15:18:00,21175,18.3857,18.3859,18.395,18.395,18.38,143
2024-04-05 15:19:00,15928,18.3927,18.395,18.395,18.395,18.39,111
2024-04-05 15:20:00,7833,18.3944,18.395,18.395,18.4,18.39,55
2024-04-05 15:21:00,30869,18.3977,18.395,18.405,18.405,18.39,159
2024-04-05 15:22:00,9787,18.4041,18.405,18.4002,18.41,18.4,73
2024-04-05 15:23:00,19390,18.409,18.41,18.415,18.415,18.4,110
2024-04-05 15:24:00,23464,18.4092,18.415,18.405,18.42,18.4,153
2024-04-05 15:25:00,8092,18.405,18.405,18.405,18.41,18.4,77
2024-04-05 15:26:00,3603,18.4053,18.405,18.4025,18.41,18.4001,55
2024-04-05 15:27:00,7387,18.4129,18.41,18.42,18.42,18.405,85
2024-04-05 15:28:00,10219,18.4156,18.42,18.42,18.42,18.41,66
2024-04-05 15:29:00,15801,18.4178,18.42,18.425,18.425,18.4125,93
2024-04-05 15:30:00,10874,18.4233,18.425,18.43,18.43,18.42,82
2024-04-05 15:31:00,12593,18.4251,18.425,18.43,18.43,18.42,111
2024-04-05 15:32:00,13291,18.4283,18.425,18.435,18.435,18.42,81
2024-04-05 15:33:00,14264,18.4345,18.435,18.435,18.44,18.435,72
2024-04-05 15:34:00,122488,18.4174,18.44,18.42,18.44,18.4,419
2024-04-05 15:35:00,20888,18.4104,18.41,18.405,18.42,18.405,78
2024-04-05 15:36:00,12271,18.4089,18.405,18.405,18.41,18.4001,100
2024-04-05 15:37:00,3245,18.4088,18.405,18.41,18.41,18.405,41
2024-04-05 15:38:00,10520,18.413,18.41,18.415,18.415,18.405,88
2024-04-05 15:39:00,6601,18.4152,18.415,18.42,18.42,18.4101,37
2024-04-05 15:40:00,10951,18.4179,18.4117,18.425,18.425,18.4117,65
2024-04-05 15:41:00,5267,18.4243,18.4225,18.425,18.43,18.42,65
2024-04-05 15:42:00,15924,18.4357,18.425,18.45,18.45,18.424,119
2024-04-05 15:43:00,5923,18.4389,18.45,18.445,18.45,18.445,47
2024-04-05 15:44:00,46838,18.4425,18.445,18.435,18.45,18.43,137
2024-04-05 15:45:00,9360,18.4422,18.44,18.445,18.45,18.44,105
2024-04-05 15:46:00,4241,18.4447,18.445,18.445,18.45,18.4417,39
2024-04-05 15:47:00,5713,18.4464,18.45,18.445,18.45,18.445,60
2024-04-05 15:48:00,5751,18.4472,18.445,18.445,18.45,18.4425,73
2024-04-05 15:49:00,25403,18.4404,18.45,18.4325,18.45,18.43,152
2024-04-05 15:50:00,8591,18.4408,18.435,18.445,18.45,18.435,82
2024-04-05 15:51:00,2073,18.4445,18.445,18.44,18.45,18.44,45
2024-04-05 15:52:00,24005,18.4399,18.445,18.43,18.445,18.43,132
2024-04-05 15:53:00,6481,18.4372,18.44,18.435,18.44,18.435,58
2024-04-05 15:54:00,15782,18.4423,18.44,18.45,18.45,18.4399,77
2024-04-05 15:55:00,17113,18.4515,18.45,18.455,18.46,18.445,94
2024-04-05 15:56:00,16766,18.4626,18.455,18.465,18.47,18.455,95
2024-04-05 15:57:00,30117,18.4604,18.465,18.455,18.465,18.4501,102
2024-04-05 15:58:00,11582,18.4514,18.455,18.45,18.46,18.45,101
2024-04-05 15:59:00,7085,18.4541,18.45,18.455,18.46,18.45,52
2024-04-05 16:00:00,5818,18.4544,18.46,18.455,18.46,18.45,64
2024-04-05 16:01:00,16376,18.4482,18.45,18.45,18.45,18.44,125
2024-04-05 16:02:00,3999,18.4457,18.445,18.445,18.45,18.44,34
2024-04-05 16:03:00,7049,18.4448,18.45,18.445,18.45,18.44,45
2024-04-05 16:04:00,5330,18.4469,18.445,18.4499,18.45,18.44,59
2024-04-05 16:05:00,2493,18.446,18.445,18.45,18.45,18.445,33
2024-04-05 16:06:00,4293,18.445,18.45,18.445,18.45,18.44,46
2024-04-05 16:07:00,9657,18.4454,18.4466,18.45,18.45,18.44,71
2024-04-05 16:08:00,3982,18.4478,18.4401,18.45,18.45,18.4401,44
2024-04-05 16:09:00,19595,18.4509,18.445,18.455,18.46,18.445,144
2024-04-05 16:10:00,8275,18.4552,18.45,18.455,18.46,18.45,62
2024-04-05 16:11:00,27124,18.45,18.46,18.44,18.46,18.44,156
2024-04-05 16:12:00,4314,18.4478,18.4499,18.445,18.45,18.445,38
2024-04-05 16:13:00,20642,18.4441,18.445,18.44,18.45,18.44,128
2024-04-05 16:14:00,7592,18.4372,18.435,18.435,18.44,18.4325,48
2024-04-05 16:15:00,14520,18.4384,18.435,18.445,18.445,18.43,126
2024-04-05 16:16:00,2508,18.447,18.445,18.45,18.45,18.445,31
2024-04-05 16:17:00,5639,18.4461,18.445,18.45,18.45,18.445,37
2024-04-05 16:18:00,5330,18.4456,18.4447,18.44,18.45,18.44,49
2024-04-05 16:19:00,14363,18.4473,18.445,18.445,18.45,18.4448,59
2024-04-05 16:20:00,12306,18.4451,18.445,18.4474,18.45,18.4415,55
2024-04-05 16:21:00,4429,18.4472,18.45,18.45,18.45,18.445,39
2024-04-05 16:22:00,14066,18.4518,18.445,18.455,18.46,18.445,96
2024-04-05 16:23:00,3309,18.4565,18.455,18.46,18.46,18.455,29
2024-04-05 16:24:00,3703,18.4568,18.46,18.46,18.46,18.455,36
2024-04-05 16:25:00,6852,18.4538,18.4505,18.46,18.46,18.45,57
2024-04-05 16:26:00,5935,18.4548,18.4575,18.455,18.46,18.45,75
2024-04-05 16:27:00,6024,18.4536,18.46,18.455,18.46,18.45,35
2024-04-05 16:28:00,48602,18.45,18.46,18.44,18.46,18.44,217
2024-04-05 16:29:00,14407,18.4468,18.445,18.445,18.45,18.44,44
2024-04-05 16:30:00,10485,18.4446,18.445,18.445,18.45,18.44,80
2024-04-05 16:31:00,38754,18.4411,18.445,18.435,18.45,18.435,150
2024-04-05 16:32:00,10646,18.437,18.435,18.435,18.44,18.43,51
2024-04-05 16:33:00,14256,18.4347,18.43,18.4399,18.44,18.43,96
2024-04-05 16:34:00,12568,18.4412,18.435,18.45,18.45,18.43,78
2024-04-05 16:35:00,5084,18.4451,18.45,18.45,18.45,18.44,52
2024-04-05 16:36:00,28954,18.4484,18.45,18.44,18.455,18.44,194
2024-04-05 16:37:00,3091,18.4434,18.4459,18.44,18.45,18.44,38
2024-04-05 16:38:00,19358,18.44,18.445,18.435,18.445,18.43,127
2024-04-05 16:39:00,4790,18.434,18.435,18.435,18.44,18.43,46
2024-04-05 16:40:00,20360,18.4297,18.44,18.425,18.44,18.42,152
2024-04-05 16:41:00,8496,18.4289,18.425,18.43,18.43,18.42,31
2024-04-05 16:42:00,3456,18.4272,18.43,18.425,18.43,18.42,27
2024-04-05 16:43:00,6456,18.428,18.425,18.425,18.43,18.425,35
2024-04-05 16:44:00,10366,18.4279,18.43,18.425,18.43,18.42,73
2024-04-05 16:45:00,10324,18.4244,18.425,18.43,18.43,18.42,80
2024-04-05 16:46:00,11689,18.4324,18.425,18.44,18.44,18.425,91
2024-04-05 16:47:00,4291,18.4364,18.435,18.44,18.44,18.43,34
2024-04-05 16:48:00,2040,18.438,18.435,18.43,18.44,18.43,34
2024-04-05 16:49:00,2380,18.438,18.44,18.44,18.44,18.435,34
2024-04-05 16:50:00,7347,18.4352,18.435,18.435,18.44,18.435,49
2024-04-05 16:51:00,5227,18.4359,18.44,18.435,18.44,18.435,53
2024-04-05 16:52:00,9925,18.4395,18.435,18.445,18.445,18.43,76
2024-04-05 16:53:00,3037,18.4474,18.45,18.45,18.45,18.4401,41
2024-04-05 16:54:00,2711,18.4463,18.445,18.445,18.45,18.445,27
2024-04-05 16:55:00,51828,18.4404,18.445,18.44,18.445,18.44,247
2024-04-05 16:56:00,9201,18.4409,18.44,18.44,18.445,18.44,67
2024-04-05 16:57:00,8181,18.4414,18.44,18.445,18.45,18.44,33
2024-04-05 16:58:00,6447,18.4444,18.44,18.445,18.45,18.44,71
2024-04-05 16:59:00,12873,18.4482,18.4412,18.45,18.455,18.4412,93
2024-04-05 17:00:00,91929,18.4641,18.455,18.47,18.48,18.455,309
2024-04-05 17:01:00,12658,18.468,18.47,18.465,18.475,18.46,85
2024-04-05 17:02:00,10419,18.4586,18.462,18.455,18.462,18.4518,71
2024-04-05 17:03:00,53664,18.4666,18.46,18.475,18.475,18.455,160
2024-04-05 17:04:00,4780,18.4773,18.475,18.48,18.48,18.475,28
2024-04-05 17:05:00,16601,18.4721,18.479,18.475,18.479,18.47,74
2024-04-05 17:06:00,52395,18.4812,18.47,18.4825,18.49,18.47,179
2024-04-05 17:07:00,65381,18.4775,18.48,18.47,18.485,18.4625,256
2024-04-05 17:08:00,23472,18.4694,18.475,18.4605,18.475,18.46,63
2024-04-05 17:09:00,15545,18.4709,18.465,18.475,18.475,18.465,76
2024-04-05 17:10:00,26785,18.4791,18.475,18.475,18.485,18.475,120
2024-04-05 17:11:00,4801,18.4761,18.475,18.475,18.48,18.475,29
2024-04-05 17:12:00,14208,18.4715,18.475,18.475,18.48,18.47,88
2024-04-05 17:13:00,20813,18.4663,18.47,18.46,18.47,18.46,105
2024-04-05 17:14:00,13248,18.4581,18.46,18.4545,18.46,18.45,73
2024-04-05 17:15:00,4368,18.4564,18.455,18.455,18.46,18.455,38
2024-04-05 17:16:00,3711,18.4548,18.455,18.455,18.46,18.45,45
2024-04-05 17:17:00,3861,18.4558,18.455,18.455,18.455,18.4525,40
2024-04-05 17:18:00,7187,18.4559,18.455,18.455,18.46,18.45,52
2024-04-05 17:19:00,33393,18.4515,18.4525,18.445,18.4554,18.445,159
2024-04-05 17:20:00,20499,18.4507,18.45,18.45,18.455,18.445,72
2024-04-05 17:21:00,3188,18.4546,18.455,18.455,18.455,18.455,38
2024-04-05 17:22:00,5941,18.4546,18.455,18.45,18.46,18.45,41
2024-04-05 17:23:00,24537,18.45,18.45,18.455,18.46,18.4425,143
2024-04-05 17:24:00,56526,18.4719,18.46,18.4799,18.48,18.46,191
2024-04-05 17:25:00,87866,18.4757,18.475,18.48,18.49,18.47,167
2024-04-05 17:26:00,48601,18.4647,18.48,18.4603,18.48,18.4603,135
2024-04-05 17:27:00,5080,18.4694,18.465,18.47,18.47,18.4625,25
2024-04-05 17:28:00,21963,18.4709,18.47,18.47,18.475,18.465,165
2024-04-05 17:29:00,17163,18.4687,18.47,18.465,18.47,18.4625,64
2024-04-05 17:30:00,11919,18.4742,18.47,18.48,18.48,18.47,89
2024-04-05 17:31:00,8898,18.4768,18.47,18.48,18.48,18.47,48
2024-04-05 17:32:00,26519,18.4763,18.48,18.475,18.48,18.47,49
2024-04-05 17:33:00,11062,18.4762,18.475,18.48,18.48,18.47,58
2024-04-05 17:34:00,17192,18.4833,18.48,18.4801,18.49,18.48,90
2024-04-05 17:35:00,9153,18.4854,18.485,18.485,18.49,18.4817,71
2024-04-05 17:36:00,22525,18.4807,18.48,18.475,18.485,18.47,150
2024-04-05 17:37:00,2382,18.476,18.475,18.48,18.48,18.4732,23
2024-04-05 17:38:00,4776,18.4759,18.475,18.475,18.475,18.4712,40
2024-04-05 17:39:00,41351,18.466,18.475,18.455,18.475,18.455,199
2024-04-05 17:40:00,31632,18.4604,18.46,18.47,18.47,18.45,103
2024-04-05 17:41:00,6983,18.4628,18.4601,18.4624,18.4655,18.46,42
2024-04-05 17:42:00,22612,18.4578,18.465,18.455,18.465,18.45,91
2024-04-05 17:43:00,8546,18.4571,18.46,18.455,18.46,18.4525,49
2024-04-05 17:44:00,7165,18.454,18.455,18.46,18.46,18.45,46
2024-04-05 17:45:00,13029,18.4548,18.455,18.455,18.46,18.45,59
2024-04-05 17:46:00,70594,18.4513,18.4525,18.445,18.46,18.445,211
2024-04-05 17:47:00,10017,18.445,18.445,18.44,18.4499,18.44,47
2024-04-05 17:48:00,18461,18.4498,18.445,18.455,18.455,18.44,89
2024-04-05 17:49:00,10659,18.4504,18.455,18.4425,18.455,18.4425,90
2024-04-05 17:50:00,13336,18.4449,18.44,18.45,18.45,18.44,37
2024-04-05 17:51:00,6395,18.4475,18.445,18.445,18.45,18.4425,36
2024-04-05 17:52:00,25508,18.4422,18.445,18.44,18.445,18.44,121
2024-04-05 17:53:00,20828,18.4435,18.445,18.4401,18.45,18.44,113
2024-04-05 17:54:00,5566,18.4471,18.44,18.4425,18.45,18.44,44
2024-04-05 17:55:00,7589,18.4457,18.442,18.45,18.45,18.4401,58
2024-04-05 17:56:00,7967,18.446,18.445,18.45,18.45,18.4424,64
2024-04-05 17:57:00,37670,18.4398,18.445,18.445,18.445,18.43,246
2024-04-05 17:58:00,28353,18.4449,18.445,18.46,18.46,18.4408,110
2024-04-05 17:59:00,3703,18.452,18.455,18.455,18.455,18.4511,22
2024-04-05 18:00:00,23340,18.448,18.455,18.445,18.455,18.4447,144
2024-04-05 18:01:00,13403,18.441,18.445,18.44,18.445,18.435,118
2024-04-05 18:02:00,9578,18.443,18.435,18.445,18.45,18.435,74
2024-04-05 18:03:00,1098,18.4454,18.445,18.445,18.45,18.445,29
2024-04-05 18:04:00,15034,18.4511,18.45,18.455,18.455,18.4499,98
2024-04-05 18:05:00,18092,18.457,18.455,18.46,18.46,18.45,61
2024-04-05 18:06:00,4881,18.4577,18.4501,18.455,18.46,18.4501,35
2024-04-05 18:07:00,17687,18.4705,18.46,18.475,18.48,18.46,121
2024-04-05 18:08:00,53334,18.4698,18.475,18.4764,18.48,18.4601,226
2024-04-05 18:09:00,12490,18.4738,18.47,18.475,18.48,18.47,86
2024-04-05 18:10:00,16305,18.4753,18.475,18.475,18.48,18.47,36
2024-04-05 18:11:00,22467,18.4826,18.475,18.485,18.49,18.475,112
2024-04-05 18:12:00,25581,18.4806,18.48,18.475,18.49,18.475,150
2024-04-05 18:13:00,6866,18.4828,18.48,18.49,18.49,18.48,56
2024-04-05 18:14:00,3965,18.4851,18.485,18.485,18.4874,18.4821,48
2024-04-05 18:15:00,2257,18.4856,18.49,18.485,18.49,18.485,40
2024-04-05 18:16:00,22627,18.4812,18.485,18.48,18.485,18.475,163
2024-04-05 18:17:00,13147,18.4829,18.48,18.485,18.49,18.48,75
2024-04-05 18:18:00,4677,18.485,18.485,18.485,18.49,18.48,43
2024-04-05 18:19:00,1638,18.4859,18.485,18.485,18.49,18.485,36
2024-04-05 18:20:00,9069,18.4841,18.488,18.49,18.49,18.485,49
2024-04-05 18:21:00,26379,18.4899,18.49,18.485,18.495,18.485,163
2024-04-05 18:22:00,3644,18.4872,18.49,18.485,18.49,18.4801,36
2024-04-05 18:23:00,19487,18.4817,18.49,18.485,18.49,18.475,141
2024-04-05 18:24:00,2532,18.4746,18.4725,18.475,18.475,18.47,42
2024-04-05 18:25:00,3264,18.474,18.47,18.475,18.48,18.47,49
2024-04-05 18:26:00,6687,18.4755,18.48,18.475,18.48,18.475,48
2024-04-05 18:27:00,22517,18.4797,18.48,18.475,18.485,18.475,133
2024-04-05 18:28:00,22758,18.4701,18.475,18.47,18.475,18.465,134
2024-04-05 18:29:00,11038,18.4608,18.465,18.4555,18.47,18.455,117
2024-04-05 18:30:00,5085,18.4628,18.455,18.455,18.455,18.45,39
2024-04-05 18:31:00,7544,18.457,18.455,18.46,18.46,18.45,72
2024-04-05 18:32:00,1522,18.4559,18.46,18.455,18.46,18.4525,33
2024-04-05 18:33:00,1640,18.4566,18.4525,18.455,18.46,18.45,40
2024-04-05 18:34:00,4496,18.4555,18.455,18.455,18.46,18.4525,52
2024-04-05 18:35:00,4420,18.4561,18.46,18.46,18.46,18.4525,61
2024-04-05 18:36:00,5296,18.4558,18.455,18.46,18.46,18.4525,77
2024-04-05 18:37:00,32860,18.4611,18.455,18.455,18.47,18.455,208
2024-04-05 18:38:00,5478,18.4541,18.455,18.455,18.455,18.45,83
2024-04-05 18:39:00,10723,18.4486,18.455,18.44,18.455,18.44,141
2024-04-05 18:40:00,3788,18.4486,18.445,18.445,18.45,18.44,49
2024-04-05 18:41:00,17936,18.4399,18.445,18.445,18.445,18.435,155
2024-04-05 18:42:00,3642,18.4426,18.445,18.445,18.445,18.44,42
2024-04-05 18:43:00,11546,18.4393,18.445,18.435,18.445,18.435,105
2024-04-05 18:44:00,12054,18.4421,18.435,18.445,18.45,18.4338,103
2024-04-05 18:45:00,6824,18.4463,18.4475,18.445,18.45,18.44,71
2024-04-05 18:46:00,15335,18.439,18.445,18.435,18.445,18.43,105
2024-04-05 18:47:00,1703,18.4356,18.435,18.435,18.435,18.43,33
2024-04-05 18:48:00,8164,18.4365,18.4339,18.435,18.44,18.43,75
2024-04-05 18:49:00,30429,18.4276,18.435,18.42,18.435,18.42,213
2024-04-05 18:50:00,6393,18.4239,18.42,18.425,18.425,18.42,60
2024-04-05 18:51:00,2482,18.4247,18.425,18.425,18.4275,18.42,36
2024-04-05 18:52:00,6383,18.4241,18.4275,18.4275,18.4275,18.42,63
2024-04-05 18:53:00,5445,18.4262,18.425,18.43,18.43,18.42,63
2024-04-05 18:54:00,4624,18.4268,18.425,18.43,18.43,18.425,61
2024-04-05 18:55:00,2364,18.4259,18.425,18.425,18.43,18.4225,45
2024-04-05 18:56:00,3550,18.4258,18.425,18.425,18.43,18.425,61
2024-04-05 18:57:00,42993,18.4227,18.425,18.425,18.43,18.42,215
2024-04-05 18:58:00,9554,18.4261,18.425,18.42,18.43,18.42,69
2024-04-05 18:59:00,9393,18.4245,18.425,18.4255,18.43,18.42,90
2024-04-05 19:00:00,28048,18.4326,18.425,18.44,18.44,18.4225,182
2024-04-05 19:01:00,35552,18.4405,18.44,18.44,18.45,18.435,185
2024-04-05 19:02:00,20594,18.4259,18.435,18.42,18.44,18.42,169
2024-04-05 19:03:00,6002,18.4173,18.42,18.415,18.42,18.415,64
2024-04-05 19:04:00,8919,18.42,18.42,18.415,18.42,18.4101,119
2024-04-05 19:05:00,28583,18.4242,18.42,18.425,18.43,18.42,141
2024-04-05 19:06:00,4940,18.4279,18.425,18.425,18.43,18.425,52
2024-04-05 19:07:00,6539,18.4273,18.43,18.43,18.43,18.422,53
2024-04-05 19:08:00,30685,18.4243,18.425,18.43,18.43,18.42,246
2024-04-05 19:09:00,12381,18.4265,18.425,18.425,18.43,18.425,71
2024-04-05 19:10:00,3438,18.4275,18.43,18.43,18.43,18.425,55
2024-04-05 19:11:00,10317,18.4255,18.425,18.425,18.43,18.4202,78
2024-04-05 19:12:00,6318,18.4254,18.425,18.425,18.43,18.42,73
2024-04-05 19:13:00,5276,18.4274,18.425,18.43,18.43,18.4225,57
2024-04-05 19:14:00,42157,18.4308,18.43,18.435,18.4375,18.4225,214
2024-04-05 19:15:00,28808,18.4296,18.435,18.425,18.435,18.42,168
2024-04-05 19:16:00,17988,18.4193,18.425,18.415,18.425,18.41,159
2024-04-05 19:17:00,27415,18.4131,18.415,18.415,18.42,18.41,185
2024-04-05 19:18:00,8982,18.4171,18.41,18.415,18.42,18.41,90
2024-04-05 19:19:00,20630,18.4206,18.415,18.43,18.43,18.4114,168
2024-04-05 19:20:00,23233,18.4193,18.425,18.415,18.425,18.41,140
2024-04-05 19:21:00,8021,18.4146,18.415,18.41,18.42,18.41,104
2024-04-05 19:22:00,10728,18.4151,18.41,18.415,18.42,18.41,95
2024-04-05 19:23:00,11336,18.4155,18.415,18.415,18.42,18.41,113
2024-04-05 19:24:00,16062,18.4185,18.415,18.425,18.425,18.415,181
2024-04-05 19:25:00,6952,18.4269,18.425,18.42,18.43,18.42,74
2024-04-05 19:26:00,4714,18.4257,18.425,18.425,18.43,18.4203,78
2024-04-05 19:27:00,13077,18.4244,18.43,18.425,18.43,18.4201,125
2024-04-05 19:28:00,55914,18.4304,18.425,18.435,18.44,18.425,332
2024-04-05 19:29:00,7171,18.4313,18.43,18.435,18.44,18.43,87
2024-04-05 19:30:00,11487,18.4344,18.43,18.435,18.44,18.43,89
2024-04-05 19:31:00,10864,18.4358,18.435,18.435,18.44,18.43,110
2024-04-05 19:32:00,34477,18.4401,18.435,18.45,18.45,18.435,211
2024-04-05 19:33:00,20051,18.4486,18.445,18.455,18.46,18.4401,167
2024-04-05 19:34:00,71695,18.4607,18.455,18.46,18.465,18.455,286
2024-04-05 19:35:00,50989,18.4596,18.46,18.455,18.465,18.455,276
2024-04-05 19:36:00,13923,18.456,18.46,18.455,18.46,18.455,110
2024-04-05 19:37:00,60616,18.4508,18.455,18.45,18.455,18.45,383
2024-04-05 19:38:00,7489,18.4562,18.45,18.455,18.46,18.45,87
2024-04-05 19:39:00,7514,18.4546,18.455,18.455,18.46,18.45,80
2024-04-05 19:40:00,51343,18.4605,18.455,18.47,18.47,18.455,213
2024-04-05 19:41:00,18294,18.4662,18.465,18.47,18.47,18.465,84
2024-04-05 19:42:00,13475,18.4661,18.47,18.465,18.47,18.4601,86
2024-04-05 19:43:00,19643,18.4637,18.465,18.47,18.47,18.46,98
2024-04-05 19:44:00,12025,18.4657,18.465,18.47,18.47,18.4614,101
2024-04-05 19:45:00,71795,18.4624,18.47,18.47,18.47,18.46,189
2024-04-05 19:46:00,11724,18.4682,18.465,18.47,18.47,18.465,134
2024-04-05 19:47:00,19992,18.4677,18.465,18.47,18.47,18.465,180
2024-04-05 19:48:00,84791,18.4742,18.465,18.475,18.48,18.465,390
2024-04-05 19:49:00,151350,18.4709,18.475,18.465,18.4775,18.46,550
2024-04-05 19:50:00,39264,18.47,18.465,18.475,18.48,18.46,231
2024-04-05 19:51:00,92595,18.4724,18.475,18.465,18.48,18.46,479
2024-04-05 19:52:00,13483,18.4655,18.47,18.465,18.47,18.46,130
2024-04-05 19:53:00,25584,18.4646,18.465,18.465,18.47,18.46,152
2024-04-05 19:54:00,84280,18.474,18.465,18.485,18.49,18.46,422
2024-04-05 19:55:00,44587,18.4817,18.485,18.485,18.49,18.48,260
2024-04-05 19:56:00,216425,18.4815,18.485,18.475,18.49,18.475,743
2024-04-05 19:57:00,70575,18.47,18.475,18.465,18.48,18.46,401
2024-04-05 19:58:00,81951,18.4715,18.4686,18.475,18.48,18.4625,366
2024-04-05 19:59:00,172869,18.4678,18.475,18.46,18.4787,18.46,999
2024-04-05 20:00:00,147537,18.46,18.46,18.46,18.46,18.46,38
2024-04-05 20:01:00,63954,18.4656,18.46,18.5,18.5,18.46,33
2024-04-05 20:03:00,9413,18.5158,18.5,18.55,18.55,18.5,28
2024-04-05 20:05:00,6320,18.5584,18.55,18.59,18.59,18.54,6
2024-04-05 20:08:00,18984,18.521,18.55,18.46,18.61,18.46,17
2024-04-05 20:10:00,1857,18.4902,18.49,18.49,18.49,18.49,2
2024-04-05 20:20:00,976,18.46,18.46,18.46,18.46,18.46,1
2024-04-05 20:27:00,510,18.5118,18.51,18.51,18.51,18.51,2
2024-04-05 21:15:00,15000,18.55,18.55,18.55,18.55,18.55,1
2024-04-05 21:16:00,110,18.55,18.55,18.55,18.55,18.55,1
2024-04-05 21:28:00,5200,18.5159,18.52,18.51,18.52,18.51,10
2024-04-05 21:30:00,624,18.4828,18.49,18.49,18.49,18.45,3
2024-04-05 21:31:00,18375,18.5,18.5,18.5,18.5,18.5,2
2024-04-05 21:32:00,2686,18.5099,18.5099,18.51,18.51,18.5099,2
2024-04-05 21:54:00,315,18.619,18.62,18.62,18.62,18.62,2
2024-04-05 22:39:00,1600,18.4533,18.51,18.42,18.51,18.42,6
2024-04-05 23:18:00,300,18.51,18.51,18.51,18.51,18.51,1
2024-04-08 08:21:00,500,18.4465,18.45,18.44,18.45,18.44,7
2024-04-08 08:41:00,500,18.46,18.46,18.46,18.46,18.46,3
2024-04-08 09:16:00,188,18.46,18.46,18.46,18.46,18.46,1
2024-04-08 10:12:00,353,18.46,18.46,18.46,18.46,18.46,1
2024-04-08 11:00:00,791,18.606,18.59,18.54,18.73,18.54,16
2024-04-08 11:58:00,466,18.44,18.44,18.44,18.44,18.44,3
2024-04-08 12:00:00,5764,18.4604,18.46,18.45,18.53,18.45,20
2024-04-08 12:05:00,142,18.43,18.43,18.43,18.43,18.43,1
2024-04-08 12:39:00,578,18.45,18.45,18.45,18.45,18.45,5
2024-04-08 12:58:00,1001,18.4001,18.4,18.4,18.4,18.4,2
2024-04-08 12:59:00,6000,18.445,18.42,18.45,18.45,18.42,2
2024-04-08 13:00:00,736,18.45,18.45,18.45,18.45,18.45,1
2024-04-08 13:01:00,100,18.47,18.47,18.47,18.47,18.47,1
2024-04-08 13:08:00,230,18.46,18.46,18.46,18.46,18.46,1
2024-04-08 13:16:00,333,18.47,18.47,18.47,18.47,18.47,1
2024-04-08 13:18:00,3005,18.5299,18.53,18.53,18.53,18.53,3
2024-04-08 13:25:00,2000,18.52,18.52,18.52,18.52,18.52,1
2024-04-08 13:29:00,400,18.53,18.53,18.53,18.53,18.53,1
2024-04-08 13:30:00,151527,18.4846,18.48,18.51,18.52,18.46,404
2024-04-08 13:31:00,14351,18.4901,18.5,18.495,18.5,18.48,104
2024-04-08 13:32:00,9481,18.4993,18.495,18.495,18.525,18.49,72
2024-04-08 13:33:00,3709,18.503,18.4978,18.515,18.515,18.494,33
2024-04-08 13:34:00,9793,18.5273,18.515,18.535,18.535,18.515,66
2024-04-08 13:35:00,34055,18.5247,18.52,18.52,18.53,18.51,136
2024-04-08 13:36:00,21005,18.5215,18.52,18.525,18.5286,18.51,125
2024-04-08 13:37:00,15728,18.5204,18.525,18.525,18.5299,18.515,97
2024-04-08 13:38:00,23647,18.5471,18.53,18.565,18.57,18.53,160
2024-04-08 13:39:00,21730,18.5888,18.57,18.595,18.6,18.57,136
2024-04-08 13:40:00,36168,18.5811,18.59,18.575,18.595,18.57,298
2024-04-08 13:41:00,17618,18.5806,18.58,18.585,18.59,18.57,126
2024-04-08 13:42:00,7739,18.5744,18.58,18.565,18.58,18.565,86
2024-04-08 13:43:00,14460,18.5551,18.565,18.55,18.57,18.535,138
2024-04-08 13:44:00,12951,18.5496,18.55,18.555,18.555,18.54,103
2024-04-08 13:45:00,18869,18.541,18.555,18.54,18.56,18.53,176
2024-04-08 13:46:00,10092,18.544,18.545,18.545,18.55,18.535,112
2024-04-08 13:47:00,23800,18.5321,18.545,18.52,18.55,18.51,225
2024-04-08 13:48:00,15880,18.5256,18.52,18.535,18.535,18.515,164
2024-04-08 13:49:00,3639,18.5338,18.535,18.535,18.535,18.53,31
2024-04-08 13:50:00,38702,18.5224,18.535,18.54,18.54,18.51,347
2024-04-08 13:51:00,10650,18.541,18.54,18.54,18.55,18.5397,117
2024-04-08 13:52:00,17261,18.5268,18.545,18.5,18.545,18.5,131
2024-04-08 13:53:00,17267,18.5002,18.5,18.5029,18.5099,18.495,120
2024-04-08 13:54:00,57640,18.5107,18.51,18.515,18.52,18.5,319
2024-04-08 13:55:00,49339,18.5099,18.515,18.495,18.52,18.49,288
2024-04-08 13:56:00,37259,18.488,18.495,18.5,18.5,18.48,142
2024-04-08 13:57:00,3382,18.4933,18.495,18.5,18.5,18.49,51
2024-04-08 13:58:00,25934,18.4971,18.495,18.5,18.505,18.49,113
2024-04-08 13:59:00,2056,18.5036,18.505,18.505,18.5053,18.5,54
2024-04-08 14:00:00,22252,18.4999,18.505,18.49,18.5099,18.49,180
2024-04-08 14:01:00,19823,18.4853,18.491,18.47,18.5,18.47,171
2024-04-08 14:02:00,7400,18.4754,18.47,18.4789,18.48,18.47,102
2024-04-08 14:03:00,27452,18.4756,18.4749,18.4525,18.4875,18.45,184
2024-04-08 14:04:00,5663,18.4543,18.4501,18.45,18.46,18.45,73
2024-04-08 14:05:00,17357,18.4507,18.455,18.445,18.455,18.445,106
2024-04-08 14:06:00,20434,18.4397,18.445,18.44,18.445,18.435,104
2024-04-08 14:07:00,95764,18.4418,18.44,18.45,18.46,18.44,192
2024-04-08 14:08:00,10210,18.445,18.44,18.445,18.4499,18.44,57
2024-04-08 14:09:00,19444,18.4364,18.445,18.43,18.445,18.425,149
2024-04-08 14:10:00,33800,18.4423,18.425,18.46,18.465,18.425,183
2024-04-08 14:11:00,7823,18.4666,18.46,18.465,18.47,18.46,70
2024-04-08 14:12:00,27123,18.4651,18.4617,18.47,18.47,18.46,149
2024-04-08 14:13:00,8606,18.47,18.47,18.465,18.475,18.464,80
2024-04-08 14:14:00,19615,18.462,18.46,18.465,18.47,18.46,116
2024-04-08 14:15:00,9072,18.4676,18.465,18.465,18.47,18.46,69
2024-04-08 14:16:00,4011,18.4648,18.465,18.465,18.4675,18.46,52
2024-04-08 14:17:00,8343,18.4655,18.465,18.47,18.47,18.46,70
2024-04-08 14:18:00,52051,18.4706,18.47,18.465,18.48,18.465,235
2024-04-08 14:19:00,16193,18.4713,18.465,18.49,18.49,18.4641,84
2024-04-08 14:20:00,20402,18.493,18.49,18.495,18.5,18.48,104
2024-04-08 14:21:00,2476,18.4946,18.495,18.495,18.495,18.495,56
2024-04-08 14:22:00,4446,18.4961,18.495,18.495,18.5,18.495,53
2024-04-08 14:23:00,5065,18.4941,18.495,18.495,18.5,18.49,71
2024-04-08 14:24:00,8975,18.4943,18.49,18.4962,18.5,18.49,58
2024-04-08 14:25:00,58985,18.4994,18.495,18.4825,18.51,18.4825,276
2024-04-08 14:26:00,9649,18.4837,18.485,18.49,18.49,18.481,60
2024-04-08 14:27:00,15322,18.4916,18.49,18.495,18.5,18.49,89
2024-04-08 14:28:00,15289,18.4923,18.495,18.495,18.495,18.49,110
2024-04-08 14:29:00,152897,18.5001,18.495,18.51,18.51,18.49,180
2024-04-08 14:30:00,45101,18.5027,18.51,18.505,18.51,18.5,208
2024-04-08 14:31:00,8779,18.5033,18.505,18.505,18.5086,18.5,69
2024-04-08 14:32:00,24798,18.5162,18.51,18.525,18.525,18.51,207
2024-04-08 14:33:00,15267,18.5304,18.525,18.535,18.5384,18.5201,116
2024-04-08 14:34:00,3920,18.5343,18.53,18.535,18.5362,18.53,84
2024-04-08 14:35:00,43504,18.5281,18.535,18.53,18.535,18.52,240
2024-04-08 14:36:00,5800,18.5271,18.525,18.525,18.53,18.5201,81
2024-04-08 14:37:00,9048,18.5263,18.525,18.53,18.53,18.525,80
2024-04-08 14:38:00,20279,18.5324,18.525,18.545,18.545,18.525,219
2024-04-08 14:39:00,39900,18.5452,18.545,18.545,18.55,18.54,163
2024-04-08 14:40:00,14631,18.5447,18.5466,18.545,18.55,18.54,89
2024-04-08 14:41:00,166590,18.5628,18.55,18.585,18.585,18.54,563
2024-04-08 14:42:00,35186,18.5766,18.58,18.575,18.585,18.57,136
2024-04-08 14:43:00,20103,18.5747,18.575,18.575,18.58,18.57,111
2024-04-08 14:44:00,44275,18.5742,18.575,18.57,18.58,18.57,214
2024-04-08 14:45:00,39522,18.5644,18.575,18.555,18.575,18.55,251
2024-04-08 14:46:00,17792,18.5553,18.55,18.56,18.56,18.55,144
2024-04-08 14:47:00,55144,18.5612,18.55,18.555,18.5699,18.55,311
2024-04-08 14:48:00,16014,18.5544,18.5565,18.555,18.56,18.55,40
2024-04-08 14:49:00,52636,18.5546,18.5513,18.565,18.57,18.545,284
2024-04-08 14:50:00,42257,18.5771,18.57,18.59,18.59,18.57,144
2024-04-08 14:51:00,45347,18.5925,18.585,18.595,18.6,18.5801,177
2024-04-08 14:52:00,61163,18.5914,18.6,18.59,18.6,18.58,254
2024-04-08 14:53:00,32291,18.5851,18.59,18.585,18.59,18.58,114
2024-04-08 14:54:00,37198,18.5848,18.585,18.585,18.59,18.58,130
2024-04-08 14:55:00,44297,18.5844,18.58,18.585,18.59,18.58,193
2024-04-08 14:56:00,24669,18.5838,18.58,18.585,18.59,18.58,122
2024-04-08 14:57:00,53272,18.5884,18.58,18.585,18.595,18.58,251
2024-04-08 14:58:00,31575,18.5777,18.585,18.58,18.585,18.57,175
2024-04-08 14:59:00,20458,18.5783,18.58,18.585,18.59,18.57,163
2024-04-08 15:00:00,27889,18.5918,18.59,18.595,18.5999,18.58,155
2024-04-08 15:01:00,48658,18.5921,18.595,18.595,18.6,18.585,247
2024-04-08 15:02:00,10583,18.5953,18.5976,18.5925,18.6,18.59,98
2024-04-08 15:03:00,11953,18.5953,18.6,18.6,18.6,18.59,92
2024-04-08 15:04:00,6414,18.5967,18.595,18.6,18.6,18.595,68
2024-04-08 15:05:00,50639,18.6016,18.595,18.595,18.61,18.59,259
2024-04-08 15:06:00,4422,18.5968,18.6,18.595,18.6,18.5914,49
2024-04-08 15:07:00,12697,18.5958,18.595,18.595,18.6,18.59,65
2024-04-08 15:08:00,10161,18.595,18.5975,18.595,18.6,18.59,80
2024-04-08 15:09:00,4146,18.5955,18.6,18.595,18.6,18.59,71
2024-04-08 15:10:00,80993,18.5998,18.595,18.6,18.61,18.59,287
2024-04-08 15:11:00,30870,18.6009,18.595,18.605,18.605,18.5925,119
2024-04-08 15:12:00,7537,18.6045,18.605,18.605,18.61,18.6,66
2024-04-08 15:13:00,27979,18.5993,18.605,18.59,18.605,18.59,142
2024-04-08 15:14:00,5271,18.5943,18.595,18.595,18.595,18.59,48
2024-04-08 15:15:00,6944,18.5947,18.595,18.595,18.595,18.59,71
2024-04-08 15:16:00,6983,18.5941,18.595,18.595,18.5964,18.59,55
2024-04-08 15:17:00,4060,18.595,18.595,18.595,18.6,18.59,55
2024-04-08 15:18:00,4119,18.5951,18.595,18.595,18.6,18.59,68
2024-04-08 15:19:00,31255,18.5993,18.595,18.6023,18.605,18.59,194
2024-04-08 15:20:00,3740,18.6042,18.6,18.6038,18.6051,18.6,59
2024-04-08 15:21:00,25897,18.6094,18.605,18.62,18.62,18.6,179
2024-04-08 15:22:00,12451,18.6148,18.615,18.615,18.62,18.615,76
2024-04-08 15:23:00,9873,18.6143,18.615,18.615,18.62,18.61,70
2024-04-08 15:24:00,71357,18.6101,18.615,18.61,18.615,18.6,274
2024-04-08 15:25:00,10390,18.6068,18.6,18.605,18.61,18.6,67
2024-04-08 15:26:00,11088,18.604,18.605,18.605,18.61,18.6,76
2024-04-08 15:27:00,9972,18.603,18.605,18.6,18.605,18.6,94
2024-04-08 15:28:00,29165,18.604,18.605,18.605,18.61,18.6,107
2024-04-08 15:29:00,4987,18.6041,18.605,18.605,18.605,18.6,46
2024-04-08 15:30:00,6269,18.6039,18.605,18.6,18.605,18.6,66
2024-04-08 15:31:00,8021,18.606,18.6,18.605,18.61,18.6,75
2024-04-08 15:32:00,6768,18.6045,18.605,18.605,18.61,18.6,75
2024-04-08 15:33:00,5414,18.6038,18.605,18.605,18.61,18.6,60
2024-04-08 15:34:00,8455,18.6054,18.605,18.6,18.61,18.6,89
2024-04-08 15:35:00,52439,18.6004,18.605,18.595,18.6099,18.59,339
2024-04-08 15:36:00,6995,18.596,18.595,18.595,18.6,18.595,63
2024-04-08 15:37:00,21524,18.599,18.595,18.6,18.6,18.5901,150
2024-04-08 15:38:00,3781,18.6052,18.605,18.605,18.61,18.605,46
2024-04-08 15:39:00,10774,18.602,18.605,18.6,18.61,18.6,63
2024-04-08 15:40:00,22232,18.6002,18.605,18.59,18.605,18.59,155
2024-04-08 15:41:00,36896,18.5899,18.59,18.585,18.6,18.58,190
2024-04-08 15:42:00,14231,18.5854,18.585,18.585,18.59,18.5801,96
2024-04-08 15:43:00,37961,18.5894,18.585,18.58,18.595,18.58,228
2024-04-08 15:44:00,23964,18.578,18.585,18.58,18.5875,18.57,130
2024-04-08 15:45:00,36090,18.5677,18.575,18.565,18.575,18.56,172
2024-04-08 15:46:00,12937,18.5653,18.565,18.565,18.57,18.56,86
2024-04-08 15:47:00,25568,18.5664,18.57,18.565,18.57,18.56,87
2024-04-08 15:48:00,17662,18.5665,18.565,18.565,18.57,18.56,108
2024-04-08 15:49:00,15818,18.5654,18.565,18.565,18.57,18.56,119
2024-04-08 15:50:00,22345,18.5571,18.565,18.555,18.565,18.55,216
2024-04-08 15:51:00,18657,18.5539,18.55,18.55,18.56,18.55,81
2024-04-08 15:52:00,21897,18.5551,18.555,18.555,18.56,18.55,98
2024-04-08 15:53:00,15988,18.554,18.555,18.555,18.56,18.55,103
2024-04-08 15:54:00,37565,18.5539,18.555,18.555,18.56,18.55,132
2024-04-08 15:55:00,34898,18.5508,18.555,18.55,18.5599,18.55,230
2024-04-08 15:56:00,36913,18.5525,18.555,18.555,18.5599,18.55,140
2024-04-08 15:57:00,32114,18.5546,18.55,18.555,18.56,18.55,139
2024-04-08 15:58:00,10299,18.5548,18.55,18.555,18.56,18.55,76
2024-04-08 15:59:00,12535,18.5541,18.55,18.555,18.5562,18.55,95
2024-04-08 16:00:00,28706,18.5488,18.55,18.545,18.555,18.54,252
2024-04-08 16:01:00,43414,18.5451,18.54,18.545,18.55,18.54,184
2024-04-08 16:02:00,12728,18.5438,18.55,18.545,18.55,18.54,82
2024-04-08 16:03:00,35600,18.55,18.545,18.555,18.555,18.545,201
2024-04-08 16:04:00,4626,18.5545,18.5501,18.555,18.56,18.5501,36
2024-04-08 16:05:00,21250,18.5534,18.55,18.555,18.56,18.55,109
2024-04-08 16:06:00,11134,18.5538,18.555,18.55,18.56,18.55,90
2024-04-08 16:07:00,14927,18.5565,18.555,18.555,18.56,18.555,140
2024-04-08 16:08:00,34794,18.561,18.555,18.56,18.57,18.555,176
2024-04-08 16:09:00,31308,18.5605,18.565,18.555,18.565,18.55,142
2024-04-08 16:10:00,45031,18.5478,18.555,18.545,18.555,18.54,173
2024-04-08 16:11:00,25842,18.546,18.545,18.545,18.55,18.5425,70
2024-04-08 16:12:00,21863,18.5452,18.545,18.54,18.55,18.54,83
2024-04-08 16:13:00,26734,18.546,18.545,18.5412,18.55,18.5412,92
2024-04-08 16:14:00,18754,18.5459,18.545,18.545,18.55,18.54,105
2024-04-08 16:15:00,42766,18.5422,18.55,18.545,18.55,18.54,193
2024-04-08 16:16:00,47175,18.5492,18.545,18.545,18.5575,18.54,225
2024-04-08 16:17:00,8813,18.5451,18.545,18.5488,18.55,18.54,42
2024-04-08 16:18:00,10332,18.546,18.5499,18.545,18.55,18.54,89
2024-04-08 16:19:00,38124,18.5506,18.5457,18.555,18.5575,18.545,179
2024-04-08 16:20:00,11558,18.5523,18.555,18.555,18.5553,18.55,99
2024-04-08 16:21:00,9550,18.5534,18.555,18.555,18.555,18.55,90
2024-04-08 16:22:00,12098,18.556,18.555,18.555,18.56,18.55,88
2024-04-08 16:23:00,8787,18.5557,18.555,18.555,18.56,18.555,75
2024-04-08 16:24:00,24828,18.5513,18.555,18.55,18.555,18.55,189
2024-04-08 16:25:00,9164,18.5567,18.555,18.55,18.56,18.55,66
2024-04-08 16:26:00,8890,18.5519,18.555,18.555,18.555,18.55,82
2024-04-08 16:27:00,8130,18.5519,18.555,18.555,18.556,18.55,75
2024-04-08 16:28:00,4827,18.5535,18.555,18.555,18.556,18.55,36
2024-04-08 16:29:00,11091,18.5522,18.555,18.555,18.555,18.55,78
2024-04-08 16:30:00,17830,18.5561,18.555,18.555,18.56,18.555,137
2024-04-08 16:31:00,9849,18.5544,18.555,18.555,18.56,18.5501,52
2024-04-08 16:32:00,8919,18.5552,18.555,18.555,18.56,18.555,85
2024-04-08 16:33:00,10480,18.5543,18.555,18.555,18.56,18.55,89
2024-04-08 16:34:00,20306,18.551,18.5548,18.555,18.555,18.55,165
2024-04-08 16:35:00,3125,18.5543,18.55,18.555,18.5599,18.55,36
2024-04-08 16:36:00,17429,18.5539,18.555,18.555,18.5574,18.55,75
2024-04-08 16:37:00,68196,18.558,18.555,18.56,18.57,18.55,225
2024-04-08 16:38:00,9289,18.564,18.5662,18.565,18.5662,18.56,65
2024-04-08 16:39:00,35871,18.5603,18.565,18.555,18.57,18.5542,123
2024-04-08 16:40:00,31808,18.5596,18.555,18.565,18.57,18.555,143
2024-04-08 16:41:00,6645,18.5663,18.565,18.565,18.57,18.565,63
2024-04-08 16:42:00,10251,18.5653,18.565,18.5668,18.57,18.565,75
2024-04-08 16:43:00,6073,18.566,18.566,18.565,18.57,18.56,55
2024-04-08 16:44:00,59566,18.5731,18.565,18.575,18.58,18.565,195
2024-04-08 16:45:00,33035,18.569,18.575,18.565,18.575,18.565,172
2024-04-08 16:46:00,9288,18.5655,18.565,18.57,18.57,18.565,64
2024-04-08 16:47:00,6854,18.5652,18.565,18.565,18.565,18.565,66
2024-04-08 16:48:00,10140,18.5651,18.565,18.565,18.57,18.56,79
2024-04-08 16:49:00,9527,18.5659,18.56,18.565,18.57,18.56,79
2024-04-08 16:50:00,11668,18.5628,18.565,18.56,18.565,18.56,112
2024-04-08 16:51:00,4023,18.5617,18.56,18.565,18.5675,18.56,40
2024-04-08 16:52:00,11667,18.5621,18.565,18.562,18.5675,18.56,75
2024-04-08 16:53:00,13426,18.5615,18.565,18.5675,18.57,18.56,86
2024-04-08 16:54:00,8239,18.5641,18.5699,18.5639,18.57,18.56,59
2024-04-08 16:55:00,29246,18.5653,18.5699,18.565,18.57,18.56,141
2024-04-08 16:56:00,51930,18.5722,18.565,18.575,18.58,18.5615,276
2024-04-08 16:57:00,9893,18.5755,18.575,18.58,18.58,18.575,104
2024-04-08 16:58:00,10947,18.5749,18.575,18.575,18.58,18.57,106
2024-04-08 16:59:00,11163,18.5755,18.575,18.58,18.58,18.57,118
2024-04-08 17:00:00,34615,18.5744,18.575,18.58,18.58,18.57,177
2024-04-08 17:01:00,37364,18.5825,18.575,18.585,18.5875,18.575,194
2024-04-08 17:02:00,54919,18.5788,18.585,18.575,18.5875,18.57,161
2024-04-08 17:03:00,9498,18.5752,18.57,18.575,18.58,18.57,66
2024-04-08 17:04:00,11804,18.5761,18.58,18.575,18.58,18.57,78
2024-04-08 17:05:00,24127,18.5728,18.5775,18.575,18.58,18.57,118
2024-04-08 17:06:00,34199,18.5691,18.575,18.565,18.575,18.565,191
2024-04-08 17:07:00,13699,18.5648,18.565,18.565,18.57,18.56,88
2024-04-08 17:08:00,49683,18.5504,18.56,18.545,18.56,18.54,217
2024-04-08 17:09:00,83771,18.5503,18.5475,18.55,18.555,18.545,236
2024-04-08 17:10:00,22309,18.5453,18.555,18.5415,18.555,18.54,84
2024-04-08 17:11:00,9565,18.5459,18.545,18.545,18.55,18.545,80
2024-04-08 17:12:00,4790,18.5468,18.545,18.545,18.55,18.545,47
2024-04-08 17:13:00,6229,18.5454,18.545,18.545,18.55,18.5425,42
2024-04-08 17:14:00,28340,18.5399,18.545,18.535,18.545,18.535,216
2024-04-08 17:15:00,26928,18.5356,18.535,18.535,18.54,18.53,195
2024-04-08 17:16:00,9081,18.536,18.535,18.535,18.54,18.535,95
2024-04-08 17:17:00,10264,18.5337,18.535,18.535,18.535,18.53,47
2024-04-08 17:18:00,30878,18.5368,18.535,18.535,18.54,18.53,137
2024-04-08 17:19:00,13097,18.534,18.54,18.535,18.54,18.53,79
2024-04-08 17:20:00,9262,18.536,18.535,18.535,18.54,18.535,71
2024-04-08 17:21:00,44565,18.539,18.535,18.5438,18.545,18.5325,230
2024-04-08 17:22:00,12143,18.5444,18.545,18.545,18.55,18.54,95
2024-04-08 17:23:00,5994,18.546,18.545,18.545,18.55,18.545,56
2024-04-08 17:24:00,10879,18.5448,18.545,18.545,18.5499,18.54,85
2024-04-08 17:25:00,44381,18.5412,18.545,18.54,18.55,18.54,218
2024-04-08 17:26:00,20670,18.5422,18.545,18.54,18.55,18.54,67
2024-04-08 17:27:00,10152,18.5411,18.545,18.545,18.5475,18.54,72
2024-04-08 17:28:00,23486,18.5429,18.54,18.545,18.55,18.54,85
2024-04-08 17:29:00,49268,18.5493,18.545,18.55,18.56,18.54,217
2024-04-08 17:30:00,26071,18.5456,18.55,18.54,18.555,18.54,148
2024-04-08 17:31:00,13487,18.5433,18.54,18.545,18.545,18.54,40
2024-04-08 17:32:00,19492,18.5433,18.545,18.54,18.5499,18.54,88
2024-04-08 17:33:00,14044,18.5423,18.545,18.54,18.55,18.54,83
2024-04-08 17:34:00,20366,18.543,18.54,18.545,18.55,18.54,108
2024-04-08 17:35:00,9968,18.5429,18.545,18.545,18.545,18.54,103
2024-04-08 17:36:00,6299,18.5461,18.545,18.545,18.55,18.54,64
2024-04-08 17:37:00,13106,18.5448,18.545,18.54,18.55,18.54,97
2024-04-08 17:38:00,19746,18.5387,18.545,18.53,18.545,18.53,184
2024-04-08 17:39:00,11640,18.5344,18.53,18.535,18.535,18.53,63
2024-04-08 17:40:00,16292,18.5362,18.535,18.54,18.54,18.53,122
2024-04-08 17:41:00,3616,18.5352,18.53,18.535,18.54,18.53,43
2024-04-08 17:42:00,5769,18.5345,18.535,18.535,18.535,18.53,72
2024-04-08 17:43:00,6904,18.5341,18.535,18.535,18.535,18.53,61
2024-04-08 17:44:00,2799,18.5348,18.535,18.5325,18.54,18.53,37
2024-04-08 17:45:00,9725,18.5347,18.53,18.534,18.54,18.53,64
2024-04-08 17:46:00,5258,18.5338,18.53,18.535,18.535,18.53,57
2024-04-08 17:47:00,5817,18.5351,18.535,18.535,18.535,18.53,50
2024-04-08 17:48:00,9674,18.5355,18.535,18.535,18.54,18.53,110
2024-04-08 17:49:00,19212,18.5365,18.535,18.535,18.54,18.53,96
2024-04-08 17:50:00,15379,18.5363,18.535,18.535,18.54,18.5313,121
2024-04-08 17:51:00,11752,18.5364,18.535,18.535,18.54,18.53,110
2024-04-08 17:52:00,9530,18.5357,18.535,18.535,18.54,18.535,82
2024-04-08 17:53:00,11522,18.536,18.535,18.54,18.54,18.53,96
2024-04-08 17:54:00,13096,18.5351,18.535,18.535,18.54,18.53,120
2024-04-08 17:55:00,8546,18.5346,18.535,18.535,18.54,18.53,72
2024-04-08 17:56:00,7414,18.5333,18.535,18.535,18.54,18.53,103
2024-04-08 17:57:00,11280,18.5321,18.5375,18.535,18.54,18.53,103
2024-04-08 17:58:00,13312,18.5347,18.535,18.53,18.54,18.53,96
2024-04-08 17:59:00,11666,18.5339,18.54,18.53,18.54,18.53,100
2024-04-08 18:00:00,8892,18.5328,18.535,18.535,18.5387,18.53,89
2024-04-08 18:01:00,8811,18.5344,18.53,18.535,18.54,18.53,72
2024-04-08 18:02:00,20968,18.5303,18.535,18.52,18.54,18.52,146
2024-04-08 18:03:00,10620,18.5222,18.525,18.525,18.525,18.52,77
2024-04-08 18:04:00,9322,18.5222,18.525,18.525,18.53,18.52,79
2024-04-08 18:05:00,11609,18.5239,18.525,18.525,18.53,18.52,106
2024-04-08 18:06:00,10398,18.5242,18.525,18.525,18.53,18.52,69
2024-04-08 18:07:00,10225,18.522,18.525,18.525,18.525,18.52,113
2024-04-08 18:08:00,8148,18.5223,18.525,18.525,18.5279,18.52,88
2024-04-08 18:09:00,12124,18.5254,18.525,18.525,18.53,18.52,84
2024-04-08 18:10:00,19693,18.5278,18.525,18.525,18.53,18.52,83
2024-04-08 18:11:00,9373,18.5227,18.525,18.52,18.53,18.52,80
2024-04-08 18:12:00,16827,18.5165,18.52,18.515,18.52,18.51,142
2024-04-08 18:13:00,10271,18.5127,18.515,18.51,18.52,18.51,76
2024-04-08 18:14:00,11652,18.5128,18.51,18.515,18.5185,18.51,85
2024-04-08 18:15:00,13194,18.5147,18.515,18.51,18.52,18.51,64
2024-04-08 18:16:00,8522,18.5165,18.515,18.52,18.52,18.51,71
2024-04-08 18:17:00,8182,18.5132,18.515,18.515,18.515,18.51,82
2024-04-08 18:18:00,16667,18.5091,18.515,18.51,18.515,18.5,132
2024-04-08 18:19:00,29502,18.4999,18.505,18.49,18.505,18.49,152
2024-04-08 18:20:00,27739,18.4868,18.495,18.48,18.495,18.48,131
2024-04-08 18:21:00,12809,18.4805,18.485,18.485,18.485,18.48,76
2024-04-08 18:22:00,21742,18.4806,18.485,18.475,18.49,18.475,142
2024-04-08 18:23:00,10771,18.4711,18.47,18.475,18.475,18.47,93
2024-04-08 18:24:00,9047,18.4719,18.475,18.475,18.48,18.47,73
2024-04-08 18:25:00,90265,18.4844,18.48,18.485,18.5,18.47,347
2024-04-08 18:26:00,19032,18.4868,18.485,18.485,18.49,18.48,92
2024-04-08 18:27:00,7771,18.4852,18.485,18.485,18.4889,18.485,57
2024-04-08 18:28:00,16930,18.4855,18.49,18.49,18.49,18.485,74
2024-04-08 18:29:00,11877,18.4851,18.485,18.485,18.49,18.48,89
2024-04-08 18:30:00,53407,18.4912,18.49,18.49,18.5,18.485,184
2024-04-08 18:31:00,10612,18.4912,18.495,18.495,18.495,18.49,77
2024-04-08 18:32:00,17697,18.4948,18.495,18.49,18.5,18.49,111
2024-04-08 18:33:00,13824,18.493,18.495,18.495,18.5,18.49,106
2024-04-08 18:34:00,11131,18.493,18.495,18.495,18.5,18.49,89
2024-04-08 18:35:00,10933,18.4928,18.495,18.49,18.495,18.49,96
2024-04-08 18:36:00,19745,18.4888,18.495,18.485,18.5,18.48,129
2024-04-08 18:37:00,14963,18.4858,18.485,18.485,18.49,18.485,97
2024-04-08 18:38:00,7359,18.4857,18.49,18.485,18.49,18.4825,75
2024-04-08 18:39:00,13434,18.4858,18.48,18.485,18.49,18.48,104
2024-04-08 18:40:00,12144,18.4863,18.485,18.49,18.49,18.48,87
2024-04-08 18:41:00,10831,18.4853,18.485,18.49,18.49,18.48,116
2024-04-08 18:42:00,17251,18.4861,18.49,18.485,18.49,18.48,128
2024-04-08 18:43:00,13357,18.4856,18.485,18.49,18.49,18.48,102
2024-04-08 18:44:00,34912,18.4792,18.4875,18.48,18.49,18.475,200
2024-04-08 18:45:00,25387,18.4802,18.475,18.485,18.49,18.475,136
2024-04-08 18:46:00,10290,18.4828,18.485,18.485,18.49,18.48,83
2024-04-08 18:47:00,14507,18.4841,18.485,18.485,18.49,18.48,122
2024-04-08 18:48:00,9965,18.4829,18.48,18.485,18.49,18.48,69
2024-04-08 18:49:00,11113,18.4841,18.4875,18.4848,18.49,18.48,85
2024-04-08 18:50:00,8826,18.4817,18.485,18.485,18.49,18.48,92
2024-04-08 18:51:00,17815,18.4809,18.48,18.485,18.485,18.48,128
2024-04-08 18:52:00,16251,18.484,18.485,18.48,18.4899,18.48,97
2024-04-08 18:53:00,31864,18.4765,18.48,18.475,18.48,18.47,172
2024-04-08 18:54:00,41224,18.4801,18.48,18.485,18.49,18.475,170
2024-04-08 18:55:00,17831,18.478,18.48,18.475,18.485,18.47,103
2024-04-08 18:56:00,12753,18.4717,18.475,18.47,18.475,18.47,84
2024-04-08 18:57:00,15312,18.4686,18.475,18.465,18.475,18.46,111
2024-04-08 18:58:00,12516,18.4633,18.46,18.46,18.4699,18.46,67
2024-04-08 18:59:00,12549,18.4622,18.465,18.465,18.465,18.46,127
2024-04-08 19:00:00,80052,18.4757,18.465,18.485,18.49,18.46,317
2024-04-08 19:01:00,12665,18.4824,18.48,18.485,18.4861,18.48,97
2024-04-08 19:02:00,18580,18.4837,18.485,18.485,18.49,18.48,114
2024-04-08 19:03:00,16106,18.4841,18.485,18.485,18.49,18.48,91
2024-04-08 19:04:00,12168,18.4836,18.485,18.485,18.49,18.48,67
2024-04-08 19:05:00,18172,18.4814,18.48,18.48,18.485,18.48,144
2024-04-08 19:06:00,8266,18.4809,18.485,18.485,18.485,18.48,85
2024-04-08 19:07:00,11695,18.4817,18.485,18.485,18.4875,18.48,95
2024-04-08 19:08:00,20677,18.4861,18.49,18.4838,18.49,18.48,126
2024-04-08 19:09:00,9968,18.4848,18.485,18.48,18.49,18.48,85
2024-04-08 19:10:00,13258,18.4838,18.485,18.49,18.49,18.48,70
2024-04-08 19:11:00,12214,18.484,18.485,18.48,18.49,18.48,87
2024-04-08 19:12:00,23364,18.4796,18.485,18.475,18.49,18.4701,168
2024-04-08 19:13:00,11419,18.4751,18.475,18.475,18.48,18.47,70
2024-04-08 19:14:00,20821,18.4731,18.475,18.475,18.48,18.47,114
2024-04-08 19:15:00,9640,18.4714,18.47,18.47,18.475,18.47,70
2024-04-08 19:16:00,10733,18.4724,18.4775,18.475,18.48,18.47,56
2024-04-08 19:17:00,15751,18.4747,18.475,18.47,18.48,18.47,63
2024-04-08 19:18:00,21038,18.4763,18.475,18.475,18.48,18.47,161
2024-04-08 19:19:00,24382,18.477,18.48,18.475,18.48,18.475,132
2024-04-08 19:20:00,90969,18.4895,18.475,18.485,18.5,18.475,368
2024-04-08 19:21:00,12104,18.4852,18.485,18.485,18.49,18.48,71
2024-04-08 19:22:00,24794,18.4856,18.485,18.49,18.49,18.48,82
2024-04-08 19:23:00,10082,18.4819,18.485,18.48,18.49,18.48,69
2024-04-08 19:24:00,13290,18.4837,18.485,18.485,18.49,18.48,69
2024-04-08 19:25:00,29354,18.4892,18.485,18.495,18.5,18.48,147
2024-04-08 19:26:00,7596,18.4951,18.495,18.495,18.5,18.495,63
2024-04-08 19:27:00,35140,18.4902,18.495,18.49,18.5,18.485,220
2024-04-08 19:28:00,15090,18.4853,18.485,18.485,18.49,18.48,101
2024-04-08 19:29:00,12026,18.4835,18.49,18.485,18.49,18.48,56
2024-04-08 19:30:00,13776,18.483,18.48,18.485,18.4866,18.48,84
2024-04-08 19:31:00,20446,18.4859,18.485,18.485,18.49,18.4801,111
2024-04-08 19:32:00,22897,18.4865,18.485,18.49,18.49,18.48,128
2024-04-08 19:33:00,24298,18.4858,18.485,18.485,18.49,18.48,128
2024-04-08 19:34:00,16590,18.4853,18.485,18.49,18.49,18.48,113
2024-04-08 19:35:00,32033,18.4776,18.49,18.47,18.49,18.47,210
2024-04-08 19:36:00,24166,18.4661,18.47,18.465,18.47,18.46,118
2024-04-08 19:37:00,13517,18.4622,18.46,18.465,18.465,18.46,83
2024-04-08 19:38:00,28604,18.4626,18.46,18.46,18.47,18.46,72
2024-04-08 19:39:00,16625,18.4613,18.46,18.465,18.47,18.46,88
2024-04-08 19:40:00,20791,18.4609,18.465,18.46,18.465,18.46,113
2024-04-08 19:41:00,30943,18.4557,18.465,18.45,18.465,18.45,195
2024-04-08 19:42:00,42495,18.4424,18.45,18.435,18.455,18.43,206
2024-04-08 19:43:00,44434,18.4253,18.43,18.425,18.44,18.42,197
2024-04-08 19:44:00,56503,18.4193,18.42,18.415,18.426,18.41,262
2024-04-08 19:45:00,31884,18.4147,18.415,18.415,18.415,18.41,198
2024-04-08 19:46:00,94828,18.4214,18.415,18.425,18.43,18.41,411
2024-04-08 19:47:00,51546,18.4201,18.425,18.415,18.43,18.41,317
2024-04-08 19:48:00,38279,18.4136,18.415,18.415,18.42,18.41,215
2024-04-08 19:49:00,73726,18.4115,18.415,18.415,18.42,18.41,273
2024-04-08 19:50:00,109308,18.4026,18.415,18.395,18.415,18.39,392
2024-04-08 19:51:00,178605,18.3977,18.395,18.385,18.41,18.38,743
2024-04-08 19:52:00,133940,18.3816,18.385,18.385,18.39,18.37,448
2024-04-08 19:53:00,69048,18.3854,18.385,18.385,18.39,18.38,371
2024-04-08 19:54:00,149085,18.3864,18.385,18.38,18.4,18.38,553
2024-04-08 19:55:00,201784,18.3729,18.38,18.36,18.39,18.36,713
2024-04-08 19:56:00,166995,18.3703,18.365,18.36,18.38,18.36,572
2024-04-08 19:57:00,109108,18.3614,18.36,18.36,18.37,18.36,348
2024-04-08 19:58:00,199380,18.3626,18.36,18.365,18.37,18.36,719
2024-04-08 19:59:00,509569,18.3608,18.37,18.36,18.3799,18.35,1338
2024-04-08 20:00:00,83960,18.36,18.36,18.36,18.36,18.36,23
2024-04-08 20:35:00,200,18.34,18.34,18.34,18.34,18.34,1
