t,v,vw,o,c,h,l,n
2023-10-09 08:00:00,632,16.45,16.45,16.45,16.45,16.45,2
2023-10-09 08:19:00,100,16.15,16.15,16.15,16.15,16.15,1
2023-10-09 08:21:00,100,16.2,16.2,16.2,16.2,16.2,1
2023-10-09 08:58:00,406,16.569,16.59,16.6,16.6,16.59,6
2023-10-09 10:50:00,1190,16.6984,16.7,16.7,16.7,16.69,5
2023-10-09 10:56:00,100,16.69,16.69,16.69,16.69,16.69,1
2023-10-09 11:00:00,121,16.6984,16.7,16.7,16.7,16.7,3
2023-10-09 11:05:00,120,16.665,16.66,16.66,16.66,16.66,2
2023-10-09 11:14:00,900,16.66,16.66,16.66,16.66,16.66,4
2023-10-09 11:38:00,200,16.7,16.7,16.7,16.7,16.7,3
2023-10-09 11:43:00,100,16.65,16.65,16.65,16.65,16.65,1
2023-10-09 11:55:00,238,16.6476,16.65,16.65,16.65,16.65,4
2023-10-09 11:59:00,2742,16.6456,16.65,16.61,16.65,16.61,5
2023-10-09 12:00:00,168,16.6802,16.71,16.71,16.71,16.71,4
2023-10-09 12:03:00,498,16.7696,16.78,16.75,16.79,16.75,3
2023-10-09 12:09:00,900,16.5722,16.55,16.6,16.6,16.55,3
2023-10-09 12:10:00,3129,16.6021,16.6,16.61,16.61,16.6,10
2023-10-09 12:11:00,150,16.5209,16.5209,16.5209,16.5209,16.5209,1
2023-10-09 12:13:00,883,16.5886,16.61,16.55,16.61,16.55,6
2023-10-09 12:14:00,782,16.61,16.61,16.61,16.61,16.61,4
2023-10-09 12:15:00,400,16.61,16.61,16.61,16.61,16.61,4
2023-10-09 12:16:00,903,16.61,16.61,16.61,16.61,16.61,4
2023-10-09 12:18:00,200,16.61,16.61,16.61,16.61,16.61,2
2023-10-09 12:22:00,300,16.61,16.61,16.61,16.61,16.61,3
2023-10-09 12:24:00,498,16.61,16.61,16.61,16.61,16.61,4
2023-10-09 12:26:00,300,16.5,16.5,16.5,16.5,16.5,1
2023-10-09 12:28:00,317,16.61,16.61,16.61,16.61,16.61,3
2023-10-09 12:30:00,2092,16.5059,16.53,16.5,16.53,16.5,14
2023-10-09 12:31:00,400,16.5,16.5,16.5,16.5,16.5,1
2023-10-09 12:35:00,300,16.5,16.5,16.5,16.5,16.5,1
2023-10-09 12:41:00,200,16.49,16.49,16.49,16.49,16.49,1
2023-10-09 12:46:00,1364,16.4595,16.47,16.45,16.47,16.45,7
2023-10-09 12:47:00,4634,16.45,16.45,16.45,16.45,16.45,13
2023-10-09 12:51:00,1000,16.45,16.45,16.45,16.45,16.45,1
2023-10-09 12:52:00,5300,16.4274,16.45,16.45,16.45,16.41,6
2023-10-09 12:53:00,2874,16.45,16.45,16.45,16.45,16.45,5
2023-10-09 12:54:00,1341,16.45,16.45,16.45,16.45,16.45,4
2023-10-09 12:55:00,3500,16.4453,16.45,16.41,16.45,16.41,7
2023-10-09 12:56:00,500,16.412,16.42,16.41,16.42,16.41,4
2023-10-09 13:00:00,4720,16.4465,16.44,16.45,16.45,16.43,33
2023-10-09 13:01:00,4058,16.45,16.45,16.45,16.45,16.45,19
2023-10-09 13:02:00,4700,16.4499,16.45,16.45,16.45,16.45,18
2023-10-09 13:03:00,500,16.45,16.45,16.45,16.45,16.45,1
2023-10-09 13:04:00,1000,16.4105,16.42,16.41,16.42,16.41,6
2023-10-09 13:10:00,250,16.41,16.41,16.41,16.41,16.41,2
2023-10-09 13:11:00,400,16.41,16.41,16.41,16.41,16.41,5
2023-10-09 13:12:00,4030,16.91,16.91,16.91,16.91,16.91,1
2023-10-09 13:17:00,100,16.45,16.45,16.45,16.45,16.45,1
2023-10-09 13:20:00,200,16.4375,16.44,16.44,16.44,16.44,2
2023-10-09 13:21:00,981,16.4469,16.45,16.45,16.45,16.45,13
2023-10-09 13:24:00,516,16.4451,16.44,16.45,16.45,16.44,5
2023-10-09 13:25:00,1033,16.45,16.45,16.45,16.45,16.45,1
2023-10-09 13:26:00,750,16.45,16.45,16.45,16.45,16.45,7
2023-10-09 13:28:00,100,16.38,16.38,16.38,16.38,16.38,1
2023-10-09 13:29:00,7068,16.2682,16.36,16.08,16.36,16.08,74
2023-10-09 13:30:00,166417,16.1864,16.17,16.26,16.278,16.17,300
2023-10-09 13:31:00,60258,16.2699,16.2435,16.27,16.3,16.23,293
2023-10-09 13:32:00,25758,16.2156,16.26,16.215,16.29,16.17,256
2023-10-09 13:33:00,45870,16.1991,16.23,16.14,16.25,16.13,468
2023-10-09 13:34:00,14012,16.1646,16.15,16.16,16.185,16.15,126
2023-10-09 13:35:00,53942,16.0809,16.16,16.05,16.16,16.05,290
2023-10-09 13:36:00,150333,16.0477,16.05,16.11,16.11,16.02,402
2023-10-09 13:37:00,42662,16.0838,16.0968,16.07,16.11,16.07,162
2023-10-09 13:38:00,29014,16.1007,16.08,16.17,16.185,16.07,160
2023-10-09 13:39:00,29911,16.1886,16.17,16.175,16.2,16.17,251
2023-10-09 13:40:00,75268,16.2068,16.18,16.2,16.24,16.18,421
2023-10-09 13:41:00,36475,16.2425,16.1999,16.23,16.29,16.1999,277
2023-10-09 13:42:00,19859,16.3113,16.23,16.33,16.35,16.23,272
2023-10-09 13:43:00,19798,16.3107,16.32,16.31,16.325,16.285,474
2023-10-09 13:44:00,41168,16.3614,16.335,16.365,16.3899,16.33,309
2023-10-09 13:45:00,17323,16.3836,16.365,16.36,16.4,16.35,145
2023-10-09 13:46:00,18249,16.3941,16.35,16.41,16.42,16.35,111
2023-10-09 13:47:00,13854,16.4104,16.41,16.41,16.42,16.4,98
2023-10-09 13:48:00,11721,16.4221,16.41,16.45,16.45,16.405,118
2023-10-09 13:49:00,21122,16.4625,16.4592,16.4408,16.49,16.44,177
2023-10-09 13:50:00,29297,16.4597,16.445,16.45,16.48,16.44,300
2023-10-09 13:51:00,9203,16.4059,16.45,16.38,16.45,16.37,122
2023-10-09 13:52:00,40142,16.3712,16.375,16.37,16.38,16.36,451
2023-10-09 13:53:00,23938,16.3646,16.37,16.39,16.39,16.355,311
2023-10-09 13:54:00,21361,16.3943,16.39,16.375,16.4,16.375,166
2023-10-09 13:55:00,15082,16.3581,16.375,16.35,16.375,16.34,107
2023-10-09 13:56:00,31768,16.3905,16.365,16.4,16.41,16.36,236
2023-10-09 13:57:00,6821,16.4245,16.4,16.46,16.46,16.4,69
2023-10-09 13:58:00,16657,16.474,16.46,16.5,16.51,16.44,136
2023-10-09 13:59:00,20984,16.4981,16.49,16.4945,16.51,16.49,180
2023-10-09 14:00:00,24257,16.4978,16.495,16.465,16.51,16.46,194
2023-10-09 14:01:00,5376,16.4466,16.46,16.44,16.46,16.43,65
2023-10-09 14:02:00,8077,16.421,16.44,16.4027,16.44,16.4027,97
2023-10-09 14:03:00,16217,16.378,16.4,16.355,16.4,16.355,163
2023-10-09 14:04:00,7612,16.3679,16.355,16.355,16.37,16.355,87
2023-10-09 14:05:00,23667,16.3684,16.36,16.365,16.38,16.355,212
2023-10-09 14:06:00,22942,16.3787,16.365,16.395,16.4,16.365,205
2023-10-09 14:07:00,25204,16.4343,16.395,16.455,16.47,16.395,241
2023-10-09 14:08:00,17874,16.4886,16.455,16.51,16.52,16.45,119
2023-10-09 14:09:00,68343,16.5376,16.515,16.57,16.5799,16.515,144
2023-10-09 14:10:00,159139,16.6496,16.58,16.7,16.715,16.575,688
2023-10-09 14:11:00,34279,16.6859,16.7,16.64,16.72,16.64,236
2023-10-09 14:12:00,17088,16.6701,16.645,16.675,16.685,16.645,129
2023-10-09 14:13:00,14459,16.6749,16.67,16.68,16.69,16.66,133
2023-10-09 14:14:00,15280,16.6867,16.68,16.685,16.69,16.675,87
2023-10-09 14:15:00,17599,16.6849,16.69,16.72,16.72,16.67,139
2023-10-09 14:16:00,7246,16.6909,16.715,16.67,16.72,16.67,84
2023-10-09 14:17:00,67007,16.6852,16.68,16.69,16.69,16.67,80
2023-10-09 14:18:00,6876,16.6818,16.69,16.69,16.69,16.675,57
2023-10-09 14:19:00,15040,16.7098,16.69,16.71,16.74,16.69,90
2023-10-09 14:20:00,16228,16.7045,16.7,16.73,16.73,16.69,102
2023-10-09 14:21:00,17079,16.7038,16.72,16.725,16.725,16.68,106
2023-10-09 14:22:00,5863,16.7343,16.72,16.755,16.76,16.7101,59
2023-10-09 14:23:00,32758,16.8082,16.77,16.805,16.84,16.76,217
2023-10-09 14:24:00,6608,16.7764,16.8,16.755,16.8,16.755,59
2023-10-09 14:25:00,26224,16.7648,16.76,16.785,16.785,16.75,114
2023-10-09 14:26:00,96427,16.798,16.79,16.7988,16.815,16.78,132
2023-10-09 14:27:00,10493,16.7929,16.8,16.775,16.82,16.765,89
2023-10-09 14:28:00,9093,16.7831,16.77,16.78,16.795,16.765,80
2023-10-09 14:29:00,10937,16.7749,16.795,16.765,16.8,16.7616,61
2023-10-09 14:30:00,21553,16.731,16.765,16.685,16.765,16.68,161
2023-10-09 14:31:00,9652,16.6922,16.68,16.69,16.71,16.68,86
2023-10-09 14:32:00,4207,16.6964,16.685,16.695,16.705,16.685,49
2023-10-09 14:33:00,6442,16.6975,16.695,16.695,16.705,16.69,72
2023-10-09 14:34:00,6886,16.6822,16.7,16.66,16.705,16.66,84
2023-10-09 14:35:00,3364,16.6499,16.65,16.64,16.655,16.64,47
2023-10-09 14:36:00,7422,16.6484,16.65,16.65,16.655,16.64,83
2023-10-09 14:37:00,5452,16.6647,16.645,16.635,16.645,16.635,55
2023-10-09 14:38:00,8952,16.6038,16.63,16.605,16.63,16.59,68
2023-10-09 14:39:00,46569,16.6485,16.605,16.67,16.675,16.605,242
2023-10-09 14:40:00,15177,16.6547,16.67,16.62,16.675,16.62,88
2023-10-09 14:41:00,4254,16.6225,16.63,16.62,16.63,16.62,36
2023-10-09 14:42:00,4772,16.6179,16.62,16.61,16.62,16.61,49
2023-10-09 14:43:00,5885,16.6118,16.61,16.62,16.62,16.605,43
2023-10-09 14:44:00,3106,16.6235,16.6272,16.625,16.63,16.62,27
2023-10-09 14:45:00,5499,16.6256,16.625,16.605,16.635,16.605,75
2023-10-09 14:46:00,2519,16.616,16.605,16.62,16.63,16.605,39
2023-10-09 14:47:00,4547,16.6202,16.615,16.62,16.63,16.615,46
2023-10-09 14:48:00,10083,16.6412,16.62,16.62,16.65,16.61,101
2023-10-09 14:49:00,7639,16.6079,16.61,16.6,16.62,16.595,69
2023-10-09 14:50:00,12758,16.6162,16.5988,16.615,16.6209,16.5988,58
2023-10-09 14:51:00,10906,16.6036,16.615,16.59,16.62,16.59,68
2023-10-09 14:52:00,11709,16.5882,16.59,16.585,16.6,16.58,130
2023-10-09 14:53:00,13903,16.5729,16.585,16.575,16.585,16.56,122
2023-10-09 14:54:00,4842,16.571,16.58,16.565,16.58,16.565,36
2023-10-09 14:55:00,10404,16.5678,16.565,16.565,16.58,16.56,96
2023-10-09 14:56:00,8035,16.5716,16.565,16.565,16.58,16.565,48
2023-10-09 14:57:00,8468,16.5759,16.56,16.59,16.59,16.56,108
2023-10-09 14:58:00,11232,16.5983,16.59,16.59,16.61,16.585,119
2023-10-09 14:59:00,10345,16.5887,16.595,16.59,16.595,16.58,85
2023-10-09 15:00:00,1491,16.5741,16.58,16.57,16.58,16.57,35
2023-10-09 15:01:00,7538,16.5742,16.565,16.585,16.585,16.565,90
2023-10-09 15:02:00,921,16.583,16.585,16.58,16.585,16.58,17
2023-10-09 15:03:00,6329,16.5809,16.58,16.585,16.59,16.575,81
2023-10-09 15:04:00,3207,16.5848,16.59,16.58,16.59,16.58,28
2023-10-09 15:05:00,6109,16.5532,16.57,16.54,16.57,16.54,49
2023-10-09 15:06:00,4487,16.5375,16.5482,16.53,16.5482,16.53,41
2023-10-09 15:07:00,9511,16.5125,16.53,16.51,16.53,16.5,98
2023-10-09 15:08:00,6099,16.5052,16.51,16.485,16.51,16.485,78
2023-10-09 15:09:00,4056,16.4968,16.485,16.49,16.4901,16.485,63
2023-10-09 15:10:00,5527,16.4864,16.49,16.485,16.49,16.485,35
2023-10-09 15:11:00,5724,16.4812,16.485,16.475,16.485,16.47,38
2023-10-09 15:12:00,3257,16.4772,16.475,16.4837,16.4837,16.47,61
2023-10-09 15:13:00,3885,16.495,16.485,16.505,16.505,16.485,62
2023-10-09 15:14:00,3019,16.4971,16.5,16.49,16.5,16.49,38
2023-10-09 15:15:00,9528,16.4901,16.49,16.495,16.5,16.48,118
2023-10-09 15:16:00,1083,16.4899,16.495,16.48,16.495,16.48,30
2023-10-09 15:17:00,2813,16.4881,16.485,16.4825,16.495,16.4825,64
2023-10-09 15:18:00,3244,16.4955,16.49,16.5,16.505,16.49,52
2023-10-09 15:19:00,7551,16.5361,16.51,16.535,16.55,16.51,88
2023-10-09 15:20:00,7569,16.5377,16.535,16.54,16.55,16.5301,38
2023-10-09 15:21:00,3485,16.5294,16.535,16.525,16.54,16.52,38
2023-10-09 15:22:00,4726,16.5297,16.53,16.54,16.54,16.525,71
2023-10-09 15:23:00,3063,16.5354,16.535,16.55,16.55,16.53,60
2023-10-09 15:24:00,4282,16.5413,16.545,16.53,16.55,16.53,46
2023-10-09 15:25:00,2925,16.537,16.54,16.54,16.54,16.535,42
2023-10-09 15:26:00,547,16.5327,16.53,16.53,16.53,16.53,24
2023-10-09 15:27:00,3660,16.5425,16.54,16.54,16.55,16.54,62
2023-10-09 15:28:00,8105,16.543,16.54,16.555,16.555,16.535,110
2023-10-09 15:29:00,4249,16.56,16.56,16.555,16.565,16.555,41
2023-10-09 15:30:00,3240,16.5665,16.555,16.575,16.575,16.555,56
2023-10-09 15:31:00,10716,16.5699,16.572,16.57,16.575,16.565,67
2023-10-09 15:32:00,4610,16.5703,16.57,16.575,16.575,16.57,56
2023-10-09 15:33:00,2398,16.5827,16.58,16.59,16.59,16.578,54
2023-10-09 15:34:00,3707,16.6099,16.595,16.61,16.62,16.595,40
2023-10-09 15:35:00,6392,16.6073,16.6,16.61,16.61,16.6,54
2023-10-09 15:36:00,7304,16.6002,16.605,16.61,16.61,16.595,66
2023-10-09 15:37:00,7619,16.6253,16.605,16.65,16.65,16.605,69
2023-10-09 15:38:00,6015,16.6423,16.6401,16.635,16.65,16.63,91
2023-10-09 15:39:00,6490,16.6284,16.635,16.63,16.635,16.62,58
2023-10-09 15:40:00,1357,16.6293,16.6299,16.635,16.635,16.625,17
2023-10-09 15:41:00,4630,16.6261,16.635,16.615,16.635,16.61,42
2023-10-09 15:42:00,5102,16.6031,16.61,16.605,16.61,16.6,65
2023-10-09 15:43:00,5610,16.6076,16.61,16.615,16.615,16.6,36
2023-10-09 15:44:00,3415,16.6215,16.62,16.62,16.625,16.62,35
2023-10-09 15:45:00,9176,16.6121,16.62,16.6123,16.62,16.6057,57
2023-10-09 15:46:00,5540,16.6082,16.62,16.595,16.62,16.595,53
2023-10-09 15:47:00,6606,16.606,16.5908,16.615,16.615,16.5908,35
2023-10-09 15:48:00,18975,16.6333,16.615,16.6401,16.655,16.6101,108
2023-10-09 15:49:00,5958,16.647,16.65,16.645,16.65,16.6411,46
2023-10-09 15:50:00,10230,16.6578,16.645,16.675,16.68,16.645,73
2023-10-09 15:51:00,20310,16.6821,16.675,16.685,16.69,16.675,70
2023-10-09 15:52:00,5360,16.6894,16.69,16.695,16.7,16.68,62
2023-10-09 15:53:00,1918,16.6942,16.69,16.695,16.7,16.69,34
2023-10-09 15:54:00,4723,16.6892,16.69,16.69,16.69,16.68,35
2023-10-09 15:55:00,1627,16.6736,16.695,16.695,16.695,16.695,11
2023-10-09 15:56:00,7908,16.6896,16.6925,16.685,16.6925,16.68,51
2023-10-09 15:57:00,4818,16.6902,16.68,16.7,16.7,16.68,67
2023-10-09 15:58:00,3472,16.7067,16.7,16.72,16.72,16.7,46
2023-10-09 15:59:00,840,16.7245,16.72,16.735,16.735,16.72,24
2023-10-09 16:00:00,10492,16.7533,16.74,16.75,16.76,16.74,86
2023-10-09 16:01:00,1334,16.7556,16.755,16.755,16.76,16.755,19
2023-10-09 16:02:00,2872,16.7437,16.75,16.74,16.75,16.74,53
2023-10-09 16:03:00,1483,16.7436,16.745,16.74,16.75,16.74,33
2023-10-09 16:04:00,2330,16.7421,16.74,16.74,16.75,16.735,31
2023-10-09 16:05:00,1418,16.754,16.745,16.765,16.765,16.745,37
2023-10-09 16:06:00,808,16.7649,16.765,16.765,16.765,16.76,26
2023-10-09 16:07:00,4587,16.7754,16.765,16.775,16.785,16.765,68
2023-10-09 16:08:00,2300,16.7691,16.78,16.76,16.78,16.76,50
2023-10-09 16:09:00,3296,16.769,16.77,16.775,16.775,16.765,56
2023-10-09 16:10:00,3087,16.7899,16.77,16.7999,16.7999,16.77,46
2023-10-09 16:11:00,1368,16.794,16.795,16.79,16.795,16.79,11
2023-10-09 16:12:00,16508,16.8076,16.79,16.805,16.82,16.79,118
2023-10-09 16:13:00,2330,16.8067,16.805,16.81,16.81,16.805,43
2023-10-09 16:14:00,1798,16.8211,16.82,16.82,16.825,16.82,40
2023-10-09 16:15:00,20292,16.7949,16.815,16.7836,16.815,16.78,168
2023-10-09 16:16:00,3371,16.7887,16.78,16.795,16.795,16.78,64
2023-10-09 16:17:00,4264,16.8054,16.8,16.81,16.81,16.8,49
2023-10-09 16:18:00,2491,16.8115,16.81,16.825,16.825,16.81,49
2023-10-09 16:19:00,7906,16.8285,16.83,16.83,16.83,16.82,95
2023-10-09 16:20:00,2337,16.8256,16.83,16.83,16.83,16.82,50
2023-10-09 16:21:00,9905,16.8369,16.825,16.85,16.85,16.825,97
2023-10-09 16:22:00,5996,16.8507,16.855,16.8504,16.855,16.845,81
2023-10-09 16:23:00,7644,16.8416,16.85,16.84,16.85,16.8399,82
2023-10-09 16:24:00,20411,16.858,16.845,16.86,16.86,16.84,115
2023-10-09 16:25:00,3886,16.8468,16.8519,16.8408,16.8519,16.8408,59
2023-10-09 16:26:00,758,16.8473,16.845,16.845,16.845,16.845,26
2023-10-09 16:27:00,6270,16.8389,16.84,16.84,16.8401,16.835,73
2023-10-09 16:28:00,6674,16.8198,16.83,16.805,16.83,16.805,98
2023-10-09 16:29:00,1762,16.8176,16.81,16.81,16.81,16.81,41
2023-10-09 16:30:00,978,16.8116,16.81,16.81,16.8117,16.81,34
2023-10-09 16:32:00,7902,16.7987,16.815,16.79,16.82,16.79,95
2023-10-09 16:33:00,429,16.7895,16.79,16.79,16.79,16.79,23
2023-10-09 16:34:00,906,16.7858,16.78,16.785,16.79,16.78,32
2023-10-09 16:35:00,3447,16.7848,16.79,16.79,16.79,16.78,50
2023-10-09 16:36:00,2049,16.7892,16.7909,16.79,16.795,16.78,34
2023-10-09 16:37:00,8634,16.7882,16.785,16.78,16.79,16.78,38
2023-10-09 16:38:00,1141,16.7878,16.785,16.79,16.79,16.785,20
2023-10-09 16:39:00,2693,16.7887,16.79,16.79,16.79,16.785,58
2023-10-09 16:40:00,1400,16.7903,16.79,16.795,16.795,16.79,36
2023-10-09 16:41:00,109,16.7907,16.79,16.79,16.79,16.79,3
2023-10-09 16:42:00,1286,16.793,16.79,16.8,16.8,16.79,46
2023-10-09 16:43:00,409,16.7974,16.8,16.8,16.8,16.8,22
2023-10-09 16:44:00,4744,16.7888,16.794,16.77,16.794,16.77,52
2023-10-09 16:45:00,680,16.7728,16.775,16.77,16.775,16.77,31
2023-10-09 16:46:00,2542,16.7836,16.775,16.79,16.79,16.775,55
2023-10-09 16:47:00,25276,16.7694,16.78,16.775,16.79,16.75,221
2023-10-09 16:48:00,483,16.7748,16.78,16.77,16.78,16.77,14
2023-10-09 16:49:00,1257,16.7792,16.775,16.78,16.78,16.775,33
2023-10-09 16:50:00,1818,16.7788,16.78,16.775,16.78,16.77,28
2023-10-09 16:51:00,14201,16.7758,16.78,16.76,16.788,16.755,159
2023-10-09 16:52:00,926,16.7681,16.7612,16.76,16.7612,16.76,27
2023-10-09 16:53:00,3528,16.7599,16.76,16.76,16.7612,16.75,76
2023-10-09 16:54:00,1022,16.7632,16.7609,16.765,16.765,16.7609,31
2023-10-09 16:55:00,2194,16.77,16.77,16.77,16.77,16.77,61
2023-10-09 16:56:00,437,16.7638,16.765,16.765,16.765,16.765,20
2023-10-09 16:57:00,1296,16.7616,16.76,16.76,16.76,16.76,36
2023-10-09 16:58:00,8011,16.7332,16.75,16.735,16.75,16.73,113
2023-10-09 16:59:00,2691,16.7439,16.73,16.755,16.755,16.73,56
2023-10-09 17:00:00,9266,16.7461,16.755,16.74,16.755,16.74,86
2023-10-09 17:01:00,4852,16.739,16.745,16.74,16.745,16.73,69
2023-10-09 17:02:00,2274,16.7329,16.735,16.73,16.735,16.73,47
2023-10-09 17:03:00,2628,16.7328,16.73,16.74,16.74,16.725,44
2023-10-09 17:04:00,1439,16.7498,16.75,16.75,16.75,16.75,28
2023-10-09 17:05:00,308,16.7448,16.75,16.75,16.75,16.75,18
2023-10-09 17:06:00,3288,16.75,16.745,16.755,16.755,16.745,64
2023-10-09 17:07:00,2426,16.7489,16.755,16.75,16.755,16.745,58
2023-10-09 17:08:00,442,16.7549,16.755,16.755,16.755,16.755,24
2023-10-09 17:09:00,4921,16.7581,16.755,16.765,16.765,16.755,76
2023-10-09 17:10:00,3231,16.7542,16.765,16.745,16.765,16.745,60
2023-10-09 17:11:00,1231,16.7446,16.745,16.745,16.745,16.74,21
2023-10-09 17:12:00,3786,16.749,16.745,16.75,16.75,16.745,58
2023-10-09 17:13:00,3081,16.7517,16.75,16.755,16.755,16.75,48
2023-10-09 17:15:00,5872,16.7586,16.75,16.765,16.765,16.75,72
2023-10-09 17:16:00,9214,16.7599,16.76,16.75,16.765,16.75,92
2023-10-09 17:17:00,555,16.7527,16.755,16.755,16.755,16.75,17
2023-10-09 17:18:00,702,16.7541,16.75,16.75,16.75,16.75,17
2023-10-09 17:19:00,765,16.7534,16.75,16.75,16.755,16.75,12
2023-10-09 17:20:00,5139,16.7519,16.755,16.74,16.755,16.74,54
2023-10-09 17:21:00,1475,16.7426,16.74,16.74,16.745,16.74,27
2023-10-09 17:22:00,1280,16.7405,16.74,16.74,16.74,16.74,19
2023-10-09 17:23:00,1947,16.7426,16.74,16.74,16.745,16.74,27
2023-10-09 17:24:00,1017,16.7424,16.74,16.745,16.75,16.74,18
2023-10-09 17:25:00,22896,16.7754,16.745,16.79,16.8,16.745,210
2023-10-09 17:26:00,4941,16.7994,16.8,16.805,16.81,16.79,50
2023-10-09 17:27:00,694,16.8085,16.8086,16.8086,16.8086,16.8086,8
2023-10-09 17:28:00,3293,16.8093,16.81,16.81,16.81,16.805,36
2023-10-09 17:29:00,529,16.81,16.81,16.81,16.81,16.81,13
2023-10-09 17:30:00,6446,16.8169,16.81,16.825,16.828,16.81,80
2023-10-09 17:31:00,1237,16.8025,16.83,16.8299,16.83,16.825,14
2023-10-09 17:32:00,923,16.8242,16.825,16.82,16.83,16.82,15
2023-10-09 17:33:00,3174,16.8193,16.82,16.815,16.82,16.81,46
2023-10-09 17:34:00,4153,16.8224,16.815,16.8316,16.8316,16.81,62
2023-10-09 17:35:00,6593,16.8393,16.8399,16.84,16.84,16.835,66
2023-10-09 17:36:00,4907,16.8394,16.8399,16.84,16.84,16.835,37
2023-10-09 17:37:00,5069,16.8586,16.85,16.86,16.86,16.85,60
2023-10-09 17:38:00,1650,16.8744,16.87,16.87,16.88,16.87,30
2023-10-09 17:39:00,4119,16.8708,16.875,16.87,16.875,16.87,46
2023-10-09 17:40:00,3180,16.8788,16.875,16.875,16.88,16.87,40
2023-10-09 17:42:00,2763,16.8693,16.87,16.865,16.87,16.865,45
2023-10-09 17:43:00,7830,16.8794,16.87,16.89,16.89,16.87,72
2023-10-09 17:44:00,7688,16.9017,16.9,16.9026,16.91,16.9,65
2023-10-09 17:45:00,4318,16.91,16.91,16.91,16.91,16.91,47
2023-10-09 17:46:00,8089,16.9124,16.915,16.905,16.92,16.905,79
2023-10-09 17:47:00,1978,16.9087,16.905,16.91,16.91,16.905,20
2023-10-09 17:48:00,6859,16.923,16.92,16.93,16.93,16.92,86
2023-10-09 17:49:00,5900,16.9209,16.93,16.92,16.93,16.915,61
2023-10-09 17:50:00,12008,16.9322,16.93,16.95,16.95,16.925,109
2023-10-09 17:51:00,1611,16.9401,16.95,16.95,16.95,16.95,13
2023-10-09 17:52:00,3023,16.9498,16.95,16.95,16.95,16.945,46
2023-10-09 17:53:00,14928,16.9401,16.945,16.94,16.945,16.94,42
2023-10-09 17:54:00,1199,16.937,16.938,16.935,16.938,16.935,17
2023-10-09 17:55:00,2174,16.9348,16.93,16.9311,16.94,16.93,26
2023-10-09 17:56:00,3879,16.9288,16.93,16.92,16.935,16.92,44
2023-10-09 17:57:00,2831,16.9248,16.9216,16.92,16.93,16.92,28
2023-10-09 17:58:00,17233,16.9115,16.92,16.905,16.92,16.905,108
2023-10-09 17:59:00,5811,16.9021,16.9,16.91,16.91,16.895,64
2023-10-09 18:00:00,4591,16.8968,16.91,16.885,16.91,16.885,38
2023-10-09 18:01:00,2478,16.8903,16.89,16.895,16.895,16.885,36
2023-10-09 18:02:00,1784,16.9004,16.895,16.895,16.895,16.892,12
2023-10-09 18:03:00,1010,16.8918,16.895,16.895,16.895,16.89,22
2023-10-09 18:04:00,1162,16.8922,16.89,16.89,16.895,16.89,17
2023-10-09 18:05:00,24199,16.8715,16.89,16.87,16.8949,16.86,118
2023-10-09 18:06:00,5326,16.8798,16.87,16.875,16.89,16.87,54
2023-10-09 18:07:00,2056,16.8805,16.88,16.885,16.885,16.88,28
2023-10-09 18:08:00,1808,16.8848,16.8851,16.885,16.8851,16.8816,10
2023-10-09 18:09:00,6132,16.8771,16.88,16.8703,16.885,16.87,58
2023-10-09 18:10:00,21226,16.8628,16.87,16.865,16.87,16.86,73
2023-10-09 18:11:00,9246,16.8686,16.86,16.866,16.875,16.86,48
2023-10-09 18:12:00,7870,16.8735,16.87,16.8846,16.885,16.865,66
2023-10-09 18:13:00,3204,16.879,16.8806,16.88,16.8806,16.8773,30
2023-10-09 18:14:00,11779,16.8692,16.87,16.8729,16.8742,16.865,76
2023-10-09 18:15:00,3464,16.8843,16.88,16.885,16.89,16.88,64
2023-10-09 18:16:00,7551,16.8717,16.88,16.863,16.88,16.86,48
2023-10-09 18:17:00,7370,16.8712,16.87,16.87,16.88,16.865,58
2023-10-09 18:18:00,2227,16.8698,16.8718,16.8625,16.8718,16.8625,33
2023-10-09 18:19:00,2890,16.8688,16.87,16.861,16.8703,16.861,42
2023-10-09 18:20:00,5742,16.8738,16.869,16.8794,16.88,16.869,34
2023-10-09 18:21:00,1388,16.8765,16.875,16.8767,16.8767,16.875,15
2023-10-09 18:22:00,13957,16.8915,16.88,16.9,16.9,16.88,147
2023-10-09 18:23:00,2840,16.8962,16.9,16.895,16.9,16.8937,23
2023-10-09 18:24:00,8126,16.8879,16.8909,16.8847,16.8942,16.88,80
2023-10-09 18:25:00,1764,16.8845,16.885,16.885,16.885,16.88,25
2023-10-09 18:26:00,220,16.8824,16.885,16.88,16.885,16.88,9
2023-10-09 18:27:00,4058,16.887,16.885,16.885,16.89,16.88,29
2023-10-09 18:28:00,3115,16.8918,16.89,16.895,16.895,16.885,41
2023-10-09 18:29:00,5932,16.8932,16.89,16.899,16.9,16.89,66
2023-10-09 18:30:00,5541,16.9044,16.9,16.905,16.9099,16.9,39
2023-10-09 18:31:00,9040,16.8959,16.9086,16.885,16.91,16.88,104
2023-10-09 18:32:00,15943,16.8936,16.89,16.885,16.905,16.88,154
2023-10-09 18:33:00,3588,16.8816,16.89,16.875,16.89,16.875,55
2023-10-09 18:34:00,14902,16.8712,16.875,16.855,16.88,16.855,169
2023-10-09 18:35:00,6884,16.8446,16.85,16.84,16.8509,16.832,86
2023-10-09 18:36:00,5126,16.8387,16.835,16.84,16.84,16.835,74
2023-10-09 18:37:00,6618,16.8311,16.83,16.8283,16.8386,16.82,48
2023-10-09 18:38:00,1411,16.8256,16.82,16.825,16.83,16.82,43
2023-10-09 18:39:00,9914,16.8328,16.82,16.84,16.84,16.82,105
2023-10-09 18:40:00,11509,16.8529,16.85,16.855,16.8642,16.845,154
2023-10-09 18:41:00,8118,16.8569,16.8509,16.86,16.86,16.85,57
2023-10-09 18:42:00,1077,16.8532,16.85,16.855,16.855,16.85,21
2023-10-09 18:43:00,7850,16.8569,16.855,16.86,16.8606,16.85,87
2023-10-09 18:44:00,1058,16.8615,16.865,16.865,16.865,16.86,27
2023-10-09 18:45:00,5574,16.8522,16.86,16.845,16.86,16.845,102
2023-10-09 18:46:00,3298,16.8484,16.845,16.84,16.85,16.84,58
2023-10-09 18:47:00,4428,16.8484,16.845,16.85,16.85,16.845,91
2023-10-09 18:48:00,2687,16.8525,16.8507,16.855,16.86,16.8507,41
2023-10-09 18:49:00,1530,16.8575,16.855,16.8591,16.8591,16.85,28
2023-10-09 18:50:00,10661,16.8597,16.855,16.855,16.865,16.85,123
2023-10-09 18:51:00,3622,16.8577,16.8564,16.855,16.86,16.855,31
2023-10-09 18:52:00,1100,16.8563,16.85,16.855,16.86,16.85,23
2023-10-09 18:53:00,2081,16.8599,16.855,16.86,16.86,16.855,55
2023-10-09 18:54:00,8314,16.8811,16.87,16.885,16.8899,16.87,96
2023-10-09 18:55:00,15664,16.9063,16.889,16.91,16.92,16.889,168
2023-10-09 18:56:00,2706,16.9147,16.9108,16.91,16.92,16.91,12
2023-10-09 18:57:00,5953,16.9105,16.915,16.9,16.92,16.9,50
2023-10-09 18:58:00,10691,16.9034,16.9092,16.895,16.91,16.895,100
2023-10-09 18:59:00,8599,16.8889,16.895,16.885,16.895,16.885,99
2023-10-09 19:00:00,10396,16.8804,16.88,16.865,16.89,16.865,134
2023-10-09 19:01:00,18591,16.8767,16.87,16.875,16.88,16.865,83
2023-10-09 19:02:00,10628,16.8753,16.87,16.88,16.88,16.86,125
2023-10-09 19:03:00,1105,16.8851,16.89,16.88,16.89,16.88,29
2023-10-09 19:04:00,4312,16.8782,16.885,16.88,16.885,16.8748,61
2023-10-09 19:05:00,5117,16.8778,16.87,16.895,16.895,16.87,86
2023-10-09 19:06:00,3706,16.8851,16.895,16.88,16.895,16.88,59
2023-10-09 19:07:00,2841,16.8889,16.885,16.895,16.9,16.885,44
2023-10-09 19:08:00,790,16.8946,16.895,16.895,16.9,16.89,23
2023-10-09 19:09:00,854,16.8952,16.8989,16.8939,16.9,16.8925,17
2023-10-09 19:10:00,2884,16.8952,16.89,16.9,16.9,16.89,50
2023-10-09 19:11:00,3124,16.8945,16.9,16.8909,16.903,16.8909,28
2023-10-09 19:12:00,1770,16.8984,16.895,16.902,16.902,16.895,33
2023-10-09 19:13:00,6965,16.8943,16.905,16.885,16.905,16.88,97
2023-10-09 19:14:00,1026,16.8832,16.88,16.88,16.885,16.88,31
2023-10-09 19:15:00,5711,16.8731,16.88,16.86,16.88,16.86,66
2023-10-09 19:16:00,4911,16.854,16.865,16.85,16.865,16.84,67
2023-10-09 19:17:00,763,16.8558,16.86,16.86,16.86,16.86,36
2023-10-09 19:18:00,4025,16.856,16.85,16.84,16.86,16.84,94
2023-10-09 19:19:00,602,16.8488,16.85,16.845,16.85,16.845,21
2023-10-09 19:20:00,1518,16.8506,16.85,16.855,16.855,16.85,44
2023-10-09 19:21:00,2623,16.8505,16.855,16.845,16.855,16.845,52
2023-10-09 19:22:00,782,16.8604,16.85,16.85,16.85,16.85,18
2023-10-09 19:23:00,2176,16.8568,16.86,16.855,16.93,16.765,29
2023-10-09 19:24:00,2575,16.8597,16.855,16.865,16.865,16.855,63
2023-10-09 19:25:00,4519,16.8592,16.86,16.86,16.86,16.855,75
2023-10-09 19:26:00,2251,16.8665,16.865,16.865,16.87,16.8621,42
2023-10-09 19:27:00,4607,16.8673,16.8686,16.87,16.87,16.8601,60
2023-10-09 19:28:00,10932,16.8897,16.875,16.9,16.9,16.87,153
2023-10-09 19:29:00,1545,16.9035,16.91,16.91,16.91,16.9,26
2023-10-09 19:30:00,5328,16.9003,16.905,16.905,16.905,16.9,95
2023-10-09 19:31:00,2160,16.9031,16.91,16.9,16.91,16.9,23
2023-10-09 19:32:00,5228,16.9105,16.905,16.92,16.92,16.905,88
2023-10-09 19:33:00,1109,16.9044,16.915,16.915,16.915,16.915,16
2023-10-09 19:34:00,7256,16.9055,16.91,16.9,16.91,16.9,141
2023-10-09 19:35:00,4169,16.9009,16.89,16.905,16.905,16.89,82
2023-10-09 19:36:00,6390,16.8986,16.9,16.9,16.9,16.895,105
2023-10-09 19:37:00,3373,16.9101,16.9025,16.915,16.92,16.9025,65
2023-10-09 19:38:00,2017,16.9147,16.92,16.915,16.92,16.91,49
2023-10-09 19:39:00,8879,16.9037,16.915,16.9,16.915,16.895,120
2023-10-09 19:40:00,4039,16.8936,16.9,16.89,16.9,16.89,53
2023-10-09 19:41:00,8833,16.8887,16.895,16.875,16.9,16.875,107
2023-10-09 19:42:00,7265,16.8705,16.87,16.865,16.88,16.865,63
2023-10-09 19:43:00,35703,16.8451,16.865,16.835,16.87,16.83,287
2023-10-09 19:44:00,11029,16.8374,16.83,16.83,16.84,16.83,112
2023-10-09 19:45:00,7403,16.829,16.83,16.83,16.83,16.825,112
2023-10-09 19:46:00,3800,16.8323,16.8303,16.8354,16.8399,16.83,41
2023-10-09 19:47:00,3904,16.8378,16.83,16.835,16.835,16.83,54
2023-10-09 19:48:00,2720,16.8325,16.83,16.83,16.84,16.83,54
2023-10-09 19:49:00,16482,16.8271,16.83,16.83,16.83,16.82,169
2023-10-09 19:50:00,28494,16.8435,16.84,16.84,16.87,16.835,261
2023-10-09 19:51:00,18213,16.8241,16.83,16.81,16.83,16.81,203
2023-10-09 19:52:00,14292,16.8185,16.81,16.815,16.82,16.81,142
2023-10-09 19:53:00,10675,16.8207,16.82,16.8216,16.825,16.82,99
2023-10-09 19:54:00,34653,16.8348,16.825,16.835,16.84,16.825,225
2023-10-09 19:55:00,16294,16.8325,16.835,16.83,16.84,16.83,192
2023-10-09 19:56:00,29649,16.8218,16.835,16.81,16.835,16.81,251
2023-10-09 19:57:00,31671,16.8186,16.81,16.815,16.82,16.81,287
2023-10-09 19:58:00,27347,16.82,16.815,16.825,16.83,16.81,200
2023-10-09 19:59:00,51557,16.8225,16.825,16.82,16.83,16.81,528
2023-10-09 20:00:00,2384,16.82,16.82,16.82,16.82,16.82,12
2023-10-09 20:30:00,188219,16.82,16.82,16.82,16.82,16.82,1
2023-10-09 21:31:00,400,16.7606,16.7606,16.7606,16.7606,16.7606,1
2023-10-09 22:59:00,100,16.87,16.87,16.87,16.87,16.87,1
2023-10-10 09:58:00,2000,16.9923,16.99,17.0,17.0,16.98,10
2023-10-10 10:00:00,200,16.95,16.95,16.95,16.95,16.95,1
2023-10-10 11:04:00,800,16.95,16.95,16.95,16.95,16.95,2
2023-10-10 11:21:00,810,16.8992,16.9,16.9,16.9,16.9,4
2023-10-10 11:50:00,362,16.8117,16.82,16.8,16.82,16.8,5
2023-10-10 12:00:00,454,16.8407,16.9,16.82,16.9,16.8,6
2023-10-10 12:01:00,110,16.89,16.89,16.89,16.89,16.89,1
2023-10-10 12:42:00,400,16.8501,16.8501,16.8501,16.8501,16.8501,1
2023-10-10 12:44:00,148,16.85,16.85,16.85,16.85,16.85,1
2023-10-10 12:56:00,652,16.8681,16.87,16.87,16.87,16.87,3
2023-10-10 13:04:00,1502,16.7658,16.79,16.76,16.79,16.76,10
2023-10-10 13:11:00,120,16.81,16.81,16.81,16.81,16.81,1
2023-10-10 13:14:00,1637,16.8372,16.83,16.83,16.84,16.83,13
2023-10-10 13:15:00,200,16.82,16.82,16.82,16.82,16.82,1
2023-10-10 13:29:00,1086,16.9115,16.89,16.94,16.94,16.89,9
2023-10-10 13:30:00,59783,16.9804,16.95,17.0299,17.05,16.95,134
2023-10-10 13:31:00,10933,17.0153,17.01,17.03,17.03,16.99,127
2023-10-10 13:32:00,2620,16.9922,17.02,17.025,17.025,16.9731,34
2023-10-10 13:33:00,10057,17.0988,17.025,17.13,17.13,17.025,79
2023-10-10 13:34:00,10575,17.13,17.13,17.11,17.16,17.09,104
2023-10-10 13:35:00,6446,17.1069,17.09,17.11,17.12,17.08,29
2023-10-10 13:36:00,2452,17.1171,17.12,17.1,17.12,17.1,50
2023-10-10 13:37:00,6942,17.1039,17.1,17.115,17.115,17.09,87
2023-10-10 13:38:00,19212,17.1045,17.11,17.08,17.14,17.07,153
2023-10-10 13:39:00,4208,17.0736,17.08,17.09,17.09,17.06,52
2023-10-10 13:40:00,9005,17.0832,17.09,17.07,17.11,17.07,101
2023-10-10 13:41:00,8528,17.1088,17.065,17.13,17.14,17.065,89
2023-10-10 13:42:00,12765,17.1424,17.13,17.13,17.16,17.1197,122
2023-10-10 13:43:00,9024,17.1081,17.13,17.125,17.13,17.09,92
2023-10-10 13:44:00,5266,17.1049,17.115,17.09,17.12,17.09,60
2023-10-10 13:45:00,6971,17.0688,17.09,17.05,17.09,17.05,108
2023-10-10 13:46:00,9741,17.0668,17.06,17.07,17.08,17.06,92
2023-10-10 13:47:00,22439,17.0643,17.07,17.04,17.08,17.04,180
2023-10-10 13:48:00,14885,17.0091,17.04,16.99,17.04,16.99,127
2023-10-10 13:49:00,3354,16.9843,16.99,16.99,16.99,16.975,60
2023-10-10 13:50:00,7910,17.0226,16.99,17.04,17.045,16.99,128
2023-10-10 13:51:00,5790,17.0475,17.04,17.065,17.065,17.04,57
2023-10-10 13:52:00,5942,17.0594,17.06,17.07,17.07,17.05,75
2023-10-10 13:53:00,7488,17.0899,17.065,17.12,17.12,17.065,128
2023-10-10 13:54:00,2907,17.1174,17.1188,17.105,17.12,17.105,38
2023-10-10 13:55:00,2282,17.1229,17.11,17.13,17.135,17.11,41
2023-10-10 13:56:00,8887,17.1173,17.12,17.11,17.125,17.105,111
2023-10-10 13:57:00,5909,17.1355,17.119,17.165,17.17,17.119,97
2023-10-10 13:58:00,16147,17.1706,17.169,17.19,17.19,17.1601,155
2023-10-10 13:59:00,24010,17.206,17.195,17.215,17.235,17.19,109
2023-10-10 14:00:00,37998,17.2668,17.225,17.3,17.31,17.225,232
2023-10-10 14:01:00,16798,17.3269,17.31,17.3291,17.345,17.3,121
2023-10-10 14:02:00,18919,17.3066,17.335,17.33,17.34,17.28,195
2023-10-10 14:03:00,10842,17.3471,17.33,17.3738,17.38,17.33,95
2023-10-10 14:04:00,9123,17.3767,17.38,17.38,17.39,17.37,83
2023-10-10 14:05:00,10509,17.364,17.38,17.355,17.38,17.345,125
2023-10-10 14:06:00,14243,17.3471,17.3575,17.345,17.36,17.325,127
2023-10-10 14:07:00,11912,17.3534,17.345,17.37,17.37,17.345,150
2023-10-10 14:08:00,11276,17.3583,17.365,17.3601,17.365,17.35,143
2023-10-10 14:09:00,9400,17.3526,17.36,17.34,17.37,17.34,116
2023-10-10 14:10:00,7790,17.3244,17.33,17.33,17.335,17.3101,116
2023-10-10 14:11:00,4677,17.3308,17.34,17.325,17.34,17.325,64
2023-10-10 14:12:00,17400,17.3244,17.33,17.32,17.34,17.315,179
2023-10-10 14:13:00,2557,17.314,17.315,17.31,17.32,17.31,52
2023-10-10 14:14:00,9150,17.3187,17.315,17.32,17.33,17.31,136
2023-10-10 14:15:00,4148,17.3217,17.325,17.325,17.33,17.315,72
2023-10-10 14:16:00,6946,17.3138,17.325,17.32,17.325,17.305,107
2023-10-10 14:17:00,8336,17.3241,17.315,17.325,17.33,17.31,124
2023-10-10 14:18:00,6056,17.3287,17.33,17.32,17.345,17.31,95
2023-10-10 14:19:00,3984,17.3248,17.325,17.325,17.33,17.32,67
2023-10-10 14:20:00,9116,17.3148,17.325,17.325,17.325,17.305,126
2023-10-10 14:21:00,9178,17.3023,17.325,17.305,17.325,17.29,112
2023-10-10 14:22:00,3648,17.2993,17.3,17.2984,17.305,17.295,51
2023-10-10 14:23:00,2847,17.3041,17.3,17.31,17.31,17.2975,61
2023-10-10 14:24:00,7304,17.3181,17.3198,17.315,17.3271,17.305,80
2023-10-10 14:25:00,6639,17.3055,17.315,17.305,17.32,17.3,73
2023-10-10 14:26:00,5402,17.3298,17.31,17.3492,17.3492,17.31,81
2023-10-10 14:27:00,5356,17.3525,17.345,17.36,17.36,17.345,63
2023-10-10 14:28:00,5264,17.3466,17.36,17.34,17.36,17.34,71
2023-10-10 14:29:00,9367,17.3427,17.335,17.34,17.35,17.335,105
2023-10-10 14:30:00,2382,17.3559,17.36,17.36,17.36,17.355,49
2023-10-10 14:31:00,9091,17.3658,17.355,17.39,17.39,17.355,102
2023-10-10 14:32:00,6351,17.3854,17.385,17.39,17.3901,17.375,91
2023-10-10 14:33:00,19045,17.3709,17.395,17.36,17.395,17.355,178
2023-10-10 14:34:00,9206,17.3704,17.365,17.355,17.38,17.355,90
2023-10-10 14:35:00,9614,17.3643,17.36,17.345,17.375,17.345,118
2023-10-10 14:36:00,9987,17.3427,17.35,17.33,17.35,17.33,118
2023-10-10 14:37:00,10535,17.3161,17.33,17.32,17.33,17.305,118
2023-10-10 14:38:00,13632,17.3079,17.31,17.32,17.32,17.2924,102
2023-10-10 14:39:00,8140,17.3107,17.31,17.305,17.315,17.305,94
2023-10-10 14:40:00,5431,17.2929,17.305,17.295,17.31,17.282,88
2023-10-10 14:41:00,4301,17.2893,17.29,17.2885,17.29,17.285,44
2023-10-10 14:42:00,7901,17.2887,17.285,17.29,17.3,17.28,117
2023-10-10 14:43:00,5287,17.2871,17.2899,17.28,17.2946,17.28,75
2023-10-10 14:44:00,3399,17.2854,17.285,17.285,17.29,17.285,52
2023-10-10 14:45:00,5440,17.2842,17.285,17.28,17.29,17.28,65
2023-10-10 14:46:00,9759,17.2797,17.28,17.28,17.285,17.27,114
2023-10-10 14:47:00,8514,17.2681,17.285,17.265,17.285,17.255,92
2023-10-10 14:48:00,8534,17.2665,17.265,17.28,17.28,17.26,114
2023-10-10 14:49:00,9945,17.2649,17.27,17.255,17.275,17.25,86
2023-10-10 14:50:00,10158,17.254,17.255,17.245,17.26,17.245,107
2023-10-10 14:51:00,6701,17.2501,17.25,17.25,17.255,17.245,87
2023-10-10 14:52:00,7162,17.2489,17.25,17.255,17.255,17.245,79
2023-10-10 14:53:00,5352,17.2517,17.255,17.245,17.26,17.245,53
2023-10-10 14:54:00,985,17.2449,17.24,17.245,17.245,17.24,42
2023-10-10 14:55:00,13526,17.2302,17.24,17.24,17.24,17.215,159
2023-10-10 14:56:00,7163,17.2441,17.24,17.25,17.25,17.235,68
2023-10-10 14:57:00,6861,17.2446,17.245,17.25,17.25,17.24,53
2023-10-10 14:58:00,5968,17.2487,17.25,17.2401,17.255,17.24,58
2023-10-10 14:59:00,2678,17.2431,17.24,17.235,17.245,17.235,54
2023-10-10 15:00:00,7071,17.2254,17.235,17.22,17.235,17.215,79
2023-10-10 15:01:00,6059,17.2095,17.21,17.215,17.22,17.2,82
2023-10-10 15:02:00,569,17.218,17.215,17.22,17.22,17.215,17
2023-10-10 15:03:00,654,17.2145,17.21,17.215,17.215,17.21,14
2023-10-10 15:04:00,6946,17.2175,17.21,17.225,17.225,17.21,106
2023-10-10 15:05:00,5232,17.2259,17.225,17.235,17.24,17.22,76
2023-10-10 15:06:00,538,17.2361,17.24,17.235,17.24,17.235,16
2023-10-10 15:07:00,8532,17.2403,17.235,17.245,17.25,17.23,115
2023-10-10 15:08:00,15438,17.2524,17.25,17.2401,17.27,17.2401,160
2023-10-10 15:09:00,7652,17.2442,17.2499,17.235,17.26,17.23,68
2023-10-10 15:10:00,5149,17.2342,17.235,17.2412,17.2412,17.225,88
2023-10-10 15:11:00,5317,17.2472,17.25,17.23,17.25,17.23,67
2023-10-10 15:12:00,11569,17.2271,17.235,17.22,17.235,17.22,132
2023-10-10 15:13:00,5089,17.2222,17.225,17.21,17.23,17.21,72
2023-10-10 15:14:00,6358,17.2188,17.215,17.225,17.225,17.21,98
2023-10-10 15:15:00,9795,17.2259,17.22,17.24,17.245,17.21,153
2023-10-10 15:16:00,6155,17.2388,17.23,17.245,17.25,17.23,90
2023-10-10 15:17:00,3643,17.2385,17.24,17.23,17.24,17.23,22
2023-10-10 15:18:00,7128,17.2303,17.2305,17.235,17.235,17.225,80
2023-10-10 15:19:00,2532,17.2235,17.23,17.2209,17.23,17.22,41
2023-10-10 15:20:00,5814,17.2057,17.22,17.2,17.22,17.19,68
2023-10-10 15:21:00,2011,17.2045,17.205,17.205,17.205,17.205,44
2023-10-10 15:22:00,2540,17.1975,17.2,17.185,17.2,17.185,44
2023-10-10 15:23:00,2692,17.176,17.18,17.175,17.18,17.17,47
2023-10-10 15:24:00,830,17.1713,17.175,17.17,17.175,17.17,32
2023-10-10 15:25:00,6157,17.1607,17.17,17.14,17.17,17.14,85
2023-10-10 15:26:00,7534,17.132,17.145,17.13,17.145,17.125,97
2023-10-10 15:27:00,5882,17.1416,17.13,17.16,17.16,17.13,67
2023-10-10 15:28:00,434,17.1543,17.155,17.155,17.155,17.155,27
2023-10-10 15:29:00,4882,17.1626,17.16,17.1672,17.17,17.155,81
2023-10-10 15:30:00,975,17.1647,17.165,17.17,17.17,17.1629,31
2023-10-10 15:31:00,7990,17.1628,17.165,17.165,17.17,17.155,124
2023-10-10 15:32:00,6719,17.1608,17.17,17.165,17.17,17.155,113
2023-10-10 15:33:00,2139,17.158,17.165,17.155,17.165,17.15,39
2023-10-10 15:34:00,4196,17.1585,17.155,17.16,17.165,17.155,67
2023-10-10 15:35:00,973,17.1575,17.155,17.155,17.16,17.1527,28
2023-10-10 15:36:00,9555,17.1372,17.155,17.105,17.1575,17.105,110
2023-10-10 15:37:00,4421,17.1117,17.1,17.115,17.115,17.1,75
2023-10-10 15:38:00,672,17.1151,17.1145,17.115,17.115,17.1145,20
2023-10-10 15:39:00,12040,17.1286,17.115,17.15,17.15,17.115,129
2023-10-10 15:40:00,8445,17.1478,17.1464,17.145,17.155,17.145,68
2023-10-10 15:41:00,7316,17.1438,17.14,17.1441,17.1499,17.14,59
2023-10-10 15:42:00,8791,17.1482,17.145,17.155,17.155,17.14,111
2023-10-10 15:43:00,8033,17.1589,17.155,17.1599,17.16,17.155,72
2023-10-10 15:44:00,3195,17.1488,17.15,17.14,17.15,17.14,44
2023-10-10 15:45:00,13492,17.1433,17.14,17.145,17.1473,17.14,121
2023-10-10 15:46:00,6181,17.1532,17.145,17.1591,17.16,17.145,82
2023-10-10 15:47:00,9661,17.1481,17.15,17.15,17.155,17.14,101
2023-10-10 15:48:00,4925,17.1518,17.145,17.155,17.155,17.145,51
2023-10-10 15:49:00,13517,17.1594,17.155,17.16,17.16,17.155,39
2023-10-10 15:50:00,6269,17.1578,17.155,17.165,17.165,17.15,76
2023-10-10 15:51:00,3031,17.1726,17.165,17.19,17.19,17.165,53
2023-10-10 15:52:00,6686,17.1826,17.19,17.185,17.19,17.18,62
2023-10-10 15:53:00,5691,17.186,17.185,17.185,17.19,17.185,36
2023-10-10 15:54:00,954,17.1844,17.185,17.185,17.19,17.18,28
2023-10-10 15:55:00,1582,17.1841,17.185,17.185,17.185,17.18,30
2023-10-10 15:56:00,12922,17.2009,17.185,17.205,17.21,17.185,141
2023-10-10 15:57:00,9038,17.1968,17.2,17.1896,17.205,17.185,112
2023-10-10 15:58:00,3076,17.1885,17.19,17.185,17.19,17.185,26
2023-10-10 15:59:00,4273,17.1809,17.185,17.18,17.185,17.18,64
2023-10-10 16:00:00,6753,17.1797,17.18,17.175,17.185,17.17,79
2023-10-10 16:01:00,12021,17.1701,17.175,17.1607,17.18,17.16,82
2023-10-10 16:02:00,17359,17.1675,17.165,17.1755,17.1755,17.16,186
2023-10-10 16:03:00,11619,17.1881,17.18,17.19,17.195,17.18,89
2023-10-10 16:04:00,1843,17.1851,17.19,17.185,17.19,17.18,16
2023-10-10 16:05:00,8384,17.1742,17.185,17.165,17.185,17.16,70
2023-10-10 16:06:00,1728,17.166,17.165,17.17,17.17,17.165,32
2023-10-10 16:07:00,3046,17.168,17.16,17.165,17.1691,17.16,31
2023-10-10 16:08:00,2207,17.1651,17.165,17.165,17.165,17.165,28
2023-10-10 16:09:00,11530,17.1773,17.17,17.175,17.185,17.17,139
2023-10-10 16:10:00,4976,17.1749,17.175,17.17,17.18,17.17,44
2023-10-10 16:11:00,4023,17.1685,17.1775,17.165,17.1775,17.165,47
2023-10-10 16:12:00,4753,17.1586,17.1609,17.15,17.165,17.15,52
2023-10-10 16:13:00,11292,17.1582,17.15,17.16,17.165,17.15,138
2023-10-10 16:14:00,1574,17.153,17.15,17.155,17.155,17.15,48
2023-10-10 16:15:00,2731,17.1574,17.155,17.155,17.16,17.155,49
2023-10-10 16:16:00,4325,17.1538,17.155,17.155,17.16,17.15,43
2023-10-10 16:17:00,3862,17.1523,17.15,17.155,17.155,17.15,47
2023-10-10 16:18:00,1897,17.1545,17.155,17.155,17.155,17.15,47
2023-10-10 16:19:00,7020,17.1485,17.155,17.145,17.155,17.14,115
2023-10-10 16:20:00,13728,17.1267,17.145,17.12,17.145,17.12,132
2023-10-10 16:21:00,9567,17.0752,17.1104,17.055,17.1104,17.05,115
2023-10-10 16:22:00,3044,17.0387,17.0507,17.03,17.0507,17.025,68
2023-10-10 16:23:00,5357,17.0331,17.035,17.0305,17.0397,17.03,49
2023-10-10 16:24:00,6011,17.0478,17.04,17.045,17.05,17.031,109
2023-10-10 16:25:00,1241,17.0427,17.04,17.045,17.045,17.04,33
2023-10-10 16:26:00,987,17.0437,17.045,17.045,17.045,17.04,27
2023-10-10 16:27:00,7179,17.051,17.045,17.055,17.055,17.045,105
2023-10-10 16:28:00,8691,17.0636,17.055,17.06,17.0691,17.055,74
2023-10-10 16:29:00,33223,17.0607,17.07,17.07,17.07,17.055,114
2023-10-10 16:30:00,6144,17.0852,17.08,17.085,17.09,17.08,46
2023-10-10 16:31:00,2720,17.0891,17.085,17.095,17.095,17.085,69
2023-10-10 16:32:00,15946,17.0896,17.0907,17.09,17.095,17.085,81
2023-10-10 16:33:00,634,17.0841,17.085,17.085,17.085,17.085,31
2023-10-10 16:34:00,23092,17.1162,17.085,17.15,17.15,17.085,232
2023-10-10 16:35:00,12052,17.1606,17.15,17.165,17.17,17.15,125
2023-10-10 16:36:00,16133,17.1448,17.165,17.125,17.165,17.125,152
2023-10-10 16:37:00,8751,17.1291,17.125,17.13,17.13,17.125,102
2023-10-10 16:38:00,3800,17.1388,17.135,17.14,17.14,17.135,56
2023-10-10 16:39:00,8882,17.1335,17.145,17.1314,17.145,17.13,115
2023-10-10 16:40:00,4834,17.1307,17.135,17.135,17.135,17.129,74
2023-10-10 16:41:00,528,17.1348,17.135,17.135,17.135,17.135,23
2023-10-10 16:42:00,4636,17.1239,17.135,17.115,17.135,17.115,85
2023-10-10 16:43:00,11454,17.1076,17.11,17.105,17.11,17.1,86
2023-10-10 16:44:00,5181,17.1099,17.105,17.12,17.12,17.105,92
2023-10-10 16:45:00,2373,17.1182,17.115,17.12,17.12,17.11,35
2023-10-10 16:46:00,2619,17.1175,17.11,17.115,17.12,17.11,44
2023-10-10 16:47:00,17013,17.1198,17.115,17.115,17.125,17.115,196
2023-10-10 16:48:00,2456,17.1145,17.115,17.115,17.115,17.1101,36
2023-10-10 16:49:00,5165,17.1151,17.115,17.115,17.12,17.11,57
2023-10-10 16:50:00,3127,17.1137,17.115,17.115,17.1164,17.11,58
2023-10-10 16:51:00,44294,17.137,17.115,17.15,17.16,17.11,262
2023-10-10 16:52:00,7813,17.1252,17.135,17.1168,17.135,17.1168,92
2023-10-10 16:53:00,11865,17.1204,17.12,17.125,17.125,17.115,133
2023-10-10 16:54:00,9720,17.129,17.125,17.13,17.13,17.1217,137
2023-10-10 16:55:00,7428,17.1151,17.125,17.1,17.125,17.1,93
2023-10-10 16:56:00,2820,17.1083,17.105,17.1,17.105,17.1,27
2023-10-10 16:57:00,3076,17.1053,17.105,17.105,17.11,17.1011,37
2023-10-10 16:58:00,20212,17.0904,17.105,17.085,17.105,17.08,178
2023-10-10 16:59:00,13558,17.0751,17.0811,17.065,17.085,17.065,127
2023-10-10 17:00:00,7878,17.0678,17.065,17.065,17.065,17.06,60
2023-10-10 17:01:00,14803,17.0581,17.065,17.06,17.065,17.05,118
2023-10-10 17:02:00,6650,17.0626,17.06,17.065,17.07,17.06,69
2023-10-10 17:03:00,10682,17.0599,17.06,17.045,17.07,17.045,94
2023-10-10 17:04:00,33186,17.0026,17.04,16.9675,17.04,16.965,264
2023-10-10 17:05:00,27641,16.9612,16.9673,16.965,16.97,16.95,137
2023-10-10 17:06:00,27128,16.9704,16.9612,16.99,16.99,16.955,177
2023-10-10 17:07:00,19594,16.9914,16.99,16.98,17.005,16.98,127
2023-10-10 17:08:00,15029,16.9699,16.985,16.955,16.985,16.955,118
2023-10-10 17:09:00,16037,16.9502,16.955,16.95,16.9566,16.94,121
2023-10-10 17:10:00,6125,16.9444,16.95,16.94,16.95,16.94,67
2023-10-10 17:11:00,4997,16.9438,16.94,16.945,16.95,16.94,35
2023-10-10 17:12:00,12814,16.9391,16.945,16.93,16.945,16.93,91
2023-10-10 17:13:00,8929,16.9424,16.935,16.95,16.95,16.935,100
2023-10-10 17:14:00,18445,16.9497,16.94,16.945,16.955,16.94,108
2023-10-10 17:15:00,22114,16.9432,16.94,16.9499,16.955,16.93,164
2023-10-10 17:16:00,7043,16.9636,16.95,16.97,16.97,16.95,52
2023-10-10 17:17:00,8946,16.9718,16.975,16.97,16.975,16.97,72
2023-10-10 17:18:00,5863,16.9766,16.975,16.9715,16.9847,16.97,71
2023-10-10 17:19:00,36337,16.9627,16.975,16.9465,16.975,16.94,213
2023-10-10 17:20:00,25423,16.9578,16.945,16.96,16.965,16.94,178
2023-10-10 17:21:00,9076,16.9537,16.96,16.94,16.965,16.94,70
2023-10-10 17:22:00,11431,16.9503,16.95,16.955,16.96,16.94,115
2023-10-10 17:23:00,4067,16.9622,16.95,16.965,16.97,16.95,37
2023-10-10 17:24:00,21716,16.9775,16.965,16.98,16.99,16.965,189
2023-10-10 17:25:00,3930,16.9797,16.98,16.98,16.985,16.975,58
2023-10-10 17:26:00,10921,16.9818,16.979,16.99,16.99,16.979,101
2023-10-10 17:27:00,8392,16.9882,16.98,16.995,16.995,16.98,68
2023-10-10 17:28:00,9140,17.0073,16.995,17.0228,17.0228,16.995,71
2023-10-10 17:29:00,7561,17.0345,17.025,17.035,17.04,17.025,38
2023-10-10 17:30:00,2463,17.0296,17.035,17.035,17.04,17.03,41
2023-10-10 17:31:00,14733,17.0287,17.0306,17.025,17.0342,17.02,116
2023-10-10 17:32:00,9190,17.0285,17.02,17.035,17.035,17.02,109
2023-10-10 17:33:00,4624,17.038,17.035,17.035,17.04,17.035,39
2023-10-10 17:34:00,6817,17.0316,17.0354,17.03,17.0354,17.03,44
2023-10-10 17:35:00,4651,17.0362,17.035,17.03,17.0388,17.03,42
2023-10-10 17:36:00,2522,17.031,17.035,17.03,17.035,17.03,45
2023-10-10 17:37:00,13698,17.0425,17.03,17.045,17.05,17.03,128
2023-10-10 17:38:00,24529,17.0497,17.04,17.055,17.07,17.035,232
2023-10-10 17:39:00,2851,17.0551,17.05,17.05,17.06,17.05,25
2023-10-10 17:40:00,5700,17.0611,17.055,17.065,17.065,17.055,62
2023-10-10 17:41:00,8530,17.0566,17.06,17.06,17.06,17.05,61
2023-10-10 17:42:00,12355,17.0679,17.055,17.075,17.0793,17.055,112
2023-10-10 17:43:00,3945,17.0737,17.08,17.075,17.08,17.0717,29
2023-10-10 17:44:00,10703,17.0853,17.078,17.0946,17.095,17.075,109
2023-10-10 17:45:00,9565,17.0909,17.095,17.09,17.1,17.09,80
2023-10-10 17:46:00,5490,17.0933,17.0888,17.1,17.1,17.0888,53
2023-10-10 17:47:00,1509,17.0897,17.09,17.095,17.095,17.09,33
2023-10-10 17:48:00,21753,17.104,17.0901,17.12,17.12,17.0901,134
2023-10-10 17:49:00,12451,17.1109,17.11,17.11,17.115,17.11,109
2023-10-10 17:50:00,5909,17.1137,17.1144,17.115,17.115,17.11,45
2023-10-10 17:51:00,8927,17.1188,17.12,17.125,17.125,17.11,83
2023-10-10 17:52:00,15234,17.102,17.12,17.08,17.12,17.07,184
2023-10-10 17:53:00,8073,17.0775,17.08,17.075,17.08,17.07,71
2023-10-10 17:54:00,11265,17.0833,17.075,17.095,17.095,17.075,117
2023-10-10 17:55:00,4662,17.0992,17.1,17.11,17.11,17.0901,57
2023-10-10 17:56:00,19131,17.1107,17.105,17.115,17.12,17.105,89
2023-10-10 17:57:00,2283,17.1154,17.115,17.115,17.12,17.115,39
2023-10-10 17:58:00,10515,17.1088,17.1156,17.105,17.12,17.1011,77
2023-10-10 17:59:00,5749,17.1074,17.105,17.11,17.115,17.1,54
2023-10-10 18:00:00,15945,17.1253,17.115,17.13,17.14,17.115,155
2023-10-10 18:01:00,8592,17.128,17.1292,17.125,17.135,17.12,61
2023-10-10 18:02:00,12725,17.1156,17.125,17.105,17.13,17.1,111
2023-10-10 18:03:00,14977,17.0987,17.1091,17.08,17.11,17.08,72
2023-10-10 18:04:00,63753,17.1068,17.085,17.13,17.13,17.085,343
2023-10-10 18:05:00,24513,17.1299,17.125,17.12,17.145,17.11,212
2023-10-10 18:06:00,10467,17.0999,17.105,17.1,17.11,17.09,93
2023-10-10 18:07:00,7016,17.0957,17.1,17.09,17.1001,17.09,70
2023-10-10 18:08:00,10895,17.0922,17.095,17.085,17.099,17.085,62
2023-10-10 18:09:00,4773,17.0924,17.085,17.085,17.1,17.085,60
2023-10-10 18:10:00,4913,17.0869,17.09,17.085,17.09,17.08,62
2023-10-10 18:11:00,4736,17.0893,17.0834,17.095,17.095,17.0834,53
2023-10-10 18:12:00,9668,17.0927,17.09,17.095,17.1,17.085,74
2023-10-10 18:13:00,13768,17.0936,17.0901,17.1,17.1,17.085,122
2023-10-10 18:14:00,8329,17.0943,17.105,17.0841,17.105,17.0841,58
2023-10-10 18:15:00,3505,17.0863,17.0801,17.09,17.09,17.0801,52
2023-10-10 18:16:00,4852,17.0905,17.095,17.085,17.1,17.085,50
2023-10-10 18:17:00,11883,17.1023,17.09,17.11,17.11,17.0899,147
2023-10-10 18:18:00,29793,17.1036,17.105,17.1,17.11,17.095,232
2023-10-10 18:19:00,4280,17.1001,17.095,17.1,17.1027,17.095,48
2023-10-10 18:20:00,40338,17.1181,17.1,17.125,17.1299,17.1,222
2023-10-10 18:21:00,3582,17.1381,17.13,17.145,17.15,17.1299,69
2023-10-10 18:22:00,3431,17.138,17.14,17.135,17.14,17.135,63
2023-10-10 18:23:00,7790,17.1252,17.13,17.125,17.13,17.12,81
2023-10-10 18:24:00,12612,17.1206,17.12,17.12,17.13,17.11,88
2023-10-10 18:25:00,14404,17.0869,17.11,17.055,17.11,17.055,172
2023-10-10 18:26:00,15796,17.0566,17.05,17.07,17.07,17.05,114
2023-10-10 18:27:00,13224,17.0799,17.07,17.08,17.095,17.065,106
2023-10-10 18:28:00,10401,17.0722,17.089,17.065,17.089,17.06,55
2023-10-10 18:29:00,17469,17.0619,17.06,17.05,17.07,17.05,136
2023-10-10 18:30:00,6135,17.0532,17.055,17.0546,17.055,17.05,65
2023-10-10 18:31:00,33715,17.0614,17.055,17.08,17.08,17.04,240
2023-10-10 18:32:00,13973,17.0866,17.075,17.08,17.0979,17.075,74
2023-10-10 18:33:00,14490,17.0865,17.08,17.09,17.0901,17.07,111
2023-10-10 18:34:00,9312,17.0916,17.085,17.095,17.1,17.085,57
2023-10-10 18:35:00,11353,17.0952,17.1,17.1,17.105,17.09,90
2023-10-10 18:36:00,9303,17.0862,17.1,17.075,17.1,17.075,86
2023-10-10 18:37:00,7711,17.0721,17.0729,17.07,17.08,17.07,57
2023-10-10 18:38:00,9050,17.0792,17.0785,17.09,17.09,17.075,69
2023-10-10 18:39:00,2178,17.0855,17.0858,17.085,17.0858,17.085,24
2023-10-10 18:40:00,3925,17.0924,17.09,17.095,17.1,17.09,72
2023-10-10 18:41:00,5764,17.0976,17.095,17.095,17.1,17.095,44
2023-10-10 18:42:00,2123,17.0966,17.1,17.095,17.1,17.095,39
2023-10-10 18:43:00,6496,17.0994,17.1,17.095,17.1,17.095,93
2023-10-10 18:44:00,4506,17.0951,17.095,17.095,17.1,17.0901,47
2023-10-10 18:45:00,2495,17.0994,17.1,17.1,17.1,17.095,76
2023-10-10 18:46:00,7980,17.1011,17.105,17.105,17.105,17.1,69
2023-10-10 18:47:00,2458,17.1064,17.105,17.105,17.11,17.105,35
2023-10-10 18:48:00,15547,17.1312,17.105,17.1495,17.16,17.105,146
2023-10-10 18:49:00,9095,17.1406,17.1497,17.13,17.1497,17.13,78
2023-10-10 18:50:00,39430,17.0932,17.13,17.095,17.1301,17.05,294
2023-10-10 18:51:00,4075,17.0936,17.095,17.095,17.095,17.0901,30
2023-10-10 18:52:00,8178,17.1,17.095,17.11,17.11,17.09,78
2023-10-10 18:53:00,8455,17.0996,17.105,17.095,17.1075,17.095,98
2023-10-10 18:54:00,8137,17.0847,17.09,17.085,17.09,17.08,74
2023-10-10 18:55:00,8254,17.0874,17.085,17.085,17.09,17.0834,84
2023-10-10 18:56:00,2011,17.0838,17.085,17.08,17.085,17.08,37
2023-10-10 18:57:00,5704,17.093,17.085,17.09,17.1,17.085,64
2023-10-10 18:58:00,3057,17.0966,17.1,17.095,17.1,17.095,53
2023-10-10 18:59:00,3514,17.1023,17.095,17.11,17.11,17.095,67
2023-10-10 19:00:00,6895,17.1177,17.11,17.14,17.14,17.11,146
2023-10-10 19:01:00,5112,17.1353,17.13,17.135,17.14,17.13,45
2023-10-10 19:02:00,1855,17.1326,17.13,17.135,17.138,17.13,33
2023-10-10 19:03:00,5280,17.1381,17.135,17.14,17.14,17.13,90
2023-10-10 19:04:00,9365,17.1403,17.145,17.135,17.1496,17.135,89
2023-10-10 19:05:00,7279,17.1368,17.135,17.145,17.145,17.13,106
2023-10-10 19:06:00,13355,17.1447,17.14,17.145,17.155,17.135,148
2023-10-10 19:07:00,9382,17.1517,17.145,17.16,17.16,17.145,91
2023-10-10 19:08:00,10831,17.1523,17.16,17.15,17.165,17.145,134
2023-10-10 19:09:00,6014,17.1515,17.1499,17.1559,17.1559,17.1499,38
2023-10-10 19:10:00,1271,17.1536,17.155,17.155,17.155,17.155,44
2023-10-10 19:11:00,17899,17.133,17.15,17.125,17.15,17.115,161
2023-10-10 19:12:00,2353,17.1225,17.125,17.12,17.125,17.12,53
2023-10-10 19:13:00,14377,17.1061,17.115,17.095,17.115,17.095,123
2023-10-10 19:14:00,7838,17.099,17.095,17.1,17.105,17.09,86
2023-10-10 19:15:00,7974,17.0942,17.09,17.1067,17.11,17.085,117
2023-10-10 19:16:00,2107,17.109,17.1099,17.105,17.11,17.105,28
2023-10-10 19:17:00,3193,17.1032,17.105,17.105,17.105,17.1,37
2023-10-10 19:18:00,2183,17.1018,17.1,17.105,17.11,17.1,52
2023-10-10 19:19:00,6730,17.0963,17.105,17.095,17.105,17.09,76
2023-10-10 19:20:00,6604,17.0814,17.0981,17.065,17.0981,17.06,104
2023-10-10 19:21:00,7259,17.0672,17.06,17.075,17.075,17.06,79
2023-10-10 19:22:00,10533,17.0834,17.075,17.0891,17.0891,17.075,99
2023-10-10 19:23:00,11695,17.0911,17.09,17.085,17.1,17.085,119
2023-10-10 19:24:00,9598,17.0826,17.085,17.0791,17.0893,17.07,78
2023-10-10 19:25:00,6852,17.0739,17.075,17.075,17.08,17.07,77
2023-10-10 19:26:00,5044,17.0662,17.07,17.067,17.07,17.06,66
2023-10-10 19:27:00,24464,17.0557,17.065,17.05,17.07,17.04,166
2023-10-10 19:28:00,4608,17.0546,17.055,17.055,17.06,17.05,57
2023-10-10 19:29:00,3193,17.0551,17.055,17.055,17.06,17.05,53
2023-10-10 19:30:00,17435,17.0493,17.055,17.055,17.055,17.04,205
2023-10-10 19:31:00,36748,17.0605,17.0504,17.09,17.1,17.03,327
2023-10-10 19:32:00,7194,17.0757,17.085,17.0713,17.09,17.07,66
2023-10-10 19:33:00,12111,17.0631,17.075,17.06,17.075,17.06,136
2023-10-10 19:34:00,5988,17.0538,17.067,17.055,17.067,17.05,58
2023-10-10 19:35:00,20142,17.05,17.05,17.05,17.055,17.04,152
2023-10-10 19:36:00,3989,17.0559,17.055,17.055,17.06,17.055,32
2023-10-10 19:37:00,4873,17.0531,17.055,17.055,17.06,17.05,51
2023-10-10 19:38:00,19710,17.0633,17.055,17.085,17.0888,17.05,176
2023-10-10 19:39:00,18378,17.0783,17.085,17.08,17.085,17.075,141
2023-10-10 19:40:00,13122,17.0889,17.085,17.09,17.09,17.085,110
2023-10-10 19:41:00,11023,17.0833,17.09,17.085,17.09,17.08,81
2023-10-10 19:42:00,19524,17.0786,17.08,17.085,17.09,17.08,124
2023-10-10 19:43:00,16702,17.0826,17.085,17.08,17.09,17.08,96
2023-10-10 19:44:00,10908,17.0818,17.08,17.08,17.09,17.08,103
2023-10-10 19:45:00,6899,17.0908,17.085,17.095,17.1,17.085,103
2023-10-10 19:46:00,17337,17.0901,17.09,17.095,17.095,17.085,159
2023-10-10 19:47:00,15851,17.0963,17.09,17.105,17.105,17.09,174
2023-10-10 19:48:00,30437,17.0984,17.105,17.085,17.11,17.08,206
2023-10-10 19:49:00,17640,17.0816,17.085,17.08,17.085,17.08,136
2023-10-10 19:50:00,37347,17.0904,17.09,17.09,17.1,17.085,270
2023-10-10 19:51:00,27462,17.0785,17.09,17.07,17.09,17.07,184
2023-10-10 19:52:00,35450,17.062,17.07,17.05,17.07,17.05,204
2023-10-10 19:53:00,24975,17.0598,17.06,17.055,17.065,17.05,206
2023-10-10 19:54:00,33370,17.0596,17.05,17.0501,17.065,17.05,269
2023-10-10 19:55:00,37920,17.0593,17.05,17.05,17.07,17.05,299
2023-10-10 19:56:00,55134,17.0468,17.05,17.055,17.058,17.035,423
2023-10-10 19:57:00,33412,17.0462,17.055,17.04,17.055,17.04,171
2023-10-10 19:58:00,46183,17.0379,17.04,17.035,17.046,17.03,325
2023-10-10 19:59:00,149668,17.0248,17.04,17.05,17.055,17.015,917
2023-10-10 20:00:00,918,17.05,17.05,17.05,17.05,17.05,7
2023-10-10 20:06:00,2284,17.006,17.01,16.99,17.02,16.99,5
2023-10-10 20:12:00,397,17.0012,17.0,17.0,17.0,17.0,3
2023-10-10 20:26:00,300,17.0,17.0,17.0,17.0,17.0,1
2023-10-10 20:39:00,100,17.02,17.02,17.02,17.02,17.02,1
2023-10-10 20:40:00,100,17.02,17.02,17.02,17.02,17.02,1
2023-10-10 20:42:00,1100,17.0,17.0,17.0,17.0,17.0,1
2023-10-10 23:17:00,100,17.05,17.05,17.05,17.05,17.05,1
2023-10-11 12:00:00,1380,17.2462,17.14,17.253,17.26,17.14,3
2023-10-11 12:01:00,130,17.17,17.17,17.17,17.17,17.17,1
2023-10-11 12:35:00,500,17.2,17.2,17.2,17.2,17.2,1
2023-10-11 12:40:00,300,17.15,17.15,17.15,17.15,17.15,4
2023-10-11 12:46:00,800,17.19,17.19,17.19,17.19,17.19,2
2023-10-11 13:01:00,3050,17.19,17.19,17.19,17.19,17.19,8
2023-10-11 13:03:00,175,17.15,17.15,17.15,17.15,17.15,1
2023-10-11 13:06:00,229,17.2,17.2,17.2,17.2,17.2,1
2023-10-11 13:14:00,1095,17.191,17.19,17.19,17.19,17.19,6
2023-10-11 13:20:00,100,17.16,17.16,17.16,17.16,17.16,1
2023-10-11 13:21:00,170,17.16,17.16,17.16,17.16,17.16,2
2023-10-11 13:24:00,400,17.19,17.19,17.19,17.19,17.19,4
2023-10-11 13:29:00,121,17.19,17.19,17.19,17.19,17.19,1
2023-10-11 13:30:00,102481,17.1967,17.2,17.1701,17.2382,17.17,177
2023-10-11 13:31:00,25368,17.2387,17.17,17.32,17.33,17.17,195
2023-10-11 13:32:00,11706,17.3594,17.35,17.3825,17.397,17.33,100
2023-10-11 13:33:00,20529,17.4136,17.39,17.4561,17.471,17.38,170
2023-10-11 13:34:00,36557,17.481,17.46,17.525,17.54,17.43,217
2023-10-11 13:35:00,35344,17.5464,17.52,17.52,17.56,17.51,111
2023-10-11 13:36:00,10934,17.5194,17.5209,17.5001,17.539,17.495,74
2023-10-11 13:37:00,9217,17.4964,17.5,17.4907,17.51,17.488,55
2023-10-11 13:38:00,18298,17.5038,17.495,17.51,17.53,17.49,105
2023-10-11 13:39:00,17736,17.5255,17.51,17.52,17.54,17.51,130
2023-10-11 13:40:00,26722,17.5236,17.515,17.54,17.54,17.51,149
2023-10-11 13:41:00,9176,17.5083,17.53,17.515,17.53,17.495,122
2023-10-11 13:42:00,11072,17.513,17.525,17.495,17.54,17.48,123
2023-10-11 13:43:00,11888,17.4728,17.49,17.48,17.5,17.4591,101
2023-10-11 13:44:00,19137,17.4558,17.47,17.46,17.47,17.445,120
2023-10-11 13:45:00,12142,17.4108,17.45,17.38,17.46,17.37,120
2023-10-11 13:46:00,5488,17.3893,17.385,17.405,17.405,17.37,60
2023-10-11 13:47:00,6519,17.3973,17.405,17.38,17.407,17.38,72
2023-10-11 13:48:00,11993,17.3625,17.38,17.385,17.388,17.35,93
2023-10-11 13:49:00,8227,17.3554,17.385,17.33,17.3888,17.32,101
2023-10-11 13:50:00,9864,17.3119,17.3337,17.28,17.3389,17.28,103
2023-10-11 13:51:00,9818,17.2389,17.26,17.23,17.27,17.205,136
2023-10-11 13:52:00,4683,17.2734,17.235,17.3,17.3,17.235,68
2023-10-11 13:53:00,18990,17.2994,17.3,17.295,17.3,17.29,145
2023-10-11 13:54:00,8036,17.2767,17.29,17.29,17.295,17.26,110
2023-10-11 13:55:00,5752,17.2937,17.29,17.29,17.3,17.285,87
2023-10-11 13:56:00,3495,17.2981,17.29,17.3,17.3,17.29,60
2023-10-11 13:57:00,7977,17.295,17.3,17.295,17.3,17.29,117
2023-10-11 13:58:00,22330,17.3194,17.3,17.3501,17.36,17.3,208
2023-10-11 13:59:00,4908,17.3565,17.355,17.38,17.385,17.345,81
2023-10-11 14:00:00,9690,17.3568,17.375,17.33,17.375,17.33,126
2023-10-11 14:01:00,37020,17.2969,17.32,17.29,17.32,17.28,316
2023-10-11 14:02:00,32824,17.2841,17.29,17.305,17.309,17.26,218
2023-10-11 14:03:00,3506,17.3091,17.31,17.3,17.32,17.3,58
2023-10-11 14:04:00,7722,17.2962,17.3,17.305,17.305,17.29,91
2023-10-11 14:05:00,3908,17.3104,17.305,17.315,17.32,17.305,44
2023-10-11 14:06:00,4363,17.3011,17.315,17.29,17.3199,17.29,57
2023-10-11 14:07:00,7256,17.2911,17.295,17.29,17.31,17.2807,74
2023-10-11 14:08:00,2918,17.2917,17.285,17.29,17.3,17.28,35
2023-10-11 14:09:00,25535,17.3113,17.29,17.33,17.34,17.275,242
2023-10-11 14:10:00,1020,17.3313,17.325,17.34,17.34,17.325,25
2023-10-11 14:11:00,1438,17.3389,17.34,17.338,17.34,17.338,24
2023-10-11 14:12:00,8325,17.3168,17.33,17.32,17.33,17.305,57
2023-10-11 14:13:00,4885,17.323,17.32,17.32,17.33,17.319,51
2023-10-11 14:14:00,7448,17.3083,17.315,17.3,17.315,17.3,67
2023-10-11 14:15:00,4170,17.3094,17.31,17.31,17.315,17.3,57
2023-10-11 14:16:00,1737,17.3044,17.3,17.3009,17.31,17.3,29
2023-10-11 14:17:00,4628,17.3067,17.305,17.31,17.31,17.3,71
2023-10-11 14:18:00,3166,17.3263,17.31,17.345,17.345,17.31,53
2023-10-11 14:19:00,4097,17.3351,17.34,17.33,17.34,17.325,34
2023-10-11 14:20:00,8339,17.3377,17.32,17.345,17.35,17.305,78
2023-10-11 14:21:00,1999,17.3503,17.35,17.36,17.36,17.345,30
2023-10-11 14:22:00,1468,17.3451,17.35,17.34,17.35,17.335,25
2023-10-11 14:23:00,2771,17.3469,17.33,17.34,17.355,17.33,49
2023-10-11 14:24:00,1735,17.3393,17.335,17.345,17.345,17.332,26
2023-10-11 14:25:00,2645,17.341,17.34,17.34,17.35,17.34,44
2023-10-11 14:26:00,7530,17.3202,17.34,17.3,17.34,17.3,66
2023-10-11 14:27:00,2100,17.3076,17.3,17.31,17.31,17.3,32
2023-10-11 14:28:00,2691,17.3012,17.3,17.3,17.305,17.295,38
2023-10-11 14:29:00,7513,17.3001,17.3,17.3,17.305,17.3,50
2023-10-11 14:30:00,22709,17.2612,17.295,17.24,17.3,17.24,214
2023-10-11 14:31:00,3688,17.2419,17.25,17.25,17.255,17.2357,49
2023-10-11 14:32:00,2380,17.2669,17.255,17.265,17.275,17.255,43
2023-10-11 14:33:00,3440,17.2785,17.275,17.275,17.2897,17.275,30
2023-10-11 14:34:00,5349,17.2747,17.28,17.285,17.285,17.265,48
2023-10-11 14:35:00,6530,17.2839,17.285,17.27,17.295,17.27,64
2023-10-11 14:36:00,3680,17.2616,17.265,17.265,17.27,17.26,43
2023-10-11 14:37:00,10704,17.2545,17.27,17.255,17.27,17.25,54
2023-10-11 14:38:00,11224,17.2437,17.25,17.245,17.25,17.235,72
2023-10-11 14:39:00,6835,17.244,17.2388,17.255,17.255,17.2388,89
2023-10-11 14:40:00,5497,17.2444,17.255,17.24,17.255,17.235,38
2023-10-11 14:41:00,16432,17.2291,17.23,17.245,17.245,17.2157,143
2023-10-11 14:42:00,4563,17.224,17.23,17.2198,17.23,17.2198,40
2023-10-11 14:43:00,1687,17.2223,17.22,17.23,17.23,17.22,33
2023-10-11 14:44:00,3740,17.2256,17.23,17.225,17.23,17.22,56
2023-10-11 14:45:00,7475,17.2134,17.225,17.205,17.225,17.205,75
2023-10-11 14:46:00,714,17.2071,17.205,17.205,17.21,17.205,23
2023-10-11 14:47:00,2443,17.2113,17.205,17.21,17.21,17.205,39
2023-10-11 14:48:00,6493,17.2154,17.21,17.23,17.23,17.205,104
2023-10-11 14:49:00,5803,17.2262,17.229,17.235,17.235,17.22,84
2023-10-11 14:50:00,3537,17.2531,17.24,17.255,17.265,17.24,62
2023-10-11 14:51:00,5843,17.2724,17.26,17.285,17.285,17.26,79
2023-10-11 14:52:00,3478,17.2999,17.29,17.315,17.315,17.29,31
2023-10-11 14:53:00,3076,17.3157,17.32,17.31,17.32,17.31,46
2023-10-11 14:54:00,7932,17.3093,17.31,17.31,17.32,17.305,69
2023-10-11 14:55:00,19609,17.3503,17.32,17.365,17.37,17.315,178
2023-10-11 14:56:00,6122,17.382,17.37,17.3789,17.39,17.37,53
2023-10-11 14:57:00,9370,17.3713,17.38,17.37,17.38,17.365,69
2023-10-11 14:58:00,5327,17.3679,17.38,17.355,17.38,17.355,85
2023-10-11 14:59:00,9625,17.354,17.355,17.36,17.36,17.345,60
2023-10-11 15:00:00,5000,17.3779,17.36,17.3792,17.3799,17.36,34
2023-10-11 15:01:00,5239,17.3853,17.38,17.385,17.39,17.375,52
2023-10-11 15:02:00,4163,17.3827,17.38,17.38,17.3888,17.38,41
2023-10-11 15:03:00,7683,17.3867,17.3882,17.395,17.395,17.38,58
2023-10-11 15:04:00,12022,17.3986,17.39,17.395,17.405,17.39,110
2023-10-11 15:05:00,6733,17.4092,17.395,17.41,17.4192,17.395,44
2023-10-11 15:06:00,9987,17.4184,17.415,17.415,17.425,17.4102,73
2023-10-11 15:07:00,8538,17.4039,17.415,17.4103,17.415,17.3988,86
2023-10-11 15:08:00,3445,17.4158,17.415,17.415,17.4188,17.41,37
2023-10-11 15:09:00,944,17.4153,17.415,17.4112,17.415,17.4112,34
2023-10-11 15:10:00,5330,17.4255,17.42,17.415,17.43,17.415,42
2023-10-11 15:11:00,5274,17.4025,17.4109,17.405,17.4109,17.395,82
2023-10-11 15:12:00,4166,17.3915,17.395,17.3803,17.4,17.3803,43
2023-10-11 15:13:00,5951,17.3608,17.38,17.345,17.38,17.345,61
2023-10-11 15:14:00,7551,17.3459,17.345,17.343,17.355,17.343,46
2023-10-11 15:15:00,6233,17.3461,17.3489,17.35,17.353,17.34,72
2023-10-11 15:16:00,7595,17.3338,17.35,17.3293,17.35,17.325,60
2023-10-11 15:17:00,5878,17.3292,17.33,17.32,17.34,17.315,54
2023-10-11 15:18:00,10634,17.2988,17.31,17.285,17.315,17.285,65
2023-10-11 15:19:00,16825,17.2716,17.2823,17.275,17.285,17.2566,85
2023-10-11 15:20:00,6127,17.272,17.27,17.275,17.275,17.2648,36
2023-10-11 15:21:00,4745,17.2747,17.2655,17.274,17.274,17.2655,22
2023-10-11 15:22:00,5341,17.2815,17.27,17.2875,17.29,17.27,82
2023-10-11 15:23:00,1258,17.2871,17.285,17.29,17.29,17.285,39
2023-10-11 15:24:00,5483,17.2996,17.295,17.3,17.305,17.295,56
2023-10-11 15:25:00,2396,17.3095,17.3,17.31,17.31,17.3,33
2023-10-11 15:26:00,4099,17.3036,17.315,17.3,17.315,17.295,53
2023-10-11 15:27:00,7684,17.2864,17.295,17.29,17.295,17.2771,58
2023-10-11 15:28:00,806,17.293,17.29,17.29,17.299,17.29,16
2023-10-11 15:29:00,5297,17.2892,17.3,17.285,17.3,17.285,25
2023-10-11 15:30:00,5907,17.2918,17.2807,17.305,17.31,17.28,66
2023-10-11 15:31:00,7508,17.3008,17.305,17.2995,17.305,17.29,61
2023-10-11 15:32:00,3190,17.2863,17.295,17.28,17.295,17.28,29
2023-10-11 15:33:00,6414,17.2691,17.275,17.27,17.275,17.26,63
2023-10-11 15:34:00,4532,17.2839,17.28,17.2899,17.2899,17.28,55
2023-10-11 15:35:00,151,17.2819,17.28,17.28,17.28,17.28,4
2023-10-11 15:36:00,7864,17.2711,17.28,17.27,17.28,17.265,41
2023-10-11 15:37:00,4752,17.2723,17.27,17.285,17.285,17.265,64
2023-10-11 15:38:00,3903,17.2795,17.28,17.275,17.285,17.27,21
2023-10-11 15:39:00,2996,17.2762,17.27,17.2817,17.285,17.265,49
2023-10-11 15:40:00,536,17.285,17.29,17.29,17.29,17.285,11
2023-10-11 15:41:00,6639,17.2753,17.285,17.26,17.285,17.26,75
2023-10-11 15:42:00,4760,17.2608,17.26,17.2649,17.2649,17.255,51
2023-10-11 15:43:00,8876,17.249,17.265,17.24,17.265,17.23,96
2023-10-11 15:44:00,1727,17.2356,17.235,17.23,17.235,17.23,34
2023-10-11 15:45:00,9149,17.2483,17.24,17.2601,17.27,17.24,100
2023-10-11 15:46:00,26239,17.239,17.265,17.21,17.265,17.205,244
2023-10-11 15:47:00,1559,17.219,17.22,17.215,17.22,17.215,30
2023-10-11 15:48:00,896,17.2215,17.225,17.22,17.225,17.22,26
2023-10-11 15:49:00,917,17.2203,17.22,17.22,17.22,17.22,13
2023-10-11 15:50:00,957,17.2219,17.225,17.22,17.225,17.22,29
2023-10-11 15:51:00,6152,17.2254,17.2201,17.235,17.235,17.22,45
2023-10-11 15:52:00,8890,17.2632,17.24,17.28,17.28,17.24,75
2023-10-11 15:53:00,1054,17.2689,17.275,17.27,17.275,17.27,20
2023-10-11 15:54:00,7949,17.2651,17.26,17.26,17.27,17.26,46
2023-10-11 15:55:00,3129,17.2646,17.26,17.27,17.27,17.26,35
2023-10-11 15:56:00,3371,17.2513,17.27,17.25,17.27,17.24,44
2023-10-11 15:57:00,6908,17.2463,17.245,17.25,17.25,17.235,48
2023-10-11 15:58:00,3821,17.2401,17.24,17.24,17.245,17.24,74
2023-10-11 15:59:00,324,17.2344,17.2344,17.2344,17.2344,17.2344,5
2023-10-11 16:00:00,1409,17.2317,17.23,17.23,17.23,17.23,53
2023-10-11 16:01:00,435,17.2252,17.225,17.225,17.225,17.225,22
2023-10-11 16:02:00,1200,17.2254,17.22,17.22,17.2295,17.22,16
2023-10-11 16:03:00,5993,17.2041,17.22,17.2,17.22,17.2,78
2023-10-11 16:04:00,701,17.2061,17.209,17.2024,17.209,17.2005,14
2023-10-11 16:05:00,6320,17.1997,17.2,17.2,17.205,17.19,86
2023-10-11 16:06:00,6080,17.203,17.2,17.21,17.21,17.1991,60
2023-10-11 16:07:00,8711,17.2173,17.211,17.22,17.225,17.2101,70
2023-10-11 16:08:00,8676,17.2049,17.21,17.2,17.21,17.2,97
2023-10-11 16:09:00,2168,17.1998,17.2,17.195,17.2,17.195,30
2023-10-11 16:10:00,2090,17.1957,17.2,17.1909,17.2,17.1909,25
2023-10-11 16:11:00,4767,17.2035,17.2,17.205,17.21,17.1957,48
2023-10-11 16:12:00,3791,17.1932,17.21,17.19,17.21,17.19,61
2023-10-11 16:13:00,2949,17.2008,17.19,17.21,17.21,17.19,45
2023-10-11 16:14:00,603,17.2091,17.21,17.205,17.21,17.205,14
2023-10-11 16:15:00,2315,17.1954,17.2,17.19,17.2,17.19,48
2023-10-11 16:16:00,1410,17.1903,17.19,17.19,17.19,17.19,24
2023-10-11 16:17:00,2047,17.1888,17.19,17.19,17.19,17.185,30
2023-10-11 16:18:00,4980,17.1808,17.1809,17.17,17.185,17.17,40
2023-10-11 16:19:00,8255,17.1775,17.175,17.18,17.18,17.1731,63
2023-10-11 16:21:00,542,17.1751,17.175,17.1743,17.18,17.1721,14
2023-10-11 16:22:00,8431,17.1744,17.175,17.18,17.18,17.17,96
2023-10-11 16:23:00,350,17.174,17.17,17.17,17.17,17.17,16
2023-10-11 16:24:00,2606,17.1795,17.175,17.18,17.18,17.175,37
2023-10-11 16:25:00,4498,17.1805,17.1873,17.175,17.1873,17.1747,36
2023-10-11 16:26:00,3759,17.1698,17.17,17.17,17.1701,17.1691,36
2023-10-11 16:27:00,4865,17.1659,17.165,17.17,17.17,17.16,37
2023-10-11 16:28:00,2379,17.1701,17.175,17.16,17.175,17.16,37
2023-10-11 16:29:00,1017,17.1759,17.17,17.18,17.18,17.17,29
2023-10-11 16:30:00,1255,17.1907,17.19,17.195,17.195,17.19,22
2023-10-11 16:31:00,1247,17.187,17.19,17.19,17.19,17.185,27
2023-10-11 16:32:00,3629,17.1897,17.19,17.1875,17.19,17.18,17
2023-10-11 16:33:00,2654,17.1938,17.19,17.1988,17.2,17.19,30
2023-10-11 16:34:00,1979,17.1991,17.195,17.19,17.2,17.19,62
2023-10-11 16:35:00,2805,17.1963,17.195,17.2,17.2,17.195,53
2023-10-11 16:36:00,2311,17.2151,17.21,17.22,17.22,17.21,22
2023-10-11 16:37:00,3786,17.232,17.23,17.24,17.24,17.23,54
2023-10-11 16:38:00,1379,17.2355,17.235,17.24,17.24,17.235,13
2023-10-11 16:40:00,4174,17.2346,17.24,17.23,17.24,17.23,46
2023-10-11 16:41:00,1053,17.2197,17.23,17.23,17.23,17.23,21
2023-10-11 16:42:00,706,17.2329,17.23,17.23,17.23,17.23,12
2023-10-11 16:43:00,6869,17.2217,17.2301,17.22,17.2301,17.2107,58
2023-10-11 16:44:00,4224,17.2113,17.21,17.215,17.215,17.2099,30
2023-10-11 16:45:00,8072,17.2046,17.21,17.21,17.215,17.2,109
2023-10-11 16:46:00,1588,17.2069,17.205,17.205,17.2074,17.205,11
2023-10-11 16:47:00,13183,17.1972,17.21,17.1901,17.21,17.19,141
2023-10-11 16:48:00,4426,17.1849,17.18,17.1857,17.189,17.18,21
2023-10-11 16:49:00,5341,17.1909,17.182,17.1936,17.2,17.182,54
2023-10-11 16:50:00,1267,17.1987,17.19,17.2,17.2,17.19,13
2023-10-11 16:51:00,11681,17.197,17.195,17.195,17.2,17.195,78
2023-10-11 16:52:00,3686,17.1894,17.19,17.18,17.19,17.18,43
2023-10-11 16:53:00,6548,17.1842,17.18,17.2,17.2,17.1795,80
2023-10-11 16:54:00,2838,17.1952,17.19,17.195,17.2,17.19,16
2023-10-11 16:55:00,2829,17.2003,17.2,17.205,17.21,17.195,31
2023-10-11 16:56:00,3263,17.2115,17.21,17.2175,17.22,17.21,39
2023-10-11 16:57:00,5969,17.229,17.22,17.233,17.24,17.22,48
2023-10-11 16:58:00,3818,17.2434,17.24,17.25,17.25,17.24,35
2023-10-11 16:59:00,6031,17.2662,17.245,17.27,17.275,17.245,64
2023-10-11 17:00:00,2942,17.2695,17.275,17.265,17.275,17.265,44
2023-10-11 17:01:00,442,17.2693,17.27,17.27,17.27,17.2675,14
2023-10-11 17:02:00,2143,17.2472,17.26,17.23,17.26,17.23,44
2023-10-11 17:03:00,878,17.2492,17.24,17.24,17.24,17.24,11
2023-10-11 17:04:00,2385,17.2409,17.24,17.24,17.245,17.24,33
2023-10-11 17:05:00,7146,17.242,17.245,17.25,17.25,17.235,49
2023-10-11 17:07:00,1577,17.2505,17.2501,17.2529,17.2529,17.2501,5
2023-10-11 17:08:00,3191,17.2466,17.255,17.24,17.255,17.24,48
2023-10-11 17:09:00,4763,17.248,17.2483,17.245,17.25,17.245,26
2023-10-11 17:10:00,5693,17.2517,17.25,17.25,17.26,17.245,59
2023-10-11 17:11:00,1299,17.2495,17.25,17.255,17.255,17.25,27
2023-10-11 17:12:00,1242,17.2501,17.25,17.25,17.25,17.25,29
2023-10-11 17:13:00,2259,17.2425,17.24,17.24,17.24,17.24,29
2023-10-11 17:14:00,3852,17.2344,17.235,17.24,17.24,17.23,46
2023-10-11 17:15:00,1382,17.2433,17.24,17.24,17.2494,17.24,36
2023-10-11 17:16:00,4760,17.214,17.23,17.2023,17.23,17.2023,53
2023-10-11 17:17:00,420,17.2113,17.21,17.21,17.21,17.21,11
2023-10-11 17:18:00,8537,17.2078,17.2092,17.2,17.2188,17.2,80
2023-10-11 17:19:00,3574,17.1931,17.2,17.19,17.2,17.185,43
2023-10-11 17:20:00,3918,17.1691,17.18,17.16,17.18,17.16,36
2023-10-11 17:21:00,20829,17.1506,17.16,17.14,17.165,17.13,182
2023-10-11 17:22:00,7442,17.1327,17.13,17.135,17.14,17.13,30
2023-10-11 17:23:00,10596,17.1328,17.14,17.13,17.14,17.13,69
2023-10-11 17:24:00,12765,17.1337,17.13,17.13,17.14,17.13,97
2023-10-11 17:25:00,29452,17.1292,17.13,17.12,17.14,17.117,218
2023-10-11 17:26:00,18442,17.1268,17.1107,17.165,17.165,17.1107,107
2023-10-11 17:27:00,6876,17.1611,17.165,17.18,17.18,17.155,62
2023-10-11 17:28:00,8957,17.196,17.19,17.2001,17.21,17.1894,48
2023-10-11 17:29:00,397,17.2055,17.205,17.205,17.205,17.205,10
2023-10-11 17:30:00,7189,17.1955,17.2009,17.185,17.21,17.185,72
2023-10-11 17:31:00,8584,17.1972,17.1899,17.185,17.2101,17.185,62
2023-10-11 17:32:00,4870,17.1679,17.18,17.155,17.18,17.155,71
2023-10-11 17:33:00,2332,17.1517,17.155,17.15,17.155,17.15,39
2023-10-11 17:34:00,5480,17.1525,17.15,17.16,17.16,17.145,65
2023-10-11 17:35:00,8721,17.1642,17.16,17.165,17.17,17.16,74
2023-10-11 17:36:00,13116,17.1668,17.165,17.18,17.18,17.155,104
2023-10-11 17:37:00,1987,17.1886,17.19,17.185,17.19,17.185,15
2023-10-11 17:38:00,14660,17.1654,17.18,17.16,17.18,17.155,121
2023-10-11 17:39:00,10522,17.1605,17.1699,17.16,17.1699,17.16,81
2023-10-11 17:40:00,2629,17.1591,17.155,17.16,17.16,17.155,18
2023-10-11 17:41:00,2671,17.163,17.16,17.165,17.165,17.16,34
2023-10-11 17:42:00,1444,17.1699,17.1699,17.17,17.17,17.1699,9
2023-10-11 17:43:00,230,17.1663,17.165,17.165,17.165,17.165,23
2023-10-11 17:44:00,7350,17.1705,17.17,17.165,17.175,17.165,67
2023-10-11 17:45:00,3552,17.1797,17.17,17.185,17.185,17.17,65
2023-10-11 17:46:00,5177,17.1824,17.19,17.18,17.19,17.18,73
2023-10-11 17:47:00,8604,17.1689,17.175,17.1695,17.175,17.165,75
2023-10-11 17:48:00,6435,17.1703,17.17,17.175,17.175,17.165,82
2023-10-11 17:49:00,5312,17.1709,17.172,17.165,17.1799,17.16,62
2023-10-11 17:50:00,3067,17.1634,17.165,17.16,17.165,17.16,15
2023-10-11 17:51:00,10198,17.177,17.165,17.18,17.19,17.165,101
2023-10-11 17:52:00,3838,17.1831,17.175,17.185,17.19,17.175,42
2023-10-11 17:53:00,2541,17.1852,17.185,17.185,17.19,17.185,26
2023-10-11 17:54:00,1638,17.1864,17.185,17.1865,17.1865,17.185,15
2023-10-11 17:55:00,2939,17.1917,17.19,17.195,17.2,17.19,40
2023-10-11 17:56:00,7922,17.2073,17.2,17.2101,17.215,17.2,90
2023-10-11 17:57:00,2112,17.2113,17.2101,17.215,17.215,17.2101,43
2023-10-11 17:58:00,2948,17.2151,17.2194,17.2101,17.2194,17.21,24
2023-10-11 17:59:00,3748,17.2091,17.21,17.215,17.215,17.21,43
2023-10-11 18:00:00,6049,17.2204,17.21,17.23,17.235,17.21,75
2023-10-11 18:01:00,1396,17.2315,17.235,17.23,17.235,17.23,37
2023-10-11 18:02:00,5713,17.2302,17.23,17.226,17.235,17.226,46
2023-10-11 18:03:00,3234,17.2327,17.23,17.23,17.24,17.23,45
2023-10-11 18:04:00,6962,17.2397,17.23,17.245,17.25,17.23,77
2023-10-11 18:05:00,3182,17.2545,17.25,17.2581,17.2581,17.25,52
2023-10-11 18:06:00,3030,17.2536,17.255,17.26,17.26,17.2509,47
2023-10-11 18:07:00,1264,17.2591,17.26,17.26,17.26,17.255,65
2023-10-11 18:08:00,2927,17.2647,17.26,17.265,17.27,17.26,36
2023-10-11 18:09:00,9051,17.2562,17.26,17.25,17.265,17.25,103
2023-10-11 18:10:00,18335,17.2683,17.2595,17.2792,17.28,17.2557,165
2023-10-11 18:11:00,4171,17.2848,17.275,17.295,17.295,17.275,47
2023-10-11 18:12:00,8322,17.2919,17.29,17.299,17.2999,17.285,49
2023-10-11 18:13:00,4733,17.2939,17.295,17.2904,17.2984,17.29,28
2023-10-11 18:14:00,8844,17.2889,17.2901,17.285,17.3,17.2849,48
2023-10-11 18:15:00,3443,17.2845,17.2801,17.29,17.29,17.28,57
2023-10-11 18:16:00,8889,17.2999,17.3,17.2931,17.305,17.2931,61
2023-10-11 18:17:00,7617,17.2919,17.2901,17.305,17.305,17.2901,40
2023-10-11 18:18:00,3651,17.3112,17.31,17.315,17.32,17.305,52
2023-10-11 18:19:00,4810,17.305,17.315,17.295,17.315,17.295,62
2023-10-11 18:20:00,4739,17.3,17.295,17.305,17.31,17.295,40
2023-10-11 18:21:00,4458,17.3046,17.305,17.305,17.309,17.3,44
2023-10-11 18:22:00,6202,17.3165,17.31,17.315,17.32,17.31,92
2023-10-11 18:23:00,8716,17.3389,17.32,17.34,17.35,17.32,112
2023-10-11 18:24:00,5448,17.3433,17.34,17.345,17.3462,17.335,46
2023-10-11 18:25:00,10794,17.3487,17.3434,17.3617,17.37,17.34,139
2023-10-11 18:26:00,5594,17.3657,17.365,17.3699,17.37,17.36,40
2023-10-11 18:27:00,31672,17.337,17.3601,17.3201,17.365,17.32,193
2023-10-11 18:28:00,5967,17.3196,17.33,17.32,17.33,17.315,77
2023-10-11 18:29:00,5294,17.3109,17.31,17.315,17.315,17.3057,55
2023-10-11 18:30:00,4384,17.309,17.31,17.3074,17.3101,17.3072,51
2023-10-11 18:31:00,4070,17.3076,17.31,17.305,17.31,17.304,47
2023-10-11 18:32:00,3999,17.3114,17.31,17.315,17.315,17.31,73
2023-10-11 18:33:00,10395,17.3077,17.31,17.3071,17.31,17.295,90
2023-10-11 18:34:00,1281,17.3048,17.305,17.305,17.305,17.305,30
2023-10-11 18:35:00,6489,17.3188,17.31,17.325,17.325,17.31,96
2023-10-11 18:36:00,1509,17.3328,17.33,17.335,17.3375,17.33,46
2023-10-11 18:37:00,3125,17.3368,17.33,17.34,17.34,17.33,40
2023-10-11 18:38:00,7607,17.347,17.34,17.36,17.36,17.34,98
2023-10-11 18:39:00,13308,17.3604,17.36,17.36,17.365,17.36,129
2023-10-11 18:40:00,3424,17.3521,17.355,17.35,17.355,17.35,68
2023-10-11 18:41:00,3060,17.3495,17.35,17.3499,17.35,17.34,48
2023-10-11 18:42:00,1771,17.3486,17.3493,17.345,17.3493,17.345,17
2023-10-11 18:43:00,7426,17.3412,17.345,17.345,17.345,17.335,93
2023-10-11 18:44:00,3575,17.3489,17.3456,17.35,17.36,17.3456,54
2023-10-11 18:45:00,4227,17.3553,17.355,17.355,17.36,17.355,38
2023-10-11 18:46:00,13440,17.3586,17.355,17.36,17.3661,17.35,148
2023-10-11 18:47:00,6326,17.3565,17.3501,17.365,17.365,17.3501,59
2023-10-11 18:48:00,8582,17.3701,17.3609,17.39,17.39,17.36,95
2023-10-11 18:49:00,20198,17.3678,17.38,17.35,17.385,17.349,200
2023-10-11 18:50:00,11259,17.3609,17.355,17.36,17.37,17.3546,61
2023-10-11 18:51:00,3711,17.3578,17.36,17.355,17.36,17.355,36
2023-10-11 18:52:00,1247,17.3536,17.355,17.35,17.355,17.35,72
2023-10-11 18:53:00,16212,17.3659,17.359,17.37,17.375,17.3557,175
2023-10-11 18:54:00,7814,17.36,17.37,17.3584,17.37,17.3584,72
2023-10-11 18:55:00,7206,17.3529,17.35,17.355,17.355,17.35,70
2023-10-11 18:56:00,1951,17.3578,17.355,17.355,17.355,17.355,40
2023-10-11 18:57:00,2279,17.3555,17.355,17.355,17.36,17.355,58
2023-10-11 18:58:00,1372,17.3561,17.355,17.355,17.36,17.355,37
2023-10-11 18:59:00,3623,17.3593,17.36,17.36,17.36,17.355,52
2023-10-11 19:00:00,10722,17.36,17.36,17.355,17.365,17.355,114
2023-10-11 19:01:00,15295,17.3467,17.35,17.33,17.355,17.33,165
2023-10-11 19:02:00,7523,17.3453,17.34,17.35,17.355,17.34,109
2023-10-11 19:03:00,2357,17.3512,17.35,17.36,17.36,17.35,45
2023-10-11 19:04:00,3359,17.3479,17.35,17.345,17.35,17.345,54
2023-10-11 19:05:00,3507,17.3411,17.34,17.34,17.345,17.34,62
2023-10-11 19:06:00,2689,17.3426,17.34,17.345,17.345,17.34,53
2023-10-11 19:07:00,2173,17.3425,17.345,17.345,17.345,17.3401,65
2023-10-11 19:08:00,1793,17.345,17.345,17.345,17.345,17.34,47
2023-10-11 19:09:00,9371,17.3374,17.345,17.34,17.345,17.33,156
2023-10-11 19:10:00,3605,17.3397,17.34,17.34,17.345,17.335,80
2023-10-11 19:11:00,3798,17.3376,17.335,17.345,17.345,17.3327,72
2023-10-11 19:12:00,6142,17.342,17.345,17.34,17.35,17.34,80
2023-10-11 19:13:00,8342,17.331,17.335,17.33,17.335,17.325,125
2023-10-11 19:14:00,5755,17.3203,17.325,17.3199,17.325,17.315,94
2023-10-11 19:15:00,2757,17.3205,17.32,17.32,17.325,17.3188,56
2023-10-11 19:16:00,1693,17.32,17.32,17.325,17.325,17.315,53
2023-10-11 19:17:00,2295,17.3246,17.32,17.33,17.33,17.32,47
2023-10-11 19:18:00,1013,17.3256,17.325,17.325,17.325,17.325,31
2023-10-11 19:19:00,4435,17.3346,17.325,17.345,17.345,17.325,92
2023-10-11 19:20:00,3553,17.3455,17.35,17.345,17.35,17.345,47
2023-10-11 19:21:00,1003,17.3472,17.345,17.345,17.35,17.345,33
2023-10-11 19:22:00,11603,17.3495,17.35,17.355,17.355,17.35,165
2023-10-11 19:23:00,1609,17.3545,17.355,17.355,17.355,17.35,26
2023-10-11 19:24:00,2403,17.352,17.3514,17.355,17.355,17.3514,43
2023-10-11 19:25:00,13678,17.3647,17.36,17.37,17.37,17.36,103
2023-10-11 19:26:00,9357,17.3711,17.375,17.375,17.375,17.37,107
2023-10-11 19:27:00,6632,17.3785,17.37,17.38,17.38,17.37,62
2023-10-11 19:28:00,14578,17.396,17.385,17.415,17.415,17.385,82
2023-10-11 19:29:00,14279,17.4242,17.42,17.43,17.43,17.42,77
2023-10-11 19:30:00,6094,17.4131,17.4212,17.405,17.4212,17.405,76
2023-10-11 19:31:00,3500,17.3963,17.4,17.385,17.4,17.385,50
2023-10-11 19:32:00,4569,17.3895,17.3889,17.395,17.395,17.385,53
2023-10-11 19:33:00,5929,17.3917,17.395,17.395,17.4,17.39,56
2023-10-11 19:34:00,11143,17.3856,17.395,17.3701,17.395,17.37,135
2023-10-11 19:35:00,6560,17.3703,17.37,17.36,17.3706,17.36,58
2023-10-11 19:36:00,4351,17.3592,17.36,17.355,17.36,17.35,33
2023-10-11 19:37:00,1218,17.3529,17.35,17.35,17.355,17.35,19
2023-10-11 19:38:00,7203,17.3616,17.355,17.365,17.365,17.355,105
2023-10-11 19:39:00,6248,17.3692,17.37,17.37,17.375,17.365,78
2023-10-11 19:40:00,2305,17.3678,17.37,17.3696,17.37,17.36,23
2023-10-11 19:41:00,3931,17.3655,17.37,17.37,17.37,17.36,48
2023-10-11 19:42:00,12365,17.3688,17.3625,17.37,17.375,17.3625,134
2023-10-11 19:43:00,12578,17.3608,17.365,17.355,17.37,17.355,101
2023-10-11 19:44:00,5352,17.3606,17.35,17.355,17.355,17.35,27
2023-10-11 19:45:00,8961,17.3471,17.355,17.345,17.355,17.34,91
2023-10-11 19:46:00,12433,17.3401,17.34,17.335,17.345,17.335,121
2023-10-11 19:47:00,4960,17.3377,17.335,17.33,17.34,17.33,42
2023-10-11 19:48:00,15506,17.3306,17.335,17.325,17.335,17.32,169
2023-10-11 19:49:00,11058,17.3196,17.325,17.305,17.325,17.305,116
2023-10-11 19:50:00,19627,17.3064,17.3,17.3,17.31,17.3,182
2023-10-11 19:51:00,9408,17.3064,17.31,17.305,17.31,17.3,107
2023-10-11 19:52:00,6660,17.3042,17.305,17.305,17.31,17.3,89
2023-10-11 19:53:00,55027,17.3102,17.31,17.308,17.32,17.3,361
2023-10-11 19:54:00,16881,17.3012,17.305,17.28,17.305,17.28,117
2023-10-11 19:55:00,30877,17.2817,17.285,17.28,17.29,17.28,153
2023-10-11 19:56:00,61028,17.2853,17.285,17.285,17.295,17.27,403
2023-10-11 19:57:00,21562,17.2927,17.29,17.295,17.3,17.29,176
2023-10-11 19:58:00,56637,17.2864,17.295,17.2725,17.3,17.2725,380
2023-10-11 19:59:00,67705,17.2808,17.275,17.29,17.29,17.27,509
2023-10-11 20:00:00,390,17.28,17.28,17.28,17.28,17.28,5
2023-10-11 20:20:00,200,17.36,17.36,17.36,17.36,17.36,2
2023-10-11 20:23:00,200,17.36,17.36,17.36,17.36,17.36,4
2023-10-11 20:30:00,300,17.35,17.35,17.35,17.35,17.35,8
2023-10-11 20:44:00,4030,17.3327,17.3327,17.3327,17.3327,17.3327,1
2023-10-11 23:48:00,300,17.3399,17.3399,17.3399,17.3399,17.3399,1
2023-10-12 09:46:00,130,17.49,17.49,17.49,17.49,17.49,1
2023-10-12 12:00:00,750,17.47,17.47,17.47,17.47,17.47,1
2023-10-12 12:22:00,400,17.46,17.46,17.46,17.46,17.46,1
2023-10-12 12:35:00,321,17.3593,17.36,17.36,17.36,17.36,3
2023-10-12 12:37:00,622,17.2955,17.3,17.29,17.3,17.29,6
2023-10-12 12:43:00,1000,17.26,17.26,17.26,17.26,17.26,1
2023-10-12 12:46:00,1000,17.26,17.26,17.26,17.26,17.26,1
2023-10-12 13:08:00,1000,17.2905,17.29,17.29,17.29,17.29,3
2023-10-12 13:21:00,200,17.295,17.3,17.29,17.3,17.29,2
2023-10-12 13:30:00,49975,17.3362,17.34,17.32,17.36,17.3,94
2023-10-12 13:31:00,45876,17.2324,17.3076,17.19,17.3076,17.19,131
2023-10-12 13:32:00,8166,17.2032,17.19,17.23,17.24,17.17,62
2023-10-12 13:33:00,1585,17.2275,17.224,17.25,17.25,17.22,22
2023-10-12 13:34:00,7828,17.2215,17.235,17.22,17.25,17.2,32
2023-10-12 13:35:00,2420,17.2213,17.2215,17.225,17.225,17.21,29
2023-10-12 13:36:00,9899,17.2029,17.22,17.13,17.23,17.13,100
2023-10-12 13:37:00,7798,17.1449,17.125,17.14,17.17,17.125,63
2023-10-12 13:38:00,18007,17.0976,17.13,17.06,17.13,17.055,154
2023-10-12 13:39:00,27436,17.0564,17.0598,17.09,17.1,17.03,169
2023-10-12 13:40:00,3831,17.0523,17.075,17.015,17.075,17.015,73
2023-10-12 13:41:00,32447,17.0095,17.015,16.98,17.03,16.98,180
2023-10-12 13:42:00,17621,16.9109,16.96,16.91,16.96,16.87,157
2023-10-12 13:43:00,17224,16.9358,16.9,16.96,16.99,16.9,173
2023-10-12 13:44:00,6779,16.9539,16.97,16.94,16.97,16.93,68
2023-10-12 13:45:00,6917,16.9379,16.93,16.92,16.945,16.92,86
2023-10-12 13:46:00,2336,16.922,16.91,16.91,16.93,16.91,67
2023-10-12 13:47:00,7352,16.9369,16.905,16.99,16.99,16.905,88
2023-10-12 13:48:00,12820,16.9692,16.97,16.965,16.99,16.95,83
2023-10-12 13:49:00,9428,16.9662,16.97,16.98,16.99,16.95,116
2023-10-12 13:50:00,3012,16.9709,16.975,16.97,16.98,16.96,47
2023-10-12 13:51:00,4099,16.9771,16.97,16.97,16.98,16.97,61
2023-10-12 13:52:00,3513,16.9872,16.98,16.985,16.99,16.98,39
2023-10-12 13:53:00,15233,16.9836,16.99,17.0,17.0,16.97,110
2023-10-12 13:54:00,32936,16.9941,17.005,16.98,17.01,16.97,172
2023-10-12 13:55:00,8858,16.9568,16.96,16.99,16.99,16.95,75
2023-10-12 13:56:00,5737,17.0012,17.0,17.005,17.01,17.0,41
2023-10-12 13:57:00,6247,17.0083,17.005,17.01,17.02,17.005,73
2023-10-12 13:58:00,14825,17.0129,17.01,17.02,17.03,16.99,134
2023-10-12 13:59:00,21377,17.0381,17.02,17.06,17.06,17.0184,165
2023-10-12 14:00:00,9639,17.0511,17.055,17.05,17.06,17.04,77
2023-10-12 14:01:00,10177,17.0221,17.04,17.005,17.04,17.005,95
2023-10-12 14:02:00,5404,16.9965,17.0,17.0,17.005,16.985,94
2023-10-12 14:03:00,7612,17.007,17.0,17.02,17.02,17.0,69
2023-10-12 14:04:00,2439,17.0236,17.02,17.035,17.035,17.01,49
2023-10-12 14:05:00,4488,17.0469,17.04,17.05,17.05,17.04,56
2023-10-12 14:06:00,18291,17.0534,17.05,17.06,17.06,17.05,75
2023-10-12 14:07:00,12637,17.0587,17.065,17.05,17.07,17.05,66
2023-10-12 14:08:00,8521,17.0716,17.055,17.105,17.105,17.055,47
2023-10-12 14:09:00,34091,17.1315,17.11,17.17,17.17,17.105,180
2023-10-12 14:10:00,5917,17.1902,17.18,17.19,17.2,17.18,43
2023-10-12 14:11:00,6258,17.1993,17.1982,17.2197,17.22,17.1982,64
2023-10-12 14:12:00,29868,17.2329,17.22,17.22,17.25,17.21,206
2023-10-12 14:13:00,4488,17.2181,17.2206,17.2,17.2288,17.2,39
2023-10-12 14:14:00,13485,17.1898,17.2091,17.19,17.2091,17.18,89
2023-10-12 14:15:00,2741,17.1863,17.2,17.175,17.2,17.175,60
2023-10-12 14:16:00,20890,17.1298,17.165,17.08,17.1701,17.08,137
2023-10-12 14:17:00,19489,17.0968,17.08,17.1096,17.11,17.07,92
2023-10-12 14:18:00,4649,17.1007,17.11,17.1,17.11,17.1,67
2023-10-12 14:19:00,5906,17.0918,17.1,17.1,17.1,17.0865,45
2023-10-12 14:20:00,11368,17.0924,17.101,17.089,17.11,17.08,94
2023-10-12 14:21:00,1925,17.1041,17.09,17.0886,17.09,17.08,26
2023-10-12 14:22:00,18333,17.0928,17.09,17.12,17.12,17.08,174
2023-10-12 14:23:00,34809,17.0966,17.119,17.1,17.1235,17.079,267
2023-10-12 14:24:00,10264,17.1022,17.1121,17.1008,17.1121,17.09,76
2023-10-12 14:25:00,4735,17.1045,17.11,17.1,17.115,17.095,60
2023-10-12 14:26:00,11976,17.0916,17.1001,17.065,17.105,17.065,111
2023-10-12 14:27:00,17701,17.0989,17.06,17.145,17.145,17.05,155
2023-10-12 14:28:00,16013,17.092,17.13,17.07,17.13,17.07,148
2023-10-12 14:29:00,9216,17.0521,17.07,17.055,17.07,17.045,60
2023-10-12 14:30:00,7537,17.0564,17.0599,17.0601,17.07,17.05,66
2023-10-12 14:31:00,10586,17.0876,17.065,17.105,17.105,17.065,73
2023-10-12 14:32:00,6143,17.1008,17.1,17.1011,17.1075,17.0989,50
2023-10-12 14:33:00,7573,17.1236,17.105,17.125,17.1301,17.1,57
2023-10-12 14:34:00,9900,17.127,17.1201,17.14,17.14,17.12,74
2023-10-12 14:35:00,12223,17.1308,17.1372,17.125,17.145,17.1183,81
2023-10-12 14:36:00,5816,17.1362,17.13,17.145,17.15,17.1294,38
2023-10-12 14:37:00,6150,17.1425,17.145,17.17,17.17,17.1301,48
2023-10-12 14:38:00,9881,17.1589,17.1679,17.17,17.17,17.1494,54
2023-10-12 14:39:00,2927,17.1702,17.17,17.17,17.175,17.17,45
2023-10-12 14:40:00,2671,17.1736,17.17,17.1772,17.1772,17.17,29
2023-10-12 14:41:00,3059,17.1672,17.17,17.17,17.17,17.165,29
2023-10-12 14:42:00,2082,17.1625,17.1796,17.165,17.18,17.165,36
2023-10-12 14:43:00,6957,17.1862,17.17,17.2,17.2,17.17,83
2023-10-12 14:44:00,32318,17.1951,17.2,17.18,17.205,17.175,181
2023-10-12 14:45:00,8418,17.1661,17.1799,17.18,17.18,17.1556,59
2023-10-12 14:46:00,8944,17.2006,17.1896,17.2187,17.22,17.185,62
2023-10-12 14:47:00,9882,17.2054,17.2101,17.2001,17.215,17.2,74
2023-10-12 14:48:00,4336,17.2056,17.205,17.215,17.215,17.2,40
2023-10-12 14:49:00,6713,17.1963,17.21,17.195,17.21,17.19,53
2023-10-12 14:50:00,5467,17.1833,17.19,17.18,17.19,17.175,65
2023-10-12 14:51:00,9273,17.159,17.175,17.145,17.175,17.145,52
2023-10-12 14:52:00,603,17.1488,17.145,17.15,17.15,17.145,15
2023-10-12 14:53:00,1345,17.1327,17.14,17.13,17.14,17.13,31
2023-10-12 14:54:00,9301,17.1216,17.125,17.115,17.125,17.11,69
2023-10-12 14:55:00,8587,17.1101,17.12,17.105,17.12,17.105,69
2023-10-12 14:56:00,4286,17.1192,17.11,17.13,17.13,17.11,48
2023-10-12 14:57:00,3891,17.1196,17.12,17.11,17.12,17.11,17
2023-10-12 14:58:00,6443,17.1177,17.11,17.125,17.1259,17.11,62
2023-10-12 14:59:00,6836,17.1307,17.13,17.1316,17.1365,17.1278,43
2023-10-12 15:00:00,4791,17.1225,17.135,17.1191,17.135,17.115,42
2023-10-12 15:01:00,3190,17.1113,17.11,17.1,17.12,17.1,47
2023-10-12 15:02:00,8128,17.0869,17.1,17.08,17.1,17.075,92
2023-10-12 15:03:00,7438,17.0802,17.08,17.08,17.09,17.07,78
2023-10-12 15:04:00,8752,17.1108,17.085,17.1167,17.1189,17.085,47
2023-10-12 15:05:00,7570,17.1112,17.115,17.11,17.115,17.105,77
2023-10-12 15:06:00,5339,17.1007,17.105,17.1,17.105,17.095,61
2023-10-12 15:07:00,18883,17.0985,17.0999,17.085,17.11,17.085,124
2023-10-12 15:08:00,3608,17.0818,17.0812,17.08,17.085,17.08,42
2023-10-12 15:09:00,1497,17.0845,17.08,17.09,17.09,17.08,48
2023-10-12 15:10:00,11887,17.1101,17.0994,17.125,17.125,17.0994,95
2023-10-12 15:11:00,2819,17.1123,17.12,17.11,17.12,17.105,70
2023-10-12 15:12:00,2379,17.11,17.11,17.11,17.11,17.11,55
2023-10-12 15:13:00,2147,17.1121,17.11,17.12,17.12,17.11,48
2023-10-12 15:14:00,4996,17.1097,17.115,17.11,17.115,17.1,78
2023-10-12 15:15:00,2842,17.1035,17.105,17.1,17.105,17.1,28
2023-10-12 15:16:00,10995,17.1016,17.105,17.11,17.11,17.0935,115
2023-10-12 15:17:00,10080,17.1225,17.105,17.13,17.13,17.105,56
2023-10-12 15:18:00,6295,17.1326,17.1307,17.131,17.135,17.13,36
2023-10-12 15:19:00,1985,17.137,17.13,17.139,17.139,17.13,25
2023-10-12 15:20:00,3275,17.1349,17.135,17.135,17.135,17.135,29
2023-10-12 15:21:00,11015,17.134,17.13,17.13,17.14,17.13,110
2023-10-12 15:22:00,3169,17.1399,17.13,17.135,17.145,17.13,73
2023-10-12 15:23:00,5521,17.1539,17.1399,17.16,17.165,17.1399,79
2023-10-12 15:24:00,20731,17.1593,17.16,17.15,17.175,17.15,164
2023-10-12 15:25:00,7592,17.1591,17.155,17.1631,17.165,17.1501,72
2023-10-12 15:26:00,26204,17.1147,17.16,17.0899,17.165,17.085,211
2023-10-12 15:27:00,4887,17.0987,17.09,17.105,17.105,17.0895,30
2023-10-12 15:28:00,2385,17.0984,17.105,17.0963,17.105,17.0963,31
2023-10-12 15:29:00,8622,17.0864,17.1,17.08,17.1,17.08,94
2023-10-12 15:30:00,4810,17.0955,17.09,17.095,17.1,17.09,64
2023-10-12 15:31:00,6541,17.0701,17.09,17.0699,17.09,17.06,73
2023-10-12 15:32:00,9848,17.0643,17.065,17.0649,17.0731,17.055,77
2023-10-12 15:33:00,12765,17.0674,17.07,17.065,17.075,17.06,125
2023-10-12 15:34:00,6823,17.0789,17.07,17.0897,17.0897,17.07,60
2023-10-12 15:35:00,8299,17.0803,17.0852,17.075,17.09,17.07,61
2023-10-12 15:36:00,1334,17.0829,17.0845,17.08,17.085,17.08,14
2023-10-12 15:37:00,5442,17.0741,17.075,17.065,17.0791,17.065,48
2023-10-12 15:38:00,2356,17.0658,17.06,17.06,17.0699,17.06,27
2023-10-12 15:39:00,1081,17.0643,17.065,17.065,17.065,17.06,22
2023-10-12 15:40:00,11829,17.0767,17.06,17.065,17.085,17.06,100
2023-10-12 15:41:00,7410,17.0706,17.065,17.065,17.075,17.065,46
2023-10-12 15:42:00,5578,17.0612,17.065,17.055,17.065,17.055,65
2023-10-12 15:43:00,4232,17.0671,17.05,17.07,17.07,17.05,71
2023-10-12 15:44:00,3233,17.0753,17.06,17.085,17.085,17.06,55
2023-10-12 15:45:00,7317,17.0731,17.08,17.065,17.08,17.065,72
2023-10-12 15:46:00,4993,17.0602,17.065,17.0599,17.065,17.055,52
2023-10-12 15:47:00,7472,17.0616,17.0609,17.065,17.065,17.0595,43
2023-10-12 15:48:00,3224,17.0602,17.06,17.06,17.0601,17.06,24
2023-10-12 15:49:00,10785,17.0515,17.068,17.055,17.068,17.04,100
2023-10-12 15:50:00,6661,17.0462,17.05,17.04,17.05,17.04,52
2023-10-12 15:51:00,2223,17.0455,17.04,17.045,17.05,17.04,22
2023-10-12 15:52:00,5030,17.0511,17.045,17.055,17.06,17.045,63
2023-10-12 15:53:00,7244,17.0686,17.05,17.08,17.08,17.05,110
2023-10-12 15:54:00,3994,17.0798,17.085,17.085,17.085,17.075,62
2023-10-12 15:55:00,12018,17.0867,17.085,17.09,17.095,17.08,84
2023-10-12 15:56:00,7324,17.0848,17.085,17.075,17.09,17.075,73
2023-10-12 15:57:00,281,17.0737,17.07,17.07,17.07,17.07,18
2023-10-12 15:58:00,5412,17.0699,17.07,17.075,17.075,17.065,52
2023-10-12 15:59:00,7986,17.0766,17.075,17.09,17.09,17.06,84
2023-10-12 16:00:00,7754,17.0896,17.0888,17.095,17.095,17.085,62
2023-10-12 16:01:00,2020,17.0862,17.095,17.08,17.095,17.08,47
2023-10-12 16:02:00,6322,17.0554,17.07,17.0499,17.07,17.0499,73
2023-10-12 16:03:00,2521,17.0518,17.05,17.055,17.056,17.05,28
2023-10-12 16:04:00,6040,17.0392,17.055,17.0407,17.055,17.035,66
2023-10-12 16:05:00,3564,17.052,17.0492,17.055,17.06,17.0492,24
2023-10-12 16:06:00,3223,17.0601,17.05,17.06,17.06,17.05,59
2023-10-12 16:07:00,1813,17.0613,17.0601,17.065,17.0675,17.0601,17
2023-10-12 16:08:00,4538,17.0748,17.06,17.085,17.085,17.06,56
2023-10-12 16:09:00,1681,17.0849,17.09,17.085,17.09,17.085,19
2023-10-12 16:10:00,1122,17.0819,17.09,17.085,17.09,17.0801,20
2023-10-12 16:11:00,3844,17.0821,17.09,17.085,17.09,17.0801,19
2023-10-12 16:12:00,7556,17.077,17.09,17.0688,17.095,17.0688,87
2023-10-12 16:13:00,4457,17.0696,17.075,17.065,17.075,17.065,22
2023-10-12 16:14:00,7617,17.0614,17.065,17.0691,17.0691,17.055,84
2023-10-12 16:15:00,6815,17.0714,17.065,17.0759,17.0759,17.065,57
2023-10-12 16:16:00,12651,17.0706,17.0759,17.065,17.0762,17.06,69
2023-10-12 16:17:00,4961,17.0747,17.069,17.075,17.08,17.069,25
2023-10-12 16:18:00,12963,17.0901,17.09,17.09,17.095,17.085,135
2023-10-12 16:19:00,1575,17.0874,17.088,17.088,17.088,17.088,12
2023-10-12 16:20:00,14297,17.079,17.09,17.065,17.0905,17.065,120
2023-10-12 16:21:00,13717,17.0766,17.065,17.095,17.095,17.0648,83
2023-10-12 16:22:00,12168,17.086,17.095,17.085,17.095,17.08,80
2023-10-12 16:23:00,8721,17.0932,17.085,17.1,17.1,17.085,54
2023-10-12 16:24:00,17700,17.1058,17.105,17.105,17.12,17.1,100
2023-10-12 16:25:00,12292,17.0943,17.1001,17.085,17.105,17.08,87
2023-10-12 16:26:00,9350,17.0905,17.0805,17.1,17.1,17.0805,42
2023-10-12 16:27:00,6781,17.0867,17.095,17.0899,17.095,17.08,86
2023-10-12 16:28:00,6966,17.0888,17.095,17.08,17.095,17.08,46
2023-10-12 16:29:00,3532,17.0881,17.085,17.09,17.09,17.085,30
2023-10-12 16:30:00,10942,17.1004,17.1,17.095,17.105,17.0901,88
2023-10-12 16:31:00,213,17.0935,17.095,17.095,17.095,17.095,7
2023-10-12 16:32:00,5161,17.0908,17.095,17.09,17.095,17.09,58
2023-10-12 16:33:00,2325,17.0903,17.09,17.09,17.09,17.09,26
2023-10-12 16:34:00,1566,17.088,17.09,17.085,17.09,17.085,41
2023-10-12 16:35:00,3542,17.0837,17.0857,17.085,17.0857,17.0808,38
2023-10-12 16:36:00,4120,17.0875,17.0809,17.1,17.1,17.0809,60
2023-10-12 16:37:00,5489,17.1005,17.095,17.105,17.105,17.095,61
2023-10-12 16:38:00,2235,17.1091,17.105,17.115,17.115,17.105,54
2023-10-12 16:39:00,4533,17.1169,17.115,17.115,17.12,17.115,55
2023-10-12 16:40:00,3829,17.1194,17.1101,17.13,17.13,17.11,36
2023-10-12 16:41:00,4358,17.1259,17.125,17.1299,17.1299,17.1234,24
2023-10-12 16:42:00,288,17.1177,17.125,17.125,17.125,17.125,9
2023-10-12 16:43:00,748,17.1262,17.13,17.13,17.13,17.13,27
2023-10-12 16:44:00,6275,17.1321,17.13,17.135,17.14,17.13,61
2023-10-12 16:45:00,7908,17.1243,17.14,17.12,17.14,17.12,66
2023-10-12 16:46:00,5686,17.1036,17.11,17.1,17.115,17.09,66
2023-10-12 16:47:00,5208,17.0897,17.0908,17.0892,17.0908,17.085,29
2023-10-12 16:48:00,3266,17.0851,17.0892,17.0808,17.0892,17.0808,19
2023-10-12 16:49:00,12242,17.0678,17.085,17.05,17.085,17.05,119
2023-10-12 16:50:00,2012,17.0569,17.05,17.055,17.055,17.05,25
2023-10-12 16:51:00,5140,17.0534,17.0511,17.0599,17.0599,17.05,27
2023-10-12 16:52:00,2381,17.0547,17.0507,17.055,17.055,17.0507,28
2023-10-12 16:53:00,3965,17.0673,17.06,17.07,17.075,17.06,68
2023-10-12 16:54:00,389,17.0645,17.065,17.065,17.065,17.065,16
2023-10-12 16:55:00,3451,17.0539,17.065,17.04,17.065,17.04,54
2023-10-12 16:56:00,995,17.0417,17.04,17.0373,17.04,17.03,16
2023-10-12 16:57:00,1868,17.0287,17.03,17.02,17.03,17.02,47
2023-10-12 16:58:00,1691,17.0227,17.025,17.025,17.025,17.021,16
2023-10-12 16:59:00,6452,17.015,17.02,17.01,17.02,17.01,96
2023-10-12 17:00:00,10877,17.0003,17.0009,16.995,17.005,16.995,47
2023-10-12 17:01:00,10038,16.9901,17.0,16.975,17.0,16.97,66
2023-10-12 17:02:00,7163,16.9441,16.97,16.94,16.97,16.9306,58
2023-10-12 17:03:00,1642,16.9296,16.935,16.92,16.935,16.92,37
2023-10-12 17:04:00,15995,16.9221,16.92,16.91,16.93,16.91,65
2023-10-12 17:05:00,1793,16.9168,16.92,16.91,16.92,16.91,18
2023-10-12 17:06:00,1366,16.9187,16.91,16.92,16.92,16.91,26
2023-10-12 17:07:00,4742,16.9107,16.925,16.9,16.925,16.9,46
2023-10-12 17:08:00,5262,16.9067,16.91,16.895,16.92,16.895,68
2023-10-12 17:09:00,990,16.8962,16.9,16.895,16.9,16.89,19
2023-10-12 17:10:00,3020,16.8965,16.89,16.9,16.9,16.89,35
2023-10-12 17:11:00,3445,16.8943,16.89,16.9,16.9,16.88,66
2023-10-12 17:12:00,1651,16.8903,16.89,16.89,16.895,16.885,28
2023-10-12 17:13:00,2205,16.883,16.8827,16.875,16.885,16.875,37
2023-10-12 17:14:00,1027,16.8797,16.88,16.875,16.88,16.87,32
2023-10-12 17:15:00,4071,16.8724,16.88,16.88,16.88,16.87,65
2023-10-12 17:16:00,4743,16.8797,16.88,16.885,16.885,16.875,67
2023-10-12 17:17:00,3840,16.8722,16.88,16.86,16.88,16.86,51
2023-10-12 17:18:00,4091,16.8514,16.86,16.86,16.86,16.84,64
2023-10-12 17:19:00,1490,16.852,16.85,16.86,16.86,16.85,14
2023-10-12 17:20:00,2929,16.8614,16.86,16.86,16.865,16.86,47
2023-10-12 17:21:00,3528,16.8424,16.86,16.84,16.86,16.83,58
2023-10-12 17:22:00,534,16.8312,16.83,16.83,16.835,16.83,8
2023-10-12 17:23:00,3659,16.8263,16.83,16.825,16.83,16.823,44
2023-10-12 17:24:00,5087,16.8204,16.825,16.81,16.825,16.81,41
2023-10-12 17:25:00,2082,16.8149,16.82,16.81,16.82,16.81,42
2023-10-12 17:26:00,3391,16.8022,16.8,16.805,16.805,16.8,42
2023-10-12 17:27:00,5508,16.8076,16.8094,16.81,16.81,16.801,52
2023-10-12 17:28:00,548,16.8128,16.81,16.81,16.815,16.81,16
2023-10-12 17:29:00,1387,16.8059,16.81,16.803,16.81,16.8,46
2023-10-12 17:30:00,14870,16.7952,16.8,16.79,16.8,16.78,100
2023-10-12 17:31:00,3338,16.8002,16.7911,16.805,16.81,16.7911,50
2023-10-12 17:32:00,10093,16.8058,16.8033,16.825,16.83,16.79,115
2023-10-12 17:33:00,2056,16.8307,16.83,16.835,16.84,16.83,26
2023-10-12 17:34:00,4130,16.8151,16.83,16.81,16.835,16.8,56
2023-10-12 17:35:00,5661,16.8009,16.805,16.805,16.81,16.795,73
2023-10-12 17:36:00,540,16.8046,16.805,16.8,16.81,16.8,15
2023-10-12 17:37:00,2711,16.8023,16.8,16.805,16.81,16.8,37
2023-10-12 17:38:00,1887,16.8047,16.8043,16.8,16.808,16.8,33
2023-10-12 17:39:00,7680,16.7974,16.8,16.78,16.8,16.78,64
2023-10-12 17:40:00,4578,16.7704,16.7805,16.76,16.7805,16.76,50
2023-10-12 17:41:00,4855,16.7576,16.765,16.75,16.765,16.75,92
2023-10-12 17:42:00,3948,16.7489,16.755,16.75,16.755,16.74,65
2023-10-12 17:43:00,2621,16.7586,16.755,16.76,16.765,16.75,45
2023-10-12 17:44:00,2275,16.7586,16.76,16.74,16.76,16.74,35
2023-10-12 17:45:00,7036,16.7376,16.75,16.75,16.75,16.73,72
2023-10-12 17:46:00,1519,16.751,16.745,16.755,16.76,16.745,31
2023-10-12 17:47:00,2905,16.7505,16.75,16.755,16.755,16.75,51
2023-10-12 17:48:00,2149,16.7423,16.75,16.74,16.75,16.74,24
2023-10-12 17:49:00,6839,16.7457,16.749,16.75,16.75,16.7405,37
2023-10-12 17:50:00,1244,16.74,16.75,16.735,16.75,16.735,29
2023-10-12 17:51:00,2174,16.735,16.73,16.73,16.74,16.73,31
2023-10-12 17:52:00,1146,16.7291,16.735,16.725,16.735,16.725,31
2023-10-12 17:53:00,3477,16.7307,16.725,16.74,16.74,16.725,53
2023-10-12 17:54:00,1382,16.7283,16.73,16.725,16.735,16.725,32
2023-10-12 17:55:00,28312,16.742,16.725,16.74,16.755,16.725,109
2023-10-12 17:56:00,3050,16.7472,16.75,16.745,16.75,16.74,53
2023-10-12 17:57:00,2798,16.7384,16.74,16.725,16.75,16.725,46
2023-10-12 17:58:00,1245,16.7178,16.725,16.705,16.73,16.705,30
2023-10-12 17:59:00,1006,16.7007,16.7,16.695,16.71,16.695,29
2023-10-12 18:00:00,1341,16.7014,16.695,16.7,16.7,16.69,23
2023-10-12 18:01:00,2285,16.709,16.7,16.71,16.72,16.695,30
2023-10-12 18:02:00,2729,16.7258,16.72,16.735,16.735,16.72,52
2023-10-12 18:03:00,614,16.7357,16.74,16.735,16.74,16.735,8
2023-10-12 18:04:00,4172,16.7228,16.73,16.71,16.73,16.71,70
2023-10-12 18:05:00,1688,16.7087,16.71,16.71,16.71,16.705,23
2023-10-12 18:06:00,1651,16.7108,16.71,16.705,16.72,16.705,23
2023-10-12 18:07:00,4002,16.6973,16.71,16.7,16.71,16.69,34
2023-10-12 18:08:00,31547,16.6648,16.69,16.615,16.695,16.615,207
2023-10-12 18:09:00,12242,16.595,16.61,16.59,16.615,16.59,89
2023-10-12 18:10:00,4809,16.5816,16.59,16.57,16.59,16.57,67
2023-10-12 18:11:00,3389,16.5462,16.56,16.54,16.56,16.54,39
2023-10-12 18:12:00,13498,16.5246,16.545,16.505,16.545,16.505,104
2023-10-12 18:13:00,16135,16.5083,16.5,16.515,16.5178,16.49,116
2023-10-12 18:14:00,4102,16.5136,16.51,16.51,16.515,16.51,30
2023-10-12 18:15:00,6898,16.508,16.51,16.5,16.52,16.495,82
2023-10-12 18:16:00,18949,16.4879,16.49,16.4886,16.5,16.47,150
2023-10-12 18:17:00,5066,16.4899,16.485,16.49,16.495,16.485,58
2023-10-12 18:18:00,7064,16.5,16.495,16.5,16.505,16.495,54
2023-10-12 18:19:00,6811,16.4953,16.5,16.5,16.5,16.485,76
2023-10-12 18:20:00,8236,16.5046,16.495,16.51,16.51,16.495,83
2023-10-12 18:21:00,13546,16.521,16.51,16.525,16.5299,16.51,81
2023-10-12 18:22:00,7170,16.532,16.525,16.535,16.54,16.525,79
2023-10-12 18:23:00,7880,16.5405,16.53,16.55,16.55,16.53,75
2023-10-12 18:24:00,15172,16.5637,16.545,16.565,16.575,16.545,130
2023-10-12 18:25:00,3248,16.5621,16.56,16.57,16.57,16.56,40
2023-10-12 18:26:00,13458,16.5615,16.57,16.53,16.58,16.53,160
2023-10-12 18:27:00,6143,16.5293,16.52,16.535,16.535,16.52,63
2023-10-12 18:28:00,8083,16.541,16.53,16.54,16.555,16.53,85
2023-10-12 18:29:00,8379,16.5411,16.54,16.535,16.55,16.53,111
2023-10-12 18:30:00,10475,16.5516,16.535,16.55,16.56,16.535,128
2023-10-12 18:31:00,4608,16.5489,16.54,16.57,16.57,16.54,39
2023-10-12 18:32:00,12971,16.5727,16.565,16.57,16.59,16.565,111
2023-10-12 18:33:00,2660,16.5695,16.57,16.5673,16.57,16.565,34
2023-10-12 18:34:00,7423,16.5798,16.57,16.59,16.59,16.57,42
2023-10-12 18:35:00,3105,16.593,16.59,16.59,16.6,16.5893,32
2023-10-12 18:36:00,5475,16.5912,16.59,16.595,16.6,16.59,89
2023-10-12 18:37:00,20003,16.6127,16.6,16.6201,16.63,16.595,161
2023-10-12 18:38:00,30634,16.6535,16.63,16.67,16.675,16.63,224
2023-10-12 18:39:00,7548,16.671,16.67,16.675,16.68,16.665,67
2023-10-12 18:40:00,8307,16.684,16.675,16.68,16.6968,16.6726,80
2023-10-12 18:41:00,18913,16.6801,16.675,16.695,16.7,16.67,127
2023-10-12 18:42:00,19516,16.7006,16.7,16.7,16.71,16.695,164
2023-10-12 18:43:00,41853,16.7193,16.71,16.755,16.76,16.71,129
2023-10-12 18:44:00,10841,16.7664,16.76,16.755,16.77,16.755,74
2023-10-12 18:45:00,5520,16.7637,16.76,16.77,16.77,16.76,44
2023-10-12 18:46:00,3508,16.7598,16.765,16.755,16.77,16.755,52
2023-10-12 18:47:00,5858,16.7664,16.75,16.78,16.78,16.75,68
2023-10-12 18:48:00,1885,16.7794,16.78,16.79,16.79,16.78,25
2023-10-12 18:49:00,7848,16.8007,16.79,16.8,16.81,16.79,80
2023-10-12 18:50:00,4978,16.801,16.795,16.805,16.805,16.795,61
2023-10-12 18:51:00,8640,16.8005,16.8,16.805,16.81,16.79,74
2023-10-12 18:52:00,4150,16.8023,16.805,16.795,16.8099,16.79,36
2023-10-12 18:53:00,7055,16.7845,16.795,16.785,16.795,16.78,53
2023-10-12 18:54:00,4901,16.7815,16.78,16.785,16.785,16.78,61
2023-10-12 18:55:00,1319,16.7875,16.785,16.79,16.79,16.785,25
2023-10-12 18:56:00,3056,16.7853,16.79,16.78,16.79,16.78,33
2023-10-12 18:57:00,624,16.785,16.78,16.785,16.785,16.78,22
2023-10-12 18:58:00,6357,16.7906,16.785,16.805,16.805,16.78,89
2023-10-12 18:59:00,43428,16.8078,16.805,16.83,16.83,16.8,185
2023-10-12 19:00:00,8318,16.8488,16.83,16.855,16.86,16.82,70
2023-10-12 19:01:00,2753,16.8557,16.855,16.86,16.86,16.855,40
2023-10-12 19:02:00,2014,16.8589,16.86,16.865,16.87,16.86,33
2023-10-12 19:03:00,4027,16.8687,16.865,16.875,16.875,16.865,53
2023-10-12 19:04:00,8830,16.8889,16.88,16.895,16.895,16.88,50
2023-10-12 19:05:00,46067,16.8772,16.895,16.81,16.9,16.81,412
2023-10-12 19:06:00,3273,16.7974,16.805,16.79,16.805,16.79,49
2023-10-12 19:07:00,1183,16.8005,16.795,16.795,16.8,16.79,28
2023-10-12 19:08:00,12032,16.7995,16.7931,16.805,16.805,16.79,104
2023-10-12 19:09:00,8584,16.7919,16.805,16.775,16.8066,16.775,97
2023-10-12 19:10:00,18532,16.7773,16.77,16.75,16.785,16.75,174
2023-10-12 19:11:00,1624,16.7548,16.755,16.755,16.755,16.75,16
2023-10-12 19:12:00,13718,16.7643,16.75,16.77,16.775,16.75,157
2023-10-12 19:13:00,6973,16.7802,16.78,16.785,16.785,16.78,91
2023-10-12 19:14:00,6554,16.7881,16.785,16.785,16.785,16.775,70
2023-10-12 19:15:00,5569,16.7855,16.785,16.8,16.8,16.78,61
2023-10-12 19:16:00,3965,16.7885,16.795,16.79,16.8,16.78,65
2023-10-12 19:17:00,7603,16.7984,16.795,16.8,16.805,16.79,78
2023-10-12 19:18:00,23214,16.8188,16.8,16.845,16.845,16.8,136
2023-10-12 19:19:00,1520,16.8499,16.85,16.855,16.855,16.85,24
2023-10-12 19:20:00,6833,16.8504,16.855,16.855,16.855,16.845,74
2023-10-12 19:21:00,686,16.8548,16.855,16.855,16.855,16.855,8
2023-10-12 19:22:00,7705,16.8583,16.855,16.86,16.865,16.855,108
2023-10-12 19:23:00,6757,16.8667,16.865,16.875,16.875,16.86,74
2023-10-12 19:24:00,15201,16.8578,16.875,16.84,16.8782,16.84,151
2023-10-12 19:25:00,7428,16.8327,16.835,16.835,16.84,16.83,88
2023-10-12 19:26:00,3785,16.8428,16.835,16.845,16.85,16.835,40
2023-10-12 19:27:00,4247,16.8501,16.845,16.84,16.855,16.84,61
2023-10-12 19:28:00,942,16.8454,16.84,16.85,16.85,16.84,21
2023-10-12 19:29:00,6180,16.841,16.85,16.84,16.85,16.835,85
2023-10-12 19:30:00,988,16.8452,16.845,16.845,16.845,16.8446,20
2023-10-12 19:31:00,7748,16.8593,16.85,16.87,16.875,16.845,93
2023-10-12 19:32:00,4665,16.8799,16.8775,16.885,16.89,16.87,39
2023-10-12 19:33:00,5760,16.882,16.885,16.885,16.89,16.875,65
2023-10-12 19:34:00,5168,16.8794,16.89,16.885,16.89,16.87,61
2023-10-12 19:35:00,9488,16.8811,16.885,16.88,16.89,16.88,96
2023-10-12 19:36:00,17504,16.8797,16.885,16.885,16.885,16.87,156
2023-10-12 19:37:00,1595,16.8851,16.89,16.885,16.89,16.88,21
2023-10-12 19:38:00,5341,16.893,16.885,16.9,16.9,16.885,69
2023-10-12 19:39:00,16051,16.8987,16.91,16.89,16.91,16.89,134
2023-10-12 19:40:00,9483,16.8919,16.89,16.8825,16.9,16.8825,85
2023-10-12 19:41:00,3779,16.8843,16.88,16.885,16.885,16.88,41
2023-10-12 19:42:00,12814,16.8826,16.885,16.88,16.89,16.88,133
2023-10-12 19:43:00,2557,16.8836,16.8838,16.885,16.89,16.88,32
2023-10-12 19:44:00,10634,16.8821,16.885,16.88,16.885,16.88,111
2023-10-12 19:45:00,52961,16.8604,16.885,16.845,16.89,16.845,284
2023-10-12 19:46:00,6056,16.8552,16.845,16.845,16.85,16.84,66
2023-10-12 19:47:00,13041,16.8514,16.845,16.855,16.86,16.845,101
2023-10-12 19:48:00,5030,16.8522,16.85,16.85,16.855,16.85,41
2023-10-12 19:49:00,10452,16.8522,16.855,16.855,16.86,16.85,83
2023-10-12 19:50:00,41048,16.8438,16.855,16.855,16.86,16.83,270
2023-10-12 19:51:00,12233,16.8518,16.85,16.855,16.86,16.85,88
2023-10-12 19:52:00,21803,16.8575,16.86,16.865,16.87,16.85,147
2023-10-12 19:53:00,13269,16.8656,16.865,16.865,16.87,16.86,122
2023-10-12 19:54:00,32030,16.8539,16.865,16.84,16.865,16.84,215
2023-10-12 19:55:00,31222,16.8492,16.84,16.8599,16.86,16.84,198
2023-10-12 19:56:00,25757,16.8585,16.86,16.865,16.87,16.85,204
2023-10-12 19:57:00,44011,16.8577,16.87,16.86,16.87,16.85,231
2023-10-12 19:58:00,21210,16.8579,16.8529,16.8525,16.86,16.85,104
2023-10-12 19:59:00,82480,16.8587,16.855,16.85,16.87,16.84,512
2023-10-12 20:00:00,4971,16.86,16.86,16.86,16.86,16.86,14
2023-10-12 22:49:00,120,16.83,16.83,16.83,16.83,16.83,1
2023-10-13 10:57:00,451,16.6,16.6,16.6,16.6,16.6,2
2023-10-13 11:00:00,137,16.783,16.81,16.81,16.81,16.81,2
2023-10-13 11:23:00,500,16.76,16.76,16.76,16.76,16.76,1
2023-10-13 11:42:00,2789,16.7208,16.72,16.72,16.72,16.72,24
2023-10-13 11:43:00,400,16.72,16.72,16.72,16.72,16.72,4
2023-10-13 11:47:00,2500,16.7266,16.72,16.76,16.76,16.72,8
2023-10-13 11:48:00,1100,16.72,16.72,16.72,16.72,16.72,5
2023-10-13 11:51:00,700,16.72,16.72,16.72,16.72,16.72,4
2023-10-13 11:52:00,207,16.72,16.72,16.72,16.72,16.72,2
2023-10-13 12:00:00,225,16.6633,16.67,16.67,16.67,16.67,2
2023-10-13 12:33:00,170,16.7359,16.73,16.73,16.73,16.73,2
2023-10-13 12:53:00,839,16.8548,16.85,16.86,16.86,16.85,6
2023-10-13 12:56:00,474,16.8882,16.89,16.89,16.89,16.89,5
2023-10-13 13:29:00,1916,16.7819,16.78,16.78,16.78,16.78,10
2023-10-13 13:30:00,43950,16.7623,16.76,16.77,16.83,16.75,52
2023-10-13 13:31:00,19021,16.7341,16.795,16.77,16.795,16.69,85
2023-10-13 13:32:00,11981,16.7441,16.76,16.7044,16.76,16.7,46
2023-10-13 13:33:00,4992,16.6713,16.705,16.675,16.72,16.65,51
2023-10-13 13:34:00,6561,16.6891,16.67,16.72,16.72,16.67,66
2023-10-13 13:35:00,7730,16.6991,16.73,16.66,16.735,16.66,85
2023-10-13 13:36:00,14301,16.6148,16.65,16.582,16.65,16.582,126
2023-10-13 13:37:00,3687,16.6143,16.59,16.63,16.64,16.59,49
2023-10-13 13:38:00,3948,16.6205,16.65,16.63,16.65,16.6,40
2023-10-13 13:39:00,12390,16.6642,16.63,16.68,16.68,16.6299,113
2023-10-13 13:40:00,14832,16.7458,16.69,16.765,16.765,16.69,63
2023-10-13 13:41:00,15790,16.7477,16.77,16.71,16.77,16.71,82
2023-10-13 13:42:00,12680,16.7209,16.7,16.74,16.7501,16.69,76
2023-10-13 13:43:00,4835,16.7276,16.74,16.73,16.74,16.715,40
2023-10-13 13:44:00,6392,16.6877,16.71,16.69,16.71,16.67,53
2023-10-13 13:45:00,15305,16.625,16.69,16.61,16.69,16.61,110
2023-10-13 13:46:00,2557,16.5898,16.6,16.59,16.6,16.58,27
2023-10-13 13:47:00,7344,16.5803,16.5913,16.55,16.6,16.55,60
2023-10-13 13:48:00,19779,16.5528,16.54,16.565,16.57,16.53,102
2023-10-13 13:49:00,6265,16.567,16.56,16.57,16.57,16.5595,64
2023-10-13 13:50:00,14323,16.5577,16.575,16.555,16.575,16.5425,120
2023-10-13 13:51:00,1862,16.577,16.5607,16.58,16.5825,16.5607,32
2023-10-13 13:52:00,10021,16.602,16.585,16.61,16.61,16.585,98
2023-10-13 13:53:00,5376,16.6089,16.61,16.615,16.615,16.595,67
2023-10-13 13:54:00,8696,16.6176,16.62,16.63,16.635,16.6,82
2023-10-13 13:55:00,1820,16.6426,16.64,16.645,16.6499,16.64,27
2023-10-13 13:56:00,23634,16.6312,16.65,16.65,16.655,16.62,114
2023-10-13 13:57:00,4174,16.649,16.6588,16.635,16.6588,16.635,39
2023-10-13 13:58:00,6959,16.6294,16.63,16.625,16.635,16.6235,57
2023-10-13 13:59:00,5561,16.6235,16.62,16.63,16.63,16.615,47
2023-10-13 14:00:00,4019,16.592,16.62,16.56,16.62,16.56,57
2023-10-13 14:01:00,13244,16.612,16.57,16.62,16.65,16.56,114
2023-10-13 14:02:00,4942,16.6006,16.62,16.56,16.62,16.56,74
2023-10-13 14:03:00,4790,16.5537,16.57,16.5362,16.57,16.535,58
2023-10-13 14:04:00,8358,16.5529,16.55,16.55,16.56,16.54,86
2023-10-13 14:05:00,6581,16.5596,16.555,16.56,16.57,16.54,85
2023-10-13 14:06:00,1389,16.5752,16.565,16.58,16.58,16.565,25
2023-10-13 14:07:00,1892,16.5529,16.56,16.555,16.56,16.545,31
2023-10-13 14:08:00,3917,16.5558,16.55,16.56,16.56,16.54,43
2023-10-13 14:09:00,6617,16.5712,16.56,16.58,16.59,16.54,56
2023-10-13 14:10:00,2126,16.5704,16.58,16.56,16.58,16.56,30
2023-10-13 14:11:00,2647,16.5744,16.57,16.57,16.58,16.57,29
2023-10-13 14:12:00,6215,16.5863,16.58,16.59,16.5953,16.575,68
2023-10-13 14:13:00,18457,16.6146,16.6,16.63,16.63,16.6,118
2023-10-13 14:14:00,10257,16.6197,16.62,16.613,16.63,16.61,84
2023-10-13 14:15:00,13403,16.632,16.62,16.655,16.655,16.615,107
2023-10-13 14:16:00,12831,16.6546,16.65,16.655,16.6613,16.64,126
2023-10-13 14:17:00,5204,16.6614,16.655,16.66,16.67,16.64,64
2023-10-13 14:18:00,5859,16.6649,16.66,16.67,16.67,16.65,69
2023-10-13 14:19:00,815,16.6385,16.665,16.66,16.665,16.66,17
2023-10-13 14:20:00,3882,16.6735,16.67,16.68,16.68,16.66,47
2023-10-13 14:21:00,5846,16.6941,16.685,16.71,16.71,16.685,68
2023-10-13 14:22:00,2146,16.6992,16.71,16.7,16.71,16.685,43
2023-10-13 14:23:00,537,16.7306,16.7301,16.74,16.74,16.7301,11
2023-10-13 14:24:00,4903,16.7004,16.73,16.68,16.73,16.68,50
2023-10-13 14:25:00,38547,16.6829,16.69,16.67,16.7,16.67,191
2023-10-13 14:26:00,10938,16.6766,16.67,16.685,16.69,16.665,114
2023-10-13 14:27:00,6573,16.7113,16.69,16.71,16.73,16.69,80
2023-10-13 14:28:00,2922,16.7002,16.705,16.7,16.71,16.69,49
2023-10-13 14:29:00,2267,16.7121,16.695,16.735,16.735,16.695,39
2023-10-13 14:30:00,7245,16.7117,16.735,16.7001,16.735,16.7001,84
2023-10-13 14:31:00,9381,16.7206,16.7068,16.75,16.75,16.7057,70
2023-10-13 14:32:00,11957,16.7312,16.755,16.72,16.755,16.7189,100
2023-10-13 14:33:00,8298,16.7264,16.72,16.71,16.74,16.71,75
2023-10-13 14:34:00,5164,16.7234,16.71,16.735,16.735,16.71,60
2023-10-13 14:35:00,4634,16.72,16.73,16.72,16.73,16.7015,63
2023-10-13 14:36:00,2605,16.7152,16.72,16.705,16.72,16.705,48
2023-10-13 14:37:00,803,16.7116,16.71,16.71,16.715,16.71,18
2023-10-13 14:38:00,6628,16.6816,16.71,16.66,16.71,16.66,89
2023-10-13 14:39:00,6560,16.6502,16.67,16.62,16.67,16.62,76
2023-10-13 14:40:00,12890,16.6337,16.63,16.65,16.65,16.62,113
2023-10-13 14:41:00,8541,16.6622,16.66,16.66,16.67,16.655,55
2023-10-13 14:42:00,11265,16.6664,16.67,16.68,16.68,16.6525,83
2023-10-13 14:43:00,2698,16.6883,16.68,16.695,16.7,16.68,38
2023-10-13 14:44:00,3697,16.6981,16.69,16.7,16.705,16.69,38
2023-10-13 14:45:00,3714,16.7082,16.7013,16.71,16.715,16.7013,57
2023-10-13 14:46:00,2707,16.7038,16.71,16.7,16.71,16.7,48
2023-10-13 14:47:00,12779,16.714,16.7025,16.739,16.74,16.7025,85
2023-10-13 14:48:00,6682,16.7205,16.73,16.7,16.73,16.7,95
2023-10-13 14:49:00,5957,16.6763,16.685,16.67,16.685,16.6625,53
2023-10-13 14:50:00,3709,16.643,16.67,16.625,16.67,16.625,59
2023-10-13 14:51:00,17924,16.6146,16.62,16.595,16.6201,16.595,113
2023-10-13 14:52:00,11643,16.5905,16.5907,16.585,16.6,16.58,79
2023-10-13 14:53:00,12009,16.568,16.585,16.57,16.59,16.559,77
2023-10-13 14:54:00,11521,16.5805,16.57,16.59,16.5901,16.5699,81
2023-10-13 14:55:00,4184,16.5764,16.59,16.56,16.59,16.56,48
2023-10-13 14:56:00,2168,16.5743,16.57,16.58,16.58,16.569,42
2023-10-13 14:57:00,4025,16.5781,16.58,16.575,16.58,16.5725,44
2023-10-13 14:58:00,7202,16.5856,16.58,16.59,16.595,16.575,71
2023-10-13 14:59:00,9387,16.5898,16.5901,16.585,16.595,16.585,79
2023-10-13 15:00:00,9978,16.5834,16.58,16.58,16.59,16.58,121
2023-10-13 15:01:00,8026,16.5625,16.565,16.565,16.57,16.555,68
2023-10-13 15:02:00,13011,16.5726,16.565,16.58,16.585,16.56,146
2023-10-13 15:03:00,5086,16.5737,16.58,16.58,16.58,16.565,53
2023-10-13 15:04:00,4589,16.5845,16.58,16.585,16.59,16.58,27
2023-10-13 15:05:00,12684,16.5859,16.59,16.5721,16.6,16.5721,105
2023-10-13 15:06:00,11133,16.5685,16.57,16.57,16.575,16.56,85
2023-10-13 15:07:00,9741,16.5877,16.58,16.59,16.595,16.58,68
2023-10-13 15:08:00,1321,16.5844,16.585,16.5825,16.59,16.5825,6
2023-10-13 15:09:00,4401,16.5904,16.58,16.6,16.6,16.58,44
2023-10-13 15:10:00,15964,16.6233,16.6,16.635,16.6397,16.6,118
2023-10-13 15:11:00,21826,16.6139,16.635,16.605,16.635,16.595,158
2023-10-13 15:12:00,13807,16.5935,16.605,16.5901,16.605,16.5843,77
2023-10-13 15:13:00,18456,16.5833,16.59,16.58,16.5952,16.57,112
2023-10-13 15:14:00,9119,16.5728,16.58,16.5701,16.58,16.5625,82
2023-10-13 15:15:00,39643,16.5604,16.575,16.55,16.575,16.55,184
2023-10-13 15:16:00,12629,16.5594,16.5587,16.5549,16.565,16.55,93
2023-10-13 15:17:00,8409,16.5499,16.55,16.545,16.5542,16.545,81
2023-10-13 15:18:00,18398,16.5573,16.54,16.575,16.575,16.54,149
2023-10-13 15:19:00,20336,16.5713,16.5799,16.575,16.58,16.56,136
2023-10-13 15:20:00,8436,16.5758,16.58,16.575,16.58,16.5701,40
2023-10-13 15:21:00,10253,16.5699,16.575,16.57,16.575,16.565,101
2023-10-13 15:22:00,36561,16.5528,16.57,16.515,16.57,16.515,163
2023-10-13 15:23:00,24654,16.5056,16.515,16.48,16.52,16.48,166
2023-10-13 15:24:00,21942,16.4945,16.49,16.5099,16.51,16.4801,169
2023-10-13 15:25:00,25002,16.5156,16.5184,16.52,16.525,16.51,107
2023-10-13 15:26:00,15550,16.5099,16.52,16.5001,16.52,16.5001,89
2023-10-13 15:27:00,8535,16.5016,16.5,16.5,16.505,16.4999,74
2023-10-13 15:28:00,4782,16.4957,16.5,16.4925,16.5,16.49,28
2023-10-13 15:29:00,10069,16.5035,16.49,16.51,16.52,16.49,82
2023-10-13 15:30:00,15464,16.5005,16.51,16.5,16.51,16.495,116
2023-10-13 15:31:00,7753,16.5008,16.495,16.505,16.51,16.495,51
2023-10-13 15:32:00,4778,16.5123,16.5025,16.53,16.53,16.5025,46
2023-10-13 15:33:00,12597,16.5219,16.5236,16.525,16.53,16.5125,130
2023-10-13 15:34:00,13431,16.5306,16.53,16.52,16.535,16.52,118
2023-10-13 15:35:00,6838,16.5181,16.5236,16.51,16.525,16.51,70
2023-10-13 15:36:00,10978,16.5061,16.51,16.505,16.515,16.5,76
2023-10-13 15:37:00,16927,16.5031,16.5,16.5,16.51,16.495,89
2023-10-13 15:38:00,13229,16.4942,16.495,16.5,16.505,16.49,113
2023-10-13 15:39:00,5439,16.5016,16.5,16.5,16.505,16.5,41
2023-10-13 15:40:00,13111,16.502,16.505,16.5,16.51,16.49,77
2023-10-13 15:41:00,778,16.4957,16.495,16.495,16.5,16.495,13
2023-10-13 15:42:00,19322,16.4767,16.49,16.48,16.49,16.46,165
2023-10-13 15:43:00,12966,16.4969,16.4825,16.495,16.5071,16.4825,77
2023-10-13 15:44:00,7983,16.4877,16.4901,16.485,16.495,16.475,62
2023-10-13 15:45:00,17089,16.4956,16.495,16.505,16.51,16.485,92
2023-10-13 15:46:00,8639,16.5019,16.505,16.505,16.51,16.4927,55
2023-10-13 15:47:00,8078,16.5012,16.505,16.4925,16.51,16.4925,41
2023-10-13 15:48:00,11667,16.5013,16.495,16.495,16.51,16.495,92
2023-10-13 15:49:00,2801,16.5005,16.495,16.505,16.505,16.495,31
2023-10-13 15:50:00,19805,16.4978,16.505,16.48,16.515,16.48,123
2023-10-13 15:51:00,4160,16.4845,16.4751,16.495,16.495,16.475,33
2023-10-13 15:52:00,16361,16.473,16.49,16.4689,16.495,16.46,108
2023-10-13 15:53:00,4732,16.4609,16.465,16.465,16.465,16.4592,38
2023-10-13 15:54:00,2888,16.4605,16.46,16.4607,16.4607,16.46,28
2023-10-13 15:55:00,6034,16.4592,16.4607,16.455,16.47,16.455,40
2023-10-13 15:56:00,12303,16.4655,16.45,16.475,16.475,16.45,86
2023-10-13 15:57:00,21524,16.4622,16.48,16.4602,16.48,16.45,95
2023-10-13 15:58:00,8690,16.4667,16.46,16.48,16.48,16.46,54
2023-10-13 15:59:00,5146,16.4826,16.475,16.475,16.4899,16.475,55
2023-10-13 16:00:00,17640,16.4739,16.47,16.4801,16.49,16.465,117
2023-10-13 16:01:00,3008,16.4876,16.49,16.485,16.49,16.485,18
2023-10-13 16:02:00,8064,16.4821,16.485,16.475,16.485,16.475,94
2023-10-13 16:03:00,10017,16.476,16.475,16.48,16.485,16.47,88
2023-10-13 16:04:00,7240,16.474,16.48,16.465,16.48,16.465,40
2023-10-13 16:05:00,4398,16.4724,16.4699,16.4779,16.4779,16.465,26
2023-10-13 16:06:00,9447,16.4758,16.475,16.475,16.48,16.4707,36
2023-10-13 16:07:00,6665,16.4731,16.47,16.475,16.48,16.465,90
2023-10-13 16:08:00,3999,16.4836,16.48,16.48,16.49,16.48,34
2023-10-13 16:09:00,2403,16.4857,16.49,16.485,16.49,16.4825,24
2023-10-13 16:10:00,581,16.4815,16.48,16.48,16.48,16.48,13
2023-10-13 16:11:00,3441,16.4793,16.485,16.47,16.485,16.47,52
2023-10-13 16:12:00,3543,16.4805,16.48,16.485,16.485,16.48,45
2023-10-13 16:13:00,250,16.4831,16.4806,16.485,16.485,16.4806,9
2023-10-13 16:14:00,3356,16.4805,16.485,16.48,16.485,16.48,41
2023-10-13 16:15:00,5946,16.48,16.475,16.4825,16.485,16.475,55
2023-10-13 16:16:00,6173,16.4901,16.49,16.495,16.495,16.4876,51
2023-10-13 16:17:00,3631,16.4897,16.49,16.49,16.49,16.49,48
2023-10-13 16:18:00,4909,16.5025,16.492,16.495,16.51,16.492,70
2023-10-13 16:19:00,6101,16.4917,16.49,16.49,16.5,16.485,79
2023-10-13 16:20:00,3910,16.5055,16.4985,16.515,16.515,16.4985,46
2023-10-13 16:21:00,630,16.5187,16.515,16.525,16.525,16.515,20
2023-10-13 16:22:00,5818,16.5174,16.52,16.53,16.53,16.515,56
2023-10-13 16:23:00,708,16.5243,16.52,16.525,16.525,16.52,5
2023-10-13 16:24:00,2349,16.5242,16.525,16.525,16.53,16.5225,23
2023-10-13 16:25:00,1786,16.5262,16.525,16.53,16.53,16.52,31
2023-10-13 16:26:00,6685,16.5409,16.53,16.55,16.55,16.53,113
2023-10-13 16:27:00,3270,16.5483,16.55,16.54,16.5599,16.54,37
2023-10-13 16:28:00,3954,16.549,16.55,16.5473,16.55,16.5425,33
2023-10-13 16:29:00,11033,16.5391,16.54,16.535,16.54,16.53,78
2023-10-13 16:30:00,6471,16.5392,16.54,16.545,16.545,16.53,54
2023-10-13 16:31:00,723,16.5434,16.54,16.545,16.55,16.54,17
2023-10-13 16:32:00,11440,16.5586,16.55,16.565,16.57,16.5499,88
2023-10-13 16:33:00,691,16.5625,16.565,16.56,16.565,16.56,21
2023-10-13 16:34:00,7544,16.5688,16.565,16.575,16.585,16.56,90
2023-10-13 16:35:00,18306,16.5813,16.58,16.555,16.59,16.555,99
2023-10-13 16:36:00,3771,16.5363,16.55,16.535,16.55,16.53,39
2023-10-13 16:37:00,1668,16.5419,16.535,16.545,16.545,16.535,27
2023-10-13 16:38:00,3257,16.5393,16.54,16.535,16.54,16.53,42
2023-10-13 16:39:00,3266,16.5494,16.54,16.55,16.555,16.54,46
2023-10-13 16:40:00,5573,16.5549,16.545,16.56,16.565,16.545,48
2023-10-13 16:41:00,2754,16.5401,16.55,16.54,16.55,16.535,37
2023-10-13 16:42:00,8050,16.5393,16.54,16.52,16.55,16.52,70
2023-10-13 16:43:00,1625,16.5252,16.525,16.525,16.525,16.525,7
2023-10-13 16:44:00,6549,16.5269,16.52,16.52,16.525,16.519,44
2023-10-13 16:45:00,4763,16.5107,16.52,16.5,16.52,16.5,54
2023-10-13 16:46:00,2699,16.5089,16.51,16.495,16.51,16.495,28
2023-10-13 16:47:00,1244,16.4903,16.49,16.48,16.49,16.48,34
2023-10-13 16:48:00,4330,16.4722,16.48,16.47,16.48,16.47,37
2023-10-13 16:49:00,4372,16.4594,16.465,16.45,16.465,16.45,43
2023-10-13 16:50:00,2254,16.4323,16.44,16.42,16.4413,16.42,38
2023-10-13 16:51:00,7362,16.4099,16.41,16.4001,16.4176,16.4001,50
2023-10-13 16:52:00,11040,16.3984,16.4,16.41,16.41,16.385,122
2023-10-13 16:53:00,8822,16.434,16.42,16.4329,16.45,16.42,74
2023-10-13 16:54:00,2052,16.4333,16.435,16.43,16.435,16.43,21
2023-10-13 16:55:00,5577,16.4467,16.43,16.46,16.46,16.43,37
2023-10-13 16:56:00,2350,16.4647,16.46,16.46,16.47,16.455,28
2023-10-13 16:57:00,8473,16.4468,16.455,16.4488,16.455,16.4401,21
2023-10-13 16:58:00,4693,16.449,16.44,16.4568,16.4568,16.435,41
2023-10-13 16:59:00,3430,16.4592,16.46,16.46,16.46,16.46,52
2023-10-13 17:00:00,2983,16.4547,16.46,16.455,16.46,16.4507,26
2023-10-13 17:01:00,6009,16.4467,16.45,16.45,16.45,16.4425,38
2023-10-13 17:02:00,4424,16.4466,16.45,16.44,16.45,16.44,46
2023-10-13 17:03:00,2116,16.4329,16.4324,16.433,16.435,16.4324,7
2023-10-13 17:04:00,673,16.4385,16.43,16.43,16.43,16.43,17
2023-10-13 17:05:00,8128,16.4209,16.43,16.41,16.43,16.41,87
2023-10-13 17:06:00,6567,16.3929,16.41,16.38,16.41,16.38,81
2023-10-13 17:07:00,4882,16.3819,16.3775,16.375,16.39,16.375,48
2023-10-13 17:08:00,9475,16.3786,16.3789,16.37,16.3789,16.37,14
2023-10-13 17:09:00,246,16.3808,16.37,16.37,16.37,16.37,6
2023-10-13 17:10:00,8437,16.3803,16.375,16.38,16.3877,16.375,81
2023-10-13 17:11:00,2348,16.3765,16.37,16.375,16.38,16.37,28
2023-10-13 17:12:00,7056,16.3703,16.37,16.37,16.375,16.3699,63
2023-10-13 17:13:00,7528,16.3504,16.36,16.3469,16.36,16.3409,56
2023-10-13 17:14:00,1371,16.3449,16.34,16.34,16.34,16.34,19
2023-10-13 17:15:00,11370,16.3489,16.345,16.355,16.355,16.34,63
2023-10-13 17:16:00,12842,16.3581,16.355,16.37,16.37,16.345,111
2023-10-13 17:17:00,7929,16.3824,16.38,16.395,16.395,16.38,23
2023-10-13 17:18:00,1276,16.3962,16.4,16.39,16.4,16.39,13
2023-10-13 17:19:00,3141,16.3833,16.39,16.38,16.39,16.38,50
2023-10-13 17:20:00,502,16.3815,16.38,16.38,16.38,16.375,13
2023-10-13 17:21:00,975,16.375,16.37,16.375,16.375,16.37,12
2023-10-13 17:22:00,2139,16.384,16.375,16.395,16.395,16.375,43
2023-10-13 17:23:00,6510,16.3898,16.4,16.38,16.4,16.38,80
2023-10-13 17:24:00,494,16.3801,16.38,16.38,16.38,16.38,10
2023-10-13 17:25:00,1109,16.3798,16.38,16.375,16.38,16.375,17
2023-10-13 17:26:00,4335,16.3689,16.375,16.345,16.38,16.345,77
2023-10-13 17:27:00,7402,16.3439,16.335,16.33,16.335,16.33,65
2023-10-13 17:28:00,1771,16.3309,16.33,16.325,16.33,16.325,10
2023-10-13 17:29:00,2838,16.3234,16.325,16.325,16.325,16.3208,16
2023-10-13 17:30:00,5992,16.3124,16.32,16.31,16.32,16.305,91
2023-10-13 17:31:00,3044,16.315,16.32,16.305,16.32,16.305,35
2023-10-13 17:32:00,2887,16.3064,16.305,16.31,16.31,16.3,43
2023-10-13 17:33:00,6041,16.3053,16.3025,16.315,16.315,16.3,54
2023-10-13 17:34:00,1352,16.3192,16.31,16.32,16.32,16.31,23
2023-10-13 17:35:00,5543,16.3331,16.32,16.34,16.345,16.32,48
2023-10-13 17:36:00,5784,16.3405,16.3413,16.34,16.3413,16.34,28
2023-10-13 17:37:00,3398,16.3297,16.3303,16.33,16.34,16.33,22
2023-10-13 17:38:00,2436,16.3295,16.33,16.33,16.33,16.325,36
2023-10-13 17:39:00,4801,16.3284,16.33,16.33,16.33,16.3225,24
2023-10-13 17:40:00,23895,16.3378,16.325,16.35,16.35,16.325,119
2023-10-13 17:41:00,4806,16.3545,16.35,16.365,16.365,16.34,47
2023-10-13 17:42:00,4671,16.3608,16.36,16.3685,16.3685,16.35,62
2023-10-13 17:43:00,3826,16.3718,16.37,16.37,16.38,16.37,47
2023-10-13 17:44:00,3454,16.3649,16.365,16.375,16.375,16.36,44
2023-10-13 17:45:00,2337,16.3705,16.37,16.365,16.375,16.365,38
2023-10-13 17:46:00,945,16.3584,16.36,16.35,16.36,16.35,18
2023-10-13 17:47:00,3910,16.3589,16.35,16.355,16.36,16.35,45
2023-10-13 17:48:00,4313,16.3499,16.3536,16.345,16.3536,16.345,37
2023-10-13 17:49:00,2000,16.3502,16.345,16.355,16.355,16.345,23
2023-10-13 17:50:00,763,16.3577,16.36,16.355,16.36,16.355,11
2023-10-13 17:51:00,3738,16.3502,16.355,16.355,16.355,16.345,47
2023-10-13 17:52:00,738,16.3563,16.355,16.36,16.36,16.355,13
2023-10-13 17:53:00,1091,16.3544,16.355,16.355,16.355,16.35,17
2023-10-13 17:54:00,756,16.3561,16.355,16.36,16.36,16.355,12
2023-10-13 17:55:00,4909,16.3513,16.35,16.355,16.36,16.345,72
2023-10-13 17:56:00,5175,16.3503,16.355,16.345,16.36,16.345,56
2023-10-13 17:57:00,6195,16.3342,16.34,16.333,16.34,16.33,77
2023-10-13 17:58:00,2785,16.3326,16.335,16.325,16.34,16.325,43
2023-10-13 17:59:00,4933,16.3148,16.325,16.305,16.325,16.305,52
2023-10-13 18:00:00,2934,16.31,16.31,16.31,16.31,16.3099,33
2023-10-13 18:01:00,1506,16.3106,16.315,16.31,16.315,16.305,23
2023-10-13 18:02:00,3213,16.3084,16.3039,16.31,16.31,16.3039,46
2023-10-13 18:03:00,16029,16.3001,16.31,16.3,16.31,16.29,96
2023-10-13 18:04:00,4986,16.2912,16.295,16.295,16.3,16.29,54
2023-10-13 18:05:00,14226,16.3063,16.29,16.325,16.325,16.29,100
2023-10-13 18:06:00,5295,16.3186,16.325,16.31,16.325,16.31,59
2023-10-13 18:07:00,1652,16.3007,16.305,16.295,16.305,16.295,22
2023-10-13 18:08:00,4435,16.2995,16.295,16.305,16.305,16.29,41
2023-10-13 18:09:00,1911,16.3003,16.3,16.305,16.305,16.2952,30
2023-10-13 18:10:00,4461,16.3002,16.31,16.3,16.31,16.295,49
2023-10-13 18:11:00,2567,16.2992,16.3,16.3,16.3,16.295,31
2023-10-13 18:12:00,5141,16.3001,16.3,16.295,16.305,16.295,53
2023-10-13 18:13:00,11128,16.2993,16.2999,16.3,16.3,16.29,17
2023-10-13 18:14:00,879,16.2992,16.3,16.3,16.3,16.295,13
2023-10-13 18:15:00,6215,16.2924,16.3,16.2892,16.3,16.28,79
2023-10-13 18:16:00,2660,16.2801,16.285,16.275,16.285,16.275,45
2023-10-13 18:17:00,4671,16.2796,16.275,16.29,16.29,16.275,40
2023-10-13 18:18:00,1860,16.2903,16.29,16.29,16.29,16.285,24
2023-10-13 18:19:00,2362,16.287,16.285,16.29,16.29,16.28,30
2023-10-13 18:20:00,1020,16.2819,16.28,16.28,16.28,16.28,20
2023-10-13 18:21:00,2312,16.2809,16.28,16.285,16.285,16.28,57
2023-10-13 18:22:00,3049,16.2808,16.2868,16.28,16.2868,16.275,49
2023-10-13 18:23:00,1637,16.2851,16.2897,16.28,16.2897,16.28,18
2023-10-13 18:24:00,13760,16.2608,16.28,16.255,16.28,16.25,108
2023-10-13 18:25:00,7570,16.251,16.25,16.255,16.255,16.25,34
2023-10-13 18:26:00,3237,16.2508,16.2599,16.245,16.2599,16.245,54
2023-10-13 18:27:00,5293,16.2404,16.25,16.245,16.25,16.235,74
2023-10-13 18:28:00,756,16.2442,16.24,16.245,16.245,16.24,19
2023-10-13 18:29:00,14344,16.2508,16.2499,16.26,16.265,16.2425,89
2023-10-13 18:30:00,14409,16.2725,16.265,16.275,16.28,16.265,112
2023-10-13 18:31:00,15434,16.2763,16.275,16.275,16.285,16.27,107
2023-10-13 18:32:00,6105,16.2839,16.28,16.285,16.295,16.275,71
2023-10-13 18:33:00,4521,16.2889,16.2872,16.29,16.295,16.285,60
2023-10-13 18:34:00,414,16.2844,16.28,16.28,16.28,16.28,13
2023-10-13 18:35:00,3601,16.2792,16.285,16.27,16.285,16.27,64
2023-10-13 18:36:00,6832,16.2611,16.27,16.27,16.27,16.2588,87
2023-10-13 18:37:00,5682,16.2754,16.27,16.285,16.29,16.27,55
2023-10-13 18:38:00,732,16.2836,16.285,16.285,16.285,16.2815,15
2023-10-13 18:39:00,8627,16.2968,16.29,16.305,16.305,16.285,86
2023-10-13 18:40:00,2021,16.3036,16.305,16.3143,16.315,16.305,23
2023-10-13 18:41:00,988,16.312,16.315,16.31,16.315,16.31,26
2023-10-13 18:42:00,2999,16.3097,16.32,16.305,16.32,16.305,52
2023-10-13 18:43:00,981,16.3054,16.305,16.31,16.31,16.3,20
2023-10-13 18:44:00,3443,16.2959,16.305,16.29,16.305,16.29,74
2023-10-13 18:45:00,7396,16.2804,16.285,16.285,16.29,16.275,73
2023-10-13 18:46:00,2091,16.2728,16.28,16.265,16.28,16.265,46
2023-10-13 18:47:00,23784,16.2695,16.265,16.265,16.285,16.26,141
2023-10-13 18:48:00,1728,16.2628,16.26,16.265,16.27,16.26,24
2023-10-13 18:49:00,307,16.2651,16.265,16.265,16.265,16.265,14
2023-10-13 18:50:00,2146,16.2678,16.265,16.27,16.27,16.265,33
2023-10-13 18:51:00,10152,16.2683,16.27,16.265,16.275,16.2642,75
2023-10-13 18:52:00,9538,16.2704,16.265,16.265,16.28,16.265,70
2023-10-13 18:53:00,2981,16.265,16.26,16.265,16.27,16.26,19
2023-10-13 18:54:00,990,16.2611,16.26,16.26,16.265,16.26,12
2023-10-13 18:55:00,17852,16.2589,16.26,16.265,16.265,16.25,121
2023-10-13 18:56:00,11372,16.2522,16.26,16.245,16.26,16.24,79
2023-10-13 18:57:00,6472,16.2535,16.245,16.26,16.26,16.245,48
2023-10-13 18:58:00,511127,16.3671,16.26,16.275,16.37,16.255,115
2023-10-13 18:59:00,2495,16.2792,16.28,16.275,16.28,16.275,36
2023-10-13 19:00:00,20856,16.2999,16.28,16.31,16.32,16.275,149
2023-10-13 19:01:00,23623,16.3229,16.32,16.33,16.34,16.31,180
2023-10-13 19:02:00,5006,16.3336,16.33,16.335,16.335,16.33,52
2023-10-13 19:03:00,4080,16.3415,16.335,16.345,16.35,16.335,46
2023-10-13 19:04:00,11484,16.3425,16.35,16.345,16.35,16.34,60
2023-10-13 19:05:00,2851,16.3459,16.345,16.35,16.35,16.345,32
2023-10-13 19:06:00,30504,16.3491,16.34,16.365,16.365,16.34,212
2023-10-13 19:07:00,13216,16.3855,16.37,16.405,16.405,16.37,77
2023-10-13 19:08:00,2391,16.4058,16.41,16.405,16.41,16.4,16
2023-10-13 19:09:00,2428,16.4066,16.405,16.41,16.41,16.405,21
2023-10-13 19:10:00,9484,16.4018,16.405,16.41,16.41,16.4,92
2023-10-13 19:11:00,4581,16.4065,16.405,16.41,16.41,16.405,51
2023-10-13 19:12:00,13819,16.4337,16.42,16.43,16.45,16.415,151
2023-10-13 19:13:00,4583,16.42,16.425,16.41,16.425,16.41,59
2023-10-13 19:14:00,2128,16.3975,16.4,16.395,16.4,16.395,40
2023-10-13 19:15:00,4126,16.3804,16.395,16.365,16.395,16.365,56
2023-10-13 19:16:00,7410,16.3747,16.37,16.375,16.38,16.365,43
2023-10-13 19:17:00,3759,16.3751,16.3768,16.375,16.3768,16.37,30
2023-10-13 19:18:00,7146,16.3696,16.375,16.375,16.375,16.36,79
2023-10-13 19:19:00,1308,16.3746,16.375,16.375,16.375,16.375,17
2023-10-13 19:20:00,5050,16.3809,16.375,16.385,16.385,16.375,50
2023-10-13 19:21:00,3759,16.3749,16.385,16.365,16.385,16.365,46
2023-10-13 19:22:00,1707,16.3648,16.365,16.365,16.365,16.36,14
2023-10-13 19:23:00,4390,16.369,16.365,16.375,16.375,16.36,58
2023-10-13 19:24:00,1660,16.3742,16.375,16.375,16.375,16.375,24
2023-10-13 19:25:00,1248,16.3751,16.375,16.375,16.375,16.375,17
2023-10-13 19:26:00,3476,16.375,16.375,16.375,16.38,16.37,40
2023-10-13 19:27:00,2266,16.3752,16.3749,16.375,16.38,16.3749,35
2023-10-13 19:28:00,1432,16.3749,16.375,16.375,16.375,16.375,17
2023-10-13 19:29:00,2551,16.3766,16.375,16.38,16.38,16.375,35
2023-10-13 19:30:00,11644,16.3837,16.38,16.38,16.39,16.377,130
2023-10-13 19:31:00,3236,16.3835,16.38,16.38,16.39,16.38,36
2023-10-13 19:32:00,8518,16.3857,16.385,16.385,16.39,16.38,96
2023-10-13 19:33:00,3999,16.3865,16.385,16.385,16.39,16.385,26
2023-10-13 19:34:00,2696,16.3855,16.385,16.39,16.39,16.385,36
2023-10-13 19:35:00,15252,16.402,16.39,16.415,16.42,16.385,160
2023-10-13 19:36:00,17651,16.4184,16.415,16.405,16.429,16.4,173
2023-10-13 19:37:00,7652,16.4054,16.405,16.405,16.41,16.405,42
2023-10-13 19:38:00,7494,16.4105,16.405,16.415,16.42,16.405,51
2023-10-13 19:39:00,14849,16.411,16.415,16.405,16.415,16.405,156
2023-10-13 19:40:00,8699,16.4046,16.405,16.405,16.4083,16.4025,38
2023-10-13 19:41:00,2966,16.4054,16.405,16.405,16.41,16.405,41
2023-10-13 19:42:00,13724,16.3991,16.4,16.395,16.41,16.39,117
2023-10-13 19:43:00,23262,16.4012,16.395,16.405,16.41,16.39,171
2023-10-13 19:44:00,37493,16.4055,16.405,16.425,16.425,16.4,316
2023-10-13 19:45:00,7876,16.4341,16.43,16.435,16.44,16.43,65
2023-10-13 19:46:00,49181,16.4317,16.435,16.425,16.44,16.425,354
2023-10-13 19:47:00,155329,16.418,16.42,16.415,16.44,16.4,579
2023-10-13 19:48:00,19886,16.4231,16.42,16.435,16.435,16.41,113
2023-10-13 19:49:00,14625,16.4361,16.43,16.4425,16.45,16.43,100
2023-10-13 19:50:00,35122,16.4429,16.445,16.445,16.45,16.44,203
2023-10-13 19:51:00,13270,16.4454,16.44,16.449,16.45,16.44,90
2023-10-13 19:52:00,17402,16.4528,16.45,16.4573,16.46,16.445,158
2023-10-13 19:53:00,54677,16.4559,16.455,16.47,16.47,16.445,282
2023-10-13 19:54:00,28953,16.4619,16.465,16.465,16.47,16.455,246
2023-10-13 19:55:00,154668,16.4965,16.47,16.5,16.51,16.47,641
2023-10-13 19:56:00,36521,16.4947,16.495,16.495,16.51,16.49,256
2023-10-13 19:57:00,67345,16.4824,16.495,16.475,16.4986,16.47,416
2023-10-13 19:58:00,54839,16.4724,16.475,16.475,16.48,16.465,334
2023-10-13 19:59:00,225849,16.5046,16.475,16.53,16.53,16.47,633
2023-10-13 20:00:00,2649,16.5,16.5,16.5,16.5,16.5,15
2023-10-13 20:38:00,1189,16.5017,16.51,16.51,16.51,16.51,2
2023-10-13 20:47:00,100,16.51,16.51,16.51,16.51,16.51,1
2023-10-13 23:09:00,100,16.42,16.42,16.42,16.42,16.42,1
