t,v,vw,o,c,h,l,n
2023-08-29 08:16:00,100,4.44,4.44,4.44,4.44,4.44,1
2023-08-29 08:17:00,200,4.45,4.45,4.45,4.45,4.45,1
2023-08-29 09:15:00,991,4.6874,4.68,4.7,4.7,4.65,16
2023-08-29 12:05:00,991,4.4307,4.45,4.42,4.45,4.42,13
2023-08-29 12:25:00,563,4.45,4.45,4.45,4.45,4.45,1
2023-08-29 12:49:00,1064,4.4552,4.45,4.45,4.45,4.45,7
2023-08-29 13:29:00,203,4.4312,4.43,4.43,4.43,4.43,2
2023-08-29 13:30:00,1728,4.4936,4.5,4.49,4.5,4.41,11
2023-08-29 13:35:00,146,4.491,4.495,4.495,4.495,4.495,4
2023-08-29 13:37:00,228,4.4435,4.4405,4.4405,4.4405,4.4405,3
2023-08-29 13:38:00,120,4.49,4.49,4.49,4.49,4.49,1
2023-08-29 13:45:00,608,4.5,4.5,4.5,4.5,4.5,3
2023-08-29 13:49:00,121,4.5428,4.5458,4.5458,4.5458,4.5458,2
2023-08-29 13:52:00,150,4.4901,4.4901,4.4901,4.4901,4.4901,1
2023-08-29 13:53:00,300,4.4601,4.4601,4.4601,4.4601,4.4601,1
2023-08-29 13:56:00,286,4.4767,4.4752,4.4752,4.4752,4.4752,5
2023-08-29 14:00:00,1083,4.473,4.4701,4.4701,4.4701,4.4701,5
2023-08-29 14:11:00,601,4.4929,4.4928,4.4928,4.4928,4.4928,2
2023-08-29 14:12:00,1214,4.492,4.49,4.491,4.491,4.49,18
2023-08-29 14:15:00,8129,4.5471,4.5299,4.5997,4.5997,4.5299,28
2023-08-29 14:16:00,500,4.6149,4.6149,4.6149,4.6149,4.6149,1
2023-08-29 14:23:00,128,4.566,4.56,4.56,4.56,4.56,5
2023-08-29 14:24:00,100,4.585,4.585,4.585,4.585,4.585,1
2023-08-29 14:27:00,101,4.5954,4.5953,4.5953,4.5953,4.5953,2
2023-08-29 14:35:00,602,4.6498,4.65,4.65,4.65,4.65,8
2023-08-29 14:38:00,7023,4.6425,4.65,4.656,4.656,4.6201,11
2023-08-29 14:39:00,5424,4.6806,4.68,4.6745,4.7,4.6745,17
2023-08-29 14:40:00,2361,4.6974,4.69,4.7,4.7,4.68,17
2023-08-29 14:41:00,1532,4.7153,4.7299,4.69,4.7299,4.69,15
2023-08-29 14:42:00,1513,4.6849,4.7,4.6701,4.7,4.6701,4
2023-08-29 14:43:00,1066,4.6859,4.685,4.685,4.685,4.685,4
2023-08-29 14:44:00,1728,4.693,4.6715,4.729,4.729,4.6715,10
2023-08-29 14:51:00,250,4.687,4.687,4.687,4.687,4.687,1
2023-08-29 14:56:00,1080,4.702,4.7,4.7,4.7,4.7,2
2023-08-29 14:59:00,100,4.7034,4.7034,4.7034,4.7034,4.7034,1
2023-08-29 15:00:00,377,4.69,4.69,4.69,4.69,4.69,10
2023-08-29 15:01:00,1350,4.6708,4.68,4.6702,4.68,4.67,5
2023-08-29 15:02:00,397,4.67,4.67,4.67,4.67,4.67,1
2023-08-29 15:03:00,500,4.6605,4.6605,4.6605,4.6605,4.6605,1
2023-08-29 15:04:00,101,4.6899,4.69,4.69,4.69,4.69,2
2023-08-29 15:15:00,358,4.6899,4.69,4.69,4.69,4.69,3
2023-08-29 15:29:00,250,4.6892,4.6892,4.6892,4.6892,4.6892,1
2023-08-29 15:32:00,575,4.6854,4.69,4.674,4.69,4.674,11
2023-08-29 15:39:00,395,4.6776,4.68,4.68,4.68,4.68,9
2023-08-29 15:41:00,293,4.6909,4.69,4.69,4.69,4.69,6
2023-08-29 15:50:00,1990,4.69,4.69,4.69,4.69,4.69,32
2023-08-29 15:51:00,1261,4.6904,4.69,4.695,4.695,4.69,17
2023-08-29 15:55:00,241,4.69,4.69,4.69,4.69,4.69,5
2023-08-29 16:04:00,1007,4.695,4.695,4.695,4.695,4.695,3
2023-08-29 16:06:00,130,4.69,4.69,4.69,4.69,4.69,7
2023-08-29 16:23:00,9320,4.7145,4.71,4.75,4.75,4.71,42
2023-08-29 16:24:00,755,4.7821,4.79,4.7777,4.79,4.7777,7
2023-08-29 16:27:00,507,4.7828,4.7829,4.7829,4.7829,4.7829,2
2023-08-29 16:29:00,658,4.7615,4.7601,4.7605,4.7605,4.76,10
2023-08-29 16:42:00,140,4.741,4.741,4.741,4.741,4.741,1
2023-08-29 16:44:00,401,4.7432,4.7431,4.7431,4.7431,4.7431,2
2023-08-29 16:49:00,1018,4.7502,4.7501,4.7503,4.7503,4.7501,4
2023-08-29 16:50:00,100,4.77,4.77,4.77,4.77,4.77,1
2023-08-29 16:52:00,135,4.7702,4.77,4.77,4.77,4.77,4
2023-08-29 16:54:00,254,4.78,4.78,4.78,4.78,4.78,3
2023-08-29 16:56:00,202,4.772,4.772,4.772,4.772,4.772,2
2023-08-29 16:59:00,407,4.77,4.77,4.77,4.77,4.77,11
2023-08-29 17:03:00,1734,4.7718,4.8,4.7701,4.8,4.77,8
2023-08-29 17:20:00,222,4.78,4.78,4.78,4.78,4.78,4
2023-08-29 17:22:00,100,4.7805,4.7805,4.7805,4.7805,4.7805,1
2023-08-29 17:25:00,307,4.7986,4.8,4.8,4.8,4.8,7
2023-08-29 17:26:00,305,4.8083,4.81,4.81,4.81,4.81,7
2023-08-29 17:29:00,2000,4.835,4.8105,4.85,4.85,4.8105,6
2023-08-29 17:31:00,1010,4.8497,4.8499,4.8499,4.8499,4.8499,2
2023-08-29 17:33:00,1767,4.8782,4.85,4.8834,4.89,4.85,12
2023-08-29 17:34:00,159,4.894,4.8925,4.8925,4.8925,4.8925,4
2023-08-29 17:35:00,1189,4.9017,4.9,4.9,4.9,4.9,15
2023-08-29 17:36:00,1301,4.9047,4.9,4.91,4.912,4.9,9
2023-08-29 17:37:00,840,4.9167,4.905,4.9271,4.9271,4.88,5
2023-08-29 17:41:00,1000,4.9299,4.9299,4.9299,4.9299,4.9299,1
2023-08-29 17:43:00,2309,4.8736,4.87,4.8971,4.8971,4.87,8
2023-08-29 17:44:00,5489,4.8614,4.88,4.86,4.88,4.86,17
2023-08-29 17:45:00,1976,4.883,4.86,4.884,4.884,4.86,6
2023-08-29 17:55:00,1111,4.8398,4.86,4.83,4.86,4.83,19
2023-08-29 17:56:00,1678,4.7934,4.834,4.78,4.834,4.7756,20
2023-08-29 17:57:00,136,4.8447,4.85,4.85,4.85,4.85,2
2023-08-29 17:59:00,110,4.775,4.7741,4.7741,4.7741,4.7741,2
2023-08-29 18:18:00,400,4.8146,4.8146,4.8146,4.8146,4.8146,1
2023-08-29 18:20:00,101,4.8203,4.82,4.82,4.82,4.82,2
2023-08-29 18:30:00,249,4.86,4.86,4.86,4.86,4.86,1
2023-08-29 18:35:00,100,4.82,4.82,4.82,4.82,4.82,1
2023-08-29 18:39:00,100,4.82,4.82,4.82,4.82,4.82,1
2023-08-29 18:41:00,322,4.8311,4.8301,4.83,4.8301,4.83,3
2023-08-29 18:42:00,101,4.8597,4.86,4.86,4.86,4.86,2
2023-08-29 18:43:00,300,4.85,4.85,4.85,4.85,4.85,1
2023-08-29 18:44:00,308,4.83,4.83,4.83,4.83,4.83,9
2023-08-29 18:47:00,203,4.8297,4.83,4.83,4.83,4.83,3
2023-08-29 18:49:00,811,4.8001,4.8,4.8,4.8,4.8,14
2023-08-29 18:50:00,969,4.7989,4.8,4.8,4.8,4.8,10
2023-08-29 18:51:00,445,4.8008,4.8018,4.8,4.8018,4.8,2
2023-08-29 18:52:00,1203,4.7955,4.8,4.78,4.8,4.78,15
2023-08-29 18:53:00,2376,4.7553,4.78,4.75,4.78,4.75,26
2023-08-29 19:01:00,101,4.7846,4.7849,4.7849,4.7849,4.7849,2
2023-08-29 19:02:00,101,4.7401,4.74,4.74,4.74,4.74,2
2023-08-29 19:03:00,216,4.7404,4.74,4.74,4.74,4.74,7
2023-08-29 19:04:00,102,4.7105,4.71,4.71,4.71,4.71,3
2023-08-29 19:06:00,115,4.7136,4.71,4.71,4.71,4.71,5
2023-08-29 19:08:00,202,4.7242,4.72,4.72,4.72,4.72,5
2023-08-29 19:10:00,208,4.7244,4.7244,4.7244,4.7244,4.7244,4
2023-08-29 19:12:00,2891,4.7375,4.7224,4.7694,4.7694,4.72,14
2023-08-29 19:14:00,1007,4.6903,4.6901,4.6901,4.6901,4.6901,2
2023-08-29 19:15:00,203,4.7245,4.725,4.725,4.725,4.725,2
2023-08-29 19:17:00,445,4.7417,4.74,4.74,4.74,4.74,7
2023-08-29 19:20:00,102,4.7001,4.7,4.7,4.7,4.7,3
2023-08-29 19:21:00,105,4.7006,4.7,4.7,4.7,4.7,4
2023-08-29 19:22:00,105,4.7004,4.7,4.7,4.7,4.7,3
2023-08-29 19:23:00,364,4.7216,4.73,4.73,4.73,4.73,9
2023-08-29 19:28:00,2705,4.7388,4.7499,4.72,4.7499,4.72,4
2023-08-29 19:34:00,348,4.7199,4.72,4.72,4.72,4.72,11
2023-08-29 19:36:00,889,4.7046,4.7,4.74,4.74,4.7,4
2023-08-29 19:39:00,100,4.7,4.7,4.7,4.7,4.7,1
2023-08-29 19:42:00,1011,4.7134,4.715,4.7,4.715,4.7,4
2023-08-29 19:44:00,611,4.726,4.73,4.71,4.73,4.71,4
2023-08-29 19:45:00,325,4.7023,4.7,4.7,4.7,4.7,4
2023-08-29 19:46:00,1649,4.7001,4.7002,4.7,4.7003,4.7,5
2023-08-29 19:47:00,1238,4.6938,4.7,4.69,4.7,4.69,26
2023-08-29 19:48:00,285,4.6942,4.69,4.69,4.69,4.69,8
2023-08-29 19:49:00,210,4.7,4.7,4.7,4.7,4.7,3
2023-08-29 19:50:00,1100,4.6936,4.73,4.69,4.73,4.69,2
2023-08-29 19:51:00,632,4.698,4.7,4.6902,4.7,4.6902,7
2023-08-29 19:52:00,2106,4.6944,4.69,4.7002,4.7002,4.69,18
2023-08-29 19:53:00,1489,4.6883,4.6715,4.69,4.69,4.6715,15
2023-08-29 19:54:00,3027,4.6824,4.6821,4.6821,4.6821,4.6821,7
2023-08-29 19:55:00,168,4.6982,4.6842,4.6842,4.6842,4.6842,10
2023-08-29 19:56:00,2875,4.6923,4.71,4.67,4.71,4.67,34
2023-08-29 19:59:00,319,4.7029,4.71,4.7,4.71,4.7,11
2023-08-29 20:06:00,400,4.93,4.93,4.93,4.93,4.93,1
2023-08-29 20:15:00,462,4.9664,4.97,4.97,4.97,4.97,9
2023-08-29 20:19:00,100,4.75,4.75,4.75,4.75,4.75,1
2023-08-29 20:21:00,200,4.75,4.75,4.75,4.75,4.75,1
2023-08-29 20:25:00,243,4.95,4.95,4.95,4.95,4.95,2
2023-08-29 20:27:00,100,4.93,4.93,4.93,4.93,4.93,1
2023-08-29 20:28:00,430,4.7503,4.75,4.75,4.75,4.75,2
2023-08-29 20:37:00,100,4.9,4.9,4.9,4.9,4.9,1
2023-08-29 20:52:00,500,4.89,4.89,4.89,4.89,4.89,1
2023-08-29 20:59:00,252,4.89,4.89,4.89,4.89,4.89,2
2023-08-29 21:32:00,100,4.77,4.77,4.77,4.77,4.77,1
2023-08-29 22:36:00,501,4.8301,4.83,4.83,4.83,4.83,2
2023-08-29 22:56:00,100,4.8,4.8,4.8,4.8,4.8,1
2023-08-29 22:58:00,220,4.7509,4.75,4.75,4.75,4.75,2
2023-08-29 23:59:00,126,4.6494,4.64,4.64,4.64,4.64,4
2023-08-30 12:06:00,186,4.64,4.64,4.64,4.64,4.64,1
2023-08-30 12:17:00,172,4.6399,4.64,4.64,4.64,4.64,2
2023-08-30 13:04:00,200,4.648,4.65,4.65,4.65,4.65,6
2023-08-30 13:30:00,1680,4.7454,4.75,4.75,4.75,4.75,9
2023-08-30 13:36:00,203,4.6919,4.69,4.69,4.69,4.69,3
2023-08-30 13:37:00,201,4.7574,4.79,4.79,4.79,4.79,3
2023-08-30 13:39:00,2059,4.8636,4.87,4.8553,4.87,4.8553,6
2023-08-30 13:40:00,705,4.832,4.8486,4.8254,4.8486,4.8254,3
2023-08-30 13:42:00,1501,4.7567,4.77,4.75,4.77,4.75,3
2023-08-30 13:43:00,1174,4.8112,4.76,4.8165,4.82,4.76,15
2023-08-30 13:52:00,3031,4.8204,4.82,4.82,4.82,4.82,5
2023-08-30 13:56:00,1297,4.8211,4.821,4.82,4.821,4.82,17
2023-08-30 14:00:00,1970,4.8693,4.87,4.87,4.87,4.87,7
2023-08-30 14:08:00,733,4.87,4.87,4.87,4.87,4.87,5
2023-08-30 14:09:00,1125,4.859,4.87,4.85,4.87,4.85,7
2023-08-30 14:11:00,226,4.8592,4.8501,4.87,4.87,4.8501,4
2023-08-30 14:12:00,6845,4.8731,4.86,4.89,4.9,4.85,49
2023-08-30 14:14:00,169,4.86,4.86,4.86,4.86,4.86,3
2023-08-30 14:15:00,861,4.8889,4.885,4.9,4.9,4.885,6
2023-08-30 14:17:00,4018,4.865,4.8501,4.885,4.885,4.8501,3
2023-08-30 14:23:00,3247,4.7585,4.79,4.73,4.79,4.73,36
2023-08-30 14:24:00,1326,4.7824,4.79,4.7757,4.79,4.7757,3
2023-08-30 14:26:00,230,4.72,4.72,4.72,4.72,4.72,1
2023-08-30 14:27:00,673,4.7213,4.7219,4.72,4.7219,4.72,11
2023-08-30 14:28:00,143,4.697,4.69,4.69,4.69,4.69,5
2023-08-30 14:30:00,388,4.7492,4.7495,4.75,4.75,4.7495,6
2023-08-30 14:32:00,175,4.7566,4.7674,4.7674,4.7674,4.7674,3
2023-08-30 14:33:00,260,4.7586,4.7512,4.7512,4.7512,4.7512,6
2023-08-30 14:46:00,2100,4.799,4.7999,4.78,4.7999,4.78,2
2023-08-30 14:50:00,557,4.7707,4.78,4.78,4.78,4.78,13
2023-08-30 14:51:00,270,4.7618,4.76,4.76,4.76,4.76,4
2023-08-30 14:53:00,1000,4.7788,4.7778,4.7778,4.7778,4.7778,2
2023-08-30 14:54:00,3400,4.7841,4.787,4.75,4.787,4.75,3
2023-08-30 15:01:00,100,4.775,4.775,4.775,4.775,4.775,1
2023-08-30 15:02:00,734,4.7227,4.75,4.71,4.75,4.71,16
2023-08-30 15:04:00,4713,4.7259,4.72,4.725,4.7455,4.7,28
2023-08-30 15:16:00,173,4.7005,4.7,4.7,4.7,4.7,5
2023-08-30 15:19:00,110,4.7318,4.73,4.73,4.73,4.73,2
2023-08-30 15:36:00,1530,4.7212,4.7201,4.739,4.739,4.72,15
2023-08-30 15:50:00,4859,4.6836,4.7,4.68,4.7,4.68,38
2023-08-30 15:51:00,354,4.6671,4.685,4.66,4.685,4.66,6
2023-08-30 15:54:00,150,4.6949,4.6949,4.6949,4.6949,4.6949,1
2023-08-30 15:58:00,1880,4.6986,4.6999,4.6999,4.6999,4.6999,2
2023-08-30 16:01:00,500,4.6942,4.6942,4.6942,4.6942,4.6942,1
2023-08-30 16:04:00,101,4.6473,4.6468,4.6468,4.6468,4.6468,2
2023-08-30 16:07:00,156,4.6497,4.6401,4.6401,4.6401,4.6401,4
2023-08-30 16:14:00,9619,4.6485,4.65,4.64,4.6502,4.64,55
2023-08-30 16:15:00,100,4.665,4.665,4.665,4.665,4.665,1
2023-08-30 16:21:00,2146,4.6511,4.6513,4.66,4.66,4.65,11
2023-08-30 16:22:00,557,4.6643,4.67,4.66,4.67,4.65,13
2023-08-30 16:24:00,100,4.66,4.66,4.66,4.66,4.66,1
2023-08-30 16:25:00,2019,4.6304,4.63,4.63,4.63,4.63,13
2023-08-30 16:30:00,4715,4.6453,4.63,4.65,4.67,4.62,35
2023-08-30 16:32:00,507,4.6224,4.63,4.62,4.63,4.62,5
2023-08-30 16:36:00,539,4.6561,4.65,4.67,4.67,4.65,6
2023-08-30 16:48:00,11548,4.6219,4.655,4.6,4.655,4.6,39
2023-08-30 16:49:00,1466,4.5823,4.6,4.56,4.6,4.56,39
2023-08-30 16:51:00,200,4.5742,4.5684,4.5684,4.5684,4.5684,8
2023-08-30 16:52:00,280,4.5745,4.565,4.58,4.58,4.565,4
2023-08-30 16:53:00,200,4.575,4.575,4.575,4.575,4.575,1
2023-08-30 17:00:00,602,4.5957,4.6,4.575,4.6,4.575,4
2023-08-30 17:01:00,200,4.562,4.562,4.562,4.562,4.562,1
2023-08-30 17:03:00,150,4.57,4.57,4.57,4.57,4.57,4
2023-08-30 17:04:00,2009,4.5511,4.56,4.55,4.56,4.55,13
2023-08-30 17:07:00,1750,4.5836,4.58,4.5808,4.59,4.58,4
2023-08-30 17:09:00,2300,4.6021,4.59,4.61,4.61,4.59,9
2023-08-30 17:10:00,902,4.6191,4.617,4.62,4.62,4.617,7
2023-08-30 17:12:00,504,4.5902,4.5902,4.5902,4.5902,4.5902,3
2023-08-30 17:24:00,2105,4.6371,4.64,4.58,4.64,4.58,3
2023-08-30 17:29:00,100,4.61,4.61,4.61,4.61,4.61,1
2023-08-30 17:31:00,404,4.6425,4.64,4.65,4.65,4.64,6
2023-08-30 17:43:00,504,4.6687,4.6698,4.6674,4.6698,4.6674,4
2023-08-30 17:48:00,250,4.64,4.64,4.64,4.64,4.64,1
2023-08-30 17:57:00,7306,4.6031,4.67,4.57,4.67,4.57,40
2023-08-30 18:00:00,503,4.5801,4.58,4.58,4.58,4.58,3
2023-08-30 18:09:00,1000,4.5702,4.5603,4.58,4.58,4.5603,2
2023-08-30 18:12:00,1000,4.5982,4.59,4.5997,4.5999,4.59,4
2023-08-30 18:13:00,150,4.58,4.58,4.58,4.58,4.58,3
2023-08-30 18:14:00,351,4.5628,4.5628,4.5628,4.5628,4.5628,2
2023-08-30 18:28:00,2153,4.5972,4.6,4.58,4.6,4.58,27
2023-08-30 18:38:00,287,4.5601,4.5601,4.5601,4.5601,4.5601,1
2023-08-30 18:39:00,350,4.5834,4.5834,4.5834,4.5834,4.5834,1
2023-08-30 18:44:00,200,4.58,4.58,4.58,4.58,4.58,1
2023-08-30 18:53:00,357,4.5794,4.58,4.58,4.58,4.58,5
2023-08-30 18:56:00,180,4.58,4.58,4.58,4.58,4.58,2
2023-08-30 18:57:00,755,4.5632,4.5605,4.58,4.58,4.5605,4
2023-08-30 18:59:00,3471,4.5487,4.57,4.53,4.57,4.53,50
2023-08-30 19:03:00,245,4.5171,4.52,4.52,4.52,4.52,7
2023-08-30 19:09:00,150,4.515,4.5132,4.5132,4.5132,4.5132,2
2023-08-30 19:19:00,100,4.53,4.53,4.53,4.53,4.53,1
2023-08-30 19:30:00,857,4.5101,4.525,4.51,4.525,4.51,23
2023-08-30 19:44:00,3599,4.463,4.49,4.47,4.49,4.45,72
2023-08-30 19:47:00,766,4.4732,4.47,4.47,4.49,4.47,17
2023-08-30 19:50:00,400,4.485,4.485,4.485,4.485,4.485,3
2023-08-30 19:52:00,100,4.51,4.51,4.51,4.51,4.51,1
2023-08-30 19:57:00,2670,4.4751,4.5,4.46,4.5,4.46,30
2023-08-30 19:58:00,3022,4.4712,4.47,4.475,4.475,4.47,19
2023-08-30 19:59:00,3948,4.4743,4.5,4.48,4.5,4.46,18
2023-08-30 20:11:00,300,4.4598,4.4598,4.4598,4.4598,4.4598,1
2023-08-30 20:29:00,700,4.6,4.6,4.6,4.6,4.6,1
2023-08-31 11:33:00,519,4.4502,4.45,4.45,4.45,4.45,6
2023-08-31 11:57:00,230,4.4443,4.44,4.45,4.45,4.44,5
2023-08-31 12:00:00,971,4.4605,4.45,4.45,4.45,4.45,12
2023-08-31 12:13:00,1250,4.4563,4.48,4.45,4.48,4.45,5
2023-08-31 12:14:00,500,4.4724,4.47,4.48,4.48,4.47,5
2023-08-31 12:37:00,100,4.48,4.48,4.48,4.48,4.48,1
2023-08-31 12:38:00,1174,4.4519,4.45,4.45,4.45,4.45,7
2023-08-31 13:00:00,5100,4.4794,4.48,4.45,4.48,4.45,3
2023-08-31 13:01:00,100,4.45,4.45,4.45,4.45,4.45,1
2023-08-31 13:22:00,100,4.48,4.48,4.48,4.48,4.48,1
2023-08-31 13:27:00,297,4.4026,4.4,4.4,4.4,4.4,19
2023-08-31 13:30:00,1295,4.3903,4.39,4.39,4.39,4.39,10
2023-08-31 13:32:00,4792,4.4008,4.4,4.401,4.401,4.4,11
2023-08-31 13:33:00,197,4.4002,4.4,4.4,4.4,4.4,4
2023-08-31 13:34:00,2631,4.4039,4.416,4.41,4.416,4.39,25
2023-08-31 13:36:00,155,4.3813,4.3804,4.3804,4.3804,4.3804,2
2023-08-31 13:38:00,2609,4.4003,4.402,4.4,4.4056,4.4,12
2023-08-31 13:42:00,100,4.4,4.4,4.4,4.4,4.4,1
2023-08-31 13:46:00,547,4.4279,4.4284,4.4284,4.4284,4.4284,3
2023-08-31 13:49:00,1565,4.415,4.415,4.415,4.415,4.415,1
2023-08-31 13:50:00,3710,4.3983,4.4,4.392,4.4,4.39,16
2023-08-31 13:51:00,4993,4.3451,4.38,4.345,4.38,4.32,29
2023-08-31 13:52:00,326,4.357,4.36,4.36,4.36,4.36,4
2023-08-31 13:53:00,1528,4.3649,4.35,4.37,4.37,4.35,10
2023-08-31 13:54:00,500,4.3227,4.32,4.328,4.328,4.32,5
2023-08-31 13:55:00,401,4.35,4.35,4.35,4.35,4.35,3
2023-08-31 13:57:00,201,4.3501,4.35,4.35,4.35,4.35,3
2023-08-31 13:58:00,316,4.3505,4.3514,4.35,4.3514,4.35,5
2023-08-31 13:59:00,602,4.3407,4.34,4.34,4.34,4.34,12
2023-08-31 14:03:00,676,4.33,4.34,4.32,4.34,4.32,13
2023-08-31 14:05:00,4243,4.3371,4.3318,4.3492,4.3699,4.33,6
2023-08-31 14:07:00,420,4.3431,4.3699,4.335,4.3699,4.3328,5
2023-08-31 14:08:00,9631,4.3846,4.3685,4.375,4.41,4.36,28
2023-08-31 14:09:00,1801,4.3789,4.375,4.375,4.3983,4.375,7
2023-08-31 14:12:00,1100,4.3636,4.367,4.3401,4.367,4.3401,3
2023-08-31 14:13:00,4600,4.371,4.365,4.39,4.39,4.3401,4
2023-08-31 14:14:00,3000,4.3775,4.365,4.39,4.39,4.365,2
2023-08-31 14:15:00,500,4.3876,4.3876,4.3876,4.3876,4.3876,1
2023-08-31 14:24:00,350,4.39,4.39,4.39,4.39,4.39,1
2023-08-31 14:29:00,102,4.3647,4.365,4.365,4.365,4.365,2
2023-08-31 14:31:00,9491,4.3265,4.35,4.29,4.35,4.29,75
2023-08-31 14:34:00,1133,4.2981,4.3,4.29,4.3095,4.29,15
2023-08-31 14:35:00,191,4.2761,4.28,4.28,4.28,4.28,6
2023-08-31 14:36:00,290,4.3155,4.3155,4.3155,4.3155,4.3155,1
2023-08-31 14:42:00,131,4.2978,4.3,4.3,4.3,4.3,3
2023-08-31 14:43:00,1119,4.2812,4.3,4.28,4.3,4.27,22
2023-08-31 14:44:00,115,4.3187,4.3199,4.3199,4.3199,4.3199,3
2023-08-31 14:48:00,1242,4.2764,4.26,4.28,4.28,4.26,14
2023-08-31 14:49:00,320,4.2694,4.26,4.29,4.29,4.26,2
2023-08-31 14:51:00,1006,4.2606,4.2704,4.24,4.2704,4.24,29
2023-08-31 14:55:00,277,4.2702,4.2704,4.2704,4.2704,4.2704,6
2023-08-31 14:56:00,259,4.2787,4.279,4.279,4.279,4.279,3
2023-08-31 14:57:00,310,4.27,4.27,4.27,4.27,4.27,3
2023-08-31 14:58:00,1028,4.255,4.27,4.252,4.27,4.252,12
2023-08-31 14:59:00,870,4.2504,4.25,4.25,4.25,4.25,13
2023-08-31 15:01:00,463,4.25,4.25,4.25,4.25,4.25,9
2023-08-31 15:02:00,200,4.2599,4.255,4.255,4.255,4.255,3
2023-08-31 15:03:00,1401,4.26,4.255,4.26,4.27,4.255,8
2023-08-31 15:06:00,100,4.2799,4.2799,4.2799,4.2799,4.2799,1
2023-08-31 15:07:00,791,4.2477,4.24,4.27,4.27,4.24,17
2023-08-31 15:08:00,309,4.2368,4.24,4.24,4.24,4.24,6
2023-08-31 15:10:00,222,4.2591,4.27,4.25,4.27,4.25,5
2023-08-31 15:12:00,873,4.2315,4.2301,4.2304,4.2304,4.23,6
2023-08-31 15:13:00,4888,4.2005,4.23,4.1603,4.23,4.1603,83
2023-08-31 15:14:00,730,4.1527,4.152,4.152,4.1548,4.15,12
2023-08-31 15:15:00,1365,4.1913,4.1884,4.2,4.2,4.1884,9
2023-08-31 15:16:00,339,4.222,4.2296,4.2167,4.2296,4.2167,3
2023-08-31 15:17:00,921,4.2309,4.23,4.23,4.23,4.22,21
2023-08-31 15:20:00,391,4.2329,4.26,4.2151,4.26,4.2151,3
2023-08-31 15:21:00,2118,4.2072,4.2121,4.2,4.2121,4.2,22
2023-08-31 15:23:00,422,4.2154,4.225,4.2,4.23,4.2,6
2023-08-31 15:24:00,130,4.2,4.2,4.2,4.2,4.2,1
2023-08-31 15:25:00,100,4.24,4.24,4.24,4.24,4.24,1
2023-08-31 15:27:00,2942,4.2074,4.2,4.21,4.24,4.2,15
2023-08-31 15:28:00,368,4.2078,4.205,4.205,4.205,4.205,13
2023-08-31 15:30:00,534,4.2005,4.2,4.2,4.2,4.2,12
2023-08-31 15:31:00,903,4.1999,4.1999,4.2,4.2,4.1999,3
2023-08-31 15:34:00,1104,4.1834,4.18,4.2,4.2,4.18,10
2023-08-31 15:37:00,1000,4.2,4.2,4.2,4.2,4.2,1
2023-08-31 15:38:00,102,4.1987,4.1987,4.1987,4.1987,4.1987,2
2023-08-31 15:43:00,1121,4.1656,4.18,4.16,4.18,4.16,20
2023-08-31 15:45:00,547,4.164,4.1664,4.16,4.1664,4.16,6
2023-08-31 15:46:00,297,4.1815,4.1964,4.1604,4.1964,4.1604,3
2023-08-31 15:47:00,1278,4.1697,4.2,4.1614,4.2,4.1614,5
2023-08-31 15:51:00,993,4.1605,4.16,4.16,4.16,4.16,26
2023-08-31 15:52:00,2774,4.1468,4.15,4.1201,4.15,4.1201,33
2023-08-31 15:53:00,100,4.12,4.12,4.12,4.12,4.12,1
2023-08-31 15:55:00,501,4.1439,4.1439,4.1439,4.1439,4.1439,2
2023-08-31 15:56:00,105,4.156,4.1558,4.1558,4.1558,4.1558,2
2023-08-31 15:57:00,411,4.16,4.16,4.16,4.16,4.16,6
2023-08-31 16:01:00,1035,4.1606,4.16,4.16,4.16,4.16,3
2023-08-31 16:02:00,631,4.1658,4.17,4.17,4.17,4.17,12
2023-08-31 16:03:00,968,4.1498,4.15,4.15,4.15,4.15,12
2023-08-31 16:04:00,9000,4.1459,4.1594,4.13,4.17,4.13,61
2023-08-31 16:09:00,426,4.1623,4.17,4.16,4.17,4.16,6
2023-08-31 16:12:00,1840,4.1599,4.16,4.16,4.16,4.1596,14
2023-08-31 16:17:00,2482,4.165,4.166,4.14,4.166,4.14,6
2023-08-31 16:18:00,1250,4.1524,4.1401,4.16,4.16,4.1401,3
2023-08-31 16:21:00,600,4.1478,4.1356,4.16,4.16,4.1356,2
2023-08-31 16:23:00,778,4.143,4.1667,4.13,4.1667,4.13,16
2023-08-31 16:37:00,671,4.1301,4.13,4.13,4.13,4.13,21
2023-08-31 16:38:00,101,4.1281,4.128,4.128,4.128,4.128,2
2023-08-31 16:41:00,1211,4.1234,4.14,4.122,4.14,4.12,10
2023-08-31 16:42:00,908,4.1285,4.13,4.13,4.13,4.13,14
2023-08-31 16:43:00,1139,4.1279,4.1283,4.1283,4.1283,4.1283,6
2023-08-31 16:44:00,101,4.125,4.125,4.125,4.125,4.125,2
2023-08-31 16:46:00,6556,4.1132,4.12,4.1,4.1233,4.09,48
2023-08-31 16:48:00,100,4.08,4.08,4.08,4.08,4.08,1
2023-08-31 16:49:00,100,4.0996,4.0996,4.0996,4.0996,4.0996,1
2023-08-31 16:51:00,3575,4.0701,4.08,4.05,4.08,4.05,43
2023-08-31 16:52:00,1820,4.0522,4.05,4.0699,4.0699,4.05,19
2023-08-31 16:54:00,1527,4.073,4.0699,4.094,4.094,4.0686,13
2023-08-31 16:55:00,5084,4.0507,4.0501,4.05,4.06,4.05,61
2023-08-31 16:56:00,599,4.0526,4.05,4.055,4.055,4.05,13
2023-08-31 17:01:00,550,4.0754,4.0779,4.0779,4.0779,4.0779,2
2023-08-31 17:03:00,7867,4.0115,4.04,4.0,4.04,4.0,53
2023-08-31 17:04:00,4431,4.002,4.01,4.0,4.01,4.0,30
2023-08-31 17:05:00,1893,3.9545,3.97,3.9536,3.97,3.95,8
2023-08-31 17:07:00,520,3.9892,3.9895,3.9895,3.9895,3.9895,4
2023-08-31 17:08:00,1548,3.9641,3.9634,3.9634,3.9634,3.9634,4
2023-08-31 17:09:00,378,3.98,3.98,3.98,3.98,3.98,6
2023-08-31 17:10:00,2735,3.9937,3.9999,3.99,4.0,3.99,11
2023-08-31 17:11:00,4242,3.9998,4.0,4.0,4.0,3.999,27
2023-08-31 17:12:00,701,3.9996,4.0,4.0,4.0,4.0,8
2023-08-31 17:13:00,1858,3.9934,4.0,3.995,4.0,3.99,31
2023-08-31 17:14:00,3398,3.9992,3.9975,4.0,4.0,3.9975,10
2023-08-31 17:16:00,697,4.0,3.9999,4.0,4.0,3.9999,5
2023-08-31 17:17:00,4211,4.0039,4.0,4.0,4.02,4.0,27
2023-08-31 17:19:00,1877,3.9989,3.9972,4.0,4.0,3.99,15
2023-08-31 17:20:00,2407,3.9999,3.9996,4.0,4.0,3.9996,10
2023-08-31 17:21:00,1852,4.0,4.0,4.0,4.0,4.0,17
2023-08-31 17:22:00,1420,3.9996,4.0,4.0,4.0,3.995,12
2023-08-31 17:23:00,410,4.0,4.0,4.0,4.0,4.0,5
2023-08-31 17:24:00,1260,3.9996,4.0,4.0,4.0,3.995,11
2023-08-31 17:25:00,2882,4.0153,4.02,4.0,4.04,4.0,31
2023-08-31 17:26:00,3057,3.9997,4.0,4.0,4.0,3.9995,16
2023-08-31 17:27:00,750,3.9984,4.0,3.9982,4.0,3.9982,6
2023-08-31 17:28:00,404,3.9975,4.0,3.99,4.0,3.99,7
2023-08-31 17:29:00,828,3.9988,4.0,4.0,4.0,3.99,13
2023-08-31 17:30:00,1047,4.0,4.0,4.0,4.0,4.0,6
2023-08-31 17:31:00,851,3.9997,4.0,4.0,4.0,4.0,8
2023-08-31 17:32:00,3935,3.9998,4.0,3.9993,4.0,3.9977,14
2023-08-31 17:33:00,842,3.9994,4.0,3.9999,4.0,3.995,10
2023-08-31 17:34:00,450,3.9989,4.0,4.0,4.0,4.0,5
2023-08-31 17:35:00,701,4.0,4.0,4.0,4.0,4.0,8
2023-08-31 17:36:00,686,4.0297,4.01,4.05,4.05,4.01,10
2023-08-31 17:37:00,492,4.0755,4.06,4.1,4.1,4.06,6
2023-08-31 17:38:00,1175,4.0966,4.1,4.1,4.1,4.07,11
2023-08-31 17:40:00,1228,4.0838,4.0838,4.0838,4.0838,4.0838,4
2023-08-31 17:41:00,484,4.0359,4.04,4.02,4.04,4.02,5
2023-08-31 17:42:00,1075,4.0479,4.05,4.05,4.05,4.05,2
2023-08-31 17:44:00,202,4.0249,4.039,4.01,4.039,4.01,3
2023-08-31 17:47:00,105,4.0114,4.01,4.01,4.01,4.01,2
2023-08-31 17:48:00,5250,4.0685,4.0316,4.04,4.0699,4.0316,4
2023-08-31 17:49:00,250,4.0699,4.0699,4.0699,4.0699,4.0699,1
2023-08-31 17:50:00,100,4.04,4.04,4.04,4.04,4.04,1
2023-08-31 17:53:00,1451,4.0255,4.04,4.02,4.04,4.02,8
2023-08-31 17:54:00,130,4.0235,4.0101,4.0101,4.0101,4.0101,2
2023-08-31 17:56:00,110,4.0154,4.01,4.01,4.01,4.01,2
2023-08-31 17:57:00,5000,4.0681,4.06,4.0697,4.0699,4.06,15
2023-08-31 17:58:00,994,4.05,4.05,4.05,4.05,4.05,21
2023-08-31 17:59:00,495,4.0343,4.04,4.0201,4.04,4.0201,7
2023-08-31 18:01:00,108,4.0384,4.0369,4.0369,4.0369,4.0369,3
2023-08-31 18:02:00,200,4.06,4.07,4.05,4.07,4.05,2
2023-08-31 18:05:00,112,4.0411,4.04,4.04,4.04,4.04,3
2023-08-31 18:07:00,100,4.055,4.055,4.055,4.055,4.055,1
2023-08-31 18:10:00,350,4.0397,4.05,4.03,4.05,4.03,9
2023-08-31 18:11:00,2397,4.0328,4.03,4.01,4.05,4.01,20
2023-08-31 18:19:00,287,4.0405,4.032,4.032,4.032,4.032,5
2023-08-31 18:20:00,126,4.0434,4.0434,4.0434,4.0434,4.0434,4
2023-08-31 18:22:00,116,4.0342,4.0301,4.0301,4.0301,4.0301,2
2023-08-31 18:24:00,1300,4.0301,4.0301,4.03,4.0301,4.03,2
2023-08-31 18:28:00,110,4.0328,4.0301,4.0301,4.0301,4.0301,3
2023-08-31 18:30:00,2142,4.03,4.03,4.03,4.03,4.03,24
2023-08-31 18:32:00,503,4.0399,4.0399,4.0399,4.0399,4.0399,2
2023-08-31 18:37:00,101,4.0111,4.011,4.011,4.011,4.011,2
2023-08-31 18:38:00,100,4.011,4.011,4.011,4.011,4.011,1
2023-08-31 18:40:00,100,4.02,4.02,4.02,4.02,4.02,1
2023-08-31 18:41:00,1342,4.016,4.02,4.01,4.025,4.01,17
2023-08-31 18:43:00,301,4.02,4.02,4.02,4.02,4.02,6
2023-08-31 18:44:00,118,4.02,4.02,4.02,4.02,4.02,5
2023-08-31 18:49:00,308,4.0199,4.0199,4.0199,4.0199,4.0199,3
2023-08-31 18:50:00,500,4.016,4.015,4.0198,4.0198,4.015,3
2023-08-31 18:52:00,452,4.0199,4.0199,4.0199,4.0199,4.0199,3
2023-08-31 18:54:00,672,4.0202,4.02,4.02,4.02,4.02,9
2023-08-31 18:56:00,948,4.0236,4.02,4.021,4.0299,4.02,12
2023-08-31 18:59:00,1513,4.0168,4.0201,4.0192,4.0201,4.01,20
2023-08-31 19:00:00,14879,4.0003,4.015,4.005,4.015,4.0,37
2023-08-31 19:01:00,100,4.005,4.005,4.005,4.005,4.005,1
2023-08-31 19:02:00,23727,3.9967,4.005,3.99,4.005,3.98,49
2023-08-31 19:03:00,111,3.9853,3.985,3.985,3.985,3.985,4
2023-08-31 19:05:00,2200,3.9802,3.98,3.98,3.985,3.98,9
2023-08-31 19:06:00,3196,3.9803,3.9849,3.98,3.985,3.98,20
2023-08-31 19:08:00,1280,3.9648,3.965,3.9677,3.9677,3.965,5
2023-08-31 19:09:00,304,3.9678,3.9674,3.9674,3.9674,3.9674,4
2023-08-31 19:10:00,319,3.9626,3.96,3.96,3.96,3.96,15
2023-08-31 19:11:00,1873,3.9523,3.9504,3.96,3.96,3.9504,8
2023-08-31 19:12:00,200,3.9644,3.96,3.9687,3.9687,3.96,2
2023-08-31 19:13:00,473,3.9639,3.951,3.9689,3.9689,3.951,13
2023-08-31 19:15:00,5852,3.9679,3.951,3.9501,3.9699,3.9501,7
2023-08-31 19:17:00,200,3.964,3.96,3.96,3.96,3.96,4
2023-08-31 19:19:00,125,3.9616,3.96,3.96,3.96,3.96,6
2023-08-31 19:20:00,369,3.9715,3.97,3.98,3.98,3.97,10
2023-08-31 19:21:00,175,3.975,3.975,3.975,3.975,3.975,3
2023-08-31 19:23:00,224,3.9724,3.975,3.975,3.975,3.975,8
2023-08-31 19:26:00,133,3.9705,3.9704,3.9704,3.9704,3.9704,3
2023-08-31 19:27:00,609,3.9783,3.9799,3.9798,3.9799,3.9798,8
2023-08-31 19:28:00,4975,3.9549,3.97,3.9437,3.97,3.9437,50
2023-08-31 19:30:00,9309,3.8959,3.9499,3.88,3.9499,3.88,55
2023-08-31 19:32:00,7715,3.9011,3.92,3.9193,3.92,3.9,19
2023-08-31 19:33:00,843,3.9157,3.92,3.9193,3.92,3.9193,9
2023-08-31 19:34:00,219,3.9104,3.91,3.91,3.91,3.91,4
2023-08-31 19:36:00,355,3.9144,3.9199,3.901,3.9199,3.901,4
2023-08-31 19:37:00,350,3.9171,3.91,3.9199,3.9199,3.91,2
2023-08-31 19:38:00,350,3.9198,3.92,3.9197,3.92,3.9197,2
2023-08-31 19:39:00,1909,3.9148,3.91,3.91,3.92,3.91,39
2023-08-31 19:40:00,172,3.9161,3.9133,3.9133,3.9133,3.9133,4
2023-08-31 19:41:00,3734,3.9396,3.94,3.94,3.94,3.94,7
2023-08-31 19:42:00,1171,3.9378,3.9399,3.93,3.9399,3.93,9
2023-08-31 19:43:00,1598,3.9431,3.9339,3.95,3.95,3.9339,25
2023-08-31 19:44:00,5698,3.969,3.9601,3.97,3.97,3.9601,5
2023-08-31 19:45:00,248,3.975,3.975,3.975,3.975,3.975,4
2023-08-31 19:46:00,1226,3.9705,3.98,3.96,3.98,3.96,21
2023-08-31 19:47:00,405,3.9666,3.9688,3.9688,3.9688,3.9688,4
2023-08-31 19:48:00,369,3.967,3.97,3.961,3.97,3.961,5
2023-08-31 19:49:00,1248,3.969,3.97,3.97,3.97,3.96,16
2023-08-31 19:50:00,1371,3.9688,3.97,3.9635,3.97,3.96,21
2023-08-31 19:51:00,1819,3.97,3.97,3.97,3.97,3.97,3
2023-08-31 19:52:00,1906,3.9661,3.965,3.975,3.975,3.965,10
2023-08-31 19:53:00,366,3.9689,3.975,3.961,3.975,3.961,6
2023-08-31 19:54:00,1609,3.9652,3.961,3.97,3.97,3.96,16
2023-08-31 19:55:00,2671,3.9641,3.965,3.965,3.965,3.965,10
2023-08-31 19:56:00,1338,3.958,3.95,3.9594,3.96,3.95,10
2023-08-31 19:57:00,613,3.9491,3.95,3.95,3.95,3.95,22
2023-08-31 19:58:00,294,3.945,3.94,3.94,3.94,3.94,8
2023-08-31 19:59:00,1500,3.9498,3.94,3.95,3.96,3.94,27
2023-08-31 20:00:00,450,4.03,4.03,4.03,4.03,4.03,1
2023-08-31 20:01:00,400,3.99,3.99,3.99,3.99,3.99,1
2023-08-31 20:02:00,1001,4.04,4.04,4.04,4.04,4.04,2
2023-08-31 20:11:00,100,3.99,3.99,3.99,3.99,3.99,1
2023-08-31 20:23:00,506,3.9707,3.99,3.97,3.99,3.97,10
2023-08-31 21:14:00,1000,4.04,4.04,4.04,4.04,4.04,1
2023-08-31 21:52:00,100,4.0283,4.0283,4.0283,4.0283,4.0283,1
2023-08-31 22:45:00,317,4.04,4.04,4.04,4.04,4.04,1
2023-08-31 23:08:00,354,4.04,4.04,4.04,4.04,4.04,4
2023-08-31 23:55:00,500,3.9512,3.95,3.95,3.95,3.95,5
2023-09-01 09:55:00,415,3.9708,3.97,3.97,3.97,3.97,11
2023-09-01 10:19:00,141,3.9671,3.97,3.97,3.97,3.97,2
2023-09-01 11:00:00,600,4.0895,4.09,4.09,4.09,4.09,2
2023-09-01 11:24:00,274,4.03,4.03,4.03,4.03,4.03,4
2023-09-01 11:30:00,120,4.04,4.04,4.04,4.04,4.04,3
2023-09-01 11:58:00,1020,4.0199,4.02,4.02,4.02,4.02,3
2023-09-01 12:00:00,1852,4.0783,4.0888,4.04,4.0899,4.04,6
2023-09-01 12:01:00,467,3.9772,3.9715,3.9715,3.9715,3.9715,4
2023-09-01 12:20:00,450,4.0744,4.07,4.08,4.08,4.07,7
2023-09-01 12:36:00,551,3.9993,4.0,4.0,4.0,4.0,5
2023-09-01 12:37:00,200,3.995,3.99,4.0,4.0,3.99,2
2023-09-01 12:49:00,125,4.05,4.05,4.05,4.05,4.05,1
2023-09-01 12:58:00,500,4.1,4.1,4.1,4.1,4.1,2
2023-09-01 13:01:00,130,4.09,4.09,4.09,4.09,4.09,1
2023-09-01 13:03:00,200,4.09,4.09,4.09,4.09,4.09,1
2023-09-01 13:10:00,770,4.0801,4.0801,4.08,4.0801,4.08,3
2023-09-01 13:30:00,8432,3.9342,3.97,3.905,3.97,3.9,109
2023-09-01 13:31:00,2749,3.9068,3.91,3.905,3.91,3.905,27
2023-09-01 13:32:00,1107,3.9034,3.9,3.9,3.9089,3.9,23
2023-09-01 13:33:00,348,3.9009,3.9006,3.9006,3.9006,3.9006,15
2023-09-01 13:34:00,3386,3.8969,3.9004,3.89,3.9004,3.89,20
2023-09-01 13:35:00,8068,3.8938,3.89,3.9,3.91,3.8898,50
2023-09-01 13:36:00,12611,3.8901,3.9,3.8606,3.9,3.8606,45
2023-09-01 13:37:00,351,3.8634,3.8616,3.8616,3.8616,3.8616,8
2023-09-01 13:39:00,1297,3.8709,3.8741,3.8704,3.8741,3.87,11
2023-09-01 13:40:00,1543,3.873,3.86,3.86,3.88,3.86,13
2023-09-01 13:41:00,11499,3.8357,3.8501,3.83,3.8501,3.83,25
2023-09-01 13:42:00,3587,3.83,3.83,3.83,3.83,3.83,16
2023-09-01 13:43:00,2691,3.8151,3.8296,3.805,3.8296,3.805,46
2023-09-01 13:44:00,3540,3.78,3.805,3.7602,3.8099,3.7602,51
2023-09-01 13:45:00,3223,3.7826,3.7693,3.79,3.8,3.7693,15
2023-09-01 13:48:00,1475,3.7489,3.76,3.73,3.76,3.73,29
2023-09-01 13:49:00,1004,3.7506,3.74,3.76,3.76,3.74,7
2023-09-01 13:50:00,2011,3.7499,3.75,3.74,3.7594,3.74,18
2023-09-01 13:51:00,1468,3.7407,3.74,3.74,3.74,3.74,8
2023-09-01 13:52:00,1853,3.7375,3.74,3.74,3.745,3.74,42
2023-09-01 13:53:00,3678,3.6833,3.7,3.651,3.7,3.65,73
2023-09-01 13:54:00,5424,3.6346,3.68,3.61,3.68,3.6,69
2023-09-01 13:55:00,1099,3.6121,3.625,3.62,3.625,3.601,24
2023-09-01 13:56:00,5649,3.5946,3.62,3.59,3.62,3.5801,64
2023-09-01 13:57:00,24433,3.516,3.5899,3.51,3.59,3.47,126
2023-09-01 13:58:00,12059,3.4549,3.49,3.4494,3.4991,3.435,82
2023-09-01 13:59:00,8581,3.4635,3.45,3.4301,3.4999,3.43,58
2023-09-01 14:00:00,931,3.486,3.465,3.4994,3.4994,3.465,12
2023-09-01 14:01:00,4897,3.4812,3.49,3.451,3.4983,3.4501,40
2023-09-01 14:02:00,5219,3.4642,3.451,3.47,3.4799,3.45,56
2023-09-01 14:03:00,3092,3.462,3.465,3.4595,3.47,3.45,42
2023-09-01 14:04:00,8675,3.4395,3.45,3.42,3.4501,3.41,71
2023-09-01 14:05:00,5395,3.4347,3.411,3.43,3.4499,3.411,34
2023-09-01 14:06:00,5957,3.4098,3.42,3.4,3.42,3.4,98
2023-09-01 14:07:00,11666,3.3615,3.38,3.355,3.38,3.35,96
2023-09-01 14:08:00,17725,3.3097,3.35,3.305,3.35,3.3,138
2023-09-01 14:09:00,13026,3.3011,3.305,3.3445,3.3445,3.28,95
2023-09-01 14:10:00,2576,3.3235,3.3003,3.3297,3.3399,3.3003,22
2023-09-01 14:11:00,4981,3.3419,3.33,3.346,3.3496,3.33,52
2023-09-01 14:12:00,14554,3.3542,3.3497,3.38,3.3983,3.34,74
2023-09-01 14:13:00,5410,3.3953,3.4,3.37,3.4,3.37,23
2023-09-01 14:14:00,7008,3.3679,3.3888,3.32,3.39,3.32,74
2023-09-01 14:15:00,4625,3.3231,3.325,3.3,3.34,3.3,49
2023-09-01 14:16:00,6008,3.3126,3.31,3.32,3.35,3.31,31
2023-09-01 14:17:00,4290,3.3099,3.32,3.3,3.32,3.3,44
2023-09-01 14:18:00,2333,3.3121,3.32,3.3093,3.32,3.3093,22
2023-09-01 14:19:00,4323,3.3025,3.3094,3.3,3.31,3.3,62
2023-09-01 14:20:00,21006,3.2882,3.3,3.29,3.3,3.2601,69
2023-09-01 14:21:00,1510,3.2619,3.26,3.26,3.26,3.26,30
2023-09-01 14:22:00,5441,3.2742,3.2501,3.26,3.2899,3.25,43
2023-09-01 14:23:00,6718,3.2519,3.26,3.24,3.2693,3.23,42
2023-09-01 14:24:00,3456,3.2475,3.2497,3.24,3.25,3.24,25
2023-09-01 14:25:00,9806,3.2217,3.23,3.22,3.23,3.21,44
2023-09-01 14:26:00,14400,3.1864,3.21,3.1503,3.21,3.1503,105
2023-09-01 14:27:00,14631,3.2019,3.1799,3.2,3.2597,3.15,79
2023-09-01 14:28:00,1303,3.2366,3.2497,3.24,3.2497,3.23,24
2023-09-01 14:29:00,2197,3.2045,3.22,3.2119,3.22,3.2,42
2023-09-01 14:30:00,3537,3.1865,3.18,3.19,3.22,3.17,42
2023-09-01 14:31:00,1645,3.173,3.18,3.17,3.18,3.17,15
2023-09-01 14:32:00,5218,3.1617,3.17,3.15,3.18,3.15,62
2023-09-01 14:33:00,2869,3.1604,3.16,3.18,3.18,3.15,38
2023-09-01 14:34:00,1818,3.1542,3.165,3.15,3.17,3.15,16
2023-09-01 14:35:00,9034,3.1459,3.15,3.13,3.16,3.12,72
2023-09-01 14:36:00,4111,3.1343,3.135,3.13,3.1469,3.12,27
2023-09-01 14:37:00,5215,3.1514,3.13,3.18,3.18,3.13,38
2023-09-01 14:38:00,6571,3.173,3.17,3.165,3.18,3.16,59
2023-09-01 14:39:00,2575,3.154,3.1693,3.14,3.1693,3.14,57
2023-09-01 14:40:00,11402,3.128,3.1304,3.12,3.1304,3.12,73
2023-09-01 14:41:00,1900,3.1293,3.1217,3.13,3.1499,3.1217,16
2023-09-01 14:42:00,1348,3.1288,3.13,3.12,3.14,3.12,28
2023-09-01 14:43:00,5785,3.1095,3.12,3.1,3.12,3.09,65
2023-09-01 14:44:00,4757,3.0832,3.09,3.0703,3.1,3.07,52
2023-09-01 14:45:00,5718,3.0696,3.08,3.05,3.09,3.05,69
2023-09-01 14:46:00,6825,3.0598,3.04,3.06,3.0899,3.04,62
2023-09-01 14:47:00,2978,3.0558,3.051,3.04,3.0789,3.04,38
2023-09-01 14:48:00,15145,3.0744,3.06,3.06,3.08,3.06,39
2023-09-01 14:49:00,10382,3.0527,3.0685,3.05,3.0685,3.04,66
2023-09-01 14:50:00,3759,3.0442,3.0597,3.0303,3.0599,3.03,24
2023-09-01 14:51:00,4021,3.0351,3.04,3.0301,3.04,3.03,34
2023-09-01 14:52:00,4410,3.0344,3.0315,3.03,3.04,3.03,30
2023-09-01 14:53:00,4527,3.0331,3.0303,3.03,3.04,3.03,29
2023-09-01 14:54:00,6098,3.0266,3.04,3.03,3.04,3.02,53
2023-09-01 14:55:00,5727,3.0149,3.0297,3.0094,3.03,3.0,65
2023-09-01 14:56:00,11007,2.9985,3.0,2.999,3.0094,2.98,77
2023-09-01 14:57:00,2961,2.9817,2.99,2.96,2.99,2.96,42
2023-09-01 14:58:00,11065,2.9527,2.98,2.96,2.98,2.92,60
2023-09-01 14:59:00,4591,2.9662,2.95,2.9699,2.98,2.95,39
2023-09-01 15:00:00,5223,2.9615,2.9698,2.95,2.9698,2.95,41
2023-09-01 15:01:00,19838,2.9851,2.9592,3.03,3.03,2.95,72
2023-09-01 15:02:00,4304,3.0361,3.03,3.04,3.04,3.0,49
2023-09-01 15:03:00,1840,3.0341,3.0397,3.03,3.04,3.03,12
2023-09-01 15:04:00,1896,3.0338,3.039,3.03,3.039,3.03,15
2023-09-01 15:05:00,4987,3.0214,3.04,3.0001,3.04,3.0001,28
2023-09-01 15:06:00,4528,3.0277,3.0003,3.03,3.03,3.0003,28
2023-09-01 15:07:00,11084,3.0544,3.0397,3.07,3.07,3.0392,51
2023-09-01 15:08:00,9493,3.0999,3.075,3.11,3.11,3.0701,57
2023-09-01 15:09:00,18361,3.1176,3.1054,3.129,3.1323,3.1054,50
2023-09-01 15:10:00,11523,3.1268,3.129,3.1299,3.1299,3.11,30
2023-09-01 15:11:00,14589,3.1299,3.1102,3.1296,3.14,3.1102,60
2023-09-01 15:12:00,3523,3.1185,3.1282,3.1287,3.13,3.1105,20
2023-09-01 15:13:00,2670,3.1144,3.1103,3.1195,3.1297,3.1101,19
2023-09-01 15:14:00,6028,3.1068,3.12,3.1,3.12,3.09,53
2023-09-01 15:15:00,8433,3.0897,3.08,3.1,3.1,3.07,54
2023-09-01 15:16:00,3056,3.1085,3.1099,3.11,3.11,3.1004,32
2023-09-01 15:17:00,950,3.11,3.11,3.11,3.11,3.1095,13
2023-09-01 15:18:00,2790,3.1118,3.12,3.12,3.12,3.1,35
2023-09-01 15:19:00,3779,3.1096,3.1188,3.11,3.12,3.1,21
2023-09-01 15:20:00,1327,3.1093,3.1095,3.1074,3.1097,3.1074,9
2023-09-01 15:21:00,3659,3.1,3.1,3.08,3.12,3.08,42
2023-09-01 15:22:00,5678,3.054,3.061,3.05,3.078,3.045,38
2023-09-01 15:23:00,3975,3.0361,3.05,3.0382,3.05,3.03,25
2023-09-01 15:24:00,4434,3.0079,3.03,3.0146,3.03,3.0,52
2023-09-01 15:25:00,1611,3.0116,3.02,3.0299,3.0299,3.0001,13
2023-09-01 15:26:00,5694,3.0467,3.02,3.06,3.06,3.01,24
2023-09-01 15:27:00,490,3.0517,3.052,3.05,3.052,3.05,11
2023-09-01 15:29:00,3605,3.0295,3.03,3.03,3.0397,3.0101,33
2023-09-01 15:30:00,8272,3.0468,3.03,3.05,3.05,3.03,38
2023-09-01 15:31:00,5126,3.0802,3.08,3.08,3.08,3.08,40
2023-09-01 15:32:00,3722,3.047,3.07,3.05,3.08,3.01,29
2023-09-01 15:33:00,2912,3.0206,3.01,3.02,3.0211,3.01,8
2023-09-01 15:34:00,5562,3.0306,3.0214,3.02,3.05,3.02,26
2023-09-01 15:35:00,2762,3.021,3.0388,3.0201,3.0388,3.02,11
2023-09-01 15:36:00,5761,3.0288,3.03,3.0381,3.04,3.02,26
2023-09-01 15:37:00,6934,3.0368,3.0397,3.02,3.04,3.02,12
2023-09-01 15:38:00,4415,3.0163,3.021,3.02,3.0296,3.0,50
2023-09-01 15:39:00,3383,3.0111,3.0,3.0162,3.02,3.0,23
2023-09-01 15:40:00,11797,3.0058,3.01,3.0099,3.0106,3.0,45
2023-09-01 15:41:00,356,3.0046,3.0,3.0094,3.0094,3.0,7
2023-09-01 15:42:00,1600,3.002,3.001,3.01,3.01,3.0,8
2023-09-01 15:43:00,1362,3.0007,3.0,3.0,3.0,3.0,8
2023-09-01 15:44:00,1965,3.0013,3.0161,3.0003,3.0161,3.0003,9
2023-09-01 15:45:00,2535,3.002,3.001,3.0067,3.01,3.0,14
2023-09-01 15:46:00,1015,3.0083,3.005,3.0097,3.01,3.005,14
2023-09-01 15:47:00,3007,3.0049,3.0,3.0062,3.0099,3.0,14
2023-09-01 15:48:00,4477,3.0117,3.001,3.02,3.02,3.0,40
2023-09-01 15:49:00,3912,3.0246,3.02,3.025,3.03,3.0185,24
2023-09-01 15:50:00,1625,3.0297,3.039,3.0236,3.04,3.0236,7
2023-09-01 15:51:00,218,3.026,3.025,3.025,3.025,3.025,3
2023-09-01 15:52:00,1400,3.0201,3.02,3.02,3.02,3.02,3
2023-09-01 15:53:00,1693,3.0302,3.0301,3.03,3.0301,3.03,17
2023-09-01 15:54:00,3566,3.0243,3.02,3.0256,3.0296,3.02,16
2023-09-01 15:55:00,8905,3.0379,3.02,3.02,3.05,3.02,39
2023-09-01 15:56:00,1097,3.0352,3.02,3.03,3.0491,3.02,11
2023-09-01 15:57:00,867,3.0314,3.03,3.03,3.03,3.03,11
2023-09-01 15:58:00,976,3.0337,3.03,3.03,3.04,3.03,10
2023-09-01 15:59:00,5945,3.0591,3.03,3.04,3.07,3.03,34
2023-09-01 16:00:00,591,3.0656,3.07,3.04,3.07,3.04,9
2023-09-01 16:01:00,10068,3.0804,3.065,3.1,3.1,3.065,22
2023-09-01 16:02:00,4232,3.1,3.0999,3.1,3.1,3.0999,37
2023-09-01 16:03:00,6123,3.1122,3.12,3.1101,3.1299,3.1101,14
2023-09-01 16:04:00,5235,3.1411,3.1391,3.1404,3.15,3.1282,31
2023-09-01 16:05:00,7888,3.149,3.1463,3.145,3.15,3.145,32
2023-09-01 16:06:00,7024,3.14,3.15,3.14,3.15,3.12,51
2023-09-01 16:07:00,373,3.1389,3.14,3.14,3.14,3.14,7
2023-09-01 16:08:00,113,3.1352,3.135,3.135,3.135,3.135,4
2023-09-01 16:09:00,129,3.1401,3.14,3.14,3.14,3.14,4
2023-09-01 16:10:00,811,3.1425,3.145,3.1403,3.145,3.1403,9
2023-09-01 16:11:00,14575,3.1703,3.15,3.1812,3.19,3.14,41
2023-09-01 16:12:00,11225,3.186,3.2,3.17,3.2,3.17,28
2023-09-01 16:13:00,5225,3.1701,3.1721,3.16,3.1721,3.16,9
2023-09-01 16:14:00,736,3.1734,3.175,3.1705,3.175,3.17,10
2023-09-01 16:15:00,4202,3.1789,3.1701,3.175,3.19,3.1701,23
2023-09-01 16:18:00,1975,3.2008,3.19,3.21,3.21,3.18,18
2023-09-01 16:19:00,11067,3.1878,3.21,3.2107,3.2107,3.17,62
2023-09-01 16:20:00,741,3.1828,3.1801,3.1801,3.1801,3.1801,8
2023-09-01 16:22:00,1210,3.1903,3.1863,3.2,3.2,3.1863,16
2023-09-01 16:23:00,1067,3.207,3.2075,3.2075,3.2075,3.2075,5
2023-09-01 16:24:00,2120,3.2048,3.2099,3.21,3.21,3.1903,17
2023-09-01 16:25:00,7889,3.2203,3.22,3.22,3.225,3.2199,33
2023-09-01 16:26:00,670,3.23,3.23,3.23,3.23,3.23,7
2023-09-01 16:27:00,2166,3.2177,3.225,3.2,3.225,3.2,27
2023-09-01 16:28:00,1834,3.1962,3.2,3.19,3.2,3.19,8
2023-09-01 16:29:00,328,3.192,3.195,3.1906,3.195,3.1906,10
2023-09-01 16:30:00,1100,3.1996,3.1992,3.2,3.2,3.1992,2
2023-09-01 16:31:00,1613,3.2044,3.195,3.207,3.21,3.195,15
2023-09-01 16:32:00,587,3.2141,3.2197,3.2053,3.22,3.2053,11
2023-09-01 16:33:00,2337,3.2275,3.23,3.23,3.23,3.22,12
2023-09-01 16:34:00,250,3.2221,3.23,3.2103,3.23,3.2103,2
2023-09-01 16:35:00,250,3.2142,3.22,3.2103,3.22,3.2103,2
2023-09-01 16:36:00,3003,3.22,3.22,3.22,3.22,3.22,3
2023-09-01 16:37:00,1478,3.2201,3.2203,3.22,3.2203,3.22,17
2023-09-01 16:38:00,1619,3.22,3.2197,3.2201,3.2201,3.2197,12
2023-09-01 16:39:00,784,3.2216,3.23,3.22,3.23,3.22,5
2023-09-01 16:40:00,1578,3.2153,3.22,3.215,3.22,3.21,18
2023-09-01 16:41:00,130,3.2252,3.225,3.225,3.225,3.225,3
2023-09-01 16:42:00,3199,3.2233,3.22,3.2203,3.2299,3.22,19
2023-09-01 16:44:00,252,3.2212,3.2204,3.2204,3.2204,3.2204,5
2023-09-01 16:46:00,570,3.2225,3.225,3.2203,3.225,3.2203,6
2023-09-01 16:48:00,2491,3.23,3.2297,3.23,3.23,3.2297,28
2023-09-01 16:49:00,10016,3.2482,3.24,3.265,3.2897,3.24,50
2023-09-01 16:50:00,2898,3.2793,3.2897,3.29,3.29,3.27,22
2023-09-01 16:51:00,1847,3.2896,3.2899,3.3,3.3,3.2803,27
2023-09-01 16:52:00,1254,3.2997,3.3,3.2969,3.3,3.2969,10
2023-09-01 16:53:00,2743,3.2904,3.2944,3.2891,3.295,3.2803,36
2023-09-01 16:54:00,424,3.2862,3.2891,3.2801,3.2891,3.2801,7
2023-09-01 16:55:00,7890,3.2744,3.285,3.275,3.2862,3.27,36
2023-09-01 16:56:00,864,3.2746,3.2703,3.275,3.2794,3.2703,6
2023-09-01 16:57:00,225,3.2744,3.2703,3.2703,3.2703,3.2703,3
2023-09-01 16:58:00,2019,3.2707,3.275,3.2706,3.2756,3.27,30
2023-09-01 16:59:00,612,3.2702,3.27,3.27,3.27,3.27,4
2023-09-01 17:00:00,467,3.2729,3.28,3.2693,3.28,3.2693,8
2023-09-01 17:01:00,1397,3.2615,3.265,3.2601,3.265,3.26,8
2023-09-01 17:02:00,707,3.2683,3.265,3.27,3.27,3.265,5
2023-09-01 17:03:00,1079,3.2715,3.265,3.28,3.28,3.265,20
2023-09-01 17:04:00,2399,3.2841,3.2803,3.285,3.285,3.28,6
2023-09-01 17:05:00,771,3.2869,3.285,3.2897,3.2897,3.285,5
2023-09-01 17:06:00,553,3.2763,3.2749,3.2749,3.2749,3.2749,8
2023-09-01 17:07:00,2204,3.2454,3.275,3.2267,3.275,3.2267,35
2023-09-01 17:10:00,331,3.2461,3.2482,3.2482,3.2482,3.2482,5
2023-09-01 17:11:00,4262,3.2248,3.24,3.2003,3.2493,3.2,41
2023-09-01 17:12:00,132,3.2071,3.2003,3.2003,3.2003,3.2003,4
2023-09-01 17:13:00,210,3.2018,3.2015,3.2015,3.2015,3.2015,4
2023-09-01 17:14:00,332,3.2146,3.21,3.2157,3.2157,3.21,8
2023-09-01 17:15:00,3137,3.212,3.2003,3.21,3.2194,3.2003,11
2023-09-01 17:16:00,222,3.2301,3.225,3.225,3.225,3.225,5
2023-09-01 17:17:00,686,3.2207,3.2128,3.225,3.225,3.2128,7
2023-09-01 17:18:00,1529,3.2168,3.225,3.2101,3.2399,3.2101,8
2023-09-01 17:19:00,900,3.2555,3.235,3.2697,3.2697,3.235,8
2023-09-01 17:21:00,699,3.2657,3.2697,3.26,3.2697,3.26,4
2023-09-01 17:22:00,300,3.2699,3.2699,3.2699,3.2699,3.2699,1
2023-09-01 17:25:00,622,3.2356,3.2477,3.2203,3.2477,3.2201,6
2023-09-01 17:26:00,128,3.2317,3.2317,3.2317,3.2317,3.2317,1
2023-09-01 17:28:00,1854,3.232,3.24,3.21,3.24,3.21,23
2023-09-01 17:29:00,1469,3.2424,3.2103,3.25,3.25,3.2103,14
2023-09-01 17:32:00,7353,3.2426,3.255,3.25,3.255,3.24,18
2023-09-01 17:33:00,294,3.2499,3.25,3.25,3.25,3.25,7
2023-09-01 17:35:00,310,3.2481,3.25,3.245,3.25,3.245,6
2023-09-01 17:36:00,529,3.2474,3.245,3.2492,3.2492,3.245,4
2023-09-01 17:38:00,1557,3.2405,3.245,3.24,3.245,3.24,11
2023-09-01 17:39:00,3647,3.2417,3.24,3.24,3.245,3.23,17
2023-09-01 17:40:00,1623,3.2201,3.22,3.22,3.22,3.22,2
2023-09-01 17:42:00,306,3.2197,3.22,3.2197,3.22,3.2197,6
2023-09-01 17:44:00,126,3.2101,3.2101,3.2101,3.2101,3.2101,1
2023-09-01 17:45:00,222,3.2105,3.2106,3.2106,3.2106,3.2106,4
2023-09-01 17:46:00,484,3.2099,3.21,3.21,3.21,3.21,8
2023-09-01 17:51:00,207,3.2192,3.2197,3.2197,3.2197,3.2197,5
2023-09-01 17:52:00,1338,3.2067,3.22,3.2,3.22,3.2,11
2023-09-01 17:53:00,859,3.2,3.2,3.2,3.2,3.2,1
2023-09-01 17:55:00,332,3.2018,3.2,3.2007,3.205,3.2,4
2023-09-01 17:56:00,2116,3.2102,3.21,3.21,3.21,3.21,5
2023-09-01 17:57:00,4696,3.179,3.2,3.1712,3.2,3.17,45
2023-09-01 17:58:00,259,3.174,3.1703,3.1781,3.1781,3.1703,3
2023-09-01 17:59:00,264,3.1723,3.1704,3.1704,3.1704,3.1704,8
2023-09-01 18:00:00,2343,3.1854,3.18,3.1825,3.19,3.18,16
2023-09-01 18:03:00,455,3.1991,3.1991,3.1991,3.1991,3.1991,2
2023-09-01 18:04:00,666,3.2004,3.2,3.2,3.2,3.2,8
2023-09-01 18:05:00,1822,3.2182,3.21,3.22,3.22,3.21,12
2023-09-01 18:06:00,311,3.22,3.22,3.22,3.22,3.22,6
2023-09-01 18:07:00,10567,3.1996,3.2,3.1901,3.2001,3.19,22
2023-09-01 18:08:00,260,3.208,3.21,3.205,3.21,3.205,4
2023-09-01 18:09:00,174,3.1803,3.1803,3.1803,3.1803,3.1803,2
2023-09-01 18:14:00,277,3.2122,3.23,3.1854,3.23,3.1854,3
2023-09-01 18:15:00,2939,3.2011,3.2285,3.18,3.2285,3.18,19
2023-09-01 18:18:00,108,3.1843,3.1846,3.1846,3.1846,3.1846,2
2023-09-01 18:21:00,123,3.2194,3.2197,3.2197,3.2197,3.2197,2
2023-09-01 18:22:00,659,3.1856,3.2,3.19,3.2,3.18,12
2023-09-01 18:23:00,105,3.1927,3.1923,3.1923,3.1923,3.1923,2
2023-09-01 18:24:00,1900,3.2,3.2,3.2,3.2,3.2,1
2023-09-01 18:26:00,346,3.1906,3.1997,3.19,3.1997,3.19,11
2023-09-01 18:28:00,1043,3.1853,3.18,3.1965,3.1965,3.18,15
2023-09-01 18:31:00,224,3.1803,3.18,3.18,3.18,3.18,2
2023-09-01 18:32:00,270,3.1909,3.19,3.19,3.19,3.19,10
2023-09-01 18:34:00,1953,3.1895,3.19,3.1897,3.19,3.1897,9
2023-09-01 18:35:00,1447,3.1934,3.185,3.2,3.2,3.185,16
2023-09-01 18:36:00,2560,3.2049,3.2,3.2189,3.2189,3.2,14
2023-09-01 18:39:00,12336,3.1802,3.2,3.18,3.21,3.17,51
2023-09-01 18:40:00,237,3.1948,3.1948,3.1948,3.1948,3.1948,2
2023-09-01 18:42:00,817,3.2047,3.19,3.21,3.21,3.19,4
2023-09-01 18:45:00,171,3.2039,3.205,3.205,3.205,3.205,3
2023-09-01 18:48:00,100,3.2097,3.2097,3.2097,3.2097,3.2097,1
2023-09-01 18:49:00,100,3.2,3.2,3.2,3.2,3.2,1
2023-09-01 18:54:00,1078,3.2009,3.2,3.21,3.21,3.2,14
2023-09-01 18:55:00,1140,3.2084,3.2083,3.2094,3.2094,3.2083,2
2023-09-01 18:58:00,131,3.1987,3.2,3.2,3.2,3.2,4
2023-09-01 18:59:00,500,3.2092,3.209,3.21,3.21,3.209,2
2023-09-01 19:01:00,1652,3.2097,3.2093,3.21,3.21,3.205,18
2023-09-01 19:02:00,9413,3.2205,3.22,3.22,3.23,3.22,13
2023-09-01 19:05:00,400,3.2154,3.2165,3.215,3.2165,3.215,4
2023-09-01 19:06:00,930,3.21,3.21,3.21,3.21,3.21,16
2023-09-01 19:07:00,5155,3.1821,3.205,3.18,3.205,3.18,20
2023-09-01 19:08:00,5521,3.18,3.18,3.188,3.188,3.18,17
2023-09-01 19:10:00,131,3.1843,3.1856,3.1856,3.1856,3.1856,3
2023-09-01 19:11:00,367,3.1765,3.173,3.173,3.173,3.173,5
2023-09-01 19:12:00,202,3.1902,3.19,3.19,3.19,3.19,3
2023-09-01 19:13:00,227,3.1892,3.19,3.19,3.19,3.19,4
2023-09-01 19:16:00,4953,3.1893,3.1899,3.19,3.19,3.185,45
2023-09-01 19:17:00,907,3.1912,3.19,3.2,3.2,3.19,9
2023-09-01 19:22:00,682,3.1876,3.19,3.19,3.19,3.19,15
2023-09-01 19:25:00,180,3.1881,3.1891,3.1891,3.1891,3.1891,3
2023-09-01 19:26:00,712,3.1828,3.19,3.18,3.19,3.18,11
2023-09-01 19:29:00,127,3.185,3.185,3.185,3.185,3.185,3
2023-09-01 19:30:00,11201,3.1581,3.18,3.16,3.18,3.15,69
2023-09-01 19:31:00,9409,3.1506,3.1502,3.1403,3.17,3.14,35
2023-09-01 19:32:00,1000,3.1634,3.1634,3.1634,3.1634,3.1634,1
2023-09-01 19:33:00,812,3.1687,3.1699,3.16,3.17,3.16,9
2023-09-01 19:34:00,1000,3.1678,3.16,3.18,3.18,3.16,6
2023-09-01 19:35:00,360,3.1634,3.16,3.18,3.18,3.16,4
2023-09-01 19:36:00,100,3.16,3.16,3.16,3.16,3.16,1
2023-09-01 19:38:00,701,3.16,3.16,3.16,3.16,3.16,7
2023-09-01 19:40:00,4877,3.1629,3.15,3.152,3.175,3.15,22
2023-09-01 19:41:00,716,3.1513,3.1503,3.1519,3.1519,3.1503,2
2023-09-01 19:42:00,914,3.1694,3.1694,3.17,3.17,3.1694,14
2023-09-01 19:43:00,11903,3.1434,3.1602,3.1497,3.1602,3.13,43
2023-09-01 19:44:00,1236,3.1472,3.15,3.15,3.15,3.15,25
2023-09-01 19:45:00,1239,3.1566,3.1662,3.169,3.169,3.15,16
2023-09-01 19:46:00,2505,3.1313,3.13,3.1306,3.131,3.13,35
2023-09-01 19:47:00,3965,3.13,3.135,3.1296,3.135,3.125,34
2023-09-01 19:48:00,4259,3.1322,3.125,3.158,3.158,3.125,45
2023-09-01 19:49:00,4629,3.1544,3.1408,3.168,3.1692,3.1408,19
2023-09-01 19:50:00,6752,3.1771,3.16,3.18,3.18,3.16,22
2023-09-01 19:51:00,5022,3.1763,3.165,3.175,3.19,3.165,38
2023-09-01 19:52:00,632,3.1691,3.165,3.1699,3.17,3.165,13
2023-09-01 19:53:00,2950,3.1639,3.165,3.16,3.17,3.1595,37
2023-09-01 19:54:00,1081,3.1596,3.16,3.16,3.16,3.1596,11
2023-09-01 19:55:00,5331,3.1621,3.155,3.175,3.175,3.15,45
2023-09-01 19:56:00,580,3.1732,3.1701,3.175,3.175,3.1701,17
2023-09-01 19:57:00,1296,3.1783,3.175,3.18,3.18,3.175,14
2023-09-01 19:58:00,6951,3.1696,3.17,3.17,3.18,3.16,45
2023-09-01 19:59:00,18997,3.1501,3.16,3.15,3.16,3.14,59
2023-09-01 20:17:00,100,3.19,3.19,3.19,3.19,3.19,1
2023-09-01 20:18:00,275,3.19,3.19,3.19,3.19,3.19,1
2023-09-01 20:24:00,395,3.1612,3.18,3.15,3.18,3.15,4
2023-09-01 20:38:00,100,3.19,3.19,3.19,3.19,3.19,1
2023-09-01 20:43:00,100,3.19,3.19,3.19,3.19,3.19,1
2023-09-01 21:01:00,1000,3.1504,3.1504,3.1504,3.1504,3.1504,1
2023-09-01 21:09:00,315,3.19,3.19,3.19,3.19,3.19,2
2023-09-01 21:11:00,1369,3.1568,3.19,3.15,3.19,3.15,3
2023-09-01 21:22:00,100,3.1891,3.1891,3.1891,3.1891,3.1891,1
2023-09-01 21:29:00,301,3.1899,3.1899,3.1899,3.1899,3.1899,2
2023-09-01 21:31:00,280,3.1501,3.1501,3.1501,3.1501,3.1501,1
2023-09-01 21:38:00,322,3.1498,3.15,3.15,3.15,3.15,8
2023-09-01 21:39:00,120,3.15,3.15,3.15,3.15,3.15,1
2023-09-01 21:41:00,643,3.1401,3.1403,3.14,3.1403,3.14,4
2023-09-01 21:49:00,100,3.19,3.19,3.19,3.19,3.19,1
2023-09-01 22:06:00,1500,3.1816,3.18,3.19,3.19,3.18,3
2023-09-01 22:26:00,600,3.19,3.19,3.19,3.19,3.19,1
2023-09-01 23:05:00,300,3.1604,3.16,3.16,3.16,3.16,4
2023-09-01 23:06:00,300,3.1457,3.15,3.14,3.15,3.14,4
2023-09-01 23:29:00,100,3.23,3.23,3.23,3.23,3.23,1
2023-09-01 23:35:00,100,3.19,3.19,3.19,3.19,3.19,1
2023-09-01 23:40:00,170,3.22,3.22,3.22,3.22,3.22,1
2023-09-01 23:41:00,158,3.2184,3.2195,3.2195,3.2195,3.2195,3
2023-09-01 23:57:00,400,3.1501,3.1501,3.1501,3.1501,3.1501,1
2023-09-05 08:00:00,313,3.1375,3.13,3.14,3.14,3.13,9
2023-09-05 08:52:00,500,3.09,3.09,3.09,3.09,3.09,9
2023-09-05 09:47:00,144,3.0869,3.09,3.09,3.09,3.09,2
2023-09-05 10:13:00,188,3.0802,3.08,3.08,3.08,3.08,7
2023-09-05 10:50:00,566,3.1175,3.11,3.12,3.12,3.11,5
2023-09-05 10:52:00,266,3.1403,3.14,3.14,3.14,3.14,5
2023-09-05 11:00:00,267,3.1345,3.14,3.14,3.14,3.14,5
2023-09-05 11:11:00,299,3.16,3.16,3.16,3.16,3.16,2
2023-09-05 11:20:00,1600,3.16,3.16,3.16,3.16,3.16,2
2023-09-05 11:29:00,513,3.1469,3.15,3.15,3.15,3.15,6
2023-09-05 11:30:00,125,3.13,3.13,3.13,3.13,3.13,1
2023-09-05 11:45:00,160,3.125,3.125,3.125,3.125,3.125,1
2023-09-05 12:00:00,1584,3.1441,3.16,3.13,3.16,3.1205,19
2023-09-05 12:01:00,2215,3.106,3.0803,3.1297,3.1603,3.0803,51
2023-09-05 12:03:00,2249,3.1204,3.12,3.12,3.12,3.12,10
2023-09-05 12:06:00,376,3.12,3.12,3.12,3.12,3.12,1
2023-09-05 12:17:00,102,3.1299,3.1299,3.1299,3.1299,3.1299,2
2023-09-05 12:18:00,3990,3.1161,3.125,3.0997,3.125,3.0997,16
2023-09-05 12:19:00,1420,3.0905,3.095,3.09,3.095,3.09,16
2023-09-05 12:25:00,500,3.1,3.1,3.1,3.1,3.1,1
2023-09-05 12:29:00,560,3.1,3.1,3.1,3.1,3.1,4
2023-09-05 12:34:00,178,3.1,3.1,3.1,3.1,3.1,2
2023-09-05 12:36:00,120,3.1008,3.1,3.1,3.1,3.1,3
2023-09-05 12:50:00,300,3.1,3.1,3.1,3.1,3.1,1
2023-09-05 13:03:00,220,3.1295,3.13,3.13,3.13,3.13,4
2023-09-05 13:08:00,609,3.1253,3.12,3.12,3.12,3.12,4
2023-09-05 13:12:00,300,3.13,3.13,3.13,3.13,3.13,1
2023-09-05 13:13:00,454,3.1197,3.12,3.12,3.12,3.12,5
2023-09-05 13:14:00,559,3.1031,3.11,3.1,3.11,3.1,3
2023-09-05 13:17:00,542,3.1,3.1,3.1,3.1,3.1,2
2023-09-05 13:19:00,142,3.11,3.11,3.11,3.11,3.11,3
2023-09-05 13:23:00,3000,3.11,3.11,3.11,3.11,3.11,4
2023-09-05 13:24:00,540,3.1,3.1,3.1,3.1,3.1,1
2023-09-05 13:26:00,174,3.1003,3.1003,3.1003,3.1003,3.1003,1
2023-09-05 13:30:00,10905,3.1187,3.11,3.14,3.15,3.1,29
2023-09-05 13:32:00,199,3.1215,3.135,3.135,3.135,3.135,13
2023-09-05 13:33:00,2345,3.1118,3.11,3.1118,3.12,3.11,7
2023-09-05 13:35:00,8932,3.1284,3.1101,3.15,3.15,3.1101,62
2023-09-05 13:36:00,4741,3.171,3.17,3.174,3.174,3.1501,7
2023-09-05 13:37:00,282,3.1576,3.1501,3.1501,3.1501,3.1501,4
2023-09-05 13:38:00,445,3.1752,3.15,3.1871,3.1871,3.15,5
2023-09-05 13:40:00,531,3.1725,3.1738,3.1738,3.1738,3.1738,4
2023-09-05 13:41:00,22061,3.2429,3.17,3.3,3.3,3.17,90
2023-09-05 13:42:00,9097,3.2913,3.3,3.29,3.3,3.28,56
2023-09-05 13:43:00,10239,3.3011,3.2901,3.33,3.33,3.2901,31
2023-09-05 13:44:00,4205,3.2437,3.3,3.2999,3.3,3.18,47
2023-09-05 13:45:00,1909,3.2705,3.2745,3.27,3.2745,3.27,10
2023-09-05 13:46:00,2873,3.274,3.27,3.28,3.28,3.27,11
2023-09-05 13:47:00,1041,3.2711,3.27,3.2839,3.2839,3.27,10
2023-09-05 13:50:00,722,3.27,3.27,3.27,3.27,3.27,10
2023-09-05 13:51:00,5910,3.3067,3.3,3.3,3.34,3.3,50
2023-09-05 13:52:00,5373,3.3583,3.35,3.39,3.39,3.34,45
2023-09-05 13:53:00,12411,3.4128,3.39,3.435,3.44,3.39,73
2023-09-05 13:54:00,11435,3.4457,3.43,3.4799,3.49,3.4299,95
2023-09-05 13:55:00,8906,3.469,3.4798,3.47,3.48,3.46,66
2023-09-05 13:56:00,18423,3.4949,3.48,3.48,3.5273,3.48,103
2023-09-05 13:57:00,8840,3.475,3.48,3.4899,3.5,3.43,73
2023-09-05 13:58:00,2718,3.4708,3.46,3.4797,3.4799,3.4403,22
2023-09-05 13:59:00,355,3.4715,3.4799,3.4635,3.4799,3.4635,8
2023-09-05 14:00:00,8978,3.4222,3.43,3.4,3.4399,3.4,62
2023-09-05 14:01:00,43852,3.4693,3.38,3.52,3.5399,3.38,129
2023-09-05 14:02:00,22166,3.5327,3.52,3.5829,3.5896,3.4905,103
2023-09-05 14:03:00,6744,3.5752,3.59,3.58,3.59,3.55,47
2023-09-05 14:04:00,6109,3.5752,3.586,3.59,3.59,3.55,33
2023-09-05 14:05:00,31243,3.5846,3.5864,3.6,3.65,3.5501,155
2023-09-05 14:06:00,16610,3.5717,3.5829,3.6201,3.6201,3.5201,51
2023-09-05 14:07:00,13922,3.6655,3.62,3.7283,3.7283,3.62,115
2023-09-05 14:08:00,22279,3.6717,3.6989,3.69,3.73,3.6101,148
2023-09-05 14:09:00,24241,3.7642,3.6582,3.8364,3.87,3.6582,193
2023-09-05 14:10:00,116431,3.9406,3.84,3.95,4.06,3.8165,616
2023-09-05 14:11:00,64273,3.813,3.94,3.6401,4.0,3.64,465
2023-09-05 14:12:00,16347,3.752,3.74,3.72,3.8099,3.71,131
2023-09-05 14:13:00,47006,3.6943,3.7249,3.63,3.7617,3.61,145
2023-09-05 14:14:00,27394,3.5705,3.638,3.6148,3.6439,3.52,148
2023-09-05 14:15:00,6476,3.6306,3.6199,3.6999,3.6999,3.59,73
2023-09-05 14:16:00,6432,3.6701,3.69,3.6231,3.6999,3.6231,54
2023-09-05 14:17:00,3281,3.6529,3.6201,3.67,3.6815,3.6201,24
2023-09-05 14:18:00,3288,3.6603,3.6821,3.6501,3.6999,3.6499,41
2023-09-05 14:19:00,16766,3.7089,3.67,3.72,3.72,3.67,83
2023-09-05 14:20:00,14408,3.6889,3.7199,3.63,3.72,3.62,78
2023-09-05 14:21:00,15558,3.654,3.6204,3.6599,3.69,3.62,112
2023-09-05 14:22:00,4143,3.6501,3.66,3.6415,3.6694,3.6415,20
2023-09-05 14:23:00,6657,3.6612,3.6437,3.6504,3.67,3.6423,22
2023-09-05 14:24:00,2362,3.6665,3.6896,3.675,3.6896,3.6627,14
2023-09-05 14:25:00,7262,3.6606,3.65,3.6504,3.6899,3.65,20
2023-09-05 14:26:00,3752,3.655,3.66,3.6501,3.66,3.6501,24
2023-09-05 14:27:00,2686,3.6627,3.65,3.67,3.67,3.65,26
2023-09-05 14:28:00,3776,3.6523,3.66,3.63,3.66,3.63,51
2023-09-05 14:29:00,8325,3.6192,3.62,3.6107,3.63,3.61,64
2023-09-05 14:30:00,6165,3.5806,3.61,3.6,3.61,3.56,36
2023-09-05 14:31:00,11488,3.5854,3.58,3.615,3.615,3.56,93
2023-09-05 14:32:00,9757,3.5995,3.59,3.595,3.6002,3.58,19
2023-09-05 14:33:00,1136,3.5933,3.595,3.595,3.595,3.595,7
2023-09-05 14:34:00,5450,3.6127,3.62,3.61,3.62,3.57,10
2023-09-05 14:35:00,7507,3.5477,3.5983,3.53,3.5983,3.53,39
2023-09-05 14:36:00,1656,3.548,3.5655,3.5488,3.5655,3.54,13
2023-09-05 14:37:00,981,3.5551,3.56,3.545,3.56,3.545,11
2023-09-05 14:38:00,1814,3.5493,3.56,3.5413,3.56,3.5401,17
2023-09-05 14:39:00,1675,3.5427,3.5406,3.5496,3.5496,3.54,15
2023-09-05 14:40:00,218,3.5532,3.55,3.55,3.55,3.55,6
2023-09-05 14:41:00,1432,3.5502,3.5417,3.5401,3.5654,3.54,14
2023-09-05 14:42:00,672,3.5478,3.541,3.541,3.541,3.541,11
2023-09-05 14:44:00,1983,3.5328,3.54,3.54,3.54,3.53,22
2023-09-05 14:45:00,965,3.5317,3.5217,3.5562,3.56,3.5217,12
2023-09-05 14:46:00,270,3.5376,3.53,3.53,3.53,3.53,5
2023-09-05 14:47:00,3449,3.5649,3.55,3.57,3.57,3.55,34
2023-09-05 14:48:00,1355,3.5697,3.5688,3.5698,3.5698,3.5688,8
2023-09-05 14:49:00,2740,3.5774,3.58,3.575,3.5943,3.56,31
2023-09-05 14:50:00,2523,3.5875,3.6,3.575,3.6,3.575,11
2023-09-05 14:51:00,3362,3.5732,3.575,3.59,3.59,3.57,19
2023-09-05 14:52:00,1281,3.5895,3.5938,3.59,3.5938,3.59,9
2023-09-05 14:53:00,823,3.6116,3.61,3.62,3.62,3.61,15
2023-09-05 14:54:00,608,3.6153,3.6012,3.62,3.62,3.6012,11
2023-09-05 14:55:00,1206,3.6225,3.63,3.6003,3.63,3.6003,10
2023-09-05 14:56:00,308,3.6191,3.6044,3.6496,3.6496,3.6044,6
2023-09-05 14:57:00,287,3.6265,3.63,3.6049,3.63,3.6049,7
2023-09-05 14:58:00,1226,3.6333,3.6157,3.6438,3.6496,3.6157,26
2023-09-05 14:59:00,9129,3.6262,3.62,3.65,3.65,3.62,9
2023-09-05 15:00:00,3470,3.6346,3.635,3.635,3.635,3.6229,11
2023-09-05 15:01:00,2464,3.6302,3.63,3.6357,3.6357,3.62,7
2023-09-05 15:02:00,2507,3.6499,3.65,3.6501,3.6501,3.65,19
2023-09-05 15:03:00,338,3.6585,3.6599,3.6599,3.6599,3.6599,5
2023-09-05 15:04:00,150,3.6531,3.65,3.65,3.65,3.65,2
2023-09-05 15:05:00,652,3.6433,3.6301,3.645,3.6596,3.6301,6
2023-09-05 15:06:00,3687,3.6732,3.6563,3.6704,3.7,3.6563,32
2023-09-05 15:07:00,1858,3.6867,3.67,3.7,3.7,3.67,16
2023-09-05 15:08:00,1689,3.6947,3.6921,3.7,3.7,3.6921,19
2023-09-05 15:09:00,6320,3.7157,3.705,3.71,3.729,3.705,47
2023-09-05 15:10:00,439,3.6914,3.6804,3.69,3.69,3.6804,9
2023-09-05 15:11:00,878,3.6833,3.7,3.68,3.7,3.68,14
2023-09-05 15:12:00,1789,3.6762,3.6872,3.6701,3.7,3.6701,10
2023-09-05 15:13:00,655,3.696,3.7,3.685,3.7,3.685,13
2023-09-05 15:14:00,113,3.6708,3.6701,3.6701,3.6701,3.6701,3
2023-09-05 15:15:00,292,3.6717,3.671,3.671,3.671,3.671,4
2023-09-05 15:16:00,1828,3.69,3.69,3.69,3.69,3.69,2
2023-09-05 15:18:00,1072,3.6896,3.69,3.69,3.69,3.69,7
2023-09-05 15:19:00,288,3.6809,3.6805,3.6805,3.6805,3.6805,3
2023-09-05 15:20:00,1045,3.6807,3.6807,3.6807,3.6807,3.6807,3
2023-09-05 15:21:00,2602,3.668,3.69,3.6401,3.69,3.6401,44
2023-09-05 15:22:00,1471,3.6474,3.6401,3.66,3.66,3.6401,5
2023-09-05 15:24:00,601,3.6443,3.66,3.641,3.66,3.641,4
2023-09-05 15:25:00,3722,3.6079,3.6307,3.61,3.6307,3.6,39
2023-09-05 15:26:00,1099,3.6007,3.6,3.6005,3.6005,3.6,11
2023-09-05 15:27:00,100,3.6004,3.6004,3.6004,3.6004,3.6004,1
2023-09-05 15:28:00,342,3.6033,3.6001,3.61,3.61,3.6001,6
2023-09-05 15:31:00,725,3.6021,3.6008,3.6,3.61,3.6,10
2023-09-05 15:32:00,445,3.6089,3.61,3.61,3.61,3.61,10
2023-09-05 15:34:00,235,3.6352,3.6346,3.6346,3.6346,3.6346,3
2023-09-05 15:37:00,100,3.62,3.62,3.62,3.62,3.62,1
2023-09-05 15:38:00,202,3.6359,3.635,3.635,3.635,3.635,5
2023-09-05 15:39:00,112,3.6362,3.635,3.635,3.635,3.635,4
2023-09-05 15:40:00,175,3.6298,3.635,3.635,3.635,3.635,4
2023-09-05 15:42:00,224,3.6317,3.6146,3.6146,3.6146,3.6146,4
2023-09-05 15:43:00,2160,3.6572,3.6177,3.6599,3.6599,3.6177,3
2023-09-05 15:44:00,1991,3.6453,3.6367,3.66,3.66,3.6367,19
2023-09-05 15:45:00,1202,3.6766,3.665,3.679,3.679,3.665,5
2023-09-05 15:46:00,2473,3.6716,3.665,3.68,3.68,3.66,14
2023-09-05 15:48:00,458,3.6842,3.6899,3.6899,3.6899,3.6899,9
2023-09-05 15:50:00,471,3.6828,3.6896,3.689,3.6896,3.67,10
2023-09-05 15:51:00,672,3.665,3.6501,3.68,3.69,3.6501,6
2023-09-05 15:52:00,32588,3.7225,3.6999,3.8,3.8,3.6953,102
2023-09-05 15:53:00,5585,3.79,3.7996,3.78,3.7996,3.765,10
2023-09-05 15:54:00,7701,3.8018,3.79,3.81,3.8183,3.788,59
2023-09-05 15:55:00,10824,3.8202,3.8199,3.84,3.85,3.81,50
2023-09-05 15:56:00,6279,3.8532,3.839,3.8695,3.87,3.835,41
2023-09-05 15:57:00,8205,3.8398,3.86,3.849,3.8605,3.81,72
2023-09-05 15:58:00,11894,3.7596,3.821,3.8,3.821,3.74,37
2023-09-05 15:59:00,1946,3.7674,3.7748,3.76,3.7748,3.76,12
2023-09-05 16:00:00,3101,3.7785,3.78,3.7801,3.7801,3.7601,23
2023-09-05 16:01:00,3092,3.7706,3.79,3.7755,3.79,3.77,21
2023-09-05 16:02:00,1869,3.7521,3.751,3.75,3.751,3.75,10
2023-09-05 16:03:00,1709,3.7581,3.7508,3.7514,3.78,3.7508,8
2023-09-05 16:05:00,410,3.7911,3.8025,3.79,3.8025,3.78,6
2023-09-05 16:06:00,1312,3.7647,3.765,3.765,3.765,3.765,6
2023-09-05 16:07:00,559,3.7545,3.76,3.7437,3.76,3.7437,4
2023-09-05 16:08:00,256,3.788,3.79,3.79,3.79,3.79,7
2023-09-05 16:09:00,665,3.7702,3.7896,3.7616,3.7896,3.7616,4
2023-09-05 16:10:00,3083,3.7884,3.7899,3.775,3.7899,3.775,3
2023-09-05 16:11:00,233,3.7835,3.79,3.79,3.79,3.79,3
2023-09-05 16:12:00,3825,3.7742,3.78,3.7701,3.78,3.7701,17
2023-09-05 16:13:00,3702,3.7959,3.78,3.7904,3.81,3.78,25
2023-09-05 16:14:00,8945,3.8391,3.82,3.8496,3.8496,3.82,26
2023-09-05 16:15:00,5900,3.8439,3.8474,3.8301,3.85,3.8301,26
2023-09-05 16:16:00,4802,3.848,3.85,3.84,3.85,3.8318,26
2023-09-05 16:17:00,5355,3.8516,3.84,3.8699,3.8699,3.84,19
2023-09-05 16:18:00,12632,3.8849,3.8697,3.8995,3.8995,3.8697,49
2023-09-05 16:19:00,17158,3.8524,3.88,3.8327,3.88,3.8304,78
2023-09-05 16:20:00,4043,3.8303,3.84,3.821,3.84,3.821,18
2023-09-05 16:22:00,277,3.8329,3.83,3.83,3.83,3.83,4
2023-09-05 16:23:00,2186,3.8401,3.85,3.8304,3.86,3.82,25
2023-09-05 16:24:00,494,3.8331,3.83,3.8304,3.8304,3.83,11
2023-09-05 16:25:00,178,3.8427,3.8499,3.8499,3.8499,3.8499,8
2023-09-05 16:26:00,2423,3.8509,3.85,3.8301,3.86,3.8301,12
2023-09-05 16:27:00,450,3.8592,3.86,3.86,3.86,3.86,8
2023-09-05 16:28:00,310,3.8301,3.8301,3.8301,3.8301,3.8301,3
2023-09-05 16:29:00,1511,3.8454,3.8309,3.8499,3.8499,3.8309,8
2023-09-05 16:30:00,5238,3.8572,3.85,3.86,3.86,3.85,39
2023-09-05 16:31:00,3904,3.8592,3.86,3.85,3.86,3.85,23
2023-09-05 16:32:00,150,3.8535,3.86,3.86,3.86,3.86,2
2023-09-05 16:33:00,1045,3.8423,3.8407,3.841,3.841,3.8407,6
2023-09-05 16:34:00,1267,3.8425,3.8401,3.8506,3.8506,3.8401,6
2023-09-05 16:35:00,1618,3.8359,3.85,3.82,3.85,3.82,25
2023-09-05 16:36:00,617,3.8201,3.82,3.8201,3.8201,3.82,5
2023-09-05 16:37:00,1683,3.8539,3.85,3.8509,3.8566,3.85,13
2023-09-05 16:38:00,2585,3.8576,3.85,3.86,3.86,3.85,25
2023-09-05 16:39:00,4470,3.8581,3.8614,3.86,3.8614,3.85,27
2023-09-05 16:40:00,143,3.8566,3.8546,3.8546,3.8546,3.8546,5
2023-09-05 16:42:00,9501,3.8467,3.8687,3.85,3.87,3.81,33
2023-09-05 16:43:00,500,3.835,3.835,3.835,3.835,3.835,1
2023-09-05 16:44:00,1229,3.8172,3.8101,3.82,3.82,3.8101,5
2023-09-05 16:45:00,545,3.8058,3.81,3.801,3.81,3.801,6
2023-09-05 16:46:00,1088,3.8084,3.81,3.8163,3.8163,3.8,20
2023-09-05 16:47:00,3665,3.8015,3.8,3.8097,3.8097,3.8,20
2023-09-05 16:48:00,8812,3.7513,3.8,3.71,3.8004,3.71,78
2023-09-05 16:49:00,860,3.7077,3.71,3.71,3.71,3.7062,10
2023-09-05 16:50:00,220,3.7182,3.72,3.72,3.72,3.72,2
2023-09-05 16:51:00,3078,3.6838,3.7,3.69,3.7,3.66,31
2023-09-05 16:52:00,101,3.7104,3.71,3.71,3.71,3.71,2
2023-09-05 16:54:00,220,3.7314,3.7444,3.7205,3.7444,3.7205,3
2023-09-05 16:56:00,651,3.7477,3.735,3.75,3.75,3.735,3
2023-09-05 16:57:00,6024,3.7502,3.7487,3.76,3.76,3.74,19
2023-09-05 16:58:00,1138,3.7704,3.765,3.78,3.78,3.765,8
2023-09-05 16:59:00,2752,3.7922,3.78,3.804,3.81,3.78,26
2023-09-05 17:00:00,501,3.81,3.81,3.81,3.81,3.81,3
2023-09-05 17:02:00,3149,3.7949,3.81,3.79,3.81,3.79,60
2023-09-05 17:04:00,298,3.7937,3.8199,3.7804,3.8199,3.7804,2
2023-09-05 17:05:00,544,3.7805,3.78,3.78,3.78,3.78,5
2023-09-05 17:06:00,4712,3.8164,3.8099,3.79,3.8199,3.79,9
2023-09-05 17:07:00,403,3.81,3.81,3.81,3.81,3.81,2
2023-09-05 17:11:00,103,3.7714,3.77,3.77,3.77,3.77,3
2023-09-05 17:12:00,277,3.7956,3.7998,3.81,3.81,3.7998,7
2023-09-05 17:13:00,1154,3.8054,3.806,3.806,3.806,3.806,4
2023-09-05 17:14:00,306,3.8071,3.8081,3.805,3.8081,3.805,3
2023-09-05 17:15:00,707,3.7768,3.7701,3.79,3.79,3.7701,9
2023-09-05 17:16:00,125,3.8098,3.81,3.81,3.81,3.81,4
2023-09-05 17:18:00,770,3.8199,3.8199,3.8199,3.8199,3.8199,3
2023-09-05 17:20:00,200,3.805,3.805,3.805,3.805,3.805,1
2023-09-05 17:21:00,6587,3.824,3.82,3.84,3.84,3.81,42
2023-09-05 17:22:00,9945,3.8745,3.83,3.89,3.9,3.83,75
2023-09-05 17:23:00,12660,3.9127,3.9009,3.9296,3.93,3.9,34
2023-09-05 17:24:00,3451,3.9332,3.9299,3.925,3.95,3.92,34
2023-09-05 17:25:00,3813,3.9141,3.9083,3.925,3.95,3.9001,12
2023-09-05 17:26:00,1282,3.9007,3.9004,3.9001,3.9004,3.9001,7
2023-09-05 17:27:00,6659,3.8983,3.9001,3.895,3.91,3.8803,35
2023-09-05 17:28:00,5107,3.9159,3.91,3.92,3.9237,3.9,39
2023-09-05 17:29:00,12047,3.9473,3.93,3.9399,3.97,3.93,53
2023-09-05 17:30:00,2898,3.9249,3.9001,3.9301,3.9301,3.9001,14
2023-09-05 17:32:00,6933,3.9175,3.9201,3.915,3.9201,3.9004,16
2023-09-05 17:33:00,203,3.9024,3.9001,3.9001,3.9001,3.9001,6
2023-09-05 17:34:00,1270,3.9112,3.9126,3.91,3.9126,3.91,5
2023-09-05 17:35:00,1272,3.9088,3.91,3.9002,3.91,3.9002,13
2023-09-05 17:36:00,4419,3.9283,3.9101,3.93,3.93,3.9101,26
2023-09-05 17:38:00,3851,3.9556,3.95,3.9699,3.97,3.935,31
2023-09-05 17:39:00,11681,3.9733,3.98,3.97,3.99,3.9568,62
2023-09-05 17:40:00,17452,4.0105,3.97,4.025,4.05,3.97,79
2023-09-05 17:41:00,26921,4.0775,4.025,4.1,4.1,4.025,127
2023-09-05 17:42:00,18741,4.0366,4.12,4.01,4.12,4.0,98
2023-09-05 17:43:00,2458,4.0231,4.0101,4.0101,4.045,4.01,24
2023-09-05 17:44:00,5579,4.0356,4.0271,4.0965,4.0965,4.01,37
2023-09-05 17:45:00,2013,4.0746,4.098,4.04,4.1,4.04,21
2023-09-05 17:46:00,20011,4.0912,4.06,4.0821,4.1,4.0501,42
2023-09-05 17:47:00,10674,4.0858,4.09,4.0901,4.1,4.0728,46
2023-09-05 17:48:00,71808,4.1689,4.09,4.2301,4.27,4.07,290
2023-09-05 17:49:00,228660,4.3543,4.27,4.4013,4.48,4.22,801
2023-09-05 17:50:00,120950,4.3793,4.41,4.34,4.48,4.28,583
2023-09-05 17:51:00,105234,4.2739,4.34,4.2,4.39,4.17,411
2023-09-05 17:52:00,95077,4.2796,4.1725,4.3201,4.39,4.1725,372
2023-09-05 17:53:00,71440,4.337,4.3516,4.307,4.3999,4.25,252
2023-09-05 17:54:00,38447,4.3125,4.305,4.29,4.37,4.2801,130
2023-09-05 17:55:00,85068,4.2493,4.3266,4.2923,4.33,4.17,282
2023-09-05 17:56:00,116204,4.3149,4.3,4.2599,4.37,4.2011,345
2023-09-05 17:57:00,26860,4.2455,4.2489,4.235,4.3,4.22,135
2023-09-05 17:58:00,23218,4.2644,4.2677,4.3,4.3,4.23,102
2023-09-05 17:59:00,32714,4.2676,4.31,4.2494,4.31,4.23,128
2023-09-05 18:00:00,28916,4.2408,4.245,4.2516,4.34,4.2101,153
2023-09-05 18:01:00,13469,4.2789,4.2981,4.2899,4.2981,4.2501,37
2023-09-05 18:02:00,34081,4.2181,4.27,4.225,4.2899,4.1904,136
2023-09-05 18:03:00,9291,4.2182,4.22,4.22,4.24,4.21,57
2023-09-05 18:04:00,22517,4.1971,4.218,4.1946,4.22,4.18,104
2023-09-05 18:05:00,50418,4.2284,4.21,4.214,4.27,4.2,144
2023-09-05 18:06:00,6303,4.218,4.2109,4.2107,4.25,4.21,47
2023-09-05 18:07:00,8114,4.1907,4.21,4.1801,4.22,4.18,48
2023-09-05 18:08:00,10406,4.179,4.18,4.1707,4.1988,4.17,81
2023-09-05 18:09:00,75167,4.1537,4.1711,4.0613,4.2496,4.0613,282
2023-09-05 18:10:00,19088,4.1015,4.0601,4.105,4.1237,4.0601,81
2023-09-05 18:11:00,12080,4.0912,4.09,4.0802,4.11,4.06,66
2023-09-05 18:12:00,14693,4.1182,4.08,4.1008,4.155,4.08,92
2023-09-05 18:13:00,7539,4.1238,4.1,4.1299,4.1299,4.1,21
2023-09-05 18:14:00,17116,4.1465,4.1053,4.1787,4.18,4.1053,71
2023-09-05 18:15:00,48449,4.2195,4.1763,4.235,4.25,4.16,131
2023-09-05 18:16:00,96982,4.2192,4.25,4.28,4.29,4.1601,217
2023-09-05 18:17:00,71839,4.2686,4.2544,4.3,4.32,4.22,254
2023-09-05 18:18:00,29617,4.2995,4.2623,4.3,4.32,4.2623,143
2023-09-05 18:19:00,32446,4.3195,4.31,4.3118,4.3496,4.3,136
2023-09-05 18:20:00,15324,4.2843,4.31,4.3099,4.31,4.27,76
2023-09-05 18:21:00,19322,4.2471,4.2809,4.22,4.29,4.21,127
2023-09-05 18:22:00,19204,4.2404,4.2299,4.2316,4.255,4.2299,90
2023-09-05 18:23:00,2632,4.2273,4.2312,4.2001,4.2313,4.2001,63
2023-09-05 18:24:00,18831,4.1811,4.2001,4.165,4.205,4.15,90
2023-09-05 18:25:00,13757,4.216,4.18,4.22,4.24,4.18,82
2023-09-05 18:26:00,28275,4.2787,4.2119,4.33,4.33,4.2101,88
2023-09-05 18:27:00,31021,4.3036,4.3,4.2601,4.3423,4.2188,123
2023-09-05 18:28:00,11749,4.2886,4.2952,4.3013,4.3307,4.2601,55
2023-09-05 18:29:00,11864,4.3107,4.29,4.2666,4.3499,4.25,78
2023-09-05 18:30:00,15413,4.2966,4.273,4.295,4.31,4.273,27
2023-09-05 18:31:00,8708,4.2821,4.295,4.2801,4.295,4.28,24
2023-09-05 18:32:00,2646,4.2874,4.2802,4.2866,4.2987,4.28,18
2023-09-05 18:33:00,45736,4.3433,4.29,4.3696,4.38,4.29,274
2023-09-05 18:34:00,15580,4.3214,4.36,4.33,4.36,4.2901,86
2023-09-05 18:35:00,13666,4.3365,4.3213,4.34,4.3505,4.3201,67
2023-09-05 18:36:00,16033,4.3351,4.35,4.32,4.35,4.31,77
2023-09-05 18:37:00,14170,4.3344,4.33,4.3301,4.36,4.3201,57
2023-09-05 18:38:00,12018,4.2965,4.32,4.2902,4.3201,4.28,49
2023-09-05 18:39:00,2523,4.2758,4.3134,4.2718,4.3134,4.27,24
2023-09-05 18:40:00,376,4.2705,4.2601,4.2601,4.2601,4.2601,9
2023-09-05 18:41:00,12148,4.2113,4.2645,4.2,4.2645,4.1725,74
2023-09-05 18:42:00,5583,4.2138,4.2199,4.2031,4.2199,4.2001,20
2023-09-05 18:43:00,3787,4.1978,4.2101,4.19,4.22,4.17,43
2023-09-05 18:44:00,4751,4.2205,4.197,4.2217,4.2495,4.1901,42
2023-09-05 18:45:00,1115,4.2205,4.22,4.22,4.22,4.22,19
2023-09-05 18:46:00,3026,4.2373,4.23,4.25,4.25,4.2118,18
2023-09-05 18:47:00,2901,4.2603,4.25,4.2526,4.28,4.25,21
2023-09-05 18:48:00,1933,4.245,4.2501,4.2312,4.2501,4.2238,28
2023-09-05 18:49:00,1885,4.2465,4.2401,4.24,4.25,4.24,14
2023-09-05 18:50:00,1789,4.2689,4.28,4.275,4.28,4.2501,14
2023-09-05 18:51:00,7522,4.3019,4.2619,4.32,4.32,4.2606,30
2023-09-05 18:52:00,9258,4.3355,4.315,4.3225,4.35,4.2901,72
2023-09-05 18:53:00,18922,4.3256,4.32,4.33,4.345,4.3001,56
2023-09-05 18:54:00,183686,4.5198,4.34,4.5805,4.62,4.34,716
2023-09-05 18:55:00,177180,4.5521,4.599,4.5299,4.62,4.42,619
2023-09-05 18:56:00,228496,4.6735,4.53,4.88,4.88,4.501,860
2023-09-05 18:57:00,212910,4.7969,4.84,4.7687,4.9099,4.7105,851
2023-09-05 18:58:00,78926,4.7103,4.7654,4.7,4.7654,4.66,360
2023-09-05 18:59:00,113038,4.6945,4.68,4.7001,4.76,4.6,427
2023-09-05 19:00:00,77419,4.6422,4.7199,4.5908,4.72,4.54,296
2023-09-05 19:01:00,39971,4.6489,4.59,4.665,4.7,4.59,164
2023-09-05 19:02:00,57097,4.6182,4.66,4.6199,4.66,4.58,213
2023-09-05 19:03:00,134886,4.6846,4.62,4.686,4.75,4.605,409
2023-09-05 19:04:00,80211,4.6954,4.69,4.7175,4.7399,4.65,275
2023-09-05 19:05:00,168628,4.7235,4.7325,4.6677,4.79,4.62,558
2023-09-05 19:06:00,55133,4.7056,4.6511,4.722,4.7587,4.6501,196
2023-09-05 19:07:00,197673,4.7848,4.7211,4.7805,4.83,4.72,572
2023-09-05 19:08:00,84194,4.7785,4.78,4.79,4.82,4.721,305
2023-09-05 19:09:00,330119,4.9514,4.79,5.09,5.1049,4.78,1153
2023-09-05 19:10:00,379370,5.1033,5.0783,5.12,5.22,5.0,1572
2023-09-05 19:11:00,173812,5.116,5.12,5.08,5.1799,5.02,753
2023-09-05 19:12:00,267099,5.0416,5.0914,5.07,5.1483,4.98,751
2023-09-05 19:13:00,140270,5.0505,5.0239,5.048,5.09,5.01,415
2023-09-05 19:14:00,150433,5.0224,5.055,5.038,5.08,4.95,475
2023-09-05 19:15:00,275064,5.0905,5.0313,4.9602,5.18,4.93,994
2023-09-05 19:16:00,98794,4.9461,4.985,4.98,5.03,4.86,530
2023-09-05 19:17:00,67184,4.9458,4.9623,4.9127,5.0,4.89,243
2023-09-05 19:18:00,109071,4.9787,4.94,5.0399,5.05,4.85,405
2023-09-05 19:19:00,132488,5.0522,5.05,5.02,5.1,5.01,415
2023-09-05 19:20:00,72392,5.0048,5.025,5.0424,5.05,4.9301,338
2023-09-05 19:21:00,87929,5.0415,5.01,5.0092,5.08,4.9801,238
2023-09-05 19:22:00,39876,4.9844,5.0102,4.975,5.03,4.9599,149
2023-09-05 19:23:00,275373,5.1056,5.0,5.27,5.35,4.95,996
2023-09-05 19:24:00,322613,5.2689,5.25,5.2901,5.4,5.11,1168
2023-09-05 19:25:00,134571,5.2405,5.2901,5.212,5.31,5.2001,568
2023-09-05 19:26:00,89375,5.2486,5.215,5.23,5.3,5.215,386
2023-09-05 19:27:00,228899,5.3239,5.24,5.36,5.43,5.22,969
2023-09-05 19:28:00,163417,5.3558,5.3924,5.3578,5.4,5.29,513
2023-09-05 19:29:00,171298,5.3907,5.3594,5.36,5.46,5.32,653
2023-09-05 19:30:00,116075,5.2695,5.36,5.23,5.36,5.21,566
2023-09-05 19:31:00,86252,5.2984,5.25,5.3205,5.33,5.23,356
2023-09-05 19:32:00,90607,5.3582,5.33,5.39,5.4,5.32,454
2023-09-05 19:33:00,247459,5.4887,5.3833,5.5019,5.602,5.38,1295
2023-09-05 19:34:00,299194,5.5468,5.5265,5.51,5.69,5.46,1234
2023-09-05 19:35:00,168161,5.4364,5.5289,5.385,5.5289,5.35,803
2023-09-05 19:36:00,83557,5.4256,5.395,5.3751,5.455,5.36,493
2023-09-05 19:37:00,93855,5.33,5.385,5.3301,5.4017,5.3,454
2023-09-05 19:38:00,105503,5.3914,5.3393,5.4,5.45,5.3393,457
2023-09-05 19:39:00,36402,5.388,5.41,5.4,5.43,5.3601,223
2023-09-05 19:40:00,80587,5.4319,5.3801,5.41,5.47,5.38,427
2023-09-05 19:41:00,30886,5.4001,5.42,5.41,5.45,5.38,233
2023-09-05 19:42:00,24464,5.3795,5.41,5.36,5.41,5.36,195
2023-09-05 19:43:00,129121,5.2338,5.3692,5.1202,5.378,5.1001,717
2023-09-05 19:44:00,106525,5.1381,5.1298,5.1501,5.25,5.0501,590
2023-09-05 19:45:00,45902,5.188,5.15,5.19,5.2499,5.15,204
2023-09-05 19:46:00,16390,5.1741,5.18,5.195,5.21,5.16,163
2023-09-05 19:47:00,29702,5.1612,5.2062,5.155,5.2062,5.15,227
2023-09-05 19:48:00,40221,5.1237,5.16,5.0949,5.1878,5.09,325
2023-09-05 19:49:00,13087,5.1159,5.1299,5.108,5.16,5.0901,95
2023-09-05 19:50:00,42349,5.1167,5.14,5.09,5.16,5.05,279
2023-09-05 19:51:00,41833,5.0935,5.06,5.1001,5.13,5.06,145
2023-09-05 19:52:00,26574,5.0572,5.115,5.0299,5.14,5.01,170
2023-09-05 19:53:00,47909,5.0189,5.0111,5.0507,5.06,4.99,304
2023-09-05 19:54:00,23437,5.0335,5.06,5.0471,5.06,5.0,136
2023-09-05 19:55:00,30837,5.0512,5.0383,5.0201,5.089,5.0201,125
2023-09-05 19:56:00,15410,5.0259,5.04,5.025,5.04,5.0108,110
2023-09-05 19:57:00,60008,4.9924,5.025,4.98,5.055,4.92,182
2023-09-05 19:58:00,133693,4.9039,4.98,4.825,5.04,4.8099,618
2023-09-05 19:59:00,65075,4.8015,4.815,4.77,4.84,4.76,425
2023-09-05 20:00:00,1569,4.7792,4.78,4.81,4.81,4.7705,21
2023-09-05 20:01:00,1568,4.8164,4.81,4.84,4.84,4.8,22
2023-09-05 20:02:00,678,4.8137,4.83,4.8003,4.83,4.8003,12
2023-09-05 20:03:00,3607,4.7705,4.77,4.77,4.7714,4.77,41
2023-09-05 20:04:00,1458,4.8154,4.78,4.84,4.84,4.78,22
2023-09-05 20:05:00,2477,4.7611,4.77,4.7616,4.77,4.76,11
2023-09-05 20:06:00,7139,4.7579,4.76,4.76,4.79,4.73,35
2023-09-05 20:07:00,4066,4.7447,4.74,4.75,4.75,4.73,17
2023-09-05 20:08:00,6876,4.7349,4.73,4.75,4.75,4.73,38
2023-09-05 20:09:00,3374,4.7176,4.74,4.71,4.75,4.71,18
2023-09-05 20:10:00,10153,4.6345,4.7101,4.61,4.7101,4.5,52
2023-09-05 20:11:00,10018,4.6663,4.621,4.75,4.75,4.61,30
2023-09-05 20:12:00,1636,4.699,4.63,4.75,4.75,4.63,15
2023-09-05 20:13:00,1486,4.6334,4.64,4.65,4.65,4.61,23
2023-09-05 20:14:00,1824,4.6334,4.62,4.62,4.62,4.62,14
2023-09-05 20:15:00,1646,4.6509,4.7,4.64,4.7,4.64,13
2023-09-05 20:16:00,7618,4.665,4.64,4.6995,4.7,4.61,31
2023-09-05 20:17:00,9588,4.6139,4.7,4.6402,4.7,4.57,52
2023-09-05 20:18:00,3200,4.6562,4.64,4.64,4.6786,4.64,15
2023-09-05 20:19:00,6578,4.634,4.64,4.6287,4.64,4.6287,12
2023-09-05 20:20:00,1386,4.6268,4.6299,4.62,4.63,4.62,10
2023-09-05 20:21:00,1149,4.6124,4.62,4.61,4.62,4.61,9
2023-09-05 20:22:00,2343,4.6537,4.61,4.7,4.7,4.61,21
2023-09-05 20:26:00,550,4.6326,4.63,4.63,4.63,4.63,7
2023-09-05 20:27:00,3212,4.6525,4.67,4.6211,4.67,4.6211,10
2023-09-05 20:28:00,1021,4.6643,4.64,4.67,4.67,4.64,9
2023-09-05 20:29:00,1654,4.6692,4.67,4.6699,4.67,4.6699,9
2023-09-05 20:30:00,3854,4.6693,4.67,4.67,4.67,4.67,13
2023-09-05 20:31:00,1159,4.7108,4.6699,4.67,4.7,4.6699,24
2023-09-05 20:34:00,276,4.6734,4.67,4.67,4.67,4.67,12
2023-09-05 20:35:00,2390,4.6997,4.7,4.7,4.7,4.7,11
2023-09-05 20:36:00,891,4.7054,4.7,4.7,4.7,4.7,8
2023-09-05 20:37:00,909,4.7909,4.7867,4.7985,4.7985,4.7867,9
2023-09-05 20:39:00,1711,4.7969,4.8,4.75,4.8,4.75,5
2023-09-05 20:40:00,347,4.7563,4.77,4.77,4.77,4.77,10
2023-09-05 20:41:00,1928,4.7112,4.7684,4.7,4.7684,4.7,11
2023-09-05 20:42:00,1693,4.6855,4.7,4.68,4.7,4.68,16
2023-09-05 20:43:00,973,4.6462,4.65,4.64,4.65,4.64,15
2023-09-05 20:44:00,1512,4.6526,4.64,4.66,4.66,4.64,30
2023-09-05 20:45:00,453,4.6577,4.66,4.66,4.66,4.66,4
2023-09-05 20:46:00,1174,4.66,4.66,4.66,4.66,4.66,15
2023-09-05 20:52:00,101,4.7,4.7,4.7,4.7,4.7,2
2023-09-05 20:53:00,207,4.6748,4.68,4.67,4.68,4.67,3
2023-09-05 20:54:00,180,4.6856,4.68,4.68,4.68,4.68,3
2023-09-05 20:55:00,200,4.6812,4.6801,4.6801,4.6801,4.6801,4
2023-09-05 20:56:00,661,4.7019,4.7017,4.7017,4.7017,4.7017,3
2023-09-05 20:59:00,439,4.7499,4.7499,4.7499,4.7499,4.7499,1
2023-09-05 21:01:00,280,4.743,4.75,4.75,4.75,4.75,6
2023-09-05 21:05:00,274,4.7501,4.75,4.75,4.75,4.75,4
2023-09-05 21:08:00,319,4.759,4.76,4.76,4.76,4.76,6
2023-09-05 21:10:00,1528,4.7502,4.75,4.75,4.75,4.75,4
2023-09-05 21:13:00,325,4.7515,4.75,4.75,4.75,4.75,2
2023-09-05 21:14:00,1334,4.75,4.75,4.75,4.75,4.75,1
2023-09-05 21:16:00,132,4.6945,4.69,4.69,4.69,4.69,4
2023-09-05 21:17:00,210,4.7495,4.75,4.75,4.75,4.75,2
2023-09-05 21:18:00,399,4.701,4.7,4.7,4.7,4.7,3
2023-09-05 21:19:00,245,4.69,4.69,4.69,4.69,4.69,3
2023-09-05 21:20:00,365,4.7,4.7,4.7,4.7,4.7,3
2023-09-05 21:22:00,1094,4.69,4.69,4.69,4.69,4.69,4
2023-09-05 21:23:00,22722,4.5999,4.71,4.51,4.71,4.45,80
2023-09-05 21:24:00,1032,4.4729,4.48,4.47,4.48,4.47,7
2023-09-05 21:25:00,103,4.4952,4.49,4.49,4.49,4.49,2
2023-09-05 21:26:00,760,4.4805,4.4801,4.4801,4.4801,4.4801,2
2023-09-05 21:27:00,359,4.5006,4.51,4.51,4.51,4.51,7
2023-09-05 21:28:00,683,4.5448,4.51,4.56,4.56,4.51,9
2023-09-05 21:33:00,938,4.6016,4.64,4.65,4.65,4.57,4
2023-09-05 21:34:00,510,4.6495,4.65,4.65,4.65,4.65,4
2023-09-05 21:35:00,1053,4.4887,4.4801,4.49,4.49,4.4801,14
2023-09-05 21:39:00,3500,4.5097,4.5089,4.51,4.51,4.5089,4
2023-09-05 21:43:00,1005,4.4991,4.51,4.48,4.51,4.48,8
2023-09-05 21:44:00,202,4.4995,4.485,4.485,4.485,4.485,5
2023-09-05 21:45:00,1816,4.49,4.49,4.49,4.49,4.49,1
2023-09-05 21:46:00,196,4.5066,4.5,4.5,4.5,4.5,3
2023-09-05 21:47:00,407,4.5028,4.51,4.5,4.51,4.5,3
2023-09-05 21:51:00,155,4.5393,4.55,4.55,4.55,4.55,6
2023-09-05 21:58:00,400,4.58,4.58,4.58,4.58,4.58,1
2023-09-05 22:04:00,111,4.5621,4.56,4.56,4.56,4.56,3
2023-09-05 22:06:00,1000,4.5913,4.58,4.6,4.6,4.58,7
2023-09-05 22:09:00,797,4.5984,4.59,4.6,4.6,4.59,5
2023-09-05 22:13:00,400,4.595,4.59,4.59,4.6,4.59,3
2023-09-05 22:16:00,150,4.6,4.6,4.6,4.6,4.6,1
2023-09-05 22:18:00,180,4.6,4.6,4.6,4.6,4.6,1
2023-09-05 22:22:00,623,4.6065,4.63,4.6,4.63,4.59,6
2023-09-05 22:23:00,310,4.6259,4.63,4.63,4.63,4.63,6
2023-09-05 22:24:00,101,4.65,4.65,4.65,4.65,4.65,2
2023-09-05 22:25:00,18128,4.7438,4.65,4.75,4.75,4.65,6
2023-09-05 22:26:00,1833,4.713,4.64,4.74,4.74,4.64,11
2023-09-05 22:27:00,1256,4.6272,4.67,4.55,4.67,4.55,5
2023-09-05 22:28:00,500,4.74,4.73,4.74,4.74,4.73,5
2023-09-05 22:35:00,500,4.65,4.65,4.65,4.65,4.65,1
2023-09-05 22:38:00,634,4.6453,4.65,4.65,4.65,4.65,7
2023-09-05 22:51:00,200,4.6,4.6,4.6,4.6,4.6,2
2023-09-05 22:52:00,500,4.584,4.6,4.5601,4.6,4.5601,5
2023-09-05 22:54:00,1601,4.5452,4.56,4.53,4.56,4.53,14
2023-09-05 22:55:00,420,4.53,4.53,4.53,4.53,4.53,2
2023-09-05 22:59:00,149,4.52,4.52,4.52,4.52,4.52,2
2023-09-05 23:07:00,1312,4.5338,4.54,4.53,4.54,4.53,3
2023-09-05 23:30:00,17503,4.4619,4.55,4.45,4.55,4.45,15
2023-09-05 23:31:00,1203,4.6395,4.64,4.64,4.64,4.64,2
2023-09-05 23:32:00,1200,4.576,4.56,4.62,4.62,4.56,6
2023-09-05 23:35:00,214,4.5347,4.53,4.54,4.54,4.53,2
2023-09-05 23:37:00,1105,4.4915,4.51,4.48,4.51,4.48,5
2023-09-05 23:41:00,300,4.48,4.48,4.48,4.48,4.48,1
2023-09-05 23:42:00,1020,4.5979,4.58,4.62,4.62,4.58,8
2023-09-05 23:43:00,512,4.4941,4.5,4.49,4.5,4.49,4
2023-09-05 23:44:00,170,4.4918,4.5,4.5,4.5,4.5,2
2023-09-05 23:47:00,300,4.54,4.54,4.54,4.54,4.54,1
2023-09-05 23:50:00,200,4.62,4.62,4.62,4.62,4.62,1
2023-09-05 23:59:00,960,4.5875,4.57,4.6,4.6,4.57,6
