t,v,vw,o,c,h,l,n
2023-10-16 13:30:00,7186,23.7636,23.75,24.05,24.05,23.75,16
2023-10-16 13:31:00,959,23.835,23.97,23.95,23.975,23.7,10
2023-10-16 13:32:00,2058,23.8561,23.75,23.81,24.05,23.73,29
2023-10-16 13:33:00,1372,23.7686,23.8,23.71,23.81,23.71,25
2023-10-16 13:35:00,338,23.6624,23.693,23.69,23.693,23.63,5
2023-10-16 13:37:00,1758,23.6145,23.63,23.59,23.645,23.59,41
2023-10-16 13:38:00,237,23.6019,23.6,23.6,23.6,23.6,4
2023-10-16 13:39:00,1383,23.5932,23.585,23.6,23.6,23.56,53
2023-10-16 13:40:00,1208,23.6101,23.6,23.595,23.62,23.595,34
2023-10-16 13:41:00,5165,23.5783,23.57,23.64,23.64,23.54,128
2023-10-16 13:42:00,2275,23.5084,23.5,23.51,23.54,23.49,44
2023-10-16 13:43:00,328,23.5205,23.47,23.55,23.55,23.47,15
2023-10-16 13:44:00,252,23.5739,23.58,23.58,23.58,23.58,13
2023-10-16 13:46:00,346,23.5608,23.54,23.54,23.54,23.54,14
2023-10-16 13:47:00,980,23.6041,23.535,23.61,23.61,23.535,19
2023-10-16 13:50:00,1699,23.8729,23.82,23.9,23.92,23.82,32
2023-10-16 13:51:00,1275,23.8697,23.9,23.865,23.925,23.83,33
2023-10-16 13:56:00,768,23.8737,23.875,23.875,23.875,23.875,16
2023-10-16 13:57:00,1075,23.8404,23.86,23.83,23.86,23.83,31
2023-10-16 14:00:00,1662,23.7951,23.855,23.76,23.855,23.76,39
2023-10-16 14:01:00,493,23.8122,23.81,23.849,23.849,23.81,16
2023-10-16 14:02:00,1854,23.8197,23.85,23.765,23.885,23.765,52
2023-10-16 14:03:00,406,23.7543,23.76,23.725,23.76,23.725,14
2023-10-16 14:04:00,468,23.725,23.74,23.74,23.74,23.74,19
2023-10-16 14:05:00,947,23.7285,23.745,23.775,23.775,23.7,34
2023-10-16 14:06:00,362,23.7464,23.775,23.775,23.775,23.775,16
2023-10-16 14:07:00,438,23.6965,23.7,23.7,23.7,23.7,19
2023-10-16 14:08:00,1071,23.6883,23.67,23.7,23.7,23.67,36
2023-10-16 14:09:00,2026,23.6915,23.735,23.68,23.735,23.67,54
2023-10-16 14:10:00,2010,23.6942,23.66,23.69,23.7,23.66,37
2023-10-16 14:11:00,1191,23.6624,23.695,23.605,23.695,23.605,31
2023-10-16 14:12:00,552,23.6363,23.6,23.6,23.6,23.6,11
2023-10-16 14:13:00,459,23.6169,23.61,23.61,23.61,23.61,15
2023-10-16 14:14:00,192,23.6011,23.6,23.6,23.6,23.6,7
2023-10-16 14:15:00,648,23.5958,23.58,23.6,23.605,23.58,15
2023-10-16 14:16:00,1024,23.557,23.58,23.56,23.58,23.54,37
2023-10-16 14:17:00,1155,23.6017,23.58,23.63,23.63,23.58,29
2023-10-16 14:18:00,1818,23.6658,23.63,23.69,23.69,23.63,44
2023-10-16 14:19:00,291,23.7218,23.725,23.725,23.725,23.725,11
2023-10-16 14:20:00,2113,23.706,23.72,23.69,23.72,23.69,46
2023-10-16 14:21:00,761,23.6788,23.67,23.68,23.68,23.67,18
2023-10-16 14:22:00,1669,23.6562,23.67,23.64,23.67,23.64,35
2023-10-16 14:23:00,313,23.6389,23.62,23.62,23.62,23.62,5
2023-10-16 14:24:00,1552,23.6566,23.62,23.68,23.69,23.62,53
2023-10-16 14:25:00,1123,23.6798,23.71,23.68,23.71,23.67,22
2023-10-16 14:26:00,1940,23.7044,23.69,23.745,23.745,23.69,49
2023-10-16 14:27:00,1891,23.7879,23.81,23.77,23.82,23.76,53
2023-10-16 14:28:00,200,23.8,23.79,23.79,23.79,23.79,3
2023-10-16 14:29:00,417,23.8097,23.81,23.81,23.81,23.81,11
2023-10-16 14:30:00,1508,23.7969,23.8,23.78,23.8,23.78,32
2023-10-16 14:31:00,476,23.8272,23.82,23.83,23.83,23.82,21
2023-10-16 14:32:00,1486,23.8239,23.84,23.83,23.84,23.82,30
2023-10-16 14:33:00,160,23.8548,23.86,23.86,23.86,23.86,8
2023-10-16 14:34:00,875,23.8323,23.82,23.835,23.835,23.82,20
2023-10-16 14:35:00,356,23.8839,23.89,23.89,23.89,23.89,17
2023-10-16 14:36:00,237,23.8895,23.89,23.89,23.89,23.89,11
2023-10-16 14:37:00,448,23.8754,23.89,23.89,23.89,23.89,29
2023-10-16 14:38:00,2623,23.9316,23.89,23.99,23.99,23.89,90
2023-10-16 14:39:00,970,23.9917,23.99,23.99,23.99,23.99,32
2023-10-16 14:40:00,1101,24.0008,24.01,24.0,24.01,24.0,37
2023-10-16 14:41:00,2837,23.9844,23.99,23.99,24.0185,23.97,74
2023-10-16 14:42:00,3662,23.9844,23.97,24.04,24.04,23.97,72
2023-10-16 14:43:00,3209,23.9901,24.03,23.94,24.03,23.92,74
2023-10-16 14:44:00,929,23.9759,23.96,23.98,23.98,23.96,26
2023-10-16 14:45:00,1101,23.979,24.0,23.98,24.0,23.97,36
2023-10-16 14:46:00,2689,23.951,23.94,23.975,23.975,23.94,35
2023-10-16 14:47:00,676,24.005,23.98,24.01,24.01,23.98,23
2023-10-16 14:48:00,278,24.0179,24.01,24.01,24.01,24.01,21
2023-10-16 14:49:00,774,24.0075,24.02,24.02,24.02,24.02,18
2023-10-16 14:50:00,42674,24.0671,24.04,24.07,24.11,24.02,176
2023-10-16 14:51:00,1701,24.1284,24.085,24.155,24.17,24.085,50
2023-10-16 14:52:00,1452,24.1217,24.14,24.1,24.14,24.1,31
2023-10-16 14:53:00,2587,24.0736,24.1,24.065,24.1,24.045,52
2023-10-16 14:54:00,648,24.0715,24.065,24.08,24.08,24.065,21
2023-10-16 14:55:00,1375,24.047,24.07,24.01,24.07,24.01,29
2023-10-16 14:56:00,1303,24.023,24.01,24.035,24.035,24.01,38
2023-10-16 14:57:00,186,24.0313,24.035,24.035,24.035,24.035,10
2023-10-16 14:58:00,1889,24.0378,24.04,24.02,24.06,24.01,56
2023-10-16 14:59:00,187,24.0247,24.02,24.02,24.02,24.02,9
2023-10-16 15:00:00,312,24.0187,24.0,24.03,24.03,24.0,12
2023-10-16 15:01:00,442,24.0077,24.015,23.99,24.015,23.99,17
2023-10-16 15:02:00,3338,23.9797,23.99,23.98,24.01,23.96,72
2023-10-16 15:03:00,3689,24.0309,24.02,24.035,24.035,24.02,44
2023-10-16 15:04:00,2991,24.04,24.005,24.04,24.05,24.005,43
2023-10-16 15:05:00,2077,24.0302,24.03,24.02,24.03,24.02,43
2023-10-16 15:06:00,546,24.0221,24.02,24.02,24.02,24.02,22
2023-10-16 15:07:00,476,24.0337,24.015,24.05,24.05,24.015,15
2023-10-16 15:08:00,744,24.0325,24.045,24.03,24.045,24.03,18
2023-10-16 15:09:00,895,24.0352,24.03,24.03,24.04,24.03,25
2023-10-16 15:10:00,609,24.0412,24.04,24.03,24.045,24.03,13
2023-10-16 15:11:00,1890,24.0192,24.02,24.035,24.035,24.01,45
2023-10-16 15:13:00,940,24.0262,24.03,24.025,24.035,24.015,24
2023-10-16 15:14:00,559,24.0256,24.03,24.025,24.03,24.02,23
2023-10-16 15:15:00,793,24.0404,24.04,24.06,24.06,24.03,19
2023-10-16 15:16:00,665,24.0444,24.055,24.05,24.055,24.03,15
2023-10-16 15:17:00,272,24.0383,24.035,24.035,24.035,24.035,13
2023-10-16 15:18:00,1108,24.0195,24.04,24.01,24.04,24.01,26
2023-10-16 15:19:00,226,24.03,24.04,24.04,24.04,24.04,4
2023-10-16 15:20:00,800,24.023,24.019,24.04,24.04,24.019,11
2023-10-16 15:21:00,3339,24.029,24.04,24.025,24.05,24.02,77
2023-10-16 15:23:00,835,24.0242,24.02,24.04,24.04,24.02,19
2023-10-16 15:24:00,146,24.0511,24.06,24.06,24.06,24.06,4
2023-10-16 15:25:00,501,24.0469,24.06,24.045,24.06,24.04,12
2023-10-16 15:26:00,1262,24.0668,24.06,24.075,24.075,24.06,32
2023-10-16 15:27:00,1133,24.1018,24.09,24.1,24.11,24.09,35
2023-10-16 15:28:00,916,24.1295,24.12,24.12,24.12,24.12,40
2023-10-16 15:29:00,628,24.1045,24.15,24.145,24.15,24.145,21
2023-10-16 15:30:00,1567,24.1379,24.145,24.15,24.165,24.12,31
2023-10-16 15:31:00,808,24.1231,24.13,24.12,24.14,24.12,24
2023-10-16 15:32:00,2790,24.1437,24.11,24.175,24.18,24.11,50
2023-10-16 15:33:00,239,24.1847,24.2,24.2,24.2,24.2,10
2023-10-16 15:34:00,1406,24.201,24.19,24.22,24.22,24.18,27
2023-10-16 15:35:00,2264,24.1841,24.21,24.15,24.22,24.15,65
2023-10-16 15:36:00,201,24.14,24.14,24.14,24.14,24.14,12
2023-10-16 15:38:00,340,24.1264,24.12,24.14,24.14,24.12,12
2023-10-16 15:39:00,596,24.1115,24.1,24.1,24.1,24.1,13
2023-10-16 15:40:00,1257,24.0892,24.1,24.08,24.1,24.08,28
2023-10-16 15:41:00,2250,24.0645,24.08,24.04,24.085,24.04,41
2023-10-16 15:42:00,733,24.007,24.02,23.99,24.02,23.99,21
2023-10-16 15:44:00,128,24.0082,24.01,24.01,24.01,24.01,6
2023-10-16 15:46:00,285,24.0114,23.98,24.03,24.03,23.98,6
2023-10-16 15:47:00,1075,24.0026,24.04,23.975,24.04,23.975,22
2023-10-16 15:48:00,1478,23.9414,23.94,23.94,23.95,23.93,37
2023-10-16 15:49:00,1000,23.921,23.92,23.91,23.93,23.91,22
2023-10-16 15:50:00,330,23.9212,23.88,23.89,23.89,23.88,6
2023-10-16 15:52:00,952,23.8663,23.89,23.89,23.89,23.89,31
2023-10-16 15:54:00,141,23.835,23.835,23.835,23.835,23.835,6
2023-10-16 15:56:00,127,23.8299,23.83,23.83,23.83,23.83,3
2023-10-16 15:57:00,1906,23.8178,23.835,23.81,23.84,23.79,49
2023-10-16 15:58:00,1120,23.8383,23.83,23.85,23.85,23.83,41
2023-10-16 15:59:00,1728,23.813,23.82,23.805,23.82,23.8,44
2023-10-16 16:00:00,546,23.7808,23.78,23.79,23.79,23.78,22
2023-10-16 16:01:00,2490,23.7663,23.76,23.76,23.76,23.76,18
2023-10-16 16:02:00,1901,23.7999,23.78,23.81,23.81,23.78,41
2023-10-16 16:03:00,385,23.7808,23.78,23.78,23.78,23.78,13
2023-10-16 16:05:00,1145,23.8206,23.8,23.84,23.84,23.8,42
2023-10-16 16:06:00,131,23.8323,23.83,23.83,23.83,23.83,7
2023-10-16 16:07:00,313,23.8331,23.83,23.83,23.83,23.83,7
2023-10-16 16:08:00,798,23.8452,23.84,23.85,23.86,23.84,24
2023-10-16 16:09:00,1050,23.8463,23.86,23.845,23.86,23.82,39
2023-10-16 16:10:00,403,23.8219,23.84,23.84,23.84,23.84,5
2023-10-16 16:11:00,1803,23.8632,23.847,23.88,23.89,23.847,55
2023-10-16 16:13:00,241,23.8762,23.87,23.885,23.885,23.87,6
2023-10-16 16:14:00,168,23.8719,23.87,23.87,23.87,23.87,10
2023-10-16 16:15:00,567,23.8774,23.87,23.875,23.885,23.87,17
2023-10-16 16:16:00,179,23.8836,23.88,23.88,23.88,23.88,12
2023-10-16 16:17:00,1284,23.8893,23.89,23.88,23.89,23.88,24
2023-10-16 16:18:00,1398,23.9157,23.91,23.93,23.93,23.9,32
2023-10-16 16:19:00,317,23.9368,23.93,23.94,23.94,23.93,9
2023-10-16 16:20:00,2417,23.9077,23.92,23.92,23.92,23.88,46
2023-10-16 16:21:00,447,23.9005,23.91,23.9,23.91,23.89,22
2023-10-16 16:22:00,1025,23.8757,23.895,23.87,23.895,23.87,29
2023-10-16 16:23:00,1722,23.8993,23.87,23.92,23.92,23.87,34
2023-10-16 16:24:00,531,23.9416,23.94,23.94,23.94,23.94,17
2023-10-16 16:25:00,1236,23.9682,23.97,23.96,23.97,23.96,23
2023-10-16 16:27:00,379,23.9871,23.975,23.975,23.975,23.975,14
2023-10-16 16:28:00,308,23.9756,23.975,23.98,23.98,23.975,13
2023-10-16 16:29:00,253,23.9862,24.0,23.98,24.0,23.98,9
2023-10-16 16:30:00,479,23.9942,23.98,23.995,24.0,23.98,15
2023-10-16 16:32:00,761,23.9717,23.99,23.97,23.99,23.97,14
2023-10-16 16:33:00,404,23.9938,23.99,23.99,23.99,23.99,13
2023-10-16 16:34:00,1927,24.0088,23.99,24.025,24.025,23.99,37
2023-10-16 16:35:00,649,24.0148,24.025,24.01,24.03,24.01,18
2023-10-16 16:36:00,137,24.0298,24.03,24.03,24.03,24.03,7
2023-10-16 16:37:00,759,24.0125,24.01,24.02,24.02,24.01,19
2023-10-16 16:38:00,1096,24.0522,24.04,24.065,24.065,24.04,35
2023-10-16 16:39:00,920,24.0761,24.065,24.08,24.09,24.065,23
2023-10-16 16:40:00,1532,24.0576,24.075,24.04,24.075,24.04,40
2023-10-16 16:41:00,2288,23.9819,24.03,23.95,24.03,23.95,49
2023-10-16 16:42:00,474,23.9892,23.98,23.98,23.98,23.98,7
2023-10-16 16:43:00,4085,23.9693,23.95,23.98,23.988,23.95,31
2023-10-16 16:44:00,669,23.982,23.975,23.99,23.99,23.975,10
2023-10-16 16:45:00,5034,23.9937,23.99,24.0,24.0,23.99,22
2023-10-16 16:46:00,13017,24.0066,23.99,24.015,24.02,23.99,24
2023-10-16 16:47:00,1488,24.051,24.03,24.09,24.09,24.03,46
2023-10-16 16:48:00,543,24.0732,24.07,24.07,24.07,24.07,10
2023-10-16 16:49:00,131,24.0857,24.09,24.09,24.09,24.09,3
2023-10-16 16:50:00,4407,24.0692,24.07,24.08,24.09,24.05,106
2023-10-16 16:51:00,697,24.0855,24.08,24.09,24.09,24.08,13
2023-10-16 16:52:00,593,24.0623,24.09,24.05,24.09,24.05,21
2023-10-16 16:53:00,328,24.0584,24.06,24.055,24.06,24.055,6
2023-10-16 16:54:00,1480,24.0372,24.04,24.02,24.05,24.02,37
2023-10-16 16:55:00,1219,24.0358,24.025,24.045,24.045,24.025,22
2023-10-16 16:56:00,1349,24.0116,24.03,23.99,24.03,23.99,38
2023-10-16 16:57:00,555,23.9948,23.99,23.98,23.99,23.98,11
2023-10-16 16:58:00,2106,23.9996,23.99,24.02,24.02,23.98,39
2023-10-16 16:59:00,580,24.0137,24.01,24.03,24.03,24.01,20
2023-10-16 17:00:00,415,24.016,24.02,24.0,24.02,24.0,12
2023-10-16 17:01:00,2031,23.9925,24.01,23.97,24.01,23.96,45
2023-10-16 17:02:00,569,23.9764,23.98,23.96,23.98,23.96,14
2023-10-16 17:03:00,326,23.9777,23.97,23.97,23.97,23.97,7
2023-10-16 17:04:00,1226,24.0031,23.99,24.02,24.02,23.99,38
2023-10-16 17:05:00,1010,24.0446,24.03,24.06,24.06,24.03,26
2023-10-16 17:06:00,782,24.094,24.06,24.12,24.128,24.06,27
2023-10-16 17:07:00,1558,24.1208,24.11,24.12,24.13,24.11,49
2023-10-16 17:08:00,436,24.1246,24.12,24.14,24.14,24.12,8
2023-10-16 17:09:00,2295,24.1084,24.14,24.115,24.14,24.1,54
2023-10-16 17:10:00,582,24.1082,24.12,24.105,24.12,24.105,8
2023-10-16 17:11:00,1071,24.1077,24.11,24.1,24.11,24.1,26
2023-10-16 17:12:00,2237,24.0937,24.09,24.13,24.148,24.07,66
2023-10-16 17:13:00,442,24.1406,24.15,24.15,24.15,24.15,15
2023-10-16 17:14:00,507,24.1542,24.14,24.14,24.14,24.14,15
2023-10-16 17:15:00,1882,24.1145,24.155,24.09,24.155,24.09,57
2023-10-16 17:16:00,830,24.0639,24.065,24.069,24.069,24.065,20
2023-10-16 17:17:00,514,24.0522,24.065,24.055,24.065,24.05,12
2023-10-16 17:18:00,944,24.0658,24.06,24.07,24.075,24.058,23
2023-10-16 17:19:00,2444,24.0456,24.05,24.025,24.06,24.025,67
2023-10-16 17:20:00,1220,23.9565,24.02,23.92,24.02,23.92,29
2023-10-16 17:21:00,1072,23.9115,23.885,23.93,23.948,23.885,19
2023-10-16 17:22:00,654,23.9528,23.95,23.945,23.9675,23.945,17
2023-10-16 17:23:00,1154,23.9477,23.965,23.92,23.965,23.92,39
2023-10-16 17:24:00,850,23.9318,23.93,23.93,23.93,23.93,20
2023-10-16 17:25:00,3288,23.9515,23.92,24.0,24.0,23.92,82
2023-10-16 17:26:00,1826,24.0075,24.0,24.01,24.02,24.0,48
2023-10-16 17:27:00,411,23.989,23.995,23.995,23.995,23.995,15
2023-10-16 17:28:00,984,24.0144,23.995,24.025,24.025,23.995,18
2023-10-16 17:29:00,860,24.0207,24.04,24.02,24.04,24.01,23
2023-10-16 17:30:00,626,24.0203,24.02,24.02,24.025,24.02,14
2023-10-16 17:31:00,130,24.02,24.02,24.02,24.02,24.02,4
2023-10-16 17:32:00,559,24.028,24.02,24.02,24.04,24.02,12
2023-10-16 17:33:00,1457,24.0027,24.02,24.0,24.02,24.0,31
2023-10-16 17:35:00,1200,24.0055,24.0,24.01,24.01,24.0,22
2023-10-16 17:36:00,549,24.0066,24.0,24.01,24.01,24.0,13
2023-10-16 17:37:00,1188,24.0049,24.01,24.0,24.02,24.0,32
2023-10-16 17:38:00,641,23.9897,23.99,23.99,23.99,23.99,16
2023-10-16 17:39:00,1429,24.0001,24.0,23.995,24.02,23.99,29
2023-10-16 17:40:00,838,24.01,24.007,24.01,24.015,24.007,22
2023-10-16 17:41:00,351,24.0156,24.015,24.015,24.015,24.015,10
2023-10-16 17:42:00,265,24.0306,24.04,24.04,24.04,24.04,8
2023-10-16 17:43:00,2449,24.0421,24.0337,24.08,24.08,24.03,53
2023-10-16 17:44:00,22175,24.1601,24.075,24.2,24.21,24.075,179
2023-10-16 17:45:00,3356,24.2104,24.2,24.23,24.25,24.19,74
2023-10-16 17:46:00,2893,24.2145,24.23,24.21,24.23,24.19,69
2023-10-16 17:47:00,2096,24.1905,24.21,24.18,24.21,24.18,52
2023-10-16 17:48:00,789,24.1978,24.19,24.19,24.215,24.19,20
2023-10-16 17:49:00,685,24.2027,24.19,24.215,24.215,24.19,15
2023-10-16 17:50:00,2308,24.2315,24.22,24.24,24.24,24.22,44
2023-10-16 17:51:00,2855,24.2132,24.23,24.18,24.23,24.18,54
2023-10-16 17:52:00,1502,24.1935,24.18,24.21,24.21,24.18,33
2023-10-16 17:53:00,239,24.2053,24.205,24.205,24.205,24.205,11
2023-10-16 17:54:00,137,24.2099,24.21,24.21,24.21,24.21,7
2023-10-16 17:55:00,2398,24.215,24.21,24.22,24.22,24.21,46
2023-10-16 17:56:00,1312,24.2429,24.23,24.25,24.25,24.23,36
2023-10-16 17:57:00,15793,24.2521,24.24,24.265,24.27,24.23,169
2023-10-16 17:58:00,2103,24.2823,24.29,24.29,24.29,24.27,44
2023-10-16 17:59:00,684,24.2842,24.29,24.29,24.29,24.29,13
2023-10-16 18:00:00,13902,24.2724,24.29,24.29,24.319,24.26,111
2023-10-16 18:01:00,1503,24.2854,24.275,24.28,24.3,24.275,33
2023-10-16 18:02:00,3132,24.2724,24.27,24.28,24.295,24.26,39
2023-10-16 18:03:00,1020,24.285,24.29,24.29,24.29,24.275,30
2023-10-16 18:04:00,8612,24.2479,24.29,24.21,24.29,24.19,87
2023-10-16 18:05:00,969,24.217,24.21,24.215,24.215,24.21,25
2023-10-16 18:06:00,3193,24.2063,24.2038,24.21,24.21,24.202,17
2023-10-16 18:07:00,1916,24.1886,24.2,24.18,24.2,24.17,38
2023-10-16 18:08:00,2284,24.1977,24.18,24.215,24.22,24.18,47
2023-10-16 18:09:00,1577,24.2086,24.215,24.2,24.22,24.2,40
2023-10-16 18:10:00,1748,24.1834,24.19,24.19,24.2,24.17,39
2023-10-16 18:11:00,601,24.187,24.19,24.185,24.19,24.185,12
2023-10-16 18:12:00,3037,24.1529,24.17,24.16,24.17,24.125,55
2023-10-16 18:13:00,407,24.1365,24.1317,24.1317,24.1317,24.1317,5
2023-10-16 18:14:00,1450,24.1593,24.15,24.165,24.18,24.14,35
2023-10-16 18:15:00,631,24.1724,24.18,24.165,24.18,24.165,11
2023-10-16 18:16:00,2743,24.1433,24.165,24.135,24.165,24.125,57
2023-10-16 18:17:00,1341,24.1512,24.14,24.16,24.16,24.14,20
2023-10-16 18:18:00,4057,24.1836,24.16,24.19,24.2,24.16,91
2023-10-16 18:20:00,435,24.1856,24.185,24.185,24.185,24.185,10
2023-10-16 18:21:00,1713,24.1891,24.18,24.19,24.2,24.18,31
2023-10-16 18:22:00,3044,24.1686,24.19,24.14,24.19,24.14,55
2023-10-16 18:23:00,1335,24.1044,24.12,24.11,24.12,24.09,28
2023-10-16 18:24:00,247,24.1038,24.105,24.105,24.105,24.105,10
2023-10-16 18:25:00,2369,24.0905,24.11,24.09,24.11,24.08,55
2023-10-16 18:26:00,2216,24.0658,24.07,24.07,24.07,24.05,48
2023-10-16 18:27:00,1489,24.0413,24.055,24.02,24.055,24.02,34
2023-10-16 18:28:00,3218,24.0287,24.03,24.01,24.03,23.995,54
2023-10-16 18:29:00,938,23.9999,24.015,24.0,24.015,23.99,18
2023-10-16 18:30:00,1300,24.0203,24.01,24.025,24.025,24.01,27
2023-10-16 18:31:00,1295,23.9991,24.02,23.99,24.02,23.99,44
2023-10-16 18:32:00,1412,23.9905,23.98,23.99,24.0,23.9775,33
2023-10-16 18:33:00,3112,23.9887,24.0,23.97,24.0,23.97,56
2023-10-16 18:34:00,696,23.9839,23.99,23.98,23.99,23.98,22
2023-10-16 18:35:00,3157,23.966,23.975,23.94,23.99,23.93,68
2023-10-16 18:36:00,294,23.9567,23.955,23.955,23.955,23.955,8
2023-10-16 18:37:00,2501,23.9659,23.97,23.965,23.98,23.96,46
2023-10-16 18:38:00,2377,23.9676,23.95,23.965,23.97,23.95,48
2023-10-16 18:39:00,724,23.958,23.96,23.96,23.96,23.95,21
2023-10-16 18:40:00,2058,23.9717,23.96,23.97,23.99,23.96,48
2023-10-16 18:41:00,1874,23.9717,23.97,23.965,23.98,23.965,45
2023-10-16 18:42:00,2521,23.9534,23.96,23.95,23.96,23.95,60
2023-10-16 18:43:00,2003,23.9433,23.95,23.9462,23.95,23.93,43
2023-10-16 18:44:00,1117,23.9299,23.93,23.935,23.94,23.925,26
2023-10-16 18:45:00,1755,23.9288,23.92,23.935,23.935,23.92,51
2023-10-16 18:46:00,1403,23.9239,23.935,23.93,23.935,23.91,35
2023-10-16 18:47:00,2383,23.9124,23.9,23.925,23.925,23.9,51
2023-10-16 18:48:00,839,23.9348,23.925,23.94,23.94,23.925,12
2023-10-16 18:49:00,256,23.9331,23.935,23.935,23.935,23.935,16
2023-10-16 18:50:00,2414,23.9268,23.935,23.93,23.935,23.915,59
2023-10-16 18:51:00,2094,23.9173,23.93,23.925,23.93,23.905,40
2023-10-16 18:52:00,438,23.9039,23.905,23.9,23.905,23.9,7
2023-10-16 18:53:00,3225,23.9094,23.9,23.91,23.93,23.895,59
2023-10-16 18:54:00,129,23.8978,23.9,23.9,23.9,23.9,3
2023-10-16 18:55:00,660,23.887,23.89,23.88,23.89,23.88,11
2023-10-16 18:56:00,537,23.8846,23.89,23.88,23.89,23.88,8
2023-10-16 18:57:00,1439,23.8978,23.89,23.9,23.9,23.89,28
2023-10-16 18:58:00,2323,23.912,23.91,23.9,23.93,23.9,59
2023-10-16 18:59:00,1432,23.9029,23.9,23.9,23.905,23.9,45
2023-10-16 19:00:00,3131,23.8884,23.905,23.86,23.905,23.86,68
2023-10-16 19:01:00,1610,23.8208,23.84,23.82,23.84,23.81,39
2023-10-16 19:02:00,1894,23.829,23.82,23.84,23.84,23.815,36
2023-10-16 19:03:00,2418,23.8702,23.85,23.885,23.9,23.85,48
2023-10-16 19:04:00,3073,23.8962,23.885,23.88,23.91,23.88,53
2023-10-16 19:05:00,808,23.9094,23.89,23.91,23.93,23.89,13
2023-10-16 19:06:00,3901,23.9152,23.91,23.91,23.925,23.91,79
2023-10-16 19:07:00,3753,23.9523,23.92,23.98,23.98,23.92,82
2023-10-16 19:08:00,418,23.9583,23.965,23.965,23.965,23.95,9
2023-10-16 19:09:00,2136,23.9562,23.965,23.96,23.965,23.95,43
2023-10-16 19:10:00,1654,23.9461,23.96,23.94,23.96,23.94,40
2023-10-16 19:11:00,3198,23.9373,23.925,23.945,23.95,23.925,59
2023-10-16 19:12:00,2546,23.9483,23.935,23.96,23.96,23.93,53
2023-10-16 19:13:00,1854,23.9397,23.955,23.935,23.955,23.935,29
2023-10-16 19:14:00,4129,23.9034,23.92,23.89,23.92,23.865,89
2023-10-16 19:15:00,1709,23.9123,23.9,23.92,23.92,23.9,40
2023-10-16 19:16:00,757,23.9303,23.92,23.94,23.94,23.92,27
2023-10-16 19:17:00,2204,23.9597,23.955,23.969,23.97,23.95,39
2023-10-16 19:18:00,1686,23.9594,23.96,23.97,23.97,23.96,30
2023-10-16 19:19:00,2598,23.9871,23.97,23.99,24.01,23.97,53
2023-10-16 19:20:00,4167,24.0137,23.995,24.03,24.05,23.995,75
2023-10-16 19:21:00,823,24.0218,24.015,24.02,24.02,24.015,27
2023-10-16 19:22:00,3144,24.0176,24.03,24.005,24.03,24.005,71
2023-10-16 19:23:00,2988,23.9913,24.0,23.98,24.0,23.98,47
2023-10-16 19:24:00,2664,23.9806,23.98,23.99,23.99,23.97,61
2023-10-16 19:25:00,2618,23.9832,23.99,23.98,23.99,23.98,41
2023-10-16 19:26:00,2609,23.9726,23.98,23.97,23.98,23.97,62
2023-10-16 19:27:00,1804,23.9349,23.955,23.91,23.955,23.91,44
2023-10-16 19:28:00,4243,23.9333,23.92,23.935,23.96,23.915,59
2023-10-16 19:29:00,3965,23.9422,23.935,23.95,23.95,23.935,50
2023-10-16 19:30:00,3467,23.9439,23.95,23.925,23.96,23.925,68
2023-10-16 19:31:00,4513,23.9023,23.93,23.855,23.935,23.855,88
2023-10-16 19:32:00,3082,23.8732,23.855,23.865,23.88,23.855,48
2023-10-16 19:33:00,2761,23.8639,23.86,23.855,23.87,23.855,49
2023-10-16 19:34:00,5463,23.8594,23.86,23.86,23.87,23.845,100
2023-10-16 19:35:00,4279,23.8815,23.855,23.89,23.91,23.85,97
2023-10-16 19:36:00,3371,23.9056,23.885,23.925,23.925,23.885,50
2023-10-16 19:37:00,3805,23.9298,23.93,23.915,23.94,23.915,61
2023-10-16 19:38:00,1847,23.921,23.915,23.925,23.925,23.915,36
2023-10-16 19:39:00,5954,23.9163,23.92,23.895,23.925,23.895,104
2023-10-16 19:40:00,5638,23.8985,23.895,23.88,23.92,23.875,103
2023-10-16 19:41:00,1928,23.8947,23.88,23.895,23.9,23.88,34
2023-10-16 19:42:00,5775,23.88,23.89,23.855,23.89,23.855,112
2023-10-16 19:43:00,3253,23.8453,23.85,23.83,23.855,23.83,62
2023-10-16 19:44:00,8447,23.8387,23.835,23.84,23.84,23.83,102
2023-10-16 19:45:00,5585,23.8456,23.835,23.84,23.86,23.835,77
2023-10-16 19:46:00,2920,23.8479,23.845,23.85,23.85,23.84,50
2023-10-16 19:47:00,5778,23.8345,23.85,23.82,23.85,23.82,97
2023-10-16 19:48:00,7176,23.8218,23.82,23.81,23.835,23.8,101
2023-10-16 19:49:00,3727,23.8108,23.8,23.8,23.82,23.8,81
2023-10-16 19:50:00,8633,23.7951,23.81,23.76,23.81,23.75,145
2023-10-16 19:51:00,7466,23.7744,23.75,23.79,23.8,23.75,119
2023-10-16 19:52:00,23024,23.8087,23.79,23.855,23.86,23.79,194
2023-10-16 19:53:00,39434,23.8519,23.85,23.855,23.87,23.85,291
2023-10-16 19:54:00,15097,23.877,23.86,23.905,23.91,23.855,186
2023-10-16 19:55:00,35259,23.9337,23.91,23.92,23.96,23.9,370
2023-10-16 19:56:00,19130,23.8956,23.91,23.895,23.91,23.86,249
2023-10-16 19:57:00,16174,23.922,23.895,23.94,23.94,23.89,208
2023-10-16 19:58:00,30246,23.9401,23.94,23.935,23.95,23.93,355
2023-10-16 19:59:00,42466,23.8984,23.935,23.86,23.935,23.84,549
2023-10-16 20:00:00,5941,23.89,23.89,23.89,23.89,23.89,19
2023-10-16 20:20:00,226,23.89,23.89,23.89,23.89,23.89,1
2023-10-17 13:30:00,11206,23.8577,23.87,23.735,23.87,23.66,8
2023-10-17 13:31:00,101,23.7114,23.71,23.71,23.71,23.71,2
2023-10-17 13:32:00,4904,23.8767,23.87,23.96,23.99,23.86,21
2023-10-17 13:33:00,1319,24.0573,23.98,24.135,24.135,23.98,34
2023-10-17 13:34:00,506,24.1514,24.1,24.145,24.145,24.1,20
2023-10-17 13:36:00,9956,24.2797,24.24,24.34,24.34,24.24,59
2023-10-17 13:37:00,503,24.538,24.6,24.6,24.6,24.6,17
2023-10-17 13:38:00,1204,24.6076,24.6,24.63,24.63,24.565,34
2023-10-17 13:39:00,977,24.6559,24.67,24.61,24.67,24.61,28
2023-10-17 13:40:00,1817,24.5447,24.55,24.535,24.56,24.52,40
2023-10-17 13:41:00,2432,24.5929,24.61,24.61,24.63,24.56,53
2023-10-17 13:42:00,366,24.5539,24.54,24.54,24.54,24.54,16
2023-10-17 13:43:00,789,24.6187,24.63,24.63,24.63,24.63,24
2023-10-17 13:44:00,1520,24.6572,24.64,24.67,24.67,24.64,43
2023-10-17 13:45:00,1910,24.6122,24.66,24.63,24.66,24.57,59
2023-10-17 13:46:00,290,24.6833,24.69,24.69,24.69,24.69,9
2023-10-17 13:47:00,1076,24.6583,24.675,24.64,24.68,24.64,40
2023-10-17 13:48:00,2648,24.6661,24.66,24.61,24.71,24.61,56
2023-10-17 13:49:00,1844,24.6318,24.64,24.62,24.66,24.595,45
2023-10-17 13:50:00,1284,24.5875,24.64,24.59,24.64,24.59,34
2023-10-17 13:51:00,1186,24.654,24.605,24.7,24.7,24.605,41
2023-10-17 13:52:00,1028,24.6429,24.68,24.61,24.68,24.61,31
2023-10-17 13:53:00,825,24.6155,24.6,24.65,24.65,24.6,26
2023-10-17 13:55:00,4785,24.6264,24.62,24.665,24.67,24.62,46
2023-10-17 13:56:00,622,24.643,24.66,24.635,24.66,24.63,17
2023-10-17 13:57:00,1367,24.6191,24.635,24.61,24.635,24.61,54
2023-10-17 13:58:00,1622,24.5954,24.63,24.58,24.63,24.58,41
2023-10-17 13:59:00,1781,24.6285,24.62,24.68,24.68,24.59,46
2023-10-17 14:00:00,1582,24.6518,24.66,24.63,24.66,24.63,36
2023-10-17 14:01:00,1884,24.7236,24.68,24.74,24.74,24.68,46
2023-10-17 14:02:00,11216,24.7689,24.74,24.79,24.8,24.74,98
2023-10-17 14:03:00,3937,24.8275,24.8,24.83,24.855,24.8,82
2023-10-17 14:04:00,2611,24.8569,24.85,24.83,24.88,24.83,56
2023-10-17 14:05:00,796,24.8532,24.85,24.85,24.85,24.85,32
2023-10-17 14:06:00,2621,24.8815,24.885,24.88,24.89,24.87,51
2023-10-17 14:07:00,2772,24.891,24.9,24.9,24.91,24.87,61
2023-10-17 14:08:00,6292,24.8761,24.89,24.8575,24.9,24.84,89
2023-10-17 14:09:00,311,24.8804,24.875,24.875,24.875,24.875,7
2023-10-17 14:10:00,920,24.8917,24.9,24.88,24.9,24.88,25
2023-10-17 14:11:00,4960,24.9386,24.91,24.97,24.98,24.91,76
2023-10-17 14:12:00,594,25.0102,24.99,25.04,25.04,24.99,26
2023-10-17 14:14:00,2412,25.1228,25.12,25.13,25.15,25.1,90
2023-10-17 14:15:00,811,25.1702,25.145,25.18,25.18,25.145,18
2023-10-17 14:16:00,2466,25.1732,25.18,25.16,25.19,25.16,52
2023-10-17 14:17:00,1058,25.1641,25.17,25.15,25.17,25.15,32
2023-10-17 14:18:00,1097,25.1532,25.15,25.16,25.17,25.15,28
2023-10-17 14:19:00,4189,25.1265,25.16,25.12,25.18,25.08,95
2023-10-17 14:20:00,685,25.1053,25.09,25.11,25.11,25.09,14
2023-10-17 14:21:00,1834,25.1534,25.1,25.185,25.185,25.1,37
2023-10-17 14:22:00,1287,25.1854,25.18,25.195,25.22,25.17,39
2023-10-17 14:23:00,406,25.2158,25.21,25.21,25.21,25.21,22
2023-10-17 14:24:00,2629,25.2342,25.21,25.265,25.265,25.21,74
2023-10-17 14:25:00,2171,25.2625,25.285,25.255,25.29,25.24,44
2023-10-17 14:26:00,429,25.28,25.28,25.28,25.28,25.28,18
2023-10-17 14:27:00,422,25.2686,25.27,25.27,25.27,25.27,23
2023-10-17 14:28:00,966,25.2544,25.255,25.27,25.27,25.25,23
2023-10-17 14:29:00,9601,25.2234,25.26,25.22,25.26,25.21,52
2023-10-17 14:30:00,1446,25.172,25.2,25.145,25.2,25.13,36
2023-10-17 14:31:00,1392,25.1623,25.14,25.175,25.175,25.14,34
2023-10-17 14:32:00,3819,25.1479,25.175,25.1,25.19,25.1,77
2023-10-17 14:33:00,321,25.0969,25.1,25.1,25.1,25.1,12
2023-10-17 14:34:00,911,25.1031,25.095,25.11,25.11,25.095,26
2023-10-17 14:35:00,4530,25.0869,25.105,25.06,25.12,25.06,96
2023-10-17 14:36:00,1418,25.0627,25.085,25.06,25.085,25.03,24
2023-10-17 14:37:00,20858,25.078,25.055,25.04,25.09,25.04,138
2023-10-17 14:38:00,1211,25.025,25.02,25.02,25.03,25.0149,8
2023-10-17 14:39:00,1880,24.9861,25.01,24.95,25.01,24.95,36
2023-10-17 14:40:00,2001,24.9675,24.94,24.98,24.99,24.9,41
2023-10-17 14:41:00,553,24.9734,24.97,24.97,24.97,24.97,14
2023-10-17 14:42:00,3883,25.0331,24.975,25.07,25.08,24.975,81
2023-10-17 14:43:00,2930,25.0863,25.095,25.1003,25.1003,25.05,24
2023-10-17 14:44:00,378,25.0776,25.08,25.07,25.08,25.07,5
2023-10-17 14:45:00,3535,25.1285,25.11,25.17,25.17,25.11,73
2023-10-17 14:46:00,3363,25.206,25.17,25.26,25.26,25.17,87
2023-10-17 14:47:00,1761,25.2522,25.27,25.28,25.28,25.24,48
2023-10-17 14:48:00,1939,25.2666,25.26,25.27,25.27,25.26,54
2023-10-17 14:49:00,2176,25.2971,25.28,25.34,25.34,25.28,65
2023-10-17 14:50:00,2634,25.3226,25.34,25.29,25.345,25.29,65
2023-10-17 14:51:00,811,25.2972,25.29,25.29,25.29,25.29,23
2023-10-17 14:53:00,2093,25.2496,25.27,25.225,25.27,25.225,42
2023-10-17 14:54:00,813,25.2229,25.225,25.22,25.225,25.22,20
2023-10-17 14:55:00,3179,25.2375,25.22,25.22,25.25,25.22,77
2023-10-17 14:56:00,300,25.2382,25.24,25.24,25.24,25.24,3
2023-10-17 14:57:00,2054,25.2246,25.245,25.23,25.245,25.22,45
2023-10-17 14:58:00,1901,25.2128,25.245,25.19,25.245,25.19,43
2023-10-17 14:59:00,1273,25.2065,25.18,25.205,25.22,25.18,37
2023-10-17 15:00:00,2540,25.2131,25.22,25.205,25.22,25.2,54
2023-10-17 15:01:00,741,25.1872,25.18,25.2,25.2,25.18,18
2023-10-17 15:02:00,1193,25.1685,25.2,25.15,25.2,25.15,24
2023-10-17 15:03:00,1135,25.1755,25.17,25.19,25.19,25.17,19
2023-10-17 15:04:00,1579,25.2049,25.19,25.21,25.21,25.19,40
2023-10-17 15:05:00,1600,25.1995,25.2,25.21,25.21,25.18,30
2023-10-17 15:06:00,1419,25.1717,25.19,25.15,25.19,25.15,32
2023-10-17 15:07:00,317,25.1341,25.12,25.12,25.12,25.12,12
2023-10-17 15:08:00,1786,25.0944,25.12,25.0804,25.12,25.0804,23
2023-10-17 15:09:00,553,25.1076,25.105,25.11,25.11,25.105,10
2023-10-17 15:10:00,2140,25.1366,25.11,25.145,25.155,25.11,46
2023-10-17 15:11:00,258,25.1513,25.145,25.16,25.16,25.145,5
2023-10-17 15:12:00,417,25.1447,25.145,25.14,25.145,25.14,15
2023-10-17 15:13:00,658,25.1525,25.15,25.15,25.16,25.15,20
2023-10-17 15:14:00,2196,25.1676,25.155,25.18,25.18,25.155,54
2023-10-17 15:15:00,2590,25.2101,25.18,25.22,25.23,25.18,66
2023-10-17 15:16:00,551,25.2,25.2,25.2,25.2,25.2,13
2023-10-17 15:17:00,299,25.2071,25.2075,25.2075,25.2075,25.2075,9
2023-10-17 15:18:00,2674,25.2277,25.21,25.25,25.25,25.21,49
2023-10-17 15:19:00,650,25.2572,25.26,25.255,25.26,25.255,14
2023-10-17 15:20:00,2164,25.2655,25.27,25.275,25.28,25.26,54
2023-10-17 15:21:00,902,25.2903,25.29,25.29,25.29,25.29,18
2023-10-17 15:22:00,834,25.3113,25.295,25.33,25.33,25.295,25
2023-10-17 15:23:00,100,25.32,25.32,25.32,25.32,25.32,1
2023-10-17 15:24:00,13747,25.3229,25.31,25.305,25.34,25.29,163
2023-10-17 15:25:00,920,25.2768,25.29,25.26,25.29,25.26,21
2023-10-17 15:26:00,408,25.2818,25.265,25.27,25.27,25.265,5
2023-10-17 15:27:00,529,25.2699,25.27,25.27,25.27,25.27,10
2023-10-17 15:28:00,262,25.2796,25.28,25.28,25.28,25.28,10
2023-10-17 15:29:00,929,25.2784,25.28,25.275,25.28,25.275,22
2023-10-17 15:30:00,162,25.2752,25.275,25.275,25.275,25.275,10
2023-10-17 15:31:00,726,25.2751,25.275,25.275,25.275,25.275,16
2023-10-17 15:32:00,1970,25.295,25.275,25.29,25.31,25.275,59
2023-10-17 15:33:00,100,25.32,25.32,25.32,25.32,25.32,1
2023-10-17 15:34:00,2210,25.3301,25.32,25.36,25.365,25.31,49
2023-10-17 15:35:00,591,25.3693,25.365,25.38,25.38,25.365,20
2023-10-17 15:36:00,595,25.3942,25.4,25.4,25.4,25.4,16
2023-10-17 15:37:00,998,25.3899,25.4,25.41,25.41,25.4,34
2023-10-17 15:38:00,997,25.4282,25.41,25.46,25.46,25.41,26
2023-10-17 15:39:00,368,25.4504,25.455,25.455,25.455,25.455,12
2023-10-17 15:40:00,522,25.4591,25.46,25.4607,25.4607,25.46,17
2023-10-17 15:41:00,2071,25.482,25.47,25.465,25.5,25.465,53
2023-10-17 15:42:00,672,25.4813,25.475,25.475,25.475,25.475,18
2023-10-17 15:43:00,1275,25.5091,25.5,25.535,25.535,25.5,32
2023-10-17 15:44:00,3379,25.5176,25.52,25.515,25.53,25.51,73
2023-10-17 15:45:00,855,25.5305,25.53,25.53,25.54,25.53,26
2023-10-17 15:46:00,2673,25.5108,25.51,25.515,25.515,25.51,43
2023-10-17 15:47:00,8638,25.5349,25.51,25.53,25.55,25.505,62
2023-10-17 15:48:00,3542,25.5107,25.52,25.51,25.53,25.49,74
2023-10-17 15:49:00,1945,25.5677,25.55,25.61,25.61,25.55,42
2023-10-17 15:50:00,1013,25.6198,25.63,25.62,25.63,25.61,19
2023-10-17 15:51:00,1286,25.6119,25.62,25.62,25.62,25.6,29
2023-10-17 15:52:00,325,25.5857,25.615,25.615,25.615,25.615,12
2023-10-17 15:53:00,1058,25.6199,25.61,25.63,25.63,25.61,22
2023-10-17 15:54:00,1850,25.6493,25.64,25.66,25.66,25.64,35
2023-10-17 15:55:00,2384,25.6435,25.65,25.61,25.65,25.61,53
2023-10-17 15:56:00,1647,25.6344,25.62,25.65,25.65,25.62,30
2023-10-17 15:57:00,144,25.651,25.65,25.65,25.65,25.65,6
2023-10-17 15:58:00,5453,25.6206,25.653,25.59,25.665,25.58,93
2023-10-17 15:59:00,400,25.573,25.57,25.57,25.57,25.57,5
2023-10-17 16:00:00,1155,25.5751,25.59,25.56,25.59,25.56,20
2023-10-17 16:01:00,792,25.5589,25.57,25.55,25.57,25.55,27
2023-10-17 16:02:00,425,25.5426,25.5475,25.545,25.5475,25.545,10
2023-10-17 16:03:00,6281,25.5147,25.545,25.535,25.545,25.505,46
2023-10-17 16:04:00,1319,25.5112,25.52,25.5,25.52,25.5,32
2023-10-17 16:05:00,337,25.4903,25.5,25.47,25.5,25.47,6
2023-10-17 16:06:00,209,25.504,25.505,25.505,25.505,25.505,5
2023-10-17 16:07:00,3681,25.4913,25.505,25.49,25.505,25.47,65
2023-10-17 16:09:00,737,25.4871,25.47,25.49,25.5,25.47,14
2023-10-17 16:10:00,829,25.4988,25.49,25.5,25.5,25.49,7
2023-10-17 16:11:00,4379,25.4767,25.5,25.4825,25.5,25.46,78
2023-10-17 16:12:00,459,25.4733,25.45,25.45,25.45,25.45,12
2023-10-17 16:13:00,5567,25.5014,25.5,25.505,25.52,25.49,75
2023-10-17 16:14:00,3156,25.4852,25.5,25.47,25.51,25.46,56
2023-10-17 16:15:00,329,25.4578,25.46,25.46,25.46,25.46,13
2023-10-17 16:16:00,1142,25.4477,25.45,25.435,25.45,25.435,25
2023-10-17 16:17:00,691,25.4556,25.46,25.45,25.46,25.45,10
2023-10-17 16:18:00,927,25.4635,25.45,25.45,25.45,25.45,12
2023-10-17 16:19:00,1415,25.4676,25.46,25.48,25.48,25.46,24
2023-10-17 16:20:00,912,25.461,25.47,25.455,25.47,25.455,15
2023-10-17 16:21:00,1236,25.4739,25.455,25.465,25.48,25.455,16
2023-10-17 16:23:00,214,25.467,25.465,25.465,25.465,25.465,9
2023-10-17 16:24:00,796,25.4632,25.46,25.46,25.46,25.46,21
2023-10-17 16:25:00,344,25.4646,25.46,25.46,25.46,25.46,11
2023-10-17 16:26:00,254,25.462,25.465,25.46,25.465,25.46,8
2023-10-17 16:27:00,4289,25.4208,25.46,25.415,25.46,25.4,56
2023-10-17 16:28:00,336,25.4146,25.415,25.415,25.415,25.415,9
2023-10-17 16:30:00,729,25.4188,25.415,25.4025,25.415,25.4025,15
2023-10-17 16:31:00,1370,25.3537,25.375,25.33,25.375,25.33,39
2023-10-17 16:32:00,497,25.3377,25.335,25.33,25.335,25.33,8
2023-10-17 16:33:00,244,25.3354,25.33,25.33,25.33,25.33,7
2023-10-17 16:34:00,690,25.3319,25.33,25.33,25.335,25.325,22
2023-10-17 16:35:00,1584,25.3058,25.33,25.285,25.33,25.285,28
2023-10-17 16:36:00,1425,25.2622,25.285,25.25,25.285,25.24,31
2023-10-17 16:37:00,222,25.2546,25.255,25.255,25.255,25.255,3
2023-10-17 16:38:00,600,25.2503,25.24,25.255,25.255,25.24,13
2023-10-17 16:39:00,12750,25.2606,25.255,25.285,25.3,25.25,114
2023-10-17 16:40:00,436,25.2812,25.285,25.29,25.29,25.285,7
2023-10-17 16:41:00,210,25.2816,25.29,25.29,25.29,25.29,8
2023-10-17 16:42:00,1731,25.2911,25.295,25.295,25.295,25.295,25
2023-10-17 16:43:00,2356,25.2964,25.295,25.295,25.32,25.295,28
2023-10-17 16:44:00,306,25.295,25.295,25.295,25.295,25.295,8
2023-10-17 16:45:00,1207,25.2945,25.295,25.29,25.295,25.29,20
2023-10-17 16:46:00,114,25.29,25.29,25.29,25.29,25.29,3
2023-10-17 16:47:00,4884,25.2274,25.29,25.175,25.29,25.17,73
2023-10-17 16:48:00,574,25.175,25.175,25.175,25.175,25.175,6
2023-10-17 16:49:00,339,25.175,25.175,25.175,25.175,25.175,5
2023-10-17 16:50:00,415,25.1942,25.175,25.175,25.175,25.175,6
2023-10-17 16:51:00,1450,25.1685,25.175,25.1675,25.18,25.15,31
2023-10-17 16:52:00,508,25.1718,25.17,25.17,25.175,25.17,13
2023-10-17 16:53:00,4721,25.2356,25.175,25.295,25.31,25.175,82
2023-10-17 16:54:00,3002,25.3031,25.3,25.3,25.32,25.29,39
2023-10-17 16:55:00,2924,25.3164,25.295,25.36,25.36,25.295,39
2023-10-17 16:56:00,1336,25.3679,25.36,25.39,25.39,25.36,17
2023-10-17 16:57:00,2676,25.3431,25.38,25.29,25.38,25.29,60
2023-10-17 16:58:00,1071,25.2937,25.295,25.295,25.3,25.295,11
2023-10-17 16:59:00,660,25.276,25.27,25.28,25.28,25.27,16
2023-10-17 17:00:00,181,25.2745,25.27,25.27,25.27,25.27,4
2023-10-17 17:01:00,218,25.2674,25.28,25.25,25.28,25.25,10
2023-10-17 17:02:00,5551,25.2851,25.2628,25.32,25.32,25.2628,52
2023-10-17 17:03:00,2588,25.3364,25.3199,25.36,25.36,25.3199,42
2023-10-17 17:04:00,478,25.3536,25.36,25.345,25.36,25.345,18
2023-10-17 17:05:00,904,25.3645,25.37,25.37,25.37,25.37,28
2023-10-17 17:06:00,777,25.3624,25.36,25.36,25.36,25.36,17
2023-10-17 17:07:00,4589,25.383,25.35,25.43,25.43,25.35,106
2023-10-17 17:08:00,312,25.4304,25.43,25.43,25.43,25.43,15
2023-10-17 17:09:00,2958,25.436,25.43,25.46,25.46,25.42,66
2023-10-17 17:10:00,2003,25.4817,25.48,25.485,25.49,25.48,38
2023-10-17 17:11:00,2020,25.474,25.485,25.47,25.485,25.47,45
2023-10-17 17:12:00,737,25.4775,25.47,25.48,25.48,25.47,18
2023-10-17 17:13:00,3552,25.505,25.5,25.51,25.52,25.49,54
2023-10-17 17:14:00,3386,25.4822,25.5,25.455,25.5,25.455,79
2023-10-17 17:15:00,244,25.4699,25.46,25.46,25.46,25.46,8
2023-10-17 17:16:00,1553,25.5016,25.49,25.5,25.51,25.49,28
2023-10-17 17:17:00,500,25.4925,25.5,25.495,25.5,25.495,4
2023-10-17 17:18:00,1713,25.4817,25.48,25.49,25.5,25.48,41
2023-10-17 17:19:00,270,25.4902,25.49,25.49,25.49,25.49,7
2023-10-17 17:20:00,810,25.4902,25.49,25.49,25.49,25.49,12
2023-10-17 17:21:00,1562,25.4941,25.5,25.49,25.51,25.49,23
2023-10-17 17:22:00,2529,25.4873,25.51,25.49,25.51,25.47,53
2023-10-17 17:23:00,1670,25.4752,25.47,25.48,25.48,25.47,41
2023-10-17 17:24:00,1941,25.4792,25.48,25.47,25.48,25.47,37
2023-10-17 17:25:00,2798,25.4722,25.47,25.49,25.49,25.46,73
2023-10-17 17:26:00,3270,25.4868,25.49,25.48,25.495,25.475,67
2023-10-17 17:27:00,100,25.48,25.48,25.48,25.48,25.48,1
2023-10-17 17:28:00,240,25.4761,25.48,25.47,25.48,25.47,5
2023-10-17 17:29:00,606,25.4851,25.485,25.485,25.485,25.485,11
2023-10-17 17:30:00,4049,25.4679,25.47,25.47,25.47,25.45,84
2023-10-17 17:31:00,3522,25.4737,25.48,25.46,25.49,25.46,53
2023-10-17 17:32:00,3112,25.4625,25.46,25.48,25.48,25.445,69
2023-10-17 17:33:00,3812,25.5185,25.49,25.535,25.55,25.49,102
2023-10-17 17:34:00,390,25.55,25.55,25.55,25.55,25.55,12
2023-10-17 17:35:00,575,25.5237,25.55,25.545,25.55,25.545,8
2023-10-17 17:36:00,1370,25.5339,25.53,25.545,25.545,25.525,28
2023-10-17 17:37:00,548,25.554,25.55,25.56,25.56,25.55,20
2023-10-17 17:38:00,6049,25.552,25.57,25.53,25.57,25.53,96
2023-10-17 17:39:00,1768,25.5109,25.52,25.48,25.52,25.48,37
2023-10-17 17:40:00,463,25.4801,25.48,25.48,25.48,25.47,8
2023-10-17 17:41:00,302,25.4865,25.48,25.495,25.495,25.48,6
2023-10-17 17:42:00,470,25.4716,25.46,25.475,25.475,25.46,7
2023-10-17 17:43:00,1372,25.4379,25.475,25.43,25.475,25.42,31
2023-10-17 17:44:00,8031,25.4387,25.43,25.46,25.48,25.43,73
2023-10-17 17:45:00,13727,25.4726,25.47,25.475,25.475,25.455,26
2023-10-17 17:46:00,11376,25.4827,25.48,25.51,25.52,25.475,56
2023-10-17 17:47:00,11098,25.4975,25.5,25.485,25.515,25.485,45
2023-10-17 17:48:00,624,25.4971,25.5,25.5,25.5,25.5,15
2023-10-17 17:49:00,3918,25.5143,25.49,25.54,25.55,25.49,76
2023-10-17 17:50:00,1767,25.5543,25.55,25.57,25.58,25.55,35
2023-10-17 17:51:00,3409,25.5454,25.56,25.545,25.565,25.53,45
2023-10-17 17:52:00,2590,25.5081,25.535,25.49,25.535,25.47,54
2023-10-17 17:53:00,2907,25.4543,25.49,25.42,25.49,25.42,40
2023-10-17 17:54:00,1326,25.4342,25.41,25.46,25.46,25.41,23
2023-10-17 17:55:00,1270,25.4154,25.42,25.4,25.445,25.39,26
2023-10-17 17:56:00,837,25.3822,25.37,25.385,25.395,25.37,16
2023-10-17 17:57:00,916,25.3872,25.385,25.385,25.4,25.385,15
2023-10-17 17:58:00,2897,25.3578,25.385,25.35,25.385,25.35,53
2023-10-17 17:59:00,996,25.3882,25.35,25.355,25.38,25.34,16
2023-10-17 18:00:00,997,25.355,25.355,25.36,25.36,25.355,13
2023-10-17 18:01:00,1191,25.3672,25.355,25.38,25.38,25.355,27
2023-10-17 18:02:00,2055,25.3803,25.39,25.38,25.39,25.375,50
2023-10-17 18:03:00,3016,25.3933,25.39,25.385,25.4,25.385,58
2023-10-17 18:04:00,2389,25.3992,25.38,25.405,25.41,25.38,57
2023-10-17 18:05:00,4133,25.4142,25.41,25.4,25.43,25.4,86
2023-10-17 18:06:00,1854,25.4251,25.4,25.43,25.43,25.4,43
2023-10-17 18:07:00,373,25.4306,25.43,25.43,25.43,25.43,13
2023-10-17 18:08:00,3662,25.4483,25.43,25.45,25.455,25.43,69
2023-10-17 18:09:00,195,25.4445,25.445,25.445,25.445,25.445,6
2023-10-17 18:10:00,622,25.434,25.445,25.445,25.445,25.445,11
2023-10-17 18:11:00,1872,25.4557,25.445,25.455,25.47,25.445,45
2023-10-17 18:12:00,2127,25.462,25.46,25.47,25.47,25.455,48
2023-10-17 18:13:00,3966,25.4671,25.46,25.49,25.49,25.45,74
2023-10-17 18:14:00,582,25.4901,25.495,25.485,25.495,25.485,11
2023-10-17 18:15:00,527,25.4886,25.485,25.485,25.485,25.485,20
2023-10-17 18:16:00,971,25.4896,25.49,25.485,25.49,25.485,23
2023-10-17 18:17:00,635,25.4837,25.48,25.49,25.49,25.48,15
2023-10-17 18:18:00,1586,25.4952,25.48,25.51,25.51,25.48,36
2023-10-17 18:19:00,3745,25.5176,25.51,25.54,25.54,25.49,74
2023-10-17 18:20:00,1499,25.5478,25.55,25.55,25.55,25.5414,17
2023-10-17 18:21:00,3592,25.5416,25.55,25.55,25.55,25.54,53
2023-10-17 18:22:00,2922,25.5469,25.55,25.55,25.55,25.54,49
2023-10-17 18:23:00,1440,25.5504,25.55,25.56,25.56,25.55,25
2023-10-17 18:24:00,645,25.551,25.55,25.55,25.55,25.55,21
2023-10-17 18:25:00,2600,25.5693,25.56,25.58,25.58,25.56,70
2023-10-17 18:26:00,1936,25.5954,25.58,25.605,25.605,25.58,41
2023-10-17 18:27:00,717,25.6108,25.61,25.61,25.61,25.605,21
2023-10-17 18:28:00,4656,25.6192,25.62,25.61,25.63,25.61,98
2023-10-17 18:29:00,1386,25.6291,25.625,25.63,25.63,25.625,35
2023-10-17 18:30:00,1915,25.6496,25.64,25.655,25.665,25.64,38
2023-10-17 18:31:00,2921,25.6438,25.655,25.635,25.66,25.635,53
2023-10-17 18:32:00,3020,25.618,25.63,25.615,25.63,25.6,55
2023-10-17 18:33:00,1352,25.6031,25.605,25.6,25.61,25.6,33
2023-10-17 18:34:00,5253,25.5901,25.6,25.59,25.605,25.57,91
2023-10-17 18:35:00,521,25.5802,25.58,25.58,25.58,25.58,7
2023-10-17 18:36:00,3187,25.5674,25.59,25.565,25.59,25.56,69
2023-10-17 18:37:00,3610,25.5925,25.575,25.625,25.625,25.575,70
2023-10-17 18:38:00,1852,25.6172,25.62,25.62,25.63,25.61,37
2023-10-17 18:39:00,1038,25.6279,25.62,25.63,25.64,25.62,25
2023-10-17 18:40:00,778,25.6368,25.64,25.64,25.64,25.63,18
2023-10-17 18:41:00,3822,25.6464,25.64,25.67,25.67,25.63,86
2023-10-17 18:42:00,6135,25.6471,25.67,25.64,25.67,25.62,137
2023-10-17 18:43:00,763,25.6185,25.64,25.64,25.64,25.64,10
2023-10-17 18:44:00,1206,25.6507,25.645,25.655,25.66,25.645,25
2023-10-17 18:45:00,4393,25.6346,25.655,25.59,25.66,25.57,88
2023-10-17 18:46:00,494,25.5509,25.55,25.55,25.55,25.55,6
2023-10-17 18:47:00,1138,25.5894,25.55,25.6,25.6,25.55,23
2023-10-17 18:48:00,285,25.5957,25.6,25.595,25.6,25.595,5
2023-10-17 18:49:00,582,25.5909,25.595,25.59,25.595,25.59,10
2023-10-17 18:50:00,692,25.5894,25.61,25.585,25.61,25.585,11
2023-10-17 18:51:00,886,25.5911,25.585,25.6,25.6,25.585,16
2023-10-17 18:52:00,1859,25.5865,25.58,25.595,25.6,25.58,36
2023-10-17 18:53:00,3865,25.592,25.6,25.57,25.6,25.57,71
2023-10-17 18:54:00,2511,25.5318,25.54,25.475,25.54,25.475,44
2023-10-17 18:55:00,554,25.4789,25.48,25.48,25.48,25.475,8
2023-10-17 18:56:00,5402,25.5036,25.48,25.5,25.52,25.48,81
2023-10-17 18:57:00,866,25.5141,25.51,25.515,25.515,25.51,8
2023-10-17 18:58:00,1202,25.5047,25.515,25.5,25.52,25.5,26
2023-10-17 18:59:00,1983,25.5115,25.495,25.52,25.52,25.495,42
2023-10-17 19:00:00,3243,25.5104,25.52,25.51,25.52,25.49,60
2023-10-17 19:01:00,1512,25.515,25.52,25.52,25.52,25.51,32
2023-10-17 19:02:00,1799,25.5044,25.52,25.515,25.52,25.49,43
2023-10-17 19:03:00,3494,25.5321,25.52,25.54,25.545,25.52,68
2023-10-17 19:04:00,3691,25.5382,25.54,25.55,25.55,25.53,72
2023-10-17 19:05:00,3385,25.5552,25.55,25.545,25.57,25.54,56
2023-10-17 19:06:00,286,25.5479,25.545,25.55,25.55,25.545,8
2023-10-17 19:07:00,3154,25.5549,25.56,25.56,25.56,25.55,53
2023-10-17 19:08:00,2350,25.5749,25.57,25.59,25.59,25.57,49
2023-10-17 19:09:00,8166,25.5233,25.59,25.44,25.59,25.44,120
2023-10-17 19:10:00,3644,25.4013,25.43,25.385,25.43,25.375,32
2023-10-17 19:11:00,1744,25.3468,25.37,25.33,25.37,25.33,36
2023-10-17 19:12:00,3738,25.3801,25.36,25.375,25.4,25.36,67
2023-10-17 19:13:00,1238,25.4007,25.375,25.395,25.41,25.375,13
2023-10-17 19:14:00,4809,25.4022,25.41,25.4,25.41,25.395,57
2023-10-17 19:15:00,3790,25.4047,25.405,25.395,25.405,25.375,48
2023-10-17 19:16:00,1586,25.3928,25.39,25.4,25.4,25.38,25
2023-10-17 19:17:00,514,25.3824,25.37,25.385,25.385,25.37,8
2023-10-17 19:18:00,8609,25.306,25.385,25.245,25.385,25.235,134
2023-10-17 19:19:00,2034,25.2532,25.25,25.25,25.25,25.22,14
2023-10-17 19:20:00,5733,25.2623,25.245,25.245,25.29,25.245,77
2023-10-17 19:21:00,9134,25.2636,25.255,25.25,25.3,25.24,108
2023-10-17 19:22:00,4516,25.2478,25.25,25.25,25.26,25.235,67
2023-10-17 19:23:00,3180,25.2508,25.26,25.24,25.26,25.24,58
2023-10-17 19:24:00,2602,25.2228,25.25,25.195,25.25,25.17,38
2023-10-17 19:25:00,5103,25.2387,25.2191,25.23,25.25,25.2191,78
2023-10-17 19:26:00,2339,25.2188,25.23,25.211,25.23,25.21,43
2023-10-17 19:27:00,2891,25.2253,25.22,25.225,25.23,25.22,48
2023-10-17 19:28:00,982,25.2257,25.225,25.225,25.225,25.225,17
2023-10-17 19:29:00,4505,25.242,25.225,25.25,25.25,25.225,89
2023-10-17 19:30:00,11643,25.2504,25.25,25.243,25.27,25.221,162
2023-10-17 19:31:00,7002,25.2504,25.245,25.25,25.27,25.23,99
2023-10-17 19:32:00,1173,25.2143,25.215,25.215,25.215,25.2045,17
2023-10-17 19:33:00,3945,25.2058,25.215,25.21,25.22,25.193,72
2023-10-17 19:34:00,7653,25.2385,25.22,25.233,25.25,25.22,133
2023-10-17 19:35:00,4383,25.2348,25.23,25.235,25.25,25.215,74
2023-10-17 19:36:00,7492,25.2529,25.24,25.255,25.26,25.24,104
2023-10-17 19:37:00,5439,25.2478,25.255,25.25,25.26,25.24,89
2023-10-17 19:38:00,9019,25.2673,25.25,25.25,25.29,25.25,127
2023-10-17 19:39:00,3065,25.2478,25.255,25.24,25.255,25.24,43
2023-10-17 19:40:00,6745,25.2512,25.24,25.27,25.29,25.23,118
2023-10-17 19:41:00,4242,25.2488,25.26,25.22,25.26,25.22,85
2023-10-17 19:42:00,3591,25.221,25.235,25.21,25.235,25.19,93
2023-10-17 19:43:00,4921,25.1851,25.202,25.16,25.21,25.16,103
2023-10-17 19:44:00,3203,25.1612,25.155,25.165,25.17,25.15,88
2023-10-17 19:45:00,4623,25.1603,25.17,25.13,25.185,25.13,101
2023-10-17 19:46:00,2643,25.1446,25.135,25.16,25.16,25.135,55
2023-10-17 19:47:00,21534,25.1561,25.155,25.15,25.16,25.14,86
2023-10-17 19:48:00,6576,25.1635,25.15,25.185,25.19,25.15,142
2023-10-17 19:49:00,3525,25.1877,25.18,25.2,25.2,25.18,62
2023-10-17 19:50:00,7123,25.22,25.195,25.25,25.25,25.19,131
2023-10-17 19:51:00,19921,25.2963,25.25,25.28,25.345,25.25,202
2023-10-17 19:52:00,4832,25.3098,25.28,25.32,25.32,25.28,87
2023-10-17 19:53:00,7444,25.3405,25.311,25.35,25.36,25.311,147
2023-10-17 19:54:00,15804,25.3531,25.34,25.42,25.42,25.33,236
2023-10-17 19:55:00,18002,25.3861,25.415,25.38,25.42,25.37,202
2023-10-17 19:56:00,20089,25.3593,25.3791,25.34,25.38,25.335,264
2023-10-17 19:57:00,18627,25.3317,25.34,25.325,25.35,25.32,271
2023-10-17 19:58:00,13284,25.335,25.325,25.34,25.34,25.325,206
2023-10-17 19:59:00,43057,25.3564,25.335,25.37,25.39,25.335,671
2023-10-17 20:00:00,14707,25.3698,25.37,25.37,25.37,25.37,23
2023-10-17 20:20:00,112,25.37,25.37,25.37,25.37,25.37,1
2023-10-18 13:30:00,2630,25.0375,25.05,24.87,25.05,24.87,11
2023-10-18 13:31:00,780,25.0805,25.055,25.0999,25.0999,25.055,19
2023-10-18 13:32:00,179,25.055,25.055,25.055,25.055,25.055,7
2023-10-18 13:33:00,176,25.0875,25.1,25.1,25.1,25.1,10
2023-10-18 13:34:00,6455,24.9901,25.01,25.025,25.025,24.94,78
2023-10-18 13:36:00,5060,24.9951,25.015,25.02,25.02,24.94,52
2023-10-18 13:38:00,478,24.9815,24.985,24.97,24.985,24.97,29
2023-10-18 13:39:00,1312,25.0642,24.96,25.1,25.1,24.96,35
2023-10-18 13:40:00,643,25.081,25.11,25.09,25.11,25.09,20
2023-10-18 13:41:00,1989,25.085,25.135,25.03,25.135,25.03,12
2023-10-18 13:42:00,391,25.0695,25.075,25.075,25.075,25.075,16
2023-10-18 13:43:00,1019,25.0512,25.06,25.05,25.06,25.05,22
2023-10-18 13:44:00,1930,25.0901,25.065,25.09,25.11,25.065,52
2023-10-18 13:45:00,953,25.1041,25.09,25.15,25.15,25.08,19
2023-10-18 13:46:00,2275,25.0828,25.07,25.14,25.14,25.07,17
2023-10-18 13:47:00,6016,25.0235,25.09,25.01,25.1,24.99,94
2023-10-18 13:48:00,3755,24.9835,24.97,25.01,25.02,24.95,51
2023-10-18 13:50:00,7369,24.9844,24.96,24.99,25.07,24.95,59
2023-10-18 13:51:00,3398,24.9618,24.99,24.93,24.995,24.92,82
2023-10-18 13:52:00,100,24.93,24.93,24.93,24.93,24.93,1
2023-10-18 13:53:00,509,24.8805,24.87,24.9,24.9,24.87,16
2023-10-18 13:54:00,422,24.8644,24.87,24.86,24.88,24.86,12
2023-10-18 13:55:00,1096,24.8692,24.85,24.92,24.92,24.85,27
2023-10-18 13:56:00,1278,24.9746,24.925,25.01,25.01,24.92,35
2023-10-18 13:57:00,438,24.9791,25.01,24.98,25.01,24.96,9
2023-10-18 13:58:00,3351,24.946,24.96,24.91,24.99,24.89,78
2023-10-18 13:59:00,1451,24.96,24.905,24.985,24.985,24.905,37
2023-10-18 14:00:00,24103,24.9623,25.01,24.955,25.03,24.95,102
2023-10-18 14:01:00,18567,24.9597,24.955,25.03,25.03,24.94,99
2023-10-18 14:02:00,124,25.0824,25.08,25.08,25.08,25.08,4
2023-10-18 14:03:00,2361,25.1702,25.13,25.19,25.19,25.13,71
2023-10-18 14:04:00,2330,25.2284,25.24,25.26,25.26,25.22,51
2023-10-18 14:05:00,3017,25.2786,25.27,25.28,25.28,25.255,36
2023-10-18 14:06:00,1734,25.2795,25.29,25.31,25.31,25.29,59
2023-10-18 14:07:00,1683,25.3707,25.33,25.41,25.41,25.33,59
2023-10-18 14:08:00,2876,25.3642,25.37,25.33,25.385,25.33,71
2023-10-18 14:09:00,3660,25.3007,25.34,25.25,25.34,25.23,72
2023-10-18 14:10:00,322,25.2149,25.2104,25.225,25.225,25.2104,6
2023-10-18 14:11:00,615,25.2156,25.21,25.21,25.21,25.21,45
2023-10-18 14:12:00,1133,25.1798,25.19,25.17,25.19,25.15,45
2023-10-18 14:13:00,844,25.1535,25.14,25.14,25.14,25.14,34
2023-10-18 14:14:00,318,25.1609,25.155,25.155,25.155,25.155,15
2023-10-18 14:15:00,1837,25.215,25.18,25.22,25.23,25.18,64
2023-10-18 14:16:00,1124,25.2545,25.23,25.2675,25.2675,25.23,35
2023-10-18 14:17:00,205,25.2846,25.29,25.29,25.29,25.29,7
2023-10-18 14:18:00,913,25.2599,25.27,25.25,25.27,25.25,21
2023-10-18 14:19:00,4522,25.3332,25.265,25.4,25.4,25.265,125
2023-10-18 14:20:00,886,25.4696,25.45,25.49,25.49,25.44,17
2023-10-18 14:21:00,1075,25.4317,25.445,25.43,25.445,25.41,26
2023-10-18 14:22:00,1095,25.4249,25.41,25.45,25.45,25.41,16
2023-10-18 14:23:00,585,25.4541,25.45,25.45,25.45,25.45,23
2023-10-18 14:24:00,1141,25.5032,25.48,25.54,25.54,25.48,38
2023-10-18 14:25:00,166,25.525,25.525,25.525,25.525,25.525,8
2023-10-18 14:26:00,1164,25.4988,25.5,25.495,25.5,25.495,22
2023-10-18 14:27:00,100,25.495,25.495,25.495,25.495,25.495,1
2023-10-18 14:28:00,307,25.4816,25.52,25.52,25.52,25.52,9
2023-10-18 14:29:00,3278,25.4406,25.47,25.39,25.47,25.39,71
2023-10-18 14:30:00,1227,25.3696,25.35,25.4,25.4,25.35,30
2023-10-18 14:31:00,1616,25.403,25.39,25.4,25.43,25.39,33
2023-10-18 14:32:00,102,25.41,25.41,25.41,25.41,25.41,2
2023-10-18 14:33:00,2681,25.3597,25.41,25.33,25.41,25.33,59
2023-10-18 14:34:00,1190,25.3072,25.32,25.25,25.32,25.25,19
2023-10-18 14:35:00,605,25.2359,25.25,25.23,25.25,25.23,16
2023-10-18 14:36:00,100,25.215,25.215,25.215,25.215,25.215,1
2023-10-18 14:37:00,1486,25.1953,25.215,25.195,25.215,25.16,8
2023-10-18 14:38:00,1355,25.1981,25.18,25.2,25.21,25.18,39
2023-10-18 14:39:00,1058,25.2331,25.21,25.25,25.25,25.21,36
2023-10-18 14:40:00,1855,25.192,25.21,25.17,25.237,25.17,34
2023-10-18 14:41:00,202,25.185,25.185,25.185,25.185,25.185,3
2023-10-18 14:43:00,111,25.1889,25.19,25.19,25.19,25.19,7
2023-10-18 14:45:00,738,25.2119,25.19,25.205,25.23,25.19,29
2023-10-18 14:46:00,1094,25.1831,25.19,25.19,25.19,25.19,28
2023-10-18 14:47:00,1429,25.1417,25.16,25.12,25.16,25.12,21
2023-10-18 14:48:00,1457,25.0851,25.1,25.085,25.1,25.075,36
2023-10-18 14:50:00,523,25.0698,25.07,25.07,25.07,25.07,7
2023-10-18 14:51:00,405,25.0462,25.05,25.05,25.05,25.05,25
2023-10-18 14:52:00,120,25.0395,25.04,25.04,25.04,25.04,8
2023-10-18 14:53:00,907,25.0195,25.02,25.02,25.02,25.01,25
2023-10-18 14:54:00,2407,24.9563,24.99,24.93,24.99,24.93,49
2023-10-18 14:55:00,1197,24.9331,24.935,24.935,24.935,24.935,17
2023-10-18 14:56:00,2162,24.9642,24.935,24.98,24.98,24.935,54
2023-10-18 14:57:00,2670,24.9968,24.965,25.01,25.03,24.965,69
2023-10-18 14:58:00,485,25.0027,25.0,25.0,25.01,25.0,18
2023-10-18 14:59:00,1721,25.039,25.03,25.05,25.05,25.03,53
2023-10-18 15:00:00,1373,25.0551,25.045,25.055,25.06,25.045,34
2023-10-18 15:01:00,738,25.0555,25.04,25.07,25.07,25.04,24
2023-10-18 15:02:00,220,25.0703,25.07,25.07,25.07,25.07,17
2023-10-18 15:03:00,1225,25.0836,25.08,25.09,25.09,25.08,28
2023-10-18 15:04:00,505,25.088,25.085,25.09,25.09,25.085,11
2023-10-18 15:05:00,317,25.0738,25.0599,25.08,25.08,25.0599,16
2023-10-18 15:06:00,571,25.054,25.05,25.06,25.06,25.05,23
2023-10-18 15:07:00,909,25.038,25.055,25.025,25.055,25.025,30
2023-10-18 15:08:00,458,25.0133,25.01,25.01,25.01,25.01,14
2023-10-18 15:10:00,463,25.0096,25.015,25.015,25.015,24.99,8
2023-10-18 15:11:00,400,25.01,25.015,25.0,25.015,25.0,4
2023-10-18 15:12:00,2388,24.9958,24.99,25.01,25.01,24.98,63
2023-10-18 15:13:00,714,25.0397,25.03,25.05,25.05,25.03,19
2023-10-18 15:14:00,110,25.0671,25.068,25.068,25.068,25.068,5
2023-10-18 15:15:00,1165,25.0849,25.0785,25.13,25.13,25.0785,26
2023-10-18 15:17:00,255,25.1237,25.1275,25.1275,25.1275,25.1275,5
2023-10-18 15:18:00,1465,25.1272,25.13,25.14,25.14,25.115,39
2023-10-18 15:19:00,1371,25.1406,25.14,25.15,25.16,25.13,33
2023-10-18 15:20:00,783,25.1597,25.16,25.17,25.17,25.15,21
2023-10-18 15:21:00,414,25.1672,25.17,25.17,25.17,25.16,15
2023-10-18 15:22:00,818,25.1455,25.14,25.14,25.1525,25.14,26
2023-10-18 15:23:00,670,25.1345,25.13,25.13,25.13,25.13,22
2023-10-18 15:24:00,2299,25.086,25.13,25.07,25.13,25.07,47
2023-10-18 15:25:00,1439,25.1226,25.089,25.15,25.15,25.089,36
2023-10-18 15:26:00,1781,25.1914,25.17,25.15,25.22,25.15,49
2023-10-18 15:27:00,492,25.1403,25.14,25.14,25.14,25.14,14
2023-10-18 15:28:00,353,25.1206,25.12,25.12,25.12,25.12,15
2023-10-18 15:29:00,1156,25.0995,25.11,25.1,25.11,25.1,30
2023-10-18 15:30:00,543,25.1011,25.115,25.09,25.115,25.09,11
2023-10-18 15:31:00,319,25.0754,25.09,25.07,25.09,25.07,9
2023-10-18 15:32:00,136,25.0741,25.0799,25.0799,25.0799,25.0799,11
2023-10-18 15:34:00,1164,25.0568,25.055,25.055,25.055,25.055,12
2023-10-18 15:35:00,3337,25.0896,25.06,25.07,25.11,25.06,65
2023-10-18 15:36:00,762,25.0433,25.06,25.03,25.06,25.03,11
2023-10-18 15:37:00,479,25.0508,25.05,25.05,25.05,25.05,6
2023-10-18 15:39:00,666,25.0298,25.05,25.02,25.05,25.02,15
2023-10-18 15:40:00,697,25.022,25.01,25.0361,25.0361,25.01,12
2023-10-18 15:42:00,313,24.995,24.995,24.995,24.995,24.995,6
2023-10-18 15:43:00,455,24.9873,25.0147,24.97,25.0147,24.97,10
2023-10-18 15:44:00,460,24.9522,24.95,24.95,24.95,24.95,19
2023-10-18 15:45:00,1171,24.9229,24.93,24.925,24.94,24.89,15
2023-10-18 15:46:00,100,24.91,24.91,24.91,24.91,24.91,1
2023-10-18 15:49:00,252,24.9111,24.92,24.92,24.92,24.92,10
2023-10-18 15:50:00,343,24.9161,24.915,24.915,24.915,24.915,6
2023-10-18 15:52:00,418,24.8998,24.88,24.89,24.89,24.88,16
2023-10-18 15:53:00,700,24.9322,24.91,24.94,24.94,24.91,23
2023-10-18 15:54:00,226,24.929,24.93,24.93,24.93,24.93,8
2023-10-18 15:55:00,2353,24.9611,24.95,24.98,24.98,24.95,53
2023-10-18 15:56:00,404,24.9641,24.965,24.965,24.965,24.965,6
2023-10-18 15:57:00,1364,24.9736,24.98,24.97,24.98,24.97,27
2023-10-18 15:58:00,835,24.9462,24.95,24.94,24.95,24.94,20
2023-10-18 15:59:00,111,24.9335,24.935,24.935,24.935,24.935,6
2023-10-18 16:00:00,157,24.9367,24.935,24.935,24.935,24.935,4
2023-10-18 16:01:00,1432,24.93,24.93,24.93,24.94,24.93,16
2023-10-18 16:02:00,2771,24.9159,24.93,24.91,24.935,24.9,43
2023-10-18 16:03:00,408,24.8993,24.91,24.91,24.91,24.91,17
2023-10-18 16:04:00,2774,24.9068,24.88,24.945,24.945,24.88,62
2023-10-18 16:05:00,1026,24.9134,24.945,24.89,24.945,24.89,20
2023-10-18 16:06:00,323,24.8729,24.88,24.875,24.88,24.875,11
2023-10-18 16:07:00,106,24.8717,24.87,24.87,24.87,24.87,2
2023-10-18 16:11:00,467,24.9221,24.92,24.92,24.92,24.92,8
2023-10-18 16:12:00,301,24.9147,24.92,24.92,24.92,24.92,6
2023-10-18 16:13:00,1332,24.9052,24.915,24.92,24.92,24.915,37
2023-10-18 16:14:00,230,24.9129,24.915,24.915,24.915,24.915,5
2023-10-18 16:15:00,365,24.9104,24.89,24.915,24.915,24.89,5
2023-10-18 16:17:00,2108,24.9661,24.95,24.98,24.99,24.94,32
2023-10-18 16:18:00,229,24.9754,24.98,24.975,24.98,24.975,4
2023-10-18 16:19:00,617,24.9929,24.98,25.008,25.008,24.98,19
2023-10-18 16:21:00,1725,24.9739,24.99,24.96,24.99,24.96,24
2023-10-18 16:22:00,491,24.9762,24.978,24.98,24.98,24.978,8
2023-10-18 16:23:00,430,24.9875,25.0,25.0075,25.0075,25.0,9
2023-10-18 16:24:00,863,24.9991,25.0,25.01,25.01,24.99,19
2023-10-18 16:25:00,2072,25.0282,25.01,25.05,25.05,25.0,54
2023-10-18 16:26:00,476,25.0604,25.065,25.06,25.065,25.06,10
2023-10-18 16:28:00,2848,25.0355,25.04,25.02,25.06,25.01,43
2023-10-18 16:29:00,225,25.029,25.03,25.03,25.03,25.03,5
2023-10-18 16:30:00,367,25.0305,25.0,25.0475,25.0475,25.0,5
2023-10-18 16:32:00,950,25.0359,25.03,25.025,25.05,25.025,19
2023-10-18 16:33:00,712,25.024,25.025,25.03,25.03,25.01,16
2023-10-18 16:35:00,1885,25.0497,25.03,25.07,25.07,25.03,47
2023-10-18 16:36:00,1034,25.0705,25.07,25.07,25.08,25.07,30
2023-10-18 16:37:00,660,25.074,25.07,25.07,25.07,25.07,16
2023-10-18 16:38:00,624,25.051,25.05,25.05,25.05,25.05,19
2023-10-18 16:39:00,1561,25.0331,25.045,25.03,25.045,25.025,30
2023-10-18 16:42:00,1704,25.0439,25.04,25.08,25.08,25.03,37
2023-10-18 16:43:00,612,25.0643,25.07,25.065,25.08,25.065,12
2023-10-18 16:44:00,478,25.0684,25.065,25.065,25.065,25.065,6
2023-10-18 16:46:00,1184,25.0408,25.065,25.04,25.065,25.03,29
2023-10-18 16:47:00,682,25.028,25.03,25.02,25.03,25.02,16
2023-10-18 16:48:00,760,25.0182,25.02,25.02,25.02,25.02,20
2023-10-18 16:49:00,533,24.9932,24.99,24.985,25.0,24.985,11
2023-10-18 16:50:00,354,24.985,24.985,24.985,24.985,24.985,4
2023-10-18 16:53:00,328,24.9755,24.98,24.98,24.98,24.98,7
2023-10-18 16:54:00,516,24.9849,24.98,24.9975,24.9975,24.95,9
2023-10-18 16:55:00,102,24.98,24.98,24.98,24.98,24.98,2
2023-10-18 16:56:00,400,24.9952,24.98,24.98,24.98,24.98,4
2023-10-18 16:57:00,208,24.9874,24.985,24.99,24.99,24.985,9
2023-10-18 16:59:00,608,24.9968,25.01,24.985,25.01,24.985,16
2023-10-18 17:00:00,3051,24.9559,24.985,24.96,24.985,24.94,61
2023-10-18 17:01:00,3338,24.999,24.97,25.05,25.05,24.96,69
2023-10-18 17:02:00,994,25.0616,25.0585,25.07,25.07,25.05,33
2023-10-18 17:03:00,881,25.0784,25.07,25.07,25.07,25.07,25
2023-10-18 17:04:00,514,25.1166,25.11,25.13,25.13,25.11,18
2023-10-18 17:05:00,1612,25.1582,25.195,25.16,25.195,25.145,38
2023-10-18 17:06:00,307,25.1303,25.18,25.18,25.18,25.18,3
2023-10-18 17:07:00,621,25.146,25.155,25.15,25.155,25.14,17
2023-10-18 17:08:00,1419,25.1564,25.13,25.16,25.16,25.13,33
2023-10-18 17:10:00,351,25.1666,25.16,25.18,25.18,25.16,5
2023-10-18 17:11:00,1097,25.1805,25.16,25.19,25.19,25.16,28
2023-10-18 17:12:00,879,25.2056,25.2,25.2,25.21,25.2,15
2023-10-18 17:13:00,212,25.2163,25.22,25.22,25.22,25.22,6
2023-10-18 17:14:00,593,25.2158,25.21,25.22,25.22,25.21,14
2023-10-18 17:15:00,2651,25.1966,25.2,25.185,25.22,25.17,48
2023-10-18 17:16:00,251,25.1869,25.17,25.2,25.2,25.17,4
2023-10-18 17:17:00,153,25.202,25.2,25.2,25.2,25.2,4
2023-10-18 17:18:00,490,25.1872,25.19,25.19,25.19,25.19,7
2023-10-18 17:19:00,391,25.1998,25.19,25.21,25.21,25.19,10
2023-10-18 17:20:00,1138,25.2343,25.21,25.25,25.2585,25.21,40
2023-10-18 17:21:00,2968,25.2403,25.25,25.24,25.265,25.23,49
2023-10-18 17:22:00,378,25.2119,25.21,25.2,25.21,25.2,8
2023-10-18 17:23:00,891,25.1956,25.2,25.2,25.2,25.19,18
2023-10-18 17:24:00,568,25.1856,25.18,25.19,25.19,25.18,13
2023-10-18 17:25:00,631,25.2032,25.199,25.199,25.199,25.199,23
2023-10-18 17:26:00,310,25.2132,25.205,25.205,25.205,25.205,18
2023-10-18 17:28:00,1486,25.2182,25.21,25.23,25.23,25.21,33
2023-10-18 17:29:00,479,25.2233,25.23,25.23,25.23,25.23,30
2023-10-18 17:30:00,1591,25.2118,25.21,25.215,25.215,25.21,34
2023-10-18 17:31:00,738,25.2048,25.215,25.21,25.215,25.2,12
2023-10-18 17:33:00,934,25.2003,25.21,25.2,25.21,25.19,22
2023-10-18 17:34:00,712,25.2093,25.22,25.205,25.22,25.2,25
2023-10-18 17:35:00,1100,25.2146,25.205,25.215,25.23,25.205,24
2023-10-18 17:36:00,799,25.1988,25.2,25.19,25.205,25.19,20
2023-10-18 17:37:00,3827,25.1575,25.18,25.17,25.18,25.14,71
2023-10-18 17:38:00,145,25.1654,25.165,25.165,25.165,25.165,6
2023-10-18 17:39:00,947,25.1462,25.15,25.145,25.15,25.14,15
2023-10-18 17:40:00,920,25.149,25.15,25.15,25.15,25.15,21
2023-10-18 17:41:00,1473,25.1731,25.17,25.18,25.18,25.17,38
2023-10-18 17:43:00,218,25.1754,25.18,25.17,25.18,25.17,4
2023-10-18 17:44:00,259,25.1844,25.19,25.19,25.19,25.19,10
2023-10-18 17:45:00,598,25.1896,25.19,25.19,25.19,25.19,16
2023-10-18 17:47:00,325,25.1849,25.19,25.19,25.19,25.19,15
2023-10-18 17:48:00,1688,25.1988,25.175,25.218,25.218,25.175,42
2023-10-18 17:49:00,820,25.2202,25.22,25.23,25.23,25.21,18
2023-10-18 17:50:00,3098,25.2144,25.238,25.23,25.238,25.2,43
2023-10-18 17:51:00,1906,25.1964,25.2,25.18,25.2,25.18,31
2023-10-18 17:53:00,218,25.1986,25.19,25.205,25.205,25.19,6
2023-10-18 17:54:00,201,25.2325,25.2275,25.2375,25.2375,25.2275,3
2023-10-18 17:55:00,2078,25.2358,25.24,25.26,25.26,25.23,45
2023-10-18 17:56:00,3132,25.3005,25.27,25.315,25.33,25.27,61
2023-10-18 17:57:00,1271,25.339,25.34,25.345,25.35,25.34,28
2023-10-18 17:58:00,525,25.3791,25.38,25.38,25.38,25.38,12
2023-10-18 17:59:00,2024,25.4006,25.38,25.39,25.41,25.38,20
2023-10-18 18:00:00,1257,25.4099,25.41,25.4,25.415,25.395,29
2023-10-18 18:01:00,572,25.4316,25.43,25.43,25.43,25.425,17
2023-10-18 18:02:00,2348,25.3799,25.4,25.38,25.4,25.36,48
2023-10-18 18:03:00,266,25.3938,25.41,25.41,25.41,25.41,10
2023-10-18 18:04:00,781,25.4126,25.4175,25.405,25.4175,25.405,18
2023-10-18 18:05:00,3663,25.4092,25.41,25.42,25.42,25.41,86
2023-10-18 18:06:00,983,25.3633,25.385,25.34,25.385,25.34,21
2023-10-18 18:07:00,1277,25.3557,25.35,25.37,25.37,25.35,25
2023-10-18 18:08:00,1089,25.3989,25.39,25.41,25.42,25.39,25
2023-10-18 18:09:00,701,25.4018,25.41,25.4,25.41,25.39,12
2023-10-18 18:10:00,1282,25.3955,25.39,25.41,25.41,25.39,26
2023-10-18 18:11:00,2528,25.4163,25.415,25.405,25.42,25.4,27
2023-10-18 18:12:00,590,25.4215,25.41,25.428,25.428,25.41,15
2023-10-18 18:13:00,406,25.4152,25.41,25.41,25.41,25.41,13
2023-10-18 18:14:00,1965,25.4011,25.4,25.42,25.42,25.39,39
2023-10-18 18:15:00,523,25.4153,25.42,25.405,25.42,25.405,19
2023-10-18 18:16:00,2244,25.3807,25.405,25.37,25.41,25.37,57
2023-10-18 18:17:00,901,25.3727,25.36,25.36,25.36,25.36,19
2023-10-18 18:18:00,451,25.3477,25.365,25.34,25.365,25.34,16
2023-10-18 18:19:00,603,25.3526,25.345,25.36,25.36,25.345,18
2023-10-18 18:20:00,752,25.3322,25.33,25.335,25.335,25.33,18
2023-10-18 18:21:00,992,25.3394,25.35,25.335,25.35,25.335,14
2023-10-18 18:22:00,1335,25.3302,25.32,25.335,25.335,25.32,18
2023-10-18 18:23:00,984,25.339,25.335,25.35,25.35,25.33,30
2023-10-18 18:24:00,1948,25.3162,25.33,25.28,25.33,25.28,38
2023-10-18 18:25:00,622,25.2591,25.26,25.25,25.265,25.25,9
2023-10-18 18:26:00,1730,25.2757,25.26,25.2694,25.27,25.26,28
2023-10-18 18:27:00,331,25.2694,25.27,25.27,25.27,25.27,6
2023-10-18 18:28:00,1274,25.2833,25.28,25.29,25.29,25.27,30
2023-10-18 18:29:00,2248,25.3127,25.3,25.325,25.33,25.3,52
2023-10-18 18:30:00,1320,25.3346,25.325,25.35,25.35,25.325,27
2023-10-18 18:31:00,2330,25.3445,25.345,25.36,25.36,25.34,27
2023-10-18 18:32:00,993,25.3364,25.33,25.34,25.34,25.33,32
2023-10-18 18:33:00,1908,25.318,25.32,25.32,25.32,25.3,46
2023-10-18 18:34:00,1049,25.3421,25.33,25.36,25.36,25.33,21
2023-10-18 18:35:00,485,25.361,25.35,25.3675,25.3675,25.35,12
2023-10-18 18:36:00,534,25.3422,25.345,25.34,25.345,25.34,13
2023-10-18 18:37:00,647,25.3398,25.34,25.34,25.34,25.34,13
2023-10-18 18:39:00,2448,25.3216,25.33,25.32,25.34,25.31,56
2023-10-18 18:40:00,768,25.3308,25.34,25.33,25.34,25.325,9
2023-10-18 18:41:00,478,25.3262,25.325,25.33,25.33,25.325,13
2023-10-18 18:42:00,4135,25.3083,25.33,25.28,25.33,25.27,58
2023-10-18 18:43:00,1491,25.2664,25.269,25.26,25.27,25.26,28
2023-10-18 18:44:00,1376,25.2708,25.27,25.28,25.28,25.26,29
2023-10-18 18:45:00,2995,25.2945,25.29,25.31,25.31,25.28,53
2023-10-18 18:46:00,473,25.3121,25.305,25.305,25.32,25.305,9
2023-10-18 18:47:00,795,25.2977,25.29,25.3,25.31,25.29,17
2023-10-18 18:48:00,709,25.3105,25.295,25.31,25.32,25.295,10
2023-10-18 18:49:00,3423,25.2562,25.29,25.21,25.29,25.21,48
2023-10-18 18:50:00,650,25.199,25.21,25.19,25.21,25.19,11
2023-10-18 18:51:00,1454,25.1806,25.199,25.18,25.199,25.175,43
2023-10-18 18:52:00,2382,25.1882,25.18,25.21,25.21,25.18,41
2023-10-18 18:53:00,834,25.1845,25.195,25.18,25.195,25.18,19
2023-10-18 18:54:00,1223,25.1554,25.185,25.14,25.185,25.14,34
2023-10-18 18:55:00,323,25.1405,25.148,25.148,25.148,25.148,14
2023-10-18 18:56:00,2749,25.1523,25.13,25.175,25.18,25.13,59
2023-10-18 18:57:00,821,25.1757,25.175,25.1885,25.19,25.17,14
2023-10-18 18:58:00,370,25.1868,25.19,25.19,25.19,25.19,12
2023-10-18 18:59:00,365,25.1897,25.19,25.19,25.19,25.19,9
2023-10-18 19:00:00,1329,25.1717,25.175,25.175,25.175,25.175,19
2023-10-18 19:01:00,1352,25.1614,25.18,25.16,25.18,25.15,23
2023-10-18 19:02:00,420,25.1746,25.18,25.18,25.18,25.18,17
2023-10-18 19:03:00,2213,25.1845,25.17,25.2,25.21,25.17,56
2023-10-18 19:04:00,959,25.2163,25.21,25.225,25.225,25.21,26
2023-10-18 19:05:00,528,25.2277,25.225,25.2385,25.2385,25.225,9
2023-10-18 19:06:00,1575,25.2049,25.23,25.18,25.23,25.18,39
2023-10-18 19:07:00,1647,25.1744,25.19,25.165,25.19,25.165,36
2023-10-18 19:08:00,1710,25.1849,25.17,25.19,25.2,25.17,34
2023-10-18 19:09:00,492,25.1948,25.185,25.2,25.2,25.185,7
2023-10-18 19:10:00,1466,25.198,25.2,25.2,25.2,25.2,45
2023-10-18 19:11:00,2019,25.2011,25.21,25.19,25.21,25.19,34
2023-10-18 19:12:00,482,25.1964,25.195,25.2,25.2,25.195,15
2023-10-18 19:13:00,1070,25.2104,25.21,25.22,25.22,25.21,35
2023-10-18 19:14:00,585,25.2158,25.22,25.22,25.22,25.22,17
2023-10-18 19:15:00,1544,25.2063,25.21,25.2,25.21,25.2,42
2023-10-18 19:16:00,2231,25.1924,25.205,25.19,25.21,25.18,39
2023-10-18 19:17:00,976,25.1985,25.19,25.21,25.21,25.19,21
2023-10-18 19:18:00,418,25.2015,25.195,25.195,25.2085,25.195,4
2023-10-18 19:19:00,316,25.2016,25.21,25.19,25.21,25.19,9
2023-10-18 19:20:00,1959,25.1989,25.195,25.195,25.2,25.195,24
2023-10-18 19:21:00,1007,25.1842,25.18,25.19,25.19,25.18,21
2023-10-18 19:22:00,2525,25.205,25.2,25.21,25.21,25.2,58
2023-10-18 19:23:00,551,25.2094,25.21,25.21,25.21,25.21,10
2023-10-18 19:24:00,473,25.21,25.21,25.21,25.21,25.21,11
2023-10-18 19:25:00,4153,25.1979,25.21,25.19,25.21,25.19,63
2023-10-18 19:26:00,163,25.1794,25.18,25.18,25.18,25.18,8
2023-10-18 19:27:00,379,25.1805,25.17,25.19,25.19,25.17,8
2023-10-18 19:28:00,326,25.183,25.19,25.19,25.19,25.19,14
2023-10-18 19:29:00,6188,25.1945,25.18,25.16,25.21,25.16,109
2023-10-18 19:30:00,2354,25.1565,25.15,25.17,25.17,25.15,52
2023-10-18 19:31:00,1700,25.1818,25.17,25.16,25.179,25.16,12
2023-10-18 19:32:00,2741,25.1528,25.16,25.15,25.165,25.15,61
2023-10-18 19:33:00,1486,25.1612,25.15,25.17,25.17,25.15,31
2023-10-18 19:34:00,873,25.1671,25.165,25.18,25.18,25.16,10
2023-10-18 19:35:00,3334,25.1459,25.165,25.14,25.165,25.14,64
2023-10-18 19:36:00,677,25.129,25.13,25.12,25.13,25.12,19
2023-10-18 19:37:00,1065,25.1309,25.13,25.13,25.14,25.12,14
2023-10-18 19:38:00,2325,25.1232,25.13,25.12,25.13,25.12,42
2023-10-18 19:39:00,4662,25.1284,25.12,25.135,25.14,25.115,86
2023-10-18 19:40:00,1488,25.1317,25.135,25.135,25.135,25.13,35
2023-10-18 19:41:00,5431,25.1216,25.13,25.1,25.13,25.1,89
2023-10-18 19:42:00,2166,25.0765,25.1,25.06,25.1,25.06,37
2023-10-18 19:43:00,2237,25.0465,25.07,25.04,25.07,25.04,55
2023-10-18 19:44:00,1881,25.0317,25.04,25.025,25.04,25.025,47
2023-10-18 19:45:00,2954,24.9958,25.02,24.983,25.02,24.98,80
2023-10-18 19:46:00,4474,25.0055,24.98,25.025,25.025,24.98,102
2023-10-18 19:47:00,1684,25.0297,25.025,25.025,25.04,25.025,31
2023-10-18 19:48:00,5278,25.0434,25.04,25.08,25.08,25.01,133
2023-10-18 19:49:00,5683,25.0504,25.06,25.035,25.07,25.035,82
2023-10-18 19:50:00,7533,25.0309,25.02,25.0797,25.0797,25.0,108
2023-10-18 19:51:00,4912,25.0457,25.065,25.06,25.065,25.06,41
2023-10-18 19:52:00,8871,25.0492,25.07,25.04,25.07,25.04,146
2023-10-18 19:53:00,6834,25.0194,25.02,25.025,25.025,25.01,113
2023-10-18 19:54:00,9665,25.0128,25.025,25.04,25.04,24.99,161
2023-10-18 19:55:00,21440,25.113,25.05,25.125,25.16,25.04,246
2023-10-18 19:56:00,10928,25.1069,25.125,25.1,25.125,25.095,141
2023-10-18 19:57:00,13600,25.0806,25.09,25.085,25.095,25.06,161
2023-10-18 19:58:00,6690,25.0867,25.085,25.08,25.09,25.08,108
2023-10-18 19:59:00,29779,25.098,25.09,25.07,25.12,25.07,458
2023-10-18 20:00:00,9046,25.1,25.1,25.1,25.1,25.1,17
2023-10-19 13:30:00,6799,25.11,25.11,25.11,25.11,25.11,2
2023-10-19 13:31:00,175,24.9139,24.88,24.88,24.88,24.88,5
2023-10-19 13:38:00,513,24.8736,24.87,24.945,24.945,24.81,8
2023-10-19 13:40:00,4343,24.9262,24.865,24.925,24.99,24.865,126
2023-10-19 13:41:00,795,24.8501,24.885,24.83,24.885,24.83,23
2023-10-19 13:43:00,964,24.7419,24.77,24.72,24.77,24.7,26
2023-10-19 13:44:00,228,24.7211,24.74,24.7,24.74,24.7,8
2023-10-19 13:45:00,554,24.7833,24.78,24.79,24.79,24.78,20
2023-10-19 13:47:00,503,24.7142,24.71,24.71,24.71,24.71,19
2023-10-19 13:48:00,1264,24.6524,24.71,24.6,24.71,24.59,28
2023-10-19 13:49:00,1203,24.6075,24.61,24.6,24.655,24.6,16
2023-10-19 13:50:00,1902,24.5622,24.6,24.535,24.6,24.535,37
2023-10-19 13:51:00,1245,24.572,24.58,24.56,24.59,24.56,47
2023-10-19 13:52:00,1593,24.5535,24.52,24.59,24.59,24.52,40
2023-10-19 13:53:00,2009,24.6202,24.63,24.57,24.64,24.57,62
2023-10-19 13:54:00,206,24.5533,24.565,24.565,24.565,24.565,9
2023-10-19 13:55:00,368,24.5999,24.61,24.61,24.61,24.61,14
2023-10-19 13:56:00,432,24.5738,24.57,24.58,24.58,24.57,6
2023-10-19 13:57:00,582,24.6082,24.617,24.6,24.617,24.6,18
2023-10-19 13:58:00,437,24.5815,24.58,24.585,24.585,24.58,9
2023-10-19 14:00:00,776,24.6429,24.64,24.62,24.64,24.62,30
2023-10-19 14:01:00,675,24.6503,24.66,24.64,24.66,24.64,15
2023-10-19 14:02:00,236,24.6247,24.61,24.61,24.61,24.61,8
2023-10-19 14:03:00,1013,24.6025,24.61,24.58,24.615,24.58,26
2023-10-19 14:04:00,1832,24.6534,24.63,24.69,24.69,24.63,59
2023-10-19 14:06:00,1383,24.7171,24.69,24.73,24.73,24.69,37
2023-10-19 14:07:00,848,24.7473,24.75,24.74,24.75,24.74,27
2023-10-19 14:08:00,4470,24.8161,24.77,24.79,24.85,24.77,96
2023-10-19 14:09:00,590,24.8001,24.8,24.8,24.8,24.8,14
2023-10-19 14:11:00,322,24.8189,24.83,24.8,24.83,24.8,13
2023-10-19 14:12:00,514,24.8368,24.825,24.84,24.84,24.825,18
2023-10-19 14:13:00,140,24.8492,24.85,24.85,24.85,24.85,9
2023-10-19 14:14:00,757,24.8839,24.87,24.89,24.89,24.87,29
2023-10-19 14:15:00,211,24.8714,24.87,24.875,24.875,24.87,7
2023-10-19 14:16:00,428,24.8385,24.84,24.84,24.84,24.84,10
2023-10-19 14:17:00,513,24.8047,24.8,24.8,24.8,24.8,13
2023-10-19 14:18:00,1448,24.7933,24.78,24.82,24.82,24.78,30
2023-10-19 14:19:00,616,24.7919,24.79,24.795,24.795,24.79,10
2023-10-19 14:21:00,719,24.7921,24.78,24.8,24.8,24.78,20
2023-10-19 14:22:00,113,24.793,24.795,24.795,24.795,24.795,7
2023-10-19 14:23:00,728,24.8136,24.795,24.82,24.82,24.795,31
2023-10-19 14:24:00,1397,24.8067,24.82,24.8,24.82,24.79,30
2023-10-19 14:26:00,582,24.8015,24.8,24.8,24.8,24.8,17
2023-10-19 14:27:00,526,24.7747,24.77,24.77,24.77,24.77,16
2023-10-19 14:28:00,275,24.7458,24.75,24.75,24.75,24.75,15
2023-10-19 14:29:00,632,24.7127,24.67,24.62,24.67,24.62,20
2023-10-19 14:31:00,1146,24.5855,24.57,24.6,24.61,24.57,21
2023-10-19 14:32:00,260,24.5698,24.57,24.57,24.57,24.57,11
2023-10-19 14:33:00,324,24.5716,24.54,24.54,24.54,24.54,7
2023-10-19 14:35:00,2070,24.5796,24.58,24.56,24.59,24.56,48
2023-10-19 14:37:00,330,24.5787,24.575,24.575,24.575,24.575,14
2023-10-19 14:38:00,3279,24.5599,24.55,24.59,24.59,24.54,65
2023-10-19 14:39:00,999,24.6199,24.59,24.65,24.65,24.59,36
2023-10-19 14:41:00,244,24.6491,24.65,24.65,24.65,24.65,10
2023-10-19 14:42:00,1415,24.6586,24.65,24.67,24.67,24.65,33
2023-10-19 14:43:00,715,24.6831,24.7,24.68,24.7,24.6725,21
2023-10-19 14:44:00,1056,24.7189,24.71,24.74,24.74,24.71,32
2023-10-19 14:45:00,136,24.7365,24.74,24.74,24.74,24.74,9
2023-10-19 14:46:00,1110,24.7463,24.75,24.75,24.75,24.74,26
2023-10-19 14:47:00,855,24.7436,24.76,24.72,24.76,24.72,20
2023-10-19 14:48:00,1639,24.7167,24.71,24.73,24.735,24.7,27
2023-10-19 14:49:00,1344,24.7811,24.75,24.82,24.82,24.75,35
2023-10-19 14:50:00,1042,24.8268,24.81,24.82,24.84,24.81,23
2023-10-19 14:51:00,690,24.8318,24.82,24.82,24.82,24.82,26
2023-10-19 14:52:00,2731,24.8352,24.84,24.86,24.86,24.81,42
2023-10-19 14:53:00,960,24.837,24.81,24.86,24.86,24.81,18
2023-10-19 14:54:00,301,24.86,24.85,24.87,24.87,24.85,5
2023-10-19 14:55:00,2522,24.8727,24.88,24.91,24.91,24.86,44
2023-10-19 14:56:00,228,24.8966,24.905,24.905,24.905,24.905,5
2023-10-19 14:57:00,646,24.9193,24.92,24.92,24.92,24.92,17
2023-10-19 14:58:00,611,24.9218,24.94,24.915,24.94,24.915,13
2023-10-19 14:59:00,2254,24.8957,24.93,24.88,24.93,24.88,41
2023-10-19 15:00:00,1727,24.8715,24.87,24.875,24.88,24.87,33
2023-10-19 15:01:00,1331,24.9049,24.88,24.94,24.94,24.88,36
2023-10-19 15:02:00,2069,24.9276,24.9,24.96,24.96,24.9,44
2023-10-19 15:03:00,819,24.9437,24.95,24.96,24.96,24.93,20
2023-10-19 15:04:00,385,24.9546,24.96,24.96,24.96,24.96,9
2023-10-19 15:06:00,2193,24.9192,24.945,24.92,24.945,24.9,43
2023-10-19 15:07:00,219,24.9246,24.92,24.92,24.92,24.92,8
2023-10-19 15:08:00,780,24.9346,24.95,24.94,24.95,24.925,16
2023-10-19 15:09:00,729,24.9191,24.93,24.915,24.93,24.915,11
2023-10-19 15:10:00,479,24.9337,24.93,24.93,24.93,24.93,13
2023-10-19 15:12:00,961,24.8949,24.91,24.875,24.91,24.875,28
2023-10-19 15:13:00,200,24.8925,24.9,24.885,24.9,24.885,2
2023-10-19 15:15:00,984,24.8414,24.84,24.845,24.845,24.84,26
2023-10-19 15:16:00,344,24.8426,24.845,24.84,24.845,24.84,8
2023-10-19 15:17:00,843,24.8219,24.83,24.815,24.83,24.79,12
2023-10-19 15:18:00,481,24.7873,24.81,24.75,24.81,24.75,15
2023-10-19 15:19:00,202,24.7869,24.765,24.765,24.765,24.765,3
2023-10-19 15:21:00,100,24.78,24.78,24.78,24.78,24.78,1
2023-10-19 15:22:00,1863,24.7561,24.74,24.78,24.78,24.74,42
2023-10-19 15:23:00,498,24.7781,24.78,24.81,24.81,24.78,15
2023-10-19 15:24:00,1438,24.8701,24.84,24.9,24.9,24.84,45
2023-10-19 15:25:00,792,24.915,24.92,24.92,24.92,24.92,27
2023-10-19 15:26:00,595,24.9406,24.93,24.94,24.96,24.93,14
2023-10-19 15:29:00,312,24.9405,24.9411,24.9411,24.9411,24.9411,4
2023-10-19 15:32:00,1690,24.9715,24.935,25.01,25.01,24.935,38
2023-10-19 15:33:00,281,24.9972,24.9925,24.99,24.9925,24.99,7
2023-10-19 15:34:00,475,24.9959,25.01,25.02,25.02,25.01,6
2023-10-19 15:35:00,319,25.029,25.03,25.03,25.03,25.03,12
2023-10-19 15:37:00,113,25.0263,25.025,25.025,25.025,25.025,6
2023-10-19 15:39:00,546,25.0397,25.035,25.035,25.035,25.035,8
2023-10-19 15:40:00,1630,25.0807,25.05,25.12,25.12,25.05,41
2023-10-19 15:41:00,1770,25.1698,25.136,25.22,25.22,25.136,25
2023-10-19 15:42:00,253,25.195,25.195,25.195,25.195,25.195,2
2023-10-19 15:43:00,6964,25.2118,25.195,25.26,25.26,25.16,111
2023-10-19 15:44:00,521,25.2368,25.245,25.257,25.257,25.245,4
2023-10-19 15:45:00,1647,25.2835,25.25,25.31,25.31,25.25,36
2023-10-19 15:46:00,765,25.318,25.305,25.315,25.33,25.305,16
2023-10-19 15:47:00,2996,25.3488,25.32,25.36,25.37,25.32,59
2023-10-19 15:48:00,2902,25.3817,25.38,25.4,25.4,25.3723,35
2023-10-19 15:49:00,588,25.3821,25.395,25.38,25.395,25.36,15
2023-10-19 15:50:00,2929,25.3927,25.36,25.41,25.42,25.36,56
2023-10-19 15:51:00,2313,25.4169,25.405,25.43,25.43,25.4012,46
2023-10-19 15:52:00,2895,25.4587,25.43,25.47,25.48,25.43,49
2023-10-19 15:53:00,2646,25.4446,25.45,25.455,25.46,25.43,36
2023-10-19 15:54:00,4520,25.4022,25.41,25.395,25.425,25.385,67
2023-10-19 15:55:00,602,25.4163,25.4,25.43,25.43,25.4,15
2023-10-19 15:56:00,2153,25.3849,25.39,25.39,25.39,25.37,32
2023-10-19 15:57:00,656,25.3931,25.385,25.39,25.4,25.385,10
2023-10-19 15:58:00,723,25.3899,25.4,25.385,25.4,25.385,17
2023-10-19 15:59:00,616,25.4048,25.41,25.4,25.42,25.4,13
2023-10-19 16:00:00,12517,25.3441,25.39,25.42,25.44,25.26,154
2023-10-19 16:01:00,412,25.4302,25.405,25.44,25.44,25.405,7
2023-10-19 16:02:00,2146,25.4775,25.415,25.52,25.53,25.415,42
2023-10-19 16:03:00,843,25.51,25.54,25.56,25.59,25.54,15
2023-10-19 16:04:00,2691,25.5528,25.545,25.57,25.57,25.525,33
2023-10-19 16:05:00,1011,25.5164,25.57,25.505,25.57,25.505,13
2023-10-19 16:06:00,1402,25.4996,25.48,25.505,25.505,25.48,17
2023-10-19 16:07:00,1549,25.5361,25.53,25.55,25.55,25.53,37
2023-10-19 16:08:00,1254,25.5639,25.57,25.56,25.57,25.56,29
2023-10-19 16:09:00,2404,25.5769,25.565,25.555,25.6,25.54,35
2023-10-19 16:10:00,527,25.568,25.57,25.57,25.57,25.57,10
2023-10-19 16:11:00,1078,25.5452,25.545,25.515,25.55,25.515,21
2023-10-19 16:12:00,464,25.5459,25.535,25.545,25.545,25.535,14
2023-10-19 16:13:00,432,25.5896,25.6,25.61,25.61,25.555,7
2023-10-19 16:14:00,540,25.5654,25.55,25.58,25.58,25.55,18
2023-10-19 16:15:00,669,25.5613,25.55,25.56,25.56,25.55,25
2023-10-19 16:16:00,423,25.5699,25.55,25.565,25.565,25.55,17
2023-10-19 16:17:00,169,25.5759,25.56,25.56,25.56,25.56,8
2023-10-19 16:18:00,2496,25.6264,25.59,25.67,25.67,25.59,57
2023-10-19 16:19:00,5459,25.7399,25.71,25.77,25.77,25.71,39
2023-10-19 16:20:00,3192,25.774,25.755,25.79,25.8,25.74,70
2023-10-19 16:21:00,557,25.8037,25.81,25.82,25.82,25.81,15
2023-10-19 16:22:00,1444,25.815,25.81,25.81,25.82,25.81,20
2023-10-19 16:23:00,170,25.8041,25.81,25.81,25.81,25.81,3
2023-10-19 16:24:00,1032,25.8042,25.805,25.8,25.83,25.8,32
2023-10-19 16:25:00,4392,25.7429,25.77,25.7,25.77,25.7,75
2023-10-19 16:26:00,3001,25.7138,25.695,25.71,25.73,25.69,49
2023-10-19 16:27:00,2773,25.6759,25.71,25.675,25.71,25.65,44
2023-10-19 16:28:00,657,25.693,25.675,25.71,25.71,25.675,12
2023-10-19 16:29:00,3102,25.6801,25.685,25.7,25.71,25.65,65
2023-10-19 16:30:00,1187,25.7097,25.71,25.71,25.71,25.71,6
2023-10-19 16:31:00,1941,25.7102,25.685,25.705,25.73,25.685,41
2023-10-19 16:32:00,1764,25.6736,25.68,25.66,25.705,25.65,24
2023-10-19 16:33:00,2620,25.6415,25.65,25.635,25.66,25.63,40
2023-10-19 16:34:00,4523,25.5962,25.625,25.57,25.625,25.57,78
2023-10-19 16:35:00,4196,25.5469,25.54,25.5,25.57,25.495,65
2023-10-19 16:36:00,1484,25.4983,25.5,25.495,25.5,25.495,14
2023-10-19 16:37:00,2455,25.4713,25.485,25.47,25.485,25.46,39
2023-10-19 16:38:00,385,25.4705,25.47,25.47,25.47,25.47,8
2023-10-19 16:39:00,2495,25.5088,25.49,25.54,25.54,25.47,52
2023-10-19 16:40:00,1245,25.5641,25.55,25.58,25.58,25.55,29
2023-10-19 16:41:00,464,25.5505,25.55,25.545,25.55,25.545,11
2023-10-19 16:42:00,616,25.5865,25.57,25.59,25.59,25.57,25
2023-10-19 16:43:00,2682,25.5665,25.52,25.6,25.6,25.51,34
2023-10-19 16:44:00,1888,25.619,25.61,25.59,25.65,25.59,40
2023-10-19 16:45:00,177,25.6396,25.65,25.65,25.65,25.65,7
2023-10-19 16:46:00,626,25.6402,25.61,25.66,25.66,25.61,13
2023-10-19 16:47:00,506,25.6214,25.615,25.615,25.64,25.615,6
2023-10-19 16:48:00,3666,25.6887,25.66,25.74,25.74,25.66,79
2023-10-19 16:49:00,2684,25.7118,25.725,25.74,25.74,25.69,40
2023-10-19 16:50:00,1185,25.7688,25.72,25.8,25.8,25.72,25
2023-10-19 16:51:00,2179,25.7373,25.76,25.665,25.77,25.665,31
2023-10-19 16:52:00,777,25.7052,25.7,25.71,25.71,25.7,23
2023-10-19 16:53:00,970,25.7375,25.71,25.75,25.75,25.71,18
2023-10-19 16:55:00,3156,25.8249,25.8,25.805,25.86,25.8,71
2023-10-19 16:56:00,401,25.8025,25.805,25.805,25.805,25.805,8
2023-10-19 16:57:00,485,25.7929,25.765,25.81,25.81,25.765,8
2023-10-19 16:58:00,372,25.7695,25.78,25.755,25.78,25.755,6
2023-10-19 16:59:00,928,25.7652,25.76,25.8,25.8,25.76,19
2023-10-19 17:01:00,2020,25.8417,25.8,25.9,25.9,25.8,53
2023-10-19 17:02:00,2371,25.8726,25.88,25.86,25.88,25.86,43
2023-10-19 17:03:00,1504,25.8522,25.83,25.855,25.855,25.83,5
2023-10-19 17:04:00,1560,25.8127,25.84,25.8,25.84,25.79,31
2023-10-19 17:05:00,1082,25.823,25.82,25.83,25.83,25.82,29
2023-10-19 17:06:00,821,25.8634,25.84,25.88,25.88,25.84,18
2023-10-19 17:07:00,735,25.8799,25.88,25.88,25.88,25.88,10
2023-10-19 17:08:00,996,25.8438,25.865,25.84,25.865,25.83,12
2023-10-19 17:09:00,155,25.8329,25.836,25.836,25.836,25.836,3
2023-10-19 17:10:00,310,25.8602,25.88,25.855,25.88,25.855,4
2023-10-19 17:11:00,1021,25.8506,25.86,25.835,25.86,25.835,9
2023-10-19 17:12:00,1586,25.8539,25.835,25.865,25.865,25.835,36
2023-10-19 17:13:00,553,25.8764,25.88,25.88,25.88,25.88,9
2023-10-19 17:14:00,150,25.843,25.85,25.85,25.85,25.85,4
2023-10-19 17:15:00,1512,25.8515,25.84,25.86,25.86,25.84,28
2023-10-19 17:16:00,2855,25.8667,25.86,25.9,25.9,25.84,62
2023-10-19 17:17:00,661,25.9049,25.9,25.89,25.93,25.89,13
2023-10-19 17:19:00,230,25.8879,25.885,25.885,25.885,25.885,6
2023-10-19 17:20:00,104,25.8863,25.885,25.885,25.885,25.885,2
2023-10-19 17:21:00,125,25.874,25.88,25.88,25.88,25.88,4
2023-10-19 17:22:00,2847,25.8436,25.85,25.86,25.86,25.82,47
2023-10-19 17:23:00,3368,25.8284,25.83,25.83,25.845,25.82,47
2023-10-19 17:24:00,1917,25.8593,25.85,25.88,25.88,25.85,53
2023-10-19 17:25:00,1819,25.8566,25.87,25.85,25.8725,25.83,41
2023-10-19 17:26:00,2333,25.8928,25.88,25.92,25.92,25.87,52
2023-10-19 17:27:00,3739,25.898,25.9,25.92,25.925,25.88,80
2023-10-19 17:28:00,2050,25.8987,25.9,25.9,25.905,25.89,68
2023-10-19 17:29:00,214,25.9188,25.92,25.92,25.92,25.92,6
2023-10-19 17:30:00,1610,25.9385,25.93,25.95,25.95,25.93,46
2023-10-19 17:32:00,759,25.9193,25.925,25.91,25.925,25.91,14
2023-10-19 17:33:00,1762,25.873,25.88,25.86,25.88,25.86,33
2023-10-19 17:34:00,233,25.8373,25.85,25.85,25.85,25.85,8
2023-10-19 17:35:00,436,25.8197,25.835,25.815,25.835,25.81,10
2023-10-19 17:36:00,3924,25.764,25.8,25.76,25.8,25.76,33
2023-10-19 17:37:00,959,25.7581,25.755,25.75,25.755,25.75,15
2023-10-19 17:38:00,485,25.7185,25.7131,25.71,25.73,25.71,12
2023-10-19 17:39:00,1641,25.7383,25.73,25.75,25.75,25.715,40
2023-10-19 17:40:00,558,25.7319,25.725,25.725,25.73,25.725,18
2023-10-19 17:41:00,638,25.7391,25.725,25.74,25.74,25.725,11
2023-10-19 17:42:00,1449,25.7226,25.72,25.74,25.74,25.72,12
2023-10-19 17:43:00,530,25.7326,25.74,25.73,25.74,25.73,21
2023-10-19 17:44:00,2814,25.7799,25.74,25.79,25.79,25.74,75
2023-10-19 17:45:00,1233,25.8544,25.89,25.86,25.89,25.84,32
2023-10-19 17:46:00,720,25.8341,25.84,25.83,25.84,25.83,22
2023-10-19 17:47:00,753,25.8424,25.85,25.85,25.85,25.85,19
2023-10-19 17:49:00,492,25.8207,25.82,25.815,25.82,25.815,8
2023-10-19 17:50:00,4808,25.7626,25.78,25.75,25.785,25.75,66
2023-10-19 17:51:00,2482,25.7381,25.74,25.7,25.75,25.7,47
2023-10-19 17:52:00,458,25.6884,25.685,25.675,25.685,25.675,12
2023-10-19 17:53:00,1489,25.7215,25.72,25.74,25.74,25.72,39
2023-10-19 17:54:00,1806,25.7178,25.69,25.74,25.74,25.69,38
2023-10-19 17:55:00,2190,25.7747,25.76,25.8,25.8,25.76,37
2023-10-19 17:56:00,533,25.792,25.785,25.79,25.79,25.785,19
2023-10-19 17:57:00,160,25.7856,25.79,25.79,25.79,25.79,6
2023-10-19 17:58:00,1293,25.797,25.785,25.8,25.8,25.785,17
2023-10-19 17:59:00,573,25.7629,25.76,25.76,25.76,25.76,21
2023-10-19 18:00:00,2212,25.7389,25.76,25.76,25.76,25.72,38
2023-10-19 18:02:00,774,25.7632,25.745,25.77,25.77,25.745,22
2023-10-19 18:03:00,1114,25.788,25.78,25.78,25.79,25.78,30
2023-10-19 18:04:00,822,25.7867,25.785,25.8,25.8,25.775,12
2023-10-19 18:05:00,3359,25.7794,25.8,25.78,25.8,25.76,61
2023-10-19 18:06:00,1269,25.7786,25.775,25.795,25.795,25.775,22
2023-10-19 18:07:00,3866,25.7923,25.79,25.815,25.815,25.765,61
2023-10-19 18:08:00,3734,25.8176,25.815,25.83,25.84,25.8,57
2023-10-19 18:09:00,933,25.8202,25.815,25.84,25.84,25.815,20
2023-10-19 18:10:00,629,25.8232,25.84,25.84,25.84,25.84,23
2023-10-19 18:11:00,949,25.822,25.82,25.815,25.82,25.815,20
2023-10-19 18:12:00,2591,25.8527,25.84,25.87,25.88,25.84,63
2023-10-19 18:13:00,1153,25.8687,25.87,25.87,25.87,25.86,34
2023-10-19 18:14:00,7812,25.8531,25.85,25.86,25.87,25.84,129
2023-10-19 18:15:00,4298,25.8084,25.85,25.79,25.85,25.78,78
2023-10-19 18:16:00,1379,25.7876,25.78,25.81,25.81,25.77,30
2023-10-19 18:17:00,6146,25.7854,25.81,25.82,25.82,25.76,97
2023-10-19 18:18:00,4140,25.8312,25.84,25.84,25.84,25.83,29
2023-10-19 18:19:00,2267,25.8226,25.825,25.85,25.85,25.81,45
2023-10-19 18:20:00,4657,25.8101,25.82,25.81,25.82,25.8,52
2023-10-19 18:21:00,2931,25.7803,25.8,25.745,25.805,25.74,56
2023-10-19 18:22:00,2292,25.7138,25.735,25.715,25.735,25.67,48
2023-10-19 18:23:00,2159,25.7557,25.74,25.8,25.8,25.74,43
2023-10-19 18:24:00,575,25.7847,25.775,25.8,25.8,25.775,10
2023-10-19 18:25:00,939,25.8012,25.8,25.79,25.8,25.79,20
2023-10-19 18:26:00,2479,25.812,25.84,25.81,25.84,25.8,85
2023-10-19 18:27:00,2838,25.7849,25.795,25.77,25.8,25.77,82
2023-10-19 18:28:00,1263,25.7461,25.76,25.72,25.76,25.72,37
2023-10-19 18:29:00,3533,25.7699,25.72,25.82,25.82,25.72,60
2023-10-19 18:30:00,2273,25.771,25.825,25.75,25.825,25.75,59
2023-10-19 18:31:00,732,25.7033,25.715,25.7,25.715,25.7,22
2023-10-19 18:32:00,337,25.6673,25.68,25.68,25.68,25.68,21
2023-10-19 18:33:00,2487,25.6867,25.67,25.71,25.71,25.67,48
2023-10-19 18:34:00,1025,25.7362,25.73,25.74,25.74,25.73,31
2023-10-19 18:35:00,2859,25.7133,25.71,25.7,25.73,25.7,55
2023-10-19 18:36:00,3280,25.7134,25.71,25.74,25.74,25.7,61
2023-10-19 18:38:00,458,25.7326,25.73,25.74,25.74,25.73,15
2023-10-19 18:39:00,762,25.7298,25.74,25.74,25.74,25.74,20
2023-10-19 18:40:00,2457,25.734,25.74,25.735,25.75,25.72,47
2023-10-19 18:41:00,2550,25.754,25.745,25.77,25.77,25.745,59
2023-10-19 18:42:00,6497,25.742,25.755,25.735,25.755,25.72,86
2023-10-19 18:43:00,924,25.7384,25.73,25.735,25.735,25.73,26
2023-10-19 18:44:00,602,25.7351,25.73,25.75,25.75,25.73,7
2023-10-19 18:45:00,1683,25.7307,25.73,25.735,25.74,25.72,39
2023-10-19 18:46:00,1854,25.7225,25.735,25.715,25.735,25.715,38
2023-10-19 18:47:00,1648,25.6839,25.7,25.675,25.7,25.675,52
2023-10-19 18:48:00,282,25.6713,25.67,25.67,25.67,25.67,13
2023-10-19 18:50:00,2341,25.6642,25.69,25.65,25.69,25.65,46
2023-10-19 18:51:00,530,25.6377,25.64,25.63,25.64,25.63,14
2023-10-19 18:52:00,1696,25.6582,25.66,25.66,25.66,25.65,40
2023-10-19 18:53:00,1832,25.6737,25.67,25.67,25.68,25.67,45
2023-10-19 18:54:00,2356,25.6739,25.69,25.67,25.69,25.67,45
2023-10-19 18:55:00,833,25.6721,25.665,25.665,25.665,25.665,16
2023-10-19 18:56:00,2906,25.6683,25.69,25.66,25.69,25.64,75
2023-10-19 18:57:00,1189,25.696,25.69,25.7,25.7,25.69,37
2023-10-19 18:58:00,1628,25.6989,25.7,25.685,25.71,25.685,39
2023-10-19 18:59:00,1692,25.6548,25.67,25.63,25.67,25.63,33
2023-10-19 19:00:00,1225,25.6088,25.62,25.6,25.62,25.6,24
2023-10-19 19:01:00,1071,25.5753,25.59,25.59,25.59,25.56,26
2023-10-19 19:02:00,2690,25.578,25.56,25.58,25.59,25.56,67
2023-10-19 19:03:00,1711,25.6119,25.6,25.63,25.63,25.6,45
2023-10-19 19:04:00,113,25.6483,25.65,25.65,25.65,25.65,5
2023-10-19 19:06:00,3357,25.6013,25.62,25.545,25.62,25.54,65
2023-10-19 19:07:00,1413,25.5335,25.53,25.52,25.545,25.52,31
2023-10-19 19:08:00,702,25.518,25.54,25.5,25.54,25.5,23
2023-10-19 19:09:00,4474,25.5143,25.51,25.53,25.535,25.495,80
2023-10-19 19:10:00,661,25.5227,25.515,25.53,25.53,25.515,18
2023-10-19 19:11:00,892,25.4962,25.5,25.49,25.5,25.49,18
2023-10-19 19:12:00,288,25.4737,25.49,25.46,25.49,25.46,11
2023-10-19 19:13:00,837,25.4496,25.465,25.43,25.465,25.43,25
2023-10-19 19:14:00,889,25.4188,25.41,25.41,25.41,25.4,27
2023-10-19 19:15:00,1475,25.4071,25.41,25.39,25.415,25.39,33
2023-10-19 19:16:00,2164,25.4115,25.38,25.4,25.4,25.38,48
2023-10-19 19:17:00,1020,25.382,25.385,25.36,25.385,25.36,37
2023-10-19 19:18:00,1191,25.3729,25.37,25.375,25.38,25.37,38
2023-10-19 19:19:00,1207,25.3905,25.39,25.4,25.4,25.39,43
2023-10-19 19:20:00,2656,25.4108,25.41,25.42,25.42,25.41,60
2023-10-19 19:21:00,7800,25.4209,25.39,25.45,25.455,25.39,168
2023-10-19 19:22:00,2331,25.4597,25.45,25.48,25.48,25.44,59
2023-10-19 19:23:00,1165,25.4505,25.475,25.475,25.475,25.475,32
2023-10-19 19:24:00,1412,25.4734,25.465,25.48,25.48,25.465,43
2023-10-19 19:26:00,1165,25.4884,25.49,25.49,25.5,25.485,28
2023-10-19 19:27:00,5583,25.4532,25.49,25.47,25.49,25.41,118
2023-10-19 19:28:00,466,25.4754,25.48,25.48,25.48,25.48,23
2023-10-19 19:29:00,1523,25.4732,25.46,25.49,25.49,25.45,42
2023-10-19 19:30:00,638,25.5256,25.5,25.55,25.55,25.5,30
2023-10-19 19:31:00,3716,25.5315,25.525,25.52,25.57,25.51,76
2023-10-19 19:32:00,2226,25.5054,25.51,25.501,25.511,25.501,60
2023-10-19 19:33:00,2357,25.478,25.505,25.44,25.505,25.44,62
2023-10-19 19:34:00,3007,25.4681,25.435,25.5,25.5,25.435,70
2023-10-19 19:35:00,437,25.5195,25.54,25.54,25.54,25.54,24
2023-10-19 19:36:00,570,25.5125,25.51,25.51,25.51,25.51,19
2023-10-19 19:37:00,1067,25.5103,25.52,25.51,25.52,25.51,28
2023-10-19 19:38:00,2309,25.4915,25.5,25.48,25.5,25.48,45
2023-10-19 19:39:00,1200,25.449,25.47,25.41,25.48,25.41,37
2023-10-19 19:40:00,3509,25.4314,25.425,25.433,25.44,25.42,53
2023-10-19 19:41:00,1381,25.425,25.44,25.4,25.44,25.4,31
2023-10-19 19:42:00,887,25.3824,25.39,25.38,25.39,25.38,21
2023-10-19 19:43:00,4170,25.4047,25.39,25.351,25.39,25.35,43
2023-10-19 19:44:00,1456,25.3615,25.36,25.36,25.37,25.36,44
2023-10-19 19:45:00,563,25.3452,25.35,25.34,25.35,25.34,30
2023-10-19 19:46:00,9769,25.3303,25.33,25.321,25.33,25.321,47
2023-10-19 19:47:00,4654,25.3472,25.34,25.365,25.365,25.34,96
2023-10-19 19:48:00,4796,25.4161,25.37,25.44,25.45,25.37,106
2023-10-19 19:49:00,1915,25.4451,25.44,25.45,25.45,25.44,35
2023-10-19 19:50:00,5079,25.4763,25.44,25.51,25.51,25.44,102
2023-10-19 19:51:00,6638,25.5099,25.51,25.545,25.55,25.51,119
2023-10-19 19:52:00,6469,25.5505,25.545,25.565,25.57,25.54,129
2023-10-19 19:53:00,16746,25.5404,25.5625,25.55,25.57,25.53,308
2023-10-19 19:54:00,51767,25.5545,25.55,25.481,25.565,25.481,263
2023-10-19 19:55:00,17298,25.5191,25.48,25.59,25.59,25.46,255
2023-10-19 19:56:00,17264,25.5863,25.57,25.605,25.62,25.56,266
2023-10-19 19:57:00,52945,25.6503,25.6,25.65,25.69,25.6,438
2023-10-19 19:58:00,22813,25.6683,25.64,25.665,25.68,25.64,320
2023-10-19 19:59:00,57607,25.7069,25.66,25.71,25.73,25.66,563
2023-10-19 20:00:00,7576,25.71,25.71,25.71,25.71,25.71,17
2023-10-20 13:29:00,2771,25.7482,25.67,25.79,25.79,25.67,6
2023-10-20 13:30:00,29350,25.7499,25.75,25.74,25.75,25.74,13
2023-10-20 13:31:00,1181,25.6419,25.7,25.48,25.7,25.46,11
2023-10-20 13:32:00,4364,25.726,25.7,25.65,25.83,25.53,41
2023-10-20 13:34:00,502,25.7218,25.68,25.83,25.83,25.68,7
2023-10-20 13:35:00,1653,25.6282,25.745,25.5,25.745,25.5,45
2023-10-20 13:38:00,4669,25.5582,25.595,25.4,25.68,25.37,74
2023-10-20 13:39:00,2437,25.4178,25.38,25.445,25.45,25.35,33
2023-10-20 13:40:00,12344,25.4787,25.44,25.51,25.55,25.34,126
2023-10-20 13:41:00,921,25.5185,25.5,25.535,25.535,25.5,15
2023-10-20 13:42:00,335,25.5203,25.505,25.505,25.54,25.505,5
2023-10-20 13:43:00,1036,25.5023,25.5,25.5,25.5,25.5,13
2023-10-20 13:44:00,642,25.5096,25.53,25.5,25.53,25.5,16
2023-10-20 13:45:00,765,25.4608,25.465,25.455,25.465,25.455,21
2023-10-20 13:46:00,1879,25.47,25.455,25.44,25.5,25.44,33
2023-10-20 13:47:00,6665,25.4307,25.46,25.41,25.46,25.41,71
2023-10-20 13:49:00,12561,25.4594,25.41,25.42,25.46,25.41,30
2023-10-20 13:50:00,321,25.4232,25.39,25.405,25.48,25.39,6
2023-10-20 13:51:00,183,25.4446,25.48,25.48,25.48,25.48,16
2023-10-20 13:52:00,435,25.4391,25.49,25.415,25.49,25.415,15
2023-10-20 13:53:00,908,25.3102,25.29,25.28,25.29,25.28,25
2023-10-20 13:54:00,228,25.2973,25.34,25.2575,25.34,25.2575,4
2023-10-20 13:55:00,110,25.2391,25.23,25.23,25.23,25.23,2
2023-10-20 13:56:00,1528,25.1863,25.2,25.15,25.21,25.11,27
2023-10-20 13:57:00,2525,25.1107,25.1,25.04,25.15,25.04,49
2023-10-20 13:58:00,3127,25.0527,25.02,25.13,25.13,25.01,88
2023-10-20 13:59:00,1201,25.1323,25.15,25.1,25.15,25.1,32
2023-10-20 14:00:00,865,25.0538,25.07,25.07,25.07,25.07,21
2023-10-20 14:01:00,1225,25.0521,25.02,25.08,25.08,25.02,24
2023-10-20 14:03:00,954,25.0121,25.03,24.97,25.03,24.97,21
2023-10-20 14:04:00,338,24.8994,24.93,24.88,24.93,24.88,9
2023-10-20 14:05:00,1358,24.884,24.88,24.88,24.905,24.88,32
2023-10-20 14:06:00,541,24.8532,24.85,24.85,24.85,24.85,16
2023-10-20 14:07:00,1159,24.8466,24.84,24.85,24.85,24.84,26
2023-10-20 14:08:00,204,24.85,24.85,24.85,24.85,24.85,3
2023-10-20 14:09:00,3624,24.8654,24.81,24.84,24.88,24.81,67
2023-10-20 14:10:00,1288,24.8926,24.88,24.9,24.9,24.88,38
2023-10-20 14:11:00,2035,24.8646,24.88,24.851,24.88,24.851,38
2023-10-20 14:13:00,1222,24.8296,24.83,24.85,24.85,24.83,34
2023-10-20 14:14:00,1490,24.8883,24.87,24.917,24.917,24.87,35
2023-10-20 14:15:00,618,24.8859,24.89,24.89,24.89,24.89,13
2023-10-20 14:16:00,3041,24.9241,24.9,24.93,24.94,24.9,76
2023-10-20 14:17:00,1350,24.91,24.948,24.9,24.948,24.9,24
2023-10-20 14:19:00,661,24.874,24.87,24.86,24.87,24.86,15
2023-10-20 14:20:00,447,24.8727,24.86,24.885,24.885,24.86,10
2023-10-20 14:21:00,1117,24.8601,24.86,24.86,24.86,24.86,24
2023-10-20 14:22:00,3185,24.8863,24.855,24.88,24.9,24.855,52
2023-10-20 14:23:00,2520,24.9028,24.9,24.88,24.92,24.88,48
2023-10-20 14:24:00,1047,24.8498,24.84,24.835,24.84,24.835,19
2023-10-20 14:25:00,214,24.8247,24.825,24.825,24.825,24.825,4
2023-10-20 14:26:00,5020,24.8794,24.825,24.875,24.91,24.825,88
2023-10-20 14:27:00,1589,24.904,24.87,24.925,24.93,24.87,28
2023-10-20 14:29:00,2918,24.9061,24.9,24.91,24.925,24.89,39
2023-10-20 14:31:00,3327,24.8848,24.884,24.87,24.9,24.87,47
2023-10-20 14:32:00,2183,24.9153,24.9,24.91,24.93,24.9,39
2023-10-20 14:33:00,5171,24.9773,24.93,25.0,25.02,24.93,96
2023-10-20 14:34:00,2217,25.0428,25.01,25.06,25.06,25.01,42
2023-10-20 14:35:00,247,25.0615,25.06,25.06,25.06,25.06,5
2023-10-20 14:36:00,926,25.0673,25.07,25.06,25.0799,25.06,13
2023-10-20 14:37:00,399,25.0662,25.06,25.06,25.06,25.06,11
2023-10-20 14:38:00,3564,25.0031,25.06,24.96,25.065,24.93,50
2023-10-20 14:39:00,292,24.9624,24.945,24.945,24.945,24.945,10
2023-10-20 14:40:00,20656,24.8828,24.945,24.86,24.945,24.86,67
2023-10-20 14:41:00,779,24.8346,24.85,24.83,24.85,24.83,11
2023-10-20 14:42:00,558,24.783,24.79,24.79,24.79,24.79,22
2023-10-20 14:43:00,1143,24.6592,24.65,24.62,24.65,24.62,30
2023-10-20 14:44:00,996,24.6381,24.62,24.65,24.65,24.62,37
2023-10-20 14:46:00,1961,24.668,24.62,24.665,24.69,24.62,39
2023-10-20 14:47:00,516,24.6466,24.65,24.63,24.65,24.63,14
2023-10-20 14:48:00,193,24.6219,24.62,24.62,24.62,24.62,8
2023-10-20 14:49:00,1908,24.6518,24.65,24.65,24.67,24.65,26
2023-10-20 14:50:00,2804,24.6732,24.62,24.71,24.71,24.62,46
2023-10-20 14:51:00,2888,24.7239,24.72,24.685,24.76,24.685,55
2023-10-20 14:52:00,201,24.6874,24.69,24.685,24.69,24.685,3
2023-10-20 14:53:00,1011,24.707,24.69,24.7,24.72,24.69,23
2023-10-20 14:54:00,400,24.6938,24.7,24.695,24.7,24.68,3
2023-10-20 14:56:00,464,24.6963,24.695,24.695,24.695,24.695,21
2023-10-20 14:57:00,361,24.6856,24.69,24.69,24.69,24.69,10
2023-10-20 14:58:00,407,24.6899,24.69,24.69,24.69,24.69,4
2023-10-20 14:59:00,305,24.68,24.66,24.69,24.69,24.66,6
2023-10-20 15:00:00,3706,24.7466,24.72,24.78,24.78,24.71,67
2023-10-20 15:01:00,549,24.7479,24.755,24.79,24.79,24.72,6
2023-10-20 15:02:00,1408,24.712,24.72,24.681,24.72,24.681,33
2023-10-20 15:03:00,831,24.7017,24.685,24.695,24.72,24.685,16
2023-10-20 15:04:00,212,24.6824,24.67,24.695,24.695,24.67,4
2023-10-20 15:05:00,2282,24.7189,24.72,24.72,24.72,24.695,38
2023-10-20 15:06:00,202,24.6998,24.68,24.68,24.68,24.68,5
2023-10-20 15:07:00,4162,24.6834,24.68,24.69,24.7,24.66,65
2023-10-20 15:08:00,1763,24.7194,24.7,24.73,24.73,24.7,46
2023-10-20 15:09:00,410,24.7228,24.71,24.73,24.73,24.71,15
2023-10-20 15:10:00,116,24.73,24.73,24.73,24.73,24.73,7
2023-10-20 15:11:00,5771,24.7748,24.74,24.82,24.82,24.74,118
2023-10-20 15:12:00,1117,24.7917,24.83,24.8,24.83,24.8,31
2023-10-20 15:15:00,1434,24.7187,24.72,24.72,24.72,24.695,23
2023-10-20 15:16:00,1165,24.6535,24.7,24.63,24.7,24.63,35
2023-10-20 15:17:00,284,24.5894,24.59,24.59,24.59,24.59,10
2023-10-20 15:18:00,974,24.5914,24.57,24.6,24.6,24.57,27
2023-10-20 15:19:00,11084,24.6096,24.61,24.56,24.63,24.56,227
2023-10-20 15:20:00,905,24.5691,24.56,24.56,24.56,24.56,23
2023-10-20 15:21:00,1993,24.5569,24.55,24.57,24.59,24.53,40
2023-10-20 15:22:00,342,24.5564,24.54,24.54,24.54,24.54,17
2023-10-20 15:23:00,512,24.5607,24.54,24.57,24.57,24.54,16
2023-10-20 15:24:00,2246,24.5493,24.57,24.52,24.57,24.52,39
2023-10-20 15:25:00,1523,24.5258,24.53,24.54,24.54,24.505,35
2023-10-20 15:26:00,1572,24.522,24.5221,24.51,24.5221,24.51,26
2023-10-20 15:27:00,845,24.4865,24.49,24.46,24.495,24.46,13
2023-10-20 15:28:00,211,24.4943,24.495,24.495,24.495,24.495,5
2023-10-20 15:29:00,7184,24.5204,24.46,24.55,24.55,24.46,146
2023-10-20 15:30:00,1317,24.4946,24.51,24.47,24.51,24.47,31
2023-10-20 15:31:00,3363,24.5152,24.45,24.55,24.55,24.45,85
2023-10-20 15:32:00,1331,24.5365,24.53,24.535,24.54,24.53,26
2023-10-20 15:34:00,312,24.5272,24.51,24.54,24.54,24.51,9
2023-10-20 15:36:00,646,24.5509,24.56,24.57,24.57,24.56,15
2023-10-20 15:37:00,309,24.5374,24.53,24.53,24.55,24.53,5
2023-10-20 15:38:00,1780,24.533,24.54,24.53,24.54,24.53,39
2023-10-20 15:39:00,2838,24.5799,24.56,24.6,24.6,24.56,94
2023-10-20 15:40:00,2832,24.6291,24.61,24.64,24.64,24.61,66
2023-10-20 15:43:00,648,24.6582,24.66,24.67,24.67,24.66,26
2023-10-20 15:45:00,1560,24.6885,24.67,24.7,24.71,24.67,40
2023-10-20 15:46:00,467,24.6749,24.69,24.69,24.69,24.69,13
2023-10-20 15:47:00,1304,24.7213,24.71,24.74,24.74,24.71,36
2023-10-20 15:48:00,928,24.767,24.75,24.79,24.79,24.75,24
2023-10-20 15:49:00,1464,24.8149,24.79,24.84,24.84,24.79,25
2023-10-20 15:50:00,516,24.8183,24.82,24.84,24.84,24.82,16
2023-10-20 15:51:00,1525,24.8223,24.84,24.82,24.84,24.81,30
2023-10-20 15:52:00,918,24.8116,24.81,24.82,24.82,24.81,18
2023-10-20 15:53:00,711,24.8471,24.84,24.86,24.86,24.84,22
2023-10-20 15:54:00,299,24.8668,24.87,24.87,24.87,24.87,14
2023-10-20 15:55:00,2026,24.8987,24.88,24.92,24.925,24.88,50
2023-10-20 15:57:00,2040,24.898,24.9,24.89,24.91,24.88,44
2023-10-20 15:58:00,10220,24.9703,24.905,24.92,25.0,24.905,182
2023-10-20 15:59:00,1679,24.877,24.885,24.88,24.885,24.87,36
2023-10-20 16:00:00,129,24.8995,24.8995,24.8995,24.8995,24.8995,1
2023-10-20 16:01:00,910,24.8466,24.85,24.83,24.85,24.83,26
2023-10-20 16:03:00,395,24.7548,24.75,24.75,24.75,24.75,17
2023-10-20 16:04:00,490,24.767,24.7965,24.73,24.7965,24.73,24
2023-10-20 16:05:00,1133,24.7499,24.74,24.72,24.77,24.72,31
2023-10-20 16:07:00,1270,24.708,24.715,24.72,24.72,24.69,29
2023-10-20 16:08:00,616,24.7112,24.72,24.71,24.72,24.71,21
2023-10-20 16:09:00,371,24.701,24.69,24.705,24.705,24.69,5
2023-10-20 16:10:00,201,24.6901,24.69,24.69,24.69,24.69,4
2023-10-20 16:11:00,349,24.6986,24.705,24.69,24.705,24.69,3
2023-10-20 16:12:00,2747,24.7214,24.705,24.725,24.73,24.705,56
2023-10-20 16:13:00,3205,24.7617,24.725,24.8,24.8,24.725,68
2023-10-20 16:14:00,409,24.806,24.81,24.81,24.81,24.8,16
2023-10-20 16:16:00,320,24.8211,24.83,24.815,24.83,24.815,11
2023-10-20 16:17:00,3985,24.8471,24.815,24.9,24.9,24.815,82
2023-10-20 16:18:00,2071,24.8849,24.88,24.89,24.9,24.88,50
2023-10-20 16:19:00,545,24.8912,24.88,24.89,24.91,24.88,11
2023-10-20 16:22:00,407,24.9077,24.93,24.9004,24.93,24.9004,2
2023-10-20 16:23:00,3561,24.9025,24.93,24.915,24.93,24.9,75
2023-10-20 16:24:00,1112,24.938,24.93,24.95,24.95,24.93,28
2023-10-20 16:25:00,800,24.9501,24.96,24.95,24.96,24.95,12
2023-10-20 16:26:00,2115,24.9226,24.94,24.9,24.94,24.9,42
2023-10-20 16:27:00,670,24.9254,24.92,24.93,24.93,24.92,16
2023-10-20 16:33:00,448,24.9321,24.93,24.93,24.93,24.93,13
2023-10-20 16:34:00,4624,24.9746,24.93,25.03,25.03,24.93,109
2023-10-20 16:35:00,301,25.0139,25.03,25.04,25.04,25.03,4
2023-10-20 16:36:00,2163,25.0751,25.05,25.095,25.095,25.05,49
2023-10-20 16:37:00,2437,25.1043,25.11,25.095,25.11,25.095,41
2023-10-20 16:38:00,1522,25.0594,25.08,25.03,25.08,25.03,38
2023-10-20 16:41:00,1642,25.0324,25.05,25.02,25.05,25.005,28
2023-10-20 16:42:00,780,24.9973,25.0,25.0,25.0,25.0,12
2023-10-20 16:44:00,629,25.0042,25.004,25.005,25.005,25.004,2
2023-10-20 16:45:00,1915,25.0257,25.02,25.01,25.04,25.01,36
2023-10-20 16:46:00,327,25.0147,25.02,25.02,25.02,25.02,16
2023-10-20 16:47:00,5172,24.9102,24.99,24.99,24.99,24.99,10
2023-10-20 16:48:00,632,24.9745,24.96,24.98,24.98,24.96,17
2023-10-20 16:49:00,146,24.9563,24.95,24.95,24.95,24.95,6
2023-10-20 16:50:00,977,24.9435,24.96,24.94,24.96,24.94,37
2023-10-20 16:51:00,438,24.913,24.91,24.915,24.915,24.91,9
2023-10-20 16:52:00,1451,24.931,24.92,24.94,24.94,24.92,41
2023-10-20 16:53:00,837,24.932,24.93,24.94,24.94,24.93,31
2023-10-20 16:55:00,924,24.9485,24.94,24.95,24.95,24.94,28
2023-10-20 16:56:00,550,24.94,24.94,24.94,24.94,24.94,9
2023-10-20 16:58:00,1140,24.96,24.95,24.95,24.97,24.95,31
2023-10-20 16:59:00,162,24.944,24.945,24.945,24.945,24.945,5
2023-10-20 17:00:00,110,24.9545,24.955,24.955,24.955,24.955,2
2023-10-20 17:01:00,1995,24.9405,24.93,24.97,24.97,24.93,33
2023-10-20 17:02:00,949,24.9297,24.95,24.925,24.95,24.925,24
2023-10-20 17:03:00,1082,24.9096,24.925,24.9,24.925,24.9,26
2023-10-20 17:04:00,875,24.884,24.89,24.88,24.89,24.88,14
2023-10-20 17:05:00,4164,24.8799,24.86,24.8825,24.9,24.86,95
2023-10-20 17:06:00,129,24.8785,24.88,24.88,24.88,24.88,3
2023-10-20 17:07:00,614,24.8805,24.88,24.88,24.88,24.88,10
2023-10-20 17:08:00,318,24.8865,24.88,24.9,24.9,24.88,7
2023-10-20 17:10:00,4560,24.9183,24.9,24.95,24.96,24.9,124
2023-10-20 17:11:00,385,24.9312,24.93,24.93,24.93,24.93,15
2023-10-20 17:12:00,2952,24.9592,24.95,24.98,24.98,24.9485,56
2023-10-20 17:13:00,1622,24.9871,24.975,25.0,25.0,24.975,20
2023-10-20 17:14:00,100,25.03,25.03,25.03,25.03,25.03,1
2023-10-20 17:15:00,301,25.0066,25.0,25.0,25.0,25.0,9
2023-10-20 17:16:00,4821,25.0485,25.02,25.1,25.1,25.02,70
2023-10-20 17:17:00,1032,25.1066,25.11,25.11,25.11,25.11,6
2023-10-20 17:18:00,19630,25.2349,25.13,25.32,25.32,25.13,167
2023-10-20 17:19:00,2962,25.2915,25.31,25.31,25.31,25.275,46
2023-10-20 17:20:00,3215,25.2961,25.29,25.335,25.335,25.26,60
2023-10-20 17:21:00,4969,25.328,25.335,25.33,25.355,25.3,61
2023-10-20 17:22:00,2453,25.3671,25.33,25.39,25.4,25.33,40
2023-10-20 17:23:00,1659,25.3593,25.37,25.305,25.39,25.305,18
2023-10-20 17:24:00,1950,25.3428,25.34,25.35,25.35,25.34,41
2023-10-20 17:25:00,16833,25.3883,25.36,25.33,25.4199,25.33,76
2023-10-20 17:26:00,1810,25.3557,25.35,25.34,25.37,25.33,19
2023-10-20 17:27:00,2038,25.3619,25.335,25.38,25.38,25.335,31
2023-10-20 17:28:00,1544,25.3417,25.38,25.305,25.38,25.305,32
2023-10-20 17:29:00,566,25.3367,25.36,25.3,25.36,25.3,7
2023-10-20 17:30:00,1225,25.3497,25.3,25.38,25.38,25.27,23
2023-10-20 17:31:00,740,25.3733,25.36,25.38,25.38,25.36,15
2023-10-20 17:32:00,1269,25.3239,25.33,25.25,25.33,25.25,30
2023-10-20 17:33:00,910,25.329,25.3,25.35,25.35,25.3,19
2023-10-20 17:34:00,590,25.3085,25.3,25.35,25.35,25.3,6
2023-10-20 17:35:00,696,25.2659,25.26,25.251,25.26,25.25,10
2023-10-20 17:36:00,1179,25.2778,25.24,25.29,25.29,25.24,26
2023-10-20 17:37:00,941,25.2575,25.24,25.3,25.3,25.24,12
2023-10-20 17:38:00,1004,25.2492,25.2,25.255,25.255,25.2,16
2023-10-20 17:39:00,364,25.2512,25.24,25.255,25.255,25.24,11
2023-10-20 17:40:00,3349,25.309,25.3,25.33,25.33,25.29,55
2023-10-20 17:41:00,305,25.3229,25.3,25.34,25.34,25.3,9
2023-10-20 17:42:00,33616,25.4293,25.33,25.48,25.48,25.33,154
2023-10-20 17:43:00,10584,25.4747,25.47,25.48,25.5,25.45,121
2023-10-20 17:44:00,310,25.4645,25.475,25.45,25.475,25.45,4
2023-10-20 17:45:00,71608,25.4499,25.45,25.42,25.49,25.4,166
2023-10-20 17:46:00,1210,25.3605,25.36,25.37,25.37,25.35,20
2023-10-20 17:47:00,4241,25.4453,25.4,25.48,25.48,25.4,69
2023-10-20 17:48:00,3709,25.4708,25.4,25.48,25.48,25.4,16
2023-10-20 17:49:00,4478,25.4878,25.48,25.47,25.5,25.47,56
2023-10-20 17:50:00,7136,25.477,25.425,25.5,25.5,25.425,47
2023-10-20 17:51:00,4845,25.4846,25.485,25.5,25.5,25.45,70
2023-10-20 17:52:00,2857,25.4861,25.48,25.45,25.5,25.45,28
2023-10-20 17:53:00,5149,25.4813,25.445,25.5,25.5,25.445,57
2023-10-20 17:54:00,2133,25.4614,25.45,25.49,25.49,25.42,37
2023-10-20 17:55:00,12920,25.4848,25.5,25.465,25.5,25.43,113
2023-10-20 17:56:00,3217,25.489,25.49,25.48,25.5,25.46,52
2023-10-20 17:57:00,4518,25.4842,25.48,25.48,25.5,25.445,54
2023-10-20 17:58:00,5164,25.4941,25.48,25.48,25.5,25.47,60
2023-10-20 17:59:00,6759,25.4963,25.475,25.5,25.5,25.475,72
2023-10-20 18:00:00,4869,25.5264,25.49,25.49,25.595,25.49,90
2023-10-20 18:01:00,1818,25.5088,25.5,25.52,25.52,25.49,43
2023-10-20 18:02:00,1979,25.5172,25.52,25.505,25.54,25.49,43
2023-10-20 18:03:00,7258,25.4769,25.48,25.48,25.51,25.44,77
2023-10-20 18:04:00,25908,25.4809,25.48,25.46,25.5,25.46,198
2023-10-20 18:05:00,10245,25.4977,25.49,25.55,25.55,25.465,119
2023-10-20 18:06:00,7438,25.4968,25.49,25.52,25.52,25.47,79
2023-10-20 18:07:00,3674,25.5283,25.515,25.57,25.57,25.49,72
2023-10-20 18:08:00,2013,25.6001,25.595,25.585,25.63,25.585,41
2023-10-20 18:09:00,8911,25.5086,25.54,25.53,25.54,25.48,108
2023-10-20 18:10:00,5301,25.4936,25.53,25.43,25.55,25.43,61
2023-10-20 18:11:00,35052,25.4716,25.41,25.49,25.5,25.41,279
2023-10-20 18:12:00,8648,25.4934,25.485,25.505,25.51,25.47,77
2023-10-20 18:13:00,2064,25.5378,25.52,25.56,25.56,25.515,40
2023-10-20 18:14:00,2661,25.5556,25.52,25.555,25.57,25.52,46
2023-10-20 18:15:00,4479,25.5476,25.56,25.5,25.59,25.5,57
2023-10-20 18:16:00,1178,25.5234,25.505,25.55,25.55,25.505,26
2023-10-20 18:17:00,4257,25.4949,25.52,25.51,25.52,25.48,57
2023-10-20 18:18:00,661,25.5279,25.53,25.53,25.53,25.53,18
2023-10-20 18:19:00,2206,25.5149,25.51,25.51,25.53,25.51,44
2023-10-20 18:20:00,3001,25.5393,25.53,25.54,25.56,25.53,76
2023-10-20 18:21:00,1160,25.5211,25.52,25.52,25.53,25.52,23
2023-10-20 18:22:00,877,25.51,25.51,25.51,25.51,25.51,13
2023-10-20 18:23:00,1573,25.5141,25.52,25.515,25.525,25.5,25
2023-10-20 18:24:00,1745,25.5055,25.5,25.51,25.51,25.5,53
2023-10-20 18:25:00,2228,25.4953,25.49,25.5,25.5,25.49,34
2023-10-20 18:26:00,1149,25.5066,25.51,25.5,25.51,25.5,36
2023-10-20 18:27:00,4283,25.4917,25.49,25.5,25.5,25.48,57
2023-10-20 18:28:00,8862,25.4906,25.5,25.515,25.52,25.435,101
2023-10-20 18:29:00,22474,25.4862,25.52,25.49,25.52,25.425,168
2023-10-20 18:30:00,23043,25.4835,25.5,25.5,25.5,25.45,201
2023-10-20 18:31:00,2375,25.4937,25.5,25.48,25.5,25.48,44
2023-10-20 18:32:00,3541,25.495,25.48,25.5,25.5,25.48,42
2023-10-20 18:33:00,2025,25.5037,25.5,25.51,25.51,25.49,63
2023-10-20 18:34:00,1844,25.5364,25.53,25.54,25.55,25.53,46
2023-10-20 18:35:00,1708,25.5348,25.54,25.54,25.54,25.53,38
2023-10-20 18:36:00,2012,25.5422,25.55,25.52,25.56,25.52,49
2023-10-20 18:37:00,1161,25.5152,25.53,25.51,25.53,25.51,22
2023-10-20 18:38:00,5879,25.4827,25.49,25.49,25.5,25.45,68
2023-10-20 18:39:00,1587,25.5006,25.5,25.5,25.505,25.5,28
2023-10-20 18:40:00,2061,25.5076,25.505,25.505,25.52,25.49,44
2023-10-20 18:41:00,1437,25.512,25.505,25.51,25.5134,25.505,8
2023-10-20 18:42:00,1160,25.5019,25.51,25.49,25.51,25.49,8
2023-10-20 18:43:00,2985,25.4985,25.49,25.48,25.51,25.48,48
2023-10-20 18:44:00,3330,25.4921,25.48,25.5,25.5,25.48,33
2023-10-20 18:45:00,2217,25.5186,25.51,25.54,25.54,25.51,53
2023-10-20 18:46:00,1721,25.4998,25.52,25.49,25.52,25.49,29
2023-10-20 18:47:00,1262,25.5177,25.54,25.51,25.54,25.51,22
2023-10-20 18:48:00,551,25.509,25.51,25.51,25.51,25.51,16
2023-10-20 18:49:00,927,25.5074,25.5,25.5,25.52,25.5,23
2023-10-20 18:50:00,19336,25.4272,25.5,25.3,25.5,25.26,310
2023-10-20 18:51:00,5211,25.2995,25.265,25.35,25.36,25.25,84
2023-10-20 18:52:00,3190,25.2949,25.34,25.27,25.34,25.26,51
2023-10-20 18:53:00,2926,25.2644,25.25,25.3,25.3,25.2,75
2023-10-20 18:54:00,222,25.26,25.27,25.27,25.27,25.27,8
2023-10-20 18:56:00,273,25.281,25.29,25.29,25.29,25.29,18
2023-10-20 18:57:00,4534,25.28,25.26,25.31,25.31,25.26,119
2023-10-20 18:58:00,334,25.3096,25.295,25.27,25.295,25.27,6
2023-10-20 19:00:00,2963,25.3342,25.31,25.38,25.38,25.3,60
2023-10-20 19:01:00,1572,25.3676,25.38,25.34,25.38,25.34,28
2023-10-20 19:02:00,238,25.3482,25.34,25.34,25.34,25.34,11
2023-10-20 19:03:00,2025,25.3371,25.355,25.33,25.355,25.33,47
2023-10-20 19:04:00,1224,25.2728,25.31,25.24,25.31,25.24,35
2023-10-20 19:05:00,2886,25.2771,25.2375,25.31,25.31,25.2375,60
2023-10-20 19:06:00,1936,25.2685,25.3,25.28,25.3,25.24,40
2023-10-20 19:07:00,1091,25.271,25.285,25.27,25.285,25.26,35
2023-10-20 19:08:00,605,25.2606,25.25,25.255,25.255,25.25,15
2023-10-20 19:09:00,1278,25.2562,25.27,25.24,25.27,25.24,37
2023-10-20 19:10:00,2940,25.1682,25.23,25.135,25.23,25.12,74
2023-10-20 19:11:00,7572,25.1358,25.1,25.2,25.2,25.1,147
2023-10-20 19:12:00,782,25.1787,25.19,25.16,25.19,25.16,19
2023-10-20 19:13:00,1524,25.1512,25.15,25.16,25.18,25.13,43
2023-10-20 19:14:00,1371,25.1712,25.17,25.17,25.18,25.17,33
2023-10-20 19:15:00,781,25.1645,25.17,25.175,25.175,25.16,21
2023-10-20 19:16:00,653,25.1894,25.19,25.2,25.2,25.19,31
2023-10-20 19:17:00,1516,25.2083,25.1913,25.225,25.225,25.1913,33
2023-10-20 19:18:00,2258,25.1941,25.22,25.18,25.22,25.18,54
2023-10-20 19:19:00,1425,25.1765,25.18,25.17,25.19,25.16,45
2023-10-20 19:20:00,2811,25.1112,25.165,25.05,25.165,25.05,69
2023-10-20 19:21:00,4512,25.0206,25.04,25.0,25.05,25.0,55
2023-10-20 19:22:00,1120,24.9535,24.96,24.92,24.96,24.92,30
2023-10-20 19:23:00,406,24.928,24.95,24.95,24.95,24.95,17
2023-10-20 19:24:00,1082,24.9284,24.93,24.93,24.96,24.9,18
2023-10-20 19:25:00,3990,24.8612,24.9,24.84,24.9,24.81,98
2023-10-20 19:26:00,5353,24.7997,24.835,24.795,24.835,24.76,98
2023-10-20 19:27:00,1405,24.8303,24.82,24.84,24.84,24.82,42
2023-10-20 19:28:00,630,24.8551,24.855,24.855,24.855,24.855,27
2023-10-20 19:29:00,3495,24.8376,24.84,24.845,24.845,24.825,63
2023-10-20 19:30:00,4354,24.8644,24.85,24.83,24.9,24.83,88
2023-10-20 19:31:00,2287,24.8858,24.83,24.915,24.92,24.83,63
2023-10-20 19:32:00,4453,24.9423,24.92,24.96,24.97,24.92,94
2023-10-20 19:33:00,1673,24.9104,24.94,24.89,24.94,24.89,52
2023-10-20 19:34:00,5226,24.8864,24.88,24.862,24.91,24.86,93
2023-10-20 19:35:00,2621,24.8499,24.85,24.855,24.855,24.84,53
2023-10-20 19:36:00,9497,24.8433,24.86,24.79,24.87,24.79,179
2023-10-20 19:37:00,8099,24.7742,24.78,24.73,24.81,24.73,166
2023-10-20 19:38:00,4443,24.7171,24.72,24.7,24.75,24.69,78
2023-10-20 19:39:00,4493,24.7533,24.7,24.74,24.755,24.7,75
2023-10-20 19:40:00,3540,24.7002,24.72,24.68,24.725,24.68,66
2023-10-20 19:41:00,3474,24.6541,24.66,24.66,24.66,24.645,82
2023-10-20 19:42:00,323,24.66,24.66,24.66,24.66,24.66,10
2023-10-20 19:43:00,5489,24.6717,24.665,24.68,24.69,24.66,123
2023-10-20 19:44:00,2420,24.6713,24.685,24.675,24.685,24.66,67
2023-10-20 19:45:00,2868,24.6443,24.67,24.63,24.67,24.62,76
2023-10-20 19:46:00,6845,24.6215,24.64,24.62,24.64,24.605,160
2023-10-20 19:47:00,2128,24.6121,24.62,24.59,24.62,24.59,60
2023-10-20 19:48:00,7746,24.63,24.62,24.64,24.64,24.62,133
2023-10-20 19:49:00,7073,24.6393,24.65,24.61,24.65,24.61,110
2023-10-20 19:50:00,6409,24.5621,24.61,24.51,24.62,24.51,122
2023-10-20 19:51:00,7606,24.5003,24.5,24.48,24.51,24.48,134
2023-10-20 19:52:00,13197,24.5139,24.5,24.54,24.54,24.485,259
2023-10-20 19:53:00,7826,24.5186,24.54,24.5,24.54,24.5,141
2023-10-20 19:54:00,6079,24.5079,24.51,24.5,24.52,24.49,122
2023-10-20 19:55:00,15939,24.5699,24.5,24.62,24.63,24.5,271
2023-10-20 19:56:00,13402,24.6217,24.62,24.63,24.635,24.6,229
2023-10-20 19:57:00,9812,24.6282,24.62,24.61,24.65,24.61,171
2023-10-20 19:58:00,8253,24.6177,24.62,24.61,24.63,24.6,169
2023-10-20 19:59:00,30139,24.5859,24.6,24.56,24.6,24.55,477
2023-10-20 20:00:00,9332,24.58,24.58,24.58,24.58,24.58,29
2023-10-20 20:20:00,676,24.58,24.58,24.58,24.58,24.58,1
2023-10-23 13:30:00,5513,24.55,24.55,24.55,24.55,24.55,7
2023-10-23 13:37:00,1878,24.3024,24.4,24.18,24.42,24.18,33
2023-10-23 13:38:00,1305,24.3183,24.34,24.34,24.34,24.34,30
2023-10-23 13:39:00,732,24.4021,24.4,24.4,24.4,24.4,8
2023-10-23 13:40:00,246,24.4941,24.495,24.495,24.495,24.495,8
2023-10-23 13:41:00,541,24.5753,24.58,24.58,24.58,24.58,6
2023-10-23 13:43:00,417,24.4797,24.495,24.495,24.495,24.495,13
2023-10-23 13:44:00,652,24.4332,24.42,24.42,24.42,24.42,25
2023-10-23 13:45:00,1714,24.5807,24.51,24.63,24.63,24.5,47
2023-10-23 13:46:00,1104,24.6382,24.66,24.62,24.66,24.62,14
2023-10-23 13:47:00,206,24.6432,24.645,24.645,24.645,24.645,5
2023-10-23 13:48:00,2268,24.6331,24.645,24.6,24.65,24.59,48
2023-10-23 13:49:00,608,24.6579,24.655,24.66,24.66,24.655,11
2023-10-23 13:50:00,750,24.6397,24.675,24.68,24.69,24.61,17
2023-10-23 13:51:00,2808,24.6636,24.66,24.665,24.675,24.66,23
2023-10-23 13:52:00,637,24.7303,24.665,24.77,24.77,24.665,14
2023-10-23 13:53:00,1352,24.8781,24.83,24.91,24.925,24.83,21
2023-10-23 13:54:00,421,24.8397,24.83,24.87,24.87,24.83,11
2023-10-23 13:56:00,2578,24.9357,24.92,24.993,24.993,24.92,23
2023-10-23 13:57:00,706,24.9081,24.92,24.935,24.935,24.9,23
2023-10-23 13:58:00,154,24.8845,24.895,24.895,24.895,24.895,11
2023-10-23 13:59:00,1290,24.9345,24.87,25.005,25.005,24.87,29
2023-10-23 14:00:00,414,25.0322,25.02,25.05,25.05,25.02,15
2023-10-23 14:01:00,1208,25.12,25.0945,25.14,25.14,25.0945,24
2023-10-23 14:02:00,3272,25.0431,25.08,25.087,25.1,25.01,43
2023-10-23 14:03:00,436,25.0524,25.09,25.02,25.09,25.02,9
2023-10-23 14:04:00,675,25.0496,25.05,25.05,25.05,25.05,20
2023-10-23 14:05:00,3892,25.0029,25.025,25.0,25.025,24.96,73
2023-10-23 14:06:00,3226,24.9593,25.0,24.89,25.0,24.89,49
2023-10-23 14:07:00,3400,24.8314,24.88,24.84,24.88,24.79,72
2023-10-23 14:08:00,2625,24.8381,24.86,24.805,24.86,24.8,43
2023-10-23 14:09:00,1754,24.803,24.79,24.83,24.83,24.77,36
2023-10-23 14:10:00,1165,24.8536,24.825,24.84,24.88,24.825,22
2023-10-23 14:11:00,2404,24.8483,24.82,24.8775,24.8775,24.8,32
2023-10-23 14:12:00,11395,24.9717,24.89,25.0,25.025,24.89,137
2023-10-23 14:13:00,2297,25.0244,24.99,25.05,25.05,24.98,39
2023-10-23 14:14:00,200,24.985,24.95,25.02,25.02,24.95,2
2023-10-23 14:15:00,607,24.9709,25.01,24.95,25.01,24.95,6
2023-10-23 14:18:00,1357,25.0547,25.04,25.04,25.06,25.04,43
2023-10-23 14:19:00,501,25.0505,25.07,25.06,25.07,25.06,7
2023-10-23 14:20:00,362,25.0576,25.06,25.06,25.06,25.06,6
2023-10-23 14:21:00,1036,25.0115,25.03,24.98,25.03,24.98,18
2023-10-23 14:22:00,2693,24.9942,24.985,24.995,25.01,24.985,30
2023-10-23 14:23:00,1821,25.0185,24.99,25.035,25.035,24.99,57
2023-10-23 14:24:00,22304,25.094,25.02,25.22,25.22,25.0,227
2023-10-23 14:25:00,20165,25.1952,25.23,25.06,25.245,25.01,275
2023-10-23 14:26:00,1514,25.0459,25.04,25.03,25.06,25.03,38
2023-10-23 14:27:00,1359,24.9939,25.03,25.0,25.03,24.96,38
2023-10-23 14:28:00,475,24.9635,24.97,24.96,24.97,24.96,9
2023-10-23 14:29:00,190,24.8741,24.89,24.89,24.89,24.89,8
2023-10-23 14:30:00,904,24.7963,24.83,24.69,24.83,24.69,19
2023-10-23 14:31:00,858,24.7517,24.69,24.77,24.77,24.69,19
2023-10-23 14:32:00,919,24.7395,24.73,24.73,24.73,24.73,29
2023-10-23 14:33:00,1513,24.7579,24.73,24.77,24.81,24.73,39
2023-10-23 14:34:00,942,24.7559,24.77,24.75,24.77,24.75,24
2023-10-23 14:35:00,706,24.7349,24.75,24.75,24.75,24.74,21
2023-10-23 14:37:00,1262,24.7313,24.69,24.75,24.75,24.69,49
2023-10-23 14:38:00,260,24.778,24.775,24.775,24.775,24.775,5
2023-10-23 14:39:00,1810,24.7554,24.77,24.71,24.8,24.71,44
2023-10-23 14:41:00,483,24.7194,24.71,24.71,24.71,24.71,16
2023-10-23 14:42:00,2825,24.7097,24.7,24.71,24.71,24.7,51
2023-10-23 14:43:00,1688,24.7331,24.71,24.71,24.75,24.71,47
2023-10-23 14:44:00,2802,24.7388,24.7399,24.74,24.74,24.7399,27
2023-10-23 14:47:00,239,24.7169,24.71,24.71,24.71,24.71,10
2023-10-23 14:49:00,442,24.6975,24.69,24.69,24.69,24.69,16
2023-10-23 14:50:00,254,24.7072,24.71,24.71,24.71,24.71,15
2023-10-23 14:51:00,1350,24.7298,24.715,24.74,24.74,24.715,29
2023-10-23 14:52:00,1169,24.7243,24.72,24.72,24.72,24.72,37
2023-10-23 14:53:00,1945,24.7076,24.71,24.705,24.71,24.7,52
2023-10-23 14:54:00,1062,24.6898,24.69,24.69,24.69,24.69,22
2023-10-23 14:55:00,220,24.6602,24.66,24.66,24.66,24.66,16
2023-10-23 14:56:00,3524,24.6577,24.6601,24.63,24.67,24.63,34
2023-10-23 14:57:00,279,24.6372,24.64,24.64,24.64,24.64,9
2023-10-23 14:58:00,1086,24.6332,24.6225,24.631,24.631,24.6225,23
2023-10-23 14:59:00,1747,24.6529,24.63,24.645,24.67,24.63,68
2023-10-23 15:00:00,2387,24.7009,24.7,24.66,24.72,24.66,62
2023-10-23 15:01:00,784,24.6765,24.67,24.68,24.68,24.67,21
2023-10-23 15:02:00,1051,24.6726,24.67,24.68,24.68,24.67,26
2023-10-23 15:03:00,247,24.6613,24.665,24.665,24.665,24.665,7
2023-10-23 15:04:00,4921,24.6601,24.6537,24.66,24.69,24.64,118
2023-10-23 15:05:00,946,24.668,24.69,24.653,24.69,24.653,16
2023-10-23 15:06:00,680,24.6973,24.675,24.7,24.72,24.675,24
2023-10-23 15:07:00,1648,24.7317,24.72,24.74,24.75,24.71,49
2023-10-23 15:08:00,724,24.7625,24.74,24.775,24.775,24.74,22
2023-10-23 15:09:00,1047,24.7399,24.75,24.73,24.75,24.73,21
2023-10-23 15:10:00,1225,24.7818,24.75,24.81,24.81,24.75,22
2023-10-23 15:11:00,691,24.8167,24.83,24.83,24.83,24.83,29
2023-10-23 15:12:00,290,24.8116,24.805,24.805,24.805,24.805,7
2023-10-23 15:14:00,906,24.8051,24.805,24.805,24.805,24.805,12
2023-10-23 15:15:00,564,24.8088,24.805,24.805,24.805,24.805,23
2023-10-23 15:16:00,421,24.8252,24.82,24.82,24.82,24.82,8
2023-10-23 15:17:00,278,24.8092,24.81,24.815,24.815,24.81,10
2023-10-23 15:18:00,272,24.8107,24.815,24.815,24.815,24.815,9
2023-10-23 15:19:00,1767,24.8327,24.83,24.83,24.84,24.83,59
2023-10-23 15:20:00,421,24.8211,24.82,24.825,24.825,24.82,14
2023-10-23 15:22:00,1501,24.8615,24.84,24.87,24.87,24.84,63
2023-10-23 15:23:00,939,24.8915,24.91,24.87,24.91,24.87,26
2023-10-23 15:25:00,125,24.863,24.865,24.865,24.865,24.865,6
2023-10-23 15:26:00,229,24.8448,24.84,24.84,24.84,24.84,7
2023-10-23 15:27:00,963,24.8362,24.84,24.84,24.84,24.84,28
2023-10-23 15:28:00,828,24.8458,24.85,24.841,24.85,24.841,27
2023-10-23 15:29:00,572,24.8545,24.86,24.84,24.86,24.84,18
2023-10-23 15:30:00,848,24.8846,24.88,24.88,24.89,24.88,29
2023-10-23 15:31:00,881,24.8813,24.883,24.88,24.883,24.88,20
2023-10-23 15:32:00,203,24.8905,24.871,24.871,24.871,24.871,10
2023-10-23 15:34:00,966,24.9332,24.92,24.93,24.93,24.92,30
2023-10-23 15:36:00,1479,24.9997,24.97,25.01,25.01,24.97,35
2023-10-23 15:39:00,2009,24.9826,24.99,24.96,25.0,24.96,44
2023-10-23 15:40:00,196,24.95,24.95,24.95,24.95,24.95,16
2023-10-23 15:41:00,565,24.9235,24.93,24.92,24.93,24.92,12
2023-10-23 15:42:00,1268,24.91,24.91,24.91,24.91,24.91,3
2023-10-23 15:43:00,451,24.8914,24.89,24.89,24.89,24.89,12
2023-10-23 15:44:00,449,24.8436,24.84,24.84,24.84,24.84,12
2023-10-23 15:45:00,276,24.7955,24.7817,24.7817,24.7817,24.7817,8
2023-10-23 15:47:00,649,24.7236,24.72,24.72,24.72,24.72,20
2023-10-23 15:49:00,215,24.6977,24.69,24.69,24.69,24.69,7
2023-10-23 15:50:00,248,24.7051,24.7025,24.7025,24.7025,24.7025,4
2023-10-23 15:51:00,1825,24.7432,24.74,24.755,24.76,24.72,30
2023-10-23 15:53:00,880,24.7248,24.72,24.72,24.72,24.72,23
2023-10-23 15:54:00,1001,24.6832,24.69,24.68,24.69,24.68,26
2023-10-23 15:55:00,101,24.6701,24.67,24.67,24.67,24.67,2
2023-10-23 15:56:00,589,24.6953,24.695,24.695,24.695,24.695,8
2023-10-23 15:57:00,520,24.6948,24.695,24.695,24.695,24.695,6
2023-10-23 15:58:00,1578,24.6781,24.695,24.67,24.695,24.67,29
2023-10-23 15:59:00,2156,24.7149,24.685,24.73,24.73,24.685,72
2023-10-23 16:00:00,219,24.758,24.76,24.76,24.76,24.76,5
2023-10-23 16:01:00,351,24.7467,24.75,24.74,24.75,24.74,7
2023-10-23 16:02:00,3075,24.7711,24.74,24.76,24.82,24.74,52
2023-10-23 16:03:00,381,24.7716,24.77,24.77,24.77,24.77,6
2023-10-23 16:04:00,217,24.7794,24.78,24.78,24.78,24.78,4
2023-10-23 16:05:00,484,24.8081,24.81,24.81,24.81,24.81,14
2023-10-23 16:06:00,366,24.8491,24.84,24.855,24.855,24.84,10
2023-10-23 16:11:00,210,24.8486,24.85,24.85,24.85,24.85,7
2023-10-23 16:13:00,257,24.8197,24.82,24.82,24.82,24.82,8
2023-10-23 16:19:00,428,24.7804,24.78,24.78,24.78,24.78,14
2023-10-23 16:20:00,487,24.7698,24.76,24.76,24.76,24.76,19
2023-10-23 16:21:00,785,24.7991,24.78,24.81,24.81,24.78,4
2023-10-23 16:22:00,858,24.8135,24.82,24.83,24.83,24.795,19
2023-10-23 16:23:00,375,24.8289,24.83,24.83,24.83,24.83,8
2023-10-23 16:24:00,207,24.8251,24.83,24.83,24.83,24.83,8
2023-10-23 16:25:00,327,24.8223,24.83,24.81,24.83,24.81,6
2023-10-23 16:26:00,204,24.8206,24.83,24.81,24.83,24.81,3
2023-10-23 16:28:00,1748,24.8244,24.83,24.83,24.83,24.81,50
2023-10-23 16:29:00,647,24.8458,24.85,24.85,24.85,24.85,21
2023-10-23 16:30:00,1012,24.8402,24.84,24.842,24.842,24.84,17
2023-10-23 16:31:00,132,24.8108,24.81,24.81,24.81,24.81,6
2023-10-23 16:33:00,1241,24.8463,24.85,24.86,24.86,24.84,31
2023-10-23 16:38:00,1585,24.9215,24.9,24.94,24.96,24.9,38
2023-10-23 16:39:00,259,24.9417,24.94,24.94,24.94,24.94,11
2023-10-23 16:40:00,307,24.941,24.94,24.94,24.94,24.94,5
2023-10-23 16:41:00,175,24.9429,24.945,24.945,24.945,24.945,3
2023-10-23 16:42:00,539,24.9471,24.96,24.94,24.96,24.94,11
2023-10-23 16:44:00,127,24.9739,24.975,24.975,24.975,24.975,6
2023-10-23 16:45:00,171,24.967,24.97,24.97,24.97,24.97,12
2023-10-23 16:46:00,104,24.965,24.965,24.965,24.965,24.965,3
2023-10-23 16:47:00,106,24.9652,24.965,24.965,24.965,24.965,4
2023-10-23 16:48:00,1217,24.9582,24.965,24.9515,24.965,24.95,13
2023-10-23 16:49:00,758,24.9543,24.965,24.95,24.965,24.95,19
2023-10-23 16:50:00,1431,24.9662,24.955,24.97,24.98,24.955,31
2023-10-23 16:52:00,430,24.9939,24.99,25.01,25.01,24.98,18
2023-10-23 16:53:00,1452,25.0624,25.02,25.09,25.09,25.02,39
2023-10-23 16:54:00,243,25.0772,25.08,25.08,25.08,25.08,4
2023-10-23 16:56:00,316,25.0998,25.1,25.1,25.1,25.1,3
2023-10-23 16:57:00,476,25.1287,25.12,25.145,25.145,25.12,24
2023-10-23 16:58:00,4338,25.1606,25.17,25.135,25.19,25.13,62
2023-10-23 16:59:00,923,25.1419,25.12,25.16,25.16,25.12,21
2023-10-23 17:00:00,263,25.1498,25.15,25.15,25.15,25.15,5
2023-10-23 17:02:00,1014,25.1312,25.13,25.13,25.13,25.12,22
2023-10-23 17:03:00,1344,25.1086,25.11,25.11,25.11,25.1,18
2023-10-23 17:04:00,900,25.1028,25.1,25.11,25.11,25.09,39
2023-10-23 17:05:00,1342,25.159,25.12,25.21,25.21,25.12,37
2023-10-23 17:06:00,280,25.186,25.19,25.19,25.19,25.19,16
2023-10-23 17:07:00,944,25.1804,25.19,25.1701,25.19,25.1701,14
2023-10-23 17:08:00,971,25.1589,25.17,25.14,25.17,25.14,23
2023-10-23 17:10:00,823,25.1347,25.13,25.15,25.15,25.13,15
2023-10-23 17:11:00,1952,25.1293,25.13,25.13,25.145,25.115,39
2023-10-23 17:13:00,333,25.1207,25.1,25.125,25.125,25.1,11
2023-10-23 17:14:00,831,25.1175,25.12,25.11,25.12,25.11,18
2023-10-23 17:15:00,560,25.0987,25.09,25.1,25.1,25.09,12
2023-10-23 17:16:00,254,25.1009,25.1,25.1,25.1,25.1,11
2023-10-23 17:17:00,709,25.0812,25.08,25.08,25.08,25.08,24
2023-10-23 17:18:00,440,25.0608,25.07,25.06,25.07,25.06,18
2023-10-23 17:19:00,993,25.0375,25.04,25.025,25.04,25.025,25
2023-10-23 17:20:00,1285,25.0724,25.065,25.08,25.08,25.065,45
2023-10-23 17:21:00,1384,25.0536,25.07,25.04,25.07,25.04,22
2023-10-23 17:23:00,1321,25.0226,25.03,25.01,25.03,25.01,22
2023-10-23 17:24:00,1579,25.0482,25.02,25.07,25.07,25.02,43
2023-10-23 17:25:00,101,25.075,25.075,25.075,25.075,25.075,2
2023-10-23 17:26:00,201,25.0825,25.09,25.075,25.09,25.075,3
2023-10-23 17:28:00,1007,25.0563,25.06,25.05,25.06,25.05,19
2023-10-23 17:29:00,1251,25.0726,25.055,25.09,25.09,25.055,23
2023-10-23 17:30:00,2225,25.0715,25.09,25.04,25.09,25.04,33
2023-10-23 17:32:00,742,25.0335,25.025,25.04,25.04,25.025,21
2023-10-23 17:33:00,957,25.0546,25.04,25.06,25.06,25.04,19
2023-10-23 17:35:00,1589,25.096,25.09,25.1,25.11,25.09,38
2023-10-23 17:36:00,105,25.1005,25.1,25.1,25.1,25.1,3
2023-10-23 17:38:00,3270,25.0767,25.08,25.1,25.1,25.05,71
2023-10-23 17:39:00,1288,25.0859,25.09,25.08,25.09,25.08,15
2023-10-23 17:40:00,485,25.0462,25.05,25.045,25.05,25.045,9
2023-10-23 17:41:00,1270,25.0499,25.04,25.04,25.06,25.04,31
2023-10-23 17:43:00,967,25.0782,25.08,25.08,25.08,25.08,24
2023-10-23 17:45:00,748,25.0672,25.075,25.065,25.075,25.06,13
2023-10-23 17:46:00,1198,25.0487,25.05,25.055,25.06,25.03,35
2023-10-23 17:47:00,1494,25.0845,25.08,25.09,25.09,25.07,41
2023-10-23 17:48:00,1477,25.1167,25.11,25.13,25.13,25.1,30
2023-10-23 17:49:00,3146,25.1247,25.14,25.115,25.14,25.115,32
2023-10-23 17:54:00,2819,25.0732,25.08,25.065,25.09,25.05,55
2023-10-23 17:55:00,823,25.0388,25.05,25.03,25.05,25.02,18
2023-10-23 17:56:00,401,25.0321,25.04,25.02,25.04,25.02,11
2023-10-23 17:57:00,785,25.0059,25.01,25.005,25.01,24.99,12
2023-10-23 17:58:00,863,24.9911,24.991,24.99,24.991,24.99,11
2023-10-23 18:00:00,2532,24.9965,24.98,25.01,25.01,24.98,44
2023-10-23 18:01:00,390,25.017,25.03,25.01,25.03,25.01,11
2023-10-23 18:03:00,640,24.9971,24.99,25.005,25.005,24.99,13
2023-10-23 18:04:00,110,25.0045,25.005,25.005,25.005,25.005,2
2023-10-23 18:05:00,1230,25.0193,25.02,25.02,25.02,25.015,30
2023-10-23 18:08:00,1451,25.0204,25.0,25.01,25.03,25.0,43
2023-10-23 18:09:00,298,25.0076,25.01,25.01,25.01,25.01,7
2023-10-23 18:10:00,1897,24.9999,25.0,25.0075,25.0075,24.99,32
2023-10-23 18:11:00,1540,24.9927,24.99,24.995,24.995,24.99,27
2023-10-23 18:12:00,113,24.9935,24.995,24.995,24.995,24.995,3
2023-10-23 18:13:00,3562,25.0339,25.01,25.08,25.08,25.0,68
2023-10-23 18:19:00,3837,25.0543,25.04,25.09,25.09,25.03,67
2023-10-23 18:20:00,920,25.0537,25.055,25.053,25.055,25.05,6
2023-10-23 18:21:00,1266,25.1011,25.09,25.105,25.11,25.09,28
2023-10-23 18:22:00,200,25.0913,25.09,25.09,25.09,25.09,3
2023-10-23 18:23:00,856,25.094,25.09,25.105,25.105,25.09,16
2023-10-23 18:26:00,106,25.105,25.105,25.105,25.105,25.105,7
2023-10-23 18:27:00,2287,25.1271,25.12,25.13,25.14,25.11,50
2023-10-23 18:29:00,236,25.1281,25.13,25.13,25.13,25.13,7
2023-10-23 18:30:00,3842,25.1259,25.12,25.15,25.15,25.12,56
2023-10-23 18:33:00,1770,25.1206,25.12,25.12,25.12,25.12,41
2023-10-23 18:34:00,4574,25.0968,25.12,25.0825,25.12,25.07,78
2023-10-23 18:35:00,1326,25.0968,25.095,25.09,25.1,25.09,26
2023-10-23 18:36:00,1359,25.0558,25.08,24.99,25.08,24.99,36
2023-10-23 18:37:00,1064,25.0055,25.01,25.0,25.0299,24.99,22
2023-10-23 18:39:00,290,24.9928,24.99,24.9914,24.9914,24.99,4
2023-10-23 18:40:00,766,25.0124,25.0,25.0,25.0,25.0,15
2023-10-23 18:41:00,4156,25.0361,25.02,25.03,25.05,25.02,67
2023-10-23 18:42:00,771,25.034,25.035,25.035,25.035,25.035,6
2023-10-23 18:43:00,3030,25.0215,25.02,25.015,25.03,25.01,60
2023-10-23 18:44:00,1973,24.9917,25.0,25.0,25.0,24.98,36
2023-10-23 18:45:00,1563,25.0127,24.99,25.03,25.03,24.99,33
2023-10-23 18:46:00,1579,25.0524,25.04,25.06,25.06,25.04,34
2023-10-23 18:47:00,621,25.082,25.08,25.08,25.08,25.08,14
2023-10-23 18:48:00,272,25.0753,25.075,25.075,25.075,25.075,6
2023-10-23 18:49:00,2005,25.0455,25.06,25.05,25.06,25.035,36
2023-10-23 18:50:00,3553,25.081,25.07,25.075,25.11,25.06,60
2023-10-23 18:52:00,1062,25.0478,25.05,25.04,25.05,25.04,24
2023-10-23 18:53:00,1234,25.05,25.04,25.05,25.05,25.04,34
2023-10-23 18:54:00,274,25.0586,25.06,25.055,25.06,25.055,6
2023-10-23 18:55:00,1520,25.0392,25.04,25.02,25.04,25.02,42
2023-10-23 18:58:00,1069,25.0126,25.02,25.01,25.02,25.01,22
2023-10-23 18:59:00,1622,25.0394,25.03,25.045,25.045,25.03,42
2023-10-23 19:00:00,897,25.0494,25.05,25.05,25.055,25.05,21
2023-10-23 19:01:00,1167,25.0326,25.04,25.0225,25.04,25.0225,17
2023-10-23 19:02:00,1426,25.0396,25.04,25.04,25.04,25.035,23
2023-10-23 19:04:00,1076,25.0676,25.06,25.08,25.08,25.06,25
2023-10-23 19:06:00,2256,25.0579,25.06,25.041,25.06,25.041,38
2023-10-23 19:07:00,815,25.0369,25.04,25.03,25.04,25.03,22
2023-10-23 19:08:00,4047,25.0515,25.03,25.03,25.08,25.03,62
2023-10-23 19:09:00,299,25.035,25.035,25.038,25.038,25.035,13
2023-10-23 19:12:00,1305,25.0249,25.034,25.03,25.05,25.01,42
2023-10-23 19:13:00,1961,25.0008,24.98,25.02,25.02,24.98,30
2023-10-23 19:14:00,613,25.0154,25.005,25.02,25.02,25.005,18
2023-10-23 19:15:00,2594,25.0036,25.01,24.995,25.01,24.99,38
2023-10-23 19:16:00,1512,24.9988,25.01,24.985,25.01,24.985,31
2023-10-23 19:17:00,628,24.9668,24.96,24.97,24.97,24.96,16
2023-10-23 19:18:00,332,24.9681,24.97,24.97,24.97,24.97,15
2023-10-23 19:19:00,328,24.9579,24.965,24.95,24.965,24.95,23
2023-10-23 19:20:00,904,24.9474,24.95,24.93,24.95,24.93,32
2023-10-23 19:21:00,484,24.9306,24.94,24.925,24.94,24.925,18
2023-10-23 19:22:00,1082,24.9035,24.905,24.89,24.911,24.89,25
2023-10-23 19:23:00,2860,24.8563,24.86,24.86,24.86,24.83,24
2023-10-23 19:24:00,258,24.824,24.835,24.835,24.835,24.835,12
2023-10-23 19:25:00,981,24.8075,24.82,24.805,24.82,24.8,35
2023-10-23 19:26:00,2264,24.8262,24.82,24.825,24.84,24.82,71
2023-10-23 19:27:00,1307,24.783,24.785,24.77,24.785,24.76,37
2023-10-23 19:28:00,1277,24.7838,24.78,24.79,24.79,24.78,37
2023-10-23 19:29:00,2968,24.8079,24.79,24.83,24.83,24.79,65
2023-10-23 19:30:00,2090,24.7914,24.81,24.77,24.81,24.77,53
2023-10-23 19:31:00,3593,24.7981,24.77,24.83,24.83,24.77,64
2023-10-23 19:32:00,3065,24.847,24.84,24.865,24.87,24.825,60
2023-10-23 19:33:00,777,24.8856,24.88,24.885,24.89,24.88,15
2023-10-23 19:34:00,917,24.872,24.88,24.87,24.885,24.87,29
2023-10-23 19:35:00,233,24.8684,24.87,24.865,24.87,24.865,8
2023-10-23 19:36:00,1695,24.846,24.85,24.84,24.85,24.84,67
2023-10-23 19:37:00,1370,24.8249,24.84,24.815,24.84,24.81,21
2023-10-23 19:38:00,256,24.8185,24.8174,24.82,24.82,24.8174,9
2023-10-23 19:39:00,614,24.8226,24.82,24.82,24.82,24.82,22
2023-10-23 19:40:00,1292,24.8261,24.82,24.83,24.83,24.82,37
2023-10-23 19:41:00,1236,24.8213,24.82,24.82,24.82,24.82,43
2023-10-23 19:42:00,2856,24.8375,24.83,24.84,24.845,24.83,84
2023-10-23 19:43:00,1323,24.851,24.84,24.86,24.86,24.84,44
2023-10-23 19:44:00,1797,24.8617,24.865,24.865,24.865,24.86,46
2023-10-23 19:45:00,5072,24.8448,24.85,24.87,24.87,24.83,108
2023-10-23 19:46:00,698,24.8597,24.88,24.8525,24.88,24.8525,35
2023-10-23 19:47:00,3236,24.8697,24.855,24.88,24.88,24.855,70
2023-10-23 19:48:00,401,24.8705,24.87,24.87,24.87,24.87,20
2023-10-23 19:49:00,1812,24.8706,24.88,24.86,24.88,24.86,52
2023-10-23 19:50:00,4494,24.8684,24.87,24.86,24.88,24.845,97
2023-10-23 19:51:00,727,24.8709,24.87,24.87,24.87,24.87,28
2023-10-23 19:52:00,3453,24.8698,24.875,24.875,24.875,24.86,64
2023-10-23 19:53:00,3401,24.8686,24.875,24.86,24.875,24.855,102
2023-10-23 19:54:00,3387,24.8555,24.86,24.85,24.865,24.85,98
2023-10-23 19:55:00,6377,24.8654,24.86,24.875,24.875,24.85,137
2023-10-23 19:56:00,3661,24.8635,24.87,24.85,24.87,24.85,127
2023-10-23 19:57:00,8183,24.8722,24.86,24.875,24.89,24.86,152
2023-10-23 19:58:00,6280,24.8805,24.88,24.88,24.885,24.875,124
2023-10-23 19:59:00,10452,24.8951,24.89,24.9,24.92,24.88,254
2023-10-23 20:00:00,10126,24.89,24.89,24.89,24.89,24.89,21
