t,v,vw,o,c,h,l,n
2024-04-25 12:14:00,1015.0,30.3251,30.36,30.32,30.36,30.32,11
2024-04-25 12:32:00,253.0,30.3758,30.38,30.38,30.38,30.38,2
2024-04-25 13:10:00,3337.0,30.0044,30.0,30.0,30.03,30.0,20
2024-04-25 13:14:00,2048.0,30.0034,30.0,30.0,30.05,30.0,8
2024-04-25 13:30:00,8646.0,30.0638,30.06,30.3,30.3,30.06,19
2024-04-25 13:31:00,2294.0,29.9994,30.01,30.0,30.01,29.94,31
2024-04-25 13:33:00,999.0,30.082,30.065,30.02,30.16,30.02,13
2024-04-25 13:34:00,12098.0,30.0044,30.0,30.02,30.12,30.0,12
2024-04-25 13:35:00,319.0,30.0902,30.08,30.095,30.095,30.08,9
2024-04-25 13:36:00,1632.0,30.0577,30.105,30.0567,30.105,30.01,29
2024-04-25 13:37:00,1854.0,30.0086,30.01,30.0,30.01,30.0,14
2024-04-25 13:38:00,330.0,29.9812,30.0,29.98,30.0,29.98,8
2024-04-25 13:39:00,1176.0,29.9794,29.985,29.96,29.985,29.96,12
2024-04-25 13:41:00,407.0,30.0531,30.06,30.08,30.08,30.025,8
2024-04-25 13:42:00,1585.0,30.0879,30.08,30.15,30.15,30.031,18
2024-04-25 13:43:00,1504.0,30.1623,30.145,30.17,30.17,30.145,17
2024-04-25 13:44:00,145.0,30.1855,30.1892,30.1892,30.1892,30.1892,4
2024-04-25 13:45:00,577.0,30.1492,30.14,30.14,30.14,30.14,17
2024-04-25 13:46:00,549.0,30.1447,30.155,30.14,30.155,30.14,9
2024-04-25 13:47:00,177.0,30.1356,30.14,30.14,30.14,30.14,2
2024-04-25 13:48:00,1552.0,30.0882,30.13,30.03,30.13,30.03,39
2024-04-25 13:49:00,333.0,30.0036,29.995,30.0,30.0,29.995,17
2024-04-25 13:50:00,1675.0,30.0332,30.05,30.01,30.05,30.01,23
2024-04-25 13:51:00,2172.0,30.0038,30.01,30.02,30.02,29.99,28
2024-04-25 13:52:00,6672.0,29.9816,30.0,30.01,30.02,29.96,72
2024-04-25 13:53:00,220.0,30.0097,30.01,30.01,30.01,30.01,9
2024-04-25 13:55:00,1582.0,29.9819,30.01,29.92,30.01,29.92,31
2024-04-25 13:56:00,1459.0,29.9287,29.94,29.93,29.94,29.92,26
2024-04-25 13:57:00,993.0,29.9406,29.935,29.95,29.95,29.93,20
2024-04-25 13:58:00,10306.0,29.9769,29.955,29.98,29.99,29.955,65
2024-04-25 13:59:00,10668.0,29.9809,29.99,29.95,30.0,29.95,58
2024-04-25 14:00:00,1067.0,29.935,29.95,29.93,29.95,29.93,21
2024-04-25 14:01:00,1104.0,29.93,29.93,29.93,29.93,29.93,16
2024-04-25 14:02:00,1809.0,29.9447,29.95,29.94,29.96,29.93,28
2024-04-25 14:03:00,10136.0,29.8818,29.925,29.87,29.925,29.85,104
2024-04-25 14:04:00,2716.0,29.8474,29.87,29.84,29.8825,29.82,47
2024-04-25 14:05:00,10292.0,29.8613,29.86,29.865,29.87,29.85,49
2024-04-25 14:06:00,6051.0,29.8832,29.865,29.88,29.905,29.865,85
2024-04-25 14:07:00,9918.0,29.8752,29.87,29.875,29.8825,29.87,20
2024-04-25 14:08:00,1793.0,29.8615,29.875,29.86,29.875,29.85,32
2024-04-25 14:09:00,1677.0,29.8548,29.841,29.86,29.87,29.841,29
2024-04-25 14:10:00,9210.0,29.8867,29.86,29.905,29.91,29.86,126
2024-04-25 14:11:00,6609.0,29.9854,29.93,30.05,30.07,29.92,105
2024-04-25 14:12:00,681.0,30.0856,30.06,30.08,30.1,30.06,12
2024-04-25 14:13:00,2864.0,30.1381,30.1,30.17,30.17,30.1,55
2024-04-25 14:14:00,12640.0,30.1389,30.17,30.12,30.17,30.11,79
2024-04-25 14:15:00,10862.0,30.1362,30.125,30.11,30.17,30.09,57
2024-04-25 14:16:00,642.0,30.0882,30.08,30.08,30.08,30.08,12
2024-04-25 14:17:00,763.0,30.117,30.12,30.1,30.12,30.1,10
2024-04-25 14:18:00,1265.0,30.1285,30.135,30.125,30.135,30.12,34
2024-04-25 14:19:00,335.0,30.093,30.09,30.1,30.1,30.09,8
2024-04-25 14:20:00,427.0,30.1006,30.1,30.105,30.105,30.09,7
2024-04-25 14:21:00,235.0,30.1003,30.09,30.11,30.11,30.09,6
2024-04-25 14:22:00,327.0,30.0961,30.11,30.11,30.11,30.11,11
2024-04-25 14:23:00,597.0,30.1062,30.1,30.115,30.115,30.1,14
2024-04-25 14:24:00,6342.0,30.1071,30.1054,30.12,30.15,30.09,62
2024-04-25 14:25:00,241.0,30.1283,30.13,30.13,30.13,30.13,10
2024-04-25 14:26:00,1174.0,30.1224,30.13,30.135,30.15,30.13,16
2024-04-25 14:27:00,3108.0,30.1214,30.15,30.12,30.15,30.115,55
2024-04-25 14:28:00,758.0,30.1269,30.13,30.115,30.13,30.115,15
2024-04-25 14:29:00,244.0,30.1299,30.13,30.13,30.13,30.13,8
2024-04-25 14:30:00,5232.0,30.0725,30.11,30.08,30.12,30.04,78
2024-04-25 14:31:00,1018.0,30.0966,30.09,30.08,30.11,30.08,14
2024-04-25 14:32:00,587.0,30.0869,30.095,30.08,30.095,30.08,20
2024-04-25 14:33:00,2900.0,30.0332,30.08,29.99,30.08,29.99,43
2024-04-25 14:34:00,1883.0,29.9728,29.985,29.96,29.985,29.96,19
2024-04-25 14:35:00,43317.0,29.9931,29.93,29.99,30.0,29.9,108
2024-04-25 14:36:00,2692.0,29.9848,29.975,30.01,30.01,29.97,37
2024-04-25 14:37:00,1475.0,30.0146,30.0,30.02,30.02,30.0,22
2024-04-25 14:38:00,2085.0,30.0102,30.02,30.01,30.02,30.0,32
2024-04-25 14:39:00,13270.0,30.0001,30.02,29.9845,30.02,29.9845,34
2024-04-25 14:40:00,1779.0,29.9643,29.98,29.95,29.98,29.95,27
2024-04-25 14:41:00,1375.0,29.9355,29.95,29.93,29.95,29.92,27
2024-04-25 14:42:00,835.0,29.9539,29.96,29.96,29.96,29.96,15
2024-04-25 14:43:00,3753.0,30.0051,29.98,30.03,30.03,29.98,52
2024-04-25 14:44:00,2788.0,30.0396,30.05,30.02,30.06,30.02,37
2024-04-25 14:45:00,1527.0,30.0477,30.04,30.045,30.06,30.04,28
2024-04-25 14:46:00,1654.0,30.0383,30.04,30.04,30.05,30.025,26
2024-04-25 14:47:00,946.0,30.0502,30.05,30.055,30.055,30.04,17
2024-04-25 14:48:00,669.0,30.0231,30.04,30.02,30.04,30.02,11
2024-04-25 14:49:00,1961.0,30.0277,30.015,30.03,30.03,30.015,5
2024-04-25 14:50:00,2480.0,29.9843,30.015,29.95,30.015,29.95,46
2024-04-25 14:51:00,366.0,29.9579,29.965,29.965,29.965,29.965,15
2024-04-25 14:52:00,1264.0,29.9407,29.965,29.93,29.965,29.93,32
2024-04-25 14:53:00,624.0,29.9148,29.91,29.91,29.925,29.91,10
2024-04-25 14:54:00,630.0,29.9391,29.91,29.93,29.93,29.91,13
2024-04-25 14:55:00,8185.0,29.9371,29.92,29.96,29.98,29.9,94
2024-04-25 14:56:00,4012.0,29.932,29.96,29.94,29.97,29.9,57
2024-04-25 14:57:00,538.0,29.9427,29.95,29.94,29.95,29.94,18
2024-04-25 14:58:00,605.0,29.9336,29.935,29.93,29.935,29.93,8
2024-04-25 14:59:00,724.0,29.9324,29.94,29.925,29.94,29.925,11
2024-04-25 15:00:00,2179.0,29.9016,29.91,29.91,29.91,29.89,56
2024-04-25 15:01:00,339.0,29.9185,29.92,29.92,29.92,29.915,5
2024-04-25 15:02:00,583.0,29.9059,29.915,29.9,29.915,29.9,12
2024-04-25 15:03:00,1976.0,29.9132,29.9,29.915,29.925,29.9,30
2024-04-25 15:04:00,1922.0,29.9057,29.92,29.91,29.92,29.9,22
2024-04-25 15:05:00,726.0,29.9019,29.9,29.9,29.9,29.9,18
2024-04-25 15:06:00,488.0,29.8968,29.905,29.905,29.905,29.905,9
2024-04-25 15:07:00,1225.0,29.9029,29.905,29.9,29.91,29.9,26
2024-04-25 15:08:00,890.0,29.898,29.9,29.895,29.9,29.895,22
2024-04-25 15:09:00,1827.0,29.8843,29.88,29.885,29.885,29.88,26
2024-04-25 15:10:00,1012.0,29.9021,29.905,29.89,29.905,29.89,32
2024-04-25 15:11:00,645.0,29.9055,29.905,29.91,29.91,29.905,13
2024-04-25 15:12:00,4169.0,29.9298,29.92,29.94,29.94,29.91,65
2024-04-25 15:13:00,2666.0,29.9464,29.93,29.94,29.96,29.93,40
2024-04-25 15:14:00,320.0,29.9538,29.95,29.96,29.96,29.95,6
2024-04-25 15:15:00,1530.0,29.952,29.96,29.94,29.96,29.94,34
2024-04-25 15:16:00,673.0,29.9409,29.95,29.94,29.95,29.93,18
2024-04-25 15:17:00,5509.0,29.9218,29.94,29.9,29.945,29.89,71
2024-04-25 15:18:00,12482.0,29.9097,29.89,29.92,29.92,29.88,49
2024-04-25 15:19:00,5165.0,29.8937,29.905,29.88,29.92,29.87,73
2024-04-25 15:20:00,991.0,29.8858,29.89,29.88,29.89,29.88,24
2024-04-25 15:21:00,2095.0,29.8959,29.88,29.9,29.9,29.88,42
2024-04-25 15:22:00,2080.0,29.9145,29.9,29.945,29.945,29.9,35
2024-04-25 15:23:00,1634.0,29.9499,29.95,29.95,29.95,29.95,45
2024-04-25 15:24:00,483.0,29.9557,29.95,29.96,29.96,29.95,16
2024-04-25 15:25:00,2188.0,29.9477,29.96,29.93,29.96,29.93,40
2024-04-25 15:26:00,424.0,29.9425,29.945,29.945,29.945,29.945,13
2024-04-25 15:27:00,1620.0,29.9353,29.95,29.93,29.95,29.93,35
2024-04-25 15:28:00,623.0,29.9411,29.935,29.945,29.945,29.935,15
2024-04-25 15:29:00,702.0,29.948,29.945,29.95,29.95,29.945,12
2024-04-25 15:30:00,1226.0,29.9471,29.95,29.95,29.9599,29.94,11
2024-04-25 15:31:00,6236.0,29.9801,29.95,30.02,30.02,29.95,82
2024-04-25 15:32:00,655.0,30.0067,30.01,30.0128,30.0152,30.01,17
2024-04-25 15:33:00,3574.0,29.9897,30.005,29.97,30.01,29.97,55
2024-04-25 15:34:00,233.0,29.9793,29.975,29.98,29.98,29.975,5
2024-04-25 15:35:00,1891.0,29.9957,29.99,30.0,30.0,29.99,36
2024-04-25 15:36:00,1693.0,30.0072,29.99,30.02,30.02,29.99,23
2024-04-25 15:37:00,494.0,30.0312,30.03,30.04,30.04,30.03,12
2024-04-25 15:38:00,5248.0,30.035,30.045,30.03,30.0496,30.03,74
2024-04-25 15:39:00,1892.0,30.0033,30.01,30.0,30.01,30.0,25
2024-04-25 15:40:00,1484.0,29.9905,30.005,29.97,30.005,29.97,26
2024-04-25 15:41:00,1030.0,29.9665,29.98,29.96,29.98,29.96,13
2024-04-25 15:42:00,227.0,29.9816,29.98,29.98,29.98,29.98,11
2024-04-25 15:43:00,705.0,29.9798,29.97,29.98,29.98,29.97,16
2024-04-25 15:44:00,2096.0,29.9781,29.97,29.99,29.99,29.97,34
2024-04-25 15:45:00,1994.0,29.9924,29.985,29.98,30.0,29.98,35
2024-04-25 15:46:00,1943.0,29.9621,29.985,29.94,29.985,29.94,44
2024-04-25 15:47:00,1389.0,29.9475,29.95,29.95,29.95,29.94,16
2024-04-25 15:48:00,1621.0,29.9382,29.96,29.925,29.96,29.925,26
2024-04-25 15:49:00,339.0,29.9288,29.93,29.93,29.93,29.93,7
2024-04-25 15:50:00,795.0,29.9263,29.93,29.92,29.93,29.92,19
2024-04-25 15:51:00,972.0,29.9446,29.935,29.95,29.95,29.93,18
2024-04-25 15:52:00,1410.0,29.9341,29.95,29.92,29.95,29.92,42
2024-04-25 15:53:00,1316.0,29.9051,29.91,29.92,29.92,29.9,17
2024-04-25 15:54:00,4566.0,29.9442,29.91,29.955,29.96,29.91,55
2024-04-25 15:55:00,587.0,29.9526,29.955,29.95,29.955,29.95,11
2024-04-25 15:56:00,1611.0,29.9419,29.95,29.94,29.95,29.935,28
2024-04-25 15:57:00,1309.0,29.9325,29.93,29.93,29.93,29.93,16
2024-04-25 15:58:00,2254.0,29.9647,29.95,29.98,29.98,29.95,40
2024-04-25 15:59:00,1047.0,29.9717,29.98,29.98,29.98,29.97,18
2024-04-25 16:00:00,1074.0,29.9679,29.9702,29.95,29.98,29.95,21
2024-04-25 16:01:00,1205.0,29.9426,29.94,29.93,29.94,29.93,30
2024-04-25 16:02:00,696.0,29.955,29.955,29.955,29.955,29.955,14
2024-04-25 16:03:00,578.0,29.9679,29.96,29.97,29.97,29.96,11
2024-04-25 16:04:00,1537.0,29.9675,29.97,29.96,29.9731,29.96,20
2024-04-25 16:05:00,1673.0,29.9606,29.97,29.96,29.97,29.96,32
2024-04-25 16:06:00,1563.0,29.9763,29.97,29.98,29.99,29.97,28
2024-04-25 16:07:00,501.0,29.9936,30.0,30.0,30.0,30.0,26
2024-04-25 16:08:00,317.0,29.9865,29.99,29.98,29.99,29.98,8
2024-04-25 16:09:00,914.0,29.9811,29.99,29.97,29.99,29.97,31
2024-04-25 16:10:00,1198.0,29.9439,29.96,29.92,29.96,29.92,40
2024-04-25 16:11:00,3744.0,29.9094,29.91,29.94,29.94,29.885,67
2024-04-25 16:12:00,297.0,29.9421,29.945,29.94,29.945,29.94,12
2024-04-25 16:13:00,416.0,29.93,29.93,29.93,29.93,29.93,15
2024-04-25 16:15:00,1347.0,29.92,29.93,29.915,29.93,29.91,20
2024-04-25 16:16:00,358.0,29.9156,29.92,29.92,29.92,29.92,10
2024-04-25 16:17:00,464.0,29.9202,29.92,29.915,29.92,29.915,13
2024-04-25 16:18:00,1981.0,29.9235,29.925,29.94,29.94,29.92,35
2024-04-25 16:19:00,5178.0,29.9792,29.94,29.985,30.0,29.94,62
2024-04-25 16:20:00,2427.0,30.0009,30.0,30.005,30.01,29.99,36
2024-04-25 16:21:00,1662.0,30.0256,30.02,30.04,30.045,30.02,26
2024-04-25 16:22:00,1802.0,30.0159,30.03,30.015,30.03,30.0,56
2024-04-25 16:23:00,2154.0,30.0327,30.015,30.035,30.04,30.015,27
2024-04-25 16:24:00,586.0,30.0361,30.05,30.02,30.05,30.02,16
2024-04-25 16:25:00,1658.0,30.0109,30.015,30.02,30.02,30.0,23
2024-04-25 16:26:00,367.0,30.021,30.02,30.02,30.02,30.02,8
2024-04-25 16:27:00,2214.0,30.0284,30.03,30.04,30.04,30.02,32
2024-04-25 16:28:00,1861.0,30.0548,30.04,30.065,30.065,30.04,25
2024-04-25 16:29:00,5628.0,30.0642,30.065,30.08,30.09,30.06,38
2024-04-25 16:30:00,956.0,30.0826,30.08,30.08,30.09,30.08,16
2024-04-25 16:31:00,653.0,30.0875,30.08,30.1,30.1,30.08,12
2024-04-25 16:32:00,1576.0,30.0924,30.09,30.11,30.11,30.09,35
2024-04-25 16:33:00,4746.0,30.102,30.11,30.1,30.11,30.09,55
2024-04-25 16:34:00,1140.0,30.096,30.1,30.1,30.1,30.09,18
2024-04-25 16:35:00,1793.0,30.0909,30.09,30.095,30.105,30.08,32
2024-04-25 16:36:00,1213.0,30.0944,30.09,30.1,30.1,30.09,15
2024-04-25 16:37:00,3751.0,30.096,30.1,30.09,30.1,30.09,47
2024-04-25 16:38:00,3520.0,30.0657,30.08,30.05,30.09,30.05,49
2024-04-25 16:39:00,2246.0,30.0434,30.05,30.04,30.05,30.04,39
2024-04-25 16:40:00,1973.0,30.03,30.03,30.03,30.03,30.03,26
2024-04-25 16:41:00,1552.0,30.0212,30.02,30.0299,30.0299,30.02,26
2024-04-25 16:42:00,1210.0,30.0154,30.02,30.02,30.02,30.01,13
2024-04-25 16:43:00,3746.0,30.0338,30.02,30.0375,30.04,30.02,41
2024-04-25 16:44:00,3736.0,30.0246,30.04,30.02,30.04,30.02,39
2024-04-25 16:45:00,5294.0,30.0072,30.01,30.005,30.01,30.0,57
2024-04-25 16:46:00,2494.0,30.0254,30.01,30.03,30.035,30.0075,31
2024-04-25 16:47:00,1308.0,30.0395,30.03,30.04,30.05,30.03,23
2024-04-25 16:48:00,2510.0,30.0281,30.04,30.02,30.04,30.01,51
2024-04-25 16:49:00,1573.0,30.0024,30.01,29.99,30.01,29.99,30
2024-04-25 16:50:00,5501.0,30.0086,29.99,30.04,30.04,29.975,78
2024-04-25 16:51:00,1683.0,30.0163,30.03,30.01,30.03,30.01,23
2024-04-25 16:52:00,1756.0,29.9999,30.01,29.995,30.01,29.995,19
2024-04-25 16:53:00,416.0,30.0075,30.0,30.01,30.01,30.0,7
2024-04-25 16:54:00,2110.0,30.0132,30.0,30.015,30.03,30.0,29
2024-04-25 16:55:00,2393.0,30.0475,30.03,30.06,30.07,30.03,40
2024-04-25 16:56:00,1702.0,30.0466,30.05,30.055,30.06,30.05,22
2024-04-25 16:57:00,5671.0,30.0745,30.05,30.11,30.11,30.05,58
2024-04-25 16:58:00,2813.0,30.1159,30.11,30.13,30.13,30.105,32
2024-04-25 16:59:00,2188.0,30.1049,30.1,30.12,30.12,30.1,51
2024-04-25 17:00:00,482.0,30.1341,30.13,30.13,30.14,30.13,8
2024-04-25 17:01:00,2796.0,30.1271,30.12,30.145,30.16,30.115,38
2024-04-25 17:02:00,2071.0,30.121,30.13,30.12,30.13,30.11,40
2024-04-25 17:03:00,1890.0,30.1335,30.14,30.13,30.14,30.13,34
2024-04-25 17:04:00,814.0,30.121,30.11,30.12,30.125,30.11,28
2024-04-25 17:05:00,221.0,30.1155,30.11,30.12,30.12,30.11,17
2024-04-25 17:06:00,5702.0,30.0831,30.11,30.07,30.11,30.07,86
2024-04-25 17:07:00,1037.0,30.0492,30.06,30.03,30.06,30.03,34
2024-04-25 17:08:00,1585.0,30.0172,30.02,30.0,30.03,30.0,42
2024-04-25 17:09:00,600.0,29.9982,30.0,29.99,30.0,29.99,16
2024-04-25 17:10:00,842.0,30.0046,29.99,30.0,30.0,29.99,25
2024-04-25 17:12:00,807.0,29.9862,29.99,29.98,29.99,29.98,24
2024-04-25 17:13:00,947.0,29.9777,29.995,29.965,29.995,29.965,19
2024-04-25 17:14:00,1112.0,29.951,29.95,29.95,29.96,29.95,22
2024-04-25 17:15:00,280.0,29.9615,29.965,29.965,29.965,29.965,8
2024-04-25 17:16:00,350.0,29.9523,29.95,29.95,29.95,29.95,9
2024-04-25 17:17:00,2382.0,29.9562,29.965,29.95,29.965,29.95,34
2024-04-25 17:18:00,473.0,29.9401,29.93,29.9597,29.9597,29.93,9
2024-04-25 17:19:00,3780.0,29.9544,29.95,29.96,29.965,29.94,31
2024-04-25 17:20:00,864.0,29.9625,29.965,29.965,29.965,29.95,16
2024-04-25 17:21:00,1247.0,29.9662,29.96,29.97,29.97,29.96,42
2024-04-25 17:22:00,1780.0,29.9272,29.93,29.92,29.93,29.92,34
2024-04-25 17:23:00,2107.0,29.8926,29.9,29.91,29.91,29.86,33
2024-04-25 17:24:00,536.0,29.893,29.89,29.905,29.905,29.89,15
2024-04-25 17:25:00,1028.0,29.9244,29.92,29.928,29.93,29.92,11
2024-04-25 17:26:00,1488.0,29.909,29.925,29.905,29.925,29.9,30
2024-04-25 17:27:00,294.0,29.9138,29.915,29.91,29.915,29.91,7
2024-04-25 17:28:00,780.0,29.9252,29.93,29.92,29.93,29.92,16
2024-04-25 17:29:00,373.0,29.9132,29.915,29.915,29.915,29.915,8
2024-04-25 17:30:00,3331.0,29.9263,29.91,29.945,29.945,29.91,51
2024-04-25 17:31:00,528.0,29.9464,29.94,29.95,29.95,29.94,9
2024-04-25 17:32:00,221.0,29.9665,29.97,29.97,29.97,29.97,8
2024-04-25 17:33:00,1906.0,29.9631,29.96,29.97,29.97,29.96,24
2024-04-25 17:34:00,417.0,29.9801,29.98,29.98,29.98,29.98,14
2024-04-25 17:35:00,3259.0,29.9924,29.98,29.99,30.0,29.98,46
2024-04-25 17:36:00,138.0,29.991,29.99,29.99,29.99,29.99,8
2024-04-25 17:37:00,3661.0,30.0077,29.99,30.025,30.0275,29.99,44
2024-04-25 17:38:00,1337.0,30.0211,30.03,30.01,30.03,30.01,31
2024-04-25 17:39:00,1443.0,30.0128,30.01,30.02,30.02,30.01,18
2024-04-25 17:40:00,1378.0,30.0179,30.025,30.01,30.025,30.01,23
2024-04-25 17:41:00,1427.0,29.985,30.0,29.97,30.0,29.97,28
2024-04-25 17:42:00,1069.0,29.9684,29.97,29.97,29.97,29.97,22
2024-04-25 17:43:00,386.0,29.9654,29.96,29.97,29.97,29.96,12
2024-04-25 17:44:00,1023.0,29.9605,29.96,29.95,29.96,29.95,25
2024-04-25 17:45:00,4379.0,29.9715,29.96,29.98,29.98,29.96,37
2024-04-25 17:46:00,1425.0,29.9918,29.99,29.99,30.0,29.98,29
2024-04-25 17:47:00,1822.0,30.0073,29.99,30.02,30.02,29.99,37
2024-04-25 17:48:00,11884.0,30.0064,30.01,30.06,30.06,30.0,40
2024-04-25 17:49:00,1497.0,30.0855,30.07,30.09,30.1,30.06,29
2024-04-25 17:50:00,3760.0,30.0826,30.09,30.08,30.1,30.08,60
2024-04-25 17:51:00,1369.0,30.0787,30.07,30.0853,30.0853,30.07,21
2024-04-25 17:52:00,8297.0,30.0976,30.085,30.1,30.1,30.085,83
2024-04-25 17:53:00,2086.0,30.0978,30.095,30.1,30.1,30.095,28
2024-04-25 17:54:00,9135.0,30.1272,30.1,30.115,30.15,30.095,80
2024-04-25 17:55:00,971.0,30.139,30.13,30.15,30.15,30.13,15
2024-04-25 17:56:00,28447.0,30.1462,30.15,30.215,30.215,30.14,41
2024-04-25 17:57:00,681.0,30.1997,30.2,30.2,30.2,30.2,12
2024-04-25 17:58:00,4131.0,30.1618,30.18,30.15,30.18,30.15,55
2024-04-25 17:59:00,9689.0,30.2018,30.2,30.23,30.23,30.2,71
2024-04-25 18:00:00,3827.0,30.1758,30.23,30.15,30.23,30.14,43
2024-04-25 18:01:00,222.0,30.153,30.155,30.155,30.155,30.155,9
2024-04-25 18:02:00,2203.0,30.1568,30.155,30.16,30.16,30.155,27
2024-04-25 18:03:00,1007.0,30.1635,30.165,30.17,30.17,30.155,28
2024-04-25 18:04:00,2249.0,30.1723,30.175,30.17,30.18,30.17,47
2024-04-25 18:05:00,9174.0,30.2186,30.175,30.26,30.26,30.175,93
2024-04-25 18:06:00,4369.0,30.2567,30.26,30.25,30.27,30.25,58
2024-04-25 18:07:00,3555.0,30.2577,30.26,30.28,30.28,30.25,47
2024-04-25 18:08:00,2422.0,30.3109,30.29,30.32,30.32,30.29,43
2024-04-25 18:09:00,2665.0,30.3156,30.32,30.305,30.32,30.305,36
2024-04-25 18:10:00,2870.0,30.285,30.31,30.26,30.32,30.25,44
2024-04-25 18:11:00,762.0,30.2507,30.25,30.255,30.255,30.25,16
2024-04-25 18:12:00,4087.0,30.2578,30.24,30.27,30.27,30.24,57
2024-04-25 18:13:00,806.0,30.2606,30.26,30.26,30.265,30.26,12
2024-04-25 18:14:00,1797.0,30.2655,30.27,30.27,30.28,30.27,25
2024-04-25 18:15:00,1075.0,30.2684,30.27,30.27,30.27,30.265,23
2024-04-25 18:16:00,1648.0,30.2647,30.27,30.27,30.27,30.25,34
2024-04-25 18:17:00,235.0,30.2712,30.27,30.27,30.27,30.27,5
2024-04-25 18:18:00,1790.0,30.2549,30.27,30.25,30.27,30.25,31
2024-04-25 18:19:00,2062.0,30.2563,30.25,30.27,30.27,30.25,38
2024-04-25 18:20:00,227.0,30.2706,30.27,30.27,30.27,30.27,11
2024-04-25 18:21:00,407.0,30.2704,30.27,30.27,30.27,30.27,13
2024-04-25 18:22:00,2739.0,30.2527,30.27,30.25,30.27,30.25,38
2024-04-25 18:23:00,2674.0,30.2509,30.25,30.26,30.26,30.24,32
2024-04-25 18:25:00,7253.0,30.2529,30.26,30.24,30.27,30.23,85
2024-04-25 18:26:00,2232.0,30.2372,30.25,30.22,30.25,30.22,62
2024-04-25 18:27:00,3610.0,30.1776,30.19,30.18,30.19,30.17,63
2024-04-25 18:28:00,28172.0,30.1408,30.17,30.14,30.17,30.135,63
2024-04-25 18:29:00,2672.0,30.1268,30.14,30.11,30.14,30.11,50
2024-04-25 18:30:00,3780.0,30.123,30.09,30.12,30.14,30.09,50
2024-04-25 18:31:00,35183.0,30.13,30.12,30.13,30.135,30.12,21
2024-04-25 18:32:00,2962.0,30.151,30.145,30.15,30.16,30.14,47
2024-04-25 18:33:00,40265.0,30.1421,30.15,30.18,30.18,30.14,49
2024-04-25 18:34:00,6835.0,30.1528,30.19,30.14,30.19,30.14,102
2024-04-25 18:35:00,2143.0,30.1425,30.14,30.14,30.14,30.14,29
2024-04-25 18:36:00,2986.0,30.1387,30.14,30.14,30.15,30.135,36
2024-04-25 18:37:00,571.0,30.1385,30.14,30.15,30.15,30.14,22
2024-04-25 18:38:00,7525.0,30.1401,30.155,30.15,30.16,30.1375,28
2024-04-25 18:39:00,1835.0,30.1579,30.15,30.16,30.17,30.15,26
2024-04-25 18:40:00,28274.0,30.1409,30.16,30.145,30.16,30.14,57
2024-04-25 18:41:00,4847.0,30.1411,30.1525,30.14,30.155,30.13,56
2024-04-25 18:42:00,602.0,30.1341,30.14,30.13,30.14,30.13,18
2024-04-25 18:43:00,1441.0,30.1344,30.15,30.14,30.15,30.13,24
2024-04-25 18:44:00,2102.0,30.1197,30.13,30.11,30.13,30.11,53
2024-04-25 18:46:00,2763.0,30.1063,30.1,30.095,30.1,30.09,42
2024-04-25 18:47:00,16196.0,30.1092,30.1,30.11,30.15,30.1,76
2024-04-25 18:48:00,41948.0,30.1003,30.115,30.1,30.12,30.095,50
2024-04-25 18:49:00,7267.0,30.134,30.12,30.145,30.16,30.12,35
2024-04-25 18:50:00,10530.0,30.1709,30.19,30.1,30.21,30.1,89
2024-04-25 18:51:00,301.0,30.12,30.12,30.12,30.12,30.12,4
2024-04-25 18:52:00,1512.0,30.115,30.115,30.11,30.125,30.11,16
2024-04-25 18:53:00,6998.0,30.0992,30.11,30.1,30.11,30.08,82
2024-04-25 18:54:00,1100.0,30.0872,30.1,30.09,30.1,30.08,21
2024-04-25 18:55:00,17102.0,30.0969,30.08,30.1,30.1,30.07,81
2024-04-25 18:56:00,3681.0,30.1293,30.095,30.14,30.15,30.095,53
2024-04-25 18:57:00,2531.0,30.1698,30.15,30.19,30.19,30.15,38
2024-04-25 18:58:00,2545.0,30.2086,30.19,30.24,30.24,30.19,33
2024-04-25 18:59:00,585.0,30.2298,30.23,30.23,30.23,30.23,15
2024-04-25 19:00:00,1703.0,30.217,30.22,30.23,30.23,30.21,32
2024-04-25 19:01:00,256.0,30.2192,30.22,30.22,30.22,30.22,9
2024-04-25 19:02:00,1755.0,30.2365,30.22,30.26,30.26,30.22,42
2024-04-25 19:03:00,1016.0,30.2455,30.259,30.26,30.26,30.259,20
2024-04-25 19:04:00,1252.0,30.2813,30.27,30.28,30.289,30.27,32
2024-04-25 19:05:00,10071.0,30.2271,30.28,30.2,30.28,30.19,129
2024-04-25 19:06:00,1751.0,30.2224,30.2,30.25,30.25,30.2,27
2024-04-25 19:07:00,227.0,30.2465,30.24,30.25,30.25,30.24,7
2024-04-25 19:08:00,1501.0,30.2347,30.25,30.25,30.25,30.25,9
2024-04-25 19:09:00,2359.0,30.2359,30.25,30.24,30.25,30.225,40
2024-04-25 19:10:00,1152.0,30.2302,30.23,30.23,30.23,30.23,15
2024-04-25 19:11:00,925.0,30.2241,30.23,30.22,30.23,30.22,20
2024-04-25 19:12:00,1166.0,30.2112,30.21,30.2,30.21,30.2,16
2024-04-25 19:13:00,1565.0,30.1964,30.2,30.19,30.205,30.19,32
2024-04-25 19:14:00,285.0,30.19,30.19,30.19,30.19,30.19,9
2024-04-25 19:15:00,997.0,30.1943,30.2,30.19,30.2,30.19,18
2024-04-25 19:16:00,804.0,30.1812,30.2,30.17,30.2,30.17,25
2024-04-25 19:17:00,2173.0,30.1971,30.19,30.1997,30.2,30.18,16
2024-04-25 19:18:00,4523.0,30.2032,30.2,30.2,30.21,30.2,35
2024-04-25 19:19:00,1139.0,30.2038,30.21,30.2,30.21,30.2,54
2024-04-25 19:20:00,10676.0,30.2055,30.2,30.2,30.22,30.2,141
2024-04-25 19:21:00,4428.0,30.2139,30.2,30.22,30.22,30.2,58
2024-04-25 19:22:00,1978.0,30.2087,30.21,30.22,30.22,30.21,34
2024-04-25 19:23:00,2318.0,30.2039,30.22,30.2,30.22,30.19,59
2024-04-25 19:24:00,27458.0,30.2238,30.2,30.26,30.275,30.2,118
2024-04-25 19:25:00,2638.0,30.2579,30.2899,30.245,30.2899,30.245,52
2024-04-25 19:26:00,22643.0,30.2073,30.26,30.2,30.26,30.2,143
2024-04-25 19:27:00,2781.0,30.219,30.2,30.23,30.23,30.2,22
2024-04-25 19:28:00,2920.0,30.2341,30.23,30.255,30.255,30.23,36
2024-04-25 19:29:00,1173.0,30.247,30.25,30.25,30.25,30.24,24
2024-04-25 19:30:00,1607.0,30.2566,30.25,30.26,30.26,30.24,24
2024-04-25 19:31:00,2525.0,30.2837,30.27,30.29,30.3,30.27,37
2024-04-25 19:32:00,4928.0,30.2861,30.29,30.26,30.3,30.26,73
2024-04-25 19:33:00,315.0,30.2611,30.26,30.26,30.26,30.26,6
2024-04-25 19:34:00,1253.0,30.2761,30.27,30.28,30.28,30.27,26
2024-04-25 19:35:00,4771.0,30.2778,30.28,30.28,30.299,30.27,78
2024-04-25 19:36:00,3381.0,30.2617,30.275,30.2506,30.275,30.25,78
2024-04-25 19:37:00,725.0,30.2536,30.255,30.25,30.255,30.25,32
2024-04-25 19:38:00,1561.0,30.238,30.24,30.23,30.24,30.23,46
2024-04-25 19:39:00,3284.0,30.2351,30.23,30.24,30.25,30.225,38
2024-04-25 19:40:00,3562.0,30.2197,30.23,30.21,30.23,30.2,74
2024-04-25 19:41:00,4972.0,30.1882,30.2,30.16,30.2,30.16,93
2024-04-25 19:42:00,7785.0,30.1572,30.16,30.16,30.16,30.14,107
2024-04-25 19:43:00,6574.0,30.1613,30.155,30.17,30.17,30.155,56
2024-04-25 19:44:00,9687.0,30.1926,30.17,30.19,30.2,30.16,70
2024-04-25 19:45:00,11787.0,30.192,30.18,30.22,30.22,30.18,116
2024-04-25 19:46:00,2358.0,30.2204,30.21,30.225,30.24,30.21,36
2024-04-25 19:47:00,5694.0,30.2193,30.225,30.21,30.225,30.21,62
2024-04-25 19:48:00,10833.0,30.2057,30.215,30.205,30.215,30.2,136
2024-04-25 19:49:00,1694.0,30.2018,30.205,30.2,30.205,30.2,34
2024-04-25 19:50:00,12335.0,30.1742,30.2,30.21,30.21,30.145,171
2024-04-25 19:51:00,7186.0,30.2134,30.205,30.22,30.22,30.205,65
2024-04-25 19:52:00,19764.0,30.2091,30.215,30.19,30.23,30.189,222
2024-04-25 19:53:00,10015.0,30.2,30.19,30.19,30.21,30.19,117
2024-04-25 19:54:00,11208.0,30.1883,30.195,30.18,30.2,30.175,145
2024-04-25 19:55:00,19159.0,30.1977,30.19,30.195,30.21,30.18,201
2024-04-25 19:56:00,14618.0,30.1775,30.19,30.18,30.2,30.15,172
2024-04-25 19:57:00,18646.0,30.185,30.19,30.16,30.2,30.16,197
2024-04-25 19:58:00,32618.0,30.1596,30.165,30.175,30.18,30.14,317
2024-04-25 19:59:00,52024.0,30.1435,30.18,30.14,30.18,30.12,518
2024-04-25 20:00:00,477.0,30.14,30.14,30.14,30.14,30.14,8
2024-04-25 20:03:00,4452.0,30.14,30.14,30.14,30.14,30.14,1
2024-04-25 20:06:00,100.0,29.81,29.81,29.81,29.81,29.81,1
2024-04-25 20:13:00,100.0,30.52,30.52,30.52,30.52,30.52,1
2024-04-26 12:05:00,250.0,30.11,30.11,30.11,30.11,30.11,1
2024-04-26 13:30:00,8248.0,30.5607,30.55,30.78,30.78,30.55,29
2024-04-26 13:31:00,100.0,30.65,30.65,30.65,30.65,30.65,1
2024-04-26 13:32:00,1592.0,30.3475,30.63,30.2,30.63,30.2,16
2024-04-26 13:33:00,200.0,30.2625,30.2,30.325,30.325,30.2,2
2024-04-26 13:34:00,126.0,30.325,30.325,30.325,30.325,30.325,3
2024-04-26 13:35:00,442.0,30.4219,30.36,30.46,30.46,30.36,15
2024-04-26 13:36:00,201.0,30.4499,30.39,30.51,30.51,30.39,3
2024-04-26 13:37:00,333.0,30.5006,30.48,30.515,30.515,30.48,7
2024-04-26 13:38:00,709.0,30.443,30.5,30.47,30.5,30.36,8
2024-04-26 13:40:00,615.0,30.4544,30.42,30.47,30.51,30.42,10
2024-04-26 13:41:00,2469.0,30.5113,30.51,30.56,30.56,30.475,42
2024-04-26 13:42:00,1736.0,30.5662,30.56,30.545,30.6,30.545,22
2024-04-26 13:45:00,436.0,30.5721,30.57,30.59,30.59,30.57,9
2024-04-26 13:46:00,4893.0,30.5585,30.56,30.57,30.59,30.555,19
2024-04-26 13:48:00,345.0,30.5658,30.56,30.56,30.58,30.56,5
2024-04-26 13:49:00,4114.0,30.5332,30.56,30.51,30.57,30.49,72
2024-04-26 13:50:00,3642.0,30.5251,30.54,30.525,30.54,30.52,44
2024-04-26 13:51:00,127.0,30.5388,30.54,30.54,30.54,30.54,5
2024-04-26 13:52:00,5852.0,30.4525,30.54,30.37,30.54,30.37,82
2024-04-26 13:53:00,1103.0,30.4122,30.41,30.405,30.415,30.405,25
2024-04-26 13:55:00,807.0,30.42,30.42,30.42,30.42,30.41,16
2024-04-26 13:56:00,367.0,30.4048,30.41,30.4,30.41,30.4,12
2024-04-26 13:57:00,341.0,30.4079,30.42,30.42,30.42,30.42,21
2024-04-26 13:58:00,311.0,30.3993,30.42,30.42,30.42,30.42,30
2024-04-26 13:59:00,532.0,30.364,30.36,30.36,30.36,30.36,20
2024-04-26 14:01:00,572.0,30.3768,30.38,30.375,30.38,30.375,22
2024-04-26 14:02:00,925.0,30.3856,30.385,30.385,30.39,30.385,20
2024-04-26 14:03:00,3507.0,30.387,30.3974,30.39,30.4,30.38,80
2024-04-26 14:04:00,3070.0,30.3853,30.39,30.39,30.4,30.375,43
2024-04-26 14:05:00,1761.0,30.3903,30.39,30.39,30.395,30.39,28
2024-04-26 14:06:00,4956.0,30.3648,30.38,30.355,30.38,30.34,111
2024-04-26 14:07:00,1586.0,30.3795,30.375,30.39,30.39,30.375,41
2024-04-26 14:08:00,3098.0,30.4218,30.415,30.43,30.43,30.415,48
2024-04-26 14:09:00,312.0,30.4297,30.43,30.43,30.43,30.43,7
2024-04-26 14:10:00,14719.0,30.5189,30.43,30.525,30.55,30.43,270
2024-04-26 14:11:00,1747.0,30.5167,30.52,30.52,30.53,30.51,56
2024-04-26 14:12:00,896.0,30.5344,30.535,30.535,30.54,30.52,19
2024-04-26 14:13:00,312.0,30.5365,30.535,30.535,30.535,30.535,11
2024-04-26 14:14:00,464.0,30.5345,30.535,30.535,30.535,30.535,14
2024-04-26 14:15:00,3192.0,30.5056,30.535,30.49,30.535,30.49,61
2024-04-26 14:16:00,1712.0,30.4958,30.49,30.495,30.5,30.49,45
2024-04-26 14:17:00,1811.0,30.5224,30.53,30.526,30.535,30.526,28
2024-04-26 14:18:00,4098.0,30.4999,30.52,30.485,30.525,30.485,83
2024-04-26 14:19:00,4333.0,30.4618,30.48,30.46,30.48,30.45,86
2024-04-26 14:20:00,2786.0,30.4504,30.45,30.46,30.47,30.435,61
2024-04-26 14:21:00,737.0,30.4458,30.45,30.44,30.45,30.44,20
2024-04-26 14:22:00,2078.0,30.4328,30.44,30.41,30.45,30.41,45
2024-04-26 14:23:00,1415.0,30.411,30.405,30.4,30.41,30.4,29
2024-04-26 14:24:00,1208.0,30.4132,30.41,30.415,30.42,30.41,31
2024-04-26 14:25:00,1822.0,30.395,30.41,30.385,30.41,30.38,53
2024-04-26 14:26:00,2172.0,30.3982,30.39,30.41,30.41,30.385,62
2024-04-26 14:27:00,407.0,30.4139,30.42,30.415,30.42,30.4,7
2024-04-26 14:28:00,2196.0,30.4193,30.43,30.395,30.43,30.395,44
2024-04-26 14:29:00,1839.0,30.3915,30.395,30.38,30.4,30.38,32
2024-04-26 14:30:00,1096.0,30.3796,30.385,30.365,30.4,30.365,22
2024-04-26 14:31:00,1244.0,30.3735,30.365,30.38,30.38,30.365,34
2024-04-26 14:32:00,2484.0,30.4234,30.4,30.42,30.4297,30.4,14
2024-04-26 14:33:00,754.0,30.4175,30.425,30.415,30.425,30.4,9
2024-04-26 14:34:00,319.0,30.4147,30.415,30.415,30.415,30.415,8
2024-04-26 14:35:00,1572.0,30.419,30.415,30.425,30.43,30.41,29
2024-04-26 14:36:00,1068.0,30.45,30.445,30.45,30.45,30.445,24
2024-04-26 14:37:00,1653.0,30.4488,30.44,30.47,30.47,30.44,35
2024-04-26 14:38:00,492.0,30.4663,30.47,30.465,30.47,30.465,9
2024-04-26 14:39:00,317.0,30.4523,30.45,30.465,30.465,30.45,7
2024-04-26 14:40:00,1166.0,30.4618,30.46,30.465,30.465,30.45,19
2024-04-26 14:41:00,766.0,30.4639,30.465,30.46,30.47,30.45,15
2024-04-26 14:42:00,1928.0,30.4698,30.46,30.485,30.485,30.46,54
2024-04-26 14:43:00,3891.0,30.5005,30.49,30.49,30.52,30.481,82
2024-04-26 14:44:00,2302.0,30.4839,30.485,30.48,30.4985,30.475,47
2024-04-26 14:45:00,3146.0,30.5172,30.52,30.5,30.53,30.5,64
2024-04-26 14:47:00,469.0,30.5219,30.52,30.535,30.535,30.52,21
2024-04-26 14:48:00,2106.0,30.5364,30.53,30.56,30.56,30.53,28
2024-04-26 14:49:00,4695.0,30.5559,30.57,30.54,30.57,30.54,80
2024-04-26 14:50:00,6050.0,30.512,30.52,30.515,30.52,30.5,92
2024-04-26 14:51:00,997.0,30.5115,30.51,30.51,30.51,30.51,23
2024-04-26 14:52:00,662.0,30.5045,30.51,30.5,30.51,30.5,14
2024-04-26 14:53:00,1268.0,30.5101,30.5,30.51,30.52,30.5,35
2024-04-26 14:54:00,4324.0,30.5134,30.51,30.515,30.52,30.5,51
2024-04-26 14:55:00,23418.0,30.5476,30.5188,30.515,30.57,30.515,209
2024-04-26 14:57:00,693.0,30.4883,30.48,30.49,30.495,30.48,16
2024-04-26 14:58:00,229.0,30.4902,30.49,30.49,30.49,30.49,5
2024-04-26 14:59:00,2022.0,30.5042,30.5,30.49,30.51,30.49,37
2024-04-26 15:00:00,1048.0,30.5186,30.51,30.53,30.53,30.51,11
2024-04-26 15:01:00,1151.0,30.5225,30.51,30.53,30.53,30.51,19
2024-04-26 15:02:00,1836.0,30.53,30.53,30.53,30.53,30.53,19
2024-04-26 15:03:00,31813.0,30.5322,30.53,30.5413,30.55,30.52,217
2024-04-26 15:04:00,1327.0,30.5316,30.535,30.53,30.54,30.53,20
2024-04-26 15:05:00,3875.0,30.5504,30.55,30.55,30.57,30.545,33
2024-04-26 15:06:00,2513.0,30.5367,30.54,30.55,30.55,30.525,34
2024-04-26 15:07:00,1670.0,30.5355,30.55,30.52,30.55,30.52,29
2024-04-26 15:08:00,1559.0,30.5115,30.51,30.52,30.52,30.51,24
2024-04-26 15:09:00,342.0,30.5293,30.53,30.53,30.53,30.53,10
2024-04-26 15:10:00,2997.0,30.522,30.53,30.51,30.53,30.51,38
2024-04-26 15:11:00,2483.0,30.5014,30.51,30.49,30.52,30.4801,36
2024-04-26 15:12:00,890.0,30.4818,30.48,30.475,30.49,30.475,21
2024-04-26 15:13:00,560.0,30.4819,30.48,30.4875,30.4875,30.48,10
2024-04-26 15:15:00,1289.0,30.4949,30.48,30.49,30.505,30.48,13
2024-04-26 15:16:00,9381.0,30.4514,30.49,30.43,30.5,30.42,111
2024-04-26 15:17:00,808.0,30.4112,30.41,30.41,30.42,30.41,13
2024-04-26 15:18:00,203.0,30.41,30.41,30.41,30.41,30.41,3
2024-04-26 15:19:00,257.0,30.405,30.41,30.4,30.41,30.4,6
2024-04-26 15:20:00,1485.0,30.4003,30.41,30.39,30.415,30.385,18
2024-04-26 15:21:00,1819.0,30.3806,30.38,30.385,30.385,30.38,32
2024-04-26 15:23:00,601.0,30.3872,30.39,30.3875,30.39,30.3875,12
2024-04-26 15:24:00,700.0,30.3951,30.39,30.39,30.39,30.39,20
2024-04-26 15:25:00,25969.0,30.4109,30.4,30.41,30.44,30.4,238
2024-04-26 15:26:00,226.0,30.4118,30.415,30.415,30.415,30.415,6
2024-04-26 15:27:00,1862.0,30.4149,30.41,30.42,30.42,30.41,30
2024-04-26 15:28:00,846.0,30.4189,30.42,30.42,30.42,30.41,13
2024-04-26 15:29:00,2744.0,30.4017,30.4171,30.385,30.4171,30.38,47
2024-04-26 15:30:00,3491.0,30.3883,30.385,30.36,30.4,30.36,24
2024-04-26 15:31:00,846.0,30.3696,30.37,30.37,30.37,30.37,20
2024-04-26 15:32:00,158.0,30.4157,30.41,30.41,30.41,30.41,5
2024-04-26 15:33:00,3958.0,30.4017,30.39,30.4,30.42,30.38,43
2024-04-26 15:34:00,553.0,30.4132,30.41,30.4175,30.4175,30.41,11
2024-04-26 15:35:00,945.0,30.41,30.41,30.41,30.41,30.41,15
2024-04-26 15:36:00,1322.0,30.4034,30.405,30.4,30.41,30.4,21
2024-04-26 15:37:00,2437.0,30.4108,30.4,30.425,30.43,30.4,34
2024-04-26 15:38:00,659.0,30.4143,30.41,30.419,30.419,30.41,11
2024-04-26 15:39:00,414.0,30.4091,30.41,30.41,30.415,30.4,7
2024-04-26 15:40:00,5951.0,30.4061,30.41,30.39,30.42,30.39,77
2024-04-26 15:42:00,2106.0,30.4108,30.4,30.425,30.4297,30.4,27
2024-04-26 15:43:00,1003.0,30.4254,30.43,30.423,30.43,30.423,17
2024-04-26 15:44:00,785.0,30.4283,30.43,30.425,30.43,30.425,11
2024-04-26 15:45:00,1991.0,30.421,30.425,30.415,30.4275,30.415,24
2024-04-26 15:46:00,2037.0,30.41,30.41,30.41,30.41,30.41,34
2024-04-26 15:47:00,1296.0,30.4101,30.417,30.405,30.417,30.405,30
2024-04-26 15:48:00,393.0,30.4043,30.39,30.39,30.39,30.39,16
2024-04-26 15:49:00,533.0,30.4023,30.4,30.4,30.4,30.4,19
2024-04-26 15:50:00,225.0,30.4018,30.4,30.4,30.4,30.4,21
2024-04-26 15:51:00,2270.0,30.3886,30.39,30.38,30.39,30.38,49
2024-04-26 15:52:00,371.0,30.394,30.3903,30.3903,30.3903,30.3903,14
2024-04-26 15:53:00,8086.0,30.3755,30.39,30.36,30.39,30.36,51
2024-04-26 15:54:00,207.0,30.3604,30.36,30.36,30.36,30.36,8
2024-04-26 15:55:00,1956.0,30.392,30.38,30.4,30.4,30.38,47
2024-04-26 15:56:00,204.0,30.3954,30.4,30.4,30.4,30.4,10
2024-04-26 15:57:00,427.0,30.3974,30.4,30.39,30.4,30.39,14
2024-04-26 15:58:00,1542.0,30.4042,30.4,30.4,30.41,30.4,44
2024-04-26 15:59:00,9999.0,30.3996,30.4,30.4,30.4,30.39,81
2024-04-26 16:00:00,1570.0,30.3934,30.4,30.3923,30.4,30.39,23
2024-04-26 16:01:00,3159.0,30.402,30.4,30.41,30.41,30.38,76
2024-04-26 16:02:00,888.0,30.4191,30.42,30.42,30.42,30.42,21
2024-04-26 16:03:00,1547.0,30.415,30.42,30.415,30.42,30.41,18
2024-04-26 16:04:00,779.0,30.4157,30.415,30.415,30.4195,30.41,10
2024-04-26 16:05:00,706.0,30.4181,30.42,30.42,30.425,30.42,10
2024-04-26 16:06:00,615.0,30.4187,30.42,30.42,30.42,30.42,18
2024-04-26 16:07:00,1889.0,30.4095,30.41,30.41,30.41,30.405,30
2024-04-26 16:08:00,1883.0,30.4003,30.405,30.4,30.405,30.4,35
2024-04-26 16:09:00,1363.0,30.4037,30.4,30.4,30.41,30.4,34
2024-04-26 16:10:00,442.0,30.4,30.4,30.4,30.4,30.4,9
2024-04-26 16:11:00,4364.0,30.3823,30.39,30.385,30.39,30.35,58
2024-04-26 16:12:00,413.0,30.3903,30.391,30.39,30.391,30.39,19
2024-04-26 16:13:00,191.0,30.3912,30.39,30.39,30.39,30.39,5
2024-04-26 16:14:00,950.0,30.4068,30.4,30.41,30.41,30.4,19
2024-04-26 16:15:00,459.0,30.4118,30.42,30.42,30.42,30.42,23
2024-04-26 16:16:00,9478.0,30.3956,30.41,30.37,30.41,30.37,86
2024-04-26 16:17:00,518.0,30.3701,30.37,30.36,30.37,30.36,13
2024-04-26 16:18:00,813.0,30.3614,30.35,30.37,30.37,30.35,18
2024-04-26 16:19:00,387.0,30.3675,30.36,30.37,30.37,30.36,15
2024-04-26 16:20:00,160.0,30.38,30.38,30.38,30.38,30.38,7
2024-04-26 16:22:00,626.0,30.3818,30.39,30.39,30.39,30.37,16
2024-04-26 16:23:00,1110.0,30.372,30.37,30.37,30.37,30.37,25
2024-04-26 16:24:00,889.0,30.3637,30.37,30.36,30.37,30.36,18
2024-04-26 16:25:00,1602.0,30.367,30.36,30.365,30.37,30.36,34
2024-04-26 16:26:00,1083.0,30.37,30.37,30.37,30.37,30.37,20
2024-04-26 16:27:00,114.0,30.3887,30.39,30.39,30.39,30.39,8
2024-04-26 16:28:00,852.0,30.3801,30.38,30.38,30.38,30.38,17
2024-04-26 16:29:00,799.0,30.3875,30.38,30.39,30.39,30.38,19
2024-04-26 16:30:00,390.0,30.3926,30.39,30.4,30.4,30.39,9
2024-04-26 16:31:00,625.0,30.393,30.39,30.39,30.4,30.39,16
2024-04-26 16:32:00,1282.0,30.38,30.38,30.38,30.38,30.38,16
2024-04-26 16:33:00,845.0,30.3986,30.39,30.41,30.41,30.39,28
2024-04-26 16:34:00,234.0,30.4121,30.415,30.41,30.415,30.41,8
2024-04-26 16:35:00,1416.0,30.4023,30.41,30.4,30.41,30.4,33
2024-04-26 16:36:00,317.0,30.3999,30.4,30.4,30.4,30.4,8
2024-04-26 16:37:00,3982.0,30.3929,30.41,30.38,30.41,30.38,58
2024-04-26 16:39:00,103.0,30.3798,30.38,30.38,30.38,30.38,4
2024-04-26 16:41:00,1224.0,30.3923,30.39,30.4,30.4,30.39,23
2024-04-26 16:42:00,1453.0,30.4053,30.4,30.4225,30.4225,30.4,40
2024-04-26 16:44:00,658.0,30.4102,30.41,30.41,30.41,30.41,15
2024-04-26 16:45:00,1895.0,30.4083,30.405,30.405,30.41,30.405,28
2024-04-26 16:46:00,324.0,30.4082,30.405,30.41,30.41,30.405,14
2024-04-26 16:47:00,248.0,30.4211,30.425,30.42,30.425,30.42,9
2024-04-26 16:48:00,1924.0,30.4091,30.41,30.405,30.41,30.405,35
2024-04-26 16:49:00,1647.0,30.4,30.4,30.4,30.4,30.4,29
2024-04-26 16:50:00,163.0,30.3935,30.39,30.39,30.39,30.39,9
2024-04-26 16:52:00,1338.0,30.4063,30.4,30.41,30.41,30.4,36
2024-04-26 16:53:00,910.0,30.4071,30.4075,30.41,30.41,30.4,11
2024-04-26 16:54:00,1075.0,30.4076,30.41,30.415,30.415,30.402,28
2024-04-26 16:55:00,1463.0,30.4179,30.415,30.42,30.42,30.415,35
2024-04-26 16:56:00,455.0,30.4183,30.425,30.41,30.425,30.41,17
2024-04-26 16:57:00,454.0,30.4145,30.42,30.41,30.42,30.41,11
2024-04-26 16:58:00,2246.0,30.4109,30.41,30.41,30.42,30.41,45
2024-04-26 16:59:00,357.0,30.4071,30.405,30.41,30.41,30.405,15
2024-04-26 17:00:00,704.0,30.4101,30.405,30.43,30.43,30.4,19
2024-04-26 17:01:00,1835.0,30.4023,30.41,30.4,30.41,30.395,33
2024-04-26 17:02:00,623.0,30.405,30.4,30.41,30.41,30.4,18
2024-04-26 17:04:00,1135.0,30.3999,30.4,30.39,30.4,30.39,26
2024-04-26 17:05:00,2096.0,30.3924,30.4,30.39,30.4,30.39,45
2024-04-26 17:06:00,569.0,30.3949,30.395,30.395,30.395,30.395,9
2024-04-26 17:07:00,1506.0,30.3804,30.3801,30.38,30.3801,30.3701,33
2024-04-26 17:09:00,922.0,30.3721,30.37,30.37,30.37,30.37,32
2024-04-26 17:11:00,1232.0,30.3808,30.38,30.38,30.38,30.38,25
2024-04-26 17:12:00,109.0,30.3894,30.39,30.39,30.39,30.39,8
2024-04-26 17:13:00,547.0,30.397,30.38,30.4,30.4,30.38,17
2024-04-26 17:14:00,6592.0,30.3909,30.405,30.405,30.405,30.39,20
2024-04-26 17:15:00,544.0,30.4091,30.405,30.4113,30.4113,30.405,21
2024-04-26 17:16:00,3079.0,30.3962,30.4,30.39,30.4,30.39,41
2024-04-26 17:17:00,409.0,30.3917,30.38,30.38,30.38,30.38,13
2024-04-26 17:18:00,1777.0,30.3814,30.38,30.39,30.39,30.38,29
2024-04-26 17:19:00,236.0,30.371,30.37,30.37,30.37,30.37,11
2024-04-26 17:20:00,326.0,30.3799,30.38,30.38,30.38,30.38,16
2024-04-26 17:21:00,2372.0,30.3713,30.38,30.38,30.38,30.37,38
2024-04-26 17:22:00,252.0,30.3857,30.38,30.38,30.38,30.38,9
2024-04-26 17:23:00,255.0,30.3852,30.38,30.38,30.38,30.38,10
2024-04-26 17:24:00,465.0,30.3785,30.38,30.38,30.38,30.37,17
2024-04-26 17:25:00,2558.0,30.3704,30.385,30.37,30.385,30.365,54
2024-04-26 17:26:00,284.0,30.3714,30.37,30.37,30.37,30.37,16
2024-04-26 17:27:00,681.0,30.3741,30.38,30.37,30.38,30.37,14
2024-04-26 17:28:00,3646.0,30.371,30.37,30.4,30.4,30.35,68
2024-04-26 17:29:00,784.0,30.3928,30.405,30.39,30.405,30.39,15
2024-04-26 17:31:00,105.0,30.39,30.39,30.39,30.39,30.39,6
2024-04-26 17:32:00,892.0,30.3904,30.395,30.39,30.395,30.3875,21
2024-04-26 17:33:00,1038.0,30.3905,30.39,30.39,30.395,30.39,28
2024-04-26 17:34:00,722.0,30.3758,30.38,30.37,30.38,30.37,21
2024-04-26 17:35:00,408.0,30.37,30.37,30.37,30.37,30.37,12
2024-04-26 17:36:00,4274.0,30.3798,30.38,30.38,30.39,30.38,39
2024-04-26 17:37:00,1834.0,30.3614,30.36,30.36,30.36,30.36,35
2024-04-26 17:38:00,4173.0,30.3562,30.35,30.35,30.36,30.34,48
2024-04-26 17:40:00,767.0,30.3398,30.34,30.34,30.34,30.34,25
2024-04-26 17:41:00,4256.0,30.3164,30.33,30.315,30.33,30.3,65
2024-04-26 17:42:00,413.0,30.3199,30.32,30.32,30.32,30.32,11
2024-04-26 17:44:00,1155.0,30.3105,30.31,30.31,30.31,30.31,17
2024-04-26 17:45:00,1800.0,30.3364,30.33,30.34,30.34,30.33,38
2024-04-26 17:46:00,1334.0,30.3661,30.36,30.37,30.37,30.36,29
2024-04-26 17:47:00,2008.0,30.3771,30.38,30.375,30.39,30.37,35
2024-04-26 17:48:00,972.0,30.3773,30.38,30.405,30.405,30.38,23
2024-04-26 17:49:00,397.0,30.3922,30.39,30.39,30.39,30.39,17
2024-04-26 17:50:00,2366.0,30.3782,30.3775,30.4,30.4,30.37,52
2024-04-26 17:51:00,250.0,30.3971,30.4,30.395,30.4,30.395,12
2024-04-26 17:52:00,139.0,30.3981,30.4,30.4,30.4,30.4,8
2024-04-26 17:53:00,1280.0,30.3955,30.4,30.385,30.4,30.385,33
2024-04-26 17:54:00,425.0,30.3955,30.41,30.395,30.41,30.395,15
2024-04-26 17:55:00,356.0,30.3901,30.39,30.39,30.39,30.39,15
2024-04-26 17:56:00,1713.0,30.3809,30.38,30.39,30.39,30.375,31
2024-04-26 17:57:00,166.0,30.3796,30.38,30.38,30.38,30.38,10
2024-04-26 17:58:00,989.0,30.3775,30.37,30.37,30.37,30.37,21
2024-04-26 17:59:00,1449.0,30.3652,30.37,30.36,30.38,30.36,29
2024-04-26 18:01:00,1758.0,30.3406,30.35,30.33,30.35,30.33,38
2024-04-26 18:02:00,1447.0,30.3402,30.33,30.34,30.355,30.33,36
2024-04-26 18:03:00,804.0,30.3279,30.34,30.32,30.34,30.32,28
2024-04-26 18:04:00,874.0,30.3163,30.31,30.3,30.31,30.3,23
2024-04-26 18:05:00,1875.0,30.3203,30.31,30.33,30.33,30.31,35
2024-04-26 18:06:00,2329.0,30.3185,30.35,30.31,30.35,30.31,49
2024-04-26 18:07:00,906.0,30.3032,30.3,30.305,30.31,30.3,31
2024-04-26 18:08:00,362.0,30.3002,30.3,30.3,30.3,30.3,14
2024-04-26 18:09:00,1567.0,30.3046,30.29,30.3,30.3,30.29,38
2024-04-26 18:10:00,353.0,30.3024,30.305,30.305,30.305,30.305,13
2024-04-26 18:11:00,1110.0,30.3109,30.31,30.31,30.31,30.31,22
2024-04-26 18:12:00,1474.0,30.2936,30.3,30.29,30.3,30.29,42
2024-04-26 18:13:00,402.0,30.2927,30.3,30.29,30.3,30.29,14
2024-04-26 18:14:00,270.0,30.2899,30.29,30.29,30.29,30.29,15
2024-04-26 18:15:00,315.0,30.2868,30.29,30.28,30.29,30.28,12
2024-04-26 18:16:00,1160.0,30.2989,30.3,30.3,30.3,30.29,24
2024-04-26 18:17:00,1660.0,30.3214,30.3,30.33,30.33,30.3,45
2024-04-26 18:18:00,339.0,30.3338,30.33,30.34,30.34,30.33,14
2024-04-26 18:19:00,752.0,30.3204,30.34,30.34,30.34,30.33,16
2024-04-26 18:20:00,3330.0,30.3419,30.33,30.34,30.35,30.33,57
2024-04-26 18:21:00,1201.0,30.3378,30.345,30.335,30.345,30.335,26
2024-04-26 18:22:00,238.0,30.3355,30.335,30.335,30.335,30.335,14
2024-04-26 18:23:00,3275.0,30.3293,30.33,30.33,30.335,30.325,61
2024-04-26 18:24:00,2164.0,30.3428,30.34,30.36,30.36,30.33,51
2024-04-26 18:25:00,1010.0,30.362,30.36,30.36,30.3683,30.36,18
2024-04-26 18:26:00,1713.0,30.3671,30.36,30.37,30.37,30.36,43
2024-04-26 18:27:00,2691.0,30.3481,30.365,30.35,30.365,30.34,59
2024-04-26 18:28:00,1160.0,30.3415,30.345,30.34,30.345,30.34,34
2024-04-26 18:29:00,749.0,30.3403,30.34,30.34,30.35,30.33,21
2024-04-26 18:30:00,2578.0,30.3314,30.33,30.32,30.33,30.32,35
2024-04-26 18:31:00,1122.0,30.3359,30.34,30.335,30.34,30.33,19
2024-04-26 18:32:00,341.0,30.334,30.335,30.33,30.335,30.33,11
2024-04-26 18:33:00,6488.0,30.3263,30.33,30.345,30.345,30.315,100
2024-04-26 18:34:00,953.0,30.3426,30.35,30.34,30.35,30.34,14
2024-04-26 18:35:00,2903.0,30.3265,30.33,30.33,30.335,30.315,55
2024-04-26 18:36:00,519.0,30.351,30.35,30.35,30.355,30.35,20
2024-04-26 18:37:00,1984.0,30.333,30.35,30.32,30.35,30.32,46
2024-04-26 18:38:00,531.0,30.3134,30.311,30.31,30.311,30.31,15
2024-04-26 18:39:00,1522.0,30.3168,30.32,30.31,30.32,30.31,23
2024-04-26 18:40:00,924.0,30.3099,30.315,30.31,30.315,30.3,24
2024-04-26 18:41:00,1046.0,30.3166,30.31,30.32,30.32,30.31,19
2024-04-26 18:42:00,1768.0,30.32,30.32,30.325,30.325,30.32,48
2024-04-26 18:43:00,1189.0,30.3188,30.325,30.315,30.325,30.315,23
2024-04-26 18:44:00,1051.0,30.3164,30.32,30.315,30.32,30.315,26
2024-04-26 18:45:00,858.0,30.3169,30.315,30.32,30.32,30.315,25
2024-04-26 18:46:00,1480.0,30.3425,30.33,30.35,30.36,30.33,38
2024-04-26 18:47:00,1082.0,30.3509,30.35,30.35,30.36,30.35,21
2024-04-26 18:48:00,2302.0,30.3397,30.35,30.34,30.35,30.335,48
2024-04-26 18:49:00,886.0,30.3389,30.335,30.34,30.34,30.335,22
2024-04-26 18:50:00,1865.0,30.342,30.34,30.35,30.35,30.34,24
2024-04-26 18:51:00,1576.0,30.342,30.34,30.34,30.35,30.34,28
2024-04-26 18:52:00,1157.0,30.3551,30.348,30.35,30.36,30.348,34
2024-04-26 18:53:00,254.0,30.3765,30.378,30.378,30.378,30.378,16
2024-04-26 18:54:00,2109.0,30.3602,30.37,30.355,30.37,30.355,50
2024-04-26 18:55:00,469.0,30.3557,30.355,30.355,30.355,30.355,15
2024-04-26 18:56:00,340.0,30.3567,30.355,30.36,30.36,30.355,10
2024-04-26 18:57:00,3441.0,30.3687,30.36,30.39,30.39,30.355,55
2024-04-26 18:58:00,1682.0,30.3909,30.39,30.39,30.4,30.385,33
2024-04-26 18:59:00,705.0,30.3939,30.39,30.39,30.4,30.39,22
2024-04-26 19:00:00,2209.0,30.3929,30.4,30.405,30.41,30.395,42
2024-04-26 19:01:00,793.0,30.4135,30.41,30.415,30.415,30.405,26
2024-04-26 19:02:00,2433.0,30.4176,30.415,30.43,30.43,30.41,61
2024-04-26 19:03:00,2355.0,30.4238,30.425,30.43,30.435,30.42,41
2024-04-26 19:04:00,2995.0,30.415,30.42,30.42,30.43,30.41,61
2024-04-26 19:05:00,1269.0,30.4068,30.4,30.4,30.41,30.4,27
2024-04-26 19:06:00,6062.0,30.4192,30.4,30.42,30.44,30.4,68
2024-04-26 19:07:00,3396.0,30.4028,30.42,30.385,30.42,30.385,56
2024-04-26 19:08:00,913.0,30.3853,30.39,30.385,30.39,30.38,20
2024-04-26 19:09:00,3323.0,30.3819,30.38,30.38,30.39,30.37,49
2024-04-26 19:10:00,2498.0,30.391,30.385,30.385,30.39,30.38,33
2024-04-26 19:11:00,1221.0,30.3917,30.39,30.39,30.4,30.39,24
2024-04-26 19:12:00,2263.0,30.3819,30.4,30.37,30.4,30.37,52
2024-04-26 19:13:00,2496.0,30.3706,30.37,30.36,30.38,30.36,46
2024-04-26 19:14:00,1513.0,30.366,30.36,30.36,30.38,30.36,36
2024-04-26 19:15:00,2311.0,30.3538,30.36,30.35,30.36,30.35,41
2024-04-26 19:16:00,797.0,30.3569,30.35,30.3678,30.3678,30.35,21
2024-04-26 19:17:00,718.0,30.3565,30.35,30.36,30.36,30.35,23
2024-04-26 19:18:00,4035.0,30.3688,30.35,30.39,30.39,30.35,67
2024-04-26 19:19:00,976.0,30.4103,30.42,30.41,30.42,30.405,26
2024-04-26 19:20:00,2303.0,30.4008,30.41,30.39,30.41,30.39,44
2024-04-26 19:21:00,2938.0,30.3938,30.4,30.41,30.42,30.395,52
2024-04-26 19:22:00,3033.0,30.407,30.41,30.4,30.415,30.4,65
2024-04-26 19:23:00,2138.0,30.3893,30.39,30.39,30.39,30.385,50
2024-04-26 19:24:00,755.0,30.3879,30.385,30.39,30.39,30.38,22
2024-04-26 19:25:00,1093.0,30.3891,30.38,30.38,30.4,30.38,29
2024-04-26 19:26:00,2816.0,30.401,30.39,30.41,30.41,30.39,61
2024-04-26 19:27:00,2085.0,30.4212,30.415,30.43,30.43,30.415,44
2024-04-26 19:28:00,1730.0,30.4321,30.425,30.445,30.45,30.421,43
2024-04-26 19:29:00,2705.0,30.4486,30.44,30.44,30.46,30.44,61
2024-04-26 19:30:00,3325.0,30.4357,30.44,30.435,30.445,30.425,61
2024-04-26 19:31:00,1379.0,30.4365,30.44,30.43,30.44,30.43,39
2024-04-26 19:32:00,2613.0,30.4254,30.43,30.42,30.44,30.42,55
2024-04-26 19:33:00,3325.0,30.3844,30.41,30.37,30.41,30.36,73
2024-04-26 19:34:00,2392.0,30.3857,30.37,30.4,30.4,30.37,39
2024-04-26 19:35:00,2668.0,30.3903,30.4,30.37,30.4,30.37,52
2024-04-26 19:36:00,1964.0,30.3676,30.38,30.355,30.38,30.35,42
2024-04-26 19:37:00,3496.0,30.3751,30.36,30.385,30.385,30.36,49
2024-04-26 19:38:00,1257.0,30.3832,30.385,30.385,30.385,30.38,24
2024-04-26 19:39:00,948.0,30.3868,30.385,30.385,30.385,30.38,22
2024-04-26 19:40:00,1324.0,30.3793,30.385,30.38,30.385,30.38,32
2024-04-26 19:41:00,3670.0,30.3733,30.375,30.36,30.375,30.36,60
2024-04-26 19:42:00,4752.0,30.3597,30.36,30.36,30.36,30.35,89
2024-04-26 19:43:00,745.0,30.3553,30.35,30.355,30.355,30.35,19
2024-04-26 19:44:00,10636.0,30.3262,30.36,30.29,30.36,30.29,152
2024-04-26 19:45:00,5589.0,30.2842,30.29,30.27,30.295,30.26,98
2024-04-26 19:46:00,1163.0,30.2812,30.275,30.28,30.28,30.275,20
2024-04-26 19:47:00,11588.0,30.2789,30.275,30.275,30.3,30.27,154
2024-04-26 19:48:00,8779.0,30.2767,30.27,30.28,30.285,30.26,90
2024-04-26 19:49:00,7259.0,30.2719,30.2881,30.26,30.2881,30.25,113
2024-04-26 19:50:00,8829.0,30.3133,30.26,30.35,30.35,30.26,122
2024-04-26 19:51:00,11757.0,30.3185,30.345,30.31,30.345,30.3,122
2024-04-26 19:52:00,10147.0,30.3133,30.31,30.295,30.325,30.295,132
2024-04-26 19:53:00,13926.0,30.2499,30.295,30.24,30.295,30.225,189
2024-04-26 19:54:00,17114.0,30.2402,30.24,30.21,30.25,30.21,222
2024-04-26 19:55:00,25887.0,30.2164,30.215,30.19,30.24,30.19,276
2024-04-26 19:56:00,23681.0,30.194,30.19,30.19,30.21,30.17,233
2024-04-26 19:57:00,24086.0,30.1939,30.19,30.205,30.21,30.18,253
2024-04-26 19:58:00,30979.0,30.187,30.2,30.175,30.21,30.17,391
2024-04-26 19:59:00,63900.0,30.2211,30.175,30.24,30.25,30.175,618
2024-04-29 13:30:00,5485.0,30.3644,30.38,30.27,30.38,30.27,18
2024-04-29 13:31:00,356.0,30.2746,30.27,30.28,30.28,30.27,8
2024-04-29 13:32:00,347.0,30.3469,30.35,30.35,30.35,30.35,9
2024-04-29 13:34:00,3474.0,30.2978,30.31,30.27,30.31,30.27,28
2024-04-29 13:35:00,414.0,30.2646,30.25,30.28,30.28,30.25,13
2024-04-29 13:37:00,446.0,30.1956,30.19,30.18,30.19,30.18,15
2024-04-29 13:38:00,405.0,30.1857,30.16,30.2,30.2,30.16,13
2024-04-29 13:39:00,337.0,30.1688,30.185,30.16,30.185,30.16,5
2024-04-29 13:40:00,2957.0,30.1515,30.15,30.15,30.16,30.15,40
2024-04-29 13:41:00,270.0,30.1596,30.16,30.16,30.16,30.16,5
2024-04-29 13:42:00,394.0,30.1743,30.175,30.15,30.175,30.15,7
2024-04-29 13:44:00,151.0,30.1773,30.17,30.17,30.17,30.17,3
2024-04-29 13:45:00,527.0,30.1971,30.19,30.2,30.2,30.19,13
2024-04-29 13:46:00,630.0,30.1908,30.2,30.22,30.22,30.2,10
2024-04-29 13:47:00,470.0,30.2188,30.22,30.22,30.22,30.22,12
2024-04-29 13:49:00,458.0,30.2465,30.25,30.245,30.25,30.245,15
2024-04-29 13:50:00,1829.0,30.2309,30.23,30.23,30.23,30.22,38
2024-04-29 13:51:00,298.0,30.2306,30.22,30.22,30.22,30.22,12
2024-04-29 13:52:00,3292.0,30.2174,30.21,30.23,30.23,30.2,37
2024-04-29 13:53:00,606.0,30.2218,30.22,30.22,30.23,30.22,14
2024-04-29 13:54:00,839.0,30.2147,30.21,30.21,30.21,30.21,18
2024-04-29 13:56:00,952.0,30.2286,30.23,30.23,30.23,30.23,16
2024-04-29 13:57:00,733.0,30.2199,30.22,30.215,30.22,30.215,25
2024-04-29 13:58:00,587.0,30.2012,30.2,30.205,30.205,30.2,18
2024-04-29 14:00:00,1593.0,30.2315,30.22,30.26,30.26,30.22,18
2024-04-29 14:01:00,5968.0,30.2821,30.28,30.31,30.32,30.26,97
2024-04-29 14:02:00,1595.0,30.3464,30.34,30.375,30.375,30.34,19
2024-04-29 14:03:00,1510.0,30.3919,30.39,30.4,30.41,30.38,17
2024-04-29 14:04:00,832.0,30.4112,30.405,30.42,30.42,30.405,16
2024-04-29 14:05:00,5631.0,30.4493,30.45,30.46,30.465,30.43,73
2024-04-29 14:06:00,1363.0,30.4474,30.48,30.48,30.48,30.47,15
2024-04-29 14:07:00,3322.0,30.4655,30.48,30.46,30.49,30.44,46
2024-04-29 14:08:00,433.0,30.463,30.46,30.47,30.47,30.46,7
2024-04-29 14:09:00,2323.0,30.4356,30.45,30.45,30.45,30.42,30
2024-04-29 14:10:00,2054.0,30.4449,30.45,30.46,30.46,30.43,27
2024-04-29 14:11:00,3237.0,30.4427,30.45,30.435,30.45,30.42,25
2024-04-29 14:12:00,149.0,30.4366,30.435,30.435,30.435,30.435,6
2024-04-29 14:13:00,656.0,30.4473,30.45,30.44,30.45,30.44,15
2024-04-29 14:14:00,738.0,30.4705,30.455,30.489,30.489,30.455,15
2024-04-29 14:16:00,2314.0,30.4853,30.49,30.49,30.49,30.48,56
2024-04-29 14:17:00,3056.0,30.4648,30.49,30.43,30.49,30.43,50
2024-04-29 14:18:00,393.0,30.4141,30.42,30.41,30.42,30.41,11
2024-04-29 14:19:00,1100.0,30.4047,30.41,30.4,30.41,30.4,20
2024-04-29 14:20:00,737.0,30.4277,30.37,30.37,30.37,30.37,17
2024-04-29 14:21:00,11945.0,30.3792,30.39,30.395,30.41,30.35,123
2024-04-29 14:22:00,537.0,30.3899,30.395,30.395,30.395,30.395,9
2024-04-29 14:23:00,1152.0,30.3967,30.395,30.39,30.41,30.39,18
2024-04-29 14:24:00,8134.0,30.3961,30.39,30.41,30.43,30.37,98
2024-04-29 14:25:00,1543.0,30.4064,30.415,30.39,30.415,30.39,24
2024-04-29 14:26:00,14257.0,30.379,30.38,30.38,30.4,30.35,114
2024-04-29 14:27:00,4009.0,30.3971,30.38,30.43,30.43,30.38,39
2024-04-29 14:28:00,1949.0,30.4207,30.41,30.42,30.44,30.41,26
2024-04-29 14:29:00,1267.0,30.4169,30.41,30.42,30.425,30.41,19
2024-04-29 14:30:00,2117.0,30.4491,30.43,30.445,30.47,30.42,33
2024-04-29 14:32:00,974.0,30.4607,30.5,30.46,30.5,30.46,14
2024-04-29 14:33:00,1982.0,30.4585,30.48,30.44,30.48,30.44,47
2024-04-29 14:34:00,1028.0,30.4238,30.42,30.44,30.44,30.4,26
2024-04-29 14:35:00,1129.0,30.4494,30.45,30.455,30.455,30.44,17
2024-04-29 14:36:00,1484.0,30.4426,30.47,30.42,30.47,30.42,27
2024-04-29 14:37:00,1162.0,30.4354,30.45,30.42,30.45,30.42,38
2024-04-29 14:38:00,975.0,30.3971,30.415,30.39,30.415,30.39,21
2024-04-29 14:39:00,2716.0,30.3752,30.38,30.38,30.38,30.36,36
2024-04-29 14:40:00,573.0,30.3642,30.37,30.36,30.37,30.36,15
2024-04-29 14:41:00,1987.0,30.3743,30.37,30.38,30.38,30.36,33
2024-04-29 14:42:00,1478.0,30.3773,30.38,30.38,30.38,30.37,32
2024-04-29 14:43:00,1549.0,30.3953,30.39,30.39,30.4,30.39,19
2024-04-29 14:44:00,904.0,30.4287,30.43,30.43,30.43,30.429,24
2024-04-29 14:45:00,1929.0,30.408,30.42,30.4,30.42,30.395,39
2024-04-29 14:46:00,1147.0,30.3894,30.39,30.4,30.4,30.38,21
2024-04-29 14:48:00,1247.0,30.3947,30.39,30.39,30.4,30.39,39
2024-04-29 14:49:00,984.0,30.3883,30.39,30.38,30.39,30.38,32
2024-04-29 14:50:00,597.0,30.3727,30.38,30.37,30.38,30.37,24
2024-04-29 14:51:00,2232.0,30.3941,30.39,30.4,30.41,30.39,28
2024-04-29 14:52:00,516.0,30.4075,30.41,30.415,30.415,30.41,13
2024-04-29 14:54:00,1048.0,30.4419,30.42,30.445,30.45,30.42,30
2024-04-29 14:55:00,2098.0,30.4273,30.445,30.41,30.45,30.41,44
2024-04-29 14:56:00,1118.0,30.4094,30.415,30.41,30.415,30.4,30
2024-04-29 14:57:00,902.0,30.4124,30.42,30.405,30.42,30.405,21
2024-04-29 14:58:00,473.0,30.4156,30.42,30.42,30.42,30.41,11
2024-04-29 14:59:00,414.0,30.4427,30.45,30.45,30.45,30.45,16
2024-04-29 15:00:00,2149.0,30.4504,30.46,30.45,30.469,30.44,54
2024-04-29 15:01:00,9552.0,30.5064,30.48,30.53,30.55,30.45,98
2024-04-29 15:02:00,1179.0,30.5033,30.5,30.505,30.51,30.5,18
2024-04-29 15:03:00,2117.0,30.4893,30.5,30.47,30.5,30.47,48
2024-04-29 15:04:00,1688.0,30.4676,30.47,30.46,30.48,30.46,30
2024-04-29 15:05:00,1192.0,30.458,30.46,30.45,30.46,30.43,36
2024-04-29 15:07:00,445.0,30.4374,30.44,30.44,30.44,30.44,15
2024-04-29 15:09:00,621.0,30.4718,30.475,30.475,30.475,30.475,30
2024-04-29 15:11:00,1892.0,30.4663,30.47,30.46,30.49,30.46,41
2024-04-29 15:12:00,3526.0,30.4443,30.45,30.43,30.45,30.43,49
2024-04-29 15:13:00,3752.0,30.4461,30.44,30.435,30.45,30.435,57
2024-04-29 15:14:00,815.0,30.4393,30.43,30.44,30.44,30.43,11
2024-04-29 15:15:00,2208.0,30.4431,30.45,30.45,30.46,30.43,39
2024-04-29 15:16:00,678.0,30.4351,30.44,30.43,30.44,30.43,18
2024-04-29 15:17:00,789.0,30.4389,30.44,30.43,30.44,30.43,15
2024-04-29 15:18:00,195.0,30.439,30.44,30.44,30.44,30.44,9
2024-04-29 15:19:00,1761.0,30.4472,30.45,30.44,30.45,30.44,31
2024-04-29 15:20:00,1365.0,30.433,30.44,30.43,30.44,30.43,33
2024-04-29 15:21:00,126.0,30.422,30.42,30.42,30.42,30.42,9
2024-04-29 15:22:00,2556.0,30.4118,30.42,30.41,30.42,30.4,36
2024-04-29 15:23:00,1138.0,30.4034,30.395,30.4,30.4,30.395,31
2024-04-29 15:24:00,4084.0,30.4179,30.405,30.44,30.44,30.405,46
2024-04-29 15:25:00,11018.0,30.4492,30.45,30.455,30.46,30.44,44
2024-04-29 15:26:00,1234.0,30.4686,30.46,30.48,30.48,30.46,28
2024-04-29 15:27:00,2593.0,30.4748,30.47,30.505,30.505,30.47,47
2024-04-29 15:28:00,18971.0,30.4614,30.5,30.49,30.5,30.43,140
2024-04-29 15:30:00,3010.0,30.4709,30.48,30.445,30.49,30.445,52
2024-04-29 15:31:00,2051.0,30.44,30.45,30.45,30.45,30.42,34
2024-04-29 15:32:00,2528.0,30.4401,30.45,30.42,30.45,30.42,42
2024-04-29 15:33:00,1725.0,30.4218,30.42,30.42,30.43,30.415,27
2024-04-29 15:34:00,732.0,30.4293,30.43,30.425,30.43,30.425,14
2024-04-29 15:35:00,871.0,30.4449,30.44,30.45,30.45,30.44,19
2024-04-29 15:36:00,330.0,30.4415,30.44,30.44,30.44,30.44,9
2024-04-29 15:37:00,427.0,30.4468,30.44,30.45,30.45,30.44,9
2024-04-29 15:38:00,1666.0,30.4499,30.45,30.45,30.46,30.44,34
2024-04-29 15:39:00,1935.0,30.4526,30.45,30.45,30.4582,30.45,40
2024-04-29 15:40:00,2085.0,30.4545,30.46,30.45,30.47,30.45,36
2024-04-29 15:41:00,2098.0,30.4586,30.45,30.455,30.465,30.45,46
2024-04-29 15:42:00,2707.0,30.4549,30.455,30.45,30.46,30.45,54
2024-04-29 15:43:00,1483.0,30.4594,30.46,30.46,30.465,30.455,32
2024-04-29 15:45:00,8792.0,30.4611,30.45,30.51,30.51,30.45,135
2024-04-29 15:46:00,6021.0,30.4765,30.5,30.44,30.5,30.44,92
2024-04-29 15:47:00,215.0,30.4396,30.44,30.44,30.44,30.44,6
2024-04-29 15:48:00,3483.0,30.4474,30.44,30.44,30.46,30.44,34
2024-04-29 15:49:00,3364.0,30.4552,30.44,30.48,30.48,30.44,70
2024-04-29 15:50:00,1279.0,30.4683,30.48,30.47,30.48,30.47,33
2024-04-29 15:51:00,2912.0,30.4622,30.47,30.455,30.47,30.455,49
2024-04-29 15:52:00,4361.0,30.4643,30.46,30.48,30.48,30.455,51
2024-04-29 15:53:00,4407.0,30.4536,30.48,30.45,30.48,30.45,59
2024-04-29 15:54:00,1149.0,30.4412,30.44,30.44,30.44,30.44,26
2024-04-29 15:55:00,2674.0,30.4608,30.45,30.46,30.47,30.45,42
2024-04-29 15:56:00,1803.0,30.4519,30.46,30.45,30.46,30.45,43
2024-04-29 15:57:00,592.0,30.4478,30.445,30.445,30.45,30.445,12
2024-04-29 15:58:00,2015.0,30.458,30.45,30.46,30.47,30.45,48
2024-04-29 15:59:00,798.0,30.4711,30.47,30.48,30.48,30.47,22
2024-04-29 16:00:00,583.0,30.4657,30.47,30.48,30.48,30.47,24
2024-04-29 16:01:00,2559.0,30.4599,30.48,30.46,30.48,30.455,54
2024-04-29 16:02:00,6644.0,30.457,30.46,30.45,30.48,30.445,85
2024-04-29 16:03:00,1378.0,30.4387,30.44,30.435,30.44,30.435,31
2024-04-29 16:04:00,43829.0,30.4498,30.45,30.45,30.45,30.44,110
2024-04-29 16:05:00,6101.0,30.4473,30.445,30.445,30.45,30.44,68
2024-04-29 16:06:00,1980.0,30.4693,30.45,30.505,30.505,30.45,36
2024-04-29 16:07:00,9851.0,30.4751,30.5,30.44,30.5,30.44,86
2024-04-29 16:08:00,487.0,30.4399,30.44,30.44,30.44,30.44,17
2024-04-29 16:09:00,2615.0,30.4433,30.45,30.435,30.45,30.43,52
2024-04-29 16:10:00,1285.0,30.4312,30.43,30.425,30.43,30.425,29
2024-04-29 16:11:00,1899.0,30.4375,30.425,30.44,30.44,30.425,34
2024-04-29 16:12:00,2149.0,30.4447,30.45,30.44,30.45,30.44,38
2024-04-29 16:13:00,972.0,30.4441,30.44,30.45,30.45,30.44,15
2024-04-29 16:14:00,347.0,30.4451,30.4479,30.44,30.4479,30.44,5
2024-04-29 16:15:00,3803.0,30.4369,30.44,30.43,30.44,30.43,56
2024-04-29 16:16:00,1527.0,30.4354,30.435,30.435,30.44,30.435,38
2024-04-29 16:17:00,1427.0,30.437,30.43,30.44,30.44,30.43,32
2024-04-29 16:18:00,370.0,30.4365,30.44,30.435,30.44,30.435,22
2024-04-29 16:19:00,2759.0,30.4463,30.445,30.445,30.45,30.445,24
2024-04-29 16:20:00,786.0,30.4466,30.445,30.449,30.449,30.445,11
2024-04-29 16:21:00,15487.0,30.446,30.445,30.445,30.46,30.435,138
2024-04-29 16:22:00,2923.0,30.4426,30.445,30.445,30.445,30.44,36
2024-04-29 16:23:00,29096.0,30.4498,30.44,30.44,30.465,30.44,210
2024-04-29 16:24:00,4192.0,30.4349,30.445,30.43,30.445,30.43,35
2024-04-29 16:25:00,2440.0,30.4239,30.435,30.41,30.435,30.41,40
2024-04-29 16:26:00,1837.0,30.4092,30.41,30.405,30.41,30.405,34
2024-04-29 16:27:00,1010.0,30.4143,30.4,30.4,30.4,30.4,27
2024-04-29 16:28:00,1584.0,30.4133,30.405,30.419,30.42,30.405,48
2024-04-29 16:30:00,3469.0,30.4087,30.43,30.395,30.43,30.39,65
2024-04-29 16:31:00,663.0,30.3983,30.395,30.4,30.4,30.395,15
2024-04-29 16:32:00,1618.0,30.3884,30.385,30.4,30.4,30.385,40
2024-04-29 16:33:00,731.0,30.3894,30.395,30.385,30.395,30.385,21
2024-04-29 16:34:00,274.0,30.3929,30.3952,30.3952,30.3952,30.3952,10
2024-04-29 16:35:00,253.0,30.3898,30.39,30.39,30.39,30.39,17
2024-04-29 16:36:00,1254.0,30.3796,30.38,30.375,30.38,30.375,25
2024-04-29 16:37:00,3843.0,30.3547,30.375,30.33,30.375,30.33,73
2024-04-29 16:38:00,2705.0,30.3453,30.32,30.32,30.33,30.32,30
2024-04-29 16:39:00,1529.0,30.3071,30.31,30.3,30.31,30.3,21
2024-04-29 16:41:00,771.0,30.281,30.28,30.28,30.28,30.28,25
2024-04-29 16:42:00,1736.0,30.2857,30.27,30.32,30.32,30.27,35
2024-04-29 16:43:00,152.0,30.3158,30.315,30.315,30.315,30.315,9
2024-04-29 16:46:00,5320.0,30.3257,30.33,30.32,30.34,30.315,104
2024-04-29 16:47:00,1148.0,30.3316,30.32,30.345,30.345,30.32,8
2024-04-29 16:48:00,1871.0,30.3239,30.345,30.33,30.345,30.3101,41
2024-04-29 16:51:00,1123.0,30.3467,30.34,30.35,30.35,30.34,29
2024-04-29 16:52:00,2943.0,30.333,30.34,30.33,30.34,30.33,49
2024-04-29 16:53:00,708.0,30.3131,30.31,30.31,30.32,30.31,19
2024-04-29 16:54:00,995.0,30.3095,30.3,30.31,30.31,30.3,18
2024-04-29 16:55:00,107.0,30.3199,30.32,30.32,30.32,30.32,4
2024-04-29 16:56:00,260.0,30.3201,30.32,30.32,30.32,30.32,8
2024-04-29 16:57:00,820.0,30.317,30.315,30.315,30.315,30.315,19
2024-04-29 16:58:00,1462.0,30.3096,30.31,30.31,30.31,30.305,38
2024-04-29 16:59:00,535.0,30.3279,30.32,30.33,30.33,30.32,17
2024-04-29 17:00:00,2083.0,30.3075,30.32,30.29,30.32,30.29,42
2024-04-29 17:01:00,660.0,30.2843,30.29,30.28,30.29,30.28,37
2024-04-29 17:02:00,1658.0,30.2457,30.25,30.25,30.25,30.2302,42
2024-04-29 17:03:00,253.0,30.2477,30.25,30.25,30.25,30.25,15
2024-04-29 17:04:00,364.0,30.2746,30.25,30.25,30.25,30.25,14
2024-04-29 17:05:00,428.0,30.2508,30.25,30.245,30.26,30.245,12
2024-04-29 17:06:00,1427.0,30.2338,30.24,30.23,30.24,30.23,48
2024-04-29 17:07:00,2194.0,30.2437,30.24,30.25,30.25,30.235,42
2024-04-29 17:08:00,110.0,30.2693,30.27,30.27,30.27,30.27,8
2024-04-29 17:10:00,954.0,30.2706,30.27,30.27,30.27,30.27,27
2024-04-29 17:11:00,1544.0,30.2634,30.28,30.265,30.28,30.26,34
2024-04-29 17:12:00,1163.0,30.2591,30.26,30.26,30.26,30.26,33
2024-04-29 17:15:00,1255.0,30.2686,30.26,30.275,30.275,30.26,41
2024-04-29 17:16:00,2808.0,30.2808,30.2797,30.3,30.3,30.275,30
2024-04-29 17:17:00,932.0,30.3137,30.31,30.32,30.32,30.31,21
2024-04-29 17:18:00,3513.0,30.2937,30.32,30.285,30.32,30.28,65
2024-04-29 17:19:00,209.0,30.2842,30.285,30.285,30.285,30.285,8
2024-04-29 17:20:00,1032.0,30.2958,30.29,30.3,30.3,30.29,29
2024-04-29 17:21:00,352.0,30.3036,30.305,30.305,30.305,30.305,15
2024-04-29 17:22:00,293.0,30.2931,30.29,30.29,30.29,30.29,14
2024-04-29 17:23:00,321.0,30.2974,30.3,30.29,30.3,30.29,19
2024-04-29 17:24:00,3713.0,30.2972,30.29,30.29,30.3,30.29,56
2024-04-29 17:25:00,2247.0,30.2907,30.3,30.29,30.3,30.29,44
2024-04-29 17:26:00,1929.0,30.2813,30.29,30.28,30.29,30.28,36
2024-04-29 17:27:00,1109.0,30.2717,30.28,30.26,30.28,30.26,28
2024-04-29 17:28:00,1375.0,30.2597,30.26,30.26,30.26,30.26,33
2024-04-29 17:29:00,712.0,30.2393,30.24,30.24,30.24,30.23,21
2024-04-29 17:30:00,8454.0,30.251,30.24,30.255,30.26,30.24,65
2024-04-29 17:31:00,465.0,30.2512,30.2523,30.25,30.2523,30.25,12
2024-04-29 17:32:00,3107.0,30.2366,30.252,30.2,30.252,30.2,68
2024-04-29 17:33:00,1273.0,30.2271,30.22,30.23,30.23,30.22,28
2024-04-29 17:34:00,1234.0,30.2421,30.24,30.25,30.25,30.24,24
2024-04-29 17:35:00,1238.0,30.2611,30.259,30.27,30.27,30.255,21
2024-04-29 17:36:00,129.0,30.2651,30.265,30.265,30.265,30.265,9
2024-04-29 17:37:00,1093.0,30.263,30.27,30.26,30.27,30.26,45
2024-04-29 17:38:00,623.0,30.2617,30.26,30.26,30.27,30.26,15
2024-04-29 17:39:00,176.0,30.2699,30.27,30.27,30.27,30.27,7
2024-04-29 17:40:00,1109.0,30.2611,30.27,30.26,30.27,30.26,32
2024-04-29 17:41:00,2651.0,30.2494,30.25,30.24,30.25,30.24,37
2024-04-29 17:42:00,124.0,30.2331,30.2325,30.2325,30.2325,30.2325,8
2024-04-29 17:43:00,1781.0,30.2306,30.23,30.22,30.24,30.22,46
2024-04-29 17:44:00,1818.0,30.2311,30.22,30.23,30.24,30.22,36
2024-04-29 17:46:00,1413.0,30.2413,30.24,30.25,30.25,30.24,32
2024-04-29 17:48:00,675.0,30.2417,30.25,30.24,30.25,30.24,25
2024-04-29 17:49:00,173.0,30.24,30.24,30.24,30.24,30.24,10
2024-04-29 17:50:00,653.0,30.2393,30.24,30.24,30.24,30.24,21
2024-04-29 17:52:00,629.0,30.239,30.23,30.24,30.24,30.23,23
2024-04-29 17:53:00,2511.0,30.24,30.25,30.235,30.25,30.235,61
2024-04-29 17:54:00,11366.0,30.192,30.23,30.215,30.23,30.16,155
2024-04-29 17:55:00,3476.0,30.2179,30.22,30.22,30.225,30.205,28
2024-04-29 17:57:00,288.0,30.2252,30.215,30.215,30.215,30.215,23
2024-04-29 17:58:00,927.0,30.2295,30.23,30.23,30.23,30.23,13
2024-04-29 17:59:00,1784.0,30.2198,30.23,30.22,30.23,30.22,31
2024-04-29 18:00:00,1458.0,30.208,30.21,30.195,30.21,30.195,44
2024-04-29 18:01:00,1482.0,30.2009,30.2,30.2,30.2,30.2,18
2024-04-29 18:02:00,654.0,30.1998,30.195,30.205,30.205,30.195,41
2024-04-29 18:03:00,682.0,30.2013,30.2,30.2,30.205,30.2,18
2024-04-29 18:04:00,2178.0,30.1878,30.19,30.19,30.19,30.18,37
2024-04-29 18:05:00,3054.0,30.1692,30.185,30.16,30.185,30.16,51
2024-04-29 18:06:00,6277.0,30.1662,30.16,30.175,30.19,30.16,38
2024-04-29 18:07:00,19030.0,30.2088,30.205,30.26,30.26,30.205,77
2024-04-29 18:08:00,1682.0,30.2655,30.26,30.27,30.285,30.26,35
2024-04-29 18:09:00,581.0,30.2887,30.29,30.29,30.29,30.29,16
2024-04-29 18:10:00,302.0,30.2763,30.285,30.28,30.285,30.28,15
2024-04-29 18:11:00,1097.0,30.2719,30.27,30.27,30.27,30.27,24
2024-04-29 18:12:00,397.0,30.2706,30.27,30.26,30.27,30.26,16
2024-04-29 18:13:00,2667.0,30.2652,30.2601,30.27,30.275,30.26,53
2024-04-29 18:14:00,1219.0,30.2765,30.27,30.28,30.28,30.27,27
2024-04-29 18:15:00,235.0,30.2753,30.28,30.28,30.28,30.28,8
2024-04-29 18:16:00,231.0,30.2914,30.29,30.29,30.29,30.29,15
2024-04-29 18:17:00,2974.0,30.2771,30.29,30.28,30.29,30.26,57
2024-04-29 18:18:00,197.0,30.2773,30.275,30.275,30.275,30.275,5
2024-04-29 18:19:00,534.0,30.2689,30.27,30.265,30.27,30.265,19
2024-04-29 18:20:00,661.0,30.2812,30.28,30.29,30.29,30.28,23
2024-04-29 18:21:00,730.0,30.2792,30.29,30.295,30.295,30.29,14
2024-04-29 18:22:00,1127.0,30.2798,30.28,30.28,30.28,30.28,32
2024-04-29 18:23:00,284.0,30.28,30.28,30.28,30.28,30.28,9
2024-04-29 18:24:00,501.0,30.2903,30.29,30.29,30.29,30.29,14
2024-04-29 18:25:00,207.0,30.295,30.3,30.3,30.3,30.3,10
2024-04-29 18:26:00,430.0,30.2887,30.3,30.3,30.3,30.3,14
2024-04-29 18:27:00,2072.0,30.2942,30.3,30.29,30.3,30.29,59
2024-04-29 18:28:00,2491.0,30.2799,30.285,30.275,30.285,30.275,55
2024-04-29 18:29:00,813.0,30.2799,30.275,30.285,30.285,30.275,21
2024-04-29 18:30:00,1369.0,30.2713,30.275,30.265,30.275,30.265,38
2024-04-29 18:31:00,279.0,30.2709,30.27,30.27,30.27,30.27,7
2024-04-29 18:32:00,2073.0,30.2531,30.26,30.25,30.26,30.25,36
2024-04-29 18:33:00,1781.0,30.2651,30.26,30.27,30.27,30.26,38
2024-04-29 18:34:00,1238.0,30.2693,30.28,30.27,30.28,30.26,26
2024-04-29 18:35:00,104.0,30.2749,30.275,30.275,30.275,30.275,5
2024-04-29 18:36:00,1462.0,30.2651,30.27,30.26,30.27,30.26,35
2024-04-29 18:37:00,1321.0,30.2709,30.26,30.26,30.26,30.26,9
2024-04-29 18:38:00,731.0,30.26,30.26,30.26,30.26,30.26,20
2024-04-29 18:40:00,1020.0,30.2715,30.27,30.28,30.28,30.27,17
2024-04-29 18:41:00,3160.0,30.2882,30.275,30.29,30.3,30.275,56
2024-04-29 18:42:00,845.0,30.2867,30.29,30.29,30.29,30.285,13
2024-04-29 18:43:00,474.0,30.2921,30.285,30.295,30.295,30.285,18
2024-04-29 18:44:00,2439.0,30.3101,30.3,30.3,30.32,30.295,35
2024-04-29 18:46:00,1495.0,30.2973,30.3,30.29,30.3,30.29,29
2024-04-29 18:48:00,1272.0,30.3146,30.31,30.32,30.32,30.31,36
2024-04-29 18:49:00,460.0,30.3335,30.33,30.34,30.34,30.33,23
2024-04-29 18:51:00,1277.0,30.3385,30.34,30.335,30.34,30.335,33
2024-04-29 18:52:00,5870.0,30.3322,30.33,30.36,30.36,30.32,95
2024-04-29 18:53:00,577.0,30.3479,30.36,30.35,30.36,30.34,24
2024-04-29 18:55:00,3650.0,30.3212,30.34,30.3,30.34,30.29,57
2024-04-29 18:56:00,1633.0,30.2936,30.295,30.29,30.3,30.29,36
2024-04-29 18:57:00,5047.0,30.2953,30.3,30.2701,30.3,30.2701,64
2024-04-29 18:58:00,319.0,30.2798,30.28,30.28,30.28,30.28,11
2024-04-29 18:59:00,975.0,30.2877,30.29,30.29,30.29,30.285,16
2024-04-29 19:00:00,2886.0,30.2637,30.28,30.23,30.28,30.23,75
2024-04-29 19:01:00,1049.0,30.2302,30.235,30.23,30.235,30.22,32
2024-04-29 19:02:00,1187.0,30.2267,30.235,30.22,30.235,30.22,16
2024-04-29 19:03:00,1085.0,30.198,30.21,30.19,30.21,30.19,26
2024-04-29 19:04:00,1764.0,30.1967,30.19,30.2,30.2,30.19,30
2024-04-29 19:05:00,773.0,30.2073,30.2,30.21,30.21,30.2,15
2024-04-29 19:06:00,1667.0,30.1999,30.21,30.18,30.21,30.18,38
2024-04-29 19:07:00,1437.0,30.1965,30.19,30.2,30.2,30.188,19
2024-04-29 19:08:00,4246.0,30.217,30.21,30.23,30.23,30.2,52
2024-04-29 19:09:00,654.0,30.2526,30.24,30.26,30.26,30.24,14
2024-04-29 19:10:00,1315526.0,30.2506,30.27,30.36,30.38,30.2497,131
2024-04-29 19:11:00,2552.0,30.3294,30.34,30.32,30.34,30.32,42
2024-04-29 19:12:00,12014.0,30.2891,30.32,30.33,30.33,30.23,134
2024-04-29 19:13:00,305.0,30.3198,30.32,30.32,30.32,30.32,10
2024-04-29 19:14:00,2660.0,30.3486,30.33,30.365,30.365,30.33,36
2024-04-29 19:15:00,4201.0,30.3666,30.36,30.385,30.385,30.36,71
2024-04-29 19:16:00,1581.0,30.3716,30.37,30.37,30.38,30.37,39
2024-04-29 19:17:00,16138.0,30.3474,30.365,30.37,30.37,30.34,79
2024-04-29 19:18:00,18701.0,30.3973,30.375,30.4,30.4,30.375,47
2024-04-29 19:19:00,21516.0,30.38,30.405,30.39,30.41,30.36,108
2024-04-29 19:20:00,52262.0,30.28,30.39,30.36,30.39,30.36,107
2024-04-29 19:21:00,12755.0,30.3778,30.365,30.39,30.408,30.365,96
2024-04-29 19:22:00,3897.0,30.3831,30.39,30.375,30.39,30.375,42
2024-04-29 19:23:00,2047.0,30.369,30.375,30.37,30.375,30.36,40
2024-04-29 19:24:00,4355.0,30.3608,30.37,30.345,30.37,30.345,79
2024-04-29 19:25:00,3067.0,30.3432,30.34,30.36,30.36,30.335,55
2024-04-29 19:26:00,4812.0,30.3656,30.36,30.355,30.37,30.355,76
2024-04-29 19:27:00,23683.0,30.3614,30.36,30.36,30.37,30.355,40
2024-04-29 19:28:00,7268.0,30.3742,30.37,30.37,30.39,30.36,97
2024-04-29 19:29:00,2216.0,30.3793,30.37,30.38,30.39,30.37,40
2024-04-29 19:30:00,10745.0,30.3948,30.38,30.39,30.4,30.38,109
2024-04-29 19:31:00,51305.0,30.405,30.39,30.41,30.43,30.38,358
2024-04-29 19:32:00,22834.0,30.4829,30.42,30.48,30.51,30.42,128
2024-04-29 19:33:00,5117.0,30.4826,30.48,30.47,30.505,30.46,67
2024-04-29 19:34:00,2377.0,30.4548,30.46,30.45,30.46,30.45,47
2024-04-29 19:35:00,2438.0,30.4467,30.44,30.468,30.468,30.435,53
2024-04-29 19:36:00,3428.0,30.4656,30.46,30.47,30.479,30.46,58
2024-04-29 19:37:00,7323.0,30.4639,30.47,30.46,30.48,30.46,116
2024-04-29 19:38:00,2798.0,30.454,30.46,30.47,30.47,30.45,53
2024-04-29 19:39:00,1988.0,30.4841,30.465,30.495,30.495,30.465,59
2024-04-29 19:40:00,1747.0,30.4937,30.495,30.5,30.51,30.495,38
2024-04-29 19:41:00,9937.0,30.4963,30.51,30.495,30.51,30.485,133
2024-04-29 19:42:00,10580.0,30.4898,30.5,30.5,30.5,30.495,84
2024-04-29 19:43:00,14245.0,30.5001,30.5,30.5,30.51,30.49,187
2024-04-29 19:44:00,4622.0,30.4982,30.495,30.5,30.5,30.495,73
2024-04-29 19:45:00,8201.0,30.4983,30.5,30.495,30.5,30.495,98
2024-04-29 19:46:00,10405.0,30.4919,30.499,30.475,30.5,30.47,149
2024-04-29 19:47:00,3088.0,30.4946,30.48,30.51,30.51,30.48,78
2024-04-29 19:48:00,6879.0,30.5004,30.52,30.49,30.52,30.48,126
2024-04-29 19:49:00,8280.0,30.5314,30.5,30.56,30.56,30.495,118
2024-04-29 19:50:00,9441.0,30.5226,30.55,30.56,30.56,30.5,125
2024-04-29 19:51:00,5843.0,30.5483,30.559,30.555,30.56,30.54,83
2024-04-29 19:52:00,8642.0,30.5873,30.56,30.625,30.63,30.56,110
2024-04-29 19:53:00,23303.0,30.6118,30.63,30.635,30.665,30.62,213
2024-04-29 19:54:00,20544.0,30.6178,30.635,30.6,30.65,30.6,190
2024-04-29 19:55:00,19717.0,30.6079,30.61,30.6,30.63,30.59,189
2024-04-29 19:56:00,25224.0,30.6085,30.59,30.65,30.66,30.585,211
2024-04-29 19:57:00,36012.0,30.6252,30.65,30.605,30.66,30.6,260
2024-04-29 19:58:00,27416.0,30.6248,30.605,30.625,30.63,30.605,208
2024-04-29 19:59:00,88376.0,30.6071,30.625,30.6,30.63,30.59,554
2024-04-29 20:01:00,608.0,30.6,30.6,30.6,30.6,30.6,1
2024-04-30 13:30:00,10438.0,30.4279,30.43,30.32,30.43,30.32,15
2024-04-30 13:31:00,142.0,30.445,30.4,30.4,30.4,30.4,5
2024-04-30 13:32:00,451.0,30.4208,30.445,30.44,30.445,30.44,5
2024-04-30 13:33:00,803.0,30.3884,30.415,30.36,30.415,30.36,9
2024-04-30 13:34:00,101.0,30.4105,30.41,30.41,30.41,30.41,2
2024-04-30 13:35:00,707.0,30.3593,30.36,30.36,30.395,30.34,12
2024-04-30 13:36:00,534.0,30.3377,30.33,30.3425,30.3425,30.33,10
2024-04-30 13:37:00,527.0,30.3338,30.34,30.34,30.34,30.32,8
2024-04-30 13:38:00,632.0,30.3233,30.3237,30.32,30.3237,30.32,7
2024-04-30 13:39:00,423.0,30.3222,30.31,30.35,30.35,30.31,7
2024-04-30 13:40:00,4057.0,30.3066,30.32,30.23,30.35,30.23,57
2024-04-30 13:41:00,1411.0,30.2017,30.225,30.18,30.23,30.18,15
2024-04-30 13:42:00,404.0,30.1813,30.21,30.17,30.21,30.17,7
2024-04-30 13:43:00,6828.0,30.1829,30.17,30.03,30.22,30.03,99
2024-04-30 13:44:00,2456.0,30.0719,30.07,30.1,30.1,30.05,42
2024-04-30 13:45:00,5237.0,30.0693,30.06,30.03,30.11,30.03,55
2024-04-30 13:46:00,2686.0,30.0006,30.01,29.98,30.02,29.98,43
2024-04-30 13:47:00,741.0,30.0112,29.98,30.0,30.0,29.98,18
2024-04-30 13:48:00,4422.0,29.979,29.98,29.945,30.01,29.945,86
2024-04-30 13:49:00,332.0,29.9515,29.91,29.91,29.91,29.91,10
2024-04-30 13:50:00,11502.0,29.9587,29.96,29.94,29.99,29.92,102
2024-04-30 13:51:00,4400.0,29.9617,29.97,29.94,29.98,29.94,61
2024-04-30 13:52:00,4336.0,29.9819,29.95,30.0,30.0,29.945,65
2024-04-30 13:53:00,2697.0,29.9871,30.0,29.97,30.005,29.97,44
2024-04-30 13:54:00,7203.0,29.9815,29.98,29.9207,30.0,29.9207,93
2024-04-30 13:55:00,960.0,29.9206,29.92,29.92,29.92,29.92,27
2024-04-30 13:56:00,7311.0,29.9281,29.91,29.97,29.97,29.9,96
2024-04-30 13:57:00,1587.0,29.9848,30.0,29.965,30.0,29.965,30
2024-04-30 13:58:00,2717.0,29.9937,30.0,29.98,30.0,29.98,42
2024-04-30 13:59:00,1404.0,29.9682,29.985,29.96,29.985,29.96,20
2024-04-30 14:00:00,1732.0,29.963,29.97,29.96,29.97,29.955,19
2024-04-30 14:01:00,10308.0,29.987,29.97,29.96,30.0,29.96,106
2024-04-30 14:02:00,1299.0,29.96,29.975,29.95,29.975,29.945,31
2024-04-30 14:03:00,6078.0,29.8808,29.93,29.855,29.93,29.855,94
2024-04-30 14:04:00,3057.0,29.8761,29.855,29.87,29.89,29.855,36
2024-04-30 14:05:00,3564.0,29.8236,29.86,29.83,29.86,29.8,69
2024-04-30 14:06:00,933.0,29.8198,29.83,29.81,29.83,29.81,21
2024-04-30 14:07:00,3594.0,29.7929,29.8,29.805,29.805,29.775,50
2024-04-30 14:08:00,4965.0,29.8308,29.805,29.86,29.87,29.805,50
2024-04-30 14:09:00,2783.0,29.8794,29.86,29.89,29.9,29.86,41
2024-04-30 14:10:00,9139.0,29.8627,29.885,29.89,29.89,29.85,88
2024-04-30 14:11:00,1697.0,29.8745,29.88,29.87,29.88,29.86,39
2024-04-30 14:12:00,365.0,29.8704,29.875,29.875,29.875,29.875,14
2024-04-30 14:13:00,23456.0,29.7775,29.88,29.68,29.89,29.68,304
2024-04-30 14:14:00,4222.0,29.7155,29.695,29.73,29.74,29.69,66
2024-04-30 14:15:00,7510.0,29.7527,29.74,29.76,29.76,29.74,115
2024-04-30 14:16:00,5890.0,29.7849,29.76,29.82,29.84,29.76,86
2024-04-30 14:17:00,1779.0,29.8059,29.8,29.83,29.83,29.8,28
2024-04-30 14:18:00,284.0,29.8178,29.82,29.83,29.83,29.82,11
2024-04-30 14:19:00,4445.0,29.7948,29.82,29.77,29.82,29.77,67
2024-04-30 14:20:00,4253.0,29.7541,29.76,29.725,29.77,29.725,81
2024-04-30 14:21:00,1524.0,29.7017,29.71,29.68,29.71,29.68,30
2024-04-30 14:22:00,16453.0,29.7314,29.69,29.72,29.78,29.69,188
2024-04-30 14:23:00,3824.0,29.68,29.69,29.66,29.69,29.655,75
2024-04-30 14:24:00,4022.0,29.6764,29.66,29.7,29.7,29.66,49
2024-04-30 14:25:00,3354.0,29.7076,29.695,29.7,29.73,29.695,59
2024-04-30 14:26:00,2872.0,29.6678,29.68,29.65,29.68,29.65,55
2024-04-30 14:27:00,629.0,29.6328,29.63,29.624,29.63,29.624,24
2024-04-30 14:28:00,4365.0,29.6423,29.64,29.635,29.65,29.635,69
2024-04-30 14:29:00,1601.0,29.6184,29.63,29.6,29.63,29.6,39
2024-04-30 14:30:00,7736.0,29.5957,29.6,29.6,29.61,29.58,108
2024-04-30 14:31:00,4422.0,29.5901,29.59,29.585,29.6,29.58,76
2024-04-30 14:32:00,7568.0,29.5963,29.58,29.6,29.6,29.58,77
2024-04-30 14:33:00,1586.0,29.6018,29.6,29.6,29.6,29.6,29
2024-04-30 14:34:00,349.0,29.6048,29.605,29.605,29.605,29.605,11
2024-04-30 14:35:00,5153.0,29.5951,29.61,29.59,29.61,29.58,77
2024-04-30 14:36:00,1071.0,29.5857,29.59,29.57,29.59,29.57,26
2024-04-30 14:37:00,5292.0,29.5622,29.57,29.54,29.59,29.54,99
2024-04-30 14:38:00,4104.0,29.5102,29.53,29.5,29.53,29.5,74
2024-04-30 14:39:00,5940.0,29.4779,29.5,29.45,29.5,29.45,124
2024-04-30 14:40:00,1955.0,29.4468,29.45,29.44,29.45,29.44,56
2024-04-30 14:41:00,7651.0,29.4761,29.44,29.48,29.51,29.44,124
2024-04-30 14:42:00,475.0,29.4979,29.495,29.495,29.495,29.495,21
2024-04-30 14:43:00,1885.0,29.5172,29.495,29.55,29.55,29.495,44
2024-04-30 14:44:00,2204.0,29.5515,29.55,29.57,29.57,29.55,69
2024-04-30 14:45:00,3004.0,29.5844,29.57,29.59,29.6,29.565,55
2024-04-30 14:46:00,3426.0,29.628,29.6,29.68,29.68,29.6,71
2024-04-30 14:47:00,5595.0,29.7079,29.69,29.73,29.75,29.685,85
2024-04-30 14:48:00,1978.0,29.7391,29.77,29.795,29.8196,29.77,26
2024-04-30 14:49:00,2213.0,29.8143,29.795,29.82,29.82,29.795,41
2024-04-30 14:50:00,6087.0,29.8332,29.825,29.9,29.9,29.81,77
2024-04-30 14:51:00,5694.0,29.8544,29.885,29.86,29.885,29.84,95
2024-04-30 14:52:00,3104.0,29.866,29.85,29.9,29.9,29.85,53
2024-04-30 14:53:00,2000.0,29.8601,29.885,29.86,29.885,29.85,40
2024-04-30 14:54:00,4255.0,29.8506,29.86,29.85,29.86,29.84,52
2024-04-30 14:55:00,586.0,29.8494,29.85,29.85,29.85,29.85,15
2024-04-30 14:56:00,2495.0,29.8554,29.84,29.86,29.86,29.84,68
2024-04-30 14:57:00,1482.0,29.8727,29.87,29.88,29.88,29.87,41
2024-04-30 14:58:00,270.0,29.8811,29.88,29.88,29.88,29.88,20
2024-04-30 14:59:00,1002.0,29.8862,29.88,29.89,29.89,29.88,28
2024-04-30 15:00:00,3527.0,29.8767,29.88,29.9,29.9,29.87,48
2024-04-30 15:01:00,1930.0,29.8851,29.89,29.88,29.89,29.88,34
2024-04-30 15:02:00,200.0,29.8802,29.88,29.88,29.88,29.88,4
2024-04-30 15:04:00,1651.0,29.8814,29.88,29.88,29.89,29.88,21
2024-04-30 15:05:00,9229.0,29.8747,29.88,29.88,29.885,29.87,149
2024-04-30 15:06:00,28775.0,29.8761,29.87,29.885,29.89,29.87,219
2024-04-30 15:07:00,11294.0,29.8697,29.88,29.85,29.88,29.85,104
2024-04-30 15:08:00,10379.0,29.863,29.85,29.87,29.88,29.84,145
2024-04-30 15:09:00,12080.0,29.8803,29.875,29.88,29.89,29.875,131
2024-04-30 15:10:00,6380.0,29.9369,29.885,29.97,29.98,29.885,72
2024-04-30 15:11:00,12135.0,29.9774,29.97,29.975,30.0,29.96,132
2024-04-30 15:12:00,16660.0,29.9533,29.96,29.91,29.96,29.91,161
2024-04-30 15:13:00,4576.0,29.901,29.905,29.92,29.92,29.89,58
2024-04-30 15:14:00,289.0,29.9196,29.925,29.91,29.925,29.91,4
2024-04-30 15:15:00,233.0,29.916,29.915,29.915,29.915,29.915,5
2024-04-30 15:16:00,434.0,29.932,29.92,29.92,29.92,29.92,12
2024-04-30 15:17:00,19351.0,29.9159,29.94,29.91,29.94,29.91,106
2024-04-30 15:18:00,100516.0,29.9299,29.91,29.92,29.93,29.91,9
2024-04-30 15:19:00,3070.0,29.8861,29.91,29.87,29.91,29.87,45
2024-04-30 15:20:00,1400.0,29.8676,29.86,29.88,29.88,29.86,33
2024-04-30 15:21:00,182.0,29.8808,29.88,29.88,29.88,29.88,7
2024-04-30 15:22:00,1151.0,29.8643,29.87,29.87,29.87,29.855,28
2024-04-30 15:23:00,2362.0,29.83,29.84,29.83,29.85,29.81,45
2024-04-30 15:24:00,1313.0,29.83,29.83,29.83,29.83,29.83,20
2024-04-30 15:25:00,1274.0,29.8474,29.83,29.86,29.86,29.83,17
2024-04-30 15:26:00,137.0,29.84,29.84,29.84,29.84,29.84,5
2024-04-30 15:27:00,2152.0,29.8755,29.84,29.83,29.84,29.83,27
2024-04-30 15:28:00,340.0,29.8215,29.81,29.81,29.81,29.81,15
2024-04-30 15:29:00,789.0,29.8251,29.82,29.83,29.83,29.82,17
2024-04-30 15:30:00,453.0,29.839,29.85,29.84,29.85,29.84,15
2024-04-30 15:31:00,4748.0,29.832,29.84,29.835,29.84,29.82,84
2024-04-30 15:32:00,3725.0,29.8223,29.83,29.82,29.83,29.82,55
2024-04-30 15:33:00,1245.0,29.8336,29.82,29.835,29.84,29.82,30
2024-04-30 15:34:00,838.0,29.8396,29.835,29.845,29.845,29.835,17
2024-04-30 15:35:00,1668.0,29.8626,29.85,29.88,29.88,29.85,32
2024-04-30 15:36:00,783.0,29.8791,29.875,29.88,29.88,29.875,13
2024-04-30 15:37:00,4103.0,29.8757,29.8829,29.87,29.89,29.87,66
2024-04-30 15:38:00,1559.0,29.8799,29.87,29.905,29.905,29.86,42
2024-04-30 15:39:00,3706.0,29.9091,29.91,29.92,29.92,29.91,52
2024-04-30 15:40:00,658.0,29.9187,29.92,29.92,29.92,29.92,13
2024-04-30 15:41:00,4444.0,29.9095,29.92,29.91,29.92,29.905,56
2024-04-30 15:42:00,9873.0,29.9218,29.9099,29.95,29.95,29.905,72
2024-04-30 15:43:00,4872.0,29.9423,29.95,29.93,29.96,29.93,96
2024-04-30 15:44:00,3785.0,29.9013,29.91,29.89,29.92,29.89,36
2024-04-30 15:45:00,471.0,29.8868,29.885,29.89,29.89,29.885,12
2024-04-30 15:46:00,250.0,29.8804,29.88,29.88,29.88,29.88,10
2024-04-30 15:47:00,2655.0,29.8835,29.88,29.89,29.89,29.88,43
2024-04-30 15:48:00,621.0,29.9193,29.92,29.93,29.93,29.92,30
2024-04-30 15:49:00,7129.0,29.931,29.93,29.93,29.95,29.92,88
2024-04-30 15:50:00,2534.0,29.9033,29.91,29.9,29.91,29.9,40
2024-04-30 15:51:00,2196.0,29.9079,29.9,29.93,29.93,29.9,35
2024-04-30 15:52:00,9230.0,29.9194,29.92,29.9,29.92,29.9,12
2024-04-30 15:53:00,1605.0,29.8957,29.9,29.89,29.9,29.89,31
2024-04-30 15:54:00,358.0,29.8813,29.88,29.88,29.88,29.88,12
2024-04-30 15:55:00,3047.0,29.9102,29.9,29.92,29.92,29.9,58
2024-04-30 15:56:00,145.0,29.923,29.925,29.925,29.925,29.925,5
2024-04-30 15:57:00,2769.0,29.9306,29.94,29.91,29.94,29.91,33
2024-04-30 15:58:00,416.0,29.9124,29.915,29.915,29.915,29.915,9
2024-04-30 15:59:00,150.0,29.9133,29.915,29.915,29.915,29.915,6
2024-04-30 16:00:00,338.0,29.9162,29.9075,29.93,29.93,29.9075,7
2024-04-30 16:01:00,726.0,29.9167,29.915,29.93,29.93,29.915,12
2024-04-30 16:02:00,3495.0,29.9339,29.915,29.94,29.95,29.915,66
2024-04-30 16:03:00,2930.0,29.9211,29.92,29.91,29.93,29.91,56
2024-04-30 16:04:00,1722.0,29.8965,29.9,29.88,29.9,29.88,28
2024-04-30 16:05:00,1359.0,29.8882,29.87,29.885,29.885,29.87,24
2024-04-30 16:07:00,7825.0,29.8674,29.86,29.865,29.87,29.86,58
2024-04-30 16:08:00,353.0,29.8672,29.87,29.865,29.87,29.865,12
2024-04-30 16:09:00,2259.0,29.8659,29.8628,29.865,29.87,29.8628,25
2024-04-30 16:10:00,4481.0,29.8877,29.87,29.9,29.9,29.87,51
2024-04-30 16:11:00,1947.0,29.9169,29.91,29.915,29.93,29.91,35
2024-04-30 16:12:00,7671.0,29.8863,29.915,29.87,29.93,29.87,108
2024-04-30 16:13:00,1844.0,29.8556,29.86,29.855,29.86,29.85,36
2024-04-30 16:14:00,573.0,29.8502,29.85,29.85,29.85,29.85,13
2024-04-30 16:16:00,266.0,29.855,29.86,29.86,29.86,29.86,10
2024-04-30 16:18:00,170.0,29.8418,29.845,29.845,29.845,29.845,8
2024-04-30 16:20:00,751.0,29.845,29.845,29.845,29.845,29.845,11
2024-04-30 16:21:00,471.0,29.8633,29.845,29.86,29.86,29.845,8
2024-04-30 16:22:00,377.0,29.8477,29.845,29.845,29.845,29.845,11
2024-04-30 16:23:00,3670.0,29.8651,29.86,29.9,29.9,29.845,56
2024-04-30 16:24:00,771.0,29.8901,29.885,29.9,29.9,29.88,14
2024-04-30 16:25:00,141.0,29.8817,29.88,29.88,29.88,29.88,6
2024-04-30 16:26:00,1935.0,29.8738,29.88,29.87,29.88,29.87,40
2024-04-30 16:27:00,2905.0,29.8635,29.87,29.86,29.87,29.86,47
2024-04-30 16:28:00,1373.0,29.8689,29.87,29.87,29.87,29.865,22
2024-04-30 16:29:00,2306.0,29.8636,29.87,29.86,29.87,29.86,35
2024-04-30 16:30:00,3894.0,29.8441,29.855,29.84,29.855,29.83,63
2024-04-30 16:31:00,984.0,29.7951,29.795,29.77,29.795,29.77,20
2024-04-30 16:32:00,617.0,29.7632,29.75,29.73,29.75,29.73,11
2024-04-30 16:33:00,1317.0,29.728,29.73,29.73,29.73,29.725,27
2024-04-30 16:34:00,1162.0,29.7209,29.73,29.72,29.73,29.715,21
2024-04-30 16:35:00,1967.0,29.7274,29.72,29.73,29.73,29.72,38
2024-04-30 16:36:00,1596.0,29.726,29.72,29.725,29.73,29.72,30
2024-04-30 16:37:00,1385.0,29.7474,29.73,29.77,29.77,29.73,35
2024-04-30 16:38:00,3885.0,29.7573,29.765,29.78,29.78,29.745,65
2024-04-30 16:39:00,1709.0,29.7783,29.77,29.79,29.79,29.77,36
2024-04-30 16:40:00,746.0,29.7886,29.79,29.78,29.79,29.78,13
2024-04-30 16:41:00,7520.0,29.8,29.825,29.81,29.825,29.79,129
2024-04-30 16:42:00,12418.0,29.7853,29.8,29.78,29.81,29.77,175
2024-04-30 16:43:00,1390.0,29.7961,29.78,29.81,29.81,29.78,34
2024-04-30 16:44:00,153.0,29.8039,29.8037,29.8037,29.8037,29.8037,5
2024-04-30 16:45:00,299.0,29.8021,29.81,29.8,29.81,29.8,9
2024-04-30 16:46:00,3303.0,29.8222,29.8,29.825,29.85,29.8,51
2024-04-30 16:47:00,233.0,29.8289,29.82,29.84,29.84,29.82,6
2024-04-30 16:48:00,1158.0,29.8385,29.83,29.84,29.84,29.83,26
2024-04-30 16:49:00,456.0,29.8321,29.83,29.84,29.84,29.83,23
2024-04-30 16:50:00,53198.0,29.7896,29.84,29.835,29.84,29.83,85
2024-04-30 16:51:00,17044.0,29.8138,29.83,29.805,29.83,29.8,219
2024-04-30 16:52:00,1963.0,29.8016,29.8,29.805,29.805,29.8,32
2024-04-30 16:53:00,388.0,29.8079,29.81,29.81,29.81,29.81,14
2024-04-30 16:54:00,4699.0,29.8029,29.805,29.805,29.81,29.8,84
2024-04-30 16:55:00,5737.0,29.8007,29.805,29.8,29.81,29.8,51
2024-04-30 16:56:00,12306.0,29.782,29.8,29.77,29.8075,29.75,135
2024-04-30 16:57:00,3014.0,29.769,29.76,29.77,29.78,29.76,62
2024-04-30 16:58:00,757.0,29.7788,29.78,29.78,29.78,29.78,21
2024-04-30 16:59:00,1249.0,29.7879,29.775,29.79,29.79,29.775,27
2024-04-30 17:00:00,365.0,29.7794,29.785,29.78,29.785,29.78,8
2024-04-30 17:01:00,386.0,29.7837,29.79,29.78,29.79,29.78,10
2024-04-30 17:02:00,1862.0,29.7962,29.79,29.81,29.81,29.79,47
2024-04-30 17:03:00,2219.0,29.8221,29.82,29.82,29.84,29.82,42
2024-04-30 17:04:00,578.0,29.8298,29.83,29.83,29.83,29.83,9
2024-04-30 17:05:00,3872.0,29.8203,29.82,29.82,29.83,29.815,59
2024-04-30 17:06:00,1855.0,29.8299,29.83,29.84,29.85,29.83,23
2024-04-30 17:07:00,839.0,29.8285,29.82,29.835,29.835,29.82,14
2024-04-30 17:08:00,798.0,29.8374,29.85,29.835,29.85,29.82,13
2024-04-30 17:09:00,626.0,29.8356,29.835,29.85,29.85,29.835,12
2024-04-30 17:10:00,2193.0,29.8236,29.835,29.83,29.835,29.82,41
2024-04-30 17:11:00,3628.0,29.8232,29.84,29.822,29.84,29.82,61
2024-04-30 17:12:00,5261.0,29.8203,29.825,29.82,29.825,29.82,64
2024-04-30 17:13:00,7162.0,29.8051,29.82,29.77,29.82,29.77,82
2024-04-30 17:14:00,3892.0,29.7765,29.77,29.77,29.79,29.77,63
2024-04-30 17:15:00,1180.0,29.787,29.785,29.79,29.79,29.78,25
2024-04-30 17:16:00,220.0,29.8008,29.8,29.8,29.8,29.8,4
2024-04-30 17:17:00,1147.0,29.8145,29.81,29.83,29.83,29.81,34
2024-04-30 17:18:00,356.0,29.8246,29.825,29.825,29.825,29.825,15
2024-04-30 17:19:00,627.0,29.8306,29.825,29.825,29.825,29.825,19
2024-04-30 17:22:00,2794.0,29.8432,29.84,29.85,29.85,29.83,51
2024-04-30 17:23:00,1525.0,29.8633,29.86,29.86,29.87,29.86,36
2024-04-30 17:24:00,3512.0,29.8609,29.865,29.87,29.87,29.86,52
2024-04-30 17:25:00,1823.0,29.8736,29.865,29.88,29.88,29.865,48
2024-04-30 17:26:00,357.0,29.8877,29.89,29.89,29.89,29.89,14
2024-04-30 17:27:00,6453.0,29.8812,29.88,29.88,29.89,29.87,91
2024-04-30 17:28:00,234.0,29.8889,29.89,29.89,29.89,29.89,7
2024-04-30 17:29:00,6732.0,29.8766,29.88,29.865,29.88,29.865,81
2024-04-30 17:30:00,4166.0,29.8623,29.86,29.87,29.87,29.86,51
2024-04-30 17:31:00,4983.0,29.8549,29.86,29.84,29.86,29.84,72
2024-04-30 17:32:00,3945.0,29.8337,29.83,29.84,29.84,29.83,35
2024-04-30 17:33:00,1275.0,29.8423,29.84,29.84,29.85,29.84,30
2024-04-30 17:34:00,1568.0,29.8522,29.85,29.85,29.86,29.85,33
2024-04-30 17:35:00,751.0,29.8577,29.85,29.86,29.87,29.85,19
2024-04-30 17:36:00,1608.0,29.8815,29.88,29.89,29.89,29.88,41
2024-04-30 17:37:00,1212.0,29.8883,29.885,29.89,29.9,29.8815,21
2024-04-30 17:38:00,1197.0,29.8918,29.9,29.89,29.9,29.89,21
2024-04-30 17:39:00,247.0,29.8901,29.89,29.89,29.89,29.89,12
2024-04-30 17:40:00,2198.0,29.8927,29.9,29.89,29.91,29.89,49
2024-04-30 17:41:00,6276.0,29.8944,29.9,29.88,29.9,29.88,99
2024-04-30 17:42:00,2764.0,29.8806,29.89,29.875,29.89,29.875,49
2024-04-30 17:43:00,322.0,29.8723,29.875,29.87,29.875,29.87,8
2024-04-30 17:44:00,1917.0,29.8787,29.875,29.88,29.88,29.875,30
2024-04-30 17:45:00,2089.0,29.8911,29.88,29.905,29.905,29.88,52
2024-04-30 17:46:00,2001.0,29.9206,29.91,29.94,29.94,29.91,54
2024-04-30 17:47:00,2054.0,29.9303,29.93,29.93,29.93,29.93,52
2024-04-30 17:48:00,1309.0,29.9208,29.92,29.925,29.925,29.92,23
2024-04-30 17:49:00,1765.0,29.9307,29.925,29.94,29.94,29.925,28
2024-04-30 17:50:00,1609.0,29.9304,29.94,29.95,29.95,29.94,29
2024-04-30 17:51:00,40311.0,29.953,29.95,29.92,29.955,29.92,92
2024-04-30 17:52:00,961.0,29.9055,29.91,29.9,29.91,29.9,17
2024-04-30 17:53:00,371.0,29.8924,29.89,29.89,29.89,29.89,12
2024-04-30 17:54:00,332.0,29.8847,29.885,29.885,29.885,29.885,7
2024-04-30 17:55:00,525.0,29.8894,29.89,29.89,29.89,29.89,15
2024-04-30 17:56:00,1790.0,29.8685,29.88,29.865,29.88,29.86,33
2024-04-30 17:57:00,3550.0,29.8182,29.85,29.79,29.85,29.78,51
2024-04-30 17:58:00,1198.0,29.7854,29.79,29.77,29.79,29.77,23
2024-04-30 17:59:00,1177.0,29.7624,29.77,29.75,29.77,29.75,26
2024-04-30 18:00:00,4847.0,29.8108,29.75,29.79,29.79,29.75,77
2024-04-30 18:01:00,571.0,29.788,29.795,29.795,29.795,29.795,13
2024-04-30 18:02:00,836.0,29.801,29.8,29.8,29.805,29.8,20
2024-04-30 18:03:00,4797.0,29.8196,29.8,29.84,29.85,29.8,84
2024-04-30 18:04:00,108.0,29.8252,29.825,29.825,29.825,29.825,8
2024-04-30 18:05:00,2771.0,29.8096,29.825,29.795,29.825,29.795,55
2024-04-30 18:06:00,3418.0,29.7787,29.79,29.78,29.79,29.77,68
2024-04-30 18:08:00,2181.0,29.7623,29.77,29.75,29.77,29.75,51
2024-04-30 18:09:00,587.0,29.7492,29.74,29.74,29.74,29.74,24
2024-04-30 18:10:00,552.0,29.7427,29.74,29.74,29.74,29.74,16
2024-04-30 18:11:00,3808.0,29.7481,29.74,29.75,29.75,29.74,78
2024-04-30 18:12:00,1555.0,29.7567,29.74,29.76,29.76,29.74,28
2024-04-30 18:13:00,1353.0,29.7687,29.77,29.77,29.77,29.765,32
2024-04-30 18:14:00,1443.0,29.759,29.76,29.7575,29.76,29.755,28
2024-04-30 18:15:00,5854.0,29.7499,29.755,29.75,29.76,29.74,110
2024-04-30 18:16:00,2272.0,29.7332,29.745,29.73,29.745,29.73,50
2024-04-30 18:17:00,1450.0,29.7281,29.725,29.72,29.73,29.72,36
2024-04-30 18:18:00,322.0,29.7219,29.72,29.72,29.72,29.72,11
2024-04-30 18:19:00,8411.0,29.6995,29.71,29.69,29.71,29.69,109
2024-04-30 18:20:00,3522.0,29.7086,29.7,29.73,29.73,29.7,83
2024-04-30 18:21:00,563.0,29.7117,29.73,29.73,29.73,29.73,12
2024-04-30 18:22:00,225.0,29.7296,29.73,29.73,29.73,29.73,12
2024-04-30 18:23:00,4969.0,29.7111,29.72,29.7,29.72,29.7,67
2024-04-30 18:24:00,1881.0,29.6992,29.695,29.7,29.705,29.695,32
2024-04-30 18:25:00,1398.0,29.7037,29.7,29.71,29.71,29.7,37
2024-04-30 18:26:00,1889.0,29.7011,29.7,29.705,29.705,29.7,39
2024-04-30 18:27:00,2367.0,29.7075,29.695,29.72,29.72,29.695,48
2024-04-30 18:28:00,1923.0,29.7063,29.705,29.72,29.72,29.7,24
2024-04-30 18:29:00,2417.0,29.6889,29.72,29.72,29.72,29.72,16
2024-04-30 18:30:00,2534.0,29.6888,29.7,29.71,29.71,29.7,22
2024-04-30 18:31:00,6304.0,29.6905,29.72,29.72,29.72,29.71,35
2024-04-30 18:32:00,8960.0,29.6748,29.71,29.705,29.715,29.7,86
2024-04-30 18:33:00,6323.0,29.7151,29.7,29.735,29.735,29.7,89
2024-04-30 18:34:00,6395.0,29.7293,29.735,29.745,29.745,29.735,36
2024-04-30 18:35:00,9125.0,29.7414,29.74,29.745,29.75,29.74,115
2024-04-30 18:36:00,2654.0,29.7468,29.745,29.745,29.7481,29.745,21
2024-04-30 18:37:00,2768.0,29.7505,29.75,29.75,29.75,29.75,36
2024-04-30 18:38:00,4220.0,29.7669,29.76,29.79,29.79,29.76,58
2024-04-30 18:39:00,894.0,29.7938,29.795,29.8,29.8,29.79,19
2024-04-30 18:40:00,1203.0,29.7911,29.79,29.8,29.8,29.79,26
2024-04-30 18:41:00,2706.0,29.803,29.79,29.83,29.83,29.79,47
2024-04-30 18:42:00,3125.0,29.842,29.84,29.85,29.85,29.83,42
2024-04-30 18:43:00,14910.0,29.8403,29.85,29.83,29.86,29.83,148
2024-04-30 18:44:00,10941.0,29.8263,29.83,29.82,29.83,29.82,120
2024-04-30 18:45:00,6244.0,29.8191,29.81,29.83,29.83,29.81,69
2024-04-30 18:46:00,3592.0,29.8297,29.83,29.83,29.84,29.825,56
2024-04-30 18:47:00,130.0,29.83,29.83,29.83,29.83,29.83,4
2024-04-30 18:48:00,1590.0,29.8232,29.83,29.82,29.83,29.82,25
2024-04-30 18:49:00,2340.0,29.8253,29.83,29.825,29.83,29.82,44
2024-04-30 18:50:00,4424.0,29.8301,29.83,29.83,29.83,29.83,68
2024-04-30 18:51:00,28306.0,29.8079,29.835,29.8,29.84,29.79,258
2024-04-30 18:52:00,5093.0,29.8073,29.8,29.83,29.83,29.795,66
2024-04-30 18:53:00,2412.0,29.8162,29.82,29.81,29.82,29.81,67
2024-04-30 18:54:00,2481.0,29.8201,29.815,29.825,29.83,29.81,35
2024-04-30 18:55:00,2901.0,29.8204,29.825,29.82,29.8268,29.82,49
2024-04-30 18:56:00,6589.0,29.8125,29.82,29.795,29.825,29.795,95
2024-04-30 18:57:00,6684.0,29.7916,29.8,29.82,29.83,29.77,119
2024-04-30 18:58:00,2862.0,29.8125,29.82,29.81,29.83,29.8,47
2024-04-30 18:59:00,2193.0,29.8209,29.81,29.84,29.84,29.8,46
2024-04-30 19:00:00,1508.0,29.8464,29.84,29.87,29.87,29.84,49
2024-04-30 19:01:00,939.0,29.8466,29.855,29.84,29.855,29.84,26
2024-04-30 19:02:00,4102.0,29.8369,29.845,29.825,29.845,29.825,67
2024-04-30 19:03:00,2188.0,29.8275,29.82,29.8242,29.83,29.82,37
2024-04-30 19:04:00,2083.0,29.8285,29.82,29.83,29.83,29.82,40
2024-04-30 19:05:00,2605.0,29.8365,29.82,29.855,29.855,29.82,70
2024-04-30 19:06:00,851.0,29.8633,29.86,29.87,29.87,29.855,29
2024-04-30 19:07:00,4313.0,29.8694,29.87,29.87,29.875,29.87,98
2024-04-30 19:08:00,2726.0,29.8557,29.865,29.86,29.865,29.86,31
2024-04-30 19:09:00,52338.0,29.8645,29.86,29.85,29.865,29.85,63
2024-04-30 19:10:00,2331.0,29.8401,29.84,29.84,29.845,29.83,38
2024-04-30 19:12:00,26168.0,29.8548,29.845,29.855,29.855,29.845,31
2024-04-30 19:13:00,51850.0,29.8534,29.85,29.9,29.9,29.85,145
2024-04-30 19:14:00,1674.0,29.9165,29.91,29.92,29.92,29.91,36
2024-04-30 19:15:00,1922.0,29.9032,29.9262,29.89,29.9262,29.89,32
2024-04-30 19:16:00,2195.0,29.8892,29.89,29.89,29.89,29.89,40
2024-04-30 19:17:00,1868.0,29.8796,29.88,29.88,29.88,29.875,42
2024-04-30 19:18:00,1041.0,29.8689,29.88,29.88,29.88,29.88,19
2024-04-30 19:19:00,6740.0,29.887,29.88,29.94,29.94,29.88,98
2024-04-30 19:20:00,1382.0,29.9546,29.95,29.96,29.96,29.945,36
2024-04-30 19:21:00,8551.0,29.9374,29.96,29.9,29.96,29.9,122
2024-04-30 19:22:00,1166.0,29.8803,29.89,29.86,29.89,29.86,27
2024-04-30 19:23:00,3433.0,29.8917,29.85,29.87,29.87,29.85,51
2024-04-30 19:24:00,218.0,29.8645,29.86,29.86,29.86,29.86,8
2024-04-30 19:25:00,3414.0,29.8757,29.87,29.89,29.89,29.865,90
2024-04-30 19:26:00,3065.0,29.8909,29.89,29.88,29.9,29.88,79
2024-04-30 19:27:00,2037.0,29.8786,29.88,29.87,29.88,29.87,39
2024-04-30 19:28:00,4531.0,29.8854,29.875,29.895,29.8996,29.875,93
2024-04-30 19:29:00,992.0,29.8872,29.89,29.88,29.89,29.88,49
2024-04-30 19:30:00,3541.0,29.858,29.87,29.83,29.875,29.825,73
2024-04-30 19:31:00,6320.0,29.8333,29.82,29.835,29.84,29.82,79
2024-04-30 19:32:00,3500.0,29.816,29.82,29.8,29.83,29.8,50
2024-04-30 19:33:00,6355.0,29.814,29.8,29.8068,29.82,29.8,86
2024-04-30 19:34:00,12260.0,29.8294,29.805,29.84,29.84,29.805,69
2024-04-30 19:35:00,5155.0,29.8458,29.83,29.86,29.87,29.83,61
2024-04-30 19:36:00,5578.0,29.8818,29.88,29.9,29.9,29.87,80
2024-04-30 19:37:00,12997.0,29.8829,29.9,29.86,29.9,29.86,100
2024-04-30 19:38:00,17531.0,29.8559,29.86,29.83,29.87,29.83,174
2024-04-30 19:39:00,4172.0,29.8232,29.82,29.815,29.82,29.815,60
2024-04-30 19:40:00,5342.0,29.8211,29.81,29.82,29.83,29.81,73
2024-04-30 19:41:00,4778.0,29.8192,29.83,29.81,29.83,29.81,87
2024-04-30 19:42:00,6611.0,29.8101,29.81,29.81,29.815,29.8,89
2024-04-30 19:43:00,5653.0,29.8153,29.82,29.805,29.825,29.8,84
2024-04-30 19:44:00,8396.0,29.799,29.8,29.795,29.8,29.795,136
2024-04-30 19:45:00,15321.0,29.7536,29.795,29.71,29.795,29.705,142
2024-04-30 19:46:00,9842.0,29.6936,29.71,29.68,29.72,29.68,124
2024-04-30 19:47:00,2729.0,29.668,29.675,29.65,29.68,29.65,53
2024-04-30 19:48:00,13643.0,29.6519,29.65,29.63,29.65,29.63,189
2024-04-30 19:49:00,17010.0,29.659,29.635,29.64,29.66,29.62,186
2024-04-30 19:50:00,13227.0,29.5991,29.64,29.58,29.64,29.575,133
2024-04-30 19:51:00,16999.0,29.5824,29.58,29.585,29.61,29.57,230
2024-04-30 19:52:00,7838.0,29.5607,29.59,29.545,29.59,29.54,126
2024-04-30 19:53:00,27914.0,29.5268,29.541,29.505,29.541,29.5,278
2024-04-30 19:54:00,14335.0,29.5317,29.515,29.535,29.56,29.515,188
2024-04-30 19:55:00,25416.0,29.4878,29.54,29.485,29.55,29.46,297
2024-04-30 19:56:00,45704.0,29.4208,29.48,29.39,29.485,29.38,425
2024-04-30 19:57:00,30528.0,29.3661,29.38,29.35,29.395,29.35,325
2024-04-30 19:58:00,75042.0,29.3375,29.355,29.32,29.365,29.3,604
2024-04-30 19:59:00,99275.0,29.3103,29.335,29.3,29.34,29.3,884
2024-04-30 20:00:00,1544.0,29.3,29.3,29.3,29.3,29.3,14
2024-04-30 20:02:00,23551.0,29.2987,29.3,29.3,29.3,29.3,3
2024-04-30 20:20:00,222.0,29.3,29.3,29.3,29.3,29.3,2
2024-05-01 13:30:00,8836.0,29.3935,29.4,29.36,29.4,29.18,25
2024-05-01 13:31:00,283.0,29.3925,29.39,29.39,29.39,29.39,5
2024-05-01 13:32:00,1611.0,29.4441,29.405,29.5,29.5,29.405,20
2024-05-01 13:33:00,700.0,29.4854,29.47,29.495,29.495,29.47,10
2024-05-01 13:34:00,950.0,29.4477,29.495,29.425,29.495,29.425,13
2024-05-01 13:35:00,1088.0,29.4717,29.45,29.51,29.51,29.45,23
2024-05-01 13:36:00,405.0,29.5486,29.505,29.57,29.57,29.505,5
2024-05-01 13:37:00,520.0,29.5585,29.52,29.59,29.59,29.52,11
2024-05-01 13:38:00,345.0,29.5398,29.535,29.535,29.535,29.535,7
2024-05-01 13:39:00,800.0,29.555,29.555,29.555,29.555,29.555,8
2024-05-01 13:40:00,6996.0,29.517,29.53,29.49,29.55,29.49,78
2024-05-01 13:41:00,534.0,29.4986,29.49,29.525,29.525,29.49,13
2024-05-01 13:42:00,2665.0,29.5324,29.525,29.535,29.56,29.525,24
2024-05-01 13:43:00,3949.0,29.5278,29.55,29.5,29.55,29.5,49
2024-05-01 13:44:00,2006.0,29.4502,29.47,29.435,29.47,29.43,42
2024-05-01 13:45:00,1926.0,29.4068,29.42,29.39,29.42,29.37,39
2024-05-01 13:46:00,10350.0,29.3754,29.4,29.34,29.41,29.34,67
2024-05-01 13:47:00,3582.0,29.3501,29.34,29.34,29.37,29.34,25
2024-05-01 13:48:00,940.0,29.333,29.33,29.33,29.33,29.33,29
2024-05-01 13:49:00,1094.0,29.3496,29.35,29.355,29.355,29.34,16
2024-05-01 13:50:00,813.0,29.3578,29.355,29.355,29.355,29.355,9
2024-05-01 13:51:00,1204.0,29.378,29.355,29.405,29.405,29.355,25
2024-05-01 13:52:00,523.0,29.3991,29.4,29.42,29.42,29.4,8
2024-05-01 13:54:00,3527.0,29.3873,29.4,29.395,29.4,29.38,64
2024-05-01 13:55:00,811.0,29.4138,29.395,29.43,29.43,29.395,17
2024-05-01 13:56:00,1972.0,29.4545,29.45,29.47,29.47,29.425,32
2024-05-01 13:57:00,1718.0,29.4699,29.47,29.49,29.49,29.47,33
2024-05-01 13:58:00,3117.0,29.544,29.51,29.59,29.59,29.51,53
2024-05-01 13:59:00,604.0,29.6025,29.62,29.595,29.62,29.59,16
2024-05-01 14:00:00,6206.0,29.5651,29.6,29.54,29.62,29.52,92
2024-05-01 14:02:00,773.0,29.5292,29.515,29.54,29.54,29.515,18
2024-05-01 14:03:00,1798.0,29.5101,29.52,29.5,29.52,29.5,31
2024-05-01 14:04:00,1959.0,29.4914,29.51,29.47,29.51,29.47,24
2024-05-01 14:05:00,1758.0,29.484,29.46,29.49,29.51,29.46,28
2024-05-01 14:06:00,764.0,29.5366,29.53,29.54,29.54,29.53,20
2024-05-01 14:07:00,4598.0,29.5825,29.565,29.6,29.6,29.565,25
2024-05-01 14:08:00,24194.0,29.6269,29.61,29.54,29.65,29.54,227
2024-05-01 14:09:00,894.0,29.4883,29.52,29.45,29.52,29.45,29
2024-05-01 14:10:00,534.0,29.4313,29.46,29.42,29.46,29.42,19
2024-05-01 14:11:00,334.0,29.394,29.39,29.4,29.4,29.39,15
2024-05-01 14:12:00,615.0,29.5705,29.38,29.38,29.38,29.38,10
2024-05-01 14:13:00,4574.0,29.3862,29.38,29.39,29.42,29.36,71
2024-05-01 14:14:00,1355.0,29.4096,29.39,29.41,29.41,29.38,26
2024-05-01 14:15:00,336.0,29.4383,29.44,29.45,29.45,29.44,15
2024-05-01 14:16:00,2470.0,29.449,29.48,29.44,29.48,29.43,34
2024-05-01 14:17:00,895.0,29.4158,29.42,29.43,29.43,29.42,12
2024-05-01 14:19:00,290.0,29.4342,29.42,29.42,29.42,29.42,16
2024-05-01 14:20:00,2071.0,29.4343,29.43,29.43,29.45,29.425,35
2024-05-01 14:21:00,3555.0,29.4073,29.43,29.37,29.43,29.37,52
2024-05-01 14:22:00,1677.0,29.3671,29.37,29.36,29.38,29.35,46
2024-05-01 14:23:00,951.0,29.355,29.352,29.34,29.352,29.34,21
2024-05-01 14:24:00,295.0,29.3698,29.35,29.35,29.35,29.35,13
2024-05-01 14:25:00,2903.0,29.3509,29.36,29.35,29.36,29.34,55
2024-05-01 14:26:00,1387.0,29.3171,29.33,29.3,29.33,29.3,32
2024-05-01 14:27:00,718.0,29.3284,29.33,29.33,29.33,29.33,30
2024-05-01 14:28:00,954.0,29.3328,29.349,29.33,29.349,29.32,21
2024-05-01 14:29:00,1603.0,29.3363,29.34,29.33,29.34,29.33,46
2024-05-01 14:30:00,3716.0,29.3756,29.36,29.38,29.39,29.36,72
2024-05-01 14:31:00,744.0,29.3563,29.36,29.35,29.36,29.35,17
2024-05-01 14:32:00,301.0,29.3442,29.34,29.345,29.345,29.34,13
2024-05-01 14:33:00,1624.0,29.3348,29.34,29.33,29.34,29.33,42
2024-05-01 14:34:00,1736.0,29.3664,29.34,29.38,29.38,29.34,35
2024-05-01 14:35:00,1373.0,29.3744,29.37,29.39,29.39,29.37,29
2024-05-01 14:36:00,863.0,29.4073,29.41,29.43,29.43,29.41,17
2024-05-01 14:37:00,3087.0,29.395,29.42,29.38,29.42,29.38,59
2024-05-01 14:38:00,942.0,29.3692,29.36,29.38,29.38,29.36,23
2024-05-01 14:40:00,533.0,29.4037,29.39,29.41,29.41,29.39,24
2024-05-01 14:41:00,1287.0,29.4481,29.42,29.48,29.48,29.42,29
2024-05-01 14:42:00,1758.0,29.4511,29.45,29.45,29.46,29.45,40
2024-05-01 14:43:00,1024.0,29.4575,29.45,29.46,29.46,29.45,23
2024-05-01 14:44:00,396.0,29.4513,29.47,29.47,29.47,29.47,14
2024-05-01 14:45:00,3720.0,29.4814,29.47,29.47,29.5,29.47,75
2024-05-01 14:46:00,1218.0,29.4637,29.46,29.47,29.47,29.46,32
2024-05-01 14:47:00,2285.0,29.5049,29.48,29.5,29.52,29.48,49
2024-05-01 14:48:00,1553.0,29.5009,29.52,29.5,29.52,29.49,26
2024-05-01 14:49:00,2029.0,29.4956,29.51,29.48,29.51,29.48,53
2024-05-01 14:50:00,442.0,29.4866,29.48,29.49,29.49,29.48,21
2024-05-01 14:51:00,1419.0,29.5011,29.5,29.5,29.51,29.5,35
2024-05-01 14:52:00,561.0,29.515,29.505,29.52,29.52,29.505,11
2024-05-01 14:53:00,1860.0,29.4922,29.5,29.49,29.5,29.49,36
2024-05-01 14:54:00,331.0,29.4914,29.5,29.49,29.5,29.49,13
2024-05-01 14:55:00,454.0,29.4947,29.49,29.5,29.5,29.49,24
2024-05-01 14:56:00,4124.0,29.4907,29.49,29.45,29.51,29.45,90
2024-05-01 14:58:00,2176.0,29.4581,29.47,29.46,29.47,29.44,44
2024-05-01 14:59:00,655.0,29.4466,29.45,29.44,29.45,29.44,27
2024-05-01 15:00:00,4101.0,29.4451,29.44,29.46,29.46,29.43,74
2024-05-01 15:01:00,4946.0,29.4691,29.45,29.48,29.51,29.45,55
2024-05-01 15:02:00,747.0,29.4741,29.47,29.48,29.48,29.47,17
2024-05-01 15:03:00,1105.0,29.4699,29.48,29.46,29.48,29.46,28
2024-05-01 15:05:00,3005.0,29.463,29.46,29.48,29.48,29.46,53
2024-05-01 15:06:00,1612.0,29.4867,29.48,29.495,29.495,29.48,34
2024-05-01 15:07:00,1153.0,29.481,29.49,29.48,29.49,29.48,32
2024-05-01 15:08:00,3223.0,29.4533,29.47,29.44,29.47,29.43,60
2024-05-01 15:09:00,957.0,29.4205,29.43,29.415,29.43,29.415,22
2024-05-01 15:10:00,6696.0,29.4111,29.41,29.39,29.42,29.39,75
2024-05-01 15:11:00,1275.0,29.3794,29.38,29.375,29.38,29.37,28
2024-05-01 15:12:00,1360.0,29.3671,29.38,29.35,29.38,29.35,38
2024-05-01 15:13:00,827.0,29.362,29.36,29.36,29.37,29.36,24
2024-05-01 15:14:00,2421.0,29.3447,29.34,29.35,29.36,29.33,41
2024-05-01 15:16:00,499.0,29.3599,29.36,29.36,29.36,29.36,10
2024-05-01 15:17:00,2251.0,29.3547,29.36,29.35,29.36,29.35,30
2024-05-01 15:18:00,2154.0,29.3408,29.34,29.34,29.34,29.33,32
2024-05-01 15:20:00,243.0,29.3392,29.34,29.34,29.34,29.34,7
2024-05-01 15:21:00,1439.0,29.3555,29.34,29.37,29.37,29.34,38
2024-05-01 15:22:00,3335.0,29.351,29.36,29.34,29.36,29.34,45
2024-05-01 15:23:00,289.0,29.34,29.34,29.34,29.34,29.34,4
2024-05-01 15:24:00,2216.0,29.3253,29.34,29.32,29.34,29.32,26
2024-05-01 15:25:00,4522.0,29.3033,29.31,29.28,29.31,29.28,73
2024-05-01 15:26:00,1550.0,29.3167,29.3,29.32,29.33,29.3,35
2024-05-01 15:27:00,912.0,29.3459,29.33,29.355,29.355,29.33,24
2024-05-01 15:28:00,534.0,29.3601,29.36,29.36,29.36,29.36,18
2024-05-01 15:29:00,1880.0,29.3571,29.35,29.38,29.38,29.35,40
2024-05-01 15:30:00,650.0,29.3603,29.375,29.375,29.375,29.375,14
2024-05-01 15:31:00,1696.0,29.3735,29.37,29.39,29.39,29.365,33
2024-05-01 15:32:00,2641.0,29.39,29.37,29.4,29.41,29.37,53
2024-05-01 15:33:00,1673.0,29.3834,29.39,29.38,29.39,29.38,30
2024-05-01 15:34:00,713.0,29.38,29.38,29.38,29.38,29.38,11
2024-05-01 15:35:00,2931.0,29.377,29.39,29.37,29.39,29.37,48
2024-05-01 15:36:00,721.0,29.3645,29.36,29.36,29.36,29.36,17
2024-05-01 15:37:00,325.0,29.3572,29.35,29.36,29.36,29.35,11
2024-05-01 15:38:00,2671.0,29.3848,29.37,29.39,29.39,29.37,49
2024-05-01 15:39:00,2418.0,29.3945,29.39,29.41,29.41,29.39,23
2024-05-01 15:40:00,1859.0,29.4155,29.4,29.425,29.425,29.4,29
2024-05-01 15:41:00,1486.0,29.418,29.41,29.42,29.42,29.41,34
2024-05-01 15:42:00,455.0,29.4174,29.41,29.42,29.42,29.41,15
2024-05-01 15:43:00,297.0,29.4175,29.41,29.42,29.42,29.41,13
2024-05-01 15:44:00,1446.0,29.4204,29.42,29.42,29.43,29.42,14
2024-05-01 15:45:00,4684.0,29.4229,29.43,29.415,29.43,29.415,68
2024-05-01 15:46:00,2698.0,29.4246,29.42,29.43,29.45,29.415,43
2024-05-01 15:47:00,842.0,29.4203,29.42,29.425,29.425,29.42,11
2024-05-01 15:48:00,1579.0,29.4069,29.42,29.41,29.42,29.4,28
2024-05-01 15:49:00,1192.0,29.3978,29.4,29.39,29.4,29.39,17
2024-05-01 15:50:00,113.0,29.3988,29.4,29.4,29.4,29.4,2
2024-05-01 15:51:00,1832.0,29.3922,29.39,29.39,29.39,29.385,34
2024-05-01 15:52:00,153.0,29.3914,29.39,29.39,29.39,29.39,10
2024-05-01 15:53:00,2001.0,29.3765,29.39,29.36,29.39,29.36,51
2024-05-01 15:54:00,1901.0,29.3767,29.38,29.38,29.38,29.37,41
2024-05-01 15:55:00,149.0,29.3637,29.36,29.36,29.36,29.36,9
2024-05-01 15:56:00,155.0,29.3779,29.38,29.38,29.38,29.38,12
2024-05-01 15:57:00,4191.0,29.3617,29.36,29.37,29.37,29.35,87
2024-05-01 15:58:00,556.0,29.3719,29.37,29.37,29.37,29.37,22
2024-05-01 15:59:00,1324.0,29.3718,29.3699,29.38,29.38,29.3699,26
2024-05-01 16:00:00,1737.0,29.3628,29.365,29.36,29.37,29.36,47
2024-05-01 16:01:00,447.0,29.3484,29.345,29.35,29.35,29.345,19
2024-05-01 16:02:00,912.0,29.3712,29.365,29.38,29.38,29.365,28
2024-05-01 16:03:00,603.0,29.3798,29.38,29.38,29.38,29.38,23
2024-05-01 16:04:00,260.0,29.3843,29.39,29.39,29.39,29.39,19
2024-05-01 16:05:00,889.0,29.3897,29.385,29.39,29.39,29.385,29
2024-05-01 16:06:00,833.0,29.398,29.39,29.4,29.4,29.39,27
2024-05-01 16:07:00,1987.0,29.403,29.41,29.4,29.41,29.4,24
2024-05-01 16:08:00,552.0,29.4016,29.41,29.4,29.41,29.4,22
2024-05-01 16:09:00,657.0,29.4016,29.4,29.41,29.41,29.4,17
2024-05-01 16:10:00,2015.0,29.4138,29.405,29.42,29.42,29.405,35
2024-05-01 16:11:00,705.0,29.427,29.43,29.43,29.43,29.42,20
2024-05-01 16:12:00,391.0,29.4332,29.44,29.435,29.44,29.43,10
2024-05-01 16:13:00,1342.0,29.4315,29.43,29.43,29.44,29.43,22
2024-05-01 16:14:00,360.0,29.4258,29.42,29.43,29.43,29.42,12
2024-05-01 16:15:00,647.0,29.4292,29.43,29.43,29.43,29.43,16
2024-05-01 16:16:00,1744.0,29.4318,29.43,29.435,29.435,29.425,33
2024-05-01 16:17:00,1358.0,29.4346,29.435,29.435,29.435,29.43,28
2024-05-01 16:18:00,6239.0,29.4671,29.435,29.49,29.5,29.435,83
2024-05-01 16:19:00,4369.0,29.4705,29.49,29.45,29.49,29.45,82
2024-05-01 16:20:00,510.0,29.4513,29.45,29.455,29.455,29.45,16
2024-05-01 16:21:00,326.0,29.4531,29.46,29.45,29.46,29.45,10
2024-05-01 16:22:00,254.0,29.4522,29.45,29.45,29.45,29.45,15
2024-05-01 16:23:00,486.0,29.4621,29.45,29.45,29.45,29.45,14
2024-05-01 16:24:00,171.0,29.4504,29.45,29.45,29.45,29.45,13
2024-05-01 16:25:00,2430.0,29.4732,29.46,29.5,29.5,29.45,76
2024-05-01 16:26:00,1413.0,29.501,29.5,29.5,29.51,29.5,23
2024-05-01 16:27:00,227.0,29.4996,29.5,29.5,29.5,29.5,16
2024-05-01 16:28:00,735.0,29.5006,29.5,29.51,29.51,29.5,29
2024-05-01 16:29:00,1560.0,29.5056,29.5,29.51,29.51,29.4982,40
2024-05-01 16:30:00,2178.0,29.5033,29.51,29.5,29.51,29.495,34
2024-05-01 16:31:00,861.0,29.4983,29.49,29.5,29.5,29.49,22
2024-05-01 16:32:00,2232.0,29.5002,29.5,29.4962,29.51,29.495,44
2024-05-01 16:33:00,689.0,29.5231,29.52,29.53,29.53,29.52,28
2024-05-01 16:34:00,2601.0,29.5559,29.5385,29.57,29.57,29.5385,43
2024-05-01 16:35:00,355.0,29.5582,29.58,29.58,29.58,29.58,16
2024-05-01 16:36:00,4868.0,29.6393,29.58,29.7,29.7,29.58,63
2024-05-01 16:37:00,1560.0,29.6942,29.7,29.7,29.7,29.69,41
2024-05-01 16:38:00,5387.0,29.6766,29.71,29.68,29.71,29.66,79
2024-05-01 16:39:00,3009.0,29.6521,29.66,29.66,29.66,29.64,41
2024-05-01 16:40:00,2046.0,29.6624,29.65,29.67,29.67,29.65,41
2024-05-01 16:42:00,553.0,29.6688,29.67,29.67,29.67,29.67,22
2024-05-01 16:43:00,378.0,29.6785,29.68,29.675,29.68,29.675,19
2024-05-01 16:44:00,1120.0,29.6847,29.69,29.69,29.69,29.67,35
2024-05-01 16:45:00,6176.0,29.661,29.68,29.63,29.68,29.63,78
2024-05-01 16:46:00,1131.0,29.6258,29.625,29.62,29.63,29.62,37
2024-05-01 16:47:00,1077.0,29.6324,29.62,29.63,29.63,29.62,21
2024-05-01 16:48:00,802.0,29.6544,29.65,29.6642,29.6642,29.65,22
2024-05-01 16:50:00,1971.0,29.6443,29.65,29.65,29.65,29.64,52
2024-05-01 16:51:00,1502.0,29.6395,29.64,29.64,29.64,29.635,29
2024-05-01 16:52:00,485.0,29.6423,29.65,29.64,29.65,29.64,17
2024-05-01 16:54:00,438.0,29.6482,29.65,29.65,29.65,29.65,16
2024-05-01 16:55:00,573.0,29.6535,29.66,29.65,29.66,29.65,20
2024-05-01 16:56:00,1900.0,29.64,29.6401,29.64,29.6401,29.64,31
2024-05-01 16:57:00,1188.0,29.6484,29.6422,29.65,29.65,29.6422,23
2024-05-01 16:58:00,5817.0,29.6311,29.65,29.61,29.66,29.61,86
2024-05-01 16:59:00,2028.0,29.5999,29.6,29.6,29.61,29.6,32
2024-05-01 17:00:00,513.0,29.5901,29.59,29.59,29.59,29.59,33
2024-05-01 17:02:00,3554.0,29.579,29.59,29.58,29.59,29.5757,44
2024-05-01 17:03:00,1868.0,29.5636,29.57,29.565,29.57,29.55,28
2024-05-01 17:04:00,1056.0,29.55,29.55,29.55,29.55,29.55,23
2024-05-01 17:05:00,158.0,29.5411,29.54,29.54,29.54,29.54,11
2024-05-01 17:06:00,953.0,29.53,29.54,29.51,29.54,29.51,27
2024-05-01 17:07:00,1132.0,29.5298,29.53,29.53,29.53,29.53,35
2024-05-01 17:08:00,335.0,29.526,29.52,29.52,29.52,29.52,16
2024-05-01 17:09:00,1801.0,29.5256,29.52,29.53,29.53,29.52,42
2024-05-01 17:10:00,631.0,29.5397,29.535,29.535,29.535,29.535,22
2024-05-01 17:11:00,2138.0,29.5239,29.54,29.51,29.54,29.51,38
2024-05-01 17:13:00,2507.0,29.5014,29.51,29.5,29.51,29.49,49
2024-05-01 17:14:00,1709.0,29.5197,29.51,29.52,29.53,29.51,31
2024-05-01 17:15:00,1194.0,29.524,29.53,29.53,29.53,29.52,17
2024-05-01 17:16:00,1874.0,29.5392,29.53,29.55,29.55,29.53,37
2024-05-01 17:17:00,1803.0,29.5327,29.54,29.53,29.54,29.53,28
2024-05-01 17:18:00,542.0,29.5378,29.53,29.54,29.54,29.53,13
2024-05-01 17:19:00,425.0,29.5486,29.55,29.55,29.55,29.55,20
2024-05-01 17:20:00,1505.0,29.5477,29.54,29.555,29.56,29.54,46
2024-05-01 17:21:00,1064.0,29.5536,29.555,29.555,29.555,29.555,25
2024-05-01 17:22:00,3690.0,29.5637,29.565,29.56,29.57,29.56,60
2024-05-01 17:23:00,220.0,29.562,29.565,29.565,29.565,29.565,11
2024-05-01 17:24:00,1814.0,29.5505,29.56,29.55,29.56,29.55,57
2024-05-01 17:26:00,1092.0,29.5572,29.55,29.55,29.57,29.55,31
2024-05-01 17:28:00,874.0,29.571,29.57,29.575,29.575,29.57,29
2024-05-01 17:29:00,1913.0,29.5794,29.58,29.585,29.585,29.575,41
2024-05-01 17:30:00,964.0,29.5857,29.6,29.59,29.6,29.59,31
2024-05-01 17:31:00,6223.0,29.6134,29.6,29.6,29.635,29.6,97
2024-05-01 17:32:00,1443.0,29.623,29.62,29.63,29.635,29.62,43
2024-05-01 17:33:00,890.0,29.6363,29.635,29.632,29.635,29.631,19
2024-05-01 17:34:00,744.0,29.64,29.64,29.64,29.65,29.64,17
2024-05-01 17:35:00,285.0,29.6266,29.63,29.63,29.63,29.63,20
2024-05-01 17:36:00,3389.0,29.6204,29.64,29.61,29.64,29.61,78
2024-05-01 17:38:00,1763.0,29.6005,29.62,29.6,29.62,29.59,37
2024-05-01 17:39:00,2062.0,29.5947,29.6,29.58,29.6,29.58,30
2024-05-01 17:40:00,1978.0,29.5714,29.58,29.565,29.58,29.56,43
2024-05-01 17:41:00,4698.0,29.5446,29.56,29.53,29.56,29.53,62
2024-05-01 17:42:00,1297.0,29.5466,29.54,29.54,29.55,29.54,27
2024-05-01 17:43:00,8588.0,29.5482,29.545,29.54,29.555,29.54,105
2024-05-01 17:44:00,158.0,29.5408,29.54,29.54,29.54,29.54,8
2024-05-01 17:45:00,2202.0,29.5579,29.55,29.56,29.56,29.55,54
2024-05-01 17:46:00,630.0,29.5651,29.565,29.57,29.57,29.565,17
2024-05-01 17:47:00,1258.0,29.5581,29.56,29.56,29.56,29.55,31
2024-05-01 17:48:00,995.0,29.5697,29.57,29.579,29.579,29.57,24
2024-05-01 17:49:00,745.0,29.5924,29.59,29.59,29.6,29.59,21
2024-05-01 17:50:00,2261.0,29.5817,29.58,29.57,29.5934,29.57,62
2024-05-01 17:51:00,401.0,29.5665,29.57,29.57,29.57,29.57,13
2024-05-01 17:52:00,901.0,29.5698,29.555,29.57,29.58,29.555,24
2024-05-01 17:54:00,516.0,29.5958,29.6,29.6,29.6,29.6,42
2024-05-01 17:55:00,524.0,29.5862,29.6,29.6,29.6,29.6,14
2024-05-01 17:56:00,3794.0,29.5811,29.59,29.585,29.59,29.58,69
2024-05-01 17:57:00,1209.0,29.5874,29.6,29.58,29.6,29.58,48
2024-05-01 17:58:00,247.0,29.5807,29.58,29.58,29.58,29.58,16
2024-05-01 17:59:00,1533.0,29.5969,29.59,29.6,29.6,29.59,48
2024-05-01 18:00:00,1654.0,29.596,29.59,29.66,29.66,29.57,36
2024-05-01 18:01:00,3171.0,29.6629,29.66,29.61,29.695,29.61,66
2024-05-01 18:02:00,1834.0,29.6643,29.615,29.67,29.71,29.615,37
2024-05-01 18:03:00,348.0,29.6681,29.68,29.68,29.68,29.68,19
2024-05-01 18:04:00,374.0,29.7207,29.72,29.74,29.74,29.72,12
2024-05-01 18:05:00,4455.0,29.7347,29.74,29.701,29.76,29.695,72
2024-05-01 18:06:00,3261.0,29.7059,29.6975,29.72,29.74,29.6803,42
2024-05-01 18:07:00,2799.0,29.7151,29.72,29.7,29.735,29.7,56
2024-05-01 18:08:00,960.0,29.7421,29.74,29.75,29.75,29.74,34
2024-05-01 18:09:00,1512.0,29.7148,29.7005,29.725,29.725,29.7005,23
2024-05-01 18:10:00,2267.0,29.7023,29.71,29.68,29.725,29.68,54
2024-05-01 18:11:00,2351.0,29.6763,29.67,29.66,29.7,29.64,40
2024-05-01 18:12:00,1013.0,29.6636,29.66,29.6504,29.69,29.6504,28
2024-05-01 18:13:00,656.0,29.6711,29.65,29.67,29.67,29.65,30
2024-05-01 18:14:00,3039.0,29.6486,29.69,29.6255,29.69,29.62,51
2024-05-01 18:15:00,627.0,29.6406,29.645,29.66,29.66,29.62,28
2024-05-01 18:16:00,891.0,29.6498,29.66,29.66,29.66,29.66,25
2024-05-01 18:17:00,973.0,29.6546,29.63,29.65,29.65,29.63,30
2024-05-01 18:18:00,1478.0,29.6252,29.62,29.645,29.645,29.61,38
2024-05-01 18:19:00,2855.0,29.6586,29.64,29.685,29.69,29.64,59
2024-05-01 18:20:00,1673.0,29.6867,29.7,29.67,29.7,29.67,34
2024-05-01 18:21:00,1078.0,29.6621,29.67,29.66,29.67,29.66,26
2024-05-01 18:22:00,602.0,29.6362,29.64,29.63,29.64,29.63,23
2024-05-01 18:23:00,1135.0,29.6689,29.65,29.7,29.7,29.65,42
2024-05-01 18:24:00,853.0,29.687,29.69,29.69,29.69,29.69,24
2024-05-01 18:25:00,1527.0,29.6904,29.671,29.72,29.72,29.671,46
2024-05-01 18:26:00,2482.0,29.7276,29.7,29.75,29.75,29.7,52
2024-05-01 18:27:00,1395.0,29.7676,29.76,29.79,29.79,29.75,44
2024-05-01 18:28:00,931.0,29.8042,29.8,29.82,29.82,29.79,37
2024-05-01 18:29:00,1340.0,29.8023,29.82,29.83,29.84,29.82,35
2024-05-01 18:30:00,2144.0,29.8124,29.82,29.825,29.825,29.81,65
2024-05-01 18:31:00,8075.0,29.7534,29.81,29.68,29.81,29.68,128
2024-05-01 18:32:00,3540.0,29.6447,29.65,29.68,29.68,29.605,59
2024-05-01 18:33:00,2823.0,29.7104,29.67,29.73,29.74,29.66,52
2024-05-01 18:34:00,2220.0,29.8032,29.81,29.83,29.83,29.79,49
2024-05-01 18:35:00,2342.0,29.7576,29.83,29.69,29.83,29.69,55
2024-05-01 18:36:00,7354.0,29.6644,29.68,29.66,29.7,29.64,101
2024-05-01 18:37:00,4458.0,29.6473,29.66,29.65,29.66,29.62,47
2024-05-01 18:38:00,17861.0,29.6754,29.67,29.74,29.74,29.65,203
2024-05-01 18:39:00,1141.0,29.7963,29.77,29.83,29.83,29.77,26
2024-05-01 18:40:00,4139.0,29.8322,29.84,29.83,29.87,29.83,56
2024-05-01 18:41:00,4826.0,29.9117,29.865,29.92,29.92,29.865,26
2024-05-01 18:42:00,762.0,29.9545,29.94,29.9569,29.965,29.94,15
2024-05-01 18:43:00,8752.0,29.9662,29.94,29.98,29.99,29.93,84
2024-05-01 18:44:00,58037.0,29.9967,29.99,30.07,30.07,29.95,184
2024-05-01 18:45:00,2336.0,30.021,30.04,30.0,30.045,30.0,36
2024-05-01 18:46:00,2586.0,29.976,29.95,29.98,29.99,29.95,45
2024-05-01 18:47:00,3518.0,29.9464,29.97,29.93,29.97,29.93,56
2024-05-01 18:48:00,1525.0,30.0304,30.056,30.02,30.06,30.02,44
2024-05-01 18:49:00,1044.0,30.0105,30.01,30.035,30.035,30.01,20
2024-05-01 18:50:00,2143.0,30.073,30.06,30.13,30.13,30.06,56
2024-05-01 18:51:00,5182.0,30.1092,30.125,30.1,30.16,30.08,88
2024-05-01 18:52:00,3740.0,30.1235,30.11,30.12,30.14,30.11,68
2024-05-01 18:53:00,3659.0,30.1106,30.11,30.11,30.13,30.1,65
2024-05-01 18:54:00,1742.0,30.1277,30.11,30.155,30.155,30.11,37
2024-05-01 18:55:00,4717.0,30.1447,30.145,30.13,30.16,30.13,79
2024-05-01 18:56:00,12752.0,30.1141,30.14,30.135,30.14,30.08,158
2024-05-01 18:57:00,1546.0,30.1541,30.16,30.14,30.165,30.14,36
2024-05-01 18:58:00,862.0,30.1675,30.17,30.16,30.1775,30.16,45
2024-05-01 18:59:00,5118.0,30.1553,30.16,30.19,30.19,30.14,82
2024-05-01 19:00:00,1927.0,30.2053,30.19,30.25,30.27,30.19,41
2024-05-01 19:01:00,757.0,30.2782,30.28,30.28,30.28,30.28,19
2024-05-01 19:02:00,6913.0,30.2777,30.3,30.24,30.32,30.24,122
2024-05-01 19:03:00,3173.0,30.2194,30.23,30.22,30.23,30.2,51
2024-05-01 19:04:00,2555.0,30.2146,30.24,30.17,30.24,30.17,52
2024-05-01 19:05:00,3572.0,30.1514,30.16,30.17,30.205,30.11,85
2024-05-01 19:06:00,504.0,30.1547,30.15,30.15,30.15,30.15,10
2024-05-01 19:07:00,1594.0,30.1635,30.17,30.14,30.17,30.13,39
2024-05-01 19:08:00,2430.0,30.2286,30.16,30.28,30.28,30.16,62
2024-05-01 19:09:00,4345.0,30.2406,30.26,30.23,30.27,30.22,66
2024-05-01 19:10:00,1426.0,30.2375,30.225,30.22,30.26,30.22,32
2024-05-01 19:11:00,3994.0,30.2135,30.23,30.2,30.23,30.2,71
2024-05-01 19:12:00,5006.0,30.1803,30.2,30.185,30.2,30.15,92
2024-05-01 19:13:00,1065.0,30.2003,30.2,30.23,30.23,30.2,30
2024-05-01 19:14:00,2215.0,30.2041,30.22,30.205,30.22,30.2,48
2024-05-01 19:15:00,2954.0,30.1967,30.2,30.19,30.21,30.19,45
2024-05-01 19:16:00,3364.0,30.1754,30.18,30.15,30.2,30.15,64
2024-05-01 19:17:00,2017.0,30.1442,30.152,30.16,30.16,30.135,48
2024-05-01 19:18:00,5793.0,30.1498,30.16,30.15,30.17,30.13,104
2024-05-01 19:19:00,1560.0,30.1466,30.15,30.135,30.155,30.135,34
2024-05-01 19:20:00,4981.0,30.1005,30.12,30.11,30.12,30.07,98
2024-05-01 19:21:00,1919.0,30.0864,30.1,30.095,30.1,30.065,42
2024-05-01 19:22:00,2150.0,30.0557,30.08,30.05,30.08,30.03,48
2024-05-01 19:23:00,3876.0,30.0944,30.06,30.13,30.13,30.05,88
2024-05-01 19:24:00,6109.0,30.1486,30.15,30.15,30.16,30.14,117
2024-05-01 19:25:00,2102.0,30.1506,30.16,30.15,30.16,30.15,49
2024-05-01 19:26:00,2748.0,30.1689,30.15,30.19,30.19,30.15,70
2024-05-01 19:27:00,6158.0,30.2035,30.19,30.22,30.225,30.19,101
2024-05-01 19:28:00,8384.0,30.2103,30.22,30.185,30.225,30.181,126
2024-05-01 19:29:00,2666.0,30.142,30.18,30.13,30.18,30.12,46
2024-05-01 19:30:00,2262.0,30.1056,30.13,30.07,30.13,30.07,40
2024-05-01 19:31:00,2716.0,30.0545,30.05,30.05,30.06,30.05,55
2024-05-01 19:32:00,7995.0,30.0332,30.05,30.01,30.05,30.0,112
2024-05-01 19:33:00,4156.0,30.0528,30.02,30.09,30.09,30.02,78
2024-05-01 19:34:00,5429.0,30.0665,30.1,30.06,30.1,30.035,87
2024-05-01 19:35:00,4281.0,30.0143,30.04,30.01,30.04,30.0,61
2024-05-01 19:36:00,4343.0,29.9865,30.0,29.98,30.0,29.97,70
2024-05-01 19:37:00,4166.0,29.9902,29.98,30.01,30.01,29.98,55
2024-05-01 19:38:00,3600.0,29.9715,29.98,29.94,29.98,29.94,76
2024-05-01 19:39:00,4513.0,29.9228,29.945,29.91,29.945,29.87,80
2024-05-01 19:40:00,3161.0,29.9159,29.91,29.92,29.93,29.9,67
2024-05-01 19:41:00,4395.0,29.9168,29.94,29.9,29.94,29.895,72
2024-05-01 19:42:00,6221.0,29.852,29.89,29.82,29.9,29.82,84
2024-05-01 19:43:00,5099.0,29.8431,29.82,29.85,29.86,29.82,76
2024-05-01 19:44:00,7105.0,29.8614,29.85,29.86,29.885,29.84,101
2024-05-01 19:45:00,7164.0,29.8573,29.86,29.87,29.88,29.83,112
2024-05-01 19:46:00,4013.0,29.8876,29.88,29.9,29.915,29.87,66
2024-05-01 19:47:00,11520.0,29.8861,29.9,29.88,29.91,29.87,109
2024-05-01 19:48:00,5077.0,29.8626,29.88,29.88,29.885,29.85,90
2024-05-01 19:49:00,7123.0,29.8869,29.875,29.91,29.915,29.87,95
2024-05-01 19:50:00,9932.0,29.8631,29.9,29.84,29.9,29.83,140
2024-05-01 19:51:00,10530.0,29.8201,29.83,29.8,29.845,29.79,145
2024-05-01 19:52:00,13928.0,29.7637,29.79,29.78,29.79,29.74,151
2024-05-01 19:53:00,9404.0,29.7633,29.79,29.75,29.79,29.735,143
2024-05-01 19:54:00,16501.0,29.7675,29.75,29.735,29.77,29.735,181
2024-05-01 19:55:00,20169.0,29.7475,29.75,29.76,29.77,29.73,255
2024-05-01 19:56:00,17469.0,29.7683,29.76,29.77,29.775,29.76,236
2024-05-01 19:57:00,23164.0,29.7567,29.77,29.76,29.77,29.74,308
2024-05-01 19:58:00,28113.0,29.7577,29.76,29.74,29.77,29.735,295
2024-05-01 19:59:00,56761.0,29.7411,29.74,29.68,29.8,29.65,446
2024-05-01 20:00:00,185.0,29.72,29.72,29.72,29.72,29.72,1
2024-05-01 22:12:00,500.0,29.7699,29.77,29.77,29.77,29.77,2
2024-05-01 22:15:00,300.0,29.77,29.77,29.77,29.77,29.77,2
2024-05-01 22:39:00,300.0,29.77,29.77,29.77,29.77,29.77,2
2024-05-02 13:30:00,10622.0,29.893,29.89,29.94,29.94,29.89,21
2024-05-02 13:35:00,570.0,29.7672,29.75,29.775,29.775,29.75,14
2024-05-02 13:36:00,804.0,29.7168,29.74,29.71,29.74,29.71,20
2024-05-02 13:38:00,109.0,29.69,29.69,29.69,29.69,29.69,4
2024-05-02 13:39:00,965.0,29.6952,29.7,29.6775,29.7,29.6775,9
2024-05-02 13:40:00,1682.0,29.6819,29.69,29.67,29.69,29.67,11
2024-05-02 13:41:00,2128.0,29.681,29.68,29.68,29.695,29.66,23
2024-05-02 13:42:00,1733.0,29.6195,29.68,29.58,29.68,29.58,32
2024-05-02 13:43:00,791.0,29.5695,29.57,29.55,29.57,29.55,17
2024-05-02 13:44:00,210.0,29.5496,29.55,29.55,29.55,29.55,5
2024-05-02 13:45:00,6315.0,29.5174,29.585,29.52,29.585,29.49,72
2024-05-02 13:46:00,192.0,29.5105,29.52,29.52,29.52,29.52,14
2024-05-02 13:47:00,1323.0,29.5073,29.515,29.5,29.515,29.5,31
2024-05-02 13:48:00,930.0,29.4876,29.48,29.52,29.52,29.48,36
2024-05-02 13:49:00,9912.0,29.5079,29.475,29.58,29.58,29.44,99
2024-05-02 13:51:00,304.0,29.6062,29.63,29.58,29.63,29.58,9
2024-05-02 13:53:00,5964.0,29.6162,29.58,29.635,29.66,29.575,61
2024-05-02 13:54:00,310.0,29.6406,29.635,29.635,29.635,29.635,7
2024-05-02 13:55:00,17838.0,29.6323,29.64,29.62,29.66,29.61,153
2024-05-02 13:56:00,4160.0,29.6597,29.64,29.66,29.7,29.62,46
2024-05-02 13:58:00,2466.0,29.7081,29.675,29.77,29.77,29.675,52
2024-05-02 13:59:00,682.0,29.7992,29.79,29.8,29.81,29.79,20
2024-05-02 14:00:00,1890.0,29.763,29.77,29.77,29.78,29.75,35
2024-05-02 14:01:00,1739.0,29.7327,29.75,29.72,29.75,29.72,40
2024-05-02 14:02:00,1420.0,29.702,29.68,29.685,29.71,29.68,34
2024-05-02 14:03:00,3657.0,29.6901,29.705,29.69,29.71,29.68,56
2024-05-02 14:04:00,20174.0,29.7017,29.685,29.76,29.76,29.685,186
2024-05-02 14:05:00,735.0,29.7483,29.755,29.755,29.7575,29.755,13
2024-05-02 14:06:00,2484.0,29.7275,29.74,29.7,29.74,29.69,49
2024-05-02 14:07:00,5720.0,29.7218,29.69,29.73,29.75,29.69,67
2024-05-02 14:08:00,3219.0,29.6895,29.73,29.6775,29.73,29.665,49
2024-05-02 14:09:00,6278.0,29.6525,29.67,29.61,29.67,29.61,115
2024-05-02 14:10:00,3039.0,29.6528,29.64,29.66,29.67,29.64,46
2024-05-02 14:11:00,3885.0,29.684,29.665,29.71,29.71,29.66,70
2024-05-02 14:12:00,2542.0,29.6827,29.7,29.66,29.7,29.66,47
2024-05-02 14:13:00,1772.0,29.6867,29.66,29.725,29.725,29.66,29
2024-05-02 14:14:00,1807.0,29.7445,29.74,29.79,29.79,29.74,34
2024-05-02 14:15:00,2448.0,29.8032,29.78,29.81,29.82,29.78,42
2024-05-02 14:16:00,9659.0,29.8731,29.8,29.91,29.91,29.8,84
2024-05-02 14:17:00,896.0,29.8807,29.875,29.88,29.9,29.875,19
2024-05-02 14:18:00,861.0,29.8516,29.87,29.85,29.87,29.85,33
2024-05-02 14:19:00,1183.0,29.8414,29.83,29.83,29.83,29.83,23
2024-05-02 14:20:00,1406.0,29.7955,29.81,29.78,29.81,29.78,28
2024-05-02 14:21:00,1807.0,29.7889,29.78,29.79,29.79,29.78,22
2024-05-02 14:22:00,372.0,29.799,29.81,29.795,29.81,29.795,9
2024-05-02 14:23:00,1208.0,29.8223,29.81,29.86,29.86,29.81,37
2024-05-02 14:24:00,2818.0,29.8502,29.88,29.83,29.88,29.83,52
2024-05-02 14:25:00,1181.0,29.8561,29.845,29.8645,29.8645,29.84,24
2024-05-02 14:26:00,2304.0,29.8526,29.875,29.83,29.89,29.83,30
2024-05-02 14:27:00,1774.0,29.8597,29.859,29.86,29.86,29.859,23
2024-05-02 14:28:00,381.0,29.8706,29.87,29.87,29.87,29.87,15
2024-05-02 14:29:00,1089.0,29.8583,29.865,29.851,29.865,29.851,20
2024-05-02 14:30:00,306.0,29.8536,29.85,29.85,29.85,29.85,20
2024-05-02 14:31:00,2549.0,29.8563,29.85,29.86,29.86,29.85,39
2024-05-02 14:32:00,792.0,29.8861,29.89,29.94,29.94,29.89,29
2024-05-02 14:33:00,282.0,29.9371,29.93,29.95,29.95,29.93,13
2024-05-02 14:34:00,925.0,29.9351,29.955,29.93,29.955,29.93,22
2024-05-02 14:35:00,1756.0,29.9163,29.93,29.93,29.93,29.91,31
2024-05-02 14:36:00,4005.0,29.9178,29.91,29.9,29.93,29.9,64
2024-05-02 14:37:00,1056.0,29.8974,29.89,29.91,29.91,29.89,26
2024-05-02 14:38:00,1168.0,29.918,29.902,29.93,29.93,29.9,24
2024-05-02 14:39:00,1495.0,29.8985,29.92,29.92,29.92,29.885,35
2024-05-02 14:40:00,1155.0,29.9371,29.94,29.93,29.95,29.93,21
2024-05-02 14:41:00,490.0,29.9463,29.95,29.945,29.95,29.94,17
2024-05-02 14:42:00,866.0,29.9319,29.94,29.93,29.94,29.93,23
2024-05-02 14:43:00,7709.0,29.9174,29.91,29.94,29.94,29.89,94
2024-05-02 14:44:00,603.0,29.9338,29.97,29.97,29.97,29.97,18
2024-05-02 14:45:00,412.0,29.9429,29.94,29.95,29.95,29.94,15
2024-05-02 14:46:00,5334.0,29.922,29.93,29.92,29.93,29.91,54
2024-05-02 14:47:00,2272.0,29.8997,29.9,29.92,29.92,29.89,40
2024-05-02 14:48:00,263.0,29.9062,29.91,29.9,29.91,29.9,16
2024-05-02 14:49:00,929.0,29.9178,29.9086,29.92,29.92,29.9086,19
2024-05-02 14:50:00,2735.0,29.8994,29.93,29.88,29.93,29.88,44
2024-05-02 14:51:00,2684.0,29.8959,29.8841,29.91,29.91,29.8841,50
2024-05-02 14:52:00,2862.0,29.9043,29.9,29.92,29.92,29.9,34
2024-05-02 14:53:00,649.0,29.9248,29.925,29.92,29.925,29.92,18
2024-05-02 14:54:00,1646.0,29.9347,29.93,29.94,29.96,29.93,30
2024-05-02 14:55:00,1669.0,29.969,29.97,29.98,29.98,29.96,22
2024-05-02 14:56:00,2595.0,29.9713,29.98,29.99,29.99,29.969,34
2024-05-02 14:57:00,1592.0,29.9927,29.98,30.02,30.02,29.98,29
2024-05-02 14:58:00,2276.0,30.0476,30.02,30.1,30.1,30.02,38
2024-05-02 14:59:00,1116.0,30.0909,30.09,30.1,30.1,30.09,34
2024-05-02 15:00:00,2308.0,30.097,30.11,30.1,30.11,30.08,53
2024-05-02 15:01:00,3646.0,30.0627,30.08,30.05,30.08,30.05,48
2024-05-02 15:02:00,2072.0,30.0775,30.06,30.12,30.12,30.06,35
2024-05-02 15:03:00,4008.0,30.0908,30.11,30.1,30.11,30.08,59
2024-05-02 15:04:00,871.0,30.0998,30.1,30.1,30.1,30.095,16
2024-05-02 15:05:00,2285.0,30.1102,30.1,30.15,30.15,30.1,53
2024-05-02 15:06:00,5049.0,30.1374,30.15,30.19,30.19,30.12,71
2024-05-02 15:07:00,23599.0,30.1967,30.19,30.21,30.23,30.1799,156
2024-05-02 15:08:00,1792.0,30.2301,30.22,30.25,30.25,30.22,37
2024-05-02 15:09:00,4142.0,30.2575,30.24,30.26,30.27,30.23,61
2024-05-02 15:10:00,6393.0,30.2538,30.27,30.25,30.28,30.24,93
2024-05-02 15:11:00,2282.0,30.2529,30.24,30.27,30.27,30.24,51
2024-05-02 15:12:00,635.0,30.2621,30.265,30.27,30.27,30.26,15
2024-05-02 15:13:00,1109.0,30.2704,30.26,30.28,30.28,30.26,34
2024-05-02 15:14:00,1040.0,30.2907,30.29,30.3,30.3,30.29,29
2024-05-02 15:15:00,2566.0,30.2843,30.29,30.29,30.29,30.272,50
2024-05-02 15:16:00,1389.0,30.3029,30.3,30.32,30.32,30.3,35
2024-05-02 15:17:00,2632.0,30.2933,30.31,30.28,30.32,30.27,39
2024-05-02 15:18:00,538.0,30.2658,30.26,30.26,30.26,30.26,16
2024-05-02 15:19:00,1616.0,30.2704,30.27,30.27,30.275,30.26,38
2024-05-02 15:20:00,1475.0,30.2915,30.27,30.3,30.31,30.27,49
2024-05-02 15:21:00,592.0,30.3087,30.3,30.32,30.32,30.3,13
2024-05-02 15:22:00,898.0,30.3185,30.32,30.32,30.32,30.31,22
2024-05-02 15:23:00,2170.0,30.3129,30.33,30.31,30.33,30.31,37
2024-05-02 15:24:00,2686.0,30.3084,30.31,30.33,30.33,30.3,60
2024-05-02 15:25:00,451.0,30.3135,30.311,30.3131,30.3131,30.311,8
2024-05-02 15:26:00,1667.0,30.3428,30.33,30.36,30.36,30.33,47
2024-05-02 15:27:00,4451.0,30.3196,30.34,30.31,30.345,30.31,82
2024-05-02 15:28:00,374.0,30.3101,30.31,30.31,30.31,30.31,16
2024-05-02 15:29:00,2319.0,30.3219,30.32,30.32,30.33,30.32,52
2024-05-02 15:30:00,1309.0,30.3217,30.32,30.32,30.33,30.32,35
2024-05-02 15:31:00,4737.0,30.2979,30.315,30.3,30.315,30.29,55
2024-05-02 15:32:00,3570.0,30.2432,30.29,30.208,30.29,30.19,51
2024-05-02 15:33:00,893.0,30.2154,30.21,30.24,30.24,30.21,29
2024-05-02 15:34:00,1292.0,30.2049,30.21,30.2,30.21,30.2,22
2024-05-02 15:35:00,775.0,30.2164,30.21,30.21,30.21,30.21,27
2024-05-02 15:36:00,1282.0,30.2272,30.22,30.23,30.23,30.215,45
2024-05-02 15:37:00,308.0,30.2271,30.24,30.22,30.24,30.22,9
2024-05-02 15:38:00,1460.0,30.2202,30.22,30.23,30.23,30.215,37
2024-05-02 15:39:00,1360.0,30.2238,30.23,30.22,30.23,30.21,21
2024-05-02 15:40:00,1063.0,30.235,30.21,30.235,30.235,30.21,38
2024-05-02 15:41:00,2974.0,30.2334,30.235,30.215,30.24,30.215,49
2024-05-02 15:42:00,3276.0,30.2259,30.22,30.22,30.24,30.22,61
2024-05-02 15:43:00,647.0,30.2115,30.22,30.21,30.22,30.21,18
2024-05-02 15:44:00,495.0,30.1977,30.2,30.2,30.2,30.2,24
2024-05-02 15:45:00,1444.0,30.1917,30.19,30.195,30.195,30.185,33
2024-05-02 15:46:00,1476.0,30.1925,30.195,30.19,30.2,30.19,32
2024-05-02 15:47:00,2322.0,30.2,30.19,30.21,30.21,30.19,49
2024-05-02 15:48:00,1213.0,30.1939,30.2,30.18,30.2,30.18,30
2024-05-02 15:49:00,158.0,30.1804,30.18,30.18,30.18,30.18,6
2024-05-02 15:50:00,1897.0,30.195,30.19,30.19,30.19,30.19,33
2024-05-02 15:51:00,3487.0,30.2228,30.2,30.25,30.25,30.2,62
2024-05-02 15:52:00,542.0,30.2456,30.24,30.25,30.25,30.24,13
2024-05-02 15:53:00,1868.0,30.2405,30.24,30.24,30.25,30.23,28
2024-05-02 15:54:00,2078.0,30.2626,30.25,30.29,30.29,30.25,42
2024-05-02 15:55:00,2128.0,30.3054,30.29,30.32,30.32,30.29,43
2024-05-02 15:56:00,442.0,30.3269,30.33,30.33,30.33,30.32,10
2024-05-02 15:57:00,556.0,30.3216,30.33,30.32,30.33,30.32,13
2024-05-02 15:58:00,1646.0,30.3108,30.325,30.32,30.325,30.305,29
2024-05-02 15:59:00,434.0,30.3213,30.31,30.33,30.33,30.31,9
2024-05-02 16:00:00,2435.0,30.3296,30.33,30.33,30.34,30.32,51
2024-05-02 16:01:00,2114.0,30.3348,30.33,30.33,30.35,30.33,34
2024-05-02 16:02:00,941.0,30.3339,30.335,30.33,30.34,30.33,18
2024-05-02 16:03:00,559.0,30.3284,30.33,30.33,30.33,30.33,17
2024-05-02 16:04:00,1364.0,30.327,30.32,30.33,30.33,30.32,24
2024-05-02 16:05:00,1616.0,30.3313,30.33,30.34,30.34,30.33,32
2024-05-02 16:06:00,1995.0,30.3335,30.34,30.34,30.34,30.33,32
2024-05-02 16:07:00,325.0,30.3431,30.34,30.34,30.34,30.34,13
2024-05-02 16:08:00,664.0,30.3332,30.34,30.33,30.34,30.33,15
2024-05-02 16:09:00,1259.0,30.3083,30.32,30.31,30.32,30.3,27
2024-05-02 16:11:00,5856.0,30.266,30.29,30.27,30.29,30.25,83
2024-05-02 16:13:00,1679.0,30.2685,30.27,30.28,30.28,30.26,35
2024-05-02 16:14:00,1619.0,30.2802,30.28,30.26,30.29,30.26,25
2024-05-02 16:15:00,159.0,30.2743,30.28,30.28,30.28,30.28,12
2024-05-02 16:16:00,1536.0,30.2889,30.28,30.3,30.3,30.28,44
2024-05-02 16:17:00,1963.0,30.2924,30.3,30.29,30.3,30.29,47
2024-05-02 16:18:00,3510.0,30.2819,30.3,30.26,30.3,30.26,46
2024-05-02 16:19:00,1367.0,30.2347,30.25,30.23,30.25,30.23,17
2024-05-02 16:20:00,1646.0,30.2328,30.22,30.25,30.25,30.22,43
2024-05-02 16:21:00,640.0,30.2459,30.24,30.26,30.26,30.24,21
2024-05-02 16:22:00,1150.0,30.2402,30.25,30.23,30.25,30.23,19
2024-05-02 16:23:00,641.0,30.2406,30.23,30.25,30.25,30.23,26
2024-05-02 16:24:00,1273.0,30.2812,30.26,30.29,30.3,30.26,31
2024-05-02 16:25:00,899.0,30.2972,30.28,30.31,30.31,30.28,18
2024-05-02 16:26:00,1098.0,30.3011,30.305,30.302,30.32,30.302,13
2024-05-02 16:27:00,1340.0,30.321,30.32,30.32,30.33,30.32,22
2024-05-02 16:28:00,1449.0,30.301,30.315,30.295,30.315,30.29,22
2024-05-02 16:29:00,1240.0,30.3235,30.3,30.33,30.33,30.3,34
2024-05-02 16:30:00,2574.0,30.3172,30.33,30.3,30.34,30.3,37
2024-05-02 16:31:00,397.0,30.2556,30.25,30.25,30.25,30.25,12
2024-05-02 16:32:00,669.0,30.2591,30.26,30.26,30.26,30.26,12
2024-05-02 16:33:00,774.0,30.2556,30.27,30.25,30.27,30.25,14
2024-05-02 16:34:00,1327.0,30.2576,30.27,30.26,30.27,30.25,27
2024-05-02 16:35:00,835.0,30.2445,30.252,30.23,30.252,30.23,24
2024-05-02 16:36:00,8198.0,30.2221,30.21,30.2298,30.24,30.2,89
2024-05-02 16:38:00,2690.0,30.2747,30.26,30.29,30.29,30.26,51
2024-05-02 16:39:00,1748.0,30.2978,30.3,30.3,30.3,30.29,35
2024-05-02 16:40:00,1085.0,30.3062,30.3,30.31,30.31,30.3,23
2024-05-02 16:41:00,330.0,30.3392,30.34,30.34,30.34,30.34,10
2024-05-02 16:42:00,2501.0,30.3509,30.35,30.36,30.36,30.35,41
2024-05-02 16:43:00,585.0,30.3651,30.37,30.37,30.37,30.36,14
2024-05-02 16:44:00,1063.0,30.3643,30.36,30.37,30.37,30.36,20
2024-05-02 16:45:00,142.0,30.3584,30.36,30.36,30.36,30.36,12
2024-05-02 16:46:00,681.0,30.3633,30.36,30.36,30.36,30.36,21
2024-05-02 16:47:00,1439.0,30.3759,30.37,30.39,30.39,30.36,33
2024-05-02 16:48:00,988.0,30.379,30.4,30.41,30.41,30.4,16
2024-05-02 16:49:00,555.0,30.4183,30.42,30.43,30.43,30.415,18
2024-05-02 16:50:00,3409.0,30.4161,30.42,30.4025,30.43,30.4,64
2024-05-02 16:51:00,468.0,30.4001,30.4,30.4,30.4,30.4,16
2024-05-02 16:52:00,257.0,30.398,30.4,30.4,30.4,30.4,9
2024-05-02 16:53:00,761.0,30.3917,30.39,30.38,30.39,30.38,15
2024-05-02 16:54:00,1330.0,30.3695,30.385,30.355,30.385,30.355,23
2024-05-02 16:55:00,715.0,30.3615,30.36,30.37,30.37,30.36,23
2024-05-02 16:56:00,926.0,30.372,30.364,30.39,30.39,30.364,31
2024-05-02 16:57:00,648.0,30.3709,30.37,30.37,30.37,30.37,14
2024-05-02 16:58:00,2287.0,30.358,30.36,30.35,30.37,30.34,35
2024-05-02 16:59:00,181.0,30.3452,30.35,30.35,30.35,30.35,6
2024-05-02 17:00:00,591.0,30.3573,30.36,30.36,30.36,30.35,21
2024-05-02 17:01:00,1028.0,30.3303,30.35,30.33,30.35,30.32,28
2024-05-02 17:02:00,120.0,30.338,30.339,30.339,30.339,30.339,8
2024-05-02 17:03:00,595.0,30.3291,30.34,30.32,30.34,30.32,18
2024-05-02 17:04:00,781.0,30.324,30.34,30.32,30.34,30.32,14
2024-05-02 17:05:00,1227.0,30.3303,30.33,30.32,30.34,30.32,22
2024-05-02 17:06:00,2182.0,30.3147,30.32,30.32,30.32,30.31,29
2024-05-02 17:07:00,1217.0,30.3315,30.32,30.34,30.34,30.32,28
2024-05-02 17:08:00,1325.0,30.3453,30.35,30.34,30.35,30.34,25
2024-05-02 17:09:00,763.0,30.3631,30.36,30.37,30.37,30.36,25
2024-05-02 17:10:00,638.0,30.3692,30.37,30.38,30.38,30.37,13
2024-05-02 17:11:00,2405.0,30.3589,30.36,30.36,30.36,30.35,46
2024-05-02 17:12:00,2763.0,30.3741,30.36,30.39,30.39,30.35,41
2024-05-02 17:13:00,2181.0,30.4092,30.4,30.411,30.42,30.4,35
2024-05-02 17:14:00,2473.0,30.404,30.41,30.4,30.41,30.4,34
2024-05-02 17:15:00,2167.0,30.3921,30.39,30.4,30.4,30.388,29
2024-05-02 17:16:00,3062.0,30.3872,30.39,30.38,30.39,30.38,43
2024-05-02 17:17:00,1766.0,30.3871,30.39,30.39,30.39,30.37,33
2024-05-02 17:18:00,721.0,30.3899,30.39,30.39,30.4,30.38,9
2024-05-02 17:19:00,1939.0,30.4028,30.39,30.43,30.43,30.39,38
2024-05-02 17:20:00,4480.0,30.4358,30.43,30.46,30.46,30.43,76
2024-05-02 17:21:00,1975.0,30.4476,30.45,30.44,30.45,30.44,26
2024-05-02 17:22:00,3387.0,30.4386,30.431,30.46,30.46,30.43,47
2024-05-02 17:23:00,1582.0,30.4424,30.45,30.43,30.45,30.43,33
2024-05-02 17:24:00,1525.0,30.3716,30.4,30.36,30.4,30.35,22
2024-05-02 17:25:00,1763.0,30.3635,30.36,30.37,30.37,30.35,37
2024-05-02 17:26:00,380.0,30.3883,30.39,30.4,30.4,30.39,11
2024-05-02 17:27:00,1680.0,30.4003,30.4,30.41,30.41,30.4,36
2024-05-02 17:28:00,1353.0,30.3937,30.4,30.39,30.4,30.39,22
2024-05-02 17:29:00,473.0,30.3879,30.39,30.39,30.39,30.39,10
2024-05-02 17:30:00,1864.0,30.3932,30.39,30.4,30.4,30.38,42
2024-05-02 17:31:00,1329.0,30.3935,30.39,30.39,30.4,30.39,29
2024-05-02 17:32:00,709.0,30.3699,30.38,30.36,30.38,30.36,21
2024-05-02 17:33:00,859.0,30.3437,30.35,30.33,30.35,30.33,19
2024-05-02 17:34:00,1140.0,30.3396,30.33,30.34,30.34,30.33,23
2024-05-02 17:35:00,1179.0,30.3408,30.32,30.32,30.33,30.32,24
2024-05-02 17:36:00,252.0,30.3191,30.315,30.315,30.315,30.315,8
2024-05-02 17:37:00,9050.0,30.3381,30.33,30.33,30.35,30.33,67
2024-05-02 17:38:00,520.0,30.317,30.31,30.325,30.325,30.31,11
2024-05-02 17:39:00,1047.0,30.3164,30.32,30.3,30.32,30.3,21
2024-05-02 17:40:00,726.0,30.3113,30.305,30.31,30.31,30.3,10
2024-05-02 17:41:00,1165.0,30.3067,30.31,30.3,30.31,30.3,23
2024-05-02 17:42:00,2284.0,30.3214,30.3,30.32,30.33,30.3,48
2024-05-02 17:43:00,2217.0,30.3031,30.31,30.3,30.31,30.29,41
2024-05-02 17:44:00,873.0,30.319,30.31,30.34,30.34,30.31,19
2024-05-02 17:45:00,1905.0,30.3327,30.34,30.33,30.34,30.33,41
2024-05-02 17:46:00,1045.0,30.3353,30.3389,30.3499,30.3499,30.32,16
2024-05-02 17:47:00,2704.0,30.3508,30.34,30.37,30.378,30.34,53
2024-05-02 17:48:00,2409.0,30.3617,30.36,30.36,30.37,30.355,43
2024-05-02 17:49:00,1861.0,30.3539,30.35,30.36,30.36,30.35,38
2024-05-02 17:50:00,1887.0,30.3531,30.36,30.35,30.36,30.35,22
2024-05-02 17:51:00,556.0,30.3417,30.35,30.34,30.35,30.34,16
2024-05-02 17:52:00,221.0,30.3326,30.335,30.335,30.335,30.335,12
2024-05-02 17:53:00,1042.0,30.3252,30.32,30.33,30.33,30.32,38
2024-05-02 17:54:00,1727.0,30.3196,30.33,30.302,30.33,30.3,23
2024-05-02 17:55:00,1302.0,30.3212,30.31,30.33,30.33,30.31,26
2024-05-02 17:56:00,415.0,30.3331,30.34,30.335,30.34,30.335,12
2024-05-02 17:57:00,1411.0,30.3505,30.35,30.36,30.36,30.35,37
2024-05-02 17:58:00,848.0,30.349,30.35,30.35,30.35,30.35,24
2024-05-02 17:59:00,867.0,30.3347,30.33,30.335,30.34,30.33,28
2024-05-02 18:00:00,1793.0,30.3335,30.33,30.34,30.34,30.33,28
2024-05-02 18:01:00,940.0,30.3303,30.33,30.33,30.33,30.33,15
2024-05-02 18:02:00,458.0,30.3396,30.34,30.34,30.34,30.34,11
2024-05-02 18:04:00,1532.0,30.337,30.34,30.35,30.35,30.33,44
2024-05-02 18:05:00,1449.0,30.3468,30.34,30.36,30.36,30.335,36
2024-05-02 18:06:00,1073.0,30.3548,30.36,30.35,30.37,30.35,39
2024-05-02 18:08:00,1148.0,30.3478,30.34,30.35,30.35,30.34,33
2024-05-02 18:09:00,672.0,30.3463,30.358,30.34,30.358,30.34,22
2024-05-02 18:10:00,1583.0,30.3409,30.34,30.335,30.35,30.33,35
2024-05-02 18:11:00,1429.0,30.327,30.34,30.32,30.34,30.32,31
2024-05-02 18:12:00,331.0,30.3172,30.31,30.31,30.31,30.31,13
2024-05-02 18:13:00,2220.0,30.3142,30.315,30.32,30.32,30.31,38
2024-05-02 18:14:00,947.0,30.3225,30.32,30.33,30.33,30.32,16
2024-05-02 18:15:00,976.0,30.3124,30.31,30.32,30.32,30.31,24
2024-05-02 18:16:00,347.0,30.3095,30.3,30.31,30.31,30.3,10
2024-05-02 18:17:00,2288.0,30.299,30.3,30.28,30.3,30.28,47
2024-05-02 18:18:00,1350.0,30.2871,30.28,30.29,30.29,30.28,30
2024-05-02 18:19:00,315.0,30.2969,30.3,30.29,30.3,30.29,8
2024-05-02 18:20:00,121.0,30.2818,30.28,30.28,30.28,30.28,8
2024-05-02 18:21:00,2735.0,30.2898,30.29,30.3,30.3,30.285,60
2024-05-02 18:22:00,489.0,30.2947,30.29,30.3,30.3,30.29,27
2024-05-02 18:23:00,258.0,30.2979,30.299,30.299,30.299,30.299,14
2024-05-02 18:24:00,1756.0,30.2931,30.3,30.29,30.3,30.29,39
2024-05-02 18:25:00,1915.0,30.3086,30.3,30.31,30.32,30.3,37
2024-05-02 18:26:00,1284.0,30.3172,30.31,30.32,30.32,30.31,32
2024-05-02 18:27:00,1302.0,30.3201,30.32,30.33,30.33,30.32,30
2024-05-02 18:28:00,1139.0,30.3308,30.33,30.33,30.34,30.33,35
2024-05-02 18:29:00,554.0,30.3292,30.34,30.34,30.34,30.34,12
2024-05-02 18:30:00,1730.0,30.3378,30.339,30.35,30.35,30.33,40
2024-05-02 18:31:00,775.0,30.3494,30.35,30.35,30.35,30.35,18
2024-05-02 18:32:00,1091.0,30.3443,30.35,30.35,30.35,30.34,33
2024-05-02 18:33:00,2381.0,30.3375,30.34,30.355,30.36,30.325,61
2024-05-02 18:34:00,1775.0,30.3493,30.35,30.35,30.35,30.345,27
2024-05-02 18:35:00,1207.0,30.3562,30.36,30.36,30.36,30.35,23
2024-05-02 18:36:00,374.0,30.3651,30.37,30.37,30.37,30.37,10
2024-05-02 18:37:00,1710.0,30.3555,30.36,30.35,30.37,30.35,22
2024-05-02 18:38:00,738.0,30.3613,30.36,30.36,30.36,30.36,15
2024-05-02 18:39:00,1862.0,30.3747,30.37,30.38,30.38,30.37,40
2024-05-02 18:40:00,1047.0,30.3896,30.39,30.41,30.41,30.39,27
2024-05-02 18:41:00,492.0,30.4174,30.42,30.42,30.42,30.42,11
2024-05-02 18:42:00,4119.0,30.3949,30.42,30.41,30.42,30.39,50
2024-05-02 18:43:00,2818.0,30.3939,30.41,30.39,30.41,30.39,36
2024-05-02 18:44:00,4269.0,30.4426,30.4,30.49,30.49,30.4,68
2024-05-02 18:45:00,2644.0,30.4841,30.49,30.49,30.5,30.47,44
2024-05-02 18:46:00,1784.0,30.5107,30.49,30.5298,30.53,30.49,40
2024-05-02 18:47:00,10547.0,30.5441,30.52,30.53,30.57,30.52,96
2024-05-02 18:48:00,3217.0,30.5026,30.53,30.49,30.53,30.48,49
2024-05-02 18:49:00,601.0,30.4897,30.49,30.49,30.49,30.49,18
2024-05-02 18:50:00,1900.0,30.5027,30.5,30.5,30.5,30.49,26
2024-05-02 18:51:00,3592.0,30.4867,30.5,30.48,30.5,30.47,40
2024-05-02 18:52:00,2621.0,30.4642,30.461,30.445,30.461,30.44,39
2024-05-02 18:53:00,3076.0,30.4435,30.45,30.45,30.45,30.44,50
2024-05-02 18:54:00,2236.0,30.4459,30.47,30.435,30.47,30.435,25
2024-05-02 18:55:00,1337.0,30.4534,30.45,30.46,30.46,30.45,23
2024-05-02 18:56:00,876.0,30.4632,30.46,30.47,30.47,30.46,15
2024-05-02 18:57:00,2461.0,30.4539,30.47,30.465,30.47,30.45,44
2024-05-02 18:58:00,708.0,30.4694,30.47,30.475,30.475,30.47,26
2024-05-02 18:59:00,2257.0,30.4628,30.48,30.445,30.48,30.445,47
2024-05-02 19:00:00,1884.0,30.4553,30.45,30.47,30.47,30.45,35
2024-05-02 19:01:00,2924.0,30.4521,30.47,30.44,30.47,30.44,47
2024-05-02 19:02:00,2051.0,30.4189,30.43,30.4101,30.43,30.41,32
2024-05-02 19:03:00,1939.0,30.417,30.42,30.42,30.42,30.41,31
2024-05-02 19:04:00,11109.0,30.4032,30.42,30.4,30.425,30.39,108
2024-05-02 19:05:00,4559.0,30.4478,30.42,30.489,30.489,30.415,66
2024-05-02 19:06:00,529.0,30.4906,30.49,30.5,30.5,30.49,10
2024-05-02 19:07:00,4394.0,30.5076,30.4801,30.5,30.52,30.4801,52
2024-05-02 19:08:00,2298.0,30.5064,30.51,30.52,30.52,30.502,21
2024-05-02 19:09:00,2914.0,30.4989,30.519,30.51,30.52,30.5,36
2024-05-02 19:10:00,2076.0,30.5023,30.49,30.5,30.51,30.49,46
2024-05-02 19:11:00,1363.0,30.5046,30.5,30.49,30.51,30.49,24
2024-05-02 19:12:00,8150.0,30.4743,30.5,30.46,30.5,30.46,123
2024-05-02 19:13:00,3842.0,30.4741,30.46,30.48,30.49,30.46,53
2024-05-02 19:14:00,845.0,30.4881,30.49,30.5,30.5,30.49,26
2024-05-02 19:15:00,1456.0,30.4966,30.49,30.495,30.5,30.49,35
2024-05-02 19:16:00,2794.0,30.4876,30.5,30.47,30.5,30.47,47
2024-05-02 19:17:00,1588.0,30.4554,30.46,30.44,30.46,30.44,40
2024-05-02 19:18:00,3040.0,30.423,30.44,30.42,30.44,30.415,58
2024-05-02 19:19:00,716.0,30.4347,30.41,30.41,30.41,30.41,11
2024-05-02 19:20:00,2839.0,30.4304,30.43,30.43,30.43,30.43,45
2024-05-02 19:21:00,3532.0,30.4306,30.44,30.43,30.44,30.42,62
2024-05-02 19:22:00,1284.0,30.4241,30.43,30.43,30.43,30.42,28
2024-05-02 19:23:00,7501.0,30.4476,30.435,30.49,30.49,30.435,87
2024-05-02 19:24:00,3694.0,30.4735,30.48,30.49,30.5,30.46,73
2024-05-02 19:25:00,1312.0,30.4808,30.48,30.48,30.49,30.48,31
2024-05-02 19:26:00,2140.0,30.4958,30.49,30.5,30.5,30.49,47
2024-05-02 19:27:00,4233.0,30.4856,30.5,30.48,30.5,30.48,72
2024-05-02 19:28:00,2436.0,30.4635,30.47,30.46,30.47,30.451,72
2024-05-02 19:29:00,2133.0,30.461,30.46,30.45,30.46,30.45,40
2024-05-02 19:30:00,3626.0,30.4356,30.45,30.44,30.45,30.43,70
2024-05-02 19:31:00,2248.0,30.4588,30.445,30.46,30.46,30.445,53
2024-05-02 19:32:00,2363.0,30.4419,30.45,30.43,30.455,30.43,44
2024-05-02 19:33:00,3286.0,30.429,30.42,30.41,30.42,30.4,36
2024-05-02 19:34:00,1988.0,30.4203,30.4023,30.42,30.42,30.4023,36
2024-05-02 19:35:00,4346.0,30.4069,30.41,30.41,30.41,30.39,71
2024-05-02 19:36:00,3571.0,30.3901,30.4,30.39,30.4,30.37,53
2024-05-02 19:37:00,1407.0,30.3881,30.38,30.39,30.395,30.38,56
2024-05-02 19:38:00,4349.0,30.378,30.38,30.37,30.38,30.37,56
2024-05-02 19:39:00,1553.0,30.3823,30.37,30.385,30.39,30.37,46
2024-05-02 19:40:00,5072.0,30.3828,30.38,30.395,30.4,30.375,74
2024-05-02 19:41:00,5524.0,30.4104,30.4,30.43,30.43,30.4,91
2024-05-02 19:42:00,5401.0,30.4121,30.42,30.41,30.43,30.4,96
2024-05-02 19:43:00,6550.0,30.4115,30.42,30.42,30.42,30.41,111
2024-05-02 19:44:00,4004.0,30.4109,30.43,30.415,30.43,30.405,72
2024-05-02 19:45:00,7306.0,30.3861,30.41,30.36,30.41,30.36,94
2024-05-02 19:46:00,4900.0,30.3693,30.36,30.375,30.375,30.36,59
2024-05-02 19:47:00,5577.0,30.3669,30.375,30.365,30.375,30.35,93
2024-05-02 19:48:00,4110.0,30.3571,30.365,30.341,30.37,30.341,80
2024-05-02 19:49:00,6592.0,30.3529,30.345,30.365,30.365,30.34,116
2024-05-02 19:50:00,11068.0,30.3546,30.37,30.35,30.37,30.34,155
2024-05-02 19:51:00,12881.0,30.3568,30.35,30.36,30.36,30.35,163
2024-05-02 19:52:00,7746.0,30.3545,30.355,30.36,30.36,30.35,102
2024-05-02 19:53:00,26233.0,30.3693,30.36,30.35,30.39,30.345,268
2024-05-02 19:54:00,11260.0,30.3511,30.35,30.35,30.36,30.34,153
2024-05-02 19:55:00,33155.0,30.294,30.35,30.27,30.35,30.25,282
2024-05-02 19:56:00,32420.0,30.257,30.27,30.26,30.27,30.24,289
2024-05-02 19:57:00,17689.0,30.2659,30.25,30.295,30.295,30.24,163
2024-05-02 19:58:00,27784.0,30.2904,30.29,30.29,30.31,30.28,271
2024-05-02 19:59:00,44088.0,30.3293,30.29,30.35,30.36,30.285,365
2024-05-02 20:00:00,402.0,30.34,30.34,30.34,30.34,30.34,8
