t,v,vw,o,c,h,l,n
2023-06-12 11:49:00,147,77.07,77.07,77.07,77.07,77.07,2
2023-06-12 13:29:00,1343,76.739,76.88,76.72,76.88,76.72,4
2023-06-12 13:30:00,24493,76.8287,76.83,76.77,76.83,76.77,33
2023-06-12 13:31:00,1986,76.7636,76.72,76.86,76.86,76.72,39
2023-06-12 13:32:00,1327,76.8973,76.88,76.86,76.9375,76.86,49
2023-06-12 13:33:00,2084,76.814,76.81,76.815,76.815,76.8,25
2023-06-12 13:34:00,424,76.7444,76.77,76.725,76.77,76.725,15
2023-06-12 13:35:00,580,76.7522,76.79,76.79,76.79,76.79,26
2023-06-12 13:36:00,1671,76.6031,76.65,76.56,76.65,76.56,64
2023-06-12 13:37:00,615,76.3936,76.4,76.42,76.42,76.35,26
2023-06-12 13:38:00,3568,76.4621,76.42,76.505,76.53,76.41,79
2023-06-12 13:39:00,2751,76.5714,76.49,76.64,76.64,76.49,50
2023-06-12 13:40:00,3629,76.6771,76.68,76.68,76.71,76.645,51
2023-06-12 13:41:00,1113,76.6701,76.66,76.66,76.72,76.6501,41
2023-06-12 13:42:00,7749,76.7567,76.68,76.765,76.83,76.68,140
2023-06-12 13:43:00,1915,76.752,76.705,76.755,76.79,76.705,41
2023-06-12 13:44:00,2924,76.6178,76.72,76.55,76.72,76.52,73
2023-06-12 13:45:00,1784,76.4272,76.52,76.37,76.52,76.37,60
2023-06-12 13:46:00,1800,76.4543,76.38,76.5,76.5,76.38,46
2023-06-12 13:47:00,1567,76.5375,76.515,76.58,76.59,76.515,44
2023-06-12 13:48:00,2087,76.5758,76.59,76.57,76.59,76.55,67
2023-06-12 13:49:00,2375,76.6167,76.49,76.68,76.69,76.49,76
2023-06-12 13:50:00,1014,76.7101,76.71,76.71,76.71,76.71,9
2023-06-12 13:51:00,3348,76.7896,76.72,76.78,76.85,76.72,92
2023-06-12 13:52:00,2808,76.7785,76.785,76.79,76.81,76.76,48
2023-06-12 13:53:00,10168,76.7918,76.78,76.9299,76.9299,76.78,32
2023-06-12 13:54:00,1046,76.9497,76.965,76.94,76.965,76.94,29
2023-06-12 13:55:00,1693,76.9988,77.0,76.98,77.0,76.98,54
2023-06-12 13:56:00,798,76.937,76.93,76.92,76.93,76.92,23
2023-06-12 13:57:00,1390,77.0169,76.975,77.03,77.03,76.975,48
2023-06-12 13:58:00,1017,77.0233,77.05,77.0,77.05,77.0,39
2023-06-12 13:59:00,905,77.0655,77.04,77.055,77.1,77.04,28
2023-06-12 14:00:00,536,77.0142,77.01,77.01,77.01,77.01,29
2023-06-12 14:01:00,1543,76.9388,76.97,76.905,76.98,76.905,37
2023-06-12 14:02:00,5699,76.9706,76.94,76.95,77.0,76.92,110
2023-06-12 14:03:00,11363,76.9743,76.92,77.02,77.04,76.915,81
2023-06-12 14:04:00,1961,77.0071,77.02,76.96,77.03,76.96,57
2023-06-12 14:05:00,1617,77.0028,77.0,77.02,77.02,76.99,37
2023-06-12 14:06:00,3125,76.9847,76.99,76.98,76.99,76.96,66
2023-06-12 14:07:00,629,76.9919,77.005,77.005,77.005,77.005,25
2023-06-12 14:08:00,1662,76.9888,76.985,77.005,77.005,76.97,30
2023-06-12 14:09:00,1747,77.0619,77.05,77.07,77.08,77.05,49
2023-06-12 14:10:00,7721,77.1024,77.09,77.07,77.15,77.07,75
2023-06-12 14:11:00,267,77.0645,77.07,77.07,77.07,77.07,15
2023-06-12 14:12:00,2453,77.1099,77.09,77.15,77.15,77.09,67
2023-06-12 14:13:00,2668,77.2,77.17,77.21,77.21,77.17,79
2023-06-12 14:14:00,5924,77.243,77.24,77.28,77.28,77.23,77
2023-06-12 14:15:00,9454,77.2931,77.3,77.269,77.305,77.26,96
2023-06-12 14:16:00,1325,77.2607,77.26,77.25,77.27,77.25,45
2023-06-12 14:17:00,1497,77.2305,77.22,77.21,77.25,77.21,56
2023-06-12 14:18:00,2426,77.1738,77.2,77.19,77.2,77.14,66
2023-06-12 14:19:00,1663,77.2376,77.17,77.25,77.25,77.17,49
2023-06-12 14:20:00,3034,77.2597,77.295,77.26,77.295,77.22,73
2023-06-12 14:21:00,3867,77.2092,77.27,77.16,77.27,77.16,72
2023-06-12 14:22:00,24014,77.1347,77.15,77.135,77.16,77.12,76
2023-06-12 14:23:00,2489,77.0811,77.1,77.065,77.12,77.05,46
2023-06-12 14:24:00,4087,77.0644,77.08,77.07,77.08,77.03,99
2023-06-12 14:25:00,4132,77.0537,77.085,77.1,77.1,77.01,97
2023-06-12 14:26:00,2567,77.0602,77.07,77.07,77.08,77.03,67
2023-06-12 14:27:00,6223,77.1101,77.12,77.0392,77.16,77.0392,133
2023-06-12 14:28:00,19060,77.1438,77.06,77.14,77.18,77.06,193
2023-06-12 14:29:00,3059,77.1517,77.16,77.14,77.18,77.1225,72
2023-06-12 14:30:00,2589,77.0702,77.14,77.045,77.14,77.045,56
2023-06-12 14:31:00,1602,77.0999,77.06,77.14,77.14,77.06,43
2023-06-12 14:32:00,2434,77.1253,77.16,77.12,77.16,77.105,46
2023-06-12 14:33:00,1452,77.1131,77.11,77.13,77.13,77.0801,43
2023-06-12 14:34:00,1520,77.085,77.09,77.065,77.09,77.065,31
2023-06-12 14:35:00,1708,77.0469,77.065,77.06,77.065,77.03,48
2023-06-12 14:36:00,2333,77.0351,77.04,77.04,77.04,77.02,65
2023-06-12 14:37:00,2257,76.9971,77.05,76.98,77.05,76.97,56
2023-06-12 14:38:00,29712,76.9374,76.97,76.92,76.97,76.86,263
2023-06-12 14:39:00,2373,76.9196,76.925,76.905,76.94,76.9,95
2023-06-12 14:40:00,4078,76.9654,76.91,77.025,77.025,76.91,83
2023-06-12 14:41:00,1133,76.9502,76.96,76.93,76.96,76.93,33
2023-06-12 14:42:00,3213,76.9035,76.92,76.915,76.92,76.88,76
2023-06-12 14:43:00,644,76.9424,76.925,76.94,76.94,76.925,32
2023-06-12 14:44:00,1845,76.9817,76.98,76.98,76.99,76.98,43
2023-06-12 14:45:00,2217,77.002,76.995,77.02,77.045,76.97,63
2023-06-12 14:46:00,1935,77.0325,77.018,77.05,77.055,77.018,39
2023-06-12 14:47:00,3813,76.991,77.05,76.933,77.05,76.933,97
2023-06-12 14:48:00,2347,76.9532,76.94,76.975,76.975,76.935,63
2023-06-12 14:49:00,2902,76.9623,76.96,76.975,76.975,76.95,71
2023-06-12 14:50:00,1459,77.0271,77.0,77.015,77.025,77.0,41
2023-06-12 14:51:00,1569,76.9956,77.0,76.99,77.0,76.98,40
2023-06-12 14:52:00,2482,77.007,76.99,77.01,77.03,76.99,73
2023-06-12 14:53:00,1178,77.0296,77.04,77.03,77.04,77.03,47
2023-06-12 14:55:00,5288,77.0714,77.035,77.09,77.12,77.03,115
2023-06-12 14:56:00,2480,77.1056,77.11,77.16,77.16,77.1024,45
2023-06-12 14:57:00,2164,77.1826,77.165,77.2,77.2,77.165,66
2023-06-12 14:58:00,2861,77.2012,77.19,77.205,77.22,77.185,77
2023-06-12 14:59:00,16421,77.1607,77.21,77.13,77.22,77.13,164
2023-06-12 15:00:00,6947,77.1636,77.14,77.18,77.21,77.14,158
2023-06-12 15:01:00,2144,77.1921,77.18,77.17,77.21,77.17,63
2023-06-12 15:02:00,4736,77.1205,77.15,77.09,77.16,77.08,90
2023-06-12 15:03:00,3474,77.0928,77.09,77.09,77.115,77.07,72
2023-06-12 15:04:00,1999,77.0809,77.1,77.07,77.1,77.06,42
2023-06-12 15:05:00,9638,77.0927,77.08,77.11,77.11,77.08,182
2023-06-12 15:06:00,2629,77.1023,77.11,77.11,77.12,77.09,47
2023-06-12 15:07:00,4736,77.1106,77.12,77.1,77.12,77.1,79
2023-06-12 15:08:00,4378,77.1424,77.12,77.15,77.18,77.115,96
2023-06-12 15:09:00,5815,77.1371,77.15,77.145,77.16,77.11,91
2023-06-12 15:10:00,2367,77.1306,77.13,77.14,77.14,77.12,57
2023-06-12 15:11:00,3106,77.1454,77.13,77.155,77.16,77.13,61
2023-06-12 15:12:00,4348,77.1581,77.135,77.2,77.2,77.135,90
2023-06-12 15:13:00,3322,77.1988,77.22,77.215,77.23,77.18,71
2023-06-12 15:14:00,916,77.2248,77.215,77.23,77.23,77.215,26
2023-06-12 15:15:00,4080,77.2673,77.23,77.29,77.29,77.23,134
2023-06-12 15:16:00,9419,77.2713,77.29,77.28,77.29,77.265,75
2023-06-12 15:17:00,5511,77.3123,77.26,77.365,77.37,77.26,125
2023-06-12 15:18:00,4818,77.349,77.37,77.335,77.37,77.335,124
2023-06-12 15:19:00,3223,77.2989,77.31,77.28,77.31,77.28,86
2023-06-12 15:20:00,2911,77.256,77.28,77.26,77.29,77.24,80
2023-06-12 15:21:00,1056,77.2751,77.28,77.26,77.28,77.26,49
2023-06-12 15:22:00,1345,77.2723,77.27,77.28,77.28,77.27,47
2023-06-12 15:23:00,1612,77.2611,77.26,77.25,77.27,77.25,64
2023-06-12 15:24:00,2409,77.2534,77.25,77.26,77.26,77.25,62
2023-06-12 15:25:00,1938,77.2507,77.26,77.24,77.26,77.24,55
2023-06-12 15:26:00,2940,77.2875,77.26,77.315,77.315,77.255,90
2023-06-12 15:27:00,2134,77.3289,77.32,77.32,77.34,77.32,61
2023-06-12 15:28:00,4227,77.3037,77.3,77.315,77.315,77.295,109
2023-06-12 15:29:00,2501,77.2757,77.29,77.27,77.295,77.27,61
2023-06-12 15:30:00,2342,77.2987,77.29,77.3,77.32,77.29,72
2023-06-12 15:31:00,3571,77.2973,77.31,77.3,77.31,77.29,105
2023-06-12 15:32:00,2932,77.3118,77.32,77.29,77.34,77.29,69
2023-06-12 15:33:00,2570,77.2705,77.28,77.27,77.28,77.26,51
2023-06-12 15:34:00,995,77.2899,77.28,77.29,77.29,77.28,51
2023-06-12 15:35:00,2139,77.3232,77.31,77.31,77.34,77.31,78
2023-06-12 15:36:00,1532,77.3069,77.3,77.305,77.31,77.3,63
2023-06-12 15:37:00,2526,77.2888,77.31,77.28,77.31,77.28,66
2023-06-12 15:38:00,1043,77.2746,77.28,77.27,77.28,77.27,49
2023-06-12 15:39:00,3635,77.2537,77.27,77.24,77.27,77.24,113
2023-06-12 15:40:00,5923,77.275,77.24,77.27,77.28,77.24,109
2023-06-12 15:41:00,1637,77.2531,77.27,77.24,77.27,77.24,56
2023-06-12 15:42:00,3441,77.2473,77.24,77.255,77.26,77.24,89
2023-06-12 15:43:00,988,77.2738,77.27,77.27,77.27,77.27,43
2023-06-12 15:44:00,2243,77.2759,77.29,77.27,77.29,77.27,60
2023-06-12 15:45:00,2686,77.2374,77.26,77.23,77.26,77.21,86
2023-06-12 15:46:00,1638,77.2345,77.23,77.25,77.25,77.23,48
2023-06-12 15:47:00,1636,77.2649,77.25,77.29,77.29,77.25,52
2023-06-12 15:48:00,542,77.2958,77.31,77.295,77.31,77.28,11
2023-06-12 15:49:00,1992,77.2984,77.31,77.28,77.31,77.28,54
2023-06-12 15:50:00,1111,77.2688,77.27,77.27,77.275,77.27,43
2023-06-12 15:51:00,2216,77.2716,77.28,77.245,77.29,77.245,59
2023-06-12 15:52:00,1740,77.2233,77.24,77.215,77.24,77.2,42
2023-06-12 15:53:00,1280,77.2125,77.22,77.21,77.22,77.21,31
2023-06-12 15:54:00,627,77.216,77.22,77.22,77.22,77.22,18
2023-06-12 15:55:00,1461,77.2033,77.21,77.19,77.21,77.19,32
2023-06-12 15:56:00,904,77.2144,77.22,77.22,77.22,77.215,33
2023-06-12 15:57:00,2764,77.2277,77.22,77.25,77.255,77.21,60
2023-06-12 15:58:00,533,77.2534,77.25,77.255,77.255,77.25,31
2023-06-12 15:59:00,861,77.2844,77.27,77.29,77.29,77.27,29
2023-06-12 16:00:00,1855,77.3065,77.31,77.3,77.32,77.3,46
2023-06-12 16:01:00,798,77.3162,77.33,77.33,77.33,77.32,22
2023-06-12 16:02:00,321,77.3313,77.325,77.33,77.33,77.325,17
2023-06-12 16:03:00,2072,77.3501,77.355,77.345,77.36,77.34,63
2023-06-12 16:04:00,2646,77.3295,77.36,77.3175,77.36,77.31,53
2023-06-12 16:05:00,1553,77.3176,77.31,77.31,77.32,77.305,41
2023-06-12 16:06:00,4819,77.2929,77.31,77.23,77.32,77.23,102
2023-06-12 16:07:00,745,77.2259,77.22,77.23,77.23,77.22,20
2023-06-12 16:08:00,12135,77.2146,77.205,77.24,77.24,77.2,105
2023-06-12 16:09:00,818,77.2364,77.24,77.22,77.24,77.22,26
2023-06-12 16:10:00,2696,77.2069,77.23,77.19,77.23,77.19,71
2023-06-12 16:11:00,234,77.1702,77.17,77.17,77.17,77.17,9
2023-06-12 16:12:00,3345,77.1773,77.14,77.19,77.21,77.13,60
2023-06-12 16:13:00,509,77.191,77.19,77.19,77.19,77.19,16
2023-06-12 16:14:00,1304,77.1838,77.19,77.175,77.19,77.175,37
2023-06-12 16:15:00,1149,77.1678,77.17,77.155,77.17,77.14,27
2023-06-12 16:16:00,1261,77.1661,77.16,77.165,77.17,77.16,35
2023-06-12 16:17:00,568,77.1748,77.18,77.17,77.18,77.17,26
2023-06-12 16:18:00,2875,77.1456,77.17,77.1,77.17,77.095,66
2023-06-12 16:19:00,2597,77.1162,77.1,77.125,77.125,77.1,64
2023-06-12 16:20:00,1590,77.116,77.13,77.11,77.13,77.11,40
2023-06-12 16:21:00,1301,77.1117,77.11,77.115,77.115,77.11,34
2023-06-12 16:22:00,450,77.1186,77.115,77.12,77.12,77.115,18
2023-06-12 16:23:00,1401,77.1154,77.12,77.1,77.12,77.1,42
2023-06-12 16:24:00,3545,77.1067,77.095,77.1,77.115,77.095,75
2023-06-12 16:25:00,1377,77.1037,77.1,77.1,77.11,77.1,41
2023-06-12 16:26:00,4186,77.102,77.095,77.13,77.13,77.09,107
2023-06-12 16:27:00,1696,77.1011,77.12,77.08,77.12,77.075,37
2023-06-12 16:28:00,540,77.073,77.075,77.07,77.075,77.07,20
2023-06-12 16:29:00,1064,77.0641,77.06,77.06,77.06,77.06,26
2023-06-12 16:30:00,14788,77.0694,77.07,77.08,77.09,77.06,136
2023-06-12 16:31:00,5411,77.0871,77.09,77.08,77.1,77.08,103
2023-06-12 16:32:00,1473,77.0922,77.09,77.095,77.1,77.085,31
2023-06-12 16:33:00,3237,77.1033,77.085,77.13,77.13,77.085,55
2023-06-12 16:34:00,2307,77.138,77.13,77.13,77.15,77.13,47
2023-06-12 16:35:00,4513,77.1285,77.125,77.15,77.15,77.125,45
2023-06-12 16:36:00,2160,77.1607,77.149,77.18,77.18,77.14,65
2023-06-12 16:37:00,2106,77.188,77.189,77.195,77.195,77.18,46
2023-06-12 16:38:00,1528,77.1954,77.195,77.209,77.209,77.195,35
2023-06-12 16:39:00,3757,77.1779,77.2,77.16,77.2,77.16,77
2023-06-12 16:40:00,1145,77.1575,77.15,77.16,77.16,77.15,47
2023-06-12 16:41:00,2510,77.1436,77.15,77.15,77.15,77.13,65
2023-06-12 16:42:00,1883,77.1483,77.14,77.16,77.16,77.14,35
2023-06-12 16:43:00,2074,77.1791,77.17,77.19,77.19,77.17,43
2023-06-12 16:44:00,1199,77.1781,77.18,77.175,77.18,77.17,35
2023-06-12 16:45:00,2965,77.1765,77.18,77.17,77.19,77.16,54
2023-06-12 16:46:00,4237,77.1685,77.17,77.16,77.18,77.16,94
2023-06-12 16:47:00,711,77.1792,77.17,77.21,77.21,77.17,25
2023-06-12 16:48:00,915,77.2049,77.205,77.21,77.21,77.2,16
2023-06-12 16:49:00,1655,77.1907,77.19,77.19,77.195,77.19,50
2023-06-12 16:50:00,2854,77.1678,77.185,77.17,77.185,77.16,60
2023-06-12 16:51:00,1662,77.1953,77.18,77.2,77.21,77.18,41
2023-06-12 16:52:00,960,77.217,77.22,77.22,77.22,77.22,39
2023-06-12 16:53:00,1273,77.2015,77.21,77.195,77.21,77.195,26
2023-06-12 16:54:00,548,77.203,77.2,77.2,77.2,77.2,22
2023-06-12 16:55:00,3919,77.2527,77.22,77.24,77.27,77.22,63
2023-06-12 16:56:00,1401,77.2137,77.23,77.2,77.23,77.2,37
2023-06-12 16:57:00,1694,77.2178,77.2,77.225,77.23,77.2,40
2023-06-12 16:58:00,1082,77.2256,77.22,77.22,77.23,77.22,33
2023-06-12 16:59:00,1392,77.2136,77.21,77.23,77.23,77.21,37
2023-06-12 17:00:00,710,77.2242,77.215,77.23,77.23,77.215,20
2023-06-12 17:01:00,1542,77.2649,77.25,77.28,77.28,77.25,36
2023-06-12 17:02:00,1472,77.257,77.27,77.24,77.27,77.24,47
2023-06-12 17:03:00,1734,77.2214,77.24,77.19,77.24,77.19,39
2023-06-12 17:04:00,1617,77.1938,77.19,77.19,77.2,77.19,45
2023-06-12 17:05:00,1078,77.1948,77.19,77.2,77.2,77.19,40
2023-06-12 17:06:00,8244,77.2077,77.2,77.18,77.24,77.18,117
2023-06-12 17:07:00,1148,77.1882,77.19,77.175,77.19,77.175,20
2023-06-12 17:08:00,1508,77.1568,77.17,77.15,77.17,77.15,47
2023-06-12 17:09:00,2487,77.1609,77.15,77.18,77.18,77.15,67
2023-06-12 17:10:00,834,77.1843,77.18,77.18,77.18,77.18,29
2023-06-12 17:11:00,582,77.1862,77.1881,77.1832,77.1881,77.1832,22
2023-06-12 17:12:00,1921,77.1729,77.19,77.16,77.19,77.16,50
2023-06-12 17:13:00,1247,77.1453,77.15,77.14,77.15,77.14,40
2023-06-12 17:14:00,826,77.1113,77.12,77.1,77.12,77.1,27
2023-06-12 17:15:00,1005,77.1132,77.1,77.12,77.12,77.1,31
2023-06-12 17:17:00,1157,77.1002,77.11,77.11,77.11,77.09,44
2023-06-12 17:18:00,1420,77.1178,77.11,77.12,77.12,77.11,40
2023-06-12 17:19:00,2347,77.1094,77.12,77.1,77.12,77.1,55
2023-06-12 17:20:00,1636,77.1349,77.14,77.13,77.145,77.13,41
2023-06-12 17:21:00,842,77.1259,77.13,77.13,77.13,77.13,36
2023-06-12 17:22:00,986,77.1407,77.145,77.15,77.15,77.12,37
2023-06-12 17:23:00,1142,77.1237,77.14,77.11,77.14,77.11,45
2023-06-12 17:24:00,8297,77.075,77.1,77.09,77.1,77.06,107
2023-06-12 17:25:00,897,77.1121,77.105,77.12,77.12,77.105,26
2023-06-12 17:26:00,534,77.1387,77.15,77.15,77.15,77.15,19
2023-06-12 17:27:00,1239,77.1321,77.14,77.13,77.14,77.13,33
2023-06-12 17:28:00,1656,77.1522,77.14,77.15,77.17,77.14,57
2023-06-12 17:29:00,3723,77.1339,77.14,77.14,77.14,77.13,86
2023-06-12 17:30:00,1318,77.1288,77.14,77.1,77.14,77.1,42
2023-06-12 17:31:00,2227,77.1,77.09,77.115,77.115,77.085,41
2023-06-12 17:32:00,2396,77.1069,77.12,77.09,77.12,77.09,55
2023-06-12 17:33:00,1696,77.0709,77.07,77.07,77.07,77.07,36
2023-06-12 17:34:00,2427,77.0957,77.07,77.12,77.12,77.07,51
2023-06-12 17:35:00,332,77.1101,77.11,77.11,77.11,77.11,15
2023-06-12 17:36:00,2881,77.1349,77.11,77.14,77.15,77.11,72
2023-06-12 17:37:00,2050,77.1738,77.15,77.175,77.18,77.15,65
2023-06-12 17:38:00,3748,77.1795,77.18,77.19,77.19,77.1709,53
2023-06-12 17:39:00,3966,77.1833,77.1812,77.19,77.19,77.18,55
2023-06-12 17:40:00,1026,77.1761,77.19,77.19,77.19,77.19,16
2023-06-12 17:41:00,1719,77.2039,77.2,77.21,77.21,77.2,47
2023-06-12 17:42:00,1533,77.2243,77.21,77.23,77.23,77.21,58
2023-06-12 17:43:00,1744,77.2428,77.24,77.24,77.25,77.24,42
2023-06-12 17:44:00,989,77.2418,77.235,77.25,77.25,77.235,27
2023-06-12 17:45:00,2854,77.2582,77.25,77.275,77.28,77.24,54
2023-06-12 17:46:00,1228,77.2988,77.28,77.32,77.32,77.28,42
2023-06-12 17:47:00,4367,77.3269,77.32,77.31,77.34,77.31,80
2023-06-12 17:48:00,5795,77.302,77.31,77.32,77.32,77.29,98
2023-06-12 17:49:00,1272,77.3444,77.33,77.36,77.36,77.33,49
2023-06-12 17:50:00,2714,77.3535,77.36,77.3758,77.3758,77.36,72
2023-06-12 17:51:00,2933,77.381,77.38,77.38,77.39,77.37,43
2023-06-12 17:52:00,1209,77.3898,77.38,77.395,77.395,77.38,33
2023-06-12 17:53:00,2040,77.3764,77.395,77.37,77.395,77.37,54
2023-06-12 17:54:00,1144,77.3725,77.375,77.37,77.38,77.37,32
2023-06-12 17:55:00,622,77.3768,77.37,77.38,77.38,77.37,18
2023-06-12 17:56:00,1538,77.3683,77.38,77.35,77.38,77.35,84
2023-06-12 17:57:00,1058,77.3418,77.345,77.33,77.35,77.33,34
2023-06-12 17:58:00,2297,77.3403,77.325,77.36,77.36,77.325,65
2023-06-12 17:59:00,2548,77.358,77.36,77.34,77.365,77.34,59
2023-06-12 18:00:00,1183,77.373,77.36,77.38,77.38,77.36,33
2023-06-12 18:01:00,565,77.4112,77.42,77.42,77.42,77.42,29
2023-06-12 18:02:00,1447,77.4379,77.4188,77.445,77.45,77.4188,45
2023-06-12 18:03:00,3125,77.4333,77.45,77.42,77.45,77.41,82
2023-06-12 18:04:00,1096,77.4139,77.42,77.43,77.43,77.42,31
2023-06-12 18:05:00,1221,77.4142,77.425,77.41,77.425,77.41,42
2023-06-12 18:06:00,677,77.4215,77.42,77.43,77.43,77.42,18
2023-06-12 18:07:00,804,77.4361,77.43,77.435,77.44,77.43,21
2023-06-12 18:08:00,1032,77.4414,77.44,77.445,77.445,77.44,27
2023-06-12 18:09:00,4021,77.4677,77.45,77.48,77.48,77.45,94
2023-06-12 18:10:00,1442,77.46,77.47,77.445,77.47,77.445,46
2023-06-12 18:11:00,2209,77.4319,77.4417,77.418,77.445,77.418,46
2023-06-12 18:12:00,314,77.4247,77.42,77.43,77.43,77.42,9
2023-06-12 18:13:00,1112,77.4036,77.4,77.4,77.4,77.4,37
2023-06-12 18:14:00,2947,77.4013,77.39,77.37,77.4,77.37,59
2023-06-12 18:15:00,3569,77.3822,77.37,77.38,77.39,77.37,74
2023-06-12 18:16:00,1718,77.4113,77.4,77.42,77.42,77.4,56
2023-06-12 18:17:00,2374,77.4414,77.42,77.44,77.45,77.42,66
2023-06-12 18:18:00,626,77.4247,77.425,77.42,77.425,77.42,22
2023-06-12 18:19:00,342,77.4191,77.42,77.42,77.42,77.42,17
2023-06-12 18:20:00,962,77.4021,77.43,77.4,77.43,77.39,35
2023-06-12 18:21:00,658,77.3919,77.39,77.4,77.4,77.39,12
2023-06-12 18:22:00,1890,77.3921,77.4,77.37,77.4,77.37,53
2023-06-12 18:23:00,442,77.3646,77.37,77.37,77.37,77.37,13
2023-06-12 18:24:00,2637,77.3811,77.37,77.4,77.4,77.37,68
2023-06-12 18:25:00,576,77.4002,77.4,77.4,77.4,77.4,23
2023-06-12 18:26:00,656,77.4048,77.4,77.4,77.4,77.4,34
2023-06-12 18:27:00,1778,77.3857,77.39,77.37,77.39,77.37,58
2023-06-12 18:28:00,3058,77.3613,77.37,77.355,77.38,77.35,62
2023-06-12 18:29:00,4093,77.3693,77.36,77.38,77.38,77.36,84
2023-06-12 18:30:00,967,77.3739,77.38,77.37,77.38,77.37,34
2023-06-12 18:31:00,1800,77.3742,77.38,77.38,77.38,77.36,44
2023-06-12 18:32:00,2243,77.404,77.38,77.44,77.44,77.38,71
2023-06-12 18:33:00,2818,77.4467,77.43,77.45,77.45,77.43,52
2023-06-12 18:34:00,2339,77.447,77.455,77.44,77.46,77.43,69
2023-06-12 18:35:00,2225,77.4427,77.44,77.445,77.46,77.43,50
2023-06-12 18:36:00,15538,77.4234,77.43,77.39,77.43,77.39,61
2023-06-12 18:37:00,1537,77.3982,77.39,77.4,77.405,77.39,29
2023-06-12 18:38:00,2035,77.3878,77.4,77.37,77.4,77.37,48
2023-06-12 18:39:00,1460,77.3714,77.36,77.375,77.375,77.36,54
2023-06-12 18:40:00,3857,77.3908,77.375,77.39,77.405,77.375,75
2023-06-12 18:41:00,1443,77.4081,77.4,77.42,77.42,77.4,34
2023-06-12 18:42:00,1994,77.4193,77.42,77.425,77.425,77.41,59
2023-06-12 18:43:00,1835,77.4051,77.42,77.395,77.42,77.39,44
2023-06-12 18:44:00,2445,77.4175,77.4,77.44,77.44,77.4,69
2023-06-12 18:45:00,2106,77.4043,77.42,77.41,77.42,77.3833,53
2023-06-12 18:46:00,1860,77.4033,77.41,77.41,77.41,77.395,43
2023-06-12 18:47:00,1781,77.4153,77.41,77.42,77.42,77.41,33
2023-06-12 18:48:00,1137,77.421,77.42,77.42,77.425,77.42,35
2023-06-12 18:49:00,1852,77.447,77.43,77.46,77.46,77.43,59
2023-06-12 18:50:00,1918,77.4356,77.46,77.43,77.46,77.42,76
2023-06-12 18:51:00,1670,77.4456,77.43,77.46,77.46,77.43,50
2023-06-12 18:52:00,1933,77.4682,77.47,77.46,77.48,77.46,59
2023-06-12 18:53:00,1184,77.4417,77.45,77.44,77.45,77.44,61
2023-06-12 18:54:00,1586,77.4498,77.445,77.455,77.455,77.445,40
2023-06-12 18:55:00,1550,77.4553,77.455,77.445,77.46,77.445,56
2023-06-12 18:56:00,639,77.447,77.44,77.45,77.45,77.44,29
2023-06-12 18:57:00,2740,77.4629,77.46,77.475,77.48,77.45,65
2023-06-12 18:58:00,9017,77.4953,77.48,77.51,77.52,77.48,108
2023-06-12 18:59:00,1897,77.5217,77.51,77.53,77.53,77.51,67
2023-06-12 19:00:00,4959,77.5846,77.54,77.595,77.6,77.54,94
2023-06-12 19:01:00,2941,77.5913,77.595,77.62,77.63,77.58,63
2023-06-12 19:02:00,1676,77.6745,77.65,77.7,77.7,77.65,44
2023-06-12 19:03:00,3097,77.6712,77.69,77.65,77.69,77.65,84
2023-06-12 19:04:00,2631,77.6636,77.66,77.65,77.68,77.65,80
2023-06-12 19:05:00,1849,77.6302,77.65,77.6,77.65,77.595,47
2023-06-12 19:06:00,4411,77.6034,77.59,77.6,77.62,77.58,110
2023-06-12 19:07:00,1987,77.5997,77.6,77.6,77.6099,77.585,53
2023-06-12 19:08:00,4765,77.6283,77.61,77.63,77.64,77.61,102
2023-06-12 19:09:00,2450,77.6497,77.64,77.635,77.67,77.63,79
2023-06-12 19:10:00,3752,77.6499,77.63,77.67,77.675,77.63,74
2023-06-12 19:11:00,2466,77.6661,77.675,77.675,77.675,77.66,78
2023-06-12 19:12:00,10228,77.6947,77.675,77.7,77.71,77.675,145
2023-06-12 19:13:00,4130,77.7411,77.71,77.79,77.79,77.71,84
2023-06-12 19:14:00,6785,77.8015,77.79,77.79,77.83,77.78,144
2023-06-12 19:15:00,3387,77.8268,77.81,77.85,77.86,77.81,87
2023-06-12 19:16:00,2661,77.8317,77.84,77.81,77.85,77.81,74
2023-06-12 19:17:00,5612,77.8464,77.83,77.845,77.855,77.83,108
2023-06-12 19:18:00,2919,77.8336,77.845,77.82,77.845,77.82,65
2023-06-12 19:19:00,9223,77.7874,77.81,77.78,77.81,77.78,75
2023-06-12 19:20:00,908,77.7526,77.76,77.74,77.76,77.74,31
2023-06-12 19:21:00,3356,77.7001,77.73,77.68,77.73,77.67,96
2023-06-12 19:22:00,5063,77.6897,77.68,77.69,77.7,77.67,122
2023-06-12 19:23:00,2857,77.7017,77.68,77.7,77.7,77.68,61
2023-06-12 19:24:00,3549,77.6989,77.71,77.68,77.71,77.68,104
2023-06-12 19:25:00,3433,77.7185,77.69,77.7225,77.7225,77.69,101
2023-06-12 19:26:00,11736,77.7334,77.74,77.72,77.74,77.715,70
2023-06-12 19:27:00,3233,77.7116,77.72,77.7,77.72,77.7,81
2023-06-12 19:28:00,4388,77.7109,77.7,77.71,77.725,77.7,54
2023-06-12 19:29:00,3840,77.7107,77.6989,77.715,77.72,77.69,87
2023-06-12 19:30:00,3495,77.7519,77.73,77.76,77.76,77.73,97
2023-06-12 19:31:00,3670,77.7415,77.75,77.755,77.755,77.73,76
2023-06-12 19:32:00,4882,77.7391,77.75,77.73,77.755,77.725,115
2023-06-12 19:33:00,4205,77.765,77.74,77.76,77.79,77.74,125
2023-06-12 19:34:00,2563,77.7547,77.76,77.76,77.76,77.74,72
2023-06-12 19:35:00,3589,77.7739,77.76,77.78,77.78,77.76,96
2023-06-12 19:36:00,2847,77.7794,77.78,77.78,77.78,77.78,87
2023-06-12 19:37:00,4327,77.7616,77.78,77.76,77.78,77.75,84
2023-06-12 19:38:00,5606,77.7665,77.75,77.82,77.82,77.75,166
2023-06-12 19:39:00,5486,77.8044,77.81,77.83,77.83,77.795,143
2023-06-12 19:40:00,4595,77.8496,77.82,77.87,77.89,77.82,122
2023-06-12 19:41:00,9233,77.8979,77.88,77.9,77.93,77.88,186
2023-06-12 19:42:00,3198,77.9196,77.9,77.935,77.94,77.9,88
2023-06-12 19:43:00,7062,77.9439,77.935,77.93,77.97,77.93,213
2023-06-12 19:44:00,4959,77.9171,77.925,77.93,77.93,77.9,134
2023-06-12 19:45:00,8242,77.9288,77.92,77.91,77.955,77.9,177
2023-06-12 19:46:00,4893,77.8722,77.89,77.87,77.89,77.86,101
2023-06-12 19:47:00,4383,77.8553,77.865,77.85,77.865,77.835,99
2023-06-12 19:48:00,9772,77.8468,77.845,77.82,77.87,77.805,175
2023-06-12 19:49:00,9051,77.8254,77.82,77.845,77.845,77.81,172
2023-06-12 19:50:00,9041,77.8795,77.86,77.86,77.9,77.86,191
2023-06-12 19:51:00,13259,77.8449,77.855,77.83,77.855,77.83,254
2023-06-12 19:52:00,10693,77.8293,77.825,77.81,77.86,77.8,192
2023-06-12 19:53:00,16098,77.8101,77.795,77.84,77.855,77.78,303
2023-06-12 19:54:00,26972,77.8389,77.85,77.815,77.88,77.79,414
2023-06-12 19:55:00,32771,77.7601,77.81,77.725,77.81,77.72,357
2023-06-12 19:56:00,22551,77.7066,77.725,77.695,77.73,77.68,324
2023-06-12 19:57:00,35290,77.726,77.695,77.75,77.76,77.695,581
2023-06-12 19:58:00,24980,77.7513,77.74,77.755,77.76,77.74,403
2023-06-12 19:59:00,87745,77.7843,77.755,77.79,77.83,77.74,1131
2023-06-12 20:00:00,15305,77.76,77.76,77.76,77.76,77.76,31
2023-06-13 13:03:00,100,78.14,78.14,78.14,78.14,78.14,1
2023-06-13 13:04:00,300,78.1333,78.13,78.14,78.14,78.13,2
2023-06-13 13:08:00,160,78.42,78.42,78.42,78.42,78.42,1
2023-06-13 13:17:00,215,78.14,78.14,78.14,78.14,78.14,2
2023-06-13 13:22:00,485,78.14,78.14,78.14,78.14,78.14,2
2023-06-13 13:27:00,326,78.3961,78.4,78.4,78.4,78.4,7
2023-06-13 13:29:00,900,78.3233,78.32,78.33,78.33,78.32,3
2023-06-13 13:30:00,32185,78.3493,78.37,78.14,78.37,78.14,62
2023-06-13 13:31:00,5583,78.1078,78.02,78.14,78.23,78.02,75
2023-06-13 13:32:00,4372,78.2189,78.24,78.28,78.3,78.1,95
2023-06-13 13:33:00,13280,78.2309,78.31,78.41,78.41,78.16,109
2023-06-13 13:34:00,12528,78.4719,78.4,78.5,78.5,78.37,100
2023-06-13 13:35:00,4064,78.602,78.5002,78.57,78.64,78.5002,82
2023-06-13 13:36:00,3650,78.5857,78.53,78.61,78.62,78.53,72
2023-06-13 13:37:00,2722,78.48,78.4975,78.45,78.53,78.45,60
2023-06-13 13:38:00,3652,78.4838,78.5,78.505,78.505,78.46,55
2023-06-13 13:39:00,3985,78.6148,78.56,78.72,78.72,78.54,85
2023-06-13 13:40:00,4393,78.658,78.71,78.61,78.71,78.6,106
2023-06-13 13:41:00,7687,78.5674,78.61,78.49,78.61,78.48,72
2023-06-13 13:42:00,1581,78.6504,78.56,78.695,78.695,78.56,48
2023-06-13 13:43:00,1595,78.7794,78.79,78.79,78.79,78.77,37
2023-06-13 13:44:00,1129,78.8546,78.81,78.9,78.9,78.81,34
2023-06-13 13:45:00,9943,78.9674,78.9,78.93,79.0,78.9,93
2023-06-13 13:46:00,2131,78.9259,78.965,78.96,79.0,78.89,66
2023-06-13 13:47:00,1424,78.9803,79.025,78.97,79.025,78.97,56
2023-06-13 13:48:00,971,78.8237,78.845,78.79,78.845,78.79,46
2023-06-13 13:49:00,2034,78.8252,78.7633,78.85,78.85,78.7633,57
2023-06-13 13:50:00,1007,78.885,78.91,78.87,78.93,78.86,43
2023-06-13 13:51:00,3567,78.8475,78.83,78.85,78.885,78.83,111
2023-06-13 13:52:00,3636,78.8378,78.86,78.805,78.89,78.77,114
2023-06-13 13:53:00,1086,78.6735,78.65,78.65,78.65,78.65,41
2023-06-13 13:54:00,1634,78.6958,78.7,78.69,78.72,78.69,50
2023-06-13 13:55:00,3290,78.6623,78.6509,78.78,78.78,78.63,83
2023-06-13 13:56:00,1103,78.7664,78.775,78.75,78.795,78.75,48
2023-06-13 13:57:00,24993,78.565,78.71,78.5625,78.72,78.5,95
2023-06-13 13:58:00,2064,78.5918,78.6,78.55,78.62,78.53,50
2023-06-13 13:59:00,687,78.6365,78.635,78.64,78.67,78.635,33
2023-06-13 14:00:00,3356,78.6068,78.68,78.56,78.69,78.52,91
2023-06-13 14:01:00,3099,78.5548,78.59,78.585,78.59,78.49,95
2023-06-13 14:02:00,904,78.5452,78.53,78.53,78.53,78.53,47
2023-06-13 14:03:00,1882,78.5956,78.56,78.62,78.62,78.56,77
2023-06-13 14:04:00,1571,78.6467,78.61,78.675,78.675,78.61,52
2023-06-13 14:05:00,3137,78.7486,78.72,78.77,78.8,78.71,109
2023-06-13 14:06:00,2255,78.7667,78.78,78.775,78.79,78.75,85
2023-06-13 14:07:00,2565,78.7424,78.745,78.79,78.79,78.7,65
2023-06-13 14:08:00,1514,78.7534,78.75,78.745,78.75,78.745,59
2023-06-13 14:09:00,1461,78.8103,78.78,78.86,78.86,78.78,64
2023-06-13 14:10:00,927,78.853,78.84,78.86,78.86,78.835,43
2023-06-13 14:11:00,3529,78.8882,78.885,78.885,78.91,78.88,100
2023-06-13 14:12:00,5925,78.9515,78.89,79.0,79.0,78.89,118
2023-06-13 14:13:00,4359,78.94,78.9825,78.98,78.99,78.87,97
2023-06-13 14:14:00,5424,78.9929,78.945,79.015,79.05,78.945,125
2023-06-13 14:15:00,10160,79.0512,79.04,79.06,79.115,79.03,158
2023-06-13 14:16:00,16592,78.9562,79.03,78.96,79.045,78.92,156
2023-06-13 14:17:00,2367,78.9312,78.91,79.01,79.01,78.89,64
2023-06-13 14:18:00,4119,78.9857,79.01,78.97,79.01,78.97,37
2023-06-13 14:19:00,6052,78.9888,78.975,78.975,79.01,78.95,135
2023-06-13 14:20:00,2616,78.974,78.96,78.96,79.02,78.95,60
2023-06-13 14:21:00,4930,79.0609,79.02,79.09,79.09,78.98,116
2023-06-13 14:22:00,7208,79.101,79.08,79.115,79.15,79.08,215
2023-06-13 14:23:00,13099,79.1553,79.115,79.2001,79.21,79.11,155
2023-06-13 14:24:00,3674,79.232,79.215,79.28,79.32,79.2,91
2023-06-13 14:25:00,3566,79.2756,79.28,79.31,79.33,79.235,87
2023-06-13 14:26:00,1942,79.2681,79.3,79.235,79.31,79.235,58
2023-06-13 14:27:00,3320,79.2778,79.26,79.29,79.33,79.26,103
2023-06-13 14:28:00,2762,79.3545,79.29,79.38,79.39,79.29,50
2023-06-13 14:29:00,2202,79.3991,79.385,79.42,79.42,79.385,46
2023-06-13 14:30:00,3151,79.4085,79.44,79.37,79.45,79.37,107
2023-06-13 14:31:00,3043,79.3214,79.37,79.34,79.37,79.27,90
2023-06-13 14:32:00,6848,79.3217,79.27,79.3,79.38,79.26,165
2023-06-13 14:33:00,1380,79.2955,79.32,79.3,79.32,79.28,49
2023-06-13 14:34:00,2674,79.3415,79.3,79.39,79.39,79.3,65
2023-06-13 14:35:00,2138,79.4258,79.405,79.445,79.455,79.38,75
2023-06-13 14:36:00,3293,79.4263,79.44,79.44,79.45,79.405,97
2023-06-13 14:37:00,1885,79.4573,79.45,79.47,79.49,79.45,73
2023-06-13 14:38:00,3319,79.4746,79.47,79.47,79.49,79.465,123
2023-06-13 14:39:00,2076,79.4619,79.455,79.48,79.48,79.455,82
2023-06-13 14:40:00,3633,79.4824,79.475,79.47,79.515,79.46,95
2023-06-13 14:41:00,2162,79.465,79.49,79.48,79.49,79.425,81
2023-06-13 14:42:00,2217,79.4803,79.47,79.49,79.49,79.47,72
2023-06-13 14:43:00,2119,79.4834,79.47,79.52,79.52,79.45,76
2023-06-13 14:44:00,2529,79.466,79.51,79.44,79.51,79.42,78
2023-06-13 14:45:00,2261,79.4729,79.45,79.48,79.5,79.45,59
2023-06-13 14:46:00,33526,79.4972,79.49,79.51,79.52,79.46,228
2023-06-13 14:47:00,8200,79.4673,79.495,79.4,79.5,79.4,145
2023-06-13 14:48:00,9294,79.3953,79.39,79.43,79.44,79.36,208
2023-06-13 14:49:00,2593,79.417,79.43,79.43,79.45,79.4,65
2023-06-13 14:50:00,4815,79.388,79.43,79.355,79.44,79.35,104
2023-06-13 14:51:00,2869,79.3911,79.355,79.38,79.43,79.35,75
2023-06-13 14:52:00,2449,79.3909,79.38,79.37,79.41,79.37,64
2023-06-13 14:53:00,6142,79.3593,79.36,79.37,79.37,79.35,131
2023-06-13 14:54:00,6768,79.3288,79.33,79.335,79.34,79.3,140
2023-06-13 14:55:00,2907,79.3513,79.335,79.355,79.37,79.335,85
2023-06-13 14:56:00,4478,79.3823,79.37,79.41,79.41,79.36,75
2023-06-13 14:57:00,2434,79.3877,79.4,79.39,79.41,79.37,50
2023-06-13 14:58:00,5038,79.3979,79.43,79.36,79.43,79.36,111
2023-06-13 14:59:00,3171,79.3221,79.355,79.31,79.355,79.29,89
2023-06-13 15:00:00,4783,79.3183,79.32,79.29,79.33,79.29,105
2023-06-13 15:01:00,2917,79.303,79.295,79.31,79.32,79.29,44
2023-06-13 15:02:00,3214,79.3112,79.32,79.32,79.33,79.3,56
2023-06-13 15:03:00,3814,79.3495,79.335,79.37,79.37,79.335,78
2023-06-13 15:04:00,2963,79.3389,79.37,79.31,79.37,79.305,69
2023-06-13 15:05:00,3611,79.2786,79.305,79.2346,79.31,79.23,85
2023-06-13 15:06:00,3681,79.2507,79.2495,79.19,79.25,79.19,73
2023-06-13 15:07:00,3002,79.2419,79.18,79.28,79.3,79.18,100
2023-06-13 15:08:00,2829,79.2829,79.285,79.2896,79.295,79.27,53
2023-06-13 15:09:00,4377,79.2833,79.27,79.31,79.31,79.27,88
2023-06-13 15:10:00,5140,79.3087,79.29,79.32,79.32,79.29,121
2023-06-13 15:11:00,2853,79.3611,79.33,79.4,79.4,79.33,77
2023-06-13 15:12:00,2640,79.3899,79.39,79.375,79.41,79.375,80
2023-06-13 15:13:00,4329,79.3939,79.37,79.41,79.41,79.35,97
2023-06-13 15:14:00,4208,79.4261,79.41,79.43,79.45,79.41,94
2023-06-13 15:15:00,3783,79.4838,79.44,79.52,79.52,79.44,97
2023-06-13 15:16:00,9431,79.4956,79.53,79.48,79.555,79.46,211
2023-06-13 15:17:00,2646,79.4649,79.47,79.465,79.48,79.46,54
2023-06-13 15:18:00,5625,79.4497,79.46,79.43,79.46,79.41,115
2023-06-13 15:19:00,4439,79.3746,79.42,79.355,79.42,79.34,114
2023-06-13 15:20:00,3707,79.3298,79.37,79.33,79.37,79.3,73
2023-06-13 15:21:00,4638,79.3566,79.32,79.385,79.385,79.32,90
2023-06-13 15:22:00,2759,79.4114,79.385,79.435,79.445,79.38,88
2023-06-13 15:23:00,3041,79.4961,79.46,79.505,79.52,79.46,71
2023-06-13 15:24:00,8694,79.442,79.49,79.43,79.49,79.42,83
2023-06-13 15:25:00,4695,79.4542,79.44,79.48,79.48,79.44,90
2023-06-13 15:26:00,8072,79.4779,79.475,79.45,79.51,79.45,94
2023-06-13 15:27:00,8197,79.4644,79.46,79.4,79.5,79.39,168
2023-06-13 15:28:00,3895,79.3752,79.4,79.37,79.4,79.36,71
2023-06-13 15:29:00,1982,79.3896,79.395,79.41,79.41,79.36,50
2023-06-13 15:30:00,3782,79.4528,79.43,79.45,79.48,79.43,124
2023-06-13 15:31:00,2270,79.4354,79.45,79.45,79.46,79.425,68
2023-06-13 15:32:00,2983,79.4113,79.42,79.39,79.45,79.39,97
2023-06-13 15:33:00,2210,79.4023,79.395,79.385,79.4269,79.385,59
2023-06-13 15:34:00,2451,79.3741,79.37,79.385,79.385,79.35,67
2023-06-13 15:35:00,3640,79.3527,79.395,79.335,79.395,79.32,90
2023-06-13 15:36:00,2633,79.334,79.35,79.32,79.38,79.31,70
2023-06-13 15:37:00,2163,79.3481,79.335,79.34,79.39,79.33,57
2023-06-13 15:38:00,4458,79.3249,79.35,79.3,79.35,79.29,74
2023-06-13 15:39:00,4548,79.2827,79.285,79.3,79.3,79.27,107
2023-06-13 15:40:00,2666,79.3216,79.31,79.325,79.33,79.31,71
2023-06-13 15:41:00,1872,79.3555,79.35,79.39,79.39,79.34,46
2023-06-13 15:42:00,2431,79.3954,79.3886,79.44,79.44,79.38,57
2023-06-13 15:43:00,4653,79.4333,79.445,79.43,79.46,79.415,111
2023-06-13 15:44:00,1936,79.403,79.42,79.41,79.42,79.395,33
2023-06-13 15:45:00,5684,79.4012,79.4,79.36,79.425,79.36,126
2023-06-13 15:46:00,5180,79.3481,79.375,79.35,79.375,79.33,54
2023-06-13 15:47:00,2109,79.35,79.345,79.35,79.37,79.32,64
2023-06-13 15:48:00,3164,79.3448,79.35,79.365,79.365,79.33,58
2023-06-13 15:49:00,847,79.4024,79.39,79.4,79.41,79.39,37
2023-06-13 15:50:00,52049,79.43,79.41,79.44,79.44,79.41,71
2023-06-13 15:51:00,2259,79.4547,79.45,79.46,79.46,79.45,91
2023-06-13 15:52:00,3184,79.485,79.46,79.495,79.5,79.46,75
2023-06-13 15:53:00,716,79.5102,79.51,79.52,79.52,79.51,28
2023-06-13 15:54:00,3903,79.5179,79.53,79.49,79.535,79.49,107
2023-06-13 15:55:00,2337,79.5076,79.49,79.525,79.53,79.49,68
2023-06-13 15:56:00,1598,79.5194,79.525,79.51,79.525,79.51,41
2023-06-13 15:57:00,2760,79.4819,79.51,79.45,79.51,79.45,74
2023-06-13 15:58:00,2269,79.4305,79.45,79.43,79.45,79.41,62
2023-06-13 15:59:00,1883,79.4095,79.425,79.41,79.425,79.39,64
2023-06-13 16:00:00,2217,79.3652,79.41,79.325,79.41,79.325,65
2023-06-13 16:01:00,3128,79.3707,79.37,79.36,79.38,79.36,98
2023-06-13 16:02:00,1768,79.3701,79.37,79.36,79.38,79.36,46
2023-06-13 16:03:00,2392,79.3602,79.35,79.32,79.35,79.32,68
2023-06-13 16:04:00,2523,79.2926,79.3,79.295,79.3,79.28,41
2023-06-13 16:05:00,3088,79.3012,79.295,79.3053,79.31,79.29,68
2023-06-13 16:06:00,3495,79.3195,79.34,79.34,79.34,79.3,72
2023-06-13 16:07:00,2912,79.3684,79.355,79.41,79.41,79.355,58
2023-06-13 16:08:00,2192,79.393,79.4,79.37,79.4,79.37,70
2023-06-13 16:09:00,1275,79.3423,79.35,79.34,79.35,79.33,33
2023-06-13 16:10:00,2489,79.3592,79.34,79.37,79.37,79.335,64
2023-06-13 16:11:00,2313,79.3875,79.39,79.375,79.4,79.375,66
2023-06-13 16:12:00,2817,79.3704,79.37,79.36,79.38,79.36,70
2023-06-13 16:13:00,1593,79.3532,79.345,79.36,79.365,79.345,29
2023-06-13 16:14:00,2145,79.3426,79.34,79.35,79.35,79.33,52
2023-06-13 16:15:00,7038,79.4177,79.33,79.475,79.475,79.33,177
2023-06-13 16:16:00,3813,79.5029,79.48,79.52,79.525,79.48,110
2023-06-13 16:17:00,2881,79.5205,79.52,79.54,79.54,79.51,86
2023-06-13 16:18:00,1081,79.5654,79.59,79.555,79.59,79.555,39
2023-06-13 16:19:00,5390,79.5709,79.57,79.56,79.59,79.56,84
2023-06-13 16:20:00,2897,79.5996,79.58,79.595,79.61,79.58,78
2023-06-13 16:21:00,708,79.6096,79.62,79.62,79.62,79.62,31
2023-06-13 16:22:00,4647,79.63,79.61,79.66,79.66,79.6,114
2023-06-13 16:23:00,2193,79.6576,79.69,79.69,79.71,79.69,65
2023-06-13 16:24:00,2393,79.7392,79.72,79.77,79.77,79.72,67
2023-06-13 16:25:00,4651,79.7726,79.77,79.77,79.78,79.765,107
2023-06-13 16:26:00,4297,79.7389,79.765,79.76,79.78,79.72,128
2023-06-13 16:27:00,2089,79.7276,79.74,79.72,79.74,79.71,75
2023-06-13 16:28:00,825,79.7472,79.75,79.745,79.75,79.74,22
2023-06-13 16:29:00,1974,79.7398,79.74,79.72,79.75,79.72,60
2023-06-13 16:30:00,5375,79.7192,79.735,79.75,79.75,79.69,150
2023-06-13 16:31:00,1501,79.7405,79.75,79.73,79.75,79.73,60
2023-06-13 16:32:00,4802,79.7186,79.72,79.72,79.73,79.7,125
2023-06-13 16:33:00,901,79.7388,79.75,79.735,79.75,79.735,23
2023-06-13 16:34:00,2508,79.7498,79.74,79.78,79.78,79.74,64
2023-06-13 16:35:00,3174,79.7897,79.79,79.785,79.8,79.78,75
2023-06-13 16:36:00,6789,79.804,79.79,79.79,79.82,79.79,192
2023-06-13 16:37:00,3796,79.7922,79.8,79.79,79.8,79.78,82
2023-06-13 16:38:00,1814,79.7939,79.78,79.8,79.8,79.78,50
2023-06-13 16:39:00,2833,79.7718,79.8,79.73,79.8,79.73,105
2023-06-13 16:40:00,2979,79.7552,79.74,79.75,79.77,79.74,59
2023-06-13 16:41:00,4763,79.7169,79.74,79.7,79.74,79.69,108
2023-06-13 16:42:00,3168,79.7003,79.69,79.7,79.71,79.68,88
2023-06-13 16:43:00,4051,79.7424,79.71,79.755,79.76,79.71,103
2023-06-13 16:44:00,1925,79.7588,79.75,79.76,79.76,79.75,46
2023-06-13 16:45:00,3192,79.7456,79.76,79.74,79.76,79.73,86
2023-06-13 16:46:00,7483,79.7365,79.73,79.77,79.77,79.715,149
2023-06-13 16:47:00,9101,79.7953,79.7698,79.815,79.82,79.7698,198
2023-06-13 16:48:00,1792,79.8352,79.81,79.85,79.85,79.81,57
2023-06-13 16:49:00,7967,79.8291,79.85,79.77,79.85,79.77,180
2023-06-13 16:50:00,2754,79.7677,79.765,79.775,79.78,79.75,77
2023-06-13 16:51:00,2665,79.7615,79.77,79.75,79.77,79.75,75
2023-06-13 16:52:00,1851,79.7797,79.78,79.79,79.79,79.78,55
2023-06-13 16:53:00,2143,79.7412,79.78,79.72,79.78,79.71,66
2023-06-13 16:54:00,2074,79.7424,79.74,79.73,79.74,79.73,41
2023-06-13 16:55:00,2345,79.7401,79.74,79.75,79.75,79.73,74
2023-06-13 16:56:00,1020,79.7334,79.73,79.74,79.74,79.73,43
2023-06-13 16:57:00,1616,79.7359,79.72,79.74,79.74,79.72,70
2023-06-13 16:58:00,878,79.7681,79.765,79.77,79.77,79.765,34
2023-06-13 16:59:00,2118,79.7461,79.77,79.74,79.77,79.73,68
2023-06-13 17:00:00,2693,79.723,79.72,79.71,79.73,79.71,82
2023-06-13 17:01:00,44936,79.6653,79.69,79.665,79.69,79.65,76
2023-06-13 17:02:00,3077,79.7024,79.665,79.73,79.73,79.665,79
2023-06-13 17:03:00,1700,79.7066,79.72,79.705,79.725,79.69,50
2023-06-13 17:04:00,4060,79.71,79.725,79.72,79.725,79.69,72
2023-06-13 17:05:00,21560,79.7484,79.74,79.74,79.755,79.73,115
2023-06-13 17:06:00,1959,79.7318,79.72,79.7363,79.74,79.72,75
2023-06-13 17:07:00,4536,79.7458,79.72,79.75,79.75,79.72,46
2023-06-13 17:08:00,2051,79.7058,79.73,79.685,79.73,79.685,85
2023-06-13 17:09:00,2640,79.6623,79.69,79.66,79.69,79.64,66
2023-06-13 17:10:00,2076,79.6403,79.655,79.61,79.655,79.61,51
2023-06-13 17:11:00,5197,79.6482,79.61,79.665,79.68,79.6,115
2023-06-13 17:12:00,2761,79.6584,79.66,79.68,79.685,79.65,56
2023-06-13 17:13:00,784,79.6604,79.67,79.67,79.67,79.67,44
2023-06-13 17:14:00,2095,79.6463,79.61,79.6,79.63,79.6,56
2023-06-13 17:15:00,1662,79.5696,79.59,79.55,79.59,79.55,60
2023-06-13 17:16:00,3297,79.5287,79.52,79.515,79.54,79.5,79
2023-06-13 17:17:00,2245,79.5383,79.52,79.55,79.55,79.52,57
2023-06-13 17:18:00,7358,79.5454,79.55,79.505,79.55,79.505,60
2023-06-13 17:19:00,4045,79.515,79.51,79.53,79.53,79.5,108
2023-06-13 17:20:00,1110,79.5457,79.533,79.53,79.533,79.53,48
2023-06-13 17:21:00,3346,79.5646,79.575,79.56,79.575,79.55,67
2023-06-13 17:22:00,1444,79.579,79.57,79.58,79.58,79.57,50
2023-06-13 17:23:00,2627,79.616,79.59,79.6,79.64,79.59,75
2023-06-13 17:24:00,1138,79.5892,79.6,79.6,79.6,79.6,35
2023-06-13 17:25:00,3354,79.5694,79.6,79.54,79.6,79.535,84
2023-06-13 17:26:00,2310,79.5503,79.52,79.57,79.57,79.52,66
2023-06-13 17:27:00,629,79.5899,79.585,79.59,79.595,79.585,18
2023-06-13 17:28:00,3273,79.6003,79.6,79.58,79.615,79.58,100
2023-06-13 17:29:00,1009,79.5724,79.57,79.58,79.58,79.57,29
2023-06-13 17:30:00,1941,79.5676,79.56,79.585,79.59,79.56,50
2023-06-13 17:31:00,2112,79.5703,79.57,79.56,79.58,79.56,48
2023-06-13 17:32:00,2474,79.5635,79.56,79.56,79.57,79.56,55
2023-06-13 17:33:00,2122,79.5428,79.56,79.53,79.56,79.53,68
2023-06-13 17:34:00,1623,79.547,79.53,79.53,79.53,79.53,26
2023-06-13 17:35:00,4036,79.5375,79.53,79.53,79.55,79.53,98
2023-06-13 17:36:00,3131,79.5199,79.52,79.52,79.53,79.51,89
2023-06-13 17:37:00,2834,79.5343,79.52,79.54,79.54,79.52,65
2023-06-13 17:38:00,3600,79.5253,79.54,79.52,79.54,79.511,58
2023-06-13 17:39:00,3344,79.5092,79.51,79.51,79.51,79.505,77
2023-06-13 17:40:00,5821,79.5338,79.51,79.55,79.55,79.51,122
2023-06-13 17:41:00,850,79.547,79.55,79.55,79.55,79.545,37
2023-06-13 17:42:00,3001,79.5704,79.55,79.58,79.6,79.54,71
2023-06-13 17:43:00,896,79.5772,79.57,79.59,79.59,79.57,29
2023-06-13 17:44:00,3310,79.6085,79.6,79.6132,79.635,79.6,84
2023-06-13 17:45:00,1223,79.6211,79.625,79.605,79.625,79.605,42
2023-06-13 17:46:00,1717,79.6143,79.615,79.62,79.62,79.61,56
2023-06-13 17:47:00,2229,79.6111,79.62,79.61,79.62,79.6,78
2023-06-13 17:48:00,1973,79.604,79.6,79.59,79.61,79.59,51
2023-06-13 17:49:00,3260,79.6136,79.62,79.62,79.62,79.605,96
2023-06-13 17:50:00,1995,79.5948,79.59,79.59,79.59,79.585,73
2023-06-13 17:51:00,2839,79.6014,79.625,79.585,79.625,79.58,73
2023-06-13 17:52:00,1950,79.6022,79.59,79.61,79.61,79.59,60
2023-06-13 17:53:00,986,79.604,79.6,79.6,79.6,79.6,45
2023-06-13 17:54:00,1673,79.6013,79.6,79.6,79.6,79.585,50
2023-06-13 17:55:00,2419,79.6055,79.61,79.6,79.61,79.6,98
2023-06-13 17:56:00,8901,79.6048,79.605,79.6,79.61,79.595,112
2023-06-13 17:57:00,3659,79.5695,79.6,79.555,79.6,79.5401,88
2023-06-13 17:58:00,1703,79.5671,79.55,79.6,79.6,79.54,57
2023-06-13 17:59:00,18133,79.6026,79.6,79.635,79.635,79.6,81
2023-06-13 18:00:00,3134,79.6187,79.63,79.635,79.635,79.61,76
2023-06-13 18:01:00,1944,79.6392,79.63,79.645,79.645,79.63,50
2023-06-13 18:02:00,2203,79.6588,79.64,79.69,79.69,79.64,93
2023-06-13 18:03:00,1665,79.69,79.68,79.7,79.7,79.68,45
2023-06-13 18:04:00,4112,79.6937,79.7,79.72,79.72,79.68,71
2023-06-13 18:05:00,2327,79.6914,79.7,79.675,79.705,79.67,81
2023-06-13 18:06:00,771,79.6588,79.6575,79.65,79.6575,79.65,47
2023-06-13 18:07:00,2154,79.6232,79.64,79.6,79.64,79.6,65
2023-06-13 18:08:00,480,79.6126,79.6,79.61,79.61,79.6,21
2023-06-13 18:09:00,1735,79.5986,79.61,79.58,79.61,79.58,60
2023-06-13 18:10:00,3040,79.5554,79.57,79.54,79.57,79.51,85
2023-06-13 18:11:00,1256,79.5272,79.53,79.52,79.54,79.51,45
2023-06-13 18:12:00,3032,79.5074,79.51,79.49,79.52,79.48,119
2023-06-13 18:13:00,689,79.5001,79.495,79.5,79.5,79.495,18
2023-06-13 18:14:00,2326,79.5046,79.51,79.5016,79.51,79.493,64
2023-06-13 18:15:00,3833,79.5163,79.52,79.49,79.53,79.49,104
2023-06-13 18:16:00,2454,79.4989,79.5097,79.49,79.51,79.49,69
2023-06-13 18:17:00,2053,79.461,79.48,79.44,79.48,79.44,60
2023-06-13 18:18:00,7411,79.4132,79.43,79.43,79.455,79.37,138
2023-06-13 18:19:00,3723,79.4641,79.44,79.49,79.49,79.44,80
2023-06-13 18:20:00,1593,79.4935,79.505,79.5,79.505,79.5,66
2023-06-13 18:21:00,3575,79.4736,79.49,79.46,79.49,79.46,68
2023-06-13 18:22:00,1712,79.4654,79.47,79.47,79.47,79.46,44
2023-06-13 18:23:00,1682,79.4772,79.465,79.485,79.485,79.465,43
2023-06-13 18:24:00,2780,79.4931,79.51,79.4875,79.51,79.48,88
2023-06-13 18:25:00,2083,79.486,79.49,79.47,79.495,79.47,59
2023-06-13 18:26:00,1190,79.4501,79.46,79.44,79.46,79.44,48
2023-06-13 18:27:00,2216,79.4267,79.44,79.42,79.44,79.41,76
2023-06-13 18:28:00,4669,79.4216,79.42,79.42,79.435,79.41,93
2023-06-13 18:29:00,3316,79.403,79.415,79.41,79.415,79.39,90
2023-06-13 18:30:00,2302,79.3861,79.415,79.36,79.415,79.36,80
2023-06-13 18:31:00,2338,79.3626,79.37,79.3401,79.37,79.3401,69
2023-06-13 18:32:00,1909,79.3681,79.345,79.36,79.36,79.34,51
2023-06-13 18:33:00,2216,79.3658,79.37,79.36,79.37,79.36,78
2023-06-13 18:34:00,4123,79.3337,79.33,79.34,79.35,79.315,109
2023-06-13 18:35:00,1412,79.3173,79.32,79.315,79.32,79.31,44
2023-06-13 18:36:00,3127,79.3047,79.315,79.27,79.325,79.27,69
2023-06-13 18:37:00,2890,79.2681,79.26,79.27,79.27,79.26,87
2023-06-13 18:38:00,9258,79.2719,79.27,79.27,79.295,79.26,148
2023-06-13 18:39:00,2865,79.3298,79.28,79.355,79.36,79.28,90
2023-06-13 18:40:00,1696,79.368,79.37,79.38,79.38,79.36,64
2023-06-13 18:41:00,1186,79.3779,79.39,79.36,79.39,79.36,42
2023-06-13 18:42:00,2132,79.3295,79.34,79.32,79.34,79.32,52
2023-06-13 18:43:00,3148,79.3139,79.305,79.29,79.33,79.29,99
2023-06-13 18:44:00,1238,79.3267,79.32,79.33,79.33,79.32,38
2023-06-13 18:45:00,2167,79.3009,79.31,79.305,79.3126,79.29,67
2023-06-13 18:46:00,2872,79.3183,79.31,79.32,79.32,79.31,63
2023-06-13 18:47:00,2118,79.3371,79.34,79.34,79.345,79.33,52
2023-06-13 18:48:00,2970,79.3517,79.335,79.36,79.36,79.335,98
2023-06-13 18:49:00,2863,79.3465,79.36,79.33,79.37,79.33,81
2023-06-13 18:50:00,1723,79.3439,79.33,79.345,79.35,79.33,50
2023-06-13 18:51:00,1518,79.3492,79.34,79.35,79.36,79.34,43
2023-06-13 18:52:00,3136,79.3596,79.35,79.38,79.38,79.34,94
2023-06-13 18:53:00,1348,79.3643,79.37,79.36,79.37,79.36,39
2023-06-13 18:54:00,1158,79.3898,79.37,79.41,79.41,79.37,46
2023-06-13 18:55:00,3014,79.4058,79.41,79.3901,79.42,79.39,85
2023-06-13 18:56:00,4882,79.3984,79.4,79.41,79.41,79.396,83
2023-06-13 18:57:00,1742,79.425,79.41,79.43,79.435,79.41,51
2023-06-13 18:58:00,2942,79.4305,79.43,79.42,79.445,79.405,87
2023-06-13 18:59:00,4200,79.4239,79.43,79.415,79.45,79.41,124
2023-06-13 19:00:00,3432,79.4424,79.42,79.44,79.4568,79.42,78
2023-06-13 19:01:00,3932,79.4456,79.43,79.48,79.48,79.42,92
2023-06-13 19:02:00,1854,79.4699,79.47,79.46,79.48,79.46,73
2023-06-13 19:03:00,1802,79.4871,79.47,79.49,79.5,79.47,54
2023-06-13 19:04:00,1760,79.4977,79.5,79.49,79.5,79.49,53
2023-06-13 19:05:00,2396,79.4975,79.49,79.51,79.51,79.48,93
2023-06-13 19:06:00,3319,79.5174,79.51,79.51,79.55,79.5,111
2023-06-13 19:07:00,2470,79.5032,79.5,79.5,79.51,79.5,59
2023-06-13 19:08:00,6367,79.5165,79.51,79.52,79.535,79.5,143
2023-06-13 19:09:00,2445,79.531,79.53,79.54,79.545,79.5101,75
2023-06-13 19:10:00,1542,79.5286,79.545,79.525,79.545,79.51,56
2023-06-13 19:11:00,3922,79.5233,79.52,79.5,79.53,79.5,94
2023-06-13 19:12:00,1870,79.49,79.5,79.49,79.5,79.4801,62
2023-06-13 19:13:00,5014,79.5123,79.49,79.535,79.535,79.48,127
2023-06-13 19:14:00,12108,79.5443,79.54,79.56,79.56,79.51,168
2023-06-13 19:15:00,2998,79.5271,79.56,79.5,79.56,79.495,86
2023-06-13 19:16:00,2182,79.5136,79.51,79.52,79.52,79.51,75
2023-06-13 19:17:00,2859,79.536,79.515,79.55,79.55,79.515,98
2023-06-13 19:18:00,3578,79.5484,79.555,79.53,79.56,79.53,114
2023-06-13 19:19:00,2466,79.4953,79.51,79.49,79.51,79.48,71
2023-06-13 19:20:00,2528,79.4951,79.49,79.49,79.5,79.4831,84
2023-06-13 19:21:00,4494,79.5268,79.5,79.55,79.55,79.5,132
2023-06-13 19:22:00,2147,79.5576,79.56,79.54,79.565,79.54,61
2023-06-13 19:23:00,3525,79.5529,79.56,79.53,79.575,79.52,124
2023-06-13 19:24:00,3621,79.4832,79.52,79.44,79.52,79.44,99
2023-06-13 19:25:00,4075,79.4434,79.4495,79.45,79.455,79.42,98
2023-06-13 19:26:00,2936,79.4587,79.44,79.49,79.49,79.435,96
2023-06-13 19:27:00,3217,79.482,79.49,79.46,79.51,79.46,106
2023-06-13 19:28:00,4601,79.4681,79.445,79.451,79.46,79.44,90
2023-06-13 19:29:00,2069,79.4651,79.46,79.47,79.47,79.46,68
2023-06-13 19:30:00,3238,79.4947,79.48,79.5,79.515,79.48,91
2023-06-13 19:31:00,4400,79.4869,79.5022,79.48,79.51,79.465,111
2023-06-13 19:32:00,7274,79.4841,79.505,79.445,79.505,79.445,142
2023-06-13 19:33:00,3014,79.4297,79.445,79.415,79.45,79.41,62
2023-06-13 19:34:00,4353,79.4217,79.411,79.42,79.43,79.411,138
2023-06-13 19:35:00,5616,79.4178,79.4,79.43,79.435,79.4,126
2023-06-13 19:36:00,5692,79.4345,79.43,79.41,79.45,79.41,145
2023-06-13 19:37:00,4888,79.3885,79.38,79.38,79.4,79.38,106
2023-06-13 19:38:00,2882,79.4061,79.385,79.43,79.43,79.385,90
2023-06-13 19:39:00,6438,79.4257,79.43,79.45,79.45,79.41,150
2023-06-13 19:40:00,7231,79.4871,79.47,79.51,79.51,79.455,140
2023-06-13 19:41:00,4425,79.5301,79.52,79.535,79.5499,79.515,113
2023-06-13 19:42:00,10972,79.5103,79.54,79.505,79.54,79.5,189
2023-06-13 19:43:00,4705,79.4995,79.51,79.49,79.52,79.47,122
2023-06-13 19:44:00,5718,79.518,79.5,79.52,79.53,79.5,186
2023-06-13 19:45:00,6967,79.499,79.51,79.45,79.52,79.45,156
2023-06-13 19:46:00,10223,79.4821,79.45,79.49,79.495,79.45,199
2023-06-13 19:47:00,7943,79.4783,79.47,79.51,79.51,79.46,145
2023-06-13 19:48:00,8937,79.5055,79.51,79.46,79.53,79.455,213
2023-06-13 19:49:00,8282,79.4805,79.461,79.5,79.5,79.46,192
2023-06-13 19:50:00,13446,79.4737,79.49,79.45,79.52,79.44,270
2023-06-13 19:51:00,14385,79.4299,79.44,79.455,79.455,79.4,306
2023-06-13 19:52:00,15018,79.4711,79.45,79.5,79.51,79.45,276
2023-06-13 19:53:00,13849,79.478,79.5,79.46,79.5,79.45,303
2023-06-13 19:54:00,24319,79.473,79.46,79.51,79.51,79.43,402
2023-06-13 19:55:00,21404,79.4588,79.48,79.46,79.49,79.44,343
2023-06-13 19:56:00,21690,79.4764,79.47,79.48,79.5,79.46,355
2023-06-13 19:57:00,30969,79.4728,79.475,79.45,79.485,79.45,473
2023-06-13 19:58:00,31262,79.4618,79.45,79.48,79.49,79.44,529
2023-06-13 19:59:00,69563,79.5031,79.48,79.5,79.53,79.47,917
2023-06-13 20:00:00,29981,79.48,79.48,79.48,79.48,79.48,32
2023-06-13 20:53:00,250,79.4814,79.48,79.48,79.48,79.48,4
2023-06-14 13:29:00,1572,79.85,79.85,79.85,79.85,79.85,1
2023-06-14 13:30:00,38628,79.9578,79.97,79.89,79.99,79.81,127
2023-06-14 13:31:00,43394,79.9832,79.91,79.97,80.015,79.82,234
2023-06-14 13:32:00,31293,79.949,79.93,79.89,80.075,79.79,377
2023-06-14 13:33:00,4972,79.8715,79.805,80.084,80.084,79.74,125
2023-06-14 13:34:00,1520,80.0449,79.97,80.13,80.13,79.97,40
2023-06-14 13:35:00,1518,80.0576,80.07,80.08,80.08,79.99,48
2023-06-14 13:36:00,3280,79.9977,79.99,80.11,80.11,79.955,73
2023-06-14 13:37:00,335,80.1043,80.07,80.1033,80.145,80.07,7
2023-06-14 13:38:00,785,80.1184,80.13,80.13,80.13,80.13,26
2023-06-14 13:39:00,3881,79.9915,80.08,79.98,80.09,79.89,96
2023-06-14 13:40:00,3781,79.8692,79.975,79.86,79.975,79.83,61
2023-06-14 13:41:00,1434,79.6495,79.6865,79.615,79.6865,79.58,34
2023-06-14 13:42:00,4704,79.6325,79.5398,79.78,79.8,79.51,84
2023-06-14 13:43:00,4370,79.7865,79.66,79.8,79.8144,79.66,46
2023-06-14 13:44:00,879,79.6959,79.72,79.7,79.72,79.7,29
2023-06-14 13:45:00,1308,79.6751,79.68,79.65,79.72,79.65,31
2023-06-14 13:46:00,1555,79.6234,79.6,79.6,79.6,79.6,56
2023-06-14 13:47:00,4073,79.6139,79.66,79.545,79.665,79.54,109
2023-06-14 13:48:00,12945,79.5238,79.55,79.41,79.6392,79.41,203
2023-06-14 13:49:00,758,79.3711,79.39,79.385,79.39,79.37,41
2023-06-14 13:50:00,2938,79.3905,79.41,79.32,79.41,79.32,75
2023-06-14 13:51:00,5289,79.412,79.34,79.425,79.45,79.34,140
2023-06-14 13:52:00,2404,79.4076,79.46,79.345,79.46,79.345,51
2023-06-14 13:53:00,3826,79.3129,79.305,79.33,79.33,79.295,95
2023-06-14 13:54:00,1346,79.3283,79.3,79.335,79.335,79.3,23
2023-06-14 13:55:00,1174,79.2786,79.33,79.28,79.33,79.28,35
2023-06-14 13:56:00,3970,79.274,79.26,79.29,79.305,79.25,110
2023-06-14 13:57:00,5043,79.216,79.26,79.2,79.28,79.185,118
2023-06-14 13:58:00,11688,79.2192,79.21,79.305,79.305,79.16,214
2023-06-14 13:59:00,5297,79.2521,79.29,79.2,79.29,79.2,134
2023-06-14 14:00:00,8050,79.2226,79.185,79.28,79.28,79.18,182
2023-06-14 14:01:00,1902,79.2943,79.29,79.315,79.315,79.2825,76
2023-06-14 14:02:00,2246,79.2915,79.315,79.3,79.33,79.26,71
2023-06-14 14:03:00,1843,79.3182,79.33,79.27,79.36,79.27,106
2023-06-14 14:04:00,1863,79.2803,79.23,79.31,79.31,79.23,74
2023-06-14 14:05:00,1872,79.3577,79.34,79.42,79.42,79.335,89
2023-06-14 14:06:00,2811,79.4242,79.42,79.48,79.48,79.41,105
2023-06-14 14:07:00,3110,79.4921,79.49,79.455,79.535,79.455,97
2023-06-14 14:08:00,2631,79.4778,79.45,79.5,79.5,79.45,83
2023-06-14 14:09:00,1804,79.5451,79.545,79.52,79.56,79.52,74
2023-06-14 14:10:00,2354,79.524,79.53,79.57,79.57,79.51,112
2023-06-14 14:11:00,3607,79.6036,79.58,79.59,79.6225,79.58,101
2023-06-14 14:12:00,3627,79.6463,79.59,79.68,79.68,79.59,118
2023-06-14 14:13:00,2526,79.645,79.65,79.66,79.67,79.63,58
2023-06-14 14:14:00,747,79.6306,79.64,79.62,79.64,79.62,22
2023-06-14 14:15:00,2232,79.6409,79.66,79.65,79.66,79.63,77
2023-06-14 14:16:00,2126,79.6481,79.65,79.66,79.68,79.64,65
2023-06-14 14:17:00,2053,79.6328,79.65,79.61,79.65,79.61,86
2023-06-14 14:18:00,2096,79.6337,79.65,79.64,79.65,79.615,63
2023-06-14 14:19:00,3028,79.6587,79.63,79.64,79.68,79.63,111
2023-06-14 14:20:00,1988,79.606,79.64,79.57,79.64,79.56,55
2023-06-14 14:21:00,3550,79.5962,79.57,79.61,79.62,79.57,123
2023-06-14 14:22:00,11055,79.5758,79.57,79.61,79.62,79.54,113
2023-06-14 14:23:00,3194,79.6215,79.63,79.56,79.65,79.56,101
2023-06-14 14:24:00,3241,79.5714,79.55,79.63,79.63,79.52,102
2023-06-14 14:25:00,1737,79.5966,79.64,79.56,79.64,79.56,49
2023-06-14 14:26:00,1357,79.5546,79.56,79.53,79.57,79.53,56
2023-06-14 14:27:00,2814,79.5684,79.5415,79.595,79.6,79.5415,59
2023-06-14 14:28:00,6513,79.5175,79.58,79.48,79.58,79.48,112
2023-06-14 14:29:00,2420,79.5218,79.49,79.53,79.54,79.49,92
2023-06-14 14:30:00,2070,79.4694,79.485,79.47,79.485,79.445,90
2023-06-14 14:31:00,2600,79.4651,79.48,79.48,79.48,79.445,73
2023-06-14 14:32:00,1515,79.4867,79.5,79.47,79.5,79.47,53
2023-06-14 14:33:00,1280,79.4578,79.465,79.45,79.465,79.44,36
2023-06-14 14:34:00,861,79.4265,79.455,79.44,79.455,79.44,30
2023-06-14 14:35:00,2432,79.3487,79.395,79.32,79.395,79.32,71
2023-06-14 14:36:00,2922,79.3364,79.31,79.32,79.38,79.31,94
2023-06-14 14:37:00,2196,79.3071,79.305,79.3,79.32,79.296,56
2023-06-14 14:38:00,3644,79.3107,79.32,79.29,79.325,79.29,82
2023-06-14 14:39:00,2295,79.2897,79.3,79.3,79.3,79.28,63
2023-06-14 14:40:00,9032,79.3512,79.3,79.335,79.38,79.3,215
2023-06-14 14:41:00,1891,79.2909,79.34,79.24,79.34,79.24,46
2023-06-14 14:42:00,4397,79.2433,79.23,79.2511,79.2511,79.22,90
2023-06-14 14:43:00,3956,79.2004,79.245,79.16,79.245,79.16,71
2023-06-14 14:44:00,1308,79.1529,79.16,79.15,79.16,79.15,44
2023-06-14 14:45:00,3380,79.1103,79.14,79.095,79.14,79.09,66
2023-06-14 14:46:00,6654,79.1078,79.085,79.12,79.13,79.08,149
2023-06-14 14:47:00,4949,79.1364,79.105,79.185,79.185,79.1,131
2023-06-14 14:48:00,3826,79.2312,79.19,79.29,79.3,79.19,132
2023-06-14 14:49:00,2906,79.2451,79.27,79.21,79.27,79.21,66
2023-06-14 14:50:00,1827,79.2083,79.2,79.23,79.23,79.19,49
2023-06-14 14:51:00,700,79.2024,79.21,79.19,79.21,79.19,25
2023-06-14 14:52:00,3014,79.2389,79.2,79.29,79.3,79.2,132
2023-06-14 14:53:00,2334,79.2757,79.25,79.31,79.31,79.25,67
2023-06-14 14:54:00,1736,79.2729,79.28,79.26,79.3,79.26,50
2023-06-14 14:55:00,5973,79.2716,79.26,79.275,79.3,79.24,163
2023-06-14 14:56:00,2017,79.2901,79.28,79.295,79.3,79.28,52
2023-06-14 14:57:00,3169,79.3196,79.3,79.34,79.34,79.3,118
2023-06-14 14:58:00,3785,79.3103,79.31,79.31,79.32,79.3,87
2023-06-14 14:59:00,4413,79.3598,79.32,79.36,79.4,79.31,113
2023-06-14 15:00:00,2815,79.3352,79.355,79.33,79.355,79.33,48
2023-06-14 15:01:00,5189,79.3756,79.33,79.42,79.43,79.33,133
2023-06-14 15:02:00,3166,79.4092,79.405,79.4,79.42,79.4,87
2023-06-14 15:03:00,2551,79.4027,79.41,79.385,79.42,79.38,68
2023-06-14 15:04:00,3958,79.3762,79.39,79.375,79.4,79.35,97
2023-06-14 15:05:00,6027,79.3059,79.37,79.29,79.37,79.28,111
2023-06-14 15:06:00,2931,79.3061,79.305,79.32,79.32,79.3,70
2023-06-14 15:07:00,2662,79.3076,79.33,79.28,79.33,79.28,60
2023-06-14 15:08:00,1661,79.2609,79.285,79.25,79.285,79.25,36
2023-06-14 15:09:00,462,79.2403,79.24,79.2368,79.24,79.2368,26
2023-06-14 15:10:00,4317,79.2487,79.24,79.281,79.281,79.23,114
2023-06-14 15:11:00,3237,79.321,79.29,79.33,79.345,79.29,106
2023-06-14 15:12:00,1050,79.358,79.36,79.3527,79.37,79.35,27
2023-06-14 15:13:00,2570,79.3501,79.36,79.36,79.36,79.35,73
2023-06-14 15:14:00,3818,79.3741,79.36,79.39,79.4,79.35,92
2023-06-14 15:15:00,2512,79.4131,79.4,79.42,79.44,79.39,70
2023-06-14 15:16:00,3554,79.424,79.42,79.44,79.44,79.41,78
2023-06-14 15:17:00,1943,79.4216,79.425,79.45,79.45,79.425,57
2023-06-14 15:18:00,1620,79.4749,79.47,79.47,79.48,79.47,55
2023-06-14 15:19:00,1179,79.4748,79.495,79.48,79.495,79.47,38
2023-06-14 15:20:00,2519,79.501,79.48,79.55,79.55,79.47,74
2023-06-14 15:21:00,2080,79.5825,79.59,79.59,79.59,79.57,69
2023-06-14 15:22:00,1146,79.6042,79.6,79.62,79.62,79.6,37
2023-06-14 15:23:00,2360,79.5843,79.61,79.567,79.61,79.567,78
2023-06-14 15:24:00,2969,79.5727,79.58,79.56,79.58,79.56,94
2023-06-14 15:25:00,3309,79.5834,79.54,79.61,79.63,79.54,93
2023-06-14 15:26:00,1484,79.5917,79.61,79.58,79.61,79.58,59
2023-06-14 15:27:00,2063,79.5991,79.615,79.58,79.63,79.58,56
2023-06-14 15:28:00,1740,79.5927,79.59,79.58,79.6,79.58,43
2023-06-14 15:29:00,9957,79.6044,79.605,79.595,79.61,79.58,40
2023-06-14 15:30:00,2668,79.6005,79.6,79.59,79.62,79.59,79
2023-06-14 15:31:00,1624,79.5654,79.57,79.58,79.58,79.55,47
2023-06-14 15:32:00,1889,79.5422,79.56,79.52,79.56,79.52,62
2023-06-14 15:33:00,490,79.5009,79.52,79.48,79.52,79.48,25
2023-06-14 15:34:00,2346,79.4707,79.47,79.465,79.48,79.465,64
2023-06-14 15:35:00,2688,79.4916,79.45,79.48,79.51,79.44,71
2023-06-14 15:36:00,1534,79.4774,79.49,79.47,79.49,79.47,42
2023-06-14 15:37:00,1424,79.4626,79.45,79.43,79.45,79.42,30
2023-06-14 15:38:00,1229,79.4219,79.43,79.41,79.43,79.41,32
2023-06-14 15:39:00,2893,79.4122,79.42,79.4,79.43,79.4,80
2023-06-14 15:40:00,1964,79.3812,79.36,79.385,79.39,79.36,56
2023-06-14 15:41:00,2386,79.4105,79.4,79.43,79.44,79.39,72
2023-06-14 15:43:00,4987,79.4539,79.46,79.49,79.49,79.42,122
2023-06-14 15:44:00,2454,79.4497,79.49,79.43,79.49,79.43,67
2023-06-14 15:45:00,1643,79.4402,79.44,79.44,79.45,79.44,36
2023-06-14 15:46:00,1142,79.4398,79.44,79.44,79.44,79.44,32
2023-06-14 15:47:00,799,79.4648,79.46,79.4738,79.4738,79.46,17
2023-06-14 15:48:00,6488,79.4787,79.45,79.47,79.48,79.45,16
2023-06-14 15:49:00,743,79.4507,79.46,79.45,79.46,79.45,45
2023-06-14 15:50:00,6585,79.4398,79.44,79.4576,79.4576,79.42,102
2023-06-14 15:51:00,3384,79.4139,79.43,79.405,79.43,79.4,71
2023-06-14 15:52:00,2310,79.4188,79.42,79.41,79.43,79.41,77
2023-06-14 15:53:00,1028,79.3969,79.4,79.38,79.4,79.38,19
2023-06-14 15:54:00,3147,79.407,79.4,79.42,79.425,79.4,82
2023-06-14 15:55:00,2330,79.361,79.39,79.365,79.39,79.345,66
2023-06-14 15:56:00,2331,79.3683,79.37,79.35,79.38,79.35,67
2023-06-14 15:57:00,820,79.3238,79.33,79.32,79.33,79.32,27
2023-06-14 15:58:00,2985,79.3006,79.32,79.29,79.33,79.29,72
2023-06-14 15:59:00,3781,79.3138,79.3,79.33,79.33,79.3,96
2023-06-14 16:01:00,415,79.3193,79.32,79.32,79.32,79.32,12
2023-06-14 16:02:00,874,79.2972,79.3,79.27,79.3,79.27,28
2023-06-14 16:03:00,1271,79.2454,79.27,79.227,79.27,79.225,45
2023-06-14 16:04:00,2546,79.2048,79.21,79.2,79.22,79.2,55
2023-06-14 16:05:00,9479,79.1735,79.205,79.14,79.205,79.12,112
2023-06-14 16:06:00,1003,79.1391,79.13,79.12,79.13,79.12,23
2023-06-14 16:07:00,1237,79.1201,79.12,79.105,79.12,79.1,26
2023-06-14 16:08:00,2938,79.0953,79.1,79.135,79.135,79.08,105
2023-06-14 16:09:00,404,79.1272,79.12,79.12,79.12,79.12,17
2023-06-14 16:10:00,1334,79.0987,79.09,79.1,79.1,79.09,36
2023-06-14 16:11:00,2092,79.1181,79.1,79.145,79.145,79.1,59
2023-06-14 16:12:00,859,79.1346,79.15,79.14,79.15,79.13,19
2023-06-14 16:13:00,964,79.1267,79.13,79.13,79.13,79.11,30
2023-06-14 16:14:00,496,79.124,79.13,79.12,79.13,79.12,20
2023-06-14 16:15:00,3593,79.1206,79.11,79.145,79.15,79.1,87
2023-06-14 16:16:00,849,79.166,79.16,79.18,79.1899,79.16,30
2023-06-14 16:17:00,2821,79.1736,79.17,79.19,79.19,79.16,72
2023-06-14 16:18:00,1966,79.181,79.18,79.19,79.19,79.17,69
2023-06-14 16:19:00,2307,79.199,79.1859,79.215,79.22,79.1859,54
2023-06-14 16:20:00,1726,79.2128,79.2236,79.2,79.2256,79.2,46
2023-06-14 16:21:00,2075,79.2022,79.2,79.2,79.215,79.19,59
2023-06-14 16:22:00,1698,79.1911,79.2,79.19,79.2,79.19,46
2023-06-14 16:23:00,2091,79.1441,79.16,79.125,79.16,79.125,59
2023-06-14 16:24:00,805,79.1305,79.14,79.13,79.14,79.13,24
2023-06-14 16:25:00,2185,79.0946,79.12,79.07,79.125,79.07,60
2023-06-14 16:26:00,4451,79.1211,79.09,79.14,79.16,79.09,113
2023-06-14 16:27:00,449,79.1324,79.135,79.135,79.135,79.135,12
2023-06-14 16:28:00,5010,79.1243,79.13,79.13,79.13,79.115,121
2023-06-14 16:29:00,325,79.1363,79.14,79.14,79.14,79.14,30
2023-06-14 16:30:00,1679,79.1431,79.15,79.1409,79.15,79.1409,60
2023-06-14 16:31:00,11528,79.0986,79.14,79.0801,79.14,79.08,180
2023-06-14 16:32:00,2415,79.1063,79.095,79.12,79.12,79.095,50
2023-06-14 16:33:00,5414,79.1088,79.1,79.13,79.13,79.1,70
2023-06-14 16:34:00,1210,79.1223,79.13,79.1,79.13,79.1,34
2023-06-14 16:35:00,1962,79.0935,79.09,79.0713,79.1,79.0713,55
2023-06-14 16:36:00,2957,79.0304,79.05,79.02,79.05,79.015,47
2023-06-14 16:37:00,2431,79.0486,79.03,79.09,79.09,79.03,69
2023-06-14 16:38:00,2069,79.0662,79.08,79.05,79.08,79.05,79
2023-06-14 16:39:00,2015,79.064,79.06,79.08,79.08,79.06,45
2023-06-14 16:40:00,1968,79.0984,79.085,79.11,79.11,79.085,57
2023-06-14 16:41:00,510,79.1047,79.12,79.12,79.12,79.12,16
2023-06-14 16:42:00,1294,79.0994,79.1,79.1,79.1,79.095,37
2023-06-14 16:43:00,3474,79.1098,79.09,79.14,79.155,79.09,100
2023-06-14 16:44:00,1298,79.1519,79.135,79.16,79.16,79.135,38
2023-06-14 16:45:00,966,79.1669,79.16,79.17,79.17,79.16,31
2023-06-14 16:46:00,2310,79.1894,79.18,79.23,79.23,79.17,51
2023-06-14 16:47:00,1605,79.21,79.21,79.21,79.21,79.21,31
2023-06-14 16:48:00,2730,79.1981,79.2,79.2,79.2,79.2,72
2023-06-14 16:49:00,728,79.2101,79.21,79.21,79.22,79.21,17
2023-06-14 16:50:00,2556,79.1569,79.2,79.14,79.21,79.13,86
2023-06-14 16:51:00,3292,79.1296,79.14,79.13,79.14,79.12,86
2023-06-14 16:52:00,4334,79.1521,79.14,79.16,79.17,79.14,65
2023-06-14 16:53:00,1148,79.1392,79.14,79.14,79.14,79.135,40
2023-06-14 16:55:00,2744,79.1264,79.13,79.13,79.13,79.12,57
2023-06-14 16:56:00,2204,79.1006,79.12,79.11,79.12,79.0899,64
2023-06-14 16:57:00,2769,79.1141,79.11,79.12,79.13,79.1,90
2023-06-14 16:58:00,1077,79.1298,79.14,79.1261,79.14,79.1261,17
2023-06-14 16:59:00,2531,79.1436,79.13,79.17,79.17,79.13,94
2023-06-14 17:00:00,6245,79.1401,79.17,79.13,79.17,79.12,161
2023-06-14 17:01:00,1790,79.1444,79.14,79.15,79.15,79.14,56
2023-06-14 17:02:00,2315,79.1276,79.15,79.11,79.15,79.11,38
2023-06-14 17:03:00,836,79.1018,79.1,79.09,79.1,79.09,45
2023-06-14 17:04:00,860,79.09,79.09,79.09,79.09,79.09,12
2023-06-14 17:05:00,4921,79.0859,79.09,79.11,79.11,79.06,154
2023-06-14 17:06:00,1632,79.1173,79.115,79.14,79.14,79.115,50
2023-06-14 17:07:00,2955,79.1405,79.14,79.13,79.15,79.13,84
2023-06-14 17:08:00,1474,79.1246,79.13,79.12,79.13,79.12,53
2023-06-14 17:09:00,2459,79.0915,79.11,79.09,79.11,79.08,94
2023-06-14 17:10:00,1686,79.0934,79.09,79.095,79.095,79.09,25
2023-06-14 17:11:00,2759,79.0854,79.09,79.085,79.09,79.08,81
2023-06-14 17:12:00,2905,79.0755,79.08,79.08,79.08,79.07,69
2023-06-14 17:13:00,966,79.0764,79.08,79.075,79.08,79.075,25
2023-06-14 17:14:00,2326,79.0601,79.07,79.05,79.07,79.05,66
2023-06-14 17:15:00,4195,79.0339,79.04,79.045,79.05,79.02,117
2023-06-14 17:16:00,4393,79.0381,79.045,79.05,79.05,79.0,106
2023-06-14 17:17:00,2346,79.022,79.02,79.02,79.02,79.01,78
2023-06-14 17:18:00,1573,79.0296,79.03,79.03,79.035,79.03,57
2023-06-14 17:19:00,2303,78.9976,79.01,78.98,79.01,78.975,82
2023-06-14 17:20:00,3026,78.9793,78.975,78.96,78.99,78.96,93
2023-06-14 17:21:00,7715,78.9234,78.97,78.95,78.97,78.91,132
2023-06-14 17:22:00,753,78.9272,78.93,78.92,78.93,78.92,40
2023-06-14 17:23:00,3095,78.906,78.92,78.91,78.92,78.9,95
2023-06-14 17:24:00,1489,78.9139,78.91,78.92,78.92,78.91,49
2023-06-14 17:25:00,3960,78.8938,78.91,78.89,78.91,78.885,106
2023-06-14 17:26:00,1607,78.8954,78.885,78.9,78.9,78.885,37
2023-06-14 17:27:00,3219,78.9086,78.89,78.9,78.91,78.89,67
2023-06-14 17:28:00,2855,78.856,78.885,78.84,78.885,78.84,96
2023-06-14 17:29:00,2207,78.8304,78.83,78.835,78.835,78.82,68
2023-06-14 17:30:00,6463,78.8241,78.83,78.83,78.845,78.805,176
2023-06-14 17:31:00,4671,78.7897,78.81,78.78,78.81,78.765,106
2023-06-14 17:32:00,3307,78.7772,78.778,78.77,78.78,78.76,82
2023-06-14 17:33:00,3321,78.7639,78.76,78.77,78.77,78.76,110
2023-06-14 17:34:00,3574,78.7588,78.7638,78.74,78.7638,78.74,99
2023-06-14 17:35:00,6232,78.689,78.73,78.68,78.73,78.67,163
2023-06-14 17:36:00,13880,78.6725,78.67,78.71,78.715,78.62,297
2023-06-14 17:37:00,2728,78.693,78.705,78.67,78.71,78.67,65
2023-06-14 17:38:00,2758,78.6475,78.65,78.62,78.66,78.62,93
2023-06-14 17:39:00,4366,78.6292,78.62,78.65,78.65,78.62,132
2023-06-14 17:40:00,3240,78.6438,78.65,78.62,78.65,78.62,75
2023-06-14 17:41:00,3778,78.6048,78.615,78.59,78.615,78.58,98
2023-06-14 17:42:00,3966,78.6042,78.59,78.63,78.63,78.59,112
2023-06-14 17:43:00,2627,78.5973,78.63,78.55,78.63,78.55,102
2023-06-14 17:44:00,4541,78.4569,78.51,78.44,78.51,78.435,123
2023-06-14 17:45:00,4251,78.4243,78.45,78.43,78.45,78.39,135
2023-06-14 17:46:00,3056,78.4383,78.42,78.44,78.44,78.41,89
2023-06-14 17:47:00,1300,78.4933,78.44,78.44,78.44,78.44,38
2023-06-14 17:48:00,4475,78.4783,78.44,78.56,78.56,78.44,138
2023-06-14 17:49:00,5537,78.5824,78.55,78.61,78.61,78.55,150
2023-06-14 17:50:00,4280,78.5693,78.59,78.53,78.59,78.515,130
2023-06-14 17:51:00,14474,78.5247,78.5115,78.555,78.555,78.5115,93
2023-06-14 17:52:00,3577,78.5781,78.58,78.565,78.59,78.565,93
2023-06-14 17:53:00,1807,78.5423,78.54,78.55,78.55,78.54,80
2023-06-14 17:54:00,4481,78.5037,78.53,78.49,78.53,78.48,140
2023-06-14 17:55:00,15812,78.4868,78.48,78.5,78.5,78.47,171
2023-06-14 17:56:00,2658,78.5111,78.5,78.53,78.53,78.495,86
2023-06-14 17:57:00,2324,78.5186,78.53,78.52,78.53,78.52,44
2023-06-14 17:58:00,3824,78.5407,78.52,78.57,78.57,78.52,149
2023-06-14 17:59:00,3019,78.5419,78.57,78.52,78.57,78.52,95
2023-06-14 18:00:00,7218,78.4319,78.45,78.41,78.52,78.33,192
2023-06-14 18:01:00,9971,78.2791,78.35,78.34,78.36,78.2301,159
2023-06-14 18:02:00,2704,78.2466,78.37,78.22,78.37,78.21,82
2023-06-14 18:03:00,3028,78.1128,78.16,78.02,78.18,78.02,65
2023-06-14 18:04:00,5604,78.136,78.1,78.2,78.2,78.075,119
2023-06-14 18:05:00,4382,78.0338,78.16,78.0,78.16,77.94,99
2023-06-14 18:06:00,10785,78.0352,78.0,78.05,78.08,78.0,168
2023-06-14 18:07:00,6519,77.9406,78.0308,77.91,78.0308,77.83,125
2023-06-14 18:08:00,5216,77.9031,77.86,77.945,77.97,77.85,115
2023-06-14 18:09:00,3320,77.9678,77.94,78.0,78.04,77.92,74
2023-06-14 18:10:00,4059,78.0563,78.02,78.07,78.08,78.02,93
2023-06-14 18:11:00,4321,78.0054,78.07,77.95,78.07,77.95,97
2023-06-14 18:12:00,6195,77.8381,77.89,77.86,77.915,77.76,156
2023-06-14 18:13:00,2728,77.8691,77.85,77.94,77.95,77.79,90
2023-06-14 18:14:00,6580,77.9663,77.96,77.94,77.99,77.94,109
2023-06-14 18:15:00,3832,77.9283,77.98,77.91,77.98,77.8954,88
2023-06-14 18:16:00,4073,77.8837,77.88,77.84,77.92,77.84,120
2023-06-14 18:17:00,3434,77.7998,77.78,77.84,77.84,77.765,100
2023-06-14 18:18:00,2875,77.7754,77.805,77.76,77.805,77.75,95
2023-06-14 18:19:00,3045,77.7618,77.715,77.78,77.787,77.7049,86
2023-06-14 18:20:00,6325,77.8002,77.79,77.8,77.84,77.79,126
2023-06-14 18:21:00,3034,77.8546,77.79,77.9,77.9,77.79,104
2023-06-14 18:22:00,2441,77.787,77.825,77.7,77.84,77.7,93
2023-06-14 18:23:00,8681,77.771,77.715,77.82,77.82,77.7,107
2023-06-14 18:24:00,2081,77.7622,77.78,77.75,77.78,77.74,60
2023-06-14 18:25:00,3481,77.6625,77.68,77.635,77.68,77.63,116
2023-06-14 18:26:00,6271,77.7199,77.65,77.75,77.77,77.65,138
2023-06-14 18:27:00,4534,77.7288,77.74,77.73,77.75,77.71,122
2023-06-14 18:28:00,3917,77.6907,77.72,77.72,77.72,77.66,146
2023-06-14 18:29:00,2503,77.7415,77.72,77.77,77.775,77.715,89
2023-06-14 18:30:00,5397,77.749,77.76,77.81,77.83,77.71,149
2023-06-14 18:31:00,7420,77.8121,77.8,77.77,77.84,77.77,190
2023-06-14 18:32:00,4778,77.7734,77.78,77.8,77.8,77.72,121
2023-06-14 18:33:00,4212,77.9089,77.82,77.89,77.97,77.82,114
2023-06-14 18:34:00,10260,77.8052,77.82,77.795,77.85,77.79,86
2023-06-14 18:35:00,6753,77.7579,77.7927,77.75,77.7927,77.73,190
2023-06-14 18:36:00,5335,77.8052,77.78,77.82,77.835,77.765,124
2023-06-14 18:37:00,4006,77.7951,77.81,77.71,77.86,77.71,131
2023-06-14 18:38:00,5005,77.8099,77.715,77.81,77.87,77.715,156
2023-06-14 18:39:00,3441,77.708,77.74,77.69,77.74,77.67,126
2023-06-14 18:40:00,3248,77.7397,77.685,77.76,77.78,77.68,103
2023-06-14 18:41:00,12100,77.7541,77.765,77.74,77.78,77.72,267
2023-06-14 18:42:00,4987,77.7189,77.74,77.64,77.77,77.64,147
2023-06-14 18:43:00,3874,77.6788,77.65,77.73,77.73,77.65,117
2023-06-14 18:44:00,10667,77.8426,77.78,77.845,77.88,77.78,147
2023-06-14 18:45:00,5566,77.8496,77.86,77.8,77.88,77.78,161
2023-06-14 18:46:00,4582,77.7597,77.76,77.74,77.765,77.74,99
2023-06-14 18:47:00,9009,77.752,77.73,77.82,77.83,77.72,197
2023-06-14 18:48:00,4042,77.8738,77.82,77.91,77.96,77.81,110
2023-06-14 18:49:00,2418,77.925,77.91,77.945,77.945,77.9,63
2023-06-14 18:50:00,7199,77.933,77.95,77.95,77.96,77.89,176
2023-06-14 18:51:00,4692,77.9657,77.96,77.94,78.0,77.94,141
2023-06-14 18:52:00,3984,77.9102,77.96,77.83,77.9721,77.83,106
2023-06-14 18:53:00,5643,77.7917,77.815,77.795,77.815,77.74,154
2023-06-14 18:54:00,3941,77.8418,77.81,77.84,77.865,77.81,124
2023-06-14 18:55:00,6884,77.8484,77.835,77.88,77.89,77.835,145
2023-06-14 18:56:00,6605,77.8897,77.91,77.9,77.92,77.89,119
2023-06-14 18:57:00,1842,77.9383,77.92,77.94,77.95,77.92,63
2023-06-14 18:58:00,3557,77.9088,77.92,77.92,77.92,77.875,103
2023-06-14 18:59:00,7498,77.9317,77.93,77.93,77.98,77.9,181
2023-06-14 19:00:00,2267,78.0021,77.96,78.04,78.04,77.96,61
2023-06-14 19:01:00,4163,78.0699,78.09,78.05,78.14,78.05,95
2023-06-14 19:02:00,4068,78.0717,78.07,78.08,78.1,78.05,107
2023-06-14 19:03:00,3486,78.0302,78.03,78.04,78.05,78.02,110
2023-06-14 19:04:00,3171,78.1107,78.04,78.14,78.15,78.04,80
2023-06-14 19:05:00,3117,78.1795,78.15,78.23,78.23,78.15,96
2023-06-14 19:06:00,8409,78.2252,78.21,78.33,78.33,78.16,198
2023-06-14 19:07:00,16823,78.3775,78.35,78.494,78.5,78.35,262
2023-06-14 19:08:00,5529,78.4383,78.495,78.43,78.495,78.38,158
2023-06-14 19:09:00,2079,78.4369,78.42,78.44,78.46,78.42,66
2023-06-14 19:10:00,3984,78.373,78.46,78.28,78.46,78.28,115
2023-06-14 19:11:00,4652,78.3065,78.28,78.28,78.36,78.255,145
2023-06-14 19:12:00,3925,78.2303,78.235,78.2,78.25,78.195,127
2023-06-14 19:13:00,2873,78.2087,78.18,78.17,78.18,78.165,73
2023-06-14 19:14:00,684,78.0994,78.12,78.09,78.12,78.09,30
2023-06-14 19:15:00,7091,77.9977,78.06,77.94,78.06,77.94,207
2023-06-14 19:16:00,5218,77.945,77.94,77.98,77.98,77.91,146
2023-06-14 19:17:00,5722,78.0269,77.97,77.96,78.0,77.94,148
2023-06-14 19:18:00,4402,77.9573,77.96,78.0,78.0,77.92,153
2023-06-14 19:19:00,3272,77.9844,77.97,77.99,78.0,77.96,87
2023-06-14 19:20:00,3457,77.9833,77.97,78.06,78.06,77.95,94
2023-06-14 19:21:00,5041,78.0648,78.06,78.14,78.14,78.04,114
2023-06-14 19:22:00,3540,78.1818,78.19,78.16,78.21,78.16,109
2023-06-14 19:23:00,2870,78.1682,78.16,78.17,78.19,78.155,78
2023-06-14 19:24:00,3094,78.1821,78.185,78.165,78.2,78.16,78
2023-06-14 19:25:00,4311,78.195,78.19,78.21,78.22,78.18,103
2023-06-14 19:26:00,3784,78.1751,78.19,78.14,78.21,78.13,85
2023-06-14 19:27:00,5685,78.1279,78.13,78.12,78.14,78.11,113
2023-06-14 19:28:00,3737,78.0827,78.11,78.09,78.11,78.05,112
2023-06-14 19:29:00,3949,78.0515,78.08,78.04,78.08,78.02,99
2023-06-14 19:30:00,6034,77.9725,77.985,77.96,77.99,77.95,165
2023-06-14 19:31:00,7074,77.9559,77.95,77.99,77.99,77.92,227
2023-06-14 19:32:00,2336,78.0083,77.99,78.0021,78.03,77.98,75
2023-06-14 19:33:00,11726,78.0213,78.02,78.05,78.05,77.995,200
2023-06-14 19:34:00,1543,78.0213,78.02,78.0,78.02,78.0,55
2023-06-14 19:35:00,5802,78.0172,77.99,78.04,78.045,77.99,163
2023-06-14 19:36:00,3325,78.0076,78.04,77.97,78.04,77.96,80
2023-06-14 19:37:00,5573,77.9805,77.97,77.99,78.01,77.945,148
2023-06-14 19:38:00,2774,77.9828,77.96,78.0,78.0,77.96,96
2023-06-14 19:39:00,7883,77.969,77.99,77.98,77.99,77.94,218
2023-06-14 19:40:00,5437,77.976,77.98,77.965,78.0,77.96,164
2023-06-14 19:41:00,7036,77.9466,77.94,77.92,77.97,77.92,216
2023-06-14 19:42:00,3949,77.905,77.925,77.87,77.93,77.87,153
2023-06-14 19:43:00,11870,77.8916,77.86,77.9,77.91,77.85,309
2023-06-14 19:44:00,2948,77.8845,77.905,77.87,77.905,77.855,155
2023-06-14 19:45:00,8655,77.8455,77.87,77.82,77.87,77.82,246
2023-06-14 19:46:00,5229,77.7737,77.82,77.78,77.82,77.735,185
2023-06-14 19:47:00,6154,77.7992,77.7787,77.85,77.8641,77.76,198
2023-06-14 19:48:00,5502,77.8429,77.85,77.84,77.86,77.84,151
2023-06-14 19:49:00,6565,77.7954,77.83,77.81,77.83,77.77,209
2023-06-14 19:50:00,11897,77.7152,77.79,77.76,77.8,77.68,340
2023-06-14 19:51:00,17551,77.7144,77.765,77.66,77.765,77.66,337
2023-06-14 19:52:00,15808,77.7331,77.69,77.76,77.79,77.685,366
2023-06-14 19:53:00,16906,77.7448,77.76,77.705,77.76,77.705,268
2023-06-14 19:54:00,22139,77.719,77.72,77.77,77.78,77.68,449
2023-06-14 19:55:00,16424,77.8298,77.78,77.855,77.89,77.76,391
2023-06-14 19:56:00,14365,77.859,77.85,77.89,77.9,77.825,335
2023-06-14 19:57:00,23236,77.9172,77.9,77.92,77.95,77.9,453
2023-06-14 19:58:00,26398,77.9572,77.92,77.97,77.99,77.92,492
2023-06-14 19:59:00,58603,78.0064,77.97,78.06,78.06,77.97,818
2023-06-14 20:00:00,62565,78.06,78.06,78.06,78.06,78.06,49
2023-06-15 09:58:00,200,78.06,78.06,78.06,78.06,78.06,1
2023-06-15 10:00:00,292,78.06,78.06,78.06,78.06,78.06,1
2023-06-15 12:22:00,372,77.8147,77.83,77.8,77.83,77.8,5
2023-06-15 13:27:00,200,78.53,78.53,78.53,78.53,78.53,2
2023-06-15 13:30:00,44873,78.2499,78.28,78.145,78.28,78.05,131
2023-06-15 13:31:00,3593,78.286,78.22,78.19,78.39,78.165,91
2023-06-15 13:32:00,836,78.2012,78.245,78.19,78.245,78.19,27
2023-06-15 13:33:00,1113,78.241,78.25,78.17,78.26,78.17,35
2023-06-15 13:34:00,357,78.1612,78.14,78.14,78.14,78.14,31
2023-06-15 13:35:00,3892,78.1518,78.05,78.17,78.22,78.05,112
2023-06-15 13:36:00,3565,78.1619,78.185,78.11,78.2,78.11,78
2023-06-15 13:37:00,9661,78.3255,78.185,78.4,78.43,78.185,196
2023-06-15 13:38:00,1558,78.4081,78.42,78.385,78.42,78.38,48
2023-06-15 13:39:00,653,78.3951,78.42,78.38,78.42,78.37,16
2023-06-15 13:40:00,1310,78.4565,78.47,78.43,78.4864,78.43,39
2023-06-15 13:41:00,286,78.3434,78.34,78.34,78.34,78.34,10
2023-06-15 13:42:00,2125,78.3843,78.34,78.4,78.43,78.34,49
2023-06-15 13:43:00,2601,78.292,78.405,78.24,78.405,78.22,52
2023-06-15 13:44:00,1894,78.1646,78.255,78.18,78.255,78.12,82
2023-06-15 13:45:00,1652,78.2277,78.23,78.23,78.256,78.225,68
2023-06-15 13:46:00,3113,78.2775,78.255,78.285,78.31,78.22,97
2023-06-15 13:47:00,1043,78.3883,78.35,78.4,78.41,78.35,38
2023-06-15 13:48:00,2702,78.3549,78.355,78.39,78.39,78.35,32
2023-06-15 13:49:00,5814,78.4017,78.4,78.43,78.47,78.35,127
2023-06-15 13:50:00,2519,78.5495,78.47,78.605,78.605,78.47,52
2023-06-15 13:51:00,2558,78.533,78.63,78.4325,78.63,78.4325,64
2023-06-15 13:52:00,5721,78.5004,78.43,78.38,78.54,78.38,68
2023-06-15 13:53:00,922,78.4349,78.44,78.445,78.445,78.44,14
2023-06-15 13:54:00,740,78.466,78.44,78.48,78.48,78.44,26
2023-06-15 13:55:00,866,78.4082,78.39,78.43,78.43,78.39,45
2023-06-15 13:56:00,2418,78.4334,78.44,78.43,78.45,78.41,45
2023-06-15 13:57:00,505,78.4211,78.4,78.43,78.43,78.4,19
2023-06-15 13:58:00,3632,78.4187,78.4,78.44,78.45,78.375,93
2023-06-15 13:59:00,2065,78.4148,78.43,78.43,78.43,78.4,49
2023-06-15 14:00:00,7071,78.4439,78.44,78.37,78.49,78.37,130
2023-06-15 14:01:00,3080,78.3664,78.35,78.39,78.4,78.34,92
2023-06-15 14:02:00,3345,78.3819,78.38,78.35,78.43,78.35,97
2023-06-15 14:03:00,2410,78.399,78.42,78.37,78.42,78.35,83
2023-06-15 14:04:00,1665,78.2924,78.32,78.285,78.32,78.285,80
2023-06-15 14:05:00,6635,78.231,78.29,78.21,78.3,78.16,159
2023-06-15 14:06:00,7056,78.2335,78.24,78.23,78.27,78.19,146
2023-06-15 14:07:00,5511,78.181,78.23,78.14,78.24,78.13,138
2023-06-15 14:08:00,13095,78.1166,78.15,78.105,78.18,78.06,271
2023-06-15 14:09:00,3653,78.0723,78.11,78.065,78.12,78.03,100
2023-06-15 14:10:00,3351,78.0686,78.08,78.04,78.08,78.04,94
2023-06-15 14:11:00,3662,78.0617,78.04,78.135,78.135,78.03,78
2023-06-15 14:12:00,4120,78.1479,78.17,78.13,78.175,78.13,72
2023-06-15 14:13:00,1754,78.1395,78.16,78.1,78.17,78.1,52
2023-06-15 14:14:00,2143,78.1068,78.11,78.09,78.125,78.09,75
2023-06-15 14:15:00,4849,78.0747,78.085,78.04,78.13,78.01,84
2023-06-15 14:16:00,13176,78.0139,78.05,78.02,78.055,77.99,170
2023-06-15 14:17:00,2373,77.9809,78.03,77.93,78.03,77.93,64
2023-06-15 14:18:00,2486,77.9361,77.93,77.915,77.965,77.9,68
2023-06-15 14:19:00,2046,77.9306,77.93,77.93,77.95,77.91,66
2023-06-15 14:20:00,3175,77.9315,77.9183,77.95,77.95,77.91,72
2023-06-15 14:21:00,5332,77.9354,77.95,77.94,77.95,77.9,124
2023-06-15 14:22:00,3931,77.9064,77.94,77.885,77.94,77.86,87
2023-06-15 14:23:00,6827,77.8434,77.87,77.86,77.87,77.81,164
2023-06-15 14:24:00,1777,77.8213,77.82,77.815,77.82,77.815,46
2023-06-15 14:25:00,3182,77.8441,77.82,77.86,77.86,77.82,78
2023-06-15 14:26:00,4199,77.9132,77.885,77.89,77.94,77.885,90
2023-06-15 14:27:00,2269,77.8777,77.88,77.89,77.89,77.855,57
2023-06-15 14:28:00,4534,77.9288,77.9,77.93,77.95,77.9,73
2023-06-15 14:29:00,1861,77.9377,77.94,77.9525,77.9525,77.915,43
2023-06-15 14:30:00,1983,77.9595,77.94,78.0,78.0,77.94,41
2023-06-15 14:31:00,2134,78.0302,78.02,78.04,78.066,78.02,62
2023-06-15 14:32:00,4359,78.0296,78.055,77.995,78.08,77.985,78
2023-06-15 14:33:00,7582,78.0084,78.01,78.1,78.1,77.96,164
2023-06-15 14:34:00,5585,78.1203,78.105,78.1254,78.13,78.104,127
2023-06-15 14:35:00,1815,78.0858,78.11,78.075,78.12,78.05,44
2023-06-15 14:36:00,1686,78.0087,78.04,78.01,78.04,77.98,46
2023-06-15 14:37:00,993,77.9942,78.01,77.975,78.01,77.975,30
2023-06-15 14:38:00,1539,77.9551,77.96,77.94,77.96,77.94,29
2023-06-15 14:39:00,4110,77.8939,77.94,77.89,77.94,77.85,86
2023-06-15 14:40:00,1927,77.8815,77.88,77.88,77.88,77.88,34
2023-06-15 14:41:00,1759,77.9234,77.89,77.925,77.94,77.89,50
2023-06-15 14:42:00,2287,77.9114,77.895,77.96,77.96,77.89,48
2023-06-15 14:43:00,1633,77.9731,78.0,77.96,78.0,77.94,38
2023-06-15 14:44:00,766,77.953,77.96,77.935,77.96,77.935,22
2023-06-15 14:45:00,2997,77.9018,77.93,77.91,77.93,77.88,63
2023-06-15 14:46:00,2488,77.8909,77.88,77.89,77.91,77.87,55
2023-06-15 14:47:00,867,77.9001,77.9,77.89,77.91,77.89,33
2023-06-15 14:48:00,2802,77.9349,77.885,77.94,77.995,77.885,70
2023-06-15 14:49:00,2043,77.9069,77.94,77.89,77.94,77.885,40
2023-06-15 14:50:00,3547,77.8817,77.89,77.89,77.895,77.865,71
2023-06-15 14:51:00,1684,77.8682,77.89,77.84,77.89,77.84,49
2023-06-15 14:52:00,2648,77.8433,77.83,77.84,77.87,77.825,65
2023-06-15 14:53:00,1850,77.8175,77.82,77.8,77.82,77.8,46
2023-06-15 14:54:00,1613,77.7827,77.815,77.76,77.815,77.76,40
2023-06-15 14:55:00,3345,77.7633,77.75,77.79,77.8,77.72,87
2023-06-15 14:56:00,3053,77.7623,77.77,77.76,77.7725,77.75,70
2023-06-15 14:57:00,1169,77.785,77.75,77.78,77.78,77.75,41
2023-06-15 14:58:00,1656,77.8259,77.83,77.83,77.85,77.8,47
2023-06-15 14:59:00,3089,77.8781,77.85,77.885,77.895,77.85,80
2023-06-15 15:00:00,2807,77.9146,77.9,77.89,77.95,77.89,67
2023-06-15 15:01:00,3767,77.9333,77.92,77.955,77.9625,77.9,80
2023-06-15 15:02:00,3798,77.9538,77.94,77.965,77.99,77.91,80
2023-06-15 15:03:00,435,77.956,77.96,77.96,77.96,77.96,18
2023-06-15 15:04:00,2262,77.9652,77.96,78.0,78.0,77.95,39
2023-06-15 15:05:00,1581,78.0328,78.02,78.02,78.035,78.02,46
2023-06-15 15:06:00,1728,78.0602,78.065,78.08,78.08,78.045,40
2023-06-15 15:07:00,1766,78.0485,78.075,78.04,78.075,78.04,54
2023-06-15 15:08:00,544,78.0674,78.07,78.08,78.08,78.07,20
2023-06-15 15:09:00,3649,78.1109,78.06,78.16,78.16,78.045,91
2023-06-15 15:10:00,3355,78.1525,78.1755,78.165,78.1755,78.13,52
2023-06-15 15:11:00,1378,78.1924,78.17,78.22,78.22,78.17,47
2023-06-15 15:12:00,1664,78.2503,78.25,78.285,78.285,78.24,52
2023-06-15 15:13:00,619,78.2703,78.26,78.26,78.26,78.26,21
2023-06-15 15:14:00,1408,78.2359,78.26,78.24,78.26,78.24,31
2023-06-15 15:15:00,1878,78.2727,78.232,78.32,78.32,78.232,48
2023-06-15 15:16:00,896,78.3381,78.35,78.32,78.35,78.32,22
2023-06-15 15:17:00,1403,78.3673,78.345,78.37,78.39,78.345,45
2023-06-15 15:18:00,1874,78.3591,78.36,78.35,78.37,78.35,49
2023-06-15 15:19:00,2773,78.3237,78.39,78.27,78.39,78.27,85
2023-06-15 15:20:00,1579,78.2984,78.29,78.335,78.335,78.29,33
2023-06-15 15:22:00,2326,78.4174,78.4,78.45,78.45,78.4,60
2023-06-15 15:23:00,977,78.4346,78.44,78.45,78.45,78.44,29
2023-06-15 15:24:00,1933,78.4257,78.44,78.425,78.45,78.41,48
2023-06-15 15:25:00,966,78.4117,78.39,78.43,78.43,78.39,28
2023-06-15 15:26:00,1728,78.4174,78.4261,78.41,78.4261,78.41,48
2023-06-15 15:27:00,7733,78.4608,78.42,78.43,78.5,78.42,153
2023-06-15 15:28:00,1201,78.4648,78.46,78.43,78.46,78.43,40
2023-06-15 15:29:00,932,78.4991,78.5,78.51,78.51,78.5,45
2023-06-15 15:30:00,1237,78.4677,78.4651,78.47,78.47,78.455,30
2023-06-15 15:31:00,977,78.4675,78.49,78.45,78.49,78.45,34
2023-06-15 15:32:00,2785,78.3991,78.44,78.4,78.44,78.38,75
2023-06-15 15:33:00,3113,78.3815,78.42,78.35,78.42,78.35,69
2023-06-15 15:34:00,2675,78.3259,78.33,78.35,78.35,78.31,68
2023-06-15 15:35:00,817,78.3716,78.38,78.35,78.39,78.35,32
2023-06-15 15:36:00,1779,78.3817,78.37,78.395,78.41,78.37,58
2023-06-15 15:37:00,1293,78.417,78.39,78.44,78.44,78.39,37
2023-06-15 15:38:00,3292,78.4603,78.45,78.45,78.49,78.44,85
2023-06-15 15:39:00,552,78.4552,78.46,78.475,78.475,78.459,20
2023-06-15 15:40:00,760,78.4677,78.47,78.47,78.47,78.455,21
2023-06-15 15:41:00,633,78.4616,78.465,78.45,78.465,78.45,21
2023-06-15 15:42:00,651,78.4419,78.45,78.44,78.45,78.43,24
2023-06-15 15:43:00,688,78.4081,78.42,78.39,78.42,78.39,42
2023-06-15 15:44:00,832,78.3945,78.39,78.4,78.4,78.39,22
2023-06-15 15:45:00,2106,78.4092,78.4,78.44,78.44,78.4,63
2023-06-15 15:46:00,1239,78.4108,78.42,78.385,78.42,78.385,54
2023-06-15 15:47:00,2816,78.3355,78.38,78.3,78.38,78.3,74
2023-06-15 15:48:00,1432,78.2808,78.28,78.3,78.3,78.265,42
2023-06-15 15:49:00,1150,78.2927,78.28,78.285,78.2899,78.28,23
2023-06-15 15:50:00,1408,78.2656,78.27,78.275,78.275,78.24,45
2023-06-15 15:51:00,3884,78.3026,78.3096,78.29,78.33,78.29,113
2023-06-15 15:52:00,671,78.302,78.31,78.29,78.31,78.29,26
2023-06-15 15:53:00,1633,78.3163,78.31,78.33,78.33,78.3,44
2023-06-15 15:54:00,853,78.3036,78.31,78.3,78.31,78.3,37
2023-06-15 15:55:00,947,78.2962,78.28,78.32,78.32,78.28,26
2023-06-15 15:56:00,1207,78.2865,78.3,78.28,78.3,78.28,34
2023-06-15 15:57:00,1766,78.2766,78.28,78.275,78.28,78.27,47
2023-06-15 15:58:00,1584,78.2609,78.27,78.27,78.27,78.255,28
2023-06-15 15:59:00,1004,78.2909,78.295,78.29,78.295,78.29,33
2023-06-15 16:00:00,1166,78.3157,78.33,78.3,78.33,78.3,38
2023-06-15 16:01:00,2098,78.2966,78.295,78.29,78.3,78.29,34
2023-06-15 16:02:00,326,78.3007,78.3,78.3018,78.3018,78.3,14
2023-06-15 16:03:00,732,78.3081,78.31,78.31,78.31,78.31,33
2023-06-15 16:04:00,558,78.3033,78.305,78.3,78.31,78.3,19
2023-06-15 16:05:00,2979,78.2994,78.3,78.28,78.31,78.28,87
2023-06-15 16:06:00,1374,78.2813,78.3,78.28,78.3,78.28,61
2023-06-15 16:07:00,1176,78.278,78.28,78.285,78.285,78.28,54
2023-06-15 16:08:00,1731,78.2658,78.26,78.27,78.27,78.26,43
2023-06-15 16:09:00,5334,78.2937,78.28,78.32,78.325,78.28,54
2023-06-15 16:10:00,1859,78.3153,78.335,78.335,78.34,78.29,57
2023-06-15 16:11:00,837,78.3147,78.32,78.31,78.32,78.31,38
2023-06-15 16:12:00,1185,78.3008,78.3,78.3,78.3,78.3,55
2023-06-15 16:13:00,701,78.318,78.31,78.32,78.32,78.31,21
2023-06-15 16:14:00,1689,78.305,78.325,78.31,78.325,78.29,35
2023-06-15 16:15:00,283,78.3372,78.33,78.345,78.345,78.33,7
2023-06-15 16:17:00,2907,78.3397,78.345,78.35,78.35,78.33,70
2023-06-15 16:18:00,2052,78.34,78.35,78.34,78.35,78.33,47
2023-06-15 16:19:00,1075,78.342,78.34,78.35,78.35,78.34,24
2023-06-15 16:20:00,2730,78.3684,78.35,78.371,78.385,78.35,83
2023-06-15 16:21:00,2681,78.3709,78.39,78.37,78.39,78.37,54
2023-06-15 16:22:00,1843,78.3852,78.38,78.41,78.41,78.38,40
2023-06-15 16:23:00,528,78.391,78.4022,78.39,78.4022,78.39,17
2023-06-15 16:24:00,1292,78.3766,78.37,78.39,78.39,78.365,45
2023-06-15 16:25:00,378,78.395,78.41,78.39,78.41,78.39,10
2023-06-15 16:26:00,1019,78.4073,78.4,78.41,78.41,78.39,41
2023-06-15 16:27:00,1952,78.3792,78.38,78.39,78.39,78.37,45
2023-06-15 16:28:00,2493,78.4198,78.4098,78.43,78.44,78.4098,42
2023-06-15 16:29:00,1189,78.4108,78.41,78.41,78.41,78.4,37
2023-06-15 16:30:00,1366,78.44,78.45,78.42,78.45,78.42,49
2023-06-15 16:31:00,1009,78.4129,78.43,78.415,78.43,78.41,25
2023-06-15 16:32:00,1209,78.3907,78.3949,78.37,78.3949,78.37,23
2023-06-15 16:33:00,745,78.4001,78.395,78.4,78.4,78.395,23
2023-06-15 16:34:00,896,78.4137,78.41,78.42,78.42,78.41,32
2023-06-15 16:35:00,2344,78.4031,78.41,78.41,78.42,78.39,41
2023-06-15 16:36:00,1616,78.4445,78.45,78.45,78.45,78.45,37
2023-06-15 16:37:00,1553,78.4539,78.46,78.4501,78.46,78.4501,6
2023-06-15 16:38:00,1081,78.4532,78.46,78.46,78.46,78.45,35
2023-06-15 16:39:00,1074,78.4408,78.46,78.415,78.46,78.415,49
2023-06-15 16:40:00,744,78.4279,78.43,78.43,78.43,78.43,25
2023-06-15 16:41:00,363,78.4358,78.44,78.44,78.44,78.44,9
2023-06-15 16:42:00,1022,78.4606,78.45,78.46,78.48,78.45,38
2023-06-15 16:43:00,476,78.4702,78.48,78.48,78.48,78.48,8
2023-06-15 16:44:00,1309,78.4777,78.47,78.47,78.48,78.47,25
2023-06-15 16:45:00,3414,78.4398,78.46,78.43,78.46,78.42,91
2023-06-15 16:46:00,366,78.4297,78.43,78.43,78.43,78.43,8
2023-06-15 16:47:00,1818,78.3974,78.4,78.4,78.405,78.39,69
2023-06-15 16:48:00,212,78.4161,78.4,78.4,78.4,78.4,4
2023-06-15 16:49:00,1677,78.4279,78.41,78.45,78.45,78.41,50
2023-06-15 16:50:00,1627,78.4694,78.445,78.48,78.48,78.445,30
2023-06-15 16:51:00,2289,78.485,78.49,78.48,78.5,78.47,39
2023-06-15 16:52:00,2156,78.4745,78.483,78.46,78.483,78.46,40
2023-06-15 16:54:00,3742,78.4544,78.45,78.47,78.47,78.45,56
2023-06-15 16:55:00,739,78.4649,78.47,78.46,78.47,78.46,19
2023-06-15 16:56:00,2878,78.4639,78.47,78.47,78.475,78.45,55
2023-06-15 16:57:00,1760,78.4883,78.475,78.5,78.5,78.475,30
2023-06-15 16:59:00,1322,78.479,78.48,78.48,78.49,78.47,62
2023-06-15 17:00:00,1563,78.4591,78.48,78.47,78.48,78.45,53
2023-06-15 17:01:00,954,78.4846,78.48,78.47,78.495,78.47,30
2023-06-15 17:02:00,666,78.4644,78.45,78.47,78.47,78.45,18
2023-06-15 17:03:00,1126,78.4853,78.47,78.4893,78.4893,78.47,17
2023-06-15 17:04:00,2777,78.465,78.46,78.47,78.475,78.46,50
2023-06-15 17:05:00,127,78.4607,78.46,78.46,78.46,78.46,5
2023-06-15 17:06:00,10082,78.4495,78.45,78.45,78.455,78.43,155
2023-06-15 17:07:00,7516,78.453,78.455,78.44,78.46,78.44,170
2023-06-15 17:08:00,543,78.4169,78.42,78.42,78.42,78.42,32
2023-06-15 17:09:00,378,78.4092,78.41,78.41,78.41,78.41,23
2023-06-15 17:10:00,1624,78.3863,78.39,78.39,78.39,78.37,57
2023-06-15 17:11:00,1214,78.4165,78.41,78.43,78.43,78.41,56
2023-06-15 17:12:00,740,78.4344,78.43,78.44,78.44,78.43,21
2023-06-15 17:13:00,958,78.4087,78.42,78.4,78.42,78.4,30
2023-06-15 17:14:00,1232,78.385,78.39,78.35,78.39,78.35,48
2023-06-15 17:16:00,1108,78.3474,78.34,78.36,78.36,78.34,31
2023-06-15 17:17:00,962,78.3244,78.33,78.31,78.33,78.31,27
2023-06-15 17:18:00,1225,78.3371,78.33,78.35,78.35,78.33,39
2023-06-15 17:19:00,623,78.3559,78.35,78.35,78.35,78.35,29
2023-06-15 17:20:00,371,78.3634,78.35,78.37,78.37,78.35,15
2023-06-15 17:21:00,852,78.3712,78.37,78.375,78.375,78.37,15
2023-06-15 17:22:00,2405,78.3734,78.38,78.36,78.39,78.35,83
2023-06-15 17:23:00,450,78.366,78.36,78.37,78.37,78.36,19
2023-06-15 17:24:00,2239,78.3595,78.38,78.36,78.38,78.35,54
2023-06-15 17:25:00,2107,78.3378,78.33,78.34,78.35,78.32,74
2023-06-15 17:26:00,742,78.3115,78.32,78.3,78.32,78.3,35
2023-06-15 17:27:00,1373,78.3222,78.32,78.33,78.33,78.31,41
2023-06-15 17:28:00,861,78.3534,78.34,78.378,78.378,78.34,30
2023-06-15 17:29:00,1253,78.3605,78.35,78.37,78.37,78.35,47
2023-06-15 17:30:00,961,78.393,78.375,78.41,78.41,78.375,35
2023-06-15 17:31:00,896,78.4282,78.41,78.44,78.44,78.41,23
2023-06-15 17:32:00,1422,78.4169,78.44,78.41,78.44,78.4,46
2023-06-15 17:33:00,482,78.4231,78.41,78.43,78.43,78.41,15
2023-06-15 17:34:00,892,78.4284,78.43,78.44,78.44,78.43,31
2023-06-15 17:35:00,1190,78.4321,78.44,78.449,78.449,78.42,44
2023-06-15 17:36:00,2844,78.443,78.42,78.445,78.46,78.42,73
2023-06-15 17:37:00,1347,78.4298,78.43,78.42,78.43,78.42,32
2023-06-15 17:38:00,1172,78.4118,78.425,78.4,78.425,78.4,53
2023-06-15 17:39:00,1698,78.4231,78.41,78.43,78.43,78.41,48
2023-06-15 17:40:00,571,78.43,78.43,78.43,78.43,78.43,29
2023-06-15 17:41:00,267,78.4494,78.45,78.45,78.45,78.45,18
2023-06-15 17:42:00,1448,78.4521,78.46,78.46,78.46,78.43,45
2023-06-15 17:43:00,872,78.4841,78.48,78.49,78.49,78.48,35
2023-06-15 17:44:00,1382,78.5,78.5,78.49,78.51,78.49,36
2023-06-15 17:45:00,1944,78.5256,78.5,78.55,78.55,78.5,77
2023-06-15 17:46:00,2406,78.5317,78.54,78.53,78.55,78.52,61
2023-06-15 17:47:00,1172,78.5317,78.53,78.52,78.54,78.52,58
2023-06-15 17:48:00,514,78.528,78.53,78.53,78.53,78.53,36
2023-06-15 17:49:00,1982,78.5438,78.54,78.55,78.55,78.54,63
2023-06-15 17:50:00,531,78.5484,78.53,78.55,78.55,78.53,29
2023-06-15 17:51:00,3439,78.579,78.56,78.59,78.59,78.56,52
2023-06-15 17:52:00,1389,78.5919,78.58,78.61,78.61,78.58,26
2023-06-15 17:53:00,1916,78.6163,78.5964,78.63,78.63,78.5964,44
2023-06-15 17:54:00,1411,78.6093,78.61,78.62,78.62,78.6,59
2023-06-15 17:55:00,2139,78.6211,78.62,78.615,78.635,78.615,33
2023-06-15 17:56:00,1507,78.6442,78.63,78.65,78.66,78.63,47
2023-06-15 17:57:00,645,78.6648,78.66,78.66,78.66,78.66,24
2023-06-15 17:58:00,984,78.6654,78.6884,78.65,78.6884,78.65,38
2023-06-15 17:59:00,1098,78.6706,78.67,78.67,78.68,78.67,41
2023-06-15 18:00:00,1441,78.6926,78.7,78.7,78.72,78.69,39
2023-06-15 18:01:00,1273,78.7251,78.71,78.7296,78.74,78.71,38
2023-06-15 18:02:00,2505,78.714,78.72,78.7,78.73,78.69,67
2023-06-15 18:03:00,2967,78.701,78.7,78.72,78.72,78.69,74
2023-06-15 18:04:00,1237,78.6879,78.71,78.67,78.71,78.67,49
2023-06-15 18:05:00,3646,78.6776,78.675,78.69,78.69,78.65,79
2023-06-15 18:06:00,822,78.6876,78.685,78.69,78.69,78.685,18
2023-06-15 18:07:00,2935,78.6618,78.66,78.65,78.685,78.65,98
2023-06-15 18:08:00,966,78.6207,78.65,78.62,78.65,78.61,47
2023-06-15 18:09:00,1406,78.6215,78.62,78.61,78.63,78.61,49
2023-06-15 18:10:00,3139,78.6129,78.605,78.61,78.63,78.6,114
2023-06-15 18:11:00,1223,78.6105,78.61,78.61,78.62,78.61,46
2023-06-15 18:12:00,1533,78.6266,78.63,78.62,78.63,78.62,61
2023-06-15 18:13:00,4402,78.6108,78.61,78.61,78.6171,78.59,53
2023-06-15 18:14:00,10719,78.6015,78.62,78.61,78.63,78.57,200
2023-06-15 18:15:00,2260,78.6083,78.61,78.61,78.62,78.6,65
2023-06-15 18:16:00,1479,78.6283,78.63,78.62,78.64,78.62,34
2023-06-15 18:17:00,1346,78.6207,78.62,78.63,78.63,78.615,35
2023-06-15 18:18:00,2133,78.6256,78.61,78.635,78.65,78.61,57
2023-06-15 18:19:00,1272,78.6098,78.6445,78.615,78.6445,78.6,26
2023-06-15 18:20:00,1558,78.6215,78.63,78.61,78.63,78.61,51
2023-06-15 18:21:00,2353,78.6535,78.62,78.69,78.69,78.62,116
2023-06-15 18:22:00,2502,78.6813,78.69,78.68,78.69,78.68,31
2023-06-15 18:23:00,2339,78.6629,78.69,78.67,78.69,78.65,54
2023-06-15 18:24:00,1618,78.6859,78.68,78.68,78.69,78.68,38
2023-06-15 18:25:00,1397,78.6734,78.67,78.67,78.68,78.66,39
2023-06-15 18:26:00,2414,78.6744,78.67,78.6699,78.695,78.6699,57
2023-06-15 18:27:00,1709,78.6799,78.67,78.69,78.69,78.67,54
2023-06-15 18:28:00,2720,78.7155,78.7,78.72,78.74,78.7,76
2023-06-15 18:29:00,2269,78.7468,78.72,78.755,78.77,78.72,54
2023-06-15 18:30:00,2922,78.774,78.75,78.79,78.79,78.75,88
2023-06-15 18:31:00,1769,78.7814,78.78,78.79,78.79,78.77,52
2023-06-15 18:32:00,3142,78.8082,78.78,78.85,78.85,78.78,89
2023-06-15 18:33:00,3257,78.8181,78.82,78.82,78.83,78.805,77
2023-06-15 18:34:00,2393,78.8283,78.83,78.81,78.84,78.81,48
2023-06-15 18:35:00,2272,78.8307,78.82,78.84,78.84,78.82,61
2023-06-15 18:36:00,2352,78.8531,78.85,78.85,78.86,78.84,79
2023-06-15 18:37:00,3712,78.8874,78.86,78.93,78.93,78.86,100
2023-06-15 18:38:00,2138,78.8996,78.92,78.87,78.92,78.87,64
2023-06-15 18:39:00,3947,78.8957,78.89,78.91,78.92,78.88,72
2023-06-15 18:40:00,3579,78.9143,78.92,78.9,78.94,78.89,146
2023-06-15 18:41:00,2043,78.9075,78.9,78.92,78.93,78.9,72
2023-06-15 18:42:00,5539,78.902,78.9,78.895,78.92,78.88,136
2023-06-15 18:43:00,3517,78.9307,78.895,78.94,78.97,78.895,103
2023-06-15 18:44:00,2192,78.9508,78.93,78.97,78.97,78.93,57
2023-06-15 18:45:00,1370,78.9549,78.98,78.92,78.99,78.92,46
2023-06-15 18:46:00,4457,78.9107,78.935,78.92,78.935,78.9,106
2023-06-15 18:47:00,1597,78.9146,78.91,78.92,78.92,78.9,38
2023-06-15 18:48:00,1760,78.9318,78.9207,78.93,78.95,78.91,59
2023-06-15 18:49:00,1983,78.9456,78.94,78.93,78.96,78.93,70
2023-06-15 18:50:00,2272,78.947,78.92,78.965,78.97,78.91,74
2023-06-15 18:51:00,3210,78.9763,78.96,78.98,78.99,78.96,85
2023-06-15 18:52:00,3448,79.0017,79.0,78.99,79.02,78.99,98
2023-06-15 18:53:00,1477,78.9688,78.98,78.97,78.98,78.95,45
2023-06-15 18:54:00,2617,79.0118,78.99,79.05,79.05,78.99,74
2023-06-15 18:55:00,2471,79.0712,79.06,79.09,79.09,79.06,64
2023-06-15 18:56:00,2615,79.0859,79.1,79.09,79.1,79.07,80
2023-06-15 18:57:00,2864,79.0735,79.07,79.1,79.1,79.04,98
2023-06-15 18:58:00,3277,79.1175,79.105,79.13,79.15,79.1,105
2023-06-15 18:59:00,1896,79.1398,79.14,79.11,79.15,79.11,61
2023-06-15 19:00:00,2899,79.1287,79.13,79.1,79.1574,79.1,92
2023-06-15 19:01:00,2134,79.0546,79.05,79.05,79.07,79.04,47
2023-06-15 19:02:00,2149,79.0191,79.03,79.01,79.03,79.0,67
2023-06-15 19:03:00,3094,79.0209,78.99,79.02,79.03,78.99,78
2023-06-15 19:04:00,2722,79.0018,79.01,79.0,79.01,78.98,73
2023-06-15 19:05:00,1722,79.0119,79.005,79.025,79.025,79.0,78
2023-06-15 19:06:00,2137,79.0027,79.025,78.985,79.025,78.985,95
2023-06-15 19:07:00,3484,78.974,78.98,78.995,78.995,78.97,154
2023-06-15 19:08:00,3171,79.0103,78.99,79.02,79.02,78.99,94
2023-06-15 19:09:00,2770,79.0396,79.04,79.03,79.05,79.03,91
2023-06-15 19:10:00,2016,79.0155,79.04,79.01,79.04,79.005,81
2023-06-15 19:11:00,4586,79.012,79.02,79.03,79.03,79.0,157
2023-06-15 19:12:00,2438,79.0161,79.025,79.03,79.0355,78.99,73
2023-06-15 19:13:00,2694,79.0632,79.04,79.07,79.08,79.04,80
2023-06-15 19:14:00,2254,79.1,79.08,79.1247,79.1247,79.08,61
2023-06-15 19:15:00,2449,79.1595,79.14,79.17,79.18,79.14,70
2023-06-15 19:16:00,3384,79.1399,79.17,79.12,79.17,79.12,105
2023-06-15 19:17:00,5320,79.0795,79.1,79.07,79.1,79.06,164
2023-06-15 19:18:00,2750,79.0629,79.06,79.09,79.09,79.03,80
2023-06-15 19:19:00,4849,79.0657,79.1,79.03,79.1,79.03,116
2023-06-15 19:20:00,2872,79.0106,79.025,79.015,79.025,78.99,83
2023-06-15 19:21:00,4343,79.026,79.01,79.04,79.04,79.01,77
2023-06-15 19:22:00,4080,79.0566,79.045,79.06,79.07,79.035,95
2023-06-15 19:23:00,2605,79.057,79.07,79.05,79.07,79.05,75
2023-06-15 19:24:00,3259,79.0529,79.06,79.04,79.07,79.04,102
2023-06-15 19:25:00,3148,79.0248,79.03,79.01,79.035,79.01,93
2023-06-15 19:26:00,3890,79.0356,79.015,79.07,79.07,79.015,120
2023-06-15 19:27:00,3492,79.0575,79.06,79.05,79.09,79.05,111
2023-06-15 19:28:00,2099,79.0685,79.06,79.08,79.08,79.06,68
2023-06-15 19:29:00,3994,79.0985,79.08,79.12,79.12,79.08,107
2023-06-15 19:30:00,6096,79.114,79.13,79.09,79.135,79.08,179
2023-06-15 19:31:00,3359,79.1151,79.094,79.15,79.15,79.094,96
2023-06-15 19:32:00,4299,79.114,79.15,79.1,79.155,79.075,128
2023-06-15 19:33:00,4635,79.0908,79.1,79.08,79.105,79.075,139
2023-06-15 19:34:00,3833,79.0695,79.07,79.07,79.08,79.06,99
2023-06-15 19:35:00,3753,79.0503,79.06,79.055,79.06,79.04,111
2023-06-15 19:36:00,6429,79.0087,79.04,78.95,79.04,78.95,152
2023-06-15 19:37:00,5693,78.9348,78.94,78.93,78.95,78.92,151
2023-06-15 19:38:00,4723,78.9723,78.94,78.99,79.0,78.94,125
2023-06-15 19:39:00,4462,78.997,79.0,78.98,79.01,78.98,99
2023-06-15 19:40:00,2695,78.9963,78.98,79.02,79.02,78.98,83
2023-06-15 19:41:00,5517,79.0464,79.03,79.105,79.105,79.02,168
2023-06-15 19:42:00,6376,79.1105,79.11,79.13,79.13,79.1,178
2023-06-15 19:43:00,6650,79.1247,79.13,79.11,79.15,79.105,213
2023-06-15 19:44:00,4894,79.1066,79.1,79.12,79.12,79.1,151
2023-06-15 19:45:00,6538,79.1713,79.13,79.195,79.2,79.13,173
2023-06-15 19:46:00,5792,79.1398,79.2,79.11,79.2,79.1,167
2023-06-15 19:47:00,3027,79.1124,79.12,79.1,79.12,79.1,114
2023-06-15 19:48:00,6715,79.1278,79.11,79.15,79.15,79.11,187
2023-06-15 19:49:00,6263,79.1382,79.17,79.16,79.17,79.11,152
2023-06-15 19:50:00,15797,79.2032,79.17,79.2,79.23,79.17,296
2023-06-15 19:51:00,10110,79.1466,79.19,79.16,79.195,79.12,243
2023-06-15 19:52:00,4918,79.1606,79.17,79.16,79.17,79.15,140
2023-06-15 19:53:00,10262,79.1422,79.155,79.155,79.16,79.11,248
2023-06-15 19:54:00,23245,79.1573,79.151,79.15,79.2,79.12,341
2023-06-15 19:55:00,12383,79.0831,79.15,79.07,79.15,79.06,258
2023-06-15 19:56:00,15186,79.0579,79.07,79.04,79.075,79.04,276
2023-06-15 19:57:00,17815,79.0234,79.03,79.035,79.04,79.0,329
2023-06-15 19:58:00,16592,79.0145,79.03,79.005,79.03,79.0,337
2023-06-15 19:59:00,60879,79.0492,79.01,79.08,79.11,78.98,899
2023-06-15 20:00:00,10329,79.08,79.08,79.08,79.08,79.08,36
2023-06-15 22:33:00,100,78.98,78.98,78.98,78.98,78.98,1
2023-06-15 23:47:00,100,78.98,78.98,78.98,78.98,78.98,1
2023-06-16 12:25:00,23031,79.08,79.08,79.08,79.08,79.08,1
2023-06-16 12:52:00,183,78.9198,78.92,78.92,78.92,78.92,4
2023-06-16 13:27:00,1300,79.9403,79.83,80.03,80.03,79.83,13
2023-06-16 13:29:00,13029,79.35,79.35,79.35,79.35,79.35,4
2023-06-16 13:30:00,771463,79.435,79.44,79.06,79.44,79.06,273
2023-06-16 13:31:00,26665,79.2521,79.07,78.96,79.44,78.69,260
2023-06-16 13:32:00,2188,78.9225,78.94,78.9,78.97,78.85,143
2023-06-16 13:33:00,1985,78.9896,78.96,79.0011,79.01,78.95,106
2023-06-16 13:34:00,5513,79.072,78.96,79.18,79.18,78.94,156
2023-06-16 13:35:00,3713,79.2234,79.265,79.14,79.33,79.13,129
2023-06-16 13:36:00,3239,79.0093,79.1,78.91,79.1,78.91,115
2023-06-16 13:37:00,4796,78.8707,78.97,78.83,78.97,78.83,138
2023-06-16 13:38:00,2193,78.9461,78.87,78.99,78.99,78.87,77
2023-06-16 13:39:00,592,78.9831,78.97,78.97,78.97,78.97,51
2023-06-16 13:40:00,2713,79.0528,79.09,79.01,79.09,78.99,102
2023-06-16 13:41:00,1892,79.0222,79.09,79.0,79.09,79.0,65
2023-06-16 13:42:00,3051,78.9701,79.03,78.87,79.03,78.87,84
2023-06-16 13:43:00,4675,78.8137,78.86,78.9,78.9,78.75,131
2023-06-16 13:44:00,788,78.9268,78.875,78.94,78.94,78.875,34
2023-06-16 13:45:00,2659,78.92,78.945,78.94,78.945,78.9,103
2023-06-16 13:46:00,4068,78.8205,78.88,78.8,78.89,78.74,127
2023-06-16 13:47:00,1751,78.8268,78.82,78.81,78.86,78.81,84
2023-06-16 13:48:00,703,78.8851,78.9,78.8801,78.9,78.8801,35
2023-06-16 13:49:00,1265,78.9241,78.93,78.96,78.96,78.89,46
2023-06-16 13:50:00,1186,78.9839,78.975,78.99,78.99,78.975,36
2023-06-16 13:51:00,2049,79.0443,79.015,79.095,79.095,79.015,105
2023-06-16 13:52:00,960,79.0712,79.09,79.09,79.09,79.09,54
2023-06-16 13:53:00,1358,79.0959,79.1,79.07,79.11,79.07,57
2023-06-16 13:54:00,733,79.0754,79.06,79.08,79.08,79.06,25
2023-06-16 13:55:00,1310,79.0589,79.08,79.045,79.08,79.045,79
2023-06-16 13:56:00,2422,78.9857,79.04,78.9,79.04,78.9,101
2023-06-16 13:58:00,1753,78.8294,78.86,78.82,78.88,78.81,72
2023-06-16 13:59:00,16981,78.7048,78.72,78.71,78.785,78.68,166
2023-06-16 14:00:00,2756,78.8725,78.8,78.9788,78.98,78.7952,79
2023-06-16 14:01:00,1299,78.8693,78.865,78.85,78.865,78.85,83
2023-06-16 14:02:00,677,78.8896,78.89,78.89,78.89,78.89,48
2023-06-16 14:03:00,3848,78.9367,78.92,78.94,78.97,78.91,138
2023-06-16 14:04:00,4195,78.9855,78.94,79.05,79.05,78.94,79
2023-06-16 14:05:00,4141,79.1101,79.08,79.11,79.16,79.08,139
2023-06-16 14:06:00,1792,79.0814,79.1,79.055,79.1,79.05,67
2023-06-16 14:08:00,1002,79.0644,79.0699,79.07,79.07,79.04,30
2023-06-16 14:09:00,1548,79.1111,79.0919,79.14,79.14,79.0919,54
2023-06-16 14:10:00,2848,79.1688,79.15,79.15,79.2,79.15,120
2023-06-16 14:11:00,2333,79.0951,79.16,79.05,79.16,79.05,93
2023-06-16 14:12:00,2158,79.0454,79.04,79.05,79.07,79.03,76
2023-06-16 14:13:00,4549,79.0538,79.03,79.08,79.09,79.01,120
2023-06-16 14:14:00,2645,78.9749,79.0,78.96,79.01,78.92,115
2023-06-16 14:15:00,855,79.0007,79.0,79.02,79.02,79.0,41
2023-06-16 14:16:00,2104,79.0354,79.02,79.055,79.055,79.01,67
2023-06-16 14:17:00,1168,79.0267,79.05,79.02,79.05,79.02,58
2023-06-16 14:18:00,3289,79.0194,79.05,78.99,79.05,78.98,109
2023-06-16 14:19:00,2325,79.0074,79.01,78.98,79.04,78.98,78
2023-06-16 14:20:00,2017,78.9723,78.97,78.96,78.97,78.95,77
2023-06-16 14:21:00,1197,79.0236,79.0,79.05,79.055,79.0,47
2023-06-16 14:22:00,1540,79.1099,79.06,79.15,79.15,79.06,56
2023-06-16 14:23:00,1491,79.1428,79.16,79.145,79.16,79.14,77
2023-06-16 14:24:00,1260,79.1104,79.1,79.09,79.1,79.09,89
2023-06-16 14:25:00,1470,79.1275,79.1,79.135,79.15,79.1,66
2023-06-16 14:26:00,1302,79.1619,79.1201,79.17,79.17,79.1201,51
2023-06-16 14:27:00,2817,79.1627,79.18,79.13,79.18,79.12,99
2023-06-16 14:28:00,2297,79.1717,79.13,79.19,79.19,79.13,83
2023-06-16 14:29:00,943,79.2443,79.25,79.265,79.265,79.25,63
2023-06-16 14:30:00,647,79.254,79.255,79.25,79.255,79.25,44
2023-06-16 14:31:00,1503,79.2601,79.245,79.28,79.28,79.23,55
2023-06-16 14:32:00,1173,79.2667,79.28,79.25,79.28,79.25,50
2023-06-16 14:33:00,408,79.2516,79.25,79.25,79.25,79.25,28
2023-06-16 14:34:00,1812,79.2685,79.255,79.26,79.29,79.255,65
2023-06-16 14:35:00,6334,79.2051,79.23,79.21,79.23,79.19,129
2023-06-16 14:36:00,3598,79.1815,79.22,79.18,79.22,79.17,99
2023-06-16 14:37:00,2880,79.1622,79.19,79.17,79.19,79.14,102
2023-06-16 14:38:00,1246,79.1509,79.16,79.12,79.16,79.12,82
2023-06-16 14:39:00,1926,79.088,79.11,79.1,79.11,79.07,90
2023-06-16 14:40:00,1211,79.1104,79.12,79.088,79.12,79.088,55
2023-06-16 14:41:00,3075,79.0237,79.08,79.005,79.08,78.96,107
2023-06-16 14:42:00,979,78.9992,78.99,78.98,79.01,78.98,52
2023-06-16 14:43:00,686,78.9865,78.98,78.97,78.98,78.97,34
2023-06-16 14:44:00,1743,79.0254,79.03,79.03,79.04,79.01,78
2023-06-16 14:45:00,3340,79.0544,78.99,79.1141,79.1141,78.99,95
2023-06-16 14:46:00,2223,79.0957,79.115,79.09,79.115,79.08,74
2023-06-16 14:47:00,6284,79.1463,79.1,79.16,79.16,79.09,153
2023-06-16 14:48:00,3252,79.1417,79.18,79.15,79.18,79.13,97
2023-06-16 14:49:00,2969,79.1399,79.16,79.13,79.17,79.12,121
2023-06-16 14:50:00,2944,79.1048,79.11,79.16,79.16,79.09,85
2023-06-16 14:51:00,5151,79.222,79.21,79.19,79.25,79.19,144
2023-06-16 14:52:00,1997,79.227,79.205,79.26,79.275,79.2,91
2023-06-16 14:53:00,2629,79.2612,79.2714,79.25,79.28,79.25,74
2023-06-16 14:54:00,2705,79.2586,79.26,79.31,79.31,79.22,98
2023-06-16 14:55:00,1551,79.291,79.3,79.29,79.31,79.28,72
2023-06-16 14:56:00,1904,79.2825,79.29,79.275,79.29,79.27,64
2023-06-16 14:57:00,1285,79.22,79.25,79.19,79.25,79.19,54
2023-06-16 14:58:00,1990,79.1945,79.19,79.18,79.2,79.18,79
2023-06-16 14:59:00,3006,79.1906,79.18,79.19,79.2,79.18,118
2023-06-16 15:00:00,2073,79.1378,79.16,79.12,79.16,79.115,66
2023-06-16 15:01:00,1761,79.0913,79.09,79.07,79.11,79.07,69
2023-06-16 15:02:00,3300,79.0084,79.04,78.99,79.04,78.99,112
2023-06-16 15:03:00,514,79.0708,79.0,79.0,79.0,79.0,25
2023-06-16 15:04:00,1296,78.96,78.97,78.95,78.97,78.95,70
2023-06-16 15:05:00,1502,78.961,78.97,78.97,78.97,78.945,69
2023-06-16 15:06:00,1550,78.9394,78.96,78.88,78.96,78.88,82
2023-06-16 15:07:00,1701,78.9487,78.92,78.99,78.99,78.92,85
2023-06-16 15:08:00,858,78.9931,78.98,78.995,78.995,78.98,53
2023-06-16 15:09:00,1072,79.0094,79.03,79.03,79.03,79.03,49
2023-06-16 15:10:00,833,79.0335,79.05,79.03,79.05,79.03,45
2023-06-16 15:11:00,4140,79.0675,79.05,79.07,79.095,79.05,166
2023-06-16 15:12:00,1831,79.0632,79.05,79.05,79.075,79.05,78
2023-06-16 15:13:00,1359,79.0705,79.14,79.16,79.16,79.14,39
2023-06-16 15:14:00,1193,79.173,79.17,79.16,79.21,79.16,67
2023-06-16 15:15:00,1637,79.1352,79.15,79.16,79.16,79.1,63
2023-06-16 15:16:00,730,79.1285,79.13,79.13,79.13,79.13,45
2023-06-16 15:17:00,306,79.1253,79.125,79.125,79.125,79.125,17
2023-06-16 15:18:00,773,79.098,79.11,79.07,79.11,79.07,66
2023-06-16 15:19:00,1888,79.0759,79.06,79.075,79.08,79.04,53
2023-06-16 15:20:00,1594,79.0955,79.08,79.1,79.11,79.08,63
2023-06-16 15:21:00,595,79.073,79.08,79.065,79.08,79.065,46
2023-06-16 15:22:00,1337,79.042,79.06,79.02,79.06,79.015,62
2023-06-16 15:23:00,1756,78.9938,79.01,78.98,79.01,78.98,67
2023-06-16 15:24:00,1878,78.9953,78.97,79.01,79.01,78.97,76
2023-06-16 15:25:00,1714,79.0268,79.02,79.025,79.04,79.02,92
2023-06-16 15:26:00,2359,78.9976,79.03,78.99,79.03,78.975,91
2023-06-16 15:27:00,1251,78.9732,78.99,78.95,78.99,78.95,43
2023-06-16 15:28:00,464,78.9608,78.95,78.95,78.95,78.95,32
2023-06-16 15:29:00,2492,78.9817,78.96,79.01,79.01,78.95,112
2023-06-16 15:30:00,803,79.0276,79.06,79.055,79.06,79.055,28
2023-06-16 15:31:00,1290,79.0541,79.05,79.04,79.075,79.04,60
2023-06-16 15:32:00,1906,79.0091,79.02,79.01,79.02,78.98,71
2023-06-16 15:33:00,524,79.0547,79.03,79.03,79.03,79.03,42
2023-06-16 15:34:00,622,79.0712,79.09,79.085,79.09,79.085,35
2023-06-16 15:35:00,2195,79.0118,79.045,79.02,79.045,79.0,89
2023-06-16 15:36:00,1271,78.9965,79.02,79.0,79.02,78.97,60
2023-06-16 15:37:00,1159,78.9824,78.97,78.99,79.0,78.97,64
2023-06-16 15:38:00,773,78.9698,78.97,78.97,78.97,78.97,57
2023-06-16 15:39:00,894,78.934,78.94,78.92,78.94,78.92,45
2023-06-16 15:40:00,1608,78.9466,78.94,78.94,78.95,78.94,76
2023-06-16 15:41:00,2035,78.9348,78.93,78.94,78.945,78.92,73
2023-06-16 15:42:00,1151,78.9614,78.94,78.94,78.94,78.94,37
2023-06-16 15:43:00,2262,78.9892,79.0,78.99,79.0,78.985,53
2023-06-16 15:44:00,1058,79.0049,79.0,79.03,79.03,79.0,65
2023-06-16 15:45:00,1478,78.9874,78.97,79.01,79.01,78.97,60
2023-06-16 15:46:00,1894,78.9974,79.01,79.0,79.015,78.98,70
2023-06-16 15:47:00,668,78.9822,78.99,78.97,78.99,78.97,40
2023-06-16 15:48:00,3994,78.9868,78.9893,78.99,79.0,78.97,59
2023-06-16 15:49:00,571,78.9921,78.99,78.99,78.99,78.99,25
2023-06-16 15:50:00,2903,78.9505,78.97,78.95,78.97,78.93,122
2023-06-16 15:51:00,881,78.9162,78.93,78.93,78.93,78.93,40
2023-06-16 15:52:00,1217,78.88,78.89,78.895,78.895,78.88,62
2023-06-16 15:53:00,2019,78.9322,78.9,78.91,78.9358,78.9,77
2023-06-16 15:54:00,1280,78.9635,78.94,78.975,78.99,78.94,62
2023-06-16 15:55:00,1822,78.9686,78.97,78.97,78.99,78.96,54
2023-06-16 15:56:00,2448,78.962,78.99,78.97,78.99,78.94,68
2023-06-16 15:57:00,9467,78.9285,78.99,78.955,78.99,78.91,107
2023-06-16 15:58:00,271,78.9273,78.93,78.91,78.93,78.91,16
2023-06-16 15:59:00,1141,78.9208,78.94,78.91,78.94,78.91,51
2023-06-16 16:00:00,2515,78.8894,78.89,78.91,78.91,78.87,80
2023-06-16 16:01:00,2597,78.8951,78.92,78.88,78.92,78.88,94
2023-06-16 16:02:00,1135,78.8929,78.89,78.9,78.9,78.89,42
2023-06-16 16:03:00,1233,78.9202,78.91,78.93,78.93,78.91,49
2023-06-16 16:04:00,1232,78.9629,78.96,78.98,78.98,78.96,43
2023-06-16 16:05:00,968,78.9541,78.95,78.9578,78.9578,78.94,29
2023-06-16 16:06:00,700,78.9522,78.96,78.96,78.96,78.96,33
2023-06-16 16:07:00,1706,78.9169,78.95,78.885,78.95,78.885,62
2023-06-16 16:08:00,792,78.8948,78.89,78.89,78.89,78.89,42
2023-06-16 16:09:00,1556,78.9124,78.9,78.9281,78.9281,78.9,51
2023-06-16 16:10:00,1079,78.9215,78.93,78.91,78.935,78.91,48
2023-06-16 16:11:00,457,78.9096,78.9,78.9,78.9,78.9,19
2023-06-16 16:12:00,669,78.9083,78.88,78.88,78.88,78.88,45
2023-06-16 16:13:00,1669,78.9119,78.92,78.9,78.92,78.9,59
2023-06-16 16:14:00,1608,78.8928,78.912,78.86,78.912,78.86,58
2023-06-16 16:15:00,1561,78.8878,78.88,78.89,78.89,78.88,51
2023-06-16 16:16:00,1071,78.8984,78.875,78.91,78.91,78.875,59
2023-06-16 16:17:00,1119,78.9363,78.93,78.94,78.94,78.93,35
2023-06-16 16:18:00,458,78.913,78.92,78.92,78.92,78.92,18
2023-06-16 16:19:00,2748,78.9173,78.9032,78.93,78.94,78.9032,76
2023-06-16 16:21:00,1027,78.9602,78.97,78.96,78.97,78.96,30
2023-06-16 16:22:00,1171,79.0033,78.99,79.02,79.02,78.99,60
2023-06-16 16:23:00,662,78.9806,78.98,78.97,78.98,78.97,33
2023-06-16 16:24:00,614,78.9893,78.97,78.97,78.97,78.97,48
2023-06-16 16:25:00,756,79.0471,79.06,79.06,79.06,79.06,47
2023-06-16 16:26:00,1143,79.0731,79.07,79.07,79.09,79.07,41
2023-06-16 16:27:00,1227,79.0647,79.06,79.0682,79.0682,79.06,24
2023-06-16 16:28:00,1027,79.0763,79.075,79.075,79.075,79.075,50
2023-06-16 16:29:00,3065,79.0534,79.05,79.09,79.09,79.05,81
2023-06-16 16:30:00,975,79.1045,79.1,79.12,79.12,79.1,66
2023-06-16 16:31:00,886,79.1227,79.12,79.13,79.13,79.12,47
2023-06-16 16:32:00,1782,79.1447,79.11,79.17,79.17,79.11,65
2023-06-16 16:33:00,1484,79.1361,79.15,79.15,79.15,79.125,62
2023-06-16 16:34:00,1285,79.1581,79.16,79.13,79.18,79.13,52
2023-06-16 16:35:00,695,79.1453,79.15,79.15,79.15,79.15,34
2023-06-16 16:36:00,1554,79.1298,79.15,79.13,79.15,79.12,56
2023-06-16 16:37:00,1592,79.151,79.14,79.15,79.17,79.14,60
2023-06-16 16:38:00,2203,79.1403,79.145,79.15,79.16,79.12,58
2023-06-16 16:39:00,1598,79.1572,79.165,79.18,79.18,79.165,46
2023-06-16 16:40:00,899,79.1749,79.18,79.165,79.18,79.165,27
2023-06-16 16:41:00,1751,79.1485,79.19,79.13,79.19,79.13,45
2023-06-16 16:42:00,803,79.1357,79.13,79.14,79.15,79.13,27
2023-06-16 16:43:00,978,79.1525,79.15,79.17,79.17,79.15,27
2023-06-16 16:44:00,2073,79.1295,79.14,79.11,79.14,79.11,54
2023-06-16 16:45:00,1152,79.0927,79.09,79.1,79.1,79.08,48
2023-06-16 16:46:00,1965,79.0877,79.1,79.09,79.1,79.08,46
2023-06-16 16:47:00,983,79.0857,79.07,79.09,79.09,79.07,42
2023-06-16 16:48:00,797,79.0839,79.08,79.07,79.09,79.07,32
2023-06-16 16:49:00,3483,79.0904,79.07,79.1,79.1,79.06,105
2023-06-16 16:50:00,1397,79.1079,79.105,79.1,79.12,79.09,57
2023-06-16 16:51:00,892,79.1572,79.19,79.22,79.22,79.19,47
2023-06-16 16:52:00,1868,79.2053,79.205,79.21,79.21,79.19,71
2023-06-16 16:53:00,1940,79.2115,79.23,79.21,79.23,79.205,71
2023-06-16 16:54:00,1021,79.2118,79.19,79.23,79.23,79.19,46
2023-06-16 16:55:00,998,79.237,79.24,79.24,79.25,79.23,50
2023-06-16 16:56:00,1843,79.2181,79.215,79.22,79.22,79.215,68
2023-06-16 16:57:00,2066,79.2418,79.23,79.265,79.27,79.23,60
2023-06-16 16:58:00,859,79.2675,79.27,79.2683,79.27,79.264,28
2023-06-16 17:00:00,1103,79.2753,79.26,79.29,79.29,79.26,50
2023-06-16 17:01:00,1482,79.2501,79.26,79.23,79.26,79.23,51
2023-06-16 17:02:00,1191,79.2559,79.24,79.27,79.27,79.24,49
2023-06-16 17:03:00,1333,79.2434,79.26,79.24,79.26,79.23,41
2023-06-16 17:04:00,1476,79.2473,79.24,79.25,79.255,79.24,66
2023-06-16 17:05:00,1263,79.2661,79.25,79.28,79.28,79.25,62
2023-06-16 17:06:00,1519,79.2733,79.29,79.25,79.29,79.25,45
2023-06-16 17:07:00,1975,79.2328,79.23,79.23,79.2471,79.22,73
2023-06-16 17:08:00,633,79.2232,79.22,79.22,79.22,79.22,25
2023-06-16 17:09:00,2137,79.2041,79.21,79.2,79.21,79.19,75
2023-06-16 17:10:00,1986,79.1733,79.19,79.16,79.19,79.16,63
2023-06-16 17:11:00,3989,79.1426,79.13,79.12,79.14,79.12,71
2023-06-16 17:12:00,2420,79.1048,79.12,79.1,79.12,79.09,77
2023-06-16 17:13:00,957,79.0847,79.09,79.09,79.09,79.075,34
2023-06-16 17:14:00,2361,79.0922,79.07,79.11,79.11,79.065,91
2023-06-16 17:15:00,2103,79.1354,79.13,79.12,79.15,79.12,59
2023-06-16 17:16:00,189,79.1401,79.15,79.15,79.15,79.15,12
2023-06-16 17:17:00,908,79.1172,79.13,79.11,79.13,79.11,55
2023-06-16 17:18:00,1284,79.1356,79.135,79.14,79.14,79.13,57
2023-06-16 17:19:00,1252,79.1129,79.12,79.09,79.12,79.09,49
2023-06-16 17:20:00,948,79.0796,79.09,79.08,79.09,79.07,32
2023-06-16 17:21:00,1806,79.0454,79.07,79.03,79.07,79.03,72
2023-06-16 17:22:00,1802,79.0255,79.02,79.03,79.03,79.02,61
2023-06-16 17:23:00,1390,79.0291,79.04,79.03,79.04,79.02,48
2023-06-16 17:24:00,1439,79.0448,79.04,79.04,79.06,79.04,64
2023-06-16 17:25:00,1231,79.0364,79.05,79.04,79.05,79.03,62
2023-06-16 17:27:00,1019,79.0452,79.06,79.025,79.06,79.025,56
2023-06-16 17:28:00,292,79.0296,79.04,79.04,79.04,79.04,21
2023-06-16 17:29:00,1886,78.9854,79.02,78.99,79.02,78.96,102
2023-06-16 17:30:00,1931,78.9709,79.0,78.955,79.0,78.95,69
2023-06-16 17:31:00,887,78.9613,78.95,78.95,78.95,78.945,25
2023-06-16 17:32:00,1055,78.9483,78.96,78.95,78.96,78.95,38
2023-06-16 17:33:00,909,78.9518,78.95,78.93,78.95,78.93,52
2023-06-16 17:34:00,2045,78.94,78.96,78.92,78.96,78.92,61
2023-06-16 17:35:00,1030,78.9233,78.93,78.93,78.93,78.93,44
2023-06-16 17:36:00,1353,78.8996,78.91,78.88,78.91,78.88,37
2023-06-16 17:37:00,524,78.8733,78.875,78.87,78.875,78.87,25
2023-06-16 17:38:00,1601,78.865,78.88,78.85,78.88,78.85,66
2023-06-16 17:39:00,626,78.8571,78.85,78.87,78.87,78.85,23
2023-06-16 17:40:00,3076,78.8598,78.87,78.85,78.875,78.85,83
2023-06-16 17:41:00,1081,78.8364,78.83,78.83,78.84,78.83,46
2023-06-16 17:42:00,1685,78.8361,78.84,78.82,78.87,78.82,70
2023-06-16 17:43:00,2255,78.8402,78.8282,78.85,78.85,78.8282,49
2023-06-16 17:44:00,384,78.8475,78.85,78.85,78.85,78.85,26
2023-06-16 17:45:00,1450,78.8812,78.87,78.91,78.91,78.87,52
2023-06-16 17:46:00,1376,78.9343,78.92,78.96,78.96,78.92,43
2023-06-16 17:47:00,440,78.9736,78.97,78.97,78.97,78.97,43
2023-06-16 17:48:00,2435,78.9763,79.0,78.96,79.0,78.95,84
2023-06-16 17:49:00,1515,78.9646,78.96,78.97,78.975,78.96,48
2023-06-16 17:50:00,649,78.9692,78.96,78.97,78.97,78.96,34
2023-06-16 17:51:00,790,78.9786,78.97,78.98,78.98,78.97,39
2023-06-16 17:52:00,1356,78.9757,78.98,78.98,78.98,78.97,55
2023-06-16 17:53:00,349,78.9825,78.98,78.99,78.99,78.98,16
2023-06-16 17:54:00,1454,78.9979,78.99,79.015,79.03,78.99,61
2023-06-16 17:55:00,2224,78.9941,79.015,78.995,79.015,78.9845,49
2023-06-16 17:56:00,500,79.0085,79.01,79.0,79.017,79.0,15
2023-06-16 17:57:00,1006,78.9713,78.97,78.97,78.97,78.97,52
2023-06-16 17:58:00,639,78.9938,78.98,79.0,79.0,78.98,24
2023-06-16 17:59:00,811,79.0146,79.02,79.015,79.02,79.015,46
2023-06-16 18:00:00,3053,79.0073,79.02,79.01,79.02,78.98,86
2023-06-16 18:01:00,4641,79.0118,79.025,79.03,79.03,79.001,61
2023-06-16 18:02:00,912,79.001,79.01,79.0,79.01,79.0,35
2023-06-16 18:03:00,828,79.0064,79.0,79.01,79.02,79.0,29
2023-06-16 18:04:00,3262,78.9826,79.01,78.98,79.01,78.95,90
2023-06-16 18:05:00,745,78.9844,78.99,78.98,78.99,78.98,32
2023-06-16 18:06:00,1523,78.987,78.9789,78.98,79.0,78.9789,56
2023-06-16 18:07:00,413,78.9945,79.0,79.0,79.0,79.0,18
2023-06-16 18:08:00,1957,79.0124,79.0,79.0115,79.02,79.0,63
2023-06-16 18:09:00,1485,79.0248,79.03,79.02,79.03,79.02,72
2023-06-16 18:10:00,1474,79.0194,79.0101,79.02,79.025,79.0101,48
2023-06-16 18:11:00,947,79.0101,79.02,79.0,79.02,79.0,46
2023-06-16 18:12:00,604,79.0035,79.0,79.0,79.01,79.0,14
2023-06-16 18:13:00,257,79.0022,78.9996,78.9996,78.9996,78.9996,17
2023-06-16 18:14:00,1865,78.9893,79.01,78.989,79.01,78.97,62
2023-06-16 18:15:00,2219,78.9682,78.97,78.98,78.98,78.96,109
2023-06-16 18:16:00,1085,79.004,79.01,79.01,79.01,78.99,44
2023-06-16 18:17:00,497,79.0077,79.02,79.02,79.02,79.02,20
2023-06-16 18:18:00,454,79.0135,79.01,79.01,79.01,79.01,29
2023-06-16 18:19:00,2042,79.0025,79.005,79.01,79.01,79.0,79
2023-06-16 18:20:00,1690,78.9976,79.0,79.0,79.0,78.99,61
2023-06-16 18:21:00,1026,79.0302,79.029,79.05,79.05,79.029,32
2023-06-16 18:22:00,1135,79.0472,79.05,79.04,79.06,79.04,40
2023-06-16 18:23:00,1081,79.0463,79.06,79.06,79.06,79.06,54
2023-06-16 18:24:00,1045,79.0533,79.04,79.057,79.06,79.04,40
2023-06-16 18:25:00,1357,79.0484,79.06,79.035,79.06,79.03,60
2023-06-16 18:26:00,1423,79.0574,79.05,79.06,79.06,79.05,41
2023-06-16 18:27:00,772,79.0496,79.06,79.05,79.06,79.05,37
2023-06-16 18:28:00,1353,79.0466,79.05,79.045,79.05,79.04,57
2023-06-16 18:29:00,1087,79.0687,79.06,79.07,79.07,79.06,81
2023-06-16 18:30:00,1211,79.0624,79.07,79.07,79.07,79.05,50
2023-06-16 18:31:00,2126,79.0335,79.03,79.02,79.05,79.02,63
2023-06-16 18:32:00,1010,79.0049,79.01,78.99,79.01,78.99,54
2023-06-16 18:33:00,1504,78.9973,78.99,79.01,79.01,78.99,61
2023-06-16 18:34:00,1014,78.9967,79.0,79.0,79.0,79.0,38
2023-06-16 18:35:00,1504,78.9836,78.99,78.97,78.99,78.97,54
2023-06-16 18:36:00,2168,78.9641,78.95,78.975,78.975,78.95,65
2023-06-16 18:37:00,1794,78.9539,78.975,78.97,78.975,78.95,78
2023-06-16 18:38:00,932,78.9754,78.97,78.99,78.99,78.97,34
2023-06-16 18:39:00,1337,78.9985,79.02,79.01,79.02,79.005,57
2023-06-16 18:40:00,1012,78.9774,78.975,78.97,78.975,78.97,60
2023-06-16 18:41:00,775,78.9481,78.965,78.935,78.965,78.935,43
2023-06-16 18:42:00,1263,78.9416,78.94,78.965,78.965,78.93,46
2023-06-16 18:43:00,916,78.9541,78.965,78.965,78.965,78.95,39
2023-06-16 18:44:00,1020,78.9381,78.93,78.92,78.93,78.92,39
2023-06-16 18:45:00,1429,78.9424,78.93,78.94,78.945,78.93,66
2023-06-16 18:46:00,1721,78.9498,78.96,78.94,78.96,78.93,57
2023-06-16 18:47:00,2091,78.9699,78.97,78.98,78.98,78.97,58
2023-06-16 18:48:00,1946,78.9823,78.975,79.0,79.0,78.97,80
2023-06-16 18:49:00,944,79.002,79.01,79.01,79.01,79.01,54
2023-06-16 18:50:00,2070,78.9636,78.99,78.96,78.99,78.94,84
2023-06-16 18:51:00,2063,78.9781,78.969,79.0,79.0,78.95,63
2023-06-16 18:52:00,439,79.0008,79.0075,79.0075,79.0075,79.0075,18
2023-06-16 18:53:00,2095,78.9806,78.99,78.97,78.99,78.965,96
2023-06-16 18:54:00,866,78.9629,78.96,78.965,78.965,78.96,25
2023-06-16 18:55:00,2403,78.956,78.9702,78.94,78.975,78.94,84
2023-06-16 18:56:00,1267,78.9313,78.94,78.92,78.94,78.92,61
2023-06-16 18:57:00,3363,78.8916,78.91,78.897,78.91,78.88,98
2023-06-16 18:58:00,5038,78.9016,78.89,78.925,78.93,78.89,115
2023-06-16 18:59:00,1413,78.92,78.93,78.923,78.93,78.911,49
2023-06-16 19:00:00,1417,78.9346,78.94,78.9,78.96,78.9,49
2023-06-16 19:01:00,1650,78.8614,78.87,78.85,78.87,78.845,54
2023-06-16 19:02:00,1225,78.8792,78.88,78.89,78.89,78.87,43
2023-06-16 19:03:00,1117,78.8859,78.9,78.89,78.9,78.88,46
2023-06-16 19:04:00,2642,78.8966,78.9,78.89,78.91,78.88,88
2023-06-16 19:05:00,1768,78.8902,78.89,78.89,78.9,78.89,50
2023-06-16 19:06:00,1277,78.858,78.86,78.85,78.86,78.85,60
2023-06-16 19:07:00,1502,78.8359,78.85,78.83,78.85,78.83,45
2023-06-16 19:08:00,2202,78.8522,78.82,78.855,78.86,78.82,70
2023-06-16 19:09:00,1275,78.8503,78.85,78.85,78.855,78.85,50
2023-06-16 19:10:00,710,78.8424,78.855,78.84,78.855,78.83,28
2023-06-16 19:11:00,1744,78.8461,78.85,78.84,78.85,78.84,75
2023-06-16 19:12:00,3902,78.8107,78.83,78.81,78.83,78.7917,101
2023-06-16 19:13:00,2577,78.7747,78.8,78.76,78.8,78.755,70
2023-06-16 19:14:00,1262,78.7676,78.78,78.76,78.78,78.76,53
2023-06-16 19:15:00,1731,78.7637,78.76,78.77,78.77,78.75,32
2023-06-16 19:16:00,3748,78.7635,78.755,78.76,78.77,78.755,149
2023-06-16 19:17:00,1279,78.7563,78.741,78.76,78.77,78.741,39
2023-06-16 19:18:00,4960,78.7256,78.75,78.71,78.75,78.7,172
2023-06-16 19:19:00,6083,78.709,78.71,78.71,78.72,78.7004,142
2023-06-16 19:20:00,4373,78.7105,78.7,78.74,78.74,78.69,134
2023-06-16 19:21:00,2274,78.738,78.73,78.74,78.74,78.73,89
2023-06-16 19:22:00,2038,78.7327,78.745,78.73,78.745,78.72,73
2023-06-16 19:23:00,1811,78.7207,78.733,78.71,78.733,78.71,58
2023-06-16 19:24:00,6491,78.7064,78.71,78.7,78.72,78.68,172
2023-06-16 19:25:00,3205,78.6699,78.69,78.675,78.69,78.66,103
2023-06-16 19:26:00,1671,78.6617,78.66,78.665,78.67,78.66,95
2023-06-16 19:27:00,2740,78.6811,78.67,78.69,78.695,78.67,112
2023-06-16 19:28:00,2748,78.6767,78.68,78.69,78.69,78.66,105
2023-06-16 19:29:00,3618,78.6865,78.68,78.685,78.69,78.68,150
2023-06-16 19:30:00,4268,78.6698,78.68,78.66,78.68,78.65,155
2023-06-16 19:31:00,5741,78.6944,78.665,78.72,78.72,78.66,217
2023-06-16 19:32:00,3282,78.7194,78.74,78.71,78.74,78.7,100
2023-06-16 19:33:00,6066,78.7037,78.69,78.71,78.72,78.68,159
2023-06-16 19:34:00,14959,78.7241,78.71,78.72,78.765,78.71,177
2023-06-16 19:35:00,3620,78.758,78.75,78.776,78.78,78.74,112
2023-06-16 19:36:00,5018,78.7593,78.78,78.75,78.78,78.743,144
2023-06-16 19:37:00,7001,78.7613,78.754,78.79,78.79,78.754,120
2023-06-16 19:38:00,5741,78.7941,78.79,78.79,78.805,78.78,171
2023-06-16 19:39:00,3476,78.7877,78.8,78.79,78.81,78.785,114
2023-06-16 19:40:00,6901,78.7587,78.79,78.74,78.8,78.69,217
2023-06-16 19:41:00,3630,78.7399,78.72,78.74,78.75,78.72,110
2023-06-16 19:42:00,3357,78.7243,78.725,78.73,78.73,78.72,114
2023-06-16 19:43:00,5721,78.7243,78.72,78.69,78.755,78.68,214
2023-06-16 19:44:00,4301,78.6628,78.69,78.625,78.7,78.62,144
2023-06-16 19:45:00,6896,78.6539,78.62,78.685,78.69,78.62,175
2023-06-16 19:46:00,5642,78.6925,78.67,78.675,78.71,78.67,140
2023-06-16 19:47:00,7761,78.7234,78.68,78.79,78.795,78.68,222
2023-06-16 19:48:00,4451,78.7557,78.78,78.76,78.78,78.73,122
2023-06-16 19:49:00,4486,78.7627,78.76,78.79,78.79,78.75,167
2023-06-16 19:50:00,39654,78.6523,78.79,78.63,78.79,78.47,708
2023-06-16 19:51:00,16179,78.6443,78.63,78.63,78.66,78.62,367
2023-06-16 19:52:00,11861,78.6225,78.62,78.63,78.64,78.6,261
2023-06-16 19:53:00,15753,78.6188,78.62,78.61,78.65,78.57,373
2023-06-16 19:54:00,16327,78.6092,78.61,78.57,78.65,78.565,397
2023-06-16 19:55:00,52948,78.5477,78.59,78.61,78.62,78.47,919
2023-06-16 19:56:00,25616,78.6192,78.61,78.65,78.65,78.6,470
2023-06-16 19:57:00,45835,78.6408,78.65,78.65,78.71,78.59,641
2023-06-16 19:58:00,38106,78.6467,78.64,78.63,78.67,78.61,632
2023-06-16 19:59:00,106607,78.6169,78.62,78.66,78.66,78.59,991
2023-06-16 20:00:00,78544,78.6306,78.63,78.9,78.9,78.63,31
2023-06-16 20:09:00,7216,78.63,78.63,78.63,78.63,78.63,5
2023-06-16 20:16:00,33195,78.63,78.63,78.63,78.63,78.63,4
2023-06-16 20:34:00,76378,78.63,78.63,78.63,78.63,78.63,1
2023-06-16 20:49:00,20830,78.63,78.63,78.63,78.63,78.63,1
