t,v,vw,o,c,h,l,n
2023-10-09 13:28:00,4048,43.7821,43.79,43.66,43.9,43.63,35
2023-10-09 13:29:00,230,43.5239,43.49,43.49,43.49,43.49,5
2023-10-09 13:30:00,15172,43.6498,43.66,43.7902,43.85,43.51,51
2023-10-09 13:31:00,19528,43.7508,43.97,43.555,43.97,43.54,172
2023-10-09 13:32:00,18038,43.557,43.51,43.38,43.61,43.38,196
2023-10-09 13:33:00,2967,43.4201,43.39,43.44,43.51,43.38,53
2023-10-09 13:34:00,8187,43.4078,43.55,43.3749,43.55,43.3,163
2023-10-09 13:35:00,9405,43.3218,43.32,43.3,43.37,43.29,147
2023-10-09 13:36:00,9805,43.2828,43.24,43.334,43.334,43.2,144
2023-10-09 13:37:00,12804,43.3758,43.27,43.51,43.52,43.2,184
2023-10-09 13:38:00,4752,43.4896,43.52,43.49,43.55,43.435,113
2023-10-09 13:39:00,10477,43.5466,43.54,43.6,43.61,43.5373,46
2023-10-09 13:40:00,5702,43.4568,43.59,43.48,43.59,43.385,112
2023-10-09 13:41:00,4210,43.4818,43.5,43.44,43.53,43.44,83
2023-10-09 13:42:00,4085,43.3517,43.4,43.3,43.42,43.3,86
2023-10-09 13:43:00,7085,43.3177,43.4699,43.315,43.4699,43.29,62
2023-10-09 13:44:00,5850,43.2713,43.29,43.28,43.29,43.235,114
2023-10-09 13:45:00,2861,43.357,43.345,43.285,43.41,43.285,45
2023-10-09 13:46:00,11573,43.1765,43.27,43.19,43.27,43.12,135
2023-10-09 13:47:00,49231,43.2467,43.21,43.23,43.31,43.18,177
2023-10-09 13:48:00,72614,43.1616,43.14,43.3,43.34,43.13,63
2023-10-09 13:49:00,22385,43.2659,43.28,43.06,43.295,43.06,113
2023-10-09 13:50:00,15697,42.9915,43.09,42.85,43.09,42.85,198
2023-10-09 13:51:00,12080,42.7538,42.85,42.67,42.9,42.65,228
2023-10-09 13:52:00,10060,42.5876,42.68,42.56,42.69,42.51,170
2023-10-09 13:53:00,14548,42.5809,42.57,42.57,42.66,42.51,245
2023-10-09 13:54:00,10094,42.6807,42.58,42.73,42.759,42.55,154
2023-10-09 13:55:00,13358,42.7109,42.73,42.705,42.7325,42.65,121
2023-10-09 13:56:00,8590,42.645,42.72,42.605,42.72,42.59,137
2023-10-09 13:57:00,10411,42.6232,42.59,42.75,42.75,42.54,145
2023-10-09 13:58:00,9649,42.71,42.73,42.6825,42.75,42.67,155
2023-10-09 13:59:00,12776,42.7218,42.7,42.75,42.765,42.68,199
2023-10-09 14:00:00,12131,42.6641,42.755,42.62,42.755,42.62,225
2023-10-09 14:01:00,10108,42.6277,42.63,42.615,42.65,42.6,136
2023-10-09 14:02:00,8962,42.5846,42.6,42.5507,42.6156,42.54,128
2023-10-09 14:03:00,15792,42.4933,42.545,42.45,42.545,42.45,213
2023-10-09 14:04:00,38485,42.4338,42.455,42.395,42.5243,42.35,596
2023-10-09 14:05:00,16375,42.3864,42.38,42.44,42.44,42.32,312
2023-10-09 14:06:00,8105,42.456,42.46,42.475,42.48,42.43,218
2023-10-09 14:07:00,7797,42.4716,42.45,42.495,42.5,42.44,113
2023-10-09 14:08:00,3096,42.516,42.5,42.52,42.5361,42.495,106
2023-10-09 14:09:00,3364,42.5584,42.54,42.58,42.58,42.53,88
2023-10-09 14:10:00,11666,42.626,42.6,42.66,42.67,42.6,203
2023-10-09 14:11:00,5192,42.6108,42.61,42.605,42.62,42.59,61
2023-10-09 14:12:00,3227,42.6132,42.6001,42.61,42.6226,42.6,79
2023-10-09 14:13:00,5944,42.6514,42.62,42.69,42.69,42.62,126
2023-10-09 14:14:00,4813,42.6736,42.68,42.69,42.7,42.65,115
2023-10-09 14:15:00,4860,42.7137,42.7,42.74,42.75,42.67,119
2023-10-09 14:16:00,9011,42.8086,42.73,42.81,42.86,42.73,170
2023-10-09 14:17:00,4002,42.8549,42.815,42.88,42.885,42.815,73
2023-10-09 14:18:00,3673,42.8413,42.87,42.82,42.87,42.82,114
2023-10-09 14:19:00,5378,42.9019,42.83,42.91,42.94,42.83,78
2023-10-09 14:20:00,1936,42.9113,42.89,42.95,42.95,42.89,62
2023-10-09 14:21:00,6136,42.9491,42.93,42.9401,42.98,42.91,91
2023-10-09 14:22:00,2304,42.9866,42.935,43.02,43.02,42.935,64
2023-10-09 14:23:00,4720,43.0536,43.02,43.06,43.1,43.01,88
2023-10-09 14:24:00,13261,43.1007,43.06,43.14,43.14,43.06,295
2023-10-09 14:25:00,4318,43.1119,43.14,43.05,43.145,43.05,133
2023-10-09 14:26:00,6248,43.0507,43.06,43.07,43.09,43.02,137
2023-10-09 14:27:00,2319,43.0593,43.09,43.05,43.09,43.04,66
2023-10-09 14:28:00,4256,43.05,43.08,43.06,43.1,43.03,100
2023-10-09 14:29:00,6797,43.0414,43.04,43.03,43.065,43.01,100
2023-10-09 14:30:00,5701,42.9761,43.03,42.94,43.03,42.92,146
2023-10-09 14:31:00,3648,42.9665,42.989,42.95,42.989,42.95,99
2023-10-09 14:32:00,4687,42.9123,42.94,42.89,42.94,42.85,128
2023-10-09 14:33:00,1791,42.878,42.87,42.87,42.88,42.87,60
2023-10-09 14:34:00,3531,42.8442,42.88,42.825,42.885,42.82,75
2023-10-09 14:35:00,5196,42.8322,42.84,42.8,42.85,42.8,95
2023-10-09 14:36:00,3274,42.8024,42.8,42.81,42.82,42.78,69
2023-10-09 14:37:00,2331,42.8038,42.805,42.79,42.815,42.79,56
2023-10-09 14:38:00,3461,42.7855,42.81,42.79,42.81,42.77,73
2023-10-09 14:39:00,7415,42.8098,42.795,42.81,42.83,42.79,113
2023-10-09 14:40:00,4671,42.7791,42.81,42.76,42.82,42.755,85
2023-10-09 14:41:00,4129,42.7732,42.77,42.78,42.8,42.745,90
2023-10-09 14:42:00,4148,42.8216,42.79,42.81,42.85,42.79,73
2023-10-09 14:43:00,2644,42.7938,42.79,42.82,42.82,42.7708,57
2023-10-09 14:44:00,3957,42.8434,42.84,42.865,42.88,42.82,82
2023-10-09 14:45:00,5918,42.8825,42.875,42.9,42.9,42.875,55
2023-10-09 14:46:00,4386,42.8958,42.9,42.88,42.9,42.87,74
2023-10-09 14:47:00,15211,42.8965,42.86,42.96,42.96,42.84,244
2023-10-09 14:48:00,1293,42.9274,42.94,42.92,42.95,42.92,41
2023-10-09 14:49:00,6495,42.8172,42.9118,42.77,42.9118,42.77,146
2023-10-09 14:50:00,889,42.7998,42.79,42.81,42.81,42.79,41
2023-10-09 14:51:00,6893,42.7925,42.82,42.77,42.82,42.77,163
2023-10-09 14:52:00,2445,42.8091,42.8,42.81,42.825,42.79,74
2023-10-09 14:53:00,6253,42.8298,42.82,42.82,42.84,42.81,149
2023-10-09 14:54:00,6909,42.7731,42.8,42.79,42.8,42.74,111
2023-10-09 14:55:00,1663,42.7914,42.77,42.79,42.795,42.77,43
2023-10-09 14:56:00,2957,42.8424,42.79,42.85,42.87,42.79,83
2023-10-09 14:57:00,4391,42.884,42.87,42.888,42.9,42.85,113
2023-10-09 14:58:00,14695,42.9008,42.89,42.9,42.95,42.87,214
2023-10-09 14:59:00,10946,42.8608,42.88,42.8,42.89,42.8,164
2023-10-09 15:00:00,2058,42.8174,42.8,42.83,42.83,42.8,67
2023-10-09 15:01:00,7371,42.8694,42.83,42.9,42.9,42.784,150
2023-10-09 15:02:00,7145,42.8909,42.9,42.875,42.93,42.86,148
2023-10-09 15:03:00,5227,42.868,42.86,42.86,42.87,42.84,119
2023-10-09 15:04:00,25922,42.8808,42.87,42.92,42.92,42.87,367
2023-10-09 15:05:00,2909,42.9359,42.92,42.96,42.96,42.91,52
2023-10-09 15:06:00,6301,42.9686,42.97,42.97,42.98,42.96,132
2023-10-09 15:07:00,2995,42.9436,42.95,42.96,42.96,42.93,112
2023-10-09 15:08:00,2435,42.9816,42.96,43.0019,43.005,42.95,62
2023-10-09 15:09:00,1758,43.0284,43.04,43.06,43.07,43.04,71
2023-10-09 15:10:00,1708,43.0507,43.07,43.02,43.07,43.02,38
2023-10-09 15:11:00,8579,43.004,43.035,43.0,43.035,42.98,167
2023-10-09 15:12:00,6714,43.0499,43.03,43.07,43.07,43.03,51
2023-10-09 15:13:00,8749,43.0721,43.08,43.11,43.11,43.045,69
2023-10-09 15:14:00,4609,43.0882,43.1199,43.07,43.1199,43.06,134
2023-10-09 15:15:00,1602,43.0533,43.07,43.05,43.07,43.05,70
2023-10-09 15:16:00,2486,43.0549,43.05,43.05,43.07,43.05,68
2023-10-09 15:17:00,6838,43.0998,43.07,43.1,43.11,43.07,65
2023-10-09 15:18:00,1287,43.1196,43.1,43.15,43.15,43.1,45
2023-10-09 15:19:00,4638,43.1457,43.15,43.15,43.17,43.14,126
2023-10-09 15:20:00,5174,43.1487,43.15,43.16,43.16,43.13,84
2023-10-09 15:22:00,10210,43.1861,43.18,43.2015,43.21,43.18,94
2023-10-09 15:23:00,4948,43.2401,43.21,43.275,43.28,43.2,54
2023-10-09 15:24:00,10728,43.2776,43.275,43.2645,43.28,43.26,60
2023-10-09 15:25:00,3208,43.2681,43.28,43.26,43.28,43.26,128
2023-10-09 15:26:00,1036,43.3126,43.3,43.34,43.34,43.3,57
2023-10-09 15:27:00,1328,43.3298,43.33,43.33,43.34,43.32,40
2023-10-09 15:28:00,30877,43.3629,43.35,43.46,43.46,43.35,216
2023-10-09 15:29:00,2615,43.4292,43.46,43.52,43.52,43.44,70
2023-10-09 15:30:00,1619,43.5028,43.52,43.545,43.56,43.52,31
2023-10-09 15:31:00,2890,43.518,43.5301,43.51,43.54,43.5,86
2023-10-09 15:32:00,853,43.5186,43.52,43.52,43.52,43.52,30
2023-10-09 15:33:00,3485,43.4972,43.515,43.46,43.515,43.46,103
2023-10-09 15:34:00,3957,43.4918,43.48,43.47,43.51,43.47,87
2023-10-09 15:35:00,2273,43.435,43.46,43.42,43.46,43.42,74
2023-10-09 15:36:00,1537,43.3923,43.37,43.41,43.41,43.37,50
2023-10-09 15:37:00,1099,43.4237,43.42,43.42,43.43,43.42,31
2023-10-09 15:38:00,1986,43.4133,43.43,43.39,43.43,43.39,39
2023-10-09 15:39:00,12143,43.4174,43.42,43.45,43.45,43.415,55
2023-10-09 15:40:00,1319,43.449,43.46,43.45,43.46,43.445,32
2023-10-09 15:41:00,1246,43.4875,43.47,43.51,43.51,43.47,35
2023-10-09 15:42:00,2269,43.4942,43.48,43.49,43.51,43.48,60
2023-10-09 15:43:00,2577,43.4694,43.47,43.47,43.48,43.47,78
2023-10-09 15:44:00,2244,43.4988,43.4897,43.49,43.52,43.4897,42
2023-10-09 15:45:00,979,43.481,43.49,43.49,43.49,43.47,40
2023-10-09 15:46:00,6322,43.395,43.46,43.33,43.46,43.31,181
2023-10-09 15:47:00,2079,43.3642,43.35,43.38,43.38,43.35,57
2023-10-09 15:48:00,347,43.3701,43.36,43.39,43.39,43.36,10
2023-10-09 15:49:00,1526,43.3946,43.38,43.43,43.43,43.38,34
2023-10-09 15:50:00,1462,43.3924,43.4,43.38,43.4,43.38,48
2023-10-09 15:51:00,3307,43.4358,43.39,43.485,43.49,43.39,87
2023-10-09 15:52:00,1601,43.4591,43.46,43.48,43.48,43.45,40
2023-10-09 15:53:00,3311,43.49,43.51,43.51,43.51,43.48,67
2023-10-09 15:54:00,1874,43.4547,43.46,43.47,43.49,43.4501,43
2023-10-09 15:55:00,1507,43.4872,43.5,43.5,43.5,43.48,44
2023-10-09 15:56:00,4157,43.4635,43.49,43.46,43.5,43.45,103
2023-10-09 15:57:00,5844,43.4692,43.46,43.49,43.49,43.46,27
2023-10-09 15:58:00,17985,43.5458,43.49,43.55,43.58,43.485,321
2023-10-09 15:59:00,2662,43.5482,43.55,43.55,43.56,43.54,67
2023-10-09 16:00:00,9848,43.55,43.57,43.53,43.59,43.51,207
2023-10-09 16:01:00,386,43.526,43.53,43.52,43.53,43.52,7
2023-10-09 16:02:00,2334,43.5276,43.53,43.52,43.53,43.52,75
2023-10-09 16:03:00,652,43.533,43.54,43.52,43.545,43.52,20
2023-10-09 16:04:00,2031,43.5344,43.515,43.58,43.58,43.515,34
2023-10-09 16:05:00,3077,43.6188,43.6,43.64,43.64,43.595,87
2023-10-09 16:06:00,8914,43.634,43.625,43.66,43.66,43.62,122
2023-10-09 16:07:00,14551,43.7785,43.66,43.82,43.83,43.66,175
2023-10-09 16:08:00,31861,43.8518,43.83,43.8224,43.9,43.81,193
2023-10-09 16:09:00,8765,43.782,43.83,43.75,43.83,43.74,181
2023-10-09 16:10:00,4857,43.7803,43.755,43.81,43.83,43.75,100
2023-10-09 16:11:00,2333,43.792,43.8,43.83,43.83,43.77,48
2023-10-09 16:12:00,3129,43.8116,43.8,43.84,43.84,43.79,69
2023-10-09 16:13:00,3291,43.8431,43.845,43.845,43.85,43.83,48
2023-10-09 16:14:00,1585,43.8137,43.84,43.805,43.84,43.805,56
2023-10-09 16:15:00,1198,43.8233,43.81,43.84,43.84,43.81,44
2023-10-09 16:16:00,2807,43.8264,43.855,43.8103,43.855,43.8103,38
2023-10-09 16:17:00,4362,43.807,43.819,43.81,43.82,43.79,86
2023-10-09 16:18:00,1482,43.8261,43.825,43.825,43.84,43.82,41
2023-10-09 16:19:00,2395,43.8006,43.815,43.8,43.815,43.79,48
2023-10-09 16:20:00,2228,43.8182,43.83,43.83,43.83,43.805,58
2023-10-09 16:21:00,2932,43.8489,43.845,43.83,43.865,43.83,73
2023-10-09 16:22:00,1283,43.851,43.85,43.85,43.86,43.85,24
2023-10-09 16:23:00,2937,43.8687,43.85,43.89,43.89,43.85,89
2023-10-09 16:24:00,1573,43.8997,43.905,43.89,43.92,43.89,59
2023-10-09 16:25:00,1465,43.8934,43.9,43.8822,43.91,43.8822,51
2023-10-09 16:26:00,4543,43.8603,43.87,43.835,43.87,43.835,95
2023-10-09 16:27:00,3019,43.8156,43.82,43.8,43.83,43.8,60
2023-10-09 16:28:00,2472,43.789,43.8,43.77,43.81,43.76,48
2023-10-09 16:29:00,1126,43.766,43.76,43.76,43.78,43.76,35
2023-10-09 16:30:00,19597,43.7237,43.755,43.71,43.79,43.71,108
2023-10-09 16:31:00,6484,43.7527,43.75,43.76,43.77,43.74,63
2023-10-09 16:32:00,1836,43.7621,43.74,43.8,43.8,43.735,46
2023-10-09 16:33:00,3030,43.8082,43.8,43.81,43.85,43.8,84
2023-10-09 16:34:00,1721,43.8309,43.805,43.86,43.86,43.8,55
2023-10-09 16:35:00,2545,43.8393,43.86,43.81,43.865,43.81,55
2023-10-09 16:36:00,2513,43.7989,43.81,43.81,43.82,43.79,48
2023-10-09 16:37:00,2446,43.7839,43.79,43.79,43.8,43.77,71
2023-10-09 16:38:00,1309,43.809,43.78,43.83,43.83,43.78,36
2023-10-09 16:39:00,3167,43.8017,43.81,43.8,43.82,43.79,54
2023-10-09 16:40:00,1408,43.8046,43.815,43.815,43.83,43.8,36
2023-10-09 16:41:00,3289,43.7873,43.805,43.76,43.805,43.76,52
2023-10-09 16:42:00,1120,43.7887,43.775,43.79,43.79,43.775,40
2023-10-09 16:43:00,2029,43.7721,43.78,43.78,43.78,43.76,53
2023-10-09 16:44:00,2187,43.7753,43.79,43.75,43.7922,43.75,56
2023-10-09 16:45:00,1916,43.7398,43.75,43.75,43.75,43.72,51
2023-10-09 16:46:00,1262,43.779,43.76,43.8,43.8,43.76,47
2023-10-09 16:47:00,1523,43.8167,43.81,43.82,43.825,43.805,49
2023-10-09 16:48:00,1794,43.8238,43.82,43.83,43.835,43.82,38
2023-10-09 16:49:00,1434,43.8503,43.855,43.85,43.855,43.85,41
2023-10-09 16:50:00,3282,43.8617,43.86,43.84,43.88,43.84,79
2023-10-09 16:51:00,1391,43.8373,43.845,43.83,43.845,43.83,42
2023-10-09 16:52:00,840,43.8327,43.84,43.83,43.84,43.83,26
2023-10-09 16:53:00,4075,43.8002,43.82,43.81,43.82,43.79,48
2023-10-09 16:54:00,2587,43.7944,43.805,43.8,43.81,43.79,44
2023-10-09 16:55:00,1170,43.8092,43.8,43.81,43.82,43.8,35
2023-10-09 16:56:00,1582,43.8212,43.8,43.85,43.85,43.8,48
2023-10-09 16:57:00,2582,43.8191,43.84,43.79,43.84,43.79,53
2023-10-09 16:58:00,1144,43.7826,43.77,43.755,43.77,43.755,20
2023-10-09 16:59:00,828,43.7804,43.77,43.78,43.78,43.77,31
2023-10-09 17:00:00,1111,43.7922,43.78,43.785,43.79,43.78,39
2023-10-09 17:01:00,2387,43.801,43.8,43.79,43.81,43.79,51
2023-10-09 17:02:00,1648,43.8075,43.805,43.82,43.82,43.805,41
2023-10-09 17:03:00,2947,43.8238,43.815,43.86,43.86,43.81,37
2023-10-09 17:04:00,1956,43.848,43.865,43.84,43.865,43.84,33
2023-10-09 17:05:00,1114,43.873,43.87,43.885,43.885,43.87,37
2023-10-09 17:06:00,5810,43.9013,43.89,43.92,43.92,43.88,81
2023-10-09 17:07:00,1130,43.9322,43.94,43.93,43.94,43.92,20
2023-10-09 17:08:00,2967,43.9334,43.935,43.965,43.965,43.92,67
2023-10-09 17:09:00,722,43.9292,43.955,43.955,43.955,43.955,7
2023-10-09 17:10:00,3595,43.9386,43.94,43.93,43.94,43.93,56
2023-10-09 17:11:00,4174,43.9361,43.94,43.9,43.96,43.9,103
2023-10-09 17:12:00,1683,43.9202,43.9,43.94,43.94,43.9,47
2023-10-09 17:13:00,15503,43.9819,43.93,44.0,44.01,43.93,121
2023-10-09 17:14:00,2148,43.989,43.99,43.965,44.0,43.965,40
2023-10-09 17:15:00,2069,43.9893,43.99,44.01,44.01,43.984,38
2023-10-09 17:16:00,4602,44.0048,44.01,44.02,44.02,44.0,94
2023-10-09 17:17:00,2882,44.0132,44.01,44.02,44.03,44.01,75
2023-10-09 17:18:00,1743,44.0161,44.03,44.02,44.03,44.01,33
2023-10-09 17:19:00,4970,44.048,44.02,44.06,44.07,44.02,97
2023-10-09 17:20:00,3907,44.0607,44.075,44.06,44.08,44.05,128
2023-10-09 17:21:00,4600,44.0445,44.05,44.03,44.06,44.03,132
2023-10-09 17:22:00,2164,44.071,44.05,44.07,44.08,44.05,58
2023-10-09 17:23:00,2065,44.0699,44.07,44.08,44.08,44.06,27
2023-10-09 17:24:00,1218,44.0841,44.08,44.09,44.09,44.08,42
2023-10-09 17:25:00,5654,44.1107,44.1,44.13,44.13,44.1,71
2023-10-09 17:26:00,2186,44.1853,44.185,44.2,44.21,44.17,44
2023-10-09 17:27:00,4307,44.2012,44.185,44.21,44.22,44.185,102
2023-10-09 17:28:00,3115,44.2115,44.235,44.22,44.235,44.21,82
2023-10-09 17:29:00,631,44.2229,44.23,44.24,44.24,44.225,24
2023-10-09 17:30:00,6716,44.2801,44.25,44.31,44.32,44.25,111
2023-10-09 17:31:00,3337,44.3111,44.32,44.3,44.33,44.3,88
2023-10-09 17:32:00,4025,44.2938,44.3,44.26,44.32,44.25,141
2023-10-09 17:33:00,1513,44.2788,44.255,44.285,44.285,44.255,25
2023-10-09 17:34:00,1541,44.3118,44.3,44.34,44.34,44.3,50
2023-10-09 17:35:00,2420,44.3179,44.32,44.32,44.32,44.31,59
2023-10-09 17:36:00,7834,44.3299,44.33,44.36,44.36,44.32,63
2023-10-09 17:37:00,3609,44.3729,44.345,44.4,44.4,44.345,67
2023-10-09 17:38:00,927,44.4172,44.42,44.43,44.43,44.405,24
2023-10-09 17:39:00,2403,44.4318,44.425,44.435,44.45,44.425,60
2023-10-09 17:40:00,2112,44.4362,44.44,44.45,44.46,44.435,63
2023-10-09 17:41:00,2946,44.4774,44.47,44.5,44.5,44.47,67
2023-10-09 17:42:00,2516,44.4736,44.48,44.46,44.48,44.46,63
2023-10-09 17:43:00,4250,44.514,44.48,44.56,44.56,44.48,105
2023-10-09 17:44:00,2959,44.5706,44.57,44.58,44.59,44.55,74
2023-10-09 17:45:00,4322,44.6,44.58,44.63,44.63,44.58,122
2023-10-09 17:46:00,6615,44.6159,44.64,44.62,44.645,44.585,163
2023-10-09 17:47:00,8119,44.6095,44.6,44.57,44.64,44.57,182
2023-10-09 17:48:00,50087,44.6034,44.57,44.6485,44.67,44.56,247
2023-10-09 17:49:00,5475,44.6424,44.66,44.66,44.67,44.62,105
2023-10-09 17:50:00,6398,44.6113,44.65,44.56,44.65,44.56,192
2023-10-09 17:51:00,2047,44.5778,44.57,44.57,44.59,44.57,61
2023-10-09 17:52:00,2452,44.5752,44.575,44.61,44.61,44.56,64
2023-10-09 17:53:00,7237,44.6163,44.595,44.61,44.62,44.595,144
2023-10-09 17:54:00,3415,44.5809,44.6,44.6,44.61,44.56,108
2023-10-09 17:55:00,2992,44.6097,44.59,44.63,44.63,44.59,75
2023-10-09 17:56:00,7536,44.6307,44.62,44.635,44.64,44.62,62
2023-10-09 17:57:00,15286,44.6371,44.62,44.66,44.67,44.62,158
2023-10-09 17:58:00,4183,44.6395,44.66,44.6,44.66,44.6,123
2023-10-09 17:59:00,6074,44.6013,44.62,44.64,44.64,44.59,193
2023-10-09 18:00:00,5119,44.6068,44.62,44.61,44.62,44.57,114
2023-10-09 18:01:00,5666,44.5857,44.63,44.55,44.63,44.52,143
2023-10-09 18:02:00,19456,44.5071,44.56,44.54,44.57,44.47,285
2023-10-09 18:03:00,2287,44.5753,44.55,44.57,44.59,44.55,60
2023-10-09 18:04:00,2397,44.5511,44.5461,44.53,44.57,44.53,56
2023-10-09 18:05:00,1607,44.5651,44.57,44.57,44.57,44.56,46
2023-10-09 18:06:00,2749,44.6036,44.58,44.62,44.62,44.58,87
2023-10-09 18:07:00,3864,44.6617,44.62,44.74,44.74,44.62,101
2023-10-09 18:08:00,3381,44.7234,44.73,44.75,44.75,44.72,62
2023-10-09 18:09:00,5436,44.7242,44.735,44.72,44.735,44.71,138
2023-10-09 18:10:00,3890,44.7187,44.73,44.74,44.74,44.7,78
2023-10-09 18:11:00,2750,44.7362,44.74,44.7,44.76,44.7,84
2023-10-09 18:12:00,4029,44.7252,44.72,44.7,44.75,44.7,71
2023-10-09 18:13:00,2306,44.6846,44.7,44.68,44.7,44.67,71
2023-10-09 18:14:00,2719,44.6773,44.67,44.675,44.69,44.67,63
2023-10-09 18:15:00,2796,44.7054,44.69,44.72,44.725,44.68,97
2023-10-09 18:16:00,2270,44.733,44.73,44.75,44.75,44.72,53
2023-10-09 18:17:00,1898,44.7697,44.75,44.78,44.78,44.75,67
2023-10-09 18:18:00,1814,44.7691,44.77,44.77,44.78,44.765,53
2023-10-09 18:19:00,5533,44.7356,44.765,44.73,44.765,44.71,155
2023-10-09 18:20:00,2633,44.7388,44.73,44.74,44.75,44.73,56
2023-10-09 18:21:00,1613,44.7508,44.76,44.76,44.76,44.74,35
2023-10-09 18:22:00,3772,44.7761,44.76,44.78,44.79,44.76,104
2023-10-09 18:23:00,3126,44.7833,44.78,44.78,44.8,44.78,86
2023-10-09 18:24:00,2928,44.7956,44.78,44.8,44.8,44.78,108
2023-10-09 18:25:00,6917,44.8283,44.8,44.865,44.865,44.8,149
2023-10-09 18:26:00,1241,44.8591,44.86,44.87,44.87,44.85,33
2023-10-09 18:27:00,1894,44.8762,44.865,44.89,44.9,44.865,59
2023-10-09 18:28:00,4042,44.8813,44.89,44.875,44.9,44.875,109
2023-10-09 18:29:00,3156,44.8655,44.87,44.86,44.88,44.86,99
2023-10-09 18:30:00,3432,44.8603,44.87,44.85,44.88,44.84,82
2023-10-09 18:31:00,10753,44.7547,44.85,44.725,44.85,44.71,176
2023-10-09 18:32:00,2326,44.725,44.725,44.74,44.74,44.72,83
2023-10-09 18:33:00,12928,44.7372,44.735,44.715,44.75,44.71,159
2023-10-09 18:34:00,8165,44.7214,44.715,44.71,44.73,44.68,206
2023-10-09 18:35:00,1369,44.7174,44.71,44.71,44.72,44.71,34
2023-10-09 18:36:00,3174,44.6817,44.71,44.65,44.71,44.65,101
2023-10-09 18:37:00,1596,44.6454,44.65,44.65,44.65,44.64,61
2023-10-09 18:38:00,2316,44.6277,44.64,44.62,44.64,44.605,44
2023-10-09 18:39:00,1990,44.6465,44.64,44.66,44.66,44.64,80
2023-10-09 18:40:00,3268,44.6926,44.67,44.71,44.71,44.67,82
2023-10-09 18:41:00,2376,44.712,44.715,44.7,44.73,44.7,78
2023-10-09 18:42:00,5647,44.6929,44.715,44.715,44.715,44.68,148
2023-10-09 18:43:00,1782,44.7224,44.7,44.76,44.76,44.69,60
2023-10-09 18:44:00,2243,44.7445,44.74,44.74,44.7525,44.74,63
2023-10-09 18:45:00,3211,44.7244,44.75,44.71,44.75,44.71,107
2023-10-09 18:46:00,3389,44.7283,44.72,44.73,44.7409,44.72,74
2023-10-09 18:47:00,1247,44.7466,44.7398,44.77,44.77,44.7398,38
2023-10-09 18:48:00,3024,44.7579,44.77,44.75,44.77,44.74,110
2023-10-09 18:49:00,1858,44.7593,44.76,44.77,44.77,44.75,70
2023-10-09 18:50:00,2925,44.7695,44.78,44.79,44.79,44.75,101
2023-10-09 18:51:00,1415,44.7894,44.785,44.79,44.8,44.785,52
2023-10-09 18:52:00,3794,44.8122,44.78,44.86,44.86,44.78,82
2023-10-09 18:53:00,2629,44.8281,44.84,44.85,44.855,44.84,64
2023-10-09 18:54:00,1857,44.8583,44.86,44.88,44.88,44.86,57
2023-10-09 18:55:00,7540,44.9303,44.89,44.96,44.96,44.89,193
2023-10-09 18:56:00,2014,44.9741,44.97,44.99,44.99,44.955,48
2023-10-09 18:57:00,6255,44.9753,44.99,44.9512,45.0,44.95,189
2023-10-09 18:58:00,4642,44.9263,44.95,44.895,44.96,44.895,124
2023-10-09 18:59:00,2199,44.9015,44.895,44.9,44.9,44.89,92
2023-10-09 19:00:00,8381,44.8283,44.89,44.76,44.9,44.76,157
2023-10-09 19:01:00,4153,44.7817,44.755,44.81,44.81,44.74,155
2023-10-09 19:02:00,4925,44.7698,44.82,44.78,44.82,44.73,98
2023-10-09 19:03:00,3288,44.7918,44.79,44.77,44.81,44.77,109
2023-10-09 19:04:00,2380,44.8036,44.82,44.78,44.82,44.78,71
2023-10-09 19:05:00,2366,44.8314,44.8,44.855,44.855,44.8,69
2023-10-09 19:06:00,3820,44.8455,44.85,44.86,44.86,44.835,93
2023-10-09 19:07:00,4031,44.8633,44.87,44.88,44.885,44.86,92
2023-10-09 19:08:00,3884,44.843,44.87,44.81,44.87,44.81,117
2023-10-09 19:09:00,2555,44.8082,44.8,44.82,44.82,44.8,64
2023-10-09 19:10:00,3083,44.8156,44.83,44.805,44.83,44.805,72
2023-10-09 19:11:00,3264,44.8166,44.8,44.81,44.83,44.8,96
2023-10-09 19:12:00,1948,44.8265,44.82,44.85,44.85,44.82,55
2023-10-09 19:13:00,7603,44.7985,44.86,44.765,44.86,44.75,156
2023-10-09 19:14:00,2898,44.7593,44.76,44.73,44.76,44.73,58
2023-10-09 19:15:00,2514,44.7128,44.72,44.66,44.72,44.66,77
2023-10-09 19:16:00,1529,44.6561,44.66,44.67,44.67,44.64,51
2023-10-09 19:17:00,1196,44.6644,44.65,44.675,44.675,44.65,37
2023-10-09 19:18:00,6590,44.6295,44.68,44.58,44.68,44.56,162
2023-10-09 19:19:00,17892,44.6041,44.5718,44.615,44.62,44.54,173
2023-10-09 19:20:00,7272,44.6075,44.591,44.615,44.615,44.59,61
2023-10-09 19:21:00,2107,44.601,44.62,44.59,44.62,44.59,53
2023-10-09 19:22:00,4533,44.5702,44.59,44.56,44.59,44.55,118
2023-10-09 19:23:00,3449,44.5792,44.56,44.58,44.62,44.32,76
2023-10-09 19:24:00,4057,44.568,44.575,44.55,44.59,44.5474,103
2023-10-09 19:25:00,2630,44.544,44.55,44.55,44.55,44.53,103
2023-10-09 19:26:00,4595,44.5638,44.55,44.56,44.58,44.55,113
2023-10-09 19:27:00,1691,44.5251,44.53,44.52,44.53,44.51,66
2023-10-09 19:28:00,2309,44.5443,44.53,44.555,44.555,44.53,53
2023-10-09 19:29:00,4918,44.5518,44.56,44.56,44.565,44.54,119
2023-10-09 19:30:00,5452,44.5171,44.55,44.49,44.55,44.47,135
2023-10-09 19:31:00,2447,44.4936,44.51,44.48,44.51,44.46,96
2023-10-09 19:32:00,2654,44.5289,44.51,44.57,44.57,44.51,85
2023-10-09 19:33:00,4030,44.5548,44.56,44.56,44.57,44.54,107
2023-10-09 19:34:00,4717,44.5382,44.55,44.53,44.55,44.52,131
2023-10-09 19:35:00,5123,44.5139,44.52,44.5,44.525,44.5,139
2023-10-09 19:36:00,2760,44.5048,44.5,44.51,44.51,44.5,79
2023-10-09 19:37:00,2249,44.5269,44.52,44.5379,44.5379,44.52,54
2023-10-09 19:38:00,2725,44.5238,44.53,44.52,44.53,44.52,64
2023-10-09 19:39:00,3464,44.5096,44.51,44.5,44.52,44.5,95
2023-10-09 19:40:00,5572,44.5115,44.5,44.525,44.53,44.49,179
2023-10-09 19:41:00,3242,44.5443,44.54,44.555,44.555,44.53,97
2023-10-09 19:42:00,7363,44.5567,44.55,44.565,44.57,44.54,130
2023-10-09 19:43:00,8338,44.5585,44.56,44.56,44.57,44.55,168
2023-10-09 19:44:00,3804,44.5628,44.56,44.55,44.57,44.55,121
2023-10-09 19:45:00,6985,44.5607,44.56,44.59,44.59,44.54,196
2023-10-09 19:46:00,2593,44.6086,44.605,44.62,44.62,44.6,55
2023-10-09 19:47:00,4261,44.6244,44.64,44.625,44.64,44.61,109
2023-10-09 19:48:00,5983,44.6243,44.635,44.64,44.65,44.62,174
2023-10-09 19:49:00,5754,44.6464,44.645,44.65,44.66,44.64,110
2023-10-09 19:50:00,10626,44.6513,44.64,44.64,44.675,44.635,265
2023-10-09 19:51:00,8002,44.6518,44.65,44.655,44.6625,44.64,197
2023-10-09 19:52:00,11283,44.6359,44.65,44.645,44.65,44.62,226
2023-10-09 19:53:00,5857,44.6514,44.64,44.675,44.675,44.64,138
2023-10-09 19:54:00,14016,44.652,44.665,44.65,44.67,44.63,282
2023-10-09 19:55:00,14299,44.6809,44.66,44.69,44.7,44.66,320
2023-10-09 19:56:00,22999,44.6762,44.695,44.66,44.705,44.655,442
2023-10-09 19:57:00,19363,44.6861,44.67,44.68,44.7,44.67,336
2023-10-09 19:58:00,15523,44.6709,44.67,44.68,44.685,44.66,332
2023-10-09 19:59:00,35542,44.7005,44.68,44.71,44.715,44.67,617
2023-10-09 20:00:00,7228,44.72,44.72,44.72,44.72,44.72,21
2023-10-09 20:08:00,2072,44.72,44.72,44.72,44.72,44.72,1
2023-10-09 20:28:00,193,44.78,44.78,44.78,44.78,44.78,1
2023-10-09 21:49:00,449,44.5998,44.6,44.6,44.6,44.6,2
2023-10-10 13:27:00,2545,44.9945,44.99,44.99,45.0,44.99,26
2023-10-10 13:29:00,100,45.22,45.22,45.22,45.22,45.22,1
2023-10-10 13:30:00,24958,45.2916,45.1,45.53,45.56,45.1,96
2023-10-10 13:31:00,4287,45.3578,45.34,45.39,45.46,45.31,67
2023-10-10 13:32:00,9903,45.4692,45.4,45.55,45.67,45.37,164
2023-10-10 13:33:00,4659,45.49,45.59,45.58,45.59,45.37,79
2023-10-10 13:34:00,11460,45.3545,45.51,45.26,45.53,45.26,130
2023-10-10 13:35:00,7677,45.2604,45.27,45.3,45.35,45.2,110
2023-10-10 13:36:00,1846,45.4524,45.39,45.51,45.51,45.38,44
2023-10-10 13:37:00,4236,45.4512,45.47,45.39,45.49,45.39,78
2023-10-10 13:38:00,1342,45.4302,45.39,45.46,45.46,45.39,65
2023-10-10 13:39:00,2045,45.4302,45.43,45.45,45.45,45.43,46
2023-10-10 13:40:00,8026,45.3755,45.4,45.37,45.43,45.32,103
2023-10-10 13:41:00,3468,45.3267,45.35,45.48,45.48,45.28,54
2023-10-10 13:42:00,1911,45.473,45.5,45.44,45.5,45.44,125
2023-10-10 13:43:00,1780,45.4874,45.49,45.4608,45.5,45.46,43
2023-10-10 13:44:00,4295,45.4744,45.47,45.46,45.5,45.46,102
2023-10-10 13:45:00,3848,45.4511,45.425,45.57,45.57,45.36,88
2023-10-10 13:46:00,1782,45.6131,45.6021,45.61,45.65,45.6021,48
2023-10-10 13:47:00,1599,45.6195,45.66,45.625,45.66,45.625,68
2023-10-10 13:48:00,1047,45.6893,45.66,45.7,45.7,45.66,31
2023-10-10 13:49:00,2957,45.6495,45.7,45.62,45.7,45.5872,76
2023-10-10 13:50:00,281,45.6587,45.64,45.64,45.64,45.64,28
2023-10-10 13:51:00,2211,45.6168,45.64,45.63,45.64,45.58,81
2023-10-10 13:52:00,338,45.5971,45.6,45.6,45.6,45.6,31
2023-10-10 13:53:00,6576,45.6523,45.59,45.73,45.73,45.59,103
2023-10-10 13:54:00,6309,45.7623,45.7,45.84,45.84,45.7,141
2023-10-10 13:55:00,4765,45.8413,45.84,45.84,45.86,45.825,87
2023-10-10 13:56:00,4319,45.797,45.83,45.77,45.83,45.75,97
2023-10-10 13:57:00,5117,45.6914,45.74,45.6744,45.74,45.66,101
2023-10-10 13:58:00,2417,45.7263,45.71,45.73,45.75,45.71,57
2023-10-10 13:59:00,5044,45.7315,45.72,45.73,45.81,45.68,96
2023-10-10 14:00:00,2834,45.7638,45.73,45.77,45.78,45.73,91
2023-10-10 14:01:00,1394,45.7624,45.755,45.74,45.79,45.74,41
2023-10-10 14:02:00,2924,45.7998,45.77,45.785,45.83,45.77,107
2023-10-10 14:03:00,3446,45.798,45.8,45.77,45.81,45.77,95
2023-10-10 14:04:00,1891,45.8008,45.76,45.82,45.82,45.76,74
2023-10-10 14:05:00,12261,45.8718,45.84,45.91,45.93,45.82,230
2023-10-10 14:06:00,7223,45.912,45.9,45.96,45.96,45.89,133
2023-10-10 14:07:00,5118,45.9572,45.95,45.96,45.99,45.93,141
2023-10-10 14:08:00,1845,45.9463,45.94,45.96,45.97,45.92,63
2023-10-10 14:09:00,5387,45.9891,45.96,46.04,46.04,45.96,144
2023-10-10 14:10:00,6480,46.0154,46.02,46.02,46.04,46.0,134
2023-10-10 14:11:00,3496,46.0575,46.03,46.07,46.08,46.03,132
2023-10-10 14:12:00,8035,46.0862,46.07,46.08,46.11,46.07,187
2023-10-10 14:13:00,2982,46.0609,46.07,46.01,46.1098,46.01,85
2023-10-10 14:14:00,5293,46.0319,46.02,46.05,46.05,46.01,150
2023-10-10 14:15:00,3680,46.0716,46.06,46.07,46.1,46.06,145
2023-10-10 14:16:00,4279,46.085,46.08,46.115,46.115,46.06,144
2023-10-10 14:17:00,1888,46.1299,46.12,46.15,46.15,46.12,69
2023-10-10 14:18:00,2024,46.1449,46.16,46.16,46.165,46.15,62
2023-10-10 14:19:00,7034,46.1199,46.14,46.12,46.14,46.1107,138
2023-10-10 14:20:00,8605,46.087,46.1,46.08,46.11,46.05,162
2023-10-10 14:21:00,12695,46.1112,46.08,46.19,46.21,46.055,197
2023-10-10 14:22:00,2712,46.2005,46.18,46.22,46.22,46.18,64
2023-10-10 14:23:00,3716,46.2116,46.21,46.235,46.235,46.2,65
2023-10-10 14:24:00,1349,46.2797,46.27,46.29,46.29,46.27,88
2023-10-10 14:25:00,10845,46.3367,46.32,46.38,46.38,46.3113,191
2023-10-10 14:26:00,5043,46.3787,46.38,46.41,46.41,46.36,92
2023-10-10 14:27:00,3763,46.4092,46.4,46.41,46.43,46.4,101
2023-10-10 14:28:00,12701,46.4305,46.43,46.43,46.46,46.42,242
2023-10-10 14:29:00,8929,46.4211,46.43,46.38,46.4499,46.38,137
2023-10-10 14:30:00,7225,46.3305,46.39,46.31,46.4,46.2901,136
2023-10-10 14:31:00,3908,46.3369,46.29,46.35,46.35,46.29,140
2023-10-10 14:32:00,8048,46.3444,46.35,46.35,46.36,46.33,134
2023-10-10 14:33:00,4748,46.3719,46.36,46.37,46.39,46.36,125
2023-10-10 14:34:00,4861,46.3581,46.37,46.35,46.37,46.34,119
2023-10-10 14:35:00,5063,46.3071,46.32,46.3,46.32,46.28,144
2023-10-10 14:36:00,4037,46.3003,46.31,46.29,46.31,46.29,109
2023-10-10 14:37:00,5314,46.2813,46.28,46.28,46.3,46.24,149
2023-10-10 14:38:00,3302,46.2647,46.29,46.25,46.29,46.24,87
2023-10-10 14:39:00,6295,46.2119,46.27,46.18,46.27,46.16,169
2023-10-10 14:40:00,2837,46.2013,46.18,46.22,46.22,46.18,138
2023-10-10 14:41:00,3234,46.2549,46.241,46.29,46.29,46.24,111
2023-10-10 14:42:00,5745,46.3062,46.3,46.3614,46.3614,46.2875,119
2023-10-10 14:43:00,13435,46.3955,46.36,46.39,46.425,46.36,223
2023-10-10 14:44:00,9433,46.3879,46.38,46.38,46.41,46.37,175
2023-10-10 14:45:00,3604,46.3524,46.38,46.32,46.38,46.32,124
2023-10-10 14:46:00,928,46.3222,46.33,46.32,46.33,46.31,60
2023-10-10 14:47:00,14505,46.2273,46.32,46.19,46.32,46.17,274
2023-10-10 14:48:00,8262,46.1915,46.19,46.175,46.2,46.16,183
2023-10-10 14:49:00,10476,46.2402,46.18,46.27,46.28,46.18,192
2023-10-10 14:50:00,6828,46.2711,46.26,46.2711,46.29,46.25,161
2023-10-10 14:51:00,4514,46.3067,46.27,46.345,46.345,46.27,152
2023-10-10 14:52:00,5916,46.3418,46.36,46.31,46.36,46.31,131
2023-10-10 14:53:00,1549,46.2746,46.3,46.27,46.3,46.26,74
2023-10-10 14:54:00,3568,46.2828,46.27,46.295,46.3,46.26,119
2023-10-10 14:55:00,11499,46.2739,46.31,46.2625,46.31,46.24,183
2023-10-10 14:56:00,3261,46.2393,46.2525,46.23,46.255,46.23,73
2023-10-10 14:57:00,7815,46.2231,46.22,46.25,46.25,46.19,151
2023-10-10 14:58:00,2928,46.2466,46.25,46.235,46.26,46.22,87
2023-10-10 14:59:00,4852,46.2563,46.25,46.26,46.28,46.24,128
2023-10-10 15:00:00,9001,46.2487,46.27,46.28,46.28,46.22,140
2023-10-10 15:01:00,4014,46.3149,46.27,46.35,46.35,46.27,168
2023-10-10 15:02:00,3769,46.3571,46.35,46.4,46.4,46.34,119
2023-10-10 15:03:00,10704,46.4112,46.39,46.39,46.45,46.39,180
2023-10-10 15:04:00,4555,46.3913,46.4,46.4,46.41,46.37,116
2023-10-10 15:05:00,2399,46.3952,46.4,46.39,46.405,46.39,69
2023-10-10 15:06:00,1008,46.3861,46.395,46.38,46.4,46.38,41
2023-10-10 15:07:00,14078,46.3876,46.3899,46.4,46.415,46.37,240
2023-10-10 15:08:00,8816,46.4321,46.39,46.455,46.455,46.39,209
2023-10-10 15:09:00,6971,46.4282,46.45,46.38,46.45,46.38,97
2023-10-10 15:10:00,1325,46.3817,46.39,46.38,46.39,46.38,68
2023-10-10 15:11:00,3044,46.4005,46.38,46.41,46.41,46.38,117
2023-10-10 15:12:00,3247,46.4292,46.44,46.39,46.46,46.39,102
2023-10-10 15:13:00,2254,46.3711,46.37,46.375,46.38,46.36,81
2023-10-10 15:14:00,2530,46.4003,46.37,46.425,46.43,46.37,89
2023-10-10 15:15:00,9910,46.4472,46.415,46.465,46.48,46.4,146
2023-10-10 15:16:00,10655,46.465,46.46,46.45,46.49,46.45,121
2023-10-10 15:17:00,3425,46.425,46.44,46.4,46.44,46.4,85
2023-10-10 15:18:00,2663,46.4023,46.37,46.43,46.43,46.37,79
2023-10-10 15:19:00,2092,46.4237,46.41,46.43,46.43,46.41,90
2023-10-10 15:20:00,6591,46.4544,46.49,46.42,46.49,46.42,156
2023-10-10 15:21:00,2183,46.4292,46.42,46.4,46.44,46.4,57
2023-10-10 15:22:00,2044,46.3749,46.375,46.36,46.385,46.35,62
2023-10-10 15:23:00,6277,46.3647,46.35,46.395,46.395,46.35,90
2023-10-10 15:24:00,2442,46.3892,46.395,46.385,46.4,46.38,50
2023-10-10 15:25:00,1477,46.3701,46.37,46.36,46.38,46.36,48
2023-10-10 15:26:00,2734,46.3784,46.37,46.4,46.4,46.36,116
2023-10-10 15:27:00,3516,46.3769,46.39,46.37,46.395,46.355,80
2023-10-10 15:28:00,2042,46.3515,46.36,46.35,46.36,46.33,54
2023-10-10 15:29:00,1983,46.3566,46.36,46.35,46.37,46.35,74
2023-10-10 15:30:00,4311,46.364,46.37,46.36,46.38,46.35,130
2023-10-10 15:31:00,7276,46.3406,46.34,46.31,46.36,46.31,168
2023-10-10 15:32:00,4176,46.3123,46.31,46.32,46.33,46.3,109
2023-10-10 15:33:00,1495,46.3132,46.32,46.31,46.32,46.3,49
2023-10-10 15:34:00,8716,46.3425,46.325,46.35,46.35,46.32,101
2023-10-10 15:35:00,6840,46.3772,46.355,46.45,46.45,46.34,153
2023-10-10 15:36:00,5355,46.4259,46.44,46.33,46.46,46.33,116
2023-10-10 15:37:00,1856,46.3524,46.345,46.38,46.38,46.33,59
2023-10-10 15:38:00,1506,46.3823,46.365,46.41,46.41,46.365,54
2023-10-10 15:39:00,9342,46.3606,46.41,46.32,46.415,46.3,184
2023-10-10 15:40:00,1901,46.3117,46.31,46.33,46.33,46.3,80
2023-10-10 15:41:00,1662,46.3244,46.3301,46.325,46.3301,46.31,52
2023-10-10 15:42:00,2074,46.3281,46.33,46.34,46.34,46.31,89
2023-10-10 15:43:00,2127,46.3509,46.37,46.34,46.37,46.34,60
2023-10-10 15:44:00,1746,46.3288,46.32,46.325,46.34,46.31,52
2023-10-10 15:45:00,6513,46.2591,46.32,46.2201,46.32,46.2201,104
2023-10-10 15:46:00,3556,46.2444,46.2378,46.225,46.26,46.225,105
2023-10-10 15:47:00,1562,46.2238,46.2258,46.21,46.24,46.21,57
2023-10-10 15:48:00,2294,46.207,46.21,46.195,46.22,46.19,75
2023-10-10 15:49:00,1253,46.2246,46.21,46.23,46.24,46.21,61
2023-10-10 15:50:00,1906,46.252,46.25,46.27,46.27,46.24,71
2023-10-10 15:51:00,2147,46.2556,46.2625,46.26,46.2625,46.24,73
2023-10-10 15:52:00,1788,46.2521,46.27,46.26,46.27,46.24,57
2023-10-10 15:53:00,1518,46.2388,46.245,46.25,46.25,46.23,34
2023-10-10 15:54:00,2672,46.2258,46.23,46.21,46.23,46.21,72
2023-10-10 15:55:00,4856,46.2444,46.23,46.25,46.26,46.21,108
2023-10-10 15:56:00,1290,46.2761,46.25,46.29,46.29,46.25,46
2023-10-10 15:57:00,4174,46.2647,46.295,46.24,46.295,46.24,81
2023-10-10 15:58:00,5737,46.2481,46.24,46.27,46.27,46.24,50
2023-10-10 15:59:00,5548,46.2847,46.26,46.29,46.31,46.25,84
2023-10-10 16:00:00,3749,46.2987,46.3,46.285,46.32,46.28,99
2023-10-10 16:01:00,638,46.2901,46.28,46.31,46.31,46.28,39
2023-10-10 16:02:00,2876,46.2975,46.31,46.29,46.31,46.29,104
2023-10-10 16:03:00,4591,46.3286,46.31,46.34,46.35,46.31,120
2023-10-10 16:04:00,1029,46.3472,46.34,46.34,46.34,46.34,55
2023-10-10 16:05:00,2530,46.3335,46.34,46.34,46.34,46.34,74
2023-10-10 16:06:00,1873,46.3561,46.35,46.35,46.35,46.35,102
2023-10-10 16:07:00,3463,46.3481,46.36,46.34,46.36,46.34,91
2023-10-10 16:08:00,3394,46.3293,46.34,46.34,46.34,46.32,83
2023-10-10 16:09:00,1380,46.3398,46.34,46.34,46.345,46.34,48
2023-10-10 16:10:00,5663,46.3304,46.34,46.32,46.35,46.315,134
2023-10-10 16:11:00,1724,46.3138,46.32,46.32,46.32,46.3,57
2023-10-10 16:12:00,1726,46.317,46.33,46.32,46.33,46.305,66
2023-10-10 16:13:00,13562,46.2867,46.3,46.3,46.31,46.28,182
2023-10-10 16:14:00,1280,46.3104,46.31,46.32,46.32,46.3,64
2023-10-10 16:15:00,1483,46.3114,46.32,46.3147,46.32,46.31,65
2023-10-10 16:16:00,17672,46.2819,46.3068,46.2906,46.3068,46.27,101
2023-10-10 16:17:00,7773,46.3281,46.295,46.38,46.4,46.28,178
2023-10-10 16:18:00,2889,46.3767,46.365,46.385,46.385,46.365,58
2023-10-10 16:19:00,1367,46.3887,46.42,46.385,46.42,46.375,72
2023-10-10 16:20:00,3432,46.3732,46.38,46.36,46.39,46.36,99
2023-10-10 16:21:00,6170,46.3019,46.35,46.245,46.35,46.245,183
2023-10-10 16:22:00,555,46.2501,46.24,46.25,46.25,46.24,47
2023-10-10 16:23:00,1094,46.2557,46.24,46.265,46.265,46.24,38
2023-10-10 16:24:00,1005,46.279,46.275,46.28,46.2897,46.275,49
2023-10-10 16:25:00,3172,46.3011,46.29,46.32,46.33,46.27,100
2023-10-10 16:26:00,2260,46.3428,46.33,46.36,46.36,46.33,82
2023-10-10 16:27:00,735,46.3462,46.35,46.34,46.35,46.34,23
2023-10-10 16:28:00,2760,46.3513,46.36,46.36,46.36,46.35,87
2023-10-10 16:29:00,3731,46.3624,46.35,46.385,46.4,46.35,102
2023-10-10 16:30:00,5572,46.3789,46.38,46.38,46.39,46.37,118
2023-10-10 16:31:00,5221,46.3857,46.375,46.39,46.39,46.375,74
2023-10-10 16:32:00,3084,46.4256,46.39,46.44,46.465,46.39,86
2023-10-10 16:33:00,4199,46.4345,46.44,46.4377,46.44,46.42,97
2023-10-10 16:34:00,642,46.4482,46.44,46.46,46.46,46.44,37
2023-10-10 16:35:00,3977,46.4542,46.4601,46.45,46.47,46.45,99
2023-10-10 16:36:00,2250,46.4247,46.46,46.4003,46.46,46.4,75
2023-10-10 16:37:00,1074,46.4233,46.43,46.43,46.43,46.43,56
2023-10-10 16:38:00,508,46.4313,46.43,46.43,46.43,46.43,37
2023-10-10 16:39:00,2540,46.4428,46.45,46.46,46.46,46.44,51
2023-10-10 16:40:00,1636,46.439,46.44,46.44,46.44,46.43,73
2023-10-10 16:41:00,2264,46.4309,46.45,46.395,46.45,46.395,87
2023-10-10 16:42:00,1298,46.4156,46.42,46.42,46.42,46.41,56
2023-10-10 16:43:00,2760,46.415,46.41,46.41,46.44,46.41,68
2023-10-10 16:44:00,1333,46.434,46.42,46.44,46.44,46.42,77
2023-10-10 16:45:00,2849,46.3783,46.42,46.34,46.42,46.32,83
2023-10-10 16:46:00,2715,46.2938,46.31,46.23,46.31,46.23,72
2023-10-10 16:47:00,6204,46.2658,46.24,46.28,46.29,46.24,124
2023-10-10 16:48:00,1857,46.2692,46.25,46.28,46.28,46.25,44
2023-10-10 16:49:00,3186,46.2654,46.3,46.27,46.3,46.26,61
2023-10-10 16:50:00,613,46.295,46.29,46.29,46.29,46.29,59
2023-10-10 16:51:00,605,46.3118,46.31,46.31,46.31,46.31,44
2023-10-10 16:52:00,2663,46.3129,46.319,46.3,46.32,46.3,52
2023-10-10 16:53:00,1769,46.2922,46.3,46.28,46.3,46.28,58
2023-10-10 16:54:00,2711,46.2915,46.29,46.29,46.305,46.28,94
2023-10-10 16:55:00,2040,46.2711,46.29,46.26,46.29,46.26,82
2023-10-10 16:56:00,1377,46.2519,46.26,46.242,46.26,46.242,51
2023-10-10 16:57:00,1160,46.2577,46.26,46.27,46.27,46.25,72
2023-10-10 16:58:00,1829,46.2479,46.25,46.25,46.25,46.24,54
2023-10-10 16:59:00,2063,46.2624,46.26,46.26,46.27,46.25,85
2023-10-10 17:00:00,2192,46.261,46.27,46.28,46.28,46.25,72
2023-10-10 17:01:00,1989,46.2239,46.25,46.2,46.25,46.2,49
2023-10-10 17:02:00,769,46.1766,46.1721,46.18,46.18,46.1721,40
2023-10-10 17:03:00,2079,46.1903,46.19,46.2,46.2,46.18,99
2023-10-10 17:04:00,7760,46.1254,46.19,45.99,46.19,45.99,206
2023-10-10 17:05:00,5672,45.9087,45.96,45.86,45.96,45.86,142
2023-10-10 17:06:00,13540,45.9043,45.87,45.88,45.93,45.86,207
2023-10-10 17:07:00,3346,45.8919,45.905,45.89,45.905,45.89,19
2023-10-10 17:08:00,3292,45.8715,45.91,45.86,45.91,45.85,111
2023-10-10 17:09:00,1447,45.8617,45.865,45.88,45.88,45.84,67
2023-10-10 17:10:00,1261,45.9107,45.9,45.92,45.92,45.89,46
2023-10-10 17:11:00,2852,45.9028,45.905,45.89,45.92,45.89,72
2023-10-10 17:12:00,756,45.8182,45.86,45.75,45.86,45.75,29
2023-10-10 17:13:00,3679,45.7802,45.76,45.77,45.79,45.76,81
2023-10-10 17:14:00,5481,45.7276,45.76,45.715,45.76,45.7,59
2023-10-10 17:15:00,4596,45.7199,45.69,45.79,45.79,45.66,120
2023-10-10 17:16:00,4241,45.7692,45.78,45.78,45.78,45.75,83
2023-10-10 17:17:00,5671,45.7654,45.785,45.77,45.785,45.7629,38
2023-10-10 17:18:00,4136,45.8113,45.78,45.835,45.84,45.78,82
2023-10-10 17:19:00,4229,45.8218,45.82,45.84,45.84,45.81,73
2023-10-10 17:20:00,3056,45.8476,45.84,45.865,45.87,45.82,90
2023-10-10 17:21:00,4856,45.8438,45.87,45.8,45.88,45.8,115
2023-10-10 17:22:00,1922,45.788,45.775,45.79,45.79,45.77,56
2023-10-10 17:23:00,547,45.8042,45.81,45.81,45.81,45.81,19
2023-10-10 17:24:00,4560,45.8185,45.81,45.85,45.85,45.78,112
2023-10-10 17:25:00,2694,45.8465,45.86,45.85,45.86,45.83,72
2023-10-10 17:26:00,1794,45.8574,45.85,45.87,45.87,45.85,59
2023-10-10 17:27:00,2054,45.8651,45.87,45.9,45.9,45.85,63
2023-10-10 17:28:00,1006,45.8976,45.9,45.9,45.9,45.9,41
2023-10-10 17:29:00,2687,45.9095,45.89,45.94,45.94,45.89,67
2023-10-10 17:30:00,1891,45.9597,45.95,45.98,45.98,45.95,68
2023-10-10 17:31:00,2576,45.9584,45.98,45.99,45.99,45.945,49
2023-10-10 17:32:00,1482,45.9273,45.95,45.915,45.95,45.91,48
2023-10-10 17:33:00,1735,45.9175,45.88,45.97,45.97,45.88,69
2023-10-10 17:34:00,1996,45.9452,45.955,45.92,45.98,45.905,51
2023-10-10 17:35:00,2043,45.9343,45.93,45.94,45.95,45.92,50
2023-10-10 17:36:00,1124,45.9347,45.955,45.93,45.955,45.92,22
2023-10-10 17:37:00,585,45.9492,45.95,45.96,45.96,45.95,38
2023-10-10 17:38:00,1119,45.9384,45.955,45.925,45.955,45.925,35
2023-10-10 17:39:00,4783,45.9486,45.95,45.94,45.95,45.94,60
2023-10-10 17:40:00,3574,45.9894,45.99,46.01,46.01,45.97,88
2023-10-10 17:41:00,2924,46.0287,46.03,46.04,46.04,46.011,89
2023-10-10 17:42:00,552,46.0342,46.04,46.03,46.04,46.03,25
2023-10-10 17:43:00,3738,46.0086,46.03,45.975,46.03,45.97,97
2023-10-10 17:44:00,1251,46.0113,45.995,46.015,46.02,45.995,45
2023-10-10 17:45:00,2582,45.9923,46.02,45.97,46.02,45.97,86
2023-10-10 17:46:00,618,45.9674,45.97,45.97,45.97,45.97,35
2023-10-10 17:47:00,1330,45.9477,45.94,45.95,45.95,45.94,46
2023-10-10 17:48:00,1859,45.94,45.94,45.95,45.95,45.91,62
2023-10-10 17:49:00,454,45.9525,45.945,45.97,45.97,45.94,22
2023-10-10 17:50:00,2235,45.9402,45.95,45.9223,45.95,45.9223,65
2023-10-10 17:51:00,1402,45.9337,45.95,45.92,45.95,45.92,42
2023-10-10 17:52:00,5363,45.8951,45.95,45.84,45.95,45.84,102
2023-10-10 17:53:00,947,45.8576,45.845,45.86,45.86,45.845,42
2023-10-10 17:54:00,1635,45.8662,45.86,45.87,45.88,45.85,58
2023-10-10 17:55:00,2879,45.9005,45.86,45.92,45.92,45.86,86
2023-10-10 17:56:00,1711,45.9033,45.91,45.885,45.91,45.885,40
2023-10-10 17:57:00,1898,45.8865,45.89,45.8806,45.89,45.88,47
2023-10-10 17:58:00,1595,45.8689,45.88,45.86,45.88,45.86,55
2023-10-10 17:59:00,1895,45.8614,45.85,45.89,45.89,45.845,59
2023-10-10 18:00:00,5432,45.8853,45.875,45.9,45.92,45.85,149
2023-10-10 18:01:00,1625,45.8809,45.86,45.89,45.89,45.86,54
2023-10-10 18:02:00,418,45.8773,45.87,45.86,45.9,45.86,21
2023-10-10 18:03:00,1303,45.8845,45.88,45.89,45.89,45.88,54
2023-10-10 18:04:00,3842,45.9031,45.89,45.94,45.94,45.88,93
2023-10-10 18:05:00,3722,45.9153,45.94,45.89,45.94,45.89,95
2023-10-10 18:06:00,525,45.9139,45.92,45.92,45.92,45.92,35
2023-10-10 18:07:00,1834,45.8957,45.9,45.89,45.9,45.89,50
2023-10-10 18:08:00,287,45.9135,45.91,45.92,45.92,45.91,16
2023-10-10 18:09:00,2459,45.8926,45.92,45.87,45.92,45.87,67
2023-10-10 18:10:00,1919,45.8827,45.86,45.9,45.9,45.86,85
2023-10-10 18:11:00,919,45.9077,45.91,45.9,45.91,45.9,35
2023-10-10 18:12:00,720,45.8933,45.89,45.9,45.9,45.89,25
2023-10-10 18:13:00,1652,45.8881,45.88,45.9,45.9,45.88,53
2023-10-10 18:14:00,2833,45.8815,45.9,45.88,45.9,45.87,66
2023-10-10 18:15:00,3685,45.8516,45.87,45.86,45.87,45.83,95
2023-10-10 18:16:00,4559,45.8445,45.855,45.83,45.855,45.83,24
2023-10-10 18:17:00,3738,45.8487,45.84,45.83,45.87,45.82,100
2023-10-10 18:18:00,2436,45.8117,45.8,45.84,45.84,45.8,92
2023-10-10 18:19:00,2329,45.8554,45.845,45.87,45.88,45.83,39
2023-10-10 18:20:00,3988,45.883,45.88,45.87,45.9,45.87,84
2023-10-10 18:21:00,4902,45.8318,45.865,45.76,45.87,45.76,104
2023-10-10 18:22:00,1666,45.7653,45.77,45.77,45.77,45.76,49
2023-10-10 18:23:00,2581,45.7941,45.79,45.79,45.82,45.79,62
2023-10-10 18:24:00,4004,45.7892,45.79,45.7799,45.8,45.77,78
2023-10-10 18:25:00,4125,45.7362,45.76,45.7,45.76,45.695,92
2023-10-10 18:26:00,3351,45.7404,45.71,45.78,45.78,45.71,102
2023-10-10 18:27:00,2689,45.8422,45.8,45.86,45.88,45.8,73
2023-10-10 18:28:00,3379,45.8244,45.855,45.81,45.86,45.8,69
2023-10-10 18:29:00,3578,45.7801,45.795,45.78,45.8,45.76,89
2023-10-10 18:30:00,1137,45.801,45.81,45.8,45.81,45.8,54
2023-10-10 18:31:00,3295,45.8215,45.81,45.84,45.84,45.81,89
2023-10-10 18:32:00,2360,45.8384,45.84,45.85,45.85,45.83,58
2023-10-10 18:33:00,1888,45.8502,45.84,45.86,45.86,45.84,71
2023-10-10 18:34:00,2963,45.8945,45.87,45.92,45.92,45.87,94
2023-10-10 18:35:00,3817,45.9066,45.93,45.89,45.93,45.89,108
2023-10-10 18:36:00,6775,45.8633,45.89,45.79,45.905,45.78,154
2023-10-10 18:37:00,1720,45.7947,45.79,45.81,45.81,45.79,61
2023-10-10 18:38:00,1906,45.8187,45.81,45.83,45.83,45.81,40
2023-10-10 18:39:00,4756,45.8344,45.82,45.83,45.85,45.81,110
2023-10-10 18:40:00,1588,45.8166,45.8,45.82,45.82,45.8,55
2023-10-10 18:41:00,1655,45.8525,45.85,45.86,45.86,45.84,50
2023-10-10 18:42:00,2394,45.8624,45.85,45.86,45.88,45.85,56
2023-10-10 18:43:00,692,45.8834,45.89,45.89,45.89,45.89,36
2023-10-10 18:44:00,1633,45.9213,45.91,45.94,45.94,45.91,54
2023-10-10 18:45:00,3192,45.9335,45.96,45.96,45.98,45.95,64
2023-10-10 18:46:00,582,45.9732,45.98,45.98,45.98,45.98,37
2023-10-10 18:47:00,3751,45.9896,45.98,46.0,46.01,45.98,81
2023-10-10 18:48:00,2535,46.0564,46.01,46.1,46.1,46.01,86
2023-10-10 18:49:00,7483,46.0597,46.09,46.0,46.1,46.0,147
2023-10-10 18:50:00,3199,45.9963,46.02,45.9999,46.02,45.9701,70
2023-10-10 18:51:00,1138,45.9989,45.9999,46.0,46.0,45.9999,36
2023-10-10 18:52:00,1929,46.02,46.01,46.04,46.04,46.0,67
2023-10-10 18:53:00,12753,45.9786,46.03,45.93,46.03,45.93,255
2023-10-10 18:54:00,1107,45.9052,45.9,45.9,45.92,45.9,44
2023-10-10 18:55:00,4083,45.8929,45.885,45.88,45.9,45.86,75
2023-10-10 18:56:00,989,45.8625,45.87,45.87,45.87,45.85,37
2023-10-10 18:57:00,3080,45.8902,45.89,45.9,45.9,45.88,81
2023-10-10 18:58:00,1547,45.8966,45.9,45.9,45.91,45.89,36
2023-10-10 18:59:00,4055,45.8975,45.91,45.87,45.92,45.87,70
2023-10-10 19:00:00,2262,45.8911,45.88,45.91,45.91,45.88,75
2023-10-10 19:01:00,5166,45.8591,45.9,45.81,45.9,45.81,117
2023-10-10 19:02:00,2360,45.789,45.79,45.79,45.8,45.78,61
2023-10-10 19:03:00,6508,45.771,45.78,45.74,45.8,45.74,131
2023-10-10 19:04:00,2278,45.7167,45.74,45.71,45.74,45.7016,65
2023-10-10 19:05:00,7253,45.687,45.7,45.63,45.7,45.63,153
2023-10-10 19:06:00,6467,45.6217,45.61,45.61,45.64,45.6,132
2023-10-10 19:07:00,9471,45.6172,45.6,45.7,45.7,45.58,209
2023-10-10 19:08:00,2300,45.7111,45.705,45.73,45.73,45.69,80
2023-10-10 19:09:00,1155,45.7492,45.74,45.76,45.76,45.74,62
2023-10-10 19:10:00,4841,45.7264,45.75,45.72,45.75,45.71,89
2023-10-10 19:11:00,4570,45.6985,45.72,45.63,45.72,45.63,78
2023-10-10 19:12:00,1525,45.644,45.64,45.64,45.64,45.64,51
2023-10-10 19:13:00,9053,45.6439,45.63,45.67,45.68,45.63,136
2023-10-10 19:14:00,2692,45.6897,45.68,45.69,45.7,45.68,66
2023-10-10 19:15:00,2136,45.6847,45.69,45.69,45.69,45.675,75
2023-10-10 19:16:00,3416,45.7126,45.7,45.73,45.73,45.7,106
2023-10-10 19:17:00,4192,45.7306,45.74,45.73,45.76,45.73,110
2023-10-10 19:18:00,2951,45.7137,45.71,45.71,45.725,45.703,62
2023-10-10 19:19:00,3879,45.6812,45.72,45.67,45.72,45.66,112
2023-10-10 19:20:00,4618,45.6197,45.66,45.6,45.66,45.585,94
2023-10-10 19:21:00,2824,45.6198,45.59,45.61,45.62,45.59,82
2023-10-10 19:22:00,6483,45.6408,45.63,45.68,45.68,45.63,131
2023-10-10 19:23:00,6707,45.6608,45.68,45.64,45.68,45.63,96
2023-10-10 19:24:00,4371,45.6653,45.65,45.68,45.68,45.65,54
2023-10-10 19:25:00,3287,45.677,45.68,45.7,45.7,45.67,95
2023-10-10 19:26:00,5365,45.7063,45.71,45.72,45.73,45.69,136
2023-10-10 19:27:00,1909,45.705,45.715,45.73,45.73,45.71,49
2023-10-10 19:28:00,2584,45.7288,45.73,45.73,45.735,45.72,60
2023-10-10 19:29:00,4510,45.7238,45.73,45.73,45.735,45.72,106
2023-10-10 19:30:00,4494,45.7288,45.73,45.74,45.74,45.72,122
2023-10-10 19:31:00,4559,45.7575,45.73,45.77,45.78,45.73,112
2023-10-10 19:32:00,7481,45.754,45.77,45.74,45.77,45.74,163
2023-10-10 19:33:00,2825,45.7382,45.745,45.75,45.75,45.725,107
2023-10-10 19:34:00,5330,45.7483,45.75,45.74,45.76,45.73,120
2023-10-10 19:35:00,7426,45.7245,45.745,45.7,45.745,45.7,134
2023-10-10 19:36:00,6374,45.6802,45.7,45.68,45.7,45.66,143
2023-10-10 19:37:00,3416,45.6784,45.675,45.68,45.685,45.67,89
2023-10-10 19:38:00,4949,45.6755,45.67,45.68,45.7,45.65,134
2023-10-10 19:39:00,6111,45.6545,45.68,45.65,45.68,45.62,121
2023-10-10 19:40:00,7521,45.6697,45.655,45.66,45.68,45.655,172
2023-10-10 19:41:00,4637,45.6856,45.665,45.72,45.72,45.665,106
2023-10-10 19:42:00,5684,45.7042,45.7,45.68,45.72,45.68,99
2023-10-10 19:43:00,6706,45.6771,45.68,45.6719,45.69,45.67,141
2023-10-10 19:44:00,8377,45.7032,45.68,45.75,45.75,45.68,202
2023-10-10 19:45:00,7541,45.7621,45.75,45.775,45.79,45.74,161
2023-10-10 19:46:00,8946,45.7568,45.77,45.76,45.77,45.745,217
2023-10-10 19:47:00,8183,45.7501,45.76,45.765,45.765,45.725,172
2023-10-10 19:48:00,8318,45.7627,45.7675,45.77,45.77,45.76,184
2023-10-10 19:49:00,7059,45.7611,45.771,45.765,45.78,45.74,179
2023-10-10 19:50:00,11099,45.7727,45.77,45.78,45.785,45.75,224
2023-10-10 19:51:00,11969,45.7901,45.775,45.77,45.81,45.77,241
2023-10-10 19:52:00,10559,45.7755,45.775,45.75,45.8,45.75,240
2023-10-10 19:53:00,16246,45.7662,45.76,45.76,45.79,45.75,315
2023-10-10 19:54:00,13630,45.7642,45.76,45.75,45.785,45.73,309
2023-10-10 19:55:00,18570,45.778,45.75,45.795,45.81,45.75,299
2023-10-10 19:56:00,29507,45.7678,45.79,45.765,45.8,45.74,451
2023-10-10 19:57:00,11867,45.7714,45.765,45.765,45.78,45.765,202
2023-10-10 19:58:00,18775,45.7402,45.765,45.73,45.765,45.72,330
2023-10-10 19:59:00,31616,45.7412,45.73,45.76,45.77,45.72,556
2023-10-10 20:00:00,8205,45.76,45.76,45.76,45.76,45.76,35
2023-10-10 20:06:00,1001,45.7596,45.76,45.76,45.76,45.76,5
2023-10-10 20:20:00,231,45.76,45.76,45.76,45.76,45.76,1
2023-10-10 20:39:00,200,45.76,45.76,45.76,45.76,45.76,1
2023-10-10 21:21:00,200,45.36,45.36,45.36,45.36,45.36,1
2023-10-10 21:44:00,100,45.76,45.76,45.76,45.76,45.76,1
2023-10-11 11:12:00,124,45.8252,45.82,45.82,45.82,45.82,7
2023-10-11 12:00:00,239,46.9046,46.8996,46.8996,46.8996,46.8996,4
2023-10-11 12:30:00,1000,45.9903,45.99,45.99,45.99,45.99,2
2023-10-11 13:03:00,550,46.99,46.99,46.99,46.99,46.99,1
2023-10-11 13:12:00,1310,46.888,46.59,46.99,46.99,46.59,13
2023-10-11 13:25:00,809,46.9938,46.99,46.99,46.99,46.99,25
2023-10-11 13:30:00,60679,46.4005,46.37,46.5383,46.96,46.35,93
2023-10-11 13:31:00,27735,46.8577,46.548,46.91,47.03,46.548,330
2023-10-11 13:32:00,16647,47.0611,46.91,47.145,47.21,46.91,151
2023-10-11 13:33:00,12886,47.095,47.03,47.0123,47.3063,46.89,155
2023-10-11 13:34:00,3001,47.136,47.18,47.11,47.21,47.1,87
2023-10-11 13:35:00,38933,47.1386,47.17,47.14,47.23,47.025,303
2023-10-11 13:36:00,10886,46.9884,47.03,46.97,47.09,46.91,177
2023-10-11 13:37:00,4986,46.9508,46.97,46.91,47.0,46.9,69
2023-10-11 13:38:00,8715,46.8503,46.93,46.8206,46.97,46.7,140
2023-10-11 13:39:00,8351,46.7203,46.785,46.63,46.8199,46.56,122
2023-10-11 13:40:00,4159,46.6566,46.63,46.73,46.73,46.59,70
2023-10-11 13:41:00,2004,46.7493,46.725,46.79,46.79,46.725,36
2023-10-11 13:42:00,14517,47.0198,46.7201,47.14,47.14,46.7201,175
2023-10-11 13:43:00,19276,47.0673,47.11,46.81,47.23,46.81,241
2023-10-11 13:44:00,6068,46.9422,46.875,47.0,47.01,46.83,90
2023-10-11 13:45:00,8138,46.9791,47.0,46.87,47.02,46.87,106
2023-10-11 13:46:00,6094,46.9493,46.9,46.95,46.99,46.9,118
2023-10-11 13:47:00,3462,46.9919,46.96,46.99,47.02,46.96,69
2023-10-11 13:48:00,133625,47.0001,47.0,47.01,47.03,46.981,60
2023-10-11 13:49:00,8533,46.97,47.01,46.975,47.01,46.93,148
2023-10-11 13:50:00,21375,46.9866,46.975,46.96,47.005,46.945,272
2023-10-11 13:51:00,13046,46.9411,46.96,46.935,47.0,46.91,218
2023-10-11 13:52:00,11526,46.9662,46.94,46.97,46.99,46.915,121
2023-10-11 13:53:00,38232,46.9684,46.985,46.98,47.055,46.86,340
2023-10-11 13:54:00,10426,46.9191,46.96,46.935,46.98,46.88,146
2023-10-11 13:55:00,97036,47.0065,46.96,47.18,47.19,46.96,298
2023-10-11 13:56:00,21650,47.1295,47.15,47.1,47.2,47.09,224
2023-10-11 13:57:00,5074,47.1415,47.12,47.17,47.22,47.11,101
2023-10-11 13:58:00,9882,47.2328,47.17,47.28,47.28,47.17,185
2023-10-11 13:59:00,7049,47.2949,47.29,47.31,47.33,47.27,90
2023-10-11 14:00:00,10493,47.1979,47.33,47.135,47.33,47.13,206
2023-10-11 14:01:00,22017,47.2101,47.125,47.21,47.25,47.125,310
2023-10-11 14:02:00,41213,47.1695,47.19,47.22,47.25,47.13,363
2023-10-11 14:03:00,55563,47.2981,47.25,47.475,47.475,47.2,474
2023-10-11 14:04:00,7934,47.4181,47.4363,47.39,47.46,47.39,152
2023-10-11 14:05:00,6407,47.4129,47.39,47.4625,47.4625,47.39,128
2023-10-11 14:06:00,10627,47.4148,47.4458,47.44,47.465,47.405,179
2023-10-11 14:07:00,5515,47.463,47.445,47.45,47.49,47.44,111
2023-10-11 14:08:00,37275,47.5264,47.46,47.555,47.56,47.46,460
2023-10-11 14:09:00,21995,47.5303,47.545,47.46,47.575,47.46,281
2023-10-11 14:10:00,8337,47.4762,47.485,47.49,47.5,47.45,151
2023-10-11 14:11:00,10997,47.4784,47.49,47.485,47.5,47.46,168
2023-10-11 14:12:00,18069,47.4699,47.48,47.41,47.5,47.39,333
2023-10-11 14:13:00,20347,47.3824,47.405,47.39,47.41,47.35,227
2023-10-11 14:14:00,12376,47.3855,47.38,47.3272,47.41,47.3272,165
2023-10-11 14:15:00,10021,47.3371,47.34,47.35,47.365,47.29,170
2023-10-11 14:16:00,10267,47.3336,47.345,47.305,47.37,47.2868,197
2023-10-11 14:17:00,4252,47.3338,47.32,47.31,47.38,47.31,73
2023-10-11 14:18:00,5888,47.3324,47.305,47.335,47.375,47.29,136
2023-10-11 14:19:00,2201,47.344,47.34,47.33,47.35,47.33,59
2023-10-11 14:20:00,3161,47.3348,47.32,47.365,47.365,47.3,71
2023-10-11 14:21:00,7749,47.2578,47.34,47.28,47.355,47.21,190
2023-10-11 14:22:00,11365,47.237,47.26,47.25,47.26,47.2299,130
2023-10-11 14:23:00,5580,47.323,47.27,47.35,47.35,47.27,150
2023-10-11 14:24:00,7825,47.332,47.335,47.35,47.35,47.31,125
2023-10-11 14:25:00,3840,47.3732,47.335,47.41,47.41,47.335,111
2023-10-11 14:26:00,13930,47.4364,47.425,47.42,47.47,47.41,221
2023-10-11 14:27:00,7171,47.4045,47.43,47.39,47.43,47.375,115
2023-10-11 14:28:00,7592,47.3847,47.4019,47.39,47.41,47.34,161
2023-10-11 14:29:00,4612,47.4002,47.395,47.435,47.44,47.38,96
2023-10-11 14:30:00,10385,47.4238,47.445,47.38,47.47,47.38,182
2023-10-11 14:31:00,15338,47.3945,47.4,47.38,47.41,47.36,274
2023-10-11 14:32:00,12216,47.3919,47.4,47.39,47.4,47.36,208
2023-10-11 14:33:00,28026,47.4085,47.39,47.45,47.45,47.38,506
2023-10-11 14:34:00,16555,47.4145,47.44,47.45,47.47,47.39,316
2023-10-11 14:35:00,5281,47.4403,47.44,47.42,47.46,47.415,131
2023-10-11 14:36:00,8607,47.3765,47.415,47.35,47.415,47.35,166
2023-10-11 14:37:00,9099,47.3504,47.38,47.36,47.38,47.32,193
2023-10-11 14:38:00,8040,47.3401,47.35,47.33,47.365,47.31,163
2023-10-11 14:39:00,5990,47.3571,47.32,47.37,47.395,47.31,165
2023-10-11 14:40:00,3854,47.3708,47.38,47.36,47.38,47.35,93
2023-10-11 14:41:00,5167,47.3279,47.34,47.36,47.365,47.3,111
2023-10-11 14:42:00,7841,47.3306,47.36,47.34,47.365,47.3,169
2023-10-11 14:43:00,5171,47.3354,47.34,47.33,47.35,47.32,122
2023-10-11 14:44:00,6264,47.2987,47.33,47.31,47.33,47.27,153
2023-10-11 14:45:00,6069,47.2966,47.34,47.31,47.34,47.255,159
2023-10-11 14:46:00,3862,47.2806,47.285,47.31,47.315,47.245,117
2023-10-11 14:47:00,3510,47.2675,47.305,47.275,47.305,47.24,118
2023-10-11 14:48:00,4341,47.2942,47.275,47.31,47.31,47.275,131
2023-10-11 14:49:00,2597,47.3503,47.32,47.34,47.37,47.32,77
2023-10-11 14:50:00,4524,47.37,47.33,47.35,47.4,47.33,145
2023-10-11 14:51:00,14856,47.3961,47.34,47.4,47.405,47.34,310
2023-10-11 14:52:00,47049,47.3993,47.39,47.38,47.42,47.38,775
2023-10-11 14:53:00,10987,47.3851,47.4,47.37,47.4,47.37,226
2023-10-11 14:54:00,3775,47.3771,47.36,47.4,47.4,47.35,90
2023-10-11 14:55:00,12606,47.3977,47.37,47.4,47.43,47.36,347
2023-10-11 14:56:00,11081,47.471,47.46,47.49,47.51,47.44,201
2023-10-11 14:57:00,2528,47.462,47.47,47.46,47.47,47.45,69
2023-10-11 14:58:00,2186,47.4755,47.48,47.47,47.5,47.46,86
2023-10-11 14:59:00,7109,47.4383,47.465,47.42,47.465,47.41,134
2023-10-11 15:00:00,23236,47.4713,47.435,47.58,47.59,47.41,445
2023-10-11 15:01:00,7636,47.6227,47.585,47.63,47.655,47.58,197
2023-10-11 15:02:00,8336,47.6177,47.63,47.6,47.635,47.59,194
2023-10-11 15:03:00,3786,47.6139,47.62,47.62,47.625,47.6,107
2023-10-11 15:04:00,7730,47.6002,47.61,47.6,47.625,47.58,173
2023-10-11 15:05:00,25763,47.6665,47.61,47.69,47.69,47.61,99
2023-10-11 15:06:00,19663,47.7206,47.69,47.745,47.76,47.69,210
2023-10-11 15:07:00,15286,47.7103,47.745,47.695,47.755,47.67,154
2023-10-11 15:08:00,3482,47.5958,47.6773,47.53,47.7,47.53,72
2023-10-11 15:09:00,8845,47.5928,47.52,47.63,47.65,47.51,138
2023-10-11 15:10:00,4678,47.5893,47.62,47.53,47.62,47.53,104
2023-10-11 15:11:00,3589,47.4619,47.51,47.415,47.51,47.4,67
2023-10-11 15:12:00,2733,47.4073,47.4,47.38,47.4353,47.38,73
2023-10-11 15:13:00,3875,47.3429,47.36,47.295,47.37,47.295,111
2023-10-11 15:14:00,2847,47.2956,47.31,47.27,47.32,47.26,95
2023-10-11 15:15:00,7238,47.2294,47.28,47.16,47.29,47.12,163
2023-10-11 15:16:00,2481,47.1318,47.145,47.065,47.155,47.06,80
2023-10-11 15:17:00,33550,47.0315,47.08,47.055,47.09,47.015,221
2023-10-11 15:18:00,8395,47.0077,47.08,47.03,47.08,46.96,170
2023-10-11 15:19:00,41686,46.9947,47.015,47.02,47.02,46.98,140
2023-10-11 15:20:00,11288,46.9852,47.005,46.985,47.02,46.95,184
2023-10-11 15:21:00,5506,46.9637,46.96,46.95,46.995,46.95,98
2023-10-11 15:22:00,13095,46.9871,46.94,46.98,47.0,46.93,271
2023-10-11 15:23:00,2582,46.9821,46.99,46.9731,46.99,46.97,65
2023-10-11 15:24:00,4467,46.9877,47.0,47.0,47.0,46.96,81
2023-10-11 15:25:00,3016,46.9816,46.97,46.97,46.99,46.97,87
2023-10-11 15:26:00,3470,46.9847,46.97,46.94,47.0,46.94,61
2023-10-11 15:27:00,6412,46.9292,46.95,46.945,46.95,46.915,98
2023-10-11 15:28:00,5658,46.9394,46.965,46.89,46.97,46.89,102
2023-10-11 15:29:00,7039,46.9156,46.92,46.88,46.94,46.88,147
2023-10-11 15:30:00,5167,46.8955,46.88,46.91,46.92,46.88,139
2023-10-11 15:31:00,3455,46.9327,46.94,46.96,46.96,46.915,83
2023-10-11 15:32:00,3965,46.9656,46.98,46.96,46.99,46.95,102
2023-10-11 15:33:00,5168,46.9453,46.94,46.93,46.97,46.93,109
2023-10-11 15:34:00,2771,46.9354,46.92,46.92,46.965,46.92,72
2023-10-11 15:35:00,6867,46.9385,46.92,46.96,46.97,46.92,127
2023-10-11 15:36:00,3910,46.9889,46.98,46.965,47.0,46.96,104
2023-10-11 15:37:00,3056,46.9628,46.9575,46.97,46.98,46.94,67
2023-10-11 15:38:00,3932,46.9373,46.96,46.92,46.96,46.92,86
2023-10-11 15:39:00,13856,46.935,46.925,47.0,47.0,46.88,252
2023-10-11 15:40:00,8851,46.9811,47.0,46.95,47.0,46.93,159
2023-10-11 15:41:00,8407,46.9262,46.95,46.92,46.96,46.92,73
2023-10-11 15:42:00,3024,46.9383,46.93,46.945,46.96,46.93,92
2023-10-11 15:43:00,5131,46.9202,46.945,46.895,46.945,46.89,105
2023-10-11 15:44:00,2793,46.8738,46.88,46.87,46.89,46.86,69
2023-10-11 15:45:00,4573,46.9238,46.87,46.975,47.0,46.87,159
2023-10-11 15:46:00,6350,46.9505,46.98,46.9,46.99,46.9,91
2023-10-11 15:47:00,15075,46.8808,46.88,46.905,46.915,46.85,193
2023-10-11 15:48:00,9245,46.9589,46.91,46.96,47.005,46.9,170
2023-10-11 15:49:00,3978,46.9611,46.97,46.96,46.97,46.95,67
2023-10-11 15:50:00,3979,46.9941,46.97,46.99,47.0,46.97,72
2023-10-11 15:51:00,12922,47.0214,47.0,47.05,47.06,46.99,241
2023-10-11 15:52:00,2435,47.101,47.07,47.15,47.15,47.07,65
2023-10-11 15:53:00,1543,47.1397,47.15,47.13,47.15,47.13,38
2023-10-11 15:54:00,1356,47.1638,47.15,47.2,47.2,47.145,38
2023-10-11 15:55:00,4473,47.1975,47.2,47.17,47.225,47.17,105
2023-10-11 15:56:00,6982,47.1541,47.16,47.155,47.18,47.13,133
2023-10-11 15:57:00,6634,47.1624,47.16,47.14,47.19,47.13,128
2023-10-11 15:58:00,2603,47.1179,47.12,47.145,47.15,47.11,71
2023-10-11 15:59:00,4702,47.152,47.15,47.13,47.17,47.13,94
2023-10-11 16:00:00,3866,47.0926,47.12,47.09,47.12,47.08,81
2023-10-11 16:01:00,27963,47.0294,47.1,47.05,47.12,46.99,369
2023-10-11 16:02:00,6253,47.0648,47.04,47.13,47.13,47.03,121
2023-10-11 16:03:00,6057,47.1079,47.12,47.09,47.14,47.08,95
2023-10-11 16:04:00,4902,47.0848,47.095,47.08,47.105,47.07,100
2023-10-11 16:05:00,4346,47.0291,47.07,47.0,47.075,47.0,92
2023-10-11 16:06:00,9712,46.9932,47.025,47.03,47.03,46.95,189
2023-10-11 16:07:00,15518,47.0118,47.03,47.0,47.05,46.97,226
2023-10-11 16:08:00,6508,46.9862,47.0,46.98,47.0,46.9799,73
2023-10-11 16:09:00,5824,46.974,46.98,46.94,47.0,46.93,133
2023-10-11 16:10:00,2811,46.9589,46.93,46.96,46.98,46.93,74
2023-10-11 16:11:00,4701,46.9526,46.955,46.93,46.98,46.93,110
2023-10-11 16:12:00,6527,46.909,46.92,46.89,46.93,46.89,130
2023-10-11 16:13:00,4727,46.916,46.89,46.911,46.945,46.88,128
2023-10-11 16:14:00,2667,46.8882,46.91,46.895,46.91,46.875,70
2023-10-11 16:15:00,5673,46.8432,46.89,46.84,46.89,46.815,123
2023-10-11 16:16:00,8598,46.8633,46.84,46.86,46.89,46.84,126
2023-10-11 16:17:00,7168,46.8545,46.86,46.88,46.885,46.83,117
2023-10-11 16:18:00,8481,46.8743,46.88,46.88,46.89,46.86,138
2023-10-11 16:19:00,5609,46.9231,46.89,46.92,46.94,46.89,136
2023-10-11 16:20:00,4659,46.924,46.92,46.95,46.95,46.91,85
2023-10-11 16:21:00,39485,46.9027,46.95,46.905,46.97,46.87,272
2023-10-11 16:22:00,6797,46.8977,46.91,46.9,46.91,46.885,87
2023-10-11 16:23:00,15527,46.8775,46.91,46.89,46.92,46.85,249
2023-10-11 16:24:00,11801,46.8919,46.89,46.89,46.91,46.88,158
2023-10-11 16:25:00,7626,46.8636,46.89,46.825,46.8919,46.825,154
2023-10-11 16:26:00,3345,46.8385,46.83,46.845,46.85,46.82,83
2023-10-11 16:27:00,3888,46.8107,46.81,46.83,46.83,46.79,104
2023-10-11 16:28:00,5872,46.8253,46.83,46.84,46.845,46.8,115
2023-10-11 16:29:00,4940,46.8864,46.85,46.93,46.93,46.85,101
2023-10-11 16:30:00,7078,46.8753,46.92,46.87,46.92,46.84,136
2023-10-11 16:31:00,5404,46.9027,46.86,46.92,46.93,46.86,101
2023-10-11 16:32:00,3287,46.8936,46.93,46.875,46.93,46.87,83
2023-10-11 16:33:00,2225,46.877,46.87,46.86,46.89,46.86,53
2023-10-11 16:34:00,4262,46.8997,46.88,46.9,46.925,46.88,112
2023-10-11 16:35:00,2721,46.9092,46.9,46.92,46.92,46.9,73
2023-10-11 16:36:00,2114,46.937,46.94,46.94,46.94,46.93,56
2023-10-11 16:37:00,2324,46.9659,46.95,46.9917,46.9917,46.95,76
2023-10-11 16:38:00,2731,46.9879,47.0,46.99,47.0,46.98,69
2023-10-11 16:39:00,1024,47.0134,47.0,47.03,47.03,47.0,24
2023-10-11 16:40:00,4652,47.0162,46.9901,47.035,47.035,46.9901,124
2023-10-11 16:41:00,2088,47.0745,47.03,47.09,47.1,47.03,82
2023-10-11 16:42:00,1660,47.0975,47.085,47.09,47.11,47.08,58
2023-10-11 16:43:00,1601,47.1025,47.11,47.1,47.11,47.095,42
2023-10-11 16:44:00,3022,47.0939,47.105,47.08,47.11,47.08,89
2023-10-11 16:45:00,8533,47.0738,47.08,47.05,47.085,47.05,183
2023-10-11 16:46:00,4025,47.0801,47.06,47.1,47.11,47.06,107
2023-10-11 16:47:00,4204,47.0546,47.095,47.03,47.095,47.03,83
2023-10-11 16:48:00,2879,47.0277,47.0201,47.03,47.03,47.02,48
2023-10-11 16:49:00,4788,47.0011,47.03,47.025,47.03,46.97,99
2023-10-11 16:50:00,2626,47.0159,47.005,46.98,47.03,46.98,58
2023-10-11 16:51:00,2404,46.9978,46.98,46.98,47.02,46.98,56
2023-10-11 16:52:00,2446,46.9493,46.97,46.94,46.97,46.93,43
2023-10-11 16:53:00,4313,46.9325,46.92,46.945,46.955,46.92,80
2023-10-11 16:54:00,2909,46.9502,46.94,46.93,46.95,46.93,55
2023-10-11 16:55:00,3442,46.9196,46.94,46.915,46.95,46.9,87
2023-10-11 16:56:00,4261,46.9299,46.92,46.92,46.95,46.91,94
2023-10-11 16:57:00,1750,46.9535,46.94,46.96,46.9699,46.93,34
2023-10-11 16:58:00,1917,46.9941,46.97,47.0185,47.02,46.97,65
2023-10-11 16:59:00,3955,47.0269,47.01,47.04,47.05,47.01,98
2023-10-11 17:00:00,5019,47.0411,47.045,47.05,47.055,47.02,89
2023-10-11 17:01:00,2892,47.0422,47.045,47.04,47.05,47.035,71
2023-10-11 17:02:00,4733,46.9712,47.02,46.91,47.02,46.89,110
2023-10-11 17:03:00,2977,46.9432,46.94,46.97,46.97,46.93,65
2023-10-11 17:04:00,733,46.9836,46.98,46.98,46.99,46.98,16
2023-10-11 17:05:00,1655,47.0005,46.99,47.02,47.02,46.99,31
2023-10-11 17:06:00,3913,47.0392,47.02,47.05,47.06,47.02,95
2023-10-11 17:07:00,3241,47.0636,47.05,47.08,47.08,47.05,85
2023-10-11 17:08:00,4018,47.0881,47.085,47.07,47.105,47.07,69
2023-10-11 17:09:00,12593,47.0933,47.08,47.08,47.1,47.07,174
2023-10-11 17:10:00,3418,47.0806,47.085,47.07,47.1,47.07,82
2023-10-11 17:11:00,1734,47.058,47.06,47.055,47.06,47.055,34
2023-10-11 17:12:00,4053,47.0527,47.065,47.06,47.065,47.04,98
2023-10-11 17:13:00,3519,47.0426,47.055,47.02,47.07,47.02,112
2023-10-11 17:14:00,2363,47.0243,47.01,47.05,47.05,47.01,76
2023-10-11 17:15:00,2132,47.0515,47.06,47.05,47.07,47.05,66
2023-10-11 17:16:00,1472,46.9913,46.99,46.98,47.0,46.98,51
2023-10-11 17:17:00,2367,46.9391,46.975,46.94,46.975,46.92,71
2023-10-11 17:18:00,3216,46.9543,46.96,46.94,46.97,46.94,78
2023-10-11 17:19:00,2724,46.9205,46.95,46.915,46.95,46.9,50
2023-10-11 17:20:00,2710,46.8776,46.9,46.87,46.9,46.86,74
2023-10-11 17:21:00,1542,46.8882,46.88,46.905,46.905,46.88,69
2023-10-11 17:22:00,2425,46.8706,46.9,46.84,46.9,46.84,71
2023-10-11 17:23:00,1999,46.8611,46.85,46.88,46.88,46.83,52
2023-10-11 17:24:00,2530,46.8927,46.89,46.88,46.91,46.88,63
2023-10-11 17:25:00,3462,46.8699,46.86,46.91,46.91,46.86,110
2023-10-11 17:26:00,2436,46.9239,46.92,46.93,46.94,46.91,31
2023-10-11 17:27:00,3305,46.9104,46.93,46.885,46.93,46.885,78
2023-10-11 17:28:00,900,46.8883,46.89,46.89,46.895,46.89,25
2023-10-11 17:29:00,1671,46.875,46.89,46.863,46.89,46.86,60
2023-10-11 17:30:00,3296,46.8572,46.865,46.87,46.87,46.84,97
2023-10-11 17:31:00,2917,46.8906,46.89,46.88,46.905,46.88,48
2023-10-11 17:32:00,2328,46.8616,46.86,46.865,46.865,46.86,39
2023-10-11 17:33:00,4057,46.8659,46.865,46.89,46.89,46.86,83
2023-10-11 17:34:00,2067,46.901,46.88,46.91,46.91,46.88,70
2023-10-11 17:35:00,2151,46.8831,46.91,46.85,46.91,46.85,76
2023-10-11 17:36:00,2584,46.8569,46.84,46.89,46.89,46.83,87
2023-10-11 17:37:00,3196,46.8863,46.88,46.87,46.9,46.87,82
2023-10-11 17:38:00,61012,46.8321,46.865,46.84,46.865,46.82,122
2023-10-11 17:39:00,7402,46.8139,46.82,46.81,46.835,46.795,120
2023-10-11 17:40:00,4262,46.8074,46.8,46.84,46.84,46.78,146
2023-10-11 17:41:00,1014,46.8604,46.85,46.87,46.87,46.85,33
2023-10-11 17:42:00,1827,46.8472,46.86,46.83,46.86,46.83,43
2023-10-11 17:43:00,623,46.8288,46.83,46.83,46.83,46.83,34
2023-10-11 17:44:00,1037,46.8303,46.83,46.83,46.83,46.83,18
2023-10-11 17:45:00,3949,46.7723,46.825,46.73,46.825,46.72,110
2023-10-11 17:46:00,2058,46.7402,46.73,46.74,46.75,46.73,48
2023-10-11 17:47:00,2738,46.7496,46.74,46.73,46.775,46.73,62
2023-10-11 17:48:00,1647,46.7505,46.74,46.76,46.76,46.74,58
2023-10-11 17:49:00,3050,46.7506,46.76,46.74,46.77,46.74,63
2023-10-11 17:50:00,2175,46.7739,46.75,46.79,46.79,46.75,115
2023-10-11 17:51:00,4811,46.8328,46.7984,46.85,46.86,46.7984,88
2023-10-11 17:52:00,2040,46.8637,46.85,46.87,46.88,46.85,67
2023-10-11 17:53:00,1404,46.8485,46.86,46.84,46.86,46.84,48
2023-10-11 17:54:00,1783,46.8233,46.83,46.84,46.84,46.81,63
2023-10-11 17:55:00,1137,46.8285,46.85,46.85,46.85,46.85,33
2023-10-11 17:56:00,1345,46.8665,46.84,46.89,46.89,46.84,70
2023-10-11 17:57:00,1223,46.9035,46.885,46.92,46.93,46.885,54
2023-10-11 17:58:00,3410,46.9085,46.94,46.89,46.94,46.88,79
2023-10-11 17:59:00,422,46.8798,46.89,46.89,46.89,46.89,18
2023-10-11 18:00:00,6376,46.9137,46.88,46.96,46.985,46.88,143
2023-10-11 18:01:00,1714,46.9574,46.98,46.96,46.98,46.95,55
2023-10-11 18:02:00,1007,46.9682,46.98,46.96,46.98,46.96,49
2023-10-11 18:03:00,3633,46.9274,46.95,46.895,46.955,46.895,117
2023-10-11 18:04:00,2183,46.8921,46.91,46.86,46.92,46.85,62
2023-10-11 18:05:00,1685,46.8277,46.84,46.82,46.84,46.82,55
2023-10-11 18:06:00,1394,46.8189,46.8,46.8,46.83,46.8,51
2023-10-11 18:07:00,11776,46.7561,46.81,46.73,46.81,46.72,213
2023-10-11 18:08:00,470,46.726,46.72,46.72,46.72,46.72,28
2023-10-11 18:09:00,2818,46.7033,46.71,46.69,46.72,46.685,70
2023-10-11 18:10:00,5564,46.7031,46.6898,46.7671,46.7671,46.68,119
2023-10-11 18:11:00,3497,46.8085,46.76,46.81,46.83,46.76,62
2023-10-11 18:12:00,1403,46.8037,46.8099,46.825,46.825,46.79,38
2023-10-11 18:13:00,6503,46.8367,46.805,46.855,46.87,46.805,150
2023-10-11 18:14:00,4195,46.807,46.86,46.7803,46.86,46.7803,77
2023-10-11 18:15:00,5875,46.8017,46.78,46.79,46.83,46.78,103
2023-10-11 18:16:00,4154,46.7932,46.8,46.7781,46.83,46.7781,54
2023-10-11 18:17:00,2413,46.8028,46.78,46.81,46.81,46.78,47
2023-10-11 18:18:00,718,46.8013,46.81,46.79,46.81,46.79,33
2023-10-11 18:19:00,1038,46.761,46.79,46.75,46.79,46.74,39
2023-10-11 18:20:00,2222,46.76,46.75,46.77,46.78,46.75,70
2023-10-11 18:21:00,3115,46.7628,46.75,46.75,46.77,46.745,77
2023-10-11 18:22:00,1070,46.7355,46.75,46.73,46.75,46.72,60
2023-10-11 18:23:00,2430,46.7682,46.76,46.78,46.78,46.76,37
2023-10-11 18:24:00,4951,46.7833,46.79,46.8,46.8,46.77,80
2023-10-11 18:25:00,4577,46.8143,46.805,46.825,46.83,46.78,85
2023-10-11 18:26:00,4855,46.812,46.81,46.84,46.84,46.8,66
2023-10-11 18:27:00,2422,46.7698,46.825,46.69,46.825,46.69,84
2023-10-11 18:28:00,1304,46.6967,46.7093,46.7,46.7093,46.67,42
2023-10-11 18:29:00,2652,46.7056,46.71,46.72,46.72,46.69,72
2023-10-11 18:30:00,3934,46.7372,46.74,46.73,46.74,46.73,65
2023-10-11 18:31:00,1943,46.7592,46.73,46.79,46.79,46.73,64
2023-10-11 18:32:00,3655,46.8511,46.825,46.8889,46.8889,46.825,77
2023-10-11 18:33:00,2982,46.8906,46.88,46.92,46.92,46.86,80
2023-10-11 18:34:00,801,46.9141,46.9,46.9197,46.9197,46.9,31
2023-10-11 18:35:00,4085,46.9163,46.91,46.93,46.94,46.89,99
2023-10-11 18:36:00,2046,46.9063,46.93,46.9,46.93,46.89,52
2023-10-11 18:37:00,2085,46.8678,46.88,46.86,46.88,46.86,55
2023-10-11 18:38:00,1883,46.8308,46.85,46.81,46.85,46.81,63
2023-10-11 18:39:00,3492,46.8021,46.81,46.8,46.81,46.79,77
2023-10-11 18:40:00,1404,46.778,46.79,46.78,46.79,46.76,52
2023-10-11 18:41:00,2502,46.7846,46.79,46.79,46.8,46.78,74
2023-10-11 18:42:00,1835,46.8074,46.8,46.82,46.82,46.79,62
2023-10-11 18:43:00,2616,46.7787,46.81,46.76,46.81,46.755,72
2023-10-11 18:44:00,1758,46.776,46.77,46.78,46.78,46.77,37
2023-10-11 18:45:00,2910,46.7499,46.78,46.715,46.78,46.71,93
2023-10-11 18:46:00,1752,46.7295,46.72,46.72,46.74,46.72,44
2023-10-11 18:47:00,1320,46.7321,46.73,46.735,46.74,46.73,52
2023-10-11 18:48:00,2717,46.7415,46.72,46.76,46.77,46.72,81
2023-10-11 18:49:00,3586,46.7531,46.76,46.73,46.77,46.73,85
2023-10-11 18:50:00,1507,46.7303,46.73,46.73,46.74,46.725,45
2023-10-11 18:51:00,2822,46.725,46.73,46.74,46.74,46.71,63
2023-10-11 18:52:00,1082,46.7565,46.74,46.76,46.76,46.74,46
2023-10-11 18:53:00,1077,46.7533,46.76,46.75,46.76,46.75,21
2023-10-11 18:54:00,7049,46.7747,46.75,46.79,46.7988,46.75,126
2023-10-11 18:55:00,2477,46.8041,46.8,46.795,46.825,46.795,62
2023-10-11 18:56:00,1926,46.7895,46.8,46.78,46.8,46.78,38
2023-10-11 18:57:00,3617,46.7675,46.77,46.77,46.77,46.75,126
2023-10-11 18:58:00,2220,46.7467,46.76,46.73,46.76,46.73,50
2023-10-11 18:59:00,5004,46.7348,46.73,46.755,46.755,46.73,72
2023-10-11 19:00:00,1975,46.7439,46.75,46.75,46.75,46.74,60
2023-10-11 19:01:00,3491,46.7702,46.76,46.77,46.785,46.76,91
2023-10-11 19:02:00,3642,46.796,46.78,46.82,46.82,46.78,112
2023-10-11 19:03:00,5118,46.8421,46.828,46.835,46.87,46.828,93
2023-10-11 19:04:00,1335,46.8236,46.835,46.83,46.835,46.82,45
2023-10-11 19:05:00,3259,46.8121,46.815,46.81,46.83,46.8,109
2023-10-11 19:06:00,2873,46.821,46.8,46.85,46.85,46.8,91
2023-10-11 19:07:00,2595,46.8318,46.85,46.81,46.85,46.81,89
2023-10-11 19:08:00,2751,46.8283,46.82,46.84,46.84,46.82,88
2023-10-11 19:09:00,1516,46.8231,46.82,46.83,46.84,46.81,45
2023-10-11 19:10:00,978,46.8202,46.83,46.81,46.83,46.81,39
2023-10-11 19:11:00,4254,46.803,46.81,46.78,46.81,46.78,141
2023-10-11 19:12:00,3085,46.7765,46.775,46.77,46.785,46.77,75
2023-10-11 19:13:00,2016,46.7912,46.78,46.78,46.8,46.78,65
2023-10-11 19:14:00,2968,46.793,46.79,46.805,46.805,46.78,80
2023-10-11 19:15:00,1911,46.7892,46.79,46.77,46.79,46.77,49
2023-10-11 19:16:00,4177,46.7728,46.775,46.78,46.785,46.76,122
2023-10-11 19:17:00,3830,46.8071,46.8,46.815,46.82,46.8,86
2023-10-11 19:18:00,3298,46.8357,46.82,46.84,46.85,46.82,86
2023-10-11 19:19:00,6533,46.8359,46.83,46.88,46.88,46.82,119
2023-10-11 19:20:00,4209,46.8822,46.88,46.8825,46.89,46.8799,111
2023-10-11 19:21:00,6840,46.8634,46.88,46.82,46.88,46.82,196
2023-10-11 19:22:00,4307,46.8207,46.81,46.82,46.84,46.8,111
2023-10-11 19:23:00,3401,46.8377,46.81,46.87,46.87,46.81,100
2023-10-11 19:24:00,1170,46.8697,46.86,46.8697,46.88,46.86,38
2023-10-11 19:25:00,6108,46.8658,46.86,46.89,46.89,46.85,132
2023-10-11 19:26:00,3106,46.8753,46.88,46.86,46.889,46.86,80
2023-10-11 19:27:00,5497,46.8755,46.86,46.885,46.895,46.85,155
2023-10-11 19:28:00,5459,46.8847,46.89,46.91,46.91,46.87,144
2023-10-11 19:29:00,2517,46.9302,46.92,46.93,46.94,46.92,61
2023-10-11 19:30:00,12558,46.9385,46.92,46.96,46.96,46.91,227
2023-10-11 19:31:00,3962,46.9983,46.979,47.025,47.025,46.979,103
2023-10-11 19:32:00,7047,47.0312,47.025,47.025,47.04,47.02,117
2023-10-11 19:33:00,5864,47.027,47.025,47.005,47.05,47.0,164
2023-10-11 19:34:00,11053,47.0125,47.0,47.04,47.04,46.99,198
2023-10-11 19:35:00,6284,47.0211,47.035,47.0,47.04,47.0,142
2023-10-11 19:36:00,8532,47.0004,47.005,47.019,47.019,46.99,168
2023-10-11 19:37:00,6409,47.0079,47.015,47.01,47.02,47.0,116
2023-10-11 19:38:00,9734,47.032,47.02,47.03,47.06,47.02,210
2023-10-11 19:39:00,2916,47.0543,47.039,47.08,47.08,47.039,90
2023-10-11 19:40:00,6074,47.0667,47.06,47.065,47.079,47.0525,133
2023-10-11 19:41:00,9452,47.0262,47.06,47.0,47.06,46.995,180
2023-10-11 19:42:00,10690,47.0296,47.0,47.035,47.059,47.0,250
2023-10-11 19:43:00,10090,47.0344,47.039,47.046,47.046,47.0201,168
2023-10-11 19:44:00,10243,47.0189,47.049,47.01,47.049,47.0009,189
2023-10-11 19:45:00,13029,47.0273,47.005,47.049,47.05,47.0,236
2023-10-11 19:46:00,9909,47.0553,47.04,47.05,47.07,47.03,234
2023-10-11 19:47:00,8514,47.0417,47.05,47.06,47.065,47.025,251
2023-10-11 19:48:00,9733,47.0418,47.05,47.04,47.059,47.03,223
2023-10-11 19:49:00,8094,47.0285,47.04,47.015,47.05,47.011,189
2023-10-11 19:50:00,19385,47.0191,47.01,47.015,47.049,47.0,459
2023-10-11 19:51:00,13334,47.0306,47.03,47.05,47.05,47.02,265
2023-10-11 19:52:00,15853,47.0471,47.045,47.04,47.06,47.035,288
2023-10-11 19:53:00,16268,47.0403,47.04,47.045,47.05,47.03,257
2023-10-11 19:54:00,35954,47.0615,47.05,47.03,47.085,47.029,627
2023-10-11 19:55:00,40805,47.0187,47.025,46.99,47.06,46.98,581
2023-10-11 19:56:00,44239,46.9615,46.99,46.975,46.99,46.925,725
2023-10-11 19:57:00,53066,47.0049,46.98,47.015,47.03,46.98,714
2023-10-11 19:58:00,29894,46.9929,47.01,46.98,47.02,46.97,542
2023-10-11 19:59:00,66200,46.9907,46.98,46.99,47.01,46.97,911
2023-10-11 20:00:00,41409,47.01,47.01,47.01,47.01,47.01,38
2023-10-11 20:07:00,2704,47.01,47.01,47.01,47.01,47.01,1
2023-10-11 21:52:00,100,47.34,47.34,47.34,47.34,47.34,1
2023-10-11 23:07:00,1000,46.0,46.0,46.0,46.0,46.0,1
2023-10-12 13:25:00,306,46.8174,46.82,46.82,46.82,46.82,6
2023-10-12 13:30:00,42370,46.6976,46.72,46.64,46.78,46.59,101
2023-10-12 13:31:00,9694,46.5022,46.5947,46.32,46.595,46.22,170
2023-10-12 13:32:00,10394,46.0952,46.31,46.08,46.31,46.03,73
2023-10-12 13:33:00,9514,45.9962,46.125,46.03,46.125,45.86,121
2023-10-12 13:34:00,7730,46.0057,46.01,46.03,46.04,46.0,125
2023-10-12 13:35:00,5890,46.0667,46.08,46.0501,46.11,46.03,122
2023-10-12 13:36:00,19388,46.0078,46.0809,45.942,46.09,45.94,203
2023-10-12 13:37:00,8167,45.9611,45.96,45.8752,46.02,45.8601,124
2023-10-12 13:38:00,9004,45.952,45.89,45.98,46.0,45.84,180
2023-10-12 13:39:00,10752,45.9875,46.06,45.97,46.06,45.92,199
2023-10-12 13:40:00,12323,45.8894,45.97,45.78,45.97,45.78,219
2023-10-12 13:41:00,7034,45.78,45.77,45.775,45.805,45.725,106
2023-10-12 13:42:00,11865,45.749,45.765,45.68,45.805,45.66,179
2023-10-12 13:43:00,12481,45.5518,45.6531,45.4625,45.665,45.43,171
2023-10-12 13:44:00,11729,45.4297,45.49,45.455,45.5,45.37,207
2023-10-12 13:45:00,1899,45.4547,45.41,45.445,45.5407,45.4,64
2023-10-12 13:46:00,2348,45.4253,45.47,45.39,45.49,45.39,69
2023-10-12 13:47:00,24793,45.546,45.36,45.6,45.68,45.36,446
2023-10-12 13:48:00,6732,45.6022,45.5899,45.65,45.655,45.575,160
2023-10-12 13:49:00,7722,45.5731,45.65,45.51,45.65,45.49,134
2023-10-12 13:50:00,5909,45.4839,45.46,45.53,45.53,45.45,77
2023-10-12 13:51:00,2630,45.4959,45.51,45.49,45.53,45.46,50
2023-10-12 13:52:00,7369,45.4647,45.47,45.45,45.51,45.405,88
2023-10-12 13:53:00,6069,45.4088,45.47,45.4,45.47,45.35,129
2023-10-12 13:54:00,6680,45.4381,45.42,45.37,45.475,45.37,120
2023-10-12 13:55:00,19475,45.278,45.38,45.2,45.38,45.1568,199
2023-10-12 13:56:00,11555,45.2703,45.22,45.27,45.31,45.201,153
2023-10-12 13:57:00,6235,45.2388,45.25,45.2718,45.28,45.21,104
2023-10-12 13:58:00,3660,45.2313,45.28,45.21,45.295,45.17,74
2023-10-12 13:59:00,5821,45.162,45.22,45.14,45.22,45.12,134
2023-10-12 14:00:00,4619,45.0992,45.12,45.1,45.13,45.08,141
2023-10-12 14:01:00,3481,45.0671,45.09,45.05,45.09,45.045,62
2023-10-12 14:02:00,6830,45.0901,45.07,45.1,45.15,45.05,96
2023-10-12 14:03:00,5142,45.1522,45.1,45.22,45.22,45.1,108
2023-10-12 14:04:00,13926,45.2233,45.195,45.175,45.2499,45.17,166
2023-10-12 14:05:00,14120,45.1088,45.16,45.12,45.16,45.07,152
2023-10-12 14:06:00,7509,45.1038,45.1,45.14,45.16,45.07,196
2023-10-12 14:07:00,4692,45.1441,45.18,45.13,45.18,45.11,109
2023-10-12 14:08:00,4456,45.1441,45.14,45.15,45.17,45.12,92
2023-10-12 14:09:00,7935,45.1721,45.155,45.165,45.1905,45.15,140
2023-10-12 14:10:00,1717,45.1543,45.15,45.155,45.16,45.15,57
2023-10-12 14:11:00,17112,45.1644,45.14,45.17,45.25,45.11,250
2023-10-12 14:12:00,16206,45.2085,45.17,45.24,45.26,45.17,251
2023-10-12 14:13:00,7658,45.2546,45.25,45.24,45.28,45.24,107
2023-10-12 14:14:00,32732,45.1942,45.25,45.185,45.255,45.16,339
2023-10-12 14:15:00,17277,45.1446,45.17,45.137,45.1892,45.11,263
2023-10-12 14:16:00,36550,45.0722,45.15,45.0,45.15,44.98,331
2023-10-12 14:17:00,17173,44.9994,44.98,45.02,45.0399,44.97,219
2023-10-12 14:18:00,7826,44.9863,45.0,44.9847,45.02,44.9599,143
2023-10-12 14:19:00,7082,45.0324,45.005,45.0,45.055,45.0,144
2023-10-12 14:20:00,6573,45.057,45.02,45.025,45.09,45.02,146
2023-10-12 14:21:00,19517,45.0345,45.025,45.015,45.08,44.99,312
2023-10-12 14:22:00,21621,45.0647,45.03,45.06,45.11,44.95,323
2023-10-12 14:23:00,18844,45.0368,45.11,44.97,45.115,44.96,274
2023-10-12 14:24:00,6036,44.9323,44.97,44.89,44.975,44.88,137
2023-10-12 14:25:00,11023,44.8623,44.87,44.89,44.89,44.835,187
2023-10-12 14:26:00,10515,44.8832,44.9105,44.98,44.98,44.84,161
2023-10-12 14:27:00,13641,45.0311,44.98,45.1,45.12,44.98,242
2023-10-12 14:28:00,10824,45.0553,45.07,45.035,45.1,45.03,153
2023-10-12 14:29:00,14809,44.9949,45.035,44.965,45.04,44.9401,191
2023-10-12 14:30:00,10184,44.9548,44.9691,44.9,44.99,44.9,199
2023-10-12 14:31:00,10139,44.917,44.93,44.95,44.96,44.9,191
2023-10-12 14:32:00,6289,44.9068,44.94,44.86,44.94,44.86,115
2023-10-12 14:33:00,8604,44.8419,44.87,44.8469,44.879,44.8185,151
2023-10-12 14:34:00,14084,44.8702,44.84,44.875,44.91,44.84,211
2023-10-12 14:35:00,8920,44.8299,44.8601,44.81,44.89,44.79,194
2023-10-12 14:36:00,6942,44.826,44.805,44.85,44.855,44.8,112
2023-10-12 14:37:00,4391,44.8416,44.86,44.85,44.87,44.7993,108
2023-10-12 14:38:00,3871,44.8353,44.85,44.81,44.87,44.81,111
2023-10-12 14:39:00,4048,44.783,44.82,44.77,44.82,44.76,118
2023-10-12 14:40:00,7595,44.8001,44.77,44.84,44.84,44.77,173
2023-10-12 14:41:00,2621,44.8481,44.84,44.89,44.89,44.83,92
2023-10-12 14:42:00,8770,44.832,44.8999,44.83,44.8999,44.77,196
2023-10-12 14:43:00,4331,44.8083,44.82,44.82,44.82,44.795,85
2023-10-12 14:44:00,23947,44.7965,44.8,44.69,44.82,44.69,243
2023-10-12 14:45:00,4160,44.7029,44.68,44.69,44.745,44.68,140
2023-10-12 14:46:00,8368,44.7541,44.675,44.77,44.79,44.675,203
2023-10-12 14:47:00,7006,44.7552,44.775,44.705,44.79,44.705,118
2023-10-12 14:48:00,3850,44.699,44.68,44.705,44.715,44.68,91
2023-10-12 14:49:00,22884,44.7115,44.72,44.675,44.75,44.67,226
2023-10-12 14:50:00,4854,44.6894,44.66,44.69,44.7,44.66,71
2023-10-12 14:51:00,14881,44.6805,44.69,44.69,44.7,44.65,215
2023-10-12 14:52:00,15983,44.7565,44.71,44.77,44.79,44.71,245
2023-10-12 14:53:00,9667,44.7659,44.775,44.72,44.84,44.72,162
2023-10-12 14:54:00,11448,44.6909,44.72,44.6881,44.72,44.66,156
2023-10-12 14:55:00,10043,44.7013,44.68,44.72,44.72,44.68,161
2023-10-12 14:56:00,9385,44.7029,44.72,44.69,44.75,44.68,175
2023-10-12 14:57:00,4738,44.7242,44.685,44.75,44.75,44.68,111
2023-10-12 14:58:00,3093,44.7403,44.755,44.72,44.755,44.72,81
2023-10-12 14:59:00,6667,44.7385,44.74,44.73,44.76,44.72,108
2023-10-12 15:00:00,7202,44.7022,44.72,44.7,44.72,44.69,168
2023-10-12 15:01:00,6769,44.6775,44.7,44.67,44.7,44.65,154
2023-10-12 15:02:00,9267,44.6987,44.685,44.71,44.71,44.67,136
2023-10-12 15:03:00,4198,44.713,44.71,44.7,44.74,44.69,123
2023-10-12 15:04:00,10745,44.7991,44.72,44.855,44.8659,44.72,207
2023-10-12 15:05:00,4495,44.8608,44.855,44.9,44.9099,44.85,90
2023-10-12 15:06:00,7471,44.9061,44.9,44.9,44.94,44.9,143
2023-10-12 15:07:00,6737,44.8617,44.91,44.875,44.918,44.83,141
2023-10-12 15:08:00,11948,44.8597,44.86,44.85,44.89,44.85,211
2023-10-12 15:09:00,3728,44.8675,44.835,44.87,44.89,44.835,95
2023-10-12 15:10:00,9072,44.8198,44.865,44.7799,44.8761,44.76,158
2023-10-12 15:11:00,2277,44.7657,44.77,44.745,44.775,44.725,78
2023-10-12 15:12:00,3022,44.7433,44.74,44.7505,44.7505,44.7,93
2023-10-12 15:13:00,3851,44.7891,44.76,44.77,44.81,44.76,118
2023-10-12 15:14:00,4166,44.795,44.76,44.835,44.835,44.76,109
2023-10-12 15:15:00,5542,44.8589,44.85,44.87,44.875,44.84,150
2023-10-12 15:16:00,2279,44.8447,44.87,44.85,44.87,44.85,110
2023-10-12 15:17:00,3328,44.7891,44.79,44.79,44.8096,44.7791,94
2023-10-12 15:18:00,10408,44.7864,44.795,44.785,44.7974,44.765,74
2023-10-12 15:19:00,3657,44.7579,44.77,44.75,44.77,44.75,99
2023-10-12 15:20:00,4551,44.7396,44.75,44.71,44.7586,44.71,106
2023-10-12 15:21:00,3492,44.7137,44.71,44.7,44.72,44.7,97
2023-10-12 15:22:00,13968,44.7278,44.7,44.76,44.78,44.69,159
2023-10-12 15:23:00,3048,44.8047,44.765,44.81,44.84,44.765,88
2023-10-12 15:24:00,3371,44.8144,44.79,44.815,44.83,44.79,46
2023-10-12 15:25:00,2570,44.8471,44.815,44.86,44.86,44.815,68
2023-10-12 15:26:00,6732,44.8234,44.89,44.76,44.9,44.76,161
2023-10-12 15:27:00,2137,44.8152,44.765,44.835,44.84,44.765,50
2023-10-12 15:28:00,5264,44.8882,44.84,44.88,44.91,44.84,92
2023-10-12 15:29:00,3735,44.8646,44.88,44.845,44.88,44.845,81
2023-10-12 15:30:00,7243,44.893,44.85,44.87,44.92,44.85,151
2023-10-12 15:31:00,2311,44.8587,44.87,44.84,44.875,44.84,63
2023-10-12 15:32:00,2795,44.8364,44.84,44.82,44.85,44.82,74
2023-10-12 15:33:00,6005,44.8543,44.835,44.85,44.87,44.835,152
2023-10-12 15:34:00,11832,44.8947,44.86,44.9175,44.94,44.86,138
2023-10-12 15:35:00,6724,44.8787,44.91,44.855,44.91,44.85,149
2023-10-12 15:36:00,2022,44.8973,44.855,44.89,44.915,44.855,51
2023-10-12 15:37:00,1562,44.8616,44.86,44.86,44.87,44.8573,33
2023-10-12 15:38:00,2359,44.8691,44.85,44.9,44.9,44.85,72
2023-10-12 15:39:00,4154,44.8968,44.9,44.92,44.92,44.89,100
2023-10-12 15:40:00,3234,44.8838,44.905,44.87,44.905,44.87,82
2023-10-12 15:41:00,3725,44.8556,44.8701,44.82,44.89,44.82,122
2023-10-12 15:42:00,3295,44.763,44.815,44.73,44.815,44.72,85
2023-10-12 15:43:00,6862,44.7608,44.729,44.77,44.79,44.725,149
2023-10-12 15:44:00,3743,44.7561,44.76,44.75,44.76,44.75,79
2023-10-12 15:45:00,6243,44.7528,44.75,44.76,44.77,44.72,119
2023-10-12 15:46:00,10730,44.7657,44.76,44.785,44.785,44.75,117
2023-10-12 15:47:00,5811,44.761,44.77,44.74,44.79,44.73,125
2023-10-12 15:48:00,4649,44.7148,44.72,44.685,44.73,44.68,106
2023-10-12 15:49:00,7444,44.6792,44.7,44.71,44.71,44.655,163
2023-10-12 15:50:00,23030,44.6661,44.71,44.68,44.71,44.64,190
2023-10-12 15:51:00,15568,44.7245,44.685,44.73,44.755,44.685,172
2023-10-12 15:52:00,7184,44.7408,44.73,44.75,44.76,44.72,104
2023-10-12 15:53:00,6765,44.7389,44.74,44.75,44.76,44.73,103
2023-10-12 15:54:00,3424,44.7372,44.75,44.73,44.75,44.72,67
2023-10-12 15:55:00,5533,44.7311,44.73,44.73,44.75,44.72,70
2023-10-12 15:56:00,4097,44.728,44.73,44.74,44.74,44.72,105
2023-10-12 15:57:00,5679,44.7395,44.74,44.74,44.75,44.73,92
2023-10-12 15:58:00,2820,44.7419,44.73,44.75,44.76,44.73,55
2023-10-12 15:59:00,5630,44.7622,44.75,44.75,44.79,44.75,119
2023-10-12 16:00:00,9925,44.8145,44.77,44.87,44.87,44.77,178
2023-10-12 16:01:00,5393,44.8725,44.88,44.855,44.9,44.83,141
2023-10-12 16:02:00,2612,44.8377,44.86,44.83,44.86,44.825,64
2023-10-12 16:03:00,5331,44.8125,44.825,44.8,44.84,44.79,116
2023-10-12 16:04:00,7895,44.742,44.78,44.74,44.78,44.715,168
2023-10-12 16:05:00,16681,44.7521,44.735,44.75,44.78,44.73,211
2023-10-12 16:06:00,12963,44.7541,44.745,44.76,44.785,44.74,105
2023-10-12 16:07:00,4390,44.7569,44.77,44.75,44.79,44.73,95
2023-10-12 16:08:00,3487,44.7606,44.74,44.785,44.785,44.74,100
2023-10-12 16:09:00,2782,44.7682,44.79,44.74,44.79,44.74,75
2023-10-12 16:10:00,4055,44.7539,44.75,44.77,44.79,44.73,97
2023-10-12 16:11:00,6980,44.7891,44.76,44.81,44.81,44.76,138
2023-10-12 16:12:00,8430,44.8403,44.83,44.84,44.86,44.82,185
2023-10-12 16:13:00,2891,44.869,44.85,44.89,44.89,44.85,60
2023-10-12 16:14:00,3499,44.8654,44.88,44.85,44.89,44.84,86
2023-10-12 16:15:00,4205,44.8911,44.8579,44.94,44.94,44.8579,95
2023-10-12 16:16:00,5454,44.9268,44.94,44.91,44.95,44.91,109
2023-10-12 16:17:00,2009,44.8926,44.895,44.9,44.9,44.88,67
2023-10-12 16:18:00,2092,44.8949,44.89,44.91,44.91,44.88,47
2023-10-12 16:19:00,3331,44.8999,44.89,44.9,44.92,44.89,85
2023-10-12 16:20:00,2501,44.9088,44.9,44.91,44.925,44.9,55
2023-10-12 16:21:00,5583,44.967,44.92,45.01,45.01,44.92,146
2023-10-12 16:22:00,6090,45.0087,45.02,44.98,45.03,44.98,120
2023-10-12 16:23:00,3090,44.9954,44.97,45.0,45.01,44.97,66
2023-10-12 16:24:00,2166,44.9943,44.995,44.99,45.0099,44.98,45
2023-10-12 16:25:00,2633,44.9677,44.98,44.98,44.99,44.95,94
2023-10-12 16:26:00,5055,45.0111,44.99,45.02,45.03,44.98,120
2023-10-12 16:27:00,3923,45.0516,45.02,45.06,45.07,45.02,89
2023-10-12 16:28:00,12144,45.0447,45.06,45.05,45.06,45.03,94
2023-10-12 16:29:00,5253,45.0661,45.03,45.11,45.11,45.03,94
2023-10-12 16:30:00,3805,45.1203,45.12,45.105,45.14,45.1,91
2023-10-12 16:31:00,1917,45.095,45.105,45.07,45.105,45.07,47
2023-10-12 16:32:00,7398,45.0839,45.07,45.1,45.1,45.07,162
2023-10-12 16:33:00,5296,45.1135,45.1,45.12,45.13,45.1,94
2023-10-12 16:34:00,2773,45.1109,45.12,45.1,45.13,45.09,76
2023-10-12 16:35:00,8795,45.1061,45.1101,45.1,45.12,45.085,131
2023-10-12 16:36:00,11079,45.1088,45.09,45.11,45.14,45.08,242
2023-10-12 16:37:00,1963,45.1283,45.115,45.12,45.14,45.115,52
2023-10-12 16:38:00,2425,45.1372,45.13,45.135,45.14,45.13,77
2023-10-12 16:39:00,2640,45.1432,45.1499,45.12,45.15,45.12,49
2023-10-12 16:40:00,2222,45.1074,45.1,45.09,45.12,45.09,64
2023-10-12 16:41:00,6089,45.0795,45.08,45.04,45.11,45.04,135
2023-10-12 16:42:00,8152,44.9884,45.035,44.97,45.035,44.97,158
2023-10-12 16:43:00,3179,44.9843,44.96,44.98,45.0,44.96,85
2023-10-12 16:44:00,3115,44.9928,44.98,45.0,45.0,44.98,67
2023-10-12 16:45:00,5369,44.9806,45.0,44.97,45.01,44.96,165
2023-10-12 16:46:00,1347,44.9636,44.97,44.96,44.97,44.96,39
2023-10-12 16:47:00,5297,44.9099,44.96,44.87,44.96,44.87,110
2023-10-12 16:48:00,2651,44.845,44.89,44.84,44.89,44.83,60
2023-10-12 16:49:00,5586,44.8015,44.82,44.76,44.83,44.76,107
2023-10-12 16:50:00,2981,44.7376,44.76,44.75,44.76,44.71,92
2023-10-12 16:51:00,6897,44.7989,44.76,44.82,44.83,44.76,137
2023-10-12 16:52:00,5021,44.8589,44.84,44.89,44.89,44.83,118
2023-10-12 16:53:00,1509,44.8959,44.89,44.905,44.91,44.89,39
2023-10-12 16:54:00,2814,44.8951,44.9,44.91,44.91,44.89,65
2023-10-12 16:55:00,5013,44.8831,44.915,44.87,44.92,44.85,106
2023-10-12 16:56:00,2545,44.8479,44.8511,44.86,44.86,44.83,77
2023-10-12 16:57:00,1794,44.8475,44.865,44.81,44.87,44.81,47
2023-10-12 16:58:00,1248,44.8131,44.8,44.82,44.82,44.8,31
2023-10-12 16:59:00,1952,44.8209,44.81,44.84,44.84,44.81,55
2023-10-12 17:00:00,4505,44.7822,44.81,44.7399,44.81,44.725,108
2023-10-12 17:01:00,3882,44.7251,44.74,44.67,44.77,44.67,98
2023-10-12 17:02:00,16982,44.6161,44.6689,44.61,44.67,44.59,222
2023-10-12 17:03:00,3325,44.5596,44.58,44.55,44.58,44.54,58
2023-10-12 17:04:00,5207,44.5816,44.54,44.61,44.65,44.53,101
2023-10-12 17:05:00,12251,44.5607,44.6,44.5,44.61,44.5,207
2023-10-12 17:06:00,8681,44.5409,44.51,44.57,44.57,44.49,202
2023-10-12 17:07:00,17613,44.5696,44.59,44.57,44.6,44.54,172
2023-10-12 17:08:00,17803,44.5748,44.58,44.48,44.63,44.47,252
2023-10-12 17:09:00,6719,44.5106,44.52,44.515,44.55,44.47,118
2023-10-12 17:10:00,4759,44.5354,44.52,44.52,44.55,44.51,107
2023-10-12 17:11:00,5322,44.5442,44.54,44.5306,44.569,44.5306,103
2023-10-12 17:12:00,2027,44.5349,44.54,44.5406,44.5406,44.5265,43
2023-10-12 17:13:00,6715,44.5506,44.53,44.56,44.58,44.53,141
2023-10-12 17:14:00,4743,44.5545,44.57,44.55,44.58,44.54,117
2023-10-12 17:15:00,3916,44.536,44.54,44.52,44.55,44.52,114
2023-10-12 17:16:00,3756,44.5446,44.55,44.53,44.56,44.53,84
2023-10-12 17:17:00,2133,44.5385,44.525,44.56,44.56,44.525,65
2023-10-12 17:18:00,2372,44.5604,44.56,44.56,44.57,44.56,65
2023-10-12 17:19:00,8413,44.5379,44.545,44.55,44.56,44.525,133
2023-10-12 17:20:00,15061,44.5279,44.55,44.5,44.56,44.5,175
2023-10-12 17:21:00,6214,44.4567,44.505,44.44,44.505,44.415,114
2023-10-12 17:22:00,17991,44.4058,44.43,44.44,44.47,44.38,183
2023-10-12 17:23:00,7281,44.4617,44.46,44.46,44.49,44.44,91
2023-10-12 17:24:00,4621,44.407,44.45,44.395,44.4599,44.38,78
2023-10-12 17:25:00,4920,44.3566,44.39,44.31,44.39,44.31,119
2023-10-12 17:26:00,8013,44.3163,44.31,44.305,44.35,44.29,156
2023-10-12 17:27:00,5904,44.3145,44.29,44.33,44.36,44.2803,148
2023-10-12 17:28:00,6535,44.3239,44.315,44.34,44.34,44.315,85
2023-10-12 17:29:00,15255,44.3286,44.33,44.32,44.36,44.32,137
2023-10-12 17:30:00,13655,44.2802,44.31,44.285,44.31,44.255,199
2023-10-12 17:31:00,13289,44.3511,44.3,44.365,44.41,44.3,242
2023-10-12 17:32:00,2531,44.377,44.38,44.385,44.385,44.37,62
2023-10-12 17:33:00,5477,44.3929,44.4,44.37,44.4091,44.37,111
2023-10-12 17:34:00,2901,44.3415,44.39,44.31,44.4,44.31,77
2023-10-12 17:35:00,5188,44.2756,44.3,44.25,44.305,44.25,154
2023-10-12 17:36:00,7698,44.2604,44.245,44.28,44.3,44.21,179
2023-10-12 17:37:00,4772,44.2776,44.27,44.28,44.31,44.2599,82
2023-10-12 17:38:00,1679,44.2934,44.285,44.29,44.305,44.285,35
2023-10-12 17:39:00,2766,44.2271,44.26,44.195,44.2699,44.195,81
2023-10-12 17:40:00,4448,44.1739,44.18,44.155,44.2,44.14,131
2023-10-12 17:41:00,4227,44.157,44.165,44.1499,44.1699,44.13,81
2023-10-12 17:42:00,4522,44.1126,44.13,44.11,44.1329,44.1,121
2023-10-12 17:43:00,25218,44.096,44.11,44.12,44.13,44.07,329
2023-10-12 17:44:00,4483,44.1061,44.1,44.1,44.115,44.1,107
2023-10-12 17:45:00,7688,44.1535,44.115,44.16,44.1825,44.115,150
2023-10-12 17:46:00,2797,44.1625,44.17,44.13,44.18,44.13,78
2023-10-12 17:47:00,3974,44.1445,44.14,44.155,44.16,44.14,88
2023-10-12 17:48:00,1693,44.133,44.15,44.11,44.15,44.11,78
2023-10-12 17:49:00,5046,44.0657,44.1,44.07,44.1,44.05,105
2023-10-12 17:50:00,6185,44.0068,44.04,43.96,44.04,43.95,194
2023-10-12 17:51:00,4938,43.9699,43.96,44.02,44.02,43.94,146
2023-10-12 17:52:00,2962,44.0201,44.015,44.0,44.04,44.0,68
2023-10-12 17:53:00,10121,43.998,43.99,44.03,44.05,43.98,121
2023-10-12 17:54:00,12303,44.0277,44.02,44.02,44.06,44.01,173
2023-10-12 17:55:00,1784,44.0327,44.05,44.0394,44.05,44.025,60
2023-10-12 17:56:00,2480,44.0293,44.02,44.03,44.04,44.015,90
2023-10-12 17:57:00,1688,44.003,44.02,43.99,44.025,43.99,46
2023-10-12 17:58:00,1541,43.98,44.0,43.95,44.0,43.95,56
2023-10-12 17:59:00,1734,43.9368,43.95,43.935,43.95,43.93,54
2023-10-12 18:00:00,5342,43.9189,43.9359,43.92,43.94,43.9,92
2023-10-12 18:01:00,2134,43.9114,43.915,43.89,43.92,43.89,95
2023-10-12 18:02:00,2409,43.9337,43.9,43.94,43.95,43.9,108
2023-10-12 18:03:00,2553,43.9363,43.95,43.9099,43.95,43.9099,79
2023-10-12 18:04:00,7080,43.8505,43.9057,43.8,43.9057,43.8,135
2023-10-12 18:05:00,7290,43.8073,43.79,43.85,43.85,43.77,143
2023-10-12 18:06:00,3404,43.8503,43.885,43.82,43.885,43.82,96
2023-10-12 18:07:00,7674,43.8521,43.86,43.85,43.87,43.81,142
2023-10-12 18:08:00,3093,43.8165,43.85,43.8,43.85,43.79,74
2023-10-12 18:09:00,3765,43.7721,43.78,43.76,43.785,43.75,89
2023-10-12 18:10:00,7970,43.7738,43.76,43.83,43.83,43.74,235
2023-10-12 18:11:00,10099,43.8128,43.85,43.78,43.85,43.78,164
2023-10-12 18:12:00,15434,43.8203,43.8,43.82,43.85,43.8,220
2023-10-12 18:13:00,3005,43.8015,43.81,43.79,43.81,43.79,82
2023-10-12 18:14:00,8006,43.799,43.81,43.78,43.82,43.78,175
2023-10-12 18:15:00,5416,43.8156,43.78,43.83,43.84,43.78,144
2023-10-12 18:16:00,9201,43.7908,43.83,43.78,43.83,43.77,208
2023-10-12 18:17:00,8219,43.7668,43.78,43.77,43.79,43.74,148
2023-10-12 18:18:00,6399,43.7731,43.77,43.775,43.79,43.76,93
2023-10-12 18:19:00,21203,43.7807,43.78,43.75,43.81,43.75,241
2023-10-12 18:20:00,9714,43.7004,43.755,43.71,43.76,43.66,225
2023-10-12 18:21:00,18456,43.7363,43.71,43.77,43.78,43.7,231
2023-10-12 18:22:00,5219,43.8195,43.79,43.84,43.84,43.79,97
2023-10-12 18:23:00,7951,43.8392,43.82,43.83,43.85,43.81,99
2023-10-12 18:24:00,14469,43.8812,43.83,43.89,43.91,43.83,142
2023-10-12 18:25:00,10734,43.9139,43.9,43.9337,43.945,43.87,162
2023-10-12 18:26:00,6716,43.8651,43.94,43.8,43.94,43.79,168
2023-10-12 18:27:00,11383,43.8028,43.8,43.775,43.82,43.775,175
2023-10-12 18:28:00,27154,43.768,43.78,43.755,43.8,43.71,347
2023-10-12 18:29:00,4012,43.7473,43.76,43.76,43.77,43.72,100
2023-10-12 18:30:00,12438,43.752,43.755,43.72,43.78,43.71,257
2023-10-12 18:31:00,4984,43.7278,43.73,43.74,43.755,43.7,118
2023-10-12 18:32:00,13870,43.7519,43.74,43.72,43.77,43.72,209
2023-10-12 18:33:00,5736,43.6975,43.72,43.665,43.73,43.665,115
2023-10-12 18:34:00,9452,43.7109,43.67,43.735,43.735,43.67,212
2023-10-12 18:35:00,16387,43.702,43.72,43.7,43.72,43.68,178
2023-10-12 18:36:00,17272,43.7676,43.7,43.7991,43.85,43.695,282
2023-10-12 18:37:00,3614,43.8169,43.79,43.835,43.85,43.79,82
2023-10-12 18:38:00,10447,43.8168,43.85,43.8,43.85,43.79,204
2023-10-12 18:39:00,9279,43.7972,43.81,43.83,43.83,43.77,125
2023-10-12 18:40:00,5108,43.8089,43.82,43.82,43.825,43.7895,109
2023-10-12 18:41:00,1375,43.829,43.82,43.84,43.84,43.82,53
2023-10-12 18:42:00,8533,43.8461,43.84,43.8487,43.86,43.82,179
2023-10-12 18:43:00,13962,43.7983,43.84,43.78,43.84,43.75,174
2023-10-12 18:44:00,8179,43.7621,43.77,43.7675,43.77,43.75,163
2023-10-12 18:45:00,17642,43.7726,43.77,43.78,43.8,43.75,355
2023-10-12 18:46:00,5306,43.7446,43.765,43.72,43.765,43.72,106
2023-10-12 18:47:00,3258,43.7468,43.73,43.75,43.77,43.73,86
2023-10-12 18:48:00,1554,43.7666,43.75,43.78,43.78,43.75,60
2023-10-12 18:49:00,4311,43.8299,43.7899,43.82,43.87,43.7899,114
2023-10-12 18:50:00,5676,43.8083,43.81,43.81,43.825,43.795,135
2023-10-12 18:51:00,1541,43.827,43.81,43.84,43.84,43.81,52
2023-10-12 18:52:00,8405,43.8048,43.8,43.8,43.85,43.79,226
2023-10-12 18:53:00,2516,43.8163,43.83,43.81,43.83,43.81,76
2023-10-12 18:54:00,5100,43.8192,43.82,43.83,43.83,43.81,64
2023-10-12 18:55:00,2105,43.853,43.83,43.85,43.86,43.83,78
2023-10-12 18:56:00,5864,43.8468,43.85,43.83,43.87,43.83,124
2023-10-12 18:57:00,2580,43.835,43.84,43.84,43.8481,43.82,63
2023-10-12 18:58:00,1494,43.8302,43.835,43.83,43.835,43.823,55
2023-10-12 18:59:00,5007,43.8189,43.82,43.83,43.83,43.795,134
2023-10-12 19:00:00,4153,43.8688,43.84,43.89,43.9,43.84,136
2023-10-12 19:01:00,5556,43.9086,43.92,43.93,43.93,43.89,124
2023-10-12 19:02:00,7426,43.9355,43.92,43.97,43.97,43.915,141
2023-10-12 19:03:00,18628,43.997,43.99,44.03,44.03,43.975,159
2023-10-12 19:04:00,13305,44.0328,44.03,44.045,44.06,44.0,131
2023-10-12 19:05:00,20022,44.022,44.045,44.02,44.06,44.0,279
2023-10-12 19:06:00,12538,44.0171,44.01,44.07,44.07,44.0,177
2023-10-12 19:07:00,5970,44.0768,44.08,44.095,44.095,44.06,115
2023-10-12 19:08:00,7783,44.1542,44.1,44.18,44.19,44.1,175
2023-10-12 19:09:00,8691,44.1413,44.185,44.1161,44.185,44.1161,142
2023-10-12 19:10:00,12474,44.088,44.11,44.07,44.11,44.06,250
2023-10-12 19:11:00,10692,44.0754,44.07,44.11,44.11,44.06,139
2023-10-12 19:12:00,17789,44.0794,44.11,44.05,44.11,44.04,167
2023-10-12 19:13:00,8722,44.0672,44.05,44.09,44.09,44.05,158
2023-10-12 19:14:00,8962,44.0938,44.09,44.095,44.1,44.09,95
2023-10-12 19:15:00,10176,44.1118,44.095,44.1,44.12,44.09,197
2023-10-12 19:16:00,5841,44.0758,44.09,44.095,44.095,44.06,153
2023-10-12 19:17:00,3545,44.0887,44.09,44.08,44.095,44.08,89
2023-10-12 19:18:00,38453,44.1188,44.08,44.13,44.15,44.08,335
2023-10-12 19:19:00,8461,44.1305,44.14,44.13,44.16,44.105,188
2023-10-12 19:20:00,5241,44.1414,44.13,44.17,44.18,44.12,134
2023-10-12 19:21:00,9420,44.1569,44.19,44.16,44.19,44.15,213
2023-10-12 19:22:00,5851,44.1649,44.16,44.17,44.175,44.155,129
2023-10-12 19:23:00,10080,44.1758,44.17,44.19,44.19,44.16,208
2023-10-12 19:24:00,18839,44.1742,44.19,44.16,44.19,44.15,324
2023-10-12 19:25:00,14470,44.1259,44.15,44.125,44.16,44.11,191
2023-10-12 19:26:00,14494,44.1243,44.125,44.09,44.14,44.08,239
2023-10-12 19:27:00,15144,44.0839,44.08,44.04,44.12,44.04,218
2023-10-12 19:28:00,4604,44.003,44.0299,44.0,44.04,43.985,148
2023-10-12 19:29:00,3629,43.9592,43.99,43.96,44.0,43.94,129
2023-10-12 19:30:00,8204,43.9629,43.9625,43.97,43.98,43.945,235
2023-10-12 19:31:00,17543,44.0615,43.97,44.17,44.17,43.97,343
2023-10-12 19:32:00,5168,44.1618,44.15,44.19,44.19,44.15,145
2023-10-12 19:33:00,6461,44.1693,44.185,44.15,44.185,44.14,187
2023-10-12 19:34:00,11016,44.138,44.14,44.125,44.16,44.12,221
2023-10-12 19:35:00,11994,44.1376,44.125,44.135,44.16,44.12,266
2023-10-12 19:36:00,3161,44.1598,44.15,44.18,44.18,44.15,78
2023-10-12 19:37:00,9386,44.1498,44.18,44.145,44.18,44.1325,192
2023-10-12 19:38:00,7959,44.1537,44.15,44.18,44.18,44.14,209
2023-10-12 19:39:00,5136,44.1743,44.185,44.155,44.19,44.155,137
2023-10-12 19:40:00,9546,44.1501,44.17,44.135,44.175,44.13,194
2023-10-12 19:41:00,6396,44.1399,44.135,44.14,44.145,44.13,145
2023-10-12 19:42:00,11898,44.1481,44.14,44.13,44.17,44.13,230
2023-10-12 19:43:00,8939,44.1413,44.14,44.12,44.16,44.12,253
2023-10-12 19:44:00,8344,44.1003,44.125,44.085,44.125,44.08,220
2023-10-12 19:45:00,13457,44.0935,44.08,44.095,44.12,44.08,294
2023-10-12 19:46:00,11100,44.0831,44.1,44.06,44.11,44.06,262
2023-10-12 19:47:00,11074,44.0695,44.06,44.075,44.08,44.055,257
2023-10-12 19:48:00,12050,44.0892,44.075,44.09,44.1,44.075,290
2023-10-12 19:49:00,11989,44.0965,44.09,44.105,44.1175,44.08,267
2023-10-12 19:50:00,19037,44.1222,44.1,44.13,44.16,44.09,432
2023-10-12 19:51:00,16986,44.1081,44.135,44.08,44.135,44.07,395
2023-10-12 19:52:00,23522,44.0759,44.08,44.095,44.095,44.07,451
2023-10-12 19:53:00,27746,44.0795,44.09,44.03,44.11,44.03,408
2023-10-12 19:54:00,27341,43.9962,44.02,43.95,44.03,43.95,553
2023-10-12 19:55:00,26892,43.9779,43.945,43.99,44.0,43.94,446
2023-10-12 19:56:00,23802,43.9765,43.985,43.99,43.99,43.96,383
2023-10-12 19:57:00,36697,43.9793,43.985,43.965,44.01,43.95,569
2023-10-12 19:58:00,26423,43.9697,43.97,43.965,43.98,43.96,464
2023-10-12 19:59:00,54930,43.9843,43.965,43.9801,44.01,43.96,892
2023-10-12 20:00:00,14567,43.98,43.98,43.98,43.98,43.98,29
2023-10-12 20:09:00,135,44.3839,44.39,44.39,44.39,44.39,2
2023-10-12 20:20:00,829,43.98,43.98,43.98,43.98,43.98,1
2023-10-12 20:35:00,100,45.25,45.25,45.25,45.25,45.25,1
2023-10-12 23:37:00,150,43.75,43.75,43.75,43.75,43.75,1
2023-10-13 11:00:00,290,43.8234,43.8,43.8,43.8,43.8,9
2023-10-13 12:08:00,714,43.98,43.98,43.98,43.98,43.98,1
2023-10-13 12:48:00,200,44.075,44.08,44.07,44.08,44.07,2
2023-10-13 13:05:00,329,44.1029,44.1,44.1,44.1,44.1,3
2023-10-13 13:23:00,1000,44.1201,44.1201,44.1201,44.1201,44.1201,1
2023-10-13 13:24:00,1000,44.1201,44.1201,44.1201,44.1201,44.1201,1
2023-10-13 13:27:00,552,44.058,44.0,44.08,44.1,44.0,9
2023-10-13 13:28:00,1246,43.5679,43.58,43.56,43.58,43.55,7
2023-10-13 13:30:00,35762,43.6927,43.64,43.7,43.91,43.59,156
2023-10-13 13:31:00,5751,43.5196,43.58,43.42,43.595,43.42,106
2023-10-13 13:32:00,36916,43.4913,43.445,43.525,43.55,43.37,213
2023-10-13 13:33:00,3147,43.475,43.55,43.455,43.55,43.405,43
2023-10-13 13:34:00,1936,43.5407,43.455,43.59,43.62,43.455,44
2023-10-13 13:35:00,5771,43.6789,43.66,43.8,43.8,43.615,112
2023-10-13 13:36:00,13097,43.6695,43.795,43.68,43.795,43.63,137
2023-10-13 13:37:00,6070,43.8332,43.7,44.025,44.055,43.69,118
2023-10-13 13:38:00,6142,44.0328,44.02,43.95,44.09,43.95,146
2023-10-13 13:39:00,4934,44.0335,43.985,44.115,44.12,43.93,72
2023-10-13 13:40:00,27009,44.1092,44.08,44.29,44.29,44.05,109
2023-10-13 13:41:00,14450,44.2159,44.29,44.1,44.3,44.1,238
2023-10-13 13:42:00,1811,44.0797,44.1,44.15,44.15,44.01,39
2023-10-13 13:43:00,4130,43.9948,44.12,43.875,44.12,43.82,76
2023-10-13 13:44:00,13769,43.7165,43.8205,43.65,43.87,43.6499,196
2023-10-13 13:45:00,12634,43.625,43.65,43.67,43.685,43.58,223
2023-10-13 13:46:00,16263,43.655,43.66,43.65,43.665,43.61,97
2023-10-13 13:47:00,12417,43.4789,43.645,43.29,43.645,43.28,159
2023-10-13 13:48:00,4264,43.2751,43.27,43.24,43.29,43.24,99
2023-10-13 13:49:00,9625,43.2393,43.23,43.25,43.29,43.22,123
2023-10-13 13:50:00,2705,43.2841,43.255,43.28,43.3,43.255,60
2023-10-13 13:51:00,4969,43.2284,43.26,43.23,43.26,43.19,88
2023-10-13 13:52:00,2552,43.2713,43.21,43.31,43.325,43.21,70
2023-10-13 13:53:00,4273,43.3517,43.32,43.34,43.39,43.3,62
2023-10-13 13:54:00,5571,43.421,43.45,43.47,43.47,43.39,53
2023-10-13 13:55:00,2767,43.4753,43.48,43.5652,43.5652,43.43,64
2023-10-13 13:56:00,5793,43.5122,43.52,43.5061,43.54,43.5061,76
2023-10-13 13:57:00,8948,43.4412,43.5031,43.4,43.53,43.4,91
2023-10-13 13:58:00,7167,43.4527,43.375,43.43,43.49,43.375,81
2023-10-13 13:59:00,2938,43.3628,43.41,43.33,43.44,43.33,47
2023-10-13 14:00:00,5198,43.2136,43.23,43.1897,43.26,43.14,108
2023-10-13 14:01:00,2875,43.2308,43.14,43.24,43.28,43.14,55
2023-10-13 14:02:00,15383,43.15,43.25,42.96,43.27,42.95,210
2023-10-13 14:03:00,11671,42.9142,42.94,42.94,42.95,42.89,120
2023-10-13 14:04:00,4631,43.0029,42.98,43.01,43.02,42.96,59
2023-10-13 14:05:00,8277,43.0831,43.01,43.115,43.15,43.005,157
2023-10-13 14:06:00,5906,43.1,43.1199,43.06,43.1199,43.05,67
2023-10-13 14:07:00,9860,42.9587,43.01,42.9593,43.025,42.91,133
2023-10-13 14:08:00,10977,42.9862,42.96,43.01,43.01,42.96,104
2023-10-13 14:09:00,3073,42.9774,42.99,43.0,43.0,42.96,68
2023-10-13 14:10:00,3847,42.93,42.96,42.91,42.965,42.9,87
2023-10-13 14:11:00,3767,42.8947,42.87,42.9012,42.91,42.86,55
2023-10-13 14:12:00,4588,42.9486,42.91,42.98,42.98,42.91,108
2023-10-13 14:13:00,18061,42.977,42.99,42.95,43.01,42.94,210
2023-10-13 14:14:00,4292,42.9281,42.96,42.87,42.97,42.865,93
2023-10-13 14:15:00,3085,42.8936,42.88,42.93,42.93,42.88,75
2023-10-13 14:16:00,5492,42.9204,42.93,42.9112,42.94,42.9,112
2023-10-13 14:17:00,7855,42.9163,42.92,42.91,42.95,42.89,179
2023-10-13 14:18:00,4123,42.893,42.94,42.88,42.94,42.88,67
2023-10-13 14:19:00,2887,42.8918,42.865,42.89,42.9,42.865,74
2023-10-13 14:20:00,6724,42.9274,42.91,42.96,42.97,42.91,148
2023-10-13 14:21:00,8409,42.9654,42.97,42.93,42.9999,42.93,100
2023-10-13 14:22:00,8202,42.884,42.935,42.91,42.935,42.85,172
2023-10-13 14:23:00,6444,42.9408,42.92,42.9299,42.9544,42.92,102
2023-10-13 14:24:00,5956,42.869,42.915,42.81,42.92,42.79,143
2023-10-13 14:25:00,5664,42.8111,42.82,42.8,42.84,42.78,82
2023-10-13 14:26:00,14312,42.8484,42.8079,42.87,42.9,42.79,175
2023-10-13 14:27:00,5959,42.8255,42.84,42.79,42.84,42.79,87
2023-10-13 14:28:00,5230,42.7619,42.77,42.73,42.79,42.73,98
2023-10-13 14:29:00,29641,42.7905,42.74,42.81,42.82,42.73,223
2023-10-13 14:30:00,8684,42.833,42.84,42.815,42.875,42.8,199
2023-10-13 14:31:00,7611,42.8403,42.83,42.85,42.85,42.82,140
2023-10-13 14:32:00,23569,42.766,42.89,42.825,42.89,42.68,368
2023-10-13 14:33:00,3268,42.8194,42.81,42.82,42.83,42.81,83
2023-10-13 14:34:00,5422,42.853,42.81,42.89,42.89,42.81,97
2023-10-13 14:35:00,2517,42.853,42.8898,42.83,42.8898,42.8,68
2023-10-13 14:36:00,9203,42.7643,42.85,42.75,42.85,42.73,153
2023-10-13 14:37:00,1878,42.7976,42.8,42.815,42.815,42.8,88
2023-10-13 14:38:00,5462,42.7384,42.78,42.74,42.78,42.7,126
2023-10-13 14:39:00,7288,42.7243,42.74,42.69,42.74,42.69,90
2023-10-13 14:40:00,10952,42.6734,42.7,42.66,42.72,42.63,159
2023-10-13 14:41:00,3552,42.646,42.67,42.63,42.67,42.62,82
2023-10-13 14:42:00,3249,42.6682,42.635,42.69,42.7,42.635,89
2023-10-13 14:43:00,4522,42.7093,42.69,42.7,42.73,42.69,114
2023-10-13 14:44:00,6324,42.6999,42.71,42.71,42.71,42.68,119
2023-10-13 14:45:00,12345,42.6876,42.71,42.65,42.71,42.65,103
2023-10-13 14:46:00,6745,42.6535,42.64,42.66,42.69,42.62,156
2023-10-13 14:47:00,4368,42.6622,42.65,42.68,42.68,42.64,107
2023-10-13 14:48:00,3599,42.6658,42.68,42.64,42.69,42.64,95
2023-10-13 14:49:00,4224,42.6379,42.6381,42.66,42.66,42.61,87
2023-10-13 14:50:00,4390,42.623,42.65,42.58,42.65,42.58,134
2023-10-13 14:51:00,7750,42.5621,42.58,42.52,42.6,42.51,140
2023-10-13 14:52:00,3525,42.5105,42.52,42.54,42.54,42.49,94
2023-10-13 14:53:00,11894,42.5086,42.53,42.51,42.53,42.48,142
2023-10-13 14:54:00,4944,42.537,42.52,42.56,42.56,42.52,96
2023-10-13 14:55:00,4582,42.5227,42.55,42.49,42.55,42.49,142
2023-10-13 14:56:00,9863,42.5254,42.49,42.55,42.55,42.49,185
2023-10-13 14:57:00,42127,42.5764,42.56,42.54,42.63,42.51,284
2023-10-13 14:58:00,3495,42.5326,42.52,42.57,42.57,42.51,114
2023-10-13 14:59:00,2622,42.5609,42.57,42.58,42.58,42.55,93
2023-10-13 15:00:00,4043,42.5876,42.58,42.56,42.61,42.56,129
2023-10-13 15:01:00,7807,42.508,42.53,42.51,42.53,42.47,162
2023-10-13 15:02:00,10506,42.4937,42.515,42.53,42.53,42.45,189
2023-10-13 15:03:00,1978,42.5006,42.52,42.495,42.535,42.475,66
2023-10-13 15:04:00,2078,42.4928,42.5,42.46,42.51,42.46,83
2023-10-13 15:05:00,3979,42.4123,42.45,42.385,42.45,42.37,119
2023-10-13 15:06:00,2623,42.3822,42.38,42.39,42.4,42.37,74
2023-10-13 15:07:00,6578,42.4119,42.41,42.41,42.43,42.4,146
2023-10-13 15:08:00,1999,42.3901,42.39,42.38,42.4,42.38,65
2023-10-13 15:09:00,4059,42.4331,42.3792,42.52,42.52,42.37,132
2023-10-13 15:10:00,2916,42.5571,42.52,42.58,42.5994,42.52,108
2023-10-13 15:11:00,6395,42.524,42.575,42.49,42.58,42.49,141
2023-10-13 15:12:00,2506,42.5097,42.5,42.5192,42.52,42.4904,55
2023-10-13 15:13:00,2579,42.5041,42.515,42.52,42.53,42.49,78
2023-10-13 15:14:00,10209,42.5826,42.53,42.61,42.61,42.53,156
2023-10-13 15:15:00,2757,42.5876,42.59,42.62,42.62,42.57,64
2023-10-13 15:16:00,2552,42.6565,42.63,42.675,42.68,42.63,68
2023-10-13 15:17:00,2585,42.6501,42.67,42.62,42.6775,42.62,74
2023-10-13 15:18:00,3927,42.6451,42.63,42.68,42.68,42.63,65
2023-10-13 15:19:00,19533,42.6483,42.67,42.665,42.67,42.63,92
2023-10-13 15:20:00,2830,42.6664,42.65,42.69,42.69,42.65,68
2023-10-13 15:21:00,10750,42.7145,42.72,42.71,42.73,42.7,143
2023-10-13 15:22:00,4100,42.7117,42.73,42.69,42.73,42.69,90
2023-10-13 15:23:00,4530,42.6794,42.68,42.68,42.69,42.66,103
2023-10-13 15:24:00,2677,42.6704,42.69,42.65,42.69,42.65,96
2023-10-13 15:25:00,2509,42.7049,42.71,42.7,42.71,42.7,88
2023-10-13 15:26:00,3354,42.7031,42.72,42.705,42.72,42.69,69
2023-10-13 15:27:00,3043,42.6458,42.66,42.61,42.66,42.61,78
2023-10-13 15:28:00,3447,42.6329,42.63,42.64,42.65,42.62,108
2023-10-13 15:29:00,10255,42.702,42.64,42.7547,42.7547,42.64,171
2023-10-13 15:30:00,2971,42.742,42.74,42.75,42.75,42.735,82
2023-10-13 15:31:00,5580,42.7898,42.755,42.805,42.855,42.755,126
2023-10-13 15:32:00,7332,42.813,42.815,42.79,42.835,42.785,161
2023-10-13 15:33:00,3932,42.7543,42.785,42.775,42.785,42.74,104
2023-10-13 15:34:00,6098,42.753,42.78,42.75,42.78,42.72,110
2023-10-13 15:35:00,2544,42.776,42.76,42.78,42.79,42.76,74
2023-10-13 15:36:00,1950,42.75,42.765,42.7317,42.765,42.7317,64
2023-10-13 15:37:00,8162,42.772,42.73,42.85,42.85,42.72,143
2023-10-13 15:38:00,1725,42.837,42.82,42.85,42.85,42.82,63
2023-10-13 15:39:00,2976,42.8599,42.86,42.85,42.87,42.85,78
2023-10-13 15:40:00,4785,42.8429,42.85,42.85,42.85,42.81,88
2023-10-13 15:41:00,4450,42.8572,42.84,42.91,42.91,42.84,88
2023-10-13 15:42:00,6709,42.8588,42.91,42.86,42.91,42.845,112
2023-10-13 15:43:00,4205,42.8607,42.86,42.88,42.88,42.85,96
2023-10-13 15:44:00,1878,42.9059,42.91,42.89,42.92,42.89,60
2023-10-13 15:45:00,4638,42.9047,42.915,42.9053,42.915,42.88,56
2023-10-13 15:46:00,3292,42.9131,42.92,42.89,42.94,42.89,105
2023-10-13 15:47:00,4113,42.8721,42.89,42.8796,42.9,42.85,100
2023-10-13 15:48:00,2632,42.8598,42.885,42.86,42.885,42.84,54
2023-10-13 15:49:00,12593,42.852,42.85,42.86,42.86,42.84,181
2023-10-13 15:50:00,15396,42.8467,42.87,42.85,42.87,42.83,268
2023-10-13 15:51:00,4226,42.8676,42.84,42.89,42.89,42.84,115
2023-10-13 15:52:00,14191,42.835,42.87,42.77,42.87,42.77,240
2023-10-13 15:53:00,3358,42.7745,42.79,42.75,42.79,42.75,101
2023-10-13 15:54:00,2317,42.7391,42.7475,42.75,42.75,42.72,56
2023-10-13 15:55:00,2626,42.7129,42.74,42.66,42.76,42.66,106
2023-10-13 15:56:00,2004,42.6957,42.67,42.7,42.715,42.67,62
2023-10-13 15:57:00,986,42.6801,42.68,42.66,42.68,42.66,42
2023-10-13 15:58:00,2662,42.6619,42.64,42.68,42.68,42.64,68
2023-10-13 15:59:00,14044,42.745,42.69,42.76,42.77,42.69,155
2023-10-13 16:00:00,23390,42.7927,42.74,42.76,42.82,42.72,129
2023-10-13 16:01:00,10049,42.7915,42.77,42.77,42.83,42.77,121
2023-10-13 16:02:00,917,42.7605,42.77,42.755,42.77,42.755,36
2023-10-13 16:03:00,3913,42.7696,42.76,42.775,42.79,42.75,87
2023-10-13 16:04:00,847,42.7358,42.75,42.72,42.75,42.72,43
2023-10-13 16:05:00,2701,42.7084,42.73,42.7,42.73,42.7,68
2023-10-13 16:06:00,2558,42.6745,42.695,42.63,42.7,42.63,87
2023-10-13 16:07:00,2720,42.6467,42.64,42.64,42.65,42.64,74
2023-10-13 16:08:00,2122,42.6119,42.62,42.59,42.62,42.59,68
2023-10-13 16:09:00,2030,42.6025,42.6,42.61,42.61,42.6,62
2023-10-13 16:10:00,3607,42.6041,42.6,42.63,42.63,42.57,103
2023-10-13 16:11:00,2696,42.653,42.63,42.64,42.64,42.63,52
2023-10-13 16:12:00,2644,42.6297,42.64,42.6,42.64,42.6,85
2023-10-13 16:13:00,3107,42.6109,42.61,42.6,42.63,42.59,79
2023-10-13 16:14:00,2001,42.5755,42.59,42.5602,42.59,42.56,67
2023-10-13 16:15:00,3142,42.5925,42.58,42.61,42.61,42.58,80
2023-10-13 16:16:00,2655,42.647,42.62,42.67,42.67,42.62,71
2023-10-13 16:17:00,3504,42.684,42.67,42.71,42.72,42.67,83
2023-10-13 16:18:00,1470,42.7158,42.735,42.7,42.735,42.7,53
2023-10-13 16:19:00,3661,42.6556,42.67,42.65,42.67,42.64,90
2023-10-13 16:20:00,16715,42.7062,42.65,42.71,42.82,42.65,262
2023-10-13 16:21:00,5254,42.697,42.7,42.71,42.73,42.69,79
2023-10-13 16:22:00,3228,42.7015,42.69,42.72,42.725,42.68,75
2023-10-13 16:23:00,2240,42.7052,42.72,42.69,42.72,42.69,63
2023-10-13 16:24:00,3652,42.6636,42.68,42.62,42.68,42.61,100
2023-10-13 16:25:00,3531,42.6152,42.63,42.6,42.64,42.6,59
2023-10-13 16:26:00,4741,42.6206,42.62,42.62,42.6324,42.61,81
2023-10-13 16:27:00,2211,42.6114,42.615,42.61,42.615,42.61,66
2023-10-13 16:28:00,2670,42.6049,42.59,42.6,42.61,42.59,81
2023-10-13 16:29:00,3573,42.5741,42.59,42.58,42.59,42.56,79
2023-10-13 16:30:00,3102,42.5672,42.5889,42.57,42.5889,42.55,91
2023-10-13 16:31:00,2891,42.5382,42.555,42.54,42.555,42.53,73
2023-10-13 16:32:00,2204,42.5775,42.55,42.58,42.59,42.55,65
2023-10-13 16:33:00,639,42.5624,42.56,42.5525,42.56,42.5525,28
2023-10-13 16:34:00,2087,42.5448,42.55,42.54,42.55,42.535,63
2023-10-13 16:35:00,2604,42.5438,42.53,42.54,42.55,42.53,66
2023-10-13 16:36:00,3788,42.494,42.53,42.48,42.53,42.47,103
2023-10-13 16:37:00,2446,42.4783,42.48,42.45,42.5,42.45,62
2023-10-13 16:38:00,3567,42.4197,42.43,42.435,42.435,42.395,91
2023-10-13 16:39:00,8876,42.4725,42.435,42.5249,42.5249,42.435,135
2023-10-13 16:40:00,4196,42.5448,42.5009,42.53,42.56,42.5009,87
2023-10-13 16:41:00,2541,42.535,42.535,42.55,42.55,42.52,57
2023-10-13 16:42:00,2559,42.5227,42.54,42.53,42.54,42.53,45
2023-10-13 16:43:00,2282,42.5058,42.52,42.5078,42.52,42.5,45
2023-10-13 16:44:00,3187,42.464,42.48,42.48,42.48,42.45,82
2023-10-13 16:45:00,1005,42.4631,42.47,42.465,42.47,42.45,30
2023-10-13 16:46:00,4178,42.4682,42.46,42.488,42.49,42.46,62
2023-10-13 16:47:00,2083,42.4677,42.48,42.46,42.485,42.44,51
2023-10-13 16:48:00,2462,42.4612,42.46,42.44,42.4794,42.44,49
2023-10-13 16:49:00,7162,42.3835,42.4479,42.35,42.4479,42.35,133
2023-10-13 16:50:00,6875,42.2958,42.34,42.24,42.34,42.235,106
2023-10-13 16:51:00,3858,42.2306,42.22,42.23,42.24,42.22,74
2023-10-13 16:52:00,11943,42.2366,42.22,42.365,42.365,42.165,167
2023-10-13 16:53:00,2471,42.4167,42.395,42.41,42.445,42.395,38
2023-10-13 16:54:00,1668,42.3887,42.4,42.385,42.42,42.385,34
2023-10-13 16:55:00,1417,42.3878,42.4,42.3977,42.41,42.38,35
2023-10-13 16:56:00,3587,42.3965,42.39,42.42,42.425,42.375,92
2023-10-13 16:57:00,2327,42.406,42.41,42.4,42.43,42.39,55
2023-10-13 16:58:00,1272,42.3977,42.39,42.42,42.42,42.39,44
2023-10-13 16:59:00,1756,42.41,42.41,42.39,42.42,42.39,70
2023-10-13 17:00:00,1668,42.3817,42.38,42.4,42.4,42.38,63
2023-10-13 17:01:00,1216,42.4307,42.42,42.455,42.455,42.42,42
2023-10-13 17:02:00,3099,42.4466,42.45,42.44,42.46,42.43,87
2023-10-13 17:03:00,1326,42.4543,42.46,42.44,42.465,42.44,42
2023-10-13 17:04:00,2510,42.439,42.4581,42.44,42.4581,42.44,56
2023-10-13 17:05:00,4401,42.4321,42.46,42.43,42.46,42.41,102
2023-10-13 17:06:00,2990,42.3617,42.42,42.32,42.42,42.32,119
2023-10-13 17:07:00,3176,42.3303,42.33,42.33,42.35,42.32,67
2023-10-13 17:08:00,1224,42.3314,42.33,42.34,42.34,42.33,56
2023-10-13 17:09:00,3844,42.3249,42.31,42.34,42.34,42.3,81
2023-10-13 17:10:00,4281,42.343,42.35,42.34,42.36,42.34,88
2023-10-13 17:11:00,6281,42.3479,42.31,42.37,42.37,42.31,112
2023-10-13 17:12:00,3551,42.36,42.39,42.32,42.39,42.32,73
2023-10-13 17:13:00,4578,42.2892,42.3,42.27,42.31,42.27,99
2023-10-13 17:14:00,4092,42.2917,42.29,42.2705,42.29,42.255,60
2023-10-13 17:15:00,3825,42.2977,42.27,42.3,42.3099,42.27,78
2023-10-13 17:16:00,2372,42.296,42.31,42.28,42.32,42.2727,60
2023-10-13 17:17:00,1941,42.2997,42.28,42.3,42.31,42.28,51
2023-10-13 17:18:00,2607,42.3178,42.3099,42.33,42.33,42.3,73
2023-10-13 17:19:00,3641,42.3127,42.315,42.32,42.3287,42.3,75
2023-10-13 17:20:00,2506,42.325,42.32,42.315,42.33,42.315,54
2023-10-13 17:21:00,2497,42.2804,42.3,42.26,42.3,42.26,76
2023-10-13 17:22:00,8396,42.2465,42.26,42.27,42.28,42.23,127
2023-10-13 17:23:00,3623,42.2062,42.27,42.197,42.27,42.18,86
2023-10-13 17:24:00,1943,42.236,42.21,42.24,42.2494,42.21,46
2023-10-13 17:25:00,1025,42.2302,42.23,42.24,42.24,42.22,25
2023-10-13 17:26:00,2191,42.1721,42.22,42.13,42.22,42.13,68
2023-10-13 17:27:00,2330,42.1512,42.14,42.15,42.16,42.14,66
2023-10-13 17:28:00,2860,42.1412,42.16,42.13,42.16,42.125,56
2023-10-13 17:29:00,7292,42.0973,42.12,42.1,42.12,42.0616,125
2023-10-13 17:30:00,2242,42.0779,42.08,42.06,42.09,42.06,69
2023-10-13 17:31:00,4191,42.0625,42.05,42.07,42.07,42.05,104
2023-10-13 17:32:00,2138,42.0476,42.05,42.055,42.06,42.04,66
2023-10-13 17:33:00,2691,42.0613,42.03,42.09,42.09,42.03,51
2023-10-13 17:34:00,4429,42.1046,42.09,42.11,42.13,42.07,87
2023-10-13 17:35:00,2397,42.1105,42.11,42.095,42.13,42.095,44
2023-10-13 17:36:00,2249,42.0969,42.1,42.08,42.11,42.08,73
2023-10-13 17:37:00,3609,42.0465,42.055,42.06,42.06,42.03,69
2023-10-13 17:38:00,1140,42.0348,42.035,42.02,42.05,42.02,45
2023-10-13 17:39:00,1025,42.0179,42.03,42.01,42.03,42.01,36
2023-10-13 17:40:00,13967,42.0267,42.0,42.07,42.08,41.98,217
2023-10-13 17:41:00,6035,42.1003,42.05,42.14,42.14,42.045,116
2023-10-13 17:42:00,5477,42.2186,42.18,42.29,42.29,42.18,135
2023-10-13 17:43:00,4582,42.3067,42.285,42.3,42.33,42.285,164
2023-10-13 17:44:00,1788,42.264,42.28,42.26,42.307,42.24,57
2023-10-13 17:45:00,4756,42.2627,42.27,42.27,42.27,42.25,131
2023-10-13 17:46:00,1381,42.2475,42.26,42.25,42.26,42.23,51
2023-10-13 17:47:00,3025,42.2551,42.25,42.24,42.27,42.24,102
2023-10-13 17:48:00,2826,42.2242,42.25,42.2,42.25,42.19,91
2023-10-13 17:49:00,3493,42.2272,42.2,42.23,42.25,42.2,77
2023-10-13 17:50:00,3212,42.2682,42.25,42.29,42.29,42.25,78
2023-10-13 17:51:00,1783,42.2539,42.27,42.24,42.28,42.22,65
2023-10-13 17:52:00,6584,42.2264,42.22,42.225,42.24,42.22,61
2023-10-13 17:53:00,3789,42.2237,42.225,42.24,42.24,42.21,79
2023-10-13 17:54:00,4758,42.2309,42.23,42.23,42.24,42.21,62
2023-10-13 17:55:00,3147,42.2369,42.22,42.26,42.269,42.21,101
2023-10-13 17:56:00,1049,42.2692,42.27,42.26,42.28,42.26,33
2023-10-13 17:57:00,3945,42.2583,42.25,42.26,42.27,42.25,117
2023-10-13 17:58:00,4099,42.2757,42.26,42.29,42.29,42.26,95
2023-10-13 17:59:00,2275,42.2459,42.26,42.22,42.26,42.22,74
2023-10-13 18:00:00,3053,42.2259,42.23,42.21,42.24,42.21,70
2023-10-13 18:01:00,2901,42.2243,42.22,42.23,42.23,42.215,74
2023-10-13 18:02:00,3976,42.1757,42.2,42.18,42.2,42.15,99
2023-10-13 18:03:00,5988,42.1374,42.17,42.14,42.17,42.115,71
2023-10-13 18:04:00,2567,42.1462,42.1301,42.15,42.16,42.13,66
2023-10-13 18:05:00,5634,42.2339,42.18,42.3,42.3,42.179,128
2023-10-13 18:06:00,4014,42.2378,42.29,42.1985,42.2919,42.18,116
2023-10-13 18:07:00,2950,42.1997,42.2,42.195,42.21,42.19,66
2023-10-13 18:08:00,5870,42.1902,42.16,42.195,42.2,42.16,66
2023-10-13 18:09:00,1275,42.1909,42.19,42.19,42.2,42.19,39
2023-10-13 18:10:00,3625,42.179,42.18,42.19,42.19,42.17,90
2023-10-13 18:11:00,2737,42.1883,42.2,42.18,42.2,42.17,63
2023-10-13 18:12:00,4655,42.2001,42.19,42.24,42.24,42.18,90
2023-10-13 18:13:00,2501,42.2178,42.23,42.205,42.23,42.205,70
2023-10-13 18:14:00,3369,42.2054,42.215,42.18,42.22,42.18,77
2023-10-13 18:15:00,4617,42.1667,42.18,42.17,42.19,42.14,83
2023-10-13 18:16:00,2997,42.1782,42.17,42.16,42.19,42.16,65
2023-10-13 18:17:00,2066,42.197,42.18,42.22,42.24,42.17,51
2023-10-13 18:18:00,2065,42.2048,42.225,42.2,42.225,42.18,81
2023-10-13 18:19:00,3959,42.1743,42.18,42.18,42.18,42.1706,39
2023-10-13 18:20:00,4961,42.1871,42.18,42.195,42.21,42.18,81
2023-10-13 18:21:00,3811,42.1983,42.195,42.2,42.21,42.18,86
2023-10-13 18:22:00,2416,42.1927,42.2,42.185,42.21,42.185,70
2023-10-13 18:23:00,3683,42.1829,42.18,42.16,42.2,42.16,107
2023-10-13 18:24:00,2707,42.1286,42.17,42.06,42.17,42.06,101
2023-10-13 18:25:00,3698,42.0799,42.07,42.08,42.09,42.0689,84
2023-10-13 18:26:00,4444,42.0691,42.0799,42.03,42.0799,42.03,91
2023-10-13 18:27:00,2859,42.0423,42.03,42.06,42.06,42.03,69
2023-10-13 18:28:00,7661,42.0636,42.04,42.0566,42.09,42.04,98
2023-10-13 18:29:00,3355,42.0697,42.0482,42.09,42.09,42.0482,55
2023-10-13 18:30:00,3565,42.1349,42.09,42.16,42.16,42.09,95
2023-10-13 18:31:00,3897,42.1497,42.14,42.16,42.18,42.12,93
2023-10-13 18:32:00,3363,42.1425,42.145,42.15,42.16,42.13,106
2023-10-13 18:33:00,2435,42.1523,42.14,42.15,42.18,42.14,68
2023-10-13 18:34:00,31822,42.2108,42.14,42.21,42.27,42.14,432
2023-10-13 18:35:00,5989,42.1694,42.19,42.1,42.2,42.1,164
2023-10-13 18:36:00,4987,42.0753,42.1,42.07,42.1,42.04,117
2023-10-13 18:37:00,6458,42.1045,42.06,42.11,42.1325,42.06,133
2023-10-13 18:38:00,5440,42.1055,42.1,42.07,42.1183,42.07,52
2023-10-13 18:39:00,2279,42.0842,42.08,42.09,42.09,42.07,55
2023-10-13 18:40:00,2997,42.0629,42.085,42.05,42.085,42.04,99
2023-10-13 18:41:00,3309,42.0439,42.07,42.035,42.07,42.03,90
2023-10-13 18:42:00,2897,42.0573,42.045,42.04,42.07,42.04,87
2023-10-13 18:43:00,5072,41.9991,42.02,41.99,42.02,41.98,107
2023-10-13 18:44:00,4637,41.9537,41.98,41.93,41.988,41.92,131
2023-10-13 18:45:00,2904,41.9494,41.94,41.95,41.96,41.94,78
2023-10-13 18:46:00,11397,41.9388,41.94,41.95,41.95,41.9,126
2023-10-13 18:47:00,5613,41.9755,41.95,41.95,42.0,41.95,140
2023-10-13 18:48:00,6488,41.9425,41.95,41.95,41.96,41.93,61
2023-10-13 18:49:00,2170,41.9466,41.95,41.94,41.96,41.94,74
2023-10-13 18:50:00,5469,41.9221,41.94,41.93,41.94,41.9,122
2023-10-13 18:51:00,3419,41.9581,41.9598,41.97,41.97,41.939,76
2023-10-13 18:52:00,2243,41.996,41.99,42.0,42.0,41.98,59
2023-10-13 18:53:00,2237,41.9915,41.985,41.96,42.01,41.96,58
2023-10-13 18:54:00,3059,41.9808,41.97,41.98,41.9978,41.97,77
2023-10-13 18:55:00,2208,41.9515,41.97,41.95,41.97,41.94,94
2023-10-13 18:56:00,5390,41.9272,41.93,41.92,41.94,41.91,75
2023-10-13 18:57:00,4314,41.9588,41.93,41.98,41.98,41.93,85
2023-10-13 18:58:00,4264,41.9745,41.975,41.98,41.98,41.96,69
2023-10-13 18:59:00,6732,42.007,41.99,41.98,42.04,41.97,151
2023-10-13 19:00:00,6108,41.9915,42.0,41.96,42.0,41.96,98
2023-10-13 19:01:00,4381,41.9707,41.955,42.0,42.0,41.94,85
2023-10-13 19:02:00,7296,42.0103,42.02,42.01,42.03,42.01,78
2023-10-13 19:03:00,5372,42.016,42.0,42.03,42.04,42.0,111
2023-10-13 19:04:00,4332,42.0434,42.03,42.05,42.07,42.02,109
2023-10-13 19:05:00,8233,42.0586,42.05,42.06,42.09,42.05,142
2023-10-13 19:06:00,7379,41.9703,42.05,41.94,42.05,41.92,178
2023-10-13 19:07:00,6629,42.0053,41.98,42.03,42.04,41.98,144
2023-10-13 19:08:00,8606,42.0816,42.05,42.14,42.14,42.05,167
2023-10-13 19:09:00,2944,42.1132,42.13,42.11,42.13,42.09,88
2023-10-13 19:10:00,10689,42.0895,42.1,42.1,42.12,42.06,127
2023-10-13 19:11:00,4192,42.0996,42.1,42.09,42.11,42.08,77
2023-10-13 19:12:00,6079,42.1584,42.09,42.19,42.2,42.09,156
2023-10-13 19:13:00,12264,42.1516,42.17,42.15,42.19,42.1302,140
2023-10-13 19:14:00,8148,42.1649,42.16,42.18,42.19,42.155,113
2023-10-13 19:15:00,5228,42.1403,42.18,42.13,42.19,42.11,137
2023-10-13 19:16:00,12566,42.1968,42.125,42.2301,42.24,42.125,105
2023-10-13 19:17:00,12578,42.2037,42.23,42.2,42.23,42.19,105
2023-10-13 19:18:00,4523,42.2008,42.2,42.175,42.21,42.175,120
2023-10-13 19:19:00,4957,42.1483,42.18,42.13,42.2,42.1001,131
2023-10-13 19:20:00,4434,42.1261,42.14,42.095,42.14,42.095,99
2023-10-13 19:21:00,6039,42.0983,42.09,42.12,42.12,42.085,166
2023-10-13 19:22:00,3366,42.1201,42.13,42.13,42.135,42.1,76
2023-10-13 19:23:00,6247,42.0959,42.12,42.07,42.12,42.07,171
2023-10-13 19:24:00,17565,42.0796,42.08,42.11,42.11,42.05,227
2023-10-13 19:25:00,79573,42.1463,42.1,42.07,42.1,42.07,121
2023-10-13 19:26:00,8913,42.0861,42.09,42.08,42.1,42.07,174
2023-10-13 19:27:00,9296,42.0662,42.08,42.03,42.09,42.03,171
2023-10-13 19:28:00,11079,42.0257,42.04,42.03,42.06,42.01,132
2023-10-13 19:29:00,40179,42.0507,42.04,42.06,42.09,42.02,339
2023-10-13 19:30:00,21087,42.1182,42.06,42.15,42.17,42.05,333
2023-10-13 19:31:00,4869,42.1702,42.15,42.175,42.19,42.15,104
2023-10-13 19:32:00,6712,42.1799,42.19,42.18,42.2,42.17,124
2023-10-13 19:33:00,5710,42.1891,42.19,42.201,42.21,42.175,130
2023-10-13 19:34:00,9299,42.2033,42.22,42.175,42.22,42.175,112
2023-10-13 19:35:00,7647,42.1717,42.17,42.18,42.19,42.16,157
2023-10-13 19:36:00,7304,42.1458,42.19,42.16,42.19,42.15,129
2023-10-13 19:37:00,5051,42.1743,42.16,42.17,42.2,42.15,151
2023-10-13 19:38:00,5869,42.1969,42.165,42.2,42.24,42.165,126
2023-10-13 19:39:00,4935,42.1888,42.195,42.195,42.2,42.17,131
2023-10-13 19:40:00,13604,42.1711,42.195,42.18,42.195,42.1475,263
2023-10-13 19:41:00,15094,42.1884,42.18,42.18,42.21,42.17,167
2023-10-13 19:42:00,8223,42.159,42.18,42.17,42.18,42.15,174
2023-10-13 19:43:00,5781,42.1788,42.17,42.1699,42.19,42.16,127
2023-10-13 19:44:00,18379,42.1555,42.16,42.17,42.18,42.14,260
2023-10-13 19:45:00,9770,42.2294,42.19,42.25,42.25,42.19,181
2023-10-13 19:46:00,10065,42.2126,42.24,42.235,42.25,42.23,157
2023-10-13 19:47:00,10835,42.2586,42.23,42.31,42.31,42.22,272
2023-10-13 19:48:00,30608,42.3569,42.31,42.39,42.4,42.3,533
2023-10-13 19:49:00,14789,42.3856,42.38,42.385,42.4,42.37,248
2023-10-13 19:50:00,23097,42.3765,42.38,42.36,42.405,42.35,382
2023-10-13 19:51:00,15771,42.3572,42.36,42.34,42.38,42.34,310
2023-10-13 19:52:00,20497,42.3975,42.36,42.44,42.44,42.36,345
2023-10-13 19:53:00,26930,42.4095,42.43,42.38,42.43,42.38,430
2023-10-13 19:54:00,24443,42.3895,42.38,42.4,42.41,42.375,441
2023-10-13 19:55:00,28632,42.3489,42.39,42.325,42.39,42.31,469
2023-10-13 19:56:00,43466,42.3437,42.33,42.37,42.37,42.31,505
2023-10-13 19:57:00,42791,42.3167,42.37,42.305,42.37,42.28,639
2023-10-13 19:58:00,36124,42.3386,42.315,42.3209,42.355,42.31,574
2023-10-13 19:59:00,74350,42.3469,42.32,42.38,42.4,42.3,842
2023-10-13 20:00:00,11507,42.38,42.38,42.38,42.38,42.38,30
2023-10-13 20:08:00,112,42.38,42.38,42.38,42.38,42.38,4
2023-10-13 21:53:00,159,42.3,42.3,42.3,42.3,42.3,1
