t,v,vw,o,c,h,l,n
2023-05-09 08:00:00,510,42.9959,43.0,43.0,43.0,43.0,2
2023-05-09 11:27:00,1400,42.0301,42.0,42.05,42.05,42.0,13
2023-05-09 12:53:00,100,41.98,41.98,41.98,41.98,41.98,1
2023-05-09 12:54:00,100,42.0,42.0,42.0,42.0,42.0,1
2023-05-09 12:58:00,100,42.0,42.0,42.0,42.0,42.0,1
2023-05-09 13:23:00,1000,41.8164,41.84,41.81,41.84,41.81,7
2023-05-09 13:28:00,100,41.98,41.98,41.98,41.98,41.98,1
2023-05-09 13:29:00,100,41.99,41.99,41.99,41.99,41.99,1
2023-05-09 13:30:00,50482,41.859,42.0,41.61,42.17,41.42,527
2023-05-09 13:31:00,15772,41.5717,41.51,41.795,41.81,41.4,201
2023-05-09 13:32:00,2245,41.7521,41.78,41.68,41.78,41.67,20
2023-05-09 13:33:00,8597,41.8186,41.681,41.835,41.88,41.681,167
2023-05-09 13:34:00,13553,41.9402,41.89,41.9,42.05,41.83,201
2023-05-09 13:35:00,6392,41.8789,41.87,41.81,41.95,41.81,129
2023-05-09 13:36:00,17738,41.8029,41.85,41.785,41.86,41.73,258
2023-05-09 13:37:00,4062,41.8441,41.81,41.855,41.9,41.8,70
2023-05-09 13:38:00,1966,41.8688,41.855,41.83,41.91,41.83,43
2023-05-09 13:39:00,4912,41.8447,41.82,41.87,41.89,41.81,99
2023-05-09 13:40:00,6920,41.9247,41.9,42.035,42.06,41.86,104
2023-05-09 13:41:00,7824,42.0893,42.025,42.13,42.14,42.025,113
2023-05-09 13:42:00,8733,42.0995,42.085,42.175,42.175,42.03,90
2023-05-09 13:43:00,4586,42.1478,42.15,42.13,42.18,42.11,65
2023-05-09 13:44:00,9831,42.0379,42.1,41.995,42.1,41.94,85
2023-05-09 13:45:00,15297,41.996,42.02,42.07,42.07,41.94,185
2023-05-09 13:46:00,4674,42.0456,42.07,42.04,42.07,42.03,87
2023-05-09 13:47:00,6873,42.0395,42.04,42.055,42.06,42.01,81
2023-05-09 13:48:00,3666,42.0497,42.055,42.05,42.08,42.02,64
2023-05-09 13:49:00,3524,42.0432,42.055,42.05,42.075,42.05,30
2023-05-09 13:50:00,2769,42.0603,42.07,42.045,42.07,42.045,48
2023-05-09 13:51:00,9962,42.1523,42.045,42.19,42.2,42.045,150
2023-05-09 13:52:00,5431,42.2079,42.2,42.2,42.225,42.2,84
2023-05-09 13:53:00,5989,42.212,42.21,42.24,42.24,42.21,91
2023-05-09 13:54:00,4557,42.2302,42.25,42.14,42.25,42.14,65
2023-05-09 13:55:00,8639,42.0456,42.18,41.995,42.18,41.95,123
2023-05-09 13:56:00,4562,42.0374,41.99,42.09,42.09,41.99,78
2023-05-09 13:57:00,1020,42.054,42.09,42.03,42.09,42.03,17
2023-05-09 13:58:00,4810,42.043,42.05,42.03,42.08,42.02,72
2023-05-09 13:59:00,3328,42.0004,42.04,41.97,42.04,41.95,41
2023-05-09 14:00:00,7726,42.0093,41.98,41.96,42.04,41.95,113
2023-05-09 14:01:00,4260,41.947,41.95,41.94,41.95,41.92,64
2023-05-09 14:02:00,3050,41.9622,41.93,41.96,42.0,41.93,49
2023-05-09 14:03:00,2223,41.9435,41.965,41.945,41.965,41.93,36
2023-05-09 14:04:00,4866,41.9886,41.94,42.08,42.08,41.94,61
2023-05-09 14:05:00,6393,42.1506,42.1,42.195,42.195,42.09,93
2023-05-09 14:06:00,3012,42.2036,42.195,42.24,42.24,42.195,53
2023-05-09 14:07:00,4466,42.2257,42.23,42.23,42.23,42.21,65
2023-05-09 14:08:00,4949,42.2149,42.23,42.155,42.25,42.155,71
2023-05-09 14:09:00,4869,42.1279,42.155,42.175,42.175,42.105,72
2023-05-09 14:10:00,4763,42.2005,42.14,42.225,42.23,42.14,81
2023-05-09 14:11:00,3784,42.1827,42.2,42.24,42.25,42.185,42
2023-05-09 14:12:00,8794,42.2298,42.21,42.23,42.25,42.2,114
2023-05-09 14:13:00,9247,42.2871,42.25,42.315,42.315,42.24,129
2023-05-09 14:14:00,14058,42.3611,42.315,42.45,42.45,42.3,181
2023-05-09 14:15:00,4524,42.4459,42.445,42.45,42.46,42.43,58
2023-05-09 14:16:00,9146,42.4518,42.45,42.51,42.51,42.43,110
2023-05-09 14:17:00,23493,42.5,42.49,42.47,42.56,42.44,247
2023-05-09 14:18:00,8905,42.4591,42.475,42.47,42.485,42.425,104
2023-05-09 14:19:00,9220,42.4734,42.48,42.45,42.495,42.45,119
2023-05-09 14:20:00,9323,42.4925,42.45,42.51,42.53,42.45,122
2023-05-09 14:21:00,18403,42.5925,42.505,42.64,42.65,42.505,156
2023-05-09 14:22:00,9559,42.7037,42.65,42.725,42.75,42.65,151
2023-05-09 14:23:00,15566,42.7755,42.73,42.805,42.81,42.73,220
2023-05-09 14:24:00,8750,42.8259,42.83,42.79,42.86,42.775,141
2023-05-09 14:25:00,5940,42.7981,42.79,42.795,42.83,42.79,89
2023-05-09 14:26:00,10188,42.8258,42.81,42.845,42.91,42.78,162
2023-05-09 14:27:00,9642,42.6723,42.81,42.61,42.81,42.59,90
2023-05-09 14:28:00,2192,42.5431,42.58,42.48,42.58,42.48,55
2023-05-09 14:29:00,8586,42.4321,42.46,42.34,42.46,42.34,166
2023-05-09 14:30:00,9993,42.3583,42.31,42.3,42.38,42.27,164
2023-05-09 14:31:00,10572,42.2335,42.31,42.22,42.31,42.17,137
2023-05-09 14:32:00,1772,42.2257,42.23,42.16,42.235,42.16,38
2023-05-09 14:33:00,6899,42.1727,42.18,42.17,42.19,42.14,106
2023-05-09 14:34:00,6517,42.2377,42.19,42.315,42.32,42.18,109
2023-05-09 14:35:00,6352,42.3221,42.33,42.355,42.355,42.29,95
2023-05-09 14:36:00,2544,42.2862,42.32,42.25,42.32,42.25,64
2023-05-09 14:37:00,1526,42.1622,42.23,42.11,42.255,42.11,33
2023-05-09 14:38:00,6258,42.1892,42.15,42.23,42.24,42.14,85
2023-05-09 14:39:00,3280,42.2031,42.25,42.13,42.26,42.12,71
2023-05-09 14:40:00,2703,42.1745,42.12,42.18,42.19,42.12,39
2023-05-09 14:41:00,1315,42.1575,42.17,42.17,42.17,42.17,33
2023-05-09 14:42:00,3387,42.1915,42.2,42.13,42.24,42.13,55
2023-05-09 14:43:00,3145,42.1149,42.13,42.1,42.15,42.1,80
2023-05-09 14:44:00,2704,42.1747,42.13,42.13,42.17,42.13,21
2023-05-09 14:45:00,4273,42.1292,42.16,42.14,42.17,42.1,80
2023-05-09 14:46:00,2602,42.1225,42.11,42.175,42.175,42.1,51
2023-05-09 14:47:00,1976,42.1447,42.14,42.16,42.175,42.13,37
2023-05-09 14:48:00,5714,42.1245,42.12,42.13,42.16,42.08,98
2023-05-09 14:49:00,2329,42.1247,42.105,42.165,42.165,42.08,36
2023-05-09 14:50:00,2096,42.1395,42.17,42.13,42.17,42.13,39
2023-05-09 14:51:00,1469,42.0878,42.105,42.06,42.12,42.06,36
2023-05-09 14:52:00,5749,42.0197,42.07,42.04,42.07,41.99,114
2023-05-09 14:53:00,2598,41.9959,42.03,41.985,42.03,41.97,53
2023-05-09 14:54:00,12379,41.9702,42.0,41.94,42.01,41.91,179
2023-05-09 14:55:00,4053,41.9273,41.95,41.92,41.95,41.91,64
2023-05-09 14:56:00,3524,41.883,41.92,41.88,41.92,41.86,69
2023-05-09 14:57:00,5995,41.8752,41.89,41.89,41.92,41.84,95
2023-05-09 14:58:00,1909,41.8917,41.89,41.87,41.91,41.87,29
2023-05-09 14:59:00,5089,41.9044,41.88,41.9,41.92,41.88,100
2023-05-09 15:00:00,5138,41.9102,41.9,41.975,41.975,41.88,99
2023-05-09 15:01:00,2146,41.974,41.99,41.945,42.0,41.945,39
2023-05-09 15:02:00,2985,41.911,41.94,41.92,41.94,41.89,54
2023-05-09 15:03:00,2342,41.9536,41.93,41.96,41.965,41.93,39
2023-05-09 15:04:00,4154,41.9602,41.97,41.95,41.99,41.95,64
2023-05-09 15:05:00,2003,41.9441,41.955,41.94,41.965,41.935,41
2023-05-09 15:06:00,3875,41.9667,41.945,41.96,42.005,41.94,80
2023-05-09 15:07:00,2573,41.9549,41.96,41.975,41.975,41.93,41
2023-05-09 15:08:00,3708,41.9536,41.99,41.93,41.99,41.93,69
2023-05-09 15:09:00,2585,41.9278,41.92,41.95,41.95,41.92,52
2023-05-09 15:10:00,3420,41.8745,41.93,41.83,41.93,41.83,62
2023-05-09 15:11:00,2075,41.8328,41.82,41.845,41.85,41.82,40
2023-05-09 15:12:00,16758,41.8045,41.83,41.835,41.85,41.76,243
2023-05-09 15:13:00,4742,41.8283,41.82,41.82,41.84,41.815,68
2023-05-09 15:14:00,2362,41.8542,41.82,41.84,41.85,41.82,28
2023-05-09 15:15:00,6198,41.8156,41.83,41.8,41.83,41.8,115
2023-05-09 15:16:00,2151,41.8239,41.82,41.825,41.84,41.82,49
2023-05-09 15:17:00,5440,41.8148,41.81,41.82,41.83,41.8,93
2023-05-09 15:18:00,3127,41.8004,41.81,41.815,41.815,41.79,55
2023-05-09 15:19:00,6039,41.8066,41.82,41.81,41.82,41.79,76
2023-05-09 15:20:00,3548,41.8346,41.835,41.82,41.835,41.82,14
2023-05-09 15:21:00,5041,41.7944,41.81,41.81,41.81,41.76,116
2023-05-09 15:22:00,2158,41.7812,41.79,41.77,41.79,41.77,52
2023-05-09 15:23:00,3079,41.7691,41.76,41.78,41.78,41.75,51
2023-05-09 15:24:00,979,41.7487,41.785,41.73,41.785,41.73,28
2023-05-09 15:25:00,3644,41.7261,41.72,41.68,41.72,41.68,61
2023-05-09 15:26:00,2691,41.6624,41.69,41.64,41.69,41.64,61
2023-05-09 15:27:00,3604,41.5598,41.6,41.54,41.6,41.54,79
2023-05-09 15:28:00,2001,41.4803,41.55,41.4125,41.55,41.4125,47
2023-05-09 15:29:00,5298,41.4217,41.4,41.45,41.45,41.39,92
2023-05-09 15:30:00,2558,41.4624,41.44,41.47,41.49,41.43,63
2023-05-09 15:31:00,2738,41.5046,41.47,41.52,41.53,41.47,61
2023-05-09 15:32:00,4078,41.5513,41.51,41.61,41.61,41.51,64
2023-05-09 15:33:00,2855,41.6417,41.63,41.65,41.65,41.62,46
2023-05-09 15:34:00,5625,41.6757,41.66,41.72,41.72,41.66,63
2023-05-09 15:35:00,5778,41.722,41.72,41.78,41.78,41.72,76
2023-05-09 15:36:00,4290,41.8291,41.78,41.83,41.86,41.78,67
2023-05-09 15:37:00,3549,41.8229,41.825,41.845,41.85,41.81,55
2023-05-09 15:38:00,2754,41.8015,41.82,41.815,41.82,41.78,41
2023-05-09 15:39:00,3406,41.8063,41.82,41.81,41.82,41.79,42
2023-05-09 15:40:00,3053,41.8413,41.82,41.86,41.88,41.82,43
2023-05-09 15:41:00,953,41.8609,41.86,41.86,41.86,41.86,13
2023-05-09 15:42:00,2799,41.87,41.87,41.86,41.89,41.86,52
2023-05-09 15:43:00,3621,41.8575,41.865,41.84,41.88,41.84,75
2023-05-09 15:44:00,4340,41.8243,41.825,41.79,41.84,41.79,74
2023-05-09 15:45:00,3930,41.8156,41.79,41.81,41.85,41.79,59
2023-05-09 15:46:00,2906,41.813,41.81,41.83,41.83,41.8,51
2023-05-09 15:47:00,3351,41.7694,41.8,41.77,41.8,41.745,52
2023-05-09 15:48:00,1393,41.7735,41.7875,41.75,41.7875,41.75,37
2023-05-09 15:49:00,4591,41.7595,41.75,41.78,41.78,41.72,70
2023-05-09 15:50:00,2733,41.7587,41.76,41.76,41.77,41.745,63
2023-05-09 15:51:00,4904,41.7468,41.75,41.72,41.76,41.72,84
2023-05-09 15:52:00,1433,41.7499,41.73,41.762,41.78,41.72,21
2023-05-09 15:53:00,2196,41.7578,41.78,41.73,41.78,41.73,34
2023-05-09 15:54:00,2149,41.7142,41.73,41.7,41.735,41.7,42
2023-05-09 15:55:00,3088,41.6953,41.69,41.7,41.72,41.675,62
2023-05-09 15:56:00,1134,41.6964,41.71,41.69,41.71,41.69,30
2023-05-09 15:57:00,3797,41.6568,41.66,41.655,41.67,41.64,78
2023-05-09 15:58:00,3328,41.6779,41.67,41.685,41.69,41.67,40
2023-05-09 15:59:00,3968,41.6995,41.68,41.73,41.73,41.68,78
2023-05-09 16:00:00,2676,41.755,41.74,41.76,41.77,41.74,52
2023-05-09 16:01:00,4329,41.8112,41.78,41.79,41.84,41.77,75
2023-05-09 16:02:00,2103,41.7499,41.77,41.73,41.775,41.73,38
2023-05-09 16:03:00,3438,41.7318,41.72,41.74,41.75,41.71,44
2023-05-09 16:04:00,2225,41.7346,41.74,41.735,41.74,41.73,37
2023-05-09 16:05:00,3714,41.7172,41.72,41.755,41.755,41.69,64
2023-05-09 16:06:00,3370,41.8169,41.76,41.84,41.85,41.76,65
2023-05-09 16:07:00,1936,41.8173,41.831,41.805,41.831,41.805,41
2023-05-09 16:08:00,2943,41.819,41.8,41.84,41.84,41.8,57
2023-05-09 16:09:00,2618,41.8241,41.85,41.84,41.86,41.84,37
2023-05-09 16:10:00,3606,41.8576,41.84,41.89,41.89,41.84,64
2023-05-09 16:11:00,3110,41.871,41.89,41.81,41.9,41.8,62
2023-05-09 16:12:00,2153,41.7995,41.785,41.8,41.81,41.785,41
2023-05-09 16:13:00,2482,41.844,41.82,41.86,41.87,41.82,54
2023-05-09 16:14:00,1826,41.8705,41.86,41.861,41.88,41.86,33
2023-05-09 16:15:00,4157,41.8343,41.86,41.81,41.86,41.8,79
2023-05-09 16:16:00,2504,41.8353,41.82,41.845,41.845,41.82,35
2023-05-09 16:17:00,2163,41.8965,41.86,41.96,41.96,41.86,37
2023-05-09 16:18:00,3883,41.9279,41.95,41.9,41.95,41.9,61
2023-05-09 16:19:00,3851,41.8964,41.88,41.92,41.92,41.88,50
2023-05-09 16:20:00,3382,41.9173,41.94,41.92,41.94,41.92,61
2023-05-09 16:21:00,3187,41.9318,41.94,41.94,41.94,41.915,47
2023-05-09 16:22:00,2178,41.9413,41.955,41.94,41.96,41.93,42
2023-05-09 16:23:00,2053,41.9581,41.9425,41.95,41.98,41.9425,36
2023-05-09 16:24:00,4786,41.9399,41.95,41.94,41.95,41.92,68
2023-05-09 16:25:00,1759,41.9296,41.92,41.96,41.96,41.91,29
2023-05-09 16:26:00,3864,41.9752,41.93,41.93,42.02,41.93,60
2023-05-09 16:27:00,1844,41.9377,41.93,41.94,41.95,41.93,31
2023-05-09 16:28:00,1229,41.958,41.96,41.95,41.97,41.95,27
2023-05-09 16:29:00,4229,41.9267,41.94,41.92,41.94,41.91,66
2023-05-09 16:30:00,3234,41.9122,41.9,41.92,41.93,41.89,48
2023-05-09 16:31:00,1315,41.9169,41.92,41.92,41.93,41.91,23
2023-05-09 16:32:00,2100,41.9146,41.92,41.89,41.93,41.89,39
2023-05-09 16:33:00,3955,41.8921,41.91,41.89,41.91,41.87,65
2023-05-09 16:34:00,2187,41.9004,41.9,41.915,41.915,41.9,30
2023-05-09 16:35:00,4178,41.9293,41.915,41.96,41.99,41.895,57
2023-05-09 16:36:00,5132,41.948,41.96,41.96,41.985,41.95,44
2023-05-09 16:37:00,3378,41.9845,41.97,42.0,42.0,41.96,49
2023-05-09 16:38:00,909,42.0081,42.01,42.0,42.01,42.0,25
2023-05-09 16:39:00,4993,42.009,42.005,42.01,42.02,41.99,86
2023-05-09 16:40:00,3850,41.9944,42.015,41.97,42.015,41.96,58
2023-05-09 16:41:00,2354,41.9765,41.97,41.975,41.99,41.955,36
2023-05-09 16:42:00,705,41.9684,41.975,41.96,41.975,41.96,10
2023-05-09 16:43:00,3250,41.9654,41.96,41.97,41.98,41.955,53
2023-05-09 16:44:00,4026,41.9802,41.97,41.98,41.99,41.96,59
2023-05-09 16:45:00,1438,41.9742,41.97,41.97,41.97,41.97,27
2023-05-09 16:46:00,4050,41.9227,41.97,41.9,41.97,41.88,67
2023-05-09 16:47:00,5065,41.9158,41.905,41.95,41.95,41.9,49
2023-05-09 16:48:00,2278,41.9956,41.97,42.02,42.02,41.97,42
2023-05-09 16:49:00,4583,42.011,42.02,42.01,42.025,42.0,66
2023-05-09 16:50:00,3090,42.0231,42.015,42.045,42.06,41.99,45
2023-05-09 16:51:00,1706,42.0321,42.05,42.02,42.05,42.02,33
2023-05-09 16:52:00,4790,42.014,42.015,42.02,42.02,42.01,56
2023-05-09 16:53:00,2803,41.9903,42.01,41.97,42.01,41.97,48
2023-05-09 16:54:00,5123,41.9837,41.97,42.0,42.0,41.96,49
2023-05-09 16:55:00,1523,42.0061,42.01,42.0,42.01,42.0,23
2023-05-09 16:56:00,2027,42.0272,42.01,42.03,42.03,42.01,35
2023-05-09 16:57:00,4916,42.0044,42.03,41.98,42.05,41.96,64
2023-05-09 16:58:00,3546,41.9557,41.97,41.94,41.97,41.94,49
2023-05-09 17:00:00,3299,41.9455,41.94,41.95,41.95,41.94,59
2023-05-09 17:01:00,2626,41.9529,41.95,41.95,41.965,41.94,37
2023-05-09 17:02:00,4045,41.9722,41.96,41.97,41.98,41.96,57
2023-05-09 17:03:00,4090,41.9281,41.97,41.935,41.97,41.89,49
2023-05-09 17:04:00,3019,41.9517,41.935,41.96,41.99,41.935,51
2023-05-09 17:05:00,3093,41.9575,41.955,41.96,41.97,41.94,42
2023-05-09 17:06:00,2969,41.9863,41.96,42.02,42.02,41.96,47
2023-05-09 17:07:00,3341,42.0109,42.02,42.02,42.02,42.0,65
2023-05-09 17:08:00,2499,42.0894,42.03,42.12,42.13,42.015,38
2023-05-09 17:09:00,4573,42.1268,42.14,42.11,42.15,42.11,54
2023-05-09 17:10:00,5714,42.0686,42.1,42.08,42.1,42.04,85
2023-05-09 17:11:00,2190,42.0824,42.07,42.11,42.11,42.06,24
2023-05-09 17:12:00,3298,42.0954,42.105,42.075,42.11,42.075,52
2023-05-09 17:13:00,2842,42.0635,42.06,42.06,42.08,42.06,42
2023-05-09 17:14:00,2776,42.0746,42.06,42.09,42.1,42.06,41
2023-05-09 17:15:00,3132,42.0634,42.08,42.05,42.08,42.05,43
2023-05-09 17:16:00,2898,42.0114,42.05,41.99,42.05,41.99,53
2023-05-09 17:17:00,2785,42.0041,42.0,42.0,42.015,42.0,35
2023-05-09 17:18:00,2051,42.0056,42.0,42.0,42.01,42.0,31
2023-05-09 17:19:00,3179,41.9989,42.0,41.99,42.005,41.99,48
2023-05-09 17:20:00,2651,42.0092,42.0,42.015,42.025,42.0,44
2023-05-09 17:21:00,3207,42.0221,42.0,42.05,42.06,42.0,52
2023-05-09 17:22:00,3323,42.0403,42.045,42.05,42.055,42.03,48
2023-05-09 17:23:00,1367,42.0601,42.08,42.05,42.08,42.05,20
2023-05-09 17:24:00,4875,42.0951,42.06,42.11,42.125,42.05,64
2023-05-09 17:25:00,1801,42.1128,42.105,42.13,42.13,42.105,31
2023-05-09 17:26:00,3564,42.0871,42.12,42.08,42.12,42.08,53
2023-05-09 17:27:00,2881,42.079,42.09,42.07,42.09,42.07,51
2023-05-09 17:29:00,4926,42.08,42.09,42.07,42.1,42.07,90
2023-05-09 17:30:00,2080,42.0806,42.08,42.065,42.09,42.065,52
2023-05-09 17:31:00,2308,42.0538,42.06,42.06,42.06,42.03,32
2023-05-09 17:32:00,2777,42.0827,42.08,42.1,42.1,42.07,54
2023-05-09 17:33:00,1689,42.1124,42.11,42.12,42.12,42.1,38
2023-05-09 17:34:00,3234,42.1123,42.12,42.11,42.12,42.105,28
2023-05-09 17:35:00,3122,42.1235,42.115,42.14,42.15,42.115,46
2023-05-09 17:36:00,1326,42.1316,42.135,42.125,42.135,42.125,18
2023-05-09 17:37:00,3071,42.1056,42.13,42.07,42.13,42.07,41
2023-05-09 17:38:00,2732,42.0673,42.07,42.065,42.07,42.05,44
2023-05-09 17:39:00,3263,42.0745,42.065,42.07,42.08,42.065,37
2023-05-09 17:40:00,1405,42.0711,42.07,42.07,42.08,42.065,26
2023-05-09 17:41:00,1683,42.089,42.08,42.1,42.1,42.08,34
2023-05-09 17:42:00,1946,42.0962,42.09,42.09,42.1,42.09,29
2023-05-09 17:43:00,2586,42.0807,42.09,42.06,42.09,42.06,36
2023-05-09 17:44:00,3459,42.0676,42.065,42.08,42.08,42.05,64
2023-05-09 17:45:00,3225,42.1205,42.1,42.115,42.13,42.1,43
2023-05-09 17:46:00,1188,42.0915,42.1,42.08,42.1,42.08,26
2023-05-09 17:47:00,1023,42.054,42.06,42.05,42.06,42.05,18
2023-05-09 17:48:00,2625,42.0448,42.04,42.04,42.055,42.04,41
2023-05-09 17:49:00,3790,42.0364,42.02,42.05,42.05,42.02,51
2023-05-09 17:50:00,2330,42.0751,42.065,42.08,42.08,42.06,38
2023-05-09 17:51:00,1038,42.1042,42.1,42.1,42.1,42.1,23
2023-05-09 17:52:00,3045,42.0867,42.12,42.05,42.12,42.05,50
2023-05-09 17:53:00,1381,42.0828,42.07,42.09,42.105,42.07,29
2023-05-09 17:54:00,1781,42.0968,42.09,42.09,42.11,42.09,36
2023-05-09 17:55:00,1862,42.0624,42.07,42.065,42.07,42.06,31
2023-05-09 17:56:00,3039,42.0774,42.07,42.08,42.09,42.07,33
2023-05-09 17:57:00,2529,42.0784,42.07,42.06,42.09,42.06,52
2023-05-09 17:58:00,1867,42.0585,42.04,42.06,42.07,42.04,31
2023-05-09 17:59:00,2049,42.0545,42.07,42.05,42.07,42.035,43
2023-05-09 18:00:00,1210,42.0383,42.04,42.04,42.04,42.04,33
2023-05-09 18:01:00,1547,42.0476,42.045,42.05,42.05,42.045,32
2023-05-09 18:02:00,1806,42.0612,42.05,42.06,42.07,42.05,43
2023-05-09 18:03:00,1764,42.0466,42.06,42.05,42.06,42.04,38
2023-05-09 18:04:00,2061,42.0237,42.03,42.01,42.04,42.01,35
2023-05-09 18:05:00,3416,42.0377,42.03,42.04,42.05,42.02,46
2023-05-09 18:06:00,4099,42.0571,42.05,42.065,42.07,42.05,38
2023-05-09 18:07:00,3416,42.057,42.05,42.085,42.085,42.045,51
2023-05-09 18:08:00,1733,42.073,42.07,42.08,42.08,42.06,30
2023-05-09 18:09:00,2244,42.0921,42.0812,42.11,42.11,42.08,46
2023-05-09 18:10:00,1534,42.1299,42.13,42.12,42.14,42.12,33
2023-05-09 18:11:00,1887,42.1054,42.12,42.1,42.12,42.1,44
2023-05-09 18:12:00,2830,42.1069,42.08,42.105,42.13,42.08,55
2023-05-09 18:13:00,1692,42.1015,42.1,42.11,42.11,42.09,27
2023-05-09 18:14:00,1285,42.1004,42.1,42.105,42.105,42.1,25
2023-05-09 18:15:00,1459,42.0941,42.1,42.09,42.11,42.08,32
2023-05-09 18:16:00,6261,42.0941,42.085,42.095,42.105,42.085,59
2023-05-09 18:17:00,2688,42.1236,42.1,42.12,42.14,42.1,44
2023-05-09 18:18:00,2326,42.1131,42.115,42.13,42.13,42.1,37
2023-05-09 18:19:00,2434,42.1075,42.14,42.1,42.14,42.095,33
2023-05-09 18:20:00,1160,42.0776,42.09,42.08,42.09,42.075,26
2023-05-09 18:21:00,2895,42.0933,42.09,42.11,42.11,42.09,35
2023-05-09 18:22:00,1754,42.1151,42.11,42.12,42.12,42.11,42
2023-05-09 18:23:00,1581,42.1371,42.12,42.16,42.16,42.12,31
2023-05-09 18:24:00,2780,42.1487,42.17,42.12,42.17,42.12,37
2023-05-09 18:25:00,2726,42.134,42.11,42.13,42.15,42.11,46
2023-05-09 18:27:00,4610,42.1146,42.12,42.1,42.12,42.1,38
2023-05-09 18:28:00,2636,42.1087,42.12,42.11,42.12,42.1,37
2023-05-09 18:29:00,2248,42.114,42.12,42.09,42.13,42.09,40
2023-05-09 18:30:00,2494,42.1098,42.1,42.1,42.125,42.1,38
2023-05-09 18:31:00,2401,42.1056,42.1,42.1,42.115,42.1,35
2023-05-09 18:32:00,2252,42.0966,42.09,42.0975,42.11,42.09,34
2023-05-09 18:33:00,1581,42.1123,42.11,42.11,42.13,42.09,37
2023-05-09 18:34:00,1752,42.1286,42.105,42.14,42.14,42.105,25
2023-05-09 18:35:00,2686,42.1694,42.15,42.17,42.19,42.15,56
2023-05-09 18:36:00,2800,42.1707,42.18,42.135,42.18,42.135,42
2023-05-09 18:37:00,1821,42.1491,42.135,42.145,42.16,42.135,30
2023-05-09 18:38:00,2170,42.1361,42.14,42.13,42.14,42.13,27
2023-05-09 18:39:00,2274,42.1405,42.13,42.17,42.17,42.12,38
2023-05-09 18:40:00,3570,42.1462,42.16,42.15,42.18,42.15,26
2023-05-09 18:41:00,1603,42.1462,42.14,42.145,42.16,42.135,21
2023-05-09 18:42:00,2390,42.1472,42.135,42.155,42.155,42.135,35
2023-05-09 18:43:00,1755,42.1428,42.14,42.14,42.16,42.14,24
2023-05-09 18:44:00,3075,42.1513,42.13,42.155,42.165,42.13,34
2023-05-09 18:45:00,858,42.1618,42.165,42.16,42.165,42.16,20
2023-05-09 18:46:00,1747,42.1592,42.155,42.16,42.165,42.155,25
2023-05-09 18:47:00,2560,42.1526,42.16,42.15,42.16,42.145,40
2023-05-09 18:48:00,2369,42.1665,42.15,42.17,42.18,42.15,39
2023-05-09 18:49:00,2735,42.1638,42.17,42.165,42.17,42.15,44
2023-05-09 18:50:00,5053,42.154,42.16,42.16,42.16,42.14,45
2023-05-09 18:51:00,2201,42.1757,42.15,42.18,42.2,42.15,39
2023-05-09 18:52:00,2395,42.1659,42.17,42.17,42.18,42.15,36
2023-05-09 18:53:00,2528,42.1541,42.15,42.15,42.16,42.14,42
2023-05-09 18:54:00,2009,42.1269,42.14,42.13,42.14,42.11,38
2023-05-09 18:55:00,1362,42.1331,42.125,42.135,42.14,42.125,29
2023-05-09 18:56:00,1137,42.1447,42.15,42.15,42.15,42.14,22
2023-05-09 18:57:00,2658,42.1576,42.14,42.15,42.17,42.14,40
2023-05-09 18:58:00,997,42.145,42.15,42.14,42.15,42.14,20
2023-05-09 18:59:00,2070,42.1616,42.14,42.19,42.19,42.14,31
2023-05-09 19:00:00,5635,42.1729,42.19,42.2,42.2,42.185,36
2023-05-09 19:01:00,2009,42.2075,42.19,42.21,42.23,42.19,34
2023-05-09 19:02:00,2101,42.2027,42.21,42.195,42.21,42.19,26
2023-05-09 19:03:00,3566,42.2149,42.19,42.24,42.24,42.19,45
2023-05-09 19:04:00,5477,42.229,42.23,42.23,42.25,42.22,56
2023-05-09 19:05:00,1769,42.2204,42.2275,42.23,42.23,42.22,41
2023-05-09 19:06:00,1652,42.194,42.21,42.18,42.21,42.18,34
2023-05-09 19:07:00,4323,42.1789,42.18,42.185,42.19,42.17,64
2023-05-09 19:08:00,2449,42.1718,42.18,42.1675,42.18,42.16,38
2023-05-09 19:09:00,2003,42.169,42.17,42.17,42.17,42.17,33
2023-05-09 19:10:00,1877,42.1516,42.16,42.14,42.16,42.14,32
2023-05-09 19:11:00,1692,42.1356,42.14,42.12,42.145,42.12,33
2023-05-09 19:12:00,4297,42.1292,42.13,42.15,42.15,42.11,69
2023-05-09 19:13:00,2016,42.1442,42.14,42.15,42.15,42.13,32
2023-05-09 19:14:00,7374,42.1424,42.14,42.12,42.14,42.1,51
2023-05-09 19:15:00,1456,42.1004,42.11,42.09,42.11,42.09,35
2023-05-09 19:16:00,2192,42.0811,42.085,42.09,42.09,42.08,65
2023-05-09 19:17:00,2336,42.0606,42.07,42.04,42.07,42.04,40
2023-05-09 19:19:00,2975,42.0401,42.045,42.03,42.05,42.02,50
2023-05-09 19:20:00,5600,42.0222,42.02,42.02,42.04,42.01,97
2023-05-09 19:21:00,5913,42.0017,42.01,42.0,42.01,41.99,75
2023-05-09 19:22:00,2500,41.9693,41.99,41.945,41.99,41.945,42
2023-05-09 19:23:00,3471,41.9611,41.96,41.98,41.98,41.94,56
2023-05-09 19:24:00,30155,41.9789,41.97,42.025,42.03,41.97,68
2023-05-09 19:25:00,6869,42.0131,42.03,41.97,42.04,41.97,107
2023-05-09 19:26:00,4626,41.9809,41.97,42.0,42.0,41.97,74
2023-05-09 19:27:00,2111,41.9713,41.98,41.95,41.99,41.95,46
2023-05-09 19:28:00,2230,41.9547,41.95,41.95,41.96,41.945,43
2023-05-09 19:29:00,1143,41.9553,41.9575,41.95,41.96,41.95,33
2023-05-09 19:30:00,8590,41.9878,41.96,41.999,42.019,41.96,81
2023-05-09 19:31:00,3850,41.9869,41.999,41.97,42.0,41.97,77
2023-05-09 19:32:00,3592,41.9741,41.97,41.98,41.985,41.96,66
2023-05-09 19:33:00,2499,41.9968,41.98,42.015,42.015,41.97,34
2023-05-09 19:34:00,3820,42.0067,42.02,42.0,42.02,41.9925,54
2023-05-09 19:35:00,3534,41.9935,42.0,42.005,42.005,41.98,51
2023-05-09 19:36:00,2062,42.0098,42.01,42.01,42.02,42.01,55
2023-05-09 19:37:00,5476,41.9895,42.01,41.98,42.01,41.97,86
2023-05-09 19:38:00,5394,41.9832,41.96,41.98,42.0,41.96,89
2023-05-09 19:39:00,6327,41.9921,41.98,41.95,42.0,41.95,86
2023-05-09 19:40:00,10077,41.9872,41.965,41.99,42.0,41.965,76
2023-05-09 19:41:00,5968,41.9781,41.98,41.98,41.99,41.965,83
2023-05-09 19:42:00,2066,41.9714,41.97,41.97,41.98,41.97,33
2023-05-09 19:43:00,9714,41.9805,41.97,41.99,42.0,41.97,147
2023-05-09 19:44:00,5832,41.9772,42.0,41.94,42.0,41.94,110
2023-05-09 19:45:00,4311,41.9581,41.94,41.95,41.975,41.94,75
2023-05-09 19:46:00,3708,41.9682,41.95,41.98,41.985,41.95,68
2023-05-09 19:47:00,5113,41.991,41.99,41.995,42.01,41.98,75
2023-05-09 19:48:00,16881,41.9989,41.995,41.985,42.01,41.98,151
2023-05-09 19:49:00,10055,42.0029,41.99,42.01,42.01,41.99,183
2023-05-09 19:50:00,12764,42.0033,42.02,41.955,42.03,41.955,177
2023-05-09 19:51:00,9926,41.9843,41.96,42.0,42.01,41.955,145
2023-05-09 19:52:00,8123,41.9992,42.0,42.0,42.005,41.99,109
2023-05-09 19:53:00,23404,42.0015,41.99,41.98,42.02,41.98,280
2023-05-09 19:54:00,22163,42.0212,41.99,41.99,42.08,41.97,247
2023-05-09 19:55:00,25106,41.9289,41.99,41.91,41.99,41.91,309
2023-05-09 19:56:00,35436,41.9118,41.915,41.9,41.92,41.9,369
2023-05-09 19:57:00,23185,41.9065,41.905,41.93,41.94,41.88,295
2023-05-09 19:58:00,20981,41.95,41.94,41.969,41.97,41.93,269
2023-05-09 19:59:00,62729,42.0057,41.96,42.01,42.04,41.96,493
2023-05-09 20:00:00,10290,42.01,42.01,42.01,42.01,42.01,9
2023-05-09 20:01:00,14000,41.9845,41.9845,41.9845,41.9845,41.9845,1
2023-05-10 13:28:00,1003,42.0282,42.06,42.01,42.06,42.0,10
2023-05-10 13:30:00,83845,41.7768,41.88,41.205,42.0,41.18,264
2023-05-10 13:31:00,6481,41.2867,41.245,41.33,41.34,41.21,78
2023-05-10 13:32:00,7250,41.4011,41.265,41.55,41.55,41.26,111
2023-05-10 13:33:00,9290,41.6821,41.67,41.65,41.77,41.62,85
2023-05-10 13:34:00,10824,41.6288,41.61,41.66,41.68,41.52,158
2023-05-10 13:35:00,8083,41.7353,41.7,41.76,41.79,41.69,102
2023-05-10 13:36:00,3316,41.6889,41.69,41.715,41.715,41.67,32
2023-05-10 13:37:00,20223,41.7113,41.75,41.78,41.79,41.65,245
2023-05-10 13:38:00,5106,41.7571,41.75,41.76,41.81,41.7,82
2023-05-10 13:39:00,1173,41.7589,41.77,41.74,41.77,41.74,18
2023-05-10 13:40:00,16460,41.7909,41.735,41.835,41.84,41.735,207
2023-05-10 13:41:00,9494,41.8087,41.87,41.81,41.87,41.76,103
2023-05-10 13:42:00,40595,41.7788,41.8,41.74,41.84,41.685,329
2023-05-10 13:43:00,31770,41.7164,41.745,41.705,41.75,41.69,258
2023-05-10 13:44:00,7672,41.7153,41.705,41.715,41.73,41.7,72
2023-05-10 13:45:00,16741,41.7277,41.72,41.725,41.75,41.7,205
2023-05-10 13:46:00,21315,41.759,41.71,41.82,41.82,41.71,292
2023-05-10 13:47:00,13801,41.8605,41.83,41.89,41.9,41.825,201
2023-05-10 13:48:00,9351,41.8593,41.9,41.805,41.92,41.78,128
2023-05-10 13:49:00,24778,41.811,41.82,41.78,41.84,41.76,247
2023-05-10 13:50:00,9646,41.7817,41.78,41.81,41.81,41.76,131
2023-05-10 13:51:00,11852,41.8021,41.81,41.8,41.83,41.77,180
2023-05-10 13:52:00,5756,41.7975,41.81,41.79,41.81,41.78,57
2023-05-10 13:53:00,12124,41.7958,41.8,41.8,41.82,41.77,164
2023-05-10 13:54:00,19187,41.754,41.78,41.74,41.79,41.71,200
2023-05-10 13:55:00,11683,41.7228,41.74,41.7304,41.77,41.675,157
2023-05-10 13:56:00,12148,41.7055,41.76,41.71,41.76,41.67,137
2023-05-10 13:57:00,20325,41.7301,41.71,41.725,41.78,41.7,274
2023-05-10 13:58:00,17775,41.7139,41.74,41.72,41.77,41.68,266
2023-05-10 13:59:00,9800,41.7243,41.73,41.74,41.74,41.71,132
2023-05-10 14:00:00,21295,41.7215,41.74,41.755,41.76,41.695,261
2023-05-10 14:01:00,13212,41.7713,41.75,41.74,41.815,41.74,154
2023-05-10 14:02:00,14697,41.6918,41.73,41.67,41.735,41.64,200
2023-05-10 14:03:00,35395,41.6457,41.66,41.655,41.67,41.625,448
2023-05-10 14:04:00,9973,41.6884,41.665,41.72,41.73,41.66,140
2023-05-10 14:05:00,14785,41.6758,41.71,41.71,41.71,41.65,196
2023-05-10 14:06:00,31862,41.7336,41.7,41.66,41.76,41.66,75
2023-05-10 14:07:00,12347,41.6542,41.69,41.675,41.69,41.621,141
2023-05-10 14:08:00,6755,41.7058,41.67,41.71,41.74,41.67,90
2023-05-10 14:09:00,6056,41.6775,41.69,41.59,41.7,41.59,86
2023-05-10 14:10:00,25886,41.5582,41.57,41.64,41.68,41.515,292
2023-05-10 14:11:00,7281,41.6819,41.6103,41.75,41.79,41.6103,86
2023-05-10 14:12:00,10158,41.7369,41.76,41.72,41.76,41.71,160
2023-05-10 14:13:00,11912,41.7013,41.71,41.66,41.73,41.65,188
2023-05-10 14:14:00,12761,41.6618,41.66,41.71,41.72,41.601,166
2023-05-10 14:15:00,9428,41.7368,41.71,41.72,41.75,41.71,134
2023-05-10 14:16:00,7419,41.7477,41.725,41.73,41.78,41.725,83
2023-05-10 14:17:00,10802,41.7308,41.72,41.76,41.76,41.7,149
2023-05-10 14:18:00,85365,41.6475,41.73,41.76,41.76,41.56,614
2023-05-10 14:19:00,7188,41.6926,41.77,41.66,41.77,41.64,134
2023-05-10 14:20:00,8479,41.7067,41.68,41.75,41.75,41.68,103
2023-05-10 14:21:00,3078,41.7604,41.76,41.76,41.77,41.76,65
2023-05-10 14:22:00,9887,41.7966,41.79,41.79,41.82,41.77,133
2023-05-10 14:23:00,6743,41.781,41.76,41.78,41.805,41.76,77
2023-05-10 14:24:00,2821,41.7589,41.785,41.74,41.785,41.74,46
2023-05-10 14:25:00,7075,41.7233,41.72,41.67,41.75,41.67,123
2023-05-10 14:26:00,9288,41.6788,41.65,41.68,41.71,41.625,101
2023-05-10 14:27:00,16097,41.7082,41.685,41.78,41.81,41.675,75
2023-05-10 14:28:00,18157,41.7073,41.775,41.72,41.775,41.68,77
2023-05-10 14:29:00,8940,41.7314,41.74,41.74,41.76,41.7,121
2023-05-10 14:30:00,3557,41.7353,41.72,41.74,41.75,41.72,50
2023-05-10 14:31:00,7178,41.7379,41.72,41.701,41.76,41.7,104
2023-05-10 14:32:00,6931,41.7189,41.7,41.74,41.75,41.69,99
2023-05-10 14:33:00,1557,41.7219,41.72,41.72,41.74,41.71,28
2023-05-10 14:34:00,9659,41.7253,41.72,41.75,41.77,41.7,139
2023-05-10 14:35:00,8634,41.6694,41.72,41.55,41.72,41.55,114
2023-05-10 14:36:00,6698,41.5355,41.55,41.53,41.58,41.49,84
2023-05-10 14:37:00,7743,41.5085,41.53,41.525,41.53,41.47,73
2023-05-10 14:38:00,6111,41.5258,41.54,41.515,41.55,41.51,54
2023-05-10 14:39:00,16721,41.5492,41.5,41.51,41.53,41.5,148
2023-05-10 14:40:00,5029,41.5253,41.52,41.54,41.54,41.51,65
2023-05-10 14:41:00,47885,41.5766,41.535,41.475,41.535,41.46,94
2023-05-10 14:42:00,18761,41.4228,41.47,41.41,41.47,41.39,211
2023-05-10 14:43:00,8171,41.4159,41.41,41.415,41.44,41.4,96
2023-05-10 14:44:00,7520,41.4209,41.43,41.43,41.44,41.4,91
2023-05-10 14:45:00,12089,41.4254,41.44,41.42,41.45,41.385,125
2023-05-10 14:46:00,24289,41.4327,41.42,41.465,41.47,41.39,231
2023-05-10 14:47:00,9128,41.4721,41.48,41.47,41.48,41.46,96
2023-05-10 14:48:00,6574,41.4469,41.46,41.45,41.46,41.44,73
2023-05-10 14:49:00,13331,41.4281,41.44,41.43,41.44,41.4,117
2023-05-10 14:50:00,3958,41.4156,41.42,41.4,41.43,41.4,44
2023-05-10 14:51:00,27593,41.4203,41.415,41.4,41.45,41.39,289
2023-05-10 14:52:00,18486,41.3455,41.39,41.35,41.39,41.31,142
2023-05-10 14:53:00,42786,41.2984,41.34,41.27,41.34,41.245,130
2023-05-10 14:54:00,14379,41.241,41.27,41.255,41.27,41.22,178
2023-05-10 14:55:00,22234,41.1668,41.24,41.13,41.24,41.12,162
2023-05-10 14:56:00,9837,41.1584,41.13,41.185,41.19,41.13,118
2023-05-10 14:57:00,10238,41.2346,41.18,41.285,41.335,41.17,147
2023-05-10 14:58:00,12514,41.2496,41.27,41.26,41.29,41.22,134
2023-05-10 14:59:00,9598,41.281,41.26,41.315,41.315,41.25,85
2023-05-10 15:00:00,6515,41.3368,41.32,41.36,41.3675,41.31,76
2023-05-10 15:01:00,8305,41.3849,41.36,41.355,41.41,41.355,61
2023-05-10 15:02:00,20366,41.3576,41.35,41.35,41.38,41.33,177
2023-05-10 15:03:00,9508,41.3674,41.36,41.35,41.38,41.35,105
2023-05-10 15:04:00,12244,41.3706,41.36,41.37,41.39,41.34,134
2023-05-10 15:05:00,10104,41.3864,41.36,41.38,41.4,41.36,80
2023-05-10 15:06:00,4464,41.3755,41.39,41.37,41.4,41.365,76
2023-05-10 15:07:00,6193,41.4245,41.375,41.43,41.47,41.375,93
2023-05-10 15:08:00,3953,41.4157,41.42,41.41,41.43,41.39,51
2023-05-10 15:09:00,4345,41.3931,41.41,41.4,41.41,41.37,38
2023-05-10 15:10:00,7961,41.4327,41.395,41.46,41.46,41.395,81
2023-05-10 15:11:00,2149,41.429,41.45,41.405,41.45,41.405,26
2023-05-10 15:12:00,11230,41.4029,41.42,41.41,41.42,41.38,66
2023-05-10 15:13:00,7495,41.4089,41.42,41.45,41.45,41.4,57
2023-05-10 15:14:00,2894,41.4623,41.46,41.445,41.48,41.445,46
2023-05-10 15:15:00,5568,41.4798,41.45,41.55,41.57,41.43,76
2023-05-10 15:16:00,11816,41.5755,41.57,41.59,41.6068,41.56,76
2023-05-10 15:17:00,4556,41.5828,41.58,41.6,41.6,41.56,56
2023-05-10 15:18:00,6831,41.6129,41.59,41.64,41.64,41.59,74
2023-05-10 15:19:00,5021,41.629,41.66,41.6,41.67,41.6,50
2023-05-10 15:20:00,4542,41.6161,41.6,41.615,41.63,41.6,38
2023-05-10 15:21:00,4848,41.6383,41.62,41.64,41.66,41.615,66
2023-05-10 15:22:00,1677,41.5923,41.645,41.56,41.645,41.56,32
2023-05-10 15:23:00,8338,41.5557,41.54,41.53,41.545,41.53,74
2023-05-10 15:24:00,4422,41.5164,41.52,41.53,41.53,41.51,75
2023-05-10 15:25:00,5807,41.5266,41.52,41.53,41.54,41.51,65
2023-05-10 15:26:00,2600,41.5489,41.51,41.6,41.6,41.51,32
2023-05-10 15:27:00,5534,41.5665,41.57,41.55,41.58,41.55,66
2023-05-10 15:28:00,2050,41.5406,41.55,41.53,41.55,41.53,30
2023-05-10 15:29:00,4349,41.5089,41.53,41.48,41.53,41.48,52
2023-05-10 15:30:00,5434,41.4937,41.49,41.47,41.51,41.47,69
2023-05-10 15:31:00,3464,41.4699,41.46,41.49,41.49,41.45,59
2023-05-10 15:32:00,6241,41.452,41.47,41.46,41.47,41.43,62
2023-05-10 15:33:00,9053,41.415,41.44,41.43,41.445,41.4,61
2023-05-10 15:34:00,3719,41.4516,41.44,41.49,41.49,41.43,48
2023-05-10 15:35:00,2178,41.4941,41.5,41.5,41.5,41.48,32
2023-05-10 15:36:00,2972,41.4797,41.48,41.49,41.49,41.47,38
2023-05-10 15:37:00,803,41.4673,41.47,41.48,41.48,41.47,19
2023-05-10 15:38:00,5122,41.4675,41.46,41.4501,41.48,41.4501,53
2023-05-10 15:39:00,6265,41.4614,41.451,41.48,41.49,41.451,46
2023-05-10 15:40:00,1902,41.4526,41.47,41.421,41.47,41.421,32
2023-05-10 15:41:00,2942,41.4438,41.44,41.43,41.45,41.43,39
2023-05-10 15:42:00,3849,41.4539,41.44,41.48,41.49,41.435,49
2023-05-10 15:43:00,2794,41.5093,41.5,41.51,41.53,41.5,46
2023-05-10 15:44:00,5003,41.497,41.52,41.51,41.52,41.48,41
2023-05-10 15:45:00,3636,41.4808,41.5,41.46,41.5,41.46,39
2023-05-10 15:46:00,2210,41.466,41.455,41.47,41.48,41.455,27
2023-05-10 15:47:00,2815,41.4923,41.49,41.48,41.5,41.48,30
2023-05-10 15:48:00,1248,41.4814,41.48,41.48,41.49,41.48,9
2023-05-10 15:49:00,9391,41.4966,41.48,41.52,41.53,41.48,67
2023-05-10 15:50:00,7915,41.486,41.528,41.445,41.528,41.445,44
2023-05-10 15:51:00,870,41.4378,41.445,41.43,41.445,41.43,14
2023-05-10 15:52:00,8026,41.4088,41.42,41.4,41.43,41.39,96
2023-05-10 15:53:00,6430,41.3692,41.41,41.37,41.41,41.355,70
2023-05-10 15:54:00,7543,41.3381,41.36,41.295,41.36,41.295,68
2023-05-10 15:55:00,7057,41.2899,41.295,41.34,41.34,41.27,99
2023-05-10 15:56:00,8034,41.2943,41.34,41.28,41.34,41.26,88
2023-05-10 15:57:00,6756,41.3,41.28,41.325,41.325,41.28,90
2023-05-10 15:58:00,4778,41.3514,41.33,41.36,41.37,41.33,63
2023-05-10 15:59:00,4297,41.3152,41.36,41.29,41.36,41.28,43
2023-05-10 16:00:00,38207,41.2845,41.281,41.28,41.33,41.27,218
2023-05-10 16:01:00,9149,41.3648,41.28,41.47,41.48,41.28,133
2023-05-10 16:02:00,4510,41.5012,41.49,41.48,41.52,41.48,71
2023-05-10 16:03:00,5222,41.4673,41.49,41.44,41.49,41.43,75
2023-05-10 16:04:00,7786,41.4021,41.435,41.49,41.49,41.41,76
2023-05-10 16:05:00,1401,41.4756,41.49,41.49,41.49,41.485,22
2023-05-10 16:06:00,7738,41.4795,41.48,41.49,41.501,41.45,95
2023-05-10 16:07:00,2963,41.4452,41.47,41.43,41.48,41.43,45
2023-05-10 16:08:00,1381,41.4204,41.415,41.42,41.42,41.415,18
2023-05-10 16:09:00,3314,41.4282,41.42,41.425,41.43,41.415,49
2023-05-10 16:10:00,5991,41.4166,41.425,41.425,41.425,41.401,59
2023-05-10 16:11:00,2437,41.4332,41.42,41.43,41.435,41.42,35
2023-05-10 16:12:00,4160,41.4538,41.44,41.475,41.475,41.4375,65
2023-05-10 16:13:00,2917,41.4432,41.45,41.42,41.45,41.42,49
2023-05-10 16:14:00,3112,41.4038,41.41,41.4,41.42,41.39,45
2023-05-10 16:15:00,8325,41.4105,41.39,41.42,41.42,41.37,76
2023-05-10 16:16:00,4067,41.4182,41.42,41.45,41.46,41.4,42
2023-05-10 16:17:00,1867,41.4391,41.44,41.43,41.44,41.43,25
2023-05-10 16:18:00,5208,41.4175,41.43,41.44,41.44,41.4,72
2023-05-10 16:19:00,703,41.4378,41.435,41.44,41.44,41.43,12
2023-05-10 16:20:00,5431,41.4097,41.425,41.425,41.425,41.4,82
2023-05-10 16:21:00,1065,41.4556,41.455,41.46,41.46,41.455,28
2023-05-10 16:22:00,3441,41.466,41.47,41.46,41.47,41.46,48
2023-05-10 16:23:00,4313,41.4521,41.46,41.47,41.47,41.44,64
2023-05-10 16:24:00,220,41.4555,41.46,41.45,41.46,41.45,5
2023-05-10 16:25:00,4361,41.449,41.46,41.45,41.46,41.43,68
2023-05-10 16:26:00,5496,41.4429,41.441,41.445,41.46,41.44,40
2023-05-10 16:27:00,2555,41.4593,41.45,41.485,41.485,41.45,47
2023-05-10 16:28:00,3863,41.4652,41.47,41.46,41.48,41.45,45
2023-05-10 16:29:00,3691,41.4088,41.4475,41.4,41.4475,41.39,44
2023-05-10 16:30:00,3641,41.4431,41.43,41.455,41.46,41.43,44
2023-05-10 16:31:00,2487,41.4489,41.46,41.43,41.46,41.42,31
2023-05-10 16:32:00,2921,41.4128,41.415,41.42,41.42,41.4,35
2023-05-10 16:33:00,2242,41.4155,41.4,41.42,41.42,41.4,33
2023-05-10 16:34:00,5726,41.4068,41.42,41.405,41.42,41.391,61
2023-05-10 16:35:00,1689,41.4267,41.405,41.43,41.44,41.405,22
2023-05-10 16:36:00,1471,41.4218,41.43,41.41,41.43,41.4,19
2023-05-10 16:37:00,5214,41.4027,41.415,41.395,41.42,41.395,56
2023-05-10 16:38:00,717,41.4363,41.42,41.44,41.44,41.42,8
2023-05-10 16:39:00,3029,41.43,41.43,41.43,41.45,41.42,28
2023-05-10 16:40:00,3010,41.4433,41.435,41.44,41.45,41.435,32
2023-05-10 16:41:00,3899,41.3961,41.4,41.395,41.41,41.39,27
2023-05-10 16:42:00,794,41.4111,41.395,41.415,41.415,41.395,17
2023-05-10 16:43:00,267,41.434,41.43,41.43,41.43,41.43,10
2023-05-10 16:44:00,6469,41.4165,41.43,41.41,41.435,41.41,41
2023-05-10 16:45:00,3333,41.4398,41.42,41.455,41.455,41.42,35
2023-05-10 16:46:00,1694,41.4278,41.44,41.4,41.44,41.4,20
2023-05-10 16:47:00,6010,41.4157,41.4,41.43,41.43,41.39,70
2023-05-10 16:48:00,2110,41.4251,41.43,41.41,41.43,41.41,30
2023-05-10 16:49:00,3977,41.3961,41.4,41.4,41.41,41.38,36
2023-05-10 16:50:00,2370,41.4146,41.41,41.43,41.43,41.41,35
2023-05-10 16:51:00,1865,41.4411,41.435,41.445,41.45,41.435,15
2023-05-10 16:52:00,5938,41.4577,41.445,41.48,41.485,41.44,85
2023-05-10 16:53:00,2110,41.4853,41.48,41.49,41.49,41.471,28
2023-05-10 16:54:00,5172,41.4565,41.49,41.49,41.5,41.48,33
2023-05-10 16:55:00,7193,41.4938,41.5,41.5,41.51,41.48,85
2023-05-10 16:56:00,1047,41.5193,41.51,41.53,41.53,41.51,14
2023-05-10 16:57:00,5045,41.5055,41.51,41.515,41.515,41.49,51
2023-05-10 16:58:00,1231,41.5016,41.51,41.49,41.515,41.49,14
2023-05-10 16:59:00,4972,41.4433,41.48,41.45,41.48,41.43,62
2023-05-10 17:00:00,709,41.4617,41.465,41.45,41.48,41.45,8
2023-05-10 17:01:00,2342,41.4687,41.46,41.485,41.485,41.46,30
2023-05-10 17:02:00,2435,41.4505,41.47,41.43,41.47,41.425,34
2023-05-10 17:03:00,4141,41.4334,41.43,41.44,41.455,41.41,49
2023-05-10 17:04:00,3174,41.4509,41.44,41.45,41.465,41.44,56
2023-05-10 17:05:00,2166,41.4759,41.46,41.485,41.49,41.46,37
2023-05-10 17:06:00,5655,41.4945,41.485,41.535,41.54,41.485,60
2023-05-10 17:07:00,4230,41.5239,41.54,41.53,41.54,41.51,53
2023-05-10 17:08:00,1219,41.525,41.53,41.52,41.53,41.52,20
2023-05-10 17:09:00,2251,41.4913,41.5,41.5,41.5,41.48,30
2023-05-10 17:10:00,3299,41.504,41.49,41.51,41.53,41.48,54
2023-05-10 17:11:00,4534,41.5035,41.5,41.491,41.515,41.491,54
2023-05-10 17:12:00,3181,41.52,41.5,41.53,41.54,41.5,53
2023-05-10 17:13:00,2000,41.5616,41.56,41.565,41.58,41.55,40
2023-05-10 17:14:00,2257,41.5571,41.57,41.54,41.57,41.54,33
2023-05-10 17:15:00,3332,41.5108,41.54,41.49,41.54,41.49,51
2023-05-10 17:16:00,15732,41.4287,41.48,41.38,41.48,41.38,108
2023-05-10 17:17:00,6070,41.3244,41.36,41.31,41.36,41.29,81
2023-05-10 17:18:00,3914,41.3201,41.3,41.36,41.36,41.29,51
2023-05-10 17:19:00,1715,41.3709,41.37,41.37,41.38,41.361,25
2023-05-10 17:20:00,801,41.3701,41.37,41.375,41.38,41.355,9
2023-05-10 17:21:00,2937,41.3323,41.375,41.3,41.375,41.3,38
2023-05-10 17:22:00,1726,41.3041,41.3,41.31,41.32,41.295,17
2023-05-10 17:23:00,1448,41.3242,41.31,41.33,41.33,41.31,26
2023-05-10 17:24:00,3208,41.3109,41.33,41.3,41.34,41.3,28
2023-05-10 17:25:00,2410,41.3075,41.281,41.345,41.345,41.281,27
2023-05-10 17:26:00,3190,41.3465,41.345,41.33,41.345,41.33,18
2023-05-10 17:27:00,1606,41.3303,41.32,41.33,41.34,41.32,23
2023-05-10 17:28:00,4798,41.3202,41.33,41.31,41.335,41.3,57
2023-05-10 17:29:00,3078,41.3197,41.3,41.34,41.34,41.3,36
2023-05-10 17:30:00,3087,41.3097,41.33,41.3,41.33,41.29,18
2023-05-10 17:31:00,715,41.3114,41.31,41.31,41.32,41.31,11
2023-05-10 17:32:00,2614,41.3163,41.32,41.335,41.335,41.31,42
2023-05-10 17:33:00,1736,41.3373,41.33,41.34,41.34,41.33,28
2023-05-10 17:34:00,454,41.3391,41.33,41.345,41.345,41.33,10
2023-05-10 17:35:00,2820,41.3559,41.36,41.37,41.37,41.34,50
2023-05-10 17:36:00,3844,41.363,41.37,41.34,41.39,41.33,61
2023-05-10 17:37:00,3491,41.3115,41.31,41.32,41.325,41.3,47
2023-05-10 17:38:00,4392,41.3073,41.3,41.26,41.31,41.26,28
2023-05-10 17:39:00,1646,41.244,41.25,41.23,41.25,41.23,23
2023-05-10 17:40:00,4348,41.2636,41.245,41.28,41.29,41.245,66
2023-05-10 17:41:00,931,41.3117,41.295,41.32,41.32,41.295,15
2023-05-10 17:42:00,2972,41.3404,41.33,41.33,41.36,41.325,44
2023-05-10 17:43:00,1764,41.3328,41.32,41.36,41.36,41.32,26
2023-05-10 17:44:00,2681,41.3249,41.35,41.32,41.35,41.32,32
2023-05-10 17:45:00,4308,41.3293,41.32,41.33,41.34,41.32,54
2023-05-10 17:46:00,1315,41.3483,41.34,41.38,41.38,41.34,18
2023-05-10 17:47:00,5178,41.3599,41.35,41.38,41.38,41.34,68
2023-05-10 17:48:00,596,41.4058,41.41,41.42,41.42,41.41,11
2023-05-10 17:49:00,1462,41.4255,41.42,41.43,41.435,41.42,20
2023-05-10 17:50:00,4401,41.4123,41.42,41.431,41.431,41.4,53
2023-05-10 17:51:00,3824,41.455,41.44,41.48,41.48,41.44,44
2023-05-10 17:52:00,1117,41.4985,41.48,41.505,41.505,41.48,15
2023-05-10 17:53:00,2060,41.4913,41.49,41.48,41.5,41.48,29
2023-05-10 17:54:00,2560,41.4731,41.48,41.45,41.48,41.45,40
2023-05-10 17:55:00,6547,41.45,41.435,41.44,41.475,41.435,58
2023-05-10 17:56:00,1438,41.4335,41.43,41.431,41.44,41.42,22
2023-05-10 17:57:00,2730,41.4362,41.44,41.42,41.445,41.42,26
2023-05-10 17:58:00,4283,41.4377,41.425,41.45,41.45,41.425,56
2023-05-10 17:59:00,3115,41.4517,41.47,41.45,41.47,41.45,14
2023-05-10 18:00:00,1650,41.4771,41.47,41.48,41.48,41.47,27
2023-05-10 18:01:00,2512,41.4733,41.49,41.45,41.49,41.45,32
2023-05-10 18:02:00,439,41.4369,41.45,41.43,41.45,41.425,9
2023-05-10 18:03:00,4597,41.4582,41.445,41.5,41.5,41.445,56
2023-05-10 18:04:00,1238,41.4902,41.49,41.48,41.5,41.48,15
2023-05-10 18:05:00,4214,41.4787,41.49,41.49,41.49,41.46,54
2023-05-10 18:06:00,4401,41.4869,41.49,41.48,41.505,41.48,42
2023-05-10 18:07:00,3416,41.5058,41.485,41.53,41.53,41.485,29
2023-05-10 18:08:00,1706,41.5371,41.535,41.535,41.55,41.535,18
2023-05-10 18:09:00,1374,41.5301,41.521,41.53,41.54,41.52,17
2023-05-10 18:10:00,4104,41.5671,41.54,41.59,41.59,41.54,53
2023-05-10 18:11:00,3400,41.5338,41.6,41.59,41.6,41.58,13
2023-05-10 18:12:00,1764,41.6149,41.6,41.62,41.63,41.6,24
2023-05-10 18:13:00,3527,41.6116,41.62,41.605,41.62,41.6,32
2023-05-10 18:14:00,3715,41.6014,41.605,41.61,41.61,41.591,41
2023-05-10 18:15:00,3551,41.6695,41.63,41.67,41.69,41.63,42
2023-05-10 18:16:00,3075,41.6668,41.665,41.67,41.675,41.65,25
2023-05-10 18:17:00,4339,41.6598,41.66,41.685,41.685,41.65,73
2023-05-10 18:18:00,2248,41.6929,41.68,41.71,41.715,41.68,31
2023-05-10 18:19:00,2720,41.6856,41.69,41.67,41.71,41.67,32
2023-05-10 18:20:00,3435,41.6673,41.68,41.67,41.68,41.661,24
2023-05-10 18:21:00,5167,41.6612,41.67,41.615,41.67,41.615,70
2023-05-10 18:22:00,2915,41.6277,41.62,41.63,41.65,41.62,25
2023-05-10 18:23:00,4962,41.6277,41.63,41.62,41.64,41.615,39
2023-05-10 18:24:00,2573,41.648,41.63,41.665,41.665,41.63,26
2023-05-10 18:25:00,2941,41.6649,41.68,41.66,41.68,41.66,25
2023-05-10 18:26:00,4545,41.6596,41.65,41.65,41.68,41.64,54
2023-05-10 18:27:00,1939,41.638,41.65,41.62,41.65,41.62,19
2023-05-10 18:28:00,5133,41.6277,41.615,41.67,41.67,41.61,57
2023-05-10 18:29:00,2893,41.6239,41.65,41.6,41.65,41.6,32
2023-05-10 18:30:00,9592,41.593,41.6,41.555,41.61,41.55,86
2023-05-10 18:31:00,17757,41.5196,41.54,41.52,41.55,41.5,88
2023-05-10 18:32:00,3571,41.5506,41.535,41.565,41.565,41.53,41
2023-05-10 18:33:00,1700,41.5797,41.57,41.58,41.58,41.57,20
2023-05-10 18:34:00,4502,41.5827,41.58,41.605,41.605,41.57,61
2023-05-10 18:35:00,2104,41.6299,41.6,41.62,41.65,41.6,24
2023-05-10 18:36:00,1285,41.6275,41.63,41.63,41.64,41.625,12
2023-05-10 18:37:00,2776,41.619,41.625,41.62,41.63,41.61,26
2023-05-10 18:38:00,5145,41.6076,41.61,41.62,41.62,41.59,53
2023-05-10 18:39:00,1653,41.6315,41.62,41.64,41.64,41.62,29
2023-05-10 18:40:00,2871,41.6393,41.63,41.64,41.65,41.63,52
2023-05-10 18:41:00,5808,41.6212,41.65,41.62,41.65,41.61,78
2023-05-10 18:42:00,2238,41.6333,41.62,41.65,41.65,41.62,33
2023-05-10 18:43:00,2323,41.6602,41.63,41.66,41.675,41.63,27
2023-05-10 18:44:00,2266,41.6619,41.66,41.655,41.675,41.655,53
2023-05-10 18:45:00,2748,41.6689,41.67,41.66,41.68,41.65,27
2023-05-10 18:46:00,4546,41.6436,41.65,41.65,41.65,41.63,53
2023-05-10 18:47:00,3257,41.6464,41.63,41.66,41.66,41.63,37
2023-05-10 18:48:00,7099,41.6422,41.66,41.62,41.66,41.61,61
2023-05-10 18:49:00,3292,41.63,41.63,41.64,41.645,41.62,24
2023-05-10 18:50:00,3932,41.6409,41.63,41.66,41.66,41.62,60
2023-05-10 18:51:00,7509,41.6845,41.66,41.695,41.7,41.66,69
2023-05-10 18:52:00,2213,41.6882,41.695,41.69,41.695,41.68,25
2023-05-10 18:53:00,3328,41.7047,41.7,41.72,41.72,41.69,43
2023-05-10 18:54:00,3796,41.7043,41.71,41.71,41.72,41.695,34
2023-05-10 18:55:00,7944,41.7284,41.72,41.73,41.745,41.71,42
2023-05-10 18:56:00,1821,41.7662,41.76,41.77,41.775,41.76,27
2023-05-10 18:57:00,3906,41.7905,41.78,41.76,41.81,41.76,53
2023-05-10 18:58:00,1372,41.766,41.76,41.775,41.775,41.76,14
2023-05-10 18:59:00,7827,41.7479,41.775,41.74,41.78,41.72,83
2023-05-10 19:00:00,3026,41.7511,41.75,41.75,41.76,41.75,41
2023-05-10 19:01:00,1313,41.771,41.76,41.78,41.78,41.76,19
2023-05-10 19:02:00,3028,41.7885,41.785,41.785,41.795,41.78,31
2023-05-10 19:03:00,4831,41.7675,41.78,41.77,41.78,41.75,79
2023-05-10 19:04:00,5315,41.7627,41.76,41.75,41.785,41.75,44
2023-05-10 19:05:00,2401,41.7694,41.76,41.78,41.78,41.76,32
2023-05-10 19:06:00,5090,41.7532,41.77,41.75,41.77,41.74,60
2023-05-10 19:07:00,3028,41.757,41.75,41.785,41.795,41.74,24
2023-05-10 19:08:00,1880,41.7908,41.795,41.79,41.795,41.78,24
2023-05-10 19:09:00,3363,41.8045,41.8,41.81,41.81,41.8,28
2023-05-10 19:10:00,3032,41.8185,41.81,41.82,41.83,41.81,31
2023-05-10 19:11:00,3808,41.8025,41.815,41.79,41.815,41.79,45
2023-05-10 19:12:00,2398,41.8058,41.8,41.81,41.82,41.795,34
2023-05-10 19:13:00,5864,41.8024,41.815,41.795,41.82,41.78,73
2023-05-10 19:14:00,6546,41.7853,41.795,41.76,41.8,41.76,50
2023-05-10 19:15:00,5774,41.7344,41.73,41.74,41.74,41.715,44
2023-05-10 19:16:00,506,41.7358,41.73,41.73,41.74,41.73,6
2023-05-10 19:17:00,1349,41.7165,41.735,41.71,41.735,41.7,25
2023-05-10 19:18:00,5129,41.7013,41.7,41.68,41.72,41.67,71
2023-05-10 19:19:00,3349,41.6981,41.68,41.705,41.71,41.68,43
2023-05-10 19:20:00,5774,41.7275,41.71,41.725,41.745,41.71,63
2023-05-10 19:21:00,4260,41.7395,41.74,41.765,41.765,41.73,39
2023-05-10 19:22:00,3526,41.7782,41.76,41.795,41.795,41.76,33
2023-05-10 19:23:00,3222,41.7994,41.8,41.8077,41.8077,41.79,33
2023-05-10 19:24:00,2020,41.805,41.805,41.805,41.805,41.805,8
2023-05-10 19:25:00,7830,41.7659,41.805,41.75,41.805,41.75,53
2023-05-10 19:26:00,5357,41.7813,41.76,41.79,41.8,41.76,48
2023-05-10 19:27:00,3138,41.8036,41.795,41.83,41.83,41.795,46
2023-05-10 19:28:00,3445,41.8163,41.83,41.79,41.83,41.79,36
2023-05-10 19:29:00,4214,41.776,41.79,41.78,41.79,41.76,49
2023-05-10 19:30:00,3819,41.7791,41.78,41.78,41.79,41.77,57
2023-05-10 19:31:00,6479,41.7815,41.76,41.8,41.8,41.76,76
2023-05-10 19:32:00,1587,41.8053,41.8,41.8,41.81,41.8,14
2023-05-10 19:33:00,3987,41.8217,41.8,41.835,41.84,41.8,51
2023-05-10 19:34:00,4165,41.8582,41.835,41.86,41.888,41.83,57
2023-05-10 19:35:00,14191,41.8399,41.86,41.835,41.86,41.82,124
2023-05-10 19:36:00,1042,41.8346,41.84,41.85,41.85,41.82,13
2023-05-10 19:37:00,9483,41.8529,41.85,41.855,41.89,41.835,74
2023-05-10 19:38:00,6657,41.8849,41.86,41.9,41.908,41.86,87
2023-05-10 19:39:00,3538,41.92,41.9,41.915,41.93,41.9,78
2023-05-10 19:40:00,8390,41.9076,41.91,41.88,41.93,41.88,128
2023-05-10 19:41:00,5195,41.892,41.88,41.88,41.9,41.88,85
2023-05-10 19:42:00,7843,41.8584,41.89,41.83,41.89,41.83,124
2023-05-10 19:43:00,4005,41.8345,41.83,41.82,41.84,41.82,52
2023-05-10 19:44:00,136244,41.8317,41.83,41.87,41.88,41.83,117
2023-05-10 19:45:00,10397,41.8762,41.87,41.882,41.91,41.855,153
2023-05-10 19:46:00,7619,41.8868,41.9,41.88,41.91,41.87,117
2023-05-10 19:47:00,13991,41.8781,41.89,41.87,41.9,41.87,126
2023-05-10 19:48:00,9821,41.8541,41.87,41.86,41.87,41.83,133
2023-05-10 19:49:00,11890,41.8523,41.86,41.845,41.868,41.84,133
2023-05-10 19:50:00,23033,41.7996,41.84,41.79,41.845,41.765,271
2023-05-10 19:51:00,23194,41.7544,41.78,41.72,41.785,41.7,235
2023-05-10 19:52:00,20656,41.6768,41.72,41.685,41.725,41.63,253
2023-05-10 19:53:00,13886,41.698,41.7,41.705,41.72,41.68,139
2023-05-10 19:54:00,24901,41.7182,41.7,41.72,41.755,41.69,245
2023-05-10 19:55:00,24142,41.663,41.71,41.64,41.715,41.64,216
2023-05-10 19:56:00,36874,41.6371,41.64,41.655,41.67,41.61,311
2023-05-10 19:57:00,24418,41.6438,41.65,41.645,41.66,41.63,210
2023-05-10 19:58:00,45392,41.6532,41.64,41.67,41.687,41.64,362
2023-05-10 19:59:00,45056,41.6616,41.66,41.68,41.69,41.645,403
2023-05-10 20:00:00,9046,41.67,41.67,41.67,41.67,41.67,8
2023-05-11 10:31:00,48500,41.251,41.3,41.3,41.3,41.25,6
2023-05-11 13:04:00,50374,42.2354,41.87,42.25,42.25,41.87,23
2023-05-11 13:30:00,13422,41.9929,41.89,41.65,42.275,41.5,26
2023-05-11 13:31:00,2163,41.7256,41.65,41.73,41.77,41.65,28
2023-05-11 13:32:00,4814,41.8112,41.82,41.87,41.87,41.74,68
2023-05-11 13:33:00,10258,41.7716,41.87,41.84,41.87,41.7,146
2023-05-11 13:34:00,737,41.8267,41.8017,41.8,41.84,41.8,8
2023-05-11 13:35:00,4797,41.9126,41.84,41.98,41.98,41.84,53
2023-05-11 13:36:00,4030,41.9997,41.935,42.03,42.03,41.935,53
2023-05-11 13:37:00,5947,42.0126,42.01,41.93,42.07,41.93,84
2023-05-11 13:38:00,5400,41.8465,41.895,41.775,41.895,41.77,69
2023-05-11 13:39:00,8304,41.8597,41.7738,41.93,41.93,41.7738,87
2023-05-11 13:40:00,560,41.9167,41.92,41.91,41.92,41.91,11
2023-05-11 13:41:00,5028,41.9239,41.94,41.91,41.95,41.89,57
2023-05-11 13:42:00,10134,42.0176,41.95,42.18,42.18,41.95,102
2023-05-11 13:43:00,7520,42.1573,42.18,42.2,42.23,42.12,98
2023-05-11 13:44:00,1268,42.1918,42.16,42.165,42.2,42.16,27
2023-05-11 13:45:00,3052,42.199,42.21,42.21,42.22,42.1764,66
2023-05-11 13:46:00,17127,42.2477,42.19,42.29,42.38,42.19,97
2023-05-11 13:47:00,4632,42.2578,42.29,42.25,42.29,42.22,54
2023-05-11 13:48:00,2027,42.2134,42.265,42.185,42.265,42.16,26
2023-05-11 13:49:00,4865,42.0871,42.15,42.0,42.15,42.0,71
2023-05-11 13:50:00,4959,42.0966,42.06,42.145,42.2,42.05,65
2023-05-11 13:51:00,1045,42.1805,42.13,42.17,42.19,42.13,21
2023-05-11 13:52:00,3855,42.1196,42.2,42.05,42.2,42.05,55
2023-05-11 13:53:00,4695,42.0187,42.055,42.03,42.055,41.98,64
2023-05-11 13:54:00,4425,41.9889,42.07,41.96,42.07,41.955,59
2023-05-11 13:55:00,2310,41.9467,41.95,41.92,41.97,41.92,30
2023-05-11 13:56:00,3278,41.9257,41.94,41.93,41.95,41.9,45
2023-05-11 13:57:00,5568,41.9511,41.95,41.95,41.99,41.93,62
2023-05-11 13:58:00,4490,41.932,41.94,41.955,41.955,41.91,57
2023-05-11 13:59:00,6395,41.8968,41.92,41.96,41.96,41.86,82
2023-05-11 14:00:00,2195,41.965,41.95,41.99,42.01,41.95,28
2023-05-11 14:01:00,7514,42.0607,41.99,42.16,42.18,41.99,103
2023-05-11 14:02:00,4195,42.0947,42.09,42.12,42.12,42.09,48
2023-05-11 14:03:00,2113,42.1399,42.13,42.14,42.15,42.125,32
2023-05-11 14:04:00,6970,42.0968,42.15,42.045,42.15,42.03,82
2023-05-11 14:05:00,5752,42.0428,42.025,42.07,42.08,42.01,73
2023-05-11 14:06:00,4609,42.0611,42.07,42.08,42.08,42.04,64
2023-05-11 14:07:00,5901,42.0646,42.07,42.095,42.11,42.04,89
2023-05-11 14:08:00,2887,42.0974,42.095,42.11,42.11,42.07,46
2023-05-11 14:09:00,3964,42.1488,42.1273,42.18,42.18,42.1273,55
2023-05-11 14:10:00,5247,42.1914,42.19,42.22,42.24,42.17,69
2023-05-11 14:11:00,1764,42.2355,42.24,42.24,42.24,42.21,29
2023-05-11 14:12:00,11903,42.2163,42.21,42.2,42.29,42.16,144
2023-05-11 14:13:00,594,42.1948,42.2,42.18,42.21,42.18,17
2023-05-11 14:14:00,149198,42.1069,42.17,42.25,42.31,42.05,329
2023-05-11 14:15:00,15613,42.3019,42.24,42.34,42.36,42.24,246
2023-05-11 14:16:00,14944,42.3671,42.35,42.36,42.4,42.34,145
2023-05-11 14:17:00,10963,42.3415,42.36,42.37,42.38,42.32,123
2023-05-11 14:18:00,7087,42.3578,42.35,42.35,42.38,42.33,97
2023-05-11 14:19:00,3405,42.3244,42.34,42.3,42.345,42.3,54
2023-05-11 14:20:00,4376,42.3436,42.31,42.36,42.36,42.31,79
2023-05-11 14:21:00,7255,42.4006,42.37,42.39,42.44,42.37,72
2023-05-11 14:22:00,2027,42.4198,42.4,42.43,42.43,42.4,33
2023-05-11 14:23:00,1395,42.4949,42.45,42.535,42.535,42.45,32
2023-05-11 14:24:00,4880,42.585,42.56,42.635,42.66,42.56,60
2023-05-11 14:25:00,11488,42.5938,42.635,42.56,42.66,42.56,117
2023-05-11 14:26:00,4315,42.5577,42.55,42.59,42.59,42.53,87
2023-05-11 14:27:00,979,42.5961,42.605,42.59,42.605,42.59,17
2023-05-11 14:28:00,6672,42.5351,42.58,42.525,42.58,42.48,116
2023-05-11 14:29:00,5777,42.5097,42.5,42.55,42.55,42.495,63
2023-05-11 14:30:00,9112,42.4977,42.51,42.52,42.54,42.48,123
2023-05-11 14:31:00,1685,42.5453,42.53,42.58,42.58,42.53,30
2023-05-11 14:32:00,2743,42.5561,42.57,42.55,42.57,42.55,55
2023-05-11 14:33:00,3600,42.436,42.51,42.43,42.51,42.4,64
2023-05-11 14:34:00,1430,42.4454,42.45,42.43,42.45,42.43,32
2023-05-11 14:35:00,2959,42.4205,42.44,42.465,42.48,42.39,46
2023-05-11 14:36:00,1231,42.4712,42.465,42.52,42.52,42.465,15
2023-05-11 14:37:00,6132,42.5046,42.5,42.5,42.535,42.48,92
2023-05-11 14:38:00,2310,42.4623,42.48,42.425,42.48,42.41,44
2023-05-11 14:39:00,1410,42.3697,42.4,42.36,42.4,42.36,33
2023-05-11 14:40:00,3898,42.349,42.365,42.33,42.38,42.31,75
2023-05-11 14:41:00,4870,42.383,42.33,42.33,42.41,42.325,49
2023-05-11 14:42:00,4402,42.2576,42.31,42.2,42.31,42.2,67
2023-05-11 14:43:00,1789,42.1744,42.17,42.14,42.19,42.14,27
2023-05-11 14:44:00,2782,42.1221,42.14,42.165,42.165,42.1,40
2023-05-11 14:45:00,1064,42.176,42.16,42.12,42.16,42.12,19
2023-05-11 14:46:00,18475,42.1208,42.13,42.12,42.14,42.12,32
2023-05-11 14:47:00,2090,42.1551,42.13,42.15,42.19,42.13,42
2023-05-11 14:48:00,2594,42.1177,42.14,42.095,42.15,42.09,46
2023-05-11 14:49:00,5008,42.0679,42.06,42.11,42.12,42.05,78
2023-05-11 14:50:00,1570,42.0838,42.115,42.065,42.115,42.065,23
2023-05-11 14:51:00,4692,42.0428,42.05,42.07,42.07,42.02,92
2023-05-11 14:52:00,757,42.1048,42.09,42.14,42.14,42.085,11
2023-05-11 14:53:00,1457,42.1016,42.13,42.09,42.13,42.09,24
2023-05-11 14:54:00,2897,42.0798,42.08,42.095,42.1,42.06,44
2023-05-11 14:55:00,7430,42.1089,42.1,42.135,42.135,42.095,97
2023-05-11 14:56:00,5018,42.1083,42.105,42.15,42.15,42.1,60
2023-05-11 14:57:00,1870,42.1319,42.15,42.11,42.16,42.11,29
2023-05-11 14:58:00,3780,42.1024,42.1,42.1,42.1,42.1,75
2023-05-11 14:59:00,8503,42.1107,42.1,42.12,42.14,42.1,105
2023-05-11 15:00:00,12039,42.1043,42.1,42.11,42.13,42.1,124
2023-05-11 15:01:00,994,42.1152,42.12,42.1,42.12,42.1,18
2023-05-11 15:02:00,1834,42.1155,42.11,42.15,42.15,42.11,23
2023-05-11 15:03:00,1567,42.1209,42.14,42.12,42.14,42.12,36
2023-05-11 15:04:00,1684,42.1316,42.125,42.15,42.15,42.125,23
2023-05-11 15:05:00,1120,42.1303,42.14,42.12,42.14,42.12,23
2023-05-11 15:06:00,1917,42.1171,42.1,42.13,42.13,42.1,39
2023-05-11 15:07:00,2259,42.1297,42.135,42.13,42.14,42.12,33
2023-05-11 15:08:00,1475,42.1188,42.12,42.12,42.12,42.115,24
2023-05-11 15:09:00,2192,42.1013,42.1,42.11,42.11,42.1,42
2023-05-11 15:10:00,4452,42.1136,42.1,42.14,42.14,42.1,50
2023-05-11 15:11:00,2217,42.1182,42.14,42.1,42.14,42.1,30
2023-05-11 15:12:00,2538,42.1073,42.1,42.11,42.12,42.1,36
2023-05-11 15:13:00,2502,42.1124,42.11,42.13,42.13,42.11,41
2023-05-11 15:14:00,2231,42.1274,42.12,42.135,42.135,42.12,26
2023-05-11 15:15:00,420,42.1334,42.13,42.13,42.13,42.13,14
2023-05-11 15:16:00,1708,42.1194,42.13,42.1,42.13,42.1,34
2023-05-11 15:17:00,7029,42.1213,42.1,42.14,42.15,42.1,87
2023-05-11 15:18:00,498,42.1332,42.135,42.13,42.135,42.13,11
2023-05-11 15:19:00,2560,42.1277,42.13,42.13,42.135,42.12,48
2023-05-11 15:20:00,4552,42.1322,42.13,42.14,42.15,42.12,78
2023-05-11 15:21:00,2536,42.1584,42.15,42.175,42.18,42.14,34
2023-05-11 15:22:00,400,42.1584,42.165,42.165,42.165,42.165,3
2023-05-11 15:23:00,5029,42.1447,42.17,42.14,42.17,42.14,68
2023-05-11 15:24:00,2021,42.1556,42.15,42.17,42.17,42.15,32
2023-05-11 15:25:00,2012,42.1619,42.17,42.15,42.17,42.15,33
2023-05-11 15:26:00,1961,42.145,42.16,42.13,42.16,42.13,44
2023-05-11 15:27:00,850,42.1222,42.12,42.13,42.135,42.11,17
2023-05-11 15:28:00,3049,42.1484,42.14,42.175,42.175,42.14,32
2023-05-11 15:30:00,721,42.1618,42.165,42.16,42.17,42.16,21
2023-05-11 15:31:00,2032,42.1761,42.15,42.21,42.21,42.15,26
2023-05-11 15:32:00,1337,42.2063,42.23,42.21,42.24,42.21,24
2023-05-11 15:33:00,1624,42.205,42.21,42.201,42.21,42.2,36
2023-05-11 15:34:00,1447,42.224,42.22,42.235,42.24,42.22,23
2023-05-11 15:35:00,2261,42.2237,42.23,42.21,42.23,42.21,46
2023-05-11 15:36:00,1875,42.2099,42.2,42.215,42.215,42.2,28
2023-05-11 15:37:00,1756,42.2168,42.21,42.22,42.22,42.21,30
2023-05-11 15:38:00,1188,42.2068,42.2,42.195,42.21,42.19,26
2023-05-11 15:39:00,2715,42.1788,42.195,42.18,42.2,42.14,40
2023-05-11 15:41:00,918,42.206,42.2,42.21,42.21,42.2,19
2023-05-11 15:42:00,1013,42.2076,42.21,42.19,42.21,42.19,25
2023-05-11 15:43:00,1236,42.2225,42.22,42.25,42.25,42.22,14
2023-05-11 15:44:00,654,42.2629,42.26,42.28,42.28,42.26,11
2023-05-11 15:45:00,1617,42.288,42.28,42.29,42.3,42.28,30
2023-05-11 15:46:00,2082,42.2649,42.28,42.26,42.28,42.255,40
2023-05-11 15:47:00,820,42.2672,42.26,42.28,42.28,42.26,19
2023-05-11 15:48:00,1615,42.239,42.29,42.29,42.29,42.29,6
2023-05-11 15:49:00,1964,42.2991,42.3,42.31,42.31,42.29,27
2023-05-11 15:50:00,2794,42.2817,42.3,42.28,42.3,42.27,50
2023-05-11 15:51:00,101,42.2902,42.29,42.29,42.29,42.29,2
2023-05-11 15:52:00,647,42.2838,42.28,42.285,42.2922,42.28,18
2023-05-11 15:53:00,613,42.2795,42.28,42.285,42.285,42.28,14
2023-05-11 15:54:00,3297,42.3053,42.28,42.33,42.33,42.28,38
2023-05-11 15:55:00,4976,42.3566,42.335,42.38,42.38,42.335,26
2023-05-11 15:56:00,1534,42.3841,42.38,42.39,42.39,42.38,27
2023-05-11 15:57:00,1061,42.3988,42.39,42.41,42.41,42.39,17
2023-05-11 15:58:00,740,42.4176,42.41,42.43,42.43,42.41,11
2023-05-11 15:59:00,3311,42.3727,42.43,42.391,42.43,42.391,34
2023-05-11 16:00:00,2890,42.3653,42.39,42.35,42.39,42.35,35
2023-05-11 16:01:00,2258,42.3468,42.35,42.335,42.35,42.331,30
2023-05-11 16:02:00,1210,42.3207,42.34,42.305,42.34,42.301,21
2023-05-11 16:03:00,996,42.3257,42.31,42.32,42.32,42.31,24
2023-05-11 16:04:00,615,42.3091,42.31,42.3,42.31,42.3,23
2023-05-11 16:05:00,567,42.3083,42.3,42.31,42.31,42.3,13
2023-05-11 16:06:00,861,42.3257,42.315,42.32,42.33,42.315,19
2023-05-11 16:07:00,549,42.3356,42.33,42.34,42.34,42.33,10
2023-05-11 16:08:00,1002,42.3291,42.33,42.321,42.33,42.321,20
2023-05-11 16:09:00,2521,42.3326,42.32,42.3,42.32,42.3,32
2023-05-11 16:10:00,4842,42.2632,42.25,42.274,42.28,42.25,83
2023-05-11 16:11:00,523,42.2952,42.29,42.3,42.3,42.29,13
2023-05-11 16:12:00,3342,42.3285,42.33,42.34,42.34,42.32,48
2023-05-11 16:13:00,1954,42.3168,42.3298,42.315,42.3298,42.315,18
2023-05-11 16:14:00,1102,42.3349,42.32,42.35,42.36,42.32,25
2023-05-11 16:15:00,1873,42.3395,42.34,42.34,42.35,42.33,37
2023-05-11 16:16:00,1752,42.3407,42.37,42.37,42.37,42.37,20
2023-05-11 16:17:00,1571,42.3703,42.36,42.4,42.4,42.36,30
2023-05-11 16:19:00,1039,42.3851,42.381,42.39,42.39,42.38,20
2023-05-11 16:20:00,668,42.3808,42.381,42.381,42.381,42.38,12
2023-05-11 16:21:00,1754,42.3882,42.39,42.4,42.4,42.39,22
2023-05-11 16:22:00,783,42.4008,42.405,42.42,42.42,42.405,16
2023-05-11 16:23:00,2538,42.3951,42.42,42.45,42.45,42.42,15
2023-05-11 16:24:00,767,42.435,42.43,42.44,42.44,42.43,22
2023-05-11 16:25:00,358,42.4595,42.46,42.46,42.46,42.46,11
2023-05-11 16:26:00,2221,42.4579,42.465,42.46,42.47,42.45,46
2023-05-11 16:27:00,2121,42.4618,42.47,42.47,42.48,42.47,23
2023-05-11 16:28:00,1928,42.4559,42.47,42.46,42.47,42.45,33
2023-05-11 16:29:00,581,42.48,42.48,42.48,42.481,42.48,15
2023-05-11 16:30:00,1435,42.4849,42.48,42.515,42.515,42.48,22
2023-05-11 16:31:00,742,42.5368,42.53,42.55,42.55,42.53,14
2023-05-11 16:32:00,492,42.5542,42.555,42.555,42.555,42.555,11
2023-05-11 16:33:00,3540,42.5238,42.55,42.54,42.55,42.54,32
2023-05-11 16:34:00,1989,42.5491,42.545,42.55,42.56,42.545,33
2023-05-11 16:35:00,1633,42.5501,42.55,42.56,42.56,42.55,14
2023-05-11 16:36:00,277,42.5685,42.57,42.57,42.57,42.57,10
2023-05-11 16:38:00,514,42.5747,42.57,42.58,42.58,42.57,10
2023-05-11 16:39:00,5285,42.5906,42.59,42.58,42.61,42.57,95
2023-05-11 16:40:00,2155,42.616,42.581,42.65,42.65,42.581,35
2023-05-11 16:41:00,930,42.6477,42.66,42.66,42.66,42.66,20
2023-05-11 16:42:00,431,42.6468,42.66,42.66,42.66,42.66,9
2023-05-11 16:43:00,1318,42.6437,42.66,42.62,42.66,42.62,32
2023-05-11 16:44:00,1456,42.6111,42.611,42.59,42.611,42.59,28
2023-05-11 16:45:00,658,42.5586,42.59,42.53,42.59,42.53,28
2023-05-11 16:46:00,1056,42.522,42.52,42.53,42.53,42.52,18
2023-05-11 16:48:00,956,42.5049,42.49,42.52,42.52,42.49,16
2023-05-11 16:49:00,469,42.5281,42.53,42.53,42.53,42.53,9
2023-05-11 16:50:00,644,42.5195,42.52,42.52,42.52,42.52,20
2023-05-11 16:51:00,1993,42.5447,42.51,42.52,42.52,42.51,19
2023-05-11 16:52:00,2331,42.54,42.525,42.57,42.57,42.525,35
2023-05-11 16:53:00,554,42.5489,42.55,42.541,42.55,42.541,12
2023-05-11 16:54:00,513,42.5454,42.54,42.55,42.55,42.54,10
2023-05-11 16:55:00,2439,42.5502,42.54,42.555,42.56,42.54,45
2023-05-11 16:56:00,1969,42.5551,42.56,42.57,42.57,42.56,27
2023-05-11 16:57:00,216,42.5797,42.58,42.58,42.58,42.58,7
2023-05-11 16:58:00,420,42.5991,42.6,42.6,42.6,42.6,20
2023-05-11 16:59:00,999,42.5782,42.59,42.57,42.59,42.57,27
2023-05-11 17:00:00,913,42.5625,42.54,42.56,42.56,42.531,17
2023-05-11 17:01:00,2061,42.5405,42.545,42.515,42.56,42.515,37
2023-05-11 17:02:00,2495,42.5105,42.5,42.51,42.52,42.5,34
2023-05-11 17:03:00,2752,42.5173,42.49,42.54,42.54,42.49,43
2023-05-11 17:04:00,486,42.5656,42.565,42.565,42.565,42.565,7
2023-05-11 17:05:00,1361,42.5709,42.56,42.595,42.595,42.56,24
2023-05-11 17:06:00,5641,42.6213,42.591,42.72,42.72,42.59,78
2023-05-11 17:07:00,7825,42.6815,42.7,42.73,42.73,42.691,61
2023-05-11 17:08:00,3917,42.7552,42.74,42.77,42.77,42.74,85
2023-05-11 17:09:00,2088,42.7883,42.77,42.8,42.8,42.77,41
2023-05-11 17:10:00,2806,42.7997,42.815,42.8,42.815,42.79,63
2023-05-11 17:11:00,4509,42.841,42.8185,42.84,42.85,42.8185,77
2023-05-11 17:12:00,4641,42.82,42.831,42.84,42.84,42.82,62
2023-05-11 17:13:00,2751,42.8453,42.85,42.84,42.85,42.83,53
2023-05-11 17:14:00,411,42.8496,42.84,42.855,42.855,42.84,10
2023-05-11 17:15:00,630,42.8829,42.87,42.89,42.9,42.87,8
2023-05-11 17:16:00,1094,42.9184,42.9,42.96,42.96,42.9,25
2023-05-11 17:17:00,6048,42.8842,42.93,42.92,42.93,42.9,71
2023-05-11 17:19:00,3179,42.9368,42.911,42.93,42.95,42.911,50
2023-05-11 17:20:00,582,42.9346,42.95,42.93,42.95,42.93,19
2023-05-11 17:21:00,2683,42.9276,42.93,42.94,42.94,42.91,49
2023-05-11 17:22:00,2866,42.934,42.94,42.94,42.95,42.93,49
2023-05-11 17:23:00,1944,42.9584,42.95,42.96,42.975,42.95,37
2023-05-11 17:24:00,2268,42.9603,42.97,42.99,42.99,42.96,26
2023-05-11 17:25:00,1761,42.9852,42.98,43.0,43.0,42.98,30
2023-05-11 17:26:00,5358,43.0135,43.01,43.035,43.04,43.0,76
2023-05-11 17:27:00,5099,42.9951,43.01,43.02,43.02,42.98,60
2023-05-11 17:28:00,917,43.0206,43.03,43.015,43.03,43.01,18
2023-05-11 17:29:00,1131,43.0342,43.02,43.05,43.05,43.02,21
2023-05-11 17:30:00,2200,43.0409,43.03,43.06,43.06,43.03,20
2023-05-11 17:31:00,5215,43.0416,43.06,43.02,43.06,43.02,72
2023-05-11 17:32:00,2475,43.0269,43.01,43.03,43.03,43.01,31
2023-05-11 17:34:00,3280,43.0145,43.03,42.995,43.04,42.98,54
2023-05-11 17:35:00,3181,42.9664,42.99,42.965,42.99,42.94,44
2023-05-11 17:36:00,568,42.9598,42.96,42.96,42.96,42.96,9
2023-05-11 17:37:00,1401,42.9446,42.96,42.93,42.96,42.93,23
2023-05-11 17:38:00,2113,42.9406,42.91,42.93,42.93,42.91,30
2023-05-11 17:39:00,2331,42.9204,42.91,42.915,42.93,42.91,35
2023-05-11 17:40:00,2409,42.8721,42.91,42.85,42.91,42.85,47
2023-05-11 17:41:00,323,42.8364,42.84,42.84,42.84,42.84,8
2023-05-11 17:42:00,3044,42.8127,42.81,42.84,42.84,42.79,56
2023-05-11 17:43:00,1269,42.8516,42.84,42.83,42.84,42.83,12
2023-05-11 17:44:00,128,42.8308,42.83,42.83,42.83,42.83,3
2023-05-11 17:45:00,3839,42.833,42.82,42.84,42.84,42.81,49
2023-05-11 17:46:00,1151,42.8242,42.83,42.81,42.83,42.81,23
2023-05-11 17:47:00,1796,42.8097,42.8,42.81,42.82,42.8,35
2023-05-11 17:48:00,1781,42.8212,42.7901,42.84,42.84,42.7901,22
2023-05-11 17:49:00,1576,42.8559,42.835,42.86,42.86,42.835,22
2023-05-11 17:50:00,484,42.859,42.86,42.86,42.86,42.86,9
2023-05-11 17:51:00,1908,42.8576,42.84,42.885,42.885,42.84,38
2023-05-11 17:52:00,2228,42.8893,42.8945,42.89,42.91,42.89,22
2023-05-11 17:53:00,150,42.8875,42.89,42.89,42.89,42.89,9
2023-05-11 17:54:00,1404,42.8994,42.88,42.91,42.91,42.88,23
2023-05-11 17:55:00,3337,42.8784,42.9,42.89,42.9,42.86,34
2023-05-11 17:57:00,971,42.893,42.87,42.9,42.9,42.87,16
2023-05-11 17:58:00,101,42.92,42.92,42.92,42.92,42.92,2
2023-05-11 17:59:00,3570,42.9263,42.915,42.9,42.95,42.9,55
2023-05-11 18:00:00,193,42.9106,42.895,42.895,42.895,42.895,5
2023-05-11 18:01:00,2039,42.8626,42.85,42.88,42.88,42.841,37
2023-05-11 18:02:00,2417,42.8768,42.885,42.88,42.885,42.87,43
2023-05-11 18:03:00,1223,42.861,42.86,42.86,42.86,42.86,29
2023-05-11 18:04:00,1546,42.8742,42.85,42.88,42.885,42.85,37
2023-05-11 18:05:00,6705,42.8923,42.88,42.89,42.9,42.875,70
2023-05-11 18:06:00,2347,42.8641,42.88,42.855,42.88,42.85,47
2023-05-11 18:07:00,1241,42.866,42.855,42.875,42.885,42.855,23
2023-05-11 18:08:00,8533,42.8967,42.88,42.895,42.9,42.88,85
2023-05-11 18:09:00,5593,42.8957,42.89,42.9,42.9,42.885,47
2023-05-11 18:10:00,1168,42.9186,42.9,42.945,42.945,42.9,14
2023-05-11 18:11:00,3118,42.9266,42.94,42.93,42.94,42.91,55
2023-05-11 18:12:00,799,42.9338,42.93,42.94,42.94,42.93,17
2023-05-11 18:13:00,1145,42.9266,42.935,42.92,42.935,42.92,31
2023-05-11 18:14:00,1394,42.9009,42.92,42.88,42.92,42.88,27
2023-05-11 18:15:00,752,42.867,42.88,42.865,42.88,42.86,21
2023-05-11 18:16:00,1028,42.8647,42.865,42.8625,42.865,42.85,20
2023-05-11 18:17:00,3135,42.8418,42.865,42.84,42.865,42.825,62
2023-05-11 18:18:00,553,42.8471,42.85,42.85,42.85,42.85,12
2023-05-11 18:19:00,2483,42.8132,42.84,42.81,42.84,42.8,46
2023-05-11 18:20:00,1871,42.8218,42.79,42.78,42.79,42.78,31
2023-05-11 18:21:00,1226,42.7791,42.78,42.78,42.78,42.77,29
2023-05-11 18:22:00,342,42.785,42.785,42.785,42.785,42.785,13
2023-05-11 18:23:00,2749,42.7871,42.785,42.81,42.81,42.77,39
2023-05-11 18:24:00,1850,42.7891,42.81,42.77,42.81,42.77,41
2023-05-11 18:25:00,1275,42.7519,42.76,42.73,42.76,42.72,29
2023-05-11 18:26:00,1252,42.7181,42.72,42.72,42.72,42.72,23
2023-05-11 18:27:00,979,42.7183,42.71,42.725,42.725,42.71,21
2023-05-11 18:28:00,1086,42.7256,42.72,42.73,42.73,42.71,18
2023-05-11 18:29:00,980,42.7248,42.72,42.73,42.73,42.72,21
2023-05-11 18:30:00,3210,42.7272,42.735,42.72,42.745,42.72,67
2023-05-11 18:31:00,2181,42.7388,42.72,42.72,42.72,42.72,19
2023-05-11 18:32:00,1304,42.7126,42.71,42.735,42.735,42.705,21
2023-05-11 18:33:00,747,42.7206,42.72,42.73,42.73,42.72,18
2023-05-11 18:34:00,2386,42.7156,42.73,42.72,42.73,42.7,55
2023-05-11 18:35:00,324,42.7389,42.74,42.74,42.74,42.74,5
2023-05-11 18:36:00,1127,42.7583,42.75,42.765,42.765,42.75,25
2023-05-11 18:37:00,985,42.7643,42.78,42.79,42.79,42.78,16
2023-05-11 18:38:00,845,42.7929,42.795,42.8,42.8,42.79,22
2023-05-11 18:39:00,2048,42.8067,42.79,42.84,42.84,42.79,49
2023-05-11 18:40:00,5077,42.8299,42.85,42.82,42.87,42.8,81
2023-05-11 18:41:00,1760,42.8348,42.825,42.85,42.85,42.82,22
2023-05-11 18:42:00,2406,42.8506,42.85,42.87,42.87,42.845,22
2023-05-11 18:43:00,3935,42.8415,42.86,42.83,42.86,42.83,74
2023-05-11 18:44:00,899,42.8477,42.84,42.865,42.865,42.84,20
2023-05-11 18:45:00,3040,42.8377,42.86,42.82,42.86,42.82,71
2023-05-11 18:46:00,1726,42.8147,42.82,42.81,42.82,42.81,34
2023-05-11 18:47:00,1238,42.7997,42.8,42.8,42.8,42.795,31
2023-05-11 18:48:00,1237,42.8043,42.8,42.82,42.83,42.8,22
2023-05-11 18:49:00,1604,42.8505,42.83,42.885,42.885,42.83,35
2023-05-11 18:50:00,5058,42.8784,42.89,42.885,42.89,42.88,86
2023-05-11 18:51:00,251,42.875,42.89,42.89,42.89,42.89,4
2023-05-11 18:52:00,2718,42.8801,42.88,42.9,42.9,42.87,58
2023-05-11 18:53:00,1680,42.8768,42.89,42.88,42.89,42.87,41
2023-05-11 18:54:00,1458,42.8764,42.87,42.895,42.895,42.87,31
2023-05-11 18:55:00,2937,42.899,42.905,42.9,42.91,42.895,51
2023-05-11 18:56:00,1843,42.9117,42.92,42.92,42.92,42.905,43
2023-05-11 18:57:00,3163,42.9224,42.91,42.945,42.945,42.91,59
2023-05-11 18:58:00,578,42.9444,42.94,42.95,42.95,42.94,9
2023-05-11 18:59:00,5120,42.9582,42.96,42.96,42.97,42.95,96
2023-05-11 19:00:00,4096,42.9405,42.96,42.95,42.96,42.95,41
2023-05-11 19:01:00,4642,42.9335,42.95,42.92,42.95,42.915,79
2023-05-11 19:02:00,569,42.9346,42.935,42.935,42.935,42.935,6
2023-05-11 19:03:00,3143,42.9393,42.94,42.95,42.96,42.92,47
2023-05-11 19:04:00,3349,42.969,42.955,42.97,42.98,42.955,45
2023-05-11 19:05:00,6192,42.9547,42.97,42.95,42.97,42.94,89
2023-05-11 19:06:00,1851,42.9265,42.93,42.93,42.93,42.9175,40
2023-05-11 19:07:00,957,42.932,42.93,42.93,42.94,42.92,18
2023-05-11 19:08:00,1248,42.9421,42.94,42.95,42.95,42.93,23
2023-05-11 19:09:00,1302,42.9537,42.96,42.96,42.96,42.94,23
2023-05-11 19:10:00,3771,42.9602,42.96,42.965,42.97,42.94,57
2023-05-11 19:11:00,2069,42.9439,42.95,42.94,42.95,42.94,33
2023-05-11 19:12:00,2205,42.92,42.93,42.88,42.93,42.88,36
2023-05-11 19:13:00,1454,42.8904,42.89,42.895,42.895,42.88,34
2023-05-11 19:14:00,3149,42.8861,42.895,42.875,42.895,42.875,46
2023-05-11 19:15:00,3173,42.8971,42.87,42.88,42.89,42.87,31
2023-05-11 19:16:00,1068,42.8692,42.88,42.86,42.88,42.86,25
2023-05-11 19:17:00,1988,42.8882,42.88,42.895,42.9,42.88,28
2023-05-11 19:18:00,3366,42.8854,42.895,42.88,42.895,42.88,55
2023-05-11 19:19:00,1404,42.8827,42.875,42.905,42.905,42.875,28
2023-05-11 19:20:00,1027,42.9166,42.9,42.92,42.93,42.9,21
2023-05-11 19:21:00,1376,42.915,42.92,42.925,42.925,42.91,32
2023-05-11 19:22:00,2053,42.9219,42.92,42.93,42.93,42.92,34
2023-05-11 19:23:00,5178,42.9288,42.94,42.93,42.95,42.92,80
2023-05-11 19:24:00,1810,42.9234,42.9347,42.92,42.9347,42.92,28
2023-05-11 19:25:00,3812,42.9259,42.925,42.955,42.955,42.92,45
2023-05-11 19:26:00,711,42.951,42.945,42.95,42.95,42.945,18
2023-05-11 19:27:00,6731,42.9332,42.94,42.93,42.955,42.92,117
2023-05-11 19:28:00,908,42.9484,42.95,42.955,42.955,42.95,17
2023-05-11 19:29:00,3084,42.9376,42.945,42.93,42.95,42.93,66
2023-05-11 19:30:00,4063,42.9091,42.92,42.9,42.92,42.89,68
2023-05-11 19:31:00,5378,42.8944,42.9,42.91,42.91,42.89,99
2023-05-11 19:32:00,3625,42.9047,42.92,42.9,42.92,42.9,63
2023-05-11 19:33:00,3299,42.9018,42.9,42.91,42.92,42.89,33
2023-05-11 19:34:00,3110,42.8838,42.91,42.85,42.91,42.85,76
2023-05-11 19:35:00,2993,42.8832,42.85,42.87,42.87,42.85,42
2023-05-11 19:36:00,5602,42.8707,42.88,42.87,42.88,42.86,97
2023-05-11 19:37:00,3642,42.8653,42.88,42.84,42.88,42.835,59
2023-05-11 19:38:00,3172,42.8702,42.85,42.87,42.89,42.85,69
2023-05-11 19:39:00,2749,42.8496,42.86,42.85,42.86,42.83,59
2023-05-11 19:40:00,2579,42.8213,42.83,42.81,42.83,42.81,55
2023-05-11 19:41:00,4604,42.7918,42.81,42.785,42.81,42.77,79
2023-05-11 19:42:00,2938,42.7961,42.8,42.78,42.81,42.78,56
2023-05-11 19:43:00,6398,42.7894,42.8,42.775,42.81,42.76,111
2023-05-11 19:44:00,3524,42.7749,42.77,42.79,42.79,42.75,65
2023-05-11 19:45:00,6337,42.7787,42.78,42.79,42.79,42.765,113
2023-05-11 19:46:00,3752,42.8017,42.8,42.785,42.8,42.78,41
2023-05-11 19:47:00,4244,42.7709,42.79,42.76,42.79,42.75,78
2023-05-11 19:48:00,2794,42.7541,42.75,42.76,42.77,42.74,54
2023-05-11 19:49:00,6290,42.7608,42.76,42.74,42.77,42.74,106
2023-05-11 19:50:00,9034,42.7253,42.74,42.73,42.74,42.7,147
2023-05-11 19:51:00,5160,42.7458,42.74,42.75,42.7625,42.735,95
2023-05-11 19:52:00,9811,42.7327,42.745,42.73,42.75,42.72,156
2023-05-11 19:53:00,7841,42.7402,42.72,42.75,42.75,42.72,123
2023-05-11 19:54:00,16997,42.7511,42.75,42.72,42.78,42.71,249
2023-05-11 19:55:00,10186,42.7519,42.72,42.765,42.77,42.71,153
2023-05-11 19:56:00,15671,42.7752,42.77,42.805,42.805,42.765,200
2023-05-11 19:57:00,19119,42.8144,42.82,42.8,42.83,42.79,281
2023-05-11 19:58:00,17964,42.8039,42.795,42.815,42.82,42.795,260
2023-05-11 19:59:00,39372,42.8434,42.81,42.88,42.88,42.81,459
2023-05-11 20:00:00,1416,42.88,42.88,42.88,42.88,42.88,5
2023-05-12 13:24:00,500,42.0,42.0,42.0,42.0,42.0,1
2023-05-12 13:30:00,12189,42.2749,42.16,42.42,42.67,42.16,50
2023-05-12 13:31:00,1909,42.3677,42.37,42.35,42.41,42.3,35
2023-05-12 13:32:00,2281,42.3288,42.37,42.35,42.4,42.3,36
2023-05-12 13:33:00,2824,42.3108,42.3,42.32,42.34,42.3,33
2023-05-12 13:34:00,3405,42.3818,42.34,42.44,42.44,42.325,72
2023-05-12 13:35:00,5813,42.431,42.44,42.47,42.47,42.38,30
2023-05-12 13:36:00,1296,42.3897,42.4,42.38,42.4,42.38,25
2023-05-12 13:37:00,6922,42.3862,42.39,42.32,42.45,42.32,111
2023-05-12 13:38:00,1350,42.31,42.32,42.29,42.355,42.262,16
2023-05-12 13:39:00,4886,42.2984,42.29,42.26,42.35,42.23,94
2023-05-12 13:40:00,13945,42.231,42.21,42.31,42.335,42.2,42
2023-05-12 13:41:00,1339,42.2659,42.26,42.265,42.3,42.26,22
2023-05-12 13:42:00,1627,42.3141,42.31,42.34,42.34,42.3,20
2023-05-12 13:43:00,5228,42.3383,42.35,42.38,42.38,42.3,97
2023-05-12 13:44:00,8779,42.3158,42.34,42.35,42.35,42.305,57
2023-05-12 13:45:00,3811,42.2748,42.29,42.24,42.305,42.24,42
2023-05-12 13:46:00,12589,42.235,42.2,42.25,42.3,42.2,158
2023-05-12 13:47:00,12497,42.2494,42.25,42.22,42.27,42.22,74
2023-05-12 13:48:00,2853,42.2596,42.23,42.27,42.27,42.23,27
2023-05-12 13:49:00,1880,42.2778,42.255,42.31,42.31,42.25,42
2023-05-12 13:50:00,957,42.2948,42.3,42.305,42.305,42.3,22
2023-05-12 13:51:00,3144,42.3694,42.305,42.4,42.445,42.305,48
2023-05-12 13:52:00,2362,42.3985,42.42,42.38,42.42,42.38,32
2023-05-12 13:53:00,1327,42.4564,42.41,42.52,42.52,42.41,22
2023-05-12 13:54:00,2621,42.418,42.45,42.39,42.45,42.39,34
2023-05-12 13:55:00,3177,42.4279,42.43,42.45,42.45,42.42,20
2023-05-12 13:56:00,2961,42.47,42.4502,42.54,42.54,42.45,21
2023-05-12 13:57:00,1376,42.606,42.61,42.58,42.65,42.58,24
2023-05-12 13:58:00,3063,42.5829,42.635,42.57,42.65,42.54,38
2023-05-12 13:59:00,1426,42.6229,42.63,42.68,42.68,42.58,26
2023-05-12 14:00:00,8531,42.54,42.59,42.525,42.67,42.475,96
2023-05-12 14:01:00,2030,42.4695,42.49,42.46,42.49,42.46,22
2023-05-12 14:02:00,503,42.4848,42.46,42.46,42.46,42.46,14
2023-05-12 14:03:00,603,42.4715,42.5,42.441,42.5,42.441,8
2023-05-12 14:04:00,4857,42.3929,42.44,42.37,42.45,42.35,46
2023-05-12 14:05:00,1024,42.3209,42.31,42.31,42.31,42.31,23
2023-05-12 14:06:00,5729,42.3148,42.31,42.335,42.34,42.3,62
2023-05-12 14:07:00,6418,42.309,42.3,42.345,42.38,42.3,97
2023-05-12 14:08:00,827,42.3669,42.38,42.38,42.38,42.36,12
2023-05-12 14:09:00,603,42.3579,42.34,42.37,42.37,42.34,12
2023-05-12 14:10:00,1506,42.367,42.355,42.38,42.38,42.34,21
2023-05-12 14:11:00,4252,42.3801,42.38,42.38,42.4,42.36,62
2023-05-12 14:12:00,474,42.3516,42.35,42.35,42.35,42.35,15
2023-05-12 14:13:00,1816,42.3783,42.38,42.39,42.4,42.37,32
2023-05-12 14:14:00,2739,42.3984,42.375,42.415,42.42,42.375,36
2023-05-12 14:15:00,2206,42.3956,42.4,42.4,42.4,42.385,38
2023-05-12 14:16:00,1650,42.4343,42.381,42.47,42.47,42.381,30
2023-05-12 14:17:00,1611,42.4941,42.47,42.51,42.51,42.47,17
2023-05-12 14:18:00,3618,42.4732,42.51,42.445,42.51,42.445,40
2023-05-12 14:19:00,3264,42.4638,42.46,42.435,42.5,42.435,48
2023-05-12 14:20:00,345,42.4147,42.43,42.38,42.43,42.38,6
2023-05-12 14:21:00,810,42.3554,42.37,42.33,42.37,42.33,11
2023-05-12 14:22:00,649,42.3431,42.34,42.34,42.36,42.34,7
2023-05-12 14:23:00,1132,42.3233,42.34,42.31,42.34,42.31,17
2023-05-12 14:24:00,9241,42.3233,42.3,42.32,42.34,42.3,153
2023-05-12 14:25:00,4406,42.3259,42.325,42.33,42.38,42.3,77
2023-05-12 14:26:00,410,42.3304,42.32,42.345,42.345,42.32,7
2023-05-12 14:27:00,1410,42.3066,42.3,42.32,42.32,42.3,28
2023-05-12 14:28:00,893,42.3376,42.33,42.34,42.34,42.33,25
2023-05-12 14:29:00,3322,42.3556,42.38,42.32,42.39,42.32,54
2023-05-12 14:30:00,3616,42.3127,42.32,42.355,42.355,42.3,55
2023-05-12 14:31:00,328,42.3305,42.33,42.33,42.33,42.33,7
2023-05-12 14:32:00,451,42.3311,42.34,42.34,42.34,42.315,10
2023-05-12 14:33:00,3439,42.3129,42.33,42.33,42.33,42.3,43
2023-05-12 14:34:00,1087,42.3191,42.33,42.31,42.33,42.31,18
2023-05-12 14:35:00,12066,42.2962,42.315,42.28,42.315,42.28,182
2023-05-12 14:36:00,4845,42.2805,42.29,42.285,42.3,42.26,47
2023-05-12 14:37:00,16816,42.3039,42.29,42.3,42.325,42.28,190
2023-05-12 14:38:00,4875,42.2974,42.3,42.31,42.325,42.25,40
2023-05-12 14:39:00,15788,42.2991,42.3,42.29,42.33,42.27,82
2023-05-12 14:40:00,1034,42.2953,42.275,42.33,42.33,42.275,18
2023-05-12 14:41:00,144,42.3404,42.345,42.345,42.345,42.345,2
2023-05-12 14:42:00,1871,42.3832,42.34,42.45,42.45,42.34,34
2023-05-12 14:43:00,1194,42.4541,42.45,42.51,42.51,42.45,15
2023-05-12 14:44:00,2611,42.4694,42.51,42.4,42.51,42.4,35
2023-05-12 14:45:00,4366,42.3882,42.4,42.415,42.42,42.36,58
2023-05-12 14:46:00,1616,42.374,42.339,42.4,42.4,42.339,26
2023-05-12 14:47:00,1682,42.3649,42.38,42.34,42.38,42.34,34
2023-05-12 14:48:00,7048,42.3711,42.36,42.38,42.42,42.36,35
2023-05-12 14:49:00,819,42.3953,42.41,42.4,42.41,42.4,18
2023-05-12 14:50:00,1758,42.3847,42.39,42.381,42.39,42.38,23
2023-05-12 14:51:00,1170,42.4039,42.39,42.44,42.44,42.39,22
2023-05-12 14:52:00,542,42.3864,42.39,42.38,42.39,42.38,7
2023-05-12 14:53:00,1438,42.3553,42.36,42.34,42.38,42.34,25
2023-05-12 14:54:00,2221,42.3684,42.355,42.39,42.39,42.345,18
2023-05-12 14:55:00,429,42.4063,42.42,42.41,42.42,42.4,7
2023-05-12 14:56:00,1024,42.3937,42.4,42.4,42.4,42.4,15
2023-05-12 14:57:00,18184,42.4031,42.405,42.41,42.42,42.37,47
2023-05-12 14:58:00,107,42.404,42.405,42.405,42.405,42.405,2
2023-05-12 14:59:00,453,42.3971,42.39,42.39,42.39,42.39,9
2023-05-12 15:00:00,1154,42.4192,42.395,42.43,42.435,42.395,22
2023-05-12 15:01:00,1217,42.4442,42.42,42.45,42.45,42.42,12
2023-05-12 15:02:00,2757,42.4514,42.421,42.45,42.49,42.421,34
2023-05-12 15:03:00,10030,42.4673,42.45,42.53,42.55,42.45,33
2023-05-12 15:04:00,3401,42.5544,42.54,42.54,42.57,42.54,61
2023-05-12 15:05:00,1507,42.5669,42.56,42.58,42.6,42.56,36
2023-05-12 15:06:00,6276,42.5771,42.58,42.56,42.62,42.55,76
2023-05-12 15:07:00,6174,42.5789,42.57,42.65,42.65,42.57,22
2023-05-12 15:08:00,773,42.6159,42.63,42.62,42.63,42.62,15
2023-05-12 15:09:00,910,42.6071,42.61,42.61,42.61,42.61,10
2023-05-12 15:10:00,531,42.5998,42.625,42.62,42.625,42.62,8
2023-05-12 15:11:00,930,42.5832,42.6,42.58,42.6,42.56,13
2023-05-12 15:12:00,1362,42.5291,42.56,42.52,42.56,42.5,24
2023-05-12 15:13:00,2043,42.492,42.51,42.48,42.51,42.48,36
2023-05-12 15:14:00,240,42.4662,42.47,42.47,42.47,42.47,4
2023-05-12 15:15:00,1001,42.4467,42.44,42.435,42.44,42.435,18
2023-05-12 15:16:00,1773,42.4562,42.4316,42.45,42.48,42.4316,26
2023-05-12 15:17:00,2426,42.4771,42.48,42.48,42.49,42.47,41
2023-05-12 15:19:00,3587,42.5062,42.495,42.535,42.535,42.495,47
2023-05-12 15:20:00,758,42.5318,42.55,42.55,42.55,42.535,21
2023-05-12 15:21:00,2805,42.5506,42.54,42.56,42.57,42.54,43
2023-05-12 15:22:00,337,42.5724,42.57,42.58,42.58,42.57,6
2023-05-12 15:23:00,1645,42.5642,42.58,42.555,42.58,42.555,26
2023-05-12 15:24:00,986,42.5331,42.54,42.535,42.54,42.53,17
2023-05-12 15:25:00,355,42.5162,42.512,42.525,42.525,42.512,8
2023-05-12 15:26:00,1219,42.535,42.53,42.54,42.54,42.53,33
2023-05-12 15:27:00,125,42.5417,42.54,42.54,42.54,42.54,2
2023-05-12 15:28:00,1219,42.5629,42.56,42.595,42.595,42.56,20
2023-05-12 15:29:00,2911,42.5946,42.59,42.6,42.61,42.58,39
2023-05-12 15:30:00,468,42.575,42.57,42.57,42.57,42.57,13
2023-05-12 15:31:00,203,42.5775,42.585,42.57,42.585,42.57,3
2023-05-12 15:32:00,314,42.5478,42.55,42.54,42.55,42.54,8
2023-05-12 15:33:00,1668,42.5352,42.53,42.52,42.53,42.52,22
2023-05-12 15:36:00,1491,42.4768,42.48,42.48,42.48,42.47,28
2023-05-12 15:37:00,550,42.48,42.475,42.471,42.48,42.471,8
2023-05-12 15:39:00,2423,42.4598,42.47,42.46,42.47,42.43,38
2023-05-12 15:40:00,450,42.4389,42.45,42.43,42.45,42.43,9
2023-05-12 15:41:00,2451,42.4468,42.44,42.455,42.455,42.43,41
2023-05-12 15:42:00,571,42.46,42.46,42.46,42.46,42.46,15
2023-05-12 15:43:00,2889,42.4709,42.47,42.49,42.49,42.47,36
2023-05-12 15:44:00,100,42.48,42.48,42.48,42.48,42.48,1
2023-05-12 15:45:00,192,42.49,42.49,42.49,42.49,42.49,5
2023-05-12 15:46:00,1514,42.5008,42.5,42.5,42.5,42.5,28
2023-05-12 15:47:00,4322,42.5135,42.52,42.491,42.53,42.49,61
2023-05-12 15:48:00,2513,42.5055,42.5,42.52,42.52,42.5,35
2023-05-12 15:49:00,1308,42.5364,42.52,42.54,42.55,42.52,22
2023-05-12 15:50:00,1005,42.5307,42.53,42.53,42.54,42.53,15
2023-05-12 15:51:00,518,42.516,42.52,42.51,42.52,42.51,9
2023-05-12 15:52:00,2449,42.5323,42.51,42.56,42.56,42.51,37
2023-05-12 15:53:00,600,42.5681,42.58,42.57,42.58,42.57,7
2023-05-12 15:54:00,740,42.5797,42.58,42.58,42.58,42.58,10
2023-05-12 15:56:00,5741,42.5983,42.58,42.595,42.605,42.58,45
2023-05-12 15:58:00,590,42.5964,42.595,42.59,42.6,42.59,12
2023-05-12 15:59:00,2587,42.5848,42.6,42.58,42.6,42.58,35
2023-05-12 16:00:00,1320,42.5684,42.57,42.56,42.57,42.56,17
2023-05-12 16:01:00,15097,42.5835,42.55,42.54,42.6,42.535,122
2023-05-12 16:02:00,2823,42.4801,42.54,42.43,42.54,42.43,42
2023-05-12 16:03:00,392,42.4341,42.435,42.435,42.435,42.435,7
2023-05-12 16:04:00,3196,42.4691,42.45,42.44,42.51,42.44,60
2023-05-12 16:05:00,462,42.4403,42.405,42.405,42.405,42.405,9
2023-05-12 16:06:00,593,42.432,42.41,42.4,42.41,42.4,12
2023-05-12 16:07:00,462,42.3771,42.39,42.37,42.39,42.37,8
2023-05-12 16:08:00,6665,42.4042,42.34,42.42,42.45,42.34,116
2023-05-12 16:09:00,3022,42.4262,42.41,42.45,42.45,42.4,42
2023-05-12 16:10:00,4233,42.4489,42.47,42.41,42.47,42.41,55
2023-05-12 16:11:00,718,42.4031,42.395,42.395,42.395,42.395,24
2023-05-12 16:12:00,705,42.3798,42.38,42.365,42.38,42.365,15
2023-05-12 16:13:00,176,42.37,42.37,42.37,42.37,42.37,4
2023-05-12 16:14:00,2337,42.3624,42.36,42.36,42.37,42.35,29
2023-05-12 16:16:00,5766,42.3799,42.36,42.4,42.41,42.35,105
2023-05-12 16:17:00,855,42.391,42.39,42.395,42.4,42.39,14
2023-05-12 16:18:00,1877,42.3912,42.395,42.385,42.395,42.385,20
2023-05-12 16:19:00,8548,42.4162,42.39,42.42,42.43,42.39,100
2023-05-12 16:20:00,353,42.4233,42.42,42.43,42.43,42.42,6
2023-05-12 16:21:00,6597,42.4558,42.43,42.5,42.5,42.42,84
2023-05-12 16:22:00,8211,42.4966,42.5,42.46,42.53,42.45,98
2023-05-12 16:23:00,404,42.4394,42.44,42.435,42.44,42.435,11
2023-05-12 16:24:00,1623,42.4444,42.45,42.425,42.45,42.425,24
2023-05-12 16:25:00,2893,42.4458,42.41,42.49,42.49,42.41,51
2023-05-12 16:26:00,1399,42.4854,42.47,42.49,42.49,42.47,23
2023-05-12 16:27:00,11737,42.4786,42.5,42.46,42.51,42.42,167
2023-05-12 16:28:00,4383,42.4815,42.47,42.49,42.495,42.47,71
2023-05-12 16:29:00,9982,42.5039,42.49,42.505,42.51,42.49,66
2023-05-12 16:30:00,2758,42.4768,42.49,42.495,42.495,42.46,47
2023-05-12 16:31:00,1403,42.4949,42.495,42.485,42.51,42.48,27
2023-05-12 16:32:00,1425,42.4815,42.49,42.49,42.49,42.49,7
2023-05-12 16:33:00,127,42.485,42.485,42.485,42.485,42.485,2
2023-05-12 16:34:00,1434,42.4605,42.47,42.445,42.47,42.445,18
2023-05-12 16:35:00,551,42.4164,42.42,42.42,42.43,42.39,7
2023-05-12 16:36:00,2720,42.3915,42.37,42.43,42.43,42.37,45
2023-05-12 16:37:00,8400,42.4472,42.415,42.44,42.47,42.415,56
2023-05-12 16:38:00,669,42.4469,42.45,42.4475,42.45,42.44,9
2023-05-12 16:39:00,2849,42.46,42.45,42.46,42.48,42.45,43
2023-05-12 16:40:00,19714,42.4463,42.44,42.44,42.47,42.42,279
2023-05-12 16:41:00,3082,42.4286,42.44,42.4,42.45,42.4,42
2023-05-12 16:42:00,1211,42.3911,42.38,42.4,42.4,42.38,30
2023-05-12 16:43:00,4176,42.4043,42.38,42.4,42.425,42.38,65
2023-05-12 16:44:00,2614,42.4315,42.4125,42.41,42.4125,42.41,17
2023-05-12 16:45:00,1373,42.3925,42.4,42.38,42.4,42.38,16
2023-05-12 16:46:00,444,42.3643,42.36,42.36,42.36,42.36,17
2023-05-12 16:47:00,234,42.3301,42.33,42.33,42.33,42.33,11
2023-05-12 16:48:00,10122,42.3257,42.33,42.32,42.34,42.29,63
2023-05-12 16:49:00,3130,42.3306,42.33,42.34,42.34,42.32,26
2023-05-12 16:50:00,851,42.352,42.34,42.355,42.36,42.34,17
2023-05-12 16:51:00,5140,42.3848,42.37,42.42,42.42,42.37,47
2023-05-12 16:52:00,872,42.4196,42.43,42.43,42.43,42.42,34
2023-05-12 16:53:00,258,42.3781,42.4,42.4,42.4,42.4,5
2023-05-12 16:54:00,681,42.4004,42.4,42.405,42.405,42.4,12
2023-05-12 16:55:00,1784,42.4023,42.4,42.415,42.415,42.4,25
2023-05-12 16:56:00,932,42.431,42.415,42.435,42.44,42.415,21
2023-05-12 16:57:00,887,42.4323,42.44,42.44,42.44,42.421,21
2023-05-12 16:59:00,468,42.437,42.44,42.44,42.44,42.44,15
2023-05-12 17:00:00,3109,42.4137,42.43,42.415,42.43,42.415,30
2023-05-12 17:01:00,497,42.4093,42.4,42.41,42.41,42.4,7
2023-05-12 17:02:00,395,42.3923,42.39,42.38,42.39,42.38,6
2023-05-12 17:03:00,250,42.3723,42.38,42.38,42.38,42.38,10
2023-05-12 17:04:00,1302,42.3806,42.375,42.39,42.39,42.375,15
2023-05-12 17:05:00,547,42.3866,42.39,42.39,42.39,42.39,8
2023-05-12 17:06:00,382,42.3874,42.39,42.39,42.39,42.39,6
2023-05-12 17:07:00,3312,42.3959,42.39,42.39,42.41,42.39,47
2023-05-12 17:08:00,323,42.3807,42.38,42.38,42.38,42.38,8
2023-05-12 17:09:00,2107,42.3754,42.38,42.39,42.39,42.36,45
2023-05-12 17:10:00,430,42.3852,42.39,42.38,42.39,42.38,6
2023-05-12 17:11:00,476,42.3797,42.361,42.361,42.361,42.361,5
2023-05-12 17:12:00,1141,42.3493,42.35,42.35,42.35,42.35,31
2023-05-12 17:13:00,955,42.3563,42.35,42.35,42.35,42.35,19
2023-05-12 17:14:00,3025,42.3929,42.39,42.4,42.405,42.39,62
2023-05-12 17:15:00,151,42.4033,42.405,42.405,42.405,42.405,3
2023-05-12 17:16:00,503,42.398,42.4,42.4,42.4,42.39,5
2023-05-12 17:17:00,200,42.395,42.4,42.39,42.4,42.39,2
2023-05-12 17:18:00,1592,42.3891,42.4,42.37,42.4,42.37,28
2023-05-12 17:19:00,730,42.3902,42.39,42.39,42.39,42.39,10
2023-05-12 17:20:00,1933,42.3717,42.38,42.375,42.38,42.37,39
2023-05-12 17:22:00,230,42.3348,42.33,42.33,42.33,42.33,7
2023-05-12 17:23:00,1089,42.2974,42.315,42.29,42.315,42.29,28
2023-05-12 17:24:00,582,42.2402,42.24,42.222,42.245,42.222,9
2023-05-12 17:25:00,3411,42.2448,42.24,42.26,42.26,42.23,61
2023-05-12 17:26:00,1453,42.2466,42.25,42.25,42.26,42.24,29
2023-05-12 17:27:00,150,42.2267,42.225,42.225,42.225,42.225,2
2023-05-12 17:29:00,2775,42.2142,42.21,42.24,42.24,42.2,45
2023-05-12 17:31:00,2051,42.2432,42.24,42.255,42.26,42.24,18
2023-05-12 17:33:00,503,42.22,42.22,42.22,42.22,42.22,13
2023-05-12 17:34:00,1154,42.2221,42.22,42.222,42.23,42.22,25
2023-05-12 17:35:00,6222,42.2069,42.2,42.22,42.23,42.2,76
2023-05-12 17:36:00,530,42.2185,42.23,42.21,42.23,42.21,7
2023-05-12 17:37:00,4720,42.2019,42.2,42.21,42.21,42.2,35
2023-05-12 17:38:00,611,42.2194,42.22,42.22,42.22,42.22,13
2023-05-12 17:40:00,890,42.2059,42.2,42.2,42.2,42.2,26
2023-05-12 17:41:00,1652,42.2076,42.2,42.215,42.215,42.2,12
2023-05-12 17:43:00,5499,42.2012,42.2,42.21,42.21,42.2,37
2023-05-12 17:44:00,612,42.2023,42.2,42.2,42.2,42.2,12
2023-05-12 17:45:00,19255,42.1837,42.2,42.15,42.205,42.1,175
2023-05-12 17:48:00,468,42.1322,42.13,42.13,42.13,42.13,14
2023-05-12 17:49:00,3693,42.151,42.111,42.18,42.18,42.111,69
2023-05-12 17:50:00,1321,42.1809,42.175,42.185,42.1886,42.175,20
2023-05-12 17:51:00,538,42.1665,42.16,42.16,42.16,42.16,12
2023-05-12 17:52:00,627,42.1536,42.155,42.155,42.155,42.155,10
2023-05-12 17:53:00,647,42.1616,42.16,42.16,42.17,42.16,14
2023-05-12 17:54:00,646,42.1587,42.16,42.15,42.16,42.15,7
2023-05-12 17:55:00,712,42.1308,42.14,42.13,42.14,42.13,14
2023-05-12 17:56:00,2525,42.1351,42.12,42.16,42.16,42.12,39
2023-05-12 17:57:00,825,42.1666,42.16,42.17,42.17,42.16,18
2023-05-12 17:58:00,350,42.1483,42.15,42.15,42.15,42.15,7
2023-05-12 17:59:00,615,42.1441,42.16,42.14,42.16,42.14,14
2023-05-12 18:00:00,1399,42.144,42.135,42.14,42.14,42.135,17
2023-05-12 18:01:00,749,42.1285,42.13,42.11,42.13,42.11,14
2023-05-12 18:02:00,2422,42.0965,42.09,42.095,42.1,42.09,51
2023-05-12 18:03:00,12160,42.02,42.085,41.99,42.085,41.99,169
2023-05-12 18:04:00,636,42.0054,42.01,42.0,42.01,42.0,10
2023-05-12 18:05:00,454,42.0113,42.015,42.015,42.015,42.015,9
2023-05-12 18:06:00,2921,41.9949,42.01,41.965,42.01,41.965,56
2023-05-12 18:07:00,986,41.9521,41.95,41.955,41.955,41.95,24
2023-05-12 18:08:00,3906,41.96,41.945,41.98,41.98,41.945,63
2023-05-12 18:09:00,1846,41.9763,42.0,41.97,42.0,41.96,27
2023-05-12 18:10:00,1532,41.9759,41.98,41.97,41.98,41.97,22
2023-05-12 18:11:00,2740,41.9958,41.97,41.98,42.0,41.97,39
2023-05-12 18:12:00,1675,41.9649,41.98,41.95,41.98,41.95,39
2023-05-12 18:13:00,1060,41.9578,41.942,41.955,41.955,41.942,20
2023-05-12 18:14:00,1837,41.9866,41.97,41.985,42.0,41.97,32
2023-05-12 18:15:00,1476,41.9823,41.99,41.975,41.998,41.975,19
2023-05-12 18:16:00,1186,41.9693,41.97,41.97,41.97,41.965,23
2023-05-12 18:17:00,593,41.9705,41.97,41.97,41.975,41.97,11
2023-05-12 18:18:00,1994,41.9946,41.97,42.02,42.02,41.97,41
2023-05-12 18:19:00,541,42.0165,42.02,42.02,42.02,42.01,13
2023-05-12 18:20:00,350,42.0177,42.03,42.03,42.03,42.03,6
2023-05-12 18:21:00,3256,42.0363,42.03,42.07,42.07,42.02,48
2023-05-12 18:22:00,654,42.0761,42.07,42.08,42.08,42.07,16
2023-05-12 18:23:00,1716,42.0756,42.09,42.07,42.09,42.07,30
2023-05-12 18:24:00,683,42.0419,42.04,42.04,42.04,42.04,23
2023-05-12 18:25:00,358,42.0344,42.03,42.03,42.03,42.03,7
2023-05-12 18:26:00,2124,42.041,42.03,42.04,42.05,42.03,44
2023-05-12 18:27:00,1074,42.0386,42.04,42.04,42.04,42.04,23
2023-05-12 18:28:00,1093,42.06,42.06,42.06,42.06,42.06,19
2023-05-12 18:29:00,1511,42.0432,42.06,42.04,42.06,42.03,34
2023-05-12 18:30:00,500,42.0381,42.04,42.04,42.04,42.04,12
2023-05-12 18:31:00,3958,42.047,42.025,42.075,42.08,42.025,52
2023-05-12 18:32:00,2379,42.0719,42.08,42.07,42.08,42.07,41
2023-05-12 18:33:00,411,42.0265,42.03,42.03,42.03,42.03,11
2023-05-12 18:34:00,1240,42.0328,42.04,42.03,42.04,42.02,20
2023-05-12 18:35:00,1417,42.0375,42.035,42.05,42.05,42.025,32
2023-05-12 18:36:00,653,42.0559,42.06,42.06,42.06,42.06,19
2023-05-12 18:37:00,1929,42.0676,42.07,42.08,42.08,42.06,34
2023-05-12 18:38:00,1877,42.0538,42.05,42.05,42.05,42.05,25
2023-05-12 18:39:00,2252,42.0371,42.04,42.05,42.05,42.03,42
2023-05-12 18:40:00,302,42.0342,42.04,42.025,42.04,42.025,5
2023-05-12 18:41:00,462,42.0105,42.01,42.01,42.01,42.01,8
2023-05-12 18:42:00,1625,42.0182,42.01,42.02,42.02,42.01,32
2023-05-12 18:43:00,957,42.0305,42.03,42.03,42.035,42.03,21
2023-05-12 18:44:00,948,42.0265,42.03,42.02,42.03,42.02,16
2023-05-12 18:46:00,605,42.0137,42.02,42.02,42.02,42.02,21
2023-05-12 18:47:00,4113,42.0239,42.01,42.02,42.03,42.01,64
2023-05-12 18:49:00,1767,42.0183,42.02,42.005,42.02,42.005,33
2023-05-12 18:50:00,324,42.0216,42.02,42.02,42.02,42.02,7
2023-05-12 18:51:00,585,42.02,42.02,42.02,42.02,42.02,12
2023-05-12 18:52:00,1268,42.017,42.02,42.01,42.02,42.01,25
2023-05-12 18:53:00,1898,42.0289,42.03,42.03,42.04,42.02,33
2023-05-12 18:55:00,584,42.0268,42.03,42.03,42.03,42.03,9
2023-05-12 18:56:00,1444,42.0244,42.03,42.025,42.03,42.02,31
2023-05-12 18:57:00,1835,42.0263,42.02,42.035,42.035,42.02,35
2023-05-12 18:58:00,1139,42.04,42.04,42.03,42.05,42.03,21
2023-05-12 18:59:00,1733,42.0446,42.03,42.05,42.05,42.03,39
2023-05-12 19:00:00,781,42.0653,42.06,42.07,42.07,42.06,25
2023-05-12 19:01:00,1698,42.0541,42.06,42.05,42.06,42.05,24
2023-05-12 19:02:00,706,42.0489,42.055,42.05,42.055,42.05,19
2023-05-12 19:03:00,4395,42.0622,42.045,42.07,42.08,42.045,72
2023-05-12 19:04:00,1318,42.0495,42.06,42.035,42.06,42.035,31
2023-05-12 19:05:00,594,42.0402,42.04,42.04,42.04,42.04,11
2023-05-12 19:06:00,3467,42.0343,42.03,42.04,42.04,42.025,53
2023-05-12 19:07:00,3546,42.0371,42.03,42.04,42.05,42.03,43
2023-05-12 19:08:00,3018,42.055,42.04,42.06,42.06,42.04,64
2023-05-12 19:09:00,836,42.0642,42.06,42.07,42.07,42.06,14
2023-05-12 19:10:00,812,42.0569,42.06,42.06,42.06,42.06,28
2023-05-12 19:11:00,442,42.0575,42.06,42.06,42.06,42.06,11
2023-05-12 19:12:00,2194,42.0421,42.05,42.04,42.05,42.035,49
2023-05-12 19:13:00,1054,42.0161,42.02,42.0,42.02,42.0,27
2023-05-12 19:14:00,2499,41.9925,42.0,41.98,42.0,41.98,34
2023-05-12 19:15:00,2187,42.0045,42.0,42.005,42.01,42.0,44
2023-05-12 19:16:00,394,42.0113,42.015,42.015,42.015,42.015,12
2023-05-12 19:17:00,672,42.01,42.01,42.01,42.01,42.01,15
2023-05-12 19:18:00,546,42.0007,42.0,42.0,42.0,42.0,15
2023-05-12 19:19:00,2802,42.0013,42.0,42.0,42.0,41.995,50
2023-05-12 19:20:00,3816,41.9922,41.99,42.0,42.0,41.99,62
2023-05-12 19:21:00,1959,41.9842,41.99,41.98,41.99,41.98,32
2023-05-12 19:22:00,1273,41.9786,41.98,41.97,41.985,41.97,24
2023-05-12 19:23:00,2492,41.9853,41.98,41.99,41.99,41.975,39
2023-05-12 19:24:00,481,41.9917,41.99,41.99,41.99,41.99,14
2023-05-12 19:25:00,1862,41.9796,41.98,41.97,41.98,41.97,25
2023-05-12 19:26:00,4528,41.9933,41.98,41.99,42.01,41.98,78
2023-05-12 19:27:00,654,41.981,41.97,41.97,41.97,41.97,24
2023-05-12 19:28:00,384,41.98,41.98,41.98,41.98,41.98,9
2023-05-12 19:29:00,2063,41.972,41.99,41.9625,41.99,41.96,42
2023-05-12 19:30:00,6166,41.9775,41.97,41.96,42.0,41.96,93
2023-05-12 19:31:00,1853,41.9462,41.95,41.93,41.95,41.93,48
2023-05-12 19:32:00,876,41.9174,41.93,41.92,41.93,41.92,19
2023-05-12 19:33:00,2725,41.909,41.9,41.9,41.915,41.9,67
2023-05-12 19:34:00,1987,41.9169,41.89,41.93,41.93,41.89,34
2023-05-12 19:35:00,2400,41.9389,41.93,41.94,41.95,41.92,60
2023-05-12 19:36:00,4893,41.9245,41.93,41.94,41.95,41.9,81
2023-05-12 19:37:00,1810,41.9314,41.93,41.93,41.93,41.93,33
2023-05-12 19:38:00,2732,41.9065,41.92,41.9,41.92,41.898,47
2023-05-12 19:39:00,1617,41.8968,41.89,41.89,41.9,41.89,28
2023-05-12 19:40:00,8499,41.9108,41.895,41.89,41.93,41.89,89
2023-05-12 19:41:00,2351,41.8632,41.88,41.84,41.88,41.84,22
2023-05-12 19:42:00,4200,41.8663,41.86,41.87,41.88,41.86,88
2023-05-12 19:43:00,2775,41.8681,41.86,41.87,41.87,41.86,47
2023-05-12 19:44:00,2188,41.8637,41.86,41.85,41.86,41.85,27
2023-05-12 19:45:00,6830,41.8362,41.84,41.87,41.87,41.815,123
2023-05-12 19:46:00,4903,41.8533,41.86,41.85,41.87,41.84,74
2023-05-12 19:47:00,3569,41.8444,41.85,41.84,41.85,41.835,58
2023-05-12 19:48:00,5730,41.8253,41.83,41.82,41.83,41.82,89
2023-05-12 19:49:00,3379,41.8514,41.84,41.875,41.875,41.84,75
2023-05-12 19:50:00,6237,41.8367,41.85,41.8,41.86,41.8,109
2023-05-12 19:51:00,9629,41.7847,41.795,41.815,41.815,41.765,150
2023-05-12 19:52:00,5721,41.8048,41.82,41.79,41.82,41.79,89
2023-05-12 19:53:00,5601,41.8028,41.79,41.8,41.82,41.79,111
2023-05-12 19:54:00,11309,41.8136,41.8,41.83,41.835,41.79,188
2023-05-12 19:55:00,20894,41.7891,41.8,41.815,41.82,41.75,331
2023-05-12 19:56:00,11111,41.8026,41.815,41.8,41.82,41.78,183
2023-05-12 19:57:00,24632,41.7849,41.8,41.78,41.81,41.77,328
2023-05-12 19:58:00,21006,41.7738,41.77,41.765,41.8,41.75,229
2023-05-12 19:59:00,36556,41.7637,41.77,41.76,41.78,41.75,424
2023-05-12 20:00:00,7937,41.75,41.75,41.75,41.75,41.75,5
2023-05-15 13:29:00,781,42.4341,42.45,42.43,42.45,42.43,3
2023-05-15 13:30:00,8192,42.2168,42.21,42.22,42.51,42.21,13
2023-05-15 13:31:00,8189,42.2186,42.26,42.3,42.345,42.17,102
2023-05-15 13:32:00,846,42.5214,42.57,42.55,42.57,42.48,22
2023-05-15 13:33:00,810,42.6571,42.62,42.75,42.75,42.61,17
2023-05-15 13:34:00,1262,42.7022,42.75,42.74,42.75,42.61,27
2023-05-15 13:35:00,8514,42.8136,42.74,42.86,42.89,42.685,108
2023-05-15 13:36:00,5000,42.757,42.825,42.76,42.86,42.72,73
2023-05-15 13:37:00,4162,42.7698,42.72,42.88,42.88,42.72,68
2023-05-15 13:38:00,3522,42.793,42.83,42.76,42.88,42.76,45
2023-05-15 13:39:00,6450,42.7813,42.77,42.74,42.81,42.74,95
2023-05-15 13:40:00,411,42.7317,42.69,42.735,42.735,42.69,20
2023-05-15 13:41:00,118,42.7336,42.73,42.73,42.73,42.73,11
2023-05-15 13:42:00,8439,42.6853,42.7,42.795,42.795,42.64,87
2023-05-15 13:43:00,105,42.7542,42.755,42.755,42.755,42.755,3
2023-05-15 13:44:00,355,42.6985,42.72,42.72,42.72,42.72,8
2023-05-15 13:45:00,1497,42.7144,42.695,42.75,42.75,42.695,21
2023-05-15 13:46:00,4348,42.8666,42.75,42.89,42.89,42.75,70
2023-05-15 13:47:00,3674,42.9215,42.92,42.89,42.97,42.89,61
2023-05-15 13:48:00,2676,42.8749,42.915,42.82,42.915,42.82,34
2023-05-15 13:49:00,3360,42.8045,42.82,42.83,42.83,42.79,48
2023-05-15 13:50:00,968,42.7762,42.825,42.73,42.8275,42.73,18
2023-05-15 13:51:00,460,42.7559,42.75,42.755,42.755,42.75,8
2023-05-15 13:52:00,3871,42.7221,42.755,42.73,42.77,42.69,63
2023-05-15 13:53:00,677,42.8092,42.78,42.84,42.84,42.78,11
2023-05-15 13:54:00,2869,42.8842,42.86,42.88,42.895,42.86,39
2023-05-15 13:55:00,2652,42.9394,42.88,43.0,43.0,42.88,45
2023-05-15 13:56:00,4848,42.963,42.99,42.93,43.005,42.93,76
2023-05-15 13:57:00,1844,42.9212,42.93,42.92,42.93,42.91,28
2023-05-15 13:58:00,2919,42.996,42.95,43.03,43.03,42.95,53
2023-05-15 13:59:00,3741,43.0036,43.025,42.98,43.04,42.97,47
2023-05-15 14:00:00,1832,42.9417,42.945,42.92,42.97,42.92,34
2023-05-15 14:01:00,1376,42.9502,42.96,42.94,42.97,42.94,26
2023-05-15 14:02:00,1778,42.9363,42.94,42.935,42.94,42.92,20
2023-05-15 14:03:00,3110,42.9272,42.94,42.89,42.94,42.89,46
2023-05-15 14:04:00,12859,42.9499,42.895,42.96,43.01,42.895,147
2023-05-15 14:05:00,5349,42.9566,42.96,42.91,42.97,42.91,77
2023-05-15 14:06:00,1364,42.8662,42.905,42.78,42.905,42.78,23
2023-05-15 14:07:00,4382,42.7833,42.77,42.78,42.8,42.77,79
2023-05-15 14:08:00,2670,42.7418,42.78,42.69,42.78,42.69,49
2023-05-15 14:09:00,1381,42.6908,42.71,42.65,42.71,42.65,29
2023-05-15 14:10:00,6577,42.6414,42.61,42.64,42.65,42.61,94
2023-05-15 14:11:00,4205,42.6396,42.64,42.65,42.67,42.63,62
2023-05-15 14:12:00,428,42.6512,42.65,42.65,42.65,42.65,15
2023-05-15 14:13:00,3823,42.6434,42.67,42.65,42.67,42.615,61
2023-05-15 14:14:00,13845,42.6999,42.68,42.72,42.74,42.65,192
2023-05-15 14:15:00,2864,42.7259,42.735,42.685,42.77,42.685,60
2023-05-15 14:16:00,7795,42.7062,42.65,42.74,42.74,42.65,50
2023-05-15 14:18:00,5468,42.7938,42.82,42.76,42.82,42.76,83
2023-05-15 14:19:00,6991,42.7709,42.72,42.78,42.8,42.72,87
2023-05-15 14:20:00,4149,42.7974,42.8,42.75,42.83,42.75,64
2023-05-15 14:21:00,1728,42.7145,42.73,42.705,42.73,42.69,30
2023-05-15 14:22:00,3350,42.6986,42.72,42.7,42.72,42.66,58
2023-05-15 14:23:00,817,42.7488,42.75,42.75,42.76,42.75,17
2023-05-15 14:24:00,3214,42.7917,42.78,42.73,42.83,42.73,59
2023-05-15 14:25:00,2890,42.7425,42.74,42.71,42.76,42.71,49
2023-05-15 14:26:00,481,42.7209,42.72,42.72,42.72,42.72,6
2023-05-15 14:27:00,1096,42.7054,42.73,42.66,42.73,42.66,18
2023-05-15 14:28:00,2201,42.6806,42.65,42.7,42.7,42.65,43
2023-05-15 14:29:00,2504,42.703,42.705,42.67,42.72,42.67,46
2023-05-15 14:30:00,2423,42.6771,42.67,42.68,42.69,42.67,36
2023-05-15 14:31:00,1929,42.7081,42.7,42.72,42.72,42.7,38
2023-05-15 14:32:00,2818,42.6946,42.71,42.68,42.71,42.68,43
2023-05-15 14:33:00,1769,42.7198,42.7,42.73,42.735,42.7,34
2023-05-15 14:34:00,2157,42.7343,42.73,42.745,42.75,42.71,44
2023-05-15 14:35:00,3486,42.8105,42.78,42.82,42.825,42.78,60
2023-05-15 14:36:00,3112,42.8314,42.84,42.84,42.845,42.81,47
2023-05-15 14:37:00,2828,42.8789,42.85,42.9,42.91,42.85,53
2023-05-15 14:38:00,1925,42.9177,42.92,42.9,42.92,42.9,37
2023-05-15 14:39:00,3459,42.9949,42.94,43.01,43.01,42.94,53
2023-05-15 14:40:00,2252,43.0437,43.03,43.06,43.06,43.0,48
2023-05-15 14:41:00,3740,43.0151,43.05,43.01,43.05,43.0,49
2023-05-15 14:42:00,987,43.0316,43.02,43.05,43.05,43.02,17
2023-05-15 14:43:00,3522,43.0821,43.07,43.105,43.105,43.07,58
2023-05-15 14:44:00,3173,43.1164,43.11,43.09,43.14,43.09,40
2023-05-15 14:45:00,3380,43.0267,43.07,43.03,43.07,43.005,31
2023-05-15 14:46:00,1707,43.0587,43.04,43.05,43.08,43.04,22
2023-05-15 14:47:00,2827,43.0527,43.06,43.01,43.07,43.01,53
2023-05-15 14:48:00,5523,43.0735,43.01,43.11,43.12,43.01,79
2023-05-15 14:49:00,1976,43.1214,43.12,43.115,43.13,43.115,27
2023-05-15 14:50:00,1789,43.1209,43.12,43.11,43.13,43.11,26
2023-05-15 14:51:00,4320,43.1483,43.125,43.16,43.16,43.125,55
2023-05-15 14:52:00,4466,43.1445,43.14,43.14,43.16,43.13,72
2023-05-15 14:53:00,3051,43.1702,43.15,43.18,43.1806,43.15,43
2023-05-15 14:54:00,2610,43.1293,43.16,43.09,43.16,43.09,42
2023-05-15 14:55:00,1048,43.1109,43.1,43.12,43.12,43.1,13
2023-05-15 14:56:00,3359,43.1152,43.12,43.1,43.12,43.095,41
2023-05-15 14:57:00,2971,43.0754,43.1,43.08,43.1,43.05,46
2023-05-15 14:58:00,1049,43.066,43.09,43.04,43.09,43.04,27
2023-05-15 14:59:00,6202,43.0056,43.0,42.995,43.02,42.99,81
2023-05-15 15:00:00,2805,42.9908,43.0,42.97,43.0,42.97,40
2023-05-15 15:01:00,339,42.9595,42.96,42.96,42.96,42.96,7
2023-05-15 15:02:00,2369,42.88,42.92,42.84,42.92,42.84,37
2023-05-15 15:03:00,3150,42.8737,42.85,42.875,42.9,42.85,57
2023-05-15 15:04:00,405,42.8771,42.87,42.87,42.89,42.87,5
2023-05-15 15:05:00,2728,42.9057,42.88,42.93,42.93,42.875,48
2023-05-15 15:06:00,1811,42.9812,42.96,43.0,43.0,42.96,28
2023-05-15 15:07:00,2712,43.0044,43.01,42.98,43.015,42.98,36
2023-05-15 15:08:00,1611,42.9701,42.97,42.98,42.98,42.96,21
2023-05-15 15:09:00,3214,42.9898,42.98,42.98,43.0,42.98,43
2023-05-15 15:10:00,1841,42.9775,42.98,42.99,43.0,42.97,28
2023-05-15 15:12:00,404,42.9985,42.99,42.99,42.99,42.99,12
2023-05-15 15:13:00,495,43.0288,43.02,43.04,43.04,43.02,12
2023-05-15 15:14:00,639,43.0478,43.05,43.08,43.08,43.05,9
2023-05-15 15:15:00,866,43.1035,43.065,43.115,43.115,43.065,19
2023-05-15 15:17:00,571,43.1579,43.145,43.16,43.16,43.145,10
2023-05-15 15:18:00,400,43.178,43.2,43.2,43.2,43.2,9
2023-05-15 15:19:00,543,43.198,43.2,43.2,43.2,43.2,13
2023-05-15 15:20:00,1609,43.2039,43.21,43.23,43.23,43.2,32
2023-05-15 15:21:00,5196,43.2016,43.21,43.183,43.21,43.183,62
2023-05-15 15:22:00,1002,43.1991,43.2,43.2,43.2,43.2,16
2023-05-15 15:23:00,854,43.2116,43.22,43.22,43.22,43.19,15
2023-05-15 15:24:00,323,43.2399,43.24,43.24,43.24,43.24,8
2023-05-15 15:25:00,452,43.2534,43.25,43.25,43.25,43.25,13
2023-05-15 15:26:00,3926,43.2252,43.28,43.19,43.28,43.19,61
2023-05-15 15:27:00,2579,43.202,43.19,43.215,43.215,43.185,29
2023-05-15 15:28:00,3249,43.2137,43.22,43.2,43.23,43.2,44
2023-05-15 15:29:00,1030,43.1827,43.19,43.18,43.19,43.18,21
2023-05-15 15:30:00,1741,43.1818,43.17,43.179,43.18,43.17,27
2023-05-15 15:31:00,2558,43.1823,43.18,43.18,43.188,43.17,15
2023-05-15 15:32:00,1868,43.157,43.18,43.14,43.18,43.13,36
2023-05-15 15:33:00,928,43.1272,43.145,43.12,43.145,43.12,18
2023-05-15 15:34:00,769,43.1113,43.11,43.11,43.11,43.1,19
2023-05-15 15:35:00,1129,43.1004,43.105,43.1,43.105,43.1,17
2023-05-15 15:36:00,840,43.1147,43.11,43.12,43.12,43.11,13
2023-05-15 15:37:00,1474,43.1015,43.11,43.105,43.11,43.09,23
2023-05-15 15:38:00,681,43.1153,43.09,43.13,43.13,43.09,22
2023-05-15 15:39:00,330,43.1546,43.155,43.155,43.155,43.155,3
2023-05-15 15:40:00,716,43.1735,43.18,43.18,43.18,43.17,18
2023-05-15 15:41:00,1854,43.1589,43.18,43.15,43.18,43.15,36
2023-05-15 15:42:00,1617,43.1557,43.15,43.16,43.162,43.14,26
2023-05-15 15:43:00,1698,43.1651,43.16,43.16,43.18,43.16,27
2023-05-15 15:45:00,950,43.1509,43.16,43.14,43.16,43.14,17
2023-05-15 15:46:00,814,43.1407,43.14,43.14,43.14,43.14,17
2023-05-15 15:47:00,414,43.1217,43.12,43.125,43.125,43.12,16
2023-05-15 15:48:00,915,43.1035,43.11,43.1,43.11,43.085,26
2023-05-15 15:49:00,581,43.0952,43.09,43.09,43.09,43.09,12
2023-05-15 15:50:00,847,43.0328,43.05,42.99,43.05,42.99,18
2023-05-15 15:51:00,696,42.9871,42.98,42.99,42.99,42.98,14
2023-05-15 15:52:00,1284,43.0039,43.0,43.04,43.04,42.99,33
2023-05-15 15:54:00,124,43.0405,43.05,43.05,43.05,43.05,2
2023-05-15 15:55:00,420,43.0784,43.07,43.08,43.08,43.07,16
2023-05-15 15:57:00,2837,43.1008,43.11,43.1,43.115,43.1,43
2023-05-15 15:58:00,383,43.1157,43.11,43.11,43.11,43.11,11
2023-05-15 15:59:00,296,43.1258,43.12,43.12,43.12,43.12,15
2023-05-15 16:00:00,1325,43.1196,43.12,43.12,43.12,43.12,26
2023-05-15 16:01:00,1041,43.1329,43.125,43.14,43.14,43.125,20
2023-05-15 16:02:00,2399,43.1328,43.15,43.08,43.15,43.08,43
2023-05-15 16:03:00,1587,43.0843,43.08,43.105,43.105,43.0793,23
2023-05-15 16:06:00,793,43.1121,43.11,43.12,43.12,43.11,16
2023-05-15 16:07:00,879,43.1311,43.13,43.14,43.14,43.13,17
2023-05-15 16:09:00,863,43.1367,43.14,43.115,43.14,43.115,17
2023-05-15 16:10:00,1102,43.0893,43.11,43.075,43.11,43.07,24
2023-05-15 16:11:00,1278,43.066,43.07,43.07,43.07,43.05,21
2023-05-15 16:12:00,883,43.0585,43.06,43.06,43.06,43.06,17
2023-05-15 16:13:00,208,43.0307,43.03,43.03,43.03,43.03,11
2023-05-15 16:15:00,1587,43.015,43.02,43.02,43.02,42.99,34
2023-05-15 16:16:00,955,42.9952,42.98,43.01,43.01,42.98,27
2023-05-15 16:17:00,1228,43.0119,43.01,43.01,43.01,43.01,13
2023-05-15 16:18:00,753,43.05,43.04,43.0644,43.0644,43.04,17
2023-05-15 16:21:00,261,43.0647,43.07,43.0677,43.07,43.0677,5
2023-05-15 16:22:00,1937,43.0464,43.05,43.03,43.05,43.03,25
2023-05-15 16:24:00,1555,43.0233,43.03,43.0,43.04,43.0,34
2023-05-15 16:25:00,1499,42.9917,42.98,43.0,43.0,42.973,33
2023-05-15 16:26:00,985,42.9983,42.98,43.0,43.0,42.98,15
2023-05-15 16:27:00,872,42.9917,43.0,42.99,43.0,42.99,19
2023-05-15 16:29:00,612,42.9918,42.99,43.0,43.0,42.99,17
2023-05-15 16:30:00,1157,42.9938,42.99,43.0,43.0,42.99,18
2023-05-15 16:31:00,1726,43.0152,43.01,43.02,43.02,43.01,34
2023-05-15 16:32:00,200,43.005,43.0,43.01,43.01,43.0,2
2023-05-15 16:33:00,2255,42.9961,42.99,43.0,43.0,42.99,27
2023-05-15 16:34:00,1633,43.0281,43.0,43.045,43.05,43.0,24
2023-05-15 16:35:00,2028,43.0467,43.05,43.04,43.05,43.04,28
2023-05-15 16:37:00,361,43.0492,43.05,43.05,43.05,43.05,8
2023-05-15 16:39:00,1192,43.0346,43.04,43.03,43.04,43.03,20
2023-05-15 16:41:00,163,43.0102,43.01,43.01,43.01,43.01,4
2023-05-15 16:43:00,624,43.0315,43.03,43.03,43.04,43.03,13
2023-05-15 16:46:00,1670,43.0396,43.04,43.03,43.04,43.03,27
2023-05-15 16:47:00,149,43.03,43.03,43.03,43.03,43.03,3
2023-05-15 16:51:00,2129,43.0424,43.04,43.05,43.05,43.04,30
2023-05-15 16:52:00,1865,43.0625,43.05,43.07,43.07,43.05,48
2023-05-15 16:54:00,273,43.0718,43.075,43.07,43.075,43.07,5
2023-05-15 16:56:00,782,43.097,43.09,43.1,43.1,43.09,17
2023-05-15 16:57:00,8178,43.0984,43.09,43.08,43.125,43.08,89
2023-05-15 16:59:00,537,43.0732,43.072,43.072,43.072,43.072,10
2023-05-15 17:00:00,810,43.1023,43.1,43.095,43.11,43.09,9
2023-05-15 17:02:00,1105,43.1292,43.12,43.14,43.15,43.12,17
2023-05-15 17:04:00,981,43.1612,43.16,43.17,43.17,43.15,21
2023-05-15 17:05:00,1381,43.1861,43.18,43.17,43.21,43.17,29
2023-05-15 17:06:00,233,43.2126,43.23,43.23,43.23,43.23,10
2023-05-15 17:07:00,608,43.2333,43.23,43.23,43.24,43.23,11
2023-05-15 17:08:00,2202,43.2197,43.22,43.215,43.22,43.215,45
2023-05-15 17:09:00,736,43.2193,43.22,43.22,43.22,43.215,13
2023-05-15 17:10:00,2022,43.2155,43.23,43.2,43.23,43.2,32
2023-05-15 17:11:00,1236,43.2139,43.2,43.23,43.23,43.19,21
2023-05-15 17:12:00,1061,43.2491,43.24,43.255,43.26,43.24,24
2023-05-15 17:13:00,1295,43.2428,43.25,43.24,43.25,43.23,27
2023-05-15 17:14:00,593,43.2558,43.25,43.26,43.26,43.25,13
2023-05-15 17:15:00,1782,43.294,43.27,43.295,43.31,43.27,30
2023-05-15 17:16:00,582,43.2986,43.3,43.32,43.32,43.3,11
2023-05-15 17:17:00,3691,43.3191,43.32,43.31,43.33,43.31,55
2023-05-15 17:18:00,204,43.2976,43.3,43.3,43.3,43.3,5
2023-05-15 17:19:00,880,43.2979,43.3,43.29,43.3,43.29,16
2023-05-15 17:20:00,1207,43.295,43.3,43.29,43.3,43.29,20
2023-05-15 17:21:00,609,43.2995,43.3,43.3,43.3,43.3,12
2023-05-15 17:22:00,649,43.3,43.295,43.3,43.3,43.295,8
2023-05-15 17:23:00,641,43.2989,43.29,43.3,43.305,43.29,10
2023-05-15 17:24:00,2049,43.3224,43.31,43.34,43.34,43.31,38
2023-05-15 17:25:00,627,43.3473,43.35,43.35,43.35,43.35,20
2023-05-15 17:26:00,2147,43.3561,43.35,43.365,43.365,43.35,47
2023-05-15 17:27:00,5442,43.3791,43.38,43.37,43.4,43.37,86
2023-05-15 17:28:00,1121,43.3594,43.36,43.355,43.365,43.355,21
2023-05-15 17:29:00,887,43.3577,43.35,43.36,43.36,43.35,13
2023-05-15 17:30:00,520,43.3577,43.35,43.36,43.36,43.35,10
2023-05-15 17:31:00,1540,43.3395,43.36,43.32,43.36,43.32,30
2023-05-15 17:32:00,1042,43.3293,43.32,43.34,43.34,43.32,26
2023-05-15 17:33:00,820,43.3448,43.34,43.35,43.35,43.34,13
2023-05-15 17:34:00,314,43.3434,43.345,43.34,43.345,43.34,4
2023-05-15 17:35:00,633,43.3599,43.35,43.365,43.365,43.35,14
2023-05-15 17:36:00,1273,43.37,43.37,43.37,43.37,43.37,23
2023-05-15 17:37:00,231,43.37,43.37,43.37,43.37,43.37,7
2023-05-15 17:38:00,804,43.3759,43.38,43.38,43.38,43.38,14
2023-05-15 17:39:00,806,43.3861,43.38,43.39,43.39,43.38,20
2023-05-15 17:40:00,220,43.4068,43.405,43.41,43.41,43.405,3
2023-05-15 17:41:00,1625,43.4012,43.405,43.4,43.405,43.4,28
2023-05-15 17:42:00,1031,43.401,43.4,43.4,43.4,43.4,19
2023-05-15 17:43:00,2558,43.3849,43.4,43.38,43.4,43.37,40
2023-05-15 17:44:00,241,43.3797,43.38,43.38,43.38,43.38,7
2023-05-15 17:45:00,305,43.3866,43.385,43.39,43.39,43.385,4
2023-05-15 17:46:00,1823,43.3712,43.3875,43.365,43.3875,43.365,41
2023-05-15 17:47:00,1015,43.3674,43.36,43.37,43.37,43.36,28
2023-05-15 17:48:00,200,43.37,43.37,43.37,43.37,43.37,2
2023-05-15 17:49:00,225,43.3744,43.37,43.37,43.37,43.37,8
2023-05-15 17:50:00,1039,43.3619,43.37,43.36,43.37,43.36,19
2023-05-15 17:51:00,1901,43.3764,43.36,43.4,43.4,43.36,27
2023-05-15 17:52:00,442,43.4018,43.4,43.4,43.4,43.4,8
2023-05-15 17:53:00,1320,43.4178,43.41,43.43,43.43,43.41,15
2023-05-15 17:54:00,3593,43.4375,43.44,43.43,43.45,43.43,43
2023-05-15 17:55:00,1485,43.4303,43.42,43.45,43.45,43.41,20
2023-05-15 17:56:00,450,43.4603,43.46,43.453,43.46,43.453,8
2023-05-15 17:57:00,230,43.4588,43.46,43.46,43.46,43.46,4
2023-05-15 17:58:00,1597,43.4554,43.4675,43.44,43.4675,43.44,27
2023-05-15 17:59:00,412,43.4468,43.445,43.45,43.45,43.44,10
2023-05-15 18:01:00,739,43.4638,43.46,43.47,43.47,43.46,20
2023-05-15 18:02:00,2401,43.4605,43.46,43.47,43.47,43.45,40
2023-05-15 18:03:00,930,43.4693,43.47,43.47,43.47,43.461,17
2023-05-15 18:04:00,326,43.4793,43.49,43.485,43.49,43.485,6
2023-05-15 18:05:00,701,43.4802,43.485,43.485,43.485,43.48,12
2023-05-15 18:06:00,263,43.4876,43.485,43.49,43.49,43.485,6
2023-05-15 18:07:00,1024,43.5,43.5,43.5,43.5,43.5,14
2023-05-15 18:08:00,433,43.515,43.51,43.51,43.51,43.51,15
2023-05-15 18:09:00,3821,43.515,43.52,43.53,43.53,43.51,45
2023-05-15 18:10:00,149,43.5334,43.535,43.535,43.535,43.535,2
2023-05-15 18:11:00,817,43.5284,43.53,43.54,43.54,43.53,16
2023-05-15 18:12:00,1772,43.54,43.54,43.54,43.54,43.54,23
2023-05-15 18:13:00,853,43.5458,43.54,43.545,43.55,43.54,7
2023-05-15 18:14:00,1910,43.5546,43.55,43.56,43.57,43.55,31
2023-05-15 18:15:00,1630,43.5652,43.555,43.59,43.59,43.555,16
2023-05-15 18:16:00,6291,43.6013,43.61,43.605,43.62,43.58,82
2023-05-15 18:17:00,1137,43.5732,43.58,43.565,43.58,43.565,20
2023-05-15 18:18:00,1711,43.592,43.58,43.625,43.625,43.58,32
2023-05-15 18:19:00,443,43.6266,43.625,43.62,43.625,43.62,9
2023-05-15 18:20:00,777,43.6352,43.635,43.635,43.635,43.63,21
2023-05-15 18:21:00,7904,43.6753,43.635,43.61,43.7,43.61,86
2023-05-15 18:22:00,649,43.6086,43.62,43.61,43.62,43.595,13
2023-05-15 18:23:00,621,43.6292,43.63,43.63,43.63,43.63,10
2023-05-15 18:24:00,1304,43.6373,43.63,43.63,43.64,43.63,24
2023-05-15 18:25:00,4557,43.6476,43.65,43.63,43.65,43.63,68
2023-05-15 18:26:00,3365,43.6273,43.63,43.62,43.64,43.61,51
2023-05-15 18:27:00,501,43.6334,43.63,43.63,43.63,43.63,9
2023-05-15 18:28:00,1185,43.6381,43.63,43.645,43.645,43.63,15
2023-05-15 18:29:00,680,43.6614,43.66,43.665,43.665,43.66,21
2023-05-15 18:30:00,367,43.6845,43.69,43.69,43.69,43.69,6
2023-05-15 18:31:00,400,43.68,43.68,43.68,43.68,43.68,6
2023-05-15 18:32:00,2343,43.6704,43.68,43.66,43.68,43.66,36
2023-05-15 18:33:00,3969,43.6837,43.69,43.67,43.7,43.67,56
2023-05-15 18:34:00,1384,43.6644,43.67,43.66,43.67,43.66,31
2023-05-15 18:35:00,1222,43.6323,43.64,43.62,43.64,43.62,24
2023-05-15 18:36:00,1368,43.6311,43.63,43.63,43.64,43.625,20
2023-05-15 18:37:00,202,43.649,43.635,43.635,43.635,43.635,3
2023-05-15 18:38:00,900,43.6367,43.64,43.635,43.64,43.63,6
2023-05-15 18:39:00,999,43.6403,43.6375,43.64,43.64,43.6375,21
2023-05-15 18:40:00,985,43.651,43.65,43.65,43.655,43.645,18
2023-05-15 18:41:00,2230,43.6571,43.66,43.67,43.67,43.65,34
2023-05-15 18:42:00,620,43.6879,43.68,43.7,43.7,43.68,11
2023-05-15 18:43:00,614,43.7181,43.71,43.72,43.72,43.71,9
2023-05-15 18:44:00,1961,43.7263,43.75,43.72,43.75,43.72,27
2023-05-15 18:45:00,2401,43.7121,43.72,43.705,43.72,43.705,37
2023-05-15 18:46:00,144,43.7139,43.715,43.715,43.715,43.715,6
2023-05-15 18:47:00,2897,43.7032,43.715,43.7,43.715,43.69,46
2023-05-15 18:48:00,200,43.7075,43.705,43.71,43.71,43.705,2
2023-05-15 18:49:00,2930,43.7114,43.71,43.71,43.72,43.71,57
2023-05-15 18:50:00,496,43.7015,43.705,43.7,43.705,43.7,12
2023-05-15 18:51:00,2114,43.721,43.71,43.73,43.73,43.71,22
2023-05-15 18:52:00,2374,43.7289,43.735,43.725,43.735,43.72,36
2023-05-15 18:53:00,1309,43.743,43.73,43.77,43.77,43.73,25
2023-05-15 18:54:00,627,43.7513,43.75,43.75,43.75,43.75,11
2023-05-15 18:55:00,1474,43.7501,43.75,43.75,43.755,43.75,27
2023-05-15 18:56:00,1103,43.7583,43.76,43.76,43.76,43.755,18
2023-05-15 18:57:00,4997,43.7388,43.76,43.73,43.76,43.71,67
2023-05-15 18:58:00,570,43.7239,43.735,43.71,43.735,43.71,13
2023-05-15 18:59:00,342,43.7094,43.695,43.695,43.695,43.695,13
2023-05-15 19:00:00,1234,43.7154,43.71,43.72,43.72,43.71,21
2023-05-15 19:01:00,600,43.7211,43.72,43.72,43.72,43.72,14
2023-05-15 19:02:00,2754,43.7219,43.72,43.73,43.73,43.72,44
2023-05-15 19:03:00,436,43.7449,43.745,43.75,43.75,43.745,11
2023-05-15 19:04:00,1214,43.7582,43.745,43.77,43.77,43.745,19
2023-05-15 19:05:00,4846,43.7502,43.77,43.715,43.79,43.715,74
2023-05-15 19:07:00,471,43.7322,43.73,43.73,43.73,43.73,8
2023-05-15 19:08:00,757,43.7357,43.73,43.73,43.73,43.73,17
2023-05-15 19:09:00,1310,43.7419,43.74,43.74,43.75,43.74,16
2023-05-15 19:10:00,807,43.7438,43.735,43.75,43.75,43.735,17
2023-05-15 19:11:00,1104,43.7574,43.76,43.765,43.765,43.76,14
2023-05-15 19:12:00,3837,43.753,43.77,43.75,43.77,43.75,49
2023-05-15 19:13:00,450,43.7574,43.76,43.76,43.76,43.76,10
2023-05-15 19:14:00,924,43.7702,43.76,43.78,43.78,43.76,17
2023-05-15 19:15:00,2188,43.7851,43.8,43.78,43.8,43.78,34
2023-05-15 19:16:00,612,43.7924,43.79,43.795,43.795,43.79,14
2023-05-15 19:17:00,1336,43.7943,43.795,43.8,43.8,43.795,19
2023-05-15 19:18:00,6140,43.779,43.8,43.74,43.8,43.74,91
2023-05-15 19:19:00,1143,43.7258,43.72,43.71,43.73,43.71,26
2023-05-15 19:20:00,1017,43.6879,43.7,43.68,43.7,43.68,22
2023-05-15 19:21:00,3020,43.6899,43.67,43.705,43.705,43.67,44
2023-05-15 19:22:00,702,43.7186,43.72,43.7,43.72,43.7,16
2023-05-15 19:23:00,687,43.7225,43.71,43.72,43.72,43.71,15
2023-05-15 19:24:00,1182,43.7448,43.735,43.755,43.76,43.735,21
2023-05-15 19:25:00,2113,43.7506,43.75,43.74,43.76,43.74,26
2023-05-15 19:26:00,3770,43.7365,43.745,43.71,43.745,43.71,52
2023-05-15 19:27:00,1101,43.7105,43.71,43.71,43.72,43.705,15
2023-05-15 19:28:00,1163,43.7215,43.72,43.72,43.729,43.72,18
2023-05-15 19:29:00,648,43.7215,43.72,43.725,43.725,43.72,16
2023-05-15 19:30:00,3970,43.7347,43.72,43.769,43.77,43.72,57
2023-05-15 19:31:00,3668,43.781,43.77,43.8,43.8,43.77,56
2023-05-15 19:32:00,1573,43.8147,43.81,43.83,43.83,43.81,31
2023-05-15 19:33:00,3955,43.8265,43.83,43.85,43.85,43.82,52
2023-05-15 19:34:00,2818,43.8306,43.84,43.83,43.84,43.825,46
2023-05-15 19:35:00,6296,43.8133,43.82,43.78,43.829,43.78,95
2023-05-15 19:36:00,1928,43.7616,43.77,43.745,43.77,43.745,48
2023-05-15 19:37:00,2227,43.7584,43.75,43.769,43.769,43.75,35
2023-05-15 19:38:00,2161,43.7601,43.76,43.75,43.77,43.75,47
2023-05-15 19:39:00,3163,43.7724,43.77,43.78,43.78,43.765,57
2023-05-15 19:40:00,3275,43.803,43.79,43.83,43.83,43.77,53
2023-05-15 19:41:00,7932,43.8037,43.83,43.77,43.83,43.77,92
2023-05-15 19:42:00,1272,43.772,43.79,43.765,43.79,43.765,20
2023-05-15 19:43:00,3085,43.7754,43.77,43.78,43.79,43.77,53
2023-05-15 19:44:00,1701,43.7774,43.78,43.78,43.78,43.77,31
2023-05-15 19:45:00,7625,43.7881,43.79,43.785,43.8,43.78,112
2023-05-15 19:46:00,4984,43.7807,43.785,43.779,43.79,43.77,53
2023-05-15 19:47:00,4966,43.7862,43.77,43.819,43.819,43.765,72
2023-05-15 19:48:00,4812,43.8059,43.82,43.78,43.82,43.78,76
2023-05-15 19:49:00,2561,43.7956,43.79,43.805,43.81,43.78,45
2023-05-15 19:50:00,6237,43.8118,43.81,43.809,43.83,43.8,93
2023-05-15 19:51:00,12504,43.8132,43.805,43.78,43.83,43.78,133
2023-05-15 19:52:00,7249,43.813,43.79,43.82,43.83,43.79,87
2023-05-15 19:53:00,5584,43.829,43.83,43.83,43.84,43.82,74
2023-05-15 19:54:00,13532,43.8114,43.835,43.74,43.835,43.74,159
2023-05-15 19:55:00,9349,43.735,43.731,43.76,43.76,43.71,143
2023-05-15 19:56:00,9312,43.7457,43.76,43.72,43.76,43.72,99
2023-05-15 19:57:00,15694,43.7361,43.72,43.73,43.75,43.72,181
2023-05-15 19:58:00,7937,43.7338,43.72,43.74,43.74,43.72,92
2023-05-15 19:59:00,17269,43.7299,43.74,43.72,43.74,43.715,198
2023-05-15 20:00:00,12039,43.72,43.72,43.72,43.72,43.72,11
2023-05-16 13:30:00,8787,42.6161,42.72,42.76,42.76,42.13,34
2023-05-16 13:31:00,7184,42.8048,42.7,42.925,42.925,42.7,86
2023-05-16 13:32:00,4541,43.0139,42.94,43.13,43.18,42.94,67
2023-05-16 13:33:00,2533,43.0844,43.19,43.02,43.19,43.02,44
2023-05-16 13:34:00,4489,43.2315,43.12,43.295,43.33,43.12,48
2023-05-16 13:35:00,1684,43.311,43.3,43.345,43.345,43.3,27
2023-05-16 13:36:00,1100,43.3389,43.33,43.38,43.38,43.29,20
2023-05-16 13:37:00,4829,43.2925,43.335,43.26,43.37,43.25,73
2023-05-16 13:38:00,5945,43.249,43.215,43.29,43.29,43.19,78
2023-05-16 13:39:00,3796,43.3735,43.315,43.44,43.46,43.315,64
2023-05-16 13:40:00,5858,43.5141,43.45,43.5,43.56,43.43,98
2023-05-16 13:41:00,1182,43.4496,43.48,43.37,43.48,43.37,23
2023-05-16 13:42:00,1592,43.2703,43.35,43.16,43.35,43.16,24
2023-05-16 13:43:00,2169,43.1032,43.2,43.135,43.2,43.06,31
2023-05-16 13:44:00,2501,43.0927,43.11,43.08,43.11,43.08,37
2023-05-16 13:45:00,2227,43.1284,43.11,43.1301,43.14,43.11,29
2023-05-16 13:46:00,7165,43.0962,43.175,43.0,43.175,42.99,68
2023-05-16 13:47:00,2623,43.0028,42.985,42.995,43.02,42.985,30
2023-05-16 13:48:00,8203,43.0017,42.995,43.05,43.05,42.95,125
2023-05-16 13:49:00,4864,43.114,43.05,43.19,43.19,43.05,65
2023-05-16 13:50:00,4862,43.1461,43.19,43.13,43.2,43.12,82
2023-05-16 13:51:00,3050,43.1901,43.15,43.22,43.22,43.15,52
2023-05-16 13:52:00,2929,43.2483,43.25,43.28,43.28,43.23,38
2023-05-16 13:53:00,3025,43.2793,43.25,43.32,43.32,43.25,53
2023-05-16 13:54:00,7640,43.2864,43.3,43.28,43.3,43.27,109
2023-05-16 13:55:00,8253,43.2646,43.275,43.27,43.275,43.25,86
2023-05-16 13:56:00,2498,43.3049,43.27,43.32,43.32,43.27,44
2023-05-16 13:57:00,1801,43.3572,43.35,43.4,43.4,43.35,31
2023-05-16 13:58:00,1101,43.44,43.45,43.47,43.47,43.45,32
2023-05-16 13:59:00,2409,43.491,43.48,43.51,43.53,43.465,45
2023-05-16 14:00:00,9821,43.4959,43.52,43.52,43.59,43.48,139
2023-05-16 14:01:00,5260,43.498,43.52,43.5,43.53,43.48,56
2023-05-16 14:02:00,6204,43.5324,43.49,43.545,43.565,43.49,75
2023-05-16 14:03:00,9322,43.5432,43.54,43.525,43.57,43.52,124
2023-05-16 14:04:00,11844,43.5599,43.525,43.6,43.61,43.48,125
2023-05-16 14:05:00,7389,43.5348,43.58,43.5,43.58,43.49,101
2023-05-16 14:06:00,13040,43.4501,43.49,43.415,43.49,43.4,109
2023-05-16 14:07:00,3096,43.4327,43.405,43.44,43.45,43.405,48
2023-05-16 14:08:00,1820,43.4438,43.43,43.45,43.455,43.43,25
2023-05-16 14:09:00,12936,43.4687,43.445,43.48,43.49,43.43,148
2023-05-16 14:10:00,6496,43.4578,43.475,43.48,43.48,43.43,80
2023-05-16 14:11:00,16296,43.4244,43.475,43.41,43.475,43.39,162
2023-05-16 14:12:00,5027,43.4428,43.4027,43.48,43.49,43.4027,60
2023-05-16 14:13:00,7953,43.5001,43.49,43.54,43.54,43.48,116
2023-05-16 14:14:00,3660,43.5608,43.54,43.59,43.59,43.54,50
2023-05-16 14:15:00,8178,43.5772,43.57,43.51,43.61,43.51,98
2023-05-16 14:16:00,1557,43.4602,43.46,43.46,43.46,43.45,28
2023-05-16 14:17:00,2441,43.4142,43.455,43.38,43.455,43.38,37
2023-05-16 14:18:00,2357,43.3519,43.405,43.285,43.405,43.285,42
2023-05-16 14:19:00,3240,43.3051,43.31,43.27,43.34,43.27,53
2023-05-16 14:20:00,2744,43.2965,43.3,43.29,43.315,43.28,45
2023-05-16 14:21:00,2625,43.3112,43.29,43.33,43.34,43.27,48
2023-05-16 14:22:00,1694,43.3312,43.356,43.32,43.356,43.3,20
2023-05-16 14:23:00,2687,43.3224,43.3,43.3469,43.35,43.3,43
2023-05-16 14:24:00,1235,43.318,43.33,43.3,43.33,43.3,19
2023-05-16 14:25:00,4761,43.2556,43.2984,43.2557,43.2984,43.23,51
2023-05-16 14:26:00,1982,43.2431,43.255,43.22,43.29,43.22,35
2023-05-16 14:27:00,1213,43.1892,43.22,43.19,43.22,43.17,15
2023-05-16 14:28:00,1989,43.147,43.17,43.14,43.17,43.13,34
2023-05-16 14:29:00,1499,43.1529,43.14,43.13,43.16,43.13,23
2023-05-16 14:30:00,2270,43.172,43.14,43.18,43.2,43.14,34
2023-05-16 14:31:00,2195,43.2286,43.19,43.28,43.28,43.19,46
2023-05-16 14:32:00,1500,43.2633,43.295,43.3,43.3,43.27,15
2023-05-16 14:33:00,1907,43.3088,43.31,43.3,43.32,43.3,29
2023-05-16 14:34:00,2121,43.2976,43.29,43.3,43.305,43.28,28
2023-05-16 14:35:00,1128,43.3199,43.31,43.32,43.32,43.31,18
2023-05-16 14:36:00,1302,43.3043,43.303,43.3,43.31,43.3,21
2023-05-16 14:37:00,2765,43.3135,43.3,43.33,43.33,43.3,53
2023-05-16 14:38:00,2635,43.3,43.32,43.3,43.32,43.275,44
2023-05-16 14:39:00,1088,43.2889,43.3,43.28,43.3,43.28,16
2023-05-16 14:40:00,969,43.2369,43.26,43.22,43.26,43.22,16
2023-05-16 14:41:00,2523,43.1926,43.22,43.22,43.22,43.18,49
2023-05-16 14:42:00,1577,43.2328,43.22,43.245,43.25,43.22,23
2023-05-16 14:43:00,480,43.2323,43.23,43.21,43.23,43.21,10
2023-05-16 14:44:00,2166,43.1729,43.18,43.17,43.18,43.16,31
2023-05-16 14:46:00,2488,43.149,43.15,43.1375,43.16,43.1375,44
2023-05-16 14:47:00,1611,43.1492,43.14,43.15,43.16,43.13,28
2023-05-16 14:48:00,2534,43.1591,43.14,43.17,43.175,43.14,39
2023-05-16 14:49:00,2016,43.19,43.18,43.205,43.205,43.18,27
2023-05-16 14:50:00,1764,43.219,43.22,43.22,43.225,43.22,32
2023-05-16 14:51:00,383,43.1791,43.17,43.17,43.17,43.17,8
2023-05-16 14:52:00,2165,43.1579,43.15,43.17,43.17,43.15,34
2023-05-16 14:53:00,1184,43.16,43.165,43.15,43.165,43.15,12
2023-05-16 14:54:00,4838,43.1526,43.14,43.14,43.165,43.14,55
2023-05-16 14:55:00,424,43.1363,43.14,43.135,43.14,43.135,5
2023-05-16 14:56:00,1537,43.1104,43.11,43.11,43.11,43.105,29
2023-05-16 14:57:00,752,43.0727,43.07,43.07,43.07,43.07,10
2023-05-16 14:58:00,2273,43.0667,43.07,43.055,43.07,43.05,26
2023-05-16 14:59:00,4708,43.0368,43.04,43.09,43.095,43.01,62
2023-05-16 15:00:00,922,43.0822,43.1,43.07,43.1,43.07,14
2023-05-16 15:01:00,438,43.0449,43.04,43.04,43.04,43.04,12
2023-05-16 15:02:00,1600,43.0513,43.06,43.05,43.06,43.05,31
2023-05-16 15:03:00,574,43.0383,43.04,43.04,43.04,43.04,9
2023-05-16 15:04:00,1612,43.0449,43.04,43.045,43.05,43.04,21
2023-05-16 15:05:00,2283,43.0454,43.03,43.043,43.06,43.03,29
2023-05-16 15:06:00,1819,43.0614,43.05,43.06,43.08,43.05,33
2023-05-16 15:07:00,2150,43.0035,43.0401,43.0,43.0401,42.98,28
2023-05-16 15:08:00,5020,43.0122,43.0,43.01,43.02,42.99,80
2023-05-16 15:09:00,3024,43.0036,43.01,42.99,43.01,42.9801,12
2023-05-16 15:10:00,1313,42.9958,43.01,42.99,43.01,42.99,15
2023-05-16 15:11:00,414,43.001,42.995,43.01,43.01,42.995,8
2023-05-16 15:12:00,8797,42.9589,42.98,42.92,43.0,42.895,100
2023-05-16 15:13:00,1131,42.9122,42.9,42.89,42.9,42.89,18
2023-05-16 15:14:00,570,42.8775,42.875,42.88,42.89,42.875,10
2023-05-16 15:15:00,3253,42.8853,42.85,42.915,42.92,42.85,44
2023-05-16 15:16:00,1493,42.913,42.905,42.91,42.93,42.905,34
2023-05-16 15:17:00,565,42.901,42.91,42.9,42.91,42.9,20
2023-05-16 15:18:00,4258,42.9323,42.92,42.94,42.955,42.91,57
2023-05-16 15:19:00,739,42.9243,42.92,42.93,42.94,42.92,16
2023-05-16 15:20:00,288,42.9114,42.92,42.92,42.92,42.92,54
2023-05-16 15:21:00,1340,42.8776,42.88,42.89,42.89,42.86,42
2023-05-16 15:22:00,2283,42.887,42.89,42.87,42.9,42.87,32
2023-05-16 15:23:00,318,42.8631,42.85,42.85,42.85,42.85,8
2023-05-16 15:24:00,928,42.8422,42.825,42.84,42.84,42.825,15
2023-05-16 15:25:00,1584,42.8546,42.84,42.86,42.87,42.84,34
2023-05-16 15:26:00,300,42.8617,42.86,42.865,42.865,42.86,2
2023-05-16 15:27:00,1218,42.8763,42.87,42.875,42.88,42.87,15
2023-05-16 15:28:00,1131,42.848,42.865,42.83,42.865,42.83,17
2023-05-16 15:29:00,3770,42.7826,42.8,42.78,42.8,42.75,42
2023-05-16 15:30:00,2341,42.7605,42.77,42.78,42.785,42.74,34
2023-05-16 15:31:00,1848,42.76,42.78,42.77,42.78,42.75,26
2023-05-16 15:32:00,591,42.7501,42.75,42.745,42.76,42.745,30
2023-05-16 15:33:00,754,42.7374,42.735,42.74,42.74,42.735,35
2023-05-16 15:34:00,4906,42.7653,42.745,42.78,42.79,42.74,82
2023-05-16 15:35:00,920,42.7561,42.77,42.74,42.77,42.73,12
2023-05-16 15:36:00,2491,42.7266,42.715,42.725,42.74,42.715,34
2023-05-16 15:37:00,1028,42.7131,42.725,42.69,42.725,42.69,21
2023-05-16 15:38:00,607,42.685,42.68,42.69,42.69,42.68,10
2023-05-16 15:39:00,7874,42.7107,42.69,42.77,42.77,42.69,62
2023-05-16 15:40:00,1866,42.742,42.77,42.73,42.77,42.72,21
2023-05-16 15:41:00,2292,42.7172,42.715,42.7175,42.72,42.715,28
2023-05-16 15:42:00,200,42.715,42.715,42.715,42.715,42.715,1
2023-05-16 15:43:00,695,42.7263,42.72,42.73,42.73,42.72,19
2023-05-16 15:44:00,1672,42.7407,42.73,42.75,42.75,42.73,24
2023-05-16 15:45:00,2412,42.7759,42.76,42.79,42.815,42.745,50
2023-05-16 15:46:00,618,42.8013,42.825,42.825,42.825,42.825,14
2023-05-16 15:47:00,2613,42.8458,42.825,42.85,42.86,42.825,42
2023-05-16 15:48:00,1710,42.8335,42.85,42.83,42.85,42.82,14
2023-05-16 15:49:00,1649,42.8432,42.83,42.85,42.85,42.83,20
2023-05-16 15:50:00,878,42.8421,42.845,42.85,42.85,42.845,17
2023-05-16 15:51:00,456,42.839,42.84,42.83,42.84,42.83,8
2023-05-16 15:52:00,1020,42.8585,42.84,42.875,42.88,42.84,23
2023-05-16 15:53:00,280,42.8547,42.86,42.86,42.86,42.86,3
2023-05-16 15:54:00,1183,42.8924,42.9,42.89,42.9,42.885,24
2023-05-16 15:55:00,1527,42.8806,42.88,42.89,42.89,42.88,29
2023-05-16 15:56:00,1503,42.8691,42.885,42.86,42.885,42.86,23
2023-05-16 15:57:00,2964,42.8583,42.842,42.84,42.885,42.84,47
2023-05-16 15:58:00,790,42.8457,42.85,42.85,42.85,42.83,15
2023-05-16 15:59:00,898,42.825,42.845,42.8,42.845,42.8,12
2023-05-16 16:00:00,6965,42.7553,42.8,42.745,42.8,42.72,60
2023-05-16 16:01:00,2535,42.7351,42.75,42.72,42.75,42.71,28
2023-05-16 16:02:00,3494,42.7047,42.7,42.72,42.72,42.68,47
2023-05-16 16:03:00,600,42.715,42.72,42.71,42.72,42.71,6
2023-05-16 16:04:00,4331,42.7282,42.72,42.73,42.74,42.71,60
2023-05-16 16:05:00,1826,42.7789,42.73,42.825,42.825,42.73,22
2023-05-16 16:06:00,783,42.817,42.835,42.83,42.835,42.83,13
2023-05-16 16:07:00,1917,42.8468,42.84,42.905,42.905,42.84,28
2023-05-16 16:09:00,103,42.9548,42.955,42.955,42.955,42.955,3
2023-05-16 16:10:00,697,42.9259,42.94,42.94,42.94,42.94,10
2023-05-16 16:11:00,429,42.9226,42.92,42.925,42.925,42.92,7
2023-05-16 16:12:00,541,42.9231,42.93,42.92,42.93,42.92,9
2023-05-16 16:13:00,2925,42.9272,42.93,42.875,42.94,42.875,40
2023-05-16 16:14:00,379,42.8446,42.86,42.84,42.86,42.83,6
2023-05-16 16:15:00,3631,42.8368,42.845,42.79,42.865,42.79,39
2023-05-16 16:16:00,1352,42.7615,42.77,42.76,42.77,42.76,19
2023-05-16 16:17:00,1683,42.7716,42.76,42.75,42.76,42.75,20
2023-05-16 16:18:00,1877,42.7496,42.75,42.74,42.76,42.74,30
2023-05-16 16:19:00,1681,42.7469,42.74,42.755,42.755,42.74,24
2023-05-16 16:20:00,356,42.755,42.755,42.755,42.755,42.755,10
2023-05-16 16:21:00,184,42.7514,42.75,42.75,42.75,42.75,3
2023-05-16 16:22:00,1729,42.7788,42.79,42.79,42.79,42.78,38
2023-05-16 16:23:00,297,42.7938,42.79,42.805,42.805,42.79,6
2023-05-16 16:24:00,1337,42.81,42.8175,42.805,42.82,42.8,23
2023-05-16 16:25:00,883,42.8108,42.805,42.83,42.83,42.805,24
2023-05-16 16:26:00,1798,42.8061,42.82,42.795,42.82,42.795,27
2023-05-16 16:27:00,1355,42.7874,42.795,42.77,42.795,42.77,18
2023-05-16 16:28:00,756,42.7795,42.775,42.78,42.78,42.775,15
2023-05-16 16:29:00,383,42.79,42.79,42.79,42.79,42.79,9
2023-05-16 16:30:00,1060,42.7858,42.79,42.78,42.79,42.78,17
2023-05-16 16:31:00,336,42.7874,42.79,42.79,42.79,42.79,7
2023-05-16 16:32:00,709,42.77,42.77,42.765,42.77,42.76,9
2023-05-16 16:33:00,200,42.765,42.765,42.765,42.765,42.765,2
2023-05-16 16:34:00,615,42.7875,42.78,42.82,42.82,42.78,13
2023-05-16 16:35:00,581,42.7985,42.8,42.8,42.8,42.79,12
2023-05-16 16:36:00,400,42.7918,42.8,42.8,42.8,42.8,6
2023-05-16 16:37:00,1506,42.7956,42.8,42.79,42.81,42.79,21
2023-05-16 16:38:00,1468,42.7769,42.795,42.77,42.795,42.765,28
2023-05-16 16:39:00,1256,42.7666,42.765,42.765,42.7725,42.765,34
2023-05-16 16:40:00,11217,42.7888,42.78,42.785,42.81,42.765,112
2023-05-16 16:41:00,2902,42.7646,42.78,42.76,42.78,42.74,38
2023-05-16 16:42:00,731,42.7586,42.755,42.755,42.755,42.755,8
2023-05-16 16:43:00,236,42.7506,42.75,42.75,42.75,42.75,3
2023-05-16 16:44:00,124,42.7496,42.75,42.75,42.75,42.75,4
2023-05-16 16:45:00,3942,42.7333,42.75,42.73,42.75,42.72,47
2023-05-16 16:46:00,2235,42.7356,42.73,42.73,42.74,42.73,73
2023-05-16 16:47:00,2760,42.7106,42.72,42.7,42.72,42.7,45
2023-05-16 16:48:00,651,42.7186,42.71,42.73,42.73,42.71,11
2023-05-16 16:49:00,1603,42.7537,42.73,42.775,42.78,42.73,20
2023-05-16 16:50:00,860,42.7575,42.77,42.75,42.77,42.75,12
2023-05-16 16:51:00,1383,42.7409,42.75,42.73,42.75,42.73,23
2023-05-16 16:52:00,703,42.7217,42.73,42.72,42.73,42.72,15
2023-05-16 16:53:00,1975,42.73,42.72,42.74,42.75,42.715,23
2023-05-16 16:54:00,968,42.7391,42.74,42.74,42.74,42.74,9
2023-05-16 16:55:00,2683,42.7453,42.74,42.75,42.75,42.74,47
2023-05-16 16:56:00,744,42.7615,42.76,42.76,42.77,42.76,14
2023-05-16 16:57:00,2324,42.7847,42.77,42.82,42.82,42.77,46
2023-05-16 16:58:00,551,42.8141,42.83,42.83,42.83,42.825,9
2023-05-16 16:59:00,2449,42.7973,42.81,42.775,42.81,42.775,36
2023-05-16 17:00:00,1588,42.7652,42.76,42.77,42.77,42.76,31
2023-05-16 17:01:00,919,42.7702,42.785,42.765,42.785,42.765,13
2023-05-16 17:02:00,623,42.7734,42.77,42.78,42.78,42.77,16
2023-05-16 17:03:00,596,42.79,42.79,42.78,42.79,42.78,17
2023-05-16 17:04:00,2279,42.776,42.78,42.77,42.78,42.77,31
2023-05-16 17:05:00,2111,42.7536,42.76,42.75,42.76,42.745,26
2023-05-16 17:06:00,1930,42.734,42.75,42.7375,42.75,42.705,18
2023-05-16 17:07:00,5136,42.7307,42.74,42.73,42.74,42.7002,71
2023-05-16 17:08:00,1927,42.7675,42.74,42.77,42.81,42.74,30
2023-05-16 17:09:00,764,42.7613,42.775,42.765,42.775,42.76,10
2023-05-16 17:10:00,1105,42.7554,42.765,42.75,42.765,42.75,23
2023-05-16 17:11:00,1843,42.7276,42.75,42.71,42.75,42.71,23
2023-05-16 17:12:00,1916,42.6931,42.71,42.67,42.71,42.665,23
2023-05-16 17:13:00,1964,42.6261,42.66,42.615,42.67,42.615,18
2023-05-16 17:14:00,5071,42.6057,42.6,42.61,42.625,42.595,79
2023-05-16 17:15:00,2704,42.6213,42.61,42.64,42.64,42.61,33
2023-05-16 17:16:00,1668,42.6448,42.64,42.65,42.65,42.64,29
2023-05-16 17:17:00,215,42.6306,42.64,42.64,42.64,42.64,5
2023-05-16 17:18:00,5894,42.621,42.63,42.645,42.65,42.61,79
2023-05-16 17:19:00,497,42.64,42.645,42.64,42.645,42.635,5
2023-05-16 17:20:00,1778,42.6486,42.64,42.67,42.67,42.64,33
2023-05-16 17:21:00,1345,42.6712,42.67,42.67,42.69,42.66,22
2023-05-16 17:22:00,3964,42.6734,42.68,42.675,42.68,42.665,57
2023-05-16 17:23:00,3845,42.6743,42.675,42.67,42.68,42.67,34
2023-05-16 17:24:00,2545,42.6724,42.67,42.67,42.68,42.67,34
2023-05-16 17:25:00,1520,42.6535,42.66,42.645,42.66,42.645,20
2023-05-16 17:26:00,4753,42.6694,42.645,42.685,42.7,42.645,72
2023-05-16 17:27:00,3679,42.6433,42.685,42.63,42.685,42.63,36
2023-05-16 17:28:00,3097,42.6319,42.63,42.62,42.64,42.62,31
2023-05-16 17:29:00,3029,42.6207,42.61,42.645,42.645,42.61,42
2023-05-16 17:30:00,903,42.6411,42.64,42.655,42.655,42.64,17
2023-05-16 17:31:00,1832,42.6464,42.645,42.66,42.66,42.645,26
2023-05-16 17:32:00,3505,42.6574,42.66,42.6475,42.67,42.64,52
2023-05-16 17:33:00,602,42.6733,42.68,42.68,42.68,42.68,6
2023-05-16 17:34:00,2134,42.6809,42.685,42.685,42.685,42.675,25
2023-05-16 17:35:00,3520,42.6868,42.685,42.68,42.69,42.68,47
2023-05-16 17:36:00,1617,42.6889,42.69,42.69,42.695,42.685,16
2023-05-16 17:37:00,1772,42.696,42.695,42.695,42.7,42.69,21
2023-05-16 17:38:00,1705,42.6926,42.695,42.695,42.695,42.69,14
2023-05-16 17:39:00,4767,42.7064,42.69,42.74,42.745,42.69,76
2023-05-16 17:40:00,1737,42.7116,42.745,42.69,42.745,42.69,26
2023-05-16 17:41:00,1282,42.6632,42.68,42.655,42.68,42.655,22
2023-05-16 17:42:00,2684,42.671,42.655,42.705,42.705,42.655,30
2023-05-16 17:43:00,835,42.6958,42.71,42.685,42.71,42.685,11
2023-05-16 17:44:00,683,42.6634,42.68,42.66,42.68,42.65,10
2023-05-16 17:45:00,2086,42.6666,42.66,42.66,42.67,42.66,24
2023-05-16 17:46:00,517,42.6671,42.665,42.665,42.67,42.665,6
2023-05-16 17:47:00,701,42.6644,42.665,42.665,42.665,42.66,14
2023-05-16 17:48:00,2141,42.6709,42.665,42.68,42.68,42.665,40
2023-05-16 17:49:00,3108,42.6784,42.69,42.69,42.69,42.67,50
2023-05-16 17:50:00,1966,42.6918,42.7,42.685,42.7016,42.685,23
2023-05-16 17:51:00,1220,42.6904,42.685,42.7,42.7,42.685,19
2023-05-16 17:52:00,1136,42.6935,42.7,42.69,42.7,42.69,15
2023-05-16 17:53:00,3496,42.6615,42.68,42.65,42.69,42.63,48
2023-05-16 17:54:00,363,42.6552,42.65,42.64,42.65,42.64,7
2023-05-16 17:55:00,781,42.6315,42.64,42.625,42.64,42.625,15
2023-05-16 17:56:00,1836,42.6429,42.63,42.65,42.65,42.63,24
2023-05-16 17:57:00,2429,42.6774,42.66,42.69,42.7,42.66,40
2023-05-16 17:58:00,956,42.6893,42.69,42.69,42.69,42.68,15
2023-05-16 17:59:00,2392,42.6798,42.68,42.68,42.69,42.675,39
2023-05-16 18:00:00,1611,42.6829,42.69,42.68,42.69,42.6773,21
2023-05-16 18:01:00,426,42.6776,42.68,42.67,42.68,42.67,7
2023-05-16 18:02:00,2325,42.6509,42.67,42.63,42.67,42.63,39
2023-05-16 18:03:00,1409,42.6639,42.655,42.66,42.67,42.655,22
2023-05-16 18:04:00,298,42.65,42.65,42.65,42.65,42.65,5
2023-05-16 18:05:00,3257,42.658,42.65,42.66,42.67,42.64,50
2023-05-16 18:07:00,3569,42.6501,42.65,42.66,42.66,42.635,46
2023-05-16 18:08:00,1098,42.6576,42.66,42.66,42.66,42.652,15
2023-05-16 18:09:00,1657,42.658,42.66,42.65,42.67,42.65,26
2023-05-16 18:10:00,1959,42.6413,42.65,42.64,42.65,42.635,29
2023-05-16 18:11:00,1370,42.649,42.64,42.66,42.66,42.64,20
2023-05-16 18:12:00,500,42.6662,42.67,42.67,42.67,42.67,5
2023-05-16 18:13:00,2339,42.6826,42.67,42.7,42.7,42.67,32
2023-05-16 18:14:00,1798,42.7046,42.7073,42.695,42.71,42.695,25
2023-05-16 18:15:00,846,42.6902,42.69,42.688,42.69,42.688,11
2023-05-16 18:16:00,2322,42.6885,42.685,42.69,42.69,42.68,29
2023-05-16 18:17:00,546,42.6858,42.685,42.685,42.685,42.685,6
2023-05-16 18:18:00,3247,42.6877,42.685,42.69,42.69,42.685,50
2023-05-16 18:19:00,2256,42.7012,42.705,42.71,42.71,42.69,31
2023-05-16 18:20:00,857,42.7252,42.72,42.72,42.72,42.72,17
2023-05-16 18:21:00,2850,42.7659,42.78,42.76,42.78,42.75,35
2023-05-16 18:22:00,813,42.7534,42.76,42.75,42.76,42.75,17
2023-05-16 18:23:00,3738,42.733,42.74,42.72,42.74,42.72,60
2023-05-16 18:24:00,410,42.7328,42.73,42.735,42.735,42.73,5
2023-05-16 18:25:00,2012,42.7408,42.735,42.73,42.75,42.73,31
2023-05-16 18:26:00,2007,42.7381,42.74,42.74,42.74,42.73,33
2023-05-16 18:27:00,1111,42.7511,42.74,42.75,42.75,42.74,20
2023-05-16 18:28:00,2078,42.7921,42.76,42.8158,42.825,42.76,32
2023-05-16 18:29:00,562,42.8074,42.8106,42.805,42.8106,42.805,7
2023-05-16 18:30:00,3548,42.7962,42.8,42.79,42.8,42.78,52
2023-05-16 18:31:00,542,42.7876,42.79,42.785,42.79,42.785,8
2023-05-16 18:32:00,2304,42.7816,42.785,42.775,42.79,42.775,40
2023-05-16 18:33:00,4053,42.7733,42.78,42.76,42.78,42.75,55
2023-05-16 18:34:00,1871,42.7669,42.76,42.775,42.775,42.76,29
2023-05-16 18:35:00,107,42.7748,42.775,42.775,42.775,42.775,4
2023-05-16 18:36:00,3217,42.7748,42.775,42.785,42.785,42.77,43
2023-05-16 18:37:00,2020,42.794,42.78,42.8,42.82,42.78,45
2023-05-16 18:38:00,316,42.791,42.795,42.795,42.795,42.795,9
2023-05-16 18:39:00,2208,42.8109,42.805,42.82,42.82,42.805,28
2023-05-16 18:40:00,462,42.8183,42.83,42.82,42.83,42.82,10
2023-05-16 18:41:00,1150,42.8204,42.83,42.815,42.83,42.81,14
2023-05-16 18:42:00,2607,42.8085,42.815,42.805,42.815,42.8,31
2023-05-16 18:43:00,3633,42.8244,42.81,42.81,42.85,42.81,57
2023-05-16 18:44:00,3952,42.8074,42.815,42.8,42.82,42.8,52
2023-05-16 18:45:00,1018,42.8268,42.845,42.82,42.845,42.82,12
2023-05-16 18:46:00,675,42.826,42.82,42.825,42.83,42.82,10
2023-05-16 18:47:00,3034,42.8279,42.825,42.83,42.83,42.82,44
2023-05-16 18:48:00,1085,42.8352,42.84,42.83,42.84,42.83,23
2023-05-16 18:49:00,1973,42.8154,42.825,42.81,42.825,42.81,35
2023-05-16 18:50:00,2989,42.7877,42.8,42.8,42.8,42.77,47
2023-05-16 18:51:00,717,42.7801,42.79,42.78,42.79,42.7773,11
2023-05-16 18:52:00,1470,42.7853,42.78,42.81,42.81,42.78,19
2023-05-16 18:53:00,2156,42.8321,42.82,42.845,42.85,42.82,35
2023-05-16 18:54:00,527,42.8496,42.85,42.85,42.85,42.85,3
2023-05-16 18:55:00,1781,42.8572,42.85,42.86,42.86,42.85,24
2023-05-16 18:56:00,464,42.8987,42.91,42.895,42.91,42.885,9
2023-05-16 18:57:00,705,42.8839,42.9,42.89,42.9,42.89,10
2023-05-16 18:58:00,1159,42.89,42.9,42.885,42.9,42.885,24
2023-05-16 18:59:00,3099,42.8911,42.885,42.9,42.9,42.88,45
2023-05-16 19:00:00,404,42.9027,42.9,42.9,42.9,42.9,13
2023-05-16 19:01:00,3350,42.9136,42.9,42.93,42.93,42.9,44
2023-05-16 19:02:00,3069,42.9231,42.93,42.93,42.93,42.918,28
2023-05-16 19:03:00,1631,42.9288,42.935,42.935,42.935,42.925,21
2023-05-16 19:04:00,3763,42.9203,42.935,42.91,42.935,42.91,43
2023-05-16 19:05:00,371,42.9063,42.9,42.91,42.91,42.9,8
2023-05-16 19:06:00,2213,42.8862,42.9,42.89,42.9,42.88,36
2023-05-16 19:07:00,801,42.8969,42.895,42.89,42.895,42.89,8
2023-05-16 19:08:00,3570,42.8997,42.9,42.9,42.9,42.89,47
2023-05-16 19:09:00,700,42.8943,42.89,42.89,42.9,42.89,8
2023-05-16 19:10:00,1923,42.9083,42.89,42.93,42.93,42.89,30
2023-05-16 19:11:00,1110,42.9354,42.93,42.94,42.94,42.93,14
2023-05-16 19:12:00,650,42.9378,42.95,42.94,42.95,42.94,18
2023-05-16 19:13:00,2714,42.935,42.94,42.94,42.94,42.93,43
2023-05-16 19:14:00,1041,42.931,42.94,42.93,42.94,42.93,15
2023-05-16 19:15:00,3463,42.9405,42.94,42.935,42.95,42.935,48
2023-05-16 19:16:00,1981,42.9298,42.935,42.925,42.935,42.925,26
2023-05-16 19:17:00,1179,42.9486,42.94,42.97,42.97,42.94,21
2023-05-16 19:18:00,532,42.9654,42.965,42.965,42.965,42.965,10
2023-05-16 19:19:00,3349,42.9502,42.965,42.94,42.965,42.93,49
2023-05-16 19:20:00,3033,42.9537,42.94,42.96,42.97,42.94,51
2023-05-16 19:21:00,1573,42.9521,42.95,42.96,42.96,42.95,24
2023-05-16 19:22:00,2601,42.9407,42.95,42.93,42.95,42.93,38
2023-05-16 19:23:00,2942,42.9489,42.94,42.97,42.97,42.94,48
2023-05-16 19:24:00,446,42.9822,42.98,42.98,42.98,42.98,10
2023-05-16 19:25:00,2439,42.9938,42.985,43.0,43.01,42.985,36
2023-05-16 19:26:00,4794,43.0014,43.005,43.01,43.01,43.0,84
2023-05-16 19:28:00,975,43.0055,43.005,43.005,43.005,43.005,15
2023-05-16 19:29:00,2627,42.993,43.0,42.988,43.0,42.985,49
2023-05-16 19:30:00,6964,42.9712,42.98,42.97,42.99,42.95,92
2023-05-16 19:31:00,2003,42.9758,42.97,42.99,42.99,42.97,31
2023-05-16 19:32:00,1645,42.988,42.99,42.99,42.99,42.99,28
2023-05-16 19:33:00,6067,42.9886,42.99,43.0,43.0,42.975,94
2023-05-16 19:34:00,344,42.9975,43.0,43.0,43.0,43.0,7
2023-05-16 19:35:00,2711,43.01,43.0,43.02,43.02,43.0,38
2023-05-16 19:36:00,3442,43.0147,43.02,43.02,43.02,43.005,56
2023-05-16 19:37:00,3559,42.9977,43.015,42.98,43.015,42.97,44
2023-05-16 19:38:00,3869,42.986,42.99,42.98,42.99,42.98,52
2023-05-16 19:39:00,1393,42.9824,42.98,42.98,42.985,42.98,18
2023-05-16 19:40:00,3120,42.9802,42.98,42.98,42.985,42.97,53
2023-05-16 19:41:00,4387,42.9886,42.98,42.99,42.99,42.98,64
2023-05-16 19:42:00,1280,42.991,42.99,42.99,43.0,42.99,18
2023-05-16 19:43:00,7765,42.9654,42.98,42.96,42.98,42.95,107
2023-05-16 19:44:00,853,42.9653,42.955,42.955,42.96,42.955,14
2023-05-16 19:45:00,6291,42.9398,42.955,42.935,42.955,42.93,78
2023-05-16 19:46:00,7100,42.9387,42.935,42.935,42.945,42.93,95
2023-05-16 19:47:00,3932,42.9275,42.935,42.91,42.94,42.9,55
2023-05-16 19:48:00,9070,42.9049,42.905,42.92,42.925,42.88,128
2023-05-16 19:49:00,2353,42.9016,42.91,42.89,42.91,42.89,36
2023-05-16 19:50:00,7517,42.8875,42.88,42.9,42.9,42.87,100
2023-05-16 19:51:00,10917,42.8494,42.88,42.83,42.88,42.825,162
2023-05-16 19:52:00,11425,42.8523,42.835,42.86,42.885,42.825,144
2023-05-16 19:53:00,9590,42.8009,42.86,42.77,42.86,42.77,138
2023-05-16 19:54:00,12136,42.7607,42.77,42.77,42.778,42.73,165
2023-05-16 19:55:00,11518,42.7741,42.76,42.77,42.79,42.76,180
2023-05-16 19:56:00,13256,42.7737,42.78,42.77,42.78,42.75,190
2023-05-16 19:57:00,11415,42.7886,42.765,42.808,42.81,42.765,159
2023-05-16 19:58:00,18519,42.7854,42.805,42.775,42.805,42.77,229
2023-05-16 19:59:00,33577,42.8078,42.77,42.85,42.86,42.77,337
2023-05-16 20:00:00,3288,42.82,42.82,42.82,42.82,42.82,5
2023-05-16 20:08:00,280,42.82,42.82,42.82,42.82,42.82,1
