t,v,vw,o,c,h,l,n
2024-05-03 11:00:00,1023.0,6.4287,6.41,6.45,6.45,6.41,11
2024-05-03 12:39:00,101.0,6.45,6.45,6.45,6.45,6.45,1
2024-05-03 12:40:00,259.0,6.46,6.46,6.46,6.46,6.46,7
2024-05-03 13:22:00,134.0,6.48,6.48,6.48,6.48,6.48,2
2024-05-03 13:28:00,200.0,6.48,6.48,6.48,6.48,6.48,1
2024-05-03 13:29:00,764.0,6.4792,6.48,6.48,6.48,6.48,6
2024-05-03 13:30:00,195845.0,6.4667,6.46,6.52,6.53,6.45,129
2024-05-03 13:31:00,15366.0,6.5378,6.53,6.535,6.54,6.525,50
2024-05-03 13:32:00,5105.0,6.5147,6.535,6.5,6.535,6.49,37
2024-05-03 13:33:00,142.0,6.4963,6.495,6.495,6.495,6.495,4
2024-05-03 13:34:00,16674.0,6.4748,6.495,6.455,6.495,6.455,81
2024-05-03 13:35:00,10652.0,6.4562,6.46,6.46,6.46,6.45,70
2024-05-03 13:36:00,13187.0,6.4689,6.465,6.465,6.47,6.46,93
2024-05-03 13:37:00,8782.0,6.4549,6.465,6.44,6.465,6.44,58
2024-05-03 13:38:00,3673.0,6.433,6.44,6.42,6.44,6.42,34
2024-05-03 13:39:00,671.0,6.4306,6.43,6.435,6.435,6.43,17
2024-05-03 13:40:00,2645.0,6.4301,6.43,6.425,6.43,6.425,33
2024-05-03 13:41:00,34235.0,6.4078,6.42,6.405,6.42,6.395,90
2024-05-03 13:42:00,12335.0,6.4143,6.405,6.4199,6.42,6.405,70
2024-05-03 13:43:00,17423.0,6.4201,6.415,6.42,6.425,6.415,42
2024-05-03 13:44:00,13138.0,6.4147,6.42,6.405,6.42,6.405,32
2024-05-03 13:45:00,10309.0,6.4061,6.41,6.4,6.415,6.4,58
2024-05-03 13:46:00,13769.0,6.386,6.4,6.39,6.4,6.38,71
2024-05-03 13:47:00,7763.0,6.4003,6.4,6.4,6.41,6.39,48
2024-05-03 13:48:00,8836.0,6.4121,6.41,6.415,6.42,6.41,60
2024-05-03 13:49:00,1829.0,6.415,6.415,6.415,6.415,6.415,7
2024-05-03 13:50:00,490.0,6.416,6.42,6.415,6.42,6.415,6
2024-05-03 13:51:00,6252.0,6.4115,6.415,6.405,6.415,6.405,63
2024-05-03 13:52:00,261.0,6.405,6.405,6.405,6.405,6.405,4
2024-05-03 13:53:00,5187.0,6.4096,6.405,6.41,6.41,6.405,25
2024-05-03 13:54:00,9639.0,6.409,6.415,6.41,6.415,6.4,68
2024-05-03 13:55:00,612.0,6.4093,6.415,6.415,6.415,6.415,9
2024-05-03 13:56:00,7368.0,6.4237,6.415,6.435,6.435,6.415,53
2024-05-03 13:57:00,1269.0,6.4332,6.435,6.435,6.435,6.435,21
2024-05-03 13:58:00,338.0,6.4348,6.435,6.435,6.435,6.435,7
2024-05-03 13:59:00,7382.0,6.4408,6.44,6.435,6.45,6.43,71
2024-05-03 14:00:00,13791.0,6.4296,6.44,6.415,6.44,6.41,119
2024-05-03 14:01:00,2431.0,6.4042,6.41,6.39,6.41,6.39,30
2024-05-03 14:02:00,21630.0,6.3798,6.38,6.38,6.38,6.375,123
2024-05-03 14:03:00,1604.0,6.3761,6.37,6.38,6.38,6.37,26
2024-05-03 14:04:00,4939.0,6.3673,6.375,6.354,6.375,6.354,44
2024-05-03 14:05:00,9839.0,6.3635,6.355,6.365,6.37,6.355,71
2024-05-03 14:06:00,13684.0,6.3624,6.37,6.365,6.37,6.3606,38
2024-05-03 14:07:00,883.0,6.371,6.36,6.365,6.365,6.36,15
2024-05-03 14:08:00,21635.0,6.3628,6.36,6.37,6.37,6.355,79
2024-05-03 14:09:00,2001.0,6.3769,6.375,6.38,6.38,6.375,25
2024-05-03 14:10:00,1212.0,6.3889,6.38,6.395,6.395,6.38,22
2024-05-03 14:11:00,656.0,6.394,6.395,6.395,6.395,6.39,15
2024-05-03 14:12:00,6855.0,6.3865,6.395,6.375,6.395,6.375,79
2024-05-03 14:13:00,1010.0,6.3715,6.37,6.37,6.375,6.37,26
2024-05-03 14:14:00,501.0,6.3719,6.37,6.37,6.37,6.37,18
2024-05-03 14:15:00,967.0,6.3733,6.37,6.375,6.375,6.37,22
2024-05-03 14:16:00,13077.0,6.3707,6.375,6.375,6.375,6.37,61
2024-05-03 14:17:00,541.0,6.3749,6.375,6.375,6.375,6.375,18
2024-05-03 14:18:00,14927.0,6.371,6.37,6.37,6.38,6.37,56
2024-05-03 14:19:00,5847.0,6.3679,6.37,6.36,6.37,6.36,68
2024-05-03 14:20:00,6529.0,6.3468,6.35,6.345,6.35,6.34,46
2024-05-03 14:21:00,5568.0,6.3502,6.3491,6.355,6.36,6.34,64
2024-05-03 14:22:00,524.0,6.3544,6.355,6.35,6.355,6.35,22
2024-05-03 14:23:00,9630.0,6.3486,6.35,6.355,6.355,6.34,72
2024-05-03 14:24:00,3277.0,6.3596,6.3594,6.36,6.365,6.355,35
2024-05-03 14:25:00,1050.0,6.3612,6.36,6.36,6.365,6.36,21
2024-05-03 14:26:00,6033.0,6.3595,6.36,6.36,6.36,6.355,57
2024-05-03 14:27:00,1389.0,6.3636,6.365,6.365,6.365,6.365,29
2024-05-03 14:28:00,13456.0,6.3623,6.365,6.37,6.37,6.36,50
2024-05-03 14:29:00,2169.0,6.3704,6.365,6.375,6.375,6.365,17
2024-05-03 14:30:00,403.0,6.3738,6.37,6.375,6.375,6.37,6
2024-05-03 14:31:00,1052.0,6.3755,6.376,6.375,6.376,6.375,9
2024-05-03 14:32:00,7622.0,6.3694,6.375,6.365,6.375,6.36,56
2024-05-03 14:33:00,1663.0,6.3628,6.365,6.365,6.365,6.36,23
2024-05-03 14:34:00,17183.0,6.3553,6.36,6.365,6.365,6.35,80
2024-05-03 14:35:00,10020.0,6.3686,6.3693,6.365,6.37,6.365,32
2024-05-03 14:36:00,21007.0,6.3685,6.365,6.37,6.375,6.36,71
2024-05-03 14:37:00,11490.0,6.3655,6.37,6.365,6.375,6.36,48
2024-05-03 14:38:00,5022.0,6.357,6.36,6.34,6.365,6.34,42
2024-05-03 14:39:00,7780.0,6.3485,6.345,6.345,6.35,6.345,27
2024-05-03 14:40:00,6736.0,6.3505,6.3425,6.355,6.355,6.3425,37
2024-05-03 14:41:00,1185.0,6.3552,6.355,6.3553,6.3553,6.355,10
2024-05-03 14:42:00,841.0,6.355,6.355,6.355,6.355,6.355,15
2024-05-03 14:43:00,15330.0,6.3678,6.36,6.385,6.385,6.36,67
2024-05-03 14:44:00,1622.0,6.3867,6.385,6.385,6.39,6.385,12
2024-05-03 14:45:00,278.0,6.385,6.385,6.385,6.385,6.385,5
2024-05-03 14:46:00,1100.0,6.3873,6.385,6.385,6.39,6.385,13
2024-05-03 14:47:00,2594.0,6.3849,6.385,6.38,6.39,6.38,36
2024-05-03 14:48:00,677.0,6.3827,6.38,6.385,6.385,6.38,13
2024-05-03 14:49:00,1230.0,6.386,6.385,6.385,6.39,6.385,14
2024-05-03 14:50:00,2009.0,6.3836,6.38,6.38,6.385,6.38,23
2024-05-03 14:51:00,31972.0,6.3834,6.38,6.4,6.405,6.375,172
2024-05-03 14:52:00,6313.0,6.4045,6.4,6.405,6.405,6.4,24
2024-05-03 14:53:00,457.0,6.4017,6.4,6.405,6.405,6.4,10
2024-05-03 14:54:00,437.0,6.4008,6.405,6.405,6.405,6.405,13
2024-05-03 14:55:00,1246.0,6.4041,6.405,6.405,6.405,6.4,27
2024-05-03 14:56:00,14856.0,6.4003,6.405,6.405,6.405,6.395,86
2024-05-03 14:57:00,5595.0,6.4103,6.405,6.415,6.42,6.405,39
2024-05-03 14:58:00,956.0,6.4153,6.42,6.41,6.42,6.41,18
2024-05-03 14:59:00,1718.0,6.4117,6.41,6.41,6.415,6.41,24
2024-05-03 15:00:00,1597.0,6.4096,6.41,6.41,6.415,6.41,18
2024-05-03 15:01:00,2352.0,6.4151,6.415,6.415,6.42,6.415,26
2024-05-03 15:02:00,9347.0,6.4214,6.415,6.42,6.43,6.415,44
2024-05-03 15:03:00,341.0,6.4268,6.43,6.425,6.43,6.425,6
2024-05-03 15:04:00,1565.0,6.4227,6.425,6.425,6.425,6.42,19
2024-05-03 15:05:00,2776.0,6.4263,6.42,6.425,6.43,6.42,24
2024-05-03 15:06:00,2058.0,6.4242,6.425,6.425,6.43,6.42,19
2024-05-03 15:07:00,13253.0,6.4197,6.425,6.41,6.425,6.41,68
2024-05-03 15:08:00,270.0,6.4129,6.41,6.415,6.415,6.41,4
2024-05-03 15:09:00,7797.0,6.4091,6.41,6.4,6.41,6.4,43
2024-05-03 15:10:00,12368.0,6.4097,6.4087,6.405,6.41,6.405,71
2024-05-03 15:11:00,1009.0,6.4055,6.405,6.405,6.41,6.405,7
2024-05-03 15:12:00,337.0,6.4065,6.41,6.405,6.41,6.405,5
2024-05-03 15:13:00,453.0,6.4056,6.405,6.41,6.41,6.405,6
2024-05-03 15:14:00,5802.0,6.412,6.405,6.415,6.42,6.405,44
2024-05-03 15:15:00,811.0,6.4175,6.415,6.415,6.42,6.415,11
2024-05-03 15:16:00,5787.0,6.4252,6.415,6.425,6.43,6.415,38
2024-05-03 15:17:00,1309.0,6.4286,6.43,6.43,6.43,6.425,13
2024-05-03 15:18:00,1085.0,6.4274,6.425,6.425,6.43,6.425,12
2024-05-03 15:19:00,1024.0,6.424,6.425,6.425,6.425,6.42,11
2024-05-03 15:20:00,1431.0,6.4196,6.425,6.425,6.425,6.425,6
2024-05-03 15:21:00,5464.0,6.4305,6.425,6.435,6.44,6.425,48
2024-05-03 15:22:00,1797.0,6.4318,6.435,6.435,6.435,6.43,17
2024-05-03 15:23:00,1894.0,6.4338,6.435,6.435,6.435,6.43,17
2024-05-03 15:24:00,4612.0,6.4387,6.435,6.44,6.44,6.435,36
2024-05-03 15:25:00,1396.0,6.4445,6.445,6.445,6.445,6.445,18
2024-05-03 15:26:00,3696.0,6.4424,6.445,6.445,6.445,6.44,29
2024-05-03 15:27:00,155.0,6.4452,6.445,6.445,6.445,6.445,5
2024-05-03 15:28:00,8142.0,6.4495,6.44,6.455,6.46,6.44,44
2024-05-03 15:29:00,2682.0,6.4529,6.455,6.455,6.455,6.45,24
2024-05-03 15:30:00,1452.0,6.4481,6.46,6.45,6.46,6.45,12
2024-05-03 15:31:00,378.0,6.4514,6.45,6.45,6.45,6.45,7
2024-05-03 15:32:00,2179.0,6.4551,6.455,6.455,6.46,6.45,32
2024-05-03 15:33:00,393.0,6.4538,6.455,6.45,6.455,6.45,14
2024-05-03 15:34:00,465.0,6.4561,6.46,6.455,6.46,6.455,15
2024-05-03 15:35:00,5548.0,6.4554,6.455,6.455,6.46,6.45,42
2024-05-03 15:36:00,1040.0,6.4552,6.4575,6.455,6.46,6.45,13
2024-05-03 15:37:00,3189.0,6.4551,6.455,6.455,6.46,6.455,32
2024-05-03 15:38:00,3431.0,6.4527,6.455,6.455,6.46,6.45,39
2024-05-03 15:39:00,3302.0,6.4547,6.45,6.455,6.46,6.45,25
2024-05-03 15:40:00,3071.0,6.4547,6.455,6.455,6.46,6.45,39
2024-05-03 15:41:00,5066.0,6.4571,6.46,6.4525,6.46,6.45,23
2024-05-03 15:42:00,1884.0,6.453,6.455,6.455,6.455,6.45,24
2024-05-03 15:43:00,1580.0,6.4535,6.455,6.45,6.455,6.45,17
2024-05-03 15:44:00,36291.0,6.4435,6.45,6.435,6.45,6.43,170
2024-05-03 15:45:00,15029.0,6.4282,6.43,6.425,6.43,6.425,86
2024-05-03 15:46:00,2959.0,6.426,6.43,6.42,6.43,6.42,29
2024-05-03 15:47:00,39071.0,6.4236,6.42,6.435,6.435,6.42,139
2024-05-03 15:48:00,5037.0,6.4299,6.435,6.43,6.435,6.425,36
2024-05-03 15:49:00,5299.0,6.4271,6.43,6.43,6.43,6.42,54
2024-05-03 15:50:00,12921.0,6.4388,6.435,6.44,6.445,6.435,58
2024-05-03 15:51:00,2408.0,6.4408,6.4412,6.4412,6.445,6.4412,12
2024-05-03 15:52:00,597.0,6.4461,6.45,6.445,6.45,6.445,10
2024-05-03 15:53:00,1082.0,6.4471,6.445,6.445,6.45,6.445,18
2024-05-03 15:54:00,1484.0,6.4367,6.45,6.445,6.45,6.445,18
2024-05-03 15:55:00,5044.0,6.4501,6.445,6.455,6.455,6.445,30
2024-05-03 15:56:00,816.0,6.4549,6.455,6.455,6.455,6.455,13
2024-05-03 15:57:00,552.0,6.4588,6.46,6.455,6.46,6.455,12
2024-05-03 15:58:00,1582.0,6.4579,6.455,6.455,6.46,6.455,25
2024-05-03 15:59:00,7433.0,6.4543,6.455,6.455,6.46,6.4501,34
2024-05-03 16:00:00,7091.0,6.4536,6.455,6.455,6.455,6.45,75
2024-05-03 16:01:00,2896.0,6.4574,6.455,6.46,6.46,6.455,31
2024-05-03 16:02:00,3419.0,6.4611,6.46,6.465,6.465,6.46,56
2024-05-03 16:03:00,1075.0,6.4659,6.465,6.465,6.47,6.465,18
2024-05-03 16:04:00,2831.0,6.4623,6.465,6.465,6.465,6.46,34
2024-05-03 16:05:00,1157.0,6.4567,6.46,6.46,6.46,6.46,19
2024-05-03 16:06:00,1814.0,6.4655,6.465,6.465,6.47,6.465,20
2024-05-03 16:07:00,339.0,6.4666,6.47,6.465,6.47,6.465,12
2024-05-03 16:08:00,6054.0,6.4669,6.466,6.465,6.47,6.4625,49
2024-05-03 16:09:00,1078.0,6.4684,6.47,6.47,6.47,6.4625,25
2024-05-03 16:10:00,1185.0,6.4685,6.47,6.465,6.47,6.465,34
2024-05-03 16:11:00,892.0,6.4682,6.4625,6.465,6.47,6.4625,22
2024-05-03 16:12:00,1886.0,6.4683,6.47,6.47,6.47,6.46,30
2024-05-03 16:13:00,917.0,6.4645,6.465,6.46,6.47,6.46,17
2024-05-03 16:14:00,1908.0,6.4676,6.465,6.4625,6.47,6.4625,27
2024-05-03 16:15:00,10846.0,6.4718,6.465,6.475,6.48,6.465,93
2024-05-03 16:16:00,1531.0,6.4752,6.475,6.475,6.48,6.475,19
2024-05-03 16:17:00,1233.0,6.4781,6.475,6.475,6.48,6.475,23
2024-05-03 16:18:00,564.0,6.4761,6.48,6.475,6.48,6.475,20
2024-05-03 16:19:00,726.0,6.4758,6.48,6.475,6.48,6.475,18
2024-05-03 16:20:00,1529.0,6.4784,6.475,6.48,6.48,6.475,26
2024-05-03 16:21:00,1278.0,6.4778,6.475,6.48,6.48,6.475,18
2024-05-03 16:22:00,1023.0,6.4786,6.48,6.48,6.48,6.475,23
2024-05-03 16:23:00,6593.0,6.4823,6.48,6.485,6.49,6.48,69
2024-05-03 16:24:00,876.0,6.4844,6.485,6.485,6.485,6.485,16
2024-05-03 16:25:00,1384.0,6.4831,6.485,6.48,6.49,6.48,30
2024-05-03 16:26:00,3591.0,6.4821,6.48,6.48,6.49,6.48,30
2024-05-03 16:27:00,33223.0,6.4814,6.48,6.47,6.485,6.47,154
2024-05-03 16:28:00,455.0,6.4758,6.475,6.47,6.475,6.47,19
2024-05-03 16:29:00,409.0,6.4735,6.47,6.475,6.475,6.47,14
2024-05-03 16:30:00,312.0,6.4737,6.47,6.47,6.47,6.47,23
2024-05-03 16:31:00,6519.0,6.4763,6.475,6.48,6.48,6.4725,75
2024-05-03 16:32:00,9266.0,6.4806,6.48,6.485,6.485,6.48,61
2024-05-03 16:33:00,1164.0,6.4844,6.485,6.485,6.485,6.485,15
2024-05-03 16:34:00,216.0,6.4842,6.485,6.485,6.485,6.485,13
2024-05-03 16:36:00,1179.0,6.4829,6.49,6.49,6.49,6.485,16
2024-05-03 16:37:00,1377.0,6.4858,6.485,6.485,6.49,6.485,19
2024-05-03 16:38:00,2154.0,6.4884,6.485,6.49,6.49,6.485,38
2024-05-03 16:39:00,2003.0,6.4857,6.485,6.485,6.49,6.485,26
2024-05-03 16:40:00,1170.0,6.4874,6.485,6.485,6.49,6.485,21
2024-05-03 16:41:00,1407.0,6.4889,6.485,6.49,6.49,6.485,20
2024-05-03 16:42:00,16296.0,6.491,6.49,6.495,6.5,6.49,89
2024-05-03 16:43:00,939.0,6.494,6.495,6.495,6.495,6.495,22
2024-05-03 16:44:00,571.0,6.4957,6.5,6.495,6.5,6.495,13
2024-05-03 16:45:00,650.0,6.4959,6.5,6.495,6.5,6.495,20
2024-05-03 16:46:00,6350.0,6.4957,6.5,6.495,6.5,6.495,36
2024-05-03 16:47:00,1747.0,6.4956,6.495,6.495,6.5,6.495,26
2024-05-03 16:48:00,659.0,6.4958,6.495,6.495,6.5,6.495,18
2024-05-03 16:49:00,877.0,6.4956,6.495,6.495,6.5,6.495,17
2024-05-03 16:50:00,18307.0,6.5001,6.495,6.505,6.51,6.495,88
2024-05-03 16:51:00,3696.0,6.5086,6.5095,6.51,6.51,6.505,26
2024-05-03 16:52:00,1133.0,6.5078,6.51,6.505,6.51,6.505,24
2024-05-03 16:53:00,2979.0,6.5061,6.51,6.505,6.51,6.505,31
2024-05-03 16:54:00,1819.0,6.508,6.51,6.505,6.51,6.505,29
2024-05-03 16:55:00,2190.0,6.5056,6.505,6.505,6.51,6.505,36
2024-05-03 16:56:00,743.0,6.5051,6.505,6.505,6.505,6.505,21
2024-05-03 16:57:00,940.0,6.5061,6.505,6.505,6.51,6.505,22
2024-05-03 16:58:00,1296.0,6.5068,6.505,6.505,6.51,6.5,17
2024-05-03 16:59:00,970.0,6.5074,6.51,6.505,6.51,6.505,23
2024-05-03 17:00:00,1018.0,6.5059,6.51,6.505,6.51,6.505,29
2024-05-03 17:01:00,757.0,6.5059,6.505,6.505,6.51,6.505,19
2024-05-03 17:02:00,1579.0,6.5079,6.51,6.51,6.51,6.505,33
2024-05-03 17:03:00,27755.0,6.4987,6.51,6.485,6.51,6.485,158
2024-05-03 17:04:00,6119.0,6.4899,6.49,6.49,6.49,6.485,49
2024-05-03 17:05:00,990.0,6.4929,6.495,6.495,6.495,6.49,23
2024-05-03 17:06:00,6127.0,6.4918,6.495,6.495,6.495,6.49,37
2024-05-03 17:07:00,1135.0,6.4949,6.495,6.495,6.495,6.495,25
2024-05-03 17:11:00,3718.0,6.495,6.495,6.495,6.495,6.495,21
2024-05-03 17:12:00,2345.0,6.495,6.495,6.495,6.495,6.495,25
2024-05-03 17:13:00,210.0,6.495,6.495,6.495,6.495,6.495,17
2024-05-03 17:14:00,12945.0,6.5008,6.495,6.51,6.51,6.495,69
2024-05-03 17:15:00,735.0,6.5066,6.505,6.505,6.51,6.505,25
2024-05-03 17:16:00,939.0,6.5071,6.51,6.505,6.51,6.505,26
2024-05-03 17:17:00,957.0,6.5057,6.505,6.51,6.51,6.505,20
2024-05-03 17:18:00,612.0,6.5068,6.51,6.505,6.51,6.505,24
2024-05-03 17:19:00,1492.0,6.5051,6.51,6.505,6.51,6.5,34
2024-05-03 17:20:00,2802.0,6.5029,6.505,6.505,6.51,6.5,52
2024-05-03 17:21:00,395.0,6.5048,6.5,6.505,6.505,6.5,21
2024-05-03 17:22:00,1544.0,6.5066,6.51,6.51,6.51,6.505,24
2024-05-03 17:23:00,894.0,6.5056,6.505,6.505,6.51,6.505,19
2024-05-03 17:24:00,1149.0,6.506,6.505,6.505,6.51,6.505,29
2024-05-03 17:25:00,1168.0,6.5037,6.505,6.5,6.505,6.5,24
2024-05-03 17:26:00,654.0,6.505,6.51,6.5,6.51,6.5,23
2024-05-03 17:27:00,1730.0,6.5063,6.51,6.51,6.51,6.505,31
2024-05-03 17:28:00,628.0,6.506,6.51,6.505,6.51,6.505,19
2024-05-03 17:29:00,3307.0,6.5078,6.5025,6.505,6.51,6.5025,39
2024-05-03 17:30:00,1155.0,6.5075,6.505,6.505,6.51,6.5025,27
2024-05-03 17:31:00,1554.0,6.505,6.505,6.505,6.51,6.5,37
2024-05-03 17:32:00,24450.0,6.498,6.505,6.485,6.505,6.485,148
2024-05-03 17:33:00,4852.0,6.49,6.485,6.495,6.495,6.485,49
2024-05-03 17:34:00,872.0,6.4949,6.495,6.495,6.495,6.495,16
2024-05-03 17:35:00,264.0,6.4959,6.495,6.495,6.495,6.495,16
2024-05-03 17:37:00,454.0,6.4944,6.4925,6.495,6.495,6.4925,20
2024-05-03 17:38:00,1566.0,6.4971,6.5,6.495,6.5,6.495,28
2024-05-03 17:39:00,475.0,6.4963,6.4925,6.4925,6.4925,6.4925,21
2024-05-03 17:40:00,12570.0,6.5008,6.495,6.505,6.51,6.495,76
2024-05-03 17:41:00,11230.0,6.5006,6.5,6.505,6.51,6.5,22
2024-05-03 17:42:00,1119.0,6.5055,6.505,6.505,6.505,6.505,23
2024-05-03 17:43:00,770.0,6.5056,6.505,6.505,6.51,6.505,21
2024-05-03 17:44:00,642.0,6.5045,6.505,6.505,6.505,6.505,20
2024-05-03 17:45:00,994.0,6.5037,6.505,6.505,6.505,6.505,23
2024-05-03 17:46:00,1820.0,6.5073,6.5054,6.51,6.51,6.505,25
2024-05-03 17:47:00,560.0,6.5051,6.505,6.505,6.505,6.505,21
2024-05-03 17:48:00,1641.0,6.5078,6.505,6.51,6.51,6.505,32
2024-05-03 17:49:00,5704.0,6.5116,6.51,6.515,6.515,6.51,80
2024-05-03 17:50:00,771.0,6.5163,6.52,6.515,6.52,6.515,23
2024-05-03 17:51:00,1052.0,6.516,6.515,6.515,6.52,6.515,22
2024-05-03 17:52:00,661.0,6.5166,6.515,6.515,6.52,6.515,19
2024-05-03 17:53:00,1130.0,6.5164,6.515,6.52,6.52,6.515,26
2024-05-03 17:54:00,15393.0,6.51,6.515,6.505,6.515,6.505,79
2024-05-03 17:55:00,919.0,6.5057,6.505,6.505,6.505,6.505,24
2024-05-03 17:56:00,4908.0,6.5058,6.5042,6.505,6.51,6.5042,44
2024-05-03 17:58:00,1974.0,6.505,6.505,6.505,6.505,6.505,15
2024-05-03 18:00:00,1768.0,6.5053,6.505,6.51,6.51,6.505,27
2024-05-03 18:01:00,650.0,6.5053,6.505,6.505,6.505,6.505,19
2024-05-03 18:02:00,934.0,6.505,6.505,6.505,6.505,6.505,21
2024-05-03 18:04:00,1393.0,6.5051,6.505,6.505,6.505,6.505,17
2024-05-03 18:05:00,1685.0,6.505,6.51,6.505,6.51,6.5,34
2024-05-03 18:06:00,675.0,6.505,6.505,6.505,6.505,6.505,19
2024-05-03 18:07:00,1968.0,6.505,6.505,6.505,6.505,6.505,24
2024-05-03 18:08:00,497.0,6.505,6.505,6.505,6.505,6.505,21
2024-05-03 18:09:00,1147.0,6.5045,6.5,6.505,6.505,6.5,23
2024-05-03 18:10:00,1278.0,6.5052,6.505,6.505,6.505,6.505,31
2024-05-03 18:11:00,13858.0,6.5102,6.51,6.515,6.52,6.505,106
2024-05-03 18:12:00,2817.0,6.5116,6.51,6.515,6.515,6.51,30
2024-05-03 18:13:00,12684.0,6.5093,6.51,6.5,6.51,6.5,64
2024-05-03 18:14:00,823.0,6.5045,6.5,6.505,6.505,6.5,18
2024-05-03 18:15:00,474.0,6.505,6.505,6.505,6.505,6.505,18
2024-05-03 18:16:00,602.0,6.5024,6.505,6.5,6.505,6.5,16
2024-05-03 18:17:00,23562.0,6.5093,6.505,6.505,6.515,6.505,118
2024-05-03 18:18:00,1178.0,6.5051,6.505,6.505,6.505,6.505,19
2024-05-03 18:19:00,19180.0,6.5007,6.505,6.5,6.51,6.5,83
2024-05-03 18:20:00,1783.0,6.4914,6.49,6.495,6.495,6.49,28
2024-05-03 18:21:00,640.0,6.4933,6.495,6.49,6.495,6.49,18
2024-05-03 18:22:00,8621.0,6.4913,6.495,6.49,6.495,6.49,39
2024-05-03 18:23:00,501.0,6.4927,6.495,6.495,6.495,6.49,15
2024-05-03 18:24:00,1459.0,6.4925,6.495,6.495,6.495,6.495,23
2024-05-03 18:25:00,491.0,6.495,6.495,6.495,6.495,6.495,18
2024-05-03 18:27:00,4437.0,6.4958,6.495,6.4925,6.5,6.4925,59
2024-05-03 18:28:00,1699.0,6.4953,6.495,6.495,6.495,6.495,28
2024-05-03 18:29:00,2299.0,6.4932,6.495,6.49,6.495,6.49,33
2024-05-03 18:30:00,856.0,6.4943,6.495,6.49,6.495,6.49,22
2024-05-03 18:31:00,1406.0,6.4927,6.49,6.495,6.495,6.49,30
2024-05-03 18:32:00,757.0,6.4944,6.495,6.495,6.4975,6.49,19
2024-05-03 18:33:00,1001.0,6.4925,6.495,6.49,6.495,6.49,24
2024-05-03 18:35:00,659.0,6.495,6.495,6.495,6.495,6.495,19
2024-05-03 18:36:00,2502.0,6.4927,6.495,6.49,6.4975,6.49,41
2024-05-03 18:37:00,1239.0,6.493,6.49,6.495,6.4975,6.49,17
2024-05-03 18:38:00,704.0,6.4914,6.495,6.49,6.495,6.49,8
2024-05-03 18:39:00,36099.0,6.4856,6.495,6.48,6.495,6.48,165
2024-05-03 18:40:00,1007.0,6.48,6.48,6.48,6.48,6.48,16
2024-05-03 18:41:00,1084.0,6.4827,6.485,6.48,6.485,6.48,12
2024-05-03 18:42:00,7668.0,6.4859,6.485,6.485,6.49,6.485,60
2024-05-03 18:43:00,13324.0,6.4901,6.49,6.495,6.495,6.485,87
2024-05-03 18:45:00,728.0,6.495,6.495,6.495,6.495,6.495,12
2024-05-03 18:46:00,19882.0,6.4892,6.49,6.485,6.49,6.48,89
2024-05-03 18:47:00,2294.0,6.4824,6.485,6.485,6.485,6.48,23
2024-05-03 18:48:00,3289.0,6.48,6.48,6.48,6.48,6.48,25
2024-05-03 18:49:00,405.0,6.4837,6.485,6.48,6.485,6.48,9
2024-05-03 18:50:00,835.0,6.4818,6.48,6.48,6.485,6.48,16
2024-05-03 18:51:00,2296.0,6.4845,6.485,6.485,6.49,6.48,32
2024-05-03 18:52:00,3196.0,6.4859,6.48,6.485,6.49,6.48,31
2024-05-03 18:53:00,1515.0,6.4848,6.485,6.485,6.485,6.4825,18
2024-05-03 18:54:00,1591.0,6.4858,6.485,6.49,6.49,6.4825,13
2024-05-03 18:55:00,1812.0,6.4826,6.485,6.485,6.485,6.48,31
2024-05-03 18:56:00,1203.0,6.4845,6.4852,6.485,6.4852,6.48,19
2024-05-03 18:57:00,13726.0,6.4896,6.485,6.495,6.5,6.4825,101
2024-05-03 18:58:00,776.0,6.495,6.495,6.495,6.495,6.495,8
2024-05-03 18:59:00,1096.0,6.496,6.5,6.495,6.5,6.495,17
2024-05-03 19:00:00,1746.0,6.4931,6.49,6.495,6.495,6.49,25
2024-05-03 19:01:00,1840.0,6.4956,6.495,6.495,6.4999,6.49,22
2024-05-03 19:02:00,20922.0,6.4894,6.49,6.485,6.49,6.485,116
2024-05-03 19:03:00,3149.0,6.4878,6.485,6.485,6.49,6.485,25
2024-05-03 19:04:00,1485.0,6.485,6.485,6.485,6.485,6.485,18
2024-05-03 19:05:00,1460.0,6.4874,6.485,6.485,6.49,6.485,25
2024-05-03 19:06:00,2173.0,6.4848,6.485,6.485,6.485,6.48,23
2024-05-03 19:07:00,14415.0,6.4796,6.48,6.475,6.485,6.47,87
2024-05-03 19:08:00,995.0,6.4767,6.47,6.475,6.475,6.47,11
2024-05-03 19:09:00,11942.0,6.4702,6.47,6.47,6.475,6.47,56
2024-05-03 19:10:00,1727.0,6.4723,6.47,6.47,6.475,6.47,19
2024-05-03 19:11:00,964.0,6.47,6.47,6.47,6.47,6.47,16
2024-05-03 19:12:00,3257.0,6.476,6.47,6.47,6.4787,6.47,18
2024-05-03 19:13:00,1764.0,6.4738,6.475,6.475,6.475,6.47,17
2024-05-03 19:14:00,1535.0,6.4713,6.47,6.475,6.475,6.47,21
2024-05-03 19:15:00,1544.0,6.4733,6.475,6.475,6.48,6.47,19
2024-05-03 19:16:00,7798.0,6.4759,6.475,6.475,6.48,6.4725,87
2024-05-03 19:17:00,2087.0,6.4753,6.475,6.475,6.48,6.475,29
2024-05-03 19:18:00,19231.0,6.4823,6.48,6.495,6.495,6.475,123
2024-05-03 19:19:00,1726.0,6.4925,6.495,6.4975,6.5,6.495,11
2024-05-03 19:20:00,477.0,6.4923,6.495,6.495,6.495,6.495,10
2024-05-03 19:21:00,1170.0,6.4971,6.495,6.495,6.5,6.495,12
2024-05-03 19:22:00,1471.0,6.4951,6.495,6.495,6.495,6.495,22
2024-05-03 19:23:00,2452.0,6.4968,6.495,6.495,6.5,6.495,27
2024-05-03 19:24:00,1230.0,6.4951,6.495,6.495,6.495,6.495,28
2024-05-03 19:25:00,3293.0,6.4954,6.495,6.495,6.5,6.49,35
2024-05-03 19:26:00,1627.0,6.4951,6.495,6.495,6.495,6.495,30
2024-05-03 19:27:00,5096.0,6.4956,6.495,6.4925,6.5,6.4925,53
2024-05-03 19:28:00,2894.0,6.4944,6.495,6.495,6.495,6.49,40
2024-05-03 19:29:00,4520.0,6.4953,6.49,6.495,6.5,6.49,45
2024-05-03 19:30:00,6437.0,6.4935,6.495,6.49,6.4999,6.49,70
2024-05-03 19:31:00,3245.0,6.4908,6.495,6.49,6.495,6.49,33
2024-05-03 19:32:00,4314.0,6.4948,6.4975,6.495,6.4975,6.49,52
2024-05-03 19:33:00,2181.0,6.493,6.495,6.49,6.495,6.49,33
2024-05-03 19:34:00,2306.0,6.494,6.495,6.495,6.495,6.49,36
2024-05-03 19:35:00,7790.0,6.4922,6.495,6.49,6.495,6.49,66
2024-05-03 19:36:00,3995.0,6.4917,6.49,6.49,6.495,6.49,37
2024-05-03 19:37:00,1265.0,6.4927,6.49,6.49,6.495,6.49,34
2024-05-03 19:38:00,1524.0,6.4916,6.49,6.495,6.495,6.49,44
2024-05-03 19:39:00,3821.0,6.4947,6.49,6.495,6.4982,6.49,61
2024-05-03 19:40:00,3083.0,6.4945,6.49,6.495,6.495,6.49,66
2024-05-03 19:41:00,97886.0,6.4993,6.495,6.495,6.505,6.49,361
2024-05-03 19:42:00,3459.0,6.4925,6.495,6.495,6.495,6.49,26
2024-05-03 19:43:00,5836.0,6.4929,6.495,6.495,6.495,6.49,29
2024-05-03 19:44:00,7019.0,6.4909,6.495,6.49,6.495,6.49,67
2024-05-03 19:45:00,7411.0,6.4924,6.49,6.49,6.4982,6.49,52
2024-05-03 19:46:00,5295.0,6.4956,6.49,6.49,6.495,6.49,37
2024-05-03 19:47:00,3614.0,6.4923,6.49,6.49,6.49,6.49,32
2024-05-03 19:48:00,35722.0,6.4994,6.495,6.505,6.51,6.49,204
2024-05-03 19:49:00,32891.0,6.4992,6.505,6.495,6.505,6.49,95
2024-05-03 19:50:00,3458.0,6.4948,6.49,6.495,6.495,6.49,27
2024-05-03 19:51:00,9372.0,6.4966,6.495,6.495,6.5,6.49,72
2024-05-03 19:52:00,9023.0,6.4974,6.495,6.5,6.5,6.495,88
2024-05-03 19:53:00,8370.0,6.4952,6.495,6.495,6.5,6.49,63
2024-05-03 19:54:00,6773.0,6.4959,6.49,6.5,6.5,6.49,74
2024-05-03 19:55:00,14028.0,6.4955,6.5,6.495,6.5,6.49,105
2024-05-03 19:56:00,13712.0,6.495,6.495,6.495,6.5,6.49,137
2024-05-03 19:57:00,19632.0,6.4964,6.49,6.495,6.5,6.49,216
2024-05-03 19:58:00,159968.0,6.5047,6.495,6.51,6.51,6.49,350
2024-05-03 19:59:00,95702.0,6.5008,6.505,6.5,6.51,6.49,454
2024-05-03 20:00:00,10279.0,6.49,6.49,6.49,6.49,6.49,7
2024-05-06 10:13:00,209.0,6.4998,6.5,6.5,6.5,6.5,9
2024-05-06 13:30:00,87870.0,6.5747,6.57,6.6,6.61,6.55,52
2024-05-06 13:31:00,45549.0,6.5842,6.61,6.59,6.61,6.57,139
2024-05-06 13:33:00,1280.0,6.5898,6.59,6.59,6.59,6.59,16
2024-05-06 13:34:00,2900.0,6.5821,6.59,6.57,6.59,6.56,28
2024-05-06 13:35:00,16070.0,6.5563,6.57,6.53,6.57,6.53,82
2024-05-06 13:36:00,3270.0,6.5296,6.53,6.535,6.535,6.525,36
2024-05-06 13:37:00,709.0,6.5365,6.53,6.535,6.54,6.53,14
2024-05-06 13:39:00,7308.0,6.5464,6.54,6.545,6.55,6.54,74
2024-05-06 13:40:00,19609.0,6.5468,6.54,6.555,6.56,6.54,87
2024-05-06 13:42:00,257.0,6.5589,6.56,6.56,6.56,6.56,5
2024-05-06 13:44:00,2941.0,6.5601,6.56,6.565,6.565,6.56,34
2024-05-06 13:45:00,9834.0,6.5697,6.565,6.57,6.57,6.565,63
2024-05-06 13:47:00,1147.0,6.5746,6.58,6.575,6.58,6.57,18
2024-05-06 13:48:00,541.0,6.5725,6.58,6.57,6.58,6.57,17
2024-05-06 13:49:00,795.0,6.5763,6.5785,6.58,6.58,6.575,16
2024-05-06 13:50:00,5536.0,6.5711,6.575,6.57,6.575,6.57,19
2024-05-06 13:51:00,816.0,6.5731,6.5778,6.57,6.5778,6.57,21
2024-05-06 13:52:00,33384.0,6.5805,6.57,6.6,6.6,6.565,127
2024-05-06 13:53:00,8355.0,6.6008,6.595,6.6,6.605,6.595,61
2024-05-06 13:54:00,2227.0,6.5993,6.595,6.6,6.6,6.595,21
2024-05-06 13:55:00,3509.0,6.5924,6.6,6.6,6.605,6.6,31
2024-05-06 13:56:00,563.0,6.6023,6.6,6.605,6.605,6.6,15
2024-05-06 13:58:00,430.0,6.6062,6.605,6.605,6.605,6.605,8
2024-05-06 13:59:00,347.0,6.6085,6.61,6.605,6.61,6.605,10
2024-05-06 14:00:00,2894.0,6.6082,6.61,6.605,6.61,6.605,29
2024-05-06 14:01:00,3942.0,6.6012,6.6001,6.605,6.605,6.6001,16
2024-05-06 14:02:00,794.0,6.6035,6.6,6.605,6.605,6.6,16
2024-05-06 14:03:00,4308.0,6.6091,6.6,6.61,6.61,6.6,35
2024-05-06 14:04:00,2024.0,6.6097,6.605,6.61,6.61,6.605,32
2024-05-06 14:06:00,210.0,6.615,6.615,6.615,6.615,6.615,8
2024-05-06 14:07:00,821.0,6.6175,6.62,6.61,6.62,6.61,11
2024-05-06 14:08:00,1721.0,6.611,6.611,6.61,6.611,6.61,13
2024-05-06 14:09:00,1808.0,6.6142,6.61,6.615,6.615,6.61,30
2024-05-06 14:10:00,739.0,6.6133,6.615,6.61,6.615,6.61,12
2024-05-06 14:11:00,1011.0,6.6115,6.61,6.6101,6.615,6.61,11
2024-05-06 14:12:00,6547.0,6.6169,6.62,6.61,6.62,6.61,27
2024-05-06 14:13:00,16789.0,6.6088,6.6101,6.605,6.6101,6.6,82
2024-05-06 14:14:00,3705.0,6.6091,6.6025,6.61,6.61,6.6025,45
2024-05-06 14:15:00,3673.0,6.611,6.61,6.615,6.615,6.61,28
2024-05-06 14:16:00,4301.0,6.6098,6.61,6.61,6.61,6.605,28
2024-05-06 14:17:00,13327.0,6.6093,6.605,6.61,6.61,6.6023,52
2024-05-06 14:19:00,417.0,6.6126,6.615,6.61,6.615,6.61,10
2024-05-06 14:20:00,510.0,6.6142,6.61,6.6178,6.6178,6.61,15
2024-05-06 14:21:00,2023.0,6.6139,6.615,6.615,6.615,6.61,30
2024-05-06 14:22:00,208.0,6.6125,6.615,6.61,6.615,6.61,7
2024-05-06 14:23:00,3410.0,6.6151,6.615,6.615,6.62,6.615,23
2024-05-06 14:24:00,1388.0,6.6164,6.62,6.615,6.62,6.615,22
2024-05-06 14:25:00,1257.0,6.6175,6.6125,6.62,6.62,6.6125,19
2024-05-06 14:26:00,20944.0,6.6215,6.62,6.635,6.64,6.62,76
2024-05-06 14:27:00,16420.0,6.63,6.635,6.625,6.635,6.625,63
2024-05-06 14:28:00,320.0,6.6201,6.62,6.62,6.62,6.62,10
2024-05-06 14:29:00,313.0,6.6233,6.625,6.62,6.625,6.62,14
2024-05-06 14:30:00,175.0,6.6239,6.625,6.625,6.625,6.625,17
2024-05-06 14:31:00,930.0,6.6242,6.62,6.626,6.626,6.62,18
2024-05-06 14:32:00,862.0,6.625,6.63,6.625,6.63,6.62,18
2024-05-06 14:33:00,11880.0,6.6186,6.62,6.605,6.6247,6.605,69
2024-05-06 14:34:00,14142.0,6.6096,6.605,6.61,6.61,6.605,68
2024-05-06 14:35:00,1215.0,6.6144,6.615,6.615,6.615,6.61,17
2024-05-06 14:36:00,257.0,6.6109,6.61,6.61,6.61,6.61,12
2024-05-06 14:37:00,2320.0,6.615,6.615,6.615,6.615,6.615,12
2024-05-06 14:38:00,940.0,6.6172,6.615,6.62,6.62,6.615,21
2024-05-06 14:39:00,2161.0,6.6197,6.6199,6.62,6.62,6.615,14
2024-05-06 14:40:00,2732.0,6.6209,6.62,6.625,6.625,6.62,33
2024-05-06 14:41:00,764.0,6.6198,6.62,6.62,6.62,6.62,14
2024-05-06 14:42:00,213.0,6.6239,6.6275,6.62,6.6275,6.62,9
2024-05-06 14:43:00,8119.0,6.6192,6.62,6.615,6.62,6.615,32
2024-05-06 14:44:00,1196.0,6.6165,6.615,6.615,6.62,6.615,25
2024-05-06 14:45:00,1828.0,6.6202,6.62,6.625,6.625,6.62,28
2024-05-06 14:46:00,2363.0,6.6207,6.625,6.63,6.63,6.625,15
2024-05-06 14:47:00,15008.0,6.6306,6.63,6.625,6.635,6.625,77
2024-05-06 14:48:00,311.0,6.6267,6.625,6.63,6.63,6.625,10
2024-05-06 14:49:00,674.0,6.6282,6.625,6.63,6.63,6.625,14
2024-05-06 14:50:00,4120.0,6.6202,6.6201,6.625,6.625,6.6201,11
2024-05-06 14:51:00,308.0,6.6244,6.625,6.62,6.625,6.62,9
2024-05-06 14:52:00,277.0,6.6212,6.62,6.62,6.62,6.62,12
2024-05-06 14:53:00,558.0,6.6207,6.62,6.62,6.62,6.62,16
2024-05-06 14:54:00,746.0,6.6229,6.625,6.62,6.625,6.62,18
2024-05-06 14:55:00,608.0,6.6247,6.625,6.625,6.625,6.625,11
2024-05-06 14:56:00,774.0,6.6239,6.625,6.625,6.625,6.62,18
2024-05-06 14:57:00,1140.0,6.6241,6.625,6.625,6.625,6.625,16
2024-05-06 14:58:00,2183.0,6.6278,6.625,6.625,6.63,6.625,25
2024-05-06 14:59:00,18104.0,6.6197,6.625,6.61,6.63,6.61,103
2024-05-06 15:00:00,279.0,6.6153,6.61,6.61,6.61,6.61,9
2024-05-06 15:01:00,24334.0,6.6193,6.615,6.615,6.625,6.615,139
2024-05-06 15:02:00,9015.0,6.62,6.62,6.62,6.62,6.62,28
2024-05-06 15:03:00,13216.0,6.6241,6.62,6.62,6.625,6.62,26
2024-05-06 15:06:00,1218.0,6.625,6.625,6.625,6.625,6.625,18
2024-05-06 15:07:00,138.0,6.6261,6.625,6.625,6.625,6.625,8
2024-05-06 15:08:00,336.0,6.6252,6.625,6.625,6.625,6.625,12
2024-05-06 15:09:00,6261.0,6.6293,6.625,6.63,6.63,6.625,36
2024-05-06 15:10:00,936.0,6.6299,6.63,6.63,6.63,6.63,22
2024-05-06 15:11:00,422.0,6.6287,6.63,6.625,6.63,6.625,13
2024-05-06 15:12:00,818.0,6.6248,6.625,6.625,6.625,6.625,14
2024-05-06 15:13:00,5010.0,6.6209,6.625,6.625,6.625,6.6201,18
2024-05-06 15:14:00,909.0,6.6253,6.625,6.625,6.625,6.625,16
2024-05-06 15:15:00,4743.0,6.6301,6.63,6.635,6.635,6.625,51
2024-05-06 15:16:00,1110.0,6.6395,6.64,6.635,6.64,6.635,17
2024-05-06 15:17:00,150.0,6.6364,6.635,6.635,6.635,6.635,12
2024-05-06 15:18:00,67869.0,6.6192,6.64,6.62,6.64,6.61,156
2024-05-06 15:19:00,5237.0,6.6304,6.625,6.635,6.64,6.625,27
2024-05-06 15:21:00,3818.0,6.639,6.64,6.635,6.64,6.635,16
2024-05-06 15:22:00,308.0,6.6366,6.635,6.635,6.64,6.635,9
2024-05-06 15:23:00,279.0,6.6356,6.635,6.635,6.635,6.635,11
2024-05-06 15:24:00,328.0,6.6367,6.635,6.64,6.64,6.635,13
2024-05-06 15:25:00,36571.0,6.6405,6.64,6.64,6.645,6.635,117
2024-05-06 15:26:00,6911.0,6.6398,6.64,6.635,6.64,6.635,32
2024-05-06 15:27:00,2317.0,6.6355,6.64,6.635,6.64,6.635,12
2024-05-06 15:29:00,2333.0,6.6393,6.635,6.635,6.64,6.635,15
2024-05-06 15:30:00,224.0,6.6373,6.64,6.64,6.64,6.64,17
2024-05-06 15:31:00,931.0,6.6388,6.64,6.64,6.64,6.635,17
2024-05-06 15:32:00,533.0,6.6381,6.64,6.635,6.64,6.635,13
2024-05-06 15:33:00,753.0,6.6384,6.635,6.64,6.64,6.635,17
2024-05-06 15:34:00,1816.0,6.6378,6.635,6.64,6.64,6.635,26
2024-05-06 15:35:00,5835.0,6.6403,6.64,6.645,6.645,6.64,62
2024-05-06 15:36:00,225.0,6.6449,6.645,6.645,6.645,6.645,9
2024-05-06 15:37:00,524.0,6.6463,6.64,6.6475,6.6499,6.64,20
2024-05-06 15:38:00,262.0,6.6431,6.64,6.645,6.645,6.64,13
2024-05-06 15:39:00,948.0,6.6453,6.645,6.6475,6.6475,6.645,21
2024-05-06 15:40:00,35996.0,6.6504,6.65,6.66,6.66,6.645,81
2024-05-06 15:41:00,7135.0,6.653,6.66,6.6501,6.66,6.6501,20
2024-05-06 15:42:00,738.0,6.6573,6.66,6.655,6.66,6.655,15
2024-05-06 15:43:00,245.0,6.6532,6.655,6.655,6.655,6.655,15
2024-05-06 15:44:00,6221.0,6.6594,6.66,6.655,6.66,6.655,35
2024-05-06 15:45:00,1719.0,6.655,6.66,6.66,6.66,6.66,19
2024-05-06 15:46:00,432.0,6.6583,6.66,6.655,6.66,6.655,15
2024-05-06 15:47:00,915.0,6.66,6.66,6.66,6.66,6.66,17
2024-05-06 15:48:00,1609.0,6.6594,6.66,6.66,6.66,6.655,21
2024-05-06 15:49:00,2156.0,6.6588,6.655,6.66,6.66,6.655,32
2024-05-06 15:50:00,34032.0,6.6508,6.655,6.65,6.66,6.645,163
2024-05-06 15:51:00,12842.0,6.6506,6.655,6.65,6.655,6.65,41
2024-05-06 15:52:00,526.0,6.6529,6.65,6.65,6.655,6.65,14
2024-05-06 15:53:00,1569.0,6.6512,6.65,6.655,6.655,6.65,11
2024-05-06 15:54:00,998.0,6.6523,6.655,6.65,6.655,6.65,16
2024-05-06 15:56:00,1043.0,6.6534,6.655,6.655,6.655,6.655,15
2024-05-06 15:57:00,216.0,6.6544,6.6541,6.6541,6.6541,6.6541,8
2024-05-06 15:58:00,373.0,6.6538,6.655,6.655,6.655,6.655,13
2024-05-06 15:59:00,508.0,6.6549,6.655,6.655,6.655,6.655,17
2024-05-06 16:00:00,443.0,6.6515,6.65,6.65,6.65,6.65,20
2024-05-06 16:01:00,374.0,6.6543,6.6575,6.655,6.6575,6.65,13
2024-05-06 16:02:00,124.0,6.6502,6.65,6.65,6.65,6.65,9
2024-05-06 16:03:00,1635.0,6.6564,6.6575,6.65,6.66,6.65,22
2024-05-06 16:04:00,8990.0,6.6526,6.6501,6.66,6.66,6.6501,50
2024-05-06 16:05:00,1402.0,6.6571,6.66,6.66,6.66,6.655,29
2024-05-06 16:06:00,1367.0,6.657,6.655,6.655,6.66,6.655,20
2024-05-06 16:08:00,1259.0,6.6567,6.66,6.655,6.66,6.655,17
2024-05-06 16:09:00,1561.0,6.6565,6.655,6.655,6.66,6.655,23
2024-05-06 16:10:00,1156.0,6.6572,6.6544,6.66,6.66,6.6544,27
2024-05-06 16:11:00,1043.0,6.658,6.655,6.66,6.66,6.655,23
2024-05-06 16:12:00,1866.0,6.6583,6.66,6.66,6.66,6.655,28
2024-05-06 16:13:00,850.0,6.6587,6.655,6.66,6.66,6.655,22
2024-05-06 16:14:00,1329.0,6.6573,6.655,6.655,6.66,6.655,32
2024-05-06 16:15:00,859.0,6.6591,6.66,6.655,6.66,6.655,25
2024-05-06 16:16:00,9178.0,6.6512,6.66,6.66,6.66,6.6503,27
2024-05-06 16:17:00,8042.0,6.6515,6.66,6.656,6.66,6.6503,19
2024-05-06 16:18:00,1923.0,6.6565,6.66,6.655,6.66,6.655,37
2024-05-06 16:19:00,9227.0,6.6583,6.655,6.6521,6.66,6.6521,62
2024-05-06 16:20:00,1789.0,6.657,6.66,6.66,6.66,6.655,33
2024-05-06 16:21:00,1659.0,6.6595,6.655,6.66,6.66,6.655,30
2024-05-06 16:22:00,2001.0,6.6587,6.66,6.66,6.66,6.655,33
2024-05-06 16:23:00,11330.0,6.6517,6.66,6.655,6.66,6.651,34
2024-05-06 16:24:00,1335.0,6.6504,6.66,6.66,6.66,6.66,25
2024-05-06 16:25:00,2216.0,6.6568,6.655,6.66,6.66,6.655,32
2024-05-06 16:26:00,7339.0,6.6519,6.66,6.66,6.66,6.6501,31
2024-05-06 16:27:00,3024.0,6.6563,6.66,6.655,6.66,6.655,30
2024-05-06 16:28:00,1251.0,6.6588,6.66,6.66,6.66,6.655,27
2024-05-06 16:29:00,5716.0,6.6589,6.655,6.66,6.66,6.6501,58
2024-05-06 16:30:00,561.0,6.6553,6.655,6.655,6.655,6.655,19
2024-05-06 16:32:00,17468.0,6.6497,6.655,6.64,6.655,6.64,94
2024-05-06 16:33:00,557.0,6.6453,6.645,6.645,6.645,6.645,16
2024-05-06 16:34:00,335.0,6.645,6.645,6.645,6.645,6.645,17
2024-05-06 16:35:00,267.0,6.645,6.645,6.645,6.645,6.645,17
2024-05-06 16:36:00,510.0,6.645,6.645,6.645,6.645,6.645,14
2024-05-06 16:38:00,251.0,6.645,6.645,6.645,6.645,6.645,15
2024-05-06 16:39:00,929.0,6.6465,6.645,6.645,6.645,6.645,26
2024-05-06 16:40:00,1739.0,6.6469,6.645,6.645,6.65,6.645,34
2024-05-06 16:41:00,1098.0,6.6475,6.65,6.65,6.65,6.645,23
2024-05-06 16:42:00,940.0,6.6478,6.645,6.645,6.65,6.645,20
2024-05-06 16:43:00,1247.0,6.6479,6.65,6.645,6.65,6.645,26
2024-05-06 16:44:00,1815.0,6.6463,6.645,6.65,6.65,6.64,33
2024-05-06 16:45:00,1128.0,6.648,6.65,6.645,6.65,6.645,30
2024-05-06 16:46:00,1173.0,6.6486,6.65,6.645,6.65,6.645,25
2024-05-06 16:47:00,7341.0,6.6514,6.65,6.66,6.66,6.65,69
2024-05-06 16:48:00,4110.0,6.6512,6.65,6.655,6.655,6.65,49
2024-05-06 16:49:00,14275.0,6.6505,6.655,6.65,6.655,6.65,94
2024-05-06 16:50:00,825.0,6.6523,6.655,6.655,6.655,6.655,21
2024-05-06 16:51:00,3025.0,6.6522,6.65,6.65,6.66,6.65,26
2024-05-06 16:52:00,921.0,6.651,6.65,6.65,6.65,6.65,20
2024-05-06 16:53:00,780.0,6.6521,6.65,6.655,6.655,6.65,20
2024-05-06 16:54:00,148.0,6.6509,6.65,6.65,6.65,6.65,14
2024-05-06 16:55:00,454.0,6.6519,6.65,6.65,6.65,6.65,19
2024-05-06 16:56:00,270.0,6.6547,6.655,6.655,6.655,6.655,13
2024-05-06 16:57:00,681.0,6.6548,6.655,6.655,6.655,6.655,20
2024-05-06 16:58:00,650.0,6.6533,6.65,6.655,6.655,6.65,22
2024-05-06 16:59:00,1093.0,6.6541,6.655,6.655,6.655,6.65,23
2024-05-06 17:00:00,2301.0,6.6555,6.655,6.655,6.655,6.655,43
2024-05-06 17:01:00,3794.0,6.6594,6.655,6.66,6.66,6.655,35
2024-05-06 17:02:00,954.0,6.66,6.66,6.66,6.66,6.66,25
2024-05-06 17:03:00,415.0,6.6577,6.655,6.66,6.66,6.655,18
2024-05-06 17:04:00,708.0,6.6566,6.6525,6.6525,6.6525,6.6525,23
2024-05-06 17:05:00,17844.0,6.6503,6.655,6.65,6.655,6.65,40
2024-05-06 17:07:00,2272.0,6.6559,6.655,6.655,6.66,6.655,31
2024-05-06 17:08:00,1617.0,6.657,6.655,6.66,6.66,6.655,32
2024-05-06 17:09:00,1247.0,6.6571,6.655,6.66,6.66,6.655,28
2024-05-06 17:10:00,667.0,6.6589,6.66,6.66,6.66,6.655,18
2024-05-06 17:11:00,2869.0,6.6595,6.66,6.66,6.66,6.655,26
2024-05-06 17:12:00,842.0,6.6599,6.66,6.66,6.66,6.66,19
2024-05-06 17:13:00,1318.0,6.6576,6.66,6.66,6.66,6.6501,22
2024-05-06 17:14:00,1751.0,6.655,6.655,6.655,6.66,6.655,24
2024-05-06 17:15:00,1547.0,6.658,6.66,6.66,6.66,6.655,22
2024-05-06 17:16:00,1566.0,6.6589,6.66,6.66,6.66,6.655,25
2024-05-06 17:17:00,20555.0,6.6582,6.66,6.6501,6.66,6.6501,105
2024-05-06 17:18:00,1969.0,6.6571,6.66,6.655,6.66,6.655,26
2024-05-06 17:19:00,2049.0,6.6569,6.655,6.655,6.66,6.655,36
2024-05-06 17:20:00,2245.0,6.6563,6.655,6.655,6.66,6.655,36
2024-05-06 17:21:00,866.0,6.658,6.655,6.66,6.66,6.655,19
2024-05-06 17:22:00,454.0,6.6585,6.655,6.66,6.66,6.655,16
2024-05-06 17:23:00,2042.0,6.6589,6.66,6.66,6.66,6.655,30
2024-05-06 17:24:00,1645.0,6.6584,6.655,6.66,6.66,6.655,25
2024-05-06 17:25:00,1143.0,6.6592,6.66,6.66,6.66,6.655,24
2024-05-06 17:26:00,1075.0,6.6598,6.66,6.66,6.66,6.66,19
2024-05-06 17:27:00,2083.0,6.6583,6.66,6.66,6.66,6.655,29
2024-05-06 17:28:00,837.0,6.6599,6.66,6.66,6.66,6.66,16
2024-05-06 17:29:00,1130.0,6.6582,6.655,6.66,6.66,6.655,19
2024-05-06 17:30:00,1331.0,6.658,6.66,6.66,6.66,6.6504,36
2024-05-06 17:31:00,1501.0,6.6595,6.66,6.66,6.66,6.6598,40
2024-05-06 17:32:00,860.0,6.6598,6.66,6.66,6.66,6.66,27
2024-05-06 17:33:00,1235.0,6.6588,6.66,6.66,6.66,6.655,27
2024-05-06 17:34:00,1239.0,6.658,6.66,6.66,6.66,6.655,28
2024-05-06 17:35:00,1831.0,6.6593,6.66,6.66,6.66,6.655,27
2024-05-06 17:36:00,1342.0,6.6585,6.655,6.66,6.66,6.655,23
2024-05-06 17:37:00,2622.0,6.6583,6.66,6.66,6.66,6.655,33
2024-05-06 17:38:00,1139.0,6.657,6.655,6.66,6.66,6.655,25
2024-05-06 17:39:00,1294.0,6.6577,6.655,6.66,6.66,6.655,28
2024-05-06 17:40:00,1868.0,6.6594,6.66,6.655,6.66,6.655,26
2024-05-06 17:41:00,1554.0,6.6583,6.66,6.655,6.66,6.655,22
2024-05-06 17:42:00,1140.0,6.659,6.66,6.66,6.66,6.655,23
2024-05-06 17:43:00,1441.0,6.6581,6.655,6.66,6.66,6.655,20
2024-05-06 17:44:00,1676.0,6.6571,6.655,6.66,6.66,6.65,28
2024-05-06 17:45:00,3680.0,6.6593,6.66,6.6594,6.66,6.655,21
2024-05-06 17:46:00,1108.0,6.659,6.66,6.66,6.66,6.655,24
2024-05-06 17:47:00,1146.0,6.6586,6.66,6.655,6.66,6.655,25
2024-05-06 17:48:00,2177.0,6.6585,6.66,6.655,6.66,6.655,30
2024-05-06 17:49:00,3978.0,6.6587,6.655,6.655,6.6599,6.655,19
2024-05-06 17:50:00,2237.0,6.6598,6.66,6.66,6.66,6.66,30
2024-05-06 17:51:00,1509.0,6.6595,6.66,6.66,6.66,6.66,32
2024-05-06 17:52:00,2281.0,6.6597,6.66,6.66,6.66,6.66,37
2024-05-06 17:53:00,1788.0,6.6578,6.66,6.66,6.66,6.655,41
2024-05-06 17:54:00,339.0,6.657,6.66,6.655,6.66,6.655,25
2024-05-06 17:55:00,1961.0,6.6582,6.66,6.66,6.66,6.655,38
2024-05-06 17:56:00,1473.0,6.6593,6.66,6.655,6.66,6.655,28
2024-05-06 17:57:00,1392.0,6.6589,6.655,6.66,6.66,6.655,30
2024-05-06 17:58:00,1972.0,6.6589,6.655,6.66,6.66,6.655,37
2024-05-06 17:59:00,1506.0,6.6583,6.655,6.66,6.66,6.655,36
2024-05-06 18:00:00,1240.0,6.6586,6.655,6.66,6.66,6.655,30
2024-05-06 18:01:00,865.0,6.6589,6.66,6.66,6.66,6.655,29
2024-05-06 18:02:00,1190.0,6.6598,6.66,6.66,6.66,6.66,28
2024-05-06 18:03:00,1426.0,6.6586,6.655,6.655,6.66,6.655,29
2024-05-06 18:04:00,32053.0,6.649,6.66,6.636,6.66,6.636,160
2024-05-06 18:05:00,935.0,6.6365,6.635,6.635,6.64,6.635,16
2024-05-06 18:06:00,167.0,6.6316,6.63,6.63,6.63,6.63,14
2024-05-06 18:07:00,18482.0,6.6402,6.635,6.645,6.65,6.635,86
2024-05-06 18:08:00,137.0,6.6437,6.645,6.645,6.645,6.645,10
2024-05-06 18:09:00,1525.0,6.6458,6.645,6.6431,6.645,6.6431,19
2024-05-06 18:10:00,949.0,6.6483,6.65,6.65,6.65,6.645,20
2024-05-06 18:11:00,1688.0,6.65,6.65,6.65,6.65,6.65,19
2024-05-06 18:12:00,617.0,6.6461,6.65,6.64,6.65,6.64,15
2024-05-06 18:13:00,585.0,6.645,6.645,6.645,6.645,6.645,14
2024-05-06 18:14:00,717.0,6.6457,6.645,6.65,6.65,6.64,16
2024-05-06 18:15:00,2645.0,6.6495,6.65,6.65,6.65,6.645,33
2024-05-06 18:16:00,6909.0,6.6499,6.65,6.655,6.655,6.645,46
2024-05-06 18:18:00,4512.0,6.6577,6.655,6.65,6.66,6.65,16
2024-05-06 18:19:00,2758.0,6.6519,6.655,6.65,6.655,6.65,22
2024-05-06 18:20:00,991.0,6.6547,6.655,6.655,6.655,6.655,18
2024-05-06 18:21:00,238.0,6.655,6.655,6.655,6.655,6.655,16
2024-05-06 18:22:00,288.0,6.6532,6.655,6.65,6.655,6.65,17
2024-05-06 18:23:00,2624.0,6.6569,6.655,6.66,6.66,6.655,33
2024-05-06 18:24:00,2969.0,6.6578,6.655,6.66,6.66,6.65,39
2024-05-06 18:25:00,2433.0,6.6578,6.655,6.66,6.66,6.65,35
2024-05-06 18:26:00,1841.0,6.6583,6.66,6.655,6.66,6.655,34
2024-05-06 18:27:00,3235.0,6.6591,6.65,6.66,6.66,6.65,49
2024-05-06 18:28:00,4464.0,6.6588,6.66,6.66,6.66,6.65,44
2024-05-06 18:29:00,5490.0,6.6584,6.655,6.655,6.66,6.65,45
2024-05-06 18:30:00,5193.0,6.6585,6.66,6.655,6.66,6.655,57
2024-05-06 18:31:00,2617.0,6.6584,6.66,6.655,6.66,6.655,46
2024-05-06 18:32:00,3380.0,6.6583,6.655,6.655,6.66,6.655,39
2024-05-06 18:33:00,1640.0,6.6587,6.66,6.66,6.66,6.655,36
2024-05-06 18:34:00,2474.0,6.658,6.655,6.66,6.66,6.655,46
2024-05-06 18:35:00,2689.0,6.6569,6.655,6.655,6.66,6.65,41
2024-05-06 18:36:00,2575.0,6.6582,6.66,6.66,6.66,6.65,42
2024-05-06 18:37:00,20295.0,6.6492,6.65,6.64,6.655,6.64,120
2024-05-06 18:38:00,1682.0,6.6432,6.64,6.645,6.645,6.64,30
2024-05-06 18:39:00,736.0,6.6419,6.64,6.6402,6.6402,6.64,28
2024-05-06 18:40:00,2443.0,6.6404,6.64,6.64,6.645,6.64,24
2024-05-06 18:41:00,11819.0,6.6398,6.64,6.63,6.64,6.63,55
2024-05-06 18:42:00,2322.0,6.6344,6.635,6.63,6.635,6.63,28
2024-05-06 18:43:00,15792.0,6.6284,6.63,6.625,6.63,6.62,161
2024-05-06 18:44:00,1713.0,6.6238,6.625,6.62,6.63,6.62,31
2024-05-06 18:45:00,1607.0,6.6271,6.62,6.62,6.6288,6.62,28
2024-05-06 18:46:00,14704.0,6.6302,6.625,6.635,6.64,6.625,113
2024-05-06 18:47:00,1132.0,6.6354,6.636,6.635,6.64,6.635,27
2024-05-06 18:48:00,19373.0,6.6398,6.635,6.645,6.645,6.635,100
2024-05-06 18:49:00,957.0,6.6449,6.645,6.645,6.645,6.645,20
2024-05-06 18:50:00,404.0,6.6475,6.65,6.645,6.65,6.645,23
2024-05-06 18:51:00,956.0,6.645,6.645,6.645,6.645,6.645,18
2024-05-06 18:52:00,3033.0,6.6485,6.65,6.645,6.65,6.64,22
2024-05-06 18:53:00,5337.0,6.6492,6.65,6.65,6.65,6.645,61
2024-05-06 18:54:00,2463.0,6.6489,6.645,6.65,6.65,6.645,30
2024-05-06 18:55:00,7577.0,6.6496,6.645,6.645,6.65,6.645,56
2024-05-06 18:56:00,7963.0,6.6487,6.645,6.645,6.65,6.645,56
2024-05-06 18:57:00,154.0,6.6443,6.6425,6.6425,6.6425,6.6425,17
2024-05-06 18:58:00,1852.0,6.644,6.645,6.645,6.645,6.645,24
2024-05-06 18:59:00,2167.0,6.6484,6.645,6.6495,6.65,6.645,33
2024-05-06 19:00:00,2963.0,6.6493,6.65,6.65,6.65,6.65,43
2024-05-06 19:01:00,2531.0,6.6478,6.65,6.645,6.65,6.645,39
2024-05-06 19:02:00,1220.0,6.6483,6.645,6.65,6.65,6.645,29
2024-05-06 19:03:00,2483.0,6.6481,6.645,6.65,6.65,6.645,38
2024-05-06 19:04:00,2428.0,6.6489,6.645,6.65,6.65,6.645,33
2024-05-06 19:05:00,2263.0,6.6476,6.65,6.645,6.65,6.645,39
2024-05-06 19:06:00,1638.0,6.647,6.65,6.645,6.65,6.645,33
2024-05-06 19:07:00,2200.0,6.646,6.645,6.645,6.65,6.645,30
2024-05-06 19:08:00,2785.0,6.6492,6.65,6.65,6.65,6.645,36
2024-05-06 19:09:00,3339.0,6.6482,6.645,6.65,6.65,6.645,43
2024-05-06 19:10:00,1901.0,6.6483,6.65,6.645,6.65,6.645,30
2024-05-06 19:11:00,27061.0,6.6407,6.645,6.635,6.645,6.63,156
2024-05-06 19:12:00,29454.0,6.6296,6.635,6.63,6.635,6.625,129
2024-05-06 19:13:00,3360.0,6.6276,6.63,6.62,6.63,6.62,34
2024-05-06 19:14:00,2202.0,6.6225,6.625,6.625,6.625,6.62,19
2024-05-06 19:15:00,22874.0,6.6369,6.625,6.645,6.65,6.62,122
2024-05-06 19:16:00,3221.0,6.6486,6.645,6.645,6.65,6.645,24
2024-05-06 19:17:00,490.0,6.6408,6.645,6.645,6.645,6.645,15
2024-05-06 19:18:00,1811.0,6.6447,6.645,6.645,6.6464,6.645,25
2024-05-06 19:19:00,875.0,6.6462,6.645,6.65,6.65,6.645,24
2024-05-06 19:20:00,7772.0,6.6449,6.645,6.65,6.65,6.645,69
2024-05-06 19:21:00,1421.0,6.6486,6.65,6.645,6.65,6.645,25
2024-05-06 19:22:00,1883.0,6.6482,6.65,6.65,6.65,6.645,32
2024-05-06 19:23:00,4130.0,6.6477,6.65,6.65,6.65,6.645,53
2024-05-06 19:24:00,4136.0,6.6468,6.65,6.645,6.65,6.645,39
2024-05-06 19:25:00,2138.0,6.6465,6.65,6.645,6.65,6.645,36
2024-05-06 19:26:00,5100.0,6.6477,6.645,6.65,6.65,6.645,67
2024-05-06 19:27:00,4939.0,6.6489,6.645,6.65,6.65,6.645,52
2024-05-06 19:28:00,2475.0,6.6477,6.645,6.645,6.65,6.645,35
2024-05-06 19:29:00,4393.0,6.6476,6.645,6.645,6.65,6.645,54
2024-05-06 19:30:00,2697.0,6.6474,6.645,6.645,6.65,6.645,43
2024-05-06 19:31:00,4555.0,6.645,6.645,6.645,6.645,6.64,50
2024-05-06 19:32:00,7914.0,6.643,6.64,6.645,6.65,6.64,56
2024-05-06 19:33:00,6646.0,6.6448,6.645,6.645,6.65,6.64,65
2024-05-06 19:34:00,18363.0,6.6487,6.645,6.645,6.65,6.64,116
2024-05-06 19:35:00,19557.0,6.6513,6.645,6.655,6.66,6.645,164
2024-05-06 19:36:00,849.0,6.655,6.655,6.655,6.655,6.655,18
2024-05-06 19:37:00,520.0,6.6539,6.655,6.655,6.655,6.655,17
2024-05-06 19:38:00,3356.0,6.6573,6.655,6.655,6.66,6.655,38
2024-05-06 19:39:00,7384.0,6.6591,6.655,6.66,6.66,6.655,48
2024-05-06 19:40:00,4691.0,6.6588,6.66,6.66,6.66,6.655,41
2024-05-06 19:41:00,4573.0,6.6582,6.66,6.655,6.66,6.65,44
2024-05-06 19:42:00,6043.0,6.658,6.655,6.65,6.66,6.65,47
2024-05-06 19:43:00,3536.0,6.6571,6.66,6.66,6.66,6.655,41
2024-05-06 19:44:00,68859.0,6.6604,6.655,6.67,6.67,6.655,173
2024-05-06 19:45:00,12386.0,6.6635,6.665,6.665,6.67,6.6621,63
2024-05-06 19:46:00,2882.0,6.6652,6.665,6.665,6.6679,6.6621,32
2024-05-06 19:47:00,13710.0,6.6661,6.665,6.665,6.67,6.665,82
2024-05-06 19:48:00,14275.0,6.6666,6.665,6.665,6.67,6.6631,91
2024-05-06 19:49:00,11176.0,6.668,6.665,6.67,6.67,6.665,125
2024-05-06 19:50:00,8403.0,6.6663,6.665,6.67,6.67,6.6601,82
2024-05-06 19:51:00,12098.0,6.6677,6.665,6.67,6.67,6.665,102
2024-05-06 19:52:00,14897.0,6.6666,6.665,6.665,6.67,6.665,107
2024-05-06 19:53:00,10708.0,6.6676,6.665,6.6625,6.67,6.6625,109
2024-05-06 19:54:00,62184.0,6.6707,6.665,6.675,6.68,6.66,281
2024-05-06 19:55:00,28523.0,6.678,6.675,6.68,6.68,6.67,110
2024-05-06 19:56:00,16671.0,6.6784,6.675,6.68,6.68,6.675,125
2024-05-06 19:57:00,32518.0,6.678,6.675,6.68,6.68,6.6716,154
2024-05-06 19:58:00,135593.0,6.6664,6.675,6.66,6.675,6.66,284
2024-05-06 19:59:00,83131.0,6.6598,6.66,6.66,6.67,6.65,395
2024-05-06 20:00:00,40986.0,6.66,6.66,6.66,6.66,6.66,16
2024-05-07 09:00:00,200.0,6.53,6.53,6.53,6.53,6.53,1
2024-05-07 09:12:00,200.0,6.65,6.65,6.65,6.65,6.65,1
2024-05-07 12:12:00,201.0,6.6494,6.65,6.65,6.65,6.65,2
2024-05-07 12:51:00,200.0,6.64,6.64,6.64,6.64,6.64,1
2024-05-07 13:09:00,200.0,6.64,6.64,6.64,6.64,6.64,1
2024-05-07 13:16:00,255.0,6.66,6.66,6.66,6.66,6.66,34
2024-05-07 13:29:00,304.0,6.6799,6.68,6.68,6.68,6.68,3
2024-05-07 13:30:00,40970.0,6.6894,6.69,6.68,6.7,6.68,76
2024-05-07 13:31:00,15010.0,6.6895,6.685,6.685,6.69,6.685,76
2024-05-07 13:32:00,1115.0,6.6826,6.685,6.685,6.685,6.68,19
2024-05-07 13:33:00,3292.0,6.689,6.685,6.685,6.69,6.685,24
2024-05-07 13:34:00,13636.0,6.6896,6.685,6.685,6.69,6.685,90
2024-05-07 13:35:00,1302.0,6.6838,6.685,6.6812,6.685,6.6812,15
2024-05-07 13:36:00,1638.0,6.6841,6.685,6.68,6.685,6.68,14
2024-05-07 13:37:00,412.0,6.6845,6.685,6.68,6.685,6.68,5
2024-05-07 13:38:00,581.0,6.6832,6.68,6.68,6.685,6.68,12
2024-05-07 13:39:00,32265.0,6.6903,6.6801,6.685,6.7,6.6801,173
2024-05-07 13:40:00,98935.0,6.7038,6.685,6.72,6.73,6.68,299
2024-05-07 13:41:00,8097.0,6.7004,6.71,6.695,6.71,6.69,50
2024-05-07 13:42:00,4844.0,6.6866,6.69,6.675,6.69,6.675,23
2024-05-07 13:43:00,11766.0,6.6702,6.67,6.665,6.675,6.665,32
2024-05-07 13:44:00,6973.0,6.6635,6.665,6.665,6.67,6.66,36
2024-05-07 13:45:00,4669.0,6.6734,6.665,6.685,6.685,6.665,45
2024-05-07 13:46:00,537.0,6.6895,6.69,6.69,6.69,6.69,11
2024-05-07 13:47:00,18485.0,6.6805,6.69,6.675,6.69,6.675,96
2024-05-07 13:48:00,309.0,6.6781,6.675,6.68,6.68,6.675,5
2024-05-07 13:49:00,11342.0,6.6699,6.67,6.68,6.68,6.66,59
2024-05-07 13:50:00,36862.0,6.6583,6.675,6.6599,6.675,6.65,152
2024-05-07 13:51:00,24642.0,6.6441,6.65,6.635,6.65,6.635,79
2024-05-07 13:52:00,1376.0,6.6311,6.63,6.63,6.63,6.63,29
2024-05-07 13:53:00,2449.0,6.6349,6.63,6.63,6.64,6.63,34
2024-05-07 13:54:00,1134.0,6.6351,6.64,6.63,6.64,6.63,15
2024-05-07 13:55:00,17050.0,6.6303,6.635,6.635,6.635,6.63,31
2024-05-07 13:56:00,9923.0,6.6388,6.635,6.635,6.64,6.63,72
2024-05-07 13:57:00,290.0,6.6303,6.63,6.63,6.63,6.63,10
2024-05-07 13:58:00,17801.0,6.6247,6.63,6.63,6.635,6.6101,94
2024-05-07 13:59:00,829.0,6.6307,6.63,6.63,6.63,6.63,19
2024-05-07 14:00:00,777.0,6.6332,6.63,6.635,6.635,6.63,15
2024-05-07 14:01:00,823.0,6.6297,6.63,6.63,6.63,6.63,16
2024-05-07 14:02:00,1851.0,6.6337,6.63,6.635,6.635,6.63,19
2024-05-07 14:04:00,10027.0,6.6262,6.635,6.625,6.635,6.62,74
2024-05-07 14:05:00,1369.0,6.6263,6.625,6.625,6.63,6.62,15
2024-05-07 14:06:00,9045.0,6.6318,6.63,6.635,6.64,6.63,49
2024-05-07 14:07:00,2314.0,6.6347,6.635,6.635,6.635,6.635,14
2024-05-07 14:08:00,854.0,6.63,6.63,6.63,6.63,6.63,10
2024-05-07 14:09:00,6077.0,6.6289,6.63,6.62,6.63,6.62,36
2024-05-07 14:10:00,8886.0,6.6201,6.62,6.61,6.625,6.61,55
2024-05-07 14:11:00,5217.0,6.6099,6.61,6.605,6.61,6.605,22
2024-05-07 14:12:00,2758.0,6.6034,6.605,6.6,6.61,6.6,30
2024-05-07 14:13:00,5200.0,6.6093,6.6,6.62,6.62,6.6,56
2024-05-07 14:14:00,618.0,6.6144,6.615,6.615,6.615,6.615,11
2024-05-07 14:15:00,468.0,6.6186,6.62,6.62,6.62,6.615,7
2024-05-07 14:16:00,23431.0,6.6209,6.62,6.625,6.63,6.62,46
2024-05-07 14:17:00,640.0,6.6273,6.625,6.625,6.63,6.625,8
2024-05-07 14:18:00,730.0,6.628,6.63,6.625,6.63,6.625,11
2024-05-07 14:20:00,2942.0,6.6293,6.63,6.625,6.63,6.625,20
2024-05-07 14:21:00,4267.0,6.6296,6.63,6.625,6.63,6.625,22
2024-05-07 14:22:00,576.0,6.6276,6.625,6.63,6.63,6.625,9
2024-05-07 14:23:00,920.0,6.6286,6.625,6.6297,6.6297,6.625,9
2024-05-07 14:24:00,4548.0,6.6319,6.63,6.635,6.64,6.63,57
2024-05-07 14:25:00,3200.0,6.6388,6.635,6.64,6.64,6.635,27
2024-05-07 14:26:00,2207.0,6.6378,6.64,6.64,6.64,6.635,22
2024-05-07 14:27:00,1027.0,6.6356,6.64,6.635,6.64,6.6301,13
2024-05-07 14:28:00,941.0,6.6392,6.635,6.64,6.64,6.635,10
2024-05-07 14:29:00,843.0,6.6392,6.64,6.64,6.64,6.635,12
2024-05-07 14:30:00,20266.0,6.6332,6.64,6.645,6.645,6.6308,83
2024-05-07 14:31:00,17391.0,6.64,6.645,6.64,6.645,6.635,102
2024-05-07 14:32:00,467.0,6.6401,6.64,6.64,6.64,6.64,13
2024-05-07 14:33:00,212.0,6.64,6.64,6.64,6.64,6.64,5
2024-05-07 14:34:00,44255.0,6.6167,6.64,6.61,6.64,6.6,245
2024-05-07 14:35:00,53257.0,6.6024,6.615,6.605,6.615,6.6,55
2024-05-07 14:36:00,7140.0,6.6089,6.605,6.62,6.62,6.6027,52
2024-05-07 14:37:00,326.0,6.6191,6.62,6.62,6.62,6.62,3
2024-05-07 14:38:00,375.0,6.6177,6.62,6.62,6.62,6.615,9
2024-05-07 14:39:00,1935.0,6.6157,6.62,6.615,6.62,6.6149,9
2024-05-07 14:40:00,2713.0,6.6153,6.6127,6.62,6.62,6.6127,16
2024-05-07 14:41:00,1001.0,6.6188,6.62,6.615,6.62,6.615,15
2024-05-07 14:42:00,885.0,6.6157,6.615,6.615,6.615,6.615,9
2024-05-07 14:43:00,15937.0,6.6102,6.615,6.605,6.615,6.605,86
2024-05-07 14:44:00,502.0,6.6081,6.605,6.61,6.61,6.605,10
2024-05-07 14:45:00,1160.0,6.6074,6.61,6.605,6.61,6.605,15
2024-05-07 14:46:00,3671.0,6.6084,6.605,6.61,6.615,6.605,36
2024-05-07 14:47:00,358.0,6.6142,6.615,6.615,6.615,6.615,9
2024-05-07 14:48:00,9088.0,6.6196,6.615,6.615,6.6275,6.615,52
2024-05-07 14:49:00,367.0,6.6159,6.615,6.615,6.615,6.615,6
2024-05-07 14:50:00,837.0,6.6182,6.62,6.615,6.62,6.615,9
2024-05-07 14:51:00,574.0,6.615,6.615,6.615,6.615,6.615,7
2024-05-07 14:52:00,8802.0,6.6086,6.61,6.605,6.615,6.6,56
2024-05-07 14:53:00,415.0,6.6048,6.605,6.605,6.605,6.605,6
2024-05-07 14:54:00,928.0,6.6042,6.605,6.605,6.605,6.605,5
2024-05-07 14:55:00,7275.0,6.6062,6.605,6.605,6.61,6.605,34
2024-05-07 14:56:00,783.0,6.6085,6.61,6.605,6.61,6.605,11
2024-05-07 14:57:00,893.0,6.6081,6.605,6.61,6.61,6.605,11
2024-05-07 14:58:00,2103.0,6.6059,6.605,6.605,6.61,6.605,20
2024-05-07 14:59:00,3462.0,6.6027,6.605,6.605,6.605,6.6,30
2024-05-07 15:00:00,343.0,6.6049,6.605,6.605,6.605,6.605,7
2024-05-07 15:01:00,7214.0,6.6089,6.605,6.615,6.615,6.605,70
2024-05-07 15:02:00,713.0,6.6126,6.615,6.61,6.615,6.61,15
2024-05-07 15:03:00,6862.0,6.6094,6.61,6.605,6.61,6.605,36
2024-05-07 15:04:00,740.0,6.6051,6.605,6.605,6.605,6.605,8
2024-05-07 15:05:00,807.0,6.6083,6.605,6.61,6.61,6.605,12
2024-05-07 15:06:00,631.0,6.6075,6.61,6.61,6.61,6.605,8
2024-05-07 15:07:00,195.0,6.6078,6.608,6.608,6.608,6.608,3
2024-05-07 15:08:00,2878.0,6.6104,6.61,6.615,6.615,6.605,40
2024-05-07 15:09:00,9884.0,6.6058,6.615,6.605,6.615,6.6,85
2024-05-07 15:10:00,2789.0,6.6064,6.605,6.605,6.61,6.605,28
2024-05-07 15:11:00,990.0,6.6063,6.605,6.605,6.61,6.605,12
2024-05-07 15:12:00,845.0,6.6063,6.605,6.61,6.61,6.605,14
2024-05-07 15:14:00,760.0,6.605,6.605,6.605,6.605,6.605,7
2024-05-07 15:15:00,1116.0,6.6063,6.605,6.605,6.61,6.605,13
2024-05-07 15:16:00,219.0,6.6054,6.605,6.605,6.605,6.605,4
2024-05-07 15:17:00,325.0,6.6053,6.605,6.605,6.605,6.605,5
2024-05-07 15:18:00,2976.0,6.6066,6.61,6.605,6.61,6.605,30
2024-05-07 15:19:00,240.0,6.605,6.605,6.605,6.605,6.605,4
2024-05-07 15:20:00,2990.0,6.6037,6.6065,6.605,6.6075,6.6,35
2024-05-07 15:22:00,51599.0,6.6005,6.605,6.605,6.61,6.595,189
2024-05-07 15:23:00,5197.0,6.6082,6.605,6.61,6.61,6.605,51
2024-05-07 15:24:00,1044.0,6.6149,6.615,6.615,6.615,6.615,9
2024-05-07 15:25:00,1508.0,6.6184,6.615,6.615,6.62,6.615,15
2024-05-07 15:26:00,897.0,6.6175,6.62,6.62,6.62,6.615,16
2024-05-07 15:27:00,931.0,6.6158,6.62,6.615,6.62,6.615,19
2024-05-07 15:28:00,1226.0,6.6116,6.615,6.62,6.62,6.615,12
2024-05-07 15:29:00,628.0,6.6171,6.615,6.615,6.62,6.615,9
2024-05-07 15:30:00,2259.0,6.6157,6.615,6.615,6.62,6.615,26
2024-05-07 15:31:00,1863.0,6.6195,6.615,6.62,6.62,6.615,22
2024-05-07 15:32:00,1258.0,6.6195,6.615,6.62,6.62,6.615,28
2024-05-07 15:33:00,2015.0,6.6174,6.62,6.62,6.62,6.615,13
2024-05-07 15:34:00,1167.0,6.6186,6.62,6.62,6.62,6.615,13
2024-05-07 15:35:00,3000.0,6.6218,6.62,6.625,6.63,6.62,50
2024-05-07 15:36:00,597.0,6.6224,6.62,6.625,6.625,6.62,13
2024-05-07 15:37:00,11744.0,6.6195,6.62,6.615,6.62,6.615,56
2024-05-07 15:38:00,1216.0,6.6173,6.615,6.615,6.62,6.615,23
2024-05-07 15:39:00,517.0,6.6179,6.615,6.615,6.62,6.615,8
2024-05-07 15:40:00,2457.0,6.616,6.62,6.615,6.62,6.615,24
2024-05-07 15:41:00,765.0,6.6193,6.62,6.62,6.62,6.615,15
2024-05-07 15:42:00,1299.0,6.6162,6.615,6.615,6.62,6.615,13
2024-05-07 15:43:00,2708.0,6.6194,6.62,6.615,6.62,6.615,33
2024-05-07 15:44:00,881.0,6.6197,6.62,6.62,6.62,6.62,12
2024-05-07 15:45:00,809.0,6.6178,6.62,6.615,6.62,6.615,11
2024-05-07 15:46:00,791.0,6.6187,6.62,6.615,6.62,6.615,17
2024-05-07 15:47:00,2251.0,6.6195,6.62,6.62,6.62,6.615,25
2024-05-07 15:48:00,2016.0,6.6207,6.62,6.62,6.625,6.62,38
2024-05-07 15:49:00,6859.0,6.6195,6.62,6.615,6.62,6.615,36
2024-05-07 15:50:00,289.0,6.6153,6.615,6.615,6.615,6.615,11
2024-05-07 15:51:00,868.0,6.618,6.615,6.615,6.615,6.615,16
2024-05-07 15:52:00,1371.0,6.6137,6.615,6.615,6.615,6.61,15
2024-05-07 15:53:00,207.0,6.6149,6.615,6.615,6.615,6.615,7
2024-05-07 15:54:00,329.0,6.6118,6.61,6.615,6.615,6.61,14
2024-05-07 15:55:00,323.0,6.6146,6.615,6.615,6.615,6.615,11
2024-05-07 15:56:00,1188.0,6.6117,6.615,6.61,6.6175,6.61,11
2024-05-07 15:57:00,800.0,6.6109,6.61,6.6175,6.6175,6.61,17
2024-05-07 15:58:00,3212.0,6.615,6.615,6.615,6.615,6.615,10
2024-05-07 15:59:00,889.0,6.6157,6.615,6.615,6.62,6.615,17
2024-05-07 16:00:00,1627.0,6.6135,6.615,6.61,6.6175,6.61,24
2024-05-07 16:01:00,970.0,6.6133,6.615,6.6175,6.6175,6.61,21
2024-05-07 16:02:00,1557.0,6.6121,6.61,6.61,6.615,6.61,17
2024-05-07 16:03:00,607.0,6.6125,6.6175,6.61,6.6175,6.61,11
2024-05-07 16:04:00,558.0,6.6137,6.6175,6.61,6.6175,6.61,17
2024-05-07 16:05:00,1137.0,6.6103,6.61,6.61,6.61,6.61,11
2024-05-07 16:06:00,920.0,6.6143,6.6175,6.615,6.6175,6.615,15
2024-05-07 16:07:00,658.0,6.6113,6.6175,6.61,6.6175,6.61,16
2024-05-07 16:08:00,428.0,6.6162,6.6175,6.6175,6.6175,6.6175,13
2024-05-07 16:09:00,1682.0,6.6135,6.615,6.61,6.6175,6.61,23
2024-05-07 16:10:00,14954.0,6.6194,6.615,6.625,6.625,6.615,138
2024-05-07 16:11:00,16538.0,6.6196,6.62,6.62,6.6203,6.615,78
2024-05-07 16:13:00,534.0,6.6132,6.615,6.615,6.615,6.61,9
2024-05-07 16:14:00,619.0,6.6109,6.61,6.615,6.615,6.61,13
2024-05-07 16:15:00,2531.0,6.6167,6.615,6.615,6.615,6.61,29
2024-05-07 16:16:00,536.0,6.6131,6.615,6.61,6.615,6.61,13
2024-05-07 16:17:00,1059.0,6.611,6.615,6.61,6.615,6.61,12
2024-05-07 16:18:00,615.0,6.6145,6.6175,6.615,6.6175,6.61,13
2024-05-07 16:19:00,19399.0,6.6105,6.61,6.615,6.62,6.61,112
2024-05-07 16:20:00,1812.0,6.614,6.61,6.615,6.62,6.61,29
2024-05-07 16:21:00,922.0,6.6177,6.62,6.615,6.62,6.615,21
2024-05-07 16:22:00,1529.0,6.6157,6.615,6.62,6.62,6.61,19
2024-05-07 16:23:00,7158.0,6.6191,6.61,6.62,6.62,6.61,62
2024-05-07 16:25:00,185.0,6.6262,6.6275,6.6275,6.6275,6.6275,11
2024-05-07 16:26:00,1207.0,6.6195,6.62,6.62,6.62,6.62,19
2024-05-07 16:27:00,6579.0,6.6208,6.6275,6.62,6.6275,6.62,24
2024-05-07 16:28:00,1312.0,6.6207,6.62,6.6275,6.6275,6.62,19
2024-05-07 16:29:00,559.0,6.6272,6.6275,6.625,6.6299,6.625,11
2024-05-07 16:30:00,1559.0,6.6246,6.625,6.62,6.63,6.62,28
2024-05-07 16:31:00,1195.0,6.6204,6.62,6.62,6.62,6.62,20
2024-05-07 16:32:00,407.0,6.6219,6.6275,6.62,6.6275,6.62,10
2024-05-07 16:33:00,501.0,6.6243,6.62,6.625,6.6275,6.62,15
2024-05-07 16:34:00,1619.0,6.6249,6.625,6.625,6.6275,6.62,26
2024-05-07 16:35:00,1143.0,6.6212,6.62,6.62,6.6275,6.62,15
2024-05-07 16:36:00,3827.0,6.6279,6.625,6.625,6.63,6.6225,37
2024-05-07 16:37:00,620.0,6.6243,6.62,6.625,6.63,6.62,15
2024-05-07 16:38:00,989.0,6.6246,6.6225,6.625,6.63,6.62,17
2024-05-07 16:39:00,2200.0,6.625,6.62,6.625,6.63,6.62,23
2024-05-07 16:40:00,6213.0,6.6296,6.629,6.625,6.63,6.625,55
2024-05-07 16:41:00,974.0,6.6279,6.625,6.63,6.63,6.625,15
2024-05-07 16:42:00,405.0,6.6287,6.63,6.625,6.63,6.625,8
2024-05-07 16:43:00,1809.0,6.6266,6.63,6.625,6.63,6.625,21
2024-05-07 16:44:00,300.0,6.6262,6.6275,6.625,6.6275,6.625,8
2024-05-07 16:45:00,468.0,6.6255,6.625,6.6275,6.6275,6.625,11
2024-05-07 16:46:00,711.0,6.625,6.625,6.62,6.63,6.62,16
2024-05-07 16:47:00,3453.0,6.627,6.63,6.625,6.63,6.625,21
2024-05-07 16:48:00,418.0,6.6262,6.625,6.625,6.63,6.625,12
2024-05-07 16:49:00,661.0,6.6258,6.63,6.625,6.63,6.625,12
2024-05-07 16:50:00,834.0,6.6256,6.63,6.625,6.63,6.625,15
2024-05-07 16:51:00,1551.0,6.6245,6.625,6.625,6.63,6.62,16
2024-05-07 16:52:00,872.0,6.6261,6.63,6.625,6.63,6.625,17
2024-05-07 16:53:00,1106.0,6.6282,6.625,6.63,6.63,6.625,16
2024-05-07 16:54:00,1555.0,6.628,6.625,6.63,6.63,6.625,22
2024-05-07 16:55:00,1165.0,6.6246,6.625,6.625,6.625,6.62,18
2024-05-07 16:56:00,1196.0,6.6254,6.63,6.625,6.63,6.62,18
2024-05-07 16:57:00,822.0,6.6249,6.62,6.625,6.625,6.62,9
2024-05-07 16:58:00,805.0,6.6261,6.625,6.625,6.63,6.625,8
2024-05-07 16:59:00,2369.0,6.6256,6.63,6.625,6.63,6.625,27
2024-05-07 17:00:00,3926.0,6.6268,6.625,6.625,6.63,6.625,43
2024-05-07 17:01:00,1315.0,6.6282,6.63,6.625,6.63,6.6225,22
2024-05-07 17:02:00,836.0,6.6274,6.63,6.625,6.63,6.625,22
2024-05-07 17:03:00,484.0,6.6284,6.63,6.625,6.63,6.625,23
2024-05-07 17:04:00,2347.0,6.6265,6.63,6.625,6.63,6.62,23
2024-05-07 17:05:00,817.0,6.625,6.625,6.625,6.63,6.62,19
2024-05-07 17:06:00,566.0,6.6259,6.62,6.625,6.63,6.62,16
2024-05-07 17:07:00,968.0,6.6245,6.63,6.625,6.63,6.62,19
2024-05-07 17:08:00,1654.0,6.6267,6.63,6.625,6.63,6.625,20
2024-05-07 17:09:00,930.0,6.6253,6.625,6.6225,6.625,6.6225,15
2024-05-07 17:10:00,1779.0,6.6253,6.625,6.625,6.63,6.625,22
2024-05-07 17:11:00,1495.0,6.6262,6.63,6.625,6.63,6.625,18
2024-05-07 17:12:00,689.0,6.6266,6.63,6.625,6.63,6.625,17
2024-05-07 17:13:00,426.0,6.6252,6.625,6.625,6.625,6.625,12
2024-05-07 17:14:00,601.0,6.6241,6.625,6.625,6.625,6.62,12
2024-05-07 17:15:00,40392.0,6.6367,6.625,6.645,6.65,6.625,205
2024-05-07 17:16:00,2016.0,6.6492,6.645,6.645,6.65,6.645,18
2024-05-07 17:17:00,5869.0,6.6509,6.65,6.655,6.66,6.65,42
2024-05-07 17:18:00,2882.0,6.6592,6.655,6.655,6.66,6.655,18
2024-05-07 17:19:00,734.0,6.6559,6.66,6.655,6.66,6.655,12
2024-05-07 17:20:00,1761.0,6.6585,6.66,6.655,6.66,6.655,23
2024-05-07 17:21:00,1681.0,6.6514,6.655,6.655,6.6598,6.655,25
2024-05-07 17:22:00,380.0,6.6553,6.655,6.655,6.655,6.655,13
2024-05-07 17:23:00,1307.0,6.6582,6.66,6.66,6.66,6.655,12
2024-05-07 17:24:00,1344.0,6.6578,6.66,6.655,6.66,6.655,21
2024-05-07 17:25:00,910.0,6.6576,6.655,6.655,6.66,6.655,16
2024-05-07 17:26:00,953.0,6.6564,6.66,6.6552,6.66,6.655,13
2024-05-07 17:27:00,1921.0,6.657,6.655,6.655,6.66,6.655,19
2024-05-07 17:28:00,3875.0,6.6526,6.655,6.65,6.655,6.65,48
2024-05-07 17:29:00,867.0,6.6532,6.6575,6.655,6.6575,6.65,11
2024-05-07 17:30:00,17311.0,6.6495,6.655,6.645,6.655,6.645,97
2024-05-07 17:31:00,249.0,6.6456,6.645,6.645,6.645,6.645,11
2024-05-07 17:32:00,2950.0,6.6409,6.645,6.64,6.645,6.64,22
2024-05-07 17:34:00,1350.0,6.64,6.64,6.64,6.64,6.64,13
2024-05-07 17:35:00,375.0,6.6418,6.64,6.64,6.64,6.64,11
2024-05-07 17:36:00,423.0,6.64,6.64,6.64,6.64,6.64,10
2024-05-07 17:37:00,32346.0,6.6492,6.645,6.655,6.655,6.645,123
2024-05-07 17:39:00,980.0,6.6546,6.655,6.655,6.655,6.655,15
2024-05-07 17:40:00,993.0,6.6542,6.655,6.655,6.655,6.655,20
2024-05-07 17:41:00,322.0,6.6517,6.65,6.65,6.65,6.65,6
2024-05-07 17:42:00,1820.0,6.6504,6.65,6.655,6.655,6.65,16
2024-05-07 17:43:00,208.0,6.6566,6.655,6.655,6.655,6.655,7
2024-05-07 17:44:00,771.0,6.6536,6.6575,6.65,6.6575,6.65,16
2024-05-07 17:45:00,1288.0,6.6531,6.65,6.6575,6.6575,6.65,16
2024-05-07 17:46:00,917.0,6.6502,6.65,6.65,6.65,6.65,3
2024-05-07 17:47:00,358.0,6.6525,6.6575,6.65,6.6575,6.65,13
2024-05-07 17:48:00,565.0,6.6557,6.655,6.6581,6.6581,6.65,7
2024-05-07 17:49:00,13720.0,6.6494,6.65,6.645,6.6575,6.64,84
2024-05-07 17:50:00,4078.0,6.6461,6.645,6.65,6.65,6.645,46
2024-05-07 17:51:00,908.0,6.6461,6.645,6.645,6.65,6.645,13
2024-05-07 17:52:00,537.0,6.645,6.645,6.645,6.645,6.645,7
2024-05-07 17:53:00,319.0,6.6434,6.645,6.645,6.645,6.64,7
2024-05-07 17:54:00,255.0,6.6457,6.645,6.645,6.645,6.645,8
2024-05-07 17:55:00,3877.0,6.6461,6.645,6.6425,6.65,6.6425,31
2024-05-07 17:56:00,809.0,6.6483,6.65,6.645,6.65,6.645,10
2024-05-07 17:57:00,811.0,6.646,6.645,6.645,6.645,6.645,8
2024-05-07 17:58:00,1614.0,6.6475,6.65,6.65,6.65,6.645,13
2024-05-07 17:59:00,1380.0,6.6478,6.65,6.645,6.65,6.645,17
2024-05-07 18:00:00,744.0,6.6453,6.645,6.645,6.645,6.6425,14
2024-05-07 18:01:00,820.0,6.6464,6.645,6.645,6.65,6.645,13
2024-05-07 18:02:00,9445.0,6.6538,6.65,6.66,6.66,6.65,120
2024-05-07 18:03:00,344.0,6.6585,6.66,6.6597,6.66,6.6597,6
2024-05-07 18:04:00,427.0,6.6595,6.66,6.66,6.66,6.66,4
2024-05-07 18:05:00,2066.0,6.6562,6.66,6.655,6.66,6.655,18
2024-05-07 18:06:00,1170.0,6.6595,6.66,6.66,6.66,6.655,13
2024-05-07 18:07:00,1418.0,6.6565,6.66,6.66,6.66,6.66,15
2024-05-07 18:08:00,1028.0,6.6581,6.66,6.66,6.66,6.655,9
2024-05-07 18:09:00,1831.0,6.6572,6.66,6.655,6.66,6.655,18
2024-05-07 18:10:00,13385.0,6.6574,6.66,6.6575,6.66,6.655,52
2024-05-07 18:11:00,2868.0,6.6524,6.655,6.65,6.6575,6.65,15
2024-05-07 18:12:00,2446.0,6.65,6.65,6.65,6.65,6.65,25
2024-05-07 18:13:00,1323.0,6.6516,6.65,6.655,6.655,6.65,8
2024-05-07 18:14:00,699.0,6.6525,6.6575,6.655,6.6575,6.6506,6
2024-05-07 18:15:00,980.0,6.6538,6.655,6.655,6.6575,6.65,16
2024-05-07 18:16:00,1176.0,6.6553,6.655,6.655,6.655,6.655,12
2024-05-07 18:17:00,1531.0,6.6515,6.655,6.65,6.6575,6.65,13
2024-05-07 18:18:00,959.0,6.6549,6.655,6.655,6.655,6.655,9
2024-05-07 18:19:00,23299.0,6.649,6.65,6.64,6.65,6.64,124
2024-05-07 18:20:00,560.0,6.643,6.64,6.64,6.64,6.64,12
2024-05-07 18:21:00,1508.0,6.6403,6.64,6.64,6.64,6.64,12
2024-05-07 18:22:00,1744.0,6.6404,6.64,6.645,6.645,6.64,20
2024-05-07 18:23:00,477.0,6.6434,6.64,6.64,6.64,6.64,8
2024-05-07 18:24:00,133.0,6.6403,6.64,6.64,6.64,6.64,8
2024-05-07 18:25:00,1269.0,6.6406,6.64,6.64,6.64,6.64,7
2024-05-07 18:26:00,398.0,6.6426,6.645,6.645,6.645,6.64,10
2024-05-07 18:27:00,17708.0,6.64,6.64,6.64,6.64,6.64,29
2024-05-07 18:28:00,706.0,6.6426,6.64,6.645,6.645,6.64,12
2024-05-07 18:29:00,4606.0,6.6406,6.64,6.64,6.64,6.64,15
2024-05-07 18:30:00,1380.0,6.6408,6.64,6.6475,6.6475,6.64,11
2024-05-07 18:31:00,29447.0,6.635,6.6475,6.63,6.6475,6.625,146
2024-05-07 18:32:00,1437.0,6.6315,6.6312,6.63,6.635,6.63,12
2024-05-07 18:33:00,1366.0,6.6315,6.63,6.635,6.635,6.63,11
2024-05-07 18:34:00,427.0,6.6305,6.63,6.63,6.63,6.63,9
2024-05-07 18:35:00,2966.0,6.6344,6.63,6.63,6.635,6.63,17
2024-05-07 18:36:00,37795.0,6.639,6.635,6.64,6.645,6.63,167
2024-05-07 18:37:00,928.0,6.6367,6.635,6.635,6.64,6.635,14
2024-05-07 18:38:00,555.0,6.6369,6.635,6.635,6.635,6.635,12
2024-05-07 18:39:00,4473.0,6.6306,6.635,6.6301,6.6369,6.63,10
2024-05-07 18:40:00,1876.0,6.6345,6.635,6.635,6.635,6.63,22
2024-05-07 18:41:00,12137.0,6.6313,6.6302,6.635,6.64,6.63,35
2024-05-07 18:42:00,4863.0,6.6348,6.64,6.635,6.64,6.6301,35
2024-05-07 18:44:00,536.0,6.6349,6.635,6.635,6.635,6.635,11
2024-05-07 18:45:00,1476.0,6.635,6.635,6.635,6.635,6.635,19
2024-05-07 18:46:00,628.0,6.6345,6.63,6.635,6.6375,6.63,11
2024-05-07 18:47:00,19599.0,6.6375,6.635,6.645,6.65,6.635,130
2024-05-07 18:48:00,28254.0,6.6473,6.65,6.64,6.65,6.64,112
2024-05-07 18:49:00,729.0,6.6428,6.64,6.645,6.6475,6.64,12
2024-05-07 18:50:00,1373.0,6.6417,6.64,6.6475,6.6475,6.64,13
2024-05-07 18:51:00,9921.0,6.6399,6.64,6.64,6.64,6.635,42
2024-05-07 18:52:00,617.0,6.6351,6.635,6.635,6.635,6.635,10
2024-05-07 18:53:00,1403.0,6.6315,6.635,6.63,6.6375,6.63,21
2024-05-07 18:54:00,412.0,6.635,6.6375,6.6375,6.6375,6.6375,12
2024-05-07 18:55:00,1714.0,6.635,6.63,6.6375,6.6375,6.63,16
2024-05-07 18:56:00,1150.0,6.6321,6.635,6.63,6.6375,6.63,11
2024-05-07 18:57:00,648.0,6.6338,6.63,6.63,6.6375,6.63,12
2024-05-07 18:58:00,1823.0,6.6395,6.635,6.635,6.6375,6.635,27
2024-05-07 18:59:00,5620.0,6.6333,6.635,6.635,6.6375,6.63,36
2024-05-07 19:00:00,3351.0,6.6315,6.6375,6.63,6.6375,6.63,38
2024-05-07 19:01:00,505.0,6.6367,6.6375,6.6375,6.6375,6.6375,12
2024-05-07 19:02:00,13753.0,6.6293,6.6375,6.625,6.6375,6.625,99
2024-05-07 19:03:00,9811.0,6.6298,6.625,6.635,6.635,6.625,65
2024-05-07 19:04:00,1967.0,6.6334,6.635,6.635,6.635,6.635,20
2024-05-07 19:05:00,557.0,6.6341,6.635,6.635,6.635,6.635,14
2024-05-07 19:06:00,2709.0,6.6356,6.635,6.635,6.64,6.635,40
2024-05-07 19:07:00,1705.0,6.6353,6.64,6.635,6.64,6.635,20
2024-05-07 19:08:00,414.0,6.6378,6.64,6.635,6.64,6.635,12
2024-05-07 19:09:00,1620.0,6.6383,6.635,6.64,6.64,6.635,26
2024-05-07 19:10:00,2582.0,6.6374,6.64,6.635,6.64,6.635,39
2024-05-07 19:11:00,2890.0,6.6391,6.635,6.64,6.64,6.635,32
2024-05-07 19:12:00,2044.0,6.6377,6.64,6.635,6.64,6.635,21
2024-05-07 19:13:00,1631.0,6.6389,6.64,6.64,6.64,6.635,31
2024-05-07 19:14:00,4268.0,6.6368,6.635,6.635,6.64,6.635,37
2024-05-07 19:15:00,1931.0,6.6349,6.6325,6.635,6.635,6.6325,23
2024-05-07 19:16:00,2937.0,6.6387,6.635,6.635,6.64,6.635,48
2024-05-07 19:17:00,2598.0,6.6369,6.64,6.635,6.64,6.6325,22
2024-05-07 19:18:00,14066.0,6.6387,6.635,6.635,6.64,6.635,43
2024-05-07 19:19:00,6739.0,6.6407,6.64,6.645,6.645,6.635,66
2024-05-07 19:20:00,890.0,6.6449,6.645,6.645,6.645,6.645,24
2024-05-07 19:21:00,3030.0,6.6491,6.65,6.65,6.65,6.645,40
2024-05-07 19:22:00,4034.0,6.6479,6.645,6.645,6.65,6.645,39
2024-05-07 19:23:00,32185.0,6.6491,6.65,6.645,6.655,6.64,177
2024-05-07 19:24:00,3473.0,6.6448,6.645,6.645,6.645,6.6432,21
2024-05-07 19:25:00,16344.0,6.641,6.645,6.645,6.65,6.64,67
2024-05-07 19:26:00,19200.0,6.6399,6.645,6.635,6.645,6.635,109
2024-05-07 19:27:00,1660.0,6.6367,6.635,6.635,6.635,6.635,12
2024-05-07 19:28:00,1734.0,6.6349,6.63,6.635,6.635,6.63,16
2024-05-07 19:29:00,520.0,6.6368,6.635,6.635,6.635,6.635,12
2024-05-07 19:30:00,1295.0,6.6346,6.635,6.635,6.635,6.63,27
2024-05-07 19:31:00,8837.0,6.6362,6.635,6.635,6.64,6.6325,72
2024-05-07 19:32:00,2590.0,6.6367,6.64,6.635,6.64,6.635,39
2024-05-07 19:33:00,1249.0,6.637,6.64,6.64,6.64,6.635,17
2024-05-07 19:34:00,2980.0,6.6349,6.64,6.63,6.64,6.63,29
2024-05-07 19:35:00,12247.0,6.6349,6.635,6.635,6.635,6.63,27
2024-05-07 19:36:00,3147.0,6.6349,6.63,6.635,6.635,6.63,27
2024-05-07 19:37:00,23472.0,6.6303,6.635,6.63,6.6375,6.63,99
2024-05-07 19:38:00,2551.0,6.6302,6.63,6.63,6.63,6.63,24
2024-05-07 19:39:00,802.0,6.631,6.63,6.63,6.63,6.63,13
2024-05-07 19:40:00,2040.0,6.6326,6.635,6.635,6.635,6.63,35
2024-05-07 19:41:00,1247.0,6.6339,6.635,6.635,6.635,6.63,21
2024-05-07 19:42:00,10062.0,6.6321,6.635,6.635,6.635,6.63,71
2024-05-07 19:43:00,15240.0,6.6361,6.635,6.64,6.64,6.63,144
2024-05-07 19:44:00,6879.0,6.6388,6.64,6.64,6.64,6.635,70
2024-05-07 19:45:00,14687.0,6.6417,6.64,6.645,6.6482,6.64,143
2024-05-07 19:46:00,51986.0,6.6398,6.645,6.635,6.645,6.635,194
2024-05-07 19:47:00,6745.0,6.6373,6.635,6.635,6.64,6.635,32
2024-05-07 19:48:00,5555.0,6.637,6.64,6.64,6.64,6.635,44
2024-05-07 19:49:00,14516.0,6.6402,6.635,6.645,6.6482,6.635,125
2024-05-07 19:50:00,16552.0,6.6389,6.64,6.635,6.64,6.635,100
2024-05-07 19:51:00,8457.0,6.6352,6.635,6.63,6.635,6.63,55
2024-05-07 19:52:00,3211.0,6.631,6.63,6.635,6.635,6.63,30
2024-05-07 19:53:00,4173.0,6.6336,6.63,6.635,6.635,6.63,47
2024-05-07 19:54:00,7208.0,6.6344,6.635,6.635,6.635,6.63,67
2024-05-07 19:55:00,45308.0,6.6264,6.635,6.62,6.635,6.62,234
2024-05-07 19:56:00,10713.0,6.6207,6.62,6.62,6.625,6.62,61
2024-05-07 19:57:00,74497.0,6.6181,6.62,6.615,6.6269,6.61,237
2024-05-07 19:58:00,29172.0,6.6184,6.615,6.62,6.62,6.61,165
2024-05-07 19:59:00,149958.0,6.6186,6.615,6.61,6.63,6.61,775
2024-05-07 20:00:00,1263.0,6.61,6.61,6.61,6.61,6.61,3
2024-05-07 20:04:00,2747.0,6.61,6.61,6.61,6.61,6.61,3
2024-05-07 20:20:00,526.0,6.61,6.61,6.61,6.61,6.61,2
2024-05-08 13:29:00,130.0,6.5805,6.58,6.58,6.58,6.58,11
2024-05-08 13:30:00,17081.0,6.6101,6.61,6.63,6.63,6.61,29
2024-05-08 13:31:00,2426.0,6.6151,6.62,6.615,6.62,6.61,19
2024-05-08 13:32:00,299.0,6.6133,6.615,6.615,6.615,6.615,8
2024-05-08 13:33:00,10452.0,6.6275,6.62,6.62,6.645,6.62,81
2024-05-08 13:34:00,1581.0,6.6281,6.62,6.62,6.63,6.62,15
2024-05-08 13:35:00,534.0,6.6384,6.635,6.64,6.64,6.635,8
2024-05-08 13:36:00,7758.0,6.6298,6.64,6.615,6.64,6.615,43
2024-05-08 13:37:00,2404.0,6.6221,6.62,6.625,6.63,6.62,18
2024-05-08 13:38:00,192.0,6.6299,6.63,6.63,6.63,6.63,6
2024-05-08 13:39:00,313.0,6.6315,6.63,6.635,6.635,6.63,5
2024-05-08 13:40:00,3644.0,6.6298,6.635,6.625,6.635,6.62,22
2024-05-08 13:42:00,1092.0,6.6273,6.625,6.625,6.63,6.625,15
2024-05-08 13:43:00,506.0,6.63,6.63,6.63,6.63,6.63,12
2024-05-08 13:44:00,3483.0,6.6399,6.64,6.63,6.6475,6.63,15
2024-05-08 13:47:00,1224.0,6.6336,6.635,6.635,6.64,6.63,12
2024-05-08 13:48:00,8725.0,6.6302,6.64,6.635,6.64,6.63,53
2024-05-08 13:49:00,171.0,6.625,6.625,6.625,6.625,6.625,4
2024-05-08 13:50:00,2149.0,6.6267,6.62,6.625,6.63,6.62,18
2024-05-08 13:51:00,4010.0,6.63,6.625,6.635,6.64,6.625,32
2024-05-08 13:52:00,11459.0,6.6402,6.635,6.64,6.645,6.635,39
2024-05-08 13:53:00,1924.0,6.6381,6.64,6.64,6.64,6.635,23
2024-05-08 13:54:00,1241.0,6.64,6.64,6.64,6.64,6.64,19
2024-05-08 13:55:00,419.0,6.639,6.64,6.64,6.64,6.64,5
2024-05-08 13:56:00,3727.0,6.6393,6.64,6.635,6.64,6.635,15
2024-05-08 13:57:00,343.0,6.6385,6.64,6.64,6.64,6.635,10
2024-05-08 13:58:00,104.0,6.635,6.635,6.635,6.635,6.635,3
2024-05-08 13:59:00,155.0,6.6352,6.635,6.635,6.635,6.635,8
2024-05-08 14:00:00,423.0,6.6351,6.635,6.635,6.635,6.635,13
2024-05-08 14:02:00,1486.0,6.6386,6.635,6.64,6.64,6.635,17
2024-05-08 14:03:00,12955.0,6.6354,6.64,6.635,6.64,6.635,15
2024-05-08 14:04:00,3073.0,6.6327,6.63,6.63,6.635,6.63,25
2024-05-08 14:05:00,1808.0,6.6312,6.63,6.63,6.63,6.63,27
2024-05-08 14:06:00,620.0,6.6317,6.63,6.635,6.635,6.63,13
2024-05-08 14:07:00,996.0,6.635,6.635,6.635,6.635,6.635,10
2024-05-08 14:08:00,6014.0,6.6402,6.64,6.645,6.645,6.635,66
2024-05-08 14:10:00,427.0,6.645,6.645,6.645,6.645,6.645,9
2024-05-08 14:11:00,553.0,6.6411,6.645,6.64,6.645,6.64,13
2024-05-08 14:12:00,317.0,6.6432,6.64,6.645,6.645,6.64,7
2024-05-08 14:13:00,7199.0,6.6479,6.641,6.645,6.65,6.641,72
2024-05-08 14:15:00,139.0,6.6412,6.64,6.64,6.64,6.64,5
2024-05-08 14:16:00,607.0,6.6453,6.645,6.645,6.645,6.645,10
2024-05-08 14:17:00,9740.0,6.6397,6.64,6.635,6.64,6.63,50
2024-05-08 14:18:00,379.0,6.6337,6.63,6.635,6.635,6.63,8
2024-05-08 14:20:00,529.0,6.6351,6.635,6.635,6.635,6.635,9
2024-05-08 14:21:00,8262.0,6.6385,6.64,6.635,6.64,6.635,94
2024-05-08 14:22:00,728.0,6.6398,6.64,6.64,6.64,6.64,17
2024-05-08 14:23:00,505.0,6.64,6.64,6.64,6.64,6.64,10
2024-05-08 14:24:00,554.0,6.6396,6.64,6.64,6.64,6.64,14
2024-05-08 14:25:00,345.0,6.64,6.64,6.64,6.64,6.64,8
2024-05-08 14:26:00,1091.0,6.643,6.64,6.645,6.645,6.64,36
2024-05-08 14:27:00,702.0,6.6441,6.65,6.645,6.65,6.645,12
2024-05-08 14:28:00,1110.0,6.6493,6.65,6.6486,6.65,6.6486,10
2024-05-08 14:29:00,433.0,6.6451,6.645,6.645,6.645,6.645,7
2024-05-08 14:31:00,1210.0,6.65,6.65,6.65,6.65,6.65,8
2024-05-08 14:32:00,416.0,6.6498,6.65,6.65,6.65,6.65,8
2024-05-08 14:33:00,12432.0,6.6428,6.645,6.645,6.65,6.64,83
2024-05-08 14:34:00,381.0,6.647,6.645,6.65,6.65,6.645,15
2024-05-08 14:35:00,22194.0,6.6412,6.645,6.645,6.645,6.635,143
2024-05-08 14:36:00,2864.0,6.6392,6.64,6.635,6.64,6.635,29
2024-05-08 14:38:00,1186.0,6.6397,6.64,6.64,6.64,6.635,19
2024-05-08 14:40:00,371.0,6.6393,6.64,6.64,6.64,6.64,14
2024-05-08 14:41:00,1368.0,6.6406,6.64,6.645,6.645,6.64,33
2024-05-08 14:42:00,174.0,6.6448,6.645,6.645,6.645,6.645,3
2024-05-08 14:44:00,20844.0,6.6345,6.645,6.625,6.645,6.625,103
2024-05-08 14:45:00,670.0,6.6246,6.62,6.63,6.63,6.62,14
2024-05-08 14:46:00,271.0,6.6298,6.63,6.63,6.63,6.63,7
2024-05-08 14:47:00,269.0,6.6273,6.625,6.63,6.63,6.625,8
2024-05-08 14:48:00,4528.0,6.6302,6.63,6.635,6.635,6.63,43
2024-05-08 14:49:00,211.0,6.6359,6.6375,6.6375,6.6375,6.6375,14
2024-05-08 14:50:00,321.0,6.6338,6.635,6.635,6.635,6.635,13
2024-05-08 14:51:00,47569.0,6.6278,6.635,6.635,6.635,6.621,113
2024-05-08 14:53:00,100.0,6.635,6.635,6.635,6.635,6.635,1
2024-05-08 14:54:00,155.0,6.635,6.635,6.635,6.635,6.635,4
2024-05-08 14:57:00,108.0,6.635,6.635,6.635,6.635,6.635,4
2024-05-08 14:58:00,416.0,6.635,6.635,6.635,6.635,6.635,5
2024-05-08 14:59:00,143.0,6.6349,6.635,6.635,6.635,6.635,6
2024-05-08 15:00:00,322.0,6.6348,6.635,6.635,6.635,6.635,11
2024-05-08 15:01:00,7232.0,6.6409,6.64,6.645,6.645,6.635,64
2024-05-08 15:02:00,12891.0,6.6402,6.6402,6.64,6.645,6.635,56
2024-05-08 15:03:00,770.0,6.6357,6.635,6.635,6.635,6.635,5
2024-05-08 15:04:00,522.0,6.635,6.635,6.635,6.635,6.635,5
2024-05-08 15:05:00,446.0,6.64,6.64,6.64,6.64,6.64,9
2024-05-08 15:07:00,3790.0,6.6355,6.64,6.64,6.64,6.635,9
2024-05-08 15:09:00,1869.0,6.639,6.64,6.64,6.64,6.635,18
2024-05-08 15:10:00,140.0,6.6364,6.635,6.635,6.635,6.635,8
2024-05-08 15:12:00,254.0,6.6331,6.63,6.635,6.635,6.63,5
2024-05-08 15:13:00,563.0,6.6366,6.64,6.635,6.64,6.635,11
2024-05-08 15:14:00,715.0,6.6364,6.635,6.635,6.635,6.635,12
2024-05-08 15:15:00,2720.0,6.6388,6.635,6.64,6.64,6.635,27
2024-05-08 15:16:00,521.0,6.6391,6.64,6.64,6.64,6.64,9
2024-05-08 15:17:00,1586.0,6.6396,6.64,6.635,6.64,6.635,15
2024-05-08 15:18:00,577.0,6.64,6.64,6.64,6.64,6.64,10
2024-05-08 15:19:00,663.0,6.64,6.64,6.64,6.64,6.64,11
2024-05-08 15:20:00,788.0,6.6387,6.64,6.635,6.64,6.635,17
2024-05-08 15:21:00,394.0,6.637,6.64,6.63,6.64,6.63,12
2024-05-08 15:22:00,8600.0,6.6354,6.635,6.635,6.64,6.63,66
2024-05-08 15:23:00,1925.0,6.6361,6.635,6.635,6.64,6.63,26
2024-05-08 15:27:00,902.0,6.6387,6.64,6.6334,6.64,6.6334,4
2024-05-08 15:28:00,1313.0,6.64,6.64,6.64,6.64,6.64,8
2024-05-08 15:29:00,1231.0,6.6361,6.64,6.635,6.64,6.635,22
2024-05-08 15:30:00,479.0,6.634,6.635,6.63,6.635,6.63,19
2024-05-08 15:31:00,6029.0,6.632,6.635,6.635,6.635,6.63,35
2024-05-08 15:32:00,12531.0,6.6303,6.63,6.635,6.635,6.63,70
2024-05-08 15:33:00,283.0,6.6326,6.635,6.63,6.635,6.63,11
2024-05-08 15:34:00,741.0,6.6334,6.6375,6.635,6.6375,6.635,11
2024-05-08 15:35:00,492.0,6.6349,6.635,6.635,6.635,6.635,11
2024-05-08 15:36:00,112.0,6.6349,6.635,6.635,6.635,6.635,4
2024-05-08 15:37:00,224.0,6.6351,6.635,6.635,6.635,6.635,4
2024-05-08 15:39:00,357.0,6.632,6.63,6.63,6.63,6.63,7
2024-05-08 15:40:00,4658.0,6.6376,6.635,6.635,6.64,6.635,40
2024-05-08 15:43:00,936.0,6.6347,6.635,6.63,6.635,6.63,19
2024-05-08 15:44:00,2263.0,6.6388,6.635,6.635,6.64,6.635,19
2024-05-08 15:45:00,591.0,6.6398,6.64,6.64,6.64,6.64,13
2024-05-08 15:46:00,365.0,6.6368,6.64,6.63,6.64,6.63,9
2024-05-08 15:47:00,833.0,6.6397,6.64,6.64,6.64,6.64,22
2024-05-08 15:48:00,697.0,6.6385,6.63,6.64,6.64,6.63,16
2024-05-08 15:49:00,1212.0,6.6375,6.64,6.64,6.64,6.63,15
2024-05-08 15:50:00,911.0,6.6398,6.64,6.64,6.64,6.64,15
2024-05-08 15:51:00,606.0,6.6381,6.635,6.64,6.64,6.635,12
2024-05-08 15:52:00,376.0,6.64,6.64,6.64,6.64,6.64,12
2024-05-08 15:53:00,1571.0,6.637,6.64,6.64,6.64,6.635,19
2024-05-08 15:54:00,494.0,6.638,6.64,6.63,6.64,6.63,11
2024-05-08 15:56:00,1111.0,6.6397,6.64,6.64,6.64,6.64,22
2024-05-08 15:57:00,239.0,6.64,6.64,6.64,6.64,6.64,7
2024-05-08 15:58:00,1769.0,6.637,6.64,6.64,6.64,6.635,20
2024-05-08 15:59:00,1404.0,6.6369,6.64,6.635,6.64,6.63,15
2024-05-08 16:00:00,1286.0,6.6384,6.64,6.635,6.64,6.635,19
2024-05-08 16:02:00,738.0,6.64,6.64,6.64,6.64,6.64,6
2024-05-08 16:03:00,651.0,6.64,6.64,6.64,6.64,6.64,10
2024-05-08 16:04:00,650.0,6.6388,6.64,6.64,6.64,6.635,9
2024-05-08 16:05:00,526.0,6.6395,6.64,6.64,6.64,6.64,18
2024-05-08 16:06:00,788.0,6.6395,6.64,6.64,6.64,6.64,22
2024-05-08 16:07:00,1031.0,6.6369,6.64,6.64,6.64,6.635,26
2024-05-08 16:08:00,593.0,6.6384,6.64,6.635,6.64,6.635,8
2024-05-08 16:09:00,537.0,6.6398,6.64,6.64,6.64,6.64,8
2024-05-08 16:10:00,816.0,6.635,6.635,6.635,6.635,6.635,10
2024-05-08 16:11:00,558.0,6.6354,6.635,6.635,6.635,6.635,17
2024-05-08 16:12:00,1435.0,6.6392,6.64,6.64,6.64,6.635,20
2024-05-08 16:13:00,589.0,6.6367,6.64,6.635,6.64,6.635,10
2024-05-08 16:14:00,727.0,6.639,6.64,6.64,6.64,6.64,9
2024-05-08 16:15:00,233.0,6.635,6.635,6.635,6.635,6.635,12
2024-05-08 16:16:00,1034.0,6.6367,6.635,6.635,6.64,6.635,18
2024-05-08 16:17:00,1393.0,6.6395,6.64,6.64,6.64,6.64,23
2024-05-08 16:18:00,868.0,6.6389,6.64,6.64,6.64,6.64,10
2024-05-08 16:19:00,3191.0,6.6394,6.64,6.64,6.64,6.635,14
2024-05-08 16:20:00,487.0,6.6398,6.64,6.64,6.64,6.64,19
2024-05-08 16:21:00,917.0,6.6375,6.635,6.64,6.64,6.635,20
2024-05-08 16:22:00,799.0,6.6369,6.64,6.63,6.64,6.63,17
2024-05-08 16:23:00,29714.0,6.63,6.635,6.625,6.64,6.62,174
2024-05-08 16:24:00,1382.0,6.6246,6.625,6.625,6.625,6.62,21
2024-05-08 16:26:00,586.0,6.625,6.625,6.625,6.625,6.625,8
2024-05-08 16:27:00,628.0,6.6273,6.625,6.625,6.625,6.625,7
2024-05-08 16:28:00,301.0,6.625,6.625,6.625,6.625,6.625,13
2024-05-08 16:29:00,10004.0,6.6197,6.62,6.615,6.625,6.615,62
2024-05-08 16:30:00,131.0,6.615,6.615,6.615,6.615,6.615,7
2024-05-08 16:33:00,141.0,6.6146,6.615,6.615,6.615,6.615,11
2024-05-08 16:34:00,671.0,6.6111,6.61,6.615,6.615,6.61,22
2024-05-08 16:35:00,360.0,6.613,6.615,6.615,6.615,6.61,8
2024-05-08 16:37:00,217.0,6.6127,6.615,6.61,6.615,6.61,4
2024-05-08 16:38:00,352.0,6.6149,6.615,6.615,6.615,6.615,9
2024-05-08 16:39:00,900.0,6.6155,6.615,6.615,6.62,6.615,24
2024-05-08 16:40:00,774.0,6.6163,6.615,6.615,6.62,6.615,27
2024-05-08 16:41:00,1236.0,6.6131,6.615,6.61,6.62,6.61,20
2024-05-08 16:42:00,27488.0,6.6096,6.615,6.62,6.62,6.605,122
2024-05-08 16:43:00,1333.0,6.6165,6.615,6.62,6.62,6.615,21
2024-05-08 16:45:00,1511.0,6.6198,6.62,6.62,6.62,6.62,6
2024-05-08 16:46:00,139.0,6.6187,6.62,6.62,6.62,6.62,5
2024-05-08 16:47:00,743.0,6.62,6.62,6.62,6.62,6.62,17
2024-05-08 16:48:00,506.0,6.62,6.62,6.62,6.62,6.62,16
2024-05-08 16:49:00,4779.0,6.6218,6.62,6.63,6.63,6.62,58
2024-05-08 16:50:00,470.0,6.6298,6.63,6.63,6.63,6.63,19
2024-05-08 16:51:00,636.0,6.6297,6.63,6.63,6.63,6.63,11
2024-05-08 16:52:00,1039.0,6.6279,6.63,6.63,6.63,6.625,18
2024-05-08 16:53:00,2395.0,6.6286,6.63,6.6295,6.63,6.625,19
2024-05-08 16:54:00,4537.0,6.6338,6.63,6.635,6.64,6.63,60
2024-05-08 16:55:00,1351.0,6.6395,6.64,6.64,6.64,6.64,21
2024-05-08 16:56:00,1337.0,6.6372,6.64,6.635,6.64,6.635,23
2024-05-08 16:57:00,1644.0,6.6368,6.635,6.635,6.64,6.635,24
2024-05-08 16:58:00,877.0,6.639,6.64,6.64,6.64,6.64,20
2024-05-08 16:59:00,2150.0,6.6357,6.635,6.635,6.64,6.63,35
2024-05-08 17:00:00,13982.0,6.6312,6.64,6.63,6.64,6.63,92
2024-05-08 17:01:00,3175.0,6.6299,6.635,6.625,6.635,6.625,37
2024-05-08 17:02:00,662.0,6.6266,6.625,6.63,6.63,6.625,10
2024-05-08 17:03:00,560.0,6.63,6.63,6.63,6.63,6.63,11
2024-05-08 17:07:00,5746.0,6.6305,6.63,6.635,6.635,6.625,41
2024-05-08 17:09:00,360.0,6.6386,6.635,6.64,6.64,6.635,7
2024-05-08 17:10:00,162.0,6.6352,6.635,6.635,6.635,6.635,7
2024-05-08 17:11:00,11733.0,6.6333,6.64,6.635,6.64,6.63,71
2024-05-08 17:12:00,7003.0,6.6304,6.63,6.635,6.635,6.63,25
2024-05-08 17:13:00,1492.0,6.635,6.635,6.635,6.635,6.635,28
2024-05-08 17:14:00,800.0,6.6343,6.63,6.635,6.635,6.63,13
2024-05-08 17:15:00,890.0,6.6328,6.63,6.63,6.64,6.63,19
2024-05-08 17:16:00,2192.0,6.6325,6.63,6.63,6.64,6.63,23
2024-05-08 17:17:00,528.0,6.6339,6.635,6.635,6.635,6.635,10
2024-05-08 17:18:00,860.0,6.6362,6.64,6.635,6.64,6.635,16
2024-05-08 17:19:00,906.0,6.6361,6.635,6.635,6.64,6.635,8
2024-05-08 17:21:00,6151.0,6.6396,6.635,6.64,6.64,6.635,71
2024-05-08 17:22:00,1002.0,6.6399,6.64,6.64,6.64,6.64,25
2024-05-08 17:23:00,836.0,6.6399,6.64,6.64,6.64,6.64,12
2024-05-08 17:24:00,440.0,6.64,6.64,6.64,6.64,6.64,8
2024-05-08 17:25:00,849.0,6.64,6.64,6.64,6.64,6.64,9
2024-05-08 17:26:00,675.0,6.6392,6.64,6.64,6.64,6.64,18
2024-05-08 17:27:00,794.0,6.64,6.64,6.64,6.64,6.64,16
2024-05-08 17:28:00,1585.0,6.64,6.64,6.64,6.64,6.64,17
2024-05-08 17:29:00,1961.0,6.6389,6.64,6.64,6.64,6.635,23
2024-05-08 17:30:00,841.0,6.6391,6.64,6.64,6.64,6.635,22
2024-05-08 17:31:00,812.0,6.6398,6.64,6.64,6.64,6.64,18
2024-05-08 17:32:00,975.0,6.6399,6.64,6.64,6.64,6.64,16
2024-05-08 17:33:00,764.0,6.6399,6.64,6.64,6.64,6.64,14
2024-05-08 17:34:00,8067.0,6.6339,6.635,6.635,6.635,6.63,81
2024-05-08 17:35:00,486.0,6.6343,6.64,6.635,6.64,6.63,13
2024-05-08 17:36:00,1112.0,6.6361,6.635,6.635,6.64,6.635,19
2024-05-08 17:37:00,1119.0,6.639,6.64,6.635,6.64,6.635,13
2024-05-08 17:38:00,857.0,6.6387,6.635,6.64,6.64,6.635,16
2024-05-08 17:39:00,700.0,6.6384,6.635,6.64,6.64,6.635,11
2024-05-08 17:40:00,1297.0,6.637,6.64,6.64,6.64,6.63,23
2024-05-08 17:41:00,733.0,6.6398,6.64,6.64,6.64,6.64,21
2024-05-08 17:42:00,1671.0,6.6379,6.635,6.64,6.64,6.635,26
2024-05-08 17:43:00,1040.0,6.6393,6.64,6.64,6.64,6.64,12
2024-05-08 17:44:00,956.0,6.6391,6.64,6.64,6.64,6.64,21
2024-05-08 17:45:00,368.0,6.6379,6.635,6.635,6.635,6.635,17
2024-05-08 17:46:00,1271.0,6.6396,6.64,6.64,6.64,6.64,22
2024-05-08 17:47:00,583.0,6.6396,6.64,6.64,6.64,6.64,11
2024-05-08 17:48:00,640.0,6.6384,6.64,6.64,6.64,6.64,13
2024-05-08 17:49:00,1001.0,6.6384,6.64,6.64,6.64,6.64,23
2024-05-08 17:50:00,2006.0,6.6397,6.64,6.64,6.64,6.64,34
2024-05-08 17:51:00,880.0,6.6396,6.64,6.64,6.64,6.64,14
2024-05-08 17:52:00,1484.0,6.6397,6.64,6.64,6.64,6.64,28
2024-05-08 17:53:00,1231.0,6.6395,6.64,6.64,6.64,6.64,20
2024-05-08 17:54:00,838.0,6.6397,6.64,6.64,6.64,6.64,24
2024-05-08 17:55:00,4967.0,6.6397,6.64,6.635,6.64,6.635,55
2024-05-08 17:56:00,569.0,6.6391,6.64,6.64,6.64,6.64,13
2024-05-08 17:57:00,2212.0,6.6415,6.64,6.65,6.65,6.64,33
2024-05-08 17:58:00,832.0,6.6484,6.65,6.65,6.65,6.645,19
2024-05-08 17:59:00,2079.0,6.6474,6.65,6.65,6.65,6.645,31
2024-05-08 18:00:00,962.0,6.6495,6.65,6.65,6.65,6.65,18
2024-05-08 18:01:00,1539.0,6.6464,6.645,6.65,6.65,6.645,34
2024-05-08 18:02:00,1942.0,6.6492,6.65,6.65,6.65,6.645,19
2024-05-08 18:03:00,837.0,6.65,6.65,6.65,6.65,6.65,17
2024-05-08 18:04:00,39685.0,6.642,6.65,6.645,6.65,6.64,49
2024-05-08 18:05:00,1854.0,6.6454,6.645,6.645,6.65,6.64,19
2024-05-08 18:06:00,1787.0,6.6479,6.645,6.65,6.65,6.645,22
2024-05-08 18:07:00,758.0,6.6489,6.65,6.645,6.65,6.645,14
2024-05-08 18:08:00,640.0,6.6499,6.65,6.65,6.65,6.65,15
2024-05-08 18:09:00,1434.0,6.6495,6.65,6.65,6.65,6.645,19
2024-05-08 18:10:00,979.0,6.649,6.65,6.65,6.65,6.65,12
2024-05-08 18:11:00,2015.0,6.6485,6.65,6.65,6.65,6.645,31
2024-05-08 18:12:00,1576.0,6.6488,6.645,6.65,6.65,6.645,8
2024-05-08 18:13:00,959.0,6.6497,6.65,6.65,6.65,6.65,13
2024-05-08 18:14:00,7437.0,6.6534,6.65,6.655,6.66,6.65,64
2024-05-08 18:15:00,32505.0,6.6499,6.65,6.645,6.655,6.64,135
2024-05-08 18:16:00,239.0,6.6492,6.65,6.65,6.65,6.65,7
2024-05-08 18:18:00,846.0,6.65,6.65,6.65,6.65,6.65,20
2024-05-08 18:19:00,291.0,6.648,6.65,6.645,6.65,6.645,4
2024-05-08 18:20:00,12957.0,6.6424,6.65,6.645,6.65,6.64,51
2024-05-08 18:21:00,8679.0,6.6425,6.645,6.645,6.65,6.64,40
2024-05-08 18:22:00,944.0,6.6462,6.65,6.65,6.65,6.645,13
2024-05-08 18:23:00,1032.0,6.6465,6.645,6.645,6.645,6.645,10
2024-05-08 18:24:00,693.0,6.6474,6.65,6.65,6.65,6.65,6
2024-05-08 18:25:00,1499.0,6.649,6.65,6.65,6.65,6.645,22
2024-05-08 18:26:00,1055.0,6.6488,6.65,6.645,6.65,6.645,15
2024-05-08 18:27:00,833.0,6.65,6.65,6.65,6.65,6.65,18
2024-05-08 18:28:00,1375.0,6.6493,6.65,6.645,6.65,6.645,21
2024-05-08 18:29:00,1726.0,6.65,6.65,6.65,6.65,6.65,16
2024-05-08 18:30:00,1692.0,6.6482,6.65,6.65,6.65,6.645,25
2024-05-08 18:31:00,2544.0,6.6454,6.65,6.65,6.65,6.64,26
2024-05-08 18:32:00,1123.0,6.6486,6.65,6.645,6.65,6.645,17
2024-05-08 18:33:00,2066.0,6.6479,6.65,6.645,6.65,6.645,24
2024-05-08 18:34:00,3920.0,6.6444,6.65,6.645,6.65,6.6432,31
2024-05-08 18:35:00,992.0,6.6466,6.65,6.645,6.65,6.645,15
2024-05-08 18:36:00,11211.0,6.6423,6.645,6.645,6.65,6.64,86
2024-05-08 18:37:00,552.0,6.6458,6.65,6.645,6.65,6.645,22
2024-05-08 18:38:00,1109.0,6.646,6.65,6.645,6.65,6.64,21
2024-05-08 18:39:00,341.0,6.6479,6.65,6.645,6.65,6.645,11
2024-05-08 18:40:00,1120.0,6.6459,6.645,6.645,6.65,6.64,13
2024-05-08 18:41:00,836.0,6.6447,6.645,6.645,6.645,6.645,12
2024-05-08 18:42:00,1784.0,6.6452,6.645,6.645,6.645,6.645,17
2024-05-08 18:43:00,3837.0,6.646,6.645,6.645,6.65,6.645,29
2024-05-08 18:45:00,1904.0,6.6486,6.645,6.65,6.65,6.64,24
2024-05-08 18:46:00,9376.0,6.65,6.65,6.655,6.655,6.65,68
2024-05-08 18:47:00,1812.0,6.6553,6.655,6.655,6.66,6.655,23
2024-05-08 18:49:00,25296.0,6.6506,6.655,6.645,6.66,6.645,129
2024-05-08 18:50:00,810.0,6.645,6.645,6.645,6.645,6.645,8
2024-05-08 18:52:00,733.0,6.645,6.645,6.645,6.645,6.645,8
2024-05-08 18:53:00,972.0,6.6467,6.65,6.645,6.65,6.645,13
2024-05-08 18:54:00,4703.0,6.6458,6.65,6.65,6.65,6.645,25
2024-05-08 18:55:00,959.0,6.6489,6.65,6.65,6.65,6.645,22
2024-05-08 18:56:00,310.0,6.6496,6.65,6.65,6.65,6.65,10
2024-05-08 18:57:00,1077.0,6.649,6.645,6.65,6.65,6.645,15
2024-05-08 18:58:00,2950.0,6.6465,6.64,6.645,6.65,6.64,34
2024-05-08 18:59:00,1297.0,6.6472,6.65,6.65,6.65,6.645,12
2024-05-08 19:00:00,6141.0,6.6444,6.645,6.65,6.65,6.64,59
2024-05-08 19:01:00,960.0,6.6481,6.65,6.65,6.65,6.645,23
2024-05-08 19:02:00,925.0,6.6482,6.65,6.645,6.65,6.645,18
2024-05-08 19:03:00,843.0,6.6468,6.645,6.65,6.65,6.645,17
2024-05-08 19:04:00,1498.0,6.6468,6.645,6.65,6.65,6.645,23
2024-05-08 19:05:00,1858.0,6.6454,6.64,6.645,6.65,6.64,29
2024-05-08 19:06:00,1520.0,6.6457,6.645,6.645,6.65,6.64,25
2024-05-08 19:07:00,1122.0,6.6455,6.65,6.645,6.65,6.64,14
2024-05-08 19:08:00,1883.0,6.6447,6.645,6.645,6.65,6.64,20
2024-05-08 19:09:00,3178.0,6.6462,6.65,6.645,6.65,6.645,36
2024-05-08 19:10:00,1968.0,6.6461,6.65,6.645,6.65,6.645,32
2024-05-08 19:11:00,1899.0,6.6454,6.645,6.645,6.65,6.64,22
2024-05-08 19:12:00,1916.0,6.6472,6.645,6.64,6.65,6.64,22
2024-05-08 19:13:00,1971.0,6.6491,6.65,6.645,6.65,6.645,35
2024-05-08 19:14:00,2453.0,6.6491,6.65,6.65,6.65,6.64,33
2024-05-08 19:15:00,2648.0,6.6478,6.645,6.645,6.65,6.64,37
2024-05-08 19:16:00,1250.0,6.6491,6.64,6.65,6.65,6.64,17
2024-05-08 19:17:00,2586.0,6.6478,6.65,6.6475,6.65,6.64,36
2024-05-08 19:18:00,2701.0,6.6494,6.65,6.645,6.65,6.64,27
2024-05-08 19:19:00,1588.0,6.6489,6.65,6.645,6.65,6.64,33
2024-05-08 19:20:00,1934.0,6.6494,6.65,6.645,6.65,6.645,31
2024-05-08 19:21:00,3852.0,6.6489,6.65,6.645,6.65,6.64,33
2024-05-08 19:22:00,2838.0,6.6481,6.645,6.645,6.65,6.645,24
2024-05-08 19:23:00,2081.0,6.6484,6.65,6.6425,6.65,6.6425,32
2024-05-08 19:24:00,8597.0,6.6448,6.65,6.645,6.65,6.64,106
2024-05-08 19:25:00,3039.0,6.6444,6.64,6.64,6.6475,6.64,38
2024-05-08 19:26:00,1714.0,6.6448,6.645,6.645,6.645,6.64,22
2024-05-08 19:27:00,3751.0,6.6447,6.645,6.64,6.6475,6.64,52
2024-05-08 19:28:00,3747.0,6.6448,6.645,6.64,6.65,6.64,42
2024-05-08 19:29:00,36951.0,6.635,6.64,6.62,6.64,6.62,174
2024-05-08 19:30:00,3394.0,6.6257,6.625,6.625,6.63,6.625,24
2024-05-08 19:31:00,673.0,6.6266,6.625,6.625,6.625,6.625,9
2024-05-08 19:32:00,690.0,6.624,6.62,6.625,6.625,6.62,7
2024-05-08 19:33:00,3830.0,6.6271,6.625,6.625,6.63,6.625,41
2024-05-08 19:34:00,2159.0,6.6306,6.63,6.63,6.63,6.62,22
2024-05-08 19:35:00,917.0,6.6256,6.63,6.63,6.63,6.6214,11
2024-05-08 19:36:00,2076.0,6.6285,6.63,6.625,6.63,6.62,27
2024-05-08 19:37:00,2803.0,6.6272,6.625,6.625,6.63,6.625,35
2024-05-08 19:38:00,2050.0,6.6274,6.62,6.625,6.63,6.62,31
2024-05-08 19:39:00,2330.0,6.6287,6.63,6.62,6.63,6.62,36
2024-05-08 19:40:00,10192.0,6.6306,6.63,6.635,6.64,6.625,101
2024-05-08 19:41:00,2739.0,6.6352,6.635,6.64,6.64,6.635,32
2024-05-08 19:42:00,6641.0,6.6353,6.635,6.635,6.64,6.635,53
2024-05-08 19:43:00,3862.0,6.636,6.635,6.635,6.64,6.635,59
2024-05-08 19:44:00,3598.0,6.6374,6.635,6.64,6.64,6.635,46
2024-05-08 19:45:00,8819.0,6.6393,6.64,6.64,6.64,6.6318,92
2024-05-08 19:46:00,55679.0,6.6324,6.64,6.635,6.64,6.63,247
2024-05-08 19:47:00,2926.0,6.6348,6.635,6.635,6.635,6.63,55
2024-05-08 19:48:00,6772.0,6.6339,6.635,6.63,6.64,6.63,69
2024-05-08 19:49:00,26033.0,6.6295,6.63,6.63,6.635,6.62,185
2024-05-08 19:50:00,21400.0,6.6187,6.62,6.615,6.62,6.61,173
2024-05-08 19:51:00,6212.0,6.6165,6.615,6.615,6.62,6.61,54
2024-05-08 19:52:00,2999.0,6.6182,6.62,6.62,6.62,6.61,45
2024-05-08 19:53:00,19621.0,6.6141,6.62,6.615,6.62,6.61,73
2024-05-08 19:54:00,5007.0,6.6173,6.61,6.6183,6.62,6.61,35
2024-05-08 19:55:00,2178.0,6.6159,6.61,6.61,6.62,6.61,40
2024-05-08 19:56:00,3412.0,6.6164,6.615,6.62,6.62,6.61,69
2024-05-08 19:57:00,19742.0,6.6155,6.61,6.62,6.62,6.61,215
2024-05-08 19:58:00,15794.0,6.6183,6.62,6.62,6.62,6.61,153
2024-05-08 19:59:00,71762.0,6.6211,6.615,6.625,6.63,6.61,522
2024-05-08 20:00:00,4212.0,6.62,6.62,6.62,6.62,6.62,6
2024-05-09 12:00:00,101.0,6.4517,6.45,6.45,6.45,6.45,2
2024-05-09 12:37:00,400.0,6.61,6.61,6.61,6.61,6.61,2
2024-05-09 12:46:00,101.0,6.6098,6.61,6.61,6.61,6.61,2
2024-05-09 13:18:00,206.0,6.62,6.62,6.62,6.62,6.62,20
2024-05-09 13:30:00,13425.0,6.6303,6.63,6.64,6.64,6.63,11
2024-05-09 13:31:00,292.0,6.64,6.64,6.64,6.64,6.64,4
2024-05-09 13:32:00,2215.0,6.6295,6.63,6.63,6.63,6.63,15
2024-05-09 13:33:00,2703.0,6.63,6.63,6.63,6.63,6.63,17
2024-05-09 13:34:00,343.0,6.6326,6.63,6.635,6.635,6.63,7
2024-05-09 13:35:00,715.0,6.6403,6.64,6.64,6.64,6.64,12
2024-05-09 13:36:00,6682.0,6.6368,6.64,6.63,6.64,6.625,48
2024-05-09 13:39:00,409.0,6.628,6.63,6.63,6.63,6.625,16
2024-05-09 13:40:00,253.0,6.6273,6.63,6.625,6.63,6.625,8
2024-05-09 13:41:00,100.0,6.625,6.625,6.625,6.625,6.625,1
2024-05-09 13:43:00,4604.0,6.6361,6.63,6.64,6.64,6.63,76
2024-05-09 13:46:00,520.0,6.6467,6.65,6.645,6.65,6.645,13
2024-05-09 13:47:00,2137.0,6.6519,6.65,6.66,6.66,6.65,41
2024-05-09 13:48:00,7923.0,6.6597,6.66,6.655,6.665,6.655,69
2024-05-09 13:49:00,341.0,6.6545,6.655,6.655,6.655,6.655,18
2024-05-09 13:51:00,1313.0,6.6579,6.655,6.66,6.66,6.655,28
2024-05-09 13:52:00,165.0,6.6619,6.66,6.66,6.66,6.66,11
2024-05-09 13:53:00,154.0,6.6647,6.665,6.665,6.665,6.665,8
2024-05-09 13:54:00,132.0,6.6688,6.67,6.67,6.67,6.67,7
2024-05-09 13:55:00,3011.0,6.6647,6.665,6.67,6.67,6.665,27
2024-05-09 13:56:00,1601.0,6.6666,6.665,6.665,6.67,6.665,21
2024-05-09 13:57:00,3776.0,6.6696,6.67,6.665,6.67,6.665,13
2024-05-09 13:58:00,11396.0,6.6587,6.665,6.655,6.67,6.65,75
2024-05-09 14:01:00,1736.0,6.6591,6.655,6.66,6.66,6.655,8
2024-05-09 14:02:00,204.0,6.6551,6.655,6.655,6.655,6.655,5
2024-05-09 14:03:00,372.0,6.655,6.655,6.655,6.655,6.655,8
2024-05-09 14:04:00,724.0,6.6558,6.66,6.655,6.66,6.655,14
2024-05-09 14:05:00,273.0,6.658,6.655,6.655,6.655,6.655,11
2024-05-09 14:07:00,3784.0,6.6606,6.655,6.66,6.665,6.655,60
2024-05-09 14:08:00,2380.0,6.6633,6.665,6.66,6.665,6.66,17
2024-05-09 14:09:00,520.0,6.6601,6.66,6.66,6.66,6.66,15
2024-05-09 14:11:00,7913.0,6.6596,6.6616,6.655,6.6616,6.655,37
2024-05-09 14:12:00,508.0,6.655,6.655,6.655,6.655,6.655,11
2024-05-09 14:15:00,9969.0,6.6497,6.6575,6.655,6.6575,6.645,52
2024-05-09 14:16:00,4582.0,6.66,6.655,6.67,6.67,6.655,34
2024-05-09 14:17:00,625.0,6.6691,6.67,6.67,6.67,6.665,8
2024-05-09 14:18:00,313.0,6.6653,6.67,6.67,6.67,6.67,7
2024-05-09 14:19:00,113.0,6.6655,6.665,6.665,6.665,6.665,5
2024-05-09 14:21:00,935.0,6.6661,6.67,6.665,6.67,6.665,14
2024-05-09 14:22:00,762.0,6.6689,6.67,6.6687,6.67,6.665,20
2024-05-09 14:23:00,3664.0,6.6712,6.665,6.675,6.68,6.665,40
2024-05-09 14:24:00,2811.0,6.674,6.675,6.675,6.675,6.67,27
2024-05-09 14:25:00,315.0,6.6744,6.6741,6.675,6.675,6.6741,10
2024-05-09 14:26:00,789.0,6.6707,6.67,6.67,6.67,6.67,24
2024-05-09 14:27:00,130.0,6.6701,6.67,6.67,6.67,6.67,10
2024-05-09 14:28:00,2545.0,6.6756,6.6799,6.6733,6.6799,6.6733,12
2024-05-09 14:29:00,436.0,6.6732,6.6775,6.67,6.6775,6.67,17
2024-05-09 14:30:00,9913.0,6.6698,6.67,6.665,6.67,6.665,55
2024-05-09 14:31:00,331.0,6.6639,6.665,6.66,6.665,6.66,16
2024-05-09 14:32:00,252.0,6.6648,6.665,6.665,6.665,6.665,11
2024-05-09 14:33:00,151.0,6.6615,6.66,6.66,6.66,6.66,13
2024-05-09 14:34:00,336.0,6.6652,6.66,6.6675,6.6675,6.66,14
2024-05-09 14:35:00,242.0,6.6609,6.66,6.66,6.66,6.66,13
2024-05-09 14:36:00,488.0,6.6622,6.66,6.66,6.6675,6.66,16
2024-05-09 14:37:00,235.0,6.6639,6.6675,6.66,6.6675,6.66,11
2024-05-09 14:38:00,3577.0,6.6668,6.665,6.665,6.67,6.665,53
2024-05-09 14:39:00,514.0,6.6653,6.665,6.665,6.665,6.665,15
2024-05-09 14:40:00,3055.0,6.663,6.665,6.66,6.665,6.66,27
2024-05-09 14:41:00,317.0,6.6642,6.6642,6.6642,6.6642,6.6642,17
2024-05-09 14:42:00,127.0,6.6649,6.665,6.665,6.665,6.665,10
2024-05-09 14:43:00,570.0,6.6649,6.6675,6.6675,6.6675,6.6675,12
2024-05-09 14:44:00,263.0,6.6626,6.665,6.66,6.665,6.66,16
2024-05-09 14:45:00,474.0,6.665,6.665,6.665,6.665,6.665,15
2024-05-09 14:47:00,2616.0,6.6672,6.665,6.665,6.67,6.665,28
2024-05-09 14:48:00,121.0,6.6635,6.6625,6.6625,6.6625,6.6625,11
2024-05-09 14:49:00,146.0,6.6647,6.665,6.665,6.665,6.665,12
2024-05-09 14:51:00,4169.0,6.669,6.665,6.665,6.67,6.665,48
2024-05-09 14:52:00,973.0,6.6698,6.67,6.6685,6.67,6.6685,21
2024-05-09 14:53:00,3073.0,6.6696,6.67,6.67,6.67,6.6625,33
2024-05-09 14:54:00,1700.0,6.6698,6.67,6.67,6.67,6.67,19
2024-05-09 14:55:00,737.0,6.67,6.67,6.67,6.67,6.67,14
2024-05-09 14:56:00,804.0,6.6677,6.665,6.67,6.67,6.665,22
2024-05-09 14:57:00,4093.0,6.6709,6.67,6.675,6.68,6.67,57
2024-05-09 14:58:00,318.0,6.6766,6.675,6.68,6.68,6.675,13
2024-05-09 14:59:00,1296.0,6.6763,6.675,6.675,6.68,6.675,21
2024-05-09 15:00:00,774.0,6.6791,6.68,6.68,6.68,6.675,20
2024-05-09 15:01:00,464.0,6.6786,6.68,6.675,6.68,6.675,23
2024-05-09 15:02:00,1445.0,6.6757,6.675,6.675,6.68,6.675,18
2024-05-09 15:03:00,536.0,6.676,6.675,6.675,6.68,6.675,15
2024-05-09 15:04:00,608.0,6.6768,6.68,6.675,6.68,6.675,18
2024-05-09 15:05:00,695.0,6.6754,6.6725,6.675,6.68,6.6725,18
2024-05-09 15:06:00,593.0,6.6761,6.67,6.675,6.68,6.67,21
2024-05-09 15:07:00,1863.0,6.6783,6.67,6.68,6.68,6.67,28
2024-05-09 15:08:00,3765.0,6.6796,6.675,6.68,6.68,6.675,44
2024-05-09 15:09:00,321.0,6.68,6.68,6.68,6.68,6.68,12
2024-05-09 15:10:00,1705.0,6.6784,6.68,6.675,6.68,6.6725,27
2024-05-09 15:12:00,1022.0,6.6795,6.68,6.675,6.68,6.675,14
2024-05-09 15:13:00,1523.0,6.68,6.68,6.68,6.68,6.68,18
2024-05-09 15:14:00,3470.0,6.6819,6.68,6.685,6.685,6.68,43
2024-05-09 15:15:00,1945.0,6.6873,6.685,6.69,6.69,6.685,33
2024-05-09 15:16:00,730.0,6.689,6.69,6.69,6.69,6.69,24
2024-05-09 15:17:00,445.0,6.69,6.69,6.69,6.69,6.69,13
2024-05-09 15:18:00,448.0,6.6861,6.685,6.685,6.69,6.685,15
2024-05-09 15:19:00,1001.0,6.6897,6.69,6.69,6.69,6.69,20
2024-05-09 15:20:00,131.0,6.6858,6.685,6.685,6.685,6.685,10
2024-05-09 15:21:00,3760.0,6.6824,6.68,6.685,6.69,6.68,34
2024-05-09 15:22:00,536.0,6.6861,6.685,6.685,6.69,6.685,15
2024-05-09 15:23:00,722.0,6.6865,6.69,6.685,6.69,6.685,12
2024-05-09 15:24:00,337.0,6.6869,6.69,6.685,6.69,6.685,13
2024-05-09 15:25:00,8776.0,6.6887,6.69,6.695,6.695,6.685,74
2024-05-09 15:26:00,1486.0,6.6978,6.695,6.695,6.7,6.695,29
2024-05-09 15:27:00,2355.0,6.6995,6.7,6.695,6.7,6.695,23
2024-05-09 15:28:00,126.0,6.6998,6.7,6.7,6.7,6.7,12
2024-05-09 15:29:00,1139.0,6.6955,6.7,6.7,6.7,6.7,24
2024-05-09 15:30:00,1541.0,6.6999,6.7,6.7,6.7,6.7,19
2024-05-09 15:31:00,756.0,6.6982,6.695,6.695,6.7,6.695,22
2024-05-09 15:33:00,486.0,6.6954,6.69,6.695,6.695,6.69,18
2024-05-09 15:34:00,1581.0,6.6982,6.695,6.7,6.7,6.695,22
2024-05-09 15:35:00,489.0,6.6991,6.7,6.7,6.7,6.7,19
2024-05-09 15:36:00,563.0,6.6985,6.7,6.7,6.7,6.695,26
2024-05-09 15:37:00,195.0,6.6965,6.695,6.695,6.695,6.695,18
2024-05-09 15:39:00,516.0,6.696,6.7,6.695,6.7,6.695,22
2024-05-09 15:40:00,1834.0,6.6975,6.69,6.7,6.7,6.69,33
2024-05-09 15:41:00,531.0,6.6973,6.7,6.695,6.7,6.695,23
2024-05-09 15:42:00,456.0,6.6962,6.695,6.695,6.7,6.695,23
2024-05-09 15:43:00,995.0,6.6961,6.695,6.7,6.7,6.695,25
2024-05-09 15:44:00,12104.0,6.7002,6.7,6.71,6.71,6.695,82
2024-05-09 15:45:00,260.0,6.7028,6.7001,6.7001,6.7001,6.7001,17
2024-05-09 15:46:00,1594.0,6.7087,6.705,6.705,6.71,6.705,37
2024-05-09 15:47:00,53706.0,6.709,6.705,6.73,6.73,6.7,243
2024-05-09 15:48:00,66406.0,6.7279,6.73,6.72,6.74,6.72,272
2024-05-09 15:49:00,2769.0,6.7208,6.72,6.725,6.725,6.72,23
2024-05-09 15:51:00,25574.0,6.7207,6.725,6.72,6.725,6.72,65
2024-05-09 15:52:00,2115.0,6.7283,6.725,6.725,6.73,6.725,18
2024-05-09 15:53:00,367.0,6.725,6.725,6.725,6.725,6.725,11
2024-05-09 15:54:00,133.0,6.725,6.725,6.725,6.725,6.725,10
2024-05-09 15:55:00,4122.0,6.7269,6.725,6.73,6.73,6.725,41
2024-05-09 15:56:00,767.0,6.7277,6.73,6.725,6.73,6.725,19
2024-05-09 15:57:00,716.0,6.7278,6.725,6.725,6.73,6.725,15
2024-05-09 15:58:00,1817.0,6.7233,6.725,6.725,6.725,6.725,18
2024-05-09 15:59:00,1036.0,6.7252,6.725,6.725,6.725,6.725,17
2024-05-09 16:00:00,1366.0,6.728,6.725,6.725,6.73,6.725,21
2024-05-09 16:01:00,174.0,6.7251,6.725,6.725,6.725,6.725,13
2024-05-09 16:02:00,1232.0,6.7226,6.725,6.725,6.725,6.72,19
2024-05-09 16:03:00,255.0,6.7249,6.725,6.725,6.725,6.725,19
2024-05-09 16:04:00,541.0,6.725,6.725,6.725,6.725,6.725,18
2024-05-09 16:05:00,549.0,6.725,6.725,6.725,6.725,6.725,19
2024-05-09 16:06:00,12936.0,6.7315,6.725,6.74,6.74,6.725,89
2024-05-09 16:07:00,136.0,6.7354,6.735,6.735,6.735,6.735,16
2024-05-09 16:08:00,1611.0,6.7353,6.735,6.735,6.74,6.735,20
2024-05-09 16:09:00,2596.0,6.7341,6.74,6.735,6.74,6.735,20
2024-05-09 16:10:00,1652.0,6.7359,6.74,6.735,6.74,6.735,23
2024-05-09 16:11:00,26082.0,6.7296,6.735,6.7286,6.735,6.72,110
2024-05-09 16:13:00,118.0,6.7254,6.725,6.725,6.725,6.725,12
2024-05-09 16:15:00,12909.0,6.725,6.725,6.725,6.725,6.725,26
2024-05-09 16:16:00,4731.0,6.7232,6.725,6.725,6.725,6.72,42
2024-05-09 16:17:00,6642.0,6.7191,6.72,6.71,6.72,6.71,60
2024-05-09 16:18:00,153.0,6.7151,6.715,6.715,6.715,6.715,11
2024-05-09 16:19:00,4701.0,6.7095,6.71,6.705,6.71,6.705,45
2024-05-09 16:20:00,357.0,6.7114,6.71,6.71,6.71,6.71,17
2024-05-09 16:21:00,34897.0,6.6933,6.7,6.685,6.7025,6.68,117
2024-05-09 16:22:00,687.0,6.6923,6.69,6.685,6.69,6.685,19
2024-05-09 16:23:00,8893.0,6.6898,6.685,6.69,6.6981,6.685,63
2024-05-09 16:24:00,250.0,6.6948,6.695,6.695,6.695,6.695,12
2024-05-09 16:25:00,690.0,6.6901,6.6901,6.6901,6.6901,6.6901,16
2024-05-09 16:26:00,441.0,6.6925,6.69,6.695,6.695,6.69,18
2024-05-09 16:28:00,73719.0,6.6787,6.695,6.68,6.695,6.67,264
2024-05-09 16:29:00,1335.0,6.6749,6.68,6.67,6.68,6.67,20
2024-05-09 16:30:00,571.0,6.6715,6.67,6.67,6.67,6.67,27
2024-05-09 16:31:00,317.0,6.6731,6.67,6.675,6.675,6.67,17
2024-05-09 16:32:00,6450.0,6.6695,6.67,6.665,6.67,6.66,44
2024-05-09 16:33:00,974.0,6.6674,6.665,6.665,6.665,6.665,18
2024-05-09 16:34:00,330.0,6.6652,6.665,6.665,6.665,6.665,13
2024-05-09 16:35:00,3562.0,6.6664,6.67,6.665,6.67,6.665,35
2024-05-09 16:36:00,1353.0,6.6651,6.665,6.665,6.665,6.665,19
2024-05-09 16:38:00,2899.0,6.6691,6.67,6.665,6.67,6.665,18
2024-05-09 16:39:00,1241.0,6.6641,6.66,6.665,6.665,6.66,17
2024-05-09 16:40:00,631.0,6.6627,6.665,6.66,6.665,6.66,17
2024-05-09 16:41:00,2199.0,6.6652,6.665,6.665,6.67,6.665,25
2024-05-09 16:42:00,2556.0,6.6663,6.665,6.665,6.67,6.66,36
2024-05-09 16:43:00,8124.0,6.6696,6.665,6.675,6.675,6.665,68
2024-05-09 16:45:00,4066.0,6.6704,6.675,6.67,6.675,6.67,38
2024-05-09 16:46:00,734.0,6.6749,6.68,6.67,6.68,6.67,17
2024-05-09 16:47:00,323.0,6.6758,6.6775,6.675,6.6775,6.675,14
2024-05-09 16:48:00,631.0,6.6754,6.675,6.6775,6.6775,6.675,15
2024-05-09 16:49:00,340.0,6.674,6.675,6.67,6.6775,6.67,15
2024-05-09 16:50:00,1729.0,6.6754,6.6775,6.675,6.68,6.675,16
2024-05-09 16:51:00,3384.0,6.6776,6.675,6.675,6.68,6.675,54
2024-05-09 16:52:00,429.0,6.6799,6.68,6.68,6.68,6.68,19
2024-05-09 16:53:00,4036.0,6.6771,6.675,6.675,6.68,6.67,26
2024-05-09 16:54:00,823.0,6.6794,6.675,6.68,6.68,6.675,19
2024-05-09 16:55:00,940.0,6.6798,6.68,6.68,6.68,6.68,21
2024-05-09 16:56:00,728.0,6.6768,6.675,6.675,6.675,6.675,15
2024-05-09 16:57:00,4132.0,6.6769,6.68,6.675,6.68,6.6747,32
2024-05-09 16:58:00,1775.0,6.6756,6.675,6.675,6.68,6.675,29
2024-05-09 16:59:00,975.0,6.6767,6.675,6.675,6.68,6.675,26
2024-05-09 17:00:00,463.0,6.6776,6.675,6.675,6.675,6.675,23
2024-05-09 17:01:00,4087.0,6.6795,6.68,6.68,6.68,6.675,52
2024-05-09 17:02:00,2731.0,6.6796,6.68,6.68,6.68,6.675,28
2024-05-09 17:03:00,6714.0,6.6811,6.68,6.69,6.69,6.68,49
2024-05-09 17:04:00,1839.0,6.688,6.685,6.685,6.69,6.685,31
2024-05-09 17:05:00,3496.0,6.6839,6.685,6.685,6.685,6.68,45
2024-05-09 17:06:00,12354.0,6.6787,6.685,6.67,6.685,6.67,65
2024-05-09 17:07:00,7845.0,6.6785,6.68,6.675,6.68,6.675,50
2024-05-09 17:08:00,1353.0,6.6765,6.6766,6.675,6.6766,6.675,14
2024-05-09 17:11:00,1654.0,6.6747,6.675,6.675,6.675,6.67,21
2024-05-09 17:13:00,5494.0,6.6756,6.675,6.675,6.68,6.675,32
2024-05-09 17:14:00,60219.0,6.6717,6.68,6.655,6.685,6.655,225
2024-05-09 17:15:00,2529.0,6.6598,6.66,6.66,6.66,6.655,16
2024-05-09 17:16:00,6284.0,6.6646,6.66,6.664,6.665,6.66,32
2024-05-09 17:17:00,225.0,6.6649,6.665,6.665,6.665,6.665,13
2024-05-09 17:18:00,334.0,6.6647,6.665,6.665,6.665,6.665,17
2024-05-09 17:19:00,2567.0,6.6619,6.665,6.665,6.665,6.6601,17
2024-05-09 17:20:00,1102.0,6.6649,6.665,6.665,6.665,6.665,22
2024-05-09 17:21:00,252.0,6.667,6.665,6.67,6.67,6.665,15
2024-05-09 17:22:00,1177.0,6.665,6.665,6.665,6.665,6.665,20
2024-05-09 17:23:00,221.0,6.6661,6.6675,6.665,6.6675,6.665,13
2024-05-09 17:24:00,325.0,6.6658,6.6675,6.665,6.6675,6.665,16
2024-05-09 17:25:00,1980.0,6.6655,6.665,6.665,6.67,6.665,24
2024-05-09 17:26:00,1386.0,6.6649,6.67,6.665,6.67,6.665,19
2024-05-09 17:27:00,330.0,6.6674,6.665,6.6675,6.67,6.665,17
2024-05-09 17:28:00,1327.0,6.6689,6.67,6.665,6.67,6.665,28
2024-05-09 17:29:00,559.0,6.6688,6.665,6.67,6.67,6.665,20
2024-05-09 17:30:00,1014.0,6.6688,6.67,6.67,6.67,6.665,20
2024-05-09 17:31:00,253.0,6.6653,6.665,6.665,6.665,6.665,22
2024-05-09 17:32:00,580.0,6.6671,6.67,6.665,6.67,6.665,19
2024-05-09 17:33:00,5091.0,6.6675,6.665,6.665,6.67,6.665,22
2024-05-09 17:34:00,230.0,6.6676,6.67,6.665,6.67,6.665,15
2024-05-09 17:35:00,1350.0,6.6693,6.6675,6.67,6.67,6.665,28
2024-05-09 17:36:00,535.0,6.669,6.67,6.67,6.67,6.665,21
2024-05-09 17:37:00,800.0,6.6666,6.665,6.665,6.67,6.665,22
2024-05-09 17:38:00,543.0,6.6691,6.67,6.67,6.67,6.67,20
2024-05-09 17:39:00,730.0,6.6679,6.67,6.67,6.67,6.665,19
2024-05-09 17:40:00,255.0,6.6672,6.665,6.665,6.665,6.665,20
2024-05-09 17:41:00,821.0,6.6655,6.665,6.6675,6.6675,6.665,29
2024-05-09 17:42:00,825.0,6.6675,6.67,6.67,6.67,6.665,18
2024-05-09 17:43:00,1743.0,6.6672,6.665,6.665,6.67,6.665,20
2024-05-09 17:44:00,683.0,6.6665,6.67,6.665,6.67,6.665,19
2024-05-09 17:45:00,438.0,6.6661,6.665,6.665,6.67,6.665,20
2024-05-09 17:46:00,543.0,6.6679,6.67,6.665,6.67,6.665,17
2024-05-09 17:47:00,17192.0,6.662,6.67,6.665,6.67,6.66,74
2024-05-09 17:48:00,4379.0,6.6616,6.665,6.665,6.67,6.66,23
2024-05-09 17:49:00,907.0,6.6658,6.665,6.665,6.67,6.665,26
2024-05-09 17:50:00,954.0,6.6655,6.67,6.665,6.67,6.665,21
2024-05-09 17:51:00,728.0,6.6663,6.67,6.665,6.67,6.665,23
2024-05-09 17:52:00,919.0,6.6664,6.67,6.665,6.67,6.665,16
2024-05-09 17:53:00,670.0,6.6674,6.67,6.665,6.67,6.665,25
2024-05-09 17:54:00,836.0,6.6672,6.67,6.665,6.67,6.665,24
2024-05-09 17:55:00,879.0,6.6669,6.67,6.665,6.67,6.665,21
2024-05-09 17:56:00,931.0,6.6667,6.67,6.665,6.67,6.66,21
2024-05-09 17:57:00,849.0,6.6665,6.67,6.67,6.67,6.66,28
2024-05-09 17:58:00,2320.0,6.6654,6.665,6.67,6.67,6.665,33
2024-05-09 17:59:00,1361.0,6.6662,6.665,6.665,6.665,6.665,18
2024-05-09 18:00:00,669.0,6.6654,6.665,6.665,6.6675,6.665,21
2024-05-09 18:01:00,197.0,6.6693,6.67,6.67,6.67,6.67,18
2024-05-09 18:02:00,324.0,6.6652,6.665,6.665,6.665,6.665,15
2024-05-09 18:03:00,1533.0,6.6658,6.67,6.665,6.67,6.665,24
2024-05-09 18:04:00,957.0,6.6665,6.67,6.665,6.67,6.665,17
2024-05-09 18:05:00,1387.0,6.6687,6.67,6.67,6.67,6.665,29
2024-05-09 18:06:00,1349.0,6.668,6.665,6.665,6.67,6.665,32
2024-05-09 18:09:00,2001.0,6.6673,6.67,6.665,6.67,6.665,28
2024-05-09 18:10:00,6301.0,6.6655,6.67,6.665,6.67,6.665,26
2024-05-09 18:11:00,1082.0,6.6673,6.665,6.67,6.67,6.665,26
2024-05-09 18:12:00,465.0,6.6674,6.67,6.665,6.67,6.665,17
2024-05-09 18:13:00,863.0,6.6686,6.67,6.67,6.67,6.665,26
2024-05-09 18:14:00,1930.0,6.6665,6.665,6.665,6.67,6.665,22
2024-05-09 18:15:00,1013.0,6.6688,6.6658,6.67,6.67,6.6658,23
2024-05-09 18:16:00,1255.0,6.6688,6.665,6.665,6.67,6.665,22
2024-05-09 18:17:00,365.0,6.6682,6.67,6.665,6.67,6.665,19
2024-05-09 18:19:00,904.0,6.6687,6.67,6.665,6.67,6.665,19
2024-05-09 18:20:00,5821.0,6.6656,6.665,6.665,6.67,6.665,41
2024-05-09 18:21:00,1418.0,6.6633,6.665,6.665,6.665,6.66,33
2024-05-09 18:22:00,1816.0,6.6647,6.6675,6.665,6.6675,6.66,29
2024-05-09 18:23:00,424.0,6.6656,6.665,6.665,6.6675,6.665,16
2024-05-09 18:24:00,2503.0,6.6657,6.67,6.665,6.67,6.66,24
2024-05-09 18:25:00,385.0,6.6656,6.665,6.665,6.665,6.665,20
2024-05-09 18:26:00,935.0,6.6661,6.67,6.665,6.67,6.665,18
2024-05-09 18:27:00,527.0,6.6679,6.665,6.67,6.67,6.665,18
2024-05-09 18:28:00,1173.0,6.6664,6.665,6.665,6.67,6.66,25
2024-05-09 18:29:00,1478.0,6.6668,6.66,6.66,6.67,6.66,28
2024-05-09 18:30:00,641.0,6.6675,6.67,6.67,6.67,6.665,20
2024-05-09 18:31:00,2553.0,6.668,6.665,6.665,6.67,6.665,26
2024-05-09 18:33:00,1076.0,6.6672,6.67,6.67,6.67,6.665,28
2024-05-09 18:34:00,299.0,6.6682,6.665,6.67,6.67,6.665,15
2024-05-09 18:35:00,1089.0,6.665,6.665,6.665,6.67,6.66,19
2024-05-09 18:36:00,376.0,6.6671,6.665,6.67,6.67,6.665,18
2024-05-09 18:37:00,1128.0,6.665,6.665,6.665,6.665,6.665,20
2024-05-09 18:38:00,1438.0,6.6654,6.67,6.665,6.67,6.66,25
2024-05-09 18:39:00,667.0,6.6667,6.665,6.665,6.67,6.665,22
2024-05-09 18:40:00,533.0,6.6663,6.67,6.665,6.67,6.665,22
2024-05-09 18:41:00,537.0,6.666,6.665,6.665,6.665,6.665,21
2024-05-09 18:42:00,1868.0,6.6667,6.67,6.665,6.67,6.665,20
2024-05-09 18:43:00,1197.0,6.6662,6.665,6.665,6.67,6.665,22
2024-05-09 18:44:00,2024.0,6.6682,6.665,6.665,6.67,6.665,30
2024-05-09 18:45:00,1505.0,6.6654,6.665,6.665,6.665,6.665,26
2024-05-09 18:46:00,1232.0,6.6677,6.67,6.67,6.67,6.665,23
2024-05-09 18:47:00,24108.0,6.6604,6.67,6.655,6.67,6.655,143
2024-05-09 18:48:00,1329.0,6.6569,6.655,6.66,6.66,6.655,17
2024-05-09 18:49:00,441.0,6.6552,6.655,6.65,6.655,6.65,18
2024-05-09 18:50:00,4096.0,6.6594,6.655,6.66,6.66,6.655,48
2024-05-09 18:51:00,1575.0,6.6581,6.655,6.655,6.66,6.655,27
2024-05-09 18:52:00,127.0,6.651,6.65,6.65,6.65,6.65,12
2024-05-09 18:53:00,602.0,6.6559,6.65,6.655,6.66,6.65,17
2024-05-09 18:54:00,2570.0,6.6593,6.66,6.655,6.66,6.655,24
2024-05-09 18:55:00,39652.0,6.6597,6.655,6.66,6.66,6.655,31
2024-05-09 18:56:00,30834.0,6.6682,6.66,6.675,6.675,6.66,173
2024-05-09 18:57:00,939.0,6.6788,6.68,6.68,6.68,6.675,15
2024-05-09 18:58:00,1395.0,6.6776,6.68,6.68,6.68,6.67,24
2024-05-09 18:59:00,7219.0,6.6739,6.68,6.675,6.68,6.6713,50
2024-05-09 19:00:00,874.0,6.6755,6.675,6.675,6.68,6.675,19
2024-05-09 19:01:00,2336.0,6.677,6.675,6.68,6.68,6.675,39
2024-05-09 19:02:00,504.0,6.6787,6.68,6.68,6.68,6.675,20
2024-05-09 19:03:00,518.0,6.68,6.68,6.68,6.68,6.68,13
2024-05-09 19:04:00,2062.0,6.6684,6.67,6.675,6.68,6.67,14
2024-05-09 19:05:00,1161.0,6.679,6.68,6.67,6.68,6.67,24
2024-05-09 19:06:00,847.0,6.6751,6.675,6.675,6.675,6.675,10
2024-05-09 19:07:00,981.0,6.6772,6.68,6.675,6.68,6.675,14
2024-05-09 19:08:00,1449.0,6.6792,6.675,6.68,6.68,6.675,20
2024-05-09 19:09:00,425.0,6.6796,6.68,6.68,6.68,6.68,21
2024-05-09 19:10:00,1291.0,6.6787,6.68,6.68,6.68,6.675,33
2024-05-09 19:11:00,3156.0,6.6788,6.68,6.675,6.68,6.675,46
2024-05-09 19:12:00,4273.0,6.6796,6.68,6.68,6.68,6.675,41
2024-05-09 19:13:00,365.0,6.6779,6.68,6.675,6.68,6.675,23
2024-05-09 19:14:00,18001.0,6.6805,6.68,6.69,6.69,6.68,105
2024-05-09 19:15:00,26727.0,6.6806,6.685,6.67,6.685,6.67,157
2024-05-09 19:16:00,6449.0,6.6691,6.67,6.665,6.67,6.66,66
2024-05-09 19:17:00,3759.0,6.6669,6.67,6.665,6.67,6.665,42
2024-05-09 19:19:00,377.0,6.6675,6.665,6.6699,6.6699,6.665,15
2024-05-09 19:20:00,199.0,6.6667,6.665,6.665,6.665,6.665,16
2024-05-09 19:21:00,879.0,6.6698,6.67,6.67,6.67,6.67,19
2024-05-09 19:22:00,2273.0,6.6767,6.665,6.665,6.665,6.665,22
2024-05-09 19:23:00,469.0,6.6672,6.67,6.665,6.67,6.665,15
2024-05-09 19:24:00,3631.0,6.6651,6.665,6.665,6.665,6.665,20
2024-05-09 19:25:00,897.0,6.6656,6.665,6.665,6.665,6.665,30
2024-05-09 19:26:00,1713.0,6.6686,6.67,6.665,6.67,6.665,23
2024-05-09 19:27:00,1690.0,6.6696,6.67,6.67,6.67,6.665,28
2024-05-09 19:28:00,1655.0,6.6682,6.665,6.67,6.67,6.665,31
2024-05-09 19:29:00,643.0,6.6678,6.665,6.665,6.67,6.665,21
2024-05-09 19:30:00,1385.0,6.6676,6.67,6.665,6.67,6.665,30
2024-05-09 19:31:00,4533.0,6.6669,6.665,6.665,6.67,6.665,54
2024-05-09 19:32:00,2691.0,6.6649,6.67,6.665,6.67,6.66,40
2024-05-09 19:33:00,2921.0,6.6682,6.67,6.67,6.67,6.665,47
2024-05-09 19:34:00,71063.0,6.6583,6.665,6.655,6.665,6.65,283
2024-05-09 19:35:00,113591.0,6.6495,6.65,6.645,6.655,6.64,281
2024-05-09 19:36:00,2271.0,6.6467,6.65,6.65,6.65,6.645,27
2024-05-09 19:37:00,673.0,6.6483,6.645,6.645,6.645,6.645,5
2024-05-09 19:38:00,5149.0,6.6498,6.65,6.65,6.65,6.645,15
2024-05-09 19:39:00,27197.0,6.65,6.65,6.65,6.65,6.645,105
2024-05-09 19:40:00,5280.0,6.6472,6.649,6.65,6.65,6.645,46
2024-05-09 19:41:00,7349.0,6.6464,6.65,6.645,6.65,6.645,53
2024-05-09 19:42:00,9697.0,6.6452,6.645,6.645,6.65,6.645,85
2024-05-09 19:43:00,5537.0,6.6454,6.645,6.645,6.65,6.645,71
2024-05-09 19:44:00,10904.0,6.6469,6.645,6.65,6.65,6.645,83
2024-05-09 19:45:00,58595.0,6.6499,6.645,6.645,6.655,6.645,229
2024-05-09 19:46:00,11071.0,6.645,6.645,6.645,6.65,6.645,78
2024-05-09 19:47:00,14658.0,6.6452,6.645,6.645,6.65,6.645,89
2024-05-09 19:48:00,16390.0,6.6481,6.645,6.645,6.65,6.645,122
2024-05-09 19:49:00,8804.0,6.6475,6.65,6.645,6.65,6.645,67
2024-05-09 19:50:00,14740.0,6.6462,6.65,6.65,6.65,6.645,129
2024-05-09 19:51:00,19331.0,6.6484,6.645,6.645,6.65,6.645,122
2024-05-09 19:52:00,17144.0,6.6493,6.65,6.645,6.65,6.645,111
2024-05-09 19:53:00,7970.0,6.6485,6.65,6.65,6.65,6.645,74
2024-05-09 19:54:00,99634.0,6.6387,6.65,6.625,6.65,6.625,369
2024-05-09 19:55:00,41757.0,6.6302,6.625,6.635,6.635,6.625,170
2024-05-09 19:56:00,12216.0,6.6315,6.635,6.63,6.635,6.63,60
2024-05-09 19:57:00,11294.0,6.6306,6.63,6.63,6.635,6.63,81
2024-05-09 19:58:00,9317.0,6.6312,6.63,6.635,6.635,6.63,123
2024-05-09 19:59:00,65636.0,6.6301,6.63,6.63,6.64,6.62,500
2024-05-09 20:00:00,1571865.0,6.62,6.62,6.62,6.62,6.62,11
2024-05-10 13:30:00,29788.0,6.6292,6.62,6.66,6.66,6.58,93
2024-05-10 13:32:00,1137.0,6.6552,6.655,6.655,6.655,6.655,15
2024-05-10 13:33:00,241.0,6.6558,6.655,6.655,6.655,6.655,5
2024-05-10 13:34:00,1078.0,6.6604,6.66,6.66,6.66,6.66,13
2024-05-10 13:35:00,6641.0,6.6583,6.66,6.65,6.66,6.65,31
2024-05-10 13:36:00,194.0,6.6444,6.64,6.64,6.64,6.64,5
2024-05-10 13:37:00,3293.0,6.6494,6.65,6.64,6.65,6.64,24
2024-05-10 13:38:00,1522.0,6.649,6.64,6.65,6.65,6.64,12
2024-05-10 13:39:00,601.0,6.655,6.655,6.655,6.655,6.655,5
2024-05-10 13:40:00,2673.0,6.6515,6.655,6.65,6.66,6.64,28
2024-05-10 13:41:00,3725.0,6.6439,6.65,6.64,6.65,6.64,16
2024-05-10 13:43:00,721.0,6.635,6.635,6.635,6.635,6.635,5
2024-05-10 13:45:00,2704.0,6.6293,6.63,6.62,6.63,6.62,17
2024-05-10 13:46:00,3190.0,6.6177,6.62,6.61,6.62,6.61,21
2024-05-10 13:47:00,1856.0,6.6157,6.615,6.61,6.62,6.61,18
2024-05-10 13:48:00,1172.0,6.6118,6.62,6.61,6.62,6.61,15
2024-05-10 13:49:00,4124.0,6.6038,6.61,6.595,6.61,6.595,41
2024-05-10 13:50:00,5604.0,6.6003,6.605,6.6099,6.61,6.59,38
2024-05-10 13:52:00,3199.0,6.6036,6.605,6.605,6.61,6.6,22
2024-05-10 13:53:00,256.0,6.6041,6.605,6.6,6.605,6.6,5
2024-05-10 13:54:00,10929.0,6.6019,6.605,6.6,6.61,6.6,96
2024-05-10 13:55:00,1425.0,6.6069,6.605,6.6,6.61,6.6,19
2024-05-10 13:56:00,4636.0,6.6022,6.605,6.605,6.61,6.6,27
2024-05-10 13:57:00,6943.0,6.5997,6.605,6.595,6.605,6.595,40
2024-05-10 13:58:00,9955.0,6.5895,6.59,6.59,6.59,6.58,56
2024-05-10 13:59:00,1529.0,6.5877,6.59,6.58,6.59,6.58,13
2024-05-10 14:00:00,3462.0,6.5783,6.585,6.575,6.585,6.575,28
2024-05-10 14:01:00,5146.0,6.5688,6.575,6.57,6.575,6.565,40
2024-05-10 14:02:00,103.0,6.58,6.58,6.58,6.58,6.58,2
2024-05-10 14:03:00,1201.0,6.5754,6.575,6.58,6.58,6.575,3
2024-05-10 14:04:00,1937.0,6.5803,6.58,6.58,6.585,6.58,26
2024-05-10 14:05:00,1580.0,6.5753,6.58,6.575,6.58,6.575,4
2024-05-10 14:06:00,5796.0,6.5752,6.575,6.575,6.58,6.575,13
2024-05-10 14:07:00,21040.0,6.5733,6.575,6.585,6.585,6.57,104
2024-05-10 14:08:00,551.0,6.5841,6.58,6.59,6.59,6.58,9
2024-05-10 14:09:00,3363.0,6.5856,6.585,6.585,6.59,6.585,12
2024-05-10 14:10:00,446.0,6.5856,6.585,6.585,6.585,6.585,7
2024-05-10 14:11:00,926.0,6.58,6.585,6.58,6.585,6.58,11
2024-05-10 14:12:00,300.0,6.5817,6.58,6.58,6.585,6.58,3
2024-05-10 14:13:00,3146.0,6.5848,6.58,6.585,6.585,6.58,12
2024-05-10 14:14:00,657.0,6.5811,6.58,6.581,6.585,6.58,8
2024-05-10 14:15:00,25475.0,6.5782,6.58,6.585,6.585,6.565,134
2024-05-10 14:16:00,636.0,6.5833,6.585,6.58,6.585,6.58,9
2024-05-10 14:17:00,3219.0,6.5803,6.58,6.585,6.585,6.58,19
2024-05-10 14:18:00,659.0,6.58,6.58,6.58,6.58,6.58,11
2024-05-10 14:19:00,4442.0,6.578,6.58,6.575,6.58,6.575,29
2024-05-10 14:20:00,995.0,6.5712,6.575,6.57,6.575,6.57,13
2024-05-10 14:21:00,5149.0,6.569,6.57,6.56,6.57,6.56,31
2024-05-10 14:22:00,892.0,6.563,6.56,6.56,6.565,6.56,8
2024-05-10 14:23:00,3626.0,6.5587,6.56,6.55,6.56,6.55,23
2024-05-10 14:24:00,463.0,6.5511,6.55,6.555,6.555,6.55,9
2024-05-10 14:25:00,2363.0,6.5501,6.55,6.55,6.55,6.55,29
2024-05-10 14:26:00,8684.0,6.5552,6.5548,6.555,6.56,6.55,39
2024-05-10 14:27:00,1797.0,6.5526,6.5577,6.55,6.5577,6.55,19
2024-05-10 14:28:00,11794.0,6.5523,6.55,6.555,6.56,6.55,64
2024-05-10 14:29:00,1659.0,6.5547,6.555,6.55,6.555,6.55,11
2024-05-10 14:30:00,12785.0,6.561,6.555,6.57,6.57,6.555,85
2024-05-10 14:31:00,1008.0,6.564,6.565,6.56,6.565,6.56,7
2024-05-10 14:32:00,556.0,6.563,6.565,6.56,6.565,6.56,8
2024-05-10 14:33:00,7959.0,6.5595,6.565,6.56,6.565,6.555,55
2024-05-10 14:34:00,933.0,6.5618,6.56,6.56,6.565,6.56,10
2024-05-10 14:35:00,605.0,6.5602,6.56,6.56,6.56,6.56,12
2024-05-10 14:36:00,1093.0,6.5605,6.56,6.56,6.565,6.56,14
2024-05-10 14:37:00,461.0,6.5611,6.56,6.56,6.565,6.56,5
2024-05-10 14:38:00,1022.0,6.565,6.56,6.565,6.57,6.56,14
2024-05-10 14:39:00,1090.0,6.5647,6.565,6.5699,6.5699,6.56,12
2024-05-10 14:40:00,1465.0,6.5645,6.565,6.56,6.565,6.56,9
2024-05-10 14:41:00,915.0,6.5633,6.56,6.57,6.57,6.56,10
2024-05-10 14:42:00,1023.0,6.5622,6.56,6.56,6.57,6.56,13
2024-05-10 14:43:00,1811.0,6.5614,6.56,6.56,6.565,6.56,20
2024-05-10 14:44:00,612.0,6.5638,6.56,6.57,6.57,6.56,11
2024-05-10 14:45:00,487.0,6.5612,6.565,6.56,6.565,6.56,9
2024-05-10 14:46:00,1242.0,6.56,6.56,6.56,6.56,6.56,22
2024-05-10 14:47:00,6252.0,6.5573,6.56,6.55,6.565,6.55,51
2024-05-10 14:48:00,968.0,6.5511,6.555,6.555,6.555,6.55,14
2024-05-10 14:49:00,727.0,6.55,6.55,6.55,6.55,6.55,15
2024-05-10 14:50:00,743.0,6.5516,6.55,6.55,6.55,6.55,20
2024-05-10 14:51:00,2724.0,6.5466,6.55,6.54,6.55,6.54,24
2024-05-10 14:52:00,307.0,6.5401,6.54,6.54,6.54,6.54,8
2024-05-10 14:53:00,2546.0,6.5444,6.54,6.545,6.545,6.54,18
2024-05-10 14:54:00,7193.0,6.5379,6.54,6.535,6.54,6.53,61
2024-05-10 14:55:00,12105.0,6.5439,6.54,6.555,6.555,6.535,68
2024-05-10 14:56:00,1547.0,6.5539,6.555,6.555,6.555,6.55,13
2024-05-10 14:57:00,407.0,6.5538,6.555,6.555,6.555,6.55,8
2024-05-10 14:58:00,2004.0,6.5553,6.555,6.555,6.56,6.555,16
2024-05-10 14:59:00,147.0,6.5598,6.56,6.56,6.56,6.56,6
2024-05-10 15:00:00,367.0,6.5566,6.555,6.56,6.56,6.555,12
2024-05-10 15:01:00,6860.0,6.5669,6.56,6.57,6.57,6.56,53
2024-05-10 15:02:00,393.0,6.57,6.57,6.57,6.57,6.57,14
2024-05-10 15:03:00,10226.0,6.5757,6.565,6.585,6.585,6.565,66
2024-05-10 15:04:00,2564.0,6.5872,6.59,6.59,6.59,6.585,23
2024-05-10 15:05:00,126.0,6.5839,6.585,6.585,6.585,6.585,8
2024-05-10 15:06:00,988.0,6.5898,6.59,6.59,6.59,6.59,16
2024-05-10 15:07:00,831.0,6.5876,6.585,6.585,6.59,6.585,12
2024-05-10 15:08:00,718.0,6.5894,6.59,6.59,6.59,6.59,12
2024-05-10 15:09:00,660.0,6.5858,6.59,6.58,6.59,6.58,11
2024-05-10 15:10:00,2758.0,6.5834,6.585,6.585,6.585,6.58,35
2024-05-10 15:11:00,440.0,6.583,6.58,6.585,6.585,6.58,14
2024-05-10 15:12:00,595.0,6.5832,6.585,6.58,6.585,6.58,13
2024-05-10 15:13:00,313.0,6.5817,6.585,6.58,6.585,6.58,9
2024-05-10 15:14:00,299.0,6.5814,6.58,6.58,6.58,6.58,8
2024-05-10 15:15:00,2395.0,6.5876,6.585,6.58,6.59,6.58,27
2024-05-10 15:16:00,1706.0,6.5849,6.585,6.58,6.585,6.58,24
2024-05-10 15:17:00,483.0,6.585,6.585,6.585,6.585,6.585,14
2024-05-10 15:18:00,1836.0,6.5813,6.58,6.58,6.585,6.58,28
2024-05-10 15:19:00,13239.0,6.5773,6.58,6.575,6.58,6.57,55
2024-05-10 15:20:00,1320.0,6.5742,6.575,6.575,6.575,6.57,17
2024-05-10 15:21:00,444.0,6.5727,6.575,6.575,6.575,6.57,8
2024-05-10 15:22:00,3721.0,6.576,6.57,6.575,6.58,6.57,37
2024-05-10 15:23:00,813.0,6.5756,6.575,6.575,6.58,6.575,13
2024-05-10 15:24:00,229.0,6.5799,6.58,6.58,6.58,6.58,10
2024-05-10 15:25:00,2424.0,6.5776,6.578,6.575,6.578,6.575,12
2024-05-10 15:26:00,308.0,6.578,6.575,6.58,6.58,6.575,9
2024-05-10 15:27:00,108.0,6.5799,6.58,6.58,6.58,6.58,6
2024-05-10 15:28:00,196.0,6.5774,6.575,6.575,6.575,6.575,11
2024-05-10 15:29:00,206.0,6.5774,6.575,6.575,6.575,6.575,11
2024-05-10 15:30:00,633.0,6.5765,6.575,6.58,6.58,6.575,18
2024-05-10 15:31:00,13670.0,6.5811,6.58,6.585,6.59,6.575,138
2024-05-10 15:32:00,6535.0,6.5921,6.59,6.595,6.6,6.59,37
2024-05-10 15:33:00,27619.0,6.5999,6.595,6.605,6.61,6.59,129
2024-05-10 15:34:00,1868.0,6.6085,6.61,6.605,6.61,6.605,17
2024-05-10 15:35:00,5513.0,6.6118,6.61,6.615,6.62,6.605,43
2024-05-10 15:36:00,709.0,6.6199,6.62,6.62,6.62,6.62,9
2024-05-10 15:37:00,1552.0,6.6181,6.62,6.62,6.62,6.615,19
2024-05-10 15:38:00,3085.0,6.6169,6.62,6.61,6.62,6.61,35
2024-05-10 15:39:00,3840.0,6.6139,6.615,6.615,6.62,6.61,29
2024-05-10 15:40:00,4110.0,6.6164,6.615,6.6125,6.62,6.61,33
2024-05-10 15:41:00,1530.0,6.6164,6.615,6.62,6.62,6.615,20
2024-05-10 15:42:00,1938.0,6.6179,6.615,6.62,6.62,6.6125,18
2024-05-10 15:43:00,3631.0,6.6206,6.6193,6.625,6.625,6.6193,56
2024-05-10 15:44:00,3481.0,6.623,6.625,6.62,6.625,6.62,22
2024-05-10 15:45:00,1559.0,6.6228,6.625,6.62,6.625,6.62,17
2024-05-10 15:46:00,4244.0,6.6248,6.625,6.625,6.625,6.62,22
2024-05-10 15:47:00,816.0,6.6229,6.62,6.625,6.625,6.62,12
2024-05-10 15:48:00,3682.0,6.6244,6.625,6.62,6.625,6.62,21
2024-05-10 15:49:00,2059.0,6.624,6.625,6.625,6.625,6.62,17
2024-05-10 15:51:00,1716.0,6.6249,6.6225,6.625,6.625,6.6225,15
2024-05-10 15:52:00,970.0,6.6249,6.625,6.625,6.625,6.625,13
2024-05-10 15:53:00,8616.0,6.6306,6.625,6.635,6.635,6.625,74
2024-05-10 15:54:00,1793.0,6.6316,6.635,6.64,6.64,6.635,16
2024-05-10 15:55:00,409.0,6.635,6.635,6.635,6.635,6.635,9
2024-05-10 15:56:00,2540.0,6.6383,6.635,6.64,6.64,6.6325,22
2024-05-10 15:57:00,32033.0,6.6396,6.64,6.64,6.64,6.6325,99
2024-05-10 15:58:00,4074.0,6.6421,6.64,6.65,6.65,6.64,31
2024-05-10 15:59:00,1749.0,6.65,6.65,6.65,6.65,6.65,11
2024-05-10 16:00:00,696.0,6.6495,6.65,6.65,6.65,6.65,12
2024-05-10 16:01:00,1361.0,6.65,6.65,6.65,6.65,6.65,12
2024-05-10 16:02:00,8191.0,6.6444,6.65,6.645,6.65,6.64,49
2024-05-10 16:03:00,24765.0,6.6391,6.64,6.635,6.64,6.635,98
2024-05-10 16:04:00,506.0,6.6361,6.635,6.635,6.635,6.635,8
2024-05-10 16:05:00,3286.0,6.6299,6.635,6.625,6.635,6.625,36
2024-05-10 16:06:00,248.0,6.6252,6.625,6.625,6.625,6.625,14
2024-05-10 16:07:00,1395.0,6.6277,6.63,6.63,6.63,6.625,24
2024-05-10 16:08:00,1081.0,6.6284,6.625,6.625,6.625,6.625,17
2024-05-10 16:09:00,121.0,6.625,6.625,6.625,6.625,6.625,10
2024-05-10 16:10:00,845.0,6.6271,6.63,6.63,6.63,6.625,16
2024-05-10 16:11:00,227.0,6.6295,6.63,6.63,6.63,6.63,13
2024-05-10 16:12:00,222.0,6.6251,6.6225,6.6225,6.6225,6.6225,14
2024-05-10 16:13:00,379.0,6.6277,6.63,6.63,6.63,6.63,11
2024-05-10 16:15:00,3954.0,6.6301,6.63,6.635,6.635,6.625,60
2024-05-10 16:19:00,493.0,6.635,6.635,6.635,6.635,6.635,11
2024-05-10 16:20:00,635.0,6.6325,6.63,6.635,6.635,6.63,14
2024-05-10 16:21:00,311.0,6.6334,6.635,6.635,6.635,6.635,13
2024-05-10 16:22:00,1813.0,6.635,6.635,6.635,6.635,6.635,10
2024-05-10 16:23:00,3768.0,6.635,6.635,6.635,6.635,6.635,32
2024-05-10 16:24:00,921.0,6.6328,6.635,6.63,6.635,6.63,15
2024-05-10 16:25:00,232.0,6.6301,6.63,6.63,6.63,6.63,12
2024-05-10 16:26:00,819.0,6.6343,6.635,6.635,6.635,6.635,14
2024-05-10 16:27:00,937.0,6.635,6.635,6.635,6.635,6.635,16
2024-05-10 16:28:00,1057.0,6.6326,6.63,6.63,6.635,6.63,28
2024-05-10 16:29:00,563.0,6.6337,6.635,6.635,6.635,6.635,9
2024-05-10 16:30:00,246.0,6.6307,6.631,6.63,6.631,6.63,18
2024-05-10 16:31:00,217.0,6.63,6.63,6.63,6.63,6.63,11
2024-05-10 16:32:00,658.0,6.6343,6.635,6.631,6.635,6.631,13
2024-05-10 16:33:00,854.0,6.6339,6.63,6.635,6.635,6.63,15
2024-05-10 16:34:00,568.0,6.6323,6.63,6.635,6.635,6.63,15
2024-05-10 16:35:00,18150.0,6.6294,6.635,6.62,6.635,6.62,93
2024-05-10 16:36:00,1583.0,6.6257,6.625,6.62,6.63,6.62,16
2024-05-10 16:38:00,780.0,6.6237,6.625,6.625,6.625,6.62,14
2024-05-10 16:39:00,127.0,6.6248,6.625,6.625,6.625,6.625,11
2024-05-10 16:40:00,250.0,6.6248,6.625,6.625,6.625,6.625,16
2024-05-10 16:41:00,521.0,6.624,6.625,6.62,6.625,6.62,16
2024-05-10 16:42:00,12182.0,6.6253,6.625,6.625,6.63,6.62,76
2024-05-10 16:44:00,269.0,6.625,6.625,6.625,6.625,6.625,13
2024-05-10 16:45:00,352.0,6.6296,6.63,6.63,6.63,6.63,16
2024-05-10 16:46:00,917.0,6.6247,6.62,6.62,6.62,6.62,13
2024-05-10 16:47:00,580.0,6.6238,6.625,6.625,6.625,6.625,18
2024-05-10 16:48:00,784.0,6.6287,6.63,6.63,6.63,6.63,20
2024-05-10 16:49:00,1647.0,6.6294,6.63,6.63,6.63,6.625,14
2024-05-10 16:50:00,143.0,6.629,6.63,6.63,6.63,6.63,12
2024-05-10 16:51:00,6708.0,6.6316,6.63,6.635,6.635,6.63,88
2024-05-10 16:54:00,116.0,6.635,6.635,6.635,6.635,6.635,10
2024-05-10 16:55:00,4874.0,6.6345,6.63,6.635,6.635,6.63,39
2024-05-10 16:56:00,117.0,6.635,6.635,6.635,6.635,6.635,9
2024-05-10 16:57:00,1127.0,6.6333,6.635,6.635,6.635,6.63,15
2024-05-10 16:58:00,1447.0,6.6334,6.63,6.635,6.635,6.63,18
2024-05-10 16:59:00,734.0,6.635,6.635,6.635,6.635,6.635,11
2024-05-10 17:00:00,165.0,6.6353,6.635,6.635,6.635,6.635,9
2024-05-10 17:01:00,4251.0,6.6349,6.635,6.635,6.635,6.63,24
2024-05-10 17:02:00,26345.0,6.6272,6.635,6.615,6.635,6.615,129
2024-05-10 17:03:00,2351.0,6.6178,6.615,6.615,6.62,6.615,29
2024-05-10 17:04:00,1148.0,6.6127,6.615,6.615,6.615,6.61,16
2024-05-10 17:05:00,424.0,6.6149,6.615,6.615,6.615,6.615,12
2024-05-10 17:06:00,1622.0,6.6141,6.61,6.615,6.615,6.61,20
2024-05-10 17:07:00,227.0,6.615,6.615,6.615,6.615,6.615,8
2024-05-10 17:08:00,394.0,6.617,6.62,6.615,6.62,6.615,12
2024-05-10 17:09:00,2510.0,6.617,6.615,6.615,6.62,6.615,25
2024-05-10 17:10:00,380.0,6.6177,6.62,6.62,6.62,6.615,17
2024-05-10 17:11:00,207.0,6.6199,6.62,6.62,6.62,6.62,7
2024-05-10 17:12:00,1597.0,6.6137,6.61,6.61,6.615,6.61,20
2024-05-10 17:14:00,621.0,6.6149,6.615,6.615,6.615,6.615,14
2024-05-10 17:16:00,155.0,6.615,6.615,6.615,6.615,6.615,9
2024-05-10 17:17:00,245.0,6.615,6.615,6.615,6.615,6.615,11
2024-05-10 17:18:00,636.0,6.6144,6.615,6.615,6.615,6.615,16
2024-05-10 17:19:00,2125.0,6.6194,6.615,6.62,6.62,6.615,25
2024-05-10 17:20:00,689.0,6.6176,6.615,6.62,6.62,6.615,21
2024-05-10 17:21:00,386.0,6.6186,6.62,6.62,6.62,6.615,10
2024-05-10 17:22:00,3513.0,6.6198,6.62,6.62,6.62,6.615,46
2024-05-10 17:23:00,3101.0,6.6234,6.615,6.625,6.625,6.615,39
2024-05-10 17:24:00,581.0,6.6233,6.625,6.62,6.625,6.62,15
2024-05-10 17:25:00,3094.0,6.6238,6.625,6.625,6.625,6.62,33
2024-05-10 17:26:00,2165.0,6.6285,6.625,6.625,6.63,6.625,14
2024-05-10 17:27:00,908.0,6.6251,6.625,6.625,6.625,6.625,12
2024-05-10 17:29:00,2040.0,6.6267,6.63,6.625,6.63,6.625,21
2024-05-10 17:30:00,314.0,6.6248,6.625,6.625,6.625,6.625,11
2024-05-10 17:31:00,2996.0,6.6283,6.625,6.63,6.63,6.625,23
2024-05-10 17:32:00,645.0,6.6292,6.63,6.625,6.63,6.625,16
2024-05-10 17:33:00,339.0,6.6258,6.625,6.625,6.625,6.625,14
2024-05-10 17:34:00,890.0,6.6293,6.63,6.625,6.63,6.625,12
2024-05-10 17:36:00,5001.0,6.6327,6.63,6.635,6.64,6.63,62
2024-05-10 17:37:00,219.0,6.6399,6.64,6.64,6.64,6.64,9
2024-05-10 17:38:00,1059.0,6.6379,6.635,6.635,6.64,6.635,16
2024-05-10 17:39:00,607.0,6.6351,6.635,6.635,6.635,6.635,12
2024-05-10 17:40:00,635.0,6.6351,6.635,6.635,6.635,6.635,14
2024-05-10 17:41:00,628.0,6.6375,6.635,6.635,6.64,6.635,12
2024-05-10 17:42:00,331.0,6.6352,6.635,6.635,6.635,6.635,11
2024-05-10 17:43:00,2835.0,6.6391,6.635,6.64,6.64,6.635,28
2024-05-10 17:44:00,912.0,6.6399,6.64,6.64,6.64,6.64,12
2024-05-10 17:45:00,4889.0,6.6394,6.64,6.635,6.64,6.6325,37
2024-05-10 17:46:00,1831.0,6.6376,6.64,6.635,6.64,6.635,14
2024-05-10 17:47:00,2775.0,6.6343,6.64,6.635,6.64,6.63,30
2024-05-10 17:48:00,412.0,6.6326,6.635,6.63,6.635,6.63,13
2024-05-10 17:49:00,1033.0,6.6351,6.635,6.635,6.635,6.635,14
2024-05-10 17:50:00,3532.0,6.6343,6.635,6.635,6.635,6.63,50
2024-05-10 17:51:00,826.0,6.635,6.635,6.635,6.635,6.635,7
2024-05-10 17:52:00,109.0,6.6304,6.63,6.63,6.63,6.63,6
2024-05-10 17:53:00,1712.0,6.6335,6.635,6.635,6.635,6.63,21
2024-05-10 17:54:00,3016.0,6.6342,6.635,6.635,6.635,6.63,21
2024-05-10 17:55:00,264.0,6.6349,6.635,6.635,6.635,6.635,10
2024-05-10 17:56:00,1705.0,6.6349,6.635,6.635,6.64,6.635,10
2024-05-10 17:57:00,17525.0,6.6293,6.635,6.625,6.635,6.62,74
2024-05-10 17:58:00,680.0,6.6243,6.625,6.62,6.625,6.62,18
2024-05-10 17:59:00,514.0,6.6249,6.625,6.625,6.625,6.625,13
2024-05-10 18:00:00,270.0,6.6213,6.62,6.62,6.62,6.62,10
2024-05-10 18:01:00,164.0,6.6212,6.62,6.62,6.62,6.62,7
2024-05-10 18:02:00,11623.0,6.6173,6.62,6.615,6.62,6.61,85
2024-05-10 18:03:00,4738.0,6.6158,6.615,6.615,6.62,6.615,41
2024-05-10 18:04:00,825.0,6.615,6.615,6.615,6.615,6.615,10
2024-05-10 18:05:00,592.0,6.6173,6.615,6.62,6.62,6.615,16
2024-05-10 18:06:00,135.0,6.6161,6.615,6.615,6.615,6.615,11
2024-05-10 18:07:00,789.0,6.6149,6.615,6.615,6.615,6.615,19
2024-05-10 18:08:00,588.0,6.6154,6.615,6.615,6.615,6.615,18
2024-05-10 18:09:00,5241.0,6.6199,6.615,6.62,6.62,6.615,56
2024-05-10 18:10:00,798.0,6.6257,6.625,6.63,6.63,6.62,20
2024-05-10 18:11:00,310.0,6.6282,6.625,6.63,6.63,6.625,10
2024-05-10 18:12:00,986.0,6.6277,6.63,6.63,6.63,6.63,22
2024-05-10 18:13:00,539.0,6.6295,6.63,6.63,6.63,6.63,18
2024-05-10 18:14:00,2674.0,6.6296,6.63,6.625,6.63,6.625,16
2024-05-10 18:15:00,8606.0,6.6295,6.63,6.63,6.635,6.625,64
2024-05-10 18:16:00,468.0,6.63,6.63,6.63,6.63,6.63,15
2024-05-10 18:17:00,1247.0,6.63,6.63,6.63,6.63,6.63,21
2024-05-10 18:18:00,923.0,6.6297,6.63,6.63,6.63,6.63,20
2024-05-10 18:19:00,2647.0,6.6296,6.63,6.63,6.63,6.625,38
2024-05-10 18:20:00,655.0,6.6298,6.63,6.63,6.63,6.63,21
2024-05-10 18:21:00,1149.0,6.63,6.63,6.63,6.63,6.63,23
2024-05-10 18:22:00,1495.0,6.6297,6.63,6.63,6.63,6.63,23
2024-05-10 18:23:00,1514.0,6.6298,6.63,6.63,6.63,6.63,24
2024-05-10 18:24:00,735.0,6.63,6.63,6.63,6.63,6.63,14
2024-05-10 18:25:00,3461.0,6.6252,6.63,6.625,6.63,6.62,37
2024-05-10 18:26:00,686.0,6.6254,6.625,6.625,6.625,6.625,15
2024-05-10 18:27:00,1070.0,6.63,6.63,6.63,6.63,6.63,14
2024-05-10 18:28:00,820.0,6.6297,6.63,6.63,6.63,6.63,16
2024-05-10 18:29:00,2577.0,6.6282,6.625,6.625,6.63,6.625,23
2024-05-10 18:30:00,321.0,6.6288,6.63,6.63,6.63,6.63,19
2024-05-10 18:31:00,175.0,6.6284,6.63,6.63,6.63,6.63,17
2024-05-10 18:32:00,331.0,6.6252,6.625,6.625,6.625,6.625,13
2024-05-10 18:33:00,2114.0,6.6264,6.625,6.625,6.625,6.625,19
2024-05-10 18:34:00,1930.0,6.6243,6.63,6.625,6.63,6.62,27
2024-05-10 18:35:00,1926.0,6.6244,6.625,6.625,6.625,6.62,26
2024-05-10 18:36:00,1156.0,6.6268,6.625,6.625,6.63,6.625,23
2024-05-10 18:37:00,271.0,6.6251,6.625,6.625,6.625,6.625,13
2024-05-10 18:38:00,15771.0,6.6296,6.625,6.625,6.635,6.62,125
2024-05-10 18:39:00,822.0,6.6294,6.63,6.63,6.63,6.625,19
2024-05-10 18:40:00,2225.0,6.6293,6.625,6.63,6.63,6.625,23
2024-05-10 18:41:00,1929.0,6.6281,6.625,6.63,6.63,6.625,19
2024-05-10 18:42:00,1893.0,6.6271,6.63,6.63,6.63,6.6201,23
2024-05-10 18:43:00,1729.0,6.6298,6.63,6.63,6.63,6.63,21
2024-05-10 18:44:00,1571.0,6.6281,6.63,6.625,6.63,6.625,17
2024-05-10 18:45:00,1377.0,6.6299,6.63,6.63,6.63,6.63,21
2024-05-10 18:46:00,636.0,6.6299,6.63,6.63,6.63,6.63,15
2024-05-10 18:47:00,1233.0,6.6296,6.63,6.63,6.63,6.625,13
2024-05-10 18:48:00,1291.0,6.6293,6.63,6.625,6.63,6.625,21
2024-05-10 18:49:00,803.0,6.63,6.63,6.63,6.63,6.63,13
2024-05-10 18:50:00,1012.0,6.6299,6.63,6.63,6.63,6.63,16
2024-05-10 18:51:00,1960.0,6.6303,6.63,6.635,6.635,6.63,36
2024-05-10 18:52:00,9444.0,6.6297,6.635,6.625,6.635,6.625,49
2024-05-10 18:53:00,226.0,6.6251,6.625,6.625,6.625,6.625,16
2024-05-10 18:54:00,1773.0,6.6284,6.625,6.63,6.63,6.625,19
2024-05-10 18:55:00,520.0,6.63,6.63,6.63,6.63,6.63,15
2024-05-10 18:56:00,3113.0,6.6294,6.63,6.625,6.63,6.625,24
2024-05-10 18:57:00,759.0,6.6287,6.63,6.625,6.63,6.625,20
2024-05-10 18:58:00,1957.0,6.6293,6.63,6.625,6.63,6.625,25
2024-05-10 18:59:00,904.0,6.6283,6.625,6.63,6.63,6.625,17
2024-05-10 19:00:00,2353.0,6.6285,6.625,6.63,6.63,6.625,29
2024-05-10 19:01:00,1457.0,6.6271,6.625,6.63,6.63,6.625,12
2024-05-10 19:02:00,830.0,6.6257,6.625,6.625,6.625,6.625,19
2024-05-10 19:03:00,1756.0,6.6257,6.625,6.6275,6.63,6.625,18
2024-05-10 19:04:00,3051.0,6.6259,6.625,6.625,6.63,6.625,15
2024-05-10 19:05:00,3510.0,6.6243,6.625,6.625,6.625,6.62,39
2024-05-10 19:07:00,792.0,6.623,6.625,6.62,6.63,6.62,16
2024-05-10 19:08:00,3557.0,6.6261,6.62,6.625,6.63,6.62,32
2024-05-10 19:09:00,2506.0,6.626,6.6265,6.63,6.63,6.62,23
2024-05-10 19:10:00,1003.0,6.6256,6.625,6.625,6.63,6.625,22
2024-05-10 19:11:00,2488.0,6.6259,6.625,6.625,6.63,6.625,21
2024-05-10 19:12:00,785.0,6.6251,6.625,6.625,6.625,6.625,16
2024-05-10 19:13:00,11805.0,6.6228,6.625,6.62,6.63,6.62,30
2024-05-10 19:14:00,720.0,6.6254,6.6275,6.625,6.6275,6.625,10
2024-05-10 19:15:00,1441.0,6.6235,6.6205,6.625,6.625,6.62,16
2024-05-10 19:16:00,2407.0,6.6242,6.625,6.62,6.6275,6.62,22
2024-05-10 19:17:00,3522.0,6.6216,6.62,6.62,6.625,6.62,35
2024-05-10 19:18:00,882.0,6.6222,6.625,6.625,6.625,6.62,15
2024-05-10 19:19:00,5121.0,6.6249,6.625,6.62,6.63,6.62,32
2024-05-10 19:20:00,1247.0,6.6248,6.625,6.63,6.63,6.625,20
2024-05-10 19:21:00,4239.0,6.6255,6.625,6.625,6.63,6.625,17
2024-05-10 19:22:00,1255.0,6.625,6.625,6.625,6.625,6.625,14
2024-05-10 19:23:00,890.0,6.6251,6.625,6.625,6.625,6.625,20
2024-05-10 19:24:00,1053.0,6.6245,6.625,6.625,6.625,6.62,15
2024-05-10 19:25:00,2307.0,6.6249,6.625,6.625,6.625,6.625,29
2024-05-10 19:26:00,3431.0,6.6235,6.625,6.625,6.625,6.62,33
2024-05-10 19:27:00,3705.0,6.6248,6.625,6.625,6.625,6.62,24
2024-05-10 19:28:00,1242.0,6.6245,6.625,6.625,6.625,6.62,19
2024-05-10 19:29:00,703.0,6.6235,6.625,6.62,6.625,6.62,20
2024-05-10 19:30:00,9202.0,6.6241,6.625,6.62,6.625,6.62,53
2024-05-10 19:31:00,456.0,6.6241,6.625,6.625,6.625,6.625,15
2024-05-10 19:32:00,2243.0,6.6217,6.62,6.625,6.625,6.62,34
2024-05-10 19:33:00,2252.0,6.6214,6.625,6.62,6.625,6.62,37
2024-05-10 19:34:00,2549.0,6.6244,6.625,6.625,6.625,6.62,36
2024-05-10 19:35:00,84506.0,6.613,6.625,6.605,6.625,6.6,424
2024-05-10 19:36:00,4781.0,6.6088,6.6,6.605,6.61,6.6,40
2024-05-10 19:37:00,44439.0,6.6095,6.61,6.61,6.61,6.605,153
2024-05-10 19:38:00,554.0,6.6148,6.615,6.615,6.615,6.615,9
2024-05-10 19:39:00,2823.0,6.6123,6.6119,6.6103,6.615,6.61,19
2024-05-10 19:40:00,1876.0,6.6119,6.615,6.61,6.615,6.61,24
2024-05-10 19:41:00,4310.0,6.6117,6.61,6.61,6.615,6.61,37
2024-05-10 19:42:00,25420.0,6.609,6.615,6.6,6.615,6.6,115
2024-05-10 19:43:00,2488.0,6.6039,6.605,6.605,6.605,6.6,22
2024-05-10 19:44:00,2539.0,6.603,6.605,6.605,6.605,6.6,26
2024-05-10 19:45:00,3113.0,6.605,6.6,6.605,6.605,6.6,46
2024-05-10 19:46:00,14603.0,6.6069,6.605,6.605,6.61,6.605,101
2024-05-10 19:47:00,11185.0,6.6021,6.605,6.6,6.605,6.6,74
2024-05-10 19:48:00,654.0,6.6025,6.605,6.6,6.605,6.6,15
2024-05-10 19:49:00,40306.0,6.6084,6.6,6.615,6.615,6.6,187
2024-05-10 19:50:00,4004.0,6.6152,6.62,6.615,6.62,6.615,39
2024-05-10 19:51:00,4901.0,6.6124,6.615,6.615,6.615,6.615,47
2024-05-10 19:52:00,28578.0,6.6182,6.615,6.615,6.62,6.615,133
2024-05-10 19:53:00,8772.0,6.6206,6.615,6.625,6.625,6.615,67
2024-05-10 19:54:00,4543.0,6.6249,6.625,6.625,6.625,6.625,29
2024-05-10 19:55:00,10475.0,6.6233,6.625,6.62,6.63,6.62,64
2024-05-10 19:56:00,10949.0,6.6238,6.62,6.62,6.625,6.62,72
2024-05-10 19:57:00,10789.0,6.6248,6.625,6.625,6.625,6.62,77
2024-05-10 19:58:00,34497.0,6.623,6.625,6.625,6.63,6.62,179
2024-05-10 19:59:00,88065.0,6.6212,6.625,6.61,6.63,6.61,472
2024-05-10 20:00:00,56551.0,6.62,6.62,6.62,6.62,6.62,19
