t,v,vw,o,c,h,l,n
2023-05-17 09:22:00,250,0.49,0.49,0.49,0.49,0.49,1
2023-05-17 10:33:00,100,0.4997,0.4997,0.4997,0.4997,0.4997,1
2023-05-17 11:59:00,1000,0.4997,0.4997,0.4997,0.4997,0.4997,4
2023-05-17 12:00:00,6101,0.5015,0.5,0.4997,0.51,0.4997,9
2023-05-17 12:01:00,136,0.51,0.51,0.51,0.51,0.51,2
2023-05-17 12:09:00,300,0.4986,0.4997,0.4977,0.4997,0.4977,3
2023-05-17 12:13:00,200,0.51,0.51,0.51,0.51,0.51,1
2023-05-17 12:24:00,1524,0.51,0.51,0.51,0.51,0.51,2
2023-05-17 12:26:00,3385,0.4995,0.4977,0.5099,0.5099,0.4977,2
2023-05-17 12:29:00,328,0.51,0.51,0.51,0.51,0.51,2
2023-05-17 12:50:00,9302,0.5097,0.5097,0.5097,0.5097,0.5097,2
2023-05-17 12:58:00,2000,0.4997,0.4997,0.4997,0.4997,0.4997,1
2023-05-17 13:06:00,200,0.505,0.505,0.505,0.505,0.505,1
2023-05-17 13:19:00,203,0.4998,0.4997,0.4997,0.4997,0.4997,3
2023-05-17 13:30:00,17678,0.4978,0.4978,0.4977,0.4987,0.4977,6
2023-05-17 13:32:00,550,0.4995,0.499599,0.499599,0.499599,0.499599,2
2023-05-17 13:34:00,400,0.4983,0.498338,0.498338,0.498338,0.498338,1
2023-05-17 13:35:00,207,0.4978,0.4978,0.4978,0.4978,0.4978,4
2023-05-17 13:37:00,3522,0.4981,0.497901,0.4978,0.4997,0.4978,8
2023-05-17 13:38:00,5050,0.4993,0.4997,0.4978,0.4997,0.4978,10
2023-05-17 13:39:00,15327,0.4995,0.4996,0.4979,0.5,0.4979,98
2023-05-17 13:40:00,344895,0.501,0.4997,0.492301,0.51,0.4851,546
2023-05-17 13:41:00,53354,0.4769,0.485,0.475,0.4851,0.47,94
2023-05-17 13:42:00,25032,0.4694,0.4799,0.4697,0.4799,0.4631,45
2023-05-17 13:43:00,19337,0.4694,0.4697,0.4698,0.4698,0.463,64
2023-05-17 13:44:00,21161,0.4663,0.4688,0.4658,0.4698,0.4658,29
2023-05-17 13:45:00,3582,0.468,0.4681,0.4678,0.469459,0.4659,16
2023-05-17 13:46:00,33212,0.4689,0.4698,0.468,0.4698,0.4659,69
2023-05-17 13:47:00,7741,0.4681,0.4678,0.4689,0.4698,0.4666,14
2023-05-17 13:48:00,1200,0.4685,0.4689,0.4688,0.4689,0.4681,8
2023-05-17 13:49:00,28647,0.4681,0.4681,0.4681,0.4681,0.468,43
2023-05-17 13:50:00,35380,0.4672,0.468,0.4658,0.468,0.4658,21
2023-05-17 13:51:00,121659,0.4547,0.4658,0.4512,0.4658,0.451,120
2023-05-17 13:52:00,43328,0.4528,0.4526,0.4536,0.4547,0.4525,28
2023-05-17 13:53:00,6863,0.4544,0.4547,0.4541,0.455,0.454,31
2023-05-17 13:54:00,20750,0.4547,0.4547,0.4547,0.4547,0.4543,24
2023-05-17 13:55:00,16172,0.4547,0.4546,0.4547,0.4547,0.4546,89
2023-05-17 13:56:00,30022,0.4527,0.4547,0.4538,0.4547,0.4513,34
2023-05-17 13:57:00,5825,0.4524,0.4536,0.4513,0.45435,0.4513,16
2023-05-17 13:58:00,16774,0.4511,0.4513,0.4511,0.4513,0.451,15
2023-05-17 13:59:00,54986,0.4503,0.4511,0.45,0.4511,0.45,107
2023-05-17 14:00:00,302654,0.45,0.4502,0.4504,0.4504,0.45,58
2023-05-17 14:01:00,15915,0.4502,0.4504,0.45,0.4506,0.45,9
2023-05-17 14:02:00,2555,0.4505,0.4504,0.4502,0.4506,0.4502,17
2023-05-17 14:03:00,18830,0.4505,0.4505,0.4505,0.4506,0.4503,67
2023-05-17 14:04:00,3788,0.4506,0.4505,0.4506,0.4506,0.4505,9
2023-05-17 14:05:00,3451,0.4506,0.4506,0.4506,0.4506,0.4505,8
2023-05-17 14:06:00,9115,0.4507,0.4505,0.4507,0.4582,0.4505,47
2023-05-17 14:07:00,450,0.453,0.451,0.4546,0.4546,0.451,2
2023-05-17 14:08:00,1003,0.4567,0.4541,0.4582,0.4582,0.4541,7
2023-05-17 14:09:00,2221,0.4596,0.4582,0.45975,0.46,0.4582,10
2023-05-17 14:10:00,3059,0.4599,0.4598,0.4597,0.46,0.4595,16
2023-05-17 14:11:00,101,0.46,0.46,0.46,0.46,0.46,2
2023-05-17 14:12:00,10600,0.4591,0.459899,0.4591,0.4599,0.4591,3
2023-05-17 14:13:00,2868,0.46,0.46,0.4599,0.46,0.4599,2
2023-05-17 14:14:00,150,0.4594,0.4591,0.4591,0.4591,0.4591,2
2023-05-17 14:15:00,1100,0.4592,0.4591,0.46,0.46,0.4591,2
2023-05-17 14:16:00,1238,0.4598,0.4582,0.4599,0.46,0.4582,4
2023-05-17 14:17:00,1145,0.4598,0.459899,0.4591,0.459899,0.4591,3
2023-05-17 14:18:00,40860,0.4593,0.459099,0.46,0.46,0.459099,17
2023-05-17 14:19:00,1543,0.4657,0.4663,0.4655,0.4663,0.4655,4
2023-05-17 14:20:00,1438,0.4635,0.462751,0.4655,0.4655,0.462751,5
2023-05-17 14:21:00,5600,0.4631,0.4655,0.4628,0.4655,0.4628,3
2023-05-17 14:22:00,750,0.4642,0.4655,0.4628,0.4655,0.4628,4
2023-05-17 14:23:00,629,0.4654,0.465499,0.4655,0.4655,0.465499,3
2023-05-17 14:24:00,15815,0.4655,0.4655,0.4655,0.4655,0.464,9
2023-05-17 14:25:00,3601,0.4654,0.4654,0.4654,0.4654,0.4654,2
2023-05-17 14:26:00,76793,0.4601,0.465399,0.45745,0.4654,0.45745,17
2023-05-17 14:27:00,2070,0.4551,0.4566,0.455,0.4566,0.455,6
2023-05-17 14:28:00,1470,0.4571,0.4567,0.45719,0.45719,0.4567,3
2023-05-17 14:29:00,9793,0.457,0.457,0.4567,0.4572,0.4567,37
2023-05-17 14:30:00,531,0.4571,0.4572,0.4572,0.4572,0.456949,5
2023-05-17 14:31:00,6264,0.4571,0.4568,0.4571,0.4572,0.4568,39
2023-05-17 14:32:00,500,0.459,0.4572,0.4598,0.4599,0.4572,5
2023-05-17 14:33:00,505,0.4568,0.45675,0.4568,0.4568,0.45675,4
2023-05-17 14:34:00,6135,0.4561,0.456,0.456,0.4561,0.456,8
2023-05-17 14:35:00,2090,0.4561,0.4561,0.4561,0.4561,0.4561,3
2023-05-17 14:36:00,7081,0.4558,0.456,0.455799,0.456,0.4549,21
2023-05-17 14:37:00,794,0.4556,0.4558,0.4554,0.4559,0.4554,5
2023-05-17 14:38:00,100,0.4559,0.4559,0.4559,0.4559,0.4559,1
2023-05-17 14:39:00,197,0.4559,0.4559,0.4559,0.4559,0.4559,1
2023-05-17 14:40:00,2100,0.4557,0.4556,0.4558,0.4558,0.4556,7
2023-05-17 14:41:00,375,0.4558,0.4559,0.4558,0.4559,0.4558,5
2023-05-17 14:42:00,10054,0.4551,0.455601,0.4548,0.4561,0.4548,21
2023-05-17 14:43:00,119,0.4534,0.4534,0.4534,0.4534,0.4534,4
2023-05-17 14:44:00,550,0.4547,0.4547,0.4547,0.4547,0.4547,3
2023-05-17 14:48:00,553,0.4546,0.4548,0.4538,0.4548,0.4538,2
2023-05-17 14:49:00,10059,0.4545,0.4539,0.4546,0.4547,0.4539,25
2023-05-17 14:50:00,394,0.4546,0.4546,0.4546,0.4546,0.4546,3
2023-05-17 14:51:00,2244,0.4545,0.4547,0.454,0.4547,0.454,5
2023-05-17 14:52:00,430,0.4541,0.454,0.4541,0.4541,0.454,2
2023-05-17 14:53:00,110,0.4542,0.4541,0.4541,0.4541,0.4541,2
2023-05-17 14:54:00,1297,0.4542,0.4548,0.4541,0.4548,0.4541,7
2023-05-17 14:55:00,480,0.4542,0.4542,0.4541,0.4542,0.4541,4
2023-05-17 14:56:00,700,0.4542,0.4542,0.454196,0.4542,0.4541,9
2023-05-17 14:57:00,1214,0.4542,0.4542,0.4542,0.4542,0.4542,7
2023-05-17 14:58:00,844,0.4542,0.4542,0.4542,0.4542,0.4542,4
2023-05-17 14:59:00,5299,0.4542,0.4542,0.4541,0.456,0.454,26
2023-05-17 15:00:00,5000,0.4541,0.4541,0.4541,0.4541,0.4541,2
2023-05-17 15:01:00,1141,0.454,0.4541,0.454,0.4541,0.454,4
2023-05-17 15:02:00,1022,0.4531,0.4531,0.4531,0.4531,0.4531,3
2023-05-17 15:04:00,530,0.4531,0.4531,0.4531,0.4531,0.4531,2
2023-05-17 15:05:00,200,0.4531,0.4531,0.4531,0.4531,0.4531,1
2023-05-17 15:06:00,425,0.453,0.453,0.453,0.453,0.453,4
2023-05-17 15:07:00,100,0.4531,0.4531,0.4531,0.4531,0.4531,1
2023-05-17 15:09:00,276,0.4531,0.4531,0.4531,0.4531,0.4531,4
2023-05-17 15:10:00,1639,0.4531,0.4531,0.4531,0.4531,0.453,5
2023-05-17 15:11:00,6281,0.4531,0.4531,0.453096,0.4531,0.453096,7
2023-05-17 15:12:00,502,0.4531,0.4531,0.4531,0.4531,0.4531,2
2023-05-17 15:13:00,5100,0.4531,0.453,0.4531,0.4531,0.453,5
2023-05-17 15:14:00,18192,0.4531,0.45305,0.453098,0.4531,0.45305,8
2023-05-17 15:15:00,11750,0.4531,0.4531,0.4531,0.4531,0.4531,5
2023-05-17 15:16:00,20500,0.4529,0.4531,0.453,0.4531,0.4524,25
2023-05-17 15:17:00,5000,0.4525,0.4525,0.4525,0.4525,0.4525,1
2023-05-17 15:18:00,1002,0.4525,0.4525,0.4525,0.4525,0.4525,2
2023-05-17 15:19:00,11344,0.4525,0.4525,0.4525,0.4525,0.45245,14
2023-05-17 15:20:00,230,0.4525,0.4525,0.4525,0.4525,0.4525,3
2023-05-17 15:21:00,2089,0.4525,0.4524,0.4524,0.4525,0.4524,8
2023-05-17 15:22:00,7112,0.4525,0.4525,0.4525,0.4525,0.4525,5
2023-05-17 15:23:00,9955,0.4525,0.4525,0.4525,0.4525,0.4525,6
2023-05-17 15:24:00,2075,0.4525,0.452499,0.452499,0.452499,0.452499,2
2023-05-17 15:25:00,14389,0.4525,0.4525,0.4525,0.4525,0.4524,4
2023-05-17 15:27:00,361,0.4524,0.4525,0.4524,0.4525,0.4524,3
2023-05-17 15:28:00,6028,0.4525,0.45245,0.4525,0.4526,0.45245,25
2023-05-17 15:29:00,510,0.4525,0.452499,0.452499,0.452499,0.452499,2
2023-05-17 15:30:00,2487,0.4525,0.4525,0.4525,0.4525,0.452498,5
2023-05-17 15:31:00,9699,0.4525,0.4525,0.4525,0.4525,0.452478,23
2023-05-17 15:34:00,1000,0.4525,0.4525,0.452498,0.4525,0.452498,2
2023-05-17 15:35:00,236,0.4525,0.4525,0.4525,0.4525,0.4525,2
2023-05-17 15:36:00,1050,0.4525,0.4525,0.4525,0.4525,0.4525,2
2023-05-17 15:37:00,600,0.4525,0.4525,0.4525,0.4525,0.4525,1
2023-05-17 15:38:00,1235,0.4525,0.4525,0.4524,0.4525,0.4524,4
2023-05-17 15:39:00,1014,0.4525,0.4525,0.4525,0.4525,0.4525,3
2023-05-17 15:41:00,1004,0.4525,0.4525,0.4525,0.4525,0.4525,2
2023-05-17 15:42:00,1038,0.4525,0.4525,0.4525,0.4525,0.4525,7
2023-05-17 15:43:00,200,0.4524,0.4524,0.4524,0.4524,0.4524,1
2023-05-17 15:44:00,4146,0.4525,0.4525,0.4525,0.4525,0.452478,15
2023-05-17 15:45:00,6950,0.4525,0.4525,0.4525,0.4525,0.4525,12
2023-05-17 15:46:00,5114,0.4525,0.4525,0.4525,0.4525,0.4525,10
2023-05-17 15:48:00,105,0.4525,0.4525,0.4525,0.4525,0.4525,2
2023-05-17 15:51:00,4987,0.4525,0.4525,0.452498,0.4525,0.452498,4
2023-05-17 15:53:00,3569,0.4525,0.4525,0.4525,0.4525,0.4525,8
2023-05-17 15:54:00,1552,0.4525,0.4525,0.4525,0.4525,0.4525,8
2023-05-17 15:55:00,209,0.4524,0.4525,0.4525,0.4525,0.4525,4
2023-05-17 15:56:00,500,0.4525,0.4525,0.4525,0.4525,0.4525,1
2023-05-17 15:57:00,1620,0.4525,0.4525,0.45245,0.4525,0.45245,3
2023-05-17 15:59:00,500,0.4525,0.4525,0.4525,0.4525,0.4525,2
2023-05-17 16:01:00,1875,0.4525,0.4524,0.4525,0.4525,0.4524,3
2023-05-17 16:02:00,2300,0.4525,0.45245,0.4525,0.4525,0.45245,4
2023-05-17 16:03:00,4040,0.4525,0.4525,0.4525,0.4525,0.452453,22
2023-05-17 16:05:00,3783,0.4525,0.4525,0.4525,0.4526,0.4524,19
2023-05-17 16:07:00,346,0.4525,0.4525,0.4525,0.4525,0.4525,5
2023-05-17 16:08:00,10077,0.4525,0.4525,0.4525,0.4525,0.4525,22
2023-05-17 16:09:00,8404,0.4525,0.4525,0.4526,0.4526,0.4525,20
2023-05-17 16:10:00,613,0.4525,0.4525,0.4525,0.4525,0.4525,6
2023-05-17 16:11:00,1456,0.4525,0.4525,0.4525,0.4525,0.4525,6
2023-05-17 16:12:00,200,0.4525,0.4525,0.4525,0.4525,0.4525,2
2023-05-17 16:14:00,2105,0.4525,0.4525,0.4525,0.4525,0.4525,4
2023-05-17 16:15:00,1981,0.4525,0.4525,0.4525,0.4525,0.452496,9
2023-05-17 16:16:00,1000,0.4525,0.4525,0.4525,0.4525,0.4525,1
2023-05-17 16:17:00,1560,0.4525,0.4524,0.4525,0.4525,0.4524,3
2023-05-17 16:18:00,2400,0.4525,0.4525,0.452478,0.4525,0.452478,9
2023-05-17 16:20:00,209,0.4525,0.4525,0.452478,0.4525,0.452478,3
2023-05-17 16:23:00,306,0.4525,0.4525,0.4525,0.4525,0.4525,6
2023-05-17 16:25:00,50200,0.4524,0.4525,0.4524,0.4525,0.4524,16
2023-05-17 16:26:00,9139,0.4541,0.4525,0.45615,0.4599,0.4525,28
2023-05-17 16:28:00,79482,0.4508,0.453,0.45,0.453,0.45,78
2023-05-17 16:29:00,13153,0.4502,0.4501,0.45,0.4599,0.45,7
2023-05-17 16:30:00,41480,0.4496,0.45,0.4499,0.45,0.445,35
2023-05-17 16:31:00,1523,0.449,0.4498,0.447449,0.4498,0.447449,4
2023-05-17 16:32:00,1000,0.445,0.445,0.445,0.445,0.445,1
2023-05-17 16:33:00,9796,0.4476,0.4475,0.4487,0.4498,0.4475,11
2023-05-17 16:34:00,830,0.4487,0.448699,0.4487,0.4487,0.448699,3
2023-05-17 16:35:00,771,0.4498,0.4499,0.449449,0.4499,0.449449,3
2023-05-17 16:37:00,68698,0.449,0.449449,0.4489,0.449449,0.4488,20
2023-05-17 16:38:00,6502,0.4485,0.4488,0.447601,0.4488,0.4475,3
2023-05-17 16:39:00,206,0.4488,0.4488,0.4488,0.4488,0.4488,2
2023-05-17 16:40:00,13283,0.4477,0.4488,0.44695,0.4489,0.446949,46
2023-05-17 16:41:00,14505,0.4483,0.4451,0.4488,0.4489,0.4451,21
2023-05-17 16:43:00,148,0.4453,0.445,0.445,0.445,0.445,2
2023-05-17 16:44:00,2700,0.4451,0.4451,0.4451,0.4451,0.445,17
2023-05-17 16:45:00,1000,0.445,0.445,0.445,0.445,0.445,5
2023-05-17 16:46:00,275,0.445,0.445,0.445,0.445,0.445,4
2023-05-17 16:47:00,997,0.4451,0.4451,0.4451,0.4451,0.4451,6
2023-05-17 16:49:00,7516,0.4451,0.44509,0.4451,0.4451,0.44509,3
2023-05-17 16:50:00,2279,0.4451,0.4451,0.4451,0.4451,0.4451,3
2023-05-17 16:51:00,480,0.4451,0.4451,0.4451,0.4451,0.4451,6
2023-05-17 16:52:00,980,0.445,0.44505,0.445,0.44505,0.445,6
2023-05-17 16:53:00,1035,0.4451,0.4451,0.4451,0.4451,0.4451,2
2023-05-17 16:54:00,4140,0.4451,0.4451,0.4451,0.4452,0.4451,12
2023-05-17 16:55:00,1160,0.4451,0.4451,0.4451,0.4451,0.4451,4
2023-05-17 16:56:00,675,0.4451,0.4451,0.4451,0.4451,0.4451,4
2023-05-17 16:57:00,900,0.4451,0.44505,0.44505,0.4451,0.44505,7
2023-05-17 16:58:00,1396,0.445,0.445,0.445,0.445,0.445,1
2023-05-17 16:59:00,1150,0.4451,0.4451,0.4451,0.4452,0.4451,7
2023-05-17 17:00:00,240,0.4451,0.4451,0.4451,0.4451,0.4451,2
2023-05-17 17:02:00,635,0.4451,0.4451,0.44505,0.4451,0.44505,2
2023-05-17 17:03:00,1010,0.4451,0.4451,0.4451,0.4451,0.4451,2
2023-05-17 17:06:00,1969,0.4451,0.4451,0.4451,0.4451,0.445,7
2023-05-17 17:07:00,952,0.4451,0.4451,0.4451,0.4451,0.4451,12
2023-05-17 17:08:00,3981,0.4451,0.445,0.4451,0.4452,0.445,17
2023-05-17 17:09:00,5130,0.4451,0.4451,0.4451,0.4451,0.4451,12
2023-05-17 17:10:00,2059,0.4451,0.4451,0.4451,0.4451,0.445098,12
2023-05-17 17:11:00,1074,0.445,0.445001,0.445001,0.445001,0.445001,3
2023-05-17 17:12:00,8800,0.4467,0.4451,0.447951,0.4489,0.4451,12
2023-05-17 17:13:00,4000,0.4489,0.4489,0.4489,0.4489,0.4489,1
2023-05-17 17:14:00,606,0.4488,0.4488,0.4488,0.4488,0.4488,3
2023-05-17 17:15:00,300,0.4489,0.4489,0.4489,0.4489,0.4489,2
2023-05-17 17:16:00,17790,0.4489,0.4489,0.4489,0.4489,0.448899,18
2023-05-17 17:17:00,25183,0.449,0.4489,0.449,0.449,0.4488,50
2023-05-17 17:19:00,37487,0.449,0.449,0.4507,0.4507,0.449,13
2023-05-17 17:21:00,17609,0.4561,0.453,0.456699,0.4572,0.453,77
2023-05-17 17:22:00,1600,0.4608,0.4608,0.4608,0.4608,0.4608,4
2023-05-17 17:23:00,9416,0.4499,0.4567,0.4463,0.4608,0.4463,17
2023-05-17 17:25:00,4000,0.46,0.46,0.46,0.46,0.46,1
2023-05-17 17:26:00,224,0.4615,0.4648,0.45745,0.4648,0.45745,8
2023-05-17 17:27:00,205,0.4625,0.46245,0.46245,0.46245,0.46245,6
2023-05-17 17:28:00,5805,0.4598,0.46,0.45505,0.46,0.45505,8
2023-05-17 17:30:00,3652,0.4601,0.4601,0.46,0.4601,0.46,8
2023-05-17 17:31:00,13855,0.4601,0.46,0.4606,0.4606,0.46,8
2023-05-17 17:32:00,16098,0.4603,0.46055,0.4601,0.4606,0.46,13
2023-05-17 17:35:00,4000,0.4605,0.4605,0.4605,0.4605,0.4605,1
2023-05-17 17:36:00,493,0.4604,0.4604,0.4604,0.4604,0.4604,6
2023-05-17 17:37:00,4000,0.4605,0.4605,0.4605,0.4605,0.4605,2
2023-05-17 17:40:00,135,0.4606,0.4606,0.4606,0.4606,0.4606,2
2023-05-17 17:41:00,1000,0.4602,0.4605,0.46,0.4605,0.46,9
2023-05-17 17:42:00,301,0.4605,0.4605,0.4606,0.4606,0.4605,3
2023-05-17 17:44:00,1056,0.4603,0.4603,0.4603,0.4603,0.4603,11
2023-05-17 17:45:00,6550,0.4604,0.46,0.46045,0.4605,0.46,12
2023-05-17 17:46:00,152,0.4606,0.4606,0.4606,0.4606,0.4606,2
2023-05-17 17:47:00,1326,0.4606,0.4606,0.4606,0.4606,0.4606,4
2023-05-17 17:48:00,1642,0.4606,0.4606,0.4606,0.4606,0.4606,3
2023-05-17 17:49:00,6443,0.46,0.4605,0.46,0.4605,0.46,11
2023-05-17 17:50:00,710,0.4605,0.4604,0.4606,0.4606,0.4604,4
2023-05-17 17:52:00,1658,0.4607,0.4606,0.4611,0.4611,0.4606,22
2023-05-17 17:53:00,100,0.4614,0.46135,0.46135,0.46135,0.46135,1
2023-05-17 17:54:00,1783,0.4618,0.4619,0.46135,0.4619,0.4613,9
2023-05-17 17:56:00,860,0.4619,0.4619,0.4619,0.4619,0.4619,11
2023-05-17 17:57:00,125,0.4649,0.4649,0.4649,0.4649,0.4649,1
2023-05-17 17:58:00,4085,0.4649,0.464899,0.4649,0.465,0.46485,25
2023-05-17 17:59:00,11520,0.4648,0.464899,0.4649,0.4649,0.4628,5
2023-05-17 18:01:00,5044,0.4649,0.4649,0.4645,0.465,0.4641,10
2023-05-17 18:02:00,5930,0.4643,0.464899,0.4649,0.4649,0.462751,8
2023-05-17 18:03:00,6032,0.4644,0.4639,0.465,0.465,0.4639,9
2023-05-17 18:04:00,2244,0.4649,0.4649,0.4649,0.4649,0.4649,5
2023-05-17 18:05:00,400,0.4644,0.46485,0.4631,0.46489,0.4631,3
2023-05-17 18:06:00,900,0.4648,0.464799,0.464799,0.464799,0.464799,1
2023-05-17 18:07:00,192,0.4648,0.4648,0.4648,0.4648,0.4648,1
2023-05-17 18:10:00,11953,0.4652,0.4648,0.4649,0.4655,0.4648,27
2023-05-17 18:13:00,1940,0.4649,0.46485,0.4649,0.4649,0.46485,8
2023-05-17 18:15:00,5100,0.4649,0.4649,0.4649,0.4649,0.464898,24
2023-05-17 18:16:00,662,0.4649,0.4649,0.4649,0.4649,0.4649,3
2023-05-17 18:17:00,383,0.4649,0.4649,0.4649,0.4649,0.4649,5
2023-05-17 18:19:00,901,0.4649,0.4649,0.4649,0.4649,0.4649,2
2023-05-17 18:20:00,1111,0.4649,0.4649,0.4649,0.4649,0.4649,2
2023-05-17 18:21:00,4000,0.4649,0.4649,0.4649,0.4649,0.4649,1
2023-05-17 18:22:00,332,0.4649,0.46485,0.4649,0.4649,0.46485,4
2023-05-17 18:24:00,1000,0.4649,0.4649,0.4649,0.4649,0.4649,1
2023-05-17 18:27:00,340,0.4649,0.4649,0.464896,0.4649,0.464896,5
2023-05-17 18:28:00,2161,0.4649,0.4649,0.4649,0.4649,0.4649,3
2023-05-17 18:29:00,500,0.4649,0.4649,0.4649,0.4649,0.4649,1
2023-05-17 18:30:00,200,0.4649,0.4649,0.4649,0.4649,0.4649,1
2023-05-17 18:32:00,191,0.4649,0.4649,0.4649,0.4649,0.4649,2
2023-05-17 18:33:00,300,0.4649,0.4649,0.4649,0.4649,0.4649,2
2023-05-17 18:35:00,44318,0.4662,0.46485,0.4735,0.473799,0.46485,47
2023-05-17 18:37:00,25016,0.4735,0.4736,0.4735,0.4736,0.4735,11
2023-05-17 18:38:00,66962,0.47,0.4737,0.47,0.4738,0.466,20
2023-05-17 18:41:00,5168,0.4662,0.4662,0.4662,0.4662,0.4662,14
2023-05-17 18:43:00,110,0.4661,0.4661,0.4661,0.4661,0.4661,2
2023-05-17 18:44:00,200,0.4661,0.4661,0.4661,0.4661,0.4661,2
2023-05-17 18:45:00,100,0.4661,0.4661,0.4661,0.4661,0.4661,1
2023-05-17 18:47:00,5240,0.466,0.4641,0.4661,0.4661,0.4638,6
2023-05-17 18:52:00,8482,0.4657,0.464,0.4666,0.4666,0.464,29
2023-05-17 18:53:00,787,0.4666,0.4666,0.4666,0.4666,0.4666,1
2023-05-17 18:54:00,705,0.466,0.466,0.466,0.466,0.466,2
2023-05-17 18:55:00,1100,0.4663,0.4666,0.4663,0.4666,0.4663,2
2023-05-17 18:56:00,350,0.4666,0.4665,0.4666,0.4666,0.4665,3
2023-05-17 18:59:00,300,0.4666,0.4666,0.4665,0.4666,0.4665,2
2023-05-17 19:03:00,2001,0.4661,0.466,0.4661,0.4661,0.466,3
2023-05-17 19:04:00,1090,0.4663,0.4663,0.4663,0.4663,0.4663,3
2023-05-17 19:05:00,1243,0.4666,0.4666,0.4666,0.4671,0.4666,10
2023-05-17 19:07:00,200,0.4704,0.4704,0.4704,0.4704,0.4704,1
2023-05-17 19:08:00,10122,0.4701,0.4703,0.4701,0.4703,0.4701,7
2023-05-17 19:10:00,1050,0.4704,0.4704,0.4704,0.4704,0.4704,1
2023-05-17 19:11:00,22772,0.4705,0.4704,0.47035,0.4738,0.47035,29
2023-05-17 19:12:00,19603,0.4772,0.474,0.4786,0.4799,0.4739,26
2023-05-17 19:13:00,100,0.4798,0.4798,0.4798,0.4798,0.4798,1
2023-05-17 19:14:00,10359,0.4797,0.4799,0.4798,0.4799,0.4796,16
2023-05-17 19:16:00,102,0.4799,0.4799,0.4799,0.4799,0.4799,2
2023-05-17 19:17:00,200,0.4795,0.4793,0.4797,0.4797,0.4793,2
2023-05-17 19:21:00,2000,0.4799,0.4799,0.4799,0.4799,0.4799,3
2023-05-17 19:22:00,2512,0.4798,0.4798,0.4798,0.4798,0.4798,7
2023-05-17 19:23:00,209,0.4795,0.4795,0.4795,0.4795,0.4795,1
2023-05-17 19:24:00,695,0.4798,0.4799,0.4798,0.4799,0.4798,3
2023-05-17 19:25:00,100,0.4799,0.4799,0.4799,0.4799,0.4799,1
2023-05-17 19:27:00,204,0.4792,0.4786,0.4798,0.4798,0.4786,3
2023-05-17 19:30:00,252,0.4789,0.479,0.479,0.479,0.479,4
2023-05-17 19:31:00,43427,0.4683,0.4786,0.4798,0.4798,0.465,29
2023-05-17 19:35:00,404,0.4729,0.466,0.4798,0.4798,0.466,3
2023-05-17 19:36:00,1000,0.473,0.47295,0.47295,0.47295,0.47295,1
2023-05-17 19:38:00,1500,0.475,0.4798,0.472549,0.4798,0.472549,2
2023-05-17 19:39:00,209,0.4665,0.466,0.466,0.466,0.466,2
2023-05-17 19:40:00,130,0.4755,0.47799,0.47799,0.47799,0.47799,2
2023-05-17 19:42:00,1550,0.4702,0.4779,0.466,0.4779,0.466,2
2023-05-17 19:44:00,500,0.4665,0.466,0.4669,0.4669,0.466,2
2023-05-17 19:45:00,166,0.4699,0.4699,0.4699,0.4699,0.4699,2
2023-05-17 19:48:00,15484,0.4698,0.466,0.4699,0.4699,0.466,5
2023-05-17 19:50:00,100,0.4698,0.4698,0.4698,0.4698,0.4698,1
2023-05-17 19:51:00,400,0.4679,0.466,0.4698,0.4698,0.466,3
2023-05-17 19:52:00,300,0.466,0.466,0.466,0.466,0.466,2
2023-05-17 19:53:00,500,0.4699,0.469899,0.469899,0.469899,0.469899,1
2023-05-17 19:54:00,200,0.467,0.467,0.467,0.467,0.467,1
2023-05-17 19:55:00,10260,0.4699,0.469799,0.467,0.4699,0.467,5
2023-05-17 19:56:00,200,0.467,0.467,0.467,0.467,0.467,2
2023-05-17 19:57:00,1310,0.4671,0.467,0.4673,0.4673,0.467,10
2023-05-17 19:58:00,1967,0.4682,0.46815,0.4673,0.468899,0.4673,15
2023-05-17 19:59:00,3315,0.4674,0.4674,0.4674,0.4674,0.4673,15
2023-05-17 20:08:00,1060,0.4601,0.4601,0.4601,0.4601,0.4601,3
2023-05-17 20:15:00,250,0.4599,0.4599,0.4599,0.4599,0.4599,1
2023-05-17 20:18:00,100,0.4599,0.4599,0.4599,0.4599,0.4599,1
2023-05-17 20:22:00,150,0.4595,0.4595,0.4595,0.4595,0.4595,1
2023-05-17 20:26:00,135,0.4595,0.4595,0.4595,0.4595,0.4595,1
2023-05-17 20:37:00,1340,0.46,0.46,0.46,0.46,0.46,2
2023-05-17 20:40:00,100,0.46,0.46,0.46,0.46,0.46,1
2023-05-17 20:44:00,3000,0.46,0.46,0.46,0.46,0.46,2
2023-05-17 21:05:00,215,0.46,0.46,0.46,0.46,0.46,4
2023-05-17 21:13:00,215,0.46,0.46,0.46,0.46,0.46,2
2023-05-17 21:20:00,1640,0.46,0.46,0.46,0.46,0.46,1
2023-05-17 21:22:00,100,0.46,0.46,0.46,0.46,0.46,1
2023-05-17 21:26:00,232,0.4551,0.4551,0.4551,0.4551,0.4551,1
2023-05-17 21:33:00,2288,0.46,0.46,0.46,0.46,0.46,2
2023-05-17 21:38:00,100,0.464,0.464,0.464,0.464,0.464,1
2023-05-17 21:53:00,220,0.464,0.464,0.464,0.464,0.464,1
2023-05-17 22:03:00,2700,0.46,0.46,0.46,0.46,0.46,1
2023-05-17 22:15:00,192,0.456,0.4563,0.4563,0.4563,0.4563,3
2023-05-17 22:24:00,1047,0.4551,0.4551,0.4551,0.4551,0.4551,1
2023-05-17 22:40:00,1600,0.464,0.464,0.464,0.464,0.464,1
2023-05-17 22:45:00,400,0.47,0.47,0.47,0.47,0.47,1
2023-05-18 08:20:00,200,0.46,0.46,0.46,0.46,0.46,2
2023-05-18 09:52:00,1475,0.46,0.46,0.46,0.46,0.46,4
2023-05-18 10:59:00,230,0.4724,0.4698,0.4698,0.4698,0.4698,3
2023-05-18 11:35:00,1212,0.49,0.49,0.49,0.49,0.49,8
2023-05-18 11:36:00,100,0.49,0.49,0.49,0.49,0.49,1
2023-05-18 11:37:00,6800,0.49,0.49,0.49,0.49,0.49,1
2023-05-18 11:38:00,400,0.5,0.5,0.5,0.5,0.5,1
2023-05-18 11:39:00,2000,0.5,0.5,0.5,0.5,0.5,1
2023-05-18 11:47:00,246,0.5,0.5,0.5,0.5,0.5,1
2023-05-18 11:48:00,2700,0.5,0.5,0.5,0.5,0.5,2
2023-05-18 11:49:00,110,0.5,0.5,0.5,0.5,0.5,1
2023-05-18 11:51:00,180,0.5,0.5,0.5,0.5,0.5,1
2023-05-18 11:56:00,2500,0.5,0.5,0.5,0.5,0.5,1
2023-05-18 11:58:00,1830,0.5001,0.5,0.5,0.5,0.5,2
2023-05-18 12:00:00,15805,0.4993,0.48,0.5,0.5001,0.48,12
2023-05-18 12:02:00,5158,0.49,0.49,0.49,0.49,0.49,2
2023-05-18 12:05:00,700,0.5,0.5,0.5,0.5,0.5,1
2023-05-18 12:27:00,100,0.4989,0.4989,0.4989,0.4989,0.4989,1
2023-05-18 12:37:00,5000,0.499,0.499,0.499,0.499,0.499,1
2023-05-18 12:50:00,5200,0.49,0.49,0.49,0.49,0.49,1
2023-05-18 12:51:00,1064,0.4908,0.49,0.4989,0.4989,0.49,2
2023-05-18 13:04:00,500,0.49,0.49,0.49,0.49,0.49,1
2023-05-18 13:06:00,1470,0.49,0.49,0.49,0.49,0.49,6
2023-05-18 13:10:00,600,0.49,0.4899,0.49,0.49,0.4899,2
2023-05-18 13:30:00,16207,0.4836,0.48,0.4899,0.497,0.48,10
2023-05-18 13:31:00,3300,0.4903,0.491,0.485,0.491,0.485,3
2023-05-18 13:32:00,6064,0.4912,0.4851,0.485,0.4948,0.485,4
2023-05-18 13:36:00,1185,0.4899,0.485,0.485,0.4948,0.485,5
2023-05-18 13:37:00,100,0.4851,0.4851,0.4851,0.4851,0.4851,1
2023-05-18 13:38:00,6011,0.4851,0.485,0.4851,0.4851,0.485,22
2023-05-18 13:39:00,204,0.49,0.49,0.49,0.49,0.49,3
2023-05-18 13:41:00,700,0.4907,0.4901,0.49,0.49095,0.49,3
2023-05-18 13:42:00,12531,0.4915,0.4909,0.49,0.4919,0.49,47
2023-05-18 13:43:00,3812,0.4893,0.49,0.4851,0.4901,0.4851,16
2023-05-18 13:45:00,2534,0.4856,0.48559,0.48559,0.48559,0.48559,2
2023-05-18 13:46:00,808,0.4866,0.4899,0.485,0.4899,0.485,4
2023-05-18 13:47:00,2790,0.4806,0.485,0.48,0.485,0.48,9
2023-05-18 13:48:00,2594,0.4825,0.4801,0.48,0.49,0.48,7
2023-05-18 13:49:00,1533,0.4855,0.489999,0.48,0.489999,0.48,4
2023-05-18 13:50:00,602,0.4801,0.4801,0.48,0.4801,0.48,3
2023-05-18 13:51:00,883,0.4801,0.4801,0.48,0.4801,0.48,5
2023-05-18 13:52:00,735,0.4801,0.4801,0.4801,0.4801,0.4801,3
2023-05-18 13:54:00,275,0.4801,0.4801,0.48,0.4801,0.48,2
2023-05-18 13:56:00,1650,0.4801,0.48005,0.48005,0.48005,0.48005,6
2023-05-18 13:59:00,500,0.4801,0.48005,0.48005,0.48005,0.48005,3
2023-05-18 14:00:00,504,0.4801,0.4801,0.48,0.4801,0.48,6
2023-05-18 14:01:00,2789,0.4801,0.4801,0.48,0.4801,0.48,4
2023-05-18 14:02:00,600,0.4801,0.4801,0.48,0.4801,0.48,2
2023-05-18 14:03:00,300,0.4801,0.4801,0.48,0.4801,0.48,2
2023-05-18 14:06:00,25500,0.4807,0.4801,0.48005,0.485,0.48,34
2023-05-18 14:07:00,100,0.4869,0.4869,0.4869,0.4869,0.4869,1
2023-05-18 14:09:00,1122,0.4865,0.4866,0.4851,0.4866,0.4851,3
2023-05-18 14:10:00,1132,0.4852,0.4851,0.485,0.4851,0.485,5
2023-05-18 14:11:00,1046,0.4856,0.49,0.485,0.49,0.485,6
2023-05-18 14:12:00,12951,0.4858,0.487499,0.485,0.489999,0.485,13
2023-05-18 14:13:00,900,0.485,0.485,0.485,0.485,0.485,2
2023-05-18 14:14:00,1590,0.4841,0.4851,0.48,0.4851,0.48,5
2023-05-18 14:15:00,300,0.4817,0.48,0.48,0.485,0.48,3
2023-05-18 14:18:00,100,0.4801,0.4801,0.4801,0.4801,0.4801,1
2023-05-18 14:19:00,403,0.4818,0.4811,0.48305,0.48305,0.4811,2
2023-05-18 14:20:00,408,0.482,0.481,0.481,0.483,0.481,5
2023-05-18 14:22:00,100,0.481,0.481,0.481,0.481,0.481,1
2023-05-18 14:23:00,5700,0.4828,0.483,0.481,0.483,0.481,4
2023-05-18 14:24:00,700,0.481,0.481,0.481001,0.481001,0.481,3
2023-05-18 14:25:00,1500,0.4825,0.483,0.481,0.483,0.481,4
2023-05-18 14:26:00,10700,0.4819,0.482,0.481,0.482,0.481,36
2023-05-18 14:29:00,209,0.481,0.481,0.481,0.481,0.481,3
2023-05-18 14:30:00,200,0.4811,0.481075,0.481075,0.481075,0.481075,1
2023-05-18 14:31:00,111,0.4811,0.4811,0.4811,0.4811,0.4811,3
2023-05-18 14:32:00,10000,0.4811,0.48105,0.48105,0.48105,0.48105,1
2023-05-18 14:34:00,2250,0.4811,0.4811,0.481,0.4811,0.481,6
2023-05-18 14:36:00,1524,0.4811,0.4811,0.48105,0.4811,0.481,5
2023-05-18 14:37:00,7275,0.481,0.4811,0.48,0.4811,0.48,15
2023-05-18 14:39:00,100,0.48,0.48,0.48,0.48,0.48,1
2023-05-18 14:40:00,11661,0.48,0.48,0.48,0.48,0.48,11
2023-05-18 14:42:00,3800,0.4801,0.48,0.4801,0.4801,0.48,10
2023-05-18 14:43:00,500,0.4801,0.4801,0.4801,0.4801,0.4801,2
2023-05-18 14:44:00,300,0.48,0.48,0.48,0.48,0.48,2
2023-05-18 14:45:00,2645,0.4801,0.4801,0.48,0.4801,0.48,4
2023-05-18 14:46:00,1235,0.4801,0.48,0.4801,0.4801,0.48,6
2023-05-18 14:47:00,290,0.48,0.48005,0.48,0.48005,0.48,3
2023-05-18 14:48:00,718,0.4801,0.48005,0.48005,0.48005,0.48005,5
2023-05-18 14:49:00,695,0.48,0.48,0.4801,0.4801,0.48,4
2023-05-18 14:50:00,14468,0.48,0.48,0.48,0.48,0.48,11
2023-05-18 14:51:00,100,0.4801,0.4801,0.4801,0.4801,0.4801,1
2023-05-18 14:53:00,100,0.48,0.48,0.48,0.48,0.48,1
2023-05-18 14:54:00,104,0.4801,0.4801,0.4801,0.4801,0.4801,3
2023-05-18 14:55:00,12325,0.4799,0.48,0.4801,0.4801,0.4751,22
2023-05-18 14:56:00,110,0.4755,0.475,0.475,0.475,0.475,2
2023-05-18 14:57:00,5001,0.4799,0.48,0.48,0.48,0.4787,14
2023-05-18 14:58:00,1000,0.48,0.479999,0.479999,0.479999,0.479999,1
2023-05-18 14:59:00,612,0.4751,0.475,0.47501,0.47501,0.475,3
2023-05-18 15:00:00,1301,0.4758,0.475,0.475,0.4801,0.475,5
2023-05-18 15:01:00,105,0.4748,0.475,0.475,0.475,0.475,2
2023-05-18 15:06:00,300,0.471,0.471,0.471,0.471,0.471,1
2023-05-18 15:08:00,6921,0.4711,0.4711,0.4711,0.4711,0.4711,13
2023-05-18 15:09:00,1750,0.4711,0.4711,0.47105,0.4711,0.47105,5
2023-05-18 15:11:00,310,0.4711,0.4711,0.4711,0.4711,0.4711,2
2023-05-18 15:12:00,800,0.4711,0.4711,0.4711,0.4711,0.4711,2
2023-05-18 15:14:00,600,0.4711,0.47105,0.4711,0.4711,0.47105,2
2023-05-18 15:15:00,804,0.471,0.4711,0.47105,0.4711,0.471,7
2023-05-18 15:16:00,298,0.4711,0.4711,0.47105,0.4711,0.47105,2
2023-05-18 15:17:00,4944,0.4716,0.4711,0.47515,0.47515,0.4711,30
2023-05-18 15:20:00,661,0.4754,0.4754,0.4754,0.4754,0.4754,1
2023-05-18 15:21:00,450,0.4728,0.4715,0.4754,0.4754,0.4715,2
2023-05-18 15:22:00,1014,0.4755,0.4755,0.4755,0.4755,0.4755,2
2023-05-18 15:23:00,2303,0.4755,0.475501,0.4754,0.475501,0.4754,3
2023-05-18 15:25:00,340,0.4754,0.4754,0.4754,0.4754,0.4754,3
2023-05-18 15:26:00,570,0.4759,0.4755,0.4755,0.4755,0.4755,2
2023-05-18 15:27:00,10100,0.4784,0.4774,0.4756,0.4791,0.4756,5
2023-05-18 15:29:00,120,0.4777,0.4774,0.4774,0.4774,0.4774,2
2023-05-18 15:30:00,100,0.477,0.477,0.477,0.477,0.477,1
2023-05-18 15:33:00,300,0.4756,0.4756,0.4756,0.4756,0.4756,2
2023-05-18 15:36:00,1000,0.4756,0.4756,0.4756,0.4756,0.4756,1
2023-05-18 15:40:00,100,0.4774,0.4774,0.4774,0.4774,0.4774,1
2023-05-18 15:41:00,1139,0.479,0.4791,0.4774,0.4791,0.4774,3
2023-05-18 15:42:00,301,0.4756,0.4756,0.4756,0.4756,0.4756,3
2023-05-18 15:44:00,2800,0.4782,0.4774,0.4792,0.4792,0.4774,7
2023-05-18 15:45:00,590,0.4786,0.4792,0.4784,0.4792,0.4784,4
2023-05-18 15:46:00,227,0.4785,0.4777,0.479199,0.479199,0.4777,3
2023-05-18 15:49:00,110,0.4778,0.4777,0.4777,0.4777,0.4777,2
2023-05-18 15:50:00,1302,0.4789,0.4784,0.4791,0.4791,0.4784,3
2023-05-18 15:51:00,515,0.4784,0.4784,0.4776,0.478777,0.4776,4
2023-05-18 15:52:00,303,0.4782,0.4784,0.4777,0.4784,0.4777,3
2023-05-18 15:53:00,500,0.4779,0.4784,0.4776,0.4784,0.4776,4
2023-05-18 15:54:00,655,0.4784,0.4784,0.4784,0.4784,0.4784,2
2023-05-18 15:55:00,100,0.4777,0.4777,0.4777,0.4777,0.4777,1
2023-05-18 15:56:00,400,0.4782,0.4776,0.4784,0.4784,0.4776,2
2023-05-18 15:57:00,1484,0.4764,0.4776,0.476,0.4784,0.476,4
2023-05-18 15:58:00,502,0.4779,0.4776,0.4792,0.4792,0.4776,3
2023-05-18 15:59:00,5716,0.4784,0.479199,0.476,0.479199,0.476,9
2023-05-18 16:00:00,4411,0.4781,0.4756,0.4774,0.4791,0.4756,4
2023-05-18 16:01:00,200,0.4774,0.4774,0.4774,0.4774,0.4774,1
2023-05-18 16:03:00,300,0.4774,0.4774,0.4774,0.4774,0.4774,2
2023-05-18 16:06:00,15354,0.4732,0.4774,0.47,0.4774,0.47,45
2023-05-18 16:07:00,1473,0.47,0.4701,0.47,0.4701,0.47,11
2023-05-18 16:08:00,4574,0.4701,0.47,0.4701,0.4701,0.47,9
2023-05-18 16:10:00,106,0.4701,0.4701,0.4701,0.4701,0.4701,1
2023-05-18 16:11:00,312,0.47,0.47,0.47,0.47,0.47,3
2023-05-18 16:12:00,300,0.47,0.47,0.47,0.47,0.47,1
2023-05-18 16:13:00,3050,0.4701,0.4701,0.47,0.4701,0.47,16
2023-05-18 16:14:00,410,0.47,0.47,0.47,0.47,0.47,3
2023-05-18 16:15:00,2990,0.47,0.47,0.47,0.47,0.47,8
2023-05-18 16:16:00,5925,0.47,0.47,0.47,0.47,0.47,3
2023-05-18 16:17:00,54312,0.47,0.47,0.4701,0.4701,0.47,5
2023-05-18 16:18:00,800,0.47,0.47,0.4701,0.4701,0.47,4
2023-05-18 16:20:00,1295,0.4701,0.47005,0.47005,0.4701,0.47,12
2023-05-18 16:21:00,300,0.47,0.47,0.47,0.47,0.47,3
2023-05-18 16:24:00,101,0.47,0.47,0.47,0.47,0.47,2
2023-05-18 16:27:00,3006,0.4701,0.4701,0.47,0.4701,0.47,5
2023-05-18 16:28:00,461,0.47,0.47,0.47,0.47,0.47,4
2023-05-18 16:29:00,1555,0.4701,0.4701,0.4701,0.4701,0.47,14
2023-05-18 16:30:00,500,0.47,0.47,0.47,0.47,0.47,2
2023-05-18 16:32:00,1802,0.47,0.4701,0.47,0.4701,0.47,2
2023-05-18 16:34:00,500,0.4701,0.4701,0.4701,0.4701,0.4701,2
2023-05-18 16:35:00,100,0.4701,0.4701,0.4701,0.4701,0.4701,1
2023-05-18 16:40:00,521,0.4701,0.47009,0.47009,0.47009,0.47009,3
2023-05-18 16:41:00,209,0.4701,0.4701,0.47,0.4701,0.47,3
2023-05-18 16:42:00,3727,0.4701,0.4701,0.47,0.4701,0.47,6
2023-05-18 16:43:00,1300,0.4701,0.47,0.4701,0.4701,0.47,4
2023-05-18 16:44:00,212,0.4701,0.4701,0.4701,0.4701,0.4701,1
2023-05-18 16:45:00,5032,0.4701,0.47,0.4701,0.4701,0.47,4
2023-05-18 16:46:00,800,0.4701,0.47,0.4701,0.4701,0.47,2
2023-05-18 16:47:00,200,0.47,0.47,0.47,0.47,0.47,1
2023-05-18 16:49:00,5100,0.47,0.47,0.47,0.47,0.47,5
2023-05-18 16:50:00,400,0.47,0.47,0.47,0.47,0.47,1
2023-05-18 16:52:00,360,0.47,0.4701,0.47,0.4701,0.47,2
2023-05-18 16:53:00,214,0.4701,0.4701,0.4701,0.4701,0.4701,2
2023-05-18 16:55:00,400,0.47,0.47,0.4701,0.4701,0.47,2
2023-05-18 16:57:00,900,0.47,0.47,0.47,0.4701,0.47,4
2023-05-18 16:58:00,422,0.47,0.47,0.47,0.47,0.47,2
2023-05-18 17:01:00,2000,0.47,0.47,0.47,0.4701,0.47,8
2023-05-18 17:02:00,943,0.47,0.47,0.47,0.47,0.47,2
2023-05-18 17:03:00,100,0.47,0.47,0.47,0.47,0.47,1
2023-05-18 17:04:00,302,0.47,0.47,0.47,0.47,0.47,2
2023-05-18 17:05:00,700,0.47,0.47,0.47,0.47,0.47,2
2023-05-18 17:06:00,2400,0.4701,0.4701,0.47,0.4701,0.47,2
2023-05-18 17:07:00,310,0.4701,0.4701,0.4701,0.4701,0.4701,4
2023-05-18 17:08:00,700,0.4701,0.47,0.4701,0.4701,0.47,2
2023-05-18 17:09:00,2510,0.4701,0.47,0.470099,0.470099,0.47,3
2023-05-18 17:10:00,428,0.47,0.47,0.47,0.47,0.47,4
2023-05-18 17:13:00,200,0.47,0.47,0.47,0.47,0.47,1
2023-05-18 17:14:00,400,0.47,0.47,0.47,0.47,0.47,1
2023-05-18 17:17:00,300,0.47,0.47,0.47,0.47,0.47,1
2023-05-18 17:18:00,300,0.47,0.47,0.47,0.47,0.47,1
2023-05-18 17:19:00,412,0.47,0.47,0.47,0.47,0.47,3
2023-05-18 17:22:00,300,0.47,0.47,0.47,0.47,0.47,1
2023-05-18 17:23:00,400,0.47,0.47,0.47,0.47,0.47,1
2023-05-18 17:24:00,400,0.47,0.4701,0.47,0.4701,0.47,2
2023-05-18 17:26:00,2814,0.4701,0.4701,0.470025,0.471,0.470025,27
2023-05-18 17:27:00,1000,0.47,0.47,0.47,0.4701,0.47,4
2023-05-18 17:29:00,300,0.47,0.47,0.47,0.47,0.47,1
2023-05-18 17:32:00,400,0.47,0.47,0.47,0.47,0.47,1
2023-05-18 17:33:00,500,0.47,0.47,0.47,0.47,0.47,2
2023-05-18 17:35:00,23760,0.47,0.4701,0.47,0.4701,0.47,30
2023-05-18 17:36:00,525,0.47,0.47,0.47,0.47,0.47,1
2023-05-18 17:37:00,1265,0.47,0.47,0.47,0.47,0.47,4
2023-05-18 17:39:00,723,0.47,0.47,0.47,0.47,0.47,2
2023-05-18 17:40:00,2914,0.47,0.47,0.4701,0.4701,0.47,6
2023-05-18 17:41:00,1175,0.47,0.47,0.47,0.47,0.47,2
2023-05-18 17:43:00,648,0.47,0.47,0.47,0.47,0.47,4
2023-05-18 17:44:00,145,0.4701,0.4701,0.4701,0.4701,0.4701,1
2023-05-18 17:45:00,1403,0.4701,0.4701,0.47,0.4701,0.47,3
2023-05-18 17:48:00,900,0.47,0.4701,0.47,0.4701,0.47,3
2023-05-18 17:51:00,700,0.47,0.47,0.47,0.47,0.47,2
2023-05-18 17:53:00,200,0.47,0.47,0.47,0.47,0.47,1
2023-05-18 17:54:00,300,0.47,0.47,0.47,0.47,0.47,1
2023-05-18 17:55:00,7220,0.47,0.470025,0.47,0.47005,0.47,12
2023-05-18 17:57:00,300,0.47,0.47,0.47,0.47,0.47,1
2023-05-18 17:59:00,1564,0.47,0.47,0.47,0.4701,0.47,3
2023-05-18 18:00:00,400,0.47,0.47,0.47,0.47,0.47,1
2023-05-18 18:01:00,300,0.47,0.47,0.47,0.47,0.47,1
2023-05-18 18:02:00,300,0.4701,0.4701,0.4701,0.4701,0.4701,1
2023-05-18 18:05:00,300,0.47,0.47,0.47,0.47,0.47,1
2023-05-18 18:07:00,1440,0.47,0.47,0.47,0.4701,0.47,6
2023-05-18 18:09:00,200,0.47,0.47,0.47,0.47,0.47,1
2023-05-18 18:13:00,400,0.47,0.47,0.47,0.47,0.47,1
2023-05-18 18:14:00,118,0.4701,0.4701,0.4701,0.4701,0.4701,2
2023-05-18 18:15:00,2800,0.4701,0.4701,0.4701,0.4701,0.4701,19
2023-05-18 18:16:00,200,0.47,0.47,0.47,0.47,0.47,1
2023-05-18 18:17:00,216,0.4701,0.4701,0.4701,0.4701,0.4701,4
2023-05-18 18:18:00,500,0.47,0.47,0.4701,0.4701,0.47,2
2023-05-18 18:20:00,344,0.4701,0.4701,0.4701,0.4701,0.4701,4
2023-05-18 18:21:00,200,0.47,0.47,0.47,0.47,0.47,1
2023-05-18 18:23:00,300,0.47,0.47,0.47,0.47,0.47,1
2023-05-18 18:25:00,3810,0.4701,0.47,0.4701,0.4701,0.47,6
2023-05-18 18:26:00,3300,0.4701,0.4701,0.47,0.4701,0.47,3
2023-05-18 18:28:00,700,0.47,0.47,0.47,0.47,0.47,2
2023-05-18 18:29:00,53300,0.47,0.47,0.47,0.4701,0.47,53
2023-05-18 18:30:00,159,0.4701,0.4701,0.4701,0.4701,0.4701,2
2023-05-18 18:31:00,1615,0.4701,0.47,0.4701,0.4701,0.47,4
2023-05-18 18:33:00,3382,0.4701,0.4701,0.4701,0.4701,0.4701,6
2023-05-18 18:34:00,420,0.4701,0.47,0.4701,0.4701,0.47,4
2023-05-18 18:35:00,406,0.4701,0.4701,0.4701,0.4701,0.47,3
2023-05-18 18:36:00,457,0.47,0.47,0.47,0.47,0.47,4
2023-05-18 18:37:00,300,0.47,0.47,0.47,0.47,0.47,1
2023-05-18 18:38:00,200,0.47,0.47,0.47,0.47,0.47,1
2023-05-18 18:39:00,500,0.47,0.4701,0.47,0.4701,0.47,2
2023-05-18 18:42:00,3408,0.4701,0.47,0.47005,0.4701,0.47,30
2023-05-18 18:43:00,1000,0.47,0.47,0.47,0.47,0.47,1
2023-05-18 18:44:00,5638,0.47,0.47,0.47,0.47,0.47,13
2023-05-18 18:45:00,500,0.4701,0.4701,0.4701,0.4701,0.4701,1
2023-05-18 18:46:00,217,0.47,0.47,0.47,0.47,0.47,2
2023-05-18 18:47:00,2500,0.47,0.47,0.4701,0.4701,0.47,6
2023-05-18 18:48:00,4170,0.4701,0.4701,0.47001,0.4701,0.47001,7
2023-05-18 18:49:00,1800,0.4701,0.47,0.47005,0.4701,0.47,4
2023-05-18 18:50:00,900,0.4701,0.4701,0.47,0.4701,0.47,4
2023-05-18 18:51:00,313,0.4701,0.4701,0.47,0.4701,0.47,4
2023-05-18 18:52:00,204,0.47,0.47,0.47,0.47,0.47,2
2023-05-18 18:54:00,580,0.47,0.47,0.47,0.47,0.47,3
2023-05-18 18:56:00,400,0.47,0.47,0.47,0.47,0.47,2
2023-05-18 18:58:00,2390,0.47,0.47,0.47,0.47,0.47,8
2023-05-18 18:59:00,100,0.47,0.47,0.47,0.47,0.47,1
2023-05-18 19:00:00,1000,0.4701,0.4701,0.4701,0.4701,0.4701,1
2023-05-18 19:01:00,108,0.4701,0.4701,0.4701,0.4701,0.4701,1
2023-05-18 19:02:00,1150,0.47,0.47,0.47,0.47,0.47,3
2023-05-18 19:05:00,1300,0.4701,0.47,0.4701,0.4701,0.47,2
2023-05-18 19:06:00,404,0.47,0.47,0.47,0.47,0.47,5
2023-05-18 19:07:00,200,0.47,0.47,0.47,0.47,0.47,1
2023-05-18 19:08:00,740,0.4701,0.4701,0.4701,0.4701,0.4701,2
2023-05-18 19:09:00,451,0.4701,0.47,0.4701,0.4701,0.47,3
2023-05-18 19:10:00,300,0.47,0.47,0.47,0.47,0.47,1
2023-05-18 19:11:00,992,0.47,0.47,0.47,0.47,0.47,5
2023-05-18 19:12:00,13753,0.4701,0.47,0.47,0.4701,0.47,59
2023-05-18 19:13:00,350,0.4701,0.4701,0.4701,0.4701,0.4701,1
2023-05-18 19:14:00,30510,0.4701,0.47,0.4702,0.4703,0.47,274
2023-05-18 19:15:00,20400,0.4775,0.4764,0.4772,0.4781,0.4763,56
2023-05-18 19:16:00,434,0.4772,0.47715,0.47715,0.47715,0.47715,3
2023-05-18 19:18:00,300,0.4772,0.47715,0.47715,0.47715,0.47715,1
2023-05-18 19:19:00,290,0.4779,0.4779,0.4779,0.4779,0.4779,2
2023-05-18 19:20:00,225,0.4772,0.47715,0.47715,0.47715,0.47715,3
2023-05-18 19:21:00,885,0.4771,0.4764,0.4772,0.4773,0.4764,5
2023-05-18 19:22:00,300,0.4775,0.4775,0.477501,0.477501,0.4775,2
2023-05-18 19:23:00,200,0.4771,0.4771,0.4771,0.4771,0.4771,1
2023-05-18 19:24:00,340,0.4775,0.4775,0.4775,0.4775,0.4775,3
2023-05-18 19:26:00,7925,0.4771,0.477,0.4771,0.4771,0.477,32
2023-05-18 19:27:00,1505,0.4771,0.4771,0.4771,0.4771,0.47705,4
2023-05-18 19:29:00,1500,0.477,0.477,0.4771,0.4771,0.477,12
2023-05-18 19:30:00,16127,0.477,0.477,0.477,0.4771,0.477,29
2023-05-18 19:32:00,6320,0.477,0.477,0.4771,0.4771,0.477,8
2023-05-18 19:34:00,161,0.4771,0.4771,0.4771,0.4771,0.4771,2
2023-05-18 19:35:00,5800,0.477,0.477,0.477,0.477,0.477,5
2023-05-18 19:36:00,1803,0.4771,0.4771,0.477,0.4771,0.477,14
2023-05-18 19:37:00,171,0.4771,0.4771,0.4771,0.4771,0.4771,2
2023-05-18 19:38:00,1508,0.4771,0.4771,0.477,0.4771,0.477,3
2023-05-18 19:41:00,200,0.477,0.477,0.477,0.477,0.477,1
2023-05-18 19:42:00,6509,0.477,0.477025,0.477,0.477025,0.477,11
2023-05-18 19:43:00,400,0.4771,0.4771,0.4771,0.4771,0.4771,2
2023-05-18 19:44:00,3000,0.477,0.477,0.477,0.477,0.477,3
2023-05-18 19:45:00,750,0.477,0.477,0.477,0.477,0.477,1
2023-05-18 19:46:00,301,0.477,0.477,0.477,0.477,0.477,2
2023-05-18 19:47:00,10857,0.4766,0.477,0.4763,0.4771,0.4763,37
2023-05-18 19:48:00,8610,0.4702,0.4702,0.473601,0.473601,0.4701,9
2023-05-18 19:49:00,406,0.4702,0.4701,0.4701,0.4701,0.4701,6
2023-05-18 19:50:00,145,0.4713,0.4702,0.4702,0.4702,0.4702,2
2023-05-18 19:51:00,200,0.4702,0.4702,0.4702,0.4702,0.4702,2
2023-05-18 19:52:00,1330,0.4721,0.473649,0.471925,0.47365,0.4702,10
2023-05-18 19:53:00,106,0.4735,0.47365,0.47365,0.47365,0.47365,2
2023-05-18 19:54:00,695,0.4717,0.47365,0.4702,0.47365,0.4702,5
2023-05-18 19:55:00,600,0.4702,0.4702,0.4702,0.4702,0.4702,4
2023-05-18 19:56:00,2770,0.4756,0.4702,0.475,0.477,0.4702,17
2023-05-18 19:57:00,2695,0.4707,0.4702,0.4702,0.4726,0.4702,22
2023-05-18 19:58:00,2967,0.4707,0.4702,0.4701,0.4727,0.4701,18
2023-05-18 19:59:00,7695,0.4703,0.4701,0.4695,0.471,0.4695,48
2023-05-18 20:01:00,974,0.4693,0.4903,0.4842,0.4903,0.4612,3
2023-05-18 20:02:00,200,0.486,0.486,0.486,0.486,0.486,1
2023-05-18 20:05:00,10630,0.4846,0.4842,0.4904,0.4904,0.4842,2
2023-05-18 20:07:00,1342,0.4842,0.4842,0.4842,0.4842,0.4842,1
2023-05-18 20:11:00,100,0.4811,0.4811,0.4811,0.4811,0.4811,1
2023-05-18 20:24:00,294,0.49,0.49,0.49,0.49,0.49,1
2023-05-18 20:25:00,300,0.48,0.48,0.48,0.48,0.48,1
2023-05-18 20:29:00,160,0.49,0.49,0.49,0.49,0.49,2
2023-05-18 20:32:00,100,0.49,0.49,0.49,0.49,0.49,1
2023-05-18 20:33:00,500,0.49,0.49,0.49,0.49,0.49,1
2023-05-18 20:43:00,1000,0.489,0.489,0.489,0.489,0.489,1
2023-05-18 20:44:00,530,0.489,0.489,0.489,0.489,0.489,1
2023-05-18 20:45:00,800,0.48,0.48,0.48,0.48,0.48,1
2023-05-18 20:54:00,266,0.489,0.489,0.489,0.489,0.489,1
2023-05-18 20:58:00,511,0.489,0.489,0.489,0.489,0.489,1
2023-05-18 21:00:00,500,0.4889,0.4889,0.4889,0.4889,0.4889,1
2023-05-18 21:01:00,600,0.4889,0.4889,0.4889,0.4889,0.4889,1
2023-05-18 21:02:00,140,0.48,0.48,0.48,0.48,0.48,2
2023-05-18 21:17:00,500,0.489,0.489,0.489,0.489,0.489,1
2023-05-18 21:18:00,412,0.489,0.489,0.489,0.489,0.489,1
2023-05-18 21:54:00,280,0.489,0.489,0.489,0.489,0.489,1
2023-05-18 21:56:00,200,0.489,0.489,0.489,0.489,0.489,1
2023-05-18 22:06:00,384,0.4801,0.48,0.48,0.48,0.48,2
2023-05-18 22:10:00,2000,0.4801,0.4801,0.48,0.4801,0.48,3
2023-05-18 22:46:00,200,0.489,0.489,0.489,0.489,0.489,1
2023-05-18 22:52:00,100,0.4889,0.4889,0.4889,0.4889,0.4889,1
2023-05-18 23:11:00,2000,0.4888,0.4888,0.4888,0.4888,0.4888,1
2023-05-18 23:52:00,1475,0.488,0.488,0.488,0.488,0.488,1
2023-05-18 23:53:00,7522,0.4889,0.4888,0.489,0.489,0.4888,4
2023-05-19 11:00:00,3005,0.52,0.52,0.52,0.52,0.52,9
2023-05-19 11:04:00,500,0.4999,0.4999,0.4999,0.4999,0.4999,1
2023-05-19 11:15:00,100,0.4927,0.4927,0.4927,0.4927,0.4927,1
2023-05-19 12:00:00,16066,0.5029,0.5201,0.5,0.5201,0.4895,25
2023-05-19 12:03:00,100,0.4994,0.4994,0.4994,0.4994,0.4994,1
2023-05-19 12:10:00,200,0.4995,0.4994,0.4995,0.4995,0.4994,2
2023-05-19 12:14:00,571,0.4984,0.4993,0.4995,0.4995,0.4993,7
2023-05-19 12:15:00,100,0.4994,0.4994,0.4994,0.4994,0.4994,1
2023-05-19 12:17:00,100,0.4994,0.4994,0.4994,0.4994,0.4994,1
2023-05-19 12:18:00,2000,0.4777,0.481,0.4752,0.481,0.4752,14
2023-05-19 12:36:00,231,0.4994,0.4994,0.4994,0.4994,0.4994,3
2023-05-19 12:47:00,131,0.4895,0.4894,0.4894,0.4894,0.4894,2
2023-05-19 13:01:00,106,0.49,0.49,0.49,0.49,0.49,1
2023-05-19 13:10:00,2000,0.499,0.499,0.499,0.499,0.499,1
2023-05-19 13:18:00,2000,0.4998,0.4998,0.4998,0.4998,0.4998,1
2023-05-19 13:23:00,377,0.5,0.4999,0.5,0.5,0.4999,4
2023-05-19 13:24:00,100,0.5,0.5,0.5,0.5,0.5,1
2023-05-19 13:30:00,9053,0.4896,0.49,0.4752,0.49,0.4752,11
2023-05-19 13:31:00,2000,0.4831,0.4831,0.4831,0.4831,0.4831,1
2023-05-19 13:34:00,135,0.4848,0.484799,0.484799,0.484799,0.484799,2
2023-05-19 13:35:00,100,0.48,0.48,0.48,0.48,0.48,1
2023-05-19 13:36:00,262,0.4848,0.4848,0.4848,0.4848,0.4848,3
2023-05-19 13:37:00,5550,0.4801,0.4801,0.48,0.4801,0.48,3
2023-05-19 13:38:00,1935,0.4839,0.4849,0.48245,0.4849,0.4824,15
2023-05-19 13:39:00,2010,0.48,0.480001,0.480001,0.480001,0.480001,2
2023-05-19 13:40:00,6602,0.4824,0.4824,0.48,0.4825,0.48,9
2023-05-19 13:41:00,13634,0.4821,0.4825,0.48,0.4848,0.48,50
2023-05-19 13:42:00,3900,0.4765,0.4783,0.4763,0.4798,0.4763,8
2023-05-19 13:46:00,100,0.479,0.479,0.479,0.479,0.479,1
2023-05-19 13:50:00,7100,0.4798,0.48,0.479,0.48,0.479,16
2023-05-19 13:51:00,836,0.4791,0.479899,0.479,0.479899,0.4764,4
2023-05-19 13:52:00,152,0.4799,0.4799,0.4799,0.4799,0.4799,2
2023-05-19 13:53:00,3400,0.4764,0.4775,0.4764,0.4775,0.4763,8
2023-05-19 13:54:00,5499,0.4795,0.47815,0.48,0.48,0.47815,41
2023-05-19 13:55:00,2200,0.4787,0.4781,0.4786,0.48,0.4781,10
2023-05-19 13:56:00,124416,0.4703,0.4763,0.4699,0.4763,0.4612,49
2023-05-19 13:57:00,100,0.4646,0.4646,0.4646,0.4646,0.4646,1
2023-05-19 13:58:00,290,0.4617,0.4602,0.4602,0.4602,0.4602,4
2023-05-19 13:59:00,2196,0.4603,0.4602,0.4603,0.4603,0.4602,3
2023-05-19 14:00:00,100,0.466,0.466,0.466,0.466,0.466,1
2023-05-19 14:01:00,900,0.469,0.468997,0.468997,0.468997,0.468997,1
2023-05-19 14:02:00,500,0.4655,0.46545,0.46545,0.46545,0.46545,1
2023-05-19 14:03:00,371,0.4665,0.46545,0.467,0.467,0.46545,4
2023-05-19 14:04:00,2746,0.4667,0.467,0.467,0.467,0.46545,7
2023-05-19 14:05:00,700,0.4659,0.467,0.46545,0.467,0.46545,2
2023-05-19 14:08:00,707,0.4659,0.4655,0.4655,0.4655,0.4655,5
2023-05-19 14:10:00,10000,0.4647,0.4655,0.4645,0.4655,0.4645,12
2023-05-19 14:13:00,4132,0.4699,0.4697,0.47,0.47,0.4697,14
2023-05-19 14:14:00,30290,0.4766,0.4739,0.4767,0.4767,0.47335,7
2023-05-19 14:15:00,216,0.4736,0.4734,0.4734,0.4734,0.4734,4
2023-05-19 14:17:00,897,0.4778,0.4781,0.4781,0.4781,0.4781,2
2023-05-19 14:18:00,4829,0.4751,0.475,0.475,0.477499,0.475,8
2023-05-19 14:21:00,10000,0.475,0.475,0.475,0.475,0.475,37
2023-05-19 14:22:00,50103,0.4714,0.4711,0.4712,0.4755,0.47,19
2023-05-19 14:23:00,123414,0.467,0.47,0.461,0.4701,0.461,60
2023-05-19 14:25:00,1618,0.4734,0.4743,0.4742,0.4743,0.4742,3
2023-05-19 14:26:00,1995,0.4675,0.4674,0.4674,0.4674,0.4674,14
2023-05-19 14:27:00,500,0.4743,0.4743,0.4743,0.4743,0.4743,1
2023-05-19 14:28:00,1000,0.4705,0.47,0.471,0.471,0.47,5
2023-05-19 14:29:00,100,0.4674,0.4674,0.4674,0.4674,0.4674,1
2023-05-19 14:33:00,172,0.4708,0.4708,0.4708,0.4708,0.4708,2
2023-05-19 14:34:00,100,0.4674,0.4674,0.4674,0.4674,0.4674,1
2023-05-19 14:36:00,2500,0.4721,0.4721,0.4721,0.4721,0.4721,5
2023-05-19 14:37:00,174,0.4741,0.4741,0.4741,0.4741,0.4741,1
2023-05-19 14:39:00,300,0.4727,0.472,0.4741,0.4741,0.472,2
2023-05-19 14:40:00,202,0.4721,0.4721,0.4721,0.4721,0.4721,2
2023-05-19 14:41:00,269,0.4708,0.4721,0.47,0.4721,0.47,2
2023-05-19 14:48:00,1200,0.4736,0.4743,0.4701,0.4743,0.4701,2
2023-05-19 14:50:00,750,0.4711,0.4711,0.4701,0.4726,0.4701,6
2023-05-19 14:51:00,2700,0.4732,0.4743,0.4701,0.4743,0.4701,3
2023-05-19 14:52:00,1000,0.4717,0.4711,0.4722,0.4743,0.4701,6
2023-05-19 14:54:00,1100,0.4712,0.4711,0.4701,0.4732,0.4701,8
2023-05-19 14:56:00,1300,0.4701,0.4701,0.4701,0.4701,0.4701,3
2023-05-19 14:57:00,615,0.4719,0.4722,0.4701,0.4722,0.4701,3
2023-05-19 15:02:00,100,0.4701,0.4701,0.4701,0.4701,0.4701,1
2023-05-19 15:08:00,140,0.473,0.473,0.473,0.473,0.473,1
2023-05-19 15:10:00,350,0.4719,0.47225,0.4701,0.47225,0.4701,3
2023-05-19 15:15:00,131,0.4742,0.4744,0.4744,0.4744,0.4744,2
2023-05-19 15:16:00,374,0.4701,0.4701,0.4701,0.4701,0.4701,2
2023-05-19 15:18:00,174,0.4729,0.471,0.471,0.471,0.471,2
2023-05-19 15:22:00,375,0.4727,0.472,0.472,0.472,0.472,3
2023-05-19 15:24:00,498,0.4732,0.4721,0.476,0.476,0.472,6
2023-05-19 15:26:00,250,0.4721,0.472101,0.472101,0.472101,0.472101,1
2023-05-19 15:28:00,1372,0.4778,0.476,0.472,0.479999,0.472,6
2023-05-19 15:29:00,100,0.472,0.472,0.472,0.472,0.472,1
2023-05-19 15:34:00,5275,0.4757,0.4799,0.472,0.4799,0.472,15
2023-05-19 15:36:00,800,0.4725,0.472,0.476,0.476,0.472,6
2023-05-19 15:39:00,100,0.48,0.48,0.48,0.48,0.48,1
2023-05-19 15:40:00,332,0.4788,0.476,0.48,0.48,0.476,2
2023-05-19 15:41:00,587,0.4754,0.475999,0.4721,0.48,0.4721,4
2023-05-19 15:43:00,1525,0.4753,0.476,0.48,0.48,0.4721,12
2023-05-19 15:44:00,12800,0.4702,0.472,0.4725,0.4725,0.4674,28
2023-05-19 15:45:00,25669,0.4676,0.4725,0.465,0.4725,0.465,13
2023-05-19 15:48:00,1230,0.4783,0.4799,0.4716,0.4799,0.4716,2
2023-05-19 15:49:00,8341,0.4683,0.4651,0.4725,0.4799,0.4651,8
2023-05-19 15:52:00,110,0.465,0.465,0.465,0.465,0.465,1
2023-05-19 15:53:00,100,0.47,0.47,0.47,0.47,0.47,1
2023-05-19 15:54:00,20362,0.47,0.47,0.47,0.47,0.47,4
2023-05-19 15:55:00,4000,0.4733,0.4723,0.4739,0.47495,0.4721,23
2023-05-19 15:56:00,300,0.47,0.47,0.47,0.47,0.47,2
2023-05-19 15:57:00,300,0.47,0.47,0.47,0.47,0.47,2
2023-05-19 15:58:00,1030,0.4753,0.4776,0.475,0.4776,0.475,3
2023-05-19 16:05:00,2000,0.47,0.47,0.47,0.47,0.47,1
2023-05-19 16:08:00,4000,0.4701,0.47,0.4701,0.4701,0.47,4
2023-05-19 16:09:00,3100,0.4799,0.4799,0.48,0.48,0.4799,2
2023-05-19 16:11:00,6456,0.47,0.4701,0.47,0.4701,0.47,7
2023-05-19 16:12:00,533,0.47,0.47,0.47,0.47,0.47,2
2023-05-19 16:13:00,2015,0.47,0.47,0.47,0.47,0.47,2
2023-05-19 16:14:00,4407,0.47,0.4701,0.47,0.4701,0.47,5
2023-05-19 16:16:00,1326,0.4701,0.47,0.47,0.4701,0.47,5
2023-05-19 16:19:00,101,0.47,0.47,0.47,0.47,0.47,2
2023-05-19 16:21:00,1545,0.47,0.47,0.47,0.47,0.47,1
2023-05-19 16:26:00,439,0.4701,0.4701,0.47,0.4701,0.47,5
2023-05-19 16:28:00,200,0.4701,0.4701,0.4701,0.4701,0.4701,1
2023-05-19 16:32:00,573,0.4701,0.470101,0.470101,0.470101,0.470101,1
2023-05-19 16:34:00,1000,0.4701,0.4701,0.4701,0.4701,0.4701,1
2023-05-19 16:35:00,600,0.4701,0.4701,0.47,0.4701,0.47,2
2023-05-19 16:37:00,201,0.478,0.477999,0.477999,0.477999,0.477999,2
2023-05-19 16:39:00,3635,0.4778,0.478,0.4712,0.478,0.4712,3
2023-05-19 16:43:00,49703,0.4743,0.4725,0.47,0.48,0.47,127
2023-05-19 16:44:00,366,0.4701,0.47,0.4701,0.4701,0.47,3
2023-05-19 16:54:00,900,0.4701,0.4701,0.4701,0.4701,0.4701,4
2023-05-19 16:56:00,5200,0.4704,0.4701,0.4781,0.4781,0.4701,3
2023-05-19 16:57:00,300,0.473,0.473,0.473,0.473,0.473,3
2023-05-19 17:00:00,200,0.4767,0.4767,0.4767,0.4767,0.4767,1
2023-05-19 17:03:00,500,0.4767,0.4767,0.4767,0.4767,0.4767,3
2023-05-19 17:05:00,1518,0.4756,0.4759,0.475,0.4759,0.475,5
2023-05-19 17:06:00,266,0.4745,0.474741,0.4748,0.4748,0.474741,4
2023-05-19 17:08:00,558,0.4739,0.4742,0.4735,0.4742,0.4735,4
2023-05-19 17:09:00,2172,0.4749,0.4749,0.4749,0.4749,0.4749,3
2023-05-19 17:13:00,400,0.4742,0.474199,0.474199,0.474199,0.474199,1
2023-05-19 17:14:00,2232,0.4747,0.4743,0.474899,0.474899,0.4743,10
2023-05-19 17:15:00,629,0.4746,0.4746,0.4746,0.4746,0.4746,5
2023-05-19 17:17:00,125,0.4749,0.4749,0.4749,0.4749,0.4749,1
2023-05-19 17:19:00,4526,0.4747,0.47475,0.4748,0.4748,0.4746,15
2023-05-19 17:20:00,2000,0.4747,0.47475,0.4746,0.47475,0.4746,5
2023-05-19 17:21:00,1610,0.4748,0.4746,0.47475,0.4748,0.4746,3
2023-05-19 17:22:00,1035,0.4748,0.47475,0.47475,0.47475,0.47475,6
2023-05-19 17:24:00,119,0.4746,0.4746,0.4746,0.4746,0.4746,2
2023-05-19 17:25:00,421,0.4747,0.47475,0.4746,0.47475,0.4746,4
2023-05-19 17:29:00,1500,0.4746,0.4746,0.4746,0.4746,0.4746,1
2023-05-19 17:31:00,200,0.4748,0.47475,0.47475,0.47475,0.47475,1
2023-05-19 17:32:00,261,0.4748,0.4748,0.4748,0.4748,0.4748,2
2023-05-19 17:35:00,200,0.4748,0.47475,0.47475,0.47475,0.47475,1
2023-05-19 17:40:00,100,0.4748,0.4748,0.4748,0.4748,0.4748,1
2023-05-19 17:41:00,240,0.4748,0.47475,0.47475,0.47475,0.47475,2
2023-05-19 17:42:00,213,0.4747,0.4747,0.4746,0.4747,0.4746,3
2023-05-19 17:43:00,750,0.4748,0.4748,0.4748,0.4748,0.4748,1
2023-05-19 17:45:00,100,0.4748,0.4748,0.4748,0.4748,0.4748,1
2023-05-19 17:46:00,200,0.4748,0.4748,0.4748,0.4748,0.4748,2
2023-05-19 17:52:00,110,0.4748,0.4748,0.4748,0.4748,0.4748,1
2023-05-19 17:53:00,115,0.4748,0.47475,0.47475,0.47475,0.47475,2
2023-05-19 17:57:00,286,0.4749,0.4749,0.4748,0.4749,0.4748,2
2023-05-19 18:06:00,4410,0.4739,0.4747,0.4736,0.4748,0.473,15
2023-05-19 18:07:00,900,0.474,0.4737,0.4746,0.4746,0.4737,9
2023-05-19 18:08:00,516,0.4725,0.4743,0.4701,0.4743,0.4701,5
2023-05-19 18:10:00,243,0.4718,0.4725,0.4701,0.4725,0.4701,4
2023-05-19 18:15:00,4016,0.4722,0.4722,0.4722,0.4722,0.4722,2
2023-05-19 18:19:00,218,0.4703,0.4701,0.4701,0.4701,0.4701,2
2023-05-19 18:26:00,500,0.4749,0.4749,0.4749,0.4749,0.4749,1
2023-05-19 18:27:00,1300,0.4713,0.4713,0.4701,0.4725,0.4701,4
2023-05-19 18:30:00,100,0.4749,0.4749,0.4749,0.4749,0.4749,1
2023-05-19 18:32:00,500,0.4725,0.4725,0.4725,0.4725,0.4725,2
2023-05-19 18:33:00,1500,0.4725,0.4725,0.4725,0.4725,0.4725,15
2023-05-19 18:39:00,250,0.472,0.4725,0.4725,0.4725,0.4725,3
2023-05-19 18:43:00,300,0.4748,0.4749,0.4748,0.4749,0.4748,2
2023-05-19 18:45:00,100,0.4713,0.4713,0.4713,0.4713,0.4713,1
2023-05-19 18:46:00,600,0.4704,0.4704,0.4704,0.4704,0.4704,1
2023-05-19 18:48:00,500,0.4701,0.4701,0.4701,0.4701,0.4701,1
2023-05-19 18:49:00,117,0.4701,0.4701,0.4701,0.4701,0.4701,2
2023-05-19 18:54:00,1029,0.4718,0.4725,0.4701,0.4725,0.4701,11
2023-05-19 18:55:00,102,0.4727,0.4727,0.4727,0.4727,0.4727,1
2023-05-19 18:56:00,2050,0.4724,0.4734,0.47345,0.47345,0.472,13
2023-05-19 18:57:00,200,0.472,0.472,0.472,0.472,0.472,1
2023-05-19 19:00:00,2234,0.4737,0.4736,0.4739,0.4742,0.4736,21
2023-05-19 19:01:00,1700,0.4729,0.4729,0.4729,0.4729,0.4729,1
2023-05-19 19:02:00,100,0.4742,0.4742,0.4742,0.4742,0.4742,1
2023-05-19 19:03:00,2100,0.4737,0.473,0.4743,0.4743,0.473,11
2023-05-19 19:09:00,291,0.4726,0.47265,0.47265,0.47265,0.47265,3
2023-05-19 19:10:00,100,0.4705,0.4705,0.4705,0.4705,0.4705,1
2023-05-19 19:13:00,126,0.4705,0.4705,0.4705,0.4705,0.4705,2
2023-05-19 19:14:00,100,0.4705,0.4705,0.4705,0.4705,0.4705,1
2023-05-19 19:16:00,720,0.4718,0.4718,0.4717,0.4718,0.4717,4
2023-05-19 19:18:00,134,0.4708,0.4705,0.4705,0.4705,0.4705,3
2023-05-19 19:20:00,500,0.4715,0.4705,0.471787,0.471787,0.4705,2
2023-05-19 19:21:00,403,0.4705,0.4705,0.4705,0.4705,0.4705,2
2023-05-19 19:22:00,1300,0.471,0.47115,0.4717,0.4717,0.4705,12
2023-05-19 19:23:00,300,0.4715,0.4715,0.4715,0.4715,0.4715,3
2023-05-19 19:24:00,346,0.4715,0.4717,0.47115,0.4717,0.47115,4
2023-05-19 19:26:00,103,0.4718,0.4718,0.4718,0.4718,0.4718,2
2023-05-19 19:28:00,2970,0.4709,0.47075,0.4709,0.4709,0.47075,9
2023-05-19 19:29:00,2447,0.4708,0.4708,0.4708,0.4708,0.4708,2
2023-05-19 19:30:00,7208,0.4702,0.4708,0.4705,0.4708,0.47,33
2023-05-19 19:32:00,100,0.4675,0.46745,0.46745,0.46745,0.46745,1
2023-05-19 19:34:00,127,0.468,0.46745,0.46745,0.46745,0.46745,2
2023-05-19 19:35:00,163,0.4688,0.469799,0.469799,0.469799,0.469799,6
2023-05-19 19:36:00,115,0.4698,0.4698,0.4698,0.4698,0.4698,1
2023-05-19 19:37:00,150,0.4666,0.46745,0.46745,0.46745,0.46745,2
2023-05-19 19:38:00,654,0.4683,0.4675,0.4698,0.4698,0.4675,4
2023-05-19 19:39:00,128,0.4678,0.4679,0.4679,0.4679,0.4679,4
2023-05-19 19:40:00,106,0.4698,0.4698,0.4698,0.4698,0.4698,1
2023-05-19 19:41:00,2600,0.4692,0.46941,0.4685,0.46941,0.4685,2
2023-05-19 19:42:00,200,0.4683,0.4683,0.4683,0.4683,0.4683,1
2023-05-19 19:43:00,2130,0.4651,0.465,0.465,0.465,0.465,10
2023-05-19 19:44:00,790,0.4699,0.469851,0.469851,0.469851,0.469851,2
2023-05-19 19:45:00,305,0.4658,0.465,0.4675,0.4675,0.465,3
2023-05-19 19:47:00,35146,0.4703,0.46745,0.4748,0.4774,0.46745,56
2023-05-19 19:48:00,2226,0.4748,0.4772,0.4749,0.4772,0.4709,11
2023-05-19 19:49:00,106,0.4774,0.4774,0.4774,0.4774,0.4774,2
2023-05-19 19:50:00,1046,0.476,0.4774,0.4774,0.4774,0.4748,8
2023-05-19 19:52:00,300,0.4748,0.4748,0.4748,0.4748,0.4748,3
2023-05-19 19:53:00,2510,0.4795,0.4774,0.4799,0.4799,0.4774,4
2023-05-19 19:54:00,200,0.4774,0.4774,0.4774,0.4774,0.4774,1
2023-05-19 19:55:00,5356,0.4756,0.477,0.4748,0.4794,0.4748,29
2023-05-19 19:56:00,3400,0.471,0.4748,0.47,0.475,0.47,13
2023-05-19 19:57:00,1800,0.4738,0.475,0.47,0.48,0.47,7
2023-05-19 19:58:00,56231,0.47,0.47,0.47,0.475,0.47,18
2023-05-19 19:59:00,14102,0.4654,0.47,0.4624,0.47,0.4624,50
2023-05-19 20:01:00,553,0.4606,0.4606,0.4606,0.4606,0.4606,1
2023-05-19 20:05:00,300,0.4836,0.4836,0.4836,0.4836,0.4836,1
2023-05-19 20:09:00,200,0.485,0.485,0.485,0.485,0.485,1
2023-05-19 20:23:00,201,0.4845,0.4841,0.485,0.485,0.4841,3
2023-05-19 20:32:00,1000,0.4849,0.4848,0.485,0.485,0.4848,2
2023-05-19 21:15:00,5160,0.471,0.471,0.471,0.471,0.471,1
2023-05-19 21:43:00,1006,0.475,0.475,0.475,0.475,0.475,2
2023-05-19 21:54:00,2000,0.485,0.485,0.485,0.485,0.485,1
2023-05-19 21:56:00,2050,0.4779,0.4712,0.485,0.485,0.4712,4
2023-05-19 21:57:00,200,0.4846,0.4841,0.485,0.485,0.4841,2
2023-05-19 22:35:00,1000,0.485,0.485,0.485,0.485,0.485,1
2023-05-19 22:40:00,200,0.4711,0.4711,0.4711,0.4711,0.4711,1
2023-05-19 22:52:00,1000,0.485,0.485,0.485,0.485,0.485,1
2023-05-22 11:56:00,200,0.4879,0.4858,0.49,0.49,0.4858,2
2023-05-22 12:35:00,207,0.4774,0.4774,0.4774,0.4774,0.4774,1
2023-05-22 12:37:00,107,0.4958,0.4958,0.4958,0.4958,0.4958,1
2023-05-22 13:00:00,137,0.49,0.49,0.49,0.49,0.49,1
2023-05-22 13:14:00,1900,0.4945,0.4934,0.4957,0.4957,0.4934,2
2023-05-22 13:20:00,1000,0.4917,0.4885,0.4999,0.4999,0.4885,4
2023-05-22 13:23:00,29500,0.4735,0.4736,0.47,0.4736,0.47,4
2023-05-22 13:25:00,824,0.4999,0.4999,0.4999,0.4999,0.4999,4
2023-05-22 13:30:00,18524,0.4978,0.498,0.4851,0.498,0.4851,7
2023-05-22 13:31:00,2507,0.4975,0.4999,0.485,0.4999,0.485,3
2023-05-22 13:32:00,2987,0.4852,0.485101,0.489899,0.489899,0.485,5
2023-05-22 13:33:00,3600,0.4801,0.48,0.4801,0.4801,0.48,5
2023-05-22 13:34:00,345,0.4852,0.4849,0.4849,0.4849,0.4849,4
2023-05-22 13:35:00,330,0.4843,0.487665,0.4842,0.487665,0.4842,4
2023-05-22 13:36:00,1027,0.485,0.484901,0.484901,0.484901,0.484901,4
2023-05-22 13:37:00,298,0.484,0.4849,0.4849,0.4849,0.4849,5
2023-05-22 13:38:00,7245,0.4801,0.4801,0.48,0.4801,0.48,2
2023-05-22 13:40:00,200,0.4826,0.485,0.4801,0.485,0.4801,2
2023-05-22 13:41:00,453,0.4801,0.4801,0.4801,0.4801,0.4801,3
2023-05-22 13:42:00,1748,0.4801,0.4801,0.480101,0.480101,0.4801,4
2023-05-22 13:43:00,5010,0.4797,0.4801,0.4764,0.4801,0.4764,11
2023-05-22 13:44:00,590,0.4762,0.476,0.4769,0.4769,0.476,6
2023-05-22 13:48:00,600,0.4799,0.4799,0.4799,0.4799,0.4799,1
2023-05-22 13:50:00,14550,0.4702,0.4775,0.47,0.4775,0.47,14
2023-05-22 13:51:00,585,0.47,0.47,0.47,0.47,0.47,5
2023-05-22 13:52:00,600,0.47,0.47,0.47,0.47,0.47,2
2023-05-22 13:55:00,370,0.4781,0.473,0.48,0.48,0.473,2
2023-05-22 14:02:00,1410,0.4738,0.472475,0.4799,0.4799,0.4629,11
2023-05-22 14:05:00,8477,0.46,0.46,0.46,0.46,0.46,12
2023-05-22 14:06:00,1000,0.47,0.47,0.47,0.47,0.47,4
2023-05-22 14:07:00,1193,0.4608,0.46,0.46,0.469,0.46,5
2023-05-22 14:10:00,407,0.4602,0.46,0.46,0.46,0.46,5
2023-05-22 14:12:00,300,0.4633,0.4649,0.462475,0.4649,0.4624,3
2023-05-22 14:14:00,1472,0.4619,0.4622,0.46,0.4635,0.46,52
2023-05-22 14:15:00,3155,0.462,0.462,0.462,0.462,0.462,4
2023-05-22 14:16:00,1000,0.4601,0.4601,0.4601,0.4601,0.4601,1
2023-05-22 14:17:00,500,0.4601,0.4601,0.4601,0.4601,0.4601,1
2023-05-22 14:18:00,5918,0.4613,0.4616,0.4619,0.462,0.4605,25
2023-05-22 14:19:00,7910,0.4616,0.461,0.4619,0.4619,0.461,30
2023-05-22 14:20:00,3992,0.4627,0.4619,0.4626,0.47,0.4617,20
2023-05-22 14:21:00,2000,0.4765,0.4765,0.4765,0.4765,0.4765,2
2023-05-22 14:22:00,120,0.479,0.479899,0.479899,0.479899,0.479899,2
2023-05-22 14:23:00,100,0.4774,0.4774,0.4774,0.4774,0.4774,1
2023-05-22 14:24:00,105,0.4751,0.475,0.475,0.475,0.475,2
2023-05-22 14:28:00,475,0.4769,0.4768,0.4768,0.4768,0.4768,2
2023-05-22 14:31:00,3052,0.48,0.48,0.48,0.48,0.48,3
2023-05-22 14:36:00,300,0.4765,0.4765,0.4765,0.4765,0.4765,2
2023-05-22 14:37:00,1141,0.4775,0.477539,0.477539,0.477539,0.477539,2
2023-05-22 14:38:00,2229,0.4775,0.4775,0.4775,0.4775,0.4774,11
2023-05-22 14:39:00,220,0.4797,0.4799,0.4799,0.4799,0.4799,2
2023-05-22 14:43:00,500,0.479,0.479,0.479,0.479,0.479,1
2023-05-22 14:44:00,210,0.4724,0.475,0.47,0.475,0.47,3
2023-05-22 14:47:00,26200,0.4689,0.46745,0.469799,0.469799,0.46745,7
2023-05-22 14:48:00,5360,0.4612,0.46745,0.46,0.46745,0.46,14
2023-05-22 14:49:00,720,0.4637,0.46,0.4655,0.4689,0.46,8
2023-05-22 14:55:00,634,0.4689,0.4699,0.4651,0.4699,0.4651,3
2023-05-22 14:56:00,1221,0.4672,0.46745,0.4699,0.4699,0.465,3
2023-05-22 14:57:00,200,0.4668,0.466225,0.46745,0.46745,0.466225,2
2023-05-22 14:58:00,210,0.4651,0.465,0.465,0.465,0.465,3
2023-05-22 14:59:00,14824,0.464,0.4698,0.4676,0.4698,0.4603,23
2023-05-22 15:02:00,1000,0.4674,0.4674,0.4674,0.4674,0.4674,1
2023-05-22 15:03:00,4000,0.47,0.4699,0.47,0.47,0.4699,2
2023-05-22 15:04:00,531,0.4682,0.4682,0.4682,0.4682,0.4682,1
2023-05-22 15:07:00,171,0.475,0.474999,0.474999,0.474999,0.474999,2
2023-05-22 15:08:00,1200,0.47,0.4699,0.47,0.47,0.4699,2
2023-05-22 15:12:00,310,0.4738,0.475,0.471175,0.475,0.471175,2
2023-05-22 15:17:00,850,0.4699,0.4699,0.4699,0.4699,0.4699,1
2023-05-22 15:18:00,840,0.4708,0.4699,0.471609,0.471609,0.4699,3
2023-05-22 15:22:00,400,0.4683,0.4675,0.4699,0.4699,0.4675,4
2023-05-22 15:24:00,109,0.4672,0.46701,0.46701,0.46701,0.46701,2
2023-05-22 15:25:00,184,0.4687,0.4687,0.4687,0.4687,0.4687,1
2023-05-22 15:26:00,100,0.4699,0.4699,0.4699,0.4699,0.4699,1
2023-05-22 15:34:00,125,0.4678,0.467,0.467,0.467,0.467,3
2023-05-22 15:38:00,2341,0.4707,0.471,0.467,0.471,0.467,3
2023-05-22 15:39:00,264,0.4672,0.467,0.467,0.467,0.467,4
2023-05-22 15:42:00,300,0.475,0.475,0.475,0.475,0.475,1
2023-05-22 15:43:00,500,0.471,0.471,0.471,0.471,0.471,1
2023-05-22 15:45:00,100,0.4713,0.4713,0.4713,0.4713,0.4713,1
2023-05-22 15:46:00,237,0.4671,0.4671,0.4671,0.4671,0.4671,2
2023-05-22 15:49:00,400,0.4672,0.4672,0.4671,0.4672,0.4671,2
2023-05-22 15:54:00,100,0.4749,0.474899,0.474899,0.474899,0.474899,1
2023-05-22 15:58:00,600,0.475,0.475,0.475,0.475,0.475,1
2023-05-22 15:59:00,500,0.4711,0.47105,0.47105,0.47105,0.47105,1
2023-05-22 16:00:00,730,0.4696,0.4671,0.4749,0.4749,0.4671,2
2023-05-22 16:04:00,123,0.4687,0.46905,0.46905,0.46905,0.46905,2
2023-05-22 16:05:00,122,0.4703,0.471,0.471,0.471,0.471,2
2023-05-22 16:08:00,400,0.4749,0.4749,0.4749,0.4749,0.4749,1
2023-05-22 16:10:00,2700,0.4736,0.47,0.474899,0.474899,0.47,2
2023-05-22 16:12:00,4800,0.4748,0.474799,0.474799,0.474799,0.474799,1
2023-05-22 16:13:00,500,0.471,0.471,0.471,0.471,0.471,1
2023-05-22 16:14:00,300,0.471,0.471,0.471,0.471,0.471,2
2023-05-22 16:19:00,2102,0.4736,0.474799,0.474,0.474799,0.471,9
2023-05-22 16:21:00,1606,0.4729,0.474,0.471,0.47415,0.471,7
2023-05-22 16:22:00,653,0.475,0.474999,0.474999,0.474999,0.474999,1
2023-05-22 16:23:00,600,0.4731,0.4731,0.4731,0.4731,0.4731,1
2023-05-22 16:25:00,700,0.474,0.473999,0.473999,0.473999,0.473999,1
2023-05-22 16:26:00,67836,0.4676,0.473,0.47,0.474,0.465,40
2023-05-22 16:27:00,2325,0.4654,0.4675,0.47,0.47,0.465,4
2023-05-22 16:34:00,244,0.4659,0.465,0.465,0.465,0.465,4
2023-05-22 16:35:00,103,0.47,0.47,0.47,0.47,0.47,4
2023-05-22 16:36:00,100,0.4749,0.474899,0.474899,0.474899,0.474899,1
2023-05-22 16:37:00,100,0.4714,0.4714,0.4714,0.4714,0.4714,1
2023-05-22 16:38:00,500,0.47,0.47,0.47,0.47,0.47,2
2023-05-22 16:39:00,100,0.47,0.47,0.47,0.47,0.47,1
2023-05-22 16:43:00,100,0.4701,0.470123,0.470123,0.470123,0.470123,1
2023-05-22 16:45:00,1975,0.4724,0.4722,0.472449,0.472449,0.4722,3
2023-05-22 16:47:00,1200,0.4701,0.4701,0.47,0.4701,0.47,3
2023-05-22 16:50:00,350,0.4709,0.47,0.4721,0.4721,0.47,3
2023-05-22 16:51:00,1156,0.4735,0.4735,0.4735,0.4735,0.4735,5
2023-05-22 16:52:00,6430,0.4681,0.4732,0.4706,0.4749,0.465,19
2023-05-22 16:53:00,400,0.465,0.465,0.465,0.465,0.465,1
2023-05-22 16:57:00,454,0.4704,0.4704,0.4704,0.4704,0.4704,1
2023-05-22 16:58:00,1600,0.4701,0.465,0.4704,0.4704,0.465,2
2023-05-22 16:59:00,200,0.465,0.465,0.465,0.465,0.465,1
2023-05-22 17:00:00,2000,0.469,0.4675,0.4675,0.474799,0.465,6
2023-05-22 17:01:00,200,0.4675,0.4675,0.4675,0.4675,0.4675,2
2023-05-22 17:03:00,13502,0.4696,0.46995,0.465,0.4749,0.465,8
2023-05-22 17:05:00,14160,0.465,0.465,0.4649,0.465,0.4645,12
2023-05-22 17:06:00,108,0.4651,0.4649,0.4649,0.4649,0.4649,2
2023-05-22 17:07:00,210,0.4749,0.474899,0.474899,0.474899,0.474899,1
2023-05-22 17:08:00,451,0.4671,0.4649,0.46995,0.46995,0.4649,5
2023-05-22 17:09:00,500,0.4649,0.4649,0.4649,0.4649,0.4649,4
2023-05-22 17:11:00,400,0.4674,0.4674,0.4674,0.4674,0.4674,1
2023-05-22 17:12:00,325,0.4676,0.4674,0.4674,0.4674,0.4674,2
2023-05-22 17:13:00,5200,0.4649,0.4649,0.4649,0.4649,0.4649,6
2023-05-22 17:20:00,415,0.4662,0.47,0.465,0.47,0.465,3
2023-05-22 17:21:00,1200,0.4654,0.475,0.4645,0.475,0.4645,4
2023-05-22 17:23:00,500,0.4645,0.4645,0.4645,0.4645,0.4645,3
2023-05-22 17:24:00,63000,0.46,0.4645,0.4601,0.4645,0.46,20
2023-05-22 17:25:00,825,0.4637,0.4638,0.4638,0.4638,0.4638,3
2023-05-22 17:26:00,1725,0.4622,0.4638,0.464,0.464,0.4602,7
2023-05-22 17:27:00,958,0.4648,0.4687,0.464,0.4687,0.464,5
2023-05-22 17:28:00,1500,0.4623,0.464,0.4603,0.464,0.4603,5
2023-05-22 17:29:00,800,0.464,0.464,0.464,0.464,0.464,2
2023-05-22 17:30:00,2400,0.4645,0.464,0.4603,0.465,0.4603,6
2023-05-22 17:31:00,10800,0.4606,0.464,0.4603,0.464,0.4603,12
2023-05-22 17:35:00,940,0.4607,0.4603,0.4639,0.4639,0.4602,5
2023-05-22 17:37:00,739,0.4602,0.4602,0.4602,0.4602,0.4602,2
2023-05-22 17:41:00,500,0.4676,0.4676,0.4676,0.4676,0.4676,1
2023-05-22 17:42:00,8000,0.4676,0.4676,0.4676,0.4676,0.4676,1
2023-05-22 17:43:00,2861,0.4628,0.4602,0.4602,0.4749,0.4602,5
2023-05-22 17:44:00,200,0.4722,0.4712,0.4732,0.4732,0.4712,2
2023-05-22 17:45:00,4750,0.4715,0.475,0.4638,0.475,0.46,6
2023-05-22 17:46:00,980,0.4652,0.4638,0.4638,0.4749,0.4638,4
2023-05-22 17:47:00,800,0.4638,0.4638,0.4638,0.4638,0.4638,2
2023-05-22 17:48:00,3300,0.461,0.4638,0.4601,0.4638,0.4601,3
2023-05-22 17:49:00,600,0.4638,0.4638,0.4638,0.4638,0.4638,2
2023-05-22 17:50:00,11900,0.46,0.46,0.46,0.46,0.46,15
2023-05-22 17:51:00,3522,0.4603,0.46,0.46,0.460101,0.46,8
2023-05-22 17:52:00,1332,0.46,0.46,0.46,0.46,0.46,3
2023-05-22 17:54:00,100,0.4675,0.4675,0.4675,0.4675,0.4675,1
2023-05-22 17:55:00,245,0.4748,0.474999,0.474999,0.474999,0.474999,2
2023-05-22 17:56:00,1300,0.4661,0.4679,0.46,0.4679,0.46,2
2023-05-22 17:57:00,6313,0.4717,0.47,0.46,0.4748,0.46,15
2023-05-22 18:00:00,250,0.4698,0.4698,0.4698,0.4698,0.4698,2
2023-05-22 18:01:00,2100,0.4697,0.465,0.4699,0.4699,0.465,3
2023-05-22 18:02:00,502,0.4687,0.4687,0.4687,0.4687,0.4687,2
2023-05-22 18:05:00,15905,0.4607,0.465,0.46,0.465,0.46,48
2023-05-22 18:07:00,225,0.4647,0.4647,0.4647,0.4647,0.4647,1
2023-05-22 18:08:00,345,0.4629,0.4606,0.4606,0.4606,0.4606,6
2023-05-22 18:09:00,2325,0.4604,0.46,0.4644,0.4644,0.46,4
2023-05-22 18:10:00,3050,0.4629,0.46,0.46,0.465,0.46,5
2023-05-22 18:12:00,1273,0.4645,0.465,0.46,0.4656,0.46,5
2023-05-22 18:16:00,408,0.462,0.46,0.4625,0.4625,0.46,6
2023-05-22 18:18:00,10200,0.4649,0.46,0.46,0.465,0.46,3
2023-05-22 18:20:00,150,0.4617,0.46,0.46,0.46,0.46,2
2023-05-22 18:27:00,1200,0.4639,0.4647,0.4601,0.4647,0.4601,2
2023-05-22 18:28:00,102,0.4649,0.465,0.465,0.465,0.465,2
2023-05-22 18:29:00,402,0.4662,0.4662,0.4662,0.4662,0.4662,2
2023-05-22 18:30:00,966,0.4635,0.463101,0.463,0.463101,0.463,6
2023-05-22 18:35:00,1002,0.463,0.463,0.463,0.463,0.463,8
2023-05-22 18:39:00,4500,0.4668,0.4658,0.4601,0.4694,0.4601,12
2023-05-22 18:40:00,1219,0.4654,0.4694,0.4601,0.4694,0.4601,8
2023-05-22 18:41:00,271,0.4675,0.4694,0.4694,0.4694,0.4694,5
2023-05-22 18:44:00,210,0.4646,0.46475,0.46475,0.46475,0.46475,2
2023-05-22 18:45:00,110,0.4627,0.4629,0.4629,0.4629,0.4629,2
2023-05-22 18:46:00,1120,0.4601,0.4601,0.4601,0.4601,0.4601,5
2023-05-22 18:47:00,907,0.4601,0.4602,0.46,0.4602,0.46,9
2023-05-22 18:51:00,100,0.463,0.463,0.463,0.463,0.463,1
2023-05-22 18:52:00,710,0.4617,0.4602,0.4609,0.4629,0.4602,9
2023-05-22 18:53:00,2408,0.4615,0.4616,0.4603,0.4616,0.4603,9
2023-05-22 18:56:00,100,0.4629,0.462899,0.462899,0.462899,0.462899,1
2023-05-22 18:57:00,710,0.4625,0.4629,0.4629,0.4629,0.4629,10
2023-05-22 18:58:00,438,0.4602,0.4603,0.4602,0.4603,0.4602,7
2023-05-22 18:59:00,6027,0.4606,0.4601,0.463,0.463,0.4601,5
2023-05-22 19:06:00,6062,0.4598,0.46,0.4595,0.46,0.4595,30
2023-05-22 19:07:00,2400,0.4596,0.4596,0.4596,0.4596,0.4596,3
2023-05-22 19:10:00,9900,0.46,0.46,0.46,0.46,0.46,6
2023-05-22 19:11:00,5300,0.4602,0.4602,0.4602,0.4602,0.4602,4
2023-05-22 19:12:00,300,0.4602,0.4602,0.4602,0.4602,0.4602,1
2023-05-22 19:13:00,13897,0.4602,0.4602,0.4608,0.4608,0.4602,7
2023-05-22 19:14:00,21706,0.461,0.461,0.4613,0.4613,0.461,11
2023-05-22 19:15:00,434,0.4613,0.4613,0.4613,0.4613,0.4613,3
2023-05-22 19:17:00,6189,0.4623,0.4596,0.4595,0.462999,0.4595,8
2023-05-22 19:18:00,5911,0.4608,0.463,0.4601,0.463,0.46,14
2023-05-22 19:19:00,489,0.4596,0.4596,0.4596,0.4596,0.4596,6
2023-05-22 19:20:00,2077,0.459,0.459,0.459,0.459,0.459,13
2023-05-22 19:21:00,610,0.4584,0.459,0.459,0.459,0.459,7
2023-05-22 19:22:00,1522,0.4583,0.4575,0.46,0.460639,0.4575,13
2023-05-22 19:23:00,250,0.4592,0.46,0.4586,0.46,0.4586,3
2023-05-22 19:25:00,1200,0.4583,0.4583,0.4586,0.4586,0.4583,3
2023-05-22 19:26:00,33120,0.4552,0.46,0.4601,0.4601,0.455,20
2023-05-22 19:27:00,700,0.4616,0.4619,0.462,0.462,0.46,3
2023-05-22 19:28:00,1600,0.4574,0.4585,0.4585,0.4585,0.455,6
2023-05-22 19:29:00,4822,0.4556,0.4587,0.4547,0.4587,0.4547,27
2023-05-22 19:31:00,921,0.4525,0.4525,0.4525,0.4525,0.4525,5
2023-05-22 19:33:00,330,0.4533,0.4526,0.4526,0.4526,0.4526,4
2023-05-22 19:34:00,400,0.4527,0.4531,0.4525,0.4531,0.4525,4
2023-05-22 19:35:00,200,0.4525,0.4525,0.4525,0.4525,0.4525,2
2023-05-22 19:36:00,220,0.4548,0.4549,0.4549,0.4549,0.4549,3
2023-05-22 19:37:00,525,0.4548,0.454899,0.454899,0.454899,0.454899,2
2023-05-22 19:39:00,10764,0.4549,0.454,0.452,0.4553,0.452,36
2023-05-22 19:40:00,683,0.457,0.459,0.455,0.459,0.455,10
2023-05-22 19:43:00,144,0.4595,0.4585,0.4585,0.4585,0.4585,3
2023-05-22 19:45:00,1390,0.4583,0.4585,0.4583,0.4585,0.4583,7
2023-05-22 19:46:00,100,0.4558,0.4558,0.4558,0.4558,0.4558,1
2023-05-22 19:47:00,245,0.4567,0.4558,0.4553,0.4558,0.4553,3
2023-05-22 19:48:00,252,0.4554,0.4553,0.4553,0.4553,0.4553,3
2023-05-22 19:50:00,4986,0.4606,0.46,0.458,0.462,0.4558,16
2023-05-22 19:52:00,200,0.462,0.462,0.462,0.462,0.462,1
2023-05-22 19:53:00,1056,0.4583,0.4583,0.4583,0.4583,0.4583,11
2023-05-22 19:54:00,1900,0.4599,0.46,0.458,0.46,0.458,11
2023-05-22 19:55:00,506,0.4592,0.458,0.458,0.4599,0.458,4
2023-05-22 19:56:00,1303,0.4592,0.4596,0.458,0.4596,0.458,5
2023-05-22 19:57:00,3979,0.4577,0.458,0.455,0.458,0.455,12
2023-05-22 19:58:00,91041,0.4504,0.4545,0.4501,0.462,0.446,147
2023-05-22 19:59:00,12083,0.4513,0.4501,0.45,0.4619,0.4492,115
2023-05-22 20:00:00,306,0.4699,0.4699,0.4699,0.4699,0.4699,2
2023-05-22 20:01:00,305,0.4601,0.4699,0.45,0.4699,0.45,2
2023-05-22 20:09:00,198,0.4505,0.4505,0.4505,0.4505,0.4505,1
2023-05-22 20:18:00,900,0.4699,0.4699,0.4699,0.4699,0.4699,1
2023-05-22 20:27:00,100,0.47,0.47,0.47,0.47,0.47,1
2023-05-22 20:32:00,300,0.4683,0.4725,0.46,0.4725,0.46,2
2023-05-22 20:47:00,290,0.4685,0.46,0.475,0.475,0.46,2
2023-05-22 20:58:00,100,0.475,0.475,0.475,0.475,0.475,1
2023-05-22 21:10:00,208,0.47,0.47,0.47,0.47,0.47,1
2023-05-22 21:49:00,100,0.47,0.47,0.47,0.47,0.47,1
2023-05-23 10:06:00,100,0.459,0.459,0.459,0.459,0.459,1
2023-05-23 11:00:00,300,0.4577,0.4552,0.459,0.459,0.4552,3
2023-05-23 11:06:00,101,0.45,0.45,0.45,0.45,0.45,2
2023-05-23 11:22:00,101,0.4465,0.4465,0.4465,0.4465,0.4465,2
2023-05-23 11:25:00,299,0.445,0.445,0.445,0.445,0.445,2
2023-05-23 12:00:00,12400,0.4486,0.4475,0.4475,0.465,0.4475,8
2023-05-23 12:24:00,1500,0.4453,0.4453,0.4453,0.4453,0.4453,1
2023-05-23 12:52:00,203,0.4599,0.46,0.46,0.46,0.46,4
2023-05-23 12:56:00,290,0.4575,0.4575,0.4575,0.4575,0.4575,2
2023-05-23 13:10:00,123,0.4575,0.4575,0.4575,0.4575,0.4575,1
2023-05-23 13:25:00,690,0.449,0.449,0.449,0.449,0.449,3
2023-05-23 13:26:00,24686,0.4573,0.4574,0.46,0.46,0.4475,16
2023-05-23 13:30:00,124980,0.4601,0.46,0.46,0.4651,0.46,16
2023-05-23 13:31:00,445,0.4649,0.4645,0.4645,0.4645,0.4645,3
2023-05-23 13:32:00,2901,0.4602,0.4621,0.456,0.4621,0.456,3
2023-05-23 13:33:00,36470,0.459,0.46,0.459,0.4671,0.456,56
2023-05-23 13:34:00,501,0.46,0.46,0.46,0.46,0.46,2
2023-05-23 13:35:00,3833,0.4585,0.4589,0.4619,0.4619,0.456,9
2023-05-23 13:36:00,9141,0.4619,0.4619,0.4619,0.4619,0.4619,2
2023-05-23 13:38:00,2503,0.4564,0.455,0.455,0.4585,0.455,4
2023-05-23 13:39:00,5492,0.4614,0.4618,0.4619,0.4619,0.4503,4
2023-05-23 13:40:00,15308,0.4593,0.45,0.46,0.4699,0.45,55
2023-05-23 13:41:00,600,0.4698,0.4698,0.4699,0.4699,0.4698,2
2023-05-23 13:42:00,102,0.469,0.469,0.469,0.469,0.469,2
2023-05-23 13:43:00,68844,0.456,0.4619,0.4578,0.4619,0.45,89
2023-05-23 13:44:00,1072,0.462,0.462,0.462,0.462,0.462,2
2023-05-23 13:47:00,100,0.463,0.463,0.463,0.463,0.463,1
2023-05-23 13:50:00,1100,0.4683,0.463,0.468799,0.468799,0.463,2
2023-05-23 13:51:00,1347,0.461,0.463,0.46,0.4649,0.46,5
2023-05-23 13:52:00,59009,0.4598,0.46,0.46,0.46,0.4589,46
2023-05-23 13:53:00,2748,0.4576,0.4577,0.4577,0.4577,0.4577,9
2023-05-23 13:54:00,602,0.4596,0.4578,0.46,0.46,0.4578,3
2023-05-23 13:55:00,1461,0.46,0.4648,0.45775,0.4648,0.45775,4
2023-05-23 13:56:00,63806,0.4523,0.4649,0.4507,0.4649,0.4507,24
2023-05-23 13:57:00,114311,0.4513,0.4649,0.4551,0.4649,0.4452,151
2023-05-23 13:58:00,104,0.4648,0.4648,0.4648,0.4648,0.4648,2
2023-05-23 13:59:00,308,0.4506,0.46,0.446,0.46,0.446,3
2023-05-23 14:01:00,280,0.4565,0.4555,0.4555,0.4555,0.4555,2
2023-05-23 14:02:00,4200,0.4555,0.4555,0.4555,0.4555,0.4555,1
2023-05-23 14:04:00,100,0.4555,0.4555,0.4555,0.4555,0.4555,1
2023-05-23 14:05:00,120,0.4641,0.4649,0.4649,0.4649,0.4649,2
2023-05-23 14:06:00,9209,0.4623,0.4555,0.45595,0.4648,0.4555,14
2023-05-23 14:07:00,11900,0.464,0.4558,0.4645,0.4646,0.4558,5
2023-05-23 14:09:00,21261,0.4597,0.4597,0.4596,0.4597,0.4548,11
2023-05-23 14:10:00,1244,0.4557,0.4548,0.4595,0.4595,0.4548,6
2023-05-23 14:12:00,5381,0.4504,0.4548,0.45,0.4596,0.45,8
2023-05-23 14:13:00,1825,0.4545,0.45,0.4595,0.4595,0.45,6
2023-05-23 14:15:00,467,0.4546,0.4548,0.4545,0.4548,0.4545,2
2023-05-23 14:16:00,1500,0.4546,0.4546,0.4546,0.4546,0.4546,1
2023-05-23 14:17:00,624,0.4502,0.45,0.45,0.45,0.45,3
2023-05-23 14:18:00,610,0.4552,0.4544,0.4589,0.4589,0.4544,6
2023-05-23 14:19:00,525,0.4501,0.4501,0.45,0.4501,0.45,4
2023-05-23 14:20:00,300,0.4559,0.45,0.4588,0.4588,0.45,2
2023-05-23 14:23:00,850,0.4511,0.451,0.4511,0.4511,0.451,2
2023-05-23 14:25:00,200,0.4549,0.4588,0.451,0.4588,0.451,2
2023-05-23 14:26:00,100,0.451,0.451,0.451,0.451,0.451,1
2023-05-23 14:27:00,105,0.4587,0.45889,0.45889,0.45889,0.45889,2
2023-05-23 14:28:00,100,0.451,0.451,0.451,0.451,0.451,1
2023-05-23 14:29:00,198,0.451,0.451,0.451,0.451,0.451,2
2023-05-23 14:31:00,165,0.4531,0.453,0.453,0.453,0.453,3
2023-05-23 14:34:00,100,0.453,0.453,0.453,0.453,0.453,1
2023-05-23 14:37:00,14348,0.4533,0.4544,0.4531,0.45445,0.453,33
2023-05-23 14:38:00,3999,0.4512,0.452,0.451101,0.452,0.451101,2
2023-05-23 14:39:00,12460,0.451,0.451,0.451016,0.451016,0.451,9
2023-05-23 14:40:00,2713,0.4511,0.4511,0.4511,0.4511,0.4511,18
2023-05-23 14:41:00,510,0.4513,0.4519,0.451,0.4519,0.451,6
2023-05-23 14:42:00,200,0.4511,0.4511,0.4511,0.4511,0.4511,1
2023-05-23 14:43:00,221,0.4513,0.4511,0.4511,0.4511,0.4511,3
2023-05-23 14:44:00,200,0.4511,0.451,0.4511,0.4511,0.451,2
2023-05-23 14:45:00,7903,0.4521,0.452,0.452171,0.452171,0.452,8
2023-05-23 14:46:00,750,0.4582,0.458161,0.458161,0.458161,0.458161,1
2023-05-23 14:47:00,3710,0.4575,0.4522,0.4522,0.458799,0.4522,9
2023-05-23 14:49:00,512,0.4542,0.4555,0.4522,0.4555,0.4522,4
2023-05-23 14:50:00,245,0.4558,0.4587,0.4522,0.4587,0.4522,4
2023-05-23 14:52:00,151,0.4529,0.4522,0.4522,0.4522,0.4522,3
2023-05-23 14:53:00,100,0.4522,0.4522,0.4522,0.4522,0.4522,1
2023-05-23 14:54:00,6110,0.4523,0.4523,0.4522,0.4523,0.4522,4
2023-05-23 14:55:00,600,0.4535,0.4538,0.4522,0.4538,0.4522,2
2023-05-23 14:56:00,110,0.4535,0.4532,0.4532,0.4532,0.4532,2
2023-05-23 14:57:00,1494,0.455,0.455,0.455,0.455,0.455,6
2023-05-23 14:58:00,6610,0.4545,0.455,0.4532,0.45595,0.4532,12
2023-05-23 14:59:00,560,0.4535,0.453649,0.4532,0.453649,0.4532,3
2023-05-23 15:00:00,17117,0.4512,0.4522,0.4505,0.4522,0.45,20
2023-05-23 15:01:00,7346,0.45,0.4501,0.4491,0.4501,0.4491,21
2023-05-23 15:02:00,200,0.4472,0.4472,0.4472,0.4472,0.4472,1
2023-05-23 15:03:00,23128,0.4464,0.4472,0.445,0.4472,0.445,37
2023-05-23 15:04:00,700,0.4434,0.4436,0.4428,0.4436,0.4428,3
2023-05-23 15:05:00,7890,0.4427,0.4428,0.442598,0.4431,0.4425,36
2023-05-23 15:06:00,8325,0.4425,0.4425,0.4425,0.4426,0.4425,28
2023-05-23 15:07:00,5476,0.4425,0.4425,0.442515,0.4426,0.4425,30
2023-05-23 15:08:00,3300,0.4425,0.4425,0.4425,0.4426,0.4425,15
2023-05-23 15:09:00,1845,0.4425,0.4425,0.442503,0.442503,0.4425,11
2023-05-23 15:10:00,153,0.4425,0.4425,0.4425,0.4425,0.4425,2
2023-05-23 15:11:00,100,0.4425,0.4425,0.4425,0.4425,0.4425,1
2023-05-23 15:12:00,2632,0.4425,0.442399,0.4425,0.4425,0.442399,13
2023-05-23 15:13:00,7810,0.4411,0.4424,0.441199,0.4424,0.441,11
2023-05-23 15:14:00,180,0.4411,0.4411,0.4411,0.4411,0.4411,2
2023-05-23 15:15:00,1600,0.441,0.441,0.441,0.441,0.441,4
2023-05-23 15:16:00,600,0.4411,0.441,0.4411,0.4411,0.441,2
2023-05-23 15:17:00,200,0.441,0.441,0.441,0.441,0.441,1
2023-05-23 15:19:00,128,0.441,0.441,0.441,0.441,0.441,2
2023-05-23 15:20:00,7975,0.4405,0.441043,0.4401,0.441043,0.44,25
2023-05-23 15:21:00,9480,0.44,0.44,0.44,0.44,0.44,34
2023-05-23 15:22:00,31309,0.4337,0.44,0.4333,0.44,0.4242,73
2023-05-23 15:24:00,3778,0.4369,0.4368,0.437,0.437,0.4368,6
2023-05-23 15:25:00,665,0.4384,0.444,0.436499,0.444,0.436499,2
2023-05-23 15:26:00,1300,0.4367,0.4369,0.4366,0.4369,0.4365,5
2023-05-23 15:27:00,977,0.433,0.433,0.433,0.433,0.433,5
2023-05-23 15:28:00,1758,0.4371,0.437,0.4388,0.4388,0.437,5
2023-05-23 15:30:00,1065,0.4394,0.4394,0.4394,0.4394,0.4394,2
2023-05-23 15:31:00,3562,0.4398,0.44,0.4399,0.44,0.437101,6
2023-05-23 15:32:00,1090,0.44,0.44,0.44,0.44,0.44,2
2023-05-23 15:33:00,1100,0.4389,0.4389,0.438501,0.4389,0.438501,2
2023-05-23 15:35:00,6901,0.44,0.44,0.44,0.44,0.44,20
2023-05-23 15:36:00,232,0.4383,0.44,0.437,0.44,0.437,3
2023-05-23 15:37:00,217,0.4399,0.44,0.44,0.44,0.44,2
2023-05-23 15:38:00,4469,0.44,0.4399,0.44,0.44,0.4399,11
2023-05-23 15:41:00,23000,0.443,0.443,0.443,0.443,0.443,9
2023-05-23 15:44:00,2000,0.4403,0.4403,0.4403,0.4403,0.4403,1
2023-05-23 15:45:00,200,0.44,0.44,0.44,0.44,0.44,1
2023-05-23 15:48:00,25603,0.4401,0.4401,0.4406,0.4406,0.4401,22
2023-05-23 15:49:00,1042,0.441,0.441,0.441,0.441,0.441,4
2023-05-23 15:50:00,105,0.4415,0.4414,0.4414,0.4414,0.4414,2
2023-05-23 15:53:00,500,0.4404,0.4404,0.4404,0.4404,0.4404,4
2023-05-23 15:57:00,1400,0.4423,0.4427,0.4412,0.4427,0.4412,3
2023-05-23 15:58:00,280,0.4413,0.4421,0.4403,0.4421,0.4403,3
2023-05-23 15:59:00,13117,0.4409,0.444,0.4404,0.444,0.4403,74
2023-05-23 16:00:00,600,0.4403,0.4404,0.4403,0.4404,0.4403,6
2023-05-23 16:01:00,217,0.4403,0.4404,0.4403,0.4404,0.4403,4
2023-05-23 16:02:00,350,0.4403,0.4403,0.4402,0.4403,0.4402,4
2023-05-23 16:03:00,53704,0.4395,0.4402,0.4374,0.4402,0.435,54
2023-05-23 16:04:00,5000,0.4374,0.4374,0.4374,0.4374,0.4374,1
2023-05-23 16:05:00,610,0.44,0.44,0.44,0.44,0.44,2
2023-05-23 16:06:00,150,0.4405,0.4405,0.4405,0.4405,0.4405,1
2023-05-23 16:08:00,1110,0.443,0.44,0.443329,0.443329,0.44,3
2023-05-23 16:10:00,213,0.442,0.4403,0.444,0.444,0.4403,2
2023-05-23 16:12:00,319,0.4409,0.4407,0.4406,0.4407,0.4406,5
2023-05-23 16:13:00,200,0.4451,0.4406,0.4495,0.4495,0.4406,2
2023-05-23 16:15:00,299,0.4451,0.4444,0.4444,0.4444,0.4444,2
2023-05-23 16:17:00,315,0.4469,0.4472,0.4472,0.4472,0.4472,5
2023-05-23 16:23:00,1045,0.4491,0.44805,0.449499,0.4496,0.4465,6
2023-05-23 16:25:00,350,0.4495,0.449499,0.449499,0.449499,0.449499,2
2023-05-23 16:29:00,100,0.4465,0.4465,0.4465,0.4465,0.4465,1
2023-05-23 16:30:00,15532,0.4441,0.4465,0.44,0.4465,0.44,14
2023-05-23 16:32:00,445,0.4374,0.4379,0.4373,0.4379,0.4373,5
2023-05-23 16:33:00,3800,0.439,0.439,0.44,0.44,0.439,6
2023-05-23 16:34:00,3612,0.4374,0.43865,0.438,0.43865,0.4373,10
2023-05-23 16:35:00,2300,0.443,0.4426,0.4471,0.4471,0.438,3
2023-05-23 16:38:00,100,0.445,0.445,0.445,0.445,0.445,1
2023-05-23 16:40:00,110,0.4426,0.4425,0.4425,0.4425,0.4425,2
2023-05-23 16:43:00,102,0.4401,0.44,0.44,0.44,0.44,2
2023-05-23 16:44:00,2000,0.44,0.44,0.44,0.44,0.44,1
2023-05-23 16:45:00,2360,0.4448,0.4445,0.44,0.446048,0.44,4
2023-05-23 16:49:00,900,0.442,0.4436,0.44,0.4436,0.44,2
2023-05-23 16:52:00,706,0.4434,0.4441,0.441,0.4441,0.441,3
2023-05-23 16:54:00,1000,0.4471,0.4471,0.4471,0.4471,0.4471,2
2023-05-23 16:58:00,1048,0.4428,0.44255,0.4426,0.4441,0.441,11
2023-05-23 17:04:00,225,0.441,0.441,0.441,0.441,0.441,1
2023-05-23 17:07:00,729,0.4411,0.441,0.441,0.441,0.441,3
2023-05-23 17:12:00,3543,0.443,0.441,0.44719,0.44719,0.441,7
2023-05-23 17:13:00,100,0.4441,0.4441,0.4441,0.4441,0.4441,1
2023-05-23 17:15:00,500,0.441,0.441,0.441,0.441,0.441,3
2023-05-23 17:18:00,492,0.4443,0.4445,0.4442,0.4445,0.4442,2
2023-05-23 17:24:00,3007,0.4424,0.4442,0.4412,0.447,0.4412,6
2023-05-23 17:25:00,1420,0.4438,0.4449,0.4439,0.4449,0.4413,10
2023-05-23 17:26:00,7706,0.4409,0.4413,0.441301,0.441301,0.44,28
2023-05-23 17:27:00,1103,0.4401,0.4407,0.44,0.4407,0.44,5
2023-05-23 17:29:00,8709,0.4399,0.44,0.438,0.44,0.438,15
2023-05-23 17:30:00,478,0.438,0.438,0.438,0.438,0.438,4
2023-05-23 17:33:00,600,0.4374,0.4374,0.4374,0.4374,0.4374,2
2023-05-23 17:34:00,100,0.4374,0.4374,0.4374,0.4374,0.4374,1
2023-05-23 17:35:00,210,0.4373,0.4373,0.4373,0.4373,0.4373,2
2023-05-23 17:36:00,200,0.4374,0.437399,0.437399,0.437399,0.437399,1
2023-05-23 17:37:00,2200,0.4374,0.4374,0.4374,0.4374,0.4373,4
2023-05-23 17:38:00,1515,0.4373,0.4373,0.4373,0.4373,0.4373,2
2023-05-23 17:39:00,600,0.4374,0.437399,0.437399,0.437399,0.437399,1
2023-05-23 17:40:00,3912,0.4373,0.4373,0.4373,0.4373,0.4373,7
2023-05-23 17:41:00,134,0.4374,0.4374,0.4374,0.4374,0.4374,4
2023-05-23 17:42:00,2017,0.4377,0.4373,0.4374,0.4403,0.4373,21
2023-05-23 17:44:00,300,0.4389,0.438899,0.438899,0.438899,0.438899,1
2023-05-23 17:46:00,458,0.4395,0.44,0.44,0.44,0.44,5
2023-05-23 17:50:00,355,0.4397,0.4403,0.439,0.4403,0.439,4
2023-05-23 17:51:00,680,0.4389,0.4389,0.4389,0.4389,0.4389,5
2023-05-23 17:52:00,166,0.4406,0.4409,0.4409,0.4409,0.4409,2
2023-05-23 17:53:00,5300,0.4407,0.4409,0.4374,0.4409,0.4374,2
2023-05-23 17:55:00,2270,0.4388,0.440551,0.4374,0.440551,0.4374,4
2023-05-23 17:58:00,402,0.4384,0.439,0.4375,0.439,0.4375,4
2023-05-23 18:00:00,520,0.4375,0.4375,0.4375,0.4375,0.4375,2
2023-05-23 18:01:00,210,0.4408,0.4408,0.4408,0.4408,0.4408,2
2023-05-23 18:02:00,638,0.4376,0.4376,0.4376,0.4376,0.4376,1
2023-05-23 18:04:00,150,0.4385,0.4374,0.4374,0.4374,0.4374,2
2023-05-23 18:05:00,115,0.4385,0.438512,0.438512,0.438512,0.438512,1
2023-05-23 18:06:00,330,0.44,0.44,0.44,0.44,0.44,6
2023-05-23 18:09:00,120,0.44,0.44,0.44,0.44,0.44,3
2023-05-23 18:10:00,334,0.4401,0.44,0.4402,0.4402,0.44,2
2023-05-23 18:11:00,10100,0.4376,0.4376,0.4375,0.4376,0.4375,2
2023-05-23 18:12:00,1400,0.4402,0.4402,0.4402,0.4402,0.4402,1
2023-05-23 18:13:00,509,0.44,0.44,0.44,0.44,0.44,6
2023-05-23 18:14:00,5210,0.44,0.4375,0.44,0.44,0.4375,5
2023-05-23 18:20:00,10006,0.4401,0.4401,0.4402,0.4402,0.44,15
2023-05-23 18:22:00,401,0.4401,0.4401,0.4401,0.4401,0.44,5
2023-05-23 18:24:00,571,0.44,0.4401,0.44,0.4401,0.44,8
2023-05-23 18:25:00,112,0.4402,0.4402,0.4402,0.4402,0.4402,1
2023-05-23 18:26:00,113,0.4401,0.440099,0.440099,0.440099,0.440099,2
2023-05-23 18:28:00,1900,0.4378,0.44,0.4375,0.44,0.4375,3
2023-05-23 18:29:00,200,0.4375,0.4375,0.4375,0.4375,0.4375,1
2023-05-23 18:38:00,1520,0.4401,0.440099,0.4402,0.4402,0.440099,3
2023-05-23 18:39:00,290,0.44,0.440199,0.440199,0.440199,0.440199,2
2023-05-23 18:40:00,5629,0.439,0.43939,0.4378,0.43939,0.4377,12
2023-05-23 18:41:00,1868,0.4376,0.4376,0.4376,0.4376,0.4376,19
2023-05-23 18:42:00,400,0.4401,0.44015,0.4402,0.4402,0.44,4
2023-05-23 18:45:00,110,0.4383,0.4381,0.4381,0.4381,0.4381,2
2023-05-23 18:46:00,406,0.4394,0.4403,0.438101,0.4403,0.438101,2
2023-05-23 18:47:00,2610,0.4393,0.4393,0.4393,0.4393,0.4391,9
2023-05-23 18:48:00,202,0.4402,0.4403,0.4402,0.4403,0.4402,2
2023-05-23 18:52:00,300,0.4403,0.4403,0.4403,0.4403,0.4403,3
2023-05-23 18:54:00,3219,0.4402,0.4403,0.4384,0.4403,0.4384,5
2023-05-23 18:56:00,200,0.4383,0.43855,0.438,0.43855,0.438,2
2023-05-23 18:57:00,2800,0.4391,0.4391,0.4391,0.4391,0.4391,12
2023-05-23 18:59:00,600,0.4384,0.4383,0.4392,0.4392,0.4381,6
2023-05-23 19:04:00,215,0.4395,0.4394,0.4394,0.4394,0.4394,3
2023-05-23 19:05:00,510,0.4403,0.440299,0.440299,0.440299,0.440299,3
2023-05-23 19:06:00,280,0.4394,0.439,0.439,0.439,0.439,5
2023-05-23 19:08:00,800,0.44,0.44,0.44,0.44,0.44,3
2023-05-23 19:11:00,900,0.4401,0.4401,0.4401,0.4401,0.4401,6
2023-05-23 19:16:00,100,0.4403,0.4403,0.4403,0.4403,0.4403,1
2023-05-23 19:17:00,3500,0.4404,0.4404,0.4404,0.4404,0.4404,2
2023-05-23 19:18:00,1200,0.4403,0.4404,0.4402,0.4404,0.4402,3
2023-05-23 19:21:00,22323,0.4371,0.4401,0.435,0.4402,0.435,27
2023-05-23 19:22:00,1050,0.4351,0.4351,0.4351,0.4351,0.4351,2
2023-05-23 19:24:00,1500,0.4351,0.4351,0.4351,0.4351,0.4351,12
2023-05-23 19:25:00,1705,0.4351,0.435,0.4351,0.4351,0.435,12
2023-05-23 19:27:00,100,0.4351,0.435101,0.435101,0.435101,0.435101,1
2023-05-23 19:29:00,3052,0.4352,0.4351,0.4352,0.4352,0.435098,32
2023-05-23 19:30:00,400,0.4384,0.4384,0.4384,0.4384,0.4384,2
2023-05-23 19:32:00,900,0.4418,0.441849,0.441849,0.441849,0.441849,1
2023-05-23 19:34:00,1250,0.4359,0.4357,0.4357,0.4357,0.4357,2
2023-05-23 19:35:00,2700,0.447,0.447899,0.4479,0.4479,0.4357,4
2023-05-23 19:38:00,1300,0.4404,0.441849,0.4357,0.441849,0.4357,3
2023-05-23 19:53:00,100,0.4478,0.4478,0.4478,0.4478,0.4478,1
2023-05-23 19:55:00,1345,0.4456,0.4478,0.44,0.4479,0.44,18
2023-05-23 19:56:00,1120,0.4479,0.4478,0.4479,0.4479,0.4478,13
2023-05-23 19:57:00,1131,0.4485,0.4478,0.4492,0.4492,0.4478,8
2023-05-23 19:59:00,3505,0.4459,0.4471,0.4431,0.4471,0.4431,12
2023-05-23 20:12:00,100,0.45,0.45,0.45,0.45,0.45,1
2023-05-23 20:23:00,400,0.45,0.45,0.45,0.45,0.45,1
2023-05-23 20:27:00,1776,0.4358,0.4358,0.4357,0.4358,0.4357,2
2023-05-23 20:31:00,1000,0.4429,0.4429,0.4429,0.4429,0.4429,1
2023-05-23 20:37:00,200,0.4429,0.4429,0.4429,0.4429,0.4429,1
2023-05-23 20:45:00,220,0.45,0.45,0.4499,0.45,0.4499,6
2023-05-23 20:48:00,181,0.4499,0.4499,0.4499,0.4499,0.4499,5
2023-05-23 21:44:00,5000,0.4555,0.45,0.456,0.456,0.45,4
2023-05-23 21:45:00,10000,0.458,0.458,0.458,0.458,0.458,2
2023-05-23 21:46:00,8475,0.458,0.458,0.458,0.458,0.458,3
2023-05-23 21:51:00,100,0.458,0.458,0.458,0.458,0.458,1
2023-05-23 22:39:00,100,0.4565,0.4565,0.4565,0.4565,0.4565,1
2023-05-23 22:50:00,300,0.458,0.458,0.458,0.458,0.458,1
2023-05-23 23:21:00,1050,0.4579,0.458,0.458,0.458,0.458,3
2023-05-24 12:00:00,2130,0.4665,0.4809,0.457,0.4809,0.457,10
2023-05-24 12:26:00,2000,0.4571,0.4571,0.457,0.4571,0.457,2
2023-05-24 12:31:00,324,0.4552,0.457,0.4511,0.457,0.4511,2
2023-05-24 13:17:00,292,0.4592,0.4592,0.4592,0.4592,0.4592,1
2023-05-24 13:27:00,200,0.4511,0.4511,0.4511,0.4511,0.4511,1
2023-05-24 13:30:00,3802,0.4511,0.4511,0.45,0.4511,0.45,2
2023-05-24 13:31:00,4579,0.45,0.45,0.45,0.45,0.45,10
2023-05-24 13:32:00,225,0.4497,0.45,0.4499,0.45,0.4499,4
2023-05-24 13:33:00,462,0.4474,0.4464,0.45,0.45,0.4464,2
2023-05-24 13:34:00,545,0.4497,0.45,0.4483,0.45,0.4483,2
2023-05-24 13:35:00,1084,0.4485,0.44825,0.4484,0.4484,0.44825,3
2023-05-24 13:37:00,5725,0.4411,0.45,0.45,0.45,0.44,21
2023-05-24 13:38:00,1850,0.4416,0.445,0.4401,0.445,0.440001,3
2023-05-24 13:39:00,100,0.45,0.45,0.45,0.45,0.45,1
2023-05-24 13:40:00,600,0.4417,0.4401,0.45,0.45,0.4401,2
2023-05-24 13:42:00,3932,0.437,0.44,0.445,0.445,0.4364,29
2023-05-24 13:43:00,771,0.4365,0.44,0.445,0.445,0.44,33
2023-05-24 13:44:00,10415,0.4498,0.44125,0.45,0.45,0.44125,6
2023-05-24 13:45:00,1106,0.4455,0.445,0.45,0.45,0.445,3
2023-05-24 13:46:00,1200,0.4413,0.4413,0.4413,0.4413,0.4413,1
2023-05-24 13:47:00,1000,0.4401,0.440101,0.440101,0.440101,0.440101,1
2023-05-24 13:48:00,200,0.445,0.445,0.445,0.445,0.445,1
2023-05-24 13:49:00,3249,0.4378,0.445,0.4325,0.445,0.4325,9
2023-05-24 13:51:00,9000,0.4326,0.4326,0.4326,0.4326,0.4326,1
2023-05-24 13:52:00,450,0.4405,0.4404,0.4404,0.4404,0.4404,3
2023-05-24 13:55:00,1000,0.4327,0.4327,0.4327,0.4327,0.4327,1
2023-05-24 13:57:00,100,0.4413,0.441349,0.441349,0.441349,0.441349,1
2023-05-24 13:59:00,1000,0.4498,0.45,0.45,0.45,0.45,2
2023-05-24 14:00:00,200,0.44,0.44,0.44,0.44,0.44,1
2023-05-24 14:02:00,8600,0.4473,0.4499,0.4449,0.4499,0.4449,12
2023-05-24 14:03:00,500,0.4478,0.449799,0.44,0.449799,0.44,2
2023-05-24 14:04:00,116,0.4498,0.4498,0.4498,0.4498,0.4498,1
2023-05-24 14:10:00,3196,0.4415,0.441535,0.441535,0.441535,0.441535,1
2023-05-24 14:20:00,300,0.4425,0.44408,0.441,0.44408,0.441,2
2023-05-24 14:21:00,1011,0.4497,0.4497,0.449699,0.4497,0.449699,3
2023-05-24 14:23:00,1000,0.4454,0.4454,0.4454,0.4454,0.4454,1
2023-05-24 14:24:00,29439,0.4414,0.442,0.4425,0.4425,0.44,25
2023-05-24 14:25:00,559,0.4338,0.432601,0.4326,0.432601,0.4326,8
2023-05-24 14:28:00,100,0.4497,0.4497,0.4497,0.4497,0.4497,1
2023-05-24 14:30:00,4052,0.4451,0.4497,0.44,0.4497,0.44,9
2023-05-24 14:35:00,128,0.4405,0.44,0.44,0.44,0.44,2
2023-05-24 14:36:00,102,0.4402,0.44,0.44,0.44,0.44,2
2023-05-24 14:37:00,150,0.4449,0.4449,0.4449,0.4449,0.4449,1
2023-05-24 14:41:00,3000,0.445,0.445,0.445,0.445,0.445,1
2023-05-24 14:42:00,100,0.4448,0.4448,0.4448,0.4448,0.4448,1
2023-05-24 14:43:00,148,0.4402,0.44,0.44,0.44,0.44,4
2023-05-24 14:45:00,897,0.4361,0.4361,0.4361,0.4361,0.4361,1
2023-05-24 14:46:00,3661,0.4407,0.44,0.4496,0.4496,0.44,5
2023-05-24 14:49:00,336,0.4396,0.4396,0.4396,0.4396,0.4396,3
2023-05-24 14:50:00,538,0.4362,0.4359,0.4359,0.4359,0.4359,8
2023-05-24 14:51:00,4565,0.4403,0.4401,0.4495,0.4495,0.4401,2
2023-05-24 14:53:00,8227,0.44,0.44,0.436,0.444751,0.436,18
2023-05-24 14:54:00,434,0.438,0.438001,0.438001,0.438001,0.438001,2
2023-05-24 14:55:00,1100,0.436,0.436,0.436,0.436,0.4359,8
2023-05-24 14:56:00,2135,0.4323,0.4326,0.4339,0.4339,0.4319,16
2023-05-24 14:57:00,2350,0.4327,0.432701,0.432701,0.432701,0.432701,1
2023-05-24 14:58:00,100,0.4363,0.4363,0.4363,0.4363,0.4363,1
2023-05-24 14:59:00,1329,0.4344,0.439799,0.4338,0.439799,0.4326,4
2023-05-24 15:00:00,200,0.4329,0.4329,0.4329,0.4329,0.4329,1
2023-05-24 15:01:00,12592,0.4309,0.433,0.43,0.433,0.43,12
2023-05-24 15:02:00,900,0.43,0.43,0.430001,0.430001,0.43,2
2023-05-24 15:05:00,2200,0.4303,0.430101,0.435,0.435,0.43,3
2023-05-24 15:06:00,250,0.4386,0.4386,0.4386,0.4386,0.4386,1
2023-05-24 15:11:00,600,0.4347,0.43545,0.431,0.43545,0.431,2
2023-05-24 15:13:00,1000,0.4311,0.4311,0.4311,0.4311,0.4311,1
2023-05-24 15:14:00,100,0.4331,0.4331,0.4331,0.4331,0.4331,1
2023-05-24 15:15:00,1130,0.4322,0.432285,0.431,0.432285,0.431,2
2023-05-24 15:22:00,1000,0.4311,0.4311,0.4311,0.4311,0.4311,1
2023-05-24 15:24:00,2600,0.431,0.431,0.431,0.431,0.431,2
2023-05-24 15:25:00,200,0.4338,0.4338,0.4338,0.4338,0.4338,2
2023-05-24 15:26:00,100,0.431,0.431,0.431,0.431,0.431,1
2023-05-24 15:28:00,230,0.4361,0.4361,0.4361,0.4361,0.4361,1
2023-05-24 15:31:00,630,0.4354,0.435399,0.435399,0.435399,0.435399,3
2023-05-24 15:36:00,1382,0.4387,0.4371,0.4338,0.439699,0.4338,5
2023-05-24 15:38:00,300,0.4345,0.4345,0.4345,0.4345,0.4345,1
2023-05-24 15:42:00,333,0.4342,0.43535,0.431,0.43535,0.431,5
2023-05-24 15:43:00,802,0.4311,0.4311,0.4311,0.4311,0.4311,2
2023-05-24 15:51:00,230,0.4367,0.4397,0.4397,0.4397,0.4397,2
2023-05-24 15:54:00,600,0.4369,0.43419,0.4397,0.4397,0.43419,2
2023-05-24 15:56:00,250,0.4396,0.4396,0.4396,0.4396,0.4396,1
2023-05-24 15:57:00,230,0.4368,0.4397,0.433,0.4397,0.433,3
2023-05-24 16:01:00,201,0.4396,0.439599,0.439599,0.439599,0.439599,2
2023-05-24 16:03:00,300,0.4365,0.4396,0.43635,0.4396,0.4335,3
2023-05-24 16:05:00,180,0.4374,0.4364,0.4364,0.4364,0.4364,3
2023-05-24 16:10:00,1100,0.4392,0.4396,0.435,0.4396,0.435,2
2023-05-24 16:11:00,2000,0.4397,0.4397,0.4397,0.4397,0.4397,1
2023-05-24 16:12:00,5754,0.4365,0.4375,0.4366,0.4375,0.4356,4
2023-05-24 16:13:00,167,0.4357,0.436101,0.436101,0.436101,0.436101,3
2023-05-24 16:14:00,400,0.435,0.435,0.435,0.435,0.435,2
2023-05-24 16:16:00,1000,0.4351,0.4351,0.4351,0.4351,0.4351,1
2023-05-24 16:17:00,1200,0.4351,0.4351,0.435,0.4351,0.435,10
2023-05-24 16:18:00,174,0.435,0.435,0.435,0.435,0.435,2
2023-05-24 16:20:00,244,0.4351,0.4351,0.4351,0.4351,0.4351,1
2023-05-24 16:26:00,754,0.435,0.435,0.435,0.435,0.435,4
2023-05-24 16:28:00,1100,0.435,0.435,0.435,0.435,0.435,2
2023-05-24 16:29:00,1185,0.4351,0.4351,0.4351,0.4351,0.4351,8
2023-05-24 16:35:00,700,0.435,0.435,0.435,0.435,0.435,5
2023-05-24 16:36:00,100,0.435,0.435,0.435,0.435,0.435,1
2023-05-24 16:37:00,301,0.435,0.435,0.435,0.435,0.435,3
2023-05-24 16:39:00,100,0.435,0.435,0.435,0.435,0.435,1
2023-05-24 16:41:00,208,0.435,0.435,0.435,0.435,0.435,2
2023-05-24 16:44:00,3227,0.435,0.435,0.435,0.435,0.435,9
2023-05-24 16:45:00,1501,0.433,0.433,0.433,0.4335,0.433,8
2023-05-24 16:46:00,104,0.431,0.431,0.431,0.431,0.431,2
2023-05-24 16:47:00,7600,0.431,0.431,0.431,0.431,0.431,9
2023-05-24 16:48:00,2153,0.4301,0.431,0.43,0.431,0.43,17
2023-05-24 16:49:00,55450,0.4298,0.4301,0.4269,0.4301,0.426,58
2023-05-24 16:50:00,900,0.426,0.42605,0.426,0.42605,0.426,5
2023-05-24 16:51:00,200,0.4256,0.4256,0.4256,0.4256,0.4256,1
2023-05-24 16:52:00,2400,0.4252,0.4256,0.425,0.4256,0.425,5
2023-05-24 16:53:00,7680,0.425,0.425,0.425,0.42505,0.425,8
2023-05-24 16:54:00,3100,0.425,0.4251,0.425,0.4251,0.425,8
2023-05-24 16:55:00,500,0.425,0.425,0.425,0.425,0.425,1
2023-05-24 16:56:00,18200,0.421,0.425,0.416,0.4251,0.416,59
2023-05-24 16:57:00,4326,0.4131,0.4137,0.4135,0.4152,0.411001,15
2023-05-24 16:58:00,15207,0.413,0.4126,0.4237,0.4237,0.4118,19
2023-05-24 16:59:00,3157,0.4182,0.419499,0.4149,0.4229,0.413,8
2023-05-24 17:00:00,2428,0.4203,0.4228,0.4195,0.4228,0.4195,23
2023-05-24 17:02:00,100,0.4229,0.4229,0.4229,0.4229,0.4229,1
2023-05-24 17:03:00,5525,0.4229,0.423,0.423,0.423,0.4215,19
2023-05-24 17:04:00,4001,0.4259,0.4259,0.4259,0.4259,0.4259,2
2023-05-24 17:05:00,2400,0.425,0.4258,0.425,0.4258,0.425,4
2023-05-24 17:07:00,500,0.4254,0.4254,0.4254,0.4254,0.4254,1
2023-05-24 17:08:00,366,0.4257,0.4255,0.4259,0.4259,0.4255,4
2023-05-24 17:09:00,100,0.4258,0.4258,0.4258,0.4258,0.4258,1
2023-05-24 17:10:00,1178,0.4258,0.4259,0.4258,0.4259,0.4258,3
2023-05-24 17:11:00,2114,0.4258,0.4258,0.42585,0.42585,0.4258,5
2023-05-24 17:12:00,271,0.4259,0.42585,0.42585,0.42585,0.42585,5
2023-05-24 17:13:00,2301,0.4259,0.42585,0.42585,0.42585,0.42585,2
2023-05-24 17:14:00,5078,0.4259,0.425801,0.426,0.426,0.425801,17
2023-05-24 17:16:00,300,0.4259,0.425899,0.4259,0.4259,0.425899,2
2023-05-24 17:20:00,10200,0.4259,0.4259,0.42585,0.4259,0.42585,3
2023-05-24 17:21:00,1000,0.4259,0.4259,0.4259,0.4259,0.4259,1
2023-05-24 17:22:00,200,0.4259,0.4259,0.4259,0.4259,0.4259,2
2023-05-24 17:24:00,1101,0.4259,0.4259,0.4259,0.4259,0.4259,3
2023-05-24 17:25:00,400,0.4259,0.4259,0.4259,0.4259,0.4259,2
2023-05-24 17:26:00,100,0.4258,0.4258,0.4258,0.4258,0.4258,1
2023-05-24 17:29:00,120,0.4258,0.4258,0.4258,0.4258,0.4258,2
2023-05-24 17:30:00,400,0.4259,0.4259,0.4259,0.4259,0.4259,3
2023-05-24 17:32:00,1100,0.4259,0.4259,0.4259,0.4259,0.4259,2
2023-05-24 17:33:00,1300,0.4258,0.4258,0.42585,0.4259,0.4258,4
2023-05-24 17:36:00,200,0.4259,0.4259,0.4259,0.4259,0.4259,2
2023-05-24 17:38:00,250,0.4259,0.4259,0.4259,0.4259,0.4259,3
2023-05-24 17:39:00,100,0.4259,0.4259,0.4259,0.4259,0.4259,1
2023-05-24 17:40:00,200,0.4259,0.4259,0.4259,0.4259,0.4259,2
2023-05-24 17:43:00,200,0.4259,0.4259,0.4259,0.4259,0.4259,2
2023-05-24 17:44:00,459,0.4258,0.4259,0.4258,0.4259,0.4258,5
2023-05-24 17:45:00,200,0.4259,0.4259,0.4259,0.4259,0.4259,2
2023-05-24 17:46:00,200,0.4259,0.4259,0.4259,0.4259,0.4259,1
2023-05-24 17:47:00,3147,0.4259,0.4259,0.4258,0.4259,0.4258,8
2023-05-24 17:48:00,541,0.4258,0.4258,0.4258,0.4258,0.4258,4
2023-05-24 17:49:00,3100,0.4259,0.4259,0.4259,0.4259,0.4259,3
2023-05-24 17:50:00,400,0.4258,0.4258,0.4258,0.4258,0.4258,1
2023-05-24 17:52:00,105,0.4259,0.4259,0.4259,0.4259,0.4259,1
2023-05-24 17:54:00,5400,0.4259,0.4256,0.4257,0.426,0.4256,6
2023-05-24 17:55:00,1200,0.426,0.426,0.425788,0.426,0.425788,3
2023-05-24 17:56:00,200,0.4259,0.4258,0.4259,0.4259,0.4258,2
2023-05-24 18:00:00,1900,0.4257,0.4259,0.425818,0.4259,0.4255,10
2023-05-24 18:05:00,2301,0.426,0.426,0.4257,0.426,0.4257,6
2023-05-24 18:06:00,2500,0.4259,0.4259,0.4259,0.4259,0.4259,1
2023-05-24 18:09:00,1045,0.426,0.426,0.426,0.426,0.426,1
2023-05-24 18:10:00,1150,0.4255,0.4255,0.4255,0.4255,0.4255,1
2023-05-24 18:12:00,400,0.4255,0.4255,0.4255,0.4255,0.4255,2
2023-05-24 18:13:00,100,0.426,0.426,0.426,0.426,0.426,1
2023-05-24 18:14:00,2100,0.4259,0.426,0.426,0.426,0.4259,6
2023-05-24 18:15:00,2420,0.4258,0.426,0.4258,0.426,0.4255,4
2023-05-24 18:16:00,410,0.4255,0.4255,0.4255,0.4255,0.4255,2
2023-05-24 18:17:00,110,0.4255,0.4255,0.4255,0.4255,0.4255,2
2023-05-24 18:18:00,450,0.4255,0.4255,0.4255,0.4255,0.4255,2
2023-05-24 18:20:00,1100,0.4259,0.4259,0.4255,0.4259,0.4255,2
2023-05-24 18:22:00,1023,0.4258,0.425749,0.425749,0.425749,0.425749,2
2023-05-24 18:23:00,400,0.4256,0.4256,0.4256,0.4256,0.4256,2
2023-05-24 18:24:00,500,0.4256,0.4256,0.4256,0.4256,0.4256,2
2023-05-24 18:27:00,110,0.4256,0.4256,0.4256,0.4256,0.4256,2
2023-05-24 18:28:00,200,0.4256,0.4256,0.4256,0.4256,0.4256,1
2023-05-24 18:30:00,4084,0.4255,0.4255,0.4255,0.4255,0.4255,11
2023-05-24 18:31:00,400,0.4253,0.4258,0.425,0.4258,0.425,3
2023-05-24 18:32:00,200,0.425,0.425,0.425,0.425,0.425,2
2023-05-24 18:34:00,2700,0.4258,0.4252,0.425,0.4259,0.425,3
2023-05-24 18:36:00,513,0.4255,0.4255,0.4255,0.4255,0.4255,4
2023-05-24 18:38:00,1936,0.4258,0.4258,0.4257,0.4258,0.4257,3
2023-05-24 18:40:00,1315,0.4257,0.4259,0.4257,0.4259,0.4257,2
2023-05-24 18:42:00,69317,0.4243,0.42575,0.4231,0.425999,0.4202,46
2023-05-24 18:43:00,8969,0.4257,0.4231,0.4246,0.43,0.4201,32
2023-05-24 18:45:00,138,0.4349,0.4349,0.4349,0.4349,0.4349,1
2023-05-24 18:47:00,138,0.4325,0.432499,0.432499,0.432499,0.432499,1
2023-05-24 18:50:00,438,0.4301,0.4323,0.4272,0.4323,0.4272,5
2023-05-24 18:51:00,211,0.4345,0.434499,0.434499,0.434499,0.434499,2
2023-05-24 18:53:00,100,0.4289,0.4289,0.4289,0.4289,0.4289,1
2023-05-24 18:54:00,20120,0.426,0.425,0.429,0.429,0.425,5
2023-05-24 18:55:00,200,0.4231,0.4231,0.4231,0.4231,0.4231,1
2023-05-24 18:56:00,11600,0.425,0.425,0.4231,0.425,0.4231,4
2023-05-24 18:57:00,119,0.4247,0.425,0.425,0.425,0.425,2
2023-05-24 19:02:00,310,0.4265,0.425,0.425,0.4298,0.425,3
2023-05-24 19:08:00,1874,0.43,0.43,0.43,0.43,0.43,1
2023-05-24 19:10:00,200,0.4231,0.4231,0.4231,0.4231,0.4231,1
2023-05-24 19:11:00,750,0.4239,0.4231,0.4231,0.4231,0.4231,3
2023-05-24 19:16:00,250,0.4238,0.4231,0.4231,0.4231,0.4231,2
2023-05-24 19:17:00,100,0.425,0.425,0.425,0.425,0.425,1
2023-05-24 19:18:00,150,0.426,0.426,0.426,0.426,0.426,2
2023-05-24 19:19:00,4400,0.4268,0.428899,0.425,0.428899,0.425,26
2023-05-24 19:20:00,2069,0.4263,0.425,0.425,0.4289,0.425,9
2023-05-24 19:21:00,2083,0.4252,0.425,0.4251,0.4254,0.425,14
2023-05-24 19:22:00,236,0.425,0.425,0.425,0.425,0.425,4
2023-05-24 19:23:00,500,0.4233,0.4233,0.4233,0.4233,0.4233,5
2023-05-24 19:25:00,122,0.4267,0.425,0.425,0.425,0.425,3
2023-05-24 19:26:00,4321,0.4266,0.4291,0.4236,0.4291,0.4236,14
2023-05-24 19:27:00,1100,0.4236,0.4236,0.4236,0.4236,0.4236,6
2023-05-24 19:28:00,400,0.4236,0.4236,0.4236,0.4236,0.4236,4
2023-05-24 19:29:00,700,0.424,0.4236,0.42635,0.42635,0.4236,4
2023-05-24 19:32:00,1900,0.4266,0.4237,0.424,0.42915,0.4237,8
2023-05-24 19:34:00,2400,0.4237,0.4237,0.4237,0.4237,0.4237,6
2023-05-24 19:35:00,2750,0.4311,0.4237,0.434499,0.4346,0.4237,7
2023-05-24 19:36:00,3480,0.4242,0.4264,0.4238,0.4264,0.4238,4
2023-05-24 19:37:00,720,0.425,0.4237,0.425,0.425,0.4237,5
2023-05-24 19:38:00,1100,0.426,0.4269,0.4269,0.4269,0.425,4
2023-05-24 19:40:00,23800,0.4278,0.425,0.4252,0.4289,0.425,162
2023-05-24 19:41:00,900,0.4288,0.4252,0.4252,0.4312,0.4252,4
2023-05-24 19:45:00,28765,0.4256,0.4299,0.428,0.4299,0.4252,15
2023-05-24 19:47:00,500,0.4345,0.4345,0.4345,0.4345,0.4345,1
2023-05-24 19:48:00,244,0.4292,0.428,0.428,0.428,0.428,3
2023-05-24 19:50:00,200,0.428,0.428,0.428,0.428,0.428,1
2023-05-24 19:51:00,250,0.432,0.4346,0.428001,0.4346,0.428001,2
2023-05-24 19:52:00,3331,0.4325,0.434499,0.428,0.434499,0.428,11
2023-05-24 19:53:00,700,0.4286,0.428,0.428,0.428,0.428,4
2023-05-24 19:54:00,2826,0.4337,0.428,0.435,0.435,0.428,26
2023-05-24 19:55:00,2036,0.4338,0.435,0.435,0.435,0.43,14
2023-05-24 19:56:00,2700,0.4333,0.4318,0.4332,0.435,0.4318,12
2023-05-24 19:57:00,2739,0.4337,0.4332,0.4332,0.435,0.4332,15
2023-05-24 19:58:00,16673,0.4288,0.4332,0.426,0.435,0.426,62
2023-05-24 19:59:00,14687,0.4256,0.426,0.4249,0.435,0.4249,56
2023-05-24 20:00:00,520,0.4238,0.4231,0.4231,0.4231,0.4231,2
2023-05-24 20:01:00,242,0.4194,0.4201,0.4201,0.4201,0.4201,5
2023-05-24 21:06:00,455,0.44,0.44,0.44,0.44,0.44,1
2023-05-24 21:09:00,216,0.44,0.44,0.44,0.44,0.44,1
2023-05-24 21:22:00,104,0.4396,0.44,0.44,0.44,0.44,2
2023-05-24 21:36:00,150,0.4483,0.4483,0.4483,0.4483,0.4483,1
2023-05-24 21:44:00,200,0.4381,0.438,0.438,0.438,0.438,4
2023-05-24 22:26:00,350,0.447,0.447,0.447,0.447,0.447,1
2023-05-24 22:43:00,125,0.4567,0.4567,0.4567,0.4567,0.4567,1
2023-05-24 23:53:00,992,0.4306,0.435,0.43,0.435,0.43,12
