t,v,vw,o,c,h,l,n
2023-08-29 13:30:00,17312,7.2277,7.24,7.2,7.24,7.19,47
2023-08-29 13:31:00,1057,7.205,7.205,7.205,7.205,7.205,16
2023-08-29 13:32:00,2990,7.1913,7.2,7.18,7.2,7.18,22
2023-08-29 13:33:00,1260,7.1942,7.195,7.195,7.195,7.19,12
2023-08-29 13:34:00,10625,7.2045,7.185,7.22,7.22,7.185,82
2023-08-29 13:35:00,3952,7.2183,7.22,7.22,7.22,7.215,51
2023-08-29 13:36:00,4175,7.2288,7.23,7.22,7.23,7.22,39
2023-08-29 13:37:00,12615,7.2474,7.23,7.24,7.25,7.23,106
2023-08-29 13:38:00,2969,7.2394,7.25,7.23,7.25,7.23,29
2023-08-29 13:39:00,4876,7.239,7.235,7.24,7.24,7.235,43
2023-08-29 13:40:00,6281,7.2391,7.24,7.245,7.245,7.23,58
2023-08-29 13:41:00,3231,7.251,7.25,7.25,7.255,7.25,34
2023-08-29 13:42:00,15608,7.2386,7.25,7.225,7.25,7.22,127
2023-08-29 13:43:00,6945,7.2171,7.22,7.215,7.22,7.21,50
2023-08-29 13:44:00,15476,7.2142,7.215,7.2,7.22,7.2,124
2023-08-29 13:45:00,10544,7.1996,7.2,7.19,7.21,7.185,93
2023-08-29 13:46:00,5141,7.1999,7.195,7.2,7.2,7.195,61
2023-08-29 13:47:00,7699,7.1951,7.2,7.2,7.2,7.185,81
2023-08-29 13:48:00,6246,7.2072,7.2,7.21,7.21,7.2,59
2023-08-29 13:49:00,5762,7.2071,7.21,7.195,7.21,7.195,61
2023-08-29 13:50:00,2127,7.1878,7.19,7.18,7.19,7.18,34
2023-08-29 13:51:00,9356,7.1901,7.18,7.195,7.2,7.18,127
2023-08-29 13:52:00,8171,7.1997,7.195,7.2,7.2,7.195,98
2023-08-29 13:53:00,364,7.195,7.195,7.195,7.195,7.195,12
2023-08-29 13:54:00,4742,7.2007,7.2,7.205,7.205,7.2,62
2023-08-29 13:55:00,16679,7.203,7.2,7.205,7.215,7.195,123
2023-08-29 13:56:00,6409,7.1995,7.205,7.195,7.205,7.195,42
2023-08-29 13:57:00,10523,7.1965,7.195,7.19,7.2,7.19,65
2023-08-29 13:58:00,1432,7.195,7.195,7.195,7.195,7.195,16
2023-08-29 13:59:00,11835,7.1951,7.195,7.195,7.2,7.19,60
2023-08-29 14:00:00,20430,7.1987,7.195,7.2,7.205,7.195,140
2023-08-29 14:01:00,15436,7.1985,7.2,7.195,7.2,7.195,99
2023-08-29 14:02:00,15165,7.1822,7.19,7.175,7.19,7.175,97
2023-08-29 14:03:00,2641,7.172,7.17,7.17,7.17,7.17,36
2023-08-29 14:04:00,2551,7.1721,7.17,7.17,7.175,7.17,30
2023-08-29 14:05:00,2477,7.1718,7.17,7.175,7.175,7.17,32
2023-08-29 14:06:00,25238,7.1751,7.175,7.175,7.18,7.17,157
2023-08-29 14:07:00,10264,7.1749,7.175,7.175,7.18,7.17,74
2023-08-29 14:08:00,21735,7.1845,7.18,7.19,7.19,7.175,126
2023-08-29 14:09:00,9200,7.1998,7.2,7.2,7.2,7.195,65
2023-08-29 14:10:00,6530,7.1899,7.19,7.19,7.19,7.185,36
2023-08-29 14:11:00,4553,7.1896,7.185,7.185,7.19,7.185,26
2023-08-29 14:12:00,9474,7.1972,7.195,7.195,7.2,7.195,65
2023-08-29 14:13:00,13673,7.1968,7.19,7.2,7.205,7.19,102
2023-08-29 14:14:00,8052,7.2003,7.205,7.2,7.205,7.2,64
2023-08-29 14:15:00,5310,7.2094,7.2044,7.21,7.21,7.2,45
2023-08-29 14:16:00,6760,7.208,7.215,7.2,7.215,7.2,44
2023-08-29 14:17:00,1482,7.2009,7.2,7.2,7.205,7.2,19
2023-08-29 14:18:00,14020,7.1994,7.2,7.2,7.205,7.195,99
2023-08-29 14:19:00,9018,7.2,7.2,7.2,7.205,7.195,86
2023-08-29 14:20:00,6642,7.1982,7.2,7.2,7.2,7.195,62
2023-08-29 14:21:00,5816,7.2088,7.205,7.21,7.21,7.205,89
2023-08-29 14:22:00,8952,7.2084,7.21,7.2,7.215,7.2,71
2023-08-29 14:23:00,11886,7.1931,7.2,7.19,7.2,7.19,89
2023-08-29 14:24:00,8785,7.1995,7.195,7.19,7.2,7.19,79
2023-08-29 14:25:00,514,7.1928,7.19,7.195,7.195,7.19,14
2023-08-29 14:26:00,11105,7.1997,7.195,7.2,7.205,7.195,100
2023-08-29 14:27:00,1074,7.1992,7.2,7.195,7.2,7.195,16
2023-08-29 14:28:00,6864,7.2007,7.2,7.2,7.205,7.195,61
2023-08-29 14:29:00,2015,7.2016,7.2,7.2,7.205,7.2,27
2023-08-29 14:30:00,1500,7.2049,7.205,7.205,7.205,7.205,29
2023-08-29 14:31:00,3276,7.2005,7.2,7.2,7.205,7.2,44
2023-08-29 14:32:00,22913,7.2072,7.2,7.22,7.22,7.2,171
2023-08-29 14:33:00,7133,7.2199,7.22,7.22,7.22,7.215,95
2023-08-29 14:34:00,9535,7.2101,7.22,7.2,7.22,7.2,80
2023-08-29 14:35:00,3969,7.2009,7.2,7.2,7.205,7.2,41
2023-08-29 14:36:00,17643,7.2124,7.21,7.22,7.22,7.205,126
2023-08-29 14:37:00,12475,7.2054,7.215,7.195,7.22,7.195,89
2023-08-29 14:38:00,6844,7.1996,7.195,7.2,7.2,7.195,65
2023-08-29 14:39:00,6484,7.1999,7.2,7.2,7.2,7.195,49
2023-08-29 14:40:00,6889,7.2027,7.2,7.2,7.205,7.195,32
2023-08-29 14:41:00,6559,7.2097,7.21,7.21,7.21,7.205,67
2023-08-29 14:42:00,4488,7.2036,7.205,7.2,7.21,7.2,61
2023-08-29 14:43:00,15597,7.1996,7.2,7.205,7.205,7.19,129
2023-08-29 14:44:00,7332,7.2066,7.205,7.2,7.21,7.2,91
2023-08-29 14:45:00,6896,7.1988,7.2,7.2,7.2,7.195,60
2023-08-29 14:46:00,305,7.195,7.195,7.195,7.195,7.195,4
2023-08-29 14:47:00,9653,7.1984,7.195,7.2,7.2,7.195,85
2023-08-29 14:48:00,7260,7.2001,7.195,7.205,7.205,7.195,93
2023-08-29 14:49:00,5028,7.2088,7.205,7.21,7.21,7.2,59
2023-08-29 14:50:00,5031,7.2031,7.21,7.2,7.21,7.2,49
2023-08-29 14:51:00,13866,7.2086,7.2,7.215,7.215,7.2,129
2023-08-29 14:52:00,2976,7.2143,7.215,7.215,7.215,7.21,30
2023-08-29 14:53:00,20415,7.2052,7.21,7.2,7.21,7.2,79
2023-08-29 14:54:00,4195,7.2019,7.2,7.2,7.205,7.2,32
2023-08-29 14:55:00,18611,7.1996,7.2,7.2,7.2,7.195,138
2023-08-29 14:56:00,607,7.2025,7.2,7.205,7.205,7.2,10
2023-08-29 14:57:00,800,7.2033,7.205,7.205,7.205,7.2,14
2023-08-29 14:58:00,11294,7.2079,7.205,7.205,7.21,7.2,116
2023-08-29 14:59:00,4790,7.2018,7.205,7.2,7.205,7.2,56
2023-08-29 15:00:00,3468,7.2001,7.2,7.2,7.2,7.2,54
2023-08-29 15:01:00,13228,7.2031,7.2,7.2,7.21,7.2,142
2023-08-29 15:02:00,4675,7.2035,7.205,7.205,7.21,7.2,56
2023-08-29 15:03:00,4532,7.2032,7.2,7.2,7.205,7.2,56
2023-08-29 15:04:00,8710,7.2032,7.2,7.2,7.21,7.2,90
2023-08-29 15:05:00,3013,7.2003,7.2,7.2,7.205,7.2,35
2023-08-29 15:06:00,20611,7.2085,7.2,7.215,7.22,7.2,153
2023-08-29 15:07:00,543,7.2122,7.215,7.21,7.215,7.21,7
2023-08-29 15:08:00,10597,7.2076,7.21,7.2,7.215,7.2,80
2023-08-29 15:09:00,2420,7.2004,7.2,7.2,7.2,7.2,26
2023-08-29 15:10:00,8685,7.2049,7.2,7.205,7.21,7.2,111
2023-08-29 15:11:00,3531,7.2016,7.205,7.2,7.205,7.2,40
2023-08-29 15:12:00,10022,7.2046,7.2,7.2,7.21,7.2,120
2023-08-29 15:13:00,2660,7.2007,7.205,7.2,7.205,7.2,37
2023-08-29 15:14:00,19034,7.2072,7.2,7.21,7.21,7.2,174
2023-08-29 15:15:00,4783,7.2177,7.215,7.215,7.22,7.2116,58
2023-08-29 15:16:00,16629,7.2033,7.215,7.2,7.215,7.2,135
2023-08-29 15:17:00,8491,7.2057,7.2,7.21,7.21,7.2,65
2023-08-29 15:18:00,2999,7.208,7.21,7.21,7.215,7.21,22
2023-08-29 15:19:00,2911,7.2102,7.21,7.21,7.215,7.21,39
2023-08-29 15:20:00,3391,7.2104,7.21,7.21,7.215,7.21,38
2023-08-29 15:21:00,2976,7.2115,7.21,7.215,7.215,7.21,25
2023-08-29 15:22:00,3364,7.2104,7.21,7.21,7.215,7.21,38
2023-08-29 15:23:00,4903,7.2117,7.21,7.21,7.219,7.21,50
2023-08-29 15:24:00,20909,7.2172,7.21,7.225,7.23,7.21,173
2023-08-29 15:25:00,5147,7.228,7.225,7.225,7.23,7.225,63
2023-08-29 15:26:00,14652,7.2196,7.23,7.21,7.23,7.21,83
2023-08-29 15:27:00,3324,7.2103,7.21,7.215,7.215,7.21,38
2023-08-29 15:28:00,3576,7.2113,7.21,7.21,7.215,7.21,61
2023-08-29 15:29:00,3410,7.2114,7.21,7.215,7.215,7.21,36
2023-08-29 15:30:00,3587,7.2106,7.21,7.21,7.2132,7.21,54
2023-08-29 15:31:00,3992,7.2106,7.21,7.21,7.215,7.21,65
2023-08-29 15:32:00,6660,7.2102,7.21,7.21,7.2101,7.21,69
2023-08-29 15:33:00,26429,7.2093,7.21,7.215,7.215,7.205,203
2023-08-29 15:34:00,9171,7.2201,7.215,7.225,7.225,7.215,100
2023-08-29 15:35:00,2312,7.2244,7.225,7.225,7.225,7.225,18
2023-08-29 15:36:00,8552,7.2289,7.225,7.23,7.23,7.225,87
2023-08-29 15:37:00,6638,7.2301,7.23,7.235,7.235,7.23,76
2023-08-29 15:38:00,688,7.2328,7.235,7.235,7.235,7.23,11
2023-08-29 15:39:00,580,7.2333,7.235,7.235,7.235,7.23,8
2023-08-29 15:40:00,435,7.2314,7.235,7.23,7.235,7.23,7
2023-08-29 15:41:00,2683,7.2304,7.23,7.23,7.235,7.23,25
2023-08-29 15:42:00,3644,7.2272,7.23,7.23,7.235,7.23,30
2023-08-29 15:43:00,2860,7.231,7.23,7.23,7.23,7.23,31
2023-08-29 15:44:00,24483,7.2379,7.23,7.25,7.25,7.23,201
2023-08-29 15:45:00,3725,7.2502,7.245,7.255,7.26,7.245,30
2023-08-29 15:46:00,7374,7.245,7.255,7.24,7.255,7.24,74
2023-08-29 15:47:00,1488,7.2429,7.245,7.24,7.2486,7.24,21
2023-08-29 15:48:00,787,7.2414,7.245,7.24,7.245,7.24,9
2023-08-29 15:49:00,1717,7.2403,7.245,7.24,7.245,7.24,25
2023-08-29 15:50:00,5270,7.24,7.24,7.24,7.24,7.24,57
2023-08-29 15:51:00,1868,7.2407,7.24,7.24,7.245,7.24,22
2023-08-29 15:52:00,22746,7.2484,7.24,7.25,7.255,7.24,183
2023-08-29 15:53:00,1477,7.2523,7.25,7.255,7.255,7.25,16
2023-08-29 15:54:00,1491,7.2529,7.255,7.25,7.2586,7.25,19
2023-08-29 15:55:00,8286,7.2462,7.25,7.24,7.255,7.24,64
2023-08-29 15:56:00,904,7.242,7.24,7.24,7.245,7.24,20
2023-08-29 15:57:00,2941,7.2402,7.24,7.24,7.245,7.24,34
2023-08-29 15:58:00,4048,7.2423,7.24,7.24,7.245,7.24,48
2023-08-29 15:59:00,2634,7.2418,7.24,7.24,7.245,7.24,36
2023-08-29 16:00:00,5001,7.2401,7.24,7.24,7.245,7.24,62
2023-08-29 16:01:00,2350,7.2403,7.24,7.24,7.245,7.24,24
2023-08-29 16:02:00,2423,7.2403,7.24,7.24,7.245,7.24,41
2023-08-29 16:03:00,4460,7.24,7.24,7.24,7.24,7.24,55
2023-08-29 16:04:00,29345,7.2392,7.24,7.235,7.245,7.23,201
2023-08-29 16:05:00,8629,7.2399,7.24,7.24,7.24,7.235,46
2023-08-29 16:06:00,12623,7.25,7.25,7.25,7.25,7.245,85
2023-08-29 16:07:00,1283,7.2515,7.25,7.25,7.255,7.25,16
2023-08-29 16:08:00,5226,7.2539,7.25,7.255,7.255,7.25,47
2023-08-29 16:09:00,987,7.251,7.25,7.255,7.255,7.25,15
2023-08-29 16:10:00,666,7.2511,7.25,7.25,7.255,7.25,11
2023-08-29 16:11:00,1104,7.2514,7.255,7.25,7.255,7.25,20
2023-08-29 16:12:00,4294,7.2509,7.25,7.25,7.255,7.25,46
2023-08-29 16:13:00,26482,7.2487,7.25,7.2487,7.25,7.24,157
2023-08-29 16:14:00,6395,7.2496,7.245,7.25,7.25,7.245,59
2023-08-29 16:15:00,5686,7.2509,7.25,7.25,7.255,7.25,61
2023-08-29 16:16:00,2366,7.2505,7.25,7.25,7.255,7.25,35
2023-08-29 16:17:00,13028,7.25,7.25,7.25,7.25,7.25,44
2023-08-29 16:18:00,1883,7.2507,7.25,7.25,7.255,7.25,26
2023-08-29 16:19:00,2219,7.2505,7.25,7.25,7.255,7.25,42
2023-08-29 16:20:00,8752,7.2538,7.25,7.255,7.26,7.25,102
2023-08-29 16:21:00,1185,7.2522,7.255,7.25,7.255,7.25,18
2023-08-29 16:22:00,22403,7.2578,7.25,7.26,7.26,7.25,195
2023-08-29 16:23:00,4322,7.2588,7.26,7.25,7.26,7.25,40
2023-08-29 16:24:00,200,7.25,7.25,7.25,7.25,7.25,2
2023-08-29 16:25:00,5939,7.2446,7.25,7.245,7.25,7.24,55
2023-08-29 16:26:00,429,7.2415,7.24,7.24,7.24,7.24,7
2023-08-29 16:27:00,1490,7.2434,7.245,7.24,7.245,7.24,20
2023-08-29 16:28:00,37811,7.2337,7.24,7.23,7.245,7.225,248
2023-08-29 16:29:00,7289,7.2394,7.235,7.24,7.24,7.235,64
2023-08-29 16:30:00,919,7.24,7.24,7.24,7.24,7.24,7
2023-08-29 16:31:00,8153,7.2432,7.24,7.24,7.245,7.24,70
2023-08-29 16:32:00,1952,7.2423,7.24,7.245,7.245,7.24,32
2023-08-29 16:33:00,580,7.2415,7.24,7.24,7.245,7.24,8
2023-08-29 16:34:00,2998,7.2408,7.24,7.24,7.245,7.24,27
2023-08-29 16:35:00,2442,7.2401,7.24,7.24,7.24,7.24,30
2023-08-29 16:36:00,19843,7.239,7.24,7.235,7.24,7.235,151
2023-08-29 16:37:00,7768,7.2389,7.235,7.2391,7.24,7.235,72
2023-08-29 16:38:00,1974,7.2359,7.24,7.235,7.24,7.235,16
2023-08-29 16:39:00,11061,7.2388,7.235,7.24,7.24,7.235,90
2023-08-29 16:40:00,820,7.2406,7.24,7.24,7.24,7.24,9
2023-08-29 16:41:00,1428,7.2408,7.24,7.24,7.245,7.24,19
2023-08-29 16:42:00,2043,7.2399,7.24,7.24,7.24,7.24,23
2023-08-29 16:43:00,2022,7.2406,7.24,7.24,7.245,7.24,19
2023-08-29 16:44:00,2986,7.2406,7.24,7.24,7.245,7.24,33
2023-08-29 16:45:00,2325,7.2415,7.24,7.2401,7.245,7.24,28
2023-08-29 16:46:00,2092,7.241,7.24,7.242,7.245,7.24,28
2023-08-29 16:47:00,2865,7.2411,7.24,7.24,7.245,7.24,31
2023-08-29 16:48:00,5475,7.2427,7.24,7.245,7.245,7.24,47
2023-08-29 16:49:00,2455,7.2406,7.24,7.24,7.245,7.24,35
2023-08-29 16:50:00,1458,7.2402,7.24,7.24,7.24,7.24,17
2023-08-29 16:51:00,2725,7.2409,7.24,7.24,7.245,7.24,29
2023-08-29 16:52:00,3734,7.2404,7.24,7.24,7.245,7.24,35
2023-08-29 16:53:00,3074,7.2411,7.24,7.24,7.245,7.24,30
2023-08-29 16:54:00,2925,7.2412,7.24,7.245,7.245,7.24,33
2023-08-29 16:55:00,2512,7.2406,7.24,7.24,7.245,7.24,29
2023-08-29 16:56:00,2734,7.2409,7.245,7.24,7.245,7.24,32
2023-08-29 16:57:00,1952,7.2417,7.24,7.245,7.245,7.24,36
2023-08-29 16:58:00,45691,7.2521,7.24,7.26,7.26,7.24,308
2023-08-29 16:59:00,2140,7.2625,7.265,7.26,7.265,7.26,15
2023-08-29 17:00:00,5172,7.2644,7.26,7.26,7.265,7.26,58
2023-08-29 17:01:00,35211,7.2524,7.26,7.25,7.26,7.25,154
2023-08-29 17:02:00,1157,7.2524,7.25,7.255,7.255,7.25,18
2023-08-29 17:03:00,5462,7.2541,7.255,7.255,7.255,7.25,56
2023-08-29 17:04:00,17382,7.2591,7.255,7.26,7.265,7.255,122
2023-08-29 17:05:00,2180,7.2632,7.26,7.265,7.265,7.26,19
2023-08-29 17:06:00,2283,7.2617,7.26,7.265,7.265,7.26,21
2023-08-29 17:07:00,1411,7.2639,7.265,7.265,7.265,7.26,23
2023-08-29 17:08:00,9714,7.2663,7.265,7.265,7.27,7.26,97
2023-08-29 17:09:00,2205,7.2609,7.26,7.26,7.265,7.26,21
2023-08-29 17:10:00,5492,7.2637,7.26,7.26,7.27,7.26,48
2023-08-29 17:11:00,3085,7.2606,7.26,7.26,7.265,7.26,30
2023-08-29 17:12:00,2893,7.2622,7.26,7.26,7.2683,7.26,22
2023-08-29 17:13:00,1899,7.2621,7.26,7.265,7.265,7.26,26
2023-08-29 17:14:00,11761,7.2653,7.265,7.26,7.27,7.26,103
2023-08-29 17:15:00,1652,7.2619,7.265,7.26,7.265,7.26,19
2023-08-29 17:16:00,920,7.2604,7.26,7.26,7.26,7.26,15
2023-08-29 17:17:00,10813,7.2592,7.26,7.25,7.26,7.25,92
2023-08-29 17:18:00,18526,7.2579,7.25,7.26,7.26,7.25,141
2023-08-29 17:19:00,3435,7.2601,7.26,7.26,7.265,7.26,26
2023-08-29 17:20:00,2545,7.2648,7.265,7.26,7.265,7.26,25
2023-08-29 17:21:00,356,7.2641,7.265,7.265,7.265,7.265,12
2023-08-29 17:22:00,6003,7.2657,7.26,7.265,7.27,7.26,62
2023-08-29 17:23:00,1711,7.2627,7.265,7.26,7.265,7.26,26
2023-08-29 17:24:00,7391,7.2646,7.265,7.265,7.27,7.26,64
2023-08-29 17:25:00,503,7.265,7.265,7.265,7.265,7.265,13
2023-08-29 17:26:00,1796,7.2639,7.265,7.26,7.265,7.26,23
2023-08-29 17:27:00,1774,7.2645,7.265,7.265,7.265,7.26,29
2023-08-29 17:28:00,2834,7.2611,7.26,7.26,7.265,7.26,25
2023-08-29 17:29:00,3898,7.2609,7.26,7.26,7.265,7.26,53
2023-08-29 17:30:00,16469,7.2659,7.26,7.26,7.27,7.26,136
2023-08-29 17:31:00,1106,7.2612,7.26,7.26,7.265,7.26,13
2023-08-29 17:32:00,1556,7.2612,7.26,7.26,7.265,7.26,22
2023-08-29 17:33:00,2360,7.2603,7.26,7.26,7.26,7.26,36
2023-08-29 17:34:00,2606,7.2616,7.265,7.26,7.265,7.26,48
2023-08-29 17:35:00,3124,7.261,7.26,7.26,7.265,7.26,42
2023-08-29 17:36:00,27035,7.259,7.26,7.25,7.265,7.25,138
2023-08-29 17:37:00,22438,7.2501,7.25,7.255,7.255,7.245,143
2023-08-29 17:38:00,2969,7.2543,7.255,7.255,7.255,7.25,30
2023-08-29 17:39:00,17005,7.2589,7.255,7.26,7.26,7.255,103
2023-08-29 17:40:00,11818,7.2684,7.265,7.265,7.27,7.265,81
2023-08-29 17:41:00,8581,7.2685,7.265,7.265,7.27,7.265,62
2023-08-29 17:42:00,10059,7.269,7.265,7.27,7.27,7.265,82
2023-08-29 17:43:00,3183,7.2711,7.265,7.27,7.275,7.265,26
2023-08-29 17:44:00,12469,7.2675,7.275,7.26,7.275,7.26,79
2023-08-29 17:45:00,1049,7.2612,7.26,7.26,7.26,7.26,16
2023-08-29 17:46:00,1896,7.2638,7.2683,7.26,7.2683,7.26,33
2023-08-29 17:47:00,9850,7.2639,7.265,7.265,7.265,7.26,84
2023-08-29 17:48:00,3752,7.2632,7.265,7.26,7.265,7.26,34
2023-08-29 17:49:00,1222,7.265,7.265,7.265,7.265,7.265,18
2023-08-29 17:50:00,8109,7.265,7.265,7.26,7.27,7.26,80
2023-08-29 17:51:00,622,7.2633,7.26,7.265,7.265,7.26,7
2023-08-29 17:52:00,1273,7.263,7.26,7.26,7.265,7.26,20
2023-08-29 17:53:00,2416,7.2639,7.26,7.265,7.265,7.26,14
2023-08-29 17:54:00,25967,7.2594,7.26,7.26,7.265,7.255,139
2023-08-29 17:55:00,16250,7.2597,7.26,7.26,7.26,7.255,105
2023-08-29 17:56:00,758,7.2622,7.265,7.26,7.265,7.26,7
2023-08-29 17:57:00,465,7.2637,7.265,7.265,7.265,7.26,14
2023-08-29 17:58:00,9760,7.265,7.26,7.26,7.27,7.26,81
2023-08-29 17:59:00,1421,7.2638,7.26,7.26,7.265,7.26,20
2023-08-29 18:00:00,5888,7.2652,7.265,7.26,7.27,7.26,56
2023-08-29 18:01:00,487,7.2636,7.265,7.265,7.265,7.26,11
2023-08-29 18:02:00,1208,7.2624,7.26,7.265,7.265,7.26,15
2023-08-29 18:03:00,1065,7.2611,7.26,7.26,7.265,7.26,13
2023-08-29 18:04:00,3268,7.2618,7.26,7.26,7.265,7.26,34
2023-08-29 18:05:00,3619,7.2606,7.265,7.26,7.265,7.26,47
2023-08-29 18:06:00,2074,7.2607,7.26,7.26,7.265,7.26,26
2023-08-29 18:07:00,2827,7.2604,7.26,7.26,7.265,7.26,33
2023-08-29 18:08:00,2627,7.2604,7.26,7.26,7.265,7.26,38
2023-08-29 18:09:00,6914,7.2602,7.26,7.26,7.265,7.26,58
2023-08-29 18:10:00,3388,7.2604,7.26,7.26,7.265,7.26,52
2023-08-29 18:11:00,4628,7.2603,7.26,7.26,7.265,7.26,53
2023-08-29 18:12:00,3266,7.2607,7.26,7.26,7.265,7.26,54
2023-08-29 18:13:00,32965,7.2592,7.265,7.265,7.2685,7.255,207
2023-08-29 18:14:00,16396,7.2701,7.265,7.275,7.28,7.265,111
2023-08-29 18:15:00,1460,7.2727,7.275,7.27,7.275,7.27,14
2023-08-29 18:16:00,13181,7.2743,7.275,7.28,7.28,7.27,82
2023-08-29 18:17:00,14118,7.2787,7.28,7.28,7.28,7.275,88
2023-08-29 18:18:00,3613,7.2762,7.275,7.275,7.28,7.275,35
2023-08-29 18:19:00,1597,7.2751,7.275,7.275,7.275,7.275,24
2023-08-29 18:20:00,7779,7.2774,7.275,7.275,7.28,7.275,72
2023-08-29 18:21:00,3975,7.2766,7.275,7.275,7.28,7.275,44
2023-08-29 18:22:00,17811,7.2792,7.275,7.285,7.285,7.275,135
2023-08-29 18:23:00,9461,7.2785,7.28,7.27,7.28,7.27,80
2023-08-29 18:24:00,4004,7.2685,7.27,7.265,7.27,7.265,46
2023-08-29 18:25:00,11964,7.2694,7.265,7.27,7.275,7.265,92
2023-08-29 18:26:00,821,7.2718,7.27,7.275,7.275,7.27,8
2023-08-29 18:27:00,10189,7.2686,7.275,7.265,7.275,7.26,86
2023-08-29 18:28:00,393,7.265,7.265,7.265,7.265,7.265,10
2023-08-29 18:29:00,451,7.265,7.265,7.265,7.265,7.265,11
2023-08-29 18:30:00,9412,7.2679,7.265,7.27,7.27,7.265,82
2023-08-29 18:31:00,3614,7.2693,7.27,7.27,7.27,7.265,49
2023-08-29 18:32:00,3594,7.2654,7.27,7.265,7.27,7.265,31
2023-08-29 18:33:00,2235,7.2667,7.265,7.265,7.265,7.265,25
2023-08-29 18:34:00,6972,7.2651,7.265,7.26,7.27,7.26,89
2023-08-29 18:35:00,5363,7.267,7.265,7.265,7.27,7.26,54
2023-08-29 18:36:00,4933,7.2672,7.265,7.265,7.27,7.26,70
2023-08-29 18:37:00,5496,7.2663,7.26,7.265,7.27,7.26,64
2023-08-29 18:38:00,4374,7.2662,7.27,7.265,7.27,7.26,49
2023-08-29 18:39:00,5663,7.2634,7.265,7.265,7.27,7.26,66
2023-08-29 18:40:00,988,7.2624,7.265,7.265,7.265,7.26,19
2023-08-29 18:41:00,10621,7.2603,7.26,7.26,7.265,7.26,71
2023-08-29 18:42:00,24697,7.2596,7.26,7.26,7.26,7.255,164
2023-08-29 18:43:00,17795,7.2621,7.26,7.265,7.27,7.255,114
2023-08-29 18:44:00,5685,7.2678,7.265,7.27,7.27,7.265,66
2023-08-29 18:45:00,6089,7.2693,7.27,7.27,7.27,7.265,80
2023-08-29 18:46:00,3047,7.2668,7.27,7.26,7.27,7.26,44
2023-08-29 18:47:00,2209,7.2604,7.26,7.26,7.265,7.26,38
2023-08-29 18:48:00,3754,7.2609,7.26,7.26,7.26,7.26,35
2023-08-29 18:49:00,3352,7.2608,7.26,7.265,7.265,7.26,50
2023-08-29 18:50:00,16555,7.2575,7.26,7.255,7.26,7.25,139
2023-08-29 18:51:00,7688,7.2588,7.255,7.26,7.26,7.255,89
2023-08-29 18:52:00,13378,7.259,7.26,7.26,7.265,7.255,85
2023-08-29 18:53:00,1803,7.2608,7.265,7.26,7.265,7.26,19
2023-08-29 18:54:00,1878,7.2607,7.26,7.26,7.265,7.26,19
2023-08-29 18:55:00,10538,7.2574,7.26,7.25,7.265,7.25,89
2023-08-29 18:56:00,4003,7.2507,7.25,7.25,7.25,7.25,34
2023-08-29 18:57:00,1363,7.2518,7.25,7.25,7.255,7.25,12
2023-08-29 18:58:00,1182,7.2512,7.255,7.25,7.255,7.25,13
2023-08-29 18:59:00,4937,7.2509,7.25,7.255,7.2575,7.25,63
2023-08-29 19:00:00,22810,7.2491,7.255,7.245,7.255,7.24,158
2023-08-29 19:01:00,5105,7.2436,7.245,7.24,7.25,7.24,41
2023-08-29 19:02:00,1516,7.242,7.245,7.24,7.245,7.24,22
2023-08-29 19:03:00,21538,7.2448,7.245,7.25,7.25,7.24,174
2023-08-29 19:04:00,6570,7.2463,7.245,7.245,7.25,7.24,44
2023-08-29 19:05:00,2085,7.2437,7.245,7.24,7.245,7.24,39
2023-08-29 19:06:00,1751,7.2421,7.24,7.245,7.245,7.24,29
2023-08-29 19:07:00,3731,7.2407,7.245,7.24,7.245,7.24,37
2023-08-29 19:08:00,2594,7.2415,7.245,7.24,7.245,7.24,36
2023-08-29 19:09:00,24977,7.2473,7.245,7.25,7.25,7.24,189
2023-08-29 19:10:00,8047,7.248,7.25,7.25,7.25,7.2416,71
2023-08-29 19:11:00,7814,7.2455,7.24,7.245,7.25,7.24,84
2023-08-29 19:12:00,18226,7.2495,7.24,7.255,7.2575,7.24,128
2023-08-29 19:13:00,18746,7.2499,7.255,7.25,7.255,7.245,104
2023-08-29 19:14:00,4242,7.2409,7.24,7.245,7.245,7.24,32
2023-08-29 19:15:00,6364,7.2404,7.24,7.24,7.24,7.24,53
2023-08-29 19:16:00,28995,7.2402,7.24,7.245,7.245,7.235,187
2023-08-29 19:17:00,11146,7.2475,7.245,7.25,7.25,7.24,93
2023-08-29 19:18:00,16689,7.2504,7.245,7.25,7.255,7.2425,99
2023-08-29 19:19:00,3151,7.2548,7.255,7.255,7.255,7.25,16
2023-08-29 19:20:00,2719,7.2524,7.255,7.255,7.255,7.25,33
2023-08-29 19:21:00,19123,7.2551,7.25,7.255,7.26,7.25,129
2023-08-29 19:22:00,10412,7.254,7.255,7.255,7.26,7.255,78
2023-08-29 19:23:00,7486,7.256,7.255,7.255,7.26,7.255,61
2023-08-29 19:24:00,24621,7.2594,7.255,7.26,7.26,7.255,173
2023-08-29 19:25:00,13981,7.266,7.26,7.27,7.27,7.26,119
2023-08-29 19:26:00,11542,7.2749,7.27,7.28,7.28,7.27,116
2023-08-29 19:27:00,13466,7.2808,7.28,7.28,7.29,7.28,118
2023-08-29 19:28:00,16480,7.2768,7.28,7.27,7.28,7.27,105
2023-08-29 19:29:00,4557,7.2713,7.27,7.27,7.275,7.27,29
2023-08-29 19:30:00,23872,7.2691,7.27,7.265,7.27,7.2601,139
2023-08-29 19:31:00,11998,7.2708,7.27,7.275,7.28,7.27,67
2023-08-29 19:32:00,6995,7.2715,7.27,7.27,7.275,7.27,22
2023-08-29 19:33:00,2940,7.2706,7.27,7.27,7.275,7.27,43
2023-08-29 19:34:00,10257,7.2719,7.27,7.275,7.275,7.27,84
2023-08-29 19:35:00,3595,7.2723,7.275,7.27,7.28,7.27,47
2023-08-29 19:36:00,50356,7.2785,7.27,7.29,7.29,7.27,295
2023-08-29 19:37:00,8609,7.2886,7.29,7.29,7.29,7.285,118
2023-08-29 19:38:00,17663,7.2901,7.29,7.29,7.3,7.285,136
2023-08-29 19:39:00,15118,7.2936,7.295,7.295,7.3,7.29,105
2023-08-29 19:40:00,41357,7.2997,7.29,7.305,7.305,7.29,244
2023-08-29 19:41:00,20390,7.2979,7.305,7.29,7.31,7.29,122
2023-08-29 19:42:00,2338,7.2932,7.295,7.295,7.295,7.29,26
2023-08-29 19:43:00,6467,7.291,7.295,7.29,7.295,7.29,53
2023-08-29 19:44:00,3888,7.2928,7.29,7.295,7.3,7.29,39
2023-08-29 19:45:00,15904,7.2884,7.29,7.28,7.295,7.28,124
2023-08-29 19:46:00,11716,7.2854,7.285,7.28,7.29,7.28,90
2023-08-29 19:47:00,7066,7.2812,7.28,7.28,7.29,7.28,84
2023-08-29 19:48:00,54067,7.2772,7.28,7.275,7.285,7.27,280
2023-08-29 19:49:00,4494,7.2719,7.275,7.27,7.28,7.27,65
2023-08-29 19:50:00,40233,7.2708,7.27,7.27,7.275,7.27,216
2023-08-29 19:51:00,16591,7.2665,7.27,7.26,7.27,7.26,135
2023-08-29 19:52:00,19477,7.2618,7.26,7.265,7.27,7.26,186
2023-08-29 19:53:00,29123,7.2592,7.26,7.25,7.265,7.25,203
2023-08-29 19:54:00,18283,7.2507,7.25,7.25,7.255,7.25,155
2023-08-29 19:55:00,97620,7.2545,7.255,7.255,7.26,7.25,513
2023-08-29 19:56:00,63888,7.2553,7.255,7.255,7.26,7.25,390
2023-08-29 19:57:00,105168,7.2498,7.255,7.24,7.26,7.24,532
2023-08-29 19:58:00,121684,7.244,7.245,7.245,7.25,7.24,572
2023-08-29 19:59:00,245501,7.2498,7.24,7.26,7.27,7.24,1254
2023-08-29 20:00:00,3549,7.27,7.27,7.27,7.27,7.27,8
2023-08-30 13:30:00,12574,7.261,7.26,7.289,7.289,7.26,9
2023-08-30 13:31:00,409,7.2753,7.27,7.27,7.27,7.27,9
2023-08-30 13:32:00,8333,7.2631,7.27,7.27,7.28,7.25,104
2023-08-30 13:33:00,5912,7.2898,7.29,7.29,7.295,7.28,79
2023-08-30 13:35:00,7412,7.3018,7.305,7.295,7.31,7.295,74
2023-08-30 13:36:00,4284,7.2907,7.295,7.295,7.295,7.285,40
2023-08-30 13:37:00,2828,7.2882,7.29,7.285,7.29,7.28,30
2023-08-30 13:38:00,14039,7.2746,7.285,7.265,7.285,7.265,92
2023-08-30 13:39:00,22240,7.2699,7.26,7.265,7.27,7.26,78
2023-08-30 13:40:00,6897,7.2776,7.27,7.28,7.28,7.27,56
2023-08-30 13:41:00,15354,7.2635,7.27,7.25,7.27,7.25,130
2023-08-30 13:42:00,14845,7.2518,7.25,7.26,7.26,7.25,69
2023-08-30 13:43:00,4529,7.2648,7.26,7.27,7.27,7.26,71
2023-08-30 13:44:00,7057,7.2709,7.27,7.27,7.275,7.27,62
2023-08-30 13:45:00,7779,7.2716,7.27,7.275,7.28,7.27,70
2023-08-30 13:46:00,9989,7.2781,7.275,7.28,7.28,7.27,87
2023-08-30 13:47:00,5687,7.2713,7.275,7.27,7.275,7.27,60
2023-08-30 13:48:00,11137,7.2606,7.265,7.26,7.265,7.255,100
2023-08-30 13:49:00,5389,7.2523,7.26,7.255,7.26,7.25,55
2023-08-30 13:50:00,14889,7.2562,7.26,7.23,7.26,7.23,95
2023-08-30 13:51:00,2577,7.2401,7.24,7.245,7.245,7.24,35
2023-08-30 13:52:00,18832,7.2488,7.245,7.25,7.255,7.24,124
2023-08-30 13:53:00,6100,7.25,7.25,7.25,7.2522,7.25,83
2023-08-30 13:54:00,11456,7.2412,7.25,7.23,7.25,7.23,103
2023-08-30 13:55:00,6061,7.2465,7.24,7.25,7.25,7.24,47
2023-08-30 13:56:00,5932,7.2474,7.25,7.25,7.25,7.245,50
2023-08-30 13:57:00,3092,7.2482,7.25,7.245,7.25,7.245,32
2023-08-30 13:58:00,7843,7.2445,7.25,7.24,7.25,7.24,52
2023-08-30 13:59:00,9793,7.2379,7.24,7.23,7.24,7.23,70
2023-08-30 14:00:00,5398,7.2395,7.24,7.24,7.24,7.235,46
2023-08-30 14:01:00,13914,7.2441,7.24,7.245,7.25,7.24,72
2023-08-30 14:02:00,7572,7.249,7.25,7.25,7.25,7.245,52
2023-08-30 14:03:00,9221,7.2505,7.25,7.255,7.255,7.25,75
2023-08-30 14:04:00,138814,7.2555,7.255,7.28,7.28,7.25,90
2023-08-30 14:05:00,14930,7.2947,7.28,7.3,7.3,7.28,123
2023-08-30 14:06:00,17556,7.2988,7.3,7.305,7.305,7.29,89
2023-08-30 14:07:00,13823,7.3019,7.31,7.3,7.31,7.3,55
2023-08-30 14:08:00,17637,7.2961,7.305,7.29,7.31,7.29,128
2023-08-30 14:09:00,2621,7.2921,7.29,7.295,7.295,7.29,14
2023-08-30 14:10:00,5882,7.2901,7.29,7.29,7.29,7.29,40
2023-08-30 14:11:00,3117,7.2917,7.295,7.29,7.295,7.29,43
2023-08-30 14:12:00,17440,7.2969,7.29,7.31,7.31,7.285,108
2023-08-30 14:13:00,4934,7.3117,7.315,7.31,7.315,7.31,41
2023-08-30 14:14:00,9942,7.3182,7.315,7.315,7.32,7.31,73
2023-08-30 14:15:00,10699,7.31,7.31,7.31,7.31,7.305,62
2023-08-30 14:16:00,9695,7.3094,7.31,7.31,7.31,7.305,75
2023-08-30 14:17:00,8443,7.3017,7.31,7.3,7.31,7.3,74
2023-08-30 14:18:00,7324,7.3069,7.305,7.31,7.31,7.3,64
2023-08-30 14:19:00,4688,7.3003,7.305,7.3,7.305,7.3,43
2023-08-30 14:20:00,10774,7.2967,7.3,7.29,7.3,7.29,60
2023-08-30 14:21:00,5310,7.2923,7.295,7.29,7.295,7.29,51
2023-08-30 14:22:00,2659,7.2911,7.295,7.29,7.295,7.29,24
2023-08-30 14:23:00,4932,7.2911,7.29,7.295,7.295,7.29,28
2023-08-30 14:24:00,23108,7.289,7.29,7.29,7.29,7.28,135
2023-08-30 14:25:00,9455,7.2853,7.29,7.28,7.29,7.28,76
2023-08-30 14:26:00,10437,7.2781,7.28,7.27,7.28,7.27,50
2023-08-30 14:27:00,8706,7.2693,7.27,7.265,7.27,7.265,71
2023-08-30 14:28:00,4518,7.2613,7.265,7.265,7.265,7.26,12
2023-08-30 14:29:00,11896,7.2686,7.265,7.275,7.275,7.26,86
2023-08-30 14:30:00,4593,7.2704,7.275,7.27,7.275,7.27,24
2023-08-30 14:31:00,3952,7.2703,7.27,7.27,7.27,7.27,36
2023-08-30 14:32:00,15555,7.278,7.27,7.28,7.285,7.27,113
2023-08-30 14:33:00,7326,7.2932,7.29,7.295,7.3,7.29,65
2023-08-30 14:34:00,5827,7.296,7.295,7.295,7.3,7.29,42
2023-08-30 14:35:00,8867,7.2915,7.29,7.29,7.3,7.29,68
2023-08-30 14:36:00,6306,7.2869,7.29,7.28,7.3,7.28,65
2023-08-30 14:37:00,10703,7.2799,7.28,7.28,7.285,7.275,81
2023-08-30 14:38:00,2160,7.2805,7.28,7.28,7.28,7.28,6
2023-08-30 14:39:00,13518,7.2867,7.285,7.29,7.29,7.28,83
2023-08-30 14:40:00,2940,7.2916,7.295,7.295,7.295,7.29,14
2023-08-30 14:41:00,11785,7.2986,7.295,7.3,7.3,7.29,98
2023-08-30 14:42:00,5668,7.2931,7.3,7.29,7.3,7.29,25
2023-08-30 14:43:00,6379,7.2966,7.3,7.295,7.3,7.29,66
2023-08-30 14:44:00,8674,7.293,7.295,7.295,7.3,7.29,63
2023-08-30 14:45:00,5227,7.2955,7.295,7.295,7.3,7.29,43
2023-08-30 14:46:00,8654,7.2946,7.295,7.3,7.3,7.29,49
2023-08-30 14:47:00,5614,7.2946,7.3,7.295,7.3,7.29,47
2023-08-30 14:48:00,8684,7.2936,7.29,7.295,7.3,7.29,54
2023-08-30 14:49:00,5366,7.2938,7.29,7.29,7.3,7.29,40
2023-08-30 14:50:00,11923,7.2912,7.295,7.285,7.3,7.285,101
2023-08-30 14:51:00,12157,7.2915,7.29,7.29,7.295,7.285,90
2023-08-30 14:52:00,4966,7.2927,7.29,7.29,7.295,7.29,28
2023-08-30 14:53:00,4407,7.2923,7.295,7.29,7.295,7.29,34
2023-08-30 14:54:00,6381,7.2908,7.29,7.29,7.295,7.29,35
2023-08-30 14:55:00,2754,7.2908,7.295,7.29,7.295,7.29,37
2023-08-30 14:56:00,5869,7.2904,7.29,7.295,7.295,7.29,51
2023-08-30 14:57:00,5186,7.2901,7.29,7.29,7.29,7.29,34
2023-08-30 14:58:00,3808,7.292,7.29,7.295,7.295,7.29,31
2023-08-30 14:59:00,5900,7.2901,7.29,7.29,7.29,7.29,40
2023-08-30 15:00:00,40800,7.2893,7.29,7.285,7.29,7.28,222
2023-08-30 15:01:00,10110,7.2763,7.28,7.27,7.28,7.27,74
2023-08-30 15:02:00,6902,7.2657,7.26,7.27,7.27,7.26,57
2023-08-30 15:03:00,9375,7.2643,7.265,7.265,7.27,7.26,93
2023-08-30 15:04:00,8198,7.2666,7.265,7.27,7.27,7.26,80
2023-08-30 15:05:00,9665,7.2761,7.27,7.285,7.29,7.27,90
2023-08-30 15:06:00,6667,7.2858,7.29,7.28,7.29,7.28,62
2023-08-30 15:07:00,6156,7.2827,7.28,7.285,7.285,7.28,59
2023-08-30 15:08:00,9759,7.2836,7.285,7.285,7.29,7.28,71
2023-08-30 15:09:00,4649,7.2885,7.29,7.29,7.29,7.285,51
2023-08-30 15:10:00,8725,7.2841,7.2825,7.285,7.29,7.28,61
2023-08-30 15:11:00,9333,7.2845,7.285,7.285,7.29,7.28,112
2023-08-30 15:12:00,7259,7.2865,7.29,7.29,7.29,7.28,66
2023-08-30 15:13:00,22111,7.2872,7.29,7.285,7.29,7.28,124
2023-08-30 15:14:00,6169,7.2854,7.285,7.29,7.29,7.28,58
2023-08-30 15:15:00,5249,7.2844,7.29,7.285,7.29,7.28,42
2023-08-30 15:16:00,6479,7.2832,7.28,7.285,7.29,7.28,70
2023-08-30 15:17:00,5541,7.2834,7.29,7.29,7.29,7.28,54
2023-08-30 15:18:00,5995,7.2852,7.285,7.285,7.29,7.28,63
2023-08-30 15:19:00,7362,7.2856,7.285,7.285,7.29,7.28,65
2023-08-30 15:20:00,5608,7.2855,7.29,7.285,7.29,7.28,51
2023-08-30 15:21:00,6596,7.2828,7.285,7.28,7.29,7.28,51
2023-08-30 15:22:00,8045,7.2832,7.28,7.285,7.29,7.28,49
2023-08-30 15:23:00,5400,7.2853,7.29,7.285,7.29,7.28,53
2023-08-30 15:24:00,6020,7.2837,7.285,7.285,7.29,7.28,61
2023-08-30 15:25:00,6181,7.2846,7.28,7.285,7.29,7.28,48
2023-08-30 15:26:00,6289,7.2831,7.29,7.28,7.29,7.28,63
2023-08-30 15:27:00,12263,7.2802,7.29,7.28,7.29,7.275,97
2023-08-30 15:28:00,12800,7.2802,7.28,7.285,7.29,7.27,95
2023-08-30 15:29:00,6825,7.2894,7.285,7.29,7.29,7.285,72
2023-08-30 15:30:00,3190,7.2891,7.29,7.285,7.29,7.285,39
2023-08-30 15:31:00,3996,7.2834,7.29,7.285,7.29,7.28,30
2023-08-30 15:32:00,5881,7.2859,7.29,7.285,7.29,7.28,53
2023-08-30 15:33:00,12247,7.2842,7.29,7.29,7.29,7.28,142
2023-08-30 15:34:00,5747,7.285,7.29,7.285,7.29,7.28,42
2023-08-30 15:35:00,5843,7.2849,7.285,7.285,7.29,7.28,62
2023-08-30 15:36:00,16010,7.2855,7.29,7.29,7.29,7.28,58
2023-08-30 15:37:00,3176,7.289,7.29,7.285,7.29,7.2801,36
2023-08-30 15:38:00,21904,7.292,7.29,7.29,7.3,7.29,162
2023-08-30 15:39:00,8887,7.2903,7.295,7.29,7.2975,7.29,78
2023-08-30 15:40:00,3077,7.2869,7.29,7.285,7.29,7.28,36
2023-08-30 15:41:00,3315,7.2853,7.29,7.285,7.29,7.285,38
2023-08-30 15:42:00,3727,7.2848,7.28,7.285,7.29,7.28,47
2023-08-30 15:43:00,2946,7.2853,7.285,7.285,7.29,7.285,30
2023-08-30 15:44:00,3754,7.2875,7.285,7.29,7.29,7.28,44
2023-08-30 15:45:00,9694,7.2843,7.28,7.285,7.29,7.28,46
2023-08-30 15:46:00,4019,7.2859,7.285,7.29,7.29,7.28,44
2023-08-30 15:47:00,8301,7.2836,7.285,7.285,7.29,7.28,59
2023-08-30 15:48:00,2496,7.2884,7.28,7.285,7.29,7.28,32
2023-08-30 15:49:00,6231,7.2812,7.285,7.28,7.285,7.28,54
2023-08-30 15:50:00,12650,7.2803,7.28,7.285,7.2899,7.275,83
2023-08-30 15:51:00,352,7.2836,7.285,7.285,7.285,7.28,5
2023-08-30 15:52:00,23581,7.2897,7.2884,7.29,7.29,7.285,108
2023-08-30 15:53:00,2683,7.2886,7.29,7.285,7.29,7.285,22
2023-08-30 15:54:00,3293,7.288,7.285,7.29,7.29,7.285,35
2023-08-30 15:55:00,2720,7.2894,7.29,7.29,7.29,7.285,32
2023-08-30 15:56:00,2230,7.29,7.29,7.29,7.29,7.29,26
2023-08-30 15:57:00,2862,7.2891,7.29,7.29,7.29,7.285,47
2023-08-30 15:58:00,7075,7.2829,7.29,7.285,7.29,7.28,38
2023-08-30 15:59:00,1028,7.2838,7.28,7.285,7.285,7.28,15
2023-08-30 16:00:00,11599,7.2805,7.28,7.28,7.285,7.28,88
2023-08-30 16:01:00,9752,7.2798,7.28,7.28,7.28,7.275,74
2023-08-30 16:02:00,8540,7.2811,7.28,7.285,7.29,7.275,66
2023-08-30 16:03:00,255,7.285,7.285,7.285,7.285,7.285,4
2023-08-30 16:04:00,9279,7.2857,7.285,7.285,7.29,7.28,55
2023-08-30 16:05:00,2134,7.2891,7.285,7.285,7.29,7.285,13
2023-08-30 16:06:00,7291,7.2868,7.285,7.285,7.29,7.28,58
2023-08-30 16:07:00,456,7.2868,7.285,7.2884,7.2884,7.285,5
2023-08-30 16:08:00,11645,7.2797,7.285,7.275,7.285,7.275,75
2023-08-30 16:09:00,11032,7.28,7.28,7.285,7.285,7.275,53
2023-08-30 16:10:00,16815,7.2783,7.28,7.275,7.2805,7.27,80
2023-08-30 16:11:00,5514,7.2715,7.275,7.27,7.275,7.27,50
2023-08-30 16:12:00,1669,7.2702,7.27,7.27,7.27,7.27,14
2023-08-30 16:13:00,3507,7.2701,7.27,7.27,7.27,7.27,16
2023-08-30 16:14:00,11154,7.2687,7.27,7.265,7.27,7.265,69
2023-08-30 16:15:00,5048,7.2626,7.2689,7.26,7.2689,7.26,16
2023-08-30 16:16:00,968,7.2657,7.26,7.26,7.26,7.26,13
2023-08-30 16:17:00,4445,7.2601,7.26,7.26,7.265,7.26,16
2023-08-30 16:18:00,10483,7.265,7.265,7.265,7.27,7.26,73
2023-08-30 16:19:00,797,7.2642,7.2621,7.265,7.265,7.2621,12
2023-08-30 16:20:00,7959,7.263,7.265,7.265,7.265,7.26,67
2023-08-30 16:21:00,4826,7.2612,7.265,7.26,7.265,7.26,33
2023-08-30 16:22:00,2393,7.262,7.26,7.26,7.265,7.26,31
2023-08-30 16:23:00,5326,7.2601,7.26,7.26,7.26,7.26,46
2023-08-30 16:24:00,7515,7.2602,7.26,7.26,7.265,7.26,53
2023-08-30 16:25:00,1380,7.261,7.2609,7.26,7.265,7.26,11
2023-08-30 16:26:00,5375,7.2603,7.265,7.26,7.265,7.26,36
2023-08-30 16:27:00,3847,7.2617,7.265,7.26,7.265,7.26,25
2023-08-30 16:29:00,3753,7.2607,7.265,7.26,7.265,7.26,18
2023-08-30 16:30:00,483,7.2618,7.26,7.265,7.265,7.26,12
2023-08-30 16:31:00,1042,7.2605,7.26,7.265,7.265,7.26,16
2023-08-30 16:32:00,15288,7.2677,7.265,7.265,7.27,7.265,82
2023-08-30 16:33:00,939,7.264,7.265,7.265,7.265,7.26,12
2023-08-30 16:34:00,6810,7.2616,7.265,7.26,7.265,7.26,67
2023-08-30 16:35:00,19488,7.2594,7.26,7.255,7.26,7.255,168
2023-08-30 16:36:00,5271,7.2526,7.255,7.25,7.255,7.25,30
2023-08-30 16:37:00,689,7.2521,7.25,7.25,7.25,7.25,11
2023-08-30 16:38:00,13893,7.2496,7.25,7.25,7.25,7.245,100
2023-08-30 16:39:00,8345,7.2428,7.25,7.25,7.25,7.2408,25
2023-08-30 16:40:00,10213,7.2425,7.25,7.24,7.25,7.24,44
2023-08-30 16:42:00,4792,7.2421,7.245,7.24,7.245,7.24,36
2023-08-30 16:43:00,17409,7.2393,7.24,7.24,7.24,7.235,132
2023-08-30 16:44:00,5298,7.2402,7.24,7.245,7.245,7.24,52
2023-08-30 16:45:00,4301,7.2413,7.24,7.24,7.245,7.24,24
2023-08-30 16:46:00,4354,7.2405,7.245,7.24,7.245,7.24,11
2023-08-30 16:47:00,373,7.2406,7.24,7.24,7.24,7.24,6
2023-08-30 16:48:00,8302,7.2401,7.24,7.24,7.24,7.24,49
2023-08-30 16:49:00,3429,7.2403,7.24,7.24,7.245,7.24,26
2023-08-30 16:50:00,356,7.2405,7.24,7.24,7.24,7.24,6
2023-08-30 16:51:00,12999,7.2401,7.24,7.24,7.245,7.24,77
2023-08-30 16:52:00,9633,7.2361,7.24,7.235,7.24,7.235,78
2023-08-30 16:53:00,9236,7.2289,7.23,7.2214,7.23,7.2214,53
2023-08-30 16:54:00,1373,7.2238,7.225,7.22,7.225,7.22,15
2023-08-30 16:55:00,14813,7.2256,7.225,7.225,7.23,7.22,76
2023-08-30 16:56:00,5960,7.2275,7.225,7.225,7.23,7.225,43
2023-08-30 16:57:00,20278,7.2323,7.2201,7.2306,7.24,7.2201,96
2023-08-30 16:58:00,5333,7.2308,7.23,7.2301,7.235,7.23,35
2023-08-30 16:59:00,9109,7.23,7.23,7.225,7.2333,7.225,74
2023-08-30 17:00:00,8395,7.2225,7.225,7.22,7.23,7.22,34
2023-08-30 17:01:00,19227,7.2234,7.22,7.23,7.23,7.22,136
2023-08-30 17:02:00,5455,7.2253,7.225,7.225,7.23,7.22,38
2023-08-30 17:03:00,965,7.2284,7.225,7.23,7.23,7.225,12
2023-08-30 17:04:00,6598,7.2231,7.225,7.22,7.225,7.22,33
2023-08-30 17:05:00,3141,7.2206,7.225,7.225,7.225,7.22,22
2023-08-30 17:06:00,607,7.2202,7.22,7.22,7.22,7.22,12
2023-08-30 17:07:00,5123,7.2205,7.22,7.225,7.225,7.22,32
2023-08-30 17:08:00,20272,7.2231,7.225,7.215,7.225,7.215,133
2023-08-30 17:09:00,3141,7.2103,7.215,7.21,7.215,7.21,7
2023-08-30 17:10:00,1302,7.2116,7.21,7.21,7.215,7.21,17
2023-08-30 17:11:00,6788,7.2158,7.215,7.215,7.22,7.215,65
2023-08-30 17:12:00,4413,7.2173,7.215,7.22,7.22,7.21,48
2023-08-30 17:13:00,7373,7.2144,7.215,7.22,7.22,7.21,75
2023-08-30 17:14:00,6928,7.2127,7.22,7.215,7.22,7.21,46
2023-08-30 17:15:00,4144,7.2155,7.22,7.215,7.22,7.21,39
2023-08-30 17:16:00,8402,7.2124,7.215,7.215,7.22,7.21,79
2023-08-30 17:17:00,4125,7.2187,7.215,7.22,7.22,7.21,42
2023-08-30 17:18:00,5940,7.2128,7.22,7.215,7.22,7.21,34
2023-08-30 17:19:00,1138,7.2136,7.215,7.21,7.215,7.21,18
2023-08-30 17:20:00,21890,7.2191,7.215,7.215,7.22,7.21,157
2023-08-30 17:21:00,2866,7.2196,7.215,7.22,7.22,7.215,31
2023-08-30 17:22:00,2095,7.2188,7.21,7.22,7.22,7.21,28
2023-08-30 17:23:00,6057,7.2116,7.21,7.215,7.215,7.21,45
2023-08-30 17:24:00,4620,7.2154,7.21,7.22,7.22,7.21,51
2023-08-30 17:25:00,4294,7.2171,7.2149,7.215,7.22,7.21,39
2023-08-30 17:26:00,9954,7.2141,7.215,7.22,7.22,7.21,60
2023-08-30 17:27:00,19459,7.22,7.22,7.22,7.22,7.215,112
2023-08-30 17:28:00,10753,7.2142,7.22,7.215,7.22,7.21,62
2023-08-30 17:29:00,2158,7.2133,7.215,7.21,7.215,7.21,26
2023-08-30 17:30:00,5310,7.2149,7.21,7.215,7.22,7.21,57
2023-08-30 17:31:00,524,7.215,7.215,7.215,7.215,7.215,9
2023-08-30 17:32:00,12312,7.2156,7.215,7.21,7.22,7.21,66
2023-08-30 17:33:00,4838,7.2189,7.22,7.22,7.22,7.215,49
2023-08-30 17:34:00,3288,7.2192,7.22,7.22,7.22,7.215,41
2023-08-30 17:35:00,3749,7.2188,7.22,7.22,7.22,7.215,40
2023-08-30 17:36:00,12836,7.213,7.22,7.215,7.22,7.21,101
2023-08-30 17:37:00,1071,7.2146,7.21,7.215,7.215,7.21,11
2023-08-30 17:38:00,7374,7.2166,7.215,7.215,7.22,7.21,56
2023-08-30 17:39:00,12464,7.2122,7.215,7.215,7.215,7.21,92
2023-08-30 17:40:00,1592,7.2136,7.215,7.21,7.215,7.21,23
2023-08-30 17:41:00,2202,7.2142,7.215,7.215,7.215,7.21,24
2023-08-30 17:42:00,3419,7.2138,7.215,7.215,7.215,7.21,27
2023-08-30 17:43:00,10548,7.2109,7.215,7.21,7.215,7.21,66
2023-08-30 17:44:00,45525,7.2109,7.21,7.22,7.22,7.205,243
2023-08-30 17:45:00,6442,7.2192,7.215,7.215,7.22,7.215,52
2023-08-30 17:46:00,1542,7.215,7.215,7.215,7.215,7.215,7
2023-08-30 17:47:00,7285,7.2193,7.22,7.22,7.22,7.215,73
2023-08-30 17:48:00,1439,7.2152,7.215,7.215,7.215,7.215,26
2023-08-30 17:49:00,2402,7.2141,7.215,7.215,7.215,7.2137,17
2023-08-30 17:50:00,23857,7.2072,7.215,7.205,7.215,7.2,177
2023-08-30 17:51:00,1072,7.2021,7.2,7.2,7.205,7.2,18
2023-08-30 17:52:00,7047,7.2054,7.2,7.205,7.21,7.2,60
2023-08-30 17:53:00,7057,7.201,7.205,7.2,7.205,7.2,29
2023-08-30 17:54:00,2467,7.2017,7.2,7.2,7.205,7.2,22
2023-08-30 17:55:00,19656,7.2049,7.21,7.2033,7.21,7.2,154
2023-08-30 17:56:00,9419,7.2005,7.2,7.2,7.21,7.195,65
2023-08-30 17:57:00,1836,7.1936,7.19,7.19,7.195,7.19,10
2023-08-30 17:58:00,617,7.1931,7.195,7.195,7.195,7.19,13
2023-08-30 17:59:00,20235,7.1989,7.2,7.2,7.2,7.19,162
2023-08-30 18:00:00,11929,7.2001,7.2,7.2,7.205,7.2,86
2023-08-30 18:01:00,930,7.2016,7.205,7.2,7.205,7.2,13
2023-08-30 18:02:00,9057,7.1996,7.2,7.195,7.2,7.195,59
2023-08-30 18:03:00,1647,7.1943,7.195,7.1942,7.195,7.1942,5
2023-08-30 18:04:00,3205,7.1948,7.195,7.1933,7.195,7.19,27
2023-08-30 18:05:00,9204,7.1963,7.2,7.19,7.2,7.19,63
2023-08-30 18:06:00,521,7.1946,7.1934,7.195,7.195,7.1934,6
2023-08-30 18:07:00,3541,7.1906,7.19,7.19,7.195,7.19,30
2023-08-30 18:08:00,1871,7.1909,7.1902,7.195,7.195,7.19,10
2023-08-30 18:09:00,10956,7.1949,7.195,7.19,7.2,7.19,90
2023-08-30 18:10:00,3137,7.1928,7.2,7.1904,7.2,7.19,37
2023-08-30 18:11:00,2021,7.1914,7.19,7.1905,7.195,7.19,13
2023-08-30 18:12:00,7593,7.1951,7.19,7.195,7.2,7.19,75
2023-08-30 18:13:00,7011,7.1992,7.19,7.2,7.2,7.19,77
2023-08-30 18:14:00,34047,7.2006,7.2,7.2,7.205,7.195,196
2023-08-30 18:15:00,1410,7.1997,7.195,7.195,7.195,7.195,5
2023-08-30 18:16:00,568,7.195,7.195,7.195,7.195,7.195,7
2023-08-30 18:17:00,10603,7.1992,7.1999,7.2,7.2,7.195,40
2023-08-30 18:18:00,913,7.194,7.195,7.19,7.195,7.19,22
2023-08-30 18:19:00,2149,7.1936,7.19,7.195,7.195,7.19,24
2023-08-30 18:20:00,544,7.1956,7.195,7.1993,7.1993,7.195,18
2023-08-30 18:21:00,1115,7.1945,7.195,7.195,7.195,7.195,14
2023-08-30 18:22:00,1235,7.195,7.195,7.195,7.195,7.195,20
2023-08-30 18:23:00,16738,7.1982,7.195,7.195,7.2,7.195,89
2023-08-30 18:24:00,10645,7.1994,7.195,7.2,7.2,7.195,61
2023-08-30 18:25:00,3404,7.1966,7.2,7.195,7.2,7.19,39
2023-08-30 18:26:00,11092,7.1895,7.19,7.18,7.19,7.18,74
2023-08-30 18:27:00,1455,7.1826,7.185,7.18,7.185,7.18,21
2023-08-30 18:28:00,1613,7.1805,7.18,7.18,7.185,7.18,23
2023-08-30 18:29:00,216,7.1827,7.185,7.185,7.185,7.185,10
2023-08-30 18:30:00,20108,7.1778,7.18,7.17,7.18,7.17,117
2023-08-30 18:31:00,767,7.1741,7.175,7.175,7.175,7.175,12
2023-08-30 18:32:00,2218,7.1706,7.175,7.17,7.175,7.17,36
2023-08-30 18:33:00,473,7.172,7.17,7.175,7.175,7.17,14
2023-08-30 18:34:00,467,7.1733,7.175,7.17,7.175,7.17,13
2023-08-30 18:35:00,2080,7.1709,7.17,7.1736,7.1736,7.17,21
2023-08-30 18:36:00,2071,7.1744,7.175,7.175,7.175,7.17,27
2023-08-30 18:37:00,1663,7.1744,7.175,7.175,7.175,7.17,22
2023-08-30 18:38:00,3088,7.1743,7.175,7.17,7.175,7.17,38
2023-08-30 18:39:00,76603,7.1696,7.175,7.16,7.18,7.15,354
2023-08-30 18:40:00,444,7.1651,7.165,7.165,7.165,7.165,9
2023-08-30 18:41:00,372,7.165,7.165,7.165,7.165,7.165,9
2023-08-30 18:42:00,10563,7.1679,7.165,7.17,7.17,7.16,82
2023-08-30 18:43:00,2464,7.1691,7.17,7.165,7.17,7.165,22
2023-08-30 18:44:00,252,7.1664,7.165,7.165,7.165,7.165,8
2023-08-30 18:45:00,13161,7.1682,7.16,7.17,7.17,7.16,104
2023-08-30 18:46:00,4320,7.1694,7.17,7.17,7.17,7.165,51
2023-08-30 18:47:00,4352,7.1697,7.17,7.17,7.17,7.165,51
2023-08-30 18:48:00,5754,7.168,7.17,7.17,7.17,7.1625,58
2023-08-30 18:49:00,15783,7.1697,7.1625,7.17,7.17,7.1625,112
2023-08-30 18:50:00,4457,7.17,7.17,7.17,7.17,7.17,47
2023-08-30 18:51:00,4840,7.1694,7.17,7.17,7.17,7.165,51
2023-08-30 18:52:00,4095,7.1699,7.17,7.17,7.17,7.165,52
2023-08-30 18:53:00,5108,7.1691,7.17,7.17,7.17,7.165,63
2023-08-30 18:54:00,6993,7.1698,7.17,7.17,7.17,7.165,60
2023-08-30 18:55:00,9187,7.1695,7.17,7.17,7.17,7.165,67
2023-08-30 18:56:00,76867,7.1898,7.17,7.2,7.205,7.17,348
2023-08-30 18:57:00,33217,7.2007,7.2,7.2,7.21,7.195,154
2023-08-30 18:58:00,3029,7.1996,7.2,7.2,7.2,7.2,43
2023-08-30 18:59:00,7559,7.2,7.2,7.2,7.2,7.2,66
2023-08-30 19:00:00,32373,7.2005,7.2,7.19,7.21,7.19,169
2023-08-30 19:01:00,26431,7.2014,7.195,7.21,7.21,7.195,126
2023-08-30 19:02:00,65523,7.2025,7.21,7.215,7.22,7.2,80
2023-08-30 19:03:00,10610,7.2113,7.21,7.215,7.215,7.21,40
2023-08-30 19:04:00,10010,7.2233,7.215,7.23,7.23,7.215,83
2023-08-30 19:05:00,3840,7.2364,7.235,7.24,7.24,7.235,40
2023-08-30 19:06:00,211062,7.2401,7.24,7.25,7.25,7.24,82
2023-08-30 19:07:00,34977,7.2514,7.25,7.25,7.26,7.25,180
2023-08-30 19:08:00,663,7.2498,7.25,7.25,7.25,7.25,7
2023-08-30 19:09:00,12406,7.2532,7.255,7.26,7.26,7.25,81
2023-08-30 19:10:00,30543,7.2511,7.26,7.245,7.26,7.245,164
2023-08-30 19:11:00,3165,7.2481,7.245,7.245,7.25,7.245,35
2023-08-30 19:12:00,14842,7.2396,7.245,7.235,7.245,7.235,70
2023-08-30 19:13:00,5559,7.2314,7.235,7.23,7.235,7.23,19
2023-08-30 19:14:00,25214,7.235,7.23,7.235,7.235,7.23,12
2023-08-30 19:15:00,51227,7.235,7.235,7.235,7.235,7.235,18
2023-08-30 19:16:00,3844,7.2354,7.23,7.235,7.235,7.23,22
2023-08-30 19:17:00,9577,7.235,7.235,7.235,7.235,7.235,21
2023-08-30 19:18:00,305686,7.2347,7.235,7.24,7.245,7.225,252
2023-08-30 19:19:00,189,7.2437,7.245,7.245,7.245,7.245,10
2023-08-30 19:20:00,25235,7.2544,7.25,7.26,7.26,7.245,122
2023-08-30 19:21:00,34558,7.2553,7.265,7.245,7.265,7.245,177
2023-08-30 19:22:00,200511,7.24,7.24,7.245,7.245,7.24,5
2023-08-30 19:23:00,37449,7.2495,7.245,7.245,7.255,7.245,134
2023-08-30 19:24:00,202,7.245,7.245,7.245,7.245,7.245,7
2023-08-30 19:27:00,32599,7.2396,7.245,7.2375,7.245,7.235,163
2023-08-30 19:28:00,51672,7.2374,7.24,7.235,7.24,7.235,121
2023-08-30 19:29:00,1562,7.2334,7.235,7.235,7.235,7.23,14
2023-08-30 19:30:00,21568,7.2297,7.23,7.23,7.235,7.225,144
2023-08-30 19:31:00,34182,7.2219,7.23,7.23,7.23,7.215,192
2023-08-30 19:32:00,2413,7.2221,7.23,7.22,7.23,7.22,18
2023-08-30 19:33:00,103360,7.2249,7.22,7.2218,7.225,7.22,29
2023-08-30 19:34:00,910,7.2249,7.225,7.225,7.225,7.225,16
2023-08-30 19:35:00,36023,7.2334,7.225,7.25,7.25,7.225,197
2023-08-30 19:36:00,10681,7.2481,7.25,7.25,7.25,7.245,71
2023-08-30 19:37:00,18177,7.2572,7.25,7.27,7.27,7.25,106
2023-08-30 19:38:00,31202,7.2614,7.27,7.26,7.27,7.26,169
2023-08-30 19:39:00,26029,7.2606,7.26,7.255,7.27,7.255,105
2023-08-30 19:40:00,27450,7.2638,7.255,7.27,7.27,7.255,130
2023-08-30 19:41:00,5830,7.263,7.2625,7.265,7.265,7.26,28
2023-08-30 19:42:00,2743,7.2618,7.265,7.26,7.265,7.26,26
2023-08-30 19:43:00,28838,7.2595,7.26,7.255,7.265,7.25,130
2023-08-30 19:44:00,2064,7.2558,7.25,7.255,7.255,7.25,27
2023-08-30 19:45:00,5081,7.2509,7.255,7.255,7.255,7.25,45
2023-08-30 19:46:00,3033,7.2552,7.25,7.255,7.255,7.25,28
2023-08-30 19:47:00,47606,7.2584,7.255,7.255,7.26,7.25,226
2023-08-30 19:48:00,13162,7.2609,7.26,7.265,7.27,7.255,88
2023-08-30 19:49:00,5240,7.2646,7.265,7.265,7.265,7.26,31
2023-08-30 19:50:00,33624,7.2671,7.27,7.265,7.27,7.26,189
2023-08-30 19:51:00,45112,7.2597,7.265,7.25,7.265,7.25,144
2023-08-30 19:52:00,34211,7.255,7.255,7.255,7.255,7.25,49
2023-08-30 19:53:00,8492,7.2547,7.255,7.25,7.26,7.25,57
2023-08-30 19:54:00,7868,7.2545,7.2505,7.255,7.26,7.25,61
2023-08-30 19:55:00,44078,7.2606,7.255,7.265,7.27,7.25,199
2023-08-30 19:56:00,53656,7.2648,7.265,7.265,7.27,7.26,354
2023-08-30 19:57:00,57302,7.2646,7.26,7.265,7.27,7.26,431
2023-08-30 19:58:00,183442,7.2714,7.265,7.275,7.28,7.265,726
2023-08-30 19:59:00,141875,7.2756,7.28,7.27,7.28,7.265,1095
2023-08-30 20:00:00,6651,7.27,7.27,7.27,7.27,7.27,8
2023-08-31 13:30:00,9247,7.3102,7.29,7.36,7.36,7.29,24
2023-08-31 13:31:00,4718,7.3434,7.34,7.36,7.37,7.335,44
2023-08-31 13:32:00,2542,7.3353,7.34,7.33,7.34,7.33,22
2023-08-31 13:33:00,5322,7.344,7.33,7.345,7.35,7.33,56
2023-08-31 13:34:00,4560,7.3505,7.3407,7.36,7.36,7.3407,25
2023-08-31 13:35:00,9236,7.3679,7.37,7.37,7.37,7.36,83
2023-08-31 13:36:00,10541,7.3797,7.375,7.38,7.385,7.37,55
2023-08-31 13:37:00,5054,7.3804,7.3865,7.385,7.3865,7.37,38
2023-08-31 13:38:00,4998,7.382,7.38,7.39,7.39,7.375,61
2023-08-31 13:39:00,3191,7.3854,7.395,7.38,7.395,7.38,33
2023-08-31 13:40:00,8080,7.3751,7.38,7.37,7.3805,7.37,65
2023-08-31 13:41:00,4756,7.37,7.37,7.37,7.37,7.37,41
2023-08-31 13:42:00,12177,7.3699,7.37,7.37,7.375,7.365,82
2023-08-31 13:43:00,1333,7.3623,7.36,7.36,7.365,7.36,16
2023-08-31 13:44:00,4869,7.3669,7.36,7.37,7.37,7.36,35
2023-08-31 13:45:00,6673,7.3695,7.37,7.37,7.375,7.365,67
2023-08-31 13:46:00,3261,7.3699,7.37,7.37,7.37,7.365,26
2023-08-31 13:47:00,11405,7.3631,7.37,7.36,7.37,7.355,93
2023-08-31 13:48:00,4082,7.3686,7.36,7.385,7.385,7.3593,55
2023-08-31 13:49:00,448,7.3818,7.385,7.38,7.385,7.38,8
2023-08-31 13:50:00,8581,7.3881,7.39,7.385,7.39,7.385,79
2023-08-31 13:51:00,255,7.385,7.385,7.385,7.385,7.385,8
2023-08-31 13:52:00,11140,7.3782,7.38,7.385,7.385,7.375,101
2023-08-31 13:53:00,8180,7.3866,7.38,7.395,7.395,7.375,68
2023-08-31 13:54:00,5891,7.406,7.4,7.4175,7.4175,7.4,88
2023-08-31 13:55:00,5905,7.4041,7.41,7.395,7.41,7.395,56
2023-08-31 13:56:00,12867,7.3897,7.39,7.385,7.39,7.385,68
2023-08-31 13:57:00,3184,7.3997,7.39,7.405,7.41,7.39,44
2023-08-31 13:58:00,4963,7.4114,7.41,7.415,7.42,7.41,50
2023-08-31 13:59:00,18164,7.4201,7.415,7.42,7.425,7.415,81
2023-08-31 14:00:00,9136,7.4192,7.42,7.42,7.42,7.415,75
2023-08-31 14:01:00,1437,7.4123,7.41,7.415,7.415,7.41,25
2023-08-31 14:02:00,5750,7.4186,7.42,7.415,7.42,7.41,38
2023-08-31 14:03:00,12184,7.409,7.41,7.41,7.41,7.4025,109
2023-08-31 14:04:00,4983,7.408,7.41,7.4,7.41,7.4,28
2023-08-31 14:05:00,15990,7.4103,7.41,7.41,7.415,7.405,135
2023-08-31 14:06:00,3225,7.4009,7.405,7.4,7.405,7.4,17
2023-08-31 14:07:00,9831,7.4069,7.405,7.4,7.41,7.4,113
2023-08-31 14:08:00,9188,7.3954,7.4,7.395,7.4,7.39,88
2023-08-31 14:09:00,1278,7.3953,7.39,7.395,7.395,7.39,17
2023-08-31 14:10:00,418,7.3948,7.395,7.395,7.395,7.395,18
2023-08-31 14:11:00,1910,7.395,7.395,7.395,7.395,7.395,23
2023-08-31 14:12:00,21289,7.3978,7.4,7.4,7.4,7.395,169
2023-08-31 14:13:00,4296,7.398,7.4,7.4,7.4,7.395,48
2023-08-31 14:14:00,4178,7.3999,7.4,7.4,7.4,7.4,75
2023-08-31 14:15:00,4684,7.4005,7.4,7.4,7.405,7.4,41
2023-08-31 14:16:00,6504,7.4052,7.4,7.4084,7.41,7.4,52
2023-08-31 14:17:00,7466,7.4088,7.405,7.405,7.41,7.405,93
2023-08-31 14:18:00,7308,7.4074,7.41,7.405,7.41,7.4,74
2023-08-31 14:19:00,9816,7.41,7.405,7.425,7.425,7.4,88
2023-08-31 14:20:00,23180,7.4197,7.425,7.415,7.425,7.41,81
2023-08-31 14:21:00,5651,7.4197,7.42,7.42,7.42,7.415,60
2023-08-31 14:22:00,4432,7.4184,7.42,7.42,7.42,7.415,54
2023-08-31 14:23:00,5501,7.4154,7.42,7.415,7.42,7.41,34
2023-08-31 14:24:00,40532,7.4232,7.415,7.425,7.43,7.415,138
2023-08-31 14:25:00,24154,7.4277,7.43,7.42,7.43,7.42,82
2023-08-31 14:26:00,6459,7.4242,7.42,7.425,7.43,7.42,32
2023-08-31 14:27:00,102350,7.4271,7.425,7.425,7.44,7.42,292
2023-08-31 14:28:00,18990,7.4145,7.43,7.4,7.43,7.39,115
2023-08-31 14:30:00,22104,7.4067,7.395,7.42,7.42,7.395,131
2023-08-31 14:31:00,3744,7.4189,7.415,7.42,7.42,7.415,53
2023-08-31 14:32:00,1908,7.4101,7.41,7.41,7.41,7.41,17
2023-08-31 14:33:00,2603,7.4112,7.41,7.415,7.415,7.41,20
2023-08-31 14:34:00,9460,7.4186,7.415,7.415,7.42,7.415,67
2023-08-31 14:35:00,6781,7.418,7.42,7.42,7.42,7.415,76
2023-08-31 14:36:00,42339,7.4203,7.42,7.43,7.43,7.41,128
2023-08-31 14:37:00,16076,7.4388,7.43,7.445,7.45,7.43,116
2023-08-31 14:38:00,11246,7.4391,7.44,7.43,7.45,7.43,53
2023-08-31 14:39:00,2102,7.4294,7.43,7.43,7.43,7.43,21
2023-08-31 14:40:00,3123,7.4348,7.435,7.435,7.435,7.435,32
2023-08-31 14:41:00,22518,7.4274,7.435,7.42,7.435,7.42,112
2023-08-31 14:42:00,3884,7.4201,7.42,7.42,7.425,7.42,25
2023-08-31 14:43:00,3534,7.4242,7.425,7.42,7.425,7.42,20
2023-08-31 14:44:00,1293,7.4235,7.425,7.425,7.425,7.42,23
2023-08-31 14:45:00,2572,7.4225,7.425,7.425,7.425,7.42,30
2023-08-31 14:46:00,2728,7.4245,7.42,7.42,7.43,7.42,30
2023-08-31 14:47:00,20108,7.425,7.425,7.425,7.43,7.42,37
2023-08-31 14:48:00,7333,7.4223,7.425,7.42,7.43,7.42,59
2023-08-31 14:49:00,20912,7.4195,7.425,7.42,7.425,7.415,185
2023-08-31 14:50:00,21184,7.42,7.42,7.42,7.42,7.415,86
2023-08-31 14:51:00,16520,7.4149,7.42,7.41,7.42,7.405,144
2023-08-31 14:52:00,1537,7.4053,7.405,7.405,7.41,7.405,23
2023-08-31 14:53:00,6646,7.4091,7.41,7.405,7.41,7.405,64
2023-08-31 14:54:00,9043,7.417,7.405,7.425,7.425,7.405,69
2023-08-31 14:55:00,4242,7.4214,7.425,7.425,7.425,7.42,15
2023-08-31 14:56:00,30397,7.4147,7.42,7.41,7.425,7.41,171
2023-08-31 14:57:00,3246,7.4088,7.41,7.405,7.41,7.405,36
2023-08-31 14:58:00,3310,7.4039,7.405,7.405,7.4089,7.4,15
2023-08-31 14:59:00,46875,7.4057,7.4,7.41,7.41,7.395,320
2023-08-31 15:00:00,549,7.4032,7.405,7.405,7.405,7.4,15
2023-08-31 15:01:00,432,7.4012,7.4,7.405,7.405,7.4,10
2023-08-31 15:02:00,16821,7.41,7.405,7.415,7.42,7.405,113
2023-08-31 15:03:00,4469,7.4194,7.415,7.42,7.42,7.415,42
2023-08-31 15:04:00,4160,7.4196,7.42,7.42,7.42,7.415,56
2023-08-31 15:05:00,4049,7.4179,7.42,7.415,7.42,7.41,43
2023-08-31 15:06:00,5463,7.4162,7.415,7.415,7.42,7.41,63
2023-08-31 15:07:00,15906,7.4185,7.42,7.42,7.42,7.415,110
2023-08-31 15:08:00,22279,7.42,7.42,7.42,7.42,7.42,110
2023-08-31 15:09:00,10945,7.4193,7.42,7.42,7.42,7.4108,87
2023-08-31 15:10:00,6012,7.4199,7.42,7.42,7.42,7.42,53
2023-08-31 15:11:00,6702,7.42,7.42,7.42,7.42,7.42,78
2023-08-31 15:12:00,5051,7.4206,7.42,7.425,7.425,7.42,67
2023-08-31 15:13:00,3529,7.4223,7.425,7.425,7.425,7.42,26
2023-08-31 15:14:00,5890,7.4251,7.425,7.425,7.43,7.425,11
2023-08-31 15:15:00,29637,7.416,7.425,7.405,7.4282,7.405,129
2023-08-31 15:16:00,5418,7.4066,7.41,7.4,7.41,7.4,35
2023-08-31 15:17:00,4121,7.4012,7.4,7.405,7.405,7.4,32
2023-08-31 15:18:00,9686,7.4058,7.405,7.405,7.41,7.4,89
2023-08-31 15:19:00,2688,7.4106,7.405,7.405,7.405,7.405,26
2023-08-31 15:20:00,6592,7.4055,7.405,7.405,7.41,7.4,62
2023-08-31 15:21:00,1384,7.4049,7.405,7.405,7.405,7.405,28
2023-08-31 15:22:00,15558,7.4113,7.41,7.42,7.42,7.405,127
2023-08-31 15:23:00,5081,7.4195,7.42,7.42,7.42,7.415,81
2023-08-31 15:24:00,4563,7.4194,7.415,7.42,7.42,7.415,66
2023-08-31 15:25:00,6424,7.4198,7.42,7.42,7.42,7.415,91
2023-08-31 15:26:00,3480,7.4193,7.42,7.42,7.42,7.42,60
2023-08-31 15:27:00,4163,7.4198,7.42,7.42,7.42,7.42,78
2023-08-31 15:28:00,4752,7.4185,7.42,7.42,7.42,7.41,74
2023-08-31 15:29:00,17934,7.4121,7.42,7.415,7.42,7.41,122
2023-08-31 15:30:00,1308,7.4142,7.42,7.41,7.42,7.41,16
2023-08-31 15:31:00,5529,7.4161,7.415,7.42,7.42,7.41,87
2023-08-31 15:32:00,3084,7.4189,7.42,7.42,7.42,7.415,43
2023-08-31 15:33:00,3697,7.4187,7.42,7.415,7.42,7.415,48
2023-08-31 15:34:00,7672,7.4165,7.415,7.41,7.42,7.41,72
2023-08-31 15:35:00,2291,7.4143,7.415,7.41,7.415,7.41,19
2023-08-31 15:36:00,7444,7.4187,7.42,7.42,7.42,7.415,106
2023-08-31 15:37:00,4342,7.4194,7.42,7.42,7.42,7.415,59
2023-08-31 15:38:00,5213,7.4197,7.42,7.42,7.42,7.42,76
2023-08-31 15:39:00,7608,7.4237,7.42,7.425,7.43,7.42,40
2023-08-31 15:40:00,4689,7.423,7.425,7.425,7.43,7.42,29
2023-08-31 15:41:00,4035,7.424,7.425,7.42,7.425,7.42,16
2023-08-31 15:42:00,11575,7.4193,7.4275,7.415,7.4275,7.415,106
2023-08-31 15:43:00,11777,7.4184,7.42,7.415,7.42,7.415,104
2023-08-31 15:44:00,471,7.415,7.415,7.415,7.415,7.415,15
2023-08-31 15:45:00,1460,7.4148,7.415,7.415,7.415,7.415,33
2023-08-31 15:46:00,2193,7.415,7.415,7.415,7.415,7.415,38
2023-08-31 15:47:00,1333,7.415,7.415,7.415,7.415,7.415,24
2023-08-31 15:48:00,14123,7.4194,7.415,7.42,7.42,7.415,118
2023-08-31 15:49:00,5746,7.4183,7.415,7.42,7.42,7.415,75
2023-08-31 15:50:00,4518,7.4197,7.42,7.42,7.42,7.42,88
2023-08-31 15:51:00,4933,7.4199,7.42,7.42,7.42,7.42,63
2023-08-31 15:52:00,7319,7.4197,7.42,7.425,7.425,7.415,76
2023-08-31 15:53:00,1694,7.4243,7.425,7.425,7.425,7.425,23
2023-08-31 15:54:00,1209,7.4241,7.425,7.425,7.425,7.42,11
2023-08-31 15:55:00,2686,7.4214,7.425,7.425,7.425,7.42,22
2023-08-31 15:56:00,9384,7.425,7.425,7.425,7.43,7.42,58
2023-08-31 15:57:00,4445,7.4255,7.425,7.425,7.43,7.425,38
2023-08-31 15:58:00,33022,7.4183,7.425,7.405,7.43,7.405,208
2023-08-31 15:59:00,2323,7.4082,7.405,7.41,7.41,7.405,40
2023-08-31 16:00:00,5871,7.4083,7.405,7.41,7.41,7.405,85
2023-08-31 16:01:00,19401,7.4099,7.405,7.41,7.41,7.405,50
2023-08-31 16:02:00,650,7.415,7.415,7.415,7.415,7.415,15
2023-08-31 16:03:00,2575,7.4131,7.41,7.415,7.415,7.41,14
2023-08-31 16:04:00,1071,7.4147,7.415,7.4114,7.415,7.4114,21
2023-08-31 16:05:00,11992,7.4187,7.4189,7.42,7.42,7.415,81
2023-08-31 16:06:00,3726,7.4195,7.42,7.42,7.42,7.415,52
2023-08-31 16:07:00,1938,7.4261,7.43,7.425,7.43,7.4207,22
2023-08-31 16:08:00,6993,7.4255,7.425,7.43,7.43,7.425,67
2023-08-31 16:09:00,2653,7.4251,7.425,7.425,7.43,7.425,26
2023-08-31 16:10:00,31371,7.4161,7.43,7.405,7.43,7.405,195
2023-08-31 16:11:00,2250,7.409,7.405,7.405,7.41,7.405,44
2023-08-31 16:12:00,7551,7.4078,7.405,7.41,7.41,7.405,77
2023-08-31 16:13:00,5796,7.4106,7.41,7.405,7.41,7.405,29
2023-08-31 16:14:00,7109,7.408,7.405,7.41,7.41,7.405,71
2023-08-31 16:15:00,3200,7.4095,7.405,7.405,7.41,7.405,24
2023-08-31 16:16:00,3762,7.4089,7.41,7.405,7.41,7.405,50
2023-08-31 16:17:00,1953,7.4032,7.405,7.4,7.405,7.4,39
2023-08-31 16:18:00,19687,7.3965,7.4,7.4,7.405,7.39,175
2023-08-31 16:19:00,11312,7.397,7.4,7.4,7.4,7.395,84
2023-08-31 16:21:00,10113,7.401,7.4,7.405,7.405,7.4,87
2023-08-31 16:22:00,1822,7.4007,7.4,7.4,7.405,7.4,32
2023-08-31 16:23:00,3065,7.402,7.4,7.405,7.405,7.4,20
2023-08-31 16:24:00,15862,7.4083,7.405,7.41,7.41,7.4,131
2023-08-31 16:25:00,4464,7.4123,7.41,7.415,7.42,7.405,77
2023-08-31 16:26:00,4324,7.4184,7.42,7.42,7.42,7.415,67
2023-08-31 16:27:00,3584,7.4189,7.42,7.42,7.42,7.42,65
2023-08-31 16:28:00,3912,7.4197,7.42,7.42,7.42,7.42,57
2023-08-31 16:29:00,11655,7.4232,7.42,7.425,7.43,7.42,80
2023-08-31 16:30:00,6489,7.425,7.425,7.425,7.425,7.425,28
2023-08-31 16:31:00,5982,7.4276,7.43,7.43,7.43,7.425,78
2023-08-31 16:32:00,3279,7.4289,7.43,7.425,7.43,7.425,54
2023-08-31 16:33:00,8169,7.4291,7.43,7.425,7.43,7.425,85
2023-08-31 16:34:00,4722,7.4282,7.425,7.43,7.43,7.425,78
2023-08-31 16:35:00,5882,7.4295,7.43,7.43,7.43,7.425,92
2023-08-31 16:36:00,4791,7.4263,7.43,7.425,7.43,7.425,71
2023-08-31 16:37:00,3608,7.4266,7.425,7.425,7.43,7.425,50
2023-08-31 16:38:00,4755,7.4253,7.425,7.42,7.43,7.42,45
2023-08-31 16:39:00,17133,7.4174,7.42,7.415,7.4275,7.41,143
2023-08-31 16:40:00,4050,7.4183,7.415,7.42,7.42,7.415,62
2023-08-31 16:41:00,2229,7.4181,7.42,7.415,7.42,7.415,49
2023-08-31 16:42:00,1027,7.4151,7.415,7.415,7.415,7.415,25
2023-08-31 16:43:00,2812,7.4151,7.415,7.415,7.415,7.415,35
2023-08-31 16:44:00,6804,7.4143,7.415,7.415,7.415,7.41,55
2023-08-31 16:45:00,22736,7.4057,7.41,7.395,7.415,7.395,180
2023-08-31 16:46:00,24738,7.4052,7.4,7.405,7.41,7.4,135
2023-08-31 16:47:00,5129,7.4097,7.41,7.41,7.41,7.41,62
2023-08-31 16:48:00,4341,7.4055,7.41,7.405,7.41,7.4,42
2023-08-31 16:49:00,903,7.4048,7.405,7.4,7.405,7.4,24
2023-08-31 16:50:00,25045,7.4001,7.405,7.4,7.405,7.395,190
2023-08-31 16:51:00,3333,7.4,7.4,7.4,7.4,7.4,36
2023-08-31 16:52:00,1230,7.403,7.4,7.405,7.405,7.4,18
2023-08-31 16:53:00,1301,7.4047,7.405,7.405,7.405,7.405,27
2023-08-31 16:54:00,787,7.4041,7.4,7.405,7.405,7.4,24
2023-08-31 16:55:00,11620,7.4133,7.405,7.42,7.42,7.405,109
2023-08-31 16:56:00,4477,7.416,7.42,7.42,7.42,7.415,66
2023-08-31 16:57:00,4453,7.4195,7.42,7.42,7.42,7.415,62
2023-08-31 16:58:00,4282,7.4153,7.42,7.41,7.42,7.41,47
2023-08-31 16:59:00,3775,7.4161,7.415,7.415,7.42,7.415,42
2023-08-31 17:00:00,5329,7.4168,7.415,7.415,7.42,7.41,70
2023-08-31 17:01:00,9976,7.4199,7.42,7.42,7.42,7.415,55
2023-08-31 17:02:00,4734,7.4199,7.42,7.42,7.42,7.42,57
2023-08-31 17:03:00,2318,7.4198,7.42,7.42,7.42,7.42,41
2023-08-31 17:04:00,4863,7.4191,7.42,7.42,7.42,7.415,55
2023-08-31 17:05:00,7049,7.4205,7.42,7.43,7.43,7.42,74
2023-08-31 17:06:00,3133,7.4286,7.425,7.43,7.43,7.425,62
2023-08-31 17:07:00,3111,7.4299,7.43,7.43,7.43,7.43,46
2023-08-31 17:08:00,3745,7.4363,7.43,7.44,7.44,7.43,58
2023-08-31 17:09:00,4404,7.4402,7.44,7.445,7.445,7.44,45
2023-08-31 17:10:00,3317,7.4484,7.445,7.445,7.45,7.445,41
2023-08-31 17:11:00,4892,7.4496,7.45,7.45,7.45,7.445,64
2023-08-31 17:12:00,3531,7.4494,7.45,7.45,7.45,7.45,52
2023-08-31 17:13:00,4580,7.4482,7.45,7.45,7.45,7.45,63
2023-08-31 17:14:00,9874,7.4519,7.45,7.46,7.46,7.45,58
2023-08-31 17:15:00,4256,7.4594,7.46,7.46,7.46,7.455,56
2023-08-31 17:16:00,6693,7.464,7.46,7.47,7.47,7.46,80
2023-08-31 17:17:00,3844,7.4695,7.465,7.47,7.47,7.465,67
2023-08-31 17:18:00,3532,7.4699,7.47,7.47,7.47,7.4698,53
2023-08-31 17:19:00,5499,7.4691,7.47,7.47,7.47,7.465,54
2023-08-31 17:20:00,3039,7.4676,7.47,7.46,7.47,7.46,36
2023-08-31 17:21:00,10913,7.4689,7.465,7.4699,7.47,7.465,75
2023-08-31 17:22:00,5425,7.4699,7.47,7.47,7.47,7.47,61
2023-08-31 17:23:00,4963,7.47,7.47,7.48,7.48,7.465,67
2023-08-31 17:24:00,4613,7.4812,7.48,7.49,7.49,7.48,63
2023-08-31 17:25:00,2826,7.4827,7.485,7.485,7.485,7.48,33
2023-08-31 17:26:00,23653,7.4852,7.48,7.4821,7.49,7.48,161
2023-08-31 17:27:00,419,7.485,7.485,7.485,7.485,7.485,18
2023-08-31 17:28:00,10475,7.4884,7.49,7.485,7.49,7.48,107
2023-08-31 17:29:00,2497,7.4849,7.49,7.485,7.49,7.48,35
2023-08-31 17:30:00,6823,7.4861,7.485,7.485,7.49,7.48,112
2023-08-31 17:31:00,1142,7.4855,7.485,7.485,7.485,7.485,43
2023-08-31 17:32:00,93787,7.4898,7.485,7.495,7.5,7.485,162
2023-08-31 17:33:00,10105,7.4929,7.495,7.495,7.495,7.49,87
2023-08-31 17:34:00,4603,7.4961,7.5,7.495,7.5,7.49,73
2023-08-31 17:35:00,14783,7.5011,7.5,7.505,7.51,7.5,113
2023-08-31 17:36:00,11768,7.4995,7.5,7.495,7.5,7.495,82
2023-08-31 17:37:00,14029,7.4999,7.495,7.5,7.505,7.495,111
2023-08-31 17:38:00,15145,7.4987,7.51,7.4909,7.51,7.4909,80
2023-08-31 17:39:00,5207,7.4985,7.495,7.5,7.5,7.495,69
2023-08-31 17:40:00,7193,7.5027,7.5,7.51,7.51,7.5,81
2023-08-31 17:41:00,2274,7.5081,7.505,7.505,7.51,7.505,48
2023-08-31 17:42:00,7823,7.509,7.505,7.51,7.51,7.505,125
2023-08-31 17:43:00,8799,7.4991,7.505,7.49,7.505,7.49,69
2023-08-31 17:44:00,1906,7.4983,7.49,7.49,7.495,7.49,14
2023-08-31 17:45:00,473,7.4949,7.495,7.49,7.495,7.49,6
2023-08-31 17:46:00,17597,7.5008,7.495,7.505,7.51,7.495,170
2023-08-31 17:47:00,3699,7.5092,7.51,7.51,7.51,7.51,63
2023-08-31 17:48:00,3531,7.5087,7.51,7.505,7.51,7.505,54
2023-08-31 17:49:00,1764,7.5024,7.505,7.5,7.505,7.5,24
2023-08-31 17:50:00,9217,7.5092,7.505,7.51,7.51,7.5,110
2023-08-31 17:51:00,7098,7.5096,7.51,7.51,7.51,7.51,73
2023-08-31 17:52:00,6544,7.5098,7.51,7.51,7.51,7.505,81
2023-08-31 17:53:00,5857,7.5069,7.51,7.51,7.51,7.505,81
2023-08-31 17:54:00,5253,7.5089,7.51,7.51,7.51,7.505,84
2023-08-31 17:55:00,5520,7.5098,7.51,7.51,7.51,7.505,81
2023-08-31 17:56:00,3989,7.5096,7.51,7.51,7.51,7.505,73
2023-08-31 17:57:00,10467,7.5105,7.51,7.515,7.515,7.505,85
2023-08-31 17:58:00,16334,7.5092,7.51,7.515,7.515,7.505,138
2023-08-31 17:59:00,2379,7.5108,7.51,7.515,7.515,7.51,18
2023-08-31 18:00:00,1544,7.5126,7.51,7.515,7.515,7.51,16
2023-08-31 18:01:00,1618,7.5142,7.515,7.51,7.515,7.51,28
2023-08-31 18:02:00,18180,7.5178,7.51,7.515,7.52,7.51,129
2023-08-31 18:03:00,1780,7.5175,7.515,7.515,7.52,7.515,26
2023-08-31 18:04:00,4281,7.5145,7.52,7.515,7.52,7.51,58
2023-08-31 18:05:00,5182,7.5196,7.52,7.52,7.52,7.515,79
2023-08-31 18:06:00,10550,7.5197,7.515,7.52,7.52,7.515,88
2023-08-31 18:07:00,3197,7.5219,7.52,7.525,7.525,7.52,38
2023-08-31 18:08:00,13933,7.5198,7.525,7.515,7.525,7.515,131
2023-08-31 18:09:00,5156,7.5196,7.52,7.52,7.52,7.5122,72
2023-08-31 18:10:00,4479,7.5206,7.52,7.525,7.525,7.52,63
2023-08-31 18:11:00,1925,7.5251,7.525,7.525,7.525,7.525,35
2023-08-31 18:12:00,17684,7.5292,7.525,7.53,7.535,7.525,108
2023-08-31 18:13:00,3142,7.5351,7.535,7.535,7.54,7.535,47
2023-08-31 18:14:00,2072,7.5375,7.54,7.535,7.54,7.535,45
2023-08-31 18:15:00,4244,7.5396,7.54,7.54,7.54,7.54,77
2023-08-31 18:16:00,6076,7.5392,7.54,7.54,7.54,7.535,94
2023-08-31 18:17:00,6119,7.5398,7.54,7.54,7.54,7.5394,94
2023-08-31 18:18:00,5228,7.5469,7.54,7.55,7.55,7.54,76
2023-08-31 18:19:00,6748,7.5484,7.55,7.55,7.55,7.545,79
2023-08-31 18:20:00,3963,7.5497,7.55,7.55,7.55,7.5491,74
2023-08-31 18:21:00,4398,7.5486,7.55,7.545,7.55,7.545,70
2023-08-31 18:22:00,15724,7.5445,7.54,7.545,7.55,7.54,93
2023-08-31 18:23:00,60249,7.5432,7.54,7.555,7.56,7.53,255
2023-08-31 18:24:00,2185,7.551,7.55,7.55,7.55,7.55,25
2023-08-31 18:25:00,10280,7.5581,7.555,7.56,7.56,7.55,96
2023-08-31 18:26:00,6791,7.5692,7.565,7.57,7.57,7.565,108
2023-08-31 18:27:00,6614,7.5675,7.565,7.57,7.57,7.56,82
2023-08-31 18:28:00,4190,7.5697,7.57,7.57,7.57,7.565,74
2023-08-31 18:29:00,5434,7.5696,7.57,7.57,7.57,7.565,96
2023-08-31 18:30:00,5225,7.5711,7.57,7.57,7.575,7.57,59
2023-08-31 18:31:00,18908,7.5675,7.57,7.5636,7.575,7.56,117
2023-08-31 18:32:00,2122,7.5632,7.565,7.565,7.565,7.56,26
2023-08-31 18:33:00,12199,7.5692,7.565,7.57,7.57,7.565,160
2023-08-31 18:34:00,8190,7.5692,7.57,7.57,7.57,7.565,103
2023-08-31 18:35:00,8476,7.5683,7.57,7.565,7.57,7.565,98
2023-08-31 18:36:00,8582,7.5675,7.565,7.57,7.57,7.56,103
2023-08-31 18:37:00,6316,7.5689,7.57,7.565,7.57,7.565,92
2023-08-31 18:38:00,5176,7.5693,7.57,7.565,7.57,7.565,68
2023-08-31 18:39:00,5424,7.5692,7.565,7.57,7.57,7.565,85
2023-08-31 18:40:00,6008,7.5693,7.57,7.57,7.57,7.56,104
2023-08-31 18:41:00,6699,7.5691,7.565,7.57,7.57,7.565,97
2023-08-31 18:42:00,33177,7.5555,7.565,7.555,7.565,7.545,250
2023-08-31 18:43:00,1423,7.5556,7.555,7.555,7.555,7.555,38
2023-08-31 18:44:00,23559,7.5452,7.55,7.545,7.555,7.54,149
2023-08-31 18:45:00,2316,7.5466,7.545,7.54,7.55,7.54,60
2023-08-31 18:46:00,9984,7.5447,7.545,7.545,7.55,7.54,127
2023-08-31 18:47:00,12996,7.5405,7.545,7.54,7.545,7.535,106
2023-08-31 18:48:00,5904,7.5403,7.54,7.54,7.54,7.54,41
2023-08-31 18:49:00,10234,7.5393,7.545,7.535,7.545,7.53,104
2023-08-31 18:50:00,4586,7.5311,7.53,7.535,7.535,7.53,32
2023-08-31 18:51:00,13562,7.5311,7.535,7.535,7.535,7.53,136
2023-08-31 18:52:00,4969,7.5353,7.535,7.535,7.54,7.53,55
2023-08-31 18:53:00,14418,7.5388,7.5399,7.535,7.54,7.535,107
2023-08-31 18:54:00,1956,7.5383,7.535,7.54,7.54,7.535,23
2023-08-31 18:55:00,6047,7.5369,7.535,7.535,7.54,7.535,82
2023-08-31 18:56:00,6876,7.5384,7.535,7.54,7.54,7.535,73
2023-08-31 18:57:00,7637,7.5346,7.535,7.54,7.54,7.5301,67
2023-08-31 18:58:00,6481,7.5384,7.535,7.54,7.54,7.535,74
2023-08-31 18:59:00,9687,7.5391,7.54,7.54,7.54,7.535,125
2023-08-31 19:00:00,5768,7.5432,7.54,7.5499,7.5499,7.54,55
2023-08-31 19:01:00,12172,7.5479,7.545,7.55,7.55,7.545,131
2023-08-31 19:02:00,6771,7.5491,7.55,7.545,7.55,7.545,73
2023-08-31 19:03:00,6452,7.5485,7.545,7.55,7.55,7.545,99
2023-08-31 19:04:00,5367,7.5485,7.55,7.545,7.55,7.545,82
2023-08-31 19:05:00,7599,7.548,7.55,7.55,7.55,7.545,107
2023-08-31 19:06:00,8327,7.549,7.55,7.545,7.55,7.545,96
2023-08-31 19:07:00,10299,7.5528,7.55,7.56,7.56,7.545,90
2023-08-31 19:08:00,7282,7.5585,7.56,7.56,7.56,7.555,83
2023-08-31 19:09:00,6854,7.5573,7.555,7.555,7.56,7.55,95
2023-08-31 19:10:00,7285,7.5584,7.56,7.555,7.56,7.555,97
2023-08-31 19:11:00,5791,7.5581,7.56,7.56,7.56,7.555,77
2023-08-31 19:12:00,5599,7.5587,7.56,7.555,7.56,7.555,87
2023-08-31 19:13:00,9066,7.5588,7.56,7.555,7.56,7.555,105
2023-08-31 19:14:00,6323,7.5607,7.56,7.565,7.57,7.555,96
2023-08-31 19:15:00,25575,7.5561,7.56,7.545,7.565,7.545,183
2023-08-31 19:16:00,1990,7.5454,7.545,7.545,7.545,7.5415,59
2023-08-31 19:17:00,2849,7.547,7.54,7.545,7.545,7.54,53
2023-08-31 19:18:00,2824,7.5428,7.545,7.545,7.545,7.54,41
2023-08-31 19:19:00,2707,7.5452,7.545,7.545,7.55,7.545,50
2023-08-31 19:20:00,10188,7.5421,7.545,7.54,7.55,7.54,66
2023-08-31 19:21:00,3612,7.5434,7.545,7.545,7.545,7.54,54
2023-08-31 19:22:00,31635,7.5305,7.54,7.515,7.545,7.515,180
2023-08-31 19:23:00,10009,7.5015,7.515,7.4914,7.515,7.49,75
2023-08-31 19:24:00,34573,7.4878,7.49,7.48,7.49,7.48,171
2023-08-31 19:25:00,2549,7.4892,7.485,7.48,7.485,7.48,26
2023-08-31 19:26:00,1064,7.4813,7.48,7.48,7.48,7.48,19
2023-08-31 19:27:00,3242,7.4831,7.485,7.485,7.485,7.48,43
2023-08-31 19:28:00,3572,7.4816,7.48,7.48,7.485,7.48,45
2023-08-31 19:29:00,8209,7.4857,7.485,7.49,7.49,7.48,95
2023-08-31 19:30:00,3195,7.4862,7.49,7.48,7.49,7.48,36
2023-08-31 19:31:00,11570,7.4851,7.485,7.485,7.49,7.48,94
2023-08-31 19:32:00,20676,7.481,7.485,7.475,7.49,7.475,146
2023-08-31 19:33:00,2699,7.4724,7.47,7.47,7.47,7.47,36
2023-08-31 19:34:00,6614,7.4738,7.47,7.475,7.475,7.47,61
2023-08-31 19:35:00,2763,7.4727,7.47,7.475,7.475,7.47,46
2023-08-31 19:36:00,15889,7.4643,7.47,7.45,7.47,7.45,122
2023-08-31 19:37:00,22633,7.4458,7.45,7.44,7.455,7.44,121
2023-08-31 19:38:00,9311,7.4364,7.44,7.43,7.4402,7.43,112
2023-08-31 19:39:00,21023,7.4354,7.43,7.43,7.44,7.43,178
2023-08-31 19:40:00,5983,7.4324,7.43,7.435,7.435,7.43,60
2023-08-31 19:41:00,20117,7.4399,7.435,7.445,7.445,7.435,174
2023-08-31 19:42:00,2700,7.4455,7.445,7.445,7.45,7.445,52
2023-08-31 19:43:00,4909,7.4455,7.445,7.45,7.45,7.445,74
2023-08-31 19:44:00,10018,7.4444,7.445,7.445,7.45,7.44,123
2023-08-31 19:45:00,39150,7.4392,7.44,7.435,7.44,7.43,242
2023-08-31 19:46:00,30520,7.44,7.435,7.445,7.445,7.435,221
2023-08-31 19:47:00,18658,7.4467,7.445,7.445,7.45,7.445,165
2023-08-31 19:48:00,7151,7.4472,7.445,7.445,7.45,7.445,120
2023-08-31 19:49:00,8462,7.4461,7.445,7.45,7.45,7.445,97
2023-08-31 19:50:00,117040,7.4609,7.44,7.455,7.475,7.44,591
2023-08-31 19:51:00,34489,7.4572,7.455,7.46,7.46,7.45,208
2023-08-31 19:52:00,19672,7.4606,7.46,7.46,7.465,7.4525,120
2023-08-31 19:53:00,28906,7.4665,7.46,7.47,7.47,7.46,223
2023-08-31 19:54:00,24304,7.4627,7.465,7.465,7.465,7.46,151
2023-08-31 19:55:00,96650,7.4706,7.465,7.475,7.48,7.465,561
2023-08-31 19:56:00,40078,7.472,7.475,7.475,7.48,7.47,222
2023-08-31 19:57:00,41553,7.4745,7.475,7.47,7.48,7.47,298
2023-08-31 19:58:00,61229,7.4709,7.475,7.465,7.48,7.465,293
2023-08-31 19:59:00,289221,7.4427,7.46,7.43,7.465,7.43,935
2023-08-31 20:00:00,38022,7.43,7.43,7.43,7.43,7.43,7
2023-08-31 20:01:00,123459,7.4304,7.43,7.43,7.43,7.43,2
2023-08-31 20:07:00,63495,7.43,7.43,7.43,7.43,7.43,3
2023-09-01 13:30:00,17651,7.5226,7.52,7.58,7.58,7.495,36
2023-09-01 13:31:00,6585,7.5555,7.55,7.57,7.57,7.55,68
2023-09-01 13:32:00,7473,7.5727,7.57,7.58,7.58,7.56,90
2023-09-01 13:33:00,7757,7.5699,7.57,7.585,7.585,7.56,81
2023-09-01 13:34:00,6125,7.5892,7.58,7.59,7.595,7.58,83
2023-09-01 13:35:00,15281,7.5954,7.595,7.61,7.61,7.585,134
2023-09-01 13:36:00,8792,7.5987,7.61,7.59,7.61,7.59,94
2023-09-01 13:37:00,5523,7.5983,7.595,7.59,7.6,7.59,61
2023-09-01 13:38:00,7060,7.5833,7.59,7.58,7.595,7.575,75
2023-09-01 13:39:00,4198,7.5914,7.58,7.6,7.6,7.58,62
2023-09-01 13:40:00,9518,7.5935,7.595,7.58,7.6,7.58,123
2023-09-01 13:41:00,10334,7.5682,7.58,7.555,7.58,7.55,107
2023-09-01 13:42:00,3158,7.5605,7.56,7.565,7.565,7.56,47
2023-09-01 13:43:00,4539,7.5725,7.565,7.585,7.585,7.565,90
2023-09-01 13:44:00,1981,7.5893,7.59,7.59,7.59,7.59,30
2023-09-01 13:45:00,20732,7.5887,7.59,7.58,7.59,7.58,130
2023-09-01 13:46:00,19684,7.5851,7.58,7.58,7.59,7.575,152
2023-09-01 13:47:00,7167,7.5809,7.585,7.585,7.585,7.575,60
2023-09-01 13:48:00,7777,7.5849,7.58,7.59,7.595,7.575,75
2023-09-01 13:49:00,11923,7.5907,7.59,7.6,7.6,7.58,121
2023-09-01 13:50:00,6804,7.5895,7.6,7.58,7.6,7.58,82
2023-09-01 13:51:00,6096,7.5846,7.575,7.6,7.6,7.575,78
2023-09-01 13:52:00,10456,7.6162,7.61,7.615,7.62,7.61,104
2023-09-01 13:53:00,10401,7.6195,7.615,7.62,7.62,7.61,80
2023-09-01 13:54:00,7429,7.6185,7.61,7.615,7.62,7.61,80
2023-09-01 13:55:00,4884,7.6202,7.615,7.62,7.625,7.615,51
2023-09-01 13:56:00,18612,7.6127,7.62,7.61,7.62,7.6,122
2023-09-01 13:57:00,6707,7.6154,7.61,7.62,7.62,7.61,60
2023-09-01 13:58:00,2941,7.6194,7.615,7.62,7.625,7.615,23
2023-09-01 13:59:00,4522,7.6278,7.62,7.63,7.63,7.62,37
2023-09-01 14:00:00,9083,7.5806,7.62,7.54,7.62,7.54,97
2023-09-01 14:01:00,12612,7.5245,7.54,7.52,7.54,7.51,103
2023-09-01 14:02:00,8529,7.5192,7.52,7.52,7.52,7.51,83
2023-09-01 14:03:00,7272,7.5055,7.51,7.49,7.51,7.49,65
2023-09-01 14:04:00,13535,7.4955,7.49,7.505,7.51,7.485,135
2023-09-01 14:05:00,10121,7.5035,7.51,7.485,7.52,7.485,103
2023-09-01 14:06:00,1615,7.4815,7.48,7.48,7.485,7.48,28
2023-09-01 14:07:00,7795,7.4788,7.48,7.47,7.485,7.47,104
2023-09-01 14:08:00,5529,7.4675,7.46,7.46,7.4708,7.46,68
2023-09-01 14:09:00,7572,7.4693,7.465,7.47,7.475,7.465,88
2023-09-01 14:10:00,7208,7.4767,7.465,7.485,7.485,7.465,53
2023-09-01 14:11:00,891,7.4867,7.485,7.49,7.49,7.485,34
2023-09-01 14:12:00,1190,7.4837,7.485,7.48,7.485,7.48,20
2023-09-01 14:13:00,21258,7.4759,7.485,7.475,7.485,7.47,182
2023-09-01 14:14:00,13229,7.4746,7.475,7.47,7.48,7.47,56
2023-09-01 14:15:00,11091,7.4683,7.475,7.465,7.475,7.46,106
2023-09-01 14:16:00,10402,7.4695,7.465,7.47,7.475,7.465,70
2023-09-01 14:17:00,7421,7.479,7.475,7.48,7.48,7.475,69
2023-09-01 14:18:00,4314,7.4799,7.48,7.47,7.485,7.47,44
2023-09-01 14:19:00,4472,7.4811,7.475,7.485,7.485,7.475,58
2023-09-01 14:20:00,7610,7.478,7.485,7.465,7.485,7.46,70
2023-09-01 14:21:00,20894,7.4603,7.465,7.46,7.47,7.45,131
2023-09-01 14:22:00,29567,7.46,7.46,7.46,7.46,7.455,162
2023-09-01 14:23:00,24531,7.4711,7.47,7.475,7.48,7.47,143
2023-09-01 14:24:00,12060,7.4613,7.475,7.45,7.475,7.45,73
2023-09-01 14:25:00,23549,7.4503,7.455,7.415,7.455,7.415,121
2023-09-01 14:26:00,2118,7.4144,7.41,7.41,7.415,7.41,28
2023-09-01 14:27:00,11703,7.4191,7.41,7.41,7.42,7.41,98
2023-09-01 14:28:00,4419,7.4225,7.415,7.41,7.425,7.41,47
2023-09-01 14:29:00,9682,7.4058,7.41,7.42,7.42,7.395,88
2023-09-01 14:30:00,12167,7.415,7.42,7.39,7.42,7.39,96
2023-09-01 14:31:00,2075,7.3952,7.395,7.39,7.395,7.39,23
2023-09-01 14:32:00,3736,7.3953,7.39,7.395,7.4,7.39,48
2023-09-01 14:33:00,2831,7.3883,7.39,7.385,7.39,7.38,53
2023-09-01 14:34:00,1767,7.3839,7.38,7.38,7.39,7.38,31
2023-09-01 14:35:00,1929,7.3869,7.385,7.385,7.39,7.385,30
2023-09-01 14:36:00,2443,7.3874,7.385,7.385,7.39,7.38,41
2023-09-01 14:37:00,9217,7.3879,7.39,7.385,7.39,7.38,84
2023-09-01 14:38:00,1272,7.3872,7.3875,7.39,7.39,7.385,25
2023-09-01 14:39:00,2180,7.3841,7.385,7.38,7.385,7.38,40
2023-09-01 14:40:00,13665,7.3741,7.38,7.365,7.38,7.365,125
2023-09-01 14:41:00,6261,7.3695,7.365,7.375,7.375,7.365,55
2023-09-01 14:42:00,608,7.3729,7.37,7.37,7.37,7.37,20
2023-09-01 14:43:00,1346,7.3736,7.37,7.375,7.375,7.37,31
2023-09-01 14:44:00,1387,7.3725,7.37,7.375,7.375,7.37,28
2023-09-01 14:45:00,2088,7.376,7.37,7.375,7.38,7.37,37
2023-09-01 14:46:00,2246,7.3736,7.375,7.375,7.375,7.37,37
2023-09-01 14:47:00,18100,7.3791,7.375,7.375,7.385,7.375,145
2023-09-01 14:48:00,4474,7.3695,7.375,7.36,7.375,7.36,68
2023-09-01 14:49:00,2001,7.357,7.36,7.35,7.36,7.35,26
2023-09-01 14:50:00,5978,7.3589,7.355,7.365,7.365,7.355,77
2023-09-01 14:51:00,1130,7.3628,7.36,7.365,7.365,7.36,20
2023-09-01 14:52:00,7973,7.3695,7.365,7.375,7.375,7.365,105
2023-09-01 14:53:00,606,7.3724,7.375,7.375,7.375,7.375,19
2023-09-01 14:54:00,7465,7.3694,7.37,7.365,7.37,7.36,56
2023-09-01 14:55:00,3493,7.359,7.36,7.355,7.36,7.355,39
2023-09-01 14:56:00,1414,7.3569,7.355,7.355,7.355,7.35,25
2023-09-01 14:57:00,2825,7.3513,7.35,7.355,7.355,7.35,30
2023-09-01 14:58:00,4155,7.3532,7.355,7.355,7.355,7.35,54
2023-09-01 14:59:00,2043,7.3548,7.35,7.355,7.36,7.35,39
2023-09-01 15:00:00,1876,7.355,7.355,7.355,7.36,7.35,37
2023-09-01 15:01:00,957,7.3522,7.355,7.35,7.355,7.35,12
2023-09-01 15:02:00,1894,7.3547,7.355,7.355,7.355,7.355,33
2023-09-01 15:03:00,2527,7.3548,7.3575,7.355,7.3575,7.355,37
2023-09-01 15:04:00,1086,7.354,7.355,7.355,7.355,7.35,16
2023-09-01 15:05:00,17589,7.3498,7.35,7.355,7.355,7.345,141
2023-09-01 15:06:00,6858,7.3495,7.35,7.345,7.35,7.345,65
2023-09-01 15:07:00,534,7.3448,7.345,7.345,7.345,7.345,22
2023-09-01 15:08:00,1323,7.3413,7.34,7.34,7.345,7.34,13
2023-09-01 15:09:00,8201,7.3382,7.34,7.335,7.34,7.335,79
2023-09-01 15:10:00,3765,7.3396,7.34,7.34,7.34,7.335,50
2023-09-01 15:11:00,14251,7.338,7.335,7.33,7.345,7.33,96
2023-09-01 15:13:00,1115,7.3355,7.335,7.335,7.335,7.335,21
2023-09-01 15:14:00,1317,7.3353,7.335,7.3375,7.3375,7.335,22
2023-09-01 15:15:00,5782,7.3369,7.33,7.335,7.34,7.33,57
2023-09-01 15:16:00,1765,7.3343,7.335,7.33,7.3375,7.33,26
2023-09-01 15:17:00,1933,7.3347,7.335,7.335,7.335,7.33,30
2023-09-01 15:18:00,4928,7.3375,7.335,7.335,7.34,7.335,38
2023-09-01 15:19:00,5964,7.3368,7.335,7.335,7.34,7.335,68
2023-09-01 15:20:00,2708,7.3358,7.335,7.33,7.34,7.33,31
2023-09-01 15:21:00,25886,7.3303,7.335,7.335,7.3375,7.325,176
2023-09-01 15:22:00,13530,7.3389,7.335,7.345,7.345,7.33,79
2023-09-01 15:23:00,324,7.3433,7.345,7.345,7.345,7.345,13
2023-09-01 15:24:00,9969,7.3549,7.345,7.365,7.365,7.345,74
2023-09-01 15:25:00,1011,7.3616,7.365,7.365,7.365,7.365,16
2023-09-01 15:26:00,1519,7.3609,7.365,7.36,7.365,7.36,19
2023-09-01 15:27:00,1185,7.3648,7.365,7.365,7.3675,7.36,19
2023-09-01 15:28:00,703,7.3658,7.37,7.37,7.37,7.36,12
2023-09-01 15:29:00,2362,7.3664,7.365,7.365,7.37,7.365,29
2023-09-01 15:30:00,5874,7.3709,7.37,7.375,7.3775,7.37,46
2023-09-01 15:31:00,13029,7.3724,7.37,7.39,7.39,7.365,98
2023-09-01 15:32:00,836,7.3882,7.39,7.385,7.39,7.385,18
2023-09-01 15:33:00,1650,7.3843,7.385,7.385,7.385,7.385,14
2023-09-01 15:34:00,1253,7.3838,7.385,7.38,7.385,7.38,19
2023-09-01 15:35:00,7494,7.3799,7.38,7.37,7.385,7.37,66
2023-09-01 15:36:00,2566,7.3696,7.37,7.36,7.37,7.36,28
2023-09-01 15:37:00,706,7.3601,7.36,7.36,7.36,7.36,8
2023-09-01 15:38:00,1013,7.3605,7.36,7.365,7.365,7.36,18
2023-09-01 15:39:00,772,7.3624,7.36,7.36,7.365,7.36,14
2023-09-01 15:40:00,1208,7.3637,7.365,7.36,7.365,7.36,15
2023-09-01 15:41:00,743,7.3615,7.36,7.36,7.365,7.36,15
2023-09-01 15:42:00,1588,7.3639,7.36,7.365,7.3675,7.36,22
2023-09-01 15:43:00,8217,7.3595,7.36,7.355,7.3675,7.355,59
2023-09-01 15:44:00,6657,7.3498,7.355,7.345,7.355,7.345,69
2023-09-01 15:45:00,1167,7.3445,7.345,7.345,7.35,7.34,18
2023-09-01 15:46:00,1971,7.3448,7.34,7.345,7.3488,7.34,19
2023-09-01 15:47:00,1507,7.3444,7.34,7.345,7.345,7.34,18
2023-09-01 15:48:00,32329,7.3543,7.345,7.37,7.37,7.345,163
2023-09-01 15:49:00,111,7.3654,7.365,7.365,7.365,7.365,10
2023-09-01 15:50:00,9854,7.3773,7.365,7.39,7.39,7.365,100
2023-09-01 15:51:00,1126,7.3887,7.39,7.39,7.39,7.385,11
2023-09-01 15:52:00,761,7.3862,7.39,7.39,7.39,7.385,15
2023-09-01 15:53:00,570,7.3868,7.39,7.385,7.39,7.385,11
2023-09-01 15:54:00,1827,7.3883,7.385,7.39,7.39,7.385,30
2023-09-01 15:55:00,5105,7.393,7.39,7.395,7.4,7.39,41
2023-09-01 15:56:00,1291,7.3962,7.395,7.4,7.4,7.395,27
2023-09-01 15:57:00,1182,7.3973,7.395,7.4,7.4,7.395,19
2023-09-01 15:58:00,4945,7.3914,7.395,7.395,7.4,7.39,52
2023-09-01 15:59:00,6551,7.398,7.4,7.395,7.4,7.395,50
2023-09-01 16:00:00,1112,7.3963,7.4,7.4,7.4,7.395,13
2023-09-01 16:01:00,15019,7.3987,7.395,7.41,7.41,7.39,126
2023-09-01 16:02:00,7310,7.4086,7.41,7.405,7.41,7.4,55
2023-09-01 16:03:00,598,7.4091,7.41,7.41,7.41,7.41,18
2023-09-01 16:04:00,1161,7.4095,7.405,7.41,7.41,7.405,20
2023-09-01 16:05:00,1211,7.4071,7.41,7.405,7.41,7.405,16
2023-09-01 16:06:00,1121,7.409,7.41,7.41,7.41,7.41,31
2023-09-01 16:07:00,517,7.4089,7.41,7.41,7.41,7.41,11
2023-09-01 16:08:00,5906,7.4127,7.41,7.42,7.42,7.41,48
2023-09-01 16:09:00,1135,7.4172,7.42,7.415,7.42,7.415,19
2023-09-01 16:10:00,919,7.4174,7.42,7.42,7.42,7.415,15
2023-09-01 16:11:00,4891,7.4163,7.415,7.415,7.4191,7.41,50
2023-09-01 16:12:00,2737,7.4157,7.4175,7.415,7.42,7.415,31
2023-09-01 16:13:00,2369,7.415,7.42,7.42,7.42,7.41,34
2023-09-01 16:14:00,7591,7.4193,7.42,7.42,7.42,7.415,68
2023-09-01 16:15:00,9143,7.4227,7.42,7.425,7.43,7.4178,79
2023-09-01 16:16:00,1538,7.4276,7.43,7.43,7.43,7.425,49
2023-09-01 16:17:00,19801,7.4203,7.425,7.415,7.425,7.415,161
2023-09-01 16:18:00,536,7.4162,7.415,7.415,7.415,7.415,14
2023-09-01 16:19:00,303,7.4187,7.42,7.42,7.42,7.42,10
2023-09-01 16:20:00,403,7.4189,7.42,7.42,7.42,7.42,7
2023-09-01 16:21:00,907,7.4197,7.42,7.42,7.42,7.42,20
2023-09-01 16:22:00,3274,7.4123,7.4109,7.41,7.415,7.41,29
2023-09-01 16:23:00,24692,7.4106,7.41,7.415,7.42,7.405,195
2023-09-01 16:25:00,733,7.4152,7.42,7.415,7.42,7.415,26
2023-09-01 16:26:00,2109,7.4153,7.415,7.415,7.42,7.415,56
2023-09-01 16:27:00,1462,7.4139,7.415,7.415,7.415,7.41,25
2023-09-01 16:28:00,940,7.4157,7.415,7.415,7.42,7.415,23
2023-09-01 16:29:00,3439,7.4156,7.415,7.415,7.42,7.415,40
2023-09-01 16:30:00,4544,7.4145,7.415,7.415,7.42,7.41,74
2023-09-01 16:31:00,3225,7.4144,7.415,7.41,7.4175,7.41,46
2023-09-01 16:32:00,6624,7.4145,7.415,7.4108,7.415,7.41,64
2023-09-01 16:33:00,2093,7.4131,7.415,7.41,7.415,7.41,27
2023-09-01 16:34:00,3425,7.4135,7.415,7.41,7.42,7.41,42
2023-09-01 16:35:00,4367,7.4145,7.415,7.415,7.42,7.41,62
2023-09-01 16:36:00,37180,7.3961,7.41,7.385,7.41,7.38,203
2023-09-01 16:37:00,2972,7.3851,7.385,7.38,7.385,7.38,41
2023-09-01 16:38:00,13755,7.3781,7.38,7.375,7.3807,7.37,139
2023-09-01 16:39:00,1509,7.373,7.375,7.37,7.375,7.37,36
2023-09-01 16:40:00,1147,7.3736,7.375,7.375,7.38,7.37,28
2023-09-01 16:41:00,1375,7.3736,7.375,7.375,7.375,7.37,23
2023-09-01 16:42:00,3748,7.3745,7.375,7.375,7.375,7.37,30
2023-09-01 16:43:00,1308,7.375,7.375,7.375,7.375,7.375,28
2023-09-01 16:44:00,2366,7.375,7.37,7.375,7.375,7.37,30
2023-09-01 16:45:00,1470,7.3766,7.375,7.375,7.38,7.375,21
2023-09-01 16:46:00,1139,7.3763,7.375,7.38,7.38,7.375,30
2023-09-01 16:47:00,2190,7.3755,7.375,7.375,7.38,7.37,32
2023-09-01 16:48:00,26347,7.3792,7.375,7.38,7.385,7.37,201
2023-09-01 16:49:00,517,7.376,7.375,7.38,7.38,7.375,14
2023-09-01 16:50:00,6801,7.3806,7.38,7.38,7.385,7.375,59
2023-09-01 16:51:00,2389,7.3823,7.38,7.38,7.3875,7.38,33
2023-09-01 16:52:00,702,7.384,7.385,7.385,7.385,7.385,15
2023-09-01 16:53:00,1188,7.3848,7.385,7.385,7.3875,7.38,22
2023-09-01 16:54:00,7285,7.3817,7.385,7.385,7.39,7.3805,33
2023-09-01 16:55:00,977,7.3855,7.385,7.39,7.39,7.385,20
2023-09-01 16:56:00,802,7.3844,7.385,7.385,7.385,7.3801,23
2023-09-01 16:57:00,3097,7.3855,7.3872,7.38,7.39,7.38,32
2023-09-01 16:58:00,2638,7.384,7.385,7.385,7.39,7.38,34
2023-09-01 16:59:00,12728,7.3797,7.385,7.38,7.385,7.375,93
2023-09-01 17:00:00,2215,7.3772,7.375,7.38,7.38,7.375,24
2023-09-01 17:01:00,2724,7.3746,7.375,7.375,7.375,7.37,59
2023-09-01 17:02:00,2300,7.3738,7.375,7.375,7.3775,7.37,32
2023-09-01 17:03:00,2276,7.3727,7.37,7.37,7.3775,7.37,32
2023-09-01 17:04:00,9491,7.3685,7.37,7.365,7.375,7.365,99
2023-09-01 17:05:00,3879,7.3677,7.365,7.365,7.37,7.365,27
2023-09-01 17:06:00,1227,7.3645,7.36,7.365,7.365,7.36,30
2023-09-01 17:07:00,2518,7.364,7.365,7.365,7.365,7.36,40
2023-09-01 17:08:00,14440,7.3603,7.36,7.355,7.365,7.355,122
2023-09-01 17:09:00,6904,7.3484,7.355,7.345,7.355,7.34,69
2023-09-01 17:10:00,1764,7.3413,7.34,7.34,7.345,7.34,25
2023-09-01 17:11:00,1275,7.345,7.345,7.345,7.345,7.345,19
2023-09-01 17:12:00,823,7.345,7.345,7.345,7.345,7.345,11
2023-09-01 17:13:00,1710,7.3527,7.345,7.345,7.345,7.345,20
2023-09-01 17:14:00,1077,7.3441,7.345,7.345,7.345,7.34,17
2023-09-01 17:15:00,866,7.3448,7.345,7.345,7.345,7.345,21
2023-09-01 17:16:00,1702,7.3438,7.345,7.345,7.345,7.34,26
2023-09-01 17:17:00,1145,7.3446,7.34,7.345,7.345,7.34,16
2023-09-01 17:18:00,1343,7.3454,7.345,7.345,7.35,7.345,22
2023-09-01 17:19:00,3132,7.345,7.345,7.345,7.345,7.345,47
2023-09-01 17:20:00,2695,7.3473,7.345,7.345,7.35,7.345,35
2023-09-01 17:21:00,1308,7.3469,7.35,7.345,7.35,7.345,21
2023-09-01 17:22:00,1347,7.3458,7.345,7.35,7.35,7.345,21
2023-09-01 17:23:00,1621,7.345,7.345,7.345,7.345,7.345,37
2023-09-01 17:24:00,12261,7.3406,7.345,7.335,7.345,7.335,99
2023-09-01 17:25:00,1672,7.3339,7.335,7.335,7.335,7.33,24
2023-09-01 17:26:00,2092,7.339,7.335,7.34,7.34,7.335,36
2023-09-01 17:27:00,928,7.3355,7.335,7.335,7.34,7.335,21
2023-09-01 17:28:00,613,7.335,7.34,7.33,7.34,7.33,13
2023-09-01 17:29:00,1055,7.3355,7.34,7.335,7.34,7.335,21
2023-09-01 17:30:00,1864,7.3342,7.335,7.33,7.34,7.33,33
2023-09-01 17:31:00,2828,7.3347,7.3312,7.335,7.34,7.33,36
2023-09-01 17:32:00,539,7.3364,7.335,7.34,7.34,7.335,14
2023-09-01 17:33:00,941,7.3362,7.34,7.335,7.34,7.335,23
2023-09-01 17:34:00,580,7.3359,7.335,7.34,7.34,7.335,15
2023-09-01 17:35:00,3072,7.3357,7.335,7.335,7.34,7.335,30
2023-09-01 17:36:00,9485,7.3389,7.335,7.34,7.34,7.335,47
2023-09-01 17:37:00,3018,7.3368,7.34,7.34,7.34,7.335,33
2023-09-01 17:38:00,776,7.3363,7.34,7.335,7.34,7.335,14
2023-09-01 17:39:00,531,7.3359,7.34,7.33,7.34,7.33,16
2023-09-01 17:40:00,555,7.3369,7.335,7.34,7.34,7.335,18
2023-09-01 17:41:00,2345,7.3357,7.335,7.335,7.34,7.335,37
2023-09-01 17:42:00,946,7.3343,7.335,7.34,7.34,7.33,14
2023-09-01 17:43:00,1434,7.335,7.33,7.335,7.34,7.33,23
2023-09-01 17:44:00,1367,7.3353,7.335,7.335,7.34,7.335,26
2023-09-01 17:45:00,1212,7.335,7.335,7.33,7.34,7.33,21
2023-09-01 17:46:00,1932,7.3367,7.34,7.335,7.34,7.335,24
2023-09-01 17:47:00,1111,7.3359,7.33,7.335,7.34,7.33,20
2023-09-01 17:48:00,822,7.3359,7.3375,7.335,7.34,7.335,30
2023-09-01 17:49:00,1184,7.3363,7.34,7.34,7.34,7.335,29
2023-09-01 17:50:00,2318,7.3339,7.335,7.34,7.34,7.33,54
2023-09-01 17:51:00,2758,7.3347,7.3375,7.335,7.34,7.33,41
2023-09-01 17:52:00,9858,7.3314,7.3375,7.335,7.34,7.33,50
2023-09-01 17:53:00,970,7.3343,7.335,7.335,7.335,7.335,23
2023-09-01 17:54:00,1007,7.3334,7.33,7.34,7.34,7.33,21
2023-09-01 17:55:00,1408,7.335,7.335,7.335,7.335,7.335,25
2023-09-01 17:56:00,2772,7.3355,7.3375,7.335,7.339,7.33,26
2023-09-01 17:57:00,1391,7.3343,7.335,7.335,7.3375,7.33,19
2023-09-01 17:58:00,3482,7.3326,7.335,7.335,7.335,7.33,37
2023-09-01 17:59:00,2344,7.3323,7.33,7.335,7.3375,7.33,32
2023-09-01 18:00:00,1085,7.3329,7.33,7.33,7.34,7.33,17
2023-09-01 18:01:00,5941,7.3292,7.33,7.325,7.335,7.325,82
2023-09-01 18:02:00,1578,7.3244,7.325,7.325,7.325,7.32,26
2023-09-01 18:03:00,3074,7.3248,7.325,7.325,7.325,7.32,40
2023-09-01 18:04:00,3935,7.3249,7.325,7.325,7.33,7.32,26
2023-09-01 18:05:00,1048,7.3226,7.325,7.32,7.325,7.32,13
2023-09-01 18:06:00,1495,7.324,7.325,7.325,7.325,7.325,23
2023-09-01 18:07:00,2774,7.3216,7.325,7.32,7.33,7.32,38
2023-09-01 18:08:00,1406,7.3228,7.32,7.325,7.3275,7.32,18
2023-09-01 18:09:00,12156,7.3198,7.3275,7.315,7.3275,7.315,131
2023-09-01 18:10:00,2921,7.3123,7.31,7.315,7.315,7.31,19
2023-09-01 18:11:00,1423,7.3137,7.31,7.315,7.315,7.31,27
2023-09-01 18:12:00,1379,7.3117,7.315,7.315,7.315,7.31,24
2023-09-01 18:13:00,1788,7.3137,7.315,7.31,7.315,7.31,24
2023-09-01 18:14:00,1060,7.3127,7.315,7.315,7.3175,7.31,18
2023-09-01 18:15:00,1560,7.3121,7.31,7.31,7.3175,7.31,21
2023-09-01 18:16:00,3139,7.3138,7.31,7.31,7.315,7.31,33
2023-09-01 18:17:00,1638,7.3123,7.315,7.31,7.315,7.31,28
2023-09-01 18:18:00,6352,7.3108,7.31,7.3101,7.315,7.31,40
2023-09-01 18:19:00,2141,7.3119,7.315,7.31,7.315,7.31,37
2023-09-01 18:20:00,13045,7.3086,7.315,7.3,7.3175,7.3,98
2023-09-01 18:21:00,9223,7.2998,7.3,7.295,7.305,7.295,73
2023-09-01 18:22:00,721,7.2943,7.295,7.29,7.295,7.29,13
2023-09-01 18:23:00,1770,7.2922,7.29,7.29,7.295,7.29,24
2023-09-01 18:24:00,937,7.2946,7.29,7.29,7.295,7.29,13
2023-09-01 18:25:00,1890,7.2906,7.29,7.29,7.29,7.29,23
2023-09-01 18:26:00,1326,7.2901,7.29,7.29,7.29,7.29,20
2023-09-01 18:27:00,5686,7.2906,7.295,7.29,7.295,7.29,64
2023-09-01 18:28:00,4274,7.2931,7.29,7.29,7.291,7.29,41
2023-09-01 18:29:00,1841,7.2915,7.29,7.29,7.295,7.29,31
2023-09-01 18:30:00,1495,7.2942,7.29,7.295,7.295,7.29,22
2023-09-01 18:31:00,1835,7.2935,7.295,7.29,7.295,7.29,19
2023-09-01 18:32:00,1864,7.2914,7.29,7.29,7.295,7.29,29
2023-09-01 18:33:00,1652,7.2918,7.29,7.295,7.2975,7.29,20
2023-09-01 18:34:00,2665,7.2939,7.2975,7.295,7.3,7.29,40
2023-09-01 18:35:00,1870,7.292,7.3,7.29,7.3,7.29,22
2023-09-01 18:36:00,2057,7.2928,7.295,7.295,7.295,7.29,30
2023-09-01 18:37:00,1613,7.293,7.295,7.29,7.3,7.29,25
2023-09-01 18:38:00,2724,7.292,7.295,7.295,7.2975,7.29,39
2023-09-01 18:39:00,12016,7.2882,7.29,7.285,7.3,7.28,93
2023-09-01 18:40:00,3340,7.285,7.285,7.285,7.285,7.28,33
2023-09-01 18:41:00,4266,7.286,7.285,7.285,7.29,7.28,48
2023-09-01 18:42:00,3568,7.2857,7.285,7.285,7.29,7.285,37
2023-09-01 18:43:00,984,7.2845,7.28,7.285,7.285,7.28,18
2023-09-01 18:44:00,1583,7.285,7.285,7.285,7.285,7.285,16
2023-09-01 18:45:00,779,7.2853,7.285,7.285,7.285,7.285,16
2023-09-01 18:46:00,50715,7.2932,7.285,7.305,7.31,7.28,267
2023-09-01 18:47:00,4047,7.3049,7.305,7.301,7.305,7.301,44
2023-09-01 18:48:00,1374,7.2975,7.305,7.3075,7.3075,7.305,27
2023-09-01 18:49:00,3351,7.3051,7.305,7.305,7.3075,7.305,38
2023-09-01 18:50:00,1683,7.305,7.305,7.305,7.31,7.3,22
2023-09-01 18:51:00,1450,7.3024,7.305,7.305,7.305,7.305,20
2023-09-01 18:52:00,3121,7.3026,7.305,7.3006,7.305,7.3006,30
2023-09-01 18:53:00,2728,7.3051,7.3075,7.305,7.3075,7.305,32
2023-09-01 18:54:00,1315,7.3044,7.305,7.3,7.3075,7.3,30
2023-09-01 18:55:00,6143,7.301,7.3,7.3,7.305,7.3,40
2023-09-01 18:56:00,3883,7.3011,7.3,7.3,7.305,7.3,28
2023-09-01 18:57:00,1780,7.3017,7.3005,7.3,7.305,7.3,24
2023-09-01 18:58:00,1717,7.3022,7.305,7.3,7.305,7.3,25
2023-09-01 18:59:00,1451,7.3034,7.3,7.305,7.305,7.3,28
2023-09-01 19:00:00,1932,7.3027,7.3,7.3,7.305,7.3,34
2023-09-01 19:01:00,3120,7.3022,7.305,7.305,7.305,7.3,40
2023-09-01 19:02:00,2954,7.3033,7.3,7.305,7.305,7.3,44
2023-09-01 19:03:00,2869,7.3024,7.3,7.305,7.305,7.3,42
2023-09-01 19:04:00,3089,7.3025,7.305,7.305,7.305,7.3,50
2023-09-01 19:05:00,8534,7.3007,7.305,7.3,7.305,7.3,99
2023-09-01 19:06:00,5709,7.3005,7.3,7.3,7.305,7.3,28
2023-09-01 19:07:00,1756,7.3007,7.3,7.3,7.305,7.3,19
2023-09-01 19:08:00,2167,7.3013,7.3,7.3,7.305,7.3,33
2023-09-01 19:09:00,3341,7.303,7.3,7.3029,7.3075,7.3,42
2023-09-01 19:10:00,2195,7.3024,7.3,7.3,7.305,7.3,42
2023-09-01 19:11:00,1988,7.3014,7.3,7.3,7.305,7.3,32
2023-09-01 19:12:00,3257,7.3035,7.3,7.3,7.3079,7.3,36
2023-09-01 19:13:00,3209,7.3029,7.305,7.3075,7.3075,7.3,45
2023-09-01 19:14:00,3102,7.3022,7.305,7.305,7.31,7.3,43
2023-09-01 19:15:00,3549,7.3031,7.3,7.3,7.31,7.3,42
2023-09-01 19:16:00,4174,7.3028,7.305,7.305,7.3075,7.3,52
2023-09-01 19:17:00,2921,7.3031,7.3,7.3,7.31,7.3,34
2023-09-01 19:18:00,4362,7.3023,7.305,7.3,7.305,7.3,43
2023-09-01 19:19:00,2706,7.3015,7.305,7.305,7.305,7.3,38
2023-09-01 19:20:00,2866,7.3016,7.305,7.305,7.3075,7.3,40
2023-09-01 19:21:00,3266,7.302,7.3075,7.3,7.3075,7.3,42
2023-09-01 19:22:00,2609,7.3019,7.305,7.3,7.305,7.3,31
2023-09-01 19:23:00,3200,7.3027,7.3,7.31,7.31,7.3,59
2023-09-01 19:24:00,3761,7.3015,7.3,7.3,7.305,7.3,47
2023-09-01 19:25:00,6052,7.3041,7.305,7.3,7.3099,7.3,51
2023-09-01 19:26:00,3407,7.3026,7.3,7.3,7.31,7.3,40
2023-09-01 19:27:00,2578,7.3013,7.3,7.3,7.305,7.3,32
2023-09-01 19:28:00,3039,7.3031,7.3,7.3,7.305,7.3,43
2023-09-01 19:29:00,4677,7.3031,7.305,7.305,7.305,7.3,48
2023-09-01 19:30:00,6454,7.3034,7.3,7.305,7.305,7.3,56
2023-09-01 19:31:00,3451,7.3022,7.305,7.3,7.305,7.3,76
2023-09-01 19:32:00,2632,7.3021,7.3,7.305,7.305,7.3,58
2023-09-01 19:33:00,23147,7.2971,7.3,7.295,7.305,7.29,197
2023-09-01 19:34:00,14569,7.2885,7.29,7.28,7.295,7.28,112
2023-09-01 19:35:00,12594,7.2789,7.28,7.27,7.2845,7.27,98
2023-09-01 19:36:00,13171,7.269,7.275,7.26,7.275,7.26,81
2023-09-01 19:37:00,10062,7.2579,7.26,7.255,7.26,7.25,98
2023-09-01 19:38:00,4101,7.2533,7.25,7.25,7.255,7.25,44
2023-09-01 19:39:00,3518,7.2525,7.255,7.25,7.255,7.25,50
2023-09-01 19:40:00,8168,7.2687,7.255,7.255,7.255,7.25,62
2023-09-01 19:41:00,5603,7.2533,7.25,7.25,7.255,7.25,74
2023-09-01 19:42:00,8351,7.2542,7.255,7.255,7.255,7.25,100
2023-09-01 19:43:00,85206,7.2658,7.25,7.29,7.29,7.25,394
2023-09-01 19:44:00,23854,7.2802,7.285,7.275,7.285,7.275,123
2023-09-01 19:45:00,18299,7.2783,7.2782,7.28,7.28,7.275,106
2023-09-01 19:46:00,11724,7.2756,7.275,7.275,7.28,7.275,64
2023-09-01 19:47:00,9670,7.2752,7.275,7.275,7.28,7.2725,70
2023-09-01 19:48:00,22862,7.2751,7.275,7.275,7.28,7.27,127
2023-09-01 19:49:00,32825,7.2815,7.28,7.285,7.29,7.275,166
2023-09-01 19:50:00,10720,7.2843,7.285,7.285,7.29,7.28,94
2023-09-01 19:51:00,44363,7.2878,7.28,7.295,7.3,7.28,209
2023-09-01 19:52:00,5561,7.2945,7.295,7.3,7.3,7.29,56
2023-09-01 19:53:00,32212,7.2915,7.3,7.295,7.3,7.29,138
2023-09-01 19:54:00,30389,7.2975,7.295,7.295,7.3,7.295,171
2023-09-01 19:55:00,59986,7.3015,7.295,7.305,7.31,7.295,279
2023-09-01 19:56:00,18935,7.3062,7.31,7.305,7.31,7.305,159
2023-09-01 19:57:00,26917,7.3081,7.31,7.31,7.31,7.305,207
2023-09-01 19:58:00,34112,7.3086,7.305,7.305,7.31,7.3,271
2023-09-01 19:59:00,275433,7.3041,7.305,7.3,7.32,7.29,873
2023-09-01 20:00:00,4201,7.29,7.29,7.29,7.29,7.29,17
2023-09-05 13:30:00,27588,7.2559,7.26,7.26,7.26,7.23,56
2023-09-05 13:31:00,6987,7.2574,7.26,7.255,7.27,7.25,74
2023-09-05 13:32:00,2637,7.2628,7.25,7.27,7.275,7.25,24
2023-09-05 13:33:00,4520,7.2769,7.28,7.27,7.285,7.27,47
2023-09-05 13:34:00,3101,7.2695,7.27,7.275,7.275,7.265,42
2023-09-05 13:35:00,3523,7.2751,7.275,7.275,7.275,7.2746,43
2023-09-05 13:36:00,10845,7.2615,7.275,7.26,7.28,7.25,107
2023-09-05 13:37:00,14695,7.2649,7.26,7.27,7.27,7.26,61
2023-09-05 13:38:00,11547,7.2596,7.265,7.255,7.27,7.255,111
2023-09-05 13:39:00,6127,7.2586,7.26,7.26,7.26,7.25,25
2023-09-05 13:40:00,10802,7.261,7.255,7.27,7.27,7.25,53
2023-09-05 13:41:00,12879,7.2703,7.27,7.27,7.275,7.27,88
2023-09-05 13:42:00,9262,7.2689,7.27,7.27,7.27,7.265,52
2023-09-05 13:43:00,255,7.2796,7.28,7.28,7.28,7.28,5
2023-09-05 13:44:00,1089,7.274,7.275,7.275,7.28,7.27,17
2023-09-05 13:45:00,10637,7.2853,7.275,7.3,7.3,7.275,69
2023-09-05 13:46:00,8707,7.3044,7.3,7.3,7.32,7.3,49
2023-09-05 13:47:00,2765,7.3048,7.3,7.31,7.31,7.3,23
2023-09-05 13:48:00,4436,7.3002,7.305,7.3,7.305,7.3,48
2023-09-05 13:49:00,8859,7.2918,7.3,7.29,7.3,7.29,69
2023-09-05 13:50:00,33717,7.2896,7.3,7.275,7.3,7.275,88
2023-09-05 13:51:00,22917,7.2739,7.27,7.29,7.29,7.27,98
2023-09-05 13:52:00,295,7.2869,7.285,7.29,7.29,7.285,6
2023-09-05 13:53:00,2905,7.2825,7.29,7.28,7.29,7.28,24
2023-09-05 13:54:00,1111,7.2804,7.28,7.28,7.28,7.28,15
2023-09-05 13:55:00,1881,7.2863,7.29,7.28,7.29,7.28,39
2023-09-05 13:56:00,6825,7.2916,7.285,7.295,7.3,7.285,48
2023-09-05 13:57:00,16452,7.2944,7.295,7.295,7.3,7.29,34
2023-09-05 13:58:00,1761,7.2976,7.295,7.3,7.3,7.295,12
2023-09-05 13:59:00,352,7.2991,7.3,7.3,7.3,7.3,4
2023-09-05 14:00:00,2294,7.2962,7.295,7.3,7.3,7.29,24
2023-09-05 14:01:00,12501,7.2997,7.3,7.295,7.31,7.29,83
2023-09-05 14:02:00,1947,7.2927,7.295,7.295,7.3,7.29,21
2023-09-05 14:03:00,8290,7.2917,7.29,7.285,7.295,7.285,58
2023-09-05 14:04:00,3487,7.2903,7.29,7.29,7.295,7.29,33
2023-09-05 14:05:00,279,7.2935,7.295,7.295,7.295,7.295,7
2023-09-05 14:06:00,1661,7.2956,7.295,7.295,7.3,7.29,31
2023-09-05 14:07:00,4366,7.3005,7.2925,7.305,7.305,7.2925,42
2023-09-05 14:08:00,518,7.307,7.31,7.31,7.31,7.31,9
2023-09-05 14:09:00,1915,7.3087,7.31,7.31,7.31,7.305,28
2023-09-05 14:10:00,1785,7.3064,7.31,7.31,7.31,7.31,25
2023-09-05 14:11:00,1255,7.3079,7.31,7.31,7.31,7.305,20
2023-09-05 14:12:00,1533,7.3095,7.3025,7.31,7.31,7.3025,20
2023-09-05 14:13:00,8478,7.3118,7.305,7.32,7.32,7.305,83
2023-09-05 14:14:00,928,7.3171,7.32,7.315,7.32,7.315,25
2023-09-05 14:15:00,24674,7.3101,7.315,7.305,7.315,7.3,198
2023-09-05 14:16:00,979,7.3053,7.305,7.305,7.305,7.305,27
2023-09-05 14:17:00,2201,7.3069,7.305,7.3025,7.31,7.3,28
2023-09-05 14:18:00,5880,7.31,7.305,7.32,7.32,7.3,75
2023-09-05 14:19:00,3883,7.3208,7.32,7.325,7.325,7.32,41
2023-09-05 14:20:00,613,7.3299,7.33,7.33,7.33,7.33,7
2023-09-05 14:21:00,1410,7.3282,7.33,7.325,7.33,7.325,10
2023-09-05 14:22:00,1198,7.3226,7.32,7.33,7.33,7.32,23
2023-09-05 14:23:00,10073,7.3297,7.325,7.34,7.34,7.325,96
2023-09-05 14:24:00,1680,7.3379,7.34,7.335,7.34,7.335,25
2023-09-05 14:25:00,3248,7.3379,7.33,7.34,7.34,7.33,41
2023-09-05 14:26:00,14036,7.3256,7.34,7.32,7.34,7.31,117
2023-09-05 14:27:00,2037,7.3153,7.31,7.315,7.315,7.31,28
2023-09-05 14:28:00,1270,7.3196,7.315,7.32,7.32,7.315,13
2023-09-05 14:29:00,648,7.3159,7.315,7.315,7.315,7.315,22
2023-09-05 14:30:00,1880,7.3153,7.315,7.315,7.32,7.31,28
2023-09-05 14:31:00,825,7.3128,7.315,7.315,7.315,7.31,13
2023-09-05 14:32:00,7396,7.311,7.31,7.305,7.315,7.305,65
2023-09-05 14:33:00,958,7.3042,7.305,7.3,7.305,7.3,20
2023-09-05 14:34:00,1970,7.3037,7.3,7.305,7.305,7.3,19
2023-09-05 14:35:00,3822,7.3029,7.3,7.3,7.31,7.3,25
2023-09-05 14:36:00,3996,7.3033,7.305,7.305,7.305,7.3,49
2023-09-05 14:37:00,8769,7.2997,7.3,7.295,7.305,7.295,79
2023-09-05 14:38:00,7911,7.2998,7.295,7.3,7.3,7.295,58
2023-09-05 14:39:00,448,7.3052,7.31,7.305,7.31,7.305,8
2023-09-05 14:40:00,1624,7.3065,7.305,7.305,7.31,7.305,16
2023-09-05 14:41:00,994,7.305,7.31,7.305,7.31,7.3,18
2023-09-05 14:42:00,716,7.3029,7.305,7.3,7.305,7.3,12
2023-09-05 14:43:00,16600,7.302,7.305,7.3,7.305,7.3,89
2023-09-05 14:44:00,3257,7.305,7.3,7.305,7.31,7.3,30
2023-09-05 14:45:00,750,7.3061,7.31,7.3,7.31,7.3,11
2023-09-05 14:46:00,964,7.3034,7.305,7.3,7.305,7.3,13
2023-09-05 14:47:00,1483,7.3024,7.3,7.3,7.305,7.3,20
2023-09-05 14:48:00,2149,7.3043,7.31,7.305,7.31,7.3,24
2023-09-05 14:49:00,3184,7.3067,7.31,7.3,7.31,7.3,36
2023-09-05 14:50:00,873,7.306,7.31,7.31,7.31,7.3,14
2023-09-05 14:51:00,1045,7.305,7.305,7.3025,7.305,7.3,18
2023-09-05 14:52:00,629,7.3042,7.305,7.305,7.305,7.3,14
2023-09-05 14:53:00,979,7.3055,7.305,7.305,7.31,7.305,19
2023-09-05 14:54:00,4600,7.3018,7.305,7.305,7.305,7.3,18
2023-09-05 14:55:00,3900,7.3055,7.3,7.305,7.31,7.3,48
2023-09-05 14:56:00,767,7.3063,7.305,7.31,7.31,7.305,16
2023-09-05 14:57:00,1876,7.3078,7.305,7.305,7.31,7.305,31
2023-09-05 14:58:00,35486,7.3179,7.305,7.325,7.33,7.305,191
2023-09-05 14:59:00,2075,7.3294,7.33,7.33,7.33,7.33,24
2023-09-05 15:00:00,2065,7.326,7.33,7.325,7.33,7.325,18
2023-09-05 15:01:00,18509,7.3298,7.33,7.335,7.335,7.325,101
2023-09-05 15:02:00,5623,7.3348,7.335,7.335,7.335,7.33,24
2023-09-05 15:03:00,632,7.337,7.335,7.335,7.34,7.335,13
2023-09-05 15:04:00,1266,7.3327,7.34,7.335,7.34,7.33,23
2023-09-05 15:05:00,507,7.3339,7.33,7.33,7.335,7.33,14
2023-09-05 15:06:00,635,7.3339,7.335,7.3375,7.3375,7.33,22
2023-09-05 15:07:00,1286,7.3318,7.335,7.33,7.3375,7.33,42
2023-09-05 15:08:00,1454,7.3318,7.33,7.3325,7.3375,7.33,27
2023-09-05 15:09:00,15188,7.3309,7.335,7.325,7.3375,7.32,94
2023-09-05 15:10:00,1316,7.3257,7.325,7.33,7.33,7.325,24
2023-09-05 15:11:00,2279,7.3295,7.325,7.325,7.33,7.325,31
2023-09-05 15:12:00,794,7.3274,7.33,7.325,7.33,7.325,20
2023-09-05 15:13:00,831,7.3262,7.33,7.325,7.33,7.325,14
2023-09-05 15:14:00,1405,7.3245,7.325,7.32,7.325,7.32,23
2023-09-05 15:15:00,1054,7.3245,7.325,7.325,7.325,7.32,12
2023-09-05 15:16:00,570,7.3233,7.33,7.32,7.33,7.32,14
2023-09-05 15:17:00,901,7.3233,7.325,7.325,7.325,7.32,15
2023-09-05 15:18:00,705,7.323,7.32,7.32,7.325,7.32,14
2023-09-05 15:19:00,31267,7.3205,7.325,7.315,7.325,7.31,142
2023-09-05 15:20:00,15052,7.3108,7.315,7.305,7.315,7.3022,93
2023-09-05 15:21:00,2809,7.3054,7.305,7.305,7.305,7.305,20
2023-09-05 15:22:00,954,7.3052,7.305,7.305,7.305,7.305,14
2023-09-05 15:23:00,1428,7.3049,7.305,7.305,7.305,7.305,16
2023-09-05 15:24:00,3544,7.3065,7.305,7.305,7.305,7.3,31
2023-09-05 15:25:00,17850,7.3048,7.305,7.305,7.31,7.3,71
2023-09-05 15:26:00,1928,7.305,7.305,7.305,7.305,7.305,25
2023-09-05 15:27:00,1627,7.306,7.305,7.305,7.31,7.305,32
2023-09-05 15:28:00,1056,7.3052,7.305,7.305,7.305,7.305,18
2023-09-05 15:29:00,1505,7.3048,7.305,7.305,7.305,7.3,23
2023-09-05 15:30:00,3501,7.3066,7.305,7.305,7.31,7.305,39
2023-09-05 15:31:00,5361,7.3065,7.305,7.305,7.31,7.3025,55
2023-09-05 15:32:00,2665,7.3049,7.305,7.305,7.305,7.3,29
2023-09-05 15:33:00,1975,7.3054,7.305,7.305,7.31,7.305,23
2023-09-05 15:34:00,31336,7.3137,7.305,7.325,7.33,7.305,160
2023-09-05 15:36:00,6152,7.3251,7.325,7.325,7.325,7.325,16
2023-09-05 15:37:00,3939,7.3243,7.33,7.325,7.33,7.32,32
2023-09-05 15:38:00,2047,7.3217,7.325,7.32,7.325,7.32,26
2023-09-05 15:39:00,38757,7.3218,7.325,7.325,7.33,7.32,119
2023-09-05 15:40:00,1250,7.3234,7.325,7.325,7.325,7.32,19
2023-09-05 15:41:00,1138,7.3209,7.325,7.32,7.325,7.32,16
2023-09-05 15:42:00,686,7.3206,7.32,7.32,7.32,7.32,13
2023-09-05 15:43:00,2270,7.3241,7.3215,7.33,7.33,7.32,25
2023-09-05 15:44:00,3195,7.3251,7.32,7.33,7.33,7.32,39
2023-09-05 15:45:00,5772,7.3235,7.325,7.325,7.33,7.32,72
2023-09-05 15:46:00,3061,7.3266,7.325,7.33,7.33,7.32,27
2023-09-05 15:47:00,2273,7.3279,7.33,7.3225,7.33,7.3225,32
2023-09-05 15:48:00,16713,7.3305,7.33,7.34,7.34,7.3225,100
2023-09-05 15:49:00,1971,7.3372,7.34,7.335,7.34,7.335,32
2023-09-05 15:50:00,1739,7.3394,7.34,7.34,7.34,7.34,22
2023-09-05 15:51:00,1684,7.3368,7.335,7.34,7.34,7.335,18
2023-09-05 15:52:00,3037,7.3374,7.34,7.34,7.34,7.33,20
2023-09-05 15:53:00,14095,7.3339,7.33,7.34,7.34,7.33,60
2023-09-05 15:54:00,2110,7.3358,7.334,7.335,7.34,7.33,20
2023-09-05 15:55:00,6341,7.3333,7.34,7.335,7.34,7.33,29
2023-09-05 15:56:00,6291,7.3367,7.335,7.34,7.34,7.3325,40
2023-09-05 15:57:00,2426,7.3368,7.34,7.3325,7.34,7.3325,32
2023-09-05 15:58:00,1976,7.3368,7.34,7.335,7.34,7.3322,28
2023-09-05 15:59:00,2217,7.3382,7.34,7.335,7.34,7.3325,30
2023-09-05 16:00:00,2210,7.3387,7.34,7.34,7.34,7.335,35
2023-09-05 16:01:00,2110,7.3374,7.335,7.335,7.34,7.3325,27
2023-09-05 16:02:00,3263,7.3376,7.34,7.335,7.34,7.33,36
2023-09-05 16:03:00,2501,7.3374,7.335,7.34,7.34,7.33,32
2023-09-05 16:04:00,2940,7.3359,7.34,7.3325,7.34,7.33,40
2023-09-05 16:05:00,3770,7.3367,7.34,7.33,7.34,7.33,40
2023-09-05 16:06:00,3295,7.3372,7.335,7.33,7.34,7.33,31
2023-09-05 16:07:00,4106,7.3341,7.335,7.335,7.335,7.33,25
2023-09-05 16:08:00,2200,7.3339,7.335,7.335,7.335,7.33,28
2023-09-05 16:09:00,1227,7.3321,7.33,7.33,7.335,7.33,22
2023-09-05 16:10:00,1107,7.334,7.335,7.335,7.335,7.33,16
2023-09-05 16:11:00,3135,7.3356,7.34,7.33,7.34,7.33,47
2023-09-05 16:12:00,3775,7.3331,7.335,7.33,7.335,7.33,36
2023-09-05 16:13:00,3555,7.335,7.335,7.335,7.34,7.33,39
2023-09-05 16:14:00,1940,7.3381,7.34,7.335,7.34,7.335,23
2023-09-05 16:15:00,2615,7.3371,7.335,7.34,7.34,7.3325,23
2023-09-05 16:16:00,2191,7.3373,7.34,7.34,7.34,7.335,26
2023-09-05 16:17:00,7525,7.337,7.335,7.34,7.34,7.3325,61
2023-09-05 16:18:00,2848,7.337,7.34,7.335,7.34,7.3325,34
2023-09-05 16:19:00,3869,7.3373,7.335,7.335,7.34,7.335,41
2023-09-05 16:20:00,3276,7.3381,7.34,7.34,7.34,7.3325,37
2023-09-05 16:21:00,3079,7.3364,7.34,7.3325,7.34,7.3325,34
2023-09-05 16:22:00,2752,7.336,7.34,7.34,7.34,7.335,24
2023-09-05 16:23:00,2544,7.338,7.34,7.34,7.34,7.3325,35
2023-09-05 16:24:00,2902,7.3367,7.335,7.335,7.34,7.3325,32
2023-09-05 16:25:00,2098,7.3375,7.34,7.34,7.34,7.335,20
2023-09-05 16:26:00,3760,7.3362,7.335,7.34,7.34,7.33,45
2023-09-05 16:27:00,1300,7.3347,7.335,7.33,7.335,7.33,25
2023-09-05 16:28:00,3789,7.3349,7.335,7.34,7.34,7.33,34
2023-09-05 16:29:00,2716,7.3355,7.34,7.33,7.34,7.33,35
2023-09-05 16:30:00,5807,7.3342,7.33,7.335,7.34,7.33,38
2023-09-05 16:31:00,25607,7.3397,7.335,7.34,7.35,7.33,157
2023-09-05 16:32:00,4259,7.3458,7.35,7.345,7.35,7.345,21
2023-09-05 16:33:00,1526,7.3467,7.345,7.345,7.35,7.345,14
2023-09-05 16:34:00,3411,7.3475,7.35,7.345,7.35,7.345,21
2023-09-05 16:35:00,2017,7.3485,7.35,7.35,7.35,7.34,16
2023-09-05 16:36:00,2279,7.3461,7.34,7.345,7.35,7.34,30
2023-09-05 16:37:00,2364,7.3468,7.34,7.34,7.35,7.34,22
2023-09-05 16:38:00,2644,7.3468,7.35,7.345,7.35,7.34,33
2023-09-05 16:39:00,2699,7.3472,7.35,7.345,7.35,7.34,25
2023-09-05 16:40:00,2579,7.3489,7.35,7.345,7.35,7.345,30
2023-09-05 16:41:00,2827,7.3462,7.35,7.345,7.35,7.345,31
2023-09-05 16:42:00,4130,7.3455,7.345,7.345,7.35,7.345,36
2023-09-05 16:43:00,744,7.3454,7.345,7.3425,7.35,7.3425,14
2023-09-05 16:44:00,1811,7.3454,7.345,7.345,7.345,7.345,25
2023-09-05 16:45:00,1615,7.345,7.345,7.345,7.35,7.34,18
2023-09-05 16:46:00,1855,7.3456,7.35,7.34,7.35,7.34,31
2023-09-05 16:47:00,10820,7.3445,7.34,7.345,7.35,7.34,46
2023-09-05 16:48:00,2194,7.3457,7.35,7.345,7.35,7.34,35
2023-09-05 16:49:00,1142,7.345,7.34,7.34,7.35,7.34,19
2023-09-05 16:50:00,2087,7.3452,7.35,7.345,7.35,7.34,26
2023-09-05 16:51:00,2290,7.3446,7.345,7.345,7.35,7.34,30
2023-09-05 16:52:00,1679,7.3447,7.34,7.345,7.35,7.34,23
2023-09-05 16:53:00,2140,7.3466,7.345,7.35,7.35,7.34,23
2023-09-05 16:54:00,857,7.3462,7.34,7.345,7.35,7.34,19
2023-09-05 16:55:00,2032,7.3433,7.345,7.34,7.35,7.34,27
2023-09-05 16:56:00,34695,7.3431,7.345,7.345,7.35,7.34,115
2023-09-05 16:57:00,2053,7.3436,7.34,7.345,7.345,7.34,28
2023-09-05 16:58:00,8585,7.3475,7.345,7.35,7.35,7.345,64
2023-09-05 16:59:00,15032,7.3508,7.35,7.36,7.36,7.35,94
2023-09-05 17:00:00,478,7.3559,7.355,7.355,7.355,7.355,13
2023-09-05 17:01:00,562,7.3563,7.355,7.355,7.36,7.355,10
2023-09-05 17:02:00,1026,7.3579,7.355,7.355,7.36,7.355,16
2023-09-05 17:03:00,2365,7.3522,7.35,7.355,7.355,7.35,30
2023-09-05 17:04:00,2959,7.3519,7.355,7.36,7.36,7.35,18
2023-09-05 17:05:00,1297,7.355,7.35,7.355,7.36,7.35,15
2023-09-05 17:06:00,1139,7.356,7.355,7.35,7.36,7.35,16
2023-09-05 17:07:00,2267,7.3555,7.35,7.36,7.36,7.35,24
2023-09-05 17:08:00,2107,7.3543,7.355,7.355,7.36,7.35,31
2023-09-05 17:09:00,3249,7.354,7.355,7.35,7.36,7.35,54
2023-09-05 17:10:00,7137,7.3553,7.355,7.36,7.36,7.35,57
2023-09-05 17:11:00,3779,7.3536,7.355,7.355,7.36,7.35,24
2023-09-05 17:12:00,2604,7.3561,7.355,7.36,7.36,7.355,30
2023-09-05 17:13:00,1959,7.3565,7.355,7.355,7.36,7.3525,32
2023-09-05 17:14:00,2084,7.3563,7.355,7.355,7.36,7.355,25
2023-09-05 17:15:00,1922,7.3561,7.36,7.355,7.36,7.3525,25
2023-09-05 17:16:00,1705,7.3552,7.355,7.36,7.36,7.35,20
2023-09-05 17:17:00,3470,7.3556,7.355,7.355,7.36,7.35,28
2023-09-05 17:18:00,1837,7.3553,7.355,7.35,7.36,7.35,32
2023-09-05 17:19:00,1617,7.3556,7.36,7.355,7.36,7.35,24
2023-09-05 17:20:00,2351,7.3555,7.355,7.36,7.36,7.35,26
2023-09-05 17:21:00,1246,7.3552,7.355,7.355,7.355,7.355,18
2023-09-05 17:22:00,3582,7.3562,7.355,7.36,7.36,7.3525,47
2023-09-05 17:23:00,2063,7.3561,7.355,7.355,7.36,7.355,34
2023-09-05 17:24:00,2278,7.3557,7.355,7.355,7.36,7.35,30
2023-09-05 17:25:00,3096,7.3552,7.35,7.355,7.36,7.35,33
2023-09-05 17:26:00,3210,7.3584,7.355,7.355,7.36,7.355,43
2023-09-05 17:27:00,2070,7.3561,7.355,7.355,7.36,7.35,30
2023-09-05 17:28:00,2012,7.3567,7.355,7.355,7.36,7.35,27
2023-09-05 17:29:00,2422,7.3574,7.36,7.355,7.36,7.355,34
2023-09-05 17:30:00,3509,7.355,7.355,7.355,7.36,7.35,36
2023-09-05 17:31:00,2646,7.355,7.355,7.36,7.36,7.35,36
2023-09-05 17:32:00,2106,7.3547,7.35,7.355,7.355,7.35,21
2023-09-05 17:33:00,1797,7.3541,7.35,7.355,7.355,7.35,29
2023-09-05 17:34:00,2076,7.3542,7.355,7.355,7.36,7.35,26
2023-09-05 17:35:00,1360,7.3549,7.355,7.355,7.355,7.35,19
2023-09-05 17:36:00,1759,7.3549,7.355,7.355,7.36,7.35,28
2023-09-05 17:37:00,1391,7.3543,7.36,7.355,7.36,7.35,26
2023-09-05 17:38:00,1451,7.3532,7.35,7.35,7.36,7.35,23
2023-09-05 17:39:00,6282,7.3585,7.35,7.355,7.36,7.35,64
2023-09-05 17:40:00,3317,7.3579,7.36,7.36,7.36,7.35,52
2023-09-05 17:41:00,1165,7.3571,7.355,7.355,7.36,7.355,26
2023-09-05 17:42:00,1772,7.3562,7.36,7.35,7.36,7.35,27
2023-09-05 17:43:00,1719,7.3549,7.355,7.355,7.36,7.355,27
2023-09-05 17:44:00,1458,7.3543,7.35,7.355,7.36,7.35,22
2023-09-05 17:45:00,1750,7.3542,7.35,7.355,7.355,7.35,29
2023-09-05 17:46:00,1545,7.3548,7.35,7.35,7.36,7.35,25
2023-09-05 17:47:00,2589,7.3553,7.35,7.36,7.36,7.35,24
2023-09-05 17:48:00,2045,7.3546,7.355,7.36,7.36,7.35,29
2023-09-05 17:49:00,2393,7.3544,7.355,7.35,7.36,7.35,28
2023-09-05 17:50:00,3324,7.3544,7.36,7.355,7.36,7.35,32
2023-09-05 17:51:00,1218,7.3544,7.355,7.355,7.36,7.35,25
2023-09-05 17:52:00,1273,7.3547,7.355,7.35,7.36,7.35,22
2023-09-05 17:53:00,984,7.352,7.35,7.35,7.355,7.35,26
2023-09-05 17:54:00,1345,7.3546,7.355,7.36,7.36,7.35,32
2023-09-05 17:55:00,4514,7.3545,7.355,7.35,7.36,7.35,38
2023-09-05 17:56:00,1268,7.3536,7.355,7.35,7.355,7.35,28
2023-09-05 17:57:00,1624,7.3532,7.355,7.35,7.36,7.35,29
2023-09-05 17:58:00,1335,7.3539,7.35,7.36,7.36,7.35,23
2023-09-05 17:59:00,1796,7.3556,7.355,7.355,7.36,7.35,36
2023-09-05 18:00:00,1706,7.3541,7.35,7.355,7.36,7.35,23
2023-09-05 18:01:00,2557,7.3533,7.35,7.35,7.355,7.35,37
2023-09-05 18:02:00,1478,7.356,7.355,7.355,7.36,7.35,21
2023-09-05 18:03:00,1167,7.3539,7.35,7.355,7.355,7.35,21
2023-09-05 18:04:00,2483,7.3552,7.355,7.355,7.36,7.355,31
2023-09-05 18:05:00,4860,7.3552,7.36,7.355,7.36,7.35,33
2023-09-05 18:06:00,1180,7.3545,7.355,7.35,7.355,7.35,25
2023-09-05 18:07:00,1321,7.3535,7.35,7.355,7.355,7.35,20
2023-09-05 18:08:00,1634,7.3533,7.35,7.355,7.36,7.35,29
2023-09-05 18:09:00,2458,7.3542,7.355,7.36,7.36,7.35,43
2023-09-05 18:10:00,1623,7.3535,7.355,7.355,7.355,7.35,38
2023-09-05 18:11:00,2409,7.3535,7.35,7.35,7.36,7.35,44
2023-09-05 18:12:00,10677,7.3547,7.36,7.355,7.36,7.35,69
2023-09-05 18:13:00,2560,7.3547,7.35,7.3525,7.36,7.35,42
2023-09-05 18:14:00,2649,7.354,7.36,7.355,7.36,7.35,37
2023-09-05 18:15:00,4970,7.3546,7.355,7.35,7.36,7.35,47
2023-09-05 18:16:00,669,7.3517,7.35,7.35,7.355,7.35,17
2023-09-05 18:17:00,1778,7.3547,7.355,7.355,7.36,7.35,30
2023-09-05 18:18:00,2995,7.3549,7.355,7.355,7.36,7.35,40
2023-09-05 18:19:00,1378,7.3542,7.35,7.355,7.355,7.35,32
2023-09-05 18:20:00,3383,7.3549,7.36,7.36,7.36,7.35,40
2023-09-05 18:21:00,2486,7.3555,7.3558,7.35,7.36,7.35,28
2023-09-05 18:22:00,2192,7.3543,7.355,7.35,7.355,7.35,42
2023-09-05 18:23:00,10368,7.3543,7.355,7.355,7.355,7.35,52
2023-09-05 18:24:00,1898,7.3545,7.35,7.355,7.36,7.35,26
2023-09-05 18:25:00,953,7.3551,7.355,7.355,7.355,7.355,20
2023-09-05 18:26:00,1737,7.3551,7.35,7.355,7.36,7.35,27
2023-09-05 18:27:00,1294,7.3535,7.35,7.355,7.355,7.35,25
2023-09-05 18:28:00,1975,7.355,7.355,7.35,7.36,7.35,34
2023-09-05 18:29:00,1572,7.3536,7.35,7.35,7.36,7.35,27
2023-09-05 18:30:00,1962,7.3521,7.35,7.35,7.355,7.35,31
2023-09-05 18:31:00,3724,7.3548,7.35,7.355,7.36,7.35,27
2023-09-05 18:32:00,77198,7.3533,7.355,7.3575,7.36,7.35,259
2023-09-05 18:33:00,3354,7.357,7.36,7.36,7.36,7.355,34
2023-09-05 18:34:00,3094,7.3546,7.355,7.35,7.36,7.35,38
2023-09-05 18:35:00,2653,7.3538,7.35,7.355,7.355,7.35,24
2023-09-05 18:36:00,2078,7.3527,7.355,7.35,7.355,7.35,22
2023-09-05 18:37:00,2047,7.3514,7.355,7.35,7.355,7.35,20
2023-09-05 18:38:00,2210,7.3521,7.355,7.35,7.355,7.35,29
2023-09-05 18:39:00,1904,7.3529,7.35,7.35,7.36,7.35,31
2023-09-05 18:40:00,1421,7.3522,7.35,7.35,7.355,7.35,19
2023-09-05 18:41:00,3196,7.3545,7.355,7.355,7.355,7.35,25
2023-09-05 18:42:00,8376,7.3571,7.355,7.355,7.36,7.35,60
2023-09-05 18:43:00,1445,7.3546,7.355,7.355,7.355,7.35,23
2023-09-05 18:44:00,2713,7.3537,7.355,7.35,7.355,7.35,27
2023-09-05 18:45:00,2431,7.3539,7.355,7.35,7.355,7.35,32
2023-09-05 18:46:00,1680,7.3534,7.355,7.35,7.36,7.35,25
2023-09-05 18:47:00,1178,7.3531,7.355,7.35,7.36,7.35,23
2023-09-05 18:48:00,2082,7.3552,7.35,7.355,7.36,7.35,26
2023-09-05 18:49:00,1467,7.354,7.355,7.355,7.355,7.35,24
2023-09-05 18:50:00,1450,7.3541,7.355,7.36,7.36,7.35,26
2023-09-05 18:51:00,2353,7.3576,7.355,7.36,7.36,7.355,33
2023-09-05 18:52:00,2755,7.3581,7.36,7.355,7.36,7.355,36
2023-09-05 18:53:00,2920,7.3582,7.355,7.36,7.36,7.3525,32
2023-09-05 18:54:00,3971,7.3581,7.355,7.355,7.36,7.355,38
2023-09-05 18:55:00,2910,7.3564,7.355,7.355,7.36,7.3529,37
2023-09-05 18:56:00,2680,7.3567,7.355,7.355,7.36,7.3525,33
2023-09-05 18:57:00,1908,7.3551,7.36,7.355,7.36,7.35,32
2023-09-05 18:58:00,2170,7.3564,7.35,7.355,7.36,7.35,25
2023-09-05 18:59:00,3636,7.3546,7.355,7.355,7.36,7.35,46
2023-09-05 19:00:00,3753,7.3549,7.35,7.355,7.36,7.35,48
2023-09-05 19:01:00,2805,7.3537,7.35,7.355,7.355,7.35,25
2023-09-05 19:02:00,5050,7.3545,7.35,7.355,7.355,7.35,38
2023-09-05 19:03:00,1906,7.3545,7.355,7.35,7.36,7.35,34
2023-09-05 19:04:00,2480,7.354,7.36,7.355,7.36,7.35,35
2023-09-05 19:05:00,1806,7.3531,7.35,7.355,7.36,7.35,27
2023-09-05 19:06:00,13790,7.3534,7.35,7.35,7.36,7.35,79
2023-09-05 19:07:00,3644,7.3537,7.35,7.35,7.36,7.35,23
2023-09-05 19:08:00,2074,7.3548,7.355,7.36,7.36,7.35,22
2023-09-05 19:09:00,5517,7.3547,7.355,7.355,7.355,7.35,37
2023-09-05 19:10:00,1907,7.3533,7.35,7.355,7.355,7.35,28
2023-09-05 19:11:00,3975,7.3552,7.355,7.355,7.36,7.35,43
2023-09-05 19:12:00,2081,7.3535,7.355,7.355,7.355,7.35,32
2023-09-05 19:13:00,145553,7.3501,7.355,7.36,7.36,7.35,32
2023-09-05 19:14:00,1691,7.3535,7.355,7.35,7.36,7.35,21
2023-09-05 19:15:00,2328,7.3541,7.355,7.355,7.355,7.35,33
2023-09-05 19:16:00,4316,7.3529,7.35,7.355,7.36,7.35,36
2023-09-05 19:17:00,8189,7.3538,7.35,7.355,7.36,7.35,42
2023-09-05 19:18:00,8086,7.3542,7.355,7.36,7.36,7.35,51
2023-09-05 19:19:00,4688,7.3552,7.355,7.355,7.36,7.35,52
2023-09-05 19:20:00,6462,7.3573,7.36,7.36,7.36,7.355,53
2023-09-05 19:21:00,5343,7.3577,7.36,7.36,7.36,7.35,51
2023-09-05 19:22:00,4695,7.3559,7.36,7.355,7.36,7.355,40
2023-09-05 19:23:00,3322,7.3546,7.355,7.35,7.355,7.35,42
2023-09-05 19:24:00,1839,7.3539,7.355,7.355,7.355,7.35,23
2023-09-05 19:25:00,3349,7.3538,7.35,7.355,7.355,7.35,39
2023-09-05 19:26:00,4575,7.3539,7.35,7.35,7.355,7.35,57
2023-09-05 19:27:00,1468,7.3537,7.355,7.35,7.355,7.35,21
2023-09-05 19:28:00,2321,7.3538,7.35,7.355,7.36,7.35,34
2023-09-05 19:29:00,2290,7.3539,7.35,7.355,7.36,7.35,31
2023-09-05 19:30:00,6690,7.3553,7.355,7.355,7.36,7.35,86
2023-09-05 19:31:00,6043,7.3546,7.355,7.355,7.36,7.35,98
2023-09-05 19:32:00,7765,7.3549,7.355,7.355,7.355,7.3549,63
2023-09-05 19:33:00,7372,7.3578,7.355,7.355,7.36,7.35,65
2023-09-05 19:34:00,2562,7.3543,7.35,7.35,7.355,7.35,47
2023-09-05 19:35:00,3345,7.3561,7.355,7.355,7.36,7.35,59
2023-09-05 19:36:00,4100,7.3548,7.355,7.355,7.36,7.35,65
2023-09-05 19:37:00,7353,7.3543,7.3548,7.355,7.355,7.35,64
2023-09-05 19:38:00,2339,7.3545,7.355,7.355,7.355,7.35,36
2023-09-05 19:39:00,2049,7.3536,7.35,7.355,7.355,7.35,34
2023-09-05 19:40:00,3024,7.3538,7.35,7.355,7.36,7.35,62
2023-09-05 19:41:00,39083,7.3599,7.355,7.365,7.37,7.35,235
2023-09-05 19:42:00,8414,7.366,7.365,7.365,7.37,7.365,86
2023-09-05 19:43:00,28933,7.3724,7.365,7.375,7.38,7.365,159
2023-09-05 19:44:00,3624,7.3769,7.375,7.38,7.38,7.375,51
2023-09-05 19:45:00,11256,7.3751,7.375,7.375,7.38,7.37,139
2023-09-05 19:46:00,8302,7.3753,7.375,7.375,7.38,7.37,85
2023-09-05 19:47:00,66997,7.3835,7.375,7.395,7.4,7.375,295
2023-09-05 19:48:00,4550,7.395,7.395,7.395,7.4,7.39,49
2023-09-05 19:49:00,11149,7.395,7.395,7.395,7.4,7.39,89
2023-09-05 19:50:00,127598,7.3924,7.395,7.395,7.4,7.39,386
2023-09-05 19:51:00,7914,7.3949,7.395,7.395,7.4,7.39,98
2023-09-05 19:52:00,7712,7.3958,7.395,7.395,7.4,7.39,81
2023-09-05 19:53:00,7979,7.3949,7.39,7.395,7.4,7.39,95
2023-09-05 19:54:00,72989,7.393,7.39,7.4,7.4,7.39,294
2023-09-05 19:55:00,23828,7.3939,7.395,7.395,7.4,7.39,184
2023-09-05 19:56:00,93183,7.3944,7.395,7.395,7.4,7.39,417
2023-09-05 19:57:00,210469,7.3966,7.395,7.405,7.41,7.39,687
2023-09-05 19:58:00,147861,7.4028,7.41,7.41,7.41,7.4,463
2023-09-05 19:59:00,449842,7.3908,7.41,7.36,7.41,7.36,1540
2023-09-05 20:00:00,11314,7.37,7.37,7.37,7.37,7.37,10
