t,v,vw,o,c,h,l,n
2023-06-12 13:30:00,19733,26.4323,26.44,26.38,26.44,25.672,25
2023-06-12 13:31:00,5437,26.4428,26.43,26.4,26.49,26.37,72
2023-06-12 13:32:00,5114,26.4561,26.47,26.4491,26.48,26.42,61
2023-06-12 13:33:00,370,26.445,26.44,26.44,26.44,26.44,10
2023-06-12 13:34:00,3655,26.3712,26.35,26.36,26.4,26.33,54
2023-06-12 13:35:00,2330,26.3684,26.35,26.38,26.38,26.35,43
2023-06-12 13:36:00,5755,26.3291,26.35,26.31,26.36,26.285,123
2023-06-12 13:37:00,5443,26.249,26.28,26.24,26.28,26.23,60
2023-06-12 13:38:00,6049,26.244,26.24,26.265,26.27,26.205,84
2023-06-12 13:39:00,3385,26.3151,26.274,26.38,26.38,26.27,74
2023-06-12 13:40:00,9021,26.3945,26.385,26.4,26.425,26.37,128
2023-06-12 13:41:00,5535,26.408,26.38,26.43,26.43,26.38,87
2023-06-12 13:42:00,5670,26.4725,26.44,26.48,26.485,26.44,75
2023-06-12 13:43:00,5362,26.5177,26.49,26.495,26.53,26.49,68
2023-06-12 13:44:00,4178,26.4766,26.47,26.48,26.485,26.45,49
2023-06-12 13:45:00,8886,26.4432,26.48,26.405,26.48,26.405,81
2023-06-12 13:46:00,9966,26.4348,26.41,26.46,26.46,26.41,102
2023-06-12 13:47:00,10237,26.4608,26.45,26.51,26.51,26.425,125
2023-06-12 13:48:00,5916,26.4767,26.5,26.465,26.5,26.455,55
2023-06-12 13:49:00,8354,26.5205,26.46,26.54,26.54,26.46,86
2023-06-12 13:50:00,2909,26.5574,26.54,26.57,26.57,26.54,41
2023-06-12 13:51:00,13548,26.6025,26.57,26.63,26.63,26.57,108
2023-06-12 13:52:00,4962,26.6581,26.64,26.66,26.68,26.635,45
2023-06-12 13:53:00,2745,26.6822,26.67,26.71,26.71,26.67,38
2023-06-12 13:54:00,6539,26.7333,26.715,26.74,26.76,26.71,56
2023-06-12 13:55:00,5652,26.7443,26.76,26.715,26.76,26.715,65
2023-06-12 13:56:00,5836,26.7408,26.71,26.78,26.78,26.71,54
2023-06-12 13:57:00,6985,26.8071,26.77,26.81,26.835,26.77,65
2023-06-12 13:58:00,11328,26.7819,26.81,26.77,26.81,26.76,89
2023-06-12 13:59:00,2710,26.8002,26.78,26.8,26.81,26.78,34
2023-06-12 14:00:00,5987,26.7952,26.8,26.775,26.8,26.775,74
2023-06-12 14:01:00,8059,26.7345,26.77,26.71,26.77,26.705,87
2023-06-12 14:02:00,6621,26.7151,26.71,26.69,26.73,26.69,61
2023-06-12 14:03:00,5938,26.6792,26.7,26.68,26.7,26.66,48
2023-06-12 14:04:00,4101,26.6604,26.68,26.65,26.68,26.65,48
2023-06-12 14:05:00,3611,26.6627,26.66,26.65,26.68,26.64,45
2023-06-12 14:06:00,2925,26.6696,26.65,26.675,26.675,26.645,35
2023-06-12 14:07:00,3352,26.6891,26.695,26.69,26.71,26.67,49
2023-06-12 14:08:00,4457,26.6627,26.69,26.665,26.69,26.65,56
2023-06-12 14:09:00,5598,26.694,26.66,26.72,26.72,26.655,88
2023-06-12 14:10:00,3151,26.7111,26.72,26.69,26.72,26.69,34
2023-06-12 14:11:00,2512,26.68,26.68,26.68,26.68,26.68,23
2023-06-12 14:12:00,2086,26.6893,26.69,26.6894,26.69,26.6894,30
2023-06-12 14:13:00,2736,26.7005,26.685,26.7,26.71,26.685,38
2023-06-12 14:14:00,9408,26.7324,26.7,26.755,26.77,26.7,86
2023-06-12 14:15:00,4187,26.7386,26.75,26.715,26.7501,26.715,41
2023-06-12 14:16:00,3184,26.7007,26.72,26.7,26.72,26.69,37
2023-06-12 14:17:00,6594,26.7061,26.7,26.705,26.71,26.69,61
2023-06-12 14:18:00,8737,26.6816,26.7,26.68,26.7,26.66,76
2023-06-12 14:19:00,8614,26.6802,26.69,26.71,26.71,26.66,88
2023-06-12 14:20:00,5550,26.6941,26.7,26.7,26.7,26.68,64
2023-06-12 14:21:00,4543,26.6588,26.69,26.61,26.69,26.61,43
2023-06-12 14:22:00,2415,26.6045,26.61,26.535,26.615,26.535,36
2023-06-12 14:23:00,4497,26.4985,26.53,26.49,26.53,26.475,60
2023-06-12 14:24:00,2209,26.4642,26.46,26.455,26.47,26.45,33
2023-06-12 14:25:00,5546,26.4329,26.45,26.45,26.45,26.41,61
2023-06-12 14:26:00,4061,26.4099,26.45,26.41,26.45,26.39,58
2023-06-12 14:27:00,2947,26.4205,26.41,26.45,26.45,26.405,29
2023-06-12 14:28:00,3639,26.502,26.46,26.51,26.52,26.46,47
2023-06-12 14:29:00,2910,26.5014,26.51,26.49,26.51,26.485,41
2023-06-12 14:30:00,4373,26.454,26.48,26.45,26.48,26.435,74
2023-06-12 14:31:00,3243,26.4599,26.46,26.465,26.475,26.44,40
2023-06-12 14:32:00,7537,26.4651,26.47,26.45,26.485,26.45,82
2023-06-12 14:33:00,1503,26.4572,26.445,26.455,26.465,26.445,18
2023-06-12 14:34:00,4585,26.4427,26.47,26.41,26.475,26.41,40
2023-06-12 14:35:00,2361,26.3962,26.41,26.385,26.41,26.38,34
2023-06-12 14:36:00,2723,26.3431,26.37,26.33,26.37,26.33,44
2023-06-12 14:37:00,4637,26.3251,26.33,26.29,26.34,26.29,52
2023-06-12 14:38:00,7791,26.3253,26.29,26.31,26.32,26.285,87
2023-06-12 14:39:00,611,26.3311,26.325,26.325,26.325,26.325,11
2023-06-12 14:40:00,5291,26.3557,26.33,26.36,26.37,26.33,76
2023-06-12 14:41:00,2904,26.3555,26.36,26.345,26.36,26.345,21
2023-06-12 14:42:00,6869,26.3652,26.35,26.38,26.38,26.35,73
2023-06-12 14:43:00,898,26.3833,26.39,26.38,26.39,26.38,12
2023-06-12 14:44:00,3592,26.3989,26.39,26.4,26.405,26.39,35
2023-06-12 14:45:00,3033,26.4231,26.4,26.45,26.45,26.4,55
2023-06-12 14:46:00,2570,26.4432,26.45,26.44,26.45,26.44,20
2023-06-12 14:47:00,4049,26.4289,26.44,26.415,26.45,26.415,44
2023-06-12 14:48:00,3252,26.4077,26.41,26.42,26.42,26.405,36
2023-06-12 14:49:00,2010,26.4049,26.415,26.41,26.415,26.4,37
2023-06-12 14:50:00,939,26.4031,26.41,26.4,26.41,26.39,15
2023-06-12 14:51:00,2636,26.3933,26.4,26.395,26.4,26.39,39
2023-06-12 14:52:00,2479,26.399,26.39,26.41,26.41,26.39,30
2023-06-12 14:53:00,1631,26.4072,26.41,26.4,26.41,26.4,18
2023-06-12 14:54:00,2735,26.3898,26.39,26.39,26.39,26.38,26
2023-06-12 14:55:00,3500,26.4194,26.4,26.45,26.45,26.4,58
2023-06-12 14:56:00,1891,26.4686,26.45,26.47,26.48,26.45,20
2023-06-12 14:57:00,386,26.4699,26.47,26.47,26.47,26.47,14
2023-06-12 14:58:00,12900,26.5046,26.47,26.54,26.54,26.47,129
2023-06-12 14:59:00,3525,26.5376,26.55,26.53,26.55,26.53,41
2023-06-12 15:00:00,5083,26.579,26.54,26.585,26.595,26.54,61
2023-06-12 15:01:00,401,26.5788,26.58,26.58,26.58,26.58,7
2023-06-12 15:02:00,4090,26.5658,26.58,26.545,26.58,26.545,46
2023-06-12 15:03:00,2493,26.5373,26.545,26.53,26.55,26.53,36
2023-06-12 15:04:00,2079,26.5449,26.53,26.56,26.56,26.53,33
2023-06-12 15:05:00,3079,26.5687,26.57,26.565,26.57,26.565,30
2023-06-12 15:06:00,2050,26.5772,26.58,26.58,26.58,26.57,25
2023-06-12 15:07:00,2746,26.574,26.575,26.58,26.58,26.57,40
2023-06-12 15:08:00,4125,26.5808,26.59,26.57,26.59,26.57,43
2023-06-12 15:09:00,1637,26.5548,26.56,26.55,26.56,26.545,33
2023-06-12 15:10:00,3213,26.546,26.55,26.55,26.55,26.54,39
2023-06-12 15:11:00,3043,26.5514,26.555,26.56,26.56,26.535,44
2023-06-12 15:12:00,2074,26.567,26.56,26.57,26.57,26.555,25
2023-06-12 15:13:00,1258,26.5699,26.57,26.57,26.57,26.57,12
2023-06-12 15:14:00,341,26.5728,26.575,26.575,26.575,26.575,8
2023-06-12 15:15:00,2771,26.5625,26.57,26.565,26.57,26.555,34
2023-06-12 15:16:00,1242,26.5689,26.57,26.565,26.57,26.565,6
2023-06-12 15:17:00,2359,26.5806,26.57,26.595,26.595,26.57,36
2023-06-12 15:18:00,4916,26.5651,26.595,26.54,26.595,26.535,44
2023-06-12 15:19:00,5787,26.5507,26.55,26.545,26.565,26.54,72
2023-06-12 15:20:00,3326,26.5251,26.53,26.5156,26.535,26.51,33
2023-06-12 15:21:00,5305,26.5048,26.52,26.495,26.525,26.49,54
2023-06-12 15:22:00,7885,26.4834,26.48,26.485,26.495,26.48,89
2023-06-12 15:23:00,4761,26.462,26.48,26.46,26.48,26.46,39
2023-06-12 15:24:00,5380,26.4446,26.45,26.445,26.45,26.435,62
2023-06-12 15:25:00,5751,26.444,26.445,26.445,26.455,26.43,60
2023-06-12 15:26:00,2494,26.4455,26.445,26.455,26.455,26.44,30
2023-06-12 15:27:00,3615,26.468,26.46,26.475,26.475,26.46,63
2023-06-12 15:28:00,18142,26.4647,26.475,26.435,26.475,26.4244,63
2023-06-12 15:29:00,4138,26.4329,26.42,26.435,26.435,26.42,39
2023-06-12 15:30:00,3583,26.4342,26.44,26.43,26.44,26.42,48
2023-06-12 15:31:00,5274,26.4299,26.43,26.44,26.44,26.4208,63
2023-06-12 15:32:00,5052,26.4536,26.445,26.435,26.47,26.435,60
2023-06-12 15:33:00,4036,26.4126,26.435,26.3991,26.435,26.39,41
2023-06-12 15:34:00,1078,26.3994,26.4,26.39,26.4,26.39,22
2023-06-12 15:35:00,2222,26.3963,26.4,26.38,26.405,26.38,34
2023-06-12 15:36:00,1874,26.3698,26.37,26.36,26.37,26.36,27
2023-06-12 15:37:00,2478,26.3537,26.35,26.345,26.3512,26.345,37
2023-06-12 15:38:00,2432,26.3273,26.34,26.32,26.34,26.32,19
2023-06-12 15:39:00,2278,26.3071,26.31,26.305,26.31,26.3,33
2023-06-12 15:40:00,2864,26.3148,26.3,26.32,26.32,26.3,38
2023-06-12 15:41:00,1808,26.3151,26.31,26.325,26.325,26.31,22
2023-06-12 15:42:00,3318,26.3009,26.31,26.29,26.315,26.285,44
2023-06-12 15:43:00,11034,26.2823,26.29,26.285,26.29,26.27,35
2023-06-12 15:44:00,2289,26.2792,26.28,26.27,26.28,26.27,31
2023-06-12 15:45:00,2056,26.2618,26.26,26.26,26.26,26.26,25
2023-06-12 15:46:00,4931,26.2694,26.26,26.29,26.29,26.26,43
2023-06-12 15:47:00,2723,26.2923,26.285,26.3,26.3,26.285,28
2023-06-12 15:48:00,1123,26.2979,26.3,26.3,26.3,26.3,10
2023-06-12 15:49:00,4028,26.3066,26.31,26.3,26.32,26.3,57
2023-06-12 15:50:00,4545,26.3317,26.31,26.34,26.34,26.31,55
2023-06-12 15:51:00,2835,26.3395,26.34,26.335,26.35,26.335,24
2023-06-12 15:52:00,2286,26.3252,26.33,26.32,26.33,26.32,29
2023-06-12 15:53:00,2444,26.3202,26.315,26.321,26.325,26.315,28
2023-06-12 15:54:00,350,26.3272,26.329,26.329,26.329,26.329,4
2023-06-12 15:55:00,4983,26.3134,26.32,26.305,26.32,26.305,55
2023-06-12 15:56:00,2506,26.3096,26.3,26.31,26.31,26.3,29
2023-06-12 15:57:00,2883,26.3189,26.31,26.32,26.32,26.31,31
2023-06-12 15:58:00,1387,26.3217,26.325,26.33,26.33,26.32,12
2023-06-12 15:59:00,1562,26.3323,26.33,26.3362,26.3362,26.33,25
2023-06-12 16:00:00,3836,26.36,26.34,26.3847,26.3847,26.34,40
2023-06-12 16:01:00,825,26.3842,26.39,26.39,26.39,26.39,9
2023-06-12 16:02:00,5924,26.4047,26.4,26.42,26.42,26.4,54
2023-06-12 16:03:00,6129,26.4342,26.43,26.44,26.44,26.43,58
2023-06-12 16:04:00,1561,26.4405,26.445,26.44,26.445,26.44,21
2023-06-12 16:05:00,581,26.4445,26.44,26.44,26.45,26.44,9
2023-06-12 16:06:00,5171,26.4321,26.45,26.405,26.45,26.405,61
2023-06-12 16:07:00,1703,26.414,26.41,26.41,26.415,26.41,22
2023-06-12 16:08:00,1961,26.4193,26.415,26.42,26.42,26.415,33
2023-06-12 16:09:00,596,26.422,26.42,26.43,26.43,26.42,13
2023-06-12 16:10:00,1526,26.4211,26.425,26.42,26.43,26.42,25
2023-06-12 16:11:00,2535,26.4273,26.42,26.44,26.44,26.42,40
2023-06-12 16:12:00,2699,26.4332,26.43,26.445,26.445,26.43,39
2023-06-12 16:13:00,1488,26.4401,26.44,26.44,26.44,26.44,15
2023-06-12 16:14:00,2979,26.448,26.44,26.445,26.46,26.44,39
2023-06-12 16:15:00,3291,26.4404,26.44,26.44,26.445,26.435,29
2023-06-12 16:16:00,418,26.4354,26.445,26.445,26.445,26.445,7
2023-06-12 16:17:00,1474,26.4501,26.445,26.455,26.46,26.445,24
2023-06-12 16:18:00,3032,26.4483,26.45,26.44,26.455,26.44,34
2023-06-12 16:19:00,2445,26.4398,26.44,26.44,26.44,26.435,30
2023-06-12 16:20:00,3222,26.4471,26.45,26.435,26.45,26.435,34
2023-06-12 16:21:00,640,26.4408,26.44,26.44,26.44,26.44,20
2023-06-12 16:22:00,1710,26.4417,26.45,26.44,26.45,26.435,19
2023-06-12 16:23:00,3248,26.4298,26.43,26.43,26.43,26.42,31
2023-06-12 16:24:00,4057,26.4402,26.44,26.44,26.445,26.435,53
2023-06-12 16:25:00,401,26.4339,26.43,26.44,26.44,26.43,5
2023-06-12 16:26:00,3715,26.4456,26.435,26.455,26.455,26.435,47
2023-06-12 16:27:00,3171,26.4385,26.45,26.42,26.45,26.42,44
2023-06-12 16:28:00,1414,26.4207,26.4206,26.415,26.4206,26.415,22
2023-06-12 16:29:00,886,26.4308,26.4105,26.4105,26.4105,26.4105,12
2023-06-12 16:30:00,2583,26.4193,26.41,26.42,26.425,26.41,39
2023-06-12 16:31:00,3645,26.4206,26.42,26.415,26.425,26.415,30
2023-06-12 16:32:00,819,26.42,26.42,26.42,26.42,26.42,18
2023-06-12 16:33:00,2564,26.4323,26.425,26.44,26.44,26.425,40
2023-06-12 16:34:00,3182,26.4571,26.45,26.46,26.465,26.445,28
2023-06-12 16:35:00,444,26.4577,26.46,26.46,26.46,26.46,11
2023-06-12 16:36:00,3157,26.4632,26.46,26.475,26.475,26.46,28
2023-06-12 16:37:00,1013,26.4785,26.475,26.48,26.48,26.475,13
2023-06-12 16:38:00,2001,26.4833,26.48,26.4893,26.4893,26.48,20
2023-06-12 16:39:00,472,26.4725,26.485,26.485,26.485,26.485,10
2023-06-12 16:40:00,4436,26.4757,26.48,26.47,26.48,26.465,45
2023-06-12 16:41:00,2553,26.4454,26.46,26.43,26.46,26.43,34
2023-06-12 16:42:00,754,26.435,26.43,26.43,26.43,26.43,15
2023-06-12 16:43:00,1820,26.4407,26.43,26.445,26.445,26.43,21
2023-06-12 16:44:00,1282,26.4352,26.44,26.425,26.44,26.425,17
2023-06-12 16:46:00,3108,26.4203,26.42,26.42,26.425,26.42,32
2023-06-12 16:47:00,3830,26.4246,26.42,26.43,26.43,26.415,46
2023-06-12 16:48:00,2129,26.434,26.43,26.44,26.44,26.43,29
2023-06-12 16:49:00,982,26.43,26.43,26.43,26.43,26.43,18
2023-06-12 16:50:00,839,26.4299,26.435,26.425,26.435,26.425,8
2023-06-12 16:51:00,1988,26.4153,26.42,26.41,26.42,26.41,23
2023-06-12 16:52:00,3295,26.4165,26.41,26.415,26.42,26.41,42
2023-06-12 16:53:00,1878,26.4102,26.41,26.41,26.41,26.405,25
2023-06-12 16:55:00,3840,26.4199,26.415,26.42,26.425,26.415,35
2023-06-12 16:56:00,3466,26.4153,26.41,26.425,26.425,26.405,33
2023-06-12 16:57:00,753,26.4311,26.43,26.435,26.435,26.43,14
2023-06-12 16:58:00,2865,26.4477,26.44,26.445,26.46,26.44,36
2023-06-12 17:00:00,2058,26.44,26.44,26.445,26.445,26.44,29
2023-06-12 17:01:00,100,26.44,26.44,26.44,26.44,26.44,1
2023-06-12 17:02:00,304,26.4483,26.45,26.45,26.45,26.445,6
2023-06-12 17:03:00,3106,26.4505,26.45,26.45,26.455,26.45,41
2023-06-12 17:04:00,1522,26.4395,26.44,26.435,26.44,26.435,14
2023-06-12 17:05:00,1712,26.4425,26.44,26.445,26.45,26.44,20
2023-06-12 17:06:00,1004,26.44,26.44,26.44,26.44,26.44,21
2023-06-12 17:07:00,813,26.43,26.43,26.43,26.43,26.43,9
2023-06-12 17:08:00,1260,26.4191,26.425,26.415,26.425,26.415,12
2023-06-12 17:09:00,4374,26.4327,26.42,26.445,26.445,26.42,47
2023-06-12 17:10:00,462,26.4407,26.45,26.45,26.45,26.45,10
2023-06-12 17:11:00,231,26.4457,26.445,26.445,26.445,26.445,8
2023-06-12 17:12:00,2486,26.4394,26.44,26.435,26.44,26.435,34
2023-06-12 17:13:00,427,26.4377,26.435,26.435,26.435,26.435,5
2023-06-12 17:15:00,2784,26.4298,26.43,26.425,26.43,26.425,24
2023-06-12 17:16:00,4012,26.4131,26.42,26.41,26.42,26.405,47
2023-06-12 17:17:00,1473,26.4054,26.4,26.4,26.4,26.4,32
2023-06-12 17:18:00,3469,26.4094,26.395,26.425,26.43,26.395,51
2023-06-12 17:19:00,1239,26.4288,26.43,26.435,26.435,26.43,15
2023-06-12 17:20:00,1308,26.4299,26.435,26.43,26.435,26.43,28
2023-06-12 17:21:00,1676,26.4206,26.425,26.415,26.425,26.415,14
2023-06-12 17:22:00,4717,26.4342,26.42,26.435,26.445,26.42,62
2023-06-12 17:23:00,882,26.4389,26.435,26.44,26.44,26.435,13
2023-06-12 17:24:00,2598,26.431,26.4383,26.43,26.4383,26.43,30
2023-06-12 17:25:00,1362,26.4322,26.44,26.43,26.44,26.43,18
2023-06-12 17:26:00,933,26.4291,26.43,26.425,26.43,26.425,16
2023-06-12 17:27:00,3291,26.4298,26.43,26.43,26.435,26.43,47
2023-06-12 17:28:00,316,26.4301,26.43,26.43,26.43,26.43,9
2023-06-12 17:29:00,241,26.4302,26.43,26.43,26.43,26.43,6
2023-06-12 17:30:00,2098,26.417,26.425,26.41,26.425,26.41,22
2023-06-12 17:31:00,626,26.412,26.405,26.405,26.41,26.405,13
2023-06-12 17:32:00,2404,26.4094,26.405,26.405,26.415,26.4,43
2023-06-12 17:33:00,931,26.3941,26.4,26.385,26.4,26.385,16
2023-06-12 17:34:00,842,26.3908,26.38,26.395,26.395,26.38,12
2023-06-12 17:35:00,516,26.3921,26.39,26.39,26.39,26.39,11
2023-06-12 17:36:00,477,26.39,26.39,26.39,26.39,26.39,17
2023-06-12 17:37:00,2006,26.3981,26.39,26.385,26.39,26.385,21
2023-06-12 17:38:00,3415,26.3985,26.39,26.405,26.41,26.39,50
2023-06-12 17:39:00,2132,26.4002,26.4,26.405,26.405,26.395,28
2023-06-12 17:40:00,783,26.4096,26.41,26.41,26.41,26.41,19
2023-06-12 17:41:00,327,26.4128,26.415,26.4101,26.415,26.4101,9
2023-06-12 17:42:00,12213,26.394,26.415,26.38,26.415,26.38,107
2023-06-12 17:43:00,3371,26.3897,26.385,26.385,26.39,26.385,32
2023-06-12 17:44:00,6753,26.3742,26.38,26.37,26.38,26.365,51
2023-06-12 17:45:00,335,26.3831,26.38,26.38,26.38,26.38,7
2023-06-12 17:46:00,6539,26.3933,26.38,26.41,26.41,26.38,78
2023-06-12 17:47:00,3226,26.4182,26.41,26.42,26.425,26.41,44
2023-06-12 17:48:00,2193,26.4098,26.41,26.41,26.41,26.405,21
2023-06-12 17:49:00,2581,26.402,26.405,26.4,26.41,26.395,37
2023-06-12 17:50:00,349,26.3932,26.395,26.395,26.395,26.395,11
2023-06-12 17:51:00,1488,26.3827,26.39,26.385,26.39,26.375,24
2023-06-12 17:52:00,1705,26.3967,26.39,26.4,26.4,26.385,26
2023-06-12 17:53:00,502,26.41,26.41,26.41,26.41,26.41,9
2023-06-12 17:54:00,889,26.4072,26.405,26.405,26.41,26.405,8
2023-06-12 17:55:00,493,26.4017,26.405,26.405,26.405,26.405,15
2023-06-12 17:56:00,3625,26.4098,26.405,26.41,26.41,26.405,52
2023-06-12 17:57:00,227,26.4151,26.415,26.415,26.415,26.415,8
2023-06-12 17:58:00,1305,26.4179,26.42,26.41,26.42,26.41,28
2023-06-12 17:59:00,1840,26.407,26.41,26.41,26.41,26.41,23
2023-06-12 18:00:00,1125,26.4144,26.415,26.42,26.42,26.41,22
2023-06-12 18:01:00,600,26.4133,26.41,26.41,26.41,26.41,4
2023-06-12 18:02:00,4396,26.4098,26.405,26.41,26.41,26.405,83
2023-06-12 18:03:00,2342,26.4085,26.405,26.41,26.41,26.405,37
2023-06-12 18:05:00,3557,26.4027,26.41,26.395,26.41,26.395,34
2023-06-12 18:06:00,232,26.3999,26.395,26.395,26.395,26.395,9
2023-06-12 18:07:00,8632,26.3906,26.395,26.395,26.4,26.39,19
2023-06-12 18:08:00,3764,26.3902,26.39,26.395,26.395,26.39,49
2023-06-12 18:09:00,5091,26.4069,26.395,26.42,26.42,26.395,61
2023-06-12 18:10:00,4705,26.4124,26.43,26.405,26.43,26.405,41
2023-06-12 18:11:00,524,26.4034,26.405,26.405,26.405,26.405,6
2023-06-12 18:12:00,1792,26.4024,26.405,26.4,26.41,26.4,18
2023-06-12 18:13:00,24172,26.3774,26.405,26.365,26.405,26.36,193
2023-06-12 18:14:00,3648,26.3568,26.36,26.35,26.36,26.35,45
2023-06-12 18:15:00,1756,26.3732,26.35,26.355,26.355,26.35,15
2023-06-12 18:16:00,434,26.3642,26.355,26.355,26.355,26.355,11
2023-06-12 18:17:00,24742,26.3673,26.355,26.355,26.37,26.355,149
2023-06-12 18:18:00,119,26.3502,26.35,26.35,26.35,26.35,6
2023-06-12 18:19:00,345,26.3533,26.3532,26.3532,26.3532,26.3532,7
2023-06-12 18:20:00,4478,26.3599,26.36,26.36,26.365,26.355,48
2023-06-12 18:21:00,2239,26.3598,26.36,26.355,26.36,26.355,29
2023-06-12 18:22:00,635,26.3592,26.355,26.36,26.36,26.355,13
2023-06-12 18:23:00,11873,26.3697,26.365,26.37,26.37,26.365,133
2023-06-12 18:24:00,27370,26.3708,26.365,26.385,26.385,26.365,208
2023-06-12 18:25:00,210,26.38,26.38,26.38,26.38,26.38,5
2023-06-12 18:26:00,446,26.382,26.3805,26.38,26.385,26.38,8
2023-06-12 18:27:00,3002,26.3791,26.38,26.385,26.385,26.375,35
2023-06-12 18:28:00,5658,26.3766,26.385,26.38,26.385,26.38,41
2023-06-12 18:29:00,1925,26.379,26.38,26.375,26.38,26.375,28
2023-06-12 18:30:00,3367,26.3859,26.375,26.395,26.4,26.375,46
2023-06-12 18:31:00,2331,26.3885,26.39,26.38,26.39,26.38,31
2023-06-12 18:32:00,2078,26.3893,26.385,26.395,26.395,26.385,26
2023-06-12 18:33:00,1753,26.398,26.4,26.4,26.4,26.4,22
2023-06-12 18:34:00,2406,26.3989,26.4,26.395,26.4,26.395,23
2023-06-12 18:35:00,1488,26.3999,26.395,26.4,26.41,26.395,19
2023-06-12 18:36:00,9108,26.3916,26.4,26.36,26.4,26.36,78
2023-06-12 18:37:00,3657,26.3315,26.36,26.32,26.36,26.32,45
2023-06-12 18:38:00,4847,26.319,26.32,26.305,26.32,26.305,55
2023-06-12 18:39:00,1628,26.3129,26.31,26.31,26.315,26.305,32
2023-06-12 18:40:00,313,26.3263,26.315,26.315,26.315,26.315,11
2023-06-12 18:41:00,667,26.3137,26.315,26.31,26.315,26.31,11
2023-06-12 18:42:00,916,26.31,26.31,26.31,26.31,26.31,21
2023-06-12 18:43:00,4978,26.3253,26.305,26.33,26.33,26.305,76
2023-06-12 18:44:00,4162,26.3313,26.33,26.345,26.345,26.325,34
2023-06-12 18:45:00,1678,26.3378,26.35,26.34,26.35,26.34,29
2023-06-12 18:46:00,1141,26.3487,26.34,26.36,26.36,26.34,22
2023-06-12 18:47:00,396,26.3423,26.355,26.355,26.355,26.355,9
2023-06-12 18:48:00,248,26.3565,26.355,26.355,26.355,26.355,13
2023-06-12 18:49:00,4853,26.3678,26.36,26.365,26.38,26.36,59
2023-06-12 18:50:00,2685,26.3588,26.36,26.35,26.36,26.35,36
2023-06-12 18:51:00,1074,26.3602,26.35,26.37,26.37,26.35,23
2023-06-12 18:52:00,2822,26.3659,26.37,26.355,26.37,26.355,61
2023-06-12 18:53:00,1348,26.3506,26.36,26.345,26.36,26.345,29
2023-06-12 18:54:00,3734,26.357,26.345,26.365,26.365,26.345,45
2023-06-12 18:55:00,320,26.3623,26.365,26.365,26.365,26.365,13
2023-06-12 18:56:00,1749,26.3597,26.36,26.36,26.36,26.355,30
2023-06-12 18:57:00,185,26.3645,26.3605,26.3605,26.3605,26.3605,7
2023-06-12 18:58:00,878,26.364,26.36,26.37,26.37,26.36,21
2023-06-12 18:59:00,1030,26.3715,26.37,26.37,26.37,26.37,34
2023-06-12 19:00:00,1821,26.3793,26.38,26.385,26.385,26.375,31
2023-06-12 19:01:00,7278,26.3789,26.38,26.38,26.385,26.37,80
2023-06-12 19:02:00,1652,26.3914,26.39,26.4,26.4,26.39,18
2023-06-12 19:03:00,4382,26.3838,26.39,26.37,26.39,26.37,42
2023-06-12 19:04:00,2020,26.3742,26.375,26.37,26.375,26.37,26
2023-06-12 19:05:00,3745,26.3542,26.36,26.35,26.36,26.35,65
2023-06-12 19:06:00,395,26.3587,26.355,26.355,26.355,26.355,12
2023-06-12 19:07:00,448,26.3586,26.355,26.355,26.355,26.355,6
2023-06-12 19:08:00,6050,26.3681,26.36,26.36,26.375,26.36,46
2023-06-12 19:09:00,3317,26.3777,26.365,26.38,26.38,26.365,41
2023-06-12 19:10:00,1511,26.37,26.37,26.37,26.37,26.37,29
2023-06-12 19:11:00,262,26.3744,26.375,26.375,26.375,26.375,8
2023-06-12 19:12:00,4854,26.3825,26.3743,26.39,26.39,26.37,50
2023-06-12 19:13:00,3346,26.414,26.4,26.425,26.4252,26.4,45
2023-06-12 19:14:00,6678,26.4289,26.43,26.42,26.435,26.42,80
2023-06-12 19:15:00,2677,26.3998,26.42,26.425,26.425,26.42,30
2023-06-12 19:16:00,4471,26.4494,26.45,26.445,26.45,26.445,52
2023-06-12 19:17:00,1158,26.4578,26.445,26.46,26.46,26.445,28
2023-06-12 19:18:00,3465,26.4542,26.46,26.45,26.46,26.445,50
2023-06-12 19:19:00,1238,26.4471,26.45,26.445,26.45,26.44,24
2023-06-12 19:20:00,4219,26.4339,26.44,26.43,26.44,26.425,62
2023-06-12 19:21:00,2007,26.4199,26.425,26.41,26.425,26.41,40
2023-06-12 19:22:00,2702,26.417,26.41,26.415,26.42,26.41,35
2023-06-12 19:23:00,6458,26.4143,26.41,26.42,26.42,26.41,50
2023-06-12 19:24:00,1722,26.4284,26.425,26.43,26.43,26.425,39
2023-06-12 19:25:00,4604,26.4294,26.43,26.43,26.43,26.425,39
2023-06-12 19:26:00,3121,26.4285,26.43,26.425,26.43,26.42,35
2023-06-12 19:27:00,4481,26.4206,26.43,26.42,26.43,26.41,59
2023-06-12 19:28:00,2789,26.4212,26.42,26.425,26.425,26.42,52
2023-06-12 19:29:00,625,26.4192,26.415,26.415,26.42,26.415,13
2023-06-12 19:30:00,9040,26.4279,26.415,26.4305,26.4305,26.415,97
2023-06-12 19:31:00,1984,26.4293,26.425,26.435,26.435,26.4243,38
2023-06-12 19:32:00,1933,26.4278,26.43,26.425,26.43,26.42,40
2023-06-12 19:33:00,3020,26.4371,26.4244,26.445,26.445,26.4244,49
2023-06-12 19:34:00,3161,26.4446,26.445,26.445,26.45,26.44,51
2023-06-12 19:35:00,2219,26.4483,26.45,26.445,26.455,26.44,48
2023-06-12 19:36:00,4857,26.442,26.445,26.425,26.455,26.425,95
2023-06-12 19:37:00,4393,26.4256,26.43,26.415,26.43,26.41,51
2023-06-12 19:38:00,1773,26.4181,26.411,26.425,26.425,26.41,46
2023-06-12 19:39:00,2252,26.4215,26.43,26.415,26.43,26.415,35
2023-06-12 19:40:00,6621,26.4161,26.415,26.415,26.42,26.405,119
2023-06-12 19:41:00,5115,26.4263,26.415,26.425,26.43,26.415,79
2023-06-12 19:42:00,624,26.4238,26.425,26.4238,26.425,26.4238,17
2023-06-12 19:43:00,5219,26.428,26.425,26.415,26.435,26.41,96
2023-06-12 19:44:00,2823,26.4042,26.41,26.4,26.41,26.4,54
2023-06-12 19:45:00,2404,26.4004,26.395,26.395,26.3985,26.39,30
2023-06-12 19:46:00,3042,26.3893,26.39,26.39,26.39,26.38,45
2023-06-12 19:47:00,5983,26.3963,26.385,26.375,26.39,26.37,51
2023-06-12 19:48:00,4548,26.3623,26.37,26.355,26.37,26.355,92
2023-06-12 19:49:00,6997,26.3605,26.35,26.355,26.37,26.35,83
2023-06-12 19:50:00,21955,26.3551,26.36,26.33,26.38,26.33,306
2023-06-12 19:51:00,18716,26.333,26.33,26.325,26.335,26.325,182
2023-06-12 19:52:00,7368,26.3379,26.33,26.33,26.35,26.33,102
2023-06-12 19:53:00,10716,26.3312,26.33,26.34,26.345,26.32,147
2023-06-12 19:54:00,10832,26.328,26.34,26.31,26.34,26.31,151
2023-06-12 19:55:00,30453,26.3122,26.315,26.305,26.325,26.3,294
2023-06-12 19:56:00,19448,26.3058,26.31,26.3,26.315,26.3,201
2023-06-12 19:57:00,12323,26.2928,26.3,26.29,26.3,26.29,180
2023-06-12 19:58:00,14014,26.2919,26.29,26.295,26.3,26.29,169
2023-06-12 19:59:00,91032,26.2796,26.295,26.26,26.3,26.26,675
2023-06-12 20:00:00,2278,26.26,26.26,26.26,26.26,26.26,16
2023-06-12 20:08:00,1139,26.26,26.26,26.26,26.26,26.26,1
2023-06-13 13:30:00,7649,26.2893,26.29,26.23,26.29,26.23,13
2023-06-13 13:31:00,4140,26.3203,26.27,26.365,26.365,26.27,72
2023-06-13 13:32:00,5466,26.4006,26.39,26.4,26.42,26.36,54
2023-06-13 13:33:00,629,26.4383,26.44,26.47,26.47,26.4262,9
2023-06-13 13:34:00,3397,26.426,26.42,26.47,26.47,26.415,41
2023-06-13 13:35:00,11698,26.4916,26.47,26.48,26.52,26.47,117
2023-06-13 13:36:00,6114,26.4635,26.47,26.47,26.48,26.44,90
2023-06-13 13:37:00,5604,26.461,26.48,26.445,26.49,26.435,79
2023-06-13 13:38:00,4358,26.4914,26.47,26.545,26.545,26.47,78
2023-06-13 13:39:00,7546,26.6068,26.545,26.68,26.68,26.545,82
2023-06-13 13:40:00,11854,26.6956,26.66,26.7,26.725,26.65,139
2023-06-13 13:41:00,6778,26.6559,26.69,26.62,26.69,26.62,104
2023-06-13 13:42:00,3652,26.6642,26.62,26.68,26.69,26.62,67
2023-06-13 13:43:00,4235,26.7278,26.7,26.76,26.76,26.7,64
2023-06-13 13:44:00,5015,26.79,26.77,26.78,26.8,26.77,61
2023-06-13 13:45:00,3522,26.8324,26.8,26.85,26.87,26.8,48
2023-06-13 13:46:00,8435,26.8649,26.85,26.88,26.89,26.84,91
2023-06-13 13:47:00,6531,26.9124,26.89,26.88,26.94,26.88,72
2023-06-13 13:48:00,8464,26.8421,26.865,26.84,26.88,26.83,100
2023-06-13 13:49:00,2818,26.8631,26.83,26.89,26.89,26.82,47
2023-06-13 13:50:00,4760,26.8752,26.91,26.86,26.91,26.84,92
2023-06-13 13:51:00,4886,26.8648,26.86,26.8801,26.8801,26.84,64
2023-06-13 13:52:00,6546,26.9075,26.89,26.91,26.93,26.88,95
2023-06-13 13:53:00,2768,26.8858,26.9,26.855,26.9,26.855,43
2023-06-13 13:54:00,2269,26.8806,26.88,26.885,26.885,26.88,38
2023-06-13 13:55:00,4791,26.8555,26.89,26.86,26.89,26.84,69
2023-06-13 13:56:00,8706,26.8836,26.86,26.87,26.905,26.86,97
2023-06-13 13:57:00,4753,26.903,26.87,26.92,26.93,26.87,66
2023-06-13 13:58:00,7448,26.9083,26.92,26.89,26.93,26.89,78
2023-06-13 13:59:00,13144,26.9084,26.89,26.94,26.94,26.87,139
2023-06-13 14:00:00,8284,26.9321,26.94,26.955,26.955,26.91,104
2023-06-13 14:01:00,6569,26.9366,26.965,26.925,26.965,26.915,86
2023-06-13 14:02:00,4329,26.8939,26.92,26.89,26.925,26.87,69
2023-06-13 14:03:00,8424,26.9153,26.9,26.93,26.93,26.88,64
2023-06-13 14:04:00,5093,26.9033,26.94,26.92,26.94,26.88,66
2023-06-13 14:05:00,4480,26.9331,26.92,26.95,26.95,26.92,47
2023-06-13 14:06:00,4069,26.9455,26.96,26.94,26.96,26.935,61
2023-06-13 14:07:00,4835,26.9533,26.94,26.97,26.97,26.93,65
2023-06-13 14:08:00,6801,26.9675,26.97,26.99,26.99,26.94,82
2023-06-13 14:09:00,6130,26.9955,26.99,27.015,27.025,26.98,89
2023-06-13 14:10:00,7023,27.019,27.015,27.03,27.03,27.0,102
2023-06-13 14:11:00,7255,27.0242,27.03,27.01,27.035,27.01,89
2023-06-13 14:12:00,4103,27.0126,27.0125,27.02,27.02,27.005,44
2023-06-13 14:13:00,13234,27.0075,27.01,27.01,27.02,26.995,119
2023-06-13 14:14:00,12431,27.0511,27.01,27.06,27.07,27.01,148
2023-06-13 14:15:00,6176,27.0588,27.07,27.02,27.075,27.02,72
2023-06-13 14:16:00,9141,26.9969,27.01,26.98,27.01,26.98,97
2023-06-13 14:17:00,7559,26.9602,26.975,26.98,26.98,26.93,103
2023-06-13 14:18:00,5820,26.9425,26.98,26.92,26.98,26.915,90
2023-06-13 14:19:00,2839,26.9101,26.9,26.92,26.925,26.9,39
2023-06-13 14:20:00,3875,26.9248,26.92,26.935,26.94,26.92,47
2023-06-13 14:21:00,5959,26.9442,26.95,26.95,26.95,26.93,79
2023-06-13 14:22:00,2725,26.9656,26.95,26.975,26.98,26.95,38
2023-06-13 14:23:00,5376,27.0009,26.98,27.01,27.01,26.98,43
2023-06-13 14:24:00,5914,27.0096,27.0,27.01,27.02,26.99,82
2023-06-13 14:25:00,4712,27.0512,27.02,27.07,27.07,27.015,45
2023-06-13 14:26:00,5392,27.0929,27.08,27.095,27.105,27.08,50
2023-06-13 14:27:00,11548,27.112,27.11,27.105,27.14,27.1,130
2023-06-13 14:28:00,3430,27.1086,27.095,27.1395,27.1395,27.09,35
2023-06-13 14:29:00,4081,27.1374,27.13,27.155,27.155,27.125,61
2023-06-13 14:30:00,10017,27.1595,27.16,27.12,27.17,27.12,99
2023-06-13 14:31:00,4478,27.1001,27.12,27.08,27.12,27.08,61
2023-06-13 14:32:00,6440,27.0916,27.07,27.105,27.11,27.07,65
2023-06-13 14:33:00,3094,27.0825,27.1,27.07,27.1,27.07,53
2023-06-13 14:34:00,9614,27.1048,27.08,27.14,27.145,27.08,115
2023-06-13 14:35:00,5402,27.1532,27.14,27.175,27.175,27.14,55
2023-06-13 14:36:00,7021,27.1662,27.18,27.145,27.185,27.14,98
2023-06-13 14:37:00,2615,27.1446,27.15,27.135,27.15,27.135,40
2023-06-13 14:38:00,8817,27.1213,27.13,27.09,27.13,27.09,96
2023-06-13 14:39:00,3700,27.0922,27.09,27.09,27.105,27.08,50
2023-06-13 14:40:00,4687,27.0919,27.09,27.085,27.1,27.085,41
2023-06-13 14:41:00,6285,27.0701,27.08,27.06,27.08,27.05,62
2023-06-13 14:42:00,2167,27.0655,27.06,27.07,27.07,27.06,38
2023-06-13 14:43:00,5432,27.0657,27.06,27.07,27.085,27.05,72
2023-06-13 14:44:00,1681,27.0802,27.075,27.08,27.085,27.075,20
2023-06-13 14:45:00,2889,27.0769,27.08,27.075,27.08,27.0729,23
2023-06-13 14:46:00,7549,27.0752,27.08,27.1,27.1,27.07,95
2023-06-13 14:47:00,6316,27.0888,27.105,27.07,27.105,27.07,69
2023-06-13 14:48:00,2920,27.0668,27.06,27.075,27.075,27.06,42
2023-06-13 14:49:00,5567,27.0854,27.08,27.09,27.095,27.08,61
2023-06-13 14:50:00,5026,27.1002,27.095,27.105,27.105,27.095,55
2023-06-13 14:51:00,5085,27.0862,27.1,27.07,27.1,27.07,46
2023-06-13 14:52:00,3680,27.066,27.07,27.07,27.07,27.06,54
2023-06-13 14:53:00,1821,27.0709,27.065,27.07,27.075,27.065,17
2023-06-13 14:54:00,9890,27.0619,27.075,27.045,27.075,27.045,81
2023-06-13 14:55:00,8541,27.0329,27.05,27.01,27.05,27.01,61
2023-06-13 14:56:00,2054,27.03,27.02,27.04,27.04,27.02,36
2023-06-13 14:57:00,5855,27.033,27.04,27.025,27.04,27.025,61
2023-06-13 14:58:00,5893,27.0251,27.03,27.01,27.05,27.01,68
2023-06-13 14:59:00,3323,27.0054,27.0,27.0168,27.02,27.0,42
2023-06-13 15:00:00,5883,27.027,27.02,27.02,27.03,27.02,46
2023-06-13 15:01:00,1444,27.0244,27.02,27.03,27.03,27.02,21
2023-06-13 15:02:00,11752,27.0684,27.04,27.07,27.085,27.04,88
2023-06-13 15:03:00,2572,27.0657,27.0785,27.05,27.08,27.05,38
2023-06-13 15:04:00,1985,27.0421,27.04,27.035,27.045,27.03,23
2023-06-13 15:05:00,2865,27.0336,27.04,27.02,27.04,27.02,25
2023-06-13 15:06:00,5996,27.0021,27.02,26.99,27.02,26.99,64
2023-06-13 15:07:00,3159,26.9678,26.99,26.96,26.99,26.955,45
2023-06-13 15:08:00,6569,26.9616,26.95,26.94,26.975,26.94,80
2023-06-13 15:09:00,2734,26.94,26.935,26.94,26.95,26.935,30
2023-06-13 15:10:00,2113,26.9634,26.95,26.96,26.965,26.95,35
2023-06-13 15:11:00,3216,26.9637,26.955,26.965,26.97,26.955,40
2023-06-13 15:12:00,2604,26.9813,26.97,26.99,26.99,26.97,50
2023-06-13 15:13:00,998,26.999,26.995,27.019,27.019,26.995,18
2023-06-13 15:14:00,2966,27.0239,27.02,27.01,27.035,27.01,48
2023-06-13 15:15:00,3882,27.0154,27.02,27.025,27.025,27.01,49
2023-06-13 15:16:00,3166,27.0198,27.04,27.01,27.04,27.01,45
2023-06-13 15:17:00,2034,27.0087,27.01,27.01,27.015,27.0,27
2023-06-13 15:18:00,4370,27.001,27.01,27.0,27.01,27.0,40
2023-06-13 15:19:00,1746,27.0086,27.01,27.01,27.01,27.0,24
2023-06-13 15:20:00,2324,27.0196,27.02,27.03,27.03,27.02,36
2023-06-13 15:21:00,1444,27.0366,27.03,27.05,27.05,27.03,30
2023-06-13 15:22:00,3537,27.0558,27.05,27.07,27.07,27.035,68
2023-06-13 15:23:00,1355,27.0789,27.07,27.09,27.09,27.07,24
2023-06-13 15:24:00,4744,27.0621,27.09,27.04,27.09,27.04,77
2023-06-13 15:25:00,1526,27.0512,27.05,27.055,27.055,27.05,17
2023-06-13 15:26:00,2512,27.0307,27.04,27.03,27.04,27.025,39
2023-06-13 15:27:00,1886,27.0228,27.03,27.015,27.03,27.015,32
2023-06-13 15:28:00,1799,27.0204,27.02,27.02,27.025,27.02,32
2023-06-13 15:29:00,760,27.0203,27.0201,27.02,27.025,27.015,8
2023-06-13 15:30:00,5258,27.0236,27.02,27.02,27.03,27.015,62
2023-06-13 15:31:00,2371,27.0128,27.02,27.01,27.02,27.01,31
2023-06-13 15:32:00,6794,26.997,27.0,26.9925,27.005,26.99,57
2023-06-13 15:33:00,3400,27.0006,27.0,27.0,27.01,26.995,58
2023-06-13 15:34:00,3182,27.015,27.005,27.03,27.03,27.005,52
2023-06-13 15:35:00,3750,27.0393,27.035,27.03,27.05,27.03,53
2023-06-13 15:36:00,1511,27.0228,27.04,27.015,27.04,27.015,36
2023-06-13 15:37:00,2991,27.0052,27.02,26.995,27.02,26.995,52
2023-06-13 15:38:00,2497,27.0013,26.995,26.99,27.005,26.99,48
2023-06-13 15:39:00,1726,26.9669,26.98,26.96,26.98,26.96,31
2023-06-13 15:40:00,2333,26.9734,26.96,26.995,26.995,26.96,40
2023-06-13 15:41:00,8720,27.0038,26.995,27.0,27.02,26.995,76
2023-06-13 15:42:00,3399,27.0061,27.005,27.01,27.01,27.0,46
2023-06-13 15:43:00,2008,27.0313,27.02,27.03,27.04,27.02,30
2023-06-13 15:44:00,2372,27.021,27.03,27.02,27.03,27.02,30
2023-06-13 15:45:00,126,27.015,27.015,27.015,27.015,27.015,4
2023-06-13 15:46:00,2662,27.0016,27.01,26.985,27.01,26.985,41
2023-06-13 15:47:00,2855,26.9896,26.98,27.0,27.0,26.98,38
2023-06-13 15:48:00,1634,26.9919,26.995,26.99,26.995,26.985,20
2023-06-13 15:49:00,5795,26.9996,26.995,27.01,27.01,26.995,59
2023-06-13 15:50:00,3315,27.003,27.0,27.01,27.01,27.0,35
2023-06-13 15:51:00,2413,27.0269,27.015,27.02,27.03,27.015,30
2023-06-13 15:52:00,2928,27.0386,27.04,27.045,27.045,27.035,20
2023-06-13 15:53:00,2637,27.0432,27.045,27.055,27.055,27.04,40
2023-06-13 15:54:00,431,27.0503,27.055,27.055,27.055,27.055,9
2023-06-13 15:55:00,1843,27.0508,27.055,27.05,27.055,27.05,18
2023-06-13 15:56:00,2845,27.039,27.04,27.035,27.04,27.03,38
2023-06-13 15:57:00,2148,27.0234,27.03,27.02,27.03,27.01,34
2023-06-13 15:58:00,267,27.025,27.025,27.025,27.025,27.025,3
2023-06-13 15:59:00,6238,27.0141,27.02,27.02,27.02,27.0,97
2023-06-13 16:00:00,5302,26.9991,27.01,27.01,27.01,26.985,60
2023-06-13 16:01:00,8176,27.003,27.01,27.01,27.01,27.0,92
2023-06-13 16:02:00,1946,27.0203,27.01,27.03,27.03,27.01,23
2023-06-13 16:03:00,3057,27.0237,27.03,27.015,27.03,27.015,36
2023-06-13 16:04:00,1835,27.0106,27.015,27.01,27.015,27.01,32
2023-06-13 16:05:00,1334,27.0169,27.015,27.02,27.02,27.015,13
2023-06-13 16:06:00,618,27.0279,27.03,27.03,27.03,27.03,12
2023-06-13 16:07:00,1275,27.0435,27.035,27.05,27.05,27.035,19
2023-06-13 16:08:00,3265,27.0644,27.08,27.06,27.08,27.055,48
2023-06-13 16:09:00,1141,27.0497,27.05,27.05,27.055,27.05,15
2023-06-13 16:10:00,2065,27.058,27.055,27.05,27.07,27.05,39
2023-06-13 16:11:00,508,27.0554,27.05,27.055,27.055,27.05,16
2023-06-13 16:12:00,1441,27.0531,27.05,27.055,27.055,27.05,23
2023-06-13 16:13:00,3438,27.0401,27.04,27.04,27.045,27.035,50
2023-06-13 16:15:00,1023,27.043,27.035,27.06,27.06,27.035,18
2023-06-13 16:16:00,749,27.0593,27.055,27.06,27.06,27.055,12
2023-06-13 16:17:00,2165,27.068,27.07,27.065,27.07,27.065,29
2023-06-13 16:18:00,2744,27.0785,27.07,27.1,27.1,27.0699,22
2023-06-13 16:19:00,2735,27.0891,27.09,27.085,27.09,27.085,38
2023-06-13 16:20:00,4467,27.0932,27.1,27.09,27.1,27.09,59
2023-06-13 16:21:00,307,27.1032,27.105,27.105,27.105,27.105,7
2023-06-13 16:22:00,1697,27.1091,27.105,27.115,27.115,27.105,24
2023-06-13 16:23:00,1340,27.1212,27.12,27.13,27.13,27.115,22
2023-06-13 16:24:00,2791,27.1341,27.14,27.13,27.14,27.13,51
2023-06-13 16:25:00,4641,27.1025,27.13,27.09,27.13,27.085,70
2023-06-13 16:26:00,1626,27.0892,27.085,27.09,27.09,27.085,16
2023-06-13 16:27:00,624,27.0915,27.095,27.085,27.095,27.085,12
2023-06-13 16:28:00,670,27.0944,27.09,27.085,27.09,27.085,10
2023-06-13 16:29:00,1914,27.0895,27.09,27.085,27.09,27.085,29
2023-06-13 16:30:00,15609,27.0834,27.08,27.1,27.1,27.08,149
2023-06-13 16:31:00,1008,27.1115,27.11,27.115,27.115,27.11,15
2023-06-13 16:32:00,2063,27.1085,27.11,27.11,27.11,27.11,37
2023-06-13 16:33:00,148,27.1116,27.11,27.11,27.11,27.11,4
2023-06-13 16:34:00,340,27.1044,27.115,27.115,27.115,27.115,7
2023-06-13 16:35:00,2738,27.1209,27.12,27.125,27.125,27.12,16
2023-06-13 16:36:00,6599,27.1249,27.13,27.12,27.135,27.115,84
2023-06-13 16:37:00,585,27.1174,27.12,27.115,27.12,27.115,17
2023-06-13 16:38:00,1788,27.1211,27.12,27.13,27.13,27.12,34
2023-06-13 16:39:00,4293,27.0998,27.12,27.09,27.12,27.09,56
2023-06-13 16:40:00,3026,27.0868,27.09,27.08,27.095,27.08,35
2023-06-13 16:41:00,743,27.0811,27.08,27.08,27.08,27.08,18
2023-06-13 16:42:00,731,27.0881,27.089,27.085,27.089,27.085,9
2023-06-13 16:43:00,941,27.0803,27.08,27.08,27.08,27.08,15
2023-06-13 16:44:00,3678,27.0663,27.07,27.06,27.07,27.06,46
2023-06-13 16:45:00,5954,27.0623,27.05,27.065,27.07,27.05,68
2023-06-13 16:46:00,2906,27.0601,27.06,27.06,27.065,27.055,40
2023-06-13 16:47:00,1158,27.0691,27.07,27.07,27.075,27.06,19
2023-06-13 16:48:00,1576,27.0687,27.065,27.065,27.07,27.065,47
2023-06-13 16:49:00,214,27.0687,27.07,27.07,27.07,27.07,3
2023-06-13 16:50:00,4527,27.0813,27.07,27.08,27.09,27.07,62
2023-06-13 16:51:00,492,27.0898,27.095,27.095,27.095,27.095,19
2023-06-13 16:52:00,1289,27.0991,27.1,27.095,27.105,27.095,23
2023-06-13 16:53:00,2856,27.0894,27.09,27.09,27.095,27.08,32
2023-06-13 16:54:00,1005,27.0888,27.09,27.095,27.095,27.09,11
2023-06-13 16:55:00,1157,27.0984,27.095,27.0988,27.0988,27.095,9
2023-06-13 16:56:00,600,27.1057,27.11,27.11,27.11,27.105,7
2023-06-13 16:57:00,752,27.1069,27.11,27.11,27.11,27.105,14
2023-06-13 16:58:00,3339,27.0949,27.11,27.095,27.11,27.09,40
2023-06-13 16:59:00,2949,27.0834,27.09,27.08,27.09,27.075,43
2023-06-13 17:00:00,3584,27.0855,27.075,27.09,27.095,27.075,49
2023-06-13 17:01:00,512,27.0861,27.085,27.085,27.085,27.085,6
2023-06-13 17:02:00,400,27.0883,27.09,27.085,27.09,27.085,3
2023-06-13 17:03:00,2902,27.0898,27.09,27.085,27.09,27.085,3
2023-06-13 17:04:00,203,27.085,27.085,27.085,27.085,27.085,4
2023-06-13 17:05:00,2709,27.0894,27.085,27.085,27.09,27.085,37
2023-06-13 17:06:00,1377,27.0914,27.09,27.095,27.095,27.09,17
2023-06-13 17:07:00,302,27.0932,27.095,27.095,27.095,27.095,4
2023-06-13 17:08:00,2461,27.0895,27.09,27.09,27.09,27.085,41
2023-06-13 17:09:00,4618,27.0749,27.085,27.075,27.085,27.065,69
2023-06-13 17:10:00,689,27.075,27.08,27.07,27.08,27.07,14
2023-06-13 17:11:00,502,27.0689,27.065,27.065,27.07,27.065,7
2023-06-13 17:12:00,3130,27.054,27.06,27.055,27.06,27.05,47
2023-06-13 17:13:00,1663,27.0599,27.055,27.065,27.065,27.055,21
2023-06-13 17:14:00,312,27.057,27.055,27.055,27.055,27.055,5
2023-06-13 17:15:00,149,27.0558,27.055,27.055,27.055,27.055,5
2023-06-13 17:16:00,1485,27.059,27.06,27.055,27.06,27.055,35
2023-06-13 17:17:00,1591,27.0616,27.06,27.07,27.07,27.06,22
2023-06-13 17:18:00,2091,27.0615,27.065,27.065,27.065,27.06,41
2023-06-13 17:19:00,5873,27.0637,27.06,27.065,27.065,27.06,15
2023-06-13 17:20:00,2382,27.0694,27.065,27.075,27.075,27.065,44
2023-06-13 17:21:00,2478,27.0792,27.08,27.075,27.08,27.075,38
2023-06-13 17:23:00,1451,27.0784,27.075,27.075,27.08,27.075,11
2023-06-13 17:24:00,1912,27.0797,27.07,27.08,27.08,27.07,36
2023-06-13 17:25:00,9004,27.0741,27.09,27.07,27.09,27.06,101
2023-06-13 17:26:00,1914,27.086,27.08,27.1,27.1,27.075,32
2023-06-13 17:27:00,1029,27.0984,27.1,27.105,27.105,27.1,21
2023-06-13 17:28:00,1300,27.1134,27.11,27.125,27.125,27.11,25
2023-06-13 17:29:00,1482,27.1219,27.12,27.13,27.13,27.12,28
2023-06-13 17:30:00,1394,27.094,27.125,27.12,27.125,27.12,11
2023-06-13 17:31:00,2413,27.1099,27.115,27.105,27.115,27.105,40
2023-06-13 17:32:00,1195,27.1104,27.11,27.115,27.115,27.11,20
2023-06-13 17:33:00,1997,27.1108,27.11,27.11,27.115,27.11,33
2023-06-13 17:34:00,518,27.1069,27.11,27.105,27.11,27.1,9
2023-06-13 17:35:00,3722,27.1,27.105,27.09,27.105,27.09,37
2023-06-13 17:36:00,3588,27.0903,27.09,27.085,27.095,27.08,49
2023-06-13 17:37:00,2994,27.0971,27.09,27.1,27.105,27.09,53
2023-06-13 17:38:00,1860,27.0936,27.1,27.09,27.1,27.09,27
2023-06-13 17:39:00,1002,27.0848,27.085,27.085,27.09,27.0802,16
2023-06-13 17:40:00,1439,27.0906,27.09,27.095,27.095,27.09,21
2023-06-13 17:41:00,4124,27.1044,27.09,27.115,27.115,27.09,50
2023-06-13 17:42:00,482,27.1145,27.12,27.111,27.12,27.111,9
2023-06-13 17:43:00,421,27.1145,27.115,27.115,27.115,27.11,12
2023-06-13 17:44:00,1929,27.1151,27.12,27.123,27.125,27.12,36
2023-06-13 17:45:00,707,27.1278,27.13,27.125,27.13,27.125,16
2023-06-13 17:46:00,2384,27.1306,27.125,27.135,27.14,27.125,38
2023-06-13 17:47:00,6290,27.1254,27.13,27.115,27.13,27.115,62
2023-06-13 17:48:00,1609,27.122,27.12,27.125,27.125,27.12,26
2023-06-13 17:49:00,2766,27.1326,27.13,27.14,27.145,27.13,37
2023-06-13 17:50:00,4457,27.14,27.14,27.145,27.145,27.135,65
2023-06-13 17:51:00,1107,27.1406,27.145,27.14,27.145,27.14,25
2023-06-13 17:52:00,4650,27.1235,27.13,27.125,27.13,27.115,56
2023-06-13 17:53:00,100,27.125,27.125,27.125,27.125,27.125,1
2023-06-13 17:54:00,4432,27.1251,27.1262,27.12,27.13,27.12,25
2023-06-13 17:55:00,1997,27.1206,27.12,27.115,27.125,27.115,40
2023-06-13 17:56:00,2955,27.1093,27.11,27.105,27.11,27.1,51
2023-06-13 17:57:00,6944,27.1104,27.11,27.11,27.12,27.105,78
2023-06-13 17:58:00,1449,27.1149,27.105,27.12,27.12,27.105,27
2023-06-13 17:59:00,330,27.1247,27.125,27.125,27.125,27.125,8
2023-06-13 18:00:00,1641,27.119,27.12,27.115,27.12,27.115,24
2023-06-13 18:01:00,1567,27.1187,27.12,27.125,27.125,27.12,28
2023-06-13 18:02:00,2921,27.1253,27.12,27.13,27.13,27.115,69
2023-06-13 18:03:00,378,27.1318,27.135,27.135,27.135,27.135,15
2023-06-13 18:04:00,3838,27.1297,27.13,27.125,27.135,27.125,66
2023-06-13 18:05:00,926,27.1292,27.13,27.13,27.13,27.13,22
2023-06-13 18:06:00,1612,27.1288,27.13,27.125,27.13,27.125,25
2023-06-13 18:07:00,4490,27.1165,27.12,27.11,27.12,27.11,59
2023-06-13 18:08:00,498,27.1092,27.11,27.105,27.11,27.105,20
2023-06-13 18:10:00,3505,27.0917,27.1,27.085,27.1,27.08,59
2023-06-13 18:11:00,3874,27.0896,27.09,27.085,27.0901,27.085,42
2023-06-13 18:12:00,3308,27.0915,27.08,27.08,27.08,27.07,60
2023-06-13 18:13:00,316,27.0784,27.075,27.075,27.075,27.075,15
2023-06-13 18:14:00,1842,27.0796,27.075,27.08,27.08,27.075,30
2023-06-13 18:15:00,2653,27.0803,27.08,27.08,27.08,27.08,24
2023-06-13 18:16:00,2601,27.0663,27.07,27.06,27.07,27.06,45
2023-06-13 18:17:00,448,27.0584,27.06,27.06,27.06,27.06,8
2023-06-13 18:18:00,2400,27.06,27.05,27.06,27.06,27.05,39
2023-06-13 18:19:00,3345,27.0709,27.07,27.075,27.075,27.07,36
2023-06-13 18:20:00,3973,27.0927,27.08,27.105,27.11,27.08,65
2023-06-13 18:21:00,10138,27.1011,27.105,27.1,27.11,27.09,83
2023-06-13 18:22:00,2708,27.0975,27.1,27.11,27.11,27.1,29
2023-06-13 18:23:00,660,27.1226,27.12,27.13,27.13,27.12,20
2023-06-13 18:24:00,2061,27.1308,27.13,27.14,27.14,27.13,29
2023-06-13 18:25:00,2256,27.1396,27.14,27.135,27.14,27.135,47
2023-06-13 18:26:00,4439,27.13,27.13,27.13,27.135,27.13,75
2023-06-13 18:27:00,3958,27.1226,27.135,27.11,27.135,27.11,42
2023-06-13 18:28:00,1487,27.1058,27.11,27.1,27.11,27.1,67
2023-06-13 18:29:00,5926,27.0758,27.09,27.08,27.09,27.07,89
2023-06-13 18:30:00,1090,27.0751,27.08,27.07,27.08,27.07,25
2023-06-13 18:31:00,3150,27.0754,27.07,27.065,27.08,27.065,59
2023-06-13 18:32:00,1467,27.0685,27.07,27.07,27.07,27.06,35
2023-06-13 18:33:00,1850,27.0587,27.06,27.0543,27.06,27.0543,29
2023-06-13 18:34:00,9681,27.0466,27.05,27.055,27.055,27.03,135
2023-06-13 18:35:00,3216,27.0508,27.055,27.045,27.055,27.045,42
2023-06-13 18:36:00,1704,27.0619,27.045,27.05,27.05,27.045,23
2023-06-13 18:37:00,2048,27.04,27.05,27.035,27.05,27.035,21
2023-06-13 18:38:00,714,27.0378,27.035,27.04,27.04,27.035,12
2023-06-13 18:39:00,3601,27.0493,27.04,27.07,27.07,27.04,58
2023-06-13 18:40:00,1531,27.0684,27.07,27.065,27.07,27.065,33
2023-06-13 18:41:00,5979,27.0598,27.06,27.05,27.065,27.05,69
2023-06-13 18:42:00,1534,27.0367,27.04,27.035,27.04,27.035,34
2023-06-13 18:43:00,2737,27.0291,27.03,27.025,27.03,27.025,54
2023-06-13 18:44:00,210,27.0372,27.025,27.025,27.025,27.025,5
2023-06-13 18:45:00,5361,27.02,27.02,27.02,27.02,27.015,40
2023-06-13 18:46:00,2729,27.0393,27.025,27.065,27.065,27.025,66
2023-06-13 18:47:00,1185,27.0691,27.065,27.07,27.07,27.065,24
2023-06-13 18:48:00,4664,27.0629,27.075,27.075,27.08,27.065,41
2023-06-13 18:49:00,2901,27.0683,27.075,27.065,27.075,27.065,39
2023-06-13 18:50:00,236,27.0664,27.065,27.065,27.065,27.065,8
2023-06-13 18:51:00,2367,27.0716,27.07,27.08,27.08,27.07,36
2023-06-13 18:52:00,3544,27.0811,27.08,27.08,27.085,27.0725,60
2023-06-13 18:53:00,2392,27.0757,27.075,27.075,27.08,27.075,35
2023-06-13 18:54:00,1009,27.0779,27.08,27.08,27.08,27.075,19
2023-06-13 18:55:00,6440,27.0861,27.08,27.095,27.095,27.08,93
2023-06-13 18:56:00,2821,27.1064,27.1,27.11,27.12,27.1,50
2023-06-13 18:57:00,3173,27.1145,27.115,27.115,27.12,27.11,50
2023-06-13 18:58:00,5990,27.1152,27.12,27.115,27.125,27.1125,74
2023-06-13 18:59:00,1724,27.1217,27.12,27.1225,27.125,27.12,47
2023-06-13 19:00:00,5747,27.1312,27.13,27.125,27.135,27.125,78
2023-06-13 19:01:00,2679,27.139,27.13,27.15,27.15,27.13,46
2023-06-13 19:02:00,3188,27.1501,27.15,27.16,27.16,27.145,44
2023-06-13 19:03:00,2510,27.1519,27.15,27.155,27.16,27.15,26
2023-06-13 19:04:00,5146,27.1668,27.16,27.17,27.17,27.16,81
2023-06-13 19:05:00,1981,27.1702,27.165,27.17,27.18,27.165,36
2023-06-13 19:06:00,1416,27.179,27.175,27.18,27.18,27.175,29
2023-06-13 19:07:00,4531,27.1881,27.18,27.19,27.195,27.18,76
2023-06-13 19:08:00,7517,27.1822,27.19,27.185,27.19,27.175,88
2023-06-13 19:09:00,642,27.1857,27.19,27.185,27.19,27.185,16
2023-06-13 19:10:00,3232,27.186,27.185,27.185,27.19,27.185,38
2023-06-13 19:11:00,3859,27.1908,27.185,27.2,27.2,27.185,57
2023-06-13 19:12:00,7734,27.1967,27.205,27.195,27.205,27.19,116
2023-06-13 19:13:00,6475,27.2052,27.195,27.2025,27.21,27.195,75
2023-06-13 19:14:00,2649,27.2021,27.205,27.205,27.205,27.2,43
2023-06-13 19:15:00,3719,27.1995,27.205,27.195,27.205,27.195,44
2023-06-13 19:16:00,3265,27.2024,27.195,27.2,27.21,27.195,37
2023-06-13 19:17:00,10255,27.2012,27.205,27.205,27.2075,27.2,77
2023-06-13 19:18:00,7754,27.1843,27.2,27.165,27.205,27.165,91
2023-06-13 19:19:00,11929,27.1624,27.165,27.145,27.165,27.145,59
2023-06-13 19:20:00,3031,27.1431,27.145,27.13,27.145,27.13,37
2023-06-13 19:21:00,7896,27.1363,27.135,27.145,27.145,27.125,86
2023-06-13 19:22:00,2664,27.1419,27.145,27.14,27.145,27.13,47
2023-06-13 19:23:00,6760,27.1455,27.15,27.135,27.155,27.131,73
2023-06-13 19:24:00,4011,27.1217,27.135,27.11,27.135,27.11,51
2023-06-13 19:25:00,4014,27.1356,27.115,27.135,27.135,27.115,46
2023-06-13 19:26:00,5009,27.1408,27.135,27.155,27.16,27.135,58
2023-06-13 19:27:00,6162,27.1603,27.16,27.145,27.175,27.145,75
2023-06-13 19:28:00,1621,27.1531,27.155,27.155,27.155,27.15,27
2023-06-13 19:29:00,1011,27.1556,27.155,27.16,27.16,27.155,15
2023-06-13 19:30:00,4265,27.1734,27.16,27.185,27.185,27.155,82
2023-06-13 19:31:00,14081,27.1756,27.185,27.185,27.185,27.17,147
2023-06-13 19:32:00,1862,27.1769,27.18,27.175,27.18,27.175,30
2023-06-13 19:33:00,8621,27.168,27.175,27.155,27.175,27.15,111
2023-06-13 19:34:00,3382,27.1496,27.15,27.145,27.155,27.14,53
2023-06-13 19:35:00,10045,27.1449,27.14,27.135,27.15,27.13,109
2023-06-13 19:36:00,3608,27.1388,27.135,27.135,27.14,27.13,61
2023-06-13 19:37:00,9649,27.1282,27.13,27.121,27.135,27.12,112
2023-06-13 19:38:00,1095,27.1295,27.125,27.125,27.125,27.125,23
2023-06-13 19:39:00,5798,27.1313,27.13,27.135,27.135,27.13,106
2023-06-13 19:40:00,6005,27.1439,27.14,27.15,27.16,27.135,123
2023-06-13 19:41:00,5602,27.1451,27.15,27.145,27.15,27.1408,54
2023-06-13 19:42:00,5886,27.1422,27.145,27.14,27.15,27.135,80
2023-06-13 19:43:00,11514,27.1408,27.135,27.14,27.15,27.13,161
2023-06-13 19:44:00,6212,27.1421,27.145,27.135,27.15,27.13,79
2023-06-13 19:45:00,3317,27.137,27.14,27.135,27.14,27.13,51
2023-06-13 19:46:00,7091,27.1438,27.135,27.15,27.15,27.135,105
2023-06-13 19:47:00,19473,27.1282,27.15,27.115,27.15,27.11,187
2023-06-13 19:48:00,11778,27.1079,27.115,27.105,27.12,27.1,142
2023-06-13 19:49:00,11726,27.1218,27.11,27.12,27.12,27.11,81
2023-06-13 19:50:00,40423,27.1298,27.12,27.145,27.15,27.11,384
2023-06-13 19:51:00,23896,27.1282,27.145,27.12,27.145,27.11,241
2023-06-13 19:52:00,6155,27.1128,27.11,27.115,27.12,27.11,65
2023-06-13 19:53:00,15790,27.1114,27.115,27.11,27.12,27.105,134
2023-06-13 19:54:00,18992,27.1244,27.11,27.135,27.14,27.11,188
2023-06-13 19:55:00,18288,27.1322,27.13,27.135,27.14,27.125,175
2023-06-13 19:56:00,14671,27.128,27.135,27.125,27.135,27.12,132
2023-06-13 19:57:00,10829,27.1243,27.125,27.12,27.13,27.12,146
2023-06-13 19:58:00,64975,27.1106,27.125,27.115,27.125,27.09,416
2023-06-13 19:59:00,61887,27.1317,27.115,27.12,27.15,27.11,446
2023-06-13 20:00:00,1608,27.12,27.12,27.12,27.12,27.12,8
2023-06-14 13:30:00,11691,27.2496,27.26,27.235,27.3322,27.185,43
2023-06-14 13:31:00,2544,27.2467,27.25,27.2,27.28,27.2,33
2023-06-14 13:32:00,2894,27.2462,27.22,27.23,27.26,27.22,40
2023-06-14 13:33:00,7808,27.2335,27.235,27.3,27.3,27.2,76
2023-06-14 13:34:00,4299,27.3251,27.33,27.35,27.35,27.31,31
2023-06-14 13:35:00,4553,27.3742,27.38,27.38,27.4,27.35,82
2023-06-14 13:36:00,5702,27.3849,27.38,27.38,27.4,27.35,98
2023-06-14 13:37:00,5269,27.3975,27.37,27.43,27.44,27.37,73
2023-06-14 13:38:00,3972,27.4395,27.439,27.425,27.45,27.425,48
2023-06-14 13:39:00,8608,27.3801,27.4375,27.36,27.44,27.35,151
2023-06-14 13:40:00,11356,27.3247,27.36,27.315,27.37,27.28,156
2023-06-14 13:41:00,7902,27.3072,27.32,27.295,27.345,27.27,101
2023-06-14 13:42:00,6978,27.3152,27.29,27.34,27.36,27.26,74
2023-06-14 13:43:00,4780,27.3368,27.34,27.37,27.38,27.31,60
2023-06-14 13:44:00,7485,27.2899,27.33,27.31,27.33,27.27,86
2023-06-14 13:45:00,7899,27.331,27.31,27.345,27.35,27.31,76
2023-06-14 13:46:00,9332,27.3587,27.34,27.35,27.37,27.34,114
2023-06-14 13:47:00,4496,27.3343,27.36,27.31,27.36,27.31,57
2023-06-14 13:48:00,11179,27.2909,27.3,27.275,27.33,27.27,123
2023-06-14 13:49:00,5361,27.2649,27.27,27.25,27.27,27.245,66
2023-06-14 13:50:00,3593,27.2613,27.275,27.23,27.28,27.23,56
2023-06-14 13:51:00,9490,27.243,27.23,27.28,27.28,27.21,101
2023-06-14 13:52:00,4797,27.2437,27.28,27.205,27.3,27.205,63
2023-06-14 13:53:00,10577,27.1854,27.2,27.2,27.205,27.17,113
2023-06-14 13:54:00,5044,27.2347,27.2,27.24,27.265,27.2,60
2023-06-14 13:55:00,6730,27.2217,27.24,27.21,27.24,27.195,51
2023-06-14 13:56:00,2337,27.2251,27.215,27.24,27.24,27.215,45
2023-06-14 13:57:00,2101,27.2193,27.23,27.21,27.23,27.205,32
2023-06-14 13:58:00,4337,27.2244,27.205,27.27,27.27,27.18,50
2023-06-14 13:59:00,1100,27.2624,27.265,27.25,27.265,27.25,20
2023-06-14 14:00:00,12859,27.2435,27.245,27.25,27.25,27.23,98
2023-06-14 14:01:00,5108,27.2638,27.245,27.245,27.28,27.245,63
2023-06-14 14:02:00,1438,27.2567,27.25,27.26,27.26,27.25,31
2023-06-14 14:03:00,2862,27.2533,27.255,27.255,27.26,27.245,46
2023-06-14 14:04:00,2368,27.2432,27.25,27.2425,27.25,27.235,30
2023-06-14 14:05:00,5634,27.2452,27.24,27.25,27.255,27.235,81
2023-06-14 14:06:00,7100,27.2355,27.25,27.245,27.25,27.23,92
2023-06-14 14:07:00,6712,27.2477,27.26,27.2599,27.26,27.24,78
2023-06-14 14:08:00,2359,27.2604,27.255,27.26,27.265,27.255,37
2023-06-14 14:09:00,3666,27.2821,27.27,27.3,27.305,27.27,56
2023-06-14 14:10:00,6400,27.2833,27.31,27.28,27.315,27.27,74
2023-06-14 14:11:00,3727,27.2696,27.275,27.265,27.275,27.26,46
2023-06-14 14:12:00,12521,27.2741,27.265,27.3,27.3,27.265,137
2023-06-14 14:13:00,9050,27.288,27.3,27.28,27.305,27.275,81
2023-06-14 14:14:00,5001,27.2755,27.275,27.28,27.28,27.275,51
2023-06-14 14:15:00,7951,27.2819,27.29,27.28,27.295,27.27,64
2023-06-14 14:16:00,2233,27.2844,27.29,27.275,27.29,27.275,25
2023-06-14 14:17:00,10529,27.2674,27.27,27.265,27.275,27.26,105
2023-06-14 14:18:00,8787,27.2651,27.265,27.26,27.275,27.255,100
2023-06-14 14:19:00,16088,27.2446,27.255,27.235,27.265,27.225,144
2023-06-14 14:20:00,15733,27.2199,27.235,27.215,27.235,27.205,103
2023-06-14 14:21:00,14103,27.2227,27.22,27.215,27.235,27.215,139
2023-06-14 14:22:00,10155,27.2102,27.215,27.22,27.23,27.2,129
2023-06-14 14:23:00,12408,27.2302,27.23,27.235,27.245,27.22,129
2023-06-14 14:24:00,11747,27.2455,27.23,27.29,27.29,27.23,105
2023-06-14 14:25:00,17980,27.2738,27.29,27.27,27.295,27.255,135
2023-06-14 14:26:00,6303,27.2623,27.27,27.275,27.28,27.255,79
2023-06-14 14:27:00,6395,27.2663,27.275,27.255,27.275,27.255,58
2023-06-14 14:28:00,10406,27.2488,27.255,27.26,27.26,27.235,111
2023-06-14 14:29:00,11336,27.255,27.26,27.24,27.265,27.24,98
2023-06-14 14:30:00,23288,27.2439,27.24,27.255,27.255,27.225,228
2023-06-14 14:31:00,7550,27.2722,27.265,27.28,27.28,27.265,82
2023-06-14 14:32:00,7468,27.2844,27.29,27.28,27.295,27.27,86
2023-06-14 14:33:00,2268,27.2794,27.27,27.29,27.29,27.27,37
2023-06-14 14:34:00,4281,27.285,27.295,27.275,27.3,27.27,55
2023-06-14 14:35:00,9957,27.2771,27.275,27.275,27.29,27.27,96
2023-06-14 14:36:00,15685,27.2679,27.275,27.26,27.275,27.26,156
2023-06-14 14:37:00,8864,27.2646,27.26,27.285,27.285,27.25,111
2023-06-14 14:38:00,6565,27.2816,27.28,27.275,27.29,27.275,75
2023-06-14 14:39:00,1510,27.277,27.285,27.275,27.285,27.27,32
2023-06-14 14:40:00,3580,27.2807,27.27,27.28,27.29,27.27,71
2023-06-14 14:41:00,8558,27.2567,27.28,27.26,27.28,27.25,100
2023-06-14 14:42:00,6312,27.2609,27.265,27.265,27.265,27.255,59
2023-06-14 14:43:00,39435,27.2394,27.26,27.215,27.265,27.21,347
2023-06-14 14:44:00,5737,27.2154,27.21,27.205,27.23,27.205,67
2023-06-14 14:45:00,8436,27.2238,27.21,27.235,27.235,27.21,94
2023-06-14 14:46:00,5343,27.2324,27.22,27.245,27.25,27.22,75
2023-06-14 14:47:00,3301,27.2572,27.245,27.28,27.28,27.245,43
2023-06-14 14:48:00,4125,27.2776,27.285,27.28,27.29,27.275,54
2023-06-14 14:49:00,5867,27.2571,27.27,27.26,27.27,27.25,68
2023-06-14 14:50:00,7186,27.2517,27.255,27.255,27.255,27.25,78
2023-06-14 14:51:00,9533,27.251,27.255,27.25,27.26,27.245,80
2023-06-14 14:52:00,6714,27.2585,27.25,27.26,27.265,27.25,85
2023-06-14 14:53:00,2591,27.2541,27.255,27.255,27.255,27.25,31
2023-06-14 14:54:00,3308,27.2509,27.255,27.245,27.255,27.245,41
2023-06-14 14:55:00,11450,27.246,27.24,27.245,27.255,27.235,97
2023-06-14 14:56:00,7944,27.2593,27.24,27.265,27.265,27.24,57
2023-06-14 14:57:00,3156,27.2577,27.26,27.26,27.265,27.25,55
2023-06-14 14:58:00,3063,27.2538,27.26,27.26,27.26,27.245,52
2023-06-14 14:59:00,1637,27.2692,27.26,27.27,27.28,27.26,40
2023-06-14 15:00:00,2742,27.2617,27.27,27.26,27.27,27.255,43
2023-06-14 15:01:00,3488,27.2678,27.26,27.27,27.27,27.26,58
2023-06-14 15:02:00,3106,27.2823,27.27,27.285,27.29,27.27,53
2023-06-14 15:03:00,1070,27.2789,27.28,27.28,27.28,27.27,18
2023-06-14 15:04:00,2672,27.2663,27.275,27.26,27.275,27.26,30
2023-06-14 15:05:00,5976,27.2555,27.255,27.26,27.27,27.25,65
2023-06-14 15:06:00,4853,27.2544,27.26,27.25,27.26,27.25,47
2023-06-14 15:07:00,3886,27.2507,27.255,27.245,27.255,27.24,47
2023-06-14 15:08:00,6036,27.2273,27.235,27.23,27.235,27.22,95
2023-06-14 15:09:00,7286,27.2236,27.225,27.225,27.23,27.22,88
2023-06-14 15:10:00,7925,27.2154,27.22,27.21,27.225,27.205,98
2023-06-14 15:11:00,9956,27.2279,27.22,27.23,27.235,27.22,123
2023-06-14 15:12:00,5338,27.2316,27.23,27.23,27.235,27.225,63
2023-06-14 15:13:00,13144,27.2225,27.225,27.23,27.23,27.215,119
2023-06-14 15:14:00,12534,27.2271,27.22,27.23,27.235,27.215,108
2023-06-14 15:15:00,8231,27.2297,27.235,27.225,27.245,27.215,94
2023-06-14 15:16:00,1138,27.2283,27.22,27.235,27.235,27.22,18
2023-06-14 15:17:00,3397,27.2305,27.235,27.23,27.235,27.225,40
2023-06-14 15:18:00,1873,27.23,27.23,27.23,27.235,27.225,26
2023-06-14 15:19:00,7587,27.2252,27.24,27.225,27.24,27.22,61
2023-06-14 15:20:00,3277,27.2375,27.225,27.24,27.245,27.225,47
2023-06-14 15:21:00,1293,27.2396,27.24,27.24,27.24,27.24,14
2023-06-14 15:22:00,5750,27.2235,27.23,27.23,27.235,27.215,71
2023-06-14 15:23:00,2242,27.2284,27.23,27.225,27.235,27.225,31
2023-06-14 15:24:00,2968,27.2281,27.225,27.23,27.23,27.22,47
2023-06-14 15:25:00,1480,27.2461,27.24,27.265,27.265,27.24,24
2023-06-14 15:26:00,2131,27.26,27.26,27.26,27.26,27.26,19
2023-06-14 15:27:00,4185,27.2374,27.25,27.23,27.25,27.23,68
2023-06-14 15:28:00,3805,27.2303,27.24,27.23,27.24,27.23,50
2023-06-14 15:30:00,1932,27.2386,27.235,27.235,27.2425,27.235,38
2023-06-14 15:31:00,3095,27.2304,27.23,27.235,27.235,27.23,38
2023-06-14 15:32:00,505,27.232,27.235,27.23,27.235,27.23,10
2023-06-14 15:33:00,337,27.2303,27.23,27.23,27.23,27.23,5
2023-06-14 15:34:00,4109,27.2452,27.235,27.25,27.255,27.235,49
2023-06-14 15:35:00,968,27.2507,27.25,27.26,27.26,27.245,22
2023-06-14 15:36:00,4326,27.2573,27.255,27.25,27.265,27.25,55
2023-06-14 15:37:00,2298,27.2457,27.25,27.235,27.255,27.235,27
2023-06-14 15:38:00,519,27.2371,27.235,27.235,27.24,27.235,10
2023-06-14 15:39:00,2663,27.2445,27.24,27.245,27.25,27.24,33
2023-06-14 15:40:00,993,27.2398,27.24,27.235,27.24,27.235,25
2023-06-14 15:41:00,2362,27.2407,27.24,27.24,27.245,27.24,41
2023-06-14 15:42:00,956,27.2542,27.25,27.26,27.26,27.25,30
2023-06-14 15:43:00,2319,27.2613,27.26,27.27,27.27,27.26,34
2023-06-14 15:44:00,1472,27.2595,27.26,27.255,27.26,27.255,21
2023-06-14 15:45:00,1743,27.2602,27.255,27.265,27.265,27.255,26
2023-06-14 15:46:00,1002,27.2697,27.27,27.27,27.27,27.27,16
2023-06-14 15:47:00,1944,27.2672,27.27,27.2602,27.27,27.2601,25
2023-06-14 15:48:00,2860,27.2631,27.26,27.27,27.27,27.255,41
2023-06-14 15:49:00,105,27.2649,27.265,27.265,27.265,27.265,2
2023-06-14 15:50:00,3541,27.2542,27.265,27.245,27.265,27.245,45
2023-06-14 15:51:00,1205,27.2389,27.24,27.235,27.24,27.235,22
2023-06-14 15:52:00,6391,27.2364,27.24,27.24,27.24,27.23,85
2023-06-14 15:53:00,775,27.2511,27.25,27.255,27.255,27.25,21
2023-06-14 15:54:00,659,27.2482,27.25,27.245,27.25,27.245,13
2023-06-14 15:55:00,2692,27.2396,27.24,27.24,27.24,27.235,41
2023-06-14 15:56:00,3015,27.235,27.25,27.225,27.25,27.225,31
2023-06-14 15:57:00,8833,27.2226,27.22,27.22,27.23,27.215,117
2023-06-14 15:58:00,884,27.2256,27.225,27.23,27.23,27.225,13
2023-06-14 15:59:00,3297,27.2292,27.23,27.23,27.23,27.225,49
2023-06-14 16:00:00,702,27.2279,27.23,27.225,27.23,27.225,10
2023-06-14 16:01:00,702,27.2268,27.225,27.23,27.23,27.225,16
2023-06-14 16:02:00,723,27.2262,27.225,27.225,27.23,27.225,10
2023-06-14 16:03:00,4019,27.2185,27.225,27.21,27.23,27.21,45
2023-06-14 16:04:00,7776,27.2018,27.205,27.205,27.205,27.2,72
2023-06-14 16:05:00,8646,27.2022,27.21,27.2,27.21,27.19,88
2023-06-14 16:06:00,3276,27.1958,27.195,27.195,27.2,27.19,36
2023-06-14 16:07:00,11194,27.19,27.195,27.185,27.195,27.18,105
2023-06-14 16:08:00,6922,27.1504,27.175,27.115,27.18,27.115,59
2023-06-14 16:09:00,1858,27.1124,27.11,27.105,27.11,27.1,31
2023-06-14 16:10:00,2708,27.1003,27.105,27.1,27.105,27.1,63
2023-06-14 16:11:00,3064,27.1117,27.1,27.13,27.13,27.1,57
2023-06-14 16:12:00,1661,27.1375,27.135,27.145,27.145,27.13,29
2023-06-14 16:13:00,1391,27.1335,27.135,27.13,27.14,27.13,13
2023-06-14 16:14:00,1614,27.1213,27.125,27.115,27.125,27.115,36
2023-06-14 16:15:00,3062,27.12,27.115,27.12,27.125,27.115,41
2023-06-14 16:16:00,2085,27.1262,27.12,27.125,27.13,27.12,22
2023-06-14 16:17:00,5825,27.1292,27.125,27.145,27.145,27.12,91
2023-06-14 16:18:00,2760,27.16,27.145,27.17,27.175,27.145,40
2023-06-14 16:19:00,601,27.1767,27.175,27.18,27.18,27.175,7
2023-06-14 16:20:00,596,27.1769,27.175,27.1779,27.1779,27.175,4
2023-06-14 16:21:00,2517,27.182,27.175,27.185,27.185,27.175,46
2023-06-14 16:22:00,4794,27.1754,27.185,27.15,27.185,27.15,52
2023-06-14 16:23:00,2167,27.1416,27.145,27.145,27.145,27.135,37
2023-06-14 16:24:00,804,27.1438,27.14,27.145,27.145,27.14,14
2023-06-14 16:25:00,911,27.1344,27.135,27.135,27.135,27.13,12
2023-06-14 16:26:00,729,27.1354,27.135,27.13,27.135,27.13,13
2023-06-14 16:27:00,3633,27.1266,27.13,27.135,27.135,27.12,47
2023-06-14 16:28:00,2070,27.1375,27.135,27.15,27.15,27.135,36
2023-06-14 16:29:00,979,27.1523,27.15,27.155,27.155,27.15,15
2023-06-14 16:30:00,504,27.156,27.155,27.16,27.16,27.155,8
2023-06-14 16:31:00,2189,27.1525,27.155,27.15,27.159,27.15,23
2023-06-14 16:32:00,2011,27.1535,27.15,27.16,27.16,27.15,32
2023-06-14 16:33:00,959,27.1562,27.155,27.16,27.16,27.155,5
2023-06-14 16:34:00,2620,27.1476,27.155,27.14,27.155,27.14,40
2023-06-14 16:35:00,1289,27.1431,27.14,27.145,27.15,27.14,27
2023-06-14 16:36:00,1554,27.1405,27.145,27.135,27.145,27.135,12
2023-06-14 16:38:00,573,27.1344,27.135,27.14,27.14,27.13,11
2023-06-14 16:39:00,2772,27.1448,27.14,27.155,27.155,27.14,42
2023-06-14 16:40:00,2061,27.1634,27.155,27.17,27.17,27.155,18
2023-06-14 16:41:00,642,27.1649,27.165,27.165,27.165,27.165,7
2023-06-14 16:42:00,720,27.1655,27.165,27.17,27.17,27.165,9
2023-06-14 16:43:00,250,27.1654,27.165,27.165,27.165,27.165,5
2023-06-14 16:44:00,6292,27.1597,27.16,27.155,27.165,27.155,76
2023-06-14 16:45:00,345,27.1588,27.158,27.16,27.16,27.158,6
2023-06-14 16:46:00,2150,27.1688,27.16,27.185,27.185,27.16,35
2023-06-14 16:47:00,1961,27.181,27.185,27.185,27.185,27.175,29
2023-06-14 16:48:00,862,27.1821,27.185,27.175,27.185,27.175,15
2023-06-14 16:49:00,2181,27.1665,27.175,27.155,27.175,27.155,30
2023-06-14 16:50:00,1385,27.151,27.155,27.15,27.155,27.15,26
2023-06-14 16:51:00,150,27.156,27.155,27.155,27.155,27.155,4
2023-06-14 16:52:00,2953,27.1598,27.16,27.155,27.165,27.155,26
2023-06-14 16:54:00,1480,27.161,27.16,27.165,27.165,27.155,32
2023-06-14 16:55:00,2412,27.156,27.16,27.16,27.16,27.15,34
2023-06-14 16:56:00,100,27.15,27.15,27.15,27.15,27.15,1
2023-06-14 16:57:00,1564,27.1515,27.155,27.15,27.16,27.15,24
2023-06-14 16:58:00,4499,27.154,27.15,27.15,27.165,27.15,80
2023-06-14 16:59:00,1222,27.1511,27.15,27.165,27.165,27.145,22
2023-06-14 17:00:00,449,27.1545,27.155,27.15,27.155,27.15,11
2023-06-14 17:01:00,1605,27.1494,27.15,27.145,27.15,27.145,19
2023-06-14 17:02:00,6070,27.1448,27.145,27.16,27.16,27.14,74
2023-06-14 17:03:00,231,27.155,27.155,27.155,27.155,27.155,5
2023-06-14 17:05:00,8436,27.1488,27.15,27.16,27.16,27.14,102
2023-06-14 17:06:00,1317,27.1673,27.165,27.165,27.165,27.165,30
2023-06-14 17:07:00,1187,27.1807,27.18,27.18,27.18,27.18,17
2023-06-14 17:08:00,1474,27.1911,27.19,27.195,27.2,27.19,72
2023-06-14 17:09:00,2573,27.1888,27.19,27.185,27.19,27.185,23
2023-06-14 17:10:00,202,27.1875,27.19,27.185,27.19,27.185,3
2023-06-14 17:11:00,4944,27.1802,27.185,27.18,27.19,27.175,66
2023-06-14 17:12:00,4315,27.1667,27.17,27.17,27.17,27.165,45
2023-06-14 17:13:00,1099,27.1629,27.17,27.16,27.17,27.155,18
2023-06-14 17:14:00,777,27.1567,27.16,27.155,27.16,27.155,31
2023-06-14 17:15:00,2545,27.1575,27.155,27.16,27.16,27.15,31
2023-06-14 17:16:00,17743,27.1662,27.17,27.175,27.18,27.16,180
2023-06-14 17:17:00,13458,27.1734,27.17,27.18,27.18,27.17,128
2023-06-14 17:18:00,27753,27.1716,27.175,27.175,27.18,27.16,210
2023-06-14 17:19:00,10103,27.1719,27.175,27.17,27.175,27.165,58
2023-06-14 17:20:00,15445,27.1626,27.165,27.16,27.17,27.155,110
2023-06-14 17:21:00,6210,27.1489,27.15,27.15,27.155,27.145,81
2023-06-14 17:22:00,406,27.15,27.15,27.15,27.15,27.15,4
2023-06-14 17:23:00,10430,27.149,27.15,27.15,27.155,27.14,111
2023-06-14 17:24:00,621,27.1608,27.16,27.16,27.16,27.16,12
2023-06-14 17:25:00,15844,27.1487,27.15,27.12,27.16,27.12,139
2023-06-14 17:26:00,4552,27.1292,27.125,27.135,27.135,27.125,61
2023-06-14 17:27:00,2691,27.1422,27.14,27.15,27.15,27.14,51
2023-06-14 17:28:00,2299,27.144,27.145,27.145,27.15,27.14,25
2023-06-14 17:29:00,3764,27.1527,27.14,27.165,27.165,27.14,67
2023-06-14 17:30:00,3861,27.1545,27.16,27.15,27.16,27.15,69
2023-06-14 17:31:00,1957,27.1416,27.14,27.145,27.145,27.14,25
2023-06-14 17:32:00,6456,27.1448,27.15,27.145,27.155,27.14,76
2023-06-14 17:33:00,1529,27.1493,27.145,27.15,27.15,27.145,23
2023-06-14 17:34:00,1216,27.1498,27.15,27.155,27.155,27.15,18
2023-06-14 17:35:00,3176,27.1502,27.15,27.15,27.155,27.15,43
2023-06-14 17:36:00,3465,27.15,27.15,27.15,27.15,27.15,53
2023-06-14 17:37:00,1849,27.1426,27.15,27.14,27.15,27.14,19
2023-06-14 17:38:00,3481,27.1453,27.145,27.145,27.15,27.14,39
2023-06-14 17:39:00,2394,27.1501,27.15,27.15,27.15,27.15,29
2023-06-14 17:40:00,621,27.1521,27.155,27.155,27.155,27.155,15
2023-06-14 17:41:00,264,27.1549,27.16,27.15,27.16,27.15,12
2023-06-14 17:42:00,10912,27.158,27.16,27.155,27.165,27.15,103
2023-06-14 17:43:00,3170,27.1592,27.15,27.155,27.165,27.15,40
2023-06-14 17:44:00,7608,27.1499,27.15,27.15,27.15,27.145,65
2023-06-14 17:45:00,1714,27.1522,27.15,27.15,27.155,27.15,46
2023-06-14 17:47:00,459,27.1526,27.15,27.155,27.155,27.15,17
2023-06-14 17:48:00,528,27.1571,27.155,27.16,27.16,27.155,21
2023-06-14 17:49:00,3005,27.1604,27.16,27.17,27.17,27.16,52
2023-06-14 17:50:00,2735,27.1601,27.165,27.155,27.165,27.155,48
2023-06-14 17:51:00,127,27.1507,27.15,27.15,27.15,27.15,8
2023-06-14 17:52:00,4280,27.1602,27.155,27.16,27.165,27.155,71
2023-06-14 17:54:00,8884,27.146,27.15,27.145,27.15,27.14,48
2023-06-14 17:55:00,1170,27.1458,27.145,27.145,27.145,27.145,31
2023-06-14 17:56:00,3449,27.1504,27.145,27.16,27.16,27.145,62
2023-06-14 17:57:00,1554,27.1487,27.15,27.15,27.15,27.145,24
2023-06-14 17:58:00,8703,27.1125,27.14,27.105,27.14,27.095,82
2023-06-14 17:59:00,3136,27.0858,27.1,27.07,27.1,27.07,53
2023-06-14 18:00:00,23792,27.0517,27.05,27.04,27.09,27.02,272
2023-06-14 18:01:00,16838,27.014,27.04,27.0,27.04,26.96,140
2023-06-14 18:02:00,5450,27.0055,27.02,27.005,27.03,26.99,81
2023-06-14 18:03:00,7491,26.9597,26.99,26.93,26.99,26.925,85
2023-06-14 18:04:00,4720,26.9597,26.95,26.96,26.985,26.93,41
2023-06-14 18:05:00,5140,26.9301,26.98,26.905,26.98,26.905,53
2023-06-14 18:06:00,7559,26.9078,26.905,26.89,26.94,26.87,64
2023-06-14 18:07:00,42398,26.8874,26.89,26.87,26.9,26.85,279
2023-06-14 18:08:00,36574,26.8743,26.87,26.865,26.885,26.86,261
2023-06-14 18:09:00,8052,26.8794,26.86,26.91,26.91,26.85,101
2023-06-14 18:10:00,22058,26.9327,26.93,26.92,26.95,26.9,228
2023-06-14 18:11:00,8583,26.9071,26.94,26.895,26.94,26.895,97
2023-06-14 18:12:00,11422,26.853,26.9,26.825,26.905,26.8,172
2023-06-14 18:13:00,4304,26.8113,26.81,26.845,26.85,26.79,82
2023-06-14 18:14:00,3844,26.8297,26.84,26.81,26.84,26.81,58
2023-06-14 18:15:00,8062,26.81,26.8,26.81,26.83,26.79,148
2023-06-14 18:16:00,6856,26.8278,26.815,26.85,26.86,26.81,123
2023-06-14 18:17:00,11699,26.8442,26.85,26.85,26.855,26.83,164
2023-06-14 18:18:00,10506,26.8174,26.85,26.815,26.85,26.8,150
2023-06-14 18:19:00,3085,26.8125,26.81,26.825,26.825,26.8,83
2023-06-14 18:20:00,3034,26.8234,26.815,26.825,26.83,26.815,53
2023-06-14 18:21:00,6168,26.8567,26.83,26.85,26.87,26.83,88
2023-06-14 18:22:00,9740,26.8359,26.845,26.81,26.85,26.81,107
2023-06-14 18:23:00,4170,26.8102,26.81,26.81,26.815,26.805,83
2023-06-14 18:24:00,3072,26.7955,26.81,26.79,26.81,26.79,45
2023-06-14 18:25:00,10583,26.776,26.785,26.77,26.785,26.765,97
2023-06-14 18:26:00,5413,26.795,26.77,26.835,26.835,26.77,100
2023-06-14 18:27:00,19092,26.8368,26.835,26.82,26.85,26.82,205
2023-06-14 18:28:00,7710,26.7983,26.8025,26.785,26.805,26.78,75
2023-06-14 18:29:00,6884,26.8018,26.79,26.81,26.815,26.79,118
2023-06-14 18:30:00,9179,26.7833,26.805,26.79,26.805,26.77,142
2023-06-14 18:31:00,4632,26.7843,26.785,26.795,26.795,26.77,93
2023-06-14 18:32:00,10544,26.811,26.79,26.84,26.84,26.78,141
2023-06-14 18:33:00,22332,26.8415,26.83,26.85,26.875,26.82,301
2023-06-14 18:34:00,6358,26.8114,26.84,26.81,26.84,26.8,100
2023-06-14 18:35:00,9341,26.8148,26.81,26.82,26.825,26.8,154
2023-06-14 18:36:00,6625,26.8217,26.82,26.83,26.83,26.81,149
2023-06-14 18:37:00,8029,26.8149,26.83,26.805,26.85,26.79,149
2023-06-14 18:38:00,7474,26.8362,26.81,26.85,26.86,26.81,162
2023-06-14 18:39:00,3815,26.8215,26.84,26.8,26.84,26.79,75
2023-06-14 18:40:00,3356,26.7956,26.79,26.82,26.82,26.785,87
2023-06-14 18:41:00,5521,26.8397,26.82,26.81,26.87,26.81,123
2023-06-14 18:42:00,8087,26.8396,26.81,26.85,26.86,26.81,145
2023-06-14 18:43:00,4094,26.8566,26.85,26.865,26.865,26.85,68
2023-06-14 18:44:00,8941,26.9119,26.89,26.91,26.92,26.89,148
2023-06-14 18:45:00,6349,26.9313,26.93,26.92,26.94,26.92,109
2023-06-14 18:46:00,3866,26.9079,26.93,26.905,26.93,26.89,58
2023-06-14 18:47:00,6079,26.9152,26.91,26.91,26.92,26.905,98
2023-06-14 18:48:00,4471,26.9194,26.91,26.925,26.95,26.91,96
2023-06-14 18:49:00,1528,26.941,26.945,26.95,26.95,26.94,62
2023-06-14 18:50:00,4116,26.9638,26.96,26.96,26.975,26.959,78
2023-06-14 18:51:00,11239,26.9868,26.9693,26.975,27.0,26.9693,153
2023-06-14 18:52:00,9911,26.964,26.985,26.96,26.985,26.95,115
2023-06-14 18:53:00,22986,26.9514,26.965,26.955,26.965,26.93,259
2023-06-14 18:54:00,7859,26.9761,26.955,26.99,26.99,26.955,117
2023-06-14 18:55:00,12159,26.9923,26.99,27.005,27.005,26.975,162
2023-06-14 18:56:00,9660,27.0051,27.01,27.02,27.02,26.995,129
2023-06-14 18:57:00,6577,27.0126,27.025,27.015,27.025,26.995,100
2023-06-14 18:58:00,11992,27.0001,27.0,27.01,27.01,27.0,155
2023-06-14 18:59:00,9775,26.9844,27.01,26.99,27.02,26.97,137
2023-06-14 19:00:00,5364,27.0139,27.0,27.015,27.03,27.0,88
2023-06-14 19:01:00,6653,27.0078,27.02,26.99,27.03,26.99,110
2023-06-14 19:02:00,5254,27.0023,26.99,27.0,27.01,26.99,77
2023-06-14 19:03:00,6681,27.0009,27.0,27.01,27.01,27.0,121
2023-06-14 19:04:00,5448,27.0442,27.02,27.06,27.065,27.02,108
2023-06-14 19:05:00,3426,27.0837,27.06,27.09,27.1,27.06,95
2023-06-14 19:06:00,5262,27.0899,27.09,27.09,27.095,27.085,92
2023-06-14 19:07:00,7619,27.0972,27.1,27.1,27.115,27.085,136
2023-06-14 19:08:00,6115,27.0938,27.1,27.09,27.1,27.09,115
2023-06-14 19:09:00,2171,27.0922,27.09,27.09,27.105,27.09,70
2023-06-14 19:10:00,6282,27.0645,27.1,27.05,27.1,27.04,125
2023-06-14 19:11:00,6268,27.0564,27.04,27.06,27.08,27.04,119
2023-06-14 19:12:00,5052,27.046,27.06,27.04,27.06,27.035,125
2023-06-14 19:13:00,5298,27.0477,27.05,27.05,27.055,27.03,63
2023-06-14 19:14:00,8331,27.0355,27.05,27.025,27.05,27.015,123
2023-06-14 19:15:00,6957,27.0129,27.03,26.985,27.03,26.985,154
2023-06-14 19:16:00,27694,26.9809,26.975,26.985,27.005,26.96,373
2023-06-14 19:17:00,9770,27.005,26.995,27.0,27.015,26.995,172
2023-06-14 19:18:00,34591,27.0079,27.0,26.995,27.02,26.98,231
2023-06-14 19:19:00,9763,26.9886,26.985,26.98,27.005,26.97,150
2023-06-14 19:20:00,9945,26.9772,26.985,26.99,27.0,26.96,158
2023-06-14 19:21:00,6235,26.9838,26.98,27.01,27.01,26.97,126
2023-06-14 19:22:00,3520,27.0304,27.01,27.035,27.04,27.01,74
2023-06-14 19:23:00,7217,27.0303,27.035,27.045,27.05,27.03,114
2023-06-14 19:24:00,7092,27.0492,27.05,27.055,27.055,27.04,89
2023-06-14 19:25:00,7598,27.0667,27.06,27.09,27.09,27.05,115
2023-06-14 19:26:00,2869,27.0731,27.09,27.055,27.09,27.055,67
2023-06-14 19:27:00,10931,27.0493,27.05,27.05,27.055,27.04,121
2023-06-14 19:28:00,7197,27.046,27.05,27.05,27.05,27.04,114
2023-06-14 19:29:00,19710,27.0399,27.055,27.03,27.055,27.025,200
2023-06-14 19:30:00,30005,27.0144,27.0225,27.015,27.025,27.01,245
2023-06-14 19:31:00,19282,27.0045,27.01,26.975,27.02,26.97,271
2023-06-14 19:32:00,19097,26.9681,26.96,26.97,26.995,26.95,238
2023-06-14 19:33:00,8351,26.9869,26.97,27.0,27.0,26.96,112
2023-06-14 19:34:00,10985,26.997,27.0,26.98,27.01,26.97,189
2023-06-14 19:35:00,14069,26.9791,26.975,26.975,26.99,26.9682,156
2023-06-14 19:36:00,6299,26.9601,26.975,26.955,26.975,26.95,89
2023-06-14 19:37:00,9210,26.9583,26.95,26.965,26.965,26.945,92
2023-06-14 19:38:00,7355,26.9686,26.97,26.96,26.975,26.96,113
2023-06-14 19:39:00,10839,26.9417,26.95,26.945,26.95,26.935,90
2023-06-14 19:40:00,4960,26.948,26.95,26.945,26.955,26.94,88
2023-06-14 19:41:00,5299,26.9234,26.945,26.905,26.945,26.9,81
2023-06-14 19:42:00,11223,26.895,26.905,26.87,26.905,26.87,137
2023-06-14 19:43:00,21476,26.8781,26.87,26.855,26.87,26.85,208
2023-06-14 19:44:00,5467,26.8504,26.85,26.85,26.855,26.845,93
2023-06-14 19:45:00,9218,26.864,26.85,26.865,26.875,26.85,156
2023-06-14 19:46:00,18745,26.8298,26.86,26.835,26.86,26.815,204
2023-06-14 19:47:00,12756,26.8285,26.835,26.83,26.845,26.815,170
2023-06-14 19:48:00,13490,26.8152,26.83,26.825,26.84,26.805,206
2023-06-14 19:49:00,8393,26.8215,26.82,26.805,26.83,26.805,105
2023-06-14 19:50:00,22440,26.7613,26.81,26.735,26.81,26.73,300
2023-06-14 19:51:00,35725,26.722,26.73,26.735,26.735,26.71,349
2023-06-14 19:52:00,23462,26.7617,26.735,26.78,26.785,26.735,231
2023-06-14 19:53:00,20210,26.7551,26.775,26.755,26.775,26.745,209
2023-06-14 19:54:00,24035,26.7628,26.75,26.76,26.78,26.745,263
2023-06-14 19:55:00,28233,26.7739,26.77,26.77,26.79,26.755,311
2023-06-14 19:56:00,17027,26.7628,26.775,26.755,26.775,26.755,186
2023-06-14 19:57:00,31298,26.7837,26.755,26.785,26.805,26.755,344
2023-06-14 19:58:00,18673,26.7897,26.785,26.79,26.7975,26.78,217
2023-06-14 19:59:00,105768,26.779,26.795,26.77,26.795,26.76,779
2023-06-14 20:00:00,9290,26.77,26.77,26.77,26.77,26.77,17
2023-06-15 13:30:00,13368,26.5635,26.61,26.55,26.61,26.49,64
2023-06-15 13:31:00,4030,26.6051,26.555,26.59,26.63,26.555,32
2023-06-15 13:32:00,1404,26.5859,26.585,26.59,26.59,26.585,10
2023-06-15 13:33:00,9087,26.6199,26.585,26.595,26.68,26.58,74
2023-06-15 13:34:00,3016,26.6377,26.6,26.67,26.67,26.6,33
2023-06-15 13:35:00,6657,26.6648,26.65,26.63,26.69,26.63,63
2023-06-15 13:36:00,10632,26.6401,26.63,26.7,26.7,26.59,90
2023-06-15 13:37:00,5244,26.7804,26.71,26.81,26.82,26.71,83
2023-06-15 13:38:00,3666,26.8141,26.815,26.775,26.84,26.775,61
2023-06-15 13:39:00,3985,26.764,26.79,26.725,26.79,26.725,73
2023-06-15 13:40:00,4092,26.7474,26.715,26.69,26.77,26.69,62
2023-06-15 13:41:00,7788,26.6753,26.69,26.66,26.69,26.65,87
2023-06-15 13:42:00,110126,26.6594,26.67,26.63,26.69,26.625,117
2023-06-15 13:43:00,7865,26.5632,26.625,26.55,26.625,26.52,104
2023-06-15 13:44:00,6681,26.5319,26.54,26.57,26.57,26.495,95
2023-06-15 13:45:00,9755,26.5576,26.57,26.55,26.59,26.53,125
2023-06-15 13:46:00,6354,26.5578,26.555,26.58,26.58,26.51,82
2023-06-15 13:47:00,8221,26.5916,26.59,26.6,26.61,26.575,92
2023-06-15 13:48:00,6372,26.6172,26.61,26.625,26.63,26.6,64
2023-06-15 13:49:00,3675,26.6443,26.625,26.645,26.66,26.625,53
2023-06-15 13:50:00,4896,26.7024,26.685,26.71,26.73,26.685,81
2023-06-15 13:51:00,5564,26.6689,26.7,26.64,26.7,26.63,67
2023-06-15 13:52:00,4063,26.6642,26.65,26.625,26.68,26.625,60
2023-06-15 13:53:00,6885,26.6725,26.63,26.69,26.695,26.63,73
2023-06-15 13:54:00,3467,26.6983,26.695,26.665,26.72,26.665,44
2023-06-15 13:55:00,4115,26.6617,26.66,26.66,26.67,26.65,47
2023-06-15 13:56:00,1236,26.6698,26.66,26.67,26.67,26.66,27
2023-06-15 13:57:00,2651,26.6873,26.67,26.69,26.7,26.67,39
2023-06-15 13:58:00,11028,26.6906,26.69,26.715,26.72,26.68,133
2023-06-15 13:59:00,1939,26.7063,26.71,26.705,26.71,26.7,35
2023-06-15 14:00:00,17468,26.755,26.72,26.77,26.775,26.72,200
2023-06-15 14:01:00,40343,26.7593,26.78,26.75,26.795,26.745,394
2023-06-15 14:02:00,15425,26.7297,26.75,26.73,26.755,26.71,176
2023-06-15 14:03:00,44880,26.7176,26.73,26.75,26.76,26.69,397
2023-06-15 14:04:00,7754,26.7521,26.745,26.77,26.77,26.74,97
2023-06-15 14:05:00,53947,26.7434,26.77,26.725,26.78,26.72,555
2023-06-15 14:06:00,187058,26.7312,26.72,26.77,26.78,26.715,103
2023-06-15 14:07:00,3977,26.7749,26.765,26.78,26.78,26.765,56
2023-06-15 14:08:00,26716,26.8126,26.84,26.85,26.85,26.79,239
2023-06-15 14:09:00,2597,26.8146,26.84,26.78,26.84,26.78,28
2023-06-15 14:10:00,2307,26.7615,26.78,26.745,26.78,26.745,38
2023-06-15 14:11:00,2649,26.75,26.75,26.72,26.765,26.72,36
2023-06-15 14:12:00,4136,26.7489,26.73,26.76,26.76,26.73,65
2023-06-15 14:13:00,2780,26.7406,26.76,26.73,26.76,26.72,40
2023-06-15 14:14:00,1955,26.7416,26.745,26.75,26.75,26.74,33
2023-06-15 14:15:00,4836,26.737,26.75,26.75,26.75,26.715,71
2023-06-15 14:16:00,2226,26.7415,26.745,26.74,26.745,26.74,32
2023-06-15 14:17:00,6690,26.7426,26.75,26.74,26.755,26.739,63
2023-06-15 14:18:00,4338,26.7463,26.74,26.72,26.75,26.72,56
2023-06-15 14:19:00,2047,26.7514,26.73,26.78,26.78,26.73,34
2023-06-15 14:20:00,2997,26.7656,26.78,26.76,26.78,26.76,37
2023-06-15 14:21:00,3138,26.7716,26.76,26.78,26.78,26.755,55
2023-06-15 14:22:00,6606,26.7566,26.78,26.755,26.78,26.75,90
2023-06-15 14:23:00,1871,26.7544,26.75,26.76,26.76,26.74,37
2023-06-15 14:24:00,2214,26.7626,26.77,26.75,26.77,26.75,29
2023-06-15 14:25:00,3002,26.7505,26.75,26.75,26.76,26.745,47
2023-06-15 14:26:00,8862,26.759,26.745,26.77,26.775,26.745,114
2023-06-15 14:27:00,3256,26.7239,26.74,26.71,26.74,26.7,53
2023-06-15 14:28:00,107528,26.7198,26.71,26.73,26.73,26.71,96
2023-06-15 14:29:00,2581,26.7198,26.735,26.7,26.735,26.7,29
2023-06-15 14:30:00,6479,26.7002,26.7,26.7,26.7,26.69,96
2023-06-15 14:31:00,3137,26.717,26.71,26.715,26.735,26.705,60
2023-06-15 14:32:00,5081,26.7087,26.72,26.7,26.72,26.695,57
2023-06-15 14:33:00,9269,26.6945,26.7,26.695,26.705,26.69,143
2023-06-15 14:34:00,2422,26.6999,26.7,26.7,26.7,26.695,33
2023-06-15 14:35:00,2085,26.7115,26.72,26.7,26.725,26.7,47
2023-06-15 14:36:00,2601,26.6941,26.695,26.7,26.7,26.69,45
2023-06-15 14:37:00,9780,26.6922,26.7,26.685,26.7,26.68,106
2023-06-15 14:38:00,7556,26.652,26.67,26.64,26.67,26.64,71
2023-06-15 14:39:00,4155,26.6238,26.645,26.62,26.645,26.61,88
2023-06-15 14:40:00,2121,26.5966,26.6,26.6,26.6,26.585,37
2023-06-15 14:41:00,5094,26.6147,26.605,26.61,26.62,26.605,76
2023-06-15 14:42:00,3383,26.6358,26.62,26.65,26.65,26.62,47
2023-06-15 14:43:00,3617,26.6534,26.66,26.65,26.66,26.65,40
2023-06-15 14:44:00,2656,26.6651,26.65,26.665,26.67,26.65,28
2023-06-15 14:45:00,786,26.6814,26.67,26.69,26.69,26.67,24
2023-06-15 14:46:00,1338,26.7049,26.7,26.7,26.71,26.7,18
2023-06-15 14:47:00,1547,26.6983,26.7,26.71,26.71,26.695,25
2023-06-15 14:48:00,6212,26.7195,26.71,26.73,26.73,26.71,74
2023-06-15 14:49:00,2566,26.7103,26.72,26.71,26.72,26.705,45
2023-06-15 14:50:00,1963,26.6907,26.7,26.68,26.7,26.68,22
2023-06-15 14:51:00,3096,26.679,26.69,26.67,26.6986,26.67,48
2023-06-15 14:52:00,2055,26.6811,26.68,26.69,26.69,26.675,33
2023-06-15 14:53:00,2006,26.6808,26.69,26.67,26.69,26.67,31
2023-06-15 14:54:00,2413,26.662,26.67,26.66,26.67,26.66,42
2023-06-15 14:55:00,1761,26.6729,26.66,26.685,26.685,26.66,46
2023-06-15 14:56:00,3650,26.6837,26.68,26.69,26.69,26.68,15
2023-06-15 14:57:00,1064,26.6878,26.69,26.685,26.69,26.685,24
2023-06-15 14:58:00,2647,26.6862,26.69,26.685,26.695,26.68,52
2023-06-15 14:59:00,2432,26.6843,26.68,26.69,26.69,26.68,56
2023-06-15 15:00:00,3687,26.7015,26.7,26.695,26.71,26.695,47
2023-06-15 15:01:00,626,26.7,26.7,26.705,26.705,26.695,11
2023-06-15 15:02:00,2749,26.6936,26.7,26.695,26.7,26.69,48
2023-06-15 15:03:00,1856,26.676,26.685,26.665,26.685,26.665,25
2023-06-15 15:04:00,3739,26.6599,26.66,26.675,26.675,26.65,79
2023-06-15 15:05:00,1221,26.6707,26.67,26.67,26.67,26.67,20
2023-06-15 15:06:00,900,26.6799,26.68,26.68,26.68,26.68,18
2023-06-15 15:07:00,1939,26.6705,26.67,26.67,26.67,26.665,50
2023-06-15 15:08:00,2014,26.6822,26.67,26.68,26.69,26.67,36
2023-06-15 15:09:00,3085,26.6831,26.68,26.7,26.7,26.675,47
2023-06-15 15:10:00,4393,26.7018,26.705,26.7,26.71,26.695,59
2023-06-15 15:11:00,912,26.7098,26.71,26.71,26.71,26.7091,20
2023-06-15 15:12:00,2953,26.72,26.72,26.73,26.73,26.715,37
2023-06-15 15:13:00,1218,26.7207,26.73,26.71,26.73,26.71,36
2023-06-15 15:14:00,1593,26.7075,26.71,26.7,26.71,26.7,28
2023-06-15 15:15:00,13460,26.6922,26.705,26.71,26.71,26.67,148
2023-06-15 15:16:00,1548,26.7183,26.715,26.72,26.72,26.715,13
2023-06-15 15:17:00,3684,26.7413,26.73,26.75,26.75,26.73,57
2023-06-15 15:18:00,2487,26.7597,26.755,26.76,26.76,26.755,32
2023-06-15 15:19:00,7780,26.7438,26.755,26.75,26.755,26.735,80
2023-06-15 15:20:00,959,26.7607,26.755,26.7686,26.7686,26.755,17
2023-06-15 15:21:00,3550,26.7801,26.77,26.79,26.79,26.77,51
2023-06-15 15:22:00,2481,26.8037,26.795,26.82,26.82,26.795,27
2023-06-15 15:23:00,11236,26.8102,26.83,26.795,26.83,26.795,107
2023-06-15 15:24:00,330,26.7952,26.795,26.795,26.795,26.795,5
2023-06-15 15:25:00,4326,26.7921,26.79,26.795,26.8,26.78,57
2023-06-15 15:26:00,872,26.7963,26.8,26.795,26.8,26.795,9
2023-06-15 15:27:00,1520,26.7985,26.79,26.8,26.8,26.79,32
2023-06-15 15:28:00,5354,26.8245,26.81,26.845,26.845,26.81,73
2023-06-15 15:29:00,3155,26.8436,26.845,26.85,26.85,26.84,32
2023-06-15 15:30:00,2328,26.8601,26.85,26.88,26.88,26.85,37
2023-06-15 15:31:00,1500,26.8741,26.8793,26.865,26.8793,26.865,24
2023-06-15 15:32:00,1415,26.8747,26.87,26.87,26.88,26.87,20
2023-06-15 15:33:00,14843,26.8503,26.88,26.82,26.88,26.815,117
2023-06-15 15:34:00,4649,26.8148,26.81,26.82,26.82,26.805,56
2023-06-15 15:35:00,1319,26.8203,26.82,26.82,26.825,26.82,36
2023-06-15 15:36:00,12370,26.8278,26.81,26.82,26.835,26.81,168
2023-06-15 15:37:00,38115,26.7847,26.81,26.775,26.82,26.775,300
2023-06-15 15:38:00,13729,26.7756,26.7792,26.79,26.8,26.77,64
2023-06-15 15:39:00,6112,26.7892,26.78,26.8,26.805,26.78,95
2023-06-15 15:40:00,1704,26.8,26.8,26.805,26.805,26.795,26
2023-06-15 15:41:00,5540,26.7956,26.8,26.785,26.8,26.785,45
2023-06-15 15:42:00,5282,26.7842,26.785,26.79,26.79,26.77,60
2023-06-15 15:43:00,1756,26.772,26.78,26.77,26.78,26.77,22
2023-06-15 15:44:00,2060,26.7583,26.77,26.745,26.77,26.745,26
2023-06-15 15:45:00,4959,26.7319,26.745,26.715,26.745,26.715,78
2023-06-15 15:46:00,3920,26.7081,26.71,26.705,26.71,26.705,54
2023-06-15 15:47:00,3955,26.6766,26.7,26.66,26.7,26.66,75
2023-06-15 15:48:00,10264,26.6334,26.64,26.63,26.645,26.62,141
2023-06-15 15:49:00,1237,26.6308,26.635,26.63,26.635,26.63,12
2023-06-15 15:50:00,4714,26.6254,26.625,26.64,26.64,26.615,69
2023-06-15 15:51:00,1985,26.657,26.65,26.6614,26.6614,26.65,27
2023-06-15 15:52:00,3295,26.6768,26.665,26.68,26.68,26.665,35
2023-06-15 15:53:00,4976,26.697,26.68,26.695,26.71,26.68,58
2023-06-15 15:54:00,3280,26.6902,26.695,26.69,26.695,26.685,38
2023-06-15 15:55:00,3153,26.6903,26.695,26.69,26.695,26.69,34
2023-06-15 15:56:00,1585,26.6809,26.685,26.68,26.685,26.68,26
2023-06-15 15:57:00,1579,26.6519,26.67,26.63,26.67,26.63,37
2023-06-15 15:58:00,7221,26.6242,26.63,26.625,26.631,26.62,51
2023-06-15 15:59:00,22697,26.6427,26.64,26.635,26.65,26.635,118
2023-06-15 16:00:00,2766,26.6418,26.635,26.645,26.645,26.635,22
2023-06-15 16:01:00,1510,26.639,26.64,26.635,26.64,26.635,15
2023-06-15 16:02:00,8145,26.6319,26.63,26.635,26.635,26.625,53
2023-06-15 16:03:00,2788,26.6379,26.635,26.645,26.645,26.63,28
2023-06-15 16:04:00,3082,26.6554,26.645,26.67,26.67,26.645,55
2023-06-15 16:05:00,2010,26.6789,26.68,26.69,26.69,26.68,24
2023-06-15 16:06:00,5411,26.6911,26.69,26.68,26.7,26.68,53
2023-06-15 16:07:00,4046,26.6797,26.68,26.68,26.68,26.68,42
2023-06-15 16:08:00,2987,26.6707,26.68,26.665,26.68,26.665,27
2023-06-15 16:09:00,2124,26.6767,26.67,26.67,26.68,26.67,30
2023-06-15 16:10:00,3663,26.6551,26.67,26.64,26.67,26.64,40
2023-06-15 16:11:00,7191,26.6483,26.65,26.64,26.65,26.64,80
2023-06-15 16:12:00,6507,26.6226,26.63,26.62,26.63,26.615,61
2023-06-15 16:13:00,3548,26.6097,26.615,26.61,26.615,26.605,41
2023-06-15 16:14:00,1500,26.6098,26.61,26.61,26.61,26.605,22
2023-06-15 16:15:00,3077,26.6198,26.62,26.62,26.62,26.615,34
2023-06-15 16:16:00,4670,26.634,26.62,26.65,26.65,26.62,57
2023-06-15 16:17:00,5652,26.6529,26.65,26.65,26.66,26.65,35
2023-06-15 16:18:00,4841,26.6473,26.65,26.65,26.65,26.64,52
2023-06-15 16:19:00,2342,26.6484,26.65,26.65,26.65,26.645,18
2023-06-15 16:20:00,3623,26.6623,26.655,26.665,26.67,26.6501,33
2023-06-15 16:21:00,3373,26.659,26.66,26.66,26.66,26.65,46
2023-06-15 16:22:00,1194,26.6614,26.665,26.665,26.665,26.66,8
2023-06-15 16:23:00,1851,26.6605,26.66,26.665,26.665,26.66,32
2023-06-15 16:24:00,1527,26.6599,26.66,26.66,26.66,26.66,9
2023-06-15 16:25:00,4832,26.6556,26.66,26.65,26.66,26.65,47
2023-06-15 16:26:00,1303,26.6504,26.65,26.65,26.655,26.65,13
2023-06-15 16:27:00,4258,26.6487,26.65,26.65,26.65,26.64,69
2023-06-15 16:28:00,2314,26.6617,26.65,26.67,26.67,26.65,41
2023-06-15 16:29:00,3382,26.6687,26.67,26.67,26.6702,26.66,29
2023-06-15 16:30:00,6088,26.6736,26.68,26.67,26.68,26.67,82
2023-06-15 16:31:00,3822,26.6594,26.66,26.66,26.66,26.655,56
2023-06-15 16:32:00,2248,26.6644,26.66,26.67,26.67,26.655,32
2023-06-15 16:33:00,1777,26.6845,26.68,26.7,26.7,26.68,21
2023-06-15 16:34:00,2054,26.6905,26.695,26.685,26.695,26.685,15
2023-06-15 16:35:00,1148,26.685,26.685,26.69,26.69,26.685,11
2023-06-15 16:36:00,6987,26.6988,26.7,26.69,26.7,26.69,77
2023-06-15 16:37:00,2671,26.6946,26.685,26.705,26.705,26.685,49
2023-06-15 16:38:00,2109,26.6978,26.7,26.69,26.7,26.69,16
2023-06-15 16:39:00,1549,26.6909,26.7,26.685,26.7,26.685,30
2023-06-15 16:40:00,2185,26.691,26.69,26.69,26.695,26.69,33
2023-06-15 16:41:00,418,26.6929,26.69,26.69,26.6975,26.69,7
2023-06-15 16:42:00,1160,26.6944,26.695,26.695,26.695,26.695,13
2023-06-15 16:43:00,2103,26.6982,26.695,26.695,26.7,26.695,38
2023-06-15 16:45:00,5105,26.6927,26.7,26.685,26.7,26.685,52
2023-06-15 16:47:00,1895,26.6799,26.68,26.675,26.68,26.675,17
2023-06-15 16:48:00,703,26.6755,26.6717,26.67,26.675,26.67,5
2023-06-15 16:49:00,4205,26.6802,26.68,26.685,26.685,26.675,52
2023-06-15 16:50:00,1573,26.6773,26.68,26.675,26.68,26.675,16
2023-06-15 16:51:00,614,26.6747,26.675,26.67,26.675,26.67,12
2023-06-15 16:52:00,770,26.6747,26.67,26.675,26.6791,26.67,7
2023-06-15 16:54:00,4457,26.671,26.67,26.675,26.675,26.66,55
2023-06-15 16:55:00,3214,26.67,26.675,26.67,26.675,26.665,31
2023-06-15 16:56:00,5683,26.6752,26.67,26.68,26.68,26.67,70
2023-06-15 16:57:00,21964,26.7154,26.69,26.72,26.725,26.69,198
2023-06-15 16:58:00,4144,26.7201,26.72,26.715,26.725,26.715,56
2023-06-15 16:59:00,7405,26.7187,26.715,26.73,26.73,26.715,65
2023-06-15 17:00:00,21058,26.728,26.73,26.745,26.745,26.72,67
2023-06-15 17:01:00,10059,26.7415,26.745,26.73,26.75,26.73,119
2023-06-15 17:02:00,15256,26.725,26.715,26.73,26.735,26.715,144
2023-06-15 17:03:00,200,26.7225,26.725,26.72,26.725,26.72,2
2023-06-15 17:04:00,14973,26.7191,26.72,26.71,26.72,26.71,80
2023-06-15 17:05:00,1113,26.7053,26.705,26.705,26.705,26.705,19
2023-06-15 17:06:00,1860,26.701,26.7,26.69,26.7,26.69,21
2023-06-15 17:07:00,5548,26.6812,26.69,26.68,26.69,26.675,59
2023-06-15 17:08:00,3196,26.6718,26.68,26.66,26.68,26.66,39
2023-06-15 17:09:00,2969,26.6612,26.655,26.665,26.67,26.655,45
2023-06-15 17:10:00,1994,26.6698,26.67,26.67,26.67,26.665,29
2023-06-15 17:12:00,2712,26.6786,26.675,26.68,26.68,26.675,33
2023-06-15 17:13:00,2084,26.68,26.68,26.68,26.68,26.68,17
2023-06-15 17:14:00,1847,26.6706,26.675,26.665,26.675,26.665,31
2023-06-15 17:15:00,3146,26.66,26.66,26.665,26.665,26.655,41
2023-06-15 17:16:00,350,26.666,26.66,26.66,26.66,26.66,5
2023-06-15 17:17:00,3095,26.6532,26.66,26.645,26.66,26.645,27
2023-06-15 17:18:00,2171,26.6489,26.64,26.645,26.65,26.64,49
2023-06-15 17:19:00,1122,26.6491,26.645,26.65,26.65,26.645,19
2023-06-15 17:20:00,2278,26.6573,26.65,26.66,26.66,26.65,29
2023-06-15 17:21:00,2685,26.672,26.665,26.68,26.68,26.665,29
2023-06-15 17:22:00,402,26.6769,26.685,26.685,26.685,26.68,6
2023-06-15 17:23:00,179,26.6807,26.68,26.68,26.68,26.68,3
2023-06-15 17:24:00,442,26.6764,26.68,26.68,26.685,26.68,7
2023-06-15 17:25:00,6040,26.6751,26.68,26.67,26.68,26.67,53
2023-06-15 17:26:00,1413,26.6605,26.66,26.655,26.66,26.655,20
2023-06-15 17:27:00,2950,26.6585,26.65,26.66,26.66,26.65,49
2023-06-15 17:28:00,4670,26.6799,26.6629,26.69,26.69,26.6629,82
2023-06-15 17:29:00,527,26.6891,26.685,26.69,26.69,26.685,10
2023-06-15 17:30:00,1724,26.6974,26.6933,26.7,26.7,26.6933,22
2023-06-15 17:31:00,1859,26.6981,26.7,26.695,26.7,26.695,24
2023-06-15 17:33:00,1285,26.6993,26.695,26.7,26.7,26.695,21
2023-06-15 17:34:00,551,26.6904,26.71,26.71,26.71,26.71,8
2023-06-15 17:35:00,1868,26.7,26.7,26.7,26.7,26.7,22
2023-06-15 17:37:00,1788,26.6878,26.69,26.685,26.69,26.68,27
2023-06-15 17:38:00,1885,26.6795,26.68,26.67,26.68,26.67,26
2023-06-15 17:39:00,3255,26.6763,26.675,26.68,26.68,26.67,50
2023-06-15 17:40:00,977,26.6809,26.68,26.685,26.685,26.68,7
2023-06-15 17:41:00,225,26.685,26.685,26.685,26.685,26.685,4
2023-06-15 17:42:00,2476,26.6902,26.69,26.7,26.7,26.685,31
2023-06-15 17:43:00,3149,26.6997,26.695,26.695,26.7,26.695,41
2023-06-15 17:44:00,1631,26.7,26.7,26.7,26.7,26.7,23
2023-06-15 17:45:00,3270,26.7114,26.71,26.72,26.72,26.705,55
2023-06-15 17:46:00,12594,26.7295,26.7299,26.73,26.735,26.725,51
2023-06-15 17:47:00,112,26.7205,26.72,26.72,26.72,26.72,5
2023-06-15 17:48:00,4168,26.7346,26.725,26.735,26.74,26.725,34
2023-06-15 17:49:00,10194,26.7497,26.735,26.75,26.76,26.735,94
2023-06-15 17:50:00,5486,26.7394,26.74,26.74,26.74,26.735,61
2023-06-15 17:51:00,5620,26.7427,26.745,26.745,26.75,26.735,63
2023-06-15 17:53:00,453,26.7451,26.745,26.745,26.745,26.745,7
2023-06-15 17:54:00,3115,26.7432,26.745,26.73,26.7485,26.73,32
2023-06-15 17:55:00,5614,26.7322,26.735,26.73,26.7385,26.73,66
2023-06-15 17:56:00,3939,26.7304,26.725,26.73,26.735,26.725,42
2023-06-15 17:57:00,2906,26.7326,26.73,26.74,26.74,26.725,28
2023-06-15 17:58:00,5157,26.738,26.735,26.73,26.745,26.73,64
2023-06-15 17:59:00,1533,26.7299,26.725,26.73,26.735,26.725,27
2023-06-15 18:00:00,1089,26.7309,26.73,26.74,26.74,26.73,12
2023-06-15 18:01:00,526,26.732,26.73,26.73,26.74,26.73,19
2023-06-15 18:02:00,3539,26.7252,26.73,26.72,26.73,26.715,32
2023-06-15 18:03:00,6483,26.709,26.715,26.7,26.715,26.7,38
2023-06-15 18:04:00,11854,26.7041,26.7,26.7,26.71,26.695,101
2023-06-15 18:05:00,2182,26.6941,26.695,26.69,26.695,26.69,17
2023-06-15 18:06:00,5008,26.7054,26.695,26.705,26.71,26.695,28
2023-06-15 18:07:00,1169,26.705,26.705,26.7,26.71,26.7,16
2023-06-15 18:08:00,4170,26.6961,26.7075,26.68,26.7075,26.68,49
2023-06-15 18:09:00,2609,26.6889,26.685,26.69,26.69,26.685,39
2023-06-15 18:10:00,936,26.695,26.69,26.7,26.7,26.69,10
2023-06-15 18:11:00,2395,26.6998,26.7,26.705,26.705,26.695,32
2023-06-15 18:12:00,5851,26.7214,26.71,26.73,26.73,26.71,69
2023-06-15 18:13:00,4690,26.7196,26.7275,26.72,26.7275,26.715,31
2023-06-15 18:14:00,4007,26.7299,26.73,26.725,26.74,26.725,44
2023-06-15 18:15:00,1991,26.7307,26.725,26.733,26.733,26.725,25
2023-06-15 18:16:00,2185,26.7298,26.73,26.725,26.73,26.725,25
2023-06-15 18:17:00,3330,26.7296,26.73,26.725,26.73,26.725,40
2023-06-15 18:18:00,3398,26.727,26.725,26.73,26.73,26.725,29
2023-06-15 18:19:00,4942,26.7187,26.73,26.7,26.73,26.7,67
2023-06-15 18:20:00,934,26.697,26.7,26.69,26.7,26.69,18
2023-06-15 18:21:00,4898,26.6996,26.695,26.69,26.7,26.69,57
2023-06-15 18:22:00,16047,26.6829,26.7,26.67,26.71,26.67,145
2023-06-15 18:23:00,5567,26.6836,26.675,26.695,26.695,26.675,65
2023-06-15 18:24:00,1479,26.7004,26.7,26.705,26.705,26.7,25
2023-06-15 18:25:00,1695,26.7107,26.71,26.715,26.715,26.71,17
2023-06-15 18:26:00,5197,26.7058,26.71,26.7,26.71,26.7,59
2023-06-15 18:27:00,7671,26.6832,26.695,26.68,26.695,26.675,91
2023-06-15 18:28:00,971,26.6782,26.68,26.675,26.68,26.675,11
2023-06-15 18:29:00,1092,26.6802,26.68,26.68,26.68,26.68,20
2023-06-15 18:30:00,311,26.6856,26.685,26.685,26.685,26.685,7
2023-06-15 18:31:00,11711,26.6964,26.685,26.7,26.7,26.685,88
2023-06-15 18:32:00,39962,26.7153,26.705,26.7304,26.74,26.705,138
2023-06-15 18:33:00,8705,26.7293,26.73,26.725,26.73,26.725,56
2023-06-15 18:34:00,4436,26.7296,26.73,26.735,26.735,26.725,76
2023-06-15 18:35:00,5725,26.7397,26.74,26.735,26.74,26.735,27
2023-06-15 18:36:00,1237,26.7376,26.7394,26.73,26.7394,26.73,10
2023-06-15 18:37:00,11529,26.7475,26.735,26.75,26.755,26.735,103
2023-06-15 18:38:00,4389,26.7401,26.745,26.735,26.745,26.735,37
2023-06-15 18:39:00,1196,26.7385,26.739,26.735,26.739,26.735,23
2023-06-15 18:40:00,3791,26.745,26.735,26.75,26.755,26.735,79
2023-06-15 18:41:00,5442,26.7499,26.75,26.75,26.75,26.75,61
2023-06-15 18:42:00,2498,26.763,26.76,26.77,26.77,26.76,44
2023-06-15 18:43:00,14935,26.7829,26.7746,26.78,26.79,26.77,88
2023-06-15 18:44:00,2955,26.7795,26.775,26.78,26.78,26.775,38
2023-06-15 18:45:00,2086,26.7794,26.78,26.775,26.78,26.775,26
2023-06-15 18:46:00,6168,26.7784,26.775,26.775,26.78,26.77,59
2023-06-15 18:47:00,16354,26.7702,26.78,26.78,26.78,26.765,84
2023-06-15 18:48:00,2982,26.7757,26.775,26.78,26.78,26.775,29
2023-06-15 18:49:00,1643,26.7799,26.78,26.785,26.785,26.775,42
2023-06-15 18:50:00,611,26.7826,26.78,26.785,26.7859,26.78,8
2023-06-15 18:51:00,3772,26.79,26.785,26.795,26.795,26.785,54
2023-06-15 18:52:00,20654,26.788,26.79,26.78,26.8,26.78,193
2023-06-15 18:53:00,1267,26.7701,26.77,26.77,26.77,26.77,31
2023-06-15 18:54:00,4302,26.7854,26.77,26.79,26.795,26.77,50
2023-06-15 18:55:00,2303,26.793,26.8,26.79,26.8,26.79,15
2023-06-15 18:56:00,5829,26.8025,26.795,26.805,26.81,26.795,64
2023-06-15 18:57:00,19371,26.806,26.81,26.8,26.815,26.795,154
2023-06-15 18:58:00,4477,26.8022,26.8,26.805,26.805,26.8,23
2023-06-15 18:59:00,5828,26.8001,26.8,26.805,26.805,26.795,79
2023-06-15 19:00:00,13855,26.8154,26.805,26.805,26.83,26.805,173
2023-06-15 19:01:00,3124,26.8083,26.805,26.81,26.815,26.8,31
2023-06-15 19:02:00,6736,26.8032,26.81,26.805,26.81,26.8,88
2023-06-15 19:03:00,3548,26.8069,26.805,26.805,26.81,26.805,50
2023-06-15 19:04:00,1629,26.8048,26.805,26.805,26.81,26.805,22
2023-06-15 19:05:00,6132,26.8219,26.81,26.84,26.84,26.81,69
2023-06-15 19:06:00,6440,26.8311,26.835,26.825,26.84,26.825,49
2023-06-15 19:07:00,838,26.8236,26.825,26.82,26.825,26.82,17
2023-06-15 19:08:00,5559,26.8271,26.83,26.83,26.835,26.825,54
2023-06-15 19:09:00,4230,26.8404,26.835,26.845,26.845,26.835,60
2023-06-15 19:10:00,9335,26.8367,26.845,26.84,26.845,26.83,110
2023-06-15 19:11:00,7698,26.8339,26.8489,26.825,26.8489,26.82,82
2023-06-15 19:12:00,44321,26.7979,26.825,26.805,26.825,26.78,361
2023-06-15 19:13:00,4641,26.8051,26.8,26.815,26.815,26.8,39
2023-06-15 19:14:00,12598,26.8178,26.82,26.82,26.825,26.81,128
2023-06-15 19:15:00,3980,26.8381,26.825,26.855,26.855,26.825,66
2023-06-15 19:16:00,5121,26.848,26.855,26.845,26.855,26.84,51
2023-06-15 19:17:00,18844,26.8323,26.84,26.82,26.845,26.815,154
2023-06-15 19:18:00,10980,26.8161,26.82,26.82,26.83,26.805,121
2023-06-15 19:19:00,76438,26.7956,26.82,26.785,26.825,26.785,516
2023-06-15 19:20:00,14780,26.7833,26.785,26.79,26.79,26.775,120
2023-06-15 19:21:00,2654,26.7914,26.785,26.79,26.795,26.785,37
2023-06-15 19:22:00,13353,26.7858,26.8,26.795,26.8,26.775,146
2023-06-15 19:23:00,15969,26.7978,26.795,26.79,26.805,26.79,136
2023-06-15 19:24:00,5508,26.7802,26.785,26.78,26.785,26.775,68
2023-06-15 19:25:00,6867,26.7699,26.7878,26.755,26.7878,26.755,91
2023-06-15 19:26:00,2502,26.7589,26.755,26.76,26.76,26.755,40
2023-06-15 19:27:00,5100,26.7604,26.76,26.76,26.765,26.75,85
2023-06-15 19:28:00,6598,26.7584,26.76,26.75,26.765,26.75,55
2023-06-15 19:29:00,33277,26.7546,26.755,26.77,26.77,26.745,321
2023-06-15 19:30:00,5367,26.7684,26.75,26.765,26.775,26.75,77
2023-06-15 19:31:00,9993,26.7746,26.76,26.795,26.795,26.76,125
2023-06-15 19:32:00,17932,26.7797,26.79,26.78,26.79,26.77,173
2023-06-15 19:33:00,4896,26.7818,26.78,26.785,26.79,26.78,70
2023-06-15 19:34:00,16130,26.7907,26.78,26.79,26.805,26.775,199
2023-06-15 19:35:00,15828,26.7828,26.795,26.785,26.795,26.775,134
2023-06-15 19:36:00,8334,26.7695,26.785,26.75,26.785,26.75,131
2023-06-15 19:37:00,10657,26.7624,26.75,26.765,26.77,26.75,126
2023-06-15 19:38:00,7057,26.7676,26.765,26.765,26.77,26.76,94
2023-06-15 19:39:00,9468,26.7701,26.765,26.765,26.78,26.765,123
2023-06-15 19:40:00,5035,26.7696,26.765,26.775,26.775,26.765,84
2023-06-15 19:41:00,56090,26.7626,26.775,26.76,26.78,26.755,510
2023-06-15 19:42:00,6311,26.756,26.76,26.755,26.76,26.75,74
2023-06-15 19:43:00,14902,26.7578,26.755,26.755,26.765,26.755,194
2023-06-15 19:44:00,16221,26.7698,26.76,26.78,26.78,26.76,186
2023-06-15 19:45:00,3220,26.7899,26.785,26.795,26.795,26.785,68
2023-06-15 19:46:00,14573,26.777,26.795,26.76,26.795,26.75,191
2023-06-15 19:47:00,8028,26.7733,26.77,26.78,26.78,26.765,103
2023-06-15 19:48:00,8822,26.7951,26.78,26.815,26.815,26.78,112
2023-06-15 19:49:00,21637,26.7929,26.815,26.77,26.815,26.77,195
2023-06-15 19:50:00,52623,26.7756,26.77,26.785,26.795,26.76,447
2023-06-15 19:51:00,65286,26.7689,26.79,26.76,26.79,26.755,486
2023-06-15 19:52:00,14232,26.776,26.76,26.785,26.79,26.76,144
2023-06-15 19:53:00,37220,26.789,26.79,26.785,26.8,26.78,244
2023-06-15 19:54:00,20211,26.7795,26.78,26.78,26.785,26.77,189
2023-06-15 19:55:00,45403,26.741,26.78,26.72,26.78,26.71,343
2023-06-15 19:56:00,31417,26.7148,26.72,26.705,26.72,26.7,267
2023-06-15 19:57:00,115182,26.6963,26.7,26.69,26.71,26.68,638
2023-06-15 19:58:00,76266,26.6915,26.69,26.695,26.705,26.68,368
2023-06-15 19:59:00,190819,26.6975,26.69,26.705,26.72,26.67,778
2023-06-15 20:00:00,28939,26.7,26.7,26.7,26.7,26.7,22
2023-06-15 21:35:00,250,26.7662,26.8,26.8,26.8,26.8,2
2023-06-15 22:39:00,500,27.0,27.0,27.0,27.0,27.0,2
2023-06-16 13:30:00,29829,26.7238,26.73,26.72,26.81,26.72,44
2023-06-16 13:31:00,8599,26.7383,26.7215,26.85,26.85,26.7,115
2023-06-16 13:32:00,5402,26.8367,26.86,26.8,26.88,26.79,37
2023-06-16 13:33:00,743,26.8179,26.81,26.815,26.83,26.81,9
2023-06-16 13:34:00,7109,26.796,26.8,26.8445,26.8445,26.76,76
2023-06-16 13:35:00,8489,26.8598,26.87,26.81,26.91,26.81,116
2023-06-16 13:36:00,4407,26.7255,26.81,26.69,26.81,26.69,56
2023-06-16 13:37:00,6142,26.7,26.69,26.675,26.73,26.66,89
2023-06-16 13:38:00,6600,26.6391,26.67,26.63,26.68,26.6,68
2023-06-16 13:39:00,7898,26.6598,26.63,26.67,26.69,26.63,80
2023-06-16 13:40:00,11597,26.7117,26.69,26.69,26.73,26.69,151
2023-06-16 13:41:00,5310,26.6808,26.7,26.68,26.71,26.64,66
2023-06-16 13:42:00,5564,26.6631,26.68,26.6693,26.69,26.63,67
2023-06-16 13:43:00,11132,26.6121,26.66,26.605,26.66,26.56,127
2023-06-16 13:44:00,6487,26.6044,26.59,26.58,26.64,26.58,76
2023-06-16 13:45:00,6515,26.5288,26.55,26.51,26.555,26.505,90
2023-06-16 13:46:00,8081,26.4768,26.505,26.445,26.505,26.44,120
2023-06-16 13:47:00,5217,26.4497,26.43,26.45,26.47,26.425,82
2023-06-16 13:48:00,7895,26.5204,26.48,26.54,26.54,26.47,108
2023-06-16 13:49:00,6092,26.5388,26.535,26.5485,26.55,26.51,79
2023-06-16 13:50:00,4196,26.535,26.54,26.54,26.55,26.53,50
2023-06-16 13:51:00,6199,26.55,26.56,26.54,26.57,26.53,74
2023-06-16 13:52:00,3345,26.5282,26.525,26.52,26.545,26.515,50
2023-06-16 13:53:00,6873,26.5726,26.54,26.57,26.59,26.54,91
2023-06-16 13:54:00,5093,26.5803,26.575,26.565,26.6,26.565,59
2023-06-16 13:55:00,1839,26.577,26.57,26.58,26.59,26.565,31
2023-06-16 13:56:00,7066,26.5389,26.57,26.5236,26.57,26.51,87
2023-06-16 13:57:00,3475,26.5117,26.52,26.5,26.5225,26.495,51
2023-06-16 13:58:00,1333,26.4924,26.51,26.46,26.51,26.46,28
2023-06-16 13:59:00,2323,26.482,26.47,26.485,26.49,26.47,38
2023-06-16 14:00:00,10652,26.528,26.5,26.55,26.55,26.49,108
2023-06-16 14:01:00,6544,26.538,26.57,26.53,26.57,26.51,97
2023-06-16 14:02:00,9803,26.5596,26.54,26.555,26.57,26.54,107
2023-06-16 14:03:00,6137,26.5677,26.565,26.562,26.58,26.545,96
2023-06-16 14:04:00,4099,26.5893,26.57,26.61,26.61,26.56,61
2023-06-16 14:05:00,4878,26.6094,26.61,26.61,26.615,26.6,59
2023-06-16 14:06:00,6999,26.6324,26.61,26.63,26.64,26.61,90
2023-06-16 14:07:00,5753,26.6335,26.625,26.65,26.65,26.625,82
2023-06-16 14:08:00,2899,26.6398,26.635,26.675,26.675,26.63,48
2023-06-16 14:09:00,3765,26.6747,26.68,26.68,26.68,26.67,43
2023-06-16 14:10:00,5935,26.6919,26.695,26.67,26.7,26.67,78
2023-06-16 14:11:00,4964,26.6802,26.68,26.68,26.685,26.675,73
2023-06-16 14:12:00,2298,26.6836,26.67,26.68,26.69,26.67,41
2023-06-16 14:13:00,4261,26.6559,26.67,26.645,26.67,26.635,67
2023-06-16 14:14:00,3247,26.6264,26.63,26.63,26.6305,26.62,53
2023-06-16 14:15:00,4615,26.6192,26.625,26.62,26.625,26.61,65
2023-06-16 14:16:00,2618,26.6386,26.63,26.65,26.65,26.63,55
2023-06-16 14:17:00,9082,26.6689,26.65,26.66,26.685,26.65,74
2023-06-16 14:18:00,4765,26.6622,26.67,26.64,26.69,26.64,75
2023-06-16 14:19:00,1552,26.6569,26.65,26.665,26.665,26.65,39
2023-06-16 14:20:00,3927,26.6631,26.66,26.67,26.67,26.65,52
2023-06-16 14:21:00,11551,26.6904,26.67,26.69,26.7,26.66,110
2023-06-16 14:22:00,4841,26.6805,26.69,26.68,26.69,26.675,59
2023-06-16 14:23:00,1949,26.6802,26.68,26.68,26.6808,26.68,31
2023-06-16 14:24:00,41248,26.6688,26.67,26.63,26.67,26.63,55
2023-06-16 14:25:00,7227,26.6501,26.64,26.635,26.655,26.635,88
2023-06-16 14:26:00,4689,26.6355,26.64,26.625,26.6405,26.625,45
2023-06-16 14:27:00,4462,26.6079,26.62,26.59,26.62,26.59,62
2023-06-16 14:28:00,11094,26.6083,26.595,26.605,26.62,26.595,104
2023-06-16 14:29:00,4593,26.6112,26.61,26.61,26.62,26.605,49
2023-06-16 14:30:00,10458,26.6129,26.61,26.635,26.635,26.595,129
2023-06-16 14:31:00,7044,26.6483,26.63,26.645,26.66,26.63,87
2023-06-16 14:32:00,4264,26.6335,26.66,26.63,26.66,26.625,45
2023-06-16 14:33:00,2826,26.6305,26.635,26.63,26.635,26.63,45
2023-06-16 14:34:00,6541,26.6228,26.63,26.62,26.63,26.61,75
2023-06-16 14:35:00,8077,26.5981,26.6,26.58,26.605,26.58,89
2023-06-16 14:36:00,5040,26.6069,26.59,26.61,26.615,26.59,65
2023-06-16 14:37:00,5394,26.5899,26.6,26.605,26.605,26.575,65
2023-06-16 14:38:00,9498,26.5891,26.6,26.565,26.605,26.565,71
2023-06-16 14:39:00,3232,26.5492,26.56,26.545,26.56,26.535,30
2023-06-16 14:40:00,2876,26.5335,26.54,26.535,26.54,26.525,43
2023-06-16 14:41:00,5566,26.5155,26.535,26.495,26.535,26.495,55
2023-06-16 14:42:00,4992,26.4983,26.4905,26.5,26.5,26.49,56
2023-06-16 14:43:00,1644,26.5043,26.4901,26.51,26.51,26.4901,32
2023-06-16 14:44:00,2417,26.5069,26.51,26.5,26.51,26.5,28
2023-06-16 14:45:00,2830,26.5199,26.495,26.54,26.54,26.495,46
2023-06-16 14:46:00,17064,26.5066,26.53,26.5005,26.54,26.48,145
2023-06-16 14:47:00,4663,26.5,26.5,26.495,26.51,26.485,45
2023-06-16 14:48:00,2153,26.4851,26.5,26.48,26.5,26.48,35
2023-06-16 14:49:00,2001,26.4887,26.495,26.485,26.495,26.485,48
2023-06-16 14:50:00,3033,26.4803,26.48,26.495,26.495,26.475,43
2023-06-16 14:51:00,4090,26.5033,26.5,26.505,26.51,26.495,48
2023-06-16 14:52:00,13507,26.5123,26.505,26.5,26.515,26.495,62
2023-06-16 14:53:00,9357,26.5186,26.495,26.515,26.53,26.495,72
2023-06-16 14:54:00,9651,26.5314,26.515,26.53,26.54,26.515,58
2023-06-16 14:55:00,7851,26.5286,26.535,26.53,26.535,26.52,75
2023-06-16 14:56:00,3827,26.5184,26.53,26.515,26.53,26.515,32
2023-06-16 14:57:00,6738,26.5379,26.515,26.535,26.55,26.515,75
2023-06-16 14:58:00,2043,26.5296,26.53,26.525,26.535,26.525,31
2023-06-16 14:59:00,6049,26.5356,26.5205,26.54,26.545,26.5205,66
2023-06-16 15:00:00,3258,26.5256,26.53,26.515,26.53,26.515,50
2023-06-16 15:01:00,2664,26.5231,26.515,26.53,26.53,26.515,35
2023-06-16 15:02:00,3353,26.4978,26.52,26.49,26.52,26.49,46
2023-06-16 15:03:00,2032,26.4935,26.485,26.5,26.5,26.485,35
2023-06-16 15:04:00,5194,26.4795,26.5,26.47,26.5,26.465,72
2023-06-16 15:05:00,1592,26.4749,26.48,26.48,26.48,26.465,34
2023-06-16 15:06:00,3051,26.4577,26.47,26.4405,26.47,26.4405,54
2023-06-16 15:07:00,3633,26.4617,26.45,26.47,26.47,26.45,64
2023-06-16 15:08:00,1687,26.477,26.475,26.485,26.485,26.47,31
2023-06-16 15:09:00,589,26.4992,26.49,26.505,26.505,26.49,15
2023-06-16 15:10:00,3789,26.4959,26.5,26.485,26.505,26.485,64
2023-06-16 15:11:00,2129,26.4981,26.49,26.505,26.505,26.49,39
2023-06-16 15:12:00,1381,26.5282,26.52,26.535,26.535,26.52,32
2023-06-16 15:13:00,3910,26.5332,26.54,26.53,26.54,26.525,61
2023-06-16 15:14:00,3439,26.5274,26.53,26.53,26.5305,26.525,34
2023-06-16 15:16:00,4718,26.5303,26.5431,26.53,26.5431,26.515,63
2023-06-16 15:17:00,1814,26.5286,26.53,26.53,26.53,26.52,28
2023-06-16 15:18:00,3888,26.5246,26.53,26.515,26.53,26.515,46
2023-06-16 15:19:00,3174,26.5136,26.515,26.505,26.52,26.5,40
2023-06-16 15:20:00,3070,26.4992,26.5,26.495,26.5,26.495,38
2023-06-16 15:21:00,1905,26.5039,26.51,26.51,26.51,26.5,44
2023-06-16 15:22:00,1387,26.5054,26.51,26.5,26.51,26.5,25
2023-06-16 15:23:00,1963,26.4904,26.5,26.48,26.5,26.475,44
2023-06-16 15:24:00,402,26.4905,26.49,26.49,26.49,26.49,13
2023-06-16 15:25:00,3923,26.5007,26.49,26.51,26.5105,26.485,63
2023-06-16 15:26:00,4667,26.4859,26.5,26.49,26.5,26.48,61
2023-06-16 15:27:00,2928,26.4791,26.485,26.475,26.485,26.47,48
2023-06-16 15:28:00,911,26.4799,26.47,26.4701,26.4701,26.47,15
2023-06-16 15:29:00,5955,26.4927,26.475,26.5,26.5,26.475,63
2023-06-16 15:30:00,1225,26.5166,26.51,26.52,26.52,26.51,30
2023-06-16 15:31:00,1363,26.5185,26.52,26.51,26.52,26.51,30
2023-06-16 15:32:00,2844,26.5016,26.51,26.5,26.51,26.485,45
2023-06-16 15:33:00,1713,26.5116,26.51,26.52,26.52,26.51,45
2023-06-16 15:34:00,3404,26.5235,26.52,26.52,26.53,26.52,68
2023-06-16 15:35:00,4390,26.5093,26.51,26.5075,26.515,26.5,58
2023-06-16 15:36:00,4215,26.4667,26.5,26.46,26.5,26.455,63
2023-06-16 15:37:00,1854,26.4521,26.46,26.45,26.46,26.45,39
2023-06-16 15:38:00,1441,26.4454,26.45,26.435,26.45,26.435,19
2023-06-16 15:39:00,1105,26.4288,26.43,26.425,26.43,26.425,23
2023-06-16 15:40:00,2316,26.4386,26.43,26.44,26.45,26.43,54
2023-06-16 15:41:00,1561,26.4412,26.45,26.44,26.45,26.44,23
2023-06-16 15:42:00,1196,26.4475,26.445,26.46,26.46,26.445,22
2023-06-16 15:43:00,826,26.4717,26.465,26.47,26.47,26.465,17
2023-06-16 15:44:00,2626,26.4886,26.48,26.485,26.49,26.48,29
2023-06-16 15:45:00,3622,26.4864,26.485,26.4999,26.4999,26.48,53
2023-06-16 15:46:00,2469,26.49,26.49,26.49,26.49,26.49,29
2023-06-16 15:47:00,1780,26.4978,26.4943,26.5,26.5,26.49,41
2023-06-16 15:48:00,5478,26.486,26.5,26.48,26.5,26.47,66
2023-06-16 15:49:00,1513,26.4782,26.48,26.48,26.48,26.48,28
2023-06-16 15:50:00,2097,26.4821,26.49,26.48,26.49,26.48,38
2023-06-16 15:52:00,2620,26.4799,26.475,26.49,26.49,26.47,52
2023-06-16 15:53:00,3779,26.4891,26.49,26.485,26.49,26.485,49
2023-06-16 15:54:00,5122,26.4855,26.48,26.485,26.49,26.48,55
2023-06-16 15:55:00,1696,26.5007,26.5,26.505,26.505,26.5,32
2023-06-16 15:56:00,2769,26.514,26.51,26.525,26.53,26.5,56
2023-06-16 15:57:00,4880,26.5237,26.525,26.53,26.53,26.515,71
2023-06-16 15:58:00,3759,26.529,26.53,26.525,26.53,26.525,50
2023-06-16 15:59:00,1501,26.5277,26.525,26.53,26.53,26.52,29
2023-06-16 16:00:00,2277,26.538,26.54,26.535,26.545,26.53,41
2023-06-16 16:01:00,4566,26.5191,26.54,26.5,26.54,26.5,74
2023-06-16 16:02:00,3604,26.5165,26.51,26.515,26.525,26.51,55
2023-06-16 16:03:00,7990,26.542,26.52,26.535,26.55,26.52,81
2023-06-16 16:04:00,1883,26.5369,26.535,26.53,26.54,26.53,35
2023-06-16 16:05:00,4648,26.5279,26.53,26.53,26.53,26.52,59
2023-06-16 16:06:00,2647,26.5311,26.535,26.525,26.54,26.525,44
2023-06-16 16:07:00,2678,26.5221,26.53,26.515,26.53,26.51,47
2023-06-16 16:08:00,3802,26.5218,26.52,26.54,26.54,26.515,80
2023-06-16 16:09:00,1014,26.5287,26.5305,26.53,26.5305,26.53,23
2023-06-16 16:10:00,2099,26.5186,26.52,26.515,26.52,26.51,29
2023-06-16 16:12:00,3892,26.5266,26.52,26.52,26.5375,26.515,72
2023-06-16 16:13:00,539,26.5231,26.52,26.52,26.52,26.52,10
2023-06-16 16:14:00,5389,26.5157,26.53,26.51,26.53,26.51,75
2023-06-16 16:15:00,2889,26.5025,26.5,26.5,26.505,26.5,28
2023-06-16 16:16:00,4769,26.5158,26.51,26.53,26.53,26.5,81
2023-06-16 16:17:00,2125,26.5395,26.53,26.55,26.55,26.53,37
2023-06-16 16:18:00,3143,26.5496,26.55,26.55,26.55,26.545,41
2023-06-16 16:19:00,3199,26.5506,26.55,26.545,26.555,26.545,39
2023-06-16 16:20:00,7010,26.5436,26.54,26.56,26.56,26.53,80
2023-06-16 16:21:00,1762,26.5605,26.56,26.56,26.56,26.56,20
2023-06-16 16:22:00,1743,26.5629,26.565,26.57,26.57,26.56,23
2023-06-16 16:23:00,1508,26.5719,26.57,26.575,26.575,26.57,18
2023-06-16 16:24:00,4884,26.5643,26.57,26.57,26.57,26.555,42
2023-06-16 16:25:00,4713,26.5652,26.57,26.56,26.575,26.555,60
2023-06-16 16:26:00,3185,26.5589,26.56,26.56,26.565,26.5537,52
2023-06-16 16:27:00,3174,26.5539,26.56,26.57,26.57,26.545,52
2023-06-16 16:28:00,2309,26.5678,26.57,26.56,26.57,26.56,36
2023-06-16 16:29:00,2896,26.5579,26.56,26.555,26.56,26.55,26
2023-06-16 16:30:00,1463,26.5587,26.56,26.555,26.56,26.555,33
2023-06-16 16:31:00,1433,26.5525,26.56,26.545,26.56,26.545,32
2023-06-16 16:32:00,1597,26.5483,26.545,26.55,26.55,26.54,38
2023-06-16 16:33:00,1478,26.5488,26.55,26.55,26.55,26.55,41
2023-06-16 16:34:00,2877,26.559,26.555,26.555,26.56,26.555,50
2023-06-16 16:35:00,1005,26.56,26.56,26.56,26.56,26.56,24
2023-06-16 16:36:00,1845,26.5606,26.56,26.565,26.565,26.56,28
2023-06-16 16:37:00,1833,26.5689,26.5605,26.57,26.57,26.5605,32
2023-06-16 16:38:00,1720,26.5691,26.57,26.56,26.5705,26.56,20
2023-06-16 16:39:00,353,26.5678,26.57,26.57,26.57,26.57,9
2023-06-16 16:40:00,3402,26.562,26.56,26.575,26.575,26.555,66
2023-06-16 16:41:00,2639,26.5887,26.58,26.595,26.595,26.58,37
2023-06-16 16:42:00,2334,26.5886,26.5905,26.585,26.5905,26.585,39
2023-06-16 16:43:00,804,26.5812,26.58,26.58,26.58,26.58,11
2023-06-16 16:44:00,112,26.5799,26.58,26.58,26.58,26.58,4
2023-06-16 16:45:00,2681,26.5778,26.585,26.575,26.585,26.57,53
2023-06-16 16:46:00,3853,26.5825,26.575,26.595,26.595,26.575,52
2023-06-16 16:47:00,153,26.5901,26.59,26.59,26.59,26.59,4
2023-06-16 16:48:00,6722,26.5933,26.6,26.59,26.6,26.585,78
2023-06-16 16:49:00,3428,26.5979,26.585,26.61,26.61,26.585,51
2023-06-16 16:50:00,2366,26.6022,26.61,26.6,26.61,26.595,45
2023-06-16 16:51:00,469,26.6063,26.605,26.605,26.605,26.605,11
2023-06-16 16:52:00,182,26.6177,26.62,26.62,26.62,26.62,5
2023-06-16 16:53:00,300,26.6215,26.62,26.62,26.62,26.62,8
2023-06-16 16:54:00,2176,26.6188,26.62,26.62,26.62,26.61,46
2023-06-16 16:55:00,593,26.6198,26.62,26.62,26.62,26.62,14
2023-06-16 16:56:00,208,26.6203,26.62,26.62,26.62,26.62,6
2023-06-16 16:57:00,5227,26.6381,26.625,26.64,26.645,26.625,89
2023-06-16 16:58:00,3202,26.6443,26.635,26.655,26.655,26.635,47
2023-06-16 16:59:00,6282,26.6474,26.655,26.65,26.66,26.64,73
2023-06-16 17:00:00,624,26.6379,26.645,26.645,26.645,26.645,13
2023-06-16 17:02:00,3999,26.6401,26.64,26.64,26.64,26.635,43
2023-06-16 17:03:00,1682,26.6391,26.64,26.63,26.64,26.63,27
2023-06-16 17:06:00,2868,26.6264,26.63,26.615,26.63,26.615,32
2023-06-16 17:07:00,972,26.6179,26.615,26.615,26.62,26.615,23
2023-06-16 17:08:00,503,26.6127,26.61,26.61,26.61,26.61,21
2023-06-16 17:09:00,3542,26.6105,26.615,26.615,26.615,26.61,45
2023-06-16 17:10:00,1862,26.6094,26.61,26.61,26.61,26.61,26
2023-06-16 17:11:00,1111,26.6048,26.605,26.6,26.605,26.6,25
2023-06-16 17:12:00,10113,26.5842,26.6,26.585,26.6,26.58,52
2023-06-16 17:13:00,3681,26.5799,26.58,26.58,26.585,26.58,64
2023-06-16 17:15:00,3232,26.59,26.59,26.585,26.6,26.585,62
2023-06-16 17:16:00,3492,26.596,26.59,26.595,26.6,26.59,40
2023-06-16 17:18:00,2721,26.6125,26.6,26.625,26.625,26.6,41
2023-06-16 17:19:00,2398,26.6164,26.62,26.62,26.62,26.62,35
2023-06-16 17:20:00,1154,26.6166,26.62,26.61,26.62,26.61,27
2023-06-16 17:21:00,423,26.6224,26.62,26.625,26.625,26.62,10
2023-06-16 17:22:00,2964,26.6213,26.62,26.63,26.63,26.61,56
2023-06-16 17:24:00,2558,26.6391,26.635,26.635,26.64,26.635,37
2023-06-16 17:26:00,313,26.6368,26.635,26.635,26.64,26.635,7
2023-06-16 17:27:00,2167,26.6287,26.63,26.625,26.63,26.625,35
2023-06-16 17:28:00,2526,26.6181,26.62,26.61,26.62,26.61,37
2023-06-16 17:29:00,3478,26.6033,26.61,26.6,26.61,26.6,46
2023-06-16 17:30:00,5895,26.5977,26.61,26.58,26.61,26.58,78
2023-06-16 17:31:00,1724,26.5717,26.575,26.56,26.575,26.56,22
2023-06-16 17:32:00,2904,26.5596,26.565,26.555,26.57,26.555,54
2023-06-16 17:33:00,1884,26.5726,26.56,26.56,26.56,26.56,40
2023-06-16 17:34:00,1308,26.5584,26.565,26.56,26.565,26.56,31
2023-06-16 17:35:00,927,26.5602,26.56,26.565,26.565,26.56,16
2023-06-16 17:36:00,3958,26.5539,26.565,26.54,26.565,26.54,63
2023-06-16 17:37:00,2715,26.5398,26.545,26.54,26.545,26.535,37
2023-06-16 17:38:00,3140,26.539,26.535,26.54,26.54,26.535,54
2023-06-16 17:40:00,2192,26.5384,26.535,26.54,26.54,26.53,51
2023-06-16 17:42:00,1517,26.5398,26.545,26.53,26.545,26.53,27
2023-06-16 17:43:00,1066,26.54,26.54,26.545,26.545,26.54,18
2023-06-16 17:44:00,789,26.5497,26.55,26.55,26.55,26.55,24
2023-06-16 17:45:00,816,26.56,26.56,26.57,26.57,26.56,22
2023-06-16 17:46:00,2562,26.5646,26.57,26.58,26.58,26.57,59
2023-06-16 17:47:00,788,26.5741,26.58,26.575,26.58,26.575,22
2023-06-16 17:48:00,6015,26.5652,26.57,26.56,26.57,26.56,73
2023-06-16 17:49:00,1736,26.568,26.57,26.565,26.57,26.565,45
2023-06-16 17:50:00,2078,26.577,26.57,26.58,26.58,26.57,44
2023-06-16 17:51:00,3001,26.5879,26.59,26.585,26.59,26.585,29
2023-06-16 17:52:00,453,26.5857,26.5888,26.585,26.5888,26.585,16
2023-06-16 17:54:00,1162,26.59,26.59,26.59,26.59,26.59,44
2023-06-16 17:55:00,3218,26.59,26.59,26.59,26.59,26.59,30
2023-06-16 17:56:00,2254,26.5948,26.6,26.6,26.605,26.6,34
2023-06-16 17:57:00,2891,26.5953,26.6,26.595,26.6,26.59,49
2023-06-16 17:58:00,488,26.5958,26.5975,26.595,26.5975,26.595,7
2023-06-16 17:59:00,1573,26.5994,26.6,26.6,26.6,26.6,35
2023-06-16 18:00:00,3623,26.5961,26.6,26.585,26.605,26.585,59
2023-06-16 18:01:00,1397,26.5838,26.585,26.58,26.585,26.58,30
2023-06-16 18:02:00,2411,26.5691,26.575,26.565,26.575,26.5601,26
2023-06-16 18:03:00,332,26.5652,26.5675,26.565,26.5675,26.565,13
2023-06-16 18:04:00,2559,26.5581,26.56,26.555,26.56,26.55,52
2023-06-16 18:05:00,2529,26.5586,26.555,26.565,26.565,26.555,46
2023-06-16 18:06:00,3875,26.5705,26.57,26.565,26.57,26.565,49
2023-06-16 18:07:00,3768,26.5723,26.57,26.575,26.58,26.57,68
2023-06-16 18:08:00,1865,26.5761,26.575,26.58,26.58,26.5735,40
2023-06-16 18:09:00,301,26.5862,26.59,26.59,26.59,26.59,13
2023-06-16 18:11:00,8590,26.571,26.585,26.555,26.585,26.555,110
2023-06-16 18:12:00,2176,26.5496,26.555,26.545,26.555,26.545,43
2023-06-16 18:13:00,742,26.5487,26.545,26.545,26.545,26.545,22
2023-06-16 18:14:00,1799,26.5426,26.545,26.5401,26.545,26.5401,24
2023-06-16 18:15:00,2957,26.5504,26.54,26.555,26.555,26.54,67
2023-06-16 18:16:00,2012,26.5641,26.56,26.575,26.5753,26.56,57
2023-06-16 18:17:00,3574,26.5825,26.58,26.59,26.595,26.58,72
2023-06-16 18:18:00,502,26.5949,26.595,26.6,26.6,26.595,14
2023-06-16 18:19:00,7538,26.5862,26.595,26.58,26.595,26.57,83
2023-06-16 18:20:00,1465,26.5701,26.575,26.57,26.575,26.57,42
2023-06-16 18:21:00,2555,26.5677,26.575,26.56,26.575,26.56,31
2023-06-16 18:22:00,26898,26.5433,26.56,26.535,26.56,26.53,276
2023-06-16 18:23:00,3184,26.5387,26.54,26.545,26.545,26.535,69
2023-06-16 18:24:00,234,26.5357,26.535,26.535,26.535,26.535,2
2023-06-16 18:25:00,4406,26.5309,26.535,26.525,26.54,26.52,73
2023-06-16 18:26:00,2179,26.5314,26.53,26.53,26.535,26.53,39
2023-06-16 18:27:00,817,26.5459,26.53,26.53,26.53,26.53,11
2023-06-16 18:28:00,2851,26.5372,26.53,26.54,26.54,26.53,63
2023-06-16 18:29:00,4408,26.5547,26.55,26.555,26.56,26.55,65
2023-06-16 18:30:00,3549,26.5502,26.55,26.545,26.555,26.545,53
2023-06-16 18:31:00,3667,26.527,26.54,26.51,26.545,26.51,73
2023-06-16 18:32:00,5901,26.4942,26.5,26.48,26.5,26.48,91
2023-06-16 18:33:00,6585,26.4949,26.49,26.495,26.5,26.49,78
2023-06-16 18:34:00,1294,26.4879,26.49,26.48,26.49,26.48,27
2023-06-16 18:35:00,516,26.4838,26.485,26.485,26.485,26.485,22
2023-06-16 18:36:00,8030,26.4928,26.48,26.495,26.5,26.48,127
2023-06-16 18:37:00,2520,26.4973,26.5,26.5,26.5,26.49,67
2023-06-16 18:38:00,11168,26.5018,26.505,26.49,26.51,26.49,61
2023-06-16 18:39:00,6068,26.487,26.49,26.47,26.4908,26.47,77
2023-06-16 18:40:00,1590,26.4667,26.47,26.455,26.475,26.455,39
2023-06-16 18:41:00,2278,26.4468,26.45,26.44,26.45,26.44,46
2023-06-16 18:42:00,3451,26.4393,26.435,26.44,26.44,26.435,42
2023-06-16 18:43:00,5144,26.4307,26.44,26.43,26.44,26.42,104
2023-06-16 18:44:00,8453,26.4199,26.43,26.4,26.435,26.4,84
2023-06-16 18:45:00,34689,26.3921,26.4,26.405,26.405,26.375,421
2023-06-16 18:46:00,4941,26.3997,26.405,26.405,26.405,26.39,62
2023-06-16 18:47:00,8424,26.4004,26.405,26.39,26.405,26.39,93
2023-06-16 18:48:00,653,26.3905,26.39,26.39,26.39,26.39,17
2023-06-16 18:49:00,13222,26.3965,26.395,26.395,26.405,26.39,150
2023-06-16 18:50:00,4536,26.3965,26.39,26.4,26.4,26.39,75
2023-06-16 18:51:00,8010,26.4179,26.405,26.435,26.435,26.405,93
2023-06-16 18:52:00,5266,26.4528,26.44,26.455,26.46,26.44,82
2023-06-16 18:53:00,6854,26.4547,26.45,26.45,26.465,26.45,79
2023-06-16 18:54:00,16485,26.4355,26.44,26.425,26.44,26.425,185
2023-06-16 18:55:00,2067,26.4297,26.43,26.42,26.43,26.42,29
2023-06-16 18:56:00,5834,26.4227,26.42,26.425,26.43,26.41,91
2023-06-16 18:57:00,4083,26.4369,26.435,26.455,26.455,26.425,68
2023-06-16 18:58:00,2308,26.4678,26.46,26.47,26.48,26.46,44
2023-06-16 18:59:00,2434,26.4698,26.475,26.465,26.475,26.465,46
2023-06-16 19:00:00,8237,26.471,26.47,26.455,26.48,26.455,120
2023-06-16 19:01:00,3151,26.4517,26.455,26.445,26.455,26.445,43
2023-06-16 19:02:00,6351,26.4495,26.45,26.455,26.455,26.445,111
2023-06-16 19:03:00,2838,26.4656,26.46,26.48,26.48,26.46,60
2023-06-16 19:04:00,3177,26.4788,26.48,26.475,26.48,26.475,57
2023-06-16 19:05:00,3411,26.4721,26.475,26.465,26.48,26.465,51
2023-06-16 19:06:00,2943,26.4696,26.47,26.465,26.47,26.465,58
2023-06-16 19:07:00,14020,26.439,26.46,26.43,26.46,26.42,144
2023-06-16 19:08:00,1877,26.4362,26.4375,26.435,26.4375,26.43,20
2023-06-16 19:09:00,1008,26.4352,26.43,26.435,26.4375,26.43,24
2023-06-16 19:10:00,3101,26.4266,26.43,26.42,26.43,26.42,59
2023-06-16 19:11:00,5975,26.4154,26.425,26.415,26.425,26.4,111
2023-06-16 19:12:00,2735,26.4201,26.42,26.42,26.42,26.42,57
2023-06-16 19:13:00,1072,26.4119,26.42,26.4,26.42,26.4,32
2023-06-16 19:14:00,5158,26.3996,26.405,26.4,26.405,26.39,96
2023-06-16 19:15:00,3947,26.408,26.4,26.4,26.41,26.4,67
2023-06-16 19:16:00,2940,26.4001,26.405,26.41,26.41,26.3901,46
2023-06-16 19:17:00,10652,26.4062,26.41,26.41,26.41,26.395,133
2023-06-16 19:18:00,7879,26.3925,26.41,26.38,26.41,26.37,87
2023-06-16 19:19:00,19035,26.3674,26.38,26.38,26.385,26.36,208
2023-06-16 19:20:00,6348,26.401,26.38,26.41,26.41,26.38,81
2023-06-16 19:21:00,5565,26.4041,26.4,26.395,26.41,26.395,84
2023-06-16 19:22:00,6938,26.3899,26.39,26.385,26.395,26.385,74
2023-06-16 19:23:00,4074,26.3839,26.39,26.385,26.39,26.38,65
2023-06-16 19:24:00,956,26.3824,26.38,26.385,26.385,26.38,25
2023-06-16 19:25:00,11837,26.3795,26.38,26.3775,26.38,26.37,159
2023-06-16 19:26:00,7544,26.3826,26.375,26.375,26.39,26.37,94
2023-06-16 19:27:00,6056,26.3745,26.38,26.365,26.38,26.365,83
2023-06-16 19:28:00,9431,26.364,26.36,26.375,26.375,26.35,115
2023-06-16 19:29:00,12492,26.3845,26.375,26.385,26.39,26.375,71
2023-06-16 19:30:00,16877,26.3809,26.385,26.385,26.4,26.37,194
2023-06-16 19:31:00,1694,26.3892,26.385,26.39,26.395,26.385,34
2023-06-16 19:32:00,5408,26.3826,26.395,26.37,26.395,26.37,92
2023-06-16 19:33:00,7928,26.3648,26.37,26.365,26.37,26.36,94
2023-06-16 19:34:00,12459,26.371,26.37,26.37,26.38,26.36,171
2023-06-16 19:35:00,27279,26.3693,26.37,26.37,26.38,26.36,290
2023-06-16 19:36:00,5540,26.3826,26.37,26.385,26.39,26.37,82
2023-06-16 19:37:00,15411,26.3886,26.38,26.39,26.39,26.38,154
2023-06-16 19:38:00,4044,26.3868,26.39,26.385,26.39,26.38,53
2023-06-16 19:39:00,26249,26.3804,26.38,26.39,26.39,26.37,267
2023-06-16 19:40:00,19755,26.3764,26.395,26.365,26.395,26.36,175
2023-06-16 19:41:00,19018,26.3681,26.37,26.35,26.375,26.35,131
2023-06-16 19:42:00,13952,26.3496,26.35,26.34,26.36,26.34,149
2023-06-16 19:43:00,24254,26.3359,26.34,26.335,26.35,26.325,186
2023-06-16 19:44:00,24063,26.3392,26.33,26.335,26.35,26.33,219
2023-06-16 19:45:00,30756,26.3327,26.33,26.35,26.35,26.32,289
2023-06-16 19:46:00,19473,26.3527,26.35,26.355,26.36,26.34,125
2023-06-16 19:47:00,33205,26.3761,26.355,26.405,26.405,26.355,296
2023-06-16 19:48:00,15490,26.3882,26.41,26.4,26.41,26.385,113
2023-06-16 19:49:00,23172,26.3918,26.4,26.39,26.405,26.38,200
2023-06-16 19:50:00,73493,26.4807,26.4,26.51,26.51,26.4,514
2023-06-16 19:51:00,23830,26.5217,26.51,26.5,26.54,26.5,189
2023-06-16 19:52:00,18738,26.4898,26.5,26.48,26.505,26.48,191
2023-06-16 19:53:00,30428,26.4776,26.48,26.47,26.4875,26.47,320
2023-06-16 19:54:00,13492,26.4729,26.475,26.47,26.48,26.47,143
2023-06-16 19:55:00,67977,26.4846,26.475,26.49,26.505,26.47,507
2023-06-16 19:56:00,62762,26.4742,26.49,26.45,26.495,26.45,414
2023-06-16 19:57:00,56521,26.4545,26.46,26.445,26.465,26.44,394
2023-06-16 19:58:00,48757,26.4511,26.445,26.455,26.46,26.44,397
2023-06-16 19:59:00,141241,26.4414,26.455,26.43,26.46,26.43,906
2023-06-16 20:00:00,16543,26.43,26.43,26.43,26.43,26.43,13
2023-06-16 20:16:00,2252,26.43,26.43,26.43,26.43,26.43,3
