t,v,vw,o,c,h,l,n
2024-05-20 08:27:00,161,49.1037,49.07,49.07,49.07,49.07,3
2024-05-20 11:08:00,200,48.97,48.97,48.97,48.97,48.97,1
2024-05-20 11:28:00,278,49.0718,49.1,49.1,49.1,49.1,7
2024-05-20 11:39:00,1309,48.7948,48.8,48.8,48.8,48.8,7
2024-05-20 11:41:00,300,48.75,48.75,48.75,48.75,48.75,1
2024-05-20 11:45:00,155,49.0,49.0,49.0,49.0,49.0,2
2024-05-20 11:51:00,500,48.986,48.98,48.99,48.99,48.98,4
2024-05-20 12:00:00,1168,49.0146,49.0,49.1,49.12,48.73,22
2024-05-20 12:07:00,103,49.0003,48.99,48.99,48.99,48.99,3
2024-05-20 12:09:00,100,48.99,48.99,48.99,48.99,48.99,1
2024-05-20 12:18:00,6000,48.9869,48.99,48.99,48.99,48.89,6
2024-05-20 12:19:00,2070,48.7478,48.75,48.75,48.75,48.75,8
2024-05-20 12:23:00,2309,48.6996,48.72,48.7,48.72,48.7,5
2024-05-20 12:26:00,553,48.7014,48.7,48.7,48.7,48.7,4
2024-05-20 12:29:00,270,48.6796,48.74,48.74,48.74,48.74,7
2024-05-20 12:32:00,1200,48.74,48.74,48.74,48.74,48.74,1
2024-05-20 12:39:00,485,48.6364,48.67,48.67,48.67,48.67,12
2024-05-20 12:40:00,442,48.5182,48.51,48.5,48.51,48.5,7
2024-05-20 12:44:00,1000,48.68,48.68,48.68,48.68,48.68,1
2024-05-20 12:47:00,275,48.5527,48.51,48.51,48.51,48.51,6
2024-05-20 12:49:00,1177,48.539,48.55,48.52,48.55,48.51,8
2024-05-20 12:53:00,951,48.5626,48.56,48.57,48.57,48.56,14
2024-05-20 13:13:00,280,48.5664,48.56,48.57,48.57,48.56,3
2024-05-20 13:28:00,631,48.5293,48.6,48.6,48.6,48.6,31
2024-05-20 13:30:00,34027,48.4547,48.46,48.47,48.49,48.32,281
2024-05-20 13:31:00,8132,48.3446,48.3085,48.4411,48.4411,48.24,97
2024-05-20 13:32:00,4921,48.3539,48.44,48.2,48.6,48.2,60
2024-05-20 13:33:00,7809,48.2327,48.18,48.3626,48.4599,48.1,75
2024-05-20 13:34:00,15892,48.2928,48.26,48.29,48.4,48.18,165
2024-05-20 13:35:00,2121,48.2504,48.29,48.27,48.29,48.195,35
2024-05-20 13:36:00,8271,48.0934,48.12,48.055,48.195,48.01,144
2024-05-20 13:37:00,8345,48.0092,48.1149,47.94,48.1149,47.9,246
2024-05-20 13:38:00,7856,47.9211,47.97,47.8158,48.0,47.8,126
2024-05-20 13:39:00,3844,47.8626,47.757,47.9775,47.9775,47.757,61
2024-05-20 13:40:00,6241,47.9896,48.055,48.04,48.055,47.87,61
2024-05-20 13:41:00,12131,47.7873,47.985,47.7653,48.0,47.73,176
2024-05-20 13:42:00,3712,47.8649,47.8,47.94,47.94,47.765,58
2024-05-20 13:43:00,3860,47.7861,47.8,47.75,47.8212,47.75,75
2024-05-20 13:44:00,36890,47.7139,47.81,47.87,47.87,47.59,425
2024-05-20 13:45:00,8704,47.8438,47.785,47.81,47.98,47.76,106
2024-05-20 13:46:00,3200,47.7578,47.79,47.78,47.795,47.71,37
2024-05-20 13:47:00,7800,47.7506,47.682,47.895,47.895,47.68,106
2024-05-20 13:48:00,3645,47.9394,47.97,47.8721,47.97,47.855,39
2024-05-20 13:50:00,9060,47.9169,47.94,47.9522,48.01,47.86,108
2024-05-20 13:51:00,2302,47.9895,48.0,48.03,48.05,47.95,43
2024-05-20 13:52:00,2981,48.0357,48.05,48.05,48.07,48.0061,59
2024-05-20 13:53:00,5615,48.1506,48.0008,48.17,48.2,48.0008,46
2024-05-20 13:54:00,5904,48.1683,48.2514,48.03,48.26,48.03,96
2024-05-20 13:55:00,1318,48.0851,48.1199,48.1199,48.1199,48.1199,38
2024-05-20 13:56:00,823,48.184,48.15,48.15,48.2315,48.15,25
2024-05-20 13:57:00,1507,48.1431,48.14,48.19,48.195,48.08,37
2024-05-20 13:58:00,2753,48.1663,48.19,48.24,48.24,48.13,42
2024-05-20 13:59:00,2768,48.2504,48.2,48.23,48.3,48.17,55
2024-05-20 14:00:00,4819,48.325,48.23,48.4,48.4,48.23,76
2024-05-20 14:01:00,18523,48.5043,48.4,48.5001,48.59,48.35,146
2024-05-20 14:02:00,8240,48.5992,48.555,48.58,48.6941,48.5,121
2024-05-20 14:03:00,928,48.6399,48.66,48.635,48.66,48.59,28
2024-05-20 14:04:00,2352,48.6053,48.66,48.53,48.66,48.53,46
2024-05-20 14:05:00,3445,48.5478,48.49,48.59,48.6,48.49,37
2024-05-20 14:06:00,1605,48.6444,48.64,48.64,48.67,48.605,50
2024-05-20 14:07:00,3489,48.7205,48.7,48.745,48.78,48.7,67
2024-05-20 14:08:00,2187,48.8151,48.77,48.855,48.9,48.76,61
2024-05-20 14:09:00,7266,48.8323,48.85,48.945,48.95,48.8101,40
2024-05-20 14:10:00,4804,48.9588,48.95,48.88,49.05,48.88,99
2024-05-20 14:11:00,2976,48.7284,48.83,48.59,48.83,48.59,57
2024-05-20 14:12:00,5261,48.5214,48.56,48.5,48.56,48.49,51
2024-05-20 14:13:00,2375,48.4589,48.4677,48.395,48.4999,48.3101,24
2024-05-20 14:14:00,6648,48.4311,48.39,48.43,48.46,48.3307,94
2024-05-20 14:15:00,3836,48.3536,48.425,48.36,48.435,48.3,64
2024-05-20 14:16:00,5503,48.256,48.325,48.21,48.37,48.2004,61
2024-05-20 14:17:00,4017,48.1951,48.21,48.24,48.245,48.165,37
2024-05-20 14:18:00,4301,48.1462,48.28,48.11,48.28,48.11,72
2024-05-20 14:19:00,3068,48.0926,48.11,48.085,48.12,48.05,93
2024-05-20 14:20:00,1720,48.2127,48.21,48.22,48.26,48.21,49
2024-05-20 14:21:00,3703,48.3304,48.27,48.3599,48.3599,48.27,63
2024-05-20 14:22:00,6624,48.0988,48.22,48.05,48.32,48.04,91
2024-05-20 14:23:00,806,48.084,48.1,48.08,48.1,48.08,27
2024-05-20 14:24:00,1350,48.1484,48.13,48.11,48.135,48.0975,36
2024-05-20 14:25:00,2277,48.1503,48.0745,48.16,48.18,48.0745,57
2024-05-20 14:26:00,2421,48.0996,48.1,48.1599,48.1599,48.05,65
2024-05-20 14:27:00,883,48.0652,48.105,48.105,48.105,48.029,21
2024-05-20 14:29:00,1848,48.1165,48.15,48.09,48.15,48.09,56
2024-05-20 14:30:00,1397,48.1419,48.11,48.2099,48.2099,48.11,49
2024-05-20 14:31:00,660,48.0965,48.09,48.1,48.1,48.09,27
2024-05-20 14:32:00,729,48.1492,48.15,48.1612,48.1612,48.1223,30
2024-05-20 14:33:00,2748,48.177,48.17,48.13,48.255,48.13,73
2024-05-20 14:34:00,3622,48.2142,48.1098,48.33,48.33,48.1098,69
2024-05-20 14:35:00,3245,48.3477,48.405,48.305,48.4387,48.3,64
2024-05-20 14:36:00,1288,48.2826,48.29,48.2836,48.29,48.24,17
2024-05-20 14:37:00,2189,48.3444,48.35,48.345,48.35,48.335,34
2024-05-20 14:38:00,3125,48.2938,48.34,48.32,48.34,48.26,65
2024-05-20 14:39:00,6441,48.2626,48.2801,48.19,48.2801,48.18,65
2024-05-20 14:40:00,1471,48.2058,48.22,48.1601,48.22,48.1601,64
2024-05-20 14:41:00,1772,48.2381,48.2234,48.28,48.28,48.2,55
2024-05-20 14:42:00,2273,48.233,48.2201,48.235,48.26,48.22,42
2024-05-20 14:43:00,2000,48.2339,48.24,48.195,48.2529,48.195,66
2024-05-20 14:44:00,9693,48.1595,48.17,48.18,48.195,48.1,82
2024-05-20 14:45:00,1389,48.1702,48.2,48.11,48.21,48.11,43
2024-05-20 14:46:00,959,48.1516,48.175,48.116,48.18,48.116,19
2024-05-20 14:47:00,1171,48.1444,48.1355,48.13,48.19,48.12,39
2024-05-20 14:48:00,10020,48.0672,48.1754,48.085,48.1754,48.05,90
2024-05-20 14:49:00,6299,48.091,48.04,48.0792,48.13,48.04,63
2024-05-20 14:50:00,2972,48.1133,48.1,48.0634,48.17,48.0634,72
2024-05-20 14:51:00,3612,48.1458,48.0708,48.2,48.22,48.0708,53
2024-05-20 14:52:00,1095,48.2625,48.245,48.28,48.28,48.245,29
2024-05-20 14:53:00,1680,48.2564,48.27,48.255,48.31,48.24,42
2024-05-20 14:54:00,773,48.2351,48.26,48.21,48.26,48.21,23
2024-05-20 14:55:00,729,48.2387,48.25,48.21,48.25,48.21,24
2024-05-20 14:56:00,428,48.2176,48.2,48.2,48.2,48.2,22
2024-05-20 14:57:00,1650,48.1934,48.2,48.175,48.2375,48.13,58
2024-05-20 14:58:00,3856,48.144,48.15,48.13,48.18,48.13,77
2024-05-20 14:59:00,1751,48.1619,48.18,48.18,48.18,48.14,61
2024-05-20 15:00:00,1916,48.1869,48.16,48.2,48.2,48.16,32
2024-05-20 15:01:00,3808,48.1358,48.18,48.09,48.18,48.09,90
2024-05-20 15:02:00,7483,48.0004,48.03,47.95,48.05,47.95,122
2024-05-20 15:03:00,8442,47.9111,47.95,47.9499,47.95,47.821,131
2024-05-20 15:04:00,3583,47.8879,47.915,47.87,47.915,47.87,69
2024-05-20 15:05:00,4041,47.8837,47.8701,47.85,47.915,47.85,63
2024-05-20 15:06:00,4020,47.8423,47.85,47.84,47.87,47.8,66
2024-05-20 15:07:00,9459,47.7757,47.8,47.81,47.85,47.75,89
2024-05-20 15:08:00,2341,47.8345,47.79,47.86,47.86,47.78,71
2024-05-20 15:09:00,600,47.8704,47.88,47.87,47.88,47.87,26
2024-05-20 15:10:00,1226,47.8392,47.85,47.82,47.85,47.82,40
2024-05-20 15:11:00,3817,47.8927,47.8433,47.9,47.96,47.8433,84
2024-05-20 15:12:00,2159,47.8802,47.9,47.87,47.902,47.86,43
2024-05-20 15:13:00,262,47.8846,47.89,47.89,47.89,47.89,23
2024-05-20 15:14:00,2141,47.8443,47.85,47.82,47.8512,47.82,55
2024-05-20 15:15:00,1076,47.8467,47.8284,47.83,47.85,47.8284,33
2024-05-20 15:16:00,1772,47.8354,47.83,47.845,47.845,47.81,47
2024-05-20 15:17:00,4023,47.9363,47.84,48.0499,48.0499,47.82,64
2024-05-20 15:18:00,1578,47.9571,47.995,47.96,47.995,47.94,51
2024-05-20 15:19:00,947,47.9475,47.94,47.96,47.96,47.92,24
2024-05-20 15:20:00,2530,47.9592,47.9615,47.98,47.98,47.94,36
2024-05-20 15:21:00,2706,48.0133,48.0,48.03,48.06,47.99,61
2024-05-20 15:22:00,1142,48.0514,48.03,48.11,48.11,48.03,33
2024-05-20 15:23:00,5218,48.1038,48.1,48.16,48.16,48.05,80
2024-05-20 15:24:00,3055,48.182,48.18,48.27,48.27,48.1701,42
2024-05-20 15:25:00,980,48.297,48.28,48.3,48.3,48.28,42
2024-05-20 15:26:00,5984,48.349,48.32,48.44,48.5,48.298,73
2024-05-20 15:27:00,6854,48.488,48.4876,48.5655,48.61,48.455,91
2024-05-20 15:28:00,2465,48.5515,48.565,48.54,48.5693,48.53,65
2024-05-20 15:29:00,5327,48.5445,48.535,48.545,48.545,48.535,36
2024-05-20 15:30:00,5666,48.4901,48.565,48.42,48.57,48.41,126
2024-05-20 15:31:00,1721,48.3886,48.39,48.33,48.443,48.33,46
2024-05-20 15:32:00,3582,48.3438,48.385,48.32,48.385,48.3141,54
2024-05-20 15:33:00,2423,48.358,48.34,48.37,48.37,48.3329,40
2024-05-20 15:34:00,716,48.3815,48.35,48.4,48.4,48.35,22
2024-05-20 15:35:00,1316,48.3773,48.4,48.38,48.4,48.3675,26
2024-05-20 15:36:00,3255,48.3054,48.365,48.3,48.365,48.25,83
2024-05-20 15:37:00,8761,48.2627,48.26,48.33,48.33,48.23,79
2024-05-20 15:38:00,968,48.3069,48.32,48.33,48.33,48.3,35
2024-05-20 15:39:00,1639,48.2568,48.3,48.22,48.3,48.22,69
2024-05-20 15:40:00,1917,48.2104,48.19,48.24,48.24,48.18,55
2024-05-20 15:42:00,824,48.2176,48.235,48.24,48.24,48.2,28
2024-05-20 15:43:00,4636,48.2321,48.1937,48.2,48.25,48.18,61
2024-05-20 15:44:00,6583,48.2539,48.26,48.27,48.29,48.24,67
2024-05-20 15:45:00,4587,48.2111,48.25,48.2,48.25,48.18,40
2024-05-20 15:46:00,1963,48.2247,48.2,48.225,48.24,48.2,47
2024-05-20 15:47:00,3202,48.2598,48.225,48.31,48.32,48.225,76
2024-05-20 15:48:00,5636,48.3073,48.33,48.27,48.36,48.25,108
2024-05-20 15:49:00,3158,48.4599,48.33,48.495,48.5299,48.33,57
2024-05-20 15:50:00,474,48.4574,48.51,48.51,48.51,48.51,17
2024-05-20 15:51:00,2582,48.4137,48.46,48.37,48.46,48.37,58
2024-05-20 15:52:00,1222,48.3877,48.39,48.374,48.39,48.374,19
2024-05-20 15:53:00,3483,48.3427,48.4,48.3,48.4,48.3,103
2024-05-20 15:54:00,1914,48.3494,48.34,48.35,48.35,48.34,26
2024-05-20 15:55:00,764,48.3266,48.32,48.335,48.35,48.31,20
2024-05-20 15:56:00,588,48.3735,48.38,48.345,48.38,48.345,24
2024-05-20 15:57:00,324,48.3614,48.35,48.36,48.36,48.35,20
2024-05-20 15:58:00,1566,48.3715,48.4,48.35,48.4,48.35,48
2024-05-20 15:59:00,643,48.3564,48.36,48.35,48.36,48.35,18
2024-05-20 16:00:00,882,48.3598,48.375,48.36,48.375,48.35,25
2024-05-20 16:01:00,2514,48.4141,48.4,48.4799,48.4799,48.385,57
2024-05-20 16:02:00,8874,48.4876,48.48,48.48,48.52,48.475,67
2024-05-20 16:03:00,4780,48.4442,48.525,48.4899,48.56,48.37,90
2024-05-20 16:04:00,1275,48.4271,48.4,48.42,48.42,48.4,25
2024-05-20 16:05:00,1595,48.3735,48.4,48.34,48.41,48.34,43
2024-05-20 16:07:00,323,48.3521,48.34,48.365,48.365,48.34,14
2024-05-20 16:08:00,731,48.3282,48.33,48.33,48.33,48.33,27
2024-05-20 16:09:00,2487,48.368,48.36,48.375,48.41,48.36,58
2024-05-20 16:11:00,1137,48.3778,48.38,48.39,48.39,48.37,31
2024-05-20 16:12:00,2226,48.3817,48.37,48.375,48.4,48.37,61
2024-05-20 16:13:00,435,48.3653,48.335,48.335,48.335,48.335,22
2024-05-20 16:14:00,1594,48.2872,48.315,48.29,48.315,48.27,38
2024-05-20 16:15:00,335,48.3076,48.315,48.2888,48.315,48.2888,10
2024-05-20 16:16:00,7677,48.2853,48.27,48.365,48.365,48.27,80
2024-05-20 16:17:00,3480,48.3757,48.3401,48.4296,48.43,48.3401,24
2024-05-20 16:18:00,2171,48.351,48.39,48.33,48.39,48.33,36
2024-05-20 16:19:00,158,48.3313,48.33,48.33,48.33,48.33,8
2024-05-20 16:20:00,356,48.3182,48.3,48.3,48.3,48.3,17
2024-05-20 16:21:00,230,48.3347,48.33,48.34,48.34,48.33,8
2024-05-20 16:23:00,4540,48.3704,48.35,48.335,48.395,48.33,94
2024-05-20 16:24:00,1508,48.3185,48.31,48.34,48.34,48.31,39
2024-05-20 16:25:00,3845,48.3595,48.34,48.39,48.43,48.32,63
2024-05-20 16:26:00,1100,48.3619,48.36,48.35,48.36,48.35,25
2024-05-20 16:27:00,1892,48.3467,48.33,48.38,48.38,48.31,42
2024-05-20 16:28:00,951,48.3816,48.4,48.39,48.4,48.39,29
2024-05-20 16:29:00,774,48.4096,48.42,48.39,48.42,48.39,23
2024-05-20 16:30:00,223,48.4002,48.395,48.395,48.395,48.395,11
2024-05-20 16:31:00,455,48.414,48.395,48.43,48.43,48.395,13
2024-05-20 16:32:00,581,48.3908,48.38,48.4,48.4,48.38,15
2024-05-20 16:33:00,939,48.4266,48.43,48.435,48.435,48.43,34
2024-05-20 16:34:00,2695,48.4331,48.44,48.42,48.4596,48.42,46
2024-05-20 16:35:00,1391,48.4553,48.45,48.455,48.47,48.45,28
2024-05-20 16:36:00,226,48.4534,48.455,48.455,48.455,48.455,12
2024-05-20 16:37:00,2137,48.4309,48.462,48.44,48.462,48.41,48
2024-05-20 16:38:00,3670,48.5005,48.44,48.57,48.57,48.44,81
2024-05-20 16:40:00,1879,48.6249,48.62,48.62,48.66,48.62,18
2024-05-20 16:41:00,3740,48.6209,48.635,48.6001,48.6699,48.6,59
2024-05-20 16:42:00,1630,48.6472,48.655,48.61,48.6899,48.61,47
2024-05-20 16:44:00,1969,48.5845,48.6,48.585,48.6,48.58,48
2024-05-20 16:45:00,1318,48.5487,48.58,48.5436,48.58,48.53,44
2024-05-20 16:46:00,839,48.5696,48.555,48.565,48.565,48.555,30
2024-05-20 16:47:00,1492,48.5572,48.59,48.51,48.609,48.51,39
2024-05-20 16:48:00,928,48.5156,48.51,48.49,48.51,48.49,30
2024-05-20 16:49:00,1482,48.5307,48.49,48.56,48.56,48.49,42
2024-05-20 16:50:00,687,48.5384,48.565,48.53,48.565,48.53,19
2024-05-20 16:51:00,481,48.5119,48.51,48.51,48.51,48.51,24
2024-05-20 16:52:00,653,48.4912,48.48,48.49,48.5,48.4658,23
2024-05-20 16:53:00,1800,48.4666,48.48,48.5234,48.5234,48.45,26
2024-05-20 16:54:00,1026,48.5303,48.49,48.54,48.55,48.49,35
2024-05-20 16:55:00,1307,48.5623,48.56,48.5475,48.59,48.5475,26
2024-05-20 16:56:00,1334,48.5495,48.55,48.54,48.56,48.54,31
2024-05-20 16:57:00,1649,48.5489,48.53,48.58,48.58,48.53,37
2024-05-20 16:58:00,3300,48.5877,48.57,48.63,48.63,48.57,62
2024-05-20 16:59:00,3478,48.6073,48.62,48.5734,48.63,48.5734,44
2024-05-20 17:00:00,1009,48.5806,48.57,48.595,48.595,48.57,21
2024-05-20 17:01:00,2179,48.579,48.6,48.55,48.6,48.55,49
2024-05-20 17:02:00,1071,48.5677,48.555,48.5501,48.58,48.5501,21
2024-05-20 17:03:00,5001,48.5379,48.54,48.57,48.57,48.5328,29
2024-05-20 17:04:00,1916,48.5509,48.5401,48.53,48.5586,48.53,32
2024-05-20 17:05:00,179,48.5417,48.545,48.545,48.545,48.545,10
2024-05-20 17:06:00,2807,48.5841,48.55,48.62,48.62,48.55,69
2024-05-20 17:08:00,435,48.6284,48.62,48.66,48.66,48.62,24
2024-05-20 17:09:00,751,48.6136,48.62,48.62,48.62,48.62,23
2024-05-20 17:10:00,4200,48.5446,48.58,48.5045,48.58,48.5045,58
2024-05-20 17:11:00,1038,48.526,48.545,48.53,48.545,48.51,34
2024-05-20 17:12:00,328,48.5405,48.55,48.55,48.55,48.55,20
2024-05-20 17:13:00,168,48.529,48.535,48.535,48.535,48.535,19
2024-05-20 17:14:00,842,48.5479,48.55,48.55,48.55,48.55,38
2024-05-20 17:15:00,354,48.5502,48.59,48.59,48.59,48.59,19
2024-05-20 17:16:00,143,48.5407,48.5416,48.5416,48.5416,48.5416,13
2024-05-20 17:19:00,6693,48.4937,48.51,48.515,48.52,48.47,116
2024-05-20 17:20:00,3097,48.4738,48.48,48.45,48.48,48.45,57
2024-05-20 17:21:00,495,48.4548,48.45,48.45,48.45,48.45,36
2024-05-20 17:22:00,304,48.4733,48.47,48.47,48.47,48.47,19
2024-05-20 17:23:00,5015,48.5058,48.4999,48.53,48.54,48.47,60
2024-05-20 17:24:00,574,48.5307,48.54,48.54,48.54,48.54,34
2024-05-20 17:25:00,3547,48.4469,48.51,48.37,48.51,48.37,75
2024-05-20 17:26:00,2257,48.3679,48.37,48.355,48.37,48.35,26
2024-05-20 17:27:00,40387,48.4873,48.3201,48.26,48.3201,48.235,59
2024-05-20 17:28:00,203,48.254,48.26,48.26,48.26,48.26,18
2024-05-20 17:29:00,2446,48.3109,48.255,48.34,48.34,48.255,55
2024-05-20 17:30:00,1042,48.3205,48.32,48.31,48.34,48.3,32
2024-05-20 17:31:00,2287,48.2932,48.3,48.285,48.3,48.285,32
2024-05-20 17:32:00,2522,48.2466,48.28,48.25,48.28,48.22,62
2024-05-20 17:33:00,1156,48.2541,48.25,48.25,48.26,48.25,33
2024-05-20 17:34:00,2735,48.2516,48.23,48.26,48.26,48.23,49
2024-05-20 17:35:00,1260,48.283,48.265,48.29,48.29,48.265,27
2024-05-20 17:36:00,24850,48.4824,48.29,48.31,48.31,48.2802,39
2024-05-20 17:37:00,962,48.2985,48.32,48.32,48.32,48.28,32
2024-05-20 17:38:00,1356,48.3129,48.34,48.315,48.34,48.3,49
2024-05-20 17:39:00,1594,48.3531,48.34,48.38,48.39,48.32,49
2024-05-20 17:40:00,1147,48.3907,48.4,48.415,48.45,48.3751,36
2024-05-20 17:41:00,827,48.4095,48.41,48.42,48.42,48.41,28
2024-05-20 17:42:00,4710,48.3585,48.42,48.3301,48.42,48.33,64
2024-05-20 17:43:00,1449,48.327,48.36,48.31,48.36,48.31,43
2024-05-20 17:44:00,7627,48.4375,48.4,48.415,48.545,48.38,64
2024-05-20 17:45:00,780,48.418,48.45,48.36,48.48,48.36,27
2024-05-20 17:46:00,1250,48.4265,48.44,48.47,48.47,48.41,27
2024-05-20 17:47:00,714,48.462,48.5,48.5,48.5,48.5,44
2024-05-20 17:48:00,525,48.5088,48.53,48.5,48.53,48.5,21
2024-05-20 17:49:00,3072,48.4926,48.5,48.5,48.51,48.46,78
2024-05-20 17:50:00,236,48.4806,48.49,48.49,48.49,48.49,23
2024-05-20 17:51:00,289,48.4846,48.48,48.48,48.48,48.48,16
2024-05-20 17:52:00,601,48.4621,48.46,48.46,48.46,48.46,36
2024-05-20 17:53:00,3629,48.4453,48.44,48.475,48.49,48.41,68
2024-05-20 17:54:00,1008,48.4827,48.5,48.5,48.5,48.475,30
2024-05-20 17:55:00,5793,48.3946,48.43,48.375,48.43,48.3686,106
2024-05-20 17:56:00,1488,48.3785,48.36,48.375,48.4,48.36,34
2024-05-20 17:57:00,3632,48.4103,48.4,48.45,48.45,48.39,61
2024-05-20 17:58:00,3302,48.4489,48.4505,48.45,48.4505,48.45,46
2024-05-20 17:59:00,1249,48.4487,48.45,48.45,48.455,48.427,40
2024-05-20 18:01:00,3354,48.493,48.4608,48.5,48.5199,48.4608,29
2024-05-20 18:02:00,1872,48.4522,48.46,48.445,48.47,48.44,66
2024-05-20 18:03:00,562,48.4605,48.445,48.445,48.445,48.445,25
2024-05-20 18:04:00,772,48.4714,48.46,48.46,48.46,48.46,27
2024-05-20 18:05:00,5411,48.5386,48.51,48.5,48.59,48.5,110
2024-05-20 18:06:00,2821,48.5202,48.56,48.52,48.57,48.5,52
2024-05-20 18:07:00,6451,48.554,48.525,48.58,48.61,48.525,92
2024-05-20 18:08:00,8377,48.4613,48.61,48.4,48.61,48.37,129
2024-05-20 18:09:00,4915,48.4316,48.39,48.4601,48.55,48.32,61
2024-05-20 18:10:00,681,48.5274,48.555,48.56,48.56,48.555,24
2024-05-20 18:11:00,858,48.574,48.56,48.62,48.62,48.56,28
2024-05-20 18:12:00,1730,48.5693,48.62,48.61,48.62,48.5424,27
2024-05-20 18:13:00,2991,48.6163,48.6192,48.66,48.66,48.585,59
2024-05-20 18:14:00,964,48.6484,48.65,48.645,48.69,48.62,30
2024-05-20 18:15:00,1554,48.6494,48.6625,48.65,48.68,48.65,27
2024-05-20 18:16:00,8782,48.6455,48.658,48.675,48.69,48.6,153
2024-05-20 18:17:00,984,48.6184,48.605,48.605,48.6393,48.605,38
2024-05-20 18:18:00,4258,48.5797,48.605,48.56,48.605,48.54,61
2024-05-20 18:19:00,1559,48.5597,48.55,48.565,48.57,48.54,33
2024-05-20 18:20:00,5045,48.5692,48.565,48.61,48.62,48.54,84
2024-05-20 18:21:00,2718,48.6106,48.6,48.64,48.64,48.595,47
2024-05-20 18:22:00,1462,48.619,48.65,48.61,48.65,48.61,35
2024-05-20 18:23:00,3938,48.6004,48.62,48.63,48.63,48.56,53
2024-05-20 18:24:00,1612,48.598,48.58,48.6071,48.62,48.58,23
2024-05-20 18:25:00,3950,48.5573,48.552,48.55,48.5899,48.51,66
2024-05-20 18:26:00,4392,48.6291,48.6,48.67,48.67,48.59,78
2024-05-20 18:27:00,4091,48.6747,48.65,48.675,48.71,48.65,54
2024-05-20 18:29:00,1679,48.6883,48.685,48.66,48.71,48.66,74
2024-05-20 18:30:00,2113,48.6386,48.6301,48.66,48.66,48.6301,28
2024-05-20 18:31:00,1867,48.6934,48.69,48.695,48.695,48.69,28
2024-05-20 18:32:00,1678,48.6911,48.695,48.695,48.695,48.695,32
2024-05-20 18:33:00,3383,48.7205,48.695,48.72,48.73,48.695,46
2024-05-20 18:34:00,4110,48.6747,48.71,48.64,48.71,48.63,100
2024-05-20 18:35:00,2434,48.6689,48.655,48.68,48.69,48.655,47
2024-05-20 18:36:00,215,48.6946,48.7,48.7,48.7,48.7,16
2024-05-20 18:38:00,1086,48.6789,48.6659,48.685,48.685,48.6659,32
2024-05-20 18:39:00,1866,48.6923,48.685,48.7,48.705,48.685,60
2024-05-20 18:40:00,5370,48.6961,48.705,48.67,48.72,48.66,112
2024-05-20 18:41:00,2353,48.6899,48.69,48.69,48.69,48.69,24
2024-05-20 18:42:00,2803,48.7052,48.69,48.68,48.72,48.68,67
2024-05-20 18:43:00,994,48.7041,48.67,48.7,48.7095,48.67,31
2024-05-20 18:44:00,2655,48.7192,48.71,48.7,48.73,48.6982,46
2024-05-20 18:45:00,499,48.7286,48.73,48.73,48.74,48.73,29
2024-05-20 18:46:00,666,48.7268,48.73,48.73,48.73,48.73,29
2024-05-20 18:47:00,5795,48.7794,48.715,48.83,48.84,48.715,110
2024-05-20 18:48:00,2488,48.8422,48.85,48.81,48.87,48.81,84
2024-05-20 18:49:00,1414,48.8229,48.84,48.86,48.86,48.84,39
2024-05-20 18:50:00,1385,48.8804,48.8201,48.875,48.9,48.8201,49
2024-05-20 18:51:00,919,48.8992,48.8851,48.91,48.91,48.8851,27
2024-05-20 18:52:00,4918,48.8547,48.86,48.82,48.89,48.82,76
2024-05-20 18:53:00,2700,48.7954,48.815,48.77,48.815,48.77,56
2024-05-20 18:54:00,1096,48.7729,48.77,48.78,48.78,48.76,40
2024-05-20 18:55:00,1049,48.7729,48.78,48.7899,48.7899,48.77,47
2024-05-20 18:56:00,1779,48.7814,48.78,48.78,48.79,48.76,61
2024-05-20 18:57:00,19879,48.7521,48.795,48.66,48.795,48.66,206
2024-05-20 18:58:00,13453,48.6378,48.7,48.63,48.72,48.6101,132
2024-05-20 18:59:00,1883,48.6469,48.64,48.59,48.645,48.59,69
2024-05-20 19:00:00,14265,48.4786,48.57,48.52,48.57,48.45,120
2024-05-20 19:01:00,2948,48.5676,48.51,48.6,48.6,48.48,73
2024-05-20 19:02:00,3316,48.5936,48.63,48.575,48.63,48.575,54
2024-05-20 19:03:00,921,48.6039,48.59,48.61,48.62,48.59,29
2024-05-20 19:04:00,1547,48.6619,48.65,48.65,48.67,48.65,33
2024-05-20 19:05:00,1974,48.5994,48.62,48.58,48.62,48.58,62
2024-05-20 19:06:00,1162,48.5432,48.53,48.53,48.55,48.53,27
2024-05-20 19:08:00,3583,48.4962,48.53,48.475,48.53,48.47,106
2024-05-20 19:09:00,2441,48.4585,48.45,48.44,48.45,48.435,59
2024-05-20 19:10:00,3790,48.407,48.42,48.4149,48.42,48.4,34
2024-05-20 19:11:00,8002,48.433,48.415,48.45,48.48,48.39,175
2024-05-20 19:12:00,1500,48.3966,48.42,48.41,48.42,48.3501,52
2024-05-20 19:14:00,774,48.4182,48.4,48.43,48.43,48.4,32
2024-05-20 19:15:00,1337,48.4241,48.42,48.44,48.44,48.41,47
2024-05-20 19:16:00,2340,48.4253,48.43,48.41,48.435,48.41,53
2024-05-20 19:17:00,4936,48.379,48.42,48.35,48.45,48.34,115
2024-05-20 19:18:00,1219,48.3527,48.355,48.35,48.36,48.35,34
2024-05-20 19:19:00,945,48.3432,48.35,48.34,48.35,48.34,48
2024-05-20 19:20:00,7675,48.3653,48.34,48.425,48.44,48.31,142
2024-05-20 19:21:00,2714,48.4062,48.425,48.395,48.425,48.38,66
2024-05-20 19:22:00,4215,48.4347,48.3601,48.5,48.5,48.3601,84
2024-05-20 19:23:00,1087,48.4472,48.505,48.505,48.505,48.49,44
2024-05-20 19:24:00,1535,48.5176,48.48,48.5495,48.5495,48.48,50
2024-05-20 19:25:00,3938,48.5074,48.51,48.51,48.51,48.48,70
2024-05-20 19:26:00,1438,48.554,48.56,48.57,48.57,48.53,41
2024-05-20 19:27:00,3243,48.5594,48.575,48.545,48.575,48.545,48
2024-05-20 19:28:00,990,48.5512,48.53,48.56,48.56,48.53,26
2024-05-20 19:29:00,5392,48.5664,48.56,48.59,48.59,48.51,100
2024-05-20 19:30:00,3721,48.5471,48.58,48.5,48.58,48.5,87
2024-05-20 19:31:00,5075,48.4879,48.48,48.46,48.52,48.45,62
2024-05-20 19:32:00,7222,48.4112,48.43,48.45,48.45,48.38,124
2024-05-20 19:33:00,2437,48.4124,48.39,48.43,48.43,48.39,60
2024-05-20 19:34:00,4225,48.4215,48.424,48.44,48.44,48.4101,43
2024-05-20 19:35:00,3709,48.4246,48.45,48.425,48.45,48.41,63
2024-05-20 19:36:00,4540,48.4086,48.41,48.425,48.43,48.3801,95
2024-05-20 19:37:00,11368,48.4046,48.41,48.415,48.45,48.37,138
2024-05-20 19:38:00,2713,48.4013,48.42,48.39,48.42,48.38,71
2024-05-20 19:39:00,5607,48.3622,48.385,48.37,48.385,48.35,123
2024-05-20 19:40:00,12040,48.3217,48.375,48.3,48.375,48.26,231
2024-05-20 19:41:00,2650,48.2977,48.29,48.3,48.31,48.29,71
2024-05-20 19:42:00,7082,48.2583,48.29,48.2501,48.29,48.24,160
2024-05-20 19:43:00,7158,48.2858,48.2512,48.34,48.34,48.25,153
2024-05-20 19:44:00,6356,48.3043,48.34,48.28,48.34,48.28,92
2024-05-20 19:45:00,2718,48.2705,48.2744,48.26,48.28,48.26,79
2024-05-20 19:46:00,8465,48.2923,48.26,48.38,48.38,48.245,194
2024-05-20 19:47:00,4350,48.3795,48.43,48.415,48.43,48.4,75
2024-05-20 19:48:00,7395,48.391,48.39,48.41,48.42,48.37,119
2024-05-20 19:49:00,11244,48.455,48.42,48.51,48.51,48.42,143
2024-05-20 19:50:00,7513,48.506,48.49,48.52,48.54,48.49,141
2024-05-20 19:51:00,5035,48.5758,48.55,48.63,48.63,48.55,130
2024-05-20 19:52:00,6380,48.6542,48.64,48.68,48.68,48.63,164
2024-05-20 19:53:00,9177,48.6882,48.66,48.6668,48.73,48.66,203
2024-05-20 19:54:00,11189,48.8034,48.72,48.89,48.895,48.72,214
2024-05-20 19:55:00,23343,48.829,48.89,48.81,48.895,48.79,422
2024-05-20 19:56:00,19693,48.7798,48.82,48.75,48.83,48.725,395
2024-05-20 19:57:00,15753,48.7355,48.77,48.72,48.77,48.6848,255
2024-05-20 19:58:00,25429,48.7019,48.71,48.685,48.73,48.68,453
2024-05-20 19:59:00,45823,48.7028,48.69,48.69,48.73,48.66,751
2024-05-20 20:00:00,33400,48.71,48.71,48.71,48.71,48.71,20
2024-05-20 20:05:00,101,48.8,48.8,48.8,48.8,48.8,2
2024-05-20 20:11:00,364,48.6266,48.65,48.6,48.65,48.6,8
2024-05-20 20:17:00,100,48.95,48.95,48.95,48.95,48.95,1
2024-05-20 20:18:00,201,48.9973,48.9973,48.9973,48.9973,48.9973,2
2024-05-20 20:57:00,100,47.76,47.76,47.76,47.76,47.76,1
2024-05-20 21:21:00,200,48.89,48.89,48.89,48.89,48.89,1
2024-05-20 21:39:00,100,48.8764,48.8764,48.8764,48.8764,48.8764,1
2024-05-20 21:43:00,300,48.75,48.75,48.75,48.75,48.75,1
2024-05-20 23:43:00,101,48.8305,48.83,48.83,48.83,48.83,2
2024-05-21 10:47:00,402,48.7013,48.71,48.71,48.71,48.71,13
2024-05-21 11:02:00,214,48.75,48.75,48.75,48.75,48.75,2
2024-05-21 12:00:00,4190,48.7283,48.77,48.71,48.8048,48.71,15
2024-05-21 12:29:00,915,48.6598,48.66,48.66,48.66,48.66,4
2024-05-21 12:30:00,130,48.6,48.6,48.6,48.6,48.6,2
2024-05-21 12:31:00,1033,48.6,48.6,48.6,48.6,48.6,16
2024-05-21 12:53:00,170,48.6494,48.65,48.65,48.65,48.65,3
2024-05-21 13:08:00,103,48.45,48.45,48.45,48.45,48.45,1
2024-05-21 13:14:00,360,48.3528,48.35,48.35,48.35,48.35,3
2024-05-21 13:15:00,284,48.35,48.35,48.35,48.35,48.35,2
2024-05-21 13:20:00,843,48.3512,48.36,48.35,48.36,48.35,4
2024-05-21 13:27:00,467,48.3004,48.31,48.31,48.31,48.31,19
2024-05-21 13:28:00,1803,48.0616,48.04,48.03,48.04,48.03,44
2024-05-21 13:29:00,107,48.07,48.07,48.07,48.07,48.07,7
2024-05-21 13:30:00,20012,48.0449,48.07,48.4457,48.45,47.94,117
2024-05-21 13:31:00,7025,48.6301,48.6,48.5,48.75,48.455,60
2024-05-21 13:32:00,2988,48.5067,48.5,48.6,48.6,48.365,50
2024-05-21 13:33:00,558,48.5874,48.6,48.6,48.6,48.6,34
2024-05-21 13:34:00,4030,48.4036,48.52,48.41,48.5537,48.32,54
2024-05-21 13:35:00,2053,48.3961,48.52,48.32,48.52,48.31,41
2024-05-21 13:36:00,1376,48.4449,48.325,48.55,48.55,48.325,34
2024-05-21 13:37:00,1353,48.4759,48.4753,48.435,48.57,48.43,19
2024-05-21 13:38:00,1434,48.4213,48.4479,48.38,48.47,48.38,42
2024-05-21 13:39:00,561,48.3089,48.3,48.3,48.3,48.3,16
2024-05-21 13:40:00,3288,48.3909,48.36,48.4,48.43,48.35,50
2024-05-21 13:41:00,2250,48.426,48.4,48.51,48.51,48.4,34
2024-05-21 13:42:00,3017,48.4787,48.545,48.48,48.545,48.45,41
2024-05-21 13:43:00,2758,48.4552,48.46,48.4699,48.5,48.4,40
2024-05-21 13:44:00,2720,48.4661,48.41,48.58,48.58,48.4,37
2024-05-21 13:45:00,864,48.4552,48.56,48.45,48.56,48.39,20
2024-05-21 13:46:00,401,48.4419,48.42,48.415,48.5025,48.415,16
2024-05-21 13:47:00,3969,48.5138,48.5,48.54,48.61,48.47,69
2024-05-21 13:48:00,166,48.5525,48.57,48.57,48.57,48.57,14
2024-05-21 13:49:00,3662,48.4573,48.44,48.44,48.51,48.3922,38
2024-05-21 13:50:00,1646,48.401,48.42,48.35,48.49,48.35,45
2024-05-21 13:51:00,7082,48.2391,48.32,48.195,48.32,48.15,64
2024-05-21 13:52:00,2773,48.1863,48.2,48.22,48.22,48.15,28
2024-05-21 13:53:00,3215,48.221,48.14,48.25,48.28,48.14,71
2024-05-21 13:54:00,2137,48.2148,48.22,48.22,48.22,48.19,40
2024-05-21 13:55:00,1847,48.2125,48.21,48.21,48.225,48.1701,34
2024-05-21 13:56:00,3458,48.1311,48.15,48.069,48.2,48.069,39
2024-05-21 13:57:00,4411,48.1104,48.13,48.2,48.21,48.05,80
2024-05-21 13:58:00,3669,48.2688,48.22,48.3028,48.32,48.22,63
2024-05-21 13:59:00,9839,48.1068,48.25,47.98,48.26,47.96,133
2024-05-21 14:00:00,3535,48.0106,47.985,48.0,48.03,47.97,54
2024-05-21 14:01:00,2955,48.0255,47.99,48.01,48.04,47.99,43
2024-05-21 14:02:00,4359,48.04,48.055,48.07,48.09,48.01,119
2024-05-21 14:03:00,1109,48.1461,48.13,48.16,48.16,48.13,36
2024-05-21 14:04:00,2574,48.1388,48.165,48.16,48.2006,48.1001,19
2024-05-21 14:05:00,4208,48.134,48.155,48.07,48.21,48.07,39
2024-05-21 14:06:00,1240,48.0803,48.1,48.09,48.1,48.05,25
2024-05-21 14:07:00,1862,48.0908,48.05,48.1,48.13,48.05,50
2024-05-21 14:08:00,761,48.101,48.14,48.11,48.14,48.06,23
2024-05-21 14:09:00,14217,48.1684,48.14,48.05,48.31,48.04,205
2024-05-21 14:10:00,2135,48.071,48.06,48.09,48.09,48.05,51
2024-05-21 14:11:00,2858,48.0945,48.08,48.09,48.11,48.075,54
2024-05-21 14:12:00,5189,48.071,48.125,48.03,48.125,48.01,68
2024-05-21 14:13:00,1473,48.0158,48.05,48.04,48.05,47.97,40
2024-05-21 14:14:00,5374,48.0481,48.0536,48.01,48.1,48.01,53
2024-05-21 14:15:00,1508,47.9816,48.0,47.9691,48.0,47.9691,36
2024-05-21 14:16:00,2535,48.0283,48.0,48.09,48.09,47.97,54
2024-05-21 14:17:00,5169,48.0767,48.03,48.1,48.1,48.02,81
2024-05-21 14:18:00,1971,48.03,48.08,48.02,48.08,48.0,38
2024-05-21 14:19:00,1647,48.0204,47.98,48.0203,48.04,47.98,22
2024-05-21 14:20:00,5112,48.0613,48.03,48.07,48.07,48.03,84
2024-05-21 14:21:00,5350,48.1546,48.06,48.19,48.21,48.06,56
2024-05-21 14:22:00,964,48.1612,48.165,48.19,48.19,48.136,27
2024-05-21 14:23:00,1297,48.2043,48.195,48.21,48.21,48.195,44
2024-05-21 14:24:00,4001,48.1769,48.21,48.15,48.21,48.1327,53
2024-05-21 14:25:00,1565,48.1865,48.2,48.175,48.2,48.15,51
2024-05-21 14:26:00,1566,48.2116,48.22,48.2,48.235,48.2,28
2024-05-21 14:27:00,1237,48.2008,48.215,48.19,48.22,48.19,26
2024-05-21 14:28:00,1005,48.1694,48.15,48.19,48.2,48.15,27
2024-05-21 14:29:00,675,48.1939,48.186,48.18,48.21,48.18,32
2024-05-21 14:30:00,22326,48.264,48.21,48.33,48.33,48.2,290
2024-05-21 14:31:00,1902,48.2772,48.315,48.29,48.315,48.24,41
2024-05-21 14:32:00,8377,48.333,48.28,48.42,48.43,48.25,112
2024-05-21 14:33:00,4696,48.4006,48.48,48.36,48.49,48.36,77
2024-05-21 14:34:00,1785,48.449,48.5,48.51,48.51,48.3801,32
2024-05-21 14:36:00,1466,48.6149,48.62,48.625,48.7,48.62,28
2024-05-21 14:37:00,3378,48.566,48.58,48.6,48.6,48.5618,36
2024-05-21 14:38:00,2077,48.5619,48.56,48.6,48.6,48.54,59
2024-05-21 14:39:00,3782,48.5936,48.6,48.585,48.6,48.56,55
2024-05-21 14:40:00,3661,48.6336,48.585,48.76,48.76,48.585,61
2024-05-21 14:41:00,7328,48.7875,48.77,48.74,48.87,48.74,93
2024-05-21 14:42:00,1979,48.7536,48.78,48.7415,48.78,48.7415,23
2024-05-21 14:43:00,1261,48.7467,48.755,48.77,48.77,48.73,37
2024-05-21 14:44:00,3542,48.7282,48.735,48.74,48.74,48.7113,56
2024-05-21 14:45:00,5177,48.7292,48.74,48.74,48.75,48.71,73
2024-05-21 14:46:00,1028,48.7448,48.74,48.74,48.75,48.74,18
2024-05-21 14:47:00,8577,48.694,48.76,48.64,48.76,48.635,139
2024-05-21 14:48:00,750,48.6931,48.67,48.7,48.7,48.67,22
2024-05-21 14:49:00,418,48.6641,48.6401,48.675,48.675,48.6401,17
2024-05-21 14:50:00,574,48.69,48.678,48.71,48.71,48.678,21
2024-05-21 14:51:00,4527,48.7552,48.74,48.77,48.77,48.73,81
2024-05-21 14:52:00,597,48.6885,48.67,48.69,48.71,48.67,20
2024-05-21 14:53:00,3130,48.6816,48.69,48.69,48.7,48.64,83
2024-05-21 14:54:00,663,48.7168,48.71,48.72,48.73,48.71,13
2024-05-21 14:55:00,3396,48.7372,48.735,48.72,48.755,48.72,72
2024-05-21 14:56:00,2218,48.6851,48.72,48.66,48.72,48.65,53
2024-05-21 14:57:00,1180,48.7064,48.69,48.71,48.71,48.69,48
2024-05-21 14:58:00,1695,48.7716,48.76,48.77,48.78,48.76,33
2024-05-21 14:59:00,2052,48.7238,48.76,48.6801,48.76,48.6801,47
2024-05-21 15:00:00,7210,48.6774,48.71,48.66,48.72,48.65,66
2024-05-21 15:01:00,1363,48.6725,48.67,48.66,48.68,48.66,40
2024-05-21 15:02:00,1158,48.6564,48.64,48.67,48.68,48.64,36
2024-05-21 15:03:00,2115,48.5954,48.63,48.61,48.63,48.55,56
2024-05-21 15:04:00,514,48.6002,48.6,48.6,48.6,48.6,16
2024-05-21 15:05:00,2764,48.5991,48.58,48.65,48.65,48.56,62
2024-05-21 15:06:00,4454,48.6026,48.62,48.6,48.62,48.6,18
2024-05-21 15:08:00,738,48.6059,48.6,48.61,48.61,48.6,20
2024-05-21 15:09:00,608,48.6352,48.638,48.65,48.65,48.62,23
2024-05-21 15:10:00,1239,48.6059,48.59,48.59,48.59,48.59,37
2024-05-21 15:11:00,1229,48.5591,48.55,48.56,48.565,48.55,35
2024-05-21 15:12:00,499,48.5735,48.57,48.57,48.57,48.57,15
2024-05-21 15:13:00,567,48.5523,48.56,48.53,48.56,48.53,16
2024-05-21 15:14:00,4482,48.4923,48.52,48.45,48.52,48.42,71
2024-05-21 15:15:00,1660,48.418,48.4288,48.39,48.4552,48.39,23
2024-05-21 15:16:00,1076,48.3695,48.37,48.33,48.38,48.33,21
2024-05-21 15:17:00,1465,48.3226,48.355,48.23,48.355,48.21,58
2024-05-21 15:18:00,4493,48.2448,48.25,48.23,48.29,48.2,70
2024-05-21 15:19:00,1204,48.2305,48.225,48.225,48.225,48.2,28
2024-05-21 15:20:00,5589,48.2361,48.225,48.225,48.26,48.21,107
2024-05-21 15:21:00,5797,48.2628,48.225,48.2677,48.33,48.21,84
2024-05-21 15:22:00,1525,48.2697,48.275,48.275,48.275,48.2201,18
2024-05-21 15:23:00,772,48.2828,48.28,48.2999,48.3,48.28,20
2024-05-21 15:24:00,761,48.3027,48.3,48.32,48.32,48.3,28
2024-05-21 15:25:00,895,48.2845,48.325,48.27,48.325,48.27,41
2024-05-21 15:26:00,415,48.2643,48.26,48.26,48.26,48.26,21
2024-05-21 15:27:00,905,48.2365,48.25,48.225,48.25,48.21,37
2024-05-21 15:28:00,1219,48.2384,48.21,48.2499,48.2499,48.21,25
2024-05-21 15:29:00,8727,48.21,48.2,48.22,48.26,48.19,112
2024-05-21 15:30:00,3869,48.2113,48.245,48.21,48.245,48.209,34
2024-05-21 15:31:00,9182,48.2484,48.24,48.2725,48.28,48.21,95
2024-05-21 15:32:00,1366,48.2407,48.25,48.24,48.25,48.21,31
2024-05-21 15:33:00,406,48.2109,48.21,48.24,48.24,48.21,15
2024-05-21 15:34:00,3249,48.1911,48.17,48.2,48.22,48.17,57
2024-05-21 15:36:00,6075,48.2034,48.2,48.21,48.23,48.17,81
2024-05-21 15:37:00,1868,48.1848,48.19,48.18,48.19,48.18,22
2024-05-21 15:38:00,195,48.1779,48.18,48.18,48.18,48.18,16
2024-05-21 15:39:00,632,48.1597,48.16,48.16,48.16,48.16,27
2024-05-21 15:40:00,584,48.1484,48.17,48.15,48.17,48.15,25
2024-05-21 15:41:00,457,48.1476,48.15,48.15,48.15,48.14,23
2024-05-21 15:42:00,4983,48.1775,48.17,48.155,48.2,48.155,58
2024-05-21 15:43:00,4530,48.1591,48.17,48.165,48.17,48.14,62
2024-05-21 15:44:00,2165,48.1475,48.15,48.16,48.16,48.14,53
2024-05-21 15:45:00,5541,48.184,48.14,48.175,48.21,48.14,101
2024-05-21 15:46:00,11045,48.1842,48.18,48.16,48.2,48.15,133
2024-05-21 15:47:00,27885,48.1233,48.15,48.13,48.155,48.05,316
2024-05-21 15:48:00,695,48.1234,48.1399,48.1399,48.1399,48.1399,31
2024-05-21 15:49:00,2507,48.0978,48.09,48.05,48.1199,48.04,35
2024-05-21 15:50:00,11385,48.0334,48.02,48.01,48.08,48.0,132
2024-05-21 15:51:00,3427,47.9713,48.0,47.96,48.0,47.95,121
2024-05-21 15:52:00,6797,47.8947,47.945,47.915,47.945,47.85,113
2024-05-21 15:53:00,2608,47.9329,47.9,47.92,47.95,47.9,45
2024-05-21 15:54:00,7531,47.9296,47.9487,47.89,47.98,47.88,122
2024-05-21 15:55:00,2667,47.8635,47.905,47.86,47.9099,47.82,55
2024-05-21 15:56:00,704,47.8901,47.885,47.9,47.9,47.885,31
2024-05-21 15:57:00,5232,47.8934,47.885,47.87,47.93,47.855,86
2024-05-21 15:58:00,13044,47.865,47.8693,47.885,47.91,47.83,195
2024-05-21 15:59:00,2544,47.8876,47.9299,47.91,47.9299,47.863,48
2024-05-21 16:00:00,3039,47.9118,47.9092,47.95,47.96,47.88,61
2024-05-21 16:01:00,961,47.9508,47.95,47.99,47.99,47.94,21
2024-05-21 16:02:00,3283,47.9809,47.945,48.0148,48.02,47.94,62
2024-05-21 16:04:00,926,47.9747,47.98,48.01,48.01,47.94,27
2024-05-21 16:05:00,2467,48.0014,47.955,48.035,48.04,47.9516,51
2024-05-21 16:06:00,9968,48.0834,48.0039,48.12,48.13,48.0039,69
2024-05-21 16:07:00,1209,48.0884,48.07,48.12,48.12,48.07,21
2024-05-21 16:08:00,587,48.132,48.13,48.135,48.135,48.13,17
2024-05-21 16:09:00,1973,48.1294,48.1617,48.11,48.1617,48.11,43
2024-05-21 16:10:00,1488,48.1232,48.13,48.13,48.13,48.1101,21
2024-05-21 16:11:00,3545,48.0638,48.13,48.02,48.138,48.02,44
2024-05-21 16:12:00,544,48.0112,48.0,48.03,48.03,48.0,23
2024-05-21 16:13:00,1052,48.0148,47.9801,48.03,48.03,47.9801,17
2024-05-21 16:14:00,2056,48.0332,48.05,48.05,48.06,48.015,44
2024-05-21 16:15:00,535,48.0527,48.05,48.06,48.06,48.05,13
2024-05-21 16:16:00,676,48.0586,48.05,48.07,48.07,48.05,21
2024-05-21 16:17:00,219,48.0403,48.0348,48.0348,48.0348,48.0348,14
2024-05-21 16:18:00,3465,48.0204,48.02,48.03,48.03,48.01,39
2024-05-21 16:19:00,1942,48.0478,48.01,48.055,48.075,48.01,51
2024-05-21 16:20:00,833,48.0591,48.0431,48.085,48.085,48.0431,25
2024-05-21 16:21:00,675,48.108,48.09,48.12,48.12,48.09,29
2024-05-21 16:22:00,849,48.114,48.125,48.11,48.125,48.11,26
2024-05-21 16:23:00,868,48.1221,48.14,48.12,48.14,48.11,29
2024-05-21 16:24:00,2087,48.1428,48.12,48.15,48.15,48.12,45
2024-05-21 16:25:00,775,48.1231,48.13,48.12,48.13,48.12,28
2024-05-21 16:26:00,6133,48.0862,48.12,48.03,48.12,48.03,81
2024-05-21 16:27:00,916,48.0588,48.07,48.05,48.07,48.045,25
2024-05-21 16:29:00,894,48.0787,48.08,48.08,48.08,48.08,28
2024-05-21 16:30:00,470,48.0669,48.07,48.045,48.07,48.045,14
2024-05-21 16:31:00,1937,48.0571,48.06,48.075,48.075,48.05,45
2024-05-21 16:32:00,156,48.0413,48.035,48.035,48.035,48.035,13
2024-05-21 16:33:00,1225,47.9873,48.03,47.945,48.03,47.945,54
2024-05-21 16:34:00,355,47.9256,47.93,47.93,47.93,47.93,19
2024-05-21 16:35:00,378,47.9523,47.96,47.95,47.96,47.95,11
2024-05-21 16:36:00,2678,47.9192,47.92,47.95,47.95,47.91,32
2024-05-21 16:37:00,1409,47.9533,47.98,47.95,47.98,47.93,24
2024-05-21 16:39:00,3758,47.8834,47.93,47.81,47.93,47.81,89
2024-05-21 16:40:00,537,47.8407,47.835,47.835,47.835,47.835,35
2024-05-21 16:41:00,492,47.8406,47.8661,47.82,47.8661,47.82,16
2024-05-21 16:42:00,638,47.8717,47.845,47.88,47.88,47.845,34
2024-05-21 16:43:00,921,47.8576,47.89,47.85,47.89,47.85,16
2024-05-21 16:44:00,1703,47.8408,47.85,47.84,47.85,47.8313,42
2024-05-21 16:45:00,2347,47.8673,47.8699,47.86,47.8699,47.835,20
2024-05-21 16:46:00,4288,47.9123,47.87,47.92,47.92,47.87,51
2024-05-21 16:47:00,518,47.9175,47.92,47.9,47.93,47.9,20
2024-05-21 16:48:00,1333,47.9177,47.92,47.92,47.93,47.92,40
2024-05-21 16:49:00,1620,47.9235,47.93,47.92,47.94,47.91,37
2024-05-21 16:50:00,1023,47.9512,47.9382,47.97,47.98,47.919,34
2024-05-21 16:51:00,179,47.9647,47.965,47.965,47.965,47.965,14
2024-05-21 16:53:00,2035,47.9392,47.93,47.9451,47.9451,47.92,60
2024-05-21 16:54:00,1212,47.9757,47.96,47.985,47.985,47.96,30
2024-05-21 16:55:00,688,47.9846,47.985,47.985,47.985,47.98,23
2024-05-21 16:56:00,1533,47.9818,47.985,47.98,47.985,47.98,36
2024-05-21 16:57:00,2834,47.9888,48.01,47.97,48.03,47.96,92
2024-05-21 16:58:00,2278,47.9162,47.95,47.88,47.95,47.88,68
2024-05-21 16:59:00,618,47.9105,47.912,47.9119,47.912,47.9119,20
2024-05-21 17:00:00,1539,47.8488,47.895,47.845,47.895,47.83,36
2024-05-21 17:01:00,1344,47.8316,47.8201,47.86,47.86,47.8201,22
2024-05-21 17:02:00,543,47.8603,47.85,47.8999,47.8999,47.85,20
2024-05-21 17:03:00,941,47.8373,47.83,47.84,47.84,47.83,26
2024-05-21 17:04:00,6343,47.7822,47.855,47.783,47.855,47.75,138
2024-05-21 17:05:00,3008,47.7965,47.79,47.802,47.82,47.77,65
2024-05-21 17:06:00,1116,47.8043,47.815,47.8,47.815,47.8,33
2024-05-21 17:07:00,1777,47.8282,47.8286,47.825,47.84,47.82,45
2024-05-21 17:08:00,350,47.8699,47.875,47.875,47.875,47.875,21
2024-05-21 17:09:00,743,47.8575,47.86,47.8646,47.87,47.86,17
2024-05-21 17:10:00,2375,47.8585,47.89,47.89,47.89,47.84,41
2024-05-21 17:11:00,1673,47.819,47.82,47.8102,47.83,47.8102,31
2024-05-21 17:13:00,963,47.8256,47.835,47.8348,47.835,47.8,25
2024-05-21 17:14:00,4318,47.7994,47.83,47.785,47.83,47.77,85
2024-05-21 17:15:00,631,47.8039,47.785,47.81,47.815,47.785,17
2024-05-21 17:16:00,628,47.8012,47.8,47.8094,47.8094,47.8,21
2024-05-21 17:18:00,230,47.8042,47.81,47.81,47.81,47.81,11
2024-05-21 17:19:00,308,47.8181,47.82,47.82,47.82,47.82,15
2024-05-21 17:20:00,881,47.8151,47.8499,47.8385,47.8499,47.79,21
2024-05-21 17:21:00,3691,47.8484,47.82,47.845,47.87,47.82,71
2024-05-21 17:22:00,740,47.844,47.8201,47.86,47.86,47.8201,15
2024-05-21 17:23:00,738,47.8454,47.845,47.85,47.85,47.845,18
2024-05-21 17:24:00,2000,47.7981,47.82,47.785,47.82,47.785,44
2024-05-21 17:25:00,1865,47.8153,47.8,47.84,47.84,47.8,49
2024-05-21 17:26:00,2957,47.7959,47.81,47.814,47.82,47.76,62
2024-05-21 17:27:00,1705,47.8033,47.78,47.8,47.82,47.78,43
2024-05-21 17:28:00,379,47.824,47.82,47.82,47.82,47.82,14
2024-05-21 17:29:00,2348,47.8505,47.855,47.845,47.855,47.845,35
2024-05-21 17:30:00,4419,47.8692,47.845,47.9,47.9,47.84,82
2024-05-21 17:31:00,661,47.8909,47.895,47.875,47.895,47.875,13
2024-05-21 17:32:00,802,47.8612,47.885,47.86,47.885,47.845,30
2024-05-21 17:33:00,2609,47.8241,47.82,47.8,47.845,47.8,62
2024-05-21 17:34:00,1358,47.7862,47.79,47.8099,47.8099,47.76,39
2024-05-21 17:35:00,466,47.813,47.81,47.81,47.81,47.81,20
2024-05-21 17:37:00,746,47.8158,47.86,47.819,47.86,47.8,25
2024-05-21 17:38:00,1417,47.7931,47.79,47.8099,47.8099,47.7767,15
2024-05-21 17:39:00,9900,47.8237,47.77,47.97,47.97,47.74,195
2024-05-21 17:40:00,737,47.9363,47.938,47.95,47.95,47.938,9
2024-05-21 17:41:00,708,47.9279,47.95,47.95,47.95,47.95,13
2024-05-21 17:42:00,1086,47.9514,47.96,47.99,47.99,47.96,37
2024-05-21 17:43:00,335,47.9989,48.005,48.0081,48.0081,48.005,12
2024-05-21 17:44:00,6639,47.9739,48.0009,47.9355,48.0009,47.9355,35
2024-05-21 17:45:00,401,47.9349,47.93,47.93,47.93,47.93,17
2024-05-21 17:46:00,1695,47.8752,47.9,47.87,47.9,47.87,56
2024-05-21 17:47:00,887,47.8123,47.795,47.79,47.795,47.79,23
2024-05-21 17:48:00,1116,47.8069,47.808,47.82,47.82,47.8,29
2024-05-21 17:49:00,482,47.8039,47.8,47.8,47.8,47.8,19
2024-05-21 17:50:00,333,47.7839,47.79,47.79,47.79,47.79,22
2024-05-21 17:51:00,633,47.8303,47.815,47.835,47.84,47.815,29
2024-05-21 17:52:00,1501,47.8447,47.86,47.8369,47.86,47.8369,34
2024-05-21 17:53:00,398,47.8219,47.81,47.81,47.81,47.81,21
2024-05-21 17:54:00,1717,47.8141,47.82,47.79,47.82,47.79,25
2024-05-21 17:55:00,396,47.8317,47.83,47.82,47.835,47.82,14
2024-05-21 17:56:00,3786,47.8205,47.83,47.825,47.83,47.82,36
2024-05-21 17:57:00,280,47.8168,47.82,47.82,47.82,47.82,20
2024-05-21 17:58:00,329,47.823,47.83,47.83,47.83,47.83,22
2024-05-21 17:59:00,2283,47.8484,47.83,47.85,47.87,47.83,56
2024-05-21 18:00:00,1592,47.8852,47.88,47.88,47.89,47.86,48
2024-05-21 18:01:00,1183,47.8621,47.855,47.855,47.855,47.855,31
2024-05-21 18:02:00,1938,47.84,47.9,47.8301,47.9,47.8301,25
2024-05-21 18:03:00,652,47.8556,47.86,47.855,47.86,47.855,29
2024-05-21 18:04:00,944,47.8358,47.8416,47.84,47.85,47.82,42
2024-05-21 18:05:00,512,47.8463,47.85,47.85,47.85,47.85,23
2024-05-21 18:06:00,669,47.8762,47.87,47.9,47.9,47.87,28
2024-05-21 18:07:00,1360,47.8654,47.8607,47.8607,47.8607,47.8607,20
2024-05-21 18:08:00,1633,47.8969,47.9,47.9,47.9,47.9,12
2024-05-21 18:09:00,207,47.8665,47.86,47.86,47.86,47.86,17
2024-05-21 18:11:00,772,47.8849,47.885,47.88,47.89,47.88,21
2024-05-21 18:12:00,6324,47.8824,47.885,47.9,47.92,47.84,137
2024-05-21 18:13:00,631,47.9074,47.905,47.905,47.93,47.8722,20
2024-05-21 18:14:00,2134,47.94,47.94,47.93,47.95,47.93,40
2024-05-21 18:15:00,1109,47.9813,47.96,48.01,48.01,47.96,41
2024-05-21 18:16:00,2790,48.044,48.0299,48.0372,48.09,48.0284,32
2024-05-21 18:17:00,4718,48.1378,48.09,48.16,48.2,48.08,79
2024-05-21 18:19:00,603,48.135,48.17,48.12,48.17,48.12,19
2024-05-21 18:20:00,724,48.1682,48.17,48.155,48.17,48.155,31
2024-05-21 18:21:00,1126,48.1669,48.1636,48.2,48.2,48.1636,13
2024-05-21 18:22:00,812,48.1659,48.1504,48.18,48.18,48.1504,29
2024-05-21 18:23:00,1061,48.1667,48.19,48.165,48.19,48.165,21
2024-05-21 18:24:00,2927,48.167,48.165,48.17,48.19,48.15,26
2024-05-21 18:25:00,508,48.1748,48.18,48.19,48.19,48.18,21
2024-05-21 18:26:00,3320,48.1071,48.15,48.11,48.15,48.08,56
2024-05-21 18:27:00,933,48.103,48.11,48.1,48.11,48.09,32
2024-05-21 18:28:00,899,48.0881,48.09,48.09,48.09,48.08,17
2024-05-21 18:29:00,4945,48.1429,48.12,48.15,48.15,48.11,50
2024-05-21 18:30:00,4258,48.2018,48.14,48.24,48.24,48.14,47
2024-05-21 18:31:00,1174,48.2423,48.25,48.245,48.255,48.23,23
2024-05-21 18:32:00,247,48.2648,48.26,48.28,48.28,48.26,13
2024-05-21 18:33:00,1716,48.2487,48.2497,48.25,48.25,48.2497,12
2024-05-21 18:34:00,8860,48.2285,48.25,48.2,48.3,48.2,99
2024-05-21 18:37:00,321,48.2601,48.27,48.27,48.27,48.27,41
2024-05-21 18:38:00,820,48.2527,48.26,48.25,48.275,48.25,18
2024-05-21 18:39:00,1615,48.3011,48.28,48.37,48.37,48.25,53
2024-05-21 18:40:00,577,48.3003,48.32,48.345,48.345,48.32,16
2024-05-21 18:41:00,854,48.3468,48.35,48.35,48.35,48.34,22
2024-05-21 18:42:00,915,48.3697,48.35,48.38,48.38,48.35,25
2024-05-21 18:43:00,2625,48.3212,48.34,48.315,48.34,48.315,48
2024-05-21 18:44:00,5569,48.3928,48.355,48.46,48.46,48.34,73
2024-05-21 18:45:00,5495,48.4866,48.49,48.5,48.5,48.46,44
2024-05-21 18:46:00,933,48.545,48.5201,48.5899,48.5899,48.5201,31
2024-05-21 18:47:00,1476,48.5076,48.5233,48.5,48.5233,48.5,35
2024-05-21 18:48:00,1618,48.523,48.52,48.52,48.529,48.52,23
2024-05-21 18:49:00,3104,48.503,48.52,48.4999,48.54,48.47,45
2024-05-21 18:50:00,1071,48.4844,48.49,48.5,48.5,48.48,36
2024-05-21 18:51:00,2970,48.4982,48.51,48.53,48.53,48.49,21
2024-05-21 18:52:00,2797,48.549,48.54,48.57,48.57,48.54,58
2024-05-21 18:53:00,2797,48.5456,48.56,48.53,48.56,48.53,57
2024-05-21 18:54:00,3428,48.546,48.5411,48.56,48.57,48.5411,43
2024-05-21 18:55:00,4017,48.5855,48.57,48.61,48.61,48.57,66
2024-05-21 18:56:00,2882,48.5686,48.59,48.59,48.6,48.55,73
2024-05-21 18:57:00,10345,48.6327,48.61,48.58,48.66,48.58,95
2024-05-21 18:58:00,6275,48.5523,48.57,48.5617,48.57,48.53,85
2024-05-21 18:59:00,1895,48.586,48.59,48.585,48.59,48.585,20
2024-05-21 19:00:00,327,48.5864,48.5875,48.59,48.59,48.5875,14
2024-05-21 19:01:00,851,48.594,48.5701,48.6,48.6,48.5701,29
2024-05-21 19:02:00,1742,48.606,48.6,48.62,48.62,48.6,33
2024-05-21 19:03:00,5841,48.633,48.62,48.6,48.67,48.6,111
2024-05-21 19:04:00,2570,48.5602,48.5686,48.5,48.5686,48.5,39
2024-05-21 19:05:00,4402,48.4819,48.48,48.48,48.48,48.48,20
2024-05-21 19:06:00,2153,48.5179,48.52,48.5252,48.5252,48.49,32
2024-05-21 19:07:00,2844,48.483,48.47,48.49,48.49,48.452,38
2024-05-21 19:10:00,3330,48.4108,48.45,48.39,48.45,48.39,90
2024-05-21 19:11:00,6029,48.3221,48.305,48.32,48.33,48.29,105
2024-05-21 19:12:00,6554,48.3,48.29,48.31,48.32,48.27,65
2024-05-21 19:13:00,1999,48.369,48.34,48.37,48.39,48.34,65
2024-05-21 19:14:00,601,48.379,48.39,48.38,48.39,48.38,17
2024-05-21 19:15:00,2587,48.3983,48.39,48.44,48.44,48.3768,56
2024-05-21 19:16:00,1768,48.4339,48.44,48.438,48.44,48.43,16
2024-05-21 19:17:00,1088,48.4354,48.455,48.44,48.455,48.4196,29
2024-05-21 19:18:00,3536,48.4146,48.435,48.42,48.435,48.41,38
2024-05-21 19:19:00,855,48.4302,48.4384,48.435,48.4384,48.4106,29
2024-05-21 19:20:00,1414,48.4148,48.4253,48.42,48.4314,48.42,39
2024-05-21 19:21:00,1162,48.4322,48.42,48.45,48.45,48.42,29
2024-05-21 19:22:00,2067,48.4411,48.45,48.44,48.45,48.44,84
2024-05-21 19:23:00,2583,48.4142,48.43,48.4099,48.43,48.4,38
2024-05-21 19:25:00,474,48.3967,48.395,48.395,48.395,48.395,16
2024-05-21 19:26:00,1678,48.413,48.41,48.42,48.42,48.4,88
2024-05-21 19:27:00,1706,48.3931,48.4,48.4,48.4,48.38,54
2024-05-21 19:29:00,2466,48.3818,48.41,48.39,48.41,48.3601,39
2024-05-21 19:30:00,1332,48.42,48.4,48.43,48.43,48.4,56
2024-05-21 19:31:00,597,48.4099,48.425,48.425,48.425,48.425,25
2024-05-21 19:32:00,2166,48.3652,48.4,48.3499,48.4,48.3499,67
2024-05-21 19:33:00,2139,48.3487,48.35,48.32,48.36,48.32,54
2024-05-21 19:34:00,1464,48.3051,48.31,48.28,48.31,48.28,44
2024-05-21 19:35:00,2500,48.2915,48.29,48.28,48.31,48.28,86
2024-05-21 19:36:00,666,48.2989,48.305,48.3,48.305,48.3,19
2024-05-21 19:37:00,3599,48.3343,48.31,48.345,48.37,48.31,106
2024-05-21 19:38:00,2386,48.3474,48.35,48.345,48.36,48.345,53
2024-05-21 19:39:00,4276,48.3455,48.36,48.355,48.36,48.32,66
2024-05-21 19:40:00,1313,48.3297,48.34,48.335,48.34,48.3159,29
2024-05-21 19:41:00,3953,48.3039,48.335,48.26,48.335,48.26,111
2024-05-21 19:42:00,1943,48.2698,48.275,48.265,48.275,48.265,27
2024-05-21 19:43:00,5814,48.2437,48.27,48.23,48.2745,48.21,158
2024-05-21 19:44:00,3464,48.2141,48.215,48.17,48.225,48.17,63
2024-05-21 19:45:00,3935,48.2381,48.2,48.25,48.26,48.2,99
2024-05-21 19:46:00,4524,48.2877,48.255,48.36,48.36,48.255,78
2024-05-21 19:47:00,2832,48.3476,48.355,48.39,48.4,48.33,78
2024-05-21 19:48:00,1929,48.4027,48.4,48.4,48.41,48.39,83
2024-05-21 19:49:00,6772,48.4476,48.44,48.44,48.4745,48.44,109
2024-05-21 19:50:00,9162,48.4662,48.43,48.48,48.49,48.43,229
2024-05-21 19:51:00,11398,48.494,48.48,48.49,48.54,48.48,186
2024-05-21 19:52:00,5680,48.5176,48.5,48.535,48.54,48.48,69
2024-05-21 19:53:00,13177,48.5358,48.54,48.52,48.58,48.51,176
2024-05-21 19:54:00,7401,48.5118,48.51,48.47,48.55,48.46,179
2024-05-21 19:55:00,13513,48.5026,48.49,48.4936,48.54,48.47,239
2024-05-21 19:56:00,7772,48.4936,48.51,48.5003,48.51,48.48,177
2024-05-21 19:57:00,16978,48.5129,48.505,48.505,48.54,48.5,335
2024-05-21 19:58:00,17715,48.5267,48.505,48.56,48.56,48.49,302
2024-05-21 19:59:00,30160,48.4994,48.55,48.465,48.56,48.45,542
2024-05-21 20:00:00,24208,48.48,48.48,48.48,48.48,48.48,20
2024-05-21 20:38:00,104,48.48,48.48,48.48,48.48,48.48,1
2024-05-21 20:56:00,502,48.4,48.4,48.4,48.4,48.4,2
2024-05-21 21:17:00,100,48.47,48.47,48.47,48.47,48.47,1
2024-05-21 23:58:00,200,48.4466,48.45,48.45,48.45,48.45,2
2024-05-22 09:05:00,110,48.48,48.48,48.48,48.48,48.48,2
2024-05-22 10:33:00,647,48.4503,48.45,48.45,48.45,48.45,13
2024-05-22 12:00:00,331,48.4255,48.44,48.44,48.44,48.44,12
2024-05-22 12:09:00,100,48.48,48.48,48.48,48.48,48.48,1
2024-05-22 12:12:00,108,48.3315,48.33,48.33,48.33,48.33,2
2024-05-22 12:16:00,300,48.37,48.37,48.37,48.37,48.37,1
2024-05-22 12:28:00,100,48.4,48.4,48.4,48.4,48.4,1
2024-05-22 12:43:00,200,48.7316,48.7316,48.7316,48.7316,48.7316,1
2024-05-22 13:02:00,763,48.35,48.35,48.35,48.35,48.35,4
2024-05-22 13:05:00,150,48.4,48.4,48.4,48.4,48.4,1
2024-05-22 13:20:00,200,48.2458,48.25,48.25,48.25,48.25,5
2024-05-22 13:26:00,627,48.2486,48.25,48.25,48.25,48.25,15
2024-05-22 13:30:00,23067,48.1997,48.19,48.105,48.25,48.105,143
2024-05-22 13:31:00,2119,48.2889,48.16,48.43,48.43,48.16,35
2024-05-22 13:32:00,5098,48.6673,48.56,48.5483,48.75,48.51,74
2024-05-22 13:33:00,8946,48.7533,48.75,48.77,48.8,48.7,89
2024-05-22 13:34:00,5039,48.5705,48.7,48.54,48.7,48.51,77
2024-05-22 13:35:00,17218,48.7739,48.73,48.73,48.95,48.65,222
2024-05-22 13:36:00,3863,48.7173,48.72,48.8,48.8,48.65,72
2024-05-22 13:37:00,7424,48.7885,48.97,48.81,48.97,48.73,67
2024-05-22 13:38:00,12102,48.7489,48.815,48.62,48.85,48.61,122
2024-05-22 13:39:00,2877,48.6073,48.66,48.61,48.66,48.57,44
2024-05-22 13:40:00,5172,48.6815,48.65,48.7,48.75,48.6,80
2024-05-22 13:41:00,4595,48.6309,48.715,48.6,48.715,48.55,105
2024-05-22 13:42:00,3807,48.7343,48.67,48.74,48.8099,48.67,60
2024-05-22 13:43:00,25994,48.92,48.74,49.155,49.2,48.74,338
2024-05-22 13:44:00,18167,49.3968,49.14,49.615,49.615,49.14,139
2024-05-22 13:45:00,25475,49.5683,49.53,49.5535,49.7,49.49,188
2024-05-22 13:46:00,19737,49.6093,49.6699,49.89,49.89,49.4232,233
2024-05-22 13:47:00,17199,49.8042,49.8,49.6471,49.8899,49.6471,324
2024-05-22 13:48:00,10286,49.7912,49.82,49.8821,49.91,49.69,102
2024-05-22 13:49:00,16523,49.9312,49.91,49.9392,50.0,49.85,166
2024-05-22 13:50:00,16983,50.0511,49.97,50.11,50.14,49.97,154
2024-05-22 13:51:00,24741,50.2646,50.1046,50.47,50.47,50.06,137
2024-05-22 13:52:00,21565,50.537,50.375,50.62,50.65,50.32,247
2024-05-22 13:53:00,27711,50.7348,50.59,50.688,50.87,50.52,321
2024-05-22 13:54:00,19619,50.7522,50.68,50.7307,50.86,50.6162,227
2024-05-22 13:55:00,17413,50.7514,50.8067,50.7812,50.82,50.6501,138
2024-05-22 13:56:00,11555,50.8906,50.81,50.975,51.0,50.79,166
2024-05-22 13:57:00,27613,50.9764,51.0,50.81,51.13,50.77,245
2024-05-22 13:58:00,9663,50.7958,50.815,50.77,50.86,50.6912,153
2024-05-22 13:59:00,12302,50.6878,50.65,50.86,50.88,50.5202,141
2024-05-22 14:00:00,13508,50.8785,50.835,51.0,51.01,50.7801,160
2024-05-22 14:01:00,11196,50.8489,51.07,50.725,51.07,50.69,151
2024-05-22 14:02:00,11112,50.7549,50.78,50.74,50.82,50.66,177
2024-05-22 14:03:00,20388,50.5613,50.67,50.51,50.67,50.4,193
2024-05-22 14:04:00,6130,50.5426,50.51,50.49,50.62,50.45,77
2024-05-22 14:05:00,27854,50.4687,50.5,50.53,50.66,50.37,199
2024-05-22 14:06:00,2968,50.6223,50.6,50.63,50.69,50.52,49
2024-05-22 14:07:00,7719,50.434,50.53,50.285,50.53,50.2005,75
2024-05-22 14:08:00,9117,50.2614,50.14,50.48,50.4999,50.14,106
2024-05-22 14:09:00,894,50.3815,50.375,50.45,50.45,50.375,29
2024-05-22 14:10:00,1898,50.4235,50.48,50.39,50.48,50.39,39
2024-05-22 14:11:00,2172,50.477,50.4,50.47,50.54,50.37,40
2024-05-22 14:12:00,775,50.4979,50.45,50.495,50.5637,50.45,19
2024-05-22 14:13:00,1618,50.5513,50.5,50.5887,50.59,50.5,47
2024-05-22 14:14:00,8011,50.6898,50.6143,50.8,50.8,50.52,146
2024-05-22 14:15:00,18649,51.0626,50.88,51.175,51.239,50.85,161
2024-05-22 14:16:00,26238,51.2227,51.15,51.16,51.3,51.14,209
2024-05-22 14:17:00,7873,51.1573,51.2025,51.195,51.2255,51.08,83
2024-05-22 14:18:00,19404,51.3071,51.2,51.39,51.46,51.13,213
2024-05-22 14:19:00,12386,51.4432,51.32,51.64,51.68,51.2516,182
2024-05-22 14:20:00,16439,51.7032,51.7,51.86,51.86,51.61,278
2024-05-22 14:21:00,20323,51.8425,51.88,51.68,51.98,51.675,227
2024-05-22 14:22:00,27080,51.874,51.68,51.96,52.01,51.65,341
2024-05-22 14:23:00,53987,52.1451,51.91,51.927,51.98,51.7788,149
2024-05-22 14:24:00,24939,52.1246,51.94,52.15,52.37,51.94,361
2024-05-22 14:25:00,24756,52.1747,52.175,52.18,52.28,52.1,314
2024-05-22 14:26:00,4898,52.1429,52.11,52.13,52.21,52.0501,101
2024-05-22 14:27:00,28492,52.2026,52.15,52.07,52.38,52.06,407
2024-05-22 14:28:00,13128,52.0953,52.1385,52.1,52.2096,52.01,146
2024-05-22 14:29:00,7096,52.0123,52.095,52.0,52.1,51.8888,117
2024-05-22 14:30:00,9187,51.8637,51.86,51.85,51.96,51.74,178
2024-05-22 14:31:00,7005,51.9705,51.89,52.06,52.1161,51.83,114
2024-05-22 14:32:00,19263,52.3883,52.06,52.57,52.57,52.05,217
2024-05-22 14:33:00,8371,52.4614,52.3901,52.42,52.57,52.35,137
2024-05-22 14:34:00,21734,52.4099,52.42,52.39,52.5,52.32,236
2024-05-22 14:35:00,9418,52.4097,52.38,52.44,52.4499,52.35,88
2024-05-22 14:36:00,11633,52.5664,52.46,52.67,52.7,52.45,142
2024-05-22 14:37:00,9182,52.4706,52.6565,52.29,52.705,52.27,124
2024-05-22 14:38:00,4125,52.4015,52.37,52.405,52.49,52.3501,53
2024-05-22 14:39:00,6491,52.2797,52.4367,52.18,52.4367,52.11,96
2024-05-22 14:40:00,7561,52.2137,52.14,52.255,52.32,52.14,58
2024-05-22 14:41:00,5924,52.2231,52.238,52.23,52.28,52.18,92
2024-05-22 14:42:00,4534,52.3263,52.24,52.295,52.3587,52.24,74
2024-05-22 14:43:00,19363,52.3444,52.25,52.4,52.43,52.25,257
2024-05-22 14:44:00,9431,52.3044,52.395,52.23,52.4,52.23,161
2024-05-22 14:45:00,6062,52.3113,52.3,52.245,52.36,52.2,152
2024-05-22 14:46:00,2407,52.2163,52.275,52.215,52.28,52.1501,37
2024-05-22 14:47:00,24213,52.3159,52.22,52.47,52.47,52.16,310
2024-05-22 14:48:00,6423,52.5121,52.5,52.52,52.59,52.49,126
2024-05-22 14:49:00,17532,52.5613,52.52,52.52,52.65,52.47,221
2024-05-22 14:50:00,13062,52.6561,52.545,52.84,52.84,52.54,175
2024-05-22 14:51:00,7878,52.747,52.87,52.69,52.87,52.66,143
2024-05-22 14:52:00,8417,52.702,52.6825,52.67,52.74,52.6336,111
2024-05-22 14:53:00,23226,52.7646,52.6725,52.955,52.98,52.63,197
2024-05-22 14:54:00,35539,53.0169,52.97,52.9478,53.17,52.92,416
2024-05-22 14:55:00,16674,52.9567,53.0,52.99,53.12,52.8601,154
2024-05-22 14:56:00,14815,53.0655,52.985,53.19,53.19,52.96,202
2024-05-22 14:57:00,7701,53.1941,53.1596,53.22,53.24,53.145,166
2024-05-22 14:58:00,17497,53.2088,53.211,53.1799,53.29,53.11,212
2024-05-22 14:59:00,10165,53.1025,53.11,53.16,53.18,53.0601,124
2024-05-22 15:00:00,14297,53.232,53.12,53.3475,53.36,53.07,197
2024-05-22 15:01:00,20770,53.3599,53.34,53.3,53.44,53.27,284
2024-05-22 15:02:00,14094,53.1382,53.25,53.01,53.2792,53.0,165
2024-05-22 15:03:00,6078,53.0543,53.01,53.0854,53.15,52.92,141
2024-05-22 15:04:00,17798,53.1052,53.14,53.05,53.21,53.02,209
2024-05-22 15:05:00,24865,53.1621,53.08,53.24,53.27,53.05,309
2024-05-22 15:06:00,13665,53.3453,53.28,53.3929,53.3929,53.28,137
2024-05-22 15:07:00,11585,53.3858,53.4,53.195,53.42,53.195,130
2024-05-22 15:08:00,5371,53.2291,53.2507,53.19,53.2507,53.19,62
2024-05-22 15:09:00,4601,53.2563,53.21,53.24,53.28,53.21,96
2024-05-22 15:10:00,4357,53.2512,53.28,53.29,53.3146,53.2,88
2024-05-22 15:11:00,9329,53.3003,53.33,53.365,53.4029,53.23,129
2024-05-22 15:12:00,6684,53.2857,53.32,53.3399,53.35,53.25,75
2024-05-22 15:13:00,5319,53.2471,53.26,53.26,53.2925,53.16,90
2024-05-22 15:14:00,12327,53.3111,53.25,53.28,53.39,53.23,110
2024-05-22 15:15:00,4836,53.2514,53.26,53.17,53.34,53.17,84
2024-05-22 15:16:00,13574,53.0237,53.17,53.005,53.17,52.97,98
2024-05-22 15:17:00,13603,52.9074,53.05,52.9015,53.05,52.8101,123
2024-05-22 15:18:00,15953,52.8168,52.88,52.75,52.935,52.73,227
2024-05-22 15:19:00,13497,52.7324,52.7269,52.76,52.79,52.69,198
2024-05-22 15:20:00,30570,52.9084,52.76,52.92,52.99,52.75,222
2024-05-22 15:21:00,14298,52.975,52.92,53.01,53.05,52.92,176
2024-05-22 15:22:00,11930,53.0329,53.025,53.015,53.12,52.98,155
2024-05-22 15:23:00,16544,52.8167,52.9923,52.935,52.9923,52.72,186
2024-05-22 15:24:00,12545,52.9738,52.97,52.925,53.05,52.925,120
2024-05-22 15:25:00,4422,52.8961,52.94,52.884,52.94,52.87,70
2024-05-22 15:26:00,3479,52.8754,52.8847,52.87,52.9,52.83,78
2024-05-22 15:27:00,3774,52.8444,52.8011,52.91,52.92,52.8011,76
2024-05-22 15:28:00,3461,52.8083,52.87,52.7001,52.87,52.7001,78
2024-05-22 15:29:00,4524,52.7572,52.75,52.745,52.81,52.71,98
2024-05-22 15:30:00,14268,52.5598,52.71,52.4754,52.72,52.3356,195
2024-05-22 15:31:00,4829,52.4483,52.41,52.49,52.53,52.3603,84
2024-05-22 15:32:00,5723,52.4852,52.485,52.47,52.5206,52.46,70
2024-05-22 15:33:00,8854,52.5439,52.475,52.61,52.61,52.44,188
2024-05-22 15:34:00,2585,52.5653,52.565,52.56,52.62,52.56,59
2024-05-22 15:35:00,11463,52.607,52.61,52.625,52.66,52.49,114
2024-05-22 15:36:00,1680,52.6206,52.625,52.625,52.625,52.6,33
2024-05-22 15:37:00,4269,52.6753,52.5923,52.78,52.78,52.5801,98
2024-05-22 15:38:00,5274,52.8036,52.79,52.825,52.88,52.77,79
2024-05-22 15:39:00,4384,52.8425,52.8124,52.86,52.87,52.8,84
2024-05-22 15:40:00,5270,52.9057,52.845,52.93,52.96,52.8375,101
2024-05-22 15:41:00,4006,52.8675,52.89,52.91,52.91,52.81,97
2024-05-22 15:42:00,5753,52.8972,52.92,52.85,52.92,52.85,51
2024-05-22 15:43:00,1739,52.859,52.85,52.85,52.89,52.85,48
2024-05-22 15:44:00,4326,52.8067,52.8,52.74,52.86,52.74,89
2024-05-22 15:45:00,1700,52.6758,52.735,52.59,52.735,52.59,51
2024-05-22 15:46:00,8035,52.6922,52.62,52.745,52.77,52.62,88
2024-05-22 15:47:00,4240,52.7234,52.67,52.7489,52.7489,52.67,43
2024-05-22 15:48:00,7298,52.7063,52.66,52.77,52.77,52.66,84
2024-05-22 15:49:00,5427,52.8116,52.76,52.83,52.87,52.7522,96
2024-05-22 15:50:00,8092,52.737,52.835,52.67,52.835,52.58,127
2024-05-22 15:51:00,5267,52.6407,52.69,52.62,52.69,52.62,56
2024-05-22 15:52:00,5650,52.5346,52.6,52.5,52.6,52.5,92
2024-05-22 15:53:00,12972,52.5052,52.51,52.4101,52.55,52.4101,108
2024-05-22 15:54:00,10708,52.5531,52.465,52.48,52.6,52.44,159
2024-05-22 15:55:00,5960,52.3344,52.48,52.23,52.48,52.17,95
2024-05-22 15:56:00,7611,52.2704,52.23,52.33,52.33,52.2,122
2024-05-22 15:57:00,11393,52.2313,52.25,52.14,52.36,52.12,189
2024-05-22 15:58:00,4644,52.2549,52.22,52.3,52.3,52.22,83
2024-05-22 15:59:00,6243,52.3426,52.3399,52.34,52.39,52.3,87
2024-05-22 16:00:00,2615,52.372,52.32,52.44,52.44,52.32,75
2024-05-22 16:01:00,7484,52.383,52.37,52.4049,52.43,52.35,120
2024-05-22 16:02:00,3079,52.3725,52.36,52.391,52.41,52.345,63
2024-05-22 16:03:00,3743,52.3856,52.41,52.29,52.44,52.29,86
2024-05-22 16:04:00,1855,52.2933,52.31,52.29,52.35,52.25,40
2024-05-22 16:05:00,1855,52.2477,52.22,52.32,52.33,52.16,59
2024-05-22 16:06:00,5824,52.455,52.36,52.47,52.539,52.36,93
2024-05-22 16:07:00,3992,52.5435,52.52,52.57,52.58,52.52,71
2024-05-22 16:08:00,2203,52.494,52.57,52.4,52.57,52.4,74
2024-05-22 16:09:00,2511,52.3427,52.35,52.22,52.3996,52.19,64
2024-05-22 16:10:00,1965,52.2735,52.24,52.33,52.33,52.24,33
2024-05-22 16:11:00,3260,52.4196,52.33,52.5,52.5,52.33,68
2024-05-22 16:12:00,10763,52.6022,52.56,52.65,52.65,52.52,64
2024-05-22 16:13:00,6848,52.6478,52.62,52.7095,52.72,52.62,54
2024-05-22 16:14:00,7159,52.7702,52.7127,52.82,52.82,52.67,109
2024-05-22 16:15:00,6577,52.818,52.84,52.72,52.88,52.72,146
2024-05-22 16:16:00,5019,52.6995,52.72,52.76,52.76,52.665,69
2024-05-22 16:17:00,3693,52.8422,52.78,52.85,52.875,52.78,69
2024-05-22 16:18:00,2157,52.7794,52.81,52.77,52.82,52.74,49
2024-05-22 16:19:00,2182,52.7555,52.8,52.74,52.81,52.74,64
2024-05-22 16:20:00,1534,52.7194,52.75,52.7,52.75,52.7,43
2024-05-22 16:21:00,9555,52.8495,52.705,52.9,52.94,52.705,111
2024-05-22 16:22:00,22098,52.9407,52.8956,52.96,53.03,52.8884,209
2024-05-22 16:23:00,8142,53.0791,53.0,53.105,53.15,52.96,121
2024-05-22 16:24:00,14078,53.1521,53.125,53.15,53.2,53.11,141
2024-05-22 16:25:00,9966,53.2002,53.1652,53.22,53.25,53.11,168
2024-05-22 16:26:00,17741,53.2709,53.26,53.36,53.36,53.1948,130
2024-05-22 16:27:00,35641,53.4444,53.32,53.54,53.57,53.32,243
2024-05-22 16:28:00,16203,53.5308,53.52,53.5,53.58,53.5,195
2024-05-22 16:29:00,18621,53.4514,53.52,53.37,53.54,53.37,208
2024-05-22 16:30:00,6228,53.4845,53.5,53.48,53.5388,53.44,124
2024-05-22 16:31:00,9130,53.5013,53.44,53.4512,53.53,53.43,115
2024-05-22 16:32:00,7204,53.4626,53.43,53.51,53.52,53.37,109
2024-05-22 16:33:00,6033,53.5377,53.51,53.51,53.58,53.49,105
2024-05-22 16:34:00,11312,53.3454,53.455,53.285,53.49,53.28,171
2024-05-22 16:35:00,6374,53.4261,53.3,53.4689,53.47,53.3,88
2024-05-22 16:36:00,3153,53.4222,53.4049,53.37,53.48,53.37,69
2024-05-22 16:37:00,5007,53.3474,53.365,53.35,53.4,53.3,87
2024-05-22 16:38:00,14801,53.2465,53.2801,53.21,53.3,53.12,115
2024-05-22 16:39:00,9774,53.2236,53.24,53.23,53.284,53.16,163
2024-05-22 16:40:00,6223,53.2292,53.175,53.28,53.28,53.175,92
2024-05-22 16:41:00,11823,53.2421,53.2101,53.1722,53.3,53.1722,127
2024-05-22 16:42:00,5625,53.2733,53.22,53.25,53.33,53.22,90
2024-05-22 16:43:00,16325,53.0309,53.15,52.99,53.15,52.9,112
2024-05-22 16:44:00,2864,52.978,52.99,52.985,53.0286,52.95,43
2024-05-22 16:45:00,7023,52.9951,53.03,52.9,53.07,52.9,162
2024-05-22 16:46:00,2218,52.892,52.9529,52.82,52.9529,52.82,55
2024-05-22 16:47:00,2714,52.7478,52.82,52.76,52.82,52.72,76
2024-05-22 16:48:00,10489,52.8515,52.78,52.83,52.91,52.78,151
2024-05-22 16:49:00,4354,52.8953,52.81,52.95,52.97,52.81,85
2024-05-22 16:50:00,1043,52.9587,53.0,52.96,53.0,52.95,27
2024-05-22 16:51:00,5318,52.9607,53.0,52.965,53.0,52.92,94
2024-05-22 16:52:00,2619,52.8979,52.92,52.85,52.92,52.83,64
2024-05-22 16:53:00,5458,52.914,52.87,52.915,52.96,52.87,100
2024-05-22 16:54:00,6362,52.9506,52.945,52.9,52.9899,52.9,64
2024-05-22 16:55:00,578,52.8854,52.87,52.88,52.88,52.87,23
2024-05-22 16:56:00,655,52.8543,52.82,52.84,52.88,52.82,31
2024-05-22 16:57:00,4044,52.8858,52.875,52.9,52.94,52.83,93
2024-05-22 16:58:00,1243,52.923,52.91,52.9,52.915,52.9,39
2024-05-22 16:59:00,6797,52.9648,52.95,52.96,53.005,52.92,130
2024-05-22 17:00:00,2991,53.0254,52.975,53.005,53.09,52.975,55
2024-05-22 17:01:00,2147,52.983,53.025,52.9437,53.025,52.9437,60
2024-05-22 17:02:00,4996,53.0225,52.945,52.99,53.1299,52.945,57
2024-05-22 17:03:00,2525,52.9413,53.015,52.91,53.015,52.91,40
2024-05-22 17:04:00,1018,52.9151,52.92,52.9,52.92,52.9,23
2024-05-22 17:05:00,4412,52.7868,52.87,52.75,52.87,52.75,86
2024-05-22 17:06:00,3135,52.811,52.76,52.784,52.86,52.76,56
2024-05-22 17:07:00,1524,52.8901,52.9199,52.9199,52.9199,52.9199,27
2024-05-22 17:08:00,311,52.8792,52.875,52.875,52.875,52.875,18
2024-05-22 17:09:00,1022,52.9347,52.92,52.96,52.96,52.92,38
2024-05-22 17:10:00,6697,52.9663,52.92,52.985,53.0199,52.92,87
2024-05-22 17:11:00,1508,52.9543,52.95,52.95,52.95,52.93,50
2024-05-22 17:12:00,3301,52.9905,52.96,53.0,53.02,52.955,72
2024-05-22 17:13:00,5509,52.9794,53.01,52.97,53.0419,52.94,75
2024-05-22 17:14:00,5284,53.0446,52.955,53.1,53.11,52.955,80
2024-05-22 17:15:00,974,53.0355,53.0895,53.02,53.0895,53.02,41
2024-05-22 17:16:00,602,53.0707,53.0537,53.06,53.1199,53.0537,23
2024-05-22 17:17:00,1842,53.0279,53.04,52.99,53.05,52.99,46
2024-05-22 17:18:00,3998,52.9458,53.01,52.96,53.01,52.96,45
2024-05-22 17:19:00,3082,52.8673,52.965,52.84,52.965,52.83,67
2024-05-22 17:20:00,3075,52.885,52.865,52.895,52.8986,52.865,60
2024-05-22 17:21:00,2815,52.9186,52.87,52.95,52.955,52.87,44
2024-05-22 17:22:00,1500,52.8873,52.92,52.8401,52.92,52.8401,51
2024-05-22 17:23:00,4730,52.8276,52.85,52.88,52.896,52.8,53
2024-05-22 17:24:00,2629,52.9276,52.88,52.925,52.94,52.88,42
2024-05-22 17:25:00,2047,52.851,52.83,52.83,52.83,52.83,37
2024-05-22 17:26:00,14928,52.8652,52.8799,52.8789,52.91,52.82,75
2024-05-22 17:27:00,15651,52.9327,52.855,53.0,53.03,52.855,120
2024-05-22 17:28:00,21558,52.9898,52.97,52.98,53.05,52.94,144
2024-05-22 17:29:00,4543,52.9965,52.949,53.04,53.05,52.9464,73
2024-05-22 17:30:00,3360,53.1134,53.09,53.1028,53.157,53.08,72
2024-05-22 17:31:00,4823,53.16,53.14,53.25,53.25,53.13,60
2024-05-22 17:32:00,6038,53.2457,53.215,53.2085,53.3,53.2085,46
2024-05-22 17:33:00,11021,53.2131,53.27,53.22,53.27,53.19,99
2024-05-22 17:34:00,3989,53.229,53.201,53.19,53.26,53.19,85
2024-05-22 17:35:00,2367,53.1442,53.205,53.11,53.21,53.09,50
2024-05-22 17:36:00,589,53.1088,53.1125,53.08,53.1125,53.08,22
2024-05-22 17:37:00,2718,52.9608,53.06,53.0,53.06,52.9,78
2024-05-22 17:38:00,6577,52.9161,52.96,52.93,52.96,52.87,73
2024-05-22 17:39:00,2867,52.8666,52.935,52.85,52.935,52.81,63
2024-05-22 17:40:00,8116,52.832,52.84,52.81,52.885,52.77,141
2024-05-22 17:41:00,3344,52.8399,52.805,52.835,52.86,52.805,46
2024-05-22 17:42:00,7208,52.7522,52.83,52.75,52.83,52.72,90
2024-05-22 17:43:00,2265,52.795,52.76,52.805,52.83,52.75,41
2024-05-22 17:44:00,2851,52.7204,52.8,52.69,52.8,52.67,60
2024-05-22 17:45:00,12136,52.7134,52.7,52.71,52.8299,52.63,155
2024-05-22 17:46:00,2777,52.7382,52.745,52.73,52.7699,52.7,31
2024-05-22 17:47:00,4654,52.7314,52.76,52.705,52.76,52.6501,68
2024-05-22 17:48:00,3413,52.6494,52.705,52.59,52.705,52.59,75
2024-05-22 17:49:00,2059,52.5655,52.56,52.5717,52.5717,52.5386,42
2024-05-22 17:50:00,6524,52.6949,52.59,52.71,52.74,52.59,101
2024-05-22 17:51:00,2833,52.7119,52.71,52.695,52.7376,52.67,43
2024-05-22 17:52:00,2230,52.6649,52.6701,52.655,52.7,52.59,44
2024-05-22 17:53:00,541,52.6467,52.63,52.65,52.65,52.63,21
2024-05-22 17:54:00,5308,52.5693,52.655,52.4904,52.655,52.465,101
2024-05-22 17:55:00,4815,52.4074,52.3701,52.365,52.425,52.33,60
2024-05-22 17:56:00,5729,52.2893,52.365,52.33,52.365,52.22,75
2024-05-22 17:57:00,15386,52.263,52.33,52.215,52.33,52.2,118
2024-05-22 17:58:00,9419,52.3235,52.22,52.46,52.46,52.21,116
2024-05-22 17:59:00,3026,52.5188,52.475,52.525,52.56,52.475,83
2024-05-22 18:00:00,7443,52.3442,52.42,52.305,52.46,52.19,171
2024-05-22 18:01:00,8030,52.2806,52.31,52.15,52.36,52.15,100
2024-05-22 18:02:00,19773,51.9736,52.165,51.82,52.165,51.71,270
2024-05-22 18:03:00,23598,51.7607,51.81,51.92,51.92,51.62,233
2024-05-22 18:04:00,17677,51.9099,51.8237,51.925,52.02,51.8237,104
2024-05-22 18:05:00,6815,51.9687,51.88,51.97,52.0,51.88,54
2024-05-22 18:06:00,7725,52.0641,51.97,52.05,52.18,51.925,99
2024-05-22 18:07:00,3804,52.1313,52.16,52.06,52.1718,52.03,72
2024-05-22 18:08:00,2511,52.1841,52.09,52.23,52.23,52.09,61
2024-05-22 18:09:00,7292,52.2307,52.255,52.18,52.3,52.16,122
2024-05-22 18:10:00,3419,52.1644,52.16,52.24,52.24,52.13,79
2024-05-22 18:11:00,3099,52.2232,52.25,52.18,52.29,52.17,67
2024-05-22 18:12:00,3049,52.1042,52.16,52.06,52.16,52.06,70
2024-05-22 18:13:00,4885,52.0929,52.05,52.05,52.13,52.05,64
2024-05-22 18:14:00,3526,52.0649,52.1,52.125,52.13,52.03,68
2024-05-22 18:15:00,2375,52.1429,52.125,52.17,52.17,52.11,65
2024-05-22 18:16:00,4907,52.202,52.2,52.209,52.28,52.12,105
2024-05-22 18:17:00,1052,52.1872,52.21,52.2,52.21,52.15,36
2024-05-22 18:18:00,4954,52.1015,52.14,52.1,52.1724,52.04,109
2024-05-22 18:19:00,5908,52.0543,52.05,52.095,52.12,52.01,143
2024-05-22 18:20:00,1790,52.0984,52.12,52.11,52.12,52.07,50
2024-05-22 18:21:00,11266,51.9858,52.08,51.88,52.11,51.88,173
2024-05-22 18:22:00,23387,51.8192,51.83,51.96,51.9691,51.75,156
2024-05-22 18:23:00,3123,51.8367,51.85,51.8469,51.8834,51.75,45
2024-05-22 18:24:00,8628,51.7315,51.82,51.665,51.83,51.59,133
2024-05-22 18:25:00,4539,51.6356,51.67,51.6451,51.68,51.57,81
2024-05-22 18:26:00,5426,51.6464,51.675,51.625,51.68,51.57,79
2024-05-22 18:27:00,4127,51.5851,51.62,51.57,51.62,51.57,63
2024-05-22 18:28:00,9337,51.5152,51.54,51.41,51.57,51.41,111
2024-05-22 18:29:00,5014,51.4035,51.48,51.335,51.48,51.33,70
2024-05-22 18:30:00,13092,51.335,51.335,51.48,51.48,51.27,156
2024-05-22 18:31:00,2495,51.4482,51.44,51.41,51.51,51.41,46
2024-05-22 18:32:00,7721,51.3405,51.39,51.31,51.3999,51.265,87
2024-05-22 18:33:00,5402,51.401,51.33,51.54,51.54,51.33,75
2024-05-22 18:34:00,2796,51.4844,51.51,51.51,51.5295,51.4439,57
2024-05-22 18:35:00,1497,51.5484,51.5,51.6253,51.6253,51.5,36
2024-05-22 18:36:00,5427,51.5902,51.585,51.56,51.6125,51.54,90
2024-05-22 18:37:00,2286,51.5037,51.575,51.41,51.575,51.41,72
2024-05-22 18:38:00,1717,51.4141,51.38,51.42,51.42,51.38,40
2024-05-22 18:39:00,1301,51.4136,51.42,51.415,51.45,51.3506,29
2024-05-22 18:40:00,1676,51.4725,51.405,51.52,51.52,51.405,51
2024-05-22 18:41:00,2168,51.4696,51.495,51.44,51.5,51.44,57
2024-05-22 18:42:00,9394,51.4678,51.44,51.5,51.5,51.4,51
2024-05-22 18:43:00,9386,51.6203,51.54,51.695,51.71,51.54,123
2024-05-22 18:44:00,6987,51.6693,51.695,51.67,51.695,51.63,117
2024-05-22 18:45:00,3354,51.7648,51.71,51.795,51.8299,51.71,65
2024-05-22 18:46:00,2567,51.8511,51.795,51.88,51.91,51.795,66
2024-05-22 18:47:00,3039,51.8824,51.89,51.8973,51.9199,51.8448,105
2024-05-22 18:48:00,5286,51.934,51.9,51.915,51.9399,51.9,37
2024-05-22 18:49:00,6266,51.8782,51.94,51.81,51.97,51.77,128
2024-05-22 18:50:00,2438,51.7867,51.79,51.785,51.8,51.77,55
2024-05-22 18:51:00,1210,51.7878,51.795,51.79,51.795,51.75,34
2024-05-22 18:52:00,1463,51.7841,51.78,51.76,51.795,51.76,38
2024-05-22 18:53:00,5876,51.7552,51.795,51.7,51.81,51.64,135
2024-05-22 18:54:00,4030,51.712,51.71,51.71,51.74,51.6731,107
2024-05-22 18:55:00,1506,51.6704,51.7,51.69,51.7,51.64,50
2024-05-22 18:56:00,1865,51.5853,51.62,51.55,51.62,51.55,29
2024-05-22 18:57:00,2248,51.6291,51.61,51.685,51.685,51.6,51
2024-05-22 18:58:00,2902,51.6417,51.64,51.63,51.66,51.63,56
2024-05-22 18:59:00,3445,51.6578,51.63,51.69,51.72,51.61,74
2024-05-22 19:00:00,3236,51.7844,51.69,51.825,51.825,51.69,74
2024-05-22 19:01:00,1877,51.8398,51.85,51.907,51.907,51.84,56
2024-05-22 19:02:00,4783,51.9834,51.91,52.1,52.1,51.91,109
2024-05-22 19:03:00,6047,51.9676,52.05,51.89,52.07,51.89,183
2024-05-22 19:04:00,2925,51.8875,51.88,51.92,51.92,51.87,39
2024-05-22 19:05:00,1579,51.9536,51.9216,51.95,51.98,51.9216,35
2024-05-22 19:06:00,1988,51.9331,51.96,51.93,51.96,51.9057,58
2024-05-22 19:07:00,7046,51.8685,51.93,51.8,51.93,51.8,145
2024-05-22 19:08:00,3763,51.815,51.8225,51.8,51.85,51.77,81
2024-05-22 19:09:00,3243,51.8004,51.8,51.815,51.82,51.77,74
2024-05-22 19:10:00,5007,51.8732,51.815,51.905,51.95,51.7701,75
2024-05-22 19:11:00,16702,52.2842,51.91,52.01,52.07,51.91,94
2024-05-22 19:12:00,4920,52.0115,52.01,52.0,52.05,51.97,101
2024-05-22 19:13:00,1805,52.0,52.015,52.04,52.04,52.015,48
2024-05-22 19:14:00,6097,52.0055,51.98,51.98,52.03,51.98,116
2024-05-22 19:15:00,5847,51.9675,51.985,51.92,51.985,51.915,99
2024-05-22 19:16:00,9190,51.9464,51.945,51.81,52.0,51.8,128
2024-05-22 19:17:00,2596,51.8017,51.835,51.72,51.835,51.72,45
2024-05-22 19:18:00,2468,51.7131,51.77,51.62,51.78,51.62,65
2024-05-22 19:19:00,3986,51.5962,51.625,51.55,51.63,51.5,92
2024-05-22 19:20:00,4551,51.5494,51.5,51.575,51.62,51.49,75
2024-05-22 19:21:00,3051,51.5418,51.5775,51.535,51.5775,51.49,53
2024-05-22 19:22:00,3780,51.4907,51.535,51.5,51.54,51.44,73
2024-05-22 19:23:00,5050,51.5847,51.52,51.67,51.67,51.495,80
2024-05-22 19:24:00,6419,51.7102,51.68,51.78,51.78,51.67,106
2024-05-22 19:25:00,6149,51.8517,51.82,51.9,51.9,51.8,115
2024-05-22 19:26:00,6501,51.8546,51.9,51.8,51.9,51.8,142
2024-05-22 19:27:00,2452,51.8533,51.82,51.9,51.9,51.785,72
2024-05-22 19:28:00,3337,51.9286,51.95,51.92,51.955,51.92,83
2024-05-22 19:29:00,7349,51.9391,51.9163,52.01,52.01,51.9,155
2024-05-22 19:30:00,3934,51.9835,51.995,52.0,52.005,51.97,87
2024-05-22 19:31:00,5452,52.0868,52.03,52.12,52.1499,52.03,121
2024-05-22 19:32:00,15943,52.2118,52.15,52.229,52.3,52.15,332
2024-05-22 19:33:00,1559,52.1843,52.185,52.195,52.195,52.185,22
2024-05-22 19:34:00,6223,52.1569,52.195,52.17,52.2,52.12,97
2024-05-22 19:35:00,2920,52.1642,52.165,52.15,52.185,52.15,70
2024-05-22 19:36:00,6370,52.1234,52.13,52.08,52.15,52.08,156
2024-05-22 19:37:00,5732,52.088,52.095,52.0825,52.11,52.06,104
2024-05-22 19:38:00,6130,52.15,52.11,52.205,52.205,52.07,150
2024-05-22 19:39:00,4996,52.1705,52.2,52.145,52.2,52.145,101
2024-05-22 19:40:00,6654,52.1871,52.17,52.235,52.25,52.15,117
2024-05-22 19:41:00,20183,52.2609,52.235,52.26,52.3,52.21,330
2024-05-22 19:42:00,31456,52.291,52.26,52.21,52.36,52.21,376
2024-05-22 19:43:00,7205,52.172,52.2,52.3,52.3,52.09,162
2024-05-22 19:44:00,9324,52.2674,52.25,52.3,52.3,52.21,97
2024-05-22 19:45:00,11505,52.3595,52.3,52.49,52.5,52.3,161
2024-05-22 19:46:00,17070,52.4826,52.465,52.49,52.55,52.44,219
2024-05-22 19:47:00,9337,52.4541,52.495,52.385,52.495,52.385,165
2024-05-22 19:48:00,4034,52.435,52.38,52.4825,52.485,52.38,105
2024-05-22 19:49:00,4254,52.4681,52.488,52.487,52.489,52.45,105
2024-05-22 19:50:00,15068,52.5123,52.49,52.54,52.57,52.47,293
2024-05-22 19:51:00,12690,52.6228,52.555,52.65,52.69,52.53,272
2024-05-22 19:52:00,21764,52.6464,52.67,52.68,52.7,52.57,466
2024-05-22 19:53:00,18955,52.7306,52.71,52.72,52.76,52.68,388
2024-05-22 19:54:00,25843,52.791,52.74,52.835,52.89,52.71,450
2024-05-22 19:55:00,25520,52.885,52.86,52.86,52.94,52.84,564
2024-05-22 19:56:00,24584,52.8338,52.87,52.82,52.88,52.79,491
2024-05-22 19:57:00,28710,52.7611,52.835,52.74,52.835,52.72,659
2024-05-22 19:58:00,39136,52.7116,52.75,52.7,52.76,52.68,681
2024-05-22 19:59:00,68709,52.7665,52.71,52.86,52.86,52.69,1135
2024-05-22 20:00:00,15614,52.8298,52.83,52.83,52.83,52.83,23
2024-05-22 20:05:00,1843,52.83,52.83,52.83,52.83,52.83,1
2024-05-22 20:15:00,100,52.9,52.9,52.9,52.9,52.9,1
2024-05-22 20:20:00,378,52.6533,52.66,52.65,52.66,52.65,5
2024-05-22 20:21:00,500,52.8,52.8,52.8,52.8,52.8,1
2024-05-22 20:22:00,1170,52.7959,52.8,52.8,52.8,52.8,16
2024-05-22 20:33:00,218,52.8337,52.8734,52.8734,52.8734,52.8734,6
2024-05-22 20:47:00,200,52.8068,52.81,52.81,52.81,52.81,3
2024-05-22 21:16:00,151,52.1081,52.01,52.01,52.01,52.01,5
2024-05-22 21:21:00,114,52.6792,52.7,52.7,52.7,52.7,4
2024-05-22 22:08:00,100,52.8,52.8,52.8,52.8,52.8,1
2024-05-22 22:37:00,901,52.1822,52.1815,52.1815,52.1815,52.1815,2
2024-05-22 22:55:00,100,53.0,53.0,53.0,53.0,53.0,1
2024-05-22 23:42:00,143,52.21,52.21,52.21,52.21,52.21,1
2024-05-22 23:43:00,100,52.96,52.96,52.96,52.96,52.96,1
2024-05-22 23:45:00,143,52.23,52.23,52.23,52.23,52.23,1
2024-05-22 23:59:00,300,52.7,52.7,52.7,52.7,52.7,2
2024-05-23 08:13:00,264,52.7303,52.72,52.71,52.72,52.71,5
2024-05-23 10:22:00,100,52.76,52.76,52.76,52.76,52.76,1
2024-05-23 11:00:00,510,52.6658,52.66,52.66,52.66,52.66,11
2024-05-23 11:44:00,500,52.739,52.74,52.74,52.74,52.74,10
2024-05-23 11:50:00,597,52.7545,52.88,52.74,52.88,52.74,23
2024-05-23 11:51:00,201,52.4393,52.41,52.41,52.41,52.41,7
2024-05-23 12:10:00,1010,52.52,52.52,52.52,52.52,52.52,1
2024-05-23 12:23:00,872,52.6811,52.63,52.71,52.71,52.63,5
2024-05-23 12:24:00,300,52.7367,52.75,52.75,52.75,52.75,10
2024-05-23 12:25:00,1528,52.6888,52.72,52.62,52.72,52.62,43
2024-05-23 12:26:00,2340,52.8496,52.63,52.95,52.95,52.63,52
2024-05-23 12:27:00,3331,52.8547,53.0,52.86,53.0,52.75,87
2024-05-23 12:28:00,2148,52.8956,52.89,52.98,52.98,52.89,7
2024-05-23 12:29:00,356,52.9112,52.9,52.9,52.9,52.9,43
2024-05-23 12:30:00,2651,52.7715,52.77,52.77,52.77,52.77,10
2024-05-23 12:33:00,250,52.7686,52.77,52.77,52.77,52.77,6
2024-05-23 12:40:00,4662,52.6964,52.7,52.7,52.7,52.68,44
2024-05-23 12:45:00,1445,52.998,53.0,53.0,53.0,52.99,25
2024-05-23 12:46:00,1552,52.9074,52.91,52.91,52.91,52.9,45
2024-05-23 12:53:00,200,53.026,53.02,53.02,53.02,53.02,4
2024-05-23 13:00:00,1659,53.0358,53.08,53.0,53.08,53.0,14
2024-05-23 13:04:00,3565,52.8525,52.91,52.83,52.91,52.83,25
2024-05-23 13:09:00,187,53.15,53.15,53.15,53.15,53.15,1
2024-05-23 13:18:00,160,52.8038,52.8,52.8,52.8,52.8,2
2024-05-23 13:19:00,100,52.83,52.83,52.83,52.83,52.83,1
2024-05-23 13:25:00,2338,52.6274,52.62,52.6597,52.6597,52.62,25
2024-05-23 13:26:00,330,52.5664,52.65,52.53,52.65,52.53,9
2024-05-23 13:27:00,477,52.3813,52.31,52.31,52.31,52.31,8
2024-05-23 13:28:00,569,52.295,52.3,52.3,52.3,52.3,19
2024-05-23 13:30:00,34799,52.0779,52.1,52.18,52.4,51.81,174
2024-05-23 13:31:00,11801,51.8054,52.03,51.51,52.085,51.51,186
2024-05-23 13:32:00,6341,51.4952,51.51,51.5,51.675,51.37,127
2024-05-23 13:33:00,12423,51.3242,51.6095,51.04,51.65,51.03,164
2024-05-23 13:34:00,17156,51.1018,51.02,51.21,51.23,50.88,237
2024-05-23 13:35:00,16001,51.2008,51.24,51.1501,51.34,51.05,166
2024-05-23 13:36:00,11236,51.01,51.15,51.1,51.15,50.88,171
2024-05-23 13:37:00,17396,50.8596,51.1,50.74,51.1,50.65,188
2024-05-23 13:38:00,14956,50.8376,50.72,50.91,51.1,50.62,205
2024-05-23 13:39:00,4848,50.975,50.91,51.01,51.2188,50.77,76
2024-05-23 13:40:00,10991,50.8681,51.06,50.53,51.06,50.53,143
2024-05-23 13:41:00,14544,50.6462,50.57,50.735,50.8499,50.52,177
2024-05-23 13:42:00,11953,50.6589,50.69,50.77,50.77,50.55,149
2024-05-23 13:43:00,3436,50.7698,50.83,50.79,50.85,50.69,81
2024-05-23 13:44:00,1143,50.8001,50.795,50.8341,50.8341,50.79,32
2024-05-23 13:45:00,10453,50.5161,50.71,50.44,50.71,50.39,157
2024-05-23 13:46:00,6513,50.3448,50.42,50.28,50.51,50.255,87
2024-05-23 13:47:00,10591,50.1811,50.29,50.21,50.3008,50.079,163
2024-05-23 13:48:00,18161,50.0581,50.13,50.14,50.178,50.0,233
2024-05-23 13:49:00,23719,50.2673,50.17,50.28,50.36,50.1054,212
2024-05-23 13:50:00,6203,50.3099,50.3,50.25,50.36,50.25,114
2024-05-23 13:51:00,4823,50.2154,50.22,50.225,50.36,50.084,105
2024-05-23 13:52:00,15507,50.0186,50.2225,49.96,50.2225,49.89,154
2024-05-23 13:53:00,19944,49.8727,49.97,49.83,50.0274,49.7,278
2024-05-23 13:54:00,17093,49.7661,49.8,49.68,49.88,49.635,219
2024-05-23 13:55:00,4420,49.7292,49.625,49.76,49.83,49.625,92
2024-05-23 13:56:00,13584,49.891,49.76,50.01,50.01,49.76,197
2024-05-23 13:57:00,8840,49.9622,49.98,49.925,50.0299,49.88,70
2024-05-23 13:58:00,11640,49.9693,49.925,49.89,50.11,49.89,166
2024-05-23 13:59:00,10689,49.7893,49.93,49.85,49.93,49.7,139
2024-05-23 14:00:00,11442,49.9275,49.85,49.99,50.0,49.85,175
2024-05-23 14:01:00,15768,50.085,50.07,49.96,50.19,49.92,189
2024-05-23 14:02:00,8991,50.0295,49.9,50.07,50.13,49.88,140
2024-05-23 14:03:00,7520,50.0297,50.07,50.05,50.07,49.99,103
2024-05-23 14:04:00,18112,50.1529,50.05,50.31,50.31,49.9701,210
2024-05-23 14:05:00,4889,50.3731,50.37,50.47,50.47,50.3,60
2024-05-23 14:06:00,8023,50.4366,50.435,50.35,50.5899,50.3,113
2024-05-23 14:07:00,6988,50.1882,50.33,50.12,50.33,50.01,78
2024-05-23 14:08:00,8520,50.1306,50.095,50.115,50.2,50.045,75
2024-05-23 14:09:00,5262,50.1896,50.11,50.315,50.315,50.11,88
2024-05-23 14:10:00,2907,50.3878,50.27,50.335,50.45,50.27,54
2024-05-23 14:11:00,5917,50.4933,50.44,50.435,50.57,50.41,49
2024-05-23 14:12:00,5431,50.4683,50.475,50.38,50.559,50.35,51
2024-05-23 14:13:00,8545,50.5246,50.48,50.5,50.6,50.48,59
2024-05-23 14:14:00,7788,50.5482,50.53,50.619,50.619,50.46,75
2024-05-23 14:15:00,5013,50.5809,50.595,50.47,50.64,50.47,91
2024-05-23 14:16:00,3660,50.4206,50.42,50.335,50.51,50.335,59
2024-05-23 14:17:00,6766,50.3125,50.25,50.32,50.39,50.23,68
2024-05-23 14:18:00,4827,50.3205,50.3832,50.29,50.41,50.22,87
2024-05-23 14:19:00,16837,50.2829,50.3,50.22,50.3,50.18,135
2024-05-23 14:20:00,2956,50.2635,50.3,50.17,50.31,50.17,67
2024-05-23 14:21:00,8918,49.9328,50.1,49.83,50.1,49.76,160
2024-05-23 14:22:00,5759,49.8393,49.87,49.8399,49.925,49.78,99
2024-05-23 14:23:00,9670,49.8735,49.815,49.895,49.95,49.78,145
2024-05-23 14:24:00,4357,49.8818,49.91,49.84,49.94,49.7801,69
2024-05-23 14:25:00,3884,49.9087,49.89,49.93,49.97,49.86,68
2024-05-23 14:26:00,9304,49.891,49.92,49.775,50.01,49.775,126
2024-05-23 14:27:00,10074,49.8495,49.78,49.996,49.996,49.78,89
2024-05-23 14:28:00,2369,49.8884,49.96,49.9199,49.96,49.8,50
2024-05-23 14:29:00,4591,49.9091,49.86,49.95,49.97,49.86,94
2024-05-23 14:30:00,8392,49.9626,50.01,49.93,50.02,49.89,148
2024-05-23 14:31:00,4646,49.9334,49.92,49.9925,49.9925,49.89,99
2024-05-23 14:32:00,4308,49.8948,49.92,49.88,49.93,49.83,84
2024-05-23 14:33:00,6859,49.8264,49.84,49.8537,49.88,49.7739,56
2024-05-23 14:34:00,9093,49.8413,49.85,49.77,49.94,49.77,134
2024-05-23 14:35:00,18120,49.7574,49.82,49.65,49.8599,49.65,236
2024-05-23 14:36:00,12822,49.7147,49.67,49.795,49.8581,49.58,182
2024-05-23 14:37:00,7562,49.7517,49.8233,49.6,49.85,49.6,139
2024-05-23 14:38:00,8395,49.7224,49.7,49.775,49.84,49.6444,123
2024-05-23 14:39:00,12895,49.8314,49.765,49.98,50.0,49.76,144
2024-05-23 14:40:00,5529,49.9543,50.03,49.94,50.03,49.91,73
2024-05-23 14:41:00,5604,49.8638,49.94,49.8899,49.94,49.82,86
2024-05-23 14:42:00,7728,49.7951,49.89,49.675,49.925,49.67,118
2024-05-23 14:43:00,16114,49.5281,49.65,49.51,49.65,49.4641,217
2024-05-23 14:44:00,2418,49.4547,49.5,49.41,49.5,49.41,47
2024-05-23 14:45:00,7395,49.405,49.44,49.37,49.47,49.34,100
2024-05-23 14:46:00,14397,49.4062,49.37,49.49,49.51,49.33,135
2024-05-23 14:47:00,2747,49.4757,49.45,49.47,49.525,49.42,41
2024-05-23 14:48:00,8943,49.4461,49.42,49.525,49.525,49.405,96
2024-05-23 14:49:00,11361,49.3938,49.525,49.3599,49.525,49.35,94
2024-05-23 14:50:00,9447,49.2509,49.31,49.2,49.32,49.18,159
2024-05-23 14:51:00,4675,49.2549,49.25,49.24,49.29,49.21,82
2024-05-23 14:52:00,7277,49.291,49.255,49.27,49.33,49.25,90
2024-05-23 14:53:00,6007,49.2724,49.29,49.265,49.3269,49.23,75
2024-05-23 14:54:00,6358,49.2429,49.275,49.24,49.3114,49.2,64
2024-05-23 14:55:00,5827,49.1949,49.1601,49.275,49.3,49.1201,87
2024-05-23 14:56:00,5184,49.2717,49.31,49.225,49.32,49.225,97
2024-05-23 14:57:00,7804,49.2318,49.215,49.29,49.29,49.15,104
2024-05-23 14:58:00,2345,49.2551,49.23,49.2327,49.28,49.23,33
2024-05-23 14:59:00,6840,49.2693,49.28,49.3263,49.3263,49.2327,90
2024-05-23 15:00:00,14970,49.2227,49.3,49.22,49.33,49.15,161
2024-05-23 15:01:00,17274,49.3217,49.25,49.245,49.41,49.1801,159
2024-05-23 15:02:00,4466,49.3005,49.26,49.3,49.31,49.26,33
2024-05-23 15:03:00,13062,49.1794,49.3133,49.13,49.3133,49.1075,119
2024-05-23 15:04:00,5917,49.1856,49.16,49.19,49.28,49.1,90
2024-05-23 15:05:00,4498,49.2447,49.2641,49.25,49.2641,49.17,48
2024-05-23 15:06:00,2676,49.2953,49.255,49.32,49.32,49.255,46
2024-05-23 15:07:00,5299,49.3586,49.32,49.425,49.425,49.2856,106
2024-05-23 15:08:00,3535,49.3925,49.425,49.39,49.43,49.36,40
2024-05-23 15:09:00,4859,49.3894,49.375,49.43,49.48,49.35,53
2024-05-23 15:10:00,2903,49.4101,49.42,49.42,49.42,49.41,46
2024-05-23 15:11:00,1756,49.3931,49.41,49.35,49.4613,49.35,47
2024-05-23 15:12:00,7120,49.2888,49.395,49.28,49.395,49.24,113
2024-05-23 15:13:00,2786,49.2343,49.21,49.24,49.275,49.2,88
2024-05-23 15:14:00,5275,49.2171,49.3289,49.2,49.3289,49.19,86
2024-05-23 15:15:00,2247,49.2374,49.1522,49.3,49.31,49.1522,74
2024-05-23 15:16:00,1840,49.2616,49.305,49.26,49.3082,49.25,51
2024-05-23 15:17:00,5419,49.3164,49.34,49.34,49.34,49.28,74
2024-05-23 15:18:00,5051,49.3939,49.3338,49.39,49.46,49.3338,93
2024-05-23 15:19:00,3076,49.3078,49.33,49.27,49.33,49.27,69
2024-05-23 15:20:00,5258,49.3208,49.34,49.3,49.37,49.27,142
2024-05-23 15:21:00,5323,49.2675,49.295,49.2299,49.3299,49.19,71
2024-05-23 15:22:00,2520,49.1712,49.19,49.14,49.2,49.13,59
2024-05-23 15:23:00,6312,49.1337,49.11,49.11,49.2346,49.06,131
2024-05-23 15:24:00,5194,49.1112,49.07,49.164,49.164,49.06,59
2024-05-23 15:25:00,3326,49.1673,49.12,49.1701,49.2,49.1,74
2024-05-23 15:26:00,3155,49.2138,49.205,49.13,49.25,49.13,75
2024-05-23 15:27:00,13810,49.1826,49.14,49.2599,49.27,49.1025,148
2024-05-23 15:28:00,584,49.2067,49.2499,49.2499,49.2499,49.2499,17
2024-05-23 15:29:00,1218,49.1803,49.19,49.175,49.19,49.16,38
2024-05-23 15:30:00,5752,49.2306,49.2453,49.21,49.31,49.15,111
2024-05-23 15:31:00,3259,49.18,49.21,49.1535,49.2699,49.14,57
2024-05-23 15:32:00,3549,49.2951,49.22,49.31,49.335,49.21,58
2024-05-23 15:33:00,1384,49.3032,49.31,49.325,49.33,49.27,44
2024-05-23 15:34:00,4952,49.3105,49.29,49.33,49.35,49.27,109
2024-05-23 15:35:00,1185,49.2911,49.27,49.3,49.31,49.26,34
2024-05-23 15:36:00,1168,49.3014,49.3,49.26,49.3,49.26,45
2024-05-23 15:37:00,5555,49.317,49.2663,49.26,49.36,49.26,114
2024-05-23 15:38:00,3766,49.2238,49.23,49.2153,49.25,49.2101,45
2024-05-23 15:39:00,4352,49.2109,49.21,49.24,49.24,49.15,82
2024-05-23 15:40:00,3648,49.2091,49.26,49.17,49.26,49.15,89
2024-05-23 15:41:00,6291,49.187,49.16,49.23,49.2499,49.1344,117
2024-05-23 15:42:00,5882,49.2946,49.24,49.37,49.37,49.2,119
2024-05-23 15:43:00,4738,49.3989,49.4,49.39,49.43,49.38,88
2024-05-23 15:44:00,1512,49.3729,49.375,49.385,49.385,49.375,35
2024-05-23 15:45:00,2921,49.3248,49.39,49.3,49.39,49.2636,69
2024-05-23 15:46:00,1110,49.2616,49.3,49.25,49.3,49.25,42
2024-05-23 15:47:00,3787,49.2841,49.25,49.3,49.31,49.25,78
2024-05-23 15:48:00,636,49.2996,49.31,49.295,49.31,49.295,17
2024-05-23 15:49:00,8553,49.2593,49.295,49.23,49.34,49.17,105
2024-05-23 15:50:00,4210,49.186,49.2151,49.1001,49.25,49.1001,83
2024-05-23 15:51:00,2196,49.1313,49.06,49.08,49.08,49.06,56
2024-05-23 15:52:00,7369,49.1027,49.13,49.16,49.19,49.0406,124
2024-05-23 15:53:00,2443,49.2001,49.19,49.19,49.25,49.19,48
2024-05-23 15:54:00,1103,49.2117,49.2109,49.22,49.22,49.2,52
2024-05-23 15:55:00,2256,49.179,49.2,49.2,49.2,49.14,63
2024-05-23 15:56:00,7393,49.2825,49.17,49.24,49.34,49.17,111
2024-05-23 15:57:00,2705,49.1872,49.22,49.1701,49.235,49.1701,42
2024-05-23 15:58:00,13790,49.2033,49.18,49.25,49.25,49.14,117
2024-05-23 15:59:00,6160,49.2549,49.24,49.245,49.29,49.23,80
2024-05-23 16:00:00,2956,49.2874,49.245,49.345,49.345,49.2301,61
2024-05-23 16:01:00,1407,49.3226,49.385,49.385,49.41,49.3712,29
2024-05-23 16:02:00,15100,49.3779,49.3901,49.41,49.42,49.325,97
2024-05-23 16:03:00,20947,49.3902,49.445,49.395,49.45,49.35,74
2024-05-23 16:04:00,9635,49.4885,49.44,49.575,49.575,49.41,117
2024-05-23 16:05:00,27522,49.5688,49.55,49.61,49.65,49.5,155
2024-05-23 16:06:00,10797,49.4964,49.65,49.3205,49.65,49.3205,117
2024-05-23 16:07:00,10526,49.3013,49.34,49.239,49.35,49.235,139
2024-05-23 16:08:00,1629,49.1989,49.24,49.17,49.24,49.17,41
2024-05-23 16:09:00,7349,49.1849,49.2,49.15,49.21,49.11,103
2024-05-23 16:10:00,4352,49.2111,49.18,49.2299,49.2299,49.18,43
2024-05-23 16:11:00,5137,49.1459,49.15,49.19,49.19,49.1,38
2024-05-23 16:12:00,18815,49.1405,49.19,49.13,49.19,49.08,166
2024-05-23 16:13:00,1257,49.1412,49.13,49.16,49.16,49.125,31
2024-05-23 16:14:00,3163,49.1502,49.1781,49.13,49.1781,49.13,29
2024-05-23 16:15:00,3289,49.0802,49.06,49.095,49.11,49.0273,84
2024-05-23 16:16:00,1256,49.1022,49.105,49.085,49.11,49.085,35
2024-05-23 16:17:00,827,49.0874,49.0921,49.08,49.0921,49.08,32
2024-05-23 16:18:00,4022,49.0867,49.095,49.08,49.12,49.05,83
2024-05-23 16:19:00,4008,49.0783,49.07,49.085,49.11,49.05,80
2024-05-23 16:20:00,1342,49.084,49.085,49.07,49.1003,49.07,32
2024-05-23 16:21:00,2219,49.046,49.05,49.05,49.08,49.01,51
2024-05-23 16:22:00,4764,49.1141,49.08,49.15,49.15,49.08,65
2024-05-23 16:23:00,2212,49.1359,49.14,49.11,49.15,49.11,34
2024-05-23 16:24:00,497,49.1396,49.125,49.1799,49.1799,49.125,21
2024-05-23 16:25:00,2724,49.0887,49.05,49.085,49.13,49.05,45
2024-05-23 16:26:00,6759,49.128,49.1287,49.11,49.16,49.0687,51
2024-05-23 16:27:00,4573,49.0525,49.06,49.0212,49.1574,49.01,61
2024-05-23 16:28:00,3487,49.039,49.01,49.063,49.0738,49.01,37
2024-05-23 16:29:00,4171,49.0354,49.0156,49.01,49.08,49.01,53
2024-05-23 16:30:00,41570,48.9174,49.01,48.835,49.01,48.78,510
2024-05-23 16:31:00,4875,48.8352,48.81,48.79,48.872,48.79,76
2024-05-23 16:32:00,5841,48.7725,48.7677,48.7301,48.81,48.72,92
2024-05-23 16:33:00,8435,48.7258,48.8019,48.69,48.8019,48.66,123
2024-05-23 16:34:00,12640,48.7145,48.6999,48.68,48.74,48.68,105
2024-05-23 16:35:00,6231,48.7319,48.71,48.7186,48.7629,48.71,81
2024-05-23 16:36:00,2155,48.7558,48.7781,48.745,48.7781,48.72,52
2024-05-23 16:37:00,10002,48.6995,48.71,48.66,48.7299,48.66,121
2024-05-23 16:38:00,10030,48.6701,48.65,48.71,48.72,48.6401,143
2024-05-23 16:39:00,4271,48.651,48.65,48.6101,48.6977,48.61,101
2024-05-23 16:40:00,1267,48.6665,48.6694,48.68,48.68,48.65,40
2024-05-23 16:41:00,4502,48.6955,48.68,48.71,48.725,48.68,98
2024-05-23 16:42:00,3335,48.7225,48.71,48.72,48.73,48.7,55
2024-05-23 16:43:00,4681,48.6803,48.73,48.69,48.73,48.6407,82
2024-05-23 16:44:00,6462,48.6356,48.65,48.66,48.67,48.6,128
2024-05-23 16:45:00,5827,48.631,48.68,48.6,48.68,48.6,92
2024-05-23 16:46:00,7297,48.6294,48.6491,48.595,48.6764,48.595,121
2024-05-23 16:47:00,18192,48.5165,48.585,48.46,48.6176,48.43,272
2024-05-23 16:48:00,13061,48.5385,48.5,48.62,48.62,48.48,184
2024-05-23 16:49:00,3573,48.6175,48.659,48.6709,48.6709,48.55,51
2024-05-23 16:50:00,1658,48.6582,48.64,48.6675,48.6794,48.64,24
2024-05-23 16:51:00,4910,48.6433,48.6785,48.55,48.705,48.55,70
2024-05-23 16:52:00,6669,48.5028,48.49,48.51,48.5699,48.4571,83
2024-05-23 16:53:00,4023,48.4913,48.49,48.47,48.5375,48.45,67
2024-05-23 16:54:00,4828,48.438,48.44,48.47,48.475,48.4,116
2024-05-23 16:55:00,2608,48.4244,48.43,48.39,48.46,48.38,170
2024-05-23 16:56:00,3370,48.4087,48.39,48.3805,48.43,48.3805,96
2024-05-23 16:57:00,5839,48.3537,48.4399,48.3201,48.4399,48.3201,49
2024-05-23 16:58:00,3066,48.3838,48.39,48.375,48.4096,48.36,55
2024-05-23 16:59:00,4896,48.3941,48.38,48.42,48.43,48.375,78
2024-05-23 17:00:00,13934,48.3371,48.42,48.2682,48.42,48.25,194
2024-05-23 17:01:00,2217,48.3068,48.28,48.32,48.3335,48.28,55
2024-05-23 17:02:00,5479,48.3176,48.27,48.26,48.3729,48.26,90
2024-05-23 17:03:00,4658,48.2771,48.25,48.35,48.35,48.22,98
2024-05-23 17:04:00,4917,48.3939,48.35,48.4395,48.455,48.35,79
2024-05-23 17:05:00,8002,48.5021,48.39,48.535,48.57,48.39,123
2024-05-23 17:06:00,4023,48.5204,48.535,48.47,48.55,48.47,55
2024-05-23 17:07:00,4852,48.5472,48.48,48.5925,48.65,48.475,101
2024-05-23 17:08:00,1769,48.5719,48.55,48.63,48.63,48.55,45
2024-05-23 17:09:00,1441,48.5536,48.6,48.53,48.6,48.53,39
2024-05-23 17:10:00,2315,48.499,48.525,48.55,48.57,48.48,41
2024-05-23 17:11:00,287,48.5423,48.55,48.545,48.55,48.545,16
2024-05-23 17:12:00,1012,48.5525,48.56,48.55,48.56,48.54,30
2024-05-23 17:13:00,2758,48.5878,48.55,48.59,48.64,48.53,74
2024-05-23 17:14:00,2370,48.5216,48.54,48.5,48.54,48.5,58
2024-05-23 17:15:00,1862,48.4888,48.46,48.46,48.495,48.46,55
2024-05-23 17:16:00,1577,48.4168,48.42,48.4,48.425,48.4,46
2024-05-23 17:17:00,2705,48.4383,48.4,48.47,48.47,48.4,76
2024-05-23 17:18:00,5248,48.5372,48.49,48.5399,48.6,48.49,91
2024-05-23 17:19:00,1143,48.5278,48.58,48.5,48.58,48.5,40
2024-05-23 17:20:00,1808,48.5578,48.54,48.5303,48.58,48.5,27
2024-05-23 17:21:00,702,48.5266,48.535,48.5692,48.5692,48.5,29
2024-05-23 17:22:00,2723,48.5237,48.53,48.45,48.5499,48.45,77
2024-05-23 17:23:00,2651,48.4879,48.5,48.48,48.51,48.48,34
2024-05-23 17:24:00,2852,48.5566,48.485,48.59,48.59,48.485,79
2024-05-23 17:25:00,1052,48.5493,48.58,48.52,48.58,48.52,42
2024-05-23 17:26:00,13246,48.5629,48.56,48.53,48.59,48.52,84
2024-05-23 17:27:00,375,48.5603,48.5612,48.5612,48.5612,48.5612,15
2024-05-23 17:28:00,1992,48.6131,48.565,48.64,48.64,48.565,41
2024-05-23 17:29:00,5161,48.6042,48.64,48.565,48.64,48.565,37
2024-05-23 17:30:00,5539,48.5275,48.5303,48.505,48.55,48.5,86
2024-05-23 17:31:00,405,48.5154,48.49,48.5,48.5,48.49,16
2024-05-23 17:32:00,2470,48.5276,48.54,48.53,48.54,48.51,52
2024-05-23 17:33:00,2841,48.5088,48.53,48.54,48.54,48.46,81
2024-05-23 17:34:00,1506,48.5104,48.5,48.5,48.525,48.5,31
2024-05-23 17:35:00,5697,48.4123,48.47,48.39,48.47,48.37,116
2024-05-23 17:36:00,3976,48.2894,48.32,48.31,48.32,48.27,69
2024-05-23 17:37:00,6625,48.2564,48.27,48.2101,48.28,48.2101,142
2024-05-23 17:38:00,3523,48.2037,48.21,48.245,48.245,48.17,105
2024-05-23 17:39:00,2881,48.2179,48.22,48.256,48.256,48.2,63
2024-05-23 17:40:00,3964,48.303,48.26,48.33,48.33,48.26,107
2024-05-23 17:41:00,2405,48.2774,48.31,48.26,48.31,48.25,64
2024-05-23 17:42:00,3135,48.2558,48.255,48.25,48.28,48.24,57
2024-05-23 17:43:00,8066,48.2033,48.27,48.18,48.28,48.17,124
2024-05-23 17:44:00,3776,48.2251,48.19,48.23,48.24,48.17,66
2024-05-23 17:45:00,1376,48.2667,48.275,48.25,48.29,48.25,45
2024-05-23 17:46:00,541,48.2397,48.23,48.23,48.23,48.23,24
2024-05-23 17:47:00,2426,48.3115,48.28,48.3,48.3856,48.28,48
2024-05-23 17:48:00,773,48.2963,48.27,48.305,48.305,48.27,41
2024-05-23 17:49:00,1981,48.2922,48.32,48.29,48.33,48.25,74
2024-05-23 17:50:00,1388,48.2626,48.26,48.2,48.29,48.2,31
2024-05-23 17:51:00,2567,48.2234,48.27,48.17,48.27,48.17,64
2024-05-23 17:52:00,6399,48.1478,48.1561,48.13,48.17,48.11,104
2024-05-23 17:53:00,18372,48.0613,48.15,48.06,48.15,48.0,304
2024-05-23 17:54:00,7031,48.0321,48.0494,48.01,48.07,48.0002,80
2024-05-23 17:55:00,10667,48.0057,48.03,48.005,48.04,47.98,242
2024-05-23 17:56:00,41542,47.8548,48.0086,47.84,48.0086,47.8,370
2024-05-23 17:57:00,1774,47.8747,47.8951,47.89,47.8951,47.81,50
2024-05-23 17:58:00,17389,47.747,47.94,47.685,47.94,47.63,225
2024-05-23 17:59:00,41795,47.669,47.7299,47.7601,47.77,47.6,359
2024-05-23 18:00:00,5424,47.7538,47.79,47.7117,47.795,47.71,101
2024-05-23 18:01:00,3051,47.7516,47.75,47.76,47.8329,47.71,62
2024-05-23 18:02:00,10758,47.6913,47.72,47.68,47.73,47.65,144
2024-05-23 18:03:00,5618,47.6724,47.685,47.69,47.72,47.64,96
2024-05-23 18:04:00,10634,47.6226,47.66,47.58,47.7,47.5531,177
2024-05-23 18:05:00,3386,47.6148,47.6,47.6,47.67,47.56,75
2024-05-23 18:06:00,9423,47.5664,47.59,47.53,47.6,47.53,160
2024-05-23 18:07:00,8900,47.597,47.586,47.57,47.62,47.55,95
2024-05-23 18:08:00,2888,47.6499,47.59,47.685,47.72,47.59,62
2024-05-23 18:09:00,4556,47.6406,47.64,47.7047,47.7047,47.6125,71
2024-05-23 18:10:00,1979,47.65,47.7099,47.62,47.7099,47.62,43
2024-05-23 18:11:00,9256,47.5269,47.61,47.45,47.61,47.45,237
2024-05-23 18:12:00,13565,47.4973,47.47,47.5445,47.6091,47.34,239
2024-05-23 18:13:00,3835,47.5738,47.54,47.6,47.6036,47.54,60
2024-05-23 18:14:00,4523,47.5433,47.58,47.53,47.5896,47.5,97
2024-05-23 18:15:00,2017,47.5725,47.53,47.57,47.61,47.53,68
2024-05-23 18:16:00,1605,47.5291,47.54,47.51,47.57,47.51,48
2024-05-23 18:17:00,5022,47.4973,47.5,47.51,47.51,47.49,79
2024-05-23 18:18:00,5135,47.5237,47.5299,47.55,47.5561,47.4575,82
2024-05-23 18:19:00,3814,47.5034,47.53,47.48,47.5567,47.48,86
2024-05-23 18:20:00,8085,47.4711,47.51,47.4699,47.51,47.45,164
2024-05-23 18:21:00,7359,47.428,47.47,47.42,47.475,47.37,188
2024-05-23 18:22:00,7786,47.3903,47.39,47.356,47.42,47.356,132
2024-05-23 18:23:00,3734,47.3855,47.37,47.38,47.42,47.36,109
2024-05-23 18:24:00,2887,47.4062,47.3999,47.38,47.45,47.38,87
2024-05-23 18:25:00,2746,47.399,47.41,47.4,47.41,47.4,71
2024-05-23 18:26:00,4712,47.4297,47.37,47.48,47.48,47.37,112
2024-05-23 18:27:00,4161,47.4774,47.49,47.5277,47.5277,47.47,68
2024-05-23 18:28:00,6022,47.4281,47.5,47.3544,47.505,47.35,122
2024-05-23 18:29:00,4944,47.4055,47.36,47.38,47.4592,47.36,72
2024-05-23 18:30:00,3157,47.3701,47.37,47.3868,47.3868,47.3521,72
2024-05-23 18:31:00,8880,47.3392,47.356,47.31,47.3653,47.31,162
2024-05-23 18:32:00,5349,47.3331,47.3,47.355,47.37,47.3,104
2024-05-23 18:33:00,2778,47.3914,47.3808,47.41,47.41,47.355,68
2024-05-23 18:34:00,6628,47.4048,47.45,47.385,47.45,47.35,137
2024-05-23 18:35:00,5461,47.399,47.39,47.38,47.4231,47.3728,80
2024-05-23 18:36:00,3274,47.363,47.37,47.34,47.39,47.32,94
2024-05-23 18:37:00,2556,47.3716,47.345,47.37,47.4173,47.345,62
2024-05-23 18:38:00,2869,47.3737,47.36,47.37,47.4,47.34,73
2024-05-23 18:39:00,4355,47.3635,47.34,47.36,47.39,47.33,110
2024-05-23 18:40:00,7620,47.4416,47.41,47.49,47.49,47.4,139
2024-05-23 18:41:00,2120,47.5047,47.454,47.51,47.55,47.454,35
2024-05-23 18:42:00,5102,47.5097,47.55,47.505,47.5899,47.48,98
2024-05-23 18:43:00,1073,47.4193,47.41,47.41,47.425,47.39,35
2024-05-23 18:44:00,8841,47.3646,47.46,47.3525,47.46,47.33,114
2024-05-23 18:45:00,2448,47.3874,47.37,47.37,47.42,47.37,62
2024-05-23 18:46:00,1941,47.3657,47.36,47.373,47.373,47.345,43
2024-05-23 18:47:00,2466,47.368,47.3864,47.37,47.3864,47.36,70
2024-05-23 18:48:00,7665,47.2881,47.35,47.2513,47.35,47.2513,124
2024-05-23 18:49:00,4746,47.2607,47.25,47.25,47.3071,47.235,112
2024-05-23 18:50:00,6955,47.218,47.24,47.219,47.24,47.2,87
2024-05-23 18:51:00,3945,47.2275,47.2201,47.21,47.26,47.2,91
2024-05-23 18:52:00,1139,47.2289,47.23,47.22,47.235,47.22,53
2024-05-23 18:53:00,7621,47.2296,47.2166,47.275,47.29,47.21,150
2024-05-23 18:54:00,3517,47.2384,47.26,47.25,47.26,47.23,79
2024-05-23 18:55:00,6798,47.3182,47.25,47.345,47.4199,47.25,121
2024-05-23 18:56:00,3441,47.4068,47.39,47.41,47.45,47.39,74
2024-05-23 18:57:00,926,47.4201,47.45,47.4215,47.45,47.42,36
2024-05-23 18:58:00,1468,47.4109,47.41,47.41,47.44,47.4,62
2024-05-23 18:59:00,10160,47.3035,47.38,47.25,47.39,47.23,175
2024-05-23 19:00:00,7728,47.315,47.23,47.29,47.37,47.23,98
2024-05-23 19:01:00,6615,47.2865,47.2901,47.3099,47.32,47.25,107
2024-05-23 19:02:00,3688,47.2719,47.2601,47.29,47.2941,47.25,111
2024-05-23 19:03:00,5424,47.2939,47.29,47.28,47.3176,47.28,95
2024-05-23 19:04:00,8854,47.326,47.32,47.31,47.3899,47.29,168
2024-05-23 19:05:00,4400,47.327,47.33,47.3177,47.3776,47.3,99
2024-05-23 19:06:00,5365,47.3776,47.34,47.464,47.47,47.32,98
2024-05-23 19:07:00,5967,47.4073,47.43,47.3901,47.44,47.39,95
2024-05-23 19:08:00,3601,47.4499,47.3986,47.5059,47.5059,47.3986,76
2024-05-23 19:09:00,10263,47.4246,47.49,47.3,47.505,47.3,174
2024-05-23 19:10:00,10594,47.217,47.3,47.17,47.3,47.15,203
2024-05-23 19:11:00,8354,47.1902,47.1756,47.2,47.25,47.14,173
2024-05-23 19:12:00,4892,47.1957,47.18,47.195,47.22,47.16,103
2024-05-23 19:13:00,6944,47.1742,47.1749,47.14,47.2191,47.14,94
2024-05-23 19:14:00,8103,47.1441,47.13,47.15,47.16,47.12,162
2024-05-23 19:15:00,29092,47.0277,47.14,47.02,47.14,46.97,506
2024-05-23 19:16:00,17310,47.0327,47.06,47.02,47.06,46.99,201
2024-05-23 19:17:00,9542,47.0523,47.06,47.02,47.0963,47.02,94
2024-05-23 19:18:00,6189,47.0541,47.0595,47.08,47.08,47.02,94
2024-05-23 19:19:00,3688,47.0346,47.1,47.02,47.1,47.01,73
2024-05-23 19:20:00,7241,47.0187,47.04,47.0,47.07,47.0,117
2024-05-23 19:21:00,11632,46.9096,46.97,46.875,46.97,46.86,172
2024-05-23 19:22:00,12474,46.8876,46.86,46.9044,46.93,46.86,186
2024-05-23 19:23:00,5164,46.9181,46.9345,46.915,46.9345,46.905,117
2024-05-23 19:24:00,15152,46.9767,46.915,47.04,47.095,46.9,244
2024-05-23 19:25:00,14600,47.1823,47.11,47.22,47.25,47.11,158
2024-05-23 19:26:00,6937,47.231,47.225,47.19,47.26,47.18,125
2024-05-23 19:27:00,8823,47.0896,47.18,47.06,47.18,47.04,135
2024-05-23 19:28:00,14152,47.0601,47.09,47.175,47.18,47.0001,174
2024-05-23 19:29:00,5189,47.1438,47.21,47.14,47.21,47.11,91
2024-05-23 19:30:00,11459,47.1668,47.13,47.2197,47.25,47.1,174
2024-05-23 19:31:00,8625,47.2678,47.2197,47.26,47.32,47.2197,162
2024-05-23 19:32:00,12450,47.2719,47.25,47.35,47.36,47.24,133
2024-05-23 19:33:00,7508,47.3592,47.345,47.3896,47.3896,47.34,109
2024-05-23 19:34:00,7988,47.379,47.37,47.405,47.42,47.33,153
2024-05-23 19:35:00,5025,47.3895,47.43,47.39,47.44,47.35,95
2024-05-23 19:36:00,10382,47.3888,47.38,47.42,47.42,47.36,164
2024-05-23 19:37:00,7088,47.4191,47.42,47.463,47.463,47.4,128
2024-05-23 19:38:00,7825,47.3903,47.435,47.4,47.435,47.36,149
2024-05-23 19:39:00,8165,47.4306,47.4,47.4767,47.48,47.37,141
2024-05-23 19:40:00,9325,47.4666,47.46,47.45,47.49,47.45,198
2024-05-23 19:41:00,9699,47.4106,47.46,47.38,47.46,47.38,143
2024-05-23 19:42:00,14084,47.4225,47.385,47.45,47.4559,47.385,152
2024-05-23 19:43:00,9787,47.455,47.44,47.48,47.48,47.42,181
2024-05-23 19:44:00,16534,47.5067,47.485,47.505,47.54,47.4801,248
2024-05-23 19:45:00,24711,47.5669,47.505,47.61,47.62,47.48,313
2024-05-23 19:46:00,14787,47.5226,47.6262,47.52,47.6262,47.44,223
2024-05-23 19:47:00,17529,47.5047,47.4806,47.52,47.54,47.48,177
2024-05-23 19:48:00,12190,47.5451,47.52,47.55,47.57,47.51,222
2024-05-23 19:49:00,11326,47.5624,47.56,47.56,47.59,47.54,239
2024-05-23 19:50:00,18032,47.5664,47.57,47.575,47.59,47.54,278
2024-05-23 19:51:00,11860,47.5029,47.575,47.42,47.59,47.42,236
2024-05-23 19:52:00,29542,47.3871,47.4101,47.41,47.46,47.35,498
2024-05-23 19:53:00,21515,47.4073,47.42,47.41,47.44,47.355,352
2024-05-23 19:54:00,17144,47.3845,47.42,47.325,47.42,47.3,314
2024-05-23 19:55:00,39912,47.2622,47.3,47.21,47.33,47.2,556
2024-05-23 19:56:00,42241,47.1381,47.21,47.1,47.2199,47.075,619
2024-05-23 19:57:00,25028,47.161,47.105,47.185,47.19,47.105,464
2024-05-23 19:58:00,24899,47.2005,47.185,47.2075,47.22,47.17,359
2024-05-23 19:59:00,45539,47.203,47.21,47.2,47.23,47.19,711
2024-05-23 20:00:00,2951,47.2144,47.21,47.21,47.21,47.21,10
2024-05-23 20:01:00,173,47.2981,47.29,47.29,47.29,47.29,6
2024-05-23 20:02:00,464,47.2198,47.2,47.23,47.23,47.2,29
2024-05-23 20:06:00,5043,47.2116,47.21,47.21,47.21,47.21,2
2024-05-23 20:09:00,247,47.3314,47.3966,47.3966,47.3966,47.3966,11
2024-05-23 20:13:00,2430,47.2299,47.23,47.23,47.23,47.23,61
2024-05-23 20:14:00,103,47.23,47.23,47.23,47.23,47.23,3
2024-05-23 20:16:00,1217,47.1908,47.19,47.19,47.19,47.19,25
2024-05-23 20:17:00,700,47.19,47.19,47.19,47.19,47.19,12
2024-05-23 20:19:00,124,47.19,47.19,47.19,47.19,47.19,4
2024-05-23 20:20:00,551,47.3455,47.34,47.35,47.35,47.34,8
2024-05-23 20:22:00,238,47.3917,47.39,47.39,47.39,47.39,6
2024-05-23 20:41:00,184,47.3854,47.39,47.39,47.39,47.39,2
2024-05-23 20:56:00,439,47.3806,47.38,47.38,47.38,47.38,6
2024-05-23 21:07:00,500,47.3785,47.38,47.38,47.38,47.38,5
2024-05-23 21:29:00,123,47.38,47.38,47.38,47.38,47.38,2
2024-05-23 21:40:00,100,47.84,47.84,47.84,47.84,47.84,1
2024-05-23 21:42:00,130,47.5745,47.5795,47.5795,47.5795,47.5795,2
2024-05-23 21:44:00,310,47.3802,47.38,47.38,47.38,47.38,4
2024-05-23 22:25:00,100,47.58,47.58,47.58,47.58,47.58,1
2024-05-23 22:43:00,100,47.48,47.48,47.48,47.48,47.48,1
2024-05-23 23:04:00,300,47.48,47.48,47.48,47.48,47.48,3
2024-05-23 23:17:00,500,47.402,47.4,47.4,47.4,47.4,4
2024-05-23 23:39:00,100,47.48,47.48,47.48,47.48,47.48,1
2024-05-23 23:45:00,160,47.6375,47.69,47.69,47.69,47.69,3
2024-05-24 09:34:00,200,47.6,47.6,47.6,47.6,47.6,2
2024-05-24 11:00:00,924,47.5074,47.48,47.52,47.52,47.48,16
2024-05-24 11:13:00,562,47.6191,47.6,47.64,47.64,47.6,10
2024-05-24 11:16:00,150,47.66,47.66,47.66,47.66,47.66,2
2024-05-24 11:21:00,1284,47.6749,47.67,47.67,47.69,47.67,11
2024-05-24 11:28:00,234,47.69,47.69,47.69,47.69,47.69,4
2024-05-24 11:46:00,200,47.79,47.79,47.79,47.79,47.79,3
2024-05-24 12:00:00,634,47.6592,47.7,47.6728,47.7,47.6728,26
2024-05-24 12:09:00,200,47.65,47.65,47.65,47.65,47.65,1
2024-05-24 12:17:00,969,47.608,47.6,47.6,47.6,47.6,10
2024-05-24 12:20:00,523,47.7309,47.7387,47.7387,47.7387,47.7387,3
2024-05-24 12:33:00,120,47.5983,47.6,47.6,47.6,47.6,2
2024-05-24 12:38:00,200,47.685,47.64,47.64,47.64,47.64,3
2024-05-24 12:41:00,835,47.7412,47.74,47.74,47.74,47.74,6
2024-05-24 12:44:00,500,47.84,47.84,47.84,47.84,47.84,1
2024-05-24 12:54:00,127,47.6669,47.66,47.66,47.66,47.66,4
2024-05-24 13:04:00,1329,47.6752,47.66,47.65,47.66,47.65,12
2024-05-24 13:11:00,400,47.659,47.66,47.65,47.66,47.65,4
2024-05-24 13:16:00,2079,47.799,47.7998,47.7998,47.7998,47.7998,5
2024-05-24 13:17:00,1022,47.797,47.79,47.8,47.8,47.79,9
2024-05-24 13:25:00,828,47.6551,47.65,47.66,47.66,47.65,11
2024-05-24 13:26:00,734,47.7902,47.78,47.8,47.8,47.78,10
2024-05-24 13:27:00,796,47.8437,47.8,47.8,47.8,47.8,48
2024-05-24 13:28:00,624,47.6262,47.61,47.61,47.61,47.61,16
2024-05-24 13:30:00,44345,47.4386,47.6,47.525,48.0,47.25,268
2024-05-24 13:31:00,2905,47.7383,47.57,47.76,47.89,47.57,129
2024-05-24 13:32:00,11616,47.7331,47.88,47.7401,47.88,47.636,78
2024-05-24 13:33:00,18416,47.9619,47.775,48.15,48.23,47.775,192
2024-05-24 13:34:00,10599,48.0137,48.1501,48.024,48.165,47.86,111
2024-05-24 13:35:00,5249,47.8801,47.984,47.965,48.05,47.66,55
2024-05-24 13:36:00,12242,47.7782,47.83,47.695,47.84,47.64,46
2024-05-24 13:37:00,13153,47.5371,47.6,47.73,47.79,47.42,155
2024-05-24 13:38:00,43948,48.0027,47.5323,47.862,48.18,47.4501,269
2024-05-24 13:39:00,4324,47.8036,47.82,47.89,47.89,47.72,50
2024-05-24 13:40:00,2704,47.8219,47.89,47.7401,47.94,47.74,37
2024-05-24 13:41:00,1141,47.7924,47.745,47.7518,47.8926,47.745,17
2024-05-24 13:42:00,4250,47.7684,47.7607,47.65,47.9,47.57,79
2024-05-24 13:43:00,6057,47.6679,47.56,47.83,47.83,47.5377,57
2024-05-24 13:44:00,1441,47.7658,47.77,47.79,47.79,47.68,13
2024-05-24 13:45:00,5658,47.8723,47.71,47.935,48.0,47.71,82
2024-05-24 13:46:00,9472,48.0955,48.0,48.135,48.16,48.0,80
2024-05-24 13:47:00,12692,48.1899,48.135,48.2319,48.2799,48.1,70
2024-05-24 13:48:00,7831,48.0148,48.13,47.94,48.135,47.87,75
2024-05-24 13:49:00,3919,47.9209,48.01,47.99,48.01,47.865,37
2024-05-24 13:50:00,12889,48.077,47.92,48.24,48.24,47.88,124
2024-05-24 13:51:00,14479,48.1712,48.2131,48.15,48.3,48.0893,104
2024-05-24 13:52:00,6107,48.0729,48.08,48.17,48.19,47.9666,54
2024-05-24 13:53:00,4162,48.1656,47.9957,48.28,48.28,47.9957,71
2024-05-24 13:54:00,4592,48.0803,48.18,47.96,48.2861,47.96,67
2024-05-24 13:55:00,4384,47.9237,47.98,47.89,48.05,47.8501,27
2024-05-24 13:56:00,9687,47.8485,47.86,47.905,47.9999,47.8,80
2024-05-24 13:57:00,1282,47.9625,47.99,47.92,48.03,47.92,34
2024-05-24 13:58:00,1952,47.9042,47.925,47.915,48.0085,47.831,28
2024-05-24 13:59:00,3519,47.9266,47.915,47.91,47.98,47.86,38
2024-05-24 14:00:00,2661,48.0514,47.97,48.2,48.2,47.97,75
2024-05-24 14:01:00,2345,48.1703,48.14,48.19,48.19,48.13,44
2024-05-24 14:02:00,16169,48.2657,48.175,48.095,48.3454,48.095,186
2024-05-24 14:03:00,1631,48.1497,48.11,48.15,48.19,48.11,31
2024-05-24 14:04:00,1746,48.1104,48.09,48.11,48.14,48.09,32
2024-05-24 14:05:00,11985,47.8339,48.01,47.77,48.0362,47.77,127
2024-05-24 14:06:00,2996,47.8099,47.7235,47.81,47.8899,47.7025,41
2024-05-24 14:07:00,1717,47.6607,47.83,47.533,47.83,47.533,49
2024-05-24 14:08:00,9445,47.4597,47.54,47.3801,47.56,47.3621,92
2024-05-24 14:09:00,6993,47.5147,47.4,47.58,47.58,47.4,78
2024-05-24 14:10:00,6666,47.6083,47.575,47.54,47.63,47.54,72
2024-05-24 14:11:00,5094,47.6834,47.58,47.77,47.77,47.58,49
2024-05-24 14:12:00,3148,47.6906,47.7,47.63,47.7699,47.63,75
2024-05-24 14:13:00,4387,47.6098,47.6023,47.68,47.68,47.6001,28
2024-05-24 14:14:00,6134,47.6038,47.67,47.57,47.69,47.56,64
2024-05-24 14:15:00,6025,47.5775,47.6,47.6,47.61,47.53,104
2024-05-24 14:16:00,13213,47.667,47.63,47.64,47.7066,47.54,154
2024-05-24 14:17:00,2896,47.6838,47.71,47.705,47.7487,47.64,50
2024-05-24 14:18:00,3397,47.8031,47.7917,47.8,47.86,47.71,54
2024-05-24 14:19:00,10028,48.0023,47.87,48.03,48.08,47.855,79
2024-05-24 14:20:00,4160,48.03,48.07,47.94,48.15,47.94,69
2024-05-24 14:21:00,3476,47.8843,47.965,47.838,48.0,47.838,47
2024-05-24 14:22:00,1248,47.9343,47.94,47.96,47.96,47.9112,23
2024-05-24 14:23:00,2112,48.0346,47.97,48.0,48.06,47.97,47
2024-05-24 14:24:00,2048,48.0625,48.005,48.0436,48.09,48.0,35
2024-05-24 14:25:00,1357,48.0882,48.085,48.09,48.12,48.0301,19
2024-05-24 14:26:00,5040,48.2068,48.11,48.24,48.28,48.11,74
2024-05-24 14:27:00,10930,48.3324,48.25,48.45,48.45,48.207,95
2024-05-24 14:28:00,14224,48.535,48.386,48.688,48.69,48.386,132
2024-05-24 14:29:00,8456,48.6502,48.675,48.63,48.75,48.5814,105
2024-05-24 14:30:00,5265,48.5342,48.6198,48.61,48.6198,48.46,89
2024-05-24 14:31:00,8055,48.5741,48.615,48.565,48.615,48.54,47
2024-05-24 14:32:00,9319,48.5933,48.65,48.61,48.65,48.5,51
2024-05-24 14:33:00,5418,48.5185,48.585,48.57,48.585,48.47,52
2024-05-24 14:34:00,3435,48.4413,48.47,48.3893,48.505,48.3893,67
2024-05-24 14:35:00,9083,48.4032,48.3806,48.39,48.45,48.3301,72
2024-05-24 14:36:00,9081,48.3856,48.38,48.47,48.51,48.35,77
2024-05-24 14:37:00,7647,48.5392,48.47,48.56,48.61,48.47,102
2024-05-24 14:38:00,10068,48.5618,48.59,48.62,48.62,48.5,143
2024-05-24 14:39:00,4266,48.5731,48.57,48.59,48.61,48.5563,60
2024-05-24 14:40:00,2751,48.5492,48.5531,48.55,48.57,48.53,51
2024-05-24 14:41:00,10888,48.6607,48.6,48.63,48.75,48.5315,172
2024-05-24 14:42:00,11332,48.5363,48.59,48.45,48.6,48.446,172
2024-05-24 14:43:00,3439,48.4239,48.4,48.45,48.49,48.36,74
2024-05-24 14:44:00,1615,48.4465,48.5,48.4694,48.5,48.371,32
2024-05-24 14:45:00,1515,48.3313,48.41,48.3,48.41,48.28,44
2024-05-24 14:46:00,1033,48.2893,48.265,48.31,48.31,48.235,27
2024-05-24 14:47:00,1689,48.3005,48.35,48.295,48.35,48.285,26
2024-05-24 14:48:00,1200,48.252,48.26,48.255,48.26,48.25,40
2024-05-24 14:49:00,866,48.2571,48.2519,48.255,48.255,48.2519,29
2024-05-24 14:50:00,2830,48.2148,48.255,48.155,48.255,48.155,57
2024-05-24 14:51:00,5090,48.1462,48.14,48.189,48.189,48.1153,89
2024-05-24 14:52:00,1084,48.1663,48.15,48.14,48.18,48.14,31
2024-05-24 14:53:00,4200,48.1468,48.15,48.13,48.16,48.13,75
2024-05-24 14:54:00,1165,48.1519,48.17,48.16,48.17,48.14,29
2024-05-24 14:55:00,5298,48.2504,48.1101,48.29,48.37,48.1101,108
2024-05-24 14:56:00,1532,48.2632,48.34,48.21,48.34,48.1601,30
2024-05-24 14:57:00,996,48.2092,48.1332,48.24,48.25,48.1332,27
2024-05-24 14:58:00,1235,48.2061,48.19,48.195,48.25,48.19,28
2024-05-24 14:59:00,4023,48.2693,48.195,48.2201,48.35,48.19,65
2024-05-24 15:00:00,2667,48.2626,48.3,48.23,48.31,48.2,45
2024-05-24 15:01:00,1100,48.2556,48.26,48.27,48.27,48.226,32
2024-05-24 15:02:00,1619,48.2862,48.2001,48.3,48.338,48.2001,34
2024-05-24 15:03:00,3276,48.3154,48.26,48.36,48.37,48.26,73
2024-05-24 15:04:00,3940,48.4653,48.4,48.4834,48.52,48.4,58
2024-05-24 15:05:00,2032,48.4276,48.4501,48.4,48.52,48.4,42
2024-05-24 15:06:00,4560,48.5569,48.5,48.6,48.6,48.5,70
2024-05-24 15:07:00,1589,48.5879,48.68,48.5845,48.68,48.56,21
2024-05-24 15:08:00,2620,48.5318,48.56,48.47,48.565,48.47,64
2024-05-24 15:09:00,834,48.5012,48.5,48.5199,48.5199,48.48,20
2024-05-24 15:10:00,3691,48.5132,48.49,48.54,48.54,48.49,45
2024-05-24 15:11:00,1150,48.5268,48.54,48.52,48.54,48.4601,30
2024-05-24 15:12:00,1096,48.5289,48.4701,48.57,48.58,48.4701,28
2024-05-24 15:13:00,7444,48.4794,48.53,48.55,48.55,48.4398,138
2024-05-24 15:14:00,911,48.5167,48.52,48.5,48.52,48.5,21
2024-05-24 15:15:00,769,48.5026,48.5,48.5018,48.5018,48.5,16
2024-05-24 15:16:00,5539,48.5215,48.54,48.5,48.57,48.495,57
2024-05-24 15:17:00,4764,48.4847,48.505,48.525,48.53,48.45,45
2024-05-24 15:18:00,5940,48.6295,48.5,48.695,48.7,48.4701,115
2024-05-24 15:19:00,22418,48.8128,48.73,48.8695,48.9,48.6501,225
2024-05-24 15:20:00,5949,48.8202,48.82,48.87,48.87,48.8,63
2024-05-24 15:21:00,15020,48.8594,48.94,48.85,48.95,48.79,135
2024-05-24 15:22:00,2329,48.863,48.83,48.8799,48.88,48.83,39
2024-05-24 15:23:00,2796,48.8248,48.85,48.83,48.855,48.8,72
2024-05-24 15:24:00,3358,48.829,48.84,48.86,48.86,48.79,71
2024-05-24 15:25:00,4958,48.7945,48.82,48.8,48.84,48.76,83
2024-05-24 15:26:00,4198,48.8585,48.835,48.905,48.91,48.815,79
2024-05-24 15:27:00,7228,49.0316,48.94,49.1175,49.1175,48.94,129
2024-05-24 15:28:00,11136,49.1991,49.03,49.3,49.3,49.03,116
2024-05-24 15:29:00,22193,49.253,49.25,49.18,49.37,49.18,154
2024-05-24 15:30:00,7420,49.2628,49.195,49.2601,49.36,49.195,76
2024-05-24 15:31:00,11794,49.262,49.2601,49.1601,49.36,49.1601,124
2024-05-24 15:32:00,6600,49.2769,49.23,49.26,49.31,49.23,52
2024-05-24 15:33:00,3934,49.2714,49.25,49.25,49.2994,49.25,40
2024-05-24 15:34:00,4164,49.2855,49.265,49.3,49.33,49.2625,62
2024-05-24 15:35:00,10642,49.2543,49.34,49.175,49.35,49.15,152
2024-05-24 15:36:00,5235,49.2575,49.2,49.36,49.36,49.19,79
2024-05-24 15:37:00,7004,49.3222,49.34,49.34,49.36,49.29,84
2024-05-24 15:38:00,14599,49.4206,49.2901,49.46,49.47,49.2901,179
2024-05-24 15:39:00,6516,49.4292,49.445,49.42,49.46,49.39,109
2024-05-24 15:40:00,19362,49.528,49.44,49.59,49.68,49.44,236
2024-05-24 15:41:00,6704,49.6509,49.61,49.6122,49.74,49.6,88
2024-05-24 15:42:00,2655,49.5863,49.645,49.56,49.645,49.56,53
2024-05-24 15:43:00,6725,49.4663,49.56,49.37,49.583,49.35,104
2024-05-24 15:44:00,2895,49.423,49.38,49.4769,49.4874,49.38,46
2024-05-24 15:45:00,3351,49.4539,49.42,49.49,49.49,49.42,48
2024-05-24 15:46:00,4279,49.3871,49.45,49.3722,49.45,49.35,88
2024-05-24 15:47:00,2204,49.3718,49.34,49.4042,49.4042,49.33,45
2024-05-24 15:48:00,653,49.4228,49.44,49.4,49.45,49.4,25
2024-05-24 15:49:00,1688,49.4347,49.45,49.48,49.48,49.4,37
2024-05-24 15:50:00,1065,49.4287,49.43,49.425,49.48,49.425,18
2024-05-24 15:51:00,1793,49.3789,49.4,49.3672,49.4,49.3672,45
2024-05-24 15:52:00,6020,49.2847,49.37,49.19,49.37,49.19,115
2024-05-24 15:53:00,8641,49.0909,49.2057,49.1,49.2057,49.032,76
2024-05-24 15:54:00,6745,48.9742,49.04,48.99,49.04,48.931,79
2024-05-24 15:55:00,2025,48.9539,48.96,48.945,48.99,48.92,50
2024-05-24 15:56:00,6022,48.8459,48.945,48.8492,48.945,48.8,63
2024-05-24 15:57:00,2289,48.833,48.81,48.81,48.86,48.81,45
2024-05-24 15:58:00,8488,48.7625,48.81,48.805,48.81,48.7401,77
2024-05-24 15:59:00,2426,48.7734,48.805,48.73,48.81,48.73,60
2024-05-24 16:00:00,6584,48.6436,48.71,48.6,48.74,48.6,115
2024-05-24 16:01:00,3996,48.6313,48.59,48.68,48.69,48.57,77
2024-05-24 16:02:00,1407,48.6704,48.65,48.68,48.68,48.65,28
2024-05-24 16:03:00,1710,48.6197,48.67,48.6,48.675,48.56,45
2024-05-24 16:04:00,1664,48.5899,48.59,48.59,48.59,48.59,16
2024-05-24 16:05:00,1133,48.5356,48.55,48.55,48.55,48.51,30
2024-05-24 16:06:00,5760,48.5072,48.5,48.51,48.56,48.4618,86
2024-05-24 16:07:00,3783,48.6509,48.56,48.73,48.8,48.56,52
2024-05-24 16:08:00,6895,48.7752,48.7999,48.79,48.8,48.74,51
2024-05-24 16:09:00,3728,48.8683,48.83,48.9,48.94,48.82,32
2024-05-24 16:10:00,6902,49.0097,48.9,48.99,49.0686,48.9,93
2024-05-24 16:11:00,2932,49.0148,48.95,49.0373,49.0373,48.92,23
2024-05-24 16:12:00,1121,48.9146,48.93,48.88,48.93,48.88,51
2024-05-24 16:13:00,1618,48.842,48.8401,48.8401,48.8401,48.8401,16
2024-05-24 16:14:00,3141,48.8547,48.88,48.81,48.8892,48.81,49
2024-05-24 16:15:00,1729,48.813,48.83,48.8005,48.83,48.8005,22
2024-05-24 16:16:00,3757,48.7259,48.8,48.655,48.8,48.655,77
2024-05-24 16:17:00,2508,48.7084,48.69,48.695,48.74,48.69,44
2024-05-24 16:18:00,4269,48.7613,48.72,48.755,48.81,48.72,71
2024-05-24 16:19:00,3999,48.7885,48.7525,48.73,48.89,48.71,93
2024-05-24 16:20:00,667,48.7013,48.71,48.68,48.71,48.68,18
2024-05-24 16:21:00,704,48.7107,48.72,48.7,48.72,48.7,18
2024-05-24 16:22:00,572,48.7059,48.7,48.705,48.71,48.7,25
2024-05-24 16:23:00,3161,48.727,48.73,48.78,48.78,48.705,55
2024-05-24 16:24:00,1281,48.7944,48.78,48.79,48.83,48.755,30
2024-05-24 16:25:00,329,48.784,48.77,48.77,48.77,48.77,23
2024-05-24 16:26:00,1335,48.7683,48.795,48.75,48.795,48.74,20
2024-05-24 16:27:00,1428,48.7234,48.768,48.715,48.768,48.6905,34
2024-05-24 16:28:00,259,48.7099,48.73,48.73,48.73,48.73,12
2024-05-24 16:29:00,3570,48.7441,48.71,48.75,48.76,48.71,56
2024-05-24 16:30:00,2338,48.7201,48.73,48.67,48.7612,48.67,52
2024-05-24 16:31:00,3911,48.6642,48.68,48.62,48.7,48.62,59
2024-05-24 16:32:00,4756,48.7023,48.61,48.75,48.8,48.61,71
2024-05-24 16:33:00,4129,48.7149,48.765,48.7,48.78,48.68,80
2024-05-24 16:34:00,2948,48.6756,48.695,48.64,48.72,48.64,63
2024-05-24 16:35:00,6483,48.6103,48.63,48.5708,48.64,48.57,61
2024-05-24 16:36:00,2247,48.6012,48.61,48.62,48.62,48.582,33
2024-05-24 16:37:00,5403,48.6134,48.63,48.61,48.63,48.605,45
2024-05-24 16:38:00,1651,48.6841,48.67,48.73,48.73,48.67,36
2024-05-24 16:39:00,2244,48.749,48.74,48.76,48.76,48.74,27
2024-05-24 16:40:00,1731,48.7469,48.74,48.745,48.76,48.74,35
2024-05-24 16:41:00,4681,48.6803,48.7799,48.675,48.7799,48.64,71
2024-05-24 16:42:00,3030,48.6915,48.675,48.722,48.75,48.65,46
2024-05-24 16:43:00,732,48.7287,48.71,48.74,48.74,48.71,23
2024-05-24 16:44:00,185,48.7239,48.735,48.735,48.735,48.735,13
2024-05-24 16:45:00,915,48.6991,48.7,48.6996,48.7,48.69,27
2024-05-24 16:46:00,7752,48.7006,48.68,48.77,48.77,48.68,132
2024-05-24 16:47:00,8021,48.6965,48.72,48.74,48.74,48.6796,73
2024-05-24 16:48:00,1183,48.7501,48.72,48.73,48.79,48.72,21
2024-05-24 16:49:00,1665,48.7913,48.79,48.8,48.8,48.79,37
2024-05-24 16:50:00,5371,48.7293,48.76,48.72,48.785,48.72,82
2024-05-24 16:51:00,535,48.7499,48.75,48.75,48.75,48.75,6
2024-05-24 16:52:00,1572,48.7315,48.75,48.72,48.75,48.72,43
2024-05-24 16:53:00,4794,48.661,48.72,48.5401,48.72,48.5401,124
2024-05-24 16:54:00,1015,48.5928,48.5723,48.575,48.6099,48.57,15
2024-05-24 16:55:00,5515,48.4882,48.55,48.42,48.55,48.42,96
2024-05-24 16:56:00,3938,48.417,48.43,48.42,48.449,48.3975,74
2024-05-24 16:57:00,6626,48.4691,48.43,48.49,48.535,48.4175,119
2024-05-24 16:58:00,700,48.4842,48.535,48.4761,48.535,48.4761,28
2024-05-24 16:59:00,727,48.4751,48.4545,48.4999,48.4999,48.4545,22
2024-05-24 17:00:00,465,48.4476,48.48,48.43,48.48,48.43,16
2024-05-24 17:01:00,980,48.4571,48.46,48.46,48.46,48.4401,21
2024-05-24 17:02:00,1787,48.4234,48.44,48.4,48.44,48.4,58
2024-05-24 17:03:00,756,48.4108,48.425,48.3905,48.425,48.3905,24
2024-05-24 17:04:00,10349,48.3714,48.39,48.426,48.426,48.35,166
2024-05-24 17:05:00,341,48.436,48.44,48.44,48.44,48.44,14
2024-05-24 17:06:00,2202,48.4317,48.445,48.435,48.445,48.4101,40
2024-05-24 17:07:00,845,48.4079,48.41,48.4,48.41,48.4,34
2024-05-24 17:08:00,2161,48.4116,48.4,48.45,48.45,48.4,39
2024-05-24 17:09:00,760,48.4351,48.44,48.405,48.46,48.405,34
2024-05-24 17:10:00,320,48.4138,48.41,48.415,48.415,48.41,14
2024-05-24 17:11:00,5069,48.3355,48.38,48.32,48.38,48.32,76
2024-05-24 17:12:00,5718,48.3589,48.325,48.39,48.4,48.325,111
2024-05-24 17:14:00,7273,48.4308,48.41,48.39,48.4593,48.39,51
2024-05-24 17:16:00,1397,48.3591,48.379,48.35,48.379,48.35,41
2024-05-24 17:17:00,8455,48.4164,48.3706,48.445,48.48,48.37,74
2024-05-24 17:18:00,7503,48.5253,48.49,48.49,48.6,48.4786,121
2024-05-24 17:19:00,3660,48.5364,48.53,48.505,48.55,48.49,38
2024-05-24 17:20:00,4548,48.5288,48.505,48.5162,48.57,48.505,41
2024-05-24 17:21:00,1541,48.5296,48.58,48.4901,48.58,48.4901,37
2024-05-24 17:22:00,4195,48.5411,48.56,48.5404,48.57,48.52,25
2024-05-24 17:23:00,11914,48.5,48.5206,48.495,48.5206,48.48,105
2024-05-24 17:24:00,5001,48.5239,48.48,48.5109,48.565,48.48,46
2024-05-24 17:25:00,212,48.5553,48.583,48.583,48.583,48.583,9
2024-05-24 17:26:00,643,48.5457,48.545,48.55,48.55,48.545,11
2024-05-24 17:27:00,3251,48.4915,48.52,48.47,48.52,48.47,52
2024-05-24 17:28:00,223,48.4881,48.49,48.49,48.49,48.49,12
2024-05-24 17:29:00,2628,48.5066,48.48,48.56,48.56,48.48,49
2024-05-24 17:30:00,644,48.5722,48.57,48.575,48.575,48.57,16
2024-05-24 17:31:00,2537,48.5807,48.58,48.57,48.5832,48.57,28
2024-05-24 17:32:00,6898,48.6474,48.59,48.67,48.6733,48.58,69
2024-05-24 17:33:00,1570,48.6217,48.6421,48.62,48.6421,48.5989,41
2024-05-24 17:34:00,4830,48.6792,48.6183,48.69,48.74,48.6183,64
2024-05-24 17:35:00,2279,48.6854,48.689,48.68,48.69,48.68,82
2024-05-24 17:36:00,2272,48.6298,48.66,48.622,48.66,48.622,47
2024-05-24 17:37:00,2863,48.6454,48.63,48.645,48.65,48.63,50
2024-05-24 17:38:00,1187,48.6805,48.67,48.7,48.7,48.67,33
2024-05-24 17:39:00,4979,48.7481,48.7,48.73,48.805,48.7,65
2024-05-24 17:40:00,1842,48.7463,48.75,48.73,48.77,48.73,33
2024-05-24 17:41:00,2736,48.7853,48.77,48.7857,48.79,48.77,42
2024-05-24 17:42:00,673,48.7647,48.76,48.77,48.77,48.76,24
2024-05-24 17:43:00,2654,48.7218,48.7695,48.705,48.77,48.7,62
2024-05-24 17:44:00,3227,48.6359,48.69,48.6633,48.69,48.6201,60
2024-05-24 17:45:00,1671,48.6334,48.65,48.64,48.655,48.611,38
2024-05-24 17:46:00,839,48.642,48.64,48.64,48.64,48.64,20
2024-05-24 17:47:00,1709,48.6756,48.66,48.6995,48.6995,48.66,32
2024-05-24 17:48:00,1557,48.6782,48.6999,48.66,48.6999,48.66,30
2024-05-24 17:49:00,1014,48.6731,48.655,48.68,48.68,48.655,23
2024-05-24 17:50:00,875,48.6832,48.69,48.66,48.69,48.66,24
2024-05-24 17:51:00,2209,48.7237,48.7,48.73,48.74,48.68,46
2024-05-24 17:52:00,1416,48.7435,48.75,48.745,48.7888,48.72,51
2024-05-24 17:53:00,1458,48.7509,48.745,48.78,48.78,48.7104,46
2024-05-24 17:54:00,829,48.7318,48.73,48.74,48.74,48.73,51
2024-05-24 17:55:00,897,48.6963,48.7,48.69,48.705,48.69,30
2024-05-24 17:56:00,1408,48.6813,48.67,48.7,48.7,48.67,45
2024-05-24 17:57:00,3092,48.6925,48.6967,48.6826,48.7,48.6826,43
2024-05-24 17:58:00,1128,48.7374,48.7399,48.72,48.7399,48.72,15
2024-05-24 17:59:00,1187,48.6771,48.69,48.66,48.69,48.66,48
2024-05-24 18:00:00,12439,48.6234,48.63,48.6901,48.7,48.6,207
2024-05-24 18:01:00,1548,48.6991,48.715,48.69,48.715,48.69,42
2024-05-24 18:02:00,1460,48.6663,48.6646,48.6646,48.6646,48.6646,28
2024-05-24 18:03:00,363,48.7016,48.7,48.7,48.7,48.7,18
2024-05-24 18:04:00,3354,48.6641,48.7,48.6601,48.7,48.6601,23
2024-05-24 18:05:00,665,48.6619,48.6605,48.6605,48.6605,48.6605,44
2024-05-24 18:06:00,1454,48.6644,48.67,48.66,48.67,48.66,38
2024-05-24 18:07:00,2674,48.6265,48.65,48.6255,48.65,48.61,72
2024-05-24 18:08:00,2370,48.5814,48.62,48.55,48.62,48.55,53
2024-05-24 18:10:00,5032,48.47,48.51,48.4205,48.51,48.401,85
2024-05-24 18:11:00,341,48.4271,48.42,48.4201,48.4201,48.42,18
2024-05-24 18:12:00,734,48.4245,48.46,48.41,48.46,48.41,33
2024-05-24 18:13:00,3160,48.3938,48.3823,48.38,48.41,48.37,79
2024-05-24 18:14:00,303,48.3773,48.375,48.375,48.375,48.375,14
2024-05-24 18:15:00,3019,48.3717,48.37,48.3675,48.38,48.3675,59
2024-05-24 18:16:00,1983,48.3853,48.39,48.385,48.4,48.38,49
2024-05-24 18:17:00,2480,48.3916,48.42,48.42,48.42,48.36,26
2024-05-24 18:18:00,1735,48.4354,48.43,48.47,48.47,48.42,37
2024-05-24 18:19:00,4746,48.471,48.47,48.4608,48.51,48.44,55
2024-05-24 18:20:00,429,48.4934,48.49,48.5,48.51,48.49,18
2024-05-24 18:21:00,8539,48.4584,48.48,48.38,48.51,48.38,120
2024-05-24 18:22:00,3413,48.313,48.38,48.3,48.38,48.29,62
2024-05-24 18:23:00,3329,48.2551,48.29,48.24,48.29,48.24,71
2024-05-24 18:24:00,2608,48.2396,48.23,48.2,48.27,48.2,96
2024-05-24 18:25:00,2243,48.2124,48.19,48.2358,48.26,48.19,32
2024-05-24 18:26:00,5101,48.2762,48.245,48.31,48.31,48.245,75
2024-05-24 18:27:00,10996,48.3271,48.28,48.3619,48.42,48.28,198
2024-05-24 18:28:00,40033,48.594,48.39,48.33,48.4,48.33,54
2024-05-24 18:29:00,5756,48.3557,48.34,48.39,48.39,48.34,89
2024-05-24 18:30:00,3608,48.3891,48.405,48.36,48.405,48.36,48
2024-05-24 18:31:00,1185,48.3695,48.37,48.365,48.3838,48.355,23
2024-05-24 18:32:00,1769,48.3695,48.37,48.38,48.38,48.36,31
2024-05-24 18:33:00,1461,48.3681,48.37,48.3538,48.38,48.3538,39
2024-05-24 18:34:00,2533,48.3363,48.34,48.321,48.34,48.321,42
2024-05-24 18:35:00,6429,48.3156,48.33,48.22,48.35,48.22,129
2024-05-24 18:36:00,3376,48.2207,48.22,48.23,48.24,48.19,61
2024-05-24 18:37:00,3022,48.2743,48.24,48.315,48.315,48.24,57
2024-05-24 18:38:00,2349,48.3773,48.35,48.38,48.42,48.35,42
2024-05-24 18:39:00,4173,48.3543,48.3795,48.34,48.3795,48.33,64
2024-05-24 18:40:00,860,48.3181,48.33,48.32,48.33,48.31,28
2024-05-24 18:41:00,2497,48.3264,48.32,48.2911,48.34,48.2911,45
2024-05-24 18:42:00,1412,48.294,48.3,48.28,48.3,48.28,42
2024-05-24 18:43:00,2785,48.2441,48.27,48.26,48.27,48.2201,71
2024-05-24 18:44:00,2155,48.3003,48.25,48.3,48.36,48.25,54
2024-05-24 18:45:00,1167,48.3047,48.29,48.32,48.32,48.29,20
2024-05-24 18:46:00,1396,48.3142,48.32,48.29,48.32,48.29,32
2024-05-24 18:47:00,4352,48.2637,48.285,48.26,48.285,48.2523,87
2024-05-24 18:48:00,3208,48.2302,48.26,48.245,48.265,48.2,84
2024-05-24 18:49:00,9791,48.2577,48.26,48.29,48.3,48.23,64
2024-05-24 18:50:00,1863,48.2857,48.28,48.285,48.2874,48.2605,38
2024-05-24 18:51:00,2424,48.2669,48.26,48.27,48.3,48.2453,55
2024-05-24 18:52:00,3064,48.2802,48.26,48.34,48.34,48.26,48
2024-05-24 18:53:00,4787,48.3303,48.34,48.28,48.38,48.28,82
2024-05-24 18:54:00,2498,48.304,48.28,48.31,48.32,48.28,29
2024-05-24 18:55:00,6401,48.3251,48.31,48.35,48.35,48.31,112
2024-05-24 18:56:00,3810,48.3845,48.36,48.3823,48.3982,48.36,36
2024-05-24 18:57:00,5977,48.3391,48.38,48.34,48.38,48.32,78
2024-05-24 18:58:00,214,48.3325,48.33,48.33,48.33,48.33,12
2024-05-24 18:59:00,6615,48.291,48.32,48.27,48.33,48.25,141
2024-05-24 19:00:00,2205,48.194,48.21,48.19,48.21,48.17,65
2024-05-24 19:01:00,1981,48.1953,48.18,48.2,48.2,48.18,34
2024-05-24 19:02:00,9009,48.1472,48.205,48.13,48.205,48.1,133
2024-05-24 19:03:00,1164,48.132,48.13,48.13,48.13,48.13,26
2024-05-24 19:04:00,1750,48.1244,48.12,48.1274,48.13,48.12,36
2024-05-24 19:05:00,3895,48.1322,48.1,48.16,48.17,48.09,63
2024-05-24 19:06:00,3756,48.2021,48.1437,48.24,48.24,48.1437,63
2024-05-24 19:07:00,3968,48.1947,48.213,48.16,48.213,48.16,78
2024-05-24 19:08:00,1764,48.1438,48.135,48.15,48.15,48.135,42
2024-05-24 19:09:00,1142,48.1452,48.15,48.14,48.15,48.14,33
2024-05-24 19:10:00,4832,48.1504,48.14,48.17,48.21,48.13,94
2024-05-24 19:11:00,2456,48.1659,48.18,48.16,48.18,48.15,57
2024-05-24 19:12:00,3816,48.1315,48.15,48.095,48.15,48.095,98
2024-05-24 19:13:00,6045,48.0787,48.08,48.071,48.12,48.0605,93
2024-05-24 19:14:00,1741,48.0767,48.06,48.07,48.08,48.06,45
2024-05-24 19:15:00,2153,48.061,48.0799,48.035,48.0799,48.035,71
2024-05-24 19:16:00,3960,48.057,48.035,48.0634,48.08,48.035,78
2024-05-24 19:17:00,4091,48.0641,48.06,48.08,48.08,48.05,89
2024-05-24 19:18:00,3608,48.0848,48.075,48.1,48.1,48.0701,65
2024-05-24 19:19:00,2918,48.0977,48.095,48.09,48.11,48.09,69
2024-05-24 19:20:00,4567,48.0931,48.08,48.08,48.11,48.08,86
2024-05-24 19:21:00,5028,48.0573,48.08,48.045,48.08,48.02,133
2024-05-24 19:22:00,6273,48.052,48.04,48.0795,48.08,48.03,105
2024-05-24 19:23:00,2589,48.068,48.055,48.08,48.08,48.055,45
2024-05-24 19:24:00,5692,48.0799,48.07,48.03,48.11,48.03,91
2024-05-24 19:25:00,16340,48.0042,48.04,48.02,48.04,47.98,180
2024-05-24 19:26:00,2947,48.047,48.03,48.04,48.06,48.03,59
2024-05-24 19:27:00,9423,48.0508,48.03,48.02,48.12,48.02,166
2024-05-24 19:28:00,3887,48.0262,48.03,48.045,48.05,48.0,115
2024-05-24 19:29:00,3784,48.0837,48.05,48.11,48.11,48.05,74
2024-05-24 19:30:00,1673,48.0952,48.11,48.08,48.11,48.08,42
2024-05-24 19:31:00,4093,48.0951,48.08,48.11,48.115,48.0701,83
2024-05-24 19:32:00,5521,48.0987,48.11,48.095,48.11,48.08,139
2024-05-24 19:33:00,4666,48.0875,48.1,48.09,48.105,48.08,105
2024-05-24 19:34:00,3122,48.0796,48.085,48.07,48.1,48.07,75
2024-05-24 19:35:00,7104,48.0484,48.07,48.045,48.07,48.03,120
2024-05-24 19:36:00,6188,48.0494,48.05,48.01,48.07,48.01,122
2024-05-24 19:37:00,9058,47.9899,48.0,47.99,48.02,47.96,184
2024-05-24 19:38:00,4216,48.0232,47.97,48.06,48.09,47.97,102
2024-05-24 19:39:00,5405,48.0557,48.045,48.055,48.09,48.0401,101
2024-05-24 19:40:00,6462,48.0346,48.05,48.02,48.05,48.02,125
2024-05-24 19:41:00,9389,48.1119,48.025,48.185,48.185,48.025,143
2024-05-24 19:42:00,4802,48.1516,48.185,48.1344,48.185,48.131,98
2024-05-24 19:43:00,17715,48.095,48.13,48.07,48.13,48.06,181
2024-05-24 19:44:00,7955,48.0416,48.06,48.04,48.06,48.02,162
2024-05-24 19:45:00,5513,48.0519,48.04,48.04,48.07,48.035,106
2024-05-24 19:46:00,4738,48.0529,48.05,48.03,48.08,48.03,103
2024-05-24 19:47:00,6737,48.026,48.035,48.01,48.035,48.01,158
2024-05-24 19:48:00,8603,48.0193,48.001,48.04,48.04,48.001,184
2024-05-24 19:49:00,6475,48.0194,48.025,48.02,48.045,48.005,133
2024-05-24 19:50:00,7885,48.0876,48.03,48.13,48.14,48.03,136
2024-05-24 19:51:00,15877,48.1771,48.14,48.135,48.235,48.13,225
2024-05-24 19:52:00,14408,48.098,48.13,48.05,48.13,48.04,182
2024-05-24 19:53:00,7754,48.0656,48.04,48.07,48.1,48.04,197
2024-05-24 19:54:00,18763,48.0863,48.07,48.085,48.12,48.06,307
2024-05-24 19:55:00,20464,48.0177,48.07,47.99,48.07,47.99,366
2024-05-24 19:56:00,31001,47.964,47.985,47.94,48.01,47.92,434
2024-05-24 19:57:00,29905,47.9463,47.94,47.99,48.015,47.915,344
2024-05-24 19:58:00,24915,48.0006,47.99,48.02,48.05,47.95,383
2024-05-24 19:59:00,31729,48.0505,48.03,48.02,48.0825,48.0,505
2024-05-24 20:00:00,7224,48.02,48.02,48.02,48.02,48.02,15
2024-05-24 20:05:00,334,47.8931,47.81,47.95,47.95,47.81,11
2024-05-24 20:43:00,179,47.8505,47.8505,47.8505,47.8505,47.8505,2
2024-05-24 23:52:00,173,48.4514,48.4999,48.4999,48.4999,48.4999,2
