t,v,vw,o,c,h,l,n
2023-08-07 13:30:00,4570,13.7412,13.74,13.82,13.82,13.74,13
2023-08-07 13:31:00,7221,13.7938,13.755,13.705,13.85,13.65,46
2023-08-07 13:32:00,933,13.6282,13.65,13.6,13.65,13.6,29
2023-08-07 13:33:00,503,13.6,13.6,13.6,13.6,13.6,4
2023-08-07 13:35:00,6389,13.6244,13.62,13.615,13.63,13.6,59
2023-08-07 13:37:00,2050,13.6417,13.62,13.635,13.65,13.62,39
2023-08-07 13:38:00,234,13.6717,13.7,13.7,13.7,13.7,8
2023-08-07 13:40:00,275,13.6902,13.69,13.69,13.69,13.69,5
2023-08-07 13:41:00,490,13.6652,13.66,13.67,13.67,13.66,22
2023-08-07 13:42:00,464,13.67,13.67,13.67,13.67,13.67,14
2023-08-07 13:43:00,3617,13.7004,13.67,13.705,13.71,13.67,32
2023-08-07 13:44:00,1964,13.6707,13.705,13.65,13.705,13.65,45
2023-08-07 13:45:00,757,13.6324,13.63,13.64,13.64,13.63,11
2023-08-07 13:46:00,890,13.64,13.64,13.64,13.64,13.64,13
2023-08-07 13:47:00,570,13.6418,13.64,13.65,13.65,13.64,7
2023-08-07 13:48:00,1275,13.6516,13.655,13.64,13.66,13.64,13
2023-08-07 13:49:00,1223,13.6173,13.62,13.605,13.62,13.605,25
2023-08-07 13:50:00,2299,13.618,13.62,13.62,13.62,13.615,30
2023-08-07 13:51:00,898,13.6212,13.62,13.625,13.625,13.62,15
2023-08-07 13:52:00,1477,13.625,13.625,13.625,13.625,13.625,16
2023-08-07 13:53:00,760,13.625,13.625,13.625,13.625,13.625,9
2023-08-07 13:54:00,1068,13.6258,13.625,13.625,13.625,13.625,13
2023-08-07 13:55:00,931,13.625,13.625,13.625,13.625,13.625,17
2023-08-07 13:56:00,591,13.6251,13.625,13.625,13.625,13.625,14
2023-08-07 13:57:00,855,13.6247,13.625,13.625,13.625,13.625,14
2023-08-07 13:58:00,6373,13.6091,13.625,13.64,13.64,13.6,100
2023-08-07 13:59:00,6917,13.6533,13.64,13.66,13.675,13.64,65
2023-08-07 14:00:00,1084,13.656,13.66,13.65,13.66,13.65,23
2023-08-07 14:02:00,952,13.6485,13.65,13.645,13.65,13.645,13
2023-08-07 14:03:00,791,13.67,13.67,13.67,13.67,13.67,22
2023-08-07 14:04:00,2061,13.6537,13.67,13.65,13.67,13.65,38
2023-08-07 14:05:00,1261,13.62,13.625,13.62,13.625,13.62,18
2023-08-07 14:06:00,558,13.6184,13.615,13.62,13.62,13.615,7
2023-08-07 14:07:00,1358,13.6262,13.62,13.63,13.63,13.62,21
2023-08-07 14:08:00,1913,13.6306,13.63,13.63,13.64,13.62,33
2023-08-07 14:09:00,3538,13.6241,13.63,13.62,13.63,13.62,32
2023-08-07 14:10:00,300,13.615,13.615,13.615,13.615,13.615,3
2023-08-07 14:11:00,5752,13.6051,13.615,13.62,13.62,13.6,85
2023-08-07 14:12:00,708,13.6336,13.635,13.635,13.635,13.63,8
2023-08-07 14:13:00,1849,13.6332,13.63,13.65,13.65,13.63,36
2023-08-07 14:14:00,2558,13.6476,13.66,13.66,13.665,13.66,18
2023-08-07 14:15:00,812,13.6439,13.65,13.645,13.65,13.63,13
2023-08-07 14:16:00,3535,13.6487,13.65,13.64,13.655,13.64,24
2023-08-07 14:17:00,3034,13.6405,13.645,13.64,13.645,13.64,13
2023-08-07 14:18:00,1751,13.6505,13.64,13.655,13.655,13.64,32
2023-08-07 14:19:00,2859,13.6616,13.655,13.685,13.69,13.655,36
2023-08-07 14:20:00,477,13.7064,13.705,13.705,13.705,13.705,8
2023-08-07 14:21:00,3108,13.705,13.705,13.705,13.705,13.7025,16
2023-08-07 14:22:00,1037,13.6945,13.705,13.69,13.705,13.69,14
2023-08-07 14:23:00,1437,13.6925,13.7,13.69,13.7,13.69,25
2023-08-07 14:24:00,3135,13.6771,13.68,13.685,13.685,13.68,20
2023-08-07 14:25:00,186,13.68,13.68,13.68,13.68,13.68,4
2023-08-07 14:26:00,4348,13.6824,13.68,13.68,13.685,13.68,39
2023-08-07 14:27:00,1028,13.6689,13.675,13.65,13.675,13.65,14
2023-08-07 14:28:00,1349,13.6492,13.65,13.64,13.66,13.64,22
2023-08-07 14:29:00,505,13.6401,13.64,13.64,13.64,13.64,7
2023-08-07 14:30:00,1740,13.6471,13.64,13.65,13.65,13.64,23
2023-08-07 14:31:00,6031,13.6678,13.66,13.685,13.685,13.65,62
2023-08-07 14:32:00,975,13.6898,13.685,13.72,13.72,13.685,20
2023-08-07 14:33:00,710,13.7199,13.72,13.72,13.72,13.72,7
2023-08-07 14:34:00,1043,13.72,13.72,13.72,13.72,13.72,15
2023-08-07 14:35:00,363,13.7306,13.72,13.7425,13.7425,13.72,15
2023-08-07 14:36:00,861,13.7489,13.745,13.76,13.76,13.74,9
2023-08-07 14:37:00,1166,13.7592,13.75,13.7522,13.76,13.75,25
2023-08-07 14:38:00,642,13.7619,13.76,13.76,13.77,13.76,11
2023-08-07 14:39:00,912,13.7711,13.77,13.78,13.78,13.77,27
2023-08-07 14:41:00,2544,13.7818,13.785,13.77,13.785,13.77,21
2023-08-07 14:42:00,2201,13.7627,13.77,13.76,13.77,13.76,31
2023-08-07 14:43:00,476,13.7519,13.754,13.745,13.754,13.745,4
2023-08-07 14:45:00,3108,13.721,13.73,13.7125,13.73,13.71,40
2023-08-07 14:47:00,287,13.727,13.72,13.73,13.73,13.72,12
2023-08-07 14:48:00,219,13.731,13.73,13.73,13.73,13.73,6
2023-08-07 14:49:00,667,13.7262,13.72,13.745,13.745,13.72,6
2023-08-07 14:50:00,516,13.7425,13.74,13.749,13.749,13.73,9
2023-08-07 14:53:00,883,13.7274,13.73,13.72,13.73,13.72,15
2023-08-07 14:55:00,196,13.7245,13.72,13.72,13.72,13.72,11
2023-08-07 14:56:00,526,13.7202,13.72,13.72,13.72,13.72,10
2023-08-07 14:58:00,1650,13.7053,13.725,13.7,13.725,13.7,30
2023-08-07 14:59:00,1305,13.709,13.71,13.7,13.72,13.7,24
2023-08-07 15:00:00,219,13.6995,13.7,13.7,13.7,13.7,7
2023-08-07 15:01:00,414,13.7001,13.7,13.7,13.7,13.7,6
2023-08-07 15:02:00,111,13.7,13.7,13.7,13.7,13.7,4
2023-08-07 15:03:00,104,13.7004,13.7,13.7,13.7,13.7,3
2023-08-07 15:04:00,3820,13.7298,13.7,13.77,13.77,13.7,69
2023-08-07 15:05:00,329,13.7748,13.775,13.775,13.775,13.775,8
2023-08-07 15:06:00,1425,13.7683,13.7793,13.75,13.7793,13.75,24
2023-08-07 15:07:00,516,13.739,13.74,13.735,13.74,13.735,8
2023-08-07 15:08:00,808,13.7379,13.74,13.74,13.74,13.74,20
2023-08-07 15:09:00,696,13.7389,13.74,13.74,13.74,13.74,14
2023-08-07 15:10:00,277,13.7317,13.73,13.73,13.73,13.73,5
2023-08-07 15:11:00,629,13.7418,13.74,13.74,13.74,13.74,11
2023-08-07 15:12:00,917,13.7335,13.74,13.73,13.74,13.73,16
2023-08-07 15:13:00,158,13.7205,13.72,13.72,13.72,13.72,3
2023-08-07 15:14:00,328,13.7264,13.73,13.73,13.73,13.73,7
2023-08-07 15:17:00,539,13.7204,13.72,13.72,13.72,13.72,22
2023-08-07 15:18:00,1847,13.7075,13.71,13.7,13.71,13.7,31
2023-08-07 15:19:00,2745,13.6933,13.7,13.695,13.7,13.69,52
2023-08-07 15:20:00,425,13.7046,13.7,13.71,13.71,13.7,16
2023-08-07 15:21:00,917,13.7087,13.71,13.7,13.71,13.7,19
2023-08-07 15:22:00,109,13.7008,13.7,13.7,13.7,13.7,3
2023-08-07 15:23:00,3606,13.6998,13.71,13.69,13.71,13.685,73
2023-08-07 15:24:00,100,13.7,13.7,13.7,13.7,13.7,1
2023-08-07 15:27:00,2139,13.6907,13.695,13.69,13.695,13.69,12
2023-08-07 15:28:00,1669,13.6844,13.69,13.69,13.695,13.68,38
2023-08-07 15:29:00,710,13.681,13.68,13.68,13.68,13.68,11
2023-08-07 15:30:00,512,13.6851,13.685,13.685,13.685,13.685,7
2023-08-07 15:31:00,887,13.6894,13.69,13.69,13.69,13.685,22
2023-08-07 15:32:00,1110,13.6992,13.7,13.7,13.7,13.695,31
2023-08-07 15:33:00,659,13.7,13.7,13.7,13.7,13.7,9
2023-08-07 15:34:00,1398,13.6974,13.7,13.7,13.7,13.69,29
2023-08-07 15:37:00,162,13.6942,13.69,13.69,13.69,13.69,12
2023-08-07 15:39:00,1332,13.6929,13.695,13.69,13.7,13.69,33
2023-08-07 15:40:00,1119,13.6873,13.69,13.69,13.69,13.68,13
2023-08-07 15:41:00,1889,13.6914,13.7,13.69,13.7,13.69,21
2023-08-07 15:42:00,500,13.69,13.69,13.69,13.69,13.69,3
2023-08-07 15:43:00,862,13.6888,13.69,13.69,13.7,13.68,13
2023-08-07 15:44:00,435,13.69,13.69,13.69,13.69,13.69,6
2023-08-07 15:45:00,665,13.689,13.69,13.69,13.69,13.68,15
2023-08-07 15:46:00,606,13.6809,13.68,13.685,13.685,13.68,6
2023-08-07 15:47:00,843,13.6925,13.69,13.6999,13.6999,13.69,10
2023-08-07 15:48:00,1081,13.6928,13.7,13.6925,13.7,13.69,29
2023-08-07 15:49:00,4570,13.6823,13.69,13.66,13.695,13.66,53
2023-08-07 15:50:00,1872,13.6636,13.66,13.67,13.675,13.66,30
2023-08-07 15:51:00,337,13.6756,13.67,13.675,13.675,13.67,6
2023-08-07 15:52:00,223,13.6753,13.675,13.675,13.675,13.675,5
2023-08-07 15:53:00,428,13.6734,13.6725,13.675,13.675,13.67,9
2023-08-07 15:54:00,990,13.6705,13.675,13.67,13.675,13.67,26
2023-08-07 15:55:00,896,13.6805,13.68,13.685,13.685,13.68,17
2023-08-07 15:56:00,1010,13.6817,13.68,13.69,13.69,13.68,8
2023-08-07 15:57:00,356,13.6902,13.69,13.69,13.69,13.69,15
2023-08-07 15:58:00,120,13.6831,13.68,13.68,13.68,13.68,6
2023-08-07 16:00:00,124,13.691,13.69,13.69,13.69,13.69,4
2023-08-07 16:01:00,600,13.6789,13.68,13.68,13.68,13.68,4
2023-08-07 16:03:00,1162,13.6891,13.68,13.69,13.69,13.68,8
2023-08-07 16:04:00,110,13.6909,13.69,13.69,13.69,13.69,2
2023-08-07 16:05:00,1444,13.6909,13.69,13.69,13.7,13.69,12
2023-08-07 16:07:00,2761,13.7019,13.7,13.7,13.705,13.7,29
2023-08-07 16:12:00,2228,13.6887,13.7,13.68,13.7,13.68,33
2023-08-07 16:15:00,100,13.68,13.68,13.68,13.68,13.68,1
2023-08-07 16:16:00,1332,13.6793,13.68,13.67,13.68,13.67,21
2023-08-07 16:17:00,521,13.674,13.67,13.68,13.68,13.67,18
2023-08-07 16:18:00,549,13.6802,13.68,13.67,13.68,13.67,10
2023-08-07 16:19:00,1139,13.6803,13.68,13.68,13.68,13.68,12
2023-08-07 16:20:00,483,13.6841,13.68,13.69,13.69,13.68,8
2023-08-07 16:21:00,2087,13.6905,13.69,13.69,13.695,13.69,40
2023-08-07 16:22:00,1133,13.6892,13.695,13.685,13.695,13.685,24
2023-08-07 16:23:00,3746,13.6782,13.685,13.675,13.685,13.675,34
2023-08-07 16:24:00,306,13.675,13.675,13.675,13.675,13.675,5
2023-08-07 16:25:00,1021,13.6776,13.68,13.675,13.68,13.67,21
2023-08-07 16:26:00,1164,13.6747,13.675,13.67,13.675,13.67,15
2023-08-07 16:27:00,884,13.676,13.675,13.675,13.675,13.675,14
2023-08-07 16:28:00,5321,13.6821,13.68,13.68,13.69,13.68,62
2023-08-07 16:29:00,534,13.6848,13.685,13.685,13.685,13.685,8
2023-08-07 16:30:00,858,13.6917,13.69,13.69,13.695,13.69,27
2023-08-07 16:31:00,405,13.6925,13.695,13.695,13.695,13.69,6
2023-08-07 16:32:00,1861,13.6888,13.69,13.68,13.69,13.68,29
2023-08-07 16:33:00,275,13.682,13.68,13.68,13.68,13.68,3
2023-08-07 16:34:00,424,13.6849,13.68,13.69,13.69,13.68,8
2023-08-07 16:35:00,553,13.6831,13.68,13.68,13.685,13.68,12
2023-08-07 16:36:00,1004,13.684,13.68,13.685,13.685,13.68,10
2023-08-07 16:37:00,863,13.6841,13.68,13.685,13.685,13.68,9
2023-08-07 16:38:00,220,13.6831,13.685,13.68,13.685,13.68,4
2023-08-07 16:39:00,829,13.6873,13.685,13.68,13.69,13.68,14
2023-08-07 16:40:00,446,13.6834,13.68,13.68,13.68,13.68,13
2023-08-07 16:41:00,717,13.6898,13.69,13.69,13.69,13.69,11
2023-08-07 16:42:00,1359,13.6826,13.68,13.6825,13.6825,13.68,11
2023-08-07 16:43:00,454,13.6811,13.68,13.68,13.685,13.68,7
2023-08-07 16:44:00,144,13.6818,13.68,13.68,13.68,13.68,6
2023-08-07 16:45:00,710,13.685,13.685,13.685,13.685,13.685,7
2023-08-07 16:46:00,2535,13.6805,13.68,13.68,13.6825,13.68,37
2023-08-07 16:47:00,415,13.6752,13.675,13.675,13.675,13.675,5
2023-08-07 16:48:00,926,13.6805,13.68,13.685,13.685,13.68,25
2023-08-07 16:49:00,201,13.68,13.68,13.68,13.68,13.68,3
2023-08-07 16:50:00,422,13.6826,13.68,13.68,13.68,13.68,9
2023-08-07 16:51:00,677,13.6841,13.68,13.68,13.68,13.68,22
2023-08-07 16:52:00,707,13.6864,13.685,13.685,13.69,13.685,9
2023-08-07 16:53:00,1164,13.6834,13.685,13.68,13.69,13.68,20
2023-08-07 16:54:00,509,13.685,13.685,13.685,13.685,13.685,7
2023-08-07 16:55:00,2958,13.6828,13.685,13.67,13.6899,13.67,24
2023-08-07 16:56:00,4333,13.6633,13.67,13.655,13.67,13.65,40
2023-08-07 16:57:00,712,13.6566,13.655,13.655,13.66,13.655,19
2023-08-07 16:58:00,200,13.6525,13.655,13.65,13.655,13.65,2
2023-08-07 16:59:00,374,13.6543,13.65,13.66,13.66,13.65,12
2023-08-07 17:01:00,1800,13.6645,13.66,13.67,13.67,13.66,32
2023-08-07 17:02:00,777,13.6677,13.67,13.66,13.675,13.66,16
2023-08-07 17:03:00,708,13.6615,13.665,13.66,13.665,13.66,10
2023-08-07 17:04:00,300,13.6617,13.665,13.66,13.665,13.66,4
2023-08-07 17:05:00,871,13.6576,13.665,13.655,13.665,13.655,19
2023-08-07 17:06:00,744,13.6537,13.65,13.655,13.655,13.65,11
2023-08-07 17:07:00,545,13.655,13.655,13.655,13.655,13.655,12
2023-08-07 17:08:00,548,13.6576,13.655,13.66,13.66,13.655,12
2023-08-07 17:09:00,1441,13.6614,13.66,13.66,13.665,13.66,37
2023-08-07 17:10:00,922,13.6711,13.665,13.675,13.675,13.665,27
2023-08-07 17:11:00,528,13.6772,13.68,13.675,13.68,13.67,11
2023-08-07 17:12:00,904,13.6753,13.675,13.675,13.675,13.67,15
2023-08-07 17:13:00,695,13.6698,13.67,13.67,13.67,13.67,13
2023-08-07 17:14:00,408,13.6675,13.67,13.665,13.67,13.665,8
2023-08-07 17:15:00,420,13.6652,13.665,13.665,13.665,13.665,5
2023-08-07 17:16:00,607,13.6653,13.665,13.665,13.665,13.665,8
2023-08-07 17:17:00,840,13.6644,13.665,13.665,13.665,13.665,17
2023-08-07 17:18:00,407,13.6649,13.665,13.665,13.665,13.665,5
2023-08-07 17:19:00,772,13.6651,13.665,13.665,13.665,13.665,12
2023-08-07 17:20:00,420,13.6636,13.66,13.665,13.665,13.66,8
2023-08-07 17:21:00,509,13.6651,13.665,13.665,13.665,13.665,6
2023-08-07 17:22:00,1074,13.6658,13.665,13.665,13.67,13.665,15
2023-08-07 17:23:00,425,13.6635,13.66,13.665,13.665,13.66,5
2023-08-07 17:24:00,426,13.6651,13.665,13.665,13.665,13.665,8
2023-08-07 17:25:00,511,13.6657,13.6688,13.665,13.6688,13.665,8
2023-08-07 17:26:00,527,13.6639,13.665,13.66,13.665,13.66,11
2023-08-07 17:27:00,1084,13.6646,13.665,13.665,13.665,13.665,25
2023-08-07 17:28:00,605,13.6641,13.665,13.66,13.665,13.66,9
2023-08-07 17:29:00,715,13.6661,13.665,13.665,13.67,13.665,17
2023-08-07 17:30:00,566,13.6648,13.665,13.665,13.665,13.665,17
2023-08-07 17:31:00,504,13.6676,13.665,13.665,13.665,13.665,14
2023-08-07 17:32:00,4121,13.6893,13.67,13.71,13.71,13.67,93
2023-08-07 17:33:00,264,13.7106,13.73,13.73,13.73,13.73,8
2023-08-07 17:36:00,574,13.7303,13.72,13.74,13.74,13.72,29
2023-08-07 17:37:00,325,13.7331,13.73,13.74,13.74,13.73,10
2023-08-07 17:41:00,469,13.7399,13.74,13.74,13.74,13.74,18
2023-08-07 17:43:00,368,13.7314,13.73,13.73,13.73,13.73,7
2023-08-07 17:44:00,620,13.739,13.74,13.74,13.74,13.74,5
2023-08-07 17:45:00,2541,13.7319,13.74,13.72,13.74,13.72,26
2023-08-07 17:46:00,3066,13.7035,13.71,13.7,13.71,13.7,46
2023-08-07 17:47:00,406,13.7,13.7,13.7,13.7,13.7,4
2023-08-07 17:48:00,222,13.6995,13.7,13.7,13.7,13.7,7
2023-08-07 17:49:00,375,13.6998,13.7,13.7,13.7,13.7,10
2023-08-07 17:50:00,309,13.7,13.7,13.7,13.7,13.7,5
2023-08-07 17:51:00,404,13.7,13.7,13.7,13.7,13.7,6
2023-08-07 17:52:00,617,13.7025,13.69,13.7075,13.7075,13.69,14
2023-08-07 17:53:00,265,13.7025,13.7,13.7,13.7,13.7,4
2023-08-07 17:55:00,1314,13.7012,13.7,13.7,13.7,13.7,33
2023-08-07 17:57:00,792,13.7009,13.7,13.7034,13.7034,13.7,9
2023-08-07 17:58:00,395,13.7015,13.705,13.7,13.705,13.7,6
2023-08-07 17:59:00,847,13.71,13.71,13.71,13.71,13.71,31
2023-08-07 18:04:00,1782,13.7017,13.71,13.69,13.71,13.69,32
2023-08-07 18:05:00,1502,13.6922,13.685,13.695,13.695,13.685,24
2023-08-07 18:06:00,1377,13.6982,13.695,13.695,13.7,13.695,37
2023-08-07 18:07:00,206,13.7,13.7,13.7,13.7,13.7,4
2023-08-07 18:08:00,728,13.6999,13.7,13.7,13.7,13.7,21
2023-08-07 18:09:00,106,13.6953,13.695,13.695,13.695,13.695,3
2023-08-07 18:10:00,826,13.6916,13.69,13.69,13.695,13.69,14
2023-08-07 18:11:00,750,13.6944,13.695,13.695,13.695,13.69,16
2023-08-07 18:12:00,855,13.6986,13.695,13.7,13.7,13.695,31
2023-08-07 18:13:00,977,13.6959,13.7,13.69,13.7,13.69,16
2023-08-07 18:14:00,705,13.695,13.695,13.695,13.695,13.695,8
2023-08-07 18:15:00,3329,13.6851,13.69,13.68,13.69,13.675,60
2023-08-07 18:16:00,2085,13.6789,13.675,13.68,13.685,13.675,39
2023-08-07 18:17:00,1019,13.6786,13.67,13.685,13.685,13.67,30
2023-08-07 18:18:00,507,13.6807,13.68,13.68,13.68,13.68,6
2023-08-07 18:19:00,760,13.6826,13.68,13.685,13.685,13.68,16
2023-08-07 18:20:00,729,13.6835,13.685,13.685,13.685,13.68,12
2023-08-07 18:21:00,2282,13.6912,13.69,13.695,13.695,13.685,47
2023-08-07 18:22:00,618,13.6965,13.695,13.695,13.695,13.695,18
2023-08-07 18:23:00,997,13.701,13.7,13.705,13.705,13.7,26
2023-08-07 18:25:00,2741,13.6863,13.69,13.67,13.69,13.67,30
2023-08-07 18:26:00,714,13.6789,13.675,13.675,13.68,13.675,23
2023-08-07 18:27:00,2454,13.6642,13.675,13.65,13.675,13.65,35
2023-08-07 18:28:00,700,13.66,13.66,13.66,13.66,13.66,3
2023-08-07 18:29:00,2210,13.6687,13.66,13.67,13.675,13.66,43
2023-08-07 18:30:00,1236,13.6824,13.68,13.68,13.685,13.68,17
2023-08-07 18:31:00,1744,13.6844,13.68,13.69,13.69,13.675,43
2023-08-07 18:32:00,1005,13.688,13.68,13.695,13.695,13.68,11
2023-08-07 18:33:00,2241,13.683,13.695,13.685,13.695,13.68,35
2023-08-07 18:34:00,805,13.6825,13.685,13.685,13.685,13.68,8
2023-08-07 18:35:00,741,13.6971,13.69,13.7,13.7,13.69,36
2023-08-07 18:36:00,1534,13.6908,13.695,13.705,13.705,13.695,29
2023-08-07 18:37:00,1149,13.7004,13.7025,13.695,13.7025,13.695,17
2023-08-07 18:38:00,335,13.6964,13.71,13.69,13.71,13.69,7
2023-08-07 18:39:00,727,13.7003,13.7,13.7,13.7,13.7,9
2023-08-07 18:40:00,200,13.6999,13.7,13.7,13.7,13.7,2
2023-08-07 18:43:00,1010,13.693,13.695,13.6925,13.695,13.69,11
2023-08-07 18:44:00,947,13.6946,13.695,13.69,13.695,13.69,10
2023-08-07 18:45:00,1092,13.6964,13.7,13.7,13.7,13.695,21
2023-08-07 18:46:00,1928,13.6991,13.7,13.695,13.7,13.695,21
2023-08-07 18:47:00,1021,13.6963,13.695,13.7,13.7,13.695,20
2023-08-07 18:48:00,441,13.6923,13.69,13.6925,13.695,13.69,6
2023-08-07 18:49:00,1805,13.6879,13.69,13.68,13.6925,13.68,36
2023-08-07 18:50:00,1103,13.6805,13.68,13.68,13.6825,13.68,9
2023-08-07 18:51:00,1092,13.6844,13.68,13.685,13.685,13.68,8
2023-08-07 18:52:00,111,13.6805,13.68,13.68,13.68,13.68,3
2023-08-07 18:53:00,1776,13.6792,13.6825,13.67,13.6825,13.67,26
2023-08-07 18:54:00,1134,13.6749,13.6725,13.675,13.675,13.6725,9
2023-08-07 18:55:00,1413,13.6728,13.67,13.675,13.675,13.67,13
2023-08-07 18:56:00,385,13.6764,13.675,13.675,13.675,13.675,6
2023-08-07 18:57:00,1708,13.6749,13.675,13.67,13.68,13.67,27
2023-08-07 18:58:00,1462,13.6744,13.675,13.675,13.675,13.67,8
2023-08-07 18:59:00,2563,13.6677,13.67,13.65,13.6725,13.65,35
2023-08-07 19:00:00,3267,13.6614,13.655,13.665,13.665,13.655,50
2023-08-07 19:01:00,4042,13.6864,13.67,13.69,13.69,13.67,52
2023-08-07 19:02:00,2706,13.6972,13.695,13.7,13.7,13.695,57
2023-08-07 19:03:00,270,13.6984,13.7,13.695,13.7,13.695,17
2023-08-07 19:04:00,449,13.7013,13.7,13.7,13.7,13.7,10
2023-08-07 19:05:00,125,13.705,13.705,13.705,13.705,13.705,7
2023-08-07 19:06:00,292,13.7013,13.7,13.7,13.7,13.7,9
2023-08-07 19:07:00,949,13.6936,13.7,13.69,13.7,13.685,33
2023-08-07 19:08:00,2032,13.6943,13.685,13.7,13.7,13.685,54
2023-08-07 19:10:00,429,13.6916,13.69,13.7,13.7,13.69,12
2023-08-07 19:11:00,111,13.7005,13.7,13.7,13.7,13.7,6
2023-08-07 19:13:00,735,13.7037,13.705,13.7,13.705,13.7,14
2023-08-07 19:14:00,952,13.6977,13.7,13.69,13.7,13.69,23
2023-08-07 19:15:00,2152,13.6993,13.695,13.705,13.705,13.695,43
2023-08-07 19:16:00,318,13.7037,13.705,13.7,13.705,13.7,6
2023-08-07 19:19:00,3650,13.6949,13.7,13.695,13.7,13.685,68
2023-08-07 19:20:00,873,13.7,13.7,13.7,13.7,13.7,20
2023-08-07 19:21:00,542,13.6984,13.7,13.695,13.7,13.695,13
2023-08-07 19:22:00,339,13.7027,13.7032,13.705,13.705,13.7,9
2023-08-07 19:24:00,341,13.7012,13.7,13.705,13.705,13.7,18
2023-08-07 19:25:00,475,13.7011,13.7,13.7,13.705,13.7,17
2023-08-07 19:27:00,611,13.7034,13.705,13.705,13.705,13.7025,4
2023-08-07 19:28:00,1329,13.7002,13.7,13.7,13.7,13.7,26
2023-08-07 19:30:00,1064,13.7009,13.7,13.7,13.7,13.7,12
2023-08-07 19:31:00,2009,13.6963,13.7,13.7,13.7,13.69,46
2023-08-07 19:32:00,939,13.6995,13.705,13.7,13.705,13.7,19
2023-08-07 19:33:00,1275,13.6992,13.7,13.7,13.7,13.69,32
2023-08-07 19:34:00,252,13.7,13.695,13.705,13.705,13.695,10
2023-08-07 19:35:00,468,13.7007,13.7,13.7,13.7,13.7,10
2023-08-07 19:36:00,718,13.702,13.7,13.7,13.7,13.7,16
2023-08-07 19:37:00,163,13.7004,13.7,13.7,13.7,13.7,4
2023-08-07 19:38:00,417,13.7006,13.7,13.7,13.7,13.7,7
2023-08-07 19:39:00,1821,13.6962,13.69,13.7,13.7,13.69,20
2023-08-07 19:40:00,632,13.6996,13.7,13.7,13.7,13.7,12
2023-08-07 19:41:00,366,13.6971,13.7,13.7,13.7,13.7,22
2023-08-07 19:42:00,1686,13.6981,13.7,13.691,13.7,13.69,18
2023-08-07 19:43:00,746,13.6964,13.69,13.7,13.7,13.69,11
2023-08-07 19:44:00,5523,13.6869,13.69,13.67,13.69,13.67,112
2023-08-07 19:45:00,2099,13.6743,13.6738,13.675,13.675,13.67,35
2023-08-07 19:46:00,5369,13.6753,13.675,13.675,13.68,13.67,50
2023-08-07 19:47:00,15382,13.668,13.67,13.66,13.675,13.66,199
2023-08-07 19:48:00,9750,13.6613,13.66,13.675,13.675,13.655,126
2023-08-07 19:49:00,24324,13.661,13.675,13.65,13.675,13.65,159
2023-08-07 19:50:00,6878,13.6467,13.65,13.645,13.65,13.645,63
2023-08-07 19:51:00,15985,13.6489,13.65,13.65,13.665,13.645,110
2023-08-07 19:52:00,27272,13.6586,13.66,13.68,13.68,13.65,199
2023-08-07 19:53:00,14363,13.6651,13.68,13.655,13.68,13.65,133
2023-08-07 19:54:00,10473,13.6522,13.655,13.65,13.655,13.65,87
2023-08-07 19:55:00,13926,13.6464,13.65,13.645,13.65,13.64,169
2023-08-07 19:56:00,18301,13.6419,13.645,13.645,13.645,13.63,199
2023-08-07 19:57:00,18696,13.6474,13.645,13.66,13.66,13.64,205
2023-08-07 19:58:00,16889,13.6667,13.66,13.67,13.67,13.65,191
2023-08-07 19:59:00,26665,13.6739,13.67,13.69,13.7,13.66,357
2023-08-07 20:00:00,491,13.67,13.67,13.67,13.67,13.67,6
2023-08-08 13:01:00,140,13.494,13.5,13.5,13.5,13.5,4
2023-08-08 13:30:00,5793,13.4346,13.43,13.4753,13.51,13.41,24
2023-08-08 13:32:00,3014,13.4016,13.43,13.38,13.43,13.38,29
2023-08-08 13:33:00,515,13.3716,13.38,13.375,13.38,13.37,9
2023-08-08 13:34:00,2112,13.3572,13.375,13.35,13.375,13.35,37
2023-08-08 13:35:00,2096,13.3501,13.35,13.35,13.35,13.35,24
2023-08-08 13:36:00,6694,13.3736,13.35,13.38,13.38,13.35,32
2023-08-08 13:37:00,100,13.365,13.365,13.365,13.365,13.365,1
2023-08-08 13:38:00,1067,13.3502,13.35,13.35,13.35,13.35,15
2023-08-08 13:39:00,200,13.3575,13.35,13.365,13.365,13.35,2
2023-08-08 13:40:00,2557,13.358,13.35,13.36,13.37,13.35,53
2023-08-08 13:41:00,1770,13.351,13.35,13.36,13.36,13.35,45
2023-08-08 13:42:00,1017,13.3663,13.36,13.35,13.3699,13.35,10
2023-08-08 13:43:00,5421,13.3529,13.36,13.35,13.36,13.35,121
2023-08-08 13:44:00,1020,13.35,13.35,13.35,13.35,13.35,28
2023-08-08 13:45:00,8032,13.3524,13.35,13.35,13.36,13.34,120
2023-08-08 13:46:00,1849,13.3602,13.36,13.365,13.365,13.36,31
2023-08-08 13:47:00,441,13.3575,13.35,13.36,13.36,13.35,10
2023-08-08 13:48:00,491,13.353,13.355,13.35,13.355,13.35,11
2023-08-08 13:49:00,12400,13.2597,13.35,13.208,13.35,13.2,126
2023-08-08 13:50:00,281,13.1897,13.18,13.195,13.195,13.18,7
2023-08-08 13:51:00,4043,13.2007,13.2,13.21,13.21,13.19,73
2023-08-08 13:52:00,551,13.2515,13.255,13.25,13.255,13.25,6
2023-08-08 13:53:00,898,13.2758,13.27,13.28,13.28,13.27,32
2023-08-08 13:54:00,265,13.2925,13.3,13.3,13.3,13.3,12
2023-08-08 13:55:00,1357,13.3088,13.31,13.3,13.32,13.3,28
2023-08-08 13:57:00,2200,13.279,13.29,13.25,13.29,13.25,16
2023-08-08 13:58:00,3530,13.2282,13.25,13.21,13.25,13.21,34
2023-08-08 13:59:00,814,13.2219,13.21,13.23,13.23,13.21,27
2023-08-08 14:00:00,141,13.2158,13.21,13.21,13.21,13.21,6
2023-08-08 14:01:00,500,13.23,13.23,13.23,13.23,13.23,3
2023-08-08 14:02:00,319,13.2197,13.23,13.215,13.23,13.215,8
2023-08-08 14:03:00,782,13.2157,13.21,13.21,13.23,13.21,13
2023-08-08 14:04:00,2707,13.25,13.23,13.29,13.29,13.23,26
2023-08-08 14:05:00,102,13.2804,13.28,13.28,13.28,13.28,2
2023-08-08 14:06:00,3384,13.2893,13.3,13.3,13.31,13.28,38
2023-08-08 14:07:00,237,13.3031,13.3,13.3,13.3,13.3,4
2023-08-08 14:08:00,487,13.2991,13.3,13.3,13.3,13.3,10
2023-08-08 14:09:00,6277,13.2863,13.29,13.28,13.3,13.28,26
2023-08-08 14:10:00,20021,13.28,13.28,13.275,13.28,13.275,166
2023-08-08 14:11:00,2176,13.2632,13.27,13.26,13.27,13.26,47
2023-08-08 14:12:00,4008,13.2513,13.25,13.255,13.26,13.25,50
2023-08-08 14:13:00,2358,13.2399,13.25,13.23,13.25,13.23,34
2023-08-08 14:14:00,3771,13.239,13.23,13.23,13.23,13.23,36
2023-08-08 14:15:00,3415,13.2302,13.23,13.235,13.235,13.23,46
2023-08-08 14:16:00,4703,13.2437,13.24,13.25,13.2525,13.24,44
2023-08-08 14:17:00,1060,13.2476,13.25,13.235,13.25,13.235,15
2023-08-08 14:18:00,1842,13.2559,13.24,13.24,13.27,13.24,33
2023-08-08 14:19:00,1258,13.232,13.24,13.235,13.24,13.23,25
2023-08-08 14:20:00,327,13.2322,13.23,13.235,13.235,13.23,10
2023-08-08 14:21:00,14832,13.2294,13.23,13.2,13.23,13.2,156
2023-08-08 14:22:00,112,13.2,13.2,13.2,13.2,13.2,3
2023-08-08 14:23:00,330,13.1964,13.2,13.19,13.2,13.19,8
2023-08-08 14:24:00,2284,13.2092,13.2,13.21,13.21,13.2,39
2023-08-08 14:25:00,2199,13.2114,13.202,13.22,13.22,13.202,23
2023-08-08 14:26:00,3291,13.2353,13.22,13.2499,13.2499,13.22,31
2023-08-08 14:27:00,1732,13.218,13.23,13.2,13.23,13.2,50
2023-08-08 14:28:00,3214,13.215,13.21,13.22,13.22,13.21,49
2023-08-08 14:29:00,409,13.2333,13.23,13.23,13.23,13.23,13
2023-08-08 14:31:00,100,13.2189,13.2189,13.2189,13.2189,13.2189,1
2023-08-08 14:32:00,4616,13.2218,13.22,13.2299,13.2299,13.215,35
2023-08-08 14:33:00,2337,13.2317,13.2299,13.23,13.23,13.225,34
2023-08-08 14:34:00,5597,13.2545,13.25,13.24,13.27,13.24,43
2023-08-08 14:35:00,130,13.2508,13.25,13.25,13.25,13.25,5
2023-08-08 14:36:00,472,13.2406,13.24,13.24,13.24,13.24,14
2023-08-08 14:38:00,495,13.2388,13.23,13.2343,13.2343,13.23,13
2023-08-08 14:39:00,3193,13.2421,13.23,13.2525,13.2525,13.23,56
2023-08-08 14:40:00,1329,13.2477,13.25,13.25,13.25,13.25,17
2023-08-08 14:41:00,1421,13.25,13.25,13.25,13.25,13.25,14
2023-08-08 14:42:00,574,13.2483,13.25,13.24,13.25,13.24,7
2023-08-08 14:43:00,1124,13.2585,13.26,13.25,13.26,13.25,5
2023-08-08 14:44:00,1273,13.255,13.25,13.26,13.26,13.25,9
2023-08-08 14:45:00,165,13.2561,13.26,13.26,13.26,13.26,5
2023-08-08 14:46:00,319,13.255,13.25,13.26,13.26,13.25,6
2023-08-08 14:47:00,644,13.2495,13.26,13.2471,13.26,13.24,11
2023-08-08 14:48:00,2562,13.2233,13.24,13.21,13.24,13.21,56
2023-08-08 14:50:00,1910,13.2228,13.22,13.23,13.23,13.22,34
2023-08-08 14:51:00,1403,13.2399,13.24,13.2375,13.24,13.2375,22
2023-08-08 14:52:00,105,13.2405,13.24,13.24,13.24,13.24,2
2023-08-08 14:53:00,1636,13.2422,13.26,13.24,13.26,13.24,26
2023-08-08 14:54:00,318,13.2514,13.26,13.26,13.26,13.26,5
2023-08-08 14:57:00,2360,13.2149,13.23,13.2,13.23,13.2,61
2023-08-08 14:58:00,1749,13.2105,13.21,13.21,13.21,13.21,26
2023-08-08 14:59:00,1567,13.2,13.2,13.2,13.2,13.2,33
2023-08-08 15:00:00,1931,13.2144,13.21,13.21,13.22,13.21,22
2023-08-08 15:01:00,1054,13.2198,13.2199,13.22,13.22,13.2199,7
2023-08-08 15:03:00,1351,13.225,13.22,13.235,13.235,13.22,28
2023-08-08 15:04:00,412,13.2369,13.23,13.23,13.23,13.23,9
2023-08-08 15:05:00,250,13.2376,13.235,13.24,13.24,13.235,6
2023-08-08 15:06:00,243,13.2498,13.25,13.25,13.25,13.25,10
2023-08-08 15:07:00,3684,13.2422,13.25,13.23,13.25,13.23,64
2023-08-08 15:08:00,819,13.2294,13.23,13.23,13.23,13.23,12
2023-08-08 15:11:00,616,13.2194,13.22,13.215,13.22,13.215,15
2023-08-08 15:12:00,5307,13.2282,13.2177,13.24,13.26,13.21,64
2023-08-08 15:13:00,304,13.2297,13.2302,13.2302,13.2302,13.2302,3
2023-08-08 15:14:00,669,13.248,13.24,13.25,13.25,13.24,14
2023-08-08 15:16:00,2180,13.2625,13.26,13.2625,13.27,13.26,33
2023-08-08 15:19:00,726,13.2688,13.26,13.27,13.27,13.26,9
2023-08-08 15:20:00,541,13.288,13.29,13.3,13.3,13.28,23
2023-08-08 15:21:00,150,13.2816,13.2816,13.2816,13.2816,13.2816,1
2023-08-08 15:22:00,3239,13.2736,13.29,13.25,13.29,13.25,43
2023-08-08 15:23:00,331,13.2436,13.25,13.24,13.25,13.24,8
2023-08-08 15:24:00,119,13.2316,13.23,13.23,13.23,13.23,4
2023-08-08 15:25:00,807,13.2591,13.25,13.25,13.25,13.25,16
2023-08-08 15:26:00,1043,13.2445,13.25,13.22,13.25,13.22,18
2023-08-08 15:27:00,100,13.22,13.22,13.22,13.22,13.22,1
2023-08-08 15:28:00,293,13.2406,13.23,13.245,13.245,13.23,4
2023-08-08 15:29:00,1566,13.2539,13.23,13.25,13.26,13.23,25
2023-08-08 15:30:00,1711,13.2426,13.25,13.25,13.25,13.23,28
2023-08-08 15:32:00,313,13.2322,13.23,13.235,13.235,13.23,5
2023-08-08 15:33:00,108,13.2307,13.23,13.23,13.23,13.23,2
2023-08-08 15:34:00,608,13.2401,13.24,13.25,13.25,13.23,9
2023-08-08 15:35:00,678,13.2348,13.24,13.235,13.24,13.23,21
2023-08-08 15:36:00,100,13.23,13.23,13.23,13.23,13.23,1
2023-08-08 15:37:00,2186,13.2552,13.23,13.24,13.27,13.23,27
2023-08-08 15:38:00,336,13.24,13.24,13.24,13.24,13.24,5
2023-08-08 15:40:00,9233,13.2828,13.25,13.31,13.31,13.25,77
2023-08-08 15:41:00,18731,13.2739,13.29,13.31,13.31,13.26,88
2023-08-08 15:42:00,8945,13.2835,13.2975,13.26,13.31,13.26,79
2023-08-08 15:43:00,4732,13.2505,13.25,13.255,13.26,13.245,54
2023-08-08 15:44:00,5674,13.2641,13.27,13.26,13.27,13.26,49
2023-08-08 15:45:00,711,13.2599,13.26,13.26,13.26,13.26,14
2023-08-08 15:46:00,9093,13.2599,13.26,13.255,13.265,13.255,64
2023-08-08 15:47:00,1176,13.2599,13.26,13.265,13.265,13.26,22
2023-08-08 15:48:00,5208,13.2505,13.25,13.25,13.255,13.245,57
2023-08-08 15:49:00,661,13.2508,13.25,13.255,13.255,13.25,7
2023-08-08 15:50:00,670,13.2546,13.25,13.25,13.255,13.25,13
2023-08-08 15:51:00,529,13.2542,13.25,13.26,13.26,13.25,9
2023-08-08 15:52:00,1804,13.2572,13.26,13.25,13.27,13.25,34
2023-08-08 15:53:00,2424,13.2427,13.25,13.235,13.25,13.23,39
2023-08-08 15:54:00,1838,13.2472,13.235,13.26,13.26,13.235,24
2023-08-08 15:55:00,2842,13.261,13.27,13.255,13.27,13.255,38
2023-08-08 15:56:00,2501,13.2619,13.25,13.265,13.27,13.25,39
2023-08-08 15:57:00,621,13.274,13.27,13.27,13.28,13.27,11
2023-08-08 15:58:00,2393,13.2698,13.27,13.27,13.27,13.27,35
2023-08-08 15:59:00,864,13.2709,13.27,13.27,13.27,13.27,17
2023-08-08 16:00:00,3630,13.2737,13.27,13.285,13.29,13.26,49
2023-08-08 16:01:00,8194,13.2694,13.29,13.26,13.295,13.25,131
2023-08-08 16:02:00,22358,13.2992,13.27,13.32,13.34,13.27,142
2023-08-08 16:03:00,14163,13.3247,13.33,13.35,13.36,13.31,40
2023-08-08 16:04:00,6354,13.3407,13.35,13.32,13.36,13.32,57
2023-08-08 16:05:00,4600,13.3366,13.33,13.35,13.355,13.32,48
2023-08-08 16:06:00,5617,13.3371,13.35,13.34,13.35,13.33,42
2023-08-08 16:07:00,2844,13.3446,13.34,13.37,13.37,13.34,30
2023-08-08 16:09:00,790,13.353,13.36,13.35,13.36,13.35,20
2023-08-08 16:10:00,1538,13.338,13.35,13.335,13.35,13.335,27
2023-08-08 16:11:00,9417,13.3216,13.335,13.33,13.335,13.31,77
2023-08-08 16:12:00,1159,13.323,13.33,13.32,13.33,13.32,20
2023-08-08 16:13:00,6279,13.3223,13.32,13.315,13.33,13.31,46
2023-08-08 16:14:00,9118,13.3057,13.31,13.305,13.31,13.29,88
2023-08-08 16:16:00,924,13.2977,13.3,13.29,13.3,13.29,19
2023-08-08 16:17:00,1006,13.289,13.29,13.28,13.29,13.28,18
2023-08-08 16:18:00,2006,13.2863,13.28,13.26,13.28,13.26,26
2023-08-08 16:19:00,1936,13.2638,13.26,13.265,13.265,13.25,9
2023-08-08 16:20:00,592,13.2631,13.26,13.26,13.26,13.26,14
2023-08-08 16:21:00,1202,13.2501,13.25,13.245,13.255,13.245,23
2023-08-08 16:22:00,423,13.2457,13.24,13.245,13.245,13.24,5
2023-08-08 16:23:00,2132,13.2505,13.25,13.25,13.25,13.25,36
2023-08-08 16:24:00,1676,13.2538,13.25,13.255,13.255,13.25,22
2023-08-08 16:25:00,490,13.2461,13.245,13.24,13.245,13.24,14
2023-08-08 16:26:00,1129,13.2416,13.24,13.235,13.24,13.235,24
2023-08-08 16:27:00,214,13.2353,13.24,13.23,13.24,13.23,3
2023-08-08 16:28:00,231,13.2357,13.23,13.23,13.23,13.23,12
2023-08-08 16:29:00,742,13.2334,13.24,13.23,13.24,13.23,26
2023-08-08 16:30:00,853,13.2294,13.23,13.23,13.23,13.225,13
2023-08-08 16:31:00,306,13.2313,13.23,13.23,13.23,13.23,7
2023-08-08 16:32:00,441,13.2339,13.24,13.235,13.24,13.23,7
2023-08-08 16:34:00,352,13.2329,13.23,13.23,13.23,13.23,8
2023-08-08 16:36:00,128,13.2314,13.23,13.23,13.23,13.23,4
2023-08-08 16:37:00,2737,13.2404,13.24,13.24,13.25,13.24,53
2023-08-08 16:38:00,849,13.24,13.24,13.24,13.24,13.24,10
2023-08-08 16:39:00,165,13.2495,13.25,13.25,13.25,13.25,4
2023-08-08 16:40:00,324,13.2415,13.24,13.24,13.24,13.24,13
2023-08-08 16:41:00,109,13.245,13.245,13.245,13.245,13.245,6
2023-08-08 16:42:00,225,13.245,13.25,13.25,13.25,13.25,11
2023-08-08 16:43:00,2269,13.2411,13.24,13.24,13.25,13.235,53
2023-08-08 16:44:00,218,13.2408,13.24,13.24,13.24,13.24,6
2023-08-08 16:45:00,3479,13.2459,13.2475,13.235,13.2475,13.235,22
2023-08-08 16:46:00,1498,13.2293,13.23,13.225,13.23,13.225,28
2023-08-08 16:47:00,305,13.2355,13.225,13.225,13.225,13.225,7
2023-08-08 16:48:00,3635,13.2204,13.22,13.225,13.225,13.22,77
2023-08-08 16:49:00,1365,13.2272,13.225,13.22,13.2299,13.22,8
2023-08-08 16:50:00,294,13.2239,13.225,13.22,13.225,13.22,9
2023-08-08 16:51:00,1727,13.2296,13.23,13.23,13.23,13.23,33
2023-08-08 16:52:00,200,13.23,13.23,13.23,13.23,13.23,12
2023-08-08 16:53:00,5520,13.2222,13.22,13.23,13.23,13.22,91
2023-08-08 16:54:00,459,13.2389,13.235,13.24,13.24,13.235,6
2023-08-08 16:56:00,7295,13.2255,13.23,13.23,13.235,13.22,78
2023-08-08 16:57:00,1394,13.2304,13.2288,13.23,13.23,13.2288,16
2023-08-08 16:58:00,6306,13.2394,13.2399,13.24,13.24,13.23,26
2023-08-08 16:59:00,3086,13.2493,13.245,13.25,13.26,13.245,48
2023-08-08 17:00:00,544,13.249,13.245,13.25,13.25,13.245,9
2023-08-08 17:01:00,1740,13.2495,13.25,13.25,13.25,13.25,11
2023-08-08 17:02:00,2258,13.2602,13.26,13.26,13.26,13.26,14
2023-08-08 17:03:00,420,13.2639,13.265,13.265,13.265,13.26,7
2023-08-08 17:04:00,1313,13.2584,13.26,13.26,13.26,13.26,41
2023-08-08 17:05:00,100,13.24,13.24,13.24,13.24,13.24,1
2023-08-08 17:06:00,1062,13.2389,13.24,13.235,13.24,13.235,25
2023-08-08 17:08:00,926,13.2256,13.23,13.22,13.23,13.22,19
2023-08-08 17:09:00,626,13.2247,13.22,13.22,13.22,13.22,13
2023-08-08 17:10:00,383,13.2234,13.225,13.225,13.225,13.225,11
2023-08-08 17:11:00,1407,13.2289,13.22,13.23,13.23,13.22,20
2023-08-08 17:12:00,215,13.2251,13.22,13.22,13.22,13.22,6
2023-08-08 17:13:00,272,13.2242,13.22,13.225,13.225,13.22,5
2023-08-08 17:14:00,1215,13.2308,13.23,13.24,13.24,13.23,15
2023-08-08 17:16:00,972,13.2406,13.24,13.24,13.245,13.24,21
2023-08-08 17:17:00,336,13.2411,13.23,13.25,13.25,13.23,6
2023-08-08 17:18:00,410,13.2383,13.23,13.23,13.23,13.23,15
2023-08-08 17:19:00,923,13.2324,13.235,13.235,13.235,13.23,14
2023-08-08 17:20:00,1438,13.2396,13.2399,13.23,13.245,13.23,15
2023-08-08 17:21:00,200,13.24,13.25,13.23,13.25,13.23,2
2023-08-08 17:23:00,747,13.24,13.24,13.24,13.24,13.24,23
2023-08-08 17:24:00,119,13.235,13.235,13.235,13.235,13.235,4
2023-08-08 17:25:00,1811,13.23,13.235,13.23,13.235,13.225,48
2023-08-08 17:26:00,217,13.2303,13.23,13.23,13.23,13.23,7
2023-08-08 17:27:00,486,13.2229,13.225,13.22,13.225,13.22,13
2023-08-08 17:28:00,120,13.2217,13.22,13.22,13.22,13.22,5
2023-08-08 17:30:00,4791,13.2495,13.24,13.27,13.27,13.24,51
2023-08-08 17:31:00,815,13.2589,13.26,13.25,13.26,13.25,23
2023-08-08 17:32:00,205,13.2451,13.24,13.25,13.25,13.24,3
2023-08-08 17:33:00,110,13.2409,13.24,13.24,13.24,13.24,3
2023-08-08 17:34:00,333,13.2473,13.24,13.245,13.245,13.24,9
2023-08-08 17:35:00,1929,13.2392,13.24,13.23,13.24,13.23,19
2023-08-08 17:36:00,2779,13.2462,13.235,13.25,13.2599,13.235,37
2023-08-08 17:37:00,315,13.2568,13.26,13.25,13.26,13.25,5
2023-08-08 17:38:00,5264,13.2523,13.25,13.25,13.258,13.25,31
2023-08-08 17:39:00,580,13.2531,13.25,13.26,13.26,13.25,13
2023-08-08 17:40:00,853,13.27,13.27,13.27,13.27,13.27,14
2023-08-08 17:41:00,1064,13.2671,13.27,13.26,13.27,13.26,17
2023-08-08 17:42:00,305,13.2634,13.27,13.26,13.27,13.26,4
2023-08-08 17:43:00,111,13.2701,13.27,13.27,13.27,13.27,4
2023-08-08 17:44:00,595,13.2601,13.26,13.26,13.26,13.26,7
2023-08-08 17:45:00,490,13.2657,13.27,13.27,13.27,13.26,12
2023-08-08 17:46:00,105,13.2605,13.26,13.26,13.26,13.26,2
2023-08-08 17:47:00,129,13.2622,13.26,13.26,13.26,13.26,5
2023-08-08 17:48:00,435,13.2762,13.27,13.28,13.28,13.27,7
2023-08-08 17:49:00,792,13.267,13.27,13.26,13.27,13.26,10
2023-08-08 17:50:00,490,13.2687,13.26,13.27,13.27,13.26,7
2023-08-08 17:51:00,223,13.27,13.28,13.26,13.28,13.26,5
2023-08-08 17:52:00,2635,13.2595,13.26,13.26,13.28,13.25,55
2023-08-08 17:53:00,1718,13.2669,13.27,13.255,13.27,13.255,35
2023-08-08 17:54:00,391,13.2512,13.255,13.25,13.255,13.25,15
2023-08-08 17:55:00,118,13.2431,13.2425,13.2425,13.2425,13.2425,4
2023-08-08 17:57:00,311,13.2418,13.24,13.24,13.245,13.24,8
2023-08-08 17:58:00,131,13.2482,13.25,13.25,13.25,13.25,8
2023-08-08 17:59:00,1238,13.2492,13.25,13.26,13.26,13.24,29
2023-08-08 18:00:00,4079,13.2551,13.26,13.24,13.26,13.24,59
2023-08-08 18:01:00,402,13.2425,13.245,13.24,13.245,13.24,14
2023-08-08 18:02:00,100,13.24,13.24,13.24,13.24,13.24,1
2023-08-08 18:03:00,1786,13.2356,13.24,13.225,13.24,13.22,39
2023-08-08 18:04:00,1259,13.2201,13.22,13.22,13.22,13.22,24
2023-08-08 18:05:00,400,13.2227,13.22,13.22,13.22,13.22,4
2023-08-08 18:06:00,1234,13.2317,13.22,13.23,13.24,13.22,18
2023-08-08 18:07:00,195,13.2317,13.23,13.23,13.23,13.23,11
2023-08-08 18:08:00,706,13.2375,13.235,13.23,13.2396,13.23,6
2023-08-08 18:09:00,200,13.2325,13.23,13.235,13.235,13.23,2
2023-08-08 18:10:00,607,13.2316,13.23,13.23,13.23,13.23,10
2023-08-08 18:12:00,1102,13.2405,13.24,13.24,13.245,13.24,22
2023-08-08 18:13:00,468,13.2464,13.245,13.24,13.25,13.24,9
2023-08-08 18:14:00,222,13.2427,13.245,13.24,13.245,13.24,3
2023-08-08 18:16:00,344,13.2445,13.24,13.25,13.25,13.24,9
2023-08-08 18:17:00,347,13.2435,13.24,13.245,13.245,13.24,11
2023-08-08 18:18:00,3223,13.253,13.25,13.265,13.265,13.25,60
2023-08-08 18:19:00,139,13.2649,13.265,13.265,13.265,13.265,9
2023-08-08 18:20:00,1620,13.2591,13.26,13.25,13.26,13.25,26
2023-08-08 18:21:00,1035,13.2511,13.25,13.255,13.255,13.25,29
2023-08-08 18:22:00,1622,13.2585,13.25,13.26,13.26,13.25,28
2023-08-08 18:23:00,566,13.261,13.265,13.26,13.265,13.26,8
2023-08-08 18:24:00,360,13.2607,13.26,13.26,13.26,13.26,12
2023-08-08 18:25:00,800,13.2622,13.26,13.26,13.2699,13.26,14
2023-08-08 18:26:00,806,13.2631,13.26,13.26,13.265,13.26,9
2023-08-08 18:27:00,772,13.2641,13.265,13.265,13.265,13.265,13
2023-08-08 18:28:00,1901,13.2607,13.265,13.26,13.265,13.26,40
2023-08-08 18:29:00,2406,13.2777,13.27,13.29,13.29,13.27,48
2023-08-08 18:30:00,2893,13.2834,13.29,13.29,13.29,13.28,15
2023-08-08 18:31:00,2087,13.2789,13.28,13.27,13.28,13.27,33
2023-08-08 18:32:00,913,13.27,13.27,13.27,13.27,13.27,17
2023-08-08 18:33:00,973,13.2691,13.27,13.27,13.27,13.26,9
2023-08-08 18:34:00,2375,13.2836,13.28,13.28,13.29,13.28,30
2023-08-08 18:35:00,835,13.2816,13.2825,13.285,13.285,13.28,7
2023-08-08 18:36:00,1680,13.2807,13.28,13.28,13.285,13.28,21
2023-08-08 18:37:00,1095,13.2811,13.28,13.28,13.285,13.28,18
2023-08-08 18:38:00,970,13.2789,13.28,13.28,13.28,13.27,11
2023-08-08 18:39:00,1821,13.276,13.28,13.27,13.28,13.27,21
2023-08-08 18:40:00,800,13.2788,13.28,13.28,13.28,13.27,4
2023-08-08 18:41:00,6036,13.2718,13.28,13.27,13.28,13.27,85
2023-08-08 18:42:00,3021,13.2721,13.27,13.27,13.28,13.27,35
2023-08-08 18:43:00,231,13.2752,13.28,13.27,13.28,13.27,4
2023-08-08 18:44:00,300,13.27,13.27,13.27,13.27,13.27,7
2023-08-08 18:45:00,1601,13.2715,13.27,13.26,13.28,13.26,15
2023-08-08 18:46:00,1431,13.2719,13.275,13.27,13.275,13.27,11
2023-08-08 18:47:00,1323,13.2781,13.27,13.28,13.28,13.27,24
2023-08-08 18:48:00,994,13.278,13.28,13.27,13.28,13.27,17
2023-08-08 18:49:00,955,13.2742,13.275,13.27,13.275,13.27,14
2023-08-08 18:50:00,1776,13.2783,13.275,13.27,13.28,13.27,33
2023-08-08 18:51:00,810,13.2777,13.28,13.27,13.28,13.27,12
2023-08-08 18:52:00,796,13.2755,13.275,13.27,13.275,13.27,11
2023-08-08 18:53:00,1934,13.2791,13.28,13.28,13.28,13.27,24
2023-08-08 18:54:00,835,13.2833,13.285,13.28,13.285,13.28,12
2023-08-08 18:55:00,799,13.2859,13.285,13.28,13.29,13.28,17
2023-08-08 18:56:00,4146,13.2891,13.285,13.285,13.3,13.28,68
2023-08-08 18:57:00,3607,13.2949,13.285,13.3,13.31,13.285,56
2023-08-08 18:58:00,1664,13.3033,13.31,13.3,13.31,13.3,16
2023-08-08 18:59:00,1273,13.3049,13.305,13.305,13.305,13.3,12
2023-08-08 19:00:00,813,13.3036,13.31,13.3,13.31,13.3,10
2023-08-08 19:01:00,2543,13.3036,13.305,13.305,13.305,13.3,20
2023-08-08 19:02:00,819,13.3044,13.305,13.305,13.305,13.3,8
2023-08-08 19:03:00,881,13.3038,13.305,13.305,13.305,13.3,9
2023-08-08 19:04:00,1544,13.3108,13.31,13.315,13.315,13.305,30
2023-08-08 19:05:00,826,13.3124,13.31,13.31,13.315,13.31,14
2023-08-08 19:06:00,1909,13.3212,13.315,13.33,13.335,13.315,34
2023-08-08 19:07:00,1530,13.3357,13.335,13.34,13.34,13.33,15
2023-08-08 19:08:00,3182,13.3418,13.34,13.345,13.35,13.34,47
2023-08-08 19:09:00,586,13.3423,13.345,13.345,13.345,13.345,10
2023-08-08 19:10:00,1081,13.3435,13.35,13.345,13.35,13.34,16
2023-08-08 19:11:00,955,13.3441,13.34,13.34,13.3475,13.34,11
2023-08-08 19:12:00,1982,13.3528,13.345,13.36,13.365,13.345,40
2023-08-08 19:13:00,3727,13.3609,13.365,13.35,13.37,13.35,55
2023-08-08 19:14:00,1370,13.3484,13.355,13.35,13.355,13.35,12
2023-08-08 19:15:00,356,13.3529,13.355,13.35,13.355,13.35,7
2023-08-08 19:16:00,2251,13.3492,13.35,13.345,13.35,13.345,39
2023-08-08 19:17:00,369,13.3423,13.34,13.345,13.345,13.34,6
2023-08-08 19:18:00,1970,13.3409,13.34,13.3401,13.345,13.34,12
2023-08-08 19:19:00,1468,13.3406,13.345,13.335,13.345,13.335,23
2023-08-08 19:20:00,2797,13.3388,13.33,13.34,13.34,13.33,55
2023-08-08 19:21:00,1516,13.3337,13.335,13.33,13.335,13.33,11
2023-08-08 19:22:00,732,13.3312,13.33,13.33,13.3325,13.33,10
2023-08-08 19:23:00,2339,13.3263,13.33,13.325,13.33,13.32,39
2023-08-08 19:24:00,3388,13.3296,13.33,13.33,13.33,13.32,53
2023-08-08 19:25:00,2097,13.3368,13.34,13.34,13.35,13.33,25
2023-08-08 19:26:00,334,13.3427,13.34,13.35,13.35,13.34,5
2023-08-08 19:27:00,475,13.3452,13.345,13.35,13.35,13.34,5
2023-08-08 19:28:00,2575,13.3508,13.345,13.355,13.36,13.345,40
2023-08-08 19:29:00,1525,13.354,13.355,13.355,13.355,13.35,16
2023-08-08 19:30:00,1443,13.3555,13.35,13.36,13.36,13.35,20
2023-08-08 19:31:00,2017,13.3526,13.35,13.355,13.36,13.35,34
2023-08-08 19:32:00,1190,13.3541,13.355,13.355,13.36,13.35,15
2023-08-08 19:33:00,655,13.3526,13.35,13.355,13.355,13.35,15
2023-08-08 19:34:00,2307,13.3528,13.355,13.355,13.36,13.35,39
2023-08-08 19:35:00,1169,13.3536,13.35,13.35,13.36,13.35,17
2023-08-08 19:36:00,1121,13.3553,13.36,13.355,13.36,13.35,14
2023-08-08 19:37:00,1799,13.3541,13.36,13.35,13.36,13.35,21
2023-08-08 19:38:00,5891,13.343,13.35,13.335,13.35,13.335,106
2023-08-08 19:39:00,14732,13.3299,13.335,13.33,13.335,13.32,169
2023-08-08 19:40:00,2055,13.3329,13.335,13.335,13.335,13.33,31
2023-08-08 19:41:00,696,13.3324,13.33,13.33,13.335,13.33,10
2023-08-08 19:42:00,2325,13.3379,13.335,13.35,13.35,13.33,34
2023-08-08 19:43:00,2078,13.3492,13.35,13.35,13.355,13.345,44
2023-08-08 19:44:00,3658,13.344,13.35,13.335,13.35,13.33,59
2023-08-08 19:45:00,4472,13.3361,13.335,13.335,13.34,13.33,55
2023-08-08 19:46:00,7701,13.3297,13.33,13.33,13.335,13.325,134
2023-08-08 19:47:00,649,13.331,13.33,13.33,13.33,13.33,21
2023-08-08 19:48:00,1646,13.3319,13.33,13.33,13.335,13.33,36
2023-08-08 19:49:00,6150,13.3316,13.33,13.331,13.34,13.33,101
2023-08-08 19:50:00,4007,13.336,13.335,13.335,13.34,13.33,60
2023-08-08 19:51:00,4208,13.3292,13.34,13.325,13.34,13.32,58
2023-08-08 19:52:00,7026,13.3185,13.325,13.315,13.325,13.31,83
2023-08-08 19:53:00,9991,13.3165,13.31,13.315,13.32,13.31,128
2023-08-08 19:54:00,8290,13.3104,13.315,13.305,13.32,13.3,105
2023-08-08 19:55:00,7858,13.3108,13.305,13.315,13.32,13.305,85
2023-08-08 19:56:00,8839,13.3152,13.315,13.315,13.32,13.31,84
2023-08-08 19:57:00,16821,13.3154,13.315,13.325,13.325,13.31,221
2023-08-08 19:58:00,6180,13.3237,13.325,13.325,13.33,13.32,82
2023-08-08 19:59:00,24884,13.3292,13.325,13.33,13.34,13.32,294
2023-08-08 20:00:00,2545,13.33,13.33,13.33,13.33,13.33,7
2023-08-08 20:17:00,469,13.33,13.33,13.33,13.33,13.33,1
2023-08-09 13:30:00,2118,13.3502,13.35,13.35,13.35,13.35,6
2023-08-09 13:32:00,4003,13.2986,13.285,13.35,13.35,13.265,57
2023-08-09 13:33:00,3433,13.3309,13.3,13.305,13.34,13.3,29
2023-08-09 13:34:00,426,13.3162,13.32,13.3075,13.32,13.305,12
2023-08-09 13:35:00,5845,13.3218,13.33,13.3325,13.34,13.3,73
2023-08-09 13:36:00,6941,13.2707,13.26,13.295,13.295,13.255,111
2023-08-09 13:37:00,7578,13.318,13.31,13.31,13.34,13.3,78
2023-08-09 13:38:00,1980,13.3033,13.3,13.29,13.32,13.29,25
2023-08-09 13:39:00,4479,13.3073,13.3,13.35,13.35,13.29,49
2023-08-09 13:40:00,3654,13.3475,13.315,13.355,13.37,13.315,44
2023-08-09 13:41:00,5888,13.3789,13.36,13.39,13.41,13.355,61
2023-08-09 13:42:00,1236,13.3944,13.4,13.39,13.4,13.39,25
2023-08-09 13:43:00,481,13.323,13.31,13.32,13.32,13.31,17
2023-08-09 13:44:00,244,13.2707,13.2701,13.2701,13.2701,13.2701,3
2023-08-09 13:45:00,1961,13.255,13.26,13.25,13.26,13.24,38
2023-08-09 13:46:00,427,13.258,13.25,13.265,13.27,13.25,11
2023-08-09 13:48:00,613,13.2325,13.24,13.23,13.24,13.23,17
2023-08-09 13:49:00,1123,13.2005,13.22,13.21,13.22,13.19,32
2023-08-09 13:52:00,280,13.2097,13.23,13.23,13.23,13.23,9
2023-08-09 13:53:00,101,13.21,13.21,13.21,13.21,13.21,2
2023-08-09 13:54:00,218,13.207,13.22,13.22,13.22,13.22,7
2023-08-09 13:55:00,208,13.198,13.19,13.19,13.19,13.19,7
2023-08-09 13:56:00,627,13.2212,13.22,13.22,13.22,13.22,26
2023-08-09 13:57:00,224,13.2431,13.25,13.25,13.25,13.25,11
2023-08-09 13:58:00,611,13.2549,13.27,13.26,13.28,13.23,11
2023-08-09 13:59:00,271,13.2502,13.24,13.24,13.24,13.24,8
2023-08-09 14:00:00,1328,13.2334,13.24,13.25,13.25,13.22,34
2023-08-09 14:02:00,936,13.2494,13.275,13.24,13.275,13.24,20
2023-08-09 14:03:00,160,13.2482,13.25,13.25,13.25,13.25,13
2023-08-09 14:04:00,150,13.262,13.26,13.26,13.26,13.26,8
2023-08-09 14:05:00,2900,13.2501,13.27,13.24,13.27,13.24,49
2023-08-09 14:07:00,769,13.2286,13.23,13.23,13.23,13.22,23
2023-08-09 14:08:00,1226,13.2342,13.24,13.23,13.24,13.23,24
2023-08-09 14:09:00,520,13.22,13.22,13.22,13.22,13.22,6
2023-08-09 14:10:00,809,13.2008,13.2,13.2,13.2,13.2,20
2023-08-09 14:11:00,1221,13.167,13.1862,13.14,13.1862,13.14,17
2023-08-09 14:12:00,279,13.1914,13.18,13.18,13.18,13.18,9
2023-08-09 14:13:00,366,13.1559,13.16,13.15,13.16,13.15,7
2023-08-09 14:14:00,2523,13.1314,13.14,13.13,13.14,13.13,45
2023-08-09 14:15:00,239,13.1336,13.13,13.13,13.13,13.13,5
2023-08-09 14:16:00,522,13.1084,13.09,13.09,13.09,13.09,29
2023-08-09 14:17:00,1223,13.0583,13.07,13.05,13.07,13.05,29
2023-08-09 14:20:00,1030,13.0339,13.04,13.03,13.04,13.03,13
2023-08-09 14:21:00,842,13.0243,13.035,13.02,13.035,13.02,23
2023-08-09 14:22:00,1052,13.033,13.01,13.04,13.04,13.01,23
2023-08-09 14:23:00,1877,13.052,13.0301,13.05,13.07,13.0301,53
2023-08-09 14:24:00,304,13.0495,13.05,13.05,13.05,13.05,6
2023-08-09 14:25:00,112,13.0492,13.05,13.05,13.05,13.05,7
2023-08-09 14:26:00,1383,13.0569,13.05,13.05,13.06,13.05,25
2023-08-09 14:27:00,621,13.0639,13.06,13.08,13.08,13.06,14
2023-08-09 14:29:00,1358,13.0909,13.09,13.09,13.09,13.09,35
2023-08-09 14:30:00,195,13.089,13.089,13.089,13.089,13.089,2
2023-08-09 14:32:00,2482,13.0706,13.075,13.07,13.08,13.065,47
2023-08-09 14:33:00,275,13.075,13.07,13.08,13.08,13.07,8
2023-08-09 14:34:00,500,13.0805,13.09,13.07,13.09,13.07,8
2023-08-09 14:35:00,701,13.06,13.06,13.06,13.06,13.06,2
2023-08-09 14:36:00,231,13.0887,13.09,13.09,13.09,13.09,8
2023-08-09 14:37:00,1292,13.1058,13.0973,13.11,13.11,13.0973,18
2023-08-09 14:38:00,662,13.1041,13.11,13.1,13.11,13.1,9
2023-08-09 14:39:00,848,13.1002,13.1,13.1,13.1,13.1,19
2023-08-09 14:40:00,237,13.1097,13.11,13.11,13.11,13.11,3
2023-08-09 14:41:00,1400,13.089,13.1,13.09,13.1,13.09,5
2023-08-09 14:42:00,4296,13.0796,13.1,13.06,13.1,13.06,65
2023-08-09 14:43:00,521,13.0498,13.05,13.05,13.05,13.05,8
2023-08-09 14:44:00,7973,13.0513,13.06,13.05,13.06,13.05,37
2023-08-09 14:45:00,3912,13.0487,13.04,13.05,13.06,13.04,47
2023-08-09 14:46:00,200,13.05,13.05,13.05,13.05,13.05,2
2023-08-09 14:47:00,3129,13.0617,13.05,13.07,13.07,13.05,48
2023-08-09 14:48:00,1924,13.0735,13.07,13.081,13.081,13.07,11
2023-08-09 14:49:00,2024,13.079,13.08,13.075,13.08,13.07,19
2023-08-09 14:50:00,326,13.0785,13.075,13.08,13.08,13.075,7
2023-08-09 14:51:00,2078,13.064,13.07,13.05,13.07,13.05,43
2023-08-09 14:52:00,424,13.0375,13.04,13.03,13.04,13.03,12
2023-08-09 14:53:00,695,13.02,13.02,13.02,13.02,13.02,19
2023-08-09 14:54:00,1211,13.0177,13.02,13.03,13.03,13.01,15
2023-08-09 14:55:00,3157,13.0381,13.04,13.04,13.04,13.035,10
2023-08-09 14:56:00,18231,13.0095,13.035,13.03,13.035,13.0,111
2023-08-09 14:57:00,1129,13.0409,13.045,13.04,13.045,13.04,21
2023-08-09 14:58:00,2169,13.0624,13.05,13.085,13.09,13.05,28
2023-08-09 14:59:00,6524,13.0841,13.09,13.09,13.09,13.075,100
2023-08-09 15:00:00,909,13.0692,13.08,13.065,13.08,13.065,22
2023-08-09 15:01:00,284,13.0588,13.051,13.051,13.051,13.051,4
2023-08-09 15:03:00,897,13.0358,13.04,13.04,13.04,13.03,21
2023-08-09 15:06:00,1168,13.0248,13.02,13.03,13.03,13.02,16
2023-08-09 15:07:00,1404,13.0192,13.02,13.01,13.02,13.01,27
2023-08-09 15:08:00,1772,13.0256,13.01,13.015,13.015,13.01,12
2023-08-09 15:09:00,1067,13.0184,13.015,13.015,13.02,13.015,22
2023-08-09 15:10:00,201,13.0214,13.025,13.025,13.025,13.025,3
2023-08-09 15:11:00,300,13.025,13.025,13.025,13.025,13.025,2
2023-08-09 15:12:00,2084,13.0124,13.02,13.0,13.02,13.0,53
2023-08-09 15:13:00,862,12.9894,12.99,12.98,12.99,12.98,33
2023-08-09 15:14:00,1637,12.9593,12.97,12.95,12.97,12.95,46
2023-08-09 15:15:00,1171,12.9345,12.94,12.93,12.94,12.93,25
2023-08-09 15:16:00,213,12.9353,12.935,12.935,12.935,12.935,4
2023-08-09 15:17:00,702,12.9295,12.93,12.93,12.93,12.925,21
2023-08-09 15:18:00,6739,12.9039,12.92,12.9,12.92,12.9,44
2023-08-09 15:21:00,637,12.8903,12.89,12.89,12.89,12.89,8
2023-08-09 15:22:00,3036,12.8885,12.9,12.87,12.9,12.87,63
2023-08-09 15:23:00,878,12.8817,12.88,12.88,12.88,12.88,19
2023-08-09 15:24:00,1084,12.8801,12.885,12.88,12.885,12.88,30
2023-08-09 15:25:00,784,12.8807,12.88,12.885,12.885,12.88,19
2023-08-09 15:26:00,1116,12.8891,12.885,12.885,12.89,12.885,17
2023-08-09 15:27:00,7782,12.8763,12.88,12.905,12.905,12.86,105
2023-08-09 15:29:00,1300,12.9109,12.89,12.9163,12.918,12.89,8
2023-08-09 15:30:00,2025,12.8878,12.89,12.89,12.89,12.88,25
2023-08-09 15:31:00,1066,12.898,12.89,12.9,12.9,12.89,20
2023-08-09 15:32:00,2060,12.8946,12.9,12.9,12.9,12.885,36
2023-08-09 15:33:00,1180,12.9068,12.9,12.92,12.92,12.9,23
2023-08-09 15:35:00,869,12.9596,12.95,12.97,12.97,12.95,14
2023-08-09 15:36:00,1767,12.9673,12.97,12.9661,12.97,12.96,41
2023-08-09 15:37:00,723,12.9617,12.96,12.96,12.96,12.96,13
2023-08-09 15:39:00,1311,12.9474,12.95,12.94,12.95,12.94,40
2023-08-09 15:40:00,521,12.9413,12.945,12.94,12.945,12.94,21
2023-08-09 15:41:00,650,12.9322,12.935,12.935,12.935,12.935,11
2023-08-09 15:42:00,3003,12.9397,12.93,12.95,12.95,12.93,59
2023-08-09 15:43:00,835,12.949,12.95,12.95,12.95,12.95,29
2023-08-09 15:44:00,111,12.9505,12.95,12.95,12.95,12.95,4
2023-08-09 15:45:00,887,12.9474,12.95,12.95,12.95,12.94,21
2023-08-09 15:46:00,367,12.9455,12.949,12.949,12.949,12.949,9
2023-08-09 15:47:00,222,12.9435,12.945,12.945,12.945,12.945,7
2023-08-09 15:48:00,1139,12.9396,12.94,12.93,12.94,12.93,24
2023-08-09 15:49:00,100,12.93,12.93,12.93,12.93,12.93,1
2023-08-09 15:50:00,794,12.93,12.93,12.93,12.93,12.93,22
2023-08-09 15:51:00,1118,12.915,12.93,12.91,12.93,12.91,26
2023-08-09 15:52:00,915,12.9089,12.9,12.91,12.91,12.9,18
2023-08-09 15:53:00,790,12.9167,12.9,12.9,12.9,12.9,11
2023-08-09 15:54:00,1881,12.9231,12.92,12.93,12.93,12.92,34
2023-08-09 15:55:00,132,12.94,12.94,12.94,12.94,12.94,4
2023-08-09 15:56:00,224,12.9428,12.94,12.94,12.94,12.94,7
2023-08-09 15:57:00,2466,12.9208,12.93,12.9,12.93,12.9,54
2023-08-09 15:58:00,1186,12.9109,12.91,12.91,12.91,12.91,21
2023-08-09 15:59:00,729,12.9201,12.92,12.92,12.92,12.92,16
2023-08-09 16:00:00,807,12.9057,12.91,12.91,12.91,12.9,16
2023-08-09 16:01:00,217,12.9107,12.91,12.91,12.91,12.91,4
2023-08-09 16:02:00,1256,12.9158,12.915,12.915,12.92,12.915,10
2023-08-09 16:03:00,1046,12.9099,12.91,12.91,12.91,12.91,27
2023-08-09 16:04:00,1900,12.9137,12.9,12.91,12.918,12.9,11
2023-08-09 16:05:00,1045,12.9035,12.91,12.9,12.91,12.9,17
2023-08-09 16:06:00,323,12.9074,12.9,12.9,12.9,12.9,5
2023-08-09 16:07:00,752,12.9099,12.91,12.91,12.91,12.91,10
2023-08-09 16:08:00,1208,12.9018,12.91,12.9,12.91,12.9,17
2023-08-09 16:09:00,736,12.9047,12.91,12.9,12.91,12.9,15
2023-08-09 16:10:00,3372,12.9151,12.91,12.91,12.92,12.91,62
2023-08-09 16:11:00,11282,12.8994,12.9,12.89,12.9,12.89,123
2023-08-09 16:14:00,2061,12.8821,12.8899,12.87,12.8899,12.87,25
2023-08-09 16:15:00,1415,12.8839,12.87,12.88,12.8869,12.87,15
2023-08-09 16:16:00,266,12.8873,12.88,12.88,12.88,12.88,7
2023-08-09 16:17:00,822,12.8738,12.88,12.88,12.88,12.87,14
2023-08-09 16:18:00,614,12.8713,12.87,12.87,12.87,12.87,7
2023-08-09 16:20:00,2177,12.8787,12.88,12.87,12.88,12.87,35
2023-08-09 16:23:00,1150,12.8754,12.89,12.8722,12.89,12.87,9
2023-08-09 16:24:00,3501,12.8928,12.888,12.9,12.9,12.8868,40
2023-08-09 16:25:00,263,12.9022,12.9,12.9,12.9,12.9,8
2023-08-09 16:26:00,900,12.896,12.9,12.89,12.9,12.89,15
2023-08-09 16:27:00,2976,12.9048,12.9,12.905,12.91,12.9,49
2023-08-09 16:28:00,778,12.9005,12.915,12.915,12.915,12.915,11
2023-08-09 16:29:00,3107,12.9104,12.91,12.91,12.915,12.91,63
2023-08-09 16:30:00,811,12.8994,12.9,12.9,12.9,12.9,27
2023-08-09 16:32:00,931,12.8909,12.895,12.89,12.895,12.89,23
2023-08-09 16:33:00,795,12.8887,12.89,12.88,12.89,12.88,21
2023-08-09 16:35:00,5038,12.8853,12.88,12.9,12.9,12.87,51
2023-08-09 16:36:00,1911,12.9007,12.9,12.9,12.9,12.9,10
2023-08-09 16:37:00,1965,12.9065,12.905,12.905,12.91,12.9,27
2023-08-09 16:38:00,5633,12.8962,12.9,12.9,12.9,12.89,94
2023-08-09 16:39:00,2758,12.8904,12.89,12.9,12.9,12.89,20
2023-08-09 16:41:00,1130,12.8878,12.88,12.895,12.9,12.88,7
2023-08-09 16:44:00,1850,12.8891,12.89,12.895,12.895,12.88,45
2023-08-09 16:45:00,2567,12.8807,12.89,12.885,12.89,12.875,52
2023-08-09 16:46:00,3120,12.8727,12.88,12.87,12.88,12.87,40
2023-08-09 16:47:00,165,12.8767,12.875,12.875,12.875,12.875,4
2023-08-09 16:48:00,3925,12.8717,12.875,12.875,12.875,12.8701,6
2023-08-09 16:49:00,2229,12.8661,12.87,12.86,12.87,12.86,49
2023-08-09 16:50:00,8262,12.8553,12.86,12.84,12.8645,12.83,54
2023-08-09 16:51:00,1418,12.8392,12.83,12.84,12.84,12.83,26
2023-08-09 16:52:00,654,12.8306,12.83,12.83,12.83,12.83,6
2023-08-09 16:53:00,270,12.8452,12.84,12.84,12.84,12.84,8
2023-08-09 16:54:00,688,12.8409,12.84,12.83,12.84,12.83,6
2023-08-09 16:55:00,938,12.8349,12.84,12.83,12.84,12.83,8
2023-08-09 16:56:00,2020,12.8309,12.83,12.84,12.84,12.825,39
2023-08-09 16:57:00,405,12.8327,12.83,12.84,12.84,12.83,14
2023-08-09 16:58:00,1813,12.8306,12.83,12.84,12.84,12.82,20
2023-08-09 17:01:00,1865,12.8404,12.83,12.85,12.85,12.83,20
2023-08-09 17:02:00,1136,12.8696,12.865,12.87,12.87,12.865,7
2023-08-09 17:04:00,1936,12.8709,12.878,12.86,12.878,12.86,16
2023-08-09 17:05:00,369,12.8728,12.87,12.87,12.87,12.87,6
2023-08-09 17:06:00,150,12.8653,12.86,12.86,12.86,12.86,4
2023-08-09 17:07:00,815,12.8614,12.86,12.87,12.87,12.86,11
2023-08-09 17:08:00,354,12.8678,12.86,12.8775,12.8775,12.86,7
2023-08-09 17:09:00,451,12.8725,12.87,12.88,12.88,12.87,7
2023-08-09 17:10:00,6384,12.8719,12.875,12.865,12.88,12.865,98
2023-08-09 17:12:00,200,12.865,12.865,12.865,12.865,12.865,2
2023-08-09 17:13:00,2372,12.8628,12.865,12.865,12.87,12.86,35
2023-08-09 17:14:00,1777,12.8609,12.865,12.86,12.865,12.86,7
2023-08-09 17:15:00,9003,12.8774,12.865,12.9175,12.9175,12.865,70
2023-08-09 17:16:00,3699,12.9009,12.91,12.9,12.91,12.89,65
2023-08-09 17:17:00,1652,12.9,12.9,12.9,12.9,12.9,36
2023-08-09 17:19:00,1010,12.89,12.89,12.89,12.89,12.89,13
2023-08-09 17:20:00,806,12.8987,12.8981,12.8981,12.8981,12.8981,6
2023-08-09 17:21:00,1940,12.8987,12.9,12.89,12.9,12.89,35
2023-08-09 17:22:00,1338,12.8835,12.89,12.88,12.89,12.88,29
2023-08-09 17:23:00,1011,12.87,12.87,12.87,12.87,12.87,22
2023-08-09 17:24:00,815,12.8669,12.87,12.87,12.87,12.86,12
2023-08-09 17:25:00,236,12.8615,12.86,12.86,12.86,12.86,5
2023-08-09 17:26:00,578,12.8684,12.86,12.86,12.8728,12.86,6
2023-08-09 17:27:00,1205,12.8602,12.86,12.86,12.86,12.86,34
2023-08-09 17:28:00,1442,12.8655,12.86,12.875,12.875,12.86,20
2023-08-09 17:29:00,129,12.8715,12.87,12.87,12.87,12.87,8
2023-08-09 17:30:00,2004,12.8775,12.87,12.87,12.885,12.87,42
2023-08-09 17:31:00,811,12.8759,12.88,12.875,12.88,12.875,8
2023-08-09 17:32:00,1251,12.8892,12.88,12.9,12.9,12.88,34
2023-08-09 17:33:00,1764,12.9008,12.91,12.9,12.91,12.9,35
2023-08-09 17:36:00,1624,12.8979,12.905,12.9,12.905,12.89,31
2023-08-09 17:37:00,493,12.9,12.9,12.9,12.9,12.9,18
2023-08-09 17:38:00,705,12.8897,12.89,12.89,12.89,12.89,4
2023-08-09 17:39:00,1200,12.8869,12.89,12.885,12.89,12.88,12
2023-08-09 17:41:00,250,12.8841,12.8801,12.89,12.89,12.8801,3
2023-08-09 17:42:00,1907,12.8773,12.88,12.87,12.88,12.87,45
2023-08-09 17:43:00,103,12.8703,12.87,12.87,12.87,12.87,2
2023-08-09 17:44:00,108,12.8793,12.88,12.88,12.88,12.88,3
2023-08-09 17:45:00,1044,12.8702,12.87,12.87,12.87,12.87,24
2023-08-09 17:46:00,300,12.8767,12.87,12.88,12.88,12.87,2
2023-08-09 17:47:00,617,12.8784,12.88,12.87,12.88,12.87,16
2023-08-09 17:48:00,909,12.867,12.87,12.86,12.87,12.86,19
2023-08-09 17:49:00,104,12.8602,12.86,12.86,12.86,12.86,5
2023-08-09 17:50:00,119,12.87,12.87,12.87,12.87,12.87,3
2023-08-09 17:51:00,2998,12.87,12.86,12.88,12.88,12.86,26
2023-08-09 17:52:00,731,12.8914,12.89,12.9,12.9,12.89,12
2023-08-09 17:53:00,539,12.8917,12.9,12.9,12.9,12.9,10
2023-08-09 17:54:00,974,12.9021,12.9075,12.9,12.9075,12.9,15
2023-08-09 17:56:00,580,12.9115,12.91,12.91,12.9175,12.91,12
2023-08-09 17:57:00,1761,12.9096,12.9146,12.91,12.9146,12.91,32
2023-08-09 17:58:00,359,12.9,12.9,12.9,12.9,12.9,14
2023-08-09 17:59:00,418,12.8976,12.9,12.89,12.9,12.89,11
2023-08-09 18:00:00,1005,12.889,12.89,12.89,12.89,12.89,26
2023-08-09 18:01:00,124,12.8914,12.89,12.89,12.89,12.89,6
2023-08-09 18:02:00,100,12.895,12.895,12.895,12.895,12.895,1
2023-08-09 18:03:00,1346,12.8915,12.89,12.89,12.89,12.88,15
2023-08-09 18:04:00,124,12.8827,12.88,12.88,12.88,12.88,4
2023-08-09 18:05:00,819,12.8841,12.895,12.88,12.895,12.88,14
2023-08-09 18:07:00,301,12.8886,12.883,12.883,12.883,12.883,8
2023-08-09 18:08:00,4193,12.871,12.88,12.86,12.88,12.86,71
2023-08-09 18:09:00,227,12.8556,12.85,12.86,12.86,12.85,4
2023-08-09 18:10:00,188,12.8547,12.85,12.85,12.85,12.85,4
2023-08-09 18:11:00,3004,12.8516,12.855,12.84,12.855,12.84,39
2023-08-09 18:12:00,1131,12.8413,12.84,12.85,12.85,12.83,26
2023-08-09 18:13:00,60048,12.8476,12.85,12.86,12.86,12.84,100
2023-08-09 18:14:00,3019,12.8676,12.86,12.875,12.88,12.86,25
2023-08-09 18:15:00,1926,12.8757,12.875,12.88,12.88,12.875,11
2023-08-09 18:16:00,2948,12.8777,12.88,12.88,12.89,12.88,36
2023-08-09 18:17:00,1443,12.8765,12.88,12.88,12.88,12.87,13
2023-08-09 18:18:00,2218,12.8802,12.88,12.88,12.885,12.88,11
2023-08-09 18:19:00,4080,12.8816,12.88,12.885,12.89,12.88,19
2023-08-09 18:20:00,1517,12.8745,12.87,12.88,12.885,12.87,17
2023-08-09 18:21:00,565,12.8817,12.88,12.88,12.89,12.88,7
2023-08-09 18:22:00,6659,12.8747,12.88,12.885,12.885,12.87,33
2023-08-09 18:23:00,81798,12.8532,12.87,12.85,12.88,12.85,192
2023-08-09 18:24:00,402,12.8473,12.845,12.845,12.845,12.845,3
2023-08-09 18:25:00,8360,12.8461,12.845,12.845,12.85,12.845,50
2023-08-09 18:26:00,4355,12.8372,12.845,12.8398,12.845,12.83,46
2023-08-09 18:28:00,6778,12.8458,12.835,12.865,12.865,12.835,44
2023-08-09 18:29:00,4100,12.8662,12.87,12.87,12.88,12.86,43
2023-08-09 18:30:00,5332,12.8654,12.865,12.865,12.87,12.86,49
2023-08-09 18:31:00,2913,12.8683,12.865,12.87,12.87,12.865,43
2023-08-09 18:32:00,3821,12.866,12.87,12.865,12.87,12.86,53
2023-08-09 18:33:00,4287,12.8612,12.86,12.865,12.865,12.855,57
2023-08-09 18:34:00,5313,12.8723,12.865,12.88,12.88,12.865,41
2023-08-09 18:35:00,4961,12.8762,12.88,12.875,12.88,12.87,45
2023-08-09 18:36:00,6671,12.8938,12.875,12.91,12.92,12.875,65
2023-08-09 18:37:00,8297,12.9281,12.91,12.9398,12.94,12.9,92
2023-08-09 18:38:00,4376,12.9305,12.935,12.93,12.935,12.925,42
2023-08-09 18:39:00,3813,12.9183,12.93,12.91,12.93,12.91,50
2023-08-09 18:40:00,1519,12.8995,12.905,12.895,12.905,12.895,21
2023-08-09 18:41:00,4467,12.8897,12.895,12.89,12.895,12.885,53
2023-08-09 18:42:00,6853,12.8902,12.89,12.89,12.9,12.89,11
2023-08-09 18:43:00,3073,12.9197,12.9,12.93,12.9398,12.9,27
2023-08-09 18:44:00,1057,12.9322,12.93,12.94,12.94,12.93,11
2023-08-09 18:45:00,1392,12.94,12.94,12.94,12.94,12.94,22
2023-08-09 18:46:00,2317,12.9523,12.98,12.97,12.98,12.96,35
2023-08-09 18:47:00,1515,12.9887,12.98,13.0,13.01,12.97,15
2023-08-09 18:48:00,2840,12.9935,12.985,13.0,13.0,12.985,7
2023-08-09 18:49:00,45750,13.0284,13.0,13.04,13.05,13.0,30
2023-08-09 18:50:00,4064,13.0552,13.03,13.09,13.09,13.03,46
2023-08-09 18:51:00,4222,13.0625,13.07,13.055,13.07,13.05,45
2023-08-09 18:52:00,4271,13.0418,13.055,13.035,13.055,13.035,38
2023-08-09 18:53:00,1812,13.0286,13.03,13.025,13.03,13.025,15
2023-08-09 18:54:00,3669,13.0211,13.025,13.015,13.03,13.015,52
2023-08-09 18:55:00,3711,13.0121,13.015,13.005,13.0198,13.005,42
2023-08-09 18:56:00,1420,13.0162,13.005,13.005,13.005,13.005,6
2023-08-09 18:57:00,902,13.0067,13.005,13.0098,13.0098,13.005,10
2023-08-09 18:58:00,3135,12.9983,13.005,12.995,13.005,12.99,44
2023-08-09 18:59:00,200,12.98,12.98,12.98,12.98,12.98,2
2023-08-09 19:00:00,8631,12.9831,12.985,12.96,12.99,12.96,104
2023-08-09 19:01:00,1208,12.9567,12.955,12.955,12.96,12.955,7
2023-08-09 19:02:00,5895,12.9504,12.955,12.945,12.9598,12.94,76
2023-08-09 19:03:00,3558,12.9428,12.945,12.93,12.9498,12.93,51
2023-08-09 19:04:00,3407,12.9354,12.935,12.9375,12.9388,12.93,28
2023-08-09 19:05:00,2457,12.927,12.935,12.92,12.935,12.92,33
2023-08-09 19:06:00,938,12.9201,12.92,12.92,12.92,12.92,32
2023-08-09 19:07:00,5397,12.9101,12.92,12.89,12.92,12.89,69
2023-08-09 19:08:00,100,12.89,12.89,12.89,12.89,12.89,1
2023-08-09 19:09:00,2455,12.8956,12.895,12.89,12.8998,12.89,29
2023-08-09 19:10:00,4699,12.8761,12.89,12.875,12.89,12.86,71
2023-08-09 19:11:00,2219,12.8749,12.875,12.87,12.8798,12.87,22
2023-08-09 19:12:00,4682,12.8858,12.875,12.895,12.8998,12.875,66
2023-08-09 19:13:00,4215,12.8882,12.89,12.88,12.895,12.88,73
2023-08-09 19:14:00,656,12.8904,12.88,12.875,12.88,12.875,9
2023-08-09 19:15:00,2224,12.8798,12.875,12.9,12.9,12.87,33
2023-08-09 19:16:00,957,12.8828,12.89,12.88,12.89,12.88,14
2023-08-09 19:17:00,1889,12.8967,12.885,12.91,12.91,12.885,32
2023-08-09 19:19:00,4921,12.8987,12.9,12.895,12.9,12.895,73
2023-08-09 19:20:00,5086,12.9044,12.9018,12.905,12.9098,12.9,50
2023-08-09 19:21:00,5727,12.9051,12.905,12.895,12.91,12.895,80
2023-08-09 19:22:00,703,12.8907,12.89,12.895,12.895,12.89,9
2023-08-09 19:23:00,5807,12.9003,12.895,12.9,12.91,12.895,60
2023-08-09 19:24:00,3415,12.8986,12.905,12.89,12.905,12.89,50
2023-08-09 19:25:00,1959,12.8825,12.88,12.89,12.89,12.88,28
2023-08-09 19:26:00,4289,12.898,12.89,12.9,12.9098,12.89,42
2023-08-09 19:27:00,3608,12.9011,12.905,12.895,12.9075,12.895,42
2023-08-09 19:28:00,838,12.8943,12.89,12.895,12.895,12.89,14
2023-08-09 19:29:00,2947,12.8968,12.8975,12.9,12.9,12.89,30
2023-08-09 19:30:00,5321,12.8999,12.9,12.9,12.905,12.895,86
2023-08-09 19:31:00,319,12.8936,12.895,12.895,12.895,12.895,6
2023-08-09 19:32:00,4850,12.8849,12.895,12.86,12.895,12.86,71
2023-08-09 19:33:00,5752,12.8565,12.8688,12.84,12.8688,12.84,71
2023-08-09 19:34:00,7688,12.8523,12.84,12.87,12.87,12.84,80
2023-08-09 19:35:00,1168,12.8614,12.865,12.865,12.865,12.86,24
2023-08-09 19:36:00,4278,12.8662,12.87,12.855,12.87,12.855,75
2023-08-09 19:37:00,2899,12.8594,12.855,12.865,12.865,12.855,26
2023-08-09 19:38:00,3652,12.8583,12.865,12.86,12.865,12.855,60
2023-08-09 19:39:00,4958,12.8495,12.8508,12.845,12.8508,12.84,55
2023-08-09 19:40:00,710,12.8453,12.845,12.845,12.845,12.845,20
2023-08-09 19:41:00,3387,12.8518,12.845,12.87,12.87,12.845,41
2023-08-09 19:42:00,7633,12.8612,12.865,12.865,12.87,12.85,90
2023-08-09 19:43:00,3217,12.8685,12.865,12.87,12.87,12.865,43
2023-08-09 19:44:00,102283,12.8651,12.87,12.87,12.87,12.865,24
2023-08-09 19:45:00,4918,12.8666,12.87,12.865,12.87,12.86,56
2023-08-09 19:46:00,10991,12.8684,12.865,12.865,12.87,12.86,133
2023-08-09 19:47:00,4345,12.8673,12.86,12.865,12.87,12.86,34
2023-08-09 19:48:00,2542,12.8655,12.87,12.87,12.87,12.86,42
2023-08-09 19:49:00,11435,12.8683,12.865,12.865,12.875,12.86,129
2023-08-09 19:50:00,4936,12.8591,12.86,12.855,12.86,12.855,81
2023-08-09 19:51:00,10794,12.8409,12.85,12.84,12.85,12.83,156
2023-08-09 19:52:00,4686,12.8444,12.845,12.85,12.85,12.84,60
2023-08-09 19:53:00,44614,12.8203,12.84,12.81,12.845,12.8,271
2023-08-09 19:54:00,24738,12.813,12.805,12.82,12.82,12.8,218
2023-08-09 19:55:00,53105,12.7657,12.81,12.74,12.82,12.73,452
2023-08-09 19:56:00,29556,12.7385,12.74,12.77,12.78,12.725,276
2023-08-09 19:57:00,14709,12.793,12.77,12.81,12.81,12.76,174
2023-08-09 19:58:00,34647,12.7985,12.81,12.8,12.81,12.79,257
2023-08-09 19:59:00,95586,12.7789,12.8,12.77,12.81,12.74,519
2023-08-09 20:00:00,375,12.76,12.76,12.76,12.76,12.76,5
2023-08-09 23:10:00,1500,12.55,12.55,12.55,12.55,12.55,1
2023-08-09 23:29:00,1001,12.8,12.8,12.8,12.8,12.8,3
2023-08-09 23:56:00,1000,12.8,12.8,12.8,12.8,12.8,1
2023-08-09 23:57:00,1001,12.7998,12.8,12.8,12.8,12.8,2
2023-08-10 12:49:00,100,13.17,13.17,13.17,13.17,13.17,1
2023-08-10 13:21:00,200,13.3,13.3,13.3,13.3,13.3,1
2023-08-10 13:30:00,5513,12.7672,12.77,12.71,12.77,12.71,42
2023-08-10 13:31:00,1288,12.7206,12.71,12.75,12.75,12.71,11
2023-08-10 13:32:00,101,12.7318,12.7314,12.7314,12.7314,12.7314,2
2023-08-10 13:33:00,2357,12.6837,12.7,12.68,12.72,12.65,31
2023-08-10 13:34:00,2171,12.6546,12.65,12.65,12.66,12.65,48
2023-08-10 13:35:00,1535,12.6882,12.67,12.7,12.7,12.67,23
2023-08-10 13:36:00,1649,12.6662,12.67,12.6609,12.68,12.66,16
2023-08-10 13:37:00,1055,12.6301,12.67,12.61,12.67,12.61,37
2023-08-10 13:38:00,1075,12.6021,12.6,12.5927,12.61,12.5927,13
2023-08-10 13:39:00,1664,12.5762,12.59,12.57,12.59,12.57,42
2023-08-10 13:40:00,145,12.6048,12.6,12.6,12.6,12.6,5
2023-08-10 13:41:00,2505,12.5993,12.62,12.59,12.62,12.59,45
2023-08-10 13:42:00,44603,12.5706,12.59,12.67,12.7,12.4902,469
2023-08-10 13:43:00,4277,12.7007,12.69,12.69,12.71,12.69,62
2023-08-10 13:44:00,3910,12.6945,12.7,12.66,12.7,12.66,52
2023-08-10 13:45:00,4962,12.6536,12.66,12.705,12.705,12.63,84
2023-08-10 13:46:00,712,12.6836,12.7,12.665,12.7,12.665,15
2023-08-10 13:47:00,633,12.6718,12.68,12.67,12.68,12.67,17
2023-08-10 13:48:00,4761,12.6846,12.69,12.67,12.69,12.67,68
2023-08-10 13:49:00,7388,12.6703,12.68,12.675,12.68,12.66,59
2023-08-10 13:50:00,3578,12.6746,12.67,12.675,12.68,12.665,64
2023-08-10 13:51:00,7420,12.6241,12.67,12.6,12.67,12.6,80
2023-08-10 13:52:00,3924,12.6215,12.61,12.63,12.63,12.61,77
2023-08-10 13:53:00,1795,12.6242,12.62,12.64,12.64,12.61,43
2023-08-10 13:54:00,479,12.6441,12.6428,12.6428,12.6428,12.6428,8
2023-08-10 13:55:00,3627,12.6537,12.65,12.65,12.67,12.64,70
2023-08-10 13:56:00,1082,12.6588,12.66,12.66,12.66,12.66,24
2023-08-10 13:57:00,285,12.6619,12.66,12.66,12.66,12.66,5
2023-08-10 13:58:00,6843,12.6712,12.67,12.7,12.705,12.66,140
2023-08-10 13:59:00,14363,12.7021,12.705,12.705,12.71,12.7,206
2023-08-10 14:00:00,2659,12.7039,12.71,12.7,12.71,12.7,53
2023-08-10 14:01:00,9894,12.7217,12.705,12.74,12.75,12.695,112
2023-08-10 14:02:00,621,12.737,12.74,12.74,12.74,12.74,9
2023-08-10 14:03:00,13054,12.7574,12.75,12.805,12.81,12.735,141
2023-08-10 14:04:00,8796,12.7764,12.795,12.759,12.795,12.75,83
2023-08-10 14:05:00,8285,12.7534,12.75,12.755,12.76,12.75,131
2023-08-10 14:06:00,29021,12.7508,12.75,12.755,12.77,12.75,126
2023-08-10 14:07:00,24903,12.7432,12.75,12.715,12.76,12.7,293
2023-08-10 14:08:00,1937,12.7137,12.718,12.72,12.72,12.7,28
2023-08-10 14:09:00,1392,12.7201,12.72,12.72,12.72,12.72,30
2023-08-10 14:10:00,2698,12.719,12.7268,12.705,12.7268,12.705,48
2023-08-10 14:11:00,2210,12.7114,12.7,12.71,12.72,12.7,38
2023-08-10 14:12:00,1675,12.71,12.71,12.71,12.71,12.71,25
2023-08-10 14:13:00,925,12.7044,12.71,12.71,12.71,12.7,20
2023-08-10 14:14:00,828,12.7086,12.7,12.71,12.72,12.7,10
2023-08-10 14:15:00,2587,12.7139,12.72,12.71,12.72,12.7,43
2023-08-10 14:16:00,621,12.7034,12.705,12.705,12.705,12.7,9
2023-08-10 14:17:00,4104,12.7154,12.71,12.73,12.73,12.71,84
2023-08-10 14:18:00,3942,12.7121,12.73,12.715,12.73,12.705,68
2023-08-10 14:19:00,1918,12.7291,12.71,12.75,12.75,12.71,31
2023-08-10 14:20:00,4719,12.7449,12.75,12.73,12.755,12.73,46
2023-08-10 14:21:00,2959,12.7159,12.72,12.72,12.73,12.71,65
2023-08-10 14:22:00,615,12.7233,12.725,12.725,12.73,12.725,16
2023-08-10 14:23:00,1613,12.7272,12.73,12.73,12.73,12.72,40
2023-08-10 14:24:00,2700,12.7397,12.73,12.75,12.755,12.725,37
2023-08-10 14:25:00,1042,12.7363,12.75,12.75,12.755,12.75,8
2023-08-10 14:26:00,8422,12.7529,12.755,12.71,12.768,12.71,119
2023-08-10 14:27:00,1595,12.7186,12.71,12.72,12.72,12.71,38
2023-08-10 14:28:00,3810,12.7096,12.71,12.705,12.71,12.705,61
2023-08-10 14:29:00,2695,12.7147,12.705,12.74,12.74,12.705,39
2023-08-10 14:30:00,228,12.7263,12.735,12.72,12.735,12.72,5
2023-08-10 14:31:00,6553,12.7141,12.72,12.7,12.72,12.7,58
2023-08-10 14:32:00,3041,12.7099,12.71,12.7025,12.71,12.7025,51
2023-08-10 14:33:00,2349,12.7134,12.71,12.72,12.72,12.7,60
2023-08-10 14:34:00,1596,12.7195,12.725,12.71,12.725,12.71,9
2023-08-10 14:35:00,812,12.7102,12.72,12.71,12.72,12.7,16
2023-08-10 14:36:00,4976,12.7024,12.71,12.705,12.715,12.7,61
2023-08-10 14:37:00,18639,12.6999,12.7,12.705,12.705,12.69,210
2023-08-10 14:38:00,7499,12.7001,12.7,12.7,12.705,12.7,99
2023-08-10 14:39:00,685,12.7016,12.705,12.7,12.705,12.7,16
2023-08-10 14:40:00,4239,12.7067,12.7,12.705,12.71,12.7,89
2023-08-10 14:41:00,18715,12.6996,12.7,12.705,12.71,12.69,206
2023-08-10 14:42:00,34941,12.7006,12.7,12.705,12.71,12.69,237
2023-08-10 14:43:00,2983,12.7098,12.705,12.715,12.715,12.705,70
2023-08-10 14:44:00,999,12.7205,12.715,12.725,12.725,12.715,16
2023-08-10 14:45:00,1460,12.718,12.72,12.72,12.72,12.71,33
2023-08-10 14:46:00,2921,12.7323,12.715,12.75,12.75,12.715,44
2023-08-10 14:47:00,1273,12.7507,12.75,12.75,12.7587,12.75,10
2023-08-10 14:48:00,2286,12.7337,12.75,12.72,12.75,12.72,56
2023-08-10 14:49:00,1309,12.7287,12.72,12.735,12.735,12.72,32
2023-08-10 14:50:00,817,12.7394,12.74,12.74,12.74,12.74,15
2023-08-10 14:51:00,940,12.7459,12.7475,12.74,12.748,12.74,6
2023-08-10 14:52:00,1099,12.7337,12.74,12.74,12.75,12.73,8
2023-08-10 14:53:00,10109,12.7359,12.75,12.72,12.76,12.71,178
2023-08-10 14:54:00,1702,12.7298,12.72,12.73,12.73,12.72,30
2023-08-10 14:55:00,1109,12.7246,12.72,12.725,12.725,12.72,7
2023-08-10 14:56:00,602,12.7242,12.725,12.72,12.725,12.72,8
2023-08-10 14:57:00,3634,12.7163,12.725,12.71,12.725,12.71,57
2023-08-10 14:58:00,5536,12.7009,12.71,12.7,12.71,12.7,69
2023-08-10 14:59:00,1036,12.7051,12.705,12.705,12.705,12.705,13
2023-08-10 15:00:00,3076,12.7003,12.7,12.705,12.705,12.7,43
2023-08-10 15:01:00,17132,12.6908,12.7,12.65,12.71,12.64,206
2023-08-10 15:02:00,7161,12.6562,12.65,12.66,12.668,12.65,108
2023-08-10 15:03:00,633,12.6606,12.66,12.66,12.66,12.66,16
2023-08-10 15:04:00,1376,12.6635,12.67,12.655,12.67,12.655,40
2023-08-10 15:05:00,3702,12.6761,12.67,12.68,12.68,12.67,66
2023-08-10 15:06:00,1500,12.6759,12.68,12.675,12.68,12.675,5
2023-08-10 15:07:00,2363,12.6775,12.68,12.685,12.685,12.665,60
2023-08-10 15:08:00,1708,12.69,12.685,12.69,12.695,12.68,23
2023-08-10 15:09:00,452,12.6914,12.7,12.69,12.7,12.69,5
2023-08-10 15:10:00,8434,12.6558,12.685,12.64,12.685,12.635,122
2023-08-10 15:11:00,1316,12.653,12.65,12.66,12.66,12.65,46
2023-08-10 15:12:00,693,12.6694,12.67,12.67,12.67,12.67,29
2023-08-10 15:13:00,1195,12.6757,12.67,12.68,12.68,12.67,14
2023-08-10 15:14:00,450,12.6769,12.68,12.675,12.68,12.6711,4
2023-08-10 15:15:00,1282,12.6723,12.6794,12.67,12.6794,12.67,25
2023-08-10 15:16:00,3368,12.6746,12.665,12.68,12.68,12.665,41
2023-08-10 15:17:00,259,12.6692,12.67,12.67,12.67,12.67,6
2023-08-10 15:18:00,235,12.6688,12.67,12.67,12.67,12.67,6
2023-08-10 15:19:00,425,12.6738,12.67,12.675,12.675,12.67,7
2023-08-10 15:20:00,459,12.6747,12.675,12.675,12.675,12.675,14
2023-08-10 15:21:00,459,12.6759,12.68,12.675,12.68,12.675,13
2023-08-10 15:22:00,2664,12.6736,12.68,12.675,12.68,12.67,37
2023-08-10 15:23:00,3969,12.6758,12.67,12.68,12.68,12.665,84
2023-08-10 15:24:00,605,12.6798,12.68,12.68,12.68,12.68,15
2023-08-10 15:25:00,425,12.68,12.68,12.68,12.68,12.68,11
2023-08-10 15:26:00,6031,12.6832,12.6875,12.685,12.69,12.68,78
2023-08-10 15:27:00,1767,12.678,12.68,12.675,12.68,12.675,33
2023-08-10 15:29:00,2824,12.6833,12.675,12.695,12.695,12.675,60
2023-08-10 15:30:00,123,12.6991,12.7,12.7,12.7,12.7,3
2023-08-10 15:31:00,1172,12.6904,12.69,12.69,12.69,12.685,20
2023-08-10 15:32:00,2542,12.6771,12.68,12.68,12.68,12.67,51
2023-08-10 15:33:00,620,12.68,12.68,12.68,12.68,12.68,4
2023-08-10 15:34:00,219,12.68,12.68,12.68,12.68,12.68,4
2023-08-10 15:35:00,3175,12.6852,12.69,12.69,12.69,12.68,57
2023-08-10 15:37:00,117,12.6763,12.675,12.675,12.675,12.675,2
2023-08-10 15:38:00,3283,12.6824,12.68,12.685,12.685,12.68,43
2023-08-10 15:39:00,1451,12.6874,12.68,12.69,12.69,12.68,27
2023-08-10 15:40:00,436,12.6887,12.69,12.69,12.69,12.69,12
2023-08-10 15:41:00,6185,12.684,12.68,12.69,12.7,12.68,88
2023-08-10 15:42:00,3081,12.6953,12.685,12.69,12.7,12.685,37
2023-08-10 15:43:00,1624,12.6816,12.685,12.68,12.685,12.68,27
2023-08-10 15:45:00,1115,12.6691,12.67,12.67,12.67,12.67,33
2023-08-10 15:46:00,7705,12.6507,12.66,12.65,12.66,12.64,98
2023-08-10 15:47:00,225,12.6516,12.65,12.65,12.65,12.65,12
2023-08-10 15:48:00,1276,12.656,12.658,12.65,12.6588,12.65,10
2023-08-10 15:49:00,3312,12.6603,12.658,12.665,12.665,12.655,51
2023-08-10 15:50:00,2006,12.6601,12.67,12.655,12.67,12.655,43
2023-08-10 15:51:00,211,12.6612,12.655,12.655,12.655,12.655,3
2023-08-10 15:52:00,4519,12.6469,12.66,12.64,12.66,12.63,78
2023-08-10 15:53:00,2637,12.6398,12.635,12.65,12.65,12.635,40
2023-08-10 15:55:00,759,12.6413,12.64,12.64,12.64,12.64,12
2023-08-10 15:56:00,3344,12.6493,12.645,12.65,12.65,12.645,49
2023-08-10 15:57:00,726,12.6579,12.655,12.66,12.66,12.65,24
2023-08-10 15:58:00,561,12.6584,12.655,12.655,12.655,12.655,22
2023-08-10 15:59:00,2679,12.6521,12.66,12.655,12.66,12.65,57
2023-08-10 16:00:00,204,12.6598,12.6599,12.6599,12.6599,12.6599,2
2023-08-10 16:01:00,7224,12.6369,12.65,12.62,12.65,12.62,83
2023-08-10 16:02:00,4760,12.636,12.63,12.65,12.65,12.63,75
2023-08-10 16:03:00,124,12.6561,12.66,12.66,12.66,12.66,2
2023-08-10 16:04:00,248,12.6541,12.66,12.655,12.66,12.655,3
2023-08-10 16:05:00,427,12.6522,12.655,12.655,12.655,12.655,10
2023-08-10 16:06:00,425,12.655,12.655,12.655,12.655,12.655,6
2023-08-10 16:07:00,2876,12.6502,12.66,12.645,12.66,12.64,39
2023-08-10 16:08:00,301,12.6433,12.645,12.64,12.645,12.64,4
2023-08-10 16:09:00,1981,12.6406,12.64,12.645,12.645,12.64,50
2023-08-10 16:10:00,410,12.644,12.64,12.645,12.645,12.64,9
2023-08-10 16:11:00,453,12.645,12.645,12.645,12.645,12.645,8
2023-08-10 16:12:00,537,12.645,12.645,12.645,12.645,12.645,9
2023-08-10 16:13:00,2676,12.6504,12.645,12.655,12.655,12.645,48
2023-08-10 16:14:00,1715,12.6596,12.66,12.66,12.66,12.655,56
2023-08-10 16:15:00,4143,12.6501,12.655,12.645,12.655,12.645,51
2023-08-10 16:16:00,412,12.645,12.645,12.645,12.645,12.645,6
2023-08-10 16:18:00,1015,12.646,12.645,12.645,12.65,12.645,17
2023-08-10 16:19:00,2239,12.6498,12.65,12.65,12.65,12.645,79
2023-08-10 16:20:00,2370,12.6599,12.66,12.66,12.66,12.655,64
2023-08-10 16:21:00,1712,12.6601,12.66,12.66,12.66,12.655,35
2023-08-10 16:22:00,128,12.6601,12.66,12.66,12.66,12.66,3
2023-08-10 16:23:00,964,12.6676,12.665,12.665,12.67,12.665,22
2023-08-10 16:24:00,1625,12.6693,12.67,12.665,12.67,12.665,29
2023-08-10 16:25:00,3026,12.6523,12.66,12.64,12.66,12.64,43
2023-08-10 16:26:00,2235,12.64,12.64,12.64,12.64,12.64,34
2023-08-10 16:28:00,2092,12.6494,12.65,12.645,12.65,12.645,52
2023-08-10 16:29:00,1357,12.6489,12.645,12.65,12.65,12.645,33
2023-08-10 16:30:00,2741,12.6401,12.64,12.64,12.64,12.64,38
2023-08-10 16:31:00,536,12.6437,12.64,12.645,12.645,12.64,10
2023-08-10 16:32:00,561,12.6457,12.645,12.645,12.645,12.645,11
2023-08-10 16:33:00,1708,12.652,12.65,12.66,12.66,12.65,41
2023-08-10 16:34:00,1239,12.6529,12.66,12.655,12.66,12.65,45
2023-08-10 16:36:00,1055,12.6514,12.655,12.65,12.655,12.65,12
2023-08-10 16:37:00,1046,12.6595,12.655,12.66,12.66,12.655,36
2023-08-10 16:38:00,343,12.6616,12.66,12.66,12.665,12.66,6
2023-08-10 16:39:00,1100,12.6595,12.66,12.66,12.66,12.655,41
2023-08-10 16:41:00,1129,12.6509,12.65,12.65,12.65,12.65,26
2023-08-10 16:42:00,907,12.6547,12.655,12.655,12.655,12.655,6
2023-08-10 16:43:00,421,12.6562,12.66,12.655,12.66,12.655,5
2023-08-10 16:44:00,918,12.654,12.655,12.6513,12.66,12.6513,12
2023-08-10 16:45:00,3920,12.6654,12.66,12.67,12.67,12.655,80
2023-08-10 16:46:00,359,12.6648,12.665,12.665,12.665,12.665,9
2023-08-10 16:47:00,265,12.6636,12.665,12.6612,12.665,12.6612,5
2023-08-10 16:48:00,1798,12.6603,12.665,12.655,12.665,12.655,36
2023-08-10 16:49:00,416,12.6553,12.655,12.655,12.655,12.655,5
2023-08-10 16:50:00,2487,12.6505,12.65,12.65,12.65,12.65,45
2023-08-10 16:51:00,303,12.65,12.65,12.65,12.65,12.65,5
2023-08-10 16:52:00,6826,12.6427,12.65,12.64,12.65,12.63,118
2023-08-10 16:53:00,1172,12.6298,12.63,12.625,12.63,12.625,24
2023-08-10 16:56:00,2130,12.621,12.625,12.62,12.625,12.62,48
2023-08-10 16:57:00,5796,12.6056,12.61,12.6,12.61,12.6,86
2023-08-10 16:58:00,10844,12.5532,12.59,12.54,12.595,12.52,145
2023-08-10 16:59:00,1626,12.5402,12.54,12.54,12.54,12.54,47
2023-08-10 17:00:00,2602,12.5491,12.54,12.56,12.56,12.54,57
2023-08-10 17:01:00,256,12.5574,12.56,12.56,12.56,12.56,7
2023-08-10 17:02:00,954,12.5549,12.555,12.555,12.555,12.555,7
2023-08-10 17:03:00,7492,12.5427,12.55,12.54,12.55,12.535,101
2023-08-10 17:04:00,644,12.5399,12.54,12.54,12.54,12.54,16
2023-08-10 17:05:00,2471,12.5538,12.55,12.575,12.575,12.55,55
2023-08-10 17:06:00,4537,12.5529,12.56,12.55,12.56,12.55,60
2023-08-10 17:07:00,137,12.5464,12.545,12.545,12.545,12.545,4
2023-08-10 17:08:00,267,12.5481,12.545,12.55,12.55,12.545,4
2023-08-10 17:10:00,1111,12.5491,12.545,12.55,12.55,12.545,17
2023-08-10 17:11:00,3005,12.5615,12.555,12.58,12.58,12.555,29
2023-08-10 17:12:00,7042,12.5765,12.58,12.565,12.58,12.565,98
2023-08-10 17:13:00,420,12.5692,12.5692,12.5692,12.5692,12.5692,1
2023-08-10 17:14:00,2897,12.5767,12.57,12.585,12.585,12.57,47
2023-08-10 17:15:00,2719,12.5961,12.6,12.59,12.605,12.59,47
2023-08-10 17:16:00,8342,12.5883,12.59,12.6,12.6,12.58,124
2023-08-10 17:17:00,331,12.6,12.6,12.6,12.6,12.6,11
2023-08-10 17:18:00,13473,12.6,12.6,12.6,12.6,12.595,91
2023-08-10 17:19:00,1819,12.6073,12.61,12.605,12.61,12.605,34
2023-08-10 17:20:00,853,12.605,12.605,12.605,12.605,12.605,7
2023-08-10 17:21:00,8752,12.596,12.61,12.575,12.61,12.57,129
2023-08-10 17:22:00,927,12.5712,12.575,12.57,12.575,12.57,16
2023-08-10 17:23:00,1652,12.5663,12.565,12.565,12.565,12.565,20
2023-08-10 17:24:00,1540,12.5667,12.565,12.565,12.57,12.565,11
2023-08-10 17:25:00,17100,12.5866,12.565,12.59,12.6,12.56,161
2023-08-10 17:26:00,3220,12.5934,12.59,12.6,12.6,12.59,36
2023-08-10 17:27:00,408,12.5996,12.6,12.6,12.6,12.6,7
2023-08-10 17:28:00,432,12.5993,12.6,12.6,12.6,12.6,12
2023-08-10 17:29:00,2929,12.5914,12.59,12.595,12.595,12.59,43
2023-08-10 17:30:00,1913,12.5795,12.585,12.57,12.585,12.57,41
2023-08-10 17:31:00,2618,12.5809,12.575,12.59,12.59,12.575,27
2023-08-10 17:32:00,1833,12.5799,12.58,12.58,12.58,12.57,27
2023-08-10 17:33:00,2213,12.59,12.59,12.59,12.59,12.59,47
2023-08-10 17:34:00,4288,12.5822,12.59,12.575,12.59,12.575,56
2023-08-10 17:35:00,4297,12.5774,12.58,12.575,12.58,12.57,61
2023-08-10 17:37:00,1162,12.5755,12.575,12.575,12.575,12.575,11
2023-08-10 17:38:00,1185,12.5783,12.5775,12.575,12.58,12.575,44
2023-08-10 17:39:00,7027,12.5656,12.575,12.545,12.58,12.545,108
2023-08-10 17:40:00,1026,12.5438,12.545,12.545,12.545,12.54,18
2023-08-10 17:41:00,1623,12.543,12.545,12.54,12.545,12.54,28
2023-08-10 17:42:00,2078,12.5406,12.545,12.54,12.545,12.54,24
2023-08-10 17:43:00,1883,12.5301,12.54,12.52,12.54,12.52,33
2023-08-10 17:44:00,5069,12.5314,12.525,12.55,12.55,12.52,58
2023-08-10 17:45:00,651,12.5481,12.545,12.545,12.545,12.545,12
2023-08-10 17:46:00,1741,12.5478,12.545,12.55,12.55,12.545,40
2023-08-10 17:47:00,1862,12.5485,12.545,12.55,12.55,12.545,34
2023-08-10 17:48:00,2602,12.5598,12.56,12.56,12.56,12.555,37
2023-08-10 17:49:00,1112,12.5668,12.57,12.57,12.57,12.56,28
2023-08-10 17:50:00,1875,12.5728,12.57,12.5775,12.5775,12.57,33
2023-08-10 17:51:00,3770,12.5783,12.58,12.575,12.59,12.57,43
2023-08-10 17:52:00,1206,12.5775,12.58,12.575,12.58,12.575,15
2023-08-10 17:53:00,2416,12.5766,12.575,12.575,12.58,12.57,32
2023-08-10 17:54:00,5160,12.5691,12.57,12.565,12.57,12.565,48
2023-08-10 17:55:00,6410,12.5603,12.56,12.565,12.565,12.55,99
2023-08-10 17:57:00,7481,12.5482,12.565,12.535,12.565,12.5335,63
2023-08-10 17:58:00,744,12.5313,12.535,12.535,12.535,12.53,14
2023-08-10 17:59:00,2523,12.5369,12.535,12.535,12.54,12.535,37
2023-08-10 18:00:00,1727,12.5389,12.535,12.545,12.545,12.535,30
2023-08-10 18:01:00,1214,12.545,12.545,12.545,12.55,12.545,20
2023-08-10 18:02:00,5953,12.5497,12.545,12.545,12.565,12.54,91
2023-08-10 18:03:00,2331,12.5491,12.545,12.55,12.55,12.545,44
2023-08-10 18:04:00,2402,12.547,12.54,12.55,12.56,12.54,33
2023-08-10 18:05:00,11704,12.5518,12.57,12.55,12.57,12.545,133
2023-08-10 18:06:00,10766,12.5623,12.545,12.62,12.62,12.545,126
2023-08-10 18:07:00,1954,12.6476,12.63,12.67,12.67,12.63,25
2023-08-10 18:08:00,117,12.6615,12.66,12.66,12.66,12.66,3
2023-08-10 18:09:00,5197,12.6521,12.66,12.655,12.66,12.65,89
2023-08-10 18:10:00,973,12.6624,12.66,12.67,12.67,12.66,18
2023-08-10 18:11:00,2154,12.6393,12.66,12.655,12.66,12.655,21
2023-08-10 18:12:00,1319,12.6597,12.655,12.66,12.66,12.655,24
2023-08-10 18:13:00,2124,12.6722,12.66,12.68,12.68,12.66,33
2023-08-10 18:14:00,1632,12.6896,12.68,12.72,12.72,12.68,36
2023-08-10 18:15:00,418,12.725,12.73,12.73,12.73,12.72,21
2023-08-10 18:16:00,1267,12.7322,12.73,12.75,12.75,12.72,23
2023-08-10 18:17:00,528,12.7357,12.75,12.74,12.75,12.72,9
2023-08-10 18:18:00,12362,12.7474,12.74,12.75,12.76,12.73,124
2023-08-10 18:19:00,1748,12.7439,12.75,12.74,12.75,12.735,21
2023-08-10 18:20:00,204,12.7413,12.74,12.74,12.74,12.74,4
2023-08-10 18:21:00,4449,12.7467,12.749,12.75,12.75,12.74,22
2023-08-10 18:22:00,3977,12.7548,12.755,12.755,12.755,12.75,16
2023-08-10 18:23:00,4599,12.7509,12.755,12.735,12.76,12.735,91
2023-08-10 18:24:00,227,12.7372,12.735,12.74,12.74,12.735,5
2023-08-10 18:25:00,1303,12.7408,12.735,12.74,12.74,12.735,23
2023-08-10 18:26:00,5695,12.746,12.75,12.75,12.75,12.74,59
2023-08-10 18:27:00,187,12.7477,12.749,12.749,12.749,12.749,4
2023-08-10 18:28:00,6041,12.7478,12.75,12.75,12.75,12.73,49
2023-08-10 18:29:00,269,12.75,12.75,12.75,12.75,12.75,4
2023-08-10 18:30:00,847,12.75,12.75,12.75,12.75,12.75,5
2023-08-10 18:31:00,5362,12.7501,12.75,12.75,12.755,12.74,65
2023-08-10 18:32:00,1352,12.7405,12.74,12.74,12.74,12.74,30
2023-08-10 18:33:00,261,12.7401,12.74,12.74,12.74,12.74,4
2023-08-10 18:34:00,3067,12.7409,12.74,12.73,12.75,12.725,25
2023-08-10 18:36:00,1542,12.7297,12.725,12.735,12.735,12.725,26
2023-08-10 18:37:00,1747,12.7298,12.735,12.725,12.735,12.725,25
2023-08-10 18:38:00,1271,12.732,12.725,12.73,12.73,12.725,29
2023-08-10 18:39:00,3090,12.7483,12.74,12.75,12.755,12.74,20
2023-08-10 18:40:00,1743,12.7397,12.74,12.735,12.74,12.735,36
2023-08-10 18:41:00,1721,12.7303,12.735,12.73,12.735,12.73,42
2023-08-10 18:42:00,222,12.731,12.73,12.73,12.73,12.73,3
2023-08-10 18:43:00,1177,12.7457,12.74,12.75,12.75,12.74,27
2023-08-10 18:44:00,3176,12.7484,12.75,12.745,12.755,12.74,13
2023-08-10 18:46:00,685,12.746,12.74,12.745,12.75,12.74,16
2023-08-10 18:47:00,4294,12.7451,12.74,12.74,12.75,12.74,78
2023-08-10 18:48:00,73577,12.7851,12.735,12.83,12.83,12.735,445
2023-08-10 18:49:00,5987,12.8252,12.82,12.83,12.835,12.8175,51
2023-08-10 18:50:00,1556,12.83,12.83,12.83,12.83,12.83,8
2023-08-10 18:51:00,18955,12.8207,12.83,12.83,12.84,12.82,15
2023-08-10 18:52:00,9082,12.8223,12.83,12.82,12.83,12.815,114
2023-08-10 18:53:00,5449,12.8194,12.815,12.815,12.825,12.81,63
2023-08-10 18:54:00,5840,12.8159,12.82,12.82,12.82,12.815,50
2023-08-10 18:55:00,3053,12.82,12.82,12.815,12.83,12.815,31
2023-08-10 18:57:00,7607,12.8079,12.815,12.805,12.82,12.8,67
2023-08-10 18:58:00,2188,12.811,12.805,12.815,12.82,12.805,29
2023-08-10 18:59:00,3663,12.8199,12.82,12.82,12.82,12.815,53
2023-08-10 19:00:00,637,12.8191,12.82,12.82,12.82,12.82,8
2023-08-10 19:01:00,667,12.82,12.82,12.82,12.82,12.82,8
2023-08-10 19:02:00,6952,12.8014,12.81,12.8,12.81,12.795,78
2023-08-10 19:03:00,5315,12.7968,12.805,12.785,12.81,12.785,72
2023-08-10 19:04:00,706,12.7836,12.78,12.785,12.785,12.78,8
2023-08-10 19:05:00,2748,12.7782,12.785,12.77,12.785,12.77,44
2023-08-10 19:06:00,3054,12.7688,12.77,12.76,12.77,12.76,37
2023-08-10 19:07:00,8660,12.7512,12.76,12.75,12.76,12.75,116
2023-08-10 19:08:00,4466,12.7494,12.75,12.745,12.76,12.74,44
2023-08-10 19:09:00,1422,12.7499,12.75,12.75,12.75,12.75,10
2023-08-10 19:10:00,3737,12.7523,12.75,12.7525,12.76,12.75,43
2023-08-10 19:11:00,2272,12.7509,12.75,12.75,12.755,12.75,28
2023-08-10 19:12:00,7664,12.7559,12.76,12.75,12.76,12.75,88
2023-08-10 19:13:00,6581,12.7458,12.75,12.75,12.75,12.735,88
2023-08-10 19:14:00,1286,12.7516,12.755,12.75,12.755,12.75,14
2023-08-10 19:15:00,11786,12.7533,12.75,12.75,12.7609,12.75,139
2023-08-10 19:16:00,900,12.7501,12.75,12.75,12.75,12.75,12
2023-08-10 19:17:00,1021,12.7502,12.75,12.75,12.75,12.75,8
2023-08-10 19:18:00,5616,12.749,12.74,12.745,12.75,12.74,58
2023-08-10 19:20:00,7775,12.7501,12.745,12.74,12.76,12.74,68
2023-08-10 19:21:00,8080,12.7505,12.745,12.75,12.76,12.745,88
2023-08-10 19:22:00,1202,12.7519,12.75,12.75,12.755,12.75,13
2023-08-10 19:23:00,1805,12.7487,12.755,12.745,12.755,12.74,22
2023-08-10 19:24:00,1105,12.7469,12.745,12.745,12.745,12.745,15
2023-08-10 19:25:00,827,12.745,12.745,12.745,12.745,12.745,8
2023-08-10 19:26:00,7475,12.7489,12.75,12.745,12.76,12.74,76
2023-08-10 19:27:00,460,12.7475,12.745,12.745,12.745,12.745,6
2023-08-10 19:28:00,519,12.7455,12.745,12.745,12.745,12.745,10
2023-08-10 19:29:00,4710,12.7414,12.745,12.74,12.745,12.73,54
2023-08-10 19:30:00,1129,12.7363,12.735,12.735,12.735,12.73,14
2023-08-10 19:31:00,2535,12.74,12.735,12.745,12.745,12.735,35
2023-08-10 19:32:00,10135,12.7463,12.75,12.725,12.755,12.721,86
2023-08-10 19:33:00,1180,12.7309,12.73,12.735,12.735,12.73,25
2023-08-10 19:34:00,504,12.7332,12.735,12.73,12.735,12.73,7
2023-08-10 19:35:00,2871,12.7298,12.735,12.725,12.735,12.725,35
2023-08-10 19:36:00,2275,12.7319,12.729,12.735,12.735,12.729,34
2023-08-10 19:37:00,7284,12.7459,12.74,12.745,12.75,12.735,60
2023-08-10 19:38:00,4363,12.7517,12.75,12.75,12.76,12.75,45
2023-08-10 19:39:00,6627,12.7412,12.75,12.731,12.755,12.725,82
2023-08-10 19:40:00,1828,12.7409,12.735,12.735,12.74,12.735,12
2023-08-10 19:41:00,4558,12.7448,12.74,12.745,12.75,12.735,46
2023-08-10 19:42:00,5495,12.7382,12.745,12.735,12.745,12.73,51
2023-08-10 19:43:00,1679,12.737,12.735,12.735,12.74,12.731,21
2023-08-10 19:44:00,5876,12.734,12.735,12.731,12.74,12.73,84
2023-08-10 19:45:00,3931,12.7253,12.73,12.725,12.73,12.72,44
2023-08-10 19:46:00,3066,12.7292,12.725,12.735,12.735,12.725,38
2023-08-10 19:47:00,5935,12.7348,12.735,12.745,12.745,12.73,85
2023-08-10 19:48:00,10709,12.7427,12.75,12.74,12.75,12.735,95
2023-08-10 19:49:00,2487,12.739,12.735,12.745,12.745,12.735,46
2023-08-10 19:50:00,7021,12.74,12.74,12.74,12.75,12.731,74
2023-08-10 19:51:00,8575,12.7485,12.745,12.75,12.75,12.74,103
2023-08-10 19:52:00,12350,12.7505,12.745,12.755,12.76,12.745,120
2023-08-10 19:53:00,16597,12.7479,12.755,12.74,12.76,12.735,182
2023-08-10 19:54:00,10142,12.7405,12.74,12.735,12.745,12.735,130
2023-08-10 19:55:00,10964,12.7349,12.735,12.735,12.74,12.73,124
2023-08-10 19:56:00,22291,12.7488,12.735,12.74,12.76,12.735,171
2023-08-10 19:57:00,18428,12.7393,12.745,12.731,12.745,12.73,168
2023-08-10 19:58:00,17917,12.7332,12.73,12.735,12.74,12.73,135
2023-08-10 19:59:00,35072,12.7255,12.73,12.73,12.74,12.72,262
2023-08-10 20:00:00,375,12.73,12.73,12.73,12.73,12.73,4
2023-08-11 13:30:00,8172,12.5623,12.56,12.6,12.6,12.56,13
2023-08-11 13:31:00,339,12.5327,12.52,12.52,12.52,12.52,4
2023-08-11 13:32:00,216,12.5621,12.58,12.58,12.58,12.58,5
2023-08-11 13:33:00,225,12.566,12.53,12.585,12.585,12.53,5
2023-08-11 13:34:00,354,12.5722,12.58,12.54,12.58,12.54,7
2023-08-11 13:35:00,3788,12.5505,12.55,12.555,12.555,12.5496,9
2023-08-11 13:36:00,1237,12.5683,12.56,12.6,12.6,12.5506,14
2023-08-11 13:38:00,3087,12.5674,12.55,12.555,12.57,12.55,26
2023-08-11 13:39:00,474,12.5524,12.55,12.55,12.55,12.55,13
2023-08-11 13:41:00,681,12.5415,12.54,12.54,12.54,12.54,15
2023-08-11 13:42:00,1190,12.5285,12.52,12.52,12.52,12.52,21
2023-08-11 13:43:00,389,12.5323,12.53,12.54,12.54,12.53,17
2023-08-11 13:44:00,3684,12.5417,12.54,12.53,12.56,12.53,69
2023-08-11 13:45:00,3222,12.5368,12.53,12.55,12.55,12.525,49
2023-08-11 13:46:00,15033,12.5549,12.57,12.53,12.59,12.53,261
2023-08-11 13:47:00,1334,12.552,12.55,12.54,12.56,12.54,19
2023-08-11 13:48:00,2014,12.5489,12.55,12.53,12.56,12.53,34
2023-08-11 13:49:00,3408,12.5224,12.528,12.52,12.53,12.5175,42
2023-08-11 13:50:00,1402,12.5286,12.52,12.53,12.53,12.52,18
2023-08-11 13:51:00,521,12.537,12.535,12.535,12.54,12.535,8
2023-08-11 13:52:00,5703,12.5395,12.53,12.55,12.56,12.53,80
2023-08-11 13:53:00,3954,12.5655,12.55,12.595,12.595,12.55,45
2023-08-11 13:54:00,643,12.6,12.6,12.6,12.6,12.6,8
2023-08-11 13:55:00,4310,12.5997,12.6,12.6,12.6,12.5926,50
2023-08-11 13:56:00,3961,12.5938,12.59,12.6,12.6,12.585,68
2023-08-11 13:57:00,1047,12.6007,12.6001,12.605,12.605,12.6001,8
2023-08-11 13:58:00,1082,12.6098,12.61,12.615,12.615,12.605,18
2023-08-11 14:00:00,1905,12.6213,12.62,12.63,12.63,12.61,21
2023-08-11 14:01:00,1600,12.6322,12.64,12.63,12.64,12.63,13
2023-08-11 14:02:00,3213,12.6388,12.64,12.65,12.65,12.63,50
2023-08-11 14:03:00,838,12.6402,12.64,12.64,12.64,12.64,17
2023-08-11 14:04:00,4070,12.6351,12.635,12.65,12.65,12.63,86
2023-08-11 14:05:00,1724,12.6821,12.66,12.6937,12.6937,12.66,22
2023-08-11 14:06:00,338,12.6885,12.69,12.685,12.69,12.685,7
2023-08-11 14:07:00,842,12.7042,12.7,12.715,12.715,12.69,25
2023-08-11 14:08:00,5853,12.7173,12.715,12.71,12.73,12.71,57
2023-08-11 14:09:00,6688,12.7088,12.7,12.72,12.72,12.695,59
2023-08-11 14:10:00,817,12.7341,12.73,12.74,12.74,12.73,20
2023-08-11 14:11:00,474,12.7424,12.74,12.75,12.75,12.74,8
2023-08-11 14:12:00,2679,12.7491,12.75,12.75,12.75,12.745,38
2023-08-11 14:13:00,8554,12.758,12.75,12.81,12.81,12.7499,130
2023-08-11 14:14:00,9048,12.7697,12.81,12.75,12.81,12.745,114
2023-08-11 14:15:00,2022,12.7373,12.73,12.738,12.738,12.73,8
2023-08-11 14:16:00,6888,12.7147,12.74,12.715,12.74,12.7,97
2023-08-11 14:17:00,2707,12.73,12.72,12.75,12.75,12.72,55
2023-08-11 14:18:00,454,12.75,12.75,12.75,12.75,12.75,11
2023-08-11 14:19:00,2786,12.7372,12.75,12.71,12.75,12.71,56
2023-08-11 14:20:00,889,12.7264,12.72,12.725,12.73,12.72,25
2023-08-11 14:21:00,57238,12.7488,12.73,12.75,12.755,12.73,323
2023-08-11 14:22:00,1986,12.7503,12.75,12.75,12.755,12.75,28
2023-08-11 14:23:00,10869,12.7499,12.75,12.75,12.75,12.74,165
2023-08-11 14:24:00,3055,12.7501,12.75,12.75,12.75,12.75,47
2023-08-11 14:25:00,8921,12.7492,12.75,12.74,12.755,12.74,118
2023-08-11 14:26:00,6949,12.7465,12.73,12.75,12.76,12.73,117
2023-08-11 14:27:00,10586,12.7492,12.75,12.74,12.75,12.74,81
2023-08-11 14:28:00,6569,12.75,12.745,12.75,12.755,12.745,94
2023-08-11 14:29:00,10359,12.7475,12.75,12.74,12.75,12.74,156
2023-08-11 14:30:00,3851,12.7498,12.75,12.75,12.75,12.74,42
2023-08-11 14:31:00,2402,12.7483,12.75,12.74,12.75,12.74,24
2023-08-11 14:32:00,4857,12.7501,12.75,12.75,12.755,12.75,52
2023-08-11 14:33:00,1175,12.7382,12.75,12.73,12.75,12.73,30
2023-08-11 14:34:00,950,12.7279,12.73,12.72,12.73,12.72,16
2023-08-11 14:35:00,108330,12.7526,12.725,12.75,12.8,12.7,428
2023-08-11 14:36:00,21930,12.7575,12.75,12.76,12.77,12.74,199
2023-08-11 14:37:00,35299,12.7663,12.76,12.805,12.84,12.75,317
2023-08-11 14:38:00,21702,12.777,12.805,12.76,12.81,12.76,228
2023-08-11 14:39:00,27410,12.7773,12.76,12.77,12.79,12.76,262
2023-08-11 14:40:00,80028,12.7652,12.77,12.745,12.785,12.72,467
2023-08-11 14:41:00,8801,12.7502,12.75,12.75,12.755,12.74,101
2023-08-11 14:42:00,12698,12.7507,12.75,12.75,12.755,12.745,154
2023-08-11 14:43:00,4857,12.7455,12.74,12.75,12.75,12.735,59
2023-08-11 14:44:00,4159,12.7503,12.75,12.745,12.755,12.745,50
2023-08-11 14:45:00,5915,12.7391,12.745,12.735,12.745,12.735,46
2023-08-11 14:47:00,6450,12.7455,12.74,12.75,12.75,12.74,85
2023-08-11 14:48:00,1415,12.759,12.745,12.75,12.75,12.745,10
2023-08-11 14:49:00,929,12.7478,12.75,12.75,12.75,12.74,16
2023-08-11 14:50:00,3699,12.7495,12.75,12.75,12.75,12.745,61
2023-08-11 14:51:00,454,12.7511,12.75,12.75,12.755,12.75,6
2023-08-11 14:52:00,13951,12.7461,12.75,12.75,12.75,12.74,144
2023-08-11 14:54:00,4621,12.7434,12.745,12.75,12.75,12.74,68
2023-08-11 14:55:00,549,12.7491,12.75,12.75,12.75,12.75,15
2023-08-11 14:56:00,1530,12.7487,12.745,12.75,12.75,12.745,12
2023-08-11 14:57:00,86557,12.7484,12.75,12.73,12.76,12.71,337
2023-08-11 14:58:00,1101,12.7218,12.72,12.72,12.73,12.72,11
2023-08-11 14:59:00,4430,12.7207,12.72,12.725,12.73,12.715,55
2023-08-11 15:00:00,2753,12.732,12.73,12.73,12.73,12.73,22
2023-08-11 15:01:00,2494,12.7321,12.73,12.74,12.74,12.73,35
2023-08-11 15:02:00,5621,12.7441,12.74,12.735,12.75,12.73,72
2023-08-11 15:03:00,1017,12.7375,12.735,12.735,12.74,12.735,11
2023-08-11 15:04:00,1797,12.7413,12.735,12.735,12.74,12.735,15
2023-08-11 15:05:00,4795,12.7348,12.74,12.725,12.745,12.72,87
2023-08-11 15:06:00,2498,12.7247,12.725,12.715,12.73,12.715,49
2023-08-11 15:07:00,5955,12.7412,12.72,12.735,12.75,12.72,87
2023-08-11 15:08:00,4383,12.7462,12.74,12.75,12.75,12.74,45
2023-08-11 15:09:00,3400,12.7505,12.745,12.75,12.755,12.745,43
2023-08-11 15:10:00,2994,12.74,12.745,12.74,12.745,12.735,56
2023-08-11 15:11:00,3634,12.7244,12.735,12.725,12.735,12.71,47
2023-08-11 15:12:00,4414,12.7098,12.72,12.695,12.72,12.69,52
2023-08-11 15:13:00,4554,12.7109,12.695,12.75,12.75,12.695,68
2023-08-11 15:14:00,1956,12.743,12.74,12.75,12.75,12.74,33
2023-08-11 15:15:00,4633,12.7435,12.75,12.73,12.75,12.73,81
2023-08-11 15:16:00,4005,12.7107,12.725,12.71,12.725,12.7072,48
2023-08-11 15:17:00,783,12.7226,12.72,12.73,12.73,12.72,18
2023-08-11 15:18:00,1558,12.7265,12.72,12.73,12.73,12.715,37
2023-08-11 15:19:00,748,12.7344,12.74,12.735,12.74,12.73,14
2023-08-11 15:20:00,2049,12.7298,12.73,12.725,12.73,12.725,34
2023-08-11 15:21:00,582,12.7299,12.73,12.73,12.73,12.73,16
2023-08-11 15:22:00,113,12.73,12.73,12.73,12.73,12.73,3
2023-08-11 15:23:00,2428,12.7115,12.72,12.69,12.72,12.69,55
2023-08-11 15:24:00,1870,12.6985,12.69,12.695,12.705,12.69,39
2023-08-11 15:25:00,234,12.6962,12.695,12.695,12.695,12.695,5
2023-08-11 15:26:00,2130,12.6894,12.69,12.68,12.69,12.68,37
2023-08-11 15:27:00,1960,12.6739,12.68,12.665,12.68,12.665,43
2023-08-11 15:28:00,1275,12.6719,12.67,12.675,12.68,12.67,20
2023-08-11 15:29:00,139,12.678,12.68,12.68,12.68,12.68,12
2023-08-11 15:30:00,3409,12.6675,12.67,12.67,12.67,12.66,77
2023-08-11 15:31:00,964,12.6776,12.67,12.67,12.67,12.67,20
2023-08-11 15:32:00,308,12.665,12.665,12.665,12.665,12.665,10
2023-08-11 15:33:00,2815,12.663,12.66,12.675,12.675,12.66,68
2023-08-11 15:35:00,1485,12.6684,12.67,12.665,12.67,12.665,36
2023-08-11 15:36:00,3280,12.6822,12.67,12.69,12.7,12.67,50
2023-08-11 15:37:00,732,12.7001,12.7,12.7,12.7,12.7,30
2023-08-11 15:38:00,726,12.7099,12.71,12.72,12.72,12.705,26
2023-08-11 15:39:00,1254,12.7001,12.705,12.695,12.705,12.695,19
2023-08-11 15:40:00,191,12.6949,12.695,12.695,12.695,12.695,6
2023-08-11 15:41:00,5052,12.6806,12.69,12.7,12.7,12.66,92
2023-08-11 15:42:00,355,12.7091,12.71,12.71,12.71,12.71,6
2023-08-11 15:43:00,92121,12.7,12.7,12.69,12.71,12.69,36
2023-08-11 15:46:00,431,12.6975,12.7,12.695,12.7,12.695,8
2023-08-11 15:47:00,3987,12.678,12.695,12.655,12.695,12.655,73
2023-08-11 15:48:00,6567,12.653,12.655,12.67,12.67,12.65,72
2023-08-11 15:49:00,218,12.66,12.66,12.66,12.66,12.66,5
2023-08-11 15:51:00,1206,12.6866,12.65,12.65,12.65,12.65,5
2023-08-11 15:52:00,708,12.6557,12.65,12.65,12.66,12.65,18
2023-08-11 15:53:00,1219,12.6562,12.655,12.66,12.66,12.65,19
2023-08-11 15:54:00,3582,12.661,12.66,12.665,12.67,12.65,20
2023-08-11 15:56:00,3614,12.6607,12.67,12.66,12.67,12.655,45
2023-08-11 15:57:00,1310,12.6587,12.655,12.665,12.665,12.655,35
2023-08-11 15:58:00,633,12.6702,12.665,12.68,12.68,12.665,22
2023-08-11 15:59:00,984,12.6774,12.675,12.675,12.678,12.675,22
2023-08-11 16:00:00,282,12.6768,12.675,12.675,12.675,12.675,12
2023-08-11 16:01:00,7593,12.6825,12.675,12.7,12.71,12.675,90
2023-08-11 16:02:00,3462,12.706,12.7,12.71,12.71,12.7,57
2023-08-11 16:03:00,1260,12.7116,12.7075,12.72,12.72,12.7075,27
2023-08-11 16:05:00,870,12.7278,12.72,12.735,12.74,12.72,33
2023-08-11 16:06:00,762,12.7337,12.74,12.735,12.74,12.735,19
2023-08-11 16:07:00,1601,12.7409,12.74,12.75,12.75,12.735,50
2023-08-11 16:08:00,1363,12.7414,12.7496,12.735,12.7496,12.735,20
2023-08-11 16:09:00,419,12.7399,12.74,12.74,12.74,12.74,9
2023-08-11 16:10:00,4476,12.7319,12.735,12.74,12.74,12.725,61
2023-08-11 16:11:00,303,12.7334,12.73,12.735,12.735,12.73,7
2023-08-11 16:12:00,2159,12.7368,12.735,12.74,12.74,12.735,42
2023-08-11 16:13:00,18094,12.7491,12.74,12.72,12.76,12.72,143
2023-08-11 16:14:00,2395,12.7191,12.72,12.72,12.72,12.715,26
2023-08-11 16:15:00,315,12.7196,12.72,12.72,12.72,12.72,9
2023-08-11 16:16:00,1811,12.7183,12.72,12.72,12.72,12.715,33
2023-08-11 16:17:00,129,12.7222,12.72,12.72,12.72,12.72,6
2023-08-11 16:18:00,833,12.7258,12.725,12.725,12.725,12.725,21
2023-08-11 16:19:00,240,12.7297,12.73,12.73,12.73,12.73,10
2023-08-11 16:20:00,3367,12.7196,12.725,12.715,12.73,12.71,49
2023-08-11 16:21:00,622,12.7143,12.715,12.71,12.715,12.71,10
2023-08-11 16:22:00,342,12.7187,12.71,12.71,12.71,12.71,17
2023-08-11 16:23:00,326,12.7128,12.71,12.71,12.71,12.71,13
2023-08-11 16:24:00,138,12.7193,12.72,12.72,12.72,12.72,13
2023-08-11 16:25:00,2741,12.6994,12.715,12.68,12.715,12.68,66
2023-08-11 16:26:00,979,12.6836,12.68,12.685,12.685,12.68,14
2023-08-11 16:27:00,319,12.6851,12.685,12.685,12.685,12.685,16
2023-08-11 16:28:00,1169,12.6888,12.69,12.69,12.69,12.685,30
2023-08-11 16:29:00,30723,12.6948,12.69,12.74,12.74,12.68,102
2023-08-11 16:30:00,433,12.7406,12.74,12.74,12.74,12.74,15
2023-08-11 16:31:00,201,12.735,12.735,12.735,12.735,12.735,2
2023-08-11 16:32:00,1857,12.7338,12.735,12.735,12.74,12.73,34
2023-08-11 16:33:00,3402,12.722,12.73,12.725,12.73,12.72,52
2023-08-11 16:34:00,6571,12.7413,12.725,12.74,12.75,12.725,92
2023-08-11 16:35:00,3332,12.7458,12.7318,12.742,12.75,12.7318,47
2023-08-11 16:37:00,1042,12.7455,12.745,12.75,12.75,12.745,17
2023-08-11 16:38:00,3816,12.7486,12.75,12.75,12.75,12.745,49
2023-08-11 16:39:00,1496,12.7476,12.75,12.75,12.75,12.745,20
2023-08-11 16:40:00,535,12.7471,12.745,12.75,12.75,12.745,12
2023-08-11 16:41:00,472,12.75,12.75,12.75,12.75,12.75,19
2023-08-11 16:42:00,3717,12.7344,12.74,12.715,12.74,12.715,67
2023-08-11 16:43:00,1725,12.7202,12.715,12.725,12.725,12.715,22
2023-08-11 16:44:00,1264,12.7213,12.725,12.72,12.725,12.72,32
2023-08-11 16:45:00,1480,12.7272,12.72,12.72,12.72,12.72,20
2023-08-11 16:46:00,522,12.7265,12.725,12.725,12.725,12.725,9
2023-08-11 16:47:00,286,12.7236,12.725,12.725,12.725,12.725,11
2023-08-11 16:48:00,863,12.7265,12.725,12.73,12.73,12.725,11
2023-08-11 16:49:00,384,12.7257,12.725,12.725,12.725,12.725,9
2023-08-11 16:50:00,3089,12.7227,12.72,12.7297,12.73,12.72,75
2023-08-11 16:51:00,1623,12.7307,12.73,12.735,12.735,12.73,22
2023-08-11 16:52:00,310,12.7308,12.735,12.735,12.735,12.735,6
2023-08-11 16:54:00,2503,12.7366,12.74,12.735,12.74,12.73,45
2023-08-11 16:55:00,260,12.7361,12.735,12.735,12.735,12.735,10
2023-08-11 16:56:00,835,12.7378,12.74,12.735,12.74,12.735,9
2023-08-11 16:58:00,6221,12.7338,12.73,12.75,12.75,12.725,132
2023-08-11 16:59:00,2271,12.7473,12.745,12.75,12.75,12.74,27
2023-08-11 17:01:00,701,12.7464,12.745,12.75,12.75,12.745,7
2023-08-11 17:02:00,1040,12.7464,12.745,12.75,12.75,12.745,15
2023-08-11 17:03:00,1642,12.7488,12.75,12.75,12.75,12.745,35
2023-08-11 17:04:00,3878,12.7494,12.75,12.75,12.75,12.745,41
2023-08-11 17:05:00,3903,12.7406,12.75,12.735,12.75,12.735,48
2023-08-11 17:06:00,3341,12.7308,12.735,12.725,12.735,12.725,31
2023-08-11 17:07:00,102,12.72,12.72,12.72,12.72,12.72,3
2023-08-11 17:08:00,3131,12.7162,12.72,12.715,12.72,12.715,40
2023-08-11 17:09:00,305,12.715,12.715,12.715,12.715,12.715,9
2023-08-11 17:10:00,9309,12.7089,12.715,12.705,12.715,12.7,83
2023-08-11 17:11:00,645,12.7047,12.7,12.705,12.705,12.7,6
2023-08-11 17:12:00,402,12.7063,12.705,12.705,12.705,12.705,4
2023-08-11 17:13:00,708,12.705,12.705,12.705,12.705,12.705,9
2023-08-11 17:14:00,252,12.7065,12.705,12.705,12.705,12.705,7
2023-08-11 17:15:00,563,12.705,12.705,12.705,12.705,12.705,10
2023-08-11 17:16:00,1318,12.708,12.705,12.705,12.705,12.705,12
2023-08-11 17:17:00,2739,12.7022,12.705,12.705,12.705,12.7,42
2023-08-11 17:18:00,10398,12.7086,12.7,12.71,12.71,12.7,107
2023-08-11 17:19:00,5522,12.7093,12.71,12.705,12.72,12.705,44
2023-08-11 17:20:00,2406,12.7056,12.71,12.705,12.71,12.705,35
2023-08-11 17:21:00,1171,12.7044,12.705,12.7,12.71,12.7,15
2023-08-11 17:22:00,12280,12.6855,12.71,12.67,12.71,12.66,148
2023-08-11 17:23:00,7594,12.6742,12.665,12.67,12.685,12.665,100
2023-08-11 17:24:00,1167,12.67,12.67,12.67,12.67,12.67,12
2023-08-11 17:25:00,4947,12.6753,12.67,12.675,12.68,12.66,68
2023-08-11 17:26:00,12693,12.6704,12.675,12.685,12.685,12.66,131
2023-08-11 17:27:00,13397,12.6859,12.685,12.685,12.705,12.67,126
2023-08-11 17:28:00,1625,12.6806,12.685,12.68,12.685,12.68,25
2023-08-11 17:29:00,1837,12.6715,12.675,12.67,12.675,12.67,25
2023-08-11 17:30:00,7482,12.6729,12.665,12.67,12.685,12.665,94
2023-08-11 17:31:00,4958,12.671,12.665,12.675,12.675,12.66,46
2023-08-11 17:32:00,680,12.675,12.675,12.675,12.675,12.675,11
2023-08-11 17:33:00,835,12.6755,12.67,12.678,12.678,12.67,10
2023-08-11 17:34:00,2998,12.6775,12.675,12.675,12.68,12.67,44
2023-08-11 17:35:00,2948,12.6809,12.675,12.685,12.685,12.675,38
2023-08-11 17:36:00,5294,12.6811,12.685,12.67,12.69,12.67,64
2023-08-11 17:37:00,1724,12.6751,12.675,12.675,12.675,12.67,14
2023-08-11 17:38:00,214,12.6706,12.67,12.67,12.67,12.67,6
2023-08-11 17:39:00,2906,12.6852,12.68,12.69,12.69,12.68,69
2023-08-11 17:40:00,1467,12.7024,12.7,12.7,12.7,12.7,40
2023-08-11 17:41:00,1885,12.7085,12.71,12.705,12.71,12.7,43
2023-08-11 17:42:00,302,12.7067,12.71,12.705,12.71,12.705,5
2023-08-11 17:43:00,6143,12.7022,12.705,12.69,12.71,12.69,97
2023-08-11 17:44:00,6474,12.6825,12.69,12.69,12.69,12.68,102
2023-08-11 17:45:00,836,12.6874,12.69,12.685,12.69,12.685,10
2023-08-11 17:46:00,2090,12.6805,12.685,12.675,12.685,12.675,24
2023-08-11 17:47:00,674,12.676,12.675,12.675,12.675,12.675,13
2023-08-11 17:48:00,729,12.6879,12.67,12.67,12.67,12.67,4
2023-08-11 17:49:00,434,12.6742,12.675,12.675,12.675,12.675,8
2023-08-11 17:50:00,1098,12.6758,12.68,12.67,12.68,12.67,16
2023-08-11 17:51:00,130,12.6712,12.67,12.67,12.67,12.67,3
2023-08-11 17:52:00,556,12.673,12.68,12.67,12.68,12.67,9
2023-08-11 17:53:00,780,12.6766,12.675,12.675,12.68,12.675,15
2023-08-11 17:54:00,738,12.6778,12.68,12.68,12.68,12.675,13
2023-08-11 17:55:00,981,12.6822,12.68,12.685,12.69,12.675,23
2023-08-11 17:57:00,980,12.6866,12.685,12.685,12.69,12.685,21
2023-08-11 17:58:00,980,12.6866,12.685,12.685,12.69,12.685,17
2023-08-11 17:59:00,2057,12.6831,12.685,12.68,12.69,12.68,21
2023-08-11 18:00:00,7414,12.6719,12.68,12.675,12.68,12.65,112
2023-08-11 18:01:00,1210,12.6794,12.68,12.68,12.68,12.68,23
2023-08-11 18:02:00,409,12.6779,12.68,12.675,12.68,12.675,9
2023-08-11 18:03:00,716,12.6762,12.68,12.675,12.68,12.675,14
2023-08-11 18:04:00,2246,12.6677,12.67,12.66,12.67,12.66,41
2023-08-11 18:05:00,3313,12.6693,12.665,12.67,12.675,12.665,46
2023-08-11 18:06:00,615,12.6764,12.675,12.675,12.675,12.675,21
2023-08-11 18:07:00,2298,12.6721,12.67,12.675,12.675,12.67,17
2023-08-11 18:08:00,7065,12.6675,12.67,12.665,12.675,12.66,98
2023-08-11 18:09:00,1004,12.6682,12.665,12.665,12.665,12.66,6
2023-08-11 18:10:00,151,12.6663,12.665,12.665,12.665,12.665,5
2023-08-11 18:11:00,313,12.6647,12.665,12.665,12.665,12.665,5
2023-08-11 18:12:00,5210,12.6671,12.668,12.67,12.67,12.66,62
2023-08-11 18:13:00,2126,12.6688,12.67,12.665,12.67,12.665,39
2023-08-11 18:14:00,724,12.6682,12.665,12.67,12.67,12.665,15
2023-08-11 18:15:00,1078,12.6665,12.665,12.665,12.665,12.665,24
2023-08-11 18:16:00,1023,12.6665,12.67,12.665,12.67,12.665,17
2023-08-11 18:17:00,3428,12.6654,12.67,12.665,12.67,12.665,21
2023-08-11 18:18:00,1381,12.6678,12.665,12.665,12.67,12.665,30
2023-08-11 18:19:00,5921,12.6701,12.6625,12.69,12.69,12.6625,73
2023-08-11 18:20:00,8532,12.675,12.685,12.665,12.685,12.665,85
2023-08-11 18:21:00,1433,12.6689,12.665,12.665,12.67,12.665,21
2023-08-11 18:22:00,458,12.6657,12.665,12.665,12.665,12.665,7
2023-08-11 18:23:00,686,12.6657,12.665,12.665,12.665,12.665,11
2023-08-11 18:24:00,200,12.665,12.665,12.665,12.665,12.665,2
2023-08-11 18:25:00,1475,12.6658,12.665,12.665,12.67,12.665,20
2023-08-11 18:26:00,669,12.665,12.665,12.665,12.665,12.665,7
2023-08-11 18:27:00,521,12.6651,12.665,12.665,12.665,12.665,9
2023-08-11 18:28:00,13679,12.654,12.665,12.67,12.67,12.645,169
2023-08-11 18:29:00,219,12.6647,12.665,12.665,12.665,12.665,7
2023-08-11 18:31:00,1218,12.6605,12.665,12.665,12.665,12.665,8
2023-08-11 18:32:00,904,12.6639,12.665,12.665,12.665,12.665,10
2023-08-11 18:33:00,4995,12.6597,12.665,12.6536,12.67,12.65,84
2023-08-11 18:34:00,3176,12.6507,12.655,12.655,12.655,12.65,36
2023-08-11 18:35:00,2568,12.6507,12.655,12.655,12.655,12.65,40
2023-08-11 18:36:00,1115,12.6505,12.655,12.65,12.655,12.65,7
2023-08-11 18:37:00,504,12.655,12.655,12.655,12.655,12.655,6
2023-08-11 18:38:00,2065,12.6556,12.655,12.655,12.66,12.655,25
2023-08-11 18:39:00,1449,12.6524,12.655,12.655,12.655,12.65,13
2023-08-11 18:40:00,2766,12.6511,12.655,12.655,12.655,12.65,49
2023-08-11 18:41:00,20730,12.6425,12.65,12.62,12.655,12.62,192
2023-08-11 18:42:00,2177,12.6199,12.625,12.615,12.63,12.61,40
2023-08-11 18:43:00,10234,12.6148,12.615,12.61,12.62,12.61,108
2023-08-11 18:44:00,28607,12.6048,12.61,12.605,12.61,12.6,120
2023-08-11 18:45:00,6907,12.6075,12.61,12.605,12.61,12.6,67
2023-08-11 18:46:00,1329,12.6059,12.605,12.605,12.605,12.605,19
2023-08-11 18:47:00,7597,12.6157,12.61,12.625,12.63,12.605,89
2023-08-11 18:48:00,2852,12.6285,12.63,12.64,12.64,12.63,49
2023-08-11 18:49:00,2152,12.6402,12.635,12.65,12.65,12.635,35
2023-08-11 18:50:00,5167,12.6499,12.65,12.645,12.65,12.645,72
2023-08-11 18:51:00,3516,12.6499,12.645,12.65,12.655,12.645,43
2023-08-11 18:52:00,596,12.6491,12.645,12.65,12.65,12.645,14
2023-08-11 18:53:00,1693,12.6479,12.645,12.645,12.65,12.645,21
2023-08-11 18:54:00,2530,12.648,12.65,12.645,12.65,12.64,35
2023-08-11 18:55:00,5188,12.6506,12.65,12.655,12.66,12.65,72
2023-08-11 18:56:00,9236,12.6503,12.66,12.65,12.66,12.645,90
2023-08-11 18:57:00,300,12.6463,12.645,12.6488,12.6488,12.645,3
2023-08-11 18:58:00,1316,12.6472,12.645,12.645,12.645,12.645,11
2023-08-11 18:59:00,2727,12.6407,12.645,12.64,12.645,12.64,44
2023-08-11 19:00:00,31951,12.6429,12.64,12.61,12.65,12.61,219
2023-08-11 19:01:00,12001,12.6222,12.615,12.635,12.6375,12.615,104
2023-08-11 19:02:00,20062,12.643,12.635,12.645,12.65,12.635,204
2023-08-11 19:03:00,15729,12.6536,12.645,12.655,12.66,12.645,109
2023-08-11 19:04:00,2597,12.6506,12.655,12.66,12.66,12.655,26
2023-08-11 19:05:00,993,12.6546,12.655,12.655,12.655,12.655,11
2023-08-11 19:06:00,4237,12.656,12.66,12.655,12.66,12.655,32
2023-08-11 19:07:00,5585,12.6519,12.65,12.65,12.655,12.65,76
2023-08-11 19:08:00,3004,12.6547,12.655,12.65,12.655,12.65,23
2023-08-11 19:09:00,15940,12.6494,12.655,12.64,12.655,12.64,123
2023-08-11 19:10:00,2691,12.6428,12.645,12.645,12.645,12.64,31
2023-08-11 19:11:00,23296,12.6474,12.645,12.64,12.66,12.64,216
2023-08-11 19:12:00,13439,12.653,12.64,12.655,12.66,12.64,130
2023-08-11 19:13:00,9901,12.6559,12.655,12.655,12.66,12.655,95
2023-08-11 19:14:00,36268,12.6517,12.655,12.64,12.665,12.64,237
2023-08-11 19:15:00,33402,12.6476,12.64,12.645,12.65,12.64,235
2023-08-11 19:16:00,34812,12.6385,12.645,12.63,12.645,12.63,236
2023-08-11 19:17:00,26557,12.6484,12.635,12.645,12.66,12.635,173
2023-08-11 19:18:00,40580,12.6488,12.64,12.665,12.665,12.63,215
2023-08-11 19:19:00,10288,12.6776,12.665,12.69,12.69,12.665,106
2023-08-11 19:20:00,17279,12.7231,12.69,12.735,12.74,12.685,137
2023-08-11 19:21:00,6246,12.7161,12.735,12.69,12.735,12.69,70
2023-08-11 19:22:00,8484,12.6976,12.695,12.7,12.705,12.69,93
2023-08-11 19:23:00,14309,12.6996,12.7,12.69,12.71,12.69,160
2023-08-11 19:24:00,5914,12.6986,12.695,12.7,12.7,12.69,70
2023-08-11 19:25:00,14134,12.7,12.7,12.7,12.705,12.695,136
2023-08-11 19:26:00,16152,12.7006,12.7,12.69,12.71,12.69,173
2023-08-11 19:27:00,24111,12.7004,12.7,12.7,12.71,12.695,267
2023-08-11 19:28:00,5214,12.6997,12.7,12.695,12.71,12.695,59
2023-08-11 19:29:00,9685,12.6905,12.6975,12.685,12.7,12.68,82
2023-08-11 19:30:00,979,12.6851,12.685,12.685,12.685,12.685,10
2023-08-11 19:31:00,12813,12.6718,12.685,12.67,12.685,12.66,155
2023-08-11 19:32:00,5828,12.6701,12.67,12.67,12.675,12.66,62
2023-08-11 19:33:00,1282,12.6744,12.665,12.661,12.665,12.661,11
2023-08-11 19:34:00,3019,12.6674,12.661,12.665,12.67,12.661,35
2023-08-11 19:35:00,937,12.6663,12.67,12.67,12.67,12.661,12
2023-08-11 19:36:00,1163,12.6656,12.665,12.665,12.67,12.66,17
2023-08-11 19:37:00,10830,12.6575,12.665,12.65,12.67,12.65,127
2023-08-11 19:38:00,1089,12.653,12.655,12.655,12.655,12.65,19
2023-08-11 19:39:00,28529,12.6502,12.655,12.65,12.66,12.64,202
2023-08-11 19:40:00,23688,12.643,12.65,12.635,12.655,12.635,135
2023-08-11 19:41:00,2715,12.6399,12.64,12.635,12.64,12.635,22
2023-08-11 19:42:00,17237,12.6365,12.631,12.67,12.671,12.63,203
2023-08-11 19:43:00,2699,12.6926,12.68,12.705,12.705,12.68,45
2023-08-11 19:44:00,2298,12.6992,12.7,12.705,12.705,12.7,53
2023-08-11 19:45:00,4283,12.7247,12.71,12.75,12.75,12.71,64
2023-08-11 19:46:00,11931,12.7241,12.74,12.7,12.74,12.7,197
2023-08-11 19:47:00,18732,12.6684,12.7,12.67,12.7,12.65,164
2023-08-11 19:48:00,7428,12.6738,12.675,12.67,12.68,12.65,118
2023-08-11 19:49:00,4067,12.6829,12.68,12.685,12.69,12.675,98
2023-08-11 19:50:00,6938,12.6895,12.695,12.7,12.7,12.68,94
2023-08-11 19:51:00,14683,12.698,12.7,12.705,12.71,12.6912,155
2023-08-11 19:52:00,13965,12.6995,12.705,12.705,12.715,12.68,161
2023-08-11 19:53:00,56581,12.7181,12.705,12.735,12.74,12.7,437
2023-08-11 19:54:00,26169,12.7359,12.735,12.735,12.74,12.73,241
2023-08-11 19:55:00,35097,12.7099,12.735,12.705,12.735,12.695,323
2023-08-11 19:56:00,5789,12.7037,12.705,12.705,12.705,12.7,61
2023-08-11 19:57:00,23657,12.7068,12.705,12.71,12.71,12.705,220
2023-08-11 19:58:00,63601,12.7126,12.71,12.695,12.73,12.69,411
2023-08-11 19:59:00,74521,12.6845,12.695,12.675,12.715,12.67,434
2023-08-11 20:00:00,17301,12.68,12.68,12.68,12.68,12.68,7
