t,v,vw,o,c,h,l,n
2023-05-09 13:30:00,19080,7.9328,7.93,7.93,7.98,7.93,45
2023-05-09 13:31:00,4708,7.9428,7.96,7.955,7.97,7.93,59
2023-05-09 13:32:00,5849,7.9881,7.98,8.005,8.01,7.98,63
2023-05-09 13:33:00,8464,8.0211,8.0186,8.03,8.03,8.01,83
2023-05-09 13:34:00,4221,8.0428,8.04,8.0451,8.05,8.04,48
2023-05-09 13:35:00,1446,8.0699,8.055,8.08,8.08,8.05,36
2023-05-09 13:36:00,5060,8.0848,8.095,8.115,8.115,8.0775,71
2023-05-09 13:37:00,10062,8.0759,8.11,8.05,8.11,8.0395,77
2023-05-09 13:38:00,650,8.0509,8.05,8.055,8.055,8.05,13
2023-05-09 13:39:00,1859,8.0486,8.05,8.045,8.05,8.0407,16
2023-05-09 13:40:00,8790,8.0167,8.0401,8.0,8.0401,8.0,69
2023-05-09 13:41:00,2057,7.9956,8.0,8.01,8.01,7.99,33
2023-05-09 13:42:00,7202,8.0002,8.0,8.01,8.015,7.99,94
2023-05-09 13:43:00,1847,8.0106,8.005,8.015,8.015,8.005,20
2023-05-09 13:44:00,3421,8.0105,8.015,8.015,8.015,8.01,39
2023-05-09 13:45:00,7209,7.9802,8.02,7.975,8.02,7.965,90
2023-05-09 13:46:00,2877,7.9877,7.98,7.99,7.99,7.98,44
2023-05-09 13:47:00,1609,7.9885,7.995,7.985,7.995,7.98,27
2023-05-09 13:48:00,5585,7.9897,7.99,7.9915,8.0,7.985,58
2023-05-09 13:49:00,8858,7.9966,8.0,7.995,8.0,7.985,66
2023-05-09 13:50:00,6127,7.9951,7.995,8.01,8.01,7.985,64
2023-05-09 13:51:00,5797,7.9957,8.0,8.0,8.0,7.99,57
2023-05-09 13:52:00,4661,7.993,7.995,7.995,8.0,7.99,48
2023-05-09 13:53:00,7014,8.0037,8.0,8.0,8.0178,7.995,56
2023-05-09 13:54:00,3228,7.9998,8.0,8.0,8.0,7.995,30
2023-05-09 13:55:00,3908,8.0104,8.01,8.01,8.015,8.005,42
2023-05-09 13:56:00,3033,8.0071,8.02,8.02,8.02,8.02,19
2023-05-09 13:57:00,449,8.0306,8.025,8.035,8.035,8.025,8
2023-05-09 13:58:00,2601,8.0516,8.04,8.06,8.07,8.04,35
2023-05-09 13:59:00,7946,8.0678,8.065,8.065,8.08,8.065,54
2023-05-09 14:00:00,10413,8.068,8.07,8.065,8.075,8.055,109
2023-05-09 14:01:00,3321,8.0469,8.07,8.035,8.07,8.03,44
2023-05-09 14:02:00,2993,8.0379,8.035,8.045,8.045,8.035,39
2023-05-09 14:03:00,5174,8.0325,8.04,8.0225,8.045,8.02,63
2023-05-09 14:04:00,1632,8.0207,8.02,8.025,8.025,8.02,16
2023-05-09 14:05:00,3880,8.0357,8.03,8.025,8.045,8.025,51
2023-05-09 14:06:00,2574,8.0106,8.025,8.005,8.025,8.0,45
2023-05-09 14:07:00,603,8.0062,8.005,8.0,8.005,8.0,9
2023-05-09 14:08:00,317,8.0058,8.0,8.0,8.0,8.0,9
2023-05-09 14:09:00,4216,8.0007,8.005,8.0,8.005,7.99,47
2023-05-09 14:10:00,1334,8.0118,8.01,8.015,8.015,8.01,18
2023-05-09 14:11:00,1730,8.0097,8.01,8.0,8.01,8.0,27
2023-05-09 14:12:00,7807,7.9982,8.005,8.005,8.005,7.98,69
2023-05-09 14:13:00,1535,7.9991,8.0,8.005,8.005,7.995,26
2023-05-09 14:14:00,4610,8.0137,8.01,8.015,8.015,8.01,28
2023-05-09 14:15:00,5427,8.0226,8.02,8.035,8.035,8.02,70
2023-05-09 14:16:00,1785,8.04,8.04,8.04,8.04,8.0393,17
2023-05-09 14:17:00,3771,8.0537,8.05,8.065,8.065,8.05,48
2023-05-09 14:18:00,2855,8.0754,8.07,8.09,8.09,8.07,33
2023-05-09 14:19:00,7092,8.0799,8.085,8.065,8.09,8.065,49
2023-05-09 14:20:00,9546,8.0593,8.061,8.045,8.065,8.045,41
2023-05-09 14:21:00,9472,8.0416,8.045,8.045,8.05,8.035,39
2023-05-09 14:22:00,944,8.0441,8.04,8.045,8.045,8.04,10
2023-05-09 14:23:00,3765,8.0493,8.05,8.045,8.05,8.045,46
2023-05-09 14:24:00,2816,8.0585,8.05,8.065,8.065,8.05,30
2023-05-09 14:25:00,1011,8.0701,8.07,8.07,8.07,8.07,9
2023-05-09 14:26:00,2575,8.0713,8.075,8.065,8.075,8.065,30
2023-05-09 14:27:00,4460,8.0387,8.06,8.04,8.06,8.03,42
2023-05-09 14:28:00,2177,8.0404,8.04,8.035,8.045,8.035,25
2023-05-09 14:29:00,577,8.0363,8.035,8.04,8.04,8.035,8
2023-05-09 14:30:00,2271,8.0435,8.04,8.045,8.0493,8.04,28
2023-05-09 14:31:00,1348,8.0516,8.05,8.055,8.055,8.05,24
2023-05-09 14:32:00,178,8.0567,8.0581,8.0581,8.0581,8.0581,3
2023-05-09 14:33:00,1779,8.0491,8.05,8.045,8.05,8.045,22
2023-05-09 14:34:00,3550,8.0453,8.045,8.045,8.05,8.045,14
2023-05-09 14:35:00,2595,8.0484,8.045,8.04,8.055,8.04,30
2023-05-09 14:36:00,6951,8.039,8.04,8.04,8.045,8.035,71
2023-05-09 14:38:00,1381,8.0507,8.05,8.05,8.055,8.05,21
2023-05-09 14:39:00,1474,8.0613,8.055,8.065,8.065,8.055,25
2023-05-09 14:40:00,6051,8.0661,8.065,8.055,8.075,8.055,56
2023-05-09 14:41:00,459,8.0567,8.055,8.06,8.06,8.055,6
2023-05-09 14:42:00,488,8.0555,8.0568,8.055,8.0568,8.055,5
2023-05-09 14:43:00,800,8.0549,8.055,8.055,8.055,8.055,6
2023-05-09 14:44:00,3098,8.0489,8.055,8.045,8.055,8.045,32
2023-05-09 14:45:00,2606,8.0504,8.05,8.05,8.055,8.05,29
2023-05-09 14:46:00,3813,8.039,8.04,8.035,8.045,8.035,40
2023-05-09 14:47:00,3358,8.0406,8.045,8.04,8.045,8.04,19
2023-05-09 14:48:00,2785,8.0385,8.04,8.04,8.04,8.035,32
2023-05-09 14:49:00,1085,8.0418,8.04,8.04,8.045,8.04,14
2023-05-09 14:50:00,532,8.0441,8.045,8.045,8.045,8.04,6
2023-05-09 14:51:00,404,8.0475,8.045,8.045,8.045,8.045,8
2023-05-09 14:52:00,1741,8.0506,8.05,8.05,8.055,8.05,28
2023-05-09 14:53:00,2314,8.0549,8.055,8.055,8.06,8.05,12
2023-05-09 14:54:00,343,8.055,8.055,8.055,8.055,8.055,6
2023-05-09 14:55:00,380,8.055,8.055,8.055,8.055,8.055,4
2023-05-09 14:56:00,612,8.0566,8.057,8.055,8.057,8.055,5
2023-05-09 14:57:00,717,8.0512,8.055,8.055,8.055,8.055,6
2023-05-09 14:58:00,720,8.0542,8.05,8.06,8.06,8.05,9
2023-05-09 14:59:00,10474,8.0383,8.05,8.035,8.05,8.025,110
2023-05-09 15:00:00,5293,8.0379,8.04,8.045,8.045,8.035,46
2023-05-09 15:03:00,5683,8.0499,8.0425,8.045,8.055,8.0425,72
2023-05-09 15:04:00,3207,8.0498,8.045,8.055,8.055,8.045,32
2023-05-09 15:05:00,2518,8.0494,8.05,8.045,8.05,8.045,25
2023-05-09 15:06:00,3290,8.0389,8.04,8.035,8.04,8.035,37
2023-05-09 15:07:00,1135,8.0352,8.035,8.0385,8.0385,8.035,15
2023-05-09 15:08:00,2859,8.0392,8.04,8.035,8.04,8.035,35
2023-05-09 15:09:00,2533,8.0338,8.035,8.035,8.035,8.03,24
2023-05-09 15:10:00,206,8.0362,8.035,8.035,8.035,8.035,3
2023-05-09 15:11:00,252,8.036,8.035,8.035,8.035,8.035,9
2023-05-09 15:12:00,6880,8.0323,8.035,8.035,8.035,8.03,67
2023-05-09 15:13:00,1146,8.0342,8.03,8.0399,8.0399,8.03,13
2023-05-09 15:14:00,12576,8.0219,8.04,8.02,8.04,8.01,130
2023-05-09 15:15:00,2757,8.0217,8.025,8.02,8.025,8.02,29
2023-05-09 15:16:00,4381,8.0166,8.015,8.015,8.02,8.015,26
2023-05-09 15:17:00,1147,8.0175,8.015,8.02,8.02,8.015,19
2023-05-09 15:19:00,5705,8.0276,8.025,8.025,8.035,8.02,70
2023-05-09 15:20:00,6293,8.0286,8.025,8.025,8.03,8.025,54
2023-05-09 15:21:00,1231,8.0243,8.02,8.025,8.025,8.02,11
2023-05-09 15:22:00,692,8.0257,8.025,8.03,8.03,8.025,4
2023-05-09 15:23:00,2225,8.0256,8.025,8.03,8.03,8.02,21
2023-05-09 15:24:00,371,8.0291,8.03,8.03,8.03,8.03,6
2023-05-09 15:25:00,1130,8.0247,8.025,8.025,8.025,8.02,14
2023-05-09 15:26:00,1770,8.0256,8.025,8.025,8.03,8.0215,19
2023-05-09 15:27:00,8132,8.0186,8.025,8.015,8.025,8.01,90
2023-05-09 15:28:00,6412,8.0067,8.0125,8.0,8.02,8.0,57
2023-05-09 15:29:00,2827,7.9828,7.995,7.98,7.995,7.975,43
2023-05-09 15:30:00,7872,7.9788,7.985,7.98,7.985,7.97,79
2023-05-09 15:31:00,305,7.9787,7.98,7.978,7.98,7.978,6
2023-05-09 15:32:00,1629,7.9698,7.975,7.97,7.975,7.965,20
2023-05-09 15:33:00,11580,7.9591,7.97,7.945,7.97,7.945,78
2023-05-09 15:34:00,3319,7.9448,7.95,7.935,7.95,7.93,49
2023-05-09 15:35:00,3129,7.9318,7.935,7.92,7.935,7.92,45
2023-05-09 15:36:00,2282,7.933,7.93,7.93,7.94,7.93,27
2023-05-09 15:37:00,11088,7.9568,7.935,7.97,7.975,7.935,108
2023-05-09 15:38:00,186,7.965,7.965,7.965,7.965,7.965,3
2023-05-09 15:39:00,1487,7.9648,7.965,7.965,7.965,7.96,14
2023-05-09 15:40:00,3829,7.974,7.965,7.985,7.985,7.965,33
2023-05-09 15:41:00,4223,7.9959,7.985,8.0,8.0,7.985,39
2023-05-09 15:42:00,1858,7.9961,7.9986,7.995,7.9986,7.995,16
2023-05-09 15:45:00,3037,7.9994,8.0,7.995,8.005,7.995,39
2023-05-09 15:46:00,481,7.9958,7.995,7.995,7.995,7.995,3
2023-05-09 15:47:00,7035,7.9927,7.995,8.0,8.0,7.99,74
2023-05-09 15:48:00,11213,7.9957,8.0,7.995,8.005,7.99,91
2023-05-09 15:49:00,1791,8.0,8.0,8.0,8.0,8.0,13
2023-05-09 15:50:00,940,8.0038,8.005,8.005,8.005,8.005,12
2023-05-09 15:51:00,6042,8.0014,8.0,8.0,8.005,8.0,65
2023-05-09 15:53:00,684,8.005,8.005,8.005,8.005,8.005,10
2023-05-09 15:54:00,813,8.0017,8.005,8.005,8.005,8.005,10
2023-05-09 15:55:00,501,8.0083,8.005,8.0091,8.0091,8.005,3
2023-05-09 15:56:00,10122,8.0013,8.005,8.0,8.005,7.995,94
2023-05-09 15:57:00,881,7.9967,7.995,7.995,7.995,7.995,11
2023-05-09 15:58:00,146,7.9965,7.995,7.995,7.995,7.995,6
2023-05-09 15:59:00,2750,7.9904,7.995,7.985,7.995,7.985,37
2023-05-09 16:01:00,14554,7.9991,7.99,8.01,8.01,7.99,139
2023-05-09 16:02:00,4296,8.0099,8.015,8.005,8.015,8.0,38
2023-05-09 16:03:00,1039,8.0019,8.0,8.0,8.01,8.0,17
2023-05-09 16:04:00,1603,7.9976,8.0,7.995,8.0,7.995,19
2023-05-09 16:05:00,2578,7.9888,7.99,7.99,7.99,7.985,39
2023-05-09 16:06:00,1392,7.9908,7.99,7.99,7.99,7.99,20
2023-05-09 16:07:00,812,7.9823,7.98,7.985,7.985,7.98,12
2023-05-09 16:08:00,2504,7.9821,7.985,7.985,7.985,7.98,26
2023-05-09 16:09:00,2506,7.9893,7.985,8.0,8.0,7.985,20
2023-05-09 16:11:00,957,8.0004,8.0,8.005,8.005,8.0,23
2023-05-09 16:12:00,740,8.0043,8.0088,8.005,8.0088,8.0,11
2023-05-09 16:13:00,246,8.0058,8.005,8.005,8.005,8.005,8
2023-05-09 16:14:00,495,8.0032,8.005,8.0,8.005,8.0,10
2023-05-09 16:15:00,10023,7.9873,8.0,7.99,8.0,7.975,98
2023-05-09 16:16:00,2906,7.9912,7.985,7.995,7.995,7.985,31
2023-05-09 16:17:00,1760,7.9978,7.995,7.995,7.9988,7.995,13
2023-05-09 16:19:00,4841,7.9905,7.99,7.99,7.995,7.985,48
2023-05-09 16:20:00,395,7.985,7.985,7.985,7.985,7.985,6
2023-05-09 16:21:00,722,7.9841,7.985,7.985,7.985,7.985,11
2023-05-09 16:22:00,3727,7.9761,7.985,7.97,7.985,7.965,54
2023-05-09 16:23:00,3921,7.9561,7.965,7.95,7.965,7.95,49
2023-05-09 16:25:00,3427,7.9578,7.95,7.97,7.97,7.95,39
2023-05-09 16:26:00,11001,7.9819,7.97,7.985,7.995,7.97,97
2023-05-09 16:28:00,1704,7.9893,7.99,7.985,7.995,7.985,22
2023-05-09 16:29:00,12465,7.979,7.985,7.985,7.99,7.965,118
2023-05-09 16:30:00,2205,7.9842,7.985,7.985,7.99,7.985,25
2023-05-09 16:31:00,398,7.9862,7.985,7.985,7.985,7.985,5
2023-05-09 16:32:00,170,7.9852,7.985,7.985,7.985,7.985,5
2023-05-09 16:33:00,3864,7.9925,7.985,8.005,8.005,7.985,40
2023-05-09 16:34:00,789,8.0048,8.005,8.005,8.01,8.005,10
2023-05-09 16:35:00,101,8.005,8.005,8.005,8.005,8.005,2
2023-05-09 16:36:00,15684,8.0031,8.01,8.0,8.015,7.995,134
2023-05-09 16:37:00,757,8.0012,8.0,8.005,8.005,8.0,11
2023-05-09 16:38:00,452,8.0025,8.005,8.005,8.005,8.0,5
2023-05-09 16:39:00,524,8.0072,8.01,8.005,8.01,8.005,7
2023-05-09 16:40:00,239,8.0023,8.005,8.0,8.005,8.0,4
2023-05-09 16:41:00,6131,7.9998,8.0,8.005,8.005,7.995,54
2023-05-09 16:42:00,2283,8.0012,8.0,8.0083,8.0083,7.995,31
2023-05-09 16:43:00,324,8.0042,8.005,8.005,8.005,8.005,7
2023-05-09 16:44:00,131,8.0039,8.005,8.005,8.005,8.005,3
2023-05-09 16:45:00,322,8.0031,8.005,8.005,8.005,8.005,4
2023-05-09 16:46:00,158,8.0059,8.005,8.005,8.005,8.005,6
2023-05-09 16:47:00,498,8.0063,8.005,8.005,8.01,8.005,8
2023-05-09 16:48:00,5569,8.001,8.005,7.995,8.0075,7.995,63
2023-05-09 16:49:00,1053,8.0017,8.005,8.0,8.005,8.0,16
2023-05-09 16:50:00,7207,7.9982,8.0,7.995,8.0,7.995,53
2023-05-09 16:51:00,764,7.9954,7.995,7.995,7.995,7.995,11
2023-05-09 16:52:00,5057,7.9995,7.995,8.0,8.0,7.995,49
2023-05-09 16:53:00,397,8.0034,8.005,8.005,8.005,8.005,8
2023-05-09 16:54:00,3643,8.0092,8.005,8.005,8.01,8.005,39
2023-05-09 16:55:00,832,8.0113,8.01,8.0157,8.0157,8.01,11
2023-05-09 16:56:00,4882,8.0202,8.02,8.02,8.025,8.02,51
2023-05-09 16:57:00,1092,8.0187,8.015,8.02,8.02,8.015,20
2023-05-09 16:58:00,184,8.025,8.025,8.025,8.025,8.025,4
2023-05-09 16:59:00,667,8.0259,8.025,8.025,8.025,8.025,16
2023-05-09 17:00:00,5966,8.0202,8.03,8.015,8.03,8.015,49
2023-05-09 17:01:00,621,8.0127,8.015,8.01,8.015,8.01,8
2023-05-09 17:02:00,13036,8.0096,8.01,8.01,8.015,8.005,59
2023-05-09 17:03:00,2112,8.0,8.0,8.0,8.0,8.0,17
2023-05-09 17:04:00,349,8.0,8.0,8.0,8.0,8.0,6
2023-05-09 17:05:00,3105,7.9983,8.0,7.99,8.0,7.99,37
2023-05-09 17:06:00,1858,7.9939,7.99,7.995,7.995,7.99,22
2023-05-09 17:08:00,3888,8.0002,8.0,8.005,8.005,8.0,30
2023-05-09 17:09:00,137,8.005,8.005,8.005,8.005,8.005,2
2023-05-09 17:10:00,3004,8.0003,8.0035,8.0,8.005,8.0,32
2023-05-09 17:11:00,2138,8.0093,8.005,8.01,8.01,8.005,24
2023-05-09 17:13:00,403,8.0025,8.0,8.005,8.005,8.0,8
2023-05-09 17:14:00,3478,8.0001,8.002,8.0,8.002,8.0,33
2023-05-09 17:16:00,4856,8.0003,8.0,8.005,8.005,8.0,28
2023-05-09 17:17:00,302,8.005,8.005,8.005,8.005,8.005,4
2023-05-09 17:19:00,391,8.005,8.005,8.005,8.005,8.005,3
2023-05-09 17:20:00,479,8.0043,8.005,8.0019,8.005,8.0019,7
2023-05-09 17:21:00,4971,7.9996,8.0,8.0,8.0,7.995,50
2023-05-09 17:22:00,210,8.0052,8.005,8.005,8.005,8.005,3
2023-05-09 17:23:00,110,8.0027,8.0025,8.0025,8.0025,8.0025,2
2023-05-09 17:25:00,600,8.005,8.005,8.005,8.005,8.005,5
2023-05-09 17:26:00,762,8.0032,8.005,8.01,8.01,8.005,6
2023-05-09 17:27:00,601,8.0033,8.005,8.005,8.005,8.0,7
2023-05-09 17:28:00,12075,8.0099,8.0016,8.02,8.02,8.0,68
2023-05-09 17:30:00,4491,8.0218,8.025,8.019,8.025,8.019,40
2023-05-09 17:31:00,2220,8.0163,8.02,8.015,8.02,8.01,21
2023-05-09 17:32:00,116,8.0196,8.02,8.02,8.02,8.02,4
2023-05-09 17:34:00,211,8.0129,8.01,8.015,8.015,8.01,5
2023-05-09 17:35:00,127,8.0161,8.015,8.015,8.015,8.015,3
2023-05-09 17:36:00,431,8.0141,8.015,8.01,8.015,8.01,7
2023-05-09 17:38:00,3009,8.0086,8.015,8.0,8.015,8.0,40
2023-05-09 17:39:00,838,8.0014,8.0,8.005,8.005,8.0,11
2023-05-09 17:40:00,527,8.004,8.005,8.005,8.005,8.005,8
2023-05-09 17:41:00,1408,8.0059,8.0,8.005,8.009,8.0,17
2023-05-09 17:42:00,412,8.0066,8.005,8.005,8.005,8.005,10
2023-05-09 17:43:00,483,8.0044,8.005,8.005,8.005,8.0,6
2023-05-09 17:44:00,323,8.006,8.005,8.005,8.0075,8.005,5
2023-05-09 17:45:00,7945,8.0,8.005,8.005,8.005,7.995,76
2023-05-09 17:46:00,407,8.0077,8.01,8.01,8.01,8.01,9
2023-05-09 17:47:00,2681,8.0099,8.01,8.01,8.015,8.01,31
2023-05-09 17:48:00,1006,8.0116,8.0101,8.01,8.015,8.01,9
2023-05-09 17:49:00,492,8.015,8.015,8.015,8.015,8.015,5
2023-05-09 17:50:00,481,8.0171,8.015,8.015,8.015,8.015,10
2023-05-09 17:52:00,720,8.0081,8.02,8.02,8.02,8.02,6
2023-05-09 17:53:00,1018,8.0152,8.015,8.015,8.015,8.015,11
2023-05-09 17:54:00,1602,8.0149,8.015,8.015,8.015,8.015,16
2023-05-09 17:55:00,5985,8.0198,8.015,8.015,8.02,8.015,74
2023-05-09 17:57:00,1195,8.0187,8.015,8.015,8.02,8.015,12
2023-05-09 17:58:00,217,8.0197,8.02,8.02,8.02,8.02,10
2023-05-09 18:00:00,2384,8.02,8.02,8.02,8.02,8.02,30
2023-05-09 18:01:00,1975,8.0187,8.02,8.015,8.02,8.015,21
2023-05-09 18:02:00,112,8.0154,8.015,8.015,8.015,8.015,3
2023-05-09 18:04:00,451,8.0151,8.015,8.015,8.015,8.015,8
2023-05-09 18:06:00,3614,8.0205,8.015,8.025,8.025,8.015,50
2023-05-09 18:07:00,2410,8.0256,8.02,8.03,8.03,8.02,30
2023-05-09 18:08:00,875,8.0243,8.02,8.025,8.025,8.02,10
2023-05-09 18:09:00,2084,8.0198,8.02,8.015,8.02,8.015,23
2023-05-09 18:11:00,692,8.0183,8.015,8.015,8.02,8.015,6
2023-05-09 18:12:00,1982,8.0046,8.01,8.0,8.01,8.0,27
2023-05-09 18:13:00,6129,7.9957,7.995,7.985,8.0,7.985,70
2023-05-09 18:14:00,629,7.9879,7.985,7.985,7.985,7.985,11
2023-05-09 18:15:00,8042,7.9901,7.9868,7.995,7.995,7.9868,91
2023-05-09 18:16:00,581,7.9948,7.995,7.995,7.995,7.995,9
2023-05-09 18:18:00,1617,7.9999,8.0,8.0,8.0,8.0,28
2023-05-09 18:19:00,617,7.9957,7.995,7.995,7.995,7.995,10
2023-05-09 18:20:00,552,7.9941,7.995,7.99,7.995,7.99,8
2023-05-09 18:21:00,4031,7.9982,7.995,7.995,8.0,7.995,38
2023-05-09 18:22:00,1865,7.9962,7.9988,7.995,7.9988,7.995,19
2023-05-09 18:23:00,238,7.9953,7.995,7.995,7.995,7.995,10
2023-05-09 18:24:00,735,7.9949,7.99,7.995,7.995,7.99,15
2023-05-09 18:25:00,3508,7.9899,7.995,7.985,7.995,7.985,46
2023-05-09 18:27:00,527,7.9839,7.98,7.99,7.99,7.98,13
2023-05-09 18:28:00,273,7.9848,7.9825,7.9825,7.9825,7.9825,9
2023-05-09 18:29:00,18331,7.9939,7.99,7.995,8.0,7.985,225
2023-05-09 18:30:00,1030,7.9992,8.0021,8.0,8.0021,8.0,19
2023-05-09 18:31:00,1863,7.9991,8.0,8.0,8.0,7.995,25
2023-05-09 18:32:00,2344,7.999,8.0,7.995,8.0,7.995,30
2023-05-09 18:33:00,236,7.9991,8.0,8.0,8.0,8.0,11
2023-05-09 18:34:00,179,7.996,7.995,7.995,7.995,7.995,7
2023-05-09 18:35:00,5583,7.9997,7.99,8.0001,8.005,7.99,62
2023-05-09 18:36:00,635,8.0006,8.005,8.005,8.005,8.005,8
2023-05-09 18:37:00,277,8.0022,8.005,8.005,8.005,8.005,8
2023-05-09 18:38:00,2873,8.0092,8.005,8.01,8.01,8.005,25
2023-05-09 18:39:00,1179,8.0033,8.005,8.005,8.005,8.0,17
2023-05-09 18:40:00,660,8.005,8.005,8.005,8.005,8.005,11
2023-05-09 18:41:00,837,8.0034,8.0,8.005,8.005,8.0,10
2023-05-09 18:42:00,492,8.0085,8.01,8.01,8.01,8.01,12
2023-05-09 18:43:00,742,8.0059,8.005,8.005,8.01,8.0014,10
2023-05-09 18:44:00,6866,7.9989,8.0,7.995,8.0,7.99,71
2023-05-09 18:45:00,1501,7.9917,7.99,7.995,7.995,7.99,36
2023-05-09 18:46:00,1255,7.9981,7.995,7.995,7.995,7.995,20
2023-05-09 18:47:00,1614,7.9928,7.995,7.995,7.995,7.99,27
2023-05-09 18:48:00,2628,7.9991,7.995,7.995,8.0,7.995,45
2023-05-09 18:49:00,1125,7.9964,7.995,8.0,8.0,7.995,17
2023-05-09 18:50:00,112,7.995,7.995,7.995,7.995,7.995,2
2023-05-09 18:51:00,940,7.9958,7.995,7.995,7.995,7.995,13
2023-05-09 18:52:00,1292,7.994,7.995,7.995,7.995,7.99,17
2023-05-09 18:53:00,5099,7.9902,8.0,7.985,8.0,7.985,68
2023-05-09 18:54:00,5777,7.9786,7.98,7.97,7.98,7.97,51
2023-05-09 18:55:00,364,7.9729,7.97,7.97,7.97,7.97,6
2023-05-09 18:56:00,1835,7.9803,7.97,7.98,7.98,7.97,29
2023-05-09 18:57:00,549,7.9746,7.97,7.98,7.98,7.97,10
2023-05-09 18:58:00,13105,7.9806,7.98,7.985,7.99,7.975,106
2023-05-09 18:59:00,2458,7.9914,7.99,7.995,7.995,7.99,36
2023-05-09 19:00:00,449,7.9961,7.995,8.0,8.0,7.995,8
2023-05-09 19:01:00,311,7.995,7.995,7.995,7.995,7.995,5
2023-05-09 19:02:00,687,7.9956,7.995,7.995,7.995,7.99,14
2023-05-09 19:03:00,1078,7.9965,7.995,7.995,8.0,7.995,24
2023-05-09 19:04:00,635,7.9955,7.995,7.99,8.0,7.99,14
2023-05-09 19:05:00,2234,7.9967,7.995,7.995,8.0,7.995,38
2023-05-09 19:06:00,956,7.9955,7.995,7.995,8.0,7.995,17
2023-05-09 19:07:00,7751,8.0014,8.0,8.01,8.01,8.0,73
2023-05-09 19:08:00,842,8.0048,8.01,8.005,8.01,8.005,17
2023-05-09 19:10:00,785,8.0056,8.005,8.005,8.005,8.005,17
2023-05-09 19:11:00,595,8.0033,8.005,8.005,8.005,8.0,17
2023-05-09 19:12:00,12079,7.9996,8.005,8.0,8.005,7.995,92
2023-05-09 19:13:00,918,7.996,7.995,7.995,7.995,7.995,19
2023-05-09 19:14:00,6204,7.9885,7.995,7.985,7.995,7.98,56
2023-05-09 19:15:00,833,7.9854,7.985,7.98,7.985,7.98,16
2023-05-09 19:16:00,880,7.9845,7.98,7.98,7.985,7.98,16
2023-05-09 19:17:00,839,7.9842,7.985,7.98,7.9885,7.98,14
2023-05-09 19:18:00,3232,7.9893,7.985,7.98,7.985,7.98,28
2023-05-09 19:19:00,1153,7.983,7.98,7.98,7.98,7.98,16
2023-05-09 19:20:00,19027,7.9809,7.98,7.99,8.0,7.975,166
2023-05-09 19:21:00,3355,7.9969,7.995,7.995,8.0,7.995,34
2023-05-09 19:22:00,1968,8.0,8.0,8.005,8.005,8.0,33
2023-05-09 19:23:00,489,8.0045,8.005,8.005,8.005,8.005,5
2023-05-09 19:24:00,2167,8.0046,8.005,8.005,8.01,8.0,25
2023-05-09 19:25:00,12238,8.0005,8.005,8.005,8.005,7.995,99
2023-05-09 19:26:00,316,8.0034,8.0,8.005,8.005,8.0,4
2023-05-09 19:27:00,9084,8.0008,8.005,8.005,8.005,8.0,69
2023-05-09 19:28:00,1712,8.0039,8.0,8.0,8.005,8.0,21
2023-05-09 19:29:00,933,8.0035,8.0,8.0,8.005,8.0,13
2023-05-09 19:30:00,1863,8.0024,8.0,8.005,8.0075,8.0,22
2023-05-09 19:31:00,2203,8.0013,8.005,8.0,8.005,8.0,23
2023-05-09 19:32:00,19605,7.9995,8.0,8.005,8.005,7.99,137
2023-05-09 19:33:00,13485,8.0104,8.005,8.015,8.02,8.005,99
2023-05-09 19:34:00,2860,8.0121,8.015,8.015,8.0175,8.015,26
2023-05-09 19:35:00,440,8.0126,8.015,8.015,8.015,8.015,8
2023-05-09 19:36:00,714,8.0157,8.02,8.015,8.02,8.015,5
2023-05-09 19:37:00,900,8.0122,8.015,8.01,8.015,8.01,14
2023-05-09 19:38:00,7694,8.0091,8.01,8.005,8.01,8.0,56
2023-05-09 19:39:00,12255,7.9936,8.0,7.985,8.0,7.98,100
2023-05-09 19:40:00,14751,7.9825,7.98,7.99,7.99,7.975,140
2023-05-09 19:41:00,3285,7.9884,7.985,7.985,7.99,7.985,31
2023-05-09 19:42:00,1140,7.9851,7.985,7.98,7.9886,7.98,18
2023-05-09 19:43:00,3170,7.9848,7.98,7.985,7.9886,7.98,28
2023-05-09 19:44:00,4585,7.9869,7.985,7.985,7.985,7.98,37
2023-05-09 19:45:00,5912,7.9868,7.99,7.99,7.99,7.9821,71
2023-05-09 19:46:00,9959,7.9885,7.985,7.985,7.99,7.985,103
2023-05-09 19:47:00,5411,7.9873,7.985,7.99,7.99,7.985,59
2023-05-09 19:48:00,31357,7.9854,7.99,7.985,7.99,7.98,211
2023-05-09 19:49:00,13926,7.9825,7.985,7.985,7.985,7.98,117
2023-05-09 19:50:00,25523,7.9716,7.985,7.965,7.985,7.96,174
2023-05-09 19:51:00,11006,7.9643,7.965,7.96,7.97,7.96,111
2023-05-09 19:52:00,10829,7.9577,7.965,7.955,7.965,7.95,117
2023-05-09 19:53:00,19502,7.9449,7.955,7.935,7.955,7.9325,175
2023-05-09 19:54:00,56335,7.9524,7.935,7.975,7.98,7.935,348
2023-05-09 19:55:00,44392,7.9722,7.975,7.97,7.98,7.97,315
2023-05-09 19:56:00,10859,7.9694,7.97,7.97,7.975,7.965,133
2023-05-09 19:57:00,27015,7.9577,7.97,7.955,7.97,7.95,233
2023-05-09 19:58:00,32767,7.9583,7.955,7.96,7.96,7.95,208
2023-05-09 19:59:00,84322,7.9558,7.955,7.955,7.96,7.95,609
2023-05-09 20:00:00,17481,7.96,7.96,7.96,7.96,7.96,10
2023-05-09 20:30:00,100,8.0,8.0,8.0,8.0,8.0,1
2023-05-09 21:40:00,108,8.0,8.0,8.0,8.0,8.0,1
2023-05-09 22:55:00,150,8.1,8.1,8.1,8.1,8.1,1
2023-05-10 12:00:00,133,8.0385,8.01,8.01,8.01,8.01,4
2023-05-10 12:21:00,150,8.01,8.01,8.01,8.01,8.01,2
2023-05-10 12:49:00,100,8.09,8.09,8.09,8.09,8.09,1
2023-05-10 13:25:00,200,8.065,8.07,8.06,8.07,8.06,2
2023-05-10 13:27:00,279,8.0689,8.07,8.07,8.07,8.07,3
2023-05-10 13:30:00,18151,8.05,8.05,8.04,8.07,8.04,32
2023-05-10 13:31:00,1441,8.0776,8.07,8.1,8.1,8.07,27
2023-05-10 13:32:00,2029,8.0699,8.07,8.065,8.07,8.065,25
2023-05-10 13:33:00,3319,8.0784,8.07,8.0808,8.09,8.07,39
2023-05-10 13:34:00,2164,8.074,8.08,8.07,8.08,8.07,26
2023-05-10 13:35:00,6049,8.0638,8.06,8.08,8.08,8.045,81
2023-05-10 13:36:00,3634,8.0707,8.085,8.07,8.085,8.06,46
2023-05-10 13:37:00,1661,8.0812,8.08,8.085,8.085,8.07,54
2023-05-10 13:38:00,3161,8.0896,8.085,8.085,8.09,8.085,38
2023-05-10 13:39:00,3760,8.0889,8.09,8.08,8.095,8.08,42
2023-05-10 13:40:00,2000,8.0592,8.075,8.045,8.075,8.045,27
2023-05-10 13:41:00,3441,8.0484,8.055,8.045,8.06,8.04,40
2023-05-10 13:42:00,1085,8.049,8.05,8.045,8.05,8.045,20
2023-05-10 13:43:00,1675,8.0632,8.05,8.07,8.07,8.05,30
2023-05-10 13:44:00,5885,8.0944,8.085,8.1,8.105,8.08,78
2023-05-10 13:45:00,5283,8.1033,8.11,8.075,8.11,8.075,66
2023-05-10 13:46:00,1565,8.0794,8.08,8.075,8.085,8.075,28
2023-05-10 13:47:00,515,8.0768,8.08,8.075,8.08,8.075,13
2023-05-10 13:48:00,6430,8.0923,8.08,8.1,8.1,8.08,68
2023-05-10 13:49:00,9207,8.0974,8.11,8.1,8.11,8.09,87
2023-05-10 13:50:00,4150,8.0997,8.11,8.0807,8.1111,8.0807,29
2023-05-10 13:51:00,4009,8.0568,8.08,8.05,8.08,8.05,54
2023-05-10 13:52:00,4477,8.0611,8.06,8.07,8.07,8.05,49
2023-05-10 13:53:00,941,8.0694,8.075,8.05,8.0765,8.05,11
2023-05-10 13:54:00,2761,8.0452,8.05,8.035,8.05,8.035,39
2023-05-10 13:55:00,4057,8.0283,8.03,8.02,8.03,8.02,34
2023-05-10 13:56:00,573,8.0313,8.03,8.035,8.035,8.03,13
2023-05-10 13:57:00,1077,8.0393,8.0396,8.0396,8.0396,8.0396,7
2023-05-10 13:58:00,4482,8.0155,8.035,8.02,8.035,8.01,65
2023-05-10 13:59:00,1000,8.0162,8.02,8.01,8.02,8.01,20
2023-05-10 14:00:00,10153,8.0068,8.01,8.02,8.02,8.0,105
2023-05-10 14:01:00,2339,8.0346,8.03,8.03,8.04,8.03,42
2023-05-10 14:02:00,1803,8.0249,8.03,8.0178,8.03,8.015,23
2023-05-10 14:03:00,1500,8.0104,8.015,8.01,8.015,8.01,34
2023-05-10 14:04:00,1773,8.026,8.015,8.035,8.035,8.015,25
2023-05-10 14:05:00,10419,8.0389,8.04,8.03,8.045,8.03,95
2023-05-10 14:06:00,6231,8.0294,8.035,8.03,8.04,8.02,73
2023-05-10 14:07:00,2209,8.0265,8.03,8.02,8.035,8.02,39
2023-05-10 14:08:00,6213,7.9981,8.01,7.985,8.01,7.985,48
2023-05-10 14:09:00,4874,7.9895,7.99,7.985,7.995,7.98,80
2023-05-10 14:10:00,4743,7.9935,7.98,7.995,8.005,7.98,64
2023-05-10 14:11:00,4849,7.983,7.99,7.98,7.99,7.98,65
2023-05-10 14:12:00,1896,7.9878,7.98,7.99,7.99,7.98,32
2023-05-10 14:13:00,3732,7.9844,7.99,7.99,7.99,7.98,46
2023-05-10 14:14:00,7643,8.0085,8.0,8.005,8.02,7.9995,85
2023-05-10 14:15:00,2305,8.0129,8.01,8.015,8.02,8.01,21
2023-05-10 14:16:00,2065,8.0123,8.02,8.0046,8.02,8.0046,27
2023-05-10 14:17:00,2635,8.0016,8.005,8.005,8.005,8.0,32
2023-05-10 14:18:00,1743,7.9843,8.0,7.97,8.0,7.97,32
2023-05-10 14:19:00,10962,7.9784,7.97,7.99,7.99,7.97,91
2023-05-10 14:20:00,1672,7.9903,7.99,7.99,7.995,7.99,10
2023-05-10 14:21:00,8766,8.016,8.0,8.02,8.02,8.0,73
2023-05-10 14:22:00,2106,8.0052,8.01,8.01,8.01,8.01,17
2023-05-10 14:23:00,2002,7.9998,8.0,7.9957,8.0,7.9957,20
2023-05-10 14:24:00,8881,8.0027,8.0,7.99,8.01,7.99,56
2023-05-10 14:25:00,889,7.9901,7.985,7.99,7.99,7.985,15
2023-05-10 14:26:00,3066,8.001,8.0,8.005,8.005,8.0,29
2023-05-10 14:27:00,6926,8.0089,8.01,8.0,8.01,8.0,77
2023-05-10 14:28:00,9151,8.0101,8.01,8.01,8.015,8.0,84
2023-05-10 14:29:00,2002,8.0035,8.015,8.0,8.015,7.99,30
2023-05-10 14:30:00,14350,8.0122,7.995,8.02,8.02,7.995,130
2023-05-10 14:31:00,301,8.0217,8.02,8.02,8.025,8.02,4
2023-05-10 14:32:00,2875,8.0192,8.02,8.015,8.02,8.01,16
2023-05-10 14:33:00,2639,8.0184,8.015,8.02,8.02,8.015,30
2023-05-10 14:34:00,5147,8.0308,8.0299,8.035,8.035,8.0299,32
2023-05-10 14:35:00,1447,8.0303,8.035,8.025,8.035,8.025,16
2023-05-10 14:36:00,1293,8.02,8.02,8.015,8.025,8.015,15
2023-05-10 14:37:00,4268,8.0135,8.015,8.025,8.025,8.005,54
2023-05-10 14:38:00,3098,8.0181,8.02,8.02,8.02,8.015,30
2023-05-10 14:39:00,1692,8.0067,8.01,8.0,8.01,8.0,24
2023-05-10 14:40:00,4678,8.0073,8.0,8.02,8.02,8.0,49
2023-05-10 14:41:00,2268,8.0202,8.025,8.015,8.025,8.015,35
2023-05-10 14:42:00,988,8.0104,8.015,8.01,8.015,8.01,16
2023-05-10 14:44:00,975,8.0043,8.01,7.995,8.01,7.995,13
2023-05-10 14:45:00,4643,7.985,7.995,7.98,7.995,7.98,72
2023-05-10 14:46:00,4359,7.9943,7.98,7.99,8.0,7.98,45
2023-05-10 14:47:00,3467,8.0001,7.99,7.9973,8.005,7.99,51
2023-05-10 14:48:00,826,7.9888,7.99,7.98,7.99,7.98,17
2023-05-10 14:49:00,590,7.9833,7.985,7.98,7.985,7.98,12
2023-05-10 14:50:00,23620,7.9805,7.98,7.98,7.9879,7.98,168
2023-05-10 14:51:00,851,7.983,7.985,7.985,7.985,7.98,11
2023-05-10 14:52:00,3039,7.987,7.98,7.995,7.995,7.98,39
2023-05-10 14:53:00,132,7.9912,7.99,7.99,7.99,7.99,5
2023-05-10 14:54:00,4883,7.9916,7.99,7.995,7.995,7.99,63
2023-05-10 14:55:00,1025,7.9946,7.995,7.9999,7.9999,7.99,13
2023-05-10 14:56:00,9496,7.9835,7.995,7.98,7.995,7.98,79
2023-05-10 14:57:00,36998,7.9814,7.98,7.985,7.99,7.975,306
2023-05-10 14:58:00,12936,7.9801,7.98,7.98,7.985,7.98,107
2023-05-10 14:59:00,748,7.9855,7.985,7.985,7.985,7.985,20
2023-05-10 15:00:00,7482,7.994,7.98,8.01,8.01,7.98,74
2023-05-10 15:01:00,2198,8.0122,8.01,8.03,8.03,8.01,41
2023-05-10 15:02:00,3389,8.0348,8.03,8.04,8.04,8.03,39
2023-05-10 15:03:00,7686,8.0507,8.05,8.045,8.055,8.045,78
2023-05-10 15:04:00,4506,8.0412,8.05,8.045,8.05,8.0408,6
2023-05-10 15:05:00,2426,8.0503,8.05,8.055,8.055,8.05,26
2023-05-10 15:06:00,7686,8.0417,8.06,8.025,8.06,8.025,67
2023-05-10 15:07:00,4207,8.0335,8.025,8.045,8.045,8.02,49
2023-05-10 15:08:00,13327,8.0317,8.05,8.025,8.05,8.02,135
2023-05-10 15:09:00,901,8.0151,8.01,8.01,8.015,8.01,10
2023-05-10 15:10:00,6168,8.0242,8.015,8.035,8.035,8.015,60
2023-05-10 15:11:00,501,8.035,8.035,8.035,8.035,8.035,3
2023-05-10 15:12:00,1282,8.0316,8.035,8.025,8.0375,8.025,15
2023-05-10 15:13:00,2432,8.0294,8.02,8.04,8.04,8.02,34
2023-05-10 15:14:00,3690,8.0407,8.04,8.04,8.05,8.04,41
2023-05-10 15:15:00,3355,8.0386,8.04,8.045,8.045,8.04,32
2023-05-10 15:16:00,1842,8.0507,8.05,8.055,8.055,8.05,22
2023-05-10 15:17:00,226,8.055,8.055,8.055,8.055,8.055,4
2023-05-10 15:18:00,180,8.0598,8.06,8.06,8.06,8.06,6
2023-05-10 15:19:00,3139,8.0513,8.06,8.05,8.06,8.05,39
2023-05-10 15:20:00,501,8.045,8.045,8.045,8.045,8.045,6
2023-05-10 15:21:00,3426,8.0508,8.0479,8.055,8.055,8.0479,39
2023-05-10 15:22:00,650,8.0541,8.055,8.055,8.055,8.05,10
2023-05-10 15:23:00,15842,8.0527,8.06,8.05,8.06,8.045,154
2023-05-10 15:24:00,4702,8.0502,8.045,8.055,8.055,8.0422,36
2023-05-10 15:25:00,4811,8.0589,8.0516,8.065,8.07,8.0516,43
2023-05-10 15:26:00,577,8.0625,8.065,8.065,8.065,8.065,6
2023-05-10 15:27:00,3150,8.069,8.065,8.075,8.075,8.065,42
2023-05-10 15:28:00,2040,8.0815,8.08,8.085,8.085,8.08,26
2023-05-10 15:29:00,7076,8.0799,8.08,8.075,8.085,8.075,60
2023-05-10 15:30:00,408,8.0745,8.075,8.075,8.075,8.075,6
2023-05-10 15:31:00,3390,8.0791,8.075,8.085,8.085,8.075,32
2023-05-10 15:32:00,3068,8.0907,8.09,8.095,8.095,8.09,33
2023-05-10 15:33:00,1294,8.1019,8.1,8.105,8.105,8.1,27
2023-05-10 15:34:00,4611,8.0973,8.1,8.09,8.105,8.09,38
2023-05-10 15:35:00,3359,8.0899,8.09,8.085,8.09,8.085,33
2023-05-10 15:36:00,1799,8.0736,8.085,8.06,8.085,8.06,38
2023-05-10 15:37:00,1286,8.0792,8.065,8.065,8.065,8.065,21
2023-05-10 15:38:00,4906,8.0598,8.065,8.06,8.065,8.055,71
2023-05-10 15:39:00,501,8.0686,8.065,8.06,8.065,8.06,6
2023-05-10 15:40:00,547,8.0649,8.065,8.065,8.065,8.065,8
2023-05-10 15:41:00,678,8.0627,8.0611,8.0611,8.0611,8.0611,11
2023-05-10 15:42:00,441,8.0602,8.06,8.06,8.06,8.06,13
2023-05-10 15:43:00,705,8.0672,8.07,8.07,8.07,8.065,22
2023-05-10 15:44:00,4367,8.06,8.065,8.055,8.065,8.055,60
2023-05-10 15:45:00,3937,8.0597,8.055,8.065,8.065,8.055,59
2023-05-10 15:46:00,3234,8.0713,8.065,8.08,8.08,8.065,37
2023-05-10 15:47:00,4750,8.0879,8.08,8.09,8.09,8.08,43
2023-05-10 15:48:00,500,8.086,8.09,8.085,8.09,8.085,2
2023-05-10 15:49:00,5257,8.0806,8.085,8.085,8.09,8.075,71
2023-05-10 15:50:00,200,8.085,8.085,8.085,8.085,8.085,2
2023-05-10 15:51:00,2434,8.0797,8.09,8.085,8.09,8.08,23
2023-05-10 15:53:00,16653,8.0675,8.08,8.05,8.08,8.05,159
2023-05-10 15:54:00,1202,8.0546,8.055,8.055,8.055,8.05,7
2023-05-10 15:55:00,1516,8.0552,8.055,8.05,8.055,8.05,12
2023-05-10 15:56:00,750,8.0521,8.055,8.0585,8.0585,8.05,18
2023-05-10 15:57:00,13689,8.0462,8.05,8.065,8.065,8.035,123
2023-05-10 15:58:00,8832,8.0573,8.065,8.04,8.07,8.04,75
2023-05-10 15:59:00,1351,8.0402,8.04,8.04,8.04,8.04,21
2023-05-10 16:00:00,14241,8.0235,8.04,8.01,8.04,8.01,101
2023-05-10 16:01:00,2259,8.0067,8.01,8.0,8.015,8.0,35
2023-05-10 16:02:00,600,8.0017,8.005,8.0,8.005,8.0,7
2023-05-10 16:03:00,1308,8.0247,8.005,8.01,8.01,8.0,14
2023-05-10 16:04:00,5294,7.9999,7.995,8.0,8.0,7.995,58
2023-05-10 16:05:00,2154,7.9935,8.0,7.99,8.0,7.99,25
2023-05-10 16:06:00,2221,7.9902,7.99,7.99,7.99,7.9873,32
2023-05-10 16:07:00,535,7.9935,7.99,7.995,7.995,7.99,9
2023-05-10 16:08:00,2453,7.9995,7.99,8.005,8.005,7.99,30
2023-05-10 16:09:00,661,7.9999,8.0,8.005,8.005,8.0,8
2023-05-10 16:10:00,851,8.0019,8.005,8.0,8.005,8.0,12
2023-05-10 16:11:00,2908,8.0109,8.005,8.015,8.015,8.005,37
2023-05-10 16:12:00,8372,8.0212,8.015,8.025,8.03,8.01,83
2023-05-10 16:13:00,4009,8.0328,8.03,8.04,8.04,8.03,63
2023-05-10 16:14:00,2030,8.04,8.04,8.04,8.04,8.04,24
2023-05-10 16:15:00,1933,8.0287,8.03,8.025,8.03,8.02,16
2023-05-10 16:16:00,726,8.0247,8.025,8.025,8.0279,8.025,17
2023-05-10 16:17:00,2163,8.0275,8.03,8.025,8.03,8.025,29
2023-05-10 16:18:00,10428,8.0372,8.025,8.03,8.04,8.025,118
2023-05-10 16:19:00,4263,8.0401,8.035,8.045,8.045,8.035,56
2023-05-10 16:20:00,3620,8.0382,8.045,8.03,8.045,8.03,32
2023-05-10 16:21:00,2285,8.0267,8.03,8.02,8.03,8.02,32
2023-05-10 16:22:00,434,8.0276,8.03,8.02,8.03,8.02,10
2023-05-10 16:23:00,1187,8.0253,8.025,8.025,8.025,8.025,27
2023-05-10 16:24:00,2694,8.0297,8.03,8.03,8.035,8.02,45
2023-05-10 16:25:00,1125,8.0327,8.035,8.035,8.035,8.03,11
2023-05-10 16:26:00,3146,8.0401,8.035,8.04,8.045,8.035,41
2023-05-10 16:27:00,2040,8.05,8.05,8.055,8.055,8.05,31
2023-05-10 16:28:00,2344,8.0617,8.06,8.065,8.065,8.06,22
2023-05-10 16:29:00,2115,8.069,8.07,8.065,8.07,8.065,30
2023-05-10 16:30:00,1938,8.0662,8.065,8.0689,8.07,8.065,27
2023-05-10 16:31:00,9013,8.0551,8.065,8.05,8.066,8.05,80
2023-05-10 16:32:00,957,8.0539,8.05,8.05,8.055,8.05,12
2023-05-10 16:33:00,3740,8.0588,8.05,8.06,8.06,8.05,48
2023-05-10 16:34:00,1161,8.0582,8.06,8.05,8.06,8.05,13
2023-05-10 16:35:00,701,8.0546,8.05,8.055,8.055,8.05,8
2023-05-10 16:36:00,4887,8.0485,8.05,8.045,8.05,8.04,40
2023-05-10 16:37:00,5061,8.0529,8.045,8.06,8.065,8.045,54
2023-05-10 16:38:00,7759,8.0671,8.07,8.06,8.07,8.06,67
2023-05-10 16:39:00,1869,8.0634,8.06,8.06,8.07,8.06,27
2023-05-10 16:40:00,763,8.0642,8.065,8.065,8.065,8.065,8
2023-05-10 16:41:00,1537,8.0647,8.065,8.07,8.07,8.06,7
2023-05-10 16:42:00,2793,8.0599,8.06,8.05,8.06,8.05,38
2023-05-10 16:43:00,2016,8.054,8.05,8.05,8.055,8.05,38
2023-05-10 16:45:00,304,8.0598,8.0599,8.0599,8.0599,8.0599,4
2023-05-10 16:46:00,1032,8.0542,8.0578,8.055,8.0578,8.05,19
2023-05-10 16:47:00,4236,8.0597,8.06,8.055,8.06,8.055,46
2023-05-10 16:48:00,7192,8.0518,8.05,8.06,8.06,8.05,80
2023-05-10 16:49:00,2513,8.0669,8.06,8.0652,8.07,8.06,13
2023-05-10 16:50:00,7055,8.0867,8.07,8.105,8.105,8.07,62
2023-05-10 16:51:00,3463,8.1003,8.1,8.1,8.1,8.1,32
2023-05-10 16:52:00,1144,8.094,8.0966,8.095,8.1,8.09,9
2023-05-10 16:53:00,3574,8.0881,8.09,8.085,8.09,8.08,39
2023-05-10 16:54:00,693,8.0812,8.085,8.08,8.085,8.08,8
2023-05-10 16:55:00,8599,8.0723,8.085,8.06,8.085,8.06,79
2023-05-10 16:56:00,678,8.0624,8.06,8.065,8.065,8.06,10
2023-05-10 16:57:00,2227,8.0695,8.06,8.065,8.0687,8.06,20
2023-05-10 16:58:00,1511,8.0588,8.06,8.05,8.06,8.05,22
2023-05-10 16:59:00,5393,8.0493,8.05,8.055,8.055,8.04,67
2023-05-10 17:00:00,2707,8.0599,8.055,8.065,8.07,8.055,35
2023-05-10 17:01:00,2500,8.0688,8.065,8.06,8.07,8.06,27
2023-05-10 17:02:00,311,8.0642,8.06,8.0675,8.0675,8.06,5
2023-05-10 17:03:00,750,8.0641,8.06,8.065,8.065,8.06,12
2023-05-10 17:04:00,1997,8.0693,8.065,8.075,8.075,8.065,34
2023-05-10 17:05:00,2885,8.0801,8.075,8.08,8.09,8.075,35
2023-05-10 17:06:00,1390,8.0834,8.085,8.085,8.09,8.08,9
2023-05-10 17:07:00,2611,8.0892,8.085,8.095,8.095,8.085,32
2023-05-10 17:08:00,2470,8.0912,8.095,8.095,8.095,8.09,12
2023-05-10 17:09:00,302,8.0929,8.095,8.095,8.095,8.095,5
2023-05-10 17:10:00,3338,8.0974,8.0984,8.095,8.1,8.095,44
2023-05-10 17:11:00,6917,8.0859,8.0901,8.075,8.095,8.07,53
2023-05-10 17:12:00,592,8.075,8.075,8.075,8.075,8.075,8
2023-05-10 17:13:00,674,8.075,8.075,8.075,8.08,8.075,14
2023-05-10 17:14:00,40417,8.0745,8.07,8.07,8.075,8.065,51
2023-05-10 17:15:00,10743,8.0829,8.07,8.09,8.095,8.07,106
2023-05-10 17:16:00,10193,8.0752,8.085,8.065,8.085,8.06,75
2023-05-10 17:17:00,244,8.0659,8.065,8.065,8.065,8.065,2
2023-05-10 17:18:00,4162,8.0536,8.065,8.04,8.065,8.04,33
2023-05-10 17:19:00,1703,8.0335,8.04,8.03,8.04,8.03,22
2023-05-10 17:20:00,525,8.0245,8.025,8.02,8.025,8.02,9
2023-05-10 17:21:00,1493,8.0203,8.025,8.02,8.025,8.02,18
2023-05-10 17:22:00,3225,8.0213,8.015,8.03,8.03,8.015,31
2023-05-10 17:23:00,1650,8.0319,8.03,8.035,8.04,8.03,24
2023-05-10 17:24:00,1946,8.0334,8.035,8.035,8.04,8.03,18
2023-05-10 17:25:00,7867,8.0253,8.035,8.015,8.035,8.01,82
2023-05-10 17:26:00,1828,8.0156,8.015,8.01,8.0197,8.01,8
2023-05-10 17:27:00,821,8.013,8.0109,8.015,8.015,8.0109,8
2023-05-10 17:29:00,287,8.0114,8.01,8.01,8.01,8.01,11
2023-05-10 17:30:00,7666,8.0096,8.015,8.01,8.015,8.0,80
2023-05-10 17:31:00,6337,8.0262,8.02,8.03,8.035,8.02,62
2023-05-10 17:32:00,1902,8.0282,8.03,8.03,8.03,8.025,8
2023-05-10 17:33:00,1157,8.0212,8.025,8.0272,8.0272,8.025,7
2023-05-10 17:34:00,1846,8.0303,8.03,8.035,8.035,8.03,20
2023-05-10 17:35:00,4036,8.0312,8.035,8.035,8.035,8.031,7
2023-05-10 17:36:00,933,8.0321,8.04,8.035,8.04,8.035,12
2023-05-10 17:37:00,6426,8.0304,8.03,8.03,8.035,8.03,55
2023-05-10 17:38:00,3871,8.03,8.03,8.03,8.03,8.03,42
2023-05-10 17:39:00,1759,8.0255,8.025,8.025,8.03,8.02,20
2023-05-10 17:40:00,840,8.025,8.025,8.025,8.025,8.025,22
2023-05-10 17:41:00,3292,8.0306,8.03,8.03,8.035,8.03,41
2023-05-10 17:42:00,1672,8.0297,8.03,8.025,8.03,8.025,20
2023-05-10 17:43:00,1275,8.0308,8.03,8.035,8.035,8.03,18
2023-05-10 17:45:00,901,8.0392,8.0392,8.0392,8.0392,8.0392,2
2023-05-10 17:46:00,5642,8.04,8.04,8.04,8.04,8.04,63
2023-05-10 17:47:00,3203,8.0377,8.035,8.045,8.045,8.035,38
2023-05-10 17:48:00,1851,8.0503,8.05,8.055,8.055,8.05,24
2023-05-10 17:49:00,1240,8.056,8.06,8.055,8.06,8.05,11
2023-05-10 17:50:00,579,8.0564,8.055,8.06,8.06,8.055,10
2023-05-10 17:51:00,7097,8.0484,8.055,8.04,8.055,8.04,85
2023-05-10 17:52:00,512,8.0366,8.03,8.035,8.035,8.03,6
2023-05-10 17:53:00,612,8.039,8.035,8.04,8.04,8.035,8
2023-05-10 17:54:00,1215,8.0337,8.035,8.035,8.035,8.03,9
2023-05-10 17:55:00,128,8.03,8.03,8.03,8.03,8.03,1
2023-05-10 17:56:00,4208,8.0328,8.035,8.035,8.035,8.03,24
2023-05-10 17:57:00,3445,8.0399,8.04,8.04,8.04,8.04,43
2023-05-10 17:58:00,1122,8.044,8.045,8.045,8.045,8.045,9
2023-05-10 17:59:00,220,8.0472,8.05,8.05,8.05,8.05,12
2023-05-10 18:00:00,2898,8.0533,8.05,8.055,8.06,8.05,28
2023-05-10 18:01:00,4668,8.0584,8.055,8.06,8.06,8.055,61
2023-05-10 18:02:00,2565,8.058,8.055,8.055,8.06,8.055,26
2023-05-10 18:03:00,175,8.055,8.055,8.055,8.055,8.055,3
2023-05-10 18:04:00,6240,8.0506,8.05,8.055,8.055,8.05,62
2023-05-10 18:05:00,1034,8.0539,8.055,8.05,8.055,8.05,13
2023-05-10 18:06:00,2139,8.0511,8.055,8.05,8.055,8.05,22
2023-05-10 18:07:00,9213,8.0504,8.05,8.05,8.055,8.05,75
2023-05-10 18:08:00,3076,8.0507,8.05,8.055,8.055,8.05,31
2023-05-10 18:09:00,954,8.0555,8.055,8.055,8.06,8.055,8
2023-05-10 18:10:00,2939,8.0587,8.055,8.06,8.06,8.055,42
2023-05-10 18:11:00,2828,8.0589,8.055,8.06,8.06,8.055,28
2023-05-10 18:12:00,504,8.0568,8.055,8.06,8.06,8.055,5
2023-05-10 18:13:00,1751,8.0575,8.055,8.055,8.06,8.055,17
2023-05-10 18:14:00,641,8.052,8.055,8.051,8.055,8.051,6
2023-05-10 18:15:00,553,8.0553,8.055,8.055,8.055,8.055,13
2023-05-10 18:16:00,1360,8.0574,8.055,8.055,8.06,8.055,26
2023-05-10 18:17:00,1030,8.0561,8.055,8.055,8.055,8.055,19
2023-05-10 18:18:00,9720,8.0506,8.05,8.055,8.055,8.045,89
2023-05-10 18:20:00,7006,8.0497,8.055,8.045,8.055,8.045,56
2023-05-10 18:21:00,550,8.045,8.045,8.045,8.045,8.045,11
2023-05-10 18:22:00,978,8.0462,8.045,8.05,8.05,8.045,13
2023-05-10 18:23:00,2171,8.0427,8.045,8.045,8.045,8.04,27
2023-05-10 18:24:00,413,8.0432,8.045,8.04,8.045,8.04,11
2023-05-10 18:25:00,11292,8.0502,8.045,8.055,8.055,8.045,117
2023-05-10 18:26:00,3109,8.0556,8.055,8.06,8.06,8.05,28
2023-05-10 18:27:00,113,8.0505,8.05,8.05,8.05,8.05,4
2023-05-10 18:28:00,4261,8.0582,8.055,8.06,8.065,8.055,64
2023-05-10 18:29:00,12371,8.0566,8.0602,8.045,8.0602,8.045,80
2023-05-10 18:30:00,302,8.0481,8.045,8.045,8.045,8.045,5
2023-05-10 18:31:00,487,8.045,8.045,8.045,8.045,8.045,8
2023-05-10 18:32:00,735,8.045,8.045,8.045,8.045,8.045,9
2023-05-10 18:33:00,1048,8.0455,8.045,8.05,8.05,8.045,12
2023-05-10 18:34:00,7792,8.0524,8.05,8.065,8.065,8.045,79
2023-05-10 18:35:00,13690,8.0593,8.065,8.05,8.065,8.05,106
2023-05-10 18:36:00,853,8.0559,8.06,8.055,8.06,8.055,9
2023-05-10 18:37:00,410,8.0537,8.05,8.055,8.055,8.05,4
2023-05-10 18:38:00,222,8.0509,8.0507,8.0507,8.0507,8.0507,6
2023-05-10 18:39:00,7904,8.0606,8.06,8.07,8.07,8.055,83
2023-05-10 18:40:00,732,8.0719,8.075,8.08,8.08,8.075,9
2023-05-10 18:41:00,1684,8.0804,8.08,8.08,8.08,8.08,17
2023-05-10 18:42:00,10825,8.0893,8.09,8.085,8.09,8.085,91
2023-05-10 18:43:00,3007,8.092,8.09,8.095,8.1,8.085,21
2023-05-10 18:44:00,7133,8.0892,8.095,8.09,8.095,8.08,44
2023-05-10 18:45:00,1348,8.086,8.085,8.085,8.09,8.085,10
2023-05-10 18:46:00,6562,8.0785,8.08,8.075,8.08,8.075,49
2023-05-10 18:47:00,1681,8.0742,8.07,8.075,8.075,8.07,16
2023-05-10 18:49:00,1261,8.0744,8.075,8.075,8.075,8.075,10
2023-05-10 18:50:00,1649,8.0822,8.075,8.075,8.08,8.075,15
2023-05-10 18:51:00,1182,8.0759,8.075,8.075,8.075,8.075,11
2023-05-10 18:52:00,1814,8.0746,8.075,8.075,8.075,8.075,16
2023-05-10 18:53:00,904,8.0745,8.075,8.075,8.075,8.075,10
2023-05-10 18:54:00,1717,8.0741,8.075,8.075,8.075,8.075,23
2023-05-10 18:55:00,6593,8.079,8.075,8.085,8.085,8.075,71
2023-05-10 18:56:00,779,8.084,8.085,8.085,8.085,8.085,7
2023-05-10 18:57:00,1701,8.0852,8.085,8.085,8.085,8.085,15
2023-05-10 18:58:00,11183,8.0799,8.085,8.075,8.085,8.075,98
2023-05-10 18:59:00,12122,8.0688,8.07,8.07,8.07,8.06,119
2023-05-10 19:00:00,1810,8.0659,8.065,8.065,8.0699,8.065,14
2023-05-10 19:01:00,880,8.0691,8.065,8.065,8.07,8.065,10
2023-05-10 19:02:00,8220,8.0758,8.065,8.085,8.085,8.065,73
2023-05-10 19:03:00,7066,8.0898,8.085,8.09,8.1,8.085,54
2023-05-10 19:04:00,4792,8.0981,8.095,8.105,8.105,8.095,33
2023-05-10 19:05:00,11869,8.1045,8.105,8.105,8.11,8.095,92
2023-05-10 19:06:00,4829,8.1106,8.105,8.115,8.12,8.1,46
2023-05-10 19:07:00,1579,8.1154,8.115,8.115,8.115,8.115,14
2023-05-10 19:08:00,4518,8.1209,8.12,8.12,8.13,8.12,51
2023-05-10 19:09:00,4139,8.1097,8.11,8.11,8.11,8.105,37
2023-05-10 19:10:00,1790,8.1104,8.11,8.115,8.115,8.11,27
2023-05-10 19:11:00,1606,8.103,8.1187,8.1187,8.1187,8.1187,9
2023-05-10 19:12:00,3250,8.1237,8.115,8.13,8.13,8.115,47
2023-05-10 19:13:00,1549,8.1335,8.135,8.135,8.135,8.135,21
2023-05-10 19:14:00,25789,8.1127,8.135,8.105,8.135,8.1,234
2023-05-10 19:15:00,3630,8.107,8.105,8.105,8.11,8.1,49
2023-05-10 19:16:00,1867,8.1104,8.11,8.115,8.115,8.105,15
2023-05-10 19:17:00,410,8.115,8.115,8.115,8.115,8.115,5
2023-05-10 19:18:00,2940,8.1203,8.115,8.125,8.125,8.115,48
2023-05-10 19:19:00,5157,8.126,8.125,8.125,8.13,8.12,42
2023-05-10 19:20:00,9532,8.1289,8.13,8.12,8.14,8.11,117
2023-05-10 19:21:00,2501,8.1166,8.12,8.115,8.12,8.115,14
2023-05-10 19:22:00,3966,8.1224,8.12,8.125,8.125,8.12,37
2023-05-10 19:23:00,846,8.1244,8.12,8.125,8.125,8.12,16
2023-05-10 19:24:00,803,8.1252,8.125,8.125,8.125,8.125,12
2023-05-10 19:25:00,3349,8.1309,8.13,8.135,8.135,8.13,43
2023-05-10 19:26:00,7073,8.14,8.135,8.145,8.1475,8.135,55
2023-05-10 19:27:00,5560,8.1409,8.145,8.1379,8.145,8.135,50
2023-05-10 19:28:00,736,8.135,8.135,8.135,8.135,8.135,11
2023-05-10 19:29:00,8399,8.1309,8.1391,8.135,8.1391,8.125,80
2023-05-10 19:30:00,5080,8.138,8.135,8.135,8.14,8.1325,45
2023-05-10 19:31:00,4515,8.1368,8.14,8.14,8.14,8.135,26
2023-05-10 19:32:00,6676,8.1419,8.14,8.15,8.15,8.135,60
2023-05-10 19:33:00,2951,8.1471,8.145,8.145,8.15,8.145,45
2023-05-10 19:34:00,9545,8.1511,8.145,8.155,8.155,8.145,97
2023-05-10 19:35:00,29729,8.1458,8.16,8.13,8.16,8.12,210
2023-05-10 19:36:00,22128,8.1128,8.125,8.1,8.125,8.1,99
2023-05-10 19:37:00,1978,8.1037,8.11,8.1,8.11,8.1,26
2023-05-10 19:38:00,5620,8.0977,8.1,8.095,8.1,8.09,53
2023-05-10 19:39:00,14959,8.0997,8.095,8.1,8.11,8.09,161
2023-05-10 19:40:00,4915,8.1029,8.1,8.105,8.11,8.1,61
2023-05-10 19:41:00,2616,8.1108,8.105,8.11,8.11,8.105,39
2023-05-10 19:42:00,19590,8.099,8.11,8.095,8.11,8.09,198
2023-05-10 19:43:00,2750,8.0952,8.095,8.095,8.095,8.095,30
2023-05-10 19:44:00,3390,8.0944,8.09,8.095,8.095,8.09,48
2023-05-10 19:45:00,2072,8.0955,8.095,8.095,8.1,8.095,38
2023-05-10 19:46:00,22239,8.0778,8.095,8.075,8.095,8.065,171
2023-05-10 19:47:00,17912,8.081,8.0725,8.085,8.09,8.0725,157
2023-05-10 19:48:00,12233,8.0882,8.085,8.085,8.09,8.08,108
2023-05-10 19:49:00,3252,8.086,8.085,8.09,8.09,8.08,45
2023-05-10 19:50:00,10253,8.0863,8.08,8.085,8.09,8.08,96
2023-05-10 19:51:00,22021,8.0825,8.085,8.095,8.095,8.075,173
2023-05-10 19:52:00,6508,8.0885,8.095,8.095,8.1,8.095,51
2023-05-10 19:53:00,22930,8.0904,8.1,8.09,8.1,8.085,128
2023-05-10 19:54:00,28423,8.0789,8.09,8.075,8.09,8.065,257
2023-05-10 19:55:00,16345,8.0849,8.08,8.095,8.095,8.075,137
2023-05-10 19:56:00,58551,8.0796,8.095,8.065,8.095,8.06,379
2023-05-10 19:57:00,64984,8.0513,8.065,8.045,8.065,8.04,352
2023-05-10 19:58:00,49187,8.05,8.045,8.05,8.06,8.045,289
2023-05-10 19:59:00,63868,8.0511,8.05,8.04,8.06,8.04,442
2023-05-10 20:00:00,14522,8.05,8.05,8.05,8.05,8.05,18
2023-05-11 11:18:00,300,8.1,8.1,8.1,8.1,8.1,1
2023-05-11 11:56:00,200,8.15,8.15,8.15,8.15,8.15,2
2023-05-11 12:13:00,748,8.158,8.15,8.15,8.15,8.15,5
2023-05-11 12:28:00,100,8.14,8.14,8.14,8.14,8.14,1
2023-05-11 12:30:00,1000,8.14,8.14,8.14,8.14,8.14,1
2023-05-11 13:06:00,200,8.14,8.14,8.14,8.14,8.14,1
2023-05-11 13:29:00,583,8.13,8.13,8.13,8.13,8.13,1
2023-05-11 13:30:00,12193,8.1094,8.11,8.08,8.11,8.08,21
2023-05-11 13:31:00,24635,8.0544,8.09,8.07,8.095,8.02,124
2023-05-11 13:32:00,2764,8.0794,8.07,8.08,8.09,8.07,55
2023-05-11 13:33:00,2131,8.0923,8.08,8.095,8.1,8.08,40
2023-05-11 13:34:00,2640,8.0745,8.09,8.07,8.09,8.06,39
2023-05-11 13:35:00,1375,8.0876,8.08,8.091,8.1,8.08,29
2023-05-11 13:36:00,6729,8.0907,8.09,8.095,8.1,8.09,47
2023-05-11 13:37:00,1101,8.0981,8.1,8.0975,8.1,8.095,25
2023-05-11 13:38:00,2400,8.0754,8.09,8.08,8.09,8.06,40
2023-05-11 13:39:00,369,8.0707,8.07,8.07,8.07,8.07,9
2023-05-11 13:40:00,2193,8.0651,8.07,8.06,8.07,8.06,30
2023-05-11 13:41:00,3411,8.0711,8.07,8.08,8.08,8.065,65
2023-05-11 13:42:00,1383,8.0701,8.075,8.07,8.075,8.065,28
2023-05-11 13:43:00,814,8.0684,8.07,8.065,8.07,8.065,25
2023-05-11 13:44:00,17728,8.0479,8.06,8.06,8.06,8.03,207
2023-05-11 13:45:00,647,8.0661,8.065,8.068,8.068,8.065,18
2023-05-11 13:46:00,9999,8.0533,8.06,8.06,8.06,8.035,121
2023-05-11 13:47:00,6166,8.0508,8.055,8.04,8.06,8.04,80
2023-05-11 13:48:00,5135,8.02,8.03,8.01,8.04,8.005,66
2023-05-11 13:49:00,8526,7.9935,8.0,7.99,8.01,7.985,103
2023-05-11 13:50:00,2600,7.9828,7.98,7.99,7.99,7.98,47
2023-05-11 13:51:00,14923,8.0173,7.985,8.04,8.04,7.985,165
2023-05-11 13:52:00,13083,8.0078,8.02,7.995,8.03,7.995,172
2023-05-11 13:53:00,2387,8.0061,8.0,8.02,8.02,8.0,34
2023-05-11 13:54:00,5800,8.0275,8.03,8.02,8.035,8.02,86
2023-05-11 13:55:00,5132,8.0228,8.015,8.03,8.03,8.015,48
2023-05-11 13:56:00,2455,8.0281,8.025,8.03,8.03,8.0202,36
2023-05-11 13:57:00,4458,8.0254,8.035,7.995,8.05,7.995,84
2023-05-11 13:58:00,2086,8.0018,8.0,7.9975,8.01,7.9975,43
2023-05-11 13:59:00,4340,8.0018,8.005,8.01,8.01,7.995,62
2023-05-11 14:00:00,4734,8.0104,8.01,8.015,8.02,8.005,71
2023-05-11 14:01:00,4732,8.0294,8.02,8.03,8.04,8.02,67
2023-05-11 14:02:00,3042,8.0264,8.03,8.03,8.04,8.02,45
2023-05-11 14:03:00,3325,8.0038,8.01,8.0,8.02,7.995,53
2023-05-11 14:04:00,8972,7.9979,7.9985,7.98,8.01,7.98,105
2023-05-11 14:05:00,4167,7.9807,7.98,7.98,7.99,7.98,62
2023-05-11 14:06:00,5198,7.9754,7.985,7.97,7.99,7.97,66
2023-05-11 14:07:00,4647,7.9823,7.975,7.985,7.985,7.97,51
2023-05-11 14:08:00,4410,7.9789,7.985,7.975,7.99,7.97,56
2023-05-11 14:09:00,3800,7.9846,7.9761,8.0,8.0,7.9761,65
2023-05-11 14:10:00,1466,7.9972,7.995,8.0,8.0,7.995,25
2023-05-11 14:11:00,3902,7.9866,7.99,7.961,8.0,7.961,63
2023-05-11 14:12:00,3072,7.9607,7.96,7.965,7.97,7.955,51
2023-05-11 14:13:00,3737,7.9809,7.97,7.99,7.99,7.97,68
2023-05-11 14:14:00,4428,7.9933,7.995,7.99,8.0,7.985,65
2023-05-11 14:15:00,1282,7.9867,7.99,7.975,7.99,7.975,23
2023-05-11 14:16:00,4426,7.9798,7.975,7.98,7.99,7.97,68
2023-05-11 14:17:00,2323,7.962,7.96,7.9585,7.97,7.9585,35
2023-05-11 14:18:00,4491,7.9749,7.96,7.9773,7.9789,7.96,68
2023-05-11 14:19:00,891,7.975,7.975,7.97,7.975,7.97,25
2023-05-11 14:20:00,2306,7.9822,7.975,7.99,7.99,7.975,49
2023-05-11 14:21:00,1517,7.9925,7.985,8.0,8.0,7.985,50
2023-05-11 14:22:00,5793,7.9999,7.995,8.02,8.02,7.99,68
2023-05-11 14:23:00,2168,8.0262,8.015,8.03,8.035,8.015,45
2023-05-11 14:24:00,10927,8.0373,8.03,8.045,8.045,8.025,98
2023-05-11 14:25:00,13271,8.0414,8.05,8.015,8.05,8.01,145
2023-05-11 14:26:00,3393,8.0131,8.018,8.025,8.025,8.01,50
2023-05-11 14:27:00,1718,8.03,8.03,8.0301,8.035,8.025,16
2023-05-11 14:28:00,5332,8.0312,8.0373,8.025,8.04,8.025,51
2023-05-11 14:31:00,10661,8.0119,8.02,8.0,8.03,7.99,130
2023-05-11 14:32:00,6809,8.004,8.0,8.0,8.02,7.995,74
2023-05-11 14:33:00,1645,7.9884,7.99,7.98,7.99,7.98,22
2023-05-11 14:34:00,3687,7.9914,7.985,8.0,8.0,7.985,58
2023-05-11 14:35:00,557,7.9959,7.995,7.995,8.0,7.995,8
2023-05-11 14:36:00,7365,7.9912,7.995,7.99,8.0,7.985,91
2023-05-11 14:37:00,527,7.9888,7.99,7.99,7.99,7.985,9
2023-05-11 14:38:00,2488,7.9847,7.99,7.99,7.99,7.98,34
2023-05-11 14:39:00,1364,7.9779,7.975,7.975,7.98,7.975,20
2023-05-11 14:40:00,2198,7.9719,7.97,7.98,7.98,7.97,33
2023-05-11 14:41:00,9640,7.9552,7.96,7.958,7.97,7.95,113
2023-05-11 14:42:00,907,7.9577,7.955,7.96,7.96,7.955,11
2023-05-11 14:43:00,8293,7.9565,7.955,7.94,7.96,7.94,39
2023-05-11 14:44:00,3566,7.9504,7.94,7.95,7.95,7.94,57
2023-05-11 14:45:00,1004,7.9585,7.955,7.96,7.96,7.955,14
2023-05-11 14:46:00,1085,7.9594,7.96,7.96,7.96,7.955,31
2023-05-11 14:47:00,6765,7.9628,7.96,7.975,7.975,7.955,91
2023-05-11 14:48:00,1080,7.9824,7.975,7.99,7.99,7.975,39
2023-05-11 14:49:00,6066,7.9801,7.988,7.98,7.99,7.98,88
2023-05-11 14:50:00,3779,7.9655,7.975,7.95,7.98,7.95,54
2023-05-11 14:51:00,2846,7.9529,7.95,7.95,7.96,7.945,40
2023-05-11 14:52:00,3983,7.9555,7.945,7.965,7.965,7.945,54
2023-05-11 14:53:00,2100,7.9714,7.965,7.975,7.98,7.965,51
2023-05-11 14:54:00,962,7.9777,7.975,7.98,7.98,7.975,18
2023-05-11 14:55:00,5538,7.9718,7.97,7.98,7.98,7.97,80
2023-05-11 14:56:00,5715,7.9831,7.98,7.99,7.99,7.98,65
2023-05-11 14:57:00,162,7.976,7.975,7.975,7.975,7.975,10
2023-05-11 14:58:00,6989,7.9866,7.9706,7.995,8.0,7.9706,97
2023-05-11 14:59:00,3153,8.0012,8.0,8.01,8.01,8.0,49
2023-05-11 15:00:00,4534,8.0084,8.01,8.005,8.01,8.005,73
2023-05-11 15:01:00,2050,8.0018,8.0,8.0,8.0,8.0,28
2023-05-11 15:02:00,1219,8.0012,8.0,8.01,8.01,8.0,23
2023-05-11 15:03:00,672,8.0066,8.005,8.005,8.01,8.005,15
2023-05-11 15:04:00,6137,8.0106,8.01,8.005,8.02,8.0,91
2023-05-11 15:05:00,673,8.0061,8.01,8.005,8.01,8.005,17
2023-05-11 15:06:00,6733,8.0103,8.0087,8.005,8.02,8.005,94
2023-05-11 15:08:00,2013,8.0055,8.005,8.005,8.005,8.005,12
2023-05-11 15:09:00,1533,8.0082,8.01,8.01,8.01,8.005,14
2023-05-11 15:10:00,613,8.0064,8.005,8.005,8.005,8.005,38
2023-05-11 15:11:00,2088,8.0073,8.005,8.01,8.01,8.005,33
2023-05-11 15:12:00,1660,8.0065,8.005,8.01,8.01,8.005,27
2023-05-11 15:13:00,6892,7.9946,8.0,7.98,8.01,7.98,84
2023-05-11 15:14:00,273,7.9832,7.98,7.985,7.985,7.98,7
2023-05-11 15:15:00,2303,7.9828,7.98,7.99,7.99,7.98,50
2023-05-11 15:16:00,6658,7.9866,7.975,8.0,8.0,7.975,103
2023-05-11 15:17:00,822,7.9901,7.99,7.99,7.991,7.99,8
2023-05-11 15:18:00,1996,7.9914,7.99,7.98,8.0,7.98,36
2023-05-11 15:19:00,2016,7.9759,7.98,7.975,7.99,7.97,21
2023-05-11 15:20:00,1295,7.9769,7.97,7.98,7.98,7.97,22
2023-05-11 15:21:00,2723,7.9748,7.9686,7.985,7.985,7.965,52
2023-05-11 15:22:00,843,7.9818,7.98,7.985,7.985,7.98,5
2023-05-11 15:23:00,637,7.9854,7.985,7.989,7.989,7.985,11
2023-05-11 15:24:00,1081,7.9855,7.985,7.985,7.9899,7.985,10
2023-05-11 15:26:00,2889,7.982,7.982,7.99,7.99,7.98,42
2023-05-11 15:27:00,206,7.9749,7.975,7.975,7.975,7.975,27
2023-05-11 15:28:00,798,7.9745,7.975,7.975,7.975,7.975,19
2023-05-11 15:29:00,4413,7.9666,7.97,7.95,7.98,7.95,76
2023-05-11 15:30:00,7732,7.9576,7.95,7.96,7.96,7.95,82
2023-05-11 15:31:00,5334,7.9619,7.96,7.96,7.97,7.96,88
2023-05-11 15:32:00,670,7.9578,7.955,7.958,7.958,7.955,11
2023-05-11 15:34:00,448,7.9545,7.955,7.955,7.955,7.955,5
2023-05-11 15:35:00,6562,7.9489,7.955,7.935,7.96,7.93,75
2023-05-11 15:36:00,1687,7.9292,7.93,7.925,7.94,7.925,24
2023-05-11 15:37:00,2487,7.9186,7.92,7.92,7.92,7.91,42
2023-05-11 15:38:00,8029,7.901,7.91,7.89,7.92,7.89,89
2023-05-11 15:39:00,391,7.8855,7.88,7.88,7.88,7.88,11
2023-05-11 15:40:00,3965,7.8809,7.88,7.89,7.89,7.88,52
2023-05-11 15:41:00,9662,7.8921,7.88,7.895,7.9,7.88,103
2023-05-11 15:42:00,1948,7.9035,7.895,7.895,7.8981,7.895,16
2023-05-11 15:43:00,900,7.8944,7.895,7.89,7.895,7.89,9
2023-05-11 15:44:00,1002,7.8955,7.895,7.9,7.9,7.895,14
2023-05-11 15:45:00,1274,7.8935,7.895,7.895,7.895,7.89,11
2023-05-11 15:46:00,11920,7.8818,7.89,7.87,7.9,7.87,134
2023-05-11 15:47:00,1648,7.8736,7.8701,7.875,7.88,7.87,18
2023-05-11 15:48:00,4012,7.8722,7.87,7.875,7.88,7.87,52
2023-05-11 15:49:00,7804,7.877,7.87,7.883,7.885,7.87,36
2023-05-11 15:50:00,4277,7.8955,7.88,7.905,7.91,7.88,55
2023-05-11 15:51:00,711,7.8986,7.905,7.91,7.91,7.905,15
2023-05-11 15:52:00,306,7.8899,7.905,7.905,7.905,7.905,4
2023-05-11 15:53:00,1720,7.9082,7.905,7.91,7.91,7.905,29
2023-05-11 15:54:00,18242,7.9176,7.915,7.9,7.93,7.9,170
2023-05-11 15:55:00,3506,7.9053,7.9,7.92,7.92,7.895,44
2023-05-11 15:56:00,7797,7.9088,7.918,7.91,7.92,7.9,67
2023-05-11 15:57:00,1056,7.92,7.92,7.92,7.92,7.92,20
2023-05-11 15:58:00,3077,7.9278,7.93,7.935,7.935,7.93,45
2023-05-11 15:59:00,49013,7.9128,7.935,7.91,7.94,7.905,290
2023-05-11 16:00:00,8900,7.9229,7.92,7.93,7.93,7.92,81
2023-05-11 16:01:00,7050,7.9084,7.91,7.91,7.92,7.9,85
2023-05-11 16:02:00,3972,7.9115,7.91,7.9,7.92,7.9,30
2023-05-11 16:03:00,9879,7.9004,7.905,7.895,7.91,7.89,97
2023-05-11 16:04:00,3387,7.8918,7.895,7.885,7.9,7.885,33
2023-05-11 16:05:00,2584,7.8907,7.885,7.89,7.89,7.885,30
2023-05-11 16:06:00,805,7.8981,7.9,7.895,7.9,7.895,11
2023-05-11 16:08:00,428,7.8987,7.895,7.9,7.9,7.895,9
2023-05-11 16:09:00,900,7.8989,7.8901,7.8901,7.8901,7.8901,10
2023-05-11 16:10:00,1354,7.8945,7.9,7.9,7.9,7.89,13
2023-05-11 16:11:00,1754,7.892,7.8982,7.8909,7.8982,7.8909,4
2023-05-11 16:12:00,6205,7.8896,7.895,7.89,7.9,7.88,78
2023-05-11 16:13:00,1850,7.8719,7.875,7.8701,7.875,7.87,8
2023-05-11 16:14:00,3401,7.8798,7.875,7.885,7.885,7.87,29
2023-05-11 16:15:00,3237,7.8877,7.885,7.89,7.89,7.88,43
2023-05-11 16:16:00,862,7.894,7.895,7.89,7.8974,7.89,4
2023-05-11 16:18:00,5340,7.8987,7.89,7.8988,7.9,7.89,51
2023-05-11 16:19:00,457,7.8934,7.895,7.89,7.895,7.89,9
2023-05-11 16:20:00,4036,7.8911,7.89,7.885,7.9,7.885,41
2023-05-11 16:21:00,3352,7.8912,7.89,7.892,7.895,7.89,24
2023-05-11 16:22:00,3587,7.8997,7.895,7.9,7.9,7.895,46
2023-05-11 16:24:00,15573,7.9002,7.9,7.9,7.901,7.898,131
2023-05-11 16:25:00,240,7.8975,7.895,7.895,7.895,7.895,4
2023-05-11 16:26:00,4068,7.8928,7.895,7.9,7.9,7.89,40
2023-05-11 16:27:00,7843,7.8763,7.88,7.88,7.89,7.87,75
2023-05-11 16:28:00,3482,7.8786,7.875,7.885,7.885,7.87,39
2023-05-11 16:29:00,402,7.8828,7.885,7.88,7.885,7.88,6
2023-05-11 16:30:00,617,7.881,7.88,7.88,7.88,7.88,14
2023-05-11 16:33:00,993,7.8849,7.885,7.885,7.885,7.885,7
2023-05-11 16:34:00,591,7.8859,7.885,7.885,7.89,7.88,9
2023-05-11 16:35:00,4456,7.8895,7.885,7.885,7.895,7.885,57
2023-05-11 16:36:00,1550,7.8998,7.9,7.91,7.91,7.9,26
2023-05-11 16:37:00,1178,7.9083,7.905,7.91,7.91,7.905,16
2023-05-11 16:38:00,1048,7.9163,7.91,7.92,7.92,7.91,13
2023-05-11 16:40:00,605,7.916,7.915,7.92,7.92,7.915,8
2023-05-11 16:41:00,1098,7.9154,7.915,7.92,7.92,7.915,6
2023-05-11 16:42:00,14015,7.9169,7.92,7.91,7.93,7.9073,113
2023-05-11 16:43:00,5233,7.9098,7.905,7.91,7.91,7.905,51
2023-05-11 16:44:00,2964,7.9024,7.9,7.91,7.91,7.9,30
2023-05-11 16:47:00,200,7.8999,7.8999,7.8999,7.8999,7.8999,1
2023-05-11 16:48:00,3805,7.9,7.895,7.9,7.9,7.895,16
2023-05-11 16:49:00,4323,7.902,7.905,7.91,7.91,7.9,44
2023-05-11 16:50:00,1273,7.8941,7.895,7.895,7.895,7.89,16
2023-05-11 16:51:00,4378,7.8885,7.89,7.89,7.9,7.88,55
2023-05-11 16:52:00,3509,7.8801,7.88,7.885,7.885,7.88,38
2023-05-11 16:53:00,9382,7.8753,7.88,7.88,7.89,7.865,85
2023-05-11 16:54:00,4734,7.873,7.875,7.87,7.88,7.87,43
2023-05-11 16:55:00,1832,7.8756,7.875,7.8701,7.8793,7.8701,10
2023-05-11 16:56:00,3241,7.8678,7.87,7.855,7.88,7.855,37
2023-05-11 16:57:00,1013,7.8646,7.86,7.855,7.86,7.855,7
2023-05-11 16:58:00,1626,7.8611,7.86,7.87,7.87,7.86,24
2023-05-11 16:59:00,257,7.8651,7.865,7.865,7.865,7.865,5
2023-05-11 17:00:00,6973,7.8541,7.86,7.845,7.87,7.84,74
2023-05-11 17:02:00,1617,7.8489,7.845,7.845,7.85,7.845,18
2023-05-11 17:03:00,410,7.8457,7.845,7.845,7.848,7.845,6
2023-05-11 17:04:00,1172,7.8445,7.845,7.8439,7.845,7.84,14
2023-05-11 17:05:00,301,7.8433,7.84,7.845,7.845,7.84,4
2023-05-11 17:06:00,4240,7.8494,7.845,7.855,7.855,7.84,55
2023-05-11 17:07:00,2439,7.86,7.86,7.87,7.87,7.86,32
2023-05-11 17:08:00,4081,7.8679,7.865,7.87,7.87,7.86,52
2023-05-11 17:09:00,6881,7.8617,7.865,7.87,7.87,7.85,81
2023-05-11 17:10:00,17605,7.8586,7.855,7.85,7.87,7.84,157
2023-05-11 17:11:00,2265,7.8493,7.845,7.85,7.85,7.845,28
2023-05-11 17:12:00,1786,7.8677,7.86,7.88,7.88,7.86,38
2023-05-11 17:13:00,3447,7.8722,7.875,7.8795,7.88,7.87,45
2023-05-11 17:14:00,1795,7.8705,7.87,7.865,7.88,7.865,20
2023-05-11 17:15:00,3023,7.8693,7.865,7.87,7.87,7.865,30
2023-05-11 17:16:00,20991,7.8557,7.875,7.85,7.88,7.85,228
2023-05-11 17:17:00,429,7.8508,7.85,7.85,7.85,7.85,8
2023-05-11 17:18:00,2488,7.8543,7.85,7.855,7.86,7.85,33
2023-05-11 17:19:00,1696,7.8563,7.855,7.86,7.86,7.85,18
2023-05-11 17:20:00,3183,7.8618,7.86,7.87,7.87,7.86,42
2023-05-11 17:21:00,6066,7.8704,7.87,7.86,7.88,7.86,81
2023-05-11 17:22:00,1535,7.8607,7.86,7.87,7.87,7.86,21
2023-05-11 17:23:00,812,7.8581,7.855,7.86,7.86,7.855,10
2023-05-11 17:24:00,1084,7.8591,7.855,7.8599,7.86,7.855,17
2023-05-11 17:25:00,1123,7.8548,7.855,7.86,7.86,7.85,18
2023-05-11 17:26:00,903,7.857,7.855,7.86,7.86,7.855,15
2023-05-11 17:27:00,3894,7.8596,7.855,7.865,7.865,7.855,46
2023-05-11 17:28:00,931,7.8678,7.865,7.87,7.87,7.865,16
2023-05-11 17:29:00,2522,7.873,7.87,7.88,7.88,7.87,33
2023-05-11 17:30:00,7743,7.8661,7.87,7.855,7.88,7.855,79
2023-05-11 17:31:00,2384,7.8512,7.85,7.84,7.86,7.84,37
2023-05-11 17:32:00,501,7.843,7.84,7.845,7.845,7.84,6
2023-05-11 17:33:00,2552,7.8487,7.845,7.85,7.85,7.845,22
2023-05-11 17:34:00,7474,7.8474,7.855,7.835,7.855,7.83,82
2023-05-11 17:35:00,2334,7.8389,7.835,7.835,7.84,7.835,24
2023-05-11 17:36:00,209,7.835,7.835,7.835,7.835,7.835,4
2023-05-11 17:37:00,201,7.835,7.835,7.835,7.835,7.835,3
2023-05-11 17:38:00,314,7.8412,7.84,7.84,7.84,7.84,9
2023-05-11 17:39:00,3256,7.8395,7.835,7.84,7.84,7.835,36
2023-05-11 17:40:00,1472,7.831,7.835,7.83,7.835,7.83,23
2023-05-11 17:41:00,201,7.8225,7.825,7.825,7.825,7.825,4
2023-05-11 17:42:00,8701,7.807,7.82,7.79,7.82,7.79,92
2023-05-11 17:43:00,3985,7.7943,7.79,7.79,7.8,7.79,46
2023-05-11 17:44:00,4436,7.7969,7.78,7.78,7.78,7.78,41
2023-05-11 17:45:00,2637,7.7793,7.785,7.78,7.785,7.775,41
2023-05-11 17:46:00,2934,7.7636,7.77,7.75,7.77,7.75,43
2023-05-11 17:47:00,7939,7.7502,7.7505,7.75,7.755,7.75,35
2023-05-11 17:48:00,818,7.7518,7.75,7.7485,7.75,7.7485,13
2023-05-11 17:49:00,5047,7.7493,7.745,7.745,7.75,7.74,78
2023-05-11 17:50:00,1849,7.7491,7.745,7.75,7.75,7.745,27
2023-05-11 17:51:00,14862,7.7505,7.755,7.745,7.755,7.745,87
2023-05-11 17:52:00,9549,7.7503,7.75,7.755,7.755,7.75,86
2023-05-11 17:53:00,2582,7.7599,7.76,7.765,7.765,7.755,29
2023-05-11 17:54:00,5325,7.7663,7.765,7.775,7.775,7.765,26
2023-05-11 17:55:00,31740,7.7831,7.775,7.795,7.8,7.77,266
2023-05-11 17:56:00,5732,7.8091,7.8,7.82,7.82,7.8,45
2023-05-11 17:57:00,204,7.8149,7.815,7.815,7.815,7.815,4
2023-05-11 17:58:00,2519,7.7958,7.815,7.815,7.82,7.81,27
2023-05-11 17:59:00,3638,7.8101,7.815,7.805,7.815,7.805,45
2023-05-11 18:00:00,4370,7.8086,7.805,7.81,7.815,7.805,50
2023-05-11 18:01:00,3896,7.8041,7.81,7.795,7.81,7.795,70
2023-05-11 18:02:00,2045,7.802,7.8,7.81,7.81,7.8,38
2023-05-11 18:03:00,582,7.8058,7.805,7.805,7.81,7.805,13
2023-05-11 18:04:00,901,7.8074,7.8053,7.8053,7.8053,7.8053,13
2023-05-11 18:05:00,3474,7.8092,7.805,7.815,7.815,7.805,46
2023-05-11 18:07:00,13007,7.8096,7.815,7.815,7.82,7.805,131
2023-05-11 18:08:00,3707,7.8108,7.815,7.815,7.815,7.81,12
2023-05-11 18:09:00,5742,7.8152,7.815,7.815,7.82,7.815,53
2023-05-11 18:10:00,1722,7.8149,7.815,7.815,7.815,7.81,22
2023-05-11 18:11:00,1134,7.8132,7.815,7.815,7.815,7.81,14
2023-05-11 18:12:00,1332,7.8148,7.8175,7.815,7.8175,7.81,18
2023-05-11 18:13:00,526,7.815,7.815,7.815,7.815,7.815,9
2023-05-11 18:14:00,10476,7.8161,7.815,7.825,7.83,7.81,77
2023-05-11 18:15:00,1812,7.8251,7.83,7.82,7.83,7.82,23
2023-05-11 18:16:00,16081,7.827,7.825,7.81,7.835,7.81,166
2023-05-11 18:17:00,320,7.8205,7.82,7.82,7.82,7.82,5
2023-05-11 18:18:00,5578,7.8113,7.815,7.82,7.82,7.81,66
2023-05-11 18:19:00,4069,7.8278,7.82,7.835,7.835,7.82,39
2023-05-11 18:20:00,101,7.835,7.835,7.835,7.835,7.835,2
2023-05-11 18:21:00,560,7.8353,7.835,7.835,7.835,7.835,11
2023-05-11 18:22:00,3507,7.8444,7.835,7.855,7.855,7.835,41
2023-05-11 18:23:00,7349,7.8448,7.855,7.83,7.855,7.83,70
2023-05-11 18:24:00,787,7.8365,7.835,7.835,7.835,7.835,7
2023-05-11 18:25:00,782,7.8349,7.835,7.835,7.835,7.835,10
2023-05-11 18:26:00,6234,7.8352,7.835,7.835,7.84,7.83,49
2023-05-11 18:27:00,910,7.8353,7.835,7.835,7.835,7.835,9
2023-05-11 18:28:00,830,7.8328,7.83,7.835,7.84,7.83,23
2023-05-11 18:29:00,776,7.8344,7.83,7.835,7.835,7.83,12
2023-05-11 18:30:00,8778,7.8466,7.835,7.84,7.85,7.835,125
2023-05-11 18:31:00,1035,7.845,7.845,7.845,7.845,7.845,8
2023-05-11 18:32:00,4056,7.8489,7.85,7.845,7.85,7.845,37
2023-05-11 18:33:00,1312,7.8454,7.845,7.84,7.845,7.84,15
2023-05-11 18:34:00,765,7.8458,7.845,7.845,7.845,7.84,12
2023-05-11 18:35:00,748,7.8457,7.845,7.845,7.845,7.845,11
2023-05-11 18:36:00,1153,7.8442,7.845,7.845,7.845,7.84,14
2023-05-11 18:37:00,9373,7.8499,7.85,7.85,7.855,7.845,91
2023-05-11 18:38:00,2323,7.856,7.855,7.855,7.86,7.855,28
2023-05-11 18:39:00,301,7.8549,7.855,7.855,7.855,7.855,7
2023-05-11 18:40:00,8554,7.8598,7.85,7.865,7.87,7.85,73
2023-05-11 18:41:00,14709,7.8674,7.865,7.86,7.88,7.855,165
2023-05-11 18:42:00,2919,7.8656,7.865,7.865,7.87,7.86,20
2023-05-11 18:43:00,1720,7.8761,7.87,7.88,7.885,7.87,26
2023-05-11 18:44:00,7462,7.8876,7.885,7.89,7.895,7.885,66
2023-05-11 18:45:00,2198,7.882,7.885,7.885,7.885,7.88,22
2023-05-11 18:46:00,1500,7.8813,7.88,7.885,7.885,7.88,10
2023-05-11 18:47:00,4123,7.8849,7.885,7.89,7.89,7.88,26
2023-05-11 18:48:00,39097,7.8828,7.89,7.875,7.89,7.875,251
2023-05-11 18:49:00,4342,7.886,7.88,7.895,7.895,7.875,48
2023-05-11 18:50:00,10865,7.8859,7.898,7.875,7.898,7.875,101
2023-05-11 18:51:00,50992,7.875,7.88,7.875,7.88,7.875,14
2023-05-11 18:52:00,3302,7.8751,7.875,7.875,7.875,7.87,24
2023-05-11 18:53:00,12120,7.8639,7.875,7.845,7.875,7.835,88
2023-05-11 18:54:00,10091,7.8444,7.845,7.85,7.85,7.83,97
2023-05-11 18:55:00,6212,7.8612,7.86,7.865,7.865,7.86,57
2023-05-11 18:56:00,5305,7.8536,7.865,7.84,7.865,7.84,64
2023-05-11 18:57:00,339,7.8421,7.84,7.84,7.84,7.84,9
2023-05-11 18:58:00,701,7.8431,7.84,7.84,7.845,7.84,14
2023-05-11 18:59:00,999,7.8427,7.84,7.845,7.845,7.84,23
2023-05-11 19:00:00,3163,7.8478,7.845,7.845,7.85,7.84,38
2023-05-11 19:01:00,2564,7.8384,7.84,7.84,7.84,7.83,42
2023-05-11 19:02:00,1110,7.8354,7.835,7.835,7.835,7.835,14
2023-05-11 19:03:00,758,7.8337,7.83,7.83,7.835,7.83,10
2023-05-11 19:04:00,3896,7.8292,7.835,7.82,7.835,7.82,43
2023-05-11 19:05:00,2394,7.8275,7.82,7.825,7.825,7.82,26
2023-05-11 19:06:00,921,7.8235,7.82,7.82,7.825,7.82,11
2023-05-11 19:07:00,826,7.8246,7.82,7.825,7.825,7.82,14
2023-05-11 19:08:00,1900,7.8207,7.82,7.825,7.825,7.82,21
2023-05-11 19:09:00,639,7.8242,7.82,7.825,7.825,7.82,15
2023-05-11 19:10:00,10449,7.83,7.825,7.83,7.835,7.825,123
2023-05-11 19:11:00,536,7.835,7.835,7.835,7.835,7.835,9
2023-05-11 19:12:00,820,7.8326,7.835,7.83,7.835,7.83,7
2023-05-11 19:13:00,802,7.8331,7.835,7.835,7.835,7.832,11
2023-05-11 19:14:00,843,7.8355,7.835,7.835,7.835,7.835,14
2023-05-11 19:15:00,10816,7.8406,7.84,7.84,7.85,7.835,124
2023-05-11 19:16:00,705,7.8351,7.835,7.835,7.835,7.835,16
2023-05-11 19:17:00,7629,7.837,7.84,7.8399,7.84,7.835,23
2023-05-11 19:18:00,5649,7.8424,7.84,7.845,7.85,7.84,65
2023-05-11 19:19:00,4102,7.8399,7.84,7.835,7.84,7.835,41
2023-05-11 19:20:00,7930,7.826,7.835,7.825,7.835,7.82,65
2023-05-11 19:21:00,2042,7.8211,7.82,7.82,7.825,7.82,15
2023-05-11 19:22:00,15008,7.8174,7.825,7.825,7.825,7.81,128
2023-05-11 19:23:00,405,7.8245,7.825,7.825,7.825,7.825,7
2023-05-11 19:24:00,766,7.8233,7.825,7.825,7.825,7.825,11
2023-05-11 19:25:00,1476,7.8218,7.82,7.8265,7.8265,7.82,28
2023-05-11 19:26:00,813,7.8244,7.825,7.825,7.825,7.825,14
2023-05-11 19:27:00,16742,7.836,7.825,7.84,7.85,7.825,168
2023-05-11 19:28:00,633,7.8349,7.835,7.835,7.835,7.835,5
2023-05-11 19:29:00,631,7.8363,7.835,7.84,7.84,7.835,8
2023-05-11 19:30:00,1772,7.8351,7.835,7.835,7.835,7.835,15
2023-05-11 19:31:00,5213,7.8305,7.83,7.825,7.835,7.825,59
2023-05-11 19:32:00,1717,7.8246,7.825,7.825,7.825,7.82,32
2023-05-11 19:33:00,944,7.8263,7.825,7.825,7.825,7.82,11
2023-05-11 19:34:00,7953,7.8233,7.825,7.82,7.83,7.82,89
2023-05-11 19:35:00,4800,7.8106,7.81,7.81,7.815,7.81,47
2023-05-11 19:36:00,2047,7.816,7.81,7.815,7.82,7.81,26
2023-05-11 19:37:00,1490,7.8127,7.815,7.81,7.815,7.81,19
2023-05-11 19:38:00,11385,7.822,7.815,7.83,7.83,7.81,96
2023-05-11 19:39:00,25615,7.8218,7.83,7.815,7.835,7.81,296
2023-05-11 19:40:00,8792,7.8099,7.81,7.815,7.815,7.805,94
2023-05-11 19:41:00,1017,7.8145,7.815,7.815,7.815,7.81,22
2023-05-11 19:42:00,3655,7.8151,7.815,7.815,7.8193,7.815,23
2023-05-11 19:43:00,1829,7.8159,7.815,7.815,7.82,7.8121,39
2023-05-11 19:44:00,24613,7.8181,7.815,7.835,7.84,7.81,181
2023-05-11 19:45:00,15805,7.831,7.835,7.825,7.835,7.825,156
2023-05-11 19:46:00,13426,7.8301,7.83,7.82,7.84,7.82,115
2023-05-11 19:47:00,2115,7.8257,7.83,7.83,7.83,7.825,26
2023-05-11 19:48:00,1492,7.8246,7.825,7.825,7.825,7.82,25
2023-05-11 19:49:00,17952,7.8176,7.825,7.81,7.83,7.81,139
2023-05-11 19:50:00,13295,7.808,7.81,7.8,7.815,7.8,166
2023-05-11 19:51:00,16300,7.811,7.805,7.815,7.82,7.8,143
2023-05-11 19:52:00,27495,7.8071,7.815,7.8,7.819,7.8,248
2023-05-11 19:53:00,6595,7.798,7.795,7.795,7.8,7.79,51
2023-05-11 19:54:00,41084,7.7952,7.795,7.79,7.805,7.78,377
2023-05-11 19:55:00,7496,7.7968,7.795,7.8,7.8,7.795,79
2023-05-11 19:56:00,17870,7.7937,7.795,7.8,7.8,7.79,174
2023-05-11 19:57:00,9515,7.7982,7.795,7.8,7.8,7.79,112
2023-05-11 19:58:00,30390,7.7932,7.8,7.795,7.8,7.79,286
2023-05-11 19:59:00,98843,7.7783,7.795,7.78,7.795,7.77,589
2023-05-11 20:00:00,13608,7.7699,7.77,7.76,7.77,7.76,18
2023-05-11 20:01:00,88400,7.8444,7.8444,7.8444,7.8444,7.8444,1
2023-05-11 20:18:00,100,7.9125,7.9125,7.9125,7.9125,7.9125,1
2023-05-11 20:25:00,200,7.9,7.9,7.9,7.9,7.9,1
2023-05-12 11:25:00,142,7.8,7.8,7.8,7.8,7.8,1
2023-05-12 12:17:00,100,7.9,7.9,7.9,7.9,7.9,1
2023-05-12 13:30:00,19877,7.8134,7.82,7.8,7.82,7.79,87
2023-05-12 13:31:00,3728,7.762,7.78,7.765,7.78,7.75,58
2023-05-12 13:32:00,3599,7.7638,7.77,7.775,7.78,7.75,53
2023-05-12 13:33:00,16247,7.7829,7.77,7.79,7.8,7.765,161
2023-05-12 13:34:00,19047,7.7926,7.79,7.8,7.81,7.77,219
2023-05-12 13:35:00,58822,7.781,7.8,7.79,7.8,7.775,81
2023-05-12 13:36:00,14348,7.7875,7.79,7.78,7.81,7.775,137
2023-05-12 13:37:00,39278,7.777,7.78,7.78,7.785,7.77,172
2023-05-12 13:38:00,10061,7.7702,7.78,7.755,7.79,7.75,93
2023-05-12 13:39:00,14591,7.7577,7.76,7.75,7.77,7.75,166
2023-05-12 13:40:00,14219,7.7479,7.755,7.75,7.76,7.725,84
2023-05-12 13:41:00,27442,7.7676,7.745,7.78,7.8,7.74,234
2023-05-12 13:42:00,29383,7.814,7.775,7.85,7.85,7.775,189
2023-05-12 13:43:00,12107,7.8783,7.86,7.915,7.92,7.85,123
2023-05-12 13:44:00,5478,7.9136,7.92,7.92,7.93,7.9,41
2023-05-12 13:45:00,9454,7.9319,7.92,7.91,7.96,7.91,98
2023-05-12 13:46:00,11440,7.8915,7.905,7.87,7.93,7.86,106
2023-05-12 13:47:00,3593,7.8829,7.865,7.885,7.89,7.865,31
2023-05-12 13:48:00,10179,7.8911,7.885,7.895,7.91,7.88,111
2023-05-12 13:49:00,28922,7.9056,7.89,7.93,7.94,7.89,230
2023-05-12 13:50:00,18473,7.9367,7.92,7.96,7.96,7.915,203
2023-05-12 13:51:00,8946,7.9701,7.97,7.965,7.98,7.96,134
2023-05-12 13:52:00,13268,7.9764,7.97,7.985,7.99,7.96,158
2023-05-12 13:53:00,11910,7.9711,7.99,7.95,7.99,7.95,100
2023-05-12 13:54:00,1853,7.9587,7.96,7.95,7.96,7.95,22
2023-05-12 13:55:00,4151,7.9505,7.955,7.955,7.96,7.94,50
2023-05-12 13:56:00,8541,7.9294,7.95,7.9,7.96,7.9,120
2023-05-12 13:57:00,3213,7.9135,7.905,7.915,7.925,7.905,45
2023-05-12 13:58:00,493,7.9159,7.91,7.91,7.91,7.91,10
2023-05-12 13:59:00,2703,7.9245,7.91,7.92,7.9453,7.91,28
2023-05-12 14:00:00,909,7.9021,7.93,7.895,7.93,7.87,15
2023-05-12 14:01:00,1409,7.8987,7.895,7.91,7.91,7.89,23
2023-05-12 14:02:00,8525,7.908,7.92,7.89,7.93,7.89,108
2023-05-12 14:03:00,23882,7.8758,7.89,7.87,7.9,7.86,196
2023-05-12 14:04:00,4017,7.8485,7.865,7.835,7.87,7.83,55
2023-05-12 14:05:00,10740,7.8537,7.84,7.86,7.87,7.835,126
2023-05-12 14:06:00,9297,7.8597,7.855,7.83,7.87,7.83,71
2023-05-12 14:07:00,10977,7.8492,7.835,7.875,7.88,7.835,114
2023-05-12 14:08:00,521,7.8751,7.88,7.88,7.88,7.87,7
2023-05-12 14:09:00,3816,7.8662,7.87,7.855,7.88,7.855,44
2023-05-12 14:10:00,2846,7.8602,7.86,7.86,7.87,7.8599,28
2023-05-12 14:11:00,701,7.8603,7.86,7.86,7.86,7.86,8
2023-05-12 14:12:00,1986,7.8612,7.86,7.865,7.87,7.86,47
2023-05-12 14:13:00,918,7.8698,7.87,7.87,7.87,7.87,25
2023-05-12 14:14:00,39169,7.8763,7.87,7.865,7.88,7.855,133
2023-05-12 14:15:00,4006,7.8701,7.865,7.87,7.88,7.86,48
2023-05-12 14:16:00,2314,7.8794,7.8808,7.87,7.89,7.87,30
2023-05-12 14:17:00,5416,7.8804,7.88,7.87,7.89,7.87,69
2023-05-12 14:18:00,2295,7.8748,7.87,7.87,7.88,7.87,38
2023-05-12 14:19:00,1340,7.8681,7.87,7.865,7.88,7.86,22
2023-05-12 14:20:00,2791,7.8568,7.86,7.84,7.87,7.84,46
2023-05-12 14:21:00,4000,7.8478,7.835,7.835,7.85,7.835,56
2023-05-12 14:22:00,5446,7.8332,7.835,7.83,7.85,7.82,62
2023-05-12 14:23:00,12415,7.8148,7.81,7.8,7.825,7.8,67
2023-05-12 14:24:00,6232,7.792,7.8,7.79,7.8,7.78,65
2023-05-12 14:25:00,12245,7.8087,7.8,7.825,7.83,7.795,134
2023-05-12 14:26:00,3229,7.8366,7.83,7.83,7.84,7.83,43
2023-05-12 14:28:00,13699,7.8335,7.83,7.84,7.845,7.825,156
2023-05-12 14:29:00,23697,7.8303,7.84,7.83,7.84,7.82,177
2023-05-12 14:30:00,19346,7.8267,7.83,7.825,7.835,7.82,97
2023-05-12 14:31:00,28496,7.8168,7.825,7.81,7.825,7.8,112
2023-05-12 14:32:00,3376,7.8083,7.8115,7.815,7.815,7.8,34
2023-05-12 14:33:00,205,7.8126,7.81,7.815,7.815,7.81,3
2023-05-12 14:34:00,814,7.8153,7.815,7.8143,7.815,7.8143,11
2023-05-12 14:35:00,20960,7.8045,7.82,7.78,7.82,7.775,153
2023-05-12 14:36:00,51982,7.8541,7.775,7.775,7.858,7.775,29
2023-05-12 14:37:00,15418,7.7714,7.78,7.755,7.785,7.755,115
2023-05-12 14:38:00,1308,7.7602,7.76,7.76,7.76,7.76,14
2023-05-12 14:39:00,706,7.7708,7.77,7.77,7.77,7.77,19
2023-05-12 14:40:00,3938,7.7851,7.78,7.78,7.79,7.78,51
2023-05-12 14:41:00,2965,7.7828,7.785,7.775,7.79,7.775,40
2023-05-12 14:42:00,18268,7.7534,7.77,7.77,7.78,7.745,162
2023-05-12 14:43:00,2462,7.7734,7.76,7.785,7.785,7.76,36
2023-05-12 14:44:00,1258,7.7858,7.785,7.78,7.79,7.78,17
2023-05-12 14:45:00,5171,7.7946,7.79,7.79,7.8,7.79,46
2023-05-12 14:46:00,2884,7.7896,7.79,7.79,7.8,7.78,32
2023-05-12 14:47:00,2187,7.8084,7.8,7.81,7.82,7.8,30
2023-05-12 14:48:00,244,7.8108,7.81,7.81,7.81,7.81,8
2023-05-12 14:49:00,1593,7.8151,7.815,7.82,7.82,7.81,46
2023-05-12 14:50:00,21103,7.823,7.82,7.81,7.84,7.81,116
2023-05-12 14:51:00,12661,7.798,7.81,7.78,7.81,7.78,114
2023-05-12 14:52:00,1162,7.7863,7.785,7.79,7.79,7.78,11
2023-05-12 14:53:00,4867,7.7846,7.78,7.79,7.8,7.78,55
2023-05-12 14:55:00,6844,7.7999,7.79,7.795,7.81,7.79,73
2023-05-12 14:56:00,6280,7.806,7.8,7.81,7.81,7.8,72
2023-05-12 14:57:00,5747,7.7949,7.8,7.78,7.81,7.78,73
2023-05-12 14:58:00,2339,7.7874,7.79,7.78,7.79,7.78,28
2023-05-12 14:59:00,1272,7.7904,7.785,7.785,7.785,7.785,35
2023-05-12 15:00:00,2286,7.7915,7.79,7.79,7.8,7.79,25
2023-05-12 15:01:00,11650,7.8004,7.8,7.79,7.81,7.78,126
2023-05-12 15:02:00,1968,7.7785,7.785,7.78,7.785,7.775,22
2023-05-12 15:03:00,1051,7.7776,7.775,7.78,7.78,7.775,13
2023-05-12 15:04:00,2357,7.793,7.79,7.795,7.8,7.79,26
2023-05-12 15:05:00,3954,7.7996,7.795,7.795,7.805,7.795,42
2023-05-12 15:06:00,6192,7.7909,7.79,7.79,7.8,7.79,62
2023-05-12 15:07:00,474,7.7917,7.79,7.795,7.795,7.79,7
2023-05-12 15:08:00,10493,7.8123,7.795,7.82,7.82,7.795,91
2023-05-12 15:09:00,12452,7.8045,7.81,7.8,7.815,7.8,126
2023-05-12 15:10:00,5204,7.8095,7.8,7.81,7.82,7.8,56
2023-05-12 15:11:00,2489,7.807,7.81,7.8,7.81,7.8,31
2023-05-12 15:12:00,2414,7.7952,7.8,7.78,7.8,7.78,36
2023-05-12 15:13:00,952,7.7788,7.78,7.78,7.78,7.775,15
2023-05-12 15:14:00,26898,7.7936,7.775,7.795,7.81,7.775,139
2023-05-12 15:15:00,7918,7.8025,7.8,7.79,7.81,7.79,52
2023-05-12 15:16:00,3023,7.7907,7.79,7.79,7.8,7.79,36
2023-05-12 15:17:00,309,7.7966,7.8,7.795,7.8,7.795,4
2023-05-12 15:18:00,483,7.7943,7.795,7.8,7.8,7.79,11
2023-05-12 15:19:00,471,7.7974,7.795,7.8,7.8,7.795,13
2023-05-12 15:20:00,12735,7.7968,7.7991,7.79,7.81,7.785,124
2023-05-12 15:21:00,1901,7.8005,7.795,7.805,7.81,7.795,26
2023-05-12 15:22:00,908,7.8014,7.8,7.805,7.81,7.8,13
2023-05-12 15:23:00,15154,7.8063,7.81,7.79,7.81,7.79,145
2023-05-12 15:24:00,351,7.7954,7.79,7.79,7.79,7.79,7
2023-05-12 15:26:00,3368,7.8015,7.8,7.81,7.81,7.8,38
2023-05-12 15:27:00,4895,7.7979,7.8,7.79,7.8,7.79,53
2023-05-12 15:29:00,496,7.7963,7.8,7.795,7.8,7.795,17
2023-05-12 15:30:00,3142,7.8015,7.795,7.805,7.81,7.795,30
2023-05-12 15:31:00,3582,7.7987,7.805,7.795,7.805,7.79,47
2023-05-12 15:33:00,189,7.7938,7.795,7.795,7.795,7.795,5
2023-05-12 15:34:00,3334,7.7872,7.79,7.775,7.8,7.775,54
2023-05-12 15:35:00,8462,7.7827,7.7799,7.785,7.79,7.7799,27
2023-05-12 15:36:00,9565,7.7879,7.785,7.78,7.79,7.78,40
2023-05-12 15:37:00,5605,7.7802,7.78,7.78,7.79,7.775,59
2023-05-12 15:39:00,888,7.7779,7.775,7.775,7.775,7.775,13
2023-05-12 15:40:00,480,7.7783,7.775,7.775,7.775,7.775,15
2023-05-12 15:41:00,730,7.7792,7.775,7.78,7.78,7.775,16
2023-05-12 15:42:00,12661,7.7872,7.78,7.795,7.8,7.78,107
2023-05-12 15:43:00,2027,7.794,7.795,7.795,7.8,7.79,28
2023-05-12 15:44:00,4735,7.7912,7.795,7.785,7.8,7.785,52
2023-05-12 15:45:00,800,7.7847,7.785,7.785,7.785,7.785,12
2023-05-12 15:46:00,5201,7.7928,7.785,7.795,7.8,7.785,55
2023-05-12 15:47:00,926,7.7977,7.795,7.795,7.7998,7.795,7
2023-05-12 15:48:00,1300,7.7949,7.8,7.795,7.8,7.795,4
2023-05-12 15:49:00,6691,7.8068,7.8,7.82,7.82,7.8,77
2023-05-12 15:50:00,425,7.816,7.815,7.815,7.818,7.815,7
2023-05-12 15:51:00,726,7.8145,7.815,7.815,7.82,7.81,9
2023-05-12 15:52:00,734,7.8099,7.82,7.815,7.82,7.815,10
2023-05-12 15:54:00,18668,7.8235,7.82,7.815,7.83,7.815,181
2023-05-12 15:55:00,249,7.8121,7.81,7.81,7.81,7.81,6
2023-05-12 15:56:00,6999,7.8102,7.81,7.815,7.815,7.81,61
2023-05-12 15:57:00,1851,7.8211,7.82,7.83,7.83,7.82,20
2023-05-12 15:58:00,12511,7.8303,7.825,7.835,7.84,7.825,112
2023-05-12 15:59:00,4270,7.8419,7.84,7.85,7.85,7.835,31
2023-05-12 16:00:00,3500,7.8407,7.845,7.835,7.845,7.835,35
2023-05-12 16:01:00,3842,7.8345,7.83,7.85,7.85,7.83,51
2023-05-12 16:02:00,590,7.8415,7.845,7.84,7.845,7.84,7
2023-05-12 16:03:00,1293,7.8375,7.84,7.83,7.84,7.83,11
2023-05-12 16:04:00,784,7.8364,7.835,7.835,7.84,7.835,13
2023-05-12 16:05:00,4370,7.8397,7.835,7.85,7.85,7.835,39
2023-05-12 16:06:00,342,7.8408,7.84,7.84,7.84,7.84,7
2023-05-12 16:07:00,290,7.8478,7.85,7.85,7.85,7.85,9
2023-05-12 16:08:00,972,7.8397,7.84,7.84,7.84,7.84,13
2023-05-12 16:09:00,639,7.8445,7.845,7.845,7.845,7.845,10
2023-05-12 16:10:00,21778,7.8465,7.845,7.845,7.85,7.84,217
2023-05-12 16:11:00,364,7.8427,7.84,7.84,7.84,7.84,5
2023-05-12 16:12:00,578,7.8451,7.84,7.85,7.85,7.84,14
2023-05-12 16:13:00,649,7.8448,7.845,7.84,7.845,7.84,11
2023-05-12 16:14:00,4183,7.8404,7.84,7.835,7.845,7.835,52
2023-05-12 16:15:00,10023,7.8422,7.84,7.855,7.855,7.84,95
2023-05-12 16:16:00,9049,7.8596,7.86,7.86,7.86,7.855,78
2023-05-12 16:17:00,953,7.8585,7.86,7.86,7.86,7.86,15
2023-05-12 16:18:00,685,7.8551,7.86,7.86,7.86,7.855,10
2023-05-12 16:19:00,205,7.8586,7.86,7.86,7.86,7.86,5
2023-05-12 16:20:00,767,7.8541,7.85,7.855,7.855,7.85,22
2023-05-12 16:21:00,749,7.8581,7.86,7.855,7.86,7.855,17
2023-05-12 16:22:00,704,7.8581,7.86,7.86,7.86,7.86,16
2023-05-12 16:23:00,1268,7.8551,7.86,7.86,7.86,7.85,25
2023-05-12 16:25:00,714,7.8586,7.86,7.86,7.86,7.855,23
2023-05-12 16:26:00,12709,7.8476,7.85,7.835,7.86,7.835,138
2023-05-12 16:27:00,5777,7.8412,7.835,7.84,7.85,7.835,72
2023-05-12 16:28:00,766,7.8432,7.84,7.8499,7.8499,7.84,10
2023-05-12 16:29:00,530,7.8441,7.845,7.84,7.85,7.84,11
2023-05-12 16:30:00,3369,7.8415,7.84,7.835,7.85,7.835,43
2023-05-12 16:31:00,1411,7.8329,7.83,7.84,7.84,7.83,16
2023-05-12 16:32:00,330,7.8368,7.835,7.835,7.84,7.835,4
2023-05-12 16:33:00,16818,7.8515,7.835,7.87,7.87,7.835,158
2023-05-12 16:34:00,5737,7.8694,7.87,7.87,7.87,7.87,78
2023-05-12 16:35:00,239,7.8676,7.865,7.87,7.87,7.865,5
2023-05-12 16:36:00,638,7.8652,7.865,7.87,7.87,7.865,16
2023-05-12 16:37:00,784,7.8578,7.87,7.87,7.87,7.87,11
2023-05-12 16:38:00,455,7.8675,7.86,7.86,7.86,7.86,14
2023-05-12 16:39:00,4659,7.87,7.87,7.87,7.87,7.87,68
2023-05-12 16:40:00,485,7.8663,7.865,7.87,7.87,7.865,7
2023-05-12 16:41:00,1427,7.8691,7.865,7.87,7.87,7.865,34
2023-05-12 16:42:00,275,7.8693,7.87,7.87,7.87,7.87,12
2023-05-12 16:43:00,575,7.8696,7.87,7.87,7.87,7.87,16
2023-05-12 16:44:00,845,7.8699,7.87,7.87,7.87,7.87,12
2023-05-12 16:45:00,2133,7.8664,7.865,7.87,7.87,7.86,35
2023-05-12 16:46:00,1781,7.8659,7.865,7.865,7.87,7.86,33
2023-05-12 16:47:00,17956,7.8558,7.87,7.845,7.87,7.845,179
2023-05-12 16:48:00,3560,7.8394,7.84,7.835,7.85,7.835,34
2023-05-12 16:49:00,550,7.835,7.835,7.835,7.84,7.83,6
2023-05-12 16:50:00,863,7.8365,7.835,7.84,7.84,7.835,16
2023-05-12 16:51:00,1455,7.8366,7.84,7.835,7.84,7.83,27
2023-05-12 16:52:00,2003,7.8367,7.835,7.835,7.84,7.835,25
2023-05-12 16:53:00,924,7.836,7.83,7.84,7.84,7.83,14
2023-05-12 16:54:00,1574,7.8351,7.83,7.835,7.835,7.83,23
2023-05-12 16:55:00,17251,7.8248,7.835,7.825,7.84,7.815,173
2023-05-12 16:56:00,7748,7.8352,7.83,7.845,7.85,7.83,63
2023-05-12 16:57:00,6072,7.8509,7.85,7.855,7.86,7.85,61
2023-05-12 16:59:00,413,7.8583,7.855,7.86,7.86,7.855,23
2023-05-12 17:00:00,553,7.8452,7.855,7.855,7.855,7.855,5
2023-05-12 17:01:00,4969,7.8505,7.85,7.855,7.86,7.845,59
2023-05-12 17:02:00,100,7.85,7.85,7.85,7.85,7.85,1
2023-05-12 17:03:00,2596,7.8602,7.85,7.86,7.865,7.85,44
2023-05-12 17:04:00,869,7.8669,7.865,7.87,7.87,7.865,18
2023-05-12 17:05:00,684,7.8689,7.87,7.87,7.87,7.87,17
2023-05-12 17:06:00,2414,7.8702,7.87,7.875,7.88,7.87,38
2023-05-12 17:07:00,1253,7.8817,7.88,7.89,7.89,7.88,27
2023-05-12 17:08:00,3318,7.8927,7.89,7.895,7.9,7.89,58
2023-05-12 17:09:00,9057,7.8891,7.895,7.895,7.9,7.88,84
2023-05-12 17:10:00,3789,7.8999,7.9,7.9035,7.9035,7.9,55
2023-05-12 17:11:00,4925,7.8996,7.9,7.895,7.9,7.895,55
2023-05-12 17:12:00,331,7.9,7.9,7.9,7.9,7.9,7
2023-05-12 17:13:00,1276,7.8957,7.895,7.895,7.895,7.895,16
2023-05-12 17:14:00,1771,7.8949,7.895,7.895,7.9,7.89,26
2023-05-12 17:15:00,1024,7.8963,7.895,7.9,7.9,7.895,17
2023-05-12 17:16:00,713,7.8966,7.9,7.9,7.9,7.9,20
2023-05-12 17:17:00,1307,7.8952,7.895,7.8954,7.8954,7.89,21
2023-05-12 17:18:00,11757,7.9002,7.9,7.9,7.905,7.895,143
2023-05-12 17:19:00,204,7.899,7.9,7.9,7.9,7.9,6
2023-05-12 17:20:00,392,7.8964,7.895,7.9,7.9,7.895,6
2023-05-12 17:21:00,1718,7.9002,7.9,7.905,7.905,7.9,24
2023-05-12 17:22:00,340,7.9052,7.905,7.905,7.905,7.905,7
2023-05-12 17:23:00,6283,7.9099,7.91,7.92,7.92,7.91,46
2023-05-12 17:24:00,1716,7.9273,7.925,7.93,7.93,7.925,30
2023-05-12 17:25:00,8639,7.9264,7.93,7.915,7.935,7.91,102
2023-05-12 17:26:00,2041,7.909,7.91,7.905,7.91,7.905,21
2023-05-12 17:28:00,9420,7.8958,7.9,7.9,7.9,7.89,104
2023-05-12 17:29:00,2161,7.8937,7.8915,7.895,7.895,7.8915,18
2023-05-12 17:30:00,4794,7.9005,7.895,7.9001,7.91,7.8925,39
2023-05-12 17:31:00,1907,7.9096,7.91,7.91,7.91,7.91,23
2023-05-12 17:32:00,5318,7.9081,7.91,7.9086,7.915,7.9,51
2023-05-12 17:33:00,3668,7.9095,7.9,7.915,7.917,7.9,33
2023-05-12 17:34:00,720,7.9128,7.915,7.91,7.915,7.91,15
2023-05-12 17:35:00,2747,7.9103,7.91,7.92,7.92,7.91,39
2023-05-12 17:36:00,1450,7.9097,7.91,7.91,7.91,7.91,24
2023-05-12 17:38:00,2999,7.9226,7.92,7.93,7.93,7.92,40
2023-05-12 17:39:00,2872,7.9299,7.93,7.925,7.94,7.925,43
2023-05-12 17:40:00,1569,7.93,7.93,7.93,7.93,7.93,38
2023-05-12 17:42:00,471,7.9373,7.94,7.94,7.94,7.94,12
2023-05-12 17:43:00,4339,7.9403,7.9339,7.935,7.95,7.9339,47
2023-05-12 17:44:00,280,7.9354,7.935,7.935,7.935,7.935,7
2023-05-12 17:45:00,8161,7.9281,7.935,7.915,7.94,7.915,97
2023-05-12 17:46:00,2250,7.922,7.92,7.93,7.93,7.92,24
2023-05-12 17:47:00,1013,7.9233,7.92,7.9207,7.9207,7.92,8
2023-05-12 17:48:00,174,7.9221,7.92,7.92,7.92,7.92,5
2023-05-12 17:49:00,1294,7.9232,7.92,7.925,7.93,7.92,16
2023-05-12 17:51:00,1126,7.9244,7.925,7.925,7.93,7.925,21
2023-05-12 17:52:00,4711,7.9196,7.92,7.91,7.93,7.91,82
2023-05-12 17:53:00,884,7.9128,7.91,7.915,7.92,7.91,8
2023-05-12 17:54:00,125,7.915,7.915,7.915,7.915,7.915,4
2023-05-12 17:55:00,2409,7.9152,7.915,7.9148,7.915,7.9148,13
2023-05-12 17:56:00,6482,7.9107,7.91,7.915,7.92,7.905,79
2023-05-12 17:57:00,217,7.9109,7.91,7.91,7.91,7.91,8
2023-05-12 17:59:00,6044,7.9104,7.91,7.91,7.92,7.905,76
2023-05-12 18:00:00,294,7.9059,7.91,7.9025,7.91,7.9025,7
2023-05-12 18:01:00,1100,7.9092,7.9047,7.9047,7.9047,7.9047,5
2023-05-12 18:02:00,5046,7.9108,7.91,7.915,7.915,7.91,41
2023-05-12 18:03:00,3519,7.922,7.92,7.93,7.93,7.92,46
2023-05-12 18:04:00,4177,7.9293,7.9218,7.93,7.93,7.9218,14
2023-05-12 18:05:00,2775,7.9312,7.93,7.94,7.94,7.93,32
2023-05-12 18:07:00,14072,7.9303,7.93,7.935,7.94,7.925,112
2023-05-12 18:08:00,6327,7.9308,7.93,7.93,7.94,7.925,68
2023-05-12 18:09:00,142,7.9264,7.925,7.925,7.925,7.925,4
2023-05-12 18:10:00,3341,7.9315,7.93,7.94,7.94,7.93,30
2023-05-12 18:11:00,437,7.9361,7.935,7.94,7.94,7.935,7
2023-05-12 18:12:00,5027,7.9289,7.93,7.925,7.94,7.92,55
2023-05-12 18:14:00,902,7.9287,7.93,7.93,7.93,7.925,9
2023-05-12 18:16:00,201,7.9275,7.925,7.93,7.93,7.925,3
2023-05-12 18:17:00,306,7.9292,7.93,7.93,7.93,7.93,10
2023-05-12 18:18:00,343,7.9257,7.9225,7.9225,7.9225,7.9225,7
2023-05-12 18:21:00,6704,7.92,7.925,7.915,7.93,7.91,89
2023-05-12 18:22:00,1665,7.9189,7.915,7.92,7.92,7.915,17
2023-05-12 18:23:00,223,7.9127,7.915,7.915,7.915,7.915,7
2023-05-12 18:24:00,530,7.9165,7.915,7.915,7.915,7.915,8
2023-05-12 18:25:00,865,7.9152,7.92,7.92,7.92,7.91,18
2023-05-12 18:26:00,542,7.9158,7.915,7.92,7.92,7.915,12
2023-05-12 18:27:00,939,7.9162,7.92,7.915,7.92,7.915,19
2023-05-12 18:28:00,13438,7.9252,7.92,7.93,7.935,7.92,130
2023-05-12 18:29:00,6493,7.9218,7.9272,7.91,7.93,7.91,61
2023-05-12 18:30:00,1026,7.9159,7.915,7.915,7.92,7.915,12
2023-05-12 18:31:00,821,7.9146,7.915,7.915,7.92,7.91,12
2023-05-12 18:32:00,572,7.9177,7.915,7.92,7.92,7.915,12
2023-05-12 18:34:00,5343,7.9201,7.915,7.925,7.93,7.915,52
2023-05-12 18:35:00,5106,7.9203,7.92,7.92,7.93,7.915,49
2023-05-12 18:36:00,374,7.914,7.915,7.915,7.915,7.915,6
2023-05-12 18:37:00,491,7.9165,7.915,7.915,7.915,7.915,11
2023-05-12 18:38:00,11158,7.9101,7.91,7.91,7.92,7.905,126
2023-05-12 18:39:00,1200,7.91,7.91,7.91,7.91,7.91,10
2023-05-12 18:40:00,437,7.9087,7.91,7.91,7.91,7.91,10
2023-05-12 18:41:00,6002,7.8996,7.9,7.885,7.91,7.885,95
2023-05-12 18:42:00,783,7.8884,7.885,7.885,7.89,7.885,10
2023-05-12 18:43:00,3640,7.8924,7.89,7.9,7.9,7.89,45
2023-05-12 18:44:00,3276,7.8921,7.9,7.885,7.9,7.885,52
2023-05-12 18:45:00,3058,7.8949,7.885,7.9,7.9,7.885,30
2023-05-12 18:46:00,610,7.8974,7.9,7.9,7.9,7.9,10
2023-05-12 18:47:00,1705,7.8963,7.895,7.9,7.9,7.895,31
2023-05-12 18:48:00,8059,7.8951,7.8999,7.89,7.9,7.89,82
2023-05-12 18:49:00,2108,7.8947,7.89,7.895,7.9,7.89,22
2023-05-12 18:50:00,462,7.8959,7.895,7.895,7.895,7.895,11
2023-05-12 18:51:00,829,7.8961,7.895,7.895,7.895,7.895,13
2023-05-12 18:52:00,311,7.8985,7.9,7.9,7.9,7.9,5
2023-05-12 18:53:00,211,7.8929,7.89,7.895,7.895,7.89,3
2023-05-12 18:54:00,179,7.8987,7.9,7.9,7.9,7.9,5
2023-05-12 18:55:00,606,7.8978,7.9,7.9,7.9,7.89,12
2023-05-12 18:56:00,9659,7.8918,7.895,7.895,7.9,7.885,116
2023-05-12 18:57:00,2070,7.8943,7.895,7.9,7.9,7.89,21
2023-05-12 18:58:00,316,7.8927,7.895,7.89,7.895,7.89,6
2023-05-12 18:59:00,232,7.8977,7.9,7.9,7.9,7.9,9
2023-05-12 19:00:00,2466,7.8953,7.9,7.9,7.9,7.89,28
2023-05-12 19:01:00,352,7.8938,7.895,7.895,7.895,7.895,8
2023-05-12 19:02:00,9790,7.9016,7.9,7.91,7.91,7.9,100
2023-05-12 19:03:00,582,7.9092,7.9099,7.91,7.91,7.9099,11
2023-05-12 19:04:00,8687,7.8995,7.9,7.895,7.91,7.89,101
2023-05-12 19:05:00,2889,7.8971,7.895,7.9,7.9,7.89,31
2023-05-12 19:06:00,708,7.8979,7.89,7.9,7.9,7.89,18
2023-05-12 19:08:00,828,7.8999,7.9,7.9,7.9,7.9,15
2023-05-12 19:09:00,783,7.8995,7.9,7.9,7.9,7.9,20
2023-05-12 19:10:00,6647,7.9026,7.9,7.91,7.91,7.9,68
2023-05-12 19:11:00,645,7.91,7.91,7.91,7.91,7.91,8
2023-05-12 19:12:00,595,7.9093,7.91,7.91,7.91,7.91,15
2023-05-12 19:13:00,11528,7.9016,7.91,7.9,7.91,7.895,132
2023-05-12 19:14:00,471,7.8964,7.895,7.895,7.9,7.895,6
2023-05-12 19:15:00,2785,7.8973,7.895,7.9,7.9,7.895,40
2023-05-12 19:16:00,1815,7.8966,7.9,7.895,7.9,7.895,23
2023-05-12 19:17:00,2743,7.8952,7.895,7.9,7.9,7.895,30
2023-05-12 19:18:00,783,7.8952,7.895,7.895,7.895,7.895,14
2023-05-12 19:20:00,27052,7.9006,7.9,7.895,7.91,7.89,204
2023-05-12 19:21:00,2313,7.8964,7.9,7.9,7.9,7.895,22
2023-05-12 19:22:00,1669,7.8965,7.895,7.9,7.9,7.895,20
2023-05-12 19:23:00,4266,7.8954,7.9,7.895,7.9,7.89,56
2023-05-12 19:24:00,1566,7.8973,7.9,7.9,7.9,7.895,21
2023-05-12 19:25:00,28494,7.8857,7.9,7.89,7.9,7.875,247
2023-05-12 19:26:00,17369,7.8825,7.89,7.885,7.89,7.88,150
2023-05-12 19:27:00,486,7.8882,7.89,7.89,7.89,7.89,8
2023-05-12 19:28:00,617,7.8866,7.89,7.89,7.89,7.885,7
2023-05-12 19:29:00,528,7.8895,7.89,7.89,7.89,7.89,11
2023-05-12 19:30:00,12648,7.897,7.885,7.92,7.92,7.885,111
2023-05-12 19:31:00,1265,7.9161,7.92,7.92,7.92,7.92,27
2023-05-12 19:32:00,1339,7.9199,7.92,7.92,7.92,7.92,34
2023-05-12 19:33:00,2833,7.9219,7.92,7.93,7.93,7.92,47
2023-05-12 19:34:00,5810,7.935,7.925,7.95,7.95,7.925,65
2023-05-12 19:35:00,13098,7.9431,7.95,7.94,7.96,7.935,129
2023-05-12 19:36:00,6642,7.9324,7.935,7.94,7.94,7.925,80
2023-05-12 19:37:00,1504,7.9388,7.94,7.94,7.94,7.94,20
2023-05-12 19:38:00,2583,7.9403,7.9398,7.95,7.95,7.935,43
2023-05-12 19:39:00,637,7.9553,7.96,7.9547,7.96,7.9547,14
2023-05-12 19:40:00,5725,7.9409,7.96,7.96,7.96,7.955,25
2023-05-12 19:41:00,19220,7.9454,7.955,7.945,7.955,7.94,161
2023-05-12 19:42:00,16826,7.9566,7.95,7.955,7.97,7.95,159
2023-05-12 19:43:00,12630,7.9509,7.955,7.95,7.96,7.945,112
2023-05-12 19:44:00,10508,7.9499,7.95,7.95,7.955,7.945,87
2023-05-12 19:45:00,5256,7.9494,7.9466,7.95,7.95,7.945,50
2023-05-12 19:46:00,19906,7.9481,7.945,7.945,7.95,7.94,128
2023-05-12 19:47:00,22110,7.9499,7.95,7.95,7.955,7.945,187
2023-05-12 19:48:00,3248,7.9487,7.95,7.945,7.95,7.945,31
2023-05-12 19:49:00,20013,7.9424,7.95,7.945,7.95,7.94,203
2023-05-12 19:50:00,23616,7.9497,7.95,7.945,7.955,7.945,213
2023-05-12 19:51:00,14125,7.9423,7.945,7.945,7.945,7.94,121
2023-05-12 19:52:00,22332,7.9507,7.945,7.955,7.9575,7.945,202
2023-05-12 19:53:00,20210,7.9515,7.95,7.955,7.955,7.95,197
2023-05-12 19:54:00,14269,7.962,7.95,7.975,7.9775,7.95,127
2023-05-12 19:55:00,25470,7.9817,7.98,7.98,7.99,7.975,193
2023-05-12 19:56:00,40106,7.9904,7.985,7.99,8.0,7.98,293
2023-05-12 19:57:00,25342,7.9807,7.985,7.98,7.99,7.97,207
2023-05-12 19:58:00,32357,7.986,7.98,7.99,7.99,7.975,256
2023-05-12 19:59:00,95188,7.9946,7.99,8.0,8.0,7.985,691
2023-05-12 20:00:00,9494,8.0,8.0,8.0,8.0,8.0,11
2023-05-12 20:01:00,213400,7.9647,7.9647,7.9647,7.9647,7.9647,1
2023-05-15 09:32:00,400,7.9,7.9,7.9,7.9,7.9,2
2023-05-15 09:49:00,600,7.9,7.9,7.9,7.9,7.9,1
2023-05-15 10:18:00,200,8.0,8.0,8.0,8.0,8.0,1
2023-05-15 10:25:00,300,8.0,8.0,8.0,8.0,8.0,1
2023-05-15 10:26:00,600,8.0,8.0,8.0,8.0,8.0,1
2023-05-15 10:45:00,1400,8.0,8.0,8.0,8.0,8.0,3
2023-05-15 12:32:00,377,7.98,7.98,7.98,7.98,7.98,1
2023-05-15 12:44:00,1812,7.93,7.93,7.93,7.93,7.93,5
2023-05-15 12:45:00,100,7.95,7.95,7.95,7.95,7.95,1
2023-05-15 12:46:00,600,7.9517,7.95,7.95,7.96,7.95,4
2023-05-15 13:30:00,27599,7.9799,7.98,7.98,7.98,7.98,17
2023-05-15 13:31:00,30764,8.004,7.98,7.9979,8.04,7.97,212
2023-05-15 13:32:00,3869,8.0139,8.0,8.01,8.03,8.0,35
2023-05-15 13:33:00,7598,7.997,7.99,8.0,8.01,7.98,54
2023-05-15 13:34:00,2924,8.0105,8.01,8.02,8.02,8.01,26
2023-05-15 13:35:00,3290,8.0051,8.01,8.0,8.01,7.995,42
2023-05-15 13:36:00,3984,8.0208,8.01,8.04,8.04,8.01,68
2023-05-15 13:37:00,3451,8.0413,8.0295,8.055,8.055,8.0295,26
2023-05-15 13:38:00,2027,8.0693,8.07,8.07,8.0795,8.065,36
2023-05-15 13:39:00,4663,8.0587,8.075,8.0409,8.075,8.0409,40
2023-05-15 13:40:00,4010,8.0514,8.04,8.06,8.06,8.04,57
2023-05-15 13:41:00,4034,8.0572,8.06,8.06,8.06,8.055,26
2023-05-15 13:42:00,719,8.067,8.06,8.07,8.07,8.06,28
2023-05-15 13:43:00,6320,8.0674,8.07,8.05,8.075,8.05,47
2023-05-15 13:44:00,797,8.0537,8.05,8.055,8.0585,8.05,15
2023-05-15 13:45:00,4231,8.0567,8.055,8.05,8.06,8.05,36
2023-05-15 13:46:00,4645,8.0418,8.05,8.025,8.05,8.025,45
2023-05-15 13:47:00,2689,8.0211,8.025,8.015,8.025,8.015,32
2023-05-15 13:48:00,1361,8.0142,8.02,8.015,8.02,8.01,27
2023-05-15 13:49:00,6341,8.0115,8.015,8.01,8.02,8.0,73
2023-05-15 13:50:00,4861,8.0022,8.005,8.0,8.01,8.0,58
2023-05-15 13:51:00,14409,8.016,8.01,8.0,8.03,8.0,113
2023-05-15 13:52:00,4793,7.9991,8.0,7.99,8.01,7.99,68
2023-05-15 13:53:00,7794,7.9982,7.99,7.99,8.01,7.99,59
2023-05-15 13:54:00,8229,8.001,8.0,7.995,8.01,7.995,73
2023-05-15 13:55:00,5130,8.0005,8.0,8.0,8.01,8.0,59
2023-05-15 13:56:00,5941,7.9852,7.99,7.98,8.0,7.98,46
2023-05-15 13:57:00,3028,7.9702,7.97,7.965,7.98,7.96,41
2023-05-15 13:58:00,19284,7.9856,7.96,7.99,8.0,7.96,171
2023-05-15 13:59:00,2051,7.9952,7.995,8.0,8.0,7.995,22
2023-05-15 14:00:00,6959,7.9994,7.9999,7.99,8.0,7.99,74
2023-05-15 14:01:00,302,7.9923,7.995,7.99,7.995,7.99,9
2023-05-15 14:02:00,12143,7.9997,8.0,8.0,8.01,7.9915,98
2023-05-15 14:03:00,221,7.999,7.9999,7.998,7.9999,7.998,4
2023-05-15 14:04:00,127,7.9991,8.0,8.0,8.0,8.0,5
2023-05-15 14:05:00,3230,7.9906,7.99,7.98,8.0,7.98,31
2023-05-15 14:06:00,1512,7.9811,7.98,7.97,7.99,7.97,33
2023-05-15 14:07:00,950,7.9646,7.97,7.96,7.98,7.96,21
2023-05-15 14:08:00,1426,7.9538,7.95,7.95,7.96,7.95,25
2023-05-15 14:09:00,718,7.9471,7.95,7.94,7.96,7.94,18
2023-05-15 14:10:00,2189,7.939,7.94,7.94,7.94,7.935,49
2023-05-15 14:11:00,9455,7.9612,7.94,7.98,7.98,7.94,104
2023-05-15 14:12:00,10623,7.9663,7.97,7.96,7.98,7.95,86
2023-05-15 14:13:00,3350,7.9599,7.95,7.975,7.975,7.95,37
2023-05-15 14:15:00,2449,7.9733,7.965,7.98,7.98,7.965,39
2023-05-15 14:16:00,3739,7.9787,7.98,7.98,7.99,7.97,37
2023-05-15 14:17:00,2798,7.9852,7.98,7.985,7.99,7.98,38
2023-05-15 14:18:00,100,7.98,7.98,7.98,7.98,7.98,1
2023-05-15 14:19:00,201,7.985,7.985,7.985,7.985,7.985,14
2023-05-15 14:20:00,1136,7.9769,7.98,7.97,7.99,7.97,35
2023-05-15 14:21:00,2044,7.9787,7.98,7.98,7.98,7.97,37
2023-05-15 14:22:00,14223,7.9973,7.98,8.01,8.01,7.98,122
2023-05-15 14:23:00,3809,8.0102,8.0,8.015,8.02,8.0,52
2023-05-15 14:25:00,1565,8.0135,8.01,8.015,8.02,8.01,28
2023-05-15 14:26:00,423,8.0145,8.015,8.015,8.015,8.015,13
2023-05-15 14:27:00,756,8.0139,8.01,8.02,8.02,8.01,38
2023-05-15 14:28:00,3528,8.0199,8.02,8.02,8.03,8.015,55
2023-05-15 14:29:00,4528,8.0311,8.03,8.025,8.04,8.025,84
2023-05-15 14:30:00,9236,8.0296,8.03,8.025,8.04,8.025,88
2023-05-15 14:31:00,3157,8.0213,8.025,8.015,8.03,8.01,40
2023-05-15 14:32:00,2135,8.0202,8.015,8.025,8.03,8.015,44
2023-05-15 14:33:00,11269,8.0286,8.03,8.03,8.03,8.02,112
2023-05-15 14:34:00,2969,8.0292,8.025,8.0334,8.04,8.025,34
2023-05-15 14:35:00,5612,8.0401,8.04,8.04,8.05,8.035,50
2023-05-15 14:36:00,12995,8.0424,8.04,8.045,8.05,8.035,105
2023-05-15 14:38:00,3683,8.0499,8.05,8.055,8.06,8.045,27
2023-05-15 14:40:00,12095,8.0482,8.05,8.045,8.055,8.04,121
2023-05-15 14:42:00,3807,8.0509,8.05,8.06,8.06,8.05,29
2023-05-15 14:44:00,285,8.0568,8.06,8.055,8.06,8.055,11
2023-05-15 14:45:00,2244,8.0488,8.05,8.045,8.05,8.045,46
2023-05-15 14:47:00,1758,8.0393,8.04,8.035,8.05,8.035,32
2023-05-15 14:48:00,669,8.0362,8.038,8.035,8.038,8.035,8
2023-05-15 14:49:00,1316,8.0351,8.035,8.035,8.035,8.035,16
2023-05-15 14:50:00,7177,8.0461,8.04,8.05,8.055,8.04,71
2023-05-15 14:51:00,5576,8.0598,8.06,8.055,8.065,8.05,58
2023-05-15 14:52:00,3863,8.0443,8.05,8.045,8.05,8.04,43
2023-05-15 14:53:00,7990,8.0502,8.05,8.045,8.055,8.045,65
2023-05-15 14:54:00,3662,8.0515,8.05,8.06,8.06,8.05,31
2023-05-15 14:55:00,28853,8.0608,8.06,8.045,8.075,8.045,209
2023-05-15 14:56:00,2234,8.0401,8.04,8.035,8.04,8.035,25
2023-05-15 14:57:00,235,8.0309,8.031,8.031,8.031,8.031,9
2023-05-15 14:58:00,2265,8.029,8.03,8.025,8.03,8.025,31
2023-05-15 14:59:00,1437,8.028,8.0299,8.022,8.03,8.02,22
2023-05-15 15:00:00,904,8.024,8.025,8.02,8.025,8.02,19
2023-05-15 15:01:00,4734,8.0316,8.03,8.035,8.04,8.03,40
2023-05-15 15:02:00,7422,8.0391,8.035,8.045,8.05,8.035,79
2023-05-15 15:03:00,107,8.0449,8.045,8.045,8.045,8.045,5
2023-05-15 15:04:00,216,8.045,8.045,8.045,8.045,8.045,10
2023-05-15 15:06:00,6868,8.0492,8.0476,8.0499,8.05,8.045,88
2023-05-15 15:07:00,10547,8.0492,8.05,8.05,8.05,8.045,104
2023-05-15 15:08:00,12492,8.0586,8.06,8.0521,8.06,8.0521,124
2023-05-15 15:09:00,490,8.0541,8.05,8.05,8.05,8.05,13
2023-05-15 15:10:00,6715,8.0591,8.06,8.06,8.06,8.055,73
2023-05-15 15:12:00,529,8.055,8.055,8.055,8.055,8.055,6
2023-05-15 15:13:00,1197,8.0579,8.0599,8.0599,8.0599,8.0599,17
2023-05-15 15:14:00,6835,8.0489,8.055,8.05,8.055,8.0447,50
2023-05-15 15:15:00,90404,8.0513,8.045,8.05,8.07,8.04,302
2023-05-15 15:16:00,55276,8.0409,8.05,8.06,8.06,8.03,289
2023-05-15 15:17:00,27688,8.0525,8.0628,8.045,8.0628,8.045,145
2023-05-15 15:18:00,22332,8.0354,8.04,8.0212,8.05,8.0212,60
2023-05-15 15:19:00,768,8.0226,8.02,8.025,8.025,8.02,19
2023-05-15 15:20:00,15273,8.026,8.025,8.025,8.04,8.02,130
2023-05-15 15:21:00,25136,8.03,8.025,8.01,8.04,8.01,145
2023-05-15 15:22:00,29224,8.0192,8.005,8.0206,8.025,8.005,102
2023-05-15 15:23:00,3272,8.0299,8.025,8.035,8.035,8.025,28
2023-05-15 15:24:00,30278,8.0132,8.035,8.01,8.035,8.0,183
2023-05-15 15:25:00,7114,8.0217,8.015,8.04,8.04,8.015,43
2023-05-15 15:26:00,50370,8.0573,8.04,8.06,8.08,8.04,155
2023-05-15 15:27:00,727,8.0573,8.06,8.06,8.06,8.055,14
2023-05-15 15:28:00,2502,8.0477,8.0501,8.05,8.0501,8.045,31
2023-05-15 15:29:00,317,8.0432,8.045,8.045,8.045,8.045,9
2023-05-15 15:30:00,176,8.045,8.045,8.045,8.045,8.045,5
2023-05-15 15:31:00,3495,8.0405,8.04,8.04,8.045,8.04,46
2023-05-15 15:33:00,445,8.0459,8.045,8.045,8.05,8.045,15
2023-05-15 15:34:00,3068,8.0437,8.04,8.04,8.045,8.04,17
2023-05-15 15:35:00,4076,8.0333,8.04,8.02,8.04,8.02,57
2023-05-15 15:36:00,12065,8.0188,8.02,8.02,8.02,8.01,107
2023-05-15 15:38:00,9768,8.002,8.015,7.99,8.015,7.99,92
2023-05-15 15:39:00,2866,7.9868,7.99,7.97,8.0,7.97,40
2023-05-15 15:40:00,4652,7.9605,7.96,7.965,7.97,7.955,49
2023-05-15 15:41:00,12400,7.9517,7.96,7.94,7.97,7.94,102
2023-05-15 15:42:00,6367,7.9304,7.93,7.925,7.94,7.92,64
2023-05-15 15:43:00,247,7.9226,7.92,7.92,7.92,7.92,14
2023-05-15 15:45:00,24962,7.9002,7.92,7.915,7.93,7.875,230
2023-05-15 15:46:00,7403,7.9199,7.915,7.9158,7.925,7.91,66
2023-05-15 15:47:00,12435,7.9192,7.915,7.92,7.92,7.91,82
2023-05-15 15:48:00,5780,7.9211,7.92,7.925,7.93,7.92,64
2023-05-15 15:50:00,1813,7.9204,7.92,7.915,7.92,7.915,31
2023-05-15 15:51:00,2205,7.9183,7.9187,7.9187,7.9187,7.9185,6
2023-05-15 15:52:00,2631,7.9044,7.91,7.9,7.92,7.9,52
2023-05-15 15:53:00,469,7.9021,7.9,7.91,7.91,7.9,8
2023-05-15 15:54:00,1343,7.8981,7.9,7.8918,7.9,7.8918,19
2023-05-15 15:55:00,3555,7.9021,7.9,7.905,7.91,7.9,43
2023-05-15 15:56:00,692,7.9049,7.9,7.91,7.91,7.9,15
2023-05-15 15:57:00,18595,7.9297,7.905,7.95,7.95,7.905,171
2023-05-15 15:58:00,5327,7.9542,7.945,7.965,7.965,7.945,55
2023-05-15 15:59:00,3265,7.971,7.965,7.98,7.98,7.965,46
2023-05-15 16:00:00,8788,7.9762,7.97,7.97,7.99,7.97,102
2023-05-15 16:01:00,7483,7.9898,7.98,8.005,8.005,7.98,90
2023-05-15 16:02:00,7363,7.9878,8.0,7.975,8.0,7.975,91
2023-05-15 16:03:00,2717,7.9804,7.98,7.985,7.985,7.98,45
2023-05-15 16:04:00,7245,7.9954,7.99,8.0,8.005,7.99,88
2023-05-15 16:05:00,4052,8.0024,8.0,8.01,8.01,8.0,48
2023-05-15 16:06:00,3418,8.0036,8.005,8.005,8.01,8.0003,21
2023-05-15 16:07:00,5477,8.0008,8.005,8.0,8.005,8.0,76
2023-05-15 16:08:00,9475,7.9895,8.0,7.975,8.0,7.975,98
2023-05-15 16:09:00,7235,7.9737,7.97,7.99,7.99,7.97,64
2023-05-15 16:10:00,5018,7.9977,7.99,8.0,8.0,7.99,65
2023-05-15 16:13:00,156,7.9946,7.995,7.995,7.995,7.995,5
2023-05-15 16:14:00,391,7.9957,7.995,7.998,7.998,7.995,5
2023-05-15 16:15:00,799,7.9948,7.995,7.995,8.0,7.995,9
2023-05-15 16:16:00,5630,7.9905,7.99,8.0,8.0,7.985,69
2023-05-15 16:17:00,515,7.9964,7.995,7.995,8.0,7.995,19
2023-05-15 16:18:00,8257,7.9986,7.995,8.0,8.005,7.9925,69
2023-05-15 16:19:00,497,7.9964,7.995,7.995,7.995,7.995,7
2023-05-15 16:20:00,1686,7.9947,7.995,7.9938,8.0,7.9938,14
2023-05-15 16:22:00,431,7.9952,7.995,7.995,7.995,7.995,7
2023-05-15 16:23:00,2989,7.994,7.99,7.995,8.0,7.99,20
2023-05-15 16:24:00,5464,7.9898,7.9912,7.98,8.0,7.98,71
2023-05-15 16:25:00,5606,7.9824,7.985,7.975,7.99,7.975,66
2023-05-15 16:26:00,5478,7.971,7.97,7.975,7.98,7.97,55
2023-05-15 16:27:00,725,7.9746,7.975,7.975,7.975,7.97,8
2023-05-15 16:28:00,271,7.9763,7.975,7.975,7.975,7.975,4
2023-05-15 16:29:00,3079,7.9706,7.975,7.965,7.98,7.965,46
2023-05-15 16:30:00,713,7.9617,7.965,7.96,7.965,7.96,13
2023-05-15 16:31:00,2774,7.9593,7.96,7.955,7.97,7.955,33
2023-05-15 16:32:00,277,7.9514,7.9522,7.95,7.9522,7.95,8
2023-05-15 16:33:00,1345,7.955,7.95,7.955,7.96,7.95,23
2023-05-15 16:34:00,793,7.9519,7.95,7.955,7.955,7.95,7
2023-05-15 16:35:00,13396,7.9709,7.96,7.99,7.99,7.955,142
2023-05-15 16:36:00,2720,7.9889,7.99,7.985,7.99,7.985,29
2023-05-15 16:37:00,2267,7.9832,7.9828,7.99,7.99,7.9828,10
2023-05-15 16:38:00,244,7.9873,7.985,7.985,7.985,7.985,7
2023-05-15 16:39:00,451,7.9869,7.9883,7.985,7.9883,7.985,5
2023-05-15 16:40:00,571,7.9824,7.98,7.985,7.985,7.98,11
2023-05-15 16:41:00,8158,7.9738,7.98,7.975,7.99,7.965,102
2023-05-15 16:42:00,250,7.975,7.975,7.975,7.975,7.975,6
2023-05-15 16:43:00,3038,7.9809,7.975,7.99,7.99,7.975,30
2023-05-15 16:44:00,2887,7.9911,7.99,8.0,8.0,7.99,27
2023-05-15 16:46:00,1687,7.9979,7.9978,8.0,8.0,7.9978,5
2023-05-15 16:48:00,101,7.995,7.995,7.995,7.995,7.995,2
2023-05-15 16:49:00,9482,7.9978,7.995,7.985,8.0,7.985,114
2023-05-15 16:50:00,202,7.9875,7.985,7.99,7.99,7.985,3
2023-05-15 16:52:00,10970,7.9953,7.99,8.0,8.0,7.99,82
2023-05-15 16:55:00,6261,7.9991,7.99,8.0,8.0,7.99,77
2023-05-15 16:56:00,231,8.0045,8.0056,8.005,8.0056,8.005,3
2023-05-15 16:57:00,5069,7.998,8.0,8.0,8.0,7.995,44
2023-05-15 16:58:00,393,7.9924,7.99,7.995,7.995,7.99,6
2023-05-15 16:59:00,110,7.995,7.995,7.995,7.995,7.995,2
2023-05-15 17:00:00,1080,7.994,7.9934,7.995,7.995,7.9934,7
2023-05-15 17:01:00,15561,7.9998,7.995,7.995,8.005,7.995,132
2023-05-15 17:02:00,4520,7.9904,7.99,7.985,8.0,7.985,40
2023-05-15 17:03:00,318,7.9893,7.98,7.9898,7.9898,7.98,4
2023-05-15 17:04:00,33974,8.0009,7.99,7.99,8.01,7.99,202
2023-05-15 17:05:00,5842,8.0004,7.995,8.005,8.005,7.995,37
2023-05-15 17:06:00,16247,8.005,8.005,8.005,8.005,8.005,12
2023-05-15 17:07:00,18006,8.0082,8.005,8.0,8.01,8.0,102
2023-05-15 17:08:00,8070,7.9999,8.01,8.0,8.01,7.99,51
2023-05-15 17:09:00,5869,8.0025,8.0,8.0125,8.0125,8.0,50
2023-05-15 17:10:00,401,8.0188,8.015,8.02,8.02,8.015,6
2023-05-15 17:11:00,260,8.0145,8.015,8.015,8.015,8.015,6
2023-05-15 17:12:00,17070,8.0192,8.02,8.015,8.02,8.01,146
2023-05-15 17:13:00,3305,8.01,8.015,8.005,8.015,8.005,43
2023-05-15 17:14:00,9066,8.0083,8.01,8.005,8.01,8.005,54
2023-05-15 17:15:00,241,8.0064,8.005,8.005,8.005,8.005,4
2023-05-15 17:16:00,4242,7.9995,8.0,7.99,8.01,7.99,47
2023-05-15 17:18:00,408,7.99,7.99,7.99,7.99,7.99,5
2023-05-15 17:19:00,12036,7.9906,7.99,7.995,8.0,7.985,99
2023-05-15 17:20:00,317,7.9964,7.995,7.9999,7.9999,7.995,5
2023-05-15 17:21:00,620,7.9927,7.995,7.99,7.995,7.99,5
2023-05-15 17:22:00,533,7.9952,7.995,7.995,7.995,7.995,4
2023-05-15 17:23:00,826,7.9961,7.9938,7.995,8.0,7.9938,10
2023-05-15 17:24:00,987,7.9947,8.0,7.99,8.0,7.99,10
2023-05-15 17:25:00,1524,7.9965,7.995,7.99,8.0,7.99,15
2023-05-15 17:26:00,303,7.99,7.99,7.99,7.99,7.99,5
2023-05-15 17:27:00,5337,7.9912,7.99,7.985,8.0,7.985,55
2023-05-15 17:28:00,3301,7.9858,7.98,7.99,7.99,7.98,59
2023-05-15 17:29:00,9520,7.9782,7.98,7.98,7.99,7.97,96
2023-05-15 17:30:00,8401,7.9808,7.975,7.99,7.99,7.975,76
2023-05-15 17:31:00,11850,7.9913,7.985,8.0,8.0,7.98,91
2023-05-15 17:32:00,19160,7.9997,7.99,8.005,8.005,7.99,120
2023-05-15 17:33:00,370,8.0043,8.005,8.005,8.005,8.0022,4
2023-05-15 17:34:00,845,8.0015,8.0,8.0,8.005,8.0,17
2023-05-15 17:35:00,4802,7.9998,8.0,8.0,8.0,7.995,54
2023-05-15 17:36:00,2350,7.9964,7.995,8.0,8.0,7.995,31
2023-05-15 17:37:00,1089,7.9941,7.99,8.0,8.0,7.99,17
2023-05-15 17:38:00,1479,7.9964,8.0,8.0,8.0,7.99,19
2023-05-15 17:39:00,3623,7.9971,7.995,8.0,8.0,7.995,53
2023-05-15 17:40:00,3002,7.9968,7.995,7.995,8.0,7.995,24
2023-05-15 17:41:00,4257,7.9987,7.995,8.0,8.0,7.995,44
2023-05-15 17:42:00,2109,7.997,7.995,8.0,8.0,7.995,28
2023-05-15 17:43:00,20428,7.9944,7.995,8.0,8.005,7.98,192
2023-05-15 17:44:00,2143,8.0079,8.01,8.005,8.01,8.005,20
2023-05-15 17:45:00,1331,8.005,8.005,8.005,8.005,8.005,9
2023-05-15 17:46:00,7236,8.0006,8.005,8.0,8.005,7.995,77
2023-05-15 17:47:00,1560,8.0,8.0,8.0,8.0,8.0,11
2023-05-15 17:48:00,7249,7.9992,7.995,8.005,8.005,7.995,58
2023-05-15 17:49:00,4220,8.0088,8.01,8.005,8.01,8.005,29
2023-05-15 17:51:00,18685,8.0071,8.005,8.005,8.01,8.005,67
2023-05-15 17:52:00,1147,8.0018,8.005,8.005,8.005,8.005,23
2023-05-15 17:53:00,327,8.0033,8.005,8.005,8.005,8.005,11
2023-05-15 17:54:00,474,8.0047,8.005,8.005,8.005,8.005,10
2023-05-15 17:55:00,1153,8.0033,8.005,8.005,8.005,8.0,32
2023-05-15 17:56:00,78341,8.0067,8.005,8.005,8.01,8.0,314
2023-05-15 17:57:00,22748,7.9997,8.0,7.995,8.0,7.995,71
2023-05-15 17:58:00,12562,8.0005,7.995,8.005,8.005,7.995,60
2023-05-15 17:59:00,21472,7.9997,8.0,7.995,8.0,7.9933,53
2023-05-15 18:00:00,1093,7.9955,7.995,7.995,8.0,7.995,16
2023-05-15 18:01:00,970,7.996,7.995,7.995,8.0,7.995,14
2023-05-15 18:02:00,844,7.9952,7.995,8.0,8.0,7.995,17
2023-05-15 18:03:00,16869,8.0002,7.995,7.995,8.01,7.995,113
2023-05-15 18:04:00,1406,7.9957,7.995,7.995,8.0,7.995,14
2023-05-15 18:05:00,416,7.9976,7.995,8.0,8.0,7.995,5
2023-05-15 18:06:00,18267,7.976,7.995,7.975,8.0,7.965,165
2023-05-15 18:07:00,1875,7.9776,7.975,7.98,7.98,7.975,31
2023-05-15 18:08:00,2912,7.9752,7.975,7.965,7.98,7.965,53
2023-05-15 18:09:00,12518,7.9735,7.965,7.99,7.99,7.96,112
2023-05-15 18:10:00,10672,7.981,7.985,7.98,7.99,7.975,89
2023-05-15 18:11:00,2593,7.982,7.98,7.985,7.99,7.98,33
2023-05-15 18:12:00,900,7.9878,7.985,7.99,7.99,7.985,9
2023-05-15 18:13:00,5583,7.9811,7.985,7.99,7.99,7.9801,13
2023-05-15 18:14:00,4115,7.9911,7.99,8.0,8.0,7.99,44
2023-05-15 18:15:00,4817,7.9898,7.995,7.985,8.0,7.98,62
2023-05-15 18:16:00,2746,7.9823,7.985,7.975,7.99,7.975,48
2023-05-15 18:17:00,3602,7.9799,7.975,7.98,7.985,7.975,43
2023-05-15 18:18:00,1428,7.9871,7.985,7.99,7.99,7.985,27
2023-05-15 18:19:00,2298,7.986,7.985,7.99,7.99,7.9803,36
2023-05-15 18:20:00,1860,7.9871,7.985,7.99,7.99,7.985,24
2023-05-15 18:21:00,3534,7.9868,7.985,7.99,7.99,7.98,45
2023-05-15 18:22:00,2621,7.986,7.985,7.985,7.99,7.985,47
2023-05-15 18:23:00,2162,7.9853,7.985,7.99,7.99,7.98,31
2023-05-15 18:24:00,2552,7.9856,7.985,7.99,7.99,7.98,39
2023-05-15 18:25:00,3041,7.9854,7.98,7.985,7.99,7.98,40
2023-05-15 18:26:00,6693,7.9799,7.985,7.97,7.99,7.97,88
2023-05-15 18:27:00,1036,7.9729,7.97,7.975,7.975,7.97,20
2023-05-15 18:28:00,3085,7.9756,7.975,7.98,7.98,7.97,55
2023-05-15 18:29:00,2106,7.9752,7.97,7.98,7.98,7.97,32
2023-05-15 18:30:00,2784,7.9754,7.97,7.975,7.98,7.97,34
2023-05-15 18:31:00,2358,7.9749,7.975,7.975,7.98,7.97,41
2023-05-15 18:32:00,2780,7.9738,7.97,7.97,7.98,7.97,40
2023-05-15 18:33:00,2804,7.9744,7.97,7.97,7.98,7.97,35
2023-05-15 18:34:00,9633,7.9805,7.975,7.985,7.99,7.975,96
2023-05-15 18:35:00,3165,7.9857,7.985,7.99,7.99,7.9801,42
2023-05-15 18:36:00,11334,7.9907,7.985,7.985,8.0,7.985,103
2023-05-15 18:37:00,270,7.985,7.985,7.985,7.985,7.985,2
2023-05-15 18:38:00,991,7.987,7.985,7.99,7.99,7.985,15
2023-05-15 18:39:00,1011,7.9888,7.99,7.99,7.99,7.985,16
2023-05-15 18:40:00,1622,7.9857,7.9809,7.99,7.99,7.9809,22
2023-05-15 18:41:00,2474,7.9854,7.985,7.98,7.99,7.98,26
2023-05-15 18:42:00,3371,7.986,7.985,7.99,7.99,7.98,47
2023-05-15 18:43:00,2313,7.986,7.985,7.99,7.99,7.98,28
2023-05-15 18:44:00,2076,7.986,7.985,7.99,7.99,7.98,26
2023-05-15 18:45:00,6250,7.9904,7.985,8.0,8.0,7.985,67
2023-05-15 18:46:00,1287,7.9966,7.995,8.0,8.0,7.995,13
2023-05-15 18:47:00,1230,7.9974,7.995,8.0,8.0,7.995,17
2023-05-15 18:48:00,2304,7.9989,8.0,7.995,8.0,7.995,23
2023-05-15 18:49:00,3613,7.9934,8.0,7.995,8.0,7.99,53
2023-05-15 18:50:00,3048,7.9941,7.995,8.0,8.0,7.9901,20
2023-05-15 18:51:00,7330,8.0001,7.995,8.01,8.01,7.995,67
2023-05-15 18:52:00,1336,8.0058,8.005,8.01,8.01,8.005,22
2023-05-15 18:53:00,4066,8.0084,8.01,8.01,8.01,8.005,29
2023-05-15 18:54:00,830,8.006,8.005,8.005,8.01,8.001,14
2023-05-15 18:55:00,12976,8.0061,8.005,8.0,8.01,8.0,130
2023-05-15 18:56:00,1200,7.9977,7.995,8.0,8.0,7.995,11
2023-05-15 18:57:00,1075,7.9973,8.0,8.0,8.0,7.995,14
2023-05-15 18:58:00,1275,7.9967,7.995,7.995,8.0,7.995,17
2023-05-15 18:59:00,5567,7.9985,7.99,7.9978,8.0,7.99,23
2023-05-15 19:00:00,200931,8.0005,8.0,7.995,8.01,7.995,354
2023-05-15 19:01:00,659,7.9973,7.995,8.0,8.0,7.995,9
2023-05-15 19:02:00,1224,7.9971,7.995,8.0,8.0,7.995,17
2023-05-15 19:03:00,3674,8.0,8.0,8.0,8.0,8.0,27
2023-05-15 19:04:00,916,7.999,7.995,7.9984,8.0,7.995,22
2023-05-15 19:05:00,20204,7.9999,8.0,7.995,8.005,7.995,139
2023-05-15 19:06:00,32012,8.006,7.995,8.005,8.01,7.995,185
2023-05-15 19:07:00,991,8.0061,8.005,8.005,8.01,8.005,21
2023-05-15 19:08:00,12570,8.0,8.005,7.9936,8.01,7.9936,87
2023-05-15 19:09:00,219,7.9974,7.995,8.0,8.0,7.995,7
2023-05-15 19:10:00,1208,7.9972,7.995,8.0,8.0,7.995,17
2023-05-15 19:11:00,1005,7.9985,8.0,7.995,8.0,7.995,18
2023-05-15 19:12:00,2766,7.9967,8.0,8.0,8.0,7.995,23
2023-05-15 19:13:00,6419,7.9954,7.995,7.995,8.0,7.9906,47
2023-05-15 19:14:00,8396,7.9959,7.995,8.0,8.0,7.99,65
2023-05-15 19:15:00,4596,7.9961,7.99,8.0,8.0,7.99,40
2023-05-15 19:16:00,4892,7.9962,7.995,8.0,8.0,7.99,60
2023-05-15 19:17:00,7133,7.9961,7.995,8.0,8.0,7.99,57
2023-05-15 19:18:00,4195,7.9964,7.995,8.0,8.0,7.99,43
2023-05-15 19:19:00,4063,7.996,7.995,7.99,8.0,7.99,47
2023-05-15 19:20:00,23226,7.9913,7.995,8.0,8.0,7.985,188
2023-05-15 19:21:00,20401,7.9994,8.0,8.0,8.0,7.995,175
2023-05-15 19:22:00,3299,7.9969,7.995,8.0,8.0,7.995,36
2023-05-15 19:23:00,23903,7.9999,8.0,8.0,8.0,7.995,175
2023-05-15 19:24:00,16895,8.0008,8.0,8.0,8.005,8.0,106
2023-05-15 19:25:00,6709,7.9901,7.995,7.99,8.0,7.985,45
2023-05-15 19:26:00,2064,7.9879,7.985,7.99,7.99,7.984,45
2023-05-15 19:27:00,3101,7.9867,7.985,7.99,7.99,7.98,36
2023-05-15 19:28:00,3283,7.9879,7.985,7.985,7.99,7.98,36
2023-05-15 19:29:00,1839,7.9884,7.99,7.99,7.99,7.985,28
2023-05-15 19:30:00,5898,7.9887,7.99,7.99,7.99,7.985,79
2023-05-15 19:31:00,8635,7.9897,7.99,8.0,8.0,7.9825,106
2023-05-15 19:32:00,17625,7.9908,8.0,7.99,8.0,7.985,145
2023-05-15 19:33:00,24851,7.9977,7.985,8.0,8.0,7.985,205
2023-05-15 19:34:00,14496,7.9994,8.0,8.0,8.0,7.995,134
2023-05-15 19:35:00,16010,7.9938,7.995,7.995,8.0,7.99,152
2023-05-15 19:36:00,5433,7.9977,7.99,8.0,8.0,7.99,61
2023-05-15 19:37:00,52773,8.0017,8.0,8.005,8.01,7.995,355
2023-05-15 19:38:00,13599,8.0002,8.005,7.995,8.01,7.995,124
2023-05-15 19:39:00,2761,7.9978,7.995,8.0,8.0,7.995,33
2023-05-15 19:40:00,10431,8.0016,8.0,8.01,8.01,8.0,71
2023-05-15 19:41:00,7875,8.0025,8.01,8.005,8.01,8.0027,30
2023-05-15 19:42:00,16726,8.0088,8.01,8.005,8.01,8.005,124
2023-05-15 19:43:00,835,8.0068,8.01,8.005,8.01,8.005,18
2023-05-15 19:44:00,4559,8.0044,8.005,8.0,8.01,8.0,65
2023-05-15 19:45:00,2109,8.0063,8.005,8.005,8.01,8.005,27
2023-05-15 19:46:00,4447,8.0063,8.005,8.005,8.01,8.005,41
2023-05-15 19:47:00,24734,8.0096,8.005,8.0175,8.02,8.005,148
2023-05-15 19:48:00,6281,8.0146,8.015,8.015,8.02,8.01,54
2023-05-15 19:49:00,17271,8.0223,8.015,8.03,8.03,8.015,121
2023-05-15 19:50:00,28609,8.0402,8.03,8.055,8.06,8.03,242
2023-05-15 19:51:00,6916,8.0537,8.055,8.06,8.06,8.05,61
2023-05-15 19:52:00,8967,8.0559,8.055,8.055,8.06,8.055,85
2023-05-15 19:53:00,7486,8.0561,8.06,8.055,8.06,8.055,60
2023-05-15 19:54:00,177958,8.0601,8.06,8.055,8.07,8.05,318
2023-05-15 19:55:00,48583,8.0451,8.055,8.035,8.06,8.025,420
2023-05-15 19:56:00,50044,8.0444,8.035,8.05,8.05,8.03,425
2023-05-15 19:57:00,25232,8.0483,8.05,8.045,8.05,8.045,250
2023-05-15 19:58:00,39276,8.0486,8.05,8.045,8.05,8.04,321
2023-05-15 19:59:00,80564,8.0403,8.045,8.05,8.05,8.03,636
2023-05-15 20:00:00,31238,8.05,8.05,8.05,8.05,8.05,14
2023-05-15 20:02:00,75000,8.0283,8.0283,8.0283,8.0283,8.0283,1
2023-05-15 21:42:00,1000,8.03,8.03,8.03,8.03,8.03,1
2023-05-16 12:00:00,120,8.085,8.09,8.09,8.09,8.09,2
2023-05-16 12:16:00,200,7.7911,7.7911,7.7911,7.7911,7.7911,1
2023-05-16 13:27:00,890,8.0,8.0,8.0,8.0,8.0,12
2023-05-16 13:28:00,690,7.9041,7.89,7.98,7.98,7.89,7
2023-05-16 13:29:00,1629,7.9815,7.98,7.98,8.0,7.98,5
2023-05-16 13:30:00,21798,7.9999,8.0,8.0,8.0,8.0,24
2023-05-16 13:31:00,20710,8.0035,7.98,8.02,8.03,7.98,216
2023-05-16 13:32:00,7796,8.0427,8.02,8.05,8.055,8.02,55
2023-05-16 13:33:00,4495,8.046,8.03,8.065,8.065,8.03,52
2023-05-16 13:34:00,866,8.0606,8.06,8.06,8.06,8.06,10
2023-05-16 13:35:00,2073,8.0679,8.07,8.06,8.07,8.055,32
2023-05-16 13:36:00,3639,8.0409,8.05,8.035,8.05,8.03,58
2023-05-16 13:37:00,6378,8.0377,8.03,8.04,8.04,8.03,80
2023-05-16 13:38:00,5639,8.0336,8.03,8.0401,8.0401,8.03,55
2023-05-16 13:39:00,351,8.0468,8.045,8.05,8.05,8.045,12
2023-05-16 13:40:00,3787,8.0523,8.045,8.06,8.06,8.045,46
2023-05-16 13:41:00,7856,8.0356,8.05,8.03,8.05,8.03,90
2023-05-16 13:42:00,3163,8.063,8.04,8.06,8.07,8.04,43
2023-05-16 13:43:00,1385,8.0495,8.06,8.045,8.06,8.04,19
2023-05-16 13:44:00,2758,8.0393,8.04,8.035,8.05,8.03,34
2023-05-16 13:45:00,918,8.0371,8.04,8.04,8.04,8.035,21
2023-05-16 13:46:00,3820,8.0321,8.032,8.04,8.04,8.03,52
2023-05-16 13:47:00,2057,8.0226,8.025,8.03,8.03,8.02,33
2023-05-16 13:48:00,1287,7.9991,8.01,7.99,8.02,7.98,22
2023-05-16 13:49:00,6086,7.9994,7.99,8.01,8.0108,7.99,53
2023-05-16 13:50:00,499,7.9862,7.99,7.985,7.99,7.985,9
2023-05-16 13:51:00,5202,7.987,7.985,7.985,8.0,7.98,39
2023-05-16 13:52:00,3276,8.0017,7.99,8.01,8.01,7.99,38
2023-05-16 13:53:00,235,8.0068,8.005,8.005,8.005,8.005,6
2023-05-16 13:54:00,4457,8.0002,8.005,8.005,8.01,7.99,60
2023-05-16 13:55:00,3556,8.0073,8.01,8.005,8.015,8.005,21
2023-05-16 13:56:00,3369,8.0007,8.0,8.005,8.01,8.0,30
2023-05-16 13:57:00,414,8.005,8.0022,8.01,8.01,8.0022,8
2023-05-16 13:58:00,1296,8.0019,8.005,8.0,8.01,8.0,13
2023-05-16 13:59:00,4258,8.0058,8.005,8.0045,8.01,8.0,29
2023-05-16 14:00:00,1456,8.0067,8.005,8.01,8.01,8.005,19
2023-05-16 14:01:00,895,8.005,8.005,8.005,8.005,8.005,15
2023-05-16 14:02:00,8283,8.0011,8.0,8.0,8.01,7.995,92
2023-05-16 14:03:00,3535,7.9942,8.0,7.99,8.005,7.985,41
2023-05-16 14:04:00,3965,7.9898,7.995,7.98,8.0,7.98,38
2023-05-16 14:05:00,3143,7.9799,7.98,7.985,7.99,7.975,47
2023-05-16 14:06:00,7324,7.9837,7.98,8.0,8.0,7.975,58
2023-05-16 14:07:00,3094,8.0004,7.995,8.01,8.01,7.995,31
2023-05-16 14:08:00,2159,8.0034,8.005,8.01,8.01,8.0,28
2023-05-16 14:09:00,2145,8.0008,8.01,7.995,8.01,7.995,38
2023-05-16 14:10:00,15939,7.9966,7.99,8.005,8.01,7.98,123
2023-05-16 14:11:00,2948,7.9996,8.005,7.995,8.01,7.99,34
2023-05-16 14:12:00,1117,8.0012,8.0,8.005,8.005,8.0,24
2023-05-16 14:13:00,4244,8.0074,8.01,8.0,8.015,8.0,65
2023-05-16 14:15:00,2902,8.0072,8.0,8.015,8.015,8.0,37
2023-05-16 14:16:00,2860,8.0194,8.015,8.025,8.025,8.015,36
2023-05-16 14:17:00,6246,8.0124,8.02,8.01,8.02,8.005,72
2023-05-16 14:18:00,1092,8.021,8.02,8.025,8.025,8.02,21
2023-05-16 14:19:00,3340,8.0299,8.03,8.025,8.04,8.02,41
2023-05-16 14:20:00,2089,8.0164,8.025,8.005,8.025,8.005,42
2023-05-16 14:21:00,2688,8.0086,8.005,8.01,8.01,8.0,45
2023-05-16 14:22:00,2982,8.0069,8.01,8.005,8.01,8.005,28
2023-05-16 14:23:00,4162,8.0093,8.005,8.01,8.015,8.003,66
2023-05-16 14:24:00,4158,8.0205,8.01,8.03,8.03,8.01,55
2023-05-16 14:25:00,355,8.0214,8.025,8.025,8.025,8.025,9
2023-05-16 14:26:00,514,8.0206,8.0201,8.0201,8.0201,8.0201,10
2023-05-16 14:27:00,508,8.0249,8.025,8.025,8.025,8.025,10
2023-05-16 14:28:00,1493,8.0243,8.025,8.025,8.025,8.02,24
2023-05-16 14:29:00,4964,8.0292,8.025,8.025,8.035,8.02,65
2023-05-16 14:30:00,1405,8.0314,8.03,8.035,8.035,8.03,27
2023-05-16 14:31:00,1331,8.0296,8.03,8.03,8.03,8.03,31
2023-05-16 14:32:00,7529,8.0212,8.02,8.025,8.03,8.015,74
2023-05-16 14:33:00,319,8.025,8.025,8.025,8.025,8.025,6
2023-05-16 14:34:00,1546,8.0196,8.02,8.015,8.02,8.015,34
2023-05-16 14:35:00,5031,8.0094,8.01,8.005,8.01,8.0,78
2023-05-16 14:36:00,2225,8.0033,8.0,8.0,8.01,7.995,28
2023-05-16 14:39:00,4835,8.0095,8.005,8.02,8.02,8.0,61
2023-05-16 14:40:00,338,8.0146,8.015,8.015,8.015,8.015,8
2023-05-16 14:41:00,575,8.016,8.015,8.015,8.015,8.015,17
2023-05-16 14:42:00,5784,8.0195,8.01,8.03,8.03,8.01,79
2023-05-16 14:43:00,966,8.024,8.025,8.025,8.025,8.02,18
2023-05-16 14:44:00,2536,8.0311,8.03,8.035,8.035,8.03,36
2023-05-16 14:45:00,3540,8.0398,8.04,8.045,8.045,8.03,65
2023-05-16 14:46:00,3416,8.0389,8.04,8.035,8.04,8.035,38
2023-05-16 14:47:00,1137,8.0355,8.035,8.035,8.035,8.035,23
2023-05-16 14:49:00,4543,8.0293,8.035,8.02,8.035,8.02,70
2023-05-16 14:50:00,3473,8.0158,8.025,8.015,8.025,8.0107,30
2023-05-16 14:51:00,5509,8.0105,8.01,8.01,8.015,8.005,72
2023-05-16 14:52:00,4662,8.021,8.02,8.025,8.025,8.02,47
2023-05-16 14:53:00,669,8.0243,8.025,8.02,8.025,8.02,10
2023-05-16 14:54:00,3701,8.0302,8.025,8.035,8.035,8.025,54
2023-05-16 14:55:00,4550,8.0454,8.04,8.05,8.05,8.04,47
2023-05-16 14:56:00,1931,8.0595,8.055,8.06,8.065,8.055,34
2023-05-16 14:57:00,198,8.0652,8.065,8.065,8.065,8.065,9
2023-05-16 14:58:00,4958,8.0611,8.07,8.055,8.07,8.055,69
2023-05-16 14:59:00,1013,8.0553,8.055,8.06,8.06,8.05,27
2023-05-16 15:00:00,5707,8.0767,8.06,8.095,8.095,8.06,78
2023-05-16 15:01:00,1402,8.0946,8.095,8.095,8.1,8.09,23
2023-05-16 15:02:00,669,8.0946,8.095,8.095,8.095,8.095,2
2023-05-16 15:03:00,2740,8.0897,8.095,8.09,8.095,8.085,38
2023-05-16 15:04:00,484,8.0856,8.085,8.085,8.085,8.085,9
2023-05-16 15:05:00,5703,8.0829,8.09,8.07,8.09,8.07,57
2023-05-16 15:06:00,3052,8.0623,8.07,8.065,8.07,8.06,38
2023-05-16 15:07:00,2339,8.0669,8.06,8.065,8.07,8.06,25
2023-05-16 15:08:00,5937,8.0721,8.065,8.075,8.075,8.065,48
2023-05-16 15:09:00,5320,8.0697,8.07,8.075,8.075,8.065,49
2023-05-16 15:10:00,365,8.0755,8.075,8.075,8.075,8.075,12
2023-05-16 15:11:00,412,8.0749,8.075,8.075,8.075,8.075,9
2023-05-16 15:12:00,3231,8.0805,8.08,8.085,8.085,8.08,46
2023-05-16 15:13:00,692,8.0788,8.085,8.085,8.085,8.085,17
2023-05-16 15:14:00,4998,8.0749,8.08,8.065,8.08,8.065,65
2023-05-16 15:15:00,3563,8.0702,8.065,8.0777,8.0777,8.065,41
2023-05-16 15:16:00,1821,8.0657,8.07,8.055,8.075,8.055,35
2023-05-16 15:17:00,4309,8.0633,8.0587,8.075,8.075,8.0587,30
2023-05-16 15:18:00,466,8.0733,8.075,8.075,8.075,8.075,6
2023-05-16 15:19:00,12517,8.075,8.08,8.07,8.085,8.07,136
2023-05-16 15:20:00,742,8.0749,8.075,8.075,8.08,8.07,13
2023-05-16 15:21:00,650,8.074,8.075,8.075,8.075,8.07,14
2023-05-16 15:22:00,1056,8.0782,8.0788,8.0788,8.0788,8.0788,7
2023-05-16 15:23:00,1503,8.0772,8.075,8.08,8.08,8.075,7
2023-05-16 15:24:00,802,8.0756,8.075,8.075,8.075,8.075,20
2023-05-16 15:25:00,850,8.0741,8.0725,8.075,8.075,8.07,14
2023-05-16 15:26:00,7979,8.0802,8.075,8.08,8.085,8.075,79
2023-05-16 15:27:00,1268,8.0879,8.09,8.085,8.09,8.085,18
2023-05-16 15:28:00,1546,8.0819,8.08,8.0804,8.09,8.08,19
2023-05-16 15:29:00,23723,8.108,8.09,8.1288,8.13,8.09,169
2023-05-16 15:30:00,13136,8.1294,8.13,8.125,8.135,8.12,133
2023-05-16 15:31:00,1334,8.1246,8.125,8.12,8.13,8.12,26
2023-05-16 15:32:00,8183,8.1196,8.12,8.115,8.125,8.11,102
2023-05-16 15:33:00,1887,8.1044,8.11,8.09,8.11,8.09,39
2023-05-16 15:34:00,1674,8.0913,8.095,8.08,8.095,8.08,41
2023-05-16 15:35:00,4177,8.0901,8.085,8.095,8.095,8.085,26
2023-05-16 15:36:00,3093,8.088,8.095,8.08,8.095,8.08,45
2023-05-16 15:37:00,1409,8.0744,8.075,8.065,8.0788,8.065,27
2023-05-16 15:38:00,2565,8.0529,8.06,8.05,8.06,8.045,32
2023-05-16 15:39:00,1032,8.0447,8.045,8.045,8.045,8.045,20
2023-05-16 15:40:00,2576,8.0501,8.045,8.05,8.055,8.045,32
2023-05-16 15:41:00,1343,8.0512,8.05,8.05,8.055,8.05,27
2023-05-16 15:42:00,2043,8.0506,8.0511,8.055,8.055,8.045,41
2023-05-16 15:43:00,125,8.0514,8.05,8.05,8.05,8.05,8
2023-05-16 15:44:00,4532,8.0602,8.06,8.055,8.065,8.055,41
2023-05-16 15:45:00,4288,8.0666,8.06,8.075,8.075,8.06,57
2023-05-16 15:46:00,3550,8.0795,8.08,8.08,8.085,8.08,45
2023-05-16 15:47:00,6197,8.0705,8.075,8.075,8.075,8.07,75
2023-05-16 15:48:00,2109,8.0801,8.08,8.085,8.085,8.075,36
2023-05-16 15:49:00,423,8.0849,8.085,8.085,8.085,8.085,12
2023-05-16 15:50:00,150,8.0848,8.085,8.085,8.085,8.085,6
2023-05-16 15:51:00,536,8.0839,8.085,8.08,8.085,8.08,13
2023-05-16 15:52:00,7231,8.0897,8.085,8.085,8.095,8.085,65
2023-05-16 15:53:00,408,8.0816,8.085,8.08,8.085,8.08,6
2023-05-16 15:54:00,877,8.0825,8.085,8.085,8.085,8.08,18
2023-05-16 15:55:00,244,8.0845,8.085,8.085,8.085,8.085,12
2023-05-16 15:56:00,2175,8.0826,8.0825,8.085,8.085,8.08,16
2023-05-16 15:57:00,3209,8.0837,8.08,8.085,8.09,8.08,47
2023-05-16 15:58:00,2796,8.0858,8.0867,8.08,8.0867,8.08,14
2023-05-16 15:59:00,2584,8.0815,8.08,8.085,8.085,8.08,27
2023-05-16 16:00:00,6512,8.075,8.08,8.07,8.08,8.065,93
2023-05-16 16:01:00,4526,8.0706,8.07,8.07,8.075,8.07,44
2023-05-16 16:02:00,1760,8.0663,8.07,8.055,8.07,8.05,28
2023-05-16 16:03:00,416,8.0553,8.055,8.055,8.055,8.055,17
2023-05-16 16:04:00,3039,8.0498,8.05,8.05,8.05,8.045,38
2023-05-16 16:05:00,238,8.0498,8.05,8.05,8.05,8.05,6
2023-05-16 16:06:00,7088,8.0552,8.05,8.055,8.065,8.05,53
2023-05-16 16:07:00,7508,8.0506,8.055,8.045,8.055,8.045,82
2023-05-16 16:08:00,2409,8.0504,8.045,8.055,8.055,8.045,24
2023-05-16 16:09:00,143,8.0552,8.055,8.055,8.055,8.055,8
2023-05-16 16:11:00,1788,8.0485,8.05,8.04,8.05,8.04,29
2023-05-16 16:12:00,5724,8.0504,8.045,8.055,8.055,8.045,54
2023-05-16 16:13:00,3419,8.0603,8.0593,8.06,8.07,8.0562,36
2023-05-16 16:14:00,2601,8.0606,8.065,8.055,8.0685,8.055,37
2023-05-16 16:15:00,337,8.0595,8.0599,8.06,8.06,8.0599,11
2023-05-16 16:16:00,374,8.058,8.055,8.055,8.055,8.055,11
2023-05-16 16:17:00,3205,8.0507,8.05,8.055,8.055,8.05,18
2023-05-16 16:18:00,920,8.0545,8.055,8.05,8.055,8.05,17
2023-05-16 16:19:00,3236,8.0502,8.0575,8.045,8.0575,8.045,49
2023-05-16 16:20:00,333,8.0436,8.045,8.04,8.045,8.04,9
2023-05-16 16:21:00,2632,8.0385,8.04,8.035,8.04,8.03,35
2023-05-16 16:22:00,7105,8.0402,8.035,8.035,8.045,8.035,87
2023-05-16 16:23:00,3116,8.0353,8.04,8.035,8.04,8.035,17
2023-05-16 16:24:00,1351,8.0406,8.04,8.045,8.045,8.04,28
2023-05-16 16:25:00,1150,8.0469,8.045,8.05,8.05,8.045,17
2023-05-16 16:26:00,360,8.0444,8.045,8.045,8.045,8.045,16
2023-05-16 16:27:00,3299,8.0398,8.045,8.03,8.045,8.03,53
2023-05-16 16:28:00,1215,8.0266,8.03,8.025,8.03,8.02,28
2023-05-16 16:29:00,7641,8.0291,8.025,8.03,8.03,8.02,85
2023-05-16 16:31:00,113,8.0254,8.025,8.025,8.025,8.025,4
2023-05-16 16:32:00,930,8.0235,8.02,8.025,8.025,8.02,10
2023-05-16 16:33:00,12558,8.0382,8.03,8.055,8.055,8.03,85
2023-05-16 16:34:00,357,8.0463,8.055,8.055,8.055,8.055,10
2023-05-16 16:35:00,436,8.0596,8.0586,8.06,8.06,8.0586,12
2023-05-16 16:36:00,4863,8.06,8.06,8.055,8.065,8.055,63
2023-05-16 16:37:00,3424,8.0605,8.06,8.055,8.065,8.055,43
2023-05-16 16:38:00,475,8.0567,8.055,8.06,8.06,8.055,10
2023-05-16 16:39:00,507,8.0569,8.06,8.055,8.06,8.055,10
2023-05-16 16:40:00,9165,8.0727,8.06,8.08,8.08,8.06,80
2023-05-16 16:41:00,344,8.0764,8.08,8.075,8.08,8.075,12
2023-05-16 16:42:00,831,8.0654,8.075,8.075,8.075,8.075,14
2023-05-16 16:43:00,4478,8.0682,8.075,8.065,8.075,8.06,43
2023-05-16 16:44:00,4203,8.0604,8.065,8.055,8.065,8.055,39
2023-05-16 16:45:00,9533,8.0603,8.06,8.055,8.065,8.055,71
2023-05-16 16:46:00,963,8.0559,8.055,8.055,8.06,8.05,18
2023-05-16 16:47:00,2788,8.0468,8.055,8.04,8.055,8.04,39
2023-05-16 16:48:00,1086,8.0344,8.035,8.03,8.035,8.03,11
2023-05-16 16:49:00,4343,8.0375,8.03,8.04,8.04,8.03,43
2023-05-16 16:50:00,116,8.0357,8.035,8.035,8.035,8.035,10
2023-05-16 16:51:00,1418,8.0315,8.035,8.03,8.035,8.03,34
2023-05-16 16:52:00,429,8.0321,8.025,8.025,8.025,8.025,10
2023-05-16 16:53:00,692,8.0257,8.025,8.025,8.025,8.025,13
2023-05-16 16:54:00,606,8.0255,8.025,8.025,8.025,8.025,12
2023-05-16 16:55:00,3048,8.0313,8.025,8.035,8.035,8.025,34
2023-05-16 16:56:00,1030,8.0355,8.035,8.03,8.04,8.03,19
2023-05-16 16:57:00,5179,8.0401,8.04,8.045,8.045,8.035,58
2023-05-16 16:58:00,670,8.0462,8.05,8.05,8.05,8.05,16
2023-05-16 16:59:00,6427,8.0472,8.05,8.045,8.055,8.04,80
2023-05-16 17:00:00,2755,8.0508,8.05,8.055,8.055,8.05,38
2023-05-16 17:01:00,470,8.0554,8.055,8.055,8.055,8.055,15
2023-05-16 17:02:00,230,8.055,8.055,8.055,8.055,8.055,8
2023-05-16 17:03:00,7093,8.0452,8.055,8.035,8.055,8.035,77
2023-05-16 17:04:00,445,8.0317,8.03,8.03,8.03,8.03,13
2023-05-16 17:05:00,7277,8.0208,8.03,8.015,8.04,8.015,63
2023-05-16 17:06:00,4349,8.0197,8.015,8.025,8.025,8.01,69
2023-05-16 17:07:00,427,8.0288,8.03,8.03,8.03,8.03,21
2023-05-16 17:08:00,4176,8.0308,8.0245,8.04,8.04,8.0245,49
2023-05-16 17:09:00,1422,8.0349,8.035,8.035,8.035,8.035,16
2023-05-16 17:10:00,1275,8.0358,8.035,8.035,8.035,8.035,25
2023-05-16 17:11:00,3503,8.0296,8.03,8.025,8.04,8.025,57
2023-05-16 17:12:00,525,8.0231,8.02,8.0279,8.0279,8.02,16
2023-05-16 17:13:00,1093,8.027,8.025,8.025,8.025,8.025,37
2023-05-16 17:14:00,1350,8.0264,8.025,8.03,8.03,8.025,32
2023-05-16 17:15:00,894,8.025,8.025,8.02,8.03,8.02,15
2023-05-16 17:16:00,1750,8.024,8.025,8.0254,8.03,8.0214,30
2023-05-16 17:17:00,8037,8.0208,8.02,8.015,8.03,8.01,85
2023-05-16 17:18:00,2722,8.0081,8.0103,8.0,8.02,8.0,45
2023-05-16 17:19:00,1114,8.0057,8.005,8.005,8.005,8.0,21
2023-05-16 17:20:00,1275,8.0047,8.005,8.005,8.01,8.005,36
2023-05-16 17:21:00,8412,8.0012,8.005,8.005,8.01,8.0,100
2023-05-16 17:22:00,1113,8.0033,8.005,8.0,8.005,8.0,23
2023-05-16 17:23:00,12684,8.0099,8.005,8.005,8.02,8.0,126
2023-05-16 17:25:00,519,8.0045,8.005,8.005,8.005,8.005,12
2023-05-16 17:26:00,624,8.0052,8.0,8.005,8.005,8.0,16
2023-05-16 17:27:00,6314,7.9953,8.0,7.98,8.01,7.98,73
2023-05-16 17:28:00,6482,7.9815,7.98,7.985,7.99,7.98,78
2023-05-16 17:29:00,768,7.9869,7.98,7.98,7.98,7.98,21
2023-05-16 17:30:00,972,7.9867,7.985,7.99,7.99,7.985,33
2023-05-16 17:31:00,11041,7.9895,7.985,7.985,8.0,7.98,136
2023-05-16 17:32:00,504,7.9876,7.985,7.985,7.99,7.985,12
2023-05-16 17:34:00,2852,7.9885,7.985,7.99,7.99,7.98,19
2023-05-16 17:35:00,1325,7.986,7.985,7.985,7.985,7.985,35
2023-05-16 17:36:00,4936,7.9913,7.985,8.0,8.0,7.985,71
2023-05-16 17:37:00,1256,7.9979,7.995,8.0,8.0,7.995,26
2023-05-16 17:38:00,11606,7.9868,7.995,7.975,8.0,7.975,103
2023-05-16 17:39:00,452,7.9778,7.97,7.975,7.975,7.97,9
2023-05-16 17:40:00,457,7.9758,7.975,7.975,7.975,7.975,13
2023-05-16 17:41:00,1171,7.9799,7.975,7.98,7.98,7.975,25
2023-05-16 17:42:00,12076,7.9811,7.98,7.975,7.99,7.975,142
2023-05-16 17:43:00,5189,7.9805,7.98,7.975,7.99,7.975,76
2023-05-16 17:45:00,4505,7.9799,7.978,7.985,7.985,7.978,55
2023-05-16 17:46:00,588,7.9847,7.985,7.99,7.99,7.985,23
2023-05-16 17:47:00,7774,7.9893,7.985,7.985,7.995,7.985,85
2023-05-16 17:48:00,2931,7.9903,7.985,7.995,7.995,7.985,53
2023-05-16 17:49:00,2272,7.9936,7.995,7.995,8.0,7.9913,33
2023-05-16 17:50:00,6236,7.991,7.99,7.985,8.0,7.985,88
2023-05-16 17:51:00,4537,7.9898,7.985,7.99,7.995,7.985,71
2023-05-16 17:52:00,330,7.9933,7.995,7.995,7.995,7.995,10
2023-05-16 17:53:00,1292,7.9938,7.9902,7.995,8.0,7.9902,21
2023-05-16 17:54:00,1140,7.9962,7.995,7.995,7.995,7.995,32
2023-05-16 17:55:00,1547,7.9956,7.995,8.0,8.0,7.99,32
2023-05-16 17:56:00,646,7.9962,7.9975,7.9975,7.9975,7.9975,22
2023-05-16 17:57:00,13214,8.0005,7.995,8.0,8.01,7.99,149
2023-05-16 17:58:00,1262,7.9954,7.995,7.995,8.0,7.9916,14
2023-05-16 17:59:00,4744,7.9899,7.99,7.985,8.0,7.985,59
2023-05-16 18:02:00,2811,7.9854,7.985,7.985,7.99,7.985,17
2023-05-16 18:03:00,1209,7.987,7.985,7.99,7.99,7.985,23
2023-05-16 18:04:00,7918,7.9808,7.9825,7.97,7.99,7.97,105
2023-05-16 18:05:00,10205,7.9711,7.975,7.975,7.98,7.96,129
2023-05-16 18:06:00,3159,7.9704,7.97,7.965,7.98,7.965,43
2023-05-16 18:07:00,3627,7.9712,7.97,7.975,7.975,7.97,51
2023-05-16 18:08:00,4811,7.9702,7.975,7.965,7.98,7.96,55
2023-05-16 18:10:00,943,7.9687,7.97,7.965,7.97,7.965,28
2023-05-16 18:11:00,3139,7.9723,7.97,7.98,7.98,7.97,37
2023-05-16 18:12:00,10234,7.9793,7.975,7.975,7.99,7.975,93
2023-05-16 18:13:00,577,7.9756,7.97,7.975,7.975,7.97,17
2023-05-16 18:15:00,273,7.9744,7.975,7.975,7.975,7.975,12
2023-05-16 18:16:00,889,7.9761,7.975,7.975,7.98,7.975,21
2023-05-16 18:17:00,2502,7.9786,7.98,7.98,7.98,7.975,45
2023-05-16 18:18:00,902,7.9787,7.98,7.98,7.98,7.975,10
2023-05-16 18:19:00,2362,7.976,7.98,7.975,7.98,7.975,33
2023-05-16 18:20:00,9257,7.9869,7.975,7.995,8.0,7.975,124
2023-05-16 18:21:00,6241,7.9905,7.995,7.985,8.0,7.985,72
2023-05-16 18:22:00,4060,7.9905,7.99,7.995,7.995,7.985,41
2023-05-16 18:23:00,747,7.995,7.995,7.995,7.995,7.995,17
2023-05-16 18:24:00,9376,7.9989,7.995,8.0,8.0,7.992,105
2023-05-16 18:25:00,1517,8.001,8.0,8.005,8.01,8.0,28
2023-05-16 18:26:00,11388,7.9903,8.0,7.98,8.01,7.98,115
2023-05-16 18:27:00,2015,7.9853,7.985,7.99,7.99,7.98,16
2023-05-16 18:28:00,542,7.985,7.985,7.99,7.99,7.98,6
2023-05-16 18:29:00,1232,7.9883,7.985,7.99,7.99,7.985,27
2023-05-16 18:30:00,14806,7.9848,7.98,7.995,7.995,7.98,89
2023-05-16 18:31:00,5958,7.9913,7.995,7.985,8.0,7.98,67
2023-05-16 18:32:00,1811,7.9829,7.98,7.985,7.99,7.98,21
2023-05-16 18:33:00,9588,7.9794,7.98,7.975,7.99,7.975,85
2023-05-16 18:34:00,3346,7.9823,7.98,7.985,7.9887,7.98,40
2023-05-16 18:35:00,1225,7.9862,7.985,7.99,7.99,7.985,19
2023-05-16 18:36:00,6865,7.9792,7.99,7.975,7.99,7.97,84
2023-05-16 18:37:00,877,7.9733,7.97,7.97,7.98,7.97,22
2023-05-16 18:38:00,1187,7.9758,7.975,7.975,7.98,7.97,37
2023-05-16 18:39:00,27156,7.9955,7.98,8.015,8.015,7.98,191
2023-05-16 18:40:00,9682,8.0171,8.02,8.02,8.02,8.01,82
2023-05-16 18:41:00,4693,8.0212,8.02,8.025,8.0251,8.02,31
2023-05-16 18:42:00,3169,8.0315,8.03,8.04,8.04,8.03,41
2023-05-16 18:43:00,539,8.0165,8.04,8.04,8.04,8.04,12
2023-05-16 18:44:00,6514,8.0463,8.04,8.055,8.055,8.04,55
2023-05-16 18:45:00,6240,8.0603,8.055,8.065,8.065,8.055,74
2023-05-16 18:46:00,7111,8.0603,8.065,8.065,8.065,8.055,68
2023-05-16 18:47:00,3588,8.0608,8.06,8.06,8.065,8.06,62
2023-05-16 18:49:00,924,8.0572,8.055,8.055,8.06,8.055,17
2023-05-16 18:50:00,560,8.0571,8.055,8.055,8.055,8.055,15
2023-05-16 18:51:00,9376,8.0657,8.0592,8.075,8.075,8.0592,81
2023-05-16 18:52:00,13260,8.0682,8.075,8.055,8.0799,8.055,83
2023-05-16 18:53:00,1122,8.0581,8.055,8.055,8.055,8.055,20
2023-05-16 18:54:00,1993,8.0609,8.055,8.065,8.065,8.055,32
2023-05-16 18:55:00,3367,8.0716,8.07,8.08,8.08,8.07,39
2023-05-16 18:56:00,1473,8.0715,8.075,8.075,8.075,8.07,22
2023-05-16 18:57:00,643,8.0748,8.08,8.075,8.08,8.075,25
2023-05-16 18:58:00,3498,8.0704,8.075,8.07,8.075,8.07,56
2023-05-16 18:59:00,734,8.0652,8.06,8.065,8.065,8.06,23
2023-05-16 19:00:00,4411,8.0673,8.065,8.065,8.07,8.065,34
2023-05-16 19:01:00,251,8.0662,8.065,8.065,8.065,8.065,9
2023-05-16 19:02:00,550,8.0688,8.065,8.065,8.065,8.065,18
2023-05-16 19:03:00,1037,8.0678,8.07,8.07,8.07,8.06,21
2023-05-16 19:04:00,2081,8.0655,8.065,8.065,8.065,8.06,39
2023-05-16 19:05:00,14968,8.0655,8.06,8.07,8.08,8.06,152
2023-05-16 19:06:00,1927,8.069,8.07,8.065,8.07,8.065,32
2023-05-16 19:07:00,3734,8.0606,8.06,8.06,8.065,8.06,61
2023-05-16 19:08:00,397,8.0568,8.05,8.05,8.05,8.05,16
2023-05-16 19:09:00,1254,8.0559,8.055,8.055,8.06,8.05,29
2023-05-16 19:10:00,559,8.0556,8.055,8.055,8.055,8.055,18
2023-05-16 19:11:00,1012,8.0552,8.055,8.055,8.055,8.055,31
2023-05-16 19:12:00,9167,8.0622,8.055,8.0775,8.08,8.05,115
2023-05-16 19:13:00,2978,8.0708,8.075,8.07,8.075,8.07,35
2023-05-16 19:14:00,32752,8.0776,8.07,8.085,8.09,8.07,107
2023-05-16 19:15:00,9468,8.0849,8.081,8.09,8.1,8.08,102
2023-05-16 19:16:00,4435,8.0885,8.09,8.09,8.1,8.09,51
2023-05-16 19:17:00,9271,8.1002,8.095,8.105,8.11,8.095,117
2023-05-16 19:18:00,1858,8.0984,8.1,8.0906,8.1,8.0906,45
2023-05-16 19:19:00,1504,8.0954,8.095,8.095,8.1,8.095,37
2023-05-16 19:20:00,8362,8.088,8.09,8.09,8.09,8.085,96
2023-05-16 19:21:00,4545,8.0914,8.09,8.095,8.1,8.09,47
2023-05-16 19:22:00,355,8.095,8.09,8.1,8.1,8.09,20
2023-05-16 19:23:00,397,8.095,8.095,8.095,8.095,8.095,21
2023-05-16 19:24:00,1688,8.0926,8.095,8.095,8.1,8.09,35
2023-05-16 19:25:00,15279,8.105,8.095,8.115,8.12,8.095,150
2023-05-16 19:26:00,18620,8.12,8.115,8.12,8.13,8.11,151
2023-05-16 19:28:00,8324,8.1254,8.12,8.125,8.13,8.12,86
2023-05-16 19:29:00,711,8.1288,8.13,8.13,8.13,8.125,14
2023-05-16 19:30:00,3042,8.1247,8.12,8.1238,8.13,8.12,39
2023-05-16 19:31:00,1327,8.1226,8.125,8.12,8.13,8.12,24
2023-05-16 19:32:00,1219,8.121,8.12,8.125,8.125,8.12,15
2023-05-16 19:33:00,7847,8.1218,8.12,8.12,8.13,8.12,66
2023-05-16 19:34:00,40956,8.1006,8.125,8.09,8.13,8.085,418
2023-05-16 19:35:00,1103,8.0959,8.095,8.1,8.1,8.09,15
2023-05-16 19:36:00,492,8.1029,8.1,8.1,8.1,8.1,6
2023-05-16 19:37:00,6959,8.0902,8.09,8.095,8.1,8.085,72
2023-05-16 19:38:00,1620,8.095,8.095,8.095,8.1,8.095,28
2023-05-16 19:39:00,917,8.0939,8.09,8.095,8.1,8.09,18
2023-05-16 19:40:00,9183,8.1006,8.095,8.105,8.11,8.095,93
2023-05-16 19:41:00,7861,8.096,8.1,8.095,8.11,8.09,109
2023-05-16 19:42:00,1529,8.0966,8.1,8.09,8.1,8.09,20
2023-05-16 19:43:00,19083,8.0956,8.09,8.105,8.11,8.085,190
2023-05-16 19:44:00,5267,8.0995,8.105,8.1,8.11,8.1,29
2023-05-16 19:45:00,7013,8.1,8.1,8.0999,8.11,8.09,76
2023-05-16 19:46:00,5442,8.0928,8.095,8.09,8.1,8.09,80
2023-05-16 19:47:00,2684,8.0928,8.0975,8.09,8.1,8.09,48
2023-05-16 19:48:00,11891,8.0978,8.09,8.095,8.1,8.09,98
2023-05-16 19:49:00,4080,8.0945,8.09,8.095,8.1,8.09,51
2023-05-16 19:50:00,7138,8.098,8.095,8.095,8.1,8.09,86
2023-05-16 19:51:00,26961,8.1005,8.095,8.11,8.11,8.095,246
2023-05-16 19:52:00,2648,8.1036,8.105,8.1,8.1073,8.1,31
2023-05-16 19:53:00,21361,8.1127,8.1,8.13,8.13,8.1,245
2023-05-16 19:54:00,11449,8.1184,8.12,8.115,8.125,8.11,115
2023-05-16 19:55:00,12644,8.1129,8.11,8.115,8.12,8.11,105
2023-05-16 19:56:00,11609,8.1143,8.115,8.115,8.12,8.11,112
2023-05-16 19:57:00,27822,8.1092,8.115,8.11,8.1175,8.1,247
2023-05-16 19:58:00,24375,8.1079,8.105,8.105,8.11,8.1,241
2023-05-16 19:59:00,38372,8.1017,8.105,8.09,8.11,8.09,434
2023-05-16 20:00:00,18306,8.09,8.09,8.09,8.09,8.09,14
2023-05-16 20:02:00,20683,8.0219,8.0219,8.0219,8.0219,8.0219,1
