t,v,vw,o,c,h,l,n
2023-10-16 13:30:00,5303,13.06,13.06,13.06,13.06,13.06,5
2023-10-16 13:31:00,213,13.0466,13.048,13.048,13.048,13.048,3
2023-10-16 13:32:00,1638,13.0933,13.07,13.09,13.115,13.07,31
2023-10-16 13:33:00,3081,13.1438,13.16,13.13,13.17,13.129,60
2023-10-16 13:34:00,725,13.1267,13.118,13.14,13.14,13.11,10
2023-10-16 13:35:00,720,13.1349,13.13,13.135,13.14,13.13,32
2023-10-16 13:36:00,1925,13.0968,13.1,13.11,13.11,13.09,58
2023-10-16 13:37:00,988,13.0994,13.1,13.1,13.1,13.098,17
2023-10-16 13:38:00,531,13.1087,13.11,13.11,13.11,13.11,17
2023-10-16 13:39:00,1172,13.1121,13.11,13.11,13.12,13.11,12
2023-10-16 13:40:00,958,13.0888,13.1,13.08,13.1,13.08,18
2023-10-16 13:41:00,1269,13.0616,13.0699,13.05,13.0699,13.05,20
2023-10-16 13:42:00,258,13.0394,13.04,13.04,13.04,13.04,7
2023-10-16 13:43:00,751,13.0513,13.04,13.04,13.04,13.04,24
2023-10-16 13:44:00,171,13.0463,13.05,13.05,13.05,13.05,8
2023-10-16 13:45:00,655,13.0378,13.04,13.03,13.04,13.03,17
2023-10-16 13:46:00,242,13.04,13.04,13.04,13.04,13.04,4
2023-10-16 13:47:00,368,13.05,13.05,13.05,13.05,13.05,8
2023-10-16 13:48:00,200,13.0475,13.045,13.05,13.05,13.045,2
2023-10-16 13:49:00,444,13.0556,13.055,13.06,13.06,13.055,9
2023-10-16 13:50:00,644,13.0686,13.06,13.07,13.07,13.06,15
2023-10-16 13:52:00,369,13.0851,13.085,13.088,13.088,13.085,7
2023-10-16 13:53:00,558,13.0731,13.08,13.07,13.08,13.07,14
2023-10-16 13:54:00,1382,13.0506,13.06,13.04,13.06,13.04,33
2023-10-16 13:55:00,497,13.0379,13.04,13.04,13.04,13.03,10
2023-10-16 13:57:00,733,13.0124,13.02,13.01,13.02,13.01,8
2023-10-16 13:58:00,1858,12.984,13.0,12.98,13.0,12.975,27
2023-10-16 13:59:00,235,12.9627,12.97,12.955,12.97,12.955,7
2023-10-16 14:00:00,894,12.9595,12.96,12.95,12.9675,12.95,16
2023-10-16 14:01:00,1327,12.9404,12.9399,12.94,12.94,12.93,14
2023-10-16 14:02:00,399,12.9552,12.95,12.96,12.96,12.95,9
2023-10-16 14:04:00,1525,12.9626,12.96,12.97,12.97,12.96,25
2023-10-16 14:05:00,1138,12.9523,12.96,12.95,12.96,12.95,21
2023-10-16 14:06:00,831,12.9564,12.95,12.96,12.96,12.95,13
2023-10-16 14:07:00,365,12.95,12.95,12.95,12.95,12.95,9
2023-10-16 14:08:00,380,12.9507,12.9499,12.95,12.95,12.9499,14
2023-10-16 14:09:00,468,12.9663,12.965,12.965,12.965,12.965,7
2023-10-16 14:10:00,463,12.9723,12.978,12.97,12.978,12.97,12
2023-10-16 14:11:00,334,12.9777,12.97,12.99,12.99,12.97,6
2023-10-16 14:12:00,215,12.9875,12.985,12.985,12.985,12.985,5
2023-10-16 14:13:00,546,13.0069,13.005,13.01,13.01,13.005,14
2023-10-16 14:14:00,654,13.0269,13.02,13.03,13.03,13.02,10
2023-10-16 14:15:00,346,13.033,13.03,13.04,13.04,13.03,10
2023-10-16 14:16:00,237,13.04,13.04,13.04,13.04,13.04,8
2023-10-16 14:17:00,865,13.0318,13.03,13.04,13.04,13.03,28
2023-10-16 14:18:00,1762,13.0241,13.04,13.02,13.04,13.02,20
2023-10-16 14:19:00,374,13.0237,13.025,13.025,13.025,13.025,7
2023-10-16 14:20:00,145,13.03,13.03,13.03,13.03,13.03,4
2023-10-16 14:21:00,1115,13.0091,13.03,13.0,13.03,13.0,19
2023-10-16 14:22:00,1986,12.9967,13.0,12.99,13.0,12.99,14
2023-10-16 14:23:00,1129,12.987,12.985,12.99,12.99,12.98,16
2023-10-16 14:24:00,1420,12.9888,12.985,12.99,12.99,12.985,23
2023-10-16 14:25:00,935,12.9818,12.99,12.98,12.99,12.98,26
2023-10-16 14:28:00,700,13.0089,13.01,13.01,13.01,13.01,15
2023-10-16 14:29:00,861,13.0099,13.01,13.01,13.01,13.01,20
2023-10-16 14:30:00,1672,13.0126,13.01,13.02,13.02,13.01,21
2023-10-16 14:31:00,398,13.0186,13.02,13.02,13.02,13.02,12
2023-10-16 14:32:00,699,13.0157,13.02,13.01,13.02,13.01,16
2023-10-16 14:33:00,297,13.0204,13.02,13.02,13.02,13.02,12
2023-10-16 14:34:00,6957,13.0172,13.01,13.03,13.03,13.0,40
2023-10-16 14:35:00,1955,13.0469,13.04,13.05,13.055,13.04,21
2023-10-16 14:36:00,370,13.0479,13.05,13.05,13.05,13.05,9
2023-10-16 14:38:00,519,13.0503,13.0493,13.05,13.05,13.0493,12
2023-10-16 14:39:00,287,13.0502,13.05,13.05,13.05,13.05,8
2023-10-16 14:40:00,519,13.0501,13.05,13.05,13.05,13.05,11
2023-10-16 14:43:00,1122,13.0534,13.055,13.06,13.06,13.05,18
2023-10-16 14:44:00,711,13.0726,13.07,13.071,13.075,13.07,13
2023-10-16 14:45:00,1708,13.0787,13.08,13.0754,13.08,13.0754,17
2023-10-16 14:46:00,455,13.08,13.08,13.08,13.08,13.08,7
2023-10-16 14:47:00,347,13.0835,13.085,13.085,13.085,13.08,6
2023-10-16 14:48:00,553,13.0927,13.09,13.09,13.09,13.09,13
2023-10-16 14:49:00,516,13.1004,13.1,13.095,13.105,13.095,18
2023-10-16 14:50:00,828,13.0898,13.09,13.0899,13.09,13.0899,13
2023-10-16 14:53:00,116,13.089,13.09,13.09,13.09,13.09,3
2023-10-16 14:54:00,1877,13.0886,13.08,13.095,13.095,13.08,21
2023-10-16 14:55:00,1951,13.1019,13.0986,13.1,13.105,13.095,30
2023-10-16 14:56:00,960,13.1095,13.105,13.11,13.11,13.105,18
2023-10-16 14:58:00,8196,13.1224,13.1205,13.125,13.13,13.12,42
2023-10-16 14:59:00,453,13.1322,13.125,13.14,13.14,13.125,9
2023-10-16 15:00:00,753,13.1428,13.14,13.145,13.15,13.14,10
2023-10-16 15:01:00,738,13.1407,13.15,13.135,13.15,13.135,21
2023-10-16 15:04:00,2736,13.1305,13.14,13.13,13.14,13.13,43
2023-10-16 15:05:00,1534,13.1308,13.13,13.13,13.13,13.13,26
2023-10-16 15:06:00,880,13.1436,13.14,13.15,13.15,13.14,22
2023-10-16 15:07:00,730,13.16,13.16,13.16,13.16,13.16,13
2023-10-16 15:08:00,522,13.1607,13.16,13.16,13.16,13.16,12
2023-10-16 15:09:00,500,13.1501,13.1511,13.15,13.1511,13.15,10
2023-10-16 15:10:00,580,13.1393,13.14,13.14,13.14,13.14,17
2023-10-16 15:11:00,519,13.1446,13.14,13.15,13.15,13.14,8
2023-10-16 15:12:00,125,13.1395,13.14,13.14,13.14,13.14,4
2023-10-16 15:14:00,170,13.135,13.135,13.135,13.135,13.135,5
2023-10-16 15:15:00,430,13.1346,13.13,13.1399,13.1399,13.13,7
2023-10-16 15:17:00,1023,13.1388,13.14,13.135,13.14,13.135,20
2023-10-16 15:18:00,675,13.1371,13.13,13.1391,13.1391,13.13,3
2023-10-16 15:19:00,584,13.14,13.14,13.14,13.14,13.14,6
2023-10-16 15:20:00,222,13.1447,13.145,13.145,13.145,13.145,6
2023-10-16 15:21:00,383,13.1533,13.155,13.155,13.155,13.155,16
2023-10-16 15:22:00,208,13.1649,13.17,13.16,13.17,13.16,5
2023-10-16 15:23:00,3035,13.1556,13.16,13.155,13.16,13.15,45
2023-10-16 15:25:00,874,13.1572,13.16,13.15,13.16,13.15,15
2023-10-16 15:26:00,493,13.1539,13.16,13.15,13.16,13.15,12
2023-10-16 15:27:00,2601,13.1388,13.1527,13.13,13.1527,13.13,41
2023-10-16 15:28:00,2202,13.1303,13.13,13.14,13.14,13.125,22
2023-10-16 15:29:00,207,13.1349,13.135,13.135,13.135,13.135,4
2023-10-16 15:30:00,1678,13.1302,13.13,13.13,13.13,13.13,20
2023-10-16 15:31:00,644,13.1292,13.13,13.125,13.13,13.125,12
2023-10-16 15:32:00,845,13.1261,13.125,13.13,13.13,13.12,10
2023-10-16 15:33:00,6620,13.1161,13.125,13.11,13.125,13.11,81
2023-10-16 15:34:00,2432,13.1182,13.115,13.11,13.12,13.11,17
2023-10-16 15:35:00,3791,13.1146,13.12,13.1,13.12,13.1,45
2023-10-16 15:36:00,906,13.1038,13.1,13.11,13.11,13.1,20
2023-10-16 15:38:00,102,13.1199,13.12,13.12,13.12,13.12,2
2023-10-16 15:39:00,352,13.115,13.115,13.115,13.115,13.115,7
2023-10-16 15:40:00,4501,13.1282,13.115,13.13,13.13,13.115,34
2023-10-16 15:41:00,160,13.1401,13.14,13.14,13.14,13.14,5
2023-10-16 15:42:00,197,13.1427,13.145,13.145,13.145,13.145,5
2023-10-16 15:43:00,1012,13.1494,13.15,13.15,13.15,13.145,6
2023-10-16 15:44:00,955,13.1479,13.14,13.15,13.15,13.14,8
2023-10-16 15:46:00,472,13.1473,13.1489,13.1489,13.1489,13.1489,8
2023-10-16 15:47:00,1018,13.1418,13.14,13.14,13.145,13.14,27
2023-10-16 15:48:00,125,13.1396,13.14,13.14,13.14,13.14,7
2023-10-16 15:49:00,5200,13.1296,13.13,13.13,13.135,13.125,44
2023-10-16 15:50:00,372,13.1249,13.125,13.125,13.125,13.125,6
2023-10-16 15:51:00,200,13.125,13.125,13.125,13.125,13.125,1
2023-10-16 15:52:00,380,13.1263,13.125,13.125,13.13,13.125,6
2023-10-16 15:53:00,412,13.1272,13.125,13.125,13.13,13.125,6
2023-10-16 15:54:00,200,13.1275,13.13,13.125,13.13,13.125,2
2023-10-16 15:55:00,537,13.1251,13.125,13.125,13.125,13.125,9
2023-10-16 15:57:00,788,13.1252,13.125,13.125,13.125,13.125,17
2023-10-16 15:58:00,764,13.1257,13.125,13.125,13.125,13.125,8
2023-10-16 15:59:00,544,13.1251,13.125,13.125,13.125,13.125,9
2023-10-16 16:00:00,3703,13.1305,13.1286,13.135,13.14,13.1286,30
2023-10-16 16:01:00,2171,13.1287,13.13,13.129,13.13,13.125,28
2023-10-16 16:02:00,509,13.125,13.125,13.125,13.125,13.125,3
2023-10-16 16:03:00,920,13.1249,13.125,13.125,13.125,13.125,13
2023-10-16 16:04:00,510,13.125,13.125,13.125,13.125,13.125,6
2023-10-16 16:05:00,4392,13.1293,13.125,13.13,13.13,13.125,17
2023-10-16 16:06:00,5725,13.13,13.13,13.135,13.135,13.125,58
2023-10-16 16:07:00,652,13.1386,13.14,13.1399,13.14,13.135,9
2023-10-16 16:09:00,105,13.135,13.135,13.135,13.135,13.135,2
2023-10-16 16:10:00,2069,13.1296,13.13,13.13,13.13,13.125,48
2023-10-16 16:11:00,335,13.1255,13.125,13.125,13.125,13.125,3
2023-10-16 16:12:00,1318,13.1205,13.12,13.115,13.125,13.115,40
2023-10-16 16:13:00,536,13.115,13.115,13.115,13.115,13.115,7
2023-10-16 16:14:00,100,13.12,13.12,13.12,13.12,13.12,1
2023-10-16 16:15:00,500,13.1141,13.115,13.1115,13.115,13.1115,7
2023-10-16 16:16:00,270,13.115,13.115,13.115,13.115,13.115,5
2023-10-16 16:17:00,3494,13.12,13.115,13.1263,13.13,13.115,29
2023-10-16 16:18:00,301,13.1283,13.13,13.13,13.13,13.125,4
2023-10-16 16:19:00,399,13.125,13.125,13.125,13.125,13.125,4
2023-10-16 16:20:00,614,13.125,13.125,13.125,13.125,13.125,10
2023-10-16 16:21:00,420,13.1261,13.13,13.125,13.13,13.125,9
2023-10-16 16:22:00,7014,13.1257,13.125,13.125,13.13,13.12,64
2023-10-16 16:23:00,5831,13.121,13.125,13.12,13.125,13.115,62
2023-10-16 16:24:00,242,13.1194,13.12,13.12,13.12,13.12,3
2023-10-16 16:25:00,101,13.12,13.12,13.12,13.12,13.12,2
2023-10-16 16:26:00,110,13.115,13.115,13.115,13.115,13.115,2
2023-10-16 16:27:00,201,13.115,13.115,13.115,13.115,13.115,2
2023-10-16 16:28:00,462,13.118,13.12,13.115,13.12,13.115,9
2023-10-16 16:30:00,11115,13.1044,13.115,13.0814,13.115,13.0814,116
2023-10-16 16:32:00,2305,13.0686,13.08,13.06,13.08,13.06,35
2023-10-16 16:33:00,2118,13.042,13.05,13.035,13.05,13.035,17
2023-10-16 16:34:00,927,13.0343,13.035,13.03,13.04,13.03,19
2023-10-16 16:36:00,3546,13.0403,13.04,13.045,13.045,13.04,19
2023-10-16 16:38:00,2414,13.0502,13.05,13.05,13.055,13.05,18
2023-10-16 16:39:00,131,13.0412,13.04,13.04,13.04,13.04,5
2023-10-16 16:40:00,880,13.0327,13.04,13.025,13.04,13.025,21
2023-10-16 16:41:00,366,13.0279,13.029,13.025,13.029,13.025,5
2023-10-16 16:42:00,1582,13.0209,13.0209,13.02,13.0209,13.02,9
2023-10-16 16:43:00,1270,13.0295,13.03,13.03,13.03,13.03,18
2023-10-16 16:45:00,1277,13.0258,13.025,13.02,13.0299,13.02,16
2023-10-16 16:46:00,380,13.0219,13.0238,13.02,13.0238,13.02,6
2023-10-16 16:48:00,171,13.0229,13.0235,13.0235,13.0235,13.0235,14
2023-10-16 16:49:00,384,13.0273,13.025,13.03,13.03,13.025,14
2023-10-16 16:50:00,410,13.0238,13.02,13.025,13.03,13.02,9
2023-10-16 16:51:00,701,13.0259,13.025,13.025,13.03,13.025,17
2023-10-16 16:53:00,1051,13.0244,13.025,13.025,13.025,13.0243,23
2023-10-16 16:54:00,3254,13.0292,13.02,13.03,13.03,13.02,32
2023-10-16 16:55:00,314,13.0366,13.035,13.04,13.04,13.035,8
2023-10-16 16:56:00,316,13.0346,13.035,13.035,13.035,13.035,10
2023-10-16 16:57:00,1467,13.0282,13.03,13.02,13.03,13.02,25
2023-10-16 16:58:00,1726,13.0192,13.02,13.0154,13.02,13.015,29
2023-10-16 16:59:00,628,13.0187,13.02,13.02,13.02,13.015,12
2023-10-16 17:01:00,3332,13.0198,13.015,13.02,13.02,13.015,26
2023-10-16 17:02:00,1280,13.0199,13.02,13.02,13.02,13.015,19
2023-10-16 17:04:00,203,13.0269,13.0259,13.0259,13.0259,13.0259,4
2023-10-16 17:05:00,361,13.0285,13.025,13.03,13.03,13.025,6
2023-10-16 17:06:00,374,13.023,13.02,13.025,13.025,13.02,3
2023-10-16 17:07:00,2400,13.0301,13.03,13.03,13.03,13.03,28
2023-10-16 17:08:00,203,13.0374,13.035,13.04,13.04,13.035,4
2023-10-16 17:10:00,1562,13.0403,13.04,13.04,13.04,13.04,20
2023-10-16 17:11:00,155,13.0468,13.045,13.045,13.045,13.045,3
2023-10-16 17:12:00,1377,13.0496,13.045,13.05,13.05,13.045,20
2023-10-16 17:13:00,1969,13.0497,13.05,13.045,13.05,13.045,25
2023-10-16 17:14:00,250,13.049,13.0488,13.0488,13.0488,13.0488,2
2023-10-16 17:16:00,1420,13.0414,13.045,13.04,13.045,13.04,21
2023-10-16 17:17:00,355,13.0323,13.03,13.03,13.03,13.03,5
2023-10-16 17:19:00,543,13.0343,13.035,13.0315,13.035,13.0315,6
2023-10-16 17:20:00,1574,13.0253,13.03,13.02,13.03,13.02,24
2023-10-16 17:21:00,337,13.0098,13.01,13.01,13.01,13.01,8
2023-10-16 17:22:00,3266,13.0109,13.01,13.01,13.015,13.01,27
2023-10-16 17:23:00,1453,13.0043,13.004,13.0086,13.0086,13.0009,3
2023-10-16 17:25:00,2173,12.995,13.0,12.975,13.0,12.975,27
2023-10-16 17:26:00,185,12.978,12.98,12.98,12.98,12.98,4
2023-10-16 17:27:00,2387,12.9808,12.98,12.99,12.99,12.98,18
2023-10-16 17:28:00,2160,12.9952,12.99,13.0,13.0,12.99,21
2023-10-16 17:29:00,345,13.0052,13.005,13.005,13.005,13.005,9
2023-10-16 17:30:00,462,12.9988,13.0,12.9999,13.0,12.995,10
2023-10-16 17:32:00,996,13.0002,12.9963,13.0,13.0,12.9963,10
2023-10-16 17:33:00,1619,13.0104,13.01,13.02,13.02,13.01,20
2023-10-16 17:34:00,156,13.0154,13.015,13.015,13.015,13.015,12
2023-10-16 17:37:00,1194,13.0228,13.02,13.025,13.03,13.02,11
2023-10-16 17:38:00,1223,13.0276,13.03,13.03,13.03,13.025,18
2023-10-16 17:39:00,1192,13.029,13.025,13.03,13.03,13.025,11
2023-10-16 17:41:00,280,13.0354,13.04,13.035,13.04,13.035,3
2023-10-16 17:43:00,206,13.0475,13.045,13.05,13.05,13.045,4
2023-10-16 17:44:00,403,13.0488,13.05,13.045,13.05,13.045,5
2023-10-16 17:45:00,1544,13.0398,13.04,13.035,13.04,13.035,34
2023-10-16 17:46:00,760,13.0365,13.0371,13.035,13.0371,13.035,5
2023-10-16 17:47:00,100,13.0387,13.0387,13.0387,13.0387,13.0387,1
2023-10-16 17:48:00,343,13.0321,13.035,13.03,13.035,13.03,4
2023-10-16 17:50:00,181,13.0378,13.04,13.04,13.04,13.04,3
2023-10-16 17:51:00,1223,13.0295,13.03,13.025,13.03,13.025,28
2023-10-16 17:52:00,401,13.0244,13.02,13.0205,13.0205,13.02,4
2023-10-16 17:53:00,543,13.0297,13.03,13.03,13.03,13.03,8
2023-10-16 17:54:00,1098,13.021,13.03,13.02,13.03,13.02,26
2023-10-16 17:55:00,200,13.02,13.02,13.02,13.02,13.02,3
2023-10-16 17:56:00,275,13.0211,13.02,13.02,13.02,13.02,5
2023-10-16 17:57:00,331,13.0221,13.0205,13.0205,13.0205,13.0205,9
2023-10-16 17:58:00,5050,13.0189,13.02,13.015,13.02,13.015,52
2023-10-16 17:59:00,157,13.0147,13.015,13.015,13.015,13.015,3
2023-10-16 18:00:00,201,13.01,13.01,13.01,13.01,13.01,2
2023-10-16 18:01:00,7118,13.0188,13.01,13.025,13.025,13.01,46
2023-10-16 18:02:00,2091,13.019,13.021,13.015,13.021,13.015,24
2023-10-16 18:03:00,1138,13.0201,13.02,13.02,13.02,13.02,14
2023-10-16 18:06:00,4886,13.0206,13.025,13.025,13.025,13.02,55
2023-10-16 18:08:00,224,13.0255,13.025,13.025,13.025,13.025,5
2023-10-16 18:09:00,158,13.0258,13.025,13.025,13.025,13.025,5
2023-10-16 18:10:00,2683,13.0301,13.03,13.03,13.03,13.03,25
2023-10-16 18:11:00,2882,13.0304,13.04,13.03,13.04,13.03,34
2023-10-16 18:12:00,327,13.025,13.025,13.025,13.025,13.025,4
2023-10-16 18:13:00,664,13.0261,13.025,13.0299,13.0299,13.025,3
2023-10-16 18:14:00,280,13.0235,13.02,13.025,13.025,13.02,7
2023-10-16 18:16:00,321,13.0269,13.03,13.025,13.03,13.025,3
2023-10-16 18:18:00,3898,13.03,13.03,13.03,13.03,13.03,18
2023-10-16 18:19:00,372,13.0382,13.035,13.04,13.04,13.035,5
2023-10-16 18:21:00,1845,13.0299,13.03,13.0285,13.03,13.0285,34
2023-10-16 18:23:00,2654,13.0202,13.02,13.02,13.02,13.02,36
2023-10-16 18:24:00,100,13.025,13.025,13.025,13.025,13.025,1
2023-10-16 18:25:00,398,13.0246,13.025,13.021,13.025,13.021,5
2023-10-16 18:26:00,192,13.0249,13.025,13.025,13.025,13.025,3
2023-10-16 18:27:00,610,13.0248,13.03,13.02,13.03,13.02,7
2023-10-16 18:28:00,306,13.025,13.02,13.025,13.025,13.02,7
2023-10-16 18:29:00,7676,13.0176,13.02,13.005,13.02,13.005,67
2023-10-16 18:30:00,120,13.0008,13.0,13.0,13.0,13.0,3
2023-10-16 18:31:00,540,13.0066,13.005,13.005,13.01,13.005,8
2023-10-16 18:32:00,5758,13.0096,13.005,13.01,13.01,13.005,32
2023-10-16 18:33:00,922,13.0216,13.02,13.03,13.03,13.02,12
2023-10-16 18:34:00,690,13.0412,13.04,13.045,13.045,13.04,8
2023-10-16 18:36:00,2108,13.0398,13.04,13.04,13.04,13.04,28
2023-10-16 18:38:00,300,13.03,13.03,13.03,13.03,13.03,1
2023-10-16 18:39:00,400,13.0356,13.035,13.035,13.0375,13.035,3
2023-10-16 18:42:00,290,13.0364,13.035,13.04,13.04,13.035,7
2023-10-16 18:43:00,3219,13.0298,13.0309,13.025,13.0309,13.025,28
2023-10-16 18:44:00,616,13.0269,13.025,13.025,13.025,13.025,16
2023-10-16 18:46:00,128,13.0288,13.03,13.03,13.03,13.03,4
2023-10-16 18:47:00,313,13.0234,13.03,13.02,13.03,13.02,5
2023-10-16 18:48:00,103,13.0249,13.025,13.025,13.025,13.025,2
2023-10-16 18:49:00,5770,13.0302,13.03,13.035,13.035,13.025,35
2023-10-16 18:51:00,1089,13.0391,13.0394,13.0394,13.0394,13.0394,9
2023-10-16 18:53:00,121,13.0393,13.04,13.04,13.04,13.04,5
2023-10-16 18:54:00,1014,13.037,13.04,13.035,13.04,13.035,18
2023-10-16 18:55:00,392,13.0326,13.03,13.035,13.035,13.03,9
2023-10-16 18:56:00,125,13.0318,13.031,13.031,13.031,13.031,7
2023-10-16 18:57:00,240,13.0374,13.04,13.035,13.04,13.035,9
2023-10-16 18:58:00,526,13.0388,13.04,13.04,13.04,13.035,7
2023-10-16 18:59:00,467,13.0331,13.03,13.0317,13.04,13.03,9
2023-10-16 19:00:00,6310,13.023,13.03,13.025,13.03,13.02,92
2023-10-16 19:01:00,200,13.0205,13.02,13.021,13.021,13.02,2
2023-10-16 19:03:00,1062,13.023,13.022,13.025,13.025,13.02,10
2023-10-16 19:04:00,521,13.0266,13.025,13.025,13.025,13.025,7
2023-10-16 19:05:00,459,13.0256,13.025,13.025,13.025,13.025,8
2023-10-16 19:06:00,7261,13.0309,13.025,13.0399,13.04,13.025,44
2023-10-16 19:07:00,167,13.0336,13.034,13.034,13.034,13.034,4
2023-10-16 19:08:00,184,13.0353,13.035,13.035,13.035,13.035,4
2023-10-16 19:09:00,447,13.0321,13.0311,13.0311,13.0311,13.0311,4
2023-10-16 19:10:00,403,13.0365,13.04,13.035,13.04,13.035,10
2023-10-16 19:11:00,525,13.0342,13.04,13.035,13.04,13.03,9
2023-10-16 19:13:00,418,13.0363,13.035,13.04,13.04,13.035,9
2023-10-16 19:14:00,3259,13.0286,13.035,13.025,13.035,13.02,53
2023-10-16 19:15:00,4323,13.0219,13.02,13.021,13.03,13.02,39
2023-10-16 19:16:00,5829,13.0299,13.025,13.03,13.03,13.025,39
2023-10-16 19:17:00,294,13.0366,13.039,13.039,13.039,13.039,7
2023-10-16 19:18:00,296,13.0348,13.035,13.035,13.035,13.035,10
2023-10-16 19:19:00,115,13.0312,13.03,13.03,13.03,13.03,4
2023-10-16 19:20:00,315,13.035,13.035,13.035,13.035,13.035,5
2023-10-16 19:21:00,1220,13.0309,13.0306,13.0306,13.0306,13.0306,7
2023-10-16 19:22:00,399,13.0312,13.03,13.03,13.03,13.03,5
2023-10-16 19:23:00,415,13.0351,13.035,13.035,13.035,13.035,11
2023-10-16 19:24:00,20339,13.0207,13.03,13.015,13.03,13.015,151
2023-10-16 19:25:00,204,13.0147,13.015,13.015,13.015,13.015,3
2023-10-16 19:26:00,606,13.0173,13.02,13.015,13.02,13.015,9
2023-10-16 19:27:00,5700,13.011,13.015,13.015,13.015,13.01,41
2023-10-16 19:28:00,510,13.0151,13.015,13.015,13.015,13.015,4
2023-10-16 19:29:00,257,13.0159,13.015,13.015,13.015,13.015,8
2023-10-16 19:30:00,1698,13.0152,13.015,13.015,13.015,13.015,20
2023-10-16 19:31:00,12294,13.0188,13.015,13.015,13.02,13.015,70
2023-10-16 19:32:00,255,13.0132,13.01,13.01,13.01,13.01,11
2023-10-16 19:33:00,495,13.0165,13.015,13.015,13.02,13.015,7
2023-10-16 19:34:00,627,13.0154,13.015,13.015,13.02,13.01,10
2023-10-16 19:35:00,454,13.0157,13.015,13.015,13.015,13.015,15
2023-10-16 19:36:00,3057,13.0096,13.015,13.005,13.015,13.005,47
2023-10-16 19:37:00,417,13.0049,13.005,13.0,13.005,13.0,10
2023-10-16 19:38:00,719,13.0036,13.0,13.005,13.005,13.0,9
2023-10-16 19:40:00,2373,13.0062,13.005,13.005,13.008,13.005,18
2023-10-16 19:41:00,12485,12.9988,13.005,12.98,13.005,12.98,64
2023-10-16 19:42:00,6798,12.9725,12.98,12.961,12.98,12.96,62
2023-10-16 19:43:00,1203,12.962,12.9654,12.965,12.9654,12.96,13
2023-10-16 19:44:00,10734,12.9702,12.965,12.9754,12.98,12.96,80
2023-10-16 19:45:00,1435,12.9779,12.975,12.98,12.98,12.975,36
2023-10-16 19:46:00,218,12.9773,12.975,12.98,12.98,12.975,5
2023-10-16 19:47:00,384,12.9731,12.97,12.975,12.975,12.97,8
2023-10-16 19:48:00,4507,12.97,12.971,12.965,12.975,12.965,54
2023-10-16 19:49:00,342,12.9647,12.965,12.965,12.965,12.965,9
2023-10-16 19:50:00,4101,12.9578,12.96,12.951,12.96,12.95,48
2023-10-16 19:51:00,1753,12.9524,12.95,12.955,12.955,12.95,34
2023-10-16 19:52:00,7148,12.9505,12.955,12.9505,12.955,12.95,71
2023-10-16 19:53:00,2681,12.9502,12.95,12.95,12.951,12.95,35
2023-10-16 19:54:00,3577,12.9543,12.95,12.955,12.955,12.95,47
2023-10-16 19:55:00,12704,12.9646,12.955,12.97,12.98,12.955,120
2023-10-16 19:56:00,2635,12.9759,12.97,12.98,12.98,12.97,35
2023-10-16 19:57:00,7504,12.9728,12.97,12.97,12.98,12.97,91
2023-10-16 19:58:00,1837,12.971,12.97,12.97,12.97,12.97,39
2023-10-16 19:59:00,18447,12.9609,12.97,12.96,12.9775,12.95,222
2023-10-16 20:00:00,1879,12.96,12.96,12.96,12.96,12.96,4
2023-10-17 13:30:00,6587,12.9529,12.93,13.0,13.01,12.93,30
2023-10-17 13:31:00,106,13.02,13.02,13.02,13.02,13.02,3
2023-10-17 13:32:00,715,13.0544,13.05,13.06,13.06,13.05,10
2023-10-17 13:34:00,461,13.0485,13.04,13.06,13.06,13.04,15
2023-10-17 13:35:00,639,13.0566,13.055,13.045,13.055,13.045,20
2023-10-17 13:36:00,779,13.0625,13.07,13.06,13.07,13.06,19
2023-10-17 13:37:00,204,13.055,13.05,13.06,13.06,13.05,4
2023-10-17 13:39:00,860,13.0813,13.09,13.08,13.09,13.08,26
2023-10-17 13:40:00,1300,13.0839,13.07,13.09,13.09,13.07,27
2023-10-17 13:41:00,266,13.0937,13.1,13.1,13.1,13.1,19
2023-10-17 13:42:00,615,13.094,13.1,13.095,13.1,13.09,19
2023-10-17 13:43:00,1278,13.0629,13.08,13.07,13.08,13.05,21
2023-10-17 13:45:00,932,13.0809,13.08,13.09,13.09,13.08,12
2023-10-17 13:46:00,321,13.09,13.09,13.09,13.09,13.09,5
2023-10-17 13:47:00,537,13.0939,13.09,13.1,13.1,13.09,11
2023-10-17 13:48:00,206,13.0974,13.095,13.1,13.1,13.095,5
2023-10-17 13:49:00,1203,13.0914,13.11,13.08,13.11,13.08,22
2023-10-17 13:50:00,972,13.0787,13.08,13.08,13.08,13.07,14
2023-10-17 13:51:00,963,13.1058,13.09,13.105,13.11,13.09,16
2023-10-17 13:53:00,731,13.1241,13.12,13.13,13.13,13.12,8
2023-10-17 13:54:00,572,13.1258,13.13,13.12,13.13,13.12,12
2023-10-17 13:55:00,424,13.1104,13.11,13.12,13.12,13.11,8
2023-10-17 13:56:00,2434,13.1202,13.12,13.12,13.12,13.12,5
2023-10-17 13:57:00,398,13.1194,13.12,13.12,13.12,13.115,12
2023-10-17 13:59:00,696,13.13,13.13,13.13,13.13,13.13,7
2023-10-17 14:00:00,703,13.1218,13.12,13.12,13.12,13.12,19
2023-10-17 14:01:00,703,13.1354,13.125,13.145,13.145,13.125,11
2023-10-17 14:02:00,448,13.1511,13.15,13.155,13.155,13.15,5
2023-10-17 14:03:00,767,13.1476,13.15,13.14,13.15,13.14,9
2023-10-17 14:04:00,1120,13.1328,13.14,13.125,13.14,13.125,21
2023-10-17 14:05:00,796,13.12,13.125,13.12,13.125,13.12,21
2023-10-17 14:06:00,346,13.13,13.13,13.13,13.13,13.13,10
2023-10-17 14:07:00,320,13.1367,13.13,13.14,13.14,13.13,9
2023-10-17 14:08:00,726,13.1433,13.14,13.145,13.15,13.14,9
2023-10-17 14:09:00,419,13.1399,13.14,13.14,13.14,13.14,7
2023-10-17 14:10:00,732,13.1399,13.14,13.14,13.14,13.14,6
2023-10-17 14:11:00,314,13.1403,13.14,13.14,13.14,13.14,7
2023-10-17 14:12:00,562,13.1464,13.1401,13.15,13.15,13.1401,7
2023-10-17 14:13:00,3606,13.1502,13.15,13.14,13.16,13.14,41
2023-10-17 14:14:00,413,13.1376,13.135,13.14,13.14,13.135,8
2023-10-17 14:15:00,317,13.1415,13.14,13.145,13.145,13.14,8
2023-10-17 14:16:00,7193,13.1594,13.145,13.155,13.17,13.145,26
2023-10-17 14:17:00,420,13.1575,13.15,13.16,13.16,13.15,13
2023-10-17 14:18:00,280,13.1681,13.165,13.165,13.165,13.165,8
2023-10-17 14:19:00,926,13.1601,13.16,13.16,13.16,13.16,15
2023-10-17 14:21:00,477,13.1594,13.16,13.155,13.16,13.155,7
2023-10-17 14:22:00,355,13.1586,13.16,13.155,13.16,13.155,14
2023-10-17 14:24:00,980,13.1491,13.15,13.145,13.15,13.145,21
2023-10-17 14:25:00,211,13.15,13.15,13.15,13.15,13.15,5
2023-10-17 14:27:00,213,13.1521,13.15,13.155,13.155,13.15,4
2023-10-17 14:28:00,1357,13.1672,13.16,13.17,13.17,13.16,14
2023-10-17 14:29:00,863,13.1714,13.17,13.175,13.175,13.17,19
2023-10-17 14:30:00,1649,13.1611,13.17,13.155,13.17,13.15,30
2023-10-17 14:31:00,2006,13.1451,13.155,13.135,13.155,13.135,30
2023-10-17 14:32:00,1598,13.1393,13.135,13.14,13.14,13.135,21
2023-10-17 14:33:00,1533,13.1311,13.13,13.125,13.13,13.125,20
2023-10-17 14:34:00,271,13.1287,13.13,13.13,13.13,13.13,6
2023-10-17 14:35:00,357,13.1248,13.12,13.1289,13.1289,13.12,7
2023-10-17 14:36:00,809,13.1194,13.12,13.12,13.12,13.115,10
2023-10-17 14:37:00,1995,13.1251,13.125,13.125,13.13,13.12,10
2023-10-17 14:39:00,1338,13.1357,13.13,13.15,13.15,13.125,18
2023-10-17 14:40:00,200,13.145,13.145,13.145,13.145,13.145,2
2023-10-17 14:41:00,384,13.1393,13.14,13.1379,13.14,13.1379,11
2023-10-17 14:42:00,106,13.1329,13.1325,13.1325,13.1325,13.1325,2
2023-10-17 14:43:00,100,13.135,13.135,13.135,13.135,13.135,1
2023-10-17 14:45:00,108,13.135,13.135,13.135,13.135,13.135,3
2023-10-17 14:48:00,326,13.1332,13.13,13.13,13.13,13.13,6
2023-10-17 14:49:00,110,13.1353,13.135,13.135,13.135,13.135,2
2023-10-17 14:50:00,692,13.1293,13.13,13.125,13.13,13.125,17
2023-10-17 14:51:00,1244,13.1305,13.1225,13.1341,13.1341,13.1225,20
2023-10-17 14:52:00,1295,13.1292,13.13,13.125,13.13,13.125,23
2023-10-17 14:53:00,101,13.135,13.135,13.135,13.135,13.135,2
2023-10-17 14:56:00,342,13.1321,13.13,13.135,13.135,13.13,7
2023-10-17 14:57:00,612,13.13,13.135,13.125,13.135,13.125,8
2023-10-17 14:58:00,2289,13.1055,13.12,13.095,13.12,13.095,31
2023-10-17 14:59:00,115,13.0934,13.0925,13.0925,13.0925,13.0925,4
2023-10-17 15:00:00,297,13.0901,13.09,13.09,13.09,13.09,7
2023-10-17 15:01:00,2573,13.0907,13.09,13.1,13.1,13.09,26
2023-10-17 15:03:00,349,13.0969,13.1,13.1,13.1,13.1,4
2023-10-17 15:04:00,844,13.1002,13.1,13.1,13.105,13.1,16
2023-10-17 15:05:00,210,13.1038,13.1025,13.105,13.105,13.1025,4
2023-10-17 15:06:00,860,13.1013,13.105,13.1,13.105,13.1,25
2023-10-17 15:07:00,1133,13.0896,13.09,13.085,13.09,13.085,16
2023-10-17 15:08:00,133,13.09,13.09,13.09,13.09,13.09,6
2023-10-17 15:09:00,764,13.0901,13.09,13.09,13.09,13.09,8
2023-10-17 15:10:00,195,13.087,13.09,13.09,13.09,13.09,7
2023-10-17 15:11:00,859,13.0806,13.085,13.08,13.085,13.08,13
2023-10-17 15:12:00,256,13.072,13.07,13.075,13.075,13.07,3
2023-10-17 15:13:00,217,13.0797,13.08,13.08,13.08,13.08,6
2023-10-17 15:15:00,4541,13.0889,13.08,13.09,13.095,13.08,42
2023-10-17 15:16:00,516,13.0865,13.09,13.08,13.09,13.08,19
2023-10-17 15:18:00,101,13.075,13.075,13.075,13.075,13.075,2
2023-10-17 15:19:00,1003,13.0825,13.075,13.085,13.09,13.075,13
2023-10-17 15:20:00,145,13.0984,13.1,13.1,13.1,13.1,3
2023-10-17 15:22:00,3284,13.0955,13.095,13.09,13.1,13.09,28
2023-10-17 15:24:00,3841,13.0841,13.09,13.09,13.09,13.075,49
2023-10-17 15:25:00,12436,13.0901,13.09,13.09,13.095,13.085,117
2023-10-17 15:26:00,5450,13.0865,13.09,13.065,13.09,13.065,51
2023-10-17 15:27:00,201,13.0675,13.07,13.065,13.07,13.065,3
2023-10-17 15:28:00,745,13.064,13.065,13.065,13.065,13.06,11
2023-10-17 15:29:00,1482,13.0692,13.07,13.07,13.075,13.06,22
2023-10-17 15:30:00,3348,13.057,13.06,13.045,13.065,13.045,35
2023-10-17 15:31:00,4146,13.0539,13.045,13.045,13.06,13.045,48
2023-10-17 15:32:00,331,13.0498,13.0505,13.0505,13.0505,13.0505,14
2023-10-17 15:34:00,616,13.0539,13.05,13.04,13.05,13.04,21
2023-10-17 15:35:00,1091,13.0288,13.03,13.035,13.035,13.03,24
2023-10-17 15:36:00,547,13.0213,13.02,13.015,13.02,13.015,9
2023-10-17 15:37:00,789,13.011,13.01,13.01,13.01,13.01,19
2023-10-17 15:38:00,509,13.0428,13.04,13.045,13.045,13.04,10
2023-10-17 15:40:00,624,13.0409,13.04,13.045,13.045,13.04,12
2023-10-17 15:41:00,126,13.0458,13.045,13.045,13.045,13.045,6
2023-10-17 15:42:00,428,13.05,13.0501,13.0501,13.0501,13.0501,7
2023-10-17 15:43:00,622,13.0528,13.05,13.06,13.06,13.05,12
2023-10-17 15:45:00,606,13.0462,13.0473,13.0473,13.0473,13.0473,6
2023-10-17 15:46:00,1066,13.0447,13.04,13.045,13.05,13.04,11
2023-10-17 15:49:00,428,13.0499,13.05,13.05,13.05,13.05,11
2023-10-17 15:50:00,218,13.0525,13.055,13.055,13.055,13.055,6
2023-10-17 15:52:00,220,13.0548,13.055,13.055,13.055,13.055,5
2023-10-17 15:53:00,557,13.05,13.05,13.05,13.05,13.05,14
2023-10-17 15:55:00,1271,13.0369,13.04,13.025,13.04,13.025,39
2023-10-17 15:57:00,1096,13.0337,13.03,13.038,13.038,13.025,10
2023-10-17 15:59:00,107,13.0391,13.0391,13.0391,13.0391,13.0391,3
2023-10-17 16:00:00,610,13.0408,13.04,13.045,13.045,13.04,8
2023-10-17 16:02:00,207,13.0525,13.05,13.055,13.055,13.05,5
2023-10-17 16:03:00,445,13.05,13.05,13.05,13.05,13.05,8
2023-10-17 16:04:00,423,13.0413,13.0405,13.045,13.045,13.04,9
2023-10-17 16:05:00,231,13.0293,13.03,13.03,13.03,13.03,7
2023-10-17 16:07:00,1072,13.0222,13.02,13.025,13.025,13.02,11
2023-10-17 16:08:00,1326,13.0161,13.02,13.01,13.02,13.01,22
2023-10-17 16:09:00,162,13.0095,13.0099,13.0099,13.0099,13.0099,3
2023-10-17 16:11:00,108,13.0002,13.0,13.0,13.0,13.0,4
2023-10-17 16:13:00,506,13.0108,13.01,13.01,13.01,13.01,21
2023-10-17 16:15:00,153,13.015,13.015,13.015,13.015,13.015,6
2023-10-17 16:16:00,160,13.0134,13.015,13.015,13.015,13.015,6
2023-10-17 16:17:00,1355,13.0208,13.02,13.025,13.025,13.02,24
2023-10-17 16:18:00,889,13.0194,13.02,13.02,13.02,13.015,23
2023-10-17 16:19:00,102,13.02,13.02,13.02,13.02,13.02,3
2023-10-17 16:20:00,204,13.02,13.02,13.02,13.02,13.02,3
2023-10-17 16:21:00,231,13.0202,13.02,13.02,13.02,13.02,7
2023-10-17 16:22:00,474,13.0375,13.0397,13.035,13.0397,13.035,6
2023-10-17 16:23:00,1095,13.0402,13.04,13.04,13.04,13.04,14
2023-10-17 16:24:00,728,13.0516,13.05,13.055,13.055,13.05,18
2023-10-17 16:26:00,979,13.0596,13.0565,13.065,13.065,13.0565,12
2023-10-17 16:27:00,1008,13.0591,13.06,13.05,13.06,13.05,20
2023-10-17 16:29:00,512,13.06,13.055,13.065,13.065,13.055,11
2023-10-17 16:30:00,461,13.0579,13.06,13.06,13.06,13.06,8
2023-10-17 16:31:00,147,13.0432,13.04,13.04,13.04,13.04,4
2023-10-17 16:32:00,200,13.0425,13.045,13.045,13.045,13.045,3
2023-10-17 16:34:00,252,13.0506,13.05,13.05,13.05,13.05,8
2023-10-17 16:35:00,262,13.0474,13.05,13.045,13.05,13.045,13
2023-10-17 16:40:00,119,13.0547,13.055,13.055,13.055,13.055,5
2023-10-17 16:41:00,443,13.0537,13.055,13.055,13.055,13.055,11
2023-10-17 16:43:00,124,13.0552,13.055,13.055,13.055,13.055,4
2023-10-17 16:45:00,464,13.0539,13.055,13.055,13.055,13.05,9
2023-10-17 16:46:00,3951,13.0469,13.05,13.035,13.055,13.035,53
2023-10-17 16:47:00,1213,13.0195,13.02,13.02,13.02,13.02,31
2023-10-17 16:48:00,655,13.0207,13.02,13.025,13.025,13.02,16
2023-10-17 16:49:00,470,13.0306,13.03,13.03,13.03,13.03,6
2023-10-17 16:51:00,429,13.03,13.03,13.03,13.03,13.03,11
2023-10-17 16:52:00,1036,13.0293,13.0254,13.0354,13.0354,13.025,14
2023-10-17 16:53:00,293,13.0354,13.0354,13.0354,13.0354,13.0354,1
2023-10-17 16:55:00,467,13.03,13.03,13.03,13.03,13.03,5
2023-10-17 16:57:00,1801,13.0198,13.0238,13.01,13.025,13.01,27
2023-10-17 16:59:00,511,13.0225,13.021,13.025,13.025,13.021,10
2023-10-17 17:01:00,247,13.0205,13.02,13.02,13.02,13.02,5
2023-10-17 17:03:00,317,13.0253,13.025,13.025,13.025,13.025,8
2023-10-17 17:04:00,850,13.0288,13.025,13.03,13.03,13.025,28
2023-10-17 17:06:00,202,13.03,13.03,13.03,13.03,13.03,4
2023-10-17 17:09:00,472,13.0429,13.04,13.0497,13.0497,13.04,11
2023-10-17 17:10:00,849,13.05,13.05,13.05,13.05,13.05,17
2023-10-17 17:11:00,1508,13.0493,13.055,13.045,13.055,13.045,22
2023-10-17 17:12:00,655,13.0493,13.05,13.05,13.05,13.05,10
2023-10-17 17:13:00,625,13.0485,13.0487,13.05,13.05,13.0487,10
2023-10-17 17:14:00,231,13.0509,13.05,13.0505,13.0505,13.05,4
2023-10-17 17:15:00,512,13.0486,13.05,13.045,13.05,13.045,15
2023-10-17 17:16:00,808,13.0411,13.0494,13.035,13.0494,13.035,11
2023-10-17 17:20:00,242,13.035,13.035,13.035,13.035,13.035,10
2023-10-17 17:22:00,2508,13.0338,13.04,13.03,13.04,13.025,61
2023-10-17 17:23:00,307,13.0341,13.0354,13.035,13.0354,13.035,9
2023-10-17 17:24:00,811,13.0312,13.03,13.0384,13.0384,13.03,14
2023-10-17 17:26:00,1245,13.0196,13.02,13.02,13.02,13.02,17
2023-10-17 17:27:00,220,13.0173,13.015,13.02,13.02,13.015,4
2023-10-17 17:28:00,1390,13.0263,13.02,13.025,13.03,13.02,18
2023-10-17 17:29:00,1059,13.0182,13.02,13.01,13.02,13.01,18
2023-10-17 17:31:00,735,13.0086,13.01,13.01,13.01,13.01,15
2023-10-17 17:32:00,444,13.004,13.0,13.0,13.0,13.0,10
2023-10-17 17:33:00,300,13.0,13.0,13.0,13.0,13.0,5
2023-10-17 17:34:00,376,13.0004,13.0,13.0,13.0,13.0,8
2023-10-17 17:36:00,336,13.0005,13.0,13.0,13.0,13.0,13
2023-10-17 17:38:00,406,13.0012,13.0,13.005,13.005,13.0,6
2023-10-17 17:39:00,508,13.0098,13.0097,13.01,13.01,13.0097,2
2023-10-17 17:40:00,1151,13.0087,13.005,13.005,13.01,13.005,19
2023-10-17 17:42:00,1299,13.0096,13.005,13.01,13.01,13.005,36
2023-10-17 17:43:00,522,13.0081,13.01,13.01,13.01,13.01,9
2023-10-17 17:47:00,746,12.9986,13.0,12.995,13.0,12.995,11
2023-10-17 17:49:00,433,13.0023,13.0,13.005,13.005,13.0,6
2023-10-17 17:50:00,109,13.0005,13.0,13.0,13.0,13.0,6
2023-10-17 17:51:00,291,13.006,13.005,13.005,13.005,13.005,7
2023-10-17 17:52:00,3250,13.0058,13.0,13.02,13.02,13.0,47
2023-10-17 17:53:00,1577,13.0136,13.02,13.005,13.025,13.005,31
2023-10-17 17:54:00,369,13.0055,13.005,13.005,13.005,13.005,3
2023-10-17 17:55:00,161,13.005,13.005,13.005,13.005,13.005,2
2023-10-17 17:56:00,201,13.0075,13.01,13.005,13.01,13.005,3
2023-10-17 17:58:00,402,13.0024,13.0,13.005,13.005,13.0,6
2023-10-17 17:59:00,382,13.0071,13.0,13.01,13.01,13.0,5
2023-10-17 18:02:00,401,13.005,13.005,13.005,13.005,13.005,5
2023-10-17 18:03:00,298,13.0033,13.0,13.005,13.005,13.0,5
2023-10-17 18:04:00,5187,13.0127,13.005,13.02,13.02,13.005,43
2023-10-17 18:05:00,1815,13.0123,13.02,13.0,13.02,13.0,39
2023-10-17 18:06:00,709,12.9985,12.995,13.0,13.0,12.995,7
2023-10-17 18:08:00,1599,12.9976,12.995,13.005,13.005,12.995,24
2023-10-17 18:09:00,500,13.0063,13.0,13.005,13.005,13.0,5
2023-10-17 18:10:00,274,13.0063,13.005,13.005,13.005,13.005,6
2023-10-17 18:11:00,366,13.0086,13.01,13.005,13.01,13.005,7
2023-10-17 18:12:00,651,13.0124,13.01,13.025,13.025,13.01,16
2023-10-17 18:13:00,1198,13.0131,13.02,13.01,13.02,13.01,11
2023-10-17 18:14:00,181,13.0122,13.01,13.01,13.01,13.01,3
2023-10-17 18:15:00,100,13.02,13.02,13.02,13.02,13.02,1
2023-10-17 18:16:00,800,13.0199,13.02,13.02,13.025,13.02,11
2023-10-17 18:17:00,1583,13.011,13.015,13.005,13.015,13.0,28
2023-10-17 18:18:00,152,13.0001,13.0001,13.0001,13.0001,13.0001,1
2023-10-17 18:19:00,2543,13.0002,13.0,13.0,13.0,13.0,33
2023-10-17 18:20:00,812,13.0118,13.01,13.015,13.015,13.01,13
2023-10-17 18:22:00,12072,13.0145,13.03,13.02,13.03,13.0,116
2023-10-17 18:23:00,1351,13.0216,13.0222,13.02,13.0222,13.02,7
2023-10-17 18:24:00,1210,13.0172,13.0215,13.015,13.0215,13.0102,14
2023-10-17 18:25:00,100,13.01,13.01,13.01,13.01,13.01,1
2023-10-17 18:26:00,138,13.0212,13.02,13.02,13.02,13.02,3
2023-10-17 18:27:00,537,13.029,13.03,13.03,13.03,13.03,13
2023-10-17 18:28:00,675,13.0263,13.03,13.03,13.03,13.03,15
2023-10-17 18:29:00,601,13.03,13.03,13.03,13.03,13.03,5
2023-10-17 18:30:00,234,13.03,13.03,13.03,13.03,13.03,9
2023-10-17 18:31:00,536,13.0323,13.03,13.035,13.035,13.03,6
2023-10-17 18:32:00,2244,13.0302,13.03,13.03,13.0315,13.03,28
2023-10-17 18:34:00,852,13.0354,13.035,13.04,13.04,13.035,9
2023-10-17 18:35:00,100,13.03,13.03,13.03,13.03,13.03,1
2023-10-17 18:36:00,348,13.0293,13.03,13.03,13.03,13.03,18
2023-10-17 18:37:00,482,13.027,13.03,13.025,13.03,13.025,6
2023-10-17 18:39:00,100,13.025,13.025,13.025,13.025,13.025,1
2023-10-17 18:41:00,2145,13.0189,13.02,13.015,13.02,13.015,27
2023-10-17 18:42:00,2603,13.0145,13.02,13.015,13.02,13.01,19
2023-10-17 18:44:00,2344,13.0112,13.0107,13.01,13.015,13.01,12
2023-10-17 18:45:00,481,13.0085,13.01,13.01,13.01,13.01,13
2023-10-17 18:46:00,11237,13.0036,13.0,13.01,13.0105,13.0,102
2023-10-17 18:47:00,720,13.0107,13.01,13.01,13.015,13.01,11
2023-10-17 18:48:00,1007,13.02,13.02,13.02,13.02,13.02,10
2023-10-17 18:49:00,286,13.0247,13.025,13.025,13.025,13.025,3
2023-10-17 18:51:00,101,13.025,13.025,13.025,13.025,13.025,2
2023-10-17 18:52:00,1521,13.028,13.03,13.025,13.03,13.025,16
2023-10-17 18:53:00,101,13.02,13.02,13.02,13.02,13.02,2
2023-10-17 18:54:00,1150,13.0185,13.02,13.015,13.02,13.015,34
2023-10-17 18:55:00,904,13.0093,13.01,13.01,13.01,13.01,13
2023-10-17 18:56:00,1006,13.0141,13.01,13.02,13.02,13.01,17
2023-10-17 18:57:00,279,13.01,13.01,13.01,13.01,13.01,12
2023-10-17 18:59:00,101,13.005,13.005,13.005,13.005,13.005,2
2023-10-17 19:00:00,286,13.0105,13.01,13.01,13.01,13.01,8
2023-10-17 19:01:00,1871,13.0103,13.015,13.005,13.015,13.005,23
2023-10-17 19:05:00,1141,13.0168,13.01,13.02,13.02,13.01,21
2023-10-17 19:06:00,772,13.0094,13.01,13.01,13.01,13.005,14
2023-10-17 19:08:00,158,13.0137,13.01,13.01,13.01,13.01,5
2023-10-17 19:09:00,465,13.0147,13.015,13.015,13.015,13.015,6
2023-10-17 19:11:00,1447,13.0122,13.011,13.01,13.015,13.01,23
2023-10-17 19:12:00,1287,13.0112,13.01,13.015,13.015,13.01,17
2023-10-17 19:13:00,152,13.015,13.015,13.015,13.015,13.015,3
2023-10-17 19:14:00,1213,13.0076,13.01,13.005,13.01,13.005,14
2023-10-17 19:15:00,201,13.01,13.01,13.01,13.01,13.01,3
2023-10-17 19:16:00,1297,13.0104,13.005,13.015,13.015,13.005,18
2023-10-17 19:17:00,447,13.0159,13.015,13.015,13.015,13.015,9
2023-10-17 19:18:00,297,13.0149,13.01,13.01,13.01,13.01,8
2023-10-17 19:19:00,2447,13.0097,13.01,13.01,13.01,13.005,45
2023-10-17 19:20:00,873,13.015,13.015,13.015,13.015,13.01,10
2023-10-17 19:21:00,3578,13.0199,13.02,13.015,13.025,13.015,32
2023-10-17 19:22:00,492,13.013,13.015,13.015,13.015,13.015,11
2023-10-17 19:24:00,460,13.0167,13.02,13.015,13.02,13.015,5
2023-10-17 19:25:00,1790,13.0198,13.02,13.025,13.025,13.015,26
2023-10-17 19:26:00,857,13.0206,13.02,13.02,13.02,13.02,17
2023-10-17 19:27:00,327,13.0249,13.025,13.025,13.025,13.025,7
2023-10-17 19:28:00,234,13.0272,13.03,13.025,13.03,13.025,6
2023-10-17 19:29:00,3332,13.0351,13.03,13.045,13.05,13.03,34
2023-10-17 19:30:00,4090,13.0572,13.05,13.045,13.065,13.045,57
2023-10-17 19:31:00,555,13.0441,13.045,13.04,13.045,13.04,6
2023-10-17 19:32:00,765,13.0416,13.04,13.045,13.045,13.04,8
2023-10-17 19:33:00,861,13.0506,13.05,13.05,13.05,13.05,17
2023-10-17 19:34:00,1533,13.0489,13.05,13.045,13.05,13.045,25
2023-10-17 19:35:00,1911,13.0505,13.05,13.05,13.055,13.05,30
2023-10-17 19:36:00,410,13.0455,13.045,13.045,13.045,13.045,8
2023-10-17 19:37:00,2053,13.0398,13.045,13.035,13.045,13.035,25
2023-10-17 19:38:00,4169,13.0458,13.045,13.045,13.05,13.04,47
2023-10-17 19:39:00,1358,13.0458,13.045,13.045,13.045,13.045,15
2023-10-17 19:40:00,1909,13.049,13.04,13.055,13.055,13.04,37
2023-10-17 19:41:00,323,13.0568,13.06,13.055,13.06,13.055,13
2023-10-17 19:42:00,6256,13.0513,13.055,13.055,13.055,13.05,73
2023-10-17 19:44:00,10059,13.0516,13.055,13.055,13.055,13.05,86
2023-10-17 19:45:00,10223,13.0487,13.05,13.045,13.051,13.0405,88
2023-10-17 19:46:00,3418,13.0505,13.05,13.055,13.055,13.05,36
2023-10-17 19:47:00,503,13.0572,13.06,13.06,13.06,13.06,17
2023-10-17 19:48:00,636,13.0517,13.05,13.05,13.055,13.05,16
2023-10-17 19:49:00,12003,13.044,13.055,13.05,13.055,13.03,111
2023-10-17 19:50:00,1729,13.0366,13.04,13.035,13.05,13.03,27
2023-10-17 19:51:00,11928,13.0233,13.035,13.015,13.035,13.015,77
2023-10-17 19:52:00,2512,13.027,13.02,13.03,13.03,13.02,24
2023-10-17 19:53:00,1385,13.031,13.03,13.035,13.035,13.025,27
2023-10-17 19:54:00,6392,13.0352,13.035,13.0205,13.045,13.0205,76
2023-10-17 19:55:00,2972,13.0197,13.02,13.02,13.02,13.015,35
2023-10-17 19:56:00,767,13.0191,13.015,13.015,13.015,13.01,13
2023-10-17 19:57:00,6450,13.0032,13.01,13.0,13.01,13.0,60
2023-10-17 19:58:00,608,13.008,13.01,13.005,13.01,13.005,17
2023-10-17 19:59:00,49340,12.9905,13.005,12.99,13.01,12.98,308
2023-10-17 20:00:00,8954,12.9794,12.98,12.98,12.98,12.98,13
2023-10-18 13:30:00,3539,13.04,13.04,13.04,13.04,13.04,6
2023-10-18 13:32:00,1888,13.0748,13.06,13.0683,13.1,13.06,39
2023-10-18 13:33:00,1554,13.0167,13.02,13.01,13.02,13.0,26
2023-10-18 13:34:00,1825,12.9977,12.99,12.98,13.015,12.98,47
2023-10-18 13:35:00,328,12.9966,12.99,13.01,13.01,12.99,12
2023-10-18 13:36:00,1303,13.0193,13.02,13.02,13.03,13.01,26
2023-10-18 13:37:00,317,13.016,13.01,13.01,13.01,13.01,21
2023-10-18 13:38:00,114,13.0156,13.015,13.015,13.015,13.015,12
2023-10-18 13:39:00,886,13.0212,13.02,13.03,13.03,13.02,21
2023-10-18 13:40:00,1345,13.0149,13.0305,13.0,13.0305,13.0,23
2023-10-18 13:41:00,1364,13.0096,13.0025,13.02,13.02,13.0,13
2023-10-18 13:42:00,1151,13.0299,13.035,13.03,13.035,13.03,19
2023-10-18 13:43:00,1356,13.0229,13.02,13.0215,13.0215,13.02,20
2023-10-18 13:44:00,629,13.0068,13.02,13.0,13.02,13.0,10
2023-10-18 13:45:00,1745,13.0111,13.01,12.995,13.02,12.995,23
2023-10-18 13:46:00,941,12.9822,12.99,12.98,12.99,12.975,22
2023-10-18 13:47:00,1125,12.9953,12.99,13.01,13.01,12.99,22
2023-10-18 13:48:00,1219,12.9969,12.999,13.0,13.0,12.99,16
2023-10-18 13:49:00,533,13.0091,13.005,13.01,13.01,13.005,23
2023-10-18 13:50:00,647,13.0076,13.01,13.005,13.01,13.005,20
2023-10-18 13:51:00,1451,13.0222,13.02,13.02,13.035,13.02,23
2023-10-18 13:52:00,1360,13.0095,13.015,13.005,13.015,13.005,25
2023-10-18 13:53:00,555,13.0143,13.01,13.02,13.02,13.01,11
2023-10-18 13:54:00,109,13.0296,13.03,13.03,13.03,13.03,6
2023-10-18 13:55:00,547,13.024,13.025,13.03,13.03,13.025,10
2023-10-18 13:56:00,5662,13.0331,13.03,13.015,13.045,13.015,39
2023-10-18 13:58:00,886,13.0092,13.01,13.005,13.01,13.005,12
2023-10-18 13:59:00,928,13.015,13.01,13.02,13.02,13.01,12
2023-10-18 14:00:00,1398,13.0298,13.025,13.035,13.035,13.025,17
2023-10-18 14:01:00,270,13.0364,13.035,13.04,13.04,13.035,3
2023-10-18 14:02:00,112,13.0349,13.035,13.035,13.035,13.035,7
2023-10-18 14:03:00,1417,13.0482,13.04,13.055,13.055,13.04,23
2023-10-18 14:04:00,848,13.0699,13.07,13.07,13.07,13.07,11
2023-10-18 14:05:00,1345,13.0769,13.07,13.09,13.09,13.07,16
2023-10-18 14:06:00,4273,13.0898,13.09,13.09,13.09,13.085,41
2023-10-18 14:07:00,1338,13.0797,13.085,13.08,13.085,13.08,32
2023-10-18 14:10:00,4341,13.0701,13.07,13.06,13.08,13.06,70
2023-10-18 14:11:00,2446,13.0592,13.06,13.06,13.06,13.055,36
2023-10-18 14:12:00,529,13.0569,13.06,13.06,13.06,13.055,12
2023-10-18 14:14:00,310,13.0565,13.055,13.055,13.06,13.055,7
2023-10-18 14:15:00,1105,13.0603,13.06,13.06,13.06,13.06,24
2023-10-18 14:16:00,217,13.0575,13.06,13.055,13.06,13.055,9
2023-10-18 14:17:00,603,13.0625,13.06,13.06,13.06,13.06,13
2023-10-18 14:18:00,1134,13.0582,13.06,13.055,13.06,13.055,15
2023-10-18 14:19:00,1413,13.0679,13.055,13.08,13.08,13.055,17
2023-10-18 14:20:00,2799,13.0732,13.09,13.07,13.09,13.065,41
2023-10-18 14:21:00,814,13.0596,13.06,13.06,13.06,13.06,12
2023-10-18 14:22:00,753,13.0608,13.06,13.06,13.06,13.06,16
2023-10-18 14:23:00,526,13.061,13.061,13.061,13.061,13.061,1
2023-10-18 14:24:00,1106,13.0727,13.07,13.08,13.08,13.07,11
2023-10-18 14:25:00,295,13.0636,13.061,13.065,13.065,13.061,4
2023-10-18 14:27:00,140,13.0605,13.06,13.06,13.06,13.06,4
2023-10-18 14:28:00,313,13.0604,13.06,13.06,13.06,13.06,5
2023-10-18 14:29:00,1219,13.0609,13.06,13.065,13.065,13.06,25
2023-10-18 14:30:00,8613,13.0839,13.07,13.095,13.095,13.07,85
2023-10-18 14:31:00,3996,13.0938,13.09,13.085,13.1,13.085,46
2023-10-18 14:32:00,309,13.0924,13.09,13.095,13.095,13.09,4
2023-10-18 14:33:00,1952,13.0802,13.09,13.07,13.09,13.065,32
2023-10-18 14:35:00,578,13.06,13.06,13.06,13.06,13.06,11
2023-10-18 14:36:00,1117,13.0574,13.06,13.0554,13.06,13.0554,7
2023-10-18 14:37:00,1581,13.0519,13.065,13.045,13.065,13.045,17
2023-10-18 14:38:00,472,13.0315,13.035,13.03,13.035,13.03,7
2023-10-18 14:39:00,1254,13.0312,13.03,13.035,13.035,13.03,14
2023-10-18 14:40:00,810,13.0339,13.025,13.025,13.03,13.025,12
2023-10-18 14:42:00,331,13.03,13.03,13.03,13.03,13.03,7
2023-10-18 14:43:00,640,13.0308,13.025,13.04,13.04,13.025,13
2023-10-18 14:44:00,508,13.0351,13.035,13.035,13.035,13.035,3
2023-10-18 14:45:00,209,13.0377,13.035,13.035,13.035,13.035,5
2023-10-18 14:47:00,5471,13.0324,13.03,13.03,13.04,13.03,57
2023-10-18 14:48:00,341,13.035,13.035,13.035,13.035,13.035,5
2023-10-18 14:50:00,1452,13.0393,13.04,13.04,13.04,13.0377,17
2023-10-18 14:51:00,922,13.0399,13.04,13.04,13.04,13.04,20
2023-10-18 14:52:00,116,13.035,13.035,13.035,13.035,13.035,5
2023-10-18 14:53:00,106,13.0397,13.04,13.04,13.04,13.04,2
2023-10-18 14:54:00,314,13.0366,13.035,13.035,13.035,13.035,7
2023-10-18 14:55:00,215,13.035,13.035,13.035,13.035,13.035,7
2023-10-18 14:56:00,1109,13.0416,13.04,13.045,13.045,13.04,21
2023-10-18 14:57:00,265,13.043,13.045,13.045,13.045,13.045,7
2023-10-18 14:59:00,440,13.0452,13.045,13.045,13.045,13.045,13
2023-10-18 15:01:00,2269,13.0376,13.04,13.035,13.04,13.03,30
2023-10-18 15:02:00,512,13.033,13.03,13.03,13.035,13.03,7
2023-10-18 15:04:00,744,13.0332,13.035,13.035,13.035,13.03,19
2023-10-18 15:05:00,1635,13.0274,13.03,13.0254,13.03,13.025,26
2023-10-18 15:06:00,1508,13.0195,13.0254,13.015,13.0254,13.015,28
2023-10-18 15:07:00,206,13.0151,13.015,13.015,13.015,13.015,3
2023-10-18 15:08:00,670,13.0122,13.015,13.01,13.015,13.01,12
2023-10-18 15:09:00,202,13.015,13.015,13.015,13.015,13.015,3
2023-10-18 15:10:00,2810,13.0125,13.01,13.015,13.015,13.01,41
2023-10-18 15:11:00,563,13.0149,13.015,13.015,13.015,13.015,7
2023-10-18 15:12:00,341,13.015,13.015,13.015,13.015,13.015,1
2023-10-18 15:13:00,123,13.011,13.0101,13.0101,13.0101,13.0101,2
2023-10-18 15:14:00,200,13.0125,13.015,13.015,13.015,13.015,3
2023-10-18 15:15:00,2468,13.0204,13.02,13.025,13.025,13.02,27
2023-10-18 15:16:00,503,13.023,13.02,13.025,13.025,13.02,6
2023-10-18 15:17:00,1496,13.0303,13.03,13.035,13.035,13.03,20
2023-10-18 15:18:00,878,13.0419,13.04,13.05,13.05,13.04,20
2023-10-18 15:19:00,355,13.052,13.05,13.0527,13.0527,13.05,3
2023-10-18 15:20:00,150,13.0551,13.055,13.055,13.055,13.055,3
2023-10-18 15:21:00,222,13.0555,13.055,13.055,13.055,13.055,6
2023-10-18 15:22:00,1941,13.0662,13.06,13.075,13.075,13.06,22
2023-10-18 15:23:00,215,13.073,13.07,13.075,13.075,13.07,5
2023-10-18 15:24:00,3160,13.0806,13.08,13.0825,13.085,13.075,34
2023-10-18 15:26:00,3153,13.083,13.08,13.08,13.09,13.08,41
2023-10-18 15:27:00,100,13.075,13.075,13.075,13.075,13.075,1
2023-10-18 15:29:00,1033,13.0804,13.08,13.08,13.08,13.08,15
2023-10-18 15:30:00,377,13.0837,13.085,13.08,13.085,13.08,4
2023-10-18 15:34:00,243,13.08,13.08,13.08,13.08,13.08,2
2023-10-18 15:35:00,290,13.0881,13.09,13.09,13.09,13.09,4
2023-10-18 15:36:00,369,13.0851,13.085,13.085,13.085,13.085,5
2023-10-18 15:39:00,1739,13.0803,13.085,13.08,13.085,13.08,39
2023-10-18 15:40:00,898,13.0742,13.07,13.075,13.075,13.07,8
2023-10-18 15:42:00,213,13.077,13.075,13.075,13.075,13.075,4
2023-10-18 15:43:00,537,13.0787,13.075,13.08,13.08,13.075,6
2023-10-18 15:44:00,274,13.0721,13.07,13.07,13.07,13.07,4
2023-10-18 15:45:00,6053,13.0873,13.075,13.09,13.1,13.075,60
2023-10-18 15:46:00,3727,13.0809,13.09,13.07,13.09,13.07,48
2023-10-18 15:47:00,1805,13.0364,13.05,13.03,13.05,13.03,24
2023-10-18 15:48:00,558,13.0414,13.04,13.045,13.045,13.04,11
2023-10-18 15:49:00,100,13.045,13.045,13.045,13.045,13.045,1
2023-10-18 15:50:00,1050,13.0428,13.045,13.035,13.045,13.035,17
2023-10-18 15:51:00,1600,13.0381,13.035,13.0405,13.0405,13.035,21
2023-10-18 15:52:00,759,13.0382,13.0338,13.045,13.045,13.0338,12
2023-10-18 15:54:00,5230,13.0387,13.04,13.035,13.04,13.03,23
2023-10-18 15:55:00,1899,13.0299,13.03,13.035,13.035,13.025,29
2023-10-18 15:56:00,1063,13.0391,13.035,13.045,13.045,13.035,22
2023-10-18 15:58:00,333,13.04,13.04,13.04,13.04,13.04,8
2023-10-18 15:59:00,432,13.0347,13.035,13.035,13.035,13.035,8
2023-10-18 16:00:00,349,13.04,13.04,13.04,13.04,13.04,11
2023-10-18 16:01:00,1059,13.0324,13.04,13.025,13.04,13.025,16
2023-10-18 16:02:00,193,13.03,13.03,13.03,13.03,13.03,7
2023-10-18 16:03:00,217,13.0351,13.035,13.035,13.035,13.035,5
2023-10-18 16:04:00,103,13.04,13.04,13.04,13.04,13.04,2
2023-10-18 16:05:00,366,13.0367,13.0387,13.035,13.0387,13.035,15
2023-10-18 16:07:00,825,13.0295,13.03,13.025,13.035,13.025,18
2023-10-18 16:08:00,1133,13.0186,13.02,13.015,13.02,13.015,25
2023-10-18 16:09:00,1366,12.9969,13.006,12.985,13.006,12.985,20
2023-10-18 16:10:00,107,12.995,12.995,12.995,12.995,12.995,4
2023-10-18 16:11:00,216,13.0072,12.9962,12.9962,12.9962,12.9962,9
2023-10-18 16:14:00,4064,12.9886,12.99,12.98,12.995,12.98,73
2023-10-18 16:15:00,1330,12.9901,12.985,12.99,12.99,12.985,27
2023-10-18 16:16:00,1365,13.0017,13.0,13.005,13.005,13.0,26
2023-10-18 16:17:00,834,13.0144,13.015,13.015,13.015,13.01,7
2023-10-18 16:18:00,307,13.0117,13.01,13.015,13.015,13.01,7
2023-10-18 16:19:00,160,13.0097,13.01,13.01,13.01,13.01,12
2023-10-18 16:20:00,1477,13.0005,13.0,13.0,13.005,12.995,22
2023-10-18 16:21:00,703,12.9905,12.99,12.99,12.99,12.99,11
2023-10-18 16:22:00,1014,12.9924,12.995,12.995,12.995,12.99,22
2023-10-18 16:23:00,1024,13.0,12.995,13.005,13.005,12.995,26
2023-10-18 16:24:00,369,13.0049,13.005,13.005,13.005,13.005,14
2023-10-18 16:25:00,2505,13.0118,13.01,13.005,13.015,13.005,38
2023-10-18 16:27:00,918,13.0092,13.01,13.01,13.01,13.01,12
2023-10-18 16:28:00,410,13.0139,13.015,13.015,13.015,13.0105,7
2023-10-18 16:30:00,1543,13.0207,13.02,13.025,13.025,13.015,32
2023-10-18 16:31:00,737,13.0307,13.03,13.035,13.035,13.03,10
2023-10-18 16:33:00,12649,13.0392,13.04,13.035,13.045,13.03,138
2023-10-18 16:34:00,4839,13.0309,13.035,13.025,13.04,13.025,69
2023-10-18 16:35:00,101,13.025,13.025,13.025,13.025,13.025,2
2023-10-18 16:36:00,469,13.0239,13.025,13.02,13.025,13.02,10
2023-10-18 16:37:00,304,13.0279,13.025,13.025,13.025,13.025,6
2023-10-18 16:38:00,1867,13.0227,13.0231,13.02,13.0231,13.02,9
2023-10-18 16:39:00,101,13.025,13.025,13.025,13.025,13.025,2
2023-10-18 16:40:00,7585,13.0218,13.0223,13.02,13.025,13.015,56
2023-10-18 16:41:00,3172,13.0301,13.025,13.035,13.035,13.025,30
2023-10-18 16:42:00,586,13.0403,13.04,13.04,13.04,13.04,11
2023-10-18 16:45:00,4133,13.0573,13.05,13.055,13.0605,13.05,41
2023-10-18 16:46:00,452,13.0478,13.05,13.045,13.05,13.045,16
2023-10-18 16:47:00,217,13.0433,13.045,13.045,13.045,13.045,9
2023-10-18 16:48:00,464,13.0401,13.04,13.04,13.04,13.04,5
2023-10-18 16:51:00,258,13.0431,13.045,13.045,13.045,13.045,6
2023-10-18 16:52:00,2628,13.0396,13.04,13.04,13.04,13.035,39
2023-10-18 16:55:00,1545,13.038,13.04,13.035,13.04,13.035,25
2023-10-18 16:56:00,149,13.036,13.035,13.035,13.035,13.035,5
2023-10-18 16:57:00,738,13.0401,13.04,13.04,13.04,13.04,15
2023-10-18 17:00:00,2227,13.0488,13.05,13.045,13.05,13.04,35
2023-10-18 17:01:00,3451,13.0566,13.05,13.07,13.07,13.04,49
2023-10-18 17:02:00,1164,13.0768,13.07,13.08,13.085,13.065,17
2023-10-18 17:03:00,1348,13.0687,13.075,13.0663,13.075,13.0663,20
2023-10-18 17:04:00,1284,13.0689,13.07,13.07,13.07,13.065,19
2023-10-18 17:08:00,616,13.0818,13.08,13.09,13.09,13.08,16
2023-10-18 17:09:00,728,13.0904,13.09,13.09,13.09,13.09,16
2023-10-18 17:10:00,391,13.0876,13.09,13.085,13.09,13.085,4
2023-10-18 17:11:00,749,13.09,13.09,13.09,13.09,13.09,13
2023-10-18 17:12:00,728,13.1011,13.1,13.11,13.11,13.1,9
2023-10-18 17:13:00,393,13.0947,13.095,13.0954,13.0954,13.095,10
2023-10-18 17:15:00,493,13.0911,13.09,13.09,13.095,13.09,5
2023-10-18 17:17:00,2532,13.0988,13.1,13.095,13.1,13.09,24
2023-10-18 17:18:00,942,13.0899,13.09,13.085,13.09,13.085,20
2023-10-18 17:21:00,980,13.0856,13.085,13.08,13.09,13.08,17
2023-10-18 17:24:00,132,13.0799,13.08,13.08,13.08,13.08,6
2023-10-18 17:25:00,1045,13.0793,13.08,13.08,13.08,13.08,27
2023-10-18 17:26:00,3634,13.0797,13.08,13.0805,13.0805,13.075,37
2023-10-18 17:27:00,1999,13.0682,13.07,13.06,13.07,13.06,29
2023-10-18 17:28:00,2244,13.074,13.07,13.08,13.0805,13.07,24
2023-10-18 17:30:00,158,13.0754,13.0754,13.0754,13.0754,13.0754,3
2023-10-18 17:31:00,614,13.07,13.07,13.07,13.07,13.07,9
2023-10-18 17:32:00,3774,13.0584,13.06,13.06,13.06,13.055,50
2023-10-18 17:34:00,103,13.0699,13.07,13.07,13.07,13.07,3
2023-10-18 17:35:00,857,13.0571,13.06,13.06,13.06,13.05,16
2023-10-18 17:36:00,100,13.05,13.05,13.05,13.05,13.05,1
2023-10-18 17:38:00,339,13.0585,13.06,13.055,13.06,13.055,9
2023-10-18 17:39:00,253,13.0554,13.0554,13.055,13.0554,13.055,4
2023-10-18 17:41:00,709,13.0579,13.06,13.06,13.06,13.05,7
2023-10-18 17:43:00,1696,13.0493,13.05,13.04,13.05,13.04,25
2023-10-18 17:45:00,1424,13.0379,13.04,13.035,13.04,13.03,25
2023-10-18 17:46:00,108,13.0346,13.035,13.035,13.035,13.035,2
2023-10-18 17:48:00,8620,13.0304,13.03,13.025,13.035,13.02,94
2023-10-18 17:49:00,107,13.025,13.025,13.025,13.025,13.025,2
2023-10-18 17:50:00,403,13.0287,13.025,13.03,13.03,13.025,5
2023-10-18 17:51:00,109,13.025,13.025,13.025,13.025,13.025,3
2023-10-18 17:52:00,1670,13.0317,13.03,13.03,13.04,13.03,32
2023-10-18 17:53:00,404,13.0359,13.035,13.035,13.04,13.035,6
2023-10-18 17:55:00,813,13.035,13.035,13.035,13.04,13.03,9
2023-10-18 17:56:00,1473,13.0394,13.035,13.04,13.04,13.035,26
2023-10-18 17:57:00,768,13.0508,13.05,13.05,13.05,13.05,10
2023-10-18 18:01:00,104,13.06,13.06,13.06,13.06,13.06,3
2023-10-18 18:02:00,2436,13.0494,13.05,13.045,13.05,13.045,21
2023-10-18 18:04:00,300,13.0467,13.045,13.045,13.045,13.045,6
2023-10-18 18:05:00,2103,13.0556,13.05,13.0618,13.0618,13.05,27
2023-10-18 18:06:00,846,13.0569,13.06,13.045,13.06,13.045,16
2023-10-18 18:07:00,1246,13.0483,13.0401,13.055,13.055,13.0401,16
2023-10-18 18:08:00,3865,13.0564,13.055,13.07,13.07,13.05,18
2023-10-18 18:09:00,400,13.0775,13.08,13.07,13.08,13.07,4
2023-10-18 18:10:00,381,13.07,13.07,13.07,13.07,13.07,4
2023-10-18 18:12:00,1138,13.0699,13.075,13.06,13.075,13.06,21
2023-10-18 18:13:00,670,13.07,13.07,13.07,13.07,13.07,15
2023-10-18 18:14:00,989,13.0685,13.07,13.075,13.075,13.07,12
2023-10-18 18:16:00,1339,13.0605,13.07,13.05,13.07,13.05,32
2023-10-18 18:20:00,1933,13.049,13.046,13.05,13.05,13.046,28
2023-10-18 18:25:00,854,13.0404,13.04,13.03,13.04,13.03,17
2023-10-18 18:26:00,200,13.0325,13.03,13.035,13.035,13.03,2
2023-10-18 18:27:00,1385,13.0309,13.03,13.025,13.035,13.025,25
2023-10-18 18:28:00,1470,13.0317,13.03,13.035,13.04,13.03,27
2023-10-18 18:29:00,1391,13.0385,13.035,13.045,13.045,13.035,26
2023-10-18 18:30:00,1238,13.0494,13.045,13.055,13.055,13.045,20
2023-10-18 18:32:00,794,13.0581,13.06,13.05,13.06,13.05,10
2023-10-18 18:34:00,804,13.0488,13.05,13.04,13.05,13.04,19
2023-10-18 18:35:00,1357,13.0368,13.045,13.035,13.045,13.0301,26
2023-10-18 18:36:00,302,13.0317,13.035,13.03,13.035,13.03,7
2023-10-18 18:40:00,568,13.0322,13.035,13.0309,13.035,13.0309,15
2023-10-18 18:41:00,3605,13.0282,13.03,13.025,13.035,13.02,52
2023-10-18 18:42:00,5211,13.0233,13.02,13.025,13.03,13.02,54
2023-10-18 18:43:00,220,13.025,13.025,13.025,13.025,13.025,3
2023-10-18 18:44:00,1630,13.0312,13.03,13.035,13.035,13.03,26
2023-10-18 18:47:00,1216,13.0399,13.04,13.04,13.04,13.04,20
2023-10-18 18:50:00,407,13.0444,13.045,13.0425,13.045,13.0425,9
2023-10-18 18:51:00,4604,13.0382,13.045,13.035,13.045,13.03,36
2023-10-18 18:52:00,519,13.0336,13.035,13.0325,13.035,13.0325,10
2023-10-18 18:53:00,102,13.035,13.035,13.035,13.035,13.035,2
2023-10-18 18:55:00,10476,13.0321,13.035,13.035,13.035,13.03,85
2023-10-18 18:56:00,2186,13.0404,13.035,13.04,13.045,13.035,30
2023-10-18 18:57:00,360,13.0403,13.04,13.04,13.04,13.04,16
2023-10-18 18:58:00,414,13.0403,13.042,13.042,13.042,13.042,6
2023-10-18 19:00:00,4984,13.0368,13.04,13.035,13.04,13.03,55
2023-10-18 19:01:00,313,13.0351,13.035,13.035,13.035,13.035,7
2023-10-18 19:02:00,961,13.0353,13.035,13.035,13.0386,13.03,16
2023-10-18 19:03:00,11578,13.0216,13.035,13.01,13.035,13.005,106
2023-10-18 19:04:00,3573,13.0185,13.015,13.025,13.025,13.01,43
2023-10-18 19:05:00,100,13.02,13.02,13.02,13.02,13.02,1
2023-10-18 19:06:00,3991,13.0141,13.02,13.005,13.02,13.0,47
2023-10-18 19:07:00,4033,12.9958,13.0,13.0,13.0,12.99,52
2023-10-18 19:08:00,347,13.0057,13.0,13.0,13.0,13.0,14
2023-10-18 19:09:00,739,12.9997,12.995,13.0,13.005,12.995,11
2023-10-18 19:11:00,1066,12.9985,13.0,12.99,13.0,12.99,21
2023-10-18 19:12:00,1275,12.99,12.99,12.99,12.99,12.99,4
2023-10-18 19:13:00,4437,12.9958,12.995,13.0,13.0,12.99,50
2023-10-18 19:14:00,402,13.0,13.0,13.0,13.0,13.0,6
2023-10-18 19:17:00,273,13.0021,13.005,13.0,13.005,13.0,3
2023-10-18 19:20:00,106,13.0006,13.0,13.0,13.0,13.0,2
2023-10-18 19:21:00,1316,13.0056,13.005,13.0,13.01,13.0,18
2023-10-18 19:22:00,4204,13.0096,13.005,13.015,13.015,13.005,64
2023-10-18 19:23:00,1337,13.0132,13.015,13.01,13.015,13.01,14
2023-10-18 19:24:00,129,13.0147,13.015,13.015,13.015,13.015,6
2023-10-18 19:25:00,2585,13.0089,13.015,13.001,13.015,13.0,49
2023-10-18 19:26:00,230,13.0002,13.0,13.0,13.0,13.0,9
2023-10-18 19:27:00,1005,12.9989,13.0,13.0,13.0,12.9925,20
2023-10-18 19:28:00,1199,12.9878,12.99,12.98,12.99,12.98,20
2023-10-18 19:29:00,2965,12.9876,12.9812,12.99,12.99,12.9812,44
2023-10-18 19:30:00,1095,12.9884,12.99,12.99,12.99,12.985,24
2023-10-18 19:31:00,1365,12.99,12.99,12.99,12.99,12.99,26
2023-10-18 19:32:00,186,12.9822,12.98,12.98,12.98,12.98,3
2023-10-18 19:33:00,432,12.9898,12.985,12.985,12.985,12.985,9
2023-10-18 19:35:00,5335,12.9791,12.98,12.975,12.98,12.97,34
2023-10-18 19:36:00,9152,12.9808,12.975,12.995,12.995,12.97,58
2023-10-18 19:37:00,618,12.9933,12.99,12.995,12.995,12.99,6
2023-10-18 19:39:00,2065,12.9889,12.99,12.9826,12.99,12.9826,31
2023-10-18 19:41:00,2064,12.9845,12.985,12.985,12.985,12.98,11
2023-10-18 19:42:00,647,12.9843,12.985,12.98,12.985,12.98,11
2023-10-18 19:43:00,1362,12.9834,12.985,12.985,12.985,12.98,14
2023-10-18 19:44:00,1134,12.9848,12.985,12.98,12.99,12.98,22
2023-10-18 19:45:00,2488,12.9779,12.98,12.975,12.98,12.97,56
2023-10-18 19:46:00,4274,12.9796,12.975,12.98,12.985,12.975,57
2023-10-18 19:47:00,1064,12.9823,12.985,12.98,12.985,12.98,11
2023-10-18 19:48:00,3960,12.9907,12.985,13.0,13.0,12.98,54
2023-10-18 19:49:00,4978,12.9912,12.995,12.995,12.995,12.99,46
2023-10-18 19:50:00,2668,13.0028,13.0,13.01,13.01,13.0,39
2023-10-18 19:51:00,1859,13.0001,13.005,13.0009,13.005,13.0,17
2023-10-18 19:52:00,5519,12.9995,13.005,13.0,13.005,12.99,75
2023-10-18 19:53:00,3339,13.0027,13.005,13.0002,13.01,13.0,26
2023-10-18 19:54:00,3093,13.0033,13.0,13.005,13.005,13.0,49
2023-10-18 19:55:00,3293,13.0053,13.01,13.005,13.01,13.0,45
2023-10-18 19:56:00,2355,13.0051,13.0,13.005,13.01,13.0,47
2023-10-18 19:57:00,3612,13.002,13.005,13.005,13.0075,13.0,51
2023-10-18 19:58:00,9862,13.0118,13.01,13.015,13.02,13.009,114
2023-10-18 19:59:00,33162,13.0054,13.015,13.0,13.0161,12.995,293
2023-10-18 20:00:00,4643,13.0,13.0,13.0,13.0,13.0,11
2023-10-19 13:30:00,9353,12.8773,12.9,12.88,12.9,12.82,45
2023-10-19 13:32:00,775,12.8261,12.82,12.83,12.83,12.82,28
2023-10-19 13:33:00,1289,12.8178,12.83,12.8,12.83,12.8,12
2023-10-19 13:34:00,2857,12.7989,12.8,12.79,12.82,12.78,23
2023-10-19 13:35:00,7448,12.7437,12.8,12.71,12.82,12.71,66
2023-10-19 13:36:00,2705,12.7453,12.72,12.78,12.78,12.715,41
2023-10-19 13:37:00,650,12.7763,12.79,12.76,12.79,12.76,9
2023-10-19 13:38:00,1254,12.7847,12.785,12.785,12.785,12.785,9
2023-10-19 13:39:00,883,12.7855,12.78,12.79,12.79,12.78,17
2023-10-19 13:40:00,1209,12.8016,12.78,12.8,12.82,12.78,13
2023-10-19 13:41:00,3010,12.8012,12.8,12.81,12.81,12.8,24
2023-10-19 13:42:00,1045,12.8379,12.82,12.84,12.84,12.82,12
2023-10-19 13:43:00,842,12.8228,12.83,12.82,12.83,12.82,7
2023-10-19 13:44:00,910,12.83,12.83,12.83,12.83,12.83,8
2023-10-19 13:45:00,1836,12.8501,12.84,12.85,12.86,12.83,22
2023-10-19 13:46:00,2565,12.843,12.84,12.85,12.85,12.84,23
2023-10-19 13:47:00,881,12.8432,12.85,12.84,12.85,12.84,22
2023-10-19 13:48:00,2608,12.8231,12.83,12.84,12.84,12.81,31
2023-10-19 13:49:00,729,12.8438,12.838,12.84,12.85,12.838,14
2023-10-19 13:50:00,1213,12.8312,12.83,12.84,12.84,12.83,20
2023-10-19 13:51:00,2152,12.8474,12.84,12.85,12.85,12.84,32
2023-10-19 13:52:00,794,12.8408,12.85,12.84,12.85,12.835,11
2023-10-19 13:53:00,1480,12.8313,12.85,12.82,12.85,12.82,21
2023-10-19 13:55:00,360,12.8175,12.82,12.82,12.82,12.82,10
2023-10-19 13:56:00,1691,12.8152,12.82,12.82,12.82,12.81,48
2023-10-19 13:57:00,3841,12.8301,12.83,12.825,12.84,12.82,36
2023-10-19 13:58:00,246,12.8259,12.825,12.825,12.825,12.825,8
2023-10-19 13:59:00,892,12.819,12.82,12.82,12.82,12.8101,13
2023-10-19 14:00:00,1490,12.814,12.81,12.82,12.82,12.81,7
2023-10-19 14:01:00,1488,12.8222,12.82,12.82,12.83,12.82,22
2023-10-19 14:02:00,506,12.8191,12.82,12.82,12.82,12.82,8
2023-10-19 14:03:00,1272,12.8106,12.81,12.805,12.815,12.805,22
2023-10-19 14:04:00,2070,12.8228,12.81,12.835,12.84,12.81,24
2023-10-19 14:05:00,6119,12.8202,12.83,12.812,12.83,12.8112,38
2023-10-19 14:06:00,314,12.8187,12.82,12.82,12.82,12.82,14
2023-10-19 14:07:00,605,12.8317,12.83,12.83,12.83,12.83,10
2023-10-19 14:08:00,2643,12.837,12.83,12.84,12.84,12.83,24
2023-10-19 14:09:00,263,12.8407,12.84,12.84,12.84,12.84,18
2023-10-19 14:10:00,2597,12.8325,12.84,12.83,12.84,12.83,43
2023-10-19 14:11:00,1548,12.8314,12.825,12.832,12.835,12.825,11
2023-10-19 14:12:00,339,12.8302,12.83,12.83,12.83,12.83,10
2023-10-19 14:13:00,139,12.84,12.84,12.84,12.84,12.84,6
2023-10-19 14:14:00,663,12.8427,12.84,12.848,12.848,12.84,11
2023-10-19 14:15:00,420,12.85,12.85,12.85,12.85,12.85,8
2023-10-19 14:18:00,3875,12.8673,12.855,12.88,12.88,12.855,43
2023-10-19 14:19:00,620,12.8918,12.89,12.9,12.9,12.89,18
2023-10-19 14:20:00,522,12.9014,12.9,12.9075,12.9075,12.9,8
2023-10-19 14:21:00,933,12.9,12.9,12.9,12.9,12.9,19
2023-10-19 14:22:00,948,12.9008,12.9,12.9,12.905,12.9,8
2023-10-19 14:23:00,613,12.915,12.91,12.92,12.92,12.91,9
2023-10-19 14:24:00,3115,12.9298,12.93,12.93,12.93,12.925,17
2023-10-19 14:25:00,1302,12.9295,12.93,12.9299,12.93,12.925,15
2023-10-19 14:26:00,772,12.92,12.92,12.92,12.92,12.92,15
2023-10-19 14:27:00,1447,12.9292,12.93,12.93,12.93,12.925,14
2023-10-19 14:30:00,323,12.9301,12.93,12.93,12.93,12.93,7
2023-10-19 14:31:00,1548,12.9201,12.9254,12.9154,12.9254,12.915,10
2023-10-19 14:32:00,4012,12.9125,12.91,12.92,12.92,12.905,52
2023-10-19 14:33:00,1129,12.9099,12.91,12.91,12.91,12.91,10
2023-10-19 14:34:00,503,12.92,12.92,12.92,12.92,12.92,5
2023-10-19 14:35:00,564,12.9286,12.925,12.93,12.93,12.925,10
2023-10-19 14:36:00,838,12.9357,12.94,12.93,12.94,12.93,18
2023-10-19 14:37:00,580,12.9208,12.92,12.915,12.92,12.915,13
2023-10-19 14:39:00,417,12.9067,12.91,12.895,12.91,12.895,12
2023-10-19 14:40:00,1530,12.8896,12.89,12.89,12.89,12.885,29
2023-10-19 14:41:00,1091,12.8898,12.89,12.89,12.89,12.89,13
2023-10-19 14:43:00,1979,12.8836,12.89,12.88,12.89,12.88,11
2023-10-19 14:44:00,351,12.8773,12.875,12.88,12.88,12.875,5
2023-10-19 14:45:00,253,12.8758,12.875,12.875,12.875,12.875,14
2023-10-19 14:46:00,111,12.8755,12.875,12.875,12.875,12.875,8
2023-10-19 14:47:00,167,12.8756,12.875,12.875,12.875,12.875,12
2023-10-19 14:48:00,110,12.8753,12.875,12.875,12.875,12.875,10
2023-10-19 14:50:00,233,12.8752,12.875,12.875,12.875,12.875,18
2023-10-19 14:51:00,211,12.8756,12.8754,12.8754,12.8754,12.8754,13
2023-10-19 14:52:00,118,12.8753,12.875,12.875,12.875,12.875,14
2023-10-19 14:53:00,1724,12.8697,12.875,12.87,12.875,12.865,40
2023-10-19 14:54:00,2517,12.8717,12.865,12.875,12.875,12.865,28
2023-10-19 14:55:00,378,12.8672,12.87,12.87,12.87,12.87,21
2023-10-19 14:56:00,3133,12.8518,12.86,12.85,12.86,12.845,37
2023-10-19 14:57:00,101,12.855,12.855,12.855,12.855,12.855,2
2023-10-19 14:58:00,3504,12.8612,12.855,12.87,12.87,12.855,34
2023-10-19 14:59:00,1135,12.8796,12.875,12.88,12.88,12.875,7
2023-10-19 15:01:00,2139,12.8898,12.89,12.89,12.89,12.885,21
2023-10-19 15:02:00,800,12.8992,12.9,12.895,12.9,12.895,13
2023-10-19 15:04:00,300,12.8967,12.895,12.895,12.9,12.895,3
2023-10-19 15:06:00,1265,12.9047,12.895,12.92,12.92,12.895,28
2023-10-19 15:07:00,1746,12.93,12.925,12.935,12.94,12.925,13
2023-10-19 15:08:00,990,12.9292,12.935,12.92,12.935,12.92,9
2023-10-19 15:10:00,150,12.9297,12.93,12.93,12.93,12.93,6
2023-10-19 15:15:00,710,12.9305,12.93,12.93,12.93,12.93,13
2023-10-19 15:17:00,1796,12.93,12.93,12.94,12.94,12.925,31
2023-10-19 15:20:00,2271,12.9398,12.935,12.94,12.94,12.935,24
2023-10-19 15:21:00,113,12.9355,12.935,12.935,12.935,12.935,10
2023-10-19 15:22:00,515,12.94,12.94,12.94,12.94,12.94,12
2023-10-19 15:23:00,257,12.9437,12.942,12.945,12.945,12.942,15
2023-10-19 15:25:00,1599,12.956,12.95,12.965,12.965,12.945,24
2023-10-19 15:28:00,771,12.9666,12.965,12.965,12.97,12.965,10
2023-10-19 15:32:00,1975,12.9724,12.97,12.98,12.98,12.965,31
2023-10-19 15:33:00,997,12.9792,12.98,12.975,12.98,12.975,20
2023-10-19 15:34:00,140,12.9644,12.965,12.965,12.965,12.965,4
2023-10-19 15:35:00,1046,12.9699,12.97,12.97,12.97,12.97,19
2023-10-19 15:36:00,1571,12.9546,12.96,12.95,12.96,12.95,15
2023-10-19 15:38:00,271,12.9486,12.9488,12.9488,12.9488,12.9488,2
2023-10-19 15:39:00,116,12.9493,12.95,12.95,12.95,12.95,10
2023-10-19 15:40:00,1212,12.95,12.95,12.95,12.95,12.95,17
2023-10-19 15:41:00,200,12.9575,12.96,12.955,12.96,12.955,2
2023-10-19 15:42:00,1330,12.9638,12.96,12.96,12.97,12.96,17
2023-10-19 15:43:00,515,12.9611,12.96,12.965,12.965,12.96,6
2023-10-19 15:45:00,1312,12.9716,12.97,12.975,12.975,12.97,22
2023-10-19 15:46:00,731,12.9694,12.97,12.965,12.97,12.965,12
2023-10-19 15:47:00,1300,12.9742,12.97,12.975,12.98,12.97,11
2023-10-19 15:48:00,500,12.9806,12.98,12.985,12.985,12.98,11
2023-10-19 15:49:00,136,12.9802,12.98,12.98,12.98,12.98,2
2023-10-19 15:50:00,1074,12.9746,12.98,12.97,12.98,12.97,29
2023-10-19 15:51:00,1176,12.9567,12.96,12.95,12.96,12.95,12
2023-10-19 15:53:00,958,12.9502,12.955,12.95,12.955,12.95,14
2023-10-19 15:54:00,3900,12.9345,12.94,12.9391,12.94,12.9307,20
2023-10-19 15:57:00,709,12.9317,12.9313,12.935,12.935,12.93,14
2023-10-19 15:58:00,274,12.933,12.9311,12.935,12.935,12.9311,12
2023-10-19 16:00:00,5933,12.9285,12.93,12.955,12.955,12.91,86
2023-10-19 16:02:00,5083,12.969,12.96,12.98,12.98,12.96,45
2023-10-19 16:03:00,190,12.9726,12.975,12.975,12.975,12.975,2
2023-10-19 16:04:00,1005,12.97,12.975,12.97,12.975,12.965,14
2023-10-19 16:05:00,1282,12.9628,12.97,12.95,12.97,12.95,19
2023-10-19 16:06:00,2240,12.9601,12.96,12.96,12.961,12.96,23
2023-10-19 16:07:00,5005,12.9545,12.955,12.96,12.96,12.95,38
2023-10-19 16:09:00,1655,12.9688,12.96,12.96,12.975,12.96,20
2023-10-19 16:10:00,362,12.9686,12.97,12.965,12.97,12.965,4
2023-10-19 16:11:00,245,12.9707,12.97,12.97,12.97,12.97,8
2023-10-19 16:12:00,127,12.9806,12.98,12.98,12.98,12.98,5
2023-10-19 16:13:00,960,12.9733,12.98,12.97,12.98,12.97,23
2023-10-19 16:14:00,494,12.9701,12.97,12.9705,12.9705,12.97,9
2023-10-19 16:15:00,100,12.97,12.97,12.97,12.97,12.97,1
2023-10-19 16:17:00,634,12.9903,12.99,12.995,12.995,12.99,14
2023-10-19 16:18:00,2068,12.9813,12.99,12.975,12.9905,12.975,27
2023-10-19 16:19:00,1063,12.9699,12.97,12.97,12.97,12.97,14
2023-10-19 16:20:00,1560,12.9715,12.965,12.975,12.975,12.965,16
2023-10-19 16:21:00,1718,12.9866,12.975,12.995,12.998,12.975,25
2023-10-19 16:22:00,629,12.9924,12.99,12.99,12.995,12.99,13
2023-10-19 16:23:00,1159,12.9782,12.98,12.98,12.98,12.97,19
2023-10-19 16:24:00,323,12.9822,12.98,12.98,12.985,12.98,7
2023-10-19 16:25:00,685,12.98,12.98,12.98,12.98,12.98,24
2023-10-19 16:26:00,2950,12.9628,12.97,12.965,12.97,12.96,22
2023-10-19 16:27:00,570,12.96,12.96,12.96,12.96,12.96,21
2023-10-19 16:28:00,2321,12.9646,12.96,12.97,12.97,12.96,34
2023-10-19 16:29:00,1384,12.9598,12.965,12.9605,12.965,12.96,21
2023-10-19 16:30:00,412,12.9575,12.96,12.95,12.96,12.95,5
2023-10-19 16:31:00,2501,12.9534,12.96,12.94,12.96,12.94,34
2023-10-19 16:32:00,2116,12.94,12.94,12.94,12.9405,12.94,38
2023-10-19 16:33:00,422,12.938,12.94,12.94,12.94,12.94,12
2023-10-19 16:34:00,1024,12.9261,12.93,12.92,12.93,12.92,15
2023-10-19 16:35:00,3906,12.9195,12.91,12.92,12.92,12.91,26
2023-10-19 16:36:00,1325,12.9158,12.92,12.91,12.92,12.91,25
2023-10-19 16:37:00,1263,12.8945,12.9,12.88,12.9,12.88,15
2023-10-19 16:38:00,1032,12.8772,12.88,12.87,12.88,12.87,9
2023-10-19 16:39:00,2498,12.8619,12.87,12.86,12.87,12.86,36
2023-10-19 16:40:00,1175,12.8816,12.86,12.88,12.89,12.86,23
2023-10-19 16:41:00,528,12.8686,12.86,12.8675,12.87,12.86,11
2023-10-19 16:42:00,1767,12.8876,12.88,12.89,12.9,12.88,23
2023-10-19 16:43:00,201,12.895,12.89,12.9,12.9,12.89,3
2023-10-19 16:44:00,303,12.8934,12.89,12.89,12.9,12.89,6
2023-10-19 16:45:00,590,12.9,12.9,12.9,12.9,12.9,16
2023-10-19 16:46:00,1038,12.8926,12.9,12.885,12.9,12.885,21
2023-10-19 16:47:00,200,12.883,12.885,12.885,12.885,12.885,4
2023-10-19 16:48:00,3506,12.8959,12.88,12.895,12.9,12.88,28
2023-10-19 16:49:00,779,12.8867,12.89,12.89,12.89,12.88,10
2023-10-19 16:50:00,4340,12.8835,12.88,12.8908,12.8908,12.87,56
2023-10-19 16:51:00,1796,12.8892,12.89,12.89,12.89,12.89,29
2023-10-19 16:52:00,2056,12.9139,12.9,12.92,12.9205,12.9,25
2023-10-19 16:53:00,1057,12.9289,12.91,12.94,12.94,12.91,17
2023-10-19 16:54:00,100,12.93,12.93,12.93,12.93,12.93,1
2023-10-19 16:55:00,4292,12.9474,12.93,12.94,12.96,12.93,39
2023-10-19 16:56:00,200,12.9325,12.935,12.93,12.935,12.93,2
2023-10-19 16:57:00,3024,12.9268,12.93,12.925,12.93,12.92,27
2023-10-19 16:58:00,1251,12.9181,12.92,12.91,12.925,12.91,18
2023-10-19 16:59:00,1486,12.9193,12.91,12.92,12.92,12.91,14
2023-10-19 17:00:00,905,12.9197,12.9275,12.91,12.93,12.91,8
2023-10-19 17:01:00,1698,12.9252,12.92,12.93,12.93,12.92,29
2023-10-19 17:02:00,842,12.9201,12.92,12.92,12.92,12.92,7
2023-10-19 17:03:00,565,12.9173,12.92,12.91,12.92,12.91,9
2023-10-19 17:04:00,226,12.9144,12.92,12.91,12.92,12.91,3
2023-10-19 17:05:00,2596,12.9262,12.91,12.94,12.94,12.91,32
2023-10-19 17:06:00,2401,12.9574,12.945,12.96,12.965,12.945,20
2023-10-19 17:07:00,115,12.96,12.96,12.96,12.96,12.96,3
2023-10-19 17:08:00,387,12.9568,12.96,12.96,12.96,12.955,5
2023-10-19 17:09:00,2644,12.9577,12.95,12.95,12.96,12.95,28
2023-10-19 17:10:00,825,12.9569,12.95,12.96,12.96,12.95,7
2023-10-19 17:11:00,436,12.9486,12.95,12.94,12.95,12.94,10
2023-10-19 17:12:00,1474,12.9457,12.94,12.945,12.95,12.94,6
2023-10-19 17:13:00,2344,12.9492,12.94,12.945,12.955,12.94,26
2023-10-19 17:14:00,284,12.9404,12.94,12.94,12.94,12.94,5
2023-10-19 17:15:00,907,12.9395,12.94,12.94,12.94,12.94,17
2023-10-19 17:16:00,850,12.9388,12.93,12.94,12.94,12.93,19
2023-10-19 17:17:00,717,12.9472,12.95,12.94,12.95,12.94,9
2023-10-19 17:18:00,2921,12.9402,12.94,12.94,12.94,12.935,30
2023-10-19 17:19:00,1079,12.9541,12.95,12.95,12.96,12.95,15
2023-10-19 17:20:00,737,12.9573,12.95,12.95,12.96,12.95,9
2023-10-19 17:21:00,210,12.9505,12.95,12.95,12.95,12.95,3
2023-10-19 17:22:00,681,12.9485,12.95,12.94,12.95,12.94,18
2023-10-19 17:23:00,852,12.9388,12.94,12.93,12.94,12.93,12
2023-10-19 17:24:00,303,12.9317,12.935,12.93,12.935,12.93,4
2023-10-19 17:25:00,693,12.928,12.93,12.92,12.93,12.92,10
2023-10-19 17:26:00,981,12.9217,12.92,12.92,12.925,12.92,11
2023-10-19 17:27:00,2543,12.9193,12.9196,12.92,12.92,12.91,20
2023-10-19 17:28:00,1440,12.9195,12.92,12.92,12.92,12.91,12
2023-10-19 17:29:00,2291,12.9179,12.92,12.925,12.925,12.91,25
2023-10-19 17:30:00,153,12.93,12.93,12.93,12.93,12.93,4
2023-10-19 17:31:00,2696,12.9372,12.93,12.94,12.945,12.93,23
2023-10-19 17:32:00,419,12.9352,12.94,12.92,12.94,12.92,6
2023-10-19 17:33:00,537,12.9178,12.92,12.92,12.92,12.92,12
2023-10-19 17:34:00,551,12.9002,12.9,12.9,12.9,12.9,8
2023-10-19 17:35:00,989,12.8917,12.9,12.89,12.9,12.89,9
2023-10-19 17:36:00,753,12.8839,12.88,12.87,12.88,12.87,10
2023-10-19 17:37:00,1387,12.88,12.88,12.88,12.88,12.88,15
2023-10-19 17:38:00,299,12.88,12.88,12.88,12.88,12.88,5
2023-10-19 17:39:00,224,12.8809,12.88,12.88,12.88,12.88,6
2023-10-19 17:40:00,349,12.8773,12.88,12.87,12.88,12.87,10
2023-10-19 17:41:00,153,12.8784,12.88,12.88,12.88,12.88,3
2023-10-19 17:42:00,295,12.8708,12.87,12.87,12.87,12.87,11
2023-10-19 17:43:00,881,12.8666,12.87,12.865,12.87,12.86,12
2023-10-19 17:44:00,540,12.8613,12.86,12.86,12.86,12.86,10
2023-10-19 17:45:00,1220,12.8615,12.87,12.86,12.87,12.86,14
2023-10-19 17:46:00,100,12.85,12.85,12.85,12.85,12.85,1
2023-10-19 17:47:00,711,12.8475,12.85,12.85,12.85,12.85,17
2023-10-19 17:48:00,2493,12.8498,12.85,12.85,12.85,12.845,22
2023-10-19 17:49:00,328,12.8401,12.8401,12.84,12.8401,12.84,4
2023-10-19 17:50:00,1000,12.838,12.84,12.83,12.84,12.83,8
2023-10-19 17:51:00,2515,12.8198,12.83,12.81,12.83,12.81,20
2023-10-19 17:52:00,2553,12.7996,12.805,12.8,12.805,12.795,29
2023-10-19 17:53:00,113,12.7994,12.8,12.8,12.8,12.8,3
2023-10-19 17:54:00,1384,12.7988,12.795,12.8032,12.8032,12.795,16
2023-10-19 17:55:00,2038,12.8252,12.81,12.8373,12.8373,12.81,18
2023-10-19 17:56:00,796,12.8256,12.83,12.81,12.83,12.81,15
2023-10-19 17:57:00,422,12.8026,12.805,12.8,12.805,12.8,7
2023-10-19 17:58:00,280,12.8062,12.805,12.81,12.81,12.805,11
2023-10-19 17:59:00,1062,12.8105,12.81,12.81,12.81,12.81,20
2023-10-19 18:00:00,759,12.8119,12.815,12.81,12.815,12.81,18
2023-10-19 18:01:00,372,12.8028,12.8,12.81,12.81,12.8,6
2023-10-19 18:02:00,1240,12.8091,12.81,12.81,12.81,12.805,20
2023-10-19 18:03:00,1044,12.8105,12.815,12.81,12.815,12.81,15
2023-10-19 18:04:00,554,12.802,12.8,12.81,12.81,12.8,9
2023-10-19 18:05:00,331,12.8022,12.805,12.8,12.805,12.8,7
2023-10-19 18:06:00,486,12.8002,12.8,12.8,12.8,12.8,17
2023-10-19 18:07:00,1425,12.811,12.81,12.82,12.82,12.81,17
2023-10-19 18:08:00,668,12.8061,12.815,12.8,12.815,12.8,13
2023-10-19 18:09:00,1016,12.7995,12.805,12.795,12.805,12.795,16
2023-10-19 18:10:00,767,12.7936,12.795,12.795,12.795,12.795,14
2023-10-19 18:11:00,2588,12.798,12.8,12.79,12.805,12.79,33
2023-10-19 18:12:00,2005,12.7996,12.8,12.81,12.81,12.79,27
2023-10-19 18:13:00,414,12.8061,12.81,12.8,12.81,12.8,7
2023-10-19 18:14:00,1091,12.8001,12.8,12.795,12.805,12.795,24
2023-10-19 18:15:00,322,12.795,12.795,12.795,12.795,12.795,8
2023-10-19 18:16:00,3728,12.7839,12.7919,12.785,12.7919,12.78,35
2023-10-19 18:17:00,6201,12.7828,12.78,12.795,12.795,12.77,61
2023-10-19 18:18:00,128,12.7998,12.8,12.8,12.8,12.8,2
2023-10-19 18:19:00,706,12.7929,12.795,12.79,12.795,12.79,10
2023-10-19 18:20:00,1341,12.7919,12.795,12.79,12.795,12.79,20
2023-10-19 18:21:00,802,12.7831,12.785,12.785,12.785,12.78,10
2023-10-19 18:22:00,2656,12.7884,12.78,12.795,12.795,12.78,35
2023-10-19 18:23:00,1209,12.7892,12.79,12.785,12.795,12.785,16
2023-10-19 18:24:00,1940,12.7802,12.785,12.775,12.785,12.775,26
2023-10-19 18:25:00,2387,12.7796,12.775,12.785,12.785,12.775,22
2023-10-19 18:26:00,815,12.7904,12.785,12.795,12.795,12.785,15
2023-10-19 18:27:00,996,12.8011,12.795,12.805,12.805,12.795,12
2023-10-19 18:28:00,1153,12.8019,12.8,12.805,12.805,12.8,15
2023-10-19 18:29:00,723,12.8101,12.81,12.81,12.81,12.81,11
2023-10-19 18:30:00,2886,12.803,12.81,12.79,12.81,12.79,30
2023-10-19 18:31:00,2270,12.7882,12.79,12.78,12.795,12.78,27
2023-10-19 18:32:00,2144,12.7795,12.78,12.775,12.78,12.775,26
2023-10-19 18:33:00,1762,12.7806,12.775,12.785,12.785,12.775,19
2023-10-19 18:34:00,4069,12.7941,12.79,12.81,12.81,12.79,33
2023-10-19 18:35:00,2879,12.8061,12.81,12.8,12.815,12.8,28
2023-10-19 18:36:00,607,12.7997,12.805,12.805,12.805,12.8009,7
2023-10-19 18:37:00,2047,12.8006,12.805,12.8,12.805,12.795,26
2023-10-19 18:38:00,1370,12.8007,12.795,12.805,12.805,12.795,16
2023-10-19 18:39:00,267,12.8043,12.805,12.8,12.805,12.8,8
2023-10-19 18:40:00,1312,12.7989,12.805,12.79,12.805,12.79,22
2023-10-19 18:41:00,1540,12.7962,12.79,12.795,12.795,12.79,15
2023-10-19 18:42:00,927,12.7951,12.795,12.795,12.795,12.795,20
2023-10-19 18:43:00,417,12.7951,12.795,12.795,12.795,12.795,16
2023-10-19 18:44:00,1550,12.794,12.795,12.79,12.795,12.79,27
2023-10-19 18:45:00,2743,12.7851,12.79,12.775,12.795,12.775,55
2023-10-19 18:46:00,482,12.7752,12.775,12.775,12.775,12.775,12
2023-10-19 18:47:00,1340,12.7751,12.775,12.775,12.775,12.775,14
2023-10-19 18:48:00,761,12.7752,12.775,12.775,12.775,12.775,9
2023-10-19 18:49:00,117,12.7754,12.775,12.775,12.775,12.775,13
2023-10-19 18:50:00,865,12.7749,12.775,12.775,12.78,12.77,23
2023-10-19 18:51:00,261,12.7752,12.775,12.775,12.775,12.775,16
2023-10-19 18:52:00,4283,12.7833,12.78,12.795,12.795,12.78,52
2023-10-19 18:53:00,145,12.8027,12.8,12.8,12.8,12.8,10
2023-10-19 18:54:00,1170,12.8018,12.805,12.8,12.805,12.8,18
2023-10-19 18:55:00,1512,12.7936,12.795,12.79,12.795,12.79,11
2023-10-19 18:56:00,2527,12.7912,12.795,12.79,12.795,12.785,40
2023-10-19 18:57:00,5420,12.8029,12.795,12.815,12.815,12.795,62
2023-10-19 18:58:00,1518,12.8207,12.815,12.825,12.825,12.815,13
2023-10-19 18:59:00,2010,12.8208,12.82,12.815,12.825,12.815,20
2023-10-19 19:00:00,4747,12.8106,12.815,12.815,12.815,12.805,44
2023-10-19 19:01:00,613,12.8227,12.82,12.83,12.83,12.82,10
2023-10-19 19:02:00,2464,12.8311,12.83,12.82,12.84,12.82,25
2023-10-19 19:03:00,1874,12.8297,12.825,12.83,12.83,12.825,25
2023-10-19 19:04:00,2801,12.8231,12.825,12.82,12.825,12.82,32
2023-10-19 19:05:00,728,12.8216,12.825,12.825,12.825,12.825,11
2023-10-19 19:06:00,2342,12.8248,12.825,12.825,12.825,12.82,21
2023-10-19 19:07:00,810,12.8254,12.825,12.825,12.825,12.825,12
2023-10-19 19:08:00,2283,12.8293,12.825,12.83,12.83,12.825,25
2023-10-19 19:09:00,490,12.8441,12.845,12.845,12.845,12.845,12
2023-10-19 19:10:00,1154,12.8421,12.84,12.845,12.85,12.84,14
2023-10-19 19:11:00,1347,12.8397,12.845,12.835,12.845,12.835,18
2023-10-19 19:12:00,862,12.835,12.835,12.835,12.835,12.835,11
2023-10-19 19:13:00,1524,12.8271,12.83,12.825,12.83,12.82,37
2023-10-19 19:14:00,1498,12.8283,12.825,12.83,12.83,12.82,26
2023-10-19 19:15:00,1009,12.8288,12.83,12.825,12.83,12.825,16
2023-10-19 19:16:00,2152,12.8339,12.825,12.84,12.84,12.825,30
2023-10-19 19:17:00,1198,12.8378,12.84,12.835,12.84,12.835,10
2023-10-19 19:18:00,4150,12.8479,12.84,12.845,12.855,12.84,44
2023-10-19 19:19:00,341,12.8497,12.85,12.85,12.85,12.85,6
2023-10-19 19:20:00,2495,12.8634,12.85,12.865,12.87,12.845,21
2023-10-19 19:21:00,842,12.8506,12.855,12.845,12.855,12.845,18
2023-10-19 19:22:00,671,12.8432,12.84,12.845,12.845,12.84,14
2023-10-19 19:23:00,1042,12.8391,12.84,12.835,12.84,12.835,14
2023-10-19 19:24:00,452,12.8333,12.835,12.835,12.835,12.83,7
2023-10-19 19:25:00,677,12.8345,12.835,12.835,12.835,12.83,15
2023-10-19 19:26:00,2404,12.831,12.83,12.83,12.8362,12.83,42
2023-10-19 19:27:00,2395,12.83,12.83,12.835,12.835,12.825,26
2023-10-19 19:28:00,2123,12.8303,12.83,12.825,12.83,12.8205,28
2023-10-19 19:29:00,2077,12.8305,12.83,12.835,12.838,12.825,20
2023-10-19 19:30:00,2714,12.8362,12.835,12.84,12.84,12.83,29
2023-10-19 19:31:00,3055,12.8453,12.8325,12.865,12.865,12.8325,26
2023-10-19 19:32:00,1012,12.8592,12.865,12.86,12.865,12.86,16
2023-10-19 19:33:00,2116,12.8482,12.85,12.84,12.85,12.84,29
2023-10-19 19:34:00,3424,12.8534,12.8453,12.865,12.865,12.8453,23
2023-10-19 19:35:00,735,12.867,12.865,12.87,12.87,12.865,8
2023-10-19 19:36:00,3288,12.8604,12.8625,12.86,12.865,12.855,30
2023-10-19 19:37:00,434,12.8538,12.86,12.85,12.86,12.85,7
2023-10-19 19:38:00,1320,12.8495,12.85,12.845,12.85,12.845,17
2023-10-19 19:39:00,3493,12.8382,12.84,12.83,12.84,12.83,21
2023-10-19 19:40:00,4264,12.8201,12.83,12.81,12.83,12.81,50
2023-10-19 19:41:00,545,12.8135,12.815,12.82,12.82,12.81,11
2023-10-19 19:42:00,6095,12.8236,12.815,12.825,12.825,12.815,60
2023-10-19 19:43:00,1278,12.8179,12.82,12.815,12.82,12.815,15
2023-10-19 19:44:00,1804,12.8204,12.815,12.825,12.825,12.815,24
2023-10-19 19:45:00,1115,12.8275,12.82,12.83,12.83,12.82,19
2023-10-19 19:46:00,3021,12.8262,12.825,12.825,12.83,12.825,37
2023-10-19 19:47:00,5482,12.8311,12.83,12.835,12.835,12.83,56
2023-10-19 19:48:00,2863,12.8316,12.835,12.825,12.835,12.825,39
2023-10-19 19:49:00,3308,12.8287,12.825,12.83,12.83,12.825,29
2023-10-19 19:50:00,15017,12.8483,12.83,12.86,12.86,12.83,104
2023-10-19 19:51:00,9514,12.8686,12.875,12.87,12.88,12.87,94
2023-10-19 19:52:00,3710,12.8689,12.865,12.875,12.875,12.865,26
2023-10-19 19:53:00,8808,12.8713,12.875,12.88,12.88,12.87,95
2023-10-19 19:54:00,7559,12.8729,12.875,12.87,12.88,12.87,125
2023-10-19 19:55:00,9599,12.8727,12.87,12.885,12.89,12.86,84
2023-10-19 19:56:00,11280,12.885,12.885,12.87,12.895,12.87,130
2023-10-19 19:57:00,4481,12.874,12.87,12.875,12.88,12.87,75
2023-10-19 19:58:00,6530,12.8795,12.88,12.88,12.88,12.875,110
2023-10-19 19:59:00,40629,12.8507,12.875,12.84,12.88,12.83,237
2023-10-19 20:00:00,6231,12.84,12.84,12.84,12.84,12.84,11
2023-10-20 13:30:00,57015,12.8086,12.81,12.76,12.81,12.76,14
2023-10-20 13:31:00,420,12.8153,12.7901,12.83,12.83,12.7901,7
2023-10-20 13:32:00,1894,12.8536,12.85,12.84,12.87,12.84,31
2023-10-20 13:33:00,232,12.815,12.82,12.81,12.82,12.81,6
2023-10-20 13:34:00,1586,12.8103,12.81,12.79,12.82,12.79,19
2023-10-20 13:35:00,3732,12.7339,12.75,12.73,12.75,12.71,34
2023-10-20 13:36:00,1397,12.7514,12.73,12.74,12.76,12.73,14
2023-10-20 13:37:00,6385,12.6963,12.7201,12.65,12.7201,12.65,62
2023-10-20 13:38:00,2924,12.6338,12.64,12.63,12.64,12.62,30
2023-10-20 13:39:00,7585,12.6183,12.665,12.6,12.665,12.6,54
2023-10-20 13:40:00,6001,12.5871,12.61,12.57,12.61,12.56,66
2023-10-20 13:41:00,3539,12.5803,12.5701,12.57,12.61,12.56,35
2023-10-20 13:42:00,2403,12.5809,12.57,12.59,12.6,12.56,35
2023-10-20 13:43:00,624,12.5731,12.59,12.56,12.59,12.56,12
2023-10-20 13:44:00,2529,12.5665,12.57,12.55,12.585,12.55,34
2023-10-20 13:45:00,661,12.5733,12.58,12.57,12.58,12.57,12
2023-10-20 13:46:00,5159,12.5605,12.55,12.57,12.58,12.55,61
2023-10-20 13:47:00,2480,12.5964,12.57,12.59,12.6195,12.57,25
2023-10-20 13:48:00,1147,12.59,12.59,12.59,12.59,12.59,17
2023-10-20 13:50:00,1450,12.6418,12.65,12.64,12.65,12.63,24
2023-10-20 13:51:00,378,12.6369,12.63,12.64,12.64,12.63,6
2023-10-20 13:52:00,638,12.6404,12.64,12.64,12.64,12.64,13
2023-10-20 13:53:00,398,12.6302,12.63,12.63,12.63,12.63,8
2023-10-20 13:54:00,2740,12.6052,12.6301,12.625,12.6301,12.59,34
2023-10-20 13:55:00,3584,12.6362,12.63,12.64,12.645,12.63,35
2023-10-20 13:56:00,747,12.6396,12.65,12.64,12.65,12.63,16
2023-10-20 13:58:00,345,12.6322,12.635,12.635,12.635,12.635,14
2023-10-20 13:59:00,343,12.6356,12.64,12.64,12.64,12.64,10
2023-10-20 14:00:00,1509,12.6144,12.63,12.61,12.63,12.61,18
2023-10-20 14:01:00,4244,12.6331,12.615,12.63,12.645,12.615,22
2023-10-20 14:02:00,1532,12.6428,12.645,12.65,12.65,12.64,20
2023-10-20 14:03:00,927,12.6661,12.66,12.655,12.67,12.655,14
2023-10-20 14:04:00,1094,12.6564,12.65,12.67,12.675,12.65,14
2023-10-20 14:05:00,460,12.6725,12.68,12.67,12.68,12.67,10
2023-10-20 14:06:00,23371,12.6701,12.675,12.67,12.69,12.66,150
2023-10-20 14:07:00,1950,12.6635,12.67,12.65,12.67,12.65,25
2023-10-20 14:09:00,327,12.6502,12.65,12.65,12.65,12.65,8
2023-10-20 14:10:00,10512,12.6504,12.66,12.655,12.66,12.645,26
2023-10-20 14:11:00,2362,12.6314,12.65,12.62,12.65,12.61,24
2023-10-20 14:12:00,182,12.6165,12.615,12.615,12.615,12.615,4
2023-10-20 14:13:00,773,12.6008,12.605,12.6,12.605,12.6,14
2023-10-20 14:14:00,495,12.5983,12.6,12.595,12.6,12.595,8
2023-10-20 14:15:00,1170,12.5866,12.595,12.57,12.595,12.57,18
2023-10-20 14:17:00,943,12.5791,12.58,12.575,12.58,12.575,17
2023-10-20 14:18:00,522,12.5799,12.58,12.585,12.585,12.58,12
2023-10-20 14:19:00,101,12.585,12.585,12.585,12.585,12.585,2
2023-10-20 14:20:00,644,12.5695,12.58,12.55,12.58,12.55,12
2023-10-20 14:21:00,1035,12.5396,12.54,12.535,12.54,12.535,15
2023-10-20 14:22:00,1926,12.5225,12.525,12.535,12.535,12.515,24
2023-10-20 14:23:00,3151,12.5443,12.54,12.555,12.555,12.54,37
2023-10-20 14:24:00,152,12.559,12.56,12.56,12.56,12.56,8
2023-10-20 14:25:00,277,12.5526,12.56,12.56,12.56,12.56,7
2023-10-20 14:26:00,144,12.5598,12.56,12.56,12.56,12.56,2
2023-10-20 14:27:00,528,12.5515,12.5516,12.55,12.5516,12.55,7
2023-10-20 14:28:00,1316,12.5735,12.56,12.58,12.58,12.56,25
2023-10-20 14:29:00,436,12.5813,12.58,12.58,12.585,12.58,6
2023-10-20 14:30:00,3118,12.5702,12.57,12.56,12.575,12.56,12
2023-10-20 14:31:00,1382,12.5758,12.57,12.585,12.585,12.57,17
2023-10-20 14:32:00,708,12.5936,12.585,12.6,12.6,12.585,18
2023-10-20 14:33:00,8351,12.5953,12.6001,12.57,12.61,12.57,57
2023-10-20 14:34:00,1676,12.5837,12.58,12.59,12.59,12.575,22
2023-10-20 14:35:00,386,12.602,12.6,12.605,12.605,12.6,10
2023-10-20 14:36:00,711,12.5886,12.59,12.585,12.59,12.585,9
2023-10-20 14:37:00,196,12.58,12.58,12.58,12.58,12.58,5
2023-10-20 14:38:00,209,12.5836,12.585,12.585,12.585,12.585,12
2023-10-20 14:41:00,1665,12.5608,12.57,12.555,12.57,12.55,20
2023-10-20 14:42:00,485,12.5609,12.565,12.565,12.565,12.565,17
2023-10-20 14:43:00,1193,12.5516,12.565,12.545,12.565,12.545,15
2023-10-20 14:44:00,437,12.5472,12.545,12.545,12.55,12.545,9
2023-10-20 14:46:00,615,12.5567,12.55,12.56,12.56,12.55,33
2023-10-20 14:47:00,785,12.5703,12.57,12.57,12.57,12.57,10
2023-10-20 14:48:00,253,12.5753,12.57,12.58,12.58,12.57,15
2023-10-20 14:49:00,248,12.6048,12.6,12.61,12.61,12.6,8
2023-10-20 14:50:00,759,12.6208,12.62,12.62,12.625,12.62,16
2023-10-20 14:51:00,243,12.63,12.63,12.63,12.63,12.63,7
2023-10-20 14:52:00,5737,12.627,12.625,12.645,12.645,12.62,44
2023-10-20 14:53:00,844,12.6387,12.64,12.635,12.64,12.635,14
2023-10-20 14:54:00,721,12.6449,12.645,12.65,12.65,12.64,11
2023-10-20 14:55:00,487,12.6463,12.65,12.6414,12.65,12.6414,14
2023-10-20 14:56:00,938,12.644,12.645,12.645,12.65,12.64,14
2023-10-20 14:58:00,1431,12.649,12.645,12.655,12.655,12.64,25
2023-10-20 14:59:00,1113,12.6403,12.66,12.6307,12.66,12.63,22
2023-10-20 15:00:00,512,12.6375,12.635,12.6423,12.6423,12.63,11
2023-10-20 15:01:00,681,12.6353,12.64,12.63,12.64,12.63,11
2023-10-20 15:02:00,845,12.6268,12.63,12.62,12.63,12.62,18
2023-10-20 15:03:00,210,12.6126,12.61,12.615,12.615,12.61,4
2023-10-20 15:04:00,1213,12.615,12.615,12.615,12.615,12.615,16
2023-10-20 15:06:00,792,12.6108,12.615,12.61,12.615,12.61,14
2023-10-20 15:07:00,2433,12.5878,12.6,12.5875,12.6,12.58,22
2023-10-20 15:08:00,216,12.585,12.585,12.585,12.585,12.585,4
2023-10-20 15:10:00,290,12.5888,12.59,12.59,12.59,12.59,9
2023-10-20 15:11:00,1450,12.6006,12.6,12.6,12.6,12.6,34
2023-10-20 15:12:00,248,12.6003,12.6,12.6,12.6,12.6,7
2023-10-20 15:14:00,1093,12.6018,12.6,12.605,12.605,12.6,12
2023-10-20 15:16:00,774,12.6,12.6,12.6,12.6,12.6,15
2023-10-20 15:17:00,1001,12.5902,12.59,12.59,12.59,12.59,21
2023-10-20 15:18:00,110,12.5955,12.595,12.595,12.595,12.595,2
2023-10-20 15:19:00,149,12.5954,12.595,12.595,12.595,12.595,7
2023-10-20 15:20:00,746,12.606,12.6,12.615,12.615,12.6,20
2023-10-20 15:21:00,785,12.6218,12.61,12.625,12.63,12.61,14
2023-10-20 15:22:00,757,12.619,12.62,12.615,12.62,12.615,20
2023-10-20 15:23:00,117,12.625,12.625,12.625,12.625,12.625,4
2023-10-20 15:25:00,861,12.6193,12.62,12.615,12.62,12.615,14
2023-10-20 15:26:00,306,12.6128,12.615,12.615,12.615,12.615,5
2023-10-20 15:27:00,682,12.62,12.62,12.62,12.62,12.62,16
2023-10-20 15:28:00,257,12.6214,12.6212,12.6212,12.6212,12.6212,2
2023-10-20 15:30:00,986,12.6199,12.62,12.615,12.62,12.615,26
2023-10-20 15:31:00,2113,12.6298,12.62,12.63,12.64,12.62,36
2023-10-20 15:32:00,250,12.625,12.625,12.625,12.625,12.625,6
2023-10-20 15:34:00,930,12.6171,12.62,12.61,12.62,12.61,20
2023-10-20 15:35:00,401,12.6213,12.62,12.62,12.625,12.62,24
2023-10-20 15:36:00,985,12.6158,12.62,12.61,12.625,12.61,18
2023-10-20 15:37:00,460,12.6155,12.61,12.62,12.62,12.61,12
2023-10-20 15:39:00,391,12.6201,12.62,12.62,12.62,12.62,10
2023-10-20 15:41:00,565,12.6339,12.63,12.64,12.64,12.63,13
2023-10-20 15:42:00,1048,12.6509,12.65,12.65,12.66,12.65,16
2023-10-20 15:43:00,1002,12.6582,12.655,12.66,12.66,12.655,17
2023-10-20 15:46:00,305,12.675,12.675,12.675,12.675,12.675,4
2023-10-20 15:47:00,952,12.6811,12.68,12.69,12.69,12.68,20
2023-10-20 15:48:00,1209,12.6911,12.69,12.69,12.69,12.69,30
2023-10-20 15:49:00,3731,12.691,12.7,12.68,12.7,12.68,44
2023-10-20 15:50:00,741,12.6785,12.675,12.68,12.68,12.675,14
2023-10-20 15:51:00,133,12.6815,12.68,12.68,12.68,12.68,4
2023-10-20 15:52:00,317,12.6897,12.685,12.695,12.695,12.685,8
2023-10-20 15:53:00,102,12.695,12.695,12.695,12.695,12.695,2
2023-10-20 15:54:00,1040,12.7,12.7,12.7,12.7,12.7,31
2023-10-20 15:55:00,2868,12.7219,12.72,12.715,12.7263,12.7105,32
2023-10-20 15:56:00,1155,12.7088,12.71,12.705,12.71,12.705,17
2023-10-20 15:57:00,1096,12.7005,12.7,12.7,12.705,12.7,24
2023-10-20 15:58:00,720,12.7003,12.695,12.705,12.705,12.695,11
2023-10-20 15:59:00,781,12.6939,12.7,12.69,12.7,12.69,11
2023-10-20 16:00:00,584,12.6912,12.69,12.69,12.695,12.69,16
2023-10-20 16:01:00,427,12.6919,12.695,12.69,12.695,12.69,8
2023-10-20 16:02:00,161,12.6847,12.685,12.685,12.685,12.685,4
2023-10-20 16:03:00,390,12.6921,12.69,12.695,12.695,12.69,12
2023-10-20 16:04:00,2245,12.6998,12.695,12.705,12.705,12.695,32
2023-10-20 16:05:00,237,12.7071,12.705,12.71,12.71,12.705,2
2023-10-20 16:06:00,142,12.7055,12.705,12.705,12.705,12.705,5
2023-10-20 16:07:00,936,12.6944,12.7,12.685,12.7,12.685,16
2023-10-20 16:09:00,945,12.6782,12.685,12.67,12.685,12.67,24
2023-10-20 16:10:00,257,12.6759,12.665,12.665,12.665,12.665,3
2023-10-20 16:11:00,660,12.6759,12.67,12.685,12.685,12.67,17
2023-10-20 16:12:00,434,12.6852,12.69,12.6811,12.69,12.6811,7
2023-10-20 16:13:00,490,12.6872,12.685,12.69,12.69,12.685,20
2023-10-20 16:14:00,882,12.6928,12.69,12.705,12.705,12.69,12
2023-10-20 16:15:00,486,12.7007,12.7,12.7,12.7,12.7,12
2023-10-20 16:16:00,210,12.6931,12.693,12.693,12.693,12.693,3
2023-10-20 16:17:00,433,12.6968,12.697,12.697,12.697,12.697,6
2023-10-20 16:18:00,1351,12.7007,12.7,12.7,12.705,12.7,27
2023-10-20 16:19:00,310,12.6968,12.7,12.695,12.7,12.695,9
2023-10-20 16:20:00,1717,12.6941,12.7,12.69,12.7,12.69,36
2023-10-20 16:21:00,1069,12.7062,12.7,12.715,12.715,12.7,29
2023-10-20 16:22:00,257,12.7279,12.725,12.73,12.73,12.725,8
2023-10-20 16:23:00,769,12.738,12.74,12.735,12.74,12.735,17
2023-10-20 16:24:00,882,12.7388,12.73,12.74,12.74,12.73,13
2023-10-20 16:25:00,915,12.7418,12.745,12.745,12.745,12.74,14
2023-10-20 16:26:00,200,12.745,12.745,12.745,12.745,12.745,2
2023-10-20 16:27:00,260,12.7495,12.75,12.75,12.75,12.75,16
2023-10-20 16:28:00,1437,12.766,12.76,12.7751,12.7751,12.76,21
2023-10-20 16:29:00,1473,12.7691,12.77,12.765,12.77,12.765,17
2023-10-20 16:30:00,379,12.77,12.77,12.77,12.77,12.77,11
2023-10-20 16:31:00,870,12.7775,12.78,12.78,12.78,12.78,17
2023-10-20 16:32:00,1007,12.7755,12.775,12.775,12.775,12.775,10
2023-10-20 16:33:00,233,12.7729,12.775,12.77,12.775,12.77,4
2023-10-20 16:34:00,2224,12.7805,12.78,12.775,12.785,12.775,26
2023-10-20 16:35:00,3051,12.7804,12.78,12.785,12.785,12.775,37
2023-10-20 16:36:00,1208,12.7934,12.79,12.8,12.8,12.79,31
2023-10-20 16:38:00,101,12.805,12.805,12.805,12.805,12.805,2
2023-10-20 16:39:00,1083,12.8138,12.81,12.82,12.82,12.81,22
2023-10-20 16:40:00,2029,12.8165,12.82,12.81,12.82,12.81,26
2023-10-20 16:41:00,984,12.809,12.81,12.815,12.815,12.805,22
2023-10-20 16:43:00,908,12.8098,12.815,12.805,12.815,12.805,14
2023-10-20 16:44:00,108,12.8046,12.805,12.805,12.805,12.805,2
2023-10-20 16:45:00,1702,12.8044,12.8,12.81,12.81,12.8,25
2023-10-20 16:47:00,571,12.8,12.8,12.8,12.8,12.8,9
2023-10-20 16:49:00,569,12.8008,12.8,12.805,12.805,12.8,13
2023-10-20 16:50:00,924,12.8012,12.8064,12.805,12.8064,12.8,13
2023-10-20 16:51:00,1118,12.7943,12.8,12.79,12.8,12.79,13
2023-10-20 16:52:00,217,12.79,12.79,12.79,12.79,12.79,7
2023-10-20 16:53:00,684,12.7885,12.79,12.785,12.79,12.785,11
2023-10-20 16:54:00,139,12.786,12.785,12.785,12.785,12.785,9
2023-10-20 16:56:00,752,12.7804,12.78,12.78,12.78,12.78,13
2023-10-20 16:57:00,126,12.7746,12.775,12.775,12.775,12.775,4
2023-10-20 16:58:00,1466,12.7895,12.78,12.795,12.795,12.78,33
2023-10-20 16:59:00,789,12.7831,12.795,12.78,12.795,12.78,14
2023-10-20 17:00:00,1725,12.7643,12.77,12.77,12.77,12.76,23
2023-10-20 17:01:00,625,12.769,12.77,12.765,12.77,12.765,14
2023-10-20 17:02:00,505,12.7688,12.77,12.765,12.77,12.765,6
2023-10-20 17:03:00,2390,12.7603,12.76,12.76,12.76,12.755,29
2023-10-20 17:04:00,1442,12.7574,12.75,12.7699,12.7699,12.75,9
2023-10-20 17:05:00,565,12.7591,12.76,12.76,12.76,12.76,19
2023-10-20 17:06:00,805,12.76,12.76,12.76,12.76,12.76,26
2023-10-20 17:08:00,120,12.7698,12.77,12.77,12.77,12.77,3
2023-10-20 17:09:00,101,12.765,12.765,12.765,12.765,12.765,2
2023-10-20 17:10:00,1904,12.7627,12.768,12.755,12.77,12.755,49
2023-10-20 17:11:00,257,12.7596,12.7583,12.76,12.76,12.7583,11
2023-10-20 17:13:00,316,12.7619,12.76,12.765,12.765,12.76,9
2023-10-20 17:14:00,105,12.765,12.765,12.765,12.765,12.765,2
2023-10-20 17:15:00,769,12.7597,12.76,12.76,12.76,12.76,13
2023-10-20 17:16:00,3016,12.7454,12.75,12.755,12.755,12.74,43
2023-10-20 17:17:00,833,12.7505,12.755,12.75,12.755,12.745,16
2023-10-20 17:18:00,1260,12.742,12.75,12.735,12.75,12.735,21
2023-10-20 17:19:00,100,12.745,12.745,12.745,12.745,12.745,1
2023-10-20 17:20:00,2081,12.7526,12.75,12.77,12.77,12.75,34
2023-10-20 17:21:00,389,12.76,12.76,12.76,12.76,12.76,5
2023-10-20 17:22:00,716,12.7624,12.76,12.76,12.765,12.76,25
2023-10-20 17:23:00,711,12.7586,12.76,12.76,12.76,12.76,16
2023-10-20 17:24:00,491,12.76,12.76,12.76,12.76,12.76,13
2023-10-20 17:25:00,741,12.772,12.77,12.78,12.78,12.77,14
2023-10-20 17:26:00,1955,12.7942,12.78,12.805,12.805,12.78,29
2023-10-20 17:27:00,659,12.7932,12.8,12.785,12.8,12.785,12
2023-10-20 17:28:00,208,12.7851,12.785,12.785,12.785,12.785,4
2023-10-20 17:29:00,2006,12.7897,12.79,12.79,12.795,12.785,29
2023-10-20 17:30:00,1024,12.7906,12.79,12.79,12.795,12.79,13
2023-10-20 17:31:00,382,12.785,12.785,12.785,12.785,12.785,5
2023-10-20 17:32:00,260,12.7873,12.785,12.79,12.79,12.785,8
2023-10-20 17:33:00,1343,12.7816,12.785,12.78,12.785,12.78,18
2023-10-20 17:34:00,1344,12.7898,12.78,12.795,12.795,12.78,29
2023-10-20 17:35:00,294,12.7972,12.7983,12.795,12.7983,12.795,2
2023-10-20 17:36:00,1589,12.7916,12.79,12.795,12.795,12.79,33
2023-10-20 17:37:00,1312,12.7904,12.795,12.785,12.795,12.785,21
2023-10-20 17:38:00,100,12.795,12.795,12.795,12.795,12.795,1
2023-10-20 17:39:00,720,12.7886,12.799,12.79,12.799,12.79,12
2023-10-20 17:40:00,1181,12.7936,12.78,12.8,12.8,12.78,32
2023-10-20 17:41:00,836,12.7913,12.795,12.795,12.795,12.785,13
2023-10-20 17:42:00,751,12.8016,12.8,12.805,12.805,12.8,16
2023-10-20 17:43:00,1621,12.8078,12.805,12.81,12.81,12.805,30
2023-10-20 17:44:00,334,12.7999,12.8,12.8,12.8,12.8,7
2023-10-20 17:45:00,106,12.795,12.795,12.795,12.795,12.795,2
2023-10-20 17:46:00,1483,12.7969,12.795,12.795,12.8,12.795,25
2023-10-20 17:47:00,236,12.8088,12.81,12.81,12.81,12.81,5
2023-10-20 17:48:00,107,12.8003,12.8,12.8,12.8,12.8,2
2023-10-20 17:49:00,2068,12.8004,12.8,12.805,12.805,12.799,32
2023-10-20 17:50:00,566,12.8036,12.8023,12.805,12.805,12.8023,11
2023-10-20 17:51:00,118,12.805,12.805,12.805,12.805,12.805,4
2023-10-20 17:53:00,3314,12.8019,12.8,12.805,12.8091,12.8,40
2023-10-20 17:54:00,2783,12.8058,12.805,12.81,12.81,12.8,40
2023-10-20 17:56:00,335,12.8199,12.82,12.82,12.82,12.82,14
2023-10-20 17:57:00,380,12.8217,12.82,12.825,12.825,12.82,14
2023-10-20 17:58:00,906,12.82,12.82,12.82,12.82,12.82,16
2023-10-20 17:59:00,385,12.8258,12.82,12.83,12.83,12.82,11
2023-10-20 18:00:00,1065,12.8413,12.84,12.84,12.85,12.84,21
2023-10-20 18:01:00,232,12.8371,12.835,12.835,12.835,12.835,6
2023-10-20 18:02:00,628,12.831,12.835,12.825,12.835,12.825,10
2023-10-20 18:03:00,296,12.828,12.83,12.825,12.83,12.825,9
2023-10-20 18:04:00,2080,12.8213,12.825,12.82,12.825,12.82,26
2023-10-20 18:05:00,256,12.81,12.81,12.81,12.81,12.81,4
2023-10-20 18:06:00,7610,12.7999,12.805,12.795,12.805,12.795,65
2023-10-20 18:07:00,1481,12.8001,12.8,12.805,12.805,12.8,31
2023-10-20 18:08:00,4504,12.8008,12.8,12.805,12.81,12.8,56
2023-10-20 18:09:00,684,12.801,12.8,12.795,12.8,12.795,18
2023-10-20 18:10:00,2113,12.7819,12.79,12.785,12.79,12.78,34
2023-10-20 18:11:00,369,12.7797,12.78,12.78,12.78,12.78,6
2023-10-20 18:12:00,1567,12.7799,12.78,12.78,12.78,12.78,35
2023-10-20 18:13:00,432,12.7788,12.78,12.775,12.78,12.775,11
2023-10-20 18:16:00,647,12.78,12.78,12.78,12.78,12.78,22
2023-10-20 18:17:00,1006,12.7826,12.79,12.78,12.79,12.78,22
2023-10-20 18:19:00,715,12.7814,12.78,12.785,12.785,12.78,21
2023-10-20 18:20:00,1564,12.7907,12.79,12.79,12.79,12.79,29
2023-10-20 18:21:00,213,12.7849,12.785,12.785,12.785,12.785,6
2023-10-20 18:22:00,399,12.7831,12.785,12.78,12.785,12.78,10
2023-10-20 18:23:00,1007,12.7799,12.775,12.78,12.78,12.775,29
2023-10-20 18:24:00,802,12.7788,12.78,12.775,12.78,12.775,11
2023-10-20 18:27:00,701,12.7808,12.78,12.78,12.78,12.78,19
2023-10-20 18:28:00,1494,12.7992,12.79,12.81,12.81,12.79,26
2023-10-20 18:29:00,767,12.7999,12.8,12.8,12.8,12.8,20
2023-10-20 18:30:00,1930,12.785,12.795,12.775,12.795,12.775,28
2023-10-20 18:33:00,937,12.7817,12.78,12.785,12.785,12.78,30
2023-10-20 18:35:00,888,12.7926,12.79,12.8,12.8,12.79,25
2023-10-20 18:36:00,565,12.8026,12.7999,12.81,12.81,12.7999,25
2023-10-20 18:37:00,1743,12.7998,12.8,12.795,12.805,12.795,24
2023-10-20 18:38:00,356,12.7898,12.79,12.79,12.79,12.79,10
2023-10-20 18:39:00,217,12.785,12.785,12.785,12.785,12.785,12
2023-10-20 18:40:00,907,12.7793,12.78,12.78,12.78,12.775,18
2023-10-20 18:42:00,965,12.7685,12.77,12.77,12.77,12.77,25
2023-10-20 18:44:00,300,12.7663,12.765,12.765,12.765,12.765,8
2023-10-20 18:45:00,1746,12.7759,12.77,12.78,12.78,12.77,32
2023-10-20 18:46:00,643,12.7828,12.7801,12.785,12.785,12.7801,15
2023-10-20 18:47:00,417,12.7801,12.78,12.78,12.78,12.78,17
2023-10-20 18:48:00,970,12.7801,12.78,12.78,12.78,12.78,24
2023-10-20 18:50:00,366,12.7789,12.78,12.78,12.78,12.78,9
2023-10-20 18:51:00,908,12.7707,12.77,12.775,12.775,12.77,16
2023-10-20 18:52:00,433,12.7701,12.775,12.765,12.775,12.765,8
2023-10-20 18:53:00,957,12.76,12.76,12.76,12.76,12.76,11
2023-10-20 18:54:00,855,12.7655,12.76,12.77,12.77,12.76,20
2023-10-20 18:55:00,2152,12.7767,12.77,12.78,12.78,12.77,32
2023-10-20 18:56:00,212,12.7904,12.79,12.79,12.79,12.79,5
2023-10-20 18:57:00,690,12.7904,12.79,12.79,12.79,12.79,11
2023-10-20 18:58:00,150,12.7897,12.79,12.79,12.79,12.79,4
2023-10-20 18:59:00,1378,12.7889,12.785,12.785,12.79,12.785,22
2023-10-20 19:00:00,113,12.7988,12.8,12.8,12.8,12.8,4
2023-10-20 19:03:00,403,12.7985,12.795,12.799,12.799,12.795,9
2023-10-20 19:04:00,2556,12.7862,12.795,12.775,12.795,12.775,38
2023-10-20 19:05:00,1173,12.7807,12.78,12.78,12.78,12.78,17
2023-10-20 19:06:00,799,12.7938,12.79,12.795,12.8,12.79,23
2023-10-20 19:07:00,117,12.795,12.795,12.795,12.795,12.795,5
2023-10-20 19:08:00,278,12.7932,12.795,12.7901,12.795,12.7901,11
2023-10-20 19:09:00,765,12.7948,12.795,12.795,12.795,12.795,21
2023-10-20 19:10:00,349,12.798,12.8,12.795,12.8,12.795,16
2023-10-20 19:11:00,1478,12.7922,12.8,12.795,12.8,12.79,25
2023-10-20 19:12:00,367,12.7946,12.795,12.795,12.795,12.795,12
2023-10-20 19:13:00,1236,12.7904,12.795,12.785,12.795,12.785,21
2023-10-20 19:14:00,1034,12.7895,12.785,12.79,12.79,12.785,23
2023-10-20 19:15:00,2057,12.7877,12.79,12.7815,12.7908,12.7814,32
2023-10-20 19:16:00,679,12.7838,12.785,12.785,12.785,12.7811,10
2023-10-20 19:17:00,2163,12.7893,12.7899,12.79,12.79,12.785,38
2023-10-20 19:18:00,209,12.7914,12.7914,12.7914,12.7914,12.7914,3
2023-10-20 19:19:00,2986,12.7906,12.8,12.79,12.8,12.79,39
2023-10-20 19:20:00,3147,12.7809,12.785,12.78,12.785,12.78,41
2023-10-20 19:21:00,1203,12.7692,12.77,12.765,12.77,12.765,11
2023-10-20 19:22:00,319,12.7607,12.76,12.76,12.76,12.76,10
2023-10-20 19:25:00,432,12.7681,12.765,12.76,12.765,12.76,13
2023-10-20 19:26:00,555,12.7666,12.765,12.77,12.77,12.765,17
2023-10-20 19:27:00,1379,12.7704,12.77,12.775,12.775,12.77,23
2023-10-20 19:29:00,267,12.7792,12.78,12.78,12.78,12.78,4
2023-10-20 19:30:00,3494,12.7801,12.78,12.775,12.785,12.775,46
2023-10-20 19:31:00,1386,12.7713,12.775,12.77,12.775,12.765,24
2023-10-20 19:32:00,330,12.7704,12.77,12.77,12.77,12.77,12
2023-10-20 19:33:00,286,12.768,12.77,12.765,12.77,12.765,10
2023-10-20 19:34:00,442,12.7621,12.7614,12.7614,12.7614,12.7614,7
2023-10-20 19:35:00,3293,12.7703,12.77,12.77,12.775,12.765,67
2023-10-20 19:36:00,537,12.7699,12.77,12.77,12.77,12.77,13
2023-10-20 19:37:00,118,12.7654,12.765,12.765,12.765,12.765,8
2023-10-20 19:38:00,6485,12.7598,12.76,12.76,12.765,12.755,92
2023-10-20 19:39:00,4437,12.7642,12.765,12.76,12.77,12.76,25
2023-10-20 19:40:00,932,12.7543,12.765,12.75,12.765,12.75,19
2023-10-20 19:41:00,2946,12.7508,12.745,12.755,12.755,12.745,35
2023-10-20 19:42:00,705,12.7575,12.76,12.755,12.76,12.755,13
2023-10-20 19:43:00,1647,12.7506,12.75,12.75,12.755,12.75,33
2023-10-20 19:44:00,204,12.7452,12.745,12.745,12.745,12.745,6
2023-10-20 19:45:00,2045,12.7504,12.745,12.75,12.75,12.745,38
2023-10-20 19:46:00,1603,12.7499,12.75,12.75,12.75,12.75,36
2023-10-20 19:47:00,4736,12.7375,12.74,12.74,12.745,12.73,66
2023-10-20 19:48:00,2416,12.7424,12.74,12.75,12.75,12.74,37
2023-10-20 19:49:00,3115,12.7522,12.75,12.75,12.76,12.75,57
2023-10-20 19:50:00,2489,12.7327,12.74,12.73,12.74,12.73,34
2023-10-20 19:51:00,925,12.7374,12.725,12.725,12.725,12.725,10
2023-10-20 19:52:00,14224,12.7282,12.73,12.72,12.74,12.71,161
2023-10-20 19:53:00,2563,12.7128,12.715,12.71,12.72,12.71,35
2023-10-20 19:54:00,4129,12.7139,12.715,12.71,12.72,12.71,56
2023-10-20 19:55:00,4020,12.7216,12.715,12.73,12.73,12.71,78
2023-10-20 19:56:00,3096,12.7265,12.73,12.72,12.73,12.72,47
2023-10-20 19:57:00,5928,12.7173,12.72,12.715,12.72,12.71,64
2023-10-20 19:58:00,3457,12.7124,12.715,12.715,12.715,12.71,54
2023-10-20 19:59:00,13322,12.7129,12.715,12.71,12.72,12.71,226
2023-10-20 20:00:00,1676,12.71,12.71,12.71,12.71,12.71,13
2023-10-23 13:30:00,7342,12.6504,12.65,12.665,12.665,12.65,7
2023-10-23 13:31:00,100,12.665,12.665,12.665,12.665,12.665,1
2023-10-23 13:32:00,3924,12.6215,12.66,12.62,12.66,12.57,56
2023-10-23 13:34:00,4421,12.6589,12.66,12.655,12.67,12.65,20
2023-10-23 13:35:00,1592,12.6198,12.64,12.595,12.64,12.595,27
2023-10-23 13:36:00,2292,12.5947,12.595,12.62,12.62,12.58,38
2023-10-23 13:37:00,2930,12.5702,12.59,12.57,12.59,12.55,45
2023-10-23 13:38:00,415,12.5768,12.57,12.58,12.58,12.57,15
2023-10-23 13:40:00,1294,12.589,12.59,12.61,12.61,12.58,17
2023-10-23 13:41:00,1888,12.591,12.61,12.575,12.61,12.575,29
2023-10-23 13:42:00,619,12.5816,12.58,12.58,12.59,12.58,5
2023-10-23 13:43:00,201,12.5613,12.5613,12.5613,12.5613,12.5613,4
2023-10-23 13:44:00,327,12.5506,12.55,12.55,12.55,12.55,8
2023-10-23 13:45:00,2602,12.5426,12.555,12.5309,12.56,12.5309,45
2023-10-23 13:46:00,1852,12.5383,12.53,12.54,12.54,12.525,27
2023-10-23 13:47:00,1701,12.5454,12.555,12.54,12.56,12.54,26
2023-10-23 13:48:00,1316,12.5358,12.56,12.52,12.56,12.52,21
2023-10-23 13:49:00,2849,12.5344,12.52,12.57,12.57,12.5106,38
2023-10-23 13:50:00,3306,12.6003,12.6,12.61,12.61,12.59,13
2023-10-23 13:51:00,1938,12.5977,12.62,12.58,12.62,12.58,25
2023-10-23 13:52:00,1902,12.5744,12.565,12.59,12.59,12.56,17
2023-10-23 13:53:00,1673,12.616,12.61,12.615,12.63,12.61,19
2023-10-23 13:54:00,338,12.6172,12.61,12.62,12.62,12.61,7
2023-10-23 13:55:00,854,12.617,12.62,12.62,12.62,12.61,16
2023-10-23 13:56:00,959,12.6241,12.62,12.63,12.63,12.615,15
2023-10-23 13:57:00,731,12.6355,12.63,12.645,12.645,12.63,13
2023-10-23 13:58:00,1133,12.6363,12.64,12.63,12.64,12.63,14
2023-10-23 13:59:00,2582,12.6446,12.635,12.635,12.65,12.635,27
2023-10-23 14:00:00,2756,12.6399,12.63,12.645,12.65,12.63,32
2023-10-23 14:01:00,2326,12.6475,12.655,12.64,12.66,12.635,26
2023-10-23 14:02:00,265,12.6484,12.65,12.6499,12.65,12.6499,8
2023-10-23 14:03:00,779,12.6306,12.635,12.625,12.635,12.625,8
2023-10-23 14:04:00,1213,12.6141,12.62,12.61,12.62,12.605,24
2023-10-23 14:05:00,391,12.6074,12.61,12.605,12.61,12.605,11
2023-10-23 14:06:00,1148,12.5922,12.59,12.595,12.595,12.59,20
2023-10-23 14:07:00,1249,12.6008,12.595,12.605,12.605,12.595,21
2023-10-23 14:08:00,1447,12.5922,12.61,12.59,12.61,12.58,20
2023-10-23 14:09:00,1189,12.5957,12.595,12.59,12.605,12.59,24
2023-10-23 14:10:00,524,12.6149,12.61,12.62,12.62,12.61,10
2023-10-23 14:11:00,1020,12.6165,12.6254,12.6,12.6254,12.6,17
2023-10-23 14:12:00,100,12.605,12.605,12.605,12.605,12.605,1
2023-10-23 14:13:00,2110,12.6071,12.61,12.6,12.61,12.6,32
2023-10-23 14:15:00,877,12.5826,12.59,12.57,12.59,12.57,13
2023-10-23 14:16:00,850,12.5822,12.57,12.575,12.59,12.57,17
2023-10-23 14:17:00,805,12.5871,12.58,12.59,12.59,12.58,12
2023-10-23 14:18:00,804,12.5928,12.59,12.598,12.598,12.59,15
2023-10-23 14:19:00,679,12.6007,12.59,12.605,12.605,12.59,10
2023-10-23 14:20:00,201,12.6,12.6,12.6,12.6,12.6,3
2023-10-23 14:22:00,1301,12.5965,12.6,12.5954,12.6,12.5954,6
2023-10-23 14:23:00,619,12.6107,12.615,12.62,12.62,12.61,14
2023-10-23 14:24:00,1608,12.6164,12.62,12.61,12.62,12.61,32
2023-10-23 14:25:00,432,12.6089,12.6,12.615,12.615,12.6,11
2023-10-23 14:26:00,1599,12.6056,12.6099,12.605,12.6099,12.6,12
2023-10-23 14:27:00,1347,12.5839,12.59,12.575,12.59,12.575,21
2023-10-23 14:28:00,1603,12.5683,12.58,12.575,12.58,12.56,18
2023-10-23 14:29:00,1036,12.5623,12.56,12.56,12.56,12.56,15
2023-10-23 14:30:00,987,12.5827,12.58,12.585,12.59,12.58,22
2023-10-23 14:31:00,101,12.57,12.57,12.57,12.57,12.57,2
2023-10-23 14:32:00,501,12.568,12.56,12.57,12.57,12.56,5
2023-10-23 14:33:00,1182,12.5522,12.56,12.545,12.56,12.545,16
2023-10-23 14:34:00,138,12.5455,12.5454,12.5454,12.5454,12.5454,2
2023-10-23 14:35:00,401,12.5527,12.545,12.545,12.545,12.545,5
2023-10-23 14:36:00,774,12.5344,12.54,12.53,12.54,12.53,11
2023-10-23 14:37:00,203,12.53,12.53,12.53,12.53,12.53,6
2023-10-23 14:38:00,785,12.5407,12.54,12.545,12.545,12.54,9
2023-10-23 14:39:00,1313,12.5476,12.55,12.545,12.55,12.545,9
2023-10-23 14:40:00,567,12.5526,12.55,12.55,12.555,12.55,15
2023-10-23 14:41:00,866,12.5609,12.56,12.558,12.565,12.558,17
2023-10-23 14:42:00,829,12.5553,12.56,12.55,12.56,12.55,18
2023-10-23 14:43:00,454,12.5544,12.55,12.56,12.56,12.55,10
2023-10-23 14:44:00,810,12.5625,12.56,12.56,12.57,12.56,8
2023-10-23 14:45:00,4226,12.5676,12.5654,12.5779,12.5779,12.555,39
2023-10-23 14:46:00,336,12.57,12.57,12.57,12.57,12.57,3
2023-10-23 14:47:00,203,12.575,12.575,12.575,12.575,12.575,4
2023-10-23 14:48:00,100,12.575,12.575,12.575,12.575,12.575,1
2023-10-23 14:49:00,584,12.5859,12.58,12.59,12.59,12.58,7
2023-10-23 14:50:00,590,12.5919,12.59,12.59,12.59,12.59,6
2023-10-23 14:51:00,522,12.6061,12.61,12.6,12.61,12.6,9
2023-10-23 14:52:00,420,12.6058,12.6,12.605,12.605,12.6,12
2023-10-23 14:53:00,334,12.6,12.6,12.6,12.6,12.6,11
2023-10-23 14:54:00,993,12.604,12.6,12.6,12.61,12.6,15
2023-10-23 14:55:00,214,12.6002,12.6,12.6,12.6,12.6,6
2023-10-23 14:56:00,901,12.6009,12.605,12.6001,12.605,12.6001,6
2023-10-23 14:57:00,310,12.5919,12.595,12.59,12.595,12.59,8
2023-10-23 14:58:00,685,12.5886,12.59,12.58,12.59,12.58,10
2023-10-23 14:59:00,613,12.5829,12.5825,12.59,12.59,12.58,11
2023-10-23 15:00:00,256,12.5814,12.58,12.58,12.58,12.58,9
2023-10-23 15:01:00,200,12.5725,12.57,12.575,12.575,12.57,2
2023-10-23 15:02:00,1608,12.5856,12.5725,12.58,12.59,12.5725,29
2023-10-23 15:03:00,340,12.5831,12.58,12.59,12.59,12.58,11
2023-10-23 15:04:00,711,12.5933,12.59,12.595,12.6,12.59,14
2023-10-23 15:05:00,3148,12.6166,12.6,12.63,12.63,12.6,34
2023-10-23 15:06:00,716,12.635,12.63,12.6493,12.6493,12.63,11
2023-10-23 15:07:00,215,12.6453,12.65,12.65,12.65,12.65,6
2023-10-23 15:08:00,639,12.6516,12.66,12.65,12.66,12.65,8
2023-10-23 15:09:00,411,12.6462,12.65,12.645,12.65,12.64,5
2023-10-23 15:10:00,1306,12.6433,12.65,12.64,12.65,12.64,26
2023-10-23 15:11:00,100,12.64,12.64,12.64,12.64,12.64,1
2023-10-23 15:12:00,655,12.6379,12.63,12.645,12.645,12.63,13
2023-10-23 15:13:00,350,12.6415,12.64,12.64,12.645,12.64,5
2023-10-23 15:14:00,100,12.6325,12.6325,12.6325,12.6325,12.6325,1
2023-10-23 15:15:00,1405,12.6499,12.64,12.655,12.66,12.64,25
2023-10-23 15:18:00,672,12.6555,12.65,12.66,12.66,12.65,9
2023-10-23 15:19:00,225,12.6517,12.655,12.65,12.655,12.65,5
2023-10-23 15:20:00,732,12.6504,12.6425,12.65,12.6554,12.6425,8
2023-10-23 15:21:00,250,12.66,12.66,12.66,12.66,12.66,5
2023-10-23 15:22:00,915,12.6762,12.67,12.68,12.68,12.67,10
2023-10-23 15:23:00,2377,12.6809,12.685,12.675,12.685,12.675,36
2023-10-23 15:24:00,451,12.68,12.68,12.68,12.68,12.68,8
2023-10-23 15:25:00,310,12.6745,12.68,12.675,12.68,12.675,4
2023-10-23 15:26:00,100,12.67,12.67,12.67,12.67,12.67,1
2023-10-23 15:27:00,882,12.6684,12.67,12.665,12.67,12.665,12
2023-10-23 15:28:00,334,12.663,12.66,12.665,12.665,12.66,4
2023-10-23 15:29:00,550,12.6576,12.66,12.6525,12.66,12.6525,13
2023-10-23 15:30:00,1052,12.6688,12.66,12.68,12.68,12.66,18
2023-10-23 15:31:00,703,12.6698,12.68,12.66,12.68,12.66,11
2023-10-23 15:32:00,1184,12.6496,12.65,12.645,12.65,12.645,11
2023-10-23 15:33:00,10158,12.6501,12.6425,12.65,12.655,12.6425,22
2023-10-23 15:35:00,482,12.6429,12.64,12.64,12.64,12.64,14
2023-10-23 15:36:00,112,12.6405,12.64,12.64,12.64,12.64,3
2023-10-23 15:37:00,112,12.6405,12.64,12.64,12.64,12.64,2
2023-10-23 15:38:00,748,12.6402,12.64,12.64,12.64,12.64,9
2023-10-23 15:39:00,1922,12.623,12.635,12.625,12.635,12.615,24
2023-10-23 15:41:00,260,12.6153,12.62,12.61,12.62,12.61,8
2023-10-23 15:42:00,1173,12.6109,12.61,12.61,12.615,12.6092,26
2023-10-23 15:43:00,382,12.6083,12.61,12.6025,12.61,12.6025,11
2023-10-23 15:44:00,730,12.61,12.61,12.605,12.615,12.605,6
2023-10-23 15:45:00,586,12.6108,12.61,12.615,12.615,12.61,17
2023-10-23 15:46:00,414,12.6102,12.6126,12.6126,12.6126,12.6126,9
2023-10-23 15:47:00,1753,12.6147,12.61,12.625,12.625,12.605,23
2023-10-23 15:48:00,322,12.6184,12.625,12.61,12.625,12.61,4
2023-10-23 15:49:00,638,12.6068,12.6,12.615,12.615,12.6,10
2023-10-23 15:51:00,288,12.62,12.62,12.62,12.62,12.62,7
2023-10-23 15:52:00,179,12.63,12.63,12.63,12.63,12.63,5
2023-10-23 15:54:00,100,12.62,12.62,12.62,12.62,12.62,1
2023-10-23 15:55:00,305,12.6233,12.62,12.625,12.625,12.62,5
2023-10-23 15:56:00,211,12.6226,12.62,12.625,12.625,12.62,3
2023-10-23 15:57:00,100,12.6225,12.6225,12.6225,12.6225,12.6225,1
2023-10-23 15:58:00,345,12.62,12.62,12.62,12.62,12.62,11
2023-10-23 15:59:00,107,12.6127,12.6125,12.6125,12.6125,12.6125,2
2023-10-23 16:00:00,554,12.6073,12.61,12.6,12.61,12.6,8
2023-10-23 16:01:00,413,12.6006,12.6,12.6,12.6,12.6,7
2023-10-23 16:02:00,1354,12.5879,12.59,12.5725,12.6,12.5725,13
2023-10-23 16:03:00,840,12.5698,12.57,12.5625,12.575,12.5625,12
2023-10-23 16:04:00,837,12.5683,12.565,12.57,12.57,12.5625,23
2023-10-23 16:05:00,1141,12.572,12.575,12.57,12.5787,12.57,10
2023-10-23 16:06:00,1029,12.5671,12.565,12.57,12.57,12.565,28
2023-10-23 16:07:00,841,12.5568,12.565,12.55,12.565,12.55,11
2023-10-23 16:08:00,100,12.545,12.545,12.545,12.545,12.545,1
2023-10-23 16:09:00,615,12.5397,12.54,12.54,12.54,12.54,15
2023-10-23 16:10:00,313,12.5402,12.54,12.54,12.54,12.54,5
2023-10-23 16:11:00,259,12.5296,12.53,12.53,12.53,12.53,8
2023-10-23 16:12:00,1742,12.5394,12.53,12.555,12.555,12.53,34
2023-10-23 16:13:00,23806,12.5477,12.55,12.55,12.56,12.54,163
2023-10-23 16:14:00,2866,12.5593,12.56,12.56,12.5622,12.555,31
2023-10-23 16:15:00,607,12.56,12.56,12.56,12.56,12.56,5
2023-10-23 16:17:00,2667,12.5589,12.56,12.555,12.56,12.555,20
2023-10-23 16:18:00,200,12.555,12.555,12.555,12.555,12.555,2
2023-10-23 16:19:00,401,12.555,12.555,12.555,12.555,12.555,5
2023-10-23 16:21:00,2258,12.5592,12.5525,12.555,12.565,12.5525,19
2023-10-23 16:22:00,3288,12.5682,12.56,12.57,12.57,12.56,34
2023-10-23 16:23:00,677,12.5693,12.57,12.565,12.57,12.565,11
2023-10-23 16:24:00,409,12.5604,12.56,12.56,12.56,12.56,6
2023-10-23 16:25:00,1324,12.5592,12.56,12.56,12.56,12.55,7
2023-10-23 16:26:00,306,12.5616,12.56,12.565,12.565,12.56,3
2023-10-23 16:27:00,112,12.5695,12.57,12.57,12.57,12.57,2
2023-10-23 16:28:00,602,12.57,12.57,12.57,12.57,12.57,8
2023-10-23 16:29:00,582,12.5791,12.575,12.58,12.58,12.575,9
2023-10-23 16:30:00,172,12.5809,12.5812,12.5812,12.5812,12.5812,2
2023-10-23 16:31:00,102,12.585,12.585,12.585,12.585,12.585,3
2023-10-23 16:32:00,927,12.575,12.58,12.57,12.58,12.57,24
2023-10-23 16:34:00,300,12.5633,12.56,12.565,12.565,12.56,3
2023-10-23 16:35:00,765,12.5699,12.57,12.57,12.57,12.57,8
2023-10-23 16:36:00,228,12.5699,12.57,12.57,12.57,12.57,7
2023-10-23 16:37:00,122,12.5609,12.56,12.56,12.56,12.56,4
2023-10-23 16:38:00,200,12.57,12.57,12.57,12.57,12.57,2
2023-10-23 16:39:00,206,12.5601,12.56,12.56,12.56,12.56,2
2023-10-23 16:40:00,2714,12.5606,12.56,12.565,12.57,12.56,34
2023-10-23 16:41:00,697,12.5707,12.57,12.575,12.575,12.57,17
2023-10-23 16:42:00,101,12.575,12.575,12.575,12.575,12.575,2
2023-10-23 16:44:00,475,12.5679,12.57,12.565,12.57,12.565,9
2023-10-23 16:45:00,934,12.5688,12.565,12.57,12.57,12.565,12
2023-10-23 16:46:00,135,12.575,12.575,12.575,12.575,12.575,3
2023-10-23 16:47:00,336,12.58,12.58,12.58,12.58,12.58,6
2023-10-23 16:48:00,203,12.58,12.58,12.58,12.58,12.58,5
2023-10-23 16:49:00,90322,12.521,12.58,12.5,12.58,12.5,613
2023-10-23 16:50:00,10154,12.4957,12.5,12.485,12.5,12.485,122
2023-10-23 16:51:00,101,12.495,12.495,12.495,12.495,12.495,2
2023-10-23 16:52:00,4061,12.4887,12.495,12.495,12.495,12.48,50
2023-10-23 16:53:00,4949,12.4842,12.49,12.49,12.49,12.475,46
2023-10-23 16:54:00,1856,12.4897,12.485,12.49,12.49,12.485,23
2023-10-23 16:55:00,2500,12.4989,12.5,12.49,12.5,12.49,35
2023-10-23 16:56:00,6621,12.5,12.5,12.5,12.5,12.5,68
2023-10-23 16:57:00,41662,12.5058,12.5,12.54,12.545,12.5,288
2023-10-23 17:00:00,1477,12.5333,12.54,12.5303,12.54,12.5303,19
2023-10-23 17:01:00,2206,12.5445,12.535,12.55,12.555,12.535,23
2023-10-23 17:02:00,2496,12.5447,12.545,12.54,12.545,12.54,7
2023-10-23 17:03:00,3827,12.5443,12.5411,12.55,12.55,12.535,44
2023-10-23 17:04:00,1474,12.5353,12.54,12.535,12.54,12.53,25
2023-10-23 17:05:00,411,12.5377,12.53,12.54,12.54,12.53,14
2023-10-23 17:06:00,3038,12.5509,12.55,12.565,12.565,12.545,30
2023-10-23 17:07:00,541,12.5701,12.57,12.57,12.57,12.57,9
2023-10-23 17:08:00,1475,12.5707,12.58,12.565,12.58,12.565,14
2023-10-23 17:09:00,377,12.5613,12.565,12.56,12.565,12.56,8
2023-10-23 17:10:00,1139,12.5499,12.55,12.55,12.55,12.55,15
2023-10-23 17:11:00,779,12.537,12.54,12.535,12.54,12.53,11
2023-10-23 17:12:00,678,12.5407,12.54,12.545,12.545,12.54,18
2023-10-23 17:14:00,640,12.5458,12.55,12.54,12.55,12.54,12
2023-10-23 17:15:00,241,12.5409,12.54,12.54,12.54,12.54,6
2023-10-23 17:16:00,216,12.5476,12.55,12.545,12.55,12.545,6
2023-10-23 17:17:00,1325,12.5483,12.55,12.53,12.55,12.53,17
2023-10-23 17:18:00,135,12.53,12.53,12.53,12.53,12.53,2
2023-10-23 17:19:00,597,12.5325,12.53,12.535,12.535,12.53,14
2023-10-23 17:20:00,1209,12.5371,12.53,12.54,12.54,12.53,24
2023-10-23 17:21:00,6510,12.5443,12.535,12.56,12.565,12.535,78
2023-10-23 17:22:00,717,12.5502,12.55,12.55,12.55,12.55,11
2023-10-23 17:23:00,1051,12.54,12.54,12.54,12.54,12.54,16
2023-10-23 17:24:00,275,12.54,12.54,12.54,12.54,12.54,7
2023-10-23 17:25:00,101,12.54,12.54,12.54,12.54,12.54,2
2023-10-23 17:26:00,352,12.541,12.545,12.54,12.545,12.54,8
2023-10-23 17:28:00,1380,12.5389,12.54,12.535,12.54,12.535,21
2023-10-23 17:29:00,6557,12.5307,12.535,12.53,12.54,12.53,79
2023-10-23 17:30:00,5462,12.5385,12.54,12.53,12.54,12.53,54
2023-10-23 17:31:00,128,12.5259,12.525,12.525,12.525,12.525,4
2023-10-23 17:32:00,972,12.52,12.52,12.52,12.52,12.52,10
2023-10-23 17:33:00,1182,12.5232,12.52,12.525,12.53,12.52,20
2023-10-23 17:34:00,421,12.5238,12.525,12.525,12.525,12.52,8
2023-10-23 17:35:00,1099,12.5295,12.525,12.535,12.535,12.525,22
2023-10-23 17:36:00,693,12.5285,12.53,12.525,12.53,12.525,9
2023-10-23 17:37:00,206,12.525,12.525,12.525,12.525,12.525,4
2023-10-23 17:38:00,730,12.5203,12.525,12.52,12.525,12.515,17
2023-10-23 17:39:00,1324,12.5201,12.515,12.525,12.525,12.515,23
2023-10-23 17:40:00,107,12.525,12.525,12.525,12.525,12.525,2
2023-10-23 17:41:00,681,12.5269,12.52,12.525,12.53,12.52,8
2023-10-23 17:42:00,1159,12.527,12.53,12.53,12.53,12.52,21
2023-10-23 17:43:00,998,12.5347,12.535,12.535,12.535,12.535,16
2023-10-23 17:44:00,305,12.53,12.53,12.53,12.53,12.53,9
2023-10-23 17:45:00,706,12.5259,12.53,12.525,12.53,12.525,10
2023-10-23 17:46:00,440,12.52,12.52,12.52,12.52,12.52,9
2023-10-23 17:47:00,200,12.515,12.51,12.52,12.52,12.51,2
2023-10-23 17:48:00,639,12.5211,12.52,12.525,12.525,12.52,16
2023-10-23 17:49:00,785,12.5332,12.53,12.535,12.535,12.53,13
2023-10-23 17:50:00,296,12.5315,12.53,12.53,12.53,12.53,7
2023-10-23 17:51:00,207,12.5251,12.525,12.525,12.525,12.525,4
2023-10-23 17:52:00,102,12.525,12.525,12.525,12.525,12.525,3
2023-10-23 17:53:00,806,12.5193,12.52,12.515,12.52,12.515,12
2023-10-23 17:54:00,2087,12.5135,12.515,12.52,12.52,12.51,26
2023-10-23 17:55:00,131,12.519,12.52,12.52,12.52,12.52,4
2023-10-23 17:56:00,201,12.515,12.515,12.515,12.515,12.515,3
2023-10-23 17:57:00,135,12.5109,12.511,12.511,12.511,12.511,4
2023-10-23 17:58:00,1623,12.5215,12.515,12.53,12.53,12.515,22
2023-10-23 17:59:00,356,12.5251,12.525,12.525,12.525,12.525,4
2023-10-23 18:00:00,968,12.5204,12.52,12.52,12.52,12.52,9
2023-10-23 18:01:00,124,12.515,12.515,12.515,12.515,12.515,4
2023-10-23 18:03:00,769,12.5173,12.515,12.52,12.52,12.515,13
2023-10-23 18:04:00,206,12.515,12.515,12.515,12.515,12.515,4
2023-10-23 18:05:00,685,12.5179,12.5154,12.5197,12.5197,12.5154,6
2023-10-23 18:06:00,2693,12.5205,12.515,12.52,12.525,12.515,24
2023-10-23 18:07:00,519,12.5261,12.525,12.53,12.53,12.525,5
2023-10-23 18:08:00,2283,12.5301,12.525,12.53,12.53,12.525,32
2023-10-23 18:09:00,258,12.5279,12.53,12.525,12.53,12.525,4
2023-10-23 18:10:00,965,12.5166,12.52,12.505,12.52,12.505,14
2023-10-23 18:13:00,1408,12.5013,12.505,12.505,12.505,12.5,8
2023-10-23 18:14:00,1649,12.5066,12.5,12.51,12.51,12.5,11
2023-10-23 18:15:00,196,12.5037,12.5025,12.5025,12.5025,12.5025,3
2023-10-23 18:16:00,300,12.5033,12.5,12.505,12.505,12.5,6
2023-10-23 18:17:00,3184,12.4984,12.5,12.49,12.5,12.49,26
2023-10-23 18:18:00,551,12.4809,12.485,12.475,12.485,12.475,6
2023-10-23 18:19:00,1072,12.4681,12.47,12.46,12.47,12.46,16
2023-10-23 18:20:00,857,12.4582,12.465,12.45,12.465,12.45,22
2023-10-23 18:21:00,2424,12.4596,12.46,12.455,12.46,12.455,36
2023-10-23 18:22:00,1926,12.4481,12.45,12.45,12.45,12.445,16
2023-10-23 18:23:00,668,12.4401,12.445,12.435,12.445,12.435,10
2023-10-23 18:25:00,2715,12.4292,12.43,12.425,12.43,12.42,34
2023-10-23 18:26:00,1284,12.4362,12.43,12.44,12.44,12.43,29
2023-10-23 18:27:00,1635,12.44,12.44,12.44,12.44,12.44,26
2023-10-23 18:28:00,312,12.4532,12.45,12.46,12.46,12.45,6
2023-10-23 18:29:00,538,12.46,12.46,12.46,12.46,12.46,10
2023-10-23 18:30:00,214,12.4677,12.465,12.465,12.465,12.465,7
2023-10-23 18:31:00,999,12.4699,12.47,12.47,12.47,12.47,27
2023-10-23 18:32:00,409,12.4735,12.475,12.475,12.475,12.475,10
2023-10-23 18:33:00,127,12.4759,12.475,12.475,12.475,12.475,3
2023-10-23 18:34:00,2180,12.479,12.475,12.48,12.48,12.475,18
2023-10-23 18:35:00,445,12.4832,12.485,12.485,12.485,12.485,10
2023-10-23 18:36:00,300,12.49,12.49,12.49,12.49,12.49,2
2023-10-23 18:37:00,1398,12.4908,12.49,12.49,12.495,12.49,22
2023-10-23 18:40:00,799,12.4911,12.49,12.495,12.495,12.49,22
2023-10-23 18:41:00,3201,12.5027,12.5,12.505,12.51,12.5,24
2023-10-23 18:42:00,144,12.504,12.5025,12.5025,12.5025,12.5025,4
2023-10-23 18:43:00,1513,12.4976,12.5,12.485,12.505,12.485,26
2023-10-23 18:44:00,437,12.4864,12.485,12.48,12.485,12.48,12
2023-10-23 18:45:00,109,12.4896,12.49,12.49,12.49,12.49,4
2023-10-23 18:46:00,2359,12.499,12.49,12.5,12.505,12.49,38
2023-10-23 18:48:00,132,12.4984,12.5,12.5,12.5,12.5,4
2023-10-23 18:49:00,417,12.4946,12.495,12.495,12.495,12.495,8
2023-10-23 18:50:00,1061,12.49,12.49,12.49,12.49,12.49,13
2023-10-23 18:52:00,990,12.4902,12.49,12.49,12.49,12.49,18
2023-10-23 18:53:00,1076,12.4956,12.495,12.5,12.5,12.49,16
2023-10-23 18:55:00,152,12.4986,12.5,12.5,12.5,12.5,13
2023-10-23 18:56:00,302,12.4951,12.5,12.49,12.5,12.49,6
2023-10-23 18:58:00,4059,12.5009,12.5,12.495,12.505,12.495,51
2023-10-23 19:00:00,807,12.5026,12.5,12.505,12.505,12.5,17
2023-10-23 19:01:00,129,12.501,12.5,12.5,12.5,12.5,6
2023-10-23 19:02:00,4610,12.5006,12.505,12.505,12.505,12.495,60
2023-10-23 19:03:00,3077,12.5109,12.51,12.51,12.515,12.51,44
2023-10-23 19:04:00,314,12.5039,12.505,12.505,12.505,12.505,7
2023-10-23 19:05:00,101,12.505,12.505,12.505,12.505,12.505,2
2023-10-23 19:06:00,486,12.5015,12.5,12.5,12.5,12.5,13
2023-10-23 19:07:00,307,12.5047,12.505,12.505,12.505,12.505,5
2023-10-23 19:08:00,491,12.506,12.505,12.505,12.51,12.505,6
2023-10-23 19:09:00,11187,12.5004,12.505,12.505,12.505,12.495,95
2023-10-23 19:10:00,8973,12.494,12.505,12.485,12.505,12.48,108
2023-10-23 19:11:00,4741,12.4963,12.49,12.505,12.505,12.49,51
2023-10-23 19:12:00,821,12.5038,12.51,12.505,12.51,12.5,12
2023-10-23 19:13:00,1738,12.5134,12.51,12.525,12.525,12.505,27
2023-10-23 19:14:00,688,12.5185,12.525,12.525,12.525,12.525,19
2023-10-23 19:15:00,1157,12.5194,12.525,12.505,12.525,12.505,22
2023-10-23 19:16:00,774,12.505,12.51,12.5,12.51,12.5,9
2023-10-23 19:17:00,429,12.5037,12.5,12.505,12.505,12.5,6
2023-10-23 19:18:00,2557,12.5093,12.505,12.505,12.51,12.505,12
2023-10-23 19:19:00,2806,12.4997,12.5,12.5,12.5,12.5,24
2023-10-23 19:20:00,999,12.5007,12.505,12.49,12.505,12.49,19
2023-10-23 19:21:00,4275,12.4895,12.495,12.48,12.495,12.48,47
2023-10-23 19:22:00,2987,12.4792,12.48,12.475,12.485,12.475,28
2023-10-23 19:23:00,1332,12.4725,12.475,12.47,12.475,12.47,21
2023-10-23 19:24:00,1980,12.4742,12.47,12.465,12.47,12.465,28
2023-10-23 19:25:00,3701,12.4728,12.47,12.475,12.48,12.47,41
2023-10-23 19:26:00,466,12.4743,12.475,12.475,12.475,12.475,8
2023-10-23 19:27:00,3813,12.469,12.47,12.465,12.47,12.465,55
2023-10-23 19:28:00,3293,12.4609,12.465,12.46,12.465,12.455,43
2023-10-23 19:29:00,5882,12.4489,12.45,12.45,12.45,12.44,49
2023-10-23 19:30:00,3920,12.4419,12.45,12.43,12.45,12.43,37
2023-10-23 19:31:00,2293,12.431,12.43,12.435,12.4357,12.42,35
2023-10-23 19:32:00,2242,12.4446,12.44,12.455,12.455,12.44,34
2023-10-23 19:33:00,2698,12.4543,12.455,12.45,12.455,12.45,9
2023-10-23 19:34:00,700,12.4498,12.45,12.45,12.455,12.45,6
2023-10-23 19:35:00,1426,12.4517,12.45,12.45,12.455,12.45,19
2023-10-23 19:36:00,1353,12.4444,12.45,12.44,12.45,12.44,16
2023-10-23 19:37:00,10112,12.4486,12.44,12.46,12.46,12.435,69
2023-10-23 19:38:00,2937,12.453,12.465,12.45,12.465,12.445,29
2023-10-23 19:39:00,4459,12.4609,12.45,12.465,12.465,12.45,38
2023-10-23 19:40:00,663,12.4628,12.465,12.46,12.465,12.46,13
2023-10-23 19:41:00,2461,12.4544,12.46,12.455,12.46,12.45,40
2023-10-23 19:42:00,3302,12.4506,12.45,12.45,12.455,12.45,48
2023-10-23 19:43:00,5329,12.4642,12.46,12.465,12.47,12.459,58
2023-10-23 19:44:00,3536,12.4597,12.46,12.465,12.465,12.455,46
2023-10-23 19:45:00,6735,12.4649,12.46,12.47,12.47,12.4579,75
2023-10-23 19:46:00,4682,12.4826,12.48,12.49,12.49,12.48,46
2023-10-23 19:47:00,8408,12.4832,12.48,12.495,12.495,12.48,85
2023-10-23 19:48:00,2720,12.4995,12.5,12.5,12.5,12.495,42
2023-10-23 19:49:00,1141,12.4961,12.495,12.495,12.495,12.495,26
2023-10-23 19:50:00,8122,12.4838,12.49,12.4825,12.4999,12.48,103
2023-10-23 19:51:00,5463,12.4922,12.49,12.5,12.5,12.4825,57
2023-10-23 19:52:00,5778,12.4961,12.5099,12.49,12.5099,12.485,70
2023-10-23 19:53:00,8003,12.4886,12.49,12.485,12.495,12.48,77
2023-10-23 19:54:00,5168,12.4813,12.4899,12.4785,12.4899,12.4785,56
2023-10-23 19:55:00,6309,12.4832,12.48,12.4899,12.49,12.475,74
2023-10-23 19:56:00,4612,12.482,12.48,12.48,12.485,12.48,57
2023-10-23 19:57:00,5045,12.4843,12.485,12.485,12.49,12.48,75
2023-10-23 19:58:00,7007,12.4863,12.485,12.485,12.49,12.48,81
2023-10-23 19:59:00,48620,12.468,12.49,12.47,12.49,12.46,338
2023-10-23 20:00:00,3139,12.46,12.46,12.46,12.46,12.46,12
2023-10-23 22:52:00,100,12.4,12.4,12.4,12.4,12.4,1
