t,v,vw,o,c,h,l,n
2023-08-21 13:29:00,390,33.3026,33.31,33.3,33.31,33.3,6
2023-08-21 13:30:00,324,33.0712,33.07,33.07,33.07,33.07,17
2023-08-21 13:32:00,11460,32.8599,32.86,32.86,32.86,32.86,16
2023-08-21 13:33:00,3148,32.9717,32.99,32.94,33.03,32.94,49
2023-08-21 13:34:00,1240,32.9146,32.93,32.93,32.93,32.93,28
2023-08-21 13:35:00,2164,32.9336,32.92,32.98,32.98,32.91,30
2023-08-21 13:36:00,3978,32.908,32.88,32.91,32.93,32.876,49
2023-08-21 13:37:00,2373,32.8878,32.91,32.84,32.91,32.84,33
2023-08-21 13:38:00,15509,32.8964,32.89,32.89,32.95,32.89,49
2023-08-21 13:39:00,2490,32.9247,32.9,32.94,32.96,32.89,30
2023-08-21 13:40:00,1411,32.9031,32.94,32.89,32.94,32.89,32
2023-08-21 13:42:00,771,32.8993,32.88,32.95,32.95,32.88,15
2023-08-21 13:43:00,1062,32.9509,32.95,32.96,32.96,32.95,13
2023-08-21 13:44:00,1422,32.9541,32.91,32.99,32.99,32.9,22
2023-08-21 13:47:00,227,33.0109,33.0,33.0,33.0,33.0,12
2023-08-21 13:48:00,1117,33.0382,33.0,33.07,33.07,33.0,32
2023-08-21 13:49:00,244,33.0693,33.065,33.065,33.065,33.065,24
2023-08-21 13:50:00,2694,33.0765,33.11,33.06,33.11,33.05,54
2023-08-21 13:51:00,1696,33.0467,33.05,33.055,33.055,33.04,24
2023-08-21 13:52:00,4916,33.0934,33.05,33.08,33.13,33.05,83
2023-08-21 13:53:00,329,33.0661,33.07,33.07,33.07,33.06,6
2023-08-21 13:54:00,1695,33.0954,33.09,33.11,33.11,33.09,23
2023-08-21 13:55:00,567,33.0908,33.125,33.09,33.125,33.09,15
2023-08-21 13:57:00,315,33.0848,33.09,33.09,33.09,33.09,13
2023-08-21 13:58:00,844,33.1213,33.1,33.12,33.12,33.1,12
2023-08-21 13:59:00,853,33.1625,33.18,33.18,33.18,33.18,22
2023-08-21 14:00:00,1345,33.1604,33.185,33.15,33.185,33.15,21
2023-08-21 14:02:00,1307,33.0477,33.06,33.05,33.06,33.04,21
2023-08-21 14:03:00,3549,33.0149,33.015,33.02,33.03,33.0,60
2023-08-21 14:04:00,2604,33.0173,33.0,33.05,33.06,33.0,46
2023-08-21 14:05:00,303,33.0571,33.04,33.04,33.04,33.04,6
2023-08-21 14:07:00,1453,33.0642,33.07,33.065,33.07,33.045,23
2023-08-21 14:08:00,1162,33.0585,33.05,33.05,33.07,33.05,23
2023-08-21 14:09:00,2668,33.0666,33.07,33.06,33.08,33.06,66
2023-08-21 14:10:00,644,33.0497,33.04,33.055,33.055,33.04,7
2023-08-21 14:11:00,961,33.0393,33.04,33.035,33.04,33.035,16
2023-08-21 14:12:00,1439,33.0237,33.04,33.01,33.04,33.01,31
2023-08-21 14:13:00,1056,32.9951,33.0,32.97,33.0,32.97,23
2023-08-21 14:14:00,1939,32.9908,32.97,32.99,33.0,32.97,44
2023-08-21 14:15:00,910,32.9637,32.97,32.945,32.97,32.945,22
2023-08-21 14:16:00,381,32.9616,32.95,32.96,32.96,32.95,12
2023-08-21 14:17:00,3638,32.9732,32.965,32.97,32.98,32.965,28
2023-08-21 14:18:00,1207,32.9821,32.97,32.99,32.99,32.97,21
2023-08-21 14:19:00,504,32.9815,32.99,32.975,32.99,32.975,12
2023-08-21 14:20:00,2708,32.9939,32.97,32.99,33.01,32.97,62
2023-08-21 14:21:00,1740,32.9633,32.97,32.98,32.99,32.95,45
2023-08-21 14:22:00,2527,32.9901,32.98,32.985,33.01,32.97,37
2023-08-21 14:23:00,684,33.0036,32.995,33.01,33.01,32.995,9
2023-08-21 14:24:00,4088,32.9962,32.99,32.98,33.01,32.98,52
2023-08-21 14:25:00,891,32.9795,32.99,32.98,33.0,32.97,17
2023-08-21 14:26:00,1752,32.9747,32.97,32.98,32.98,32.96,35
2023-08-21 14:27:00,1106,32.9496,32.95,32.96,32.96,32.95,33
2023-08-21 14:28:00,1099,32.9279,32.92,32.94,32.94,32.92,21
2023-08-21 14:29:00,716,32.9388,32.93,32.935,32.935,32.93,13
2023-08-21 14:31:00,1775,32.9331,32.935,32.94,32.95,32.93,35
2023-08-21 14:32:00,2232,32.9435,32.935,32.94,32.95,32.93,39
2023-08-21 14:33:00,2203,32.9498,32.93,32.93,32.97,32.93,39
2023-08-21 14:34:00,1142,32.9166,32.92,32.92,32.92,32.915,17
2023-08-21 14:37:00,391,32.913,32.915,32.9137,32.915,32.9137,7
2023-08-21 14:39:00,1414,32.8922,32.91,32.865,32.91,32.865,40
2023-08-21 14:40:00,119,32.8696,32.87,32.87,32.87,32.87,6
2023-08-21 14:42:00,824,32.8445,32.845,32.835,32.85,32.83,22
2023-08-21 14:43:00,687,32.8466,32.8407,32.85,32.85,32.8407,22
2023-08-21 14:44:00,961,32.8579,32.86,32.85,32.86,32.85,29
2023-08-21 14:45:00,1070,32.8722,32.87,32.88,32.88,32.87,25
2023-08-21 14:46:00,788,32.8677,32.88,32.86,32.88,32.86,25
2023-08-21 14:48:00,1193,32.8596,32.86,32.86,32.86,32.86,20
2023-08-21 14:49:00,652,32.8791,32.875,32.89,32.89,32.875,17
2023-08-21 14:50:00,234,32.8913,32.89,32.89,32.89,32.89,15
2023-08-21 14:51:00,550,32.8781,32.88,32.87,32.88,32.87,19
2023-08-21 14:53:00,1596,32.8797,32.87,32.8825,32.8825,32.87,27
2023-08-21 14:54:00,2122,32.8674,32.86,32.8725,32.88,32.86,50
2023-08-21 14:55:00,1720,32.8947,32.89,32.9,32.9,32.885,23
2023-08-21 14:56:00,1455,32.9109,32.91,32.92,32.92,32.91,29
2023-08-21 14:57:00,2102,32.9078,32.91,32.9,32.92,32.9,37
2023-08-21 14:58:00,727,32.9075,32.91,32.91,32.91,32.91,12
2023-08-21 15:00:00,3340,32.9185,32.92,32.89,32.93,32.89,70
2023-08-21 15:01:00,2970,32.9053,32.89,32.92,32.93,32.89,43
2023-08-21 15:02:00,348,32.92,32.92,32.92,32.92,32.92,6
2023-08-21 15:03:00,1175,32.901,32.91,32.87,32.92,32.87,29
2023-08-21 15:04:00,1301,32.8665,32.86,32.88,32.88,32.86,26
2023-08-21 15:05:00,359,32.8651,32.85,32.865,32.875,32.85,6
2023-08-21 15:06:00,2833,32.8902,32.88,32.91,32.91,32.88,32
2023-08-21 15:07:00,103,32.895,32.895,32.895,32.895,32.895,2
2023-08-21 15:08:00,685,32.8816,32.88,32.885,32.885,32.88,21
2023-08-21 15:09:00,748,32.8764,32.87,32.89,32.89,32.87,22
2023-08-21 15:10:00,1530,32.884,32.87,32.9,32.9,32.87,43
2023-08-21 15:11:00,2169,32.9071,32.91,32.91,32.91,32.9,34
2023-08-21 15:12:00,1521,32.8883,32.9,32.88,32.9,32.87,41
2023-08-21 15:13:00,1740,32.8511,32.86,32.82,32.88,32.82,28
2023-08-21 15:14:00,537,32.7883,32.805,32.77,32.805,32.77,12
2023-08-21 15:15:00,1801,32.7561,32.75,32.77,32.77,32.74,49
2023-08-21 15:16:00,349,32.7624,32.76,32.765,32.765,32.76,6
2023-08-21 15:17:00,830,32.7707,32.765,32.77,32.79,32.765,15
2023-08-21 15:18:00,212,32.7787,32.775,32.775,32.775,32.775,9
2023-08-21 15:20:00,964,32.7664,32.76,32.77,32.78,32.76,19
2023-08-21 15:22:00,966,32.7742,32.765,32.765,32.78,32.765,26
2023-08-21 15:23:00,1042,32.7477,32.75,32.75,32.75,32.75,31
2023-08-21 15:24:00,965,32.7365,32.73,32.73,32.77,32.73,22
2023-08-21 15:25:00,838,32.7294,32.72,32.7354,32.74,32.72,15
2023-08-21 15:26:00,1001,32.7458,32.74,32.75,32.75,32.74,29
2023-08-21 15:27:00,266,32.7456,32.755,32.755,32.755,32.755,10
2023-08-21 15:28:00,2509,32.7237,32.73,32.73,32.73,32.72,53
2023-08-21 15:29:00,1038,32.7238,32.73,32.74,32.74,32.73,26
2023-08-21 15:30:00,1416,32.7458,32.74,32.76,32.76,32.74,23
2023-08-21 15:31:00,541,32.7345,32.74,32.73,32.74,32.73,14
2023-08-21 15:32:00,1426,32.7506,32.75,32.76,32.76,32.75,28
2023-08-21 15:33:00,592,32.7534,32.76,32.75,32.76,32.75,14
2023-08-21 15:34:00,649,32.744,32.741,32.745,32.7485,32.741,13
2023-08-21 15:35:00,455,32.7413,32.755,32.755,32.755,32.755,17
2023-08-21 15:36:00,1410,32.7347,32.72,32.74,32.74,32.72,33
2023-08-21 15:37:00,312,32.7148,32.72,32.72,32.72,32.72,10
2023-08-21 15:38:00,687,32.711,32.7,32.71,32.72,32.7,19
2023-08-21 15:40:00,693,32.714,32.72,32.72,32.72,32.72,19
2023-08-21 15:41:00,1008,32.7212,32.73,32.72,32.73,32.72,23
2023-08-21 15:42:00,319,32.6966,32.69,32.69,32.69,32.69,13
2023-08-21 15:43:00,111,32.6812,32.68,32.68,32.68,32.68,3
2023-08-21 15:44:00,3606,32.699,32.68,32.72,32.72,32.67,70
2023-08-21 15:45:00,1182,32.7229,32.72,32.73,32.73,32.715,20
2023-08-21 15:46:00,1836,32.6976,32.7,32.69,32.72,32.68,38
2023-08-21 15:47:00,505,32.6823,32.681,32.69,32.69,32.681,12
2023-08-21 15:48:00,240,32.66,32.66,32.66,32.66,32.66,4
2023-08-21 15:50:00,197,32.6517,32.655,32.655,32.655,32.655,6
2023-08-21 15:51:00,302,32.6487,32.65,32.655,32.655,32.65,5
2023-08-21 15:52:00,2387,32.6811,32.655,32.7,32.7,32.655,52
2023-08-21 15:53:00,900,32.67,32.68,32.66,32.68,32.66,16
2023-08-21 15:54:00,924,32.6801,32.68,32.67,32.68,32.67,20
2023-08-21 15:55:00,1831,32.697,32.68,32.7,32.71,32.68,29
2023-08-21 15:56:00,2333,32.7101,32.7,32.7,32.72,32.7,28
2023-08-21 15:57:00,1656,32.7108,32.72,32.72,32.72,32.7,29
2023-08-21 15:58:00,2359,32.7283,32.71,32.74,32.74,32.71,42
2023-08-21 15:59:00,623,32.7471,32.74,32.74,32.75,32.74,14
2023-08-21 16:00:00,1206,32.7235,32.73,32.715,32.74,32.71,23
2023-08-21 16:01:00,1069,32.6863,32.69,32.695,32.695,32.68,19
2023-08-21 16:02:00,2889,32.6919,32.69,32.7,32.7,32.68,42
2023-08-21 16:04:00,2387,32.6748,32.67,32.675,32.69,32.66,42
2023-08-21 16:05:00,1466,32.6664,32.66,32.64,32.68,32.64,23
2023-08-21 16:06:00,2318,32.6672,32.65,32.66,32.68,32.65,34
2023-08-21 16:07:00,1989,32.6821,32.68,32.68,32.69,32.67,29
2023-08-21 16:08:00,1024,32.68,32.68,32.71,32.71,32.675,16
2023-08-21 16:09:00,1060,32.674,32.685,32.6601,32.685,32.6601,17
2023-08-21 16:10:00,828,32.6598,32.66,32.67,32.67,32.652,14
2023-08-21 16:12:00,1795,32.6498,32.66,32.65,32.66,32.65,33
2023-08-21 16:13:00,936,32.6369,32.645,32.64,32.645,32.64,26
2023-08-21 16:14:00,3435,32.6436,32.63,32.645,32.66,32.6222,71
2023-08-21 16:15:00,1145,32.6548,32.66,32.66,32.66,32.65,15
2023-08-21 16:16:00,1433,32.6518,32.65,32.66,32.66,32.65,26
2023-08-21 16:17:00,4629,32.6671,32.64,32.69,32.69,32.64,80
2023-08-21 16:18:00,1156,32.6857,32.69,32.69,32.695,32.68,18
2023-08-21 16:19:00,251,32.6851,32.685,32.685,32.685,32.685,9
2023-08-21 16:22:00,484,32.6705,32.67,32.67,32.67,32.67,16
2023-08-21 16:25:00,479,32.6775,32.67,32.68,32.68,32.67,13
2023-08-21 16:26:00,936,32.6885,32.7,32.7,32.7,32.7,25
2023-08-21 16:27:00,2674,32.7124,32.71,32.71,32.72,32.7,53
2023-08-21 16:28:00,536,32.711,32.72,32.71,32.72,32.71,9
2023-08-21 16:29:00,1232,32.705,32.7,32.71,32.71,32.6988,17
2023-08-21 16:30:00,541,32.7,32.7,32.7,32.7,32.7,6
2023-08-21 16:31:00,545,32.6983,32.7,32.7,32.7,32.7,8
2023-08-21 16:32:00,725,32.6878,32.69,32.69,32.69,32.69,15
2023-08-21 16:33:00,236,32.6898,32.69,32.69,32.69,32.69,6
2023-08-21 16:34:00,10421,32.6869,32.7,32.67,32.7,32.67,138
2023-08-21 16:35:00,7223,32.6555,32.67,32.65,32.675,32.64,83
2023-08-21 16:36:00,401,32.6581,32.65,32.65,32.65,32.65,4
2023-08-21 16:37:00,1361,32.6584,32.66,32.655,32.66,32.655,16
2023-08-21 16:38:00,675,32.6588,32.66,32.66,32.66,32.652,14
2023-08-21 16:39:00,567,32.6499,32.65,32.65,32.65,32.65,17
2023-08-21 16:40:00,755,32.625,32.63,32.61,32.635,32.61,19
2023-08-21 16:41:00,1081,32.6241,32.62,32.62,32.63,32.62,21
2023-08-21 16:42:00,1107,32.6259,32.63,32.625,32.63,32.62,25
2023-08-21 16:43:00,813,32.619,32.63,32.62,32.63,32.62,17
2023-08-21 16:44:00,1006,32.5992,32.605,32.6,32.605,32.59,35
2023-08-21 16:47:00,1085,32.6083,32.61,32.62,32.62,32.605,23
2023-08-21 16:48:00,1912,32.6283,32.62,32.64,32.64,32.62,37
2023-08-21 16:49:00,303,32.6234,32.62,32.63,32.63,32.62,5
2023-08-21 16:50:00,864,32.637,32.63,32.64,32.64,32.63,18
2023-08-21 16:51:00,873,32.6317,32.63,32.635,32.635,32.63,12
2023-08-21 16:52:00,1069,32.6455,32.64,32.65,32.65,32.64,20
2023-08-21 16:53:00,5343,32.6431,32.65,32.64,32.65,32.62,104
2023-08-21 16:54:00,3358,32.6427,32.64,32.64,32.65,32.62,53
2023-08-21 16:55:00,3514,32.6504,32.65,32.65,32.66,32.64,44
2023-08-21 16:56:00,3039,32.6524,32.65,32.65,32.66,32.65,39
2023-08-21 16:57:00,1928,32.66,32.65,32.68,32.68,32.65,43
2023-08-21 16:58:00,370,32.6686,32.67,32.66,32.67,32.66,12
2023-08-21 16:59:00,1117,32.692,32.68,32.71,32.71,32.68,30
2023-08-21 17:00:00,862,32.7245,32.71,32.74,32.74,32.71,21
2023-08-21 17:01:00,2654,32.7575,32.74,32.76,32.77,32.74,50
2023-08-21 17:02:00,205,32.77,32.77,32.77,32.77,32.77,5
2023-08-21 17:03:00,1105,32.7583,32.77,32.76,32.77,32.76,29
2023-08-21 17:04:00,1044,32.73,32.73,32.73,32.73,32.73,18
2023-08-21 17:05:00,1024,32.7228,32.72,32.73,32.73,32.72,25
2023-08-21 17:07:00,107,32.7293,32.73,32.73,32.73,32.73,2
2023-08-21 17:08:00,134,32.7304,32.73,32.73,32.73,32.73,5
2023-08-21 17:09:00,868,32.7378,32.73,32.74,32.74,32.73,20
2023-08-21 17:10:00,2033,32.7217,32.73,32.71,32.735,32.7,43
2023-08-21 17:11:00,1294,32.7337,32.72,32.74,32.74,32.72,22
2023-08-21 17:12:00,1462,32.7254,32.73,32.73,32.74,32.71,24
2023-08-21 17:13:00,1122,32.7301,32.73,32.74,32.74,32.73,19
2023-08-21 17:15:00,694,32.7299,32.73,32.73,32.73,32.73,17
2023-08-21 17:16:00,1442,32.7164,32.73,32.7154,32.73,32.7017,34
2023-08-21 17:17:00,1141,32.7188,32.705,32.72,32.72,32.705,26
2023-08-21 17:18:00,1188,32.7311,32.73,32.74,32.74,32.73,24
2023-08-21 17:19:00,1851,32.7403,32.74,32.75,32.75,32.73,36
2023-08-21 17:20:00,497,32.7324,32.73,32.74,32.74,32.73,15
2023-08-21 17:22:00,1459,32.7486,32.75,32.76,32.76,32.74,29
2023-08-21 17:23:00,174,32.75,32.75,32.75,32.75,32.75,1
2023-08-21 17:26:00,1261,32.7615,32.76,32.765,32.765,32.76,27
2023-08-21 17:27:00,1911,32.7447,32.76,32.73,32.76,32.73,41
2023-08-21 17:28:00,821,32.7306,32.73,32.73,32.735,32.73,10
2023-08-21 17:29:00,103,32.74,32.74,32.74,32.74,32.74,3
2023-08-21 17:30:00,432,32.7328,32.74,32.73,32.74,32.73,9
2023-08-21 17:31:00,1682,32.7367,32.72,32.74,32.74,32.72,27
2023-08-21 17:32:00,1067,32.7538,32.75,32.76,32.76,32.75,26
2023-08-21 17:33:00,1413,32.7667,32.77,32.76,32.77,32.76,33
2023-08-21 17:34:00,106,32.76,32.76,32.76,32.76,32.76,4
2023-08-21 17:35:00,441,32.7655,32.77,32.76,32.77,32.76,12
2023-08-21 17:36:00,479,32.7624,32.76,32.77,32.77,32.76,14
2023-08-21 17:37:00,1916,32.7802,32.76,32.79,32.79,32.76,51
2023-08-21 17:38:00,1495,32.7956,32.8,32.8,32.8,32.79,24
2023-08-21 17:39:00,917,32.789,32.795,32.79,32.795,32.79,20
2023-08-21 17:40:00,596,32.795,32.8,32.8,32.8,32.8,9
2023-08-21 17:41:00,1530,32.7904,32.795,32.8,32.8,32.78,32
2023-08-21 17:43:00,256,32.79,32.79,32.79,32.79,32.79,5
2023-08-21 17:45:00,1126,32.782,32.79,32.771,32.79,32.771,20
2023-08-21 17:46:00,102,32.7701,32.77,32.77,32.77,32.77,2
2023-08-21 17:47:00,582,32.7582,32.77,32.76,32.77,32.75,19
2023-08-21 17:49:00,1478,32.7612,32.76,32.765,32.765,32.76,25
2023-08-21 17:50:00,795,32.7691,32.77,32.77,32.77,32.77,20
2023-08-21 17:51:00,285,32.7675,32.77,32.77,32.77,32.77,6
2023-08-21 17:52:00,2170,32.7646,32.77,32.77,32.77,32.76,36
2023-08-21 17:53:00,1390,32.7876,32.78,32.8,32.8,32.78,35
2023-08-21 17:54:00,375,32.8021,32.8,32.8,32.81,32.8,16
2023-08-21 17:55:00,867,32.8117,32.81,32.81,32.81,32.81,16
2023-08-21 17:56:00,4087,32.8078,32.81,32.8,32.82,32.8,47
2023-08-21 17:57:00,773,32.7886,32.79,32.79,32.79,32.78,16
2023-08-21 17:58:00,998,32.7824,32.78,32.78,32.78,32.78,15
2023-08-21 17:59:00,608,32.7817,32.78,32.78,32.78,32.78,11
2023-08-21 18:00:00,1450,32.7919,32.79,32.79,32.81,32.79,34
2023-08-21 18:01:00,1934,32.8092,32.8,32.82,32.82,32.8,46
2023-08-21 18:02:00,2004,32.803,32.82,32.795,32.82,32.795,34
2023-08-21 18:03:00,349,32.7916,32.795,32.79,32.795,32.79,10
2023-08-21 18:04:00,1564,32.7734,32.78,32.78,32.78,32.77,34
2023-08-21 18:05:00,7377,32.7748,32.7711,32.775,32.79,32.75,95
2023-08-21 18:06:00,3026,32.7868,32.78,32.78,32.79,32.78,48
2023-08-21 18:07:00,320,32.778,32.78,32.78,32.78,32.78,10
2023-08-21 18:08:00,1683,32.766,32.78,32.755,32.78,32.755,35
2023-08-21 18:09:00,1328,32.754,32.7596,32.75,32.7596,32.74,21
2023-08-21 18:12:00,2535,32.7256,32.72,32.74,32.74,32.71,68
2023-08-21 18:13:00,1480,32.75,32.75,32.76,32.76,32.75,37
2023-08-21 18:14:00,1059,32.7641,32.77,32.78,32.78,32.77,35
2023-08-21 18:15:00,637,32.7471,32.76,32.735,32.76,32.735,19
2023-08-21 18:16:00,789,32.7364,32.72,32.735,32.75,32.72,10
2023-08-21 18:17:00,1784,32.7386,32.7484,32.74,32.7484,32.73,26
2023-08-21 18:18:00,3266,32.7146,32.71,32.71,32.72,32.7,47
2023-08-21 18:19:00,1915,32.7208,32.72,32.72,32.74,32.71,42
2023-08-21 18:20:00,486,32.7221,32.72,32.72,32.72,32.72,11
2023-08-21 18:21:00,1024,32.7264,32.73,32.73,32.73,32.72,23
2023-08-21 18:22:00,826,32.721,32.72,32.72,32.725,32.72,21
2023-08-21 18:23:00,315,32.7251,32.73,32.73,32.73,32.73,11
2023-08-21 18:24:00,299,32.7167,32.72,32.72,32.72,32.72,4
2023-08-21 18:26:00,1347,32.7132,32.71,32.73,32.73,32.7,21
2023-08-21 18:27:00,477,32.7276,32.73,32.73,32.73,32.73,6
2023-08-21 18:28:00,2777,32.7278,32.73,32.73,32.74,32.71,67
2023-08-21 18:29:00,1910,32.7475,32.74,32.76,32.76,32.74,39
2023-08-21 18:30:00,1083,32.7559,32.755,32.76,32.76,32.755,25
2023-08-21 18:31:00,695,32.7551,32.755,32.755,32.755,32.755,19
2023-08-21 18:32:00,1282,32.7474,32.75,32.76,32.76,32.74,32
2023-08-21 18:34:00,1165,32.7376,32.74,32.73,32.74,32.73,27
2023-08-21 18:35:00,459,32.7397,32.74,32.74,32.74,32.74,12
2023-08-21 18:36:00,203,32.7301,32.73,32.73,32.73,32.73,4
2023-08-21 18:37:00,2280,32.734,32.72,32.74,32.74,32.72,44
2023-08-21 18:38:00,1953,32.7481,32.75,32.75,32.75,32.74,35
2023-08-21 18:39:00,2077,32.752,32.74,32.76,32.76,32.74,40
2023-08-21 18:40:00,1132,32.775,32.77,32.78,32.78,32.77,23
2023-08-21 18:41:00,1334,32.7987,32.8,32.81,32.81,32.8,46
2023-08-21 18:42:00,3835,32.7995,32.801,32.8,32.81,32.79,59
2023-08-21 18:43:00,1536,32.8162,32.81,32.825,32.83,32.81,30
2023-08-21 18:44:00,939,32.8148,32.81,32.82,32.82,32.81,20
2023-08-21 18:45:00,625,32.8052,32.81,32.81,32.81,32.81,17
2023-08-21 18:47:00,1423,32.8299,32.82,32.84,32.84,32.82,39
2023-08-21 18:48:00,3026,32.8395,32.84,32.83,32.85,32.83,49
2023-08-21 18:49:00,623,32.8205,32.82,32.82,32.82,32.82,18
2023-08-21 18:50:00,541,32.82,32.82,32.82,32.82,32.82,12
2023-08-21 18:51:00,1273,32.7981,32.81,32.79,32.81,32.79,43
2023-08-21 18:52:00,1287,32.8036,32.795,32.81,32.81,32.795,28
2023-08-21 18:53:00,263,32.7906,32.79,32.79,32.79,32.79,8
2023-08-21 18:54:00,1262,32.7907,32.79,32.79,32.79,32.79,20
2023-08-21 18:55:00,2252,32.794,32.79,32.79,32.8,32.79,62
2023-08-21 18:56:00,266,32.784,32.785,32.785,32.785,32.785,6
2023-08-21 18:57:00,1751,32.7929,32.7956,32.79,32.8,32.78,37
2023-08-21 18:58:00,279,32.7865,32.79,32.79,32.79,32.79,18
2023-08-21 18:59:00,2394,32.7855,32.78,32.79,32.79,32.77,57
2023-08-21 19:00:00,2318,32.8007,32.8,32.81,32.81,32.8,47
2023-08-21 19:01:00,1066,32.8075,32.8,32.81,32.81,32.8,37
2023-08-21 19:03:00,746,32.8125,32.82,32.81,32.82,32.81,37
2023-08-21 19:04:00,1299,32.8129,32.81,32.815,32.82,32.81,30
2023-08-21 19:05:00,632,32.8199,32.82,32.82,32.82,32.82,23
2023-08-21 19:06:00,1693,32.8114,32.82,32.81,32.82,32.81,29
2023-08-21 19:07:00,2045,32.8179,32.82,32.83,32.83,32.8,43
2023-08-21 19:09:00,3825,32.8233,32.83,32.81,32.83,32.81,72
2023-08-21 19:11:00,2105,32.8204,32.82,32.82,32.825,32.82,56
2023-08-21 19:12:00,2326,32.8325,32.83,32.84,32.85,32.83,62
2023-08-21 19:13:00,1801,32.826,32.83,32.83,32.83,32.82,29
2023-08-21 19:14:00,1672,32.8344,32.83,32.84,32.84,32.83,37
2023-08-21 19:15:00,2159,32.8497,32.84,32.86,32.86,32.84,39
2023-08-21 19:16:00,2280,32.8407,32.855,32.83,32.855,32.83,35
2023-08-21 19:17:00,218,32.84,32.84,32.84,32.84,32.84,8
2023-08-21 19:18:00,1166,32.845,32.84,32.85,32.85,32.84,26
2023-08-21 19:19:00,1026,32.8269,32.83,32.83,32.83,32.83,23
2023-08-21 19:20:00,509,32.815,32.82,32.815,32.82,32.815,13
2023-08-21 19:21:00,3005,32.8225,32.83,32.805,32.83,32.805,61
2023-08-21 19:22:00,2889,32.8185,32.7901,32.825,32.825,32.7901,39
2023-08-21 19:23:00,416,32.8203,32.82,32.82,32.82,32.82,26
2023-08-21 19:24:00,3367,32.8325,32.83,32.83,32.84,32.83,67
2023-08-21 19:25:00,1165,32.8228,32.82,32.82,32.82,32.82,18
2023-08-21 19:26:00,2824,32.8325,32.83,32.84,32.84,32.83,46
2023-08-21 19:27:00,730,32.8428,32.85,32.85,32.85,32.85,11
2023-08-21 19:28:00,1074,32.8313,32.84,32.83,32.84,32.83,33
2023-08-21 19:29:00,332,32.8298,32.83,32.83,32.83,32.83,8
2023-08-21 19:30:00,836,32.8347,32.84,32.84,32.84,32.84,20
2023-08-21 19:31:00,260,32.8347,32.84,32.83,32.84,32.83,13
2023-08-21 19:32:00,4925,32.8459,32.84,32.86,32.86,32.83,78
2023-08-21 19:33:00,4007,32.8598,32.86,32.85,32.87,32.85,52
2023-08-21 19:34:00,2217,32.8596,32.85,32.87,32.87,32.85,49
2023-08-21 19:35:00,2293,32.8606,32.87,32.85,32.87,32.85,47
2023-08-21 19:36:00,1223,32.8547,32.85,32.85,32.86,32.85,20
2023-08-21 19:37:00,1656,32.8496,32.85,32.84,32.85,32.84,44
2023-08-21 19:38:00,2624,32.8376,32.84,32.82,32.84,32.82,51
2023-08-21 19:39:00,3408,32.8473,32.84,32.855,32.86,32.84,76
2023-08-21 19:40:00,2188,32.8725,32.87,32.88,32.88,32.86,55
2023-08-21 19:41:00,540,32.8759,32.88,32.88,32.88,32.88,16
2023-08-21 19:42:00,2931,32.8802,32.88,32.88,32.89,32.875,67
2023-08-21 19:43:00,1731,32.8819,32.88,32.89,32.89,32.88,37
2023-08-21 19:44:00,3644,32.865,32.88,32.845,32.88,32.84,50
2023-08-21 19:45:00,3238,32.8443,32.85,32.83,32.86,32.83,85
2023-08-21 19:46:00,4079,32.8206,32.82,32.83,32.83,32.81,82
2023-08-21 19:47:00,4924,32.8242,32.825,32.835,32.835,32.82,91
2023-08-21 19:48:00,3733,32.8453,32.84,32.84,32.855,32.84,78
2023-08-21 19:49:00,2967,32.832,32.835,32.835,32.84,32.83,73
2023-08-21 19:50:00,6538,32.8014,32.83,32.81,32.83,32.7898,90
2023-08-21 19:51:00,4594,32.811,32.81,32.82,32.82,32.8,75
2023-08-21 19:52:00,8651,32.8216,32.82,32.815,32.83,32.815,117
2023-08-21 19:53:00,19959,32.7939,32.805,32.8,32.82,32.78,185
2023-08-21 19:54:00,8752,32.7987,32.8,32.8,32.805,32.795,94
2023-08-21 19:55:00,12363,32.7955,32.79,32.79,32.805,32.79,129
2023-08-21 19:56:00,13000,32.7918,32.795,32.8,32.8,32.775,151
2023-08-21 19:57:00,9109,32.7865,32.795,32.785,32.795,32.78,114
2023-08-21 19:58:00,15863,32.7841,32.79,32.795,32.8,32.77,166
2023-08-21 19:59:00,29736,32.78,32.795,32.78,32.795,32.77,322
2023-08-21 20:00:00,433,32.78,32.78,32.78,32.78,32.78,4
2023-08-21 20:03:00,1790,32.78,32.78,32.78,32.78,32.78,1
2023-08-22 13:30:00,4016,32.9512,32.95,33.0,33.0,32.95,22
2023-08-22 13:32:00,101,33.0495,33.05,33.05,33.05,33.05,2
2023-08-22 13:33:00,492,32.9288,32.92,32.92,32.92,32.92,19
2023-08-22 13:34:00,391,32.9589,32.96,32.96,32.96,32.96,10
2023-08-22 13:35:00,292,32.9921,32.96,33.02,33.02,32.96,12
2023-08-22 13:36:00,105,33.0691,33.07,33.07,33.07,33.07,6
2023-08-22 13:37:00,203,33.1195,33.09,33.15,33.15,33.09,5
2023-08-22 13:38:00,1471,33.0776,33.09,33.09,33.11,33.06,28
2023-08-22 13:39:00,220,33.0271,33.02,33.02,33.02,33.02,34
2023-08-22 13:40:00,2891,32.959,33.04,32.91,33.04,32.88,91
2023-08-22 13:41:00,708,32.9261,32.93,32.92,32.93,32.92,7
2023-08-22 13:43:00,507,32.9007,32.9,32.9,32.9,32.9,8
2023-08-22 13:44:00,505,32.9793,32.94,33.0,33.0,32.94,9
2023-08-22 13:46:00,324,32.9578,32.93,32.975,32.975,32.93,4
2023-08-22 13:47:00,150,32.96,32.975,32.975,32.975,32.975,7
2023-08-22 13:48:00,232,32.9774,32.99,32.96,32.99,32.96,8
2023-08-22 13:49:00,1156,32.9611,32.96,32.97,32.97,32.96,14
2023-08-22 13:50:00,710,32.9788,32.97,32.975,33.02,32.97,9
2023-08-22 13:51:00,1011,32.9732,32.96,32.98,33.0,32.96,24
2023-08-22 13:53:00,634,32.9842,32.98,32.98,32.98,32.98,12
2023-08-22 13:54:00,134,33.0,33.0,33.0,33.0,33.0,1
2023-08-22 13:55:00,369,33.0344,33.04,33.05,33.05,33.02,7
2023-08-22 13:57:00,231,33.0193,33.015,33.0275,33.0275,33.015,6
2023-08-22 13:58:00,535,32.9841,32.99,32.96,32.99,32.96,16
2023-08-22 13:59:00,347,32.9805,32.975,32.98,32.98,32.975,9
2023-08-22 14:00:00,1664,33.001,32.97,33.05,33.05,32.97,50
2023-08-22 14:01:00,351,33.0567,33.08,33.02,33.08,33.02,9
2023-08-22 14:02:00,1381,33.0408,33.035,33.05,33.05,33.035,34
2023-08-22 14:03:00,1197,33.0492,33.05,33.055,33.055,33.04,15
2023-08-22 14:04:00,533,33.0347,33.055,33.02,33.055,33.02,11
2023-08-22 14:05:00,273,33.0147,33.01,33.01,33.01,33.01,11
2023-08-22 14:07:00,1609,33.0094,33.03,32.98,33.03,32.98,42
2023-08-22 14:08:00,587,33.0016,32.99,32.995,33.01,32.99,12
2023-08-22 14:11:00,656,32.9705,32.98,32.95,32.98,32.95,15
2023-08-22 14:12:00,2183,32.9933,32.98,33.01,33.01,32.98,40
2023-08-22 14:13:00,537,33.0197,33.02,33.02,33.02,33.02,9
2023-08-22 14:14:00,134,33.0105,33.01,33.01,33.01,33.01,5
2023-08-22 14:15:00,995,32.994,33.0,32.99,33.0,32.99,22
2023-08-22 14:16:00,228,33.0101,33.01,33.01,33.01,33.01,5
2023-08-22 14:18:00,304,32.9805,32.98,32.98,32.98,32.98,10
2023-08-22 14:19:00,112,32.9611,32.96,32.96,32.96,32.96,3
2023-08-22 14:20:00,300,32.9683,32.975,32.97,32.975,32.97,7
2023-08-22 14:21:00,728,32.9719,32.97,32.98,32.98,32.96,11
2023-08-22 14:22:00,300,32.9617,32.965,32.965,32.965,32.965,6
2023-08-22 14:23:00,890,32.9391,32.95,32.92,32.95,32.92,18
2023-08-22 14:24:00,1033,32.9359,32.94,32.92,32.95,32.92,18
2023-08-22 14:26:00,1064,32.9548,32.95,32.96,32.96,32.95,28
2023-08-22 14:28:00,1463,32.9742,32.96,32.99,32.99,32.96,19
2023-08-22 14:29:00,344,32.9873,32.99,32.99,32.99,32.99,7
2023-08-22 14:30:00,690,32.9769,32.98,32.97,32.98,32.97,15
2023-08-22 14:31:00,675,32.9722,32.98,32.97,32.98,32.97,11
2023-08-22 14:32:00,154,32.9781,32.98,32.98,32.98,32.98,6
2023-08-22 14:33:00,1066,32.9541,32.96,32.94,32.965,32.94,24
2023-08-22 14:34:00,1351,32.9552,32.95,32.97,32.97,32.94,30
2023-08-22 14:35:00,1035,32.9889,32.98,33.0,33.0,32.98,14
2023-08-22 14:36:00,690,32.9859,32.99,32.98,32.99,32.98,15
2023-08-22 14:37:00,425,32.9728,32.97,32.98,32.98,32.97,10
2023-08-22 14:39:00,5302,32.9653,32.96,32.98,32.98,32.95,25
2023-08-22 14:40:00,3591,32.9674,32.975,32.975,32.98,32.96,51
2023-08-22 14:41:00,1804,32.9717,32.97,32.96,32.98,32.96,26
2023-08-22 14:42:00,761,32.9472,32.96,32.94,32.96,32.94,19
2023-08-22 14:43:00,326,32.9292,32.94,32.92,32.94,32.92,5
2023-08-22 14:44:00,300,32.9417,32.9301,32.9301,32.9301,32.9301,2
2023-08-22 14:45:00,587,32.928,32.92,32.92,32.92,32.92,17
2023-08-22 14:46:00,878,32.9445,32.94,32.95,32.95,32.94,35
2023-08-22 14:48:00,390,32.9603,32.96,32.96,32.96,32.96,7
2023-08-22 14:49:00,609,32.9642,32.95,32.96,32.9698,32.95,5
2023-08-22 14:50:00,106,32.9606,32.96,32.96,32.96,32.96,2
2023-08-22 14:51:00,464,32.95,32.95,32.95,32.95,32.95,12
2023-08-22 14:53:00,970,32.9598,32.96,32.96,32.96,32.96,18
2023-08-22 14:54:00,897,32.9701,32.96,32.98,32.98,32.96,13
2023-08-22 14:55:00,816,32.98,32.98,32.98,32.98,32.98,16
2023-08-22 14:56:00,428,32.9838,32.98,32.985,32.985,32.98,7
2023-08-22 14:57:00,2156,32.9683,32.98,32.94,32.98,32.94,50
2023-08-22 14:58:00,376,32.9313,32.93,32.92,32.93,32.92,14
2023-08-22 15:00:00,1142,32.9398,32.94,32.93,32.94,32.93,17
2023-08-22 15:01:00,742,32.95,32.95,32.95,32.95,32.95,18
2023-08-22 15:02:00,1053,32.935,32.93,32.94,32.94,32.93,23
2023-08-22 15:03:00,919,32.9264,32.93,32.93,32.93,32.92,15
2023-08-22 15:05:00,319,32.8988,32.9,32.89,32.9,32.89,3
2023-08-22 15:06:00,499,32.9022,32.89,32.91,32.91,32.89,9
2023-08-22 15:07:00,1219,32.8957,32.9,32.9,32.9,32.89,37
2023-08-22 15:08:00,312,32.92,32.92,32.92,32.92,32.92,3
2023-08-22 15:09:00,952,32.9083,32.91,32.91,32.91,32.91,15
2023-08-22 15:10:00,426,32.8941,32.89,32.895,32.895,32.89,8
2023-08-22 15:11:00,1947,32.9,32.89,32.92,32.92,32.89,43
2023-08-22 15:12:00,2069,32.9383,32.92,32.96,32.96,32.92,42
2023-08-22 15:13:00,977,32.9701,32.96,32.98,32.98,32.96,16
2023-08-22 15:14:00,2662,32.9513,32.97,32.93,32.97,32.93,41
2023-08-22 15:15:00,1201,32.9267,32.94,32.91,32.94,32.91,29
2023-08-22 15:16:00,1232,32.9219,32.9,32.93,32.93,32.9,22
2023-08-22 15:18:00,914,32.9299,32.94,32.92,32.94,32.92,15
2023-08-22 15:19:00,701,32.9336,32.94,32.93,32.94,32.93,14
2023-08-22 15:21:00,345,32.9308,32.93,32.93,32.93,32.93,10
2023-08-22 15:22:00,618,32.9347,32.93,32.95,32.95,32.93,27
2023-08-22 15:23:00,651,32.95,32.95,32.95,32.95,32.95,19
2023-08-22 15:24:00,304,32.9596,32.96,32.96,32.96,32.96,4
2023-08-22 15:25:00,1168,32.9688,32.96,32.98,32.98,32.96,24
2023-08-22 15:26:00,1749,32.9807,32.98,32.96,32.99,32.96,25
2023-08-22 15:27:00,807,32.9645,32.96,32.97,32.97,32.96,13
2023-08-22 15:28:00,204,32.951,32.95,32.95,32.95,32.95,7
2023-08-22 15:29:00,914,32.9302,32.94,32.92,32.94,32.92,16
2023-08-22 15:31:00,707,32.8987,32.9,32.91,32.91,32.89,5
2023-08-22 15:33:00,247,32.9021,32.9,32.9,32.9,32.9,5
2023-08-22 15:35:00,133,32.9082,32.91,32.91,32.91,32.91,3
2023-08-22 15:36:00,100,32.92,32.92,32.92,32.92,32.92,1
2023-08-22 15:37:00,120,32.8933,32.89,32.89,32.89,32.89,4
2023-08-22 15:39:00,589,32.8857,32.89,32.87,32.89,32.87,15
2023-08-22 15:40:00,392,32.8744,32.87,32.87,32.87,32.87,8
2023-08-22 15:41:00,1516,32.8839,32.88,32.89,32.89,32.88,41
2023-08-22 15:42:00,2304,32.8919,32.9,32.89,32.9,32.88,39
2023-08-22 15:43:00,117,32.893,32.895,32.895,32.895,32.895,3
2023-08-22 15:44:00,1005,32.8878,32.88,32.9,32.9,32.88,22
2023-08-22 15:48:00,300,32.86,32.86,32.86,32.86,32.86,2
2023-08-22 15:49:00,876,32.8596,32.86,32.86,32.86,32.86,24
2023-08-22 15:50:00,1357,32.8636,32.86,32.87,32.87,32.86,35
2023-08-22 15:52:00,253,32.8604,32.86,32.86,32.86,32.86,7
2023-08-22 15:53:00,546,32.8433,32.855,32.84,32.855,32.84,9
2023-08-22 15:54:00,336,32.8566,32.86,32.86,32.86,32.86,5
2023-08-22 15:57:00,271,32.8501,32.85,32.85,32.85,32.85,12
2023-08-22 15:58:00,962,32.8554,32.84,32.86,32.86,32.84,19
2023-08-22 15:59:00,818,32.8651,32.87,32.86,32.87,32.86,14
2023-08-22 16:00:00,406,32.8649,32.87,32.87,32.87,32.87,6
2023-08-22 16:01:00,398,32.856,32.86,32.85,32.86,32.85,18
2023-08-22 16:03:00,100,32.845,32.845,32.845,32.845,32.845,1
2023-08-22 16:04:00,228,32.8352,32.83,32.83,32.83,32.83,7
2023-08-22 16:07:00,184,32.8182,32.825,32.825,32.825,32.825,2
2023-08-22 16:08:00,113,32.8114,32.81,32.81,32.81,32.81,3
2023-08-22 16:11:00,892,32.8178,32.82,32.81,32.82,32.81,13
2023-08-22 16:12:00,270,32.82,32.82,32.82,32.82,32.82,7
2023-08-22 16:13:00,844,32.81,32.81,32.81,32.81,32.81,13
2023-08-22 16:14:00,1197,32.8063,32.81,32.8,32.81,32.8,18
2023-08-22 16:15:00,234,32.8095,32.805,32.805,32.805,32.805,4
2023-08-22 16:16:00,155,32.7977,32.79,32.79,32.79,32.79,3
2023-08-22 16:18:00,1308,32.8205,32.82,32.82,32.825,32.82,29
2023-08-22 16:19:00,1249,32.8316,32.825,32.83,32.84,32.825,28
2023-08-22 16:22:00,686,32.8198,32.82,32.82,32.82,32.82,15
2023-08-22 16:23:00,328,32.8106,32.81,32.81,32.81,32.81,9
2023-08-22 16:24:00,778,32.8132,32.81,32.81,32.81,32.81,15
2023-08-22 16:25:00,1818,32.8395,32.83,32.86,32.86,32.83,41
2023-08-22 16:26:00,763,32.8535,32.86,32.86,32.86,32.86,18
2023-08-22 16:27:00,102,32.86,32.86,32.86,32.86,32.86,3
2023-08-22 16:28:00,3028,32.8644,32.855,32.8699,32.87,32.855,17
2023-08-22 16:29:00,1532,32.8885,32.87,32.91,32.91,32.87,25
2023-08-22 16:30:00,483,32.9138,32.92,32.92,32.92,32.92,12
2023-08-22 16:31:00,127,32.9279,32.93,32.93,32.93,32.93,3
2023-08-22 16:32:00,196,32.923,32.93,32.93,32.93,32.93,6
2023-08-22 16:33:00,1051,32.901,32.9,32.89,32.9,32.89,30
2023-08-22 16:34:00,334,32.8974,32.915,32.915,32.915,32.915,10
2023-08-22 16:35:00,221,32.891,32.89,32.89,32.89,32.89,6
2023-08-22 16:40:00,1343,32.8888,32.8908,32.88,32.8908,32.88,27
2023-08-22 16:41:00,1337,32.8968,32.89,32.91,32.91,32.89,37
2023-08-22 16:43:00,106,32.91,32.91,32.91,32.91,32.91,3
2023-08-22 16:44:00,302,32.9033,32.91,32.895,32.91,32.895,5
2023-08-22 16:46:00,208,32.905,32.91,32.9005,32.91,32.9005,3
2023-08-22 16:47:00,109,32.8906,32.89,32.89,32.89,32.89,3
2023-08-22 16:48:00,531,32.91,32.91,32.91,32.91,32.91,9
2023-08-22 16:49:00,561,32.9069,32.91,32.92,32.92,32.9,13
2023-08-22 16:50:00,350,32.9134,32.92,32.92,32.92,32.92,8
2023-08-22 16:51:00,741,32.9192,32.92,32.92,32.92,32.92,19
2023-08-22 16:52:00,844,32.9291,32.93,32.93,32.93,32.93,18
2023-08-22 16:53:00,538,32.9391,32.94,32.94,32.94,32.94,9
2023-08-22 16:54:00,142,32.937,32.94,32.94,32.94,32.94,4
2023-08-22 16:55:00,1528,32.9209,32.92,32.92,32.92,32.92,30
2023-08-22 16:56:00,296,32.9243,32.92,32.92,32.92,32.92,6
2023-08-22 16:57:00,250,32.9262,32.93,32.93,32.93,32.93,3
2023-08-22 16:58:00,589,32.9333,32.93,32.94,32.94,32.93,20
2023-08-22 16:59:00,3334,32.9219,32.935,32.91,32.935,32.91,49
2023-08-22 17:00:00,739,32.91,32.91,32.91,32.91,32.91,20
2023-08-22 17:01:00,2556,32.8894,32.9,32.87,32.91,32.87,36
2023-08-22 17:02:00,1759,32.8705,32.86,32.88,32.88,32.86,41
2023-08-22 17:03:00,1309,32.8908,32.89,32.9,32.9,32.88,25
2023-08-22 17:04:00,444,32.9068,32.91,32.91,32.91,32.9,6
2023-08-22 17:05:00,890,32.914,32.91,32.92,32.92,32.91,28
2023-08-22 17:06:00,1212,32.8875,32.89,32.89,32.89,32.89,16
2023-08-22 17:07:00,104,32.8796,32.88,32.88,32.88,32.88,3
2023-08-22 17:08:00,517,32.8878,32.885,32.89,32.89,32.885,9
2023-08-22 17:09:00,1231,32.899,32.9,32.9,32.9,32.9,23
2023-08-22 17:10:00,3026,32.8958,32.9,32.87,32.9,32.87,48
2023-08-22 17:11:00,987,32.8867,32.87,32.89,32.9,32.87,23
2023-08-22 17:12:00,569,32.8945,32.9,32.9,32.9,32.89,10
2023-08-22 17:13:00,904,32.8911,32.9,32.89,32.9,32.89,12
2023-08-22 17:14:00,222,32.8857,32.885,32.885,32.885,32.885,5
2023-08-22 17:15:00,314,32.87,32.87,32.87,32.87,32.87,6
2023-08-22 17:16:00,929,32.8755,32.88,32.86,32.88,32.86,7
2023-08-22 17:18:00,1598,32.8593,32.85,32.87,32.87,32.85,35
2023-08-22 17:19:00,527,32.8789,32.88,32.88,32.88,32.88,11
2023-08-22 17:21:00,551,32.8769,32.88,32.88,32.88,32.8715,6
2023-08-22 17:22:00,364,32.8715,32.88,32.8677,32.88,32.8677,5
2023-08-22 17:24:00,552,32.8727,32.88,32.86,32.88,32.86,6
2023-08-22 17:25:00,642,32.88,32.88,32.88,32.88,32.88,14
2023-08-22 17:26:00,2534,32.8942,32.89,32.88,32.9,32.88,41
2023-08-22 17:27:00,605,32.8786,32.88,32.875,32.88,32.875,13
2023-08-22 17:28:00,806,32.887,32.88,32.89,32.89,32.88,11
2023-08-22 17:29:00,1770,32.8794,32.9,32.87,32.9,32.87,20
2023-08-22 17:30:00,334,32.87,32.87,32.87,32.87,32.87,12
2023-08-22 17:31:00,512,32.8626,32.86,32.85,32.86,32.85,11
2023-08-22 17:32:00,413,32.85,32.85,32.85,32.85,32.85,10
2023-08-22 17:33:00,1393,32.8435,32.84,32.85,32.85,32.83,21
2023-08-22 17:34:00,387,32.84,32.84,32.84,32.84,32.84,6
2023-08-22 17:35:00,1026,32.8429,32.84,32.84,32.85,32.84,20
2023-08-22 17:36:00,1409,32.83,32.83,32.83,32.84,32.83,21
2023-08-22 17:37:00,251,32.82,32.82,32.82,32.82,32.82,4
2023-08-22 17:38:00,973,32.8044,32.81,32.81,32.81,32.81,22
2023-08-22 17:39:00,607,32.8066,32.8,32.81,32.81,32.8,8
2023-08-22 17:41:00,995,32.812,32.81,32.81,32.82,32.81,15
2023-08-22 17:42:00,1855,32.8218,32.82,32.82,32.83,32.82,35
2023-08-22 17:43:00,908,32.8054,32.81,32.79,32.81,32.79,15
2023-08-22 17:44:00,717,32.8139,32.81,32.81,32.82,32.81,14
2023-08-22 17:45:00,350,32.81,32.81,32.81,32.81,32.81,14
2023-08-22 17:46:00,1826,32.8113,32.81,32.81,32.82,32.81,27
2023-08-22 17:47:00,3471,32.7653,32.78,32.76,32.78,32.75,58
2023-08-22 17:48:00,8497,32.7442,32.76,32.75,32.76,32.73,71
2023-08-22 17:49:00,1514,32.7652,32.76,32.77,32.77,32.76,19
2023-08-22 17:50:00,956,32.77,32.77,32.77,32.77,32.77,18
2023-08-22 17:51:00,1085,32.779,32.78,32.78,32.78,32.77,16
2023-08-22 17:52:00,997,32.7708,32.78,32.78,32.78,32.77,7
2023-08-22 17:53:00,797,32.7879,32.79,32.79,32.795,32.79,12
2023-08-22 17:54:00,1278,32.7975,32.785,32.8,32.8,32.785,17
2023-08-22 17:55:00,1175,32.7992,32.8,32.8,32.8,32.8,20
2023-08-22 17:56:00,1465,32.7839,32.79,32.77,32.8,32.77,32
2023-08-22 17:57:00,847,32.7833,32.78,32.79,32.79,32.78,13
2023-08-22 17:58:00,301,32.785,32.785,32.785,32.785,32.785,4
2023-08-22 17:59:00,776,32.788,32.785,32.79,32.79,32.785,15
2023-08-22 18:00:00,1163,32.7904,32.795,32.79,32.795,32.79,22
2023-08-22 18:01:00,2505,32.7902,32.78,32.8,32.8,32.775,55
2023-08-22 18:02:00,2979,32.8063,32.8,32.81,32.81,32.8,57
2023-08-22 18:03:00,2024,32.8108,32.82,32.81,32.82,32.8,33
2023-08-22 18:04:00,1808,32.8172,32.82,32.81,32.82,32.81,32
2023-08-22 18:05:00,884,32.8211,32.825,32.82,32.83,32.82,18
2023-08-22 18:06:00,208,32.8104,32.81,32.81,32.81,32.81,3
2023-08-22 18:07:00,300,32.82,32.82,32.82,32.82,32.82,3
2023-08-22 18:08:00,4653,32.8145,32.82,32.815,32.83,32.81,73
2023-08-22 18:09:00,236,32.8151,32.815,32.815,32.815,32.815,3
2023-08-22 18:10:00,647,32.8175,32.82,32.82,32.82,32.82,17
2023-08-22 18:11:00,2054,32.8063,32.82,32.8,32.82,32.8,44
2023-08-22 18:12:00,1079,32.8018,32.79,32.8,32.81,32.79,24
2023-08-22 18:13:00,629,32.808,32.81,32.81,32.81,32.8,14
2023-08-22 18:14:00,1420,32.8072,32.8,32.81,32.81,32.8,36
2023-08-22 18:15:00,1211,32.8272,32.83,32.83,32.83,32.82,30
2023-08-22 18:16:00,664,32.8279,32.83,32.83,32.83,32.83,12
2023-08-22 18:17:00,2123,32.8092,32.82,32.79,32.82,32.79,36
2023-08-22 18:18:00,119,32.795,32.795,32.795,32.795,32.795,3
2023-08-22 18:19:00,683,32.7884,32.77,32.8,32.8,32.77,15
2023-08-22 18:21:00,383,32.7948,32.79,32.8,32.8,32.79,10
2023-08-22 18:22:00,1351,32.8022,32.8,32.8,32.81,32.8,36
2023-08-22 18:23:00,432,32.8039,32.8,32.795,32.81,32.795,8
2023-08-22 18:24:00,300,32.8068,32.81,32.81,32.81,32.81,3
2023-08-22 18:25:00,2098,32.8042,32.81,32.8,32.81,32.8,39
2023-08-22 18:26:00,1034,32.7904,32.79,32.79,32.79,32.79,10
2023-08-22 18:27:00,1379,32.8044,32.8,32.805,32.81,32.8,31
2023-08-22 18:28:00,1052,32.8072,32.81,32.805,32.82,32.8019,19
2023-08-22 18:29:00,494,32.807,32.805,32.81,32.81,32.805,7
2023-08-22 18:30:00,4144,32.8,32.805,32.785,32.81,32.78,68
2023-08-22 18:31:00,692,32.8,32.8,32.8,32.8,32.8,18
2023-08-22 18:32:00,2230,32.8145,32.81,32.81,32.815,32.81,8
2023-08-22 18:33:00,1275,32.8167,32.82,32.83,32.83,32.81,20
2023-08-22 18:34:00,666,32.8316,32.83,32.83,32.83,32.83,15
2023-08-22 18:35:00,351,32.846,32.855,32.86,32.86,32.855,5
2023-08-22 18:36:00,447,32.856,32.86,32.86,32.86,32.86,18
2023-08-22 18:37:00,2012,32.8388,32.86,32.815,32.86,32.815,39
2023-08-22 18:39:00,905,32.83,32.83,32.83,32.83,32.83,26
2023-08-22 18:40:00,818,32.8218,32.83,32.82,32.83,32.82,20
2023-08-22 18:41:00,1436,32.8233,32.82,32.83,32.83,32.82,26
2023-08-22 18:42:00,102,32.84,32.84,32.84,32.84,32.84,2
2023-08-22 18:43:00,1243,32.8201,32.82,32.815,32.83,32.815,26
2023-08-22 18:44:00,822,32.8249,32.82,32.83,32.83,32.82,17
2023-08-22 18:45:00,854,32.8282,32.84,32.82,32.84,32.82,17
2023-08-22 18:47:00,627,32.8216,32.825,32.82,32.825,32.82,6
2023-08-22 18:48:00,1404,32.8171,32.815,32.81,32.82,32.81,44
2023-08-22 18:49:00,871,32.8306,32.83,32.825,32.83,32.825,26
2023-08-22 18:50:00,178,32.8308,32.83,32.83,32.83,32.83,8
2023-08-22 18:51:00,346,32.8397,32.84,32.84,32.84,32.84,5
2023-08-22 18:52:00,446,32.8456,32.85,32.85,32.85,32.85,20
2023-08-22 18:53:00,1686,32.8371,32.84,32.86,32.86,32.83,29
2023-08-22 18:54:00,373,32.8475,32.85,32.86,32.86,32.85,7
2023-08-22 18:55:00,435,32.8477,32.85,32.84,32.85,32.84,9
2023-08-22 18:56:00,1417,32.8544,32.85,32.86,32.86,32.85,40
2023-08-22 18:57:00,2999,32.8672,32.87,32.85,32.875,32.85,55
2023-08-22 18:58:00,200,32.8575,32.855,32.86,32.86,32.855,2
2023-08-22 18:59:00,360,32.8632,32.86,32.86,32.87,32.86,18
2023-08-22 19:00:00,2163,32.8847,32.875,32.9,32.9,32.875,23
2023-08-22 19:02:00,2689,32.8784,32.89,32.87,32.9,32.87,40
2023-08-22 19:03:00,246,32.88,32.88,32.88,32.88,32.88,2
2023-08-22 19:04:00,819,32.8824,32.89,32.89,32.89,32.87,15
2023-08-22 19:05:00,436,32.885,32.88,32.88,32.88,32.88,20
2023-08-22 19:06:00,2453,32.8851,32.88,32.9,32.9,32.87,41
2023-08-22 19:07:00,451,32.89,32.895,32.895,32.895,32.88,6
2023-08-22 19:08:00,639,32.9102,32.91,32.91,32.91,32.91,13
2023-08-22 19:09:00,888,32.9084,32.91,32.91,32.91,32.9,20
2023-08-22 19:10:00,400,32.9034,32.91,32.91,32.91,32.9,4
2023-08-22 19:11:00,383,32.91,32.91,32.91,32.91,32.91,9
2023-08-22 19:12:00,218,32.908,32.91,32.905,32.91,32.905,6
2023-08-22 19:14:00,330,32.9107,32.9,32.92,32.92,32.9,4
2023-08-22 19:15:00,2721,32.9208,32.9,32.935,32.935,32.9,42
2023-08-22 19:16:00,2633,32.9283,32.94,32.93,32.94,32.92,49
2023-08-22 19:18:00,680,32.9352,32.94,32.93,32.94,32.93,8
2023-08-22 19:19:00,122,32.935,32.935,32.935,32.935,32.935,3
2023-08-22 19:20:00,1042,32.9331,32.93,32.94,32.94,32.93,22
2023-08-22 19:21:00,4060,32.9202,32.94,32.91,32.94,32.91,39
2023-08-22 19:22:00,1192,32.9105,32.91,32.905,32.92,32.905,18
2023-08-22 19:23:00,353,32.9126,32.92,32.92,32.92,32.92,14
2023-08-22 19:24:00,429,32.9119,32.905,32.905,32.905,32.905,8
2023-08-22 19:25:00,690,32.8928,32.89,32.905,32.905,32.89,16
2023-08-22 19:26:00,790,32.907,32.905,32.905,32.9075,32.905,10
2023-08-22 19:27:00,2349,32.8888,32.905,32.87,32.905,32.87,45
2023-08-22 19:28:00,783,32.8806,32.88,32.87,32.89,32.87,13
2023-08-22 19:29:00,251,32.8871,32.89,32.89,32.89,32.89,7
2023-08-22 19:30:00,2914,32.8676,32.88,32.85,32.88,32.85,54
2023-08-22 19:31:00,512,32.852,32.85,32.84,32.85,32.84,12
2023-08-22 19:32:00,774,32.8442,32.84,32.84,32.84,32.84,20
2023-08-22 19:33:00,1692,32.8309,32.84,32.83,32.84,32.83,42
2023-08-22 19:34:00,877,32.8138,32.8225,32.81,32.8225,32.81,21
2023-08-22 19:35:00,949,32.7971,32.8,32.8,32.8,32.79,24
2023-08-22 19:36:00,2136,32.809,32.81,32.8,32.81,32.8,58
2023-08-22 19:37:00,2439,32.8062,32.8,32.81,32.81,32.8,43
2023-08-22 19:38:00,1201,32.8181,32.815,32.81,32.82,32.81,18
2023-08-22 19:39:00,576,32.8043,32.8,32.81,32.81,32.8,9
2023-08-22 19:40:00,1094,32.8054,32.81,32.805,32.81,32.805,20
2023-08-22 19:41:00,887,32.8045,32.8,32.805,32.81,32.8,15
2023-08-22 19:42:00,874,32.8036,32.8044,32.805,32.805,32.8,15
2023-08-22 19:43:00,2919,32.8089,32.81,32.805,32.815,32.805,61
2023-08-22 19:44:00,825,32.8049,32.805,32.805,32.805,32.805,11
2023-08-22 19:45:00,3533,32.8036,32.805,32.805,32.81,32.8,74
2023-08-22 19:46:00,4289,32.8077,32.805,32.8,32.81,32.8,84
2023-08-22 19:47:00,2071,32.8077,32.805,32.81,32.81,32.8,53
2023-08-22 19:48:00,5020,32.8028,32.81,32.795,32.81,32.785,73
2023-08-22 19:49:00,4125,32.8046,32.795,32.81,32.815,32.795,61
2023-08-22 19:50:00,10189,32.8195,32.81,32.81,32.84,32.8,124
2023-08-22 19:51:00,2085,32.8082,32.805,32.81,32.81,32.8,42
2023-08-22 19:52:00,7005,32.7998,32.805,32.79,32.81,32.78,79
2023-08-22 19:53:00,2564,32.7906,32.79,32.79,32.795,32.785,34
2023-08-22 19:54:00,4831,32.8018,32.795,32.8,32.81,32.795,71
2023-08-22 19:55:00,6757,32.8095,32.8,32.81,32.82,32.8,101
2023-08-22 19:56:00,6615,32.8083,32.81,32.7925,32.815,32.7925,86
2023-08-22 19:57:00,8776,32.78,32.79,32.78,32.79,32.77,116
2023-08-22 19:58:00,16029,32.7773,32.78,32.78,32.79,32.7625,140
2023-08-22 19:59:00,24912,32.7759,32.79,32.77,32.8,32.75,242
2023-08-23 13:30:00,2488,32.9491,32.95,32.925,32.95,32.925,9
2023-08-23 13:34:00,114,32.9234,32.91,32.91,32.91,32.91,3
2023-08-23 13:35:00,300,32.9433,32.93,32.97,32.97,32.93,4
2023-08-23 13:36:00,313,32.965,32.97,32.96,32.97,32.96,7
2023-08-23 13:37:00,1495,32.9588,32.96,32.96,32.96,32.96,26
2023-08-23 13:39:00,1056,32.9159,32.91,32.9,32.93,32.9,22
2023-08-23 13:41:00,1827,32.945,32.95,32.93,32.95,32.92,31
2023-08-23 13:42:00,659,32.939,32.92,32.92,32.92,32.92,31
2023-08-23 13:43:00,217,32.9948,32.99,32.99,32.99,32.99,15
2023-08-23 13:44:00,27143,32.9495,32.95,32.94,32.95,32.94,26
2023-08-23 13:45:00,1427,33.0192,32.96,33.05,33.05,32.96,44
2023-08-23 13:46:00,607,32.988,32.99,32.98,32.99,32.98,27
2023-08-23 13:47:00,817,33.0106,33.02,33.03,33.03,33.02,27
2023-08-23 13:48:00,1105,33.0249,33.01,33.02,33.05,32.9764,30
2023-08-23 13:49:00,447,33.0064,33.005,33.005,33.005,33.005,19
2023-08-23 13:50:00,548,32.9911,32.99,32.995,32.995,32.99,20
2023-08-23 13:51:00,1351,32.9587,32.95,32.94,32.97,32.94,38
2023-08-23 13:52:00,582,32.9136,32.91,32.89,32.91,32.89,16
2023-08-23 13:53:00,115,32.8817,32.885,32.885,32.885,32.885,2
2023-08-23 13:54:00,1131,32.8946,32.89,32.94,32.94,32.86,35
2023-08-23 13:55:00,912,32.9556,32.94,32.99,32.99,32.94,33
2023-08-23 13:56:00,961,33.0002,33.0,33.01,33.02,33.0,25
2023-08-23 13:58:00,1141,33.0156,33.02,33.02,33.04,33.02,29
2023-08-23 13:59:00,243,33.0049,33.005,33.005,33.005,33.005,5
2023-08-23 14:00:00,538,33.0398,33.03,33.04,33.04,33.03,24
2023-08-23 14:01:00,618,33.0442,33.06,33.06,33.06,33.06,14
2023-08-23 14:02:00,567,33.034,33.04,33.04,33.04,33.04,17
2023-08-23 14:04:00,768,33.0422,33.04,33.05,33.05,33.02,21
2023-08-23 14:05:00,525,33.0367,33.03,33.03,33.03,33.03,11
2023-08-23 14:06:00,984,33.0643,33.07,33.06,33.07,33.06,33
2023-08-23 14:07:00,26529,33.0505,33.05,33.04,33.07,33.04,52
2023-08-23 14:08:00,1170,33.0484,33.03,33.05,33.06,33.03,32
2023-08-23 14:09:00,1303,33.0461,33.045,33.05,33.05,33.03,41
2023-08-23 14:11:00,1174,33.0654,33.07,33.05,33.07,33.05,15
2023-08-23 14:12:00,1100,33.0571,33.06,33.05,33.06,33.05,28
2023-08-23 14:13:00,200,33.0475,33.055,33.04,33.055,33.04,2
2023-08-23 14:14:00,725,33.07,33.07,33.07,33.07,33.07,8
2023-08-23 14:15:00,561,33.0692,33.07,33.06,33.07,33.06,25
2023-08-23 14:16:00,698,33.0787,33.08,33.0899,33.0899,33.07,12
2023-08-23 14:17:00,1875,33.0397,33.06,33.03,33.06,33.01,41
2023-08-23 14:18:00,562,33.0462,33.05,33.04,33.05,33.04,17
2023-08-23 14:19:00,863,33.0592,33.07,33.055,33.07,33.055,27
2023-08-23 14:20:00,781,33.0486,33.055,33.04,33.055,33.04,22
2023-08-23 14:21:00,375,33.0445,33.03,33.05,33.05,33.03,9
2023-08-23 14:22:00,1386,33.0465,33.04,33.07,33.07,33.03,32
2023-08-23 14:23:00,200,33.055,33.055,33.055,33.055,33.055,2
2023-08-23 14:24:00,584,33.0749,33.08,33.07,33.08,33.07,13
2023-08-23 14:25:00,652,33.0625,33.06,33.06,33.06,33.06,17
2023-08-23 14:26:00,332,33.0599,33.06,33.06,33.06,33.06,9
2023-08-23 14:27:00,310,33.0552,33.055,33.055,33.055,33.055,3
2023-08-23 14:28:00,1159,33.0616,33.07,33.05,33.07,33.05,18
2023-08-23 14:29:00,1392,33.051,33.05,33.05,33.06,33.05,20
2023-08-23 14:30:00,767,33.05,33.05,33.05,33.05,33.05,13
2023-08-23 14:31:00,1246,33.062,33.06,33.06,33.06,33.06,30
2023-08-23 14:32:00,442,33.0623,33.06,33.06,33.07,33.06,9
2023-08-23 14:33:00,1201,33.0681,33.06,33.08,33.08,33.05,18
2023-08-23 14:34:00,1549,33.0664,33.06,33.08,33.08,33.06,46
2023-08-23 14:35:00,902,33.0799,33.08,33.08,33.08,33.075,16
2023-08-23 14:36:00,795,33.0949,33.09,33.1,33.1,33.09,27
2023-08-23 14:37:00,1252,33.0881,33.11,33.07,33.11,33.07,31
2023-08-23 14:38:00,870,33.0599,33.06,33.06,33.07,33.06,17
2023-08-23 14:40:00,925,33.0799,33.07,33.09,33.09,33.07,26
2023-08-23 14:41:00,403,33.0967,33.1,33.1,33.1,33.1,10
2023-08-23 14:44:00,1514,33.1057,33.11,33.09,33.12,33.09,33
2023-08-23 14:45:00,472,33.0898,33.09,33.09,33.09,33.09,18
2023-08-23 14:46:00,648,33.1142,33.115,33.13,33.13,33.115,24
2023-08-23 14:47:00,680,33.1311,33.13,33.13,33.13,33.13,10
2023-08-23 14:48:00,258,33.1229,33.13,33.13,33.13,33.13,10
2023-08-23 14:49:00,946,33.1491,33.14,33.1588,33.16,33.14,28
2023-08-23 14:50:00,871,33.1502,33.15,33.15,33.15,33.15,18
2023-08-23 14:51:00,1245,33.1471,33.15,33.135,33.16,33.135,22
2023-08-23 14:53:00,893,33.1232,33.125,33.12,33.13,33.12,25
2023-08-23 14:54:00,595,33.0992,33.11,33.08,33.11,33.08,15
2023-08-23 14:55:00,904,33.0772,33.08,33.08,33.08,33.06,13
2023-08-23 14:56:00,588,33.1003,33.1,33.1,33.11,33.1,20
2023-08-23 14:57:00,929,33.1145,33.11,33.12,33.12,33.11,18
2023-08-23 14:58:00,671,33.1356,33.13,33.14,33.14,33.13,10
2023-08-23 14:59:00,668,33.1512,33.15,33.16,33.16,33.14,13
2023-08-23 15:00:00,2958,33.1554,33.16,33.15,33.168,33.14,39
2023-08-23 15:01:00,1570,33.1507,33.15,33.16,33.16,33.14,26
2023-08-23 15:02:00,2540,33.1581,33.16,33.15,33.16,33.15,30
2023-08-23 15:03:00,716,33.1303,33.13,33.13,33.13,33.13,24
2023-08-23 15:04:00,2253,33.1301,33.1294,33.14,33.14,33.12,36
2023-08-23 15:05:00,337,33.1468,33.15,33.15,33.15,33.15,6
2023-08-23 15:07:00,247,33.1649,33.16,33.17,33.17,33.16,3
2023-08-23 15:08:00,1061,33.141,33.15,33.13,33.15,33.13,33
2023-08-23 15:09:00,2716,33.1477,33.15,33.15,33.16,33.14,23
2023-08-23 15:10:00,1259,33.1382,33.13,33.15,33.15,33.13,36
2023-08-23 15:11:00,712,33.1365,33.13,33.145,33.145,33.13,10
2023-08-23 15:12:00,1105,33.155,33.16,33.15,33.16,33.15,11
2023-08-23 15:13:00,245,33.1268,33.125,33.125,33.125,33.125,3
2023-08-23 15:17:00,1123,33.1255,33.14,33.1206,33.14,33.1206,24
2023-08-23 15:18:00,955,33.1323,33.13,33.13,33.13,33.13,22
2023-08-23 15:19:00,705,33.1428,33.14,33.15,33.15,33.14,9
2023-08-23 15:20:00,1322,33.1485,33.1507,33.14,33.1507,33.14,25
2023-08-23 15:22:00,773,33.1191,33.12,33.12,33.12,33.12,14
2023-08-23 15:23:00,555,33.1177,33.115,33.115,33.115,33.115,14
2023-08-23 15:24:00,784,33.1282,33.12,33.14,33.14,33.12,16
2023-08-23 15:25:00,171,33.14,33.14,33.14,33.14,33.14,6
2023-08-23 15:26:00,955,33.1414,33.14,33.13,33.15,33.13,15
2023-08-23 15:27:00,4785,33.1563,33.15,33.15,33.16,33.145,35
2023-08-23 15:28:00,2772,33.1569,33.14,33.19,33.19,33.14,26
2023-08-23 15:29:00,2392,33.173,33.17,33.17,33.18,33.17,41
2023-08-23 15:30:00,3736,33.1653,33.17,33.16,33.17,33.16,32
2023-08-23 15:31:00,1467,33.1721,33.16,33.18,33.18,33.16,17
2023-08-23 15:32:00,2094,33.1808,33.18,33.17,33.19,33.17,36
2023-08-23 15:33:00,187,33.1678,33.17,33.17,33.17,33.17,4
2023-08-23 15:35:00,1089,33.1464,33.15,33.15,33.15,33.14,24
2023-08-23 15:36:00,1289,33.1558,33.1599,33.16,33.16,33.1444,21
2023-08-23 15:37:00,470,33.1543,33.15,33.15,33.16,33.15,5
2023-08-23 15:38:00,1405,33.1508,33.15,33.15,33.15,33.15,19
2023-08-23 15:39:00,720,33.1609,33.155,33.16,33.16,33.155,8
2023-08-23 15:40:00,301,33.155,33.155,33.155,33.155,33.155,3
2023-08-23 15:41:00,571,33.1591,33.155,33.16,33.16,33.155,14
2023-08-23 15:42:00,580,33.1572,33.16,33.16,33.16,33.15,11
2023-08-23 15:43:00,317,33.1663,33.165,33.165,33.165,33.165,8
2023-08-23 15:44:00,1643,33.1798,33.17,33.18,33.19,33.17,29
2023-08-23 15:45:00,1094,33.197,33.2,33.2,33.2,33.2,17
2023-08-23 15:46:00,383,33.1946,33.2,33.2,33.2,33.2,9
2023-08-23 15:47:00,12535,33.1769,33.19,33.185,33.2,33.16,147
2023-08-23 15:48:00,1978,33.2007,33.2,33.205,33.21,33.19,28
2023-08-23 15:49:00,504,33.21,33.21,33.21,33.21,33.21,7
2023-08-23 15:52:00,2241,33.2248,33.22,33.2377,33.2377,33.22,24
2023-08-23 15:53:00,553,33.2366,33.24,33.245,33.245,33.24,7
2023-08-23 15:54:00,3293,33.2254,33.245,33.225,33.245,33.21,44
2023-08-23 15:55:00,1623,33.2304,33.24,33.22,33.24,33.22,25
2023-08-23 15:56:00,171,33.22,33.22,33.22,33.22,33.22,3
2023-08-23 15:57:00,951,33.2419,33.23,33.23,33.25,33.23,20
2023-08-23 15:58:00,251,33.25,33.25,33.25,33.25,33.25,5
2023-08-23 15:59:00,1238,33.2504,33.245,33.25,33.26,33.245,15
2023-08-23 16:00:00,455,33.2494,33.25,33.26,33.26,33.25,5
2023-08-23 16:02:00,282,33.2559,33.26,33.26,33.26,33.26,6
2023-08-23 16:03:00,320,33.2569,33.26,33.26,33.26,33.25,4
2023-08-23 16:04:00,3225,33.25,33.26,33.2425,33.2621,33.24,50
2023-08-23 16:05:00,1858,33.2548,33.25,33.27,33.27,33.2425,36
2023-08-23 16:07:00,1199,33.2883,33.29,33.28,33.29,33.28,25
2023-08-23 16:09:00,2881,33.2741,33.29,33.27,33.29,33.27,50
2023-08-23 16:10:00,1919,33.2828,33.27,33.285,33.29,33.27,33
2023-08-23 16:11:00,1012,33.3096,33.295,33.31,33.32,33.295,17
2023-08-23 16:12:00,1163,33.3259,33.32,33.325,33.33,33.32,17
2023-08-23 16:13:00,2413,33.321,33.34,33.32,33.34,33.31,40
2023-08-23 16:14:00,875,33.2967,33.3,33.29,33.3,33.29,9
2023-08-23 16:15:00,967,33.2932,33.3,33.29,33.3,33.29,14
2023-08-23 16:16:00,983,33.284,33.28,33.275,33.29,33.275,16
2023-08-23 16:17:00,2419,33.2705,33.29,33.275,33.29,33.26,43
2023-08-23 16:18:00,1572,33.2826,33.29,33.3,33.3,33.27,22
2023-08-23 16:20:00,2472,33.2647,33.28,33.265,33.28,33.25,43
2023-08-23 16:21:00,1858,33.2809,33.28,33.29,33.29,33.27,27
2023-08-23 16:22:00,704,33.3043,33.31,33.295,33.31,33.2902,9
2023-08-23 16:23:00,501,33.3016,33.31,33.305,33.31,33.305,7
2023-08-23 16:24:00,502,33.2927,33.305,33.29,33.305,33.29,7
2023-08-23 16:25:00,300,33.3028,33.3084,33.3,33.3084,33.3,5
2023-08-23 16:26:00,118,33.3071,33.31,33.31,33.31,33.31,3
2023-08-23 16:27:00,1434,33.3186,33.31,33.33,33.33,33.31,19
2023-08-23 16:28:00,3754,33.3116,33.32,33.305,33.3225,33.3,43
2023-08-23 16:29:00,2539,33.3379,33.32,33.3625,33.3625,33.31,33
2023-08-23 16:30:00,1458,33.3867,33.365,33.41,33.41,33.365,24
2023-08-23 16:31:00,904,33.4029,33.4,33.4,33.41,33.395,18
2023-08-23 16:32:00,2136,33.3899,33.39,33.385,33.39,33.385,21
2023-08-23 16:33:00,279,33.3844,33.39,33.39,33.39,33.39,4
2023-08-23 16:34:00,401,33.3882,33.4,33.39,33.4,33.39,6
2023-08-23 16:35:00,1591,33.3877,33.39,33.4,33.4,33.38,22
2023-08-23 16:36:00,783,33.3728,33.37,33.38,33.38,33.37,10
2023-08-23 16:39:00,590,33.3888,33.39,33.39,33.39,33.39,8
2023-08-23 16:41:00,674,33.3905,33.39,33.39,33.39,33.39,18
2023-08-23 16:42:00,2161,33.3916,33.4,33.4,33.4,33.38,34
2023-08-23 16:43:00,971,33.4088,33.41,33.42,33.42,33.41,14
2023-08-23 16:44:00,1648,33.3978,33.4,33.37,33.4,33.37,23
2023-08-23 16:45:00,1959,33.391,33.4,33.38,33.4,33.38,22
2023-08-23 16:47:00,293,33.3766,33.38,33.37,33.38,33.37,9
2023-08-23 16:48:00,242,33.39,33.39,33.39,33.39,33.39,9
2023-08-23 16:49:00,418,33.39,33.39,33.38,33.4,33.38,6
2023-08-23 16:50:00,826,33.4085,33.4,33.41,33.41,33.4,18
2023-08-23 16:51:00,509,33.4167,33.42,33.42,33.42,33.41,11
2023-08-23 16:52:00,1583,33.4177,33.42,33.4,33.425,33.4,25
2023-08-23 16:53:00,1377,33.4084,33.41,33.4,33.42,33.4,23
2023-08-23 16:54:00,241,33.3904,33.39,33.39,33.39,33.39,4
2023-08-23 16:55:00,347,33.3582,33.3601,33.35,33.3601,33.35,7
2023-08-23 16:56:00,200,33.3843,33.365,33.365,33.365,33.365,2
2023-08-23 16:58:00,1103,33.3554,33.36,33.35,33.36,33.35,16
2023-08-23 17:00:00,359,33.3439,33.34,33.34,33.34,33.34,10
2023-08-23 17:01:00,953,33.3552,33.36,33.35,33.36,33.35,19
2023-08-23 17:02:00,1099,33.3415,33.36,33.33,33.36,33.33,22
2023-08-23 17:03:00,461,33.3478,33.35,33.34,33.35,33.34,7
2023-08-23 17:04:00,790,33.3576,33.36,33.35,33.36,33.35,12
2023-08-23 17:05:00,235,33.36,33.36,33.36,33.36,33.36,3
2023-08-23 17:06:00,250,33.36,33.36,33.36,33.36,33.36,2
2023-08-23 17:07:00,105,33.3595,33.36,33.36,33.36,33.36,3
2023-08-23 17:08:00,200,33.365,33.37,33.36,33.37,33.36,2
2023-08-23 17:09:00,213,33.3647,33.36,33.37,33.37,33.36,4
2023-08-23 17:10:00,1113,33.3697,33.37,33.375,33.38,33.36,28
2023-08-23 17:11:00,2662,33.3692,33.375,33.36,33.38,33.36,49
2023-08-23 17:12:00,670,33.3697,33.37,33.365,33.38,33.365,7
2023-08-23 17:14:00,2294,33.3337,33.35,33.32,33.35,33.31,37
2023-08-23 17:15:00,719,33.34,33.34,33.34,33.34,33.34,10
2023-08-23 17:17:00,1692,33.3409,33.33,33.345,33.35,33.33,22
2023-08-23 17:18:00,688,33.3539,33.36,33.36,33.36,33.345,11
2023-08-23 17:19:00,600,33.3598,33.36,33.35,33.36,33.35,9
2023-08-23 17:20:00,291,33.36,33.36,33.36,33.36,33.36,4
2023-08-23 17:21:00,608,33.3647,33.37,33.37,33.37,33.36,9
2023-08-23 17:22:00,105,33.37,33.37,33.37,33.37,33.37,3
2023-08-23 17:23:00,335,33.3649,33.37,33.36,33.37,33.36,5
2023-08-23 17:25:00,459,33.3716,33.37,33.37,33.37,33.37,15
2023-08-23 17:26:00,1746,33.3566,33.37,33.35,33.37,33.35,26
2023-08-23 17:27:00,813,33.3482,33.355,33.34,33.355,33.34,15
2023-08-23 17:28:00,804,33.3397,33.3351,33.34,33.35,33.33,22
2023-08-23 17:29:00,357,33.3584,33.36,33.36,33.36,33.36,7
2023-08-23 17:30:00,1593,33.3667,33.36,33.37,33.375,33.36,29
2023-08-23 17:31:00,1280,33.3806,33.38,33.37,33.39,33.37,16
2023-08-23 17:32:00,1240,33.3905,33.38,33.4,33.4,33.38,18
2023-08-23 17:33:00,1177,33.3826,33.38,33.38,33.39,33.38,15
2023-08-23 17:34:00,452,33.3778,33.37,33.37,33.37,33.37,10
2023-08-23 17:35:00,148,33.3814,33.38,33.38,33.38,33.38,4
2023-08-23 17:37:00,1608,33.3688,33.37,33.36,33.37,33.36,30
2023-08-23 17:38:00,2055,33.3801,33.38,33.37,33.39,33.37,30
2023-08-23 17:39:00,342,33.3771,33.38,33.38,33.38,33.37,4
2023-08-23 17:40:00,1091,33.3915,33.39,33.395,33.4,33.39,17
2023-08-23 17:41:00,2435,33.3836,33.395,33.36,33.395,33.36,47
2023-08-23 17:42:00,983,33.3649,33.36,33.35,33.37,33.35,10
2023-08-23 17:43:00,505,33.354,33.36,33.35,33.36,33.35,8
2023-08-23 17:44:00,307,33.3558,33.345,33.345,33.345,33.345,6
2023-08-23 17:49:00,928,33.3553,33.36,33.35,33.36,33.35,22
2023-08-23 17:50:00,2418,33.3485,33.35,33.35,33.35,33.34,35
2023-08-23 17:51:00,950,33.3397,33.34,33.33,33.345,33.33,17
2023-08-23 17:52:00,1693,33.3404,33.34,33.34,33.35,33.34,37
2023-08-23 17:53:00,117,33.3405,33.34,33.34,33.34,33.34,4
2023-08-23 17:54:00,204,33.3351,33.33,33.33,33.33,33.33,4
2023-08-23 17:55:00,515,33.3421,33.34,33.35,33.35,33.34,10
2023-08-23 17:56:00,1959,33.3249,33.34,33.31,33.34,33.31,30
2023-08-23 17:57:00,502,33.3229,33.32,33.32,33.32,33.315,7
2023-08-23 17:58:00,1523,33.3361,33.33,33.35,33.35,33.33,35
2023-08-23 17:59:00,524,33.344,33.345,33.34,33.345,33.34,6
2023-08-23 18:00:00,382,33.339,33.34,33.34,33.34,33.34,9
2023-08-23 18:01:00,1588,33.3333,33.34,33.31,33.34,33.31,20
2023-08-23 18:02:00,1044,33.338,33.33,33.34,33.34,33.33,20
2023-08-23 18:04:00,13566,33.3596,33.35,33.4,33.4,33.345,39
2023-08-23 18:05:00,3372,33.4074,33.395,33.42,33.43,33.395,33
2023-08-23 18:06:00,2040,33.436,33.425,33.45,33.45,33.42,29
2023-08-23 18:07:00,968,33.4557,33.46,33.45,33.46,33.45,18
2023-08-23 18:08:00,490,33.4626,33.46,33.47,33.47,33.46,12
2023-08-23 18:09:00,2015,33.453,33.47,33.47,33.47,33.46,24
2023-08-23 18:10:00,846,33.4523,33.45,33.455,33.455,33.45,11
2023-08-23 18:11:00,493,33.468,33.47,33.47,33.47,33.46,8
2023-08-23 18:12:00,250,33.47,33.47,33.47,33.47,33.47,8
2023-08-23 18:14:00,353,33.4712,33.48,33.46,33.48,33.46,6
2023-08-23 18:15:00,1687,33.4492,33.46,33.43,33.46,33.43,38
2023-08-23 18:16:00,306,33.4367,33.44,33.44,33.44,33.44,4
2023-08-23 18:17:00,1672,33.4246,33.43,33.43,33.43,33.42,30
2023-08-23 18:18:00,354,33.4264,33.43,33.43,33.43,33.43,7
2023-08-23 18:19:00,789,33.443,33.44,33.45,33.45,33.44,15
2023-08-23 18:20:00,639,33.4476,33.445,33.44,33.45,33.44,13
2023-08-23 18:21:00,244,33.45,33.45,33.45,33.45,33.45,4
2023-08-23 18:22:00,205,33.4498,33.45,33.45,33.45,33.45,7
2023-08-23 18:23:00,1760,33.4365,33.44,33.42,33.44,33.42,29
2023-08-23 18:24:00,857,33.4436,33.425,33.45,33.45,33.425,20
2023-08-23 18:25:00,803,33.4433,33.44,33.45,33.45,33.43,18
2023-08-23 18:26:00,246,33.4463,33.45,33.45,33.45,33.45,3
2023-08-23 18:27:00,202,33.445,33.45,33.45,33.45,33.45,4
2023-08-23 18:29:00,201,33.445,33.445,33.445,33.445,33.445,3
2023-08-23 18:30:00,524,33.4499,33.45,33.45,33.45,33.45,20
2023-08-23 18:31:00,1390,33.4435,33.45,33.445,33.45,33.44,22
2023-08-23 18:32:00,1478,33.4394,33.45,33.43,33.45,33.43,32
2023-08-23 18:33:00,1418,33.4384,33.445,33.43,33.45,33.43,21
2023-08-23 18:34:00,895,33.4472,33.45,33.45,33.45,33.44,25
2023-08-23 18:35:00,764,33.4417,33.44,33.44,33.44,33.44,17
2023-08-23 18:36:00,2705,33.4339,33.44,33.425,33.44,33.425,38
2023-08-23 18:39:00,248,33.4188,33.41,33.425,33.425,33.41,4
2023-08-23 18:40:00,322,33.4183,33.42,33.415,33.42,33.415,12
2023-08-23 18:41:00,1947,33.424,33.415,33.44,33.44,33.415,43
2023-08-23 18:42:00,2251,33.4426,33.44,33.435,33.45,33.435,36
2023-08-23 18:43:00,391,33.4374,33.44,33.44,33.44,33.44,5
2023-08-23 18:44:00,169,33.4336,33.435,33.435,33.435,33.435,8
2023-08-23 18:45:00,823,33.431,33.43,33.435,33.435,33.43,16
2023-08-23 18:46:00,293,33.44,33.44,33.44,33.44,33.44,7
2023-08-23 18:48:00,1165,33.4465,33.45,33.445,33.45,33.44,30
2023-08-23 18:49:00,702,33.4391,33.44,33.435,33.44,33.435,20
2023-08-23 18:50:00,1498,33.4404,33.435,33.44,33.45,33.435,39
2023-08-23 18:51:00,2499,33.4452,33.45,33.45,33.45,33.44,35
2023-08-23 18:52:00,1864,33.4437,33.44,33.43,33.46,33.43,24
2023-08-23 18:53:00,622,33.4392,33.44,33.44,33.44,33.435,12
2023-08-23 18:54:00,960,33.4418,33.45,33.44,33.45,33.44,17
2023-08-23 18:55:00,418,33.44,33.44,33.44,33.44,33.44,12
2023-08-23 18:56:00,301,33.4407,33.44,33.44,33.44,33.44,8
2023-08-23 18:57:00,2333,33.4303,33.44,33.42,33.44,33.42,37
2023-08-23 18:58:00,2403,33.4386,33.44,33.44,33.445,33.43,45
2023-08-23 18:59:00,1267,33.4502,33.445,33.45,33.455,33.445,28
2023-08-23 19:00:00,338,33.4494,33.455,33.455,33.455,33.455,9
2023-08-23 19:01:00,2166,33.4441,33.45,33.43,33.45,33.43,41
2023-08-23 19:02:00,1409,33.429,33.43,33.425,33.43,33.425,31
2023-08-23 19:03:00,112,33.4351,33.435,33.435,33.435,33.435,3
2023-08-23 19:04:00,1269,33.4487,33.44,33.455,33.46,33.44,39
2023-08-23 19:05:00,829,33.4694,33.465,33.475,33.475,33.465,12
2023-08-23 19:06:00,1277,33.483,33.48,33.485,33.49,33.48,24
2023-08-23 19:07:00,1733,33.4801,33.485,33.48,33.485,33.48,28
2023-08-23 19:08:00,515,33.4652,33.475,33.47,33.475,33.47,9
2023-08-23 19:09:00,3100,33.4742,33.47,33.47,33.48,33.4675,65
2023-08-23 19:10:00,646,33.4889,33.49,33.485,33.49,33.485,14
2023-08-23 19:11:00,718,33.49,33.49,33.49,33.49,33.49,10
2023-08-23 19:12:00,286,33.4978,33.495,33.495,33.495,33.495,15
2023-08-23 19:13:00,1014,33.4987,33.5,33.495,33.5,33.495,23
2023-08-23 19:14:00,1577,33.4999,33.495,33.505,33.51,33.495,36
2023-08-23 19:15:00,1677,33.5108,33.505,33.52,33.52,33.505,24
2023-08-23 19:16:00,1024,33.5168,33.515,33.52,33.52,33.515,32
2023-08-23 19:17:00,2673,33.5147,33.525,33.505,33.525,33.505,52
2023-08-23 19:18:00,2165,33.5088,33.505,33.515,33.515,33.505,29
2023-08-23 19:19:00,600,33.5176,33.515,33.52,33.52,33.515,14
2023-08-23 19:20:00,2380,33.5057,33.51,33.5,33.51,33.5,39
2023-08-23 19:21:00,1022,33.4996,33.5,33.5,33.5,33.495,32
2023-08-23 19:22:00,495,33.5043,33.51,33.5,33.51,33.5,12
2023-08-23 19:23:00,251,33.504,33.505,33.505,33.505,33.505,10
2023-08-23 19:24:00,2112,33.5148,33.51,33.52,33.52,33.51,57
2023-08-23 19:25:00,605,33.5208,33.52,33.525,33.53,33.52,13
2023-08-23 19:26:00,799,33.527,33.525,33.525,33.53,33.525,13
2023-08-23 19:27:00,2076,33.5204,33.525,33.525,33.525,33.515,39
2023-08-23 19:28:00,1193,33.5238,33.52,33.525,33.53,33.52,22
2023-08-23 19:29:00,500,33.5345,33.535,33.535,33.535,33.535,10
2023-08-23 19:30:00,1477,33.5356,33.535,33.535,33.54,33.53,17
2023-08-23 19:31:00,3086,33.5277,33.535,33.515,33.535,33.515,58
2023-08-23 19:32:00,2163,33.5057,33.51,33.49,33.51,33.49,39
2023-08-23 19:33:00,2052,33.5007,33.5,33.5,33.5,33.5,35
2023-08-23 19:34:00,1355,33.4891,33.49,33.49,33.49,33.48,39
2023-08-23 19:35:00,1519,33.4997,33.495,33.505,33.51,33.495,23
2023-08-23 19:36:00,1148,33.508,33.51,33.505,33.51,33.505,24
2023-08-23 19:37:00,921,33.505,33.505,33.51,33.51,33.505,17
2023-08-23 19:38:00,1723,33.5103,33.505,33.515,33.515,33.505,43
2023-08-23 19:39:00,4421,33.5105,33.515,33.51,33.515,33.505,67
2023-08-23 19:40:00,2776,33.5227,33.515,33.535,33.535,33.515,39
2023-08-23 19:41:00,4301,33.5315,33.535,33.535,33.54,33.53,36
2023-08-23 19:42:00,860,33.5366,33.535,33.535,33.54,33.535,24
2023-08-23 19:43:00,2525,33.546,33.54,33.555,33.555,33.54,57
2023-08-23 19:44:00,2642,33.5522,33.555,33.555,33.56,33.55,24
2023-08-23 19:45:00,2432,33.5591,33.555,33.57,33.57,33.55,42
2023-08-23 19:46:00,2224,33.5553,33.56,33.545,33.56,33.545,52
2023-08-23 19:47:00,2240,33.5361,33.545,33.515,33.545,33.515,54
2023-08-23 19:48:00,1676,33.5184,33.51,33.52,33.52,33.51,19
2023-08-23 19:49:00,1281,33.5134,33.515,33.505,33.52,33.505,39
2023-08-23 19:50:00,3546,33.4771,33.5,33.47,33.5,33.46,54
2023-08-23 19:51:00,2499,33.4683,33.46,33.465,33.475,33.46,38
2023-08-23 19:52:00,3976,33.4495,33.465,33.44,33.465,33.44,61
2023-08-23 19:53:00,4482,33.4307,33.44,33.445,33.45,33.41,76
2023-08-23 19:54:00,4261,33.4422,33.44,33.44,33.45,33.44,66
2023-08-23 19:55:00,4032,33.4393,33.445,33.435,33.445,33.43,64
2023-08-23 19:56:00,7384,33.4455,33.43,33.45,33.455,33.43,86
2023-08-23 19:57:00,4988,33.4496,33.45,33.45,33.46,33.44,66
2023-08-23 19:58:00,12175,33.4504,33.455,33.45,33.46,33.44,115
2023-08-23 19:59:00,33423,33.4345,33.45,33.44,33.46,33.42,238
2023-08-23 20:00:00,643,33.44,33.44,33.44,33.44,33.44,5
2023-08-24 13:30:00,3312,33.4283,33.48,33.42,33.48,33.42,15
2023-08-24 13:31:00,404,33.3128,33.29,33.32,33.35,33.29,4
2023-08-24 13:33:00,189,33.4343,33.44,33.44,33.44,33.44,4
2023-08-24 13:35:00,2344,33.4931,33.52,33.44,33.53,33.44,31
2023-08-24 13:36:00,103,33.4604,33.46,33.46,33.46,33.46,3
2023-08-24 13:37:00,126,33.5097,33.52,33.52,33.52,33.52,3
2023-08-24 13:38:00,125,33.4949,33.5,33.5,33.5,33.5,3
2023-08-24 13:40:00,1692,33.5348,33.53,33.545,33.55,33.52,34
2023-08-24 13:41:00,2001,33.6145,33.57,33.6,33.64,33.57,26
2023-08-24 13:42:00,2151,33.5996,33.65,33.58,33.65,33.58,36
2023-08-24 13:43:00,221,33.5807,33.58,33.58,33.58,33.58,5
2023-08-24 13:45:00,2301,33.6093,33.575,33.63,33.63,33.575,16
2023-08-24 13:46:00,336,33.6077,33.625,33.605,33.625,33.605,5
2023-08-24 13:47:00,1424,33.6248,33.61,33.64,33.64,33.61,20
2023-08-24 13:49:00,955,33.6199,33.62,33.62,33.62,33.61,24
2023-08-24 13:50:00,1554,33.6353,33.64,33.63,33.65,33.63,33
2023-08-24 13:51:00,2198,33.6212,33.61,33.65,33.65,33.6,33
2023-08-24 13:53:00,755,33.672,33.66,33.69,33.69,33.66,18
2023-08-24 13:54:00,235,33.6989,33.695,33.695,33.695,33.695,3
2023-08-24 13:55:00,1146,33.6887,33.695,33.68,33.7,33.68,21
2023-08-24 13:56:00,1044,33.716,33.7,33.75,33.75,33.7,19
2023-08-24 13:57:00,1890,33.8068,33.78,33.81,33.82,33.78,21
2023-08-24 13:58:00,1419,33.7918,33.8,33.78,33.8,33.77,20
2023-08-24 13:59:00,2127,33.7587,33.77,33.75,33.78,33.75,40
2023-08-24 14:00:00,1184,33.7644,33.75,33.79,33.79,33.745,19
2023-08-24 14:01:00,2004,33.7895,33.79,33.78,33.81,33.78,50
2023-08-24 14:02:00,200,33.7698,33.77,33.77,33.77,33.77,8
2023-08-24 14:03:00,1265,33.7586,33.75,33.75,33.78,33.75,34
2023-08-24 14:04:00,961,33.7733,33.765,33.78,33.78,33.765,23
2023-08-24 14:05:00,833,33.7828,33.775,33.79,33.79,33.775,18
2023-08-24 14:06:00,2165,33.7535,33.76,33.755,33.76,33.75,51
2023-08-24 14:07:00,893,33.7666,33.76,33.765,33.77,33.76,12
2023-08-24 14:08:00,818,33.7537,33.75,33.76,33.76,33.75,25
2023-08-24 14:09:00,2404,33.7437,33.755,33.73,33.755,33.73,47
2023-08-24 14:10:00,4053,33.7457,33.74,33.75,33.75,33.74,56
2023-08-24 14:11:00,1331,33.7315,33.74,33.72,33.74,33.72,24
2023-08-24 14:12:00,894,33.7202,33.73,33.71,33.73,33.71,19
2023-08-24 14:13:00,3321,33.7318,33.71,33.73,33.75,33.71,37
2023-08-24 14:14:00,1620,33.7487,33.75,33.75,33.75,33.74,20
2023-08-24 14:15:00,2542,33.7386,33.74,33.73,33.74,33.73,34
2023-08-24 14:16:00,2734,33.7255,33.72,33.72,33.73,33.72,40
2023-08-24 14:17:00,2629,33.7387,33.73,33.73,33.75,33.73,32
2023-08-24 14:18:00,953,33.7394,33.74,33.735,33.74,33.735,17
2023-08-24 14:19:00,1419,33.76,33.735,33.77,33.77,33.735,20
2023-08-24 14:20:00,1878,33.7957,33.77,33.8,33.81,33.77,26
2023-08-24 14:21:00,1044,33.7924,33.81,33.795,33.81,33.79,14
2023-08-24 14:22:00,400,33.81,33.81,33.81,33.81,33.81,4
2023-08-24 14:23:00,1195,33.7876,33.8,33.79,33.8,33.79,37
2023-08-24 14:24:00,416,33.7823,33.78,33.77,33.79,33.77,10
2023-08-24 14:25:00,817,33.7915,33.78,33.8,33.8,33.78,17
2023-08-24 14:26:00,1715,33.8135,33.81,33.79,33.83,33.79,33
2023-08-24 14:27:00,1269,33.7862,33.79,33.78,33.79,33.78,21
2023-08-24 14:28:00,1296,33.7631,33.76,33.77,33.77,33.75,19
2023-08-24 14:30:00,1288,33.751,33.76,33.74,33.76,33.74,21
2023-08-24 14:31:00,549,33.7081,33.69,33.7,33.7,33.69,19
2023-08-24 14:32:00,1124,33.6935,33.7,33.7,33.7,33.7,24
2023-08-24 14:33:00,4376,33.6999,33.69,33.69,33.7004,33.69,8
2023-08-24 14:34:00,5194,33.7042,33.7,33.69,33.72,33.69,51
2023-08-24 14:35:00,1272,33.6797,33.68,33.69,33.69,33.67,20
2023-08-24 14:36:00,201,33.68,33.68,33.68,33.68,33.68,3
2023-08-24 14:37:00,17765,33.6819,33.677,33.71,33.71,33.67,62
2023-08-24 14:38:00,9661,33.7052,33.72,33.72,33.72,33.7,74
2023-08-24 14:39:00,1710,33.7488,33.73,33.77,33.77,33.73,24
2023-08-24 14:40:00,157,33.7537,33.75,33.75,33.75,33.75,4
2023-08-24 14:41:00,2905,33.7497,33.765,33.73,33.765,33.73,50
2023-08-24 14:42:00,530,33.7442,33.745,33.745,33.745,33.745,10
2023-08-24 14:43:00,666,33.7272,33.73,33.72,33.73,33.72,29
2023-08-24 14:44:00,1290,33.7209,33.73,33.69,33.73,33.69,20
2023-08-24 14:45:00,801,33.6783,33.68,33.68,33.68,33.67,18
2023-08-24 14:46:00,943,33.6517,33.655,33.655,33.655,33.655,19
2023-08-24 14:47:00,838,33.66,33.66,33.66,33.66,33.66,10
2023-08-24 14:48:00,1033,33.6699,33.67,33.67,33.67,33.67,24
2023-08-24 14:49:00,584,33.7021,33.7,33.7,33.7,33.7,14
2023-08-24 14:50:00,1002,33.68,33.68,33.68,33.68,33.68,3
2023-08-24 14:51:00,1058,33.6827,33.68,33.68,33.69,33.68,32
2023-08-24 14:52:00,1557,33.704,33.7,33.71,33.71,33.7,38
2023-08-24 14:53:00,1051,33.6988,33.7,33.7,33.7,33.7,27
2023-08-24 14:54:00,901,33.7089,33.7,33.72,33.72,33.7,10
2023-08-24 14:55:00,903,33.715,33.715,33.715,33.715,33.715,9
2023-08-24 14:56:00,201,33.72,33.715,33.715,33.715,33.715,4
2023-08-24 14:57:00,1301,33.7149,33.715,33.715,33.728,33.7,7
2023-08-24 14:58:00,4454,33.7096,33.71,33.72,33.72,33.7,61
2023-08-24 14:59:00,2317,33.7248,33.72,33.75,33.75,33.72,47
2023-08-24 15:00:00,5759,33.7395,33.73,33.73,33.76,33.72,84
2023-08-24 15:01:00,2490,33.7429,33.74,33.73,33.75,33.73,35
2023-08-24 15:02:00,1569,33.7256,33.72,33.725,33.73,33.72,18
2023-08-24 15:03:00,1146,33.7083,33.71,33.7,33.72,33.7,16
2023-08-24 15:05:00,857,33.67,33.67,33.67,33.67,33.67,9
2023-08-24 15:06:00,745,33.68,33.68,33.68,33.68,33.68,20
2023-08-24 15:07:00,606,33.68,33.68,33.68,33.68,33.68,5
2023-08-24 15:08:00,383,33.6735,33.68,33.67,33.68,33.67,11
2023-08-24 15:09:00,147,33.675,33.675,33.675,33.675,33.675,2
2023-08-24 15:10:00,3932,33.6661,33.67,33.68,33.68,33.67,40
2023-08-24 15:11:00,2094,33.6673,33.68,33.66,33.68,33.66,32
2023-08-24 15:12:00,1485,33.6852,33.68,33.69,33.69,33.67,25
2023-08-24 15:13:00,597,33.69,33.69,33.69,33.69,33.69,4
2023-08-24 15:14:00,2214,33.6791,33.68,33.675,33.69,33.67,26
2023-08-24 15:15:00,607,33.657,33.66,33.655,33.66,33.655,13
2023-08-24 15:17:00,615,33.6787,33.68,33.68,33.68,33.68,14
2023-08-24 15:18:00,714,33.6803,33.68,33.68,33.68,33.68,9
2023-08-24 15:19:00,996,33.6744,33.67,33.68,33.68,33.67,15
2023-08-24 15:20:00,691,33.6807,33.68,33.69,33.69,33.68,13
2023-08-24 15:21:00,1919,33.6847,33.68,33.685,33.685,33.68,10
2023-08-24 15:22:00,1601,33.6872,33.685,33.69,33.69,33.685,19
2023-08-24 15:23:00,3095,33.6987,33.7,33.69,33.7,33.69,58
2023-08-24 15:24:00,934,33.6743,33.68,33.67,33.68,33.67,20
2023-08-24 15:25:00,200,33.6682,33.6512,33.6512,33.6512,33.6512,2
2023-08-24 15:26:00,201,33.6401,33.63,33.65,33.65,33.63,3
2023-08-24 15:27:00,153,33.6442,33.64,33.64,33.64,33.64,6
2023-08-24 15:28:00,354,33.6399,33.64,33.64,33.64,33.64,11
2023-08-24 15:29:00,3056,33.635,33.625,33.64,33.64,33.61,26
2023-08-24 15:30:00,905,33.6481,33.64,33.65,33.65,33.64,28
2023-08-24 15:31:00,275,33.6454,33.64,33.64,33.64,33.64,7
2023-08-24 15:33:00,603,33.6458,33.63,33.65,33.65,33.63,9
2023-08-24 15:34:00,1043,33.641,33.64,33.64,33.64,33.64,21
2023-08-24 15:36:00,481,33.6252,33.62,33.62,33.62,33.62,11
2023-08-24 15:37:00,818,33.6158,33.6196,33.6122,33.6196,33.61,14
2023-08-24 15:39:00,643,33.5978,33.6,33.6,33.6,33.59,18
2023-08-24 15:40:00,1679,33.6048,33.6,33.62,33.62,33.595,32
2023-08-24 15:41:00,1035,33.6208,33.61,33.63,33.63,33.61,14
2023-08-24 15:43:00,106,33.62,33.62,33.62,33.62,33.62,2
2023-08-24 15:44:00,602,33.6008,33.59,33.59,33.59,33.59,19
2023-08-24 15:45:00,437,33.5735,33.565,33.565,33.565,33.565,20
2023-08-24 15:46:00,133,33.5425,33.54,33.54,33.54,33.54,4
2023-08-24 15:47:00,101,33.5204,33.52,33.52,33.52,33.52,2
2023-08-24 15:49:00,387,33.5167,33.52,33.52,33.52,33.52,10
2023-08-24 15:50:00,137,33.5011,33.5,33.5,33.5,33.5,4
2023-08-24 15:51:00,1126,33.5286,33.52,33.53,33.53,33.52,16
2023-08-24 15:52:00,3527,33.5378,33.52,33.54,33.55,33.52,43
2023-08-24 15:54:00,514,33.524,33.53,33.52,33.53,33.52,19
2023-08-24 15:55:00,790,33.5028,33.51,33.49,33.51,33.49,18
2023-08-24 15:56:00,408,33.4866,33.48,33.48,33.48,33.48,20
2023-08-24 15:57:00,1053,33.4867,33.47,33.49,33.49,33.47,19
2023-08-24 15:58:00,1154,33.5087,33.495,33.52,33.52,33.495,11
2023-08-24 15:59:00,119,33.52,33.52,33.52,33.52,33.52,3
2023-08-24 16:00:00,623,33.5003,33.5,33.495,33.5,33.495,13
2023-08-24 16:01:00,215,33.49,33.49,33.49,33.49,33.49,9
2023-08-24 16:02:00,464,33.49,33.49,33.49,33.49,33.49,7
2023-08-24 16:03:00,500,33.49,33.49,33.49,33.49,33.49,5
2023-08-24 16:04:00,979,33.496,33.5,33.5,33.5,33.49,21
2023-08-24 16:05:00,1388,33.5187,33.51,33.53,33.53,33.51,26
2023-08-24 16:06:00,536,33.5284,33.53,33.53,33.53,33.53,14
2023-08-24 16:07:00,776,33.5443,33.54,33.56,33.56,33.54,9
2023-08-24 16:08:00,726,33.5377,33.54,33.54,33.54,33.53,16
2023-08-24 16:09:00,107,33.53,33.53,33.53,33.53,33.53,3
2023-08-24 16:10:00,704,33.52,33.52,33.52,33.52,33.52,8
2023-08-24 16:11:00,1481,33.5193,33.51,33.52,33.52,33.51,12
2023-08-24 16:12:00,1498,33.5203,33.535,33.52,33.535,33.51,24
2023-08-24 16:13:00,513,33.4994,33.5,33.5,33.5,33.5,11
2023-08-24 16:16:00,1363,33.5322,33.52,33.55,33.55,33.52,22
2023-08-24 16:17:00,1195,33.5232,33.53,33.51,33.53,33.51,26
2023-08-24 16:20:00,884,33.4818,33.475,33.48,33.49,33.47,17
2023-08-24 16:21:00,331,33.4596,33.46,33.46,33.46,33.46,12
2023-08-24 16:22:00,1982,33.4407,33.44,33.44,33.45,33.43,24
2023-08-24 16:23:00,605,33.4593,33.46,33.46,33.46,33.46,13
2023-08-24 16:24:00,716,33.4718,33.47,33.47,33.48,33.47,8
2023-08-24 16:25:00,793,33.4912,33.48,33.51,33.51,33.48,15
2023-08-24 16:26:00,124,33.5161,33.52,33.52,33.52,33.52,2
2023-08-24 16:28:00,1153,33.484,33.48,33.47,33.48,33.47,39
2023-08-24 16:29:00,634,33.4464,33.46,33.45,33.46,33.44,12
2023-08-24 16:30:00,1305,33.4353,33.42,33.44,33.44,33.42,17
2023-08-24 16:31:00,137,33.44,33.44,33.44,33.44,33.44,5
2023-08-24 16:34:00,284,33.4373,33.44,33.44,33.44,33.44,8
2023-08-24 16:35:00,245,33.4202,33.421,33.421,33.421,33.421,4
2023-08-24 16:37:00,374,33.414,33.41,33.415,33.415,33.41,10
2023-08-24 16:38:00,1462,33.4075,33.42,33.4,33.42,33.4,33
2023-08-24 16:39:00,401,33.39,33.395,33.395,33.395,33.38,7
2023-08-24 16:40:00,2482,33.3995,33.39,33.41,33.41,33.39,32
2023-08-24 16:41:00,593,33.4269,33.43,33.43,33.43,33.43,8
2023-08-24 16:43:00,279,33.45,33.45,33.45,33.45,33.45,2
2023-08-24 16:44:00,729,33.4288,33.43,33.44,33.44,33.43,18
2023-08-24 16:47:00,588,33.4268,33.42,33.45,33.45,33.42,14
2023-08-24 16:49:00,403,33.4525,33.45,33.45,33.45,33.45,8
2023-08-24 16:50:00,1219,33.4716,33.46,33.48,33.48,33.46,19
2023-08-24 16:51:00,1993,33.4716,33.49,33.46,33.49,33.46,41
2023-08-24 16:52:00,1100,33.4402,33.445,33.435,33.45,33.43,13
2023-08-24 16:54:00,939,33.4183,33.42,33.42,33.42,33.405,19
2023-08-24 16:55:00,2012,33.415,33.41,33.41,33.42,33.41,19
2023-08-24 16:56:00,761,33.4116,33.41,33.4,33.41,33.4,14
2023-08-24 16:58:00,560,33.4039,33.4,33.41,33.41,33.4,12
2023-08-24 16:59:00,314,33.4161,33.42,33.42,33.42,33.42,6
2023-08-24 17:00:00,229,33.4018,33.4012,33.4012,33.4012,33.4012,3
2023-08-24 17:01:00,526,33.3898,33.39,33.39,33.39,33.39,9
2023-08-24 17:03:00,361,33.3688,33.365,33.365,33.365,33.365,11
2023-08-24 17:04:00,425,33.3591,33.36,33.36,33.36,33.36,8
2023-08-24 17:05:00,419,33.3686,33.37,33.37,33.37,33.37,8
2023-08-24 17:07:00,656,33.3641,33.36,33.36,33.36,33.36,15
2023-08-24 17:08:00,431,33.38,33.38,33.38,33.38,33.38,4
2023-08-24 17:09:00,206,33.3749,33.37,33.38,33.38,33.37,4
2023-08-24 17:10:00,1211,33.3786,33.38,33.38,33.38,33.37,13
2023-08-24 17:11:00,1841,33.3877,33.39,33.38,33.4,33.38,34
2023-08-24 17:13:00,252,33.3787,33.38,33.38,33.38,33.38,8
2023-08-24 17:15:00,200,33.38,33.38,33.38,33.38,33.38,3
2023-08-24 17:16:00,218,33.37,33.37,33.37,33.37,33.37,7
2023-08-24 17:17:00,1173,33.3815,33.39,33.37,33.39,33.37,20
2023-08-24 17:18:00,2505,33.3753,33.37,33.39,33.39,33.37,36
2023-08-24 17:19:00,1691,33.3927,33.39,33.41,33.41,33.385,24
2023-08-24 17:20:00,1509,33.4354,33.41,33.435,33.45,33.41,22
2023-08-24 17:21:00,396,33.45,33.45,33.45,33.45,33.45,7
2023-08-24 17:22:00,602,33.4467,33.45,33.45,33.45,33.44,7
2023-08-24 17:23:00,744,33.4563,33.45,33.46,33.46,33.45,17
2023-08-24 17:24:00,2280,33.4469,33.46,33.44,33.46,33.43,38
2023-08-24 17:25:00,560,33.44,33.44,33.44,33.44,33.44,8
2023-08-24 17:26:00,1224,33.4541,33.44,33.46,33.46,33.44,13
2023-08-24 17:27:00,573,33.4461,33.46,33.46,33.46,33.46,11
2023-08-24 17:28:00,859,33.4641,33.46,33.47,33.47,33.46,20
2023-08-24 17:29:00,401,33.47,33.47,33.47,33.47,33.47,5
2023-08-24 17:30:00,602,33.4633,33.47,33.47,33.47,33.46,8
2023-08-24 17:31:00,2215,33.4596,33.455,33.46,33.465,33.455,29
2023-08-24 17:32:00,750,33.47,33.47,33.47,33.47,33.47,9
2023-08-24 17:33:00,951,33.483,33.47,33.5,33.51,33.47,17
2023-08-24 17:34:00,5219,33.4832,33.49,33.48,33.49,33.47,60
2023-08-24 17:35:00,518,33.4851,33.48,33.49,33.49,33.48,10
2023-08-24 17:36:00,2778,33.5042,33.48,33.53,33.53,33.48,34
2023-08-24 17:37:00,1375,33.5264,33.53,33.53,33.53,33.53,14
2023-08-24 17:38:00,1836,33.538,33.525,33.54,33.55,33.525,24
2023-08-24 17:39:00,1407,33.5432,33.54,33.55,33.55,33.54,15
2023-08-24 17:40:00,2082,33.5434,33.55,33.53,33.555,33.53,31
2023-08-24 17:41:00,201,33.5269,33.515,33.515,33.515,33.515,3
2023-08-24 17:42:00,646,33.5165,33.515,33.52,33.52,33.51,8
2023-08-24 17:43:00,735,33.52,33.52,33.52,33.52,33.52,10
2023-08-24 17:44:00,326,33.5181,33.515,33.52,33.52,33.515,7
2023-08-24 17:45:00,1507,33.5252,33.52,33.53,33.53,33.52,26
2023-08-24 17:46:00,1776,33.5233,33.53,33.52,33.53,33.52,27
2023-08-24 17:48:00,745,33.5285,33.53,33.53,33.53,33.52,13
2023-08-24 17:49:00,704,33.5285,33.53,33.53,33.53,33.52,8
2023-08-24 17:50:00,709,33.5221,33.525,33.515,33.53,33.515,8
2023-08-24 17:51:00,514,33.514,33.52,33.51,33.52,33.51,6
2023-08-24 17:52:00,864,33.5211,33.52,33.53,33.53,33.52,14
2023-08-24 17:53:00,1579,33.5163,33.52,33.52,33.52,33.515,15
2023-08-24 17:54:00,2050,33.5112,33.515,33.51,33.515,33.505,36
2023-08-24 17:55:00,2857,33.5312,33.52,33.55,33.55,33.52,46
2023-08-24 17:56:00,2279,33.5534,33.55,33.55,33.56,33.55,35
2023-08-24 17:57:00,1962,33.5348,33.55,33.53,33.55,33.52,23
2023-08-24 17:58:00,454,33.5118,33.52,33.51,33.52,33.51,7
2023-08-24 17:59:00,685,33.4969,33.5,33.49,33.5,33.49,10
2023-08-24 18:00:00,1382,33.5009,33.49,33.51,33.51,33.49,16
2023-08-24 18:01:00,767,33.5114,33.5,33.51,33.52,33.5,11
2023-08-24 18:02:00,1635,33.5295,33.52,33.53,33.53,33.52,22
2023-08-24 18:03:00,457,33.556,33.55,33.56,33.56,33.55,11
2023-08-24 18:04:00,1569,33.5506,33.55,33.54,33.56,33.54,27
2023-08-24 18:05:00,2775,33.5347,33.55,33.53,33.55,33.53,30
2023-08-24 18:06:00,1226,33.5226,33.52,33.515,33.53,33.515,21
2023-08-24 18:07:00,201,33.51,33.51,33.51,33.51,33.51,3
2023-08-24 18:08:00,2967,33.5171,33.51,33.53,33.53,33.51,42
2023-08-24 18:09:00,1830,33.519,33.525,33.51,33.53,33.51,27
2023-08-24 18:10:00,825,33.5163,33.52,33.51,33.52,33.51,8
2023-08-24 18:11:00,1779,33.5131,33.51,33.52,33.52,33.51,29
2023-08-24 18:12:00,2445,33.5226,33.52,33.53,33.53,33.51,40
2023-08-24 18:13:00,1479,33.5252,33.53,33.53,33.53,33.52,20
2023-08-24 18:14:00,2518,33.4959,33.52,33.48,33.53,33.48,49
2023-08-24 18:15:00,824,33.4857,33.49,33.48,33.49,33.48,14
2023-08-24 18:16:00,602,33.4621,33.46,33.45,33.46,33.45,22
2023-08-24 18:17:00,1016,33.4439,33.46,33.43,33.46,33.43,15
2023-08-24 18:18:00,581,33.4096,33.41,33.41,33.41,33.41,18
2023-08-24 18:19:00,149,33.4005,33.4,33.4,33.4,33.4,6
2023-08-24 18:21:00,1860,33.3893,33.39,33.39,33.39,33.39,29
2023-08-24 18:22:00,1423,33.3924,33.39,33.38,33.4,33.38,31
2023-08-24 18:23:00,552,33.3688,33.37,33.37,33.37,33.37,18
2023-08-24 18:25:00,1085,33.3401,33.34,33.335,33.34,33.335,17
2023-08-24 18:26:00,4179,33.3652,33.34,33.395,33.395,33.34,66
2023-08-24 18:27:00,1824,33.4084,33.4,33.41,33.42,33.4,27
2023-08-24 18:28:00,677,33.4131,33.41,33.42,33.42,33.41,14
2023-08-24 18:30:00,775,33.414,33.42,33.41,33.42,33.4,9
2023-08-24 18:32:00,1808,33.3937,33.4,33.39,33.4,33.39,31
2023-08-24 18:33:00,1316,33.3706,33.38,33.37,33.38,33.36,24
2023-08-24 18:36:00,846,33.3414,33.34,33.34,33.34,33.34,17
2023-08-24 18:37:00,989,33.3469,33.34,33.35,33.35,33.33,10
2023-08-24 18:38:00,330,33.34,33.34,33.34,33.34,33.34,6
2023-08-24 18:39:00,592,33.34,33.34,33.34,33.34,33.34,9
2023-08-24 18:40:00,1708,33.3302,33.34,33.32,33.34,33.32,32
2023-08-24 18:41:00,114,33.3096,33.31,33.31,33.31,33.31,7
2023-08-24 18:42:00,2242,33.3182,33.32,33.32,33.32,33.31,38
2023-08-24 18:43:00,1171,33.3164,33.32,33.31,33.32,33.31,20
2023-08-24 18:44:00,2117,33.3372,33.33,33.35,33.35,33.33,35
2023-08-24 18:45:00,601,33.35,33.35,33.35,33.35,33.35,3
2023-08-24 18:46:00,707,33.3777,33.37,33.39,33.39,33.37,15
2023-08-24 18:47:00,711,33.4015,33.4,33.41,33.41,33.4,9
2023-08-24 18:48:00,586,33.3987,33.39,33.405,33.405,33.39,17
2023-08-24 18:49:00,1814,33.3801,33.39,33.37,33.39,33.37,32
2023-08-24 18:50:00,744,33.381,33.37,33.39,33.39,33.37,15
2023-08-24 18:51:00,764,33.3865,33.39,33.39,33.39,33.38,12
2023-08-24 18:52:00,988,33.3901,33.39,33.39,33.39,33.39,15
2023-08-24 18:53:00,217,33.3848,33.395,33.395,33.395,33.395,5
2023-08-24 18:54:00,770,33.3868,33.395,33.39,33.395,33.38,12
2023-08-24 18:55:00,1442,33.3947,33.4,33.39,33.4,33.39,21
2023-08-24 18:56:00,736,33.4145,33.41,33.42,33.42,33.41,17
2023-08-24 18:58:00,1178,33.4123,33.41,33.41,33.42,33.41,22
2023-08-24 19:00:00,4324,33.3886,33.4,33.39,33.4,33.37,65
2023-08-24 19:01:00,1134,33.3846,33.395,33.38,33.395,33.38,20
2023-08-24 19:02:00,1408,33.384,33.38,33.39,33.39,33.375,25
2023-08-24 19:03:00,259,33.3931,33.395,33.39,33.395,33.39,4
2023-08-24 19:04:00,2273,33.3929,33.395,33.4,33.4,33.39,38
2023-08-24 19:05:00,485,33.407,33.4,33.41,33.41,33.4,17
2023-08-24 19:06:00,527,33.42,33.42,33.42,33.42,33.42,12
2023-08-24 19:07:00,1228,33.4069,33.41,33.4,33.41,33.4,24
2023-08-24 19:08:00,506,33.41,33.41,33.41,33.41,33.41,10
2023-08-24 19:09:00,813,33.4097,33.41,33.41,33.41,33.41,13
2023-08-24 19:10:00,275,33.4087,33.41,33.41,33.41,33.41,9
2023-08-24 19:11:00,1728,33.418,33.405,33.43,33.43,33.405,29
2023-08-24 19:12:00,829,33.4293,33.43,33.425,33.43,33.425,14
2023-08-24 19:13:00,2959,33.421,33.425,33.42,33.43,33.415,55
2023-08-24 19:14:00,1455,33.4278,33.42,33.435,33.435,33.42,22
2023-08-24 19:15:00,1084,33.4399,33.44,33.44,33.44,33.44,21
2023-08-24 19:16:00,1495,33.4311,33.44,33.43,33.44,33.43,30
2023-08-24 19:17:00,312,33.4297,33.43,33.43,33.43,33.43,9
2023-08-24 19:18:00,1450,33.4213,33.43,33.42,33.43,33.42,30
2023-08-24 19:19:00,1889,33.4252,33.415,33.43,33.43,33.415,34
2023-08-24 19:20:00,1063,33.4406,33.44,33.445,33.445,33.44,19
2023-08-24 19:21:00,2382,33.4291,33.4365,33.42,33.4365,33.42,38
2023-08-24 19:22:00,609,33.4238,33.42,33.428,33.428,33.42,11
2023-08-24 19:23:00,3034,33.4168,33.425,33.41,33.425,33.41,43
2023-08-24 19:24:00,2920,33.4277,33.42,33.43,33.435,33.42,46
2023-08-24 19:25:00,1696,33.4395,33.44,33.44,33.44,33.435,36
2023-08-24 19:26:00,1706,33.4299,33.435,33.425,33.44,33.42,29
2023-08-24 19:27:00,455,33.423,33.42,33.42,33.42,33.42,11
2023-08-24 19:28:00,1021,33.4289,33.43,33.425,33.43,33.425,15
2023-08-24 19:29:00,3512,33.4284,33.43,33.41,33.435,33.41,51
2023-08-24 19:30:00,723,33.4201,33.42,33.42,33.42,33.42,20
2023-08-24 19:31:00,3989,33.4257,33.415,33.43,33.435,33.415,60
2023-08-24 19:32:00,2346,33.4401,33.425,33.45,33.45,33.425,41
2023-08-24 19:33:00,3877,33.4617,33.45,33.465,33.47,33.45,45
2023-08-24 19:34:00,937,33.4634,33.47,33.48,33.48,33.47,16
2023-08-24 19:35:00,3946,33.4769,33.48,33.47,33.485,33.47,64
2023-08-24 19:36:00,5086,33.4663,33.465,33.4511,33.47,33.4511,78
2023-08-24 19:37:00,1761,33.4534,33.46,33.455,33.46,33.45,24
2023-08-24 19:38:00,2355,33.4609,33.455,33.46,33.47,33.455,34
2023-08-24 19:39:00,2320,33.4581,33.465,33.45,33.465,33.45,41
2023-08-24 19:40:00,2032,33.4503,33.45,33.45,33.455,33.445,36
2023-08-24 19:41:00,3082,33.4331,33.45,33.42,33.45,33.42,51
2023-08-24 19:42:00,4909,33.4388,33.43,33.455,33.455,33.43,66
2023-08-24 19:43:00,2314,33.4505,33.455,33.44,33.46,33.44,38
2023-08-24 19:44:00,2813,33.4278,33.435,33.42,33.435,33.42,53
2023-08-24 19:45:00,3526,33.3962,33.41,33.395,33.41,33.385,60
2023-08-24 19:46:00,1781,33.4022,33.4,33.405,33.41,33.4,30
2023-08-24 19:47:00,3622,33.3961,33.4,33.39,33.4,33.39,58
2023-08-24 19:48:00,4428,33.4039,33.38,33.42,33.425,33.38,58
2023-08-24 19:49:00,4371,33.4175,33.415,33.42,33.42,33.41,54
2023-08-24 19:50:00,5108,33.4214,33.42,33.41,33.43,33.41,65
2023-08-24 19:51:00,5884,33.4121,33.41,33.41,33.42,33.41,85
2023-08-24 19:52:00,4204,33.3932,33.4,33.39,33.4,33.385,68
2023-08-24 19:53:00,5782,33.3706,33.38,33.36,33.38,33.36,69
2023-08-24 19:54:00,6483,33.3709,33.36,33.37,33.38,33.36,89
2023-08-24 19:55:00,6909,33.3528,33.37,33.33,33.37,33.33,84
2023-08-24 19:56:00,7725,33.3598,33.33,33.38,33.38,33.33,89
2023-08-24 19:57:00,7453,33.3718,33.37,33.375,33.38,33.37,98
2023-08-24 19:58:00,12984,33.3728,33.37,33.375,33.38,33.36,152
2023-08-24 19:59:00,19590,33.3444,33.37,33.315,33.37,33.31,267
2023-08-24 20:41:00,200,32.9798,32.98,32.98,32.98,32.98,3
2023-08-25 13:30:00,2125,33.4601,33.46,33.46,33.46,33.46,11
2023-08-25 13:31:00,120,33.4203,33.44,33.44,33.44,33.44,3
2023-08-25 13:32:00,6279,33.5243,33.43,33.535,33.535,33.43,11
2023-08-25 13:33:00,393,33.5499,33.545,33.545,33.545,33.545,5
2023-08-25 13:34:00,243,33.538,33.52,33.52,33.52,33.52,5
2023-08-25 13:35:00,954,33.483,33.5,33.47,33.5,33.46,14
2023-08-25 13:36:00,433,33.5165,33.47,33.51,33.56,33.47,8
2023-08-25 13:37:00,924,33.5236,33.52,33.52,33.53,33.52,17
2023-08-25 13:38:00,400,33.4731,33.47,33.47,33.47,33.47,11
2023-08-25 13:39:00,3273,33.4758,33.49,33.5,33.5,33.45,58
2023-08-25 13:40:00,741,33.456,33.47,33.45,33.47,33.45,12
2023-08-25 13:41:00,726,33.4031,33.4,33.4,33.4,33.4,11
2023-08-25 13:42:00,530,33.4046,33.38,33.38,33.38,33.38,12
2023-08-25 13:44:00,101,33.34,33.34,33.34,33.34,33.34,2
2023-08-25 13:45:00,828,33.3935,33.39,33.44,33.44,33.38,12
2023-08-25 13:46:00,433,33.4292,33.41,33.445,33.445,33.41,7
2023-08-25 13:48:00,231,33.4673,33.44,33.44,33.44,33.44,13
2023-08-25 13:49:00,400,33.4188,33.42,33.435,33.435,33.4,4
2023-08-25 13:50:00,383,33.4489,33.47,33.47,33.47,33.47,7
2023-08-25 13:51:00,834,33.4245,33.47,33.39,33.47,33.39,26
2023-08-25 13:54:00,650,33.3891,33.365,33.4,33.4,33.365,8
2023-08-25 13:57:00,726,33.4166,33.43,33.43,33.43,33.38,7
2023-08-25 14:00:00,1017,33.4947,33.53,33.5,33.54,33.46,23
2023-08-25 14:01:00,518,33.44,33.46,33.42,33.46,33.42,20
2023-08-25 14:02:00,821,33.4368,33.47,33.42,33.47,33.42,19
2023-08-25 14:03:00,525,33.4774,33.47,33.48,33.49,33.47,9
2023-08-25 14:04:00,946,33.4997,33.49,33.52,33.52,33.49,21
2023-08-25 14:05:00,552,33.48,33.48,33.48,33.48,33.48,11
2023-08-25 14:06:00,937,33.474,33.46,33.48,33.49,33.46,31
2023-08-25 14:07:00,711,33.4879,33.5,33.49,33.5,33.47,10
2023-08-25 14:08:00,350,33.4546,33.47,33.445,33.47,33.445,9
2023-08-25 14:09:00,1070,33.4412,33.46,33.4506,33.46,33.43,19
2023-08-25 14:10:00,3250,33.4423,33.45,33.455,33.48,33.43,56
2023-08-25 14:11:00,1567,33.4692,33.48,33.46,33.48,33.46,21
2023-08-25 14:12:00,1530,33.4294,33.48,33.42,33.48,33.4,25
2023-08-25 14:13:00,523,33.4294,33.4101,33.44,33.44,33.4101,17
2023-08-25 14:14:00,460,33.4515,33.46,33.46,33.46,33.44,9
2023-08-25 14:15:00,1430,33.473,33.48,33.48,33.48,33.45,19
2023-08-25 14:16:00,1393,33.5189,33.52,33.54,33.54,33.515,27
2023-08-25 14:17:00,983,33.5337,33.55,33.495,33.55,33.495,24
2023-08-25 14:18:00,899,33.5159,33.53,33.48,33.54,33.48,15
2023-08-25 14:19:00,632,33.4488,33.45,33.43,33.45,33.425,14
2023-08-25 14:20:00,243,33.4246,33.425,33.425,33.425,33.425,8
2023-08-25 14:21:00,621,33.4326,33.45,33.43,33.45,33.43,17
2023-08-25 14:22:00,129,33.4215,33.42,33.42,33.42,33.42,4
2023-08-25 14:23:00,135,33.4291,33.43,33.43,33.43,33.43,3
2023-08-25 14:24:00,857,33.4342,33.44,33.4,33.44,33.4,11
2023-08-25 14:25:00,257,33.44,33.45,33.44,33.45,33.44,6
2023-08-25 14:26:00,753,33.4439,33.45,33.42,33.4542,33.42,6
2023-08-25 14:27:00,973,33.4417,33.45,33.425,33.47,33.425,16
2023-08-25 14:28:00,780,33.4782,33.47,33.47,33.49,33.47,14
2023-08-25 14:29:00,292,33.4715,33.49,33.49,33.49,33.49,12
2023-08-25 14:30:00,753,33.4856,33.5,33.48,33.5,33.47,10
2023-08-25 14:31:00,1234,33.4569,33.47,33.48,33.48,33.43,28
2023-08-25 14:32:00,1219,33.4525,33.44,33.46,33.47,33.44,25
2023-08-25 14:33:00,956,33.493,33.49,33.51,33.51,33.47,17
2023-08-25 14:34:00,310,33.49,33.49,33.49,33.49,33.49,4
2023-08-25 14:35:00,1620,33.4791,33.5,33.48,33.5,33.48,33
2023-08-25 14:36:00,950,33.4687,33.47,33.47,33.48,33.45,19
2023-08-25 14:37:00,684,33.4589,33.46,33.46,33.48,33.45,11
2023-08-25 14:38:00,958,33.4389,33.45,33.43,33.45,33.43,24
2023-08-25 14:39:00,510,33.4581,33.46,33.46,33.46,33.46,12
2023-08-25 14:40:00,1077,33.4457,33.44,33.43,33.47,33.43,22
2023-08-25 14:41:00,640,33.4604,33.45,33.46,33.46,33.45,17
2023-08-25 14:42:00,1276,33.4787,33.49,33.46,33.49,33.46,23
2023-08-25 14:43:00,1236,33.4369,33.44,33.425,33.44,33.425,17
2023-08-25 14:45:00,479,33.4209,33.44,33.42,33.44,33.42,9
2023-08-25 14:48:00,560,33.3778,33.37,33.37,33.37,33.37,9
2023-08-25 14:49:00,153,33.3693,33.37,33.37,33.37,33.37,5
2023-08-25 14:50:00,153,33.3707,33.37,33.37,33.37,33.37,5
2023-08-25 14:51:00,1220,33.3992,33.39,33.405,33.41,33.39,18
2023-08-25 14:52:00,913,33.4029,33.405,33.39,33.41,33.39,17
2023-08-25 14:53:00,211,33.4033,33.41,33.41,33.41,33.41,6
2023-08-25 14:54:00,594,33.4095,33.42,33.4,33.42,33.4,9
2023-08-25 14:55:00,408,33.4004,33.39,33.41,33.41,33.39,13
2023-08-25 14:56:00,237,33.3957,33.4,33.39,33.4,33.39,5
2023-08-25 14:57:00,888,33.4002,33.4,33.41,33.41,33.39,15
2023-08-25 14:58:00,474,33.4022,33.41,33.39,33.41,33.39,6
2023-08-25 15:00:00,540,33.4098,33.4,33.42,33.42,33.4,14
2023-08-25 15:01:00,620,33.4,33.4,33.4,33.4,33.4,10
2023-08-25 15:03:00,971,33.3832,33.39,33.38,33.39,33.37,15
2023-08-25 15:04:00,986,33.3966,33.37,33.415,33.415,33.37,26
2023-08-25 15:05:00,1372,33.4229,33.41,33.45,33.45,33.41,18
2023-08-25 15:06:00,912,33.4662,33.46,33.48,33.48,33.46,13
2023-08-25 15:07:00,1382,33.4968,33.48,33.51,33.51,33.48,19
2023-08-25 15:08:00,929,33.5118,33.52,33.505,33.52,33.505,12
2023-08-25 15:09:00,600,33.5111,33.52,33.515,33.53,33.515,4
2023-08-25 15:10:00,1120,33.5327,33.52,33.54,33.54,33.52,27
2023-08-25 15:11:00,838,33.5542,33.55,33.57,33.57,33.545,21
2023-08-25 15:12:00,336,33.574,33.58,33.56,33.58,33.56,6
2023-08-25 15:13:00,1213,33.5474,33.55,33.55,33.55,33.54,19
2023-08-25 15:14:00,670,33.5455,33.54,33.55,33.55,33.54,16
2023-08-25 15:15:00,1003,33.538,33.54,33.525,33.555,33.525,19
2023-08-25 15:16:00,1511,33.5255,33.53,33.51,33.54,33.51,26
2023-08-25 15:17:00,637,33.498,33.51,33.47,33.51,33.47,11
2023-08-25 15:18:00,964,33.4758,33.47,33.5,33.5,33.47,16
2023-08-25 15:19:00,603,33.4891,33.485,33.485,33.485,33.485,9
2023-08-25 15:20:00,1465,33.4956,33.485,33.5,33.51,33.485,31
2023-08-25 15:21:00,842,33.5182,33.52,33.51,33.53,33.51,14
2023-08-25 15:22:00,462,33.4988,33.5,33.495,33.5,33.495,10
2023-08-25 15:23:00,1447,33.4825,33.49,33.48,33.49,33.48,22
2023-08-25 15:24:00,942,33.5108,33.51,33.505,33.52,33.505,14
2023-08-25 15:25:00,1584,33.5248,33.52,33.53,33.53,33.505,21
2023-08-25 15:26:00,726,33.5441,33.54,33.54,33.55,33.54,13
2023-08-25 15:27:00,1124,33.5616,33.55,33.58,33.58,33.55,18
2023-08-25 15:28:00,101,33.5901,33.59,33.59,33.59,33.59,2
2023-08-25 15:29:00,1261,33.6032,33.585,33.62,33.62,33.585,27
2023-08-25 15:30:00,1720,33.6379,33.65,33.62,33.65,33.62,32
2023-08-25 15:31:00,2094,33.6096,33.62,33.61,33.62,33.59,30
2023-08-25 15:32:00,1273,33.6053,33.6,33.605,33.6122,33.595,20
2023-08-25 15:33:00,737,33.6193,33.62,33.62,33.62,33.615,5
2023-08-25 15:34:00,287,33.6167,33.615,33.62,33.62,33.615,4
2023-08-25 15:35:00,2158,33.6222,33.63,33.63,33.63,33.62,22
2023-08-25 15:36:00,1795,33.6452,33.64,33.63,33.67,33.63,28
2023-08-25 15:37:00,712,33.645,33.64,33.645,33.65,33.64,12
2023-08-25 15:38:00,319,33.6481,33.65,33.645,33.65,33.645,3
2023-08-25 15:39:00,1424,33.6277,33.63,33.6,33.65,33.6,18
2023-08-25 15:40:00,574,33.6105,33.61,33.6,33.61,33.6,11
2023-08-25 15:41:00,703,33.5758,33.58,33.58,33.58,33.58,13
2023-08-25 15:42:00,601,33.5733,33.57,33.57,33.57,33.57,14
2023-08-25 15:43:00,1241,33.5661,33.57,33.575,33.575,33.56,22
2023-08-25 15:44:00,588,33.5588,33.55,33.57,33.57,33.55,13
2023-08-25 15:45:00,736,33.5821,33.57,33.595,33.595,33.57,23
2023-08-25 15:46:00,4507,33.5819,33.59,33.55,33.59,33.55,29
2023-08-25 15:47:00,1404,33.5711,33.555,33.59,33.59,33.555,21
2023-08-25 15:48:00,401,33.6,33.6,33.6,33.6,33.6,5
2023-08-25 15:49:00,356,33.5978,33.6,33.595,33.6,33.595,5
2023-08-25 15:50:00,1118,33.5786,33.6,33.56,33.6,33.56,25
2023-08-25 15:51:00,601,33.5533,33.56,33.55,33.56,33.55,8
2023-08-25 15:52:00,860,33.5487,33.54,33.555,33.555,33.54,17
2023-08-25 15:53:00,752,33.5346,33.54,33.52,33.54,33.52,12
2023-08-25 15:54:00,615,33.5366,33.55,33.535,33.55,33.535,10
2023-08-25 15:55:00,644,33.5211,33.525,33.5299,33.5299,33.51,9
2023-08-25 15:56:00,381,33.5148,33.51,33.51,33.51,33.51,7
2023-08-25 15:57:00,1928,33.5032,33.53,33.49,33.53,33.49,30
2023-08-25 15:58:00,1846,33.487,33.49,33.5,33.5,33.48,32
2023-08-25 15:59:00,693,33.508,33.52,33.5,33.52,33.5,13
2023-08-25 16:00:00,591,33.5073,33.515,33.515,33.515,33.515,15
2023-08-25 16:01:00,1037,33.5293,33.52,33.54,33.54,33.52,15
2023-08-25 16:02:00,854,33.543,33.54,33.54,33.55,33.54,14
2023-08-25 16:03:00,1216,33.5476,33.56,33.535,33.56,33.535,21
2023-08-25 16:04:00,834,33.5424,33.525,33.545,33.55,33.525,10
2023-08-25 16:05:00,187,33.5432,33.545,33.545,33.545,33.545,5
2023-08-25 16:06:00,1344,33.5183,33.53,33.51,33.54,33.51,28
2023-08-25 16:07:00,671,33.5275,33.53,33.52,33.53,33.52,11
2023-08-25 16:08:00,824,33.5209,33.525,33.52,33.525,33.52,9
2023-08-25 16:09:00,1114,33.5138,33.52,33.51,33.52,33.51,21
2023-08-25 16:11:00,663,33.5158,33.52,33.51,33.53,33.51,16
2023-08-25 16:12:00,894,33.5413,33.54,33.54,33.55,33.54,24
2023-08-25 16:13:00,1205,33.5368,33.54,33.53,33.54,33.53,21
2023-08-25 16:14:00,400,33.5325,33.54,33.53,33.54,33.53,5
2023-08-25 16:16:00,1203,33.53,33.53,33.53,33.53,33.53,18
2023-08-25 16:17:00,969,33.5437,33.53,33.55,33.55,33.53,18
2023-08-25 16:18:00,537,33.5325,33.54,33.53,33.54,33.53,8
2023-08-25 16:19:00,1227,33.5323,33.52,33.54,33.54,33.52,32
2023-08-25 16:20:00,620,33.5367,33.53,33.54,33.54,33.53,9
2023-08-25 16:21:00,886,33.5598,33.545,33.57,33.57,33.545,21
2023-08-25 16:22:00,910,33.5778,33.58,33.58,33.58,33.57,15
2023-08-25 16:23:00,1125,33.5725,33.58,33.57,33.58,33.56,22
2023-08-25 16:24:00,756,33.5609,33.565,33.56,33.565,33.56,14
2023-08-25 16:25:00,584,33.5884,33.59,33.59,33.59,33.59,18
2023-08-25 16:26:00,915,33.6001,33.6,33.6,33.61,33.6,20
2023-08-25 16:27:00,498,33.606,33.61,33.62,33.62,33.61,7
2023-08-25 16:28:00,493,33.6101,33.61,33.61,33.61,33.61,9
2023-08-25 16:29:00,427,33.6174,33.61,33.62,33.62,33.61,8
2023-08-25 16:30:00,1599,33.5963,33.6,33.6,33.6,33.59,35
2023-08-25 16:31:00,481,33.612,33.61,33.61,33.61,33.61,17
2023-08-25 16:32:00,904,33.5967,33.6,33.6,33.6,33.6,20
2023-08-25 16:34:00,550,33.5895,33.59,33.58,33.59,33.58,15
2023-08-25 16:35:00,500,33.55,33.55,33.55,33.55,33.55,9
2023-08-25 16:36:00,206,33.5624,33.565,33.56,33.565,33.56,3
2023-08-25 16:37:00,832,33.5367,33.53,33.545,33.545,33.53,21
2023-08-25 16:38:00,532,33.5564,33.545,33.56,33.56,33.545,9
2023-08-25 16:39:00,355,33.5544,33.56,33.55,33.56,33.55,5
2023-08-25 16:40:00,694,33.5794,33.5799,33.58,33.59,33.57,15
2023-08-25 16:41:00,1987,33.5809,33.58,33.57,33.59,33.57,28
2023-08-25 16:42:00,536,33.58,33.58,33.58,33.58,33.58,14
2023-08-25 16:43:00,788,33.5648,33.57,33.55,33.57,33.55,25
2023-08-25 16:44:00,400,33.555,33.56,33.55,33.56,33.55,5
2023-08-25 16:45:00,517,33.5633,33.56,33.57,33.57,33.56,13
2023-08-25 16:46:00,505,33.572,33.58,33.57,33.58,33.57,13
2023-08-25 16:47:00,1198,33.5706,33.57,33.57,33.57,33.57,35
2023-08-25 16:48:00,515,33.5612,33.57,33.56,33.57,33.56,12
2023-08-25 16:49:00,583,33.55,33.55,33.55,33.55,33.55,19
2023-08-25 16:50:00,1090,33.5516,33.54,33.56,33.56,33.54,22
2023-08-25 16:51:00,796,33.5519,33.55,33.55,33.55,33.55,25
2023-08-25 16:52:00,972,33.5544,33.57,33.54,33.57,33.54,21
2023-08-25 16:53:00,678,33.5353,33.54,33.54,33.54,33.54,17
2023-08-25 16:54:00,795,33.5205,33.53,33.51,33.53,33.51,10
2023-08-25 16:55:00,653,33.5088,33.51,33.505,33.51,33.505,14
2023-08-25 16:56:00,1222,33.4955,33.5,33.5,33.5,33.48,26
2023-08-25 16:57:00,448,33.5022,33.51,33.5,33.51,33.5,8
2023-08-25 16:58:00,2188,33.5209,33.5,33.525,33.54,33.5,29
2023-08-25 16:59:00,439,33.5348,33.53,33.54,33.54,33.53,6
2023-08-25 17:00:00,201,33.54,33.54,33.54,33.54,33.54,3
2023-08-25 17:01:00,1525,33.5388,33.54,33.53,33.54,33.53,19
2023-08-25 17:02:00,499,33.532,33.53,33.53,33.53,33.53,12
2023-08-25 17:03:00,1361,33.5201,33.53,33.51,33.53,33.51,22
2023-08-25 17:04:00,826,33.5124,33.51,33.515,33.52,33.5,15
2023-08-25 17:05:00,573,33.5095,33.52,33.51,33.52,33.51,9
2023-08-25 17:07:00,1653,33.5041,33.49,33.515,33.515,33.49,28
2023-08-25 17:08:00,302,33.5267,33.53,33.52,33.53,33.52,2
2023-08-25 17:09:00,571,33.5044,33.51,33.5,33.51,33.5,12
2023-08-25 17:10:00,1252,33.4884,33.5,33.48,33.5,33.48,15
2023-08-25 17:11:00,374,33.4645,33.47,33.46,33.47,33.46,12
2023-08-25 17:12:00,1487,33.4631,33.47,33.46,33.47,33.46,30
2023-08-25 17:13:00,221,33.4574,33.46,33.46,33.46,33.46,3
2023-08-25 17:14:00,980,33.4629,33.45,33.47,33.47,33.45,25
2023-08-25 17:15:00,713,33.483,33.47,33.49,33.49,33.47,22
2023-08-25 17:16:00,1378,33.4682,33.48,33.46,33.48,33.46,26
2023-08-25 17:17:00,490,33.4439,33.45,33.44,33.45,33.44,7
2023-08-25 17:18:00,658,33.4437,33.44,33.44,33.44,33.44,16
2023-08-25 17:19:00,1178,33.424,33.42,33.42,33.44,33.42,12
2023-08-25 17:20:00,882,33.4257,33.42,33.41,33.45,33.41,15
2023-08-25 17:21:00,642,33.4263,33.42,33.43,33.43,33.42,13
2023-08-25 17:22:00,493,33.44,33.44,33.44,33.44,33.44,12
2023-08-25 17:23:00,1966,33.4316,33.44,33.42,33.44,33.42,32
2023-08-25 17:24:00,1201,33.4099,33.41,33.41,33.41,33.4,18
2023-08-25 17:25:00,588,33.4204,33.42,33.42,33.42,33.42,17
2023-08-25 17:26:00,591,33.4,33.4,33.4,33.4,33.4,9
2023-08-25 17:27:00,958,33.4114,33.42,33.41,33.42,33.41,19
2023-08-25 17:28:00,291,33.406,33.41,33.41,33.41,33.41,5
2023-08-25 17:29:00,564,33.4073,33.405,33.41,33.41,33.405,12
2023-08-25 17:30:00,1448,33.4154,33.425,33.41,33.425,33.41,30
2023-08-25 17:31:00,627,33.4126,33.41,33.41,33.42,33.41,10
2023-08-25 17:32:00,882,33.4086,33.41,33.4,33.41,33.4,20
2023-08-25 17:33:00,1323,33.4206,33.4,33.45,33.45,33.4,29
2023-08-25 17:34:00,1823,33.4509,33.45,33.455,33.46,33.445,22
2023-08-25 17:35:00,2149,33.4641,33.455,33.47,33.475,33.455,31
2023-08-25 17:36:00,5357,33.4795,33.47,33.48,33.495,33.46,62
2023-08-25 17:37:00,532,33.49,33.49,33.49,33.49,33.49,7
2023-08-25 17:38:00,990,33.4716,33.48,33.47,33.48,33.47,8
2023-08-25 17:39:00,1918,33.4713,33.4593,33.48,33.48,33.4593,21
2023-08-25 17:40:00,912,33.4651,33.47,33.46,33.47,33.46,15
2023-08-25 17:41:00,2236,33.4601,33.46,33.45,33.47,33.45,28
2023-08-25 17:42:00,858,33.454,33.45,33.46,33.46,33.45,17
2023-08-25 17:43:00,431,33.4361,33.43,33.45,33.45,33.43,11
2023-08-25 17:44:00,701,33.43,33.43,33.43,33.43,33.43,12
2023-08-25 17:45:00,2071,33.42,33.42,33.41,33.43,33.41,34
2023-08-25 17:46:00,1828,33.4328,33.42,33.43,33.44,33.42,32
2023-08-25 17:47:00,1177,33.4354,33.44,33.44,33.44,33.43,13
2023-08-25 17:48:00,100,33.44,33.44,33.44,33.44,33.44,1
2023-08-25 17:49:00,1784,33.4518,33.45,33.45,33.47,33.45,33
2023-08-25 17:50:00,941,33.465,33.46,33.48,33.48,33.455,20
2023-08-25 17:51:00,724,33.4806,33.49,33.48,33.49,33.48,17
2023-08-25 17:52:00,852,33.4887,33.49,33.5,33.5,33.48,17
2023-08-25 17:53:00,524,33.4955,33.5,33.495,33.51,33.495,11
2023-08-25 17:54:00,925,33.5144,33.505,33.52,33.53,33.505,29
2023-08-25 17:55:00,214,33.5153,33.51,33.51,33.51,33.51,5
2023-08-25 17:56:00,3283,33.5041,33.515,33.495,33.52,33.495,50
2023-08-25 17:57:00,747,33.508,33.495,33.52,33.52,33.495,12
2023-08-25 17:58:00,557,33.5154,33.51,33.52,33.52,33.51,8
2023-08-25 17:59:00,401,33.5143,33.53,33.51,33.53,33.51,6
2023-08-25 18:00:00,1122,33.5245,33.53,33.54,33.54,33.52,23
2023-08-25 18:01:00,622,33.5367,33.54,33.55,33.55,33.53,10
2023-08-25 18:02:00,3784,33.5388,33.55,33.535,33.55,33.535,7
2023-08-25 18:03:00,2850,33.5328,33.53,33.54,33.54,33.525,41
2023-08-25 18:04:00,916,33.547,33.54,33.56,33.56,33.54,20
2023-08-25 18:05:00,1089,33.5627,33.555,33.565,33.57,33.555,21
2023-08-25 18:06:00,572,33.5675,33.57,33.58,33.58,33.57,10
2023-08-25 18:07:00,310,33.576,33.58,33.58,33.58,33.58,9
2023-08-25 18:08:00,3025,33.5633,33.58,33.56,33.58,33.55,37
2023-08-25 18:09:00,1659,33.5719,33.56,33.58,33.58,33.56,35
2023-08-25 18:10:00,464,33.5797,33.58,33.58,33.58,33.58,9
2023-08-25 18:11:00,750,33.5846,33.58,33.59,33.59,33.58,18
2023-08-25 18:12:00,2436,33.5917,33.6,33.595,33.6,33.59,20
2023-08-25 18:13:00,1322,33.5968,33.595,33.605,33.605,33.595,36
2023-08-25 18:14:00,1075,33.6265,33.62,33.63,33.63,33.62,22
2023-08-25 18:15:00,1147,33.62,33.62,33.62,33.62,33.62,17
2023-08-25 18:16:00,2349,33.583,33.61,33.58,33.61,33.58,35
2023-08-25 18:18:00,1596,33.5705,33.57,33.57,33.57,33.57,31
2023-08-25 18:19:00,1528,33.5762,33.57,33.59,33.59,33.5658,22
2023-08-25 18:20:00,945,33.6079,33.59,33.62,33.62,33.59,17
2023-08-25 18:21:00,824,33.606,33.61,33.605,33.61,33.6,19
2023-08-25 18:22:00,1247,33.6072,33.6,33.62,33.62,33.6,25
2023-08-25 18:23:00,600,33.605,33.6,33.61,33.61,33.6,8
2023-08-25 18:24:00,301,33.6175,33.62,33.62,33.62,33.62,7
2023-08-25 18:25:00,2008,33.607,33.61,33.6,33.61,33.6,32
2023-08-25 18:26:00,984,33.6019,33.61,33.6,33.61,33.6,14
2023-08-25 18:27:00,682,33.6023,33.6,33.61,33.61,33.6,21
2023-08-25 18:28:00,1820,33.6228,33.61,33.62,33.63,33.61,27
2023-08-25 18:29:00,1068,33.6292,33.63,33.63,33.64,33.625,17
2023-08-25 18:30:00,998,33.6384,33.64,33.64,33.64,33.63,19
2023-08-25 18:31:00,520,33.6444,33.65,33.64,33.65,33.64,15
2023-08-25 18:32:00,2005,33.6521,33.65,33.665,33.665,33.65,40
2023-08-25 18:33:00,987,33.6639,33.67,33.655,33.67,33.655,23
2023-08-25 18:34:00,628,33.6665,33.665,33.67,33.67,33.665,17
2023-08-25 18:35:00,1026,33.6619,33.67,33.65,33.67,33.65,23
2023-08-25 18:36:00,929,33.6558,33.65,33.66,33.66,33.65,18
2023-08-25 18:37:00,646,33.653,33.65,33.655,33.66,33.65,13
2023-08-25 18:38:00,1398,33.6474,33.67,33.64,33.67,33.64,28
2023-08-25 18:39:00,664,33.6499,33.65,33.65,33.65,33.65,20
2023-08-25 18:40:00,1041,33.6607,33.655,33.66,33.67,33.655,26
2023-08-25 18:41:00,1156,33.6462,33.65,33.64,33.65,33.64,17
2023-08-25 18:42:00,1311,33.6357,33.64,33.63,33.65,33.63,41
2023-08-25 18:43:00,1980,33.6291,33.625,33.625,33.635,33.62,27
2023-08-25 18:44:00,1108,33.6281,33.62,33.63,33.63,33.62,18
2023-08-25 18:45:00,843,33.6356,33.64,33.635,33.64,33.63,14
2023-08-25 18:46:00,1638,33.6405,33.63,33.64,33.65,33.63,36
2023-08-25 18:47:00,993,33.6607,33.66,33.67,33.67,33.66,25
2023-08-25 18:48:00,1354,33.6623,33.67,33.66,33.67,33.66,19
2023-08-25 18:49:00,579,33.657,33.66,33.66,33.66,33.66,14
2023-08-25 18:50:00,2195,33.6535,33.66,33.645,33.66,33.64,49
2023-08-25 18:51:00,920,33.6655,33.67,33.66,33.67,33.66,16
2023-08-25 18:52:00,768,33.6648,33.67,33.67,33.67,33.67,23
2023-08-25 18:53:00,1402,33.6593,33.66,33.66,33.66,33.66,21
2023-08-25 18:54:00,660,33.663,33.66,33.66,33.67,33.66,18
2023-08-25 18:55:00,1084,33.6512,33.65,33.65,33.65,33.65,21
2023-08-25 18:56:00,694,33.6498,33.65,33.64,33.66,33.64,15
2023-08-25 18:57:00,1957,33.65,33.66,33.66,33.66,33.64,44
2023-08-25 18:58:00,791,33.6661,33.67,33.66,33.67,33.66,11
2023-08-25 18:59:00,1251,33.6538,33.66,33.65,33.66,33.65,34
2023-08-25 19:00:00,3729,33.6711,33.66,33.69,33.69,33.66,42
2023-08-25 19:01:00,1768,33.6923,33.69,33.69,33.7,33.69,19
2023-08-25 19:02:00,2519,33.6806,33.695,33.675,33.695,33.67,36
2023-08-25 19:03:00,600,33.6817,33.69,33.68,33.69,33.68,12
2023-08-25 19:04:00,810,33.6771,33.68,33.67,33.68,33.67,11
2023-08-25 19:05:00,673,33.6708,33.675,33.665,33.675,33.665,22
2023-08-25 19:06:00,1685,33.6554,33.66,33.65,33.67,33.65,23
2023-08-25 19:07:00,713,33.64,33.64,33.64,33.64,33.64,15
2023-08-25 19:08:00,1006,33.6409,33.635,33.645,33.65,33.635,21
2023-08-25 19:09:00,984,33.6607,33.65,33.68,33.68,33.65,32
2023-08-25 19:10:00,1356,33.6759,33.68,33.68,33.685,33.67,17
2023-08-25 19:11:00,1440,33.661,33.67,33.64,33.67,33.64,27
2023-08-25 19:12:00,1450,33.6544,33.6599,33.65,33.66,33.65,24
2023-08-25 19:13:00,1391,33.6486,33.65,33.64,33.66,33.64,23
2023-08-25 19:14:00,1117,33.6506,33.645,33.65,33.65,33.645,22
2023-08-25 19:15:00,1272,33.6623,33.65,33.68,33.68,33.65,24
2023-08-25 19:16:00,2260,33.6807,33.68,33.68,33.69,33.68,33
2023-08-25 19:17:00,2275,33.6676,33.675,33.66,33.675,33.66,47
2023-08-25 19:18:00,1522,33.6736,33.68,33.67,33.68,33.67,19
2023-08-25 19:19:00,2448,33.6604,33.67,33.67,33.67,33.65,38
2023-08-25 19:20:00,1915,33.6677,33.67,33.67,33.675,33.66,25
2023-08-25 19:21:00,2084,33.673,33.67,33.675,33.68,33.665,35
2023-08-25 19:22:00,894,33.6778,33.68,33.675,33.68,33.675,19
2023-08-25 19:23:00,3545,33.689,33.69,33.685,33.69,33.685,44
2023-08-25 19:24:00,1450,33.6836,33.69,33.69,33.69,33.68,26
2023-08-25 19:25:00,2076,33.7028,33.69,33.7,33.71,33.69,39
2023-08-25 19:26:00,1712,33.7009,33.705,33.71,33.71,33.69,41
2023-08-25 19:27:00,1679,33.7012,33.72,33.69,33.72,33.69,36
2023-08-25 19:28:00,1665,33.6887,33.69,33.695,33.695,33.68,34
2023-08-25 19:29:00,2424,33.6904,33.69,33.69,33.7,33.685,42
2023-08-25 19:30:00,2121,33.7003,33.7,33.7,33.71,33.69,33
2023-08-25 19:31:00,2526,33.7065,33.7,33.705,33.71,33.7,44
2023-08-25 19:32:00,2288,33.7096,33.71,33.715,33.715,33.7,31
2023-08-25 19:33:00,4425,33.7109,33.72,33.71,33.72,33.705,57
2023-08-25 19:34:00,936,33.7016,33.695,33.71,33.71,33.695,18
2023-08-25 19:35:00,1917,33.7082,33.71,33.7,33.715,33.7,23
2023-08-25 19:36:00,3341,33.7007,33.71,33.695,33.71,33.69,53
2023-08-25 19:37:00,2042,33.679,33.695,33.68,33.695,33.67,29
2023-08-25 19:38:00,2040,33.681,33.675,33.68,33.69,33.67,39
2023-08-25 19:39:00,3732,33.6745,33.68,33.66,33.69,33.66,44
2023-08-25 19:40:00,2333,33.6622,33.66,33.665,33.67,33.655,33
2023-08-25 19:41:00,1938,33.6631,33.66,33.67,33.67,33.66,17
2023-08-25 19:42:00,3930,33.6716,33.67,33.665,33.68,33.66,62
2023-08-25 19:43:00,3109,33.6817,33.67,33.6901,33.6901,33.665,59
2023-08-25 19:44:00,2185,33.6963,33.7,33.7,33.7,33.69,40
2023-08-25 19:45:00,4310,33.6977,33.71,33.685,33.71,33.685,56
2023-08-25 19:46:00,2898,33.6926,33.69,33.69,33.7,33.69,37
2023-08-25 19:47:00,3057,33.6874,33.69,33.69,33.69,33.68,42
2023-08-25 19:48:00,3771,33.6829,33.68,33.675,33.69,33.675,48
2023-08-25 19:49:00,4806,33.6738,33.69,33.645,33.69,33.645,96
2023-08-25 19:50:00,5969,33.6097,33.64,33.58,33.64,33.58,113
2023-08-25 19:51:00,6089,33.5923,33.59,33.58,33.6,33.58,117
2023-08-25 19:52:00,5030,33.5799,33.58,33.575,33.58,33.57,78
2023-08-25 19:53:00,4741,33.5684,33.57,33.56,33.575,33.56,78
2023-08-25 19:54:00,7099,33.5439,33.56,33.555,33.56,33.535,109
2023-08-25 19:55:00,12917,33.5366,33.56,33.53,33.56,33.52,174
2023-08-25 19:56:00,14229,33.5199,33.535,33.53,33.535,33.505,191
2023-08-25 19:57:00,16425,33.5294,33.54,33.53,33.54,33.52,223
2023-08-25 19:58:00,13185,33.5341,33.53,33.545,33.545,33.52,125
2023-08-25 19:59:00,68671,33.5017,33.54,33.49,33.54,33.49,502
2023-08-25 20:00:00,3829,33.49,33.49,33.49,33.49,33.49,13
2023-08-25 22:42:00,129,33.49,33.49,33.49,33.49,33.49,1
2023-08-28 13:20:00,744,34.1709,34.2,34.21,34.21,34.14,8
2023-08-28 13:30:00,14961,33.8541,33.85,34.0301,34.0301,33.85,34
2023-08-28 13:32:00,4122,33.9793,33.96,34.02,34.03,33.96,39
2023-08-28 13:33:00,736,34.0853,34.05,34.11,34.11,34.05,10
2023-08-28 13:34:00,663,34.0367,34.03,34.04,34.04,34.025,13
2023-08-28 13:35:00,272,34.0893,34.08,34.08,34.08,34.08,3
2023-08-28 13:36:00,2259,34.1,34.1,34.1,34.1,34.085,16
2023-08-28 13:37:00,5945,34.0912,34.14,34.09,34.14,34.07,65
2023-08-28 13:38:00,631,34.0813,34.08,34.08,34.08,34.08,12
2023-08-28 13:39:00,363,34.0776,34.08,34.08,34.08,34.08,14
2023-08-28 13:40:00,2748,34.1028,34.1,34.1,34.11,34.1,39
2023-08-28 13:41:00,3405,34.1005,34.085,34.12,34.12,34.07,35
2023-08-28 13:42:00,2813,34.143,34.13,34.17,34.17,34.12,43
2023-08-28 13:43:00,3246,34.1608,34.175,34.125,34.195,34.11,49
2023-08-28 13:44:00,2359,34.1099,34.11,34.12,34.12,34.1,48
2023-08-28 13:45:00,3125,34.1225,34.11,34.12,34.14,34.11,51
2023-08-28 13:46:00,818,34.1299,34.12,34.11,34.14,34.11,16
2023-08-28 13:47:00,653,34.151,34.16,34.13,34.16,34.13,13
2023-08-28 13:48:00,755,34.1637,34.17,34.18,34.18,34.145,15
2023-08-28 13:49:00,938,34.1457,34.13,34.14,34.16,34.13,21
2023-08-28 13:50:00,907,34.1599,34.16,34.165,34.18,34.16,26
2023-08-28 13:51:00,3764,34.1943,34.17,34.22,34.22,34.17,41
2023-08-28 13:52:00,1876,34.2555,34.23,34.26,34.275,34.23,35
2023-08-28 13:54:00,1127,34.2507,34.25,34.24,34.26,34.24,21
2023-08-28 13:55:00,783,34.2421,34.24,34.245,34.25,34.23,12
2023-08-28 13:56:00,939,34.2604,34.27,34.27,34.27,34.27,25
2023-08-28 13:57:00,441,34.276,34.28,34.28,34.28,34.28,15
2023-08-28 13:58:00,4875,34.199,34.24,34.22,34.24,34.18,63
2023-08-28 13:59:00,1151,34.2296,34.22,34.25,34.25,34.19,17
2023-08-28 14:00:00,1335,34.2511,34.23,34.25,34.275,34.22,24
2023-08-28 14:01:00,2723,34.2612,34.25,34.26,34.27,34.24,32
2023-08-28 14:02:00,1322,34.2733,34.25,34.28,34.28,34.25,31
2023-08-28 14:03:00,1328,34.2655,34.28,34.25,34.285,34.25,27
2023-08-28 14:04:00,1003,34.2518,34.25,34.27,34.27,34.25,21
2023-08-28 14:05:00,753,34.2674,34.26,34.27,34.27,34.26,17
2023-08-28 14:06:00,854,34.2552,34.26,34.25,34.26,34.25,14
2023-08-28 14:07:00,2355,34.2439,34.24,34.25,34.25,34.24,58
2023-08-28 14:08:00,818,34.2342,34.25,34.22,34.25,34.22,12
2023-08-28 14:09:00,951,34.2253,34.24,34.22,34.24,34.22,4
2023-08-28 14:10:00,1369,34.2457,34.23,34.26,34.26,34.225,31
2023-08-28 14:11:00,350,34.247,34.25,34.25,34.25,34.25,10
2023-08-28 14:12:00,4264,34.2539,34.255,34.26,34.27,34.225,68
2023-08-28 14:13:00,200,34.26,34.26,34.26,34.26,34.26,2
2023-08-28 14:14:00,1652,34.2742,34.25,34.29,34.29,34.25,33
2023-08-28 14:15:00,1548,34.2812,34.285,34.28,34.285,34.275,25
2023-08-28 14:16:00,534,34.2692,34.27,34.27,34.27,34.27,10
2023-08-28 14:17:00,886,34.2741,34.28,34.28,34.28,34.27,15
2023-08-28 14:18:00,500,34.2713,34.27,34.27,34.27,34.27,12
2023-08-28 14:19:00,454,34.2755,34.28,34.28,34.28,34.28,12
2023-08-28 14:20:00,844,34.2526,34.255,34.25,34.255,34.25,27
2023-08-28 14:21:00,1002,34.2611,34.26,34.26,34.26,34.26,30
2023-08-28 14:22:00,704,34.2664,34.27,34.265,34.2799,34.25,8
2023-08-28 14:23:00,2162,34.2547,34.25,34.25,34.27,34.25,23
2023-08-28 14:24:00,1180,34.2665,34.27,34.27,34.27,34.26,30
2023-08-28 14:25:00,2546,34.2952,34.29,34.31,34.31,34.28,38
2023-08-28 14:26:00,1409,34.3034,34.305,34.3,34.31,34.3,22
2023-08-28 14:27:00,1620,34.2682,34.27,34.27,34.27,34.26,15
2023-08-28 14:28:00,1393,34.2762,34.27,34.29,34.29,34.27,22
2023-08-28 14:29:00,1086,34.2934,34.298,34.3,34.3,34.298,23
2023-08-28 14:30:00,983,34.3087,34.31,34.31,34.31,34.31,23
2023-08-28 14:31:00,1736,34.3038,34.31,34.305,34.31,34.3,24
2023-08-28 14:32:00,377,34.3034,34.305,34.305,34.305,34.305,4
2023-08-28 14:33:00,1070,34.3091,34.31,34.32,34.32,34.305,16
2023-08-28 14:34:00,4498,34.3158,34.319,34.34,34.34,34.31,76
2023-08-28 14:35:00,1474,34.3302,34.33,34.325,34.33,34.325,28
2023-08-28 14:36:00,1002,34.3327,34.325,34.335,34.34,34.325,15
2023-08-28 14:37:00,1000,34.3409,34.34,34.345,34.345,34.34,20
2023-08-28 14:38:00,763,34.3494,34.345,34.36,34.36,34.345,19
2023-08-28 14:39:00,3800,34.3574,34.35,34.36,34.37,34.35,46
2023-08-28 14:40:00,884,34.3646,34.36,34.37,34.37,34.36,19
2023-08-28 14:41:00,499,34.37,34.37,34.37,34.37,34.37,9
2023-08-28 14:42:00,1645,34.404,34.38,34.415,34.42,34.38,23
2023-08-28 14:43:00,3507,34.402,34.415,34.41,34.415,34.39,52
2023-08-28 14:44:00,340,34.4055,34.405,34.405,34.405,34.405,5
2023-08-28 14:45:00,854,34.4027,34.4,34.405,34.405,34.4,13
2023-08-28 14:46:00,3703,34.4082,34.41,34.4,34.415,34.4,47
2023-08-28 14:47:00,904,34.3972,34.395,34.4,34.4,34.395,16
2023-08-28 14:48:00,2090,34.3838,34.4,34.37,34.4,34.37,36
2023-08-28 14:49:00,2695,34.3637,34.365,34.37,34.37,34.355,28
2023-08-28 14:50:00,20063,34.3451,34.375,34.32,34.38,34.31,141
2023-08-28 14:51:00,304,34.3276,34.325,34.329,34.329,34.325,3
2023-08-28 14:52:00,807,34.32,34.32,34.32,34.32,34.32,6
2023-08-28 14:53:00,2142,34.2895,34.32,34.28,34.32,34.27,36
2023-08-28 14:54:00,703,34.2335,34.235,34.23,34.235,34.23,10
2023-08-28 14:55:00,2036,34.1953,34.22,34.185,34.22,34.18,20
2023-08-28 14:56:00,3120,34.2298,34.19,34.26,34.26,34.19,36
2023-08-28 14:57:00,647,34.2613,34.26,34.26,34.269,34.26,13
2023-08-28 14:58:00,742,34.2759,34.27,34.27,34.27,34.27,11
2023-08-28 14:59:00,1475,34.2512,34.26,34.25,34.26,34.245,22
2023-08-28 15:00:00,2006,34.2237,34.255,34.2,34.255,34.2,23
2023-08-28 15:01:00,562,34.1889,34.2,34.18,34.2,34.18,12
2023-08-28 15:02:00,3815,34.1698,34.165,34.155,34.19,34.155,29
2023-08-28 15:03:00,514,34.164,34.16,34.165,34.165,34.16,6
2023-08-28 15:04:00,648,34.1723,34.17,34.18,34.18,34.17,12
2023-08-28 15:05:00,1185,34.1606,34.17,34.155,34.17,34.155,17
2023-08-28 15:06:00,1728,34.1591,34.155,34.165,34.17,34.155,13
2023-08-28 15:07:00,9558,34.2036,34.17,34.24,34.24,34.17,63
2023-08-28 15:08:00,5671,34.2479,34.24,34.255,34.26,34.235,40
2023-08-28 15:09:00,253,34.2518,34.25,34.25,34.25,34.25,7
2023-08-28 15:10:00,636,34.2393,34.24,34.24,34.24,34.235,10
2023-08-28 15:11:00,857,34.2395,34.235,34.25,34.25,34.235,18
2023-08-28 15:12:00,2149,34.2631,34.26,34.27,34.27,34.26,16
2023-08-28 15:13:00,504,34.2678,34.27,34.27,34.27,34.27,10
2023-08-28 15:14:00,2479,34.2543,34.26,34.25,34.26,34.25,37
2023-08-28 15:16:00,609,34.2281,34.23,34.22,34.23,34.22,8
2023-08-28 15:17:00,2746,34.2263,34.22,34.2427,34.25,34.21,45
2023-08-28 15:18:00,208,34.2352,34.23,34.23,34.23,34.23,5
2023-08-28 15:19:00,651,34.2439,34.23,34.25,34.25,34.23,6
2023-08-28 15:20:00,514,34.2399,34.24,34.235,34.24,34.235,9
2023-08-28 15:21:00,745,34.24,34.24,34.24,34.24,34.24,15
2023-08-28 15:22:00,1138,34.2206,34.23,34.19,34.23,34.19,18
2023-08-28 15:23:00,1759,34.2103,34.205,34.22,34.22,34.2,21
2023-08-28 15:24:00,736,34.2123,34.22,34.205,34.22,34.205,6
2023-08-28 15:25:00,629,34.1926,34.195,34.195,34.195,34.18,8
2023-08-28 15:26:00,920,34.2103,34.21,34.22,34.22,34.21,15
2023-08-28 15:27:00,283,34.2205,34.22,34.22,34.22,34.22,5
2023-08-28 15:28:00,1326,34.2105,34.22,34.205,34.22,34.2,15
2023-08-28 15:29:00,312,34.2048,34.205,34.205,34.205,34.205,2
2023-08-28 15:30:00,2008,34.2286,34.205,34.24,34.24,34.205,26
2023-08-28 15:31:00,1182,34.2163,34.23,34.205,34.23,34.205,13
2023-08-28 15:32:00,448,34.1966,34.195,34.195,34.195,34.195,8
2023-08-28 15:33:00,900,34.1886,34.195,34.19,34.195,34.18,10
2023-08-28 15:34:00,402,34.19,34.19,34.19,34.19,34.19,3
2023-08-28 15:35:00,5622,34.1803,34.18,34.18,34.18,34.18,8
2023-08-28 15:36:00,351,34.1807,34.175,34.175,34.175,34.175,5
2023-08-28 15:37:00,523,34.17,34.17,34.17,34.17,34.17,6
2023-08-28 15:38:00,7067,34.1937,34.18,34.195,34.2,34.18,31
2023-08-28 15:40:00,661,34.1767,34.18,34.17,34.18,34.17,14
2023-08-28 15:41:00,688,34.13,34.12,34.13,34.13,34.12,8
2023-08-28 15:42:00,1094,34.1213,34.13,34.12,34.13,34.11,17
2023-08-28 15:43:00,900,34.1174,34.115,34.115,34.115,34.115,3
2023-08-28 15:44:00,829,34.1214,34.13,34.12,34.13,34.12,10
2023-08-28 15:45:00,361,34.1203,34.12,34.12,34.12,34.12,8
2023-08-28 15:46:00,1580,34.1478,34.125,34.14,34.16,34.125,27
2023-08-28 15:47:00,1590,34.1683,34.165,34.18,34.18,34.165,21
2023-08-28 15:48:00,204,34.1594,34.17,34.17,34.17,34.17,6
2023-08-28 15:49:00,1058,34.1576,34.16,34.14,34.17,34.14,14
2023-08-28 15:50:00,1664,34.121,34.12,34.115,34.12,34.115,15
2023-08-28 15:51:00,751,34.1143,34.13,34.11,34.13,34.105,8
2023-08-28 15:52:00,327,34.1292,34.13,34.13,34.13,34.13,4
2023-08-28 15:54:00,473,34.1309,34.13,34.14,34.14,34.13,4
2023-08-28 15:55:00,300,34.125,34.125,34.125,34.125,34.125,1
2023-08-28 15:56:00,624,34.1308,34.135,34.13,34.135,34.13,7
2023-08-28 15:57:00,1840,34.1602,34.14,34.17,34.17,34.14,26
2023-08-28 15:58:00,706,34.1685,34.17,34.165,34.18,34.165,8
2023-08-28 15:59:00,1286,34.1779,34.18,34.175,34.18,34.175,15
2023-08-28 16:00:00,419,34.1798,34.18,34.18,34.18,34.18,4
2023-08-28 16:01:00,879,34.18,34.18,34.18,34.18,34.18,6
2023-08-28 16:02:00,1940,34.1868,34.19,34.185,34.19,34.18,17
2023-08-28 16:03:00,1500,34.1823,34.18,34.18,34.2,34.18,14
2023-08-28 16:04:00,688,34.1799,34.18,34.18,34.18,34.18,23
2023-08-28 16:05:00,603,34.1812,34.17,34.18,34.19,34.17,12
2023-08-28 16:06:00,1829,34.1827,34.185,34.19,34.19,34.18,11
2023-08-28 16:07:00,2137,34.1924,34.18,34.19,34.2,34.18,29
2023-08-28 16:08:00,754,34.1786,34.18,34.18,34.18,34.1702,15
2023-08-28 16:09:00,300,34.185,34.185,34.185,34.185,34.185,4
2023-08-28 16:10:00,1109,34.1795,34.18,34.17,34.18,34.17,15
2023-08-28 16:11:00,6075,34.1849,34.17,34.19,34.21,34.17,55
2023-08-28 16:12:00,1457,34.1926,34.18,34.19,34.21,34.18,18
2023-08-28 16:13:00,1178,34.2239,34.2,34.24,34.24,34.2,21
2023-08-28 16:14:00,4280,34.2373,34.2301,34.2401,34.25,34.2301,18
2023-08-28 16:15:00,745,34.26,34.26,34.26,34.26,34.26,10
2023-08-28 16:16:00,11370,34.2492,34.26,34.235,34.27,34.22,98
2023-08-28 16:17:00,1103,34.2295,34.235,34.22,34.235,34.22,8
2023-08-28 16:18:00,7269,34.2015,34.21,34.2,34.22,34.19,19
2023-08-28 16:19:00,328,34.1828,34.185,34.18,34.185,34.18,7
2023-08-28 16:20:00,551,34.1675,34.17,34.15,34.18,34.15,19
2023-08-28 16:21:00,534,34.115,34.115,34.115,34.115,34.115,7
2023-08-28 16:22:00,3690,34.1268,34.11,34.14,34.15,34.11,34
2023-08-28 16:23:00,446,34.1368,34.135,34.135,34.135,34.135,6
2023-08-28 16:24:00,2335,34.1693,34.135,34.19,34.19,34.135,27
2023-08-28 16:25:00,736,34.1696,34.18,34.16,34.18,34.16,12
2023-08-28 16:26:00,664,34.1714,34.17,34.18,34.18,34.17,10
2023-08-28 16:27:00,250,34.1761,34.175,34.175,34.175,34.175,3
2023-08-28 16:28:00,300,34.175,34.175,34.175,34.175,34.175,1
2023-08-28 16:29:00,306,34.18,34.18,34.18,34.18,34.18,2
2023-08-28 16:30:00,141,34.1742,34.18,34.18,34.18,34.18,2
2023-08-28 16:31:00,821,34.1583,34.16,34.155,34.16,34.155,7
2023-08-28 16:32:00,1612,34.1664,34.16,34.165,34.17,34.16,26
2023-08-28 16:34:00,1968,34.1643,34.17,34.17,34.175,34.16,29
2023-08-28 16:35:00,2303,34.1552,34.16,34.16,34.17,34.15,19
2023-08-28 16:37:00,405,34.1449,34.15,34.145,34.15,34.14,7
2023-08-28 16:39:00,384,34.14,34.14,34.14,34.14,34.14,7
2023-08-28 16:42:00,2239,34.1334,34.13,34.145,34.145,34.12,31
2023-08-28 16:43:00,399,34.1487,34.145,34.1499,34.1499,34.145,2
2023-08-28 16:44:00,4152,34.1432,34.13,34.16,34.16,34.13,44
2023-08-28 16:45:00,473,34.1623,34.169,34.16,34.169,34.16,7
2023-08-28 16:46:00,876,34.1492,34.15,34.15,34.15,34.15,20
2023-08-28 16:47:00,13098,34.1596,34.14,34.16,34.17,34.14,22
2023-08-28 16:48:00,6544,34.16,34.16,34.16,34.16,34.16,18
2023-08-28 16:49:00,544,34.1618,34.16,34.16,34.16,34.16,4
2023-08-28 16:50:00,1371,34.1611,34.16,34.155,34.17,34.155,15
2023-08-28 16:51:00,1542,34.148,34.15,34.135,34.165,34.135,30
2023-08-28 16:52:00,1880,34.1489,34.15,34.15,34.15,34.145,19
2023-08-28 16:53:00,2382,34.1567,34.15,34.16,34.17,34.15,31
2023-08-28 16:55:00,333,34.1485,34.145,34.15,34.15,34.145,4
2023-08-28 16:58:00,720,34.1428,34.16,34.14,34.16,34.14,13
2023-08-28 16:59:00,554,34.1401,34.1401,34.14,34.1401,34.14,12
2023-08-28 17:00:00,1277,34.1468,34.15,34.14,34.15,34.14,22
2023-08-28 17:01:00,2843,34.1679,34.16,34.19,34.19,34.155,30
2023-08-28 17:02:00,401,34.1675,34.16,34.17,34.17,34.16,4
2023-08-28 17:03:00,460,34.1486,34.15,34.145,34.15,34.145,9
2023-08-28 17:04:00,311,34.152,34.15,34.15,34.15,34.15,4
2023-08-28 17:05:00,333,34.151,34.15,34.145,34.155,34.145,8
2023-08-28 17:06:00,912,34.1603,34.16,34.16,34.16,34.16,5
2023-08-28 17:07:00,134,34.1584,34.155,34.155,34.155,34.155,2
2023-08-28 17:08:00,103,34.1594,34.16,34.16,34.16,34.16,4
2023-08-28 17:09:00,876,34.1119,34.12,34.11,34.12,34.11,24
2023-08-28 17:10:00,3254,34.1268,34.12,34.13,34.14,34.12,20
2023-08-28 17:11:00,241,34.1229,34.12,34.12,34.12,34.12,7
2023-08-28 17:12:00,368,34.0929,34.09,34.09,34.09,34.09,12
2023-08-28 17:13:00,426,34.0784,34.085,34.085,34.085,34.07,11
2023-08-28 17:14:00,897,34.0857,34.07,34.07,34.07,34.07,11
2023-08-28 17:15:00,600,34.0589,34.0734,34.0734,34.0734,34.0734,18
2023-08-28 17:16:00,2485,34.0687,34.05,34.08,34.08,34.05,33
2023-08-28 17:17:00,411,34.0792,34.075,34.075,34.0837,34.075,5
2023-08-28 17:19:00,206,34.0774,34.075,34.075,34.075,34.075,4
2023-08-28 17:20:00,256,34.0713,34.07,34.07,34.07,34.07,7
2023-08-28 17:21:00,759,34.0746,34.07,34.08,34.08,34.07,11
2023-08-28 17:22:00,282,34.073,34.07,34.07,34.07,34.07,7
2023-08-28 17:24:00,1249,34.0594,34.06,34.0532,34.06,34.0532,15
2023-08-28 17:26:00,610,34.0533,34.045,34.045,34.045,34.045,16
2023-08-28 17:27:00,1026,34.0373,34.05,34.03,34.05,34.03,13
2023-08-28 17:28:00,421,34.0253,34.0248,34.03,34.03,34.0248,6
2023-08-28 17:29:00,597,34.03,34.03,34.03,34.03,34.03,12
2023-08-28 17:30:00,589,34.0322,34.04,34.04,34.04,34.04,19
2023-08-28 17:31:00,574,34.0429,34.05,34.04,34.05,34.04,12
2023-08-28 17:32:00,704,34.04,34.04,34.048,34.048,34.03,8
2023-08-28 17:33:00,2150,34.0609,34.05,34.07,34.07,34.05,33
2023-08-28 17:34:00,711,34.0505,34.05,34.05,34.05,34.05,12
2023-08-28 17:35:00,3168,34.0761,34.05,34.1,34.1,34.05,39
2023-08-28 17:36:00,2189,34.0831,34.1,34.0845,34.1,34.08,23
2023-08-28 17:37:00,1532,34.0892,34.07,34.1,34.1,34.07,23
2023-08-28 17:38:00,5151,34.1369,34.12,34.155,34.16,34.12,33
2023-08-28 17:39:00,500,34.1502,34.148,34.148,34.148,34.148,4
2023-08-28 17:40:00,937,34.1692,34.165,34.17,34.18,34.16,11
2023-08-28 17:41:00,1866,34.1413,34.16,34.11,34.16,34.11,27
2023-08-28 17:42:00,1367,34.1146,34.12,34.105,34.13,34.105,20
2023-08-28 17:43:00,212,34.1094,34.11,34.11,34.11,34.11,3
2023-08-28 17:45:00,495,34.0901,34.0901,34.0901,34.0901,34.0901,1
2023-08-28 17:46:00,1333,34.0906,34.105,34.085,34.105,34.085,24
2023-08-28 17:47:00,200,34.085,34.09,34.08,34.09,34.08,2
2023-08-28 17:48:00,418,34.0796,34.065,34.065,34.065,34.065,5
2023-08-28 17:49:00,3197,34.0781,34.06,34.099,34.099,34.06,32
2023-08-28 17:50:00,200,34.08,34.08,34.08,34.08,34.08,2
2023-08-28 17:51:00,685,34.0927,34.09,34.1,34.1,34.09,13
2023-08-28 17:53:00,111,34.098,34.1,34.1,34.1,34.1,2
2023-08-28 17:54:00,919,34.0673,34.07,34.07,34.07,34.07,13
2023-08-28 17:55:00,1180,34.0357,34.03,34.035,34.04,34.03,11
2023-08-28 17:56:00,292,34.0322,34.03,34.0364,34.0364,34.03,4
2023-08-28 17:57:00,869,34.0208,34.02,34.025,34.025,34.02,10
2023-08-28 17:58:00,208,34.0356,34.01,34.01,34.01,34.01,3
2023-08-28 17:59:00,257,34.0087,34.01,34.01,34.01,34.01,5
2023-08-28 18:02:00,218,33.9889,33.99,33.99,33.99,33.99,6
2023-08-28 18:04:00,131,34.0054,34.01,34.01,34.01,34.01,3
2023-08-28 18:05:00,405,33.9992,34.0007,34.0007,34.0007,34.0007,4
2023-08-28 18:06:00,381,34.0073,34.01,34.0,34.01,34.0,7
2023-08-28 18:07:00,129,34.0096,34.01,34.01,34.01,34.01,6
2023-08-28 18:08:00,2985,34.014,34.01,34.01,34.02,34.01,41
2023-08-28 18:09:00,1980,34.0234,34.02,34.029,34.03,34.02,16
2023-08-28 18:10:00,247,34.0134,34.01,34.01,34.01,34.01,8
2023-08-28 18:11:00,915,34.0111,34.01,34.02,34.02,34.01,25
2023-08-28 18:12:00,164,34.0161,34.02,34.02,34.02,34.02,3
2023-08-28 18:14:00,100,34.02,34.02,34.02,34.02,34.02,1
2023-08-28 18:15:00,398,34.0029,34.0,34.0,34.0,34.0,10
2023-08-28 18:16:00,350,34.0,34.0,34.0,34.0,34.0,7
2023-08-28 18:17:00,210,34.0095,34.01,34.01,34.01,34.01,2
2023-08-28 18:18:00,402,33.9963,34.01,33.9917,34.01,33.9917,4
2023-08-28 18:19:00,891,33.9931,33.99,34.0,34.0,33.99,20
2023-08-28 18:20:00,967,34.0043,34.0,34.01,34.01,34.0,16
2023-08-28 18:21:00,270,34.0099,34.01,34.01,34.01,34.01,7
2023-08-28 18:22:00,401,34.01,34.01,34.01,34.01,34.01,5
2023-08-28 18:23:00,675,34.013,34.01,34.02,34.02,34.01,9
2023-08-28 18:24:00,283,34.02,34.02,34.02,34.02,34.02,6
2023-08-28 18:25:00,377,34.0312,34.03,34.03,34.03,34.03,10
2023-08-28 18:26:00,171,34.03,34.03,34.03,34.03,34.03,5
2023-08-28 18:27:00,1521,34.0368,34.03,34.04,34.04,34.03,22
2023-08-28 18:28:00,757,34.0402,34.05,34.035,34.05,34.035,18
2023-08-28 18:29:00,709,34.0233,34.03,34.03,34.03,34.03,30
2023-08-28 18:31:00,521,34.0056,34.0,34.0,34.0,34.0,13
2023-08-28 18:32:00,336,34.003,34.0,34.0,34.0,34.0,12
2023-08-28 18:33:00,1272,34.017,34.03,34.01,34.03,34.01,29
2023-08-28 18:34:00,398,34.03,34.03,34.03,34.03,34.03,9
2023-08-28 18:35:00,803,34.0338,34.03,34.04,34.04,34.03,4
2023-08-28 18:36:00,621,34.0313,34.031,34.03,34.031,34.03,4
2023-08-28 18:37:00,1062,34.0429,34.04,34.04,34.05,34.04,22
2023-08-28 18:38:00,4391,34.03,34.03,34.03,34.03,34.025,54
2023-08-28 18:39:00,454,34.0387,34.035,34.04,34.04,34.035,7
2023-08-28 18:40:00,1510,34.0427,34.035,34.05,34.05,34.035,30
2023-08-28 18:41:00,500,34.054,34.05,34.055,34.055,34.05,4
2023-08-28 18:42:00,1377,34.047,34.05,34.04,34.05,34.04,29
2023-08-28 18:43:00,213,34.0404,34.04,34.04,34.04,34.04,7
2023-08-28 18:44:00,979,34.042,34.04,34.04,34.05,34.04,12
2023-08-28 18:45:00,399,34.047,34.04,34.04,34.04,34.04,19
2023-08-28 18:47:00,480,34.0458,34.04,34.05,34.05,34.04,12
2023-08-28 18:48:00,415,34.03,34.03,34.03,34.03,34.03,17
2023-08-28 18:49:00,1018,34.0355,34.04,34.02,34.04,34.02,24
2023-08-28 18:50:00,1199,34.0163,34.02,34.01,34.02,34.01,32
2023-08-28 18:51:00,526,34.0198,34.015,34.02,34.02,34.015,16
2023-08-28 18:52:00,697,34.0073,34.01,34.0003,34.01,34.0,14
2023-08-28 18:53:00,407,34.0,34.0,34.0,34.0,34.0,5
2023-08-28 18:54:00,1034,34.0099,34.01,34.01,34.01,34.01,18
2023-08-28 18:55:00,136,34.01,34.01,34.01,34.01,34.01,4
2023-08-28 18:56:00,2092,34.0074,34.0,34.02,34.02,34.0,28
2023-08-28 18:57:00,975,34.0101,34.0106,34.01,34.0106,34.01,18
2023-08-28 18:58:00,504,34.0119,34.01,34.01,34.02,34.01,7
2023-08-28 19:00:00,223,34.0099,34.02,34.0,34.02,34.0,4
2023-08-28 19:01:00,756,34.0072,34.0,34.01,34.01,34.0,10
2023-08-28 19:02:00,124,34.0091,34.01,34.01,34.01,34.01,6
2023-08-28 19:03:00,2834,34.0116,34.005,34.01,34.02,34.0025,58
2023-08-28 19:04:00,1721,34.0076,34.0,34.01,34.01,34.0,26
2023-08-28 19:05:00,357,33.999,34.0,34.0,34.0,34.0,11
2023-08-28 19:07:00,1216,34.0079,34.0,34.01,34.01,34.0,28
2023-08-28 19:08:00,607,34.0088,34.01,34.01,34.01,34.01,20
2023-08-28 19:09:00,308,33.997,34.0,33.99,34.0,33.99,6
2023-08-28 19:10:00,1055,33.9957,34.0,33.992,34.0,33.9912,14
2023-08-28 19:11:00,1383,33.9988,34.0,34.0,34.0,33.995,30
2023-08-28 19:12:00,2943,34.0061,34.01,33.999,34.01,33.99,29
2023-08-28 19:13:00,2158,33.9868,34.0,33.97,34.0,33.97,37
2023-08-28 19:14:00,869,33.9817,33.98,33.985,33.985,33.98,16
2023-08-28 19:15:00,531,33.9741,33.975,33.979,33.979,33.97,6
2023-08-28 19:16:00,2855,33.986,33.98,33.985,33.99,33.98,51
2023-08-28 19:17:00,715,33.9976,34.0,34.0,34.0,33.99,18
2023-08-28 19:19:00,220,33.9904,33.99,33.99,33.99,33.99,4
2023-08-28 19:20:00,794,33.9862,33.99,33.98,33.99,33.98,22
2023-08-28 19:21:00,1906,33.98,33.98,33.97,33.99,33.97,33
2023-08-28 19:22:00,1893,34.0076,33.99,34.02,34.02,33.99,26
2023-08-28 19:23:00,2804,33.9989,34.01,33.995,34.01,33.99,50
2023-08-28 19:24:00,764,33.99,33.99,33.99,33.99,33.99,14
2023-08-28 19:25:00,211,33.9853,33.98,33.99,33.99,33.98,5
2023-08-28 19:26:00,430,33.9923,33.99,34.0,34.0,33.99,10
2023-08-28 19:27:00,3183,34.0018,34.0,34.01,34.01,34.0,44
2023-08-28 19:28:00,1540,34.0091,34.0,34.01,34.015,34.0,25
2023-08-28 19:29:00,2900,33.9979,34.01,33.99,34.01,33.99,50
2023-08-28 19:30:00,2833,33.9629,33.96,33.9655,33.97,33.96,25
2023-08-28 19:31:00,2376,33.9776,33.965,33.98,33.98,33.965,43
2023-08-28 19:32:00,922,33.9532,33.96,33.94,33.96,33.935,25
2023-08-28 19:33:00,3164,33.964,33.965,33.965,33.97,33.96,28
2023-08-28 19:34:00,541,33.9673,33.97,33.97,33.97,33.96,13
2023-08-28 19:35:00,2239,33.9522,33.96,33.95,33.965,33.94,32
2023-08-28 19:36:00,1108,33.9599,33.94,33.96,33.965,33.94,15
2023-08-28 19:37:00,1977,33.9525,33.96,33.94,33.96,33.94,35
2023-08-28 19:38:00,2149,33.9605,33.95,33.97,33.97,33.95,29
2023-08-28 19:39:00,3238,33.9444,33.96,33.93,33.96,33.93,34
2023-08-28 19:40:00,654,33.9276,33.93,33.925,33.93,33.92,15
2023-08-28 19:41:00,1496,33.9351,33.92,33.92,33.92,33.92,10
2023-08-28 19:42:00,2510,33.9267,33.92,33.93,33.93,33.92,32
2023-08-28 19:43:00,1322,33.9204,33.92,33.925,33.925,33.92,24
2023-08-28 19:44:00,2397,33.9233,33.92,33.93,33.93,33.92,30
2023-08-28 19:45:00,2171,33.948,33.935,33.96,33.96,33.935,34
2023-08-28 19:46:00,3149,33.9774,33.97,33.99,33.99,33.97,37
2023-08-28 19:47:00,4401,34.0038,34.0,34.0,34.01,34.0,56
2023-08-28 19:48:00,5568,33.9854,33.995,33.98,33.995,33.9725,76
2023-08-28 19:49:00,7335,33.9855,33.985,33.985,33.99,33.975,82
2023-08-28 19:50:00,6777,33.9675,33.98,33.9712,33.98,33.95,78
2023-08-28 19:51:00,7563,33.9495,33.97,33.93,33.97,33.93,90
2023-08-28 19:52:00,4694,33.9394,33.92,33.92,33.93,33.92,38
2023-08-28 19:53:00,5473,33.9195,33.91,33.93,33.93,33.9,75
2023-08-28 19:54:00,7072,33.9276,33.93,33.93,33.935,33.92,80
2023-08-28 19:55:00,6947,33.9295,33.925,33.925,33.93,33.9225,79
2023-08-28 19:56:00,7262,33.9244,33.925,33.925,33.94,33.91,75
2023-08-28 19:57:00,10629,33.9158,33.92,33.91,33.93,33.9,118
2023-08-28 19:58:00,11538,33.9124,33.91,33.925,33.925,33.9025,124
2023-08-28 19:59:00,28671,33.9414,33.925,33.96,33.96,33.92,234
2023-08-28 20:00:00,522,33.94,33.94,33.94,33.94,33.94,4
