t,v,vw,o,c,h,l,n
2024-01-22 14:30:00,33466,137.6774,137.64,137.855,137.91,137.64,375
2024-01-22 14:31:00,1519,138.2967,138.2,138.43,138.43,138.2,61
2024-01-22 14:32:00,4229,138.1924,138.38,138.03,138.385,138.025,127
2024-01-22 14:33:00,4253,137.8966,138.025,137.9,138.045,137.69,162
2024-01-22 14:34:00,2534,137.9008,137.945,137.79,137.965,137.79,92
2024-01-22 14:35:00,1824,137.8363,137.79,137.885,137.885,137.78,66
2024-01-22 14:36:00,13622,138.0606,137.99,138.14,138.2616,137.99,167
2024-01-22 14:37:00,730,138.1753,138.1575,138.145,138.2,138.145,25
2024-01-22 14:38:00,1825,138.2062,138.25,138.26,138.26,138.17,54
2024-01-22 14:39:00,2090,138.2886,138.25,138.295,138.295,138.24,69
2024-01-22 14:40:00,5085,138.3392,138.32,138.33,138.41,138.28,120
2024-01-22 14:41:00,2327,138.2129,138.27,138.165,138.32,138.12,98
2024-01-22 14:42:00,3798,138.1178,138.11,138.17,138.2,138.0,172
2024-01-22 14:43:00,1897,138.1706,138.1575,138.25,138.25,138.09,61
2024-01-22 14:44:00,2352,138.2175,138.275,138.225,138.275,138.13,79
2024-01-22 14:45:00,2322,138.272,138.24,138.3,138.3,138.235,128
2024-01-22 14:46:00,2737,138.2705,138.315,138.27,138.35,138.16,90
2024-01-22 14:47:00,475,138.2627,138.27,138.26,138.27,138.26,71
2024-01-22 14:48:00,5480,138.2085,138.255,138.2,138.255,138.19,91
2024-01-22 14:49:00,1423,138.2467,138.24,138.22,138.24,138.22,82
2024-01-22 14:50:00,1822,138.3856,138.3899,138.4134,138.42,138.34,64
2024-01-22 14:51:00,443,138.4938,138.495,138.5,138.5,138.495,38
2024-01-22 14:52:00,975,138.5501,138.56,138.585,138.585,138.56,56
2024-01-22 14:53:00,284,138.6328,138.635,138.645,138.645,138.635,21
2024-01-22 14:54:00,3323,138.5907,138.61,138.58,138.61,138.565,91
2024-01-22 14:55:00,1403,138.5763,138.59,138.55,138.59,138.55,65
2024-01-22 14:56:00,703,138.5021,138.55,138.49,138.55,138.49,31
2024-01-22 14:57:00,1204,138.4435,138.46,138.405,138.4675,138.405,54
2024-01-22 14:58:00,1994,138.3798,138.39,138.365,138.39,138.365,61
2024-01-22 14:59:00,997,138.3645,138.355,138.39,138.39,138.35,32
2024-01-22 15:00:00,3837,138.3627,138.395,138.35,138.395,138.345,89
2024-01-22 15:01:00,1236,138.2377,138.28,138.15,138.28,138.15,45
2024-01-22 15:02:00,998,138.1435,138.14,138.12,138.14,138.11,42
2024-01-22 15:03:00,3408,138.0666,138.11,138.07,138.11,138.01,94
2024-01-22 15:04:00,1623,138.0544,138.06,138.07,138.07,138.06,63
2024-01-22 15:05:00,4036,138.1067,138.05,138.18,138.18,138.05,113
2024-01-22 15:06:00,1353,138.2781,138.2,138.31,138.32,138.2,57
2024-01-22 15:07:00,923,138.3043,138.305,138.305,138.305,138.305,27
2024-01-22 15:08:00,2988,138.2653,138.31,138.23,138.31,138.23,66
2024-01-22 15:09:00,1651,138.187,138.19,138.15,138.21,138.15,85
2024-01-22 15:10:00,1573,138.1036,138.14,138.04,138.14,138.04,75
2024-01-22 15:11:00,1861,138.056,138.04,138.07,138.07,138.03,57
2024-01-22 15:12:00,538,138.1287,138.135,138.135,138.135,138.135,41
2024-01-22 15:13:00,870,138.1681,138.145,138.18,138.18,138.145,30
2024-01-22 15:14:00,1524,138.2185,138.22,138.195,138.22,138.195,39
2024-01-22 15:15:00,2617,138.2014,138.17,138.185,138.25,138.17,58
2024-01-22 15:16:00,732,138.1737,138.17,138.17,138.17,138.15,50
2024-01-22 15:17:00,800,138.1992,138.17,138.21,138.22,138.17,59
2024-01-22 15:18:00,1680,138.2144,138.225,138.185,138.23,138.185,53
2024-01-22 15:19:00,2816,138.1943,138.21,138.17,138.22,138.17,96
2024-01-22 15:20:00,3088,138.2267,138.2,138.26,138.26,138.19,85
2024-01-22 15:21:00,931,138.2872,138.26,138.29,138.3,138.26,21
2024-01-22 15:22:00,1103,138.2879,138.29,138.29,138.29,138.285,22
2024-01-22 15:23:00,1346,138.2442,138.25,138.2591,138.26,138.23,35
2024-01-22 15:24:00,3521,138.2514,138.2,138.29,138.29,138.2,88
2024-01-22 15:25:00,1440,138.2688,138.28,138.27,138.28,138.24,63
2024-01-22 15:26:00,1875,138.3193,138.325,138.33,138.335,138.32,81
2024-01-22 15:27:00,1600,138.3349,138.33,138.32,138.36,138.32,42
2024-01-22 15:28:00,2137,138.314,138.335,138.3,138.355,138.28,56
2024-01-22 15:29:00,1240,138.2793,138.28,138.29,138.29,138.25,49
2024-01-22 15:30:00,2160,138.2718,138.24,138.24,138.29,138.24,67
2024-01-22 15:31:00,1397,138.2639,138.28,138.28,138.28,138.26,122
2024-01-22 15:32:00,3260,138.1987,138.25,138.23,138.25,138.16,102
2024-01-22 15:33:00,2826,138.2392,138.18,138.23,138.27,138.18,76
2024-01-22 15:34:00,2551,138.2043,138.21,138.19,138.21,138.18,97
2024-01-22 15:35:00,1843,138.245,138.19,138.28,138.28,138.19,77
2024-01-22 15:36:00,1416,138.2905,138.315,138.28,138.315,138.26,42
2024-01-22 15:37:00,2859,138.2934,138.3,138.26,138.315,138.26,74
2024-01-22 15:38:00,163,138.3345,138.33,138.33,138.33,138.33,17
2024-01-22 15:39:00,43361,138.3833,138.36,138.4889,138.4889,138.36,87
2024-01-22 15:40:00,2951,138.441,138.47,138.42,138.47,138.395,88
2024-01-22 15:41:00,837,138.4776,138.43,138.5,138.5,138.43,35
2024-01-22 15:42:00,5269,138.4819,138.48,138.48,138.515,138.48,118
2024-01-22 15:43:00,3528,138.5585,138.48,138.665,138.665,138.48,107
2024-01-22 15:44:00,7038,138.6636,138.7,138.605,138.72,138.6,171
2024-01-22 15:45:00,1862,138.638,138.595,138.66,138.675,138.595,65
2024-01-22 15:46:00,27488,138.6521,138.65,138.68,138.71,138.65,58
2024-01-22 15:47:00,2442,138.6092,138.66,138.61,138.66,138.56,120
2024-01-22 15:48:00,1230,138.5368,138.55,138.54,138.55,138.5,41
2024-01-22 15:49:00,658,138.5857,138.6,138.6,138.6,138.6,35
2024-01-22 15:50:00,988,138.5816,138.55,138.6,138.6,138.55,41
2024-01-22 15:51:00,784,138.5871,138.605,138.5775,138.605,138.5775,10
2024-01-22 15:52:00,5673,138.5298,138.57,138.53,138.57,138.47,110
2024-01-22 15:53:00,1272,138.5183,138.535,138.49,138.535,138.49,31
2024-01-22 15:54:00,408,138.4909,138.47,138.47,138.47,138.47,13
2024-01-22 15:55:00,6991,138.4502,138.48,138.46,138.5,138.38,155
2024-01-22 15:56:00,2438,138.4429,138.48,138.445,138.49,138.405,63
2024-01-22 15:57:00,1633,138.4489,138.445,138.45,138.45,138.445,41
2024-01-22 15:58:00,2117,138.4165,138.46,138.39,138.46,138.39,64
2024-01-22 15:59:00,2610,138.4148,138.41,138.38,138.44,138.38,77
2024-01-22 16:00:00,1525,138.3639,138.38,138.37,138.38,138.35,50
2024-01-22 16:01:00,2736,138.3898,138.4,138.38,138.41,138.38,46
2024-01-22 16:02:00,5039,138.2716,138.36,138.29,138.36,138.21,75
2024-01-22 16:04:00,857,138.1878,138.17,138.16,138.17,138.16,24
2024-01-22 16:05:00,2208,138.2265,138.22,138.22,138.24,138.195,75
2024-01-22 16:06:00,1963,138.2238,138.22,138.19,138.235,138.19,45
2024-01-22 16:07:00,520,138.1728,138.17,138.17,138.17,138.17,29
2024-01-22 16:08:00,1790,138.1358,138.15,138.12,138.15,138.113,79
2024-01-22 16:09:00,630,138.1252,138.12,138.14,138.14,138.11,20
2024-01-22 16:10:00,2890,138.1879,138.14,138.25,138.25,138.14,100
2024-01-22 16:11:00,2533,138.1965,138.24,138.17,138.24,138.16,57
2024-01-22 16:12:00,3362,138.1471,138.16,138.155,138.16,138.1,101
2024-01-22 16:13:00,463,138.1453,138.13,138.13,138.13,138.13,17
2024-01-22 16:14:00,3746,138.1572,138.15,138.15,138.17,138.13,75
2024-01-22 16:15:00,313,138.1592,138.17,138.15,138.17,138.15,15
2024-01-22 16:16:00,1292,138.1552,138.17,138.15,138.17,138.135,40
2024-01-22 16:17:00,1007,138.1436,138.145,138.13,138.15,138.13,22
2024-01-22 16:18:00,1366,138.1754,138.17,138.19,138.19,138.17,77
2024-01-22 16:19:00,2718,138.1705,138.19,138.17,138.19,138.12,77
2024-01-22 16:20:00,4430,138.2203,138.215,138.215,138.3,138.2,131
2024-01-22 16:21:00,956,138.2247,138.235,138.225,138.235,138.215,34
2024-01-22 16:22:00,2841,138.1934,138.225,138.165,138.225,138.165,90
2024-01-22 16:23:00,1393,138.1315,138.13,138.11,138.13,138.11,40
2024-01-22 16:24:00,1627,138.1244,138.125,138.13,138.14,138.11,59
2024-01-22 16:25:00,724,138.1738,138.14,138.23,138.23,138.14,31
2024-01-22 16:26:00,1186,138.2656,138.28,138.265,138.28,138.25,27
2024-01-22 16:27:00,1142,138.2729,138.265,138.31,138.31,138.25,42
2024-01-22 16:28:00,1371,138.3122,138.3,138.38,138.38,138.3,43
2024-01-22 16:29:00,337,138.393,138.4,138.4,138.4,138.4,19
2024-01-22 16:30:00,1759,138.4012,138.395,138.415,138.47,138.355,35
2024-01-22 16:31:00,1725,138.3932,138.41,138.39,138.41,138.39,30
2024-01-22 16:32:00,1091,138.3514,138.38,138.37,138.38,138.37,44
2024-01-22 16:33:00,542,138.3809,138.39,138.39,138.39,138.39,27
2024-01-22 16:34:00,2020,138.3685,138.385,138.39,138.39,138.34,64
2024-01-22 16:35:00,388,138.3835,138.4,138.37,138.4,138.37,10
2024-01-22 16:36:00,1951,138.3745,138.39,138.38,138.39,138.37,49
2024-01-22 16:37:00,440,138.3885,138.385,138.4,138.4,138.385,7
2024-01-22 16:38:00,3314,138.4745,138.41,138.53,138.55,138.41,96
2024-01-22 16:39:00,532,138.5136,138.53,138.515,138.53,138.515,10
2024-01-22 16:40:00,4733,138.4699,138.505,138.455,138.505,138.4265,135
2024-01-22 16:41:00,1140,138.4692,138.45,138.5,138.5,138.43,47
2024-01-22 16:42:00,883,138.5023,138.53,138.49,138.53,138.49,24
2024-01-22 16:43:00,2284,138.4777,138.485,138.47,138.485,138.47,43
2024-01-22 16:44:00,1331,138.4348,138.46,138.44,138.46,138.39,47
2024-01-22 16:45:00,1210,138.5014,138.46,138.5,138.53,138.46,46
2024-01-22 16:46:00,755,138.458,138.5,138.43,138.5,138.43,27
2024-01-22 16:47:00,453,138.4593,138.455,138.455,138.455,138.455,22
2024-01-22 16:48:00,1483,138.4427,138.44,138.42,138.46,138.42,42
2024-01-22 16:49:00,595,138.3864,138.41,138.34,138.41,138.34,25
2024-01-22 16:50:00,697,138.3408,138.3474,138.33,138.3474,138.33,32
2024-01-22 16:51:00,900,138.3157,138.31,138.3,138.32,138.3,46
2024-01-22 16:52:00,530,138.3263,138.33,138.3,138.33,138.3,28
2024-01-22 16:53:00,2301,138.3304,138.29,138.327,138.34,138.29,69
2024-01-22 16:54:00,618,138.3437,138.335,138.35,138.35,138.33,25
2024-01-22 16:55:00,1167,138.3478,138.33,138.37,138.37,138.33,33
2024-01-22 16:56:00,1763,138.4051,138.35,138.445,138.46,138.35,46
2024-01-22 16:57:00,1446,138.4827,138.46,138.51,138.51,138.46,41
2024-01-22 16:58:00,2006,138.5059,138.5,138.53,138.53,138.49,53
2024-01-22 16:59:00,4635,138.5057,138.51,138.5,138.53,138.49,97
2024-01-22 17:00:00,2753,138.5004,138.49,138.49,138.53,138.49,50
2024-01-22 17:01:00,942,138.4971,138.49,138.505,138.505,138.49,28
2024-01-22 17:02:00,1051,138.468,138.48,138.48,138.48,138.48,48
2024-01-22 17:03:00,1047,138.4405,138.45,138.4,138.45,138.4,31
2024-01-22 17:04:00,1169,138.4526,138.43,138.46,138.46,138.43,57
2024-01-22 17:05:00,683,138.5029,138.5,138.5,138.52,138.5,22
2024-01-22 17:06:00,4230,138.5077,138.5,138.47,138.53,138.47,106
2024-01-22 17:07:00,2456,138.4251,138.45,138.46,138.46,138.39,69
2024-01-22 17:08:00,323,138.4835,138.475,138.47,138.475,138.47,11
2024-01-22 17:09:00,890,138.4666,138.46,138.46,138.46,138.46,37
2024-01-22 17:10:00,447,138.4933,138.49,138.49,138.49,138.49,17
2024-01-22 17:11:00,2252,138.4804,138.49,138.48,138.49,138.47,57
2024-01-22 17:12:00,637,138.4668,138.46,138.46,138.46,138.46,32
2024-01-22 17:13:00,614,138.4728,138.475,138.48,138.48,138.475,26
2024-01-22 17:14:00,1269,138.4815,138.47,138.485,138.485,138.47,55
2024-01-22 17:15:00,416,138.4875,138.49,138.48,138.49,138.48,12
2024-01-22 17:16:00,1163,138.4695,138.48,138.47,138.48,138.47,46
2024-01-22 17:17:00,1291,138.4283,138.44,138.41,138.44,138.41,42
2024-01-22 17:18:00,942,138.419,138.425,138.41,138.43,138.41,26
2024-01-22 17:19:00,589,138.418,138.425,138.41,138.425,138.41,31
2024-01-22 17:20:00,1181,138.4319,138.42,138.455,138.455,138.4,57
2024-01-22 17:21:00,1511,138.4799,138.47,138.5,138.5,138.47,50
2024-01-22 17:22:00,687,138.5248,138.515,138.525,138.535,138.515,30
2024-01-22 17:23:00,680,138.5564,138.555,138.555,138.555,138.555,27
2024-01-22 17:24:00,1483,138.5663,138.58,138.57,138.58,138.565,30
2024-01-22 17:25:00,175,138.5724,138.58,138.58,138.58,138.58,15
2024-01-22 17:26:00,4593,138.5234,138.55,138.49,138.55,138.49,114
2024-01-22 17:27:00,576,138.4595,138.46,138.46,138.46,138.46,35
2024-01-22 17:28:00,743,138.446,138.45,138.45,138.45,138.43,38
2024-01-22 17:29:00,1443,138.4422,138.46,138.43,138.46,138.43,52
2024-01-22 17:30:00,1016,138.4303,138.44,138.44,138.44,138.44,42
2024-01-22 17:31:00,1862,138.4151,138.43,138.365,138.445,138.365,69
2024-01-22 17:32:00,344,138.3621,138.355,138.3425,138.355,138.3425,13
2024-01-22 17:33:00,422,138.351,138.3425,138.355,138.355,138.3425,19
2024-01-22 17:34:00,1965,138.3228,138.33,138.31,138.355,138.31,78
2024-01-22 17:35:00,660,138.2814,138.275,138.245,138.275,138.245,32
2024-01-22 17:36:00,1255,138.2415,138.2,138.25,138.25,138.2,68
2024-01-22 17:37:00,822,138.237,138.22,138.22,138.22,138.22,27
2024-01-22 17:38:00,1780,138.1948,138.18,138.15,138.195,138.15,59
2024-01-22 17:39:00,1180,138.1709,138.18,138.16,138.18,138.16,40
2024-01-22 17:40:00,2234,138.1329,138.1543,138.11,138.1543,138.1,66
2024-01-22 17:41:00,654,138.1042,138.125,138.11,138.125,138.09,17
2024-01-22 17:42:00,596,138.1048,138.11,138.1,138.11,138.1,28
2024-01-22 17:43:00,778,138.1051,138.11,138.09,138.115,138.09,32
2024-01-22 17:44:00,2228,138.0863,138.12,138.0275,138.12,138.0275,83
2024-01-22 17:45:00,1654,138.0438,138.05,138.02,138.05,138.02,51
2024-01-22 17:46:00,692,138.0411,138.01,138.05,138.05,138.01,32
2024-01-22 17:47:00,1734,138.0496,138.02,138.08,138.08,138.01,84
2024-01-22 17:48:00,1179,138.0675,138.08,138.01,138.09,138.01,30
2024-01-22 17:49:00,1406,138.0199,138.035,138.01,138.035,138.01,34
2024-01-22 17:50:00,1168,138.0174,138.01,137.98,138.02,137.98,39
2024-01-22 17:51:00,1239,138.0223,138.005,138.03,138.03,138.005,39
2024-01-22 17:52:00,888,138.0626,138.08,138.05,138.08,138.05,42
2024-01-22 17:53:00,2664,138.0993,138.07,138.1,138.12,138.07,64
2024-01-22 17:54:00,1027,138.071,138.08,138.03,138.08,138.03,41
2024-01-22 17:55:00,911,138.0594,138.05,138.07,138.07,138.05,31
2024-01-22 17:56:00,246,138.0501,138.05,138.05,138.05,138.05,14
2024-01-22 17:57:00,1390,138.0161,138.03,138.015,138.03,138.01,51
2024-01-22 17:58:00,1506,138.032,138.025,138.03,138.04,138.025,86
2024-01-22 17:59:00,1678,138.0316,138.02,138.01,138.02,138.01,55
2024-01-22 18:00:00,1545,138.0381,138.03,138.03,138.045,138.03,46
2024-01-22 18:01:00,663,138.0576,138.06,138.05,138.06,138.05,24
2024-01-22 18:02:00,1478,138.0621,138.05,138.05,138.07,138.05,44
2024-01-22 18:03:00,324,138.0624,138.0698,138.05,138.0698,138.05,7
2024-01-22 18:04:00,2721,138.0401,138.05,138.03,138.05,138.03,98
2024-01-22 18:05:00,1353,138.0255,138.02,138.03,138.03,138.02,25
2024-01-22 18:06:00,1023,138.0599,138.03,138.05,138.07,138.03,46
2024-01-22 18:07:00,537,138.0134,138.0,138.0,138.0,138.0,29
2024-01-22 18:08:00,819,138.0217,138.02,138.025,138.025,138.02,17
2024-01-22 18:09:00,431,138.0181,138.015,138.015,138.015,138.015,15
2024-01-22 18:10:00,1605,138.0143,138.01,138.03,138.03,138.0,63
2024-01-22 18:11:00,588,138.0788,138.07,138.08,138.08,138.07,28
2024-01-22 18:12:00,868,138.067,138.07,138.07,138.07,138.0632,25
2024-01-22 18:13:00,3873,138.0508,138.07,138.025,138.08,138.025,88
2024-01-22 18:14:00,439,137.9908,138.01,137.96,138.01,137.96,21
2024-01-22 18:15:00,3821,138.0001,138.01,138.01,138.02,137.975,82
2024-01-22 18:16:00,1048,137.984,138.0,137.97,138.0,137.97,39
2024-01-22 18:17:00,1371,137.9705,137.94,137.98,137.98,137.94,51
2024-01-22 18:18:00,521,137.9773,137.97,137.98,137.98,137.97,14
2024-01-22 18:19:00,1053,137.9775,137.98,137.97,137.98,137.97,31
2024-01-22 18:20:00,2166,137.9442,137.96,137.93,137.96,137.93,83
2024-01-22 18:21:00,1319,137.9622,137.96,137.97,137.97,137.96,44
2024-01-22 18:22:00,2143,137.9963,138.0,138.01,138.01,137.985,54
2024-01-22 18:23:00,577,137.9896,137.995,137.995,137.995,137.995,14
2024-01-22 18:24:00,1489,137.9745,137.98,137.96,137.98,137.96,28
2024-01-22 18:25:00,738,137.9752,137.97,137.97,137.99,137.97,41
2024-01-22 18:26:00,942,137.9449,137.94,137.94,137.95,137.94,38
2024-01-22 18:27:00,2124,137.9121,137.93,137.87,137.93,137.87,62
2024-01-22 18:28:00,908,137.8885,137.845,137.845,137.845,137.845,45
2024-01-22 18:30:00,962,137.9079,137.9,137.92,137.92,137.9,34
2024-01-22 18:31:00,714,137.9564,137.94,137.975,137.975,137.94,33
2024-01-22 18:32:00,1409,137.9599,137.97,137.94,137.97,137.94,51
2024-01-22 18:33:00,1054,137.9285,137.9275,137.93,137.93,137.9,39
2024-01-22 18:34:00,970,137.9525,137.94,137.95,137.97,137.94,24
2024-01-22 18:35:00,208,137.9363,137.94,137.94,137.94,137.94,6
2024-01-22 18:36:00,863,137.9623,137.93,137.97,137.97,137.93,46
2024-01-22 18:38:00,1412,137.9861,137.99,137.98,137.99,137.98,39
2024-01-22 18:39:00,724,137.9546,137.96,137.96,137.96,137.93,20
2024-01-22 18:40:00,1102,137.9427,137.94,137.93,137.94,137.93,33
2024-01-22 18:41:00,785,137.9451,137.95,137.93,137.95,137.93,36
2024-01-22 18:43:00,1164,137.9629,137.95,137.95,137.98,137.95,50
2024-01-22 18:44:00,2170,137.954,137.95,137.94,137.97,137.94,59
2024-01-22 18:45:00,1687,137.9641,137.96,137.96,137.97,137.96,68
2024-01-22 18:46:00,698,138.02,138.02,138.05,138.05,138.02,34
2024-01-22 18:47:00,154,138.0826,138.085,138.085,138.085,138.085,6
2024-01-22 18:48:00,808,138.0866,138.085,138.08,138.085,138.08,33
2024-01-22 18:49:00,1335,138.0538,138.07,138.04,138.07,138.04,56
2024-01-22 18:50:00,816,138.0524,138.05,138.035,138.06,138.035,25
2024-01-22 18:51:00,833,138.0533,138.05,138.05,138.07,138.05,26
2024-01-22 18:52:00,373,138.0802,138.09,138.09,138.09,138.09,21
2024-01-22 18:53:00,2260,138.0745,138.095,138.07,138.11,138.04,97
2024-01-22 18:54:00,693,138.0889,138.11,138.07,138.11,138.07,32
2024-01-22 18:55:00,401,138.0582,138.05,138.05,138.05,138.05,21
2024-01-22 18:56:00,560,138.0686,138.075,138.07,138.075,138.05,27
2024-01-22 18:57:00,670,138.0683,138.0731,138.06,138.0731,138.06,25
2024-01-22 18:58:00,1095,138.0595,138.05,138.05,138.05,138.05,47
2024-01-22 18:59:00,1072,138.0573,138.065,138.04,138.065,138.04,24
2024-01-22 19:00:00,1818,138.0806,138.09,138.09,138.09,138.08,60
2024-01-22 19:01:00,1015,138.0936,138.1,138.11,138.11,138.1,43
2024-01-22 19:02:00,603,138.1155,138.11,138.12,138.13,138.11,20
2024-01-22 19:03:00,3254,138.1191,138.12,138.105,138.13,138.105,76
2024-01-22 19:04:00,1126,138.1114,138.11,138.1,138.12,138.1,27
2024-01-22 19:05:00,1497,138.0734,138.1,138.07,138.1,138.07,60
2024-01-22 19:06:00,135,138.0337,138.03,138.03,138.03,138.03,8
2024-01-22 19:07:00,1229,138.0165,138.03,138.02,138.03,137.9805,46
2024-01-22 19:08:00,1423,138.0053,138.02,138.0,138.02,137.98,47
2024-01-22 19:09:00,1348,138.0127,138.01,138.005,138.03,138.0,48
2024-01-22 19:10:00,1528,137.9515,137.99,137.935,137.99,137.93,75
2024-01-22 19:11:00,2011,137.9737,137.97,137.96,137.97,137.96,45
2024-01-22 19:12:00,880,137.9507,137.9477,137.96,137.96,137.9477,12
2024-01-22 19:13:00,2280,137.963,137.97,137.9642,137.97,137.94,24
2024-01-22 19:14:00,3140,137.9705,137.98,137.96,137.98,137.96,88
2024-01-22 19:15:00,2116,137.943,137.95,137.91,137.95,137.91,68
2024-01-22 19:16:00,3183,137.9447,137.93,137.935,137.96,137.93,92
2024-01-22 19:17:00,214,137.9335,137.93,137.93,137.93,137.93,20
2024-01-22 19:18:00,1212,137.945,137.96,137.925,137.96,137.925,41
2024-01-22 19:19:00,1047,137.9258,137.93,137.92,137.93,137.91,34
2024-01-22 19:20:00,1172,137.8879,137.89,137.89,137.89,137.88,43
2024-01-22 19:21:00,1031,137.9165,137.92,137.91,137.92,137.91,35
2024-01-22 19:22:00,765,137.8709,137.89,137.85,137.89,137.85,32
2024-01-22 19:23:00,1201,137.8844,137.87,137.9,137.9,137.87,47
2024-01-22 19:24:00,2106,137.9031,137.88,137.93,137.93,137.875,76
2024-01-22 19:25:00,632,137.9048,137.91,137.89,137.91,137.89,28
2024-01-22 19:26:00,1417,137.894,137.91,137.87,137.91,137.87,59
2024-01-22 19:27:00,1066,137.8735,137.88,137.88,137.88,137.88,35
2024-01-22 19:28:00,1805,137.9023,137.9,137.89,137.91,137.88,48
2024-01-22 19:29:00,1144,137.8863,137.89,137.89,137.89,137.87,52
2024-01-22 19:30:00,791,137.9076,137.9,137.92,137.92,137.9,34
2024-01-22 19:31:00,2668,137.9198,137.93,137.95,137.95,137.93,62
2024-01-22 19:32:00,3592,137.9303,137.93,137.95,137.95,137.91,114
2024-01-22 19:33:00,1609,137.9579,137.92,137.95,137.96,137.92,58
2024-01-22 19:34:00,2030,137.9113,137.93,137.88,137.93,137.88,62
2024-01-22 19:35:00,994,137.913,137.905,137.93,137.93,137.89,44
2024-01-22 19:36:00,1268,137.94,137.93,137.94,137.94,137.93,45
2024-01-22 19:37:00,2268,137.9256,137.94,137.91,137.94,137.91,62
2024-01-22 19:38:00,1850,137.9081,137.89,137.92,137.92,137.89,58
2024-01-22 19:39:00,621,137.8792,137.88,137.87,137.88,137.87,24
2024-01-22 19:40:00,1374,137.8816,137.87,137.87,137.885,137.87,50
2024-01-22 19:41:00,1569,137.9115,137.87,137.87,137.87,137.87,26
2024-01-22 19:42:00,1837,137.8906,137.8901,137.9,137.9,137.88,28
2024-01-22 19:43:00,2324,137.8753,137.88,137.88,137.88,137.86,70
2024-01-22 19:44:00,719,137.8858,137.88,137.88,137.88,137.88,27
2024-01-22 19:45:00,579,137.8892,137.89,137.88,137.9,137.88,20
2024-01-22 19:46:00,526,137.89,137.89,137.89,137.89,137.89,25
2024-01-22 19:47:00,696,137.8672,137.87,137.86,137.87,137.86,32
2024-01-22 19:48:00,2117,137.8102,137.84,137.8,137.84,137.78,81
2024-01-22 19:49:00,839,137.8118,137.81,137.81,137.82,137.81,36
2024-01-22 19:50:00,1359,137.8221,137.8,137.8,137.8268,137.8,18
2024-01-22 19:51:00,1032,137.7814,137.78,137.79,137.79,137.77,52
2024-01-22 19:52:00,1214,137.8,137.78,137.8,137.8,137.78,41
2024-01-22 19:53:00,1508,137.8225,137.83,137.81,137.83,137.81,52
2024-01-22 19:54:00,2381,137.8059,137.81,137.7901,137.81,137.79,60
2024-01-22 19:55:00,750,137.7949,137.78,137.786,137.81,137.78,24
2024-01-22 19:56:00,1655,137.7717,137.77,137.77,137.77,137.77,53
2024-01-22 19:57:00,1308,137.7555,137.77,137.74,137.77,137.72,52
2024-01-22 19:58:00,1313,137.7493,137.7453,137.76,137.76,137.73,57
2024-01-22 19:59:00,518,137.75,137.75,137.75,137.75,137.74,15
2024-01-22 20:00:00,1619,137.7682,137.77,137.76,137.77,137.76,56
2024-01-22 20:01:00,1718,137.7515,137.765,137.745,137.765,137.74,50
2024-01-22 20:02:00,2652,137.7281,137.745,137.705,137.745,137.7,86
2024-01-22 20:03:00,1866,137.6963,137.71,137.68,137.71,137.65,58
2024-01-22 20:04:00,1558,137.7058,137.69,137.69,137.71,137.69,56
2024-01-22 20:05:00,1390,137.7193,137.71,137.725,137.725,137.71,45
2024-01-22 20:06:00,2346,137.7292,137.72,137.73,137.74,137.72,68
2024-01-22 20:07:00,1908,137.7381,137.74,137.745,137.75,137.73,69
2024-01-22 20:08:00,1018,137.7427,137.74,137.75,137.75,137.74,37
2024-01-22 20:09:00,1942,137.7692,137.74,137.785,137.79,137.74,99
2024-01-22 20:10:00,3640,137.8218,137.84,137.8,137.85,137.8,92
2024-01-22 20:11:00,1223,137.8035,137.79,137.805,137.81,137.79,48
2024-01-22 20:12:00,3393,137.776,137.79,137.76,137.79,137.755,88
2024-01-22 20:13:00,2284,137.7586,137.76,137.78,137.78,137.745,81
2024-01-22 20:14:00,1033,137.7668,137.775,137.76,137.775,137.75,28
2024-01-22 20:15:00,1926,137.7505,137.76,137.75,137.76,137.73,68
2024-01-22 20:16:00,2545,137.7539,137.745,137.76,137.76,137.73,110
2024-01-22 20:17:00,824,137.7757,137.77,137.77,137.78,137.77,29
2024-01-22 20:18:00,3975,137.7854,137.77,137.78,137.79,137.77,102
2024-01-22 20:19:00,3907,137.7586,137.775,137.73,137.775,137.73,115
2024-01-22 20:20:00,4508,137.7124,137.73,137.7,137.73,137.69,115
2024-01-22 20:21:00,1573,137.7236,137.705,137.73,137.73,137.705,63
2024-01-22 20:22:00,2697,137.7328,137.72,137.75,137.75,137.72,77
2024-01-22 20:23:00,1110,137.7718,137.76,137.78,137.78,137.76,42
2024-01-22 20:24:00,869,137.7665,137.77,137.775,137.775,137.77,49
2024-01-22 20:25:00,3378,137.785,137.78,137.82,137.82,137.775,116
2024-01-22 20:26:00,2978,137.8269,137.82,137.83,137.84,137.82,86
2024-01-22 20:27:00,1619,137.8501,137.84,137.86,137.86,137.84,58
2024-01-22 20:28:00,2686,137.9005,137.87,137.93,137.93,137.865,81
2024-01-22 20:29:00,2771,137.9295,137.95,137.96,137.96,137.94,81
2024-01-22 20:30:00,3170,137.934,137.95,137.92,137.95,137.92,134
2024-01-22 20:31:00,2639,137.9568,137.92,137.985,137.985,137.92,88
2024-01-22 20:32:00,1801,137.9568,137.97,137.925,137.97,137.925,76
2024-01-22 20:33:00,2002,137.9248,137.925,137.935,137.935,137.9176,58
2024-01-22 20:34:00,4385,137.9197,137.92,137.9,137.92,137.9,88
2024-01-22 20:35:00,2978,137.8912,137.89,137.89,137.9,137.885,87
2024-01-22 20:36:00,2604,137.9263,137.9,137.94,137.945,137.9,106
2024-01-22 20:37:00,3593,137.9594,137.9475,137.96,137.97,137.9475,112
2024-01-22 20:38:00,2044,137.9391,137.95,137.9,137.95,137.9,76
2024-01-22 20:39:00,1431,137.9034,137.9,137.9,137.9,137.89,55
2024-01-22 20:40:00,2740,137.8881,137.8739,137.895,137.8978,137.8739,95
2024-01-22 20:41:00,3613,137.857,137.89,137.825,137.89,137.825,125
2024-01-22 20:42:00,2493,137.8024,137.81,137.79,137.81,137.79,102
2024-01-22 20:43:00,2795,137.804,137.78,137.825,137.825,137.78,110
2024-01-22 20:44:00,1730,137.8157,137.82,137.8171,137.82,137.81,65
2024-01-22 20:45:00,2625,137.7852,137.8,137.77,137.8,137.77,135
2024-01-22 20:46:00,3414,137.7829,137.78,137.76,137.8,137.76,129
2024-01-22 20:47:00,4422,137.763,137.77,137.73,137.77,137.73,132
2024-01-22 20:48:00,1760,137.7262,137.74,137.71,137.74,137.7,71
2024-01-22 20:49:00,7130,137.7555,137.73,137.75,137.75,137.725,206
2024-01-22 20:50:00,7789,137.7646,137.73,137.8,137.815,137.71,260
2024-01-22 20:51:00,6298,137.8203,137.79,137.8,137.86,137.79,220
2024-01-22 20:52:00,4668,137.7851,137.805,137.79,137.805,137.77,187
2024-01-22 20:53:00,9625,137.756,137.78,137.74,137.785,137.72,252
2024-01-22 20:54:00,18950,137.6688,137.73,137.675,137.73,137.56,511
2024-01-22 20:55:00,13567,137.6757,137.67,137.65,137.71,137.65,360
2024-01-22 20:56:00,14063,137.6233,137.65,137.55,137.65,137.55,357
2024-01-22 20:57:00,15863,137.5708,137.56,137.595,137.595,137.54,440
2024-01-22 20:58:00,13067,137.6074,137.6,137.61,137.62,137.595,361
2024-01-22 20:59:00,40544,137.5943,137.61,137.6,137.615,137.57,818
2024-01-22 21:00:00,28297,137.57,137.57,137.57,137.57,137.57,56
2024-01-22 21:04:00,2403,137.57,137.57,137.57,137.57,137.57,1
2024-01-23 14:29:00,726,138.01,138.01,138.01,138.01,138.01,1
2024-01-23 14:30:00,17497,138.198,138.22,138.13,138.52,137.94,131
2024-01-23 14:31:00,3334,138.5795,138.3531,138.66,138.69,138.3531,100
2024-01-23 14:32:00,6254,138.7823,138.73,138.965,138.965,138.725,159
2024-01-23 14:33:00,2463,138.8031,138.91,138.735,138.91,138.71,72
2024-01-23 14:34:00,1813,138.791,138.835,138.81,138.835,138.72,58
2024-01-23 14:35:00,1418,138.8171,138.875,138.81,138.875,138.8,37
2024-01-23 14:36:00,6447,138.9638,138.855,138.925,139.1,138.855,158
2024-01-23 14:37:00,972,139.0088,138.985,138.985,138.985,138.985,35
2024-01-23 14:38:00,7997,139.1412,139.06,139.015,139.25,138.995,185
2024-01-23 14:39:00,2683,139.0047,138.98,138.98,139.0,138.95,93
2024-01-23 14:40:00,4133,138.8055,138.98,138.75,139.05,138.75,100
2024-01-23 14:41:00,2367,138.7135,138.75,138.72,138.75,138.68,66
2024-01-23 14:42:00,8735,138.8129,138.76,138.87,138.98,138.73,215
2024-01-23 14:43:00,2032,138.9012,138.91,138.96,138.96,138.88,58
2024-01-23 14:44:00,3302,139.1094,139.03,139.21,139.21,139.03,95
2024-01-23 14:45:00,12371,139.2751,139.15,139.29,139.35,139.15,264
2024-01-23 14:46:00,1102,139.2786,139.275,139.31,139.31,139.27,32
2024-01-23 14:47:00,3448,139.2743,139.27,139.31,139.31,139.26,74
2024-01-23 14:48:00,5767,139.2716,139.299,139.23,139.34,139.23,152
2024-01-23 14:49:00,2369,139.3117,139.25,139.3799,139.3799,139.25,80
2024-01-23 14:50:00,4611,139.3467,139.355,139.35,139.395,139.33,137
2024-01-23 14:51:00,8655,139.3362,139.35,139.32,139.35,139.31,185
2024-01-23 14:52:00,2004,139.2919,139.3,139.305,139.305,139.26,51
2024-01-23 14:53:00,580,139.3003,139.305,139.26,139.315,139.26,22
2024-01-23 14:54:00,2622,139.3372,139.275,139.37,139.37,139.275,92
2024-01-23 14:55:00,3135,139.2934,139.33,139.19,139.3699,139.19,87
2024-01-23 14:56:00,2616,139.1845,139.15,139.175,139.24,139.15,63
2024-01-23 14:57:00,605,139.1464,139.165,139.1375,139.165,139.1375,24
2024-01-23 14:58:00,2008,139.2201,139.24,139.21,139.24,139.2,77
2024-01-23 14:59:00,543,139.2388,139.24,139.24,139.24,139.24,18
2024-01-23 15:00:00,1783,139.1832,139.19,139.18,139.195,139.17,55
2024-01-23 15:01:00,1880,139.1006,139.13,139.0,139.1499,139.0,54
2024-01-23 15:02:00,878,138.993,139.0,139.0,139.0,139.0,34
2024-01-23 15:03:00,1690,138.907,138.935,138.88,138.94,138.88,55
2024-01-23 15:04:00,714,138.9478,138.93,138.97,138.97,138.93,42
2024-01-23 15:05:00,2360,138.9444,138.96,138.915,138.96,138.915,80
2024-01-23 15:06:00,1730,138.8977,138.95,138.9,138.95,138.9,67
2024-01-23 15:07:00,5479,138.9317,138.95,138.93,138.98,138.9265,47
2024-01-23 15:08:00,638,138.8877,138.87,138.87,138.87,138.87,17
2024-01-23 15:09:00,2657,138.839,138.85,138.8038,138.85,138.8038,76
2024-01-23 15:10:00,2656,138.7686,138.8,138.74,138.8,138.74,93
2024-01-23 15:11:00,671,138.7456,138.75,138.74,138.75,138.74,20
2024-01-23 15:12:00,869,138.8037,138.79,138.79,138.8,138.79,24
2024-01-23 15:13:00,2234,138.7988,138.83,138.785,138.84,138.785,83
2024-01-23 15:14:00,975,138.7826,138.79,138.775,138.79,138.77,38
2024-01-23 15:16:00,2699,138.7741,138.76,138.78,138.795,138.76,59
2024-01-23 15:17:00,1625,138.8526,138.82,138.905,138.91,138.82,66
2024-01-23 15:18:00,3603,138.9087,138.92,138.905,138.95,138.9,57
2024-01-23 15:19:00,3115,138.9421,138.905,138.99,138.99,138.88,82
2024-01-23 15:20:00,2848,138.9793,138.99,138.98,138.99,138.96,62
2024-01-23 15:21:00,2338,138.9571,139.01,138.975,139.01,138.92,72
2024-01-23 15:22:00,1354,139.0177,139.07,139.0,139.07,139.0,37
2024-01-23 15:23:00,3092,138.972,138.99,138.945,139.01,138.94,78
2024-01-23 15:24:00,3162,138.9321,138.97,138.85,138.99,138.85,87
2024-01-23 15:25:00,1890,138.8522,138.88,138.815,138.88,138.815,52
2024-01-23 15:26:00,1093,138.8507,138.83,138.88,138.89,138.8,46
2024-01-23 15:27:00,2326,138.8831,138.88,138.905,138.905,138.87,50
2024-01-23 15:28:00,2139,138.9218,138.9,138.925,138.96,138.9,61
2024-01-23 15:29:00,2181,138.9493,138.95,138.93,138.97,138.93,64
2024-01-23 15:30:00,747,138.9738,138.98,138.95,138.98,138.95,31
2024-01-23 15:31:00,2345,138.9173,138.93,138.895,138.93,138.895,69
2024-01-23 15:32:00,1448,138.8893,138.89,138.88,138.92,138.88,41
2024-01-23 15:33:00,1279,138.8522,138.885,138.84,138.885,138.84,41
2024-01-23 15:34:00,1300,138.8148,138.82,138.82,138.82,138.79,32
2024-01-23 15:35:00,1998,138.8259,138.84,138.86,138.86,138.79,77
2024-01-23 15:36:00,1136,138.8516,138.83,138.87,138.87,138.83,36
2024-01-23 15:37:00,2749,138.9007,138.88,138.86,138.92,138.86,68
2024-01-23 15:38:00,1637,138.8154,138.82,138.79,138.8296,138.79,56
2024-01-23 15:39:00,2056,138.8046,138.77,138.83,138.83,138.76,66
2024-01-23 15:40:00,447,138.8342,138.825,138.825,138.825,138.825,18
2024-01-23 15:41:00,3149,138.8077,138.8,138.815,138.815,138.79,66
2024-01-23 15:42:00,2712,138.8585,138.815,138.87,138.89,138.815,88
2024-01-23 15:43:00,2237,138.8148,138.83,138.805,138.83,138.805,61
2024-01-23 15:44:00,1726,138.7605,138.775,138.725,138.78,138.725,45
2024-01-23 15:45:00,1587,138.7478,138.77,138.745,138.77,138.745,35
2024-01-23 15:46:00,3219,138.7611,138.76,138.78,138.79,138.74,90
2024-01-23 15:47:00,3516,138.7561,138.77,138.745,138.77,138.74,75
2024-01-23 15:48:00,5205,138.7251,138.75,138.74,138.75,138.7,156
2024-01-23 15:49:00,1076,138.7627,138.76,138.77,138.77,138.76,29
2024-01-23 15:50:00,2319,138.7877,138.76,138.825,138.825,138.76,61
2024-01-23 15:51:00,2988,138.8311,138.83,138.835,138.85,138.81,64
2024-01-23 15:52:00,4035,138.8592,138.855,138.85,138.88,138.845,96
2024-01-23 15:53:00,4022,138.8648,138.87,138.78,138.895,138.78,100
2024-01-23 15:54:00,712,138.7587,138.745,138.77,138.77,138.745,26
2024-01-23 15:55:00,1504,138.7731,138.77,138.78,138.78,138.77,26
2024-01-23 15:56:00,4296,138.8394,138.8,138.86,138.86,138.8,85
2024-01-23 15:57:00,1562,138.8219,138.83,138.79,138.83,138.79,56
2024-01-23 15:58:00,3113,138.8472,138.785,138.865,138.89,138.785,93
2024-01-23 15:59:00,976,138.8807,138.865,138.8691,138.89,138.865,47
2024-01-23 16:00:00,2697,138.8771,138.9,138.86,138.9,138.84,58
2024-01-23 16:01:00,1831,138.8508,138.865,138.855,138.865,138.83,49
2024-01-23 16:02:00,3809,138.8931,138.855,138.92,138.94,138.855,93
2024-01-23 16:03:00,2033,138.8912,138.91,138.915,138.915,138.89,33
2024-01-23 16:04:00,1832,138.9072,138.915,138.88,138.94,138.88,50
2024-01-23 16:05:00,1333,138.873,138.845,138.87,138.89,138.835,47
2024-01-23 16:06:00,1621,138.8129,138.875,138.76,138.875,138.76,66
2024-01-23 16:07:00,1436,138.7467,138.7101,138.79,138.79,138.7101,50
2024-01-23 16:08:00,1389,138.8044,138.82,138.8,138.83,138.8,39
2024-01-23 16:09:00,1730,138.757,138.79,138.7,138.79,138.7,54
2024-01-23 16:10:00,1417,138.7455,138.72,138.745,138.76,138.72,38
2024-01-23 16:11:00,1327,138.7297,138.72,138.72,138.76,138.72,36
2024-01-23 16:12:00,2041,138.7093,138.7,138.7,138.74,138.695,79
2024-01-23 16:13:00,186,138.6921,138.69,138.69,138.69,138.69,12
2024-01-23 16:14:00,8633,138.6971,138.69,138.7,138.73,138.67,170
2024-01-23 16:15:00,947,138.7185,138.71,138.73,138.74,138.71,22
2024-01-23 16:16:00,823,138.7093,138.71,138.72,138.72,138.7,29
2024-01-23 16:17:00,1204,138.7405,138.72,138.74,138.75,138.72,48
2024-01-23 16:18:00,844,138.7667,138.75,138.781,138.781,138.75,44
2024-01-23 16:19:00,2591,138.7433,138.77,138.76,138.77,138.72,91
2024-01-23 16:20:00,453,138.7721,138.76,138.78,138.78,138.76,28
2024-01-23 16:21:00,1823,138.7703,138.8,138.77,138.8,138.77,63
2024-01-23 16:22:00,1094,138.6798,138.68,138.68,138.68,138.68,30
2024-01-23 16:23:00,1141,138.7213,138.68,138.72,138.74,138.68,47
2024-01-23 16:24:00,2598,138.7332,138.75,138.71,138.75,138.71,85
2024-01-23 16:25:00,7961,138.6346,138.72,138.63,138.72,138.58,144
2024-01-23 16:26:00,4268,138.6402,138.62,138.67,138.68,138.6,99
2024-01-23 16:27:00,1350,138.6628,138.645,138.67,138.675,138.645,40
2024-01-23 16:28:00,2480,138.6988,138.68,138.73,138.74,138.67,77
2024-01-23 16:29:00,639,138.7222,138.71,138.73,138.73,138.71,31
2024-01-23 16:30:00,851,138.7211,138.73,138.69,138.73,138.69,33
2024-01-23 16:31:00,562,138.7139,138.705,138.705,138.705,138.705,29
2024-01-23 16:32:00,2098,138.6935,138.71,138.69,138.71,138.67,62
2024-01-23 16:33:00,2625,138.6957,138.7,138.7,138.72,138.68,56
2024-01-23 16:34:00,979,138.6705,138.68,138.67,138.68,138.67,38
2024-01-23 16:35:00,1189,138.6668,138.65,138.67,138.68,138.65,39
2024-01-23 16:36:00,432,138.6703,138.67,138.67,138.67,138.67,20
2024-01-23 16:37:00,3090,138.6478,138.63,138.64,138.65,138.63,86
2024-01-23 16:38:00,1664,138.6438,138.64,138.645,138.655,138.62,56
2024-01-23 16:39:00,1328,138.6638,138.63,138.68,138.68,138.63,50
2024-01-23 16:40:00,1090,138.6432,138.65,138.63,138.65,138.63,44
2024-01-23 16:41:00,3274,138.613,138.62,138.6,138.63,138.595,84
2024-01-23 16:42:00,1466,138.6181,138.615,138.6,138.6184,138.6,75
2024-01-23 16:43:00,687,138.6274,138.63,138.6289,138.63,138.6289,34
2024-01-23 16:44:00,1932,138.6485,138.64,138.655,138.66,138.64,82
2024-01-23 16:45:00,1007,138.6726,138.67,138.7,138.7,138.67,42
2024-01-23 16:46:00,2895,138.7065,138.695,138.72,138.72,138.695,84
2024-01-23 16:47:00,260,138.7262,138.72,138.72,138.72,138.72,23
2024-01-23 16:48:00,2096,138.6967,138.71,138.71,138.71,138.71,79
2024-01-23 16:49:00,617,138.7129,138.715,138.7,138.72,138.7,39
2024-01-23 16:50:00,1561,138.7223,138.72,138.72,138.73,138.72,81
2024-01-23 16:51:00,1821,138.7504,138.74,138.78,138.78,138.73,67
2024-01-23 16:52:00,1698,138.7586,138.77,138.765,138.77,138.76,52
2024-01-23 16:53:00,621,138.7897,138.79,138.79,138.79,138.79,46
2024-01-23 16:54:00,2963,138.8138,138.81,138.83,138.83,138.8,71
2024-01-23 16:55:00,1509,138.8345,138.835,138.84,138.845,138.83,53
2024-01-23 16:57:00,779,138.8359,138.83,138.83,138.83,138.83,35
2024-01-23 16:58:00,2990,138.8539,138.86,138.83,138.87,138.83,106
2024-01-23 16:59:00,887,138.8614,138.855,138.87,138.87,138.855,50
2024-01-23 17:01:00,1964,138.8523,138.86,138.85,138.86,138.85,60
2024-01-23 17:02:00,2172,138.8401,138.86,138.84,138.86,138.825,82
2024-01-23 17:03:00,1104,138.8249,138.83,138.825,138.83,138.825,42
2024-01-23 17:04:00,897,138.81,138.81,138.81,138.81,138.81,39
2024-01-23 17:05:00,326,138.8249,138.82,138.83,138.83,138.82,32
2024-01-23 17:06:00,766,138.8132,138.81,138.82,138.82,138.81,28
2024-01-23 17:07:00,805,138.8094,138.8,138.81,138.81,138.8,45
2024-01-23 17:08:00,1452,138.7774,138.79,138.7603,138.79,138.7603,67
2024-01-23 17:09:00,1409,138.7823,138.77,138.805,138.805,138.77,43
2024-01-23 17:10:00,2770,138.824,138.83,138.82,138.835,138.82,81
2024-01-23 17:11:00,771,138.827,138.83,138.83,138.83,138.82,41
2024-01-23 17:12:00,1811,138.813,138.81,138.81,138.82,138.81,55
2024-01-23 17:13:00,866,138.7904,138.79,138.81,138.81,138.79,42
2024-01-23 17:15:00,837,138.7846,138.79,138.775,138.79,138.775,37
2024-01-23 17:16:00,7506,138.4788,138.78,138.77,138.78,138.77,65
2024-01-23 17:18:00,1429,138.7822,138.78,138.77,138.78,138.77,66
2024-01-23 17:19:00,1143,138.7701,138.78,138.77,138.78,138.77,38
2024-01-23 17:21:00,769,138.7148,138.75,138.7,138.75,138.7,35
2024-01-23 17:22:00,1383,138.7099,138.69,138.67,138.69,138.67,37
2024-01-23 17:23:00,752,138.6344,138.63,138.63,138.63,138.63,32
2024-01-23 17:24:00,1030,138.6254,138.6,138.62,138.64,138.6,56
2024-01-23 17:25:00,890,138.6432,138.64,138.65,138.65,138.64,42
2024-01-23 17:27:00,1345,138.6365,138.64,138.62,138.655,138.62,36
2024-01-23 17:28:00,883,138.6167,138.625,138.62,138.625,138.62,50
2024-01-23 17:29:00,397,138.6325,138.64,138.64,138.64,138.64,23
2024-01-23 17:30:00,1736,138.6505,138.65,138.65,138.66,138.65,71
2024-01-23 17:31:00,2478,138.6095,138.61,138.61,138.63,138.6,72
2024-01-23 17:32:00,469,138.6315,138.64,138.64,138.64,138.64,29
2024-01-23 17:33:00,1252,138.6154,138.62,138.6,138.62,138.6,30
2024-01-23 17:34:00,2519,138.6213,138.59,138.6,138.64,138.59,99
2024-01-23 17:35:00,887,138.5546,138.575,138.555,138.575,138.55,40
2024-01-23 17:36:00,857,138.5738,138.56,138.59,138.59,138.56,40
2024-01-23 17:37:00,1190,138.6117,138.6,138.62,138.62,138.59,39
2024-01-23 17:38:00,457,138.6381,138.625,138.65,138.65,138.625,29
2024-01-23 17:39:00,2035,138.6238,138.64,138.61,138.64,138.61,67
2024-01-23 17:40:00,1498,138.6034,138.6,138.595,138.62,138.59,45
2024-01-23 17:42:00,964,138.6269,138.615,138.64,138.64,138.615,43
2024-01-23 17:43:00,1875,138.6281,138.64,138.62,138.64,138.62,63
2024-01-23 17:44:00,748,138.6243,138.61,138.63,138.63,138.61,34
2024-01-23 17:45:00,1146,138.6383,138.64,138.65,138.65,138.64,43
2024-01-23 17:46:00,2136,138.6859,138.66,138.72,138.72,138.66,53
2024-01-23 17:47:00,6857,138.7765,138.71,138.79,138.82,138.71,183
2024-01-23 17:48:00,2197,138.7567,138.77,138.76,138.775,138.74,57
2024-01-23 17:49:00,1220,138.7525,138.75,138.75,138.76,138.745,40
2024-01-23 17:50:00,663,138.7594,138.77,138.77,138.77,138.755,18
2024-01-23 17:51:00,1454,138.7729,138.7783,138.77,138.78,138.77,46
2024-01-23 17:52:00,1373,138.7998,138.79,138.81,138.81,138.79,54
2024-01-23 17:53:00,9021,138.8345,138.819,138.86,138.87,138.819,116
2024-01-23 17:54:00,3424,138.9075,138.92,138.94,138.94,138.88,100
2024-01-23 17:55:00,2284,138.9364,138.9458,138.94,138.97,138.93,72
2024-01-23 17:56:00,2063,138.9109,138.91,138.93,138.93,138.9,61
2024-01-23 17:57:00,1246,138.9308,138.92,138.92,138.94,138.92,45
2024-01-23 17:58:00,2006,138.9086,138.915,138.91,138.93,138.9,57
2024-01-23 17:59:00,10136,138.9283,138.905,138.9357,138.96,138.905,123
2024-01-23 18:00:00,1822,138.9255,138.935,138.95,138.95,138.91,62
2024-01-23 18:01:00,865,138.9337,138.93,138.95,138.95,138.93,24
2024-01-23 18:02:00,5775,138.9917,138.95,139.02,139.02,138.95,103
2024-01-23 18:03:00,1470,138.9973,139.015,138.98,139.015,138.98,53
2024-01-23 18:04:00,3307,139.0113,138.99,139.06,139.06,138.97,83
2024-01-23 18:05:00,8623,139.0479,139.06,139.03,139.085,139.02,166
2024-01-23 18:06:00,1199,139.0365,139.02,139.04,139.04,139.02,33
2024-01-23 18:07:00,1811,139.0197,139.06,138.985,139.06,138.985,76
2024-01-23 18:08:00,1610,138.9833,138.985,139.0,139.0,138.97,45
2024-01-23 18:09:00,1147,139.0031,139.01,139.0,139.01,139.0,48
2024-01-23 18:11:00,2222,139.0311,139.01,139.06,139.06,139.005,84
2024-01-23 18:12:00,1584,139.0386,139.04,139.03,139.044,139.03,30
2024-01-23 18:13:00,809,139.0252,139.04,139.015,139.04,139.015,36
2024-01-23 18:14:00,819,138.9855,139.0,138.97,139.0,138.97,61
2024-01-23 18:15:00,952,138.9281,138.93,138.915,138.93,138.915,40
2024-01-23 18:16:00,639,138.938,138.94,138.93,138.94,138.93,28
2024-01-23 18:17:00,890,138.9112,138.9378,138.915,138.9378,138.89,30
2024-01-23 18:18:00,1229,138.9519,138.93,138.925,138.93,138.92,31
2024-01-23 18:19:00,335,138.9165,138.91,138.91,138.91,138.91,19
2024-01-23 18:20:00,358,138.9392,138.935,138.935,138.935,138.935,30
2024-01-23 18:21:00,2055,138.9014,138.92,138.865,138.92,138.865,65
2024-01-23 18:22:00,430,138.8647,138.86,138.865,138.865,138.86,18
2024-01-23 18:23:00,379,138.8506,138.86,138.84,138.86,138.84,21
2024-01-23 18:24:00,739,138.8226,138.82,138.82,138.825,138.82,27
2024-01-23 18:25:00,1966,138.7988,138.8,138.8,138.81,138.79,79
2024-01-23 18:27:00,2519,138.8279,138.81,138.84,138.84,138.81,76
2024-01-23 18:28:00,2205,138.8622,138.86,138.85,138.87,138.85,54
2024-01-23 18:29:00,589,138.8356,138.85,138.8226,138.85,138.8226,29
2024-01-23 18:31:00,1007,138.7939,138.83,138.76,138.83,138.76,52
2024-01-23 18:32:00,3231,138.7119,138.72,138.705,138.74,138.7,104
2024-01-23 18:34:00,980,138.7222,138.72,138.73,138.73,138.715,39
2024-01-23 18:35:00,2059,138.7609,138.72,138.78,138.79,138.72,51
2024-01-23 18:36:00,613,138.7613,138.76,138.76,138.76,138.76,20
2024-01-23 18:37:00,1068,138.7409,138.735,138.74,138.74,138.735,33
2024-01-23 18:38:00,2455,138.7589,138.76,138.755,138.77,138.755,64
2024-01-23 18:39:00,3254,138.7984,138.77,138.83,138.83,138.77,88
2024-01-23 18:40:00,3075,138.8268,138.82,138.83,138.835,138.81,67
2024-01-23 18:41:00,1432,138.8449,138.815,138.87,138.87,138.815,45
2024-01-23 18:42:00,3447,138.8134,138.86,138.79,138.87,138.78,95
2024-01-23 18:43:00,292,138.8314,138.82,138.84,138.84,138.82,16
2024-01-23 18:44:00,937,138.8132,138.825,138.8,138.825,138.8,30
2024-01-23 18:45:00,506,138.7835,138.76,138.79,138.79,138.76,23
2024-01-23 18:46:00,691,138.796,138.795,138.807,138.81,138.79,23
2024-01-23 18:47:00,596,138.8047,138.81,138.81,138.81,138.79,21
2024-01-23 18:48:00,1788,138.8169,138.82,138.82,138.83,138.81,53
2024-01-23 18:49:00,1387,138.8296,138.84,138.83,138.84,138.83,38
2024-01-23 18:50:00,1253,138.8441,138.85,138.845,138.85,138.84,41
2024-01-23 18:51:00,1746,138.798,138.82,138.79,138.82,138.77,64
2024-01-23 18:52:00,2936,138.8145,138.78,138.84,138.84,138.78,79
2024-01-23 18:53:00,459,138.8257,138.82,138.81,138.82,138.81,17
2024-01-23 18:54:00,873,138.8466,138.84,138.84,138.84,138.84,48
2024-01-23 18:55:00,613,138.8346,138.83,138.83,138.83,138.83,21
2024-01-23 18:56:00,622,138.8091,138.805,138.81,138.81,138.805,21
2024-01-23 18:57:00,1668,138.7886,138.81,138.77,138.81,138.77,41
2024-01-23 18:58:00,275,138.7921,138.79,138.79,138.79,138.79,11
2024-01-23 18:59:00,974,138.7824,138.78,138.78,138.78,138.78,30
2024-01-23 19:00:00,673,138.8048,138.805,138.82,138.82,138.805,50
2024-01-23 19:01:00,2986,138.8305,138.83,138.83,138.86,138.83,59
2024-01-23 19:02:00,2035,138.8202,138.83,138.8,138.83,138.8,50
2024-01-23 19:03:00,456,138.8084,138.805,138.81,138.81,138.805,26
2024-01-23 19:04:00,884,138.8042,138.84,138.8,138.84,138.79,41
2024-01-23 19:05:00,2255,138.7883,138.78,138.79,138.79,138.78,59
2024-01-23 19:06:00,1612,138.7949,138.79,138.8,138.8,138.785,39
2024-01-23 19:07:00,968,138.8036,138.8,138.815,138.815,138.8,45
2024-01-23 19:08:00,5071,138.824,138.83,138.82,138.84,138.81,114
2024-01-23 19:09:00,1006,138.8362,138.82,138.84,138.84,138.82,23
2024-01-23 19:10:00,2051,138.8609,138.87,138.875,138.875,138.85,60
2024-01-23 19:11:00,1240,138.8994,138.89,138.91,138.92,138.89,27
2024-01-23 19:12:00,3202,138.9501,138.92,138.96,138.96,138.92,78
2024-01-23 19:13:00,1096,138.9479,138.95,138.94,138.95,138.94,37
2024-01-23 19:14:00,1361,138.935,138.94,138.91,138.94,138.91,61
2024-01-23 19:15:00,1072,138.8993,138.9,138.89,138.9,138.89,29
2024-01-23 19:16:00,1476,138.9002,138.88,138.91,138.91,138.88,43
2024-01-23 19:17:00,338,138.9015,138.89,138.89,138.89,138.89,17
2024-01-23 19:18:00,1028,138.9215,138.92,138.9338,138.9338,138.92,26
2024-01-23 19:19:00,1812,138.9241,138.92,138.935,138.935,138.92,51
2024-01-23 19:20:00,811,138.9293,138.93,138.93,138.93,138.93,25
2024-01-23 19:22:00,1894,138.9159,138.935,138.9,138.935,138.9,64
2024-01-23 19:23:00,796,138.8965,138.9,138.88,138.9,138.88,39
2024-01-23 19:24:00,868,138.8586,138.86,138.85,138.86,138.85,33
2024-01-23 19:25:00,1054,138.806,138.795,138.81,138.82,138.795,35
2024-01-23 19:26:00,391,138.7976,138.8,138.79,138.8,138.79,31
2024-01-23 19:27:00,253,138.7933,138.8,138.8,138.8,138.8,9
2024-01-23 19:28:00,288,138.8113,138.81,138.81,138.81,138.81,22
2024-01-23 19:29:00,3728,138.8473,138.82,138.84,138.84,138.82,70
2024-01-23 19:30:00,4330,138.7933,138.84,138.775,138.84,138.75,93
2024-01-23 19:31:00,2097,138.7933,138.79,138.79,138.8,138.79,53
2024-01-23 19:32:00,1452,138.832,138.81,138.84,138.84,138.81,44
2024-01-23 19:33:00,1625,138.8123,138.83,138.8,138.83,138.8,43
2024-01-23 19:34:00,385,138.82,138.82,138.82,138.82,138.82,13
2024-01-23 19:35:00,890,138.826,138.835,138.82,138.835,138.82,50
2024-01-23 19:36:00,2045,138.8367,138.8381,138.83,138.84,138.83,68
2024-01-23 19:37:00,890,138.8144,138.8,138.83,138.83,138.8,34
2024-01-23 19:38:00,950,138.8251,138.835,138.82,138.835,138.82,15
2024-01-23 19:39:00,2880,138.805,138.83,138.82,138.83,138.79,86
2024-01-23 19:40:00,1454,138.8357,138.83,138.84,138.845,138.82,47
2024-01-23 19:41:00,2229,138.845,138.84,138.845,138.85,138.84,53
2024-01-23 19:42:00,2685,138.8519,138.86,138.85,138.87,138.83,58
2024-01-23 19:43:00,461,138.854,138.8498,138.85,138.85,138.8498,15
2024-01-23 19:44:00,794,138.8436,138.84,138.83,138.84,138.83,44
2024-01-23 19:45:00,1299,138.8601,138.86,138.86,138.87,138.86,54
2024-01-23 19:46:00,6629,138.9062,138.87,138.92,138.93,138.87,130
2024-01-23 19:47:00,2982,138.9078,138.9182,138.919,138.9193,138.89,47
2024-01-23 19:48:00,2420,138.8972,138.905,138.89,138.905,138.89,51
2024-01-23 19:49:00,406,138.9037,138.905,138.899,138.905,138.899,31
2024-01-23 19:50:00,2744,138.8998,138.89,138.94,138.94,138.89,79
2024-01-23 19:51:00,3280,138.9527,138.94,138.98,138.98,138.935,79
2024-01-23 19:52:00,1114,138.9756,138.98,138.98,138.98,138.97,30
2024-01-23 19:53:00,1852,138.9695,138.98,138.96,138.98,138.96,87
2024-01-23 19:54:00,1109,138.9823,138.98,138.99,138.99,138.98,37
2024-01-23 19:55:00,1736,139.0242,138.99,139.04,139.04,138.99,65
2024-01-23 19:56:00,690,139.0044,139.01,139.0,139.01,139.0,34
2024-01-23 19:57:00,1711,138.9765,138.99,138.98,138.99,138.95,67
2024-01-23 19:58:00,2890,138.9672,138.99,138.94,138.99,138.94,72
2024-01-23 19:59:00,1640,138.9259,138.94,138.91,138.94,138.91,44
2024-01-23 20:00:00,3926,138.9414,138.92,138.91,138.93,138.91,89
2024-01-23 20:01:00,1124,138.911,138.93,138.91,138.93,138.9,52
2024-01-23 20:02:00,10046,138.8741,138.87,138.88,138.8894,138.8623,103
2024-01-23 20:03:00,1592,138.8408,138.87,138.815,138.87,138.81,64
2024-01-23 20:04:00,3937,138.8203,138.815,138.82,138.85,138.8,101
2024-01-23 20:05:00,1838,138.8559,138.855,138.87,138.87,138.855,50
2024-01-23 20:06:00,532,138.8965,138.9,138.9,138.9,138.9,27
2024-01-23 20:07:00,3725,138.9086,138.91,138.93,138.93,138.88,95
2024-01-23 20:08:00,1208,138.9001,138.91,138.905,138.91,138.9,39
2024-01-23 20:09:00,1315,138.8909,138.9,138.88,138.9,138.88,41
2024-01-23 20:10:00,2314,138.9015,138.89,138.91,138.93,138.89,57
2024-01-23 20:11:00,1676,138.947,138.93,138.97,138.97,138.93,58
2024-01-23 20:12:00,4255,138.9785,138.99,138.98,139.0,138.97,121
2024-01-23 20:13:00,983,138.9529,138.96,138.95,138.96,138.94,44
2024-01-23 20:14:00,2212,138.9655,138.95,138.975,138.98,138.95,51
2024-01-23 20:15:00,2597,138.9797,138.975,139.0,139.0,138.96,74
2024-01-23 20:16:00,3552,138.9995,139.01,138.99,139.02,138.99,102
2024-01-23 20:17:00,2296,139.0158,139.0,139.035,139.035,139.0,59
2024-01-23 20:18:00,3846,139.0626,139.07,139.065,139.075,139.05,122
2024-01-23 20:19:00,3781,139.0779,139.06,139.12,139.12,139.05,99
2024-01-23 20:20:00,6918,139.1575,139.135,139.12,139.195,139.12,194
2024-01-23 20:21:00,5268,139.1395,139.14,139.15,139.165,139.12,119
2024-01-23 20:22:00,2013,139.1488,139.15,139.14,139.16,139.14,48
2024-01-23 20:23:00,3366,139.1367,139.14,139.115,139.17,139.11,104
2024-01-23 20:24:00,3776,139.1358,139.13,139.095,139.17,139.095,105
2024-01-23 20:25:00,4815,139.0629,139.08,139.01,139.08,139.01,84
2024-01-23 20:26:00,3939,139.0352,139.03,139.05,139.05,139.01,88
2024-01-23 20:27:00,2582,139.0511,139.055,139.01,139.07,139.01,65
2024-01-23 20:28:00,3418,139.0162,139.005,139.01,139.03,139.005,85
2024-01-23 20:29:00,859,139.0108,139.01,139.01,139.01,139.01,24
2024-01-23 20:30:00,5181,139.0138,139.0,139.05,139.055,138.99,120
2024-01-23 20:31:00,5325,139.0519,139.055,139.055,139.08,139.03,140
2024-01-23 20:32:00,7187,139.036,139.06,139.045,139.06,139.0,159
2024-01-23 20:33:00,2889,139.0517,139.045,139.06,139.06,139.045,84
2024-01-23 20:34:00,3885,139.105,139.08,139.11,139.13,139.08,129
2024-01-23 20:35:00,4951,139.096,139.095,139.09,139.105,139.08,135
2024-01-23 20:36:00,5114,139.0612,139.09,139.02,139.09,139.02,112
2024-01-23 20:37:00,4520,139.0352,139.02,139.05,139.05,139.02,99
2024-01-23 20:38:00,5139,139.0587,139.06,139.04,139.075,139.04,101
2024-01-23 20:39:00,6855,139.063,139.03,139.035,139.1,139.03,190
2024-01-23 20:40:00,4163,139.0546,139.035,139.08,139.1,139.03,119
2024-01-23 20:41:00,3938,139.07,139.07,139.08,139.08,139.06,108
2024-01-23 20:42:00,4879,139.1064,139.1,139.09,139.14,139.09,126
2024-01-23 20:43:00,7390,139.0806,139.09,139.07,139.1,139.07,184
2024-01-23 20:44:00,5437,139.0405,139.055,139.045,139.055,139.02,156
2024-01-23 20:45:00,3020,139.0189,139.03,138.98,139.045,138.98,107
2024-01-23 20:46:00,6926,139.0141,138.96,139.03,139.09,138.95,188
2024-01-23 20:47:00,9166,138.9881,138.98,138.99,139.02,138.94,199
2024-01-23 20:48:00,4040,138.9939,138.99,138.995,139.005,138.97,99
2024-01-23 20:49:00,7475,139.0166,139.01,139.04,139.06,138.99,178
2024-01-23 20:50:00,14934,139.1308,139.05,139.2,139.22,139.045,307
2024-01-23 20:51:00,9534,139.2004,139.18,139.24,139.24,139.16,247
2024-01-23 20:52:00,10016,139.2234,139.24,139.21,139.24,139.21,250
2024-01-23 20:53:00,16416,139.209,139.22,139.26,139.26,139.18,350
2024-01-23 20:54:00,10789,139.2958,139.26,139.32,139.33,139.26,294
2024-01-23 20:55:00,14193,139.2867,139.31,139.26,139.31,139.26,361
2024-01-23 20:56:00,17852,139.188,139.265,139.2099,139.265,139.145,448
2024-01-23 20:57:00,13473,139.2353,139.21,139.23,139.2599,139.21,343
2024-01-23 20:58:00,17995,139.2182,139.24,139.22,139.24,139.19,476
2024-01-23 20:59:00,33411,139.1793,139.215,139.15,139.22,139.14,691
2024-01-23 21:00:00,13951,139.1696,139.17,139.17,139.17,139.17,43
2024-01-23 21:20:00,3984,139.17,139.17,139.17,139.17,139.17,1
2024-01-24 13:07:00,273,139.9827,139.99,139.99,139.99,139.99,14
2024-01-24 13:08:00,100,139.17,139.17,139.17,139.17,139.17,1
2024-01-24 14:29:00,942,139.8511,140.06,139.79,140.06,139.79,7
2024-01-24 14:30:00,25463,139.8308,139.85,139.75,139.85,139.5192,164
2024-01-24 14:31:00,1569,139.6915,139.615,139.64,139.76,139.615,63
2024-01-24 14:32:00,14143,139.9492,139.71,140.1109,140.1109,139.71,287
2024-01-24 14:33:00,2198,139.8573,140.0,139.775,140.0,139.775,67
2024-01-24 14:34:00,1732,139.857,139.88,139.8595,139.96,139.8277,37
2024-01-24 14:35:00,3252,139.9208,139.86,140.0,140.1,139.81,94
2024-01-24 14:36:00,2611,139.9554,140.0,139.97,140.01,139.8,116
2024-01-24 14:37:00,2086,139.9287,139.945,139.92,139.945,139.9,47
2024-01-24 14:38:00,4404,139.9233,139.93,139.855,140.04,139.855,142
2024-01-24 14:39:00,918,139.7928,139.845,139.775,139.845,139.775,33
2024-01-24 14:40:00,4852,139.721,139.69,139.79,139.81,139.68,99
2024-01-24 14:41:00,2631,139.6887,139.78,139.66,139.78,139.65,67
2024-01-24 14:42:00,1555,139.5671,139.65,139.47,139.65,139.44,43
2024-01-24 14:43:00,4505,139.4631,139.49,139.47,139.525,139.35,90
2024-01-24 14:44:00,1937,139.432,139.44,139.43,139.475,139.42,40
2024-01-24 14:45:00,7807,139.2793,139.36,139.21,139.36,139.09,216
2024-01-24 14:46:00,565,139.2546,139.26,139.27,139.27,139.26,32
2024-01-24 14:47:00,1218,139.2425,139.2,139.245,139.26,139.2,55
2024-01-24 14:48:00,5797,139.2612,139.32,139.18,139.345,139.18,132
2024-01-24 14:49:00,2277,138.9562,139.09,138.83,139.09,138.83,90
2024-01-24 14:50:00,7076,138.8179,138.825,138.84,138.858,138.775,173
2024-01-24 14:51:00,7294,138.8467,138.805,138.795,138.93,138.74,162
2024-01-24 14:52:00,2761,138.81,138.795,138.75,138.86,138.75,77
2024-01-24 14:53:00,2190,138.7517,138.755,138.74,138.8,138.735,57
2024-01-24 14:54:00,6299,138.7853,138.73,138.92,138.92,138.7,185
2024-01-24 14:55:00,6045,138.8378,138.92,138.84,138.92,138.78,135
2024-01-24 14:56:00,3023,138.7664,138.8,138.705,138.8,138.705,65
2024-01-24 14:57:00,4803,138.7431,138.71,138.73,138.78,138.66,98
2024-01-24 14:58:00,6615,138.7014,138.72,138.69,138.76,138.66,142
2024-01-24 14:59:00,5236,138.7103,138.69,138.695,138.75,138.68,109
2024-01-24 15:00:00,4986,138.6033,138.62,138.555,138.63,138.55,129
2024-01-24 15:01:00,5725,138.5403,138.545,138.55,138.58,138.5,107
2024-01-24 15:02:00,5859,138.5238,138.585,138.51,138.6,138.48,131
2024-01-24 15:03:00,3527,138.5128,138.52,138.54,138.54,138.49,80
2024-01-24 15:04:00,9423,138.5113,138.505,138.55,138.56,138.47,180
2024-01-24 15:05:00,3421,138.5687,138.59,138.525,138.6,138.52,76
2024-01-24 15:06:00,4735,138.5318,138.51,138.58,138.6,138.49,135
2024-01-24 15:07:00,5237,138.5679,138.58,138.58,138.585,138.54,118
2024-01-24 15:08:00,4795,138.5457,138.58,138.5,138.585,138.49,118
2024-01-24 15:09:00,5621,138.5082,138.53,138.51,138.53,138.49,127
2024-01-24 15:10:00,3733,138.5736,138.53,138.59,138.61,138.53,100
2024-01-24 15:11:00,3328,138.6231,138.57,138.75,138.75,138.57,98
2024-01-24 15:12:00,2692,138.7155,138.72,138.7,138.73,138.7,61
2024-01-24 15:13:00,5156,138.676,138.7,138.67,138.7,138.65,112
2024-01-24 15:14:00,2567,138.6644,138.65,138.68,138.68,138.64,63
2024-01-24 15:15:00,5071,138.7516,138.7,138.76,138.8,138.7,101
2024-01-24 15:16:00,2244,138.7355,138.74,138.76,138.76,138.7047,55
2024-01-24 15:17:00,2087,138.7327,138.74,138.715,138.755,138.715,45
2024-01-24 15:18:00,4382,138.776,138.74,138.79,138.82,138.72,106
2024-01-24 15:19:00,2199,138.8367,138.81,138.89,138.89,138.79,60
2024-01-24 15:20:00,1398,138.9187,138.95,138.91,138.95,138.9,55
2024-01-24 15:21:00,2627,138.8638,138.89,138.84,138.89,138.82,74
2024-01-24 15:22:00,2140,138.861,138.8,138.88,138.885,138.8,49
2024-01-24 15:23:00,3124,138.8534,138.88,138.8,138.88,138.8,80
2024-01-24 15:24:00,2856,138.8065,138.83,138.815,138.83,138.79,45
2024-01-24 15:25:00,6924,138.8653,138.83,138.835,138.895,138.83,110
2024-01-24 15:26:00,4738,138.8578,138.85,138.92,138.92,138.82,110
2024-01-24 15:27:00,1979,138.9367,138.93,138.975,138.975,138.93,40
2024-01-24 15:28:00,3272,139.0188,138.975,139.03,139.1,138.975,73
2024-01-24 15:29:00,1943,139.0208,139.02,139.0,139.045,139.0,44
2024-01-24 15:30:00,2783,138.9786,139.015,138.94,139.015,138.92,84
2024-01-24 15:31:00,481,138.8853,138.885,138.89,138.89,138.86,20
2024-01-24 15:32:00,3430,138.9179,138.88,138.925,138.93,138.88,89
2024-01-24 15:33:00,2802,138.88,138.91,138.865,138.91,138.86,78
2024-01-24 15:34:00,9504,138.8293,138.85,138.83,138.87,138.79,171
2024-01-24 15:35:00,3776,138.8011,138.83,138.79,138.83,138.78,76
2024-01-24 15:36:00,4007,138.8254,138.79,138.915,138.915,138.79,92
2024-01-24 15:37:00,1815,138.878,138.905,138.88,138.905,138.85,37
2024-01-24 15:38:00,1411,138.8711,138.845,138.88,138.88,138.845,36
2024-01-24 15:39:00,2409,138.8832,138.875,138.9,138.92,138.87,50
2024-01-24 15:40:00,2350,138.94,138.93,138.945,138.955,138.93,80
2024-01-24 15:41:00,1408,138.945,138.93,138.96,138.96,138.93,43
2024-01-24 15:42:00,4125,138.9943,138.98,139.05,139.065,138.955,110
2024-01-24 15:43:00,4199,139.0849,139.07,139.1,139.12,139.07,89
2024-01-24 15:44:00,2692,139.1708,139.11,139.14,139.23,139.11,70
2024-01-24 15:45:00,2014,139.1241,139.16,139.085,139.16,139.085,61
2024-01-24 15:46:00,2137,139.0242,139.04,139.01,139.04,139.01,57
2024-01-24 15:47:00,1072,138.9877,138.99,138.96,138.995,138.96,40
2024-01-24 15:48:00,3355,138.9333,138.96,138.88,138.97,138.87,80
2024-01-24 15:49:00,2130,138.9377,138.89,138.96,138.97,138.89,85
2024-01-24 15:50:00,2819,138.9187,138.93,138.865,138.95,138.865,105
2024-01-24 15:51:00,1486,138.8988,138.89,138.89,138.92,138.89,58
2024-01-24 15:52:00,1690,138.9179,138.89,138.94,138.95,138.89,47
2024-01-24 15:53:00,1270,138.8764,138.89,138.85,138.89,138.85,49
2024-01-24 15:54:00,2444,138.8758,138.88,138.89,138.89,138.85,66
2024-01-24 15:55:00,1950,138.8313,138.84,138.82,138.85,138.81,56
2024-01-24 15:56:00,1072,138.8399,138.85,138.8,138.85,138.8,37
2024-01-24 15:57:00,3062,138.8699,138.85,138.9,138.9,138.85,72
2024-01-24 15:58:00,4263,138.8971,138.9,138.87,138.93,138.87,86
2024-01-24 15:59:00,1253,138.8441,138.84,138.86,138.86,138.83,45
2024-01-24 16:00:00,1042,138.877,138.87,138.89,138.89,138.85,53
2024-01-24 16:01:00,1771,138.8687,138.895,138.8782,138.895,138.845,47
2024-01-24 16:02:00,1382,138.8802,138.879,138.86,138.89,138.86,56
2024-01-24 16:03:00,2485,138.8913,138.87,138.9,138.9,138.86,73
2024-01-24 16:04:00,3199,138.9253,138.9,138.97,138.97,138.89,91
2024-01-24 16:05:00,2498,138.983,138.98,139.01,139.01,138.97,83
2024-01-24 16:06:00,3678,139.0225,139.02,138.99,139.05,138.99,79
2024-01-24 16:07:00,1715,138.9284,138.97,138.91,138.97,138.91,62
2024-01-24 16:08:00,1505,138.8714,138.88,138.83,138.88,138.83,51
2024-01-24 16:09:00,2478,138.8119,138.82,138.82,138.84,138.79,74
2024-01-24 16:10:00,642,138.8371,138.83,138.85,138.85,138.83,30
2024-01-24 16:11:00,2337,138.8806,138.85,138.85,138.9,138.85,48
2024-01-24 16:12:00,2026,138.8466,138.82,138.82,138.87,138.82,42
2024-01-24 16:13:00,882,138.7965,138.81,138.79,138.81,138.79,30
2024-01-24 16:14:00,964,138.7601,138.76,138.73,138.77,138.73,35
2024-01-24 16:15:00,1847,138.6965,138.74,138.66,138.77,138.66,53
2024-01-24 16:16:00,1719,138.6647,138.67,138.67,138.68,138.65,55
2024-01-24 16:17:00,1055,138.6623,138.66,138.66,138.66,138.66,37
2024-01-24 16:18:00,2292,138.7011,138.69,138.71,138.71,138.69,69
2024-01-24 16:20:00,1699,138.7465,138.74,138.8,138.8,138.71,70
2024-01-24 16:21:00,1708,138.7802,138.78,138.8,138.8,138.77,31
2024-01-24 16:22:00,1038,138.7939,138.84,138.82,138.84,138.82,36
2024-01-24 16:23:00,4312,138.812,138.84,138.79,138.85,138.79,115
2024-01-24 16:24:00,1710,138.832,138.82,138.83,138.86,138.82,44
2024-01-24 16:25:00,3450,138.8547,138.85,138.86,138.86,138.85,32
2024-01-24 16:26:00,913,138.8394,138.85,138.83,138.85,138.83,42
2024-01-24 16:27:00,2408,138.8095,138.81,138.81,138.81,138.78,62
2024-01-24 16:28:00,1526,138.7888,138.79,138.78,138.81,138.77,66
2024-01-24 16:29:00,2813,138.7118,138.76,138.7,138.76,138.69,103
2024-01-24 16:30:00,1005,138.6913,138.7,138.68,138.7,138.68,43
2024-01-24 16:31:00,2312,138.7026,138.7,138.69,138.71,138.69,56
2024-01-24 16:32:00,2286,138.6852,138.71,138.67,138.71,138.67,70
2024-01-24 16:33:00,1001,138.6742,138.67,138.67,138.68,138.67,37
2024-01-24 16:34:00,2178,138.6188,138.635,138.63,138.635,138.61,68
2024-01-24 16:35:00,1581,138.67,138.64,138.69,138.7,138.64,52
2024-01-24 16:36:00,2056,138.6837,138.68,138.7,138.7,138.67,62
2024-01-24 16:37:00,683,138.6916,138.69,138.68,138.7,138.68,20
2024-01-24 16:38:00,586,138.6915,138.69,138.6975,138.6975,138.69,36
2024-01-24 16:39:00,1751,138.7352,138.71,138.76,138.76,138.71,71
2024-01-24 16:40:00,874,138.7945,138.8,138.81,138.82,138.8,43
2024-01-24 16:41:00,3835,138.803,138.79,138.81,138.82,138.79,116
2024-01-24 16:42:00,1343,138.8016,138.81,138.78,138.8191,138.78,40
2024-01-24 16:43:00,2147,138.7538,138.76,138.74,138.76,138.74,47
2024-01-24 16:44:00,2065,138.7358,138.73,138.71,138.75,138.71,68
2024-01-24 16:45:00,912,138.7346,138.7499,138.715,138.7499,138.715,29
2024-01-24 16:46:00,1160,138.7525,138.74,138.77,138.77,138.74,62
2024-01-24 16:47:00,1000,138.812,138.81,138.8,138.84,138.8,22
2024-01-24 16:48:00,1161,138.8411,138.82,138.865,138.865,138.82,40
2024-01-24 16:49:00,1136,138.8876,138.87,138.91,138.91,138.87,59
2024-01-24 16:50:00,2371,138.8885,138.88,138.92,138.935,138.87,62
2024-01-24 16:51:00,734,138.9392,138.9403,138.9403,138.9403,138.9403,31
2024-01-24 16:52:00,3855,138.9226,138.935,138.93,138.94,138.9,115
2024-01-24 16:53:00,1965,138.9273,138.91,138.92,138.94,138.91,67
2024-01-24 16:54:00,2026,138.9732,138.96,138.98,139.0,138.96,55
2024-01-24 16:55:00,3191,138.9892,138.99,138.97,139.01,138.97,81
2024-01-24 16:56:00,3573,138.9748,138.95,139.01,139.01,138.94,96
2024-01-24 16:57:00,1239,139.0205,139.02,139.02,139.03,139.02,42
2024-01-24 16:58:00,1640,139.077,139.04,139.1,139.1,139.04,56
2024-01-24 16:59:00,1437,139.1069,139.12,139.11,139.12,139.1,48
2024-01-24 17:00:00,1850,139.1166,139.11,139.11,139.1299,139.11,43
2024-01-24 17:01:00,1683,139.1161,139.14,139.08,139.14,139.08,68
2024-01-24 17:02:00,1220,139.0912,139.09,139.1,139.1,139.09,37
2024-01-24 17:03:00,2648,139.1124,139.1,139.13,139.13,139.1,84
2024-01-24 17:04:00,1709,139.1264,139.14,139.12,139.14,139.11,47
2024-01-24 17:05:00,1246,139.0744,139.08,139.06,139.0845,139.06,39
2024-01-24 17:06:00,240,139.0591,139.055,139.055,139.055,139.055,21
2024-01-24 17:07:00,1933,139.0856,139.07,139.09,139.1,139.07,58
2024-01-24 17:08:00,2438,139.0974,139.11,139.08,139.12,139.08,73
2024-01-24 17:09:00,364,139.0961,139.105,139.09,139.105,139.09,13
2024-01-24 17:10:00,1455,139.0871,139.1,139.08,139.1,139.08,36
2024-01-24 17:11:00,1039,139.0337,139.06,139.01,139.06,139.01,40
2024-01-24 17:12:00,2433,138.9582,138.98,138.95,138.98,138.945,70
2024-01-24 17:13:00,1514,138.9786,138.95,138.9734,138.98,138.95,41
2024-01-24 17:14:00,1247,139.0197,139.0,139.045,139.05,139.0,45
2024-01-24 17:15:00,3598,139.007,139.02,139.01,139.03,138.96,66
2024-01-24 17:16:00,1669,139.0237,139.02,139.03,139.04,139.02,52
2024-01-24 17:17:00,1112,139.0347,139.03,139.04,139.04,139.03,31
2024-01-24 17:18:00,2137,139.0199,139.04,139.01,139.04,138.985,57
2024-01-24 17:19:00,1746,138.9981,139.01,139.01,139.02,138.99,60
2024-01-24 17:20:00,790,138.981,138.99,138.99,138.99,138.99,41
2024-01-24 17:21:00,1949,138.977,138.97,138.99,138.99,138.965,49
2024-01-24 17:22:00,686,138.9714,138.965,138.98,138.98,138.965,17
2024-01-24 17:23:00,3007,138.9491,138.96,138.94,138.96,138.93,91
2024-01-24 17:24:00,1836,138.8931,138.93,138.87,138.93,138.87,66
2024-01-24 17:25:00,1484,138.8976,138.88,138.89,138.93,138.88,57
2024-01-24 17:26:00,690,138.9054,138.93,138.9,138.93,138.9,29
2024-01-24 17:27:00,1391,138.9201,138.9372,138.91,138.95,138.9,58
2024-01-24 17:28:00,2350,138.9472,138.96,138.93,138.97,138.93,69
2024-01-24 17:30:00,1601,138.8701,138.87,138.88,138.88,138.86,53
2024-01-24 17:31:00,1097,138.8652,138.89,138.85,138.89,138.84,48
2024-01-24 17:32:00,3189,138.8409,138.81,138.83,138.87,138.81,103
2024-01-24 17:33:00,557,138.8473,138.85,138.85,138.85,138.85,24
2024-01-24 17:34:00,1709,138.9022,138.88,138.93,138.93,138.88,57
2024-01-24 17:35:00,836,138.9557,138.94,138.94,138.955,138.94,53
2024-01-24 17:36:00,2554,138.9842,138.97,138.9927,138.9927,138.97,95
2024-01-24 17:37:00,887,138.9963,139.0,139.0,139.01,139.0,25
2024-01-24 17:38:00,6000,139.003,139.01,139.02,139.03,138.98,152
2024-01-24 17:39:00,2137,139.0129,139.01,139.02,139.02,139.01,47
2024-01-24 17:40:00,1681,138.9942,139.0,138.9621,139.01,138.9621,72
2024-01-24 17:41:00,1758,138.937,138.97,138.905,138.97,138.885,62
2024-01-24 17:42:00,1918,138.8873,138.89,138.87,138.9,138.87,60
2024-01-24 17:43:00,476,138.8567,138.86,138.85,138.86,138.85,14
2024-01-24 17:44:00,1544,138.8736,138.86,138.86,138.87,138.86,54
2024-01-24 17:45:00,1882,138.8573,138.89,138.87,138.89,138.85,63
2024-01-24 17:46:00,559,138.8775,138.88,138.875,138.88,138.875,30
2024-01-24 17:47:00,681,138.861,138.86,138.86,138.86,138.86,19
2024-01-24 17:48:00,1432,138.8794,138.87,138.8896,138.8896,138.87,38
2024-01-24 17:49:00,1654,138.8989,138.8719,138.91,138.925,138.8719,65
2024-01-24 17:50:00,2156,138.8898,138.91,138.865,138.91,138.86,81
2024-01-24 17:51:00,1440,138.878,138.88,138.88,138.89,138.86,38
2024-01-24 17:52:00,1259,138.9075,138.9,138.91,138.91,138.9,43
2024-01-24 17:53:00,450,138.9195,138.915,138.915,138.915,138.915,22
2024-01-24 17:54:00,1303,138.948,138.9502,138.97,138.97,138.95,29
2024-01-24 17:55:00,4684,138.9173,138.93,138.92,138.93,138.91,84
2024-01-24 17:57:00,1540,138.9416,138.95,138.925,138.96,138.925,47
2024-01-24 17:58:00,2501,138.9197,138.9499,138.9,138.9499,138.9,111
2024-01-24 17:59:00,998,138.8963,138.91,138.87,138.92,138.87,37
2024-01-24 18:00:00,2925,138.8373,138.85,138.87,138.87,138.78,95
2024-01-24 18:01:00,3704,138.835,138.86,138.83,138.88,138.78,78
2024-01-24 18:02:00,2620,138.7759,138.77,138.79,138.81,138.74,78
2024-01-24 18:03:00,1001,138.7803,138.785,138.75,138.785,138.75,53
2024-01-24 18:04:00,446,138.7347,138.75,138.72,138.75,138.72,30
2024-01-24 18:05:00,2359,138.7189,138.72,138.715,138.74,138.7,72
2024-01-24 18:06:00,1122,138.7537,138.75,138.75,138.77,138.75,51
2024-01-24 18:07:00,536,138.7074,138.7,138.7,138.7,138.7,30
2024-01-24 18:08:00,1951,138.6834,138.7,138.68,138.7,138.65,71
2024-01-24 18:09:00,1641,138.6858,138.69,138.73,138.73,138.66,47
2024-01-24 18:10:00,3129,138.7422,138.74,138.76,138.76,138.74,83
2024-01-24 18:11:00,889,138.7843,138.8,138.78,138.8,138.78,40
2024-01-24 18:12:00,599,138.8086,138.79,138.83,138.83,138.79,27
2024-01-24 18:13:00,786,138.7917,138.79,138.79,138.79,138.79,40
2024-01-24 18:14:00,906,138.7906,138.805,138.79,138.805,138.79,41
2024-01-24 18:15:00,2737,138.7473,138.795,138.75,138.795,138.72,85
2024-01-24 18:17:00,2087,138.7334,138.75,138.7,138.75,138.7,60
2024-01-24 18:18:00,2077,138.6782,138.71,138.64,138.71,138.64,60
2024-01-24 18:19:00,1084,138.6561,138.68,138.65,138.68,138.65,43
2024-01-24 18:20:00,808,138.6577,138.64,138.64,138.64,138.615,38
2024-01-24 18:21:00,615,138.6572,138.67,138.67,138.67,138.67,33
2024-01-24 18:22:00,2066,138.6806,138.67,138.71,138.71,138.66,83
2024-01-24 18:23:00,1725,138.7185,138.72,138.7,138.75,138.7,56
2024-01-24 18:24:00,419,138.7112,138.73,138.705,138.73,138.705,20
2024-01-24 18:25:00,984,138.694,138.7,138.68,138.7,138.68,40
2024-01-24 18:26:00,1124,138.7283,138.69,138.75,138.75,138.69,42
2024-01-24 18:27:00,1480,138.7657,138.75,138.75,138.77,138.75,60
2024-01-24 18:28:00,357,138.7851,138.79,138.79,138.79,138.79,22
2024-01-24 18:29:00,2721,138.7954,138.8,138.77,138.84,138.77,98
2024-01-24 18:30:00,868,138.7575,138.77,138.77,138.77,138.77,45
2024-01-24 18:31:00,1464,138.7049,138.72,138.68,138.72,138.68,55
2024-01-24 18:32:00,806,138.6974,138.71,138.685,138.71,138.685,41
2024-01-24 18:33:00,1486,138.717,138.71,138.725,138.73,138.695,41
2024-01-24 18:34:00,2732,138.7473,138.74,138.72,138.77,138.72,86
2024-01-24 18:35:00,1145,138.7154,138.715,138.72,138.735,138.71,36
2024-01-24 18:36:00,2304,138.7067,138.705,138.72,138.72,138.69,63
2024-01-24 18:37:00,789,138.7271,138.73,138.73,138.73,138.73,41
2024-01-24 18:38:00,2604,138.7182,138.7,138.725,138.74,138.7,66
2024-01-24 18:39:00,4440,138.6584,138.7189,138.51,138.7189,138.51,93
2024-01-24 18:40:00,1687,138.5207,138.5,138.515,138.54,138.48,45
2024-01-24 18:41:00,1646,138.5499,138.515,138.58,138.58,138.515,56
2024-01-24 18:42:00,1189,138.6164,138.615,138.605,138.64,138.605,42
2024-01-24 18:43:00,793,138.6067,138.6,138.61,138.61,138.6,27
2024-01-24 18:44:00,1873,138.5611,138.59,138.54,138.59,138.54,74
2024-01-24 18:45:00,1177,138.5351,138.525,138.54,138.54,138.52,51
2024-01-24 18:46:00,830,138.5873,138.61,138.62,138.62,138.61,43
2024-01-24 18:47:00,1453,138.5997,138.62,138.5931,138.62,138.59,50
2024-01-24 18:48:00,398,138.6188,138.62,138.63,138.63,138.62,28
2024-01-24 18:49:00,1382,138.5835,138.6,138.59,138.6,138.57,47
2024-01-24 18:50:00,1247,138.5866,138.59,138.6,138.6,138.58,60
2024-01-24 18:51:00,1337,138.5989,138.59,138.6,138.6,138.59,55
2024-01-24 18:52:00,574,138.6135,138.62,138.62,138.62,138.62,29
2024-01-24 18:53:00,862,138.6181,138.64,138.6,138.64,138.6,41
2024-01-24 18:54:00,899,138.6024,138.6,138.6,138.61,138.6,37
2024-01-24 18:55:00,1767,138.5747,138.6,138.56,138.6,138.56,49
2024-01-24 18:56:00,1232,138.5813,138.55,138.61,138.61,138.55,53
2024-01-24 18:57:00,897,138.6057,138.61,138.6,138.61,138.6,32
2024-01-24 18:58:00,780,138.5793,138.59,138.57,138.59,138.57,34
2024-01-24 19:00:00,2001,138.5831,138.596,138.57,138.6,138.57,57
2024-01-24 19:01:00,1608,138.56,138.56,138.57,138.57,138.55,64
2024-01-24 19:02:00,734,138.5713,138.56,138.58,138.58,138.56,43
2024-01-24 19:03:00,2534,138.5411,138.57,138.52,138.58,138.52,71
2024-01-24 19:04:00,1752,138.5214,138.54,138.5001,138.54,138.5001,64
2024-01-24 19:05:00,2224,138.5271,138.52,138.54,138.54,138.5,69
2024-01-24 19:06:00,1066,138.511,138.53,138.51,138.53,138.5,46
2024-01-24 19:07:00,1091,138.5072,138.5,138.52,138.52,138.5,38
2024-01-24 19:08:00,2246,138.5015,138.5,138.5,138.51,138.49,69
2024-01-24 19:09:00,1031,138.4993,138.49,138.495,138.52,138.49,31
2024-01-24 19:10:00,1907,138.4486,138.44,138.47,138.47,138.43,93
2024-01-24 19:11:00,1514,138.4888,138.48,138.48,138.51,138.48,54
2024-01-24 19:12:00,1109,138.5163,138.5,138.55,138.55,138.5,53
2024-01-24 19:13:00,1407,138.507,138.52,138.48,138.52,138.48,48
2024-01-24 19:14:00,666,138.4272,138.43,138.42,138.43,138.42,36
2024-01-24 19:15:00,2085,138.4367,138.42,138.46,138.46,138.4159,59
2024-01-24 19:16:00,1721,138.4609,138.46,138.47,138.47,138.44,47
2024-01-24 19:17:00,3421,138.4814,138.46,138.46,138.49,138.455,42
2024-01-24 19:18:00,1897,138.4529,138.48,138.44,138.48,138.425,82
2024-01-24 19:19:00,894,138.4265,138.43,138.41,138.44,138.41,41
2024-01-24 19:20:00,1993,138.3823,138.41,138.32,138.41,138.32,60
2024-01-24 19:21:00,1506,138.3435,138.345,138.28,138.37,138.28,71
2024-01-24 19:22:00,1723,138.3026,138.28,138.34,138.34,138.28,62
2024-01-24 19:23:00,550,138.2632,138.25,138.26,138.26,138.25,33
2024-01-24 19:24:00,1510,138.2638,138.27,138.27,138.27,138.25,47
2024-01-24 19:25:00,2173,138.3117,138.3,138.31,138.32,138.3,60
2024-01-24 19:26:00,1201,138.3151,138.32,138.29,138.32,138.29,48
2024-01-24 19:27:00,728,138.2782,138.26,138.26,138.26,138.26,34
2024-01-24 19:28:00,1209,138.1899,138.22,138.15,138.22,138.15,51
2024-01-24 19:29:00,3138,138.1503,138.161,138.17,138.1819,138.13,80
2024-01-24 19:30:00,1293,138.2027,138.1779,138.22,138.22,138.1779,53
2024-01-24 19:31:00,1697,138.2214,138.26,138.18,138.26,138.18,73
2024-01-24 19:32:00,1581,138.1546,138.15,138.13,138.17,138.13,47
2024-01-24 19:34:00,1479,138.1331,138.1495,138.1,138.15,138.1,50
2024-01-24 19:35:00,2570,138.1291,138.11,138.11,138.13,138.11,71
2024-01-24 19:36:00,1536,138.106,138.08,138.12,138.12,138.08,62
2024-01-24 19:37:00,3189,138.1288,138.1189,138.14,138.15,138.11,89
2024-01-24 19:38:00,1978,138.1446,138.16,138.15,138.16,138.14,78
2024-01-24 19:39:00,329,138.1473,138.14,138.155,138.155,138.14,18
2024-01-24 19:40:00,6873,138.1511,138.17,138.145,138.18,138.12,124
2024-01-24 19:41:00,15179,138.0774,138.15,138.045,138.15,138.04,221
2024-01-24 19:42:00,1607,138.0096,138.035,138.0,138.035,138.0,70
2024-01-24 19:43:00,3159,138.0301,138.02,138.08,138.08,138.005,102
2024-01-24 19:44:00,1031,138.0955,138.095,138.11,138.11,138.095,58
2024-01-24 19:45:00,2524,138.1316,138.13,138.105,138.155,138.105,98
2024-01-24 19:46:00,1398,138.1616,138.15,138.1655,138.2,138.14,65
2024-01-24 19:47:00,2733,138.1318,138.15,138.14,138.16,138.1,74
2024-01-24 19:49:00,809,138.1264,138.115,138.13,138.13,138.115,34
2024-01-24 19:50:00,2205,138.0992,138.12,138.11,138.12,138.08,69
2024-01-24 19:51:00,2073,138.1058,138.12,138.09,138.12,138.09,66
2024-01-24 19:52:00,2047,138.0625,138.11,138.045,138.11,138.03,58
2024-01-24 19:53:00,2495,138.0541,138.05,138.05,138.07,138.04,60
2024-01-24 19:54:00,1385,138.0408,138.05,138.04,138.05,138.04,44
2024-01-24 19:55:00,7855,137.988,138.0,137.97,138.01,137.96,146
2024-01-24 19:56:00,2656,137.9838,137.9716,137.97,138.0,137.97,88
2024-01-24 19:57:00,1415,137.9775,137.99,137.995,137.995,137.945,58
2024-01-24 19:58:00,3410,137.9897,137.99,138.01,138.01,137.96,88
2024-01-24 19:59:00,2979,137.9545,137.99,137.94,137.99,137.94,80
2024-01-24 20:00:00,1766,137.9232,137.93,137.94,137.94,137.91,73
2024-01-24 20:01:00,954,137.9011,137.9,137.91,137.91,137.9,42
2024-01-24 20:02:00,2419,137.9103,137.89,137.91,137.91,137.89,107
2024-01-24 20:03:00,10038,137.9038,137.94,137.91,137.94,137.88,200
2024-01-24 20:04:00,1610,138.0112,137.985,138.045,138.045,137.985,64
2024-01-24 20:06:00,3895,138.0702,138.1,138.035,138.1,138.03,111
2024-01-24 20:07:00,3135,138.0419,138.04,138.07,138.07,138.02,91
2024-01-24 20:08:00,2259,138.0237,138.1,138.1,138.1,138.1,63
2024-01-24 20:09:00,2102,138.0897,138.09,138.085,138.1,138.08,63
2024-01-24 20:10:00,6191,138.0482,138.08,138.06,138.09,138.02,135
2024-01-24 20:11:00,5166,138.0591,138.04,138.0799,138.08,138.03,110
2024-01-24 20:12:00,2410,138.0871,138.07,138.07,138.11,138.06,82
2024-01-24 20:13:00,3304,138.0609,138.08,138.065,138.08,138.0425,85
2024-01-24 20:14:00,2683,137.9954,138.04,137.975,138.04,137.96,99
2024-01-24 20:15:00,2128,137.9934,137.96,138.05,138.05,137.96,63
2024-01-24 20:16:00,2604,137.9834,138.04,137.94,138.04,137.94,85
2024-01-24 20:17:00,2349,137.9494,137.94,137.97,137.97,137.93,83
2024-01-24 20:18:00,2227,137.9332,137.94,137.925,137.94,137.91,74
2024-01-24 20:19:00,1772,137.903,137.9,137.91,137.91,137.9,55
2024-01-24 20:20:00,2026,137.8932,137.89,137.895,137.91,137.88,68
2024-01-24 20:21:00,6352,137.9071,137.9,137.91,137.95,137.87,160
2024-01-24 20:22:00,2804,137.9089,137.92,137.88,137.94,137.88,76
2024-01-24 20:23:00,1122,137.856,137.85,137.835,137.85,137.8342,53
2024-01-24 20:24:00,2857,137.8788,137.85,137.875,137.9,137.85,105
2024-01-24 20:25:00,3495,137.8795,137.89,137.86,137.89,137.86,86
2024-01-24 20:26:00,2532,137.8477,137.87,137.8,137.87,137.8,103
2024-01-24 20:27:00,1666,137.8221,137.81,137.86,137.86,137.8,78
2024-01-24 20:28:00,2385,137.8391,137.85,137.84,137.85,137.82,79
2024-01-24 20:29:00,3111,137.8581,137.85,137.85,137.87,137.85,88
2024-01-24 20:30:00,3375,137.8267,137.83,137.81,137.83,137.79,96
2024-01-24 20:31:00,3858,137.8302,137.81,137.84,137.855,137.81,134
2024-01-24 20:32:00,3179,137.8536,137.83,137.89,137.89,137.82,86
2024-01-24 20:33:00,4045,137.8822,137.9,137.88,137.91,137.87,117
2024-01-24 20:34:00,3073,137.8961,137.89,137.91,137.91,137.88,104
2024-01-24 20:35:00,3557,137.8935,137.9,137.88,137.91,137.872,110
2024-01-24 20:36:00,2765,137.9198,137.9,137.94,137.94,137.9,95
2024-01-24 20:37:00,6227,137.9289,137.95,137.92,137.95,137.92,151
2024-01-24 20:38:00,3636,137.9556,137.93,137.965,137.98,137.92,104
2024-01-24 20:39:00,3499,137.9482,137.965,137.93,137.97,137.93,105
2024-01-24 20:40:00,4110,137.9623,137.93,137.98,137.98,137.93,130
2024-01-24 20:41:00,5363,138.0086,137.99,138.01,138.04,137.99,139
2024-01-24 20:42:00,4177,137.9817,138.01,138.01,138.015,137.99,83
2024-01-24 20:43:00,4421,138.0368,138.01,138.041,138.055,138.01,112
2024-01-24 20:44:00,3113,138.0324,138.045,138.015,138.05,138.01,94
2024-01-24 20:45:00,7610,138.0005,138.02,137.975,138.03,137.97,210
2024-01-24 20:46:00,2820,137.9948,137.99,137.99,138.015,137.981,92
2024-01-24 20:47:00,5620,137.9766,138.01,137.97,138.01,137.94,171
2024-01-24 20:48:00,3491,137.9387,137.96,137.93,137.97,137.913,109
2024-01-24 20:49:00,4838,137.9161,137.912,137.92,137.93,137.9001,144
2024-01-24 20:50:00,9071,137.8922,137.9,137.825,137.93,137.825,264
2024-01-24 20:51:00,7740,137.8353,137.84,137.825,137.86,137.81,199
2024-01-24 20:52:00,8302,137.8243,137.84,137.83,137.84,137.8,257
2024-01-24 20:53:00,13035,137.8415,137.83,137.81,137.875,137.8,356
2024-01-24 20:54:00,12295,137.7691,137.73,137.79,137.81,137.73,341
2024-01-24 20:55:00,17573,137.8569,137.79,137.85,137.91,137.79,400
2024-01-24 20:56:00,15152,137.8667,137.84,137.86,137.89,137.84,360
2024-01-24 20:57:00,19381,137.8452,137.87,137.88,137.88,137.82,462
2024-01-24 20:58:00,21792,137.8737,137.875,137.855,137.9,137.85,508
2024-01-24 20:59:00,44700,137.854,137.855,137.86,137.88,137.83,871
2024-01-24 21:00:00,28091,137.8599,137.86,137.86,137.86,137.86,47
2024-01-24 23:55:00,100,137.3185,137.3185,137.3185,137.3185,137.3185,1
2024-01-25 12:47:00,103,138.4,138.4,138.4,138.4,138.4,2
2024-01-25 12:58:00,356,138.3967,138.4,138.4,138.4,138.4,12
2024-01-25 14:30:00,22901,138.7606,138.76,138.68,138.95,138.68,150
2024-01-25 14:31:00,1060,138.6499,138.615,138.68,138.68,138.615,37
2024-01-25 14:32:00,1154,138.6706,138.6928,138.62,138.6928,138.62,74
2024-01-25 14:33:00,2863,138.5293,138.56,138.51,138.57,138.45,101
2024-01-25 14:34:00,6003,138.7403,138.62,138.775,138.85,138.62,167
2024-01-25 14:35:00,453,138.871,138.85,138.84,138.85,138.84,26
2024-01-25 14:36:00,7025,138.9683,138.94,139.095,139.095,138.91,183
2024-01-25 14:37:00,2397,139.1864,139.2,139.27,139.27,139.15,60
2024-01-25 14:38:00,1320,139.3218,139.33,139.33,139.33,139.33,28
2024-01-25 14:39:00,3111,139.2461,139.3,139.12,139.3,139.12,56
2024-01-25 14:40:00,1798,139.1305,139.12,139.175,139.18,139.06,64
2024-01-25 14:41:00,3123,139.2104,139.175,139.2686,139.3886,139.1001,111
2024-01-25 14:42:00,2057,139.3124,139.24,139.32,139.32,139.24,109
2024-01-25 14:43:00,2979,139.3433,139.33,139.36,139.38,139.33,63
2024-01-25 14:44:00,2463,139.4288,139.37,139.49,139.5,139.37,89
2024-01-25 14:45:00,2587,139.5478,139.56,139.56,139.585,139.53,83
2024-01-25 14:46:00,1710,139.6169,139.58,139.6,139.65,139.58,57
2024-01-25 14:47:00,4064,139.577,139.5623,139.61,139.62,139.5623,71
2024-01-25 14:48:00,2789,139.5937,139.57,139.62,139.62,139.56,79
2024-01-25 14:49:00,2498,139.5881,139.64,139.54,139.64,139.53,73
2024-01-25 14:50:00,3137,139.4023,139.44,139.465,139.465,139.33,81
2024-01-25 14:51:00,2858,139.4446,139.47,139.44,139.485,139.43,84
2024-01-25 14:52:00,1587,139.5202,139.4772,139.575,139.575,139.4772,78
2024-01-25 14:53:00,3263,139.6218,139.61,139.57,139.68,139.57,91
2024-01-25 14:54:00,1536,139.6513,139.63,139.69,139.69,139.63,48
2024-01-25 14:55:00,3122,139.688,139.725,139.68,139.7503,139.68,120
2024-01-25 14:56:00,3087,139.6291,139.6,139.62,139.63,139.6,90
2024-01-25 14:57:00,3645,139.6553,139.7,139.65,139.7,139.59,92
2024-01-25 14:58:00,7771,139.592,139.62,139.665,139.69,139.52,167
2024-01-25 14:59:00,3886,139.6007,139.68,139.575,139.68,139.567,74
2024-01-25 15:00:00,5463,139.5747,139.575,139.465,139.645,139.465,137
2024-01-25 15:01:00,2061,139.5436,139.46,139.55,139.61,139.46,63
2024-01-25 15:02:00,1937,139.6001,139.56,139.63,139.65,139.56,68
2024-01-25 15:03:00,3581,139.5635,139.59,139.555,139.59,139.51,89
2024-01-25 15:04:00,2564,139.5462,139.595,139.52,139.595,139.485,57
2024-01-25 15:05:00,1381,139.5613,139.525,139.58,139.59,139.525,36
2024-01-25 15:06:00,3185,139.4757,139.55,139.4,139.55,139.4,73
2024-01-25 15:07:00,2386,139.4031,139.435,139.35,139.435,139.325,63
2024-01-25 15:08:00,2544,139.2923,139.3,139.29,139.3,139.22,60
2024-01-25 15:09:00,4773,139.3286,139.25,139.32,139.39,139.25,127
2024-01-25 15:10:00,2610,139.3746,139.36,139.37,139.41,139.35,77
2024-01-25 15:11:00,1948,139.336,139.365,139.345,139.365,139.3,60
2024-01-25 15:12:00,3154,139.3453,139.358,139.345,139.39,139.28,69
2024-01-25 15:13:00,1922,139.3395,139.345,139.37,139.37,139.32,74
2024-01-25 15:14:00,3145,139.4042,139.4,139.34,139.44,139.34,91
2024-01-25 15:15:00,192,139.3833,139.385,139.385,139.385,139.385,14
2024-01-25 15:16:00,971,139.3261,139.34,139.325,139.34,139.325,45
2024-01-25 15:17:00,591,139.342,139.345,139.325,139.355,139.325,18
2024-01-25 15:18:00,2146,139.2817,139.33,139.22,139.33,139.22,58
2024-01-25 15:19:00,3068,139.27,139.25,139.23,139.2799,139.23,47
2024-01-25 15:20:00,1610,139.2986,139.26,139.31,139.31,139.26,68
2024-01-25 15:21:00,2584,139.3264,139.32,139.37,139.38,139.29,105
2024-01-25 15:22:00,2259,139.3835,139.4,139.355,139.4,139.35,81
2024-01-25 15:23:00,1907,139.3007,139.32,139.25,139.32,139.25,70
2024-01-25 15:24:00,651,139.2835,139.27,139.33,139.33,139.27,32
2024-01-25 15:25:00,1485,139.3284,139.33,139.36,139.36,139.315,59
2024-01-25 15:26:00,1134,139.3164,139.33,139.32,139.33,139.32,51
2024-01-25 15:27:00,1968,139.2527,139.22,139.23,139.27,139.22,65
2024-01-25 15:28:00,586,139.2038,139.19,139.19,139.19,139.19,25
2024-01-25 15:29:00,1440,139.2276,139.23,139.21,139.24,139.21,56
2024-01-25 15:30:00,1323,139.2204,139.215,139.225,139.23,139.2,49
2024-01-25 15:31:00,2182,139.2535,139.265,139.2,139.265,139.2,83
2024-01-25 15:32:00,1524,139.239,139.225,139.23,139.26,139.225,51
2024-01-25 15:33:00,2668,139.1519,139.19,139.135,139.19,139.11,77
2024-01-25 15:34:00,1107,139.1428,139.125,139.13,139.1525,139.125,35
2024-01-25 15:35:00,1820,139.0623,139.04,139.085,139.12,139.01,49
2024-01-25 15:36:00,606,139.0721,139.015,139.09,139.09,139.015,23
2024-01-25 15:37:00,1724,139.1048,139.1,139.14,139.14,139.095,55
2024-01-25 15:38:00,2031,139.1459,139.16,139.13,139.16,139.13,78
2024-01-25 15:39:00,944,139.1027,139.12,139.1,139.12,139.1,41
2024-01-25 15:40:00,1158,139.1662,139.14,139.16,139.175,139.14,50
2024-01-25 15:41:00,1613,139.2134,139.19,139.215,139.22,139.19,58
2024-01-25 15:42:00,2373,139.2547,139.245,139.26,139.275,139.24,74
2024-01-25 15:43:00,1862,139.2754,139.265,139.27,139.28,139.265,62
2024-01-25 15:44:00,1155,139.268,139.29,139.25,139.29,139.25,42
2024-01-25 15:45:00,1150,139.2304,139.25,139.2,139.25,139.2,36
2024-01-25 15:46:00,710,139.2526,139.245,139.235,139.245,139.235,31
2024-01-25 15:47:00,181,139.2707,139.26,139.26,139.26,139.26,8
2024-01-25 15:48:00,752,139.2314,139.2375,139.23,139.2375,139.23,41
2024-01-25 15:49:00,2975,139.1898,139.21,139.13,139.21,139.13,80
2024-01-25 15:50:00,527,139.1653,139.15,139.185,139.185,139.14,17
2024-01-25 15:51:00,2493,139.1852,139.145,139.19,139.2,139.145,67
2024-01-25 15:52:00,2033,139.1841,139.205,139.16,139.205,139.16,58
2024-01-25 15:53:00,621,139.1522,139.13,139.13,139.13,139.13,21
2024-01-25 15:54:00,309,139.1318,139.125,139.145,139.145,139.125,10
2024-01-25 15:55:00,1442,139.1431,139.13,139.1766,139.1766,139.12,53
2024-01-25 15:56:00,1754,139.1775,139.18,139.16,139.19,139.16,48
2024-01-25 15:57:00,634,139.1694,139.181,139.181,139.181,139.181,27
2024-01-25 15:58:00,786,139.1728,139.16,139.16,139.16,139.16,29
2024-01-25 15:59:00,2739,139.1821,139.175,139.175,139.19,139.17,93
2024-01-25 16:00:00,1095,139.1334,139.15,139.135,139.15,139.12,39
2024-01-25 16:01:00,499,139.1222,139.11,139.12,139.12,139.11,20
2024-01-25 16:02:00,836,139.1354,139.115,139.13,139.13,139.115,35
2024-01-25 16:03:00,2224,139.1065,139.1,139.14,139.14,139.08,82
2024-01-25 16:04:00,1755,139.1573,139.15,139.14,139.19,139.14,52
2024-01-25 16:05:00,1384,139.1194,139.13,139.11,139.14,139.11,31
2024-01-25 16:06:00,754,139.0968,139.08,139.11,139.11,139.08,21
2024-01-25 16:07:00,2435,139.1668,139.15,139.22,139.22,139.15,56
2024-01-25 16:08:00,1962,139.2168,139.24,139.15,139.24,139.15,48
2024-01-25 16:09:00,1143,139.1286,139.1142,139.13,139.14,139.1142,33
2024-01-25 16:10:00,1025,139.1371,139.115,139.14,139.14,139.1,51
2024-01-25 16:11:00,1129,139.1479,139.16,139.15,139.16,139.14,35
2024-01-25 16:12:00,1465,139.1475,139.13,139.18,139.18,139.13,57
2024-01-25 16:13:00,1665,139.2221,139.2,139.23,139.23,139.2,66
2024-01-25 16:14:00,648,139.2888,139.31,139.31,139.31,139.31,44
2024-01-25 16:15:00,1146,139.2962,139.29,139.29,139.29,139.29,31
2024-01-25 16:16:00,1890,139.3003,139.31,139.28,139.315,139.28,61
2024-01-25 16:18:00,2111,139.2453,139.24,139.2,139.26,139.2,76
2024-01-25 16:19:00,572,139.1833,139.14,139.165,139.165,139.14,21
2024-01-25 16:20:00,1356,139.1372,139.15,139.12,139.155,139.12,46
2024-01-25 16:21:00,2072,139.1165,139.13,139.08,139.13,139.08,54
2024-01-25 16:22:00,903,139.0678,139.08,139.07,139.08,139.07,40
2024-01-25 16:23:00,883,139.0413,139.06,139.05,139.06,139.05,45
2024-01-25 16:24:00,904,138.9584,138.98,138.93,138.98,138.9209,31
2024-01-25 16:25:00,1635,138.9685,138.94,138.98,138.98,138.94,53
2024-01-25 16:26:00,1134,139.0108,139.01,139.01,139.02,139.01,43
2024-01-25 16:27:00,2165,138.9802,138.99,139.0,139.0,138.96,74
2024-01-25 16:28:00,1449,139.0386,139.03,139.0415,139.05,139.03,55
2024-01-25 16:29:00,1793,139.0517,139.05,139.05,139.07,139.04,50
2024-01-25 16:30:00,1382,139.0373,139.0513,139.0513,139.0513,139.0513,76
2024-01-25 16:31:00,1408,139.0075,139.01,139.0,139.01,139.0,55
2024-01-25 16:32:00,1944,138.9729,138.99,138.96,138.99,138.95,73
2024-01-25 16:33:00,1819,138.9604,138.97,138.94,138.97,138.94,77
2024-01-25 16:34:00,432,138.9463,138.94,138.94,138.94,138.94,21
2024-01-25 16:35:00,711,138.9595,138.96,138.95,138.96,138.95,28
2024-01-25 16:36:00,430,138.965,138.97,138.97,138.97,138.97,23
2024-01-25 16:37:00,3057,138.9683,138.97,138.96,138.98,138.95,84
2024-01-25 16:38:00,1079,138.9761,139.0,138.97,139.0,138.97,42
2024-01-25 16:39:00,775,138.9766,138.98,138.98,138.98,138.98,39
2024-01-25 16:40:00,1842,138.9711,138.98,138.97,138.98,138.96,49
2024-01-25 16:41:00,1988,138.9482,138.98,138.93,138.98,138.93,62
2024-01-25 16:42:00,2070,138.8881,138.9,138.89,138.9,138.89,57
2024-01-25 16:43:00,2054,138.8793,138.88,138.87,138.89,138.87,70
2024-01-25 16:45:00,925,138.9442,138.93,138.97,138.97,138.93,41
2024-01-25 16:46:00,1281,138.9926,138.99,139.01,139.01,138.99,62
2024-01-25 16:47:00,631,139.0255,139.01,139.02,139.03,139.01,29
2024-01-25 16:48:00,1919,139.0731,139.06,139.07,139.09,139.06,59
2024-01-25 16:50:00,1054,139.0939,139.09,139.105,139.11,139.09,37
2024-01-25 16:51:00,1645,139.0979,139.095,139.095,139.095,139.095,36
2024-01-25 16:52:00,1786,139.0776,139.095,139.06,139.095,139.06,49
2024-01-25 16:53:00,150,139.0772,139.075,139.075,139.075,139.075,11
2024-01-25 16:54:00,1693,139.0409,139.03,139.05,139.055,139.03,61
2024-01-25 16:55:00,3214,139.0381,139.04,139.035,139.0599,139.03,76
2024-01-25 16:56:00,2317,139.0563,139.05,139.07,139.08,139.03,79
2024-01-25 16:57:00,1219,139.0829,139.06,139.11,139.11,139.06,37
2024-01-25 16:58:00,1110,139.0848,139.1,139.07,139.1,139.07,57
2024-01-25 16:59:00,1002,139.0935,139.0888,139.1,139.1,139.0888,30
2024-01-25 17:00:00,1111,139.1056,139.1,139.1,139.1,139.1,47
2024-01-25 17:01:00,344,139.0836,139.08,139.08,139.08,139.08,21
2024-01-25 17:02:00,1730,139.0978,139.07,139.105,139.13,139.07,46
2024-01-25 17:03:00,549,139.1085,139.095,139.12,139.12,139.095,29
2024-01-25 17:04:00,3319,139.0976,139.12,139.03,139.13,139.03,96
2024-01-25 17:05:00,477,139.026,139.045,139.03,139.045,139.03,26
2024-01-25 17:06:00,1539,139.0033,139.03,139.0,139.03,138.97,64
2024-01-25 17:08:00,1380,139.0124,138.99,139.045,139.045,138.99,59
2024-01-25 17:09:00,855,139.0507,139.021,139.06,139.06,139.021,32
2024-01-25 17:10:00,1831,139.0356,139.03,139.06,139.06,139.02,64
2024-01-25 17:11:00,2485,139.0384,139.04,139.045,139.05,139.02,71
2024-01-25 17:12:00,920,139.045,139.04,139.04,139.04,139.04,46
2024-01-25 17:13:00,4169,139.0561,139.055,139.03,139.08,139.02,130
2024-01-25 17:14:00,540,139.0161,139.02,139.01,139.02,139.01,43
2024-01-25 17:15:00,1062,138.9981,138.99,138.99,138.99,138.99,55
2024-01-25 17:17:00,513,139.014,139.01,139.015,139.015,139.01,22
2024-01-25 17:18:00,14049,138.9335,139.0,138.96,139.01,138.86,272
2024-01-25 17:19:00,1961,138.9543,138.96,138.96,138.99,138.95,54
2024-01-25 17:20:00,2543,138.9053,138.92,138.93,138.93,138.87,50
2024-01-25 17:21:00,1291,138.9499,138.94,138.95,138.97,138.94,40
2024-01-25 17:22:00,1287,138.9316,138.95,138.93,138.95,138.91,50
2024-01-25 17:23:00,1196,138.9135,138.92,138.92,138.92,138.91,44
2024-01-25 17:24:00,951,138.9286,138.915,138.93,138.93,138.915,38
2024-01-25 17:25:00,2457,138.9388,138.96,138.935,138.97,138.9,57
2024-01-25 17:26:00,1129,138.9884,138.99,139.01,139.01,138.99,36
2024-01-25 17:27:00,3329,138.9956,138.99,139.01,139.01,138.975,85
2024-01-25 17:28:00,1141,139.003,138.99,139.01,139.01,138.99,33
2024-01-25 17:29:00,1132,138.9958,139.01,139.02,139.02,138.99,35
2024-01-25 17:30:00,2030,138.9684,139.005,138.96,139.005,138.95,82
2024-01-25 17:31:00,1297,138.9222,138.91,138.94,138.94,138.91,59
2024-01-25 17:32:00,1752,138.9064,138.915,138.92,138.93,138.88,49
2024-01-25 17:33:00,2842,138.9289,138.93,138.93,138.94,138.92,76
2024-01-25 17:34:00,1698,138.9092,138.9,138.9,138.9,138.89,56
2024-01-25 17:35:00,2096,138.8795,138.89,138.88,138.9,138.87,77
2024-01-25 17:36:00,1699,138.8674,138.87,138.87,138.87,138.87,47
2024-01-25 17:37:00,247,138.8717,138.865,138.865,138.865,138.865,14
2024-01-25 17:38:00,1860,138.8483,138.86,138.86,138.86,138.83,75
2024-01-25 17:39:00,410,138.8513,138.85,138.85,138.85,138.85,9
2024-01-25 17:40:00,1592,138.8917,138.87,138.9,138.9,138.87,69
2024-01-25 17:41:00,1459,138.9016,138.91,138.91,138.91,138.9,42
2024-01-25 17:42:00,1679,138.8918,138.9,138.9,138.9,138.89,45
2024-01-25 17:43:00,864,138.8986,138.885,138.9,138.9,138.885,20
2024-01-25 17:44:00,2069,138.8881,138.89,138.89,138.89,138.875,77
2024-01-25 17:45:00,1494,138.8801,138.895,138.87,138.9,138.865,43
2024-01-25 17:46:00,685,138.8699,138.87,138.87,138.87,138.87,29
2024-01-25 17:47:00,1941,138.8203,138.87,138.78,138.87,138.78,62
2024-01-25 17:48:00,3787,138.7747,138.79,138.77,138.805,138.74,86
2024-01-25 17:49:00,1352,138.7567,138.75,138.77,138.77,138.75,35
2024-01-25 17:50:00,962,138.7509,138.74,138.755,138.755,138.74,34
2024-01-25 17:52:00,2246,138.7679,138.75,138.77,138.785,138.75,94
2024-01-25 17:53:00,1804,138.7701,138.79,138.76,138.795,138.75,49
2024-01-25 17:54:00,2450,138.7633,138.77,138.77,138.77,138.75,53
2024-01-25 17:55:00,1116,138.7473,138.74,138.76,138.76,138.74,37
2024-01-25 17:56:00,1053,138.7004,138.72,138.65,138.72,138.65,45
2024-01-25 17:57:00,1915,138.64,138.645,138.64,138.66,138.63,48
2024-01-25 17:58:00,824,138.6391,138.63,138.655,138.655,138.63,22
2024-01-25 17:59:00,1870,138.6957,138.66,138.69,138.71,138.66,59
2024-01-25 18:00:00,3126,138.729,138.72,138.74,138.74,138.7,78
2024-01-25 18:01:00,2157,138.7496,138.735,138.77,138.77,138.735,53
2024-01-25 18:02:00,4250,138.7991,138.76,138.85,138.85,138.73,124
2024-01-25 18:03:00,1383,138.8346,138.85,138.84,138.86,138.84,53
2024-01-25 18:04:00,2445,138.7955,138.83,138.79,138.83,138.77,83
2024-01-25 18:05:00,1058,138.8058,138.77,138.83,138.83,138.77,45
2024-01-25 18:06:00,2165,138.7968,138.79,138.82,138.82,138.7615,75
2024-01-25 18:07:00,435,138.8481,138.85,138.85,138.85,138.85,34
2024-01-25 18:08:00,1695,138.8348,138.84,138.8265,138.84,138.825,60
2024-01-25 18:09:00,2018,138.831,138.82,138.81,138.85,138.81,55
2024-01-25 18:10:00,1125,138.7926,138.7999,138.78,138.81,138.78,33
2024-01-25 18:11:00,1092,138.8115,138.81,138.82,138.82,138.81,37
2024-01-25 18:12:00,2719,138.825,138.83,138.84,138.84,138.81,68
2024-01-25 18:13:00,1669,138.8515,138.87,138.84,138.87,138.84,51
2024-01-25 18:14:00,1483,138.8011,138.79,138.79,138.81,138.79,59
2024-01-25 18:15:00,1426,138.7258,138.75,138.71,138.75,138.705,50
2024-01-25 18:16:00,1313,138.6526,138.62,138.67,138.67,138.62,52
2024-01-25 18:17:00,1640,138.6079,138.63,138.58,138.63,138.58,53
2024-01-25 18:18:00,2015,138.606,138.58,138.61,138.62,138.58,47
2024-01-25 18:19:00,1106,138.6233,138.61,138.63,138.63,138.61,40
2024-01-25 18:20:00,1533,138.6583,138.62,138.7,138.7,138.62,62
2024-01-25 18:21:00,956,138.7107,138.69,138.73,138.73,138.68,40
2024-01-25 18:22:00,106,138.7198,138.72,138.72,138.72,138.72,4
2024-01-25 18:23:00,2334,138.7185,138.72,138.71,138.74,138.71,60
2024-01-25 18:24:00,1284,138.7333,138.73,138.73,138.76,138.73,47
2024-01-25 18:25:00,2097,138.7286,138.73,138.73,138.74,138.71,46
2024-01-25 18:26:00,7493,138.7876,138.73,138.81,138.84,138.73,178
2024-01-25 18:27:00,2314,138.7741,138.79,138.76,138.79,138.76,61
2024-01-25 18:28:00,1003,138.7468,138.76,138.74,138.76,138.74,34
2024-01-25 18:29:00,1806,138.7352,138.73,138.75,138.75,138.71,45
2024-01-25 18:30:00,1661,138.7224,138.74,138.69,138.74,138.69,47
2024-01-25 18:31:00,223,138.7001,138.71,138.69,138.71,138.69,12
2024-01-25 18:32:00,2327,138.6881,138.69,138.7,138.7,138.68,65
2024-01-25 18:33:00,896,138.6967,138.705,138.69,138.705,138.69,36
2024-01-25 18:34:00,1372,138.6793,138.675,138.68,138.68,138.675,49
2024-01-25 18:35:00,2300,138.7042,138.6588,138.73,138.73,138.6588,85
2024-01-25 18:36:00,1640,138.7266,138.72,138.72,138.75,138.72,59
2024-01-25 18:37:00,1435,138.6934,138.67,138.69,138.69,138.67,47
2024-01-25 18:38:00,1574,138.7107,138.7,138.71,138.725,138.7,45
2024-01-25 18:39:00,1729,138.7068,138.705,138.7,138.71,138.7,50
2024-01-25 18:40:00,1009,138.7291,138.73,138.71,138.74,138.71,45
2024-01-25 18:41:00,616,138.7315,138.73,138.73,138.73,138.73,29
2024-01-25 18:42:00,1550,138.7596,138.75,138.79,138.79,138.75,73
2024-01-25 18:43:00,2684,138.7552,138.77,138.74,138.78,138.735,94
2024-01-25 18:44:00,695,138.7652,138.76,138.77,138.77,138.76,21
2024-01-25 18:45:00,577,138.7462,138.75,138.745,138.75,138.745,24
2024-01-25 18:46:00,1703,138.718,138.75,138.71,138.75,138.705,56
2024-01-25 18:47:00,2065,138.7099,138.7,138.74,138.74,138.7,59
2024-01-25 18:48:00,1216,138.7363,138.73,138.74,138.74,138.73,43
2024-01-25 18:49:00,2304,138.7595,138.745,138.745,138.77,138.745,61
2024-01-25 18:50:00,796,138.747,138.78,138.74,138.78,138.74,27
2024-01-25 18:51:00,790,138.7245,138.73,138.71,138.73,138.71,23
2024-01-25 18:52:00,1810,138.7212,138.7,138.72,138.74,138.7,41
2024-01-25 18:53:00,657,138.717,138.72,138.71,138.72,138.71,41
2024-01-25 18:54:00,1888,138.6682,138.7,138.67,138.7,138.66,55
2024-01-25 18:55:00,2151,138.6205,138.66,138.61,138.66,138.595,57
2024-01-25 18:56:00,1324,138.6228,138.605,138.62,138.62,138.605,40
2024-01-25 18:57:00,2005,138.6308,138.6269,138.64,138.64,138.62,61
2024-01-25 18:58:00,2579,138.6177,138.64,138.6,138.64,138.6,88
2024-01-25 18:59:00,1950,138.6108,138.6,138.6,138.63,138.6,64
2024-01-25 19:00:00,1887,138.5711,138.57,138.55,138.59,138.55,71
2024-01-25 19:01:00,1115,138.5233,138.51,138.5,138.51,138.5,78
2024-01-25 19:02:00,971,138.5386,138.54,138.545,138.545,138.54,48
2024-01-25 19:03:00,1170,138.5443,138.55,138.545,138.55,138.5322,46
2024-01-25 19:04:00,1692,138.5748,138.54,138.58,138.59,138.54,70
2024-01-25 19:05:00,789,138.5751,138.57,138.585,138.585,138.57,41
2024-01-25 19:06:00,1608,138.5952,138.59,138.61,138.61,138.59,55
2024-01-25 19:07:00,1987,138.6015,138.61,138.61,138.61,138.59,64
2024-01-25 19:08:00,1964,138.5609,138.575,138.55,138.59,138.55,72
2024-01-25 19:09:00,1037,138.5628,138.57,138.56,138.57,138.55,35
2024-01-25 19:10:00,1285,138.5948,138.6,138.63,138.63,138.6,53
2024-01-25 19:11:00,2120,138.6418,138.63,138.665,138.665,138.63,65
2024-01-25 19:12:00,1214,138.6643,138.67,138.655,138.67,138.655,40
2024-01-25 19:13:00,6134,138.6742,138.66,138.675,138.7,138.66,169
2024-01-25 19:14:00,577,138.6555,138.66,138.645,138.66,138.645,36
2024-01-25 19:15:00,1756,138.6571,138.662,138.65,138.662,138.65,44
2024-01-25 19:16:00,1223,138.6296,138.63,138.63,138.63,138.62,52
2024-01-25 19:17:00,1233,138.6021,138.615,138.61,138.615,138.6,53
2024-01-25 19:18:00,2129,138.5809,138.6,138.562,138.6,138.56,60
2024-01-25 19:19:00,1754,138.5775,138.58,138.58,138.607,138.57,47
2024-01-25 19:20:00,398,138.6074,138.61,138.61,138.61,138.61,24
2024-01-25 19:21:00,1387,138.5948,138.61,138.6,138.61,138.59,40
2024-01-25 19:22:00,1013,138.6437,138.65,138.65,138.65,138.65,43
2024-01-25 19:23:00,1712,138.6071,138.64,138.56,138.64,138.56,69
2024-01-25 19:24:00,915,138.5721,138.57,138.56,138.57,138.56,30
2024-01-25 19:25:00,2150,138.6162,138.6,138.62,138.627,138.6,47
2024-01-25 19:26:00,1710,138.6124,138.63,138.6,138.63,138.6,41
2024-01-25 19:27:00,1552,138.627,138.615,138.62,138.63,138.615,54
2024-01-25 19:28:00,645,138.6619,138.67,138.67,138.67,138.67,43
2024-01-25 19:30:00,876,138.6788,138.67,138.68,138.68,138.67,34
2024-01-25 19:31:00,751,138.7171,138.695,138.71,138.71,138.695,34
2024-01-25 19:32:00,1501,138.733,138.73,138.74,138.74,138.73,57
2024-01-25 19:33:00,1701,138.7501,138.74,138.77,138.77,138.74,45
2024-01-25 19:34:00,674,138.7618,138.7613,138.77,138.77,138.7613,28
2024-01-25 19:35:00,1656,138.7979,138.79,138.785,138.815,138.785,52
2024-01-25 19:36:00,524,138.7922,138.78,138.78,138.78,138.78,33
2024-01-25 19:37:00,2856,138.7697,138.77,138.77,138.785,138.75,107
2024-01-25 19:38:00,1427,138.7611,138.77,138.75,138.77,138.75,35
2024-01-25 19:39:00,650,138.7641,138.755,138.76,138.76,138.755,33
2024-01-25 19:41:00,1213,138.741,138.74,138.74,138.74,138.74,35
2024-01-25 19:42:00,3185,138.7307,138.7,138.73,138.745,138.7,76
2024-01-25 19:44:00,1023,138.7303,138.73,138.73,138.73,138.72,58
2024-01-25 19:45:00,1551,138.7266,138.72,138.73,138.73,138.72,55
2024-01-25 19:46:00,1763,138.695,138.71,138.66,138.71,138.66,52
2024-01-25 19:47:00,697,138.669,138.638,138.638,138.638,138.638,42
2024-01-25 19:48:00,1980,138.6715,138.65,138.68,138.68,138.65,73
2024-01-25 19:49:00,2793,138.6535,138.66,138.64,138.66,138.64,78
2024-01-25 19:50:00,940,138.6093,138.64,138.58,138.64,138.58,48
2024-01-25 19:51:00,1198,138.5777,138.57,138.57,138.57,138.57,40
2024-01-25 19:52:00,3170,138.5926,138.56,138.595,138.605,138.56,84
2024-01-25 19:53:00,724,138.6132,138.62,138.6,138.62,138.6,48
2024-01-25 19:54:00,1351,138.6231,138.625,138.63,138.63,138.625,46
2024-01-25 19:55:00,2922,138.6511,138.64,138.67,138.67,138.64,82
2024-01-25 19:56:00,1148,138.6545,138.68,138.645,138.68,138.64,30
2024-01-25 19:57:00,1583,138.6549,138.64,138.665,138.67,138.64,43
2024-01-25 19:58:00,4152,138.6683,138.67,138.69,138.69,138.64,85
2024-01-25 19:59:00,722,138.7005,138.69,138.7,138.7,138.69,37
2024-01-25 20:00:00,2579,138.6879,138.69,138.695,138.7,138.6521,106
2024-01-25 20:01:00,1070,138.6733,138.7,138.7,138.7,138.7,30
2024-01-25 20:02:00,884,138.6851,138.68,138.69,138.69,138.68,29
2024-01-25 20:03:00,1842,138.6956,138.7,138.694,138.7,138.694,41
2024-01-25 20:04:00,2382,138.6669,138.69,138.64,138.69,138.64,83
2024-01-25 20:05:00,1552,138.6503,138.63,138.66,138.66,138.63,51
2024-01-25 20:06:00,4482,138.6631,138.66,138.64,138.67,138.64,107
2024-01-25 20:07:00,2711,138.6351,138.625,138.65,138.65,138.625,73
2024-01-25 20:08:00,2754,138.6776,138.66,138.69,138.69,138.66,61
2024-01-25 20:09:00,3025,138.6768,138.69,138.67,138.69,138.665,68
2024-01-25 20:10:00,1790,138.65,138.66,138.67,138.67,138.64,75
2024-01-25 20:11:00,709,138.6796,138.68,138.68,138.68,138.68,18
2024-01-25 20:12:00,3661,138.704,138.7,138.69,138.71,138.69,104
2024-01-25 20:13:00,2434,138.6818,138.665,138.69,138.69,138.665,87
2024-01-25 20:14:00,2850,138.6971,138.68,138.7,138.71,138.67,96
2024-01-25 20:15:00,1054,138.723,138.73,138.73,138.73,138.71,43
2024-01-25 20:16:00,3037,138.7378,138.73,138.74,138.75,138.73,88
2024-01-25 20:17:00,1469,138.7039,138.71,138.705,138.71,138.69,59
2024-01-25 20:18:00,3234,138.7187,138.72,138.695,138.73,138.695,107
2024-01-25 20:19:00,1530,138.7217,138.7,138.73,138.73,138.7,66
2024-01-25 20:20:00,2852,138.7344,138.74,138.73,138.745,138.725,111
2024-01-25 20:21:00,1199,138.7284,138.73,138.72,138.73,138.72,39
2024-01-25 20:22:00,2285,138.7092,138.72,138.71,138.72,138.7,88
2024-01-25 20:23:00,2641,138.7045,138.705,138.7,138.715,138.7,88
2024-01-25 20:24:00,4064,138.6729,138.69,138.66,138.69,138.66,110
2024-01-25 20:25:00,4174,138.6714,138.67,138.66,138.68,138.66,126
2024-01-25 20:26:00,6111,138.6704,138.66,138.64,138.68,138.64,156
2024-01-25 20:27:00,1169,138.6493,138.65,138.66,138.66,138.65,61
2024-01-25 20:28:00,2613,138.649,138.65,138.65,138.665,138.63,84
2024-01-25 20:29:00,2905,138.6385,138.635,138.63,138.65,138.63,105
2024-01-25 20:30:00,4168,138.6288,138.63,138.63,138.63,138.62,114
2024-01-25 20:31:00,5280,138.6479,138.63,138.66,138.67,138.625,141
2024-01-25 20:32:00,3855,138.6801,138.66,138.675,138.7,138.65,112
2024-01-25 20:33:00,5165,138.7002,138.68,138.7,138.71,138.675,139
2024-01-25 20:34:00,7188,138.7009,138.7,138.68,138.72,138.67,169
2024-01-25 20:35:00,2046,138.7385,138.69,138.801,138.801,138.69,86
2024-01-25 20:36:00,4665,138.7991,138.82,138.775,138.83,138.775,125
2024-01-25 20:37:00,2981,138.783,138.765,138.81,138.82,138.75,87
2024-01-25 20:38:00,3572,138.8166,138.82,138.835,138.835,138.791,104
2024-01-25 20:39:00,2788,138.853,138.86,138.87,138.87,138.84,89
2024-01-25 20:40:00,3160,138.8799,138.875,138.872,138.8999,138.87,95
2024-01-25 20:41:00,6134,138.8576,138.89,138.842,138.89,138.82,163
2024-01-25 20:42:00,2241,138.8388,138.84,138.822,138.845,138.82,67
2024-01-25 20:43:00,3258,138.8068,138.82,138.795,138.82,138.79,96
2024-01-25 20:44:00,6706,138.7791,138.795,138.76,138.8,138.76,190
2024-01-25 20:45:00,5410,138.7341,138.745,138.71,138.755,138.701,112
2024-01-25 20:46:00,5014,138.7607,138.72,138.78,138.78,138.72,124
2024-01-25 20:47:00,4224,138.7668,138.77,138.77,138.77,138.743,103
2024-01-25 20:48:00,3726,138.761,138.76,138.765,138.77,138.75,131
2024-01-25 20:49:00,6598,138.7644,138.765,138.76,138.77,138.75,145
2024-01-25 20:50:00,13681,138.8022,138.76,138.83,138.845,138.75,351
2024-01-25 20:51:00,9531,138.7916,138.81,138.77,138.82,138.765,252
2024-01-25 20:52:00,9642,138.7307,138.76,138.705,138.76,138.705,250
2024-01-25 20:53:00,22963,138.6557,138.67,138.68,138.7,138.61,427
2024-01-25 20:54:00,9715,138.7117,138.7,138.69,138.74,138.67,255
2024-01-25 20:55:00,15884,138.7744,138.68,138.815,138.865,138.68,351
2024-01-25 20:56:00,23401,138.7801,138.815,138.78,138.815,138.755,449
2024-01-25 20:57:00,22025,138.8076,138.78,138.8125,138.83,138.773,496
2024-01-25 20:58:00,27887,138.8064,138.81,138.805,138.82,138.79,627
2024-01-25 20:59:00,44154,138.8574,138.805,138.95,138.95,138.8025,889
2024-01-25 21:00:00,32073,138.9398,138.94,138.94,138.94,138.94,39
2024-01-25 21:13:00,400,138.94,138.94,138.94,138.94,138.94,4
2024-01-25 21:20:00,836,138.94,138.94,138.94,138.94,138.94,1
2024-01-25 21:36:00,568,138.9419,138.94,138.94,138.94,138.94,4
2024-01-25 22:12:00,146,138.94,138.94,138.94,138.94,138.94,1
2024-01-25 23:27:00,131,138.9376,138.94,138.94,138.94,138.94,2
2024-01-26 14:30:00,23724,139.0218,139.07,139.07,139.07,138.69,117
2024-01-26 14:31:00,3661,139.227,139.21,139.15,139.25,139.15,84
2024-01-26 14:32:00,6739,139.1645,139.0675,139.25,139.25,139.0675,114
2024-01-26 14:33:00,2907,139.238,139.25,139.23,139.275,139.22,76
2024-01-26 14:34:00,2815,139.1722,139.19,139.14,139.235,139.12,104
2024-01-26 14:35:00,2522,139.1389,139.07,139.18,139.2,139.07,88
2024-01-26 14:36:00,3291,139.0625,139.11,138.91,139.11,138.91,126
2024-01-26 14:37:00,4192,138.9053,138.8,138.965,138.98,138.8,109
2024-01-26 14:38:00,2255,138.9901,138.965,139.05,139.07,138.965,73
2024-01-26 14:39:00,1330,139.0378,139.03,139.06,139.06,139.02,49
2024-01-26 14:40:00,4151,138.9815,139.03,138.83,139.04,138.83,102
2024-01-26 14:41:00,1835,138.8289,138.84,138.75,138.87,138.75,84
2024-01-26 14:42:00,2090,138.8032,138.775,138.8,138.845,138.755,89
2024-01-26 14:43:00,1072,138.88,138.9,138.9,138.9,138.87,62
2024-01-26 14:44:00,888,138.9091,138.9,138.91,138.94,138.9,28
2024-01-26 14:45:00,3132,138.9536,138.93,138.97,138.99,138.9158,81
2024-01-26 14:46:00,3709,139.0687,139.0,139.09,139.1,139.0,91
2024-01-26 14:47:00,671,139.0816,139.09,139.085,139.1,139.085,34
2024-01-26 14:48:00,863,139.1041,139.085,139.09,139.09,139.085,35
2024-01-26 14:49:00,1254,139.0817,139.095,139.09,139.095,139.09,74
2024-01-26 14:50:00,3538,139.0314,139.055,138.96,139.095,138.96,133
2024-01-26 14:51:00,1884,138.936,138.87,138.935,138.955,138.87,60
2024-01-26 14:52:00,2871,139.0721,138.99,139.095,139.13,138.99,101
2024-01-26 14:53:00,1270,139.1448,139.14,139.155,139.16,139.12,70
2024-01-26 14:54:00,1911,139.075,139.13,139.035,139.13,139.035,70
2024-01-26 14:55:00,2905,139.0196,138.97,139.065,139.065,138.97,114
2024-01-26 14:56:00,2021,139.1121,139.07,139.15,139.15,139.065,85
2024-01-26 14:57:00,12680,139.3914,139.17,139.52,139.55,139.17,368
2024-01-26 14:58:00,33030,139.6654,139.49,139.64,139.755,139.455,648
2024-01-26 14:59:00,3929,139.5445,139.61,139.45,139.61,139.45,120
2024-01-26 15:00:00,6710,139.3926,139.39,139.37,139.46,139.33,214
2024-01-26 15:01:00,3410,139.3944,139.335,139.44,139.44,139.335,112
2024-01-26 15:02:00,2895,139.5404,139.5,139.6,139.6,139.5,89
2024-01-26 15:03:00,3376,139.5575,139.57,139.62,139.62,139.5,100
2024-01-26 15:04:00,1717,139.5293,139.55,139.51,139.555,139.51,58
2024-01-26 15:05:00,3364,139.3909,139.49,139.335,139.5,139.33,98
2024-01-26 15:06:00,4109,139.2901,139.33,139.25,139.33,139.25,111
2024-01-26 15:07:00,3792,139.246,139.23,139.29,139.29,139.21,107
2024-01-26 15:08:00,5640,139.2324,139.29,139.26,139.29,139.16,133
2024-01-26 15:09:00,2517,139.1336,139.25,139.12,139.25,139.09,78
2024-01-26 15:10:00,3567,139.1659,139.065,139.19,139.19,139.065,56
2024-01-26 15:11:00,1751,139.1725,139.18,139.17,139.18,139.16,68
2024-01-26 15:12:00,647,139.1613,139.14,139.175,139.175,139.14,34
2024-01-26 15:13:00,1052,139.1842,139.17,139.185,139.2,139.17,58
2024-01-26 15:14:00,2095,139.2384,139.19,139.295,139.295,139.19,90
2024-01-26 15:15:00,9827,139.2198,139.33,139.23,139.34,139.13,189
2024-01-26 15:16:00,2226,139.221,139.21,139.235,139.24,139.21,63
2024-01-26 15:17:00,2611,139.1596,139.235,139.135,139.25,139.1,81
2024-01-26 15:18:00,3365,139.1714,139.11,139.14,139.2,139.11,94
2024-01-26 15:19:00,2033,139.1355,139.07,139.19,139.19,139.07,51
2024-01-26 15:20:00,1600,139.2556,139.27,139.28,139.28,139.27,61
2024-01-26 15:21:00,4474,139.2873,139.3,139.29,139.3,139.2785,113
2024-01-26 15:22:00,2185,139.2917,139.275,139.3,139.31,139.275,72
2024-01-26 15:23:00,1388,139.2363,139.25,139.25,139.25,139.19,67
2024-01-26 15:24:00,851,139.2148,139.23,139.18,139.23,139.18,32
2024-01-26 15:25:00,975,139.2535,139.27,139.245,139.27,139.245,38
2024-01-26 15:26:00,3186,139.2992,139.27,139.36,139.37,139.27,110
2024-01-26 15:27:00,1765,139.3285,139.34,139.345,139.35,139.34,74
2024-01-26 15:28:00,2647,139.3807,139.37,139.38,139.395,139.37,67
2024-01-26 15:29:00,1726,139.3729,139.38,139.38,139.4,139.32,54
2024-01-26 15:30:00,1549,139.3423,139.385,139.34,139.385,139.34,78
2024-01-26 15:31:00,1392,139.2873,139.3,139.28,139.3,139.28,69
2024-01-26 15:32:00,2820,139.2538,139.27,139.26,139.27,139.225,98
2024-01-26 15:33:00,1717,139.2945,139.28,139.285,139.295,139.28,68
2024-01-26 15:34:00,3004,139.3456,139.315,139.365,139.365,139.315,93
2024-01-26 15:35:00,1712,139.4037,139.365,139.41,139.41,139.365,51
2024-01-26 15:36:00,1834,139.4092,139.41,139.43,139.43,139.4,56
2024-01-26 15:37:00,2483,139.4152,139.41,139.42,139.42,139.4,65
2024-01-26 15:38:00,3851,139.4357,139.43,139.42,139.455,139.42,84
2024-01-26 15:39:00,1671,139.4071,139.41,139.405,139.41,139.39,51
2024-01-26 15:40:00,4202,139.4674,139.43,139.485,139.5,139.43,118
2024-01-26 15:41:00,1617,139.4819,139.46,139.48,139.5,139.46,45
2024-01-26 15:42:00,1452,139.4675,139.49,139.465,139.51,139.46,48
2024-01-26 15:43:00,2278,139.4866,139.45,139.5,139.5,139.45,58
2024-01-26 15:44:00,9274,139.4781,139.49,139.465,139.495,139.44,131
2024-01-26 15:45:00,3065,139.4382,139.44,139.44,139.455,139.42,85
2024-01-26 15:46:00,13347,139.4249,139.43,139.46,139.46,139.41,117
2024-01-26 15:47:00,2813,139.4522,139.46,139.4675,139.47,139.44,80
2024-01-26 15:48:00,2636,139.5161,139.465,139.54,139.55,139.465,85
2024-01-26 15:49:00,2352,139.5435,139.56,139.54,139.58,139.52,73
2024-01-26 15:50:00,369,139.5212,139.515,139.525,139.525,139.515,18
2024-01-26 15:51:00,3759,139.4929,139.53,139.41,139.53,139.41,116
2024-01-26 15:52:00,1657,139.3313,139.37,139.31,139.37,139.31,74
2024-01-26 15:53:00,2732,139.2479,139.285,139.24,139.285,139.22,79
2024-01-26 15:54:00,4897,139.2112,139.24,139.22,139.24,139.17,120
2024-01-26 15:55:00,1693,139.2238,139.22,139.21,139.24,139.2,51
2024-01-26 15:56:00,1023,139.1999,139.16,139.2,139.2,139.16,31
2024-01-26 15:57:00,1184,139.1716,139.17,139.155,139.19,139.155,63
2024-01-26 15:58:00,3402,139.1449,139.14,139.14,139.15,139.12,79
2024-01-26 15:59:00,3314,139.1712,139.145,139.19,139.2,139.13,93
2024-01-26 16:00:00,3080,139.1638,139.17,139.16,139.2,139.14,96
2024-01-26 16:01:00,2944,139.1417,139.155,139.14,139.155,139.13,71
2024-01-26 16:02:00,1537,139.11,139.12,139.095,139.14,139.06,65
2024-01-26 16:03:00,1661,139.0693,139.08,139.03,139.08,139.03,71
2024-01-26 16:04:00,856,139.0313,139.035,139.02,139.04,139.02,20
2024-01-26 16:05:00,1794,139.0286,139.02,139.03,139.03,139.02,65
2024-01-26 16:06:00,3778,139.0077,139.03,138.99,139.03,138.99,116
2024-01-26 16:07:00,2576,139.0225,138.99,139.05,139.05,138.99,78
2024-01-26 16:08:00,1943,139.0502,139.05,139.05,139.0509,139.05,42
2024-01-26 16:09:00,8244,139.0519,139.05,139.04,139.07,139.035,126
2024-01-26 16:10:00,1327,139.0252,139.03,139.025,139.03,139.02,39
2024-01-26 16:11:00,8196,139.0863,139.01,139.135,139.17,138.995,192
2024-01-26 16:12:00,8642,139.1478,139.12,139.24,139.24,139.09,145
2024-01-26 16:13:00,8957,139.2408,139.23,139.225,139.28,139.22,150
2024-01-26 16:14:00,18353,139.3722,139.215,139.3,139.5,139.2,257
2024-01-26 16:15:00,5394,139.2501,139.28,139.295,139.3,139.2,125
2024-01-26 16:16:00,3173,139.2773,139.27,139.275,139.3,139.26,83
2024-01-26 16:17:00,1499,139.317,139.35,139.28,139.35,139.28,71
2024-01-26 16:18:00,592,139.1945,139.23,139.14,139.23,139.14,31
2024-01-26 16:19:00,1758,139.1357,139.14,139.19,139.19,139.1,45
2024-01-26 16:20:00,2554,139.1923,139.19,139.18,139.2,139.1688,68
2024-01-26 16:21:00,1813,139.1835,139.185,139.175,139.19,139.17,63
2024-01-26 16:22:00,3129,139.1939,139.16,139.25,139.25,139.15,101
2024-01-26 16:23:00,3294,139.2705,139.255,139.31,139.31,139.23,73
2024-01-26 16:24:00,6340,139.348,139.33,139.33,139.38,139.325,154
2024-01-26 16:25:00,1802,139.3403,139.3,139.33,139.35,139.3,48
2024-01-26 16:26:00,1756,139.3268,139.35,139.32,139.365,139.29,47
2024-01-26 16:27:00,443,139.3241,139.31,139.33,139.33,139.31,44
2024-01-26 16:28:00,2993,139.2968,139.31,139.3,139.31,139.265,72
2024-01-26 16:29:00,3035,139.2988,139.29,139.3,139.32,139.29,71
2024-01-26 16:30:00,2175,139.2939,139.3,139.3,139.3,139.29,49
2024-01-26 16:31:00,5513,139.3262,139.305,139.335,139.345,139.3,124
2024-01-26 16:32:00,1440,139.3225,139.33,139.31,139.33,139.31,42
2024-01-26 16:33:00,841,139.3269,139.31,139.33,139.33,139.31,47
2024-01-26 16:34:00,1695,139.3172,139.35,139.26,139.35,139.26,64
2024-01-26 16:35:00,789,139.3413,139.36,139.36,139.36,139.36,34
2024-01-26 16:36:00,1876,139.3512,139.35,139.36,139.36,139.35,54
2024-01-26 16:37:00,3124,139.3802,139.37,139.35,139.4,139.35,79
2024-01-26 16:38:00,2177,139.3292,139.33,139.355,139.355,139.32,57
2024-01-26 16:39:00,870,139.3311,139.35,139.32,139.35,139.32,33
2024-01-26 16:40:00,2509,139.3203,139.31,139.34,139.34,139.3,61
2024-01-26 16:41:00,2093,139.3238,139.33,139.31,139.33,139.305,55
2024-01-26 16:42:00,525,139.322,139.32,139.32,139.32,139.32,32
2024-01-26 16:43:00,5152,139.3325,139.335,139.34,139.35,139.32,89
2024-01-26 16:44:00,4015,139.3882,139.34,139.425,139.43,139.34,87
2024-01-26 16:45:00,6189,139.4581,139.425,139.45,139.48,139.425,119
2024-01-26 16:46:00,973,139.4532,139.455,139.45,139.46,139.45,30
2024-01-26 16:47:00,2637,139.4667,139.46,139.47,139.47,139.46,53
2024-01-26 16:48:00,1603,139.5063,139.48,139.52,139.52,139.48,65
2024-01-26 16:49:00,2434,139.5428,139.55,139.5599,139.5599,139.53,83
2024-01-26 16:50:00,2228,139.5836,139.58,139.6,139.6,139.58,45
2024-01-26 16:51:00,1035,139.5924,139.59,139.59,139.59,139.59,42
2024-01-26 16:52:00,2957,139.6212,139.62,139.62,139.63,139.62,92
2024-01-26 16:53:00,1466,139.6309,139.615,139.66,139.66,139.615,52
2024-01-26 16:54:00,1499,139.6583,139.66,139.65,139.66,139.65,46
2024-01-26 16:55:00,3574,139.6461,139.635,139.65,139.66,139.63,61
2024-01-26 16:56:00,1105,139.7024,139.69,139.715,139.715,139.69,45
2024-01-26 16:57:00,2284,139.7545,139.75,139.74,139.79,139.74,78
2024-01-26 16:58:00,1031,139.7306,139.735,139.73,139.735,139.73,28
2024-01-26 16:59:00,1028,139.7175,139.725,139.72,139.725,139.71,48
2024-01-26 17:00:00,1149,139.6995,139.73,139.67,139.73,139.67,44
2024-01-26 17:01:00,1464,139.7098,139.7,139.725,139.725,139.7,41
2024-01-26 17:02:00,889,139.7105,139.71,139.705,139.72,139.705,21
2024-01-26 17:03:00,2473,139.7295,139.7,139.7518,139.76,139.7,69
2024-01-26 17:04:00,1522,139.7351,139.735,139.74,139.75,139.72,42
2024-01-26 17:05:00,1776,139.7781,139.76,139.77,139.795,139.76,51
2024-01-26 17:06:00,589,139.7714,139.77,139.77,139.77,139.77,26
2024-01-26 17:07:00,1053,139.7324,139.74,139.71,139.74,139.71,63
2024-01-26 17:08:00,1706,139.7057,139.71,139.7,139.72,139.7,43
2024-01-26 17:09:00,2016,139.6759,139.6699,139.64,139.6899,139.64,54
2024-01-26 17:10:00,2144,139.6344,139.64,139.63,139.64,139.625,76
2024-01-26 17:11:00,3109,139.6491,139.64,139.63,139.66,139.63,62
2024-01-26 17:12:00,1124,139.6219,139.62,139.62,139.62,139.62,37
2024-01-26 17:13:00,3476,139.6695,139.635,139.69,139.69,139.6256,80
2024-01-26 17:14:00,1318,139.7108,139.69,139.71,139.73,139.69,37
2024-01-26 17:15:00,1620,139.7048,139.68,139.72,139.725,139.68,58
2024-01-26 17:16:00,1079,139.7305,139.73,139.71,139.73,139.71,39
2024-01-26 17:17:00,965,139.7391,139.75,139.74,139.75,139.74,36
2024-01-26 17:18:00,1110,139.7232,139.735,139.73,139.735,139.71,43
2024-01-26 17:19:00,1300,139.7231,139.73,139.75,139.75,139.71,55
2024-01-26 17:20:00,1336,139.7208,139.72,139.735,139.735,139.71,29
2024-01-26 17:21:00,776,139.7481,139.735,139.77,139.77,139.735,23
2024-01-26 17:22:00,1474,139.7755,139.76,139.78,139.78,139.76,39
2024-01-26 17:23:00,7135,139.8,139.78,139.79,139.82,139.765,174
2024-01-26 17:24:00,5708,139.7267,139.765,139.705,139.765,139.685,114
2024-01-26 17:25:00,1774,139.7417,139.72,139.76,139.77,139.72,65
2024-01-26 17:26:00,1771,139.7468,139.76,139.738,139.76,139.738,46
2024-01-26 17:27:00,1764,139.7486,139.76,139.755,139.76,139.73,41
2024-01-26 17:28:00,1020,139.7323,139.73,139.735,139.735,139.73,42
2024-01-26 17:29:00,1332,139.7353,139.73,139.74,139.74,139.73,50
2024-01-26 17:30:00,3880,139.6808,139.72,139.665,139.72,139.625,117
2024-01-26 17:31:00,2020,139.6689,139.67,139.68,139.68,139.66,57
2024-01-26 17:32:00,2062,139.662,139.675,139.67,139.68,139.64,55
2024-01-26 17:33:00,1820,139.6981,139.68,139.71,139.71,139.68,63
2024-01-26 17:34:00,1769,139.7019,139.71,139.71,139.71,139.69,43
2024-01-26 17:35:00,4344,139.6766,139.7,139.645,139.7,139.645,123
2024-01-26 17:36:00,2586,139.6416,139.66,139.625,139.665,139.625,63
2024-01-26 17:37:00,2953,139.6231,139.61,139.62,139.62,139.61,74
2024-01-26 17:38:00,3328,139.5828,139.56,139.57,139.605,139.56,121
2024-01-26 17:39:00,955,139.5889,139.58,139.61,139.61,139.58,35
2024-01-26 17:40:00,2251,139.5987,139.6,139.61,139.61,139.6,65
2024-01-26 17:41:00,1974,139.5713,139.59,139.55,139.595,139.55,63
2024-01-26 17:42:00,2739,139.5858,139.59,139.61,139.61,139.57,50
2024-01-26 17:43:00,4513,139.5864,139.6,139.59,139.6,139.57,93
2024-01-26 17:44:00,1801,139.6177,139.6,139.64,139.64,139.59,63
2024-01-26 17:45:00,3479,139.6738,139.66,139.67,139.7,139.66,85
2024-01-26 17:46:00,2539,139.6585,139.65,139.665,139.6775,139.65,71
2024-01-26 17:47:00,4136,139.6317,139.655,139.62,139.655,139.62,87
2024-01-26 17:48:00,2851,139.6202,139.62,139.61,139.63,139.61,73
2024-01-26 17:49:00,6323,139.5301,139.59,139.47,139.61,139.47,121
2024-01-26 17:50:00,1115,139.4924,139.49,139.495,139.495,139.49,39
2024-01-26 17:51:00,3842,139.454,139.49,139.41,139.49,139.41,84
2024-01-26 17:52:00,5617,139.3868,139.42,139.345,139.44,139.34,81
2024-01-26 17:53:00,3306,139.337,139.33,139.34,139.36,139.315,80
2024-01-26 17:54:00,3361,139.3817,139.35,139.42,139.42,139.35,72
2024-01-26 17:55:00,3987,139.4357,139.43,139.43,139.45,139.42,52
2024-01-26 17:56:00,7170,139.435,139.44,139.415,139.46,139.415,117
2024-01-26 17:57:00,3944,139.4518,139.44,139.47,139.47,139.44,92
2024-01-26 17:58:00,4036,139.4723,139.47,139.47,139.49,139.45,75
2024-01-26 17:59:00,3034,139.522,139.47,139.55,139.55,139.47,88
2024-01-26 18:00:00,4120,139.4413,139.51,139.38,139.51,139.38,82
2024-01-26 18:01:00,422,139.3805,139.37,139.39,139.39,139.37,24
2024-01-26 18:02:00,772,139.3485,139.34,139.34,139.34,139.34,29
2024-01-26 18:03:00,567,139.3089,139.31,139.3,139.31,139.3,37
2024-01-26 18:04:00,1142,139.2329,139.24,139.24,139.24,139.24,55
2024-01-26 18:05:00,2700,139.1696,139.2,139.17,139.2,139.14,62
2024-01-26 18:06:00,2572,139.2229,139.18,139.225,139.24,139.18,68
2024-01-26 18:07:00,781,139.2457,139.25,139.26,139.26,139.25,31
2024-01-26 18:08:00,3183,139.2977,139.26,139.305,139.32,139.26,84
2024-01-26 18:09:00,1779,139.3034,139.285,139.32,139.33,139.285,64
2024-01-26 18:10:00,1867,139.3274,139.315,139.34,139.34,139.315,42
2024-01-26 18:11:00,879,139.347,139.3526,139.365,139.365,139.33,34
2024-01-26 18:12:00,2580,139.3922,139.39,139.41,139.41,139.37,57
2024-01-26 18:13:00,2727,139.4363,139.425,139.44,139.45,139.42,66
2024-01-26 18:14:00,3223,139.4437,139.44,139.46,139.465,139.43,84
2024-01-26 18:15:00,789,139.4143,139.41,139.424,139.424,139.405,30
2024-01-26 18:16:00,1141,139.4161,139.41,139.43,139.43,139.41,43
2024-01-26 18:17:00,499,139.4114,139.41,139.41,139.41,139.41,26
2024-01-26 18:18:00,528,139.3954,139.39,139.37,139.39,139.37,36
2024-01-26 18:19:00,2926,139.3774,139.4,139.36,139.4,139.36,127
2024-01-26 18:20:00,4726,139.4047,139.33,139.455,139.455,139.33,132
2024-01-26 18:21:00,791,139.4543,139.45,139.45,139.46,139.45,32
2024-01-26 18:22:00,668,139.4706,139.46,139.46,139.46,139.46,24
2024-01-26 18:23:00,843,139.4483,139.47,139.45,139.47,139.45,37
2024-01-26 18:24:00,816,139.4378,139.46,139.44,139.46,139.44,37
2024-01-26 18:25:00,651,139.4408,139.44,139.44,139.4475,139.44,25
2024-01-26 18:27:00,1114,139.4374,139.44,139.43,139.44,139.43,36
2024-01-26 18:28:00,2619,139.4056,139.43,139.34,139.43,139.34,81
2024-01-26 18:29:00,1826,139.3723,139.34,139.38,139.38,139.34,49
2024-01-26 18:30:00,485,139.4149,139.41,139.4,139.41,139.4,24
2024-01-26 18:31:00,1953,139.4138,139.43,139.44,139.44,139.395,58
2024-01-26 18:32:00,634,139.4302,139.42,139.435,139.435,139.42,34
2024-01-26 18:33:00,1099,139.4169,139.42,139.4075,139.42,139.4075,37
2024-01-26 18:34:00,3687,139.4252,139.41,139.435,139.435,139.41,38
2024-01-26 18:35:00,1149,139.4584,139.45,139.47,139.47,139.44,38
2024-01-26 18:36:00,2274,139.4556,139.465,139.455,139.465,139.445,59
2024-01-26 18:37:00,660,139.4484,139.45,139.44,139.46,139.44,27
2024-01-26 18:38:00,1587,139.461,139.465,139.465,139.465,139.45,53
2024-01-26 18:39:00,3068,139.4981,139.465,139.56,139.56,139.465,85
2024-01-26 18:40:00,3077,139.5273,139.55,139.53,139.55,139.52,74
2024-01-26 18:41:00,3041,139.4844,139.52,139.44,139.52,139.44,100
2024-01-26 18:42:00,1055,139.4243,139.42,139.42,139.42,139.41,47
2024-01-26 18:43:00,1135,139.4301,139.42,139.44,139.45,139.42,30
2024-01-26 18:44:00,1857,139.454,139.44,139.47,139.48,139.435,55
2024-01-26 18:45:00,1007,139.4605,139.46,139.47,139.47,139.44,32
2024-01-26 18:46:00,629,139.4254,139.41,139.41,139.41,139.41,47
2024-01-26 18:47:00,1346,139.3914,139.41,139.38,139.41,139.37,42
2024-01-26 18:48:00,3324,139.4029,139.38,139.43,139.43,139.38,99
2024-01-26 18:49:00,1687,139.4471,139.42,139.47,139.47,139.42,44
2024-01-26 18:50:00,721,139.4739,139.48,139.48,139.48,139.48,16
2024-01-26 18:51:00,1485,139.492,139.49,139.495,139.495,139.49,43
2024-01-26 18:52:00,1596,139.4428,139.485,139.42,139.485,139.42,48
2024-01-26 18:53:00,879,139.4066,139.42,139.4,139.42,139.4,44
2024-01-26 18:54:00,1158,139.3902,139.36,139.405,139.405,139.36,34
2024-01-26 18:55:00,1006,139.4347,139.44,139.44,139.44,139.44,46
2024-01-26 18:56:00,2102,139.4316,139.43,139.42,139.4425,139.42,65
2024-01-26 18:57:00,435,139.4386,139.44,139.44,139.44,139.44,22
2024-01-26 18:58:00,1023,139.4639,139.46,139.47,139.47,139.46,48
2024-01-26 18:59:00,1309,139.4452,139.45,139.465,139.465,139.44,49
2024-01-26 19:00:00,1073,139.4354,139.44,139.43,139.44,139.43,45
2024-01-26 19:01:00,920,139.4346,139.425,139.44,139.44,139.425,48
2024-01-26 19:02:00,4224,139.4283,139.41,139.455,139.455,139.41,133
2024-01-26 19:03:00,4205,139.4948,139.46,139.51,139.525,139.455,82
2024-01-26 19:04:00,5057,139.5454,139.54,139.565,139.565,139.53,127
2024-01-26 19:05:00,6279,139.5592,139.565,139.545,139.575,139.53,127
2024-01-26 19:06:00,214,139.5425,139.54,139.54,139.54,139.54,14
2024-01-26 19:07:00,2822,139.528,139.55,139.54,139.55,139.5,86
2024-01-26 19:08:00,2655,139.5521,139.55,139.52,139.56,139.52,71
2024-01-26 19:09:00,882,139.5316,139.54,139.525,139.54,139.525,27
2024-01-26 19:10:00,1632,139.5176,139.52,139.515,139.52,139.51,58
2024-01-26 19:11:00,564,139.5211,139.52,139.52,139.53,139.52,40
2024-01-26 19:12:00,8888,139.4926,139.5,139.49,139.51,139.49,80
2024-01-26 19:13:00,3117,139.4703,139.48,139.45,139.48,139.45,74
2024-01-26 19:14:00,887,139.4577,139.46,139.46,139.46,139.46,37
2024-01-26 19:15:00,2600,139.4833,139.47,139.49,139.5,139.47,67
2024-01-26 19:16:00,1520,139.4723,139.49,139.455,139.49,139.455,49
2024-01-26 19:17:00,1110,139.4773,139.4634,139.483,139.483,139.4634,40
2024-01-26 19:18:00,1729,139.4654,139.48,139.44,139.48,139.44,73
2024-01-26 19:19:00,1069,139.4355,139.44,139.4,139.45,139.4,50
2024-01-26 19:20:00,1677,139.4046,139.41,139.41,139.41,139.4,50
2024-01-26 19:21:00,903,139.3904,139.38,139.38,139.38,139.38,33
2024-01-26 19:22:00,1408,139.3865,139.38,139.4,139.4,139.38,52
2024-01-26 19:23:00,801,139.386,139.4,139.39,139.4,139.39,33
2024-01-26 19:24:00,1357,139.3198,139.3359,139.315,139.3359,139.31,56
2024-01-26 19:25:00,2070,139.3318,139.32,139.335,139.34,139.32,59
2024-01-26 19:26:00,547,139.3373,139.33,139.315,139.33,139.315,28
2024-01-26 19:27:00,1221,139.3388,139.33,139.34,139.34,139.33,47
2024-01-26 19:28:00,3597,139.3327,139.325,139.35,139.35,139.31,101
2024-01-26 19:29:00,525,139.3473,139.35,139.35,139.35,139.35,31
2024-01-26 19:30:00,3817,139.3523,139.35,139.34,139.365,139.335,88
2024-01-26 19:31:00,2546,139.3247,139.34,139.32,139.34,139.32,97
2024-01-26 19:32:00,759,139.3192,139.315,139.32,139.32,139.3,29
2024-01-26 19:33:00,1322,139.3176,139.32,139.315,139.32,139.315,55
2024-01-26 19:34:00,2309,139.3024,139.3,139.3,139.3,139.295,67
2024-01-26 19:35:00,1318,139.298,139.28,139.31,139.31,139.28,57
2024-01-26 19:36:00,1061,139.3242,139.31,139.32,139.32,139.31,42
2024-01-26 19:37:00,2119,139.3166,139.32,139.31,139.32,139.31,80
2024-01-26 19:38:00,3643,139.3436,139.32,139.36,139.36,139.3175,106
2024-01-26 19:39:00,405,139.3504,139.36,139.36,139.36,139.36,21
2024-01-26 19:40:00,1830,139.3753,139.36,139.38,139.39,139.36,77
2024-01-26 19:41:00,3904,139.3764,139.38,139.39,139.39,139.352,112
2024-01-26 19:42:00,17535,139.5044,139.39,139.57,139.5725,139.39,409
2024-01-26 19:43:00,2442,139.5309,139.55,139.52,139.55,139.52,60
2024-01-26 19:44:00,2168,139.5421,139.53,139.56,139.56,139.53,81
2024-01-26 19:45:00,2357,139.5974,139.61,139.58,139.61,139.58,89
2024-01-26 19:46:00,2283,139.5592,139.54,139.58,139.58,139.54,85
2024-01-26 19:47:00,805,139.5735,139.56,139.58,139.58,139.56,43
2024-01-26 19:48:00,918,139.5775,139.58,139.585,139.59,139.58,32
2024-01-26 19:49:00,4040,139.5635,139.58,139.55,139.58,139.55,102
2024-01-26 19:50:00,575,139.5522,139.55,139.555,139.555,139.55,18
2024-01-26 19:51:00,3179,139.5927,139.59,139.5768,139.61,139.5768,118
2024-01-26 19:52:00,6778,139.5723,139.585,139.55,139.59,139.54,98
2024-01-26 19:53:00,1319,139.5256,139.535,139.49,139.535,139.49,38
2024-01-26 19:54:00,2880,139.4895,139.49,139.49,139.495,139.46,75
2024-01-26 19:55:00,3469,139.4948,139.5,139.46,139.51,139.46,89
2024-01-26 19:56:00,1816,139.4693,139.46,139.48,139.48,139.455,65
2024-01-26 19:57:00,2118,139.4977,139.47,139.52,139.52,139.47,83
2024-01-26 19:58:00,3003,139.5467,139.53,139.558,139.56,139.53,95
2024-01-26 19:59:00,2742,139.5672,139.56,139.56,139.59,139.56,95
2024-01-26 20:00:00,3789,139.5552,139.58,139.56,139.58,139.54,105
2024-01-26 20:01:00,1078,139.5455,139.56,139.54,139.56,139.54,32
2024-01-26 20:02:00,1061,139.5487,139.55,139.55,139.55,139.55,49
2024-01-26 20:03:00,2576,139.5808,139.56,139.58,139.6,139.56,92
2024-01-26 20:04:00,3073,139.5763,139.57,139.57,139.5807,139.565,61
2024-01-26 20:05:00,1537,139.5397,139.53,139.53,139.53,139.53,65
2024-01-26 20:06:00,3513,139.5337,139.53,139.55,139.55,139.52,118
2024-01-26 20:07:00,3671,139.5411,139.5599,139.525,139.56,139.52,97
2024-01-26 20:08:00,2706,139.5297,139.525,139.52,139.54,139.52,59
2024-01-26 20:09:00,1989,139.5094,139.52,139.525,139.525,139.495,81
2024-01-26 20:10:00,2600,139.5172,139.525,139.5,139.525,139.5,53
2024-01-26 20:11:00,1889,139.4852,139.5,139.48,139.5,139.47,70
2024-01-26 20:12:00,3085,139.4877,139.485,139.495,139.495,139.48,93
2024-01-26 20:13:00,3521,139.5098,139.49,139.5524,139.5524,139.48,119
2024-01-26 20:14:00,1637,139.5578,139.535,139.57,139.57,139.535,61
2024-01-26 20:15:00,5705,139.5855,139.57,139.57,139.6002,139.57,153
2024-01-26 20:16:00,1550,139.5462,139.56,139.55,139.56,139.54,45
2024-01-26 20:17:00,2223,139.5547,139.57,139.55,139.57,139.55,82
2024-01-26 20:18:00,2098,139.5424,139.55,139.54,139.55,139.531,67
2024-01-26 20:19:00,1064,139.559,139.55,139.57,139.57,139.55,58
2024-01-26 20:20:00,4783,139.5529,139.56,139.55,139.56,139.54,142
2024-01-26 20:21:00,3013,139.5181,139.53,139.51,139.53,139.51,102
2024-01-26 20:22:00,3786,139.4946,139.5032,139.5,139.515,139.465,97
2024-01-26 20:23:00,1771,139.4904,139.49,139.49,139.495,139.49,64
2024-01-26 20:24:00,2697,139.4832,139.49,139.485,139.49,139.475,89
2024-01-26 20:25:00,1762,139.51,139.49,139.52,139.53,139.49,68
2024-01-26 20:26:00,5784,139.5167,139.52,139.505,139.535,139.505,133
2024-01-26 20:27:00,3925,139.5114,139.5006,139.52,139.52,139.5006,101
2024-01-26 20:28:00,6397,139.5207,139.525,139.51,139.535,139.51,162
2024-01-26 20:29:00,2380,139.5,139.5,139.5,139.5,139.48,82
2024-01-26 20:30:00,3464,139.5224,139.505,139.51,139.535,139.505,118
2024-01-26 20:31:00,5244,139.4935,139.505,139.49,139.505,139.48,135
2024-01-26 20:32:00,3267,139.498,139.51,139.46,139.52,139.46,108
2024-01-26 20:33:00,2335,139.4527,139.47,139.44,139.47,139.44,80
2024-01-26 20:34:00,4811,139.4591,139.44,139.474,139.474,139.44,108
2024-01-26 20:35:00,4386,139.4832,139.47,139.49,139.49,139.47,115
2024-01-26 20:36:00,4551,139.4825,139.49,139.47,139.495,139.47,127
2024-01-26 20:37:00,2586,139.4682,139.47,139.475,139.475,139.46,70
2024-01-26 20:38:00,3396,139.4638,139.475,139.43,139.475,139.43,83
2024-01-26 20:39:00,2875,139.4048,139.43,139.37,139.43,139.37,83
2024-01-26 20:40:00,45307,139.3512,139.37,139.35,139.37,139.34,194
2024-01-26 20:41:00,4577,139.3451,139.31,139.34,139.36,139.31,129
2024-01-26 20:42:00,3000,139.3513,139.35,139.35,139.36,139.35,75
2024-01-26 20:43:00,5848,139.3361,139.34,139.33,139.35,139.33,152
2024-01-26 20:44:00,2191,139.3174,139.33,139.3,139.33,139.3,66
2024-01-26 20:45:00,5045,139.2907,139.31,139.25,139.31,139.25,172
2024-01-26 20:46:00,5781,139.2516,139.25,139.27,139.27,139.23,148
2024-01-26 20:47:00,5080,139.2662,139.27,139.26,139.28,139.25,116
2024-01-26 20:48:00,6971,139.2574,139.26,139.255,139.275,139.25,191
2024-01-26 20:49:00,6378,139.2584,139.255,139.275,139.275,139.25,172
2024-01-26 20:50:00,17049,139.248,139.27,139.26,139.29,139.16,405
2024-01-26 20:51:00,10206,139.248,139.26,139.265,139.265,139.23,279
2024-01-26 20:52:00,26585,139.2934,139.25,139.37,139.37,139.23,549
2024-01-26 20:53:00,17988,139.3463,139.36,139.36,139.375,139.35,338
2024-01-26 20:54:00,27606,139.3866,139.37,139.37,139.43,139.3,554
2024-01-26 20:55:00,16302,139.4235,139.38,139.42,139.47,139.38,361
2024-01-26 20:56:00,21268,139.3952,139.42,139.36,139.425,139.36,420
2024-01-26 20:57:00,15325,139.3659,139.355,139.37,139.385,139.355,415
2024-01-26 20:58:00,29784,139.3704,139.375,139.38,139.385,139.35,683
2024-01-26 20:59:00,48064,139.3846,139.38,139.41,139.45,139.34,1013
2024-01-26 21:00:00,64455,139.42,139.42,139.42,139.42,139.42,44
