t,v,vw,o,c,h,l,n
2024-04-25 13:07:00,1737,21.0525,21.07,21.05,21.07,21.05,15
2024-04-25 13:08:00,1700,21.0506,21.06,21.05,21.06,21.05,7
2024-04-25 13:09:00,4897,21.05,21.05,21.05,21.05,21.05,68
2024-04-25 13:10:00,1137,21.0482,21.05,21.04,21.05,21.04,21
2024-04-25 13:11:00,1112,21.0424,21.04,21.03,21.05,21.03,14
2024-04-25 13:14:00,1702,20.96,20.96,20.96,20.96,20.96,16
2024-04-25 13:16:00,3500,20.8739,20.91,20.76,20.91,20.76,13
2024-04-25 13:17:00,438,20.7374,20.73,20.75,20.75,20.73,5
2024-04-25 13:18:00,2575,20.74,20.74,20.74,20.74,20.74,45
2024-04-25 13:19:00,435,20.7469,20.74,20.75,20.75,20.74,5
2024-04-25 13:21:00,200,20.77,20.77,20.77,20.77,20.77,1
2024-04-25 13:22:00,829,20.7983,20.78,20.81,20.81,20.78,15
2024-04-25 13:23:00,100,20.8,20.8,20.8,20.8,20.8,1
2024-04-25 13:30:00,94331,21.0703,20.96,21.2,21.26,20.92,574
2024-04-25 13:31:00,3202,21.2108,21.2,21.28,21.28,21.2,28
2024-04-25 13:32:00,3261,21.3525,21.32,21.38,21.38,21.32,42
2024-04-25 13:33:00,8086,21.3062,21.33,21.33,21.33,21.26,81
2024-04-25 13:34:00,6415,21.3342,21.31,21.33,21.35,21.31,72
2024-04-25 13:35:00,11643,21.2999,21.33,21.33,21.33,21.27,118
2024-04-25 13:36:00,4721,21.3198,21.33,21.29,21.34,21.29,40
2024-04-25 13:37:00,11338,21.2903,21.29,21.28,21.305,21.27,110
2024-04-25 13:38:00,10287,21.2799,21.28,21.29,21.29,21.27,111
2024-04-25 13:39:00,13123,21.274,21.28,21.27,21.29,21.26,150
2024-04-25 13:40:00,7169,21.2888,21.27,21.25,21.305,21.25,82
2024-04-25 13:41:00,3614,21.261,21.25,21.28,21.28,21.2494,50
2024-04-25 13:42:00,7859,21.3068,21.29,21.32,21.32,21.29,97
2024-04-25 13:43:00,6816,21.3058,21.33,21.295,21.335,21.28,69
2024-04-25 13:44:00,3463,21.314,21.3,21.33,21.33,21.3,46
2024-04-25 13:45:00,18456,21.3244,21.34,21.3,21.35,21.295,181
2024-04-25 13:46:00,10514,21.321,21.3,21.33,21.335,21.298,115
2024-04-25 13:47:00,5692,21.339,21.33,21.345,21.35,21.33,75
2024-04-25 13:48:00,9202,21.296,21.34,21.275,21.34,21.27,94
2024-04-25 13:49:00,12046,21.2717,21.28,21.24,21.29,21.24,171
2024-04-25 13:50:00,4862,21.262,21.25,21.265,21.275,21.245,64
2024-04-25 13:51:00,7216,21.2526,21.27,21.23,21.27,21.23,106
2024-04-25 13:52:00,10228,21.2375,21.235,21.24,21.26,21.22,135
2024-04-25 13:53:00,5813,21.2411,21.235,21.235,21.25,21.22,75
2024-04-25 13:54:00,6153,21.2181,21.235,21.23,21.235,21.205,87
2024-04-25 13:55:00,8241,21.2336,21.225,21.26,21.26,21.21,108
2024-04-25 13:56:00,7460,21.2601,21.26,21.26,21.265,21.26,115
2024-04-25 13:57:00,5292,21.2651,21.25,21.275,21.28,21.25,65
2024-04-25 13:58:00,2095,21.2763,21.275,21.28,21.28,21.27,50
2024-04-25 13:59:00,3883,21.2839,21.28,21.29,21.29,21.275,76
2024-04-25 14:00:00,13367,21.2597,21.295,21.285,21.295,21.235,177
2024-04-25 14:01:00,4946,21.2566,21.29,21.25,21.29,21.24,80
2024-04-25 14:02:00,6771,21.234,21.24,21.225,21.24,21.225,82
2024-04-25 14:03:00,6097,21.2343,21.23,21.23,21.25,21.22,79
2024-04-25 14:04:00,4109,21.2319,21.23,21.24,21.24,21.23,38
2024-04-25 14:05:00,15152,21.1898,21.235,21.1603,21.235,21.15,174
2024-04-25 14:06:00,3653,21.1598,21.165,21.15,21.17,21.1409,45
2024-04-25 14:07:00,10359,21.1416,21.14,21.14,21.15,21.135,125
2024-04-25 14:08:00,8879,21.142,21.145,21.115,21.15,21.115,96
2024-04-25 14:09:00,6752,21.0852,21.11,21.075,21.11,21.075,90
2024-04-25 14:10:00,3052,21.0911,21.075,21.09,21.09,21.075,41
2024-04-25 14:11:00,7410,21.0992,21.09,21.12,21.12,21.09,94
2024-04-25 14:12:00,4903,21.1126,21.12,21.125,21.125,21.105,65
2024-04-25 14:13:00,2904,21.1279,21.12,21.14,21.14,21.12,43
2024-04-25 14:14:00,3780,21.1489,21.14,21.155,21.155,21.14,72
2024-04-25 14:15:00,7559,21.1472,21.155,21.14,21.155,21.13,82
2024-04-25 14:16:00,7712,21.139,21.135,21.135,21.145,21.13,90
2024-04-25 14:17:00,8723,21.1427,21.14,21.13,21.16,21.125,118
2024-04-25 14:18:00,5548,21.1366,21.13,21.1497,21.15,21.13,68
2024-04-25 14:19:00,5898,21.1581,21.15,21.17,21.17,21.15,74
2024-04-25 14:20:00,11107,21.1338,21.165,21.105,21.165,21.105,154
2024-04-25 14:21:00,7238,21.1114,21.105,21.13,21.13,21.1,81
2024-04-25 14:22:00,1530,21.1278,21.125,21.125,21.13,21.125,33
2024-04-25 14:23:00,3457,21.1141,21.12,21.105,21.12,21.105,45
2024-04-25 14:24:00,4962,21.1158,21.11,21.12,21.13,21.11,60
2024-04-25 14:25:00,3947,21.1164,21.115,21.11,21.12,21.11,64
2024-04-25 14:26:00,11509,21.1178,21.105,21.135,21.14,21.105,131
2024-04-25 14:27:00,10899,21.1215,21.14,21.135,21.14,21.105,106
2024-04-25 14:28:00,4219,21.1384,21.135,21.135,21.145,21.135,53
2024-04-25 14:29:00,8296,21.1498,21.14,21.165,21.165,21.14,90
2024-04-25 14:30:00,5696,21.1706,21.165,21.175,21.18,21.165,61
2024-04-25 14:31:00,8803,21.1526,21.18,21.125,21.18,21.125,114
2024-04-25 14:32:00,6013,21.103,21.125,21.095,21.125,21.09,71
2024-04-25 14:33:00,13101,21.0909,21.1,21.1,21.105,21.07,152
2024-04-25 14:34:00,2748,21.1087,21.105,21.115,21.12,21.105,53
2024-04-25 14:35:00,10627,21.1184,21.12,21.14,21.14,21.1,102
2024-04-25 14:36:00,4818,21.143,21.135,21.16,21.16,21.135,49
2024-04-25 14:37:00,10454,21.1449,21.16,21.155,21.16,21.14,112
2024-04-25 14:38:00,6592,21.1553,21.16,21.145,21.17,21.145,69
2024-04-25 14:39:00,7778,21.144,21.145,21.1475,21.15,21.14,86
2024-04-25 14:40:00,643,21.1531,21.155,21.1573,21.1573,21.15,16
2024-04-25 14:41:00,2343,21.155,21.155,21.155,21.16,21.15,30
2024-04-25 14:42:00,3927,21.147,21.15,21.14,21.15,21.14,63
2024-04-25 14:43:00,5954,21.1401,21.14,21.135,21.145,21.135,81
2024-04-25 14:44:00,9365,21.1451,21.135,21.145,21.155,21.135,82
2024-04-25 14:45:00,1678,21.1481,21.145,21.145,21.15,21.145,25
2024-04-25 14:46:00,5720,21.1525,21.145,21.165,21.165,21.145,58
2024-04-25 14:47:00,1958,21.1649,21.17,21.17,21.17,21.165,28
2024-04-25 14:48:00,13490,21.1735,21.17,21.165,21.18,21.165,129
2024-04-25 14:49:00,6269,21.1597,21.165,21.155,21.165,21.155,64
2024-04-25 14:50:00,6589,21.1512,21.155,21.15,21.16,21.145,96
2024-04-25 14:51:00,670,21.1508,21.15,21.15,21.15,21.15,36
2024-04-25 14:52:00,4394,21.1493,21.155,21.14,21.155,21.14,73
2024-04-25 14:53:00,3080,21.1438,21.14,21.135,21.14,21.13,52
2024-04-25 14:54:00,4899,21.1236,21.135,21.115,21.135,21.115,82
2024-04-25 14:55:00,13687,21.1141,21.12,21.085,21.125,21.085,150
2024-04-25 14:56:00,12040,21.0741,21.085,21.055,21.085,21.055,113
2024-04-25 14:57:00,6554,21.0552,21.0501,21.055,21.065,21.05,63
2024-04-25 14:58:00,1937,21.0605,21.05,21.055,21.06,21.05,31
2024-04-25 14:59:00,7834,21.0534,21.05,21.055,21.055,21.05,110
2024-04-25 15:00:00,4682,21.0518,21.055,21.06,21.06,21.05,48
2024-04-25 15:01:00,4181,21.0614,21.06,21.07,21.07,21.06,56
2024-04-25 15:02:00,11357,21.0604,21.07,21.065,21.08,21.05,153
2024-04-25 15:03:00,1395,21.06,21.06,21.065,21.065,21.06,29
2024-04-25 15:04:00,2843,21.0601,21.065,21.06,21.065,21.055,59
2024-04-25 15:05:00,630,21.0617,21.065,21.065,21.065,21.065,29
2024-04-25 15:06:00,3158,21.0587,21.06,21.055,21.065,21.05,55
2024-04-25 15:07:00,5024,21.0623,21.055,21.07,21.07,21.055,54
2024-04-25 15:08:00,3672,21.0708,21.075,21.07,21.075,21.065,48
2024-04-25 15:09:00,7674,21.0577,21.07,21.055,21.07,21.05,95
2024-04-25 15:10:00,2865,21.0586,21.055,21.065,21.065,21.055,38
2024-04-25 15:11:00,682,21.0648,21.065,21.07,21.07,21.065,19
2024-04-25 15:12:00,1067,21.0645,21.065,21.065,21.065,21.065,19
2024-04-25 15:13:00,9122,21.0701,21.07,21.075,21.08,21.065,65
2024-04-25 15:14:00,2985,21.0719,21.08,21.065,21.08,21.065,63
2024-04-25 15:15:00,647,21.065,21.065,21.065,21.065,21.06,17
2024-04-25 15:16:00,1136,21.062,21.06,21.065,21.065,21.06,37
2024-04-25 15:17:00,1664,21.0651,21.06,21.065,21.07,21.06,40
2024-04-25 15:18:00,7340,21.0787,21.06,21.11,21.11,21.06,91
2024-04-25 15:19:00,10584,21.1272,21.105,21.145,21.155,21.105,110
2024-04-25 15:20:00,736,21.1473,21.15,21.15,21.15,21.145,24
2024-04-25 15:21:00,7017,21.1407,21.145,21.145,21.15,21.14,90
2024-04-25 15:22:00,513,21.139,21.145,21.15,21.15,21.145,12
2024-04-25 15:23:00,1206,21.1454,21.15,21.15,21.15,21.15,13
2024-04-25 15:24:00,4482,21.1501,21.14,21.155,21.155,21.14,49
2024-04-25 15:25:00,817,21.156,21.155,21.16,21.16,21.155,19
2024-04-25 15:26:00,1059,21.1571,21.16,21.155,21.16,21.155,20
2024-04-25 15:27:00,5982,21.1598,21.16,21.16,21.16,21.155,70
2024-04-25 15:28:00,404,21.164,21.165,21.165,21.165,21.165,8
2024-04-25 15:29:00,3690,21.1675,21.165,21.17,21.17,21.165,31
2024-04-25 15:30:00,1703,21.1779,21.175,21.18,21.18,21.175,34
2024-04-25 15:31:00,7210,21.194,21.175,21.21,21.21,21.175,76
2024-04-25 15:32:00,3712,21.2098,21.215,21.2,21.22,21.2,56
2024-04-25 15:33:00,4189,21.1907,21.2,21.2,21.2,21.2,39
2024-04-25 15:34:00,1074,21.1947,21.195,21.195,21.195,21.195,12
2024-04-25 15:35:00,2251,21.1999,21.2,21.2,21.2,21.2,25
2024-04-25 15:36:00,6295,21.1955,21.205,21.19,21.205,21.19,61
2024-04-25 15:37:00,2220,21.1922,21.195,21.195,21.195,21.19,41
2024-04-25 15:38:00,624,21.1925,21.19,21.195,21.195,21.19,32
2024-04-25 15:39:00,1014,21.193,21.195,21.195,21.195,21.195,25
2024-04-25 15:40:00,4698,21.2012,21.195,21.21,21.21,21.195,48
2024-04-25 15:41:00,5079,21.2003,21.21,21.195,21.21,21.195,75
2024-04-25 15:42:00,915,21.1958,21.2,21.195,21.2,21.195,13
2024-04-25 15:43:00,699,21.1972,21.195,21.195,21.195,21.195,13
2024-04-25 15:44:00,6772,21.2094,21.195,21.225,21.225,21.195,78
2024-04-25 15:45:00,2228,21.2274,21.225,21.225,21.23,21.225,46
2024-04-25 15:46:00,905,21.2255,21.23,21.225,21.23,21.225,34
2024-04-25 15:47:00,11485,21.207,21.225,21.19,21.225,21.19,127
2024-04-25 15:48:00,1359,21.1828,21.19,21.175,21.19,21.175,27
2024-04-25 15:49:00,12015,21.1759,21.175,21.16,21.19,21.16,110
2024-04-25 15:50:00,2854,21.1749,21.17,21.17,21.17,21.17,29
2024-04-25 15:51:00,487,21.1758,21.175,21.18,21.18,21.175,9
2024-04-25 15:52:00,2993,21.1801,21.175,21.185,21.185,21.175,37
2024-04-25 15:53:00,2927,21.1804,21.185,21.175,21.185,21.175,37
2024-04-25 15:54:00,4559,21.1778,21.175,21.18,21.18,21.1706,54
2024-04-25 15:55:00,532,21.184,21.185,21.185,21.185,21.185,12
2024-04-25 15:56:00,461,21.1847,21.185,21.185,21.185,21.185,16
2024-04-25 15:57:00,3725,21.1899,21.185,21.195,21.195,21.185,49
2024-04-25 15:58:00,8119,21.1839,21.19,21.18,21.19,21.175,102
2024-04-25 15:59:00,379,21.1816,21.18,21.18,21.18,21.18,20
2024-04-25 16:00:00,1012,21.1783,21.18,21.175,21.18,21.175,21
2024-04-25 16:01:00,1760,21.1803,21.18,21.185,21.185,21.18,21
2024-04-25 16:02:00,5675,21.2038,21.19,21.21,21.22,21.19,88
2024-04-25 16:03:00,1009,21.2071,21.205,21.21,21.21,21.205,29
2024-04-25 16:04:00,6996,21.2125,21.21,21.19,21.225,21.19,84
2024-04-25 16:05:00,2004,21.1991,21.19,21.22,21.22,21.19,48
2024-04-25 16:07:00,4224,21.2154,21.22,21.21,21.22,21.21,65
2024-04-25 16:08:00,2788,21.2101,21.21,21.21,21.21,21.21,30
2024-04-25 16:09:00,4743,21.2019,21.2,21.2,21.2,21.195,60
2024-04-25 16:11:00,1184,21.2032,21.2,21.205,21.21,21.2,29
2024-04-25 16:12:00,3924,21.2105,21.21,21.215,21.22,21.205,60
2024-04-25 16:13:00,568,21.2178,21.22,21.22,21.22,21.22,20
2024-04-25 16:14:00,914,21.2153,21.22,21.215,21.22,21.215,18
2024-04-25 16:15:00,1014,21.2197,21.22,21.22,21.22,21.22,21
2024-04-25 16:16:00,3060,21.2111,21.22,21.21,21.22,21.21,43
2024-04-25 16:17:00,4339,21.2098,21.205,21.22,21.22,21.205,35
2024-04-25 16:18:00,288,21.2144,21.215,21.215,21.215,21.215,11
2024-04-25 16:19:00,5839,21.2216,21.22,21.225,21.225,21.22,74
2024-04-25 16:20:00,22359,21.2103,21.22,21.21,21.22,21.2,76
2024-04-25 16:22:00,7539,21.2098,21.21,21.205,21.215,21.2,97
2024-04-25 16:23:00,1418,21.1994,21.2,21.195,21.2,21.195,23
2024-04-25 16:24:00,1841,21.2019,21.2,21.205,21.205,21.2,33
2024-04-25 16:25:00,789,21.2036,21.205,21.205,21.205,21.2,12
2024-04-25 16:26:00,5602,21.2001,21.205,21.195,21.205,21.195,77
2024-04-25 16:27:00,1368,21.1956,21.195,21.195,21.195,21.195,20
2024-04-25 16:28:00,1003,21.195,21.195,21.195,21.195,21.195,19
2024-04-25 16:29:00,2832,21.2011,21.195,21.205,21.21,21.195,43
2024-04-25 16:30:00,1817,21.2086,21.205,21.205,21.21,21.205,26
2024-04-25 16:31:00,2646,21.2062,21.205,21.205,21.208,21.205,32
2024-04-25 16:32:00,4376,21.2005,21.205,21.195,21.205,21.195,64
2024-04-25 16:33:00,613,21.1971,21.195,21.195,21.195,21.195,15
2024-04-25 16:34:00,760,21.1961,21.195,21.195,21.2,21.195,16
2024-04-25 16:35:00,6883,21.1992,21.195,21.19,21.205,21.19,83
2024-04-25 16:36:00,512,21.1948,21.195,21.195,21.195,21.195,14
2024-04-25 16:37:00,7774,21.1804,21.195,21.165,21.195,21.16,91
2024-04-25 16:38:00,8073,21.1711,21.165,21.175,21.175,21.165,84
2024-04-25 16:39:00,3260,21.1796,21.175,21.185,21.185,21.175,50
2024-04-25 16:40:00,947,21.1844,21.185,21.185,21.185,21.185,21
2024-04-25 16:41:00,820,21.1874,21.19,21.185,21.19,21.185,18
2024-04-25 16:42:00,4411,21.1801,21.185,21.175,21.185,21.175,55
2024-04-25 16:43:00,897,21.1768,21.175,21.175,21.18,21.175,17
2024-04-25 16:44:00,1820,21.1733,21.175,21.17,21.175,21.17,35
2024-04-25 16:45:00,3345,21.1719,21.17,21.17,21.18,21.17,55
2024-04-25 16:46:00,707,21.1667,21.165,21.165,21.165,21.165,21
2024-04-25 16:47:00,2188,21.1636,21.16,21.16,21.165,21.16,44
2024-04-25 16:48:00,1537,21.1643,21.16,21.17,21.17,21.16,38
2024-04-25 16:49:00,903,21.1652,21.165,21.165,21.165,21.165,16
2024-04-25 16:50:00,623,21.1656,21.165,21.165,21.165,21.165,19
2024-04-25 16:51:00,1607,21.1657,21.17,21.17,21.17,21.165,22
2024-04-25 16:52:00,1258,21.1647,21.17,21.16,21.17,21.16,26
2024-04-25 16:53:00,2289,21.1634,21.165,21.165,21.165,21.16,38
2024-04-25 16:54:00,11164,21.1666,21.165,21.145,21.175,21.145,109
2024-04-25 16:55:00,385,21.1531,21.145,21.145,21.145,21.145,14
2024-04-25 16:56:00,2337,21.14,21.145,21.135,21.145,21.135,34
2024-04-25 16:57:00,4336,21.1414,21.14,21.145,21.145,21.14,40
2024-04-25 16:58:00,2837,21.1371,21.145,21.12,21.145,21.12,60
2024-04-25 16:59:00,1043,21.1203,21.115,21.115,21.115,21.115,25
2024-04-25 17:00:00,670,21.1184,21.115,21.115,21.115,21.115,10
2024-04-25 17:01:00,329,21.1152,21.115,21.115,21.115,21.115,8
2024-04-25 17:02:00,1170,21.1171,21.11,21.12,21.12,21.11,15
2024-04-25 17:03:00,940,21.1176,21.11,21.115,21.12,21.11,12
2024-04-25 17:04:00,5581,21.1107,21.115,21.105,21.115,21.105,71
2024-04-25 17:05:00,838,21.107,21.1,21.105,21.11,21.1,13
2024-04-25 17:06:00,1126,21.1031,21.1,21.105,21.105,21.1,24
2024-04-25 17:07:00,1328,21.1049,21.105,21.105,21.105,21.1,25
2024-04-25 17:08:00,1422,21.1073,21.11,21.11,21.11,21.105,23
2024-04-25 17:09:00,1450,21.1051,21.105,21.105,21.11,21.1,22
2024-04-25 17:10:00,6223,21.1,21.105,21.095,21.105,21.095,59
2024-04-25 17:11:00,3279,21.0838,21.09,21.075,21.09,21.075,56
2024-04-25 17:12:00,7201,21.0799,21.075,21.075,21.085,21.075,56
2024-04-25 17:13:00,1242,21.0718,21.075,21.065,21.075,21.065,24
2024-04-25 17:14:00,202,21.066,21.065,21.065,21.065,21.065,13
2024-04-25 17:15:00,3318,21.0639,21.065,21.065,21.07,21.06,31
2024-04-25 17:16:00,3956,21.0694,21.06,21.075,21.075,21.06,45
2024-04-25 17:17:00,3339,21.0647,21.07,21.055,21.07,21.055,49
2024-04-25 17:18:00,706,21.0513,21.055,21.045,21.055,21.045,15
2024-04-25 17:19:00,5143,21.0543,21.045,21.06,21.06,21.04,49
2024-04-25 17:20:00,443,21.0637,21.065,21.065,21.065,21.065,14
2024-04-25 17:21:00,3374,21.0698,21.065,21.08,21.08,21.065,32
2024-04-25 17:22:00,2547,21.079,21.08,21.085,21.085,21.08,32
2024-04-25 17:23:00,1191,21.0812,21.085,21.09,21.09,21.085,20
2024-04-25 17:24:00,865,21.0876,21.085,21.09,21.09,21.085,13
2024-04-25 17:25:00,2490,21.0925,21.09,21.1,21.1,21.09,37
2024-04-25 17:26:00,4552,21.1011,21.105,21.095,21.11,21.095,56
2024-04-25 17:27:00,2577,21.103,21.1,21.11,21.11,21.1,30
2024-04-25 17:28:00,475,21.1188,21.12,21.12,21.12,21.12,5
2024-04-25 17:29:00,1649,21.1208,21.12,21.1211,21.13,21.12,29
2024-04-25 17:30:00,695,21.1262,21.125,21.13,21.13,21.125,11
2024-04-25 17:31:00,350,21.1269,21.128,21.125,21.128,21.125,9
2024-04-25 17:32:00,1401,21.1288,21.13,21.13,21.13,21.125,14
2024-04-25 17:33:00,1100,21.1154,21.125,21.125,21.125,21.125,15
2024-04-25 17:34:00,3714,21.1215,21.125,21.12,21.125,21.12,52
2024-04-25 17:35:00,1925,21.1202,21.1299,21.115,21.1299,21.11,40
2024-04-25 17:36:00,196,21.1155,21.115,21.115,21.115,21.115,9
2024-04-25 17:37:00,4372,21.1119,21.115,21.11,21.115,21.11,42
2024-04-25 17:38:00,1207,21.1165,21.115,21.12,21.12,21.115,27
2024-04-25 17:39:00,808,21.115,21.115,21.115,21.115,21.115,15
2024-04-25 17:40:00,8790,21.1104,21.11,21.105,21.115,21.105,110
2024-04-25 17:41:00,13722,21.1156,21.105,21.115,21.13,21.105,95
2024-04-25 17:42:00,4514,21.1215,21.12,21.125,21.13,21.12,46
2024-04-25 17:43:00,1753,21.1271,21.125,21.125,21.13,21.125,20
2024-04-25 17:44:00,3068,21.1311,21.13,21.14,21.14,21.13,43
2024-04-25 17:45:00,913,21.1378,21.14,21.14,21.14,21.135,13
2024-04-25 17:46:00,1645,21.1352,21.14,21.14,21.14,21.135,23
2024-04-25 17:47:00,3932,21.1347,21.14,21.13,21.14,21.13,34
2024-04-25 17:48:00,4452,21.1301,21.135,21.125,21.135,21.125,55
2024-04-25 17:49:00,1660,21.1256,21.125,21.125,21.127,21.125,18
2024-04-25 17:50:00,197,21.1254,21.125,21.125,21.125,21.125,8
2024-04-25 17:51:00,1175,21.1281,21.125,21.125,21.13,21.125,19
2024-04-25 17:52:00,8332,21.1335,21.125,21.15,21.15,21.125,87
2024-04-25 17:53:00,3994,21.1533,21.15,21.17,21.17,21.145,53
2024-04-25 17:54:00,6368,21.1712,21.17,21.18,21.18,21.17,81
2024-04-25 17:55:00,704,21.1786,21.18,21.175,21.18,21.175,26
2024-04-25 17:56:00,4374,21.1804,21.18,21.185,21.19,21.18,57
2024-04-25 17:57:00,616,21.1816,21.19,21.185,21.19,21.185,24
2024-04-25 17:58:00,4364,21.1805,21.185,21.175,21.185,21.175,45
2024-04-25 17:59:00,1401,21.1791,21.175,21.18,21.18,21.175,30
2024-04-25 18:00:00,1832,21.1795,21.18,21.175,21.18,21.175,38
2024-04-25 18:01:00,14436,21.1662,21.18,21.15,21.18,21.15,136
2024-04-25 18:02:00,3996,21.1457,21.15,21.135,21.15,21.135,55
2024-04-25 18:03:00,989,21.1375,21.13,21.135,21.135,21.13,26
2024-04-25 18:04:00,3937,21.1342,21.135,21.135,21.135,21.13,49
2024-04-25 18:05:00,992,21.1347,21.135,21.14,21.14,21.13,26
2024-04-25 18:06:00,711,21.134,21.13,21.135,21.135,21.13,21
2024-04-25 18:07:00,10168,21.1476,21.14,21.165,21.165,21.135,87
2024-04-25 18:08:00,5433,21.1594,21.165,21.155,21.165,21.155,48
2024-04-25 18:09:00,764,21.1567,21.16,21.155,21.16,21.155,19
2024-04-25 18:10:00,3972,21.1618,21.16,21.165,21.165,21.16,54
2024-04-25 18:11:00,5131,21.1535,21.16,21.155,21.16,21.15,54
2024-04-25 18:12:00,242,21.1547,21.155,21.155,21.155,21.155,15
2024-04-25 18:13:00,895,21.1548,21.155,21.155,21.155,21.15,15
2024-04-25 18:14:00,5107,21.1602,21.155,21.165,21.165,21.155,52
2024-04-25 18:15:00,15698,21.1657,21.165,21.19,21.19,21.155,133
2024-04-25 18:16:00,8718,21.1864,21.195,21.18,21.195,21.18,66
2024-04-25 18:18:00,662,21.1776,21.175,21.1799,21.1799,21.175,12
2024-04-25 18:19:00,294,21.1748,21.175,21.175,21.175,21.175,10
2024-04-25 18:20:00,6498,21.1735,21.18,21.175,21.18,21.17,58
2024-04-25 18:21:00,627,21.173,21.175,21.17,21.175,21.17,15
2024-04-25 18:22:00,834,21.1738,21.17,21.175,21.175,21.17,23
2024-04-25 18:23:00,1004,21.1749,21.175,21.175,21.175,21.175,26
2024-04-25 18:24:00,5607,21.17,21.175,21.165,21.175,21.165,69
2024-04-25 18:25:00,648,21.1648,21.165,21.16,21.165,21.16,18
2024-04-25 18:26:00,1546,21.1677,21.165,21.165,21.165,21.16,23
2024-04-25 18:27:00,6774,21.1589,21.16,21.155,21.165,21.15,58
2024-04-25 18:28:00,6335,21.1522,21.15,21.155,21.155,21.15,62
2024-04-25 18:29:00,9351,21.1589,21.155,21.16,21.165,21.15,82
2024-04-25 18:30:00,8450,21.1651,21.16,21.175,21.175,21.155,75
2024-04-25 18:31:00,9180,21.1646,21.17,21.15,21.17,21.15,77
2024-04-25 18:32:00,1047,21.1539,21.155,21.15,21.155,21.15,21
2024-04-25 18:33:00,593,21.1508,21.15,21.1508,21.1508,21.15,13
2024-04-25 18:34:00,3661,21.1476,21.15,21.145,21.15,21.145,51
2024-04-25 18:35:00,3683,21.1423,21.145,21.14,21.145,21.14,60
2024-04-25 18:36:00,1378,21.1352,21.135,21.135,21.135,21.135,15
2024-04-25 18:37:00,6161,21.14,21.135,21.14,21.14,21.135,48
2024-04-25 18:38:00,3958,21.1528,21.145,21.165,21.165,21.145,49
2024-04-25 18:39:00,4043,21.1595,21.16,21.155,21.16,21.155,37
2024-04-25 18:40:00,1414,21.1532,21.155,21.155,21.155,21.15,24
2024-04-25 18:41:00,8489,21.1734,21.15,21.195,21.195,21.15,93
2024-04-25 18:42:00,3655,21.1886,21.195,21.185,21.195,21.185,29
2024-04-25 18:43:00,4939,21.19,21.185,21.18,21.195,21.18,55
2024-04-25 18:44:00,1034,21.1832,21.18,21.185,21.185,21.18,21
2024-04-25 18:45:00,591,21.1841,21.185,21.185,21.185,21.185,15
2024-04-25 18:46:00,267,21.184,21.185,21.185,21.185,21.185,15
2024-04-25 18:47:00,1591,21.1852,21.185,21.185,21.19,21.185,26
2024-04-25 18:48:00,972,21.1856,21.185,21.185,21.19,21.185,17
2024-04-25 18:49:00,2556,21.1829,21.185,21.185,21.185,21.18,37
2024-04-25 18:50:00,767,21.1864,21.185,21.185,21.19,21.185,20
2024-04-25 18:51:00,1037,21.1846,21.185,21.185,21.185,21.18,20
2024-04-25 18:52:00,14670,21.1847,21.19,21.175,21.19,21.1709,119
2024-04-25 18:53:00,2979,21.1732,21.175,21.175,21.175,21.17,25
2024-04-25 18:54:00,866,21.1756,21.175,21.175,21.18,21.175,17
2024-04-25 18:55:00,7807,21.1793,21.175,21.185,21.185,21.17,68
2024-04-25 18:56:00,562,21.1855,21.185,21.19,21.19,21.185,12
2024-04-25 18:57:00,4909,21.1901,21.185,21.195,21.2,21.185,57
2024-04-25 18:58:00,1654,21.1947,21.2,21.2,21.2,21.195,21
2024-04-25 18:59:00,5509,21.1911,21.195,21.185,21.2,21.185,73
2024-04-25 19:00:00,940,21.1882,21.185,21.185,21.185,21.185,20
2024-04-25 19:01:00,5624,21.1913,21.19,21.195,21.195,21.19,64
2024-04-25 19:02:00,7053,21.1919,21.195,21.2,21.2,21.19,68
2024-04-25 19:03:00,4773,21.2003,21.2,21.205,21.205,21.1957,48
2024-04-25 19:04:00,7545,21.21,21.21,21.205,21.215,21.205,79
2024-04-25 19:05:00,5679,21.2006,21.205,21.2,21.205,21.2,57
2024-04-25 19:06:00,3592,21.2,21.205,21.2,21.205,21.195,53
2024-04-25 19:07:00,463,21.1959,21.195,21.195,21.195,21.195,11
2024-04-25 19:08:00,838,21.1985,21.195,21.2,21.2,21.195,12
2024-04-25 19:09:00,1649,21.1963,21.2,21.195,21.2,21.195,20
2024-04-25 19:10:00,9990,21.2017,21.195,21.205,21.21,21.195,77
2024-04-25 19:11:00,593,21.2055,21.205,21.205,21.21,21.205,13
2024-04-25 19:12:00,5282,21.2083,21.205,21.215,21.215,21.205,59
2024-04-25 19:13:00,2235,21.2184,21.215,21.22,21.22,21.215,34
2024-04-25 19:14:00,2314,21.2169,21.215,21.22,21.22,21.215,36
2024-04-25 19:15:00,2135,21.2196,21.22,21.22,21.22,21.22,37
2024-04-25 19:16:00,15734,21.2213,21.22,21.22,21.23,21.21,158
2024-04-25 19:17:00,616,21.2177,21.22,21.215,21.22,21.215,16
2024-04-25 19:18:00,1082,21.2188,21.22,21.22,21.22,21.215,18
2024-04-25 19:19:00,17685,21.2206,21.22,21.225,21.23,21.215,124
2024-04-25 19:20:00,4407,21.2272,21.23,21.23,21.23,21.23,25
2024-04-25 19:21:00,1594,21.2285,21.23,21.225,21.23,21.225,26
2024-04-25 19:22:00,3294,21.2266,21.225,21.225,21.23,21.225,47
2024-04-25 19:23:00,2392,21.2274,21.23,21.23,21.23,21.2201,27
2024-04-25 19:24:00,5378,21.2248,21.225,21.225,21.23,21.22,55
2024-04-25 19:25:00,4329,21.2256,21.225,21.2238,21.23,21.2238,52
2024-04-25 19:26:00,35158,21.2259,21.23,21.21,21.24,21.205,249
2024-04-25 19:27:00,2652,21.2076,21.21,21.205,21.21,21.2,31
2024-04-25 19:28:00,6547,21.1972,21.205,21.185,21.205,21.185,50
2024-04-25 19:29:00,1780,21.192,21.19,21.19,21.19,21.185,24
2024-04-25 19:30:00,1164,21.1884,21.185,21.185,21.185,21.185,26
2024-04-25 19:31:00,9145,21.1924,21.19,21.2,21.2,21.19,82
2024-04-25 19:32:00,7232,21.2025,21.2,21.21,21.21,21.195,68
2024-04-25 19:33:00,2283,21.2083,21.21,21.205,21.21,21.205,38
2024-04-25 19:34:00,5909,21.2086,21.21,21.21,21.21,21.205,60
2024-04-25 19:35:00,15268,21.2102,21.21,21.21,21.215,21.205,133
2024-04-25 19:36:00,15436,21.21,21.21,21.21,21.22,21.205,108
2024-04-25 19:37:00,26960,21.2031,21.21,21.19,21.22,21.185,178
2024-04-25 19:38:00,2373,21.1865,21.19,21.185,21.19,21.18,33
2024-04-25 19:39:00,13192,21.1911,21.19,21.185,21.195,21.185,90
2024-04-25 19:40:00,4942,21.1865,21.19,21.185,21.19,21.18,67
2024-04-25 19:41:00,19275,21.1864,21.185,21.185,21.19,21.18,132
2024-04-25 19:42:00,6823,21.1922,21.19,21.195,21.2,21.19,53
2024-04-25 19:43:00,10173,21.1983,21.195,21.2,21.2,21.19,98
2024-04-25 19:44:00,5400,21.198,21.2,21.2,21.2,21.195,61
2024-04-25 19:45:00,19564,21.1929,21.195,21.185,21.2,21.18,168
2024-04-25 19:46:00,10775,21.1815,21.185,21.175,21.19,21.17,82
2024-04-25 19:47:00,8758,21.1721,21.17,21.175,21.18,21.17,100
2024-04-25 19:48:00,18129,21.1645,21.175,21.15,21.175,21.15,159
2024-04-25 19:49:00,12950,21.1504,21.155,21.14,21.155,21.14,127
2024-04-25 19:50:00,58242,21.1566,21.14,21.175,21.185,21.13,388
2024-04-25 19:51:00,16661,21.1819,21.175,21.185,21.19,21.175,200
2024-04-25 19:52:00,16768,21.1908,21.19,21.2,21.2,21.185,232
2024-04-25 19:53:00,15970,21.1982,21.2,21.2,21.2,21.19,225
2024-04-25 19:54:00,114163,21.2056,21.2,21.23,21.23,21.19,636
2024-04-25 19:55:00,57279,21.2258,21.23,21.21,21.23,21.21,383
2024-04-25 19:56:00,44137,21.2202,21.215,21.215,21.23,21.21,314
2024-04-25 19:57:00,40467,21.2096,21.215,21.2,21.215,21.2,274
2024-04-25 19:58:00,32963,21.2022,21.205,21.2,21.21,21.2,250
2024-04-25 19:59:00,105146,21.2154,21.205,21.215,21.23,21.2,539
2024-04-25 20:00:00,17818,21.21,21.21,21.21,21.21,21.21,8
2024-04-26 08:00:00,100,21.55,21.55,21.55,21.55,21.55,1
2024-04-26 11:34:00,100,21.7,21.7,21.7,21.7,21.7,1
2024-04-26 12:00:00,520,21.7,21.7,21.7,21.7,21.7,2
2024-04-26 12:33:00,200,21.7,21.7,21.7,21.7,21.7,3
2024-04-26 13:16:00,330,21.7,21.7,21.7,21.7,21.7,4
2024-04-26 13:17:00,230,21.7,21.7,21.7,21.7,21.7,1
2024-04-26 13:19:00,749,21.7,21.7,21.7,21.7,21.7,2
2024-04-26 13:20:00,230,21.7,21.7,21.7,21.7,21.7,1
2024-04-26 13:21:00,200,21.7,21.7,21.7,21.7,21.7,3
2024-04-26 13:28:00,800,21.6638,21.66,21.67,21.67,21.66,3
2024-04-26 13:30:00,37733,21.7454,21.72,21.83,21.83,21.71,150
2024-04-26 13:31:00,10630,21.8801,21.83,21.855,21.92,21.83,125
2024-04-26 13:32:00,15616,21.8397,21.86,21.8,21.87,21.8,190
2024-04-26 13:33:00,8703,21.8195,21.795,21.83,21.87,21.79,76
2024-04-26 13:34:00,24179,21.7967,21.83,21.79,21.83,21.77,141
2024-04-26 13:35:00,10552,21.7641,21.79,21.785,21.8,21.75,95
2024-04-26 13:36:00,15181,21.8355,21.79,21.86,21.86,21.79,125
2024-04-26 13:37:00,12212,21.8781,21.86,21.88,21.9,21.86,133
2024-04-26 13:38:00,11200,21.8619,21.87,21.86,21.87,21.86,113
2024-04-26 13:39:00,3419,21.8506,21.855,21.86,21.86,21.84,47
2024-04-26 13:40:00,4067,21.8625,21.855,21.88,21.88,21.855,55
2024-04-26 13:41:00,17953,21.8448,21.88,21.855,21.88,21.83,184
2024-04-26 13:42:00,17884,21.8515,21.86,21.85,21.865,21.845,180
2024-04-26 13:43:00,26174,21.8695,21.85,21.8804,21.9,21.85,256
2024-04-26 13:44:00,45035,21.8591,21.88,21.855,21.88,21.83,507
2024-04-26 13:45:00,12335,21.8368,21.855,21.79,21.86,21.79,123
2024-04-26 13:46:00,8961,21.7964,21.78,21.805,21.805,21.77,116
2024-04-26 13:47:00,4840,21.8192,21.81,21.82,21.83,21.81,77
2024-04-26 13:48:00,6850,21.8237,21.8204,21.83,21.84,21.82,69
2024-04-26 13:49:00,6660,21.8394,21.84,21.82,21.85,21.82,102
2024-04-26 13:50:00,5870,21.8064,21.82,21.79,21.82,21.79,111
2024-04-26 13:51:00,8013,21.7677,21.79,21.75,21.8,21.75,89
2024-04-26 13:52:00,10099,21.758,21.75,21.78,21.79,21.74,130
2024-04-26 13:53:00,4099,21.7639,21.76,21.76,21.775,21.76,63
2024-04-26 13:54:00,8770,21.7601,21.765,21.75,21.77,21.745,94
2024-04-26 13:55:00,19516,21.7484,21.76,21.745,21.765,21.735,195
2024-04-26 13:56:00,8734,21.7494,21.74,21.77,21.77,21.74,121
2024-04-26 13:57:00,2030,21.7701,21.77,21.76,21.775,21.76,43
2024-04-26 13:58:00,3258,21.7607,21.76,21.76,21.765,21.76,60
2024-04-26 13:59:00,31272,21.7775,21.76,21.78,21.82,21.74,266
2024-04-26 14:00:00,15374,21.7492,21.77,21.75,21.77,21.74,83
2024-04-26 14:01:00,4575,21.7461,21.75,21.755,21.755,21.73,58
2024-04-26 14:02:00,1066,21.7572,21.76,21.755,21.76,21.755,20
2024-04-26 14:03:00,6154,21.7662,21.76,21.775,21.78,21.76,90
2024-04-26 14:04:00,11142,21.7577,21.77,21.7685,21.77,21.74,147
2024-04-26 14:05:00,13812,21.7497,21.75,21.76,21.76,21.74,143
2024-04-26 14:06:00,5645,21.7627,21.75,21.765,21.775,21.75,63
2024-04-26 14:07:00,2304,21.7564,21.7615,21.75,21.7615,21.75,55
2024-04-26 14:08:00,12834,21.7493,21.75,21.75,21.755,21.74,164
2024-04-26 14:09:00,4901,21.751,21.76,21.75,21.76,21.74,95
2024-04-26 14:10:00,2345,21.7446,21.745,21.745,21.75,21.74,37
2024-04-26 14:11:00,18727,21.7457,21.745,21.71,21.76,21.71,194
2024-04-26 14:12:00,2958,21.7256,21.715,21.74,21.74,21.715,48
2024-04-26 14:13:00,383,21.7358,21.74,21.735,21.74,21.735,18
2024-04-26 14:14:00,2113,21.736,21.74,21.735,21.74,21.73,50
2024-04-26 14:15:00,10475,21.7535,21.74,21.765,21.77,21.74,151
2024-04-26 14:16:00,3242,21.7726,21.77,21.775,21.78,21.77,60
2024-04-26 14:17:00,15775,21.7447,21.775,21.74,21.775,21.735,217
2024-04-26 14:18:00,9697,21.741,21.74,21.75,21.76,21.73,128
2024-04-26 14:19:00,4582,21.75,21.75,21.75,21.755,21.745,67
2024-04-26 14:20:00,5164,21.7486,21.745,21.755,21.755,21.745,66
2024-04-26 14:21:00,11376,21.7452,21.75,21.74,21.755,21.74,179
2024-04-26 14:22:00,15435,21.7436,21.74,21.76,21.76,21.735,138
2024-04-26 14:23:00,8018,21.7466,21.75,21.745,21.755,21.74,100
2024-04-26 14:24:00,925,21.7439,21.74,21.74,21.745,21.74,18
2024-04-26 14:25:00,17387,21.7301,21.74,21.725,21.745,21.72,161
2024-04-26 14:26:00,7194,21.7047,21.725,21.68,21.725,21.68,119
2024-04-26 14:27:00,4104,21.6725,21.68,21.66,21.68,21.66,75
2024-04-26 14:28:00,4292,21.6685,21.66,21.655,21.665,21.65,57
2024-04-26 14:29:00,7552,21.6642,21.65,21.685,21.685,21.65,90
2024-04-26 14:30:00,10219,21.6879,21.685,21.69,21.7,21.68,111
2024-04-26 14:31:00,4787,21.6956,21.69,21.71,21.71,21.69,47
2024-04-26 14:32:00,3572,21.7131,21.71,21.715,21.72,21.71,45
2024-04-26 14:33:00,6139,21.7011,21.71,21.69,21.71,21.69,90
2024-04-26 14:34:00,3267,21.6913,21.695,21.69,21.695,21.69,64
2024-04-26 14:35:00,4779,21.6723,21.69,21.66,21.69,21.66,75
2024-04-26 14:36:00,2325,21.6607,21.665,21.65,21.665,21.65,56
2024-04-26 14:37:00,10138,21.6554,21.65,21.665,21.67,21.64,73
2024-04-26 14:38:00,3389,21.6593,21.66,21.665,21.665,21.655,64
2024-04-26 14:39:00,2079,21.6611,21.66,21.66,21.66,21.66,34
2024-04-26 14:40:00,6642,21.6701,21.67,21.68,21.68,21.665,60
2024-04-26 14:41:00,7520,21.6759,21.685,21.66,21.685,21.66,88
2024-04-26 14:42:00,2669,21.6511,21.66,21.635,21.66,21.635,62
2024-04-26 14:43:00,1206,21.6208,21.62,21.62,21.62,21.62,46
2024-04-26 14:44:00,3376,21.6172,21.615,21.6,21.62,21.6,58
2024-04-26 14:45:00,11173,21.6115,21.6,21.605,21.62,21.6,118
2024-04-26 14:46:00,13594,21.5918,21.61,21.59,21.61,21.575,132
2024-04-26 14:47:00,1456,21.5916,21.59,21.585,21.59,21.585,30
2024-04-26 14:48:00,5766,21.5862,21.58,21.59,21.59,21.58,64
2024-04-26 14:49:00,3656,21.591,21.59,21.59,21.595,21.59,56
2024-04-26 14:50:00,5567,21.6002,21.6,21.605,21.605,21.595,63
2024-04-26 14:51:00,1981,21.594,21.6,21.595,21.6,21.59,33
2024-04-26 14:52:00,4615,21.5884,21.59,21.585,21.59,21.58,86
2024-04-26 14:53:00,1910,21.5861,21.585,21.58,21.59,21.58,34
2024-04-26 14:54:00,4811,21.5861,21.58,21.595,21.6,21.58,57
2024-04-26 14:55:00,2461,21.5886,21.59,21.59,21.59,21.585,45
2024-04-26 14:56:00,5246,21.5965,21.59,21.61,21.61,21.59,62
2024-04-26 14:57:00,1150,21.6103,21.61,21.61,21.61,21.61,19
2024-04-26 14:58:00,1973,21.6194,21.615,21.615,21.625,21.615,40
2024-04-26 14:59:00,1681,21.6235,21.62,21.625,21.63,21.62,34
2024-04-26 15:00:00,2639,21.6174,21.625,21.615,21.625,21.615,46
2024-04-26 15:01:00,11100,21.6098,21.61,21.615,21.615,21.6,62
2024-04-26 15:02:00,2726,21.6193,21.615,21.615,21.62,21.615,46
2024-04-26 15:03:00,1123,21.6179,21.615,21.62,21.62,21.615,19
2024-04-26 15:04:00,7976,21.6145,21.61,21.62,21.625,21.605,109
2024-04-26 15:05:00,2301,21.6154,21.625,21.605,21.625,21.605,48
2024-04-26 15:06:00,1881,21.6012,21.6,21.605,21.605,21.595,39
2024-04-26 15:07:00,252,21.604,21.605,21.605,21.605,21.605,12
2024-04-26 15:08:00,3162,21.6124,21.605,21.615,21.62,21.605,40
2024-04-26 15:09:00,2173,21.6199,21.62,21.625,21.625,21.615,42
2024-04-26 15:10:00,1069,21.6205,21.625,21.63,21.63,21.625,21
2024-04-26 15:11:00,3535,21.6211,21.625,21.615,21.625,21.615,59
2024-04-26 15:12:00,4810,21.6106,21.61,21.61,21.615,21.605,67
2024-04-26 15:13:00,772,21.6125,21.61,21.62,21.62,21.61,24
2024-04-26 15:15:00,4783,21.6074,21.62,21.6,21.62,21.6,73
2024-04-26 15:16:00,6379,21.591,21.59,21.58,21.6,21.58,76
2024-04-26 15:17:00,963,21.5813,21.58,21.58,21.58,21.58,40
2024-04-26 15:18:00,4443,21.5845,21.585,21.58,21.59,21.58,81
2024-04-26 15:19:00,14808,21.5851,21.58,21.585,21.595,21.575,119
2024-04-26 15:20:00,2140,21.5898,21.59,21.59,21.59,21.59,44
2024-04-26 15:21:00,2105,21.5877,21.59,21.585,21.59,21.58,37
2024-04-26 15:22:00,9023,21.5804,21.581,21.585,21.585,21.575,82
2024-04-26 15:23:00,19656,21.5785,21.585,21.565,21.59,21.565,170
2024-04-26 15:24:00,1722,21.5658,21.565,21.565,21.57,21.565,24
2024-04-26 15:25:00,4044,21.5698,21.57,21.565,21.57,21.565,66
2024-04-26 15:26:00,4920,21.5546,21.56,21.555,21.56,21.55,61
2024-04-26 15:27:00,6371,21.5654,21.55,21.58,21.58,21.55,67
2024-04-26 15:29:00,327,21.5769,21.575,21.58,21.58,21.575,16
2024-04-26 15:30:00,2562,21.5704,21.575,21.565,21.575,21.565,44
2024-04-26 15:31:00,5060,21.5703,21.565,21.58,21.58,21.565,48
2024-04-26 15:32:00,1656,21.5783,21.5799,21.58,21.58,21.575,18
2024-04-26 15:33:00,541,21.5791,21.58,21.58,21.58,21.58,17
2024-04-26 15:34:00,6636,21.587,21.575,21.59,21.595,21.575,88
2024-04-26 15:35:00,238,21.5863,21.585,21.585,21.585,21.585,15
2024-04-26 15:36:00,931,21.585,21.585,21.585,21.585,21.585,21
2024-04-26 15:37:00,1032,21.5886,21.585,21.59,21.59,21.585,26
2024-04-26 15:38:00,9464,21.5972,21.59,21.6,21.61,21.585,83
2024-04-26 15:39:00,594,21.6029,21.605,21.605,21.605,21.605,19
2024-04-26 15:40:00,647,21.605,21.61,21.605,21.61,21.6,21
2024-04-26 15:41:00,1104,21.6055,21.61,21.605,21.61,21.605,27
2024-04-26 15:42:00,5337,21.601,21.605,21.6,21.605,21.6,78
2024-04-26 15:43:00,5398,21.6106,21.605,21.615,21.615,21.605,57
2024-04-26 15:44:00,859,21.6132,21.615,21.615,21.615,21.61,25
2024-04-26 15:45:00,5609,21.6113,21.61,21.615,21.62,21.605,82
2024-04-26 15:46:00,479,21.6153,21.615,21.615,21.615,21.615,19
2024-04-26 15:47:00,541,21.6151,21.615,21.615,21.615,21.615,26
2024-04-26 15:48:00,1004,21.6176,21.615,21.62,21.62,21.615,32
2024-04-26 15:49:00,7459,21.6113,21.615,21.61,21.62,21.61,95
2024-04-26 15:50:00,2795,21.608,21.615,21.6,21.615,21.6,44
2024-04-26 15:51:00,1166,21.6024,21.6,21.605,21.605,21.6,40
2024-04-26 15:52:00,3209,21.5984,21.6,21.59,21.6,21.59,54
2024-04-26 15:53:00,1596,21.5882,21.59,21.58,21.595,21.58,44
2024-04-26 15:54:00,991,21.5811,21.58,21.58,21.585,21.58,34
2024-04-26 15:55:00,9481,21.5846,21.58,21.59,21.595,21.575,103
2024-04-26 15:56:00,775,21.5894,21.59,21.59,21.59,21.59,17
2024-04-26 15:57:00,1205,21.591,21.59,21.595,21.595,21.59,25
2024-04-26 15:58:00,5120,21.5949,21.595,21.6,21.6,21.5916,32
2024-04-26 15:59:00,7414,21.6059,21.6,21.61,21.615,21.595,85
2024-04-26 16:00:00,1252,21.606,21.605,21.605,21.61,21.605,29
2024-04-26 16:01:00,908,21.6052,21.605,21.61,21.61,21.605,24
2024-04-26 16:02:00,2967,21.6134,21.61,21.625,21.625,21.61,36
2024-04-26 16:03:00,1103,21.6323,21.63,21.635,21.635,21.63,36
2024-04-26 16:04:00,2329,21.6351,21.635,21.635,21.64,21.63,47
2024-04-26 16:05:00,7746,21.6276,21.635,21.62,21.635,21.62,92
2024-04-26 16:06:00,5072,21.6129,21.62,21.6,21.62,21.6,60
2024-04-26 16:07:00,3225,21.6109,21.61,21.615,21.615,21.61,38
2024-04-26 16:08:00,394,21.6149,21.615,21.615,21.615,21.615,15
2024-04-26 16:09:00,2783,21.6107,21.615,21.61,21.615,21.61,46
2024-04-26 16:10:00,2097,21.6047,21.6099,21.605,21.6099,21.6,25
2024-04-26 16:11:00,3763,21.5969,21.605,21.59,21.605,21.59,68
2024-04-26 16:12:00,1124,21.5946,21.595,21.595,21.6,21.59,25
2024-04-26 16:13:00,1852,21.5953,21.59,21.595,21.6,21.59,44
2024-04-26 16:14:00,894,21.5933,21.59,21.59,21.6,21.59,21
2024-04-26 16:15:00,1047,21.5935,21.595,21.595,21.595,21.59,32
2024-04-26 16:16:00,3939,21.591,21.59,21.59,21.595,21.59,57
2024-04-26 16:17:00,11392,21.6024,21.595,21.605,21.61,21.59,112
2024-04-26 16:18:00,5012,21.5911,21.6,21.58,21.6,21.58,71
2024-04-26 16:19:00,302,21.5755,21.575,21.575,21.575,21.575,10
2024-04-26 16:21:00,1203,21.5756,21.575,21.58,21.58,21.575,20
2024-04-26 16:22:00,1489,21.5771,21.575,21.58,21.58,21.575,18
2024-04-26 16:23:00,10416,21.5877,21.575,21.59,21.595,21.575,118
2024-04-26 16:24:00,507,21.5899,21.59,21.59,21.59,21.59,15
2024-04-26 16:25:00,7994,21.5912,21.59,21.595,21.595,21.59,96
2024-04-26 16:26:00,246,21.5959,21.595,21.595,21.595,21.595,15
2024-04-26 16:27:00,3297,21.5908,21.595,21.59,21.595,21.59,46
2024-04-26 16:29:00,307,21.5843,21.58,21.585,21.585,21.58,13
2024-04-26 16:30:00,1331,21.5871,21.59,21.58,21.59,21.58,21
2024-04-26 16:31:00,4809,21.5785,21.58,21.575,21.585,21.575,72
2024-04-26 16:32:00,4085,21.5804,21.58,21.585,21.585,21.58,32
2024-04-26 16:33:00,589,21.585,21.585,21.585,21.585,21.585,18
2024-04-26 16:34:00,2745,21.5773,21.58,21.575,21.58,21.57,51
2024-04-26 16:35:00,3569,21.58,21.58,21.58,21.58,21.58,50
2024-04-26 16:36:00,270,21.5841,21.59,21.59,21.59,21.59,14
2024-04-26 16:37:00,1037,21.5896,21.59,21.59,21.59,21.59,21
2024-04-26 16:38:00,6271,21.5818,21.59,21.575,21.59,21.575,67
2024-04-26 16:39:00,279,21.577,21.575,21.575,21.575,21.575,13
2024-04-26 16:40:00,5481,21.5823,21.58,21.595,21.595,21.58,54
2024-04-26 16:41:00,1569,21.5979,21.6,21.595,21.6,21.595,36
2024-04-26 16:42:00,2816,21.5924,21.595,21.59,21.595,21.59,48
2024-04-26 16:43:00,7588,21.5903,21.59,21.59,21.595,21.585,76
2024-04-26 16:44:00,321,21.5835,21.585,21.58,21.585,21.58,15
2024-04-26 16:45:00,1135,21.5889,21.59,21.585,21.59,21.585,24
2024-04-26 16:46:00,8637,21.5986,21.59,21.61,21.61,21.59,93
2024-04-26 16:47:00,671,21.6034,21.605,21.605,21.605,21.605,18
2024-04-26 16:48:00,6308,21.6091,21.61,21.605,21.615,21.6039,70
2024-04-26 16:49:00,1787,21.6114,21.61,21.62,21.62,21.61,30
2024-04-26 16:50:00,2632,21.6224,21.62,21.63,21.63,21.62,57
2024-04-26 16:51:00,670,21.6275,21.63,21.6244,21.63,21.6244,15
2024-04-26 16:52:00,727,21.627,21.63,21.63,21.63,21.63,13
2024-04-26 16:54:00,3070,21.6254,21.63,21.625,21.63,21.625,41
2024-04-26 16:55:00,10174,21.6124,21.62,21.59,21.62,21.59,126
2024-04-26 16:56:00,3146,21.5901,21.59,21.585,21.59,21.585,34
2024-04-26 16:57:00,1129,21.5857,21.58,21.585,21.585,21.58,22
2024-04-26 16:58:00,862,21.5851,21.585,21.585,21.585,21.585,17
2024-04-26 16:59:00,771,21.5851,21.585,21.585,21.585,21.585,17
2024-04-26 17:00:00,8961,21.5956,21.59,21.605,21.605,21.59,83
2024-04-26 17:01:00,493,21.6093,21.61,21.61,21.61,21.61,22
2024-04-26 17:02:00,164,21.6098,21.61,21.61,21.61,21.61,12
2024-04-26 17:03:00,6900,21.6095,21.61,21.605,21.615,21.605,84
2024-04-26 17:04:00,5089,21.5979,21.605,21.585,21.605,21.585,58
2024-04-26 17:05:00,6510,21.5902,21.59,21.59,21.595,21.59,53
2024-04-26 17:07:00,152,21.5864,21.585,21.585,21.585,21.585,9
2024-04-26 17:08:00,1627,21.5862,21.59,21.585,21.59,21.58,25
2024-04-26 17:09:00,4323,21.5793,21.585,21.575,21.585,21.575,65
2024-04-26 17:10:00,4266,21.5829,21.58,21.585,21.59,21.58,37
2024-04-26 17:11:00,897,21.5863,21.585,21.59,21.59,21.585,21
2024-04-26 17:12:00,654,21.5848,21.585,21.585,21.585,21.585,20
2024-04-26 17:13:00,15232,21.5801,21.58,21.57,21.585,21.57,135
2024-04-26 17:14:00,1613,21.5793,21.58,21.58,21.58,21.575,27
2024-04-26 17:15:00,856,21.5782,21.58,21.58,21.58,21.575,18
2024-04-26 17:16:00,5884,21.5819,21.575,21.585,21.59,21.575,63
2024-04-26 17:17:00,8497,21.5869,21.585,21.6,21.6,21.58,69
2024-04-26 17:18:00,479,21.5943,21.595,21.59,21.595,21.59,18
2024-04-26 17:19:00,313,21.5949,21.595,21.595,21.595,21.595,12
2024-04-26 17:20:00,908,21.5974,21.5975,21.6,21.6,21.5975,19
2024-04-26 17:21:00,901,21.5988,21.6,21.6,21.6,21.59,18
2024-04-26 17:22:00,399,21.5975,21.5925,21.6,21.6,21.5925,21
2024-04-26 17:23:00,1167,21.5982,21.6,21.595,21.6,21.595,25
2024-04-26 17:24:00,1138,21.5937,21.595,21.595,21.595,21.59,31
2024-04-26 17:25:00,1127,21.5939,21.6,21.59,21.6,21.59,24
2024-04-26 17:26:00,2173,21.594,21.595,21.595,21.595,21.59,35
2024-04-26 17:27:00,8689,21.5909,21.595,21.585,21.595,21.585,81
2024-04-26 17:28:00,44780,21.5834,21.585,21.605,21.605,21.57,288
2024-04-26 17:29:00,4692,21.6215,21.61,21.63,21.63,21.61,59
2024-04-26 17:31:00,2018,21.6406,21.64,21.64,21.64,21.64,34
2024-04-26 17:32:00,1422,21.6407,21.645,21.645,21.645,21.64,23
2024-04-26 17:33:00,271,21.6493,21.65,21.65,21.65,21.65,14
2024-04-26 17:34:00,974,21.65,21.65,21.65,21.65,21.65,18
2024-04-26 17:35:00,4385,21.6409,21.65,21.63,21.65,21.63,51
2024-04-26 17:36:00,6163,21.6285,21.635,21.62,21.635,21.62,88
2024-04-26 17:37:00,1575,21.6181,21.62,21.61,21.62,21.61,25
2024-04-26 17:38:00,916,21.6128,21.615,21.61,21.615,21.61,27
2024-04-26 17:39:00,1633,21.6154,21.615,21.61,21.62,21.61,29
2024-04-26 17:40:00,1485,21.6147,21.615,21.615,21.62,21.61,33
2024-04-26 17:41:00,6296,21.6208,21.615,21.625,21.63,21.615,57
2024-04-26 17:42:00,1001,21.625,21.625,21.625,21.625,21.625,16
2024-04-26 17:43:00,669,21.6266,21.63,21.625,21.63,21.625,14
2024-04-26 17:44:00,1474,21.6289,21.625,21.625,21.63,21.625,21
2024-04-26 17:45:00,1040,21.6249,21.63,21.62,21.63,21.62,26
2024-04-26 17:46:00,14196,21.635,21.63,21.635,21.65,21.62,134
2024-04-26 17:47:00,4519,21.6395,21.64,21.635,21.64,21.635,50
2024-04-26 17:48:00,5220,21.631,21.635,21.63,21.635,21.63,57
2024-04-26 17:49:00,467,21.6297,21.625,21.625,21.625,21.625,17
2024-04-26 17:50:00,5384,21.6207,21.625,21.62,21.625,21.62,67
2024-04-26 17:51:00,890,21.6186,21.615,21.615,21.615,21.61,31
2024-04-26 17:52:00,884,21.6123,21.615,21.615,21.615,21.61,44
2024-04-26 17:53:00,1065,21.6149,21.615,21.61,21.62,21.61,46
2024-04-26 17:54:00,11558,21.6223,21.615,21.625,21.63,21.615,92
2024-04-26 17:55:00,892,21.6252,21.625,21.625,21.625,21.625,19
2024-04-26 17:56:00,8458,21.6284,21.63,21.635,21.635,21.6201,100
2024-04-26 17:57:00,1009,21.6345,21.635,21.635,21.635,21.635,23
2024-04-26 17:58:00,583,21.6334,21.635,21.635,21.635,21.63,18
2024-04-26 17:59:00,1206,21.6356,21.635,21.635,21.64,21.635,23
2024-04-26 18:00:00,6720,21.6278,21.64,21.615,21.64,21.615,87
2024-04-26 18:01:00,2099,21.614,21.615,21.615,21.615,21.61,39
2024-04-26 18:02:00,8238,21.6198,21.615,21.625,21.63,21.61,70
2024-04-26 18:03:00,3005,21.6208,21.62,21.62,21.625,21.62,42
2024-04-26 18:04:00,2241,21.6218,21.62,21.625,21.625,21.62,33
2024-04-26 18:05:00,579,21.6249,21.625,21.625,21.625,21.625,15
2024-04-26 18:07:00,6401,21.6309,21.63,21.625,21.635,21.625,81
2024-04-26 18:09:00,822,21.6274,21.625,21.63,21.63,21.625,25
2024-04-26 18:10:00,3394,21.6251,21.6225,21.62,21.63,21.62,64
2024-04-26 18:11:00,8273,21.6138,21.625,21.61,21.625,21.605,94
2024-04-26 18:13:00,862,21.6144,21.615,21.615,21.615,21.61,25
2024-04-26 18:14:00,8578,21.6108,21.615,21.61,21.615,21.61,97
2024-04-26 18:16:00,6117,21.6123,21.605,21.615,21.62,21.605,62
2024-04-26 18:18:00,1155,21.6187,21.62,21.62,21.62,21.62,24
2024-04-26 18:19:00,1318,21.617,21.62,21.62,21.62,21.61,35
2024-04-26 18:20:00,1042,21.615,21.615,21.615,21.615,21.615,22
2024-04-26 18:21:00,1182,21.6129,21.61,21.61,21.615,21.61,34
2024-04-26 18:22:00,2337,21.6146,21.615,21.615,21.615,21.61,39
2024-04-26 18:23:00,855,21.6132,21.6128,21.61,21.615,21.61,24
2024-04-26 18:24:00,8960,21.6057,21.615,21.595,21.615,21.59,109
2024-04-26 18:25:00,6091,21.6008,21.6,21.605,21.605,21.595,47
2024-04-26 18:26:00,682,21.6073,21.605,21.605,21.605,21.605,17
2024-04-26 18:27:00,5601,21.6126,21.61,21.62,21.62,21.61,75
2024-04-26 18:28:00,279,21.6168,21.615,21.615,21.615,21.615,13
2024-04-26 18:29:00,4113,21.6215,21.62,21.625,21.63,21.62,71
2024-04-26 18:30:00,3258,21.6289,21.63,21.63,21.63,21.625,45
2024-04-26 18:31:00,462,21.6299,21.63,21.63,21.63,21.63,20
2024-04-26 18:32:00,1448,21.6287,21.63,21.63,21.63,21.625,23
2024-04-26 18:33:00,7758,21.622,21.625,21.615,21.625,21.615,103
2024-04-26 18:34:00,7866,21.6213,21.615,21.625,21.63,21.615,66
2024-04-26 18:35:00,384,21.6248,21.625,21.625,21.625,21.625,16
2024-04-26 18:36:00,1730,21.6263,21.63,21.625,21.63,21.625,25
2024-04-26 18:37:00,1058,21.6293,21.63,21.625,21.63,21.625,21
2024-04-26 18:38:00,1838,21.6262,21.63,21.625,21.63,21.62,35
2024-04-26 18:39:00,649,21.6262,21.625,21.63,21.63,21.625,21
2024-04-26 18:40:00,1003,21.6292,21.63,21.63,21.63,21.625,26
2024-04-26 18:41:00,2102,21.6279,21.63,21.625,21.63,21.625,36
2024-04-26 18:42:00,1078,21.6246,21.625,21.625,21.625,21.62,35
2024-04-26 18:43:00,21683,21.642,21.625,21.65,21.655,21.625,207
2024-04-26 18:44:00,3499,21.6497,21.645,21.65,21.65,21.645,41
2024-04-26 18:45:00,3674,21.6621,21.66,21.665,21.67,21.66,40
2024-04-26 18:46:00,3245,21.6665,21.67,21.665,21.67,21.665,41
2024-04-26 18:47:00,3232,21.6708,21.67,21.675,21.675,21.665,47
2024-04-26 18:48:00,5479,21.6724,21.675,21.67,21.675,21.665,71
2024-04-26 18:49:00,1626,21.6584,21.665,21.665,21.665,21.66,32
2024-04-26 18:50:00,7970,21.6607,21.665,21.665,21.665,21.66,72
2024-04-26 18:51:00,2815,21.663,21.665,21.665,21.665,21.66,33
2024-04-26 18:52:00,534,21.6648,21.665,21.665,21.665,21.665,17
2024-04-26 18:53:00,1316,21.6639,21.665,21.66,21.665,21.66,25
2024-04-26 18:54:00,4153,21.6598,21.665,21.65,21.665,21.65,67
2024-04-26 18:55:00,668,21.6516,21.65,21.65,21.65,21.65,20
2024-04-26 18:56:00,2563,21.648,21.65,21.645,21.65,21.64,44
2024-04-26 18:57:00,2296,21.6462,21.645,21.65,21.65,21.64,35
2024-04-26 18:58:00,1563,21.6451,21.64,21.645,21.65,21.64,32
2024-04-26 18:59:00,14202,21.6549,21.645,21.67,21.67,21.645,97
2024-04-26 19:00:00,553,21.666,21.665,21.67,21.67,21.665,15
2024-04-26 19:01:00,1303,21.6698,21.67,21.67,21.67,21.67,21
2024-04-26 19:02:00,7139,21.6702,21.67,21.67,21.675,21.665,84
2024-04-26 19:03:00,416,21.6696,21.67,21.67,21.67,21.67,18
2024-04-26 19:04:00,8919,21.659,21.67,21.645,21.67,21.645,96
2024-04-26 19:05:00,982,21.645,21.645,21.645,21.645,21.64,24
2024-04-26 19:06:00,1253,21.6445,21.645,21.64,21.645,21.64,26
2024-04-26 19:07:00,12371,21.638,21.645,21.645,21.65,21.63,115
2024-04-26 19:08:00,922,21.6411,21.64,21.64,21.64,21.64,22
2024-04-26 19:09:00,2220,21.6415,21.645,21.64,21.645,21.64,40
2024-04-26 19:10:00,4489,21.6395,21.645,21.635,21.645,21.63,56
2024-04-26 19:11:00,1373,21.6352,21.63,21.635,21.64,21.63,29
2024-04-26 19:12:00,2271,21.6366,21.635,21.635,21.64,21.63,43
2024-04-26 19:13:00,6221,21.642,21.64,21.65,21.65,21.64,68
2024-04-26 19:14:00,2274,21.6481,21.645,21.65,21.65,21.645,40
2024-04-26 19:15:00,1902,21.6478,21.645,21.65,21.65,21.645,35
2024-04-26 19:16:00,2909,21.6464,21.645,21.64,21.65,21.64,40
2024-04-26 19:17:00,2472,21.6482,21.65,21.645,21.65,21.645,43
2024-04-26 19:18:00,5471,21.6454,21.645,21.645,21.65,21.64,67
2024-04-26 19:19:00,11118,21.6413,21.64,21.63,21.6481,21.63,110
2024-04-26 19:20:00,2516,21.6338,21.635,21.635,21.635,21.63,44
2024-04-26 19:21:00,8020,21.6303,21.635,21.625,21.64,21.625,107
2024-04-26 19:22:00,13555,21.6291,21.625,21.625,21.635,21.625,101
2024-04-26 19:23:00,12635,21.6152,21.625,21.61,21.625,21.605,100
2024-04-26 19:24:00,6848,21.6107,21.61,21.605,21.615,21.605,61
2024-04-26 19:25:00,2217,21.6129,21.605,21.605,21.61,21.605,27
2024-04-26 19:26:00,15205,21.6183,21.605,21.635,21.64,21.605,138
2024-04-26 19:27:00,26068,21.6379,21.635,21.645,21.655,21.63,210
2024-04-26 19:28:00,228,21.6468,21.65,21.65,21.65,21.65,15
2024-04-26 19:29:00,9438,21.6497,21.645,21.66,21.66,21.645,87
2024-04-26 19:30:00,1328,21.655,21.655,21.655,21.655,21.655,33
2024-04-26 19:31:00,16116,21.6614,21.66,21.665,21.665,21.655,160
2024-04-26 19:32:00,6021,21.6603,21.665,21.66,21.665,21.655,53
2024-04-26 19:33:00,9041,21.6529,21.655,21.65,21.66,21.645,94
2024-04-26 19:34:00,4527,21.6454,21.645,21.65,21.65,21.64,62
2024-04-26 19:35:00,12167,21.6511,21.645,21.66,21.66,21.645,102
2024-04-26 19:36:00,12164,21.6611,21.655,21.66,21.67,21.655,133
2024-04-26 19:37:00,693,21.6586,21.66,21.655,21.66,21.655,29
2024-04-26 19:38:00,2849,21.6576,21.655,21.66,21.66,21.655,46
2024-04-26 19:39:00,19460,21.6518,21.655,21.645,21.655,21.64,158
2024-04-26 19:40:00,6647,21.6388,21.645,21.63,21.645,21.63,90
2024-04-26 19:41:00,8308,21.633,21.63,21.635,21.635,21.63,82
2024-04-26 19:42:00,9528,21.636,21.635,21.635,21.64,21.63,116
2024-04-26 19:43:00,27289,21.6391,21.635,21.635,21.645,21.63,159
2024-04-26 19:44:00,11095,21.6324,21.635,21.635,21.635,21.63,119
2024-04-26 19:45:00,23554,21.6508,21.64,21.67,21.67,21.64,167
2024-04-26 19:46:00,70381,21.6789,21.665,21.685,21.7,21.665,400
2024-04-26 19:47:00,11317,21.6818,21.685,21.685,21.685,21.68,88
2024-04-26 19:48:00,19370,21.6904,21.685,21.7,21.7,21.685,171
2024-04-26 19:49:00,38662,21.7017,21.7,21.695,21.71,21.69,293
2024-04-26 19:50:00,28562,21.7013,21.695,21.71,21.71,21.69,234
2024-04-26 19:51:00,28920,21.7091,21.705,21.705,21.71,21.7,239
2024-04-26 19:52:00,55936,21.7065,21.71,21.715,21.72,21.7,380
2024-04-26 19:53:00,9021,21.7184,21.715,21.715,21.72,21.715,149
2024-04-26 19:54:00,60285,21.7199,21.715,21.715,21.73,21.71,412
2024-04-26 19:55:00,45547,21.6991,21.715,21.69,21.715,21.69,336
2024-04-26 19:56:00,32192,21.6628,21.69,21.65,21.69,21.65,287
2024-04-26 19:57:00,24355,21.6445,21.65,21.64,21.6508,21.64,242
2024-04-26 19:58:00,43163,21.6348,21.64,21.635,21.64,21.63,302
2024-04-26 19:59:00,144692,21.6254,21.635,21.63,21.64,21.61,615
2024-04-26 20:00:00,64917,21.6101,21.61,21.63,21.63,21.61,16
2024-04-26 20:01:00,2538,21.63,21.63,21.63,21.63,21.63,50
2024-04-26 20:05:00,628,21.6268,21.61,21.63,21.63,21.61,15
2024-04-26 20:06:00,1636,21.6189,21.63,21.63,21.63,21.63,16
2024-04-26 20:07:00,1000,21.63,21.63,21.63,21.63,21.63,10
2024-04-26 20:08:00,752,21.63,21.63,21.63,21.63,21.63,8
2024-04-26 20:09:00,266,21.6271,21.63,21.63,21.63,21.63,3
2024-04-29 12:03:00,408,21.338,21.42,21.24,21.43,21.24,10
2024-04-29 12:04:00,404,21.2401,21.29,21.17,21.29,21.17,15
2024-04-29 12:05:00,1026,21.239,21.26,21.26,21.26,21.26,31
2024-04-29 12:07:00,129,21.1984,21.2,21.2,21.2,21.2,7
2024-04-29 12:09:00,110,21.2073,21.21,21.21,21.21,21.21,3
2024-04-29 12:11:00,318,21.2368,21.23,21.25,21.25,21.23,8
2024-04-29 12:12:00,400,21.2184,21.25,21.21,21.25,21.2,5
2024-04-29 12:13:00,4899,21.2984,21.22,21.3,21.3,21.22,2
2024-04-29 12:14:00,495,21.25,21.25,21.25,21.25,21.25,2
2024-04-29 12:15:00,728,21.25,21.25,21.25,21.25,21.25,7
2024-04-29 12:27:00,100,21.21,21.21,21.21,21.21,21.21,1
2024-04-29 13:29:00,1105,21.4584,21.3,21.48,21.49,21.3,6
2024-04-29 13:30:00,30991,21.466,21.5,21.38,21.5,21.38,126
2024-04-29 13:31:00,5420,21.3969,21.38,21.37,21.425,21.35,49
2024-04-29 13:32:00,2476,21.3706,21.38,21.335,21.385,21.31,23
2024-04-29 13:33:00,5036,21.3481,21.32,21.35,21.39,21.32,42
2024-04-29 13:34:00,7817,21.38,21.35,21.38,21.39,21.35,74
2024-04-29 13:35:00,6073,21.3634,21.38,21.37,21.38,21.34,76
2024-04-29 13:36:00,11233,21.3784,21.37,21.34,21.39,21.34,97
2024-04-29 13:37:00,926,21.3438,21.35,21.34,21.35,21.34,24
2024-04-29 13:38:00,6079,21.3282,21.34,21.34,21.34,21.31,70
2024-04-29 13:39:00,1759,21.3371,21.35,21.33,21.35,21.33,30
2024-04-29 13:40:00,3601,21.3173,21.32,21.31,21.33,21.31,61
2024-04-29 13:41:00,5240,21.323,21.3,21.335,21.345,21.3,57
2024-04-29 13:42:00,742,21.3065,21.31,21.29,21.31,21.29,26
2024-04-29 13:43:00,3239,21.2675,21.29,21.275,21.29,21.26,49
2024-04-29 13:44:00,1688,21.2569,21.27,21.26,21.27,21.25,36
2024-04-29 13:45:00,4213,21.2864,21.28,21.29,21.295,21.28,68
2024-04-29 13:46:00,3606,21.2849,21.28,21.29,21.295,21.28,54
2024-04-29 13:47:00,2796,21.2809,21.28,21.28,21.285,21.275,39
2024-04-29 13:48:00,2117,21.2542,21.27,21.24,21.27,21.24,46
2024-04-29 13:49:00,2575,21.2556,21.245,21.24,21.245,21.235,36
2024-04-29 13:50:00,766,21.2361,21.235,21.235,21.235,21.235,25
2024-04-29 13:51:00,2407,21.2391,21.235,21.25,21.25,21.235,35
2024-04-29 13:52:00,7662,21.2322,21.25,21.2303,21.25,21.22,81
2024-04-29 13:53:00,4906,21.2416,21.235,21.225,21.255,21.225,84
2024-04-29 13:54:00,5293,21.2359,21.23,21.225,21.245,21.225,64
2024-04-29 13:55:00,18011,21.1826,21.22,21.19,21.22,21.16,193
2024-04-29 13:56:00,6001,21.1947,21.195,21.19,21.2,21.19,92
2024-04-29 13:57:00,5133,21.2001,21.195,21.205,21.22,21.195,68
2024-04-29 13:58:00,9279,21.2042,21.205,21.2,21.21,21.19,95
2024-04-29 13:59:00,4884,21.1806,21.19,21.175,21.19,21.17,69
2024-04-29 14:00:00,14064,21.1538,21.175,21.185,21.19,21.13,126
2024-04-29 14:01:00,10919,21.2143,21.19,21.222,21.232,21.19,71
2024-04-29 14:02:00,17815,21.2255,21.225,21.22,21.245,21.215,165
2024-04-29 14:03:00,4094,21.2192,21.225,21.205,21.225,21.205,72
2024-04-29 14:04:00,321,21.2023,21.2,21.2,21.2,21.2,11
2024-04-29 14:05:00,10412,21.1732,21.19,21.185,21.195,21.16,125
2024-04-29 14:06:00,4384,21.1673,21.19,21.155,21.19,21.155,66
2024-04-29 14:07:00,8980,21.1213,21.15,21.125,21.15,21.11,104
2024-04-29 14:08:00,1885,21.1405,21.13,21.145,21.15,21.13,42
2024-04-29 14:09:00,6523,21.1329,21.14,21.125,21.14,21.125,84
2024-04-29 14:10:00,6305,21.1663,21.145,21.135,21.155,21.135,55
2024-04-29 14:11:00,5928,21.1389,21.13,21.14,21.15,21.13,84
2024-04-29 14:12:00,3368,21.1687,21.145,21.19,21.19,21.145,48
2024-04-29 14:13:00,5332,21.207,21.19,21.215,21.22,21.19,65
2024-04-29 14:14:00,8821,21.1992,21.215,21.195,21.215,21.18,122
2024-04-29 14:15:00,3036,21.2013,21.205,21.21,21.21,21.195,53
2024-04-29 14:16:00,9816,21.212,21.215,21.245,21.245,21.2,117
2024-04-29 14:17:00,4945,21.2307,21.245,21.23,21.245,21.21,71
2024-04-29 14:18:00,6995,21.2283,21.23,21.24,21.24,21.22,90
2024-04-29 14:19:00,2774,21.2296,21.24,21.215,21.24,21.215,33
2024-04-29 14:20:00,5704,21.2039,21.21,21.215,21.215,21.195,40
2024-04-29 14:21:00,8703,21.2113,21.21,21.225,21.225,21.2,110
2024-04-29 14:22:00,6744,21.2162,21.225,21.22,21.23,21.21,94
2024-04-29 14:23:00,5828,21.2052,21.22,21.205,21.22,21.2,76
2024-04-29 14:24:00,1587,21.1948,21.2,21.19,21.2,21.18,41
2024-04-29 14:25:00,7434,21.1634,21.185,21.17,21.185,21.15,106
2024-04-29 14:26:00,257,21.1728,21.175,21.175,21.175,21.175,6
2024-04-29 14:27:00,394,21.1752,21.17,21.18,21.18,21.17,10
2024-04-29 14:28:00,9303,21.1755,21.175,21.17,21.19,21.165,73
2024-04-29 14:29:00,1694,21.1662,21.17,21.16,21.175,21.16,35
2024-04-29 14:30:00,11616,21.1384,21.17,21.165,21.17,21.13,111
2024-04-29 14:31:00,3286,21.1663,21.165,21.16,21.175,21.16,56
2024-04-29 14:32:00,11970,21.1466,21.155,21.13,21.155,21.13,90
2024-04-29 14:33:00,3330,21.1421,21.13,21.15,21.15,21.13,33
2024-04-29 14:34:00,10439,21.1563,21.15,21.16,21.165,21.14,123
2024-04-29 14:35:00,5503,21.1517,21.1624,21.16,21.1624,21.145,95
2024-04-29 14:36:00,2050,21.1605,21.16,21.165,21.17,21.155,51
2024-04-29 14:37:00,21322,21.1478,21.16,21.15,21.165,21.13,229
2024-04-29 14:38:00,6893,21.1463,21.15,21.155,21.16,21.13,75
2024-04-29 14:39:00,6035,21.1501,21.155,21.16,21.16,21.145,71
2024-04-29 14:40:00,10453,21.1581,21.15,21.155,21.17,21.15,111
2024-04-29 14:41:00,7589,21.1563,21.16,21.165,21.165,21.15,89
2024-04-29 14:42:00,1982,21.1532,21.155,21.15,21.155,21.15,52
2024-04-29 14:43:00,2167,21.1472,21.15,21.145,21.15,21.145,36
2024-04-29 14:44:00,10228,21.1605,21.145,21.19,21.19,21.145,128
2024-04-29 14:45:00,9682,21.174,21.18,21.185,21.185,21.16,126
2024-04-29 14:46:00,4413,21.1951,21.195,21.2,21.205,21.19,47
2024-04-29 14:47:00,3968,21.2008,21.19,21.2,21.21,21.19,72
2024-04-29 14:48:00,7882,21.2006,21.2,21.205,21.205,21.195,88
2024-04-29 14:49:00,11999,21.2155,21.205,21.22,21.23,21.205,109
2024-04-29 14:50:00,3024,21.2259,21.215,21.23,21.23,21.215,67
2024-04-29 14:51:00,11865,21.2335,21.23,21.24,21.24,21.23,104
2024-04-29 14:52:00,5400,21.2378,21.24,21.235,21.24,21.23,80
2024-04-29 14:53:00,10908,21.2207,21.235,21.215,21.235,21.21,114
2024-04-29 14:54:00,4805,21.2316,21.22,21.24,21.24,21.22,50
2024-04-29 14:55:00,7109,21.227,21.24,21.225,21.24,21.22,58
2024-04-29 14:56:00,5255,21.217,21.225,21.21,21.23,21.21,80
2024-04-29 14:57:00,6313,21.2239,21.22,21.24,21.24,21.215,70
2024-04-29 14:58:00,1942,21.2371,21.24,21.235,21.24,21.235,29
2024-04-29 14:59:00,701,21.2367,21.235,21.235,21.24,21.23,18
2024-04-29 15:00:00,1437,21.2309,21.235,21.22,21.235,21.22,34
2024-04-29 15:01:00,2190,21.223,21.2222,21.22,21.2222,21.22,21
2024-04-29 15:02:00,3147,21.2326,21.225,21.24,21.245,21.225,57
2024-04-29 15:03:00,3606,21.2468,21.245,21.26,21.26,21.24,62
2024-04-29 15:04:00,1361,21.2656,21.26,21.27,21.27,21.26,25
2024-04-29 15:05:00,8793,21.2744,21.2682,21.28,21.28,21.265,103
2024-04-29 15:06:00,7422,21.2785,21.28,21.27,21.285,21.27,102
2024-04-29 15:07:00,2143,21.2679,21.275,21.265,21.275,21.26,40
2024-04-29 15:08:00,1087,21.2649,21.26,21.26,21.265,21.26,32
2024-04-29 15:09:00,8264,21.2641,21.26,21.275,21.275,21.25,114
2024-04-29 15:10:00,1186,21.2806,21.28,21.285,21.285,21.28,33
2024-04-29 15:12:00,1308,21.2792,21.29,21.27,21.29,21.27,41
2024-04-29 15:13:00,9507,21.269,21.275,21.255,21.2752,21.255,99
2024-04-29 15:14:00,6084,21.2653,21.25,21.2752,21.2752,21.25,63
2024-04-29 15:15:00,3152,21.2697,21.275,21.27,21.2752,21.26,49
2024-04-29 15:16:00,3273,21.2691,21.2703,21.27,21.275,21.26,54
2024-04-29 15:18:00,275,21.275,21.275,21.275,21.275,21.275,11
2024-04-29 15:19:00,1442,21.2735,21.275,21.27,21.28,21.27,36
2024-04-29 15:20:00,1427,21.2746,21.28,21.28,21.28,21.27,32
2024-04-29 15:21:00,1108,21.2751,21.27,21.28,21.28,21.27,29
2024-04-29 15:22:00,6789,21.2848,21.275,21.3,21.3,21.275,113
2024-04-29 15:23:00,4344,21.3057,21.3,21.317,21.32,21.3,69
2024-04-29 15:24:00,7882,21.3047,21.31,21.32,21.32,21.29,94
2024-04-29 15:26:00,1268,21.3139,21.31,21.32,21.32,21.31,20
2024-04-29 15:27:00,6013,21.3224,21.315,21.34,21.34,21.315,76
2024-04-29 15:29:00,969,21.3303,21.335,21.34,21.34,21.335,20
2024-04-29 15:30:00,443,21.339,21.34,21.34,21.34,21.339,16
2024-04-29 15:31:00,6252,21.345,21.335,21.357,21.36,21.335,84
2024-04-29 15:32:00,2702,21.3629,21.36,21.37,21.37,21.36,51
2024-04-29 15:33:00,4087,21.3613,21.365,21.365,21.37,21.36,70
2024-04-29 15:34:00,2751,21.3562,21.36,21.36,21.36,21.35,44
2024-04-29 15:37:00,26872,21.3358,21.355,21.34,21.36,21.32,275
2024-04-29 15:38:00,1315,21.3347,21.335,21.34,21.34,21.33,34
2024-04-29 15:39:00,986,21.339,21.335,21.34,21.34,21.335,17
2024-04-29 15:40:00,11755,21.3433,21.34,21.355,21.36,21.3325,132
2024-04-29 15:41:00,1550,21.3509,21.3575,21.355,21.3575,21.35,30
2024-04-29 15:42:00,2005,21.3501,21.35,21.36,21.36,21.345,35
2024-04-29 15:43:00,1734,21.3501,21.36,21.36,21.36,21.35,20
2024-04-29 15:44:00,2161,21.3515,21.35,21.36,21.36,21.35,40
2024-04-29 15:46:00,662,21.3571,21.36,21.355,21.36,21.35,18
2024-04-29 15:47:00,7234,21.3648,21.36,21.37,21.38,21.36,78
2024-04-29 15:48:00,3351,21.3726,21.3775,21.3775,21.38,21.37,48
2024-04-29 15:49:00,936,21.376,21.375,21.38,21.38,21.375,17
2024-04-29 15:50:00,928,21.3765,21.38,21.38,21.38,21.375,16
2024-04-29 15:51:00,1215,21.3776,21.38,21.38,21.38,21.375,23
2024-04-29 15:52:00,3598,21.3778,21.38,21.38,21.38,21.3705,26
2024-04-29 15:53:00,2197,21.3787,21.38,21.38,21.38,21.375,39
2024-04-29 15:54:00,1838,21.3775,21.38,21.38,21.38,21.375,31
2024-04-29 15:55:00,18494,21.3854,21.38,21.38,21.4,21.37,189
2024-04-29 15:56:00,3832,21.3895,21.385,21.39,21.39,21.385,38
2024-04-29 15:57:00,13626,21.3902,21.4,21.389,21.4,21.387,130
2024-04-29 15:58:00,5431,21.3701,21.38,21.37,21.385,21.36,48
2024-04-29 15:59:00,745,21.365,21.365,21.37,21.37,21.36,14
2024-04-29 16:00:00,2535,21.3612,21.365,21.35,21.365,21.35,29
2024-04-29 16:01:00,2222,21.3444,21.36,21.335,21.36,21.33,51
2024-04-29 16:02:00,9133,21.3501,21.335,21.365,21.37,21.335,72
2024-04-29 16:03:00,549,21.3648,21.365,21.37,21.37,21.365,24
2024-04-29 16:04:00,14012,21.3618,21.36,21.36,21.38,21.36,164
2024-04-29 16:05:00,540,21.3594,21.36,21.36,21.36,21.36,17
2024-04-29 16:06:00,599,21.3453,21.35,21.34,21.35,21.34,20
2024-04-29 16:07:00,867,21.3376,21.335,21.34,21.34,21.335,22
2024-04-29 16:08:00,1799,21.3361,21.335,21.33,21.34,21.33,26
2024-04-29 16:09:00,581,21.3393,21.33,21.34,21.34,21.33,19
2024-04-29 16:10:00,6098,21.3445,21.335,21.355,21.36,21.335,96
2024-04-29 16:11:00,41036,21.3072,21.35,21.3,21.355,21.28,304
2024-04-29 16:12:00,4578,21.2867,21.295,21.28,21.3,21.275,50
2024-04-29 16:13:00,4553,21.2825,21.28,21.285,21.29,21.28,23
2024-04-29 16:14:00,876,21.2971,21.29,21.29,21.29,21.29,23
2024-04-29 16:15:00,3615,21.2822,21.28,21.29,21.29,21.28,48
2024-04-29 16:16:00,1094,21.2856,21.28,21.29,21.29,21.28,27
2024-04-29 16:17:00,14341,21.2945,21.285,21.295,21.3,21.28,131
2024-04-29 16:18:00,10807,21.2924,21.29,21.3,21.3,21.285,91
2024-04-29 16:19:00,904,21.2997,21.3,21.3,21.3,21.3,21
2024-04-29 16:20:00,11841,21.3115,21.3,21.325,21.33,21.295,136
2024-04-29 16:21:00,4571,21.3286,21.33,21.34,21.34,21.33,65
2024-04-29 16:22:00,2503,21.3541,21.345,21.36,21.36,21.345,42
2024-04-29 16:23:00,5066,21.3699,21.37,21.37,21.37,21.365,71
2024-04-29 16:24:00,4020,21.37,21.37,21.37,21.375,21.37,47
2024-04-29 16:25:00,4369,21.3683,21.37,21.37,21.37,21.37,50
2024-04-29 16:26:00,851,21.373,21.37,21.375,21.38,21.37,20
2024-04-29 16:27:00,2116,21.3778,21.38,21.38,21.38,21.375,32
2024-04-29 16:28:00,1281,21.3758,21.38,21.38,21.38,21.375,31
2024-04-29 16:29:00,2776,21.3778,21.38,21.38,21.38,21.375,25
2024-04-29 16:30:00,9119,21.376,21.38,21.385,21.39,21.37,92
2024-04-29 16:31:00,11832,21.396,21.39,21.395,21.41,21.39,111
2024-04-29 16:32:00,2462,21.392,21.395,21.39,21.395,21.39,33
2024-04-29 16:33:00,203,21.3889,21.39,21.39,21.39,21.39,10
2024-04-29 16:34:00,3424,21.3806,21.38,21.3875,21.3875,21.38,56
2024-04-29 16:35:00,4998,21.381,21.38,21.38,21.3875,21.38,73
2024-04-29 16:36:00,711,21.3818,21.385,21.38,21.385,21.38,32
2024-04-29 16:37:00,3914,21.3709,21.375,21.36,21.375,21.36,63
2024-04-29 16:38:00,2941,21.36,21.355,21.36,21.36,21.355,32
2024-04-29 16:39:00,2836,21.3616,21.36,21.365,21.365,21.36,35
2024-04-29 16:40:00,1390,21.3609,21.3675,21.36,21.3675,21.36,47
2024-04-29 16:41:00,1971,21.3594,21.36,21.355,21.36,21.355,48
2024-04-29 16:42:00,1294,21.3575,21.355,21.355,21.355,21.35,32
2024-04-29 16:43:00,2898,21.3505,21.35,21.35,21.355,21.35,69
2024-04-29 16:44:00,1984,21.3505,21.35,21.35,21.35,21.35,48
2024-04-29 16:45:00,1727,21.3546,21.36,21.35,21.36,21.35,35
2024-04-29 16:46:00,8618,21.3613,21.355,21.355,21.37,21.355,105
2024-04-29 16:47:00,1765,21.3549,21.35,21.345,21.35,21.345,35
2024-04-29 16:48:00,1509,21.3509,21.35,21.355,21.355,21.35,30
2024-04-29 16:49:00,557,21.353,21.36,21.36,21.36,21.36,21
2024-04-29 16:50:00,453,21.3558,21.355,21.36,21.36,21.355,18
2024-04-29 16:51:00,1858,21.3557,21.3575,21.36,21.36,21.355,20
2024-04-29 16:52:00,7116,21.3398,21.355,21.335,21.355,21.33,82
2024-04-29 16:53:00,4951,21.3448,21.34,21.345,21.355,21.34,51
2024-04-29 16:54:00,1344,21.3495,21.35,21.35,21.35,21.35,29
2024-04-29 16:55:00,1630,21.3501,21.35,21.35,21.35,21.35,23
2024-04-29 16:56:00,2045,21.3498,21.35,21.345,21.35,21.345,44
2024-04-29 16:57:00,617,21.3497,21.35,21.35,21.35,21.35,24
2024-04-29 16:58:00,767,21.3482,21.3425,21.3425,21.3425,21.3425,16
2024-04-29 16:59:00,927,21.3461,21.34,21.34,21.35,21.34,26
2024-04-29 17:00:00,867,21.3472,21.345,21.345,21.35,21.3425,15
2024-04-29 17:01:00,2219,21.3509,21.345,21.36,21.36,21.345,35
2024-04-29 17:02:00,595,21.358,21.36,21.36,21.36,21.36,14
2024-04-29 17:03:00,1312,21.3567,21.3575,21.355,21.36,21.355,20
2024-04-29 17:04:00,812,21.3587,21.36,21.36,21.36,21.36,15
2024-04-29 17:05:00,2946,21.3601,21.36,21.37,21.37,21.355,46
2024-04-29 17:06:00,1260,21.3684,21.37,21.37,21.37,21.37,26
2024-04-29 17:07:00,8606,21.359,21.37,21.345,21.37,21.345,85
2024-04-29 17:08:00,1109,21.349,21.34,21.345,21.345,21.34,15
2024-04-29 17:09:00,2578,21.3405,21.34,21.34,21.34,21.34,34
2024-04-29 17:10:00,2679,21.3406,21.345,21.335,21.345,21.335,41
2024-04-29 17:11:00,2898,21.3319,21.33,21.33,21.335,21.33,40
2024-04-29 17:12:00,4575,21.3288,21.335,21.33,21.335,21.32,46
2024-04-29 17:15:00,3538,21.34,21.34,21.34,21.34,21.34,43
2024-04-29 17:16:00,280,21.3443,21.345,21.345,21.345,21.345,11
2024-04-29 17:17:00,1313,21.3423,21.3422,21.3422,21.3422,21.3422,15
2024-04-29 17:18:00,635,21.3472,21.35,21.345,21.35,21.345,13
2024-04-29 17:19:00,1126,21.3475,21.35,21.35,21.35,21.345,25
2024-04-29 17:20:00,1227,21.3436,21.345,21.345,21.345,21.34,32
2024-04-29 17:21:00,3829,21.34,21.34,21.34,21.34,21.335,48
2024-04-29 17:22:00,2360,21.34,21.34,21.335,21.34,21.335,40
2024-04-29 17:23:00,764,21.335,21.33,21.335,21.335,21.33,22
2024-04-29 17:24:00,1273,21.3398,21.335,21.335,21.335,21.335,11
2024-04-29 17:25:00,6516,21.3426,21.34,21.35,21.35,21.34,49
2024-04-29 17:26:00,3910,21.3662,21.36,21.36,21.37,21.36,60
2024-04-29 17:27:00,573,21.3551,21.355,21.35,21.355,21.35,25
2024-04-29 17:29:00,3152,21.3502,21.35,21.35,21.3503,21.35,52
2024-04-29 17:30:00,2517,21.3481,21.35,21.345,21.35,21.345,41
2024-04-29 17:31:00,282,21.347,21.345,21.345,21.345,21.345,13
2024-04-29 17:32:00,1357,21.3448,21.3425,21.345,21.345,21.3425,18
2024-04-29 17:33:00,6310,21.3553,21.345,21.38,21.38,21.345,77
2024-04-29 17:34:00,3186,21.3819,21.38,21.385,21.385,21.38,54
2024-04-29 17:35:00,3359,21.3721,21.38,21.37,21.38,21.37,35
2024-04-29 17:36:00,434,21.3657,21.365,21.365,21.365,21.365,13
2024-04-29 17:37:00,1494,21.3606,21.36,21.36,21.365,21.36,36
2024-04-29 17:38:00,258,21.3631,21.365,21.365,21.365,21.365,16
2024-04-29 17:39:00,610,21.3639,21.365,21.365,21.365,21.365,18
2024-04-29 17:40:00,1974,21.371,21.37,21.375,21.375,21.37,34
2024-04-29 17:42:00,608,21.3742,21.375,21.37,21.38,21.37,18
2024-04-29 17:43:00,441,21.3797,21.38,21.38,21.38,21.38,10
2024-04-29 17:44:00,908,21.3785,21.375,21.38,21.38,21.375,19
2024-04-29 17:45:00,2926,21.382,21.38,21.39,21.39,21.38,40
2024-04-29 17:46:00,584,21.3878,21.39,21.39,21.39,21.385,14
2024-04-29 17:47:00,2415,21.3799,21.385,21.375,21.385,21.375,36
2024-04-29 17:48:00,426,21.3754,21.375,21.375,21.375,21.375,13
2024-04-29 17:49:00,4753,21.3799,21.375,21.38,21.385,21.375,67
2024-04-29 17:50:00,2051,21.38,21.38,21.38,21.38,21.38,47
2024-04-29 17:51:00,3147,21.381,21.39,21.38,21.39,21.38,35
2024-04-29 17:54:00,2551,21.3718,21.37,21.38,21.38,21.37,33
2024-04-29 17:55:00,1280,21.3739,21.375,21.375,21.375,21.37,19
2024-04-29 17:56:00,552,21.3743,21.38,21.37,21.38,21.37,18
2024-04-29 17:57:00,1928,21.3789,21.375,21.38,21.38,21.375,34
2024-04-29 17:58:00,2615,21.3799,21.38,21.38,21.38,21.38,40
2024-04-29 17:59:00,532,21.3799,21.38,21.38,21.38,21.38,18
2024-04-29 18:00:00,590,21.3793,21.38,21.38,21.38,21.38,22
2024-04-29 18:01:00,793,21.3783,21.38,21.38,21.38,21.375,20
2024-04-29 18:02:00,1010,21.3784,21.38,21.38,21.38,21.37,24
2024-04-29 18:03:00,3118,21.3807,21.38,21.385,21.385,21.38,51
2024-04-29 18:04:00,1523,21.3837,21.39,21.39,21.39,21.39,19
2024-04-29 18:05:00,3317,21.3801,21.38,21.38,21.38,21.38,23
2024-04-29 18:06:00,488,21.3768,21.375,21.375,21.375,21.375,22
2024-04-29 18:07:00,852,21.3731,21.375,21.375,21.375,21.37,27
2024-04-29 18:08:00,2984,21.3693,21.37,21.36,21.37,21.36,49
2024-04-29 18:10:00,788,21.3649,21.365,21.36,21.365,21.36,25
2024-04-29 18:11:00,899,21.364,21.365,21.36,21.366,21.36,28
2024-04-29 18:12:00,3341,21.36,21.36,21.35,21.365,21.35,53
2024-04-29 18:13:00,4969,21.3608,21.3525,21.37,21.37,21.3525,63
2024-04-29 18:14:00,726,21.3708,21.37,21.37,21.37,21.37,24
2024-04-29 18:15:00,7468,21.3701,21.37,21.38,21.38,21.365,74
2024-04-29 18:16:00,2519,21.3806,21.385,21.38,21.385,21.38,53
2024-04-29 18:18:00,627,21.3752,21.375,21.375,21.375,21.375,24
2024-04-29 18:19:00,4296,21.3707,21.375,21.37,21.375,21.37,51
2024-04-29 18:20:00,1389,21.3681,21.37,21.3601,21.37,21.3601,39
2024-04-29 18:21:00,1950,21.3614,21.365,21.365,21.365,21.36,45
2024-04-29 18:22:00,533,21.3651,21.365,21.365,21.365,21.365,24
2024-04-29 18:23:00,1301,21.3645,21.365,21.36,21.365,21.36,28
2024-04-29 18:24:00,2067,21.3621,21.36,21.365,21.365,21.36,43
2024-04-29 18:25:00,988,21.3674,21.365,21.37,21.37,21.365,33
2024-04-29 18:26:00,3400,21.3692,21.365,21.37,21.375,21.365,47
2024-04-29 18:27:00,4053,21.3704,21.37,21.37,21.38,21.37,38
2024-04-29 18:29:00,3145,21.3694,21.365,21.37,21.37,21.365,52
2024-04-29 18:30:00,3954,21.3701,21.37,21.375,21.375,21.37,55
2024-04-29 18:31:00,376,21.3745,21.375,21.375,21.375,21.375,10
2024-04-29 18:32:00,6206,21.3631,21.37,21.365,21.37,21.36,83
2024-04-29 18:33:00,340,21.3607,21.36,21.36,21.36,21.36,17
2024-04-29 18:34:00,7814,21.35,21.36,21.35,21.36,21.34,89
2024-04-29 18:35:00,214,21.3503,21.35,21.35,21.35,21.35,17
2024-04-29 18:36:00,251,21.3463,21.345,21.345,21.345,21.345,12
2024-04-29 18:37:00,3053,21.345,21.345,21.345,21.345,21.34,45
2024-04-29 18:38:00,897,21.341,21.34,21.34,21.34,21.34,39
2024-04-29 18:39:00,960,21.3406,21.34,21.34,21.34,21.34,26
2024-04-29 18:40:00,952,21.3434,21.345,21.35,21.35,21.34,19
2024-04-29 18:41:00,1920,21.3436,21.345,21.34,21.35,21.34,45
2024-04-29 18:42:00,3144,21.3402,21.34,21.34,21.34,21.34,48
2024-04-29 18:43:00,7658,21.3315,21.34,21.31,21.345,21.31,115
2024-04-29 18:44:00,1260,21.3112,21.31,21.31,21.31,21.31,37
2024-04-29 18:45:00,4903,21.3227,21.315,21.33,21.33,21.315,55
2024-04-29 18:46:00,1435,21.3326,21.33,21.33,21.335,21.33,33
2024-04-29 18:47:00,2848,21.3299,21.33,21.33,21.33,21.33,54
2024-04-29 18:48:00,3758,21.3395,21.34,21.34,21.34,21.335,39
2024-04-29 18:50:00,374,21.3425,21.345,21.345,21.345,21.345,11
2024-04-29 18:51:00,1193,21.3408,21.345,21.35,21.35,21.345,18
2024-04-29 18:52:00,9011,21.3393,21.34,21.345,21.345,21.335,93
2024-04-29 18:53:00,227,21.3442,21.345,21.345,21.345,21.345,10
2024-04-29 18:54:00,911,21.3458,21.345,21.345,21.35,21.345,19
2024-04-29 18:55:00,534,21.3469,21.35,21.35,21.35,21.345,18
2024-04-29 18:56:00,5120,21.3503,21.345,21.36,21.36,21.345,55
2024-04-29 18:57:00,3857,21.3493,21.36,21.345,21.36,21.345,44
2024-04-29 18:58:00,1374,21.3453,21.345,21.345,21.345,21.345,16
2024-04-29 18:59:00,5941,21.339,21.345,21.32,21.345,21.32,86
2024-04-29 19:00:00,4744,21.3177,21.325,21.3,21.325,21.3,58
2024-04-29 19:01:00,3199,21.3094,21.305,21.315,21.315,21.3,33
2024-04-29 19:02:00,3839,21.3095,21.31,21.315,21.32,21.3,47
2024-04-29 19:03:00,1425,21.312,21.31,21.31,21.31,21.31,40
2024-04-29 19:04:00,2770,21.3106,21.31,21.31,21.31,21.31,48
2024-04-29 19:05:00,5157,21.3081,21.3,21.305,21.315,21.3,62
2024-04-29 19:06:00,777,21.311,21.305,21.305,21.305,21.305,19
2024-04-29 19:07:00,3360,21.3093,21.31,21.31,21.31,21.31,49
2024-04-29 19:08:00,3078,21.3097,21.31,21.305,21.31,21.305,32
2024-04-29 19:09:00,1448,21.3104,21.31,21.315,21.315,21.31,28
2024-04-29 19:10:00,2941,21.3106,21.315,21.31,21.315,21.31,42
2024-04-29 19:11:00,634,21.3089,21.31,21.305,21.31,21.305,22
2024-04-29 19:12:00,3894,21.3102,21.305,21.315,21.32,21.305,48
2024-04-29 19:13:00,488,21.3172,21.315,21.32,21.32,21.315,19
2024-04-29 19:14:00,9692,21.335,21.32,21.345,21.355,21.32,114
2024-04-29 19:15:00,5682,21.3394,21.34,21.35,21.35,21.33,78
2024-04-29 19:16:00,1394,21.3488,21.345,21.35,21.35,21.345,20
2024-04-29 19:17:00,953,21.3483,21.35,21.35,21.35,21.35,28
2024-04-29 19:18:00,1285,21.3483,21.35,21.35,21.35,21.345,24
2024-04-29 19:19:00,2864,21.3376,21.34,21.345,21.35,21.34,25
2024-04-29 19:20:00,9003,21.3388,21.35,21.33,21.35,21.33,83
2024-04-29 19:21:00,1269,21.3345,21.33,21.33,21.335,21.33,22
2024-04-29 19:22:00,947,21.3322,21.33,21.33,21.335,21.33,17
2024-04-29 19:23:00,5999,21.3349,21.335,21.335,21.335,21.335,48
2024-04-29 19:24:00,5036,21.3408,21.335,21.35,21.35,21.335,55
2024-04-29 19:25:00,7992,21.3502,21.35,21.35,21.355,21.345,87
2024-04-29 19:26:00,668,21.3498,21.35,21.35,21.35,21.3485,18
2024-04-29 19:27:00,2607,21.3484,21.35,21.35,21.35,21.345,39
2024-04-29 19:28:00,10119,21.3505,21.35,21.35,21.355,21.35,86
2024-04-29 19:29:00,1032,21.3494,21.35,21.35,21.35,21.345,31
2024-04-29 19:30:00,3105,21.3479,21.35,21.35,21.35,21.345,49
2024-04-29 19:31:00,6527,21.3531,21.345,21.36,21.36,21.345,90
2024-04-29 19:32:00,3795,21.3594,21.36,21.36,21.36,21.355,64
2024-04-29 19:33:00,9863,21.3684,21.36,21.37,21.375,21.36,120
2024-04-29 19:34:00,24531,21.3631,21.37,21.375,21.38,21.36,204
2024-04-29 19:35:00,2004,21.377,21.38,21.375,21.38,21.375,44
2024-04-29 19:36:00,2129,21.3795,21.38,21.38,21.38,21.38,44
2024-04-29 19:37:00,8194,21.3808,21.375,21.39,21.39,21.375,106
2024-04-29 19:38:00,2091,21.3845,21.385,21.385,21.385,21.385,45
2024-04-29 19:39:00,13788,21.381,21.385,21.385,21.385,21.38,126
2024-04-29 19:40:00,5109,21.3845,21.385,21.38,21.385,21.38,44
2024-04-29 19:41:00,2457,21.3843,21.385,21.385,21.385,21.38,38
2024-04-29 19:42:00,14187,21.3874,21.385,21.4,21.4,21.38,130
2024-04-29 19:43:00,6160,21.4005,21.4,21.405,21.41,21.395,82
2024-04-29 19:44:00,11703,21.3984,21.4,21.395,21.405,21.395,105
2024-04-29 19:45:00,6133,21.3933,21.395,21.395,21.395,21.39,60
2024-04-29 19:46:00,8380,21.4001,21.39,21.405,21.405,21.39,85
2024-04-29 19:47:00,3604,21.4046,21.405,21.405,21.405,21.4,34
2024-04-29 19:48:00,15689,21.3964,21.405,21.38,21.405,21.38,93
2024-04-29 19:49:00,4931,21.3845,21.39,21.38,21.39,21.38,95
2024-04-29 19:50:00,21941,21.3914,21.39,21.395,21.4,21.385,146
2024-04-29 19:51:00,47270,21.3999,21.4,21.395,21.41,21.395,256
2024-04-29 19:52:00,10697,21.402,21.4,21.4,21.41,21.395,113
2024-04-29 19:53:00,25192,21.397,21.405,21.395,21.405,21.39,139
2024-04-29 19:54:00,7607,21.3958,21.4,21.395,21.4,21.39,89
2024-04-29 19:55:00,123955,21.3976,21.395,21.38,21.41,21.38,576
2024-04-29 19:56:00,24170,21.3791,21.385,21.375,21.385,21.37,135
2024-04-29 19:57:00,70263,21.369,21.375,21.375,21.38,21.36,303
2024-04-29 19:58:00,92484,21.3838,21.38,21.4,21.4,21.37,370
2024-04-29 19:59:00,263998,21.3732,21.395,21.35,21.4,21.34,946
2024-04-29 20:00:00,109155,21.34,21.34,21.34,21.34,21.34,8
2024-04-30 13:30:00,11438,21.0456,21.04,21.07,21.22,21.04,21
2024-04-30 13:31:00,650,21.0712,21.075,21.04,21.09,21.04,19
2024-04-30 13:32:00,6233,21.0613,21.04,21.07,21.08,21.04,74
2024-04-30 13:33:00,1247,21.0664,21.06,21.08,21.08,21.06,24
2024-04-30 13:34:00,2774,21.0622,21.07,21.09,21.09,21.04,35
2024-04-30 13:35:00,2847,21.105,21.08,21.115,21.13,21.08,38
2024-04-30 13:36:00,2818,21.1284,21.115,21.13,21.15,21.11,40
2024-04-30 13:37:00,3456,21.115,21.125,21.11,21.13,21.11,57
2024-04-30 13:38:00,5161,21.1052,21.12,21.11,21.12,21.1,59
2024-04-30 13:39:00,9664,21.1045,21.1,21.13,21.14,21.08,122
2024-04-30 13:40:00,2105,21.1273,21.12,21.13,21.135,21.12,47
2024-04-30 13:41:00,835,21.1306,21.13,21.13,21.13,21.13,20
2024-04-30 13:42:00,973,21.1476,21.15,21.145,21.16,21.145,25
2024-04-30 13:43:00,1467,21.1596,21.16,21.17,21.17,21.15,52
2024-04-30 13:44:00,441,21.1922,21.2,21.2,21.2,21.2,18
2024-04-30 13:45:00,2472,21.1942,21.17,21.21,21.21,21.17,54
2024-04-30 13:46:00,4167,21.1864,21.205,21.18,21.205,21.18,78
2024-04-30 13:47:00,1584,21.1892,21.18,21.195,21.2,21.18,36
2024-04-30 13:48:00,2578,21.1916,21.2,21.175,21.2,21.17,51
2024-04-30 13:49:00,1358,21.163,21.175,21.15,21.175,21.15,50
2024-04-30 13:50:00,1169,21.1557,21.155,21.15,21.16,21.15,41
2024-04-30 13:51:00,5695,21.1527,21.15,21.16,21.17,21.135,85
2024-04-30 13:52:00,3710,21.1534,21.15,21.155,21.155,21.15,50
2024-04-30 13:53:00,2565,21.1566,21.15,21.17,21.17,21.14,61
2024-04-30 13:54:00,1578,21.1648,21.17,21.16,21.17,21.16,40
2024-04-30 13:55:00,1508,21.1481,21.155,21.145,21.155,21.14,39
2024-04-30 13:56:00,5372,21.1735,21.15,21.2,21.2,21.15,89
2024-04-30 13:57:00,5130,21.1897,21.195,21.18,21.195,21.18,45
2024-04-30 13:58:00,1069,21.1752,21.175,21.175,21.18,21.17,35
2024-04-30 13:59:00,2226,21.1866,21.175,21.195,21.195,21.175,42
2024-04-30 14:00:00,8229,21.1895,21.2,21.16,21.215,21.16,107
2024-04-30 14:01:00,1775,21.1668,21.16,21.17,21.17,21.16,57
2024-04-30 14:02:00,4364,21.1757,21.17,21.16,21.19,21.16,85
2024-04-30 14:03:00,1682,21.1602,21.16,21.17,21.17,21.16,54
2024-04-30 14:04:00,3259,21.1708,21.17,21.17,21.18,21.165,57
2024-04-30 14:05:00,2804,21.1627,21.17,21.155,21.17,21.155,68
2024-04-30 14:06:00,7254,21.1171,21.15,21.12,21.15,21.095,134
2024-04-30 14:07:00,1579,21.1083,21.11,21.1,21.11,21.1,60
2024-04-30 14:08:00,1833,21.1,21.11,21.105,21.11,21.095,61
2024-04-30 14:09:00,3047,21.094,21.105,21.08,21.11,21.08,62
2024-04-30 14:10:00,1402,21.0734,21.08,21.075,21.08,21.065,38
2024-04-30 14:11:00,2263,21.0757,21.08,21.08,21.08,21.075,31
2024-04-30 14:12:00,8883,21.0957,21.075,21.11,21.1197,21.07,100
2024-04-30 14:13:00,2554,21.1126,21.11,21.12,21.12,21.105,60
2024-04-30 14:14:00,7119,21.1036,21.12,21.095,21.12,21.09,115
2024-04-30 14:15:00,2075,21.087,21.095,21.085,21.095,21.08,44
2024-04-30 14:16:00,2279,21.096,21.09,21.1,21.1,21.09,47
2024-04-30 14:17:00,3663,21.1003,21.1,21.1,21.11,21.095,64
2024-04-30 14:18:00,387,21.1034,21.1,21.1,21.1,21.1,35
2024-04-30 14:19:00,1522,21.1076,21.105,21.115,21.115,21.1,45
2024-04-30 14:20:00,532,21.1144,21.12,21.12,21.12,21.12,38
2024-04-30 14:21:00,4421,21.1129,21.12,21.12,21.12,21.1,93
2024-04-30 14:22:00,3862,21.1395,21.13,21.14,21.15,21.13,62
2024-04-30 14:23:00,335,21.1336,21.135,21.13,21.135,21.13,27
2024-04-30 14:24:00,8065,21.1308,21.13,21.135,21.14,21.125,93
2024-04-30 14:25:00,721,21.1437,21.14,21.15,21.15,21.14,26
2024-04-30 14:26:00,4044,21.1355,21.145,21.12,21.1475,21.12,70
2024-04-30 14:27:00,2890,21.1207,21.12,21.13,21.13,21.11,57
2024-04-30 14:28:00,799,21.1285,21.125,21.13,21.13,21.125,36
2024-04-30 14:29:00,2646,21.133,21.135,21.14,21.14,21.125,56
2024-04-30 14:30:00,3180,21.134,21.14,21.1349,21.14,21.125,69
2024-04-30 14:31:00,1812,21.1302,21.13,21.135,21.135,21.13,56
2024-04-30 14:32:00,3237,21.1262,21.13,21.135,21.135,21.12,65
2024-04-30 14:33:00,2393,21.1273,21.135,21.12,21.135,21.12,58
2024-04-30 14:34:00,4448,21.1322,21.12,21.135,21.135,21.12,48
2024-04-30 14:35:00,574,21.1359,21.135,21.14,21.14,21.135,41
2024-04-30 14:36:00,2834,21.1383,21.14,21.135,21.145,21.13,60
2024-04-30 14:37:00,2928,21.1423,21.13,21.15,21.15,21.13,60
2024-04-30 14:38:00,917,21.1526,21.15,21.155,21.155,21.15,32
2024-04-30 14:39:00,3317,21.152,21.16,21.16,21.16,21.15,65
2024-04-30 14:40:00,1617,21.1618,21.16,21.165,21.165,21.16,39
2024-04-30 14:41:00,3207,21.1691,21.17,21.165,21.18,21.16,57
2024-04-30 14:42:00,987,21.1696,21.17,21.17,21.17,21.165,30
2024-04-30 14:43:00,321,21.1797,21.18,21.18,21.18,21.18,15
2024-04-30 14:44:00,2587,21.1669,21.18,21.16,21.18,21.16,62
2024-04-30 14:45:00,709,21.1668,21.165,21.17,21.17,21.165,32
2024-04-30 14:46:00,2052,21.1716,21.17,21.18,21.18,21.17,58
2024-04-30 14:47:00,4460,21.1605,21.175,21.15,21.175,21.15,59
2024-04-30 14:48:00,2947,21.1624,21.15,21.17,21.17,21.15,66
2024-04-30 14:49:00,391,21.1762,21.175,21.175,21.18,21.175,28
2024-04-30 14:50:00,1355,21.1806,21.18,21.18,21.18,21.18,47
2024-04-30 14:51:00,707,21.188,21.19,21.19,21.19,21.19,34
2024-04-30 14:52:00,2575,21.1778,21.18,21.17,21.18,21.17,44
2024-04-30 14:53:00,1520,21.1664,21.17,21.16,21.17,21.16,42
2024-04-30 14:54:00,738,21.1666,21.165,21.16,21.17,21.16,37
2024-04-30 14:55:00,1634,21.1591,21.16,21.15,21.165,21.15,53
2024-04-30 14:56:00,836,21.1541,21.15,21.155,21.155,21.15,36
2024-04-30 14:57:00,553,21.1509,21.15,21.15,21.15,21.15,43
2024-04-30 14:58:00,1404,21.1563,21.155,21.15,21.16,21.15,36
2024-04-30 14:59:00,1687,21.1614,21.155,21.165,21.17,21.155,43
2024-04-30 15:00:00,4556,21.1724,21.17,21.19,21.19,21.16,64
2024-04-30 15:01:00,80163,21.1933,21.19,21.22,21.22,21.185,396
2024-04-30 15:02:00,1872,21.2121,21.215,21.21,21.215,21.21,40
2024-04-30 15:03:00,662,21.2133,21.22,21.21,21.22,21.21,32
2024-04-30 15:04:00,2357,21.2246,21.22,21.23,21.23,21.22,46
2024-04-30 15:05:00,2604,21.2361,21.235,21.2475,21.2475,21.23,41
2024-04-30 15:06:00,5247,21.2346,21.24,21.22,21.25,21.215,86
2024-04-30 15:07:00,1538,21.2187,21.22,21.21,21.23,21.21,48
2024-04-30 15:08:00,5025,21.2136,21.21,21.22,21.22,21.205,72
2024-04-30 15:09:00,2439,21.1918,21.21,21.18,21.21,21.18,65
2024-04-30 15:10:00,1927,21.1821,21.175,21.19,21.19,21.175,38
2024-04-30 15:11:00,2048,21.1904,21.19,21.19,21.19,21.19,57
2024-04-30 15:12:00,2032,21.1789,21.18,21.175,21.18,21.175,57
2024-04-30 15:13:00,2237,21.184,21.175,21.185,21.19,21.175,59
2024-04-30 15:14:00,1829,21.1785,21.18,21.175,21.18,21.175,44
2024-04-30 15:15:00,8549,21.1872,21.175,21.185,21.19,21.175,116
2024-04-30 15:16:00,25611,21.177,21.185,21.17,21.185,21.165,135
2024-04-30 15:17:00,2373,21.1687,21.17,21.17,21.17,21.16,48
2024-04-30 15:18:00,2418,21.1835,21.175,21.19,21.19,21.175,27
2024-04-30 15:19:00,2799,21.1917,21.195,21.19,21.195,21.19,38
2024-04-30 15:20:00,326,21.1981,21.2,21.195,21.2,21.195,10
2024-04-30 15:21:00,1303,21.1936,21.195,21.195,21.2,21.19,22
2024-04-30 15:22:00,364,21.195,21.2,21.2,21.2,21.2,24
2024-04-30 15:23:00,2413,21.19,21.19,21.185,21.2,21.185,56
2024-04-30 15:24:00,451,21.1855,21.185,21.185,21.185,21.185,20
2024-04-30 15:25:00,2318,21.1889,21.18,21.195,21.195,21.18,43
2024-04-30 15:26:00,2550,21.1903,21.2,21.185,21.2,21.185,50
2024-04-30 15:27:00,1567,21.1898,21.185,21.195,21.195,21.185,37
2024-04-30 15:28:00,1307,21.188,21.19,21.185,21.195,21.185,36
2024-04-30 15:29:00,1853,21.1798,21.18,21.18,21.185,21.175,44
2024-04-30 15:30:00,3871,21.1899,21.185,21.185,21.195,21.185,65
2024-04-30 15:31:00,32356,21.1771,21.18,21.165,21.1875,21.165,171
2024-04-30 15:32:00,1947,21.1678,21.165,21.175,21.18,21.16,40
2024-04-30 15:33:00,2801,21.1705,21.175,21.16,21.175,21.16,44
2024-04-30 15:34:00,5112,21.1606,21.165,21.16,21.165,21.155,79
2024-04-30 15:35:00,1339,21.1692,21.16,21.175,21.175,21.16,29
2024-04-30 15:36:00,609,21.175,21.175,21.175,21.175,21.175,23
2024-04-30 15:37:00,938,21.1752,21.175,21.175,21.18,21.175,36
2024-04-30 15:38:00,2752,21.1779,21.18,21.175,21.185,21.175,49
2024-04-30 15:39:00,2510,21.1701,21.18,21.16,21.18,21.16,44
2024-04-30 15:40:00,1098,21.1693,21.17,21.17,21.17,21.17,43
2024-04-30 15:41:00,253,21.1755,21.175,21.175,21.175,21.175,9
2024-04-30 15:42:00,4722,21.1662,21.175,21.155,21.175,21.155,83
2024-04-30 15:43:00,1050,21.1577,21.16,21.16,21.16,21.155,34
2024-04-30 15:44:00,790,21.1554,21.155,21.15,21.155,21.15,31
2024-04-30 15:45:00,2458,21.1503,21.16,21.14,21.16,21.14,36
2024-04-30 15:46:00,4722,21.1419,21.145,21.12,21.155,21.12,70
2024-04-30 15:47:00,4209,21.1186,21.115,21.115,21.12,21.115,60
2024-04-30 15:48:00,3335,21.1227,21.12,21.13,21.13,21.115,62
2024-04-30 15:49:00,507,21.1363,21.14,21.14,21.14,21.14,29
2024-04-30 15:50:00,4617,21.1314,21.135,21.14,21.14,21.13,83
2024-04-30 15:51:00,322,21.1364,21.14,21.135,21.14,21.135,20
2024-04-30 15:52:00,4474,21.1293,21.135,21.13,21.135,21.125,62
2024-04-30 15:53:00,1037,21.1328,21.14,21.135,21.14,21.13,37
2024-04-30 15:54:00,828,21.1329,21.135,21.13,21.135,21.13,45
2024-04-30 15:55:00,552,21.135,21.14,21.135,21.14,21.13,33
2024-04-30 15:56:00,1052,21.1349,21.135,21.135,21.14,21.13,30
2024-04-30 15:57:00,2348,21.1304,21.13,21.13,21.13,21.13,50
2024-04-30 15:58:00,903,21.1349,21.135,21.13,21.14,21.13,38
2024-04-30 15:59:00,3285,21.1282,21.13,21.125,21.13,21.12,67
2024-04-30 16:00:00,3215,21.1153,21.12,21.11,21.12,21.11,55
2024-04-30 16:01:00,3102,21.1202,21.11,21.12,21.13,21.11,61
2024-04-30 16:02:00,785,21.125,21.125,21.125,21.125,21.125,32
2024-04-30 16:03:00,2124,21.13,21.13,21.135,21.135,21.12,60
2024-04-30 16:04:00,1958,21.142,21.135,21.145,21.145,21.135,41
2024-04-30 16:05:00,593,21.1441,21.145,21.14,21.1475,21.14,35
2024-04-30 16:06:00,4220,21.1369,21.14,21.12,21.145,21.12,68
2024-04-30 16:07:00,3303,21.1306,21.13,21.13,21.135,21.125,49
2024-04-30 16:08:00,780,21.1347,21.13,21.135,21.14,21.13,25
2024-04-30 16:09:00,663,21.1321,21.135,21.13,21.135,21.13,34
2024-04-30 16:10:00,1039,21.1357,21.135,21.135,21.14,21.135,36
2024-04-30 16:11:00,6788,21.131,21.14,21.125,21.14,21.12,99
2024-04-30 16:12:00,3633,21.1191,21.125,21.12,21.125,21.11,69
2024-04-30 16:13:00,1400,21.1203,21.12,21.125,21.125,21.12,32
2024-04-30 16:14:00,793,21.1233,21.125,21.125,21.125,21.125,19
2024-04-30 16:15:00,4897,21.1289,21.125,21.14,21.14,21.125,73
2024-04-30 16:16:00,2973,21.1476,21.14,21.15,21.155,21.14,57
2024-04-30 16:17:00,342,21.1443,21.145,21.14,21.1475,21.14,17
2024-04-30 16:18:00,1175,21.1441,21.145,21.145,21.1475,21.14,29
2024-04-30 16:19:00,658,21.1436,21.145,21.145,21.145,21.145,21
2024-04-30 16:20:00,1705,21.1446,21.14,21.145,21.15,21.14,30
2024-04-30 16:21:00,2366,21.1454,21.145,21.145,21.15,21.14,56
2024-04-30 16:22:00,963,21.1454,21.14,21.145,21.15,21.14,37
2024-04-30 16:23:00,14192,21.1421,21.145,21.145,21.155,21.13,149
2024-04-30 16:24:00,1319,21.1336,21.14,21.135,21.14,21.13,32
2024-04-30 16:25:00,450,21.1363,21.135,21.135,21.135,21.135,26
2024-04-30 16:26:00,722,21.135,21.135,21.135,21.14,21.13,27
2024-04-30 16:27:00,1686,21.1304,21.13,21.135,21.135,21.13,47
2024-04-30 16:28:00,389,21.135,21.135,21.135,21.135,21.135,29
2024-04-30 16:29:00,2299,21.1331,21.135,21.13,21.14,21.13,51
2024-04-30 16:30:00,1573,21.1313,21.125,21.135,21.135,21.125,42
2024-04-30 16:31:00,1245,21.1362,21.135,21.135,21.14,21.13,43
2024-04-30 16:32:00,1044,21.1327,21.13,21.14,21.14,21.13,39
2024-04-30 16:33:00,6322,21.1286,21.13,21.12,21.135,21.12,82
2024-04-30 16:34:00,7673,21.119,21.12,21.12,21.125,21.115,87
2024-04-30 16:35:00,751,21.1252,21.12,21.125,21.13,21.12,36
2024-04-30 16:36:00,5115,21.1312,21.13,21.14,21.14,21.13,52
2024-04-30 16:37:00,2618,21.1388,21.135,21.145,21.145,21.135,37
2024-04-30 16:38:00,2078,21.142,21.145,21.14,21.145,21.14,53
2024-04-30 16:39:00,1814,21.1402,21.145,21.14,21.145,21.14,34
2024-04-30 16:40:00,551,21.135,21.14,21.135,21.14,21.135,33
2024-04-30 16:41:00,2794,21.1407,21.14,21.145,21.145,21.135,44
2024-04-30 16:42:00,16898,21.1511,21.145,21.16,21.17,21.14,149
2024-04-30 16:43:00,200,21.1523,21.15,21.15,21.15,21.15,20
2024-04-30 16:44:00,679,21.1549,21.16,21.15,21.16,21.15,23
2024-04-30 16:45:00,6406,21.1478,21.15,21.14,21.15,21.14,63
2024-04-30 16:46:00,1487,21.1468,21.145,21.145,21.148,21.1425,27
2024-04-30 16:47:00,2183,21.1441,21.14,21.145,21.15,21.14,38
2024-04-30 16:48:00,1226,21.1443,21.145,21.145,21.145,21.14,32
2024-04-30 16:49:00,1036,21.1444,21.145,21.145,21.145,21.14,36
2024-04-30 16:50:00,1527,21.1432,21.145,21.14,21.145,21.14,37
2024-04-30 16:51:00,4505,21.1409,21.14,21.145,21.145,21.13,58
2024-04-30 16:52:00,557,21.145,21.145,21.145,21.145,21.145,18
2024-04-30 16:53:00,747,21.1474,21.145,21.15,21.15,21.145,27
2024-04-30 16:54:00,659,21.1488,21.15,21.15,21.15,21.15,27
2024-04-30 16:55:00,838,21.1474,21.15,21.15,21.15,21.145,29
2024-04-30 16:56:00,1045,21.1487,21.15,21.15,21.15,21.145,24
2024-04-30 16:57:00,3368,21.152,21.15,21.155,21.16,21.15,46
2024-04-30 16:58:00,2165,21.1545,21.16,21.15,21.16,21.15,57
2024-04-30 16:59:00,4315,21.1514,21.155,21.155,21.155,21.145,69
2024-04-30 17:00:00,2433,21.1493,21.15,21.15,21.15,21.15,43
2024-04-30 17:01:00,422,21.1438,21.14,21.145,21.145,21.14,10
2024-04-30 17:02:00,724,21.145,21.145,21.145,21.15,21.14,24
2024-04-30 17:03:00,1942,21.1507,21.145,21.155,21.155,21.145,34
2024-04-30 17:04:00,1228,21.1557,21.155,21.155,21.155,21.155,35
2024-04-30 17:05:00,7764,21.1479,21.155,21.145,21.155,21.14,74
2024-04-30 17:06:00,457,21.1461,21.14,21.14,21.14,21.14,22
2024-04-30 17:07:00,699,21.145,21.14,21.145,21.15,21.14,26
2024-04-30 17:08:00,754,21.1457,21.145,21.15,21.15,21.14,26
2024-04-30 17:09:00,1617,21.1438,21.14,21.14,21.145,21.14,35
2024-04-30 17:10:00,1512,21.1445,21.145,21.145,21.15,21.14,31
2024-04-30 17:11:00,1135,21.144,21.145,21.145,21.145,21.14,31
2024-04-30 17:12:00,2445,21.1407,21.145,21.13,21.145,21.13,54
2024-04-30 17:13:00,1741,21.1325,21.14,21.13,21.14,21.13,48
2024-04-30 17:14:00,908,21.1359,21.13,21.14,21.14,21.13,29
2024-04-30 17:15:00,2031,21.1332,21.1363,21.135,21.1363,21.13,41
2024-04-30 17:16:00,3148,21.1396,21.13,21.145,21.145,21.13,50
2024-04-30 17:17:00,2845,21.1435,21.147,21.14,21.147,21.14,53
2024-04-30 17:18:00,1440,21.1444,21.145,21.145,21.15,21.14,37
2024-04-30 17:19:00,4624,21.1497,21.145,21.155,21.155,21.145,70
2024-04-30 17:21:00,284,21.1568,21.16,21.16,21.16,21.16,20
2024-04-30 17:23:00,461,21.1566,21.155,21.16,21.16,21.155,36
2024-04-30 17:24:00,3077,21.1509,21.16,21.15,21.16,21.145,74
2024-04-30 17:25:00,2143,21.1435,21.15,21.145,21.15,21.14,34
2024-04-30 17:26:00,775,21.1414,21.14,21.14,21.14,21.14,28
2024-04-30 17:27:00,2398,21.1402,21.14,21.13,21.145,21.13,45
2024-04-30 17:28:00,650,21.131,21.135,21.13,21.135,21.13,31
2024-04-30 17:29:00,1670,21.1267,21.13,21.12,21.13,21.12,41
2024-04-30 17:30:00,2155,21.1111,21.12,21.1,21.12,21.1,51
2024-04-30 17:31:00,553,21.1021,21.105,21.1,21.105,21.1,29
2024-04-30 17:32:00,5778,21.0999,21.11,21.095,21.11,21.095,92
2024-04-30 17:33:00,624,21.0937,21.1,21.09,21.1,21.09,36
2024-04-30 17:34:00,1996,21.0881,21.09,21.075,21.09,21.075,32
2024-04-30 17:35:00,4378,21.0808,21.0725,21.09,21.09,21.0725,45
2024-04-30 17:36:00,951,21.0918,21.09,21.095,21.095,21.09,37
2024-04-30 17:38:00,3933,21.1001,21.1,21.095,21.105,21.095,60
2024-04-30 17:39:00,2118,21.0923,21.095,21.095,21.095,21.09,44
2024-04-30 17:40:00,3194,21.0886,21.09,21.085,21.095,21.085,54
2024-04-30 17:41:00,886,21.0771,21.08,21.08,21.08,21.075,25
2024-04-30 17:42:00,558,21.0701,21.07,21.07,21.07,21.07,19
2024-04-30 17:43:00,746,21.0729,21.07,21.07,21.08,21.07,20
2024-04-30 17:44:00,803,21.0747,21.075,21.075,21.075,21.07,21
2024-04-30 17:45:00,2242,21.0694,21.075,21.065,21.075,21.065,56
2024-04-30 17:46:00,11757,21.0748,21.07,21.065,21.085,21.065,115
2024-04-30 17:47:00,518,21.066,21.065,21.065,21.065,21.065,22
2024-04-30 17:48:00,2173,21.0677,21.07,21.07,21.07,21.065,35
2024-04-30 17:49:00,421,21.0667,21.065,21.07,21.07,21.065,24
2024-04-30 17:50:00,2533,21.072,21.07,21.075,21.08,21.07,46
2024-04-30 17:51:00,945,21.0772,21.075,21.075,21.08,21.075,22
2024-04-30 17:52:00,1513,21.0753,21.075,21.08,21.08,21.07,40
2024-04-30 17:54:00,1108,21.0754,21.075,21.075,21.08,21.075,32
2024-04-30 17:55:00,3686,21.0685,21.07,21.07,21.07,21.065,78
2024-04-30 17:56:00,1851,21.064,21.065,21.06,21.065,21.06,30
2024-04-30 17:57:00,884,21.063,21.065,21.065,21.065,21.06,38
2024-04-30 17:58:00,1286,21.0638,21.065,21.065,21.065,21.06,33
2024-04-30 17:59:00,2196,21.0579,21.06,21.055,21.06,21.05,59
2024-04-30 18:00:00,966,21.0507,21.05,21.055,21.055,21.05,35
2024-04-30 18:01:00,2188,21.0529,21.055,21.055,21.055,21.05,49
2024-04-30 18:02:00,5143,21.0602,21.05,21.06,21.065,21.05,73
2024-04-30 18:03:00,3078,21.0609,21.065,21.05,21.065,21.05,57
2024-04-30 18:04:00,2289,21.0588,21.06,21.06,21.06,21.055,45
2024-04-30 18:05:00,3349,21.0584,21.06,21.055,21.06,21.055,23
2024-04-30 18:07:00,970,21.0544,21.055,21.055,21.055,21.055,17
2024-04-30 18:08:00,2602,21.0514,21.05,21.055,21.06,21.05,48
2024-04-30 18:09:00,2392,21.0489,21.05,21.04,21.05,21.04,62
2024-04-30 18:10:00,4406,21.0407,21.045,21.04,21.05,21.035,68
2024-04-30 18:11:00,909,21.0408,21.04,21.04,21.04,21.04,31
2024-04-30 18:12:00,1502,21.0401,21.04,21.04,21.04,21.04,58
2024-04-30 18:13:00,782,21.0409,21.04,21.045,21.045,21.04,32
2024-04-30 18:14:00,2865,21.0387,21.04,21.045,21.045,21.03,64
2024-04-30 18:15:00,954,21.0438,21.045,21.04,21.045,21.04,42
2024-04-30 18:16:00,1890,21.0433,21.045,21.04,21.045,21.04,46
2024-04-30 18:17:00,870,21.0441,21.045,21.04,21.05,21.04,26
2024-04-30 18:18:00,4187,21.0415,21.04,21.045,21.045,21.035,69
2024-04-30 18:19:00,737,21.0409,21.045,21.04,21.045,21.04,40
2024-04-30 18:20:00,2785,21.0417,21.04,21.045,21.045,21.04,67
2024-04-30 18:21:00,1191,21.0401,21.04,21.04,21.04,21.04,40
2024-04-30 18:22:00,2214,21.0397,21.04,21.03,21.045,21.03,49
2024-04-30 18:23:00,1187,21.0305,21.03,21.03,21.035,21.03,39
2024-04-30 18:24:00,2406,21.0303,21.03,21.03,21.035,21.03,61
2024-04-30 18:25:00,4505,21.0392,21.03,21.045,21.045,21.03,66
2024-04-30 18:26:00,2397,21.0405,21.045,21.035,21.045,21.035,50
2024-04-30 18:27:00,239,21.0308,21.03,21.03,21.03,21.03,15
2024-04-30 18:28:00,2747,21.0326,21.04,21.03,21.04,21.03,56
2024-04-30 18:29:00,1459,21.0203,21.02,21.02,21.02,21.02,47
2024-04-30 18:30:00,738,21.0131,21.01,21.01,21.01,21.01,31
2024-04-30 18:31:00,1801,21.0134,21.01,21.015,21.015,21.01,41
2024-04-30 18:32:00,3033,21.0201,21.011,21.025,21.025,21.011,57
2024-04-30 18:33:00,481,21.022,21.025,21.02,21.025,21.02,14
2024-04-30 18:34:00,1155,21.0239,21.025,21.0275,21.0275,21.025,23
2024-04-30 18:35:00,4912,21.0291,21.0203,21.035,21.035,21.0203,68
2024-04-30 18:36:00,1107,21.0345,21.035,21.035,21.035,21.035,32
2024-04-30 18:38:00,1599,21.0345,21.035,21.03,21.04,21.03,42
2024-04-30 18:39:00,731,21.0324,21.03,21.03,21.035,21.03,29
2024-04-30 18:40:00,2062,21.027,21.03,21.02,21.03,21.02,70
2024-04-30 18:41:00,7740,21.0202,21.02,21.02,21.025,21.015,98
2024-04-30 18:43:00,1211,21.0142,21.015,21.015,21.015,21.015,28
2024-04-30 18:44:00,3187,21.0192,21.015,21.02,21.025,21.015,66
2024-04-30 18:45:00,1103,21.0244,21.025,21.025,21.025,21.025,13
2024-04-30 18:46:00,3717,21.02,21.02,21.025,21.025,21.015,85
2024-04-30 18:47:00,856,21.024,21.025,21.025,21.025,21.025,20
2024-04-30 18:48:00,2832,21.0194,21.025,21.01,21.025,21.01,57
2024-04-30 18:49:00,2881,21.0102,21.01,21.015,21.015,21.005,43
2024-04-30 18:50:00,4829,21.0098,21.01,21.005,21.015,21.005,66
2024-04-30 18:51:00,508,21.0002,21.0,21.0,21.0,21.0,32
2024-04-30 18:52:00,2208,21.0033,21.0,21.0,21.01,21.0,51
2024-04-30 18:53:00,4504,20.9992,21.0,20.99,21.0,20.99,75
2024-04-30 18:54:00,1380,20.9923,20.99,20.995,21.0,20.99,34
2024-04-30 18:55:00,6507,20.9968,20.99,21.0,21.0,20.99,91
2024-04-30 18:56:00,3927,21.0021,21.0,21.005,21.005,21.0,38
2024-04-30 18:57:00,1011,21.0044,21.01,21.005,21.01,21.005,38
2024-04-30 18:58:00,7187,21.0128,21.005,21.015,21.02,21.0,82
2024-04-30 18:59:00,927,21.0134,21.015,21.015,21.015,21.015,40
2024-04-30 19:00:00,3128,21.0092,21.015,21.005,21.015,21.0,52
2024-04-30 19:01:00,895,21.0047,21.005,21.005,21.005,21.005,14
2024-04-30 19:02:00,2183,21.0042,21.005,21.0,21.005,21.0,39
2024-04-30 19:03:00,1099,21.0043,21.005,21.005,21.01,21.0,27
2024-04-30 19:04:00,1774,21.0037,21.005,21.005,21.005,21.005,49
2024-04-30 19:05:00,881,21.0007,21.0,21.0,21.005,21.0,40
2024-04-30 19:06:00,1843,21.0052,21.005,21.005,21.01,21.005,37
2024-04-30 19:07:00,1077,21.0052,21.005,21.0,21.01,21.0,39
2024-04-30 19:08:00,1940,21.0051,21.005,21.005,21.01,21.0,44
2024-04-30 19:09:00,844,21.0053,21.005,21.005,21.01,21.0,34
2024-04-30 19:10:00,6103,21.0112,21.005,21.015,21.02,21.005,80
2024-04-30 19:11:00,12086,21.0017,21.015,20.99,21.015,20.99,123
2024-04-30 19:12:00,1176,20.991,20.99,20.99,20.99,20.99,25
2024-04-30 19:13:00,2406,20.9907,20.995,20.985,20.995,20.985,40
2024-04-30 19:14:00,461,20.9844,20.985,20.98,20.985,20.98,37
2024-04-30 19:15:00,5218,20.9812,20.98,20.97,20.985,20.97,88
2024-04-30 19:16:00,928,20.9734,20.97,20.97,20.975,20.97,35
2024-04-30 19:17:00,2007,20.9733,20.97,20.97,20.98,20.97,41
2024-04-30 19:18:00,4738,20.9687,20.975,20.96,20.975,20.96,73
2024-04-30 19:19:00,1937,20.9608,20.96,20.96,20.965,20.96,42
2024-04-30 19:20:00,4553,20.9611,20.96,20.95,20.96,20.95,57
2024-04-30 19:21:00,2769,20.9525,20.95,20.95,20.9599,20.95,52
2024-04-30 19:22:00,5049,20.9487,20.95,20.94,20.955,20.94,90
2024-04-30 19:23:00,3287,20.9373,20.94,20.935,20.94,20.93,57
2024-04-30 19:24:00,7591,20.94,20.935,20.945,20.945,20.935,70
2024-04-30 19:25:00,1563,20.946,20.945,20.945,20.95,20.945,33
2024-04-30 19:26:00,438,20.9439,20.94,20.94,20.94,20.94,34
2024-04-30 19:27:00,1021,20.9455,20.945,20.945,20.945,20.945,33
2024-04-30 19:28:00,13403,20.95,20.945,20.945,20.96,20.945,157
2024-04-30 19:29:00,1470,20.9436,20.94,20.945,20.945,20.94,39
2024-04-30 19:30:00,1389,20.9444,20.94,20.94,20.945,20.94,33
2024-04-30 19:31:00,4391,20.9386,20.945,20.935,20.945,20.935,83
2024-04-30 19:32:00,2184,20.9352,20.935,20.935,20.94,20.93,45
2024-04-30 19:33:00,12430,20.9424,20.94,20.945,20.95,20.93,123
2024-04-30 19:34:00,8159,20.9405,20.945,20.94,20.945,20.94,91
2024-04-30 19:35:00,4288,20.9401,20.94,20.935,20.945,20.93,58
2024-04-30 19:36:00,4523,20.9319,20.93,20.93,20.935,20.93,67
2024-04-30 19:37:00,4778,20.9212,20.92,20.925,20.93,20.92,32
2024-04-30 19:38:00,3656,20.922,20.925,20.92,20.925,20.92,61
2024-04-30 19:39:00,5875,20.9186,20.92,20.91,20.925,20.91,72
2024-04-30 19:40:00,13073,20.9214,20.915,20.93,20.93,20.915,82
2024-04-30 19:41:00,1603,20.9251,20.925,20.925,20.93,20.925,27
2024-04-30 19:42:00,3814,20.9247,20.925,20.93,20.93,20.92,59
2024-04-30 19:43:00,3043,20.9227,20.925,20.92,20.925,20.92,42
2024-04-30 19:44:00,11202,20.9196,20.925,20.92,20.925,20.915,117
2024-04-30 19:45:00,3223,20.9155,20.92,20.915,20.92,20.91,46
2024-04-30 19:46:00,4255,20.9157,20.91,20.915,20.92,20.91,59
2024-04-30 19:47:00,29810,20.9251,20.915,20.94,20.95,20.91,189
2024-04-30 19:48:00,15064,20.9397,20.945,20.93,20.95,20.93,91
2024-04-30 19:49:00,32653,20.9451,20.935,20.95,20.955,20.93,186
2024-04-30 19:50:00,5989,20.9449,20.94,20.945,20.95,20.94,69
2024-04-30 19:51:00,21157,20.9521,20.945,20.97,20.97,20.94,207
2024-04-30 19:52:00,13751,20.9594,20.97,20.965,20.97,20.96,116
2024-04-30 19:53:00,7829,20.9687,20.97,20.97,20.97,20.965,133
2024-04-30 19:54:00,28245,20.9779,20.97,20.9875,20.9875,20.97,256
2024-04-30 19:55:00,35903,20.9812,20.985,20.985,20.9875,20.975,231
2024-04-30 19:56:00,24138,20.9763,20.985,20.97,20.985,20.97,162
2024-04-30 19:57:00,20106,20.973,20.97,20.97,20.98,20.97,179
2024-04-30 19:58:00,34189,20.9636,20.975,20.955,20.975,20.95,302
2024-04-30 19:59:00,128588,20.9734,20.955,20.99,20.99,20.95,590
2024-04-30 20:00:00,22138,20.99,20.99,20.99,20.99,20.99,10
2024-04-30 20:02:00,15560,20.9901,20.99,20.99,20.99,20.99,2
2024-05-01 13:30:00,6373,20.9359,20.93,20.965,20.98,20.93,19
2024-05-01 13:32:00,9776,21.0244,20.99,21.03,21.05,20.99,59
2024-05-01 13:33:00,6350,21.0026,21.02,21.03,21.03,20.96,61
2024-05-01 13:34:00,1211,21.0388,21.02,21.06,21.06,21.02,21
2024-05-01 13:35:00,2095,21.0446,21.05,21.04,21.05,21.04,23
2024-05-01 13:36:00,3308,21.0195,21.03,21.015,21.03,21.01,40
2024-05-01 13:37:00,128,21.0141,21.015,21.015,21.015,21.015,10
2024-05-01 13:38:00,207,21.0148,21.015,21.015,21.015,21.015,3
2024-05-01 13:39:00,3662,20.994,21.01,20.985,21.01,20.985,45
2024-05-01 13:40:00,1259,20.9816,20.985,20.98,20.99,20.98,17
2024-05-01 13:41:00,687,20.97,20.97,20.97,20.97,20.97,7
2024-05-01 13:42:00,1798,20.9583,20.96,20.955,20.96,20.955,16
2024-05-01 13:43:00,2553,20.9646,20.96,20.96,20.97,20.96,36
2024-05-01 13:44:00,707,20.9699,20.97,20.97,20.97,20.97,9
2024-05-01 13:45:00,3451,20.975,20.99,20.96,21.01,20.96,43
2024-05-01 13:46:00,1933,20.9613,20.97,20.97,20.97,20.955,33
2024-05-01 13:47:00,1197,20.9807,20.98,20.98,20.98,20.98,29
2024-05-01 13:48:00,7426,21.0005,20.972,21.02,21.02,20.972,63
2024-05-01 13:49:00,8441,21.0198,21.025,21.02,21.03,21.005,100
2024-05-01 13:50:00,431,21.0286,21.03,21.03,21.03,21.03,12
2024-05-01 13:51:00,723,21.0378,21.04,21.035,21.04,21.035,19
2024-05-01 13:52:00,3338,21.0603,21.05,21.06,21.065,21.05,59
2024-05-01 13:53:00,1291,21.0757,21.07,21.08,21.08,21.07,32
2024-05-01 13:54:00,3208,21.0947,21.09,21.09,21.1,21.09,51
2024-05-01 13:55:00,2327,21.0834,21.09,21.07,21.09,21.07,45
2024-05-01 13:56:00,2280,21.0665,21.08,21.07,21.08,21.06,29
2024-05-01 13:57:00,573,21.0793,21.08,21.08,21.08,21.08,15
2024-05-01 13:58:00,1731,21.0781,21.08,21.07,21.08,21.07,30
2024-05-01 13:59:00,963,21.0713,21.07,21.07,21.07,21.07,20
2024-05-01 14:00:00,1840,21.0593,21.07,21.05,21.07,21.05,37
2024-05-01 14:01:00,1850,21.057,21.05,21.06,21.06,21.05,37
2024-05-01 14:02:00,609,21.0692,21.065,21.07,21.07,21.065,18
2024-05-01 14:03:00,2930,21.0675,21.08,21.075,21.08,21.05,42
2024-05-01 14:04:00,571,21.0728,21.075,21.07,21.075,21.07,13
2024-05-01 14:05:00,845,21.0842,21.08,21.09,21.09,21.08,19
2024-05-01 14:06:00,398,21.0934,21.095,21.095,21.095,21.095,12
2024-05-01 14:07:00,1546,21.0916,21.09,21.095,21.095,21.09,35
2024-05-01 14:08:00,3129,21.11,21.095,21.115,21.12,21.095,46
2024-05-01 14:10:00,1333,21.1092,21.11,21.105,21.11,21.105,40
2024-05-01 14:12:00,2118,21.0972,21.1,21.095,21.1,21.09,29
2024-05-01 14:13:00,2566,21.0977,21.095,21.1,21.105,21.09,60
2024-05-01 14:14:00,2748,21.1007,21.095,21.105,21.11,21.095,50
2024-05-01 14:15:00,465,21.1046,21.105,21.105,21.105,21.105,14
2024-05-01 14:16:00,8145,21.0961,21.105,21.0847,21.105,21.08,74
2024-05-01 14:17:00,12538,21.102,21.08,21.1244,21.135,21.06,110
2024-05-01 14:18:00,1290,21.1133,21.12,21.115,21.12,21.11,25
2024-05-01 14:19:00,753,21.1112,21.11,21.11,21.11,21.11,16
2024-05-01 14:20:00,2362,21.1165,21.11,21.12,21.12,21.11,54
2024-05-01 14:21:00,413,21.119,21.125,21.125,21.125,21.125,11
2024-05-01 14:22:00,1678,21.1063,21.12,21.105,21.12,21.1,29
2024-05-01 14:23:00,1010,21.1124,21.11,21.115,21.115,21.11,22
2024-05-01 14:24:00,896,21.1093,21.11,21.11,21.11,21.11,29
2024-05-01 14:25:00,1715,21.0949,21.1,21.095,21.1,21.09,26
2024-05-01 14:26:00,759,21.0949,21.095,21.095,21.095,21.095,16
2024-05-01 14:27:00,1977,21.1066,21.1,21.115,21.12,21.1,33
2024-05-01 14:28:00,1096,21.1293,21.12,21.135,21.135,21.12,21
2024-05-01 14:29:00,184,21.1326,21.13,21.13,21.13,21.13,7
2024-05-01 14:30:00,2361,21.1246,21.13,21.125,21.13,21.115,37
2024-05-01 14:31:00,5427,21.1284,21.125,21.13,21.135,21.12,67
2024-05-01 14:32:00,807,21.1304,21.13,21.13,21.13,21.13,18
2024-05-01 14:33:00,3734,21.1426,21.13,21.155,21.16,21.125,49
2024-05-01 14:34:00,2380,21.1448,21.155,21.135,21.155,21.135,32
2024-05-01 14:35:00,1225,21.132,21.135,21.13,21.135,21.13,23
2024-05-01 14:36:00,1808,21.113,21.12,21.11,21.12,21.11,28
2024-05-01 14:37:00,4926,21.1049,21.11,21.125,21.125,21.095,69
2024-05-01 14:38:00,644,21.1273,21.13,21.13,21.13,21.13,21
2024-05-01 14:40:00,1139,21.1288,21.13,21.125,21.131,21.125,23
2024-05-01 14:41:00,2050,21.1335,21.13,21.135,21.14,21.13,35
2024-05-01 14:44:00,1448,21.1468,21.135,21.16,21.16,21.135,28
2024-05-01 14:45:00,878,21.1734,21.17,21.18,21.18,21.17,24
2024-05-01 14:46:00,1773,21.1779,21.185,21.17,21.185,21.17,25
2024-05-01 14:47:00,2211,21.1686,21.155,21.175,21.175,21.155,32
2024-05-01 14:48:00,3115,21.1788,21.18,21.18,21.18,21.175,43
2024-05-01 14:49:00,369,21.1784,21.18,21.175,21.18,21.175,8
2024-05-01 14:50:00,203,21.1727,21.17,21.17,21.17,21.17,13
2024-05-01 14:51:00,8666,21.1969,21.175,21.21,21.21,21.175,99
2024-05-01 14:52:00,1899,21.2001,21.205,21.195,21.205,21.195,33
2024-05-01 14:53:00,1950,21.2005,21.2,21.2,21.2,21.2,25
2024-05-01 14:54:00,4198,21.1964,21.2,21.19,21.2,21.19,56
2024-05-01 14:55:00,1169,21.1855,21.19,21.175,21.19,21.175,27
2024-05-01 14:56:00,3250,21.1739,21.17,21.185,21.185,21.165,44
2024-05-01 14:57:00,2935,21.2009,21.2,21.2,21.21,21.19,41
2024-05-01 14:59:00,270,21.2064,21.21,21.21,21.21,21.21,8
2024-05-01 15:00:00,1500,21.2014,21.205,21.195,21.2099,21.195,34
2024-05-01 15:01:00,3207,21.2009,21.195,21.2,21.21,21.195,45
2024-05-01 15:02:00,3461,21.2104,21.21,21.21,21.215,21.21,54
2024-05-01 15:03:00,3907,21.2069,21.21,21.215,21.215,21.2,59
2024-05-01 15:04:00,1894,21.2099,21.21,21.21,21.215,21.205,28
2024-05-01 15:05:00,2192,21.2186,21.21,21.22,21.225,21.21,40
2024-05-01 15:06:00,315,21.2187,21.22,21.2185,21.22,21.2185,23
2024-05-01 15:07:00,1638,21.22,21.22,21.22,21.22,21.215,33
2024-05-01 15:08:00,938,21.219,21.2197,21.2197,21.2197,21.2197,6
2024-05-01 15:09:00,356,21.2164,21.215,21.22,21.22,21.215,5
2024-05-01 15:10:00,2081,21.2127,21.21,21.22,21.22,21.21,36
2024-05-01 15:11:00,482,21.2149,21.215,21.215,21.22,21.215,12
2024-05-01 15:14:00,166,21.2118,21.21,21.21,21.21,21.21,10
2024-05-01 15:15:00,374,21.2146,21.215,21.215,21.215,21.215,17
2024-05-01 15:16:00,1239,21.2117,21.21,21.215,21.215,21.21,27
2024-05-01 15:17:00,3592,21.2105,21.21,21.215,21.22,21.205,49
2024-05-01 15:18:00,488,21.2148,21.215,21.215,21.215,21.215,12
2024-05-01 15:19:00,288,21.215,21.215,21.215,21.215,21.215,7
2024-05-01 15:21:00,217,21.2177,21.22,21.22,21.22,21.22,7
2024-05-01 15:22:00,1108,21.2151,21.215,21.215,21.215,21.215,30
2024-05-01 15:23:00,5148,21.1973,21.21,21.175,21.21,21.17,65
2024-05-01 15:24:00,220,21.1747,21.175,21.175,21.175,21.175,6
2024-05-01 15:25:00,320,21.1714,21.17,21.17,21.17,21.17,7
2024-05-01 15:26:00,327,21.1739,21.175,21.175,21.175,21.175,13
2024-05-01 15:27:00,138,21.1749,21.175,21.175,21.175,21.175,5
2024-05-01 15:28:00,341,21.175,21.175,21.175,21.175,21.175,16
2024-05-01 15:29:00,847,21.1754,21.175,21.175,21.175,21.175,23
2024-05-01 15:30:00,4878,21.1824,21.175,21.185,21.19,21.17,62
2024-05-01 15:31:00,347,21.185,21.185,21.185,21.185,21.185,16
2024-05-01 15:32:00,5115,21.1898,21.185,21.185,21.195,21.185,74
2024-05-01 15:33:00,2156,21.1891,21.19,21.18,21.19,21.18,40
2024-05-01 15:34:00,1592,21.19,21.19,21.19,21.19,21.19,31
2024-05-01 15:35:00,303,21.1918,21.19,21.19,21.19,21.19,12
2024-05-01 15:36:00,1473,21.1902,21.19,21.19,21.19,21.19,26
2024-05-01 15:37:00,2674,21.1848,21.18,21.19,21.19,21.175,45
2024-05-01 15:38:00,1018,21.1882,21.19,21.185,21.19,21.18,30
2024-05-01 15:39:00,1328,21.1888,21.19,21.185,21.19,21.185,43
2024-05-01 15:40:00,1599,21.1807,21.18,21.18,21.18,21.18,45
2024-05-01 15:41:00,3203,21.1802,21.18,21.175,21.185,21.175,68
2024-05-01 15:42:00,15439,21.1799,21.175,21.18,21.185,21.175,90
2024-05-01 15:43:00,441,21.1739,21.17,21.175,21.175,21.17,14
2024-05-01 15:44:00,465,21.1766,21.175,21.175,21.175,21.175,17
2024-05-01 15:46:00,478,21.1732,21.1725,21.175,21.175,21.17,15
2024-05-01 15:47:00,569,21.1732,21.175,21.17,21.175,21.17,19
2024-05-01 15:48:00,360,21.1718,21.17,21.175,21.175,21.17,11
2024-05-01 15:49:00,4653,21.1606,21.17,21.15,21.17,21.15,69
2024-05-01 15:50:00,1770,21.1423,21.145,21.145,21.145,21.1401,20
2024-05-01 15:51:00,1308,21.1421,21.14,21.14,21.145,21.14,24
2024-05-01 15:52:00,6763,21.1627,21.15,21.17,21.18,21.15,110
2024-05-01 15:53:00,1958,21.1668,21.17,21.165,21.17,21.16,31
2024-05-01 15:54:00,3726,21.1676,21.17,21.175,21.175,21.16,76
2024-05-01 15:56:00,775,21.1619,21.165,21.16,21.165,21.16,24
2024-05-01 15:59:00,499,21.1658,21.165,21.165,21.165,21.165,16
2024-05-01 16:00:00,4413,21.1542,21.16,21.15,21.16,21.145,59
2024-05-01 16:02:00,561,21.1519,21.15,21.15,21.15,21.15,11
2024-05-01 16:05:00,5360,21.1641,21.16,21.17,21.18,21.16,69
2024-05-01 16:07:00,252,21.1795,21.18,21.18,21.18,21.18,9
2024-05-01 16:08:00,2560,21.1791,21.18,21.185,21.185,21.18,40
2024-05-01 16:09:00,1432,21.1843,21.185,21.185,21.185,21.18,23
2024-05-01 16:10:00,529,21.1838,21.185,21.185,21.185,21.185,9
2024-05-01 16:11:00,667,21.1884,21.1896,21.185,21.1896,21.185,12
2024-05-01 16:12:00,8936,21.1869,21.185,21.205,21.205,21.175,112
2024-05-01 16:13:00,814,21.2054,21.205,21.205,21.205,21.205,15
2024-05-01 16:16:00,730,21.2036,21.2,21.2,21.205,21.2,13
2024-05-01 16:17:00,2388,21.2004,21.205,21.2,21.205,21.2,36
2024-05-01 16:18:00,217,21.1974,21.195,21.195,21.195,21.195,7
2024-05-01 16:19:00,4141,21.1984,21.19,21.2,21.21,21.19,43
2024-05-01 16:20:00,559,21.2049,21.205,21.205,21.205,21.205,9
2024-05-01 16:22:00,932,21.2029,21.205,21.205,21.205,21.205,14
2024-05-01 16:23:00,454,21.2064,21.205,21.205,21.205,21.205,12
2024-05-01 16:24:00,9745,21.2256,21.21,21.23,21.235,21.21,100
2024-05-01 16:25:00,3281,21.2294,21.23,21.23,21.23,21.225,37
2024-05-01 16:26:00,5424,21.2407,21.23,21.245,21.25,21.23,48
2024-05-01 16:27:00,2138,21.233,21.24,21.215,21.24,21.215,28
2024-05-01 16:28:00,1862,21.2184,21.22,21.205,21.22,21.205,31
2024-05-01 16:29:00,666,21.1992,21.2,21.2,21.2,21.2,14
2024-05-01 16:30:00,3149,21.2016,21.195,21.2,21.2,21.195,36
2024-05-01 16:32:00,485,21.19,21.19,21.19,21.19,21.19,11
2024-05-01 16:33:00,964,21.1809,21.18,21.18,21.18,21.18,19
2024-05-01 16:35:00,3411,21.191,21.18,21.195,21.2,21.18,40
2024-05-01 16:36:00,1646,21.19,21.19,21.19,21.19,21.19,22
2024-05-01 16:37:00,293,21.1867,21.19,21.185,21.19,21.185,8
2024-05-01 16:38:00,522,21.1891,21.185,21.185,21.185,21.185,6
2024-05-01 16:39:00,1538,21.1808,21.185,21.18,21.185,21.18,26
2024-05-01 16:40:00,275,21.1751,21.175,21.175,21.175,21.175,11
2024-05-01 16:43:00,652,21.1774,21.175,21.175,21.18,21.175,13
2024-05-01 16:44:00,1004,21.1747,21.175,21.175,21.175,21.175,17
2024-05-01 16:45:00,2969,21.1625,21.175,21.15,21.175,21.15,44
2024-05-01 16:46:00,988,21.1362,21.14,21.13,21.14,21.13,18
2024-05-01 16:47:00,1085,21.1291,21.13,21.125,21.13,21.125,25
2024-05-01 16:48:00,7509,21.1193,21.12,21.115,21.12,21.115,78
2024-05-01 16:49:00,696,21.1224,21.12,21.12,21.12,21.12,10
2024-05-01 16:50:00,226,21.12,21.12,21.12,21.12,21.12,3
2024-05-01 16:51:00,5484,21.1004,21.12,21.085,21.12,21.085,70
2024-05-01 16:52:00,3831,21.0941,21.085,21.1,21.1,21.085,45
2024-05-01 16:53:00,421,21.1005,21.1,21.1,21.1,21.1,7
2024-05-01 16:54:00,1959,21.1011,21.095,21.11,21.11,21.09,27
2024-05-01 16:55:00,311,21.1184,21.12,21.115,21.12,21.115,6
2024-05-01 16:56:00,1893,21.1222,21.12,21.12,21.13,21.12,33
2024-05-01 16:57:00,300,21.1192,21.115,21.115,21.115,21.115,2
2024-05-01 16:58:00,3492,21.1109,21.115,21.105,21.12,21.105,34
2024-05-01 17:00:00,110,21.1009,21.1,21.1,21.1,21.1,2
2024-05-01 17:01:00,435,21.0973,21.1,21.09,21.1,21.09,8
2024-05-01 17:03:00,3898,21.0823,21.075,21.095,21.1,21.0701,47
2024-05-01 17:05:00,537,21.0997,21.0997,21.0997,21.0997,21.0997,5
2024-05-01 17:06:00,151,21.09,21.09,21.09,21.09,21.09,5
2024-05-01 17:08:00,1890,21.088,21.09,21.08,21.09,21.08,28
2024-05-01 17:09:00,2345,21.0799,21.08,21.08,21.08,21.08,38
2024-05-01 17:12:00,1211,21.0779,21.08,21.07,21.08,21.07,17
2024-05-01 17:13:00,390,21.0728,21.065,21.065,21.065,21.065,4
2024-05-01 17:14:00,133,21.0652,21.065,21.065,21.065,21.065,5
2024-05-01 17:15:00,209,21.065,21.065,21.065,21.065,21.065,3
2024-05-01 17:16:00,908,21.0716,21.07,21.08,21.08,21.07,16
2024-05-01 17:17:00,1351,21.0707,21.07,21.075,21.075,21.07,21
2024-05-01 17:21:00,967,21.0726,21.075,21.075,21.075,21.075,14
2024-05-01 17:22:00,137,21.0749,21.075,21.075,21.075,21.075,9
2024-05-01 17:23:00,169,21.0788,21.08,21.08,21.08,21.08,12
2024-05-01 17:24:00,5046,21.0754,21.075,21.065,21.08,21.065,72
2024-05-01 17:25:00,2203,21.0586,21.06,21.055,21.06,21.05,30
2024-05-01 17:26:00,377,21.0504,21.05,21.05,21.05,21.05,12
2024-05-01 17:27:00,9509,21.0555,21.05,21.065,21.065,21.05,85
2024-05-01 17:31:00,3314,21.0749,21.07,21.075,21.085,21.07,51
2024-05-01 17:32:00,1907,21.078,21.075,21.075,21.08,21.075,29
2024-05-01 17:33:00,1599,21.0912,21.085,21.095,21.1,21.085,35
2024-05-01 17:35:00,183,21.0961,21.095,21.095,21.095,21.095,10
2024-05-01 17:36:00,695,21.099,21.1,21.1,21.1,21.095,12
2024-05-01 17:37:00,779,21.1019,21.1,21.11,21.11,21.1,20
2024-05-01 17:38:00,2524,21.0993,21.1,21.1,21.1,21.1,38
2024-05-01 17:39:00,611,21.0931,21.095,21.095,21.095,21.09,15
2024-05-01 17:40:00,2068,21.0895,21.09,21.09,21.09,21.085,33
2024-05-01 17:42:00,253,21.0881,21.082,21.082,21.082,21.082,14
2024-05-01 17:43:00,2299,21.0808,21.0848,21.08,21.085,21.075,29
2024-05-01 17:44:00,3978,21.0701,21.07,21.075,21.075,21.06,47
2024-05-01 17:45:00,3743,21.0712,21.07,21.075,21.08,21.065,51
2024-05-01 17:47:00,611,21.0692,21.07,21.065,21.07,21.065,15
2024-05-01 17:48:00,1275,21.0717,21.07,21.08,21.08,21.07,19
2024-05-01 17:49:00,470,21.0742,21.075,21.075,21.075,21.075,9
2024-05-01 17:52:00,376,21.0748,21.075,21.075,21.075,21.075,12
2024-05-01 17:53:00,269,21.075,21.075,21.075,21.075,21.075,6
2024-05-01 17:54:00,6299,21.071,21.075,21.06,21.08,21.055,71
2024-05-01 17:55:00,995,21.0502,21.05,21.05,21.05,21.05,29
2024-05-01 17:56:00,3553,21.0532,21.05,21.055,21.06,21.05,43
2024-05-01 17:57:00,1933,21.0614,21.07,21.06,21.07,21.06,44
2024-05-01 17:59:00,1030,21.049,21.05,21.05,21.05,21.045,22
2024-05-01 18:00:00,3631,21.0654,21.05,21.08,21.08,21.05,63
2024-05-01 18:01:00,1544,21.0713,21.08,21.07,21.08,21.07,29
2024-05-01 18:02:00,784,21.0789,21.08,21.08,21.08,21.08,18
2024-05-01 18:03:00,1989,21.0801,21.081,21.085,21.085,21.075,32
2024-05-01 18:04:00,3227,21.0978,21.09,21.115,21.115,21.09,55
2024-05-01 18:05:00,2756,21.1058,21.115,21.105,21.115,21.1,43
2024-05-01 18:07:00,2975,21.0993,21.1,21.105,21.105,21.095,32
2024-05-01 18:08:00,3800,21.1092,21.105,21.11,21.11,21.105,56
2024-05-01 18:09:00,666,21.1124,21.12,21.12,21.12,21.12,8
2024-05-01 18:10:00,765,21.1113,21.11,21.11,21.11,21.11,15
2024-05-01 18:11:00,717,21.1086,21.105,21.105,21.105,21.105,6
2024-05-01 18:12:00,4235,21.1158,21.11,21.125,21.13,21.105,55
2024-05-01 18:13:00,515,21.1259,21.125,21.125,21.125,21.125,11
2024-05-01 18:14:00,1667,21.1195,21.12,21.12,21.12,21.12,17
2024-05-01 18:17:00,243,21.115,21.115,21.115,21.115,21.115,5
2024-05-01 18:18:00,491,21.116,21.115,21.12,21.12,21.115,8
2024-05-01 18:19:00,2177,21.1211,21.115,21.12,21.13,21.115,27
2024-05-01 18:20:00,2478,21.1153,21.12,21.105,21.12,21.105,38
2024-05-01 18:21:00,1563,21.1086,21.1,21.095,21.1,21.095,17
2024-05-01 18:22:00,5049,21.1033,21.1,21.105,21.11,21.1,65
2024-05-01 18:23:00,384,21.1039,21.105,21.105,21.105,21.105,10
2024-05-01 18:24:00,12114,21.1022,21.105,21.115,21.115,21.1,92
2024-05-01 18:25:00,563,21.1131,21.12,21.12,21.12,21.12,11
2024-05-01 18:26:00,3750,21.1197,21.12,21.1109,21.13,21.11,42
2024-05-01 18:27:00,245,21.1155,21.115,21.115,21.115,21.115,8
2024-05-01 18:28:00,364,21.1102,21.1101,21.1101,21.1101,21.1101,6
2024-05-01 18:29:00,713,21.1168,21.12,21.115,21.12,21.115,18
2024-05-01 18:31:00,7405,21.0801,21.11,21.06,21.11,21.06,109
2024-05-01 18:32:00,3180,21.0639,21.06,21.065,21.07,21.055,36
2024-05-01 18:33:00,8012,21.0675,21.06,21.1,21.11,21.06,96
2024-05-01 18:34:00,2907,21.1232,21.11,21.13,21.13,21.11,40
2024-05-01 18:35:00,7358,21.0964,21.13,21.08,21.13,21.08,68
2024-05-01 18:36:00,4984,21.0978,21.085,21.125,21.125,21.08,67
2024-05-01 18:37:00,1514,21.1214,21.11,21.12,21.13,21.11,34
2024-05-01 18:38:00,789,21.1412,21.13,21.155,21.155,21.13,22
2024-05-01 18:39:00,4518,21.1524,21.15,21.16,21.16,21.145,63
2024-05-01 18:40:00,2426,21.1802,21.17,21.2,21.2,21.17,40
2024-05-01 18:41:00,2133,21.204,21.2,21.215,21.22,21.2,27
2024-05-01 18:42:00,1650,21.2083,21.21,21.2,21.21,21.2,30
2024-05-01 18:43:00,3397,21.2204,21.21,21.22,21.23,21.21,60
2024-05-01 18:44:00,4294,21.1567,21.215,21.22,21.22,21.215,24
2024-05-01 18:45:00,3109,21.2159,21.22,21.2,21.22,21.2,30
2024-05-01 18:46:00,350,21.21,21.21,21.21,21.21,21.21,11
2024-05-01 18:47:00,4921,21.2042,21.2,21.21,21.21,21.195,56
2024-05-01 18:48:00,2873,21.2238,21.22,21.22,21.23,21.22,36
2024-05-01 18:49:00,2461,21.216,21.21,21.22,21.22,21.205,28
2024-05-01 18:51:00,1184,21.2213,21.225,21.22,21.225,21.22,23
2024-05-01 18:52:00,862,21.2169,21.215,21.21,21.22,21.21,15
2024-05-01 18:53:00,1093,21.2032,21.21,21.195,21.21,21.195,16
2024-05-01 18:54:00,101,21.195,21.195,21.195,21.195,21.195,2
2024-05-01 18:55:00,762,21.1989,21.195,21.2,21.2,21.195,13
2024-05-01 18:56:00,2483,21.1889,21.19,21.185,21.19,21.18,32
2024-05-01 18:57:00,8686,21.1966,21.18,21.195,21.21,21.18,111
2024-05-01 18:59:00,936,21.1965,21.2,21.19,21.2,21.19,21
2024-05-01 19:00:00,4845,21.211,21.2,21.215,21.22,21.2,64
2024-05-01 19:02:00,7037,21.2036,21.21,21.185,21.21,21.185,77
2024-05-01 19:03:00,3477,21.1758,21.18,21.18,21.19,21.165,46
2024-05-01 19:04:00,1938,21.165,21.18,21.155,21.18,21.15,34
2024-05-01 19:05:00,5340,21.149,21.15,21.16,21.161,21.14,63
2024-05-01 19:06:00,2222,21.1554,21.16,21.16,21.16,21.15,38
2024-05-01 19:07:00,855,21.1609,21.16,21.17,21.17,21.16,17
2024-05-01 19:08:00,1774,21.1732,21.165,21.18,21.18,21.165,28
2024-05-01 19:09:00,1216,21.1691,21.18,21.17,21.18,21.17,23
2024-05-01 19:10:00,10555,21.1789,21.165,21.17,21.19,21.165,108
2024-05-01 19:11:00,737,21.1715,21.17,21.17,21.18,21.17,18
2024-05-01 19:12:00,2975,21.155,21.16,21.15,21.16,21.15,37
2024-05-01 19:13:00,4030,21.1568,21.145,21.16,21.17,21.145,59
2024-05-01 19:14:00,2657,21.1602,21.165,21.16,21.165,21.155,44
2024-05-01 19:15:00,1458,21.1602,21.155,21.155,21.17,21.155,22
2024-05-01 19:16:00,2442,21.1501,21.155,21.145,21.155,21.145,40
2024-05-01 19:17:00,407,21.1408,21.14,21.14,21.14,21.14,17
2024-05-01 19:18:00,1619,21.1321,21.135,21.13,21.14,21.13,31
2024-05-01 19:19:00,4724,21.1385,21.13,21.145,21.15,21.13,74
2024-05-01 19:20:00,4451,21.1394,21.14,21.14,21.145,21.135,66
2024-05-01 19:21:00,2114,21.1311,21.13,21.135,21.135,21.13,30
2024-05-01 19:22:00,4094,21.1455,21.14,21.15,21.15,21.135,66
2024-05-01 19:23:00,7578,21.1625,21.145,21.175,21.175,21.145,96
2024-05-01 19:24:00,859,21.1766,21.18,21.18,21.18,21.18,13
2024-05-01 19:25:00,724,21.1885,21.19,21.19,21.19,21.185,10
2024-05-01 19:26:00,7180,21.1905,21.19,21.19,21.2,21.19,77
2024-05-01 19:27:00,597,21.1859,21.185,21.19,21.19,21.185,15
2024-05-01 19:28:00,11107,21.1664,21.18,21.15,21.18,21.15,100
2024-05-01 19:29:00,3650,21.1508,21.15,21.15,21.16,21.145,48
2024-05-01 19:30:00,12932,21.1364,21.14,21.125,21.14,21.12,116
2024-05-01 19:31:00,3663,21.13,21.125,21.14,21.14,21.125,34
2024-05-01 19:32:00,13487,21.116,21.13,21.115,21.14,21.11,121
2024-05-01 19:33:00,7721,21.1162,21.11,21.105,21.12,21.105,95
2024-05-01 19:34:00,3656,21.0969,21.105,21.09,21.105,21.09,35
2024-05-01 19:35:00,8543,21.0855,21.08,21.09,21.09,21.08,71
2024-05-01 19:36:00,3045,21.0874,21.09,21.08,21.095,21.08,41
2024-05-01 19:37:00,3043,21.081,21.08,21.075,21.09,21.075,38
2024-05-01 19:38:00,2916,21.069,21.07,21.07,21.07,21.06,36
2024-05-01 19:39:00,3462,21.0606,21.0641,21.065,21.065,21.055,50
2024-05-01 19:40:00,9449,21.0599,21.06,21.06,21.065,21.055,96
2024-05-01 19:41:00,856,21.0647,21.065,21.07,21.07,21.06,19
2024-05-01 19:42:00,718,21.0643,21.06,21.06,21.07,21.06,9
2024-05-01 19:43:00,17318,21.0742,21.065,21.08,21.085,21.065,153
2024-05-01 19:44:00,3095,21.0799,21.08,21.08,21.08,21.08,49
2024-05-01 19:45:00,3136,21.0711,21.07,21.08,21.08,21.065,45
2024-05-01 19:46:00,10192,21.079,21.075,21.07,21.09,21.07,95
2024-05-01 19:47:00,11239,21.0699,21.07,21.065,21.08,21.065,98
2024-05-01 19:48:00,3544,21.0602,21.07,21.055,21.07,21.05,48
2024-05-01 19:49:00,16080,21.0614,21.06,21.065,21.07,21.055,104
2024-05-01 19:50:00,5686,21.0649,21.06,21.065,21.07,21.06,79
2024-05-01 19:51:00,13794,21.0606,21.065,21.055,21.07,21.055,120
2024-05-01 19:52:00,7037,21.0479,21.06,21.05,21.06,21.04,81
2024-05-01 19:53:00,18857,21.0381,21.045,21.03,21.05,21.03,146
2024-05-01 19:54:00,6885,21.0337,21.035,21.03,21.04,21.03,81
2024-05-01 19:55:00,28302,21.0297,21.03,21.025,21.035,21.02,151
2024-05-01 19:56:00,32149,21.0304,21.02,21.04,21.05,21.02,182
2024-05-01 19:57:00,33559,21.0514,21.045,21.06,21.06,21.045,233
2024-05-01 19:58:00,11741,21.0583,21.055,21.055,21.06,21.05,134
2024-05-01 19:59:00,71602,21.0679,21.06,21.07,21.08,21.055,352
2024-05-01 20:00:00,12708,21.07,21.07,21.07,21.07,21.07,6
2024-05-02 08:23:00,200,21.75,21.75,21.75,21.75,21.75,2
2024-05-02 08:24:00,144,21.75,21.75,21.75,21.75,21.75,2
2024-05-02 08:32:00,995,21.9,21.9,21.9,21.9,21.9,1
2024-05-02 13:29:00,2052,21.5642,21.57,21.56,21.57,21.56,11
2024-05-02 13:30:00,16631,21.6117,21.59,21.66,21.72,21.57,71
2024-05-02 13:31:00,5724,21.7359,21.68,21.74,21.78,21.675,54
2024-05-02 13:32:00,4851,21.7326,21.75,21.7,21.76,21.7,67
2024-05-02 13:33:00,1648,21.6747,21.71,21.64,21.71,21.64,42
2024-05-02 13:34:00,6381,21.6397,21.64,21.6,21.66,21.59,67
2024-05-02 13:35:00,11778,21.5697,21.59,21.52,21.61,21.52,114
2024-05-02 13:36:00,9678,21.539,21.53,21.54,21.56,21.52,94
2024-05-02 13:37:00,2305,21.551,21.55,21.55,21.555,21.55,35
2024-05-02 13:38:00,5639,21.5587,21.5575,21.52,21.575,21.52,67
2024-05-02 13:39:00,1242,21.5044,21.505,21.5,21.505,21.5,24
2024-05-02 13:40:00,20954,21.5226,21.5,21.53,21.545,21.4875,215
2024-05-02 13:41:00,1990,21.5367,21.52,21.54,21.54,21.52,32
2024-05-02 13:42:00,1998,21.5405,21.535,21.54,21.545,21.535,39
2024-05-02 13:43:00,2154,21.524,21.53,21.535,21.535,21.51,36
2024-05-02 13:44:00,1463,21.5202,21.52,21.52,21.525,21.515,25
2024-05-02 13:45:00,5719,21.5483,21.5175,21.55,21.56,21.5175,70
2024-05-02 13:46:00,1875,21.5479,21.55,21.55,21.55,21.54,32
2024-05-02 13:47:00,2393,21.5521,21.56,21.55,21.56,21.54,41
2024-05-02 13:48:00,1731,21.5596,21.555,21.565,21.565,21.555,35
2024-05-02 13:49:00,3990,21.5616,21.56,21.555,21.575,21.55,55
2024-05-02 13:50:00,2380,21.5458,21.55,21.54,21.56,21.54,34
2024-05-02 13:51:00,2312,21.5494,21.54,21.56,21.56,21.54,42
2024-05-02 13:52:00,1754,21.537,21.545,21.525,21.55,21.525,43
2024-05-02 13:53:00,4362,21.5127,21.52,21.53,21.53,21.5,56
2024-05-02 13:54:00,3249,21.5412,21.54,21.56,21.56,21.53,54
2024-05-02 13:55:00,6252,21.5773,21.56,21.585,21.59,21.56,76
2024-05-02 13:56:00,3200,21.5695,21.58,21.57,21.58,21.56,53
2024-05-02 13:57:00,8895,21.5473,21.565,21.54,21.57,21.53,107
2024-05-02 13:58:00,25651,21.5462,21.54,21.565,21.57,21.53,225
2024-05-02 13:59:00,16088,21.5939,21.565,21.62,21.62,21.565,153
2024-05-02 14:00:00,5147,21.6044,21.61,21.61,21.62,21.595,52
2024-05-02 14:01:00,9565,21.5913,21.61,21.55,21.62,21.55,116
2024-05-02 14:02:00,5297,21.5561,21.56,21.53,21.57,21.53,70
2024-05-02 14:03:00,13055,21.5081,21.52,21.54,21.54,21.5,91
2024-05-02 14:04:00,10521,21.5463,21.535,21.55,21.56,21.535,131
2024-05-02 14:05:00,6497,21.569,21.555,21.56,21.58,21.555,70
2024-05-02 14:06:00,9636,21.5476,21.57,21.54,21.57,21.53,102
2024-05-02 14:07:00,3082,21.5187,21.535,21.515,21.54,21.505,48
2024-05-02 14:08:00,5415,21.5365,21.51,21.54,21.55,21.51,52
2024-05-02 14:09:00,2926,21.5241,21.53,21.505,21.53,21.505,40
2024-05-02 14:10:00,15828,21.5155,21.5,21.52,21.53,21.49,97
2024-05-02 14:11:00,5865,21.527,21.53,21.5,21.54,21.5,57
2024-05-02 14:12:00,7963,21.5044,21.5,21.52,21.53,21.495,87
2024-05-02 14:13:00,6673,21.5249,21.52,21.525,21.53,21.515,88
2024-05-02 14:14:00,5611,21.5239,21.53,21.525,21.54,21.51,53
2024-05-02 14:15:00,4707,21.5223,21.53,21.515,21.53,21.515,77
2024-05-02 14:16:00,2492,21.5252,21.52,21.53,21.54,21.52,34
2024-05-02 14:17:00,4782,21.5293,21.53,21.54,21.54,21.525,60
2024-05-02 14:18:00,3130,21.5384,21.53,21.54,21.54,21.53,42
2024-05-02 14:19:00,4315,21.5372,21.545,21.53,21.5475,21.53,55
2024-05-02 14:20:00,2689,21.5309,21.5375,21.54,21.54,21.52,41
2024-05-02 14:21:00,3014,21.5485,21.535,21.56,21.56,21.535,60
2024-05-02 14:22:00,2668,21.5692,21.57,21.575,21.575,21.565,47
2024-05-02 14:23:00,4525,21.5922,21.58,21.6,21.6,21.58,61
2024-05-02 14:24:00,2119,21.6097,21.6,21.615,21.62,21.6,38
2024-05-02 14:25:00,1633,21.6273,21.62,21.63,21.63,21.62,30
2024-05-02 14:26:00,1468,21.6325,21.63,21.635,21.64,21.63,40
2024-05-02 14:27:00,1264,21.6346,21.63,21.63,21.6375,21.63,27
2024-05-02 14:28:00,977,21.6365,21.64,21.635,21.64,21.635,22
2024-05-02 14:29:00,11918,21.638,21.63,21.65,21.655,21.63,157
2024-05-02 14:30:00,3207,21.6418,21.655,21.62,21.655,21.62,56
2024-05-02 14:31:00,2923,21.6273,21.62,21.63,21.63,21.62,53
2024-05-02 14:32:00,1865,21.6279,21.63,21.625,21.63,21.6225,28
2024-05-02 14:33:00,6067,21.6344,21.625,21.635,21.64,21.625,85
2024-05-02 14:34:00,12052,21.6329,21.635,21.64,21.64,21.62,152
2024-05-02 14:35:00,3931,21.6402,21.65,21.64,21.65,21.635,53
2024-05-02 14:36:00,4310,21.6448,21.635,21.655,21.66,21.635,56
2024-05-02 14:37:00,480,21.6549,21.655,21.655,21.6575,21.655,22
2024-05-02 14:38:00,1204,21.6533,21.655,21.655,21.655,21.655,28
2024-05-02 14:39:00,6317,21.6512,21.65,21.655,21.66,21.645,97
2024-05-02 14:40:00,5440,21.664,21.6575,21.655,21.67,21.655,78
2024-05-02 14:41:00,1605,21.6602,21.665,21.655,21.665,21.655,50
2024-05-02 14:42:00,2656,21.6593,21.665,21.645,21.665,21.645,54
2024-05-02 14:43:00,987,21.6367,21.64,21.63,21.64,21.63,34
2024-05-02 14:44:00,8584,21.6284,21.635,21.625,21.635,21.62,129
2024-05-02 14:45:00,3233,21.6324,21.63,21.64,21.64,21.625,54
2024-05-02 14:46:00,2277,21.665,21.655,21.67,21.67,21.655,44
2024-05-02 14:47:00,27013,21.688,21.68,21.715,21.72,21.675,167
2024-05-02 14:48:00,5589,21.7126,21.72,21.7,21.73,21.7,78
2024-05-02 14:49:00,6693,21.7179,21.705,21.72,21.72,21.705,100
2024-05-02 14:50:00,2503,21.7136,21.715,21.715,21.715,21.71,42
2024-05-02 14:51:00,1687,21.7183,21.72,21.715,21.725,21.715,37
2024-05-02 14:52:00,872,21.7083,21.71,21.7175,21.7175,21.71,34
2024-05-02 14:53:00,9569,21.6977,21.71,21.7,21.71,21.685,135
2024-05-02 14:54:00,1287,21.7044,21.705,21.705,21.71,21.705,31
2024-05-02 14:55:00,5216,21.6969,21.71,21.695,21.71,21.69,65
2024-05-02 14:56:00,1314,21.6943,21.695,21.695,21.695,21.69,35
2024-05-02 14:57:00,18240,21.691,21.69,21.695,21.7,21.69,67
2024-05-02 14:58:00,8519,21.6924,21.7,21.685,21.705,21.68,92
2024-05-02 14:59:00,1186,21.6855,21.69,21.68,21.69,21.68,29
2024-05-02 15:00:00,6880,21.6801,21.68,21.68,21.69,21.675,110
2024-05-02 15:01:00,1697,21.6794,21.685,21.67,21.685,21.67,42
2024-05-02 15:02:00,6031,21.6701,21.67,21.67,21.67,21.66,96
2024-05-02 15:03:00,3765,21.6757,21.672,21.675,21.68,21.672,48
2024-05-02 15:04:00,4498,21.6817,21.675,21.695,21.7,21.675,79
2024-05-02 15:05:00,8416,21.6861,21.695,21.685,21.6975,21.68,72
2024-05-02 15:06:00,8846,21.687,21.685,21.695,21.7,21.675,129
2024-05-02 15:07:00,4870,21.6999,21.695,21.705,21.705,21.695,69
2024-05-02 15:08:00,2169,21.7077,21.705,21.705,21.71,21.705,48
2024-05-02 15:09:00,2350,21.7054,21.705,21.705,21.71,21.7,45
2024-05-02 15:10:00,388,21.7031,21.705,21.705,21.705,21.705,22
2024-05-02 15:11:00,1420,21.6903,21.705,21.7,21.705,21.7,24
2024-05-02 15:12:00,3933,21.7072,21.705,21.715,21.72,21.705,66
2024-05-02 15:13:00,9871,21.7278,21.72,21.7402,21.7402,21.715,146
2024-05-02 15:14:00,1434,21.7448,21.74,21.745,21.7475,21.74,42
2024-05-02 15:15:00,14521,21.7394,21.74,21.77,21.77,21.725,174
2024-05-02 15:16:00,9868,21.7587,21.775,21.725,21.7794,21.725,91
2024-05-02 15:17:00,5772,21.7046,21.725,21.695,21.73,21.69,77
2024-05-02 15:18:00,1803,21.6915,21.69,21.685,21.695,21.68,35
2024-05-02 15:19:00,600,21.6853,21.68,21.68,21.68,21.68,19
2024-05-02 15:20:00,3084,21.6825,21.685,21.675,21.69,21.675,45
2024-05-02 15:21:00,487,21.6678,21.665,21.66,21.665,21.66,23
2024-05-02 15:22:00,6766,21.6543,21.66,21.645,21.66,21.645,81
2024-05-02 15:23:00,1594,21.6411,21.645,21.635,21.645,21.635,35
2024-05-02 15:24:00,6825,21.6376,21.635,21.635,21.64,21.63,83
2024-05-02 15:25:00,2056,21.6394,21.635,21.645,21.645,21.635,40
2024-05-02 15:26:00,9059,21.6427,21.6475,21.63,21.66,21.63,114
2024-05-02 15:27:00,1970,21.629,21.63,21.62,21.63,21.62,34
2024-05-02 15:28:00,2023,21.6196,21.625,21.615,21.625,21.615,32
2024-05-02 15:29:00,1174,21.615,21.615,21.61,21.615,21.61,36
2024-05-02 15:30:00,9027,21.6327,21.61,21.635,21.645,21.61,126
2024-05-02 15:31:00,471,21.6361,21.63,21.63,21.63,21.63,19
2024-05-02 15:32:00,4898,21.6251,21.63,21.625,21.63,21.615,72
2024-05-02 15:33:00,5048,21.6132,21.625,21.605,21.625,21.605,74
2024-05-02 15:34:00,3020,21.6081,21.605,21.61,21.61,21.605,61
2024-05-02 15:35:00,2608,21.6172,21.62,21.615,21.62,21.615,40
2024-05-02 15:36:00,2446,21.6191,21.6198,21.62,21.62,21.615,35
2024-05-02 15:37:00,918,21.6248,21.625,21.625,21.625,21.625,17
2024-05-02 15:38:00,8982,21.6177,21.62,21.605,21.62,21.605,120
2024-05-02 15:39:00,6048,21.607,21.6074,21.605,21.6074,21.605,26
2024-05-02 15:40:00,9519,21.6137,21.6,21.6,21.62,21.6,120
2024-05-02 15:41:00,2511,21.6101,21.605,21.605,21.605,21.6,34
2024-05-02 15:42:00,5212,21.6042,21.6075,21.59,21.61,21.59,75
2024-05-02 15:43:00,3907,21.5918,21.595,21.59,21.598,21.585,61
2024-05-02 15:44:00,889,21.5949,21.59,21.59,21.6,21.59,23
2024-05-02 15:45:00,2532,21.603,21.595,21.61,21.61,21.595,45
2024-05-02 15:46:00,600,21.6034,21.605,21.605,21.605,21.605,19
2024-05-02 15:47:00,3730,21.5957,21.6,21.58,21.6,21.58,56
2024-05-02 15:48:00,4942,21.5797,21.58,21.585,21.585,21.57,81
2024-05-02 15:49:00,2148,21.5869,21.58,21.585,21.59,21.58,46
2024-05-02 15:50:00,16893,21.5791,21.585,21.59,21.59,21.57,176
2024-05-02 15:51:00,10843,21.5882,21.58,21.59,21.59,21.58,86
2024-05-02 15:52:00,5963,21.5785,21.58,21.58,21.58,21.57,61
2024-05-02 15:53:00,3216,21.5845,21.585,21.585,21.585,21.58,32
2024-05-02 15:54:00,2487,21.5848,21.585,21.58,21.585,21.58,35
2024-05-02 15:55:00,5699,21.5857,21.585,21.57,21.59,21.57,83
2024-05-02 15:56:00,186,21.5716,21.57,21.57,21.57,21.57,19
2024-05-02 15:57:00,7435,21.5634,21.575,21.57,21.575,21.555,77
2024-05-02 15:58:00,3877,21.5643,21.56,21.57,21.575,21.555,74
2024-05-02 15:59:00,3912,21.5735,21.57,21.575,21.585,21.57,58
2024-05-02 16:00:00,3578,21.5699,21.57,21.57,21.5799,21.565,60
2024-05-02 16:01:00,3848,21.5777,21.57,21.5749,21.58,21.57,61
2024-05-02 16:02:00,15020,21.5945,21.575,21.605,21.615,21.575,129
2024-05-02 16:03:00,1409,21.5956,21.6,21.605,21.605,21.6,20
2024-05-02 16:04:00,6807,21.6194,21.61,21.625,21.63,21.61,76
2024-05-02 16:05:00,16426,21.6415,21.625,21.65,21.66,21.62,169
2024-05-02 16:06:00,1625,21.655,21.655,21.655,21.66,21.65,28
2024-05-02 16:07:00,1147,21.655,21.655,21.655,21.655,21.655,18
2024-05-02 16:08:00,5884,21.6482,21.655,21.645,21.655,21.645,63
2024-05-02 16:09:00,6731,21.6386,21.645,21.635,21.65,21.63,86
2024-05-02 16:10:00,6138,21.6361,21.63,21.635,21.64,21.63,67
2024-05-02 16:11:00,6035,21.6249,21.635,21.615,21.635,21.615,70
2024-05-02 16:12:00,11613,21.6141,21.62,21.605,21.62,21.605,108
2024-05-02 16:13:00,16475,21.6222,21.605,21.635,21.64,21.605,162
2024-05-02 16:14:00,5328,21.6495,21.635,21.665,21.67,21.635,65
2024-05-02 16:15:00,4448,21.6736,21.665,21.695,21.695,21.66,56
2024-05-02 16:16:00,2848,21.704,21.695,21.72,21.72,21.695,48
2024-05-02 16:17:00,4910,21.7193,21.72,21.73,21.73,21.72,52
2024-05-02 16:18:00,6661,21.7141,21.72,21.7,21.725,21.7,60
2024-05-02 16:19:00,863,21.6945,21.695,21.695,21.695,21.695,19
2024-05-02 16:20:00,2294,21.6946,21.695,21.695,21.695,21.695,36
2024-05-02 16:21:00,5193,21.6913,21.695,21.69,21.695,21.685,75
2024-05-02 16:22:00,7600,21.699,21.695,21.695,21.7,21.695,105
2024-05-02 16:23:00,11781,21.6979,21.695,21.695,21.7,21.69,77
2024-05-02 16:24:00,4791,21.6992,21.695,21.695,21.71,21.695,65
2024-05-02 16:25:00,5767,21.6965,21.695,21.705,21.705,21.695,59
2024-05-02 16:26:00,1562,21.6979,21.705,21.695,21.705,21.695,26
2024-05-02 16:27:00,1436,21.6957,21.695,21.695,21.695,21.695,18
2024-05-02 16:28:00,1523,21.6951,21.695,21.695,21.695,21.695,22
2024-05-02 16:29:00,2569,21.6951,21.695,21.695,21.7,21.69,34
2024-05-02 16:30:00,9018,21.714,21.6975,21.715,21.73,21.695,115
2024-05-02 16:31:00,2714,21.7221,21.71,21.735,21.735,21.71,53
2024-05-02 16:32:00,1653,21.7381,21.74,21.735,21.74,21.735,30
2024-05-02 16:33:00,1344,21.7348,21.735,21.735,21.735,21.7325,17
2024-05-02 16:34:00,3513,21.7384,21.735,21.735,21.745,21.735,53
2024-05-02 16:35:00,2667,21.7391,21.735,21.745,21.745,21.73,48
2024-05-02 16:36:00,13532,21.734,21.74,21.715,21.75,21.715,116
2024-05-02 16:37:00,10620,21.7218,21.72,21.73,21.73,21.715,85
2024-05-02 16:38:00,2619,21.7308,21.725,21.735,21.735,21.725,41
2024-05-02 16:39:00,2492,21.736,21.735,21.735,21.74,21.735,39
2024-05-02 16:40:00,3665,21.7346,21.7375,21.735,21.7387,21.73,43
2024-05-02 16:41:00,1874,21.7339,21.735,21.735,21.735,21.735,26
2024-05-02 16:42:00,1965,21.7342,21.735,21.7344,21.7375,21.73,27
2024-05-02 16:43:00,11148,21.7225,21.735,21.73,21.735,21.715,121
2024-05-02 16:44:00,7079,21.7276,21.725,21.72,21.735,21.72,106
2024-05-02 16:45:00,2852,21.7193,21.72,21.71,21.72,21.71,48
2024-05-02 16:46:00,691,21.7139,21.715,21.715,21.715,21.71,15
2024-05-02 16:47:00,1525,21.7152,21.715,21.715,21.7175,21.715,28
2024-05-02 16:48:00,4456,21.7103,21.715,21.705,21.715,21.705,53
2024-05-02 16:49:00,1488,21.7015,21.7,21.705,21.705,21.7,32
2024-05-02 16:50:00,900,21.7043,21.705,21.705,21.71,21.7,23
2024-05-02 16:51:00,2004,21.7053,21.705,21.705,21.71,21.7,37
2024-05-02 16:52:00,5034,21.7112,21.705,21.715,21.7199,21.705,72
2024-05-02 16:53:00,3874,21.7124,21.715,21.715,21.7175,21.71,46
2024-05-02 16:54:00,1246,21.714,21.71,21.715,21.716,21.71,24
2024-05-02 16:55:00,22336,21.7225,21.71,21.735,21.74,21.71,159
2024-05-02 16:56:00,8141,21.7525,21.735,21.755,21.77,21.735,91
2024-05-02 16:58:00,5302,21.7618,21.76,21.775,21.775,21.7575,74
2024-05-02 16:59:00,1116,21.7754,21.775,21.775,21.775,21.775,24
2024-05-02 17:00:00,3942,21.7826,21.78,21.785,21.785,21.775,43
2024-05-02 17:01:00,6376,21.7766,21.785,21.77,21.785,21.77,82
2024-05-02 17:02:00,6391,21.7697,21.76,21.77,21.775,21.76,77
2024-05-02 17:03:00,9951,21.7698,21.775,21.765,21.775,21.76,45
2024-05-02 17:04:00,1045,21.7638,21.76,21.765,21.765,21.76,20
2024-05-02 17:05:00,6337,21.7561,21.765,21.75,21.765,21.745,71
2024-05-02 17:06:00,6677,21.7566,21.75,21.765,21.77,21.745,95
2024-05-02 17:07:00,2899,21.7654,21.765,21.765,21.7675,21.765,31
2024-05-02 17:08:00,1220,21.7645,21.765,21.765,21.765,21.765,18
2024-05-02 17:09:00,981,21.7655,21.765,21.765,21.77,21.765,18
2024-05-02 17:10:00,1443,21.7648,21.765,21.765,21.77,21.76,25
2024-05-02 17:11:00,4124,21.7699,21.765,21.775,21.775,21.765,49
2024-05-02 17:12:00,1351,21.7746,21.775,21.775,21.78,21.77,23
2024-05-02 17:13:00,8263,21.7777,21.78,21.775,21.78,21.775,44
2024-05-02 17:14:00,7210,21.7759,21.775,21.775,21.78,21.77,77
2024-05-02 17:15:00,19527,21.7674,21.775,21.77,21.78,21.755,192
2024-05-02 17:16:00,9100,21.7883,21.77,21.8,21.8,21.77,105
2024-05-02 17:17:00,8116,21.7944,21.8,21.785,21.8,21.78,87
2024-05-02 17:18:00,13024,21.7945,21.785,21.795,21.8,21.785,108
2024-05-02 17:19:00,10729,21.8077,21.795,21.805,21.815,21.795,123
2024-05-02 17:20:00,4467,21.7988,21.8,21.79,21.8,21.79,44
2024-05-02 17:21:00,5722,21.7864,21.79,21.795,21.795,21.78,72
2024-05-02 17:22:00,1268,21.7965,21.795,21.79,21.8,21.79,23
2024-05-02 17:23:00,551,21.7923,21.795,21.79,21.795,21.79,13
2024-05-02 17:24:00,2193,21.8004,21.8,21.805,21.805,21.795,38
2024-05-02 17:25:00,622,21.799,21.805,21.805,21.805,21.805,7
2024-05-02 17:26:00,10225,21.8182,21.81,21.815,21.83,21.81,131
2024-05-02 17:27:00,5762,21.8194,21.815,21.815,21.82,21.815,23
2024-05-02 17:28:00,2537,21.8095,21.815,21.81,21.815,21.8,33
2024-05-02 17:29:00,2246,21.8065,21.8025,21.81,21.81,21.8025,45
2024-05-02 17:30:00,9053,21.8035,21.81,21.795,21.82,21.795,78
2024-05-02 17:31:00,818,21.7949,21.795,21.795,21.795,21.79,11
2024-05-02 17:32:00,3141,21.7913,21.795,21.79,21.795,21.785,38
2024-05-02 17:33:00,3991,21.7901,21.785,21.79,21.795,21.785,56
2024-05-02 17:34:00,239,21.7822,21.7825,21.78,21.7825,21.78,6
2024-05-02 17:35:00,1572,21.7779,21.78,21.77,21.78,21.77,22
2024-05-02 17:36:00,1179,21.7805,21.775,21.78,21.78,21.77,20
2024-05-02 17:37:00,1900,21.7814,21.78,21.785,21.785,21.78,26
2024-05-02 17:38:00,2279,21.7857,21.785,21.785,21.7875,21.785,30
2024-05-02 17:39:00,8365,21.7754,21.7807,21.775,21.7807,21.77,74
2024-05-02 17:40:00,4604,21.7782,21.775,21.775,21.785,21.775,68
2024-05-02 17:41:00,3474,21.7798,21.775,21.785,21.785,21.775,59
2024-05-02 17:42:00,2970,21.7883,21.785,21.795,21.795,21.785,51
2024-05-02 17:43:00,3762,21.7951,21.795,21.795,21.795,21.795,38
2024-05-02 17:44:00,1455,21.8025,21.8,21.805,21.805,21.8,38
2024-05-02 17:45:00,1101,21.805,21.805,21.805,21.805,21.805,24
2024-05-02 17:46:00,782,21.8051,21.805,21.805,21.805,21.805,15
2024-05-02 17:47:00,1010,21.8045,21.805,21.805,21.805,21.8,19
2024-05-02 17:48:00,7238,21.7951,21.805,21.79,21.805,21.79,94
2024-05-02 17:49:00,3996,21.7856,21.795,21.78,21.795,21.775,64
2024-05-02 17:50:00,6690,21.7712,21.77,21.77,21.78,21.765,88
2024-05-02 17:51:00,3071,21.7752,21.78,21.775,21.78,21.775,49
2024-05-02 17:52:00,3777,21.7819,21.775,21.785,21.79,21.775,53
2024-05-02 17:53:00,4214,21.7891,21.785,21.795,21.8,21.785,65
2024-05-02 17:54:00,2562,21.7956,21.795,21.795,21.8,21.795,42
2024-05-02 17:55:00,1960,21.7961,21.795,21.795,21.8,21.795,39
2024-05-02 17:56:00,2647,21.7979,21.795,21.8,21.8,21.79,49
2024-05-02 17:57:00,1243,21.811,21.805,21.815,21.815,21.805,33
2024-05-02 17:58:00,9813,21.8222,21.82,21.835,21.84,21.82,123
2024-05-02 17:59:00,2157,21.8438,21.84,21.845,21.845,21.84,31
2024-05-02 18:00:00,1878,21.8446,21.845,21.845,21.845,21.84,27
2024-05-02 18:01:00,13192,21.8238,21.84,21.8,21.84,21.8,172
2024-05-02 18:02:00,4057,21.8088,21.8025,21.815,21.815,21.8,55
2024-05-02 18:03:00,4411,21.8093,21.815,21.815,21.815,21.805,65
2024-05-02 18:04:00,3795,21.8152,21.815,21.815,21.82,21.81,52
2024-05-02 18:05:00,4046,21.8175,21.815,21.825,21.825,21.815,54
2024-05-02 18:06:00,1455,21.8225,21.825,21.825,21.825,21.82,27
2024-05-02 18:07:00,2495,21.821,21.825,21.81,21.825,21.81,43
2024-05-02 18:08:00,1393,21.8155,21.81,21.82,21.82,21.81,17
2024-05-02 18:09:00,5702,21.8207,21.82,21.82,21.828,21.815,76
2024-05-02 18:10:00,4081,21.8268,21.82,21.825,21.83,21.82,61
2024-05-02 18:11:00,1668,21.8249,21.825,21.825,21.825,21.825,27
2024-05-02 18:12:00,3041,21.823,21.825,21.825,21.8275,21.82,30
2024-05-02 18:13:00,1823,21.8243,21.825,21.825,21.825,21.82,26
2024-05-02 18:14:00,1402,21.8243,21.82,21.825,21.825,21.82,26
2024-05-02 18:15:00,2345,21.8251,21.825,21.825,21.8275,21.82,37
2024-05-02 18:16:00,771,21.8251,21.825,21.825,21.825,21.825,19
2024-05-02 18:17:00,4384,21.8249,21.825,21.83,21.83,21.82,83
2024-05-02 18:18:00,3240,21.8254,21.825,21.825,21.83,21.825,56
2024-05-02 18:19:00,10054,21.8178,21.825,21.81,21.825,21.81,111
2024-05-02 18:20:00,5050,21.8001,21.81,21.795,21.81,21.79,74
2024-05-02 18:21:00,1233,21.7968,21.79,21.79,21.795,21.79,30
2024-05-02 18:22:00,6715,21.7899,21.79,21.79,21.795,21.785,75
2024-05-02 18:23:00,3134,21.7881,21.795,21.785,21.795,21.785,69
2024-05-02 18:24:00,742,21.7851,21.785,21.785,21.785,21.785,17
2024-05-02 18:25:00,1322,21.7851,21.785,21.785,21.785,21.785,33
2024-05-02 18:26:00,15156,21.7827,21.785,21.77,21.795,21.76,159
2024-05-02 18:27:00,1882,21.7657,21.765,21.765,21.77,21.765,35
2024-05-02 18:28:00,4627,21.7557,21.765,21.74,21.765,21.74,68
2024-05-02 18:29:00,6568,21.7443,21.735,21.75,21.76,21.735,78
2024-05-02 18:30:00,1289,21.7542,21.755,21.755,21.755,21.75,27
2024-05-02 18:31:00,1438,21.7547,21.755,21.75,21.755,21.75,18
2024-05-02 18:32:00,1811,21.7564,21.755,21.755,21.76,21.755,29
2024-05-02 18:33:00,1373,21.7538,21.755,21.755,21.755,21.75,28
2024-05-02 18:34:00,9289,21.7532,21.755,21.765,21.77,21.74,113
2024-05-02 18:35:00,1125,21.7628,21.765,21.765,21.765,21.76,17
2024-05-02 18:36:00,5206,21.7687,21.765,21.765,21.77,21.765,55
2024-05-02 18:37:00,751,21.765,21.765,21.765,21.765,21.765,16
2024-05-02 18:38:00,1412,21.7636,21.765,21.765,21.765,21.765,19
2024-05-02 18:39:00,831,21.765,21.765,21.765,21.765,21.765,19
2024-05-02 18:40:00,13772,21.7554,21.765,21.75,21.765,21.75,144
2024-05-02 18:41:00,6009,21.7491,21.75,21.755,21.755,21.7425,80
2024-05-02 18:42:00,4660,21.7502,21.755,21.75,21.755,21.745,51
2024-05-02 18:43:00,7993,21.7469,21.74,21.745,21.75,21.74,80
2024-05-02 18:44:00,1819,21.746,21.745,21.745,21.745,21.74,28
2024-05-02 18:45:00,1000,21.7443,21.75,21.745,21.75,21.74,21
2024-05-02 18:46:00,1966,21.7447,21.745,21.74,21.75,21.74,32
2024-05-02 18:47:00,1643,21.7463,21.745,21.745,21.75,21.745,32
2024-05-02 18:48:00,8398,21.7498,21.745,21.755,21.76,21.74,90
2024-05-02 18:49:00,1706,21.7544,21.755,21.755,21.76,21.75,34
2024-05-02 18:50:00,6517,21.748,21.755,21.73,21.755,21.73,81
2024-05-02 18:51:00,1476,21.7285,21.73,21.72,21.735,21.72,35
2024-05-02 18:52:00,2760,21.7266,21.725,21.725,21.73,21.72,34
2024-05-02 18:53:00,3200,21.7255,21.725,21.725,21.73,21.72,42
2024-05-02 18:54:00,9402,21.7159,21.725,21.7,21.725,21.7,108
2024-05-02 18:55:00,731,21.7009,21.7,21.7,21.7005,21.7,24
2024-05-02 18:56:00,894,21.7012,21.7,21.7,21.705,21.7,33
2024-05-02 18:57:00,7216,21.709,21.7,21.715,21.715,21.7,84
2024-05-02 18:58:00,6429,21.7166,21.71,21.715,21.72,21.71,58
2024-05-02 18:59:00,2532,21.7124,21.715,21.715,21.72,21.71,44
2024-05-02 19:00:00,2465,21.7134,21.72,21.72,21.72,21.71,40
2024-05-02 19:01:00,4246,21.71,21.71,21.7,21.72,21.7,53
2024-05-02 19:02:00,718,21.7055,21.705,21.705,21.705,21.705,20
2024-05-02 19:03:00,15232,21.7027,21.705,21.7,21.71,21.7,164
2024-05-02 19:04:00,1823,21.6993,21.7,21.695,21.7,21.695,26
2024-05-02 19:05:00,949,21.6968,21.6925,21.69,21.7,21.69,18
2024-05-02 19:06:00,2333,21.6975,21.7,21.6925,21.7,21.6925,31
2024-05-02 19:07:00,757,21.6972,21.69,21.695,21.695,21.69,21
2024-05-02 19:08:00,1088,21.7019,21.7,21.7,21.7,21.7,24
2024-05-02 19:09:00,5479,21.692,21.6907,21.695,21.695,21.69,53
2024-05-02 19:10:00,2387,21.6967,21.695,21.695,21.7,21.695,44
2024-05-02 19:11:00,1098,21.6962,21.695,21.6925,21.7,21.6925,25
2024-05-02 19:12:00,3712,21.6945,21.695,21.695,21.695,21.69,54
2024-05-02 19:13:00,6233,21.6894,21.69,21.68,21.695,21.68,91
2024-05-02 19:14:00,2257,21.684,21.68,21.685,21.685,21.68,41
2024-05-02 19:15:00,13283,21.6803,21.685,21.69,21.69,21.67,164
2024-05-02 19:16:00,3354,21.6857,21.6825,21.685,21.69,21.6825,42
2024-05-02 19:17:00,2285,21.683,21.685,21.685,21.685,21.68,42
2024-05-02 19:18:00,2913,21.6831,21.68,21.68,21.685,21.68,53
2024-05-02 19:19:00,3625,21.6836,21.68,21.68,21.685,21.68,47
2024-05-02 19:20:00,2566,21.6839,21.685,21.685,21.685,21.68,45
2024-05-02 19:21:00,10604,21.6763,21.685,21.66,21.685,21.66,132
2024-05-02 19:22:00,12682,21.6577,21.66,21.655,21.67,21.65,139
2024-05-02 19:23:00,1699,21.6531,21.655,21.655,21.655,21.65,47
2024-05-02 19:24:00,6792,21.6498,21.65,21.645,21.65,21.64,61
2024-05-02 19:25:00,8771,21.6529,21.65,21.655,21.66,21.65,88
2024-05-02 19:26:00,2010,21.6528,21.65,21.655,21.655,21.65,41
2024-05-02 19:27:00,6760,21.6498,21.65,21.64,21.655,21.64,77
2024-05-02 19:28:00,11888,21.6396,21.64,21.64,21.645,21.63,129
2024-05-02 19:29:00,9425,21.6412,21.635,21.645,21.65,21.635,117
2024-05-02 19:30:00,12296,21.6429,21.645,21.645,21.65,21.635,119
2024-05-02 19:31:00,7147,21.6494,21.645,21.645,21.655,21.645,81
2024-05-02 19:32:00,3095,21.6435,21.645,21.645,21.645,21.64,54
2024-05-02 19:33:00,2429,21.6432,21.64,21.645,21.645,21.64,51
2024-05-02 19:34:00,13706,21.6493,21.645,21.655,21.655,21.64,141
2024-05-02 19:35:00,13611,21.6501,21.655,21.655,21.66,21.64,138
2024-05-02 19:36:00,5140,21.6503,21.65,21.645,21.655,21.645,81
2024-05-02 19:37:00,3750,21.6447,21.645,21.645,21.645,21.64,62
2024-05-02 19:38:00,7008,21.6467,21.64,21.645,21.65,21.64,91
2024-05-02 19:39:00,3025,21.6459,21.6425,21.645,21.65,21.64,42
2024-05-02 19:40:00,10211,21.651,21.645,21.655,21.66,21.64,114
2024-05-02 19:41:00,4520,21.6546,21.66,21.65,21.66,21.65,67
2024-05-02 19:42:00,5230,21.6523,21.655,21.66,21.66,21.65,89
2024-05-02 19:43:00,4427,21.6532,21.655,21.655,21.655,21.65,76
2024-05-02 19:44:00,26324,21.6547,21.655,21.645,21.665,21.64,268
2024-05-02 19:45:00,6212,21.6476,21.645,21.6418,21.65,21.64,84
2024-05-02 19:46:00,20702,21.6502,21.645,21.655,21.655,21.645,195
2024-05-02 19:47:00,9209,21.6567,21.655,21.655,21.66,21.65,134
2024-05-02 19:48:00,4485,21.6545,21.66,21.655,21.66,21.655,60
2024-05-02 19:49:00,8942,21.6562,21.655,21.655,21.66,21.65,113
2024-05-02 19:50:00,22866,21.6577,21.66,21.665,21.665,21.65,259
2024-05-02 19:51:00,28293,21.6576,21.665,21.645,21.665,21.6425,170
2024-05-02 19:52:00,34134,21.6557,21.645,21.665,21.67,21.64,272
2024-05-02 19:53:00,11984,21.6654,21.665,21.665,21.67,21.665,107
2024-05-02 19:54:00,24023,21.6793,21.665,21.685,21.69,21.665,204
2024-05-02 19:55:00,57864,21.6938,21.685,21.7,21.7,21.685,435
2024-05-02 19:56:00,29860,21.6952,21.695,21.695,21.7,21.69,271
2024-05-02 19:57:00,56673,21.6866,21.695,21.675,21.7,21.67,393
2024-05-02 19:58:00,80179,21.6655,21.67,21.65,21.68,21.65,530
2024-05-02 19:59:00,199333,21.6293,21.65,21.61,21.66,21.61,938
2024-05-02 20:00:00,8525,21.62,21.62,21.62,21.62,21.62,6
2024-05-02 20:06:00,330,21.47,21.49,21.49,21.49,21.49,16
2024-05-02 20:07:00,5181,21.1698,21.15,21.52,21.52,21.15,8
2024-05-02 20:08:00,374,21.6198,21.62,21.62,21.62,21.62,5
2024-05-02 20:09:00,187,21.6686,21.66,21.66,21.66,21.66,2
2024-05-02 23:51:00,500,21.5,21.5,21.5,21.5,21.5,1
